INFO  Loading config from '/home/lc/algorithm_versa/src/BIEVR-LIO/results/round16_r3_parity/flatsurfaces_b0/config_used.yaml'.
INFO  Loading config from '/home/lc/algorithm_versa/src/BIEVR-LIO/config/sensor_configs/gamma.yaml'.
INFO  ================ BIEVR-LIO config ================
topics:
  pointcloud:           /livox/lidar
  imu:                  /livox/imu
max_num_threads:        automatic
lidar:
  min_range_m:          0.5
  max_range_m:          200
map:
  pixel_size_m:   0.05
  voxel_size_m:   0.5
  normal_tolerance_deg: 3
  max_size:             1500000
  smooth:               true
  weighted:             true
  frame:                odom
preprocess:
  downsample_res_m:     0.1
  informed_sampling:    true
optimization:
  huber_delta:          0.1
  img_residual:         true
  img_jacobian:         true
intensity (COIN-BIEVR):
  enabled:              false
  preprocessing:
    enabled:            true
    projection:         spherical
    image (w x h):      1024 x 64
    vertical_fov_deg:   50
    brightness_window:  0 x 0
    normalization_scale:140
    remove_lines:       false
    gaussian_blur:      false
    raw_intensity_scale:1
    use_ouster_lut:     false
  sampling:
    enabled:            true
    num_voxels:         100
    downsample_res_m:   0.1
    weak_eigen_ratio:   10
    normalize_eta:      true
    score_mode:         abs_components
  optimization:
    enabled:            true
    photometric_scale:  0.02
    shadow_diagnostics: false
    warmup_s:           10 (TBD safeguard)
imu:
  window_s:             10
  t_init:               0.2
  normalized:           -1
  frame:                imu
debug:
  publish_all_clouds:        false
  print_timing:         true
  print_debug:          false
  dashboard:            false
  log_path:             /home/lc/algorithm_versa/src/BIEVR-LIO/results/round16_r3_parity/flatsurfaces_b0/trajectory.tum
  intensity_diag_csv:   <none>
  photo_diag_csv:       <none>
calibration (LiDAR -> IMU):
  T_I_L t:  [0.04165, 0.02326, -0.0284]
  T_I_L R:  [1, 0, 0, 0, 1, 0, 0, 0, 1]
==================================================
INFO  Logging to /home/lc/algorithm_versa/src/BIEVR-LIO/results/round16_r3_parity/flatsurfaces_b0/trajectory.tum
INFO  BiasInitializer: autodetected IMU as raw (mean |acc| = 9.74089).
INFO  Bias initialized:  -0.00168627 -0.000299897   -0.0657378   0.00216163  -0.00157831 -0.000646488
INFO  Initial Pitch: -178.531
INFO  Initial Roll: -179.739
INFO  Timings:
SM Timing
-----------
00_conversion_livox	      4	00.054431	(00.013608 +- 00.000136)	[00.013400,00.013762]
01_filter          	      3	00.003666	(00.001222 +- 00.001293)	[00.000305,00.003050]
02_preint          	      1	00.000058	(00.000058 +- 00.000000)	[00.000058,00.000058]
03_undistortion    	      1	00.003113	(00.003113 +- 00.000000)	[00.003113,00.003113]
04_sampling        	      1	00.000942	(00.000942 +- 00.000000)	[00.000942,00.000942]
05_registration    	      1	00.001871	(00.001871 +- 00.000000)	[00.001871,00.001871]
06_map             	      1	00.001998	(00.001998 +- 00.000000)	[00.001998,00.001998]
07_imu_opt         	      1	00.000008	(00.000008 +- 00.000000)	[00.000008,00.000008]
08_publish         	      1	00.021591	(00.021591 +- 00.000000)	[00.021591,00.021591]
step               	      3	00.043122	(00.014374 +- 00.017975)	[00.000316,00.039745]

INFO  Timings:
SM Timing
-----------
00_conversion_livox	      5	00.069160	(00.013832 +- 00.000465)	[00.013400,00.014729]
01_filter          	      4	00.004062	(00.001015 +- 00.001175)	[00.000305,00.003050]
02_preint          	      2	00.000110	(00.000055 +- 00.000003)	[00.000052,00.000058]
03_undistortion    	      2	00.005802	(00.002901 +- 00.000212)	[00.002689,00.003113]
04_sampling        	      2	00.001706	(00.000853 +- 00.000088)	[00.000765,00.000942]
05_registration    	      2	00.003514	(00.001757 +- 00.000114)	[00.001643,00.001871]
06_map             	      2	00.003874	(00.001937 +- 00.000061)	[00.001876,00.001998]
07_imu_opt         	      2	00.000013	(00.000007 +- 00.000002)	[00.000005,00.000008]
08_publish         	      2	00.040121	(00.020060 +- 00.001530)	[00.018530,00.021591]
step               	      4	00.069144	(00.017286 +- 00.016364)	[00.000316,00.039745]

INFO  Timings:
SM Timing
-----------
00_conversion_livox	      6	00.083074	(00.013846 +- 00.000425)	[00.013400,00.014729]
01_filter          	      5	00.004589	(00.000918 +- 00.001069)	[00.000305,00.003050]
02_preint          	      3	00.000157	(00.000052 +- 00.000005)	[00.000046,00.000058]
03_undistortion    	      3	00.008079	(00.002693 +- 00.000341)	[00.002277,00.003113]
04_sampling        	      3	00.002782	(00.000927 +- 00.000127)	[00.000765,00.001076]
05_registration    	      3	00.006337	(00.002112 +- 00.000511)	[00.001643,00.002822]
06_map             	      3	00.005280	(00.001760 +- 00.000255)	[00.001406,00.001998]
07_imu_opt         	      3	00.000014	(00.000005 +- 00.000003)	[00.000001,00.000008]
08_publish         	      3	00.059698	(00.019899 +- 00.001270)	[00.018530,00.021591]
step               	      5	00.096939	(00.019388 +- 00.015228)	[00.000316,00.039745]

INFO  Timings:
SM Timing
-----------
00_conversion_livox	      7	00.099647	(00.014235 +- 00.001033)	[00.013400,00.016573]
01_filter          	      6	00.005002	(00.000834 +- 00.000994)	[00.000305,00.003050]
02_preint          	      4	00.000221	(00.000055 +- 00.000007)	[00.000046,00.000064]
03_undistortion    	      4	00.009230	(00.002307 +- 00.000730)	[00.001150,00.003113]
04_sampling        	      4	00.003835	(00.000959 +- 00.000123)	[00.000765,00.001076]
05_registration    	      4	00.010219	(00.002555 +- 00.000885)	[00.001643,00.003882]
06_map             	      4	00.006720	(00.001680 +- 00.000261)	[00.001406,00.001998]
07_imu_opt         	      4	00.000017	(00.000004 +- 00.000003)	[00.000001,00.000008]
08_publish         	      4	00.081285	(00.020321 +- 00.001321)	[00.018530,00.021591]
step               	      6	00.126609	(00.021102 +- 00.014420)	[00.000316,00.039745]

INFO  Timings:
SM Timing
-----------
00_conversion_livox	      8	00.116415	(00.014552 +- 00.001278)	[00.013400,00.016768]
01_filter          	      7	00.005420	(00.000774 +- 00.000932)	[00.000305,00.003050]
02_preint          	      5	00.000275	(00.000055 +- 00.000006)	[00.000046,00.000064]
03_undistortion    	      5	00.010459	(00.002092 +- 00.000783)	[00.001150,00.003113]
04_sampling        	      5	00.005427	(00.001085 +- 00.000276)	[00.000765,00.001592]
05_registration    	      5	00.011905	(00.002381 +- 00.000864)	[00.001643,00.003882]
06_map             	      5	00.008208	(00.001642 +- 00.000246)	[00.001406,00.001998]
07_imu_opt         	      5	00.000019	(00.000004 +- 00.000003)	[00.000001,00.000008]
08_publish         	      5	00.102156	(00.020431 +- 00.001202)	[00.018530,00.021591]
step               	      7	00.154020	(00.022003 +- 00.013531)	[00.000316,00.039745]

INFO  Timings:
SM Timing
-----------
00_conversion_livox	      9	00.132104	(00.014678 +- 00.001257)	[00.013400,00.016768]
01_filter          	      8	00.005825	(00.000728 +- 00.000880)	[00.000305,00.003050]
02_preint          	      6	00.000341	(00.000057 +- 00.000007)	[00.000046,00.000065]
03_undistortion    	      6	00.011683	(00.001947 +- 00.000784)	[00.001150,00.003113]
04_sampling        	      6	00.006519	(00.001087 +- 00.000252)	[00.000765,00.001592]
05_registration    	      6	00.014200	(00.002367 +- 00.000790)	[00.001643,00.003882]
06_map             	      6	00.009621	(00.001603 +- 00.000240)	[00.001406,00.001998]
07_imu_opt         	      6	00.000813	(00.000136 +- 00.000295)	[00.000001,00.000794]
08_publish         	      6	00.121755	(00.020292 +- 00.001140)	[00.018530,00.021591]
step               	      8	00.180987	(00.022623 +- 00.012763)	[00.000316,00.039745]

INFO  Timings:
SM Timing
-----------
00_conversion_livox	     10	00.147015	(00.014702 +- 00.001195)	[00.013400,00.016768]
01_filter          	      9	00.006209	(00.000690 +- 00.000837)	[00.000305,00.003050]
02_preint          	      7	00.000393	(00.000056 +- 00.000006)	[00.000046,00.000065]
03_undistortion    	      7	00.012944	(00.001849 +- 00.000765)	[00.001150,00.003113]
04_sampling        	      7	00.007542	(00.001077 +- 00.000235)	[00.000765,00.001592]
05_registration    	      7	00.018061	(00.002580 +- 00.000899)	[00.001643,00.003882]
06_map             	      7	00.011136	(00.001591 +- 00.000224)	[00.001406,00.001998]
07_imu_opt         	      7	00.001109	(00.000158 +- 00.000278)	[00.000001,00.000794]
08_publish         	      7	00.141780	(00.020254 +- 00.001059)	[00.018530,00.021591]
step               	      9	00.209477	(00.023275 +- 00.012174)	[00.000316,00.039745]

INFO  Timings:
SM Timing
-----------
00_conversion_livox	     11	00.163469	(00.014861 +- 00.001245)	[00.013400,00.016768]
01_filter          	     10	00.006610	(00.000661 +- 00.000799)	[00.000305,00.003050]
02_preint          	      8	00.000449	(00.000056 +- 00.000006)	[00.000046,00.000065]
03_undistortion    	      8	00.014275	(00.001784 +- 00.000736)	[00.001150,00.003113]
04_sampling        	      8	00.008956	(00.001119 +- 00.000246)	[00.000765,00.001592]
05_registration    	      8	00.019582	(00.002448 +- 00.000911)	[00.001521,00.003882]
06_map             	      8	00.012564	(00.001570 +- 00.000217)	[00.001406,00.001998]
07_imu_opt         	      8	00.001380	(00.000172 +- 00.000263)	[00.000001,00.000794]
08_publish         	      8	00.161736	(00.020217 +- 00.000996)	[00.018530,00.021591]
step               	     10	00.235935	(00.023594 +- 00.011589)	[00.000316,00.039745]

INFO  Timings:
SM Timing
-----------
00_conversion_livox	     12	00.178613	(00.014884 +- 00.001195)	[00.013400,00.016768]
01_filter          	     11	00.006979	(00.000634 +- 00.000766)	[00.000305,00.003050]
02_preint          	      9	00.000503	(00.000056 +- 00.000006)	[00.000046,00.000065]
03_undistortion    	      9	00.015523	(00.001725 +- 00.000714)	[00.001150,00.003113]
04_sampling        	      9	00.009980	(00.001109 +- 00.000234)	[00.000765,00.001592]
05_registration    	      9	00.022536	(00.002504 +- 00.000873)	[00.001521,00.003882]
06_map             	      9	00.014259	(00.001584 +- 00.000208)	[00.001406,00.001998]
07_imu_opt         	      9	00.001815	(00.000202 +- 00.000261)	[00.000001,00.000794]
08_publish         	      9	00.183030	(00.020337 +- 00.000998)	[00.018530,00.021591]
step               	     11	00.265081	(00.024098 +- 00.011164)	[00.000316,00.039745]

INFO  Timings:
SM Timing
-----------
00_conversion_livox	     13	00.194523	(00.014963 +- 00.001180)	[00.013400,00.016768]
01_filter          	     12	00.007378	(00.000615 +- 00.000736)	[00.000305,00.003050]
02_preint          	     10	00.000562	(00.000056 +- 00.000005)	[00.000046,00.000065]
03_undistortion    	     10	00.016838	(00.001684 +- 00.000688)	[00.001150,00.003113]
04_sampling        	     10	00.011069	(00.001107 +- 00.000222)	[00.000765,00.001592]
05_registration    	     10	00.024977	(00.002498 +- 00.000829)	[00.001521,00.003882]
06_map             	     10	00.016143	(00.001614 +- 00.000217)	[00.001406,00.001998]
07_imu_opt         	     10	00.002573	(00.000257 +- 00.000299)	[00.000001,00.000794]
08_publish         	     10	00.202515	(00.020251 +- 00.000981)	[00.018530,00.021591]
step               	     12	00.292578	(00.024382 +- 00.010730)	[00.000316,00.039745]

INFO  Timings:
SM Timing
-----------
00_conversion_livox	     14	00.209631	(00.014974 +- 00.001138)	[00.013400,00.016768]
01_filter          	     13	00.007838	(00.000603 +- 00.000709)	[00.000305,00.003050]
02_preint          	     11	00.000625	(00.000057 +- 00.000005)	[00.000046,00.000065]
03_undistortion    	     11	00.018107	(00.001646 +- 00.000667)	[00.001150,00.003113]
04_sampling        	     11	00.012129	(00.001103 +- 00.000212)	[00.000765,00.001592]
05_registration    	     11	00.028833	(00.002621 +- 00.000882)	[00.001521,00.003882]
06_map             	     11	00.018919	(00.001720 +- 00.000393)	[00.001406,00.002776]
07_imu_opt         	     11	00.003081	(00.000280 +- 00.000294)	[00.000001,00.000794]
08_publish         	     11	00.223253	(00.020296 +- 00.000946)	[00.018530,00.021591]
step               	     13	00.323393	(00.024876 +- 00.010450)	[00.000316,00.039745]

INFO  Timings:
SM Timing
-----------
00_conversion_livox	     15	00.225324	(00.015022 +- 00.001114)	[00.013400,00.016768]
01_filter          	     14	00.008341	(00.000596 +- 00.000683)	[00.000305,00.003050]
02_preint          	     12	00.000684	(00.000057 +- 00.000005)	[00.000046,00.000065]
03_undistortion    	     12	00.019119	(00.001593 +- 00.000662)	[00.001012,00.003113]
04_sampling        	     12	00.013095	(00.001091 +- 00.000207)	[00.000765,00.001592]
05_registration    	     12	00.030800	(00.002567 +- 00.000863)	[00.001521,00.003882]
06_map             	     12	00.020367	(00.001697 +- 00.000383)	[00.001406,00.002776]
07_imu_opt         	     12	00.003480	(00.000290 +- 00.000283)	[00.000001,00.000794]
08_publish         	     12	00.243457	(00.020288 +- 00.000906)	[00.018530,00.021591]
step               	     14	00.350030	(00.025002 +- 00.010081)	[00.000316,00.039745]

INFO  Timings:
SM Timing
-----------
00_conversion_livox	     16	00.241335	(00.015083 +- 00.001105)	[00.013400,00.016768]
01_filter          	     15	00.008756	(00.000584 +- 00.000662)	[00.000305,00.003050]
02_preint          	     13	00.000743	(00.000057 +- 00.000005)	[00.000046,00.000065]
03_undistortion    	     13	00.020228	(00.001556 +- 00.000649)	[00.001012,00.003113]
04_sampling        	     13	00.014293	(00.001099 +- 00.000200)	[00.000765,00.001592]
05_registration    	     13	00.034491	(00.002653 +- 00.000882)	[00.001521,00.003882]
06_map             	     13	00.022191	(00.001707 +- 00.000370)	[00.001406,00.002776]
07_imu_opt         	     13	00.004093	(00.000315 +- 00.000285)	[00.000001,00.000794]
08_publish         	     13	00.264865	(00.020374 +- 00.000920)	[00.018530,00.021591]
step               	     15	00.380432	(00.025362 +- 00.009831)	[00.000316,00.039745]

INFO  Timings:
SM Timing
-----------
00_conversion_livox	     17	00.256550	(00.015091 +- 00.001072)	[00.013400,00.016768]
01_filter          	     16	00.009078	(00.000567 +- 00.000644)	[00.000305,00.003050]
02_preint          	     14	00.000787	(00.000056 +- 00.000006)	[00.000044,00.000065]
03_undistortion    	     14	00.021173	(00.001512 +- 00.000645)	[00.000945,00.003113]
04_sampling        	     14	00.015279	(00.001091 +- 00.000195)	[00.000765,00.001592]
05_registration    	     14	00.036526	(00.002609 +- 00.000864)	[00.001521,00.003882]
06_map             	     14	00.023806	(00.001700 +- 00.000357)	[00.001406,00.002776]
07_imu_opt         	     14	00.004621	(00.000330 +- 00.000281)	[00.000001,00.000794]
08_publish         	     14	00.284694	(00.020335 +- 00.000897)	[00.018530,00.021591]
step               	     16	00.406819	(00.025426 +- 00.009522)	[00.000316,00.039745]

INFO  Timings:
SM Timing
-----------
00_conversion_livox	     18	00.272704	(00.015150 +- 00.001070)	[00.013400,00.016768]
01_filter          	     17	00.009607	(00.000565 +- 00.000625)	[00.000305,00.003050]
02_preint          	     15	00.000830	(00.000055 +- 00.000007)	[00.000043,00.000065]
03_undistortion    	     15	00.022447	(00.001496 +- 00.000626)	[00.000945,00.003113]
04_sampling        	     15	00.016195	(00.001080 +- 00.000194)	[00.000765,00.001592]
05_registration    	     15	00.038768	(00.002585 +- 00.000840)	[00.001521,00.003882]
06_map             	     15	00.025480	(00.001699 +- 00.000345)	[00.001406,00.002776]
07_imu_opt         	     15	00.005111	(00.000341 +- 00.000274)	[00.000001,00.000794]
08_publish         	     15	00.304933	(00.020329 +- 00.000867)	[00.018530,00.021591]
step               	     17	00.434320	(00.025548 +- 00.009251)	[00.000316,00.039745]

INFO  Timings:
SM Timing
-----------
00_conversion_livox	     19	00.287617	(00.015138 +- 00.001043)	[00.013400,00.016768]
01_filter          	     18	00.009965	(00.000554 +- 00.000609)	[00.000305,00.003050]
02_preint          	     16	00.000885	(00.000055 +- 00.000006)	[00.000043,00.000065]
03_undistortion    	     16	00.023511	(00.001469 +- 00.000615)	[00.000945,00.003113]
04_sampling        	     16	00.017068	(00.001067 +- 00.000194)	[00.000765,00.001592]
05_registration    	     16	00.040302	(00.002519 +- 00.000852)	[00.001521,00.003882]
06_map             	     16	00.026955	(00.001685 +- 00.000339)	[00.001406,00.002776]
07_imu_opt         	     16	00.005532	(00.000346 +- 00.000266)	[00.000001,00.000794]
08_publish         	     16	00.324976	(00.020311 +- 00.000843)	[00.018530,00.021591]
step               	     18	00.460209	(00.025567 +- 00.008991)	[00.000316,00.039745]

INFO  Timings:
SM Timing
-----------
00_conversion_livox	     20	00.303605	(00.015180 +- 00.001033)	[00.013400,00.016768]
01_filter          	     19	00.010341	(00.000544 +- 00.000594)	[00.000305,00.003050]
02_preint          	     17	00.000944	(00.000056 +- 00.000006)	[00.000043,00.000065]
03_undistortion    	     17	00.024844	(00.001461 +- 00.000598)	[00.000945,00.003113]
04_sampling        	     17	00.018142	(00.001067 +- 00.000188)	[00.000765,00.001592]
05_registration    	     17	00.042796	(00.002517 +- 00.000827)	[00.001521,00.003882]
06_map             	     17	00.028340	(00.001667 +- 00.000336)	[00.001386,00.002776]
07_imu_opt         	     17	00.006120	(00.000360 +- 00.000264)	[00.000001,00.000794]
08_publish         	     17	00.344905	(00.020289 +- 00.000822)	[00.018530,00.021591]
step               	     19	00.487531	(00.025660 +- 00.008760)	[00.000316,00.039745]

INFO  Timings:
SM Timing
-----------
00_conversion_livox	     21	00.318752	(00.015179 +- 00.001008)	[00.013400,00.016768]
01_filter          	     20	00.010667	(00.000533 +- 00.000581)	[00.000305,00.003050]
02_preint          	     18	00.001000	(00.000056 +- 00.000006)	[00.000043,00.000065]
03_undistortion    	     18	00.025950	(00.001442 +- 00.000586)	[00.000945,00.003113]
04_sampling        	     18	00.019230	(00.001068 +- 00.000183)	[00.000765,00.001592]
05_registration    	     18	00.044679	(00.002482 +- 00.000816)	[00.001521,00.003882]
06_map             	     18	00.029728	(00.001652 +- 00.000333)	[00.001386,00.002776]
07_imu_opt         	     18	00.006680	(00.000371 +- 00.000261)	[00.000001,00.000794]
08_publish         	     18	00.363223	(00.020179 +- 00.000918)	[00.018317,00.021591]
step               	     20	00.512319	(00.025616 +- 00.008540)	[00.000316,00.039745]

INFO  Timings:
SM Timing
-----------
00_conversion_livox	     22	00.332749	(00.015125 +- 00.001015)	[00.013400,00.016768]
01_filter          	     21	00.011063	(00.000527 +- 00.000568)	[00.000305,00.003050]
02_preint          	     19	00.001048	(00.000055 +- 00.000006)	[00.000043,00.000065]
03_undistortion    	     19	00.027119	(00.001427 +- 00.000574)	[00.000945,00.003113]
04_sampling        	     19	00.020155	(00.001061 +- 00.000181)	[00.000765,00.001592]
05_registration    	     19	00.047413	(00.002495 +- 00.000797)	[00.001521,00.003882]
06_map             	     19	00.031573	(00.001662 +- 00.000327)	[00.001386,00.002776]
07_imu_opt         	     19	00.007252	(00.000382 +- 00.000258)	[00.000001,00.000794]
08_publish         	     19	00.381009	(00.020053 +- 00.001041)	[00.017787,00.021591]
step               	     21	00.537879	(00.025613 +- 00.008334)	[00.000316,00.039745]

INFO  Timings:
SM Timing
-----------
00_conversion_livox	     23	00.346484	(00.015065 +- 00.001033)	[00.013400,00.016768]
01_filter          	     22	00.011386	(00.000518 +- 00.000556)	[00.000305,00.003050]
02_preint          	     20	00.001102	(00.000055 +- 00.000006)	[00.000043,00.000065]
03_undistortion    	     20	00.028173	(00.001409 +- 00.000565)	[00.000945,00.003113]
04_sampling        	     20	00.021438	(00.001072 +- 00.000183)	[00.000765,00.001592]
05_registration    	     20	00.050988	(00.002549 +- 00.000811)	[00.001521,00.003882]
06_map             	     20	00.033141	(00.001657 +- 00.000319)	[00.001386,00.002776]
07_imu_opt         	     20	00.007749	(00.000387 +- 00.000253)	[00.000001,00.000794]
08_publish         	     20	00.400858	(00.020043 +- 00.001016)	[00.017787,00.021591]
step               	     22	00.566167	(00.025735 +- 00.008162)	[00.000316,00.039745]

INFO  Timings:
SM Timing
-----------
00_conversion_livox	     24	00.363388	(00.015141 +- 00.001076)	[00.013400,00.016903]
01_filter          	     23	00.011832	(00.000514 +- 00.000544)	[00.000305,00.003050]
02_preint          	     21	00.001164	(00.000055 +- 00.000006)	[00.000043,00.000065]
03_undistortion    	     21	00.029465	(00.001403 +- 00.000552)	[00.000945,00.003113]
04_sampling        	     21	00.022634	(00.001078 +- 00.000181)	[00.000765,00.001592]
05_registration    	     21	00.053970	(00.002570 +- 00.000797)	[00.001521,00.003882]
06_map             	     21	00.034679	(00.001651 +- 00.000312)	[00.001386,00.002776]
07_imu_opt         	     21	00.008486	(00.000404 +- 00.000257)	[00.000001,00.000794]
08_publish         	     21	00.422766	(00.020132 +- 00.001068)	[00.017787,00.021908]
step               	     23	00.596405	(00.025931 +- 00.008035)	[00.000316,00.039745]

INFO  Timings:
SM Timing
-----------
00_conversion_livox	     25	00.380514	(00.015221 +- 00.001123)	[00.013400,00.017127]
01_filter          	     24	00.012257	(00.000511 +- 00.000533)	[00.000305,00.003050]
02_preint          	     22	00.001235	(00.000056 +- 00.000007)	[00.000043,00.000071]
03_undistortion    	     22	00.030694	(00.001395 +- 00.000541)	[00.000945,00.003113]
04_sampling        	     22	00.024152	(00.001098 +- 00.000199)	[00.000765,00.001592]
05_registration    	     22	00.056611	(00.002573 +- 00.000779)	[00.001521,00.003882]
06_map             	     22	00.036530	(00.001660 +- 00.000308)	[00.001386,00.002776]
07_imu_opt         	     22	00.009149	(00.000416 +- 00.000257)	[00.000001,00.000794]
08_publish         	     22	00.446607	(00.020300 +- 00.001298)	[00.017787,00.023841]
step               	     24	00.628779	(00.026199 +- 00.007970)	[00.000316,00.039745]

INFO  Timings:
SM Timing
-----------
00_conversion_livox	     26	00.397996	(00.015308 +- 00.001184)	[00.013400,00.017482]
01_filter          	     25	00.012683	(00.000507 +- 00.000522)	[00.000305,00.003050]
02_preint          	     23	00.001294	(00.000056 +- 00.000007)	[00.000043,00.000071]
03_undistortion    	     23	00.031887	(00.001386 +- 00.000531)	[00.000945,00.003113]
04_sampling        	     23	00.025297	(00.001100 +- 00.000195)	[00.000765,00.001592]
05_registration    	     23	00.058198	(00.002530 +- 00.000788)	[00.001521,00.003882]
06_map             	     23	00.038137	(00.001658 +- 00.000302)	[00.001386,00.002776]
07_imu_opt         	     23	00.009641	(00.000419 +- 00.000252)	[00.000001,00.000794]
08_publish         	     23	00.468023	(00.020349 +- 00.001290)	[00.017787,00.023841]
step               	     25	00.656784	(00.026271 +- 00.007817)	[00.000316,00.039745]

INFO  Timings:
SM Timing
-----------
00_conversion_livox	     26	00.397996	(00.015308 +- 00.001184)	[00.013400,00.017482]
01_filter          	     26	00.013133	(00.000505 +- 00.000512)	[00.000305,00.003050]
02_preint          	     24	00.001358	(00.000057 +- 00.000007)	[00.000043,00.000071]
03_undistortion    	     24	00.033179	(00.001382 +- 00.000520)	[00.000945,00.003113]
04_sampling        	     24	00.026231	(00.001093 +- 00.000193)	[00.000765,00.001592]
05_registration    	     24	00.059743	(00.002489 +- 00.000796)	[00.001521,00.003882]
06_map             	     24	00.039861	(00.001661 +- 00.000295)	[00.001386,00.002776]
07_imu_opt         	     24	00.010103	(00.000421 +- 00.000247)	[00.000001,00.000794]
08_publish         	     24	00.488921	(00.020372 +- 00.001267)	[00.017787,00.023841]
step               	     26	00.684220	(00.026316 +- 00.007669)	[00.000316,00.039745]

INFO  Timings:
SM Timing
-----------
00_conversion_livox	     28	00.426866	(00.015245 +- 00.001188)	[00.013400,00.017482]
01_filter          	     27	00.013482	(00.000499 +- 00.000504)	[00.000305,00.003050]
02_preint          	     25	00.001405	(00.000056 +- 00.000007)	[00.000043,00.000071]
03_undistortion    	     25	00.034286	(00.001371 +- 00.000512)	[00.000945,00.003113]
04_sampling        	     25	00.027281	(00.001091 +- 00.000190)	[00.000765,00.001592]
05_registration    	     25	00.061958	(00.002478 +- 00.000782)	[00.001521,00.003882]
06_map             	     25	00.041270	(00.001651 +- 00.000294)	[00.001386,00.002776]
07_imu_opt         	     25	00.010763	(00.000431 +- 00.000246)	[00.000001,00.000794]
08_publish         	     25	00.506611	(00.020264 +- 00.001348)	[00.017689,00.023841]
step               	     27	00.708814	(00.026252 +- 00.007532)	[00.000316,00.039745]

INFO  Timings:
SM Timing
-----------
00_conversion_livox	     29	00.440987	(00.015206 +- 00.001185)	[00.013400,00.017482]
01_filter          	     28	00.013895	(00.000496 +- 00.000495)	[00.000305,00.003050]
02_preint          	     26	00.001459	(00.000056 +- 00.000007)	[00.000043,00.000071]
03_undistortion    	     26	00.035482	(00.001365 +- 00.000503)	[00.000945,00.003113]
04_sampling        	     26	00.028321	(00.001089 +- 00.000186)	[00.000765,00.001592]
05_registration    	     26	00.065822	(00.002532 +- 00.000812)	[00.001521,00.003882]
06_map             	     26	00.042856	(00.001648 +- 00.000288)	[00.001386,00.002776]
07_imu_opt         	     26	00.011385	(00.000438 +- 00.000244)	[00.000001,00.000794]
08_publish         	     26	00.526815	(00.020262 +- 00.001322)	[00.017689,00.023841]
step               	     28	00.737870	(00.026352 +- 00.007415)	[00.000316,00.039745]

INFO  Timings:
SM Timing
-----------
00_conversion_livox	     30	00.456202	(00.015207 +- 00.001165)	[00.013400,00.017482]
01_filter          	     29	00.014256	(00.000492 +- 00.000487)	[00.000305,00.003050]
02_preint          	     27	00.001514	(00.000056 +- 00.000007)	[00.000043,00.000071]
03_undistortion    	     27	00.036721	(00.001360 +- 00.000494)	[00.000945,00.003113]
04_sampling        	     27	00.029422	(00.001090 +- 00.000183)	[00.000765,00.001592]
05_registration    	     27	00.067869	(00.002514 +- 00.000802)	[00.001521,00.003882]
06_map             	     27	00.044425	(00.001645 +- 00.000283)	[00.001386,00.002776]
07_imu_opt         	     27	00.012267	(00.000454 +- 00.000254)	[00.000001,00.000882]
08_publish         	     27	00.548910	(00.020330 +- 00.001343)	[00.017689,00.023841]
step               	     29	00.767302	(00.026459 +- 00.007308)	[00.000316,00.039745]

INFO  Timings:
SM Timing
-----------
00_conversion_livox	     31	00.476181	(00.015361 +- 00.001423)	[00.013400,00.019978]
01_filter          	     30	00.014718	(00.000491 +- 00.000479)	[00.000305,00.003050]
02_preint          	     28	00.001590	(00.000057 +- 00.000008)	[00.000043,00.000076]
03_undistortion    	     28	00.038094	(00.001360 +- 00.000486)	[00.000945,00.003113]
04_sampling        	     28	00.030273	(00.001081 +- 00.000185)	[00.000765,00.001592]
05_registration    	     28	00.069488	(00.002482 +- 00.000805)	[00.001521,00.003882]
06_map             	     28	00.045918	(00.001640 +- 00.000280)	[00.001386,00.002776]
07_imu_opt         	     28	00.013047	(00.000466 +- 00.000257)	[00.000001,00.000882]
08_publish         	     28	00.566991	(00.020250 +- 00.001383)	[00.017689,00.023841]
step               	     30	00.792139	(00.026405 +- 00.007191)	[00.000316,00.039745]

INFO  Timings:
SM Timing
-----------
00_conversion_livox	     32	00.490003	(00.015313 +- 00.001426)	[00.013400,00.019978]
01_filter          	     31	00.015059	(00.000486 +- 00.000472)	[00.000305,00.003050]
02_preint          	     29	00.001643	(00.000057 +- 00.000007)	[00.000043,00.000076]
03_undistortion    	     29	00.039292	(00.001355 +- 00.000478)	[00.000945,00.003113]
04_sampling        	     29	00.031208	(00.001076 +- 00.000184)	[00.000765,00.001592]
05_registration    	     29	00.070832	(00.002442 +- 00.000817)	[00.001344,00.003882]
06_map             	     29	00.047209	(00.001628 +- 00.000282)	[00.001291,00.002776]
07_imu_opt         	     29	00.013508	(00.000466 +- 00.000252)	[00.000001,00.000882]
08_publish         	     29	00.584100	(00.020141 +- 00.001475)	[00.017109,00.023841]
step               	     31	00.814938	(00.026288 +- 00.007102)	[00.000316,00.039745]

INFO  Timings:
SM Timing
-----------
00_conversion_livox	     33	00.503716	(00.015264 +- 00.001431)	[00.013400,00.019978]
01_filter          	     32	00.015504	(00.000484 +- 00.000464)	[00.000305,00.003050]
02_preint          	     30	00.001688	(00.000056 +- 00.000008)	[00.000043,00.000076]
03_undistortion    	     30	00.040416	(00.001347 +- 00.000472)	[00.000945,00.003113]
04_sampling        	     30	00.032154	(00.001072 +- 00.000182)	[00.000765,00.001592]
05_registration    	     30	00.073947	(00.002465 +- 00.000813)	[00.001344,00.003882]
06_map             	     30	00.048604	(00.001620 +- 00.000280)	[00.001291,00.002776]
07_imu_opt         	     30	00.014138	(00.000471 +- 00.000250)	[00.000001,00.000882]
08_publish         	     30	00.602296	(00.020077 +- 00.001492)	[00.017109,00.023841]
step               	     32	00.840905	(00.026278 +- 00.006991)	[00.000316,00.039745]

INFO  Timings:
SM Timing
-----------
00_conversion_livox	     34	00.518268	(00.015243 +- 00.001415)	[00.013400,00.019978]
01_filter          	     33	00.015978	(00.000484 +- 00.000457)	[00.000305,00.003050]
02_preint          	     31	00.001733	(00.000056 +- 00.000008)	[00.000043,00.000076]
03_undistortion    	     31	00.041738	(00.001346 +- 00.000464)	[00.000945,00.003113]
04_sampling        	     31	00.033082	(00.001067 +- 00.000181)	[00.000765,00.001592]
05_registration    	     31	00.075626	(00.002440 +- 00.000811)	[00.001344,00.003882]
06_map             	     31	00.050091	(00.001616 +- 00.000277)	[00.001291,00.002776]
07_imu_opt         	     31	00.014809	(00.000478 +- 00.000248)	[00.000001,00.000882]
08_publish         	     31	00.624815	(00.020155 +- 00.001530)	[00.017109,00.023841]
step               	     33	00.870104	(00.026367 +- 00.006902)	[00.000316,00.039745]

INFO  Timings:
SM Timing
-----------
00_conversion_livox	     35	00.531628	(00.015189 +- 00.001429)	[00.013360,00.019978]
01_filter          	     34	00.016540	(00.000486 +- 00.000451)	[00.000305,00.003050]
02_preint          	     32	00.001788	(00.000056 +- 00.000008)	[00.000043,00.000076]
03_undistortion    	     32	00.043219	(00.001351 +- 00.000457)	[00.000945,00.003113]
04_sampling        	     32	00.034044	(00.001064 +- 00.000179)	[00.000765,00.001592]
05_registration    	     32	00.077432	(00.002420 +- 00.000806)	[00.001344,00.003882]
06_map             	     32	00.051566	(00.001611 +- 00.000274)	[00.001291,00.002776]
07_imu_opt         	     32	00.015597	(00.000487 +- 00.000250)	[00.000001,00.000882]
08_publish         	     32	00.642036	(00.020064 +- 00.001590)	[00.017109,00.023841]
step               	     34	00.894518	(00.026309 +- 00.006808)	[00.000316,00.039745]

INFO  Timings:
SM Timing
-----------
00_conversion_livox	     36	00.545072	(00.015141 +- 00.001438)	[00.013360,00.019978]
01_filter          	     35	00.016940	(00.000484 +- 00.000444)	[00.000305,00.003050]
02_preint          	     33	00.001837	(00.000056 +- 00.000008)	[00.000043,00.000076]
03_undistortion    	     33	00.044720	(00.001355 +- 00.000451)	[00.000945,00.003113]
04_sampling        	     33	00.041611	(00.001261 +- 00.001129)	[00.000765,00.007567]
05_registration    	     33	00.080625	(00.002443 +- 00.000805)	[00.001344,00.003882]
06_map             	     33	00.053107	(00.001609 +- 00.000270)	[00.001291,00.002776]
07_imu_opt         	     33	00.016653	(00.000505 +- 00.000265)	[00.000001,00.001055]
08_publish         	     33	00.663518	(00.020107 +- 00.001584)	[00.017109,00.023841]
step               	     35	00.931661	(00.026619 +- 00.006949)	[00.000316,00.039745]

INFO  Timings:
SM Timing
-----------
00_conversion_livox	     37	00.561449	(00.015174 +- 00.001433)	[00.013360,00.019978]
01_filter          	     36	00.017363	(00.000482 +- 00.000438)	[00.000305,00.003050]
02_preint          	     34	00.001888	(00.000056 +- 00.000007)	[00.000043,00.000076]
03_undistortion    	     34	00.045922	(00.001351 +- 00.000445)	[00.000945,00.003113]
04_sampling        	     34	00.042670	(00.001255 +- 00.001112)	[00.000765,00.007567]
05_registration    	     34	00.083895	(00.002467 +- 00.000805)	[00.001344,00.003882]
06_map             	     34	00.054741	(00.001610 +- 00.000266)	[00.001291,00.002776]
07_imu_opt         	     34	00.017471	(00.000514 +- 00.000266)	[00.000001,00.001055]
08_publish         	     34	00.685119	(00.020151 +- 00.001581)	[00.017109,00.023841]
step               	     36	00.961790	(00.026716 +- 00.006876)	[00.000316,00.039745]

INFO  Timings:
SM Timing
-----------
00_conversion_livox	     38	00.580587	(00.015279 +- 00.001550)	[00.013360,00.019978]
01_filter          	     37	00.017877	(00.000483 +- 00.000432)	[00.000305,00.003050]
02_preint          	     35	00.001957	(00.000056 +- 00.000008)	[00.000043,00.000076]
03_undistortion    	     35	00.047443	(00.001356 +- 00.000440)	[00.000945,00.003113]
04_sampling        	     35	00.043957	(00.001256 +- 00.001096)	[00.000765,00.007567]
05_registration    	     35	00.086370	(00.002468 +- 00.000794)	[00.001344,00.003882]
06_map             	     35	00.056639	(00.001618 +- 00.000266)	[00.001291,00.002776]
07_imu_opt         	     35	00.018609	(00.000532 +- 00.000282)	[00.000001,00.001139]
08_publish         	     35	00.708819	(00.020252 +- 00.001667)	[00.017109,00.023841]
step               	     37	00.994487	(00.026878 +- 00.006851)	[00.000316,00.039745]

INFO  Timings:
SM Timing
-----------
00_conversion_livox	     39	00.598314	(00.015341 +- 00.001578)	[00.013360,00.019978]
01_filter          	     38	00.018317	(00.000482 +- 00.000427)	[00.000305,00.003050]
02_preint          	     36	00.002015	(00.000056 +- 00.000008)	[00.000043,00.000076]
03_undistortion    	     36	00.048711	(00.001353 +- 00.000434)	[00.000945,00.003113]
04_sampling        	     36	00.045064	(00.001252 +- 00.001081)	[00.000765,00.007567]
05_registration    	     36	00.087929	(00.002442 +- 00.000797)	[00.001344,00.003882]
06_map             	     36	00.058079	(00.001613 +- 00.000264)	[00.001291,00.002776]
07_imu_opt         	     36	00.019271	(00.000535 +- 00.000279)	[00.000001,00.001139]
08_publish         	     36	00.729884	(00.020275 +- 00.001649)	[00.017109,00.023841]
step               	     38	01.022168	(00.026899 +- 00.006762)	[00.000316,00.039745]

INFO  Timings:
SM Timing
-----------
00_conversion_livox	     40	00.614246	(00.015356 +- 00.001561)	[00.013360,00.019978]
01_filter          	     39	00.018761	(00.000481 +- 00.000421)	[00.000305,00.003050]
02_preint          	     37	00.002071	(00.000056 +- 00.000008)	[00.000043,00.000076]
03_undistortion    	     37	00.049954	(00.001350 +- 00.000428)	[00.000945,00.003113]
04_sampling        	     37	00.046748	(00.001263 +- 00.001069)	[00.000765,00.007567]
05_registration    	     37	00.092666	(00.002504 +- 00.000869)	[00.001344,00.004737]
06_map             	     37	00.059859	(00.001618 +- 00.000262)	[00.001291,00.002776]
07_imu_opt         	     37	00.020275	(00.000548 +- 00.000286)	[00.000001,00.001139]
08_publish         	     37	00.753253	(00.020358 +- 00.001702)	[00.017109,00.023841]
step               	     39	01.056563	(00.027091 +- 00.006779)	[00.000316,00.039745]

INFO  Timings:
SM Timing
-----------
00_conversion_livox	     41	00.633024	(00.015440 +- 00.001629)	[00.013360,00.019978]
01_filter          	     40	00.019232	(00.000481 +- 00.000416)	[00.000305,00.003050]
02_preint          	     38	00.002138	(00.000056 +- 00.000008)	[00.000043,00.000076]
03_undistortion    	     38	00.051274	(00.001349 +- 00.000423)	[00.000945,00.003113]
04_sampling        	     38	00.048225	(00.001269 +- 00.001055)	[00.000765,00.007567]
05_registration    	     38	00.096558	(00.002541 +- 00.000886)	[00.001344,00.004737]
06_map             	     38	00.061588	(00.001621 +- 00.000259)	[00.001291,00.002776]
07_imu_opt         	     38	00.021219	(00.000558 +- 00.000289)	[00.000001,00.001139]
08_publish         	     38	00.777609	(00.020463 +- 00.001797)	[00.017109,00.024356]
step               	     40	01.090901	(00.027273 +- 00.006788)	[00.000316,00.039745]

INFO  Timings:
SM Timing
-----------
00_conversion_livox	     42	00.651695	(00.015517 +- 00.001684)	[00.013360,00.019978]
01_filter          	     41	00.019699	(00.000480 +- 00.000411)	[00.000305,00.003050]
02_preint          	     39	00.002207	(00.000057 +- 00.000008)	[00.000043,00.000076]
03_undistortion    	     39	00.052815	(00.001354 +- 00.000418)	[00.000945,00.003113]
04_sampling        	     39	00.049497	(00.001269 +- 00.001042)	[00.000765,00.007567]
05_registration    	     39	00.101017	(00.002590 +- 00.000926)	[00.001344,00.004737]
06_map             	     39	00.063644	(00.001632 +- 00.000265)	[00.001291,00.002776]
07_imu_opt         	     39	00.022627	(00.000580 +- 00.000315)	[00.000001,00.001408]
08_publish         	     39	00.804569	(00.020630 +- 00.002050)	[00.017109,00.026960]
step               	     41	01.129219	(00.027542 +- 00.006918)	[00.000316,00.039745]

INFO  Timings:
SM Timing
-----------
00_conversion_livox	     43	00.671534	(00.015617 +- 00.001787)	[00.013360,00.019978]
01_filter          	     42	00.020215	(00.000481 +- 00.000406)	[00.000305,00.003050]
02_preint          	     40	00.002277	(00.000057 +- 00.000008)	[00.000043,00.000076]
03_undistortion    	     40	00.054104	(00.001353 +- 00.000413)	[00.000945,00.003113]
04_sampling        	     40	00.050793	(00.001270 +- 00.001029)	[00.000765,00.007567]
05_registration    	     40	00.103544	(00.002589 +- 00.000914)	[00.001344,00.004737]
06_map             	     40	00.065280	(00.001632 +- 00.000262)	[00.001291,00.002776]
07_imu_opt         	     40	00.023904	(00.000598 +- 00.000330)	[00.000001,00.001408]
08_publish         	     40	00.829232	(00.020731 +- 00.002120)	[00.017109,00.026960]
step               	     42	01.162575	(00.027680 +- 00.006892)	[00.000316,00.039745]

INFO  Timings:
SM Timing
-----------
00_conversion_livox	     44	00.690799	(00.015700 +- 00.001848)	[00.013360,00.019978]
01_filter          	     43	00.020761	(00.000483 +- 00.000401)	[00.000305,00.003050]
02_preint          	     41	00.002343	(00.000057 +- 00.000008)	[00.000043,00.000076]
03_undistortion    	     41	00.055460	(00.001353 +- 00.000408)	[00.000945,00.003113]
04_sampling        	     41	00.052052	(00.001270 +- 00.001016)	[00.000765,00.007567]
05_registration    	     41	00.105382	(00.002570 +- 00.000910)	[00.001344,00.004737]
06_map             	     41	00.066900	(00.001632 +- 00.000258)	[00.001291,00.002776]
07_imu_opt         	     41	00.025096	(00.000612 +- 00.000338)	[00.000001,00.001408]
08_publish         	     41	00.852460	(00.020792 +- 00.002129)	[00.017109,00.026960]
step               	     43	01.193763	(00.027762 +- 00.006832)	[00.000316,00.039745]

INFO  Timings:
SM Timing
-----------
00_conversion_livox	     45	00.709422	(00.015765 +- 00.001878)	[00.013360,00.019978]
01_filter          	     44	00.021249	(00.000483 +- 00.000397)	[00.000305,00.003050]
02_preint          	     42	00.002404	(00.000057 +- 00.000008)	[00.000043,00.000076]
03_undistortion    	     42	00.056842	(00.001353 +- 00.000403)	[00.000945,00.003113]
04_sampling        	     42	00.053372	(00.001271 +- 00.001004)	[00.000765,00.007567]
05_registration    	     42	00.108187	(00.002576 +- 00.000900)	[00.001344,00.004737]
06_map             	     42	00.069978	(00.001666 +- 00.000337)	[00.001291,00.003079]
07_imu_opt         	     42	00.026429	(00.000629 +- 00.000352)	[00.000001,00.001408]
08_publish         	     42	00.877998	(00.020905 +- 00.002224)	[00.017109,00.026960]
step               	     44	01.229858	(00.027951 +- 00.006867)	[00.000316,00.039745]

INFO  Timings:
SM Timing
-----------
00_conversion_livox	     46	00.728238	(00.015831 +- 00.001910)	[00.013360,00.019978]
01_filter          	     45	00.021713	(00.000483 +- 00.000392)	[00.000305,00.003050]
02_preint          	     43	00.002466	(00.000057 +- 00.000008)	[00.000043,00.000076]
03_undistortion    	     43	00.058107	(00.001351 +- 00.000399)	[00.000945,00.003113]
04_sampling        	     43	00.054582	(00.001269 +- 00.000992)	[00.000765,00.007567]
05_registration    	     43	00.110507	(00.002570 +- 00.000891)	[00.001344,00.004737]
06_map             	     43	00.071563	(00.001664 +- 00.000334)	[00.001291,00.003079]
07_imu_opt         	     43	00.027474	(00.000639 +- 00.000353)	[00.000001,00.001408]
08_publish         	     43	00.901223	(00.020959 +- 00.002226)	[00.017109,00.026960]
step               	     45	01.261130	(00.028025 +- 00.006808)	[00.000316,00.039745]

INFO  Timings:
SM Timing
-----------
00_conversion_livox	     47	00.747292	(00.015900 +- 00.001946)	[00.013360,00.019978]
01_filter          	     46	00.022238	(00.000483 +- 00.000388)	[00.000305,00.003050]
02_preint          	     44	00.002540	(00.000058 +- 00.000008)	[00.000043,00.000076]
03_undistortion    	     44	00.059706	(00.001357 +- 00.000396)	[00.000945,00.003113]
04_sampling        	     44	00.055894	(00.001270 +- 00.000981)	[00.000765,00.007567]
05_registration    	     44	00.113382	(00.002577 +- 00.000882)	[00.001344,00.004737]
06_map             	     44	00.073672	(00.001674 +- 00.000336)	[00.001291,00.003079]
07_imu_opt         	     44	00.028603	(00.000650 +- 00.000357)	[00.000001,00.001408]
08_publish         	     44	00.927368	(00.021077 +- 00.002332)	[00.017109,00.026960]
step               	     46	01.296997	(00.028196 +- 00.006830)	[00.000316,00.039745]

INFO  Timings:
SM Timing
-----------
00_conversion_livox	     48	00.766358	(00.015966 +- 00.001978)	[00.013360,00.019978]
01_filter          	     47	00.022674	(00.000482 +- 00.000384)	[00.000305,00.003050]
02_preint          	     45	00.002606	(00.000058 +- 00.000008)	[00.000043,00.000076]
03_undistortion    	     45	00.060931	(00.001354 +- 00.000392)	[00.000945,00.003113]
04_sampling        	     45	00.057051	(00.001268 +- 00.000970)	[00.000765,00.007567]
05_registration    	     45	00.115937	(00.002576 +- 00.000872)	[00.001344,00.004737]
06_map             	     45	00.075606	(00.001680 +- 00.000335)	[00.001291,00.003079]
07_imu_opt         	     45	00.029746	(00.000661 +- 00.000360)	[00.000001,00.001408]
08_publish         	     45	00.952372	(00.021164 +- 00.002378)	[00.017109,00.026960]
step               	     47	01.330600	(00.028311 +- 00.006802)	[00.000316,00.039745]

INFO  Timings:
SM Timing
-----------
00_conversion_livox	     49	00.785371	(00.016028 +- 00.002004)	[00.013360,00.019978]
01_filter          	     48	00.023195	(00.000483 +- 00.000380)	[00.000305,00.003050]
02_preint          	     46	00.002667	(00.000058 +- 00.000008)	[00.000043,00.000076]
03_undistortion    	     46	00.062322	(00.001355 +- 00.000388)	[00.000945,00.003113]
04_sampling        	     46	00.058366	(00.001269 +- 00.000959)	[00.000765,00.007567]
05_registration    	     46	00.120319	(00.002616 +- 00.000901)	[00.001344,00.004737]
06_map             	     46	00.078073	(00.001697 +- 00.000351)	[00.001291,00.003079]
07_imu_opt         	     46	00.030933	(00.000672 +- 00.000365)	[00.000001,00.001408]
08_publish         	     46	00.980219	(00.021309 +- 00.002546)	[00.017109,00.027847]
step               	     48	01.369864	(00.028539 +- 00.006910)	[00.000316,00.039745]

INFO  Timings:
SM Timing
-----------
00_conversion_livox	     50	00.806294	(00.016126 +- 00.002099)	[00.013360,00.020922]
01_filter          	     49	00.023698	(00.000484 +- 00.000376)	[00.000305,00.003050]
02_preint          	     47	00.002743	(00.000058 +- 00.000008)	[00.000043,00.000076]
03_undistortion    	     47	00.064022	(00.001362 +- 00.000387)	[00.000945,00.003113]
04_sampling        	     47	00.059578	(00.001268 +- 00.000949)	[00.000765,00.007567]
05_registration    	     47	00.122709	(00.002611 +- 00.000892)	[00.001344,00.004737]
06_map             	     47	00.079788	(00.001698 +- 00.000347)	[00.001291,00.003079]
07_imu_opt         	     47	00.032114	(00.000683 +- 00.000368)	[00.000001,00.001408]
08_publish         	     47	01.005674	(00.021397 +- 00.002589)	[00.017109,00.027847]
step               	     49	01.404218	(00.028658 +- 00.006889)	[00.000316,00.039745]

INFO  Timings:
SM Timing
-----------
00_conversion_livox	     51	00.832858	(00.016331 +- 00.002531)	[00.013360,00.026564]
01_filter          	     50	00.024438	(00.000489 +- 00.000374)	[00.000305,00.003050]
02_preint          	     48	00.002821	(00.000059 +- 00.000009)	[00.000043,00.000078]
03_undistortion    	     48	00.065591	(00.001366 +- 00.000384)	[00.000945,00.003113]
04_sampling        	     48	00.060885	(00.001268 +- 00.000939)	[00.000765,00.007567]
05_registration    	     48	00.125232	(00.002609 +- 00.000883)	[00.001344,00.004737]
06_map             	     48	00.081621	(00.001700 +- 00.000344)	[00.001291,00.003079]
07_imu_opt         	     48	00.033475	(00.000697 +- 00.000377)	[00.000001,00.001408]
08_publish         	     48	01.033858	(00.021539 +- 00.002739)	[00.017109,00.028184]
step               	     50	01.441916	(00.028838 +- 00.006936)	[00.000316,00.039745]

INFO  Timings:
SM Timing
-----------
00_conversion_livox	     52	00.852240	(00.016389 +- 00.002536)	[00.013360,00.026564]
01_filter          	     51	00.024890	(00.000488 +- 00.000078)	[00.000305,00.003050]
02_preint          	     49	00.002889	(00.000059 +- 00.000009)	[00.000043,00.000078]
03_undistortion    	     49	00.067312	(00.001374 +- 00.000383)	[00.000945,00.003113]
04_sampling        	     49	00.061967	(00.001265 +- 00.000930)	[00.000765,00.007567]
05_registration    	     49	00.127809	(00.002608 +- 00.000874)	[00.001344,00.004737]
06_map             	     49	00.083403	(00.001702 +- 00.000340)	[00.001291,00.003079]
07_imu_opt         	     49	00.034696	(00.000708 +- 00.000380)	[00.000001,00.001408]
08_publish         	     49	01.058692	(00.021606 +- 00.002750)	[00.017109,00.028184]
step               	     51	01.475772	(00.028937 +- 00.005911)	[00.000316,00.039745]

INFO  Timings:
SM Timing
-----------
00_conversion_livox	     53	00.872905	(00.016470 +- 00.002562)	[00.013360,00.026564]
01_filter          	     52	00.025358	(00.000488 +- 00.000076)	[00.000305,00.003050]
02_preint          	     50	00.002965	(00.000059 +- 00.000009)	[00.000043,00.000078]
03_undistortion    	     50	00.068652	(00.001373 +- 00.000379)	[00.000945,00.003113]
04_sampling        	     50	00.063446	(00.001269 +- 00.000921)	[00.000765,00.007567]
05_registration    	     50	00.134379	(00.002688 +- 00.001028)	[00.001344,00.006570]
06_map             	     50	00.085263	(00.001705 +- 00.000338)	[00.001291,00.003079]
07_imu_opt         	     50	00.036059	(00.000721 +- 00.000387)	[00.000001,00.001408]
08_publish         	     50	01.086479	(00.021730 +- 00.002857)	[00.017109,00.028184]
step               	     52	01.516810	(00.029169 +- 00.004470)	[00.000316,00.041037]

INFO  Timings:
SM Timing
-----------
00_conversion_livox	     54	00.891980	(00.016518 +- 00.002546)	[00.013360,00.026564]
01_filter          	     53	00.025877	(00.000488 +- 00.000074)	[00.000305,00.003050]
02_preint          	     51	00.003034	(00.000059 +- 00.000009)	[00.000043,00.000078]
03_undistortion    	     51	00.069889	(00.001370 +- 00.000287)	[00.000945,00.003113]
04_sampling        	     51	00.064640	(00.001267 +- 00.000920)	[00.000765,00.007567]
05_registration    	     51	00.136606	(00.002679 +- 00.001023)	[00.001344,00.006570]
06_map             	     51	00.086976	(00.001705 +- 00.000335)	[00.001291,00.003079]
07_imu_opt         	     51	00.037266	(00.000731 +- 00.000380)	[00.000001,00.001408]
08_publish         	     51	01.110657	(00.021778 +- 00.002877)	[00.017109,00.028184]
step               	     53	01.549266	(00.029231 +- 00.004273)	[00.000316,00.041037]

INFO  Timings:
SM Timing
-----------
00_conversion_livox	     55	00.911824	(00.016579 +- 00.002566)	[00.013360,00.026564]
01_filter          	     54	00.026372	(00.000488 +- 00.000074)	[00.000305,00.003050]
02_preint          	     52	00.003111	(00.000060 +- 00.000009)	[00.000043,00.000078]
03_undistortion    	     52	00.072004	(00.001385 +- 00.000240)	[00.000945,00.003113]
04_sampling        	     52	00.065933	(00.001268 +- 00.000917)	[00.000765,00.007567]
05_registration    	     52	00.139024	(00.002674 +- 00.001013)	[00.001344,00.006570]
06_map             	     52	00.088794	(00.001708 +- 00.000335)	[00.001291,00.003079]
07_imu_opt         	     52	00.038665	(00.000744 +- 00.000375)	[00.000001,00.001408]
08_publish         	     52	01.135928	(00.021845 +- 00.002880)	[00.017109,00.028184]
step               	     54	01.584271	(00.029338 +- 00.004286)	[00.000316,00.041037]

INFO  Timings:
SM Timing
-----------
00_conversion_livox	     56	00.931060	(00.016626 +- 00.002552)	[00.013360,00.026564]
01_filter          	     55	00.026837	(00.000488 +- 00.000073)	[00.000305,00.003050]
02_preint          	     53	00.003178	(00.000060 +- 00.000009)	[00.000043,00.000078]
03_undistortion    	     53	00.073213	(00.001381 +- 00.000198)	[00.000945,00.003113]
04_sampling        	     53	00.066954	(00.001263 +- 00.000917)	[00.000765,00.007567]
05_registration    	     53	00.141181	(00.002664 +- 00.001016)	[00.001344,00.006570]
06_map             	     53	00.090400	(00.001706 +- 00.000332)	[00.001291,00.003079]
07_imu_opt         	     53	00.040117	(00.000757 +- 00.000371)	[00.000001,00.001452]
08_publish         	     53	01.158841	(00.021865 +- 00.002863)	[00.017109,00.028184]
step               	     55	01.615274	(00.029369 +- 00.004272)	[00.000316,00.041037]

INFO  Timings:
SM Timing
-----------
00_conversion_livox	     57	00.949253	(00.016654 +- 00.002557)	[00.013360,00.026564]
01_filter          	     56	00.027323	(00.000488 +- 00.000073)	[00.000305,00.003050]
02_preint          	     54	00.003247	(00.000060 +- 00.000009)	[00.000043,00.000078]
03_undistortion    	     54	00.074661	(00.001383 +- 00.000198)	[00.000945,00.003113]
04_sampling        	     54	00.068123	(00.001262 +- 00.000917)	[00.000765,00.007567]
05_registration    	     54	00.143497	(00.002657 +- 00.001003)	[00.001344,00.006570]
06_map             	     54	00.092543	(00.001714 +- 00.000336)	[00.001291,00.003079]
07_imu_opt         	     54	00.041092	(00.000761 +- 00.000353)	[00.000001,00.001452]
08_publish         	     54	01.184479	(00.021935 +- 00.002908)	[00.017109,00.028184]
step               	     56	01.649609	(00.029457 +- 00.004306)	[00.000316,00.041037]

INFO  Timings:
SM Timing
-----------
00_conversion_livox	     58	00.968353	(00.016696 +- 00.002574)	[00.013360,00.026564]
01_filter          	     57	00.027820	(00.000488 +- 00.000074)	[00.000305,00.003050]
02_preint          	     55	00.003318	(00.000060 +- 00.000009)	[00.000043,00.000078]
03_undistortion    	     55	00.075985	(00.001382 +- 00.000198)	[00.000945,00.003113]
04_sampling        	     55	00.069259	(00.001259 +- 00.000916)	[00.000765,00.007567]
05_registration    	     55	00.148182	(00.002694 +- 00.001032)	[00.001344,00.006570]
06_map             	     55	00.094178	(00.001712 +- 00.000334)	[00.001291,00.003079]
07_imu_opt         	     55	00.042466	(00.000772 +- 00.000342)	[00.000001,00.001452]
08_publish         	     55	01.209714	(00.021995 +- 00.002936)	[00.017109,00.028184]
step               	     57	01.685680	(00.029573 +- 00.004354)	[00.000316,00.041037]

INFO  Timings:
SM Timing
-----------
00_conversion_livox	     59	00.987230	(00.016733 +- 00.002579)	[00.013360,00.026564]
01_filter          	     58	00.028277	(00.000488 +- 00.000073)	[00.000305,00.003050]
02_preint          	     56	00.003380	(00.000060 +- 00.000009)	[00.000043,00.000078]
03_undistortion    	     56	00.077376	(00.001382 +- 00.000198)	[00.000945,00.003113]
04_sampling        	     56	00.070371	(00.001257 +- 00.000916)	[00.000765,00.007567]
05_registration    	     56	00.151904	(00.002713 +- 00.001039)	[00.001344,00.006570]
06_map             	     56	00.095919	(00.001713 +- 00.000331)	[00.001291,00.003079]
07_imu_opt         	     56	00.043818	(00.000782 +- 00.000349)	[00.000001,00.001452]
08_publish         	     56	01.235033	(00.022054 +- 00.002946)	[00.017109,00.028184]
step               	     58	01.720928	(00.029671 +- 00.004369)	[00.000316,00.041037]

INFO  Timings:
SM Timing
-----------
00_conversion_livox	     60	01.007473	(00.016791 +- 00.002596)	[00.013360,00.026564]
01_filter          	     59	00.028780	(00.000488 +- 00.000073)	[00.000305,00.003050]
02_preint          	     57	00.003463	(00.000061 +- 00.000010)	[00.000043,00.000083]
03_undistortion    	     57	00.078837	(00.001383 +- 00.000199)	[00.000945,00.003113]
04_sampling        	     57	00.071831	(00.001260 +- 00.000916)	[00.000765,00.007567]
05_registration    	     57	00.155540	(00.002729 +- 00.001035)	[00.001344,00.006570]
06_map             	     57	00.097847	(00.001717 +- 00.000331)	[00.001291,00.003079]
07_imu_opt         	     57	00.045291	(00.000795 +- 00.000350)	[00.000001,00.001473]
08_publish         	     57	01.262610	(00.022151 +- 00.003020)	[00.017109,00.028184]
step               	     59	01.759134	(00.029816 +- 00.004477)	[00.000316,00.041037]

INFO  Timings:
SM Timing
-----------
00_conversion_livox	     61	01.026502	(00.016828 +- 00.002606)	[00.013360,00.026564]
01_filter          	     60	00.029192	(00.000487 +- 00.000073)	[00.000305,00.003050]
02_preint          	     58	00.003516	(00.000061 +- 00.000010)	[00.000043,00.000083]
03_undistortion    	     58	00.080317	(00.001385 +- 00.000200)	[00.000945,00.003113]
04_sampling        	     58	00.072985	(00.001258 +- 00.000916)	[00.000765,00.007567]
05_registration    	     58	00.157875	(00.002722 +- 00.001022)	[00.001344,00.006570]
06_map             	     58	00.099714	(00.001719 +- 00.000329)	[00.001291,00.003079]
07_imu_opt         	     58	00.046303	(00.000798 +- 00.000339)	[00.000001,00.001473]
08_publish         	     58	01.287054	(00.022191 +- 00.003012)	[00.017109,00.028184]
step               	     60	01.791964	(00.029866 +- 00.004436)	[00.000316,00.041037]

INFO  Timings:
SM Timing
-----------
00_conversion_livox	     62	01.045955	(00.016870 +- 00.002606)	[00.013360,00.026564]
01_filter          	     61	00.029673	(00.000486 +- 00.000072)	[00.000305,00.003050]
02_preint          	     59	00.003592	(00.000061 +- 00.000010)	[00.000043,00.000083]
03_undistortion    	     59	00.081876	(00.001388 +- 00.000203)	[00.000945,00.003113]
04_sampling        	     59	00.074394	(00.001261 +- 00.000915)	[00.000765,00.007567]
05_registration    	     59	00.161920	(00.002744 +- 00.001037)	[00.001344,00.006570]
06_map             	     59	00.101581	(00.001722 +- 00.000329)	[00.001291,00.003079]
07_imu_opt         	     59	00.047794	(00.000810 +- 00.000342)	[00.000001,00.001491]
08_publish         	     59	01.312173	(00.022240 +- 00.003029)	[00.017109,00.028184]
step               	     61	01.828102	(00.029969 +- 00.004482)	[00.000316,00.041037]

INFO  Timings:
SM Timing
-----------
00_conversion_livox	     63	01.064056	(00.016890 +- 00.002600)	[00.013360,00.026564]
01_filter          	     62	00.030189	(00.000487 +- 00.000072)	[00.000305,00.003050]
02_preint          	     60	00.003664	(00.000061 +- 00.000010)	[00.000043,00.000083]
03_undistortion    	     60	00.083209	(00.001387 +- 00.000203)	[00.000945,00.003113]
04_sampling        	     60	00.075434	(00.001257 +- 00.000915)	[00.000765,00.007567]
05_registration    	     60	00.163750	(00.002729 +- 00.001045)	[00.001344,00.006570]
06_map             	     60	00.103244	(00.001721 +- 00.000329)	[00.001291,00.003079]
07_imu_opt         	     60	00.048825	(00.000814 +- 00.000342)	[00.000001,00.001491]
08_publish         	     60	01.334638	(00.022244 +- 00.002997)	[00.017109,00.028184]
step               	     62	01.858127	(00.029970 +- 00.004453)	[00.000316,00.041037]

INFO  Timings:
SM Timing
-----------
00_conversion_livox	     64	01.081871	(00.016904 +- 00.002580)	[00.013360,00.026564]
01_filter          	     63	00.030597	(00.000486 +- 00.000072)	[00.000305,00.003050]
02_preint          	     61	00.003738	(00.000061 +- 00.000010)	[00.000043,00.000083]
03_undistortion    	     61	00.084411	(00.001384 +- 00.000203)	[00.000945,00.003113]
04_sampling        	     61	00.076529	(00.001255 +- 00.000915)	[00.000765,00.007567]
05_registration    	     61	00.167510	(00.002746 +- 00.001043)	[00.001344,00.006570]
06_map             	     61	00.104874	(00.001719 +- 00.000294)	[00.001291,00.003079]
07_imu_opt         	     61	00.050597	(00.000829 +- 00.000356)	[00.000001,00.001773]
08_publish         	     61	01.358907	(00.022277 +- 00.002992)	[00.017109,00.028184]
step               	     63	01.892433	(00.030039 +- 00.004472)	[00.000316,00.041037]

INFO  Timings:
SM Timing
-----------
00_conversion_livox	     65	01.102639	(00.016964 +- 00.002609)	[00.013360,00.026564]
01_filter          	     64	00.031034	(00.000485 +- 00.000072)	[00.000305,00.003050]
02_preint          	     62	00.003821	(00.000062 +- 00.000011)	[00.000043,00.000083]
03_undistortion    	     62	00.085629	(00.001381 +- 00.000199)	[00.000945,00.003113]
04_sampling        	     62	00.077689	(00.001253 +- 00.000914)	[00.000765,00.007567]
05_registration    	     62	00.170902	(00.002756 +- 00.001040)	[00.001344,00.006570]
06_map             	     62	00.107589	(00.001735 +- 00.000323)	[00.001291,00.003079]
07_imu_opt         	     62	00.052585	(00.000848 +- 00.000376)	[00.000001,00.001988]
08_publish         	     62	01.383968	(00.022322 +- 00.002988)	[00.017109,00.028184]
step               	     64	01.928575	(00.030134 +- 00.004469)	[00.000316,00.041037]

INFO  Timings:
SM Timing
-----------
00_conversion_livox	     66	01.122751	(00.017011 +- 00.002624)	[00.013360,00.026564]
01_filter          	     65	00.031497	(00.000485 +- 00.000072)	[00.000305,00.003050]
02_preint          	     63	00.003900	(00.000062 +- 00.000011)	[00.000043,00.000083]
03_undistortion    	     63	00.086882	(00.001379 +- 00.000197)	[00.000945,00.003113]
04_sampling        	     63	00.078738	(00.001250 +- 00.000915)	[00.000765,00.007567]
05_registration    	     63	00.172872	(00.002744 +- 00.001038)	[00.001344,00.006570]
06_map             	     63	00.109049	(00.001731 +- 00.000325)	[00.001291,00.003079]
07_imu_opt         	     63	00.054189	(00.000860 +- 00.000382)	[00.000001,00.001988]
08_publish         	     63	01.408395	(00.022355 +- 00.002990)	[00.017109,00.028184]
step               	     65	01.960961	(00.030169 +- 00.004467)	[00.000316,00.041037]

INFO  Timings:
SM Timing
-----------
00_conversion_livox	     67	01.142527	(00.017053 +- 00.002618)	[00.013360,00.026564]
01_filter          	     66	00.031913	(00.000484 +- 00.000070)	[00.000305,00.003050]
02_preint          	     64	00.003976	(00.000062 +- 00.000011)	[00.000043,00.000083]
03_undistortion    	     64	00.088340	(00.001380 +- 00.000189)	[00.000945,00.003113]
04_sampling        	     64	00.079650	(00.001245 +- 00.000915)	[00.000765,00.007567]
05_registration    	     64	00.175885	(00.002748 +- 00.001034)	[00.001344,00.006570]
06_map             	     64	00.110680	(00.001729 +- 00.000325)	[00.001291,00.003079]
07_imu_opt         	     64	00.056492	(00.000883 +- 00.000417)	[00.000001,00.002303]
08_publish         	     64	01.430435	(00.022351 +- 00.002961)	[00.017109,00.028184]
step               	     66	01.992900	(00.030195 +- 00.004404)	[00.000316,00.041037]

INFO  Timings:
SM Timing
-----------
00_conversion_livox	     68	01.161412	(00.017080 +- 00.002613)	[00.013360,00.026564]
01_filter          	     67	00.032395	(00.000484 +- 00.000069)	[00.000305,00.003050]
02_preint          	     65	00.004055	(00.000062 +- 00.000010)	[00.000043,00.000083]
03_undistortion    	     65	00.089681	(00.001380 +- 00.000189)	[00.000945,00.003113]
04_sampling        	     65	00.080582	(00.001240 +- 00.000915)	[00.000765,00.007567]
05_registration    	     65	00.178578	(00.002747 +- 00.001031)	[00.001344,00.006570]
06_map             	     65	00.112355	(00.001729 +- 00.000325)	[00.001291,00.003079]
07_imu_opt         	     65	00.058553	(00.000901 +- 00.000434)	[00.000001,00.002303]
08_publish         	     65	01.453354	(00.022359 +- 00.002936)	[00.017109,00.028184]
step               	     67	02.025177	(00.030227 +- 00.004363)	[00.000316,00.041037]

INFO  Timings:
SM Timing
-----------
00_conversion_livox	     69	01.183435	(00.017151 +- 00.002646)	[00.013360,00.026564]
01_filter          	     68	00.032827	(00.000483 +- 00.000068)	[00.000305,00.003050]
02_preint          	     66	00.004140	(00.000063 +- 00.000011)	[00.000043,00.000085]
03_undistortion    	     66	00.091081	(00.001380 +- 00.000185)	[00.000945,00.003113]
04_sampling        	     66	00.081584	(00.001236 +- 00.000914)	[00.000765,00.007567]
05_registration    	     66	00.180544	(00.002736 +- 00.001022)	[00.001344,00.006570]
06_map             	     66	00.114053	(00.001728 +- 00.000323)	[00.001291,00.003079]
07_imu_opt         	     66	00.060725	(00.000920 +- 00.000450)	[00.000001,00.002303]
08_publish         	     66	01.476589	(00.022373 +- 00.002906)	[00.017109,00.028184]
step               	     68	02.057250	(00.030254 +- 00.004280)	[00.000316,00.041037]

INFO  Timings:
SM Timing
-----------
00_conversion_livox	     70	01.203574	(00.017194 +- 00.002650)	[00.013360,00.026564]
01_filter          	     69	00.033249	(00.000482 +- 00.000067)	[00.000305,00.003050]
02_preint          	     67	00.004222	(00.000063 +- 00.000011)	[00.000043,00.000085]
03_undistortion    	     67	00.092454	(00.001380 +- 00.000185)	[00.000945,00.003113]
04_sampling        	     67	00.082567	(00.001232 +- 00.000915)	[00.000765,00.007567]
05_registration    	     67	00.182054	(00.002717 +- 00.001037)	[00.001344,00.006570]
06_map             	     67	00.115707	(00.001727 +- 00.000319)	[00.001291,00.003079]
07_imu_opt         	     67	00.062494	(00.000933 +- 00.000454)	[00.000001,00.002303]
08_publish         	     67	01.500165	(00.022391 +- 00.002873)	[00.017109,00.028184]
step               	     69	02.088709	(00.030271 +- 00.004230)	[00.000316,00.041037]

INFO  Timings:
SM Timing
-----------
00_conversion_livox	     71	01.225101	(00.017255 +- 00.002663)	[00.013360,00.026564]
01_filter          	     70	00.033686	(00.000481 +- 00.000064)	[00.000305,00.003050]
02_preint          	     68	00.004284	(00.000063 +- 00.000011)	[00.000043,00.000085]
03_undistortion    	     68	00.093700	(00.001378 +- 00.000182)	[00.000945,00.003113]
04_sampling        	     68	00.083449	(00.001227 +- 00.000916)	[00.000765,00.007567]
05_registration    	     68	00.185532	(00.002728 +- 00.001033)	[00.001344,00.006570]
06_map             	     68	00.117368	(00.001726 +- 00.000315)	[00.001291,00.003079]
07_imu_opt         	     68	00.064577	(00.000950 +- 00.000466)	[00.000001,00.002303]
08_publish         	     68	01.523305	(00.022402 +- 00.002790)	[00.017109,00.028184]
step               	     70	02.121779	(00.030311 +- 00.004104)	[00.000316,00.041037]

INFO  Timings:
SM Timing
-----------
00_conversion_livox	     71	01.225101	(00.017255 +- 00.002663)	[00.013360,00.026564]
01_filter          	     71	00.034189	(00.000482 +- 00.000064)	[00.000305,00.003050]
02_preint          	     69	00.004354	(00.000063 +- 00.000011)	[00.000043,00.000085]
03_undistortion    	     69	00.095221	(00.001380 +- 00.000182)	[00.000945,00.003113]
04_sampling        	     69	00.084606	(00.001226 +- 00.000915)	[00.000765,00.007567]
05_registration    	     69	00.186882	(00.002708 +- 00.001054)	[00.001344,00.006570]
06_map             	     69	00.119016	(00.001725 +- 00.000315)	[00.001291,00.003079]
07_imu_opt         	     69	00.066267	(00.000960 +- 00.000464)	[00.000001,00.002303]
08_publish         	     69	01.546811	(00.022418 +- 00.002681)	[00.017109,00.028184]
step               	     71	02.153310	(00.030328 +- 00.003994)	[00.000316,00.041037]

INFO  Timings:
SM Timing
-----------
00_conversion_livox	     73	01.263333	(00.017306 +- 00.002523)	[00.013360,00.026564]
01_filter          	     72	00.034675	(00.000482 +- 00.000061)	[00.000305,00.003050]
02_preint          	     70	00.004432	(00.000063 +- 00.000011)	[00.000043,00.000085]
03_undistortion    	     70	00.096696	(00.001381 +- 00.000177)	[00.000945,00.003113]
04_sampling        	     70	00.085592	(00.001223 +- 00.000916)	[00.000765,00.007567]
05_registration    	     70	00.189604	(00.002709 +- 00.001048)	[00.001344,00.006570]
06_map             	     70	00.120566	(00.001722 +- 00.000315)	[00.001291,00.003079]
07_imu_opt         	     70	00.068361	(00.000977 +- 00.000471)	[00.000001,00.002303]
08_publish         	     70	01.570459	(00.022435 +- 00.002635)	[00.017109,00.028184]
step               	     72	02.186441	(00.030367 +- 00.003954)	[00.000316,00.041037]

INFO  Timings:
SM Timing
-----------
00_conversion_livox	     74	01.282755	(00.017335 +- 00.002519)	[00.013360,00.026564]
01_filter          	     73	00.035203	(00.000482 +- 00.000061)	[00.000305,00.003050]
02_preint          	     71	00.004489	(00.000063 +- 00.000011)	[00.000043,00.000085]
03_undistortion    	     71	00.098227	(00.001383 +- 00.000178)	[00.000945,00.003113]
04_sampling        	     71	00.086493	(00.001218 +- 00.000917)	[00.000765,00.007567]
05_registration    	     71	00.191636	(00.002699 +- 00.001052)	[00.001344,00.006570]
06_map             	     71	00.121962	(00.001718 +- 00.000318)	[00.001291,00.003079]
07_imu_opt         	     71	00.069958	(00.000985 +- 00.000469)	[00.000001,00.002303]
08_publish         	     71	01.590993	(00.022408 +- 00.002658)	[00.017109,00.028184]
step               	     73	02.215099	(00.030344 +- 00.003978)	[00.000316,00.041037]

INFO  Timings:
SM Timing
-----------
00_conversion_livox	     75	01.300142	(00.017335 +- 00.002517)	[00.013360,00.026564]
01_filter          	     74	00.035674	(00.000482 +- 00.000061)	[00.000305,00.003050]
02_preint          	     72	00.004558	(00.000063 +- 00.000011)	[00.000043,00.000085]
03_undistortion    	     72	00.099636	(00.001384 +- 00.000177)	[00.000945,00.003113]
04_sampling        	     72	00.087414	(00.001214 +- 00.000918)	[00.000765,00.007567]
05_registration    	     72	00.194449	(00.002701 +- 00.001052)	[00.001344,00.006570]
06_map             	     72	00.123392	(00.001714 +- 00.000321)	[00.001291,00.003079]
07_imu_opt         	     72	00.071813	(00.000997 +- 00.000469)	[00.000001,00.002303]
08_publish         	     72	01.611861	(00.022387 +- 00.002680)	[00.017109,00.028184]
step               	     74	02.245018	(00.030338 +- 00.003992)	[00.000316,00.041037]

INFO  Timings:
SM Timing
-----------
00_conversion_livox	     76	01.317546	(00.017336 +- 00.002518)	[00.013360,00.026564]
01_filter          	     75	00.036110	(00.000481 +- 00.000061)	[00.000305,00.003050]
02_preint          	     73	00.004629	(00.000063 +- 00.000011)	[00.000043,00.000085]
03_undistortion    	     73	00.100886	(00.001382 +- 00.000176)	[00.000945,00.003113]
04_sampling        	     73	00.088176	(00.001208 +- 00.000921)	[00.000762,00.007567]
05_registration    	     73	00.196179	(00.002687 +- 00.001049)	[00.001344,00.006570]
06_map             	     73	00.124821	(00.001710 +- 00.000323)	[00.001291,00.003079]
07_imu_opt         	     73	00.073737	(00.001010 +- 00.000466)	[00.000001,00.002303]
08_publish         	     73	01.633582	(00.022378 +- 00.002676)	[00.017109,00.028184]
step               	     75	02.274428	(00.030326 +- 00.003967)	[00.000316,00.041037]

INFO  Timings:
SM Timing
-----------
00_conversion_livox	     77	01.335421	(00.017343 +- 00.002481)	[00.013360,00.026564]
01_filter          	     76	00.036573	(00.000481 +- 00.000061)	[00.000305,00.003050]
02_preint          	     74	00.004702	(00.000064 +- 00.000011)	[00.000043,00.000085]
03_undistortion    	     74	00.102183	(00.001381 +- 00.000176)	[00.000945,00.003113]
04_sampling        	     74	00.089032	(00.001203 +- 00.000921)	[00.000762,00.007567]
05_registration    	     74	00.198278	(00.002679 +- 00.001039)	[00.001344,00.006570]
06_map             	     74	00.126493	(00.001709 +- 00.000323)	[00.001291,00.003079]
07_imu_opt         	     74	00.077711	(00.001050 +- 00.000586)	[00.000001,00.003974]
08_publish         	     74	01.653548	(00.022345 +- 00.002696)	[00.017109,00.028184]
step               	     76	02.304906	(00.030328 +- 00.003914)	[00.000316,00.041037]

INFO  Timings:
SM Timing
-----------
00_conversion_livox	     78	01.352061	(00.017334 +- 00.002394)	[00.013360,00.026564]
01_filter          	     77	00.036989	(00.000480 +- 00.000059)	[00.000305,00.003050]
02_preint          	     75	00.004766	(00.000064 +- 00.000010)	[00.000043,00.000085]
03_undistortion    	     75	00.103621	(00.001382 +- 00.000171)	[00.000945,00.003113]
04_sampling        	     75	00.089799	(00.001197 +- 00.000923)	[00.000762,00.007567]
05_registration    	     75	00.200141	(00.002669 +- 00.001044)	[00.001344,00.006570]
06_map             	     75	00.127906	(00.001705 +- 00.000323)	[00.001291,00.003079]
07_imu_opt         	     75	00.080066	(00.001068 +- 00.000594)	[00.000001,00.003974]
08_publish         	     75	01.672462	(00.022299 +- 00.002650)	[00.017109,00.028184]
step               	     77	02.332217	(00.030289 +- 00.003823)	[00.000316,00.041037]

INFO  Timings:
SM Timing
-----------
00_conversion_livox	     79	01.367841	(00.017314 +- 00.002344)	[00.013360,00.026564]
01_filter          	     78	00.037416	(00.000480 +- 00.000059)	[00.000305,00.003050]
02_preint          	     76	00.004819	(00.000063 +- 00.000010)	[00.000043,00.000085]
03_undistortion    	     76	00.105159	(00.001384 +- 00.000170)	[00.000945,00.003113]
04_sampling        	     76	00.090594	(00.001192 +- 00.000925)	[00.000762,00.007567]
05_registration    	     76	00.202906	(00.002670 +- 00.001032)	[00.001344,00.006570]
06_map             	     76	00.129044	(00.001698 +- 00.000333)	[00.001139,00.003079]
07_imu_opt         	     76	00.081458	(00.001072 +- 00.000584)	[00.000001,00.003974]
08_publish         	     76	01.689145	(00.022226 +- 00.002775)	[00.016682,00.028184]
step               	     78	02.357095	(00.030219 +- 00.003940)	[00.000316,00.041037]

INFO  Timings:
SM Timing
-----------
00_conversion_livox	     80	01.382453	(00.017281 +- 00.002363)	[00.013360,00.026564]
01_filter          	     79	00.037795	(00.000478 +- 00.000058)	[00.000305,00.003050]
02_preint          	     77	00.004876	(00.000063 +- 00.000010)	[00.000043,00.000085]
03_undistortion    	     77	00.106115	(00.001378 +- 00.000180)	[00.000945,00.003113]
04_sampling        	     77	00.091175	(00.001184 +- 00.000929)	[00.000581,00.007567]
05_registration    	     77	00.204404	(00.002655 +- 00.001042)	[00.001344,00.006570]
06_map             	     77	00.130144	(00.001690 +- 00.000344)	[00.001099,00.003079]
07_imu_opt         	     77	00.083166	(00.001080 +- 00.000581)	[00.000001,00.003974]
08_publish         	     77	01.704306	(00.022134 +- 00.002994)	[00.015162,00.028184]
step               	     79	02.378596	(00.030109 +- 00.004207)	[00.000316,00.041037]

INFO  Timings:
SM Timing
-----------
00_conversion_livox	     81	01.397023	(00.017247 +- 00.002417)	[00.013360,00.026564]
01_filter          	     80	00.038183	(00.000477 +- 00.000059)	[00.000305,00.003050]
02_preint          	     78	00.004927	(00.000063 +- 00.000010)	[00.000043,00.000085]
03_undistortion    	     78	00.107120	(00.001373 +- 00.000188)	[00.000945,00.003113]
04_sampling        	     78	00.091780	(00.001177 +- 00.000932)	[00.000581,00.007567]
05_registration    	     78	00.206151	(00.002643 +- 00.001040)	[00.001344,00.006570]
06_map             	     78	00.131204	(00.001682 +- 00.000354)	[00.001060,00.003079]
07_imu_opt         	     78	00.086153	(00.001105 +- 00.000613)	[00.000001,00.003974]
08_publish         	     78	01.719577	(00.022046 +- 00.003112)	[00.015162,00.028184]
step               	     80	02.401786	(00.030022 +- 00.004270)	[00.000316,00.041037]

INFO  Timings:
SM Timing
-----------
00_conversion_livox	     82	01.411835	(00.017217 +- 00.002383)	[00.013360,00.026564]
01_filter          	     81	00.038534	(00.000476 +- 00.000059)	[00.000305,00.003050]
02_preint          	     79	00.004981	(00.000063 +- 00.000010)	[00.000043,00.000085]
03_undistortion    	     79	00.108088	(00.001368 +- 00.000195)	[00.000945,00.003113]
04_sampling        	     79	00.092406	(00.001170 +- 00.000935)	[00.000581,00.007567]
05_registration    	     79	00.207622	(00.002628 +- 00.001037)	[00.001344,00.006570]
06_map             	     79	00.132549	(00.001678 +- 00.000353)	[00.001060,00.003079]
07_imu_opt         	     79	00.088716	(00.001123 +- 00.000615)	[00.000001,00.003974]
08_publish         	     79	01.734369	(00.021954 +- 00.003216)	[00.014792,00.028184]
step               	     81	02.424021	(00.029926 +- 00.004296)	[00.000316,00.041037]

INFO  Timings:
SM Timing
-----------
00_conversion_livox	     83	01.426695	(00.017189 +- 00.002343)	[00.013360,00.026564]
01_filter          	     82	00.038862	(00.000474 +- 00.000062)	[00.000305,00.003050]
02_preint          	     80	00.005035	(00.000063 +- 00.000010)	[00.000043,00.000085]
03_undistortion    	     80	00.109059	(00.001363 +- 00.000200)	[00.000945,00.003113]
04_sampling        	     80	00.092999	(00.001162 +- 00.000939)	[00.000581,00.007567]
05_registration    	     80	00.210805	(00.002635 +- 00.001037)	[00.001344,00.006570]
06_map             	     80	00.133636	(00.001670 +- 00.000361)	[00.001060,00.003079]
07_imu_opt         	     80	00.090461	(00.001131 +- 00.000603)	[00.000001,00.003974]
08_publish         	     80	01.749562	(00.021870 +- 00.003331)	[00.014792,00.028184]
step               	     82	02.447236	(00.029844 +- 00.004392)	[00.000316,00.041037]

INFO  Timings:
SM Timing
-----------
00_conversion_livox	     84	01.442778	(00.017176 +- 00.002301)	[00.013360,00.026564]
01_filter          	     83	00.039222	(00.000473 +- 00.000064)	[00.000305,00.003050]
02_preint          	     81	00.005099	(00.000063 +- 00.000010)	[00.000043,00.000085]
03_undistortion    	     81	00.110118	(00.001359 +- 00.000205)	[00.000945,00.003113]
04_sampling        	     81	00.093723	(00.001157 +- 00.000940)	[00.000581,00.007567]
05_registration    	     81	00.212585	(00.002625 +- 00.001035)	[00.001344,00.006570]
06_map             	     81	00.134767	(00.001664 +- 00.000369)	[00.001060,00.003079]
07_imu_opt         	     81	00.091968	(00.001135 +- 00.000591)	[00.000001,00.003974]
08_publish         	     81	01.765145	(00.021792 +- 00.003486)	[00.014792,00.028184]
step               	     83	02.469511	(00.029753 +- 00.004587)	[00.000316,00.041037]

INFO  Timings:
SM Timing
-----------
00_conversion_livox	     85	01.459550	(00.017171 +- 00.002196)	[00.013360,00.026564]
01_filter          	     84	00.039620	(00.000472 +- 00.000063)	[00.000305,00.003050]
02_preint          	     82	00.005163	(00.000063 +- 00.000009)	[00.000043,00.000085]
03_undistortion    	     82	00.111271	(00.001357 +- 00.000206)	[00.000945,00.003113]
04_sampling        	     82	00.094352	(00.001151 +- 00.000943)	[00.000581,00.007567]
05_registration    	     82	00.214354	(00.002614 +- 00.001036)	[00.001344,00.006570]
06_map             	     82	00.135959	(00.001658 +- 00.000374)	[00.001060,00.003079]
07_imu_opt         	     82	00.095600	(00.001166 +- 00.000650)	[00.000001,00.003974]
08_publish         	     82	01.781284	(00.021723 +- 00.003524)	[00.014792,00.028184]
step               	     84	02.494550	(00.029697 +- 00.004567)	[00.000316,00.041037]

INFO  Timings:
SM Timing
-----------
00_conversion_livox	     86	01.477298	(00.017178 +- 00.002075)	[00.013360,00.026564]
01_filter          	     85	00.040042	(00.000471 +- 00.000062)	[00.000305,00.003050]
02_preint          	     83	00.005225	(00.000063 +- 00.000009)	[00.000043,00.000085]
03_undistortion    	     83	00.112418	(00.001354 +- 00.000207)	[00.000945,00.003113]
04_sampling        	     83	00.095167	(00.001147 +- 00.000255)	[00.000581,00.007567]
05_registration    	     83	00.216554	(00.002609 +- 00.001036)	[00.001344,00.006570]
06_map             	     83	00.137092	(00.001652 +- 00.000382)	[00.001060,00.003079]
07_imu_opt         	     83	00.098181	(00.001183 +- 00.000659)	[00.000001,00.003974]
08_publish         	     83	01.798096	(00.021664 +- 00.003618)	[00.014792,00.028184]
step               	     85	02.519799	(00.029645 +- 00.004602)	[00.000316,00.041037]

INFO  Timings:
SM Timing
-----------
00_conversion_livox	     87	01.497546	(00.017213 +- 00.002061)	[00.013360,00.026564]
01_filter          	     86	00.040403	(00.000470 +- 00.000064)	[00.000305,00.003050]
02_preint          	     84	00.005299	(00.000063 +- 00.000009)	[00.000043,00.000085]
03_undistortion    	     84	00.113725	(00.001354 +- 00.000206)	[00.000945,00.003113]
04_sampling        	     84	00.095883	(00.001141 +- 00.000260)	[00.000581,00.007567]
05_registration    	     84	00.218116	(00.002597 +- 00.001046)	[00.001344,00.006570]
06_map             	     84	00.138679	(00.001651 +- 00.000382)	[00.001060,00.003079]
07_imu_opt         	     84	00.100625	(00.001198 +- 00.000658)	[00.000001,00.003974]
08_publish         	     84	01.815743	(00.021616 +- 00.003684)	[00.014792,00.028184]
step               	     86	02.545577	(00.029600 +- 00.004673)	[00.000316,00.041037]

INFO  Timings:
SM Timing
-----------
00_conversion_livox	     88	01.516555	(00.017234 +- 00.002061)	[00.013360,00.026564]
01_filter          	     87	00.040894	(00.000470 +- 00.000064)	[00.000305,00.003050]
02_preint          	     85	00.005364	(00.000063 +- 00.000009)	[00.000043,00.000085]
03_undistortion    	     85	00.114980	(00.001353 +- 00.000205)	[00.000945,00.003113]
04_sampling        	     85	00.096603	(00.001137 +- 00.000263)	[00.000581,00.007567]
05_registration    	     85	00.220646	(00.002596 +- 00.001046)	[00.001344,00.006570]
06_map             	     85	00.139946	(00.001646 +- 00.000385)	[00.001060,00.003079]
07_imu_opt         	     85	00.104547	(00.001230 +- 00.000726)	[00.000001,00.003974]
08_publish         	     85	01.832410	(00.021558 +- 00.003773)	[00.014792,00.028184]
step               	     87	02.572568	(00.029570 +- 00.004716)	[00.000316,00.041037]

INFO  Timings:
SM Timing
-----------
00_conversion_livox	     89	01.534458	(00.017241 +- 00.002059)	[00.013360,00.026564]
01_filter          	     88	00.041309	(00.000469 +- 00.000064)	[00.000305,00.003050]
02_preint          	     86	00.005426	(00.000063 +- 00.000009)	[00.000043,00.000085]
03_undistortion    	     86	00.116064	(00.001350 +- 00.000208)	[00.000945,00.003113]
04_sampling        	     86	00.097348	(00.001132 +- 00.000266)	[00.000581,00.007567]
05_registration    	     86	00.224155	(00.002606 +- 00.001039)	[00.001344,00.006570]
06_map             	     86	00.141316	(00.001643 +- 00.000386)	[00.001060,00.003079]
07_imu_opt         	     86	00.108577	(00.001263 +- 00.000779)	[00.000001,00.004030]
08_publish         	     86	01.849901	(00.021510 +- 00.003832)	[00.014792,00.028184]
step               	     88	02.601345	(00.029561 +- 00.004701)	[00.000316,00.041037]

INFO  Timings:
SM Timing
-----------
00_conversion_livox	     90	01.554298	(00.017270 +- 00.002026)	[00.013360,00.026564]
01_filter          	     89	00.041695	(00.000468 +- 00.000065)	[00.000305,00.003050]
02_preint          	     87	00.005495	(00.000063 +- 00.000009)	[00.000043,00.000085]
03_undistortion    	     87	00.117336	(00.001349 +- 00.000208)	[00.000945,00.003113]
04_sampling        	     87	00.098116	(00.001128 +- 00.000253)	[00.000581,00.007567]
05_registration    	     87	00.227304	(00.002613 +- 00.001001)	[00.001344,00.006570]
06_map             	     87	00.142756	(00.001641 +- 00.000387)	[00.001060,00.003079]
07_imu_opt         	     87	00.114790	(00.001319 +- 00.000988)	[00.000001,00.006213]
08_publish         	     87	01.868269	(00.021474 +- 00.003871)	[00.014792,00.028184]
step               	     89	02.633086	(00.029585 +- 00.004683)	[00.000316,00.041037]

INFO  Timings:
SM Timing
-----------
00_conversion_livox	     91	01.574012	(00.017297 +- 00.002030)	[00.013360,00.026564]
01_filter          	     90	00.042044	(00.000467 +- 00.000066)	[00.000305,00.003050]
02_preint          	     88	00.005540	(00.000063 +- 00.000009)	[00.000043,00.000085]
03_undistortion    	     88	00.118382	(00.001345 +- 00.000212)	[00.000945,00.003113]
04_sampling        	     88	00.098928	(00.001124 +- 00.000246)	[00.000581,00.007567]
05_registration    	     88	00.230450	(00.002619 +- 00.000988)	[00.001344,00.006570]
06_map             	     88	00.144072	(00.001637 +- 00.000389)	[00.001060,00.003079]
07_imu_opt         	     88	00.116758	(00.001327 +- 00.000978)	[00.000001,00.006213]
08_publish         	     88	01.886273	(00.021435 +- 00.003905)	[00.014792,00.028184]
step               	     90	02.659852	(00.029554 +- 00.004713)	[00.000316,00.041037]

INFO  Timings:
SM Timing
-----------
00_conversion_livox	     92	01.592539	(00.017310 +- 00.002030)	[00.013360,00.026564]
01_filter          	     91	00.042439	(00.000466 +- 00.000067)	[00.000305,00.003050]
02_preint          	     89	00.005606	(00.000063 +- 00.000009)	[00.000043,00.000085]
03_undistortion    	     89	00.119498	(00.001343 +- 00.000213)	[00.000945,00.003113]
04_sampling        	     89	00.099654	(00.001120 +- 00.000246)	[00.000581,00.007567]
05_registration    	     89	00.231780	(00.002604 +- 00.000972)	[00.001330,00.006570]
06_map             	     89	00.145370	(00.001633 +- 00.000388)	[00.001060,00.003079]
07_imu_opt         	     89	00.118619	(00.001333 +- 00.000976)	[00.000001,00.006213]
08_publish         	     89	01.902674	(00.021378 +- 00.003926)	[00.014792,00.028184]
step               	     91	02.683143	(00.029485 +- 00.004739)	[00.000316,00.041037]

INFO  Timings:
SM Timing
-----------
00_conversion_livox	     93	01.608782	(00.017299 +- 00.002056)	[00.013360,00.026564]
01_filter          	     92	00.042794	(00.000465 +- 00.000068)	[00.000305,00.003050]
02_preint          	     90	00.005666	(00.000063 +- 00.000009)	[00.000043,00.000085]
03_undistortion    	     90	00.120539	(00.001339 +- 00.000217)	[00.000945,00.003113]
04_sampling        	     90	00.100336	(00.001115 +- 00.000247)	[00.000581,00.007567]
05_registration    	     90	00.233264	(00.002592 +- 00.000985)	[00.001330,00.006570]
06_map             	     90	00.146590	(00.001629 +- 00.000392)	[00.001060,00.003079]
07_imu_opt         	     90	00.120269	(00.001336 +- 00.000972)	[00.000001,00.006213]
08_publish         	     90	01.917074	(00.021301 +- 00.004046)	[00.014401,00.028184]
step               	     92	02.704154	(00.029393 +- 00.004932)	[00.000316,00.041037]

INFO  Timings:
SM Timing
-----------
00_conversion_livox	     94	01.622637	(00.017262 +- 00.002165)	[00.013360,00.026564]
01_filter          	     93	00.043121	(00.000464 +- 00.000069)	[00.000305,00.003050]
02_preint          	     91	00.005720	(00.000063 +- 00.000009)	[00.000043,00.000085]
03_undistortion    	     91	00.121848	(00.001339 +- 00.000217)	[00.000945,00.003113]
04_sampling        	     91	00.100949	(00.001109 +- 00.000249)	[00.000581,00.007567]
05_registration    	     91	00.235243	(00.002585 +- 00.000983)	[00.001330,00.006570]
06_map             	     91	00.147593	(00.001622 +- 00.000402)	[00.001003,00.003079]
07_imu_opt         	     91	00.121698	(00.001337 +- 00.000969)	[00.000001,00.006213]
08_publish         	     91	01.930304	(00.021212 +- 00.004212)	[00.013230,00.028184]
step               	     93	02.724342	(00.029294 +- 00.005152)	[00.000316,00.041037]

INFO  Timings:
SM Timing
-----------
00_conversion_livox	     95	01.635915	(00.017220 +- 00.002292)	[00.013279,00.026564]
01_filter          	     94	00.043444	(00.000462 +- 00.000070)	[00.000305,00.003050]
02_preint          	     92	00.005768	(00.000063 +- 00.000010)	[00.000043,00.000085]
03_undistortion    	     92	00.122872	(00.001336 +- 00.000221)	[00.000945,00.003113]
04_sampling        	     92	00.101624	(00.001105 +- 00.000248)	[00.000581,00.007567]
05_registration    	     92	00.237973	(00.002587 +- 00.000983)	[00.001330,00.006570]
06_map             	     92	00.148808	(00.001617 +- 00.000347)	[00.001003,00.003079]
07_imu_opt         	     92	00.125940	(00.001369 +- 00.001018)	[00.000001,00.006213]
08_publish         	     92	01.945377	(00.021145 +- 00.004268)	[00.013230,00.028184]
step               	     94	02.749740	(00.029253 +- 00.005142)	[00.000316,00.041037]

INFO  Timings:
SM Timing
-----------
00_conversion_livox	     96	01.650661	(00.017194 +- 00.002352)	[00.013279,00.026564]
01_filter          	     95	00.043745	(00.000460 +- 00.000073)	[00.000302,00.003050]
02_preint          	     93	00.005816	(00.000063 +- 00.000010)	[00.000043,00.000085]
03_undistortion    	     93	00.123914	(00.001332 +- 00.000224)	[00.000945,00.003113]
04_sampling        	     93	00.102302	(00.001100 +- 00.000249)	[00.000581,00.007567]
05_registration    	     93	00.239185	(00.002572 +- 00.001001)	[00.001212,00.006570]
06_map             	     93	00.149993	(00.001613 +- 00.000351)	[00.001003,00.003079]
07_imu_opt         	     93	00.127914	(00.001375 +- 00.001009)	[00.000001,00.006213]
08_publish         	     93	01.961055	(00.021087 +- 00.004332)	[00.013230,00.028184]
step               	     95	02.771928	(00.029178 +- 00.005267)	[00.000316,00.041037]

INFO  Timings:
SM Timing
-----------
00_conversion_livox	     97	01.664130	(00.017156 +- 00.002451)	[00.013279,00.026564]
01_filter          	     96	00.044116	(00.000460 +- 00.000073)	[00.000302,00.003050]
02_preint          	     94	00.005863	(00.000062 +- 00.000010)	[00.000043,00.000085]
03_undistortion    	     94	00.125111	(00.001331 +- 00.000221)	[00.000945,00.003113]
04_sampling        	     94	00.102973	(00.001095 +- 00.000246)	[00.000581,00.007567]
05_registration    	     94	00.240850	(00.002562 +- 00.001008)	[00.001212,00.006570]
06_map             	     94	00.150969	(00.001606 +- 00.000352)	[00.000976,00.003079]
07_imu_opt         	     94	00.129342	(00.001376 +- 00.001004)	[00.000001,00.006213]
08_publish         	     94	01.975934	(00.021021 +- 00.004362)	[00.013230,00.028184]
step               	     96	02.793255	(00.029096 +- 00.005347)	[00.000316,00.041037]

INFO  Timings:
SM Timing
-----------
00_conversion_livox	     98	01.677267	(00.017115 +- 00.002554)	[00.013137,00.026564]
01_filter          	     97	00.044483	(00.000459 +- 00.000073)	[00.000302,00.003050]
02_preint          	     95	00.005913	(00.000062 +- 00.000011)	[00.000043,00.000085]
03_undistortion    	     95	00.126213	(00.001329 +- 00.000222)	[00.000945,00.003113]
04_sampling        	     95	00.103669	(00.001091 +- 00.000247)	[00.000581,00.007567]
05_registration    	     95	00.243065	(00.002559 +- 00.001009)	[00.001212,00.006570]
06_map             	     95	00.152002	(00.001600 +- 00.000355)	[00.000976,00.003079]
07_imu_opt         	     95	00.130894	(00.001378 +- 00.000999)	[00.000001,00.006213]
08_publish         	     95	01.992382	(00.020972 +- 00.004368)	[00.013230,00.028184]
step               	     97	02.816779	(00.029039 +- 00.005395)	[00.000316,00.041037]

INFO  Timings:
SM Timing
-----------
00_conversion_livox	     99	01.691400	(00.017085 +- 00.002614)	[00.013137,00.026564]
01_filter          	     98	00.044858	(00.000458 +- 00.000073)	[00.000302,00.003050]
02_preint          	     96	00.005968	(00.000062 +- 00.000011)	[00.000043,00.000085]
03_undistortion    	     96	00.127258	(00.001326 +- 00.000225)	[00.000945,00.003113]
04_sampling        	     96	00.104338	(00.001087 +- 00.000243)	[00.000581,00.007567]
05_registration    	     96	00.244680	(00.002549 +- 00.000982)	[00.001212,00.006570]
06_map             	     96	00.153191	(00.001596 +- 00.000332)	[00.000976,00.003079]
07_imu_opt         	     96	00.132781	(00.001383 +- 00.000992)	[00.000001,00.006213]
08_publish         	     96	02.007399	(00.020910 +- 00.004323)	[00.013230,00.028184]
step               	     98	02.838701	(00.028966 +- 00.005327)	[00.000316,00.041037]

INFO  Timings:
SM Timing
-----------
00_conversion_livox	    100	01.705276	(00.017053 +- 00.002649)	[00.013137,00.026564]
01_filter          	     99	00.045226	(00.000457 +- 00.000073)	[00.000302,00.003050]
02_preint          	     97	00.006024	(00.000062 +- 00.000011)	[00.000043,00.000085]
03_undistortion    	     97	00.128286	(00.001323 +- 00.000221)	[00.000945,00.003113]
04_sampling        	     97	00.105051	(00.001083 +- 00.000241)	[00.000581,00.007567]
05_registration    	     97	00.246938	(00.002546 +- 00.000983)	[00.001212,00.006570]
06_map             	     97	00.154553	(00.001593 +- 00.000331)	[00.000976,00.003079]
07_imu_opt         	     97	00.134385	(00.001385 +- 00.000986)	[00.000001,00.006213]
08_publish         	     97	02.022460	(00.020850 +- 00.004332)	[00.013230,00.028184]
step               	     99	02.861227	(00.028901 +- 00.005363)	[00.000316,00.041037]

INFO  Timings:
SM Timing
-----------
00_conversion_livox	    101	01.719181	(00.017022 +- 00.002411)	[00.013137,00.026564]
01_filter          	    100	00.045646	(00.000456 +- 00.000058)	[00.000302,00.003050]
02_preint          	     98	00.006062	(00.000062 +- 00.000011)	[00.000038,00.000085]
03_undistortion    	     98	00.129250	(00.001319 +- 00.000221)	[00.000945,00.003113]
04_sampling        	     98	00.105706	(00.001079 +- 00.000237)	[00.000581,00.007567]
05_registration    	     98	00.248043	(00.002531 +- 00.001002)	[00.001105,00.006570]
06_map             	     98	00.155801	(00.001590 +- 00.000329)	[00.000976,00.003079]
07_imu_opt         	     98	00.135921	(00.001387 +- 00.000984)	[00.000001,00.006213]
08_publish         	     98	02.037225	(00.020788 +- 00.004253)	[00.013230,00.028184]
step               	    100	02.882019	(00.028820 +- 00.005346)	[00.000316,00.041037]

INFO  Timings:
SM Timing
-----------
00_conversion_livox	    102	01.732796	(00.016988 +- 00.002466)	[00.013137,00.026564]
01_filter          	    101	00.046025	(00.000456 +- 00.000058)	[00.000302,00.003050]
02_preint          	     99	00.006118	(00.000062 +- 00.000011)	[00.000038,00.000085]
03_undistortion    	     99	00.130232	(00.001315 +- 00.000215)	[00.000945,00.003113]
04_sampling        	     99	00.106353	(00.001074 +- 00.000238)	[00.000581,00.007567]
05_registration    	     99	00.249253	(00.002518 +- 00.001017)	[00.001105,00.006570]
06_map             	     99	00.156916	(00.001585 +- 00.000330)	[00.000976,00.003079]
07_imu_opt         	     99	00.137959	(00.001394 +- 00.000977)	[00.000001,00.006213]
08_publish         	     99	02.052212	(00.020729 +- 00.004255)	[00.013230,00.028184]
step               	    101	02.903499	(00.028748 +- 00.005393)	[00.000316,00.041037]

INFO  Timings:
SM Timing
-----------
00_conversion_livox	    103	01.746234	(00.016954 +- 00.002494)	[00.013137,00.026564]
01_filter          	    102	00.046403	(00.000455 +- 00.000058)	[00.000302,00.003050]
02_preint          	    100	00.006170	(00.000062 +- 00.000011)	[00.000038,00.000085]
03_undistortion    	    100	00.131224	(00.001312 +- 00.000218)	[00.000945,00.003113]
04_sampling        	    100	00.106997	(00.001070 +- 00.000225)	[00.000581,00.007567]
05_registration    	    100	00.250655	(00.002507 +- 00.000837)	[00.001105,00.006570]
06_map             	    100	00.157970	(00.001580 +- 00.000331)	[00.000976,00.003079]
07_imu_opt         	    100	00.139548	(00.001395 +- 00.000974)	[00.000001,00.006213]
08_publish         	    100	02.067442	(00.020674 +- 00.004150)	[00.013230,00.028184]
step               	    102	02.924907	(00.028676 +- 00.005180)	[00.000316,00.041037]

INFO  Timings:
SM Timing
-----------
00_conversion_livox	    104	01.760034	(00.016923 +- 00.002535)	[00.013137,00.026564]
01_filter          	    103	00.046782	(00.000454 +- 00.000057)	[00.000302,00.003050]
02_preint          	    101	00.006226	(00.000062 +- 00.000011)	[00.000038,00.000085]
03_undistortion    	    101	00.132169	(00.001309 +- 00.000223)	[00.000945,00.003113]
04_sampling        	    101	00.107714	(00.001066 +- 00.000221)	[00.000581,00.007567]
05_registration    	    101	00.251893	(00.002494 +- 00.000851)	[00.001105,00.006570]
06_map             	    101	00.159213	(00.001576 +- 00.000330)	[00.000976,00.003079]
07_imu_opt         	    101	00.141233	(00.001398 +- 00.000968)	[00.000001,00.006213]
08_publish         	    101	02.083484	(00.020629 +- 00.004127)	[00.013230,00.028184]
step               	    103	02.947300	(00.028615 +- 00.005205)	[00.000316,00.041037]

INFO  Timings:
SM Timing
-----------
00_conversion_livox	    105	01.774012	(00.016895 +- 00.002553)	[00.013137,00.026564]
01_filter          	    104	00.047161	(00.000453 +- 00.000056)	[00.000302,00.003050]
02_preint          	    102	00.006290	(00.000062 +- 00.000011)	[00.000038,00.000085]
03_undistortion    	    102	00.133125	(00.001305 +- 00.000189)	[00.000945,00.003113]
04_sampling        	    102	00.108431	(00.001063 +- 00.000213)	[00.000581,00.007567]
05_registration    	    102	00.252816	(00.002479 +- 00.000872)	[00.000924,00.006570]
06_map             	    102	00.160390	(00.001572 +- 00.000327)	[00.000976,00.003079]
07_imu_opt         	    102	00.142932	(00.001401 +- 00.000965)	[00.000001,00.006213]
08_publish         	    102	02.099644	(00.020585 +- 00.004067)	[00.013230,00.028184]
step               	    104	02.969461	(00.028553 +- 00.005167)	[00.000316,00.041037]

INFO  Timings:
SM Timing
-----------
00_conversion_livox	    106	01.787950	(00.016867 +- 00.002578)	[00.013137,00.026564]
01_filter          	    105	00.047526	(00.000453 +- 00.000056)	[00.000302,00.003050]
02_preint          	    103	00.006351	(00.000062 +- 00.000011)	[00.000038,00.000085]
03_undistortion    	    103	00.134415	(00.001305 +- 00.000189)	[00.000945,00.003113]
04_sampling        	    103	00.109163	(00.001060 +- 00.000212)	[00.000581,00.007567]
05_registration    	    103	00.256040	(00.002486 +- 00.000882)	[00.000924,00.006570]
06_map             	    103	00.161599	(00.001569 +- 00.000328)	[00.000976,00.003079]
07_imu_opt         	    103	00.144682	(00.001405 +- 00.000962)	[00.000001,00.006213]
08_publish         	    103	02.117165	(00.020555 +- 00.004041)	[00.013230,00.028184]
step               	    105	02.995693	(00.028530 +- 00.005150)	[00.000316,00.041037]

INFO  Timings:
SM Timing
-----------
00_conversion_livox	    107	01.805212	(00.016871 +- 00.002574)	[00.013137,00.026564]
01_filter          	    106	00.048065	(00.000453 +- 00.000058)	[00.000302,00.003050]
02_preint          	    104	00.006402	(00.000062 +- 00.000011)	[00.000038,00.000085]
03_undistortion    	    104	00.135614	(00.001304 +- 00.000186)	[00.000945,00.003113]
04_sampling        	    104	00.109919	(00.001057 +- 00.000208)	[00.000581,00.007567]
05_registration    	    104	00.257672	(00.002478 +- 00.000887)	[00.000924,00.006570]
06_map             	    104	00.162918	(00.001567 +- 00.000312)	[00.000976,00.003079]
07_imu_opt         	    104	00.146661	(00.001410 +- 00.000949)	[00.000001,00.006213]
08_publish         	    104	02.136057	(00.020539 +- 00.003934)	[00.013230,00.028184]
step               	    106	03.022168	(00.028511 +- 00.005061)	[00.000316,00.041037]

INFO  Timings:
SM Timing
-----------
00_conversion_livox	    108	01.820842	(00.016860 +- 00.002566)	[00.013137,00.026564]
01_filter          	    107	00.048483	(00.000453 +- 00.000056)	[00.000302,00.003050]
02_preint          	    105	00.006459	(00.000062 +- 00.000011)	[00.000038,00.000085]
03_undistortion    	    105	00.136596	(00.001301 +- 00.000188)	[00.000945,00.003113]
04_sampling        	    105	00.110617	(00.001053 +- 00.000204)	[00.000581,00.007567]
05_registration    	    105	00.259433	(00.002471 +- 00.000821)	[00.000924,00.006570]
06_map             	    105	00.164232	(00.001564 +- 00.000310)	[00.000976,00.003079]
07_imu_opt         	    105	00.148436	(00.001414 +- 00.000944)	[00.000001,00.006213]
08_publish         	    105	02.154446	(00.020519 +- 00.003833)	[00.013230,00.028184]
step               	    107	03.047701	(00.028483 +- 00.004915)	[00.000316,00.041037]

INFO  Timings:
SM Timing
-----------
00_conversion_livox	    109	01.837291	(00.016856 +- 00.002554)	[00.013137,00.026564]
01_filter          	    108	00.048915	(00.000453 +- 00.000056)	[00.000302,00.003050]
02_preint          	    106	00.006531	(00.000062 +- 00.000011)	[00.000038,00.000085]
03_undistortion    	    106	00.137843	(00.001300 +- 00.000187)	[00.000945,00.003113]
04_sampling        	    106	00.111701	(00.001054 +- 00.000203)	[00.000581,00.007567]
05_registration    	    106	00.260688	(00.002459 +- 00.000803)	[00.000924,00.006570]
06_map             	    106	00.165644	(00.001563 +- 00.000306)	[00.000976,00.003079]
07_imu_opt         	    106	00.150462	(00.001419 +- 00.000938)	[00.000001,00.006213]
08_publish         	    106	02.175436	(00.020523 +- 00.003735)	[00.013230,00.028184]
step               	    108	03.076355	(00.028485 +- 00.004785)	[00.000316,00.041037]

INFO  Timings:
SM Timing
-----------
00_conversion_livox	    110	01.854421	(00.016858 +- 00.002512)	[00.013137,00.026564]
01_filter          	    109	00.049352	(00.000453 +- 00.000055)	[00.000302,00.003050]
02_preint          	    107	00.006610	(00.000062 +- 00.000011)	[00.000038,00.000085]
03_undistortion    	    107	00.139018	(00.001299 +- 00.000183)	[00.000945,00.003113]
04_sampling        	    107	00.112653	(00.001053 +- 00.000183)	[00.000581,00.007567]
05_registration    	    107	00.262668	(00.002455 +- 00.000776)	[00.000924,00.006570]
06_map             	    107	00.167108	(00.001562 +- 00.000297)	[00.000976,00.003079]
07_imu_opt         	    107	00.152404	(00.001424 +- 00.000934)	[00.000001,00.006213]
08_publish         	    107	02.195694	(00.020521 +- 00.003526)	[00.013230,00.028184]
step               	    109	03.104766	(00.028484 +- 00.004520)	[00.000316,00.041037]

INFO  Timings:
SM Timing
-----------
00_conversion_livox	    111	01.870974	(00.016856 +- 00.002495)	[00.013137,00.026564]
01_filter          	    110	00.049825	(00.000453 +- 00.000055)	[00.000302,00.003050]
02_preint          	    108	00.006668	(00.000062 +- 00.000011)	[00.000038,00.000085]
03_undistortion    	    108	00.140261	(00.001299 +- 00.000179)	[00.000945,00.003113]
04_sampling        	    108	00.113425	(00.001050 +- 00.000177)	[00.000581,00.007567]
05_registration    	    108	00.264070	(00.002445 +- 00.000782)	[00.000924,00.006570]
06_map             	    108	00.168628	(00.001561 +- 00.000290)	[00.000976,00.003079]
07_imu_opt         	    108	00.154383	(00.001429 +- 00.000920)	[00.000001,00.006213]
08_publish         	    108	02.217636	(00.020534 +- 00.003461)	[00.013230,00.028184]
step               	    110	03.134272	(00.028493 +- 00.004456)	[00.000316,00.041037]

INFO  Timings:
SM Timing
-----------
00_conversion_livox	    112	01.890341	(00.016878 +- 00.002493)	[00.013137,00.026564]
01_filter          	    111	00.050237	(00.000453 +- 00.000055)	[00.000302,00.003050]
02_preint          	    109	00.006741	(00.000062 +- 00.000011)	[00.000038,00.000085]
03_undistortion    	    109	00.141614	(00.001299 +- 00.000173)	[00.000945,00.003113]
04_sampling        	    109	00.114209	(00.001048 +- 00.000154)	[00.000581,00.007567]
05_registration    	    109	00.266271	(00.002443 +- 00.000733)	[00.000924,00.006570]
06_map             	    109	00.170477	(00.001564 +- 00.000289)	[00.000976,00.003079]
07_imu_opt         	    109	00.156670	(00.001437 +- 00.000915)	[00.000001,00.006213]
08_publish         	    109	02.241164	(00.020561 +- 00.003407)	[00.013230,00.028184]
step               	    111	03.166900	(00.028531 +- 00.004336)	[00.000316,00.041037]

INFO  Timings:
SM Timing
-----------
00_conversion_livox	    113	01.908817	(00.016892 +- 00.002497)	[00.013137,00.026564]
01_filter          	    112	00.050668	(00.000452 +- 00.000053)	[00.000302,00.003050]
02_preint          	    110	00.006815	(00.000062 +- 00.000011)	[00.000038,00.000085]
03_undistortion    	    110	00.143546	(00.001305 +- 00.000201)	[00.000945,00.003113]
04_sampling        	    110	00.119167	(00.001083 +- 00.000602)	[00.000581,00.007567]
05_registration    	    110	00.268298	(00.002439 +- 00.000732)	[00.000924,00.006570]
06_map             	    110	00.171866	(00.001562 +- 00.000286)	[00.000976,00.003079]
07_imu_opt         	    110	00.158919	(00.001445 +- 00.000900)	[00.000001,00.006213]
08_publish         	    110	02.264693	(00.020588 +- 00.003435)	[00.013230,00.028184]
step               	    112	03.203639	(00.028604 +- 00.004534)	[00.000316,00.041037]

INFO  Timings:
SM Timing
-----------
00_conversion_livox	    114	01.929583	(00.016926 +- 00.002553)	[00.013137,00.026564]
01_filter          	    113	00.051307	(00.000454 +- 00.000062)	[00.000302,00.003050]
02_preint          	    111	00.006884	(00.000062 +- 00.000011)	[00.000038,00.000085]
03_undistortion    	    111	00.144929	(00.001306 +- 00.000202)	[00.000945,00.003113]
04_sampling        	    111	00.120151	(00.001082 +- 00.000602)	[00.000581,00.007567]
05_registration    	    111	00.270599	(00.002438 +- 00.000693)	[00.000924,00.006570]
06_map             	    111	00.173397	(00.001562 +- 00.000285)	[00.000976,00.003079]
07_imu_opt         	    111	00.161316	(00.001453 +- 00.000899)	[00.000001,00.006213]
08_publish         	    111	02.288652	(00.020618 +- 00.003425)	[00.013230,00.028184]
step               	    113	03.237065	(00.028647 +- 00.004506)	[00.000316,00.041037]

INFO  Timings:
SM Timing
-----------
00_conversion_livox	    115	01.948367	(00.016942 +- 00.002508)	[00.013137,00.026564]
01_filter          	    114	00.051767	(00.000454 +- 00.000062)	[00.000302,00.003050]
02_preint          	    112	00.006954	(00.000062 +- 00.000011)	[00.000038,00.000085]
03_undistortion    	    112	00.146081	(00.001304 +- 00.000202)	[00.000945,00.003113]
04_sampling        	    112	00.120986	(00.001080 +- 00.000600)	[00.000581,00.007567]
05_registration    	    112	00.271831	(00.002427 +- 00.000676)	[00.000924,00.006570]
06_map             	    112	00.174858	(00.001561 +- 00.000211)	[00.000976,00.003079]
07_imu_opt         	    112	00.163365	(00.001459 +- 00.000898)	[00.000001,00.006213]
08_publish         	    112	02.309041	(00.020616 +- 00.003309)	[00.013230,00.028184]
step               	    114	03.264834	(00.028639 +- 00.004311)	[00.000316,00.041037]

INFO  Timings:
SM Timing
-----------
00_conversion_livox	    116	01.964480	(00.016935 +- 00.002468)	[00.013137,00.026564]
01_filter          	    115	00.052205	(00.000454 +- 00.000062)	[00.000302,00.003050]
02_preint          	    113	00.007018	(00.000062 +- 00.000010)	[00.000038,00.000085]
03_undistortion    	    113	00.147250	(00.001303 +- 00.000202)	[00.000945,00.003113]
04_sampling        	    113	00.122015	(00.001080 +- 00.000600)	[00.000581,00.007567]
05_registration    	    113	00.273947	(00.002424 +- 00.000676)	[00.000924,00.006570]
06_map             	    113	00.176584	(00.001563 +- 00.000217)	[00.000976,00.003079]
07_imu_opt         	    113	00.165495	(00.001465 +- 00.000894)	[00.000001,00.006213]
08_publish         	    113	02.331348	(00.020631 +- 00.003246)	[00.013230,00.028184]
step               	    115	03.295922	(00.028660 +- 00.004281)	[00.000316,00.041037]

INFO  Timings:
SM Timing
-----------
00_conversion_livox	    117	01.988607	(00.016997 +- 00.002641)	[00.013137,00.026564]
01_filter          	    116	00.052792	(00.000455 +- 00.000066)	[00.000302,00.003050]
02_preint          	    114	00.007100	(00.000062 +- 00.000011)	[00.000038,00.000085]
03_undistortion    	    114	00.148939	(00.001306 +- 00.000210)	[00.000945,00.003113]
04_sampling        	    114	00.123147	(00.001080 +- 00.000601)	[00.000581,00.007567]
05_registration    	    114	00.276734	(00.002427 +- 00.000670)	[00.000924,00.006570]
06_map             	    114	00.178395	(00.001565 +- 00.000223)	[00.000976,00.003079]
07_imu_opt         	    114	00.168211	(00.001476 +- 00.000897)	[00.000001,00.006213]
08_publish         	    114	02.361466	(00.020715 +- 00.003601)	[00.013230,00.030118]
step               	    116	03.337004	(00.028767 +- 00.004677)	[00.000316,00.041082]

INFO  Timings:
SM Timing
-----------
00_conversion_livox	    118	02.020059	(00.017119 +- 00.003325)	[00.013137,00.031452]
01_filter          	    117	00.053517	(00.000457 +- 00.000078)	[00.000302,00.003050]
02_preint          	    115	00.007183	(00.000062 +- 00.000011)	[00.000038,00.000085]
03_undistortion    	    115	00.151418	(00.001317 +- 00.000275)	[00.000945,00.003113]
04_sampling        	    115	00.124643	(00.001084 +- 00.000608)	[00.000581,00.007567]
05_registration    	    115	00.280169	(00.002436 +- 00.000692)	[00.000924,00.006570]
06_map             	    115	00.182714	(00.001589 +- 00.000470)	[00.000976,00.004319]
07_imu_opt         	    115	00.171504	(00.001491 +- 00.000908)	[00.000001,00.006213]
08_publish         	    115	02.397085	(00.020844 +- 00.004280)	[00.013230,00.035620]
step               	    117	03.388688	(00.028963 +- 00.005783)	[00.000316,00.051684]

INFO  Timings:
SM Timing
-----------
00_conversion_livox	    119	02.052639	(00.017249 +- 00.003910)	[00.013137,00.032580]
01_filter          	    118	00.054177	(00.000459 +- 00.000085)	[00.000302,00.003050]
02_preint          	    116	00.007288	(00.000063 +- 00.000012)	[00.000038,00.000104]
03_undistortion    	    116	00.153256	(00.001321 +- 00.000287)	[00.000945,00.003113]
04_sampling        	    116	00.126284	(00.001089 +- 00.000617)	[00.000581,00.007567]
05_registration    	    116	00.283813	(00.002447 +- 00.000728)	[00.000924,00.006570]
06_map             	    116	00.184873	(00.001594 +- 00.000480)	[00.000976,00.004319]
07_imu_opt         	    116	00.174980	(00.001508 +- 00.000924)	[00.000001,00.006213]
08_publish         	    116	02.429484	(00.020944 +- 00.004643)	[00.013230,00.035620]
step               	    118	03.434796	(00.029108 +- 00.006325)	[00.000316,00.051684]

INFO  Timings:
SM Timing
-----------
00_conversion_livox	    120	02.080025	(00.017334 +- 00.004137)	[00.013137,00.032580]
01_filter          	    119	00.054767	(00.000460 +- 00.000088)	[00.000302,00.003050]
02_preint          	    117	00.007373	(00.000063 +- 00.000012)	[00.000038,00.000104]
03_undistortion    	    117	00.154950	(00.001324 +- 00.000293)	[00.000945,00.003113]
04_sampling        	    117	00.127567	(00.001090 +- 00.000619)	[00.000581,00.007567]
05_registration    	    117	00.285753	(00.002442 +- 00.000724)	[00.000924,00.006570]
06_map             	    117	00.187044	(00.001599 +- 00.000490)	[00.000976,00.004319]
07_imu_opt         	    117	00.178296	(00.001524 +- 00.000932)	[00.000001,00.006213]
08_publish         	    117	02.459573	(00.021022 +- 00.004855)	[00.013230,00.035620]
step               	    119	03.476109	(00.029211 +- 00.006592)	[00.000316,00.051684]

INFO  Timings:
SM Timing
-----------
00_conversion_livox	    121	02.106534	(00.017409 +- 00.004290)	[00.013137,00.032580]
01_filter          	    120	00.055346	(00.000461 +- 00.000091)	[00.000302,00.003050]
02_preint          	    118	00.007466	(00.000063 +- 00.000013)	[00.000038,00.000104]
03_undistortion    	    118	00.156480	(00.001326 +- 00.000296)	[00.000945,00.003113]
04_sampling        	    118	00.128552	(00.001089 +- 00.000619)	[00.000581,00.007567]
05_registration    	    118	00.286978	(00.002432 +- 00.000705)	[00.000924,00.006570]
06_map             	    118	00.188938	(00.001601 +- 00.000494)	[00.000976,00.004319]
07_imu_opt         	    118	00.181203	(00.001536 +- 00.000935)	[00.000001,00.006213]
08_publish         	    118	02.486156	(00.021069 +- 00.004934)	[00.013230,00.035620]
step               	    120	03.512065	(00.029267 +- 00.006650)	[00.000316,00.051684]

INFO  Timings:
SM Timing
-----------
00_conversion_livox	    122	02.132131	(00.017476 +- 00.004425)	[00.013137,00.032580]
01_filter          	    121	00.055907	(00.000462 +- 00.000092)	[00.000302,00.003050]
02_preint          	    119	00.007551	(00.000063 +- 00.000013)	[00.000038,00.000104]
03_undistortion    	    119	00.158523	(00.001332 +- 00.000314)	[00.000945,00.003113]
04_sampling        	    119	00.129582	(00.001089 +- 00.000618)	[00.000581,00.007567]
05_registration    	    119	00.289392	(00.002432 +- 00.000700)	[00.000924,00.006570]
06_map             	    119	00.193256	(00.001624 +- 00.000638)	[00.000976,00.004319]
07_imu_opt         	    119	00.184368	(00.001549 +- 00.000938)	[00.000001,00.006213]
08_publish         	    119	02.516747	(00.021149 +- 00.005151)	[00.013230,00.035620]
step               	    121	03.556431	(00.029392 +- 00.007026)	[00.000316,00.051684]

INFO  Timings:
SM Timing
-----------
00_conversion_livox	    123	02.163802	(00.017592 +- 00.004835)	[00.013137,00.032580]
01_filter          	    122	00.056574	(00.000464 +- 00.000097)	[00.000302,00.003050]
02_preint          	    120	00.007632	(00.000064 +- 00.000013)	[00.000038,00.000104]
03_undistortion    	    120	00.160610	(00.001338 +- 00.000333)	[00.000945,00.003113]
04_sampling        	    120	00.130766	(00.001090 +- 00.000620)	[00.000581,00.007567]
05_registration    	    120	00.292400	(00.002437 +- 00.000707)	[00.000924,00.006570]
06_map             	    120	00.195348	(00.001628 +- 00.000643)	[00.000976,00.004319]
07_imu_opt         	    120	00.187779	(00.001565 +- 00.000948)	[00.000001,00.006213]
08_publish         	    120	02.546761	(00.021223 +- 00.005330)	[00.013230,00.035620]
step               	    122	03.599158	(00.029501 +- 00.007288)	[00.000316,00.051684]

INFO  Timings:
SM Timing
-----------
00_conversion_livox	    124	02.190298	(00.017664 +- 00.004975)	[00.013137,00.032580]
01_filter          	    123	00.057223	(00.000465 +- 00.000101)	[00.000302,00.003050]
02_preint          	    121	00.007707	(00.000064 +- 00.000013)	[00.000038,00.000104]
03_undistortion    	    121	00.162153	(00.001340 +- 00.000333)	[00.000945,00.003113]
04_sampling        	    121	00.131879	(00.001090 +- 00.000620)	[00.000581,00.007567]
05_registration    	    121	00.293741	(00.002428 +- 00.000714)	[00.000924,00.006570]
06_map             	    121	00.197248	(00.001630 +- 00.000645)	[00.000976,00.004319]
07_imu_opt         	    121	00.190832	(00.001577 +- 00.000946)	[00.000001,00.006213]
08_publish         	    121	02.574046	(00.021273 +- 00.005438)	[00.013230,00.035620]
step               	    123	03.636279	(00.029563 +- 00.007393)	[00.000316,00.051684]

INFO  Timings:
SM Timing
-----------
00_conversion_livox	    125	02.210034	(00.017680 +- 00.004979)	[00.013137,00.032580]
01_filter          	    124	00.057691	(00.000465 +- 00.000101)	[00.000302,00.003050]
02_preint          	    122	00.007773	(00.000064 +- 00.000013)	[00.000038,00.000104]
03_undistortion    	    122	00.163419	(00.001339 +- 00.000332)	[00.000945,00.003113]
04_sampling        	    122	00.132799	(00.001089 +- 00.000620)	[00.000581,00.007567]
05_registration    	    122	00.296374	(00.002429 +- 00.000711)	[00.000924,00.006570]
06_map             	    122	00.198665	(00.001628 +- 00.000645)	[00.000976,00.004319]
07_imu_opt         	    122	00.192892	(00.001581 +- 00.000944)	[00.000001,00.006213]
08_publish         	    122	02.594359	(00.021265 +- 00.005436)	[00.013230,00.035620]
step               	    124	03.665544	(00.029561 +- 00.007391)	[00.000316,00.051684]

INFO  Timings:
SM Timing
-----------
00_conversion_livox	    126	02.226704	(00.017672 +- 00.004982)	[00.013137,00.032580]
01_filter          	    125	00.058121	(00.000465 +- 00.000101)	[00.000302,00.003050]
02_preint          	    123	00.007840	(00.000064 +- 00.000013)	[00.000038,00.000104]
03_undistortion    	    123	00.164486	(00.001337 +- 00.000334)	[00.000945,00.003113]
04_sampling        	    123	00.133626	(00.001086 +- 00.000620)	[00.000581,00.007567]
05_registration    	    123	00.298116	(00.002424 +- 00.000711)	[00.000924,00.006570]
06_map             	    123	00.199754	(00.001624 +- 00.000648)	[00.000976,00.004319]
07_imu_opt         	    123	00.194876	(00.001584 +- 00.000943)	[00.000001,00.006213]
08_publish         	    123	02.611945	(00.021235 +- 00.005436)	[00.013230,00.035620]
step               	    125	03.690474	(00.029524 +- 00.007406)	[00.000316,00.051684]

INFO  Timings:
SM Timing
-----------
00_conversion_livox	    127	02.241868	(00.017653 +- 00.005000)	[00.013137,00.032580]
01_filter          	    126	00.058541	(00.000465 +- 00.000101)	[00.000302,00.003050]
02_preint          	    124	00.007895	(00.000064 +- 00.000013)	[00.000038,00.000104]
03_undistortion    	    124	00.165570	(00.001335 +- 00.000335)	[00.000945,00.003113]
04_sampling        	    124	00.134276	(00.001083 +- 00.000621)	[00.000581,00.007567]
05_registration    	    124	00.299514	(00.002415 +- 00.000716)	[00.000924,00.006570]
06_map             	    124	00.201032	(00.001621 +- 00.000648)	[00.000976,00.004319]
07_imu_opt         	    124	00.196616	(00.001586 +- 00.000921)	[00.000001,00.006213]
08_publish         	    124	02.630190	(00.021211 +- 00.005439)	[00.013230,00.035620]
step               	    126	03.715581	(00.029489 +- 00.007412)	[00.000316,00.051684]

INFO  Timings:
SM Timing
-----------
00_conversion_livox	    128	02.257145	(00.017634 +- 00.005012)	[00.013137,00.032580]
01_filter          	    127	00.058940	(00.000464 +- 00.000101)	[00.000302,00.003050]
02_preint          	    125	00.007954	(00.000064 +- 00.000013)	[00.000038,00.000104]
03_undistortion    	    125	00.166815	(00.001335 +- 00.000334)	[00.000945,00.003113]
04_sampling        	    125	00.134926	(00.001079 +- 00.000622)	[00.000581,00.007567]
05_registration    	    125	00.300501	(00.002404 +- 00.000730)	[00.000924,00.006570]
06_map             	    125	00.202176	(00.001617 +- 00.000650)	[00.000976,00.004319]
07_imu_opt         	    125	00.198682	(00.001589 +- 00.000922)	[00.000001,00.006213]
08_publish         	    125	02.648026	(00.021184 +- 00.005443)	[00.013230,00.035620]
step               	    127	03.740081	(00.029449 +- 00.007430)	[00.000316,00.051684]

INFO  Timings:
SM Timing
-----------
00_conversion_livox	    129	02.272804	(00.017619 +- 00.005013)	[00.013137,00.032580]
01_filter          	    128	00.059330	(00.000464 +- 00.000101)	[00.000302,00.003050]
02_preint          	    126	00.008002	(00.000064 +- 00.000013)	[00.000038,00.000104]
03_undistortion    	    126	00.167903	(00.001333 +- 00.000332)	[00.000945,00.003113]
04_sampling        	    126	00.135728	(00.001077 +- 00.000622)	[00.000581,00.007567]
05_registration    	    126	00.301432	(00.002392 +- 00.000737)	[00.000924,00.006570]
06_map             	    126	00.203371	(00.001614 +- 00.000649)	[00.000976,00.004319]
07_imu_opt         	    126	00.200395	(00.001590 +- 00.000917)	[00.000001,00.006213]
08_publish         	    126	02.666126	(00.021160 +- 00.005432)	[00.013230,00.035620]
step               	    128	03.764423	(00.029410 +- 00.007435)	[00.000316,00.051684]

INFO  Timings:
SM Timing
-----------
00_conversion_livox	    130	02.287345	(00.017595 +- 00.005014)	[00.013137,00.032580]
01_filter          	    129	00.059729	(00.000463 +- 00.000101)	[00.000302,00.003050]
02_preint          	    127	00.008051	(00.000063 +- 00.000013)	[00.000038,00.000104]
03_undistortion    	    127	00.169644	(00.001336 +- 00.000336)	[00.000945,00.003113]
04_sampling        	    127	00.136497	(00.001075 +- 00.000620)	[00.000581,00.007567]
05_registration    	    127	00.302835	(00.002385 +- 00.000739)	[00.000924,00.006570]
06_map             	    127	00.204528	(00.001610 +- 00.000649)	[00.000976,00.004319]
07_imu_opt         	    127	00.201958	(00.001590 +- 00.000919)	[00.000001,00.006213]
08_publish         	    127	02.682349	(00.021121 +- 00.005417)	[00.013230,00.035620]
step               	    129	03.787809	(00.029363 +- 00.007406)	[00.000316,00.051684]

INFO  Timings:
SM Timing
-----------
00_conversion_livox	    131	02.300849	(00.017564 +- 00.005031)	[00.013137,00.032580]
01_filter          	    130	00.060106	(00.000462 +- 00.000101)	[00.000302,00.003050]
02_preint          	    128	00.008096	(00.000063 +- 00.000013)	[00.000038,00.000104]
03_undistortion    	    128	00.170738	(00.001334 +- 00.000335)	[00.000945,00.003113]
04_sampling        	    128	00.137358	(00.001073 +- 00.000619)	[00.000581,00.007567]
05_registration    	    128	00.304062	(00.002375 +- 00.000745)	[00.000924,00.006570]
06_map             	    128	00.205695	(00.001607 +- 00.000648)	[00.000976,00.004319]
07_imu_opt         	    128	00.205093	(00.001602 +- 00.000921)	[00.000001,00.006213]
08_publish         	    128	02.698116	(00.021079 +- 00.005409)	[00.013230,00.035620]
step               	    130	03.811565	(00.029320 +- 00.007399)	[00.000316,00.051684]

INFO  Timings:
SM Timing
-----------
00_conversion_livox	    132	02.313060	(00.017523 +- 00.005078)	[00.012211,00.032580]
01_filter          	    131	00.060493	(00.000462 +- 00.000101)	[00.000302,00.003050]
02_preint          	    129	00.008146	(00.000063 +- 00.000014)	[00.000038,00.000104]
03_undistortion    	    129	00.171920	(00.001333 +- 00.000333)	[00.000945,00.003113]
04_sampling        	    129	00.138214	(00.001071 +- 00.000618)	[00.000581,00.007567]
05_registration    	    129	00.305388	(00.002367 +- 00.000748)	[00.000924,00.006570]
06_map             	    129	00.206769	(00.001603 +- 00.000650)	[00.000976,00.004319]
07_imu_opt         	    129	00.206604	(00.001602 +- 00.000929)	[00.000001,00.006213]
08_publish         	    129	02.713495	(00.021035 +- 00.005400)	[00.013230,00.035620]
step               	    131	03.833437	(00.029263 +- 00.007405)	[00.000316,00.051684]

INFO  Timings:
SM Timing
-----------
00_conversion_livox	    133	02.324549	(00.017478 +- 00.005142)	[00.011489,00.032580]
01_filter          	    132	00.060967	(00.000462 +- 00.000099)	[00.000302,00.003050]
02_preint          	    130	00.008193	(00.000063 +- 00.000014)	[00.000038,00.000104]
03_undistortion    	    130	00.173173	(00.001332 +- 00.000330)	[00.000945,00.003113]
04_sampling        	    130	00.138948	(00.001069 +- 00.000616)	[00.000581,00.007567]
05_registration    	    130	00.306682	(00.002359 +- 00.000732)	[00.000924,00.006570]
06_map             	    130	00.207805	(00.001599 +- 00.000651)	[00.000976,00.004319]
07_imu_opt         	    130	00.208202	(00.001602 +- 00.000931)	[00.000001,00.006213]
08_publish         	    130	02.728174	(00.020986 +- 00.005408)	[00.013230,00.035620]
step               	    132	03.854635	(00.029202 +- 00.007437)	[00.000316,00.051684]

INFO  Timings:
SM Timing
-----------
00_conversion_livox	    134	02.335480	(00.017429 +- 00.005229)	[00.010930,00.032580]
01_filter          	    133	00.061369	(00.000461 +- 00.000099)	[00.000302,00.003050]
02_preint          	    131	00.008241	(00.000063 +- 00.000014)	[00.000038,00.000104]
03_undistortion    	    131	00.174342	(00.001331 +- 00.000329)	[00.000945,00.003113]
04_sampling        	    131	00.139743	(00.001067 +- 00.000616)	[00.000581,00.007567]
05_registration    	    131	00.308512	(00.002355 +- 00.000732)	[00.000924,00.006570]
06_map             	    131	00.208914	(00.001595 +- 00.000651)	[00.000976,00.004319]
07_imu_opt         	    131	00.209777	(00.001601 +- 00.000930)	[00.000001,00.006213]
08_publish         	    131	02.742870	(00.020938 +- 00.005423)	[00.013230,00.035620]
step               	    133	03.876341	(00.029145 +- 00.007446)	[00.000316,00.051684]

INFO  Timings:
SM Timing
-----------
00_conversion_livox	    135	02.346508	(00.017382 +- 00.005314)	[00.010930,00.032580]
01_filter          	    134	00.061816	(00.000461 +- 00.000099)	[00.000302,00.003050]
02_preint          	    132	00.008292	(00.000063 +- 00.000014)	[00.000038,00.000104]
03_undistortion    	    132	00.175547	(00.001330 +- 00.000328)	[00.000945,00.003113]
04_sampling        	    132	00.140482	(00.001064 +- 00.000615)	[00.000581,00.007567]
05_registration    	    132	00.309692	(00.002346 +- 00.000739)	[00.000924,00.006570]
06_map             	    132	00.209910	(00.001590 +- 00.000653)	[00.000976,00.004319]
07_imu_opt         	    132	00.211308	(00.001601 +- 00.000919)	[00.000001,00.006213]
08_publish         	    132	02.757291	(00.020889 +- 00.005450)	[00.013230,00.035620]
step               	    134	03.896991	(00.029082 +- 00.007508)	[00.000316,00.051684]

INFO  Timings:
SM Timing
-----------
00_conversion_livox	    136	02.357305	(00.017333 +- 00.005402)	[00.010797,00.032580]
01_filter          	    135	00.062210	(00.000461 +- 00.000099)	[00.000302,00.003050]
02_preint          	    133	00.008342	(00.000063 +- 00.000014)	[00.000038,00.000104]
03_undistortion    	    133	00.176786	(00.001329 +- 00.000328)	[00.000945,00.003113]
04_sampling        	    133	00.141211	(00.001062 +- 00.000616)	[00.000581,00.007567]
05_registration    	    133	00.310782	(00.002337 +- 00.000747)	[00.000924,00.006570]
06_map             	    133	00.210883	(00.001586 +- 00.000655)	[00.000972,00.004319]
07_imu_opt         	    133	00.212753	(00.001600 +- 00.000926)	[00.000001,00.006213]
08_publish         	    133	02.771592	(00.020839 +- 00.005486)	[00.013230,00.035620]
step               	    135	03.917287	(00.029017 +- 00.007577)	[00.000316,00.051684]

INFO  Timings:
SM Timing
-----------
00_conversion_livox	    137	02.370079	(00.017300 +- 00.005430)	[00.010797,00.032580]
01_filter          	    136	00.062627	(00.000460 +- 00.000098)	[00.000302,00.003050]
02_preint          	    134	00.008392	(00.000063 +- 00.000014)	[00.000038,00.000104]
03_undistortion    	    134	00.178135	(00.001329 +- 00.000328)	[00.000945,00.003113]
04_sampling        	    134	00.141981	(00.001060 +- 00.000615)	[00.000581,00.007567]
05_registration    	    134	00.312880	(00.002335 +- 00.000746)	[00.000924,00.006570]
06_map             	    134	00.212121	(00.001583 +- 00.000656)	[00.000972,00.004319]
07_imu_opt         	    134	00.214315	(00.001599 +- 00.000931)	[00.000001,00.006213]
08_publish         	    134	02.787069	(00.020799 +- 00.005509)	[00.013230,00.035620]
step               	    136	03.940341	(00.028973 +- 00.007602)	[00.000316,00.051684]

INFO  Timings:
SM Timing
-----------
00_conversion_livox	    138	02.382934	(00.017268 +- 00.005463)	[00.010797,00.032580]
01_filter          	    137	00.063054	(00.000460 +- 00.000098)	[00.000302,00.003050]
02_preint          	    135	00.008449	(00.000063 +- 00.000014)	[00.000038,00.000104]
03_undistortion    	    135	00.179307	(00.001328 +- 00.000328)	[00.000945,00.003113]
04_sampling        	    135	00.142701	(00.001057 +- 00.000615)	[00.000581,00.007567]
05_registration    	    135	00.313996	(00.002326 +- 00.000748)	[00.000924,00.006570]
06_map             	    135	00.213111	(00.001579 +- 00.000659)	[00.000972,00.004319]
07_imu_opt         	    135	00.215937	(00.001600 +- 00.000905)	[00.000001,00.006213]
08_publish         	    135	02.802117	(00.020756 +- 00.005530)	[00.013230,00.035620]
step               	    137	03.961576	(00.028917 +- 00.007658)	[00.000316,00.051684]

INFO  Timings:
SM Timing
-----------
00_conversion_livox	    139	02.396163	(00.017239 +- 00.005492)	[00.010797,00.032580]
01_filter          	    138	00.063507	(00.000460 +- 00.000098)	[00.000302,00.003050]
02_preint          	    136	00.008500	(00.000062 +- 00.000014)	[00.000038,00.000104]
03_undistortion    	    136	00.180536	(00.001327 +- 00.000327)	[00.000945,00.003113]
04_sampling        	    136	00.143439	(00.001055 +- 00.000615)	[00.000581,00.007567]
05_registration    	    136	00.315130	(00.002317 +- 00.000717)	[00.000924,00.006570]
06_map             	    136	00.214332	(00.001576 +- 00.000659)	[00.000972,00.004319]
07_imu_opt         	    136	00.217509	(00.001599 +- 00.000872)	[00.000001,00.006213]
08_publish         	    136	02.817401	(00.020716 +- 00.005553)	[00.013230,00.035620]
step               	    138	03.983373	(00.028865 +- 00.007702)	[00.000316,00.051684]

INFO  Timings:
SM Timing
-----------
00_conversion_livox	    140	02.409402	(00.017210 +- 00.005507)	[00.010797,00.032580]
01_filter          	    139	00.063923	(00.000460 +- 00.000098)	[00.000302,00.003050]
02_preint          	    137	00.008557	(00.000062 +- 00.000014)	[00.000038,00.000104]
03_undistortion    	    137	00.181610	(00.001326 +- 00.000329)	[00.000945,00.003113]
04_sampling        	    137	00.144148	(00.001052 +- 00.000616)	[00.000581,00.007567]
05_registration    	    137	00.316436	(00.002310 +- 00.000695)	[00.000924,00.006570]
06_map             	    137	00.215336	(00.001572 +- 00.000663)	[00.000972,00.004319]
07_imu_opt         	    137	00.219185	(00.001600 +- 00.000657)	[00.000001,00.006213]
08_publish         	    137	02.832834	(00.020678 +- 00.005579)	[00.013230,00.035620]
step               	    139	04.005158	(00.028814 +- 00.007722)	[00.000316,00.051684]

INFO  Timings:
SM Timing
-----------
00_conversion_livox	    141	02.422814	(00.017183 +- 00.005518)	[00.010797,00.032580]
01_filter          	    140	00.064346	(00.000460 +- 00.000097)	[00.000302,00.003050]
02_preint          	    138	00.008609	(00.000062 +- 00.000014)	[00.000038,00.000104]
03_undistortion    	    138	00.182767	(00.001324 +- 00.000327)	[00.000945,00.003113]
04_sampling        	    138	00.144782	(00.001049 +- 00.000617)	[00.000581,00.007567]
05_registration    	    138	00.317694	(00.002302 +- 00.000670)	[00.000924,00.006570]
06_map             	    138	00.216407	(00.001568 +- 00.000664)	[00.000972,00.004319]
07_imu_opt         	    138	00.220796	(00.001600 +- 00.000660)	[00.000001,00.006213]
08_publish         	    138	02.848423	(00.020641 +- 00.005600)	[00.013230,00.035620]
step               	    140	04.027070	(00.028765 +- 00.007760)	[00.000316,00.051684]

INFO  Timings:
SM Timing
-----------
00_conversion_livox	    142	02.436112	(00.017156 +- 00.005537)	[00.010797,00.032580]
01_filter          	    141	00.064783	(00.000459 +- 00.000097)	[00.000302,00.003050]
02_preint          	    139	00.008661	(00.000062 +- 00.000014)	[00.000038,00.000104]
03_undistortion    	    139	00.183880	(00.001323 +- 00.000327)	[00.000945,00.003113]
04_sampling        	    139	00.145491	(00.001047 +- 00.000617)	[00.000581,00.007567]
05_registration    	    139	00.318943	(00.002295 +- 00.000671)	[00.000924,00.006570]
06_map             	    139	00.217512	(00.001565 +- 00.000666)	[00.000972,00.004319]
07_imu_opt         	    139	00.222447	(00.001600 +- 00.000662)	[00.000001,00.006213]
08_publish         	    139	02.863939	(00.020604 +- 00.005611)	[00.013230,00.035620]
step               	    141	04.049010	(00.028716 +- 00.007777)	[00.000316,00.051684]

INFO  Timings:
SM Timing
-----------
00_conversion_livox	    143	02.449568	(00.017130 +- 00.005557)	[00.010797,00.032580]
01_filter          	    142	00.065261	(00.000460 +- 00.000096)	[00.000302,00.003050]
02_preint          	    140	00.008708	(00.000062 +- 00.000014)	[00.000038,00.000104]
03_undistortion    	    140	00.185138	(00.001322 +- 00.000325)	[00.000945,00.003113]
04_sampling        	    140	00.146330	(00.001045 +- 00.000616)	[00.000581,00.007567]
05_registration    	    140	00.320164	(00.002287 +- 00.000674)	[00.000924,00.006570]
06_map             	    140	00.218740	(00.001562 +- 00.000666)	[00.000972,00.004319]
07_imu_opt         	    140	00.224159	(00.001601 +- 00.000661)	[00.000001,00.006213]
08_publish         	    140	02.879173	(00.020566 +- 00.005598)	[00.013230,00.035620]
step               	    142	04.071149	(00.028670 +- 00.007760)	[00.000316,00.051684]

INFO  Timings:
SM Timing
-----------
00_conversion_livox	    144	02.463258	(00.017106 +- 00.005559)	[00.010797,00.032580]
01_filter          	    143	00.065698	(00.000459 +- 00.000094)	[00.000302,00.003050]
02_preint          	    141	00.008759	(00.000062 +- 00.000014)	[00.000038,00.000104]
03_undistortion    	    141	00.186245	(00.001321 +- 00.000326)	[00.000945,00.003113]
04_sampling        	    141	00.147066	(00.001043 +- 00.000615)	[00.000581,00.007567]
05_registration    	    141	00.322061	(00.002284 +- 00.000674)	[00.000924,00.006570]
06_map             	    141	00.220053	(00.001561 +- 00.000663)	[00.000972,00.004319]
07_imu_opt         	    141	00.225893	(00.001602 +- 00.000657)	[00.000001,00.006213]
08_publish         	    141	02.896378	(00.020542 +- 00.005540)	[00.013230,00.035620]
step               	    143	04.095733	(00.028641 +- 00.007703)	[00.000316,00.051684]

INFO  Timings:
SM Timing
-----------
00_conversion_livox	    145	02.477968	(00.017089 +- 00.005545)	[00.010797,00.032580]
01_filter          	    144	00.066110	(00.000459 +- 00.000093)	[00.000302,00.003050]
02_preint          	    142	00.008835	(00.000062 +- 00.000014)	[00.000038,00.000104]
03_undistortion    	    142	00.187308	(00.001319 +- 00.000326)	[00.000945,00.003113]
04_sampling        	    142	00.147724	(00.001040 +- 00.000615)	[00.000581,00.007567]
05_registration    	    142	00.323403	(00.002277 +- 00.000661)	[00.000924,00.006570]
06_map             	    142	00.221071	(00.001557 +- 00.000665)	[00.000972,00.004319]
07_imu_opt         	    142	00.227775	(00.001604 +- 00.000580)	[00.000001,00.006213]
08_publish         	    142	02.912795	(00.020513 +- 00.005522)	[00.013230,00.035620]
step               	    144	04.118704	(00.028602 +- 00.007724)	[00.000316,00.051684]

INFO  Timings:
SM Timing
-----------
00_conversion_livox	    146	02.492280	(00.017070 +- 00.005548)	[00.010797,00.032580]
01_filter          	    145	00.066529	(00.000459 +- 00.000090)	[00.000302,00.003050]
02_preint          	    143	00.008905	(00.000062 +- 00.000014)	[00.000038,00.000104]
03_undistortion    	    143	00.188509	(00.001318 +- 00.000324)	[00.000945,00.003113]
04_sampling        	    143	00.148421	(00.001038 +- 00.000615)	[00.000581,00.007567]
05_registration    	    143	00.324838	(00.002272 +- 00.000658)	[00.000924,00.006570]
06_map             	    143	00.222315	(00.001555 +- 00.000665)	[00.000972,00.004319]
07_imu_opt         	    143	00.229486	(00.001605 +- 00.000582)	[00.000001,00.006213]
08_publish         	    143	02.929109	(00.020483 +- 00.005514)	[00.013230,00.035620]
step               	    145	04.141934	(00.028565 +- 00.007711)	[00.000316,00.051684]

INFO  Timings:
SM Timing
-----------
00_conversion_livox	    147	02.507456	(00.017058 +- 00.005533)	[00.010797,00.032580]
01_filter          	    146	00.066958	(00.000459 +- 00.000089)	[00.000302,00.003050]
02_preint          	    144	00.008958	(00.000062 +- 00.000014)	[00.000038,00.000104]
03_undistortion    	    144	00.189726	(00.001318 +- 00.000324)	[00.000945,00.003113]
04_sampling        	    144	00.149158	(00.001036 +- 00.000615)	[00.000581,00.007567]
05_registration    	    144	00.326166	(00.002265 +- 00.000660)	[00.000924,00.006570]
06_map             	    144	00.223457	(00.001552 +- 00.000663)	[00.000972,00.004319]
07_imu_opt         	    144	00.232820	(00.001617 +- 00.000603)	[00.000001,00.006213]
08_publish         	    144	02.946243	(00.020460 +- 00.005487)	[00.013230,00.035620]
step               	    146	04.167428	(00.028544 +- 00.007667)	[00.000316,00.051684]

INFO  Timings:
SM Timing
-----------
00_conversion_livox	    148	02.521461	(00.017037 +- 00.005522)	[00.010797,00.032580]
01_filter          	    147	00.067368	(00.000458 +- 00.000089)	[00.000302,00.003050]
02_preint          	    145	00.009010	(00.000062 +- 00.000014)	[00.000038,00.000104]
03_undistortion    	    145	00.190911	(00.001317 +- 00.000323)	[00.000945,00.003113]
04_sampling        	    145	00.149916	(00.001034 +- 00.000614)	[00.000581,00.007567]
05_registration    	    145	00.327217	(00.002257 +- 00.000663)	[00.000924,00.006570]
06_map             	    145	00.224599	(00.001549 +- 00.000661)	[00.000972,00.004319]
07_imu_opt         	    145	00.234529	(00.001617 +- 00.000601)	[00.000001,00.006213]
08_publish         	    145	02.961892	(00.020427 +- 00.005496)	[00.013230,00.035620]
step               	    147	04.189506	(00.028500 +- 00.007685)	[00.000316,00.051684]

INFO  Timings:
SM Timing
-----------
00_conversion_livox	    149	02.535584	(00.017017 +- 00.005522)	[00.010797,00.032580]
01_filter          	    148	00.067819	(00.000458 +- 00.000088)	[00.000302,00.003050]
02_preint          	    146	00.009067	(00.000062 +- 00.000014)	[00.000038,00.000104]
03_undistortion    	    146	00.192075	(00.001316 +- 00.000322)	[00.000945,00.003113]
04_sampling        	    146	00.150651	(00.001032 +- 00.000614)	[00.000581,00.007567]
05_registration    	    146	00.328472	(00.002250 +- 00.000665)	[00.000924,00.006570]
06_map             	    146	00.225774	(00.001546 +- 00.000662)	[00.000972,00.004319]
07_imu_opt         	    146	00.236353	(00.001619 +- 00.000601)	[00.000001,00.006213]
08_publish         	    146	02.978648	(00.020402 +- 00.005474)	[00.013230,00.035620]
step               	    148	04.213038	(00.028466 +- 00.007665)	[00.000316,00.051684]

INFO  Timings:
SM Timing
-----------
00_conversion_livox	    150	02.550161	(00.017001 +- 00.005516)	[00.010797,00.032580]
01_filter          	    149	00.068244	(00.000458 +- 00.000087)	[00.000302,00.003050]
02_preint          	    147	00.009118	(00.000062 +- 00.000014)	[00.000038,00.000104]
03_undistortion    	    147	00.193351	(00.001315 +- 00.000320)	[00.000945,00.003113]
04_sampling        	    147	00.151431	(00.001030 +- 00.000613)	[00.000581,00.007567]
05_registration    	    147	00.329979	(00.002245 +- 00.000660)	[00.000924,00.006570]
06_map             	    147	00.226853	(00.001543 +- 00.000664)	[00.000972,00.004319]
07_imu_opt         	    147	00.238175	(00.001620 +- 00.000599)	[00.000001,00.006213]
08_publish         	    147	02.994097	(00.020368 +- 00.005468)	[00.013230,00.035620]
step               	    149	04.235535	(00.028426 +- 00.007665)	[00.000316,00.051684]

INFO  Timings:
SM Timing
-----------
00_conversion_livox	    151	02.563826	(00.016979 +- 00.005518)	[00.010797,00.032580]
01_filter          	    150	00.068595	(00.000457 +- 00.000088)	[00.000302,00.003050]
02_preint          	    148	00.009179	(00.000062 +- 00.000014)	[00.000038,00.000104]
03_undistortion    	    148	00.194296	(00.001313 +- 00.000320)	[00.000945,00.003113]
04_sampling        	    148	00.152008	(00.001027 +- 00.000614)	[00.000577,00.007567]
05_registration    	    148	00.331151	(00.002238 +- 00.000659)	[00.000924,00.006570]
06_map             	    148	00.227856	(00.001540 +- 00.000666)	[00.000972,00.004319]
07_imu_opt         	    148	00.239869	(00.001621 +- 00.000596)	[00.000001,00.006213]
08_publish         	    148	03.010364	(00.020340 +- 00.005446)	[00.013230,00.035620]
step               	    150	04.257708	(00.028385 +- 00.007644)	[00.000316,00.051684]

INFO  Timings:
SM Timing
-----------
00_conversion_livox	    151	02.563826	(00.016979 +- 00.005518)	[00.010797,00.032580]
01_filter          	    151	00.069031	(00.000457 +- 00.000088)	[00.000302,00.003050]
02_preint          	    149	00.009237	(00.000062 +- 00.000014)	[00.000038,00.000104]
03_undistortion    	    149	00.195522	(00.001312 +- 00.000317)	[00.000945,00.003113]
04_sampling        	    149	00.152669	(00.001025 +- 00.000614)	[00.000577,00.007567]
05_registration    	    149	00.332008	(00.002228 +- 00.000666)	[00.000857,00.006570]
06_map             	    149	00.229232	(00.001538 +- 00.000664)	[00.000972,00.004319]
07_imu_opt         	    149	00.241475	(00.001621 +- 00.000600)	[00.000001,00.006213]
08_publish         	    149	03.027163	(00.020317 +- 00.005423)	[00.013230,00.035620]
step               	    151	04.280829	(00.028350 +- 00.007621)	[00.000316,00.051684]

INFO  Timings:
SM Timing
-----------
00_conversion_livox	    153	02.590601	(00.016932 +- 00.005522)	[00.010797,00.032580]
01_filter          	    152	00.069395	(00.000457 +- 00.000088)	[00.000302,00.003050]
02_preint          	    150	00.009296	(00.000062 +- 00.000014)	[00.000038,00.000104]
03_undistortion    	    150	00.196490	(00.001310 +- 00.000318)	[00.000945,00.003113]
04_sampling        	    150	00.153443	(00.001023 +- 00.000613)	[00.000577,00.007567]
05_registration    	    150	00.333367	(00.002222 +- 00.000666)	[00.000857,00.006570]
06_map             	    150	00.230263	(00.001535 +- 00.000665)	[00.000972,00.004319]
07_imu_opt         	    150	00.243393	(00.001623 +- 00.000596)	[00.000001,00.006213]
08_publish         	    150	03.043413	(00.020289 +- 00.005408)	[00.013230,00.035620]
step               	    152	04.303671	(00.028314 +- 00.007601)	[00.000316,00.051684]

INFO  Timings:
SM Timing
-----------
00_conversion_livox	    154	02.605275	(00.016917 +- 00.005514)	[00.010797,00.032580]
01_filter          	    153	00.069860	(00.000457 +- 00.000087)	[00.000302,00.003050]
02_preint          	    151	00.009353	(00.000062 +- 00.000014)	[00.000038,00.000104]
03_undistortion    	    151	00.197637	(00.001309 +- 00.000314)	[00.000945,00.003113]
04_sampling        	    151	00.154176	(00.001021 +- 00.000613)	[00.000577,00.007567]
05_registration    	    151	00.334479	(00.002215 +- 00.000668)	[00.000857,00.006570]
06_map             	    151	00.231330	(00.001532 +- 00.000666)	[00.000972,00.004319]
07_imu_opt         	    151	00.245144	(00.001623 +- 00.000596)	[00.000001,00.006213]
08_publish         	    151	03.059040	(00.020259 +- 00.005414)	[00.013230,00.035620]
step               	    153	04.325737	(00.028273 +- 00.007605)	[00.000316,00.051684]

INFO  Timings:
SM Timing
-----------
00_conversion_livox	    155	02.618304	(00.016892 +- 00.005525)	[00.010797,00.032580]
01_filter          	    154	00.070254	(00.000456 +- 00.000087)	[00.000302,00.003050]
02_preint          	    152	00.009412	(00.000062 +- 00.000014)	[00.000038,00.000104]
03_undistortion    	    152	00.198582	(00.001306 +- 00.000314)	[00.000945,00.003113]
04_sampling        	    152	00.154873	(00.001019 +- 00.000613)	[00.000577,00.007567]
05_registration    	    152	00.335857	(00.002210 +- 00.000661)	[00.000857,00.006570]
06_map             	    152	00.232480	(00.001529 +- 00.000666)	[00.000972,00.004319]
07_imu_opt         	    152	00.247097	(00.001626 +- 00.000593)	[00.000001,00.006213]
08_publish         	    152	03.074577	(00.020227 +- 00.005422)	[00.013230,00.035620]
step               	    154	04.347935	(00.028233 +- 00.007605)	[00.000316,00.051684]

INFO  Timings:
SM Timing
-----------
00_conversion_livox	    156	02.632573	(00.016875 +- 00.005522)	[00.010797,00.032580]
01_filter          	    155	00.070579	(00.000455 +- 00.000088)	[00.000302,00.003050]
02_preint          	    153	00.009454	(00.000062 +- 00.000014)	[00.000038,00.000104]
03_undistortion    	    153	00.199658	(00.001305 +- 00.000316)	[00.000945,00.003113]
04_sampling        	    153	00.155558	(00.001017 +- 00.000614)	[00.000577,00.007567]
05_registration    	    153	00.336523	(00.002199 +- 00.000637)	[00.000666,00.006570]
06_map             	    153	00.233639	(00.001527 +- 00.000667)	[00.000972,00.004319]
07_imu_opt         	    153	00.249038	(00.001628 +- 00.000592)	[00.000001,00.006213]
08_publish         	    153	03.090455	(00.020199 +- 00.005439)	[00.013230,00.035620]
step               	    155	04.369817	(00.028192 +- 00.007644)	[00.000316,00.051684]

INFO  Timings:
SM Timing
-----------
00_conversion_livox	    156	02.632573	(00.016875 +- 00.005522)	[00.010797,00.032580]
01_filter          	    156	00.071141	(00.000456 +- 00.000088)	[00.000302,00.003050]
02_preint          	    154	00.009517	(00.000062 +- 00.000014)	[00.000038,00.000104]
03_undistortion    	    154	00.200636	(00.001303 +- 00.000319)	[00.000945,00.003113]
04_sampling        	    154	00.156246	(00.001015 +- 00.000614)	[00.000577,00.007567]
05_registration    	    154	00.337271	(00.002190 +- 00.000648)	[00.000666,00.006570]
06_map             	    154	00.234756	(00.001524 +- 00.000668)	[00.000972,00.004319]
07_imu_opt         	    154	00.250881	(00.001629 +- 00.000593)	[00.000001,00.006213]
08_publish         	    154	03.105166	(00.020163 +- 00.005479)	[00.013230,00.035620]
step               	    156	04.390637	(00.028145 +- 00.007700)	[00.000316,00.051684]

INFO  Timings:
SM Timing
-----------
00_conversion_livox	    158	02.659812	(00.016834 +- 00.005557)	[00.010797,00.032580]
01_filter          	    157	00.071518	(00.000456 +- 00.000089)	[00.000302,00.003050]
02_preint          	    155	00.009581	(00.000062 +- 00.000014)	[00.000038,00.000104]
03_undistortion    	    155	00.201654	(00.001301 +- 00.000318)	[00.000945,00.003113]
04_sampling        	    155	00.156925	(00.001012 +- 00.000614)	[00.000577,00.007567]
05_registration    	    155	00.338583	(00.002184 +- 00.000649)	[00.000666,00.006570]
06_map             	    155	00.235940	(00.001522 +- 00.000669)	[00.000972,00.004319]
07_imu_opt         	    155	00.252878	(00.001631 +- 00.000591)	[00.000001,00.006213]
08_publish         	    155	03.120183	(00.020130 +- 00.005512)	[00.013230,00.035620]
step               	    157	04.412402	(00.028104 +- 00.007736)	[00.000316,00.051684]

INFO  Timings:
SM Timing
-----------
00_conversion_livox	    159	02.673424	(00.016814 +- 00.005574)	[00.010797,00.032580]
01_filter          	    158	00.071903	(00.000455 +- 00.000090)	[00.000302,00.003050]
02_preint          	    156	00.009636	(00.000062 +- 00.000014)	[00.000038,00.000104]
03_undistortion    	    156	00.202779	(00.001300 +- 00.000319)	[00.000945,00.003113]
04_sampling        	    156	00.157514	(00.001010 +- 00.000616)	[00.000577,00.007567]
05_registration    	    156	00.339748	(00.002178 +- 00.000650)	[00.000666,00.006570]
06_map             	    156	00.237090	(00.001520 +- 00.000670)	[00.000972,00.004319]
07_imu_opt         	    156	00.254459	(00.001631 +- 00.000595)	[00.000001,00.006213]
08_publish         	    156	03.133526	(00.020087 +- 00.005569)	[00.013230,00.035620]
step               	    158	04.431899	(00.028050 +- 00.007810)	[00.000316,00.051684]

INFO  Timings:
SM Timing
-----------
00_conversion_livox	    160	02.685794	(00.016786 +- 00.005607)	[00.010797,00.032580]
01_filter          	    159	00.072302	(00.000455 +- 00.000090)	[00.000302,00.003050]
02_preint          	    157	00.009686	(00.000062 +- 00.000014)	[00.000038,00.000104]
03_undistortion    	    157	00.203805	(00.001298 +- 00.000321)	[00.000945,00.003113]
04_sampling        	    157	00.158098	(00.001007 +- 00.000617)	[00.000577,00.007567]
05_registration    	    157	00.340702	(00.002170 +- 00.000653)	[00.000666,00.006570]
06_map             	    157	00.238096	(00.001517 +- 00.000673)	[00.000972,00.004319]
07_imu_opt         	    157	00.256195	(00.001632 +- 00.000597)	[00.000001,00.006213]
08_publish         	    157	03.146274	(00.020040 +- 00.005638)	[00.012748,00.035620]
step               	    159	04.450506	(00.027991 +- 00.007897)	[00.000316,00.051684]

INFO  Timings:
SM Timing
-----------
00_conversion_livox	    161	02.697137	(00.016752 +- 00.005655)	[00.010797,00.032580]
01_filter          	    160	00.072689	(00.000454 +- 00.000090)	[00.000302,00.003050]
02_preint          	    158	00.009740	(00.000062 +- 00.000014)	[00.000038,00.000104]
03_undistortion    	    158	00.204978	(00.001297 +- 00.000321)	[00.000945,00.003113]
04_sampling        	    158	00.158691	(00.001004 +- 00.000619)	[00.000577,00.007567]
05_registration    	    158	00.341741	(00.002163 +- 00.000657)	[00.000666,00.006570]
06_map             	    158	00.239166	(00.001514 +- 00.000674)	[00.000972,00.004319]
07_imu_opt         	    158	00.257876	(00.001632 +- 00.000599)	[00.000001,00.006213]
08_publish         	    158	03.158056	(00.019988 +- 00.005712)	[00.011781,00.035620]
step               	    160	04.468389	(00.027927 +- 00.007988)	[00.000316,00.051684]

INFO  Timings:
SM Timing
-----------
00_conversion_livox	    162	02.707853	(00.016715 +- 00.005698)	[00.010715,00.032580]
01_filter          	    161	00.073014	(00.000454 +- 00.000092)	[00.000302,00.003050]
02_preint          	    159	00.009784	(00.000062 +- 00.000014)	[00.000038,00.000104]
03_undistortion    	    159	00.206003	(00.001296 +- 00.000324)	[00.000945,00.003113]
04_sampling        	    159	00.159400	(00.001003 +- 00.000619)	[00.000577,00.007567]
05_registration    	    159	00.343709	(00.002162 +- 00.000653)	[00.000666,00.006570]
06_map             	    159	00.240150	(00.001510 +- 00.000674)	[00.000972,00.004319]
07_imu_opt         	    159	00.259450	(00.001632 +- 00.000603)	[00.000001,00.006213]
08_publish         	    159	03.169272	(00.019933 +- 00.005768)	[00.011216,00.035620]
step               	    161	04.486337	(00.027865 +- 00.008034)	[00.000316,00.051684]

INFO  Timings:
SM Timing
-----------
00_conversion_livox	    163	02.718290	(00.016677 +- 00.005749)	[00.010437,00.032580]
01_filter          	    162	00.073359	(00.000453 +- 00.000093)	[00.000302,00.003050]
02_preint          	    160	00.009832	(00.000061 +- 00.000014)	[00.000038,00.000104]
03_undistortion    	    160	00.206933	(00.001293 +- 00.000314)	[00.000930,00.003113]
04_sampling        	    160	00.159920	(00.000999 +- 00.000222)	[00.000520,00.007567]
05_registration    	    160	00.344223	(00.002151 +- 00.000665)	[00.000514,00.006570]
06_map             	    160	00.241009	(00.001506 +- 00.000678)	[00.000858,00.004319]
07_imu_opt         	    160	00.261631	(00.001635 +- 00.000602)	[00.000001,00.006213]
08_publish         	    160	03.180320	(00.019877 +- 00.005818)	[00.011048,00.035620]
step               	    162	04.502870	(00.027795 +- 00.008011)	[00.000316,00.051684]

INFO  Timings:
SM Timing
-----------
00_conversion_livox	    164	02.728388	(00.016637 +- 00.005773)	[00.010098,00.032580]
01_filter          	    163	00.073690	(00.000452 +- 00.000091)	[00.000302,00.003050]
02_preint          	    161	00.009878	(00.000061 +- 00.000014)	[00.000038,00.000104]
03_undistortion    	    161	00.207844	(00.001291 +- 00.000317)	[00.000912,00.003113]
04_sampling        	    161	00.160459	(00.000997 +- 00.000224)	[00.000520,00.007567]
05_registration    	    161	00.345269	(00.002145 +- 00.000659)	[00.000514,00.006570]
06_map             	    161	00.242029	(00.001503 +- 00.000680)	[00.000858,00.004319]
07_imu_opt         	    161	00.263054	(00.001634 +- 00.000607)	[00.000001,00.006213]
08_publish         	    161	03.191729	(00.019824 +- 00.005839)	[00.011048,00.035620]
step               	    163	04.519696	(00.027728 +- 00.008040)	[00.000316,00.051684]

INFO  Timings:
SM Timing
-----------
00_conversion_livox	    165	02.739938	(00.016606 +- 00.005791)	[00.010098,00.032580]
01_filter          	    164	00.074048	(00.000452 +- 00.000092)	[00.000302,00.003050]
02_preint          	    162	00.009928	(00.000061 +- 00.000014)	[00.000038,00.000104]
03_undistortion    	    162	00.208890	(00.001289 +- 00.000318)	[00.000912,00.003113]
04_sampling        	    162	00.161056	(00.000994 +- 00.000226)	[00.000520,00.007567]
05_registration    	    162	00.346050	(00.002136 +- 00.000665)	[00.000514,00.006570]
06_map             	    162	00.243057	(00.001500 +- 00.000681)	[00.000858,00.004319]
07_imu_opt         	    162	00.264759	(00.001634 +- 00.000608)	[00.000001,00.006213]
08_publish         	    162	03.204970	(00.019784 +- 00.005868)	[00.011048,00.035620]
step               	    164	04.538655	(00.027675 +- 00.008088)	[00.000316,00.051684]

INFO  Timings:
SM Timing
-----------
00_conversion_livox	    166	02.752052	(00.016579 +- 00.005815)	[00.010098,00.032580]
01_filter          	    165	00.074403	(00.000451 +- 00.000093)	[00.000302,00.003050]
02_preint          	    163	00.009984	(00.000061 +- 00.000014)	[00.000038,00.000104]
03_undistortion    	    163	00.209915	(00.001288 +- 00.000320)	[00.000912,00.003113]
04_sampling        	    163	00.161621	(00.000992 +- 00.000226)	[00.000520,00.007567]
05_registration    	    163	00.346762	(00.002127 +- 00.000668)	[00.000514,00.006570]
06_map             	    163	00.245053	(00.001503 +- 00.000685)	[00.000858,00.004319]
07_imu_opt         	    163	00.266592	(00.001636 +- 00.000609)	[00.000001,00.006213]
08_publish         	    163	03.217699	(00.019740 +- 00.005878)	[00.011048,00.035620]
step               	    165	04.558030	(00.027624 +- 00.008091)	[00.000316,00.051684]

INFO  Timings:
SM Timing
-----------
00_conversion_livox	    167	02.763832	(00.016550 +- 00.005715)	[00.010098,00.032580]
01_filter          	    166	00.074775	(00.000450 +- 00.000091)	[00.000302,00.003050]
02_preint          	    164	00.010041	(00.000061 +- 00.000013)	[00.000038,00.000104]
03_undistortion    	    164	00.210946	(00.001286 +- 00.000315)	[00.000912,00.003113]
04_sampling        	    164	00.162305	(00.000990 +- 00.000221)	[00.000520,00.007567]
05_registration    	    164	00.347681	(00.002120 +- 00.000644)	[00.000514,00.006570]
06_map             	    164	00.245916	(00.001499 +- 00.000686)	[00.000858,00.004319]
07_imu_opt         	    164	00.268104	(00.001635 +- 00.000605)	[00.000001,00.006213]
08_publish         	    164	03.229924	(00.019695 +- 00.005653)	[00.011048,00.035620]
step               	    166	04.575807	(00.027565 +- 00.007833)	[00.000316,00.051684]

INFO  Timings:
SM Timing
-----------
00_conversion_livox	    168	02.775314	(00.016520 +- 00.005267)	[00.010098,00.032580]
01_filter          	    167	00.075073	(00.000450 +- 00.000084)	[00.000298,00.003050]
02_preint          	    165	00.010087	(00.000061 +- 00.000013)	[00.000038,00.000104]
03_undistortion    	    165	00.211799	(00.001284 +- 00.000266)	[00.000854,00.003113]
04_sampling        	    165	00.162864	(00.000987 +- 00.000199)	[00.000520,00.007567]
05_registration    	    165	00.348918	(00.002115 +- 00.000576)	[00.000514,00.006570]
06_map             	    165	00.246877	(00.001496 +- 00.000541)	[00.000858,00.004319]
07_imu_opt         	    165	00.269484	(00.001633 +- 00.000582)	[00.000001,00.006213]
08_publish         	    165	03.241917	(00.019648 +- 00.005064)	[00.011048,00.035620]
step               	    167	04.593213	(00.027504 +- 00.006891)	[00.000316,00.051684]

INFO  Timings:
SM Timing
-----------
00_conversion_livox	    169	02.786768	(00.016490 +- 00.004660)	[00.010098,00.032580]
01_filter          	    168	00.075413	(00.000449 +- 00.000078)	[00.000298,00.003050]
02_preint          	    166	00.010126	(00.000061 +- 00.000012)	[00.000038,00.000104]
03_undistortion    	    166	00.212749	(00.001282 +- 00.000252)	[00.000854,00.003113]
04_sampling        	    166	00.163441	(00.000985 +- 00.000156)	[00.000520,00.007567]
05_registration    	    166	00.349524	(00.002106 +- 00.000487)	[00.000514,00.006570]
06_map             	    166	00.247714	(00.001492 +- 00.000529)	[00.000837,00.004319]
07_imu_opt         	    166	00.270986	(00.001632 +- 00.000543)	[00.000001,00.006213]
08_publish         	    166	03.253667	(00.019600 +- 00.004605)	[00.011048,00.035620]
step               	    168	04.609911	(00.027440 +- 00.006208)	[00.000316,00.051684]

INFO  Timings:
SM Timing
-----------
00_conversion_livox	    170	02.798480	(00.016462 +- 00.004309)	[00.010098,00.032580]
01_filter          	    169	00.075794	(00.000448 +- 00.000074)	[00.000298,00.003050]
02_preint          	    167	00.010161	(00.000061 +- 00.000011)	[00.000034,00.000104]
03_undistortion    	    167	00.213768	(00.001280 +- 00.000243)	[00.000854,00.003113]
04_sampling        	    167	00.164023	(00.000982 +- 00.000137)	[00.000520,00.007567]
05_registration    	    167	00.350247	(00.002097 +- 00.000486)	[00.000514,00.006570]
06_map             	    167	00.250310	(00.001499 +- 00.000547)	[00.000837,00.004319]
07_imu_opt         	    167	00.272589	(00.001632 +- 00.000507)	[00.000001,00.006213]
08_publish         	    167	03.266393	(00.019559 +- 00.004203)	[00.011048,00.035620]
step               	    169	04.629682	(00.027395 +- 00.005682)	[00.000316,00.051684]

INFO  Timings:
SM Timing
-----------
00_conversion_livox	    171	02.811593	(00.016442 +- 00.003947)	[00.010098,00.032580]
01_filter          	    170	00.076127	(00.000448 +- 00.000072)	[00.000298,00.003050]
02_preint          	    168	00.010211	(00.000061 +- 00.000010)	[00.000034,00.000104]
03_undistortion    	    168	00.214776	(00.001278 +- 00.000239)	[00.000854,00.003113]
04_sampling        	    168	00.164561	(00.000980 +- 00.000135)	[00.000520,00.007567]
05_registration    	    168	00.351827	(00.002094 +- 00.000487)	[00.000514,00.006570]
06_map             	    168	00.251330	(00.001496 +- 00.000541)	[00.000837,00.004319]
07_imu_opt         	    168	00.274127	(00.001632 +- 00.000487)	[00.000001,00.006213]
08_publish         	    168	03.279297	(00.019520 +- 00.003951)	[00.011048,00.035620]
step               	    170	04.648749	(00.027346 +- 00.005401)	[00.000316,00.051684]

INFO  Timings:
SM Timing
-----------
00_conversion_livox	    172	02.824681	(00.016423 +- 00.003591)	[00.010098,00.032580]
01_filter          	    171	00.076449	(00.000447 +- 00.000070)	[00.000298,00.003050]
02_preint          	    169	00.010266	(00.000061 +- 00.000009)	[00.000034,00.000104]
03_undistortion    	    169	00.215802	(00.001277 +- 00.000204)	[00.000854,00.003113]
04_sampling        	    169	00.165158	(00.000977 +- 00.000129)	[00.000520,00.007567]
05_registration    	    169	00.352711	(00.002087 +- 00.000464)	[00.000514,00.006570]
06_map             	    169	00.252346	(00.001493 +- 00.000317)	[00.000837,00.004319]
07_imu_opt         	    169	00.275608	(00.001631 +- 00.000453)	[00.000001,00.006213]
08_publish         	    169	03.291896	(00.019479 +- 00.003370)	[00.011048,00.035620]
step               	    171	04.666833	(00.027291 +- 00.004469)	[00.000316,00.051684]

INFO  Timings:
SM Timing
-----------
00_conversion_livox	    173	02.838670	(00.016408 +- 00.002534)	[00.010098,00.032580]
01_filter          	    172	00.076825	(00.000447 +- 00.000060)	[00.000298,00.003050]
02_preint          	    170	00.010320	(00.000061 +- 00.000008)	[00.000034,00.000104]
03_undistortion    	    170	00.216757	(00.001275 +- 00.000155)	[00.000854,00.003113]
04_sampling        	    170	00.165758	(00.000975 +- 00.000110)	[00.000520,00.007567]
05_registration    	    170	00.353402	(00.002079 +- 00.000399)	[00.000514,00.006570]
06_map             	    170	00.253415	(00.001491 +- 00.000289)	[00.000837,00.004319]
07_imu_opt         	    170	00.277133	(00.001630 +- 00.000394)	[00.000001,00.006213]
08_publish         	    170	03.305415	(00.019444 +- 00.002668)	[00.011048,00.035620]
step               	    172	04.685719	(00.027243 +- 00.003397)	[00.000316,00.051684]

INFO  Timings:
SM Timing
-----------
00_conversion_livox	    174	02.851906	(00.016390 +- 00.001724)	[00.010098,00.032580]
01_filter          	    173	00.077113	(00.000446 +- 00.000051)	[00.000287,00.003050]
02_preint          	    171	00.010366	(00.000061 +- 00.000008)	[00.000034,00.000104]
03_undistortion    	    171	00.217698	(00.001273 +- 00.000145)	[00.000854,00.003113]
04_sampling        	    171	00.166303	(00.000973 +- 00.000095)	[00.000520,00.007567]
05_registration    	    171	00.354241	(00.002072 +- 00.000402)	[00.000514,00.006570]
06_map             	    171	00.254458	(00.001488 +- 00.000270)	[00.000837,00.004319]
07_imu_opt         	    171	00.278808	(00.001630 +- 00.000350)	[00.000001,00.006213]
08_publish         	    171	03.318338	(00.019405 +- 00.002050)	[00.011048,00.035620]
step               	    173	04.704097	(00.027191 +- 00.002625)	[00.000316,00.051684]

INFO  Timings:
SM Timing
-----------
00_conversion_livox	    175	02.864742	(00.016370 +- 00.001453)	[00.010098,00.032580]
01_filter          	    174	00.077400	(00.000445 +- 00.000052)	[00.000287,00.003050]
02_preint          	    172	00.010411	(00.000061 +- 00.000007)	[00.000034,00.000104]
03_undistortion    	    172	00.218704	(00.001272 +- 00.000144)	[00.000854,00.003113]
04_sampling        	    172	00.166900	(00.000970 +- 00.000090)	[00.000520,00.007567]
05_registration    	    172	00.354928	(00.002064 +- 00.000353)	[00.000514,00.006570]
06_map             	    172	00.255452	(00.001485 +- 00.000268)	[00.000837,00.004319]
07_imu_opt         	    172	00.280279	(00.001630 +- 00.000350)	[00.000001,00.006213]
08_publish         	    172	03.330559	(00.019364 +- 00.001931)	[00.011048,00.035620]
step               	    174	04.721489	(00.027135 +- 00.002428)	[00.000316,00.051684]

INFO  Timings:
SM Timing
-----------
00_conversion_livox	    176	02.877453	(00.016349 +- 00.001361)	[00.010098,00.032580]
01_filter          	    175	00.077658	(00.000444 +- 00.000055)	[00.000258,00.003050]
02_preint          	    173	00.010459	(00.000060 +- 00.000007)	[00.000034,00.000104]
03_undistortion    	    173	00.219663	(00.001270 +- 00.000145)	[00.000854,00.003113]
04_sampling        	    173	00.167458	(00.000968 +- 00.000090)	[00.000520,00.007567]
05_registration    	    173	00.356054	(00.002058 +- 00.000344)	[00.000514,00.006570]
06_map             	    173	00.256342	(00.001482 +- 00.000270)	[00.000837,00.004319]
07_imu_opt         	    173	00.282087	(00.001631 +- 00.000348)	[00.000001,00.006213]
08_publish         	    173	03.342879	(00.019323 +- 00.001915)	[00.011048,00.035620]
step               	    175	04.739553	(00.027083 +- 00.002403)	[00.000316,00.051684]

INFO  Timings:
SM Timing
-----------
00_conversion_livox	    177	02.890087	(00.016328 +- 00.001327)	[00.010098,00.032580]
01_filter          	    176	00.077950	(00.000443 +- 00.000057)	[00.000258,00.003050]
02_preint          	    174	00.010510	(00.000060 +- 00.000007)	[00.000034,00.000104]
03_undistortion    	    174	00.220525	(00.001267 +- 00.000149)	[00.000854,00.003113]
04_sampling        	    174	00.167967	(00.000965 +- 00.000093)	[00.000509,00.007567]
05_registration    	    174	00.356770	(00.002050 +- 00.000348)	[00.000514,00.006570]
06_map             	    174	00.257403	(00.001479 +- 00.000269)	[00.000837,00.004319]
07_imu_opt         	    174	00.283491	(00.001629 +- 00.000351)	[00.000001,00.006213]
08_publish         	    174	03.355444	(00.019284 +- 00.001865)	[00.011048,00.035620]
step               	    176	04.757080	(00.027029 +- 00.002377)	[00.000316,00.051684]

INFO  Timings:
SM Timing
-----------
00_conversion_livox	    178	02.903487	(00.016312 +- 00.001287)	[00.010098,00.032580]
01_filter          	    177	00.078241	(00.000442 +- 00.000058)	[00.000258,00.003050]
02_preint          	    175	00.010574	(00.000060 +- 00.000007)	[00.000034,00.000104]
03_undistortion    	    175	00.221576	(00.001266 +- 00.000148)	[00.000854,00.003113]
04_sampling        	    175	00.168627	(00.000964 +- 00.000092)	[00.000509,00.007567]
05_registration    	    175	00.357492	(00.002043 +- 00.000352)	[00.000514,00.006570]
06_map             	    175	00.258545	(00.001477 +- 00.000269)	[00.000837,00.004319]
07_imu_opt         	    175	00.285102	(00.001629 +- 00.000349)	[00.000001,00.006213]
08_publish         	    175	03.369376	(00.019254 +- 00.001804)	[00.011048,00.035620]
step               	    177	04.776649	(00.026987 +- 00.002324)	[00.000316,00.051684]

INFO  Timings:
SM Timing
-----------
00_conversion_livox	    179	02.916838	(00.016295 +- 00.001228)	[00.010098,00.032580]
01_filter          	    178	00.078589	(00.000442 +- 00.000059)	[00.000258,00.003050]
02_preint          	    176	00.010621	(00.000060 +- 00.000007)	[00.000034,00.000104]
03_undistortion    	    176	00.222516	(00.001264 +- 00.000149)	[00.000854,00.003113]
04_sampling        	    176	00.169197	(00.000961 +- 00.000092)	[00.000509,00.007567]
05_registration    	    176	00.358102	(00.002035 +- 00.000359)	[00.000514,00.006570]
06_map             	    176	00.259605	(00.001475 +- 00.000269)	[00.000837,00.004319]
07_imu_opt         	    176	00.286566	(00.001628 +- 00.000351)	[00.000001,00.006213]
08_publish         	    176	03.382974	(00.019221 +- 00.001730)	[00.011048,00.035620]
step               	    178	04.795378	(00.026940 +- 00.002282)	[00.000316,00.051684]

INFO  Timings:
SM Timing
-----------
00_conversion_livox	    180	02.929649	(00.016276 +- 00.001205)	[00.010098,00.032580]
01_filter          	    179	00.078926	(00.000441 +- 00.000059)	[00.000258,00.003050]
02_preint          	    177	00.010669	(00.000060 +- 00.000007)	[00.000034,00.000104]
03_undistortion    	    177	00.223401	(00.001262 +- 00.000120)	[00.000854,00.003113]
04_sampling        	    177	00.169812	(00.000959 +- 00.000091)	[00.000509,00.007567]
05_registration    	    177	00.358888	(00.002028 +- 00.000360)	[00.000514,00.006570]
06_map             	    177	00.260554	(00.001472 +- 00.000270)	[00.000837,00.004319]
07_imu_opt         	    177	00.288504	(00.001630 +- 00.000351)	[00.000001,00.006213]
08_publish         	    177	03.396803	(00.019191 +- 00.001710)	[00.011048,00.035620]
step               	    179	04.814868	(00.026899 +- 00.002253)	[00.000316,00.051684]

INFO  Timings:
SM Timing
-----------
00_conversion_livox	    181	02.943345	(00.016262 +- 00.001207)	[00.010098,00.032580]
01_filter          	    180	00.079323	(00.000441 +- 00.000059)	[00.000258,00.003050]
02_preint          	    178	00.010724	(00.000060 +- 00.000007)	[00.000034,00.000104]
03_undistortion    	    178	00.224356	(00.001260 +- 00.000122)	[00.000854,00.003113]
04_sampling        	    178	00.170431	(00.000957 +- 00.000087)	[00.000509,00.007567]
05_registration    	    178	00.360588	(00.002026 +- 00.000369)	[00.000514,00.006570]
06_map             	    178	00.261773	(00.001471 +- 00.000271)	[00.000837,00.004319]
07_imu_opt         	    178	00.291093	(00.001635 +- 00.000314)	[00.000001,00.006213]
08_publish         	    178	03.412049	(00.019169 +- 00.001702)	[00.011048,00.035620]
step               	    180	04.837757	(00.026876 +- 00.002231)	[00.000316,00.051684]

INFO  Timings:
SM Timing
-----------
00_conversion_livox	    182	02.956587	(00.016245 +- 00.001205)	[00.010098,00.032580]
01_filter          	    181	00.079669	(00.000440 +- 00.000059)	[00.000258,00.003050]
02_preint          	    179	00.010772	(00.000060 +- 00.000007)	[00.000034,00.000104]
03_undistortion    	    179	00.225227	(00.001258 +- 00.000124)	[00.000854,00.003113]
04_sampling        	    179	00.171137	(00.000956 +- 00.000083)	[00.000509,00.007567]
05_registration    	    179	00.361406	(00.002019 +- 00.000370)	[00.000514,00.006570]
06_map             	    179	00.262799	(00.001468 +- 00.000271)	[00.000837,00.004319]
07_imu_opt         	    179	00.292834	(00.001636 +- 00.000312)	[00.000001,00.006213]
08_publish         	    179	03.426374	(00.019142 +- 00.001695)	[00.011048,00.035620]
step               	    181	04.857735	(00.026838 +- 00.002224)	[00.000316,00.051684]

INFO  Timings:
SM Timing
-----------
00_conversion_livox	    183	02.969488	(00.016227 +- 00.001189)	[00.010098,00.032580]
01_filter          	    182	00.080024	(00.000440 +- 00.000058)	[00.000258,00.003050]
02_preint          	    180	00.010827	(00.000060 +- 00.000007)	[00.000034,00.000104]
03_undistortion    	    180	00.226170	(00.001257 +- 00.000122)	[00.000854,00.003113]
04_sampling        	    180	00.171779	(00.000954 +- 00.000082)	[00.000509,00.007567]
05_registration    	    180	00.362713	(00.002015 +- 00.000370)	[00.000514,00.006570]
06_map             	    180	00.263865	(00.001466 +- 00.000271)	[00.000837,00.004319]
07_imu_opt         	    180	00.294435	(00.001636 +- 00.000312)	[00.000001,00.006213]
08_publish         	    180	03.440566	(00.019114 +- 00.001694)	[00.011048,00.035620]
step               	    182	04.877985	(00.026802 +- 00.002222)	[00.000316,00.051684]

INFO  Timings:
SM Timing
-----------
00_conversion_livox	    184	02.981877	(00.016206 +- 00.001157)	[00.010098,00.032580]
01_filter          	    183	00.080388	(00.000439 +- 00.000058)	[00.000258,00.003050]
02_preint          	    181	00.010876	(00.000060 +- 00.000007)	[00.000034,00.000104]
03_undistortion    	    181	00.227171	(00.001255 +- 00.000121)	[00.000854,00.003113]
04_sampling        	    181	00.172448	(00.000953 +- 00.000079)	[00.000509,00.007567]
05_registration    	    181	00.364645	(00.002015 +- 00.000374)	[00.000514,00.006570]
06_map             	    181	00.264954	(00.001464 +- 00.000271)	[00.000837,00.004319]
07_imu_opt         	    181	00.296152	(00.001636 +- 00.000312)	[00.000001,00.006213]
08_publish         	    181	03.454142	(00.019084 +- 00.001695)	[00.011048,00.035620]
step               	    183	04.898475	(00.026768 +- 00.002215)	[00.000316,00.051684]

INFO  Timings:
SM Timing
-----------
00_conversion_livox	    185	02.994232	(00.016185 +- 00.001128)	[00.010098,00.032580]
01_filter          	    184	00.080709	(00.000439 +- 00.000058)	[00.000258,00.003050]
02_preint          	    182	00.010918	(00.000060 +- 00.000007)	[00.000034,00.000104]
03_undistortion    	    182	00.228175	(00.001254 +- 00.000120)	[00.000854,00.003113]
04_sampling        	    182	00.173030	(00.000951 +- 00.000079)	[00.000509,00.007567]
05_registration    	    182	00.365033	(00.002006 +- 00.000388)	[00.000388,00.006570]
06_map             	    182	00.265976	(00.001461 +- 00.000271)	[00.000837,00.004319]
07_imu_opt         	    182	00.297742	(00.001636 +- 00.000311)	[00.000001,00.006213]
08_publish         	    182	03.467324	(00.019051 +- 00.001701)	[00.011048,00.035620]
step               	    184	04.916749	(00.026721 +- 00.002235)	[00.000316,00.051684]

INFO  Timings:
SM Timing
-----------
00_conversion_livox	    186	03.005945	(00.016161 +- 00.001100)	[00.010098,00.032580]
01_filter          	    185	00.081078	(00.000438 +- 00.000058)	[00.000258,00.003050]
02_preint          	    183	00.010972	(00.000060 +- 00.000007)	[00.000034,00.000104]
03_undistortion    	    183	00.229251	(00.001253 +- 00.000117)	[00.000854,00.003113]
04_sampling        	    183	00.173677	(00.000949 +- 00.000078)	[00.000509,00.007567]
05_registration    	    183	00.365764	(00.001999 +- 00.000392)	[00.000388,00.006570]
06_map             	    183	00.266988	(00.001459 +- 00.000270)	[00.000837,00.004319]
07_imu_opt         	    183	00.299240	(00.001635 +- 00.000310)	[00.000001,00.006213]
08_publish         	    183	03.479776	(00.019015 +- 00.001719)	[00.011048,00.035620]
step               	    185	04.934684	(00.026674 +- 00.002262)	[00.000316,00.051684]

INFO  Timings:
SM Timing
-----------
00_conversion_livox	    187	03.017625	(00.016137 +- 00.001115)	[00.010098,00.032580]
01_filter          	    186	00.081374	(00.000437 +- 00.000059)	[00.000258,00.003050]
02_preint          	    184	00.011017	(00.000060 +- 00.000007)	[00.000034,00.000104]
03_undistortion    	    184	00.230443	(00.001252 +- 00.000110)	[00.000854,00.003113]
04_sampling        	    184	00.174249	(00.000947 +- 00.000077)	[00.000509,00.007567]
05_registration    	    184	00.366777	(00.001993 +- 00.000365)	[00.000388,00.006570]
06_map             	    184	00.268064	(00.001457 +- 00.000270)	[00.000837,00.004319]
07_imu_opt         	    184	00.301091	(00.001636 +- 00.000310)	[00.000001,00.006213]
08_publish         	    184	03.492477	(00.018981 +- 00.001720)	[00.011048,00.035620]
step               	    186	04.953524	(00.026632 +- 00.002238)	[00.000316,00.051684]

INFO  Timings:
SM Timing
-----------
00_conversion_livox	    188	03.029794	(00.016116 +- 00.001120)	[00.010098,00.032580]
01_filter          	    187	00.081694	(00.000437 +- 00.000059)	[00.000258,00.003050]
02_preint          	    185	00.011065	(00.000060 +- 00.000007)	[00.000034,00.000104]
03_undistortion    	    185	00.231288	(00.001250 +- 00.000112)	[00.000845,00.003113]
04_sampling        	    185	00.174801	(00.000945 +- 00.000077)	[00.000509,00.007567]
05_registration    	    185	00.367465	(00.001986 +- 00.000369)	[00.000388,00.006570]
06_map             	    185	00.269157	(00.001455 +- 00.000269)	[00.000837,00.004319]
07_imu_opt         	    185	00.302451	(00.001635 +- 00.000314)	[00.000001,00.006213]
08_publish         	    185	03.504635	(00.018944 +- 00.001736)	[00.011048,00.035620]
step               	    187	04.970703	(00.026581 +- 00.002274)	[00.000316,00.051684]

INFO  Timings:
SM Timing
-----------
00_conversion_livox	    189	03.041057	(00.016090 +- 00.001143)	[00.010098,00.032580]
01_filter          	    188	00.081983	(00.000436 +- 00.000059)	[00.000258,00.003050]
02_preint          	    186	00.011102	(00.000060 +- 00.000008)	[00.000034,00.000104]
03_undistortion    	    186	00.232172	(00.001248 +- 00.000111)	[00.000845,00.003113]
04_sampling        	    186	00.175492	(00.000944 +- 00.000077)	[00.000509,00.007567]
05_registration    	    186	00.369055	(00.001984 +- 00.000376)	[00.000388,00.006570]
06_map             	    186	00.270241	(00.001453 +- 00.000269)	[00.000837,00.004319]
07_imu_opt         	    186	00.303773	(00.001633 +- 00.000318)	[00.000001,00.006213]
08_publish         	    186	03.516479	(00.018906 +- 00.001754)	[00.011048,00.035620]
step               	    188	04.988532	(00.026535 +- 00.002286)	[00.000316,00.051684]

INFO  Timings:
SM Timing
-----------
00_conversion_livox	    190	03.052093	(00.016064 +- 00.001172)	[00.010098,00.032580]
01_filter          	    189	00.082332	(00.000436 +- 00.000058)	[00.000258,00.003050]
02_preint          	    187	00.011141	(00.000060 +- 00.000008)	[00.000034,00.000104]
03_undistortion    	    187	00.233068	(00.001246 +- 00.000113)	[00.000845,00.003113]
04_sampling        	    187	00.176051	(00.000941 +- 00.000077)	[00.000509,00.007567]
05_registration    	    187	00.369629	(00.001977 +- 00.000381)	[00.000388,00.006570]
06_map             	    187	00.271233	(00.001450 +- 00.000269)	[00.000837,00.004319]
07_imu_opt         	    187	00.305033	(00.001631 +- 00.000325)	[00.000001,00.006213]
08_publish         	    187	03.527594	(00.018864 +- 00.001786)	[00.011048,00.035620]
step               	    189	05.004418	(00.026478 +- 00.002347)	[00.000316,00.051684]

INFO  Timings:
SM Timing
-----------
00_conversion_livox	    191	03.062880	(00.016036 +- 00.001204)	[00.010098,00.032580]
01_filter          	    190	00.082673	(00.000435 +- 00.000058)	[00.000258,00.003050]
02_preint          	    188	00.011190	(00.000060 +- 00.000008)	[00.000034,00.000104]
03_undistortion    	    188	00.234241	(00.001246 +- 00.000113)	[00.000845,00.003113]
04_sampling        	    188	00.176653	(00.000940 +- 00.000077)	[00.000509,00.007567]
05_registration    	    188	00.370311	(00.001970 +- 00.000384)	[00.000388,00.006570]
06_map             	    188	00.272214	(00.001448 +- 00.000269)	[00.000837,00.004319]
07_imu_opt         	    188	00.306327	(00.001629 +- 00.000330)	[00.000001,00.006213]
08_publish         	    188	03.538872	(00.018824 +- 00.001806)	[00.011048,00.035620]
step               	    190	05.020902	(00.026426 +- 00.002381)	[00.000316,00.051684]

INFO  Timings:
SM Timing
-----------
00_conversion_livox	    192	03.073738	(00.016009 +- 00.001232)	[00.010098,00.032580]
01_filter          	    191	00.083009	(00.000435 +- 00.000057)	[00.000258,00.003050]
02_preint          	    189	00.011242	(00.000059 +- 00.000008)	[00.000034,00.000104]
03_undistortion    	    189	00.235256	(00.001245 +- 00.000112)	[00.000845,00.003113]
04_sampling        	    189	00.177362	(00.000938 +- 00.000077)	[00.000509,00.007567]
05_registration    	    189	00.371700	(00.001967 +- 00.000386)	[00.000388,00.006570]
06_map             	    189	00.273151	(00.001445 +- 00.000271)	[00.000837,00.004319]
07_imu_opt         	    189	00.307757	(00.001628 +- 00.000332)	[00.000001,00.006213]
08_publish         	    189	03.550220	(00.018784 +- 00.001822)	[00.011048,00.035620]
step               	    191	05.038217	(00.026378 +- 00.002389)	[00.000316,00.051684]

INFO  Timings:
SM Timing
-----------
00_conversion_livox	    193	03.084695	(00.015983 +- 00.001253)	[00.010098,00.032580]
01_filter          	    192	00.083341	(00.000434 +- 00.000055)	[00.000258,00.003050]
02_preint          	    190	00.011297	(00.000059 +- 00.000008)	[00.000034,00.000104]
03_undistortion    	    190	00.236243	(00.001243 +- 00.000108)	[00.000845,00.003113]
04_sampling        	    190	00.177983	(00.000937 +- 00.000071)	[00.000509,00.007567]
05_registration    	    190	00.372196	(00.001959 +- 00.000393)	[00.000388,00.006570]
06_map             	    190	00.274115	(00.001443 +- 00.000271)	[00.000837,00.004319]
07_imu_opt         	    190	00.309134	(00.001627 +- 00.000335)	[00.000001,00.006213]
08_publish         	    190	03.561671	(00.018746 +- 00.001836)	[00.011048,00.035620]
step               	    192	05.054579	(00.026326 +- 00.002412)	[00.000316,00.051684]

INFO  Timings:
SM Timing
-----------
00_conversion_livox	    194	03.096641	(00.015962 +- 00.001249)	[00.010098,00.032580]
01_filter          	    193	00.083705	(00.000434 +- 00.000054)	[00.000258,00.003050]
02_preint          	    191	00.011349	(00.000059 +- 00.000008)	[00.000034,00.000104]
03_undistortion    	    191	00.237404	(00.001243 +- 00.000109)	[00.000845,00.003113]
04_sampling        	    191	00.178653	(00.000935 +- 00.000070)	[00.000509,00.007567]
05_registration    	    191	00.373297	(00.001954 +- 00.000373)	[00.000388,00.006570]
06_map             	    191	00.275124	(00.001440 +- 00.000270)	[00.000837,00.004319]
07_imu_opt         	    191	00.310593	(00.001626 +- 00.000337)	[00.000001,00.006213]
08_publish         	    191	03.574124	(00.018713 +- 00.001772)	[00.011048,00.035620]
step               	    193	05.072950	(00.026285 +- 00.002313)	[00.000316,00.051684]

INFO  Timings:
SM Timing
-----------
00_conversion_livox	    195	03.109338	(00.015945 +- 00.001214)	[00.010098,00.032580]
01_filter          	    194	00.084150	(00.000434 +- 00.000055)	[00.000258,00.003050]
02_preint          	    192	00.011406	(00.000059 +- 00.000007)	[00.000034,00.000104]
03_undistortion    	    192	00.238436	(00.001242 +- 00.000109)	[00.000845,00.003113]
04_sampling        	    192	00.179325	(00.000934 +- 00.000070)	[00.000509,00.007567]
05_registration    	    192	00.373752	(00.001947 +- 00.000379)	[00.000388,00.006570]
06_map             	    192	00.276051	(00.001438 +- 00.000271)	[00.000837,00.004319]
07_imu_opt         	    192	00.312220	(00.001626 +- 00.000336)	[00.000001,00.006213]
08_publish         	    192	03.586609	(00.018680 +- 00.001730)	[00.011048,00.035620]
step               	    194	05.090757	(00.026241 +- 00.002273)	[00.000316,00.051684]

INFO  Timings:
SM Timing
-----------
00_conversion_livox	    196	03.121390	(00.015925 +- 00.001193)	[00.010098,00.032580]
01_filter          	    195	00.084514	(00.000433 +- 00.000054)	[00.000258,00.003050]
02_preint          	    193	00.011466	(00.000059 +- 00.000007)	[00.000034,00.000104]
03_undistortion    	    193	00.239456	(00.001241 +- 00.000106)	[00.000845,00.003113]
04_sampling        	    193	00.179956	(00.000932 +- 00.000070)	[00.000509,00.007567]
05_registration    	    193	00.374697	(00.001941 +- 00.000374)	[00.000388,00.006570]
06_map             	    193	00.277055	(00.001436 +- 00.000270)	[00.000837,00.004319]
07_imu_opt         	    193	00.313680	(00.001625 +- 00.000337)	[00.000001,00.006213]
08_publish         	    193	03.599042	(00.018648 +- 00.001687)	[00.011048,00.035620]
step               	    195	05.108768	(00.026199 +- 00.002216)	[00.000316,00.051684]

INFO  Timings:
SM Timing
-----------
00_conversion_livox	    197	03.134012	(00.015909 +- 00.001134)	[00.010098,00.032580]
01_filter          	    196	00.084888	(00.000433 +- 00.000053)	[00.000258,00.003050]
02_preint          	    194	00.011520	(00.000059 +- 00.000007)	[00.000034,00.000104]
03_undistortion    	    194	00.240527	(00.001240 +- 00.000102)	[00.000845,00.003113]
04_sampling        	    194	00.180538	(00.000931 +- 00.000068)	[00.000509,00.007567]
05_registration    	    194	00.375419	(00.001935 +- 00.000373)	[00.000388,00.006570]
06_map             	    194	00.278152	(00.001434 +- 00.000270)	[00.000837,00.004319]
07_imu_opt         	    194	00.315151	(00.001624 +- 00.000243)	[00.000001,00.006213]
08_publish         	    194	03.612460	(00.018621 +- 00.001600)	[00.011048,00.035620]
step               	    196	05.127657	(00.026162 +- 00.002034)	[00.000316,00.051684]

INFO  Timings:
SM Timing
-----------
00_conversion_livox	    198	03.146306	(00.015890 +- 00.001115)	[00.010098,00.032580]
01_filter          	    197	00.085265	(00.000433 +- 00.000053)	[00.000258,00.003050]
02_preint          	    195	00.011574	(00.000059 +- 00.000007)	[00.000034,00.000104]
03_undistortion    	    195	00.241481	(00.001238 +- 00.000099)	[00.000845,00.003113]
04_sampling        	    195	00.181135	(00.000929 +- 00.000066)	[00.000509,00.007567]
05_registration    	    195	00.375973	(00.001928 +- 00.000377)	[00.000388,00.006570]
06_map             	    195	00.279005	(00.001431 +- 00.000272)	[00.000837,00.004319]
07_imu_opt         	    195	00.317220	(00.001627 +- 00.000250)	[00.000001,00.006213]
08_publish         	    195	03.625940	(00.018595 +- 00.001566)	[00.011048,00.035620]
step               	    197	05.146679	(00.026125 +- 00.001992)	[00.000316,00.051684]

INFO  Timings:
SM Timing
-----------
00_conversion_livox	    199	03.159524	(00.015877 +- 00.001095)	[00.010098,00.032580]
01_filter          	    198	00.085582	(00.000432 +- 00.000051)	[00.000258,00.003050]
02_preint          	    196	00.011615	(00.000059 +- 00.000007)	[00.000034,00.000104]
03_undistortion    	    196	00.242441	(00.001237 +- 00.000097)	[00.000845,00.003113]
04_sampling        	    196	00.181719	(00.000927 +- 00.000064)	[00.000509,00.007567]
05_registration    	    196	00.376654	(00.001922 +- 00.000377)	[00.000388,00.006570]
06_map             	    196	00.280182	(00.001429 +- 00.000272)	[00.000837,00.004319]
07_imu_opt         	    196	00.318892	(00.001627 +- 00.000248)	[00.000001,00.006213]
08_publish         	    196	03.639713	(00.018570 +- 00.001487)	[00.011048,00.035620]
step               	    198	05.165987	(00.026091 +- 00.001891)	[00.000316,00.051684]

INFO  Timings:
SM Timing
-----------
00_conversion_livox	    200	03.173053	(00.015865 +- 00.001064)	[00.010098,00.032580]
01_filter          	    199	00.085982	(00.000432 +- 00.000051)	[00.000258,00.003050]
02_preint          	    197	00.011671	(00.000059 +- 00.000007)	[00.000034,00.000104]
03_undistortion    	    197	00.243460	(00.001236 +- 00.000089)	[00.000845,00.003113]
04_sampling        	    197	00.182318	(00.000925 +- 00.000060)	[00.000509,00.007567]
05_registration    	    197	00.377223	(00.001915 +- 00.000373)	[00.000388,00.006570]
06_map             	    197	00.281389	(00.001428 +- 00.000272)	[00.000837,00.004319]
07_imu_opt         	    197	00.320426	(00.001627 +- 00.000248)	[00.000001,00.006213]
08_publish         	    197	03.652864	(00.018542 +- 00.001453)	[00.011048,00.035620]
step               	    199	05.184637	(00.026053 +- 00.001827)	[00.000316,00.051684]

INFO  Timings:
SM Timing
-----------
00_conversion_livox	    201	03.186219	(00.015852 +- 00.001055)	[00.010098,00.032580]
01_filter          	    200	00.086378	(00.000432 +- 00.000051)	[00.000258,00.003050]
02_preint          	    198	00.011733	(00.000059 +- 00.000007)	[00.000034,00.000104]
03_undistortion    	    198	00.244584	(00.001235 +- 00.000091)	[00.000845,00.003113]
04_sampling        	    198	00.182980	(00.000924 +- 00.000060)	[00.000509,00.007567]
05_registration    	    198	00.377977	(00.001909 +- 00.000373)	[00.000388,00.006570]
06_map             	    198	00.282495	(00.001427 +- 00.000272)	[00.000837,00.004319]
07_imu_opt         	    198	00.322366	(00.001628 +- 00.000251)	[00.000001,00.006213]
08_publish         	    198	03.665709	(00.018514 +- 00.001384)	[00.011048,00.035620]
step               	    200	05.203634	(00.026018 +- 00.001769)	[00.000316,00.051684]

INFO  Timings:
SM Timing
-----------
00_conversion_livox	    202	03.198176	(00.015833 +- 00.001040)	[00.010098,00.032580]
01_filter          	    201	00.086679	(00.000431 +- 00.000050)	[00.000258,00.003050]
02_preint          	    199	00.011778	(00.000059 +- 00.000007)	[00.000034,00.000104]
03_undistortion    	    199	00.245525	(00.001234 +- 00.000085)	[00.000845,00.003113]
04_sampling        	    199	00.183512	(00.000922 +- 00.000061)	[00.000509,00.007567]
05_registration    	    199	00.379226	(00.001906 +- 00.000375)	[00.000388,00.006570]
06_map             	    199	00.283572	(00.001425 +- 00.000269)	[00.000837,00.004319]
07_imu_opt         	    199	00.323959	(00.001628 +- 00.000251)	[00.000001,00.006213]
08_publish         	    199	03.678210	(00.018483 +- 00.001282)	[00.011048,00.035620]
step               	    201	05.221974	(00.025980 +- 00.001666)	[00.000316,00.051684]

INFO  Timings:
SM Timing
-----------
00_conversion_livox	    203	03.210287	(00.015814 +- 00.001038)	[00.010098,00.032580]
01_filter          	    202	00.086995	(00.000431 +- 00.000051)	[00.000258,00.003050]
02_preint          	    200	00.011824	(00.000059 +- 00.000007)	[00.000034,00.000104]
03_undistortion    	    200	00.246627	(00.001233 +- 00.000086)	[00.000845,00.003113]
04_sampling        	    200	00.184106	(00.000921 +- 00.000057)	[00.000509,00.007567]
05_registration    	    200	00.379864	(00.001899 +- 00.000373)	[00.000388,00.006570]
06_map             	    200	00.284608	(00.001423 +- 00.000269)	[00.000837,00.004319]
07_imu_opt         	    200	00.325485	(00.001627 +- 00.000249)	[00.000001,00.006213]
08_publish         	    200	03.690763	(00.018454 +- 00.001198)	[00.011048,00.035620]
step               	    202	05.239868	(00.025940 +- 00.001568)	[00.000316,00.051684]

INFO  Timings:
SM Timing
-----------
00_conversion_livox	    204	03.222184	(00.015795 +- 00.000987)	[00.010098,00.032580]
01_filter          	    203	00.087307	(00.000430 +- 00.000048)	[00.000258,00.003050]
02_preint          	    201	00.011869	(00.000059 +- 00.000007)	[00.000034,00.000104]
03_undistortion    	    201	00.247701	(00.001232 +- 00.000085)	[00.000845,00.003113]
04_sampling        	    201	00.184745	(00.000919 +- 00.000054)	[00.000509,00.007567]
05_registration    	    201	00.380906	(00.001895 +- 00.000372)	[00.000388,00.006570]
06_map             	    201	00.285572	(00.001421 +- 00.000270)	[00.000837,00.004319]
07_imu_opt         	    201	00.327001	(00.001627 +- 00.000249)	[00.000001,00.006213]
08_publish         	    201	03.703445	(00.018425 +- 00.001135)	[00.011048,00.035620]
step               	    203	05.258256	(00.025903 +- 00.001494)	[00.000316,00.051684]

INFO  Timings:
SM Timing
-----------
00_conversion_livox	    205	03.233795	(00.015775 +- 00.000987)	[00.010098,00.032580]
01_filter          	    204	00.087629	(00.000430 +- 00.000048)	[00.000258,00.003050]
02_preint          	    202	00.011930	(00.000059 +- 00.000007)	[00.000034,00.000104]
03_undistortion    	    202	00.248731	(00.001231 +- 00.000084)	[00.000845,00.003113]
04_sampling        	    202	00.185349	(00.000918 +- 00.000053)	[00.000509,00.007567]
05_registration    	    202	00.381482	(00.001889 +- 00.000370)	[00.000388,00.006570]
06_map             	    202	00.286527	(00.001418 +- 00.000270)	[00.000837,00.004319]
07_imu_opt         	    202	00.328500	(00.001626 +- 00.000246)	[00.000001,00.006213]
08_publish         	    202	03.715773	(00.018395 +- 00.001073)	[00.011048,00.035620]
step               	    204	05.275751	(00.025862 +- 00.001414)	[00.000316,00.051684]

INFO  Timings:
SM Timing
-----------
00_conversion_livox	    206	03.245307	(00.015754 +- 00.000953)	[00.010098,00.032580]
01_filter          	    205	00.087991	(00.000429 +- 00.000048)	[00.000258,00.003050]
02_preint          	    203	00.011987	(00.000059 +- 00.000007)	[00.000034,00.000104]
03_undistortion    	    203	00.249666	(00.001230 +- 00.000084)	[00.000845,00.003113]
04_sampling        	    203	00.186066	(00.000917 +- 00.000054)	[00.000509,00.007567]
05_registration    	    203	00.382152	(00.001883 +- 00.000370)	[00.000388,00.006570]
06_map             	    203	00.287475	(00.001416 +- 00.000271)	[00.000837,00.004319]
07_imu_opt         	    203	00.329917	(00.001625 +- 00.000243)	[00.000001,00.006213]
08_publish         	    203	03.727993	(00.018364 +- 00.000983)	[00.011048,00.035620]
step               	    205	05.293172	(00.025820 +- 00.001340)	[00.000316,00.051684]

INFO  Timings:
SM Timing
-----------
00_conversion_livox	    207	03.256624	(00.015732 +- 00.000944)	[00.010098,00.032580]
01_filter          	    206	00.088335	(00.000429 +- 00.000037)	[00.000258,00.003050]
02_preint          	    204	00.012041	(00.000059 +- 00.000007)	[00.000034,00.000104]
03_undistortion    	    204	00.250647	(00.001229 +- 00.000084)	[00.000845,00.003113]
04_sampling        	    204	00.186822	(00.000916 +- 00.000057)	[00.000509,00.007567]
05_registration    	    204	00.382898	(00.001877 +- 00.000370)	[00.000388,00.006570]
06_map             	    204	00.288462	(00.001414 +- 00.000271)	[00.000837,00.004319]
07_imu_opt         	    204	00.331344	(00.001624 +- 00.000242)	[00.000001,00.006213]
08_publish         	    204	03.740604	(00.018336 +- 00.000942)	[00.011048,00.035620]
step               	    206	05.311178	(00.025782 +- 00.001299)	[00.000316,00.051684]

INFO  Timings:
SM Timing
-----------
00_conversion_livox	    208	03.268663	(00.015715 +- 00.000919)	[00.010098,00.032580]
01_filter          	    207	00.088704	(00.000429 +- 00.000037)	[00.000258,00.003050]
02_preint          	    205	00.012102	(00.000059 +- 00.000006)	[00.000034,00.000104]
03_undistortion    	    205	00.251529	(00.001227 +- 00.000086)	[00.000845,00.003113]
04_sampling        	    205	00.187577	(00.000915 +- 00.000059)	[00.000509,00.007567]
05_registration    	    205	00.383842	(00.001872 +- 00.000365)	[00.000388,00.006570]
06_map             	    205	00.289421	(00.001412 +- 00.000271)	[00.000837,00.004319]
07_imu_opt         	    205	00.332879	(00.001624 +- 00.000236)	[00.000001,00.006213]
08_publish         	    205	03.753289	(00.018309 +- 00.000883)	[00.011048,00.035620]
step               	    207	05.329454	(00.025746 +- 00.001207)	[00.000316,00.051684]

INFO  Timings:
SM Timing
-----------
00_conversion_livox	    209	03.280772	(00.015697 +- 00.000896)	[00.010098,00.032580]
01_filter          	    208	00.089053	(00.000428 +- 00.000037)	[00.000258,00.003050]
02_preint          	    206	00.012157	(00.000059 +- 00.000006)	[00.000034,00.000104]
03_undistortion    	    206	00.252451	(00.001225 +- 00.000084)	[00.000845,00.003113]
04_sampling        	    206	00.188321	(00.000914 +- 00.000062)	[00.000509,00.007567]
05_registration    	    206	00.384597	(00.001867 +- 00.000364)	[00.000388,00.006570]
06_map             	    206	00.290312	(00.001409 +- 00.000272)	[00.000837,00.004319]
07_imu_opt         	    206	00.334400	(00.001623 +- 00.000236)	[00.000001,00.006213]
08_publish         	    206	03.765983	(00.018281 +- 00.000877)	[00.011048,00.035620]
step               	    208	05.347484	(00.025709 +- 00.001196)	[00.000316,00.051684]

INFO  Timings:
SM Timing
-----------
00_conversion_livox	    210	03.292977	(00.015681 +- 00.000896)	[00.010098,00.032580]
01_filter          	    209	00.089402	(00.000428 +- 00.000036)	[00.000258,00.003050]
02_preint          	    207	00.012216	(00.000059 +- 00.000007)	[00.000034,00.000104]
03_undistortion    	    207	00.253459	(00.001224 +- 00.000084)	[00.000845,00.003113]
04_sampling        	    207	00.188955	(00.000913 +- 00.000062)	[00.000509,00.007567]
05_registration    	    207	00.385633	(00.001863 +- 00.000364)	[00.000388,00.006570]
06_map             	    207	00.291472	(00.001408 +- 00.000272)	[00.000837,00.004319]
07_imu_opt         	    207	00.335928	(00.001623 +- 00.000236)	[00.000001,00.006213]
08_publish         	    207	03.779835	(00.018260 +- 00.000893)	[00.011048,00.035620]
step               	    209	05.367230	(00.025681 +- 00.001212)	[00.000316,00.051684]

INFO  Timings:
SM Timing
-----------
00_conversion_livox	    211	03.306984	(00.015673 +- 00.000925)	[00.010098,00.032580]
01_filter          	    210	00.089751	(00.000427 +- 00.000035)	[00.000258,00.003050]
02_preint          	    208	00.012273	(00.000059 +- 00.000007)	[00.000034,00.000104]
03_undistortion    	    208	00.254408	(00.001223 +- 00.000080)	[00.000845,00.003113]
04_sampling        	    208	00.189550	(00.000911 +- 00.000062)	[00.000509,00.007567]
05_registration    	    208	00.386283	(00.001857 +- 00.000366)	[00.000388,00.006570]
06_map             	    208	00.292506	(00.001406 +- 00.000272)	[00.000837,00.004319]
07_imu_opt         	    208	00.337560	(00.001623 +- 00.000235)	[00.000001,00.006213]
08_publish         	    208	03.793897	(00.018240 +- 00.000905)	[00.011048,00.035620]
step               	    210	05.386662	(00.025651 +- 00.001220)	[00.000316,00.051684]

INFO  Timings:
SM Timing
-----------
00_conversion_livox	    212	03.320199	(00.015661 +- 00.000911)	[00.010098,00.032580]
01_filter          	    211	00.090064	(00.000427 +- 00.000035)	[00.000258,00.003050]
02_preint          	    209	00.012344	(00.000059 +- 00.000007)	[00.000034,00.000104]
03_undistortion    	    209	00.255414	(00.001222 +- 00.000080)	[00.000845,00.003113]
04_sampling        	    209	00.190172	(00.000910 +- 00.000060)	[00.000509,00.007567]
05_registration    	    209	00.386946	(00.001851 +- 00.000333)	[00.000388,00.006570]
06_map             	    209	00.293599	(00.001405 +- 00.000272)	[00.000837,00.004319]
07_imu_opt         	    209	00.339256	(00.001623 +- 00.000236)	[00.000001,00.006213]
08_publish         	    209	03.807989	(00.018220 +- 00.000899)	[00.011048,00.035620]
step               	    211	05.406323	(00.025622 +- 00.001232)	[00.000316,00.051684]

INFO  Timings:
SM Timing
-----------
00_conversion_livox	    213	03.333714	(00.015651 +- 00.000891)	[00.010098,00.032580]
01_filter          	    212	00.090454	(00.000427 +- 00.000036)	[00.000258,00.003050]
02_preint          	    210	00.012409	(00.000059 +- 00.000007)	[00.000034,00.000104]
03_undistortion    	    210	00.256484	(00.001221 +- 00.000081)	[00.000845,00.003113]
04_sampling        	    210	00.190863	(00.000909 +- 00.000060)	[00.000509,00.007567]
05_registration    	    210	00.388252	(00.001849 +- 00.000335)	[00.000388,00.006570]
06_map             	    210	00.294750	(00.001404 +- 00.000270)	[00.000837,00.004319]
07_imu_opt         	    210	00.341019	(00.001624 +- 00.000222)	[00.000001,00.006213]
08_publish         	    210	03.823139	(00.018205 +- 00.000924)	[00.011048,00.035620]
step               	    212	05.428003	(00.025604 +- 00.001286)	[00.000316,00.051684]

INFO  Timings:
SM Timing
-----------
00_conversion_livox	    214	03.349370	(00.015651 +- 00.000952)	[00.010098,00.032580]
01_filter          	    213	00.090983	(00.000427 +- 00.000044)	[00.000258,00.003050]
02_preint          	    211	00.012470	(00.000059 +- 00.000007)	[00.000034,00.000104]
03_undistortion    	    211	00.257444	(00.001220 +- 00.000080)	[00.000845,00.003113]
04_sampling        	    211	00.191485	(00.000908 +- 00.000059)	[00.000509,00.007567]
05_registration    	    211	00.389002	(00.001844 +- 00.000334)	[00.000388,00.006570]
06_map             	    211	00.296026	(00.001403 +- 00.000272)	[00.000837,00.004319]
07_imu_opt         	    211	00.343010	(00.001626 +- 00.000228)	[00.000001,00.006213]
08_publish         	    211	03.839446	(00.018196 +- 00.001020)	[00.011048,00.035620]
step               	    213	05.450616	(00.025590 +- 00.001386)	[00.000316,00.051684]

INFO  Timings:
SM Timing
-----------
00_conversion_livox	    215	03.364835	(00.015650 +- 00.001035)	[00.010098,00.032580]
01_filter          	    214	00.091398	(00.000427 +- 00.000045)	[00.000258,00.003050]
02_preint          	    212	00.012539	(00.000059 +- 00.000008)	[00.000034,00.000104]
03_undistortion    	    212	00.258588	(00.001220 +- 00.000082)	[00.000845,00.003113]
04_sampling        	    212	00.192076	(00.000906 +- 00.000059)	[00.000509,00.007567]
05_registration    	    212	00.389819	(00.001839 +- 00.000334)	[00.000388,00.006570]
06_map             	    212	00.297206	(00.001402 +- 00.000272)	[00.000837,00.004319]
07_imu_opt         	    212	00.344875	(00.001627 +- 00.000230)	[00.000001,00.006213]
08_publish         	    212	03.854610	(00.018182 +- 00.001066)	[00.011048,00.035620]
step               	    214	05.471986	(00.025570 +- 00.001438)	[00.000316,00.051684]

INFO  Timings:
SM Timing
-----------
00_conversion_livox	    216	03.379541	(00.015646 +- 00.001079)	[00.010098,00.032580]
01_filter          	    215	00.091723	(00.000427 +- 00.000045)	[00.000258,00.003050]
02_preint          	    213	00.012596	(00.000059 +- 00.000008)	[00.000034,00.000104]
03_undistortion    	    213	00.259737	(00.001219 +- 00.000085)	[00.000845,00.003113]
04_sampling        	    213	00.192772	(00.000905 +- 00.000059)	[00.000509,00.007567]
05_registration    	    213	00.393763	(00.001849 +- 00.000543)	[00.000388,00.006570]
06_map             	    213	00.298404	(00.001401 +- 00.000239)	[00.000837,00.004319]
07_imu_opt         	    213	00.346703	(00.001628 +- 00.000230)	[00.000001,00.006213]
08_publish         	    213	03.869096	(00.018165 +- 00.001085)	[00.011048,00.035620]
step               	    215	05.495749	(00.025562 +- 00.001603)	[00.000316,00.051684]

INFO  Timings:
SM Timing
-----------
00_conversion_livox	    217	03.395649	(00.015648 +- 00.001182)	[00.010098,00.032580]
01_filter          	    216	00.092078	(00.000426 +- 00.000045)	[00.000258,00.003050]
02_preint          	    214	00.012668	(00.000059 +- 00.000008)	[00.000034,00.000104]
03_undistortion    	    214	00.260824	(00.001219 +- 00.000086)	[00.000845,00.003113]
04_sampling        	    214	00.193439	(00.000904 +- 00.000059)	[00.000509,00.007567]
05_registration    	    214	00.395523	(00.001848 +- 00.000555)	[00.000388,00.006570]
06_map             	    214	00.299523	(00.001400 +- 00.000237)	[00.000837,00.004319]
07_imu_opt         	    214	00.348714	(00.001630 +- 00.000237)	[00.000001,00.006213]
08_publish         	    214	03.884948	(00.018154 +- 00.001149)	[00.011048,00.035620]
step               	    216	05.518767	(00.025550 +- 00.001704)	[00.000316,00.051684]

INFO  Timings:
SM Timing
-----------
00_conversion_livox	    218	03.411462	(00.015649 +- 00.001251)	[00.010098,00.032580]
01_filter          	    217	00.092404	(00.000426 +- 00.000045)	[00.000258,00.003050]
02_preint          	    215	00.012742	(00.000059 +- 00.000009)	[00.000034,00.000104]
03_undistortion    	    215	00.261796	(00.001218 +- 00.000084)	[00.000845,00.003113]
04_sampling        	    215	00.194005	(00.000902 +- 00.000059)	[00.000509,00.007567]
05_registration    	    215	00.397749	(00.001850 +- 00.000582)	[00.000388,00.006570]
06_map             	    215	00.300520	(00.001398 +- 00.000237)	[00.000837,00.004319]
07_imu_opt         	    215	00.350579	(00.001631 +- 00.000237)	[00.000001,00.006213]
08_publish         	    215	03.897787	(00.018129 +- 00.001138)	[00.011048,00.035620]
step               	    217	05.538704	(00.025524 +- 00.001698)	[00.000316,00.051684]

INFO  Timings:
SM Timing
-----------
00_conversion_livox	    219	03.425380	(00.015641 +- 00.001249)	[00.010098,00.032580]
01_filter          	    218	00.092715	(00.000425 +- 00.000045)	[00.000258,00.003050]
02_preint          	    216	00.012800	(00.000059 +- 00.000009)	[00.000034,00.000104]
03_undistortion    	    216	00.262972	(00.001217 +- 00.000087)	[00.000845,00.003113]
04_sampling        	    216	00.194563	(00.000901 +- 00.000059)	[00.000509,00.007567]
05_registration    	    216	00.399106	(00.001848 +- 00.000582)	[00.000388,00.006570]
06_map             	    216	00.301548	(00.001396 +- 00.000235)	[00.000837,00.004319]
07_imu_opt         	    216	00.352671	(00.001633 +- 00.000245)	[00.000001,00.006213]
08_publish         	    216	03.908851	(00.018097 +- 00.001159)	[00.011048,00.035620]
step               	    218	05.556447	(00.025488 +- 00.001676)	[00.000316,00.051684]

INFO  Timings:
SM Timing
-----------
00_conversion_livox	    220	03.439304	(00.015633 +- 00.001249)	[00.010098,00.032580]
01_filter          	    219	00.092982	(00.000425 +- 00.000046)	[00.000258,00.003050]
02_preint          	    217	00.012869	(00.000059 +- 00.000008)	[00.000034,00.000104]
03_undistortion    	    217	00.263711	(00.001215 +- 00.000094)	[00.000738,00.003113]
04_sampling        	    217	00.195078	(00.000899 +- 00.000061)	[00.000509,00.007567]
05_registration    	    217	00.400106	(00.001844 +- 00.000581)	[00.000388,00.006570]
06_map             	    217	00.302483	(00.001394 +- 00.000091)	[00.000837,00.004319]
07_imu_opt         	    217	00.354449	(00.001633 +- 00.000246)	[00.000001,00.006213]
08_publish         	    217	03.920546	(00.018067 +- 00.001174)	[00.011048,00.035620]
step               	    219	05.573544	(00.025450 +- 00.001691)	[00.000316,00.051684]

INFO  Timings:
SM Timing
-----------
00_conversion_livox	    221	03.452857	(00.015624 +- 00.001253)	[00.010098,00.032580]
01_filter          	    220	00.093300	(00.000424 +- 00.000046)	[00.000258,00.003050]
02_preint          	    218	00.012931	(00.000059 +- 00.000008)	[00.000034,00.000104]
03_undistortion    	    218	00.264562	(00.001214 +- 00.000097)	[00.000738,00.003113]
04_sampling        	    218	00.195660	(00.000898 +- 00.000060)	[00.000509,00.007567]
05_registration    	    218	00.400911	(00.001839 +- 00.000575)	[00.000388,00.006570]
06_map             	    218	00.303523	(00.001392 +- 00.000091)	[00.000837,00.004319]
07_imu_opt         	    218	00.356413	(00.001635 +- 00.000250)	[00.000001,00.006213]
08_publish         	    218	03.931708	(00.018035 +- 00.001204)	[00.011048,00.035620]
step               	    220	05.590419	(00.025411 +- 00.001714)	[00.000316,00.051684]

INFO  Timings:
SM Timing
-----------
00_conversion_livox	    222	03.465917	(00.015612 +- 00.001253)	[00.010098,00.032580]
01_filter          	    221	00.093612	(00.000424 +- 00.000046)	[00.000258,00.003050]
02_preint          	    219	00.012994	(00.000059 +- 00.000008)	[00.000034,00.000104]
03_undistortion    	    219	00.265461	(00.001212 +- 00.000098)	[00.000738,00.003113]
04_sampling        	    219	00.196285	(00.000896 +- 00.000060)	[00.000509,00.007567]
05_registration    	    219	00.401472	(00.001833 +- 00.000578)	[00.000388,00.006570]
06_map             	    219	00.304435	(00.001390 +- 00.000093)	[00.000837,00.004319]
07_imu_opt         	    219	00.358011	(00.001635 +- 00.000249)	[00.000001,00.006213]
08_publish         	    219	03.942598	(00.018003 +- 00.001240)	[00.010891,00.035620]
step               	    221	05.606359	(00.025368 +- 00.001759)	[00.000316,00.051684]

INFO  Timings:
SM Timing
-----------
00_conversion_livox	    223	03.478636	(00.015599 +- 00.001242)	[00.010098,00.032580]
01_filter          	    222	00.093919	(00.000423 +- 00.000046)	[00.000258,00.003050]
02_preint          	    220	00.013049	(00.000059 +- 00.000008)	[00.000034,00.000104]
03_undistortion    	    220	00.267118	(00.001214 +- 00.000135)	[00.000738,00.003113]
04_sampling        	    220	00.196816	(00.000895 +- 00.000061)	[00.000509,00.007567]
05_registration    	    220	00.402104	(00.001828 +- 00.000579)	[00.000388,00.006570]
06_map             	    220	00.305439	(00.001388 +- 00.000093)	[00.000837,00.004319]
07_imu_opt         	    220	00.359611	(00.001635 +- 00.000248)	[00.000001,00.006213]
08_publish         	    220	03.954432	(00.017975 +- 00.001249)	[00.010891,00.035620]
step               	    222	05.624057	(00.025334 +- 00.001765)	[00.000316,00.051684]

INFO  Timings:
SM Timing
-----------
00_conversion_livox	    224	03.493263	(00.015595 +- 00.001267)	[00.010098,00.032580]
01_filter          	    223	00.094238	(00.000423 +- 00.000046)	[00.000258,00.003050]
02_preint          	    221	00.013106	(00.000059 +- 00.000008)	[00.000034,00.000104]
03_undistortion    	    221	00.268041	(00.001213 +- 00.000135)	[00.000738,00.003113]
04_sampling        	    221	00.197382	(00.000893 +- 00.000061)	[00.000509,00.007567]
05_registration    	    221	00.402909	(00.001823 +- 00.000579)	[00.000388,00.006570]
06_map             	    221	00.306468	(00.001387 +- 00.000093)	[00.000837,00.004319]
07_imu_opt         	    221	00.362119	(00.001639 +- 00.000276)	[00.000001,00.006213]
08_publish         	    221	03.966915	(00.017950 +- 00.001251)	[00.010891,00.035620]
step               	    223	05.642830	(00.025304 +- 00.001764)	[00.000316,00.051684]

INFO  Timings:
SM Timing
-----------
00_conversion_livox	    225	03.507240	(00.015588 +- 00.001277)	[00.010098,00.032580]
01_filter          	    224	00.094540	(00.000422 +- 00.000046)	[00.000258,00.003050]
02_preint          	    222	00.013168	(00.000059 +- 00.000008)	[00.000034,00.000104]
03_undistortion    	    222	00.268875	(00.001211 +- 00.000137)	[00.000738,00.003113]
04_sampling        	    222	00.197923	(00.000892 +- 00.000061)	[00.000509,00.007567]
05_registration    	    222	00.405334	(00.001826 +- 00.000612)	[00.000388,00.006570]
06_map             	    222	00.307513	(00.001385 +- 00.000093)	[00.000837,00.004319]
07_imu_opt         	    222	00.364118	(00.001640 +- 00.000278)	[00.000001,00.006213]
08_publish         	    222	03.978824	(00.017923 +- 00.001256)	[00.010891,00.035620]
step               	    224	05.662041	(00.025277 +- 00.001754)	[00.000316,00.051684]

INFO  Timings:
SM Timing
-----------
00_conversion_livox	    226	03.521192	(00.015580 +- 00.001286)	[00.010098,00.032580]
01_filter          	    225	00.094857	(00.000422 +- 00.000044)	[00.000258,00.003050]
02_preint          	    223	00.013230	(00.000059 +- 00.000008)	[00.000034,00.000104]
03_undistortion    	    223	00.269669	(00.001209 +- 00.000140)	[00.000738,00.003113]
04_sampling        	    223	00.198661	(00.000891 +- 00.000063)	[00.000509,00.007567]
05_registration    	    223	00.405935	(00.001820 +- 00.000614)	[00.000388,00.006570]
06_map             	    223	00.308507	(00.001383 +- 00.000091)	[00.000837,00.004319]
07_imu_opt         	    223	00.366242	(00.001642 +- 00.000285)	[00.000001,00.006213]
08_publish         	    223	03.990315	(00.017894 +- 00.001269)	[00.010891,00.035620]
step               	    225	05.679239	(00.025241 +- 00.001766)	[00.000316,00.051684]

INFO  Timings:
SM Timing
-----------
00_conversion_livox	    227	03.534921	(00.015572 +- 00.001291)	[00.010098,00.032580]
01_filter          	    226	00.095159	(00.000421 +- 00.000044)	[00.000258,00.003050]
02_preint          	    224	00.013295	(00.000059 +- 00.000008)	[00.000034,00.000104]
03_undistortion    	    224	00.270565	(00.001208 +- 00.000139)	[00.000738,00.003113]
04_sampling        	    224	00.199267	(00.000890 +- 00.000061)	[00.000509,00.007567]
05_registration    	    224	00.407580	(00.001820 +- 00.000619)	[00.000388,00.006570]
06_map             	    224	00.309445	(00.001381 +- 00.000092)	[00.000837,00.004319]
07_imu_opt         	    224	00.368421	(00.001645 +- 00.000290)	[00.000001,00.006213]
08_publish         	    224	04.002548	(00.017869 +- 00.001272)	[00.010891,00.035620]
step               	    226	05.698187	(00.025213 +- 00.001756)	[00.000316,00.051684]

INFO  Timings:
SM Timing
-----------
00_conversion_livox	    228	03.550291	(00.015571 +- 00.001335)	[00.010098,00.032580]
01_filter          	    227	00.095505	(00.000421 +- 00.000043)	[00.000258,00.003050]
02_preint          	    225	00.013357	(00.000059 +- 00.000008)	[00.000034,00.000104]
03_undistortion    	    225	00.271470	(00.001207 +- 00.000140)	[00.000738,00.003113]
04_sampling        	    225	00.199840	(00.000888 +- 00.000061)	[00.000509,00.007567]
05_registration    	    225	00.410631	(00.001825 +- 00.000680)	[00.000388,00.006570]
06_map             	    225	00.310579	(00.001380 +- 00.000092)	[00.000837,00.004319]
07_imu_opt         	    225	00.370836	(00.001648 +- 00.000307)	[00.000001,00.006213]
08_publish         	    225	04.015809	(00.017848 +- 00.001265)	[00.010891,00.035620]
step               	    227	05.720006	(00.025198 +- 00.001803)	[00.000316,00.051684]

INFO  Timings:
SM Timing
-----------
00_conversion_livox	    229	03.565750	(00.015571 +- 00.001380)	[00.010098,00.032580]
01_filter          	    228	00.095810	(00.000420 +- 00.000044)	[00.000258,00.003050]
02_preint          	    226	00.013425	(00.000059 +- 00.000008)	[00.000034,00.000104]
03_undistortion    	    226	00.272289	(00.001205 +- 00.000142)	[00.000738,00.003113]
04_sampling        	    226	00.200406	(00.000887 +- 00.000061)	[00.000509,00.007567]
05_registration    	    226	00.411571	(00.001821 +- 00.000677)	[00.000388,00.006570]
06_map             	    226	00.311486	(00.001378 +- 00.000094)	[00.000837,00.004319]
07_imu_opt         	    226	00.372716	(00.001649 +- 00.000305)	[00.000001,00.006213]
08_publish         	    226	04.027724	(00.017822 +- 00.001269)	[00.010891,00.035620]
step               	    228	05.737496	(00.025164 +- 00.001813)	[00.000316,00.051684]

INFO  Timings:
SM Timing
-----------
00_conversion_livox	    230	03.581095	(00.015570 +- 00.001419)	[00.010098,00.032580]
01_filter          	    229	00.096099	(00.000420 +- 00.000044)	[00.000258,00.003050]
02_preint          	    227	00.013484	(00.000059 +- 00.000008)	[00.000034,00.000104]
03_undistortion    	    227	00.273258	(00.001204 +- 00.000141)	[00.000738,00.003113]
04_sampling        	    227	00.201002	(00.000885 +- 00.000061)	[00.000509,00.007567]
05_registration    	    227	00.412342	(00.001816 +- 00.000678)	[00.000388,00.006570]
06_map             	    227	00.312598	(00.001377 +- 00.000093)	[00.000837,00.004319]
07_imu_opt         	    227	00.375126	(00.001653 +- 00.000319)	[00.000001,00.006213]
08_publish         	    227	04.039288	(00.017794 +- 00.001276)	[00.010891,00.035620]
step               	    229	05.755349	(00.025133 +- 00.001816)	[00.000316,00.051684]

INFO  Timings:
SM Timing
-----------
00_conversion_livox	    231	03.596176	(00.015568 +- 00.001445)	[00.010098,00.032580]
01_filter          	    230	00.096412	(00.000419 +- 00.000044)	[00.000258,00.003050]
02_preint          	    228	00.013543	(00.000059 +- 00.000008)	[00.000034,00.000104]
03_undistortion    	    228	00.274260	(00.001203 +- 00.000141)	[00.000738,00.003113]
04_sampling        	    228	00.201540	(00.000884 +- 00.000062)	[00.000509,00.007567]
05_registration    	    228	00.413345	(00.001813 +- 00.000672)	[00.000388,00.006570]
06_map             	    228	00.313749	(00.001376 +- 00.000091)	[00.000837,00.004319]
07_imu_opt         	    228	00.377443	(00.001655 +- 00.000306)	[00.000001,00.006213]
08_publish         	    228	04.051120	(00.017768 +- 00.001236)	[00.010891,00.035620]
step               	    230	05.773642	(00.025103 +- 00.001721)	[00.000316,00.051684]

INFO  Timings:
SM Timing
-----------
00_conversion_livox	    232	03.611654	(00.015567 +- 00.001484)	[00.010098,00.032580]
01_filter          	    231	00.096742	(00.000419 +- 00.000044)	[00.000258,00.003050]
02_preint          	    229	00.013615	(00.000059 +- 00.000009)	[00.000034,00.000104]
03_undistortion    	    229	00.275153	(00.001202 +- 00.000140)	[00.000738,00.003113]
04_sampling        	    229	00.202145	(00.000883 +- 00.000061)	[00.000509,00.007567]
05_registration    	    229	00.413962	(00.001808 +- 00.000674)	[00.000388,00.006570]
06_map             	    229	00.314594	(00.001374 +- 00.000095)	[00.000837,00.004319]
07_imu_opt         	    229	00.380172	(00.001660 +- 00.000337)	[00.000001,00.006213]
08_publish         	    229	04.061379	(00.017735 +- 00.001265)	[00.010259,00.035620]
step               	    231	05.790071	(00.025065 +- 00.001741)	[00.000316,00.051684]

INFO  Timings:
SM Timing
-----------
00_conversion_livox	    233	03.626121	(00.015563 +- 00.001496)	[00.010098,00.032580]
01_filter          	    232	00.097022	(00.000418 +- 00.000045)	[00.000258,00.003050]
02_preint          	    230	00.013680	(00.000059 +- 00.000009)	[00.000034,00.000104]
03_undistortion    	    230	00.275958	(00.001200 +- 00.000143)	[00.000738,00.003113]
04_sampling        	    230	00.202670	(00.000881 +- 00.000063)	[00.000509,00.007567]
05_registration    	    230	00.414685	(00.001803 +- 00.000674)	[00.000388,00.006570]
06_map             	    230	00.315348	(00.001371 +- 00.000103)	[00.000754,00.004319]
07_imu_opt         	    230	00.382286	(00.001662 +- 00.000340)	[00.000001,00.006213]
08_publish         	    230	04.070018	(00.017696 +- 00.001369)	[00.008639,00.035620]
step               	    232	05.804056	(00.025017 +- 00.001843)	[00.000316,00.051684]

INFO  Timings:
SM Timing
-----------
00_conversion_livox	    234	03.639402	(00.015553 +- 00.001492)	[00.010098,00.032580]
01_filter          	    233	00.097281	(00.000418 +- 00.000046)	[00.000258,00.003050]
02_preint          	    231	00.013737	(00.000059 +- 00.000009)	[00.000034,00.000104]
03_undistortion    	    231	00.276733	(00.001198 +- 00.000146)	[00.000738,00.003113]
04_sampling        	    231	00.203178	(00.000880 +- 00.000064)	[00.000508,00.007567]
05_registration    	    231	00.416029	(00.001801 +- 00.000663)	[00.000388,00.006570]
06_map             	    231	00.316202	(00.001369 +- 00.000105)	[00.000754,00.004319]
07_imu_opt         	    231	00.386154	(00.001672 +- 00.000450)	[00.000001,00.006213]
08_publish         	    231	04.077761	(00.017653 +- 00.001520)	[00.007743,00.035620]
step               	    233	05.819539	(00.024977 +- 00.001870)	[00.000316,00.051684]

INFO  Timings:
SM Timing
-----------
00_conversion_livox	    235	03.653076	(00.015545 +- 00.001490)	[00.010098,00.032580]
01_filter          	    234	00.097554	(00.000417 +- 00.000047)	[00.000258,00.003050]
02_preint          	    232	00.013807	(00.000060 +- 00.000008)	[00.000034,00.000104]
03_undistortion    	    232	00.277494	(00.001196 +- 00.000150)	[00.000738,00.003113]
04_sampling        	    232	00.203818	(00.000879 +- 00.000064)	[00.000508,00.007567]
05_registration    	    232	00.417610	(00.001800 +- 00.000661)	[00.000388,00.006570]
06_map             	    232	00.316818	(00.001366 +- 00.000120)	[00.000616,00.004319]
07_imu_opt         	    232	00.388125	(00.001673 +- 00.000450)	[00.000001,00.006213]
08_publish         	    232	04.084939	(00.017607 +- 00.001687)	[00.007178,00.035620]
step               	    234	05.832705	(00.024926 +- 00.002009)	[00.000316,00.051684]

INFO  Timings:
SM Timing
-----------
00_conversion_livox	    236	03.665418	(00.015531 +- 00.001480)	[00.010098,00.032580]
01_filter          	    235	00.097856	(00.000416 +- 00.000047)	[00.000258,00.003050]
02_preint          	    233	00.013862	(00.000059 +- 00.000008)	[00.000034,00.000104]
03_undistortion    	    233	00.278146	(00.001194 +- 00.000156)	[00.000652,00.003113]
04_sampling        	    233	00.204272	(00.000877 +- 00.000068)	[00.000454,00.007567]
05_registration    	    233	00.420527	(00.001805 +- 00.000709)	[00.000388,00.006570]
06_map             	    233	00.317490	(00.001363 +- 00.000129)	[00.000616,00.004319]
07_imu_opt         	    233	00.389891	(00.001673 +- 00.000448)	[00.000001,00.006213]
08_publish         	    233	04.092156	(00.017563 +- 00.001834)	[00.007178,00.035620]
step               	    235	05.846813	(00.024880 +- 00.002093)	[00.000316,00.051684]

INFO  Timings:
SM Timing
-----------
00_conversion_livox	    236	03.665418	(00.015531 +- 00.001480)	[00.010098,00.032580]
01_filter          	    236	00.098084	(00.000416 +- 00.000049)	[00.000228,00.003050]
02_preint          	    234	00.013908	(00.000059 +- 00.000008)	[00.000034,00.000104]
03_undistortion    	    234	00.278739	(00.001191 +- 00.000162)	[00.000594,00.003113]
04_sampling        	    234	00.204628	(00.000874 +- 00.000076)	[00.000356,00.007567]
05_registration    	    234	00.421391	(00.001801 +- 00.000710)	[00.000388,00.006570]
06_map             	    234	00.318105	(00.001359 +- 00.000140)	[00.000615,00.004319]
07_imu_opt         	    234	00.391404	(00.001673 +- 00.000450)	[00.000001,00.006213]
08_publish         	    234	04.099189	(00.017518 +- 00.001972)	[00.007033,00.035620]
step               	    236	05.858121	(00.024823 +- 00.002305)	[00.000316,00.051684]

INFO  Timings:
SM Timing
-----------
00_conversion_livox	    238	03.690566	(00.015507 +- 00.001462)	[00.010098,00.032580]
01_filter          	    237	00.098375	(00.000415 +- 00.000049)	[00.000228,00.003050]
02_preint          	    235	00.013972	(00.000059 +- 00.000008)	[00.000034,00.000104]
03_undistortion    	    235	00.279346	(00.001189 +- 00.000169)	[00.000594,00.003113]
04_sampling        	    235	00.205021	(00.000872 +- 00.000082)	[00.000356,00.007567]
05_registration    	    235	00.421901	(00.001795 +- 00.000712)	[00.000388,00.006570]
06_map             	    235	00.318802	(00.001357 +- 00.000146)	[00.000615,00.004319]
07_imu_opt         	    235	00.394284	(00.001678 +- 00.000470)	[00.000001,00.006213]
08_publish         	    235	04.106164	(00.017473 +- 00.002100)	[00.006975,00.035620]
step               	    237	05.870612	(00.024771 +- 00.002432)	[00.000316,00.051684]

INFO  Timings:
SM Timing
-----------
00_conversion_livox	    239	03.703794	(00.015497 +- 00.001435)	[00.010098,00.032580]
01_filter          	    238	00.098623	(00.000414 +- 00.000050)	[00.000228,00.003050]
02_preint          	    236	00.014035	(00.000059 +- 00.000008)	[00.000034,00.000104]
03_undistortion    	    236	00.279990	(00.001186 +- 00.000174)	[00.000594,00.003113]
04_sampling        	    236	00.205434	(00.000870 +- 00.000085)	[00.000356,00.007567]
05_registration    	    236	00.423958	(00.001796 +- 00.000722)	[00.000388,00.006570]
06_map             	    236	00.319296	(00.001353 +- 00.000161)	[00.000494,00.004319]
07_imu_opt         	    236	00.396966	(00.001682 +- 00.000478)	[00.000001,00.006213]
08_publish         	    236	04.112471	(00.017426 +- 00.002248)	[00.006307,00.035620]
step               	    238	05.883601	(00.024721 +- 00.002531)	[00.000316,00.051684]

INFO  Timings:
SM Timing
-----------
00_conversion_livox	    240	03.716868	(00.015487 +- 00.001400)	[00.010098,00.032580]
01_filter          	    239	00.098860	(00.000414 +- 00.000052)	[00.000228,00.003050]
02_preint          	    237	00.014091	(00.000059 +- 00.000007)	[00.000034,00.000104]
03_undistortion    	    237	00.280475	(00.001183 +- 00.000186)	[00.000486,00.003113]
04_sampling        	    237	00.206022	(00.000869 +- 00.000085)	[00.000356,00.007567]
05_registration    	    237	00.424795	(00.001792 +- 00.000719)	[00.000388,00.006570]
06_map             	    237	00.320435	(00.001352 +- 00.000163)	[00.000494,00.004319]
07_imu_opt         	    237	00.399104	(00.001684 +- 00.000472)	[00.000001,00.006213]
08_publish         	    237	04.118373	(00.017377 +- 00.002399)	[00.005902,00.035620]
step               	    239	05.895044	(00.024665 +- 00.002675)	[00.000316,00.051684]

INFO  Timings:
SM Timing
-----------
00_conversion_livox	    241	03.731040	(00.015481 +- 00.001359)	[00.010098,00.032580]
01_filter          	    240	00.099153	(00.000413 +- 00.000052)	[00.000228,00.003050]
02_preint          	    238	00.014152	(00.000059 +- 00.000007)	[00.000034,00.000104]
03_undistortion    	    238	00.280974	(00.001181 +- 00.000194)	[00.000486,00.003113]
04_sampling        	    238	00.206410	(00.000867 +- 00.000090)	[00.000356,00.007567]
05_registration    	    238	00.426810	(00.001793 +- 00.000728)	[00.000388,00.006570]
06_map             	    238	00.320912	(00.001348 +- 00.000177)	[00.000476,00.004319]
07_imu_opt         	    238	00.403567	(00.001696 +- 00.000587)	[00.000001,00.006213]
08_publish         	    238	04.124729	(00.017331 +- 00.002517)	[00.005902,00.035620]
step               	    240	05.909667	(00.024624 +- 00.002706)	[00.000316,00.051684]

INFO  Timings:
SM Timing
-----------
00_conversion_livox	    241	03.731040	(00.015481 +- 00.001359)	[00.010098,00.032580]
01_filter          	    241	00.099387	(00.000412 +- 00.000054)	[00.000228,00.003050]
02_preint          	    239	00.014208	(00.000059 +- 00.000007)	[00.000034,00.000104]
03_undistortion    	    239	00.281671	(00.001179 +- 00.000196)	[00.000486,00.003113]
04_sampling        	    239	00.206859	(00.000866 +- 00.000091)	[00.000356,00.007567]
05_registration    	    239	00.427778	(00.001790 +- 00.000727)	[00.000388,00.006570]
06_map             	    239	00.321466	(00.001345 +- 00.000187)	[00.000476,00.004319]
07_imu_opt         	    239	00.406392	(00.001700 +- 00.000595)	[00.000001,00.006213]
08_publish         	    239	04.131307	(00.017286 +- 00.002617)	[00.005902,00.035620]
step               	    241	05.922100	(00.024573 +- 00.002807)	[00.000316,00.051684]

INFO  Timings:
SM Timing
-----------
00_conversion_livox	    243	03.760964	(00.015477 +- 00.001296)	[00.010098,00.032580]
01_filter          	    242	00.099660	(00.000412 +- 00.000054)	[00.000228,00.003050]
02_preint          	    240	00.014274	(00.000059 +- 00.000007)	[00.000034,00.000104]
03_undistortion    	    240	00.282136	(00.001176 +- 00.000207)	[00.000465,00.003113]
04_sampling        	    240	00.207280	(00.000864 +- 00.000094)	[00.000356,00.007567]
05_registration    	    240	00.428300	(00.001785 +- 00.000727)	[00.000388,00.006570]
06_map             	    240	00.321921	(00.001341 +- 00.000200)	[00.000455,00.004319]
07_imu_opt         	    240	00.409377	(00.001706 +- 00.000606)	[00.000001,00.006213]
08_publish         	    240	04.136903	(00.017237 +- 00.002750)	[00.005596,00.035620]
step               	    242	05.932951	(00.024516 +- 00.002960)	[00.000316,00.051684]

INFO  Timings:
SM Timing
-----------
00_conversion_livox	    244	03.775310	(00.015473 +- 00.001281)	[00.010098,00.032580]
01_filter          	    243	00.099891	(00.000411 +- 00.000056)	[00.000228,00.003050]
02_preint          	    241	00.014329	(00.000059 +- 00.000007)	[00.000034,00.000104]
03_undistortion    	    241	00.282691	(00.001173 +- 00.000210)	[00.000465,00.003113]
04_sampling        	    241	00.207714	(00.000862 +- 00.000095)	[00.000356,00.007567]
05_registration    	    241	00.429572	(00.001782 +- 00.000727)	[00.000388,00.006570]
06_map             	    241	00.322478	(00.001338 +- 00.000208)	[00.000455,00.004319]
07_imu_opt         	    241	00.413920	(00.001718 +- 00.000697)	[00.000001,00.006213]
08_publish         	    241	04.142636	(00.017189 +- 00.002862)	[00.005596,00.035620]
step               	    243	05.946405	(00.024471 +- 00.003013)	[00.000316,00.051684]

INFO  Timings:
SM Timing
-----------
00_conversion_livox	    245	03.790125	(00.015470 +- 00.001287)	[00.010098,00.032580]
01_filter          	    244	00.100153	(00.000410 +- 00.000054)	[00.000228,00.003050]
02_preint          	    242	00.014377	(00.000059 +- 00.000007)	[00.000034,00.000104]
03_undistortion    	    242	00.283173	(00.001170 +- 00.000217)	[00.000465,00.003113]
04_sampling        	    242	00.208082	(00.000860 +- 00.000099)	[00.000356,00.007567]
05_registration    	    242	00.430180	(00.001778 +- 00.000724)	[00.000388,00.006570]
06_map             	    242	00.322970	(00.001335 +- 00.000217)	[00.000455,00.004319]
07_imu_opt         	    242	00.417514	(00.001725 +- 00.000726)	[00.000001,00.006213]
08_publish         	    242	04.148680	(00.017143 +- 00.002953)	[00.005596,00.035620]
step               	    244	05.958413	(00.024420 +- 00.003108)	[00.000316,00.051684]

INFO  Timings:
SM Timing
-----------
00_conversion_livox	    246	03.804722	(00.015466 +- 00.001274)	[00.010098,00.032580]
01_filter          	    245	00.100450	(00.000410 +- 00.000053)	[00.000228,00.003050]
02_preint          	    243	00.014431	(00.000059 +- 00.000007)	[00.000034,00.000104]
03_undistortion    	    243	00.283672	(00.001167 +- 00.000223)	[00.000465,00.003113]
04_sampling        	    243	00.208472	(00.000858 +- 00.000102)	[00.000356,00.007567]
05_registration    	    243	00.430988	(00.001774 +- 00.000725)	[00.000388,00.006570]
06_map             	    243	00.323514	(00.001331 +- 00.000224)	[00.000455,00.004319]
07_imu_opt         	    243	00.421400	(00.001734 +- 00.000761)	[00.000001,00.006213]
08_publish         	    243	04.154127	(00.017095 +- 00.003057)	[00.005447,00.035620]
step               	    245	05.970411	(00.024369 +- 00.003195)	[00.000316,00.051684]

INFO  Timings:
SM Timing
-----------
00_conversion_livox	    247	03.818355	(00.015459 +- 00.001265)	[00.010098,00.032580]
01_filter          	    246	00.100657	(00.000409 +- 00.000055)	[00.000207,00.003050]
02_preint          	    244	00.014468	(00.000059 +- 00.000008)	[00.000034,00.000104]
03_undistortion    	    244	00.284147	(00.001165 +- 00.000229)	[00.000465,00.003113]
04_sampling        	    244	00.208780	(00.000856 +- 00.000108)	[00.000308,00.007567]
05_registration    	    244	00.431702	(00.001769 +- 00.000725)	[00.000388,00.006570]
06_map             	    244	00.323994	(00.001328 +- 00.000231)	[00.000455,00.004319]
07_imu_opt         	    244	00.425077	(00.001742 +- 00.000784)	[00.000001,00.006213]
08_publish         	    244	04.159112	(00.017046 +- 00.003155)	[00.004985,00.035620]
step               	    246	05.981357	(00.024314 +- 00.003305)	[00.000316,00.051684]

INFO  Timings:
SM Timing
-----------
00_conversion_livox	    248	03.831569	(00.015450 +- 00.001252)	[00.010098,00.032580]
01_filter          	    247	00.100906	(00.000409 +- 00.000055)	[00.000207,00.003050]
02_preint          	    245	00.014517	(00.000059 +- 00.000008)	[00.000034,00.000104]
03_undistortion    	    245	00.284793	(00.001162 +- 00.000231)	[00.000465,00.003113]
04_sampling        	    245	00.209067	(00.000853 +- 00.000115)	[00.000287,00.007567]
05_registration    	    245	00.432391	(00.001765 +- 00.000723)	[00.000388,00.006570]
06_map             	    245	00.324503	(00.001325 +- 00.000238)	[00.000455,00.004319]
07_imu_opt         	    245	00.426568	(00.001741 +- 00.000790)	[00.000001,00.006213]
08_publish         	    245	04.163309	(00.016993 +- 00.003271)	[00.004197,00.035620]
step               	    247	05.989545	(00.024249 +- 00.003518)	[00.000316,00.051684]

INFO  Timings:
SM Timing
-----------
00_conversion_livox	    249	03.844148	(00.015438 +- 00.001260)	[00.010098,00.032580]
01_filter          	    248	00.101172	(00.000408 +- 00.000055)	[00.000207,00.003050]
02_preint          	    246	00.014568	(00.000059 +- 00.000008)	[00.000034,00.000104]
03_undistortion    	    246	00.285248	(00.001160 +- 00.000237)	[00.000455,00.003113]
04_sampling        	    246	00.209365	(00.000851 +- 00.000120)	[00.000287,00.007567]
05_registration    	    246	00.433125	(00.001761 +- 00.000723)	[00.000388,00.006570]
06_map             	    246	00.324939	(00.001321 +- 00.000244)	[00.000436,00.004319]
07_imu_opt         	    246	00.429896	(00.001748 +- 00.000803)	[00.000001,00.006213]
08_publish         	    246	04.167588	(00.016941 +- 00.003364)	[00.004197,00.035620]
step               	    248	05.999449	(00.024191 +- 00.003632)	[00.000316,00.051684]

INFO  Timings:
SM Timing
-----------
00_conversion_livox	    250	03.856361	(00.015425 +- 00.001276)	[00.010098,00.032580]
01_filter          	    249	00.101421	(00.000407 +- 00.000055)	[00.000207,00.003050]
02_preint          	    247	00.014619	(00.000059 +- 00.000008)	[00.000034,00.000104]
03_undistortion    	    247	00.285795	(00.001157 +- 00.000240)	[00.000455,00.003113]
04_sampling        	    247	00.209691	(00.000849 +- 00.000124)	[00.000287,00.007567]
05_registration    	    247	00.434286	(00.001758 +- 00.000718)	[00.000388,00.006570]
06_map             	    247	00.325401	(00.001317 +- 00.000247)	[00.000436,00.004319]
07_imu_opt         	    247	00.431220	(00.001746 +- 00.000807)	[00.000001,00.006213]
08_publish         	    247	04.172195	(00.016891 +- 00.003444)	[00.004197,00.035620]
step               	    249	06.008240	(00.024129 +- 00.003783)	[00.000316,00.051684]

INFO  Timings:
SM Timing
-----------
00_conversion_livox	    251	03.868041	(00.015411 +- 00.001305)	[00.010098,00.032580]
01_filter          	    250	00.101638	(00.000407 +- 00.000055)	[00.000207,00.003050]
02_preint          	    248	00.014671	(00.000059 +- 00.000008)	[00.000034,00.000104]
03_undistortion    	    248	00.286236	(00.001154 +- 00.000243)	[00.000440,00.003113]
04_sampling        	    248	00.210022	(00.000847 +- 00.000127)	[00.000287,00.007567]
05_registration    	    248	00.434949	(00.001754 +- 00.000720)	[00.000388,00.006570]
06_map             	    248	00.327100	(00.001319 +- 00.000271)	[00.000436,00.004319]
07_imu_opt         	    248	00.434132	(00.001751 +- 00.000811)	[00.000001,00.006213]
08_publish         	    248	04.177361	(00.016844 +- 00.003502)	[00.004197,00.035620]
step               	    250	06.019786	(00.024079 +- 00.003827)	[00.000316,00.051684]

INFO  Timings:
SM Timing
-----------
00_conversion_livox	    252	03.879605	(00.015395 +- 00.001316)	[00.010098,00.032580]
01_filter          	    251	00.101904	(00.000406 +- 00.000055)	[00.000207,00.003050]
02_preint          	    249	00.014722	(00.000059 +- 00.000008)	[00.000034,00.000104]
03_undistortion    	    249	00.286717	(00.001151 +- 00.000248)	[00.000440,00.003113]
04_sampling        	    249	00.210357	(00.000845 +- 00.000130)	[00.000287,00.007567]
05_registration    	    249	00.436613	(00.001753 +- 00.000723)	[00.000388,00.006570]
06_map             	    249	00.327577	(00.001316 +- 00.000276)	[00.000436,00.004319]
07_imu_opt         	    249	00.435825	(00.001750 +- 00.000810)	[00.000001,00.006213]
08_publish         	    249	04.183276	(00.016800 +- 00.003538)	[00.004197,00.035620]
step               	    251	06.030756	(00.024027 +- 00.003888)	[00.000316,00.051684]

INFO  Timings:
SM Timing
-----------
00_conversion_livox	    253	03.891791	(00.015383 +- 00.001314)	[00.010098,00.032580]
01_filter          	    252	00.102166	(00.000405 +- 00.000055)	[00.000207,00.003050]
02_preint          	    250	00.014773	(00.000059 +- 00.000008)	[00.000034,00.000104]
03_undistortion    	    250	00.287672	(00.001151 +- 00.000245)	[00.000440,00.003113]
04_sampling        	    250	00.210822	(00.000843 +- 00.000130)	[00.000287,00.007567]
05_registration    	    250	00.437701	(00.001751 +- 00.000720)	[00.000388,00.006570]
06_map             	    250	00.328124	(00.001312 +- 00.000278)	[00.000436,00.004319]
07_imu_opt         	    250	00.439038	(00.001756 +- 00.000815)	[00.000001,00.006213]
08_publish         	    250	04.189980	(00.016760 +- 00.003551)	[00.004197,00.035620]
step               	    252	06.044107	(00.023985 +- 00.003900)	[00.000316,00.051684]

INFO  Timings:
SM Timing
-----------
00_conversion_livox	    254	03.904100	(00.015370 +- 00.001305)	[00.010098,00.032580]
01_filter          	    253	00.102449	(00.000405 +- 00.000055)	[00.000207,00.003050]
02_preint          	    251	00.014828	(00.000059 +- 00.000007)	[00.000034,00.000104]
03_undistortion    	    251	00.288350	(00.001149 +- 00.000243)	[00.000440,00.003113]
04_sampling        	    251	00.211255	(00.000842 +- 00.000130)	[00.000287,00.007567]
05_registration    	    251	00.438704	(00.001748 +- 00.000720)	[00.000388,00.006570]
06_map             	    251	00.328846	(00.001310 +- 00.000279)	[00.000436,00.004319]
07_imu_opt         	    251	00.441733	(00.001760 +- 00.000810)	[00.000001,00.006213]
08_publish         	    251	04.197026	(00.016721 +- 00.003553)	[00.004197,00.035620]
step               	    253	06.057094	(00.023941 +- 00.003909)	[00.000316,00.051684]

INFO  Timings:
SM Timing
-----------
00_conversion_livox	    255	03.915963	(00.015357 +- 00.001297)	[00.010098,00.032580]
01_filter          	    254	00.102713	(00.000404 +- 00.000055)	[00.000207,00.003050]
02_preint          	    252	00.014885	(00.000059 +- 00.000007)	[00.000034,00.000104]
03_undistortion    	    252	00.289046	(00.001147 +- 00.000242)	[00.000440,00.003113]
04_sampling        	    252	00.211747	(00.000840 +- 00.000130)	[00.000287,00.007567]
05_registration    	    252	00.441057	(00.001750 +- 00.000734)	[00.000388,00.006570]
06_map             	    252	00.329483	(00.001307 +- 00.000280)	[00.000436,00.004319]
07_imu_opt         	    252	00.443583	(00.001760 +- 00.000804)	[00.000001,00.006213]
08_publish         	    252	04.204120	(00.016683 +- 00.003556)	[00.004197,00.035620]
step               	    254	06.070628	(00.023900 +- 00.003918)	[00.000316,00.051684]

INFO  Timings:
SM Timing
-----------
00_conversion_livox	    256	03.927770	(00.015343 +- 00.001288)	[00.010098,00.032580]
01_filter          	    255	00.102998	(00.000404 +- 00.000055)	[00.000207,00.003050]
02_preint          	    253	00.014947	(00.000059 +- 00.000007)	[00.000034,00.000104]
03_undistortion    	    253	00.289845	(00.001146 +- 00.000241)	[00.000440,00.003113]
04_sampling        	    253	00.212127	(00.000838 +- 00.000129)	[00.000287,00.007567]
05_registration    	    253	00.442183	(00.001748 +- 00.000730)	[00.000388,00.006570]
06_map             	    253	00.330200	(00.001305 +- 00.000281)	[00.000436,00.004319]
07_imu_opt         	    253	00.445113	(00.001759 +- 00.000802)	[00.000001,00.006213]
08_publish         	    253	04.211766	(00.016647 +- 00.003551)	[00.004197,00.035620]
step               	    255	06.083255	(00.023856 +- 00.003938)	[00.000316,00.051684]

INFO  Timings:
SM Timing
-----------
00_conversion_livox	    257	03.940358	(00.015332 +- 00.001254)	[00.010098,00.032580]
01_filter          	    256	00.103278	(00.000403 +- 00.000055)	[00.000207,00.003050]
02_preint          	    254	00.015008	(00.000059 +- 00.000007)	[00.000034,00.000104]
03_undistortion    	    254	00.290638	(00.001144 +- 00.000240)	[00.000440,00.003113]
04_sampling        	    254	00.212593	(00.000837 +- 00.000124)	[00.000287,00.007567]
05_registration    	    254	00.443406	(00.001746 +- 00.000727)	[00.000388,00.006570]
06_map             	    254	00.331234	(00.001304 +- 00.000281)	[00.000436,00.004319]
07_imu_opt         	    254	00.447686	(00.001763 +- 00.000793)	[00.000001,00.006213]
08_publish         	    254	04.221196	(00.016619 +- 00.003526)	[00.004197,00.035620]
step               	    256	06.099193	(00.023825 +- 00.003926)	[00.000316,00.051684]

INFO  Timings:
SM Timing
-----------
00_conversion_livox	    258	03.954628	(00.015328 +- 00.001235)	[00.010098,00.032580]
01_filter          	    257	00.103561	(00.000403 +- 00.000054)	[00.000207,00.003050]
02_preint          	    255	00.015076	(00.000059 +- 00.000007)	[00.000034,00.000104]
03_undistortion    	    255	00.291393	(00.001143 +- 00.000240)	[00.000440,00.003113]
04_sampling        	    255	00.213159	(00.000836 +- 00.000120)	[00.000287,00.007567]
05_registration    	    255	00.443938	(00.001741 +- 00.000733)	[00.000388,00.006570]
06_map             	    255	00.332226	(00.001303 +- 00.000282)	[00.000436,00.004319]
07_imu_opt         	    255	00.449773	(00.001764 +- 00.000786)	[00.000001,00.006213]
08_publish         	    255	04.230400	(00.016590 +- 00.003499)	[00.004197,00.035620]
step               	    257	06.113745	(00.023789 +- 00.003913)	[00.000316,00.051684]

INFO  Timings:
SM Timing
-----------
00_conversion_livox	    259	03.968159	(00.015321 +- 00.001213)	[00.010098,00.032580]
01_filter          	    258	00.103907	(00.000403 +- 00.000054)	[00.000207,00.003050]
02_preint          	    256	00.015138	(00.000059 +- 00.000007)	[00.000034,00.000104]
03_undistortion    	    256	00.292159	(00.001141 +- 00.000239)	[00.000440,00.003113]
04_sampling        	    256	00.213712	(00.000835 +- 00.000115)	[00.000287,00.007567]
05_registration    	    256	00.445812	(00.001741 +- 00.000736)	[00.000388,00.006570]
06_map             	    256	00.333113	(00.001301 +- 00.000282)	[00.000436,00.004319]
07_imu_opt         	    256	00.451984	(00.001766 +- 00.000777)	[00.000001,00.006213]
08_publish         	    256	04.240578	(00.016565 +- 00.003471)	[00.004197,00.035620]
step               	    258	06.130703	(00.023762 +- 00.003903)	[00.000316,00.051684]

INFO  Timings:
SM Timing
-----------
00_conversion_livox	    260	03.981907	(00.015315 +- 00.001193)	[00.010098,00.032580]
01_filter          	    259	00.104208	(00.000402 +- 00.000053)	[00.000207,00.003050]
02_preint          	    257	00.015187	(00.000059 +- 00.000008)	[00.000034,00.000104]
03_undistortion    	    257	00.293213	(00.001141 +- 00.000240)	[00.000440,00.003113]
04_sampling        	    257	00.214220	(00.000834 +- 00.000114)	[00.000287,00.007567]
05_registration    	    257	00.447111	(00.001740 +- 00.000735)	[00.000388,00.006570]
06_map             	    257	00.334121	(00.001300 +- 00.000279)	[00.000436,00.004319]
07_imu_opt         	    257	00.456421	(00.001776 +- 00.000821)	[00.000001,00.006213]
08_publish         	    257	04.250643	(00.016539 +- 00.003416)	[00.004197,00.035620]
step               	    259	06.149511	(00.023743 +- 00.003885)	[00.000316,00.051684]

INFO  Timings:
SM Timing
-----------
00_conversion_livox	    261	03.994352	(00.015304 +- 00.001207)	[00.010098,00.032580]
01_filter          	    260	00.104521	(00.000402 +- 00.000053)	[00.000207,00.003050]
02_preint          	    258	00.015268	(00.000059 +- 00.000008)	[00.000034,00.000104]
03_undistortion    	    258	00.294134	(00.001140 +- 00.000239)	[00.000440,00.003113]
04_sampling        	    258	00.214785	(00.000833 +- 00.000113)	[00.000287,00.007567]
05_registration    	    258	00.448622	(00.001739 +- 00.000732)	[00.000388,00.006570]
06_map             	    258	00.335082	(00.001299 +- 00.000278)	[00.000436,00.004319]
07_imu_opt         	    258	00.457951	(00.001775 +- 00.000823)	[00.000001,00.006213]
08_publish         	    258	04.261646	(00.016518 +- 00.003359)	[00.004197,00.035620]
step               	    260	06.166477	(00.023717 +- 00.003852)	[00.000316,00.051684]

INFO  Timings:
SM Timing
-----------
00_conversion_livox	    262	04.007219	(00.015295 +- 00.001211)	[00.010098,00.032580]
01_filter          	    261	00.104817	(00.000402 +- 00.000053)	[00.000207,00.003050]
02_preint          	    259	00.015327	(00.000059 +- 00.000008)	[00.000034,00.000104]
03_undistortion    	    259	00.295088	(00.001139 +- 00.000239)	[00.000440,00.003113]
04_sampling        	    259	00.215437	(00.000832 +- 00.000114)	[00.000287,00.007567]
05_registration    	    259	00.449588	(00.001736 +- 00.000728)	[00.000388,00.006570]
06_map             	    259	00.337164	(00.001302 +- 00.000326)	[00.000436,00.004319]
07_imu_opt         	    259	00.459535	(00.001774 +- 00.000825)	[00.000001,00.006213]
08_publish         	    259	04.274679	(00.016505 +- 00.003333)	[00.004197,00.035620]
step               	    261	06.186203	(00.023702 +- 00.003854)	[00.000316,00.051684]

INFO  Timings:
SM Timing
-----------
00_conversion_livox	    263	04.021505	(00.015291 +- 00.001213)	[00.010098,00.032580]
01_filter          	    262	00.105124	(00.000401 +- 00.000051)	[00.000207,00.003050]
02_preint          	    260	00.015391	(00.000059 +- 00.000008)	[00.000034,00.000104]
03_undistortion    	    260	00.296129	(00.001139 +- 00.000238)	[00.000440,00.003113]
04_sampling        	    260	00.215968	(00.000831 +- 00.000111)	[00.000287,00.007567]
05_registration    	    260	00.451114	(00.001735 +- 00.000729)	[00.000388,00.006570]
06_map             	    260	00.338173	(00.001301 +- 00.000324)	[00.000436,00.004319]
07_imu_opt         	    260	00.461730	(00.001776 +- 00.000820)	[00.000001,00.006213]
08_publish         	    260	04.287665	(00.016491 +- 00.003270)	[00.004197,00.035620]
step               	    262	06.205942	(00.023687 +- 00.003802)	[00.000316,00.051684]

INFO  Timings:
SM Timing
-----------
00_conversion_livox	    264	04.035787	(00.015287 +- 00.001185)	[00.010098,00.032580]
01_filter          	    263	00.105428	(00.000401 +- 00.000038)	[00.000207,00.003050]
02_preint          	    261	00.015455	(00.000059 +- 00.000008)	[00.000034,00.000104]
03_undistortion    	    261	00.296934	(00.001138 +- 00.000237)	[00.000440,00.003113]
04_sampling        	    261	00.216567	(00.000830 +- 00.000111)	[00.000287,00.007567]
05_registration    	    261	00.452585	(00.001734 +- 00.000726)	[00.000388,00.006570]
06_map             	    261	00.339120	(00.001299 +- 00.000319)	[00.000436,00.004319]
07_imu_opt         	    261	00.463662	(00.001776 +- 00.000821)	[00.000001,00.006213]
08_publish         	    261	04.300098	(00.016475 +- 00.003147)	[00.004197,00.035620]
step               	    263	06.224603	(00.023668 +- 00.003694)	[00.000316,00.051684]

INFO  Timings:
SM Timing
-----------
00_conversion_livox	    265	04.050560	(00.015285 +- 00.001169)	[00.010098,00.032580]
01_filter          	    264	00.105773	(00.000401 +- 00.000035)	[00.000207,00.003050]
02_preint          	    262	00.015524	(00.000059 +- 00.000008)	[00.000034,00.000104]
03_undistortion    	    262	00.298024	(00.001137 +- 00.000235)	[00.000440,00.003113]
04_sampling        	    262	00.217155	(00.000829 +- 00.000111)	[00.000287,00.007567]
05_registration    	    262	00.453855	(00.001732 +- 00.000723)	[00.000388,00.006570]
06_map             	    262	00.339994	(00.001298 +- 00.000316)	[00.000436,00.004319]
07_imu_opt         	    262	00.469907	(00.001794 +- 00.000977)	[00.000001,00.006245]
08_publish         	    262	04.313400	(00.016463 +- 00.003087)	[00.004197,00.035620]
step               	    264	06.248462	(00.023668 +- 00.003788)	[00.000316,00.051684]

INFO  Timings:
SM Timing
-----------
00_conversion_livox	    266	04.066413	(00.015287 +- 00.001199)	[00.010098,00.032580]
01_filter          	    265	00.106085	(00.000400 +- 00.000034)	[00.000207,00.003050]
02_preint          	    263	00.015593	(00.000059 +- 00.000008)	[00.000034,00.000104]
03_undistortion    	    263	00.298845	(00.001136 +- 00.000230)	[00.000440,00.003113]
04_sampling        	    263	00.217776	(00.000828 +- 00.000108)	[00.000287,00.007567]
05_registration    	    263	00.454671	(00.001729 +- 00.000617)	[00.000388,00.006570]
06_map             	    263	00.340870	(00.001296 +- 00.000312)	[00.000436,00.004319]
07_imu_opt         	    263	00.471939	(00.001794 +- 00.000974)	[00.000001,00.006245]
08_publish         	    263	04.325245	(00.016446 +- 00.003017)	[00.004197,00.035620]
step               	    265	06.265946	(00.023645 +- 00.003613)	[00.000316,00.051684]

INFO  Timings:
SM Timing
-----------
00_conversion_livox	    267	04.082277	(00.015289 +- 00.001190)	[00.010098,00.032580]
01_filter          	    266	00.106375	(00.000400 +- 00.000033)	[00.000207,00.003050]
02_preint          	    264	00.015654	(00.000059 +- 00.000008)	[00.000034,00.000104]
03_undistortion    	    264	00.299640	(00.001135 +- 00.000226)	[00.000440,00.003113]
04_sampling        	    264	00.218320	(00.000827 +- 00.000106)	[00.000287,00.007567]
05_registration    	    264	00.455676	(00.001726 +- 00.000613)	[00.000388,00.006570]
06_map             	    264	00.341866	(00.001295 +- 00.000310)	[00.000436,00.004319]
07_imu_opt         	    264	00.473819	(00.001795 +- 00.000976)	[00.000001,00.006245]
08_publish         	    264	04.337010	(00.016428 +- 00.002886)	[00.004197,00.035620]
step               	    266	06.283374	(00.023622 +- 00.003459)	[00.000316,00.051684]

INFO  Timings:
SM Timing
-----------
00_conversion_livox	    268	04.097482	(00.015289 +- 00.001171)	[00.010098,00.032580]
01_filter          	    267	00.106713	(00.000400 +- 00.000033)	[00.000207,00.003050]
02_preint          	    265	00.015716	(00.000059 +- 00.000008)	[00.000034,00.000104]
03_undistortion    	    265	00.300516	(00.001134 +- 00.000224)	[00.000440,00.003113]
04_sampling        	    265	00.218942	(00.000826 +- 00.000107)	[00.000287,00.007567]
05_registration    	    265	00.456326	(00.001722 +- 00.000600)	[00.000388,00.006570]
06_map             	    265	00.342764	(00.001293 +- 00.000310)	[00.000436,00.004319]
07_imu_opt         	    265	00.475802	(00.001795 +- 00.000975)	[00.000001,00.006245]
08_publish         	    265	04.348494	(00.016409 +- 00.002857)	[00.004197,00.035620]
step               	    267	06.300374	(00.023597 +- 00.003404)	[00.000316,00.051684]

INFO  Timings:
SM Timing
-----------
00_conversion_livox	    269	04.111708	(00.015285 +- 00.001173)	[00.010098,00.032580]
01_filter          	    268	00.107035	(00.000399 +- 00.000033)	[00.000207,00.003050]
02_preint          	    266	00.015783	(00.000059 +- 00.000008)	[00.000034,00.000104]
03_undistortion    	    266	00.301441	(00.001133 +- 00.000218)	[00.000440,00.003113]
04_sampling        	    266	00.219513	(00.000825 +- 00.000107)	[00.000287,00.007567]
05_registration    	    266	00.458765	(00.001725 +- 00.000625)	[00.000388,00.006570]
06_map             	    266	00.343751	(00.001292 +- 00.000309)	[00.000436,00.004319]
07_imu_opt         	    266	00.477550	(00.001795 +- 00.000979)	[00.000001,00.006245]
08_publish         	    266	04.360981	(00.016395 +- 00.002884)	[00.004197,00.035620]
step               	    268	06.320023	(00.023582 +- 00.003443)	[00.000316,00.051684]

INFO  Timings:
SM Timing
-----------
00_conversion_livox	    270	04.127540	(00.015287 +- 00.001209)	[00.010098,00.032580]
01_filter          	    269	00.107442	(00.000399 +- 00.000037)	[00.000207,00.003050]
02_preint          	    267	00.015853	(00.000059 +- 00.000008)	[00.000034,00.000104]
03_undistortion    	    267	00.302472	(00.001133 +- 00.000221)	[00.000440,00.003113]
04_sampling        	    267	00.220057	(00.000824 +- 00.000107)	[00.000287,00.007567]
05_registration    	    267	00.459679	(00.001722 +- 00.000626)	[00.000388,00.006570]
06_map             	    267	00.345017	(00.001292 +- 00.000315)	[00.000436,00.004319]
07_imu_opt         	    267	00.479486	(00.001796 +- 00.000977)	[00.000001,00.006245]
08_publish         	    267	04.375478	(00.016388 +- 00.002961)	[00.004197,00.035620]
step               	    269	06.340781	(00.023572 +- 00.003519)	[00.000316,00.051684]

INFO  Timings:
SM Timing
-----------
00_conversion_livox	    271	04.142811	(00.015287 +- 00.001227)	[00.010098,00.032580]
01_filter          	    270	00.107784	(00.000399 +- 00.000038)	[00.000207,00.003050]
02_preint          	    268	00.015919	(00.000059 +- 00.000008)	[00.000034,00.000104]
03_undistortion    	    268	00.303322	(00.001132 +- 00.000221)	[00.000440,00.003113]
04_sampling        	    268	00.220608	(00.000823 +- 00.000107)	[00.000287,00.007567]
05_registration    	    268	00.460667	(00.001719 +- 00.000624)	[00.000388,00.006570]
06_map             	    268	00.346101	(00.001291 +- 00.000315)	[00.000436,00.004319]
07_imu_opt         	    268	00.484397	(00.001807 +- 00.001030)	[00.000001,00.006245]
08_publish         	    268	04.389363	(00.016378 +- 00.003023)	[00.004197,00.035620]
step               	    270	06.363579	(00.023569 +- 00.003665)	[00.000316,00.051684]

INFO  Timings:
SM Timing
-----------
00_conversion_livox	    272	04.157437	(00.015285 +- 00.001228)	[00.010098,00.032580]
01_filter          	    271	00.108148	(00.000399 +- 00.000039)	[00.000207,00.003050]
02_preint          	    269	00.015978	(00.000059 +- 00.000008)	[00.000034,00.000104]
03_undistortion    	    269	00.304281	(00.001131 +- 00.000222)	[00.000440,00.003113]
04_sampling        	    269	00.221173	(00.000822 +- 00.000106)	[00.000287,00.007567]
05_registration    	    269	00.461699	(00.001716 +- 00.000618)	[00.000388,00.006570]
06_map             	    269	00.347286	(00.001291 +- 00.000319)	[00.000436,00.004319]
07_imu_opt         	    269	00.486305	(00.001808 +- 00.001025)	[00.000001,00.006245]
08_publish         	    269	04.402233	(00.016365 +- 00.003058)	[00.004197,00.035620]
step               	    271	06.382629	(00.023552 +- 00.003699)	[00.000316,00.051684]

INFO  Timings:
SM Timing
-----------
00_conversion_livox	    273	04.171921	(00.015282 +- 00.001221)	[00.010098,00.032580]
01_filter          	    272	00.108502	(00.000399 +- 00.000040)	[00.000207,00.003050]
02_preint          	    270	00.016044	(00.000059 +- 00.000008)	[00.000034,00.000104]
03_undistortion    	    270	00.305356	(00.001131 +- 00.000188)	[00.000440,00.003113]
04_sampling        	    270	00.221845	(00.000822 +- 00.000108)	[00.000287,00.007567]
05_registration    	    270	00.462607	(00.001713 +- 00.000614)	[00.000388,00.006570]
06_map             	    270	00.348447	(00.001291 +- 00.000321)	[00.000436,00.004319]
07_imu_opt         	    270	00.488416	(00.001809 +- 00.001018)	[00.000001,00.006245]
08_publish         	    270	04.416351	(00.016357 +- 00.003114)	[00.004197,00.035620]
step               	    272	06.403206	(00.023541 +- 00.003754)	[00.000316,00.051684]

INFO  Timings:
SM Timing
-----------
00_conversion_livox	    274	04.187774	(00.015284 +- 00.001248)	[00.010098,00.032580]
01_filter          	    273	00.108874	(00.000399 +- 00.000042)	[00.000207,00.003050]
02_preint          	    271	00.016114	(00.000059 +- 00.000008)	[00.000034,00.000104]
03_undistortion    	    271	00.306356	(00.001130 +- 00.000190)	[00.000440,00.003113]
04_sampling        	    271	00.222366	(00.000821 +- 00.000108)	[00.000287,00.007567]
05_registration    	    271	00.463489	(00.001710 +- 00.000613)	[00.000388,00.006570]
06_map             	    271	00.349451	(00.001289 +- 00.000321)	[00.000436,00.004319]
07_imu_opt         	    271	00.490345	(00.001809 +- 00.001022)	[00.000001,00.006245]
08_publish         	    271	04.429686	(00.016346 +- 00.003134)	[00.004197,00.035620]
step               	    273	06.422399	(00.023525 +- 00.003762)	[00.000316,00.051684]

INFO  Timings:
SM Timing
-----------
00_conversion_livox	    275	04.201782	(00.015279 +- 00.001248)	[00.010098,00.032580]
01_filter          	    274	00.109180	(00.000398 +- 00.000042)	[00.000207,00.003050]
02_preint          	    272	00.016168	(00.000059 +- 00.000008)	[00.000034,00.000104]
03_undistortion    	    272	00.309176	(00.001137 +- 00.000344)	[00.000440,00.003113]
04_sampling        	    272	00.222956	(00.000820 +- 00.000109)	[00.000287,00.007567]
05_registration    	    272	00.464414	(00.001707 +- 00.000590)	[00.000388,00.006570]
06_map             	    272	00.350318	(00.001288 +- 00.000319)	[00.000436,00.004319]
07_imu_opt         	    272	00.494751	(00.001819 +- 00.001050)	[00.000001,00.006245]
08_publish         	    272	04.442463	(00.016333 +- 00.003151)	[00.004197,00.035620]
step               	    274	06.445244	(00.023523 +- 00.003865)	[00.000316,00.051684]

INFO  Timings:
SM Timing
-----------
00_conversion_livox	    276	04.216511	(00.015277 +- 00.001253)	[00.010098,00.032580]
01_filter          	    275	00.109494	(00.000398 +- 00.000042)	[00.000207,00.003050]
02_preint          	    273	00.016246	(00.000060 +- 00.000008)	[00.000034,00.000104]
03_undistortion    	    273	00.310239	(00.001136 +- 00.000346)	[00.000440,00.003113]
04_sampling        	    273	00.223531	(00.000819 +- 00.000104)	[00.000287,00.007567]
05_registration    	    273	00.465416	(00.001705 +- 00.000584)	[00.000388,00.006570]
06_map             	    273	00.351218	(00.001287 +- 00.000319)	[00.000436,00.004319]
07_imu_opt         	    273	00.496597	(00.001819 +- 00.001054)	[00.000001,00.006245]
08_publish         	    273	04.456359	(00.016324 +- 00.003202)	[00.004197,00.035620]
step               	    275	06.465002	(00.023509 +- 00.003901)	[00.000316,00.051684]

INFO  Timings:
SM Timing
-----------
00_conversion_livox	    277	04.230542	(00.015273 +- 00.001253)	[00.010098,00.032580]
01_filter          	    276	00.109789	(00.000398 +- 00.000041)	[00.000207,00.003050]
02_preint          	    274	00.016312	(00.000060 +- 00.000008)	[00.000034,00.000104]
03_undistortion    	    274	00.311271	(00.001136 +- 00.000348)	[00.000440,00.003113]
04_sampling        	    274	00.224314	(00.000819 +- 00.000110)	[00.000287,00.007567]
05_registration    	    274	00.466293	(00.001702 +- 00.000582)	[00.000388,00.006570]
06_map             	    274	00.352166	(00.001285 +- 00.000319)	[00.000436,00.004319]
07_imu_opt         	    274	00.498211	(00.001818 +- 00.001061)	[00.000001,00.006245]
08_publish         	    274	04.469609	(00.016312 +- 00.003224)	[00.004197,00.035620]
step               	    276	06.483957	(00.023493 +- 00.003901)	[00.000316,00.051684]

INFO  Timings:
SM Timing
-----------
00_conversion_livox	    278	04.244257	(00.015267 +- 00.001236)	[00.010098,00.032580]
01_filter          	    277	00.110125	(00.000398 +- 00.000041)	[00.000207,00.003050]
02_preint          	    275	00.016376	(00.000060 +- 00.000008)	[00.000034,00.000104]
03_undistortion    	    275	00.312329	(00.001136 +- 00.000349)	[00.000440,00.003113]
04_sampling        	    275	00.224941	(00.000818 +- 00.000111)	[00.000287,00.007567]
05_registration    	    275	00.467143	(00.001699 +- 00.000518)	[00.000388,00.006570]
06_map             	    275	00.353172	(00.001284 +- 00.000317)	[00.000436,00.004319]
07_imu_opt         	    275	00.499893	(00.001818 +- 00.001069)	[00.000001,00.006245]
08_publish         	    275	04.483551	(00.016304 +- 00.003242)	[00.004197,00.035620]
step               	    277	06.503632	(00.023479 +- 00.003846)	[00.000316,00.051684]

INFO  Timings:
SM Timing
-----------
00_conversion_livox	    279	04.258338	(00.015263 +- 00.001216)	[00.010098,00.032580]
01_filter          	    278	00.110483	(00.000397 +- 00.000042)	[00.000207,00.003050]
02_preint          	    276	00.016437	(00.000060 +- 00.000008)	[00.000034,00.000104]
03_undistortion    	    276	00.313416	(00.001136 +- 00.000351)	[00.000440,00.003113]
04_sampling        	    276	00.225589	(00.000817 +- 00.000113)	[00.000287,00.007567]
05_registration    	    276	00.467897	(00.001695 +- 00.000520)	[00.000388,00.006570]
06_map             	    276	00.354329	(00.001284 +- 00.000320)	[00.000436,00.004319]
07_imu_opt         	    276	00.501865	(00.001818 +- 00.001068)	[00.000001,00.006245]
08_publish         	    276	04.498180	(00.016298 +- 00.003306)	[00.004197,00.035620]
step               	    278	06.524395	(00.023469 +- 00.003903)	[00.000316,00.051684]

INFO  Timings:
SM Timing
-----------
00_conversion_livox	    280	04.271039	(00.015254 +- 00.001207)	[00.010098,00.032580]
01_filter          	    279	00.110834	(00.000397 +- 00.000043)	[00.000207,00.003050]
02_preint          	    277	00.016489	(00.000060 +- 00.000008)	[00.000034,00.000104]
03_undistortion    	    277	00.314421	(00.001135 +- 00.000351)	[00.000440,00.003113]
04_sampling        	    277	00.226253	(00.000817 +- 00.000114)	[00.000287,00.007567]
05_registration    	    277	00.468770	(00.001692 +- 00.000519)	[00.000388,00.006570]
06_map             	    277	00.355441	(00.001283 +- 00.000320)	[00.000436,00.004319]
07_imu_opt         	    277	00.503392	(00.001817 +- 00.001077)	[00.000001,00.006245]
08_publish         	    277	04.511623	(00.016287 +- 00.003341)	[00.004197,00.035620]
step               	    279	06.543487	(00.023453 +- 00.003921)	[00.000316,00.051684]

INFO  Timings:
SM Timing
-----------
00_conversion_livox	    281	04.283881	(00.015245 +- 00.001200)	[00.010098,00.032580]
01_filter          	    280	00.111164	(00.000397 +- 00.000043)	[00.000207,00.003050]
02_preint          	    278	00.016548	(00.000060 +- 00.000008)	[00.000034,00.000104]
03_undistortion    	    278	00.315284	(00.001134 +- 00.000350)	[00.000440,00.003113]
04_sampling        	    278	00.226871	(00.000816 +- 00.000115)	[00.000287,00.007567]
05_registration    	    278	00.469503	(00.001689 +- 00.000522)	[00.000388,00.006570]
06_map             	    278	00.356510	(00.001282 +- 00.000319)	[00.000436,00.004319]
07_imu_opt         	    278	00.505175	(00.001817 +- 00.001083)	[00.000001,00.006245]
08_publish         	    278	04.524811	(00.016276 +- 00.003366)	[00.004197,00.035620]
step               	    280	06.562227	(00.023437 +- 00.003927)	[00.000316,00.051684]

INFO  Timings:
SM Timing
-----------
00_conversion_livox	    282	04.296204	(00.015235 +- 00.001191)	[00.010098,00.032580]
01_filter          	    281	00.111524	(00.000397 +- 00.000044)	[00.000207,00.003050]
02_preint          	    279	00.016601	(00.000060 +- 00.000008)	[00.000034,00.000104]
03_undistortion    	    279	00.316291	(00.001134 +- 00.000351)	[00.000440,00.003113]
04_sampling        	    279	00.227545	(00.000816 +- 00.000117)	[00.000287,00.007567]
05_registration    	    279	00.470219	(00.001685 +- 00.000520)	[00.000388,00.006570]
06_map             	    279	00.357588	(00.001282 +- 00.000320)	[00.000436,00.004319]
07_imu_opt         	    279	00.506616	(00.001816 +- 00.001093)	[00.000001,00.006245]
08_publish         	    279	04.537566	(00.016264 +- 00.003395)	[00.004197,00.035620]
step               	    281	06.580401	(00.023418 +- 00.003940)	[00.000316,00.051684]

INFO  Timings:
SM Timing
-----------
00_conversion_livox	    283	04.307924	(00.015222 +- 00.001217)	[00.010098,00.032580]
01_filter          	    282	00.111898	(00.000397 +- 00.000045)	[00.000207,00.003050]
02_preint          	    280	00.016654	(00.000059 +- 00.000008)	[00.000034,00.000104]
03_undistortion    	    280	00.317579	(00.001134 +- 00.000357)	[00.000440,00.003113]
04_sampling        	    280	00.228260	(00.000815 +- 00.000120)	[00.000287,00.007567]
05_registration    	    280	00.472144	(00.001686 +- 00.000529)	[00.000388,00.006570]
06_map             	    280	00.358624	(00.001281 +- 00.000321)	[00.000436,00.004319]
07_imu_opt         	    280	00.508066	(00.001815 +- 00.001102)	[00.000001,00.006245]
08_publish         	    280	04.550139	(00.016250 +- 00.003419)	[00.004197,00.035620]
step               	    282	06.599906	(00.023404 +- 00.003965)	[00.000316,00.051684]

INFO  Timings:
SM Timing
-----------
00_conversion_livox	    284	04.320572	(00.015213 +- 00.001224)	[00.010098,00.032580]
01_filter          	    283	00.112318	(00.000397 +- 00.000048)	[00.000207,00.003050]
02_preint          	    281	00.016717	(00.000059 +- 00.000008)	[00.000034,00.000104]
03_undistortion    	    281	00.318657	(00.001134 +- 00.000359)	[00.000440,00.003113]
04_sampling        	    281	00.228872	(00.000814 +- 00.000121)	[00.000287,00.007567]
05_registration    	    281	00.473121	(00.001684 +- 00.000528)	[00.000388,00.006570]
06_map             	    281	00.359607	(00.001280 +- 00.000321)	[00.000436,00.004319]
07_imu_opt         	    281	00.509870	(00.001814 +- 00.001089)	[00.000001,00.006245]
08_publish         	    281	04.563518	(00.016240 +- 00.003449)	[00.004197,00.035620]
step               	    283	06.619323	(00.023390 +- 00.003994)	[00.000316,00.051684]

INFO  Timings:
SM Timing
-----------
00_conversion_livox	    285	04.333241	(00.015204 +- 00.001231)	[00.010098,00.032580]
01_filter          	    284	00.112635	(00.000397 +- 00.000048)	[00.000207,00.003050]
02_preint          	    282	00.016798	(00.000060 +- 00.000009)	[00.000034,00.000104]
03_undistortion    	    282	00.319560	(00.001133 +- 00.000359)	[00.000440,00.003113]
04_sampling        	    282	00.229453	(00.000814 +- 00.000120)	[00.000287,00.007567]
05_registration    	    282	00.474297	(00.001682 +- 00.000525)	[00.000388,00.006570]
06_map             	    282	00.360492	(00.001278 +- 00.000319)	[00.000436,00.004319]
07_imu_opt         	    282	00.511458	(00.001814 +- 00.001094)	[00.000001,00.006245]
08_publish         	    282	04.576127	(00.016227 +- 00.003453)	[00.004197,00.035620]
step               	    284	06.637548	(00.023372 +- 00.003986)	[00.000316,00.051684]

INFO  Timings:
SM Timing
-----------
00_conversion_livox	    286	04.345631	(00.015195 +- 00.001230)	[00.010098,00.032580]
01_filter          	    285	00.113045	(00.000397 +- 00.000050)	[00.000207,00.003050]
02_preint          	    283	00.016846	(00.000060 +- 00.000009)	[00.000034,00.000104]
03_undistortion    	    283	00.320538	(00.001133 +- 00.000358)	[00.000440,00.003113]
04_sampling        	    283	00.230069	(00.000813 +- 00.000121)	[00.000287,00.007567]
05_registration    	    283	00.475416	(00.001680 +- 00.000459)	[00.000388,00.006570]
06_map             	    283	00.361520	(00.001277 +- 00.000319)	[00.000436,00.004319]
07_imu_opt         	    283	00.515182	(00.001820 +- 00.001103)	[00.000001,00.006245]
08_publish         	    283	04.588578	(00.016214 +- 00.003452)	[00.004197,00.035620]
step               	    285	06.657993	(00.023361 +- 00.004021)	[00.000316,00.051684]

INFO  Timings:
SM Timing
-----------
00_conversion_livox	    287	04.358089	(00.015185 +- 00.001232)	[00.010098,00.032580]
01_filter          	    286	00.113391	(00.000396 +- 00.000049)	[00.000207,00.003050]
02_preint          	    284	00.016899	(00.000060 +- 00.000009)	[00.000034,00.000104]
03_undistortion    	    284	00.322200	(00.001135 +- 00.000374)	[00.000440,00.003113]
04_sampling        	    284	00.230663	(00.000812 +- 00.000119)	[00.000287,00.007567]
05_registration    	    284	00.476689	(00.001678 +- 00.000458)	[00.000388,00.006570]
06_map             	    284	00.362500	(00.001276 +- 00.000317)	[00.000436,00.004319]
07_imu_opt         	    284	00.516671	(00.001819 +- 00.001104)	[00.000001,00.006245]
08_publish         	    284	04.601023	(00.016201 +- 00.003444)	[00.004197,00.035620]
step               	    286	06.676920	(00.023346 +- 00.003976)	[00.000316,00.051684]

INFO  Timings:
SM Timing
-----------
00_conversion_livox	    288	04.371188	(00.015178 +- 00.001225)	[00.010098,00.032580]
01_filter          	    287	00.113676	(00.000396 +- 00.000049)	[00.000207,00.003050]
02_preint          	    285	00.016956	(00.000059 +- 00.000009)	[00.000034,00.000104]
03_undistortion    	    285	00.323215	(00.001134 +- 00.000373)	[00.000440,00.003113]
04_sampling        	    285	00.231268	(00.000811 +- 00.000118)	[00.000287,00.007567]
05_registration    	    285	00.477456	(00.001675 +- 00.000453)	[00.000388,00.006570]
06_map             	    285	00.363533	(00.001276 +- 00.000316)	[00.000436,00.004319]
07_imu_opt         	    285	00.518449	(00.001819 +- 00.001107)	[00.000001,00.006245]
08_publish         	    285	04.615506	(00.016195 +- 00.003471)	[00.004197,00.035620]
step               	    287	06.697028	(00.023335 +- 00.003970)	[00.000316,00.051684]

INFO  Timings:
SM Timing
-----------
00_conversion_livox	    289	04.384993	(00.015173 +- 00.001224)	[00.010098,00.032580]
01_filter          	    288	00.113977	(00.000396 +- 00.000049)	[00.000207,00.003050]
02_preint          	    286	00.017015	(00.000059 +- 00.000009)	[00.000034,00.000104]
03_undistortion    	    286	00.324104	(00.001133 +- 00.000371)	[00.000440,00.003113]
04_sampling        	    286	00.231827	(00.000811 +- 00.000117)	[00.000287,00.007567]
05_registration    	    286	00.478413	(00.001673 +- 00.000433)	[00.000388,00.006570]
06_map             	    286	00.364607	(00.001275 +- 00.000312)	[00.000436,00.004319]
07_imu_opt         	    286	00.520287	(00.001819 +- 00.001110)	[00.000001,00.006245]
08_publish         	    286	04.629276	(00.016186 +- 00.003461)	[00.004197,00.035620]
step               	    288	06.716577	(00.023321 +- 00.003959)	[00.000316,00.051684]

INFO  Timings:
SM Timing
-----------
00_conversion_livox	    290	04.398906	(00.015169 +- 00.001222)	[00.010098,00.032580]
01_filter          	    289	00.114340	(00.000396 +- 00.000048)	[00.000207,00.003050]
02_preint          	    287	00.017073	(00.000059 +- 00.000009)	[00.000034,00.000104]
03_undistortion    	    287	00.325313	(00.001133 +- 00.000369)	[00.000440,00.003113]
04_sampling        	    287	00.232502	(00.000810 +- 00.000119)	[00.000287,00.007567]
05_registration    	    287	00.479839	(00.001672 +- 00.000434)	[00.000388,00.006570]
06_map             	    287	00.365544	(00.001274 +- 00.000310)	[00.000436,00.004319]
07_imu_opt         	    287	00.521853	(00.001818 +- 00.001117)	[00.000001,00.006245]
08_publish         	    287	04.642898	(00.016177 +- 00.003432)	[00.004197,00.035620]
step               	    289	06.736493	(00.023310 +- 00.003913)	[00.000316,00.051684]

INFO  Timings:
SM Timing
-----------
00_conversion_livox	    291	04.411619	(00.015160 +- 00.001227)	[00.010098,00.032580]
01_filter          	    290	00.114683	(00.000395 +- 00.000048)	[00.000207,00.003050]
02_preint          	    288	00.017129	(00.000059 +- 00.000009)	[00.000034,00.000104]
03_undistortion    	    288	00.326272	(00.001133 +- 00.000365)	[00.000440,00.003113]
04_sampling        	    288	00.233170	(00.000810 +- 00.000119)	[00.000287,00.007567]
05_registration    	    288	00.480867	(00.001670 +- 00.000413)	[00.000388,00.006570]
06_map             	    288	00.366545	(00.001273 +- 00.000304)	[00.000436,00.004319]
07_imu_opt         	    288	00.523583	(00.001818 +- 00.001083)	[00.000001,00.006245]
08_publish         	    288	04.656440	(00.016168 +- 00.003406)	[00.004197,00.035620]
step               	    290	06.755897	(00.023296 +- 00.003917)	[00.000316,00.051684]

INFO  Timings:
SM Timing
-----------
00_conversion_livox	    292	04.424115	(00.015151 +- 00.001221)	[00.010098,00.032580]
01_filter          	    291	00.115027	(00.000395 +- 00.000047)	[00.000207,00.003050]
02_preint          	    289	00.017182	(00.000059 +- 00.000009)	[00.000034,00.000104]
03_undistortion    	    289	00.327212	(00.001132 +- 00.000364)	[00.000440,00.003113]
04_sampling        	    289	00.233854	(00.000809 +- 00.000120)	[00.000287,00.007567]
05_registration    	    289	00.482102	(00.001668 +- 00.000414)	[00.000388,00.006570]
06_map             	    289	00.367482	(00.001272 +- 00.000300)	[00.000436,00.004319]
07_imu_opt         	    289	00.525191	(00.001817 +- 00.001087)	[00.000001,00.006245]
08_publish         	    289	04.669392	(00.016157 +- 00.003371)	[00.004197,00.035620]
step               	    291	06.774770	(00.023281 +- 00.003873)	[00.000316,00.051684]

INFO  Timings:
SM Timing
-----------
00_conversion_livox	    293	04.437173	(00.015144 +- 00.001206)	[00.010098,00.032580]
01_filter          	    292	00.115413	(00.000395 +- 00.000048)	[00.000207,00.003050]
02_preint          	    290	00.017245	(00.000059 +- 00.000009)	[00.000034,00.000104]
03_undistortion    	    290	00.329299	(00.001136 +- 00.000394)	[00.000440,00.003113]
04_sampling        	    290	00.234450	(00.000808 +- 00.000119)	[00.000287,00.007567]
05_registration    	    290	00.483110	(00.001666 +- 00.000406)	[00.000388,00.006570]
06_map             	    290	00.368491	(00.001271 +- 00.000293)	[00.000436,00.004319]
07_imu_opt         	    290	00.526932	(00.001817 +- 00.001087)	[00.000001,00.006245]
08_publish         	    290	04.683965	(00.016152 +- 00.003330)	[00.004197,00.035620]
step               	    292	06.796342	(00.023275 +- 00.003820)	[00.000316,00.051684]

INFO  Timings:
SM Timing
-----------
00_conversion_livox	    294	04.450874	(00.015139 +- 00.001201)	[00.010098,00.032580]
01_filter          	    293	00.115728	(00.000395 +- 00.000047)	[00.000207,00.003050]
02_preint          	    291	00.017295	(00.000059 +- 00.000009)	[00.000034,00.000104]
03_undistortion    	    291	00.330267	(00.001135 +- 00.000390)	[00.000440,00.003113]
04_sampling        	    291	00.235049	(00.000808 +- 00.000118)	[00.000287,00.007567]
05_registration    	    291	00.483639	(00.001662 +- 00.000413)	[00.000388,00.006570]
06_map             	    291	00.369308	(00.001269 +- 00.000288)	[00.000436,00.004319]
07_imu_opt         	    291	00.528802	(00.001817 +- 00.001043)	[00.000001,00.006245]
08_publish         	    291	04.697159	(00.016141 +- 00.003260)	[00.004197,00.035620]
step               	    293	06.814761	(00.023259 +- 00.003784)	[00.000316,00.051684]

INFO  Timings:
SM Timing
-----------
00_conversion_livox	    295	04.463679	(00.015131 +- 00.001190)	[00.010098,00.032580]
01_filter          	    294	00.116025	(00.000395 +- 00.000046)	[00.000207,00.003050]
02_preint          	    292	00.017343	(00.000059 +- 00.000009)	[00.000034,00.000104]
03_undistortion    	    292	00.331291	(00.001135 +- 00.000384)	[00.000440,00.003113]
04_sampling        	    292	00.235652	(00.000807 +- 00.000115)	[00.000287,00.007567]
05_registration    	    292	00.485307	(00.001662 +- 00.000415)	[00.000388,00.006570]
06_map             	    292	00.370387	(00.001268 +- 00.000282)	[00.000436,00.004319]
07_imu_opt         	    292	00.532587	(00.001824 +- 00.001048)	[00.000001,00.006245]
08_publish         	    292	04.709864	(00.016130 +- 00.003186)	[00.004197,00.035620]
step               	    294	06.836036	(00.023252 +- 00.003743)	[00.000316,00.051684]

INFO  Timings:
SM Timing
-----------
00_conversion_livox	    296	04.476657	(00.015124 +- 00.001181)	[00.010098,00.032580]
01_filter          	    295	00.116350	(00.000394 +- 00.000046)	[00.000207,00.003050]
02_preint          	    293	00.017396	(00.000059 +- 00.000009)	[00.000034,00.000104]
03_undistortion    	    293	00.332236	(00.001134 +- 00.000378)	[00.000440,00.003113]
04_sampling        	    293	00.236319	(00.000807 +- 00.000114)	[00.000287,00.007567]
05_registration    	    293	00.486040	(00.001659 +- 00.000416)	[00.000388,00.006570]
06_map             	    293	00.371290	(00.001267 +- 00.000276)	[00.000436,00.004319]
07_imu_opt         	    293	00.534365	(00.001824 +- 00.001026)	[00.000001,00.006245]
08_publish         	    293	04.722524	(00.016118 +- 00.003083)	[00.004197,00.035620]
step               	    295	06.854185	(00.023235 +- 00.003659)	[00.000316,00.051684]

INFO  Timings:
SM Timing
-----------
00_conversion_livox	    297	04.489887	(00.015117 +- 00.001181)	[00.010098,00.032580]
01_filter          	    296	00.116697	(00.000394 +- 00.000043)	[00.000207,00.003050]
02_preint          	    294	00.017458	(00.000059 +- 00.000008)	[00.000034,00.000104]
03_undistortion    	    294	00.333004	(00.001133 +- 00.000373)	[00.000440,00.003113]
04_sampling        	    294	00.236822	(00.000806 +- 00.000109)	[00.000287,00.007567]
05_registration    	    294	00.486464	(00.001655 +- 00.000424)	[00.000388,00.006570]
06_map             	    294	00.372137	(00.001266 +- 00.000268)	[00.000436,00.004319]
07_imu_opt         	    294	00.536073	(00.001823 +- 00.001008)	[00.000001,00.006245]
08_publish         	    294	04.734753	(00.016105 +- 00.002947)	[00.004197,00.035620]
step               	    296	06.871162	(00.023213 +- 00.003532)	[00.000316,00.051684]

INFO  Timings:
SM Timing
-----------
00_conversion_livox	    298	04.502772	(00.015110 +- 00.001183)	[00.010098,00.032580]
01_filter          	    297	00.117440	(00.000395 +- 00.000072)	[00.000207,00.003050]
02_preint          	    295	00.017506	(00.000059 +- 00.000008)	[00.000034,00.000104]
03_undistortion    	    295	00.333998	(00.001132 +- 00.000370)	[00.000440,00.003113]
04_sampling        	    295	00.237416	(00.000805 +- 00.000102)	[00.000287,00.007567]
05_registration    	    295	00.488291	(00.001655 +- 00.000432)	[00.000388,00.006570]
06_map             	    295	00.373279	(00.001265 +- 00.000261)	[00.000436,00.004319]
07_imu_opt         	    295	00.537865	(00.001823 +- 00.001005)	[00.000001,00.006245]
08_publish         	    295	04.746461	(00.016090 +- 00.002755)	[00.004197,00.035620]
step               	    297	06.890087	(00.023199 +- 00.003257)	[00.000316,00.051684]

INFO  Timings:
SM Timing
-----------
00_conversion_livox	    299	04.515205	(00.015101 +- 00.001186)	[00.010098,00.032580]
01_filter          	    298	00.117753	(00.000395 +- 00.000072)	[00.000207,00.003050]
02_preint          	    296	00.017565	(00.000059 +- 00.000008)	[00.000034,00.000104]
03_undistortion    	    296	00.334918	(00.001131 +- 00.000362)	[00.000440,00.003113]
04_sampling        	    296	00.237938	(00.000804 +- 00.000094)	[00.000287,00.007567]
05_registration    	    296	00.489236	(00.001653 +- 00.000429)	[00.000388,00.006570]
06_map             	    296	00.374324	(00.001265 +- 00.000250)	[00.000436,00.004319]
07_imu_opt         	    296	00.539680	(00.001823 +- 00.000994)	[00.000001,00.006245]
08_publish         	    296	04.758211	(00.016075 +- 00.002545)	[00.004197,00.035620]
step               	    298	06.907545	(00.023180 +- 00.003046)	[00.000316,00.051684]

INFO  Timings:
SM Timing
-----------
00_conversion_livox	    300	04.528892	(00.015096 +- 00.001173)	[00.010098,00.032580]
01_filter          	    299	00.118080	(00.000395 +- 00.000071)	[00.000207,00.003050]
02_preint          	    297	00.017624	(00.000059 +- 00.000008)	[00.000034,00.000104]
03_undistortion    	    297	00.335905	(00.001131 +- 00.000357)	[00.000440,00.003113]
04_sampling        	    297	00.238570	(00.000803 +- 00.000088)	[00.000287,00.007567]
05_registration    	    297	00.489814	(00.001649 +- 00.000436)	[00.000388,00.006570]
06_map             	    297	00.375343	(00.001264 +- 00.000238)	[00.000436,00.004319]
07_imu_opt         	    297	00.541295	(00.001823 +- 00.000990)	[00.000001,00.006245]
08_publish         	    297	04.770401	(00.016062 +- 00.002328)	[00.004197,00.035620]
step               	    299	06.925023	(00.023161 +- 00.002739)	[00.000316,00.051684]

INFO  Timings:
SM Timing
-----------
00_conversion_livox	    301	04.541377	(00.015088 +- 00.001154)	[00.010098,00.032580]
01_filter          	    300	00.118403	(00.000395 +- 00.000069)	[00.000207,00.003050]
02_preint          	    298	00.017679	(00.000059 +- 00.000008)	[00.000034,00.000104]
03_undistortion    	    298	00.336809	(00.001130 +- 00.000348)	[00.000440,00.003113]
04_sampling        	    298	00.239105	(00.000802 +- 00.000081)	[00.000287,00.007567]
05_registration    	    298	00.491495	(00.001649 +- 00.000438)	[00.000388,00.006570]
06_map             	    298	00.376310	(00.001263 +- 00.000216)	[00.000436,00.004319]
07_imu_opt         	    298	00.542848	(00.001822 +- 00.000988)	[00.000001,00.006245]
08_publish         	    298	04.781785	(00.016046 +- 00.002118)	[00.004197,00.035620]
step               	    300	06.942509	(00.023142 +- 00.002565)	[00.000316,00.051684]

INFO  Timings:
SM Timing
-----------
00_conversion_livox	    302	04.553780	(00.015079 +- 00.001133)	[00.010098,00.032580]
01_filter          	    301	00.118688	(00.000394 +- 00.000069)	[00.000207,00.003050]
02_preint          	    299	00.017733	(00.000059 +- 00.000008)	[00.000034,00.000104]
03_undistortion    	    299	00.337701	(00.001129 +- 00.000340)	[00.000440,00.003113]
04_sampling        	    299	00.239645	(00.000801 +- 00.000073)	[00.000287,00.007567]
05_registration    	    299	00.492575	(00.001647 +- 00.000431)	[00.000388,00.006570]
06_map             	    299	00.377277	(00.001262 +- 00.000203)	[00.000436,00.004319]
07_imu_opt         	    299	00.544286	(00.001820 +- 00.000991)	[00.000001,00.006245]
08_publish         	    299	04.792695	(00.016029 +- 00.001935)	[00.004197,00.035620]
step               	    301	06.958768	(00.023119 +- 00.002355)	[00.000316,00.051684]

INFO  Timings:
SM Timing
-----------
00_conversion_livox	    303	04.565999	(00.015069 +- 00.001132)	[00.010098,00.032580]
01_filter          	    302	00.118975	(00.000394 +- 00.000068)	[00.000207,00.003050]
02_preint          	    300	00.017790	(00.000059 +- 00.000008)	[00.000034,00.000104]
03_undistortion    	    300	00.338534	(00.001128 +- 00.000341)	[00.000440,00.003113]
04_sampling        	    300	00.240237	(00.000801 +- 00.000071)	[00.000287,00.007567]
05_registration    	    300	00.493235	(00.001644 +- 00.000436)	[00.000388,00.006570]
06_map             	    300	00.378167	(00.001261 +- 00.000194)	[00.000436,00.004319]
07_imu_opt         	    300	00.545853	(00.001820 +- 00.000984)	[00.000001,00.006245]
08_publish         	    300	04.803247	(00.016011 +- 00.001786)	[00.004197,00.035620]
step               	    302	06.974302	(00.023094 +- 00.002277)	[00.000316,00.051684]

INFO  Timings:
SM Timing
-----------
00_conversion_livox	    304	04.577953	(00.015059 +- 00.001140)	[00.010098,00.032580]
01_filter          	    303	00.119279	(00.000394 +- 00.000068)	[00.000207,00.003050]
02_preint          	    301	00.017841	(00.000059 +- 00.000008)	[00.000034,00.000104]
03_undistortion    	    301	00.339314	(00.001127 +- 00.000339)	[00.000440,00.003113]
04_sampling        	    301	00.240673	(00.000800 +- 00.000071)	[00.000287,00.007567]
05_registration    	    301	00.493918	(00.001641 +- 00.000440)	[00.000388,00.006570]
06_map             	    301	00.379185	(00.001260 +- 00.000190)	[00.000436,00.004319]
07_imu_opt         	    301	00.547500	(00.001819 +- 00.000983)	[00.000001,00.006245]
08_publish         	    301	04.813384	(00.015991 +- 00.001652)	[00.004197,00.035620]
step               	    303	06.989449	(00.023067 +- 00.002188)	[00.000316,00.051684]

INFO  Timings:
SM Timing
-----------
00_conversion_livox	    305	04.589742	(00.015048 +- 00.001142)	[00.010098,00.032580]
01_filter          	    304	00.119547	(00.000393 +- 00.000068)	[00.000207,00.003050]
02_preint          	    302	00.017895	(00.000059 +- 00.000008)	[00.000034,00.000104]
03_undistortion    	    302	00.340057	(00.001126 +- 00.000338)	[00.000440,00.003113]
04_sampling        	    302	00.241180	(00.000799 +- 00.000070)	[00.000287,00.007567]
05_registration    	    302	00.494908	(00.001639 +- 00.000402)	[00.000388,00.006570]
06_map             	    302	00.380038	(00.001258 +- 00.000184)	[00.000436,00.004319]
07_imu_opt         	    302	00.550663	(00.001823 +- 00.000993)	[00.000001,00.006245]
08_publish         	    302	04.822897	(00.015970 +- 00.001529)	[00.004197,00.035620]
step               	    304	07.005599	(00.023045 +- 00.002095)	[00.000316,00.051684]

INFO  Timings:
SM Timing
-----------
00_conversion_livox	    306	04.601378	(00.015037 +- 00.001148)	[00.010098,00.032580]
01_filter          	    305	00.119792	(00.000393 +- 00.000069)	[00.000207,00.003050]
02_preint          	    303	00.017942	(00.000059 +- 00.000008)	[00.000034,00.000104]
03_undistortion    	    303	00.340751	(00.001125 +- 00.000340)	[00.000440,00.003113]
04_sampling        	    303	00.241691	(00.000798 +- 00.000065)	[00.000287,00.007567]
05_registration    	    303	00.495469	(00.001635 +- 00.000409)	[00.000388,00.006570]
06_map             	    303	00.380881	(00.001257 +- 00.000180)	[00.000436,00.004319]
07_imu_opt         	    303	00.552098	(00.001822 +- 00.000994)	[00.000001,00.006245]
08_publish         	    303	04.832616	(00.015949 +- 00.001425)	[00.004197,00.035620]
step               	    305	07.019749	(00.023016 +- 00.002016)	[00.000316,00.051684]

INFO  Timings:
SM Timing
-----------
00_conversion_livox	    307	04.614374	(00.015031 +- 00.001143)	[00.010098,00.032580]
01_filter          	    306	00.120099	(00.000392 +- 00.000068)	[00.000207,00.003050]
02_preint          	    304	00.017996	(00.000059 +- 00.000008)	[00.000034,00.000104]
03_undistortion    	    304	00.341494	(00.001123 +- 00.000341)	[00.000440,00.003113]
04_sampling        	    304	00.242191	(00.000797 +- 00.000064)	[00.000287,00.007567]
05_registration    	    304	00.496049	(00.001632 +- 00.000414)	[00.000388,00.006570]
06_map             	    304	00.381812	(00.001256 +- 00.000181)	[00.000436,00.004319]
07_imu_opt         	    304	00.553837	(00.001822 +- 00.000993)	[00.000001,00.006245]
08_publish         	    304	04.842234	(00.015928 +- 00.001418)	[00.004197,00.035620]
step               	    306	07.034296	(00.022988 +- 00.002063)	[00.000316,00.051684]

INFO  Timings:
SM Timing
-----------
00_conversion_livox	    308	04.626798	(00.015022 +- 00.001146)	[00.010098,00.032580]
01_filter          	    307	00.120338	(00.000392 +- 00.000069)	[00.000207,00.003050]
02_preint          	    305	00.018054	(00.000059 +- 00.000008)	[00.000034,00.000104]
03_undistortion    	    305	00.342205	(00.001122 +- 00.000341)	[00.000440,00.003113]
04_sampling        	    305	00.242648	(00.000796 +- 00.000066)	[00.000287,00.007567]
05_registration    	    305	00.496552	(00.001628 +- 00.000414)	[00.000388,00.006570]
06_map             	    305	00.382613	(00.001254 +- 00.000183)	[00.000436,00.004319]
07_imu_opt         	    305	00.555441	(00.001821 +- 00.000996)	[00.000001,00.006245]
08_publish         	    305	04.851331	(00.015906 +- 00.001422)	[00.004197,00.035620]
step               	    307	07.047851	(00.022957 +- 00.002108)	[00.000316,00.051684]

INFO  Timings:
SM Timing
-----------
00_conversion_livox	    309	04.638782	(00.015012 +- 00.001164)	[00.010098,00.032580]
01_filter          	    308	00.120636	(00.000392 +- 00.000069)	[00.000207,00.003050]
02_preint          	    306	00.018107	(00.000059 +- 00.000008)	[00.000034,00.000104]
03_undistortion    	    306	00.343248	(00.001122 +- 00.000339)	[00.000440,00.003113]
04_sampling        	    306	00.243246	(00.000795 +- 00.000066)	[00.000287,00.007567]
05_registration    	    306	00.497299	(00.001625 +- 00.000399)	[00.000388,00.006570]
06_map             	    306	00.383397	(00.001253 +- 00.000185)	[00.000436,00.004319]
07_imu_opt         	    306	00.557143	(00.001821 +- 00.000998)	[00.000001,00.006245]
08_publish         	    306	04.859531	(00.015881 +- 00.001509)	[00.004197,00.035620]
step               	    308	07.061363	(00.022927 +- 00.002216)	[00.000316,00.051684]

INFO  Timings:
SM Timing
-----------
00_conversion_livox	    310	04.650366	(00.015001 +- 00.001191)	[00.010098,00.032580]
01_filter          	    309	00.120904	(00.000391 +- 00.000070)	[00.000207,00.003050]
02_preint          	    307	00.018159	(00.000059 +- 00.000008)	[00.000034,00.000104]
03_undistortion    	    307	00.343914	(00.001120 +- 00.000343)	[00.000440,00.003113]
04_sampling        	    307	00.243690	(00.000794 +- 00.000068)	[00.000287,00.007567]
05_registration    	    307	00.498743	(00.001625 +- 00.000402)	[00.000388,00.006570]
06_map             	    307	00.384082	(00.001251 +- 00.000190)	[00.000436,00.004319]
07_imu_opt         	    307	00.559045	(00.001821 +- 00.000941)	[00.000001,00.006245]
08_publish         	    307	04.866764	(00.015853 +- 00.001642)	[00.004197,00.035620]
step               	    309	07.074111	(00.022894 +- 00.002363)	[00.000316,00.051684]

INFO  Timings:
SM Timing
-----------
00_conversion_livox	    311	04.661626	(00.014989 +- 00.001221)	[00.010098,00.032580]
01_filter          	    310	00.121191	(00.000391 +- 00.000070)	[00.000207,00.003050]
02_preint          	    308	00.018219	(00.000059 +- 00.000007)	[00.000034,00.000104]
03_undistortion    	    308	00.344654	(00.001119 +- 00.000345)	[00.000440,00.003113]
04_sampling        	    308	00.244071	(00.000792 +- 00.000074)	[00.000287,00.007567]
05_registration    	    308	00.499583	(00.001622 +- 00.000397)	[00.000388,00.006570]
06_map             	    308	00.384781	(00.001249 +- 00.000195)	[00.000436,00.004319]
07_imu_opt         	    308	00.560588	(00.001820 +- 00.000940)	[00.000001,00.006245]
08_publish         	    308	04.873482	(00.015823 +- 00.001812)	[00.004197,00.035620]
step               	    310	07.085456	(00.022856 +- 00.002559)	[00.000316,00.051684]

INFO  Timings:
SM Timing
-----------
00_conversion_livox	    312	04.673711	(00.014980 +- 00.001232)	[00.010098,00.032580]
01_filter          	    311	00.121489	(00.000391 +- 00.000070)	[00.000207,00.003050]
02_preint          	    309	00.018276	(00.000059 +- 00.000007)	[00.000034,00.000104]
03_undistortion    	    309	00.345301	(00.001117 +- 00.000349)	[00.000440,00.003113]
04_sampling        	    309	00.244491	(00.000791 +- 00.000077)	[00.000287,00.007567]
05_registration    	    309	00.500419	(00.001619 +- 00.000398)	[00.000388,00.006570]
06_map             	    309	00.385605	(00.001248 +- 00.000119)	[00.000436,00.004319]
07_imu_opt         	    309	00.562059	(00.001819 +- 00.000942)	[00.000001,00.006245]
08_publish         	    309	04.880415	(00.015794 +- 00.001954)	[00.004197,00.035620]
step               	    311	07.097019	(00.022820 +- 00.002723)	[00.000316,00.051684]

INFO  Timings:
SM Timing
-----------
00_conversion_livox	    313	04.685990	(00.014971 +- 00.001233)	[00.010098,00.032580]
01_filter          	    312	00.121796	(00.000390 +- 00.000070)	[00.000207,00.003050]
02_preint          	    310	00.018338	(00.000059 +- 00.000007)	[00.000034,00.000104]
03_undistortion    	    310	00.346124	(00.001117 +- 00.000350)	[00.000440,00.003113]
04_sampling        	    310	00.244933	(00.000790 +- 00.000079)	[00.000287,00.007567]
05_registration    	    310	00.500921	(00.001616 +- 00.000397)	[00.000388,00.006570]
06_map             	    310	00.386255	(00.001246 +- 00.000127)	[00.000436,00.004319]
07_imu_opt         	    310	00.563579	(00.001818 +- 00.000944)	[00.000001,00.006245]
08_publish         	    310	04.887218	(00.015765 +- 00.002086)	[00.004197,00.035620]
step               	    312	07.108216	(00.022783 +- 00.002885)	[00.000316,00.051684]

INFO  Timings:
SM Timing
-----------
00_conversion_livox	    314	04.698505	(00.014963 +- 00.001229)	[00.010098,00.032580]
01_filter          	    313	00.122118	(00.000390 +- 00.000070)	[00.000207,00.003050]
02_preint          	    311	00.018403	(00.000059 +- 00.000007)	[00.000034,00.000104]
03_undistortion    	    311	00.346880	(00.001115 +- 00.000350)	[00.000440,00.003113]
04_sampling        	    311	00.245354	(00.000789 +- 00.000082)	[00.000287,00.007567]
05_registration    	    311	00.501339	(00.001612 +- 00.000399)	[00.000388,00.006570]
06_map             	    311	00.386943	(00.001244 +- 00.000133)	[00.000436,00.004319]
07_imu_opt         	    311	00.565327	(00.001818 +- 00.000945)	[00.000001,00.006245]
08_publish         	    311	04.893535	(00.015735 +- 00.002231)	[00.004197,00.035620]
step               	    313	07.119095	(00.022745 +- 00.003053)	[00.000316,00.051684]

INFO  Timings:
SM Timing
-----------
00_conversion_livox	    315	04.710814	(00.014955 +- 00.001216)	[00.010098,00.032580]
01_filter          	    314	00.122381	(00.000390 +- 00.000071)	[00.000207,00.003050]
02_preint          	    312	00.018463	(00.000059 +- 00.000007)	[00.000034,00.000104]
03_undistortion    	    312	00.347560	(00.001114 +- 00.000353)	[00.000440,00.003113]
04_sampling        	    312	00.245763	(00.000788 +- 00.000086)	[00.000287,00.007567]
05_registration    	    312	00.502023	(00.001609 +- 00.000399)	[00.000388,00.006570]
06_map             	    312	00.387646	(00.001242 +- 00.000137)	[00.000436,00.004319]
07_imu_opt         	    312	00.566859	(00.001817 +- 00.000731)	[00.000001,00.006245]
08_publish         	    312	04.900166	(00.015706 +- 00.002338)	[00.004197,00.035620]
step               	    314	07.130118	(00.022707 +- 00.003080)	[00.000316,00.051684]

INFO  Timings:
SM Timing
-----------
00_conversion_livox	    316	04.723188	(00.014947 +- 00.001161)	[00.010098,00.032580]
01_filter          	    315	00.122644	(00.000389 +- 00.000071)	[00.000207,00.003050]
02_preint          	    313	00.018524	(00.000059 +- 00.000007)	[00.000034,00.000104]
03_undistortion    	    313	00.348295	(00.001113 +- 00.000354)	[00.000440,00.003113]
04_sampling        	    313	00.246252	(00.000787 +- 00.000086)	[00.000287,00.007567]
05_registration    	    313	00.502565	(00.001606 +- 00.000403)	[00.000388,00.006570]
06_map             	    313	00.388368	(00.001241 +- 00.000140)	[00.000436,00.004319]
07_imu_opt         	    313	00.568661	(00.001817 +- 00.000731)	[00.000001,00.006245]
08_publish         	    313	04.906598	(00.015676 +- 00.002453)	[00.004197,00.035620]
step               	    315	07.141241	(00.022671 +- 00.003212)	[00.000316,00.051684]

INFO  Timings:
SM Timing
-----------
00_conversion_livox	    317	04.736521	(00.014942 +- 00.001094)	[00.010098,00.032580]
01_filter          	    316	00.122887	(00.000389 +- 00.000072)	[00.000207,00.003050]
02_preint          	    314	00.018581	(00.000059 +- 00.000007)	[00.000034,00.000104]
03_undistortion    	    314	00.348863	(00.001111 +- 00.000358)	[00.000440,00.003113]
04_sampling        	    314	00.246589	(00.000785 +- 00.000092)	[00.000287,00.007567]
05_registration    	    314	00.503954	(00.001605 +- 00.000408)	[00.000388,00.006570]
06_map             	    314	00.389008	(00.001239 +- 00.000147)	[00.000436,00.004319]
07_imu_opt         	    314	00.570435	(00.001817 +- 00.000732)	[00.000001,00.006245]
08_publish         	    314	04.913257	(00.015647 +- 00.002549)	[00.004197,00.035620]
step               	    316	07.152981	(00.022636 +- 00.003312)	[00.000316,00.051684]

INFO  Timings:
SM Timing
-----------
00_conversion_livox	    318	04.750395	(00.014938 +- 00.001058)	[00.010098,00.032580]
01_filter          	    317	00.123173	(00.000389 +- 00.000072)	[00.000207,00.003050]
02_preint          	    315	00.018650	(00.000059 +- 00.000007)	[00.000034,00.000104]
03_undistortion    	    315	00.349501	(00.001110 +- 00.000361)	[00.000440,00.003113]
04_sampling        	    315	00.247133	(00.000785 +- 00.000092)	[00.000287,00.007567]
05_registration    	    315	00.505140	(00.001604 +- 00.000406)	[00.000388,00.006570]
06_map             	    315	00.389609	(00.001237 +- 00.000154)	[00.000436,00.004319]
07_imu_opt         	    315	00.572340	(00.001817 +- 00.000732)	[00.000001,00.006245]
08_publish         	    315	04.919792	(00.015618 +- 00.002643)	[00.004197,00.035620]
step               	    317	07.164840	(00.022602 +- 00.003401)	[00.000316,00.051684]

INFO  Timings:
SM Timing
-----------
00_conversion_livox	    319	04.764233	(00.014935 +- 00.001051)	[00.010098,00.032580]
01_filter          	    318	00.123479	(00.000388 +- 00.000072)	[00.000207,00.003050]
02_preint          	    316	00.018725	(00.000059 +- 00.000007)	[00.000034,00.000104]
03_undistortion    	    316	00.350097	(00.001108 +- 00.000365)	[00.000440,00.003113]
04_sampling        	    316	00.247536	(00.000783 +- 00.000094)	[00.000287,00.007567]
05_registration    	    316	00.505783	(00.001601 +- 00.000351)	[00.000388,00.006570]
06_map             	    316	00.390071	(00.001234 +- 00.000168)	[00.000436,00.004319]
07_imu_opt         	    316	00.574023	(00.001817 +- 00.000732)	[00.000001,00.006245]
08_publish         	    316	04.926030	(00.015589 +- 00.002736)	[00.004197,00.035620]
step               	    318	07.175342	(00.022564 +- 00.003513)	[00.000316,00.051684]

INFO  Timings:
SM Timing
-----------
00_conversion_livox	    320	04.777914	(00.014931 +- 00.000978)	[00.010098,00.032580]
01_filter          	    319	00.123721	(00.000388 +- 00.000073)	[00.000207,00.003050]
02_preint          	    317	00.018784	(00.000059 +- 00.000007)	[00.000034,00.000104]
03_undistortion    	    317	00.350482	(00.001106 +- 00.000374)	[00.000385,00.003113]
04_sampling        	    317	00.247939	(00.000782 +- 00.000097)	[00.000287,00.007567]
05_registration    	    317	00.507771	(00.001602 +- 00.000380)	[00.000388,00.006570]
06_map             	    317	00.390625	(00.001232 +- 00.000169)	[00.000436,00.004319]
07_imu_opt         	    317	00.575775	(00.001816 +- 00.000732)	[00.000001,00.006245]
08_publish         	    317	04.932004	(00.015558 +- 00.002797)	[00.004197,00.035620]
step               	    319	07.186749	(00.022529 +- 00.003562)	[00.000316,00.051684]

INFO  Timings:
SM Timing
-----------
00_conversion_livox	    320	04.777914	(00.014931 +- 00.000978)	[00.010098,00.032580]
01_filter          	    320	00.123936	(00.000387 +- 00.000074)	[00.000207,00.003050]
02_preint          	    318	00.018837	(00.000059 +- 00.000007)	[00.000034,00.000104]
03_undistortion    	    318	00.351118	(00.001104 +- 00.000376)	[00.000385,00.003113]
04_sampling        	    318	00.248308	(00.000781 +- 00.000100)	[00.000287,00.007567]
05_registration    	    318	00.508324	(00.001599 +- 00.000384)	[00.000388,00.006570]
06_map             	    318	00.391132	(00.001230 +- 00.000176)	[00.000436,00.004319]
07_imu_opt         	    318	00.577411	(00.001816 +- 00.000596)	[00.000001,00.006245]
08_publish         	    318	04.938109	(00.015529 +- 00.002855)	[00.004197,00.035620]
step               	    320	07.196922	(00.022490 +- 00.003584)	[00.000316,00.051684]

INFO  Timings:
SM Timing
-----------
00_conversion_livox	    322	04.809755	(00.014937 +- 00.001067)	[00.010098,00.032580]
01_filter          	    321	00.124226	(00.000387 +- 00.000074)	[00.000207,00.003050]
02_preint          	    319	00.018912	(00.000059 +- 00.000008)	[00.000034,00.000104]
03_undistortion    	    319	00.351641	(00.001102 +- 00.000381)	[00.000385,00.003113]
04_sampling        	    319	00.248665	(00.000780 +- 00.000104)	[00.000287,00.007567]
05_registration    	    319	00.509014	(00.001596 +- 00.000386)	[00.000388,00.006570]
06_map             	    319	00.391769	(00.001228 +- 00.000175)	[00.000436,00.004319]
07_imu_opt         	    319	00.579237	(00.001816 +- 00.000596)	[00.000001,00.006245]
08_publish         	    319	04.945112	(00.015502 +- 00.002895)	[00.004197,00.035620]
step               	    321	07.208424	(00.022456 +- 00.003639)	[00.000316,00.051684]

INFO  Timings:
SM Timing
-----------
00_conversion_livox	    323	04.824951	(00.014938 +- 00.001091)	[00.010098,00.032580]
01_filter          	    322	00.124488	(00.000387 +- 00.000074)	[00.000207,00.003050]
02_preint          	    320	00.018980	(00.000059 +- 00.000008)	[00.000034,00.000104]
03_undistortion    	    320	00.352283	(00.001101 +- 00.000383)	[00.000385,00.003113]
04_sampling        	    320	00.249238	(00.000779 +- 00.000103)	[00.000287,00.007567]
05_registration    	    320	00.509662	(00.001593 +- 00.000388)	[00.000388,00.006570]
06_map             	    320	00.392394	(00.001226 +- 00.000174)	[00.000436,00.004319]
07_imu_opt         	    320	00.580979	(00.001816 +- 00.000595)	[00.000001,00.006245]
08_publish         	    320	04.951845	(00.015475 +- 00.002913)	[00.004197,00.035620]
step               	    322	07.219795	(00.022422 +- 00.003662)	[00.000316,00.051684]

INFO  Timings:
SM Timing
-----------
00_conversion_livox	    324	04.839857	(00.014938 +- 00.001050)	[00.010098,00.032580]
01_filter          	    323	00.124790	(00.000386 +- 00.000074)	[00.000207,00.003050]
02_preint          	    321	00.019046	(00.000059 +- 00.000007)	[00.000034,00.000104]
03_undistortion    	    321	00.352944	(00.001100 +- 00.000385)	[00.000385,00.003113]
04_sampling        	    321	00.249715	(00.000778 +- 00.000103)	[00.000287,00.007567]
05_registration    	    321	00.510241	(00.001590 +- 00.000391)	[00.000388,00.006570]
06_map             	    321	00.393027	(00.001224 +- 00.000177)	[00.000436,00.004319]
07_imu_opt         	    321	00.582697	(00.001815 +- 00.000596)	[00.000001,00.006245]
08_publish         	    321	04.958254	(00.015446 +- 00.002950)	[00.004197,00.035620]
step               	    323	07.230735	(00.022386 +- 00.003715)	[00.000316,00.051684]

INFO  Timings:
SM Timing
-----------
00_conversion_livox	    325	04.853685	(00.014934 +- 00.001047)	[00.010098,00.032580]
01_filter          	    324	00.125111	(00.000386 +- 00.000074)	[00.000207,00.003050]
02_preint          	    322	00.019110	(00.000059 +- 00.000008)	[00.000034,00.000104]
03_undistortion    	    322	00.353571	(00.001098 +- 00.000277)	[00.000385,00.003113]
04_sampling        	    322	00.250216	(00.000777 +- 00.000103)	[00.000287,00.007567]
05_registration    	    322	00.510866	(00.001587 +- 00.000394)	[00.000388,00.006570]
06_map             	    322	00.393703	(00.001223 +- 00.000179)	[00.000436,00.004319]
07_imu_opt         	    322	00.584505	(00.001815 +- 00.000470)	[00.000001,00.006245]
08_publish         	    322	04.964949	(00.015419 +- 00.002981)	[00.004197,00.035620]
step               	    324	07.242110	(00.022352 +- 00.003649)	[00.000316,00.051684]

INFO  Timings:
SM Timing
-----------
00_conversion_livox	    326	04.868070	(00.014933 +- 00.001037)	[00.010098,00.032580]
01_filter          	    325	00.125383	(00.000386 +- 00.000074)	[00.000207,00.003050]
02_preint          	    323	00.019171	(00.000059 +- 00.000007)	[00.000034,00.000104]
03_undistortion    	    323	00.354273	(00.001097 +- 00.000277)	[00.000385,00.003113]
04_sampling        	    323	00.250660	(00.000776 +- 00.000104)	[00.000287,00.007567]
05_registration    	    323	00.511737	(00.001584 +- 00.000394)	[00.000388,00.006570]
06_map             	    323	00.394379	(00.001221 +- 00.000181)	[00.000436,00.004319]
07_imu_opt         	    323	00.586339	(00.001815 +- 00.000470)	[00.000001,00.006245]
08_publish         	    323	04.971834	(00.015393 +- 00.002981)	[00.004197,00.035620]
step               	    325	07.253942	(00.022320 +- 00.003651)	[00.000316,00.051684]

INFO  Timings:
SM Timing
-----------
00_conversion_livox	    327	04.881719	(00.014929 +- 00.001031)	[00.010098,00.032580]
01_filter          	    326	00.125684	(00.000386 +- 00.000074)	[00.000207,00.003050]
02_preint          	    324	00.019238	(00.000059 +- 00.000007)	[00.000034,00.000104]
03_undistortion    	    324	00.354812	(00.001095 +- 00.000280)	[00.000385,00.003113]
04_sampling        	    324	00.251103	(00.000775 +- 00.000099)	[00.000287,00.007567]
05_registration    	    324	00.512553	(00.001582 +- 00.000394)	[00.000388,00.006570]
06_map             	    324	00.395003	(00.001219 +- 00.000184)	[00.000436,00.004319]
07_imu_opt         	    324	00.587954	(00.001815 +- 00.000470)	[00.000001,00.006245]
08_publish         	    324	04.978502	(00.015366 +- 00.002993)	[00.004197,00.035620]
step               	    326	07.265107	(00.022286 +- 00.003679)	[00.000316,00.051684]

INFO  Timings:
SM Timing
-----------
00_conversion_livox	    328	04.895366	(00.014925 +- 00.001030)	[00.010098,00.032580]
01_filter          	    327	00.125955	(00.000385 +- 00.000075)	[00.000207,00.003050]
02_preint          	    325	00.019303	(00.000059 +- 00.000007)	[00.000034,00.000104]
03_undistortion    	    325	00.355378	(00.001093 +- 00.000282)	[00.000385,00.003113]
04_sampling        	    325	00.251532	(00.000774 +- 00.000099)	[00.000287,00.007567]
05_registration    	    325	00.513172	(00.001579 +- 00.000396)	[00.000388,00.006570]
06_map             	    325	00.395675	(00.001217 +- 00.000184)	[00.000436,00.004319]
07_imu_opt         	    325	00.589574	(00.001814 +- 00.000470)	[00.000001,00.006245]
08_publish         	    325	04.984561	(00.015337 +- 00.002999)	[00.004197,00.035620]
step               	    327	07.275490	(00.022249 +- 00.003704)	[00.000316,00.051684]

INFO  Timings:
SM Timing
-----------
00_conversion_livox	    329	04.908119	(00.014918 +- 00.001019)	[00.010098,00.032580]
01_filter          	    328	00.126222	(00.000385 +- 00.000075)	[00.000207,00.003050]
02_preint          	    326	00.019359	(00.000059 +- 00.000007)	[00.000034,00.000104]
03_undistortion    	    326	00.355995	(00.001092 +- 00.000282)	[00.000385,00.003113]
04_sampling        	    326	00.251964	(00.000773 +- 00.000099)	[00.000287,00.007567]
05_registration    	    326	00.513802	(00.001576 +- 00.000398)	[00.000388,00.006570]
06_map             	    326	00.396354	(00.001216 +- 00.000180)	[00.000436,00.004319]
07_imu_opt         	    326	00.591125	(00.001813 +- 00.000471)	[00.000001,00.006245]
08_publish         	    326	04.990609	(00.015309 +- 00.002975)	[00.004197,00.035620]
step               	    328	07.285857	(00.022213 +- 00.003691)	[00.000316,00.051684]

INFO  Timings:
SM Timing
-----------
00_conversion_livox	    330	04.920819	(00.014912 +- 00.001019)	[00.010098,00.032580]
01_filter          	    329	00.126514	(00.000385 +- 00.000075)	[00.000207,00.003050]
02_preint          	    327	00.019418	(00.000059 +- 00.000007)	[00.000034,00.000104]
03_undistortion    	    327	00.356592	(00.001090 +- 00.000283)	[00.000385,00.003113]
04_sampling        	    327	00.252376	(00.000772 +- 00.000098)	[00.000287,00.007567]
05_registration    	    327	00.514247	(00.001573 +- 00.000403)	[00.000388,00.006570]
06_map             	    327	00.396910	(00.001214 +- 00.000180)	[00.000436,00.004319]
07_imu_opt         	    327	00.592715	(00.001813 +- 00.000470)	[00.000001,00.006245]
08_publish         	    327	04.996496	(00.015280 +- 00.002981)	[00.004197,00.035620]
step               	    329	07.295746	(00.022176 +- 00.003723)	[00.000316,00.051684]

INFO  Timings:
SM Timing
-----------
00_conversion_livox	    331	04.933822	(00.014906 +- 00.001019)	[00.010098,00.032580]
01_filter          	    330	00.126782	(00.000384 +- 00.000075)	[00.000207,00.003050]
02_preint          	    328	00.019479	(00.000059 +- 00.000007)	[00.000034,00.000104]
03_undistortion    	    328	00.357119	(00.001089 +- 00.000287)	[00.000385,00.003113]
04_sampling        	    328	00.252792	(00.000771 +- 00.000098)	[00.000287,00.007567]
05_registration    	    328	00.514957	(00.001570 +- 00.000403)	[00.000388,00.006570]
06_map             	    328	00.397432	(00.001212 +- 00.000182)	[00.000436,00.004319]
07_imu_opt         	    328	00.594328	(00.001812 +- 00.000471)	[00.000001,00.006245]
08_publish         	    328	05.002325	(00.015251 +- 00.002987)	[00.004197,00.035620]
step               	    330	07.305774	(00.022139 +- 00.003750)	[00.000316,00.051684]

INFO  Timings:
SM Timing
-----------
00_conversion_livox	    332	04.947340	(00.014902 +- 00.001017)	[00.010098,00.032580]
01_filter          	    331	00.127038	(00.000384 +- 00.000075)	[00.000207,00.003050]
02_preint          	    329	00.019544	(00.000059 +- 00.000007)	[00.000034,00.000104]
03_undistortion    	    329	00.357504	(00.001087 +- 00.000292)	[00.000385,00.003113]
04_sampling        	    329	00.253190	(00.000770 +- 00.000097)	[00.000287,00.007567]
05_registration    	    329	00.515799	(00.001568 +- 00.000403)	[00.000388,00.006570]
06_map             	    329	00.397963	(00.001210 +- 00.000183)	[00.000436,00.004319]
07_imu_opt         	    329	00.598962	(00.001821 +- 00.000615)	[00.000001,00.006245]
08_publish         	    329	05.007708	(00.015221 +- 00.003007)	[00.004197,00.035620]
step               	    331	07.318354	(00.022110 +- 00.003733)	[00.000316,00.051684]

INFO  Timings:
SM Timing
-----------
00_conversion_livox	    333	04.959866	(00.014894 +- 00.001002)	[00.010098,00.032580]
01_filter          	    332	00.127315	(00.000383 +- 00.000074)	[00.000207,00.003050]
02_preint          	    330	00.019609	(00.000059 +- 00.000007)	[00.000034,00.000104]
03_undistortion    	    330	00.358090	(00.001085 +- 00.000287)	[00.000385,00.003113]
04_sampling        	    330	00.253554	(00.000768 +- 00.000095)	[00.000287,00.007567]
05_registration    	    330	00.516405	(00.001565 +- 00.000378)	[00.000388,00.006570]
06_map             	    330	00.398471	(00.001207 +- 00.000184)	[00.000436,00.004319]
07_imu_opt         	    330	00.600893	(00.001821 +- 00.000612)	[00.000001,00.006245]
08_publish         	    330	05.012805	(00.015190 +- 00.003031)	[00.004197,00.035620]
step               	    332	07.327839	(00.022072 +- 00.003742)	[00.000316,00.051684]

INFO  Timings:
SM Timing
-----------
00_conversion_livox	    334	04.973469	(00.014891 +- 00.001004)	[00.010098,00.032580]
01_filter          	    333	00.127601	(00.000383 +- 00.000073)	[00.000207,00.003050]
02_preint          	    331	00.019666	(00.000059 +- 00.000007)	[00.000034,00.000104]
03_undistortion    	    331	00.358588	(00.001083 +- 00.000287)	[00.000385,00.003113]
04_sampling        	    331	00.253912	(00.000767 +- 00.000096)	[00.000287,00.007567]
05_registration    	    331	00.517211	(00.001563 +- 00.000378)	[00.000388,00.006570]
06_map             	    331	00.398936	(00.001205 +- 00.000188)	[00.000436,00.004319]
07_imu_opt         	    331	00.605479	(00.001829 +- 00.000722)	[00.000001,00.006245]
08_publish         	    331	05.017601	(00.015159 +- 00.003036)	[00.004197,00.035620]
step               	    333	07.339794	(00.022041 +- 00.003693)	[00.000316,00.051684]

INFO  Timings:
SM Timing
-----------
00_conversion_livox	    335	04.985493	(00.014882 +- 00.001013)	[00.010098,00.032580]
01_filter          	    334	00.127862	(00.000383 +- 00.000073)	[00.000207,00.003050]
02_preint          	    332	00.019728	(00.000059 +- 00.000006)	[00.000034,00.000104]
03_undistortion    	    332	00.359138	(00.001082 +- 00.000289)	[00.000385,00.003113]
04_sampling        	    332	00.254285	(00.000766 +- 00.000097)	[00.000287,00.007567]
05_registration    	    332	00.518778	(00.001563 +- 00.000388)	[00.000388,00.006570]
06_map             	    332	00.399479	(00.001203 +- 00.000191)	[00.000436,00.004319]
07_imu_opt         	    332	00.607595	(00.001830 +- 00.000721)	[00.000001,00.006245]
08_publish         	    332	05.022242	(00.015127 +- 00.003055)	[00.004197,00.035620]
step               	    334	07.349994	(00.022006 +- 00.003699)	[00.000316,00.051684]

INFO  Timings:
SM Timing
-----------
00_conversion_livox	    336	04.997973	(00.014875 +- 00.001012)	[00.010098,00.032580]
01_filter          	    335	00.128096	(00.000382 +- 00.000072)	[00.000207,00.003050]
02_preint          	    333	00.019778	(00.000059 +- 00.000006)	[00.000034,00.000104]
03_undistortion    	    333	00.359604	(00.001080 +- 00.000291)	[00.000385,00.003113]
04_sampling        	    333	00.254687	(00.000765 +- 00.000096)	[00.000287,00.007567]
05_registration    	    333	00.519422	(00.001560 +- 00.000388)	[00.000388,00.006570]
06_map             	    333	00.399957	(00.001201 +- 00.000192)	[00.000436,00.004319]
07_imu_opt         	    333	00.612887	(00.001841 +- 00.000825)	[00.000001,00.006245]
08_publish         	    333	05.027017	(00.015096 +- 00.003067)	[00.004197,00.035620]
step               	    335	07.362409	(00.021977 +- 00.003599)	[00.000316,00.051684]

INFO  Timings:
SM Timing
-----------
00_conversion_livox	    337	05.010823	(00.014869 +- 00.001009)	[00.010098,00.032580]
01_filter          	    336	00.128353	(00.000382 +- 00.000072)	[00.000207,00.003050]
02_preint          	    334	00.019837	(00.000059 +- 00.000006)	[00.000034,00.000104]
03_undistortion    	    334	00.360129	(00.001078 +- 00.000265)	[00.000385,00.003113]
04_sampling        	    334	00.254985	(00.000763 +- 00.000099)	[00.000287,00.007567]
05_registration    	    334	00.520327	(00.001558 +- 00.000384)	[00.000388,00.006570]
06_map             	    334	00.400376	(00.001199 +- 00.000195)	[00.000419,00.004319]
07_imu_opt         	    334	00.615103	(00.001842 +- 00.000823)	[00.000001,00.006245]
08_publish         	    334	05.031263	(00.015064 +- 00.003085)	[00.004197,00.035620]
step               	    336	07.371424	(00.021939 +- 00.003600)	[00.000316,00.051684]

INFO  Timings:
SM Timing
-----------
00_conversion_livox	    338	05.023009	(00.014861 +- 00.001016)	[00.010098,00.032580]
01_filter          	    337	00.128605	(00.000382 +- 00.000072)	[00.000207,00.003050]
02_preint          	    335	00.019891	(00.000059 +- 00.000006)	[00.000034,00.000104]
03_undistortion    	    335	00.360537	(00.001076 +- 00.000267)	[00.000385,00.003113]
04_sampling        	    335	00.255289	(00.000762 +- 00.000100)	[00.000287,00.007567]
05_registration    	    335	00.520941	(00.001555 +- 00.000385)	[00.000388,00.006570]
06_map             	    335	00.400950	(00.001197 +- 00.000193)	[00.000419,00.004319]
07_imu_opt         	    335	00.616813	(00.001841 +- 00.000823)	[00.000001,00.006245]
08_publish         	    335	05.035337	(00.015031 +- 00.003032)	[00.004074,00.035620]
step               	    337	07.379466	(00.021898 +- 00.003579)	[00.000316,00.051684]

INFO  Timings:
SM Timing
-----------
00_conversion_livox	    339	05.034826	(00.014852 +- 00.001024)	[00.010098,00.032580]
01_filter          	    338	00.128818	(00.000381 +- 00.000073)	[00.000207,00.003050]
02_preint          	    336	00.019945	(00.000059 +- 00.000006)	[00.000034,00.000104]
03_undistortion    	    336	00.361007	(00.001074 +- 00.000269)	[00.000385,00.003113]
04_sampling        	    336	00.255584	(00.000761 +- 00.000103)	[00.000287,00.007567]
05_registration    	    336	00.521732	(00.001553 +- 00.000385)	[00.000388,00.006570]
06_map             	    336	00.401498	(00.001195 +- 00.000189)	[00.000419,00.004319]
07_imu_opt         	    336	00.618314	(00.001840 +- 00.000826)	[00.000001,00.006245]
08_publish         	    336	05.039190	(00.014998 +- 00.002998)	[00.003853,00.035620]
step               	    338	07.387259	(00.021856 +- 00.003570)	[00.000316,00.051684]

INFO  Timings:
SM Timing
-----------
00_conversion_livox	    340	05.046635	(00.014843 +- 00.001029)	[00.010098,00.032580]
01_filter          	    339	00.129011	(00.000381 +- 00.000074)	[00.000194,00.003050]
02_preint          	    337	00.020003	(00.000059 +- 00.000006)	[00.000034,00.000104]
03_undistortion    	    337	00.361479	(00.001073 +- 00.000263)	[00.000385,00.003113]
04_sampling        	    337	00.255862	(00.000759 +- 00.000103)	[00.000278,00.007567]
05_registration    	    337	00.522158	(00.001549 +- 00.000381)	[00.000388,00.006570]
06_map             	    337	00.402005	(00.001193 +- 00.000190)	[00.000419,00.004319]
07_imu_opt         	    337	00.619861	(00.001839 +- 00.000826)	[00.000001,00.006245]
08_publish         	    337	05.042950	(00.014964 +- 00.002959)	[00.003760,00.035620]
step               	    339	07.394576	(00.021813 +- 00.003547)	[00.000316,00.051684]

INFO  Timings:
SM Timing
-----------
00_conversion_livox	    341	05.058350	(00.014834 +- 00.001043)	[00.010098,00.032580]
01_filter          	    340	00.129229	(00.000380 +- 00.000074)	[00.000194,00.003050]
02_preint          	    338	00.020059	(00.000059 +- 00.000006)	[00.000034,00.000104]
03_undistortion    	    338	00.361926	(00.001071 +- 00.000263)	[00.000385,00.003113]
04_sampling        	    338	00.256247	(00.000758 +- 00.000099)	[00.000278,00.007567]
05_registration    	    338	00.523121	(00.001548 +- 00.000381)	[00.000388,00.006570]
06_map             	    338	00.402486	(00.001191 +- 00.000189)	[00.000419,00.004319]
07_imu_opt         	    338	00.621390	(00.001838 +- 00.000828)	[00.000001,00.006245]
08_publish         	    338	05.046590	(00.014931 +- 00.002913)	[00.003640,00.035620]
step               	    340	07.402363	(00.021772 +- 00.003511)	[00.000316,00.051684]

INFO  Timings:
SM Timing
-----------
00_conversion_livox	    342	05.070361	(00.014826 +- 00.001049)	[00.010098,00.032580]
01_filter          	    341	00.129455	(00.000380 +- 00.000075)	[00.000194,00.003050]
02_preint          	    339	00.020123	(00.000059 +- 00.000006)	[00.000034,00.000104]
03_undistortion    	    339	00.362471	(00.001069 +- 00.000262)	[00.000385,00.003113]
04_sampling        	    339	00.256595	(00.000757 +- 00.000095)	[00.000278,00.007567]
05_registration    	    339	00.524054	(00.001546 +- 00.000377)	[00.000388,00.006570]
06_map             	    339	00.402988	(00.001189 +- 00.000189)	[00.000419,00.004319]
07_imu_opt         	    339	00.625673	(00.001846 +- 00.000888)	[00.000001,00.006245]
08_publish         	    339	05.050621	(00.014899 +- 00.002865)	[00.003640,00.035620]
step               	    341	07.413396	(00.021740 +- 00.003416)	[00.000316,00.051684]

INFO  Timings:
SM Timing
-----------
00_conversion_livox	    343	05.082505	(00.014818 +- 00.001054)	[00.010098,00.032580]
01_filter          	    342	00.129662	(00.000379 +- 00.000074)	[00.000194,00.003050]
02_preint          	    340	00.020175	(00.000059 +- 00.000006)	[00.000034,00.000104]
03_undistortion    	    340	00.363058	(00.001068 +- 00.000173)	[00.000385,00.003113]
04_sampling        	    340	00.256902	(00.000756 +- 00.000095)	[00.000278,00.007567]
05_registration    	    340	00.525257	(00.001545 +- 00.000380)	[00.000388,00.006570]
06_map             	    340	00.403481	(00.001187 +- 00.000186)	[00.000419,00.004319]
07_imu_opt         	    340	00.627355	(00.001845 +- 00.000888)	[00.000001,00.006245]
08_publish         	    340	05.054900	(00.014867 +- 00.002724)	[00.003640,00.035620]
step               	    342	07.422266	(00.021703 +- 00.003218)	[00.000316,00.051684]

INFO  Timings:
SM Timing
-----------
00_conversion_livox	    344	05.098231	(00.014820 +- 00.001121)	[00.010098,00.032580]
01_filter          	    343	00.129886	(00.000379 +- 00.000074)	[00.000194,00.003050]
02_preint          	    341	00.020236	(00.000059 +- 00.000006)	[00.000034,00.000104]
03_undistortion    	    341	00.363512	(00.001066 +- 00.000171)	[00.000385,00.003113]
04_sampling        	    341	00.257264	(00.000754 +- 00.000094)	[00.000278,00.007567]
05_registration    	    341	00.526214	(00.001543 +- 00.000377)	[00.000388,00.006570]
06_map             	    341	00.404205	(00.001185 +- 00.000185)	[00.000419,00.004319]
07_imu_opt         	    341	00.629575	(00.001846 +- 00.000888)	[00.000001,00.006245]
08_publish         	    341	05.060076	(00.014839 +- 00.002613)	[00.003640,00.035620]
step               	    343	07.432530	(00.021669 +- 00.003120)	[00.000316,00.051684]

INFO  Timings:
SM Timing
-----------
00_conversion_livox	    345	05.112599	(00.014819 +- 00.001138)	[00.010098,00.032580]
01_filter          	    344	00.130142	(00.000378 +- 00.000075)	[00.000194,00.003050]
02_preint          	    342	00.020287	(00.000059 +- 00.000006)	[00.000034,00.000104]
03_undistortion    	    342	00.363977	(00.001064 +- 00.000165)	[00.000385,00.003113]
04_sampling        	    342	00.257702	(00.000754 +- 00.000091)	[00.000278,00.007567]
05_registration    	    342	00.527584	(00.001543 +- 00.000367)	[00.000388,00.006570]
06_map             	    342	00.404721	(00.001183 +- 00.000179)	[00.000419,00.004319]
07_imu_opt         	    342	00.631767	(00.001847 +- 00.000852)	[00.000001,00.006245]
08_publish         	    342	05.065075	(00.014810 +- 00.002513)	[00.003640,00.035620]
step               	    344	07.442885	(00.021636 +- 00.002860)	[00.000316,00.051684]

INFO  Timings:
SM Timing
-----------
00_conversion_livox	    346	05.124400	(00.014810 +- 00.001150)	[00.010098,00.032580]
01_filter          	    345	00.130392	(00.000378 +- 00.000074)	[00.000194,00.003050]
02_preint          	    343	00.020333	(00.000059 +- 00.000006)	[00.000034,00.000104]
03_undistortion    	    343	00.364484	(00.001063 +- 00.000161)	[00.000385,00.003113]
04_sampling        	    343	00.258064	(00.000752 +- 00.000086)	[00.000278,00.007567]
05_registration    	    343	00.527964	(00.001539 +- 00.000372)	[00.000380,00.006570]
06_map             	    343	00.405253	(00.001181 +- 00.000177)	[00.000419,00.004319]
07_imu_opt         	    343	00.633360	(00.001847 +- 00.000853)	[00.000001,00.006245]
08_publish         	    343	05.070811	(00.014784 +- 00.002391)	[00.003640,00.035620]
step               	    345	07.452379	(00.021601 +- 00.002750)	[00.000316,00.051684]

INFO  Timings:
SM Timing
-----------
00_conversion_livox	    347	05.136250	(00.014802 +- 00.001160)	[00.010098,00.032580]
01_filter          	    346	00.130667	(00.000378 +- 00.000074)	[00.000194,00.003050]
02_preint          	    344	00.020381	(00.000059 +- 00.000006)	[00.000034,00.000104]
03_undistortion    	    344	00.365076	(00.001061 +- 00.000160)	[00.000385,00.003113]
04_sampling        	    344	00.258607	(00.000752 +- 00.000086)	[00.000278,00.007567]
05_registration    	    344	00.529024	(00.001538 +- 00.000369)	[00.000380,00.006570]
06_map             	    344	00.405921	(00.001180 +- 00.000176)	[00.000419,00.004319]
07_imu_opt         	    344	00.634758	(00.001845 +- 00.000856)	[00.000001,00.006245]
08_publish         	    344	05.077337	(00.014760 +- 00.002270)	[00.003640,00.035620]
step               	    346	07.463587	(00.021571 +- 00.002657)	[00.000316,00.051684]

INFO  Timings:
SM Timing
-----------
00_conversion_livox	    348	05.147973	(00.014793 +- 00.001172)	[00.010098,00.032580]
01_filter          	    347	00.130980	(00.000377 +- 00.000033)	[00.000194,00.003050]
02_preint          	    345	00.020435	(00.000059 +- 00.000006)	[00.000034,00.000104]
03_undistortion    	    345	00.365860	(00.001060 +- 00.000153)	[00.000385,00.003113]
04_sampling        	    345	00.259053	(00.000751 +- 00.000083)	[00.000278,00.007567]
05_registration    	    345	00.529671	(00.001535 +- 00.000342)	[00.000380,00.006570]
06_map             	    345	00.406613	(00.001179 +- 00.000163)	[00.000419,00.004319]
07_imu_opt         	    345	00.636149	(00.001844 +- 00.000860)	[00.000001,00.006245]
08_publish         	    345	05.084996	(00.014739 +- 00.002165)	[00.003640,00.035620]
step               	    347	07.475632	(00.021544 +- 00.002458)	[00.000316,00.051684]

INFO  Timings:
SM Timing
-----------
00_conversion_livox	    349	05.160397	(00.014786 +- 00.001172)	[00.010098,00.032580]
01_filter          	    348	00.131265	(00.000377 +- 00.000033)	[00.000194,00.003050]
02_preint          	    346	00.020485	(00.000059 +- 00.000006)	[00.000034,00.000104]
03_undistortion    	    346	00.366668	(00.001060 +- 00.000150)	[00.000385,00.003113]
04_sampling        	    346	00.259510	(00.000750 +- 00.000082)	[00.000278,00.007567]
05_registration    	    346	00.531420	(00.001536 +- 00.000365)	[00.000380,00.006570]
06_map             	    346	00.407274	(00.001177 +- 00.000154)	[00.000419,00.004319]
07_imu_opt         	    346	00.637651	(00.001843 +- 00.000862)	[00.000001,00.006245]
08_publish         	    346	05.094079	(00.014723 +- 00.002073)	[00.003640,00.035620]
step               	    348	07.490297	(00.021524 +- 00.002356)	[00.000316,00.051684]

INFO  Timings:
SM Timing
-----------
00_conversion_livox	    350	05.172738	(00.014779 +- 00.001169)	[00.010098,00.032580]
01_filter          	    349	00.131572	(00.000377 +- 00.000032)	[00.000194,00.003050]
02_preint          	    347	00.020533	(00.000059 +- 00.000007)	[00.000034,00.000104]
03_undistortion    	    347	00.367674	(00.001060 +- 00.000151)	[00.000385,00.003113]
04_sampling        	    347	00.259979	(00.000749 +- 00.000078)	[00.000278,00.007567]
05_registration    	    347	00.532078	(00.001533 +- 00.000364)	[00.000380,00.006570]
06_map             	    347	00.408215	(00.001176 +- 00.000150)	[00.000419,00.004319]
07_imu_opt         	    347	00.639557	(00.001843 +- 00.000861)	[00.000001,00.006245]
08_publish         	    347	05.102864	(00.014706 +- 00.001944)	[00.003640,00.035620]
step               	    349	07.504538	(00.021503 +- 00.002237)	[00.000316,00.051684]

INFO  Timings:
SM Timing
-----------
00_conversion_livox	    351	05.184810	(00.014772 +- 00.001173)	[00.010098,00.032580]
01_filter          	    350	00.131830	(00.000377 +- 00.000031)	[00.000194,00.003050]
02_preint          	    348	00.020578	(00.000059 +- 00.000007)	[00.000034,00.000104]
03_undistortion    	    348	00.368415	(00.001059 +- 00.000147)	[00.000385,00.003113]
04_sampling        	    348	00.260504	(00.000749 +- 00.000077)	[00.000278,00.007567]
05_registration    	    348	00.533705	(00.001534 +- 00.000362)	[00.000380,00.006570]
06_map             	    348	00.409091	(00.001176 +- 00.000147)	[00.000419,00.004319]
07_imu_opt         	    348	00.641216	(00.001843 +- 00.000860)	[00.000001,00.006245]
08_publish         	    348	05.111290	(00.014688 +- 00.001841)	[00.003640,00.035620]
step               	    350	07.518773	(00.021482 +- 00.002108)	[00.000316,00.051684]

INFO  Timings:
SM Timing
-----------
00_conversion_livox	    352	05.197577	(00.014766 +- 00.001172)	[00.010098,00.032580]
01_filter          	    351	00.132127	(00.000376 +- 00.000031)	[00.000194,00.003050]
02_preint          	    349	00.020634	(00.000059 +- 00.000007)	[00.000034,00.000104]
03_undistortion    	    349	00.369128	(00.001058 +- 00.000142)	[00.000385,00.003113]
04_sampling        	    349	00.260965	(00.000748 +- 00.000076)	[00.000278,00.007567]
05_registration    	    349	00.534320	(00.001531 +- 00.000362)	[00.000380,00.006570]
06_map             	    349	00.409740	(00.001174 +- 00.000140)	[00.000419,00.004319]
07_imu_opt         	    349	00.643288	(00.001843 +- 00.000857)	[00.000001,00.006245]
08_publish         	    349	05.119668	(00.014670 +- 00.001754)	[00.003640,00.035620]
step               	    351	07.532114	(00.021459 +- 00.002014)	[00.000316,00.051684]

INFO  Timings:
SM Timing
-----------
00_conversion_livox	    353	05.210507	(00.014761 +- 00.001168)	[00.010098,00.032580]
01_filter          	    352	00.132429	(00.000376 +- 00.000032)	[00.000194,00.003050]
02_preint          	    350	00.020697	(00.000059 +- 00.000007)	[00.000034,00.000104]
03_undistortion    	    350	00.369754	(00.001056 +- 00.000139)	[00.000385,00.003113]
04_sampling        	    350	00.261359	(00.000747 +- 00.000072)	[00.000278,00.007567]
05_registration    	    350	00.534951	(00.001528 +- 00.000362)	[00.000380,00.006570]
06_map             	    350	00.410347	(00.001172 +- 00.000136)	[00.000419,00.004319]
07_imu_opt         	    350	00.644974	(00.001843 +- 00.000856)	[00.000001,00.006245]
08_publish         	    350	05.125960	(00.014646 +- 00.001658)	[00.003640,00.035620]
step               	    352	07.542791	(00.021428 +- 00.001931)	[00.000316,00.051684]

INFO  Timings:
SM Timing
-----------
00_conversion_livox	    354	05.223267	(00.014755 +- 00.001160)	[00.010098,00.032580]
01_filter          	    353	00.132678	(00.000376 +- 00.000031)	[00.000194,00.003050]
02_preint          	    351	00.020756	(00.000059 +- 00.000007)	[00.000034,00.000104]
03_undistortion    	    351	00.370147	(00.001055 +- 00.000141)	[00.000385,00.003113]
04_sampling        	    351	00.261684	(00.000746 +- 00.000073)	[00.000278,00.007567]
05_registration    	    351	00.536450	(00.001528 +- 00.000373)	[00.000380,00.006570]
06_map             	    351	00.410826	(00.001170 +- 00.000127)	[00.000419,00.004319]
07_imu_opt         	    351	00.648708	(00.001848 +- 00.000889)	[00.000001,00.006245]
08_publish         	    351	05.130817	(00.014618 +- 00.001587)	[00.003640,00.035620]
step               	    353	07.554458	(00.021401 +- 00.001855)	[00.000316,00.051684]

INFO  Timings:
SM Timing
-----------
00_conversion_livox	    355	05.236639	(00.014751 +- 00.001151)	[00.010098,00.032580]
01_filter          	    354	00.132921	(00.000375 +- 00.000032)	[00.000194,00.003050]
02_preint          	    352	00.020815	(00.000059 +- 00.000007)	[00.000034,00.000104]
03_undistortion    	    352	00.370520	(00.001053 +- 00.000144)	[00.000373,00.003113]
04_sampling        	    352	00.262003	(00.000744 +- 00.000074)	[00.000278,00.007567]
05_registration    	    352	00.537257	(00.001526 +- 00.000373)	[00.000380,00.006570]
06_map             	    352	00.411274	(00.001168 +- 00.000125)	[00.000419,00.004319]
07_imu_opt         	    352	00.650566	(00.001848 +- 00.000874)	[00.000001,00.006245]
08_publish         	    352	05.135371	(00.014589 +- 00.001540)	[00.003640,00.035620]
step               	    354	07.563173	(00.021365 +- 00.001756)	[00.000316,00.051684]

INFO  Timings:
SM Timing
-----------
00_conversion_livox	    356	05.251634	(00.014752 +- 00.001171)	[00.010098,00.032580]
01_filter          	    355	00.133157	(00.000375 +- 00.000032)	[00.000194,00.003050]
02_preint          	    353	00.020878	(00.000059 +- 00.000007)	[00.000034,00.000104]
03_undistortion    	    353	00.370875	(00.001051 +- 00.000148)	[00.000355,00.003113]
04_sampling        	    353	00.262273	(00.000743 +- 00.000075)	[00.000270,00.007567]
05_registration    	    353	00.538726	(00.001526 +- 00.000380)	[00.000380,00.006570]
06_map             	    353	00.411593	(00.001166 +- 00.000129)	[00.000318,00.004319]
07_imu_opt         	    353	00.656262	(00.001859 +- 00.001012)	[00.000001,00.006245]
08_publish         	    353	05.139259	(00.014559 +- 00.001493)	[00.003640,00.035620]
step               	    355	07.575535	(00.021340 +- 00.001712)	[00.000316,00.051684]

INFO  Timings:
SM Timing
-----------
00_conversion_livox	    357	05.266307	(00.014752 +- 00.001194)	[00.010098,00.032580]
01_filter          	    356	00.133373	(00.000375 +- 00.000032)	[00.000194,00.003050]
02_preint          	    354	00.020944	(00.000059 +- 00.000007)	[00.000034,00.000104]
03_undistortion    	    354	00.371118	(00.001048 +- 00.000155)	[00.000243,00.003113]
04_sampling        	    354	00.262572	(00.000742 +- 00.000076)	[00.000270,00.007567]
05_registration    	    354	00.540155	(00.001526 +- 00.000386)	[00.000380,00.006570]
06_map             	    354	00.412033	(00.001164 +- 00.000123)	[00.000318,00.004319]
07_imu_opt         	    354	00.658000	(00.001859 +- 00.001012)	[00.000001,00.006245]
08_publish         	    354	05.142350	(00.014526 +- 00.001468)	[00.003092,00.035620]
step               	    356	07.583155	(00.021301 +- 00.001709)	[00.000316,00.051684]

INFO  Timings:
SM Timing
-----------
00_conversion_livox	    358	05.279966	(00.014749 +- 00.001194)	[00.010098,00.032580]
01_filter          	    357	00.133554	(00.000374 +- 00.000034)	[00.000180,00.003050]
02_preint          	    355	00.021005	(00.000059 +- 00.000007)	[00.000034,00.000104]
03_undistortion    	    355	00.371347	(00.001046 +- 00.000162)	[00.000229,00.003113]
04_sampling        	    355	00.262724	(00.000740 +- 00.000083)	[00.000152,00.007567]
05_registration    	    355	00.540865	(00.001524 +- 00.000383)	[00.000380,00.006570]
06_map             	    355	00.412405	(00.001162 +- 00.000124)	[00.000318,00.004319]
07_imu_opt         	    355	00.659694	(00.001858 +- 00.001011)	[00.000001,00.006245]
08_publish         	    355	05.144765	(00.014492 +- 00.001484)	[00.002415,00.035620]
step               	    357	07.589060	(00.021258 +- 00.001811)	[00.000316,00.051684]

INFO  Timings:
SM Timing
-----------
00_conversion_livox	    359	05.292778	(00.014743 +- 00.001184)	[00.010098,00.032580]
01_filter          	    358	00.133726	(00.000374 +- 00.000036)	[00.000172,00.003050]
02_preint          	    356	00.021064	(00.000059 +- 00.000007)	[00.000034,00.000104]
03_undistortion    	    356	00.371561	(00.001044 +- 00.000156)	[00.000214,00.003113]
04_sampling        	    356	00.262862	(00.000738 +- 00.000087)	[00.000138,00.007567]
05_registration    	    356	00.541859	(00.001522 +- 00.000383)	[00.000380,00.006570]
06_map             	    356	00.412819	(00.001160 +- 00.000123)	[00.000318,00.004319]
07_imu_opt         	    356	00.661209	(00.001857 +- 00.001013)	[00.000001,00.006245]
08_publish         	    356	05.146768	(00.014457 +- 00.001542)	[00.002003,00.035620]
step               	    358	07.594629	(00.021214 +- 00.001913)	[00.000316,00.051684]

INFO  Timings:
SM Timing
-----------
00_conversion_livox	    360	05.305636	(00.014738 +- 00.001165)	[00.010098,00.032580]
01_filter          	    359	00.133916	(00.000373 +- 00.000037)	[00.000172,00.003050]
02_preint          	    357	00.021123	(00.000059 +- 00.000007)	[00.000034,00.000104]
03_undistortion    	    357	00.371791	(00.001041 +- 00.000163)	[00.000214,00.003113]
04_sampling        	    357	00.263000	(00.000737 +- 00.000093)	[00.000138,00.007567]
05_registration    	    357	00.542898	(00.001521 +- 00.000375)	[00.000380,00.006570]
06_map             	    357	00.413049	(00.001157 +- 00.000132)	[00.000230,00.004319]
07_imu_opt         	    357	00.662702	(00.001856 +- 00.001016)	[00.000001,00.006245]
08_publish         	    357	05.148640	(00.014422 +- 00.001619)	[00.001872,00.035620]
step               	    359	07.599942	(00.021170 +- 00.002031)	[00.000316,00.051684]

INFO  Timings:
SM Timing
-----------
00_conversion_livox	    361	05.319657	(00.014736 +- 00.001142)	[00.010098,00.032580]
01_filter          	    360	00.134089	(00.000372 +- 00.000039)	[00.000172,00.003050]
02_preint          	    358	00.021179	(00.000059 +- 00.000007)	[00.000034,00.000104]
03_undistortion    	    358	00.372037	(00.001039 +- 00.000166)	[00.000214,00.003113]
04_sampling        	    358	00.263163	(00.000735 +- 00.000098)	[00.000138,00.007567]
05_registration    	    358	00.543972	(00.001519 +- 00.000376)	[00.000380,00.006570]
06_map             	    358	00.413277	(00.001154 +- 00.000140)	[00.000228,00.004319]
07_imu_opt         	    358	00.667480	(00.001864 +- 00.001081)	[00.000001,00.006245]
08_publish         	    358	05.150571	(00.014387 +- 00.001692)	[00.001872,00.035620]
step               	    360	07.608669	(00.021135 +- 00.002043)	[00.000316,00.051684]

INFO  Timings:
SM Timing
-----------
00_conversion_livox	    362	05.333503	(00.014733 +- 00.001135)	[00.010098,00.032580]
01_filter          	    361	00.134272	(00.000372 +- 00.000040)	[00.000172,00.003050]
02_preint          	    359	00.021235	(00.000059 +- 00.000007)	[00.000034,00.000104]
03_undistortion    	    359	00.372240	(00.001037 +- 00.000172)	[00.000203,00.003113]
04_sampling        	    359	00.263308	(00.000733 +- 00.000104)	[00.000138,00.007567]
05_registration    	    359	00.544806	(00.001518 +- 00.000376)	[00.000380,00.006570]
06_map             	    359	00.413485	(00.001152 +- 00.000144)	[00.000208,00.004319]
07_imu_opt         	    359	00.669078	(00.001864 +- 00.001079)	[00.000001,00.006245]
08_publish         	    359	05.152162	(00.014351 +- 00.001768)	[00.001591,00.035620]
step               	    361	07.613548	(00.021090 +- 00.002181)	[00.000316,00.051684]

INFO  Timings:
SM Timing
-----------
00_conversion_livox	    363	05.346827	(00.014730 +- 00.001128)	[00.010098,00.032580]
01_filter          	    362	00.134449	(00.000371 +- 00.000041)	[00.000172,00.003050]
02_preint          	    360	00.021295	(00.000059 +- 00.000007)	[00.000034,00.000104]
03_undistortion    	    360	00.372704	(00.001035 +- 00.000168)	[00.000203,00.003113]
04_sampling        	    360	00.263473	(00.000732 +- 00.000107)	[00.000138,00.007567]
05_registration    	    360	00.545482	(00.001515 +- 00.000373)	[00.000380,00.006570]
06_map             	    360	00.413736	(00.001149 +- 00.000150)	[00.000208,00.004319]
07_imu_opt         	    360	00.670725	(00.001863 +- 00.001078)	[00.000001,00.006245]
08_publish         	    360	05.153682	(00.014316 +- 00.001840)	[00.001520,00.035620]
step               	    362	07.618626	(00.021046 +- 00.002297)	[00.000316,00.051684]

INFO  Timings:
SM Timing
-----------
00_conversion_livox	    364	05.360015	(00.014725 +- 00.001123)	[00.010098,00.032580]
01_filter          	    363	00.134627	(00.000371 +- 00.000041)	[00.000172,00.003050]
02_preint          	    361	00.021351	(00.000059 +- 00.000007)	[00.000034,00.000104]
03_undistortion    	    361	00.372890	(00.001033 +- 00.000172)	[00.000185,00.003113]
04_sampling        	    361	00.263601	(00.000730 +- 00.000112)	[00.000128,00.007567]
05_registration    	    361	00.546197	(00.001513 +- 00.000368)	[00.000380,00.006570]
06_map             	    361	00.413959	(00.001147 +- 00.000155)	[00.000208,00.004319]
07_imu_opt         	    361	00.672357	(00.001862 +- 00.001079)	[00.000001,00.006245]
08_publish         	    361	05.155003	(00.014280 +- 00.001917)	[00.001321,00.035620]
step               	    363	07.623134	(00.021000 +- 00.002429)	[00.000316,00.051684]

INFO  Timings:
SM Timing
-----------
00_conversion_livox	    365	05.372770	(00.014720 +- 00.001118)	[00.010098,00.032580]
01_filter          	    364	00.134789	(00.000370 +- 00.000043)	[00.000161,00.003050]
02_preint          	    362	00.021409	(00.000059 +- 00.000007)	[00.000034,00.000104]
03_undistortion    	    362	00.373085	(00.001031 +- 00.000176)	[00.000185,00.003113]
04_sampling        	    362	00.263768	(00.000729 +- 00.000115)	[00.000128,00.007567]
05_registration    	    362	00.546917	(00.001511 +- 00.000368)	[00.000380,00.006570]
06_map             	    362	00.414196	(00.001144 +- 00.000159)	[00.000208,00.004319]
07_imu_opt         	    362	00.674426	(00.001863 +- 00.001076)	[00.000001,00.006245]
08_publish         	    362	05.156217	(00.014244 +- 00.001987)	[00.001213,00.035620]
step               	    364	07.628020	(00.020956 +- 00.002531)	[00.000316,00.051684]

INFO  Timings:
SM Timing
-----------
00_conversion_livox	    366	05.386292	(00.014717 +- 00.001111)	[00.010098,00.032580]
01_filter          	    365	00.134962	(00.000370 +- 00.000044)	[00.000161,00.003050]
02_preint          	    363	00.021471	(00.000059 +- 00.000007)	[00.000034,00.000104]
03_undistortion    	    363	00.373291	(00.001028 +- 00.000178)	[00.000185,00.003113]
04_sampling        	    363	00.263892	(00.000727 +- 00.000118)	[00.000125,00.007567]
05_registration    	    363	00.548027	(00.001510 +- 00.000365)	[00.000380,00.006570]
06_map             	    363	00.414427	(00.001142 +- 00.000162)	[00.000208,00.004319]
07_imu_opt         	    363	00.679422	(00.001872 +- 00.001146)	[00.000001,00.006245]
08_publish         	    363	05.157513	(00.014208 +- 00.002048)	[00.001213,00.035620]
step               	    365	07.636281	(00.020921 +- 00.002537)	[00.000316,00.051684]

INFO  Timings:
SM Timing
-----------
00_conversion_livox	    367	05.400679	(00.014716 +- 00.001123)	[00.010098,00.032580]
01_filter          	    366	00.135144	(00.000369 +- 00.000045)	[00.000161,00.003050]
02_preint          	    364	00.021528	(00.000059 +- 00.000007)	[00.000034,00.000104]
03_undistortion    	    364	00.373483	(00.001026 +- 00.000183)	[00.000185,00.003113]
04_sampling        	    364	00.264024	(00.000725 +- 00.000122)	[00.000125,00.007567]
05_registration    	    364	00.549004	(00.001508 +- 00.000359)	[00.000380,00.006570]
06_map             	    364	00.414598	(00.001139 +- 00.000168)	[00.000171,00.004319]
07_imu_opt         	    364	00.681410	(00.001872 +- 00.001144)	[00.000001,00.006245]
08_publish         	    364	05.158928	(00.014173 +- 00.002095)	[00.001213,00.035620]
step               	    366	07.641467	(00.020878 +- 00.002607)	[00.000316,00.051684]

INFO  Timings:
SM Timing
-----------
00_conversion_livox	    368	05.414279	(00.014713 +- 00.001120)	[00.010098,00.032580]
01_filter          	    367	00.135329	(00.000369 +- 00.000045)	[00.000161,00.003050]
02_preint          	    365	00.021578	(00.000059 +- 00.000006)	[00.000034,00.000104]
03_undistortion    	    365	00.373728	(00.001024 +- 00.000185)	[00.000185,00.003113]
04_sampling        	    365	00.264145	(00.000724 +- 00.000123)	[00.000121,00.007567]
05_registration    	    365	00.549626	(00.001506 +- 00.000359)	[00.000380,00.006570]
06_map             	    365	00.414817	(00.001136 +- 00.000173)	[00.000171,00.004319]
07_imu_opt         	    365	00.683606	(00.001873 +- 00.001143)	[00.000001,00.006245]
08_publish         	    365	05.160386	(00.014138 +- 00.002137)	[00.001213,00.035620]
step               	    367	07.646634	(00.020836 +- 00.002667)	[00.000316,00.051684]

INFO  Timings:
SM Timing
-----------
00_conversion_livox	    369	05.427325	(00.014708 +- 00.001118)	[00.010098,00.032580]
01_filter          	    368	00.135507	(00.000368 +- 00.000045)	[00.000161,00.003050]
02_preint          	    366	00.021635	(00.000059 +- 00.000006)	[00.000034,00.000104]
03_undistortion    	    366	00.373928	(00.001022 +- 00.000188)	[00.000185,00.003113]
04_sampling        	    366	00.264265	(00.000722 +- 00.000127)	[00.000120,00.007567]
05_registration    	    366	00.550871	(00.001505 +- 00.000360)	[00.000380,00.006570]
06_map             	    366	00.415055	(00.001134 +- 00.000177)	[00.000171,00.004319]
07_imu_opt         	    366	00.685502	(00.001873 +- 00.001142)	[00.000001,00.006245]
08_publish         	    366	05.161800	(00.014103 +- 00.002179)	[00.001213,00.035620]
step               	    368	07.652048	(00.020794 +- 00.002728)	[00.000316,00.051684]

INFO  Timings:
SM Timing
-----------
00_conversion_livox	    370	05.439934	(00.014703 +- 00.001120)	[00.010098,00.032580]
01_filter          	    369	00.135671	(00.000368 +- 00.000046)	[00.000161,00.003050]
02_preint          	    367	00.021693	(00.000059 +- 00.000006)	[00.000034,00.000104]
03_undistortion    	    367	00.374122	(00.001019 +- 00.000192)	[00.000185,00.003113]
04_sampling        	    367	00.264399	(00.000720 +- 00.000129)	[00.000120,00.007567]
05_registration    	    367	00.551806	(00.001504 +- 00.000325)	[00.000380,00.006570]
06_map             	    367	00.415289	(00.001132 +- 00.000180)	[00.000171,00.004319]
07_imu_opt         	    367	00.687505	(00.001873 +- 00.001140)	[00.000001,00.006245]
08_publish         	    367	05.163270	(00.014069 +- 00.002217)	[00.001213,00.035620]
step               	    369	07.657283	(00.020751 +- 00.002780)	[00.000316,00.051684]

INFO  Timings:
SM Timing
-----------
00_conversion_livox	    371	05.453429	(00.014699 +- 00.001060)	[00.010098,00.032580]
01_filter          	    370	00.135843	(00.000367 +- 00.000047)	[00.000161,00.003050]
02_preint          	    368	00.021752	(00.000059 +- 00.000006)	[00.000034,00.000104]
03_undistortion    	    368	00.374311	(00.001017 +- 00.000195)	[00.000185,00.003113]
04_sampling        	    368	00.264515	(00.000719 +- 00.000133)	[00.000115,00.007567]
05_registration    	    368	00.552464	(00.001501 +- 00.000324)	[00.000380,00.006570]
06_map             	    368	00.415514	(00.001129 +- 00.000184)	[00.000171,00.004319]
07_imu_opt         	    368	00.689088	(00.001873 +- 00.001141)	[00.000001,00.006245]
08_publish         	    368	05.164554	(00.014034 +- 00.002256)	[00.001213,00.035620]
step               	    370	07.661634	(00.020707 +- 00.002866)	[00.000316,00.051684]

INFO  Timings:
SM Timing
-----------
00_conversion_livox	    372	05.467683	(00.014698 +- 00.000991)	[00.010098,00.032580]
01_filter          	    371	00.136009	(00.000367 +- 00.000048)	[00.000161,00.003050]
02_preint          	    369	00.021803	(00.000059 +- 00.000006)	[00.000034,00.000104]
03_undistortion    	    369	00.374484	(00.001015 +- 00.000199)	[00.000173,00.003113]
04_sampling        	    369	00.264620	(00.000717 +- 00.000136)	[00.000106,00.007567]
05_registration    	    369	00.553095	(00.001499 +- 00.000324)	[00.000380,00.006570]
06_map             	    369	00.415677	(00.001126 +- 00.000188)	[00.000163,00.004319]
07_imu_opt         	    369	00.690607	(00.001872 +- 00.001144)	[00.000001,00.006245]
08_publish         	    369	05.165676	(00.013999 +- 00.002277)	[00.001122,00.035620]
step               	    371	07.665641	(00.020662 +- 00.002942)	[00.000316,00.051684]

INFO  Timings:
SM Timing
-----------
00_conversion_livox	    373	05.481411	(00.014695 +- 00.000951)	[00.010098,00.032580]
01_filter          	    372	00.136198	(00.000366 +- 00.000048)	[00.000161,00.003050]
02_preint          	    370	00.021865	(00.000059 +- 00.000005)	[00.000034,00.000104]
03_undistortion    	    370	00.374676	(00.001013 +- 00.000200)	[00.000173,00.003113]
04_sampling        	    370	00.264767	(00.000716 +- 00.000133)	[00.000106,00.007567]
05_registration    	    370	00.553898	(00.001497 +- 00.000323)	[00.000380,00.006570]
06_map             	    370	00.415870	(00.001124 +- 00.000191)	[00.000163,00.004319]
07_imu_opt         	    370	00.695563	(00.001880 +- 00.001203)	[00.000001,00.006245]
08_publish         	    370	05.166942	(00.013965 +- 00.002294)	[00.001122,00.035620]
step               	    372	07.673518	(00.020628 +- 00.002930)	[00.000316,00.051684]

INFO  Timings:
SM Timing
-----------
00_conversion_livox	    374	05.494676	(00.014692 +- 00.000917)	[00.010098,00.032580]
01_filter          	    373	00.136376	(00.000366 +- 00.000048)	[00.000161,00.003050]
02_preint          	    371	00.021922	(00.000059 +- 00.000005)	[00.000034,00.000104]
03_undistortion    	    371	00.374885	(00.001010 +- 00.000201)	[00.000173,00.003113]
04_sampling        	    371	00.264929	(00.000714 +- 00.000133)	[00.000106,00.007567]
05_registration    	    371	00.554597	(00.001495 +- 00.000321)	[00.000380,00.006570]
06_map             	    371	00.416089	(00.001122 +- 00.000193)	[00.000163,00.004319]
07_imu_opt         	    371	00.697553	(00.001880 +- 00.001201)	[00.000001,00.006245]
08_publish         	    371	05.168183	(00.013930 +- 00.002313)	[00.001122,00.035620]
step               	    373	07.678333	(00.020585 +- 00.002977)	[00.000316,00.051684]

INFO  Timings:
SM Timing
-----------
00_conversion_livox	    375	05.507476	(00.014687 +- 00.000911)	[00.010098,00.032580]
01_filter          	    374	00.136554	(00.000365 +- 00.000046)	[00.000161,00.003050]
02_preint          	    372	00.021975	(00.000059 +- 00.000005)	[00.000034,00.000104]
03_undistortion    	    372	00.375094	(00.001008 +- 00.000201)	[00.000173,00.003113]
04_sampling        	    372	00.265068	(00.000713 +- 00.000132)	[00.000106,00.007567]
05_registration    	    372	00.555123	(00.001492 +- 00.000323)	[00.000380,00.006570]
06_map             	    372	00.416293	(00.001119 +- 00.000194)	[00.000163,00.004319]
07_imu_opt         	    372	00.701907	(00.001887 +- 00.001233)	[00.000001,00.006245]
08_publish         	    372	05.169445	(00.013896 +- 00.002321)	[00.001122,00.035620]
step               	    374	07.685303	(00.020549 +- 00.002969)	[00.000316,00.051684]

INFO  Timings:
SM Timing
-----------
00_conversion_livox	    376	05.521573	(00.014685 +- 00.000904)	[00.010098,00.032580]
01_filter          	    375	00.136716	(00.000365 +- 00.000047)	[00.000161,00.003050]
02_preint          	    373	00.022026	(00.000059 +- 00.000005)	[00.000034,00.000104]
03_undistortion    	    373	00.375275	(00.001006 +- 00.000200)	[00.000173,00.003113]
04_sampling        	    373	00.265228	(00.000711 +- 00.000131)	[00.000106,00.007567]
05_registration    	    373	00.555745	(00.001490 +- 00.000325)	[00.000380,00.006570]
06_map             	    373	00.416471	(00.001117 +- 00.000195)	[00.000163,00.004319]
07_imu_opt         	    373	00.703569	(00.001886 +- 00.001235)	[00.000001,00.006245]
08_publish         	    373	05.170686	(00.013862 +- 00.002319)	[00.001122,00.035620]
step               	    375	07.689630	(00.020506 +- 00.003005)	[00.000316,00.051684]

INFO  Timings:
SM Timing
-----------
00_conversion_livox	    377	05.536438	(00.014686 +- 00.000935)	[00.010098,00.032580]
01_filter          	    376	00.136879	(00.000364 +- 00.000047)	[00.000161,00.003050]
02_preint          	    374	00.022083	(00.000059 +- 00.000005)	[00.000034,00.000104]
03_undistortion    	    374	00.375423	(00.001004 +- 00.000203)	[00.000148,00.003113]
04_sampling        	    374	00.265334	(00.000709 +- 00.000132)	[00.000106,00.007567]
05_registration    	    374	00.557228	(00.001490 +- 00.000336)	[00.000380,00.006570]
06_map             	    374	00.416658	(00.001114 +- 00.000196)	[00.000163,00.004319]
07_imu_opt         	    374	00.705261	(00.001886 +- 00.001234)	[00.000001,00.006245]
08_publish         	    374	05.171734	(00.013828 +- 00.002322)	[00.001048,00.035620]
step               	    376	07.694589	(00.020464 +- 00.003029)	[00.000316,00.051684]

INFO  Timings:
SM Timing
-----------
00_conversion_livox	    378	05.550746	(00.014685 +- 00.000947)	[00.010098,00.032580]
01_filter          	    377	00.137053	(00.000364 +- 00.000047)	[00.000161,00.003050]
02_preint          	    375	00.022151	(00.000059 +- 00.000005)	[00.000034,00.000104]
03_undistortion    	    375	00.375555	(00.001001 +- 00.000206)	[00.000132,00.003113]
04_sampling        	    375	00.265442	(00.000708 +- 00.000133)	[00.000106,00.007567]
05_registration    	    375	00.557859	(00.001488 +- 00.000335)	[00.000380,00.006570]
06_map             	    375	00.416826	(00.001112 +- 00.000197)	[00.000163,00.004319]
07_imu_opt         	    375	00.706973	(00.001885 +- 00.001233)	[00.000001,00.006245]
08_publish         	    375	05.172643	(00.013794 +- 00.002337)	[00.000908,00.035620]
step               	    377	07.698562	(00.020421 +- 00.003085)	[00.000316,00.051684]

INFO  Timings:
SM Timing
-----------
00_conversion_livox	    379	05.564545	(00.014682 +- 00.000951)	[00.010098,00.032580]
01_filter          	    378	00.137226	(00.000363 +- 00.000047)	[00.000161,00.003050]
02_preint          	    376	00.022222	(00.000059 +- 00.000006)	[00.000034,00.000104]
03_undistortion    	    376	00.375699	(00.000999 +- 00.000207)	[00.000132,00.003113]
04_sampling        	    376	00.265549	(00.000706 +- 00.000133)	[00.000106,00.007567]
05_registration    	    376	00.559122	(00.001487 +- 00.000337)	[00.000380,00.006570]
06_map             	    376	00.417028	(00.001109 +- 00.000196)	[00.000163,00.004319]
07_imu_opt         	    376	00.708617	(00.001885 +- 00.001232)	[00.000001,00.006245]
08_publish         	    376	05.173496	(00.013759 +- 00.002348)	[00.000854,00.035620]
step               	    378	07.703063	(00.020378 +- 00.003122)	[00.000316,00.051684]

INFO  Timings:
SM Timing
-----------
00_conversion_livox	    380	05.577736	(00.014678 +- 00.000949)	[00.010098,00.032580]
01_filter          	    379	00.137433	(00.000363 +- 00.000046)	[00.000161,00.003050]
02_preint          	    377	00.022281	(00.000059 +- 00.000006)	[00.000034,00.000104]
03_undistortion    	    377	00.375882	(00.000997 +- 00.000207)	[00.000132,00.003113]
04_sampling        	    377	00.265638	(00.000705 +- 00.000134)	[00.000089,00.007567]
05_registration    	    377	00.559631	(00.001484 +- 00.000336)	[00.000380,00.006570]
06_map             	    377	00.417172	(00.001107 +- 00.000198)	[00.000144,00.004319]
07_imu_opt         	    377	00.710169	(00.001884 +- 00.001232)	[00.000001,00.006245]
08_publish         	    377	05.174319	(00.013725 +- 00.002359)	[00.000823,00.035620]
step               	    379	07.706693	(00.020334 +- 00.003182)	[00.000316,00.051684]

INFO  Timings:
SM Timing
-----------
00_conversion_livox	    381	05.590690	(00.014674 +- 00.000949)	[00.010098,00.032580]
01_filter          	    380	00.137579	(00.000362 +- 00.000046)	[00.000146,00.003050]
02_preint          	    378	00.022330	(00.000059 +- 00.000006)	[00.000034,00.000104]
03_undistortion    	    378	00.376184	(00.000995 +- 00.000206)	[00.000132,00.003113]
04_sampling        	    378	00.265741	(00.000703 +- 00.000134)	[00.000089,00.007567]
05_registration    	    378	00.560808	(00.001484 +- 00.000336)	[00.000380,00.006570]
06_map             	    378	00.417334	(00.001104 +- 00.000200)	[00.000144,00.004319]
07_imu_opt         	    378	00.715156	(00.001892 +- 00.001282)	[00.000001,00.006245]
08_publish         	    378	05.175151	(00.013691 +- 00.002367)	[00.000823,00.035620]
step               	    380	07.714513	(00.020301 +- 00.003172)	[00.000316,00.051684]

INFO  Timings:
SM Timing
-----------
00_conversion_livox	    382	05.604892	(00.014672 +- 00.000959)	[00.010098,00.032580]
01_filter          	    381	00.137737	(00.000362 +- 00.000046)	[00.000146,00.003050]
02_preint          	    379	00.022379	(00.000059 +- 00.000006)	[00.000034,00.000104]
03_undistortion    	    379	00.376339	(00.000993 +- 00.000208)	[00.000132,00.003113]
04_sampling        	    379	00.265831	(00.000701 +- 00.000134)	[00.000089,00.007567]
05_registration    	    379	00.561434	(00.001481 +- 00.000339)	[00.000380,00.006570]
06_map             	    379	00.417496	(00.001102 +- 00.000202)	[00.000144,00.004319]
07_imu_opt         	    379	00.716719	(00.001891 +- 00.001247)	[00.000001,00.006245]
08_publish         	    379	05.176087	(00.013657 +- 00.002376)	[00.000823,00.035620]
step               	    381	07.718305	(00.020258 +- 00.003167)	[00.000316,00.051684]

INFO  Timings:
SM Timing
-----------
00_conversion_livox	    383	05.619588	(00.014673 +- 00.000979)	[00.010098,00.032580]
01_filter          	    382	00.137910	(00.000361 +- 00.000046)	[00.000146,00.003050]
02_preint          	    380	00.022430	(00.000059 +- 00.000006)	[00.000034,00.000104]
03_undistortion    	    380	00.376474	(00.000991 +- 00.000209)	[00.000132,00.003113]
04_sampling        	    380	00.265939	(00.000700 +- 00.000135)	[00.000089,00.007567]
05_registration    	    380	00.562394	(00.001480 +- 00.000336)	[00.000380,00.006570]
06_map             	    380	00.417677	(00.001099 +- 00.000203)	[00.000144,00.004319]
07_imu_opt         	    380	00.718346	(00.001890 +- 00.001250)	[00.000001,00.006245]
08_publish         	    380	05.177011	(00.013624 +- 00.002387)	[00.000823,00.035620]
step               	    382	07.722523	(00.020216 +- 00.003203)	[00.000316,00.051684]

INFO  Timings:
SM Timing
-----------
00_conversion_livox	    384	05.633447	(00.014670 +- 00.000982)	[00.010098,00.032580]
01_filter          	    383	00.138069	(00.000360 +- 00.000045)	[00.000146,00.003050]
02_preint          	    381	00.022491	(00.000059 +- 00.000006)	[00.000034,00.000104]
03_undistortion    	    381	00.376607	(00.000988 +- 00.000211)	[00.000132,00.003113]
04_sampling        	    381	00.266026	(00.000698 +- 00.000136)	[00.000087,00.007567]
05_registration    	    381	00.563137	(00.001478 +- 00.000337)	[00.000380,00.006570]
06_map             	    381	00.417821	(00.001097 +- 00.000206)	[00.000144,00.004319]
07_imu_opt         	    381	00.720015	(00.001890 +- 00.001211)	[00.000001,00.006245]
08_publish         	    381	05.177827	(00.013590 +- 00.002402)	[00.000817,00.035620]
step               	    383	07.726400	(00.020173 +- 00.003198)	[00.000316,00.051684]

INFO  Timings:
SM Timing
-----------
00_conversion_livox	    385	05.646884	(00.014667 +- 00.000968)	[00.010098,00.032580]
01_filter          	    384	00.138257	(00.000360 +- 00.000045)	[00.000146,00.003050]
02_preint          	    382	00.022543	(00.000059 +- 00.000006)	[00.000034,00.000104]
03_undistortion    	    382	00.376745	(00.000986 +- 00.000211)	[00.000132,00.003113]
04_sampling        	    382	00.266128	(00.000697 +- 00.000136)	[00.000087,00.007567]
05_registration    	    382	00.563585	(00.001475 +- 00.000330)	[00.000380,00.006570]
06_map             	    382	00.417979	(00.001094 +- 00.000207)	[00.000144,00.004319]
07_imu_opt         	    382	00.722380	(00.001891 +- 00.001211)	[00.000001,00.006245]
08_publish         	    382	05.178613	(00.013557 +- 00.002416)	[00.000786,00.035620]
step               	    384	07.730703	(00.020132 +- 00.003213)	[00.000316,00.051684]

INFO  Timings:
SM Timing
-----------
00_conversion_livox	    386	05.659989	(00.014663 +- 00.000962)	[00.010098,00.032580]
01_filter          	    385	00.138438	(00.000360 +- 00.000045)	[00.000146,00.003050]
02_preint          	    383	00.022596	(00.000059 +- 00.000006)	[00.000034,00.000104]
03_undistortion    	    383	00.376887	(00.000984 +- 00.000212)	[00.000132,00.003113]
04_sampling        	    383	00.266254	(00.000695 +- 00.000135)	[00.000087,00.007567]
05_registration    	    383	00.564307	(00.001473 +- 00.000329)	[00.000380,00.006570]
06_map             	    383	00.418140	(00.001092 +- 00.000208)	[00.000144,00.004319]
07_imu_opt         	    383	00.723921	(00.001890 +- 00.001137)	[00.000001,00.006245]
08_publish         	    383	05.179427	(00.013523 +- 00.002426)	[00.000786,00.035620]
step               	    385	07.734509	(00.020090 +- 00.003182)	[00.000316,00.051684]

INFO  Timings:
SM Timing
-----------
00_conversion_livox	    387	05.672805	(00.014658 +- 00.000962)	[00.010098,00.032580]
01_filter          	    386	00.138608	(00.000359 +- 00.000044)	[00.000146,00.003050]
02_preint          	    384	00.022658	(00.000059 +- 00.000006)	[00.000034,00.000104]
03_undistortion    	    384	00.377037	(00.000982 +- 00.000213)	[00.000132,00.003113]
04_sampling        	    384	00.266335	(00.000694 +- 00.000136)	[00.000081,00.007567]
05_registration    	    384	00.565024	(00.001471 +- 00.000330)	[00.000380,00.006570]
06_map             	    384	00.418309	(00.001089 +- 00.000210)	[00.000144,00.004319]
07_imu_opt         	    384	00.728708	(00.001898 +- 00.001193)	[00.000001,00.006245]
08_publish         	    384	05.180184	(00.013490 +- 00.002440)	[00.000757,00.035620]
step               	    386	07.741493	(00.020056 +- 00.003175)	[00.000316,00.051684]

INFO  Timings:
SM Timing
-----------
00_conversion_livox	    388	05.685161	(00.014652 +- 00.000959)	[00.010098,00.032580]
01_filter          	    387	00.138797	(00.000359 +- 00.000044)	[00.000146,00.003050]
02_preint          	    385	00.022714	(00.000059 +- 00.000006)	[00.000034,00.000104]
03_undistortion    	    385	00.377188	(00.000980 +- 00.000214)	[00.000132,00.003113]
04_sampling        	    385	00.266417	(00.000692 +- 00.000137)	[00.000081,00.007567]
05_registration    	    385	00.565810	(00.001470 +- 00.000328)	[00.000380,00.006570]
06_map             	    385	00.418465	(00.001087 +- 00.000209)	[00.000144,00.004319]
07_imu_opt         	    385	00.730417	(00.001897 +- 00.001193)	[00.000001,00.006245]
08_publish         	    385	05.180868	(00.013457 +- 00.002456)	[00.000684,00.035620]
step               	    387	07.745374	(00.020014 +- 00.003211)	[00.000316,00.051684]

INFO  Timings:
SM Timing
-----------
00_conversion_livox	    389	05.697356	(00.014646 +- 00.000949)	[00.010098,00.032580]
01_filter          	    388	00.138943	(00.000358 +- 00.000045)	[00.000146,00.003050]
02_preint          	    386	00.022755	(00.000059 +- 00.000006)	[00.000034,00.000104]
03_undistortion    	    386	00.377298	(00.000977 +- 00.000215)	[00.000110,00.003113]
04_sampling        	    386	00.266495	(00.000690 +- 00.000138)	[00.000078,00.007567]
05_registration    	    386	00.566484	(00.001468 +- 00.000329)	[00.000380,00.006570]
06_map             	    386	00.418628	(00.001085 +- 00.000209)	[00.000144,00.004319]
07_imu_opt         	    386	00.732097	(00.001897 +- 00.001191)	[00.000001,00.006245]
08_publish         	    386	05.181560	(00.013424 +- 00.002472)	[00.000684,00.035620]
step               	    388	07.749014	(00.019972 +- 00.003251)	[00.000316,00.051684]

INFO  Timings:
SM Timing
-----------
00_conversion_livox	    390	05.709290	(00.014639 +- 00.000945)	[00.010098,00.032580]
01_filter          	    389	00.139130	(00.000358 +- 00.000045)	[00.000146,00.003050]
02_preint          	    387	00.022806	(00.000059 +- 00.000006)	[00.000034,00.000104]
03_undistortion    	    387	00.377414	(00.000975 +- 00.000216)	[00.000110,00.003113]
04_sampling        	    387	00.266604	(00.000689 +- 00.000139)	[00.000078,00.007567]
05_registration    	    387	00.567059	(00.001465 +- 00.000325)	[00.000380,00.006570]
06_map             	    387	00.418795	(00.001082 +- 00.000209)	[00.000144,00.004319]
07_imu_opt         	    387	00.736628	(00.001903 +- 00.001227)	[00.000001,00.006245]
08_publish         	    387	05.182269	(00.013391 +- 00.002486)	[00.000684,00.035620]
step               	    389	07.755515	(00.019937 +- 00.003253)	[00.000316,00.051684]

INFO  Timings:
SM Timing
-----------
00_conversion_livox	    391	05.720628	(00.014631 +- 00.000959)	[00.010098,00.032580]
01_filter          	    390	00.139286	(00.000357 +- 00.000045)	[00.000146,00.003050]
02_preint          	    388	00.022849	(00.000059 +- 00.000006)	[00.000034,00.000104]
03_undistortion    	    388	00.377562	(00.000973 +- 00.000217)	[00.000110,00.003113]
04_sampling        	    388	00.266696	(00.000687 +- 00.000137)	[00.000078,00.007567]
05_registration    	    388	00.567472	(00.001463 +- 00.000332)	[00.000380,00.006570]
06_map             	    388	00.418979	(00.001080 +- 00.000209)	[00.000144,00.004319]
07_imu_opt         	    388	00.740347	(00.001908 +- 00.001236)	[00.000001,00.006245]
08_publish         	    388	05.183080	(00.013358 +- 00.002498)	[00.000684,00.035620]
step               	    390	07.761129	(00.019900 +- 00.003259)	[00.000316,00.051684]

INFO  Timings:
SM Timing
-----------
00_conversion_livox	    392	05.731662	(00.014622 +- 00.000993)	[00.010098,00.032580]
01_filter          	    391	00.139463	(00.000357 +- 00.000045)	[00.000146,00.003050]
02_preint          	    389	00.022899	(00.000059 +- 00.000006)	[00.000034,00.000104]
03_undistortion    	    389	00.377742	(00.000971 +- 00.000215)	[00.000110,00.003113]
04_sampling        	    389	00.266846	(00.000686 +- 00.000136)	[00.000078,00.007567]
05_registration    	    389	00.568411	(00.001461 +- 00.000332)	[00.000380,00.006570]
06_map             	    389	00.419190	(00.001078 +- 00.000208)	[00.000144,00.004319]
07_imu_opt         	    389	00.741595	(00.001906 +- 00.001216)	[00.000001,00.006245]
08_publish         	    389	05.184118	(00.013327 +- 00.002502)	[00.000684,00.035620]
step               	    391	07.765175	(00.019860 +- 00.003241)	[00.000316,00.051684]

INFO  Timings:
SM Timing
-----------
00_conversion_livox	    393	05.742094	(00.014611 +- 00.001058)	[00.010098,00.032580]
01_filter          	    392	00.139633	(00.000356 +- 00.000045)	[00.000146,00.003050]
02_preint          	    390	00.022938	(00.000059 +- 00.000007)	[00.000034,00.000104]
03_undistortion    	    390	00.377901	(00.000969 +- 00.000212)	[00.000110,00.003113]
04_sampling        	    390	00.266973	(00.000685 +- 00.000136)	[00.000078,00.007567]
05_registration    	    390	00.569498	(00.001460 +- 00.000330)	[00.000380,00.006570]
06_map             	    390	00.419370	(00.001075 +- 00.000208)	[00.000144,00.004319]
07_imu_opt         	    390	00.745202	(00.001911 +- 00.001225)	[00.000001,00.006245]
08_publish         	    390	05.185433	(00.013296 +- 00.002498)	[00.000684,00.035620]
step               	    392	07.771909	(00.019826 +- 00.003230)	[00.000316,00.051684]

INFO  Timings:
SM Timing
-----------
00_conversion_livox	    394	05.752494	(00.014600 +- 00.001065)	[00.010098,00.032580]
01_filter          	    393	00.139990	(00.000356 +- 00.000050)	[00.000146,00.003050]
02_preint          	    391	00.022982	(00.000059 +- 00.000007)	[00.000034,00.000104]
03_undistortion    	    391	00.378143	(00.000967 +- 00.000211)	[00.000110,00.003113]
04_sampling        	    391	00.267141	(00.000683 +- 00.000134)	[00.000078,00.007567]
05_registration    	    391	00.570430	(00.001459 +- 00.000330)	[00.000380,00.006570]
06_map             	    391	00.419608	(00.001073 +- 00.000200)	[00.000144,00.004319]
07_imu_opt         	    391	00.746885	(00.001910 +- 00.001229)	[00.000001,00.006245]
08_publish         	    391	05.187330	(00.013267 +- 00.002473)	[00.000684,00.035620]
step               	    393	07.777520	(00.019790 +- 00.003202)	[00.000316,00.051684]

INFO  Timings:
SM Timing
-----------
00_conversion_livox	    395	05.766377	(00.014598 +- 00.001056)	[00.010098,00.032580]
01_filter          	    394	00.140189	(00.000356 +- 00.000050)	[00.000146,00.003050]
02_preint          	    392	00.023026	(00.000059 +- 00.000007)	[00.000034,00.000104]
03_undistortion    	    392	00.378394	(00.000965 +- 00.000210)	[00.000110,00.003113]
04_sampling        	    392	00.267314	(00.000682 +- 00.000130)	[00.000078,00.007567]
05_registration    	    392	00.571121	(00.001457 +- 00.000324)	[00.000380,00.006570]
06_map             	    392	00.419913	(00.001071 +- 00.000198)	[00.000144,00.004319]
07_imu_opt         	    392	00.752118	(00.001919 +- 00.001293)	[00.000001,00.006245]
08_publish         	    392	05.189720	(00.013239 +- 00.002448)	[00.000684,00.035620]
step               	    394	07.786858	(00.019764 +- 00.003183)	[00.000316,00.051684]

INFO  Timings:
SM Timing
-----------
00_conversion_livox	    396	05.777919	(00.014591 +- 00.001062)	[00.010098,00.032580]
01_filter          	    395	00.140388	(00.000355 +- 00.000049)	[00.000146,00.003050]
02_preint          	    393	00.023071	(00.000059 +- 00.000007)	[00.000034,00.000104]
03_undistortion    	    393	00.378635	(00.000963 +- 00.000207)	[00.000110,00.003113]
04_sampling        	    393	00.267509	(00.000681 +- 00.000127)	[00.000078,00.007567]
05_registration    	    393	00.572079	(00.001456 +- 00.000316)	[00.000380,00.006570]
06_map             	    393	00.420300	(00.001069 +- 00.000195)	[00.000144,00.004319]
07_imu_opt         	    393	00.755584	(00.001923 +- 00.001296)	[00.000001,00.006245]
08_publish         	    393	05.192158	(00.013212 +- 00.002404)	[00.000684,00.035620]
step               	    395	07.794845	(00.019734 +- 00.003165)	[00.000316,00.051684]

INFO  Timings:
SM Timing
-----------
00_conversion_livox	    397	05.789147	(00.014582 +- 00.001080)	[00.010098,00.032580]
01_filter          	    396	00.140587	(00.000355 +- 00.000048)	[00.000146,00.003050]
02_preint          	    394	00.023113	(00.000059 +- 00.000007)	[00.000034,00.000104]
03_undistortion    	    394	00.378885	(00.000962 +- 00.000203)	[00.000110,00.003113]
04_sampling        	    394	00.267783	(00.000680 +- 00.000118)	[00.000078,00.007567]
05_registration    	    394	00.573038	(00.001454 +- 00.000316)	[00.000380,00.006570]
06_map             	    394	00.420616	(00.001068 +- 00.000188)	[00.000144,00.004319]
07_imu_opt         	    394	00.758915	(00.001926 +- 00.001293)	[00.000001,00.006245]
08_publish         	    394	05.194683	(00.013184 +- 00.002332)	[00.000684,00.035620]
step               	    396	07.802792	(00.019704 +- 00.003108)	[00.000316,00.051684]

INFO  Timings:
SM Timing
-----------
00_conversion_livox	    398	05.800000	(00.014573 +- 00.001108)	[00.010098,00.032580]
01_filter          	    397	00.140790	(00.000355 +- 00.000045)	[00.000146,00.003050]
02_preint          	    395	00.023153	(00.000059 +- 00.000007)	[00.000034,00.000104]
03_undistortion    	    395	00.379155	(00.000960 +- 00.000189)	[00.000110,00.003113]
04_sampling        	    395	00.268034	(00.000679 +- 00.000112)	[00.000078,00.007567]
05_registration    	    395	00.573456	(00.001452 +- 00.000321)	[00.000380,00.006570]
06_map             	    395	00.420982	(00.001066 +- 00.000180)	[00.000144,00.004319]
07_imu_opt         	    395	00.762141	(00.001929 +- 00.001288)	[00.000001,00.006245]
08_publish         	    395	05.197641	(00.013159 +- 00.002207)	[00.000684,00.035620]
step               	    397	07.810569	(00.019674 +- 00.003019)	[00.000316,00.051684]

INFO  Timings:
SM Timing
-----------
00_conversion_livox	    399	05.810818	(00.014563 +- 00.001148)	[00.010098,00.032580]
01_filter          	    398	00.141029	(00.000354 +- 00.000044)	[00.000146,00.003050]
02_preint          	    396	00.023195	(00.000059 +- 00.000008)	[00.000034,00.000104]
03_undistortion    	    396	00.379481	(00.000958 +- 00.000173)	[00.000110,00.003113]
04_sampling        	    396	00.268322	(00.000678 +- 00.000106)	[00.000078,00.007567]
05_registration    	    396	00.575045	(00.001452 +- 00.000312)	[00.000380,00.006570]
06_map             	    396	00.421396	(00.001064 +- 00.000173)	[00.000144,00.004319]
07_imu_opt         	    396	00.765289	(00.001933 +- 00.001282)	[00.000001,00.006245]
08_publish         	    396	05.200712	(00.013133 +- 00.001984)	[00.000684,00.035620]
step               	    398	07.819746	(00.019648 +- 00.002821)	[00.000316,00.051684]

INFO  Timings:
SM Timing
-----------
00_conversion_livox	    400	05.821619	(00.014554 +- 00.001186)	[00.010098,00.032580]
01_filter          	    399	00.141205	(00.000354 +- 00.000041)	[00.000146,00.003050]
02_preint          	    397	00.023235	(00.000059 +- 00.000008)	[00.000034,00.000104]
03_undistortion    	    397	00.379795	(00.000957 +- 00.000136)	[00.000110,00.003113]
04_sampling        	    397	00.268609	(00.000677 +- 00.000099)	[00.000078,00.007567]
05_registration    	    397	00.576003	(00.001451 +- 00.000311)	[00.000380,00.006570]
06_map             	    397	00.421709	(00.001062 +- 00.000145)	[00.000144,00.004319]
07_imu_opt         	    397	00.766502	(00.001931 +- 00.001293)	[00.000001,00.006245]
08_publish         	    397	05.203629	(00.013107 +- 00.001746)	[00.000684,00.035620]
step               	    399	07.826026	(00.019614 +- 00.002601)	[00.000316,00.051684]

INFO  Timings:
SM Timing
-----------
00_conversion_livox	    401	05.833207	(00.014547 +- 00.001195)	[00.010098,00.032580]
01_filter          	    400	00.141396	(00.000353 +- 00.000040)	[00.000146,00.003050]
02_preint          	    398	00.023278	(00.000058 +- 00.000008)	[00.000034,00.000104]
03_undistortion    	    398	00.380087	(00.000955 +- 00.000116)	[00.000110,00.003113]
04_sampling        	    398	00.268849	(00.000676 +- 00.000085)	[00.000078,00.007567]
05_registration    	    398	00.577099	(00.001450 +- 00.000294)	[00.000380,00.006570]
06_map             	    398	00.422028	(00.001060 +- 00.000116)	[00.000144,00.004319]
07_imu_opt         	    398	00.767831	(00.001929 +- 00.001298)	[00.000001,00.006245]
08_publish         	    398	05.206650	(00.013082 +- 00.001496)	[00.000684,00.035620]
step               	    400	07.832606	(00.019582 +- 00.002350)	[00.000316,00.051684]

INFO  Timings:
SM Timing
-----------
00_conversion_livox	    402	05.845449	(00.014541 +- 00.001199)	[00.010098,00.032580]
01_filter          	    401	00.141596	(00.000353 +- 00.000037)	[00.000146,00.003050]
02_preint          	    399	00.023330	(00.000058 +- 00.000008)	[00.000034,00.000104]
03_undistortion    	    399	00.380383	(00.000953 +- 00.000094)	[00.000110,00.003113]
04_sampling        	    399	00.269112	(00.000674 +- 00.000076)	[00.000078,00.007567]
05_registration    	    399	00.577586	(00.001448 +- 00.000297)	[00.000380,00.006570]
06_map             	    399	00.422395	(00.001059 +- 00.000103)	[00.000144,00.004319]
07_imu_opt         	    399	00.771871	(00.001935 +- 00.001314)	[00.000001,00.006245]
08_publish         	    399	05.209742	(00.013057 +- 00.001190)	[00.000684,00.035620]
step               	    401	07.841478	(00.019555 +- 00.002156)	[00.000316,00.051684]

INFO  Timings:
SM Timing
-----------
00_conversion_livox	    403	05.858584	(00.014537 +- 00.001199)	[00.010098,00.032580]
01_filter          	    402	00.141816	(00.000353 +- 00.000033)	[00.000146,00.003050]
02_preint          	    400	00.023381	(00.000058 +- 00.000008)	[00.000034,00.000104]
03_undistortion    	    400	00.380685	(00.000952 +- 00.000076)	[00.000110,00.003113]
04_sampling        	    400	00.269404	(00.000674 +- 00.000071)	[00.000078,00.007567]
05_registration    	    400	00.579053	(00.001448 +- 00.000306)	[00.000380,00.006570]
06_map             	    400	00.422814	(00.001057 +- 00.000093)	[00.000144,00.004319]
07_imu_opt         	    400	00.773346	(00.001933 +- 00.001317)	[00.000001,00.006245]
08_publish         	    400	05.213022	(00.013033 +- 00.001026)	[00.000684,00.035620]
step               	    402	07.849045	(00.019525 +- 00.002069)	[00.000316,00.051684]

INFO  Timings:
SM Timing
-----------
00_conversion_livox	    404	05.871536	(00.014534 +- 00.001199)	[00.010098,00.032580]
01_filter          	    403	00.142031	(00.000352 +- 00.000032)	[00.000146,00.003050]
02_preint          	    401	00.023433	(00.000058 +- 00.000008)	[00.000034,00.000104]
03_undistortion    	    401	00.380981	(00.000950 +- 00.000073)	[00.000110,00.003113]
04_sampling        	    401	00.269667	(00.000672 +- 00.000068)	[00.000078,00.007567]
05_registration    	    401	00.579862	(00.001446 +- 00.000294)	[00.000380,00.006570]
06_map             	    401	00.423178	(00.001055 +- 00.000089)	[00.000144,00.004319]
07_imu_opt         	    401	00.777302	(00.001938 +- 00.001321)	[00.000001,00.006245]
08_publish         	    401	05.216122	(00.013008 +- 00.000946)	[00.000684,00.035620]
step               	    403	07.858155	(00.019499 +- 00.001960)	[00.000316,00.051684]

INFO  Timings:
SM Timing
-----------
00_conversion_livox	    405	05.883976	(00.014528 +- 00.001200)	[00.010098,00.032580]
01_filter          	    404	00.142241	(00.000352 +- 00.000032)	[00.000146,00.003050]
02_preint          	    402	00.023476	(00.000058 +- 00.000008)	[00.000034,00.000104]
03_undistortion    	    402	00.381271	(00.000948 +- 00.000070)	[00.000110,00.003113]
04_sampling        	    402	00.269926	(00.000671 +- 00.000066)	[00.000078,00.007567]
05_registration    	    402	00.580800	(00.001445 +- 00.000294)	[00.000380,00.006570]
06_map             	    402	00.423515	(00.001054 +- 00.000085)	[00.000144,00.004319]
07_imu_opt         	    402	00.778599	(00.001937 +- 00.001329)	[00.000001,00.006245]
08_publish         	    402	05.219539	(00.012984 +- 00.000889)	[00.000684,00.035620]
step               	    404	07.864999	(00.019468 +- 00.001927)	[00.000316,00.051684]

INFO  Timings:
SM Timing
-----------
00_conversion_livox	    406	05.896586	(00.014524 +- 00.001164)	[00.010098,00.032580]
01_filter          	    405	00.142456	(00.000352 +- 00.000031)	[00.000146,00.003050]
02_preint          	    403	00.023524	(00.000058 +- 00.000008)	[00.000034,00.000104]
03_undistortion    	    403	00.381656	(00.000947 +- 00.000071)	[00.000110,00.003113]
04_sampling        	    403	00.270231	(00.000671 +- 00.000067)	[00.000078,00.007567]
05_registration    	    403	00.581725	(00.001443 +- 00.000281)	[00.000380,00.006570]
06_map             	    403	00.423972	(00.001052 +- 00.000090)	[00.000144,00.004319]
07_imu_opt         	    403	00.779998	(00.001935 +- 00.001261)	[00.000001,00.006245]
08_publish         	    403	05.223287	(00.012961 +- 00.000882)	[00.000684,00.035620]
step               	    405	07.872539	(00.019438 +- 00.001717)	[00.000316,00.051684]

INFO  Timings:
SM Timing
-----------
00_conversion_livox	    407	05.910802	(00.014523 +- 00.001152)	[00.010098,00.032580]
01_filter          	    406	00.142690	(00.000351 +- 00.000032)	[00.000146,00.003050]
02_preint          	    404	00.023575	(00.000058 +- 00.000007)	[00.000034,00.000104]
03_undistortion    	    404	00.382123	(00.000946 +- 00.000079)	[00.000110,00.003113]
04_sampling        	    404	00.270533	(00.000670 +- 00.000067)	[00.000078,00.007567]
05_registration    	    404	00.582980	(00.001443 +- 00.000275)	[00.000380,00.006570]
06_map             	    404	00.424428	(00.001051 +- 00.000090)	[00.000144,00.004319]
07_imu_opt         	    404	00.781559	(00.001935 +- 00.001263)	[00.000001,00.006245]
08_publish         	    404	05.227708	(00.012940 +- 00.000942)	[00.000684,00.035620]
step               	    406	07.881356	(00.019412 +- 00.001749)	[00.000316,00.051684]

INFO  Timings:
SM Timing
-----------
00_conversion_livox	    408	05.925530	(00.014523 +- 00.001176)	[00.010098,00.032580]
01_filter          	    407	00.142925	(00.000351 +- 00.000032)	[00.000146,00.003050]
02_preint          	    405	00.023630	(00.000058 +- 00.000007)	[00.000034,00.000104]
03_undistortion    	    405	00.382539	(00.000945 +- 00.000084)	[00.000110,00.003113]
04_sampling        	    405	00.270855	(00.000669 +- 00.000071)	[00.000078,00.007567]
05_registration    	    405	00.583898	(00.001442 +- 00.000274)	[00.000380,00.006570]
06_map             	    405	00.424855	(00.001049 +- 00.000092)	[00.000144,00.004319]
07_imu_opt         	    405	00.783060	(00.001933 +- 00.001266)	[00.000001,00.006245]
08_publish         	    405	05.231861	(00.012918 +- 00.000998)	[00.000684,00.035620]
step               	    407	07.889443	(00.019384 +- 00.001774)	[00.000316,00.051684]

INFO  Timings:
SM Timing
-----------
00_conversion_livox	    409	05.939440	(00.014522 +- 00.001184)	[00.010098,00.032580]
01_filter          	    408	00.143135	(00.000351 +- 00.000032)	[00.000146,00.003050]
02_preint          	    406	00.023679	(00.000058 +- 00.000007)	[00.000034,00.000104]
03_undistortion    	    406	00.382882	(00.000943 +- 00.000086)	[00.000110,00.003113]
04_sampling        	    406	00.271150	(00.000668 +- 00.000073)	[00.000078,00.007567]
05_registration    	    406	00.585024	(00.001441 +- 00.000276)	[00.000380,00.006570]
06_map             	    406	00.425275	(00.001047 +- 00.000092)	[00.000144,00.004319]
07_imu_opt         	    406	00.787377	(00.001939 +- 00.001285)	[00.000001,00.006245]
08_publish         	    406	05.235908	(00.012896 +- 00.001049)	[00.000684,00.035620]
step               	    408	07.900296	(00.019363 +- 00.001897)	[00.000316,00.051684]

INFO  Timings:
SM Timing
-----------
00_conversion_livox	    410	05.952893	(00.014519 +- 00.001186)	[00.010098,00.032580]
01_filter          	    409	00.143339	(00.000350 +- 00.000032)	[00.000146,00.003050]
02_preint          	    407	00.023736	(00.000058 +- 00.000007)	[00.000034,00.000104]
03_undistortion    	    407	00.383351	(00.000942 +- 00.000092)	[00.000110,00.003113]
04_sampling        	    407	00.271480	(00.000667 +- 00.000077)	[00.000078,00.007567]
05_registration    	    407	00.585605	(00.001439 +- 00.000278)	[00.000380,00.006570]
06_map             	    407	00.425718	(00.001046 +- 00.000096)	[00.000144,00.004319]
07_imu_opt         	    407	00.788787	(00.001938 +- 00.001286)	[00.000001,00.006245]
08_publish         	    407	05.240142	(00.012875 +- 00.001103)	[00.000684,00.035620]
step               	    409	07.908091	(00.019335 +- 00.001908)	[00.000316,00.051684]

INFO  Timings:
SM Timing
-----------
00_conversion_livox	    411	05.966276	(00.014516 +- 00.001178)	[00.010098,00.032580]
01_filter          	    410	00.143585	(00.000350 +- 00.000033)	[00.000146,00.003050]
02_preint          	    408	00.023788	(00.000058 +- 00.000007)	[00.000034,00.000104]
03_undistortion    	    408	00.383746	(00.000941 +- 00.000095)	[00.000110,00.003113]
04_sampling        	    408	00.271840	(00.000666 +- 00.000081)	[00.000078,00.007567]
05_registration    	    408	00.587173	(00.001439 +- 00.000294)	[00.000380,00.006570]
06_map             	    408	00.426241	(00.001045 +- 00.000103)	[00.000144,00.004319]
07_imu_opt         	    408	00.790299	(00.001937 +- 00.001252)	[00.000001,00.006245]
08_publish         	    408	05.245435	(00.012856 +- 00.001205)	[00.000684,00.035620]
step               	    410	07.918107	(00.019312 +- 00.001951)	[00.000316,00.051684]

INFO  Timings:
SM Timing
-----------
00_conversion_livox	    412	05.980825	(00.014517 +- 00.001193)	[00.010098,00.032580]
01_filter          	    411	00.143868	(00.000350 +- 00.000036)	[00.000146,00.003050]
02_preint          	    409	00.023847	(00.000058 +- 00.000007)	[00.000034,00.000104]
03_undistortion    	    409	00.384220	(00.000939 +- 00.000100)	[00.000110,00.003113]
04_sampling        	    409	00.272164	(00.000665 +- 00.000084)	[00.000078,00.007567]
05_registration    	    409	00.588847	(00.001440 +- 00.000315)	[00.000380,00.006570]
06_map             	    409	00.426818	(00.001044 +- 00.000112)	[00.000144,00.004319]
07_imu_opt         	    409	00.795074	(00.001944 +- 00.001287)	[00.000001,00.006245]
08_publish         	    409	05.252374	(00.012842 +- 00.001396)	[00.000684,00.035620]
step               	    411	07.933296	(00.019302 +- 00.002313)	[00.000316,00.051684]

INFO  Timings:
SM Timing
-----------
00_conversion_livox	    413	05.995650	(00.014517 +- 00.001220)	[00.010098,00.032580]
01_filter          	    412	00.144161	(00.000350 +- 00.000038)	[00.000146,00.003050]
02_preint          	    410	00.023899	(00.000058 +- 00.000007)	[00.000034,00.000104]
03_undistortion    	    410	00.387358	(00.000945 +- 00.000417)	[00.000110,00.003138]
04_sampling        	    410	00.272579	(00.000665 +- 00.000090)	[00.000078,00.007567]
05_registration    	    410	00.589483	(00.001438 +- 00.000315)	[00.000380,00.006570]
06_map             	    410	00.427363	(00.001042 +- 00.000119)	[00.000144,00.004319]
07_imu_opt         	    410	00.796671	(00.001943 +- 00.001288)	[00.000001,00.006245]
08_publish         	    410	05.259555	(00.012828 +- 00.001570)	[00.000684,00.035620]
step               	    412	07.947225	(00.019289 +- 00.002533)	[00.000316,00.051684]

INFO  Timings:
SM Timing
-----------
00_conversion_livox	    414	06.009842	(00.014517 +- 00.001232)	[00.010098,00.032580]
01_filter          	    413	00.144458	(00.000350 +- 00.000041)	[00.000146,00.003050]
02_preint          	    411	00.023950	(00.000058 +- 00.000007)	[00.000034,00.000104]
03_undistortion    	    411	00.388050	(00.000944 +- 00.000421)	[00.000110,00.003138]
04_sampling        	    411	00.272964	(00.000664 +- 00.000094)	[00.000078,00.007567]
05_registration    	    411	00.590994	(00.001438 +- 00.000327)	[00.000380,00.006570]
06_map             	    411	00.428093	(00.001042 +- 00.000135)	[00.000144,00.004319]
07_imu_opt         	    411	00.801159	(00.001949 +- 00.001310)	[00.000001,00.006245]
08_publish         	    411	05.266919	(00.012815 +- 00.001729)	[00.000684,00.035620]
step               	    413	07.962801	(00.019280 +- 00.002812)	[00.000316,00.051684]

INFO  Timings:
SM Timing
-----------
00_conversion_livox	    415	06.024082	(00.014516 +- 00.001244)	[00.010098,00.032580]
01_filter          	    414	00.144774	(00.000350 +- 00.000044)	[00.000146,00.003050]
02_preint          	    412	00.024010	(00.000058 +- 00.000007)	[00.000034,00.000104]
03_undistortion    	    412	00.388721	(00.000943 +- 00.000424)	[00.000110,00.003138]
04_sampling        	    412	00.273397	(00.000664 +- 00.000100)	[00.000078,00.007567]
05_registration    	    412	00.591847	(00.001437 +- 00.000326)	[00.000380,00.006570]
06_map             	    412	00.428762	(00.001041 +- 00.000145)	[00.000144,00.004319]
07_imu_opt         	    412	00.802851	(00.001949 +- 00.001314)	[00.000001,00.006245]
08_publish         	    412	05.275085	(00.012804 +- 00.001911)	[00.000684,00.035620]
step               	    414	07.975726	(00.019265 +- 00.002926)	[00.000316,00.051684]

INFO  Timings:
SM Timing
-----------
00_conversion_livox	    416	06.039735	(00.014519 +- 00.001295)	[00.010098,00.032580]
01_filter          	    415	00.145097	(00.000350 +- 00.000047)	[00.000146,00.003050]
02_preint          	    413	00.024067	(00.000058 +- 00.000007)	[00.000034,00.000104]
03_undistortion    	    413	00.389482	(00.000943 +- 00.000428)	[00.000110,00.003138]
04_sampling        	    413	00.273925	(00.000663 +- 00.000110)	[00.000078,00.007567]
05_registration    	    413	00.592899	(00.001436 +- 00.000325)	[00.000380,00.006570]
06_map             	    413	00.429559	(00.001040 +- 00.000161)	[00.000144,00.004319]
07_imu_opt         	    413	00.804638	(00.001948 +- 00.001272)	[00.000001,00.006245]
08_publish         	    413	05.283947	(00.012794 +- 00.002109)	[00.000684,00.035620]
step               	    415	07.989965	(00.019253 +- 00.003094)	[00.000316,00.051684]

INFO  Timings:
SM Timing
-----------
00_conversion_livox	    417	06.054924	(00.014520 +- 00.001316)	[00.010098,00.032580]
01_filter          	    416	00.145384	(00.000349 +- 00.000048)	[00.000146,00.003050]
02_preint          	    414	00.024124	(00.000058 +- 00.000007)	[00.000034,00.000104]
03_undistortion    	    414	00.390174	(00.000942 +- 00.000431)	[00.000110,00.003138]
04_sampling        	    414	00.274394	(00.000663 +- 00.000116)	[00.000078,00.007567]
05_registration    	    414	00.594028	(00.001435 +- 00.000326)	[00.000380,00.006570]
06_map             	    414	00.430112	(00.001039 +- 00.000164)	[00.000144,00.004319]
07_imu_opt         	    414	00.809420	(00.001955 +- 00.001309)	[00.000001,00.006245]
08_publish         	    414	05.291710	(00.012782 +- 00.002226)	[00.000684,00.035620]
step               	    416	08.005801	(00.019245 +- 00.003315)	[00.000316,00.051684]

INFO  Timings:
SM Timing
-----------
00_conversion_livox	    418	06.068645	(00.014518 +- 00.001317)	[00.010098,00.032580]
01_filter          	    417	00.145666	(00.000349 +- 00.000049)	[00.000146,00.003050]
02_preint          	    415	00.024172	(00.000058 +- 00.000007)	[00.000034,00.000104]
03_undistortion    	    415	00.390774	(00.000942 +- 00.000432)	[00.000110,00.003138]
04_sampling        	    415	00.274853	(00.000662 +- 00.000120)	[00.000078,00.007567]
05_registration    	    415	00.595110	(00.001434 +- 00.000325)	[00.000380,00.006570]
06_map             	    415	00.430686	(00.001038 +- 00.000167)	[00.000144,00.004319]
07_imu_opt         	    415	00.810908	(00.001954 +- 00.001316)	[00.000001,00.006245]
08_publish         	    415	05.298492	(00.012767 +- 00.002292)	[00.000684,00.035620]
step               	    417	08.017178	(00.019226 +- 00.003350)	[00.000316,00.051684]

INFO  Timings:
SM Timing
-----------
00_conversion_livox	    419	06.081729	(00.014515 +- 00.001317)	[00.010098,00.032580]
01_filter          	    418	00.145939	(00.000349 +- 00.000050)	[00.000146,00.003050]
02_preint          	    416	00.024219	(00.000058 +- 00.000007)	[00.000034,00.000104]
03_undistortion    	    416	00.391377	(00.000941 +- 00.000433)	[00.000110,00.003138]
04_sampling        	    416	00.275313	(00.000662 +- 00.000124)	[00.000078,00.007567]
05_registration    	    416	00.596037	(00.001433 +- 00.000321)	[00.000380,00.006570]
06_map             	    416	00.431290	(00.001037 +- 00.000171)	[00.000144,00.004319]
07_imu_opt         	    416	00.812364	(00.001953 +- 00.001322)	[00.000001,00.006245]
08_publish         	    416	05.304926	(00.012752 +- 00.002340)	[00.000684,00.035620]
step               	    418	08.028054	(00.019206 +- 00.003372)	[00.000316,00.051684]

INFO  Timings:
SM Timing
-----------
00_conversion_livox	    420	06.095517	(00.014513 +- 00.001319)	[00.010098,00.032580]
01_filter          	    419	00.146241	(00.000349 +- 00.000051)	[00.000146,00.003050]
02_preint          	    417	00.024273	(00.000058 +- 00.000007)	[00.000034,00.000104]
03_undistortion    	    417	00.391815	(00.000940 +- 00.000433)	[00.000110,00.003138]
04_sampling        	    417	00.275751	(00.000661 +- 00.000127)	[00.000078,00.007567]
05_registration    	    417	00.597511	(00.001433 +- 00.000331)	[00.000380,00.006570]
06_map             	    417	00.431814	(00.001036 +- 00.000173)	[00.000144,00.004319]
07_imu_opt         	    417	00.816995	(00.001959 +- 00.001352)	[00.000001,00.006245]
08_publish         	    417	05.311379	(00.012737 +- 00.002385)	[00.000684,00.035620]
step               	    419	08.042452	(00.019194 +- 00.003490)	[00.000316,00.051684]

INFO  Timings:
SM Timing
-----------
00_conversion_livox	    421	06.109654	(00.014512 +- 00.001326)	[00.010098,00.032580]
01_filter          	    420	00.146493	(00.000349 +- 00.000051)	[00.000146,00.003050]
02_preint          	    418	00.024325	(00.000058 +- 00.000007)	[00.000034,00.000104]
03_undistortion    	    418	00.392264	(00.000938 +- 00.000432)	[00.000110,00.003138]
04_sampling        	    418	00.276132	(00.000661 +- 00.000128)	[00.000078,00.007567]
05_registration    	    418	00.599034	(00.001433 +- 00.000340)	[00.000380,00.006570]
06_map             	    418	00.432298	(00.001034 +- 00.000174)	[00.000144,00.004319]
07_imu_opt         	    418	00.818596	(00.001958 +- 00.001352)	[00.000001,00.006245]
08_publish         	    418	05.316927	(00.012720 +- 00.002399)	[00.000684,00.035620]
step               	    420	08.052813	(00.019173 +- 00.003475)	[00.000316,00.051684]

INFO  Timings:
SM Timing
-----------
00_conversion_livox	    422	06.122910	(00.014509 +- 00.001316)	[00.010098,00.032580]
01_filter          	    421	00.146739	(00.000349 +- 00.000051)	[00.000146,00.003050]
02_preint          	    419	00.024377	(00.000058 +- 00.000007)	[00.000034,00.000104]
03_undistortion    	    419	00.392778	(00.000937 +- 00.000432)	[00.000110,00.003138]
04_sampling        	    419	00.276463	(00.000660 +- 00.000128)	[00.000078,00.007567]
05_registration    	    419	00.600025	(00.001432 +- 00.000337)	[00.000380,00.006570]
06_map             	    419	00.432743	(00.001033 +- 00.000173)	[00.000144,00.004319]
07_imu_opt         	    419	00.822831	(00.001964 +- 00.001362)	[00.000001,00.006245]
08_publish         	    419	05.321839	(00.012701 +- 00.002397)	[00.000684,00.035620]
step               	    421	08.064594	(00.019156 +- 00.003475)	[00.000316,00.051684]

INFO  Timings:
SM Timing
-----------
00_conversion_livox	    423	06.135707	(00.014505 +- 00.001314)	[00.010098,00.032580]
01_filter          	    422	00.146955	(00.000348 +- 00.000051)	[00.000146,00.003050]
02_preint          	    420	00.024430	(00.000058 +- 00.000007)	[00.000034,00.000104]
03_undistortion    	    420	00.393103	(00.000936 +- 00.000431)	[00.000110,00.003138]
04_sampling        	    420	00.276936	(00.000659 +- 00.000131)	[00.000078,00.007567]
05_registration    	    420	00.600779	(00.001430 +- 00.000338)	[00.000380,00.006570]
06_map             	    420	00.433276	(00.001032 +- 00.000173)	[00.000144,00.004319]
07_imu_opt         	    420	00.824249	(00.001962 +- 00.001332)	[00.000001,00.006245]
08_publish         	    420	05.326241	(00.012682 +- 00.002389)	[00.000684,00.035620]
step               	    422	08.072852	(00.019130 +- 00.003475)	[00.000316,00.051684]

INFO  Timings:
SM Timing
-----------
00_conversion_livox	    424	06.149387	(00.014503 +- 00.001316)	[00.010098,00.032580]
01_filter          	    423	00.147179	(00.000348 +- 00.000051)	[00.000146,00.003050]
02_preint          	    421	00.024482	(00.000058 +- 00.000007)	[00.000034,00.000104]
03_undistortion    	    421	00.393775	(00.000935 +- 00.000433)	[00.000110,00.003138]
04_sampling        	    421	00.277240	(00.000659 +- 00.000131)	[00.000078,00.007567]
05_registration    	    421	00.601205	(00.001428 +- 00.000344)	[00.000380,00.006570]
06_map             	    421	00.433737	(00.001030 +- 00.000173)	[00.000144,00.004319]
07_imu_opt         	    421	00.825807	(00.001962 +- 00.001337)	[00.000001,00.006245]
08_publish         	    421	05.330692	(00.012662 +- 00.002379)	[00.000684,00.035620]
step               	    423	08.081078	(00.019104 +- 00.003446)	[00.000316,00.051684]

INFO  Timings:
SM Timing
-----------
00_conversion_livox	    425	06.164527	(00.014505 +- 00.001346)	[00.010098,00.032580]
01_filter          	    424	00.147408	(00.000348 +- 00.000050)	[00.000146,00.003050]
02_preint          	    422	00.024542	(00.000058 +- 00.000007)	[00.000034,00.000104]
03_undistortion    	    422	00.394193	(00.000934 +- 00.000432)	[00.000110,00.003138]
04_sampling        	    422	00.277569	(00.000658 +- 00.000130)	[00.000078,00.007567]
05_registration    	    422	00.602141	(00.001427 +- 00.000339)	[00.000380,00.006570]
06_map             	    422	00.434190	(00.001029 +- 00.000172)	[00.000144,00.004319]
07_imu_opt         	    422	00.827476	(00.001961 +- 00.001318)	[00.000001,00.006245]
08_publish         	    422	05.334983	(00.012642 +- 00.002366)	[00.000684,00.035620]
step               	    424	08.089538	(00.019079 +- 00.003443)	[00.000316,00.051684]

INFO  Timings:
SM Timing
-----------
00_conversion_livox	    426	06.179133	(00.014505 +- 00.001355)	[00.010098,00.032580]
01_filter          	    425	00.147631	(00.000347 +- 00.000050)	[00.000146,00.003050]
02_preint          	    423	00.024593	(00.000058 +- 00.000007)	[00.000034,00.000104]
03_undistortion    	    423	00.394609	(00.000933 +- 00.000431)	[00.000110,00.003138]
04_sampling        	    423	00.277918	(00.000657 +- 00.000131)	[00.000078,00.007567]
05_registration    	    423	00.602636	(00.001425 +- 00.000342)	[00.000380,00.006570]
06_map             	    423	00.434607	(00.001027 +- 00.000171)	[00.000144,00.004319]
07_imu_opt         	    423	00.829169	(00.001960 +- 00.001317)	[00.000001,00.006245]
08_publish         	    423	05.339066	(00.012622 +- 00.002349)	[00.000684,00.035620]
step               	    425	08.097338	(00.019053 +- 00.003401)	[00.000316,00.051684]

INFO  Timings:
SM Timing
-----------
00_conversion_livox	    427	06.193114	(00.014504 +- 00.001338)	[00.010098,00.032580]
01_filter          	    426	00.147852	(00.000347 +- 00.000049)	[00.000146,00.003050]
02_preint          	    424	00.024648	(00.000058 +- 00.000007)	[00.000034,00.000104]
03_undistortion    	    424	00.395031	(00.000932 +- 00.000430)	[00.000110,00.003138]
04_sampling        	    424	00.278194	(00.000656 +- 00.000129)	[00.000078,00.007567]
05_registration    	    424	00.603462	(00.001423 +- 00.000333)	[00.000380,00.006570]
06_map             	    424	00.435091	(00.001026 +- 00.000170)	[00.000144,00.004319]
07_imu_opt         	    424	00.833669	(00.001966 +- 00.001341)	[00.000001,00.006245]
08_publish         	    424	05.343416	(00.012602 +- 00.002330)	[00.000684,00.035620]
step               	    426	08.108542	(00.019034 +- 00.003396)	[00.000316,00.051684]

INFO  Timings:
SM Timing
-----------
00_conversion_livox	    428	06.206678	(00.014502 +- 00.001329)	[00.010098,00.032580]
01_filter          	    427	00.148071	(00.000347 +- 00.000049)	[00.000146,00.003050]
02_preint          	    425	00.024700	(00.000058 +- 00.000007)	[00.000034,00.000104]
03_undistortion    	    425	00.395488	(00.000931 +- 00.000428)	[00.000110,00.003138]
04_sampling        	    425	00.278562	(00.000655 +- 00.000128)	[00.000078,00.007567]
05_registration    	    425	00.604537	(00.001422 +- 00.000331)	[00.000380,00.006570]
06_map             	    425	00.435570	(00.001025 +- 00.000168)	[00.000144,00.004319]
07_imu_opt         	    425	00.837902	(00.001972 +- 00.001355)	[00.000001,00.006245]
08_publish         	    425	05.348384	(00.012584 +- 00.002311)	[00.000684,00.035620]
step               	    427	08.120460	(00.019017 +- 00.003377)	[00.000316,00.051684]

INFO  Timings:
SM Timing
-----------
00_conversion_livox	    429	06.220470	(00.014500 +- 00.001329)	[00.010098,00.032580]
01_filter          	    428	00.148366	(00.000347 +- 00.000049)	[00.000146,00.003050]
02_preint          	    426	00.024757	(00.000058 +- 00.000006)	[00.000034,00.000104]
03_undistortion    	    426	00.396019	(00.000930 +- 00.000427)	[00.000110,00.003138]
04_sampling        	    426	00.278908	(00.000655 +- 00.000127)	[00.000078,00.007567]
05_registration    	    426	00.606436	(00.001424 +- 00.000355)	[00.000380,00.006570]
06_map             	    426	00.436071	(00.001024 +- 00.000167)	[00.000144,00.004319]
07_imu_opt         	    426	00.839488	(00.001971 +- 00.001356)	[00.000001,00.006245]
08_publish         	    426	05.354835	(00.012570 +- 00.002315)	[00.000684,00.035620]
step               	    428	08.132198	(00.019000 +- 00.003360)	[00.000316,00.051684]

INFO  Timings:
SM Timing
-----------
00_conversion_livox	    430	06.235502	(00.014501 +- 00.001356)	[00.010098,00.032580]
01_filter          	    429	00.148617	(00.000346 +- 00.000049)	[00.000146,00.003050]
02_preint          	    427	00.024796	(00.000058 +- 00.000006)	[00.000034,00.000104]
03_undistortion    	    427	00.396573	(00.000929 +- 00.000426)	[00.000110,00.003138]
04_sampling        	    427	00.279322	(00.000654 +- 00.000126)	[00.000078,00.007567]
05_registration    	    427	00.607943	(00.001424 +- 00.000358)	[00.000380,00.006570]
06_map             	    427	00.436625	(00.001023 +- 00.000165)	[00.000144,00.004319]
07_imu_opt         	    427	00.841187	(00.001970 +- 00.001354)	[00.000001,00.006245]
08_publish         	    427	05.361869	(00.012557 +- 00.002328)	[00.000684,00.035620]
step               	    429	08.144320	(00.018984 +- 00.003320)	[00.000316,00.051684]

INFO  Timings:
SM Timing
-----------
00_conversion_livox	    431	06.249658	(00.014500 +- 00.001363)	[00.010098,00.032580]
01_filter          	    430	00.148886	(00.000346 +- 00.000049)	[00.000146,00.003050]
02_preint          	    428	00.024851	(00.000058 +- 00.000006)	[00.000034,00.000104]
03_undistortion    	    428	00.397069	(00.000928 +- 00.000426)	[00.000110,00.003138]
04_sampling        	    428	00.279763	(00.000654 +- 00.000125)	[00.000078,00.007567]
05_registration    	    428	00.610480	(00.001426 +- 00.000419)	[00.000380,00.006570]
06_map             	    428	00.437202	(00.001022 +- 00.000164)	[00.000144,00.004319]
07_imu_opt         	    428	00.842679	(00.001969 +- 00.001319)	[00.000001,00.006245]
08_publish         	    428	05.368741	(00.012544 +- 00.002330)	[00.000684,00.035620]
step               	    430	08.157131	(00.018970 +- 00.003365)	[00.000316,00.051684]

INFO  Timings:
SM Timing
-----------
00_conversion_livox	    432	06.262902	(00.014497 +- 00.001355)	[00.010098,00.032580]
01_filter          	    431	00.149169	(00.000346 +- 00.000048)	[00.000146,00.003050]
02_preint          	    429	00.024903	(00.000058 +- 00.000006)	[00.000034,00.000104]
03_undistortion    	    429	00.397652	(00.000927 +- 00.000425)	[00.000110,00.003138]
04_sampling        	    429	00.280270	(00.000653 +- 00.000126)	[00.000078,00.007567]
05_registration    	    429	00.611650	(00.001426 +- 00.000416)	[00.000380,00.006570]
06_map             	    429	00.437834	(00.001021 +- 00.000164)	[00.000144,00.004319]
07_imu_opt         	    429	00.846854	(00.001974 +- 00.001331)	[00.000001,00.006245]
08_publish         	    429	05.374778	(00.012529 +- 00.002311)	[00.000684,00.035620]
step               	    431	08.170638	(00.018957 +- 00.003347)	[00.000316,00.051684]

INFO  Timings:
SM Timing
-----------
00_conversion_livox	    433	06.275182	(00.014492 +- 00.001342)	[00.010098,00.032580]
01_filter          	    432	00.149447	(00.000346 +- 00.000048)	[00.000146,00.003050]
02_preint          	    430	00.024946	(00.000058 +- 00.000006)	[00.000034,00.000104]
03_undistortion    	    430	00.398157	(00.000926 +- 00.000423)	[00.000110,00.003138]
04_sampling        	    430	00.280633	(00.000653 +- 00.000124)	[00.000078,00.007567]
05_registration    	    430	00.612871	(00.001425 +- 00.000417)	[00.000380,00.006570]
06_map             	    430	00.438388	(00.001020 +- 00.000162)	[00.000144,00.004319]
07_imu_opt         	    430	00.848188	(00.001973 +- 00.001336)	[00.000001,00.006245]
08_publish         	    430	05.380287	(00.012512 +- 00.002278)	[00.000684,00.035620]
step               	    432	08.180515	(00.018936 +- 00.003277)	[00.000316,00.051684]

INFO  Timings:
SM Timing
-----------
00_conversion_livox	    434	06.287062	(00.014486 +- 00.001349)	[00.010098,00.032580]
01_filter          	    433	00.149703	(00.000346 +- 00.000047)	[00.000146,00.003050]
02_preint          	    431	00.024990	(00.000058 +- 00.000006)	[00.000034,00.000104]
03_undistortion    	    431	00.398851	(00.000925 +- 00.000423)	[00.000110,00.003138]
04_sampling        	    431	00.281047	(00.000652 +- 00.000121)	[00.000078,00.007567]
05_registration    	    431	00.614418	(00.001426 +- 00.000422)	[00.000380,00.006570]
06_map             	    431	00.438817	(00.001018 +- 00.000157)	[00.000144,00.004319]
07_imu_opt         	    431	00.849510	(00.001971 +- 00.001342)	[00.000001,00.006245]
08_publish         	    431	05.385427	(00.012495 +- 00.002235)	[00.000684,00.035620]
step               	    433	08.190429	(00.018916 +- 00.003190)	[00.000316,00.051684]

INFO  Timings:
SM Timing
-----------
00_conversion_livox	    435	06.298278	(00.014479 +- 00.001373)	[00.010098,00.032580]
01_filter          	    434	00.149937	(00.000345 +- 00.000047)	[00.000146,00.003050]
02_preint          	    432	00.025031	(00.000058 +- 00.000006)	[00.000034,00.000104]
03_undistortion    	    432	00.399347	(00.000924 +- 00.000420)	[00.000110,00.003138]
04_sampling        	    432	00.281353	(00.000651 +- 00.000118)	[00.000078,00.007567]
05_registration    	    432	00.615437	(00.001425 +- 00.000414)	[00.000380,00.006570]
06_map             	    432	00.439293	(00.001017 +- 00.000153)	[00.000144,00.004319]
07_imu_opt         	    432	00.850791	(00.001969 +- 00.001354)	[00.000001,00.006245]
08_publish         	    432	05.390283	(00.012478 +- 00.002185)	[00.000684,00.035620]
step               	    434	08.199198	(00.018892 +- 00.003111)	[00.000316,00.051684]

INFO  Timings:
SM Timing
-----------
00_conversion_livox	    436	06.308842	(00.014470 +- 00.001415)	[00.010098,00.032580]
01_filter          	    435	00.150179	(00.000345 +- 00.000046)	[00.000146,00.003050]
02_preint          	    433	00.025080	(00.000058 +- 00.000006)	[00.000034,00.000104]
03_undistortion    	    433	00.399858	(00.000923 +- 00.000418)	[00.000110,00.003138]
04_sampling        	    433	00.281648	(00.000650 +- 00.000115)	[00.000078,00.007567]
05_registration    	    433	00.616362	(00.001423 +- 00.000412)	[00.000380,00.006570]
06_map             	    433	00.439768	(00.001016 +- 00.000148)	[00.000144,00.004319]
07_imu_opt         	    433	00.854477	(00.001973 +- 00.001354)	[00.000001,00.006245]
08_publish         	    433	05.394982	(00.012460 +- 00.002130)	[00.000684,00.035620]
step               	    435	08.210149	(00.018874 +- 00.003015)	[00.000316,00.051684]

INFO  Timings:
SM Timing
-----------
00_conversion_livox	    437	06.319926	(00.014462 +- 00.001440)	[00.010098,00.032580]
01_filter          	    436	00.150436	(00.000345 +- 00.000045)	[00.000146,00.003050]
02_preint          	    434	00.025123	(00.000058 +- 00.000006)	[00.000034,00.000104]
03_undistortion    	    434	00.400391	(00.000923 +- 00.000416)	[00.000110,00.003138]
04_sampling        	    434	00.282042	(00.000650 +- 00.000111)	[00.000078,00.007567]
05_registration    	    434	00.617362	(00.001422 +- 00.000409)	[00.000380,00.006570]
06_map             	    434	00.440435	(00.001015 +- 00.000147)	[00.000144,00.004319]
07_imu_opt         	    434	00.855805	(00.001972 +- 00.001330)	[00.000001,00.006245]
08_publish         	    434	05.400323	(00.012443 +- 00.002073)	[00.000684,00.035620]
step               	    436	08.219779	(00.018853 +- 00.002993)	[00.000316,00.051684]

INFO  Timings:
SM Timing
-----------
00_conversion_livox	    438	06.332201	(00.014457 +- 00.001440)	[00.010098,00.032580]
01_filter          	    437	00.150676	(00.000345 +- 00.000045)	[00.000146,00.003050]
02_preint          	    435	00.025177	(00.000058 +- 00.000006)	[00.000034,00.000104]
03_undistortion    	    435	00.400824	(00.000921 +- 00.000413)	[00.000110,00.003138]
04_sampling        	    435	00.282399	(00.000649 +- 00.000106)	[00.000078,00.007567]
05_registration    	    435	00.618376	(00.001422 +- 00.000408)	[00.000380,00.006570]
06_map             	    435	00.440924	(00.001014 +- 00.000141)	[00.000144,00.004319]
07_imu_opt         	    435	00.857321	(00.001971 +- 00.001332)	[00.000001,00.006245]
08_publish         	    435	05.405851	(00.012427 +- 00.002009)	[00.000684,00.035620]
step               	    437	08.229486	(00.018832 +- 00.002881)	[00.000316,00.051684]

INFO  Timings:
SM Timing
-----------
00_conversion_livox	    439	06.344940	(00.014453 +- 00.001437)	[00.010098,00.032580]
01_filter          	    438	00.150950	(00.000345 +- 00.000043)	[00.000146,00.003050]
02_preint          	    436	00.025238	(00.000058 +- 00.000006)	[00.000034,00.000104]
03_undistortion    	    436	00.401376	(00.000921 +- 00.000410)	[00.000110,00.003138]
04_sampling        	    436	00.282790	(00.000649 +- 00.000101)	[00.000078,00.007567]
05_registration    	    436	00.619027	(00.001420 +- 00.000408)	[00.000380,00.006570]
06_map             	    436	00.441363	(00.001012 +- 00.000135)	[00.000144,00.004319]
07_imu_opt         	    436	00.858920	(00.001970 +- 00.001333)	[00.000001,00.006245]
08_publish         	    436	05.411143	(00.012411 +- 00.001937)	[00.000684,00.035620]
step               	    438	08.238822	(00.018810 +- 00.002749)	[00.000316,00.051684]

INFO  Timings:
SM Timing
-----------
00_conversion_livox	    440	06.357911	(00.014450 +- 00.001429)	[00.010098,00.032580]
01_filter          	    439	00.151193	(00.000344 +- 00.000042)	[00.000146,00.003050]
02_preint          	    437	00.025296	(00.000058 +- 00.000006)	[00.000034,00.000104]
03_undistortion    	    437	00.402139	(00.000920 +- 00.000409)	[00.000110,00.003138]
04_sampling        	    437	00.283187	(00.000648 +- 00.000097)	[00.000078,00.007567]
05_registration    	    437	00.620507	(00.001420 +- 00.000407)	[00.000380,00.006570]
06_map             	    437	00.441850	(00.001011 +- 00.000128)	[00.000144,00.004319]
07_imu_opt         	    437	00.860466	(00.001969 +- 00.001309)	[00.000001,00.006245]
08_publish         	    437	05.416226	(00.012394 +- 00.001856)	[00.000684,00.035620]
step               	    439	08.248952	(00.018790 +- 00.002709)	[00.000316,00.051684]

INFO  Timings:
SM Timing
-----------
00_conversion_livox	    441	06.370228	(00.014445 +- 00.001414)	[00.010098,00.032580]
01_filter          	    440	00.151439	(00.000344 +- 00.000041)	[00.000146,00.003050]
02_preint          	    438	00.025352	(00.000058 +- 00.000006)	[00.000034,00.000104]
03_undistortion    	    438	00.402663	(00.000919 +- 00.000406)	[00.000110,00.003138]
04_sampling        	    438	00.283560	(00.000647 +- 00.000090)	[00.000078,00.007567]
05_registration    	    438	00.621899	(00.001420 +- 00.000398)	[00.000380,00.006570]
06_map             	    438	00.442316	(00.001010 +- 00.000122)	[00.000144,00.004319]
07_imu_opt         	    438	00.862065	(00.001968 +- 00.001303)	[00.000001,00.006245]
08_publish         	    438	05.421367	(00.012378 +- 00.001773)	[00.000684,00.035620]
step               	    440	08.258815	(00.018770 +- 00.002640)	[00.000316,00.051684]

INFO  Timings:
SM Timing
-----------
00_conversion_livox	    442	06.383403	(00.014442 +- 00.001386)	[00.010098,00.032580]
01_filter          	    441	00.151686	(00.000344 +- 00.000039)	[00.000146,00.003050]
02_preint          	    439	00.025404	(00.000058 +- 00.000006)	[00.000034,00.000104]
03_undistortion    	    439	00.403278	(00.000919 +- 00.000403)	[00.000110,00.003138]
04_sampling        	    439	00.283919	(00.000647 +- 00.000086)	[00.000078,00.007567]
05_registration    	    439	00.622645	(00.001418 +- 00.000401)	[00.000380,00.006570]
06_map             	    439	00.442784	(00.001009 +- 00.000117)	[00.000144,00.004319]
07_imu_opt         	    439	00.863749	(00.001968 +- 00.001296)	[00.000001,00.006245]
08_publish         	    439	05.426711	(00.012362 +- 00.001693)	[00.000684,00.035620]
step               	    441	08.268390	(00.018749 +- 00.002503)	[00.000316,00.051684]

INFO  Timings:
SM Timing
-----------
00_conversion_livox	    443	06.397795	(00.014442 +- 00.001347)	[00.010098,00.032580]
01_filter          	    442	00.151957	(00.000344 +- 00.000038)	[00.000146,00.003050]
02_preint          	    440	00.025458	(00.000058 +- 00.000006)	[00.000034,00.000104]
03_undistortion    	    440	00.403853	(00.000918 +- 00.000400)	[00.000110,00.003138]
04_sampling        	    440	00.284359	(00.000646 +- 00.000082)	[00.000078,00.007567]
05_registration    	    440	00.623858	(00.001418 +- 00.000401)	[00.000380,00.006570]
06_map             	    440	00.443303	(00.001008 +- 00.000109)	[00.000144,00.004319]
07_imu_opt         	    440	00.868400	(00.001974 +- 00.001323)	[00.000001,00.006245]
08_publish         	    440	05.432040	(00.012346 +- 00.001617)	[00.000684,00.035620]
step               	    442	08.281545	(00.018737 +- 00.002493)	[00.000316,00.051684]

INFO  Timings:
SM Timing
-----------
00_conversion_livox	    444	06.411784	(00.014441 +- 00.001295)	[00.010098,00.032580]
01_filter          	    443	00.152164	(00.000343 +- 00.000035)	[00.000146,00.003050]
02_preint          	    441	00.025524	(00.000058 +- 00.000006)	[00.000034,00.000104]
03_undistortion    	    441	00.404198	(00.000917 +- 00.000399)	[00.000110,00.003138]
04_sampling        	    441	00.284722	(00.000646 +- 00.000078)	[00.000078,00.007567]
05_registration    	    441	00.624894	(00.001417 +- 00.000400)	[00.000380,00.006570]
06_map             	    441	00.443876	(00.001007 +- 00.000104)	[00.000144,00.004319]
07_imu_opt         	    441	00.870321	(00.001974 +- 00.001321)	[00.000001,00.006245]
08_publish         	    441	05.436484	(00.012328 +- 00.001559)	[00.000684,00.035620]
step               	    443	08.290581	(00.018715 +- 00.002412)	[00.000316,00.051684]

INFO  Timings:
SM Timing
-----------
00_conversion_livox	    445	06.425503	(00.014439 +- 00.001294)	[00.010098,00.032580]
01_filter          	    444	00.152377	(00.000343 +- 00.000035)	[00.000146,00.003050]
02_preint          	    442	00.025579	(00.000058 +- 00.000006)	[00.000034,00.000104]
03_undistortion    	    442	00.404623	(00.000915 +- 00.000397)	[00.000110,00.003138]
04_sampling        	    442	00.285007	(00.000645 +- 00.000074)	[00.000078,00.007567]
05_registration    	    442	00.625939	(00.001416 +- 00.000396)	[00.000380,00.006570]
06_map             	    442	00.444305	(00.001005 +- 00.000101)	[00.000144,00.004319]
07_imu_opt         	    442	00.871958	(00.001973 +- 00.001265)	[00.000001,00.006245]
08_publish         	    442	05.440226	(00.012308 +- 00.001525)	[00.000684,00.035620]
step               	    444	08.298488	(00.018690 +- 00.002431)	[00.000316,00.051684]

INFO  Timings:
SM Timing
-----------
00_conversion_livox	    446	06.438982	(00.014437 +- 00.001273)	[00.010098,00.032580]
01_filter          	    445	00.152614	(00.000343 +- 00.000034)	[00.000146,00.003050]
02_preint          	    443	00.025636	(00.000058 +- 00.000006)	[00.000034,00.000104]
03_undistortion    	    443	00.404912	(00.000914 +- 00.000397)	[00.000110,00.003138]
04_sampling        	    443	00.285342	(00.000644 +- 00.000071)	[00.000078,00.007567]
05_registration    	    443	00.627038	(00.001415 +- 00.000396)	[00.000380,00.006570]
06_map             	    443	00.444724	(00.001004 +- 00.000101)	[00.000144,00.004319]
07_imu_opt         	    443	00.873562	(00.001972 +- 00.001260)	[00.000001,00.006245]
08_publish         	    443	05.443460	(00.012288 +- 00.001502)	[00.000684,00.035620]
step               	    445	08.305851	(00.018665 +- 00.002444)	[00.000316,00.051684]

INFO  Timings:
SM Timing
-----------
00_conversion_livox	    447	06.452034	(00.014434 +- 00.001241)	[00.010098,00.032580]
01_filter          	    446	00.152848	(00.000343 +- 00.000034)	[00.000146,00.003050]
02_preint          	    444	00.025696	(00.000058 +- 00.000006)	[00.000034,00.000104]
03_undistortion    	    444	00.405156	(00.000913 +- 00.000397)	[00.000110,00.003138]
04_sampling        	    444	00.285589	(00.000643 +- 00.000071)	[00.000078,00.007567]
05_registration    	    444	00.627918	(00.001414 +- 00.000397)	[00.000380,00.006570]
06_map             	    444	00.445108	(00.001002 +- 00.000099)	[00.000144,00.004319]
07_imu_opt         	    444	00.875125	(00.001971 +- 00.001257)	[00.000001,00.006245]
08_publish         	    444	05.446400	(00.012267 +- 00.001490)	[00.000684,00.035620]
step               	    446	08.312451	(00.018638 +- 00.002476)	[00.000316,00.051684]

INFO  Timings:
SM Timing
-----------
00_conversion_livox	    448	06.465325	(00.014432 +- 00.001193)	[00.010098,00.032580]
01_filter          	    447	00.153053	(00.000342 +- 00.000034)	[00.000146,00.003050]
02_preint          	    445	00.025757	(00.000058 +- 00.000006)	[00.000034,00.000104]
03_undistortion    	    445	00.405435	(00.000911 +- 00.000397)	[00.000110,00.003138]
04_sampling        	    445	00.285767	(00.000642 +- 00.000074)	[00.000078,00.007567]
05_registration    	    445	00.628585	(00.001413 +- 00.000390)	[00.000380,00.006570]
06_map             	    445	00.445412	(00.001001 +- 00.000101)	[00.000144,00.004319]
07_imu_opt         	    445	00.876892	(00.001971 +- 00.001253)	[00.000001,00.006245]
08_publish         	    445	05.449225	(00.012245 +- 00.001494)	[00.000684,00.035620]
step               	    447	08.318806	(00.018610 +- 00.002512)	[00.000316,00.051684]

INFO  Timings:
SM Timing
-----------
00_conversion_livox	    449	06.479041	(00.014430 +- 00.001140)	[00.010098,00.032580]
01_filter          	    448	00.153271	(00.000342 +- 00.000034)	[00.000146,00.003050]
02_preint          	    446	00.025811	(00.000058 +- 00.000006)	[00.000034,00.000104]
03_undistortion    	    446	00.405676	(00.000910 +- 00.000398)	[00.000110,00.003138]
04_sampling        	    446	00.285973	(00.000641 +- 00.000076)	[00.000078,00.007567]
05_registration    	    446	00.629441	(00.001411 +- 00.000385)	[00.000380,00.006570]
06_map             	    446	00.445710	(00.000999 +- 00.000104)	[00.000144,00.004319]
07_imu_opt         	    446	00.878573	(00.001970 +- 00.001250)	[00.000001,00.006245]
08_publish         	    446	05.452126	(00.012224 +- 00.001498)	[00.000684,00.035620]
step               	    448	08.325372	(00.018583 +- 00.002559)	[00.000316,00.051684]

INFO  Timings:
SM Timing
-----------
00_conversion_livox	    450	06.492691	(00.014428 +- 00.001080)	[00.010098,00.032580]
01_filter          	    449	00.153479	(00.000342 +- 00.000033)	[00.000146,00.003050]
02_preint          	    447	00.025863	(00.000058 +- 00.000006)	[00.000034,00.000104]
03_undistortion    	    447	00.405920	(00.000908 +- 00.000399)	[00.000110,00.003138]
04_sampling        	    447	00.286147	(00.000640 +- 00.000080)	[00.000078,00.007567]
05_registration    	    447	00.630132	(00.001410 +- 00.000388)	[00.000380,00.006570]
06_map             	    447	00.446021	(00.000998 +- 00.000104)	[00.000144,00.004319]
07_imu_opt         	    447	00.880564	(00.001970 +- 00.001241)	[00.000001,00.006245]
08_publish         	    447	05.454774	(00.012203 +- 00.001506)	[00.000684,00.035620]
step               	    449	08.331753	(00.018556 +- 00.002556)	[00.000316,00.051684]

INFO  Timings:
SM Timing
-----------
00_conversion_livox	    451	06.506310	(00.014426 +- 00.001048)	[00.010098,00.032580]
01_filter          	    450	00.153670	(00.000341 +- 00.000033)	[00.000146,00.003050]
02_preint          	    448	00.025923	(00.000058 +- 00.000006)	[00.000034,00.000104]
03_undistortion    	    448	00.406136	(00.000907 +- 00.000400)	[00.000110,00.003138]
04_sampling        	    448	00.286308	(00.000639 +- 00.000083)	[00.000078,00.007567]
05_registration    	    448	00.631396	(00.001409 +- 00.000389)	[00.000380,00.006570]
06_map             	    448	00.446316	(00.000996 +- 00.000105)	[00.000144,00.004319]
07_imu_opt         	    448	00.885894	(00.001977 +- 00.001305)	[00.000001,00.006245]
08_publish         	    448	05.456913	(00.012181 +- 00.001534)	[00.000684,00.035620]
step               	    450	08.341473	(00.018537 +- 00.002506)	[00.000316,00.051684]

INFO  Timings:
SM Timing
-----------
00_conversion_livox	    452	06.519863	(00.014424 +- 00.001033)	[00.010098,00.032580]
01_filter          	    451	00.153861	(00.000341 +- 00.000033)	[00.000146,00.003050]
02_preint          	    449	00.025985	(00.000058 +- 00.000006)	[00.000034,00.000104]
03_undistortion    	    449	00.406383	(00.000905 +- 00.000400)	[00.000110,00.003138]
04_sampling        	    449	00.286466	(00.000638 +- 00.000086)	[00.000078,00.007567]
05_registration    	    449	00.632250	(00.001408 +- 00.000381)	[00.000380,00.006570]
06_map             	    449	00.446585	(00.000995 +- 00.000108)	[00.000144,00.004319]
07_imu_opt         	    449	00.887437	(00.001976 +- 00.001287)	[00.000001,00.006245]
08_publish         	    449	05.458751	(00.012158 +- 00.001575)	[00.000684,00.035620]
step               	    451	08.346678	(00.018507 +- 00.002595)	[00.000316,00.051684]

INFO  Timings:
SM Timing
-----------
00_conversion_livox	    453	06.533026	(00.014422 +- 00.001033)	[00.010098,00.032580]
01_filter          	    452	00.154049	(00.000341 +- 00.000034)	[00.000146,00.003050]
02_preint          	    450	00.026039	(00.000058 +- 00.000006)	[00.000034,00.000104]
03_undistortion    	    450	00.406607	(00.000904 +- 00.000401)	[00.000110,00.003138]
04_sampling        	    450	00.286616	(00.000637 +- 00.000090)	[00.000078,00.007567]
05_registration    	    450	00.633521	(00.001408 +- 00.000378)	[00.000380,00.006570]
06_map             	    450	00.446842	(00.000993 +- 00.000112)	[00.000144,00.004319]
07_imu_opt         	    450	00.889456	(00.001977 +- 00.001282)	[00.000001,00.006245]
08_publish         	    450	05.460551	(00.012135 +- 00.001620)	[00.000684,00.035620]
step               	    452	08.352713	(00.018479 +- 00.002634)	[00.000316,00.051684]

INFO  Timings:
SM Timing
-----------
00_conversion_livox	    454	06.546001	(00.014419 +- 00.001033)	[00.010098,00.032580]
01_filter          	    453	00.154236	(00.000340 +- 00.000035)	[00.000146,00.003050]
02_preint          	    451	00.026099	(00.000058 +- 00.000006)	[00.000034,00.000104]
03_undistortion    	    451	00.406853	(00.000902 +- 00.000402)	[00.000110,00.003138]
04_sampling        	    451	00.286778	(00.000636 +- 00.000093)	[00.000078,00.007567]
05_registration    	    451	00.634466	(00.001407 +- 00.000377)	[00.000380,00.006570]
06_map             	    451	00.447073	(00.000991 +- 00.000116)	[00.000144,00.004319]
07_imu_opt         	    451	00.894301	(00.001983 +- 00.001311)	[00.000001,00.006245]
08_publish         	    451	05.462362	(00.012112 +- 00.001659)	[00.000684,00.035620]
step               	    453	08.361273	(00.018458 +- 00.002639)	[00.000316,00.051684]

INFO  Timings:
SM Timing
-----------
00_conversion_livox	    455	06.558758	(00.014415 +- 00.001027)	[00.010098,00.032580]
01_filter          	    454	00.154438	(00.000340 +- 00.000035)	[00.000146,00.003050]
02_preint          	    452	00.026155	(00.000058 +- 00.000006)	[00.000034,00.000104]
03_undistortion    	    452	00.407114	(00.000901 +- 00.000402)	[00.000110,00.003138]
04_sampling        	    452	00.286933	(00.000635 +- 00.000096)	[00.000078,00.007567]
05_registration    	    452	00.635499	(00.001406 +- 00.000376)	[00.000380,00.006570]
06_map             	    452	00.447358	(00.000990 +- 00.000118)	[00.000144,00.004319]
07_imu_opt         	    452	00.895847	(00.001982 +- 00.001307)	[00.000001,00.006245]
08_publish         	    452	05.464257	(00.012089 +- 00.001700)	[00.000684,00.035620]
step               	    454	08.366783	(00.018429 +- 00.002678)	[00.000316,00.051684]

INFO  Timings:
SM Timing
-----------
00_conversion_livox	    456	06.575935	(00.014421 +- 00.001141)	[00.010098,00.032580]
01_filter          	    455	00.154636	(00.000340 +- 00.000035)	[00.000146,00.003050]
02_preint          	    453	00.026221	(00.000058 +- 00.000006)	[00.000034,00.000104]
03_undistortion    	    453	00.407360	(00.000899 +- 00.000404)	[00.000110,00.003138]
04_sampling        	    453	00.287062	(00.000634 +- 00.000100)	[00.000078,00.007567]
05_registration    	    453	00.636064	(00.001404 +- 00.000383)	[00.000380,00.006570]
06_map             	    453	00.447606	(00.000988 +- 00.000122)	[00.000144,00.004319]
07_imu_opt         	    453	00.897418	(00.001981 +- 00.001305)	[00.000001,00.006245]
08_publish         	    453	05.466329	(00.012067 +- 00.001738)	[00.000684,00.035620]
step               	    455	08.371943	(00.018400 +- 00.002742)	[00.000316,00.051684]

INFO  Timings:
SM Timing
-----------
00_conversion_livox	    457	06.589363	(00.014419 +- 00.001138)	[00.010098,00.032580]
01_filter          	    456	00.154823	(00.000340 +- 00.000036)	[00.000146,00.003050]
02_preint          	    454	00.026277	(00.000058 +- 00.000006)	[00.000034,00.000104]
03_undistortion    	    454	00.407607	(00.000898 +- 00.000405)	[00.000110,00.003138]
04_sampling        	    454	00.287224	(00.000633 +- 00.000103)	[00.000078,00.007567]
05_registration    	    454	00.637137	(00.001403 +- 00.000382)	[00.000380,00.006570]
06_map             	    454	00.447874	(00.000987 +- 00.000125)	[00.000144,00.004319]
07_imu_opt         	    454	00.901822	(00.001986 +- 00.001331)	[00.000001,00.006245]
08_publish         	    454	05.468698	(00.012046 +- 00.001772)	[00.000684,00.035620]
step               	    456	08.380755	(00.018379 +- 00.002742)	[00.000316,00.051684]

INFO  Timings:
SM Timing
-----------
00_conversion_livox	    458	06.602690	(00.014416 +- 00.001126)	[00.010098,00.032580]
01_filter          	    457	00.155086	(00.000339 +- 00.000036)	[00.000146,00.003050]
02_preint          	    455	00.026330	(00.000058 +- 00.000006)	[00.000034,00.000104]
03_undistortion    	    455	00.407819	(00.000896 +- 00.000407)	[00.000110,00.003138]
04_sampling        	    455	00.287383	(00.000632 +- 00.000106)	[00.000078,00.007567]
05_registration    	    455	00.638371	(00.001403 +- 00.000382)	[00.000380,00.006570]
06_map             	    455	00.448141	(00.000985 +- 00.000128)	[00.000144,00.004319]
07_imu_opt         	    455	00.906427	(00.001992 +- 00.001360)	[00.000001,00.006245]
08_publish         	    455	05.471296	(00.012025 +- 00.001797)	[00.000684,00.035620]
step               	    457	08.390205	(00.018359 +- 00.002730)	[00.000316,00.051684]

INFO  Timings:
SM Timing
-----------
00_conversion_livox	    459	06.615817	(00.014414 +- 00.001126)	[00.010098,00.032580]
01_filter          	    458	00.155287	(00.000339 +- 00.000036)	[00.000146,00.003050]
02_preint          	    456	00.026385	(00.000058 +- 00.000006)	[00.000034,00.000104]
03_undistortion    	    456	00.408057	(00.000895 +- 00.000408)	[00.000110,00.003138]
04_sampling        	    456	00.287600	(00.000631 +- 00.000107)	[00.000078,00.007567]
05_registration    	    456	00.638659	(00.001401 +- 00.000398)	[00.000289,00.006570]
06_map             	    456	00.448661	(00.000984 +- 00.000128)	[00.000144,00.004319]
07_imu_opt         	    456	00.907919	(00.001991 +- 00.001340)	[00.000001,00.006245]
08_publish         	    456	05.474123	(00.012005 +- 00.001815)	[00.000684,00.035620]
step               	    458	08.396107	(00.018332 +- 00.002787)	[00.000316,00.051684]

INFO  Timings:
SM Timing
-----------
00_conversion_livox	    460	06.628820	(00.014410 +- 00.001129)	[00.010098,00.032580]
01_filter          	    459	00.155494	(00.000339 +- 00.000036)	[00.000146,00.003050]
02_preint          	    457	00.026437	(00.000058 +- 00.000006)	[00.000034,00.000104]
03_undistortion    	    457	00.408347	(00.000894 +- 00.000409)	[00.000110,00.003138]
04_sampling        	    457	00.287795	(00.000630 +- 00.000109)	[00.000078,00.007567]
05_registration    	    457	00.639463	(00.001399 +- 00.000394)	[00.000289,00.006570]
06_map             	    457	00.449020	(00.000983 +- 00.000129)	[00.000144,00.004319]
07_imu_opt         	    457	00.909371	(00.001990 +- 00.001339)	[00.000001,00.006245]
08_publish         	    457	05.476841	(00.011984 +- 00.001836)	[00.000684,00.035620]
step               	    459	08.402253	(00.018306 +- 00.002821)	[00.000316,00.051684]

INFO  Timings:
SM Timing
-----------
00_conversion_livox	    461	06.641557	(00.014407 +- 00.001134)	[00.010098,00.032580]
01_filter          	    460	00.155711	(00.000339 +- 00.000036)	[00.000146,00.003050]
02_preint          	    458	00.026486	(00.000058 +- 00.000006)	[00.000034,00.000104]
03_undistortion    	    458	00.408582	(00.000892 +- 00.000411)	[00.000110,00.003138]
04_sampling        	    458	00.287957	(00.000629 +- 00.000111)	[00.000078,00.007567]
05_registration    	    458	00.640337	(00.001398 +- 00.000388)	[00.000289,00.006570]
06_map             	    458	00.449326	(00.000981 +- 00.000131)	[00.000144,00.004319]
07_imu_opt         	    458	00.910813	(00.001989 +- 00.001340)	[00.000001,00.006245]
08_publish         	    458	05.479326	(00.011964 +- 00.001861)	[00.000684,00.035620]
step               	    460	08.408084	(00.018278 +- 00.002878)	[00.000316,00.051684]

INFO  Timings:
SM Timing
-----------
00_conversion_livox	    462	06.653959	(00.014403 +- 00.001134)	[00.010098,00.032580]
01_filter          	    461	00.155903	(00.000338 +- 00.000037)	[00.000146,00.003050]
02_preint          	    459	00.026535	(00.000058 +- 00.000006)	[00.000034,00.000104]
03_undistortion    	    459	00.408804	(00.000891 +- 00.000413)	[00.000110,00.003138]
04_sampling        	    459	00.288131	(00.000628 +- 00.000113)	[00.000078,00.007567]
05_registration    	    459	00.641120	(00.001397 +- 00.000380)	[00.000289,00.006570]
06_map             	    459	00.449627	(00.000980 +- 00.000132)	[00.000144,00.004319]
07_imu_opt         	    459	00.914880	(00.001993 +- 00.001319)	[00.000001,00.006245]
08_publish         	    459	05.481705	(00.011943 +- 00.001860)	[00.000684,00.035620]
step               	    461	08.416306	(00.018257 +- 00.002780)	[00.000316,00.051684]

INFO  Timings:
SM Timing
-----------
00_conversion_livox	    463	06.666686	(00.014399 +- 00.001122)	[00.010098,00.032580]
01_filter          	    462	00.156081	(00.000338 +- 00.000037)	[00.000146,00.003050]
02_preint          	    460	00.026586	(00.000058 +- 00.000006)	[00.000034,00.000104]
03_undistortion    	    460	00.409011	(00.000889 +- 00.000169)	[00.000110,00.003138]
04_sampling        	    460	00.288290	(00.000627 +- 00.000114)	[00.000078,00.007567]
05_registration    	    460	00.641510	(00.001395 +- 00.000387)	[00.000289,00.006570]
06_map             	    460	00.449943	(00.000978 +- 00.000133)	[00.000144,00.004319]
07_imu_opt         	    460	00.916354	(00.001992 +- 00.001321)	[00.000001,00.006245]
08_publish         	    460	05.484292	(00.011922 +- 00.001843)	[00.000684,00.035620]
step               	    462	08.421733	(00.018229 +- 00.002774)	[00.000316,00.051684]

INFO  Timings:
SM Timing
-----------
00_conversion_livox	    464	06.678810	(00.014394 +- 00.001130)	[00.010098,00.032580]
01_filter          	    463	00.156294	(00.000338 +- 00.000036)	[00.000146,00.003050]
02_preint          	    461	00.026633	(00.000058 +- 00.000006)	[00.000034,00.000104]
03_undistortion    	    461	00.409319	(00.000888 +- 00.000165)	[00.000110,00.003138]
04_sampling        	    461	00.288599	(00.000626 +- 00.000114)	[00.000078,00.007567]
05_registration    	    461	00.642019	(00.001393 +- 00.000388)	[00.000289,00.006570]
06_map             	    461	00.450329	(00.000977 +- 00.000127)	[00.000144,00.004319]
07_imu_opt         	    461	00.917723	(00.001991 +- 00.001294)	[00.000001,00.006245]
08_publish         	    461	05.487272	(00.011903 +- 00.001808)	[00.000684,00.035620]
step               	    463	08.427932	(00.018203 +- 00.002671)	[00.000316,00.051684]

INFO  Timings:
SM Timing
-----------
00_conversion_livox	    465	06.690719	(00.014389 +- 00.001142)	[00.010098,00.032580]
01_filter          	    464	00.156516	(00.000337 +- 00.000034)	[00.000146,00.003050]
02_preint          	    462	00.026678	(00.000058 +- 00.000006)	[00.000034,00.000104]
03_undistortion    	    462	00.409655	(00.000887 +- 00.000162)	[00.000110,00.003138]
04_sampling        	    462	00.288849	(00.000625 +- 00.000113)	[00.000078,00.007567]
05_registration    	    462	00.643259	(00.001392 +- 00.000389)	[00.000289,00.006570]
06_map             	    462	00.450769	(00.000976 +- 00.000123)	[00.000144,00.004319]
07_imu_opt         	    462	00.921496	(00.001995 +- 00.001306)	[00.000001,00.006245]
08_publish         	    462	05.491393	(00.011886 +- 00.001727)	[00.000684,00.035620]
step               	    464	08.438429	(00.018186 +- 00.002627)	[00.000316,00.051684]

INFO  Timings:
SM Timing
-----------
00_conversion_livox	    466	06.702543	(00.014383 +- 00.001112)	[00.010098,00.032580]
01_filter          	    465	00.156769	(00.000337 +- 00.000032)	[00.000146,00.003050]
02_preint          	    463	00.026726	(00.000058 +- 00.000006)	[00.000034,00.000104]
03_undistortion    	    463	00.410156	(00.000886 +- 00.000155)	[00.000110,00.003138]
04_sampling        	    463	00.289272	(00.000625 +- 00.000110)	[00.000078,00.007567]
05_registration    	    463	00.643742	(00.001390 +- 00.000396)	[00.000289,00.006570]
06_map             	    463	00.451381	(00.000975 +- 00.000114)	[00.000144,00.004319]
07_imu_opt         	    463	00.922948	(00.001993 +- 00.001310)	[00.000001,00.006245]
08_publish         	    463	05.497532	(00.011874 +- 00.001623)	[00.000684,00.035620]
step               	    465	08.448398	(00.018169 +- 00.002531)	[00.000316,00.051684]

INFO  Timings:
SM Timing
-----------
00_conversion_livox	    467	06.714423	(00.014378 +- 00.001093)	[00.010098,00.032580]
01_filter          	    466	00.157035	(00.000337 +- 00.000031)	[00.000146,00.003050]
02_preint          	    464	00.026774	(00.000058 +- 00.000006)	[00.000034,00.000104]
03_undistortion    	    464	00.411540	(00.000887 +- 00.000203)	[00.000110,00.003138]
04_sampling        	    464	00.289718	(00.000624 +- 00.000109)	[00.000078,00.007567]
05_registration    	    464	00.644489	(00.001389 +- 00.000397)	[00.000289,00.006570]
06_map             	    464	00.452023	(00.000974 +- 00.000117)	[00.000144,00.004319]
07_imu_opt         	    464	00.924367	(00.001992 +- 00.001270)	[00.000001,00.006245]
08_publish         	    464	05.505673	(00.011866 +- 00.001640)	[00.000684,00.035620]
step               	    466	08.461562	(00.018158 +- 00.002415)	[00.000316,00.051684]

INFO  Timings:
SM Timing
-----------
00_conversion_livox	    468	06.727477	(00.014375 +- 00.001091)	[00.010098,00.032580]
01_filter          	    467	00.157318	(00.000337 +- 00.000031)	[00.000146,00.003050]
02_preint          	    465	00.026833	(00.000058 +- 00.000006)	[00.000034,00.000104]
03_undistortion    	    465	00.412317	(00.000887 +- 00.000207)	[00.000110,00.003138]
04_sampling        	    465	00.290326	(00.000624 +- 00.000115)	[00.000078,00.007567]
05_registration    	    465	00.645265	(00.001388 +- 00.000399)	[00.000289,00.006570]
06_map             	    465	00.452822	(00.000974 +- 00.000126)	[00.000144,00.004319]
07_imu_opt         	    465	00.925916	(00.001991 +- 00.001269)	[00.000001,00.006245]
08_publish         	    465	05.515096	(00.011860 +- 00.001758)	[00.000684,00.035620]
step               	    467	08.475915	(00.018150 +- 00.002505)	[00.000316,00.051684]

INFO  Timings:
SM Timing
-----------
00_conversion_livox	    469	06.740613	(00.014372 +- 00.001091)	[00.010098,00.032580]
01_filter          	    468	00.157622	(00.000337 +- 00.000033)	[00.000146,00.003050]
02_preint          	    466	00.026894	(00.000058 +- 00.000006)	[00.000034,00.000104]
03_undistortion    	    466	00.413157	(00.000887 +- 00.000214)	[00.000110,00.003138]
04_sampling        	    466	00.290861	(00.000624 +- 00.000118)	[00.000078,00.007567]
05_registration    	    466	00.646046	(00.001386 +- 00.000400)	[00.000289,00.006570]
06_map             	    466	00.453672	(00.000974 +- 00.000137)	[00.000144,00.004319]
07_imu_opt         	    466	00.927572	(00.001990 +- 00.001266)	[00.000001,00.006245]
08_publish         	    466	05.524750	(00.011856 +- 00.001888)	[00.000684,00.035620]
step               	    468	08.490689	(00.018142 +- 00.002615)	[00.000316,00.051684]

INFO  Timings:
SM Timing
-----------
00_conversion_livox	    470	06.754035	(00.014370 +- 00.001088)	[00.010098,00.032580]
01_filter          	    469	00.157930	(00.000337 +- 00.000033)	[00.000146,00.003050]
02_preint          	    467	00.026947	(00.000058 +- 00.000006)	[00.000034,00.000104]
03_undistortion    	    467	00.413948	(00.000886 +- 00.000220)	[00.000110,00.003138]
04_sampling        	    467	00.291334	(00.000624 +- 00.000118)	[00.000078,00.007567]
05_registration    	    467	00.647098	(00.001386 +- 00.000394)	[00.000289,00.006570]
06_map             	    467	00.454469	(00.000973 +- 00.000145)	[00.000144,00.004319]
07_imu_opt         	    467	00.931788	(00.001995 +- 00.001252)	[00.000001,00.006245]
08_publish         	    467	05.534061	(00.011850 +- 00.001990)	[00.000684,00.035620]
step               	    469	08.507761	(00.018140 +- 00.002744)	[00.000316,00.051684]

INFO  Timings:
SM Timing
-----------
00_conversion_livox	    471	06.767129	(00.014368 +- 00.001079)	[00.010098,00.032580]
01_filter          	    470	00.158185	(00.000337 +- 00.000033)	[00.000146,00.003050]
02_preint          	    468	00.027011	(00.000058 +- 00.000006)	[00.000034,00.000104]
03_undistortion    	    468	00.414647	(00.000886 +- 00.000222)	[00.000110,00.003138]
04_sampling        	    468	00.291767	(00.000623 +- 00.000119)	[00.000078,00.007567]
05_registration    	    468	00.647792	(00.001384 +- 00.000389)	[00.000289,00.006570]
06_map             	    468	00.455190	(00.000973 +- 00.000149)	[00.000144,00.004319]
07_imu_opt         	    468	00.933601	(00.001995 +- 00.001250)	[00.000001,00.006245]
08_publish         	    468	05.542256	(00.011842 +- 00.002052)	[00.000684,00.035620]
step               	    470	08.520711	(00.018129 +- 00.002788)	[00.000316,00.051684]

INFO  Timings:
SM Timing
-----------
00_conversion_livox	    472	06.780857	(00.014366 +- 00.001082)	[00.010098,00.032580]
01_filter          	    471	00.158474	(00.000336 +- 00.000034)	[00.000146,00.003050]
02_preint          	    469	00.027071	(00.000058 +- 00.000006)	[00.000034,00.000104]
03_undistortion    	    469	00.415135	(00.000885 +- 00.000222)	[00.000110,00.003138]
04_sampling        	    469	00.292179	(00.000623 +- 00.000120)	[00.000078,00.007567]
05_registration    	    469	00.653285	(00.001393 +- 00.000743)	[00.000289,00.006570]
06_map             	    469	00.455844	(00.000972 +- 00.000152)	[00.000144,00.004319]
07_imu_opt         	    469	00.935339	(00.001994 +- 00.001222)	[00.000001,00.006245]
08_publish         	    469	05.549176	(00.011832 +- 00.002079)	[00.000684,00.035620]
step               	    471	08.536825	(00.018125 +- 00.002925)	[00.000316,00.051684]

INFO  Timings:
SM Timing
-----------
00_conversion_livox	    473	06.794777	(00.014365 +- 00.001086)	[00.010098,00.032580]
01_filter          	    472	00.158689	(00.000336 +- 00.000034)	[00.000146,00.003050]
02_preint          	    470	00.027132	(00.000058 +- 00.000006)	[00.000034,00.000104]
03_undistortion    	    470	00.415517	(00.000884 +- 00.000222)	[00.000110,00.003138]
04_sampling        	    470	00.292505	(00.000622 +- 00.000118)	[00.000078,00.007567]
05_registration    	    470	00.654166	(00.001392 +- 00.000742)	[00.000289,00.006570]
06_map             	    470	00.456313	(00.000971 +- 00.000152)	[00.000144,00.004319]
07_imu_opt         	    470	00.936921	(00.001993 +- 00.001220)	[00.000001,00.006245]
08_publish         	    470	05.553443	(00.011816 +- 00.002080)	[00.000684,00.035620]
step               	    472	08.545074	(00.018104 +- 00.002925)	[00.000316,00.051684]

INFO  Timings:
SM Timing
-----------
00_conversion_livox	    474	06.807873	(00.014363 +- 00.001084)	[00.010098,00.032580]
01_filter          	    473	00.158888	(00.000336 +- 00.000034)	[00.000146,00.003050]
02_preint          	    471	00.027188	(00.000058 +- 00.000006)	[00.000034,00.000104]
03_undistortion    	    471	00.415793	(00.000883 +- 00.000221)	[00.000110,00.003138]
04_sampling        	    471	00.292750	(00.000622 +- 00.000118)	[00.000078,00.007567]
05_registration    	    471	00.655235	(00.001391 +- 00.000736)	[00.000289,00.006570]
06_map             	    471	00.456701	(00.000970 +- 00.000152)	[00.000144,00.004319]
07_imu_opt         	    471	00.941139	(00.001998 +- 00.001246)	[00.000001,00.006245]
08_publish         	    471	05.556537	(00.011797 +- 00.002090)	[00.000684,00.035620]
step               	    473	08.554698	(00.018086 +- 00.002920)	[00.000316,00.051684]

INFO  Timings:
SM Timing
-----------
00_conversion_livox	    475	06.820936	(00.014360 +- 00.001046)	[00.010098,00.032580]
01_filter          	    474	00.159077	(00.000336 +- 00.000035)	[00.000146,00.003050]
02_preint          	    472	00.027241	(00.000058 +- 00.000006)	[00.000034,00.000104]
03_undistortion    	    472	00.416072	(00.000882 +- 00.000222)	[00.000110,00.003138]
04_sampling        	    472	00.292950	(00.000621 +- 00.000119)	[00.000078,00.007567]
05_registration    	    472	00.656405	(00.001391 +- 00.000736)	[00.000289,00.006570]
06_map             	    472	00.457085	(00.000968 +- 00.000152)	[00.000144,00.004319]
07_imu_opt         	    472	00.945359	(00.002003 +- 00.001271)	[00.000001,00.006245]
08_publish         	    472	05.559286	(00.011778 +- 00.002104)	[00.000684,00.035620]
step               	    474	08.564007	(00.018068 +- 00.002917)	[00.000316,00.051684]

INFO  Timings:
SM Timing
-----------
00_conversion_livox	    476	06.834046	(00.014357 +- 00.001025)	[00.010098,00.032580]
01_filter          	    475	00.159282	(00.000335 +- 00.000035)	[00.000146,00.003050]
02_preint          	    473	00.027294	(00.000058 +- 00.000006)	[00.000034,00.000104]
03_undistortion    	    473	00.416324	(00.000880 +- 00.000223)	[00.000110,00.003138]
04_sampling        	    473	00.293200	(00.000620 +- 00.000119)	[00.000078,00.007567]
05_registration    	    473	00.656936	(00.001389 +- 00.000735)	[00.000289,00.006570]
06_map             	    473	00.457450	(00.000967 +- 00.000153)	[00.000144,00.004319]
07_imu_opt         	    473	00.946830	(00.002002 +- 00.001273)	[00.000001,00.006245]
08_publish         	    473	05.561930	(00.011759 +- 00.002119)	[00.000684,00.035620]
step               	    475	08.569845	(00.018042 +- 00.002952)	[00.000316,00.051684]

INFO  Timings:
SM Timing
-----------
00_conversion_livox	    477	06.846628	(00.014354 +- 00.001019)	[00.010098,00.032580]
01_filter          	    476	00.159497	(00.000335 +- 00.000035)	[00.000146,00.003050]
02_preint          	    474	00.027340	(00.000058 +- 00.000006)	[00.000034,00.000104]
03_undistortion    	    474	00.416564	(00.000879 +- 00.000225)	[00.000110,00.003138]
04_sampling        	    474	00.293603	(00.000619 +- 00.000120)	[00.000078,00.007567]
05_registration    	    474	00.658025	(00.001388 +- 00.000734)	[00.000289,00.006570]
06_map             	    474	00.457761	(00.000966 +- 00.000154)	[00.000144,00.004319]
07_imu_opt         	    474	00.950870	(00.002006 +- 00.001260)	[00.000001,00.006245]
08_publish         	    474	05.564587	(00.011740 +- 00.002134)	[00.000684,00.035620]
step               	    476	08.578890	(00.018023 +- 00.002942)	[00.000316,00.051684]

INFO  Timings:
SM Timing
-----------
00_conversion_livox	    478	06.858747	(00.014349 +- 00.001026)	[00.010098,00.032580]
01_filter          	    477	00.159687	(00.000335 +- 00.000035)	[00.000146,00.003050]
02_preint          	    475	00.027389	(00.000058 +- 00.000006)	[00.000034,00.000104]
03_undistortion    	    475	00.416824	(00.000878 +- 00.000226)	[00.000110,00.003138]
04_sampling        	    475	00.293864	(00.000619 +- 00.000120)	[00.000078,00.007567]
05_registration    	    475	00.658438	(00.001386 +- 00.000740)	[00.000289,00.006570]
06_map             	    475	00.458106	(00.000964 +- 00.000155)	[00.000144,00.004319]
07_imu_opt         	    475	00.952338	(00.002005 +- 00.001236)	[00.000001,00.006245]
08_publish         	    475	05.567306	(00.011721 +- 00.002146)	[00.000684,00.035620]
step               	    477	08.584657	(00.017997 +- 00.002963)	[00.000316,00.051684]

INFO  Timings:
SM Timing
-----------
00_conversion_livox	    479	06.870685	(00.014344 +- 00.001031)	[00.010098,00.032580]
01_filter          	    478	00.159919	(00.000335 +- 00.000034)	[00.000146,00.003050]
02_preint          	    476	00.027440	(00.000058 +- 00.000006)	[00.000034,00.000104]
03_undistortion    	    476	00.417083	(00.000876 +- 00.000227)	[00.000110,00.003138]
04_sampling        	    476	00.294140	(00.000618 +- 00.000120)	[00.000078,00.007567]
05_registration    	    476	00.659223	(00.001385 +- 00.000732)	[00.000289,00.006570]
06_map             	    476	00.458489	(00.000963 +- 00.000155)	[00.000144,00.004319]
07_imu_opt         	    476	00.956366	(00.002009 +- 00.001255)	[00.000001,00.006245]
08_publish         	    476	05.570369	(00.011702 +- 00.002133)	[00.000684,00.035620]
step               	    478	08.593813	(00.017979 +- 00.002942)	[00.000316,00.051684]

INFO  Timings:
SM Timing
-----------
00_conversion_livox	    480	06.882736	(00.014339 +- 00.000998)	[00.010098,00.032580]
01_filter          	    479	00.160112	(00.000334 +- 00.000034)	[00.000146,00.003050]
02_preint          	    477	00.027488	(00.000058 +- 00.000006)	[00.000034,00.000104]
03_undistortion    	    477	00.417345	(00.000875 +- 00.000227)	[00.000110,00.003138]
04_sampling        	    477	00.294409	(00.000617 +- 00.000119)	[00.000078,00.007567]
05_registration    	    477	00.659869	(00.001383 +- 00.000731)	[00.000289,00.006570]
06_map             	    477	00.458906	(00.000962 +- 00.000154)	[00.000144,00.004319]
07_imu_opt         	    477	00.957790	(00.002008 +- 00.001259)	[00.000001,00.006245]
08_publish         	    477	05.573484	(00.011684 +- 00.002103)	[00.000684,00.035620]
step               	    479	08.600243	(00.017955 +- 00.002938)	[00.000316,00.051684]

INFO  Timings:
SM Timing
-----------
00_conversion_livox	    481	06.894711	(00.014334 +- 00.000992)	[00.010098,00.032580]
01_filter          	    480	00.160313	(00.000334 +- 00.000034)	[00.000146,00.003050]
02_preint          	    478	00.027535	(00.000058 +- 00.000006)	[00.000034,00.000104]
03_undistortion    	    478	00.417606	(00.000874 +- 00.000228)	[00.000110,00.003138]
04_sampling        	    478	00.294661	(00.000616 +- 00.000117)	[00.000078,00.007567]
05_registration    	    478	00.661295	(00.001383 +- 00.000702)	[00.000289,00.006570]
06_map             	    478	00.459336	(00.000961 +- 00.000153)	[00.000144,00.004319]
07_imu_opt         	    478	00.961936	(00.002012 +- 00.001278)	[00.000001,00.006245]
08_publish         	    478	05.576447	(00.011666 +- 00.002076)	[00.000684,00.035620]
step               	    480	08.610037	(00.017938 +- 00.002893)	[00.000316,00.051684]

INFO  Timings:
SM Timing
-----------
00_conversion_livox	    482	06.906941	(00.014330 +- 00.000995)	[00.010098,00.032580]
01_filter          	    481	00.160509	(00.000334 +- 00.000034)	[00.000146,00.003050]
02_preint          	    479	00.027585	(00.000058 +- 00.000006)	[00.000034,00.000104]
03_undistortion    	    479	00.418018	(00.000873 +- 00.000227)	[00.000110,00.003138]
04_sampling        	    479	00.294916	(00.000616 +- 00.000114)	[00.000078,00.007567]
05_registration    	    479	00.661925	(00.001382 +- 00.000704)	[00.000289,00.006570]
06_map             	    479	00.459700	(00.000960 +- 00.000151)	[00.000144,00.004319]
07_imu_opt         	    479	00.963374	(00.002011 +- 00.001259)	[00.000001,00.006245]
08_publish         	    479	05.579288	(00.011648 +- 00.002066)	[00.000684,00.035620]
step               	    481	08.616273	(00.017913 +- 00.002848)	[00.000316,00.051684]

INFO  Timings:
SM Timing
-----------
00_conversion_livox	    483	06.919183	(00.014325 +- 00.000995)	[00.010098,00.032580]
01_filter          	    482	00.160699	(00.000333 +- 00.000033)	[00.000146,00.003050]
02_preint          	    480	00.027633	(00.000058 +- 00.000006)	[00.000034,00.000104]
03_undistortion    	    480	00.418248	(00.000871 +- 00.000228)	[00.000110,00.003138]
04_sampling        	    480	00.295114	(00.000615 +- 00.000114)	[00.000078,00.007567]
05_registration    	    480	00.662608	(00.001380 +- 00.000704)	[00.000289,00.006570]
06_map             	    480	00.460068	(00.000958 +- 00.000150)	[00.000144,00.004319]
07_imu_opt         	    480	00.964758	(00.002010 +- 00.001258)	[00.000001,00.006245]
08_publish         	    480	05.582001	(00.011629 +- 00.002065)	[00.000684,00.035620]
step               	    482	08.622142	(00.017888 +- 00.002876)	[00.000316,00.051684]

INFO  Timings:
SM Timing
-----------
00_conversion_livox	    484	06.931483	(00.014321 +- 00.000989)	[00.010098,00.032580]
01_filter          	    483	00.160872	(00.000333 +- 00.000034)	[00.000146,00.003050]
02_preint          	    481	00.027693	(00.000058 +- 00.000006)	[00.000034,00.000104]
03_undistortion    	    481	00.418460	(00.000870 +- 00.000225)	[00.000110,00.003138]
04_sampling        	    481	00.295430	(00.000614 +- 00.000113)	[00.000078,00.007567]
05_registration    	    481	00.663713	(00.001380 +- 00.000700)	[00.000289,00.006570]
06_map             	    481	00.460358	(00.000957 +- 00.000152)	[00.000144,00.004319]
07_imu_opt         	    481	00.968866	(00.002014 +- 00.001273)	[00.000001,00.006245]
08_publish         	    481	05.584384	(00.011610 +- 00.002071)	[00.000684,00.035620]
step               	    483	08.630862	(00.017869 +- 00.002872)	[00.000316,00.051684]

INFO  Timings:
SM Timing
-----------
00_conversion_livox	    485	06.943697	(00.014317 +- 00.000964)	[00.010098,00.032580]
01_filter          	    484	00.161058	(00.000333 +- 00.000034)	[00.000146,00.003050]
02_preint          	    482	00.027743	(00.000058 +- 00.000006)	[00.000034,00.000104]
03_undistortion    	    482	00.418664	(00.000869 +- 00.000226)	[00.000110,00.003138]
04_sampling        	    482	00.295581	(00.000613 +- 00.000114)	[00.000078,00.007567]
05_registration    	    482	00.664371	(00.001378 +- 00.000702)	[00.000289,00.006570]
06_map             	    482	00.460593	(00.000956 +- 00.000154)	[00.000144,00.004319]
07_imu_opt         	    482	00.972825	(00.002018 +- 00.001282)	[00.000001,00.006245]
08_publish         	    482	05.586426	(00.011590 +- 00.002085)	[00.000684,00.035620]
step               	    484	08.638400	(00.017848 +- 00.002877)	[00.000316,00.051684]

INFO  Timings:
SM Timing
-----------
00_conversion_livox	    486	06.956530	(00.014314 +- 00.000904)	[00.010098,00.032580]
01_filter          	    485	00.161247	(00.000332 +- 00.000034)	[00.000146,00.003050]
02_preint          	    483	00.027814	(00.000058 +- 00.000006)	[00.000034,00.000104]
03_undistortion    	    483	00.418928	(00.000867 +- 00.000226)	[00.000110,00.003138]
04_sampling        	    483	00.295758	(00.000612 +- 00.000115)	[00.000078,00.007567]
05_registration    	    483	00.664869	(00.001377 +- 00.000705)	[00.000289,00.006570]
06_map             	    483	00.460892	(00.000954 +- 00.000155)	[00.000144,00.004319]
07_imu_opt         	    483	00.974332	(00.002017 +- 00.001276)	[00.000001,00.006245]
08_publish         	    483	05.588351	(00.011570 +- 00.002100)	[00.000684,00.035620]
step               	    485	08.643399	(00.017821 +- 00.002908)	[00.000316,00.051684]

INFO  Timings:
SM Timing
-----------
00_conversion_livox	    487	06.969616	(00.014311 +- 00.000864)	[00.010098,00.032580]
01_filter          	    486	00.161438	(00.000332 +- 00.000034)	[00.000146,00.003050]
02_preint          	    484	00.027860	(00.000058 +- 00.000006)	[00.000034,00.000104]
03_undistortion    	    484	00.419183	(00.000866 +- 00.000226)	[00.000110,00.003138]
04_sampling        	    484	00.295935	(00.000611 +- 00.000115)	[00.000078,00.007567]
05_registration    	    484	00.665872	(00.001376 +- 00.000705)	[00.000289,00.006570]
06_map             	    484	00.461156	(00.000953 +- 00.000152)	[00.000144,00.004319]
07_imu_opt         	    484	00.975822	(00.002016 +- 00.001274)	[00.000001,00.006245]
08_publish         	    484	05.590296	(00.011550 +- 00.002106)	[00.000684,00.035620]
step               	    486	08.648821	(00.017796 +- 00.002940)	[00.000316,00.051684]

INFO  Timings:
SM Timing
-----------
00_conversion_livox	    488	06.982705	(00.014309 +- 00.000858)	[00.010098,00.032580]
01_filter          	    487	00.161604	(00.000332 +- 00.000035)	[00.000146,00.003050]
02_preint          	    485	00.027912	(00.000058 +- 00.000006)	[00.000034,00.000104]
03_undistortion    	    485	00.419393	(00.000865 +- 00.000227)	[00.000110,00.003138]
04_sampling        	    485	00.296071	(00.000610 +- 00.000116)	[00.000078,00.007567]
05_registration    	    485	00.666719	(00.001375 +- 00.000705)	[00.000289,00.006570]
06_map             	    485	00.461429	(00.000951 +- 00.000153)	[00.000144,00.004319]
07_imu_opt         	    485	00.980159	(00.002021 +- 00.001295)	[00.000001,00.006245]
08_publish         	    485	05.592082	(00.011530 +- 00.002110)	[00.000684,00.035620]
step               	    487	08.656688	(00.017776 +- 00.002937)	[00.000316,00.051684]

INFO  Timings:
SM Timing
-----------
00_conversion_livox	    489	06.995786	(00.014306 +- 00.000857)	[00.010098,00.032580]
01_filter          	    488	00.161775	(00.000332 +- 00.000034)	[00.000146,00.003050]
02_preint          	    486	00.027968	(00.000058 +- 00.000006)	[00.000034,00.000104]
03_undistortion    	    486	00.419579	(00.000863 +- 00.000227)	[00.000110,00.003138]
04_sampling        	    486	00.296190	(00.000609 +- 00.000117)	[00.000078,00.007567]
05_registration    	    486	00.667438	(00.001373 +- 00.000704)	[00.000289,00.006570]
06_map             	    486	00.461686	(00.000950 +- 00.000155)	[00.000144,00.004319]
07_imu_opt         	    486	00.981715	(00.002020 +- 00.001296)	[00.000001,00.006245]
08_publish         	    486	05.593633	(00.011510 +- 00.002120)	[00.000684,00.035620]
step               	    488	08.661356	(00.017749 +- 00.002984)	[00.000316,00.051684]

INFO  Timings:
SM Timing
-----------
00_conversion_livox	    490	07.008931	(00.014304 +- 00.000858)	[00.010098,00.032580]
01_filter          	    489	00.161940	(00.000331 +- 00.000035)	[00.000146,00.003050]
02_preint          	    487	00.028023	(00.000058 +- 00.000006)	[00.000034,00.000104]
03_undistortion    	    487	00.419796	(00.000862 +- 00.000220)	[00.000110,00.003138]
04_sampling        	    487	00.296336	(00.000608 +- 00.000117)	[00.000078,00.007567]
05_registration    	    487	00.668044	(00.001372 +- 00.000702)	[00.000289,00.006570]
06_map             	    487	00.461943	(00.000949 +- 00.000156)	[00.000144,00.004319]
07_imu_opt         	    487	00.986023	(00.002025 +- 00.001315)	[00.000001,00.006245]
08_publish         	    487	05.595117	(00.011489 +- 00.002131)	[00.000684,00.035620]
step               	    489	08.668649	(00.017727 +- 00.002978)	[00.000316,00.051684]

INFO  Timings:
SM Timing
-----------
00_conversion_livox	    491	07.022016	(00.014301 +- 00.000852)	[00.010098,00.032580]
01_filter          	    490	00.162120	(00.000331 +- 00.000035)	[00.000146,00.003050]
02_preint          	    488	00.028074	(00.000058 +- 00.000006)	[00.000034,00.000104]
03_undistortion    	    488	00.420040	(00.000861 +- 00.000219)	[00.000110,00.003138]
04_sampling        	    488	00.296479	(00.000608 +- 00.000117)	[00.000078,00.007567]
05_registration    	    488	00.668599	(00.001370 +- 00.000702)	[00.000289,00.006570]
06_map             	    488	00.462182	(00.000947 +- 00.000157)	[00.000144,00.004319]
07_imu_opt         	    488	00.990223	(00.002029 +- 00.001329)	[00.000001,00.006245]
08_publish         	    488	05.596641	(00.011469 +- 00.002138)	[00.000684,00.035620]
step               	    490	08.675847	(00.017706 +- 00.002975)	[00.000316,00.051684]

INFO  Timings:
SM Timing
-----------
00_conversion_livox	    492	07.035751	(00.014300 +- 00.000857)	[00.010098,00.032580]
01_filter          	    491	00.162273	(00.000330 +- 00.000036)	[00.000146,00.003050]
02_preint          	    489	00.028127	(00.000058 +- 00.000006)	[00.000034,00.000104]
03_undistortion    	    489	00.420263	(00.000859 +- 00.000217)	[00.000110,00.003138]
04_sampling        	    489	00.296609	(00.000607 +- 00.000117)	[00.000078,00.007567]
05_registration    	    489	00.669162	(00.001368 +- 00.000703)	[00.000289,00.006570]
06_map             	    489	00.462398	(00.000946 +- 00.000159)	[00.000144,00.004319]
07_imu_opt         	    489	00.991815	(00.002028 +- 00.001330)	[00.000001,00.006245]
08_publish         	    489	05.598466	(00.011449 +- 00.002134)	[00.000684,00.035620]
step               	    491	08.680659	(00.017680 +- 00.003010)	[00.000316,00.051684]

INFO  Timings:
SM Timing
-----------
00_conversion_livox	    493	07.050420	(00.014301 +- 00.000867)	[00.010098,00.032580]
01_filter          	    492	00.162449	(00.000330 +- 00.000035)	[00.000146,00.003050]
02_preint          	    490	00.028187	(00.000058 +- 00.000006)	[00.000034,00.000104]
03_undistortion    	    490	00.420528	(00.000858 +- 00.000214)	[00.000110,00.003138]
04_sampling        	    490	00.296753	(00.000606 +- 00.000115)	[00.000078,00.007567]
05_registration    	    490	00.670033	(00.001367 +- 00.000702)	[00.000289,00.006570]
06_map             	    490	00.462654	(00.000944 +- 00.000159)	[00.000144,00.004319]
07_imu_opt         	    490	00.996607	(00.002034 +- 00.001335)	[00.000001,00.006245]
08_publish         	    490	05.600566	(00.011430 +- 00.002125)	[00.000684,00.035620]
step               	    492	08.689389	(00.017661 +- 00.002929)	[00.000316,00.051684]

INFO  Timings:
SM Timing
-----------
00_conversion_livox	    494	07.064581	(00.014301 +- 00.000871)	[00.010098,00.032580]
01_filter          	    493	00.162640	(00.000330 +- 00.000035)	[00.000146,00.003050]
02_preint          	    491	00.028241	(00.000058 +- 00.000006)	[00.000034,00.000104]
03_undistortion    	    491	00.420823	(00.000857 +- 00.000214)	[00.000110,00.003138]
04_sampling        	    491	00.296891	(00.000605 +- 00.000115)	[00.000078,00.007567]
05_registration    	    491	00.670919	(00.001366 +- 00.000702)	[00.000289,00.006570]
06_map             	    491	00.463245	(00.000943 +- 00.000159)	[00.000144,00.004319]
07_imu_opt         	    491	01.001114	(00.002039 +- 00.001359)	[00.000001,00.006245]
08_publish         	    491	05.602728	(00.011411 +- 00.002126)	[00.000684,00.035620]
step               	    493	08.698271	(00.017644 +- 00.002928)	[00.000316,00.051684]

INFO  Timings:
SM Timing
-----------
00_conversion_livox	    495	07.078338	(00.014300 +- 00.000871)	[00.010098,00.032580]
01_filter          	    494	00.162825	(00.000330 +- 00.000035)	[00.000146,00.003050]
02_preint          	    492	00.028289	(00.000057 +- 00.000006)	[00.000034,00.000104]
03_undistortion    	    492	00.421053	(00.000856 +- 00.000214)	[00.000110,00.003138]
04_sampling        	    492	00.297031	(00.000604 +- 00.000116)	[00.000078,00.007567]
05_registration    	    492	00.671788	(00.001365 +- 00.000701)	[00.000289,00.006570]
06_map             	    492	00.463509	(00.000942 +- 00.000160)	[00.000144,00.004319]
07_imu_opt         	    492	01.002613	(00.002038 +- 00.001361)	[00.000001,00.006245]
08_publish         	    492	05.604846	(00.011392 +- 00.002131)	[00.000684,00.035620]
step               	    494	08.703678	(00.017619 +- 00.002953)	[00.000316,00.051684]

INFO  Timings:
SM Timing
-----------
00_conversion_livox	    496	07.091512	(00.014297 +- 00.000869)	[00.010098,00.032580]
01_filter          	    495	00.163024	(00.000329 +- 00.000035)	[00.000146,00.003050]
02_preint          	    493	00.028336	(00.000057 +- 00.000006)	[00.000034,00.000104]
03_undistortion    	    493	00.421292	(00.000855 +- 00.000215)	[00.000110,00.003138]
04_sampling        	    493	00.297190	(00.000603 +- 00.000115)	[00.000078,00.007567]
05_registration    	    493	00.672218	(00.001364 +- 00.000704)	[00.000289,00.006570]
06_map             	    493	00.463815	(00.000941 +- 00.000160)	[00.000144,00.004319]
07_imu_opt         	    493	01.006711	(00.002042 +- 00.001369)	[00.000001,00.006245]
08_publish         	    493	05.607031	(00.011373 +- 00.002137)	[00.000684,00.035620]
step               	    495	08.711398	(00.017599 +- 00.002952)	[00.000316,00.051684]

INFO  Timings:
SM Timing
-----------
00_conversion_livox	    497	07.104672	(00.014295 +- 00.000869)	[00.010098,00.032580]
01_filter          	    496	00.163238	(00.000329 +- 00.000035)	[00.000146,00.003050]
02_preint          	    494	00.028389	(00.000057 +- 00.000006)	[00.000034,00.000104]
03_undistortion    	    494	00.421543	(00.000853 +- 00.000215)	[00.000110,00.003138]
04_sampling        	    494	00.297370	(00.000602 +- 00.000116)	[00.000078,00.007567]
05_registration    	    494	00.673289	(00.001363 +- 00.000705)	[00.000289,00.006570]
06_map             	    494	00.464164	(00.000940 +- 00.000160)	[00.000144,00.004319]
07_imu_opt         	    494	01.008197	(00.002041 +- 00.001370)	[00.000001,00.006245]
08_publish         	    494	05.609643	(00.011356 +- 00.002138)	[00.000684,00.035620]
step               	    496	08.717664	(00.017576 +- 00.002955)	[00.000316,00.051684]

INFO  Timings:
SM Timing
-----------
00_conversion_livox	    498	07.118609	(00.014294 +- 00.000878)	[00.010098,00.032580]
01_filter          	    497	00.163450	(00.000329 +- 00.000035)	[00.000146,00.003050]
02_preint          	    495	00.028450	(00.000057 +- 00.000006)	[00.000034,00.000104]
03_undistortion    	    495	00.421891	(00.000852 +- 00.000215)	[00.000110,00.003138]
04_sampling        	    495	00.297655	(00.000601 +- 00.000116)	[00.000078,00.007567]
05_registration    	    495	00.674514	(00.001363 +- 00.000705)	[00.000289,00.006570]
06_map             	    495	00.464531	(00.000938 +- 00.000160)	[00.000144,00.004319]
07_imu_opt         	    495	01.009871	(00.002040 +- 00.001371)	[00.000001,00.006245]
08_publish         	    495	05.613206	(00.011340 +- 00.002138)	[00.000684,00.035620]
step               	    497	08.725481	(00.017556 +- 00.002945)	[00.000316,00.051684]

INFO  Timings:
SM Timing
-----------
00_conversion_livox	    499	07.133111	(00.014295 +- 00.000896)	[00.010098,00.032580]
01_filter          	    498	00.163675	(00.000329 +- 00.000035)	[00.000146,00.003050]
02_preint          	    496	00.028503	(00.000057 +- 00.000006)	[00.000034,00.000104]
03_undistortion    	    496	00.422180	(00.000851 +- 00.000214)	[00.000110,00.003138]
04_sampling        	    496	00.297974	(00.000601 +- 00.000116)	[00.000078,00.007567]
05_registration    	    496	00.675375	(00.001362 +- 00.000705)	[00.000289,00.006570]
06_map             	    496	00.464979	(00.000937 +- 00.000160)	[00.000144,00.004319]
07_imu_opt         	    496	01.011508	(00.002039 +- 00.001372)	[00.000001,00.006245]
08_publish         	    496	05.616800	(00.011324 +- 00.002138)	[00.000684,00.035620]
step               	    498	08.732973	(00.017536 +- 00.002938)	[00.000316,00.051684]

INFO  Timings:
SM Timing
-----------
00_conversion_livox	    500	07.146854	(00.014294 +- 00.000897)	[00.010098,00.032580]
01_filter          	    499	00.163890	(00.000328 +- 00.000035)	[00.000146,00.003050]
02_preint          	    497	00.028558	(00.000057 +- 00.000006)	[00.000034,00.000104]
03_undistortion    	    497	00.422546	(00.000850 +- 00.000214)	[00.000110,00.003138]
04_sampling        	    497	00.298352	(00.000600 +- 00.000117)	[00.000078,00.007567]
05_registration    	    497	00.676467	(00.001361 +- 00.000705)	[00.000289,00.006570]
06_map             	    497	00.465426	(00.000936 +- 00.000160)	[00.000144,00.004319]
07_imu_opt         	    497	01.012994	(00.002038 +- 00.001379)	[00.000001,00.006245]
08_publish         	    497	05.620351	(00.011309 +- 00.002136)	[00.000684,00.035620]
step               	    499	08.740622	(00.017516 +- 00.002928)	[00.000316,00.051684]

INFO  Timings:
SM Timing
-----------
00_conversion_livox	    501	07.160002	(00.014291 +- 00.000894)	[00.010098,00.032580]
01_filter          	    500	00.164086	(00.000328 +- 00.000035)	[00.000146,00.003050]
02_preint          	    498	00.028612	(00.000057 +- 00.000006)	[00.000034,00.000104]
03_undistortion    	    498	00.422846	(00.000849 +- 00.000213)	[00.000110,00.003138]
04_sampling        	    498	00.298624	(00.000600 +- 00.000117)	[00.000078,00.007567]
05_registration    	    498	00.676872	(00.001359 +- 00.000707)	[00.000289,00.006570]
06_map             	    498	00.465780	(00.000935 +- 00.000159)	[00.000144,00.004319]
07_imu_opt         	    498	01.014627	(00.002037 +- 00.001331)	[00.000001,00.006245]
08_publish         	    498	05.623824	(00.011293 +- 00.002130)	[00.000684,00.035620]
step               	    500	08.747396	(00.017495 +- 00.002926)	[00.000316,00.051684]

INFO  Timings:
SM Timing
-----------
00_conversion_livox	    502	07.174396	(00.014292 +- 00.000911)	[00.010098,00.032580]
01_filter          	    501	00.164284	(00.000328 +- 00.000035)	[00.000146,00.003050]
02_preint          	    499	00.028675	(00.000057 +- 00.000006)	[00.000034,00.000104]
03_undistortion    	    499	00.423226	(00.000848 +- 00.000213)	[00.000110,00.003138]
04_sampling        	    499	00.298808	(00.000599 +- 00.000116)	[00.000078,00.007567]
05_registration    	    499	00.677744	(00.001358 +- 00.000707)	[00.000289,00.006570]
06_map             	    499	00.466143	(00.000934 +- 00.000158)	[00.000144,00.004319]
07_imu_opt         	    499	01.019201	(00.002042 +- 00.001352)	[00.000001,00.006245]
08_publish         	    499	05.627107	(00.011277 +- 00.002119)	[00.000684,00.035620]
step               	    501	08.757366	(00.017480 +- 00.002907)	[00.000316,00.051684]

INFO  Timings:
SM Timing
-----------
00_conversion_livox	    503	07.189432	(00.014293 +- 00.000951)	[00.010098,00.032580]
01_filter          	    502	00.164501	(00.000328 +- 00.000035)	[00.000146,00.003050]
02_preint          	    500	00.028741	(00.000057 +- 00.000006)	[00.000034,00.000104]
03_undistortion    	    500	00.423513	(00.000847 +- 00.000213)	[00.000110,00.003138]
04_sampling        	    500	00.299001	(00.000598 +- 00.000116)	[00.000078,00.007567]
05_registration    	    500	00.678936	(00.001358 +- 00.000706)	[00.000289,00.006570]
06_map             	    500	00.466500	(00.000933 +- 00.000157)	[00.000144,00.004319]
07_imu_opt         	    500	01.020916	(00.002042 +- 00.001355)	[00.000001,00.006245]
08_publish         	    500	05.629941	(00.011260 +- 00.002108)	[00.000684,00.035620]
step               	    502	08.764303	(00.017459 +- 00.002896)	[00.000316,00.051684]

INFO  Timings:
SM Timing
-----------
00_conversion_livox	    504	07.204208	(00.014294 +- 00.000978)	[00.010098,00.032580]
01_filter          	    503	00.164727	(00.000327 +- 00.000035)	[00.000146,00.003050]
02_preint          	    501	00.028792	(00.000057 +- 00.000006)	[00.000034,00.000104]
03_undistortion    	    501	00.423743	(00.000846 +- 00.000213)	[00.000110,00.003138]
04_sampling        	    501	00.299189	(00.000597 +- 00.000115)	[00.000078,00.007567]
05_registration    	    501	00.679566	(00.001356 +- 00.000707)	[00.000289,00.006570]
06_map             	    501	00.466814	(00.000932 +- 00.000156)	[00.000144,00.004319]
07_imu_opt         	    501	01.022481	(00.002041 +- 00.001325)	[00.000001,00.006245]
08_publish         	    501	05.632141	(00.011242 +- 00.002103)	[00.000684,00.035620]
step               	    503	08.769775	(00.017435 +- 00.002922)	[00.000316,00.051684]

INFO  Timings:
SM Timing
-----------
00_conversion_livox	    505	07.218231	(00.014294 +- 00.000983)	[00.010098,00.032580]
01_filter          	    504	00.164927	(00.000327 +- 00.000035)	[00.000146,00.003050]
02_preint          	    502	00.028844	(00.000057 +- 00.000006)	[00.000034,00.000104]
03_undistortion    	    502	00.423991	(00.000845 +- 00.000213)	[00.000110,00.003138]
04_sampling        	    502	00.299345	(00.000596 +- 00.000115)	[00.000078,00.007567]
05_registration    	    502	00.680619	(00.001356 +- 00.000707)	[00.000289,00.006570]
06_map             	    502	00.467072	(00.000930 +- 00.000156)	[00.000144,00.004319]
07_imu_opt         	    502	01.023956	(00.002040 +- 00.001326)	[00.000001,00.006245]
08_publish         	    502	05.634008	(00.011223 +- 00.002104)	[00.000684,00.035620]
step               	    504	08.775157	(00.017411 +- 00.002924)	[00.000316,00.051684]

INFO  Timings:
SM Timing
-----------
00_conversion_livox	    506	07.231882	(00.014292 +- 00.000805)	[00.010098,00.032580]
01_filter          	    505	00.165099	(00.000327 +- 00.000035)	[00.000146,00.003050]
02_preint          	    503	00.028906	(00.000057 +- 00.000006)	[00.000034,00.000104]
03_undistortion    	    503	00.424202	(00.000843 +- 00.000213)	[00.000110,00.003138]
04_sampling        	    503	00.299462	(00.000595 +- 00.000116)	[00.000078,00.007567]
05_registration    	    503	00.681253	(00.001354 +- 00.000707)	[00.000289,00.006570]
06_map             	    503	00.467318	(00.000929 +- 00.000156)	[00.000144,00.004319]
07_imu_opt         	    503	01.025458	(00.002039 +- 00.001327)	[00.000001,00.006245]
08_publish         	    503	05.635622	(00.011204 +- 00.002110)	[00.000684,00.035620]
step               	    505	08.779779	(00.017386 +- 00.002936)	[00.000316,00.051684]

INFO  Timings:
SM Timing
-----------
00_conversion_livox	    507	07.245073	(00.014290 +- 00.000804)	[00.010098,00.032580]
01_filter          	    506	00.165293	(00.000327 +- 00.000035)	[00.000146,00.003050]
02_preint          	    504	00.028955	(00.000057 +- 00.000006)	[00.000034,00.000104]
03_undistortion    	    504	00.424388	(00.000842 +- 00.000214)	[00.000110,00.003138]
04_sampling        	    504	00.299581	(00.000594 +- 00.000116)	[00.000078,00.007567]
05_registration    	    504	00.681996	(00.001353 +- 00.000707)	[00.000289,00.006570]
06_map             	    504	00.467582	(00.000928 +- 00.000156)	[00.000144,00.004319]
07_imu_opt         	    504	01.026957	(00.002038 +- 00.001309)	[00.000001,00.006245]
08_publish         	    504	05.637055	(00.011185 +- 00.002123)	[00.000684,00.035620]
step               	    506	08.784318	(00.017360 +- 00.002978)	[00.000316,00.051684]

INFO  Timings:
SM Timing
-----------
00_conversion_livox	    508	07.258516	(00.014288 +- 00.000805)	[00.010098,00.032580]
01_filter          	    507	00.165466	(00.000326 +- 00.000034)	[00.000146,00.003050]
02_preint          	    505	00.029009	(00.000057 +- 00.000006)	[00.000034,00.000104]
03_undistortion    	    505	00.424564	(00.000841 +- 00.000214)	[00.000110,00.003138]
04_sampling        	    505	00.299709	(00.000593 +- 00.000117)	[00.000078,00.007567]
05_registration    	    505	00.683063	(00.001353 +- 00.000705)	[00.000289,00.006570]
06_map             	    505	00.467757	(00.000926 +- 00.000158)	[00.000144,00.004319]
07_imu_opt         	    505	01.028515	(00.002037 +- 00.001280)	[00.000001,00.006245]
08_publish         	    505	05.638235	(00.011165 +- 00.002143)	[00.000684,00.035620]
step               	    507	08.788893	(00.017335 +- 00.003010)	[00.000316,00.051684]

INFO  Timings:
SM Timing
-----------
00_conversion_livox	    509	07.272867	(00.014289 +- 00.000823)	[00.010098,00.032580]
01_filter          	    508	00.165635	(00.000326 +- 00.000035)	[00.000146,00.003050]
02_preint          	    506	00.029065	(00.000057 +- 00.000006)	[00.000034,00.000104]
03_undistortion    	    506	00.424720	(00.000839 +- 00.000215)	[00.000110,00.003138]
04_sampling        	    506	00.299848	(00.000593 +- 00.000118)	[00.000078,00.007567]
05_registration    	    506	00.684322	(00.001352 +- 00.000702)	[00.000289,00.006570]
06_map             	    506	00.467929	(00.000925 +- 00.000160)	[00.000144,00.004319]
07_imu_opt         	    506	01.030523	(00.002037 +- 00.001275)	[00.000001,00.006245]
08_publish         	    506	05.639294	(00.011145 +- 00.002165)	[00.000684,00.035620]
step               	    508	08.793974	(00.017311 +- 00.003024)	[00.000316,00.051684]

INFO  Timings:
SM Timing
-----------
00_conversion_livox	    510	07.287564	(00.014289 +- 00.000851)	[00.010098,00.032580]
01_filter          	    509	00.165803	(00.000326 +- 00.000035)	[00.000146,00.003050]
02_preint          	    507	00.029122	(00.000057 +- 00.000006)	[00.000034,00.000104]
03_undistortion    	    507	00.424879	(00.000838 +- 00.000217)	[00.000110,00.003138]
04_sampling        	    507	00.299951	(00.000592 +- 00.000119)	[00.000078,00.007567]
05_registration    	    507	00.684841	(00.001351 +- 00.000704)	[00.000289,00.006570]
06_map             	    507	00.468112	(00.000923 +- 00.000163)	[00.000144,00.004319]
07_imu_opt         	    507	01.032216	(00.002036 +- 00.001271)	[00.000001,00.006245]
08_publish         	    507	05.640284	(00.011125 +- 00.002188)	[00.000684,00.035620]
step               	    509	08.797910	(00.017285 +- 00.003066)	[00.000316,00.051684]

INFO  Timings:
SM Timing
-----------
00_conversion_livox	    511	07.301426	(00.014289 +- 00.000854)	[00.010098,00.032580]
01_filter          	    510	00.165967	(00.000325 +- 00.000036)	[00.000146,00.003050]
02_preint          	    508	00.029173	(00.000057 +- 00.000006)	[00.000034,00.000104]
03_undistortion    	    508	00.425040	(00.000837 +- 00.000218)	[00.000110,00.003138]
04_sampling        	    508	00.300057	(00.000591 +- 00.000120)	[00.000078,00.007567]
05_registration    	    508	00.685710	(00.001350 +- 00.000704)	[00.000289,00.006570]
06_map             	    508	00.468269	(00.000922 +- 00.000165)	[00.000144,00.004319]
07_imu_opt         	    508	01.036691	(00.002041 +- 00.001294)	[00.000001,00.006245]
08_publish         	    508	05.641558	(00.011105 +- 00.002203)	[00.000684,00.035620]
step               	    510	08.805242	(00.017265 +- 00.003053)	[00.000316,00.051684]

INFO  Timings:
SM Timing
-----------
00_conversion_livox	    512	07.314550	(00.014286 +- 00.000847)	[00.010098,00.032580]
01_filter          	    511	00.166148	(00.000325 +- 00.000036)	[00.000146,00.003050]
02_preint          	    509	00.029224	(00.000057 +- 00.000006)	[00.000034,00.000104]
03_undistortion    	    509	00.425245	(00.000835 +- 00.000218)	[00.000110,00.003138]
04_sampling        	    509	00.300180	(00.000590 +- 00.000121)	[00.000078,00.007567]
05_registration    	    509	00.686425	(00.001349 +- 00.000704)	[00.000289,00.006570]
06_map             	    509	00.468516	(00.000920 +- 00.000166)	[00.000144,00.004319]
07_imu_opt         	    509	01.038222	(00.002040 +- 00.001281)	[00.000001,00.006245]
08_publish         	    509	05.643152	(00.011087 +- 00.002212)	[00.000684,00.035620]
step               	    511	08.809937	(00.017241 +- 00.003086)	[00.000316,00.051684]

INFO  Timings:
SM Timing
-----------
00_conversion_livox	    513	07.328067	(00.014285 +- 00.000845)	[00.010098,00.032580]
01_filter          	    512	00.166345	(00.000325 +- 00.000036)	[00.000146,00.003050]
02_preint          	    510	00.029285	(00.000057 +- 00.000006)	[00.000034,00.000104]
03_undistortion    	    510	00.425519	(00.000834 +- 00.000217)	[00.000110,00.003138]
04_sampling        	    510	00.300354	(00.000589 +- 00.000121)	[00.000078,00.007567]
05_registration    	    510	00.686863	(00.001347 +- 00.000703)	[00.000289,00.006570]
06_map             	    510	00.468795	(00.000919 +- 00.000167)	[00.000144,00.004319]
07_imu_opt         	    510	01.039901	(00.002039 +- 00.001279)	[00.000001,00.006245]
08_publish         	    510	05.645692	(00.011070 +- 00.002213)	[00.000684,00.035620]
step               	    512	08.815663	(00.017218 +- 00.003082)	[00.000316,00.051684]

INFO  Timings:
SM Timing
-----------
00_conversion_livox	    514	07.342220	(00.014284 +- 00.000840)	[00.010098,00.032580]
01_filter          	    513	00.166603	(00.000325 +- 00.000036)	[00.000146,00.003050]
02_preint          	    511	00.029346	(00.000057 +- 00.000006)	[00.000034,00.000104]
03_undistortion    	    511	00.425931	(00.000834 +- 00.000218)	[00.000110,00.003138]
04_sampling        	    511	00.300699	(00.000588 +- 00.000122)	[00.000078,00.007567]
05_registration    	    511	00.687547	(00.001345 +- 00.000702)	[00.000289,00.006570]
06_map             	    511	00.469279	(00.000918 +- 00.000167)	[00.000144,00.004319]
07_imu_opt         	    511	01.045412	(00.002046 +- 00.001337)	[00.000001,00.006245]
08_publish         	    511	05.649984	(00.011057 +- 00.002217)	[00.000684,00.035620]
step               	    513	08.827799	(00.017208 +- 00.003129)	[00.000316,00.051684]

INFO  Timings:
SM Timing
-----------
00_conversion_livox	    515	07.356164	(00.014284 +- 00.000822)	[00.010098,00.032580]
01_filter          	    514	00.166868	(00.000325 +- 00.000037)	[00.000146,00.003050]
02_preint          	    512	00.029386	(00.000057 +- 00.000006)	[00.000034,00.000104]
03_undistortion    	    512	00.426431	(00.000833 +- 00.000219)	[00.000110,00.003138]
04_sampling        	    512	00.301027	(00.000588 +- 00.000122)	[00.000078,00.007567]
05_registration    	    512	00.688512	(00.001345 +- 00.000700)	[00.000289,00.006570]
06_map             	    512	00.469792	(00.000918 +- 00.000168)	[00.000144,00.004319]
07_imu_opt         	    512	01.046918	(00.002045 +- 00.001334)	[00.000001,00.006245]
08_publish         	    512	05.655853	(00.011047 +- 00.002244)	[00.000684,00.035620]
step               	    514	08.837855	(00.017194 +- 00.003122)	[00.000316,00.051684]

INFO  Timings:
SM Timing
-----------
00_conversion_livox	    516	07.369248	(00.014281 +- 00.000795)	[00.010098,00.032580]
01_filter          	    515	00.167157	(00.000325 +- 00.000039)	[00.000146,00.003050]
02_preint          	    513	00.029430	(00.000057 +- 00.000006)	[00.000034,00.000104]
03_undistortion    	    513	00.426879	(00.000832 +- 00.000218)	[00.000110,00.003138]
04_sampling        	    513	00.301446	(00.000588 +- 00.000122)	[00.000078,00.007567]
05_registration    	    513	00.690182	(00.001345 +- 00.000706)	[00.000289,00.006570]
06_map             	    513	00.470504	(00.000917 +- 00.000171)	[00.000144,00.004319]
07_imu_opt         	    513	01.048529	(00.002044 +- 00.001331)	[00.000001,00.006245]
08_publish         	    513	05.663071	(00.011039 +- 00.002277)	[00.000684,00.035620]
step               	    515	08.850358	(00.017185 +- 00.003174)	[00.000316,00.051684]

INFO  Timings:
SM Timing
-----------
00_conversion_livox	    517	07.382426	(00.014279 +- 00.000768)	[00.010098,00.032580]
01_filter          	    516	00.167510	(00.000325 +- 00.000043)	[00.000146,00.003050]
02_preint          	    514	00.029485	(00.000057 +- 00.000006)	[00.000034,00.000104]
03_undistortion    	    514	00.427690	(00.000832 +- 00.000173)	[00.000110,00.003138]
04_sampling        	    514	00.301875	(00.000587 +- 00.000121)	[00.000078,00.007567]
05_registration    	    514	00.691558	(00.001345 +- 00.000708)	[00.000289,00.006570]
06_map             	    514	00.471216	(00.000917 +- 00.000174)	[00.000144,00.004319]
07_imu_opt         	    514	01.050115	(00.002043 +- 00.001329)	[00.000001,00.006245]
08_publish         	    514	05.671103	(00.011033 +- 00.002272)	[00.000684,00.035620]
step               	    516	08.863775	(00.017178 +- 00.003182)	[00.000316,00.051684]

INFO  Timings:
SM Timing
-----------
00_conversion_livox	    518	07.395615	(00.014277 +- 00.000767)	[00.010098,00.032580]
01_filter          	    517	00.167829	(00.000325 +- 00.000044)	[00.000146,00.003050]
02_preint          	    515	00.029541	(00.000057 +- 00.000006)	[00.000034,00.000104]
03_undistortion    	    515	00.428403	(00.000832 +- 00.000170)	[00.000110,00.003138]
04_sampling        	    515	00.302373	(00.000587 +- 00.000116)	[00.000078,00.007567]
05_registration    	    515	00.692134	(00.001344 +- 00.000710)	[00.000289,00.006570]
06_map             	    515	00.472085	(00.000917 +- 00.000177)	[00.000144,00.004319]
07_imu_opt         	    515	01.054453	(00.002047 +- 00.001346)	[00.000001,00.006245]
08_publish         	    515	05.680683	(00.011030 +- 00.002280)	[00.000684,00.035620]
step               	    517	08.880798	(00.017178 +- 00.003308)	[00.000316,00.051684]

INFO  Timings:
SM Timing
-----------
00_conversion_livox	    519	07.408850	(00.014275 +- 00.000766)	[00.010098,00.032580]
01_filter          	    518	00.168135	(00.000325 +- 00.000044)	[00.000146,00.003050]
02_preint          	    516	00.029595	(00.000057 +- 00.000006)	[00.000034,00.000104]
03_undistortion    	    516	00.429265	(00.000832 +- 00.000171)	[00.000110,00.003138]
04_sampling        	    516	00.302931	(00.000587 +- 00.000117)	[00.000078,00.007567]
05_registration    	    516	00.693781	(00.001345 +- 00.000716)	[00.000289,00.006570]
06_map             	    516	00.472994	(00.000917 +- 00.000181)	[00.000144,00.004319]
07_imu_opt         	    516	01.055938	(00.002046 +- 00.001348)	[00.000001,00.006245]
08_publish         	    516	05.691533	(00.011030 +- 00.002352)	[00.000684,00.035620]
step               	    518	08.897556	(00.017177 +- 00.003398)	[00.000316,00.051684]

INFO  Timings:
SM Timing
-----------
00_conversion_livox	    520	07.422064	(00.014273 +- 00.000766)	[00.010098,00.032580]
01_filter          	    519	00.168421	(00.000325 +- 00.000044)	[00.000146,00.003050]
02_preint          	    517	00.029642	(00.000057 +- 00.000006)	[00.000034,00.000104]
03_undistortion    	    517	00.430191	(00.000832 +- 00.000180)	[00.000110,00.003138]
04_sampling        	    517	00.303480	(00.000587 +- 00.000120)	[00.000078,00.007567]
05_registration    	    517	00.695241	(00.001345 +- 00.000719)	[00.000289,00.006570]
06_map             	    517	00.473771	(00.000916 +- 00.000180)	[00.000144,00.004319]
07_imu_opt         	    517	01.060411	(00.002051 +- 00.001355)	[00.000001,00.006245]
08_publish         	    517	05.703886	(00.011033 +- 00.002538)	[00.000684,00.035620]
step               	    519	08.918499	(00.017184 +- 00.003637)	[00.000316,00.051684]

INFO  Timings:
SM Timing
-----------
00_conversion_livox	    521	07.435891	(00.014272 +- 00.000768)	[00.010098,00.032580]
01_filter          	    520	00.168723	(00.000324 +- 00.000045)	[00.000146,00.003050]
02_preint          	    518	00.029699	(00.000057 +- 00.000006)	[00.000034,00.000104]
03_undistortion    	    518	00.431131	(00.000832 +- 00.000192)	[00.000110,00.003138]
04_sampling        	    518	00.304068	(00.000587 +- 00.000127)	[00.000078,00.007567]
05_registration    	    518	00.696448	(00.001344 +- 00.000719)	[00.000289,00.006570]
06_map             	    518	00.474769	(00.000917 +- 00.000194)	[00.000144,00.004319]
07_imu_opt         	    518	01.061939	(00.002050 +- 00.001359)	[00.000001,00.006245]
08_publish         	    518	05.716688	(00.011036 +- 00.002782)	[00.000684,00.035620]
step               	    520	08.937004	(00.017187 +- 00.003858)	[00.000316,00.051684]

INFO  Timings:
SM Timing
-----------
00_conversion_livox	    522	07.450265	(00.014273 +- 00.000779)	[00.010098,00.032580]
01_filter          	    521	00.169071	(00.000325 +- 00.000048)	[00.000146,00.003050]
02_preint          	    519	00.029756	(00.000057 +- 00.000006)	[00.000034,00.000104]
03_undistortion    	    519	00.432396	(00.000833 +- 00.000232)	[00.000110,00.003138]
04_sampling        	    519	00.305148	(00.000588 +- 00.000171)	[00.000078,00.007567]
05_registration    	    519	00.698066	(00.001345 +- 00.000333)	[00.000289,00.006570]
06_map             	    519	00.475848	(00.000917 +- 00.000213)	[00.000144,00.004319]
07_imu_opt         	    519	01.063681	(00.002049 +- 00.001359)	[00.000001,00.006245]
08_publish         	    519	05.731007	(00.011042 +- 00.003135)	[00.000684,00.035620]
step               	    521	08.958606	(00.017195 +- 00.004145)	[00.000316,00.051684]

INFO  Timings:
SM Timing
-----------
00_conversion_livox	    523	07.465062	(00.014274 +- 00.000801)	[00.010098,00.032580]
01_filter          	    522	00.169403	(00.000325 +- 00.000051)	[00.000146,00.003050]
02_preint          	    520	00.029816	(00.000057 +- 00.000006)	[00.000034,00.000104]
03_undistortion    	    520	00.433287	(00.000833 +- 00.000244)	[00.000110,00.003138]
04_sampling        	    520	00.305813	(00.000588 +- 00.000180)	[00.000078,00.007567]
05_registration    	    520	00.699193	(00.001345 +- 00.000334)	[00.000289,00.006570]
06_map             	    520	00.476825	(00.000917 +- 00.000228)	[00.000144,00.004319]
07_imu_opt         	    520	01.065278	(00.002049 +- 00.001358)	[00.000001,00.006245]
08_publish         	    520	05.745153	(00.011048 +- 00.003463)	[00.000684,00.035620]
step               	    522	08.978592	(00.017200 +- 00.004449)	[00.000316,00.051684]

INFO  Timings:
SM Timing
-----------
00_conversion_livox	    524	07.479358	(00.014274 +- 00.000809)	[00.010098,00.032580]
01_filter          	    523	00.169763	(00.000325 +- 00.000055)	[00.000146,00.003050]
02_preint          	    521	00.029877	(00.000057 +- 00.000006)	[00.000034,00.000104]
03_undistortion    	    521	00.434251	(00.000833 +- 00.000258)	[00.000110,00.003138]
04_sampling        	    521	00.306473	(00.000588 +- 00.000188)	[00.000078,00.007567]
05_registration    	    521	00.700182	(00.001344 +- 00.000334)	[00.000289,00.006570]
06_map             	    521	00.477906	(00.000917 +- 00.000247)	[00.000144,00.004319]
07_imu_opt         	    521	01.066928	(00.002048 +- 00.001343)	[00.000001,00.006245]
08_publish         	    521	05.759100	(00.011054 +- 00.003739)	[00.000684,00.035620]
step               	    523	08.998395	(00.017205 +- 00.004713)	[00.000316,00.051684]

INFO  Timings:
SM Timing
-----------
00_conversion_livox	    525	07.493149	(00.014273 +- 00.000809)	[00.010098,00.032580]
01_filter          	    524	00.170147	(00.000325 +- 00.000059)	[00.000146,00.003050]
02_preint          	    522	00.029936	(00.000057 +- 00.000006)	[00.000034,00.000104]
03_undistortion    	    522	00.435352	(00.000834 +- 00.000277)	[00.000110,00.003138]
04_sampling        	    522	00.307122	(00.000588 +- 00.000195)	[00.000078,00.007567]
05_registration    	    522	00.703942	(00.001349 +- 00.000521)	[00.000289,00.006570]
06_map             	    522	00.478920	(00.000917 +- 00.000260)	[00.000144,00.004319]
07_imu_opt         	    522	01.068544	(00.002047 +- 00.001327)	[00.000001,00.006245]
08_publish         	    522	05.774471	(00.011062 +- 00.004055)	[00.000684,00.035620]
step               	    524	09.022431	(00.017218 +- 00.005169)	[00.000316,00.051684]

INFO  Timings:
SM Timing
-----------
00_conversion_livox	    526	07.509489	(00.014277 +- 00.000903)	[00.010098,00.032580]
01_filter          	    525	00.170546	(00.000325 +- 00.000064)	[00.000146,00.003050]
02_preint          	    523	00.030001	(00.000057 +- 00.000006)	[00.000034,00.000104]
03_undistortion    	    523	00.436803	(00.000835 +- 00.000314)	[00.000110,00.003138]
04_sampling        	    523	00.307880	(00.000589 +- 00.000206)	[00.000078,00.007567]
05_registration    	    523	00.705815	(00.001350 +- 00.000533)	[00.000289,00.006570]
06_map             	    523	00.480220	(00.000918 +- 00.000286)	[00.000144,00.004319]
07_imu_opt         	    523	01.073932	(00.002053 +- 00.001380)	[00.000001,00.006245]
08_publish         	    523	05.791773	(00.011074 +- 00.004436)	[00.000684,00.035620]
step               	    525	09.051078	(00.017240 +- 00.005821)	[00.000316,00.051684]

INFO  Timings:
SM Timing
-----------
00_conversion_livox	    527	07.525558	(00.014280 +- 00.000962)	[00.010098,00.032580]
01_filter          	    526	00.170896	(00.000325 +- 00.000066)	[00.000146,00.003050]
02_preint          	    524	00.030043	(00.000057 +- 00.000006)	[00.000034,00.000104]
03_undistortion    	    524	00.437947	(00.000836 +- 00.000330)	[00.000110,00.003138]
04_sampling        	    524	00.308633	(00.000589 +- 00.000215)	[00.000078,00.007567]
05_registration    	    524	00.706922	(00.001349 +- 00.000533)	[00.000289,00.006570]
06_map             	    524	00.481315	(00.000919 +- 00.000299)	[00.000144,00.004319]
07_imu_opt         	    524	01.075861	(00.002053 +- 00.001366)	[00.000001,00.006245]
08_publish         	    524	05.807479	(00.011083 +- 00.004691)	[00.000684,00.035620]
step               	    526	09.073275	(00.017250 +- 00.006080)	[00.000316,00.051684]

INFO  Timings:
SM Timing
-----------
00_conversion_livox	    528	07.540845	(00.014282 +- 00.000968)	[00.010098,00.032580]
01_filter          	    527	00.171293	(00.000325 +- 00.000070)	[00.000146,00.003050]
02_preint          	    525	00.030123	(00.000057 +- 00.000007)	[00.000034,00.000104]
03_undistortion    	    525	00.439018	(00.000836 +- 00.000341)	[00.000110,00.003138]
04_sampling        	    525	00.309308	(00.000589 +- 00.000222)	[00.000078,00.007567]
05_registration    	    525	00.708487	(00.001349 +- 00.000533)	[00.000289,00.006570]
06_map             	    525	00.482359	(00.000919 +- 00.000309)	[00.000144,00.004319]
07_imu_opt         	    525	01.077655	(00.002053 +- 00.001362)	[00.000001,00.006245]
08_publish         	    525	05.821952	(00.011089 +- 00.004869)	[00.000684,00.035620]
step               	    527	09.094474	(00.017257 +- 00.006252)	[00.000316,00.051684]

INFO  Timings:
SM Timing
-----------
00_conversion_livox	    529	07.555950	(00.014283 +- 00.000958)	[00.010098,00.032580]
01_filter          	    528	00.171650	(00.000325 +- 00.000072)	[00.000146,00.003050]
02_preint          	    526	00.030182	(00.000057 +- 00.000007)	[00.000034,00.000104]
03_undistortion    	    526	00.440345	(00.000837 +- 00.000361)	[00.000110,00.003138]
04_sampling        	    526	00.309951	(00.000589 +- 00.000226)	[00.000078,00.007567]
05_registration    	    526	00.709561	(00.001349 +- 00.000532)	[00.000289,00.006570]
06_map             	    526	00.483471	(00.000919 +- 00.000321)	[00.000144,00.004319]
07_imu_opt         	    526	01.080602	(00.002054 +- 00.001346)	[00.000001,00.006245]
08_publish         	    526	05.836756	(00.011096 +- 00.005046)	[00.000684,00.035620]
step               	    528	09.116889	(00.017267 +- 00.006479)	[00.000316,00.051684]

INFO  Timings:
SM Timing
-----------
00_conversion_livox	    530	07.571839	(00.014286 +- 00.000976)	[00.010098,00.032580]
01_filter          	    529	00.171974	(00.000325 +- 00.000073)	[00.000146,00.003050]
02_preint          	    527	00.030255	(00.000057 +- 00.000008)	[00.000034,00.000104]
03_undistortion    	    527	00.441309	(00.000837 +- 00.000367)	[00.000110,00.003138]
04_sampling        	    527	00.310656	(00.000589 +- 00.000233)	[00.000078,00.007567]
05_registration    	    527	00.710545	(00.001348 +- 00.000529)	[00.000289,00.006570]
06_map             	    527	00.484574	(00.000919 +- 00.000332)	[00.000144,00.004319]
07_imu_opt         	    527	01.082427	(00.002054 +- 00.001341)	[00.000001,00.006245]
08_publish         	    527	05.850953	(00.011102 +- 00.005185)	[00.000684,00.035620]
step               	    529	09.137167	(00.017273 +- 00.006596)	[00.000316,00.051684]

INFO  Timings:
SM Timing
-----------
00_conversion_livox	    531	07.587131	(00.014288 +- 00.000963)	[00.010098,00.032580]
01_filter          	    530	00.172315	(00.000325 +- 00.000074)	[00.000146,00.003050]
02_preint          	    528	00.030329	(00.000057 +- 00.000008)	[00.000034,00.000104]
03_undistortion    	    528	00.442284	(00.000838 +- 00.000372)	[00.000110,00.003138]
04_sampling        	    528	00.311277	(00.000590 +- 00.000236)	[00.000078,00.007567]
05_registration    	    528	00.711976	(00.001348 +- 00.000530)	[00.000289,00.006570]
06_map             	    528	00.485666	(00.000920 +- 00.000341)	[00.000144,00.004319]
07_imu_opt         	    528	01.087433	(00.002060 +- 00.001367)	[00.000001,00.006245]
08_publish         	    528	05.864945	(00.011108 +- 00.005303)	[00.000684,00.035620]
step               	    530	09.160815	(00.017285 +- 00.006837)	[00.000316,00.051684]

INFO  Timings:
SM Timing
-----------
00_conversion_livox	    532	07.602561	(00.014291 +- 00.000960)	[00.010098,00.032580]
01_filter          	    531	00.172649	(00.000325 +- 00.000075)	[00.000146,00.003050]
02_preint          	    529	00.030400	(00.000057 +- 00.000008)	[00.000034,00.000104]
03_undistortion    	    529	00.443331	(00.000838 +- 00.000380)	[00.000110,00.003138]
04_sampling        	    529	00.311938	(00.000590 +- 00.000240)	[00.000078,00.007567]
05_registration    	    529	00.713680	(00.001349 +- 00.000535)	[00.000289,00.006570]
06_map             	    529	00.486730	(00.000920 +- 00.000348)	[00.000144,00.004319]
07_imu_opt         	    529	01.089582	(00.002060 +- 00.001360)	[00.000001,00.006245]
08_publish         	    529	05.881008	(00.011117 +- 00.005478)	[00.000684,00.035620]
step               	    531	09.183981	(00.017296 +- 00.007009)	[00.000316,00.051684]

INFO  Timings:
SM Timing
-----------
00_conversion_livox	    533	07.622362	(00.014301 +- 00.001239)	[00.010098,00.032580]
01_filter          	    532	00.173036	(00.000325 +- 00.000078)	[00.000146,00.003050]
02_preint          	    530	00.030475	(00.000058 +- 00.000008)	[00.000034,00.000104]
03_undistortion    	    530	00.444808	(00.000839 +- 00.000401)	[00.000110,00.003138]
04_sampling        	    530	00.312617	(00.000590 +- 00.000244)	[00.000078,00.007567]
05_registration    	    530	00.714967	(00.001349 +- 00.000534)	[00.000289,00.006570]
06_map             	    530	00.487873	(00.000921 +- 00.000358)	[00.000144,00.004319]
07_imu_opt         	    530	01.091784	(00.002060 +- 00.001351)	[00.000001,00.006245]
08_publish         	    530	05.896879	(00.011126 +- 00.005626)	[00.000684,00.035620]
step               	    532	09.207205	(00.017307 +- 00.007157)	[00.000316,00.051684]

INFO  Timings:
SM Timing
-----------
00_conversion_livox	    534	07.638651	(00.014305 +- 00.001252)	[00.010098,00.032580]
01_filter          	    533	00.173423	(00.000325 +- 00.000079)	[00.000146,00.003050]
02_preint          	    531	00.030554	(00.000058 +- 00.000009)	[00.000034,00.000104]
03_undistortion    	    531	00.445934	(00.000840 +- 00.000407)	[00.000110,00.003138]
04_sampling        	    531	00.313283	(00.000590 +- 00.000248)	[00.000078,00.007567]
05_registration    	    531	00.717875	(00.001352 +- 00.000594)	[00.000289,00.006570]
06_map             	    531	00.489028	(00.000921 +- 00.000365)	[00.000144,00.004319]
07_imu_opt         	    531	01.094100	(00.002060 +- 00.001332)	[00.000001,00.006245]
08_publish         	    531	05.910894	(00.011132 +- 00.005699)	[00.000684,00.035620]
step               	    533	09.229957	(00.017317 +- 00.007308)	[00.000316,00.051684]

INFO  Timings:
SM Timing
-----------
00_conversion_livox	    535	07.653641	(00.014306 +- 00.001226)	[00.010098,00.032580]
01_filter          	    534	00.173754	(00.000325 +- 00.000079)	[00.000146,00.003050]
02_preint          	    532	00.030625	(00.000058 +- 00.000009)	[00.000034,00.000104]
03_undistortion    	    532	00.446955	(00.000840 +- 00.000409)	[00.000110,00.003138]
04_sampling        	    532	00.313866	(00.000590 +- 00.000248)	[00.000078,00.007567]
05_registration    	    532	00.719103	(00.001352 +- 00.000591)	[00.000289,00.006570]
06_map             	    532	00.489989	(00.000921 +- 00.000366)	[00.000144,00.004319]
07_imu_opt         	    532	01.096014	(00.002060 +- 00.001318)	[00.000001,00.006245]
08_publish         	    532	05.923839	(00.011135 +- 00.005732)	[00.000684,00.035620]
step               	    534	09.249100	(00.017320 +- 00.007348)	[00.000316,00.051684]

INFO  Timings:
SM Timing
-----------
00_conversion_livox	    536	07.668645	(00.014307 +- 00.001215)	[00.010098,00.032580]
01_filter          	    535	00.174091	(00.000325 +- 00.000080)	[00.000146,00.003050]
02_preint          	    533	00.030697	(00.000058 +- 00.000009)	[00.000034,00.000104]
03_undistortion    	    533	00.448093	(00.000841 +- 00.000414)	[00.000110,00.003138]
04_sampling        	    533	00.314447	(00.000590 +- 00.000248)	[00.000078,00.007567]
05_registration    	    533	00.720479	(00.001352 +- 00.000586)	[00.000289,00.006570]
06_map             	    533	00.491205	(00.000922 +- 00.000374)	[00.000144,00.004319]
07_imu_opt         	    533	01.101009	(00.002066 +- 00.001358)	[00.000001,00.006245]
08_publish         	    533	05.936985	(00.011139 +- 00.005758)	[00.000684,00.035620]
step               	    535	09.272285	(00.017331 +- 00.007431)	[00.000316,00.051684]

INFO  Timings:
SM Timing
-----------
00_conversion_livox	    537	07.684201	(00.014309 +- 00.001218)	[00.010098,00.032580]
01_filter          	    536	00.174411	(00.000325 +- 00.000080)	[00.000146,00.003050]
02_preint          	    534	00.030759	(00.000058 +- 00.000009)	[00.000034,00.000104]
03_undistortion    	    534	00.448967	(00.000841 +- 00.000414)	[00.000110,00.003138]
04_sampling        	    534	00.315023	(00.000590 +- 00.000248)	[00.000078,00.007567]
05_registration    	    534	00.722234	(00.001352 +- 00.000593)	[00.000289,00.006570]
06_map             	    534	00.492140	(00.000922 +- 00.000373)	[00.000144,00.004319]
07_imu_opt         	    534	01.102880	(00.002065 +- 00.001353)	[00.000001,00.006245]
08_publish         	    534	05.949271	(00.011141 +- 00.005759)	[00.000684,00.035620]
step               	    536	09.291026	(00.017334 +- 00.007408)	[00.000316,00.051684]

INFO  Timings:
SM Timing
-----------
00_conversion_livox	    538	07.699056	(00.014311 +- 00.001208)	[00.010098,00.032580]
01_filter          	    537	00.174754	(00.000325 +- 00.000079)	[00.000146,00.003050]
02_preint          	    535	00.030827	(00.000058 +- 00.000009)	[00.000034,00.000104]
03_undistortion    	    535	00.449861	(00.000841 +- 00.000412)	[00.000110,00.003138]
04_sampling        	    535	00.315583	(00.000590 +- 00.000247)	[00.000078,00.007567]
05_registration    	    535	00.724964	(00.001355 +- 00.000632)	[00.000289,00.006570]
06_map             	    535	00.493292	(00.000922 +- 00.000377)	[00.000144,00.004319]
07_imu_opt         	    535	01.105140	(00.002066 +- 00.001329)	[00.000001,00.006245]
08_publish         	    535	05.960360	(00.011141 +- 00.005732)	[00.000684,00.035620]
step               	    537	09.310216	(00.017337 +- 00.007426)	[00.000316,00.051684]

INFO  Timings:
SM Timing
-----------
00_conversion_livox	    539	07.713303	(00.014310 +- 00.001195)	[00.010098,00.032580]
01_filter          	    538	00.175077	(00.000325 +- 00.000079)	[00.000146,00.003050]
02_preint          	    536	00.030895	(00.000058 +- 00.000009)	[00.000034,00.000104]
03_undistortion    	    536	00.450731	(00.000841 +- 00.000409)	[00.000110,00.003138]
04_sampling        	    536	00.316103	(00.000590 +- 00.000245)	[00.000078,00.007567]
05_registration    	    536	00.725984	(00.001354 +- 00.000630)	[00.000289,00.006570]
06_map             	    536	00.494062	(00.000922 +- 00.000374)	[00.000144,00.004319]
07_imu_opt         	    536	01.106852	(00.002065 +- 00.001327)	[00.000001,00.006245]
08_publish         	    536	05.970501	(00.011139 +- 00.005684)	[00.000684,00.035620]
step               	    538	09.325726	(00.017334 +- 00.007335)	[00.000316,00.051684]

INFO  Timings:
SM Timing
-----------
00_conversion_livox	    540	07.727025	(00.014309 +- 00.001186)	[00.010098,00.032580]
01_filter          	    539	00.175370	(00.000325 +- 00.000077)	[00.000146,00.003050]
02_preint          	    537	00.030960	(00.000058 +- 00.000009)	[00.000034,00.000104]
03_undistortion    	    537	00.451559	(00.000841 +- 00.000406)	[00.000110,00.003138]
04_sampling        	    537	00.316646	(00.000590 +- 00.000243)	[00.000078,00.007567]
05_registration    	    537	00.727266	(00.001354 +- 00.000625)	[00.000289,00.006570]
06_map             	    537	00.494827	(00.000921 +- 00.000370)	[00.000144,00.004319]
07_imu_opt         	    537	01.108654	(00.002065 +- 00.001305)	[00.000001,00.006245]
08_publish         	    537	05.980639	(00.011137 +- 00.005629)	[00.000684,00.035620]
step               	    539	09.341526	(00.017331 +- 00.007293)	[00.000316,00.051684]

INFO  Timings:
SM Timing
-----------
00_conversion_livox	    541	07.741983	(00.014311 +- 00.001174)	[00.010098,00.032580]
01_filter          	    540	00.175714	(00.000325 +- 00.000077)	[00.000146,00.003050]
02_preint          	    538	00.031024	(00.000058 +- 00.000009)	[00.000034,00.000104]
03_undistortion    	    538	00.452429	(00.000841 +- 00.000403)	[00.000110,00.003138]
04_sampling        	    538	00.317173	(00.000590 +- 00.000240)	[00.000078,00.007567]
05_registration    	    538	00.729078	(00.001355 +- 00.000624)	[00.000289,00.006570]
06_map             	    538	00.495614	(00.000921 +- 00.000365)	[00.000144,00.004319]
07_imu_opt         	    538	01.113699	(00.002070 +- 00.001332)	[00.000001,00.006245]
08_publish         	    538	05.990679	(00.011135 +- 00.005567)	[00.000684,00.035620]
step               	    540	09.361156	(00.017335 +- 00.007287)	[00.000316,00.051684]

INFO  Timings:
SM Timing
-----------
00_conversion_livox	    542	07.756057	(00.014310 +- 00.001171)	[00.010098,00.032580]
01_filter          	    541	00.176009	(00.000325 +- 00.000075)	[00.000146,00.003050]
02_preint          	    539	00.031101	(00.000058 +- 00.000009)	[00.000034,00.000104]
03_undistortion    	    539	00.453293	(00.000841 +- 00.000400)	[00.000110,00.003138]
04_sampling        	    539	00.317777	(00.000590 +- 00.000238)	[00.000078,00.007567]
05_registration    	    539	00.730675	(00.001356 +- 00.000619)	[00.000289,00.006570]
06_map             	    539	00.496363	(00.000921 +- 00.000360)	[00.000144,00.004319]
07_imu_opt         	    539	01.115528	(00.002070 +- 00.001330)	[00.000001,00.006245]
08_publish         	    539	05.999728	(00.011131 +- 00.005502)	[00.000684,00.035620]
step               	    541	09.376292	(00.017331 +- 00.007177)	[00.000316,00.051684]

INFO  Timings:
SM Timing
-----------
00_conversion_livox	    543	07.769173	(00.014308 +- 00.001185)	[00.010098,00.032580]
01_filter          	    542	00.176283	(00.000325 +- 00.000074)	[00.000146,00.003050]
02_preint          	    540	00.031165	(00.000058 +- 00.000009)	[00.000034,00.000104]
03_undistortion    	    540	00.454046	(00.000841 +- 00.000396)	[00.000110,00.003138]
04_sampling        	    540	00.318317	(00.000589 +- 00.000236)	[00.000078,00.007567]
05_registration    	    540	00.731608	(00.001355 +- 00.000619)	[00.000289,00.006570]
06_map             	    540	00.497175	(00.000921 +- 00.000355)	[00.000144,00.004319]
07_imu_opt         	    540	01.117140	(00.002069 +- 00.001293)	[00.000001,00.006245]
08_publish         	    540	06.009181	(00.011128 +- 00.005439)	[00.000684,00.035620]
step               	    542	09.390810	(00.017326 +- 00.007139)	[00.000316,00.051684]

INFO  Timings:
SM Timing
-----------
00_conversion_livox	    544	07.782195	(00.014306 +- 00.001199)	[00.010098,00.032580]
01_filter          	    543	00.176580	(00.000325 +- 00.000073)	[00.000146,00.003050]
02_preint          	    541	00.031224	(00.000058 +- 00.000009)	[00.000034,00.000104]
03_undistortion    	    541	00.454955	(00.000841 +- 00.000393)	[00.000110,00.003138]
04_sampling        	    541	00.318884	(00.000589 +- 00.000232)	[00.000078,00.007567]
05_registration    	    541	00.733037	(00.001355 +- 00.000617)	[00.000289,00.006570]
06_map             	    541	00.498324	(00.000921 +- 00.000360)	[00.000144,00.004319]
07_imu_opt         	    541	01.118691	(00.002068 +- 00.001263)	[00.000001,00.006245]
08_publish         	    541	06.019811	(00.011127 +- 00.005381)	[00.000684,00.035620]
step               	    543	09.407489	(00.017325 +- 00.007110)	[00.000316,00.051684]

INFO  Timings:
SM Timing
-----------
00_conversion_livox	    545	07.796035	(00.014305 +- 00.001199)	[00.010098,00.032580]
01_filter          	    544	00.176937	(00.000325 +- 00.000072)	[00.000146,00.003050]
02_preint          	    542	00.031281	(00.000058 +- 00.000009)	[00.000034,00.000104]
03_undistortion    	    542	00.455925	(00.000841 +- 00.000390)	[00.000110,00.003138]
04_sampling        	    542	00.319489	(00.000589 +- 00.000230)	[00.000078,00.007567]
05_registration    	    542	00.734285	(00.001355 +- 00.000615)	[00.000289,00.006570]
06_map             	    542	00.499184	(00.000921 +- 00.000356)	[00.000144,00.004319]
07_imu_opt         	    542	01.120321	(00.002067 +- 00.001261)	[00.000001,00.006245]
08_publish         	    542	06.030964	(00.011127 +- 00.005320)	[00.000684,00.035620]
step               	    544	09.424453	(00.017324 +- 00.007008)	[00.000316,00.051684]

INFO  Timings:
SM Timing
-----------
00_conversion_livox	    546	07.809383	(00.014303 +- 00.001195)	[00.010098,00.032580]
01_filter          	    545	00.177265	(00.000325 +- 00.000072)	[00.000146,00.003050]
02_preint          	    543	00.031348	(00.000058 +- 00.000009)	[00.000034,00.000104]
03_undistortion    	    543	00.456852	(00.000841 +- 00.000386)	[00.000110,00.003138]
04_sampling        	    543	00.320006	(00.000589 +- 00.000226)	[00.000078,00.007567]
05_registration    	    543	00.735988	(00.001355 +- 00.000607)	[00.000289,00.006570]
06_map             	    543	00.499945	(00.000921 +- 00.000351)	[00.000144,00.004319]
07_imu_opt         	    543	01.125724	(00.002073 +- 00.001310)	[00.000001,00.006245]
08_publish         	    543	06.042142	(00.011127 +- 00.005255)	[00.000684,00.035620]
step               	    545	09.445442	(00.017331 +- 00.007001)	[00.000316,00.051684]

INFO  Timings:
SM Timing
-----------
00_conversion_livox	    547	07.823696	(00.014303 +- 00.001183)	[00.010098,00.032580]
01_filter          	    546	00.177554	(00.000325 +- 00.000071)	[00.000146,00.003050]
02_preint          	    544	00.031412	(00.000058 +- 00.000009)	[00.000034,00.000104]
03_undistortion    	    544	00.457705	(00.000841 +- 00.000381)	[00.000110,00.003138]
04_sampling        	    544	00.320539	(00.000589 +- 00.000223)	[00.000078,00.007567]
05_registration    	    544	00.737295	(00.001355 +- 00.000606)	[00.000289,00.006570]
06_map             	    544	00.500822	(00.000921 +- 00.000347)	[00.000144,00.004319]
07_imu_opt         	    544	01.127797	(00.002073 +- 00.001304)	[00.000001,00.006245]
08_publish         	    544	06.052791	(00.011126 +- 00.005188)	[00.000684,00.035620]
step               	    546	09.462170	(00.017330 +- 00.006902)	[00.000316,00.051684]

INFO  Timings:
SM Timing
-----------
00_conversion_livox	    548	07.838224	(00.014303 +- 00.001182)	[00.010098,00.032580]
01_filter          	    547	00.177848	(00.000325 +- 00.000070)	[00.000146,00.003050]
02_preint          	    545	00.031476	(00.000058 +- 00.000009)	[00.000034,00.000104]
03_undistortion    	    545	00.458754	(00.000842 +- 00.000379)	[00.000110,00.003138]
04_sampling        	    545	00.323595	(00.000594 +- 00.000425)	[00.000078,00.007567]
05_registration    	    545	00.737921	(00.001354 +- 00.000613)	[00.000289,00.006570]
06_map             	    545	00.501669	(00.000920 +- 00.000344)	[00.000144,00.004319]
07_imu_opt         	    545	01.130012	(00.002073 +- 00.001300)	[00.000001,00.006245]
08_publish         	    545	06.064064	(00.011127 +- 00.005143)	[00.000684,00.035620]
step               	    547	09.481684	(00.017334 +- 00.006856)	[00.000316,00.051684]

INFO  Timings:
SM Timing
-----------
00_conversion_livox	    549	07.854202	(00.014306 +- 00.001202)	[00.010098,00.032580]
01_filter          	    548	00.178179	(00.000325 +- 00.000070)	[00.000146,00.003050]
02_preint          	    546	00.031546	(00.000058 +- 00.000009)	[00.000034,00.000104]
03_undistortion    	    546	00.459697	(00.000842 +- 00.000375)	[00.000110,00.003138]
04_sampling        	    546	00.324110	(00.000594 +- 00.000424)	[00.000078,00.007567]
05_registration    	    546	00.739869	(00.001355 +- 00.000617)	[00.000289,00.006570]
06_map             	    546	00.502446	(00.000920 +- 00.000341)	[00.000144,00.004319]
07_imu_opt         	    546	01.134894	(00.002079 +- 00.001341)	[00.000001,00.006245]
08_publish         	    546	06.074438	(00.011125 +- 00.005087)	[00.000684,00.035620]
step               	    548	09.501584	(00.017339 +- 00.006800)	[00.000316,00.051684]

INFO  Timings:
SM Timing
-----------
00_conversion_livox	    550	07.867701	(00.014305 +- 00.001205)	[00.010098,00.032580]
01_filter          	    549	00.178457	(00.000325 +- 00.000069)	[00.000146,00.003050]
02_preint          	    547	00.031594	(00.000058 +- 00.000009)	[00.000034,00.000104]
03_undistortion    	    547	00.460382	(00.000842 +- 00.000371)	[00.000110,00.003138]
04_sampling        	    547	00.324583	(00.000593 +- 00.000423)	[00.000078,00.007567]
05_registration    	    547	00.741206	(00.001355 +- 00.000617)	[00.000289,00.006570]
06_map             	    547	00.503603	(00.000921 +- 00.000343)	[00.000144,00.004319]
07_imu_opt         	    547	01.136526	(00.002078 +- 00.001339)	[00.000001,00.006245]
08_publish         	    547	06.083831	(00.011122 +- 00.005024)	[00.000684,00.035620]
step               	    549	09.516662	(00.017335 +- 00.006710)	[00.000316,00.051684]

INFO  Timings:
SM Timing
-----------
00_conversion_livox	    551	07.880796	(00.014303 +- 00.001207)	[00.010098,00.032580]
01_filter          	    550	00.178738	(00.000325 +- 00.000068)	[00.000146,00.003050]
02_preint          	    548	00.031653	(00.000058 +- 00.000009)	[00.000034,00.000104]
03_undistortion    	    548	00.461187	(00.000842 +- 00.000365)	[00.000110,00.003138]
04_sampling        	    548	00.325097	(00.000593 +- 00.000422)	[00.000078,00.007567]
05_registration    	    548	00.742958	(00.001356 +- 00.000607)	[00.000289,00.006570]
06_map             	    548	00.504461	(00.000921 +- 00.000338)	[00.000144,00.004319]
07_imu_opt         	    548	01.138381	(00.002077 +- 00.001336)	[00.000001,00.006245]
08_publish         	    548	06.093716	(00.011120 +- 00.004956)	[00.000684,00.035620]
step               	    550	09.532768	(00.017332 +- 00.006593)	[00.000316,00.051684]

INFO  Timings:
SM Timing
-----------
00_conversion_livox	    552	07.895207	(00.014303 +- 00.001207)	[00.010098,00.032580]
01_filter          	    551	00.179043	(00.000325 +- 00.000066)	[00.000146,00.003050]
02_preint          	    549	00.031716	(00.000058 +- 00.000009)	[00.000034,00.000104]
03_undistortion    	    549	00.462030	(00.000842 +- 00.000361)	[00.000110,00.003138]
04_sampling        	    549	00.325591	(00.000593 +- 00.000419)	[00.000078,00.007567]
05_registration    	    549	00.743789	(00.001355 +- 00.000607)	[00.000289,00.006570]
06_map             	    549	00.505532	(00.000921 +- 00.000336)	[00.000144,00.004319]
07_imu_opt         	    549	01.143228	(00.002082 +- 00.001346)	[00.000001,00.006245]
08_publish         	    549	06.104580	(00.011119 +- 00.004882)	[00.000684,00.035620]
step               	    551	09.552176	(00.017336 +- 00.006561)	[00.000316,00.051684]

INFO  Timings:
SM Timing
-----------
00_conversion_livox	    553	07.909462	(00.014303 +- 00.001204)	[00.010098,00.032580]
01_filter          	    552	00.179357	(00.000325 +- 00.000066)	[00.000146,00.003050]
02_preint          	    550	00.031786	(00.000058 +- 00.000009)	[00.000034,00.000104]
03_undistortion    	    550	00.462834	(00.000842 +- 00.000354)	[00.000110,00.003138]
04_sampling        	    550	00.326150	(00.000593 +- 00.000416)	[00.000078,00.007567]
05_registration    	    550	00.745168	(00.001355 +- 00.000607)	[00.000289,00.006570]
06_map             	    550	00.506283	(00.000921 +- 00.000330)	[00.000144,00.004319]
07_imu_opt         	    550	01.145004	(00.002082 +- 00.001345)	[00.000001,00.006245]
08_publish         	    550	06.114934	(00.011118 +- 00.004788)	[00.000684,00.035620]
step               	    552	09.568269	(00.017334 +- 00.006435)	[00.000316,00.051684]

INFO  Timings:
SM Timing
-----------
00_conversion_livox	    554	07.923406	(00.014302 +- 00.001204)	[00.010098,00.032580]
01_filter          	    553	00.179682	(00.000325 +- 00.000065)	[00.000146,00.003050]
02_preint          	    551	00.031849	(00.000058 +- 00.000009)	[00.000034,00.000104]
03_undistortion    	    551	00.463603	(00.000841 +- 00.000345)	[00.000110,00.003138]
04_sampling        	    551	00.326627	(00.000593 +- 00.000413)	[00.000078,00.007567]
05_registration    	    551	00.746608	(00.001355 +- 00.000599)	[00.000289,00.006570]
06_map             	    551	00.507047	(00.000920 +- 00.000323)	[00.000144,00.004319]
07_imu_opt         	    551	01.146820	(00.002081 +- 00.001342)	[00.000001,00.006245]
08_publish         	    551	06.124585	(00.011115 +- 00.004666)	[00.000684,00.035620]
step               	    553	09.583639	(00.017330 +- 00.006256)	[00.000316,00.051684]

INFO  Timings:
SM Timing
-----------
00_conversion_livox	    555	07.937676	(00.014302 +- 00.001203)	[00.010098,00.032580]
01_filter          	    554	00.180001	(00.000325 +- 00.000063)	[00.000146,00.003050]
02_preint          	    552	00.031913	(00.000058 +- 00.000009)	[00.000034,00.000104]
03_undistortion    	    552	00.464458	(00.000841 +- 00.000336)	[00.000110,00.003138]
04_sampling        	    552	00.327106	(00.000593 +- 00.000409)	[00.000078,00.007567]
05_registration    	    552	00.748509	(00.001356 +- 00.000603)	[00.000289,00.006570]
06_map             	    552	00.507857	(00.000920 +- 00.000313)	[00.000144,00.004319]
07_imu_opt         	    552	01.148909	(00.002081 +- 00.001335)	[00.000001,00.006245]
08_publish         	    552	06.134709	(00.011114 +- 00.004525)	[00.000684,00.035620]
step               	    554	09.600375	(00.017329 +- 00.006059)	[00.000316,00.051684]

INFO  Timings:
SM Timing
-----------
00_conversion_livox	    556	07.953388	(00.014305 +- 00.001212)	[00.010098,00.032580]
01_filter          	    555	00.180301	(00.000325 +- 00.000061)	[00.000146,00.003050]
02_preint          	    553	00.031979	(00.000058 +- 00.000009)	[00.000034,00.000104]
03_undistortion    	    553	00.465219	(00.000841 +- 00.000325)	[00.000110,00.003138]
04_sampling        	    553	00.327604	(00.000592 +- 00.000405)	[00.000078,00.007567]
05_registration    	    553	00.750960	(00.001358 +- 00.000613)	[00.000289,00.006570]
06_map             	    553	00.508705	(00.000920 +- 00.000302)	[00.000144,00.004319]
07_imu_opt         	    553	01.150791	(00.002081 +- 00.001331)	[00.000001,00.006245]
08_publish         	    553	06.144632	(00.011111 +- 00.004363)	[00.000684,00.035620]
step               	    555	09.617205	(00.017328 +- 00.005816)	[00.000316,00.051684]

INFO  Timings:
SM Timing
-----------
00_conversion_livox	    557	07.968660	(00.014306 +- 00.001205)	[00.010098,00.032580]
01_filter          	    556	00.180620	(00.000325 +- 00.000059)	[00.000146,00.003050]
02_preint          	    554	00.032047	(00.000058 +- 00.000009)	[00.000034,00.000104]
03_undistortion    	    554	00.465949	(00.000841 +- 00.000313)	[00.000110,00.003138]
04_sampling        	    554	00.328083	(00.000592 +- 00.000400)	[00.000078,00.007567]
05_registration    	    554	00.752264	(00.001358 +- 00.000606)	[00.000289,00.006570]
06_map             	    554	00.509423	(00.000920 +- 00.000292)	[00.000144,00.004319]
07_imu_opt         	    554	01.152606	(00.002081 +- 00.001327)	[00.000001,00.006245]
08_publish         	    554	06.153553	(00.011107 +- 00.004185)	[00.000684,00.035620]
step               	    556	09.631639	(00.017323 +- 00.005560)	[00.000316,00.051684]

INFO  Timings:
SM Timing
-----------
00_conversion_livox	    558	07.983525	(00.014307 +- 00.001197)	[00.010098,00.032580]
01_filter          	    557	00.180899	(00.000325 +- 00.000055)	[00.000146,00.003050]
02_preint          	    555	00.032115	(00.000058 +- 00.000009)	[00.000034,00.000104]
03_undistortion    	    555	00.466620	(00.000841 +- 00.000300)	[00.000110,00.003138]
04_sampling        	    555	00.328534	(00.000592 +- 00.000395)	[00.000078,00.007567]
05_registration    	    555	00.753485	(00.001358 +- 00.000604)	[00.000289,00.006570]
06_map             	    555	00.510079	(00.000919 +- 00.000277)	[00.000144,00.004319]
07_imu_opt         	    555	01.154372	(00.002080 +- 00.001324)	[00.000001,00.006245]
08_publish         	    555	06.161677	(00.011102 +- 00.003990)	[00.000684,00.035620]
step               	    557	09.644962	(00.017316 +- 00.005300)	[00.000316,00.051684]

INFO  Timings:
SM Timing
-----------
00_conversion_livox	    559	07.997600	(00.014307 +- 00.001198)	[00.010098,00.032580]
01_filter          	    558	00.181184	(00.000325 +- 00.000052)	[00.000146,00.003050]
02_preint          	    556	00.032174	(00.000058 +- 00.000009)	[00.000034,00.000104]
03_undistortion    	    556	00.467261	(00.000840 +- 00.000285)	[00.000110,00.003138]
04_sampling        	    556	00.329005	(00.000592 +- 00.000391)	[00.000078,00.007567]
05_registration    	    556	00.754448	(00.001357 +- 00.000607)	[00.000289,00.006570]
06_map             	    556	00.510681	(00.000918 +- 00.000263)	[00.000144,00.004319]
07_imu_opt         	    556	01.159806	(00.002086 +- 00.001383)	[00.000001,00.006245]
08_publish         	    556	06.169660	(00.011097 +- 00.003775)	[00.000684,00.035620]
step               	    558	09.661458	(00.017314 +- 00.005014)	[00.000316,00.051684]

INFO  Timings:
SM Timing
-----------
00_conversion_livox	    560	08.013338	(00.014310 +- 00.001210)	[00.010098,00.032580]
01_filter          	    559	00.181486	(00.000325 +- 00.000048)	[00.000146,00.003050]
02_preint          	    557	00.032238	(00.000058 +- 00.000009)	[00.000034,00.000104]
03_undistortion    	    557	00.467941	(00.000840 +- 00.000268)	[00.000110,00.003138]
04_sampling        	    557	00.329429	(00.000591 +- 00.000385)	[00.000078,00.007567]
05_registration    	    557	00.755428	(00.001356 +- 00.000597)	[00.000289,00.006570]
06_map             	    557	00.511287	(00.000918 +- 00.000247)	[00.000144,00.004319]
07_imu_opt         	    557	01.161671	(00.002086 +- 00.001381)	[00.000001,00.006245]
08_publish         	    557	06.177808	(00.011091 +- 00.003536)	[00.000684,00.035620]
step               	    559	09.674607	(00.017307 +- 00.004676)	[00.000316,00.051684]

INFO  Timings:
SM Timing
-----------
00_conversion_livox	    561	08.029562	(00.014313 +- 00.001230)	[00.010098,00.032580]
01_filter          	    560	00.181737	(00.000325 +- 00.000044)	[00.000146,00.003050]
02_preint          	    558	00.032294	(00.000058 +- 00.000009)	[00.000034,00.000104]
03_undistortion    	    558	00.468598	(00.000840 +- 00.000251)	[00.000110,00.003138]
04_sampling        	    558	00.329872	(00.000591 +- 00.000380)	[00.000078,00.007567]
05_registration    	    558	00.756204	(00.001355 +- 00.000599)	[00.000289,00.006570]
06_map             	    558	00.511862	(00.000917 +- 00.000230)	[00.000144,00.004319]
07_imu_opt         	    558	01.163559	(00.002085 +- 00.001358)	[00.000001,00.006245]
08_publish         	    558	06.184921	(00.011084 +- 00.003310)	[00.000684,00.035620]
step               	    560	09.686457	(00.017297 +- 00.004519)	[00.000316,00.051684]

INFO  Timings:
SM Timing
-----------
00_conversion_livox	    562	08.044599	(00.014314 +- 00.001214)	[00.010098,00.032580]
01_filter          	    561	00.182015	(00.000324 +- 00.000040)	[00.000146,00.003050]
02_preint          	    559	00.032365	(00.000058 +- 00.000009)	[00.000034,00.000104]
03_undistortion    	    559	00.469188	(00.000839 +- 00.000236)	[00.000110,00.003138]
04_sampling        	    559	00.330296	(00.000591 +- 00.000374)	[00.000078,00.007567]
05_registration    	    559	00.757336	(00.001355 +- 00.000592)	[00.000289,00.006570]
06_map             	    559	00.512398	(00.000917 +- 00.000217)	[00.000144,00.004319]
07_imu_opt         	    559	01.165398	(00.002085 +- 00.001354)	[00.000001,00.006245]
08_publish         	    559	06.192056	(00.011077 +- 00.003083)	[00.000684,00.035620]
step               	    561	09.698554	(00.017288 +- 00.004203)	[00.000316,00.051684]

INFO  Timings:
SM Timing
-----------
00_conversion_livox	    563	08.058883	(00.014314 +- 00.001205)	[00.010098,00.032580]
01_filter          	    562	00.182320	(00.000324 +- 00.000036)	[00.000146,00.003050]
02_preint          	    560	00.032433	(00.000058 +- 00.000009)	[00.000034,00.000104]
03_undistortion    	    560	00.470090	(00.000839 +- 00.000219)	[00.000110,00.003138]
04_sampling        	    560	00.330803	(00.000591 +- 00.000370)	[00.000078,00.007567]
05_registration    	    560	00.757964	(00.001354 +- 00.000586)	[00.000289,00.006570]
06_map             	    560	00.513080	(00.000916 +- 00.000202)	[00.000144,00.004319]
07_imu_opt         	    560	01.167103	(00.002084 +- 00.001354)	[00.000001,00.006245]
08_publish         	    560	06.200208	(00.011072 +- 00.002868)	[00.000684,00.035620]
step               	    562	09.711585	(00.017280 +- 00.003898)	[00.000316,00.051684]

INFO  Timings:
SM Timing
-----------
00_conversion_livox	    564	08.073389	(00.014315 +- 00.001204)	[00.010098,00.032580]
01_filter          	    563	00.182628	(00.000324 +- 00.000035)	[00.000146,00.003050]
02_preint          	    561	00.032497	(00.000058 +- 00.000009)	[00.000034,00.000104]
03_undistortion    	    561	00.471009	(00.000840 +- 00.000208)	[00.000110,00.003138]
04_sampling        	    561	00.331571	(00.000591 +- 00.000368)	[00.000078,00.007567]
05_registration    	    561	00.759799	(00.001354 +- 00.000580)	[00.000289,00.006570]
06_map             	    561	00.513865	(00.000916 +- 00.000194)	[00.000144,00.004319]
07_imu_opt         	    561	01.172317	(00.002090 +- 00.001341)	[00.000001,00.006245]
08_publish         	    561	06.211338	(00.011072 +- 00.002699)	[00.000684,00.035620]
step               	    563	09.732674	(00.017287 +- 00.003833)	[00.000316,00.051684]

INFO  Timings:
SM Timing
-----------
00_conversion_livox	    565	08.089272	(00.014317 +- 00.001212)	[00.010098,00.032580]
01_filter          	    564	00.182964	(00.000324 +- 00.000034)	[00.000146,00.003050]
02_preint          	    562	00.032564	(00.000058 +- 00.000008)	[00.000034,00.000104]
03_undistortion    	    562	00.471988	(00.000840 +- 00.000201)	[00.000110,00.003138]
04_sampling        	    562	00.332217	(00.000591 +- 00.000366)	[00.000078,00.007567]
05_registration    	    562	00.761113	(00.001354 +- 00.000576)	[00.000289,00.006570]
06_map             	    562	00.514925	(00.000916 +- 00.000188)	[00.000144,00.004319]
07_imu_opt         	    562	01.174269	(00.002089 +- 00.001336)	[00.000001,00.006245]
08_publish         	    562	06.224896	(00.011076 +- 00.002606)	[00.000684,00.035620]
step               	    564	09.752671	(00.017292 +- 00.003665)	[00.000316,00.051684]

INFO  Timings:
SM Timing
-----------
00_conversion_livox	    566	08.104242	(00.014318 +- 00.001192)	[00.010098,00.032580]
01_filter          	    565	00.183285	(00.000324 +- 00.000034)	[00.000146,00.003050]
02_preint          	    563	00.032634	(00.000058 +- 00.000008)	[00.000034,00.000104]
03_undistortion    	    563	00.473329	(00.000841 +- 00.000198)	[00.000110,00.003138]
04_sampling        	    563	00.332846	(00.000591 +- 00.000365)	[00.000078,00.007567]
05_registration    	    563	00.762349	(00.001354 +- 00.000576)	[00.000289,00.006570]
06_map             	    563	00.515936	(00.000916 +- 00.000186)	[00.000144,00.004319]
07_imu_opt         	    563	01.176062	(00.002089 +- 00.001333)	[00.000001,00.006245]
08_publish         	    563	06.238005	(00.011080 +- 00.002548)	[00.000684,00.035620]
step               	    565	09.772320	(00.017296 +- 00.003574)	[00.000316,00.051684]

INFO  Timings:
SM Timing
-----------
00_conversion_livox	    567	08.117903	(00.014317 +- 00.001181)	[00.010098,00.032580]
01_filter          	    566	00.183589	(00.000324 +- 00.000033)	[00.000146,00.003050]
02_preint          	    564	00.032700	(00.000058 +- 00.000008)	[00.000034,00.000104]
03_undistortion    	    564	00.474294	(00.000841 +- 00.000198)	[00.000110,00.003138]
04_sampling        	    564	00.333428	(00.000591 +- 00.000364)	[00.000078,00.007567]
05_registration    	    564	00.763524	(00.001354 +- 00.000577)	[00.000289,00.006570]
06_map             	    564	00.516874	(00.000916 +- 00.000184)	[00.000144,00.004319]
07_imu_opt         	    564	01.177754	(00.002088 +- 00.001332)	[00.000001,00.006245]
08_publish         	    564	06.250455	(00.011082 +- 00.002503)	[00.000684,00.035620]
step               	    566	09.790585	(00.017298 +- 00.003502)	[00.000316,00.051684]

INFO  Timings:
SM Timing
-----------
00_conversion_livox	    568	08.131863	(00.014317 +- 00.001166)	[00.010098,00.032580]
01_filter          	    567	00.183899	(00.000324 +- 00.000033)	[00.000146,00.003050]
02_preint          	    565	00.032765	(00.000058 +- 00.000008)	[00.000034,00.000104]
03_undistortion    	    565	00.475297	(00.000841 +- 00.000195)	[00.000110,00.003138]
04_sampling        	    565	00.334052	(00.000591 +- 00.000363)	[00.000078,00.007567]
05_registration    	    565	00.766437	(00.001357 +- 00.000599)	[00.000289,00.006570]
06_map             	    565	00.517895	(00.000917 +- 00.000185)	[00.000144,00.004319]
07_imu_opt         	    565	01.179486	(00.002088 +- 00.001312)	[00.000001,00.006245]
08_publish         	    565	06.264621	(00.011088 +- 00.002511)	[00.000684,00.035620]
step               	    567	09.812524	(00.017306 +- 00.003527)	[00.000316,00.051684]

INFO  Timings:
SM Timing
-----------
00_conversion_livox	    569	08.147641	(00.014319 +- 00.001156)	[00.010098,00.032580]
01_filter          	    568	00.184244	(00.000324 +- 00.000033)	[00.000146,00.003050]
02_preint          	    566	00.032831	(00.000058 +- 00.000007)	[00.000034,00.000104]
03_undistortion    	    566	00.476588	(00.000842 +- 00.000201)	[00.000110,00.003138]
04_sampling        	    566	00.334663	(00.000591 +- 00.000363)	[00.000078,00.007567]
05_registration    	    566	00.768428	(00.001358 +- 00.000603)	[00.000289,00.006570]
06_map             	    566	00.518991	(00.000917 +- 00.000186)	[00.000144,00.004319]
07_imu_opt         	    566	01.181337	(00.002087 +- 00.001307)	[00.000001,00.006245]
08_publish         	    566	06.279260	(00.011094 +- 00.002542)	[00.000684,00.035620]
step               	    568	09.834488	(00.017314 +- 00.003547)	[00.000316,00.051684]

INFO  Timings:
SM Timing
-----------
00_conversion_livox	    570	08.162660	(00.014320 +- 00.001134)	[00.010098,00.032580]
01_filter          	    569	00.184590	(00.000324 +- 00.000033)	[00.000146,00.003050]
02_preint          	    567	00.032903	(00.000058 +- 00.000007)	[00.000034,00.000104]
03_undistortion    	    567	00.477608	(00.000842 +- 00.000201)	[00.000110,00.003138]
04_sampling        	    567	00.335317	(00.000591 +- 00.000363)	[00.000078,00.007567]
05_registration    	    567	00.769137	(00.001357 +- 00.000613)	[00.000289,00.006570]
06_map             	    567	00.519944	(00.000917 +- 00.000185)	[00.000144,00.004319]
07_imu_opt         	    567	01.183100	(00.002087 +- 00.001281)	[00.000001,00.006245]
08_publish         	    567	06.293173	(00.011099 +- 00.002559)	[00.000684,00.035620]
step               	    569	09.854032	(00.017318 +- 00.003535)	[00.000316,00.051684]

INFO  Timings:
SM Timing
-----------
00_conversion_livox	    571	08.176555	(00.014320 +- 00.001133)	[00.010098,00.032580]
01_filter          	    570	00.184992	(00.000325 +- 00.000035)	[00.000146,00.003050]
02_preint          	    568	00.032957	(00.000058 +- 00.000007)	[00.000034,00.000104]
03_undistortion    	    568	00.478802	(00.000843 +- 00.000204)	[00.000110,00.003138]
04_sampling        	    568	00.335946	(00.000591 +- 00.000363)	[00.000078,00.007567]
05_registration    	    568	00.771264	(00.001358 +- 00.000618)	[00.000289,00.006570]
06_map             	    568	00.520946	(00.000917 +- 00.000185)	[00.000144,00.004319]
07_imu_opt         	    568	01.187747	(00.002091 +- 00.001310)	[00.000001,00.006245]
08_publish         	    568	06.308394	(00.011106 +- 00.002600)	[00.000684,00.035620]
step               	    570	09.879434	(00.017332 +- 00.003656)	[00.000316,00.051684]

INFO  Timings:
SM Timing
-----------
00_conversion_livox	    572	08.192199	(00.014322 +- 00.001137)	[00.010098,00.032580]
01_filter          	    571	00.185377	(00.000325 +- 00.000036)	[00.000146,00.003050]
02_preint          	    569	00.033014	(00.000058 +- 00.000007)	[00.000034,00.000104]
03_undistortion    	    569	00.480013	(00.000844 +- 00.000203)	[00.000110,00.003138]
04_sampling        	    569	00.336756	(00.000592 +- 00.000358)	[00.000078,00.007567]
05_registration    	    569	00.772485	(00.001358 +- 00.000619)	[00.000289,00.006570]
06_map             	    569	00.522078	(00.000918 +- 00.000186)	[00.000144,00.004319]
07_imu_opt         	    569	01.189744	(00.002091 +- 00.001307)	[00.000001,00.006245]
08_publish         	    569	06.325029	(00.011116 +- 00.002664)	[00.000684,00.035620]
step               	    571	09.902978	(00.017343 +- 00.003696)	[00.000316,00.051684]

INFO  Timings:
SM Timing
-----------
00_conversion_livox	    573	08.206655	(00.014322 +- 00.001138)	[00.010098,00.032580]
01_filter          	    572	00.185760	(00.000325 +- 00.000037)	[00.000146,00.003050]
02_preint          	    570	00.033080	(00.000058 +- 00.000007)	[00.000034,00.000104]
03_undistortion    	    570	00.481085	(00.000844 +- 00.000203)	[00.000110,00.003138]
04_sampling        	    570	00.337373	(00.000592 +- 00.000358)	[00.000078,00.007567]
05_registration    	    570	00.773379	(00.001357 +- 00.000623)	[00.000289,00.006570]
06_map             	    570	00.523249	(00.000918 +- 00.000189)	[00.000144,00.004319]
07_imu_opt         	    570	01.191587	(00.002091 +- 00.001304)	[00.000001,00.006245]
08_publish         	    570	06.340263	(00.011123 +- 00.002687)	[00.000684,00.035620]
step               	    572	09.924355	(00.017350 +- 00.003709)	[00.000316,00.051684]

INFO  Timings:
SM Timing
-----------
00_conversion_livox	    574	08.220533	(00.014321 +- 00.001144)	[00.010098,00.032580]
01_filter          	    573	00.186237	(00.000325 +- 00.000042)	[00.000146,00.003050]
02_preint          	    571	00.033144	(00.000058 +- 00.000007)	[00.000034,00.000104]
03_undistortion    	    571	00.482280	(00.000845 +- 00.000206)	[00.000110,00.003138]
04_sampling        	    571	00.338121	(00.000592 +- 00.000359)	[00.000078,00.007567]
05_registration    	    571	00.774655	(00.001357 +- 00.000620)	[00.000289,00.006570]
06_map             	    571	00.524539	(00.000919 +- 00.000195)	[00.000144,00.004319]
07_imu_opt         	    571	01.196037	(00.002095 +- 00.001325)	[00.000001,00.006245]
08_publish         	    571	06.355651	(00.011131 +- 00.002716)	[00.000684,00.035620]
step               	    573	09.949311	(00.017364 +- 00.003803)	[00.000316,00.051684]

INFO  Timings:
SM Timing
-----------
00_conversion_livox	    575	08.234918	(00.014322 +- 00.001136)	[00.010098,00.032580]
01_filter          	    574	00.186610	(00.000325 +- 00.000042)	[00.000146,00.003050]
02_preint          	    572	00.033205	(00.000058 +- 00.000007)	[00.000034,00.000104]
03_undistortion    	    572	00.483471	(00.000845 +- 00.000208)	[00.000110,00.003138]
04_sampling        	    572	00.338804	(00.000592 +- 00.000359)	[00.000078,00.007567]
05_registration    	    572	00.776776	(00.001358 +- 00.000536)	[00.000289,00.006570]
06_map             	    572	00.525846	(00.000919 +- 00.000202)	[00.000144,00.004319]
07_imu_opt         	    572	01.197729	(00.002094 +- 00.001324)	[00.000001,00.006245]
08_publish         	    572	06.373393	(00.011142 +- 00.002795)	[00.000684,00.035620]
step               	    574	09.974565	(00.017377 +- 00.003838)	[00.000316,00.051684]

INFO  Timings:
SM Timing
-----------
00_conversion_livox	    576	08.249461	(00.014322 +- 00.001116)	[00.010098,00.032580]
01_filter          	    575	00.187004	(00.000325 +- 00.000042)	[00.000146,00.003050]
02_preint          	    573	00.033270	(00.000058 +- 00.000007)	[00.000034,00.000104]
03_undistortion    	    573	00.484531	(00.000846 +- 00.000196)	[00.000110,00.003138]
04_sampling        	    573	00.339443	(00.000592 +- 00.000358)	[00.000078,00.007567]
05_registration    	    573	00.778234	(00.001358 +- 00.000533)	[00.000289,00.006570]
06_map             	    573	00.526994	(00.000920 +- 00.000197)	[00.000144,00.004319]
07_imu_opt         	    573	01.199863	(00.002094 +- 00.001263)	[00.000001,00.006245]
08_publish         	    573	06.390631	(00.011153 +- 00.002793)	[00.000684,00.035620]
step               	    575	09.998813	(00.017389 +- 00.003664)	[00.000316,00.051684]

INFO  Timings:
SM Timing
-----------
00_conversion_livox	    577	08.264678	(00.014324 +- 00.001103)	[00.010098,00.032580]
01_filter          	    576	00.187434	(00.000325 +- 00.000044)	[00.000146,00.003050]
02_preint          	    574	00.033339	(00.000058 +- 00.000006)	[00.000034,00.000104]
03_undistortion    	    574	00.485668	(00.000846 +- 00.000196)	[00.000110,00.003138]
04_sampling        	    574	00.340218	(00.000593 +- 00.000358)	[00.000078,00.007567]
05_registration    	    574	00.779442	(00.001358 +- 00.000532)	[00.000289,00.006570]
06_map             	    574	00.528294	(00.000920 +- 00.000203)	[00.000144,00.004319]
07_imu_opt         	    574	01.204741	(00.002099 +- 00.001303)	[00.000001,00.006245]
08_publish         	    574	06.408352	(00.011164 +- 00.002860)	[00.000684,00.035620]
step               	    576	10.026426	(00.017407 +- 00.003834)	[00.000316,00.051684]

INFO  Timings:
SM Timing
-----------
00_conversion_livox	    578	08.279291	(00.014324 +- 00.001101)	[00.010098,00.032580]
01_filter          	    577	00.187835	(00.000326 +- 00.000044)	[00.000146,00.003050]
02_preint          	    575	00.033407	(00.000058 +- 00.000006)	[00.000034,00.000104]
03_undistortion    	    575	00.486828	(00.000847 +- 00.000197)	[00.000110,00.003138]
04_sampling        	    575	00.341003	(00.000593 +- 00.000359)	[00.000078,00.007567]
05_registration    	    575	00.780473	(00.001357 +- 00.000535)	[00.000289,00.006570]
06_map             	    575	00.529442	(00.000921 +- 00.000204)	[00.000144,00.004319]
07_imu_opt         	    575	01.206499	(00.002098 +- 00.001303)	[00.000001,00.006245]
08_publish         	    575	06.425136	(00.011174 +- 00.002917)	[00.000684,00.035620]
step               	    577	10.049653	(00.017417 +- 00.003867)	[00.000316,00.051684]

INFO  Timings:
SM Timing
-----------
00_conversion_livox	    579	08.293371	(00.014324 +- 00.001104)	[00.010098,00.032580]
01_filter          	    578	00.188233	(00.000326 +- 00.000045)	[00.000146,00.003050]
02_preint          	    576	00.033472	(00.000058 +- 00.000006)	[00.000034,00.000104]
03_undistortion    	    576	00.488023	(00.000847 +- 00.000193)	[00.000110,00.003138]
04_sampling        	    576	00.341664	(00.000593 +- 00.000359)	[00.000078,00.007567]
05_registration    	    576	00.781615	(00.001357 +- 00.000534)	[00.000289,00.006570]
06_map             	    576	00.530595	(00.000921 +- 00.000205)	[00.000144,00.004319]
07_imu_opt         	    576	01.208217	(00.002098 +- 00.001307)	[00.000001,00.006245]
08_publish         	    576	06.440664	(00.011182 +- 00.002933)	[00.000684,00.035620]
step               	    578	10.071582	(00.017425 +- 00.003859)	[00.000316,00.051684]

INFO  Timings:
SM Timing
-----------
00_conversion_livox	    580	08.307223	(00.014323 +- 00.001099)	[00.010098,00.032580]
01_filter          	    579	00.188625	(00.000326 +- 00.000046)	[00.000146,00.003050]
02_preint          	    577	00.033535	(00.000058 +- 00.000006)	[00.000034,00.000104]
03_undistortion    	    577	00.489127	(00.000848 +- 00.000194)	[00.000110,00.003138]
04_sampling        	    577	00.342325	(00.000593 +- 00.000359)	[00.000078,00.007567]
05_registration    	    577	00.783171	(00.001357 +- 00.000530)	[00.000289,00.006570]
06_map             	    577	00.531584	(00.000921 +- 00.000204)	[00.000144,00.004319]
07_imu_opt         	    577	01.209866	(00.002097 +- 00.001310)	[00.000001,00.006245]
08_publish         	    577	06.456196	(00.011189 +- 00.002958)	[00.000684,00.035620]
step               	    579	10.093619	(00.017433 +- 00.003878)	[00.000316,00.051684]

INFO  Timings:
SM Timing
-----------
00_conversion_livox	    581	08.322512	(00.014324 +- 00.001099)	[00.010098,00.032580]
01_filter          	    580	00.189047	(00.000326 +- 00.000047)	[00.000146,00.003050]
02_preint          	    578	00.033599	(00.000058 +- 00.000006)	[00.000034,00.000104]
03_undistortion    	    578	00.490360	(00.000848 +- 00.000198)	[00.000110,00.003138]
04_sampling        	    578	00.343054	(00.000594 +- 00.000359)	[00.000078,00.007567]
05_registration    	    578	00.784384	(00.001357 +- 00.000531)	[00.000289,00.006570]
06_map             	    578	00.532921	(00.000922 +- 00.000210)	[00.000144,00.004319]
07_imu_opt         	    578	01.211601	(00.002096 +- 00.001266)	[00.000001,00.006245]
08_publish         	    578	06.473651	(00.011200 +- 00.003041)	[00.000684,00.035620]
step               	    580	10.117923	(00.017445 +- 00.003894)	[00.000316,00.051684]

INFO  Timings:
SM Timing
-----------
00_conversion_livox	    582	08.337691	(00.014326 +- 00.001096)	[00.010098,00.032580]
01_filter          	    581	00.189417	(00.000326 +- 00.000047)	[00.000146,00.003050]
02_preint          	    579	00.033671	(00.000058 +- 00.000006)	[00.000034,00.000104]
03_undistortion    	    579	00.491340	(00.000849 +- 00.000198)	[00.000110,00.003138]
04_sampling        	    579	00.343667	(00.000594 +- 00.000359)	[00.000078,00.007567]
05_registration    	    579	00.785565	(00.001357 +- 00.000531)	[00.000289,00.006570]
06_map             	    579	00.534038	(00.000922 +- 00.000211)	[00.000144,00.004319]
07_imu_opt         	    579	01.213385	(00.002096 +- 00.001269)	[00.000001,00.006245]
08_publish         	    579	06.489833	(00.011209 +- 00.003044)	[00.000684,00.035620]
step               	    581	10.140326	(00.017453 +- 00.003880)	[00.000316,00.051684]

INFO  Timings:
SM Timing
-----------
00_conversion_livox	    583	08.352252	(00.014326 +- 00.000819)	[00.010098,00.032580]
01_filter          	    582	00.189796	(00.000326 +- 00.000047)	[00.000146,00.003050]
02_preint          	    580	00.033745	(00.000058 +- 00.000006)	[00.000034,00.000104]
03_undistortion    	    580	00.492458	(00.000849 +- 00.000185)	[00.000110,00.003138]
04_sampling        	    580	00.344347	(00.000594 +- 00.000359)	[00.000078,00.007567]
05_registration    	    580	00.786326	(00.001356 +- 00.000539)	[00.000289,00.006570]
06_map             	    580	00.535140	(00.000923 +- 00.000210)	[00.000144,00.004319]
07_imu_opt         	    580	01.215094	(00.002095 +- 00.001273)	[00.000001,00.006245]
08_publish         	    580	06.504561	(00.011215 +- 00.003020)	[00.000684,00.035620]
step               	    582	10.160982	(00.017459 +- 00.003842)	[00.000316,00.051684]

INFO  Timings:
SM Timing
-----------
00_conversion_livox	    584	08.367202	(00.014327 +- 00.000785)	[00.010098,00.032580]
01_filter          	    583	00.190187	(00.000326 +- 00.000047)	[00.000146,00.003050]
02_preint          	    581	00.033807	(00.000058 +- 00.000005)	[00.000034,00.000104]
03_undistortion    	    581	00.493516	(00.000849 +- 00.000184)	[00.000110,00.003138]
04_sampling        	    581	00.344998	(00.000594 +- 00.000359)	[00.000078,00.007567]
05_registration    	    581	00.787974	(00.001356 +- 00.000497)	[00.000289,00.006570]
06_map             	    581	00.536236	(00.000923 +- 00.000209)	[00.000144,00.004319]
07_imu_opt         	    581	01.216894	(00.002094 +- 00.001276)	[00.000001,00.006245]
08_publish         	    581	06.520917	(00.011224 +- 00.003066)	[00.000684,00.035620]
step               	    583	10.184109	(00.017468 +- 00.003850)	[00.000316,00.051684]

INFO  Timings:
SM Timing
-----------
00_conversion_livox	    585	08.384218	(00.014332 +- 00.000854)	[00.010098,00.032580]
01_filter          	    584	00.190609	(00.000326 +- 00.000049)	[00.000146,00.003050]
02_preint          	    582	00.033876	(00.000058 +- 00.000005)	[00.000034,00.000104]
03_undistortion    	    582	00.494699	(00.000850 +- 00.000187)	[00.000110,00.003138]
04_sampling        	    582	00.345656	(00.000594 +- 00.000359)	[00.000078,00.007567]
05_registration    	    582	00.789621	(00.001357 +- 00.000498)	[00.000289,00.006570]
06_map             	    582	00.537430	(00.000923 +- 00.000212)	[00.000144,00.004319]
07_imu_opt         	    582	01.218793	(00.002094 +- 00.001276)	[00.000001,00.006245]
08_publish         	    582	06.537777	(00.011233 +- 00.003134)	[00.000684,00.035620]
step               	    584	10.208129	(00.017480 +- 00.003911)	[00.000316,00.051684]

INFO  Timings:
SM Timing
-----------
00_conversion_livox	    586	08.400367	(00.014335 +- 00.000880)	[00.010098,00.032580]
01_filter          	    585	00.191042	(00.000327 +- 00.000051)	[00.000146,00.003050]
02_preint          	    583	00.033942	(00.000058 +- 00.000005)	[00.000034,00.000104]
03_undistortion    	    583	00.495928	(00.000851 +- 00.000189)	[00.000110,00.003138]
04_sampling        	    583	00.346508	(00.000594 +- 00.000360)	[00.000078,00.007567]
05_registration    	    583	00.790955	(00.001357 +- 00.000498)	[00.000289,00.006570]
06_map             	    583	00.538583	(00.000924 +- 00.000211)	[00.000144,00.004319]
07_imu_opt         	    583	01.220631	(00.002094 +- 00.001226)	[00.000001,00.006245]
08_publish         	    583	06.553286	(00.011241 +- 00.003164)	[00.000684,00.035620]
step               	    585	10.230708	(00.017488 +- 00.003900)	[00.000316,00.051684]

INFO  Timings:
SM Timing
-----------
00_conversion_livox	    587	08.415653	(00.014337 +- 00.000875)	[00.010098,00.032580]
01_filter          	    586	00.191433	(00.000327 +- 00.000051)	[00.000146,00.003050]
02_preint          	    584	00.034012	(00.000058 +- 00.000005)	[00.000034,00.000104]
03_undistortion    	    584	00.497042	(00.000851 +- 00.000190)	[00.000110,00.003138]
04_sampling        	    584	00.347368	(00.000595 +- 00.000361)	[00.000078,00.007567]
05_registration    	    584	00.794066	(00.001360 +- 00.000550)	[00.000289,00.006570]
06_map             	    584	00.539711	(00.000924 +- 00.000212)	[00.000144,00.004319]
07_imu_opt         	    584	01.222467	(00.002093 +- 00.001227)	[00.000001,00.006245]
08_publish         	    584	06.569805	(00.011250 +- 00.003218)	[00.000684,00.035620]
step               	    586	10.255832	(00.017501 +- 00.003987)	[00.000316,00.051684]

INFO  Timings:
SM Timing
-----------
00_conversion_livox	    588	08.433359	(00.014342 +- 00.000975)	[00.010098,00.032580]
01_filter          	    587	00.191879	(00.000327 +- 00.000053)	[00.000146,00.003050]
02_preint          	    585	00.034082	(00.000058 +- 00.000005)	[00.000034,00.000104]
03_undistortion    	    585	00.498246	(00.000852 +- 00.000192)	[00.000110,00.003138]
04_sampling        	    585	00.348128	(00.000595 +- 00.000362)	[00.000078,00.007567]
05_registration    	    585	00.795278	(00.001359 +- 00.000519)	[00.000289,00.006570]
06_map             	    585	00.540986	(00.000925 +- 00.000215)	[00.000144,00.004319]
07_imu_opt         	    585	01.224526	(00.002093 +- 00.001227)	[00.000001,00.006245]
08_publish         	    585	06.587412	(00.011261 +- 00.003293)	[00.000684,00.035620]
step               	    587	10.280560	(00.017514 +- 00.004059)	[00.000316,00.051684]

INFO  Timings:
SM Timing
-----------
00_conversion_livox	    589	08.450051	(00.014346 +- 00.001012)	[00.010098,00.032580]
01_filter          	    588	00.192279	(00.000327 +- 00.000054)	[00.000146,00.003050]
02_preint          	    586	00.034156	(00.000058 +- 00.000005)	[00.000034,00.000104]
03_undistortion    	    586	00.499336	(00.000852 +- 00.000193)	[00.000110,00.003138]
04_sampling        	    586	00.348812	(00.000595 +- 00.000361)	[00.000078,00.007567]
05_registration    	    586	00.796270	(00.001359 +- 00.000519)	[00.000289,00.006570]
06_map             	    586	00.542162	(00.000925 +- 00.000216)	[00.000144,00.004319]
07_imu_opt         	    586	01.226440	(00.002093 +- 00.001226)	[00.000001,00.006245]
08_publish         	    586	06.603286	(00.011268 +- 00.003307)	[00.000684,00.035620]
step               	    588	10.302853	(00.017522 +- 00.004040)	[00.000316,00.051684]

INFO  Timings:
SM Timing
-----------
00_conversion_livox	    590	08.465996	(00.014349 +- 00.001015)	[00.010098,00.032580]
01_filter          	    589	00.192691	(00.000327 +- 00.000054)	[00.000146,00.003050]
02_preint          	    587	00.034232	(00.000058 +- 00.000006)	[00.000034,00.000104]
03_undistortion    	    587	00.500456	(00.000853 +- 00.000193)	[00.000110,00.003138]
04_sampling        	    587	00.349421	(00.000595 +- 00.000361)	[00.000078,00.007567]
05_registration    	    587	00.797802	(00.001359 +- 00.000519)	[00.000289,00.006570]
06_map             	    587	00.543382	(00.000926 +- 00.000217)	[00.000144,00.004319]
07_imu_opt         	    587	01.228539	(00.002093 +- 00.001223)	[00.000001,00.006245]
08_publish         	    587	06.619033	(00.011276 +- 00.003315)	[00.000684,00.035620]
step               	    589	10.325769	(00.017531 +- 00.004031)	[00.000316,00.051684]

INFO  Timings:
SM Timing
-----------
00_conversion_livox	    591	08.481032	(00.014350 +- 00.001016)	[00.010098,00.032580]
01_filter          	    590	00.193119	(00.000327 +- 00.000055)	[00.000146,00.003050]
02_preint          	    588	00.034298	(00.000058 +- 00.000006)	[00.000034,00.000104]
03_undistortion    	    588	00.501489	(00.000853 +- 00.000192)	[00.000110,00.003138]
04_sampling        	    588	00.350287	(00.000596 +- 00.000362)	[00.000078,00.007567]
05_registration    	    588	00.802377	(00.001365 +- 00.000681)	[00.000289,00.006570]
06_map             	    588	00.545021	(00.000927 +- 00.000234)	[00.000144,00.004319]
07_imu_opt         	    588	01.230529	(00.002093 +- 00.001165)	[00.000001,00.006245]
08_publish         	    588	06.634248	(00.011283 +- 00.003309)	[00.000684,00.035620]
step               	    590	10.351680	(00.017545 +- 00.004124)	[00.000316,00.051684]

INFO  Timings:
SM Timing
-----------
00_conversion_livox	    592	08.495558	(00.014351 +- 00.001011)	[00.010098,00.032580]
01_filter          	    591	00.193498	(00.000327 +- 00.000055)	[00.000146,00.003050]
02_preint          	    589	00.034366	(00.000058 +- 00.000005)	[00.000034,00.000104]
03_undistortion    	    589	00.502458	(00.000853 +- 00.000191)	[00.000110,00.003138]
04_sampling        	    589	00.350900	(00.000596 +- 00.000361)	[00.000078,00.007567]
05_registration    	    589	00.804610	(00.001366 +- 00.000689)	[00.000289,00.006570]
06_map             	    589	00.546165	(00.000927 +- 00.000233)	[00.000144,00.004319]
07_imu_opt         	    589	01.234889	(00.002097 +- 00.001196)	[00.000001,00.006245]
08_publish         	    589	06.649660	(00.011290 +- 00.003282)	[00.000684,00.035620]
step               	    591	10.376949	(00.017558 +- 00.004138)	[00.000316,00.051684]

INFO  Timings:
SM Timing
-----------
00_conversion_livox	    593	08.509646	(00.014350 +- 00.000988)	[00.010098,00.032580]
01_filter          	    592	00.193884	(00.000328 +- 00.000054)	[00.000146,00.003050]
02_preint          	    590	00.034434	(00.000058 +- 00.000005)	[00.000034,00.000104]
03_undistortion    	    590	00.503492	(00.000853 +- 00.000189)	[00.000110,00.003138]
04_sampling        	    590	00.351623	(00.000596 +- 00.000361)	[00.000078,00.007567]
05_registration    	    590	00.806326	(00.001367 +- 00.000686)	[00.000289,00.006570]
06_map             	    590	00.547215	(00.000927 +- 00.000232)	[00.000144,00.004319]
07_imu_opt         	    590	01.237122	(00.002097 +- 00.001191)	[00.000001,00.006245]
08_publish         	    590	06.664645	(00.011296 +- 00.003254)	[00.000684,00.035620]
step               	    592	10.399217	(00.017566 +- 00.004074)	[00.000316,00.051684]

INFO  Timings:
SM Timing
-----------
00_conversion_livox	    594	08.523559	(00.014349 +- 00.000963)	[00.010098,00.032580]
01_filter          	    593	00.194282	(00.000328 +- 00.000054)	[00.000146,00.003050]
02_preint          	    591	00.034501	(00.000058 +- 00.000005)	[00.000034,00.000104]
03_undistortion    	    591	00.504590	(00.000854 +- 00.000189)	[00.000110,00.003138]
04_sampling        	    591	00.352377	(00.000596 +- 00.000361)	[00.000078,00.007567]
05_registration    	    591	00.808569	(00.001368 +- 00.000693)	[00.000289,00.006570]
06_map             	    591	00.549341	(00.000930 +- 00.000280)	[00.000144,00.004319]
07_imu_opt         	    591	01.238794	(00.002096 +- 00.001190)	[00.000001,00.006245]
08_publish         	    591	06.679130	(00.011301 +- 00.003239)	[00.000684,00.035620]
step               	    593	10.422153	(00.017575 +- 00.004061)	[00.000316,00.051684]

INFO  Timings:
SM Timing
-----------
00_conversion_livox	    595	08.537519	(00.014349 +- 00.000961)	[00.010098,00.032580]
01_filter          	    594	00.194692	(00.000328 +- 00.000054)	[00.000146,00.003050]
02_preint          	    592	00.034569	(00.000058 +- 00.000005)	[00.000034,00.000104]
03_undistortion    	    592	00.505759	(00.000854 +- 00.000191)	[00.000110,00.003138]
04_sampling        	    592	00.353015	(00.000596 +- 00.000361)	[00.000078,00.007567]
05_registration    	    592	00.809999	(00.001368 +- 00.000693)	[00.000289,00.006570]
06_map             	    592	00.550458	(00.000930 +- 00.000279)	[00.000144,00.004319]
07_imu_opt         	    592	01.240445	(00.002095 +- 00.001189)	[00.000001,00.006245]
08_publish         	    592	06.693244	(00.011306 +- 00.003229)	[00.000684,00.035620]
step               	    594	10.442851	(00.017581 +- 00.004033)	[00.000316,00.051684]

INFO  Timings:
SM Timing
-----------
00_conversion_livox	    596	08.551089	(00.014347 +- 00.000955)	[00.010098,00.032580]
01_filter          	    595	00.195068	(00.000328 +- 00.000054)	[00.000146,00.003050]
02_preint          	    593	00.034629	(00.000058 +- 00.000005)	[00.000034,00.000104]
03_undistortion    	    593	00.506760	(00.000855 +- 00.000190)	[00.000110,00.003138]
04_sampling        	    593	00.353743	(00.000597 +- 00.000360)	[00.000078,00.007567]
05_registration    	    593	00.811596	(00.001369 +- 00.000692)	[00.000289,00.006570]
06_map             	    593	00.551609	(00.000930 +- 00.000277)	[00.000144,00.004319]
07_imu_opt         	    593	01.242044	(00.002095 +- 00.001114)	[00.000001,00.006245]
08_publish         	    593	06.706834	(00.011310 +- 00.003216)	[00.000684,00.035620]
step               	    595	10.463030	(00.017585 +- 00.004032)	[00.000316,00.051684]

INFO  Timings:
SM Timing
-----------
00_conversion_livox	    597	08.564136	(00.014345 +- 00.000985)	[00.010098,00.032580]
01_filter          	    596	00.195416	(00.000328 +- 00.000054)	[00.000146,00.003050]
02_preint          	    594	00.034683	(00.000058 +- 00.000005)	[00.000034,00.000104]
03_undistortion    	    594	00.507730	(00.000855 +- 00.000189)	[00.000110,00.003138]
04_sampling        	    594	00.354306	(00.000596 +- 00.000360)	[00.000078,00.007567]
05_registration    	    594	00.812417	(00.001368 +- 00.000698)	[00.000289,00.006570]
06_map             	    594	00.552562	(00.000930 +- 00.000276)	[00.000144,00.004319]
07_imu_opt         	    594	01.243529	(00.002093 +- 00.001120)	[00.000001,00.006245]
08_publish         	    594	06.719363	(00.011312 +- 00.003195)	[00.000684,00.035620]
step               	    596	10.480835	(00.017585 +- 00.004016)	[00.000316,00.051684]

INFO  Timings:
SM Timing
-----------
00_conversion_livox	    598	08.576575	(00.014342 +- 00.001038)	[00.010098,00.032580]
01_filter          	    597	00.195766	(00.000328 +- 00.000053)	[00.000146,00.003050]
02_preint          	    595	00.034733	(00.000058 +- 00.000006)	[00.000034,00.000104]
03_undistortion    	    595	00.508742	(00.000855 +- 00.000189)	[00.000110,00.003138]
04_sampling        	    595	00.354983	(00.000597 +- 00.000119)	[00.000078,00.007567]
05_registration    	    595	00.813303	(00.001367 +- 00.000693)	[00.000289,00.006570]
06_map             	    595	00.553481	(00.000930 +- 00.000275)	[00.000144,00.004319]
07_imu_opt         	    595	01.244874	(00.002092 +- 00.001128)	[00.000001,00.006245]
08_publish         	    595	06.731301	(00.011313 +- 00.003188)	[00.000684,00.035620]
step               	    597	10.498095	(00.017585 +- 00.004038)	[00.000316,00.051684]

INFO  Timings:
SM Timing
-----------
00_conversion_livox	    599	08.588862	(00.014339 +- 00.001080)	[00.010098,00.032580]
01_filter          	    598	00.196133	(00.000328 +- 00.000053)	[00.000146,00.003050]
02_preint          	    596	00.034774	(00.000058 +- 00.000007)	[00.000034,00.000104]
03_undistortion    	    596	00.509889	(00.000856 +- 00.000190)	[00.000110,00.003138]
04_sampling        	    596	00.355792	(00.000597 +- 00.000120)	[00.000078,00.007567]
05_registration    	    596	00.814427	(00.001366 +- 00.000692)	[00.000289,00.006570]
06_map             	    596	00.554401	(00.000930 +- 00.000273)	[00.000144,00.004319]
07_imu_opt         	    596	01.246247	(00.002091 +- 00.001073)	[00.000001,00.006245]
08_publish         	    596	06.743470	(00.011315 +- 00.003164)	[00.000684,00.035620]
step               	    598	10.516168	(00.017586 +- 00.004050)	[00.000316,00.051684]

INFO  Timings:
SM Timing
-----------
00_conversion_livox	    600	08.601496	(00.014336 +- 00.001106)	[00.010098,00.032580]
01_filter          	    599	00.196470	(00.000328 +- 00.000051)	[00.000146,00.003050]
02_preint          	    597	00.034828	(00.000058 +- 00.000006)	[00.000034,00.000104]
03_undistortion    	    597	00.510700	(00.000855 +- 00.000187)	[00.000110,00.003138]
04_sampling        	    597	00.356341	(00.000597 +- 00.000119)	[00.000078,00.007567]
05_registration    	    597	00.816113	(00.001367 +- 00.000692)	[00.000289,00.006570]
06_map             	    597	00.555353	(00.000930 +- 00.000273)	[00.000144,00.004319]
07_imu_opt         	    597	01.247704	(00.002090 +- 00.001075)	[00.000001,00.006245]
08_publish         	    597	06.756078	(00.011317 +- 00.003115)	[00.000684,00.035620]
step               	    599	10.534712	(00.017587 +- 00.003989)	[00.000316,00.051684]

INFO  Timings:
SM Timing
-----------
00_conversion_livox	    601	08.614481	(00.014334 +- 00.001109)	[00.010098,00.032580]
01_filter          	    600	00.196807	(00.000328 +- 00.000050)	[00.000146,00.003050]
02_preint          	    598	00.034885	(00.000058 +- 00.000006)	[00.000034,00.000104]
03_undistortion    	    598	00.511644	(00.000856 +- 00.000185)	[00.000110,00.003138]
04_sampling        	    598	00.356914	(00.000597 +- 00.000118)	[00.000078,00.007567]
05_registration    	    598	00.817353	(00.001367 +- 00.000692)	[00.000289,00.006570]
06_map             	    598	00.556315	(00.000930 +- 00.000272)	[00.000144,00.004319]
07_imu_opt         	    598	01.249245	(00.002089 +- 00.001078)	[00.000001,00.006245]
08_publish         	    598	06.768912	(00.011319 +- 00.003075)	[00.000684,00.035620]
step               	    600	10.553279	(00.017589 +- 00.003951)	[00.000316,00.051684]

INFO  Timings:
SM Timing
-----------
00_conversion_livox	    602	08.628004	(00.014332 +- 00.001120)	[00.010098,00.032580]
01_filter          	    601	00.197109	(00.000328 +- 00.000050)	[00.000146,00.003050]
02_preint          	    599	00.034941	(00.000058 +- 00.000007)	[00.000034,00.000104]
03_undistortion    	    599	00.512489	(00.000856 +- 00.000185)	[00.000110,00.003138]
04_sampling        	    599	00.357423	(00.000597 +- 00.000117)	[00.000078,00.007567]
05_registration    	    599	00.818898	(00.001367 +- 00.000686)	[00.000289,00.006570]
06_map             	    599	00.557307	(00.000930 +- 00.000272)	[00.000144,00.004319]
07_imu_opt         	    599	01.250845	(00.002088 +- 00.001014)	[00.000001,00.006245]
08_publish         	    599	06.781139	(00.011321 +- 00.003057)	[00.000684,00.035620]
step               	    601	10.571431	(00.017590 +- 00.003962)	[00.000316,00.051684]

INFO  Timings:
SM Timing
-----------
00_conversion_livox	    603	08.641407	(00.014331 +- 00.001132)	[00.010098,00.032580]
01_filter          	    602	00.197407	(00.000328 +- 00.000051)	[00.000146,00.003050]
02_preint          	    600	00.035002	(00.000058 +- 00.000007)	[00.000034,00.000104]
03_undistortion    	    600	00.513322	(00.000856 +- 00.000184)	[00.000110,00.003138]
04_sampling        	    600	00.357920	(00.000597 +- 00.000119)	[00.000078,00.007567]
05_registration    	    600	00.819920	(00.001367 +- 00.000689)	[00.000289,00.006570]
06_map             	    600	00.558208	(00.000930 +- 00.000270)	[00.000144,00.004319]
07_imu_opt         	    600	01.252965	(00.002088 +- 00.001012)	[00.000001,00.006245]
08_publish         	    600	06.792380	(00.011321 +- 00.003041)	[00.000684,00.035620]
step               	    602	10.588481	(00.017589 +- 00.003943)	[00.000316,00.051684]

INFO  Timings:
SM Timing
-----------
00_conversion_livox	    604	08.653728	(00.014327 +- 00.001174)	[00.010098,00.032580]
01_filter          	    603	00.197686	(00.000328 +- 00.000052)	[00.000146,00.003050]
02_preint          	    601	00.035057	(00.000058 +- 00.000007)	[00.000034,00.000104]
03_undistortion    	    601	00.514161	(00.000856 +- 00.000182)	[00.000110,00.003138]
04_sampling        	    601	00.358429	(00.000596 +- 00.000118)	[00.000078,00.007567]
05_registration    	    601	00.821605	(00.001367 +- 00.000689)	[00.000289,00.006570]
06_map             	    601	00.559490	(00.000931 +- 00.000269)	[00.000144,00.004319]
07_imu_opt         	    601	01.256446	(00.002091 +- 00.001028)	[00.000001,00.006245]
08_publish         	    601	06.803170	(00.011320 +- 00.003016)	[00.000684,00.035620]
step               	    603	10.607468	(00.017591 +- 00.003883)	[00.000316,00.051684]

INFO  Timings:
SM Timing
-----------
00_conversion_livox	    605	08.666311	(00.014324 +- 00.001207)	[00.010098,00.032580]
01_filter          	    604	00.197970	(00.000328 +- 00.000053)	[00.000146,00.003050]
02_preint          	    602	00.035111	(00.000058 +- 00.000007)	[00.000034,00.000104]
03_undistortion    	    602	00.515069	(00.000856 +- 00.000182)	[00.000110,00.003138]
04_sampling        	    602	00.358991	(00.000596 +- 00.000116)	[00.000078,00.007567]
05_registration    	    602	00.822260	(00.001366 +- 00.000697)	[00.000289,00.006570]
06_map             	    602	00.560436	(00.000931 +- 00.000267)	[00.000144,00.004319]
07_imu_opt         	    602	01.257908	(00.002090 +- 00.001033)	[00.000001,00.006245]
08_publish         	    602	06.813873	(00.011319 +- 00.003004)	[00.000684,00.035620]
step               	    604	10.623119	(00.017588 +- 00.003907)	[00.000316,00.051684]

INFO  Timings:
SM Timing
-----------
00_conversion_livox	    606	08.678980	(00.014322 +- 00.001225)	[00.010098,00.032580]
01_filter          	    605	00.198280	(00.000328 +- 00.000052)	[00.000146,00.003050]
02_preint          	    603	00.035166	(00.000058 +- 00.000007)	[00.000034,00.000104]
03_undistortion    	    603	00.515904	(00.000856 +- 00.000180)	[00.000110,00.003138]
04_sampling        	    603	00.359510	(00.000596 +- 00.000116)	[00.000078,00.007567]
05_registration    	    603	00.823805	(00.001366 +- 00.000683)	[00.000289,00.006570]
06_map             	    603	00.561233	(00.000931 +- 00.000268)	[00.000144,00.004319]
07_imu_opt         	    603	01.259774	(00.002089 +- 00.001033)	[00.000001,00.006245]
08_publish         	    603	06.824609	(00.011318 +- 00.002986)	[00.000684,00.035620]
step               	    605	10.639856	(00.017587 +- 00.003908)	[00.000316,00.051684]

INFO  Timings:
SM Timing
-----------
00_conversion_livox	    607	08.691812	(00.014319 +- 00.001242)	[00.010098,00.032580]
01_filter          	    606	00.198573	(00.000328 +- 00.000053)	[00.000146,00.003050]
02_preint          	    604	00.035220	(00.000058 +- 00.000007)	[00.000034,00.000104]
03_undistortion    	    604	00.516732	(00.000856 +- 00.000177)	[00.000110,00.003138]
04_sampling        	    604	00.360130	(00.000596 +- 00.000113)	[00.000078,00.007567]
05_registration    	    604	00.824864	(00.001366 +- 00.000685)	[00.000289,00.006570]
06_map             	    604	00.562079	(00.000931 +- 00.000266)	[00.000144,00.004319]
07_imu_opt         	    604	01.261363	(00.002088 +- 00.001035)	[00.000001,00.006245]
08_publish         	    604	06.835593	(00.011317 +- 00.002935)	[00.000684,00.035620]
step               	    606	10.656243	(00.017585 +- 00.003858)	[00.000316,00.051684]

INFO  Timings:
SM Timing
-----------
00_conversion_livox	    608	08.704707	(00.014317 +- 00.001260)	[00.010098,00.032580]
01_filter          	    607	00.198890	(00.000328 +- 00.000052)	[00.000146,00.003050]
02_preint          	    605	00.035274	(00.000058 +- 00.000007)	[00.000034,00.000104]
03_undistortion    	    605	00.517585	(00.000856 +- 00.000172)	[00.000110,00.003138]
04_sampling        	    605	00.360703	(00.000596 +- 00.000111)	[00.000078,00.007567]
05_registration    	    605	00.825876	(00.001365 +- 00.000687)	[00.000289,00.006570]
06_map             	    605	00.563038	(00.000931 +- 00.000260)	[00.000144,00.004319]
07_imu_opt         	    605	01.262895	(00.002087 +- 00.001037)	[00.000001,00.006245]
08_publish         	    605	06.846747	(00.011317 +- 00.002851)	[00.000684,00.035620]
step               	    607	10.672772	(00.017583 +- 00.003763)	[00.000316,00.051684]

INFO  Timings:
SM Timing
-----------
00_conversion_livox	    609	08.717492	(00.014314 +- 00.001280)	[00.010098,00.032580]
01_filter          	    608	00.199193	(00.000328 +- 00.000052)	[00.000146,00.003050]
02_preint          	    606	00.035325	(00.000058 +- 00.000007)	[00.000034,00.000104]
03_undistortion    	    606	00.518518	(00.000856 +- 00.000164)	[00.000110,00.003138]
04_sampling        	    606	00.361232	(00.000596 +- 00.000109)	[00.000078,00.007567]
05_registration    	    606	00.826656	(00.001364 +- 00.000690)	[00.000289,00.006570]
06_map             	    606	00.564066	(00.000931 +- 00.000252)	[00.000144,00.004319]
07_imu_opt         	    606	01.264371	(00.002086 +- 00.000931)	[00.000001,00.006245]
08_publish         	    606	06.857931	(00.011317 +- 00.002756)	[00.000684,00.035620]
step               	    608	10.689136	(00.017581 +- 00.003766)	[00.000316,00.051684]

INFO  Timings:
SM Timing
-----------
00_conversion_livox	    610	08.729837	(00.014311 +- 00.001297)	[00.010098,00.032580]
01_filter          	    609	00.199467	(00.000328 +- 00.000052)	[00.000146,00.003050]
02_preint          	    607	00.035375	(00.000058 +- 00.000008)	[00.000034,00.000104]
03_undistortion    	    607	00.519422	(00.000856 +- 00.000157)	[00.000110,00.003138]
04_sampling        	    607	00.361841	(00.000596 +- 00.000105)	[00.000078,00.007567]
05_registration    	    607	00.827363	(00.001363 +- 00.000694)	[00.000289,00.006570]
06_map             	    607	00.565046	(00.000931 +- 00.000243)	[00.000144,00.004319]
07_imu_opt         	    607	01.265853	(00.002085 +- 00.000934)	[00.000001,00.006245]
08_publish         	    607	06.869477	(00.011317 +- 00.002657)	[00.000684,00.035620]
step               	    609	10.705759	(00.017579 +- 00.003660)	[00.000316,00.051684]

INFO  Timings:
SM Timing
-----------
00_conversion_livox	    611	08.742601	(00.014309 +- 00.001286)	[00.010098,00.032580]
01_filter          	    610	00.199764	(00.000327 +- 00.000051)	[00.000146,00.003050]
02_preint          	    608	00.035431	(00.000058 +- 00.000008)	[00.000034,00.000104]
03_undistortion    	    608	00.520275	(00.000856 +- 00.000150)	[00.000110,00.003138]
04_sampling        	    608	00.362551	(00.000596 +- 00.000101)	[00.000078,00.007567]
05_registration    	    608	00.829112	(00.001364 +- 00.000689)	[00.000289,00.006570]
06_map             	    608	00.566035	(00.000931 +- 00.000233)	[00.000144,00.004319]
07_imu_opt         	    608	01.270693	(00.002090 +- 00.001010)	[00.000001,00.006245]
08_publish         	    608	06.881339	(00.011318 +- 00.002495)	[00.000684,00.035620]
step               	    610	10.727199	(00.017586 +- 00.003439)	[00.000316,00.051684]

INFO  Timings:
SM Timing
-----------
00_conversion_livox	    612	08.755717	(00.014307 +- 00.001291)	[00.010098,00.032580]
01_filter          	    611	00.200078	(00.000327 +- 00.000050)	[00.000146,00.003050]
02_preint          	    609	00.035488	(00.000058 +- 00.000008)	[00.000034,00.000104]
03_undistortion    	    609	00.521344	(00.000856 +- 00.000136)	[00.000110,00.003138]
04_sampling        	    609	00.363176	(00.000596 +- 00.000095)	[00.000078,00.007567]
05_registration    	    609	00.830892	(00.001364 +- 00.000689)	[00.000289,00.006570]
06_map             	    609	00.567007	(00.000931 +- 00.000220)	[00.000144,00.004319]
07_imu_opt         	    609	01.272354	(00.002089 +- 00.001011)	[00.000001,00.006245]
08_publish         	    609	06.893371	(00.011319 +- 00.002316)	[00.000684,00.035620]
step               	    611	10.745793	(00.017587 +- 00.003223)	[00.000316,00.051684]

INFO  Timings:
SM Timing
-----------
00_conversion_livox	    613	08.770070	(00.014307 +- 00.001291)	[00.010098,00.032580]
01_filter          	    612	00.200393	(00.000327 +- 00.000050)	[00.000146,00.003050]
02_preint          	    610	00.035560	(00.000058 +- 00.000008)	[00.000034,00.000104]
03_undistortion    	    610	00.522352	(00.000856 +- 00.000135)	[00.000110,00.003138]
04_sampling        	    610	00.363737	(00.000596 +- 00.000094)	[00.000078,00.007567]
05_registration    	    610	00.831971	(00.001364 +- 00.000681)	[00.000289,00.006570]
06_map             	    610	00.568169	(00.000931 +- 00.000212)	[00.000144,00.004319]
07_imu_opt         	    610	01.274209	(00.002089 +- 00.001010)	[00.000001,00.006245]
08_publish         	    610	06.906621	(00.011322 +- 00.002162)	[00.000684,00.035620]
step               	    612	10.765203	(00.017590 +- 00.003028)	[00.000316,00.051684]

INFO  Timings:
SM Timing
-----------
00_conversion_livox	    614	08.784668	(00.014307 +- 00.001292)	[00.010098,00.032580]
01_filter          	    613	00.200690	(00.000327 +- 00.000050)	[00.000146,00.003050]
02_preint          	    611	00.035622	(00.000058 +- 00.000008)	[00.000034,00.000104]
03_undistortion    	    611	00.524439	(00.000858 +- 00.000198)	[00.000110,00.003138]
04_sampling        	    611	00.364310	(00.000596 +- 00.000093)	[00.000078,00.007567]
05_registration    	    611	00.832612	(00.001363 +- 00.000689)	[00.000289,00.006570]
06_map             	    611	00.569321	(00.000932 +- 00.000207)	[00.000144,00.004319]
07_imu_opt         	    611	01.279114	(00.002093 +- 00.000992)	[00.000001,00.006245]
08_publish         	    611	06.918364	(00.011323 +- 00.002147)	[00.000684,00.035620]
step               	    613	10.786788	(00.017597 +- 00.003029)	[00.000316,00.051684]

INFO  Timings:
SM Timing
-----------
00_conversion_livox	    615	08.798494	(00.014306 +- 00.001271)	[00.010098,00.032580]
01_filter          	    614	00.200994	(00.000327 +- 00.000050)	[00.000146,00.003050]
02_preint          	    612	00.035684	(00.000058 +- 00.000008)	[00.000034,00.000104]
03_undistortion    	    612	00.525257	(00.000858 +- 00.000200)	[00.000110,00.003138]
04_sampling        	    612	00.364832	(00.000596 +- 00.000095)	[00.000078,00.007567]
05_registration    	    612	00.833734	(00.001362 +- 00.000690)	[00.000289,00.006570]
06_map             	    612	00.570222	(00.000932 +- 00.000209)	[00.000144,00.004319]
07_imu_opt         	    612	01.280758	(00.002093 +- 00.000994)	[00.000001,00.006245]
08_publish         	    612	06.929928	(00.011323 +- 00.002175)	[00.000684,00.035620]
step               	    614	10.803801	(00.017596 +- 00.003079)	[00.000316,00.051684]

INFO  Timings:
SM Timing
-----------
00_conversion_livox	    616	08.812083	(00.014305 +- 00.001269)	[00.010098,00.032580]
01_filter          	    615	00.201278	(00.000327 +- 00.000051)	[00.000146,00.003050]
02_preint          	    613	00.035747	(00.000058 +- 00.000007)	[00.000034,00.000104]
03_undistortion    	    613	00.526202	(00.000858 +- 00.000197)	[00.000110,00.003138]
04_sampling        	    613	00.365342	(00.000596 +- 00.000097)	[00.000078,00.007567]
05_registration    	    613	00.835292	(00.001363 +- 00.000690)	[00.000289,00.006570]
06_map             	    613	00.571030	(00.000932 +- 00.000213)	[00.000144,00.004319]
07_imu_opt         	    613	01.282604	(00.002092 +- 00.000994)	[00.000001,00.006245]
08_publish         	    613	06.942405	(00.011325 +- 00.002183)	[00.000684,00.035620]
step               	    615	10.822397	(00.017597 +- 00.003092)	[00.000316,00.051684]

INFO  Timings:
SM Timing
-----------
00_conversion_livox	    617	08.826965	(00.014306 +- 00.001270)	[00.010098,00.032580]
01_filter          	    616	00.201628	(00.000327 +- 00.000051)	[00.000146,00.003050]
02_preint          	    614	00.035818	(00.000058 +- 00.000008)	[00.000034,00.000104]
03_undistortion    	    614	00.527256	(00.000859 +- 00.000197)	[00.000110,00.003138]
04_sampling        	    614	00.365879	(00.000596 +- 00.000098)	[00.000078,00.007567]
05_registration    	    614	00.837588	(00.001364 +- 00.000698)	[00.000289,00.006570]
06_map             	    614	00.572145	(00.000932 +- 00.000212)	[00.000144,00.004319]
07_imu_opt         	    614	01.284401	(00.002092 +- 00.000993)	[00.000001,00.006245]
08_publish         	    614	06.956257	(00.011329 +- 00.002171)	[00.000684,00.035620]
step               	    616	10.843567	(00.017603 +- 00.003067)	[00.000316,00.051684]

INFO  Timings:
SM Timing
-----------
00_conversion_livox	    618	08.842000	(00.014307 +- 00.001276)	[00.010098,00.032580]
01_filter          	    617	00.201946	(00.000327 +- 00.000051)	[00.000146,00.003050]
02_preint          	    615	00.035883	(00.000058 +- 00.000008)	[00.000034,00.000104]
03_undistortion    	    615	00.528174	(00.000859 +- 00.000197)	[00.000110,00.003138]
04_sampling        	    615	00.366432	(00.000596 +- 00.000099)	[00.000078,00.007567]
05_registration    	    615	00.839646	(00.001365 +- 00.000673)	[00.000289,00.006570]
06_map             	    615	00.573037	(00.000932 +- 00.000214)	[00.000144,00.004319]
07_imu_opt         	    615	01.286174	(00.002091 +- 00.000993)	[00.000001,00.006245]
08_publish         	    615	06.970255	(00.011334 +- 00.002171)	[00.000684,00.035620]
step               	    617	10.864227	(00.017608 +- 00.003065)	[00.000316,00.051684]

INFO  Timings:
SM Timing
-----------
00_conversion_livox	    619	08.857014	(00.014309 +- 00.001261)	[00.010098,00.032580]
01_filter          	    618	00.202267	(00.000327 +- 00.000051)	[00.000146,00.003050]
02_preint          	    616	00.035944	(00.000058 +- 00.000008)	[00.000034,00.000104]
03_undistortion    	    616	00.529416	(00.000859 +- 00.000196)	[00.000110,00.003138]
04_sampling        	    616	00.367248	(00.000596 +- 00.000102)	[00.000078,00.007567]
05_registration    	    616	00.842620	(00.001368 +- 00.000702)	[00.000289,00.006570]
06_map             	    616	00.573939	(00.000932 +- 00.000215)	[00.000144,00.004319]
07_imu_opt         	    616	01.287887	(00.002091 +- 00.000994)	[00.000001,00.006245]
08_publish         	    616	06.983784	(00.011337 +- 00.002171)	[00.000684,00.035620]
step               	    618	10.885852	(00.017615 +- 00.003063)	[00.000316,00.051684]

INFO  Timings:
SM Timing
-----------
00_conversion_livox	    620	08.871647	(00.014309 +- 00.001257)	[00.010098,00.032580]
01_filter          	    619	00.202592	(00.000327 +- 00.000051)	[00.000146,00.003050]
02_preint          	    617	00.036006	(00.000058 +- 00.000007)	[00.000034,00.000104]
03_undistortion    	    617	00.530278	(00.000859 +- 00.000198)	[00.000110,00.003138]
04_sampling        	    617	00.367800	(00.000596 +- 00.000103)	[00.000078,00.007567]
05_registration    	    617	00.844609	(00.001369 +- 00.000696)	[00.000289,00.006570]
06_map             	    617	00.574832	(00.000932 +- 00.000216)	[00.000144,00.004319]
07_imu_opt         	    617	01.289470	(00.002090 +- 00.000996)	[00.000001,00.006245]
08_publish         	    617	06.996988	(00.011340 +- 00.002174)	[00.000684,00.035620]
step               	    619	10.905410	(00.017618 +- 00.003063)	[00.000316,00.051684]

INFO  Timings:
SM Timing
-----------
00_conversion_livox	    621	08.885965	(00.014309 +- 00.001257)	[00.010098,00.032580]
01_filter          	    620	00.202902	(00.000327 +- 00.000051)	[00.000146,00.003050]
02_preint          	    618	00.036077	(00.000058 +- 00.000007)	[00.000034,00.000104]
03_undistortion    	    618	00.531198	(00.000860 +- 00.000198)	[00.000110,00.003138]
04_sampling        	    618	00.368417	(00.000596 +- 00.000103)	[00.000078,00.007567]
05_registration    	    618	00.846192	(00.001369 +- 00.000691)	[00.000289,00.006570]
06_map             	    618	00.575878	(00.000932 +- 00.000216)	[00.000144,00.004319]
07_imu_opt         	    618	01.291311	(00.002090 +- 00.000929)	[00.000001,00.006245]
08_publish         	    618	07.010529	(00.011344 +- 00.002169)	[00.000684,00.035620]
step               	    620	10.925454	(00.017622 +- 00.003001)	[00.000316,00.051684]

INFO  Timings:
SM Timing
-----------
00_conversion_livox	    622	08.900669	(00.014310 +- 00.001242)	[00.010098,00.032580]
01_filter          	    621	00.203225	(00.000327 +- 00.000051)	[00.000146,00.003050]
02_preint          	    619	00.036146	(00.000058 +- 00.000007)	[00.000034,00.000104]
03_undistortion    	    619	00.532199	(00.000860 +- 00.000197)	[00.000110,00.003138]
04_sampling        	    619	00.369036	(00.000596 +- 00.000100)	[00.000078,00.007567]
05_registration    	    619	00.848011	(00.001370 +- 00.000691)	[00.000289,00.006570]
06_map             	    619	00.576754	(00.000932 +- 00.000218)	[00.000144,00.004319]
07_imu_opt         	    619	01.293078	(00.002089 +- 00.000930)	[00.000001,00.006245]
08_publish         	    619	07.026051	(00.011351 +- 00.002148)	[00.000684,00.035620]
step               	    621	10.947545	(00.017629 +- 00.002983)	[00.000316,00.051684]

INFO  Timings:
SM Timing
-----------
00_conversion_livox	    623	08.916463	(00.014312 +- 00.001262)	[00.010098,00.032580]
01_filter          	    622	00.203616	(00.000327 +- 00.000051)	[00.000146,00.003050]
02_preint          	    620	00.036213	(00.000058 +- 00.000007)	[00.000034,00.000104]
03_undistortion    	    620	00.533232	(00.000860 +- 00.000197)	[00.000110,00.003138]
04_sampling        	    620	00.369854	(00.000597 +- 00.000103)	[00.000078,00.007567]
05_registration    	    620	00.851576	(00.001374 +- 00.000743)	[00.000289,00.006570]
06_map             	    620	00.577811	(00.000932 +- 00.000218)	[00.000144,00.004319]
07_imu_opt         	    620	01.294904	(00.002089 +- 00.000930)	[00.000001,00.006245]
08_publish         	    620	07.041022	(00.011356 +- 00.002146)	[00.000684,00.035620]
step               	    622	10.971342	(00.017639 +- 00.003010)	[00.000316,00.051684]

INFO  Timings:
SM Timing
-----------
00_conversion_livox	    624	08.930773	(00.014312 +- 00.001261)	[00.010098,00.032580]
01_filter          	    623	00.203986	(00.000327 +- 00.000048)	[00.000146,00.003050]
02_preint          	    621	00.036267	(00.000058 +- 00.000008)	[00.000034,00.000104]
03_undistortion    	    621	00.534125	(00.000860 +- 00.000197)	[00.000110,00.003138]
04_sampling        	    621	00.370433	(00.000597 +- 00.000102)	[00.000078,00.007567]
05_registration    	    621	00.852791	(00.001373 +- 00.000743)	[00.000289,00.006570]
06_map             	    621	00.578651	(00.000932 +- 00.000219)	[00.000144,00.004319]
07_imu_opt         	    621	01.296501	(00.002088 +- 00.000867)	[00.000001,00.006245]
08_publish         	    621	07.054297	(00.011360 +- 00.002139)	[00.000684,00.035620]
step               	    623	10.990257	(00.017641 +- 00.002967)	[00.000316,00.051684]

INFO  Timings:
SM Timing
-----------
00_conversion_livox	    625	08.944506	(00.014311 +- 00.001263)	[00.010098,00.032580]
01_filter          	    624	00.204344	(00.000327 +- 00.000048)	[00.000146,00.003050]
02_preint          	    622	00.036321	(00.000058 +- 00.000008)	[00.000034,00.000104]
03_undistortion    	    622	00.535052	(00.000860 +- 00.000196)	[00.000110,00.003138]
04_sampling        	    622	00.371054	(00.000597 +- 00.000102)	[00.000078,00.007567]
05_registration    	    622	00.853557	(00.001372 +- 00.000747)	[00.000289,00.006570]
06_map             	    622	00.580897	(00.000934 +- 00.000271)	[00.000144,00.004319]
07_imu_opt         	    622	01.298064	(00.002087 +- 00.000868)	[00.000001,00.006245]
08_publish         	    622	07.067810	(00.011363 +- 00.002071)	[00.000684,00.035620]
step               	    624	11.010396	(00.017645 +- 00.002900)	[00.000316,00.051684]

INFO  Timings:
SM Timing
-----------
00_conversion_livox	    626	08.958319	(00.014310 +- 00.001263)	[00.010098,00.032580]
01_filter          	    625	00.204714	(00.000328 +- 00.000048)	[00.000146,00.003050]
02_preint          	    623	00.036383	(00.000058 +- 00.000008)	[00.000034,00.000104]
03_undistortion    	    623	00.536105	(00.000861 +- 00.000196)	[00.000110,00.003138]
04_sampling        	    623	00.371688	(00.000597 +- 00.000102)	[00.000078,00.007567]
05_registration    	    623	00.854518	(00.001372 +- 00.000751)	[00.000289,00.006570]
06_map             	    623	00.582035	(00.000934 +- 00.000271)	[00.000144,00.004319]
07_imu_opt         	    623	01.299690	(00.002086 +- 00.000870)	[00.000001,00.006245]
08_publish         	    623	07.081101	(00.011366 +- 00.002016)	[00.000684,00.035620]
step               	    625	11.029626	(00.017647 +- 00.002862)	[00.000316,00.051684]

INFO  Timings:
SM Timing
-----------
00_conversion_livox	    627	08.972645	(00.014310 +- 00.001254)	[00.010098,00.032580]
01_filter          	    626	00.205073	(00.000328 +- 00.000047)	[00.000146,00.003050]
02_preint          	    624	00.036442	(00.000058 +- 00.000008)	[00.000034,00.000104]
03_undistortion    	    624	00.537069	(00.000861 +- 00.000196)	[00.000110,00.003138]
04_sampling        	    624	00.372260	(00.000597 +- 00.000101)	[00.000078,00.007567]
05_registration    	    624	00.855272	(00.001371 +- 00.000758)	[00.000289,00.006570]
06_map             	    624	00.583018	(00.000934 +- 00.000270)	[00.000144,00.004319]
07_imu_opt         	    624	01.301368	(00.002086 +- 00.000767)	[00.000001,00.006245]
08_publish         	    624	07.094126	(00.011369 +- 00.001940)	[00.000684,00.035620]
step               	    626	11.048098	(00.017649 +- 00.002697)	[00.000316,00.051684]

INFO  Timings:
SM Timing
-----------
00_conversion_livox	    628	08.986404	(00.014310 +- 00.001254)	[00.010098,00.032580]
01_filter          	    627	00.205369	(00.000328 +- 00.000047)	[00.000146,00.003050]
02_preint          	    625	00.036503	(00.000058 +- 00.000008)	[00.000034,00.000104]
03_undistortion    	    625	00.537890	(00.000861 +- 00.000197)	[00.000110,00.003138]
04_sampling        	    625	00.372815	(00.000597 +- 00.000100)	[00.000078,00.007567]
05_registration    	    625	00.856175	(00.001370 +- 00.000760)	[00.000289,00.006570]
06_map             	    625	00.583914	(00.000934 +- 00.000272)	[00.000144,00.004319]
07_imu_opt         	    625	01.302940	(00.002085 +- 00.000769)	[00.000001,00.006245]
08_publish         	    625	07.105826	(00.011369 +- 00.001909)	[00.000684,00.035620]
step               	    627	11.064983	(00.017648 +- 00.002711)	[00.000316,00.051684]

INFO  Timings:
SM Timing
-----------
00_conversion_livox	    629	08.999538	(00.014308 +- 00.001262)	[00.010098,00.032580]
01_filter          	    628	00.205686	(00.000328 +- 00.000047)	[00.000146,00.003050]
02_preint          	    626	00.036559	(00.000058 +- 00.000008)	[00.000034,00.000104]
03_undistortion    	    626	00.538678	(00.000861 +- 00.000198)	[00.000110,00.003138]
04_sampling        	    626	00.373359	(00.000596 +- 00.000100)	[00.000078,00.007567]
05_registration    	    626	00.857438	(00.001370 +- 00.000759)	[00.000289,00.006570]
06_map             	    626	00.584855	(00.000934 +- 00.000272)	[00.000144,00.004319]
07_imu_opt         	    626	01.304450	(00.002084 +- 00.000770)	[00.000001,00.006245]
08_publish         	    626	07.116729	(00.011369 +- 00.001926)	[00.000684,00.035620]
step               	    628	11.081375	(00.017646 +- 00.002755)	[00.000316,00.051684]

INFO  Timings:
SM Timing
-----------
00_conversion_livox	    630	09.012704	(00.014306 +- 00.001268)	[00.010098,00.032580]
01_filter          	    629	00.206014	(00.000328 +- 00.000046)	[00.000146,00.003050]
02_preint          	    627	00.036612	(00.000058 +- 00.000008)	[00.000034,00.000104]
03_undistortion    	    627	00.539532	(00.000860 +- 00.000199)	[00.000110,00.003138]
04_sampling        	    627	00.373854	(00.000596 +- 00.000102)	[00.000078,00.007567]
05_registration    	    627	00.859391	(00.001371 +- 00.000761)	[00.000289,00.006570]
06_map             	    627	00.585883	(00.000934 +- 00.000272)	[00.000144,00.004319]
07_imu_opt         	    627	01.306073	(00.002083 +- 00.000770)	[00.000001,00.006245]
08_publish         	    627	07.127470	(00.011368 +- 00.001943)	[00.000684,00.035620]
step               	    629	11.098526	(00.017645 +- 00.002775)	[00.000316,00.051684]

INFO  Timings:
SM Timing
-----------
00_conversion_livox	    631	09.027434	(00.014307 +- 00.001260)	[00.010098,00.032580]
01_filter          	    630	00.206394	(00.000328 +- 00.000045)	[00.000146,00.003050]
02_preint          	    628	00.036686	(00.000058 +- 00.000008)	[00.000034,00.000104]
03_undistortion    	    628	00.540584	(00.000861 +- 00.000196)	[00.000110,00.003138]
04_sampling        	    628	00.374362	(00.000596 +- 00.000103)	[00.000078,00.007567]
05_registration    	    628	00.860644	(00.001370 +- 00.000761)	[00.000289,00.006570]
06_map             	    628	00.586856	(00.000934 +- 00.000270)	[00.000144,00.004319]
07_imu_opt         	    628	01.307874	(00.002083 +- 00.000770)	[00.000001,00.006245]
08_publish         	    628	07.139292	(00.011368 +- 00.001868)	[00.000684,00.035620]
step               	    630	11.116511	(00.017645 +- 00.002724)	[00.000316,00.051684]

INFO  Timings:
SM Timing
-----------
00_conversion_livox	    632	09.041961	(00.014307 +- 00.001252)	[00.010098,00.032580]
01_filter          	    631	00.206683	(00.000328 +- 00.000046)	[00.000146,00.003050]
02_preint          	    629	00.036749	(00.000058 +- 00.000008)	[00.000034,00.000104]
03_undistortion    	    629	00.541379	(00.000861 +- 00.000198)	[00.000110,00.003138]
04_sampling        	    629	00.374933	(00.000596 +- 00.000103)	[00.000078,00.007567]
05_registration    	    629	00.861777	(00.001370 +- 00.000761)	[00.000289,00.006570]
06_map             	    629	00.587718	(00.000934 +- 00.000272)	[00.000144,00.004319]
07_imu_opt         	    629	01.309520	(00.002082 +- 00.000771)	[00.000001,00.006245]
08_publish         	    629	07.150187	(00.011368 +- 00.001852)	[00.000684,00.035620]
step               	    631	11.132838	(00.017643 +- 00.002748)	[00.000316,00.051684]

INFO  Timings:
SM Timing
-----------
00_conversion_livox	    633	09.056292	(00.014307 +- 00.001251)	[00.010098,00.032580]
01_filter          	    632	00.206957	(00.000327 +- 00.000047)	[00.000146,00.003050]
02_preint          	    630	00.036815	(00.000058 +- 00.000008)	[00.000034,00.000104]
03_undistortion    	    630	00.542108	(00.000860 +- 00.000201)	[00.000110,00.003138]
04_sampling        	    630	00.375419	(00.000596 +- 00.000104)	[00.000078,00.007567]
05_registration    	    630	00.863384	(00.001370 +- 00.000753)	[00.000289,00.006570]
06_map             	    630	00.588569	(00.000934 +- 00.000273)	[00.000144,00.004319]
07_imu_opt         	    630	01.311176	(00.002081 +- 00.000771)	[00.000001,00.006245]
08_publish         	    630	07.160457	(00.011366 +- 00.001884)	[00.000684,00.035620]
step               	    632	11.148843	(00.017641 +- 00.002798)	[00.000316,00.051684]

INFO  Timings:
SM Timing
-----------
00_conversion_livox	    634	09.069754	(00.014306 +- 00.001248)	[00.010098,00.032580]
01_filter          	    633	00.207228	(00.000327 +- 00.000047)	[00.000146,00.003050]
02_preint          	    631	00.036859	(00.000058 +- 00.000008)	[00.000034,00.000104]
03_undistortion    	    631	00.542796	(00.000860 +- 00.000205)	[00.000110,00.003138]
04_sampling        	    631	00.375911	(00.000596 +- 00.000106)	[00.000078,00.007567]
05_registration    	    631	00.864180	(00.001370 +- 00.000760)	[00.000289,00.006570]
06_map             	    631	00.589257	(00.000934 +- 00.000278)	[00.000144,00.004319]
07_imu_opt         	    631	01.312787	(00.002080 +- 00.000772)	[00.000001,00.006245]
08_publish         	    631	07.170383	(00.011364 +- 00.001878)	[00.000684,00.035620]
step               	    633	11.163439	(00.017636 +- 00.002847)	[00.000316,00.051684]

INFO  Timings:
SM Timing
-----------
00_conversion_livox	    635	09.082997	(00.014304 +- 00.001178)	[00.010098,00.032580]
01_filter          	    634	00.207517	(00.000327 +- 00.000046)	[00.000146,00.003050]
02_preint          	    632	00.036910	(00.000058 +- 00.000008)	[00.000034,00.000104]
03_undistortion    	    632	00.543611	(00.000860 +- 00.000205)	[00.000110,00.003138]
04_sampling        	    632	00.376482	(00.000596 +- 00.000106)	[00.000078,00.007567]
05_registration    	    632	00.865541	(00.001370 +- 00.000761)	[00.000289,00.006570]
06_map             	    632	00.590009	(00.000934 +- 00.000281)	[00.000144,00.004319]
07_imu_opt         	    632	01.317670	(00.002085 +- 00.000877)	[00.000001,00.006245]
08_publish         	    632	07.179969	(00.011361 +- 00.001854)	[00.000684,00.035620]
step               	    634	11.181840	(00.017637 +- 00.002780)	[00.000316,00.051684]

INFO  Timings:
SM Timing
-----------
00_conversion_livox	    636	09.096009	(00.014302 +- 00.001144)	[00.010098,00.032580]
01_filter          	    635	00.207784	(00.000327 +- 00.000045)	[00.000146,00.003050]
02_preint          	    633	00.036962	(00.000058 +- 00.000008)	[00.000034,00.000104]
03_undistortion    	    633	00.544289	(00.000860 +- 00.000206)	[00.000110,00.003138]
04_sampling        	    633	00.376957	(00.000596 +- 00.000102)	[00.000078,00.007567]
05_registration    	    633	00.866658	(00.001369 +- 00.000762)	[00.000289,00.006570]
06_map             	    633	00.590870	(00.000933 +- 00.000282)	[00.000144,00.004319]
07_imu_opt         	    633	01.319210	(00.002084 +- 00.000879)	[00.000001,00.006245]
08_publish         	    633	07.189608	(00.011358 +- 00.001867)	[00.000684,00.035620]
step               	    635	11.196521	(00.017632 +- 00.002823)	[00.000316,00.051684]

INFO  Timings:
SM Timing
-----------
00_conversion_livox	    637	09.109829	(00.014301 +- 00.001127)	[00.010098,00.032580]
01_filter          	    636	00.208066	(00.000327 +- 00.000045)	[00.000146,00.003050]
02_preint          	    634	00.037025	(00.000058 +- 00.000008)	[00.000034,00.000104]
03_undistortion    	    634	00.545136	(00.000860 +- 00.000205)	[00.000110,00.003138]
04_sampling        	    634	00.377423	(00.000595 +- 00.000098)	[00.000078,00.007567]
05_registration    	    634	00.868163	(00.001369 +- 00.000727)	[00.000289,00.006570]
06_map             	    634	00.591746	(00.000933 +- 00.000283)	[00.000144,00.004319]
07_imu_opt         	    634	01.321337	(00.002084 +- 00.000879)	[00.000001,00.006245]
08_publish         	    634	07.200528	(00.011357 +- 00.001803)	[00.000684,00.035620]
step               	    636	11.213692	(00.017632 +- 00.002713)	[00.000316,00.051684]

INFO  Timings:
SM Timing
-----------
00_conversion_livox	    638	09.128263	(00.014308 +- 00.001180)	[00.010098,00.032580]
01_filter          	    637	00.208588	(00.000327 +- 00.000050)	[00.000146,00.003050]
02_preint          	    635	00.037091	(00.000058 +- 00.000008)	[00.000034,00.000104]
03_undistortion    	    635	00.546023	(00.000860 +- 00.000203)	[00.000110,00.003138]
04_sampling        	    635	00.378000	(00.000595 +- 00.000095)	[00.000078,00.007567]
05_registration    	    635	00.870336	(00.001371 +- 00.000733)	[00.000289,00.006570]
06_map             	    635	00.592619	(00.000933 +- 00.000282)	[00.000144,00.004319]
07_imu_opt         	    635	01.323774	(00.002085 +- 00.000881)	[00.000001,00.006245]
08_publish         	    635	07.211563	(00.011357 +- 00.001669)	[00.000684,00.035620]
step               	    637	11.232373	(00.017633 +- 00.002594)	[00.000316,00.051684]

INFO  Timings:
SM Timing
-----------
00_conversion_livox	    639	09.142892	(00.014308 +- 00.001115)	[00.010098,00.032580]
01_filter          	    638	00.208863	(00.000327 +- 00.000050)	[00.000146,00.003050]
02_preint          	    636	00.037156	(00.000058 +- 00.000008)	[00.000034,00.000104]
03_undistortion    	    636	00.546727	(00.000860 +- 00.000205)	[00.000110,00.003138]
04_sampling        	    636	00.378447	(00.000595 +- 00.000096)	[00.000078,00.007567]
05_registration    	    636	00.870903	(00.001369 +- 00.000741)	[00.000289,00.006570]
06_map             	    636	00.593441	(00.000933 +- 00.000282)	[00.000144,00.004319]
07_imu_opt         	    636	01.325503	(00.002084 +- 00.000882)	[00.000001,00.006245]
08_publish         	    636	07.220710	(00.011353 +- 00.001661)	[00.000684,00.035620]
step               	    638	11.246206	(00.017627 +- 00.002651)	[00.000316,00.051684]

INFO  Timings:
SM Timing
-----------
00_conversion_livox	    640	09.156966	(00.014308 +- 00.001075)	[00.010098,00.032580]
01_filter          	    639	00.209111	(00.000327 +- 00.000050)	[00.000146,00.003050]
02_preint          	    637	00.037217	(00.000058 +- 00.000007)	[00.000034,00.000104]
03_undistortion    	    637	00.547358	(00.000859 +- 00.000208)	[00.000110,00.003138]
04_sampling        	    637	00.378862	(00.000595 +- 00.000100)	[00.000078,00.007567]
05_registration    	    637	00.872803	(00.001370 +- 00.000743)	[00.000289,00.006570]
06_map             	    637	00.594143	(00.000933 +- 00.000285)	[00.000144,00.004319]
07_imu_opt         	    637	01.327097	(00.002083 +- 00.000883)	[00.000001,00.006245]
08_publish         	    637	07.228508	(00.011348 +- 00.001708)	[00.000684,00.035620]
step               	    639	11.259641	(00.017621 +- 00.002694)	[00.000316,00.051684]

INFO  Timings:
SM Timing
-----------
00_conversion_livox	    641	09.170445	(00.014306 +- 00.001062)	[00.010098,00.032580]
01_filter          	    640	00.209342	(00.000327 +- 00.000050)	[00.000146,00.003050]
02_preint          	    638	00.037270	(00.000058 +- 00.000007)	[00.000034,00.000104]
03_undistortion    	    638	00.547836	(00.000859 +- 00.000217)	[00.000110,00.003138]
04_sampling        	    638	00.379246	(00.000594 +- 00.000095)	[00.000078,00.007567]
05_registration    	    638	00.873639	(00.001369 +- 00.000605)	[00.000289,00.006570]
06_map             	    638	00.594728	(00.000932 +- 00.000277)	[00.000144,00.004319]
07_imu_opt         	    638	01.331626	(00.002087 +- 00.000953)	[00.000001,00.006245]
08_publish         	    638	07.234672	(00.011340 +- 00.001851)	[00.000684,00.035620]
step               	    640	11.272956	(00.017614 +- 00.002593)	[00.000316,00.051684]

INFO  Timings:
SM Timing
-----------
00_conversion_livox	    642	09.187884	(00.014311 +- 00.001175)	[00.010098,00.032580]
01_filter          	    641	00.209598	(00.000327 +- 00.000050)	[00.000146,00.003050]
02_preint          	    639	00.037333	(00.000058 +- 00.000007)	[00.000034,00.000104]
03_undistortion    	    639	00.548400	(00.000858 +- 00.000223)	[00.000110,00.003138]
04_sampling        	    639	00.379659	(00.000594 +- 00.000098)	[00.000078,00.007567]
05_registration    	    639	00.874485	(00.001369 +- 00.000599)	[00.000289,00.006570]
06_map             	    639	00.595258	(00.000932 +- 00.000283)	[00.000144,00.004319]
07_imu_opt         	    639	01.333874	(00.002087 +- 00.000893)	[00.000001,00.006245]
08_publish         	    639	07.241917	(00.011333 +- 00.001903)	[00.000684,00.035620]
step               	    641	11.285198	(00.017606 +- 00.002546)	[00.000316,00.051684]

INFO  Timings:
SM Timing
-----------
00_conversion_livox	    643	09.206729	(00.014318 +- 00.001368)	[00.010098,00.032580]
01_filter          	    642	00.209858	(00.000327 +- 00.000050)	[00.000146,00.003050]
02_preint          	    640	00.037414	(00.000058 +- 00.000008)	[00.000034,00.000104]
03_undistortion    	    640	00.548963	(00.000858 +- 00.000228)	[00.000110,00.003138]
04_sampling        	    640	00.380051	(00.000594 +- 00.000099)	[00.000078,00.007567]
05_registration    	    640	00.875852	(00.001369 +- 00.000598)	[00.000289,00.006570]
06_map             	    640	00.595826	(00.000931 +- 00.000289)	[00.000144,00.004319]
07_imu_opt         	    640	01.335849	(00.002087 +- 00.000893)	[00.000001,00.006245]
08_publish         	    640	07.249121	(00.011327 +- 00.001958)	[00.000684,00.035620]
step               	    642	11.297721	(00.017598 +- 00.002597)	[00.000316,00.051684]

INFO  Timings:
SM Timing
-----------
00_conversion_livox	    644	09.223015	(00.014321 +- 00.001406)	[00.010098,00.032580]
01_filter          	    643	00.210125	(00.000327 +- 00.000049)	[00.000146,00.003050]
02_preint          	    641	00.037484	(00.000058 +- 00.000008)	[00.000034,00.000104]
03_undistortion    	    641	00.549386	(00.000857 +- 00.000236)	[00.000110,00.003138]
04_sampling        	    641	00.380494	(00.000594 +- 00.000097)	[00.000078,00.007567]
05_registration    	    641	00.876848	(00.001368 +- 00.000587)	[00.000289,00.006570]
06_map             	    641	00.596382	(00.000930 +- 00.000243)	[00.000144,00.004319]
07_imu_opt         	    641	01.337696	(00.002087 +- 00.000892)	[00.000001,00.006245]
08_publish         	    641	07.255946	(00.011320 +- 00.002031)	[00.000684,00.035620]
step               	    643	11.309230	(00.017588 +- 00.002652)	[00.000316,00.051684]

INFO  Timings:
SM Timing
-----------
00_conversion_livox	    645	09.238113	(00.014323 +- 00.001415)	[00.010098,00.032580]
01_filter          	    644	00.210396	(00.000327 +- 00.000048)	[00.000146,00.003050]
02_preint          	    642	00.037544	(00.000058 +- 00.000008)	[00.000034,00.000104]
03_undistortion    	    642	00.550011	(00.000857 +- 00.000236)	[00.000110,00.003138]
04_sampling        	    642	00.380886	(00.000593 +- 00.000099)	[00.000078,00.007567]
05_registration    	    642	00.877742	(00.001367 +- 00.000591)	[00.000289,00.006570]
06_map             	    642	00.596955	(00.000930 +- 00.000247)	[00.000144,00.004319]
07_imu_opt         	    642	01.339331	(00.002086 +- 00.000892)	[00.000001,00.006245]
08_publish         	    642	07.262466	(00.011312 +- 00.002115)	[00.000684,00.035620]
step               	    644	11.320280	(00.017578 +- 00.002778)	[00.000316,00.051684]

INFO  Timings:
SM Timing
-----------
00_conversion_livox	    646	09.252278	(00.014322 +- 00.001414)	[00.010098,00.032580]
01_filter          	    645	00.210678	(00.000327 +- 00.000047)	[00.000146,00.003050]
02_preint          	    643	00.037595	(00.000058 +- 00.000008)	[00.000034,00.000104]
03_undistortion    	    643	00.550594	(00.000856 +- 00.000239)	[00.000110,00.003138]
04_sampling        	    643	00.381334	(00.000593 +- 00.000097)	[00.000078,00.007567]
05_registration    	    643	00.878744	(00.001367 +- 00.000592)	[00.000289,00.006570]
06_map             	    643	00.597527	(00.000929 +- 00.000250)	[00.000144,00.004319]
07_imu_opt         	    643	01.340851	(00.002085 +- 00.000893)	[00.000001,00.006245]
08_publish         	    643	07.268479	(00.011304 +- 00.002220)	[00.000684,00.035620]
step               	    645	11.330798	(00.017567 +- 00.002921)	[00.000316,00.051684]

INFO  Timings:
SM Timing
-----------
00_conversion_livox	    647	09.265907	(00.014321 +- 00.001408)	[00.010098,00.032580]
01_filter          	    646	00.210950	(00.000327 +- 00.000047)	[00.000146,00.003050]
02_preint          	    644	00.037656	(00.000058 +- 00.000008)	[00.000034,00.000104]
03_undistortion    	    644	00.551190	(00.000856 +- 00.000242)	[00.000110,00.003138]
04_sampling        	    644	00.381775	(00.000593 +- 00.000098)	[00.000078,00.007567]
05_registration    	    644	00.881065	(00.001368 +- 00.000603)	[00.000289,00.006570]
06_map             	    644	00.598118	(00.000929 +- 00.000254)	[00.000144,00.004319]
07_imu_opt         	    644	01.342486	(00.002085 +- 00.000891)	[00.000001,00.006245]
08_publish         	    644	07.274698	(00.011296 +- 00.002320)	[00.000684,00.035620]
step               	    646	11.343016	(00.017559 +- 00.003007)	[00.000316,00.051684]

INFO  Timings:
SM Timing
-----------
00_conversion_livox	    648	09.280733	(00.014322 +- 00.001393)	[00.010098,00.032580]
01_filter          	    647	00.211215	(00.000326 +- 00.000047)	[00.000146,00.003050]
02_preint          	    645	00.037719	(00.000058 +- 00.000008)	[00.000034,00.000104]
03_undistortion    	    645	00.551857	(00.000856 +- 00.000242)	[00.000110,00.003138]
04_sampling        	    645	00.382220	(00.000593 +- 00.000098)	[00.000078,00.007567]
05_registration    	    645	00.882079	(00.001368 +- 00.000601)	[00.000289,00.006570]
06_map             	    645	00.598660	(00.000928 +- 00.000260)	[00.000144,00.004319]
07_imu_opt         	    645	01.344221	(00.002084 +- 00.000887)	[00.000001,00.006245]
08_publish         	    645	07.281565	(00.011289 +- 00.002391)	[00.000684,00.035620]
step               	    647	11.354709	(00.017550 +- 00.003106)	[00.000316,00.051684]

INFO  Timings:
SM Timing
-----------
00_conversion_livox	    649	09.295733	(00.014323 +- 00.001375)	[00.010098,00.032580]
01_filter          	    648	00.211495	(00.000326 +- 00.000046)	[00.000146,00.003050]
02_preint          	    646	00.037775	(00.000058 +- 00.000007)	[00.000034,00.000104]
03_undistortion    	    646	00.552541	(00.000855 +- 00.000240)	[00.000110,00.003138]
04_sampling        	    646	00.382668	(00.000592 +- 00.000091)	[00.000078,00.007567]
05_registration    	    646	00.883608	(00.001368 +- 00.000600)	[00.000289,00.006570]
06_map             	    646	00.599227	(00.000928 +- 00.000264)	[00.000144,00.004319]
07_imu_opt         	    646	01.345852	(00.002083 +- 00.000884)	[00.000001,00.006245]
08_publish         	    646	07.288304	(00.011282 +- 00.002458)	[00.000684,00.035620]
step               	    648	11.366714	(00.017541 +- 00.003184)	[00.000316,00.051684]

INFO  Timings:
SM Timing
-----------
00_conversion_livox	    650	09.309290	(00.014322 +- 00.001361)	[00.010098,00.032580]
01_filter          	    649	00.211785	(00.000326 +- 00.000046)	[00.000146,00.003050]
02_preint          	    647	00.037830	(00.000058 +- 00.000007)	[00.000034,00.000104]
03_undistortion    	    647	00.553172	(00.000855 +- 00.000242)	[00.000110,00.003138]
04_sampling        	    647	00.383047	(00.000592 +- 00.000094)	[00.000078,00.007567]
05_registration    	    647	00.884803	(00.001368 +- 00.000599)	[00.000289,00.006570]
06_map             	    647	00.599801	(00.000927 +- 00.000268)	[00.000144,00.004319]
07_imu_opt         	    647	01.350551	(00.002087 +- 00.000959)	[00.000001,00.006245]
08_publish         	    647	07.294392	(00.011274 +- 00.002536)	[00.000684,00.035620]
step               	    649	11.380695	(00.017536 +- 00.003204)	[00.000316,00.051684]

INFO  Timings:
SM Timing
-----------
00_conversion_livox	    651	09.322395	(00.014320 +- 00.001359)	[00.010098,00.032580]
01_filter          	    650	00.212043	(00.000326 +- 00.000047)	[00.000146,00.003050]
02_preint          	    648	00.037884	(00.000058 +- 00.000007)	[00.000034,00.000104]
03_undistortion    	    648	00.553748	(00.000855 +- 00.000245)	[00.000110,00.003138]
04_sampling        	    648	00.383696	(00.000592 +- 00.000095)	[00.000078,00.007567]
05_registration    	    648	00.885911	(00.001367 +- 00.000600)	[00.000289,00.006570]
06_map             	    648	00.600387	(00.000927 +- 00.000271)	[00.000144,00.004319]
07_imu_opt         	    648	01.352025	(00.002086 +- 00.000959)	[00.000001,00.006245]
08_publish         	    648	07.300487	(00.011266 +- 00.002601)	[00.000684,00.035620]
step               	    650	11.391584	(00.017526 +- 00.003304)	[00.000316,00.051684]

INFO  Timings:
SM Timing
-----------
00_conversion_livox	    652	09.335542	(00.014318 +- 00.001363)	[00.010098,00.032580]
01_filter          	    651	00.212305	(00.000326 +- 00.000047)	[00.000146,00.003050]
02_preint          	    649	00.037936	(00.000058 +- 00.000007)	[00.000034,00.000104]
03_undistortion    	    649	00.554380	(00.000854 +- 00.000246)	[00.000110,00.003138]
04_sampling        	    649	00.384222	(00.000592 +- 00.000095)	[00.000078,00.007567]
05_registration    	    649	00.887796	(00.001368 +- 00.000604)	[00.000289,00.006570]
06_map             	    649	00.600868	(00.000926 +- 00.000276)	[00.000144,00.004319]
07_imu_opt         	    649	01.353545	(00.002086 +- 00.000960)	[00.000001,00.006245]
08_publish         	    649	07.306579	(00.011258 +- 00.002666)	[00.000684,00.035620]
step               	    651	11.403103	(00.017516 +- 00.003378)	[00.000316,00.051684]

INFO  Timings:
SM Timing
-----------
00_conversion_livox	    653	09.349438	(00.014318 +- 00.001360)	[00.010098,00.032580]
01_filter          	    652	00.212558	(00.000326 +- 00.000048)	[00.000146,00.003050]
02_preint          	    650	00.037998	(00.000058 +- 00.000007)	[00.000034,00.000104]
03_undistortion    	    650	00.554806	(00.000854 +- 00.000253)	[00.000110,00.003138]
04_sampling        	    650	00.384640	(00.000592 +- 00.000096)	[00.000078,00.007567]
05_registration    	    650	00.888894	(00.001368 +- 00.000603)	[00.000289,00.006570]
06_map             	    650	00.601444	(00.000925 +- 00.000279)	[00.000144,00.004319]
07_imu_opt         	    650	01.355148	(00.002085 +- 00.000962)	[00.000001,00.006245]
08_publish         	    650	07.312534	(00.011250 +- 00.002739)	[00.000684,00.035620]
step               	    652	11.413573	(00.017505 +- 00.003486)	[00.000316,00.051684]

INFO  Timings:
SM Timing
-----------
00_conversion_livox	    654	09.363028	(00.014317 +- 00.001337)	[00.010098,00.032580]
01_filter          	    653	00.212773	(00.000326 +- 00.000049)	[00.000146,00.003050]
02_preint          	    651	00.038052	(00.000058 +- 00.000007)	[00.000034,00.000104]
03_undistortion    	    651	00.555296	(00.000853 +- 00.000258)	[00.000110,00.003138]
04_sampling        	    651	00.384954	(00.000591 +- 00.000101)	[00.000078,00.007567]
05_registration    	    651	00.890694	(00.001368 +- 00.000605)	[00.000289,00.006570]
06_map             	    651	00.601959	(00.000925 +- 00.000277)	[00.000144,00.004319]
07_imu_opt         	    651	01.356675	(00.002084 +- 00.000943)	[00.000001,00.006245]
08_publish         	    651	07.317770	(00.011241 +- 00.002832)	[00.000684,00.035620]
step               	    653	11.423799	(00.017494 +- 00.003575)	[00.000316,00.051684]

INFO  Timings:
SM Timing
-----------
00_conversion_livox	    655	09.376126	(00.014315 +- 00.001326)	[00.010098,00.032580]
01_filter          	    654	00.213004	(00.000326 +- 00.000050)	[00.000146,00.003050]
02_preint          	    652	00.038108	(00.000058 +- 00.000007)	[00.000034,00.000104]
03_undistortion    	    652	00.555759	(00.000852 +- 00.000262)	[00.000110,00.003138]
04_sampling        	    652	00.385316	(00.000591 +- 00.000104)	[00.000078,00.007567]
05_registration    	    652	00.891732	(00.001368 +- 00.000598)	[00.000289,00.006570]
06_map             	    652	00.602445	(00.000924 +- 00.000281)	[00.000144,00.004319]
07_imu_opt         	    652	01.358102	(00.002083 +- 00.000943)	[00.000001,00.006245]
08_publish         	    652	07.322557	(00.011231 +- 00.002934)	[00.000684,00.035620]
step               	    654	11.432730	(00.017481 +- 00.003722)	[00.000316,00.051684]

INFO  Timings:
SM Timing
-----------
00_conversion_livox	    656	09.389226	(00.014313 +- 00.001318)	[00.010098,00.032580]
01_filter          	    655	00.213249	(00.000326 +- 00.000051)	[00.000146,00.003050]
02_preint          	    653	00.038165	(00.000058 +- 00.000007)	[00.000034,00.000104]
03_undistortion    	    653	00.556103	(00.000852 +- 00.000270)	[00.000110,00.003138]
04_sampling        	    653	00.385680	(00.000591 +- 00.000106)	[00.000078,00.007567]
05_registration    	    653	00.892799	(00.001367 +- 00.000599)	[00.000289,00.006570]
06_map             	    653	00.602836	(00.000923 +- 00.000288)	[00.000144,00.004319]
07_imu_opt         	    653	01.359579	(00.002082 +- 00.000946)	[00.000001,00.006245]
08_publish         	    653	07.327044	(00.011221 +- 00.003039)	[00.000684,00.035620]
step               	    655	11.441208	(00.017467 +- 00.003874)	[00.000316,00.051684]

INFO  Timings:
SM Timing
-----------
00_conversion_livox	    657	09.402379	(00.014311 +- 00.001312)	[00.010098,00.032580]
01_filter          	    656	00.213466	(00.000325 +- 00.000052)	[00.000146,00.003050]
02_preint          	    654	00.038223	(00.000058 +- 00.000007)	[00.000034,00.000104]
03_undistortion    	    654	00.556657	(00.000851 +- 00.000272)	[00.000110,00.003138]
04_sampling        	    654	00.386026	(00.000590 +- 00.000108)	[00.000078,00.007567]
05_registration    	    654	00.894980	(00.001368 +- 00.000607)	[00.000289,00.006570]
06_map             	    654	00.603280	(00.000922 +- 00.000293)	[00.000144,00.004319]
07_imu_opt         	    654	01.361158	(00.002081 +- 00.000946)	[00.000001,00.006245]
08_publish         	    654	07.331511	(00.011210 +- 00.003134)	[00.000684,00.035620]
step               	    656	11.451132	(00.017456 +- 00.003966)	[00.000316,00.051684]

INFO  Timings:
SM Timing
-----------
00_conversion_livox	    658	09.416300	(00.014310 +- 00.001299)	[00.010098,00.032580]
01_filter          	    657	00.213698	(00.000325 +- 00.000053)	[00.000146,00.003050]
02_preint          	    655	00.038278	(00.000058 +- 00.000007)	[00.000034,00.000104]
03_undistortion    	    655	00.557122	(00.000851 +- 00.000276)	[00.000110,00.003138]
04_sampling        	    655	00.386325	(00.000590 +- 00.000112)	[00.000078,00.007567]
05_registration    	    655	00.895436	(00.001367 +- 00.000619)	[00.000289,00.006570]
06_map             	    655	00.603695	(00.000922 +- 00.000298)	[00.000144,00.004319]
07_imu_opt         	    655	01.362646	(00.002080 +- 00.000946)	[00.000001,00.006245]
08_publish         	    655	07.335713	(00.011200 +- 00.003229)	[00.000684,00.035620]
step               	    657	11.458826	(00.017441 +- 00.004128)	[00.000316,00.051684]

INFO  Timings:
SM Timing
-----------
00_conversion_livox	    659	09.429466	(00.014309 +- 00.001292)	[00.010098,00.032580]
01_filter          	    658	00.213911	(00.000325 +- 00.000054)	[00.000146,00.003050]
02_preint          	    656	00.038330	(00.000058 +- 00.000007)	[00.000034,00.000104]
03_undistortion    	    656	00.557542	(00.000850 +- 00.000280)	[00.000110,00.003138]
04_sampling        	    656	00.386626	(00.000589 +- 00.000116)	[00.000078,00.007567]
05_registration    	    656	00.896120	(00.001366 +- 00.000622)	[00.000289,00.006570]
06_map             	    656	00.604114	(00.000921 +- 00.000301)	[00.000144,00.004319]
07_imu_opt         	    656	01.364050	(00.002079 +- 00.000947)	[00.000001,00.006245]
08_publish         	    656	07.339527	(00.011188 +- 00.003328)	[00.000684,00.035620]
step               	    658	11.466199	(00.017426 +- 00.004289)	[00.000316,00.051684]

INFO  Timings:
SM Timing
-----------
00_conversion_livox	    660	09.442545	(00.014307 +- 00.001274)	[00.010098,00.032580]
01_filter          	    659	00.214105	(00.000325 +- 00.000056)	[00.000146,00.003050]
02_preint          	    657	00.038384	(00.000058 +- 00.000007)	[00.000034,00.000104]
03_undistortion    	    657	00.557946	(00.000849 +- 00.000285)	[00.000110,00.003138]
04_sampling        	    657	00.386987	(00.000589 +- 00.000117)	[00.000078,00.007567]
05_registration    	    657	00.896984	(00.001365 +- 00.000618)	[00.000289,00.006570]
06_map             	    657	00.604540	(00.000920 +- 00.000304)	[00.000144,00.004319]
07_imu_opt         	    657	01.368719	(00.002083 +- 00.001015)	[00.000001,00.006245]
08_publish         	    657	07.343041	(00.011177 +- 00.003424)	[00.000684,00.035620]
step               	    659	11.476759	(00.017415 +- 00.004342)	[00.000316,00.051684]

INFO  Timings:
SM Timing
-----------
00_conversion_livox	    661	09.455157	(00.014304 +- 00.001278)	[00.010098,00.032580]
01_filter          	    660	00.214317	(00.000325 +- 00.000057)	[00.000146,00.003050]
02_preint          	    658	00.038430	(00.000058 +- 00.000007)	[00.000034,00.000104]
03_undistortion    	    658	00.558201	(00.000848 +- 00.000293)	[00.000110,00.003138]
04_sampling        	    658	00.387293	(00.000589 +- 00.000116)	[00.000078,00.007567]
05_registration    	    658	00.898373	(00.001365 +- 00.000616)	[00.000289,00.006570]
06_map             	    658	00.604913	(00.000919 +- 00.000309)	[00.000144,00.004319]
07_imu_opt         	    658	01.370126	(00.002082 +- 00.000938)	[00.000001,00.006245]
08_publish         	    658	07.346216	(00.011164 +- 00.003518)	[00.000684,00.035620]
step               	    660	11.483973	(00.017400 +- 00.004404)	[00.000316,00.051684]

INFO  Timings:
SM Timing
-----------
00_conversion_livox	    662	09.467440	(00.014301 +- 00.001298)	[00.010098,00.032580]
01_filter          	    661	00.214516	(00.000325 +- 00.000058)	[00.000146,00.003050]
02_preint          	    659	00.038480	(00.000058 +- 00.000007)	[00.000034,00.000104]
03_undistortion    	    659	00.558456	(00.000847 +- 00.000298)	[00.000110,00.003138]
04_sampling        	    659	00.387582	(00.000588 +- 00.000118)	[00.000078,00.007567]
05_registration    	    659	00.899209	(00.001365 +- 00.000618)	[00.000289,00.006570]
06_map             	    659	00.605311	(00.000919 +- 00.000312)	[00.000144,00.004319]
07_imu_opt         	    659	01.371791	(00.002082 +- 00.000938)	[00.000001,00.006245]
08_publish         	    659	07.349255	(00.011152 +- 00.003602)	[00.000684,00.035620]
step               	    661	11.490759	(00.017384 +- 00.004527)	[00.000316,00.051684]

INFO  Timings:
SM Timing
-----------
00_conversion_livox	    663	09.479616	(00.014298 +- 00.001329)	[00.010098,00.032580]
01_filter          	    662	00.214699	(00.000324 +- 00.000060)	[00.000146,00.003050]
02_preint          	    660	00.038524	(00.000058 +- 00.000007)	[00.000034,00.000104]
03_undistortion    	    660	00.558702	(00.000847 +- 00.000304)	[00.000110,00.003138]
04_sampling        	    660	00.387828	(00.000588 +- 00.000122)	[00.000078,00.007567]
05_registration    	    660	00.900643	(00.001365 +- 00.000617)	[00.000289,00.006570]
06_map             	    660	00.605680	(00.000918 +- 00.000311)	[00.000144,00.004319]
07_imu_opt         	    660	01.373097	(00.002080 +- 00.000942)	[00.000001,00.006245]
08_publish         	    660	07.352073	(00.011140 +- 00.003659)	[00.000684,00.035620]
step               	    662	11.497467	(00.017368 +- 00.004622)	[00.000316,00.051684]

INFO  Timings:
SM Timing
-----------
00_conversion_livox	    664	09.491767	(00.014295 +- 00.001358)	[00.010098,00.032580]
01_filter          	    663	00.214866	(00.000324 +- 00.000062)	[00.000146,00.003050]
02_preint          	    661	00.038564	(00.000058 +- 00.000008)	[00.000034,00.000104]
03_undistortion    	    661	00.558956	(00.000846 +- 00.000242)	[00.000110,00.003138]
04_sampling        	    661	00.388094	(00.000587 +- 00.000125)	[00.000078,00.007567]
05_registration    	    661	00.901619	(00.001364 +- 00.000611)	[00.000289,00.006570]
06_map             	    661	00.605954	(00.000917 +- 00.000313)	[00.000144,00.004319]
07_imu_opt         	    661	01.374456	(00.002079 +- 00.000848)	[00.000001,00.006245]
08_publish         	    661	07.354659	(00.011127 +- 00.003740)	[00.000684,00.035620]
step               	    663	11.503457	(00.017351 +- 00.004669)	[00.000316,00.051684]

INFO  Timings:
SM Timing
-----------
00_conversion_livox	    665	09.503850	(00.014292 +- 00.001388)	[00.010098,00.032580]
01_filter          	    664	00.215048	(00.000324 +- 00.000064)	[00.000146,00.003050]
02_preint          	    662	00.038604	(00.000058 +- 00.000008)	[00.000034,00.000104]
03_undistortion    	    662	00.559185	(00.000845 +- 00.000249)	[00.000110,00.003138]
04_sampling        	    662	00.388330	(00.000587 +- 00.000129)	[00.000078,00.007567]
05_registration    	    662	00.903022	(00.001364 +- 00.000610)	[00.000289,00.006570]
06_map             	    662	00.606246	(00.000916 +- 00.000318)	[00.000144,00.004319]
07_imu_opt         	    662	01.375842	(00.002078 +- 00.000851)	[00.000001,00.006245]
08_publish         	    662	07.357349	(00.011114 +- 00.003811)	[00.000684,00.035620]
step               	    664	11.509971	(00.017334 +- 00.004779)	[00.000316,00.051684]

INFO  Timings:
SM Timing
-----------
00_conversion_livox	    666	09.516124	(00.014288 +- 00.001410)	[00.010098,00.032580]
01_filter          	    665	00.215227	(00.000324 +- 00.000065)	[00.000146,00.003050]
02_preint          	    663	00.038648	(00.000058 +- 00.000009)	[00.000034,00.000104]
03_undistortion    	    663	00.559423	(00.000844 +- 00.000254)	[00.000110,00.003138]
04_sampling        	    663	00.388561	(00.000586 +- 00.000134)	[00.000078,00.007567]
05_registration    	    663	00.903685	(00.001363 +- 00.000618)	[00.000289,00.006570]
06_map             	    663	00.606522	(00.000915 +- 00.000324)	[00.000144,00.004319]
07_imu_opt         	    663	01.377190	(00.002077 +- 00.000854)	[00.000001,00.006245]
08_publish         	    663	07.359828	(00.011101 +- 00.003862)	[00.000684,00.035620]
step               	    665	11.515483	(00.017317 +- 00.004884)	[00.000316,00.051684]

INFO  Timings:
SM Timing
-----------
00_conversion_livox	    667	09.528193	(00.014285 +- 00.001432)	[00.010098,00.032580]
01_filter          	    666	00.215414	(00.000323 +- 00.000066)	[00.000146,00.003050]
02_preint          	    664	00.038694	(00.000058 +- 00.000009)	[00.000034,00.000104]
03_undistortion    	    664	00.559638	(00.000843 +- 00.000255)	[00.000110,00.003138]
04_sampling        	    664	00.388950	(00.000586 +- 00.000134)	[00.000078,00.007567]
05_registration    	    664	00.904236	(00.001362 +- 00.000613)	[00.000289,00.006570]
06_map             	    664	00.606792	(00.000914 +- 00.000324)	[00.000144,00.004319]
07_imu_opt         	    664	01.378534	(00.002076 +- 00.000857)	[00.000001,00.006245]
08_publish         	    664	07.362124	(00.011088 +- 00.003872)	[00.000684,00.035620]
step               	    666	11.520841	(00.017299 +- 00.004912)	[00.000316,00.051684]

INFO  Timings:
SM Timing
-----------
00_conversion_livox	    668	09.540107	(00.014282 +- 00.001455)	[00.010098,00.032580]
01_filter          	    667	00.215563	(00.000323 +- 00.000068)	[00.000146,00.003050]
02_preint          	    665	00.038736	(00.000058 +- 00.000009)	[00.000034,00.000104]
03_undistortion    	    665	00.559945	(00.000842 +- 00.000257)	[00.000110,00.003138]
04_sampling        	    665	00.389101	(00.000585 +- 00.000140)	[00.000078,00.007567]
05_registration    	    665	00.905160	(00.001361 +- 00.000607)	[00.000289,00.006570]
06_map             	    665	00.607109	(00.000913 +- 00.000327)	[00.000144,00.004319]
07_imu_opt         	    665	01.382649	(00.002079 +- 00.000912)	[00.000001,00.006245]
08_publish         	    665	07.364295	(00.011074 +- 00.003866)	[00.000684,00.035620]
step               	    667	11.529098	(00.017285 +- 00.004859)	[00.000316,00.051684]

INFO  Timings:
SM Timing
-----------
00_conversion_livox	    669	09.552146	(00.014278 +- 00.001471)	[00.010098,00.032580]
01_filter          	    668	00.215727	(00.000323 +- 00.000069)	[00.000146,00.003050]
02_preint          	    666	00.038778	(00.000058 +- 00.000009)	[00.000034,00.000104]
03_undistortion    	    666	00.560154	(00.000841 +- 00.000248)	[00.000110,00.003138]
04_sampling        	    666	00.389322	(00.000585 +- 00.000134)	[00.000078,00.007567]
05_registration    	    666	00.905805	(00.001360 +- 00.000566)	[00.000289,00.006570]
06_map             	    666	00.607422	(00.000912 +- 00.000330)	[00.000144,00.004319]
07_imu_opt         	    666	01.384045	(00.002078 +- 00.000915)	[00.000001,00.006245]
08_publish         	    666	07.366596	(00.011061 +- 00.003858)	[00.000684,00.035620]
step               	    668	11.534443	(00.017267 +- 00.004836)	[00.000316,00.051684]

INFO  Timings:
SM Timing
-----------
00_conversion_livox	    670	09.564264	(00.014275 +- 00.001488)	[00.010098,00.032580]
01_filter          	    669	00.215919	(00.000323 +- 00.000069)	[00.000146,00.003050]
02_preint          	    667	00.038818	(00.000058 +- 00.000009)	[00.000034,00.000104]
03_undistortion    	    667	00.560379	(00.000840 +- 00.000252)	[00.000110,00.003138]
04_sampling        	    667	00.389615	(00.000584 +- 00.000134)	[00.000078,00.007567]
05_registration    	    667	00.906877	(00.001360 +- 00.000557)	[00.000289,00.006570]
06_map             	    667	00.607758	(00.000911 +- 00.000331)	[00.000144,00.004319]
07_imu_opt         	    667	01.385477	(00.002077 +- 00.000916)	[00.000001,00.006245]
08_publish         	    667	07.369160	(00.011048 +- 00.003839)	[00.000684,00.035620]
step               	    669	11.540656	(00.017251 +- 00.004833)	[00.000316,00.051684]

INFO  Timings:
SM Timing
-----------
00_conversion_livox	    671	09.576766	(00.014272 +- 00.001499)	[00.010098,00.032580]
01_filter          	    670	00.216109	(00.000323 +- 00.000070)	[00.000146,00.003050]
02_preint          	    668	00.038862	(00.000058 +- 00.000009)	[00.000034,00.000104]
03_undistortion    	    668	00.560618	(00.000839 +- 00.000252)	[00.000110,00.003138]
04_sampling        	    668	00.389823	(00.000584 +- 00.000135)	[00.000078,00.007567]
05_registration    	    668	00.907553	(00.001359 +- 00.000560)	[00.000289,00.006570]
06_map             	    668	00.608126	(00.000910 +- 00.000329)	[00.000144,00.004319]
07_imu_opt         	    668	01.387180	(00.002077 +- 00.000917)	[00.000001,00.006245]
08_publish         	    668	07.372231	(00.011036 +- 00.003786)	[00.000684,00.035620]
step               	    670	11.547195	(00.017235 +- 00.004793)	[00.000316,00.051684]

INFO  Timings:
SM Timing
-----------
00_conversion_livox	    672	09.589634	(00.014270 +- 00.001499)	[00.010098,00.032580]
01_filter          	    671	00.216307	(00.000322 +- 00.000070)	[00.000146,00.003050]
02_preint          	    669	00.038908	(00.000058 +- 00.000009)	[00.000034,00.000104]
03_undistortion    	    669	00.561056	(00.000839 +- 00.000246)	[00.000110,00.003138]
04_sampling        	    669	00.390311	(00.000583 +- 00.000133)	[00.000078,00.007567]
05_registration    	    669	00.908121	(00.001357 +- 00.000561)	[00.000289,00.006570]
06_map             	    669	00.608556	(00.000910 +- 00.000329)	[00.000144,00.004319]
07_imu_opt         	    669	01.388566	(00.002076 +- 00.000920)	[00.000001,00.006245]
08_publish         	    669	07.375545	(00.011025 +- 00.003634)	[00.000684,00.035620]
step               	    671	11.554128	(00.017219 +- 00.004649)	[00.000316,00.051684]

INFO  Timings:
SM Timing
-----------
00_conversion_livox	    673	09.602741	(00.014269 +- 00.001474)	[00.010098,00.032580]
01_filter          	    672	00.216503	(00.000322 +- 00.000068)	[00.000146,00.003050]
02_preint          	    670	00.038959	(00.000058 +- 00.000009)	[00.000034,00.000104]
03_undistortion    	    670	00.561438	(00.000838 +- 00.000239)	[00.000110,00.003138]
04_sampling        	    670	00.390616	(00.000583 +- 00.000122)	[00.000078,00.007567]
05_registration    	    670	00.909594	(00.001358 +- 00.000450)	[00.000289,00.006570]
06_map             	    670	00.608976	(00.000909 +- 00.000324)	[00.000144,00.004319]
07_imu_opt         	    670	01.389992	(00.002075 +- 00.000922)	[00.000001,00.006245]
08_publish         	    670	07.379216	(00.011014 +- 00.003479)	[00.000684,00.035620]
step               	    672	11.562122	(00.017206 +- 00.004375)	[00.000316,00.051684]

INFO  Timings:
SM Timing
-----------
00_conversion_livox	    674	09.615806	(00.014267 +- 00.001474)	[00.010098,00.032580]
01_filter          	    673	00.216703	(00.000322 +- 00.000067)	[00.000146,00.003050]
02_preint          	    671	00.039006	(00.000058 +- 00.000009)	[00.000034,00.000104]
03_undistortion    	    671	00.561883	(00.000837 +- 00.000235)	[00.000110,00.003138]
04_sampling        	    671	00.390930	(00.000583 +- 00.000120)	[00.000078,00.007567]
05_registration    	    671	00.910693	(00.001357 +- 00.000450)	[00.000289,00.006570]
06_map             	    671	00.609465	(00.000908 +- 00.000324)	[00.000144,00.004319]
07_imu_opt         	    671	01.391390	(00.002074 +- 00.000924)	[00.000001,00.006245]
08_publish         	    671	07.383295	(00.011003 +- 00.003371)	[00.000684,00.035620]
step               	    673	11.570252	(00.017192 +- 00.004284)	[00.000316,00.051684]

INFO  Timings:
SM Timing
-----------
00_conversion_livox	    675	09.628905	(00.014265 +- 00.001477)	[00.010098,00.032580]
01_filter          	    674	00.216932	(00.000322 +- 00.000065)	[00.000146,00.003050]
02_preint          	    672	00.039059	(00.000058 +- 00.000009)	[00.000034,00.000104]
03_undistortion    	    672	00.562326	(00.000837 +- 00.000229)	[00.000110,00.003138]
04_sampling        	    672	00.391294	(00.000582 +- 00.000116)	[00.000078,00.007567]
05_registration    	    672	00.911863	(00.001357 +- 00.000447)	[00.000289,00.006570]
06_map             	    672	00.609924	(00.000908 +- 00.000225)	[00.000144,00.004319]
07_imu_opt         	    672	01.393015	(00.002073 +- 00.000923)	[00.000001,00.006245]
08_publish         	    672	07.387730	(00.010994 +- 00.003235)	[00.000684,00.035620]
step               	    674	11.579100	(00.017180 +- 00.004123)	[00.000316,00.051684]

INFO  Timings:
SM Timing
-----------
00_conversion_livox	    676	09.642002	(00.014263 +- 00.001479)	[00.010098,00.032580]
01_filter          	    675	00.217149	(00.000322 +- 00.000063)	[00.000146,00.003050]
02_preint          	    673	00.039105	(00.000058 +- 00.000009)	[00.000034,00.000104]
03_undistortion    	    673	00.562799	(00.000836 +- 00.000218)	[00.000110,00.003138]
04_sampling        	    673	00.391672	(00.000582 +- 00.000112)	[00.000078,00.007567]
05_registration    	    673	00.912716	(00.001356 +- 00.000448)	[00.000289,00.006570]
06_map             	    673	00.610357	(00.000907 +- 00.000212)	[00.000144,00.004319]
07_imu_opt         	    673	01.397029	(00.002076 +- 00.000969)	[00.000001,00.006245]
08_publish         	    673	07.392057	(00.010984 +- 00.003093)	[00.000684,00.035620]
step               	    675	11.589888	(00.017170 +- 00.003968)	[00.000316,00.051684]

INFO  Timings:
SM Timing
-----------
00_conversion_livox	    677	09.655107	(00.014262 +- 00.001478)	[00.010098,00.032580]
01_filter          	    676	00.217396	(00.000322 +- 00.000061)	[00.000146,00.003050]
02_preint          	    674	00.039157	(00.000058 +- 00.000009)	[00.000034,00.000104]
03_undistortion    	    674	00.563252	(00.000836 +- 00.000209)	[00.000110,00.003138]
04_sampling        	    674	00.391995	(00.000582 +- 00.000109)	[00.000078,00.007567]
05_registration    	    674	00.913733	(00.001356 +- 00.000445)	[00.000289,00.006570]
06_map             	    674	00.610727	(00.000906 +- 00.000205)	[00.000144,00.004319]
07_imu_opt         	    674	01.398477	(00.002075 +- 00.000970)	[00.000001,00.006245]
08_publish         	    674	07.396102	(00.010973 +- 00.002950)	[00.000684,00.035620]
step               	    676	11.597901	(00.017157 +- 00.003853)	[00.000316,00.051684]

INFO  Timings:
SM Timing
-----------
00_conversion_livox	    678	09.668188	(00.014260 +- 00.001480)	[00.010098,00.032580]
01_filter          	    677	00.217620	(00.000321 +- 00.000061)	[00.000146,00.003050]
02_preint          	    675	00.039209	(00.000058 +- 00.000009)	[00.000034,00.000104]
03_undistortion    	    675	00.563698	(00.000835 +- 00.000205)	[00.000110,00.003138]
04_sampling        	    675	00.392474	(00.000581 +- 00.000108)	[00.000078,00.007567]
05_registration    	    675	00.915258	(00.001356 +- 00.000446)	[00.000289,00.006570]
06_map             	    675	00.611192	(00.000905 +- 00.000199)	[00.000144,00.004319]
07_imu_opt         	    675	01.399911	(00.002074 +- 00.000972)	[00.000001,00.006245]
08_publish         	    675	07.400601	(00.010964 +- 00.002844)	[00.000684,00.035620]
step               	    677	11.607096	(00.017145 +- 00.003767)	[00.000316,00.051684]

INFO  Timings:
SM Timing
-----------
00_conversion_livox	    679	09.681291	(00.014258 +- 00.001480)	[00.010098,00.032580]
01_filter          	    678	00.217864	(00.000321 +- 00.000060)	[00.000146,00.003050]
02_preint          	    676	00.039263	(00.000058 +- 00.000009)	[00.000034,00.000104]
03_undistortion    	    676	00.564141	(00.000835 +- 00.000201)	[00.000110,00.003138]
04_sampling        	    676	00.392918	(00.000581 +- 00.000106)	[00.000078,00.007567]
05_registration    	    676	00.915898	(00.001355 +- 00.000452)	[00.000289,00.006570]
06_map             	    676	00.611652	(00.000905 +- 00.000191)	[00.000144,00.004319]
07_imu_opt         	    676	01.401384	(00.002073 +- 00.000972)	[00.000001,00.006245]
08_publish         	    676	07.406411	(00.010956 +- 00.002753)	[00.000684,00.035620]
step               	    678	11.616732	(00.017134 +- 00.003686)	[00.000316,00.051684]

INFO  Timings:
SM Timing
-----------
00_conversion_livox	    680	09.694469	(00.014257 +- 00.001480)	[00.010098,00.032580]
01_filter          	    679	00.218125	(00.000321 +- 00.000058)	[00.000146,00.003050]
02_preint          	    677	00.039319	(00.000058 +- 00.000009)	[00.000034,00.000104]
03_undistortion    	    677	00.564709	(00.000834 +- 00.000195)	[00.000110,00.003138]
04_sampling        	    677	00.393320	(00.000581 +- 00.000105)	[00.000078,00.007567]
05_registration    	    677	00.918801	(00.001357 +- 00.000502)	[00.000289,00.006570]
06_map             	    677	00.612206	(00.000904 +- 00.000178)	[00.000144,00.004319]
07_imu_opt         	    677	01.403362	(00.002073 +- 00.000971)	[00.000001,00.006245]
08_publish         	    677	07.414384	(00.010952 +- 00.002680)	[00.000684,00.035620]
step               	    679	11.631517	(00.017130 +- 00.003618)	[00.000316,00.051684]

INFO  Timings:
SM Timing
-----------
00_conversion_livox	    681	09.708533	(00.014256 +- 00.001473)	[00.010098,00.032580]
01_filter          	    680	00.218406	(00.000321 +- 00.000055)	[00.000146,00.003050]
02_preint          	    678	00.039377	(00.000058 +- 00.000008)	[00.000034,00.000104]
03_undistortion    	    678	00.565578	(00.000834 +- 00.000187)	[00.000110,00.003138]
04_sampling        	    678	00.393948	(00.000581 +- 00.000109)	[00.000078,00.007567]
05_registration    	    678	00.920235	(00.001357 +- 00.000503)	[00.000289,00.006570]
06_map             	    678	00.613167	(00.000904 +- 00.000177)	[00.000144,00.004319]
07_imu_opt         	    678	01.405106	(00.002072 +- 00.000971)	[00.000001,00.006245]
08_publish         	    678	07.425921	(00.010953 +- 00.002667)	[00.000684,00.035620]
step               	    680	11.649094	(00.017131 +- 00.003602)	[00.000316,00.051684]

INFO  Timings:
SM Timing
-----------
00_conversion_livox	    682	09.723318	(00.014257 +- 00.001477)	[00.010098,00.032580]
01_filter          	    681	00.218788	(00.000321 +- 00.000058)	[00.000146,00.003050]
02_preint          	    679	00.039439	(00.000058 +- 00.000008)	[00.000034,00.000104]
03_undistortion    	    679	00.566414	(00.000834 +- 00.000188)	[00.000110,00.003138]
04_sampling        	    679	00.394442	(00.000581 +- 00.000107)	[00.000078,00.007567]
05_registration    	    679	00.921814	(00.001358 +- 00.000506)	[00.000289,00.006570]
06_map             	    679	00.614295	(00.000905 +- 00.000191)	[00.000144,00.004319]
07_imu_opt         	    679	01.406784	(00.002072 +- 00.000971)	[00.000001,00.006245]
08_publish         	    679	07.438102	(00.010954 +- 00.002722)	[00.000684,00.035620]
step               	    681	11.667510	(00.017133 +- 00.003679)	[00.000316,00.051684]

INFO  Timings:
SM Timing
-----------
00_conversion_livox	    683	09.737635	(00.014257 +- 00.001477)	[00.010098,00.032580]
01_filter          	    682	00.219166	(00.000321 +- 00.000061)	[00.000146,00.003050]
02_preint          	    680	00.039500	(00.000058 +- 00.000008)	[00.000034,00.000104]
03_undistortion    	    680	00.567300	(00.000834 +- 00.000193)	[00.000110,00.003138]
04_sampling        	    680	00.395060	(00.000581 +- 00.000111)	[00.000078,00.007567]
05_registration    	    680	00.923969	(00.001359 +- 00.000520)	[00.000289,00.006570]
06_map             	    680	00.615238	(00.000905 +- 00.000194)	[00.000144,00.004319]
07_imu_opt         	    680	01.408456	(00.002071 +- 00.000971)	[00.000001,00.006245]
08_publish         	    680	07.450844	(00.010957 +- 00.002824)	[00.000684,00.035620]
step               	    682	11.687081	(00.017136 +- 00.003813)	[00.000316,00.051684]

INFO  Timings:
SM Timing
-----------
00_conversion_livox	    684	09.751787	(00.014257 +- 00.001478)	[00.010098,00.032580]
01_filter          	    683	00.219534	(00.000321 +- 00.000064)	[00.000146,00.003050]
02_preint          	    681	00.039555	(00.000058 +- 00.000008)	[00.000034,00.000104]
03_undistortion    	    681	00.568231	(00.000834 +- 00.000201)	[00.000110,00.003138]
04_sampling        	    681	00.395664	(00.000581 +- 00.000114)	[00.000078,00.007567]
05_registration    	    681	00.926280	(00.001360 +- 00.000539)	[00.000289,00.006570]
06_map             	    681	00.616349	(00.000905 +- 00.000210)	[00.000144,00.004319]
07_imu_opt         	    681	01.410009	(00.002070 +- 00.000971)	[00.000001,00.006245]
08_publish         	    681	07.463214	(00.010959 +- 00.002915)	[00.000684,00.035620]
step               	    683	11.706465	(00.017140 +- 00.003965)	[00.000316,00.051684]

INFO  Timings:
SM Timing
-----------
00_conversion_livox	    685	09.765094	(00.014256 +- 00.001478)	[00.010098,00.032580]
01_filter          	    684	00.219879	(00.000321 +- 00.000065)	[00.000146,00.003050]
02_preint          	    682	00.039608	(00.000058 +- 00.000008)	[00.000034,00.000104]
03_undistortion    	    682	00.569274	(00.000835 +- 00.000210)	[00.000110,00.003138]
04_sampling        	    682	00.396311	(00.000581 +- 00.000117)	[00.000078,00.007567]
05_registration    	    682	00.927519	(00.001360 +- 00.000539)	[00.000289,00.006570]
06_map             	    682	00.617366	(00.000905 +- 00.000218)	[00.000144,00.004319]
07_imu_opt         	    682	01.411556	(00.002070 +- 00.000877)	[00.000001,00.006245]
08_publish         	    682	07.475919	(00.010962 +- 00.003025)	[00.000684,00.035620]
step               	    684	11.725145	(00.017142 +- 00.003976)	[00.000316,00.051684]

INFO  Timings:
SM Timing
-----------
00_conversion_livox	    686	09.779657	(00.014256 +- 00.001481)	[00.010098,00.032580]
01_filter          	    685	00.220295	(00.000322 +- 00.000069)	[00.000146,00.003050]
02_preint          	    683	00.039669	(00.000058 +- 00.000008)	[00.000034,00.000104]
03_undistortion    	    683	00.570629	(00.000835 +- 00.000240)	[00.000110,00.003138]
04_sampling        	    683	00.396950	(00.000581 +- 00.000121)	[00.000078,00.007567]
05_registration    	    683	00.931064	(00.001363 +- 00.000628)	[00.000289,00.006570]
06_map             	    683	00.618512	(00.000906 +- 00.000230)	[00.000144,00.004319]
07_imu_opt         	    683	01.413366	(00.002069 +- 00.000876)	[00.000001,00.006245]
08_publish         	    683	07.491101	(00.010968 +- 00.003253)	[00.000684,00.035620]
step               	    685	11.749571	(00.017153 +- 00.004377)	[00.000316,00.051684]

INFO  Timings:
SM Timing
-----------
00_conversion_livox	    687	09.794821	(00.014257 +- 00.001495)	[00.010098,00.032580]
01_filter          	    686	00.220688	(00.000322 +- 00.000072)	[00.000146,00.003050]
02_preint          	    684	00.039734	(00.000058 +- 00.000008)	[00.000034,00.000104]
03_undistortion    	    684	00.571660	(00.000836 +- 00.000246)	[00.000110,00.003138]
04_sampling        	    684	00.397821	(00.000582 +- 00.000138)	[00.000078,00.007567]
05_registration    	    684	00.932255	(00.001363 +- 00.000627)	[00.000289,00.006570]
06_map             	    684	00.619672	(00.000906 +- 00.000241)	[00.000144,00.004319]
07_imu_opt         	    684	01.415150	(00.002069 +- 00.000875)	[00.000001,00.006245]
08_publish         	    684	07.506244	(00.010974 +- 00.003428)	[00.000684,00.035620]
step               	    686	11.771284	(00.017159 +- 00.004546)	[00.000316,00.051684]

INFO  Timings:
SM Timing
-----------
00_conversion_livox	    688	09.809941	(00.014259 +- 00.001350)	[00.010098,00.032580]
01_filter          	    687	00.221106	(00.000322 +- 00.000065)	[00.000146,00.003050]
02_preint          	    685	00.039794	(00.000058 +- 00.000008)	[00.000034,00.000104]
03_undistortion    	    685	00.572752	(00.000836 +- 00.000253)	[00.000110,00.003138]
04_sampling        	    685	00.398591	(00.000582 +- 00.000145)	[00.000078,00.007567]
05_registration    	    685	00.933270	(00.001362 +- 00.000615)	[00.000289,00.006570]
06_map             	    685	00.620792	(00.000906 +- 00.000250)	[00.000144,00.004319]
07_imu_opt         	    685	01.416866	(00.002068 +- 00.000872)	[00.000001,00.006245]
08_publish         	    685	07.520996	(00.010980 +- 00.003572)	[00.000684,00.035620]
step               	    687	11.792339	(00.017165 +- 00.004636)	[00.000316,00.051684]

INFO  Timings:
SM Timing
-----------
00_conversion_livox	    689	09.824073	(00.014258 +- 00.001345)	[00.010098,00.032580]
01_filter          	    688	00.221470	(00.000322 +- 00.000067)	[00.000146,00.003050]
02_preint          	    686	00.039852	(00.000058 +- 00.000008)	[00.000034,00.000104]
03_undistortion    	    686	00.573857	(00.000837 +- 00.000265)	[00.000110,00.003138]
04_sampling        	    686	00.399309	(00.000582 +- 00.000151)	[00.000078,00.007567]
05_registration    	    686	00.934462	(00.001362 +- 00.000607)	[00.000289,00.006570]
06_map             	    686	00.622012	(00.000907 +- 00.000264)	[00.000144,00.004319]
07_imu_opt         	    686	01.418594	(00.002068 +- 00.000872)	[00.000001,00.006245]
08_publish         	    686	07.535389	(00.010985 +- 00.003731)	[00.000684,00.035620]
step               	    688	11.813213	(00.017170 +- 00.004818)	[00.000316,00.051684]

INFO  Timings:
SM Timing
-----------
00_conversion_livox	    690	09.837900	(00.014258 +- 00.001344)	[00.010098,00.032580]
01_filter          	    689	00.221813	(00.000322 +- 00.000068)	[00.000146,00.003050]
02_preint          	    687	00.039910	(00.000058 +- 00.000008)	[00.000034,00.000104]
03_undistortion    	    687	00.574860	(00.000837 +- 00.000272)	[00.000110,00.003138]
04_sampling        	    687	00.399961	(00.000582 +- 00.000154)	[00.000078,00.007567]
05_registration    	    687	00.935985	(00.001362 +- 00.000601)	[00.000289,00.006570]
06_map             	    687	00.623113	(00.000907 +- 00.000273)	[00.000144,00.004319]
07_imu_opt         	    687	01.420237	(00.002067 +- 00.000872)	[00.000001,00.006245]
08_publish         	    687	07.550846	(00.010991 +- 00.003941)	[00.000684,00.035620]
step               	    689	11.835085	(00.017177 +- 00.005031)	[00.000316,00.051684]

INFO  Timings:
SM Timing
-----------
00_conversion_livox	    691	09.852844	(00.014259 +- 00.001356)	[00.010098,00.032580]
01_filter          	    690	00.222239	(00.000322 +- 00.000072)	[00.000146,00.003050]
02_preint          	    688	00.039962	(00.000058 +- 00.000008)	[00.000034,00.000104]
03_undistortion    	    688	00.575988	(00.000837 +- 00.000284)	[00.000110,00.003138]
04_sampling        	    688	00.400762	(00.000583 +- 00.000163)	[00.000078,00.007567]
05_registration    	    688	00.937860	(00.001363 +- 00.000604)	[00.000289,00.006570]
06_map             	    688	00.624231	(00.000907 +- 00.000283)	[00.000144,00.004319]
07_imu_opt         	    688	01.421921	(00.002067 +- 00.000784)	[00.000001,00.006245]
08_publish         	    688	07.565577	(00.010996 +- 00.004107)	[00.000684,00.035620]
step               	    690	11.856966	(00.017184 +- 00.005231)	[00.000316,00.051684]

INFO  Timings:
SM Timing
-----------
00_conversion_livox	    692	09.866696	(00.014258 +- 00.001244)	[00.010098,00.032580]
01_filter          	    691	00.222796	(00.000322 +- 00.000083)	[00.000146,00.003050]
02_preint          	    689	00.040017	(00.000058 +- 00.000008)	[00.000034,00.000104]
03_undistortion    	    689	00.577031	(00.000837 +- 00.000292)	[00.000110,00.003138]
04_sampling        	    689	00.401593	(00.000583 +- 00.000173)	[00.000078,00.007567]
05_registration    	    689	00.939617	(00.001364 +- 00.000605)	[00.000289,00.006570]
06_map             	    689	00.625357	(00.000908 +- 00.000293)	[00.000144,00.004319]
07_imu_opt         	    689	01.423557	(00.002066 +- 00.000782)	[00.000001,00.006245]
08_publish         	    689	07.579165	(00.011000 +- 00.004221)	[00.000684,00.035620]
step               	    691	11.877647	(00.017189 +- 00.005381)	[00.000316,00.051684]

INFO  Timings:
SM Timing
-----------
00_conversion_livox	    693	09.880512	(00.014258 +- 00.000992)	[00.010098,00.032580]
01_filter          	    692	00.223157	(00.000322 +- 00.000085)	[00.000146,00.003050]
02_preint          	    690	00.040078	(00.000058 +- 00.000007)	[00.000034,00.000104]
03_undistortion    	    690	00.577945	(00.000838 +- 00.000296)	[00.000110,00.003138]
04_sampling        	    690	00.402305	(00.000583 +- 00.000177)	[00.000078,00.007567]
05_registration    	    690	00.942676	(00.001366 +- 00.000653)	[00.000289,00.006570]
06_map             	    690	00.626364	(00.000908 +- 00.000298)	[00.000144,00.004319]
07_imu_opt         	    690	01.425269	(00.002066 +- 00.000782)	[00.000001,00.006245]
08_publish         	    690	07.592192	(00.011003 +- 00.004311)	[00.000684,00.035620]
step               	    692	11.898598	(00.017195 +- 00.005529)	[00.000316,00.051684]

INFO  Timings:
SM Timing
-----------
00_conversion_livox	    694	09.894208	(00.014257 +- 00.000908)	[00.010098,00.032580]
01_filter          	    693	00.223527	(00.000323 +- 00.000086)	[00.000146,00.003050]
02_preint          	    691	00.040132	(00.000058 +- 00.000007)	[00.000034,00.000104]
03_undistortion    	    691	00.578944	(00.000838 +- 00.000300)	[00.000110,00.003138]
04_sampling        	    691	00.402943	(00.000583 +- 00.000179)	[00.000078,00.007567]
05_registration    	    691	00.943799	(00.001366 +- 00.000652)	[00.000289,00.006570]
06_map             	    691	00.627337	(00.000908 +- 00.000303)	[00.000144,00.004319]
07_imu_opt         	    691	01.426819	(00.002065 +- 00.000782)	[00.000001,00.006245]
08_publish         	    691	07.605169	(00.011006 +- 00.004396)	[00.000684,00.035620]
step               	    693	11.917364	(00.017197 +- 00.005609)	[00.000316,00.051684]

INFO  Timings:
SM Timing
-----------
00_conversion_livox	    695	09.908083	(00.014256 +- 00.000878)	[00.010098,00.032580]
01_filter          	    694	00.223893	(00.000323 +- 00.000087)	[00.000146,00.003050]
02_preint          	    692	00.040197	(00.000058 +- 00.000007)	[00.000034,00.000104]
03_undistortion    	    692	00.580007	(00.000838 +- 00.000308)	[00.000110,00.003138]
04_sampling        	    692	00.403682	(00.000583 +- 00.000183)	[00.000078,00.007567]
05_registration    	    692	00.944790	(00.001365 +- 00.000650)	[00.000289,00.006570]
06_map             	    692	00.628426	(00.000908 +- 00.000310)	[00.000144,00.004319]
07_imu_opt         	    692	01.428416	(00.002064 +- 00.000782)	[00.000001,00.006245]
08_publish         	    692	07.618445	(00.011009 +- 00.004482)	[00.000684,00.035620]
step               	    694	11.936632	(00.017200 +- 00.005693)	[00.000316,00.051684]

INFO  Timings:
SM Timing
-----------
00_conversion_livox	    696	09.922602	(00.014257 +- 00.000886)	[00.010098,00.032580]
01_filter          	    695	00.224247	(00.000323 +- 00.000088)	[00.000146,00.003050]
02_preint          	    693	00.040261	(00.000058 +- 00.000007)	[00.000034,00.000104]
03_undistortion    	    693	00.580996	(00.000838 +- 00.000312)	[00.000110,00.003138]
04_sampling        	    693	00.404521	(00.000584 +- 00.000191)	[00.000078,00.007567]
05_registration    	    693	00.946782	(00.001366 +- 00.000655)	[00.000289,00.006570]
06_map             	    693	00.629506	(00.000908 +- 00.000316)	[00.000144,00.004319]
07_imu_opt         	    693	01.430122	(00.002064 +- 00.000782)	[00.000001,00.006245]
08_publish         	    693	07.632378	(00.011014 +- 00.004579)	[00.000684,00.035620]
step               	    695	11.957651	(00.017205 +- 00.005815)	[00.000316,00.051684]

INFO  Timings:
SM Timing
-----------
00_conversion_livox	    697	09.936914	(00.014257 +- 00.000894)	[00.010098,00.032580]
01_filter          	    696	00.224552	(00.000323 +- 00.000088)	[00.000146,00.003050]
02_preint          	    694	00.040331	(00.000058 +- 00.000007)	[00.000034,00.000104]
03_undistortion    	    694	00.581927	(00.000839 +- 00.000316)	[00.000110,00.003138]
04_sampling        	    694	00.405155	(00.000584 +- 00.000192)	[00.000078,00.007567]
05_registration    	    694	00.948150	(00.001366 +- 00.000640)	[00.000289,00.006570]
06_map             	    694	00.630581	(00.000909 +- 00.000322)	[00.000144,00.004319]
07_imu_opt         	    694	01.431750	(00.002063 +- 00.000782)	[00.000001,00.006245]
08_publish         	    694	07.646449	(00.011018 +- 00.004674)	[00.000684,00.035620]
step               	    696	11.977847	(00.017210 +- 00.005913)	[00.000316,00.051684]

INFO  Timings:
SM Timing
-----------
00_conversion_livox	    698	09.950751	(00.014256 +- 00.000874)	[00.010098,00.032580]
01_filter          	    697	00.224907	(00.000323 +- 00.000089)	[00.000146,00.003050]
02_preint          	    695	00.040393	(00.000058 +- 00.000007)	[00.000034,00.000104]
03_undistortion    	    695	00.582838	(00.000839 +- 00.000318)	[00.000110,00.003138]
04_sampling        	    695	00.406047	(00.000584 +- 00.000201)	[00.000078,00.007567]
05_registration    	    695	00.949374	(00.001366 +- 00.000639)	[00.000289,00.006570]
06_map             	    695	00.631640	(00.000909 +- 00.000326)	[00.000144,00.004319]
07_imu_opt         	    695	01.433410	(00.002062 +- 00.000782)	[00.000001,00.006245]
08_publish         	    695	07.660734	(00.011023 +- 00.004770)	[00.000684,00.035620]
step               	    697	11.998396	(00.017214 +- 00.006012)	[00.000316,00.051684]

INFO  Timings:
SM Timing
-----------
00_conversion_livox	    699	09.965051	(00.014256 +- 00.000853)	[00.010098,00.032580]
01_filter          	    698	00.225252	(00.000323 +- 00.000089)	[00.000146,00.003050]
02_preint          	    696	00.040453	(00.000058 +- 00.000007)	[00.000034,00.000104]
03_undistortion    	    696	00.583829	(00.000839 +- 00.000322)	[00.000110,00.003138]
04_sampling        	    696	00.406952	(00.000585 +- 00.000210)	[00.000078,00.007567]
05_registration    	    696	00.951161	(00.001367 +- 00.000641)	[00.000289,00.006570]
06_map             	    696	00.632795	(00.000909 +- 00.000333)	[00.000144,00.004319]
07_imu_opt         	    696	01.435096	(00.002062 +- 00.000782)	[00.000001,00.006245]
08_publish         	    696	07.676230	(00.011029 +- 00.004895)	[00.000684,00.035620]
step               	    698	12.020916	(00.017222 +- 00.006160)	[00.000316,00.051684]

INFO  Timings:
SM Timing
-----------
00_conversion_livox	    700	09.981319	(00.014259 +- 00.000944)	[00.010098,00.032580]
01_filter          	    699	00.225668	(00.000323 +- 00.000091)	[00.000146,00.003050]
02_preint          	    697	00.040523	(00.000058 +- 00.000008)	[00.000034,00.000104]
03_undistortion    	    697	00.585050	(00.000839 +- 00.000333)	[00.000110,00.003138]
04_sampling        	    697	00.407968	(00.000585 +- 00.000222)	[00.000078,00.007567]
05_registration    	    697	00.955510	(00.001371 +- 00.000766)	[00.000289,00.006570]
06_map             	    697	00.633940	(00.000910 +- 00.000339)	[00.000144,00.004319]
07_imu_opt         	    697	01.437085	(00.002062 +- 00.000663)	[00.000001,00.006245]
08_publish         	    697	07.693273	(00.011038 +- 00.005058)	[00.000684,00.035620]
step               	    699	12.048271	(00.017236 +- 00.006475)	[00.000316,00.051684]

INFO  Timings:
SM Timing
-----------
00_conversion_livox	    701	09.997141	(00.014261 +- 00.000999)	[00.010098,00.032580]
01_filter          	    700	00.226017	(00.000323 +- 00.000092)	[00.000146,00.003050]
02_preint          	    698	00.040592	(00.000058 +- 00.000008)	[00.000034,00.000104]
03_undistortion    	    698	00.586027	(00.000840 +- 00.000336)	[00.000110,00.003138]
04_sampling        	    698	00.408681	(00.000586 +- 00.000223)	[00.000078,00.007567]
05_registration    	    698	00.957159	(00.001371 +- 00.000765)	[00.000289,00.006570]
06_map             	    698	00.635097	(00.000910 +- 00.000345)	[00.000144,00.004319]
07_imu_opt         	    698	01.438914	(00.002061 +- 00.000662)	[00.000001,00.006245]
08_publish         	    698	07.708389	(00.011044 +- 00.005148)	[00.000684,00.035620]
step               	    700	12.070204	(00.017243 +- 00.006575)	[00.000316,00.051684]

INFO  Timings:
SM Timing
-----------
00_conversion_livox	    702	10.011724	(00.014262 +- 00.001010)	[00.010098,00.032580]
01_filter          	    701	00.226372	(00.000323 +- 00.000092)	[00.000146,00.003050]
02_preint          	    699	00.040650	(00.000058 +- 00.000008)	[00.000034,00.000104]
03_undistortion    	    699	00.587044	(00.000840 +- 00.000340)	[00.000110,00.003138]
04_sampling        	    699	00.409457	(00.000586 +- 00.000226)	[00.000078,00.007567]
05_registration    	    699	00.959129	(00.001372 +- 00.000766)	[00.000289,00.006570]
06_map             	    699	00.636163	(00.000910 +- 00.000348)	[00.000144,00.004319]
07_imu_opt         	    699	01.440780	(00.002061 +- 00.000661)	[00.000001,00.006245]
08_publish         	    699	07.722103	(00.011047 +- 00.005197)	[00.000684,00.035620]
step               	    701	12.091122	(00.017248 +- 00.006648)	[00.000316,00.051684]

INFO  Timings:
SM Timing
-----------
00_conversion_livox	    703	10.025725	(00.014261 +- 00.001010)	[00.010098,00.032580]
01_filter          	    702	00.226810	(00.000323 +- 00.000095)	[00.000146,00.003050]
02_preint          	    700	00.040692	(00.000058 +- 00.000008)	[00.000034,00.000104]
03_undistortion    	    700	00.588005	(00.000840 +- 00.000341)	[00.000110,00.003138]
04_sampling        	    700	00.410168	(00.000586 +- 00.000228)	[00.000078,00.007567]
05_registration    	    700	00.960937	(00.001373 +- 00.000767)	[00.000289,00.006570]
06_map             	    700	00.637103	(00.000910 +- 00.000349)	[00.000144,00.004319]
07_imu_opt         	    700	01.442671	(00.002061 +- 00.000661)	[00.000001,00.006245]
08_publish         	    700	07.735364	(00.011051 +- 00.005231)	[00.000684,00.035620]
step               	    702	12.111275	(00.017253 +- 00.006690)	[00.000316,00.051684]

INFO  Timings:
SM Timing
-----------
00_conversion_livox	    704	10.039942	(00.014261 +- 00.001015)	[00.010098,00.032580]
01_filter          	    703	00.227186	(00.000323 +- 00.000095)	[00.000146,00.003050]
02_preint          	    701	00.040746	(00.000058 +- 00.000008)	[00.000034,00.000104]
03_undistortion    	    701	00.589990	(00.000842 +- 00.000387)	[00.000110,00.003138]
04_sampling        	    701	00.411003	(00.000586 +- 00.000230)	[00.000078,00.007567]
05_registration    	    701	00.962545	(00.001373 +- 00.000765)	[00.000289,00.006570]
06_map             	    701	00.638242	(00.000910 +- 00.000353)	[00.000144,00.004319]
07_imu_opt         	    701	01.444500	(00.002061 +- 00.000661)	[00.000001,00.006245]
08_publish         	    701	07.750773	(00.011057 +- 00.005299)	[00.000684,00.035620]
step               	    703	12.134609	(00.017261 +- 00.006795)	[00.000316,00.051684]

INFO  Timings:
SM Timing
-----------
00_conversion_livox	    705	10.055094	(00.014263 +- 00.001038)	[00.010098,00.032580]
01_filter          	    704	00.227560	(00.000323 +- 00.000095)	[00.000146,00.003050]
02_preint          	    702	00.040801	(00.000058 +- 00.000008)	[00.000034,00.000104]
03_undistortion    	    702	00.591067	(00.000842 +- 00.000389)	[00.000110,00.003138]
04_sampling        	    702	00.411862	(00.000587 +- 00.000234)	[00.000078,00.007567]
05_registration    	    702	00.965204	(00.001375 +- 00.000782)	[00.000289,00.006570]
06_map             	    702	00.639607	(00.000911 +- 00.000362)	[00.000144,00.004319]
07_imu_opt         	    702	01.448389	(00.002063 +- 00.000723)	[00.000001,00.006245]
08_publish         	    702	07.765775	(00.011062 +- 00.005343)	[00.000684,00.035620]
step               	    704	12.159975	(00.017273 +- 00.006927)	[00.000316,00.051684]

INFO  Timings:
SM Timing
-----------
00_conversion_livox	    706	10.069173	(00.014262 +- 00.001038)	[00.010098,00.032580]
01_filter          	    705	00.227894	(00.000323 +- 00.000095)	[00.000146,00.003050]
02_preint          	    703	00.040851	(00.000058 +- 00.000008)	[00.000034,00.000104]
03_undistortion    	    703	00.592094	(00.000842 +- 00.000388)	[00.000110,00.003138]
04_sampling        	    703	00.412677	(00.000587 +- 00.000236)	[00.000078,00.007567]
05_registration    	    703	00.967582	(00.001376 +- 00.000790)	[00.000289,00.006570]
06_map             	    703	00.640695	(00.000911 +- 00.000362)	[00.000144,00.004319]
07_imu_opt         	    703	01.450531	(00.002063 +- 00.000723)	[00.000001,00.006245]
08_publish         	    703	07.780976	(00.011068 +- 00.005378)	[00.000684,00.035620]
step               	    705	12.183080	(00.017281 +- 00.006974)	[00.000316,00.051684]

INFO  Timings:
SM Timing
-----------
00_conversion_livox	    707	10.083431	(00.014262 +- 00.001040)	[00.010098,00.032580]
01_filter          	    706	00.228249	(00.000323 +- 00.000095)	[00.000146,00.003050]
02_preint          	    704	00.040903	(00.000058 +- 00.000008)	[00.000034,00.000104]
03_undistortion    	    704	00.593026	(00.000842 +- 00.000389)	[00.000110,00.003138]
04_sampling        	    704	00.413450	(00.000587 +- 00.000237)	[00.000078,00.007567]
05_registration    	    704	00.969337	(00.001377 +- 00.000785)	[00.000289,00.006570]
06_map             	    704	00.641888	(00.000912 +- 00.000364)	[00.000144,00.004319]
07_imu_opt         	    704	01.452505	(00.002063 +- 00.000722)	[00.000001,00.006245]
08_publish         	    704	07.797118	(00.011075 +- 00.005426)	[00.000684,00.035620]
step               	    706	12.206337	(00.017289 +- 00.007035)	[00.000316,00.051684]

INFO  Timings:
SM Timing
-----------
00_conversion_livox	    708	10.097283	(00.014262 +- 00.001039)	[00.010098,00.032580]
01_filter          	    707	00.228613	(00.000323 +- 00.000095)	[00.000146,00.003050]
02_preint          	    705	00.040955	(00.000058 +- 00.000008)	[00.000034,00.000104]
03_undistortion    	    705	00.594187	(00.000843 +- 00.000392)	[00.000110,00.003138]
04_sampling        	    705	00.414316	(00.000588 +- 00.000238)	[00.000078,00.007567]
05_registration    	    705	00.972228	(00.001379 +- 00.000795)	[00.000289,00.006570]
06_map             	    705	00.643117	(00.000912 +- 00.000366)	[00.000144,00.004319]
07_imu_opt         	    705	01.456528	(00.002066 +- 00.000783)	[00.000001,00.006245]
08_publish         	    705	07.814631	(00.011085 +- 00.005494)	[00.000684,00.035620]
step               	    707	12.234545	(00.017305 +- 00.007188)	[00.000316,00.051684]

INFO  Timings:
SM Timing
-----------
00_conversion_livox	    709	10.114171	(00.014265 +- 00.001133)	[00.010098,00.032580]
01_filter          	    708	00.229043	(00.000324 +- 00.000096)	[00.000146,00.003050]
02_preint          	    706	00.041021	(00.000058 +- 00.000008)	[00.000034,00.000104]
03_undistortion    	    706	00.595450	(00.000843 +- 00.000395)	[00.000110,00.003138]
04_sampling        	    706	00.416932	(00.000591 +- 00.000371)	[00.000078,00.007567]
05_registration    	    706	00.976442	(00.001383 +- 00.000869)	[00.000289,00.006570]
06_map             	    706	00.644530	(00.000913 +- 00.000372)	[00.000144,00.004319]
07_imu_opt         	    706	01.459757	(00.002068 +- 00.000803)	[00.000001,00.006245]
08_publish         	    706	07.835319	(00.011098 +- 00.005646)	[00.000684,00.035620]
step               	    708	12.268689	(00.017329 +- 00.007549)	[00.000316,00.051684]

INFO  Timings:
SM Timing
-----------
00_conversion_livox	    710	10.130869	(00.014269 +- 00.001205)	[00.010098,00.032580]
01_filter          	    709	00.229432	(00.000324 +- 00.000096)	[00.000146,00.003050]
02_preint          	    707	00.041081	(00.000058 +- 00.000008)	[00.000034,00.000104]
03_undistortion    	    707	00.596658	(00.000844 +- 00.000397)	[00.000110,00.003138]
04_sampling        	    707	00.417935	(00.000591 +- 00.000373)	[00.000078,00.007567]
05_registration    	    707	00.978454	(00.001384 +- 00.000865)	[00.000289,00.006570]
06_map             	    707	00.645792	(00.000913 +- 00.000373)	[00.000144,00.004319]
07_imu_opt         	    707	01.464215	(00.002071 +- 00.000789)	[00.000001,00.006245]
08_publish         	    707	07.853563	(00.011108 +- 00.005689)	[00.000684,00.035620]
step               	    709	12.297413	(00.017345 +- 00.007712)	[00.000316,00.051684]

INFO  Timings:
SM Timing
-----------
00_conversion_livox	    711	10.145505	(00.014269 +- 00.001199)	[00.010098,00.032580]
01_filter          	    710	00.229830	(00.000324 +- 00.000095)	[00.000146,00.003050]
02_preint          	    708	00.041136	(00.000058 +- 00.000008)	[00.000034,00.000104]
03_undistortion    	    708	00.597863	(00.000844 +- 00.000395)	[00.000110,00.003138]
04_sampling        	    708	00.418941	(00.000592 +- 00.000375)	[00.000078,00.007567]
05_registration    	    708	00.980253	(00.001385 +- 00.000864)	[00.000289,00.006570]
06_map             	    708	00.646989	(00.000914 +- 00.000371)	[00.000144,00.004319]
07_imu_opt         	    708	01.465818	(00.002070 +- 00.000786)	[00.000001,00.006245]
08_publish         	    708	07.869713	(00.011115 +- 00.005658)	[00.000684,00.035620]
step               	    710	12.320897	(00.017353 +- 00.007660)	[00.000316,00.051684]

INFO  Timings:
SM Timing
-----------
00_conversion_livox	    712	10.159103	(00.014268 +- 00.001180)	[00.010098,00.032580]
01_filter          	    711	00.230220	(00.000324 +- 00.000095)	[00.000146,00.003050]
02_preint          	    709	00.041189	(00.000058 +- 00.000008)	[00.000034,00.000104]
03_undistortion    	    709	00.599003	(00.000845 +- 00.000390)	[00.000110,00.003138]
04_sampling        	    709	00.419815	(00.000592 +- 00.000373)	[00.000078,00.007567]
05_registration    	    709	00.982358	(00.001386 +- 00.000859)	[00.000289,00.006570]
06_map             	    709	00.648109	(00.000914 +- 00.000368)	[00.000144,00.004319]
07_imu_opt         	    709	01.468210	(00.002071 +- 00.000788)	[00.000001,00.006245]
08_publish         	    709	07.885234	(00.011122 +- 00.005599)	[00.000684,00.035620]
step               	    711	12.344568	(00.017362 +- 00.007585)	[00.000316,00.051684]

INFO  Timings:
SM Timing
-----------
00_conversion_livox	    713	10.173175	(00.014268 +- 00.001156)	[00.010098,00.032580]
01_filter          	    712	00.230624	(00.000324 +- 00.000094)	[00.000146,00.003050]
02_preint          	    710	00.041243	(00.000058 +- 00.000008)	[00.000034,00.000104]
03_undistortion    	    710	00.601243	(00.000847 +- 00.000430)	[00.000110,00.003138]
04_sampling        	    710	00.420661	(00.000592 +- 00.000369)	[00.000078,00.007567]
05_registration    	    710	00.986161	(00.001389 +- 00.000909)	[00.000289,00.006570]
06_map             	    710	00.649322	(00.000915 +- 00.000364)	[00.000144,00.004319]
07_imu_opt         	    710	01.469870	(00.002070 +- 00.000784)	[00.000001,00.006245]
08_publish         	    710	07.903342	(00.011131 +- 00.005577)	[00.000684,00.035620]
step               	    712	12.372995	(00.017378 +- 00.007601)	[00.000316,00.051684]

INFO  Timings:
SM Timing
-----------
00_conversion_livox	    714	10.188552	(00.014270 +- 00.001149)	[00.010098,00.032580]
01_filter          	    713	00.231011	(00.000324 +- 00.000092)	[00.000146,00.003050]
02_preint          	    711	00.041297	(00.000058 +- 00.000008)	[00.000034,00.000104]
03_undistortion    	    711	00.602278	(00.000847 +- 00.000422)	[00.000110,00.003138]
04_sampling        	    711	00.421632	(00.000593 +- 00.000368)	[00.000078,00.007567]
05_registration    	    711	00.987738	(00.001389 +- 00.000903)	[00.000289,00.006570]
06_map             	    711	00.650454	(00.000915 +- 00.000356)	[00.000144,00.004319]
07_imu_opt         	    711	01.473856	(00.002073 +- 00.000831)	[00.000001,00.006245]
08_publish         	    711	07.920273	(00.011140 +- 00.005504)	[00.000684,00.035620]
step               	    713	12.399153	(00.017390 +- 00.007514)	[00.000316,00.051684]

INFO  Timings:
SM Timing
-----------
00_conversion_livox	    715	10.202861	(00.014270 +- 00.001119)	[00.010098,00.032580]
01_filter          	    714	00.231367	(00.000324 +- 00.000089)	[00.000146,00.003050]
02_preint          	    712	00.041352	(00.000058 +- 00.000007)	[00.000034,00.000104]
03_undistortion    	    712	00.603421	(00.000848 +- 00.000414)	[00.000110,00.003138]
04_sampling        	    712	00.422698	(00.000594 +- 00.000366)	[00.000078,00.007567]
05_registration    	    712	00.990299	(00.001391 +- 00.000909)	[00.000289,00.006570]
06_map             	    712	00.651661	(00.000915 +- 00.000348)	[00.000144,00.004319]
07_imu_opt         	    712	01.475452	(00.002072 +- 00.000828)	[00.000001,00.006245]
08_publish         	    712	07.936227	(00.011146 +- 00.005401)	[00.000684,00.035620]
step               	    714	12.423170	(00.017399 +- 00.007381)	[00.000316,00.051684]

INFO  Timings:
SM Timing
-----------
00_conversion_livox	    716	10.216296	(00.014269 +- 00.001095)	[00.010098,00.032580]
01_filter          	    715	00.231750	(00.000324 +- 00.000087)	[00.000146,00.003050]
02_preint          	    713	00.041405	(00.000058 +- 00.000007)	[00.000034,00.000104]
03_undistortion    	    713	00.604594	(00.000848 +- 00.000405)	[00.000110,00.003138]
04_sampling        	    713	00.423575	(00.000594 +- 00.000361)	[00.000078,00.007567]
05_registration    	    713	00.991784	(00.001391 +- 00.000897)	[00.000289,00.006570]
06_map             	    713	00.652897	(00.000916 +- 00.000339)	[00.000144,00.004319]
07_imu_opt         	    713	01.477050	(00.002072 +- 00.000825)	[00.000001,00.006245]
08_publish         	    713	07.951505	(00.011152 +- 00.005265)	[00.000684,00.035620]
step               	    715	12.445316	(00.017406 +- 00.007171)	[00.000316,00.051684]

INFO  Timings:
SM Timing
-----------
00_conversion_livox	    717	10.229692	(00.014267 +- 00.001063)	[00.010098,00.032580]
01_filter          	    716	00.232120	(00.000324 +- 00.000085)	[00.000146,00.003050]
02_preint          	    714	00.041460	(00.000058 +- 00.000007)	[00.000034,00.000104]
03_undistortion    	    714	00.605725	(00.000848 +- 00.000394)	[00.000110,00.003138]
04_sampling        	    714	00.424469	(00.000594 +- 00.000360)	[00.000078,00.007567]
05_registration    	    714	00.994916	(00.001393 +- 00.000900)	[00.000289,00.006570]
06_map             	    714	00.654122	(00.000916 +- 00.000328)	[00.000144,00.004319]
07_imu_opt         	    714	01.479652	(00.002072 +- 00.000824)	[00.000001,00.006245]
08_publish         	    714	07.967654	(00.011159 +- 00.005118)	[00.000684,00.035620]
step               	    716	12.470965	(00.017418 +- 00.006982)	[00.000316,00.051684]

INFO  Timings:
SM Timing
-----------
00_conversion_livox	    718	10.243498	(00.014267 +- 00.001020)	[00.010098,00.032580]
01_filter          	    717	00.232478	(00.000324 +- 00.000081)	[00.000146,00.003050]
02_preint          	    715	00.041517	(00.000058 +- 00.000007)	[00.000034,00.000104]
03_undistortion    	    715	00.606865	(00.000849 +- 00.000385)	[00.000110,00.003138]
04_sampling        	    715	00.425295	(00.000595 +- 00.000351)	[00.000078,00.007567]
05_registration    	    715	00.997376	(00.001395 +- 00.000895)	[00.000289,00.006570]
06_map             	    715	00.655204	(00.000916 +- 00.000316)	[00.000144,00.004319]
07_imu_opt         	    715	01.481329	(00.002072 +- 00.000769)	[00.000001,00.006245]
08_publish         	    715	07.983056	(00.011165 +- 00.004936)	[00.000684,00.035620]
step               	    717	12.494057	(00.017425 +- 00.006832)	[00.000316,00.051684]

INFO  Timings:
SM Timing
-----------
00_conversion_livox	    719	10.256721	(00.014265 +- 00.000986)	[00.010098,00.032580]
01_filter          	    718	00.232857	(00.000324 +- 00.000077)	[00.000146,00.003050]
02_preint          	    716	00.041570	(00.000058 +- 00.000007)	[00.000034,00.000104]
03_undistortion    	    716	00.607901	(00.000849 +- 00.000371)	[00.000110,00.003138]
04_sampling        	    716	00.426216	(00.000595 +- 00.000344)	[00.000078,00.007567]
05_registration    	    716	00.999423	(00.001396 +- 00.000879)	[00.000289,00.006570]
06_map             	    716	00.656384	(00.000917 +- 00.000304)	[00.000144,00.004319]
07_imu_opt         	    716	01.482881	(00.002071 +- 00.000767)	[00.000001,00.006245]
08_publish         	    716	07.998510	(00.011171 +- 00.004739)	[00.000684,00.035620]
step               	    718	12.516769	(00.017433 +- 00.006550)	[00.000316,00.051684]

INFO  Timings:
SM Timing
-----------
00_conversion_livox	    720	10.270042	(00.014264 +- 00.000951)	[00.010098,00.032580]
01_filter          	    719	00.233202	(00.000324 +- 00.000074)	[00.000146,00.003050]
02_preint          	    717	00.041636	(00.000058 +- 00.000006)	[00.000034,00.000104]
03_undistortion    	    717	00.608804	(00.000849 +- 00.000356)	[00.000110,00.003138]
04_sampling        	    717	00.427121	(00.000596 +- 00.000339)	[00.000078,00.007567]
05_registration    	    717	01.002035	(00.001398 +- 00.000878)	[00.000289,00.006570]
06_map             	    717	00.657474	(00.000917 +- 00.000290)	[00.000144,00.004319]
07_imu_opt         	    717	01.486639	(00.002073 +- 00.000802)	[00.000001,00.006245]
08_publish         	    717	08.014245	(00.011177 +- 00.004533)	[00.000684,00.035620]
step               	    719	12.542298	(00.017444 +- 00.006311)	[00.000316,00.051684]

INFO  Timings:
SM Timing
-----------
00_conversion_livox	    721	10.283367	(00.014263 +- 00.000930)	[00.010098,00.032580]
01_filter          	    720	00.233559	(00.000324 +- 00.000071)	[00.000146,00.003050]
02_preint          	    718	00.041699	(00.000058 +- 00.000006)	[00.000034,00.000104]
03_undistortion    	    718	00.609843	(00.000849 +- 00.000341)	[00.000110,00.003138]
04_sampling        	    718	00.428230	(00.000596 +- 00.000334)	[00.000078,00.007567]
05_registration    	    718	01.003800	(00.001398 +- 00.000860)	[00.000289,00.006570]
06_map             	    718	00.658827	(00.000918 +- 00.000280)	[00.000144,00.004319]
07_imu_opt         	    718	01.488566	(00.002073 +- 00.000801)	[00.000001,00.006245]
08_publish         	    718	08.031884	(00.011186 +- 00.004357)	[00.000684,00.035620]
step               	    720	12.567627	(00.017455 +- 00.006051)	[00.000316,00.051684]

INFO  Timings:
SM Timing
-----------
00_conversion_livox	    722	10.299680	(00.014265 +- 00.000961)	[00.010098,00.032580]
01_filter          	    721	00.233988	(00.000325 +- 00.000068)	[00.000146,00.003050]
02_preint          	    719	00.041771	(00.000058 +- 00.000006)	[00.000034,00.000104]
03_undistortion    	    719	00.611190	(00.000850 +- 00.000335)	[00.000110,00.003138]
04_sampling        	    719	00.429566	(00.000597 +- 00.000341)	[00.000078,00.007567]
05_registration    	    719	01.006126	(00.001399 +- 00.000840)	[00.000289,00.006570]
06_map             	    719	00.660246	(00.000918 +- 00.000273)	[00.000144,00.004319]
07_imu_opt         	    719	01.490752	(00.002073 +- 00.000796)	[00.000001,00.006245]
08_publish         	    719	08.053150	(00.011200 +- 00.004266)	[00.000684,00.035620]
step               	    721	12.598151	(00.017473 +- 00.005899)	[00.000316,00.051684]

INFO  Timings:
SM Timing
-----------
00_conversion_livox	    723	10.316725	(00.014269 +- 00.001027)	[00.010098,00.032580]
01_filter          	    722	00.234416	(00.000325 +- 00.000065)	[00.000146,00.003050]
02_preint          	    720	00.041839	(00.000058 +- 00.000006)	[00.000034,00.000104]
03_undistortion    	    720	00.612350	(00.000850 +- 00.000324)	[00.000110,00.003138]
04_sampling        	    720	00.430591	(00.000598 +- 00.000335)	[00.000078,00.007567]
05_registration    	    720	01.007954	(00.001400 +- 00.000837)	[00.000289,00.006570]
06_map             	    720	00.661588	(00.000919 +- 00.000261)	[00.000144,00.004319]
07_imu_opt         	    720	01.492750	(00.002073 +- 00.000791)	[00.000001,00.006245]
08_publish         	    720	08.072962	(00.011212 +- 00.004115)	[00.000684,00.035620]
step               	    722	12.625923	(00.017487 +- 00.005681)	[00.000316,00.051684]

INFO  Timings:
SM Timing
-----------
00_conversion_livox	    724	10.332283	(00.014271 +- 00.001028)	[00.010098,00.032580]
01_filter          	    723	00.234799	(00.000325 +- 00.000061)	[00.000146,00.003050]
02_preint          	    721	00.041904	(00.000058 +- 00.000006)	[00.000034,00.000104]
03_undistortion    	    721	00.613484	(00.000851 +- 00.000314)	[00.000110,00.003138]
04_sampling        	    721	00.431594	(00.000599 +- 00.000329)	[00.000078,00.007567]
05_registration    	    721	01.011506	(00.001403 +- 00.000856)	[00.000289,00.006570]
06_map             	    721	00.662988	(00.000920 +- 00.000253)	[00.000144,00.004319]
07_imu_opt         	    721	01.495696	(00.002074 +- 00.000795)	[00.000001,00.006245]
08_publish         	    721	08.090925	(00.011222 +- 00.003907)	[00.000684,00.035620]
step               	    723	12.654473	(00.017503 +- 00.005451)	[00.000316,00.051684]

INFO  Timings:
SM Timing
-----------
00_conversion_livox	    725	10.346599	(00.014271 +- 00.001013)	[00.010098,00.032580]
01_filter          	    724	00.235183	(00.000325 +- 00.000058)	[00.000146,00.003050]
02_preint          	    722	00.041966	(00.000058 +- 00.000006)	[00.000034,00.000104]
03_undistortion    	    722	00.614528	(00.000851 +- 00.000302)	[00.000110,00.003138]
04_sampling        	    722	00.432431	(00.000599 +- 00.000323)	[00.000078,00.007567]
05_registration    	    722	01.013010	(00.001403 +- 00.000851)	[00.000289,00.006570]
06_map             	    722	00.664268	(00.000920 +- 00.000239)	[00.000144,00.004319]
07_imu_opt         	    722	01.497419	(00.002074 +- 00.000794)	[00.000001,00.006245]
08_publish         	    722	08.109522	(00.011232 +- 00.003700)	[00.000684,00.035620]
step               	    724	12.680020	(00.017514 +- 00.005157)	[00.000316,00.051684]

INFO  Timings:
SM Timing
-----------
00_conversion_livox	    726	10.363771	(00.014275 +- 00.001070)	[00.010098,00.032580]
01_filter          	    725	00.235614	(00.000325 +- 00.000055)	[00.000146,00.003050]
02_preint          	    723	00.042054	(00.000058 +- 00.000007)	[00.000034,00.000104]
03_undistortion    	    723	00.616332	(00.000852 +- 00.000310)	[00.000110,00.003138]
04_sampling        	    723	00.433537	(00.000600 +- 00.000319)	[00.000078,00.007567]
05_registration    	    723	01.016510	(00.001406 +- 00.000859)	[00.000289,00.006570]
06_map             	    723	00.665754	(00.000921 +- 00.000227)	[00.000144,00.004319]
07_imu_opt         	    723	01.499730	(00.002074 +- 00.000746)	[00.000001,00.006245]
08_publish         	    723	08.131745	(00.011247 +- 00.003569)	[00.000684,00.035620]
step               	    725	12.713068	(00.017535 +- 00.005130)	[00.000316,00.051684]

INFO  Timings:
SM Timing
-----------
00_conversion_livox	    727	10.380598	(00.014279 +- 00.001104)	[00.010098,00.032580]
01_filter          	    726	00.235996	(00.000325 +- 00.000052)	[00.000146,00.003050]
02_preint          	    724	00.042129	(00.000058 +- 00.000008)	[00.000034,00.000104]
03_undistortion    	    724	00.617371	(00.000853 +- 00.000297)	[00.000110,00.003138]
04_sampling        	    724	00.434533	(00.000600 +- 00.000311)	[00.000078,00.007567]
05_registration    	    724	01.018256	(00.001406 +- 00.000847)	[00.000289,00.006570]
06_map             	    724	00.667213	(00.000922 +- 00.000206)	[00.000144,00.004319]
07_imu_opt         	    724	01.501731	(00.002074 +- 00.000741)	[00.000001,00.006245]
08_publish         	    724	08.150654	(00.011258 +- 00.003267)	[00.000684,00.035620]
step               	    726	12.739781	(00.017548 +- 00.004728)	[00.000316,00.051684]

INFO  Timings:
SM Timing
-----------
00_conversion_livox	    728	10.395201	(00.014279 +- 00.001085)	[00.010098,00.032580]
01_filter          	    727	00.236339	(00.000325 +- 00.000048)	[00.000146,00.003050]
02_preint          	    725	00.042202	(00.000058 +- 00.000008)	[00.000034,00.000104]
03_undistortion    	    725	00.618374	(00.000853 +- 00.000283)	[00.000110,00.003138]
04_sampling        	    725	00.435748	(00.000601 +- 00.000310)	[00.000078,00.007567]
05_registration    	    725	01.020021	(00.001407 +- 00.000844)	[00.000289,00.006570]
06_map             	    725	00.668440	(00.000922 +- 00.000183)	[00.000144,00.004319]
07_imu_opt         	    725	01.503548	(00.002074 +- 00.000736)	[00.000001,00.006245]
08_publish         	    725	08.167982	(00.011266 +- 00.002909)	[00.000684,00.035620]
step               	    727	12.764644	(00.017558 +- 00.004315)	[00.000316,00.051684]

INFO  Timings:
SM Timing
-----------
00_conversion_livox	    729	10.409734	(00.014279 +- 00.001066)	[00.010098,00.032580]
01_filter          	    728	00.236736	(00.000325 +- 00.000044)	[00.000146,00.003050]
02_preint          	    726	00.042272	(00.000058 +- 00.000008)	[00.000034,00.000104]
03_undistortion    	    726	00.619536	(00.000853 +- 00.000267)	[00.000110,00.003138]
04_sampling        	    726	00.436694	(00.000602 +- 00.000305)	[00.000078,00.007567]
05_registration    	    726	01.021890	(00.001408 +- 00.000819)	[00.000289,00.006570]
06_map             	    726	00.669816	(00.000923 +- 00.000158)	[00.000144,00.004319]
07_imu_opt         	    726	01.505376	(00.002074 +- 00.000732)	[00.000001,00.006245]
08_publish         	    726	08.187195	(00.011277 +- 00.002621)	[00.000684,00.035620]
step               	    728	12.791600	(00.017571 +- 00.003890)	[00.000316,00.051684]

INFO  Timings:
SM Timing
-----------
00_conversion_livox	    730	10.426717	(00.014283 +- 00.001099)	[00.010098,00.032580]
01_filter          	    729	00.237222	(00.000325 +- 00.000043)	[00.000146,00.003050]
02_preint          	    727	00.042349	(00.000058 +- 00.000008)	[00.000034,00.000104]
03_undistortion    	    727	00.620830	(00.000854 +- 00.000257)	[00.000110,00.003138]
04_sampling        	    727	00.437790	(00.000602 +- 00.000299)	[00.000078,00.007567]
05_registration    	    727	01.023557	(00.001408 +- 00.000814)	[00.000289,00.006570]
06_map             	    727	00.671263	(00.000923 +- 00.000137)	[00.000144,00.004319]
07_imu_opt         	    727	01.507558	(00.002074 +- 00.000732)	[00.000001,00.006245]
08_publish         	    727	08.208053	(00.011290 +- 00.002487)	[00.000684,00.035620]
step               	    729	12.820834	(00.017587 +- 00.003767)	[00.000316,00.051684]

INFO  Timings:
SM Timing
-----------
00_conversion_livox	    731	10.442887	(00.014286 +- 00.001116)	[00.010098,00.032580]
01_filter          	    730	00.237623	(00.000326 +- 00.000041)	[00.000146,00.003050]
02_preint          	    728	00.042417	(00.000058 +- 00.000008)	[00.000034,00.000104]
03_undistortion    	    728	00.621992	(00.000854 +- 00.000255)	[00.000110,00.003138]
04_sampling        	    728	00.438878	(00.000603 +- 00.000297)	[00.000078,00.007567]
05_registration    	    728	01.029128	(00.001414 +- 00.000942)	[00.000289,00.006570]
06_map             	    728	00.672753	(00.000924 +- 00.000140)	[00.000144,00.004319]
07_imu_opt         	    728	01.509541	(00.002074 +- 00.000731)	[00.000001,00.006245]
08_publish         	    728	08.228167	(00.011302 +- 00.002478)	[00.000684,00.035620]
step               	    730	12.852783	(00.017607 +- 00.003830)	[00.000316,00.051684]

INFO  Timings:
SM Timing
-----------
00_conversion_livox	    732	10.460075	(00.014290 +- 00.001170)	[00.010098,00.032580]
01_filter          	    731	00.238023	(00.000326 +- 00.000041)	[00.000146,00.003050]
02_preint          	    729	00.042495	(00.000058 +- 00.000009)	[00.000034,00.000104]
03_undistortion    	    729	00.623081	(00.000855 +- 00.000251)	[00.000110,00.003138]
04_sampling        	    729	00.440249	(00.000604 +- 00.000299)	[00.000078,00.007567]
05_registration    	    729	01.030886	(00.001414 +- 00.000940)	[00.000289,00.006570]
06_map             	    729	00.674466	(00.000925 +- 00.000158)	[00.000144,00.004319]
07_imu_opt         	    729	01.511587	(00.002074 +- 00.000728)	[00.000001,00.006245]
08_publish         	    729	08.248233	(00.011314 +- 00.002478)	[00.000684,00.035620]
step               	    731	12.881410	(00.017622 +- 00.003795)	[00.000316,00.051684]

INFO  Timings:
SM Timing
-----------
00_conversion_livox	    733	10.476341	(00.014292 +- 00.001187)	[00.010098,00.032580]
01_filter          	    732	00.238451	(00.000326 +- 00.000041)	[00.000146,00.003050]
02_preint          	    730	00.042564	(00.000058 +- 00.000009)	[00.000034,00.000104]
03_undistortion    	    730	00.624415	(00.000855 +- 00.000250)	[00.000110,00.003138]
04_sampling        	    730	00.441250	(00.000604 +- 00.000296)	[00.000078,00.007567]
05_registration    	    730	01.032938	(00.001415 +- 00.000941)	[00.000289,00.006570]
06_map             	    730	00.675937	(00.000926 +- 00.000158)	[00.000144,00.004319]
07_imu_opt         	    730	01.513585	(00.002073 +- 00.000726)	[00.000001,00.006245]
08_publish         	    730	08.268859	(00.011327 +- 00.002504)	[00.000684,00.035620]
step               	    732	12.910493	(00.017637 +- 00.003793)	[00.000316,00.051684]

INFO  Timings:
SM Timing
-----------
00_conversion_livox	    734	10.492134	(00.014294 +- 00.001192)	[00.010098,00.032580]
01_filter          	    733	00.238849	(00.000326 +- 00.000041)	[00.000146,00.003050]
02_preint          	    731	00.042622	(00.000058 +- 00.000009)	[00.000034,00.000104]
03_undistortion    	    731	00.626102	(00.000857 +- 00.000260)	[00.000110,00.003138]
04_sampling        	    731	00.442272	(00.000605 +- 00.000293)	[00.000078,00.007567]
05_registration    	    731	01.034992	(00.001416 +- 00.000941)	[00.000289,00.006570]
06_map             	    731	00.677324	(00.000927 +- 00.000159)	[00.000144,00.004319]
07_imu_opt         	    731	01.515336	(00.002073 +- 00.000723)	[00.000001,00.006245]
08_publish         	    731	08.286972	(00.011336 +- 00.002449)	[00.000684,00.035620]
step               	    733	12.937064	(00.017649 +- 00.003733)	[00.000316,00.051684]

INFO  Timings:
SM Timing
-----------
00_conversion_livox	    735	10.506088	(00.014294 +- 00.001180)	[00.010098,00.032580]
01_filter          	    734	00.239246	(00.000326 +- 00.000041)	[00.000146,00.003050]
02_preint          	    732	00.042677	(00.000058 +- 00.000009)	[00.000034,00.000104]
03_undistortion    	    732	00.627291	(00.000857 +- 00.000259)	[00.000110,00.003138]
04_sampling        	    732	00.443355	(00.000606 +- 00.000291)	[00.000078,00.007567]
05_registration    	    732	01.036601	(00.001416 +- 00.000935)	[00.000289,00.006570]
06_map             	    732	00.678650	(00.000927 +- 00.000157)	[00.000144,00.004319]
07_imu_opt         	    732	01.518742	(00.002075 +- 00.000741)	[00.000001,00.006245]
08_publish         	    732	08.304479	(00.011345 +- 00.002393)	[00.000684,00.035620]
step               	    734	12.963751	(00.017662 +- 00.003646)	[00.000316,00.051684]

INFO  Timings:
SM Timing
-----------
00_conversion_livox	    736	10.520679	(00.014294 +- 00.001179)	[00.010098,00.032580]
01_filter          	    735	00.239652	(00.000326 +- 00.000041)	[00.000146,00.003050]
02_preint          	    733	00.042737	(00.000058 +- 00.000009)	[00.000034,00.000104]
03_undistortion    	    733	00.628433	(00.000857 +- 00.000258)	[00.000110,00.003138]
04_sampling        	    733	00.444331	(00.000606 +- 00.000287)	[00.000078,00.007567]
05_registration    	    733	01.038683	(00.001417 +- 00.000914)	[00.000289,00.006570]
06_map             	    733	00.680052	(00.000928 +- 00.000158)	[00.000144,00.004319]
07_imu_opt         	    733	01.520536	(00.002074 +- 00.000741)	[00.000001,00.006245]
08_publish         	    733	08.324793	(00.011357 +- 00.002441)	[00.000684,00.035620]
step               	    735	12.992016	(00.017676 +- 00.003678)	[00.000316,00.051684]

INFO  Timings:
SM Timing
-----------
00_conversion_livox	    737	10.537423	(00.014298 +- 00.001209)	[00.010098,00.032580]
01_filter          	    736	00.240077	(00.000326 +- 00.000041)	[00.000146,00.003050]
02_preint          	    734	00.042802	(00.000058 +- 00.000009)	[00.000034,00.000104]
03_undistortion    	    734	00.629719	(00.000858 +- 00.000258)	[00.000110,00.003138]
04_sampling        	    734	00.445383	(00.000607 +- 00.000288)	[00.000078,00.007567]
05_registration    	    734	01.041055	(00.001418 +- 00.000904)	[00.000289,00.006570]
06_map             	    734	00.681825	(00.000929 +- 00.000175)	[00.000144,00.004319]
07_imu_opt         	    734	01.522454	(00.002074 +- 00.000740)	[00.000001,00.006245]
08_publish         	    734	08.343807	(00.011368 +- 00.002452)	[00.000684,00.035620]
step               	    736	13.020020	(00.017690 +- 00.003676)	[00.000316,00.051684]

INFO  Timings:
SM Timing
-----------
00_conversion_livox	    738	10.550928	(00.014297 +- 00.001223)	[00.010098,00.032580]
01_filter          	    737	00.240473	(00.000326 +- 00.000041)	[00.000146,00.003050]
02_preint          	    735	00.042856	(00.000058 +- 00.000009)	[00.000034,00.000104]
03_undistortion    	    735	00.630828	(00.000858 +- 00.000258)	[00.000110,00.003138]
04_sampling        	    735	00.446391	(00.000607 +- 00.000287)	[00.000078,00.007567]
05_registration    	    735	01.042352	(00.001418 +- 00.000898)	[00.000289,00.006570]
06_map             	    735	00.683141	(00.000929 +- 00.000175)	[00.000144,00.004319]
07_imu_opt         	    735	01.524101	(00.002074 +- 00.000741)	[00.000001,00.006245]
08_publish         	    735	08.360657	(00.011375 +- 00.002436)	[00.000684,00.035620]
step               	    737	13.043772	(00.017698 +- 00.003638)	[00.000316,00.051684]

INFO  Timings:
SM Timing
-----------
00_conversion_livox	    739	10.564416	(00.014296 +- 00.001233)	[00.010098,00.032580]
01_filter          	    738	00.240864	(00.000326 +- 00.000041)	[00.000146,00.003050]
02_preint          	    736	00.042908	(00.000058 +- 00.000009)	[00.000034,00.000104]
03_undistortion    	    736	00.632001	(00.000859 +- 00.000257)	[00.000110,00.003138]
04_sampling        	    736	00.447250	(00.000608 +- 00.000285)	[00.000078,00.007567]
05_registration    	    736	01.043830	(00.001418 +- 00.000892)	[00.000289,00.006570]
06_map             	    736	00.684523	(00.000930 +- 00.000175)	[00.000144,00.004319]
07_imu_opt         	    736	01.525594	(00.002073 +- 00.000745)	[00.000001,00.006245]
08_publish         	    736	08.377279	(00.011382 +- 00.002411)	[00.000684,00.035620]
step               	    738	13.067314	(00.017706 +- 00.003596)	[00.000316,00.051684]

INFO  Timings:
SM Timing
-----------
00_conversion_livox	    740	10.577624	(00.014294 +- 00.001246)	[00.010098,00.032580]
01_filter          	    739	00.241253	(00.000326 +- 00.000040)	[00.000146,00.003050]
02_preint          	    737	00.042963	(00.000058 +- 00.000009)	[00.000034,00.000104]
03_undistortion    	    737	00.633309	(00.000859 +- 00.000257)	[00.000110,00.003138]
04_sampling        	    737	00.448417	(00.000608 +- 00.000283)	[00.000078,00.007567]
05_registration    	    737	01.047817	(00.001422 +- 00.000922)	[00.000289,00.006570]
06_map             	    737	00.686084	(00.000931 +- 00.000179)	[00.000144,00.004319]
07_imu_opt         	    737	01.528320	(00.002074 +- 00.000746)	[00.000001,00.006245]
08_publish         	    737	08.394511	(00.011390 +- 00.002404)	[00.000684,00.035620]
step               	    739	13.095854	(00.017721 +- 00.003598)	[00.000316,00.051684]

INFO  Timings:
SM Timing
-----------
00_conversion_livox	    741	10.590783	(00.014293 +- 00.001267)	[00.010098,00.032580]
01_filter          	    740	00.241632	(00.000327 +- 00.000040)	[00.000146,00.003050]
02_preint          	    738	00.043009	(00.000058 +- 00.000009)	[00.000034,00.000104]
03_undistortion    	    738	00.634415	(00.000860 +- 00.000257)	[00.000110,00.003138]
04_sampling        	    738	00.449389	(00.000609 +- 00.000282)	[00.000078,00.007567]
05_registration    	    738	01.049232	(00.001422 +- 00.000928)	[00.000289,00.006570]
06_map             	    738	00.687312	(00.000931 +- 00.000178)	[00.000144,00.004319]
07_imu_opt         	    738	01.529861	(00.002073 +- 00.000748)	[00.000001,00.006245]
08_publish         	    738	08.411196	(00.011397 +- 00.002385)	[00.000684,00.035620]
step               	    740	13.119307	(00.017729 +- 00.003576)	[00.000316,00.051684]

INFO  Timings:
SM Timing
-----------
00_conversion_livox	    742	10.603748	(00.014291 +- 00.001286)	[00.010098,00.032580]
01_filter          	    741	00.242100	(00.000327 +- 00.000034)	[00.000146,00.003050]
02_preint          	    739	00.043065	(00.000058 +- 00.000009)	[00.000034,00.000104]
03_undistortion    	    739	00.635566	(00.000860 +- 00.000257)	[00.000110,00.003138]
04_sampling        	    739	00.450324	(00.000609 +- 00.000281)	[00.000078,00.007567]
05_registration    	    739	01.051288	(00.001423 +- 00.000926)	[00.000289,00.006570]
06_map             	    739	00.688613	(00.000932 +- 00.000177)	[00.000144,00.004319]
07_imu_opt         	    739	01.531376	(00.002072 +- 00.000750)	[00.000001,00.006245]
08_publish         	    739	08.427830	(00.011404 +- 00.002337)	[00.000684,00.035620]
step               	    741	13.143511	(00.017738 +- 00.003519)	[00.000316,00.051684]

INFO  Timings:
SM Timing
-----------
00_conversion_livox	    743	10.617315	(00.014290 +- 00.001290)	[00.010098,00.032580]
01_filter          	    742	00.242494	(00.000327 +- 00.000034)	[00.000146,00.003050]
02_preint          	    740	00.043126	(00.000058 +- 00.000009)	[00.000034,00.000104]
03_undistortion    	    740	00.636796	(00.000861 +- 00.000254)	[00.000110,00.003138]
04_sampling        	    740	00.451359	(00.000610 +- 00.000279)	[00.000078,00.007567]
05_registration    	    740	01.053454	(00.001424 +- 00.000918)	[00.000289,00.006570]
06_map             	    740	00.689982	(00.000932 +- 00.000174)	[00.000144,00.004319]
07_imu_opt         	    740	01.533129	(00.002072 +- 00.000749)	[00.000001,00.006245]
08_publish         	    740	08.446647	(00.011414 +- 00.002282)	[00.000684,00.035620]
step               	    742	13.170402	(00.017750 +- 00.003470)	[00.000316,00.051684]

INFO  Timings:
SM Timing
-----------
00_conversion_livox	    744	10.631471	(00.014290 +- 00.001284)	[00.010098,00.032580]
01_filter          	    743	00.242877	(00.000327 +- 00.000034)	[00.000146,00.003050]
02_preint          	    741	00.043179	(00.000058 +- 00.000009)	[00.000034,00.000104]
03_undistortion    	    741	00.638039	(00.000861 +- 00.000253)	[00.000110,00.003138]
04_sampling        	    741	00.452398	(00.000611 +- 00.000275)	[00.000078,00.007567]
05_registration    	    741	01.055142	(00.001424 +- 00.000908)	[00.000289,00.006570]
06_map             	    741	00.691188	(00.000933 +- 00.000169)	[00.000144,00.004319]
07_imu_opt         	    741	01.534999	(00.002072 +- 00.000745)	[00.000001,00.006245]
08_publish         	    741	08.464595	(00.011423 +- 00.002207)	[00.000684,00.035620]
step               	    743	13.195920	(00.017760 +- 00.003336)	[00.000316,00.051684]

INFO  Timings:
SM Timing
-----------
00_conversion_livox	    745	10.644763	(00.014288 +- 00.001294)	[00.010098,00.032580]
01_filter          	    744	00.243280	(00.000327 +- 00.000034)	[00.000146,00.003050]
02_preint          	    742	00.043229	(00.000058 +- 00.000009)	[00.000034,00.000104]
03_undistortion    	    742	00.639243	(00.000862 +- 00.000252)	[00.000110,00.003138]
04_sampling        	    742	00.453575	(00.000611 +- 00.000273)	[00.000078,00.007567]
05_registration    	    742	01.056656	(00.001424 +- 00.000897)	[00.000289,00.006570]
06_map             	    742	00.692429	(00.000933 +- 00.000167)	[00.000144,00.004319]
07_imu_opt         	    742	01.538206	(00.002073 +- 00.000755)	[00.000001,00.006245]
08_publish         	    742	08.481558	(00.011431 +- 00.002136)	[00.000684,00.035620]
step               	    744	13.221776	(00.017771 +- 00.003213)	[00.000316,00.051684]

INFO  Timings:
SM Timing
-----------
00_conversion_livox	    746	10.657946	(00.014287 +- 00.001312)	[00.010098,00.032580]
01_filter          	    745	00.243658	(00.000327 +- 00.000033)	[00.000146,00.003050]
02_preint          	    743	00.043285	(00.000058 +- 00.000009)	[00.000034,00.000104]
03_undistortion    	    743	00.640269	(00.000862 +- 00.000252)	[00.000110,00.003138]
04_sampling        	    743	00.454538	(00.000612 +- 00.000273)	[00.000078,00.007567]
05_registration    	    743	01.058382	(00.001424 +- 00.000899)	[00.000289,00.006570]
06_map             	    743	00.693798	(00.000934 +- 00.000165)	[00.000144,00.004319]
07_imu_opt         	    743	01.540994	(00.002074 +- 00.000756)	[00.000001,00.006245]
08_publish         	    743	08.500308	(00.011441 +- 00.002092)	[00.000684,00.035620]
step               	    745	13.248920	(00.017784 +- 00.003148)	[00.000316,00.051684]

INFO  Timings:
SM Timing
-----------
00_conversion_livox	    747	10.673470	(00.014288 +- 00.001316)	[00.010098,00.032580]
01_filter          	    746	00.244078	(00.000327 +- 00.000031)	[00.000146,00.003050]
02_preint          	    744	00.043349	(00.000058 +- 00.000009)	[00.000034,00.000104]
03_undistortion    	    744	00.641465	(00.000862 +- 00.000249)	[00.000110,00.003138]
04_sampling        	    744	00.455495	(00.000612 +- 00.000268)	[00.000078,00.007567]
05_registration    	    744	01.060746	(00.001426 +- 00.000891)	[00.000289,00.006570]
06_map             	    744	00.695227	(00.000934 +- 00.000163)	[00.000144,00.004319]
07_imu_opt         	    744	01.543046	(00.002074 +- 00.000752)	[00.000001,00.006245]
08_publish         	    744	08.519680	(00.011451 +- 00.002057)	[00.000684,00.035620]
step               	    746	13.276873	(00.017797 +- 00.003056)	[00.000316,00.051684]

INFO  Timings:
SM Timing
-----------
00_conversion_livox	    748	10.687626	(00.014288 +- 00.001312)	[00.010098,00.032580]
01_filter          	    747	00.244467	(00.000327 +- 00.000031)	[00.000146,00.003050]
02_preint          	    745	00.043409	(00.000058 +- 00.000009)	[00.000034,00.000104]
03_undistortion    	    745	00.642584	(00.000863 +- 00.000246)	[00.000110,00.003138]
04_sampling        	    745	00.456545	(00.000613 +- 00.000267)	[00.000078,00.007567]
05_registration    	    745	01.062859	(00.001427 +- 00.000879)	[00.000289,00.006570]
06_map             	    745	00.696492	(00.000935 +- 00.000160)	[00.000144,00.004319]
07_imu_opt         	    745	01.544809	(00.002074 +- 00.000750)	[00.000001,00.006245]
08_publish         	    745	08.537252	(00.011459 +- 00.002006)	[00.000684,00.035620]
step               	    747	13.302275	(00.017808 +- 00.002958)	[00.000316,00.051684]

INFO  Timings:
SM Timing
-----------
00_conversion_livox	    749	10.700800	(00.014287 +- 00.001329)	[00.010098,00.032580]
01_filter          	    748	00.244828	(00.000327 +- 00.000031)	[00.000146,00.003050]
02_preint          	    746	00.043463	(00.000058 +- 00.000009)	[00.000034,00.000104]
03_undistortion    	    746	00.643795	(00.000863 +- 00.000245)	[00.000110,00.003138]
04_sampling        	    746	00.457536	(00.000613 +- 00.000267)	[00.000078,00.007567]
05_registration    	    746	01.065122	(00.001428 +- 00.000876)	[00.000289,00.006570]
06_map             	    746	00.697691	(00.000935 +- 00.000159)	[00.000144,00.004319]
07_imu_opt         	    746	01.546458	(00.002073 +- 00.000751)	[00.000001,00.006245]
08_publish         	    746	08.554723	(00.011467 +- 00.001985)	[00.000684,00.035620]
step               	    748	13.327560	(00.017818 +- 00.002916)	[00.000316,00.051684]

INFO  Timings:
SM Timing
-----------
00_conversion_livox	    750	10.715133	(00.014287 +- 00.001311)	[00.010098,00.032580]
01_filter          	    749	00.245252	(00.000327 +- 00.000031)	[00.000146,00.003050]
02_preint          	    747	00.043530	(00.000058 +- 00.000009)	[00.000034,00.000104]
03_undistortion    	    747	00.645029	(00.000863 +- 00.000245)	[00.000110,00.003138]
04_sampling        	    747	00.458620	(00.000614 +- 00.000267)	[00.000078,00.007567]
05_registration    	    747	01.067408	(00.001429 +- 00.000825)	[00.000289,00.006570]
06_map             	    747	00.699047	(00.000936 +- 00.000158)	[00.000144,00.004319]
07_imu_opt         	    747	01.548616	(00.002073 +- 00.000750)	[00.000001,00.006245]
08_publish         	    747	08.575155	(00.011479 +- 00.002023)	[00.000684,00.035620]
step               	    749	13.356721	(00.017833 +- 00.002942)	[00.000316,00.051684]

INFO  Timings:
SM Timing
-----------
00_conversion_livox	    751	10.730641	(00.014288 +- 00.001306)	[00.010098,00.032580]
01_filter          	    750	00.245687	(00.000328 +- 00.000031)	[00.000146,00.003050]
02_preint          	    748	00.043595	(00.000058 +- 00.000009)	[00.000034,00.000104]
03_undistortion    	    748	00.646335	(00.000864 +- 00.000243)	[00.000110,00.003138]
04_sampling        	    748	00.459704	(00.000615 +- 00.000264)	[00.000078,00.007567]
05_registration    	    748	01.068995	(00.001429 +- 00.000825)	[00.000289,00.006570]
06_map             	    748	00.700544	(00.000937 +- 00.000159)	[00.000144,00.004319]
07_imu_opt         	    748	01.550458	(00.002073 +- 00.000750)	[00.000001,00.006245]
08_publish         	    748	08.594281	(00.011490 +- 00.002001)	[00.000684,00.035620]
step               	    750	13.383770	(00.017845 +- 00.002882)	[00.000316,00.051684]

INFO  Timings:
SM Timing
-----------
00_conversion_livox	    752	10.744931	(00.014288 +- 00.001308)	[00.010098,00.032580]
01_filter          	    751	00.246084	(00.000328 +- 00.000030)	[00.000146,00.003050]
02_preint          	    749	00.043648	(00.000058 +- 00.000009)	[00.000034,00.000104]
03_undistortion    	    749	00.647458	(00.000864 +- 00.000242)	[00.000110,00.003138]
04_sampling        	    749	00.460621	(00.000615 +- 00.000262)	[00.000078,00.007567]
05_registration    	    749	01.070596	(00.001429 +- 00.000829)	[00.000289,00.006570]
06_map             	    749	00.701932	(00.000937 +- 00.000155)	[00.000144,00.004319]
07_imu_opt         	    749	01.552258	(00.002072 +- 00.000751)	[00.000001,00.006245]
08_publish         	    749	08.612387	(00.011499 +- 00.001918)	[00.000684,00.035620]
step               	    751	13.409230	(00.017855 +- 00.002781)	[00.000316,00.051684]

INFO  Timings:
SM Timing
-----------
00_conversion_livox	    753	10.758301	(00.014287 +- 00.001317)	[00.010098,00.032580]
01_filter          	    752	00.246446	(00.000328 +- 00.000030)	[00.000146,00.003050]
02_preint          	    750	00.043707	(00.000058 +- 00.000009)	[00.000034,00.000104]
03_undistortion    	    750	00.648608	(00.000865 +- 00.000239)	[00.000110,00.003138]
04_sampling        	    750	00.461667	(00.000616 +- 00.000258)	[00.000078,00.007567]
05_registration    	    750	01.073404	(00.001431 +- 00.000831)	[00.000289,00.006570]
06_map             	    750	00.703213	(00.000938 +- 00.000146)	[00.000144,00.004319]
07_imu_opt         	    750	01.553957	(00.002072 +- 00.000753)	[00.000001,00.006245]
08_publish         	    750	08.631382	(00.011509 +- 00.001811)	[00.000684,00.035620]
step               	    752	13.436732	(00.017868 +- 00.002640)	[00.000316,00.051684]

INFO  Timings:
SM Timing
-----------
00_conversion_livox	    754	10.774825	(00.014290 +- 00.001341)	[00.010098,00.032580]
01_filter          	    753	00.247097	(00.000328 +- 00.000047)	[00.000146,00.003050]
02_preint          	    751	00.043795	(00.000058 +- 00.000009)	[00.000034,00.000104]
03_undistortion    	    751	00.650171	(00.000866 +- 00.000218)	[00.000110,00.003138]
04_sampling        	    751	00.462975	(00.000616 +- 00.000259)	[00.000078,00.007567]
05_registration    	    751	01.076096	(00.001433 +- 00.000828)	[00.000289,00.006570]
06_map             	    751	00.705120	(00.000939 +- 00.000165)	[00.000144,00.004319]
07_imu_opt         	    751	01.556428	(00.002072 +- 00.000751)	[00.000001,00.006245]
08_publish         	    751	08.659436	(00.011531 +- 00.002268)	[00.000684,00.035620]
step               	    753	13.475608	(00.017896 +- 00.003119)	[00.000316,00.051684]

INFO  Timings:
SM Timing
-----------
00_conversion_livox	    755	10.796184	(00.014300 +- 00.001633)	[00.010098,00.032580]
01_filter          	    754	00.247779	(00.000329 +- 00.000061)	[00.000146,00.003050]
02_preint          	    752	00.043868	(00.000058 +- 00.000009)	[00.000034,00.000104]
03_undistortion    	    752	00.651477	(00.000866 +- 00.000218)	[00.000110,00.003138]
04_sampling        	    752	00.464271	(00.000617 +- 00.000260)	[00.000078,00.007567]
05_registration    	    752	01.079524	(00.001436 +- 00.000842)	[00.000289,00.006570]
06_map             	    752	00.706929	(00.000940 +- 00.000178)	[00.000144,00.004319]
07_imu_opt         	    752	01.558997	(00.002073 +- 00.000715)	[00.000001,00.006245]
08_publish         	    752	08.685670	(00.011550 +- 00.002488)	[00.000684,00.035620]
step               	    754	13.513149	(00.017922 +- 00.003453)	[00.000316,00.051684]

INFO  Timings:
SM Timing
-----------
00_conversion_livox	    756	10.814319	(00.014305 +- 00.001694)	[00.010098,00.032580]
01_filter          	    755	00.248243	(00.000329 +- 00.000061)	[00.000146,00.003050]
02_preint          	    753	00.043941	(00.000058 +- 00.000009)	[00.000034,00.000104]
03_undistortion    	    753	00.652768	(00.000867 +- 00.000217)	[00.000110,00.003138]
04_sampling        	    753	00.465669	(00.000618 +- 00.000263)	[00.000078,00.007567]
05_registration    	    753	01.083084	(00.001438 +- 00.000861)	[00.000289,00.006570]
06_map             	    753	00.708572	(00.000941 +- 00.000179)	[00.000144,00.004319]
07_imu_opt         	    753	01.561150	(00.002073 +- 00.000715)	[00.000001,00.006245]
08_publish         	    753	08.707959	(00.011564 +- 00.002504)	[00.000684,00.035620]
step               	    755	13.546126	(00.017942 +- 00.003503)	[00.000316,00.051684]

INFO  Timings:
SM Timing
-----------
00_conversion_livox	    757	10.830013	(00.014306 +- 00.001695)	[00.010098,00.032580]
01_filter          	    756	00.248677	(00.000329 +- 00.000061)	[00.000146,00.003050]
02_preint          	    754	00.044008	(00.000058 +- 00.000009)	[00.000034,00.000104]
03_undistortion    	    754	00.654075	(00.000867 +- 00.000213)	[00.000110,00.003138]
04_sampling        	    754	00.466713	(00.000619 +- 00.000259)	[00.000078,00.007567]
05_registration    	    754	01.086004	(00.001440 +- 00.000861)	[00.000289,00.006570]
06_map             	    754	00.710086	(00.000942 +- 00.000178)	[00.000144,00.004319]
07_imu_opt         	    754	01.563042	(00.002073 +- 00.000716)	[00.000001,00.006245]
08_publish         	    754	08.729063	(00.011577 +- 00.002505)	[00.000684,00.035620]
step               	    756	13.576516	(00.017958 +- 00.003483)	[00.000316,00.051684]

INFO  Timings:
SM Timing
-----------
00_conversion_livox	    758	10.846809	(00.014310 +- 00.001707)	[00.010098,00.032580]
01_filter          	    757	00.249131	(00.000329 +- 00.000061)	[00.000146,00.003050]
02_preint          	    755	00.044083	(00.000058 +- 00.000009)	[00.000034,00.000104]
03_undistortion    	    755	00.655327	(00.000868 +- 00.000213)	[00.000110,00.003138]
04_sampling        	    755	00.467926	(00.000620 +- 00.000259)	[00.000078,00.007567]
05_registration    	    755	01.089109	(00.001443 +- 00.000865)	[00.000289,00.006570]
06_map             	    755	00.711805	(00.000943 +- 00.000184)	[00.000144,00.004319]
07_imu_opt         	    755	01.565220	(00.002073 +- 00.000668)	[00.000001,00.006245]
08_publish         	    755	08.751090	(00.011591 +- 00.002544)	[00.000684,00.035620]
step               	    757	13.608619	(00.017977 +- 00.003543)	[00.000316,00.051684]

INFO  Timings:
SM Timing
-----------
00_conversion_livox	    759	10.862503	(00.014312 +- 00.001689)	[00.010098,00.032580]
01_filter          	    758	00.249548	(00.000329 +- 00.000061)	[00.000146,00.003050]
02_preint          	    756	00.044147	(00.000058 +- 00.000009)	[00.000034,00.000104]
03_undistortion    	    756	00.656532	(00.000868 +- 00.000213)	[00.000110,00.003138]
04_sampling        	    756	00.469037	(00.000620 +- 00.000136)	[00.000078,00.007567]
05_registration    	    756	01.091005	(00.001443 +- 00.000824)	[00.000289,00.006570]
06_map             	    756	00.713492	(00.000944 +- 00.000189)	[00.000144,00.004319]
07_imu_opt         	    756	01.567033	(00.002073 +- 00.000652)	[00.000001,00.006245]
08_publish         	    756	08.770296	(00.011601 +- 00.002530)	[00.000684,00.035620]
step               	    758	13.636245	(00.017990 +- 00.003413)	[00.000316,00.051684]

INFO  Timings:
SM Timing
-----------
00_conversion_livox	    760	10.876526	(00.014311 +- 00.001675)	[00.010098,00.032580]
01_filter          	    759	00.249955	(00.000329 +- 00.000060)	[00.000146,00.003050]
02_preint          	    757	00.044208	(00.000058 +- 00.000009)	[00.000034,00.000104]
03_undistortion    	    757	00.657734	(00.000869 +- 00.000213)	[00.000110,00.003138]
04_sampling        	    757	00.470153	(00.000621 +- 00.000136)	[00.000078,00.007567]
05_registration    	    757	01.092851	(00.001444 +- 00.000825)	[00.000289,00.006570]
06_map             	    757	00.714915	(00.000944 +- 00.000188)	[00.000144,00.004319]
07_imu_opt         	    757	01.568723	(00.002072 +- 00.000565)	[00.000001,00.006245]
08_publish         	    757	08.788610	(00.011610 +- 00.002530)	[00.000684,00.035620]
step               	    759	13.662422	(00.018001 +- 00.003411)	[00.000316,00.051684]

INFO  Timings:
SM Timing
-----------
00_conversion_livox	    761	10.891031	(00.014311 +- 00.001676)	[00.010098,00.032580]
01_filter          	    760	00.250420	(00.000330 +- 00.000061)	[00.000146,00.003050]
02_preint          	    758	00.044274	(00.000058 +- 00.000009)	[00.000034,00.000104]
03_undistortion    	    758	00.659125	(00.000870 +- 00.000215)	[00.000110,00.003138]
04_sampling        	    758	00.471206	(00.000622 +- 00.000136)	[00.000078,00.007567]
05_registration    	    758	01.094644	(00.001444 +- 00.000826)	[00.000289,00.006570]
06_map             	    758	00.716415	(00.000945 +- 00.000187)	[00.000144,00.004319]
07_imu_opt         	    758	01.571984	(00.002074 +- 00.000584)	[00.000001,00.006245]
08_publish         	    758	08.808135	(00.011620 +- 00.002505)	[00.000684,00.035620]
step               	    760	13.691577	(00.018015 +- 00.003376)	[00.000316,00.051684]

INFO  Timings:
SM Timing
-----------
00_conversion_livox	    762	10.904974	(00.014311 +- 00.001671)	[00.010098,00.032580]
01_filter          	    761	00.250817	(00.000330 +- 00.000061)	[00.000146,00.003050]
02_preint          	    759	00.044333	(00.000058 +- 00.000009)	[00.000034,00.000104]
03_undistortion    	    759	00.660428	(00.000870 +- 00.000214)	[00.000110,00.003138]
04_sampling        	    759	00.472190	(00.000622 +- 00.000134)	[00.000078,00.007567]
05_registration    	    759	01.097048	(00.001445 +- 00.000825)	[00.000289,00.006570]
06_map             	    759	00.717669	(00.000946 +- 00.000184)	[00.000144,00.004319]
07_imu_opt         	    759	01.573628	(00.002073 +- 00.000586)	[00.000001,00.006245]
08_publish         	    759	08.825234	(00.011627 +- 00.002474)	[00.000684,00.035620]
step               	    761	13.716839	(00.018025 +- 00.003348)	[00.000316,00.051684]

INFO  Timings:
SM Timing
-----------
00_conversion_livox	    763	10.918065	(00.014309 +- 00.001687)	[00.010098,00.032580]
01_filter          	    762	00.251211	(00.000330 +- 00.000061)	[00.000146,00.003050]
02_preint          	    760	00.044389	(00.000058 +- 00.000009)	[00.000034,00.000104]
03_undistortion    	    760	00.661521	(00.000870 +- 00.000159)	[00.000110,00.003138]
04_sampling        	    760	00.473127	(00.000623 +- 00.000132)	[00.000078,00.007567]
05_registration    	    760	01.099916	(00.001447 +- 00.000801)	[00.000289,00.006570]
06_map             	    760	00.718874	(00.000946 +- 00.000185)	[00.000144,00.004319]
07_imu_opt         	    760	01.575187	(00.002073 +- 00.000588)	[00.000001,00.006245]
08_publish         	    760	08.841817	(00.011634 +- 00.002492)	[00.000684,00.035620]
step               	    762	13.741600	(00.018034 +- 00.003366)	[00.000316,00.051684]

INFO  Timings:
SM Timing
-----------
00_conversion_livox	    764	10.931161	(00.014308 +- 00.001704)	[00.010098,00.032580]
01_filter          	    763	00.251587	(00.000330 +- 00.000061)	[00.000146,00.003050]
02_preint          	    761	00.044441	(00.000058 +- 00.000009)	[00.000034,00.000104]
03_undistortion    	    761	00.662609	(00.000871 +- 00.000158)	[00.000110,00.003138]
04_sampling        	    761	00.474150	(00.000623 +- 00.000131)	[00.000078,00.007567]
05_registration    	    761	01.101510	(00.001447 +- 00.000801)	[00.000289,00.006570]
06_map             	    761	00.720206	(00.000946 +- 00.000181)	[00.000144,00.004319]
07_imu_opt         	    761	01.577792	(00.002073 +- 00.000528)	[00.000001,00.006245]
08_publish         	    761	08.858864	(00.011641 +- 00.002490)	[00.000684,00.035620]
step               	    763	13.766807	(00.018043 +- 00.003375)	[00.000316,00.051684]

INFO  Timings:
SM Timing
-----------
00_conversion_livox	    765	10.945210	(00.014307 +- 00.001706)	[00.010098,00.032580]
01_filter          	    764	00.252017	(00.000330 +- 00.000061)	[00.000146,00.003050]
02_preint          	    762	00.044499	(00.000058 +- 00.000009)	[00.000034,00.000104]
03_undistortion    	    762	00.663860	(00.000871 +- 00.000158)	[00.000110,00.003138]
04_sampling        	    762	00.475124	(00.000624 +- 00.000132)	[00.000078,00.007567]
05_registration    	    762	01.104818	(00.001450 +- 00.000813)	[00.000289,00.006570]
06_map             	    762	00.721480	(00.000947 +- 00.000180)	[00.000144,00.004319]
07_imu_opt         	    762	01.579648	(00.002073 +- 00.000525)	[00.000001,00.006245]
08_publish         	    762	08.877642	(00.011650 +- 00.002457)	[00.000684,00.035620]
step               	    764	13.794852	(00.018056 +- 00.003343)	[00.000316,00.051684]

INFO  Timings:
SM Timing
-----------
00_conversion_livox	    766	10.959024	(00.014307 +- 00.001700)	[00.010098,00.032580]
01_filter          	    765	00.252430	(00.000330 +- 00.000060)	[00.000146,00.003050]
02_preint          	    763	00.044554	(00.000058 +- 00.000009)	[00.000034,00.000104]
03_undistortion    	    763	00.664962	(00.000872 +- 00.000159)	[00.000110,00.003138]
04_sampling        	    763	00.476118	(00.000624 +- 00.000130)	[00.000078,00.007567]
05_registration    	    763	01.106961	(00.001451 +- 00.000805)	[00.000289,00.006570]
06_map             	    763	00.722652	(00.000947 +- 00.000181)	[00.000144,00.004319]
07_imu_opt         	    763	01.581519	(00.002073 +- 00.000521)	[00.000001,00.006245]
08_publish         	    763	08.895613	(00.011659 +- 00.002408)	[00.000684,00.035620]
step               	    765	13.820676	(00.018066 +- 00.003265)	[00.000316,00.051684]

INFO  Timings:
SM Timing
-----------
00_conversion_livox	    767	10.972344	(00.014306 +- 00.001702)	[00.010098,00.032580]
01_filter          	    766	00.252821	(00.000330 +- 00.000060)	[00.000146,00.003050]
02_preint          	    764	00.044607	(00.000058 +- 00.000009)	[00.000034,00.000104]
03_undistortion    	    764	00.667087	(00.000873 +- 00.000204)	[00.000110,00.003138]
04_sampling        	    764	00.477223	(00.000625 +- 00.000128)	[00.000078,00.007567]
05_registration    	    764	01.109001	(00.001452 +- 00.000797)	[00.000289,00.006570]
06_map             	    764	00.723949	(00.000948 +- 00.000180)	[00.000144,00.004319]
07_imu_opt         	    764	01.583175	(00.002072 +- 00.000519)	[00.000001,00.006245]
08_publish         	    764	08.912808	(00.011666 +- 00.002389)	[00.000684,00.035620]
step               	    766	13.846663	(00.018077 +- 00.003262)	[00.000316,00.051684]

INFO  Timings:
SM Timing
-----------
00_conversion_livox	    768	10.985461	(00.014304 +- 00.001713)	[00.010098,00.032580]
01_filter          	    767	00.253207	(00.000330 +- 00.000060)	[00.000146,00.003050]
02_preint          	    765	00.044660	(00.000058 +- 00.000009)	[00.000034,00.000104]
03_undistortion    	    765	00.668248	(00.000874 +- 00.000204)	[00.000110,00.003138]
04_sampling        	    765	00.478261	(00.000625 +- 00.000124)	[00.000078,00.007567]
05_registration    	    765	01.111940	(00.001454 +- 00.000802)	[00.000289,00.006570]
06_map             	    765	00.725092	(00.000948 +- 00.000178)	[00.000144,00.004319]
07_imu_opt         	    765	01.584981	(00.002072 +- 00.000518)	[00.000001,00.006245]
08_publish         	    765	08.930080	(00.011673 +- 00.002348)	[00.000684,00.035620]
step               	    767	13.872528	(00.018087 +- 00.003209)	[00.000316,00.051684]

INFO  Timings:
SM Timing
-----------
00_conversion_livox	    769	10.998798	(00.014303 +- 00.001711)	[00.010098,00.032580]
01_filter          	    768	00.253580	(00.000330 +- 00.000060)	[00.000146,00.003050]
02_preint          	    766	00.044713	(00.000058 +- 00.000009)	[00.000034,00.000104]
03_undistortion    	    766	00.669369	(00.000874 +- 00.000202)	[00.000110,00.003138]
04_sampling        	    766	00.479251	(00.000626 +- 00.000123)	[00.000078,00.007567]
05_registration    	    766	01.115437	(00.001456 +- 00.000819)	[00.000289,00.006570]
06_map             	    766	00.726595	(00.000949 +- 00.000176)	[00.000144,00.004319]
07_imu_opt         	    766	01.587141	(00.002072 +- 00.000513)	[00.000001,00.006245]
08_publish         	    766	08.949899	(00.011684 +- 00.002297)	[00.000684,00.035620]
step               	    768	13.902146	(00.018102 +- 00.003145)	[00.000316,00.051684]

INFO  Timings:
SM Timing
-----------
00_conversion_livox	    770	11.014847	(00.014305 +- 00.001705)	[00.010098,00.032580]
01_filter          	    769	00.254030	(00.000330 +- 00.000059)	[00.000146,00.003050]
02_preint          	    767	00.044775	(00.000058 +- 00.000009)	[00.000034,00.000104]
03_undistortion    	    767	00.670652	(00.000874 +- 00.000197)	[00.000110,00.003138]
04_sampling        	    767	00.480468	(00.000626 +- 00.000122)	[00.000078,00.007567]
05_registration    	    767	01.117902	(00.001457 +- 00.000818)	[00.000289,00.006570]
06_map             	    767	00.728370	(00.000950 +- 00.000178)	[00.000144,00.004319]
07_imu_opt         	    767	01.591924	(00.002076 +- 00.000593)	[00.000001,00.006245]
08_publish         	    767	08.971480	(00.011697 +- 00.002275)	[00.000684,00.035620]
step               	    769	13.935891	(00.018122 +- 00.003240)	[00.000316,00.051684]

INFO  Timings:
SM Timing
-----------
00_conversion_livox	    771	11.030458	(00.014307 +- 00.001693)	[00.010098,00.032580]
01_filter          	    770	00.254469	(00.000330 +- 00.000059)	[00.000146,00.003050]
02_preint          	    768	00.044827	(00.000058 +- 00.000009)	[00.000034,00.000104]
03_undistortion    	    768	00.672012	(00.000875 +- 00.000196)	[00.000110,00.003138]
04_sampling        	    768	00.481395	(00.000627 +- 00.000124)	[00.000078,00.007567]
05_registration    	    768	01.119474	(00.001458 +- 00.000821)	[00.000289,00.006570]
06_map             	    768	00.729567	(00.000950 +- 00.000180)	[00.000144,00.004319]
07_imu_opt         	    768	01.594284	(00.002076 +- 00.000594)	[00.000001,00.006245]
08_publish         	    768	08.990690	(00.011707 +- 00.002265)	[00.000684,00.035620]
step               	    770	13.963099	(00.018134 +- 00.003221)	[00.000316,00.051684]

INFO  Timings:
SM Timing
-----------
00_conversion_livox	    772	11.044639	(00.014307 +- 00.001685)	[00.010098,00.032580]
01_filter          	    771	00.254880	(00.000331 +- 00.000059)	[00.000146,00.003050]
02_preint          	    769	00.044870	(00.000058 +- 00.000010)	[00.000034,00.000104]
03_undistortion    	    769	00.673243	(00.000875 +- 00.000195)	[00.000110,00.003138]
04_sampling        	    769	00.482598	(00.000628 +- 00.000119)	[00.000078,00.007567]
05_registration    	    769	01.121137	(00.001458 +- 00.000826)	[00.000289,00.006570]
06_map             	    769	00.730882	(00.000950 +- 00.000181)	[00.000144,00.004319]
07_imu_opt         	    769	01.596290	(00.002076 +- 00.000594)	[00.000001,00.006245]
08_publish         	    769	09.009189	(00.011715 +- 00.002247)	[00.000684,00.035620]
step               	    771	13.989559	(00.018145 +- 00.003205)	[00.000316,00.051684]

INFO  Timings:
SM Timing
-----------
00_conversion_livox	    773	11.059453	(00.014307 +- 00.001656)	[00.010098,00.032580]
01_filter          	    772	00.255287	(00.000331 +- 00.000059)	[00.000146,00.003050]
02_preint          	    770	00.044926	(00.000058 +- 00.000010)	[00.000034,00.000104]
03_undistortion    	    770	00.674517	(00.000876 +- 00.000195)	[00.000110,00.003138]
04_sampling        	    770	00.483612	(00.000628 +- 00.000119)	[00.000078,00.007567]
05_registration    	    770	01.124216	(00.001460 +- 00.000830)	[00.000289,00.006570]
06_map             	    770	00.732282	(00.000951 +- 00.000180)	[00.000144,00.004319]
07_imu_opt         	    770	01.600823	(00.002079 +- 00.000683)	[00.000001,00.006245]
08_publish         	    770	09.030511	(00.011728 +- 00.002266)	[00.000684,00.035620]
step               	    772	14.022740	(00.018164 +- 00.003292)	[00.000316,00.051684]

INFO  Timings:
SM Timing
-----------
00_conversion_livox	    774	11.075451	(00.014309 +- 00.001661)	[00.010098,00.032580]
01_filter          	    773	00.255712	(00.000331 +- 00.000058)	[00.000146,00.003050]
02_preint          	    771	00.044984	(00.000058 +- 00.000010)	[00.000034,00.000104]
03_undistortion    	    771	00.675758	(00.000876 +- 00.000194)	[00.000110,00.003138]
04_sampling        	    771	00.484584	(00.000629 +- 00.000120)	[00.000078,00.007567]
05_registration    	    771	01.126026	(00.001460 +- 00.000814)	[00.000289,00.006570]
06_map             	    771	00.733658	(00.000952 +- 00.000180)	[00.000144,00.004319]
07_imu_opt         	    771	01.603410	(00.002080 +- 00.000677)	[00.000001,00.006245]
08_publish         	    771	09.050580	(00.011739 +- 00.002263)	[00.000684,00.035620]
step               	    773	14.051367	(00.018178 +- 00.003292)	[00.000316,00.051684]

INFO  Timings:
SM Timing
-----------
00_conversion_livox	    775	11.090360	(00.014310 +- 00.001660)	[00.010098,00.032580]
01_filter          	    774	00.256124	(00.000331 +- 00.000058)	[00.000146,00.003050]
02_preint          	    772	00.045042	(00.000058 +- 00.000010)	[00.000034,00.000104]
03_undistortion    	    772	00.676964	(00.000877 +- 00.000192)	[00.000110,00.003138]
04_sampling        	    772	00.485506	(00.000629 +- 00.000117)	[00.000078,00.007567]
05_registration    	    772	01.128682	(00.001462 +- 00.000808)	[00.000289,00.006570]
06_map             	    772	00.735056	(00.000952 +- 00.000179)	[00.000144,00.004319]
07_imu_opt         	    772	01.605683	(00.002080 +- 00.000674)	[00.000001,00.006245]
08_publish         	    772	09.069508	(00.011748 +- 00.002262)	[00.000684,00.035620]
step               	    774	14.079352	(00.018190 +- 00.003274)	[00.000316,00.051684]

INFO  Timings:
SM Timing
-----------
00_conversion_livox	    776	11.104578	(00.014310 +- 00.001629)	[00.010098,00.032580]
01_filter          	    775	00.256510	(00.000331 +- 00.000058)	[00.000146,00.003050]
02_preint          	    773	00.045097	(00.000058 +- 00.000009)	[00.000034,00.000104]
03_undistortion    	    773	00.678143	(00.000877 +- 00.000175)	[00.000110,00.003138]
04_sampling        	    773	00.486505	(00.000629 +- 00.000117)	[00.000078,00.007567]
05_registration    	    773	01.130279	(00.001462 +- 00.000796)	[00.000289,00.006570]
06_map             	    773	00.736409	(00.000953 +- 00.000179)	[00.000144,00.004319]
07_imu_opt         	    773	01.609530	(00.002082 +- 00.000714)	[00.000001,00.006245]
08_publish         	    773	09.089102	(00.011758 +- 00.002221)	[00.000684,00.035620]
step               	    775	14.108461	(00.018204 +- 00.003198)	[00.000316,00.051684]

INFO  Timings:
SM Timing
-----------
00_conversion_livox	    777	11.120544	(00.014312 +- 00.001612)	[00.010098,00.032580]
01_filter          	    776	00.256956	(00.000331 +- 00.000058)	[00.000146,00.003050]
02_preint          	    774	00.045158	(00.000058 +- 00.000009)	[00.000034,00.000104]
03_undistortion    	    774	00.679487	(00.000878 +- 00.000174)	[00.000110,00.003138]
04_sampling        	    774	00.487613	(00.000630 +- 00.000117)	[00.000078,00.007567]
05_registration    	    774	01.132458	(00.001463 +- 00.000792)	[00.000289,00.006570]
06_map             	    774	00.737868	(00.000953 +- 00.000179)	[00.000144,00.004319]
07_imu_opt         	    774	01.612761	(00.002084 +- 00.000728)	[00.000001,00.006245]
08_publish         	    774	09.110144	(00.011770 +- 00.002237)	[00.000684,00.035620]
step               	    776	14.139427	(00.018221 +- 00.003222)	[00.000316,00.051684]

INFO  Timings:
SM Timing
-----------
00_conversion_livox	    778	11.135458	(00.014313 +- 00.001612)	[00.010098,00.032580]
01_filter          	    777	00.257400	(00.000331 +- 00.000057)	[00.000146,00.003050]
02_preint          	    775	00.045213	(00.000058 +- 00.000009)	[00.000034,00.000104]
03_undistortion    	    775	00.680697	(00.000878 +- 00.000170)	[00.000110,00.003138]
04_sampling        	    775	00.488675	(00.000631 +- 00.000115)	[00.000078,00.007567]
05_registration    	    775	01.134644	(00.001464 +- 00.000789)	[00.000289,00.006570]
06_map             	    775	00.739047	(00.000954 +- 00.000180)	[00.000144,00.004319]
07_imu_opt         	    775	01.614409	(00.002083 +- 00.000730)	[00.000001,00.006245]
08_publish         	    775	09.129060	(00.011779 +- 00.002221)	[00.000684,00.035620]
step               	    777	14.166195	(00.018232 +- 00.003196)	[00.000316,00.051684]

INFO  Timings:
SM Timing
-----------
00_conversion_livox	    779	11.149699	(00.014313 +- 00.001613)	[00.010098,00.032580]
01_filter          	    778	00.257784	(00.000331 +- 00.000058)	[00.000146,00.003050]
02_preint          	    776	00.045275	(00.000058 +- 00.000009)	[00.000034,00.000104]
03_undistortion    	    776	00.681916	(00.000879 +- 00.000170)	[00.000110,00.003138]
04_sampling        	    776	00.489633	(00.000631 +- 00.000115)	[00.000078,00.007567]
05_registration    	    776	01.136328	(00.001464 +- 00.000792)	[00.000289,00.006570]
06_map             	    776	00.740250	(00.000954 +- 00.000183)	[00.000144,00.004319]
07_imu_opt         	    776	01.618189	(00.002085 +- 00.000760)	[00.000001,00.006245]
08_publish         	    776	09.147153	(00.011788 +- 00.002227)	[00.000684,00.035620]
step               	    778	14.193665	(00.018244 +- 00.003193)	[00.000316,00.051684]

INFO  Timings:
SM Timing
-----------
00_conversion_livox	    780	11.163542	(00.014312 +- 00.001588)	[00.010098,00.032580]
01_filter          	    779	00.258184	(00.000331 +- 00.000057)	[00.000146,00.003050]
02_preint          	    777	00.045333	(00.000058 +- 00.000008)	[00.000034,00.000104]
03_undistortion    	    777	00.683162	(00.000879 +- 00.000170)	[00.000110,00.003138]
04_sampling        	    777	00.490694	(00.000632 +- 00.000115)	[00.000078,00.007567]
05_registration    	    777	01.138149	(00.001465 +- 00.000789)	[00.000289,00.006570]
06_map             	    777	00.741574	(00.000954 +- 00.000183)	[00.000144,00.004319]
07_imu_opt         	    777	01.621199	(00.002086 +- 00.000767)	[00.000001,00.006245]
08_publish         	    777	09.167169	(00.011798 +- 00.002218)	[00.000684,00.035620]
step               	    779	14.222706	(00.018258 +- 00.003192)	[00.000316,00.051684]

INFO  Timings:
SM Timing
-----------
00_conversion_livox	    781	11.179596	(00.014314 +- 00.001586)	[00.010098,00.032580]
01_filter          	    780	00.258639	(00.000332 +- 00.000057)	[00.000146,00.003050]
02_preint          	    778	00.045418	(00.000058 +- 00.000009)	[00.000034,00.000104]
03_undistortion    	    778	00.684435	(00.000880 +- 00.000169)	[00.000110,00.003138]
04_sampling        	    778	00.491836	(00.000632 +- 00.000115)	[00.000078,00.007567]
05_registration    	    778	01.141139	(00.001467 +- 00.000644)	[00.000289,00.006570]
06_map             	    778	00.742917	(00.000955 +- 00.000183)	[00.000144,00.004319]
07_imu_opt         	    778	01.625581	(00.002089 +- 00.000821)	[00.000001,00.006245]
08_publish         	    778	09.187340	(00.011809 +- 00.002218)	[00.000684,00.035620]
step               	    780	14.254660	(00.018275 +- 00.003192)	[00.000316,00.051684]

INFO  Timings:
SM Timing
-----------
00_conversion_livox	    782	11.193877	(00.014314 +- 00.001548)	[00.010098,00.032580]
01_filter          	    781	00.259042	(00.000332 +- 00.000057)	[00.000146,00.003050]
02_preint          	    779	00.045469	(00.000058 +- 00.000009)	[00.000034,00.000104]
03_undistortion    	    779	00.685528	(00.000880 +- 00.000169)	[00.000110,00.003138]
04_sampling        	    779	00.492835	(00.000633 +- 00.000107)	[00.000078,00.007567]
05_registration    	    779	01.142452	(00.001467 +- 00.000654)	[00.000289,00.006570]
06_map             	    779	00.744071	(00.000955 +- 00.000181)	[00.000144,00.004319]
07_imu_opt         	    779	01.627144	(00.002089 +- 00.000827)	[00.000001,00.006245]
08_publish         	    779	09.204494	(00.011816 +- 00.002232)	[00.000684,00.035620]
step               	    781	14.278474	(00.018282 +- 00.003245)	[00.000316,00.051684]

INFO  Timings:
SM Timing
-----------
00_conversion_livox	    783	11.206960	(00.014313 +- 00.001547)	[00.010098,00.032580]
01_filter          	    782	00.259435	(00.000332 +- 00.000057)	[00.000146,00.003050]
02_preint          	    780	00.045518	(00.000058 +- 00.000009)	[00.000034,00.000104]
03_undistortion    	    780	00.686626	(00.000880 +- 00.000170)	[00.000110,00.003138]
04_sampling        	    780	00.493820	(00.000633 +- 00.000107)	[00.000078,00.007567]
05_registration    	    780	01.144263	(00.001467 +- 00.000656)	[00.000289,00.006570]
06_map             	    780	00.745419	(00.000956 +- 00.000180)	[00.000144,00.004319]
07_imu_opt         	    780	01.629792	(00.002089 +- 00.000827)	[00.000001,00.006245]
08_publish         	    780	09.221137	(00.011822 +- 00.002248)	[00.000684,00.035620]
step               	    782	14.303521	(00.018291 +- 00.003265)	[00.000316,00.051684]

INFO  Timings:
SM Timing
-----------
00_conversion_livox	    784	11.220043	(00.014311 +- 00.001552)	[00.010098,00.032580]
01_filter          	    783	00.259790	(00.000332 +- 00.000058)	[00.000146,00.003050]
02_preint          	    781	00.045568	(00.000058 +- 00.000009)	[00.000034,00.000104]
03_undistortion    	    781	00.687707	(00.000881 +- 00.000159)	[00.000110,00.003138]
04_sampling        	    781	00.495023	(00.000634 +- 00.000109)	[00.000078,00.007567]
05_registration    	    781	01.146310	(00.001468 +- 00.000656)	[00.000289,00.006570]
06_map             	    781	00.746684	(00.000956 +- 00.000181)	[00.000144,00.004319]
07_imu_opt         	    781	01.631463	(00.002089 +- 00.000828)	[00.000001,00.006245]
08_publish         	    781	09.239106	(00.011830 +- 00.002250)	[00.000684,00.035620]
step               	    783	14.329234	(00.018300 +- 00.003274)	[00.000316,00.051684]

INFO  Timings:
SM Timing
-----------
00_conversion_livox	    785	11.234696	(00.014312 +- 00.001550)	[00.010098,00.032580]
01_filter          	    784	00.260237	(00.000332 +- 00.000058)	[00.000146,00.003050]
02_preint          	    782	00.045617	(00.000058 +- 00.000009)	[00.000034,00.000104]
03_undistortion    	    782	00.688919	(00.000881 +- 00.000159)	[00.000110,00.003138]
04_sampling        	    782	00.496051	(00.000634 +- 00.000109)	[00.000078,00.007567]
05_registration    	    782	01.147850	(00.001468 +- 00.000658)	[00.000289,00.006570]
06_map             	    782	00.747993	(00.000957 +- 00.000181)	[00.000144,00.004319]
07_imu_opt         	    782	01.635161	(00.002091 +- 00.000837)	[00.000001,00.006245]
08_publish         	    782	09.256980	(00.011838 +- 00.002245)	[00.000684,00.035620]
step               	    784	14.356501	(00.018312 +- 00.003271)	[00.000316,00.051684]

INFO  Timings:
SM Timing
-----------
00_conversion_livox	    786	11.247827	(00.014310 +- 00.001563)	[00.010098,00.032580]
01_filter          	    785	00.260601	(00.000332 +- 00.000058)	[00.000146,00.003050]
02_preint          	    783	00.045669	(00.000058 +- 00.000009)	[00.000034,00.000104]
03_undistortion    	    783	00.690030	(00.000881 +- 00.000160)	[00.000110,00.003138]
04_sampling        	    783	00.497006	(00.000635 +- 00.000109)	[00.000078,00.007567]
05_registration    	    783	01.150061	(00.001469 +- 00.000657)	[00.000289,00.006570]
06_map             	    783	00.749497	(00.000957 +- 00.000182)	[00.000144,00.004319]
07_imu_opt         	    783	01.636713	(00.002090 +- 00.000840)	[00.000001,00.006245]
08_publish         	    783	09.273929	(00.011844 +- 00.002257)	[00.000684,00.035620]
step               	    785	14.381282	(00.018320 +- 00.003299)	[00.000316,00.051684]

INFO  Timings:
SM Timing
-----------
00_conversion_livox	    787	11.260921	(00.014309 +- 00.001543)	[00.010098,00.032580]
01_filter          	    786	00.260975	(00.000332 +- 00.000059)	[00.000146,00.003050]
02_preint          	    784	00.045720	(00.000058 +- 00.000009)	[00.000034,00.000104]
03_undistortion    	    784	00.691159	(00.000882 +- 00.000160)	[00.000110,00.003138]
04_sampling        	    784	00.497866	(00.000635 +- 00.000112)	[00.000078,00.007567]
05_registration    	    784	01.151775	(00.001469 +- 00.000661)	[00.000289,00.006570]
06_map             	    784	00.750757	(00.000958 +- 00.000175)	[00.000144,00.004319]
07_imu_opt         	    784	01.638240	(00.002090 +- 00.000846)	[00.000001,00.006245]
08_publish         	    784	09.290646	(00.011850 +- 00.002279)	[00.000684,00.035620]
step               	    786	14.405004	(00.018327 +- 00.003347)	[00.000316,00.051684]

INFO  Timings:
SM Timing
-----------
00_conversion_livox	    788	11.274021	(00.014307 +- 00.001549)	[00.010098,00.032580]
01_filter          	    787	00.261359	(00.000332 +- 00.000059)	[00.000146,00.003050]
02_preint          	    785	00.045777	(00.000058 +- 00.000009)	[00.000034,00.000104]
03_undistortion    	    785	00.692344	(00.000882 +- 00.000159)	[00.000110,00.003138]
04_sampling        	    785	00.498766	(00.000635 +- 00.000114)	[00.000078,00.007567]
05_registration    	    785	01.153691	(00.001470 +- 00.000649)	[00.000289,00.006570]
06_map             	    785	00.751951	(00.000958 +- 00.000176)	[00.000144,00.004319]
07_imu_opt         	    785	01.639793	(00.002089 +- 00.000848)	[00.000001,00.006245]
08_publish         	    785	09.307749	(00.011857 +- 00.002274)	[00.000684,00.035620]
step               	    787	14.429368	(00.018335 +- 00.003334)	[00.000316,00.051684]

INFO  Timings:
SM Timing
-----------
00_conversion_livox	    789	11.288208	(00.014307 +- 00.001544)	[00.010098,00.032580]
01_filter          	    788	00.261817	(00.000332 +- 00.000059)	[00.000146,00.003050]
02_preint          	    786	00.045859	(00.000058 +- 00.000009)	[00.000034,00.000104]
03_undistortion    	    786	00.693696	(00.000883 +- 00.000160)	[00.000110,00.003138]
04_sampling        	    786	00.499817	(00.000636 +- 00.000111)	[00.000078,00.007567]
05_registration    	    786	01.155371	(00.001470 +- 00.000645)	[00.000289,00.006570]
06_map             	    786	00.753295	(00.000958 +- 00.000176)	[00.000144,00.004319]
07_imu_opt         	    786	01.642919	(00.002090 +- 00.000847)	[00.000001,00.006245]
08_publish         	    786	09.327244	(00.011867 +- 00.002251)	[00.000684,00.035620]
step               	    788	14.458054	(00.018348 +- 00.003283)	[00.000316,00.051684]

INFO  Timings:
SM Timing
-----------
00_conversion_livox	    790	11.302593	(00.014307 +- 00.001533)	[00.010098,00.032580]
01_filter          	    789	00.262239	(00.000332 +- 00.000059)	[00.000146,00.003050]
02_preint          	    787	00.045912	(00.000058 +- 00.000009)	[00.000034,00.000104]
03_undistortion    	    787	00.694922	(00.000883 +- 00.000160)	[00.000110,00.003138]
04_sampling        	    787	00.500787	(00.000636 +- 00.000110)	[00.000078,00.007567]
05_registration    	    787	01.156817	(00.001470 +- 00.000604)	[00.000289,00.006570]
06_map             	    787	00.754657	(00.000959 +- 00.000174)	[00.000144,00.004319]
07_imu_opt         	    787	01.644573	(00.002090 +- 00.000850)	[00.000001,00.006245]
08_publish         	    787	09.344991	(00.011874 +- 00.002244)	[00.000684,00.035620]
step               	    789	14.483038	(00.018356 +- 00.003305)	[00.000316,00.051684]

INFO  Timings:
SM Timing
-----------
00_conversion_livox	    791	11.316173	(00.014306 +- 00.001527)	[00.010098,00.032580]
01_filter          	    790	00.262607	(00.000332 +- 00.000059)	[00.000146,00.003050]
02_preint          	    788	00.045955	(00.000058 +- 00.000009)	[00.000034,00.000104]
03_undistortion    	    788	00.696044	(00.000883 +- 00.000159)	[00.000110,00.003138]
04_sampling        	    788	00.501647	(00.000637 +- 00.000113)	[00.000078,00.007567]
05_registration    	    788	01.158785	(00.001471 +- 00.000595)	[00.000289,00.006570]
06_map             	    788	00.755881	(00.000959 +- 00.000174)	[00.000144,00.004319]
07_imu_opt         	    788	01.646154	(00.002089 +- 00.000850)	[00.000001,00.006245]
08_publish         	    788	09.362140	(00.011881 +- 00.002236)	[00.000684,00.035620]
step               	    790	14.507432	(00.018364 +- 00.003283)	[00.000316,00.051684]

INFO  Timings:
SM Timing
-----------
00_conversion_livox	    792	11.329260	(00.014305 +- 00.001524)	[00.010098,00.032580]
01_filter          	    791	00.263002	(00.000332 +- 00.000059)	[00.000146,00.003050]
02_preint          	    789	00.046007	(00.000058 +- 00.000010)	[00.000034,00.000104]
03_undistortion    	    789	00.697209	(00.000884 +- 00.000159)	[00.000110,00.003138]
04_sampling        	    789	00.502610	(00.000637 +- 00.000112)	[00.000078,00.007567]
05_registration    	    789	01.160086	(00.001470 +- 00.000607)	[00.000289,00.006570]
06_map             	    789	00.757226	(00.000960 +- 00.000174)	[00.000144,00.004319]
07_imu_opt         	    789	01.647692	(00.002088 +- 00.000849)	[00.000001,00.006245]
08_publish         	    789	09.379850	(00.011888 +- 00.002218)	[00.000684,00.035620]
step               	    791	14.531994	(00.018372 +- 00.003275)	[00.000316,00.051684]

INFO  Timings:
SM Timing
-----------
00_conversion_livox	    793	11.344300	(00.014306 +- 00.001520)	[00.010098,00.032580]
01_filter          	    792	00.263440	(00.000333 +- 00.000058)	[00.000146,00.003050]
02_preint          	    790	00.046070	(00.000058 +- 00.000010)	[00.000034,00.000104]
03_undistortion    	    790	00.698898	(00.000885 +- 00.000172)	[00.000110,00.003138]
04_sampling        	    790	00.503772	(00.000638 +- 00.000114)	[00.000078,00.007567]
05_registration    	    790	01.162095	(00.001471 +- 00.000608)	[00.000289,00.006570]
06_map             	    790	00.758856	(00.000961 +- 00.000178)	[00.000144,00.004319]
07_imu_opt         	    790	01.649698	(00.002088 +- 00.000847)	[00.000001,00.006245]
08_publish         	    790	09.401790	(00.011901 +- 00.002254)	[00.000684,00.035620]
step               	    792	14.563013	(00.018388 +- 00.003304)	[00.000316,00.051684]

INFO  Timings:
SM Timing
-----------
00_conversion_livox	    794	11.361977	(00.014310 +- 00.001581)	[00.010098,00.032580]
01_filter          	    793	00.263948	(00.000333 +- 00.000060)	[00.000146,00.003050]
02_preint          	    791	00.046141	(00.000058 +- 00.000010)	[00.000034,00.000104]
03_undistortion    	    791	00.700268	(00.000885 +- 00.000173)	[00.000110,00.003138]
04_sampling        	    791	00.505010	(00.000638 +- 00.000117)	[00.000078,00.007567]
05_registration    	    791	01.163746	(00.001471 +- 00.000608)	[00.000289,00.006570]
06_map             	    791	00.760562	(00.000962 +- 00.000182)	[00.000144,00.004319]
07_imu_opt         	    791	01.651999	(00.002088 +- 00.000844)	[00.000001,00.006245]
08_publish         	    791	09.424080	(00.011914 +- 00.002291)	[00.000684,00.035620]
step               	    793	14.594264	(00.018404 +- 00.003320)	[00.000316,00.051684]

INFO  Timings:
SM Timing
-----------
00_conversion_livox	    795	11.378914	(00.014313 +- 00.001602)	[00.010098,00.032580]
01_filter          	    794	00.264344	(00.000333 +- 00.000060)	[00.000146,00.003050]
02_preint          	    792	00.046215	(00.000058 +- 00.000010)	[00.000034,00.000104]
03_undistortion    	    792	00.701365	(00.000886 +- 00.000174)	[00.000110,00.003138]
04_sampling        	    792	00.506449	(00.000639 +- 00.000128)	[00.000078,00.007567]
05_registration    	    792	01.165572	(00.001472 +- 00.000603)	[00.000289,00.006570]
06_map             	    792	00.762230	(00.000962 +- 00.000185)	[00.000144,00.004319]
07_imu_opt         	    792	01.654142	(00.002089 +- 00.000835)	[00.000001,00.006245]
08_publish         	    792	09.445991	(00.011927 +- 00.002300)	[00.000684,00.035620]
step               	    794	14.624946	(00.018419 +- 00.003328)	[00.000316,00.051684]

INFO  Timings:
SM Timing
-----------
00_conversion_livox	    796	11.395324	(00.014316 +- 00.001606)	[00.010098,00.032580]
01_filter          	    795	00.264742	(00.000333 +- 00.000059)	[00.000146,00.003050]
02_preint          	    793	00.046287	(00.000058 +- 00.000010)	[00.000034,00.000104]
03_undistortion    	    793	00.702562	(00.000886 +- 00.000171)	[00.000110,00.003138]
04_sampling        	    793	00.507626	(00.000640 +- 00.000128)	[00.000078,00.007567]
05_registration    	    793	01.167312	(00.001472 +- 00.000603)	[00.000289,00.006570]
06_map             	    793	00.763636	(00.000963 +- 00.000185)	[00.000144,00.004319]
07_imu_opt         	    793	01.656103	(00.002088 +- 00.000834)	[00.000001,00.006245]
08_publish         	    793	09.466136	(00.011937 +- 00.002302)	[00.000684,00.035620]
step               	    795	14.653155	(00.018432 +- 00.003325)	[00.000316,00.051684]

INFO  Timings:
SM Timing
-----------
00_conversion_livox	    797	11.409978	(00.014316 +- 00.001602)	[00.010098,00.032580]
01_filter          	    796	00.265126	(00.000333 +- 00.000060)	[00.000146,00.003050]
02_preint          	    794	00.046349	(00.000058 +- 00.000010)	[00.000034,00.000104]
03_undistortion    	    794	00.703639	(00.000886 +- 00.000173)	[00.000110,00.003138]
04_sampling        	    794	00.508949	(00.000641 +- 00.000132)	[00.000078,00.007567]
05_registration    	    794	01.169319	(00.001473 +- 00.000603)	[00.000289,00.006570]
06_map             	    794	00.765105	(00.000964 +- 00.000185)	[00.000144,00.004319]
07_imu_opt         	    794	01.657848	(00.002088 +- 00.000837)	[00.000001,00.006245]
08_publish         	    794	09.484233	(00.011945 +- 00.002308)	[00.000684,00.035620]
step               	    796	14.679420	(00.018441 +- 00.003335)	[00.000316,00.051684]

INFO  Timings:
SM Timing
-----------
00_conversion_livox	    798	11.423288	(00.014315 +- 00.001612)	[00.010098,00.032580]
01_filter          	    797	00.265505	(00.000333 +- 00.000060)	[00.000146,00.003050]
02_preint          	    795	00.046413	(00.000058 +- 00.000010)	[00.000034,00.000104]
03_undistortion    	    795	00.704737	(00.000886 +- 00.000173)	[00.000110,00.003138]
04_sampling        	    795	00.509844	(00.000641 +- 00.000134)	[00.000078,00.007567]
05_registration    	    795	01.171005	(00.001473 +- 00.000607)	[00.000289,00.006570]
06_map             	    795	00.766573	(00.000964 +- 00.000184)	[00.000144,00.004319]
07_imu_opt         	    795	01.659540	(00.002087 +- 00.000838)	[00.000001,00.006245]
08_publish         	    795	09.501760	(00.011952 +- 00.002309)	[00.000684,00.035620]
step               	    797	14.704808	(00.018450 +- 00.003335)	[00.000316,00.051684]

INFO  Timings:
SM Timing
-----------
00_conversion_livox	    799	11.436519	(00.014314 +- 00.001611)	[00.010098,00.032580]
01_filter          	    798	00.265885	(00.000333 +- 00.000059)	[00.000146,00.003050]
02_preint          	    796	00.046471	(00.000058 +- 00.000010)	[00.000034,00.000104]
03_undistortion    	    796	00.705822	(00.000887 +- 00.000174)	[00.000110,00.003138]
04_sampling        	    796	00.510720	(00.000642 +- 00.000136)	[00.000078,00.007567]
05_registration    	    796	01.172196	(00.001473 +- 00.000621)	[00.000289,00.006570]
06_map             	    796	00.767762	(00.000965 +- 00.000185)	[00.000144,00.004319]
07_imu_opt         	    796	01.661229	(00.002087 +- 00.000837)	[00.000001,00.006245]
08_publish         	    796	09.519364	(00.011959 +- 00.002307)	[00.000684,00.035620]
step               	    798	14.728986	(00.018457 +- 00.003357)	[00.000316,00.051684]

INFO  Timings:
SM Timing
-----------
00_conversion_livox	    800	11.449667	(00.014312 +- 00.001625)	[00.010098,00.032580]
01_filter          	    799	00.266274	(00.000333 +- 00.000060)	[00.000146,00.003050]
02_preint          	    797	00.046532	(00.000058 +- 00.000010)	[00.000034,00.000104]
03_undistortion    	    797	00.707083	(00.000887 +- 00.000174)	[00.000110,00.003138]
04_sampling        	    797	00.511645	(00.000642 +- 00.000138)	[00.000078,00.007567]
05_registration    	    797	01.174549	(00.001474 +- 00.000622)	[00.000289,00.006570]
06_map             	    797	00.769188	(00.000965 +- 00.000184)	[00.000144,00.004319]
07_imu_opt         	    797	01.662896	(00.002086 +- 00.000842)	[00.000001,00.006245]
08_publish         	    797	09.537862	(00.011967 +- 00.002303)	[00.000684,00.035620]
step               	    799	14.755683	(00.018468 +- 00.003358)	[00.000316,00.051684]

INFO  Timings:
SM Timing
-----------
00_conversion_livox	    801	11.464945	(00.014313 +- 00.001623)	[00.010098,00.032580]
01_filter          	    800	00.266735	(00.000333 +- 00.000060)	[00.000146,00.003050]
02_preint          	    798	00.046609	(00.000058 +- 00.000010)	[00.000034,00.000104]
03_undistortion    	    798	00.708472	(00.000888 +- 00.000175)	[00.000110,00.003138]
04_sampling        	    798	00.512769	(00.000643 +- 00.000138)	[00.000078,00.007567]
05_registration    	    798	01.176025	(00.001474 +- 00.000624)	[00.000289,00.006570]
06_map             	    798	00.770551	(00.000966 +- 00.000184)	[00.000144,00.004319]
07_imu_opt         	    798	01.664875	(00.002086 +- 00.000841)	[00.000001,00.006245]
08_publish         	    798	09.558818	(00.011978 +- 00.002316)	[00.000684,00.035620]
step               	    800	14.784612	(00.018481 +- 00.003358)	[00.000316,00.051684]

INFO  Timings:
SM Timing
-----------
00_conversion_livox	    802	11.479969	(00.014314 +- 00.001623)	[00.010098,00.032580]
01_filter          	    801	00.267169	(00.000334 +- 00.000060)	[00.000146,00.003050]
02_preint          	    799	00.046676	(00.000058 +- 00.000010)	[00.000034,00.000104]
03_undistortion    	    799	00.709548	(00.000888 +- 00.000176)	[00.000110,00.003138]
04_sampling        	    799	00.513732	(00.000643 +- 00.000137)	[00.000078,00.007567]
05_registration    	    799	01.178172	(00.001475 +- 00.000619)	[00.000289,00.006570]
06_map             	    799	00.772214	(00.000966 +- 00.000188)	[00.000144,00.004319]
07_imu_opt         	    799	01.666660	(00.002086 +- 00.000841)	[00.000001,00.006245]
08_publish         	    799	09.577320	(00.011987 +- 00.002312)	[00.000684,00.035620]
step               	    801	14.811348	(00.018491 +- 00.003343)	[00.000316,00.051684]

INFO  Timings:
SM Timing
-----------
00_conversion_livox	    803	11.493518	(00.014313 +- 00.001620)	[00.010098,00.032580]
01_filter          	    802	00.267550	(00.000334 +- 00.000059)	[00.000146,00.003050]
02_preint          	    800	00.046739	(00.000058 +- 00.000010)	[00.000034,00.000104]
03_undistortion    	    800	00.710585	(00.000888 +- 00.000178)	[00.000110,00.003138]
04_sampling        	    800	00.514777	(00.000643 +- 00.000137)	[00.000078,00.007567]
05_registration    	    800	01.179985	(00.001475 +- 00.000614)	[00.000289,00.006570]
06_map             	    800	00.773597	(00.000967 +- 00.000187)	[00.000144,00.004319]
07_imu_opt         	    800	01.668348	(00.002085 +- 00.000841)	[00.000001,00.006245]
08_publish         	    800	09.594906	(00.011994 +- 00.002324)	[00.000684,00.035620]
step               	    802	14.836417	(00.018499 +- 00.003369)	[00.000316,00.051684]

INFO  Timings:
SM Timing
-----------
00_conversion_livox	    804	11.506591	(00.014312 +- 00.001615)	[00.010098,00.032580]
01_filter          	    803	00.267947	(00.000334 +- 00.000050)	[00.000146,00.003050]
02_preint          	    801	00.046796	(00.000058 +- 00.000009)	[00.000034,00.000104]
03_undistortion    	    801	00.711612	(00.000888 +- 00.000174)	[00.000110,00.003138]
04_sampling        	    801	00.515651	(00.000644 +- 00.000135)	[00.000078,00.007567]
05_registration    	    801	01.181893	(00.001476 +- 00.000609)	[00.000289,00.006570]
06_map             	    801	00.774910	(00.000967 +- 00.000173)	[00.000144,00.004319]
07_imu_opt         	    801	01.670008	(00.002085 +- 00.000845)	[00.000001,00.006245]
08_publish         	    801	09.612459	(00.012001 +- 00.001968)	[00.000684,00.035620]
step               	    803	14.861310	(00.018507 +- 00.003015)	[00.000316,00.051684]

INFO  Timings:
SM Timing
-----------
00_conversion_livox	    805	11.520591	(00.014311 +- 00.001300)	[00.010098,00.032580]
01_filter          	    804	00.268390	(00.000334 +- 00.000033)	[00.000146,00.003050]
02_preint          	    802	00.046850	(00.000058 +- 00.000009)	[00.000034,00.000104]
03_undistortion    	    802	00.712859	(00.000889 +- 00.000174)	[00.000110,00.003138]
04_sampling        	    802	00.516611	(00.000644 +- 00.000131)	[00.000078,00.007567]
05_registration    	    802	01.184933	(00.001477 +- 00.000595)	[00.000289,00.006570]
06_map             	    802	00.776291	(00.000968 +- 00.000163)	[00.000144,00.004319]
07_imu_opt         	    802	01.673230	(00.002086 +- 00.000854)	[00.000001,00.006245]
08_publish         	    802	09.630769	(00.012008 +- 00.001683)	[00.000684,00.035620]
step               	    804	14.890080	(00.018520 +- 00.002674)	[00.000316,00.051684]

INFO  Timings:
SM Timing
-----------
00_conversion_livox	    806	11.533746	(00.014310 +- 00.001204)	[00.010098,00.032580]
01_filter          	    805	00.268769	(00.000334 +- 00.000032)	[00.000146,00.003050]
02_preint          	    803	00.046900	(00.000058 +- 00.000009)	[00.000034,00.000104]
03_undistortion    	    803	00.713924	(00.000889 +- 00.000175)	[00.000110,00.003138]
04_sampling        	    803	00.517496	(00.000644 +- 00.000123)	[00.000078,00.007567]
05_registration    	    803	01.186262	(00.001477 +- 00.000567)	[00.000289,00.006570]
06_map             	    803	00.777525	(00.000968 +- 00.000160)	[00.000144,00.004319]
07_imu_opt         	    803	01.674659	(00.002086 +- 00.000863)	[00.000001,00.006245]
08_publish         	    803	09.647484	(00.012014 +- 00.001639)	[00.000684,00.035620]
step               	    805	14.913250	(00.018526 +- 00.002628)	[00.000316,00.051684]

INFO  Timings:
SM Timing
-----------
00_conversion_livox	    807	11.546852	(00.014308 +- 00.001202)	[00.010098,00.032580]
01_filter          	    806	00.269153	(00.000334 +- 00.000032)	[00.000146,00.003050]
02_preint          	    804	00.046946	(00.000058 +- 00.000009)	[00.000034,00.000104]
03_undistortion    	    804	00.715122	(00.000889 +- 00.000175)	[00.000110,00.003138]
04_sampling        	    804	00.518543	(00.000645 +- 00.000123)	[00.000078,00.007567]
05_registration    	    804	01.187975	(00.001478 +- 00.000556)	[00.000289,00.006570]
06_map             	    804	00.778616	(00.000968 +- 00.000164)	[00.000144,00.004319]
07_imu_opt         	    804	01.676093	(00.002085 +- 00.000869)	[00.000001,00.006245]
08_publish         	    804	09.663963	(00.012020 +- 00.001636)	[00.000684,00.035620]
step               	    806	14.936739	(00.018532 +- 00.002645)	[00.000316,00.051684]

INFO  Timings:
SM Timing
-----------
00_conversion_livox	    808	11.559339	(00.014306 +- 00.001177)	[00.010098,00.032580]
01_filter          	    807	00.269546	(00.000334 +- 00.000032)	[00.000146,00.003050]
02_preint          	    805	00.046989	(00.000058 +- 00.000009)	[00.000034,00.000104]
03_undistortion    	    805	00.716292	(00.000890 +- 00.000175)	[00.000110,00.003138]
04_sampling        	    805	00.519666	(00.000646 +- 00.000121)	[00.000078,00.007567]
05_registration    	    805	01.190029	(00.001478 +- 00.000535)	[00.000289,00.006570]
06_map             	    805	00.779876	(00.000969 +- 00.000157)	[00.000144,00.004319]
07_imu_opt         	    805	01.677500	(00.002084 +- 00.000877)	[00.000001,00.006245]
08_publish         	    805	09.679918	(00.012025 +- 00.001609)	[00.000684,00.035620]
step               	    807	14.960213	(00.018538 +- 00.002601)	[00.000316,00.051684]

INFO  Timings:
SM Timing
-----------
00_conversion_livox	    809	11.572106	(00.014304 +- 00.001177)	[00.010098,00.032580]
01_filter          	    808	00.269937	(00.000334 +- 00.000032)	[00.000146,00.003050]
02_preint          	    806	00.047042	(00.000058 +- 00.000009)	[00.000034,00.000104]
03_undistortion    	    806	00.717521	(00.000890 +- 00.000175)	[00.000110,00.003138]
04_sampling        	    806	00.520643	(00.000646 +- 00.000121)	[00.000078,00.007567]
05_registration    	    806	01.191793	(00.001479 +- 00.000536)	[00.000289,00.006570]
06_map             	    806	00.781030	(00.000969 +- 00.000152)	[00.000144,00.004319]
07_imu_opt         	    806	01.679046	(00.002083 +- 00.000881)	[00.000001,00.006245]
08_publish         	    806	09.696514	(00.012030 +- 00.001630)	[00.000684,00.035620]
step               	    808	14.984014	(00.018545 +- 00.002638)	[00.000316,00.051684]

INFO  Timings:
SM Timing
-----------
00_conversion_livox	    810	11.585341	(00.014303 +- 00.001184)	[00.010098,00.032580]
01_filter          	    809	00.270314	(00.000334 +- 00.000032)	[00.000146,00.003050]
02_preint          	    807	00.047094	(00.000058 +- 00.000009)	[00.000034,00.000104]
03_undistortion    	    807	00.718689	(00.000891 +- 00.000175)	[00.000110,00.003138]
04_sampling        	    807	00.521641	(00.000646 +- 00.000121)	[00.000078,00.007567]
05_registration    	    807	01.193912	(00.001479 +- 00.000535)	[00.000289,00.006570]
06_map             	    807	00.782308	(00.000969 +- 00.000152)	[00.000144,00.004319]
07_imu_opt         	    807	01.680593	(00.002083 +- 00.000883)	[00.000001,00.006245]
08_publish         	    807	09.713183	(00.012036 +- 00.001651)	[00.000684,00.035620]
step               	    809	15.008305	(00.018552 +- 00.002663)	[00.000316,00.051684]

INFO  Timings:
SM Timing
-----------
00_conversion_livox	    811	11.598473	(00.014301 +- 00.001192)	[00.010098,00.032580]
01_filter          	    810	00.270734	(00.000334 +- 00.000031)	[00.000146,00.003050]
02_preint          	    808	00.047141	(00.000058 +- 00.000009)	[00.000034,00.000104]
03_undistortion    	    808	00.719888	(00.000891 +- 00.000173)	[00.000110,00.003138]
04_sampling        	    808	00.522698	(00.000647 +- 00.000121)	[00.000078,00.007567]
05_registration    	    808	01.195304	(00.001479 +- 00.000541)	[00.000289,00.006570]
06_map             	    808	00.783513	(00.000970 +- 00.000152)	[00.000144,00.004319]
07_imu_opt         	    808	01.682035	(00.002082 +- 00.000877)	[00.000001,00.006245]
08_publish         	    808	09.729976	(00.012042 +- 00.001661)	[00.000684,00.035620]
step               	    810	15.031948	(00.018558 +- 00.002682)	[00.000316,00.051684]

INFO  Timings:
SM Timing
-----------
00_conversion_livox	    812	11.611659	(00.014300 +- 00.001199)	[00.010098,00.032580]
01_filter          	    811	00.271113	(00.000334 +- 00.000031)	[00.000146,00.003050]
02_preint          	    809	00.047198	(00.000058 +- 00.000009)	[00.000034,00.000104]
03_undistortion    	    809	00.720961	(00.000891 +- 00.000174)	[00.000110,00.003138]
04_sampling        	    809	00.523569	(00.000647 +- 00.000123)	[00.000078,00.007567]
05_registration    	    809	01.197483	(00.001480 +- 00.000539)	[00.000289,00.006570]
06_map             	    809	00.784717	(00.000970 +- 00.000153)	[00.000144,00.004319]
07_imu_opt         	    809	01.683585	(00.002081 +- 00.000879)	[00.000001,00.006245]
08_publish         	    809	09.746946	(00.012048 +- 00.001663)	[00.000684,00.035620]
step               	    811	15.056333	(00.018565 +- 00.002695)	[00.000316,00.051684]

INFO  Timings:
SM Timing
-----------
00_conversion_livox	    813	11.625443	(00.014299 +- 00.001191)	[00.010098,00.032580]
01_filter          	    812	00.271521	(00.000334 +- 00.000031)	[00.000146,00.003050]
02_preint          	    810	00.047257	(00.000058 +- 00.000009)	[00.000034,00.000104]
03_undistortion    	    810	00.722269	(00.000892 +- 00.000174)	[00.000110,00.003138]
04_sampling        	    810	00.524543	(00.000648 +- 00.000122)	[00.000078,00.007567]
05_registration    	    810	01.198858	(00.001480 +- 00.000532)	[00.000289,00.006570]
06_map             	    810	00.785996	(00.000970 +- 00.000152)	[00.000144,00.004319]
07_imu_opt         	    810	01.685335	(00.002081 +- 00.000876)	[00.000001,00.006245]
08_publish         	    810	09.764949	(00.012055 +- 00.001643)	[00.000684,00.035620]
step               	    812	15.081573	(00.018573 +- 00.002688)	[00.000316,00.051684]

INFO  Timings:
SM Timing
-----------
00_conversion_livox	    814	11.638648	(00.014298 +- 00.001189)	[00.010098,00.032580]
01_filter          	    813	00.271922	(00.000334 +- 00.000031)	[00.000146,00.003050]
02_preint          	    811	00.047311	(00.000058 +- 00.000009)	[00.000034,00.000104]
03_undistortion    	    811	00.723679	(00.000892 +- 00.000175)	[00.000110,00.003138]
04_sampling        	    811	00.525487	(00.000648 +- 00.000123)	[00.000078,00.007567]
05_registration    	    811	01.201968	(00.001482 +- 00.000552)	[00.000289,00.006570]
06_map             	    811	00.787264	(00.000971 +- 00.000152)	[00.000144,00.004319]
07_imu_opt         	    811	01.686888	(00.002080 +- 00.000879)	[00.000001,00.006245]
08_publish         	    811	09.782325	(00.012062 +- 00.001638)	[00.000684,00.035620]
step               	    813	15.107791	(00.018583 +- 00.002680)	[00.000316,00.051684]

INFO  Timings:
SM Timing
-----------
00_conversion_livox	    815	11.651830	(00.014297 +- 00.001197)	[00.010098,00.032580]
01_filter          	    814	00.272308	(00.000335 +- 00.000031)	[00.000146,00.003050]
02_preint          	    812	00.047363	(00.000058 +- 00.000009)	[00.000034,00.000104]
03_undistortion    	    812	00.724809	(00.000893 +- 00.000175)	[00.000110,00.003138]
04_sampling        	    812	00.526337	(00.000648 +- 00.000125)	[00.000078,00.007567]
05_registration    	    812	01.204605	(00.001484 +- 00.000528)	[00.000289,00.006570]
06_map             	    812	00.788391	(00.000971 +- 00.000155)	[00.000144,00.004319]
07_imu_opt         	    812	01.688406	(00.002079 +- 00.000883)	[00.000001,00.006245]
08_publish         	    812	09.799093	(00.012068 +- 00.001655)	[00.000684,00.035620]
step               	    814	15.132360	(00.018590 +- 00.002692)	[00.000316,00.051684]

INFO  Timings:
SM Timing
-----------
00_conversion_livox	    816	11.664974	(00.014295 +- 00.001204)	[00.010098,00.032580]
01_filter          	    815	00.272703	(00.000335 +- 00.000031)	[00.000146,00.003050]
02_preint          	    813	00.047412	(00.000058 +- 00.000009)	[00.000034,00.000104]
03_undistortion    	    813	00.725950	(00.000893 +- 00.000175)	[00.000110,00.003138]
04_sampling        	    813	00.527223	(00.000648 +- 00.000126)	[00.000078,00.007567]
05_registration    	    813	01.206988	(00.001485 +- 00.000530)	[00.000289,00.006570]
06_map             	    813	00.789802	(00.000971 +- 00.000153)	[00.000144,00.004319]
07_imu_opt         	    813	01.689933	(00.002079 +- 00.000886)	[00.000001,00.006245]
08_publish         	    813	09.815726	(00.012073 +- 00.001673)	[00.000684,00.035620]
step               	    815	15.156864	(00.018597 +- 00.002708)	[00.000316,00.051684]

INFO  Timings:
SM Timing
-----------
00_conversion_livox	    817	11.678282	(00.014294 +- 00.001204)	[00.010098,00.032580]
01_filter          	    816	00.273089	(00.000335 +- 00.000031)	[00.000146,00.003050]
02_preint          	    814	00.047458	(00.000058 +- 00.000009)	[00.000034,00.000104]
03_undistortion    	    814	00.727051	(00.000893 +- 00.000118)	[00.000110,00.003138]
04_sampling        	    814	00.528045	(00.000649 +- 00.000129)	[00.000078,00.007567]
05_registration    	    814	01.208528	(00.001485 +- 00.000534)	[00.000289,00.006570]
06_map             	    814	00.791111	(00.000972 +- 00.000153)	[00.000144,00.004319]
07_imu_opt         	    814	01.691462	(00.002078 +- 00.000888)	[00.000001,00.006245]
08_publish         	    814	09.832536	(00.012079 +- 00.001679)	[00.000684,00.035620]
step               	    816	15.180491	(00.018604 +- 00.002741)	[00.000316,00.051684]

INFO  Timings:
SM Timing
-----------
00_conversion_livox	    818	11.691514	(00.014293 +- 00.001203)	[00.010098,00.032580]
01_filter          	    817	00.273469	(00.000335 +- 00.000031)	[00.000146,00.003050]
02_preint          	    815	00.047510	(00.000058 +- 00.000009)	[00.000034,00.000104]
03_undistortion    	    815	00.728257	(00.000894 +- 00.000118)	[00.000110,00.003138]
04_sampling        	    815	00.528959	(00.000649 +- 00.000130)	[00.000078,00.007567]
05_registration    	    815	01.209774	(00.001484 +- 00.000527)	[00.000289,00.006570]
06_map             	    815	00.792252	(00.000972 +- 00.000153)	[00.000144,00.004319]
07_imu_opt         	    815	01.692997	(00.002077 +- 00.000891)	[00.000001,00.006245]
08_publish         	    815	09.849180	(00.012085 +- 00.001690)	[00.000684,00.035620]
step               	    817	15.203697	(00.018609 +- 00.002781)	[00.000316,00.051684]

INFO  Timings:
SM Timing
-----------
00_conversion_livox	    819	11.704737	(00.014291 +- 00.001204)	[00.010098,00.032580]
01_filter          	    818	00.273849	(00.000335 +- 00.000031)	[00.000146,00.003050]
02_preint          	    816	00.047565	(00.000058 +- 00.000009)	[00.000034,00.000104]
03_undistortion    	    816	00.729409	(00.000894 +- 00.000118)	[00.000110,00.003138]
04_sampling        	    816	00.529994	(00.000650 +- 00.000130)	[00.000078,00.007567]
05_registration    	    816	01.211698	(00.001485 +- 00.000478)	[00.000289,00.006570]
06_map             	    816	00.793579	(00.000973 +- 00.000151)	[00.000144,00.004319]
07_imu_opt         	    816	01.694523	(00.002077 +- 00.000895)	[00.000001,00.006245]
08_publish         	    816	09.866160	(00.012091 +- 00.001688)	[00.000684,00.035620]
step               	    818	15.228158	(00.018616 +- 00.002764)	[00.000316,00.051684]

INFO  Timings:
SM Timing
-----------
00_conversion_livox	    820	11.718133	(00.014290 +- 00.001176)	[00.010098,00.032580]
01_filter          	    819	00.274251	(00.000335 +- 00.000030)	[00.000146,00.003050]
02_preint          	    817	00.047630	(00.000058 +- 00.000009)	[00.000034,00.000104]
03_undistortion    	    817	00.730542	(00.000894 +- 00.000118)	[00.000110,00.003138]
04_sampling        	    817	00.530884	(00.000650 +- 00.000127)	[00.000078,00.007567]
05_registration    	    817	01.212810	(00.001484 +- 00.000485)	[00.000289,00.006570]
06_map             	    817	00.794793	(00.000973 +- 00.000139)	[00.000144,00.004319]
07_imu_opt         	    817	01.696101	(00.002076 +- 00.000816)	[00.000001,00.006245]
08_publish         	    817	09.883612	(00.012097 +- 00.001627)	[00.000684,00.035620]
step               	    819	15.252113	(00.018623 +- 00.002586)	[00.000316,00.051684]

INFO  Timings:
SM Timing
-----------
00_conversion_livox	    821	11.731365	(00.014289 +- 00.001161)	[00.010098,00.032580]
01_filter          	    820	00.274676	(00.000335 +- 00.000030)	[00.000146,00.003050]
02_preint          	    818	00.047684	(00.000058 +- 00.000009)	[00.000034,00.000104]
03_undistortion    	    818	00.731751	(00.000895 +- 00.000115)	[00.000110,00.003138]
04_sampling        	    818	00.531884	(00.000650 +- 00.000127)	[00.000078,00.007567]
05_registration    	    818	01.216839	(00.001488 +- 00.000567)	[00.000289,00.006570]
06_map             	    818	00.796165	(00.000973 +- 00.000138)	[00.000144,00.004319]
07_imu_opt         	    818	01.697730	(00.002075 +- 00.000817)	[00.000001,00.006245]
08_publish         	    818	09.900529	(00.012103 +- 00.001631)	[00.000684,00.035620]
step               	    820	15.278849	(00.018633 +- 00.002584)	[00.000316,00.051684]

INFO  Done with for loop.
INFO  Bag closed
