INFO  Loading config from '/home/lc/algorithm_versa/src/BIEVR-LIO/results/round16_r3_parity/flatsurfaces_c1/config_used.yaml'.
INFO  Loading config from '/home/lc/algorithm_versa/src/BIEVR-LIO/config/sensor_configs/gamma.yaml'.
INFO  ================ BIEVR-LIO config ================
topics:
  pointcloud:           /livox/lidar
  imu:                  /livox/imu
max_num_threads:        automatic
lidar:
  min_range_m:          0.5
  max_range_m:          200
map:
  pixel_size_m:   0.05
  voxel_size_m:   0.5
  normal_tolerance_deg: 3
  max_size:             1500000
  smooth:               true
  weighted:             true
  frame:                odom
preprocess:
  downsample_res_m:     0.1
  informed_sampling:    true
optimization:
  huber_delta:          0.1
  img_residual:         true
  img_jacobian:         true
intensity (COIN-BIEVR):
  enabled:              true
  preprocessing:
    enabled:            true
    projection:         spherical
    image (w x h):      1024 x 64
    vertical_fov_deg:   77.2
    brightness_window:  41 x 7
    normalization_scale:140
    remove_lines:       false
    gaussian_blur:      false
    raw_intensity_scale:1
    use_ouster_lut:     false
  sampling:
    enabled:            true
    num_voxels:         100
    downsample_res_m:   0.1
    weak_eigen_ratio:   10
    normalize_eta:      true
    score_mode:         abs_components
  optimization:
    enabled:            true
    photometric_scale:  0.001
    shadow_diagnostics: false
    warmup_s:           10 (TBD safeguard)
imu:
  window_s:             10
  t_init:               0.2
  normalized:           -1
  frame:                imu
debug:
  publish_all_clouds:        false
  print_timing:         true
  print_debug:          false
  dashboard:            false
  log_path:             /home/lc/algorithm_versa/src/BIEVR-LIO/results/round16_r3_parity/flatsurfaces_c1/trajectory.tum
  intensity_diag_csv:   /home/lc/algorithm_versa/src/BIEVR-LIO/results/round16_r3_parity/flatsurfaces_c1/intensity.csv
  photo_diag_csv:       /home/lc/algorithm_versa/src/BIEVR-LIO/results/round16_r3_parity/flatsurfaces_c1/photo.csv
calibration (LiDAR -> IMU):
  T_I_L t:  [0.04165, 0.02326, -0.0284]
  T_I_L R:  [1, 0, 0, 0, 1, 0, 0, 0, 1]
==================================================
INFO  Logging to /home/lc/algorithm_versa/src/BIEVR-LIO/results/round16_r3_parity/flatsurfaces_c1/trajectory.tum
INFO  BiasInitializer: autodetected IMU as raw (mean |acc| = 9.74089).
INFO  Bias initialized:  -0.00168627 -0.000299897   -0.0657378   0.00216163  -0.00157831 -0.000646488
INFO  Initial Pitch: -178.531
INFO  Initial Roll: -179.739
INFO  Timings:
SM Timing
-----------
00_conversion_livox     	      5	00.050981	(00.010196 +- 00.000753)	[00.009541,00.011234]
01_filter               	      4	00.003670	(00.000917 +- 00.000945)	[00.000322,00.002554]
02_preint               	      2	00.000080	(00.000040 +- 00.000003)	[00.000037,00.000043]
02a_intensity_preprocess	      4	00.018721	(00.004680 +- 00.000692)	[00.004038,00.005849]
03_undistortion         	      2	00.009814	(00.004907 +- 00.003448)	[00.001459,00.008355]
04_sampling             	      1	00.000684	(00.000684 +- 00.000000)	[00.000684,00.000684]
04b_intensity_sampling  	      1	00.000888	(00.000888 +- 00.000000)	[00.000888,00.000888]
05_registration         	      1	00.003657	(00.003657 +- 00.000000)	[00.003657,00.003657]
06_map                  	      1	00.001526	(00.001526 +- 00.000000)	[00.001526,00.001526]
07_imu_opt              	      1	00.000006	(00.000006 +- 00.000000)	[00.000006,00.000006]
08_publish              	      1	00.015061	(00.015061 +- 00.000000)	[00.015061,00.015061]
step                    	      4	00.071971	(00.017993 +- 00.011443)	[00.006246,00.031002]

INFO  Timings:
SM Timing
-----------
00_conversion_livox     	      6	00.062827	(00.010471 +- 00.000923)	[00.009541,00.011847]
01_filter               	      5	00.004051	(00.000810 +- 00.000872)	[00.000322,00.002554]
02_preint               	      3	00.000116	(00.000039 +- 00.000003)	[00.000037,00.000043]
02a_intensity_preprocess	      5	00.022535	(00.004507 +- 00.000709)	[00.003814,00.005849]
03_undistortion         	      3	00.011536	(00.003845 +- 00.003191)	[00.001459,00.008355]
04_sampling             	      2	00.001394	(00.000697 +- 00.000013)	[00.000684,00.000710]
04b_intensity_sampling  	      2	00.001793	(00.000896 +- 00.000008)	[00.000888,00.000905]
05_registration         	      2	00.010390	(00.005195 +- 00.001538)	[00.003657,00.006733]
06_map                  	      2	00.002601	(00.001301 +- 00.000225)	[00.001076,00.001526]
07_imu_opt              	      2	00.000008	(00.000004 +- 00.000002)	[00.000002,00.000006]
08_publish              	      2	00.029665	(00.014833 +- 00.000228)	[00.014605,00.015061]
step                    	      5	00.102010	(00.020402 +- 00.011313)	[00.006246,00.031002]

INFO  Timings:
SM Timing
-----------
00_conversion_livox     	      7	00.073915	(00.010559 +- 00.000881)	[00.009541,00.011847]
01_filter               	      6	00.004450	(00.000742 +- 00.000811)	[00.000322,00.002554]
02_preint               	      4	00.000160	(00.000040 +- 00.000003)	[00.000037,00.000044]
02a_intensity_preprocess	      6	00.025987	(00.004331 +- 00.000758)	[00.003453,00.005849]
03_undistortion         	      4	00.012577	(00.003144 +- 00.003018)	[00.001041,00.008355]
04_sampling             	      3	00.002280	(00.000760 +- 00.000090)	[00.000684,00.000886]
04b_intensity_sampling  	      3	00.002614	(00.000871 +- 00.000036)	[00.000822,00.000905]
05_registration         	      3	00.014924	(00.004975 +- 00.001294)	[00.003657,00.006733]
06_map                  	      3	00.003723	(00.001241 +- 00.000202)	[00.001076,00.001526]
07_imu_opt              	      3	00.000012	(00.000004 +- 00.000001)	[00.000002,00.000006]
08_publish              	      3	00.043753	(00.014584 +- 00.000398)	[00.014087,00.015061]
step                    	      6	00.128462	(00.021410 +- 00.010570)	[00.006246,00.031002]

INFO  Timings:
SM Timing
-----------
00_conversion_livox     	      8	00.085050	(00.010631 +- 00.000846)	[00.009541,00.011847]
01_filter               	      7	00.004817	(00.000688 +- 00.000762)	[00.000322,00.002554]
02_preint               	      5	00.000203	(00.000041 +- 00.000003)	[00.000037,00.000044]
02a_intensity_preprocess	      7	00.029518	(00.004217 +- 00.000755)	[00.003453,00.005849]
03_undistortion         	      5	00.013575	(00.002715 +- 00.002833)	[00.000999,00.008355]
04_sampling             	      4	00.002990	(00.000747 +- 00.000081)	[00.000684,00.000886]
04b_intensity_sampling  	      4	00.003789	(00.000947 +- 00.000135)	[00.000822,00.001174]
05_registration         	      4	00.021167	(00.005292 +- 00.001248)	[00.003657,00.006733]
06_map                  	      4	00.004741	(00.001185 +- 00.000200)	[00.001018,00.001526]
07_imu_opt              	      4	00.000014	(00.000004 +- 00.000001)	[00.000002,00.000006]
08_publish              	      4	00.058116	(00.014529 +- 00.000357)	[00.014087,00.015061]
step                    	      7	00.156993	(00.022428 +- 00.010099)	[00.006246,00.031002]

INFO  Timings:
SM Timing
-----------
00_conversion_livox     	      9	00.096277	(00.010697 +- 00.000819)	[00.009541,00.011847]
01_filter               	      8	00.005188	(00.000649 +- 00.000721)	[00.000322,00.002554]
02_preint               	      6	00.000240	(00.000040 +- 00.000003)	[00.000037,00.000044]
02a_intensity_preprocess	      8	00.033023	(00.004128 +- 00.000745)	[00.003453,00.005849]
03_undistortion         	      6	00.014536	(00.002423 +- 00.002667)	[00.000961,00.008355]
04_sampling             	      5	00.003683	(00.000737 +- 00.000075)	[00.000684,00.000886]
04b_intensity_sampling  	      5	00.004681	(00.000936 +- 00.000122)	[00.000822,00.001174]
05_registration         	      5	00.028539	(00.005708 +- 00.001392)	[00.003657,00.007372]
06_map                  	      5	00.006033	(00.001207 +- 00.000184)	[00.001018,00.001526]
07_imu_opt              	      5	00.000684	(00.000137 +- 00.000266)	[00.000002,00.000670]
08_publish              	      5	00.073608	(00.014722 +- 00.000500)	[00.014087,00.015492]
step                    	      8	00.188339	(00.023542 +- 00.009896)	[00.006246,00.031345]

INFO  Timings:
SM Timing
-----------
00_conversion_livox     	     10	00.108140	(00.010814 +- 00.000852)	[00.009541,00.011863]
01_filter               	      9	00.005651	(00.000628 +- 00.000682)	[00.000322,00.002554]
02_preint               	      7	00.000285	(00.000041 +- 00.000003)	[00.000037,00.000045]
02a_intensity_preprocess	      9	00.036775	(00.004086 +- 00.000712)	[00.003453,00.005849]
03_undistortion         	      7	00.015398	(00.002200 +- 00.002529)	[00.000862,00.008355]
04_sampling             	      6	00.004497	(00.000750 +- 00.000075)	[00.000684,00.000886]
04b_intensity_sampling  	      6	00.005599	(00.000933 +- 00.000112)	[00.000822,00.001174]
05_registration         	      6	00.034913	(00.005819 +- 00.001295)	[00.003657,00.007372]
06_map                  	      6	00.007274	(00.001212 +- 00.000168)	[00.001018,00.001526]
07_imu_opt              	      6	00.000995	(00.000166 +- 00.000252)	[00.000002,00.000670]
08_publish              	      6	00.089177	(00.014863 +- 00.000555)	[00.014087,00.015569]
step                    	      9	00.218760	(00.024307 +- 00.009577)	[00.006246,00.031345]

INFO  Timings:
SM Timing
-----------
00_conversion_livox     	     11	00.120044	(00.010913 +- 00.000871)	[00.009541,00.011904]
01_filter               	     10	00.006029	(00.000603 +- 00.000651)	[00.000322,00.002554]
02_preint               	      8	00.000317	(00.000040 +- 00.000004)	[00.000032,00.000045]
02a_intensity_preprocess	     10	00.040542	(00.004054 +- 00.000682)	[00.003453,00.005849]
03_undistortion         	      8	00.016243	(00.002030 +- 00.002408)	[00.000845,00.008355]
04_sampling             	      7	00.005329	(00.000761 +- 00.000075)	[00.000684,00.000886]
04b_intensity_sampling  	      7	00.006456	(00.000922 +- 00.000107)	[00.000822,00.001174]
05_registration         	      7	00.040809	(00.005830 +- 00.001199)	[00.003657,00.007372]
06_map                  	      7	00.008831	(00.001262 +- 00.000197)	[00.001018,00.001557]
07_imu_opt              	      7	00.001314	(00.000188 +- 00.000239)	[00.000002,00.000670]
08_publish              	      7	00.104780	(00.014969 +- 00.000576)	[00.014087,00.015603]
step                    	     10	00.248924	(00.024892 +- 00.009254)	[00.006246,00.031345]

INFO  Timings:
SM Timing
-----------
00_conversion_livox     	     12	00.132362	(00.011030 +- 00.000920)	[00.009541,00.012318]
01_filter               	     11	00.006391	(00.000581 +- 00.000625)	[00.000322,00.002554]
02_preint               	      9	00.000354	(00.000039 +- 00.000004)	[00.000032,00.000045]
02a_intensity_preprocess	     11	00.044373	(00.004034 +- 00.000654)	[00.003453,00.005849]
03_undistortion         	      9	00.017207	(00.001912 +- 00.002295)	[00.000845,00.008355]
04_sampling             	      8	00.006094	(00.000762 +- 00.000070)	[00.000684,00.000886]
04b_intensity_sampling  	      8	00.007368	(00.000921 +- 00.000100)	[00.000822,00.001174]
05_registration         	      8	00.046105	(00.005763 +- 00.001136)	[00.003657,00.007372]
06_map                  	      8	00.009907	(00.001238 +- 00.000194)	[00.001018,00.001557]
07_imu_opt              	      8	00.001920	(00.000240 +- 00.000263)	[00.000002,00.000670]
08_publish              	      8	00.120540	(00.015067 +- 00.000599)	[00.014087,00.015760]
step                    	     11	00.278619	(00.025329 +- 00.008931)	[00.006246,00.031345]

INFO  Timings:
SM Timing
-----------
00_conversion_livox     	     13	00.144709	(00.011131 +- 00.000951)	[00.009541,00.012348]
01_filter               	     12	00.006689	(00.000557 +- 00.000603)	[00.000298,00.002554]
02_preint               	     10	00.000394	(00.000039 +- 00.000004)	[00.000032,00.000045]
02a_intensity_preprocess	     12	00.048341	(00.004028 +- 00.000626)	[00.003453,00.005849]
03_undistortion         	     10	00.018132	(00.001813 +- 00.002197)	[00.000845,00.008355]
04_sampling             	      9	00.006899	(00.000767 +- 00.000067)	[00.000684,00.000886]
04b_intensity_sampling  	      9	00.008341	(00.000927 +- 00.000096)	[00.000822,00.001174]
05_registration         	      9	00.052009	(00.005779 +- 00.001072)	[00.003657,00.007372]
06_map                  	      9	00.011012	(00.001224 +- 00.000188)	[00.001018,00.001557]
07_imu_opt              	      9	00.002310	(00.000257 +- 00.000252)	[00.000002,00.000670]
08_publish              	      9	00.136355	(00.015151 +- 00.000611)	[00.014087,00.015815]
step                    	     12	00.308909	(00.025742 +- 00.008660)	[00.006246,00.031345]

INFO  Timings:
SM Timing
-----------
00_conversion_livox     	     14	00.157486	(00.011249 +- 00.001009)	[00.009541,00.012776]
01_filter               	     13	00.007130	(00.000548 +- 00.000580)	[00.000298,00.002554]
02_preint               	     11	00.000430	(00.000039 +- 00.000004)	[00.000032,00.000045]
02a_intensity_preprocess	     13	00.052087	(00.004007 +- 00.000606)	[00.003453,00.005849]
03_undistortion         	     11	00.019029	(00.001730 +- 00.002111)	[00.000845,00.008355]
04_sampling             	     10	00.007660	(00.000766 +- 00.000064)	[00.000684,00.000886]
04b_intensity_sampling  	     10	00.009193	(00.000919 +- 00.000094)	[00.000822,00.001174]
05_registration         	     10	00.059973	(00.005997 +- 00.001210)	[00.003657,00.007964]
06_map                  	     10	00.012113	(00.001211 +- 00.000182)	[00.001018,00.001557]
07_imu_opt              	     10	00.002941	(00.000294 +- 00.000264)	[00.000002,00.000670]
08_publish              	     10	00.152459	(00.015246 +- 00.000647)	[00.014087,00.016104]
step                    	     13	00.341504	(00.026270 +- 00.008518)	[00.006246,00.032594]

INFO  Timings:
SM Timing
-----------
00_conversion_livox     	     15	00.170197	(00.011346 +- 00.001041)	[00.009541,00.012776]
01_filter               	     14	00.007564	(00.000540 +- 00.000560)	[00.000298,00.002554]
02_preint               	     12	00.000461	(00.000038 +- 00.000004)	[00.000031,00.000045]
02a_intensity_preprocess	     14	00.055835	(00.003988 +- 00.000588)	[00.003453,00.005849]
03_undistortion         	     12	00.020019	(00.001668 +- 00.002032)	[00.000845,00.008355]
04_sampling             	     11	00.008486	(00.000771 +- 00.000063)	[00.000684,00.000886]
04b_intensity_sampling  	     11	00.010028	(00.000912 +- 00.000093)	[00.000822,00.001174]
05_registration         	     11	00.064924	(00.005902 +- 00.001192)	[00.003657,00.007964]
06_map                  	     11	00.013184	(00.001199 +- 00.000178)	[00.001018,00.001557]
07_imu_opt              	     11	00.003181	(00.000289 +- 00.000253)	[00.000002,00.000670]
08_publish              	     11	00.167916	(00.015265 +- 00.000620)	[00.014087,00.016104]
step                    	     14	00.370143	(00.026439 +- 00.008231)	[00.006246,00.032594]

INFO  Timings:
SM Timing
-----------
00_conversion_livox     	     16	00.182098	(00.011381 +- 00.001017)	[00.009541,00.012776]
01_filter               	     15	00.007927	(00.000528 +- 00.000543)	[00.000298,00.002554]
02_preint               	     13	00.000497	(00.000038 +- 00.000004)	[00.000031,00.000045]
02a_intensity_preprocess	     15	00.059732	(00.003982 +- 00.000568)	[00.003453,00.005849]
03_undistortion         	     13	00.020969	(00.001613 +- 00.001961)	[00.000845,00.008355]
04_sampling             	     12	00.009298	(00.000775 +- 00.000062)	[00.000684,00.000886]
04b_intensity_sampling  	     12	00.010841	(00.000903 +- 00.000093)	[00.000813,00.001174]
05_registration         	     12	00.072322	(00.006027 +- 00.001214)	[00.003657,00.007964]
06_map                  	     12	00.014266	(00.001189 +- 00.000174)	[00.001018,00.001557]
07_imu_opt              	     12	00.003540	(00.000295 +- 00.000243)	[00.000002,00.000670]
08_publish              	     12	00.184083	(00.015340 +- 00.000644)	[00.014087,00.016167]
step                    	     15	00.402087	(00.026806 +- 00.008070)	[00.006246,00.032594]

INFO  Timings:
SM Timing
-----------
00_conversion_livox     	     17	00.194618	(00.011448 +- 00.001022)	[00.009541,00.012776]
01_filter               	     16	00.008316	(00.000520 +- 00.000527)	[00.000298,00.002554]
02_preint               	     14	00.000534	(00.000038 +- 00.000004)	[00.000031,00.000045]
02a_intensity_preprocess	     16	00.063484	(00.003968 +- 00.000553)	[00.003453,00.005849]
03_undistortion         	     14	00.022171	(00.001584 +- 00.001893)	[00.000845,00.008355]
04_sampling             	     13	00.010078	(00.000775 +- 00.000059)	[00.000684,00.000886]
04b_intensity_sampling  	     13	00.011903	(00.000916 +- 00.000098)	[00.000813,00.001174]
05_registration         	     13	00.078682	(00.006052 +- 00.001170)	[00.003657,00.007964]
06_map                  	     13	00.015316	(00.001178 +- 00.000171)	[00.001018,00.001557]
07_imu_opt              	     13	00.003892	(00.000299 +- 00.000234)	[00.000002,00.000670]
08_publish              	     13	00.199783	(00.015368 +- 00.000626)	[00.014087,00.016167]
step                    	     16	00.432844	(00.027053 +- 00.007872)	[00.006246,00.032594]

INFO  Timings:
SM Timing
-----------
00_conversion_livox     	     18	00.206306	(00.011461 +- 00.000995)	[00.009541,00.012776]
01_filter               	     17	00.008665	(00.000510 +- 00.000513)	[00.000298,00.002554]
02_preint               	     15	00.000570	(00.000038 +- 00.000004)	[00.000031,00.000045]
02a_intensity_preprocess	     17	00.067231	(00.003955 +- 00.000539)	[00.003453,00.005849]
03_undistortion         	     15	00.023050	(00.001537 +- 00.001837)	[00.000845,00.008355]
04_sampling             	     14	00.010805	(00.000772 +- 00.000058)	[00.000684,00.000886]
04b_intensity_sampling  	     14	00.012698	(00.000907 +- 00.000100)	[00.000795,00.001174]
05_registration         	     14	00.086947	(00.006211 +- 00.001263)	[00.003657,00.008265]
06_map                  	     14	00.016417	(00.001173 +- 00.000166)	[00.001018,00.001557]
07_imu_opt              	     14	00.004335	(00.000310 +- 00.000228)	[00.000002,00.000670]
08_publish              	     14	00.215556	(00.015397 +- 00.000612)	[00.014087,00.016167]
step                    	     17	00.465020	(00.027354 +- 00.007731)	[00.006246,00.032594]

INFO  Timings:
SM Timing
-----------
00_conversion_livox     	     19	00.218354	(00.011492 +- 00.000977)	[00.009541,00.012776]
01_filter               	     18	00.009022	(00.000501 +- 00.000499)	[00.000298,00.002554]
02_preint               	     16	00.000598	(00.000037 +- 00.000005)	[00.000028,00.000045]
02a_intensity_preprocess	     18	00.070901	(00.003939 +- 00.000528)	[00.003453,00.005849]
03_undistortion         	     16	00.023956	(00.001497 +- 00.001785)	[00.000845,00.008355]
04_sampling             	     15	00.011777	(00.000785 +- 00.000075)	[00.000684,00.000971]
04b_intensity_sampling  	     15	00.013491	(00.000899 +- 00.000101)	[00.000793,00.001174]
05_registration         	     15	00.091671	(00.006111 +- 00.001275)	[00.003657,00.008265]
06_map                  	     15	00.017539	(00.001169 +- 00.000161)	[00.001018,00.001557]
07_imu_opt              	     15	00.004634	(00.000309 +- 00.000220)	[00.000002,00.000670]
08_publish              	     15	00.231103	(00.015407 +- 00.000592)	[00.014087,00.016167]
step                    	     18	00.493504	(00.027417 +- 00.007518)	[00.006246,00.032594]

INFO  Timings:
SM Timing
-----------
00_conversion_livox     	     20	00.230251	(00.011513 +- 00.000957)	[00.009541,00.012776]
01_filter               	     19	00.009404	(00.000495 +- 00.000487)	[00.000298,00.002554]
02_preint               	     17	00.000634	(00.000037 +- 00.000004)	[00.000028,00.000045]
02a_intensity_preprocess	     19	00.074606	(00.003927 +- 00.000517)	[00.003453,00.005849]
03_undistortion         	     17	00.025176	(00.001481 +- 00.001733)	[00.000845,00.008355]
04_sampling             	     16	00.012590	(00.000787 +- 00.000073)	[00.000684,00.000971]
04b_intensity_sampling  	     16	00.014433	(00.000902 +- 00.000098)	[00.000793,00.001174]
05_registration         	     16	00.096376	(00.006024 +- 00.001281)	[00.003657,00.008265]
06_map                  	     16	00.018674	(00.001167 +- 00.000156)	[00.001018,00.001557]
07_imu_opt              	     16	00.004917	(00.000307 +- 00.000213)	[00.000002,00.000670]
08_publish              	     16	00.246059	(00.015379 +- 00.000584)	[00.014087,00.016167]
step                    	     19	00.521750	(00.027461 +- 00.007320)	[00.006246,00.032594]

INFO  Timings:
SM Timing
-----------
00_conversion_livox     	     21	00.242091	(00.011528 +- 00.000936)	[00.009541,00.012776]
01_filter               	     20	00.009777	(00.000489 +- 00.000475)	[00.000298,00.002554]
02_preint               	     18	00.000671	(00.000037 +- 00.000004)	[00.000028,00.000045]
02a_intensity_preprocess	     20	00.078300	(00.003915 +- 00.000506)	[00.003453,00.005849]
03_undistortion         	     18	00.026044	(00.001447 +- 00.001690)	[00.000845,00.008355]
04_sampling             	     17	00.013290	(00.000782 +- 00.000074)	[00.000684,00.000971]
04b_intensity_sampling  	     17	00.015285	(00.000899 +- 00.000096)	[00.000793,00.001174]
05_registration         	     17	00.102776	(00.006046 +- 00.001246)	[00.003657,00.008265]
06_map                  	     17	00.020599	(00.001212 +- 00.000234)	[00.001018,00.001926]
07_imu_opt              	     17	00.005397	(00.000317 +- 00.000211)	[00.000002,00.000670]
08_publish              	     17	00.261715	(00.015395 +- 00.000570)	[00.014087,00.016167]
step                    	     20	00.552804	(00.027640 +- 00.007177)	[00.006246,00.032594]

INFO  Timings:
SM Timing
-----------
00_conversion_livox     	     22	00.254494	(00.011568 +- 00.000933)	[00.009541,00.012776]
01_filter               	     21	00.010211	(00.000486 +- 00.000464)	[00.000298,00.002554]
02_preint               	     19	00.000702	(00.000037 +- 00.000004)	[00.000028,00.000045]
02a_intensity_preprocess	     21	00.082122	(00.003911 +- 00.000494)	[00.003453,00.005849]
03_undistortion         	     19	00.027166	(00.001430 +- 00.001647)	[00.000845,00.008355]
04_sampling             	     18	00.014161	(00.000787 +- 00.000074)	[00.000684,00.000971]
04b_intensity_sampling  	     18	00.016288	(00.000905 +- 00.000096)	[00.000793,00.001174]
05_registration         	     18	00.107612	(00.005978 +- 00.001242)	[00.003657,00.008265]
06_map                  	     18	00.021574	(00.001199 +- 00.000234)	[00.000975,00.001926]
07_imu_opt              	     18	00.005720	(00.000318 +- 00.000205)	[00.000002,00.000670]
08_publish              	     18	00.276933	(00.015385 +- 00.000556)	[00.014087,00.016167]
step                    	     21	00.581531	(00.027692 +- 00.007008)	[00.006246,00.032594]

INFO  Timings:
SM Timing
-----------
00_conversion_livox     	     23	00.266566	(00.011590 +- 00.000918)	[00.009541,00.012776]
01_filter               	     22	00.010595	(00.000482 +- 00.000454)	[00.000298,00.002554]
02_preint               	     20	00.000734	(00.000037 +- 00.000004)	[00.000028,00.000045]
02a_intensity_preprocess	     22	00.085927	(00.003906 +- 00.000483)	[00.003453,00.005849]
03_undistortion         	     20	00.028096	(00.001405 +- 00.001609)	[00.000845,00.008355]
04_sampling             	     19	00.015051	(00.000792 +- 00.000076)	[00.000684,00.000971]
04b_intensity_sampling  	     19	00.017113	(00.000901 +- 00.000095)	[00.000793,00.001174]
05_registration         	     19	00.114583	(00.006031 +- 00.001229)	[00.003657,00.008265]
06_map                  	     19	00.022827	(00.001201 +- 00.000228)	[00.000975,00.001926]
07_imu_opt              	     19	00.006236	(00.000328 +- 00.000204)	[00.000002,00.000670]
08_publish              	     19	00.292879	(00.015415 +- 00.000555)	[00.014087,00.016167]
step                    	     22	00.613144	(00.027870 +- 00.006895)	[00.006246,00.032594]

INFO  Timings:
SM Timing
-----------
00_conversion_livox     	     24	00.278896	(00.011621 +- 00.000911)	[00.009541,00.012776]
01_filter               	     23	00.011038	(00.000480 +- 00.000444)	[00.000298,00.002554]
02_preint               	     21	00.000769	(00.000037 +- 00.000004)	[00.000028,00.000045]
02a_intensity_preprocess	     23	00.089641	(00.003897 +- 00.000474)	[00.003453,00.005849]
03_undistortion         	     21	00.029269	(00.001394 +- 00.001571)	[00.000845,00.008355]
04_sampling             	     20	00.015866	(00.000793 +- 00.000074)	[00.000684,00.000971]
04b_intensity_sampling  	     20	00.017968	(00.000898 +- 00.000093)	[00.000793,00.001174]
05_registration         	     20	00.119068	(00.005953 +- 00.001244)	[00.003657,00.008265]
06_map                  	     20	00.024022	(00.001201 +- 00.000222)	[00.000975,00.001926]
07_imu_opt              	     20	00.006763	(00.000338 +- 00.000204)	[00.000002,00.000670]
08_publish              	     20	00.308253	(00.015413 +- 00.000541)	[00.014087,00.016167]
step                    	     23	00.641830	(00.027906 +- 00.006746)	[00.006246,00.032594]

INFO  Timings:
SM Timing
-----------
00_conversion_livox     	     25	00.290756	(00.011630 +- 00.000894)	[00.009541,00.012776]
01_filter               	     24	00.011369	(00.000474 +- 00.000435)	[00.000298,00.002554]
02_preint               	     22	00.000801	(00.000036 +- 00.000004)	[00.000028,00.000045]
02a_intensity_preprocess	     24	00.093344	(00.003889 +- 00.000466)	[00.003453,00.005849]
03_undistortion         	     22	00.030441	(00.001384 +- 00.001535)	[00.000845,00.008355]
04_sampling             	     21	00.016599	(00.000790 +- 00.000074)	[00.000684,00.000971]
04b_intensity_sampling  	     21	00.018774	(00.000894 +- 00.000093)	[00.000793,00.001174]
05_registration         	     21	00.124248	(00.005917 +- 00.001225)	[00.003657,00.008265]
06_map                  	     21	00.025009	(00.001191 +- 00.000221)	[00.000975,00.001926]
07_imu_opt              	     21	00.007216	(00.000344 +- 00.000201)	[00.000002,00.000670]
08_publish              	     21	00.323590	(00.015409 +- 00.000528)	[00.014087,00.016167]
step                    	     24	00.670627	(00.027943 +- 00.006606)	[00.006246,00.032594]

INFO  Timings:
SM Timing
-----------
00_conversion_livox     	     26	00.302730	(00.011643 +- 00.000879)	[00.009541,00.012776]
01_filter               	     25	00.011747	(00.000470 +- 00.000427)	[00.000298,00.002554]
02_preint               	     23	00.000835	(00.000036 +- 00.000004)	[00.000028,00.000045]
02a_intensity_preprocess	     25	00.097078	(00.003883 +- 00.000458)	[00.003453,00.005849]
03_undistortion         	     23	00.031385	(00.001365 +- 00.001504)	[00.000845,00.008355]
04_sampling             	     22	00.017279	(00.000785 +- 00.000076)	[00.000679,00.000971]
04b_intensity_sampling  	     22	00.019629	(00.000892 +- 00.000091)	[00.000793,00.001174]
05_registration         	     22	00.135432	(00.006156 +- 00.001624)	[00.003657,00.011184]
06_map                  	     22	00.026240	(00.001193 +- 00.000217)	[00.000975,00.001926]
07_imu_opt              	     22	00.007660	(00.000348 +- 00.000197)	[00.000002,00.000670]
08_publish              	     22	00.339360	(00.015425 +- 00.000521)	[00.014087,00.016167]
step                    	     25	00.705933	(00.028237 +- 00.006632)	[00.006246,00.035306]

INFO  Timings:
SM Timing
-----------
00_conversion_livox     	     26	00.302730	(00.011643 +- 00.000879)	[00.009541,00.012776]
01_filter               	     26	00.012161	(00.000468 +- 00.000419)	[00.000298,00.002554]
02_preint               	     24	00.000867	(00.000036 +- 00.000004)	[00.000028,00.000045]
02a_intensity_preprocess	     26	00.100913	(00.003881 +- 00.000449)	[00.003453,00.005849]
03_undistortion         	     24	00.032543	(00.001356 +- 00.001473)	[00.000845,00.008355]
04_sampling             	     23	00.017954	(00.000781 +- 00.000077)	[00.000676,00.000971]
04b_intensity_sampling  	     23	00.020444	(00.000889 +- 00.000091)	[00.000793,00.001174]
05_registration         	     23	00.140759	(00.006120 +- 00.001597)	[00.003657,00.011184]
06_map                  	     23	00.027292	(00.001187 +- 00.000214)	[00.000975,00.001926]
07_imu_opt              	     23	00.008211	(00.000357 +- 00.000197)	[00.000002,00.000670]
08_publish              	     23	00.354915	(00.015431 +- 00.000511)	[00.014087,00.016167]
step                    	     26	00.735434	(00.028286 +- 00.006507)	[00.006246,00.035306]

INFO  Timings:
SM Timing
-----------
00_conversion_livox     	     28	00.326918	(00.011676 +- 00.000866)	[00.009541,00.012776]
01_filter               	     27	00.012497	(00.000463 +- 00.000412)	[00.000298,00.002554]
02_preint               	     25	00.000900	(00.000036 +- 00.000004)	[00.000028,00.000045]
02a_intensity_preprocess	     27	00.104646	(00.003876 +- 00.000441)	[00.003453,00.005849]
03_undistortion         	     25	00.033530	(00.001341 +- 00.001445)	[00.000845,00.008355]
04_sampling             	     24	00.018815	(00.000784 +- 00.000077)	[00.000676,00.000971]
04b_intensity_sampling  	     24	00.021290	(00.000887 +- 00.000089)	[00.000793,00.001174]
05_registration         	     24	00.148143	(00.006173 +- 00.001584)	[00.003657,00.011184]
06_map                  	     24	00.028359	(00.001182 +- 00.000211)	[00.000975,00.001926]
07_imu_opt              	     24	00.008697	(00.000362 +- 00.000195)	[00.000002,00.000670]
08_publish              	     24	00.370430	(00.015435 +- 00.000500)	[00.014087,00.016167]
step                    	     27	00.766745	(00.028398 +- 00.006411)	[00.006246,00.035306]

INFO  Timings:
SM Timing
-----------
00_conversion_livox     	     29	00.338526	(00.011673 +- 00.000851)	[00.009541,00.012776]
01_filter               	     28	00.012846	(00.000459 +- 00.000405)	[00.000298,00.002554]
02_preint               	     26	00.000931	(00.000036 +- 00.000004)	[00.000028,00.000045]
02a_intensity_preprocess	     28	00.108325	(00.003869 +- 00.000435)	[00.003453,00.005849]
03_undistortion         	     26	00.034454	(00.001325 +- 00.001419)	[00.000845,00.008355]
04_sampling             	     25	00.019590	(00.000784 +- 00.000076)	[00.000676,00.000971]
04b_intensity_sampling  	     25	00.022048	(00.000882 +- 00.000091)	[00.000757,00.001174]
05_registration         	     25	00.154944	(00.006198 +- 00.001557)	[00.003657,00.011184]
06_map                  	     25	00.029462	(00.001178 +- 00.000207)	[00.000975,00.001926]
07_imu_opt              	     25	00.009204	(00.000368 +- 00.000193)	[00.000002,00.000670]
08_publish              	     25	00.385921	(00.015437 +- 00.000490)	[00.014087,00.016167]
step                    	     28	00.797230	(00.028472 +- 00.006308)	[00.006246,00.035306]

INFO  Timings:
SM Timing
-----------
00_conversion_livox     	     30	00.350754	(00.011692 +- 00.000842)	[00.009541,00.012776]
01_filter               	     29	00.013213	(00.000456 +- 00.000398)	[00.000298,00.002554]
02_preint               	     27	00.000963	(00.000036 +- 00.000004)	[00.000028,00.000045]
02a_intensity_preprocess	     29	00.112149	(00.003867 +- 00.000427)	[00.003453,00.005849]
03_undistortion         	     27	00.035324	(00.001308 +- 00.001396)	[00.000845,00.008355]
04_sampling             	     26	00.020250	(00.000779 +- 00.000078)	[00.000660,00.000971]
04b_intensity_sampling  	     26	00.022907	(00.000881 +- 00.000089)	[00.000757,00.001174]
05_registration         	     26	00.161154	(00.006198 +- 00.001526)	[00.003657,00.011184]
06_map                  	     26	00.030657	(00.001179 +- 00.000203)	[00.000975,00.001926]
07_imu_opt              	     26	00.009845	(00.000379 +- 00.000196)	[00.000002,00.000670]
08_publish              	     26	00.401456	(00.015441 +- 00.000481)	[00.014087,00.016167]
step                    	     29	00.827481	(00.028534 +- 00.006206)	[00.006246,00.035306]

INFO  Timings:
SM Timing
-----------
00_conversion_livox     	     31	00.362551	(00.011695 +- 00.000829)	[00.009541,00.012776]
01_filter               	     30	00.013598	(00.000453 +- 00.000392)	[00.000298,00.002554]
02_preint               	     28	00.000994	(00.000035 +- 00.000004)	[00.000028,00.000045]
02a_intensity_preprocess	     30	00.115863	(00.003862 +- 00.000421)	[00.003453,00.005849]
03_undistortion         	     28	00.036262	(00.001295 +- 00.001372)	[00.000845,00.008355]
04_sampling             	     27	00.020878	(00.000773 +- 00.000082)	[00.000628,00.000971]
04b_intensity_sampling  	     27	00.023670	(00.000877 +- 00.000090)	[00.000757,00.001174]
05_registration         	     27	00.166255	(00.006158 +- 00.001512)	[00.003657,00.011184]
06_map                  	     27	00.031751	(00.001176 +- 00.000200)	[00.000975,00.001926]
07_imu_opt              	     27	00.010473	(00.000388 +- 00.000198)	[00.000002,00.000670]
08_publish              	     27	00.416808	(00.015437 +- 00.000472)	[00.014087,00.016167]
step                    	     30	00.856175	(00.028539 +- 00.006102)	[00.006246,00.035306]

INFO  Timings:
SM Timing
-----------
00_conversion_livox     	     32	00.374632	(00.011707 +- 00.000819)	[00.009541,00.012776]
01_filter               	     31	00.014036	(00.000453 +- 00.000385)	[00.000298,00.002554]
02_preint               	     29	00.001032	(00.000036 +- 00.000004)	[00.000028,00.000045]
02a_intensity_preprocess	     31	00.119663	(00.003860 +- 00.000414)	[00.003453,00.005849]
03_undistortion         	     29	00.037232	(00.001284 +- 00.001350)	[00.000845,00.008355]
04_sampling             	     28	00.021605	(00.000772 +- 00.000081)	[00.000628,00.000971]
04b_intensity_sampling  	     28	00.024507	(00.000875 +- 00.000089)	[00.000757,00.001174]
05_registration         	     28	00.171297	(00.006118 +- 00.001499)	[00.003657,00.011184]
06_map                  	     28	00.032894	(00.001175 +- 00.000196)	[00.000975,00.001926]
07_imu_opt              	     28	00.010936	(00.000391 +- 00.000195)	[00.000002,00.000670]
08_publish              	     28	00.432372	(00.015442 +- 00.000464)	[00.014087,00.016167]
step                    	     31	00.885267	(00.028557 +- 00.006004)	[00.006246,00.035306]

INFO  Timings:
SM Timing
-----------
00_conversion_livox     	     33	00.386860	(00.011723 +- 00.000811)	[00.009541,00.012776]
01_filter               	     32	00.014436	(00.000451 +- 00.000379)	[00.000298,00.002554]
02_preint               	     30	00.001071	(00.000036 +- 00.000004)	[00.000028,00.000045]
02a_intensity_preprocess	     32	00.123435	(00.003857 +- 00.000408)	[00.003453,00.005849]
03_undistortion         	     30	00.038215	(00.001274 +- 00.001328)	[00.000845,00.008355]
04_sampling             	     29	00.022286	(00.000768 +- 00.000081)	[00.000628,00.000971]
04b_intensity_sampling  	     29	00.025332	(00.000874 +- 00.000088)	[00.000757,00.001174]
05_registration         	     29	00.177418	(00.006118 +- 00.001473)	[00.003657,00.011184]
06_map                  	     29	00.034193	(00.001179 +- 00.000194)	[00.000975,00.001926]
07_imu_opt              	     29	00.011628	(00.000401 +- 00.000200)	[00.000002,00.000692]
08_publish              	     29	00.447865	(00.015444 +- 00.000456)	[00.014087,00.016167]
step                    	     32	00.915636	(00.028614 +- 00.005918)	[00.006246,00.035306]

INFO  Timings:
SM Timing
-----------
00_conversion_livox     	     34	00.398750	(00.011728 +- 00.000800)	[00.009541,00.012776]
01_filter               	     33	00.014796	(00.000448 +- 00.000374)	[00.000298,00.002554]
02_preint               	     31	00.001108	(00.000036 +- 00.000004)	[00.000028,00.000045]
02a_intensity_preprocess	     33	00.127216	(00.003855 +- 00.000402)	[00.003453,00.005849]
03_undistortion         	     31	00.039127	(00.001262 +- 00.001308)	[00.000845,00.008355]
04_sampling             	     30	00.022993	(00.000766 +- 00.000080)	[00.000628,00.000971]
04b_intensity_sampling  	     30	00.026062	(00.000869 +- 00.000090)	[00.000730,00.001174]
05_registration         	     30	00.182726	(00.006091 +- 00.001456)	[00.003657,00.011184]
06_map                  	     30	00.035335	(00.001178 +- 00.000191)	[00.000975,00.001926]
07_imu_opt              	     30	00.012234	(00.000408 +- 00.000200)	[00.000002,00.000692]
08_publish              	     30	00.463300	(00.015443 +- 00.000449)	[00.014087,00.016167]
step                    	     33	00.944725	(00.028628 +- 00.005828)	[00.006246,00.035306]

INFO  Timings:
SM Timing
-----------
00_conversion_livox     	     35	00.410412	(00.011726 +- 00.000788)	[00.009541,00.012776]
01_filter               	     34	00.015234	(00.000448 +- 00.000368)	[00.000298,00.002554]
02_preint               	     32	00.001145	(00.000036 +- 00.000004)	[00.000028,00.000045]
02a_intensity_preprocess	     34	00.130828	(00.003848 +- 00.000398)	[00.003453,00.005849]
03_undistortion         	     32	00.041509	(00.001297 +- 00.001302)	[00.000845,00.008355]
04_sampling             	     31	00.023699	(00.000764 +- 00.000080)	[00.000628,00.000971]
04b_intensity_sampling  	     31	00.027068	(00.000873 +- 00.000092)	[00.000730,00.001174]
05_registration         	     31	00.189512	(00.006113 +- 00.001437)	[00.003657,00.011184]
06_map                  	     31	00.036625	(00.001181 +- 00.000189)	[00.000975,00.001926]
07_imu_opt              	     31	00.012845	(00.000414 +- 00.000200)	[00.000002,00.000692]
08_publish              	     31	00.478573	(00.015438 +- 00.000443)	[00.014087,00.016167]
step                    	     34	00.976995	(00.028735 +- 00.005774)	[00.006246,00.035306]

INFO  Timings:
SM Timing
-----------
00_conversion_livox     	     36	00.422023	(00.011723 +- 00.000777)	[00.009541,00.012776]
01_filter               	     35	00.015594	(00.000446 +- 00.000363)	[00.000298,00.002554]
02_preint               	     33	00.001185	(00.000036 +- 00.000004)	[00.000028,00.000045]
02a_intensity_preprocess	     35	00.134456	(00.003842 +- 00.000394)	[00.003453,00.005849]
03_undistortion         	     33	00.042767	(00.001296 +- 00.001282)	[00.000845,00.008355]
04_sampling             	     32	00.024510	(00.000766 +- 00.000079)	[00.000628,00.000971]
04b_intensity_sampling  	     32	00.028108	(00.000878 +- 00.000095)	[00.000730,00.001174]
05_registration         	     32	00.194671	(00.006083 +- 00.001424)	[00.003657,00.011184]
06_map                  	     32	00.037786	(00.001181 +- 00.000186)	[00.000975,00.001926]
07_imu_opt              	     32	00.013561	(00.000424 +- 00.000203)	[00.000002,00.000716]
08_publish              	     32	00.493660	(00.015427 +- 00.000440)	[00.014087,00.016167]
step                    	     35	01.006325	(00.028752 +- 00.005692)	[00.006246,00.035306]

INFO  Timings:
SM Timing
-----------
00_conversion_livox     	     37	00.433792	(00.011724 +- 00.000767)	[00.009541,00.012776]
01_filter               	     36	00.015964	(00.000443 +- 00.000359)	[00.000298,00.002554]
02_preint               	     34	00.001221	(00.000036 +- 00.000004)	[00.000028,00.000045]
02a_intensity_preprocess	     36	00.138183	(00.003838 +- 00.000389)	[00.003453,00.005849]
03_undistortion         	     34	00.044176	(00.001299 +- 00.001263)	[00.000845,00.008355]
04_sampling             	     33	00.025325	(00.000767 +- 00.000078)	[00.000628,00.000971]
04b_intensity_sampling  	     33	00.028978	(00.000878 +- 00.000094)	[00.000730,00.001174]
05_registration         	     33	00.202957	(00.006150 +- 00.001453)	[00.003657,00.011184]
06_map                  	     33	00.038989	(00.001181 +- 00.000183)	[00.000975,00.001926]
07_imu_opt              	     33	00.014188	(00.000430 +- 00.000203)	[00.000002,00.000716]
08_publish              	     33	00.509182	(00.015430 +- 00.000433)	[00.014087,00.016167]
step                    	     36	01.039257	(00.028868 +- 00.005654)	[00.006246,00.035306]

INFO  Timings:
SM Timing
-----------
00_conversion_livox     	     38	00.445607	(00.011727 +- 00.000757)	[00.009541,00.012776]
01_filter               	     37	00.016420	(00.000444 +- 00.000354)	[00.000298,00.002554]
02_preint               	     35	00.001257	(00.000036 +- 00.000004)	[00.000028,00.000045]
02a_intensity_preprocess	     37	00.142014	(00.003838 +- 00.000384)	[00.003453,00.005849]
03_undistortion         	     35	00.045175	(00.001291 +- 00.001246)	[00.000845,00.008355]
04_sampling             	     34	00.026015	(00.000765 +- 00.000078)	[00.000628,00.000971]
04b_intensity_sampling  	     34	00.029808	(00.000877 +- 00.000093)	[00.000730,00.001174]
05_registration         	     34	00.208110	(00.006121 +- 00.001441)	[00.003657,00.011184]
06_map                  	     34	00.040124	(00.001180 +- 00.000181)	[00.000975,00.001926]
07_imu_opt              	     34	00.014983	(00.000441 +- 00.000210)	[00.000002,00.000795]
08_publish              	     34	00.524946	(00.015440 +- 00.000431)	[00.014087,00.016167]
step                    	     37	01.069033	(00.028893 +- 00.005579)	[00.006246,00.035306]

INFO  Timings:
SM Timing
-----------
00_conversion_livox     	     39	00.457734	(00.011737 +- 00.000750)	[00.009541,00.012776]
01_filter               	     38	00.016815	(00.000443 +- 00.000349)	[00.000298,00.002554]
02_preint               	     36	00.001289	(00.000036 +- 00.000004)	[00.000028,00.000045]
02a_intensity_preprocess	     38	00.145782	(00.003836 +- 00.000379)	[00.003453,00.005849]
03_undistortion         	     36	00.046581	(00.001294 +- 00.001229)	[00.000845,00.008355]
04_sampling             	     35	00.026821	(00.000766 +- 00.000077)	[00.000628,00.000971]
04b_intensity_sampling  	     35	00.030582	(00.000874 +- 00.000093)	[00.000730,00.001174]
05_registration         	     35	00.213254	(00.006093 +- 00.001430)	[00.003657,00.011184]
06_map                  	     35	00.041110	(00.001175 +- 00.000181)	[00.000975,00.001926]
07_imu_opt              	     35	00.015511	(00.000443 +- 00.000207)	[00.000002,00.000795]
08_publish              	     35	00.540447	(00.015441 +- 00.000425)	[00.014087,00.016167]
step                    	     38	01.098439	(00.028906 +- 00.005506)	[00.006246,00.035306]

INFO  Timings:
SM Timing
-----------
00_conversion_livox     	     40	00.470470	(00.011762 +- 00.000756)	[00.009541,00.012776]
01_filter               	     39	00.017193	(00.000441 +- 00.000345)	[00.000298,00.002554]
02_preint               	     37	00.001324	(00.000036 +- 00.000004)	[00.000028,00.000045]
02a_intensity_preprocess	     39	00.149571	(00.003835 +- 00.000374)	[00.003453,00.005849]
03_undistortion         	     37	00.047844	(00.001293 +- 00.001212)	[00.000845,00.008355]
04_sampling             	     36	00.027608	(00.000767 +- 00.000076)	[00.000628,00.000971]
04b_intensity_sampling  	     36	00.031332	(00.000870 +- 00.000094)	[00.000730,00.001174]
05_registration         	     36	00.219038	(00.006084 +- 00.001410)	[00.003657,00.011184]
06_map                  	     36	00.042198	(00.001172 +- 00.000179)	[00.000975,00.001926]
07_imu_opt              	     36	00.016328	(00.000454 +- 00.000213)	[00.000002,00.000817]
08_publish              	     36	00.555757	(00.015438 +- 00.000419)	[00.014087,00.016167]
step                    	     39	01.128531	(00.028937 +- 00.005438)	[00.006246,00.035306]

INFO  Timings:
SM Timing
-----------
00_conversion_livox     	     41	00.482358	(00.011765 +- 00.000747)	[00.009541,00.012776]
01_filter               	     40	00.017591	(00.000440 +- 00.000341)	[00.000298,00.002554]
02_preint               	     38	00.001362	(00.000036 +- 00.000004)	[00.000028,00.000045]
02a_intensity_preprocess	     40	00.154083	(00.003852 +- 00.000384)	[00.003453,00.005849]
03_undistortion         	     38	00.048915	(00.001287 +- 00.001197)	[00.000845,00.008355]
04_sampling             	     37	00.028351	(00.000766 +- 00.000075)	[00.000628,00.000971]
04b_intensity_sampling  	     37	00.032083	(00.000867 +- 00.000095)	[00.000730,00.001174]
05_registration         	     37	00.226291	(00.006116 +- 00.001404)	[00.003657,00.011184]
06_map                  	     37	00.043443	(00.001174 +- 00.000177)	[00.000975,00.001926]
07_imu_opt              	     37	00.017003	(00.000460 +- 00.000213)	[00.000002,00.000817]
08_publish              	     37	00.571829	(00.015455 +- 00.000426)	[00.014087,00.016167]
step                    	     40	01.161372	(00.029034 +- 00.005404)	[00.006246,00.035306]

INFO  Timings:
SM Timing
-----------
00_conversion_livox     	     42	00.495050	(00.011787 +- 00.000752)	[00.009541,00.012776]
01_filter               	     41	00.017980	(00.000439 +- 00.000336)	[00.000298,00.002554]
02_preint               	     39	00.001401	(00.000036 +- 00.000004)	[00.000028,00.000045]
02a_intensity_preprocess	     41	00.158079	(00.003856 +- 00.000380)	[00.003453,00.005849]
03_undistortion         	     39	00.049951	(00.001281 +- 00.001182)	[00.000845,00.008355]
04_sampling             	     38	00.029134	(00.000767 +- 00.000074)	[00.000628,00.000971]
04b_intensity_sampling  	     38	00.033004	(00.000869 +- 00.000094)	[00.000730,00.001174]
05_registration         	     38	00.233231	(00.006138 +- 00.001392)	[00.003657,00.011184]
06_map                  	     38	00.044671	(00.001176 +- 00.000175)	[00.000975,00.001926]
07_imu_opt              	     38	00.017723	(00.000466 +- 00.000215)	[00.000002,00.000817]
08_publish              	     38	00.588528	(00.015488 +- 00.000465)	[00.014087,00.016699]
step                    	     41	01.194223	(00.029127 +- 00.005370)	[00.006246,00.035306]

INFO  Timings:
SM Timing
-----------
00_conversion_livox     	     43	00.509008	(00.011837 +- 00.000812)	[00.009541,00.013958]
01_filter               	     42	00.018429	(00.000439 +- 00.000332)	[00.000298,00.002554]
02_preint               	     40	00.001460	(00.000037 +- 00.000005)	[00.000028,00.000059]
02a_intensity_preprocess	     42	00.162390	(00.003866 +- 00.000382)	[00.003453,00.005849]
03_undistortion         	     40	00.050924	(00.001273 +- 00.001168)	[00.000845,00.008355]
04_sampling             	     39	00.029855	(00.000766 +- 00.000074)	[00.000628,00.000971]
04b_intensity_sampling  	     39	00.033766	(00.000866 +- 00.000094)	[00.000730,00.001174]
05_registration         	     39	00.238632	(00.006119 +- 00.001379)	[00.003657,00.011184]
06_map                  	     39	00.046026	(00.001180 +- 00.000175)	[00.000975,00.001926]
07_imu_opt              	     39	00.018294	(00.000469 +- 00.000212)	[00.000002,00.000817]
08_publish              	     39	00.605693	(00.015531 +- 00.000530)	[00.014087,00.017165]
step                    	     42	01.226084	(00.029192 +- 00.005323)	[00.006246,00.035306]

INFO  Timings:
SM Timing
-----------
00_conversion_livox     	     44	00.522833	(00.011883 +- 00.000856)	[00.009541,00.013958]
01_filter               	     43	00.018860	(00.000439 +- 00.000329)	[00.000298,00.002554]
02_preint               	     41	00.001505	(00.000037 +- 00.000005)	[00.000028,00.000059]
02a_intensity_preprocess	     43	00.166711	(00.003877 +- 00.000384)	[00.003453,00.005849]
03_undistortion         	     41	00.051928	(00.001267 +- 00.001154)	[00.000845,00.008355]
04_sampling             	     40	00.030682	(00.000767 +- 00.000073)	[00.000628,00.000971]
04b_intensity_sampling  	     40	00.034654	(00.000866 +- 00.000093)	[00.000730,00.001174]
05_registration         	     40	00.248097	(00.006202 +- 00.001458)	[00.003657,00.011184]
06_map                  	     40	00.047282	(00.001182 +- 00.000173)	[00.000975,00.001926]
07_imu_opt              	     40	00.019190	(00.000480 +- 00.000220)	[00.000002,00.000896]
08_publish              	     40	00.622258	(00.015556 +- 00.000548)	[00.014087,00.017165]
step                    	     43	01.261876	(00.029346 +- 00.005353)	[00.006246,00.035792]

INFO  Timings:
SM Timing
-----------
00_conversion_livox     	     45	00.536179	(00.011915 +- 00.000873)	[00.009541,00.013958]
01_filter               	     44	00.019253	(00.000438 +- 00.000325)	[00.000298,00.002554]
02_preint               	     42	00.001546	(00.000037 +- 00.000005)	[00.000028,00.000059]
02a_intensity_preprocess	     44	00.171072	(00.003888 +- 00.000386)	[00.003453,00.005849]
03_undistortion         	     42	00.053121	(00.001265 +- 00.001141)	[00.000845,00.008355]
04_sampling             	     41	00.031835	(00.000776 +- 00.000094)	[00.000628,00.001153]
04b_intensity_sampling  	     41	00.035544	(00.000867 +- 00.000092)	[00.000730,00.001174]
05_registration         	     41	00.255578	(00.006234 +- 00.001454)	[00.003657,00.011184]
06_map                  	     41	00.048460	(00.001182 +- 00.000171)	[00.000975,00.001926]
07_imu_opt              	     41	00.020147	(00.000491 +- 00.000230)	[00.000002,00.000957]
08_publish              	     41	00.639851	(00.015606 +- 00.000626)	[00.014087,00.017593]
step                    	     44	01.297226	(00.029482 +- 00.005367)	[00.006246,00.035792]

INFO  Timings:
SM Timing
-----------
00_conversion_livox     	     46	00.549603	(00.011948 +- 00.000891)	[00.009541,00.013958]
01_filter               	     45	00.019610	(00.000436 +- 00.000321)	[00.000298,00.002554]
02_preint               	     43	00.001584	(00.000037 +- 00.000005)	[00.000028,00.000059]
02a_intensity_preprocess	     45	00.175396	(00.003898 +- 00.000387)	[00.003453,00.005849]
03_undistortion         	     43	00.054053	(00.001257 +- 00.001128)	[00.000845,00.008355]
04_sampling             	     42	00.032835	(00.000782 +- 00.000099)	[00.000628,00.001153]
04b_intensity_sampling  	     42	00.036491	(00.000869 +- 00.000092)	[00.000730,00.001174]
05_registration         	     42	00.262982	(00.006261 +- 00.001447)	[00.003657,00.011184]
06_map                  	     42	00.049860	(00.001187 +- 00.000172)	[00.000975,00.001926]
07_imu_opt              	     42	00.021278	(00.000507 +- 00.000247)	[00.000002,00.001131]
08_publish              	     42	00.657844	(00.015663 +- 00.000717)	[00.014087,00.017993]
step                    	     45	01.332866	(00.029619 +- 00.005384)	[00.006246,00.035792]

INFO  Timings:
SM Timing
-----------
00_conversion_livox     	     47	00.565314	(00.012028 +- 00.001035)	[00.009541,00.015710]
01_filter               	     46	00.020032	(00.000435 +- 00.000318)	[00.000298,00.002554]
02_preint               	     44	00.001622	(00.000037 +- 00.000005)	[00.000028,00.000059]
02a_intensity_preprocess	     46	00.180622	(00.003927 +- 00.000429)	[00.003453,00.005849]
03_undistortion         	     44	00.055006	(00.001250 +- 00.001116)	[00.000845,00.008355]
04_sampling             	     43	00.033815	(00.000786 +- 00.000102)	[00.000628,00.001153]
04b_intensity_sampling  	     43	00.037414	(00.000870 +- 00.000091)	[00.000730,00.001174]
05_registration         	     43	00.272165	(00.006329 +- 00.001497)	[00.003657,00.011184]
06_map                  	     43	00.051344	(00.001194 +- 00.000176)	[00.000975,00.001926]
07_imu_opt              	     43	00.022125	(00.000515 +- 00.000249)	[00.000002,00.001131]
08_publish              	     43	00.676272	(00.015727 +- 00.000822)	[00.014087,00.018428]
step                    	     46	01.371449	(00.029814 +- 00.005484)	[00.006246,00.038583]

INFO  Timings:
SM Timing
-----------
00_conversion_livox     	     48	00.580160	(00.012087 +- 00.001101)	[00.009541,00.015710]
01_filter               	     47	00.020519	(00.000437 +- 00.000315)	[00.000298,00.002554]
02_preint               	     45	00.001665	(00.000037 +- 00.000005)	[00.000028,00.000059]
02a_intensity_preprocess	     47	00.185508	(00.003947 +- 00.000447)	[00.003453,00.005849]
03_undistortion         	     45	00.056188	(00.001249 +- 00.001104)	[00.000845,00.008355]
04_sampling             	     44	00.035126	(00.000798 +- 00.000128)	[00.000628,00.001311]
04b_intensity_sampling  	     44	00.038374	(00.000872 +- 00.000091)	[00.000730,00.001174]
05_registration         	     44	00.278374	(00.006327 +- 00.001480)	[00.003657,00.011184]
06_map                  	     44	00.052820	(00.001200 +- 00.000179)	[00.000975,00.001926]
07_imu_opt              	     44	00.022874	(00.000520 +- 00.000249)	[00.000002,00.001131]
08_publish              	     44	00.696134	(00.015821 +- 00.001020)	[00.014087,00.019862]
step                    	     47	01.408731	(00.029973 +- 00.005531)	[00.006246,00.038583]

INFO  Timings:
SM Timing
-----------
00_conversion_livox     	     49	00.595530	(00.012154 +- 00.001184)	[00.009541,00.015710]
01_filter               	     48	00.020977	(00.000437 +- 00.000311)	[00.000298,00.002554]
02_preint               	     46	00.001703	(00.000037 +- 00.000005)	[00.000028,00.000059]
02a_intensity_preprocess	     48	00.190098	(00.003960 +- 00.000451)	[00.003453,00.005849]
03_undistortion         	     46	00.057324	(00.001246 +- 00.001092)	[00.000845,00.008355]
04_sampling             	     45	00.036129	(00.000803 +- 00.000130)	[00.000628,00.001311]
04b_intensity_sampling  	     45	00.039388	(00.000875 +- 00.000092)	[00.000730,00.001174]
05_registration         	     45	00.288297	(00.006407 +- 00.001556)	[00.003657,00.011184]
06_map                  	     45	00.054223	(00.001205 +- 00.000179)	[00.000975,00.001926]
07_imu_opt              	     45	00.024032	(00.000534 +- 00.000264)	[00.000002,00.001158]
08_publish              	     45	00.715874	(00.015908 +- 00.001162)	[00.014087,00.019862]
step                    	     48	01.449308	(00.030194 +- 00.005679)	[00.006246,00.040577]

INFO  Timings:
SM Timing
-----------
00_conversion_livox     	     50	00.611467	(00.012229 +- 00.001286)	[00.009541,00.015937]
01_filter               	     49	00.021471	(00.000438 +- 00.000308)	[00.000298,00.002554]
02_preint               	     47	00.001743	(00.000037 +- 00.000005)	[00.000028,00.000059]
02a_intensity_preprocess	     49	00.194950	(00.003979 +- 00.000464)	[00.003453,00.005849]
03_undistortion         	     47	00.058431	(00.001243 +- 00.001081)	[00.000845,00.008355]
04_sampling             	     46	00.037060	(00.000806 +- 00.000130)	[00.000628,00.001311]
04b_intensity_sampling  	     46	00.040295	(00.000876 +- 00.000091)	[00.000730,00.001174]
05_registration         	     46	00.295193	(00.006417 +- 00.001541)	[00.003657,00.011184]
06_map                  	     46	00.055644	(00.001210 +- 00.000180)	[00.000975,00.001926]
07_imu_opt              	     46	00.025007	(00.000544 +- 00.000268)	[00.000002,00.001158]
08_publish              	     46	00.735895	(00.015998 +- 00.001297)	[00.014087,00.020021]
step                    	     49	01.487058	(00.030348 +- 00.005721)	[00.006246,00.040577]

INFO  Timings:
SM Timing
-----------
00_conversion_livox     	     51	00.626282	(00.012280 +- 00.001280)	[00.009541,00.015937]
01_filter               	     50	00.021930	(00.000439 +- 00.000305)	[00.000298,00.002554]
02_preint               	     48	00.001813	(00.000038 +- 00.000007)	[00.000028,00.000070]
02a_intensity_preprocess	     50	00.199716	(00.003994 +- 00.000473)	[00.003453,00.005849]
03_undistortion         	     48	00.059476	(00.001239 +- 00.001070)	[00.000845,00.008355]
04_sampling             	     47	00.039819	(00.000847 +- 00.000310)	[00.000628,00.002759]
04b_intensity_sampling  	     47	00.041384	(00.000881 +- 00.000095)	[00.000730,00.001174]
05_registration         	     47	00.302297	(00.006432 +- 00.001528)	[00.003657,00.011184]
06_map                  	     47	00.056943	(00.001212 +- 00.000179)	[00.000975,00.001926]
07_imu_opt              	     47	00.025810	(00.000549 +- 00.000268)	[00.000002,00.001158]
08_publish              	     47	00.756279	(00.016091 +- 00.001431)	[00.014087,00.020384]
step                    	     50	01.526950	(00.030539 +- 00.005819)	[00.006246,00.040577]

INFO  Timings:
SM Timing
-----------
00_conversion_livox     	     52	00.641010	(00.012327 +- 00.001263)	[00.009541,00.015937]
01_filter               	     51	00.022379	(00.000439 +- 00.000043)	[00.000298,00.002554]
02_preint               	     49	00.001856	(00.000038 +- 00.000007)	[00.000028,00.000070]
02a_intensity_preprocess	     51	00.204317	(00.004006 +- 00.000477)	[00.003453,00.005849]
03_undistortion         	     49	00.060483	(00.001234 +- 00.001059)	[00.000845,00.008355]
04_sampling             	     48	00.040791	(00.000850 +- 00.000307)	[00.000628,00.002759]
04b_intensity_sampling  	     48	00.042505	(00.000886 +- 00.000101)	[00.000730,00.001174]
05_registration         	     48	00.310127	(00.006461 +- 00.001525)	[00.003657,00.011184]
06_map                  	     48	00.058652	(00.001222 +- 00.000191)	[00.000975,00.001926]
07_imu_opt              	     48	00.026746	(00.000557 +- 00.000271)	[00.000002,00.001158]
08_publish              	     48	00.774884	(00.016143 +- 00.001460)	[00.014087,00.020384]
step                    	     51	01.564328	(00.030673 +- 00.004829)	[00.006246,00.040577]

INFO  Timings:
SM Timing
-----------
00_conversion_livox     	     53	00.655025	(00.012359 +- 00.001212)	[00.009541,00.015937]
01_filter               	     52	00.022855	(00.000440 +- 00.000044)	[00.000298,00.002554]
02_preint               	     50	00.001890	(00.000038 +- 00.000007)	[00.000028,00.000070]
02a_intensity_preprocess	     52	00.208584	(00.004011 +- 00.000399)	[00.003453,00.005849]
03_undistortion         	     50	00.061482	(00.001230 +- 00.001049)	[00.000845,00.008355]
04_sampling             	     49	00.041552	(00.000848 +- 00.000304)	[00.000628,00.002759]
04b_intensity_sampling  	     49	00.043356	(00.000885 +- 00.000100)	[00.000730,00.001174]
05_registration         	     49	00.316734	(00.006464 +- 00.001509)	[00.003657,00.011184]
06_map                  	     49	00.059796	(00.001220 +- 00.000189)	[00.000975,00.001926]
07_imu_opt              	     49	00.027812	(00.000568 +- 00.000278)	[00.000002,00.001158]
08_publish              	     49	00.792495	(00.016173 +- 00.001460)	[00.014087,00.020384]
step                    	     52	01.598243	(00.030735 +- 00.003281)	[00.006246,00.040577]

INFO  Timings:
SM Timing
-----------
00_conversion_livox     	     54	00.668472	(00.012379 +- 00.001199)	[00.009541,00.015937]
01_filter               	     53	00.023251	(00.000439 +- 00.000044)	[00.000298,00.002554]
02_preint               	     51	00.001927	(00.000038 +- 00.000007)	[00.000028,00.000070]
02a_intensity_preprocess	     53	00.212849	(00.004016 +- 00.000396)	[00.003453,00.005849]
03_undistortion         	     51	00.062373	(00.001223 +- 00.000255)	[00.000845,00.008355]
04_sampling             	     50	00.042469	(00.000849 +- 00.000301)	[00.000628,00.002759]
04b_intensity_sampling  	     50	00.044232	(00.000885 +- 00.000099)	[00.000730,00.001174]
05_registration         	     50	00.325543	(00.006511 +- 00.001530)	[00.003657,00.011184]
06_map                  	     50	00.061233	(00.001225 +- 00.000190)	[00.000975,00.001926]
07_imu_opt              	     50	00.028774	(00.000575 +- 00.000280)	[00.000002,00.001158]
08_publish              	     50	00.810772	(00.016215 +- 00.001475)	[00.014087,00.020384]
step                    	     53	01.635202	(00.030853 +- 00.003361)	[00.006246,00.040577]

INFO  Timings:
SM Timing
-----------
00_conversion_livox     	     55	00.682423	(00.012408 +- 00.001199)	[00.009541,00.015937]
01_filter               	     54	00.023682	(00.000439 +- 00.000043)	[00.000298,00.002554]
02_preint               	     52	00.001967	(00.000038 +- 00.000007)	[00.000028,00.000070]
02a_intensity_preprocess	     54	00.217224	(00.004023 +- 00.000400)	[00.003453,00.005849]
03_undistortion         	     52	00.063674	(00.001224 +- 00.000251)	[00.000845,00.008355]
04_sampling             	     51	00.043316	(00.000849 +- 00.000300)	[00.000628,00.002759]
04b_intensity_sampling  	     51	00.045038	(00.000883 +- 00.000099)	[00.000730,00.001174]
05_registration         	     51	00.335120	(00.006571 +- 00.001533)	[00.003657,00.011184]
06_map                  	     51	00.062538	(00.001226 +- 00.000185)	[00.000975,00.001926]
07_imu_opt              	     51	00.029963	(00.000588 +- 00.000281)	[00.000002,00.001190]
08_publish              	     51	00.829228	(00.016259 +- 00.001499)	[00.014087,00.020384]
step                    	     54	01.673631	(00.030993 +- 00.003434)	[00.006246,00.040577]

INFO  Timings:
SM Timing
-----------
00_conversion_livox     	     56	00.696445	(00.012437 +- 00.001209)	[00.009541,00.015937]
01_filter               	     55	00.024069	(00.000438 +- 00.000043)	[00.000298,00.002554]
02_preint               	     53	00.002007	(00.000038 +- 00.000007)	[00.000028,00.000070]
02a_intensity_preprocess	     55	00.221588	(00.004029 +- 00.000403)	[00.003453,00.005849]
03_undistortion         	     53	00.064784	(00.001222 +- 00.000234)	[00.000845,00.008355]
04_sampling             	     52	00.044124	(00.000849 +- 00.000300)	[00.000628,00.002759]
04b_intensity_sampling  	     52	00.045910	(00.000883 +- 00.000099)	[00.000730,00.001174]
05_registration         	     52	00.343396	(00.006604 +- 00.001551)	[00.003657,00.011184]
06_map                  	     52	00.064219	(00.001235 +- 00.000195)	[00.000975,00.001926]
07_imu_opt              	     52	00.031404	(00.000604 +- 00.000292)	[00.000002,00.001440]
08_publish              	     52	00.848163	(00.016311 +- 00.001524)	[00.014087,00.020384]
step                    	     55	01.711647	(00.031121 +- 00.003522)	[00.006246,00.040577]

INFO  Timings:
SM Timing
-----------
00_conversion_livox     	     57	00.711164	(00.012477 +- 00.001220)	[00.009541,00.015937]
01_filter               	     56	00.024478	(00.000437 +- 00.000043)	[00.000298,00.002554]
02_preint               	     54	00.002049	(00.000038 +- 00.000007)	[00.000028,00.000070]
02a_intensity_preprocess	     56	00.225960	(00.004035 +- 00.000399)	[00.003453,00.005849]
03_undistortion         	     54	00.065746	(00.001218 +- 00.000234)	[00.000845,00.008355]
04_sampling             	     53	00.045348	(00.000856 +- 00.000304)	[00.000628,00.002759]
04b_intensity_sampling  	     53	00.046785	(00.000883 +- 00.000099)	[00.000730,00.001174]
05_registration         	     53	00.349988	(00.006604 +- 00.001521)	[00.003657,00.011184]
06_map                  	     53	00.065372	(00.001233 +- 00.000194)	[00.000975,00.001926]
07_imu_opt              	     53	00.032603	(00.000615 +- 00.000289)	[00.000002,00.001440]
08_publish              	     53	00.866861	(00.016356 +- 00.001522)	[00.014087,00.020384]
step                    	     56	01.747266	(00.031201 +- 00.003456)	[00.006246,00.040577]

INFO  Timings:
SM Timing
-----------
00_conversion_livox     	     58	00.725322	(00.012506 +- 00.001214)	[00.009541,00.015937]
01_filter               	     57	00.024900	(00.000437 +- 00.000043)	[00.000298,00.002554]
02_preint               	     55	00.002092	(00.000038 +- 00.000007)	[00.000028,00.000070]
02a_intensity_preprocess	     57	00.230413	(00.004042 +- 00.000399)	[00.003453,00.005849]
03_undistortion         	     55	00.066760	(00.001214 +- 00.000234)	[00.000845,00.008355]
04_sampling             	     54	00.046114	(00.000854 +- 00.000304)	[00.000628,00.002759]
04b_intensity_sampling  	     54	00.047623	(00.000882 +- 00.000090)	[00.000730,00.001174]
05_registration         	     54	00.356323	(00.006599 +- 00.001520)	[00.003657,00.011184]
06_map                  	     54	00.066588	(00.001233 +- 00.000192)	[00.000975,00.001926]
07_imu_opt              	     54	00.033638	(00.000623 +- 00.000279)	[00.000002,00.001440]
08_publish              	     54	00.885196	(00.016393 +- 00.001515)	[00.014087,00.020384]
step                    	     57	01.781792	(00.031260 +- 00.003425)	[00.006246,00.040577]

INFO  Timings:
SM Timing
-----------
00_conversion_livox     	     59	00.739348	(00.012531 +- 00.001204)	[00.009541,00.015937]
01_filter               	     58	00.025321	(00.000437 +- 00.000043)	[00.000298,00.002554]
02_preint               	     56	00.002138	(00.000038 +- 00.000007)	[00.000028,00.000070]
02a_intensity_preprocess	     58	00.234899	(00.004050 +- 00.000397)	[00.003453,00.005849]
03_undistortion         	     56	00.067867	(00.001212 +- 00.000234)	[00.000845,00.008355]
04_sampling             	     55	00.046995	(00.000854 +- 00.000303)	[00.000628,00.002759]
04b_intensity_sampling  	     55	00.048534	(00.000882 +- 00.000090)	[00.000730,00.001174]
05_registration         	     55	00.365551	(00.006646 +- 00.001558)	[00.003657,00.011184]
06_map                  	     55	00.067854	(00.001234 +- 00.000192)	[00.000975,00.001926]
07_imu_opt              	     55	00.034614	(00.000629 +- 00.000282)	[00.000002,00.001440]
08_publish              	     55	00.903367	(00.016425 +- 00.001524)	[00.014087,00.020384]
step                    	     58	01.819375	(00.031369 +- 00.003494)	[00.006246,00.040577]

INFO  Timings:
SM Timing
-----------
00_conversion_livox     	     60	00.753366	(00.012556 +- 00.001207)	[00.009541,00.015937]
01_filter               	     59	00.025749	(00.000436 +- 00.000042)	[00.000298,00.002554]
02_preint               	     57	00.002182	(00.000038 +- 00.000007)	[00.000028,00.000070]
02a_intensity_preprocess	     59	00.239162	(00.004054 +- 00.000396)	[00.003453,00.005849]
03_undistortion         	     57	00.068897	(00.001209 +- 00.000232)	[00.000845,00.008355]
04_sampling             	     56	00.047916	(00.000856 +- 00.000303)	[00.000628,00.002759]
04b_intensity_sampling  	     56	00.049456	(00.000883 +- 00.000090)	[00.000730,00.001174]
05_registration         	     56	00.371947	(00.006642 +- 00.001558)	[00.003657,00.011184]
06_map                  	     56	00.069020	(00.001233 +- 00.000192)	[00.000975,00.001926]
07_imu_opt              	     56	00.035621	(00.000636 +- 00.000280)	[00.000002,00.001440]
08_publish              	     56	00.920966	(00.016446 +- 00.001523)	[00.014087,00.020384]
step                    	     59	01.853243	(00.031411 +- 00.003483)	[00.006246,00.040577]

INFO  Timings:
SM Timing
-----------
00_conversion_livox     	     61	00.766838	(00.012571 +- 00.001200)	[00.009541,00.015937]
01_filter               	     60	00.026148	(00.000436 +- 00.000042)	[00.000298,00.002554]
02_preint               	     58	00.002224	(00.000038 +- 00.000007)	[00.000028,00.000070]
02a_intensity_preprocess	     60	00.243317	(00.004055 +- 00.000394)	[00.003453,00.005849]
03_undistortion         	     58	00.069875	(00.001205 +- 00.000230)	[00.000845,00.008355]
04_sampling             	     57	00.048673	(00.000854 +- 00.000303)	[00.000628,00.002759]
04b_intensity_sampling  	     57	00.050324	(00.000883 +- 00.000090)	[00.000730,00.001174]
05_registration         	     57	00.377584	(00.006624 +- 00.001561)	[00.003657,00.011184]
06_map                  	     57	00.070281	(00.001233 +- 00.000187)	[00.000975,00.001926]
07_imu_opt              	     57	00.036568	(00.000642 +- 00.000278)	[00.000002,00.001440]
08_publish              	     57	00.938038	(00.016457 +- 00.001517)	[00.014087,00.020384]
step                    	     60	01.885451	(00.031424 +- 00.003466)	[00.006246,00.040577]

INFO  Timings:
SM Timing
-----------
00_conversion_livox     	     62	00.780151	(00.012583 +- 00.001198)	[00.009541,00.015937]
01_filter               	     61	00.026489	(00.000434 +- 00.000043)	[00.000298,00.002554]
02_preint               	     59	00.002267	(00.000038 +- 00.000007)	[00.000028,00.000070]
02a_intensity_preprocess	     61	00.247583	(00.004059 +- 00.000394)	[00.003453,00.005849]
03_undistortion         	     59	00.070789	(00.001200 +- 00.000231)	[00.000845,00.008355]
04_sampling             	     58	00.049504	(00.000854 +- 00.000303)	[00.000628,00.002759]
04b_intensity_sampling  	     58	00.051160	(00.000882 +- 00.000090)	[00.000730,00.001174]
05_registration         	     58	00.385395	(00.006645 +- 00.001555)	[00.003657,00.011184]
06_map                  	     58	00.071461	(00.001232 +- 00.000185)	[00.000975,00.001926]
07_imu_opt              	     58	00.037650	(00.000649 +- 00.000282)	[00.000002,00.001440]
08_publish              	     58	00.955717	(00.016478 +- 00.001518)	[00.014087,00.020384]
step                    	     61	01.920514	(00.031484 +- 00.003453)	[00.006246,00.040577]

INFO  Timings:
SM Timing
-----------
00_conversion_livox     	     63	00.793539	(00.012596 +- 00.001197)	[00.009541,00.015937]
01_filter               	     62	00.026886	(00.000434 +- 00.000040)	[00.000298,00.002554]
02_preint               	     60	00.002314	(00.000039 +- 00.000007)	[00.000028,00.000070]
02a_intensity_preprocess	     62	00.251745	(00.004060 +- 00.000394)	[00.003453,00.005849]
03_undistortion         	     60	00.071789	(00.001196 +- 00.000230)	[00.000845,00.008355]
04_sampling             	     59	00.050361	(00.000854 +- 00.000303)	[00.000628,00.002759]
04b_intensity_sampling  	     59	00.052043	(00.000882 +- 00.000089)	[00.000730,00.001174]
05_registration         	     59	00.391416	(00.006634 +- 00.001553)	[00.003657,00.011184]
06_map                  	     59	00.072672	(00.001232 +- 00.000185)	[00.000975,00.001926]
07_imu_opt              	     59	00.038677	(00.000656 +- 00.000282)	[00.000002,00.001440]
08_publish              	     59	00.972440	(00.016482 +- 00.001512)	[00.014087,00.020384]
step                    	     62	01.952910	(00.031499 +- 00.003434)	[00.006246,00.040577]

INFO  Timings:
SM Timing
-----------
00_conversion_livox     	     64	00.806824	(00.012607 +- 00.001197)	[00.009541,00.015937]
01_filter               	     63	00.027209	(00.000432 +- 00.000041)	[00.000298,00.002554]
02_preint               	     61	00.002351	(00.000039 +- 00.000007)	[00.000028,00.000070]
02a_intensity_preprocess	     63	00.255782	(00.004060 +- 00.000392)	[00.003453,00.005849]
03_undistortion         	     61	00.072806	(00.001194 +- 00.000229)	[00.000845,00.008355]
04_sampling             	     60	00.051216	(00.000854 +- 00.000302)	[00.000628,00.002759]
04b_intensity_sampling  	     60	00.052928	(00.000882 +- 00.000089)	[00.000730,00.001174]
05_registration         	     60	00.398823	(00.006647 +- 00.001547)	[00.003657,00.011184]
06_map                  	     60	00.073876	(00.001231 +- 00.000184)	[00.000975,00.001926]
07_imu_opt              	     60	00.039766	(00.000663 +- 00.000286)	[00.000002,00.001440]
08_publish              	     60	00.988862	(00.016481 +- 00.001511)	[00.014087,00.020384]
step                    	     63	01.986256	(00.031528 +- 00.003435)	[00.006246,00.040577]

INFO  Timings:
SM Timing
-----------
00_conversion_livox     	     65	00.820071	(00.012616 +- 00.001197)	[00.009541,00.015937]
01_filter               	     64	00.027535	(00.000430 +- 00.000042)	[00.000298,00.002554]
02_preint               	     62	00.002391	(00.000039 +- 00.000007)	[00.000028,00.000070]
02a_intensity_preprocess	     64	00.259749	(00.004059 +- 00.000389)	[00.003453,00.005849]
03_undistortion         	     62	00.073777	(00.001190 +- 00.000229)	[00.000845,00.008355]
04_sampling             	     61	00.051993	(00.000852 +- 00.000302)	[00.000628,00.002759]
04b_intensity_sampling  	     61	00.053673	(00.000880 +- 00.000091)	[00.000730,00.001174]
05_registration         	     61	00.405578	(00.006649 +- 00.001525)	[00.003657,00.011184]
06_map                  	     61	00.075264	(00.001234 +- 00.000183)	[00.000975,00.001926]
07_imu_opt              	     61	00.040983	(00.000672 +- 00.000284)	[00.000002,00.001440]
08_publish              	     61	01.004493	(00.016467 +- 00.001508)	[00.014087,00.020384]
step                    	     64	02.018136	(00.031533 +- 00.003384)	[00.006246,00.040577]

INFO  Timings:
SM Timing
-----------
00_conversion_livox     	     66	00.833181	(00.012624 +- 00.001187)	[00.009541,00.015937]
01_filter               	     65	00.027826	(00.000428 +- 00.000045)	[00.000291,00.002554]
02_preint               	     63	00.002432	(00.000039 +- 00.000007)	[00.000028,00.000070]
02a_intensity_preprocess	     65	00.263694	(00.004057 +- 00.000389)	[00.003453,00.005849]
03_undistortion         	     63	00.074686	(00.001185 +- 00.000230)	[00.000845,00.008355]
04_sampling             	     62	00.052709	(00.000850 +- 00.000303)	[00.000628,00.002759]
04b_intensity_sampling  	     62	00.054554	(00.000880 +- 00.000090)	[00.000730,00.001174]
05_registration         	     62	00.410943	(00.006628 +- 00.001536)	[00.003657,00.011184]
06_map                  	     62	00.076493	(00.001234 +- 00.000182)	[00.000975,00.001926]
07_imu_opt              	     62	00.042019	(00.000678 +- 00.000281)	[00.000002,00.001440]
08_publish              	     62	01.020356	(00.016457 +- 00.001511)	[00.014087,00.020384]
step                    	     65	02.048477	(00.031515 +- 00.003401)	[00.006246,00.040577]

INFO  Timings:
SM Timing
-----------
00_conversion_livox     	     67	00.846285	(00.012631 +- 00.001185)	[00.009541,00.015937]
01_filter               	     66	00.028097	(00.000426 +- 00.000048)	[00.000271,00.002554]
02_preint               	     64	00.002471	(00.000039 +- 00.000007)	[00.000028,00.000070]
02a_intensity_preprocess	     66	00.267559	(00.004054 +- 00.000387)	[00.003453,00.005849]
03_undistortion         	     64	00.075641	(00.001182 +- 00.000230)	[00.000845,00.008355]
04_sampling             	     63	00.053415	(00.000848 +- 00.000304)	[00.000628,00.002759]
04b_intensity_sampling  	     63	00.055484	(00.000881 +- 00.000086)	[00.000730,00.001174]
05_registration         	     63	00.416453	(00.006610 +- 00.001545)	[00.003657,00.011184]
06_map                  	     63	00.077676	(00.001233 +- 00.000180)	[00.000975,00.001926]
07_imu_opt              	     63	00.043247	(00.000686 +- 00.000282)	[00.000002,00.001440]
08_publish              	     63	01.035173	(00.016431 +- 00.001528)	[00.014087,00.020384]
step                    	     66	02.078039	(00.031485 +- 00.003420)	[00.006246,00.040577]

INFO  Timings:
SM Timing
-----------
00_conversion_livox     	     68	00.859377	(00.012638 +- 00.001169)	[00.009541,00.015937]
01_filter               	     67	00.028394	(00.000424 +- 00.000050)	[00.000271,00.002554]
02_preint               	     65	00.002512	(00.000039 +- 00.000007)	[00.000028,00.000070]
02a_intensity_preprocess	     67	00.271338	(00.004050 +- 00.000387)	[00.003453,00.005849]
03_undistortion         	     65	00.076624	(00.001179 +- 00.000228)	[00.000845,00.008355]
04_sampling             	     64	00.054061	(00.000845 +- 00.000305)	[00.000628,00.002759]
04b_intensity_sampling  	     64	00.056341	(00.000880 +- 00.000086)	[00.000730,00.001174]
05_registration         	     64	00.421225	(00.006582 +- 00.001554)	[00.003657,00.011184]
06_map                  	     64	00.078682	(00.001229 +- 00.000182)	[00.000975,00.001926]
07_imu_opt              	     64	00.044826	(00.000700 +- 00.000299)	[00.000002,00.001579]
08_publish              	     64	01.049360	(00.016396 +- 00.001563)	[00.014087,00.020384]
step                    	     67	02.106253	(00.031437 +- 00.003482)	[00.006246,00.040577]

INFO  Timings:
SM Timing
-----------
00_conversion_livox     	     69	00.872526	(00.012645 +- 00.001160)	[00.009541,00.015937]
01_filter               	     68	00.028673	(00.000422 +- 00.000052)	[00.000271,00.002554]
02_preint               	     66	00.002547	(00.000039 +- 00.000007)	[00.000028,00.000070]
02a_intensity_preprocess	     68	00.275034	(00.004045 +- 00.000386)	[00.003453,00.005849]
03_undistortion         	     66	00.077616	(00.001176 +- 00.000227)	[00.000845,00.008355]
04_sampling             	     65	00.054605	(00.000840 +- 00.000308)	[00.000545,00.002759]
04b_intensity_sampling  	     65	00.057181	(00.000880 +- 00.000085)	[00.000730,00.001174]
05_registration         	     65	00.427857	(00.006582 +- 00.001529)	[00.003657,00.011184]
06_map                  	     65	00.079675	(00.001226 +- 00.000185)	[00.000975,00.001926]
07_imu_opt              	     65	00.046091	(00.000709 +- 00.000296)	[00.000002,00.001579]
08_publish              	     65	01.064260	(00.016373 +- 00.001575)	[00.014087,00.020384]
step                    	     68	02.136490	(00.031419 +- 00.003446)	[00.006246,00.040577]

INFO  Timings:
SM Timing
-----------
00_conversion_livox     	     70	00.885853	(00.012655 +- 00.001148)	[00.009541,00.015937]
01_filter               	     69	00.028967	(00.000420 +- 00.000054)	[00.000271,00.002554]
02_preint               	     67	00.002587	(00.000039 +- 00.000007)	[00.000028,00.000070]
02a_intensity_preprocess	     69	00.278808	(00.004041 +- 00.000385)	[00.003453,00.005849]
03_undistortion         	     67	00.078561	(00.001173 +- 00.000227)	[00.000845,00.008355]
04_sampling             	     66	00.055428	(00.000840 +- 00.000308)	[00.000545,00.002759]
04b_intensity_sampling  	     66	00.058104	(00.000880 +- 00.000085)	[00.000730,00.001174]
05_registration         	     66	00.434645	(00.006586 +- 00.001501)	[00.003657,00.011184]
06_map                  	     66	00.080733	(00.001223 +- 00.000186)	[00.000975,00.001926]
07_imu_opt              	     66	00.047432	(00.000719 +- 00.000294)	[00.000002,00.001579]
08_publish              	     66	01.079006	(00.016349 +- 00.001580)	[00.014087,00.020384]
step                    	     69	02.167290	(00.031410 +- 00.003396)	[00.006246,00.040577]

INFO  Timings:
SM Timing
-----------
00_conversion_livox     	     71	00.899045	(00.012663 +- 00.001133)	[00.009541,00.015937]
01_filter               	     70	00.029276	(00.000418 +- 00.000055)	[00.000271,00.002554]
02_preint               	     68	00.002625	(00.000039 +- 00.000007)	[00.000028,00.000070]
02a_intensity_preprocess	     70	00.282488	(00.004036 +- 00.000385)	[00.003453,00.005849]
03_undistortion         	     68	00.079570	(00.001170 +- 00.000225)	[00.000845,00.008355]
04_sampling             	     67	00.056012	(00.000836 +- 00.000309)	[00.000545,00.002759]
04b_intensity_sampling  	     67	00.059040	(00.000881 +- 00.000085)	[00.000730,00.001174]
05_registration         	     67	00.439579	(00.006561 +- 00.001522)	[00.003657,00.011184]
06_map                  	     67	00.081749	(00.001220 +- 00.000161)	[00.000975,00.001926]
07_imu_opt              	     67	00.048700	(00.000727 +- 00.000295)	[00.000002,00.001579]
08_publish              	     67	01.093149	(00.016316 +- 00.001613)	[00.014087,00.020384]
step                    	     70	02.195278	(00.031361 +- 00.003456)	[00.006246,00.040577]

INFO  Timings:
SM Timing
-----------
00_conversion_livox     	     71	00.899045	(00.012663 +- 00.001133)	[00.009541,00.015937]
01_filter               	     71	00.029582	(00.000417 +- 00.000056)	[00.000271,00.002554]
02_preint               	     69	00.002662	(00.000039 +- 00.000007)	[00.000028,00.000070]
02a_intensity_preprocess	     71	00.286235	(00.004031 +- 00.000386)	[00.003453,00.005849]
03_undistortion         	     69	00.080665	(00.001169 +- 00.000225)	[00.000845,00.008355]
04_sampling             	     68	00.056588	(00.000832 +- 00.000312)	[00.000545,00.002759]
04b_intensity_sampling  	     68	00.059967	(00.000882 +- 00.000084)	[00.000730,00.001174]
05_registration         	     68	00.444912	(00.006543 +- 00.001511)	[00.003657,00.011184]
06_map                  	     68	00.082871	(00.001219 +- 00.000158)	[00.000975,00.001926]
07_imu_opt              	     68	00.049778	(00.000732 +- 00.000286)	[00.000002,00.001579]
08_publish              	     68	01.107582	(00.016288 +- 00.001630)	[00.014087,00.020384]
step                    	     71	02.224002	(00.031324 +- 00.003456)	[00.006246,00.040577]

INFO  Timings:
SM Timing
-----------
00_conversion_livox     	     73	00.925272	(00.012675 +- 00.001118)	[00.009541,00.015937]
01_filter               	     72	00.029909	(00.000415 +- 00.000056)	[00.000271,00.002554]
02_preint               	     70	00.002721	(00.000039 +- 00.000007)	[00.000028,00.000070]
02a_intensity_preprocess	     72	00.290717	(00.004038 +- 00.000388)	[00.003453,00.005849]
03_undistortion         	     70	00.081723	(00.001167 +- 00.000224)	[00.000845,00.008355]
04_sampling             	     69	00.057242	(00.000830 +- 00.000313)	[00.000545,00.002759]
04b_intensity_sampling  	     69	00.061069	(00.000885 +- 00.000089)	[00.000730,00.001174]
05_registration         	     69	00.450071	(00.006523 +- 00.001527)	[00.003657,00.011184]
06_map                  	     69	00.084060	(00.001218 +- 00.000158)	[00.000975,00.001926]
07_imu_opt              	     69	00.051824	(00.000751 +- 00.000325)	[00.000002,00.002046]
08_publish              	     69	01.124947	(00.016304 +- 00.001630)	[00.014087,00.020384]
step                    	     72	02.257521	(00.031354 +- 00.003453)	[00.006246,00.040577]

INFO  Timings:
SM Timing
-----------
00_conversion_livox     	     74	00.938369	(00.012681 +- 00.001112)	[00.009541,00.015937]
01_filter               	     73	00.030233	(00.000414 +- 00.000056)	[00.000271,00.002554]
02_preint               	     71	00.002769	(00.000039 +- 00.000007)	[00.000028,00.000070]
02a_intensity_preprocess	     73	00.294591	(00.004035 +- 00.000386)	[00.003453,00.005849]
03_undistortion         	     71	00.082745	(00.001165 +- 00.000224)	[00.000845,00.008355]
04_sampling             	     70	00.057831	(00.000826 +- 00.000315)	[00.000545,00.002759]
04b_intensity_sampling  	     70	00.061938	(00.000885 +- 00.000089)	[00.000730,00.001174]
05_registration         	     70	00.456192	(00.006517 +- 00.001496)	[00.003657,00.011184]
06_map                  	     70	00.085146	(00.001216 +- 00.000159)	[00.000975,00.001926]
07_imu_opt              	     70	00.052874	(00.000755 +- 00.000320)	[00.000002,00.002046]
08_publish              	     70	01.139821	(00.016283 +- 00.001640)	[00.014087,00.020384]
step                    	     73	02.287451	(00.031335 +- 00.003427)	[00.006246,00.040577]

INFO  Timings:
SM Timing
-----------
00_conversion_livox     	     75	00.951444	(00.012686 +- 00.001095)	[00.009541,00.015937]
01_filter               	     74	00.030554	(00.000413 +- 00.000057)	[00.000271,00.002554]
02_preint               	     72	00.002809	(00.000039 +- 00.000007)	[00.000028,00.000070]
02a_intensity_preprocess	     74	00.298497	(00.004034 +- 00.000383)	[00.003453,00.005849]
03_undistortion         	     72	00.083728	(00.001163 +- 00.000224)	[00.000845,00.008355]
04_sampling             	     71	00.058595	(00.000825 +- 00.000315)	[00.000545,00.002759]
04b_intensity_sampling  	     71	00.063017	(00.000888 +- 00.000093)	[00.000730,00.001174]
05_registration         	     71	00.461094	(00.006494 +- 00.001503)	[00.003657,00.011184]
06_map                  	     71	00.086288	(00.001215 +- 00.000156)	[00.000975,00.001926]
07_imu_opt              	     71	00.054241	(00.000764 +- 00.000319)	[00.000002,00.002046]
08_publish              	     71	01.155090	(00.016269 +- 00.001641)	[00.014087,00.020384]
step                    	     74	02.317295	(00.031315 +- 00.003405)	[00.006246,00.040577]

INFO  Timings:
SM Timing
-----------
00_conversion_livox     	     76	00.964539	(00.012691 +- 00.001081)	[00.009541,00.015937]
01_filter               	     75	00.030871	(00.000412 +- 00.000057)	[00.000271,00.002554]
02_preint               	     73	00.002847	(00.000039 +- 00.000007)	[00.000028,00.000070]
02a_intensity_preprocess	     75	00.302509	(00.004033 +- 00.000379)	[00.003453,00.005849]
03_undistortion         	     73	00.084789	(00.001161 +- 00.000223)	[00.000845,00.008355]
04_sampling             	     72	00.059238	(00.000823 +- 00.000315)	[00.000545,00.002759]
04b_intensity_sampling  	     72	00.063989	(00.000889 +- 00.000094)	[00.000730,00.001174]
05_registration         	     72	00.467256	(00.006490 +- 00.001363)	[00.003657,00.011184]
06_map                  	     72	00.087398	(00.001214 +- 00.000156)	[00.000975,00.001926]
07_imu_opt              	     72	00.056161	(00.000780 +- 00.000340)	[00.000002,00.002046]
08_publish              	     72	01.170602	(00.016258 +- 00.001644)	[00.014087,00.020384]
step                    	     75	02.349110	(00.031321 +- 00.003391)	[00.006246,00.040577]

INFO  Timings:
SM Timing
-----------
00_conversion_livox     	     77	00.977516	(00.012695 +- 00.001078)	[00.009541,00.015937]
01_filter               	     76	00.031272	(00.000411 +- 00.000057)	[00.000271,00.002554]
02_preint               	     74	00.002886	(00.000039 +- 00.000007)	[00.000028,00.000070]
02a_intensity_preprocess	     76	00.306415	(00.004032 +- 00.000378)	[00.003453,00.005849]
03_undistortion         	     74	00.085732	(00.001159 +- 00.000224)	[00.000845,00.008355]
04_sampling             	     73	00.059800	(00.000819 +- 00.000317)	[00.000545,00.002759]
04b_intensity_sampling  	     73	00.064928	(00.000889 +- 00.000093)	[00.000730,00.001174]
05_registration         	     73	00.473972	(00.006493 +- 00.001350)	[00.003657,00.011184]
06_map                  	     73	00.088514	(00.001213 +- 00.000155)	[00.000975,00.001926]
07_imu_opt              	     73	00.058947	(00.000807 +- 00.000419)	[00.000002,00.002787]
08_publish              	     73	01.185752	(00.016243 +- 00.001650)	[00.014087,00.020384]
step                    	     76	02.381739	(00.031339 +- 00.003357)	[00.006246,00.040577]

INFO  Timings:
SM Timing
-----------
00_conversion_livox     	     78	00.990261	(00.012696 +- 00.001054)	[00.009541,00.015937]
01_filter               	     77	00.031573	(00.000410 +- 00.000058)	[00.000271,00.002554]
02_preint               	     75	00.002924	(00.000039 +- 00.000007)	[00.000028,00.000070]
02a_intensity_preprocess	     77	00.310175	(00.004028 +- 00.000378)	[00.003453,00.005849]
03_undistortion         	     75	00.086609	(00.001155 +- 00.000225)	[00.000845,00.008355]
04_sampling             	     74	00.060347	(00.000816 +- 00.000319)	[00.000545,00.002759]
04b_intensity_sampling  	     74	00.065888	(00.000890 +- 00.000094)	[00.000730,00.001174]
05_registration         	     74	00.478922	(00.006472 +- 00.001367)	[00.003657,00.011184]
06_map                  	     74	00.090860	(00.001228 +- 00.000219)	[00.000975,00.002346]
07_imu_opt              	     74	00.060613	(00.000819 +- 00.000422)	[00.000002,00.002787]
08_publish              	     74	01.200507	(00.016223 +- 00.001664)	[00.014087,00.020384]
step                    	     77	02.412009	(00.031325 +- 00.003371)	[00.006246,00.040577]

INFO  Timings:
SM Timing
-----------
00_conversion_livox     	     79	01.003331	(00.012700 +- 00.001028)	[00.009541,00.015937]
01_filter               	     78	00.031877	(00.000409 +- 00.000059)	[00.000271,00.002554]
02_preint               	     76	00.002959	(00.000039 +- 00.000007)	[00.000028,00.000070]
02a_intensity_preprocess	     78	00.313975	(00.004025 +- 00.000375)	[00.003453,00.005849]
03_undistortion         	     76	00.087444	(00.001151 +- 00.000226)	[00.000836,00.008355]
04_sampling             	     75	00.061061	(00.000814 +- 00.000319)	[00.000545,00.002759]
04b_intensity_sampling  	     75	00.066827	(00.000891 +- 00.000092)	[00.000730,00.001174]
05_registration         	     75	00.484368	(00.006458 +- 00.001377)	[00.003657,00.011184]
06_map                  	     75	00.091883	(00.001225 +- 00.000221)	[00.000975,00.002346]
07_imu_opt              	     75	00.061917	(00.000826 +- 00.000417)	[00.000002,00.002787]
08_publish              	     75	01.215813	(00.016211 +- 00.001666)	[00.014087,00.020384]
step                    	     78	02.441778	(00.031305 +- 00.003382)	[00.006246,00.040577]

INFO  Timings:
SM Timing
-----------
00_conversion_livox     	     80	01.017468	(00.012718 +- 00.001023)	[00.009541,00.015937]
01_filter               	     79	00.032178	(00.000407 +- 00.000060)	[00.000271,00.002554]
02_preint               	     77	00.002998	(00.000039 +- 00.000007)	[00.000028,00.000070]
02a_intensity_preprocess	     79	00.317815	(00.004023 +- 00.000375)	[00.003453,00.005849]
03_undistortion         	     77	00.088323	(00.001147 +- 00.000226)	[00.000836,00.008355]
04_sampling             	     76	00.061623	(00.000811 +- 00.000321)	[00.000545,00.002759]
04b_intensity_sampling  	     76	00.067751	(00.000891 +- 00.000092)	[00.000730,00.001174]
05_registration         	     76	00.489585	(00.006442 +- 00.001389)	[00.003657,00.011184]
06_map                  	     76	00.092834	(00.001221 +- 00.000225)	[00.000951,00.002346]
07_imu_opt              	     76	00.064189	(00.000845 +- 00.000446)	[00.000002,00.002787]
08_publish              	     76	01.230551	(00.016191 +- 00.001680)	[00.014087,00.020384]
step                    	     79	02.471568	(00.031286 +- 00.003390)	[00.006246,00.040577]

INFO  Timings:
SM Timing
-----------
00_conversion_livox     	     81	01.031104	(00.012730 +- 00.001000)	[00.009541,00.015937]
01_filter               	     80	00.032543	(00.000407 +- 00.000060)	[00.000271,00.002554]
02_preint               	     78	00.003034	(00.000039 +- 00.000007)	[00.000028,00.000070]
02a_intensity_preprocess	     80	00.321449	(00.004018 +- 00.000377)	[00.003453,00.005849]
03_undistortion         	     78	00.089215	(00.001144 +- 00.000227)	[00.000836,00.008355]
04_sampling             	     77	00.062230	(00.000808 +- 00.000321)	[00.000545,00.002759]
04b_intensity_sampling  	     77	00.068702	(00.000892 +- 00.000090)	[00.000730,00.001174]
05_registration         	     77	00.495353	(00.006433 +- 00.001378)	[00.003657,00.011184]
06_map                  	     77	00.093734	(00.001217 +- 00.000229)	[00.000900,00.002346]
07_imu_opt              	     77	00.067257	(00.000873 +- 00.000520)	[00.000002,00.003068]
08_publish              	     77	01.244870	(00.016167 +- 00.001701)	[00.014087,00.020384]
step                    	     80	02.502177	(00.031277 +- 00.003353)	[00.006246,00.040577]

INFO  Timings:
SM Timing
-----------
00_conversion_livox     	     82	01.045106	(00.012745 +- 00.000986)	[00.009541,00.015937]
01_filter               	     81	00.032849	(00.000406 +- 00.000060)	[00.000271,00.002554]
02_preint               	     79	00.003074	(00.000039 +- 00.000007)	[00.000028,00.000070]
02a_intensity_preprocess	     81	00.325191	(00.004015 +- 00.000378)	[00.003453,00.005849]
03_undistortion         	     79	00.090226	(00.001142 +- 00.000226)	[00.000836,00.008355]
04_sampling             	     78	00.062761	(00.000805 +- 00.000323)	[00.000531,00.002759]
04b_intensity_sampling  	     78	00.069589	(00.000892 +- 00.000089)	[00.000730,00.001174]
05_registration         	     78	00.499904	(00.006409 +- 00.001391)	[00.003657,00.011184]
06_map                  	     78	00.094677	(00.001214 +- 00.000232)	[00.000900,00.002346]
07_imu_opt              	     78	00.069829	(00.000895 +- 00.000549)	[00.000002,00.003068]
08_publish              	     78	01.259150	(00.016143 +- 00.001726)	[00.014087,00.020384]
step                    	     81	02.531107	(00.031248 +- 00.003357)	[00.006246,00.040577]

INFO  Timings:
SM Timing
-----------
00_conversion_livox     	     83	01.058788	(00.012756 +- 00.000972)	[00.009541,00.015937]
01_filter               	     82	00.033188	(00.000405 +- 00.000060)	[00.000271,00.002554]
02_preint               	     80	00.003118	(00.000039 +- 00.000007)	[00.000028,00.000070]
02a_intensity_preprocess	     82	00.328839	(00.004010 +- 00.000381)	[00.003453,00.005849]
03_undistortion         	     80	00.091061	(00.001138 +- 00.000228)	[00.000835,00.008355]
04_sampling             	     79	00.063275	(00.000801 +- 00.000326)	[00.000514,00.002759]
04b_intensity_sampling  	     79	00.070397	(00.000891 +- 00.000090)	[00.000730,00.001174]
05_registration         	     79	00.503810	(00.006377 +- 00.001439)	[00.003657,00.011184]
06_map                  	     79	00.095798	(00.001213 +- 00.000232)	[00.000900,00.002346]
07_imu_opt              	     79	00.071483	(00.000905 +- 00.000548)	[00.000002,00.003068]
08_publish              	     79	01.272764	(00.016111 +- 00.001768)	[00.013613,00.020384]
step                    	     82	02.557655	(00.031191 +- 00.003456)	[00.006246,00.040577]

INFO  Timings:
SM Timing
-----------
00_conversion_livox     	     84	01.072653	(00.012770 +- 00.000948)	[00.009541,00.015937]
01_filter               	     83	00.033567	(00.000404 +- 00.000060)	[00.000271,00.002554]
02_preint               	     81	00.003157	(00.000039 +- 00.000007)	[00.000028,00.000070]
02a_intensity_preprocess	     83	00.332308	(00.004004 +- 00.000388)	[00.003453,00.005849]
03_undistortion         	     81	00.091894	(00.001134 +- 00.000230)	[00.000833,00.008355]
04_sampling             	     80	00.063755	(00.000797 +- 00.000329)	[00.000480,00.002759]
04b_intensity_sampling  	     80	00.071183	(00.000890 +- 00.000088)	[00.000730,00.001174]
05_registration         	     80	00.509095	(00.006364 +- 00.001439)	[00.003657,00.011184]
06_map                  	     80	00.096730	(00.001209 +- 00.000236)	[00.000900,00.002346]
07_imu_opt              	     80	00.074631	(00.000933 +- 00.000606)	[00.000002,00.003149]
08_publish              	     80	01.285367	(00.016067 +- 00.001845)	[00.012603,00.020384]
step                    	     83	02.585678	(00.031153 +- 00.003482)	[00.006246,00.040577]

INFO  Timings:
SM Timing
-----------
00_conversion_livox     	     85	01.085760	(00.012774 +- 00.000914)	[00.009541,00.015937]
01_filter               	     84	00.033933	(00.000404 +- 00.000060)	[00.000271,00.002554]
02_preint               	     82	00.003193	(00.000039 +- 00.000007)	[00.000028,00.000070]
02a_intensity_preprocess	     84	00.335637	(00.003996 +- 00.000397)	[00.003329,00.005849]
03_undistortion         	     82	00.092669	(00.001130 +- 00.000135)	[00.000774,00.008355]
04_sampling             	     81	00.064258	(00.000793 +- 00.000331)	[00.000480,00.002759]
04b_intensity_sampling  	     81	00.072004	(00.000889 +- 00.000087)	[00.000730,00.001174]
05_registration         	     81	00.514533	(00.006352 +- 00.001447)	[00.003657,00.011184]
06_map                  	     81	00.097690	(00.001206 +- 00.000239)	[00.000900,00.002346]
07_imu_opt              	     81	00.076220	(00.000941 +- 00.000601)	[00.000002,00.003149]
08_publish              	     81	01.297483	(00.016018 +- 00.001936)	[00.012116,00.020384]
step                    	     84	02.611686	(00.031092 +- 00.003610)	[00.006246,00.040577]

INFO  Timings:
SM Timing
-----------
00_conversion_livox     	     86	01.099045	(00.012780 +- 00.000874)	[00.009541,00.015937]
01_filter               	     85	00.034246	(00.000403 +- 00.000060)	[00.000271,00.002554]
02_preint               	     83	00.003229	(00.000039 +- 00.000007)	[00.000028,00.000070]
02a_intensity_preprocess	     85	00.338880	(00.003987 +- 00.000410)	[00.003242,00.005849]
03_undistortion         	     83	00.093470	(00.001126 +- 00.000134)	[00.000774,00.008355]
04_sampling             	     82	00.064874	(00.000791 +- 00.000333)	[00.000480,00.002759]
04b_intensity_sampling  	     82	00.072842	(00.000888 +- 00.000085)	[00.000730,00.001174]
05_registration         	     82	00.520914	(00.006353 +- 00.001434)	[00.003657,00.011184]
06_map                  	     82	00.098528	(00.001202 +- 00.000245)	[00.000838,00.002346]
07_imu_opt              	     82	00.077889	(00.000950 +- 00.000598)	[00.000002,00.003149]
08_publish              	     82	01.309555	(00.015970 +- 00.002020)	[00.012072,00.020384]
step                    	     85	02.638553	(00.031042 +- 00.003672)	[00.006246,00.040577]

INFO  Timings:
SM Timing
-----------
00_conversion_livox     	     87	01.112232	(00.012784 +- 00.000838)	[00.009541,00.015937]
01_filter               	     86	00.034562	(00.000402 +- 00.000061)	[00.000271,00.002554]
02_preint               	     84	00.003272	(00.000039 +- 00.000007)	[00.000028,00.000070]
02a_intensity_preprocess	     86	00.342190	(00.003979 +- 00.000421)	[00.003242,00.005849]
03_undistortion         	     84	00.094388	(00.001124 +- 00.000122)	[00.000774,00.008355]
04_sampling             	     83	00.065340	(00.000787 +- 00.000336)	[00.000465,00.002759]
04b_intensity_sampling  	     83	00.073649	(00.000887 +- 00.000086)	[00.000730,00.001174]
05_registration         	     83	00.525610	(00.006333 +- 00.001434)	[00.003657,00.011184]
06_map                  	     83	00.099527	(00.001199 +- 00.000246)	[00.000838,00.002346]
07_imu_opt              	     83	00.079606	(00.000959 +- 00.000594)	[00.000002,00.003149]
08_publish              	     83	01.321757	(00.015925 +- 00.002098)	[00.012072,00.020384]
step                    	     86	02.664082	(00.030978 +- 00.003804)	[00.006246,00.040577]

INFO  Timings:
SM Timing
-----------
00_conversion_livox     	     88	01.125363	(00.012788 +- 00.000802)	[00.009541,00.015937]
01_filter               	     87	00.034919	(00.000401 +- 00.000060)	[00.000271,00.002554]
02_preint               	     85	00.003309	(00.000039 +- 00.000007)	[00.000028,00.000070]
02a_intensity_preprocess	     87	00.345485	(00.003971 +- 00.000434)	[00.003242,00.005849]
03_undistortion         	     85	00.095149	(00.001119 +- 00.000127)	[00.000761,00.008355]
04_sampling             	     84	00.065854	(00.000784 +- 00.000338)	[00.000465,00.002759]
04b_intensity_sampling  	     84	00.074667	(00.000889 +- 00.000088)	[00.000730,00.001174]
05_registration         	     84	00.529751	(00.006307 +- 00.001459)	[00.003657,00.011184]
06_map                  	     84	00.100298	(00.001194 +- 00.000254)	[00.000771,00.002346]
07_imu_opt              	     84	00.080964	(00.000964 +- 00.000589)	[00.000002,00.003149]
08_publish              	     84	01.333539	(00.015875 +- 00.002189)	[00.011783,00.020384]
step                    	     87	02.688178	(00.030899 +- 00.003965)	[00.006246,00.040577]

INFO  Timings:
SM Timing
-----------
00_conversion_livox     	     89	01.138465	(00.012792 +- 00.000778)	[00.009541,00.015937]
01_filter               	     88	00.035263	(00.000401 +- 00.000060)	[00.000271,00.002554]
02_preint               	     86	00.003346	(00.000039 +- 00.000006)	[00.000028,00.000070]
02a_intensity_preprocess	     88	00.348835	(00.003964 +- 00.000444)	[00.003242,00.005849]
03_undistortion         	     86	00.095919	(00.001115 +- 00.000117)	[00.000761,00.008355]
04_sampling             	     85	00.066330	(00.000780 +- 00.000341)	[00.000465,00.002759]
04b_intensity_sampling  	     85	00.075467	(00.000888 +- 00.000087)	[00.000730,00.001174]
05_registration         	     85	00.535167	(00.006296 +- 00.001455)	[00.003657,00.011184]
06_map                  	     85	00.101179	(00.001190 +- 00.000256)	[00.000771,00.002346]
07_imu_opt              	     85	00.082642	(00.000972 +- 00.000580)	[00.000002,00.003149]
08_publish              	     85	01.345375	(00.015828 +- 00.002270)	[00.011783,00.020384]
step                    	     88	02.713827	(00.030839 +- 00.004056)	[00.006246,00.040577]

INFO  Timings:
SM Timing
-----------
00_conversion_livox     	     90	01.151495	(00.012794 +- 00.000772)	[00.009541,00.015937]
01_filter               	     89	00.035594	(00.000400 +- 00.000060)	[00.000271,00.002554]
02_preint               	     87	00.003387	(00.000039 +- 00.000006)	[00.000028,00.000070]
02a_intensity_preprocess	     89	00.352134	(00.003957 +- 00.000455)	[00.003242,00.005849]
03_undistortion         	     87	00.096655	(00.001111 +- 00.000115)	[00.000736,00.008355]
04_sampling             	     86	00.066844	(00.000777 +- 00.000343)	[00.000465,00.002759]
04b_intensity_sampling  	     86	00.076231	(00.000886 +- 00.000086)	[00.000730,00.001174]
05_registration         	     86	00.539713	(00.006276 +- 00.001476)	[00.003657,00.011184]
06_map                  	     86	00.101936	(00.001185 +- 00.000263)	[00.000757,00.002346]
07_imu_opt              	     86	00.086415	(00.001005 +- 00.000667)	[00.000002,00.003773]
08_publish              	     86	01.357177	(00.015781 +- 00.002346)	[00.011783,00.020384]
step                    	     89	02.740450	(00.030792 +- 00.004122)	[00.006246,00.040577]

INFO  Timings:
SM Timing
-----------
00_conversion_livox     	     91	01.164544	(00.012797 +- 00.000736)	[00.009541,00.015937]
01_filter               	     90	00.035952	(00.000399 +- 00.000060)	[00.000271,00.002554]
02_preint               	     88	00.003426	(00.000039 +- 00.000006)	[00.000028,00.000070]
02a_intensity_preprocess	     90	00.355396	(00.003949 +- 00.000463)	[00.003242,00.005849]
03_undistortion         	     88	00.097439	(00.001107 +- 00.000117)	[00.000736,00.008355]
04_sampling             	     87	00.067328	(00.000774 +- 00.000346)	[00.000465,00.002759]
04b_intensity_sampling  	     87	00.077063	(00.000886 +- 00.000084)	[00.000730,00.001174]
05_registration         	     87	00.544554	(00.006259 +- 00.001487)	[00.003657,00.011184]
06_map                  	     87	00.102735	(00.001181 +- 00.000269)	[00.000757,00.002346]
07_imu_opt              	     87	00.088295	(00.001015 +- 00.000663)	[00.000002,00.003773]
08_publish              	     87	01.369647	(00.015743 +- 00.002398)	[00.011783,00.020384]
step                    	     90	02.766260	(00.030736 +- 00.004218)	[00.006246,00.040577]

INFO  Timings:
SM Timing
-----------
00_conversion_livox     	     92	01.178400	(00.012809 +- 00.000724)	[00.009541,00.015937]
01_filter               	     91	00.036323	(00.000399 +- 00.000060)	[00.000271,00.002554]
02_preint               	     89	00.003463	(00.000039 +- 00.000006)	[00.000028,00.000070]
02a_intensity_preprocess	     91	00.358805	(00.003943 +- 00.000471)	[00.003242,00.005849]
03_undistortion         	     89	00.098306	(00.001105 +- 00.000118)	[00.000736,00.008355]
04_sampling             	     88	00.067863	(00.000771 +- 00.000347)	[00.000465,00.002759]
04b_intensity_sampling  	     88	00.077968	(00.000886 +- 00.000084)	[00.000730,00.001174]
05_registration         	     88	00.550247	(00.006253 +- 00.001488)	[00.003657,00.011184]
06_map                  	     88	00.103729	(00.001179 +- 00.000270)	[00.000757,00.002346]
07_imu_opt              	     88	00.092781	(00.001054 +- 00.000781)	[00.000002,00.004487]
08_publish              	     88	01.382717	(00.015713 +- 00.002429)	[00.011783,00.020384]
step                    	     91	02.796690	(00.030733 +- 00.004223)	[00.006246,00.040577]

INFO  Timings:
SM Timing
-----------
00_conversion_livox     	     93	01.192373	(00.012821 +- 00.000724)	[00.009541,00.015937]
01_filter               	     92	00.036675	(00.000399 +- 00.000058)	[00.000271,00.002554]
02_preint               	     90	00.003500	(00.000039 +- 00.000006)	[00.000028,00.000070]
02a_intensity_preprocess	     92	00.362294	(00.003938 +- 00.000475)	[00.003242,00.005849]
03_undistortion         	     90	00.099053	(00.001101 +- 00.000122)	[00.000736,00.008355]
04_sampling             	     89	00.068421	(00.000769 +- 00.000349)	[00.000465,00.002759]
04b_intensity_sampling  	     89	00.078798	(00.000885 +- 00.000083)	[00.000730,00.001174]
05_registration         	     89	00.557157	(00.006260 +- 00.001484)	[00.003657,00.011184]
06_map                  	     89	00.104697	(00.001176 +- 00.000270)	[00.000757,00.002346]
07_imu_opt              	     89	00.094656	(00.001064 +- 00.000772)	[00.000002,00.004487]
08_publish              	     89	01.396225	(00.015688 +- 00.002445)	[00.011783,00.020384]
step                    	     92	02.826036	(00.030718 +- 00.004240)	[00.006246,00.040577]

INFO  Timings:
SM Timing
-----------
00_conversion_livox     	     94	01.206612	(00.012836 +- 00.000729)	[00.009541,00.015937]
01_filter               	     93	00.037106	(00.000399 +- 00.000058)	[00.000271,00.002554]
02_preint               	     91	00.003536	(00.000039 +- 00.000006)	[00.000028,00.000070]
02a_intensity_preprocess	     93	00.365874	(00.003934 +- 00.000476)	[00.003242,00.005849]
03_undistortion         	     91	00.099939	(00.001098 +- 00.000122)	[00.000736,00.008355]
04_sampling             	     90	00.068899	(00.000766 +- 00.000351)	[00.000465,00.002759]
04b_intensity_sampling  	     90	00.079629	(00.000885 +- 00.000083)	[00.000730,00.001174]
05_registration         	     90	00.562100	(00.006246 +- 00.001429)	[00.003657,00.011184]
06_map                  	     90	00.105646	(00.001174 +- 00.000272)	[00.000757,00.002346]
07_imu_opt              	     90	00.098918	(00.001099 +- 00.000856)	[00.000002,00.004487]
08_publish              	     90	01.409972	(00.015666 +- 00.002459)	[00.011783,00.020384]
step                    	     93	02.856239	(00.030712 +- 00.004212)	[00.006246,00.040577]

INFO  Timings:
SM Timing
-----------
00_conversion_livox     	     95	01.220112	(00.012843 +- 00.000727)	[00.009541,00.015937]
01_filter               	     94	00.037478	(00.000399 +- 00.000058)	[00.000271,00.002554]
02_preint               	     92	00.003575	(00.000039 +- 00.000006)	[00.000028,00.000070]
02a_intensity_preprocess	     94	00.369254	(00.003928 +- 00.000480)	[00.003242,00.005849]
03_undistortion         	     92	00.100792	(00.001096 +- 00.000118)	[00.000736,00.008355]
04_sampling             	     91	00.069467	(00.000763 +- 00.000348)	[00.000465,00.002759]
04b_intensity_sampling  	     91	00.080577	(00.000885 +- 00.000083)	[00.000730,00.001174]
05_registration         	     91	00.566045	(00.006220 +- 00.001456)	[00.003657,00.011184]
06_map                  	     91	00.106724	(00.001173 +- 00.000272)	[00.000757,00.002346]
07_imu_opt              	     91	00.100350	(00.001103 +- 00.000851)	[00.000002,00.004487]
08_publish              	     91	01.423398	(00.015642 +- 00.002466)	[00.011783,00.020384]
step                    	     94	02.882342	(00.030663 +- 00.004258)	[00.006246,00.040577]

INFO  Timings:
SM Timing
-----------
00_conversion_livox     	     96	01.233232	(00.012846 +- 00.000731)	[00.009541,00.015937]
01_filter               	     95	00.037859	(00.000399 +- 00.000058)	[00.000271,00.002554]
02_preint               	     93	00.003613	(00.000039 +- 00.000006)	[00.000028,00.000070]
02a_intensity_preprocess	     95	00.372910	(00.003925 +- 00.000479)	[00.003242,00.005849]
03_undistortion         	     93	00.101718	(00.001094 +- 00.000118)	[00.000736,00.008355]
04_sampling             	     92	00.070012	(00.000761 +- 00.000347)	[00.000465,00.002759]
04b_intensity_sampling  	     92	00.081563	(00.000887 +- 00.000084)	[00.000730,00.001174]
05_registration         	     92	00.572051	(00.006218 +- 00.001446)	[00.003657,00.011184]
06_map                  	     92	00.107686	(00.001171 +- 00.000272)	[00.000757,00.002346]
07_imu_opt              	     92	00.102187	(00.001111 +- 00.000849)	[00.000002,00.004487]
08_publish              	     92	01.437723	(00.015627 +- 00.002450)	[00.011783,00.020384]
step                    	     95	02.912072	(00.030653 +- 00.004229)	[00.006246,00.040577]

INFO  Timings:
SM Timing
-----------
00_conversion_livox     	     97	01.246350	(00.012849 +- 00.000674)	[00.009541,00.015937]
01_filter               	     96	00.038291	(00.000399 +- 00.000059)	[00.000271,00.002554]
02_preint               	     94	00.003652	(00.000039 +- 00.000006)	[00.000028,00.000070]
02a_intensity_preprocess	     96	00.376751	(00.003924 +- 00.000444)	[00.003242,00.005849]
03_undistortion         	     94	00.102758	(00.001093 +- 00.000119)	[00.000736,00.008355]
04_sampling             	     93	00.070623	(00.000759 +- 00.000346)	[00.000465,00.002759]
04b_intensity_sampling  	     93	00.082516	(00.000887 +- 00.000084)	[00.000730,00.001174]
05_registration         	     93	00.576659	(00.006201 +- 00.001397)	[00.003657,00.011184]
06_map                  	     93	00.108683	(00.001169 +- 00.000268)	[00.000757,00.002346]
07_imu_opt              	     93	00.103613	(00.001114 +- 00.000843)	[00.000002,00.004487]
08_publish              	     93	01.452516	(00.015618 +- 00.002419)	[00.011783,00.020384]
step                    	     96	02.940875	(00.030634 +- 00.004126)	[00.006246,00.040577]

INFO  Timings:
SM Timing
-----------
00_conversion_livox     	     98	01.259749	(00.012855 +- 00.000652)	[00.009541,00.015937]
01_filter               	     97	00.038690	(00.000399 +- 00.000056)	[00.000271,00.002554]
02_preint               	     95	00.003690	(00.000039 +- 00.000006)	[00.000028,00.000070]
02a_intensity_preprocess	     97	00.380590	(00.003924 +- 00.000422)	[00.003242,00.005849]
03_undistortion         	     95	00.103714	(00.001092 +- 00.000114)	[00.000736,00.008355]
04_sampling             	     94	00.071176	(00.000757 +- 00.000337)	[00.000465,00.002759]
04b_intensity_sampling  	     94	00.084803	(00.000902 +- 00.000211)	[00.000730,00.002287]
05_registration         	     94	00.583322	(00.006206 +- 00.001399)	[00.003657,00.011184]
06_map                  	     94	00.109663	(00.001167 +- 00.000265)	[00.000757,00.002346]
07_imu_opt              	     94	00.105053	(00.001118 +- 00.000834)	[00.000002,00.004487]
08_publish              	     94	01.467170	(00.015608 +- 00.002341)	[00.011783,00.020384]
step                    	     97	02.972760	(00.030647 +- 00.004040)	[00.006246,00.040577]

INFO  Timings:
SM Timing
-----------
00_conversion_livox     	     99	01.272653	(00.012855 +- 00.000607)	[00.009541,00.015937]
01_filter               	     98	00.039068	(00.000399 +- 00.000055)	[00.000271,00.002554]
02_preint               	     96	00.003727	(00.000039 +- 00.000006)	[00.000028,00.000070]
02a_intensity_preprocess	     98	00.384175	(00.003920 +- 00.000412)	[00.003242,00.005849]
03_undistortion         	     96	00.104668	(00.001090 +- 00.000111)	[00.000736,00.008355]
04_sampling             	     95	00.071757	(00.000755 +- 00.000335)	[00.000465,00.002759]
04b_intensity_sampling  	     95	00.085715	(00.000902 +- 00.000211)	[00.000730,00.002287]
05_registration         	     95	00.586738	(00.006176 +- 00.001339)	[00.003416,00.011184]
06_map                  	     95	00.110629	(00.001165 +- 00.000263)	[00.000757,00.002346]
07_imu_opt              	     95	00.106469	(00.001121 +- 00.000831)	[00.000002,00.004487]
08_publish              	     95	01.480949	(00.015589 +- 00.002269)	[00.011783,00.020384]
step                    	     98	02.998844	(00.030600 +- 00.003880)	[00.006246,00.040577]

INFO  Timings:
SM Timing
-----------
00_conversion_livox     	    100	01.285056	(00.012851 +- 00.000524)	[00.009541,00.015937]
01_filter               	     99	00.039483	(00.000399 +- 00.000052)	[00.000271,00.002554]
02_preint               	     97	00.003762	(00.000039 +- 00.000006)	[00.000028,00.000070]
02a_intensity_preprocess	     99	00.387580	(00.003915 +- 00.000394)	[00.003242,00.005849]
03_undistortion         	     97	00.105575	(00.001088 +- 00.000109)	[00.000736,00.008355]
04_sampling             	     96	00.072289	(00.000753 +- 00.000334)	[00.000465,00.002759]
04b_intensity_sampling  	     96	00.086619	(00.000902 +- 00.000211)	[00.000730,00.002287]
05_registration         	     96	00.590947	(00.006156 +- 00.001354)	[00.003416,00.011184]
06_map                  	     96	00.111485	(00.001161 +- 00.000263)	[00.000757,00.002346]
07_imu_opt              	     96	00.107857	(00.001124 +- 00.000827)	[00.000002,00.004487]
08_publish              	     96	01.493767	(00.015560 +- 00.002192)	[00.011783,00.020384]
step                    	     99	03.024372	(00.030549 +- 00.003831)	[00.006246,00.040577]

INFO  Timings:
SM Timing
-----------
00_conversion_livox     	    101	01.296849	(00.012840 +- 00.000540)	[00.009541,00.015937]
01_filter               	    100	00.039868	(00.000399 +- 00.000050)	[00.000271,00.002554]
02_preint               	     98	00.003798	(00.000039 +- 00.000004)	[00.000028,00.000070]
02a_intensity_preprocess	    100	00.390858	(00.003909 +- 00.000379)	[00.003242,00.005849]
03_undistortion         	     98	00.106445	(00.001086 +- 00.000108)	[00.000736,00.008355]
04_sampling             	     97	00.072796	(00.000750 +- 00.000161)	[00.000465,00.002759]
04b_intensity_sampling  	     97	00.087529	(00.000902 +- 00.000210)	[00.000730,00.002287]
05_registration         	     97	00.594946	(00.006133 +- 00.001369)	[00.003416,00.011184]
06_map                  	     97	00.112476	(00.001160 +- 00.000262)	[00.000757,00.002346]
07_imu_opt              	     97	00.109197	(00.001126 +- 00.000819)	[00.000002,00.004487]
08_publish              	     97	01.506435	(00.015530 +- 00.002087)	[00.011783,00.020384]
step                    	    100	03.049418	(00.030494 +- 00.003683)	[00.006246,00.040577]

INFO  Timings:
SM Timing
-----------
00_conversion_livox     	    102	01.308653	(00.012830 +- 00.000552)	[00.009541,00.015937]
01_filter               	    101	00.040248	(00.000398 +- 00.000048)	[00.000271,00.002554]
02_preint               	     99	00.003835	(00.000039 +- 00.000004)	[00.000028,00.000070]
02a_intensity_preprocess	    101	00.394080	(00.003902 +- 00.000372)	[00.003222,00.005849]
03_undistortion         	     99	00.107399	(00.001085 +- 00.000108)	[00.000736,00.008355]
04_sampling             	     98	00.073450	(00.000749 +- 00.000155)	[00.000465,00.002759]
04b_intensity_sampling  	     98	00.088379	(00.000902 +- 00.000208)	[00.000730,00.002287]
05_registration         	     98	00.600375	(00.006126 +- 00.001341)	[00.003416,00.011184]
06_map                  	     98	00.113357	(00.001157 +- 00.000250)	[00.000757,00.002346]
07_imu_opt              	     98	00.110937	(00.001132 +- 00.000812)	[00.000002,00.004487]
08_publish              	     98	01.519810	(00.015508 +- 00.002035)	[00.011783,00.020384]
step                    	    101	03.077004	(00.030465 +- 00.003568)	[00.006246,00.040577]

INFO  Timings:
SM Timing
-----------
00_conversion_livox     	    103	01.320460	(00.012820 +- 00.000585)	[00.009541,00.015937]
01_filter               	    102	00.040616	(00.000398 +- 00.000045)	[00.000271,00.002554]
02_preint               	    100	00.003865	(00.000039 +- 00.000004)	[00.000028,00.000070]
02a_intensity_preprocess	    102	00.397422	(00.003896 +- 00.000371)	[00.003222,00.005849]
03_undistortion         	    100	00.108339	(00.001083 +- 00.000108)	[00.000736,00.008355]
04_sampling             	     99	00.073978	(00.000747 +- 00.000155)	[00.000465,00.002759]
04b_intensity_sampling  	     99	00.089238	(00.000901 +- 00.000208)	[00.000730,00.002287]
05_registration         	     99	00.605072	(00.006112 +- 00.001345)	[00.003416,00.011184]
06_map                  	     99	00.114265	(00.001154 +- 00.000251)	[00.000757,00.002346]
07_imu_opt              	     99	00.112272	(00.001134 +- 00.000809)	[00.000002,00.004487]
08_publish              	     99	01.532692	(00.015482 +- 00.002016)	[00.011783,00.020384]
step                    	    102	03.102955	(00.030421 +- 00.003579)	[00.006246,00.040577]

INFO  Timings:
SM Timing
-----------
00_conversion_livox     	    104	01.331745	(00.012805 +- 00.000649)	[00.009541,00.015937]
01_filter               	    103	00.041008	(00.000398 +- 00.000045)	[00.000271,00.002554]
02_preint               	    101	00.003901	(00.000039 +- 00.000004)	[00.000028,00.000070]
02a_intensity_preprocess	    103	00.400717	(00.003890 +- 00.000370)	[00.003222,00.005849]
03_undistortion         	    101	00.109217	(00.001081 +- 00.000108)	[00.000736,00.008355]
04_sampling             	    100	00.074538	(00.000745 +- 00.000151)	[00.000465,00.002759]
04b_intensity_sampling  	    100	00.090036	(00.000900 +- 00.000209)	[00.000730,00.002287]
05_registration         	    100	00.608710	(00.006087 +- 00.001305)	[00.003416,00.011184]
06_map                  	    100	00.115257	(00.001153 +- 00.000246)	[00.000757,00.002346]
07_imu_opt              	    100	00.113625	(00.001136 +- 00.000804)	[00.000002,00.004487]
08_publish              	    100	01.545908	(00.015459 +- 00.001966)	[00.011783,00.020384]
step                    	    103	03.128183	(00.030371 +- 00.003505)	[00.006246,00.040577]

INFO  Timings:
SM Timing
-----------
00_conversion_livox     	    105	01.343409	(00.012794 +- 00.000679)	[00.009541,00.015937]
01_filter               	    104	00.041417	(00.000398 +- 00.000045)	[00.000271,00.002554]
02_preint               	    102	00.003938	(00.000039 +- 00.000004)	[00.000028,00.000070]
02a_intensity_preprocess	    104	00.404166	(00.003886 +- 00.000362)	[00.003222,00.005849]
03_undistortion         	    102	00.110095	(00.001079 +- 00.000095)	[00.000736,00.008355]
04_sampling             	    101	00.075130	(00.000744 +- 00.000148)	[00.000465,00.002759]
04b_intensity_sampling  	    101	00.090902	(00.000900 +- 00.000208)	[00.000730,00.002287]
05_registration         	    101	00.612756	(00.006067 +- 00.001199)	[00.003416,00.011184]
06_map                  	    101	00.116217	(00.001151 +- 00.000245)	[00.000757,00.002346]
07_imu_opt              	    101	00.115014	(00.001139 +- 00.000802)	[00.000002,00.004487]
08_publish              	    101	01.559707	(00.015443 +- 00.001895)	[00.011783,00.020384]
step                    	    104	03.154688	(00.030334 +- 00.003314)	[00.006246,00.040577]

INFO  Timings:
SM Timing
-----------
00_conversion_livox     	    106	01.355205	(00.012785 +- 00.000698)	[00.009541,00.015937]
01_filter               	    105	00.041826	(00.000398 +- 00.000045)	[00.000271,00.002554]
02_preint               	    103	00.003979	(00.000039 +- 00.000004)	[00.000028,00.000070]
02a_intensity_preprocess	    105	00.407684	(00.003883 +- 00.000352)	[00.003222,00.005849]
03_undistortion         	    103	00.111016	(00.001078 +- 00.000091)	[00.000736,00.008355]
04_sampling             	    102	00.075664	(00.000742 +- 00.000147)	[00.000465,00.002759]
04b_intensity_sampling  	    102	00.091732	(00.000899 +- 00.000208)	[00.000730,00.002287]
05_registration         	    102	00.617822	(00.006057 +- 00.001135)	[00.003416,00.011184]
06_map                  	    102	00.117108	(00.001148 +- 00.000230)	[00.000757,00.002346]
07_imu_opt              	    102	00.116407	(00.001141 +- 00.000802)	[00.000002,00.004487]
08_publish              	    102	01.574209	(00.015433 +- 00.001791)	[00.011783,00.020384]
step                    	    105	03.182854	(00.030313 +- 00.003094)	[00.006246,00.040577]

INFO  Timings:
SM Timing
-----------
00_conversion_livox     	    107	01.368970	(00.012794 +- 00.000668)	[00.009541,00.015937]
01_filter               	    106	00.042210	(00.000398 +- 00.000045)	[00.000271,00.002554]
02_preint               	    104	00.004017	(00.000039 +- 00.000004)	[00.000028,00.000070]
02a_intensity_preprocess	    106	00.411845	(00.003885 +- 00.000345)	[00.003222,00.005849]
03_undistortion         	    104	00.111925	(00.001076 +- 00.000091)	[00.000736,00.008355]
04_sampling             	    103	00.076297	(00.000741 +- 00.000120)	[00.000465,00.002759]
04b_intensity_sampling  	    103	00.092792	(00.000901 +- 00.000209)	[00.000730,00.002287]
05_registration         	    103	00.622602	(00.006045 +- 00.001128)	[00.003416,00.011184]
06_map                  	    103	00.118205	(00.001148 +- 00.000230)	[00.000757,00.002346]
07_imu_opt              	    103	00.118525	(00.001151 +- 00.000801)	[00.000002,00.004487]
08_publish              	    103	01.592336	(00.015460 +- 00.001766)	[00.011783,00.020384]
step                    	    106	03.216248	(00.030342 +- 00.003020)	[00.006246,00.040577]

INFO  Timings:
SM Timing
-----------
00_conversion_livox     	    108	01.387930	(00.012851 +- 00.001044)	[00.009541,00.018960]
01_filter               	    107	00.042692	(00.000399 +- 00.000047)	[00.000271,00.002554]
02_preint               	    105	00.004070	(00.000039 +- 00.000005)	[00.000028,00.000070]
02a_intensity_preprocess	    107	00.417465	(00.003902 +- 00.000425)	[00.003222,00.005849]
03_undistortion         	    105	00.113541	(00.001081 +- 00.000133)	[00.000736,00.008355]
04_sampling             	    104	00.077176	(00.000742 +- 00.000123)	[00.000465,00.002759]
04b_intensity_sampling  	    104	00.094236	(00.000906 +- 00.000221)	[00.000730,00.002287]
05_registration         	    104	00.630405	(00.006062 +- 00.001169)	[00.003416,00.011184]
06_map                  	    104	00.119796	(00.001152 +- 00.000241)	[00.000757,00.002346]
07_imu_opt              	    104	00.120983	(00.001163 +- 00.000802)	[00.000002,00.004487]
08_publish              	    104	01.618496	(00.015562 +- 00.002349)	[00.011783,00.026161]
step                    	    107	03.264492	(00.030509 +- 00.003954)	[00.006246,00.048244]

INFO  Timings:
SM Timing
-----------
00_conversion_livox     	    109	01.412574	(00.012959 +- 00.001905)	[00.009541,00.024644]
01_filter               	    108	00.043237	(00.000400 +- 00.000053)	[00.000271,00.002554]
02_preint               	    106	00.004138	(00.000039 +- 00.000006)	[00.000028,00.000070]
02a_intensity_preprocess	    108	00.424247	(00.003928 +- 00.000593)	[00.003222,00.006782]
03_undistortion         	    106	00.114804	(00.001083 +- 00.000138)	[00.000736,00.008355]
04_sampling             	    105	00.078040	(00.000743 +- 00.000123)	[00.000465,00.002759]
04b_intensity_sampling  	    105	00.095812	(00.000912 +- 00.000239)	[00.000730,00.002287]
05_registration         	    105	00.640294	(00.006098 +- 00.001215)	[00.003416,00.011184]
06_map                  	    105	00.121474	(00.001157 +- 00.000254)	[00.000757,00.002346]
07_imu_opt              	    105	00.123367	(00.001175 +- 00.000799)	[00.000002,00.004487]
08_publish              	    105	01.644505	(00.015662 +- 00.002796)	[00.011783,00.026161]
step                    	    108	03.315685	(00.030701 +- 00.004856)	[00.006246,00.051193]

INFO  Timings:
SM Timing
-----------
00_conversion_livox     	    110	01.434103	(00.013037 +- 00.002214)	[00.009541,00.024644]
01_filter               	    109	00.043815	(00.000402 +- 00.000061)	[00.000271,00.002554]
02_preint               	    107	00.004202	(00.000039 +- 00.000007)	[00.000028,00.000070]
02a_intensity_preprocess	    109	00.430937	(00.003954 +- 00.000717)	[00.003222,00.006782]
03_undistortion         	    107	00.116216	(00.001086 +- 00.000153)	[00.000736,00.008355]
04_sampling             	    106	00.078947	(00.000745 +- 00.000122)	[00.000465,00.002759]
04b_intensity_sampling  	    106	00.097392	(00.000919 +- 00.000255)	[00.000730,00.002287]
05_registration         	    106	00.652884	(00.006159 +- 00.001565)	[00.003416,00.012590]
06_map                  	    106	00.123078	(00.001161 +- 00.000264)	[00.000757,00.002346]
07_imu_opt              	    106	00.126086	(00.001189 +- 00.000802)	[00.000002,00.004487]
08_publish              	    106	01.672974	(00.015783 +- 00.003368)	[00.011783,00.028469]
step                    	    109	03.372421	(00.030940 +- 00.006119)	[00.006246,00.056737]

INFO  Timings:
SM Timing
-----------
00_conversion_livox     	    111	01.456479	(00.013121 +- 00.002531)	[00.009541,00.024644]
01_filter               	    110	00.044371	(00.000403 +- 00.000067)	[00.000271,00.002554]
02_preint               	    108	00.004280	(00.000040 +- 00.000009)	[00.000028,00.000078]
02a_intensity_preprocess	    110	00.437548	(00.003978 +- 00.000814)	[00.003222,00.006782]
03_undistortion         	    108	00.117639	(00.001089 +- 00.000167)	[00.000736,00.008355]
04_sampling             	    107	00.080048	(00.000748 +- 00.000138)	[00.000465,00.002759]
04b_intensity_sampling  	    107	00.098979	(00.000925 +- 00.000269)	[00.000730,00.002287]
05_registration         	    107	00.666021	(00.006224 +- 00.001886)	[00.003416,00.013137]
06_map                  	    107	00.124679	(00.001165 +- 00.000273)	[00.000757,00.002346]
07_imu_opt              	    107	00.128654	(00.001202 +- 00.000799)	[00.000002,00.004487]
08_publish              	    107	01.701918	(00.015906 +- 00.003882)	[00.011783,00.028945]
step                    	    110	03.430125	(00.031183 +- 00.007214)	[00.006246,00.057703]

INFO  Timings:
SM Timing
-----------
00_conversion_livox     	    112	01.483998	(00.013250 +- 00.003176)	[00.009541,00.027519]
01_filter               	    111	00.045342	(00.000408 +- 00.000108)	[00.000271,00.002554]
02_preint               	    109	00.004345	(00.000040 +- 00.000009)	[00.000028,00.000078]
02a_intensity_preprocess	    111	00.444864	(00.004008 +- 00.000945)	[00.003222,00.007316]
03_undistortion         	    109	00.119907	(00.001100 +- 00.000248)	[00.000736,00.008355]
04_sampling             	    108	00.081095	(00.000751 +- 00.000148)	[00.000465,00.002759]
04b_intensity_sampling  	    108	00.100787	(00.000933 +- 00.000293)	[00.000730,00.002287]
05_registration         	    108	00.676815	(00.006267 +- 00.001994)	[00.003416,00.013137]
06_map                  	    108	00.126393	(00.001170 +- 00.000287)	[00.000757,00.002346]
07_imu_opt              	    108	00.131265	(00.001215 +- 00.000799)	[00.000002,00.004487]
08_publish              	    108	01.730493	(00.016023 +- 00.004295)	[00.011783,00.028945]
step                    	    111	03.487414	(00.031418 +- 00.008089)	[00.006246,00.057703]

INFO  Timings:
SM Timing
-----------
00_conversion_livox     	    113	01.505780	(00.013325 +- 00.003352)	[00.009541,00.027519]
01_filter               	    112	00.045926	(00.000410 +- 00.000112)	[00.000271,00.002554]
02_preint               	    110	00.004421	(00.000040 +- 00.000011)	[00.000028,00.000078]
02a_intensity_preprocess	    112	00.451308	(00.004030 +- 00.001007)	[00.003222,00.007316]
03_undistortion         	    110	00.121214	(00.001102 +- 00.000252)	[00.000736,00.008355]
04_sampling             	    109	00.081947	(00.000752 +- 00.000147)	[00.000465,00.002759]
04b_intensity_sampling  	    109	00.102623	(00.000941 +- 00.000315)	[00.000730,00.002287]
05_registration         	    109	00.685774	(00.006292 +- 00.002042)	[00.003416,00.013137]
06_map                  	    109	00.127868	(00.001173 +- 00.000291)	[00.000757,00.002346]
07_imu_opt              	    109	00.133756	(00.001227 +- 00.000794)	[00.000002,00.004487]
08_publish              	    109	01.754202	(00.016094 +- 00.004443)	[00.011783,00.028945]
step                    	    112	03.535286	(00.031565 +- 00.008413)	[00.006246,00.057703]

INFO  Timings:
SM Timing
-----------
00_conversion_livox     	    114	01.523677	(00.013366 +- 00.003388)	[00.009541,00.027519]
01_filter               	    113	00.046430	(00.000411 +- 00.000113)	[00.000271,00.002554]
02_preint               	    111	00.004468	(00.000040 +- 00.000011)	[00.000028,00.000078]
02a_intensity_preprocess	    113	00.456436	(00.004039 +- 00.001019)	[00.003222,00.007316]
03_undistortion         	    111	00.122359	(00.001102 +- 00.000253)	[00.000736,00.008355]
04_sampling             	    110	00.082764	(00.000752 +- 00.000146)	[00.000465,00.002759]
04b_intensity_sampling  	    110	00.103947	(00.000945 +- 00.000318)	[00.000730,00.002287]
05_registration         	    110	00.691958	(00.006291 +- 00.002031)	[00.003416,00.013137]
06_map                  	    110	00.129050	(00.001173 +- 00.000291)	[00.000757,00.002346]
07_imu_opt              	    110	00.135719	(00.001234 +- 00.000785)	[00.000002,00.004487]
08_publish              	    110	01.774821	(00.016135 +- 00.004497)	[00.011783,00.028945]
step                    	    113	03.574296	(00.031631 +- 00.008473)	[00.006246,00.057703]

INFO  Timings:
SM Timing
-----------
00_conversion_livox     	    115	01.540511	(00.013396 +- 00.003402)	[00.009541,00.027519]
01_filter               	    114	00.046850	(00.000411 +- 00.000112)	[00.000271,00.002554]
02_preint               	    112	00.004513	(00.000040 +- 00.000011)	[00.000028,00.000078]
02a_intensity_preprocess	    114	00.461207	(00.004046 +- 00.001025)	[00.003222,00.007316]
03_undistortion         	    112	00.123467	(00.001102 +- 00.000254)	[00.000736,00.008355]
04_sampling             	    111	00.083560	(00.000753 +- 00.000147)	[00.000465,00.002759]
04b_intensity_sampling  	    111	00.105168	(00.000947 +- 00.000316)	[00.000730,00.002287]
05_registration         	    111	00.698318	(00.006291 +- 00.002028)	[00.003416,00.013137]
06_map                  	    111	00.130274	(00.001174 +- 00.000289)	[00.000757,00.002346]
07_imu_opt              	    111	00.137650	(00.001240 +- 00.000779)	[00.000002,00.004487]
08_publish              	    111	01.793112	(00.016154 +- 00.004511)	[00.011783,00.028945]
step                    	    114	03.610547	(00.031671 +- 00.008496)	[00.006246,00.057703]

INFO  Timings:
SM Timing
-----------
00_conversion_livox     	    116	01.555138	(00.013406 +- 00.003397)	[00.009541,00.027519]
01_filter               	    115	00.047229	(00.000411 +- 00.000112)	[00.000271,00.002554]
02_preint               	    113	00.004559	(00.000040 +- 00.000011)	[00.000028,00.000078]
02a_intensity_preprocess	    115	00.465398	(00.004047 +- 00.001025)	[00.003222,00.007316]
03_undistortion         	    113	00.124371	(00.001101 +- 00.000254)	[00.000736,00.008355]
04_sampling             	    112	00.084172	(00.000752 +- 00.000146)	[00.000465,00.002759]
04b_intensity_sampling  	    112	00.106231	(00.000948 +- 00.000316)	[00.000730,00.002287]
05_registration         	    112	00.703922	(00.006285 +- 00.002027)	[00.003416,00.013137]
06_map                  	    112	00.131241	(00.001172 +- 00.000289)	[00.000757,00.002346]
07_imu_opt              	    112	00.139387	(00.001245 +- 00.000769)	[00.000002,00.004487]
08_publish              	    112	01.809312	(00.016155 +- 00.004511)	[00.011783,00.028945]
step                    	    115	03.642326	(00.031672 +- 00.008493)	[00.006246,00.057703]

INFO  Timings:
SM Timing
-----------
00_conversion_livox     	    117	01.568800	(00.013409 +- 00.003393)	[00.009541,00.027519]
01_filter               	    116	00.047587	(00.000410 +- 00.000110)	[00.000271,00.002554]
02_preint               	    114	00.004595	(00.000040 +- 00.000011)	[00.000028,00.000078]
02a_intensity_preprocess	    116	00.469251	(00.004045 +- 00.001025)	[00.003222,00.007316]
03_undistortion         	    114	00.125264	(00.001099 +- 00.000254)	[00.000736,00.008355]
04_sampling             	    113	00.084872	(00.000751 +- 00.000146)	[00.000465,00.002759]
04b_intensity_sampling  	    113	00.107206	(00.000949 +- 00.000315)	[00.000730,00.002287]
05_registration         	    113	00.707976	(00.006265 +- 00.002042)	[00.003416,00.013137]
06_map                  	    113	00.132289	(00.001171 +- 00.000288)	[00.000757,00.002346]
07_imu_opt              	    113	00.140952	(00.001247 +- 00.000764)	[00.000002,00.004487]
08_publish              	    113	01.824702	(00.016148 +- 00.004510)	[00.011783,00.028945]
step                    	    116	03.671284	(00.031649 +- 00.008497)	[00.006246,00.057703]

INFO  Timings:
SM Timing
-----------
00_conversion_livox     	    118	01.581891	(00.013406 +- 00.003393)	[00.009541,00.027519]
01_filter               	    117	00.047964	(00.000410 +- 00.000110)	[00.000271,00.002554]
02_preint               	    115	00.004638	(00.000040 +- 00.000011)	[00.000028,00.000078]
02a_intensity_preprocess	    117	00.473093	(00.004044 +- 00.001025)	[00.003222,00.007316]
03_undistortion         	    115	00.126208	(00.001097 +- 00.000254)	[00.000736,00.008355]
04_sampling             	    114	00.085516	(00.000750 +- 00.000146)	[00.000465,00.002759]
04b_intensity_sampling  	    114	00.108180	(00.000949 +- 00.000315)	[00.000730,00.002287]
05_registration         	    114	00.712701	(00.006252 +- 00.002043)	[00.003416,00.013137]
06_map                  	    114	00.133213	(00.001169 +- 00.000289)	[00.000757,00.002346]
07_imu_opt              	    114	00.142410	(00.001249 +- 00.000765)	[00.000002,00.004487]
08_publish              	    114	01.839055	(00.016132 +- 00.004509)	[00.011783,00.028945]
step                    	    117	03.699661	(00.031621 +- 00.008496)	[00.006246,00.057703]

INFO  Timings:
SM Timing
-----------
00_conversion_livox     	    119	01.593755	(00.013393 +- 00.003408)	[00.009541,00.027519]
01_filter               	    118	00.048297	(00.000409 +- 00.000109)	[00.000271,00.002554]
02_preint               	    116	00.004668	(00.000040 +- 00.000011)	[00.000028,00.000078]
02a_intensity_preprocess	    118	00.476457	(00.004038 +- 00.001028)	[00.003222,00.007316]
03_undistortion         	    116	00.127066	(00.001095 +- 00.000255)	[00.000736,00.008355]
04_sampling             	    115	00.086086	(00.000749 +- 00.000146)	[00.000465,00.002759]
04b_intensity_sampling  	    115	00.108939	(00.000947 +- 00.000316)	[00.000730,00.002287]
05_registration         	    115	00.716977	(00.006235 +- 00.002051)	[00.003416,00.013137]
06_map                  	    115	00.134118	(00.001166 +- 00.000290)	[00.000757,00.002346]
07_imu_opt              	    115	00.143724	(00.001250 +- 00.000765)	[00.000002,00.004487]
08_publish              	    115	01.851742	(00.016102 +- 00.004528)	[00.011783,00.028945]
step                    	    118	03.724832	(00.031566 +- 00.008545)	[00.006246,00.057703]

INFO  Timings:
SM Timing
-----------
00_conversion_livox     	    120	01.604818	(00.013373 +- 00.003437)	[00.009541,00.027519]
01_filter               	    119	00.048565	(00.000408 +- 00.000109)	[00.000267,00.002554]
02_preint               	    117	00.004696	(00.000040 +- 00.000011)	[00.000027,00.000078]
02a_intensity_preprocess	    119	00.479538	(00.004030 +- 00.001036)	[00.003081,00.007316]
03_undistortion         	    117	00.127972	(00.001094 +- 00.000255)	[00.000736,00.008355]
04_sampling             	    116	00.086666	(00.000747 +- 00.000143)	[00.000465,00.002759]
04b_intensity_sampling  	    116	00.109704	(00.000946 +- 00.000318)	[00.000730,00.002287]
05_registration         	    116	00.720859	(00.006214 +- 00.002063)	[00.003416,00.013137]
06_map                  	    116	00.135038	(00.001164 +- 00.000291)	[00.000757,00.002346]
07_imu_opt              	    116	00.144935	(00.001249 +- 00.000767)	[00.000002,00.004487]
08_publish              	    116	01.863551	(00.016065 +- 00.004560)	[00.011783,00.028945]
step                    	    119	03.748340	(00.031499 +- 00.008622)	[00.006246,00.057703]

INFO  Timings:
SM Timing
-----------
00_conversion_livox     	    121	01.615317	(00.013350 +- 00.003476)	[00.009541,00.027519]
01_filter               	    120	00.048883	(00.000407 +- 00.000109)	[00.000267,00.002554]
02_preint               	    118	00.004721	(00.000040 +- 00.000011)	[00.000025,00.000078]
02a_intensity_preprocess	    120	00.482523	(00.004021 +- 00.001045)	[00.002985,00.007316]
03_undistortion         	    118	00.128852	(00.001092 +- 00.000255)	[00.000736,00.008355]
04_sampling             	    117	00.087170	(00.000745 +- 00.000144)	[00.000465,00.002759]
04b_intensity_sampling  	    117	00.110478	(00.000944 +- 00.000319)	[00.000730,00.002287]
05_registration         	    117	00.725017	(00.006197 +- 00.002071)	[00.003416,00.013137]
06_map                  	    117	00.135795	(00.001161 +- 00.000294)	[00.000757,00.002346]
07_imu_opt              	    117	00.146088	(00.001249 +- 00.000769)	[00.000002,00.004487]
08_publish              	    117	01.874731	(00.016023 +- 00.004598)	[00.011179,00.028945]
step                    	    120	03.771145	(00.031426 +- 00.008696)	[00.006246,00.057703]

INFO  Timings:
SM Timing
-----------
00_conversion_livox     	    122	01.625439	(00.013323 +- 00.003522)	[00.009541,00.027519]
01_filter               	    121	00.049100	(00.000406 +- 00.000111)	[00.000217,00.002554]
02_preint               	    119	00.004748	(00.000040 +- 00.000011)	[00.000025,00.000078]
02a_intensity_preprocess	    121	00.485431	(00.004012 +- 00.001056)	[00.002908,00.007316]
03_undistortion         	    119	00.129724	(00.001090 +- 00.000255)	[00.000736,00.008355]
04_sampling             	    118	00.087627	(00.000743 +- 00.000146)	[00.000457,00.002759]
04b_intensity_sampling  	    118	00.111301	(00.000943 +- 00.000320)	[00.000730,00.002287]
05_registration         	    118	00.729727	(00.006184 +- 00.002075)	[00.003416,00.013137]
06_map                  	    118	00.136593	(00.001158 +- 00.000297)	[00.000757,00.002346]
07_imu_opt              	    118	00.147288	(00.001248 +- 00.000767)	[00.000002,00.004487]
08_publish              	    118	01.886415	(00.015987 +- 00.004629)	[00.011179,00.028945]
step                    	    121	03.794920	(00.031363 +- 00.008755)	[00.006246,00.057703]

INFO  Timings:
SM Timing
-----------
00_conversion_livox     	    123	01.635936	(00.013300 +- 00.003558)	[00.009541,00.027519]
01_filter               	    122	00.049412	(00.000405 +- 00.000111)	[00.000217,00.002554]
02_preint               	    120	00.004785	(00.000040 +- 00.000011)	[00.000025,00.000078]
02a_intensity_preprocess	    122	00.488493	(00.004004 +- 00.001061)	[00.002908,00.007316]
03_undistortion         	    120	00.130600	(00.001088 +- 00.000255)	[00.000736,00.008355]
04_sampling             	    119	00.088121	(00.000741 +- 00.000147)	[00.000457,00.002759]
04b_intensity_sampling  	    119	00.112049	(00.000942 +- 00.000323)	[00.000730,00.002287]
05_registration         	    119	00.732501	(00.006155 +- 00.002114)	[00.002773,00.013137]
06_map                  	    119	00.137418	(00.001155 +- 00.000299)	[00.000757,00.002346]
07_imu_opt              	    119	00.148493	(00.001248 +- 00.000773)	[00.000002,00.004487]
08_publish              	    119	01.898091	(00.015950 +- 00.004653)	[00.011179,00.028945]
step                    	    122	03.816999	(00.031287 +- 00.008846)	[00.006246,00.057703]

INFO  Timings:
SM Timing
-----------
00_conversion_livox     	    124	01.646512	(00.013278 +- 00.003591)	[00.009541,00.027519]
01_filter               	    123	00.049644	(00.000404 +- 00.000113)	[00.000217,00.002554]
02_preint               	    121	00.004820	(00.000040 +- 00.000011)	[00.000025,00.000078]
02a_intensity_preprocess	    123	00.491512	(00.003996 +- 00.001069)	[00.002908,00.007316]
03_undistortion         	    121	00.131680	(00.001088 +- 00.000256)	[00.000736,00.008355]
04_sampling             	    120	00.088660	(00.000739 +- 00.000147)	[00.000457,00.002759]
04b_intensity_sampling  	    120	00.112797	(00.000940 +- 00.000324)	[00.000730,00.002287]
05_registration         	    120	00.735647	(00.006130 +- 00.002142)	[00.002773,00.013137]
06_map                  	    120	00.138249	(00.001152 +- 00.000300)	[00.000757,00.002346]
07_imu_opt              	    120	00.149669	(00.001247 +- 00.000771)	[00.000002,00.004487]
08_publish              	    120	01.909494	(00.015912 +- 00.004687)	[00.011179,00.028945]
step                    	    123	03.839283	(00.031214 +- 00.008932)	[00.006246,00.057703]

INFO  Timings:
SM Timing
-----------
00_conversion_livox     	    125	01.656814	(00.013255 +- 00.003629)	[00.009541,00.027519]
01_filter               	    124	00.049993	(00.000403 +- 00.000113)	[00.000217,00.002554]
02_preint               	    122	00.004848	(00.000040 +- 00.000011)	[00.000025,00.000078]
02a_intensity_preprocess	    124	00.494517	(00.003988 +- 00.001077)	[00.002908,00.007316]
03_undistortion         	    122	00.132539	(00.001086 +- 00.000256)	[00.000736,00.008355]
04_sampling             	    121	00.089171	(00.000737 +- 00.000147)	[00.000457,00.002759]
04b_intensity_sampling  	    121	00.113553	(00.000938 +- 00.000326)	[00.000730,00.002287]
05_registration         	    121	00.739186	(00.006109 +- 00.002159)	[00.002773,00.013137]
06_map                  	    121	00.139154	(00.001150 +- 00.000301)	[00.000757,00.002346]
07_imu_opt              	    121	00.150833	(00.001247 +- 00.000774)	[00.000002,00.004487]
08_publish              	    121	01.921187	(00.015878 +- 00.004716)	[00.011179,00.028945]
step                    	    124	03.862157	(00.031146 +- 00.009004)	[00.006246,00.057703]

INFO  Timings:
SM Timing
-----------
00_conversion_livox     	    126	01.667220	(00.013232 +- 00.003663)	[00.009541,00.027519]
01_filter               	    125	00.050248	(00.000402 +- 00.000114)	[00.000217,00.002554]
02_preint               	    123	00.004884	(00.000040 +- 00.000011)	[00.000025,00.000078]
02a_intensity_preprocess	    125	00.497547	(00.003980 +- 00.001084)	[00.002908,00.007316]
03_undistortion         	    123	00.133372	(00.001084 +- 00.000257)	[00.000736,00.008355]
04_sampling             	    122	00.089654	(00.000735 +- 00.000148)	[00.000457,00.002759]
04b_intensity_sampling  	    122	00.114251	(00.000936 +- 00.000329)	[00.000698,00.002287]
05_registration         	    122	00.743883	(00.006097 +- 00.002161)	[00.002773,00.013137]
06_map                  	    122	00.139963	(00.001147 +- 00.000303)	[00.000757,00.002346]
07_imu_opt              	    122	00.152025	(00.001246 +- 00.000781)	[00.000002,00.004487]
08_publish              	    122	01.933450	(00.015848 +- 00.004735)	[00.011179,00.028945]
step                    	    125	03.886532	(00.031092 +- 00.009049)	[00.006246,00.057703]

INFO  Timings:
SM Timing
-----------
00_conversion_livox     	    127	01.677630	(00.013210 +- 00.003696)	[00.009541,00.027519]
01_filter               	    126	00.050627	(00.000402 +- 00.000114)	[00.000217,00.002554]
02_preint               	    124	00.004920	(00.000040 +- 00.000011)	[00.000025,00.000078]
02a_intensity_preprocess	    126	00.500661	(00.003974 +- 00.001090)	[00.002908,00.007316]
03_undistortion         	    124	00.134231	(00.001083 +- 00.000257)	[00.000736,00.008355]
04_sampling             	    123	00.090128	(00.000733 +- 00.000149)	[00.000457,00.002759]
04b_intensity_sampling  	    123	00.115105	(00.000936 +- 00.000330)	[00.000698,00.002287]
05_registration         	    123	00.747952	(00.006081 +- 00.002163)	[00.002773,00.013137]
06_map                  	    123	00.140916	(00.001146 +- 00.000303)	[00.000757,00.002346]
07_imu_opt              	    123	00.153261	(00.001246 +- 00.000777)	[00.000002,00.004487]
08_publish              	    123	01.945924	(00.015821 +- 00.004751)	[00.011179,00.028945]
step                    	    126	03.911037	(00.031040 +- 00.009086)	[00.006246,00.057703]

INFO  Timings:
SM Timing
-----------
00_conversion_livox     	    128	01.687935	(00.013187 +- 00.003728)	[00.009541,00.027519]
01_filter               	    127	00.051010	(00.000402 +- 00.000113)	[00.000217,00.002554]
02_preint               	    125	00.004947	(00.000040 +- 00.000011)	[00.000025,00.000078]
02a_intensity_preprocess	    127	00.503791	(00.003967 +- 00.001095)	[00.002908,00.007316]
03_undistortion         	    125	00.135078	(00.001081 +- 00.000258)	[00.000736,00.008355]
04_sampling             	    124	00.090634	(00.000731 +- 00.000149)	[00.000457,00.002759]
04b_intensity_sampling  	    124	00.115949	(00.000935 +- 00.000330)	[00.000698,00.002287]
05_registration         	    124	00.752228	(00.006066 +- 00.002169)	[00.002773,00.013137]
06_map                  	    124	00.141708	(00.001143 +- 00.000242)	[00.000757,00.002346]
07_imu_opt              	    124	00.154465	(00.001246 +- 00.000782)	[00.000002,00.004487]
08_publish              	    124	01.958668	(00.015796 +- 00.004763)	[00.011179,00.028945]
step                    	    127	03.935864	(00.030991 +- 00.009122)	[00.006246,00.057703]

INFO  Timings:
SM Timing
-----------
00_conversion_livox     	    129	01.698577	(00.013167 +- 00.003755)	[00.009541,00.027519]
01_filter               	    128	00.051342	(00.000401 +- 00.000113)	[00.000217,00.002554]
02_preint               	    126	00.004975	(00.000039 +- 00.000011)	[00.000025,00.000078]
02a_intensity_preprocess	    128	00.506813	(00.003959 +- 00.001101)	[00.002908,00.007316]
03_undistortion         	    126	00.135949	(00.001079 +- 00.000257)	[00.000736,00.008355]
04_sampling             	    125	00.091225	(00.000730 +- 00.000148)	[00.000457,00.002759]
04b_intensity_sampling  	    125	00.116996	(00.000936 +- 00.000330)	[00.000698,00.002287]
05_registration         	    125	00.756875	(00.006055 +- 00.002172)	[00.002773,00.013137]
06_map                  	    125	00.142525	(00.001140 +- 00.000243)	[00.000757,00.002346]
07_imu_opt              	    125	00.155643	(00.001245 +- 00.000784)	[00.000002,00.004487]
08_publish              	    125	01.971327	(00.015771 +- 00.004776)	[00.011179,00.028945]
step                    	    128	03.961121	(00.030946 +- 00.009151)	[00.006246,00.057703]

INFO  Timings:
SM Timing
-----------
00_conversion_livox     	    130	01.708712	(00.013144 +- 00.003791)	[00.009541,00.027519]
01_filter               	    129	00.051719	(00.000401 +- 00.000112)	[00.000217,00.002554]
02_preint               	    127	00.005001	(00.000039 +- 00.000012)	[00.000025,00.000078]
02a_intensity_preprocess	    129	00.509889	(00.003953 +- 00.001107)	[00.002908,00.007316]
03_undistortion         	    127	00.136843	(00.001078 +- 00.000257)	[00.000736,00.008355]
04_sampling             	    126	00.091747	(00.000728 +- 00.000149)	[00.000457,00.002759]
04b_intensity_sampling  	    126	00.117823	(00.000935 +- 00.000331)	[00.000698,00.002287]
05_registration         	    126	00.760716	(00.006037 +- 00.002183)	[00.002773,00.013137]
06_map                  	    126	00.143431	(00.001138 +- 00.000244)	[00.000757,00.002346]
07_imu_opt              	    126	00.156771	(00.001244 +- 00.000789)	[00.000002,00.004487]
08_publish              	    126	01.984205	(00.015748 +- 00.004786)	[00.011179,00.028945]
step                    	    129	03.985666	(00.030897 +- 00.009187)	[00.006246,00.057703]

INFO  Timings:
SM Timing
-----------
00_conversion_livox     	    131	01.719482	(00.013126 +- 00.003815)	[00.009541,00.027519]
01_filter               	    130	00.052134	(00.000401 +- 00.000112)	[00.000217,00.002554]
02_preint               	    128	00.005028	(00.000039 +- 00.000012)	[00.000025,00.000078]
02a_intensity_preprocess	    130	00.513051	(00.003947 +- 00.001110)	[00.002908,00.007316]
03_undistortion         	    128	00.137859	(00.001077 +- 00.000257)	[00.000736,00.008355]
04_sampling             	    127	00.092412	(00.000728 +- 00.000149)	[00.000457,00.002759]
04b_intensity_sampling  	    127	00.118809	(00.000936 +- 00.000331)	[00.000698,00.002287]
05_registration         	    127	00.764820	(00.006022 +- 00.002190)	[00.002773,00.013137]
06_map                  	    127	00.144372	(00.001137 +- 00.000243)	[00.000757,00.002346]
07_imu_opt              	    127	00.157945	(00.001244 +- 00.000775)	[00.000002,00.004487]
08_publish              	    127	01.997186	(00.015726 +- 00.004794)	[00.011179,00.028945]
step                    	    130	04.011204	(00.030855 +- 00.009211)	[00.006246,00.057703]

INFO  Timings:
SM Timing
-----------
00_conversion_livox     	    132	01.730021	(00.013106 +- 00.003842)	[00.009541,00.027519]
01_filter               	    131	00.052460	(00.000400 +- 00.000112)	[00.000217,00.002554]
02_preint               	    129	00.005053	(00.000039 +- 00.000012)	[00.000025,00.000078]
02a_intensity_preprocess	    131	00.516219	(00.003941 +- 00.001114)	[00.002908,00.007316]
03_undistortion         	    129	00.138835	(00.001076 +- 00.000257)	[00.000736,00.008355]
04_sampling             	    128	00.093014	(00.000727 +- 00.000149)	[00.000457,00.002759]
04b_intensity_sampling  	    128	00.119771	(00.000936 +- 00.000330)	[00.000698,00.002287]
05_registration         	    128	00.768949	(00.006007 +- 00.002194)	[00.002773,00.013137]
06_map                  	    128	00.145327	(00.001135 +- 00.000243)	[00.000757,00.002346]
07_imu_opt              	    128	00.159144	(00.001243 +- 00.000772)	[00.000002,00.004487]
08_publish              	    128	02.010520	(00.015707 +- 00.004799)	[00.011179,00.028945]
step                    	    131	04.036951	(00.030816 +- 00.009230)	[00.006246,00.057703]

INFO  Timings:
SM Timing
-----------
00_conversion_livox     	    133	01.740477	(00.013086 +- 00.003869)	[00.009541,00.027519]
01_filter               	    132	00.052834	(00.000400 +- 00.000112)	[00.000217,00.002554]
02_preint               	    130	00.005092	(00.000039 +- 00.000012)	[00.000025,00.000078]
02a_intensity_preprocess	    132	00.519608	(00.003936 +- 00.001116)	[00.002908,00.007316]
03_undistortion         	    130	00.140249	(00.001079 +- 00.000263)	[00.000736,00.008355]
04_sampling             	    129	00.093618	(00.000726 +- 00.000148)	[00.000457,00.002759]
04b_intensity_sampling  	    129	00.120686	(00.000936 +- 00.000330)	[00.000698,00.002287]
05_registration         	    129	00.773708	(00.005998 +- 00.002186)	[00.002773,00.013137]
06_map                  	    129	00.146175	(00.001133 +- 00.000244)	[00.000757,00.002346]
07_imu_opt              	    129	00.160517	(00.001244 +- 00.000774)	[00.000002,00.004487]
08_publish              	    129	02.023932	(00.015689 +- 00.004800)	[00.011179,00.028945]
step                    	    132	04.064153	(00.030789 +- 00.009226)	[00.006246,00.057703]

INFO  Timings:
SM Timing
-----------
00_conversion_livox     	    134	01.750709	(00.013065 +- 00.003898)	[00.009541,00.027519]
01_filter               	    133	00.053223	(00.000400 +- 00.000112)	[00.000217,00.002554]
02_preint               	    131	00.005124	(00.000039 +- 00.000012)	[00.000025,00.000078]
02a_intensity_preprocess	    133	00.523017	(00.003932 +- 00.001116)	[00.002908,00.007316]
03_undistortion         	    131	00.141190	(00.001078 +- 00.000263)	[00.000736,00.008355]
04_sampling             	    130	00.094108	(00.000724 +- 00.000148)	[00.000457,00.002759]
04b_intensity_sampling  	    130	00.121662	(00.000936 +- 00.000328)	[00.000698,00.002287]
05_registration         	    130	00.778125	(00.005986 +- 00.002190)	[00.002773,00.013137]
06_map                  	    130	00.146925	(00.001130 +- 00.000246)	[00.000750,00.002346]
07_imu_opt              	    130	00.161786	(00.001245 +- 00.000752)	[00.000002,00.004487]
08_publish              	    130	02.036927	(00.015669 +- 00.004796)	[00.011179,00.028945]
step                    	    133	04.089890	(00.030751 +- 00.009242)	[00.006246,00.057703]

INFO  Timings:
SM Timing
-----------
00_conversion_livox     	    135	01.761538	(00.013048 +- 00.003916)	[00.009541,00.027519]
01_filter               	    134	00.053578	(00.000400 +- 00.000112)	[00.000217,00.002554]
02_preint               	    132	00.005160	(00.000039 +- 00.000012)	[00.000025,00.000078]
02a_intensity_preprocess	    134	00.526255	(00.003927 +- 00.001117)	[00.002908,00.007316]
03_undistortion         	    132	00.142160	(00.001077 +- 00.000261)	[00.000736,00.008355]
04_sampling             	    131	00.094686	(00.000723 +- 00.000147)	[00.000457,00.002759]
04b_intensity_sampling  	    131	00.122582	(00.000936 +- 00.000327)	[00.000698,00.002287]
05_registration         	    131	00.782206	(00.005971 +- 00.002198)	[00.002773,00.013137]
06_map                  	    131	00.147799	(00.001128 +- 00.000247)	[00.000750,00.002346]
07_imu_opt              	    131	00.163055	(00.001245 +- 00.000755)	[00.000002,00.004487]
08_publish              	    131	02.049925	(00.015648 +- 00.004787)	[00.011179,00.028945]
step                    	    134	04.115282	(00.030711 +- 00.009248)	[00.006246,00.057703]

INFO  Timings:
SM Timing
-----------
00_conversion_livox     	    136	01.771804	(00.013028 +- 00.003942)	[00.009541,00.027519]
01_filter               	    135	00.053899	(00.000399 +- 00.000112)	[00.000217,00.002554]
02_preint               	    133	00.005187	(00.000039 +- 00.000012)	[00.000025,00.000078]
02a_intensity_preprocess	    135	00.529531	(00.003922 +- 00.001116)	[00.002908,00.007316]
03_undistortion         	    133	00.143174	(00.001076 +- 00.000260)	[00.000736,00.008355]
04_sampling             	    132	00.095181	(00.000721 +- 00.000148)	[00.000457,00.002759]
04b_intensity_sampling  	    132	00.123419	(00.000935 +- 00.000327)	[00.000698,00.002287]
05_registration         	    132	00.787129	(00.005963 +- 00.002194)	[00.002773,00.013137]
06_map                  	    132	00.148661	(00.001126 +- 00.000247)	[00.000750,00.002346]
07_imu_opt              	    132	00.165672	(00.001255 +- 00.000764)	[00.000002,00.004487]
08_publish              	    132	02.063097	(00.015630 +- 00.004776)	[00.011179,00.028945]
step                    	    135	04.142894	(00.030688 +- 00.009243)	[00.006246,00.057703]

INFO  Timings:
SM Timing
-----------
00_conversion_livox     	    137	01.782733	(00.013013 +- 00.003958)	[00.009541,00.027519]
01_filter               	    136	00.054217	(00.000399 +- 00.000112)	[00.000217,00.002554]
02_preint               	    134	00.005224	(00.000039 +- 00.000012)	[00.000025,00.000078]
02a_intensity_preprocess	    136	00.532862	(00.003918 +- 00.001116)	[00.002908,00.007316]
03_undistortion         	    134	00.144052	(00.001075 +- 00.000260)	[00.000736,00.008355]
04_sampling             	    133	00.095725	(00.000720 +- 00.000147)	[00.000457,00.002759]
04b_intensity_sampling  	    133	00.124269	(00.000934 +- 00.000327)	[00.000698,00.002287]
05_registration         	    133	00.791232	(00.005949 +- 00.002199)	[00.002773,00.013137]
06_map                  	    133	00.149556	(00.001124 +- 00.000247)	[00.000750,00.002346]
07_imu_opt              	    133	00.166893	(00.001255 +- 00.000768)	[00.000002,00.004487]
08_publish              	    133	02.076316	(00.015611 +- 00.004766)	[00.011179,00.028945]
step                    	    136	04.168355	(00.030650 +- 00.009244)	[00.006246,00.057703]

INFO  Timings:
SM Timing
-----------
00_conversion_livox     	    138	01.792859	(00.012992 +- 00.003984)	[00.009541,00.027519]
01_filter               	    137	00.054573	(00.000398 +- 00.000112)	[00.000217,00.002554]
02_preint               	    135	00.005260	(00.000039 +- 00.000012)	[00.000025,00.000078]
02a_intensity_preprocess	    137	00.536184	(00.003914 +- 00.001116)	[00.002908,00.007316]
03_undistortion         	    135	00.144921	(00.001073 +- 00.000258)	[00.000736,00.008355]
04_sampling             	    134	00.096242	(00.000718 +- 00.000147)	[00.000457,00.002759]
04b_intensity_sampling  	    134	00.125099	(00.000934 +- 00.000328)	[00.000698,00.002287]
05_registration         	    134	00.796962	(00.005947 +- 00.002193)	[00.002773,00.013137]
06_map                  	    134	00.150558	(00.001124 +- 00.000245)	[00.000750,00.002346]
07_imu_opt              	    134	00.168150	(00.001255 +- 00.000769)	[00.000002,00.004487]
08_publish              	    134	02.089724	(00.015595 +- 00.004749)	[00.011179,00.028945]
step                    	    137	04.195755	(00.030626 +- 00.009212)	[00.006246,00.057703]

INFO  Timings:
SM Timing
-----------
00_conversion_livox     	    139	01.803234	(00.012973 +- 00.004006)	[00.009541,00.027519]
01_filter               	    138	00.054932	(00.000398 +- 00.000112)	[00.000217,00.002554]
02_preint               	    136	00.005296	(00.000039 +- 00.000012)	[00.000025,00.000078]
02a_intensity_preprocess	    138	00.539565	(00.003910 +- 00.001116)	[00.002908,00.007316]
03_undistortion         	    136	00.145745	(00.001072 +- 00.000257)	[00.000736,00.008355]
04_sampling             	    135	00.096773	(00.000717 +- 00.000146)	[00.000457,00.002759]
04b_intensity_sampling  	    135	00.125969	(00.000933 +- 00.000327)	[00.000698,00.002287]
05_registration         	    135	00.801889	(00.005940 +- 00.002194)	[00.002773,00.013137]
06_map                  	    135	00.151483	(00.001122 +- 00.000245)	[00.000750,00.002346]
07_imu_opt              	    135	00.169457	(00.001255 +- 00.000772)	[00.000002,00.004487]
08_publish              	    135	02.103194	(00.015579 +- 00.004732)	[00.011179,00.028945]
step                    	    138	04.222456	(00.030598 +- 00.009203)	[00.006246,00.057703]

INFO  Timings:
SM Timing
-----------
00_conversion_livox     	    140	01.813830	(00.012956 +- 00.004024)	[00.009541,00.027519]
01_filter               	    139	00.055291	(00.000398 +- 00.000111)	[00.000217,00.002554]
02_preint               	    137	00.005326	(00.000039 +- 00.000012)	[00.000025,00.000078]
02a_intensity_preprocess	    139	00.542907	(00.003906 +- 00.001115)	[00.002908,00.007316]
03_undistortion         	    137	00.146594	(00.001070 +- 00.000256)	[00.000736,00.008355]
04_sampling             	    136	00.097318	(00.000716 +- 00.000146)	[00.000457,00.002759]
04b_intensity_sampling  	    136	00.126982	(00.000934 +- 00.000325)	[00.000698,00.002287]
05_registration         	    136	00.806461	(00.005930 +- 00.002194)	[00.002773,00.013137]
06_map                  	    136	00.152315	(00.001120 +- 00.000243)	[00.000750,00.002346]
07_imu_opt              	    136	00.170776	(00.001256 +- 00.000717)	[00.000002,00.004487]
08_publish              	    136	02.117241	(00.015568 +- 00.004710)	[00.011179,00.028945]
step                    	    139	04.249432	(00.030571 +- 00.009201)	[00.006246,00.057703]

INFO  Timings:
SM Timing
-----------
00_conversion_livox     	    141	01.824939	(00.012943 +- 00.004035)	[00.009541,00.027519]
01_filter               	    140	00.055644	(00.000397 +- 00.000112)	[00.000217,00.002554]
02_preint               	    138	00.005361	(00.000039 +- 00.000012)	[00.000025,00.000078]
02a_intensity_preprocess	    140	00.546307	(00.003902 +- 00.001114)	[00.002908,00.007316]
03_undistortion         	    138	00.147447	(00.001068 +- 00.000255)	[00.000736,00.008355]
04_sampling             	    137	00.097846	(00.000714 +- 00.000145)	[00.000457,00.002759]
04b_intensity_sampling  	    137	00.127900	(00.000934 +- 00.000324)	[00.000698,00.002287]
05_registration         	    137	00.810963	(00.005919 +- 00.002196)	[00.002773,00.013137]
06_map                  	    137	00.153411	(00.001120 +- 00.000242)	[00.000750,00.002346]
07_imu_opt              	    137	00.172025	(00.001256 +- 00.000719)	[00.000002,00.004487]
08_publish              	    137	02.131121	(00.015556 +- 00.004698)	[00.011179,00.028945]
step                    	    140	04.276316	(00.030545 +- 00.009192)	[00.006246,00.057703]

INFO  Timings:
SM Timing
-----------
00_conversion_livox     	    142	01.835963	(00.012929 +- 00.004045)	[00.009541,00.027519]
01_filter               	    141	00.056028	(00.000397 +- 00.000111)	[00.000217,00.002554]
02_preint               	    139	00.005397	(00.000039 +- 00.000012)	[00.000025,00.000078]
02a_intensity_preprocess	    141	00.549748	(00.003899 +- 00.001114)	[00.002908,00.007316]
03_undistortion         	    139	00.148322	(00.001067 +- 00.000255)	[00.000736,00.008355]
04_sampling             	    138	00.098499	(00.000714 +- 00.000145)	[00.000457,00.002759]
04b_intensity_sampling  	    138	00.128800	(00.000933 +- 00.000324)	[00.000698,00.002287]
05_registration         	    138	00.815792	(00.005912 +- 00.002196)	[00.002773,00.013137]
06_map                  	    138	00.154361	(00.001119 +- 00.000242)	[00.000750,00.002346]
07_imu_opt              	    138	00.173289	(00.001256 +- 00.000598)	[00.000002,00.004487]
08_publish              	    138	02.145360	(00.015546 +- 00.004690)	[00.011179,00.028945]
step                    	    141	04.303954	(00.030524 +- 00.009199)	[00.006246,00.057703]

INFO  Timings:
SM Timing
-----------
00_conversion_livox     	    143	01.847163	(00.012917 +- 00.004053)	[00.009541,00.027519]
01_filter               	    142	00.056407	(00.000397 +- 00.000111)	[00.000217,00.002554]
02_preint               	    140	00.005435	(00.000039 +- 00.000012)	[00.000025,00.000078]
02a_intensity_preprocess	    142	00.553210	(00.003896 +- 00.001114)	[00.002908,00.007316]
03_undistortion         	    140	00.149260	(00.001066 +- 00.000252)	[00.000736,00.008355]
04_sampling             	    139	00.099226	(00.000714 +- 00.000146)	[00.000457,00.002759]
04b_intensity_sampling  	    139	00.129740	(00.000933 +- 00.000324)	[00.000698,00.002287]
05_registration         	    139	00.820332	(00.005902 +- 00.002187)	[00.002773,00.013137]
06_map                  	    139	00.155304	(00.001117 +- 00.000242)	[00.000750,00.002346]
07_imu_opt              	    139	00.174674	(00.001257 +- 00.000597)	[00.000002,00.004487]
08_publish              	    139	02.159361	(00.015535 +- 00.004687)	[00.011179,00.028945]
step                    	    142	04.331391	(00.030503 +- 00.009206)	[00.006246,00.057703]

INFO  Timings:
SM Timing
-----------
00_conversion_livox     	    144	01.858406	(00.012906 +- 00.004057)	[00.009541,00.027519]
01_filter               	    143	00.056747	(00.000397 +- 00.000111)	[00.000217,00.002554]
02_preint               	    141	00.005472	(00.000039 +- 00.000012)	[00.000025,00.000078]
02a_intensity_preprocess	    143	00.556639	(00.003893 +- 00.001115)	[00.002908,00.007316]
03_undistortion         	    141	00.150121	(00.001065 +- 00.000252)	[00.000736,00.008355]
04_sampling             	    140	00.099981	(00.000714 +- 00.000145)	[00.000457,00.002759]
04b_intensity_sampling  	    140	00.130672	(00.000933 +- 00.000323)	[00.000698,00.002287]
05_registration         	    140	00.825088	(00.005893 +- 00.002187)	[00.002773,00.013137]
06_map                  	    140	00.156186	(00.001116 +- 00.000243)	[00.000750,00.002346]
07_imu_opt              	    140	00.175941	(00.001257 +- 00.000462)	[00.000002,00.004487]
08_publish              	    140	02.172971	(00.015521 +- 00.004688)	[00.011179,00.028945]
step                    	    143	04.358333	(00.030478 +- 00.009216)	[00.006246,00.057703]

INFO  Timings:
SM Timing
-----------
00_conversion_livox     	    145	01.869203	(00.012891 +- 00.004069)	[00.009541,00.027519]
01_filter               	    144	00.057099	(00.000397 +- 00.000112)	[00.000217,00.002554]
02_preint               	    142	00.005509	(00.000039 +- 00.000012)	[00.000025,00.000078]
02a_intensity_preprocess	    144	00.559926	(00.003888 +- 00.001116)	[00.002908,00.007316]
03_undistortion         	    142	00.150981	(00.001063 +- 00.000252)	[00.000736,00.008355]
04_sampling             	    141	00.100468	(00.000713 +- 00.000146)	[00.000457,00.002759]
04b_intensity_sampling  	    141	00.131546	(00.000933 +- 00.000323)	[00.000698,00.002287]
05_registration         	    141	00.829125	(00.005880 +- 00.002186)	[00.002773,00.013137]
06_map                  	    141	00.157126	(00.001114 +- 00.000243)	[00.000750,00.002346]
07_imu_opt              	    141	00.177243	(00.001257 +- 00.000463)	[00.000002,00.004487]
08_publish              	    141	02.186170	(00.015505 +- 00.004690)	[00.011179,00.028945]
step                    	    144	04.383766	(00.030443 +- 00.009223)	[00.006246,00.057703]

INFO  Timings:
SM Timing
-----------
00_conversion_livox     	    146	01.879740	(00.012875 +- 00.004083)	[00.009541,00.027519]
01_filter               	    145	00.057424	(00.000396 +- 00.000112)	[00.000217,00.002554]
02_preint               	    143	00.005537	(00.000039 +- 00.000012)	[00.000025,00.000078]
02a_intensity_preprocess	    145	00.563121	(00.003884 +- 00.001119)	[00.002908,00.007316]
03_undistortion         	    143	00.151851	(00.001062 +- 00.000253)	[00.000736,00.008355]
04_sampling             	    142	00.100944	(00.000711 +- 00.000147)	[00.000457,00.002759]
04b_intensity_sampling  	    142	00.132346	(00.000932 +- 00.000325)	[00.000698,00.002287]
05_registration         	    142	00.833886	(00.005872 +- 00.002185)	[00.002773,00.013137]
06_map                  	    142	00.157918	(00.001112 +- 00.000244)	[00.000750,00.002346]
07_imu_opt              	    142	00.178427	(00.001257 +- 00.000464)	[00.000002,00.004487]
08_publish              	    142	02.199038	(00.015486 +- 00.004700)	[00.011179,00.028945]
step                    	    145	04.409117	(00.030408 +- 00.009246)	[00.006246,00.057703]

INFO  Timings:
SM Timing
-----------
00_conversion_livox     	    147	01.890188	(00.012858 +- 00.004098)	[00.009541,00.027519]
01_filter               	    146	00.057793	(00.000396 +- 00.000112)	[00.000217,00.002554]
02_preint               	    144	00.005562	(00.000039 +- 00.000012)	[00.000025,00.000078]
02a_intensity_preprocess	    146	00.566301	(00.003879 +- 00.001122)	[00.002908,00.007316]
03_undistortion         	    144	00.152775	(00.001061 +- 00.000253)	[00.000736,00.008355]
04_sampling             	    143	00.101463	(00.000710 +- 00.000148)	[00.000457,00.002759]
04b_intensity_sampling  	    143	00.133209	(00.000932 +- 00.000325)	[00.000698,00.002287]
05_registration         	    143	00.838080	(00.005861 +- 00.002188)	[00.002773,00.013137]
06_map                  	    143	00.158787	(00.001110 +- 00.000245)	[00.000750,00.002346]
07_imu_opt              	    143	00.179791	(00.001257 +- 00.000464)	[00.000002,00.004487]
08_publish              	    143	02.211920	(00.015468 +- 00.004711)	[00.011179,00.028945]
step                    	    146	04.434373	(00.030372 +- 00.009268)	[00.006246,00.057703]

INFO  Timings:
SM Timing
-----------
00_conversion_livox     	    148	01.900654	(00.012842 +- 00.004111)	[00.009541,00.027519]
01_filter               	    147	00.058165	(00.000396 +- 00.000112)	[00.000217,00.002554]
02_preint               	    145	00.005589	(00.000039 +- 00.000013)	[00.000025,00.000078]
02a_intensity_preprocess	    147	00.569526	(00.003874 +- 00.001125)	[00.002908,00.007316]
03_undistortion         	    145	00.153761	(00.001060 +- 00.000253)	[00.000736,00.008355]
04_sampling             	    144	00.102029	(00.000709 +- 00.000148)	[00.000457,00.002759]
04b_intensity_sampling  	    144	00.136275	(00.000946 +- 00.000397)	[00.000698,00.003066]
05_registration         	    144	00.843124	(00.005855 +- 00.002178)	[00.002773,00.013137]
06_map                  	    144	00.159644	(00.001109 +- 00.000246)	[00.000750,00.002346]
07_imu_opt              	    144	00.181127	(00.001258 +- 00.000465)	[00.000002,00.004487]
08_publish              	    144	02.225124	(00.015452 +- 00.004719)	[00.011179,00.028945]
step                    	    147	04.463132	(00.030361 +- 00.009265)	[00.006246,00.057703]

INFO  Timings:
SM Timing
-----------
00_conversion_livox     	    149	01.911730	(00.012830 +- 00.004118)	[00.009541,00.027519]
01_filter               	    148	00.058529	(00.000395 +- 00.000112)	[00.000217,00.002554]
02_preint               	    146	00.005625	(00.000039 +- 00.000013)	[00.000025,00.000078]
02a_intensity_preprocess	    148	00.572862	(00.003871 +- 00.001126)	[00.002908,00.007316]
03_undistortion         	    146	00.154754	(00.001060 +- 00.000253)	[00.000736,00.008355]
04_sampling             	    145	00.102656	(00.000708 +- 00.000148)	[00.000457,00.002759]
04b_intensity_sampling  	    145	00.137237	(00.000946 +- 00.000396)	[00.000698,00.003066]
05_registration         	    145	00.846487	(00.005838 +- 00.002179)	[00.002773,00.013137]
06_map                  	    145	00.160613	(00.001108 +- 00.000246)	[00.000750,00.002346]
07_imu_opt              	    145	00.182381	(00.001258 +- 00.000466)	[00.000002,00.004487]
08_publish              	    145	02.238062	(00.015435 +- 00.004725)	[00.011179,00.028945]
step                    	    148	04.488048	(00.030325 +- 00.009275)	[00.006246,00.057703]

INFO  Timings:
SM Timing
-----------
00_conversion_livox     	    150	01.922456	(00.012816 +- 00.004128)	[00.009541,00.027519]
01_filter               	    149	00.058896	(00.000395 +- 00.000112)	[00.000217,00.002554]
02_preint               	    147	00.005662	(00.000039 +- 00.000012)	[00.000025,00.000078]
02a_intensity_preprocess	    149	00.576092	(00.003866 +- 00.001128)	[00.002908,00.007316]
03_undistortion         	    147	00.155682	(00.001059 +- 00.000253)	[00.000736,00.008355]
04_sampling             	    146	00.103139	(00.000706 +- 00.000149)	[00.000457,00.002759]
04b_intensity_sampling  	    146	00.138069	(00.000946 +- 00.000397)	[00.000698,00.003066]
05_registration         	    146	00.850196	(00.005823 +- 00.002185)	[00.002773,00.013137]
06_map                  	    146	00.161631	(00.001107 +- 00.000245)	[00.000750,00.002346]
07_imu_opt              	    146	00.183653	(00.001258 +- 00.000467)	[00.000002,00.004487]
08_publish              	    146	02.250565	(00.015415 +- 00.004728)	[00.011179,00.028945]
step                    	    149	04.512499	(00.030285 +- 00.009287)	[00.006246,00.057703]

INFO  Timings:
SM Timing
-----------
00_conversion_livox     	    151	01.932916	(00.012801 +- 00.004138)	[00.009541,00.027519]
01_filter               	    150	00.059235	(00.000395 +- 00.000112)	[00.000217,00.002554]
02_preint               	    148	00.005699	(00.000039 +- 00.000012)	[00.000025,00.000078]
02a_intensity_preprocess	    150	00.579230	(00.003862 +- 00.001129)	[00.002908,00.007316]
03_undistortion         	    148	00.156585	(00.001058 +- 00.000252)	[00.000736,00.008355]
04_sampling             	    147	00.103668	(00.000705 +- 00.000148)	[00.000457,00.002759]
04b_intensity_sampling  	    147	00.138832	(00.000944 +- 00.000398)	[00.000698,00.003066]
05_registration         	    147	00.853848	(00.005808 +- 00.002189)	[00.002773,00.013137]
06_map                  	    147	00.162572	(00.001106 +- 00.000245)	[00.000750,00.002346]
07_imu_opt              	    147	00.184901	(00.001258 +- 00.000468)	[00.000002,00.004487]
08_publish              	    147	02.262945	(00.015394 +- 00.004732)	[00.011179,00.028945]
step                    	    150	04.536485	(00.030243 +- 00.009298)	[00.006246,00.057703]

INFO  Timings:
SM Timing
-----------
00_conversion_livox     	    151	01.932916	(00.012801 +- 00.004138)	[00.009541,00.027519]
01_filter               	    151	00.059581	(00.000395 +- 00.000112)	[00.000217,00.002554]
02_preint               	    149	00.005736	(00.000038 +- 00.000012)	[00.000025,00.000078]
02a_intensity_preprocess	    151	00.582489	(00.003858 +- 00.001129)	[00.002908,00.007316]
03_undistortion         	    149	00.158531	(00.001064 +- 00.000285)	[00.000736,00.008355]
04_sampling             	    148	00.104292	(00.000705 +- 00.000148)	[00.000457,00.002759]
04b_intensity_sampling  	    148	00.139926	(00.000945 +- 00.000398)	[00.000698,00.003066]
05_registration         	    148	00.857558	(00.005794 +- 00.002199)	[00.002773,00.013137]
06_map                  	    148	00.163553	(00.001105 +- 00.000245)	[00.000750,00.002346]
07_imu_opt              	    148	00.186127	(00.001258 +- 00.000469)	[00.000002,00.004487]
08_publish              	    148	02.275265	(00.015373 +- 00.004742)	[00.011179,00.028945]
step                    	    151	04.562109	(00.030213 +- 00.009312)	[00.006246,00.057703]

INFO  Timings:
SM Timing
-----------
00_conversion_livox     	    153	01.953887	(00.012771 +- 00.004159)	[00.009541,00.027519]
01_filter               	    152	00.059902	(00.000394 +- 00.000113)	[00.000217,00.002554]
02_preint               	    150	00.005763	(00.000038 +- 00.000013)	[00.000025,00.000078]
02a_intensity_preprocess	    152	00.585491	(00.003852 +- 00.001133)	[00.002908,00.007316]
03_undistortion         	    150	00.159342	(00.001062 +- 00.000286)	[00.000736,00.008355]
04_sampling             	    149	00.104825	(00.000704 +- 00.000148)	[00.000457,00.002759]
04b_intensity_sampling  	    149	00.140706	(00.000944 +- 00.000398)	[00.000698,00.003066]
05_registration         	    149	00.860963	(00.005778 +- 00.002211)	[00.002773,00.013137]
06_map                  	    149	00.164493	(00.001104 +- 00.000244)	[00.000750,00.002346]
07_imu_opt              	    149	00.187460	(00.001258 +- 00.000469)	[00.000002,00.004487]
08_publish              	    149	02.287231	(00.015351 +- 00.004752)	[00.011179,00.028945]
step                    	    152	04.585302	(00.030166 +- 00.009342)	[00.006246,00.057703]

INFO  Timings:
SM Timing
-----------
00_conversion_livox     	    154	01.964521	(00.012757 +- 00.004164)	[00.009541,00.027519]
01_filter               	    153	00.060224	(00.000394 +- 00.000113)	[00.000217,00.002554]
02_preint               	    151	00.005800	(00.000038 +- 00.000013)	[00.000025,00.000078]
02a_intensity_preprocess	    153	00.588626	(00.003847 +- 00.001134)	[00.002908,00.007316]
03_undistortion         	    151	00.160137	(00.001061 +- 00.000287)	[00.000736,00.008355]
04_sampling             	    150	00.105324	(00.000702 +- 00.000149)	[00.000457,00.002759]
04b_intensity_sampling  	    150	00.141463	(00.000943 +- 00.000399)	[00.000698,00.003066]
05_registration         	    150	00.864074	(00.005760 +- 00.002219)	[00.002773,00.013137]
06_map                  	    150	00.165376	(00.001103 +- 00.000245)	[00.000750,00.002346]
07_imu_opt              	    150	00.188772	(00.001258 +- 00.000469)	[00.000002,00.004487]
08_publish              	    150	02.299507	(00.015330 +- 00.004761)	[00.011179,00.028945]
step                    	    153	04.608497	(00.030121 +- 00.009365)	[00.006246,00.057703]

INFO  Timings:
SM Timing
-----------
00_conversion_livox     	    155	01.975149	(00.012743 +- 00.004172)	[00.009541,00.027519]
01_filter               	    154	00.060564	(00.000393 +- 00.000113)	[00.000217,00.002554]
02_preint               	    152	00.005835	(00.000038 +- 00.000013)	[00.000025,00.000078]
02a_intensity_preprocess	    154	00.591716	(00.003842 +- 00.001137)	[00.002908,00.007316]
03_undistortion         	    152	00.160970	(00.001059 +- 00.000288)	[00.000736,00.008355]
04_sampling             	    151	00.105775	(00.000700 +- 00.000151)	[00.000451,00.002759]
04b_intensity_sampling  	    151	00.142208	(00.000942 +- 00.000400)	[00.000698,00.003066]
05_registration         	    151	00.867763	(00.005747 +- 00.002223)	[00.002773,00.013137]
06_map                  	    151	00.166356	(00.001102 +- 00.000245)	[00.000750,00.002346]
07_imu_opt              	    151	00.190034	(00.001259 +- 00.000470)	[00.000002,00.004487]
08_publish              	    151	02.311423	(00.015307 +- 00.004779)	[00.011179,00.028945]
step                    	    154	04.631898	(00.030077 +- 00.009396)	[00.006246,00.057703]

INFO  Timings:
SM Timing
-----------
00_conversion_livox     	    156	01.985458	(00.012727 +- 00.004183)	[00.009541,00.027519]
01_filter               	    155	00.060885	(00.000393 +- 00.000113)	[00.000217,00.002554]
02_preint               	    153	00.005862	(00.000038 +- 00.000013)	[00.000025,00.000078]
02a_intensity_preprocess	    155	00.594720	(00.003837 +- 00.001141)	[00.002908,00.007316]
03_undistortion         	    153	00.161926	(00.001058 +- 00.000287)	[00.000736,00.008355]
04_sampling             	    152	00.106354	(00.000700 +- 00.000150)	[00.000451,00.002759]
04b_intensity_sampling  	    152	00.143003	(00.000941 +- 00.000401)	[00.000698,00.003066]
05_registration         	    152	00.871472	(00.005733 +- 00.002232)	[00.002773,00.013137]
06_map                  	    152	00.167294	(00.001101 +- 00.000245)	[00.000750,00.002346]
07_imu_opt              	    152	00.191265	(00.001258 +- 00.000471)	[00.000002,00.004487]
08_publish              	    152	02.322702	(00.015281 +- 00.004807)	[00.011179,00.028945]
step                    	    155	04.654808	(00.030031 +- 00.009440)	[00.006246,00.057703]

INFO  Timings:
SM Timing
-----------
00_conversion_livox     	    156	01.985458	(00.012727 +- 00.004183)	[00.009541,00.027519]
01_filter               	    156	00.061228	(00.000392 +- 00.000113)	[00.000217,00.002554]
02_preint               	    154	00.005888	(00.000038 +- 00.000013)	[00.000025,00.000078]
02a_intensity_preprocess	    156	00.597633	(00.003831 +- 00.001146)	[00.002908,00.007316]
03_undistortion         	    154	00.162909	(00.001058 +- 00.000287)	[00.000736,00.008355]
04_sampling             	    153	00.106919	(00.000699 +- 00.000150)	[00.000451,00.002759]
04b_intensity_sampling  	    153	00.143926	(00.000941 +- 00.000401)	[00.000698,00.003066]
05_registration         	    153	00.874350	(00.005715 +- 00.002253)	[00.002773,00.013137]
06_map                  	    153	00.168189	(00.001099 +- 00.000245)	[00.000750,00.002346]
07_imu_opt              	    153	00.192518	(00.001258 +- 00.000464)	[00.000002,00.004487]
08_publish              	    153	02.333914	(00.015254 +- 00.004814)	[00.011179,00.028945]
step                    	    156	04.676870	(00.029980 +- 00.009478)	[00.006246,00.057703]

INFO  Timings:
SM Timing
-----------
00_conversion_livox     	    158	02.006222	(00.012698 +- 00.004100)	[00.009541,00.027519]
01_filter               	    157	00.061475	(00.000392 +- 00.000114)	[00.000217,00.002554]
02_preint               	    155	00.005925	(00.000038 +- 00.000013)	[00.000025,00.000078]
02a_intensity_preprocess	    157	00.600448	(00.003825 +- 00.001119)	[00.002815,00.007316]
03_undistortion         	    155	00.163771	(00.001057 +- 00.000275)	[00.000736,00.008355]
04_sampling             	    154	00.107339	(00.000697 +- 00.000148)	[00.000419,00.002759]
04b_intensity_sampling  	    154	00.144674	(00.000939 +- 00.000398)	[00.000698,00.003066]
05_registration         	    154	00.878381	(00.005704 +- 00.002222)	[00.002773,00.013137]
06_map                  	    154	00.169152	(00.001098 +- 00.000230)	[00.000750,00.002346]
07_imu_opt              	    154	00.194614	(00.001264 +- 00.000451)	[00.000002,00.004487]
08_publish              	    154	02.344656	(00.015225 +- 00.004565)	[00.010741,00.028945]
step                    	    157	04.699945	(00.029936 +- 00.009116)	[00.006246,00.057703]

INFO  Timings:
SM Timing
-----------
00_conversion_livox     	    159	02.016447	(00.012682 +- 00.003715)	[00.009541,00.027519]
01_filter               	    158	00.061822	(00.000391 +- 00.000111)	[00.000217,00.002554]
02_preint               	    156	00.005951	(00.000038 +- 00.000012)	[00.000025,00.000078]
02a_intensity_preprocess	    158	00.603221	(00.003818 +- 00.001033)	[00.002773,00.007316]
03_undistortion         	    156	00.164606	(00.001055 +- 00.000273)	[00.000736,00.008355]
04_sampling             	    155	00.107762	(00.000695 +- 00.000145)	[00.000419,00.002759]
04b_intensity_sampling  	    155	00.145408	(00.000938 +- 00.000392)	[00.000698,00.003066]
05_registration         	    155	00.881960	(00.005690 +- 00.002115)	[00.002773,00.013137]
06_map                  	    155	00.170154	(00.001098 +- 00.000207)	[00.000750,00.002346]
07_imu_opt              	    155	00.195880	(00.001264 +- 00.000433)	[00.000002,00.004487]
08_publish              	    155	02.355252	(00.015195 +- 00.004292)	[00.010596,00.028945]
step                    	    158	04.721595	(00.029884 +- 00.008581)	[00.006246,00.057703]

INFO  Timings:
SM Timing
-----------
00_conversion_livox     	    160	02.026910	(00.012668 +- 00.003467)	[00.009541,00.027519]
01_filter               	    159	00.062052	(00.000390 +- 00.000109)	[00.000217,00.002554]
02_preint               	    157	00.005978	(00.000038 +- 00.000011)	[00.000025,00.000078]
02a_intensity_preprocess	    159	00.606017	(00.003811 +- 00.000938)	[00.002773,00.007316]
03_undistortion         	    157	00.166279	(00.001059 +- 00.000284)	[00.000736,00.008355]
04_sampling             	    156	00.108176	(00.000693 +- 00.000140)	[00.000413,00.002759]
04b_intensity_sampling  	    156	00.146120	(00.000937 +- 00.000384)	[00.000698,00.003066]
05_registration         	    156	00.884251	(00.005668 +- 00.001832)	[00.002290,00.013137]
06_map                  	    156	00.170997	(00.001096 +- 00.000187)	[00.000750,00.002346]
07_imu_opt              	    156	00.197122	(00.001264 +- 00.000394)	[00.000002,00.004487]
08_publish              	    156	02.365964	(00.015166 +- 00.003805)	[00.010596,00.028945]
step                    	    159	04.742593	(00.029828 +- 00.007600)	[00.006246,00.057703]

INFO  Timings:
SM Timing
-----------
00_conversion_livox     	    161	02.036701	(00.012650 +- 00.003135)	[00.009541,00.027519]
01_filter               	    160	00.062278	(00.000389 +- 00.000107)	[00.000217,00.002554]
02_preint               	    158	00.006004	(00.000038 +- 00.000009)	[00.000025,00.000078]
02a_intensity_preprocess	    160	00.608745	(00.003805 +- 00.000832)	[00.002728,00.007316]
03_undistortion         	    158	00.167023	(00.001057 +- 00.000279)	[00.000736,00.008355]
04_sampling             	    157	00.108592	(00.000692 +- 00.000121)	[00.000413,00.002759]
04b_intensity_sampling  	    157	00.146818	(00.000935 +- 00.000376)	[00.000698,00.003066]
05_registration         	    157	00.886776	(00.005648 +- 00.001397)	[00.002290,00.013137]
06_map                  	    157	00.171850	(00.001095 +- 00.000164)	[00.000750,00.002346]
07_imu_opt              	    157	00.198471	(00.001264 +- 00.000358)	[00.000002,00.004487]
08_publish              	    157	02.376550	(00.015137 +- 00.003163)	[00.010586,00.028945]
step                    	    160	04.762813	(00.029768 +- 00.006314)	[00.006246,00.057703]

INFO  Timings:
SM Timing
-----------
00_conversion_livox     	    162	02.046533	(00.012633 +- 00.002168)	[00.009541,00.027519]
01_filter               	    161	00.062519	(00.000388 +- 00.000064)	[00.000217,00.002554]
02_preint               	    159	00.006031	(00.000038 +- 00.000008)	[00.000025,00.000078]
02a_intensity_preprocess	    161	00.611499	(00.003798 +- 00.000625)	[00.002728,00.007316]
03_undistortion         	    159	00.167890	(00.001056 +- 00.000211)	[00.000736,00.008355]
04_sampling             	    158	00.108984	(00.000690 +- 00.000103)	[00.000392,00.002759]
04b_intensity_sampling  	    158	00.147488	(00.000933 +- 00.000358)	[00.000670,00.003066]
05_registration         	    158	00.890528	(00.005636 +- 00.001061)	[00.002290,00.013137]
06_map                  	    158	00.172739	(00.001093 +- 00.000122)	[00.000750,00.002346]
07_imu_opt              	    158	00.199730	(00.001264 +- 00.000314)	[00.000002,00.004487]
08_publish              	    158	02.387689	(00.015112 +- 00.002333)	[00.010586,00.028945]
step                    	    161	04.784879	(00.029720 +- 00.004584)	[00.006246,00.057703]

INFO  Timings:
SM Timing
-----------
00_conversion_livox     	    163	02.056812	(00.012618 +- 00.001564)	[00.009541,00.027519]
01_filter               	    162	00.062745	(00.000387 +- 00.000056)	[00.000217,00.002554]
02_preint               	    160	00.006067	(00.000038 +- 00.000006)	[00.000025,00.000078]
02a_intensity_preprocess	    162	00.614326	(00.003792 +- 00.000443)	[00.002728,00.007316]
03_undistortion         	    160	00.168670	(00.001054 +- 00.000207)	[00.000736,00.008355]
04_sampling             	    159	00.109455	(00.000688 +- 00.000095)	[00.000392,00.002759]
04b_intensity_sampling  	    159	00.148268	(00.000933 +- 00.000334)	[00.000670,00.003066]
05_registration         	    159	00.893141	(00.005617 +- 00.000852)	[00.002290,00.013137]
06_map                  	    159	00.173461	(00.001091 +- 00.000097)	[00.000722,00.002346]
07_imu_opt              	    159	00.201059	(00.001265 +- 00.000270)	[00.000002,00.004487]
08_publish              	    159	02.398365	(00.015084 +- 00.001807)	[00.010586,00.028945]
step                    	    162	04.805395	(00.029663 +- 00.003420)	[00.006246,00.057703]

INFO  Timings:
SM Timing
-----------
00_conversion_livox     	    164	02.066699	(00.012602 +- 00.001225)	[00.009541,00.027519]
01_filter               	    163	00.062992	(00.000386 +- 00.000052)	[00.000217,00.002554]
02_preint               	    161	00.006092	(00.000038 +- 00.000006)	[00.000025,00.000078]
02a_intensity_preprocess	    163	00.617058	(00.003786 +- 00.000361)	[00.002728,00.007316]
03_undistortion         	    161	00.169555	(00.001053 +- 00.000205)	[00.000736,00.008355]
04_sampling             	    160	00.109892	(00.000687 +- 00.000088)	[00.000392,00.002759]
04b_intensity_sampling  	    160	00.149058	(00.000932 +- 00.000330)	[00.000670,00.003066]
05_registration         	    160	00.895675	(00.005598 +- 00.000831)	[00.002290,00.013137]
06_map                  	    160	00.174426	(00.001090 +- 00.000089)	[00.000722,00.002346]
07_imu_opt              	    160	00.202461	(00.001265 +- 00.000255)	[00.000002,00.004487]
08_publish              	    160	02.409002	(00.015056 +- 00.001459)	[00.010586,00.028945]
step                    	    163	04.826114	(00.029608 +- 00.002880)	[00.006246,00.057703]

INFO  Timings:
SM Timing
-----------
00_conversion_livox     	    165	02.076571	(00.012585 +- 00.000887)	[00.009541,00.027519]
01_filter               	    164	00.063305	(00.000386 +- 00.000051)	[00.000217,00.002554]
02_preint               	    162	00.006118	(00.000038 +- 00.000005)	[00.000025,00.000078]
02a_intensity_preprocess	    164	00.619837	(00.003779 +- 00.000289)	[00.002728,00.007316]
03_undistortion         	    162	00.170365	(00.001052 +- 00.000205)	[00.000736,00.008355]
04_sampling             	    161	00.110320	(00.000685 +- 00.000082)	[00.000392,00.002759]
04b_intensity_sampling  	    161	00.149853	(00.000931 +- 00.000327)	[00.000670,00.003066]
05_registration         	    161	00.898394	(00.005580 +- 00.000785)	[00.002290,00.013137]
06_map                  	    161	00.175318	(00.001089 +- 00.000077)	[00.000722,00.002346]
07_imu_opt              	    161	00.203768	(00.001266 +- 00.000241)	[00.000002,00.004487]
08_publish              	    161	02.419711	(00.015029 +- 00.001247)	[00.010586,00.028945]
step                    	    164	04.846968	(00.029555 +- 00.002457)	[00.006246,00.057703]

INFO  Timings:
SM Timing
-----------
00_conversion_livox     	    166	02.086564	(00.012570 +- 00.000696)	[00.009541,00.027519]
01_filter               	    165	00.063541	(00.000385 +- 00.000052)	[00.000217,00.002554]
02_preint               	    163	00.006147	(00.000038 +- 00.000005)	[00.000025,00.000078]
02a_intensity_preprocess	    165	00.622700	(00.003774 +- 00.000253)	[00.002728,00.007316]
03_undistortion         	    163	00.171239	(00.001051 +- 00.000205)	[00.000736,00.008355]
04_sampling             	    162	00.110757	(00.000684 +- 00.000083)	[00.000392,00.002759]
04b_intensity_sampling  	    162	00.150693	(00.000930 +- 00.000326)	[00.000670,00.003066]
05_registration         	    162	00.901426	(00.005564 +- 00.000763)	[00.002290,00.013137]
06_map                  	    162	00.176216	(00.001088 +- 00.000077)	[00.000722,00.002346]
07_imu_opt              	    162	00.205148	(00.001266 +- 00.000233)	[00.000002,00.004487]
08_publish              	    162	02.430760	(00.015005 +- 00.001148)	[00.010586,00.028945]
step                    	    165	04.868672	(00.029507 +- 00.002277)	[00.006246,00.057703]

INFO  Timings:
SM Timing
-----------
00_conversion_livox     	    167	02.096957	(00.012557 +- 00.000545)	[00.009541,00.027519]
01_filter               	    166	00.063860	(00.000385 +- 00.000052)	[00.000217,00.002554]
02_preint               	    164	00.006182	(00.000038 +- 00.000005)	[00.000025,00.000078]
02a_intensity_preprocess	    166	00.625730	(00.003769 +- 00.000233)	[00.002728,00.007316]
03_undistortion         	    164	00.172131	(00.001050 +- 00.000205)	[00.000736,00.008355]
04_sampling             	    163	00.111183	(00.000682 +- 00.000080)	[00.000392,00.002759]
04b_intensity_sampling  	    163	00.151502	(00.000929 +- 00.000326)	[00.000670,00.003066]
05_registration         	    163	00.904730	(00.005550 +- 00.000768)	[00.002290,00.013137]
06_map                  	    163	00.177196	(00.001087 +- 00.000074)	[00.000722,00.002346]
07_imu_opt              	    163	00.206405	(00.001266 +- 00.000231)	[00.000002,00.004487]
08_publish              	    163	02.442200	(00.014983 +- 00.001075)	[00.010586,00.028945]
step                    	    166	04.891239	(00.029465 +- 00.002203)	[00.006246,00.057703]

INFO  Timings:
SM Timing
-----------
00_conversion_livox     	    168	02.107785	(00.012546 +- 00.000410)	[00.009541,00.027519]
01_filter               	    167	00.064129	(00.000384 +- 00.000052)	[00.000217,00.002554]
02_preint               	    165	00.006219	(00.000038 +- 00.000005)	[00.000025,00.000078]
02a_intensity_preprocess	    167	00.628847	(00.003766 +- 00.000210)	[00.002728,00.007316]
03_undistortion         	    165	00.173076	(00.001049 +- 00.000205)	[00.000736,00.008355]
04_sampling             	    164	00.111702	(00.000681 +- 00.000078)	[00.000392,00.002759]
04b_intensity_sampling  	    164	00.152345	(00.000929 +- 00.000326)	[00.000670,00.003066]
05_registration         	    164	00.908007	(00.005537 +- 00.000765)	[00.002290,00.013137]
06_map                  	    164	00.178180	(00.001086 +- 00.000075)	[00.000722,00.002346]
07_imu_opt              	    164	00.207825	(00.001267 +- 00.000230)	[00.000002,00.004487]
08_publish              	    164	02.454305	(00.014965 +- 00.001037)	[00.010586,00.028945]
step                    	    167	04.914818	(00.029430 +- 00.002131)	[00.006246,00.057703]

INFO  Timings:
SM Timing
-----------
00_conversion_livox     	    169	02.119313	(00.012540 +- 00.000391)	[00.009541,00.027519]
01_filter               	    168	00.064535	(00.000384 +- 00.000053)	[00.000217,00.002554]
02_preint               	    166	00.006255	(00.000038 +- 00.000005)	[00.000025,00.000078]
02a_intensity_preprocess	    168	00.632062	(00.003762 +- 00.000207)	[00.002728,00.007316]
03_undistortion         	    166	00.173963	(00.001048 +- 00.000205)	[00.000736,00.008355]
04_sampling             	    165	00.112180	(00.000680 +- 00.000078)	[00.000392,00.002759]
04b_intensity_sampling  	    165	00.153202	(00.000928 +- 00.000325)	[00.000670,00.003066]
05_registration         	    165	00.910748	(00.005520 +- 00.000780)	[00.002290,00.013137]
06_map                  	    165	00.179024	(00.001085 +- 00.000076)	[00.000722,00.002346]
07_imu_opt              	    165	00.209266	(00.001268 +- 00.000231)	[00.000002,00.004487]
08_publish              	    165	02.466492	(00.014948 +- 00.001036)	[00.010586,00.028945]
step                    	    168	04.937985	(00.029393 +- 00.002133)	[00.006246,00.057703]

INFO  Timings:
SM Timing
-----------
00_conversion_livox     	    170	02.130983	(00.012535 +- 00.000416)	[00.009541,00.027519]
01_filter               	    169	00.064817	(00.000384 +- 00.000053)	[00.000217,00.002554]
02_preint               	    167	00.006291	(00.000038 +- 00.000005)	[00.000025,00.000078]
02a_intensity_preprocess	    169	00.635140	(00.003758 +- 00.000207)	[00.002728,00.007316]
03_undistortion         	    167	00.174827	(00.001047 +- 00.000205)	[00.000736,00.008355]
04_sampling             	    166	00.112698	(00.000679 +- 00.000078)	[00.000392,00.002759]
04b_intensity_sampling  	    166	00.154003	(00.000928 +- 00.000325)	[00.000670,00.003066]
05_registration         	    166	00.914201	(00.005507 +- 00.000782)	[00.002290,00.013137]
06_map                  	    166	00.179899	(00.001084 +- 00.000076)	[00.000722,00.002346]
07_imu_opt              	    166	00.210612	(00.001269 +- 00.000231)	[00.000002,00.004487]
08_publish              	    166	02.478363	(00.014930 +- 00.001035)	[00.010586,00.028945]
step                    	    169	04.961191	(00.029356 +- 00.002135)	[00.006246,00.057703]

INFO  Timings:
SM Timing
-----------
00_conversion_livox     	    171	02.142514	(00.012529 +- 00.000439)	[00.009541,00.027519]
01_filter               	    170	00.065112	(00.000383 +- 00.000053)	[00.000217,00.002554]
02_preint               	    168	00.006337	(00.000038 +- 00.000005)	[00.000025,00.000078]
02a_intensity_preprocess	    170	00.638277	(00.003755 +- 00.000206)	[00.002728,00.007316]
03_undistortion         	    168	00.175766	(00.001046 +- 00.000205)	[00.000736,00.008355]
04_sampling             	    167	00.113223	(00.000678 +- 00.000078)	[00.000392,00.002759]
04b_intensity_sampling  	    167	00.154956	(00.000928 +- 00.000325)	[00.000670,00.003066]
05_registration         	    167	00.917337	(00.005493 +- 00.000788)	[00.002290,00.013137]
06_map                  	    167	00.180875	(00.001083 +- 00.000074)	[00.000722,00.002346]
07_imu_opt              	    167	00.212218	(00.001271 +- 00.000233)	[00.000002,00.004487]
08_publish              	    167	02.490149	(00.014911 +- 00.001026)	[00.010586,00.028945]
step                    	    170	04.984656	(00.029322 +- 00.002128)	[00.006246,00.057703]

INFO  Timings:
SM Timing
-----------
00_conversion_livox     	    172	02.154096	(00.012524 +- 00.000458)	[00.009541,00.027519]
01_filter               	    171	00.065401	(00.000382 +- 00.000051)	[00.000217,00.002554]
02_preint               	    169	00.006376	(00.000038 +- 00.000005)	[00.000025,00.000078]
02a_intensity_preprocess	    171	00.641364	(00.003751 +- 00.000204)	[00.002728,00.007316]
03_undistortion         	    169	00.176590	(00.001045 +- 00.000205)	[00.000736,00.008355]
04_sampling             	    168	00.113715	(00.000677 +- 00.000078)	[00.000392,00.002759]
04b_intensity_sampling  	    168	00.155776	(00.000927 +- 00.000325)	[00.000670,00.003066]
05_registration         	    168	00.919971	(00.005476 +- 00.000796)	[00.002290,00.013137]
06_map                  	    168	00.181660	(00.001081 +- 00.000074)	[00.000722,00.002346]
07_imu_opt              	    168	00.213591	(00.001271 +- 00.000233)	[00.000002,00.004487]
08_publish              	    168	02.501781	(00.014892 +- 00.001026)	[00.010586,00.028945]
step                    	    171	05.006704	(00.029279 +- 00.002150)	[00.006246,00.057703]

INFO  Timings:
SM Timing
-----------
00_conversion_livox     	    173	02.165636	(00.012518 +- 00.000478)	[00.009541,00.027519]
01_filter               	    172	00.065686	(00.000382 +- 00.000051)	[00.000217,00.002554]
02_preint               	    170	00.006414	(00.000038 +- 00.000005)	[00.000025,00.000078]
02a_intensity_preprocess	    172	00.644403	(00.003747 +- 00.000204)	[00.002728,00.007316]
03_undistortion         	    170	00.177780	(00.001046 +- 00.000208)	[00.000736,00.008355]
04_sampling             	    169	00.114234	(00.000676 +- 00.000077)	[00.000392,00.002759]
04b_intensity_sampling  	    169	00.156635	(00.000927 +- 00.000324)	[00.000670,00.003066]
05_registration         	    169	00.922836	(00.005461 +- 00.000793)	[00.002290,00.013137]
06_map                  	    169	00.182510	(00.001080 +- 00.000074)	[00.000722,00.002346]
07_imu_opt              	    169	00.215042	(00.001272 +- 00.000233)	[00.000002,00.004487]
08_publish              	    169	02.514003	(00.014876 +- 00.001022)	[00.010586,00.028945]
step                    	    172	05.030077	(00.029245 +- 00.002132)	[00.006246,00.057703]

INFO  Timings:
SM Timing
-----------
00_conversion_livox     	    174	02.177946	(00.012517 +- 00.000535)	[00.009541,00.027519]
01_filter               	    173	00.065994	(00.000381 +- 00.000049)	[00.000217,00.002554]
02_preint               	    171	00.006449	(00.000038 +- 00.000005)	[00.000025,00.000078]
02a_intensity_preprocess	    173	00.647560	(00.003743 +- 00.000204)	[00.002728,00.007316]
03_undistortion         	    171	00.178627	(00.001045 +- 00.000207)	[00.000736,00.008355]
04_sampling             	    170	00.114709	(00.000675 +- 00.000078)	[00.000392,00.002759]
04b_intensity_sampling  	    170	00.157546	(00.000927 +- 00.000323)	[00.000670,00.003066]
05_registration         	    170	00.925629	(00.005445 +- 00.000801)	[00.002290,00.013137]
06_map                  	    170	00.183433	(00.001079 +- 00.000073)	[00.000722,00.002346]
07_imu_opt              	    170	00.216501	(00.001274 +- 00.000232)	[00.000002,00.004487]
08_publish              	    170	02.526123	(00.014860 +- 00.001014)	[00.010586,00.028945]
step                    	    173	05.053184	(00.029209 +- 00.002120)	[00.006246,00.057703]

INFO  Timings:
SM Timing
-----------
00_conversion_livox     	    175	02.189675	(00.012512 +- 00.000554)	[00.009541,00.027519]
01_filter               	    174	00.066324	(00.000381 +- 00.000049)	[00.000217,00.002554]
02_preint               	    172	00.006480	(00.000038 +- 00.000005)	[00.000025,00.000078]
02a_intensity_preprocess	    174	00.650456	(00.003738 +- 00.000206)	[00.002728,00.007316]
03_undistortion         	    172	00.179441	(00.001043 +- 00.000208)	[00.000736,00.008355]
04_sampling             	    171	00.115264	(00.000674 +- 00.000078)	[00.000392,00.002759]
04b_intensity_sampling  	    171	00.158421	(00.000926 +- 00.000323)	[00.000670,00.003066]
05_registration         	    171	00.928711	(00.005431 +- 00.000806)	[00.002290,00.013137]
06_map                  	    171	00.184410	(00.001078 +- 00.000074)	[00.000722,00.002346]
07_imu_opt              	    171	00.217806	(00.001274 +- 00.000231)	[00.000002,00.004487]
08_publish              	    171	02.536728	(00.014835 +- 00.001039)	[00.010586,00.028945]
step                    	    174	05.074744	(00.029165 +- 00.002145)	[00.006246,00.057703]

INFO  Timings:
SM Timing
-----------
00_conversion_livox     	    176	02.200466	(00.012503 +- 00.000553)	[00.009541,00.027519]
01_filter               	    175	00.066580	(00.000380 +- 00.000049)	[00.000217,00.002554]
02_preint               	    173	00.006512	(00.000038 +- 00.000005)	[00.000025,00.000078]
02a_intensity_preprocess	    175	00.653187	(00.003732 +- 00.000212)	[00.002728,00.007316]
03_undistortion         	    173	00.180347	(00.001042 +- 00.000207)	[00.000736,00.008355]
04_sampling             	    172	00.115684	(00.000673 +- 00.000079)	[00.000392,00.002759]
04b_intensity_sampling  	    172	00.159214	(00.000926 +- 00.000322)	[00.000670,00.003066]
05_registration         	    172	00.931717	(00.005417 +- 00.000803)	[00.002290,00.013137]
06_map                  	    172	00.185323	(00.001077 +- 00.000073)	[00.000722,00.002346]
07_imu_opt              	    172	00.219084	(00.001274 +- 00.000230)	[00.000002,00.004487]
08_publish              	    172	02.546971	(00.014808 +- 00.001079)	[00.010243,00.028945]
step                    	    175	05.095387	(00.029116 +- 00.002203)	[00.006246,00.057703]

INFO  Timings:
SM Timing
-----------
00_conversion_livox     	    177	02.210837	(00.012491 +- 00.000554)	[00.009541,00.027519]
01_filter               	    176	00.066834	(00.000380 +- 00.000050)	[00.000217,00.002554]
02_preint               	    174	00.006547	(00.000038 +- 00.000005)	[00.000025,00.000078]
02a_intensity_preprocess	    176	00.655821	(00.003726 +- 00.000223)	[00.002635,00.007316]
03_undistortion         	    174	00.181122	(00.001041 +- 00.000208)	[00.000736,00.008355]
04_sampling             	    173	00.116134	(00.000671 +- 00.000079)	[00.000392,00.002759]
04b_intensity_sampling  	    173	00.160008	(00.000925 +- 00.000322)	[00.000670,00.003066]
05_registration         	    173	00.934375	(00.005401 +- 00.000816)	[00.002290,00.013137]
06_map                  	    173	00.186237	(00.001077 +- 00.000072)	[00.000722,00.002346]
07_imu_opt              	    173	00.220314	(00.001273 +- 00.000230)	[00.000002,00.004487]
08_publish              	    173	02.557284	(00.014782 +- 00.001113)	[00.010243,00.028945]
step                    	    176	05.115539	(00.029066 +- 00.002274)	[00.006246,00.057703]

INFO  Timings:
SM Timing
-----------
00_conversion_livox     	    178	02.221111	(00.012478 +- 00.000554)	[00.009541,00.027519]
01_filter               	    177	00.067178	(00.000380 +- 00.000049)	[00.000217,00.002554]
02_preint               	    175	00.006582	(00.000038 +- 00.000005)	[00.000025,00.000078]
02a_intensity_preprocess	    177	00.658501	(00.003720 +- 00.000230)	[00.002635,00.007316]
03_undistortion         	    175	00.181940	(00.001040 +- 00.000209)	[00.000736,00.008355]
04_sampling             	    174	00.116602	(00.000670 +- 00.000080)	[00.000392,00.002759]
04b_intensity_sampling  	    174	00.160912	(00.000925 +- 00.000322)	[00.000670,00.003066]
05_registration         	    174	00.936587	(00.005383 +- 00.000839)	[00.002212,00.013137]
06_map                  	    174	00.187236	(00.001076 +- 00.000072)	[00.000722,00.002346]
07_imu_opt              	    174	00.221561	(00.001273 +- 00.000230)	[00.000002,00.004487]
08_publish              	    174	02.567486	(00.014756 +- 00.001145)	[00.010202,00.028945]
step                    	    177	05.135513	(00.029014 +- 00.002343)	[00.006246,00.057703]

INFO  Timings:
SM Timing
-----------
00_conversion_livox     	    179	02.231368	(00.012466 +- 00.000557)	[00.009541,00.027519]
01_filter               	    178	00.067540	(00.000379 +- 00.000049)	[00.000217,00.002554]
02_preint               	    176	00.006619	(00.000038 +- 00.000005)	[00.000025,00.000078]
02a_intensity_preprocess	    178	00.661194	(00.003715 +- 00.000237)	[00.002635,00.007316]
03_undistortion         	    176	00.182783	(00.001039 +- 00.000209)	[00.000736,00.008355]
04_sampling             	    175	00.117121	(00.000669 +- 00.000079)	[00.000392,00.002759]
04b_intensity_sampling  	    175	00.161783	(00.000924 +- 00.000321)	[00.000670,00.003066]
05_registration         	    175	00.939167	(00.005367 +- 00.000842)	[00.002212,00.013137]
06_map                  	    175	00.187989	(00.001074 +- 00.000074)	[00.000722,00.002346]
07_imu_opt              	    175	00.222803	(00.001273 +- 00.000229)	[00.000002,00.004487]
08_publish              	    175	02.578056	(00.014732 +- 00.001165)	[00.010202,00.028945]
step                    	    178	05.156057	(00.028967 +- 00.002384)	[00.006246,00.057703]

INFO  Timings:
SM Timing
-----------
00_conversion_livox     	    180	02.241340	(00.012452 +- 00.000561)	[00.009541,00.027519]
01_filter               	    179	00.067791	(00.000379 +- 00.000050)	[00.000217,00.002554]
02_preint               	    177	00.006656	(00.000038 +- 00.000005)	[00.000025,00.000078]
02a_intensity_preprocess	    179	00.663933	(00.003709 +- 00.000242)	[00.002635,00.007316]
03_undistortion         	    177	00.183734	(00.001038 +- 00.000209)	[00.000736,00.008355]
04_sampling             	    176	00.117612	(00.000668 +- 00.000079)	[00.000392,00.002759]
04b_intensity_sampling  	    176	00.162646	(00.000924 +- 00.000321)	[00.000670,00.003066]
05_registration         	    176	00.941703	(00.005351 +- 00.000856)	[00.002212,00.013137]
06_map                  	    176	00.189172	(00.001075 +- 00.000083)	[00.000722,00.002346]
07_imu_opt              	    176	00.224033	(00.001273 +- 00.000228)	[00.000002,00.004487]
08_publish              	    176	02.588893	(00.014710 +- 00.001174)	[00.010202,00.028945]
step                    	    179	05.177261	(00.028923 +- 00.002412)	[00.006246,00.057703]

INFO  Timings:
SM Timing
-----------
00_conversion_livox     	    181	02.251474	(00.012439 +- 00.000565)	[00.009541,00.027519]
01_filter               	    180	00.068130	(00.000378 +- 00.000048)	[00.000217,00.002554]
02_preint               	    178	00.006693	(00.000038 +- 00.000005)	[00.000025,00.000078]
02a_intensity_preprocess	    180	00.666818	(00.003705 +- 00.000243)	[00.002635,00.007316]
03_undistortion         	    178	00.184601	(00.001037 +- 00.000209)	[00.000736,00.008355]
04_sampling             	    177	00.118136	(00.000667 +- 00.000076)	[00.000392,00.002759]
04b_intensity_sampling  	    177	00.163423	(00.000923 +- 00.000321)	[00.000670,00.003066]
05_registration         	    177	00.944494	(00.005336 +- 00.000861)	[00.002212,00.013137]
06_map                  	    177	00.190037	(00.001074 +- 00.000083)	[00.000722,00.002346]
07_imu_opt              	    177	00.225275	(00.001273 +- 00.000227)	[00.000002,00.004487]
08_publish              	    177	02.600048	(00.014690 +- 00.001174)	[00.010202,00.028945]
step                    	    180	05.198816	(00.028882 +- 00.002420)	[00.006246,00.057703]

INFO  Timings:
SM Timing
-----------
00_conversion_livox     	    182	02.261742	(00.012427 +- 00.000567)	[00.009541,00.027519]
01_filter               	    181	00.068390	(00.000378 +- 00.000049)	[00.000217,00.002554]
02_preint               	    179	00.006727	(00.000038 +- 00.000005)	[00.000025,00.000078]
02a_intensity_preprocess	    181	00.669781	(00.003700 +- 00.000243)	[00.002635,00.007316]
03_undistortion         	    179	00.185519	(00.001036 +- 00.000209)	[00.000736,00.008355]
04_sampling             	    178	00.118664	(00.000667 +- 00.000075)	[00.000392,00.002759]
04b_intensity_sampling  	    178	00.164368	(00.000923 +- 00.000321)	[00.000670,00.003066]
05_registration         	    178	00.947193	(00.005321 +- 00.000866)	[00.002212,00.013137]
06_map                  	    178	00.191034	(00.001073 +- 00.000084)	[00.000722,00.002346]
07_imu_opt              	    178	00.226488	(00.001272 +- 00.000227)	[00.000002,00.004487]
08_publish              	    178	02.611791	(00.014673 +- 00.001161)	[00.010202,00.028945]
step                    	    181	05.221184	(00.028846 +- 00.002410)	[00.006246,00.057703]

INFO  Timings:
SM Timing
-----------
00_conversion_livox     	    183	02.272363	(00.012417 +- 00.000567)	[00.009541,00.027519]
01_filter               	    182	00.068757	(00.000378 +- 00.000049)	[00.000217,00.002554]
02_preint               	    180	00.006763	(00.000038 +- 00.000005)	[00.000025,00.000078]
02a_intensity_preprocess	    182	00.672847	(00.003697 +- 00.000239)	[00.002635,00.007316]
03_undistortion         	    180	00.186439	(00.001036 +- 00.000197)	[00.000736,00.008355]
04_sampling             	    179	00.119105	(00.000665 +- 00.000075)	[00.000392,00.002759]
04b_intensity_sampling  	    179	00.165160	(00.000923 +- 00.000322)	[00.000670,00.003066]
05_registration         	    179	00.949938	(00.005307 +- 00.000856)	[00.002212,00.013137]
06_map                  	    179	00.192107	(00.001073 +- 00.000086)	[00.000722,00.002346]
07_imu_opt              	    179	00.227711	(00.001272 +- 00.000227)	[00.000002,00.004487]
08_publish              	    179	02.623458	(00.014656 +- 00.001145)	[00.010202,00.028945]
step                    	    182	05.243572	(00.028811 +- 00.002364)	[00.006246,00.057703]

INFO  Timings:
SM Timing
-----------
00_conversion_livox     	    184	02.282924	(00.012407 +- 00.000564)	[00.009541,00.027519]
01_filter               	    183	00.069094	(00.000378 +- 00.000048)	[00.000217,00.002554]
02_preint               	    181	00.006798	(00.000038 +- 00.000005)	[00.000025,00.000078]
02a_intensity_preprocess	    183	00.675993	(00.003694 +- 00.000234)	[00.002635,00.007316]
03_undistortion         	    181	00.187314	(00.001035 +- 00.000197)	[00.000736,00.008355]
04_sampling             	    180	00.119597	(00.000664 +- 00.000075)	[00.000392,00.002759]
04b_intensity_sampling  	    180	00.166141	(00.000923 +- 00.000322)	[00.000670,00.003066]
05_registration         	    180	00.952645	(00.005292 +- 00.000854)	[00.002212,00.013137]
06_map                  	    180	00.193022	(00.001072 +- 00.000083)	[00.000722,00.002346]
07_imu_opt              	    180	00.228979	(00.001272 +- 00.000227)	[00.000002,00.004487]
08_publish              	    180	02.635269	(00.014640 +- 00.001136)	[00.010202,00.028945]
step                    	    183	05.266211	(00.028777 +- 00.002347)	[00.006246,00.057703]

INFO  Timings:
SM Timing
-----------
00_conversion_livox     	    185	02.293333	(00.012396 +- 00.000564)	[00.009541,00.027519]
01_filter               	    184	00.069433	(00.000377 +- 00.000047)	[00.000217,00.002554]
02_preint               	    182	00.006824	(00.000037 +- 00.000005)	[00.000025,00.000078]
02a_intensity_preprocess	    184	00.679098	(00.003691 +- 00.000233)	[00.002635,00.007316]
03_undistortion         	    182	00.188417	(00.001035 +- 00.000199)	[00.000736,00.008355]
04_sampling             	    181	00.120095	(00.000664 +- 00.000074)	[00.000392,00.002759]
04b_intensity_sampling  	    181	00.167094	(00.000923 +- 00.000322)	[00.000670,00.003066]
05_registration         	    181	00.955968	(00.005282 +- 00.000850)	[00.002212,00.013137]
06_map                  	    181	00.194033	(00.001072 +- 00.000083)	[00.000722,00.002346]
07_imu_opt              	    181	00.230155	(00.001272 +- 00.000228)	[00.000002,00.004487]
08_publish              	    181	02.646625	(00.014622 +- 00.001129)	[00.010202,00.028945]
step                    	    184	05.289201	(00.028746 +- 00.002333)	[00.006246,00.057703]

INFO  Timings:
SM Timing
-----------
00_conversion_livox     	    186	02.303393	(00.012384 +- 00.000568)	[00.009541,00.027519]
01_filter               	    185	00.069743	(00.000377 +- 00.000047)	[00.000217,00.002554]
02_preint               	    183	00.006861	(00.000037 +- 00.000005)	[00.000025,00.000078]
02a_intensity_preprocess	    185	00.682026	(00.003687 +- 00.000232)	[00.002635,00.007316]
03_undistortion         	    183	00.189376	(00.001035 +- 00.000198)	[00.000736,00.008355]
04_sampling             	    182	00.120558	(00.000662 +- 00.000074)	[00.000392,00.002759]
04b_intensity_sampling  	    182	00.167952	(00.000923 +- 00.000322)	[00.000670,00.003066]
05_registration         	    182	00.958675	(00.005267 +- 00.000831)	[00.002212,00.013137]
06_map                  	    182	00.194958	(00.001071 +- 00.000083)	[00.000722,00.002346]
07_imu_opt              	    182	00.231255	(00.001271 +- 00.000141)	[00.000002,00.004487]
08_publish              	    182	02.657399	(00.014601 +- 00.001127)	[00.010202,00.028945]
step                    	    185	05.310332	(00.028704 +- 00.002279)	[00.006246,00.057703]

INFO  Timings:
SM Timing
-----------
00_conversion_livox     	    187	02.313200	(00.012370 +- 00.000578)	[00.009541,00.027519]
01_filter               	    186	00.070035	(00.000377 +- 00.000048)	[00.000217,00.002554]
02_preint               	    184	00.006886	(00.000037 +- 00.000005)	[00.000025,00.000078]
02a_intensity_preprocess	    186	00.684772	(00.003682 +- 00.000232)	[00.002635,00.007316]
03_undistortion         	    184	00.190179	(00.001034 +- 00.000199)	[00.000736,00.008355]
04_sampling             	    183	00.120990	(00.000661 +- 00.000075)	[00.000392,00.002759]
04b_intensity_sampling  	    183	00.168723	(00.000922 +- 00.000322)	[00.000670,00.003066]
05_registration         	    183	00.961705	(00.005255 +- 00.000827)	[00.002212,00.013137]
06_map                  	    183	00.195714	(00.001069 +- 00.000086)	[00.000722,00.002346]
07_imu_opt              	    183	00.232395	(00.001270 +- 00.000142)	[00.000002,00.004487]
08_publish              	    183	02.668077	(00.014580 +- 00.001123)	[00.010202,00.028945]
step                    	    186	05.331074	(00.028662 +- 00.002287)	[00.006246,00.057703]

INFO  Timings:
SM Timing
-----------
00_conversion_livox     	    188	02.323039	(00.012357 +- 00.000584)	[00.009541,00.027519]
01_filter               	    187	00.070262	(00.000376 +- 00.000049)	[00.000217,00.002554]
02_preint               	    185	00.006914	(00.000037 +- 00.000005)	[00.000025,00.000078]
02a_intensity_preprocess	    187	00.687530	(00.003677 +- 00.000231)	[00.002635,00.007316]
03_undistortion         	    185	00.190974	(00.001032 +- 00.000200)	[00.000736,00.008355]
04_sampling             	    184	00.121408	(00.000660 +- 00.000076)	[00.000392,00.002759]
04b_intensity_sampling  	    184	00.169481	(00.000921 +- 00.000323)	[00.000670,00.003066]
05_registration         	    184	00.964518	(00.005242 +- 00.000762)	[00.002212,00.013137]
06_map                  	    184	00.196606	(00.001069 +- 00.000085)	[00.000722,00.002346]
07_imu_opt              	    184	00.233557	(00.001269 +- 00.000144)	[00.000002,00.004487]
08_publish              	    184	02.678758	(00.014558 +- 00.001111)	[00.010202,00.028945]
step                    	    187	05.351659	(00.028618 +- 00.002239)	[00.006246,00.057703]

INFO  Timings:
SM Timing
-----------
00_conversion_livox     	    189	02.332852	(00.012343 +- 00.000593)	[00.009541,00.027519]
01_filter               	    188	00.070599	(00.000376 +- 00.000048)	[00.000217,00.002554]
02_preint               	    186	00.006938	(00.000037 +- 00.000005)	[00.000025,00.000078]
02a_intensity_preprocess	    188	00.690206	(00.003671 +- 00.000231)	[00.002635,00.007316]
03_undistortion         	    186	00.191817	(00.001031 +- 00.000199)	[00.000736,00.008355]
04_sampling             	    185	00.121855	(00.000659 +- 00.000076)	[00.000392,00.002759]
04b_intensity_sampling  	    185	00.170343	(00.000921 +- 00.000323)	[00.000670,00.003066]
05_registration         	    185	00.968497	(00.005235 +- 00.000734)	[00.002212,00.013137]
06_map                  	    185	00.197536	(00.001068 +- 00.000086)	[00.000722,00.002346]
07_imu_opt              	    185	00.234679	(00.001269 +- 00.000146)	[00.000002,00.004487]
08_publish              	    185	02.689347	(00.014537 +- 00.001096)	[00.010202,00.028945]
step                    	    188	05.373542	(00.028583 +- 00.002186)	[00.006246,00.057703]

INFO  Timings:
SM Timing
-----------
00_conversion_livox     	    190	02.342934	(00.012331 +- 00.000598)	[00.009541,00.027519]
01_filter               	    189	00.070836	(00.000375 +- 00.000049)	[00.000217,00.002554]
02_preint               	    187	00.006965	(00.000037 +- 00.000005)	[00.000025,00.000078]
02a_intensity_preprocess	    189	00.692877	(00.003666 +- 00.000231)	[00.002635,00.007316]
03_undistortion         	    187	00.192651	(00.001030 +- 00.000200)	[00.000736,00.008355]
04_sampling             	    186	00.122284	(00.000657 +- 00.000076)	[00.000392,00.002759]
04b_intensity_sampling  	    186	00.171180	(00.000920 +- 00.000322)	[00.000670,00.003066]
05_registration         	    186	00.972271	(00.005227 +- 00.000715)	[00.002212,00.013137]
06_map                  	    186	00.198400	(00.001067 +- 00.000085)	[00.000722,00.002346]
07_imu_opt              	    186	00.235914	(00.001268 +- 00.000146)	[00.000002,00.004487]
08_publish              	    186	02.699489	(00.014513 +- 00.001067)	[00.010142,00.028945]
step                    	    189	05.394666	(00.028543 +- 00.002127)	[00.006246,00.057703]

INFO  Timings:
SM Timing
-----------
00_conversion_livox     	    191	02.352678	(00.012318 +- 00.000604)	[00.009541,00.027519]
01_filter               	    190	00.071145	(00.000374 +- 00.000049)	[00.000217,00.002554]
02_preint               	    188	00.006990	(00.000037 +- 00.000005)	[00.000025,00.000078]
02a_intensity_preprocess	    190	00.695539	(00.003661 +- 00.000228)	[00.002635,00.007316]
03_undistortion         	    188	00.193420	(00.001029 +- 00.000200)	[00.000736,00.008355]
04_sampling             	    187	00.122730	(00.000656 +- 00.000077)	[00.000392,00.002759]
04b_intensity_sampling  	    187	00.171888	(00.000919 +- 00.000323)	[00.000670,00.003066]
05_registration         	    187	00.974932	(00.005214 +- 00.000700)	[00.002212,00.013137]
06_map                  	    187	00.199384	(00.001066 +- 00.000082)	[00.000722,00.002346]
07_imu_opt              	    187	00.237198	(00.001268 +- 00.000146)	[00.000002,00.004487]
08_publish              	    187	02.709691	(00.014490 +- 00.001037)	[00.010142,00.028945]
step                    	    190	05.414783	(00.028499 +- 00.002084)	[00.006246,00.057703]

INFO  Timings:
SM Timing
-----------
00_conversion_livox     	    192	02.362431	(00.012304 +- 00.000610)	[00.009541,00.027519]
01_filter               	    191	00.071376	(00.000374 +- 00.000049)	[00.000217,00.002554]
02_preint               	    189	00.007017	(00.000037 +- 00.000005)	[00.000025,00.000078]
02a_intensity_preprocess	    191	00.698181	(00.003655 +- 00.000224)	[00.002635,00.007316]
03_undistortion         	    189	00.194225	(00.001028 +- 00.000201)	[00.000736,00.008355]
04_sampling             	    188	00.123180	(00.000655 +- 00.000074)	[00.000392,00.002759]
04b_intensity_sampling  	    188	00.172730	(00.000919 +- 00.000323)	[00.000670,00.003066]
05_registration         	    188	00.977288	(00.005198 +- 00.000676)	[00.002212,00.013137]
06_map                  	    188	00.200264	(00.001065 +- 00.000082)	[00.000722,00.002346]
07_imu_opt              	    188	00.238261	(00.001267 +- 00.000150)	[00.000002,00.004487]
08_publish              	    188	02.719677	(00.014466 +- 00.000988)	[00.009985,00.028945]
step                    	    191	05.434128	(00.028451 +- 00.002019)	[00.006246,00.057703]

INFO  Timings:
SM Timing
-----------
00_conversion_livox     	    193	02.372035	(00.012290 +- 00.000616)	[00.009541,00.027519]
01_filter               	    192	00.071611	(00.000373 +- 00.000049)	[00.000217,00.002554]
02_preint               	    190	00.007052	(00.000037 +- 00.000005)	[00.000025,00.000078]
02a_intensity_preprocess	    192	00.700781	(00.003650 +- 00.000218)	[00.002600,00.007316]
03_undistortion         	    190	00.195107	(00.001027 +- 00.000201)	[00.000736,00.008355]
04_sampling             	    189	00.123696	(00.000654 +- 00.000066)	[00.000392,00.002759]
04b_intensity_sampling  	    189	00.173500	(00.000918 +- 00.000323)	[00.000670,00.003066]
05_registration         	    189	00.980301	(00.005187 +- 00.000650)	[00.002212,00.013137]
06_map                  	    189	00.201207	(00.001065 +- 00.000082)	[00.000722,00.002346]
07_imu_opt              	    189	00.239466	(00.001267 +- 00.000150)	[00.000002,00.004487]
08_publish              	    189	02.730068	(00.014445 +- 00.000931)	[00.009985,00.028945]
step                    	    192	05.454782	(00.028410 +- 00.001915)	[00.006246,00.057703]

INFO  Timings:
SM Timing
-----------
00_conversion_livox     	    194	02.382460	(00.012281 +- 00.000607)	[00.009541,00.027519]
01_filter               	    193	00.071861	(00.000372 +- 00.000049)	[00.000217,00.002554]
02_preint               	    191	00.007081	(00.000037 +- 00.000005)	[00.000025,00.000078]
02a_intensity_preprocess	    193	00.703650	(00.003646 +- 00.000208)	[00.002600,00.007316]
03_undistortion         	    191	00.195846	(00.001025 +- 00.000202)	[00.000736,00.008355]
04_sampling             	    190	00.124432	(00.000655 +- 00.000064)	[00.000392,00.002759]
04b_intensity_sampling  	    190	00.174245	(00.000917 +- 00.000324)	[00.000670,00.003066]
05_registration         	    190	00.983969	(00.005179 +- 00.000615)	[00.002212,00.013137]
06_map                  	    190	00.202135	(00.001064 +- 00.000082)	[00.000722,00.002346]
07_imu_opt              	    190	00.240739	(00.001267 +- 00.000150)	[00.000002,00.004487]
08_publish              	    190	02.741200	(00.014427 +- 00.000878)	[00.009985,00.028945]
step                    	    193	05.477218	(00.028379 +- 00.001805)	[00.006246,00.057703]

INFO  Timings:
SM Timing
-----------
00_conversion_livox     	    195	02.393450	(00.012274 +- 00.000610)	[00.009541,00.027519]
01_filter               	    194	00.072133	(00.000372 +- 00.000049)	[00.000217,00.002554]
02_preint               	    192	00.007109	(00.000037 +- 00.000005)	[00.000025,00.000078]
02a_intensity_preprocess	    194	00.706617	(00.003642 +- 00.000202)	[00.002600,00.007316]
03_undistortion         	    192	00.196644	(00.001024 +- 00.000203)	[00.000736,00.008355]
04_sampling             	    191	00.124922	(00.000654 +- 00.000064)	[00.000392,00.002759]
04b_intensity_sampling  	    191	00.175231	(00.000917 +- 00.000324)	[00.000670,00.003066]
05_registration         	    191	00.986590	(00.005165 +- 00.000607)	[00.002212,00.013137]
06_map                  	    191	00.203001	(00.001063 +- 00.000082)	[00.000722,00.002346]
07_imu_opt              	    191	00.242012	(00.001267 +- 00.000150)	[00.000002,00.004487]
08_publish              	    191	02.752910	(00.014413 +- 00.000839)	[00.009985,00.028945]
step                    	    194	05.499307	(00.028347 +- 00.001752)	[00.006246,00.057703]

INFO  Timings:
SM Timing
-----------
00_conversion_livox     	    196	02.404938	(00.012270 +- 00.000626)	[00.009541,00.027519]
01_filter               	    195	00.072421	(00.000371 +- 00.000049)	[00.000217,00.002554]
02_preint               	    193	00.007143	(00.000037 +- 00.000005)	[00.000025,00.000078]
02a_intensity_preprocess	    195	00.709746	(00.003640 +- 00.000200)	[00.002600,00.007316]
03_undistortion         	    193	00.197561	(00.001024 +- 00.000203)	[00.000736,00.008355]
04_sampling             	    192	00.125372	(00.000653 +- 00.000065)	[00.000392,00.002759]
04b_intensity_sampling  	    192	00.176166	(00.000918 +- 00.000324)	[00.000670,00.003066]
05_registration         	    192	00.989506	(00.005154 +- 00.000563)	[00.002212,00.013137]
06_map                  	    192	00.203935	(00.001062 +- 00.000080)	[00.000722,00.002346]
07_imu_opt              	    192	00.243457	(00.001268 +- 00.000150)	[00.000002,00.004487]
08_publish              	    192	02.764733	(00.014400 +- 00.000813)	[00.009985,00.028945]
step                    	    195	05.522249	(00.028319 +- 00.001700)	[00.006246,00.057703]

INFO  Timings:
SM Timing
-----------
00_conversion_livox     	    197	02.416143	(00.012265 +- 00.000633)	[00.009541,00.027519]
01_filter               	    196	00.072739	(00.000371 +- 00.000048)	[00.000217,00.002554]
02_preint               	    194	00.007179	(00.000037 +- 00.000005)	[00.000025,00.000078]
02a_intensity_preprocess	    196	00.712858	(00.003637 +- 00.000199)	[00.002600,00.007316]
03_undistortion         	    194	00.198370	(00.001023 +- 00.000203)	[00.000736,00.008355]
04_sampling             	    193	00.125872	(00.000652 +- 00.000064)	[00.000392,00.002759]
04b_intensity_sampling  	    193	00.177031	(00.000917 +- 00.000324)	[00.000670,00.003066]
05_registration         	    193	00.992530	(00.005143 +- 00.000541)	[00.002212,00.013137]
06_map                  	    193	00.204901	(00.001062 +- 00.000080)	[00.000722,00.002346]
07_imu_opt              	    193	00.244870	(00.001269 +- 00.000151)	[00.000002,00.004487]
08_publish              	    193	02.776855	(00.014388 +- 00.000791)	[00.009985,00.028945]
step                    	    196	05.545478	(00.028293 +- 00.001651)	[00.006246,00.057703]

INFO  Timings:
SM Timing
-----------
00_conversion_livox     	    198	02.427454	(00.012260 +- 00.000643)	[00.009541,00.027519]
01_filter               	    197	00.073013	(00.000371 +- 00.000047)	[00.000217,00.002554]
02_preint               	    195	00.007210	(00.000037 +- 00.000005)	[00.000025,00.000078]
02a_intensity_preprocess	    197	00.715948	(00.003634 +- 00.000196)	[00.002600,00.007316]
03_undistortion         	    195	00.199276	(00.001022 +- 00.000203)	[00.000736,00.008355]
04_sampling             	    194	00.126500	(00.000652 +- 00.000066)	[00.000392,00.002759]
04b_intensity_sampling  	    194	00.177868	(00.000917 +- 00.000085)	[00.000670,00.003066]
05_registration         	    194	00.995639	(00.005132 +- 00.000464)	[00.002212,00.013137]
06_map                  	    194	00.205852	(00.001061 +- 00.000079)	[00.000722,00.002346]
07_imu_opt              	    194	00.246150	(00.001269 +- 00.000151)	[00.000002,00.004487]
08_publish              	    194	02.789109	(00.014377 +- 00.000755)	[00.009985,00.028945]
step                    	    197	05.568894	(00.028268 +- 00.001375)	[00.006246,00.057703]

INFO  Timings:
SM Timing
-----------
00_conversion_livox     	    199	02.438960	(00.012256 +- 00.000653)	[00.009541,00.027519]
01_filter               	    198	00.073361	(00.000371 +- 00.000046)	[00.000217,00.002554]
02_preint               	    196	00.007251	(00.000037 +- 00.000005)	[00.000025,00.000078]
02a_intensity_preprocess	    198	00.719133	(00.003632 +- 00.000190)	[00.002600,00.007316]
03_undistortion         	    196	00.200021	(00.001021 +- 00.000204)	[00.000736,00.008355]
04_sampling             	    195	00.127004	(00.000651 +- 00.000064)	[00.000392,00.002759]
04b_intensity_sampling  	    195	00.178885	(00.000917 +- 00.000087)	[00.000670,00.003066]
05_registration         	    195	00.999759	(00.005127 +- 00.000485)	[00.002212,00.013137]
06_map                  	    195	00.206713	(00.001060 +- 00.000080)	[00.000722,00.002346]
07_imu_opt              	    195	00.247489	(00.001269 +- 00.000151)	[00.000002,00.004487]
08_publish              	    195	02.801448	(00.014366 +- 00.000733)	[00.009985,00.028945]
step                    	    198	05.593472	(00.028250 +- 00.001362)	[00.006246,00.057703]

INFO  Timings:
SM Timing
-----------
00_conversion_livox     	    200	02.450438	(00.012252 +- 00.000665)	[00.009541,00.027519]
01_filter               	    199	00.073623	(00.000370 +- 00.000045)	[00.000217,00.002554]
02_preint               	    197	00.007283	(00.000037 +- 00.000005)	[00.000025,00.000078]
02a_intensity_preprocess	    199	00.722239	(00.003629 +- 00.000187)	[00.002600,00.007316]
03_undistortion         	    197	00.200963	(00.001020 +- 00.000204)	[00.000736,00.008355]
04_sampling             	    196	00.127520	(00.000651 +- 00.000064)	[00.000392,00.002759]
04b_intensity_sampling  	    196	00.179713	(00.000917 +- 00.000087)	[00.000670,00.003066]
05_registration         	    196	01.004342	(00.005124 +- 00.000523)	[00.002212,00.013137]
06_map                  	    196	00.207641	(00.001059 +- 00.000079)	[00.000722,00.002346]
07_imu_opt              	    196	00.248775	(00.001269 +- 00.000151)	[00.000002,00.004487]
08_publish              	    196	02.813374	(00.014354 +- 00.000718)	[00.009985,00.028945]
step                    	    199	05.617963	(00.028231 +- 00.001363)	[00.006246,00.057703]

INFO  Timings:
SM Timing
-----------
00_conversion_livox     	    201	02.461797	(00.012248 +- 00.000674)	[00.009541,00.027519]
01_filter               	    200	00.073944	(00.000370 +- 00.000045)	[00.000217,00.002554]
02_preint               	    198	00.007318	(00.000037 +- 00.000005)	[00.000025,00.000078]
02a_intensity_preprocess	    200	00.725283	(00.003626 +- 00.000185)	[00.002600,00.007316]
03_undistortion         	    198	00.201825	(00.001019 +- 00.000204)	[00.000736,00.008355]
04_sampling             	    197	00.128101	(00.000650 +- 00.000065)	[00.000392,00.002759]
04b_intensity_sampling  	    197	00.180543	(00.000916 +- 00.000086)	[00.000670,00.003066]
05_registration         	    197	01.008729	(00.005120 +- 00.000548)	[00.002212,00.013137]
06_map                  	    197	00.208666	(00.001059 +- 00.000080)	[00.000722,00.002346]
07_imu_opt              	    197	00.250051	(00.001269 +- 00.000151)	[00.000002,00.004487]
08_publish              	    197	02.825239	(00.014341 +- 00.000706)	[00.009985,00.028945]
step                    	    200	05.642263	(00.028211 +- 00.001372)	[00.006246,00.057703]

INFO  Timings:
SM Timing
-----------
00_conversion_livox     	    202	02.473113	(00.012243 +- 00.000681)	[00.009541,00.027519]
01_filter               	    201	00.074177	(00.000369 +- 00.000045)	[00.000217,00.002554]
02_preint               	    199	00.007352	(00.000037 +- 00.000005)	[00.000025,00.000078]
02a_intensity_preprocess	    201	00.728289	(00.003623 +- 00.000180)	[00.002600,00.007316]
03_undistortion         	    199	00.202658	(00.001018 +- 00.000140)	[00.000736,00.008355]
04_sampling             	    198	00.128713	(00.000650 +- 00.000064)	[00.000392,00.002759]
04b_intensity_sampling  	    198	00.181358	(00.000916 +- 00.000078)	[00.000670,00.003066]
05_registration         	    198	01.011768	(00.005110 +- 00.000541)	[00.002212,00.013137]
06_map                  	    198	00.209529	(00.001058 +- 00.000080)	[00.000722,00.002346]
07_imu_opt              	    198	00.251391	(00.001270 +- 00.000150)	[00.000002,00.004487]
08_publish              	    198	02.836986	(00.014328 +- 00.000693)	[00.009985,00.028945]
step                    	    201	05.664856	(00.028183 +- 00.001280)	[00.006246,00.057703]

INFO  Timings:
SM Timing
-----------
00_conversion_livox     	    203	02.484516	(00.012239 +- 00.000685)	[00.009541,00.027519]
01_filter               	    202	00.074481	(00.000369 +- 00.000045)	[00.000217,00.002554]
02_preint               	    200	00.007385	(00.000037 +- 00.000005)	[00.000025,00.000078]
02a_intensity_preprocess	    202	00.731393	(00.003621 +- 00.000181)	[00.002600,00.007316]
03_undistortion         	    200	00.203512	(00.001018 +- 00.000140)	[00.000736,00.008355]
04_sampling             	    199	00.129192	(00.000649 +- 00.000064)	[00.000392,00.002759]
04b_intensity_sampling  	    199	00.182204	(00.000916 +- 00.000078)	[00.000670,00.003066]
05_registration         	    199	01.014330	(00.005097 +- 00.000544)	[00.002212,00.013137]
06_map                  	    199	00.210486	(00.001058 +- 00.000080)	[00.000722,00.002346]
07_imu_opt              	    199	00.252807	(00.001270 +- 00.000151)	[00.000002,00.004487]
08_publish              	    199	02.848745	(00.014315 +- 00.000689)	[00.009985,00.028945]
step                    	    202	05.687233	(00.028155 +- 00.001270)	[00.006246,00.057703]

INFO  Timings:
SM Timing
-----------
00_conversion_livox     	    204	02.495888	(00.012235 +- 00.000694)	[00.009541,00.027519]
01_filter               	    203	00.074802	(00.000368 +- 00.000045)	[00.000217,00.002554]
02_preint               	    201	00.007415	(00.000037 +- 00.000005)	[00.000025,00.000078]
02a_intensity_preprocess	    203	00.734530	(00.003618 +- 00.000181)	[00.002600,00.007316]
03_undistortion         	    201	00.204377	(00.001017 +- 00.000139)	[00.000736,00.008355]
04_sampling             	    200	00.129783	(00.000649 +- 00.000066)	[00.000392,00.002759]
04b_intensity_sampling  	    200	00.183074	(00.000915 +- 00.000077)	[00.000670,00.003066]
05_registration         	    200	01.017443	(00.005087 +- 00.000544)	[00.002212,00.013137]
06_map                  	    200	00.211513	(00.001058 +- 00.000081)	[00.000722,00.002346]
07_imu_opt              	    200	00.254159	(00.001271 +- 00.000151)	[00.000002,00.004487]
08_publish              	    200	02.860576	(00.014303 +- 00.000678)	[00.009985,00.028945]
step                    	    203	05.710443	(00.028130 +- 00.001271)	[00.006246,00.057703]

INFO  Timings:
SM Timing
-----------
00_conversion_livox     	    205	02.506925	(00.012229 +- 00.000696)	[00.009541,00.027519]
01_filter               	    204	00.075053	(00.000368 +- 00.000045)	[00.000217,00.002554]
02_preint               	    202	00.007451	(00.000037 +- 00.000005)	[00.000025,00.000078]
02a_intensity_preprocess	    204	00.737605	(00.003616 +- 00.000181)	[00.002600,00.007316]
03_undistortion         	    202	00.205254	(00.001016 +- 00.000139)	[00.000736,00.008355]
04_sampling             	    201	00.130232	(00.000648 +- 00.000066)	[00.000392,00.002759]
04b_intensity_sampling  	    201	00.183822	(00.000915 +- 00.000077)	[00.000670,00.003066]
05_registration         	    201	01.021182	(00.005081 +- 00.000545)	[00.002212,00.013137]
06_map                  	    201	00.212446	(00.001057 +- 00.000081)	[00.000722,00.002346]
07_imu_opt              	    201	00.255472	(00.001271 +- 00.000151)	[00.000002,00.004487]
08_publish              	    201	02.872100	(00.014289 +- 00.000672)	[00.009985,00.028945]
step                    	    204	05.733478	(00.028105 +- 00.001264)	[00.006246,00.057703]

INFO  Timings:
SM Timing
-----------
00_conversion_livox     	    206	02.517644	(00.012222 +- 00.000694)	[00.009541,00.027519]
01_filter               	    205	00.075415	(00.000368 +- 00.000046)	[00.000217,00.002554]
02_preint               	    203	00.007489	(00.000037 +- 00.000005)	[00.000025,00.000078]
02a_intensity_preprocess	    205	00.740613	(00.003613 +- 00.000181)	[00.002600,00.007316]
03_undistortion         	    203	00.206081	(00.001015 +- 00.000139)	[00.000736,00.008355]
04_sampling             	    202	00.130787	(00.000647 +- 00.000065)	[00.000392,00.002759]
04b_intensity_sampling  	    202	00.184695	(00.000914 +- 00.000077)	[00.000670,00.003066]
05_registration         	    202	01.024142	(00.005070 +- 00.000538)	[00.002212,00.013137]
06_map                  	    202	00.213448	(00.001057 +- 00.000081)	[00.000722,00.002346]
07_imu_opt              	    202	00.256770	(00.001271 +- 00.000151)	[00.000002,00.004487]
08_publish              	    202	02.883584	(00.014275 +- 00.000673)	[00.009985,00.028945]
step                    	    205	05.755970	(00.028078 +- 00.001259)	[00.006246,00.057703]

INFO  Timings:
SM Timing
-----------
00_conversion_livox     	    207	02.528155	(00.012213 +- 00.000694)	[00.009541,00.027519]
01_filter               	    206	00.075654	(00.000367 +- 00.000046)	[00.000217,00.002554]
02_preint               	    204	00.007525	(00.000037 +- 00.000005)	[00.000025,00.000078]
02a_intensity_preprocess	    206	00.743543	(00.003609 +- 00.000181)	[00.002600,00.007316]
03_undistortion         	    204	00.206978	(00.001015 +- 00.000138)	[00.000736,00.008355]
04_sampling             	    203	00.131183	(00.000646 +- 00.000065)	[00.000392,00.002759]
04b_intensity_sampling  	    203	00.185427	(00.000913 +- 00.000077)	[00.000670,00.003066]
05_registration         	    203	01.030006	(00.005074 +- 00.000665)	[00.002212,00.013137]
06_map                  	    203	00.214465	(00.001056 +- 00.000082)	[00.000722,00.002346]
07_imu_opt              	    203	00.258053	(00.001271 +- 00.000150)	[00.000002,00.004487]
08_publish              	    203	02.895317	(00.014263 +- 00.000677)	[00.009985,00.028945]
step                    	    206	05.781168	(00.028064 +- 00.001335)	[00.006246,00.057703]

INFO  Timings:
SM Timing
-----------
00_conversion_livox     	    208	02.538848	(00.012206 +- 00.000688)	[00.009541,00.027519]
01_filter               	    207	00.076001	(00.000367 +- 00.000046)	[00.000217,00.002554]
02_preint               	    205	00.007562	(00.000037 +- 00.000005)	[00.000025,00.000078]
02a_intensity_preprocess	    207	00.746488	(00.003606 +- 00.000180)	[00.002600,00.007316]
03_undistortion         	    205	00.207879	(00.001014 +- 00.000138)	[00.000736,00.008355]
04_sampling             	    204	00.131639	(00.000645 +- 00.000065)	[00.000392,00.002759]
04b_intensity_sampling  	    204	00.186231	(00.000913 +- 00.000077)	[00.000670,00.003066]
05_registration         	    204	01.032412	(00.005061 +- 00.000659)	[00.002212,00.013137]
06_map                  	    204	00.215493	(00.001056 +- 00.000083)	[00.000722,00.002346]
07_imu_opt              	    204	00.259301	(00.001271 +- 00.000100)	[00.000002,00.004487]
08_publish              	    204	02.906331	(00.014247 +- 00.000674)	[00.009985,00.028945]
step                    	    207	05.802421	(00.028031 +- 00.001333)	[00.006246,00.057703]

INFO  Timings:
SM Timing
-----------
00_conversion_livox     	    209	02.549205	(00.012197 +- 00.000687)	[00.009541,00.027519]
01_filter               	    208	00.076259	(00.000367 +- 00.000046)	[00.000217,00.002554]
02_preint               	    206	00.007597	(00.000037 +- 00.000005)	[00.000025,00.000078]
02a_intensity_preprocess	    208	00.749372	(00.003603 +- 00.000179)	[00.002600,00.007316]
03_undistortion         	    206	00.208978	(00.001014 +- 00.000141)	[00.000736,00.008355]
04_sampling             	    205	00.132204	(00.000645 +- 00.000065)	[00.000392,00.002759]
04b_intensity_sampling  	    205	00.187072	(00.000913 +- 00.000075)	[00.000670,00.003066]
05_registration         	    205	01.035590	(00.005052 +- 00.000656)	[00.002212,00.013137]
06_map                  	    205	00.216538	(00.001056 +- 00.000084)	[00.000722,00.002346]
07_imu_opt              	    205	00.260566	(00.001271 +- 00.000100)	[00.000002,00.004487]
08_publish              	    205	02.917472	(00.014232 +- 00.000668)	[00.009985,00.028945]
step                    	    208	05.824822	(00.028004 +- 00.001332)	[00.006246,00.057703]

INFO  Timings:
SM Timing
-----------
00_conversion_livox     	    210	02.559718	(00.012189 +- 00.000687)	[00.009541,00.027519]
01_filter               	    209	00.076687	(00.000367 +- 00.000049)	[00.000217,00.002554]
02_preint               	    207	00.007633	(00.000037 +- 00.000005)	[00.000025,00.000078]
02a_intensity_preprocess	    209	00.752371	(00.003600 +- 00.000179)	[00.002600,00.007316]
03_undistortion         	    207	00.209856	(00.001014 +- 00.000086)	[00.000736,00.008355]
04_sampling             	    206	00.132692	(00.000644 +- 00.000064)	[00.000392,00.002759]
04b_intensity_sampling  	    206	00.187955	(00.000912 +- 00.000074)	[00.000670,00.003066]
05_registration         	    206	01.038319	(00.005040 +- 00.000648)	[00.002212,00.013137]
06_map                  	    206	00.217705	(00.001057 +- 00.000090)	[00.000722,00.002346]
07_imu_opt              	    206	00.261878	(00.001271 +- 00.000100)	[00.000002,00.004487]
08_publish              	    206	02.928479	(00.014216 +- 00.000665)	[00.009985,00.028945]
step                    	    209	05.846835	(00.027975 +- 00.001324)	[00.006246,00.057703]

INFO  Timings:
SM Timing
-----------
00_conversion_livox     	    211	02.569843	(00.012179 +- 00.000680)	[00.009541,00.027519]
01_filter               	    210	00.076938	(00.000366 +- 00.000048)	[00.000217,00.002554]
02_preint               	    208	00.007670	(00.000037 +- 00.000005)	[00.000025,00.000078]
02a_intensity_preprocess	    210	00.755161	(00.003596 +- 00.000177)	[00.002600,00.007316]
03_undistortion         	    208	00.210779	(00.001013 +- 00.000084)	[00.000736,00.008355]
04_sampling             	    207	00.133129	(00.000643 +- 00.000064)	[00.000392,00.002759]
04b_intensity_sampling  	    207	00.188704	(00.000912 +- 00.000072)	[00.000670,00.003066]
05_registration         	    207	01.040965	(00.005029 +- 00.000646)	[00.002212,00.013137]
06_map                  	    207	00.218620	(00.001056 +- 00.000089)	[00.000722,00.002346]
07_imu_opt              	    207	00.263062	(00.001271 +- 00.000101)	[00.000002,00.004487]
08_publish              	    207	02.938912	(00.014198 +- 00.000668)	[00.009985,00.028945]
step                    	    210	05.867277	(00.027939 +- 00.001318)	[00.006246,00.057703]

INFO  Timings:
SM Timing
-----------
00_conversion_livox     	    212	02.579687	(00.012168 +- 00.000679)	[00.009541,00.027519]
01_filter               	    211	00.077250	(00.000366 +- 00.000048)	[00.000217,00.002554]
02_preint               	    209	00.007707	(00.000037 +- 00.000005)	[00.000025,00.000078]
02a_intensity_preprocess	    211	00.757910	(00.003592 +- 00.000177)	[00.002600,00.007316]
03_undistortion         	    209	00.211582	(00.001012 +- 00.000085)	[00.000736,00.008355]
04_sampling             	    208	00.133604	(00.000642 +- 00.000062)	[00.000392,00.002759]
04b_intensity_sampling  	    208	00.189671	(00.000912 +- 00.000070)	[00.000670,00.003066]
05_registration         	    208	01.044416	(00.005021 +- 00.000641)	[00.002212,00.013137]
06_map                  	    208	00.219648	(00.001056 +- 00.000090)	[00.000722,00.002346]
07_imu_opt              	    208	00.264219	(00.001270 +- 00.000103)	[00.000002,00.004487]
08_publish              	    208	02.949378	(00.014180 +- 00.000677)	[00.009985,00.028945]
step                    	    211	05.888796	(00.027909 +- 00.001320)	[00.006246,00.057703]

INFO  Timings:
SM Timing
-----------
00_conversion_livox     	    213	02.589825	(00.012159 +- 00.000681)	[00.009541,00.027519]
01_filter               	    212	00.077477	(00.000365 +- 00.000048)	[00.000217,00.002554]
02_preint               	    210	00.007738	(00.000037 +- 00.000005)	[00.000025,00.000078]
02a_intensity_preprocess	    212	00.760791	(00.003589 +- 00.000177)	[00.002600,00.007316]
03_undistortion         	    210	00.212433	(00.001012 +- 00.000084)	[00.000736,00.008355]
04_sampling             	    209	00.134020	(00.000641 +- 00.000063)	[00.000392,00.002759]
04b_intensity_sampling  	    209	00.190433	(00.000911 +- 00.000071)	[00.000670,00.003066]
05_registration         	    209	01.047055	(00.005010 +- 00.000641)	[00.002212,00.013137]
06_map                  	    209	00.220609	(00.001056 +- 00.000085)	[00.000722,00.002346]
07_imu_opt              	    209	00.265463	(00.001270 +- 00.000103)	[00.000002,00.004487]
08_publish              	    209	02.960336	(00.014164 +- 00.000674)	[00.009985,00.028945]
step                    	    212	05.909827	(00.027877 +- 00.001310)	[00.006246,00.057703]

INFO  Timings:
SM Timing
-----------
00_conversion_livox     	    214	02.600463	(00.012152 +- 00.000672)	[00.009541,00.027519]
01_filter               	    213	00.077811	(00.000365 +- 00.000048)	[00.000217,00.002554]
02_preint               	    211	00.007773	(00.000037 +- 00.000004)	[00.000025,00.000078]
02a_intensity_preprocess	    213	00.763633	(00.003585 +- 00.000175)	[00.002600,00.007316]
03_undistortion         	    211	00.213192	(00.001010 +- 00.000085)	[00.000736,00.008355]
04_sampling             	    210	00.134448	(00.000640 +- 00.000063)	[00.000392,00.002759]
04b_intensity_sampling  	    210	00.191289	(00.000911 +- 00.000070)	[00.000670,00.003066]
05_registration         	    210	01.050231	(00.005001 +- 00.000636)	[00.002212,00.013137]
06_map                  	    210	00.221478	(00.001055 +- 00.000085)	[00.000722,00.002346]
07_imu_opt              	    210	00.266767	(00.001270 +- 00.000101)	[00.000002,00.004487]
08_publish              	    210	02.971178	(00.014148 +- 00.000670)	[00.009985,00.028945]
step                    	    213	05.931336	(00.027847 +- 00.001298)	[00.006246,00.057703]

INFO  Timings:
SM Timing
-----------
00_conversion_livox     	    215	02.610691	(00.012143 +- 00.000666)	[00.009541,00.027519]
01_filter               	    214	00.078058	(00.000365 +- 00.000048)	[00.000217,00.002554]
02_preint               	    212	00.007805	(00.000037 +- 00.000004)	[00.000025,00.000078]
02a_intensity_preprocess	    214	00.766383	(00.003581 +- 00.000176)	[00.002600,00.007316]
03_undistortion         	    212	00.213986	(00.001009 +- 00.000086)	[00.000736,00.008355]
04_sampling             	    211	00.134917	(00.000639 +- 00.000063)	[00.000392,00.002759]
04b_intensity_sampling  	    211	00.192127	(00.000911 +- 00.000070)	[00.000670,00.003066]
05_registration         	    211	01.053333	(00.004992 +- 00.000634)	[00.002212,00.013137]
06_map                  	    211	00.222315	(00.001054 +- 00.000086)	[00.000722,00.002346]
07_imu_opt              	    211	00.268021	(00.001270 +- 00.000101)	[00.000002,00.004487]
08_publish              	    211	02.981399	(00.014130 +- 00.000682)	[00.009985,00.028945]
step                    	    214	05.951961	(00.027813 +- 00.001303)	[00.006246,00.057703]

INFO  Timings:
SM Timing
-----------
00_conversion_livox     	    216	02.620685	(00.012133 +- 00.000666)	[00.009541,00.027519]
01_filter               	    215	00.078315	(00.000364 +- 00.000048)	[00.000217,00.002554]
02_preint               	    213	00.007843	(00.000037 +- 00.000004)	[00.000025,00.000078]
02a_intensity_preprocess	    215	00.769028	(00.003577 +- 00.000180)	[00.002600,00.007316]
03_undistortion         	    213	00.214803	(00.001008 +- 00.000086)	[00.000736,00.008355]
04_sampling             	    212	00.135376	(00.000639 +- 00.000062)	[00.000392,00.002759]
04b_intensity_sampling  	    212	00.193059	(00.000911 +- 00.000071)	[00.000670,00.003066]
05_registration         	    212	01.055537	(00.004979 +- 00.000646)	[00.002205,00.013137]
06_map                  	    212	00.223118	(00.001052 +- 00.000088)	[00.000722,00.002346]
07_imu_opt              	    212	00.269249	(00.001270 +- 00.000101)	[00.000002,00.004487]
08_publish              	    212	02.990835	(00.014108 +- 00.000726)	[00.009437,00.028945]
step                    	    215	05.970856	(00.027771 +- 00.001377)	[00.006246,00.057703]

INFO  Timings:
SM Timing
-----------
00_conversion_livox     	    217	02.630627	(00.012123 +- 00.000672)	[00.009541,00.027519]
01_filter               	    216	00.078562	(00.000364 +- 00.000048)	[00.000217,00.002554]
02_preint               	    214	00.007879	(00.000037 +- 00.000004)	[00.000025,00.000078]
02a_intensity_preprocess	    216	00.771548	(00.003572 +- 00.000188)	[00.002519,00.007316]
03_undistortion         	    214	00.215587	(00.001007 +- 00.000087)	[00.000736,00.008355]
04_sampling             	    213	00.135760	(00.000637 +- 00.000064)	[00.000383,00.002759]
04b_intensity_sampling  	    213	00.193724	(00.000910 +- 00.000075)	[00.000665,00.003066]
05_registration         	    213	01.057462	(00.004965 +- 00.000666)	[00.001925,00.013137]
06_map                  	    213	00.223850	(00.001051 +- 00.000092)	[00.000722,00.002346]
07_imu_opt              	    213	00.270416	(00.001270 +- 00.000102)	[00.000002,00.004487]
08_publish              	    213	02.999949	(00.014084 +- 00.000782)	[00.009114,00.028945]
step                    	    216	05.988487	(00.027724 +- 00.001507)	[00.006246,00.057703]

INFO  Timings:
SM Timing
-----------
00_conversion_livox     	    218	02.640404	(00.012112 +- 00.000684)	[00.009541,00.027519]
01_filter               	    217	00.078789	(00.000363 +- 00.000049)	[00.000217,00.002554]
02_preint               	    215	00.007908	(00.000037 +- 00.000004)	[00.000025,00.000078]
02a_intensity_preprocess	    217	00.773945	(00.003567 +- 00.000199)	[00.002397,00.007316]
03_undistortion         	    215	00.216348	(00.001006 +- 00.000087)	[00.000736,00.008355]
04_sampling             	    214	00.136222	(00.000637 +- 00.000064)	[00.000383,00.002759]
04b_intensity_sampling  	    214	00.194687	(00.000910 +- 00.000077)	[00.000665,00.003066]
05_registration         	    214	01.060866	(00.004957 +- 00.000667)	[00.001925,00.013137]
06_map                  	    214	00.224654	(00.001050 +- 00.000094)	[00.000722,00.002346]
07_imu_opt              	    214	00.271662	(00.001269 +- 00.000100)	[00.000002,00.004487]
08_publish              	    214	03.008720	(00.014059 +- 00.000838)	[00.008772,00.028945]
step                    	    217	06.007611	(00.027685 +- 00.001539)	[00.006246,00.057703]

INFO  Timings:
SM Timing
-----------
00_conversion_livox     	    219	02.650419	(00.012102 +- 00.000678)	[00.009541,00.027519]
01_filter               	    218	00.079017	(00.000362 +- 00.000047)	[00.000217,00.002554]
02_preint               	    216	00.007939	(00.000037 +- 00.000004)	[00.000025,00.000078]
02a_intensity_preprocess	    218	00.776368	(00.003561 +- 00.000205)	[00.002397,00.007316]
03_undistortion         	    216	00.217147	(00.001005 +- 00.000088)	[00.000736,00.008355]
04_sampling             	    215	00.136647	(00.000636 +- 00.000064)	[00.000383,00.002759]
04b_intensity_sampling  	    215	00.195348	(00.000909 +- 00.000081)	[00.000661,00.003066]
05_registration         	    215	01.064397	(00.004951 +- 00.000668)	[00.001925,00.013137]
06_map                  	    215	00.225297	(00.001048 +- 00.000101)	[00.000644,00.002346]
07_imu_opt              	    215	00.273203	(00.001271 +- 00.000104)	[00.000002,00.004487]
08_publish              	    215	03.017252	(00.014034 +- 00.000897)	[00.008532,00.028945]
step                    	    218	06.026489	(00.027644 +- 00.001583)	[00.006246,00.057703]

INFO  Timings:
SM Timing
-----------
00_conversion_livox     	    220	02.660715	(00.012094 +- 00.000662)	[00.009541,00.027519]
01_filter               	    219	00.079261	(00.000362 +- 00.000047)	[00.000217,00.002554]
02_preint               	    217	00.007971	(00.000037 +- 00.000004)	[00.000025,00.000078]
02a_intensity_preprocess	    219	00.778840	(00.003556 +- 00.000211)	[00.002397,00.007316]
03_undistortion         	    217	00.217907	(00.001004 +- 00.000089)	[00.000736,00.008355]
04_sampling             	    216	00.137013	(00.000634 +- 00.000066)	[00.000367,00.002759]
04b_intensity_sampling  	    216	00.195988	(00.000907 +- 00.000086)	[00.000640,00.003066]
05_registration         	    216	01.066896	(00.004939 +- 00.000671)	[00.001925,00.013137]
06_map                  	    216	00.226180	(00.001047 +- 00.000101)	[00.000644,00.002346]
07_imu_opt              	    216	00.274437	(00.001271 +- 00.000104)	[00.000002,00.004487]
08_publish              	    216	03.025938	(00.014009 +- 00.000945)	[00.008532,00.028945]
step                    	    219	06.044380	(00.027600 +- 00.001659)	[00.006246,00.057703]

INFO  Timings:
SM Timing
-----------
00_conversion_livox     	    221	02.671068	(00.012086 +- 00.000649)	[00.009541,00.027519]
01_filter               	    220	00.079493	(00.000361 +- 00.000048)	[00.000217,00.002554]
02_preint               	    218	00.008008	(00.000037 +- 00.000004)	[00.000025,00.000078]
02a_intensity_preprocess	    220	00.781248	(00.003551 +- 00.000218)	[00.002397,00.007316]
03_undistortion         	    218	00.218634	(00.001003 +- 00.000090)	[00.000728,00.008355]
04_sampling             	    217	00.137467	(00.000633 +- 00.000066)	[00.000367,00.002759]
04b_intensity_sampling  	    217	00.196632	(00.000906 +- 00.000089)	[00.000640,00.003066]
05_registration         	    217	01.069488	(00.004929 +- 00.000674)	[00.001925,00.013137]
06_map                  	    217	00.226867	(00.001045 +- 00.000106)	[00.000644,00.002346]
07_imu_opt              	    217	00.275713	(00.001271 +- 00.000093)	[00.000002,00.004487]
08_publish              	    217	03.034658	(00.013985 +- 00.000988)	[00.008532,00.028945]
step                    	    220	06.062228	(00.027556 +- 00.001722)	[00.006246,00.057703]

INFO  Timings:
SM Timing
-----------
00_conversion_livox     	    222	02.681337	(00.012078 +- 00.000634)	[00.009541,00.027519]
01_filter               	    221	00.079727	(00.000361 +- 00.000049)	[00.000217,00.002554]
02_preint               	    219	00.008040	(00.000037 +- 00.000004)	[00.000025,00.000078]
02a_intensity_preprocess	    221	00.783708	(00.003546 +- 00.000222)	[00.002397,00.007316]
03_undistortion         	    219	00.219420	(00.001002 +- 00.000091)	[00.000728,00.008355]
04_sampling             	    218	00.137874	(00.000632 +- 00.000067)	[00.000367,00.002759]
04b_intensity_sampling  	    218	00.197299	(00.000905 +- 00.000092)	[00.000640,00.003066]
05_registration         	    218	01.071953	(00.004917 +- 00.000676)	[00.001925,00.013137]
06_map                  	    218	00.227556	(00.001044 +- 00.000110)	[00.000644,00.002346]
07_imu_opt              	    218	00.276949	(00.001270 +- 00.000092)	[00.000002,00.004487]
08_publish              	    218	03.043413	(00.013961 +- 00.001026)	[00.008532,00.028945]
step                    	    221	06.080033	(00.027511 +- 00.001799)	[00.006246,00.057703]

INFO  Timings:
SM Timing
-----------
00_conversion_livox     	    223	02.691438	(00.012069 +- 00.000621)	[00.009541,00.027519]
01_filter               	    222	00.079992	(00.000360 +- 00.000049)	[00.000217,00.002554]
02_preint               	    220	00.008078	(00.000037 +- 00.000004)	[00.000025,00.000078]
02a_intensity_preprocess	    222	00.786128	(00.003541 +- 00.000229)	[00.002397,00.007316]
03_undistortion         	    220	00.220213	(00.001001 +- 00.000078)	[00.000728,00.008355]
04_sampling             	    219	00.138266	(00.000631 +- 00.000068)	[00.000367,00.002759]
04b_intensity_sampling  	    219	00.198069	(00.000904 +- 00.000092)	[00.000640,00.003066]
05_registration         	    219	01.074945	(00.004908 +- 00.000676)	[00.001925,00.013137]
06_map                  	    219	00.228499	(00.001043 +- 00.000109)	[00.000644,00.002346]
07_imu_opt              	    219	00.278182	(00.001270 +- 00.000088)	[00.000002,00.004487]
08_publish              	    219	03.052093	(00.013936 +- 00.001050)	[00.008532,00.028945]
step                    	    222	06.098619	(00.027471 +- 00.001822)	[00.006246,00.057703]

INFO  Timings:
SM Timing
-----------
00_conversion_livox     	    224	02.701275	(00.012059 +- 00.000573)	[00.009541,00.027519]
01_filter               	    223	00.080231	(00.000360 +- 00.000049)	[00.000217,00.002554]
02_preint               	    221	00.008115	(00.000037 +- 00.000004)	[00.000025,00.000078]
02a_intensity_preprocess	    223	00.788461	(00.003536 +- 00.000234)	[00.002333,00.007316]
03_undistortion         	    221	00.220979	(00.001000 +- 00.000079)	[00.000728,00.008355]
04_sampling             	    220	00.138664	(00.000630 +- 00.000069)	[00.000367,00.002759]
04b_intensity_sampling  	    220	00.198757	(00.000903 +- 00.000093)	[00.000640,00.003066]
05_registration         	    220	01.077146	(00.004896 +- 00.000685)	[00.001925,00.013137]
06_map                  	    220	00.229166	(00.001042 +- 00.000115)	[00.000644,00.002346]
07_imu_opt              	    220	00.279366	(00.001270 +- 00.000084)	[00.000002,00.004487]
08_publish              	    220	03.060563	(00.013912 +- 00.001079)	[00.008470,00.028945]
step                    	    223	06.115656	(00.027424 +- 00.001903)	[00.006246,00.057703]

INFO  Timings:
SM Timing
-----------
00_conversion_livox     	    225	02.711209	(00.012050 +- 00.000548)	[00.009541,00.027519]
01_filter               	    224	00.080455	(00.000359 +- 00.000049)	[00.000217,00.002554]
02_preint               	    222	00.008145	(00.000037 +- 00.000004)	[00.000025,00.000078]
02a_intensity_preprocess	    224	00.790826	(00.003530 +- 00.000242)	[00.002333,00.007316]
03_undistortion         	    222	00.221778	(00.000999 +- 00.000079)	[00.000728,00.008355]
04_sampling             	    221	00.139094	(00.000629 +- 00.000069)	[00.000367,00.002759]
04b_intensity_sampling  	    221	00.199482	(00.000903 +- 00.000094)	[00.000640,00.003066]
05_registration         	    221	01.079779	(00.004886 +- 00.000687)	[00.001925,00.013137]
06_map                  	    221	00.229885	(00.001040 +- 00.000118)	[00.000644,00.002346]
07_imu_opt              	    221	00.280838	(00.001271 +- 00.000089)	[00.000002,00.004487]
08_publish              	    221	03.068974	(00.013887 +- 00.001125)	[00.008411,00.028945]
step                    	    224	06.133559	(00.027382 +- 00.001959)	[00.006246,00.057703]

INFO  Timings:
SM Timing
-----------
00_conversion_livox     	    226	02.721095	(00.012040 +- 00.000551)	[00.009541,00.027519]
01_filter               	    225	00.080705	(00.000359 +- 00.000049)	[00.000217,00.002554]
02_preint               	    223	00.008182	(00.000037 +- 00.000004)	[00.000025,00.000078]
02a_intensity_preprocess	    225	00.793197	(00.003525 +- 00.000250)	[00.002333,00.007316]
03_undistortion         	    223	00.222537	(00.000998 +- 00.000079)	[00.000728,00.008355]
04_sampling             	    222	00.139474	(00.000628 +- 00.000070)	[00.000367,00.002759]
04b_intensity_sampling  	    222	00.200178	(00.000902 +- 00.000095)	[00.000640,00.003066]
05_registration         	    222	01.082244	(00.004875 +- 00.000692)	[00.001925,00.013137]
06_map                  	    222	00.230537	(00.001038 +- 00.000123)	[00.000644,00.002346]
07_imu_opt              	    222	00.282171	(00.001271 +- 00.000090)	[00.000002,00.004487]
08_publish              	    222	03.077363	(00.013862 +- 00.001168)	[00.008389,00.028945]
step                    	    225	06.150961	(00.027338 +- 00.002028)	[00.006246,00.057703]

INFO  Timings:
SM Timing
-----------
00_conversion_livox     	    227	02.731074	(00.012031 +- 00.000554)	[00.009541,00.027519]
01_filter               	    226	00.081122	(00.000359 +- 00.000053)	[00.000217,00.002554]
02_preint               	    224	00.008220	(00.000037 +- 00.000004)	[00.000025,00.000078]
02a_intensity_preprocess	    226	00.795570	(00.003520 +- 00.000256)	[00.002333,00.007316]
03_undistortion         	    224	00.223277	(00.000997 +- 00.000080)	[00.000728,00.008355]
04_sampling             	    223	00.139867	(00.000627 +- 00.000070)	[00.000367,00.002759]
04b_intensity_sampling  	    223	00.200818	(00.000901 +- 00.000099)	[00.000640,00.003066]
05_registration         	    223	01.085570	(00.004868 +- 00.000691)	[00.001925,00.013137]
06_map                  	    223	00.231222	(00.001037 +- 00.000127)	[00.000644,00.002346]
07_imu_opt              	    223	00.283456	(00.001271 +- 00.000090)	[00.000002,00.004487]
08_publish              	    223	03.085900	(00.013838 +- 00.001202)	[00.008389,00.028945]
step                    	    226	06.169465	(00.027299 +- 00.002056)	[00.006246,00.057703]

INFO  Timings:
SM Timing
-----------
00_conversion_livox     	    228	02.741276	(00.012023 +- 00.000555)	[00.009541,00.027519]
01_filter               	    227	00.081388	(00.000359 +- 00.000052)	[00.000217,00.002554]
02_preint               	    225	00.008256	(00.000037 +- 00.000004)	[00.000025,00.000078]
02a_intensity_preprocess	    227	00.798004	(00.003515 +- 00.000260)	[00.002333,00.007316]
03_undistortion         	    225	00.223978	(00.000995 +- 00.000082)	[00.000702,00.008355]
04_sampling             	    224	00.140336	(00.000626 +- 00.000070)	[00.000367,00.002759]
04b_intensity_sampling  	    224	00.201527	(00.000900 +- 00.000099)	[00.000640,00.003066]
05_registration         	    224	01.088606	(00.004860 +- 00.000681)	[00.001925,00.013137]
06_map                  	    224	00.231975	(00.001036 +- 00.000128)	[00.000644,00.002346]
07_imu_opt              	    224	00.284884	(00.001272 +- 00.000093)	[00.000002,00.004487]
08_publish              	    224	03.094349	(00.013814 +- 00.001238)	[00.008389,00.028945]
step                    	    227	06.187801	(00.027259 +- 00.002086)	[00.006246,00.057703]

INFO  Timings:
SM Timing
-----------
00_conversion_livox     	    229	02.751597	(00.012016 +- 00.000554)	[00.009541,00.027519]
01_filter               	    228	00.081634	(00.000358 +- 00.000051)	[00.000217,00.002554]
02_preint               	    226	00.008290	(00.000037 +- 00.000004)	[00.000025,00.000078]
02a_intensity_preprocess	    228	00.800497	(00.003511 +- 00.000263)	[00.002333,00.007316]
03_undistortion         	    226	00.224674	(00.000994 +- 00.000085)	[00.000696,00.008355]
04_sampling             	    225	00.140744	(00.000626 +- 00.000071)	[00.000367,00.002759]
04b_intensity_sampling  	    225	00.202142	(00.000898 +- 00.000102)	[00.000615,00.003066]
05_registration         	    225	01.091701	(00.004852 +- 00.000678)	[00.001925,00.013137]
06_map                  	    225	00.232610	(00.001034 +- 00.000131)	[00.000635,00.002346]
07_imu_opt              	    225	00.286469	(00.001273 +- 00.000103)	[00.000002,00.004487]
08_publish              	    225	03.103301	(00.013792 +- 00.001257)	[00.008389,00.028945]
step                    	    228	06.206629	(00.027222 +- 00.002108)	[00.006246,00.057703]

INFO  Timings:
SM Timing
-----------
00_conversion_livox     	    230	02.762866	(00.012012 +- 00.000564)	[00.009541,00.027519]
01_filter               	    229	00.081901	(00.000358 +- 00.000051)	[00.000217,00.002554]
02_preint               	    227	00.008331	(00.000037 +- 00.000004)	[00.000025,00.000078]
02a_intensity_preprocess	    229	00.803182	(00.003507 +- 00.000264)	[00.002333,00.007316]
03_undistortion         	    227	00.225432	(00.000993 +- 00.000084)	[00.000696,00.008355]
04_sampling             	    226	00.141192	(00.000625 +- 00.000071)	[00.000367,00.002759]
04b_intensity_sampling  	    226	00.202849	(00.000898 +- 00.000103)	[00.000615,00.003066]
05_registration         	    226	01.093577	(00.004839 +- 00.000694)	[00.001876,00.013137]
06_map                  	    226	00.233376	(00.001033 +- 00.000126)	[00.000635,00.002346]
07_imu_opt              	    226	00.287942	(00.001274 +- 00.000106)	[00.000002,00.004487]
08_publish              	    226	03.112521	(00.013772 +- 00.001269)	[00.008389,00.028945]
step                    	    229	06.224944	(00.027183 +- 00.002142)	[00.006246,00.057703]

INFO  Timings:
SM Timing
-----------
00_conversion_livox     	    231	02.774939	(00.012013 +- 00.000607)	[00.009541,00.027519]
01_filter               	    230	00.082217	(00.000357 +- 00.000051)	[00.000217,00.002554]
02_preint               	    228	00.008372	(00.000037 +- 00.000004)	[00.000025,00.000078]
02a_intensity_preprocess	    230	00.805990	(00.003504 +- 00.000263)	[00.002333,00.007316]
03_undistortion         	    228	00.226196	(00.000992 +- 00.000084)	[00.000696,00.008355]
04_sampling             	    227	00.141614	(00.000624 +- 00.000071)	[00.000367,00.002759]
04b_intensity_sampling  	    227	00.203475	(00.000896 +- 00.000106)	[00.000615,00.003066]
05_registration         	    227	01.097871	(00.004836 +- 00.000715)	[00.001876,00.013137]
06_map                  	    227	00.234032	(00.001031 +- 00.000130)	[00.000635,00.002346]
07_imu_opt              	    227	00.289533	(00.001275 +- 00.000115)	[00.000002,00.004487]
08_publish              	    227	03.121812	(00.013752 +- 00.001276)	[00.008389,00.028945]
step                    	    230	06.245840	(00.027156 +- 00.002140)	[00.006246,00.057703]

INFO  Timings:
SM Timing
-----------
00_conversion_livox     	    232	02.787130	(00.012013 +- 00.000652)	[00.009541,00.027519]
01_filter               	    231	00.082463	(00.000357 +- 00.000051)	[00.000217,00.002554]
02_preint               	    229	00.008408	(00.000037 +- 00.000004)	[00.000025,00.000078]
02a_intensity_preprocess	    231	00.808649	(00.003501 +- 00.000263)	[00.002333,00.007316]
03_undistortion         	    229	00.227024	(00.000991 +- 00.000083)	[00.000696,00.008355]
04_sampling             	    228	00.142020	(00.000623 +- 00.000071)	[00.000367,00.002759]
04b_intensity_sampling  	    228	00.204122	(00.000895 +- 00.000106)	[00.000615,00.003066]
05_registration         	    228	01.100830	(00.004828 +- 00.000714)	[00.001876,00.013137]
06_map                  	    228	00.234707	(00.001029 +- 00.000132)	[00.000635,00.002346]
07_imu_opt              	    228	00.291542	(00.001279 +- 00.000153)	[00.000002,00.004487]
08_publish              	    228	03.130630	(00.013731 +- 00.001282)	[00.008389,00.028945]
step                    	    231	06.265195	(00.027122 +- 00.002141)	[00.006246,00.057703]

INFO  Timings:
SM Timing
-----------
00_conversion_livox     	    233	02.799572	(00.012015 +- 00.000706)	[00.009541,00.027519]
01_filter               	    232	00.082711	(00.000357 +- 00.000049)	[00.000217,00.002554]
02_preint               	    230	00.008471	(00.000037 +- 00.000006)	[00.000025,00.000078]
02a_intensity_preprocess	    232	00.811252	(00.003497 +- 00.000260)	[00.002333,00.007316]
03_undistortion         	    230	00.227666	(00.000990 +- 00.000086)	[00.000642,00.008355]
04_sampling             	    229	00.142395	(00.000622 +- 00.000072)	[00.000367,00.002759]
04b_intensity_sampling  	    229	00.204817	(00.000894 +- 00.000107)	[00.000615,00.003066]
05_registration         	    229	01.102762	(00.004816 +- 00.000730)	[00.001876,00.013137]
06_map                  	    229	00.235380	(00.001028 +- 00.000132)	[00.000635,00.002346]
07_imu_opt              	    229	00.293460	(00.001281 +- 00.000175)	[00.000002,00.004487]
08_publish              	    229	03.138732	(00.013706 +- 00.001307)	[00.008102,00.028945]
step                    	    232	06.282513	(00.027080 +- 00.002187)	[00.006246,00.057703]

INFO  Timings:
SM Timing
-----------
00_conversion_livox     	    234	02.811749	(00.012016 +- 00.000742)	[00.009541,00.027519]
01_filter               	    233	00.082966	(00.000356 +- 00.000049)	[00.000217,00.002554]
02_preint               	    231	00.008506	(00.000037 +- 00.000006)	[00.000025,00.000078]
02a_intensity_preprocess	    233	00.813569	(00.003492 +- 00.000262)	[00.002318,00.007316]
03_undistortion         	    231	00.228350	(00.000989 +- 00.000088)	[00.000642,00.008355]
04_sampling             	    230	00.142829	(00.000621 +- 00.000072)	[00.000367,00.002759]
04b_intensity_sampling  	    230	00.205472	(00.000893 +- 00.000105)	[00.000615,00.003066]
05_registration         	    230	01.105844	(00.004808 +- 00.000728)	[00.001876,00.013137]
06_map                  	    230	00.236029	(00.001026 +- 00.000135)	[00.000635,00.002346]
07_imu_opt              	    230	00.295229	(00.001284 +- 00.000186)	[00.000002,00.004487]
08_publish              	    230	03.146186	(00.013679 +- 00.001348)	[00.007454,00.028945]
step                    	    233	06.299922	(00.027038 +- 00.002220)	[00.006246,00.057703]

INFO  Timings:
SM Timing
-----------
00_conversion_livox     	    235	02.823608	(00.012015 +- 00.000763)	[00.009541,00.027519]
01_filter               	    234	00.083196	(00.000356 +- 00.000048)	[00.000217,00.002554]
02_preint               	    232	00.008542	(00.000037 +- 00.000006)	[00.000025,00.000078]
02a_intensity_preprocess	    234	00.815818	(00.003486 +- 00.000266)	[00.002249,00.007316]
03_undistortion         	    232	00.229046	(00.000987 +- 00.000080)	[00.000642,00.008355]
04_sampling             	    231	00.143172	(00.000620 +- 00.000074)	[00.000343,00.002759]
04b_intensity_sampling  	    231	00.205992	(00.000892 +- 00.000109)	[00.000520,00.003066]
05_registration         	    231	01.107915	(00.004796 +- 00.000740)	[00.001876,00.013137]
06_map                  	    231	00.236547	(00.001024 +- 00.000141)	[00.000518,00.002346]
07_imu_opt              	    231	00.296714	(00.001284 +- 00.000186)	[00.000002,00.004487]
08_publish              	    231	03.153237	(00.013650 +- 00.001409)	[00.007051,00.028945]
step                    	    234	06.315188	(00.026988 +- 00.002320)	[00.006246,00.057703]

INFO  Timings:
SM Timing
-----------
00_conversion_livox     	    236	02.835406	(00.012014 +- 00.000777)	[00.009541,00.027519]
01_filter               	    235	00.083414	(00.000355 +- 00.000049)	[00.000217,00.002554]
02_preint               	    233	00.008577	(00.000037 +- 00.000006)	[00.000025,00.000078]
02a_intensity_preprocess	    235	00.818102	(00.003481 +- 00.000272)	[00.002249,00.007316]
03_undistortion         	    233	00.229726	(00.000986 +- 00.000080)	[00.000642,00.008355]
04_sampling             	    232	00.143578	(00.000619 +- 00.000074)	[00.000343,00.002759]
04b_intensity_sampling  	    232	00.206715	(00.000891 +- 00.000109)	[00.000520,00.003066]
05_registration         	    232	01.110818	(00.004788 +- 00.000739)	[00.001876,00.013137]
06_map                  	    232	00.237154	(00.001022 +- 00.000145)	[00.000518,00.002346]
07_imu_opt              	    232	00.298264	(00.001286 +- 00.000185)	[00.000002,00.004487]
08_publish              	    232	03.160229	(00.013622 +- 00.001473)	[00.006992,00.028945]
step                    	    235	06.331650	(00.026943 +- 00.002387)	[00.006246,00.057703]

INFO  Timings:
SM Timing
-----------
00_conversion_livox     	    236	02.835406	(00.012014 +- 00.000777)	[00.009541,00.027519]
01_filter               	    236	00.083658	(00.000354 +- 00.000049)	[00.000217,00.002554]
02_preint               	    234	00.008611	(00.000037 +- 00.000006)	[00.000025,00.000078]
02a_intensity_preprocess	    236	00.820380	(00.003476 +- 00.000279)	[00.002249,00.007316]
03_undistortion         	    234	00.230348	(00.000984 +- 00.000084)	[00.000622,00.008355]
04_sampling             	    233	00.143872	(00.000617 +- 00.000078)	[00.000294,00.002759]
04b_intensity_sampling  	    233	00.207272	(00.000890 +- 00.000113)	[00.000520,00.003066]
05_registration         	    233	01.112374	(00.004774 +- 00.000768)	[00.001555,00.013137]
06_map                  	    233	00.237714	(00.001020 +- 00.000150)	[00.000518,00.002346]
07_imu_opt              	    233	00.299601	(00.001286 +- 00.000183)	[00.000002,00.004487]
08_publish              	    233	03.167212	(00.013593 +- 00.001531)	[00.006982,00.028945]
step                    	    236	06.346182	(00.026891 +- 00.002525)	[00.006246,00.057703]

INFO  Timings:
SM Timing
-----------
00_conversion_livox     	    238	02.859289	(00.012014 +- 00.000800)	[00.009541,00.027519]
01_filter               	    237	00.083914	(00.000354 +- 00.000049)	[00.000217,00.002554]
02_preint               	    235	00.008652	(00.000037 +- 00.000006)	[00.000025,00.000078]
02a_intensity_preprocess	    237	00.822546	(00.003471 +- 00.000289)	[00.002167,00.007316]
03_undistortion         	    235	00.230884	(00.000982 +- 00.000092)	[00.000535,00.008355]
04_sampling             	    234	00.144235	(00.000616 +- 00.000079)	[00.000294,00.002759]
04b_intensity_sampling  	    234	00.207840	(00.000888 +- 00.000116)	[00.000520,00.003066]
05_registration         	    234	01.113988	(00.004761 +- 00.000792)	[00.001555,00.013137]
06_map                  	    234	00.238296	(00.001018 +- 00.000154)	[00.000518,00.002346]
07_imu_opt              	    234	00.301315	(00.001288 +- 00.000189)	[00.000002,00.004487]
08_publish              	    234	03.173460	(00.013562 +- 00.001614)	[00.006249,00.028945]
step                    	    237	06.360348	(00.026837 +- 00.002666)	[00.006246,00.057703]

INFO  Timings:
SM Timing
-----------
00_conversion_livox     	    239	02.870911	(00.012012 +- 00.000799)	[00.009541,00.027519]
01_filter               	    238	00.084176	(00.000354 +- 00.000048)	[00.000217,00.002554]
02_preint               	    236	00.008694	(00.000037 +- 00.000006)	[00.000025,00.000078]
02a_intensity_preprocess	    238	00.824453	(00.003464 +- 00.000310)	[00.001907,00.007316]
03_undistortion         	    236	00.231307	(00.000980 +- 00.000105)	[00.000424,00.008355]
04_sampling             	    235	00.144585	(00.000615 +- 00.000080)	[00.000294,00.002759]
04b_intensity_sampling  	    235	00.208328	(00.000887 +- 00.000122)	[00.000488,00.003066]
05_registration         	    235	01.116801	(00.004752 +- 00.000780)	[00.001555,00.013137]
06_map                  	    235	00.238878	(00.001017 +- 00.000157)	[00.000518,00.002346]
07_imu_opt              	    235	00.302893	(00.001289 +- 00.000188)	[00.000002,00.004487]
08_publish              	    235	03.178842	(00.013527 +- 00.001730)	[00.005382,00.028945]
step                    	    238	06.374278	(00.026783 +- 00.002794)	[00.006246,00.057703]

INFO  Timings:
SM Timing
-----------
00_conversion_livox     	    240	02.882266	(00.012009 +- 00.000798)	[00.009541,00.027519]
01_filter               	    239	00.084606	(00.000354 +- 00.000052)	[00.000217,00.002554]
02_preint               	    237	00.008750	(00.000037 +- 00.000006)	[00.000025,00.000078]
02a_intensity_preprocess	    239	00.826865	(00.003460 +- 00.000312)	[00.001907,00.007316]
03_undistortion         	    237	00.231772	(00.000978 +- 00.000115)	[00.000424,00.008355]
04_sampling             	    236	00.144882	(00.000614 +- 00.000083)	[00.000294,00.002759]
04b_intensity_sampling  	    236	00.208884	(00.000885 +- 00.000125)	[00.000488,00.003066]
05_registration         	    236	01.118571	(00.004740 +- 00.000789)	[00.001555,00.013137]
06_map                  	    236	00.239539	(00.001015 +- 00.000159)	[00.000518,00.002346]
07_imu_opt              	    236	00.304723	(00.001291 +- 00.000198)	[00.000002,00.004487]
08_publish              	    236	03.184620	(00.013494 +- 00.001818)	[00.005382,00.028945]
step                    	    239	06.388616	(00.026731 +- 00.002899)	[00.006246,00.057703]

INFO  Timings:
SM Timing
-----------
00_conversion_livox     	    241	02.896942	(00.012021 +- 00.000952)	[00.009541,00.027519]
01_filter               	    240	00.084834	(00.000353 +- 00.000052)	[00.000217,00.002554]
02_preint               	    238	00.008805	(00.000037 +- 00.000006)	[00.000025,00.000078]
02a_intensity_preprocess	    240	00.829109	(00.003455 +- 00.000318)	[00.001907,00.007316]
03_undistortion         	    238	00.232261	(00.000976 +- 00.000122)	[00.000424,00.008355]
04_sampling             	    237	00.145189	(00.000613 +- 00.000085)	[00.000294,00.002759]
04b_intensity_sampling  	    237	00.209307	(00.000883 +- 00.000133)	[00.000423,00.003066]
05_registration         	    237	01.120731	(00.004729 +- 00.000795)	[00.001555,00.013137]
06_map                  	    237	00.239988	(00.001013 +- 00.000165)	[00.000449,00.002346]
07_imu_opt              	    237	00.306525	(00.001293 +- 00.000206)	[00.000002,00.004487]
08_publish              	    237	03.189928	(00.013460 +- 00.001917)	[00.005308,00.028945]
step                    	    240	06.402159	(00.026676 +- 00.003032)	[00.006246,00.057703]

INFO  Timings:
SM Timing
-----------
00_conversion_livox     	    241	02.896942	(00.012021 +- 00.000952)	[00.009541,00.027519]
01_filter               	    241	00.085039	(00.000353 +- 00.000053)	[00.000205,00.002554]
02_preint               	    239	00.008848	(00.000037 +- 00.000006)	[00.000025,00.000078]
02a_intensity_preprocess	    241	00.831431	(00.003450 +- 00.000322)	[00.001907,00.007316]
03_undistortion         	    239	00.232719	(00.000974 +- 00.000130)	[00.000424,00.008355]
04_sampling             	    238	00.145450	(00.000611 +- 00.000089)	[00.000261,00.002759]
04b_intensity_sampling  	    238	00.209791	(00.000881 +- 00.000137)	[00.000423,00.003066]
05_registration         	    238	01.122500	(00.004716 +- 00.000807)	[00.001555,00.013137]
06_map                  	    238	00.240426	(00.001010 +- 00.000173)	[00.000438,00.002346]
07_imu_opt              	    238	00.307779	(00.001293 +- 00.000202)	[00.000002,00.004487]
08_publish              	    238	03.194683	(00.013423 +- 00.002033)	[00.004755,00.028945]
step                    	    241	06.414212	(00.026615 +- 00.003217)	[00.006246,00.057703]

INFO  Timings:
SM Timing
-----------
00_conversion_livox     	    243	02.919855	(00.012016 +- 00.000932)	[00.009541,00.027519]
01_filter               	    242	00.085247	(00.000352 +- 00.000054)	[00.000205,00.002554]
02_preint               	    240	00.008884	(00.000037 +- 00.000006)	[00.000025,00.000078]
02a_intensity_preprocess	    242	00.833127	(00.003443 +- 00.000349)	[00.001697,00.007316]
03_undistortion         	    240	00.233240	(00.000972 +- 00.000133)	[00.000424,00.008355]
04_sampling             	    239	00.145752	(00.000610 +- 00.000091)	[00.000261,00.002759]
04b_intensity_sampling  	    239	00.210221	(00.000880 +- 00.000144)	[00.000423,00.003066]
05_registration         	    239	01.124591	(00.004705 +- 00.000815)	[00.001555,00.013137]
06_map                  	    239	00.240914	(00.001008 +- 00.000177)	[00.000438,00.002346]
07_imu_opt              	    239	00.308968	(00.001293 +- 00.000202)	[00.000002,00.004487]
08_publish              	    239	03.199052	(00.013385 +- 00.002151)	[00.004369,00.028945]
step                    	    242	06.425604	(00.026552 +- 00.003412)	[00.006246,00.057703]

INFO  Timings:
SM Timing
-----------
00_conversion_livox     	    244	02.930434	(00.012010 +- 00.000930)	[00.009541,00.027519]
01_filter               	    243	00.085472	(00.000352 +- 00.000054)	[00.000205,00.002554]
02_preint               	    241	00.008920	(00.000037 +- 00.000006)	[00.000025,00.000078]
02a_intensity_preprocess	    243	00.834697	(00.003435 +- 00.000379)	[00.001570,00.007316]
03_undistortion         	    241	00.233795	(00.000970 +- 00.000136)	[00.000424,00.008355]
04_sampling             	    240	00.146297	(00.000610 +- 00.000082)	[00.000261,00.002759]
04b_intensity_sampling  	    240	00.210797	(00.000878 +- 00.000146)	[00.000423,00.003066]
05_registration         	    240	01.125980	(00.004692 +- 00.000834)	[00.001389,00.013137]
06_map                  	    240	00.241340	(00.001006 +- 00.000184)	[00.000426,00.002346]
07_imu_opt              	    240	00.310253	(00.001293 +- 00.000202)	[00.000002,00.004487]
08_publish              	    240	03.203064	(00.013346 +- 00.002263)	[00.004012,00.028945]
step                    	    243	06.436284	(00.026487 +- 00.003596)	[00.006246,00.057703]

INFO  Timings:
SM Timing
-----------
00_conversion_livox     	    245	02.940400	(00.012002 +- 00.000941)	[00.009541,00.027519]
01_filter               	    244	00.085653	(00.000351 +- 00.000055)	[00.000180,00.002554]
02_preint               	    242	00.008957	(00.000037 +- 00.000006)	[00.000025,00.000078]
02a_intensity_preprocess	    244	00.836235	(00.003427 +- 00.000405)	[00.001538,00.007316]
03_undistortion         	    242	00.234236	(00.000968 +- 00.000143)	[00.000424,00.008355]
04_sampling             	    241	00.146557	(00.000608 +- 00.000085)	[00.000260,00.002759]
04b_intensity_sampling  	    241	00.211230	(00.000876 +- 00.000147)	[00.000423,00.003066]
05_registration         	    241	01.127139	(00.004677 +- 00.000866)	[00.001159,00.013137]
06_map                  	    241	00.241821	(00.001003 +- 00.000188)	[00.000426,00.002346]
07_imu_opt              	    241	00.311647	(00.001293 +- 00.000202)	[00.000002,00.004487]
08_publish              	    241	03.207013	(00.013307 +- 00.002353)	[00.003949,00.028945]
step                    	    244	06.446211	(00.026419 +- 00.003797)	[00.006246,00.057703]

INFO  Timings:
SM Timing
-----------
00_conversion_livox     	    246	02.950540	(00.011994 +- 00.000944)	[00.009541,00.027519]
01_filter               	    245	00.085819	(00.000350 +- 00.000057)	[00.000166,00.002554]
02_preint               	    243	00.008983	(00.000037 +- 00.000006)	[00.000025,00.000078]
02a_intensity_preprocess	    245	00.837769	(00.003419 +- 00.000424)	[00.001534,00.007316]
03_undistortion         	    243	00.234771	(00.000966 +- 00.000144)	[00.000424,00.008355]
04_sampling             	    242	00.146866	(00.000607 +- 00.000087)	[00.000260,00.002759]
04b_intensity_sampling  	    242	00.211704	(00.000875 +- 00.000147)	[00.000423,00.003066]
05_registration         	    242	01.128862	(00.004665 +- 00.000879)	[00.001159,00.013137]
06_map                  	    242	00.242265	(00.001001 +- 00.000192)	[00.000426,00.002346]
07_imu_opt              	    242	00.312783	(00.001292 +- 00.000205)	[00.000002,00.004487]
08_publish              	    242	03.210975	(00.013268 +- 00.002426)	[00.003949,00.028945]
step                    	    245	06.456574	(00.026353 +- 00.003937)	[00.006246,00.057703]

INFO  Timings:
SM Timing
-----------
00_conversion_livox     	    247	02.960599	(00.011986 +- 00.000950)	[00.009541,00.027519]
01_filter               	    246	00.085989	(00.000350 +- 00.000058)	[00.000166,00.002554]
02_preint               	    244	00.009010	(00.000037 +- 00.000007)	[00.000025,00.000078]
02a_intensity_preprocess	    246	00.839231	(00.003412 +- 00.000443)	[00.001463,00.007316]
03_undistortion         	    244	00.235094	(00.000963 +- 00.000156)	[00.000323,00.008355]
04_sampling             	    243	00.147196	(00.000606 +- 00.000087)	[00.000260,00.002759]
04b_intensity_sampling  	    243	00.212236	(00.000873 +- 00.000148)	[00.000423,00.003066]
05_registration         	    243	01.130483	(00.004652 +- 00.000893)	[00.001159,00.013137]
06_map                  	    243	00.242695	(00.000999 +- 00.000196)	[00.000426,00.002346]
07_imu_opt              	    243	00.314322	(00.001294 +- 00.000206)	[00.000002,00.004487]
08_publish              	    243	03.214582	(00.013229 +- 00.002493)	[00.003607,00.028945]
step                    	    246	06.466683	(00.026287 +- 00.004061)	[00.006246,00.057703]

INFO  Timings:
SM Timing
-----------
00_conversion_livox     	    248	02.970646	(00.011978 +- 00.000956)	[00.009541,00.027519]
01_filter               	    247	00.086154	(00.000349 +- 00.000060)	[00.000165,00.002554]
02_preint               	    245	00.009047	(00.000037 +- 00.000006)	[00.000025,00.000078]
02a_intensity_preprocess	    247	00.840674	(00.003404 +- 00.000461)	[00.001443,00.007316]
03_undistortion         	    245	00.235504	(00.000961 +- 00.000160)	[00.000323,00.008355]
04_sampling             	    244	00.147437	(00.000604 +- 00.000086)	[00.000241,00.002759]
04b_intensity_sampling  	    244	00.212553	(00.000871 +- 00.000156)	[00.000317,00.003066]
05_registration         	    244	01.132182	(00.004640 +- 00.000904)	[00.001159,00.013137]
06_map                  	    244	00.243000	(00.000996 +- 00.000204)	[00.000305,00.002346]
07_imu_opt              	    244	00.316032	(00.001295 +- 00.000210)	[00.000002,00.004487]
08_publish              	    244	03.217891	(00.013188 +- 00.002556)	[00.003309,00.028945]
step                    	    247	06.476381	(00.026220 +- 00.004176)	[00.006246,00.057703]

INFO  Timings:
SM Timing
-----------
00_conversion_livox     	    249	02.980710	(00.011971 +- 00.000958)	[00.009541,00.027519]
01_filter               	    248	00.086326	(00.000348 +- 00.000060)	[00.000165,00.002554]
02_preint               	    246	00.009074	(00.000037 +- 00.000007)	[00.000025,00.000078]
02a_intensity_preprocess	    248	00.842166	(00.003396 +- 00.000471)	[00.001443,00.007316]
03_undistortion         	    246	00.235801	(00.000959 +- 00.000171)	[00.000297,00.008355]
04_sampling             	    245	00.147697	(00.000603 +- 00.000088)	[00.000241,00.002759]
04b_intensity_sampling  	    245	00.212940	(00.000869 +- 00.000155)	[00.000317,00.003066]
05_registration         	    245	01.133690	(00.004627 +- 00.000898)	[00.001159,00.013137]
06_map                  	    245	00.243382	(00.000993 +- 00.000209)	[00.000305,00.002346]
07_imu_opt              	    245	00.317883	(00.001297 +- 00.000219)	[00.000002,00.004487]
08_publish              	    245	03.221384	(00.013149 +- 00.002595)	[00.003309,00.028945]
step                    	    248	06.486303	(00.026154 +- 00.004229)	[00.006246,00.057703]

INFO  Timings:
SM Timing
-----------
00_conversion_livox     	    250	02.990570	(00.011962 +- 00.000963)	[00.009541,00.027519]
01_filter               	    249	00.086488	(00.000347 +- 00.000062)	[00.000161,00.002554]
02_preint               	    247	00.009102	(00.000037 +- 00.000007)	[00.000025,00.000078]
02a_intensity_preprocess	    249	00.843635	(00.003388 +- 00.000482)	[00.001443,00.007316]
03_undistortion         	    247	00.236200	(00.000956 +- 00.000173)	[00.000297,00.008355]
04_sampling             	    246	00.147977	(00.000602 +- 00.000089)	[00.000241,00.002759]
04b_intensity_sampling  	    246	00.213359	(00.000867 +- 00.000158)	[00.000317,00.003066]
05_registration         	    246	01.135828	(00.004617 +- 00.000858)	[00.001159,00.013137]
06_map                  	    246	00.243874	(00.000991 +- 00.000210)	[00.000305,00.002346]
07_imu_opt              	    246	00.319256	(00.001298 +- 00.000218)	[00.000002,00.004487]
08_publish              	    246	03.225200	(00.013111 +- 00.002623)	[00.003309,00.028945]
step                    	    249	06.496943	(00.026092 +- 00.004239)	[00.006246,00.057703]

INFO  Timings:
SM Timing
-----------
00_conversion_livox     	    251	03.000282	(00.011953 +- 00.000971)	[00.009541,00.027519]
01_filter               	    250	00.086686	(00.000347 +- 00.000061)	[00.000161,00.002554]
02_preint               	    248	00.009137	(00.000037 +- 00.000007)	[00.000025,00.000078]
02a_intensity_preprocess	    250	00.845242	(00.003381 +- 00.000487)	[00.001443,00.007316]
03_undistortion         	    248	00.236707	(00.000954 +- 00.000174)	[00.000297,00.008355]
04_sampling             	    247	00.148240	(00.000600 +- 00.000088)	[00.000241,00.002759]
04b_intensity_sampling  	    247	00.213891	(00.000866 +- 00.000157)	[00.000317,00.003066]
05_registration         	    247	01.137516	(00.004605 +- 00.000831)	[00.001159,00.013137]
06_map                  	    247	00.244396	(00.000989 +- 00.000207)	[00.000305,00.002346]
07_imu_opt              	    247	00.320795	(00.001299 +- 00.000218)	[00.000002,00.004487]
08_publish              	    247	03.229593	(00.013075 +- 00.002625)	[00.003309,00.028945]
step                    	    250	06.508288	(00.026033 +- 00.004216)	[00.006246,00.057703]

INFO  Timings:
SM Timing
-----------
00_conversion_livox     	    252	03.010141	(00.011945 +- 00.000976)	[00.009541,00.027519]
01_filter               	    251	00.086888	(00.000346 +- 00.000062)	[00.000161,00.002554]
02_preint               	    249	00.009173	(00.000037 +- 00.000007)	[00.000025,00.000078]
02a_intensity_preprocess	    251	00.846943	(00.003374 +- 00.000489)	[00.001443,00.007316]
03_undistortion         	    249	00.237116	(00.000952 +- 00.000178)	[00.000297,00.008355]
04_sampling             	    248	00.148595	(00.000599 +- 00.000083)	[00.000241,00.002759]
04b_intensity_sampling  	    248	00.214340	(00.000864 +- 00.000159)	[00.000317,00.003066]
05_registration         	    248	01.139785	(00.004596 +- 00.000829)	[00.001159,00.013137]
06_map                  	    248	00.244850	(00.000987 +- 00.000209)	[00.000305,00.002346]
07_imu_opt              	    248	00.322117	(00.001299 +- 00.000218)	[00.000002,00.004487]
08_publish              	    248	03.234450	(00.013042 +- 00.002610)	[00.003309,00.028945]
step                    	    251	06.520404	(00.025978 +- 00.004209)	[00.006246,00.057703]

INFO  Timings:
SM Timing
-----------
00_conversion_livox     	    253	03.019938	(00.011937 +- 00.000980)	[00.009541,00.027519]
01_filter               	    252	00.087069	(00.000346 +- 00.000062)	[00.000161,00.002554]
02_preint               	    250	00.009200	(00.000037 +- 00.000007)	[00.000025,00.000078]
02a_intensity_preprocess	    252	00.848688	(00.003368 +- 00.000485)	[00.001443,00.007316]
03_undistortion         	    250	00.237646	(00.000951 +- 00.000177)	[00.000297,00.008355]
04_sampling             	    249	00.148956	(00.000598 +- 00.000082)	[00.000241,00.002759]
04b_intensity_sampling  	    249	00.214886	(00.000863 +- 00.000157)	[00.000317,00.003066]
05_registration         	    249	01.141912	(00.004586 +- 00.000831)	[00.001159,00.013137]
06_map                  	    249	00.245376	(00.000985 +- 00.000208)	[00.000305,00.002346]
07_imu_opt              	    249	00.323205	(00.001298 +- 00.000223)	[00.000002,00.004487]
08_publish              	    249	03.239864	(00.013012 +- 00.002576)	[00.003309,00.028945]
step                    	    252	06.532999	(00.025925 +- 00.004187)	[00.006246,00.057703]

INFO  Timings:
SM Timing
-----------
00_conversion_livox     	    254	03.029781	(00.011928 +- 00.000983)	[00.009541,00.027519]
01_filter               	    253	00.087301	(00.000345 +- 00.000061)	[00.000161,00.002554]
02_preint               	    251	00.009226	(00.000037 +- 00.000007)	[00.000025,00.000078]
02a_intensity_preprocess	    253	00.850480	(00.003362 +- 00.000478)	[00.001443,00.007316]
03_undistortion         	    251	00.238234	(00.000949 +- 00.000176)	[00.000297,00.008355]
04_sampling             	    250	00.149364	(00.000597 +- 00.000077)	[00.000241,00.002759]
04b_intensity_sampling  	    250	00.215411	(00.000862 +- 00.000155)	[00.000317,00.003066]
05_registration         	    250	01.144049	(00.004576 +- 00.000829)	[00.001159,00.013137]
06_map                  	    250	00.245911	(00.000984 +- 00.000204)	[00.000305,00.002346]
07_imu_opt              	    250	00.324713	(00.001299 +- 00.000223)	[00.000002,00.004487]
08_publish              	    250	03.245584	(00.012982 +- 00.002527)	[00.003309,00.028945]
step                    	    253	06.546522	(00.025876 +- 00.004115)	[00.006246,00.057703]

INFO  Timings:
SM Timing
-----------
00_conversion_livox     	    255	03.039605	(00.011920 +- 00.000989)	[00.009541,00.027519]
01_filter               	    254	00.087513	(00.000345 +- 00.000062)	[00.000161,00.002554]
02_preint               	    252	00.009252	(00.000037 +- 00.000007)	[00.000025,00.000078]
02a_intensity_preprocess	    254	00.852358	(00.003356 +- 00.000469)	[00.001443,00.007316]
03_undistortion         	    252	00.238793	(00.000948 +- 00.000174)	[00.000297,00.008355]
04_sampling             	    251	00.149688	(00.000596 +- 00.000077)	[00.000241,00.002759]
04b_intensity_sampling  	    251	00.215944	(00.000860 +- 00.000155)	[00.000317,00.003066]
05_registration         	    251	01.146210	(00.004567 +- 00.000813)	[00.001159,00.013137]
06_map                  	    251	00.246467	(00.000982 +- 00.000201)	[00.000305,00.002346]
07_imu_opt              	    251	00.325876	(00.001298 +- 00.000226)	[00.000002,00.004487]
08_publish              	    251	03.251351	(00.012954 +- 00.002481)	[00.003309,00.028945]
step                    	    254	06.559766	(00.025826 +- 00.004042)	[00.006246,00.057703]

INFO  Timings:
SM Timing
-----------
00_conversion_livox     	    256	03.049325	(00.011911 +- 00.000997)	[00.009541,00.027519]
01_filter               	    255	00.087723	(00.000344 +- 00.000060)	[00.000161,00.002554]
02_preint               	    253	00.009279	(00.000037 +- 00.000007)	[00.000025,00.000078]
02a_intensity_preprocess	    255	00.854294	(00.003350 +- 00.000461)	[00.001443,00.007316]
03_undistortion         	    253	00.239432	(00.000946 +- 00.000173)	[00.000297,00.008355]
04_sampling             	    252	00.150044	(00.000595 +- 00.000074)	[00.000241,00.002759]
04b_intensity_sampling  	    252	00.216479	(00.000859 +- 00.000153)	[00.000317,00.003066]
05_registration         	    252	01.149086	(00.004560 +- 00.000812)	[00.001159,00.013137]
06_map                  	    252	00.248090	(00.000984 +- 00.000237)	[00.000305,00.002346]
07_imu_opt              	    252	00.327184	(00.001298 +- 00.000226)	[00.000002,00.004487]
08_publish              	    252	03.257493	(00.012927 +- 00.002425)	[00.003309,00.028945]
step                    	    255	06.575483	(00.025786 +- 00.003952)	[00.006246,00.057703]

INFO  Timings:
SM Timing
-----------
00_conversion_livox     	    257	03.059068	(00.011903 +- 00.001005)	[00.009541,00.027519]
01_filter               	    256	00.087936	(00.000344 +- 00.000060)	[00.000161,00.002554]
02_preint               	    254	00.009306	(00.000037 +- 00.000007)	[00.000025,00.000078]
02a_intensity_preprocess	    256	00.856207	(00.003345 +- 00.000454)	[00.001443,00.007316]
03_undistortion         	    254	00.239965	(00.000945 +- 00.000171)	[00.000297,00.008355]
04_sampling             	    253	00.150364	(00.000594 +- 00.000074)	[00.000241,00.002759]
04b_intensity_sampling  	    253	00.216986	(00.000858 +- 00.000153)	[00.000317,00.003066]
05_registration         	    253	01.150563	(00.004548 +- 00.000667)	[00.001159,00.013137]
06_map                  	    253	00.248725	(00.000983 +- 00.000232)	[00.000305,00.002346]
07_imu_opt              	    253	00.328336	(00.001298 +- 00.000228)	[00.000002,00.004487]
08_publish              	    253	03.263879	(00.012901 +- 00.002352)	[00.003309,00.028945]
step                    	    256	06.588720	(00.025737 +- 00.003770)	[00.006246,00.057703]

INFO  Timings:
SM Timing
-----------
00_conversion_livox     	    258	03.068773	(00.011894 +- 00.001013)	[00.009541,00.027519]
01_filter               	    257	00.088146	(00.000343 +- 00.000058)	[00.000161,00.002554]
02_preint               	    255	00.009332	(00.000037 +- 00.000007)	[00.000025,00.000078]
02a_intensity_preprocess	    257	00.858269	(00.003340 +- 00.000443)	[00.001443,00.007316]
03_undistortion         	    255	00.241219	(00.000946 +- 00.000187)	[00.000297,00.008355]
04_sampling             	    254	00.150772	(00.000594 +- 00.000074)	[00.000241,00.002759]
04b_intensity_sampling  	    254	00.217649	(00.000857 +- 00.000151)	[00.000317,00.003066]
05_registration         	    254	01.152534	(00.004538 +- 00.000670)	[00.001159,00.013137]
06_map                  	    254	00.249337	(00.000982 +- 00.000227)	[00.000305,00.002346]
07_imu_opt              	    254	00.329430	(00.001297 +- 00.000231)	[00.000002,00.004487]
08_publish              	    254	03.270578	(00.012876 +- 00.002295)	[00.003309,00.028945]
step                    	    257	06.603780	(00.025696 +- 00.003701)	[00.006246,00.057703]

INFO  Timings:
SM Timing
-----------
00_conversion_livox     	    259	03.078312	(00.011885 +- 00.001023)	[00.009539,00.027519]
01_filter               	    258	00.088362	(00.000342 +- 00.000058)	[00.000161,00.002554]
02_preint               	    256	00.009359	(00.000037 +- 00.000007)	[00.000025,00.000078]
02a_intensity_preprocess	    258	00.860374	(00.003335 +- 00.000434)	[00.001443,00.007316]
03_undistortion         	    256	00.241902	(00.000945 +- 00.000177)	[00.000297,00.008355]
04_sampling             	    255	00.151171	(00.000593 +- 00.000069)	[00.000241,00.002759]
04b_intensity_sampling  	    255	00.218189	(00.000856 +- 00.000148)	[00.000317,00.003066]
05_registration         	    255	01.154129	(00.004526 +- 00.000670)	[00.001159,00.013137]
06_map                  	    255	00.249930	(00.000980 +- 00.000221)	[00.000305,00.002346]
07_imu_opt              	    255	00.330493	(00.001296 +- 00.000235)	[00.000002,00.004487]
08_publish              	    255	03.277688	(00.012854 +- 00.002228)	[00.003309,00.028945]
step                    	    258	06.618180	(00.025652 +- 00.003594)	[00.006246,00.057703]

INFO  Timings:
SM Timing
-----------
00_conversion_livox     	    260	03.087987	(00.011877 +- 00.001031)	[00.009539,00.027519]
01_filter               	    259	00.088627	(00.000342 +- 00.000052)	[00.000161,00.002554]
02_preint               	    257	00.009387	(00.000037 +- 00.000007)	[00.000025,00.000078]
02a_intensity_preprocess	    259	00.862549	(00.003330 +- 00.000419)	[00.001443,00.007316]
03_undistortion         	    257	00.242695	(00.000944 +- 00.000175)	[00.000297,00.008355]
04_sampling             	    256	00.151608	(00.000592 +- 00.000068)	[00.000241,00.002759]
04b_intensity_sampling  	    256	00.219132	(00.000856 +- 00.000151)	[00.000317,00.003066]
05_registration         	    256	01.156219	(00.004516 +- 00.000669)	[00.001159,00.013137]
06_map                  	    256	00.250577	(00.000979 +- 00.000210)	[00.000305,00.002346]
07_imu_opt              	    256	00.331742	(00.001296 +- 00.000236)	[00.000002,00.004487]
08_publish              	    256	03.285616	(00.012834 +- 00.002164)	[00.003309,00.028945]
step                    	    259	06.634801	(00.025617 +- 00.003487)	[00.006246,00.057703]

INFO  Timings:
SM Timing
-----------
00_conversion_livox     	    261	03.097698	(00.011869 +- 00.001036)	[00.009539,00.027519]
01_filter               	    260	00.088872	(00.000342 +- 00.000052)	[00.000161,00.002554]
02_preint               	    258	00.009415	(00.000036 +- 00.000008)	[00.000025,00.000078]
02a_intensity_preprocess	    260	00.864879	(00.003326 +- 00.000411)	[00.001443,00.007316]
03_undistortion         	    258	00.243508	(00.000944 +- 00.000172)	[00.000297,00.008355]
04_sampling             	    257	00.151977	(00.000591 +- 00.000067)	[00.000241,00.002759]
04b_intensity_sampling  	    257	00.219806	(00.000855 +- 00.000150)	[00.000317,00.003066]
05_registration         	    257	01.158677	(00.004508 +- 00.000668)	[00.001159,00.013137]
06_map                  	    257	00.251325	(00.000978 +- 00.000207)	[00.000305,00.002346]
07_imu_opt              	    257	00.332875	(00.001295 +- 00.000237)	[00.000002,00.004487]
08_publish              	    257	03.294396	(00.012819 +- 00.002126)	[00.003309,00.028945]
step                    	    260	06.652436	(00.025586 +- 00.003433)	[00.006246,00.057703]

INFO  Timings:
SM Timing
-----------
00_conversion_livox     	    262	03.107540	(00.011861 +- 00.001036)	[00.009539,00.027519]
01_filter               	    261	00.089098	(00.000341 +- 00.000051)	[00.000161,00.002554]
02_preint               	    259	00.009441	(00.000036 +- 00.000008)	[00.000025,00.000078]
02a_intensity_preprocess	    261	00.867302	(00.003323 +- 00.000405)	[00.001443,00.007316]
03_undistortion         	    259	00.244307	(00.000943 +- 00.000172)	[00.000297,00.008355]
04_sampling             	    258	00.152363	(00.000591 +- 00.000066)	[00.000241,00.002759]
04b_intensity_sampling  	    258	00.220422	(00.000854 +- 00.000141)	[00.000317,00.003066]
05_registration         	    258	01.161634	(00.004502 +- 00.000656)	[00.001159,00.013137]
06_map                  	    258	00.252047	(00.000977 +- 00.000200)	[00.000305,00.002346]
07_imu_opt              	    258	00.333997	(00.001295 +- 00.000237)	[00.000002,00.004487]
08_publish              	    258	03.303660	(00.012805 +- 00.002094)	[00.003309,00.028945]
step                    	    261	06.671045	(00.025560 +- 00.003358)	[00.006246,00.057703]

INFO  Timings:
SM Timing
-----------
00_conversion_livox     	    263	03.117545	(00.011854 +- 00.001038)	[00.009539,00.027519]
01_filter               	    262	00.089337	(00.000341 +- 00.000051)	[00.000161,00.002554]
02_preint               	    260	00.009467	(00.000036 +- 00.000008)	[00.000025,00.000078]
02a_intensity_preprocess	    262	00.869835	(00.003320 +- 00.000396)	[00.001443,00.007316]
03_undistortion         	    260	00.245112	(00.000943 +- 00.000171)	[00.000297,00.008355]
04_sampling             	    259	00.152804	(00.000590 +- 00.000066)	[00.000241,00.002759]
04b_intensity_sampling  	    259	00.221061	(00.000854 +- 00.000140)	[00.000317,00.003066]
05_registration         	    259	01.163576	(00.004493 +- 00.000657)	[00.001159,00.013137]
06_map                  	    259	00.252800	(00.000976 +- 00.000196)	[00.000305,00.002346]
07_imu_opt              	    259	00.335121	(00.001294 +- 00.000240)	[00.000002,00.004487]
08_publish              	    259	03.313045	(00.012792 +- 00.002047)	[00.003309,00.028945]
step                    	    262	06.689004	(00.025531 +- 00.003286)	[00.006246,00.057703]

INFO  Timings:
SM Timing
-----------
00_conversion_livox     	    264	03.127533	(00.011847 +- 00.001041)	[00.009539,00.027519]
01_filter               	    263	00.089572	(00.000341 +- 00.000049)	[00.000161,00.002554]
02_preint               	    261	00.009494	(00.000036 +- 00.000008)	[00.000025,00.000078]
02a_intensity_preprocess	    263	00.872330	(00.003317 +- 00.000387)	[00.001443,00.007316]
03_undistortion         	    261	00.246344	(00.000944 +- 00.000189)	[00.000297,00.008355]
04_sampling             	    260	00.153328	(00.000590 +- 00.000069)	[00.000241,00.002759]
04b_intensity_sampling  	    260	00.221941	(00.000854 +- 00.000141)	[00.000317,00.003066]
05_registration         	    260	01.167871	(00.004492 +- 00.000702)	[00.001159,00.013137]
06_map                  	    260	00.253453	(00.000975 +- 00.000193)	[00.000305,00.002346]
07_imu_opt              	    260	00.336219	(00.001293 +- 00.000243)	[00.000002,00.004487]
08_publish              	    260	03.322049	(00.012777 +- 00.001994)	[00.003309,00.028945]
step                    	    263	06.709521	(00.025511 +- 00.003253)	[00.006246,00.057703]

INFO  Timings:
SM Timing
-----------
00_conversion_livox     	    265	03.137558	(00.011840 +- 00.001042)	[00.009539,00.027519]
01_filter               	    264	00.089786	(00.000340 +- 00.000049)	[00.000161,00.002554]
02_preint               	    262	00.009530	(00.000036 +- 00.000008)	[00.000025,00.000078]
02a_intensity_preprocess	    264	00.874670	(00.003313 +- 00.000379)	[00.001443,00.007316]
03_undistortion         	    262	00.247060	(00.000943 +- 00.000188)	[00.000297,00.008355]
04_sampling             	    261	00.153713	(00.000589 +- 00.000068)	[00.000241,00.002759]
04b_intensity_sampling  	    261	00.222658	(00.000853 +- 00.000138)	[00.000317,00.003066]
05_registration         	    261	01.169698	(00.004482 +- 00.000698)	[00.001159,00.013137]
06_map                  	    261	00.254284	(00.000974 +- 00.000193)	[00.000305,00.002346]
07_imu_opt              	    261	00.337323	(00.001292 +- 00.000245)	[00.000002,00.004487]
08_publish              	    261	03.330237	(00.012760 +- 00.001949)	[00.003309,00.028945]
step                    	    264	06.725935	(00.025477 +- 00.003175)	[00.006246,00.057703]

INFO  Timings:
SM Timing
-----------
00_conversion_livox     	    266	03.147816	(00.011834 +- 00.001040)	[00.009539,00.027519]
01_filter               	    265	00.090021	(00.000340 +- 00.000049)	[00.000161,00.002554]
02_preint               	    263	00.009567	(00.000036 +- 00.000008)	[00.000025,00.000078]
02a_intensity_preprocess	    265	00.876930	(00.003309 +- 00.000373)	[00.001443,00.007316]
03_undistortion         	    263	00.247811	(00.000942 +- 00.000187)	[00.000297,00.008355]
04_sampling             	    262	00.154087	(00.000588 +- 00.000067)	[00.000241,00.002759]
04b_intensity_sampling  	    262	00.223406	(00.000853 +- 00.000132)	[00.000317,00.003066]
05_registration         	    262	01.171781	(00.004472 +- 00.000699)	[00.001159,00.013137]
06_map                  	    262	00.255048	(00.000973 +- 00.000192)	[00.000305,00.002346]
07_imu_opt              	    262	00.338558	(00.001292 +- 00.000245)	[00.000002,00.004487]
08_publish              	    262	03.338225	(00.012741 +- 00.001923)	[00.003309,00.028945]
step                    	    265	06.742484	(00.025443 +- 00.003141)	[00.006246,00.057703]

INFO  Timings:
SM Timing
-----------
00_conversion_livox     	    267	03.158218	(00.011829 +- 00.001037)	[00.009539,00.027519]
01_filter               	    266	00.090313	(00.000340 +- 00.000050)	[00.000161,00.002554]
02_preint               	    264	00.009603	(00.000036 +- 00.000008)	[00.000025,00.000078]
02a_intensity_preprocess	    266	00.879086	(00.003305 +- 00.000370)	[00.001443,00.007316]
03_undistortion         	    264	00.248570	(00.000942 +- 00.000187)	[00.000297,00.008355]
04_sampling             	    263	00.154509	(00.000587 +- 00.000067)	[00.000241,00.002759]
04b_intensity_sampling  	    263	00.224038	(00.000852 +- 00.000131)	[00.000317,00.003066]
05_registration         	    263	01.174070	(00.004464 +- 00.000696)	[00.001159,00.013137]
06_map                  	    263	00.255902	(00.000973 +- 00.000194)	[00.000305,00.002346]
07_imu_opt              	    263	00.339713	(00.001292 +- 00.000245)	[00.000002,00.004487]
08_publish              	    263	03.345791	(00.012722 +- 00.001900)	[00.003309,00.028945]
step                    	    266	06.758719	(00.025409 +- 00.003127)	[00.006246,00.057703]

INFO  Timings:
SM Timing
-----------
00_conversion_livox     	    268	03.168450	(00.011823 +- 00.001032)	[00.009539,00.027519]
01_filter               	    267	00.090580	(00.000339 +- 00.000050)	[00.000161,00.002554]
02_preint               	    265	00.009638	(00.000036 +- 00.000008)	[00.000025,00.000078]
02a_intensity_preprocess	    267	00.881382	(00.003301 +- 00.000369)	[00.001443,00.007316]
03_undistortion         	    265	00.249286	(00.000941 +- 00.000187)	[00.000297,00.008355]
04_sampling             	    264	00.154925	(00.000587 +- 00.000066)	[00.000241,00.002759]
04b_intensity_sampling  	    264	00.224633	(00.000851 +- 00.000121)	[00.000317,00.003066]
05_registration         	    264	01.176114	(00.004455 +- 00.000680)	[00.001159,00.013137]
06_map                  	    264	00.256509	(00.000972 +- 00.000193)	[00.000305,00.002346]
07_imu_opt              	    264	00.341157	(00.001292 +- 00.000245)	[00.000002,00.004487]
08_publish              	    264	03.353808	(00.012704 +- 00.001888)	[00.003309,00.028945]
step                    	    267	06.775225	(00.025375 +- 00.003086)	[00.006246,00.057703]

INFO  Timings:
SM Timing
-----------
00_conversion_livox     	    269	03.178621	(00.011816 +- 00.001030)	[00.009539,00.027519]
01_filter               	    268	00.090815	(00.000339 +- 00.000050)	[00.000161,00.002554]
02_preint               	    266	00.009674	(00.000036 +- 00.000008)	[00.000025,00.000078]
02a_intensity_preprocess	    268	00.883694	(00.003297 +- 00.000367)	[00.001443,00.007316]
03_undistortion         	    266	00.250070	(00.000940 +- 00.000186)	[00.000297,00.008355]
04_sampling             	    265	00.155394	(00.000586 +- 00.000067)	[00.000241,00.002759]
04b_intensity_sampling  	    265	00.225257	(00.000850 +- 00.000121)	[00.000317,00.003066]
05_registration         	    265	01.178889	(00.004449 +- 00.000661)	[00.001159,00.013137]
06_map                  	    265	00.257222	(00.000971 +- 00.000193)	[00.000305,00.002346]
07_imu_opt              	    265	00.343066	(00.001295 +- 00.000255)	[00.000002,00.004487]
08_publish              	    265	03.362282	(00.012688 +- 00.001887)	[00.003309,00.028945]
step                    	    268	06.793616	(00.025349 +- 00.003076)	[00.006246,00.057703]

INFO  Timings:
SM Timing
-----------
00_conversion_livox     	    270	03.188660	(00.011810 +- 00.001032)	[00.009539,00.027519]
01_filter               	    269	00.091025	(00.000338 +- 00.000050)	[00.000161,00.002554]
02_preint               	    267	00.009710	(00.000036 +- 00.000008)	[00.000025,00.000078]
02a_intensity_preprocess	    269	00.886074	(00.003294 +- 00.000366)	[00.001443,00.007316]
03_undistortion         	    267	00.250890	(00.000940 +- 00.000187)	[00.000297,00.008355]
04_sampling             	    266	00.155805	(00.000586 +- 00.000067)	[00.000241,00.002759]
04b_intensity_sampling  	    266	00.225967	(00.000850 +- 00.000122)	[00.000317,00.003066]
05_registration         	    266	01.180807	(00.004439 +- 00.000662)	[00.001159,00.013137]
06_map                  	    266	00.257919	(00.000970 +- 00.000190)	[00.000305,00.002346]
07_imu_opt              	    266	00.344200	(00.001294 +- 00.000256)	[00.000002,00.004487]
08_publish              	    266	03.371177	(00.012674 +- 00.001891)	[00.003309,00.028945]
step                    	    269	06.810899	(00.025319 +- 00.003067)	[00.006246,00.057703]

INFO  Timings:
SM Timing
-----------
00_conversion_livox     	    271	03.198507	(00.011803 +- 00.001037)	[00.009539,00.027519]
01_filter               	    270	00.091315	(00.000338 +- 00.000051)	[00.000161,00.002554]
02_preint               	    268	00.009736	(00.000036 +- 00.000008)	[00.000025,00.000078]
02a_intensity_preprocess	    270	00.888469	(00.003291 +- 00.000366)	[00.001443,00.007316]
03_undistortion         	    268	00.251971	(00.000940 +- 00.000196)	[00.000297,00.008355]
04_sampling             	    267	00.156334	(00.000586 +- 00.000070)	[00.000241,00.002759]
04b_intensity_sampling  	    267	00.226691	(00.000849 +- 00.000123)	[00.000317,00.003066]
05_registration         	    267	01.183371	(00.004432 +- 00.000662)	[00.001159,00.013137]
06_map                  	    267	00.258666	(00.000969 +- 00.000191)	[00.000305,00.002346]
07_imu_opt              	    267	00.345314	(00.001293 +- 00.000259)	[00.000002,00.004487]
08_publish              	    267	03.380364	(00.012661 +- 00.001901)	[00.003309,00.028945]
step                    	    270	06.829626	(00.025295 +- 00.003084)	[00.006246,00.057703]

INFO  Timings:
SM Timing
-----------
00_conversion_livox     	    272	03.208448	(00.011796 +- 00.001040)	[00.009539,00.027519]
01_filter               	    271	00.091589	(00.000338 +- 00.000051)	[00.000161,00.002554]
02_preint               	    269	00.009763	(00.000036 +- 00.000008)	[00.000025,00.000078]
02a_intensity_preprocess	    271	00.890924	(00.003288 +- 00.000366)	[00.001443,00.007316]
03_undistortion         	    269	00.252775	(00.000940 +- 00.000196)	[00.000297,00.008355]
04_sampling             	    268	00.156805	(00.000585 +- 00.000071)	[00.000241,00.002759]
04b_intensity_sampling  	    268	00.227388	(00.000848 +- 00.000123)	[00.000317,00.003066]
05_registration         	    268	01.186016	(00.004425 +- 00.000663)	[00.001159,00.013137]
06_map                  	    268	00.259324	(00.000968 +- 00.000191)	[00.000305,00.002346]
07_imu_opt              	    268	00.346403	(00.001293 +- 00.000261)	[00.000002,00.004487]
08_publish              	    268	03.389484	(00.012647 +- 00.001909)	[00.003309,00.028945]
step                    	    271	06.847937	(00.025269 +- 00.003093)	[00.006246,00.057703]

INFO  Timings:
SM Timing
-----------
00_conversion_livox     	    273	03.218445	(00.011789 +- 00.001041)	[00.009539,00.027519]
01_filter               	    272	00.091807	(00.000338 +- 00.000051)	[00.000161,00.002554]
02_preint               	    270	00.009793	(00.000036 +- 00.000008)	[00.000025,00.000078]
02a_intensity_preprocess	    272	00.893364	(00.003284 +- 00.000366)	[00.001443,00.007316]
03_undistortion         	    270	00.253557	(00.000939 +- 00.000196)	[00.000297,00.008355]
04_sampling             	    269	00.157276	(00.000585 +- 00.000072)	[00.000241,00.002759]
04b_intensity_sampling  	    269	00.228289	(00.000849 +- 00.000128)	[00.000317,00.003066]
05_registration         	    269	01.188819	(00.004419 +- 00.000660)	[00.001159,00.013137]
06_map                  	    269	00.260053	(00.000967 +- 00.000186)	[00.000305,00.002346]
07_imu_opt              	    269	00.347627	(00.001292 +- 00.000261)	[00.000002,00.004487]
08_publish              	    269	03.398761	(00.012635 +- 00.001922)	[00.003309,00.028945]
step                    	    272	06.866881	(00.025246 +- 00.003101)	[00.006246,00.057703]

INFO  Timings:
SM Timing
-----------
00_conversion_livox     	    274	03.228846	(00.011784 +- 00.001036)	[00.009539,00.027519]
01_filter               	    273	00.092063	(00.000337 +- 00.000051)	[00.000161,00.002554]
02_preint               	    271	00.009830	(00.000036 +- 00.000008)	[00.000025,00.000078]
02a_intensity_preprocess	    273	00.895892	(00.003282 +- 00.000369)	[00.001443,00.007316]
03_undistortion         	    271	00.254317	(00.000938 +- 00.000196)	[00.000297,00.008355]
04_sampling             	    270	00.157720	(00.000584 +- 00.000073)	[00.000241,00.002759]
04b_intensity_sampling  	    270	00.228938	(00.000848 +- 00.000128)	[00.000317,00.003066]
05_registration         	    270	01.191354	(00.004412 +- 00.000661)	[00.001159,00.013137]
06_map                  	    270	00.260989	(00.000967 +- 00.000191)	[00.000305,00.002346]
07_imu_opt              	    270	00.348859	(00.001292 +- 00.000261)	[00.000002,00.004487]
08_publish              	    270	03.408165	(00.012623 +- 00.001941)	[00.003309,00.028945]
step                    	    273	06.885729	(00.025222 +- 00.003130)	[00.006246,00.057703]

INFO  Timings:
SM Timing
-----------
00_conversion_livox     	    275	03.239258	(00.011779 +- 00.001032)	[00.009539,00.027519]
01_filter               	    274	00.092287	(00.000337 +- 00.000051)	[00.000161,00.002554]
02_preint               	    272	00.009865	(00.000036 +- 00.000008)	[00.000025,00.000078]
02a_intensity_preprocess	    274	00.898418	(00.003279 +- 00.000372)	[00.001443,00.007316]
03_undistortion         	    272	00.255096	(00.000938 +- 00.000196)	[00.000297,00.008355]
04_sampling             	    271	00.158102	(00.000583 +- 00.000072)	[00.000241,00.002759]
04b_intensity_sampling  	    271	00.229604	(00.000847 +- 00.000127)	[00.000317,00.003066]
05_registration         	    271	01.193600	(00.004404 +- 00.000659)	[00.001159,00.013137]
06_map                  	    271	00.261720	(00.000966 +- 00.000191)	[00.000305,00.002346]
07_imu_opt              	    271	00.350045	(00.001292 +- 00.000262)	[00.000002,00.004487]
08_publish              	    271	03.417595	(00.012611 +- 00.001962)	[00.003309,00.028945]
step                    	    274	06.904006	(00.025197 +- 00.003137)	[00.006246,00.057703]

INFO  Timings:
SM Timing
-----------
00_conversion_livox     	    276	03.249550	(00.011774 +- 00.001029)	[00.009539,00.027519]
01_filter               	    275	00.092558	(00.000337 +- 00.000051)	[00.000161,00.002554]
02_preint               	    273	00.009902	(00.000036 +- 00.000008)	[00.000025,00.000078]
02a_intensity_preprocess	    275	00.900875	(00.003276 +- 00.000373)	[00.001443,00.007316]
03_undistortion         	    273	00.256055	(00.000938 +- 00.000200)	[00.000297,00.008355]
04_sampling             	    272	00.158670	(00.000583 +- 00.000077)	[00.000241,00.002759]
04b_intensity_sampling  	    272	00.230396	(00.000847 +- 00.000129)	[00.000317,00.003066]
05_registration         	    272	01.196129	(00.004398 +- 00.000659)	[00.001159,00.013137]
06_map                  	    272	00.262528	(00.000965 +- 00.000192)	[00.000305,00.002346]
07_imu_opt              	    272	00.351222	(00.001291 +- 00.000264)	[00.000002,00.004487]
08_publish              	    272	03.427155	(00.012600 +- 00.001985)	[00.003309,00.028945]
step                    	    275	06.923237	(00.025175 +- 00.003170)	[00.006246,00.057703]

INFO  Timings:
SM Timing
-----------
00_conversion_livox     	    277	03.259934	(00.011769 +- 00.001026)	[00.009539,00.027519]
01_filter               	    276	00.092848	(00.000336 +- 00.000045)	[00.000161,00.002554]
02_preint               	    274	00.009939	(00.000036 +- 00.000008)	[00.000025,00.000078]
02a_intensity_preprocess	    276	00.903548	(00.003274 +- 00.000379)	[00.001443,00.007316]
03_undistortion         	    274	00.256923	(00.000938 +- 00.000201)	[00.000297,00.008355]
04_sampling             	    273	00.159121	(00.000583 +- 00.000077)	[00.000241,00.002759]
04b_intensity_sampling  	    273	00.231115	(00.000847 +- 00.000130)	[00.000317,00.003066]
05_registration         	    273	01.199423	(00.004393 +- 00.000658)	[00.001159,00.013137]
06_map                  	    273	00.263429	(00.000965 +- 00.000196)	[00.000305,00.002346]
07_imu_opt              	    273	00.352694	(00.001292 +- 00.000263)	[00.000002,00.004487]
08_publish              	    273	03.437349	(00.012591 +- 00.002024)	[00.003309,00.028945]
step                    	    276	06.944205	(00.025160 +- 00.003236)	[00.006246,00.057703]

INFO  Timings:
SM Timing
-----------
00_conversion_livox     	    278	03.270238	(00.011763 +- 00.001025)	[00.009539,00.027519]
01_filter               	    277	00.093154	(00.000336 +- 00.000046)	[00.000161,00.002554]
02_preint               	    275	00.009974	(00.000036 +- 00.000008)	[00.000025,00.000078]
02a_intensity_preprocess	    277	00.906226	(00.003272 +- 00.000384)	[00.001443,00.007316]
03_undistortion         	    275	00.257806	(00.000937 +- 00.000204)	[00.000297,00.008355]
04_sampling             	    274	00.159545	(00.000582 +- 00.000077)	[00.000241,00.002759]
04b_intensity_sampling  	    274	00.231799	(00.000846 +- 00.000129)	[00.000317,00.003066]
05_registration         	    274	01.203336	(00.004392 +- 00.000689)	[00.001159,00.013137]
06_map                  	    274	00.264289	(00.000965 +- 00.000197)	[00.000305,00.002346]
07_imu_opt              	    274	00.353856	(00.001291 +- 00.000265)	[00.000002,00.004487]
08_publish              	    274	03.448204	(00.012585 +- 00.002085)	[00.003309,00.028945]
step                    	    277	06.966074	(00.025148 +- 00.003334)	[00.006246,00.057703]

INFO  Timings:
SM Timing
-----------
00_conversion_livox     	    279	03.281309	(00.011761 +- 00.001027)	[00.009539,00.027519]
01_filter               	    278	00.093377	(00.000336 +- 00.000046)	[00.000161,00.002554]
02_preint               	    276	00.010011	(00.000036 +- 00.000008)	[00.000025,00.000078]
02a_intensity_preprocess	    278	00.909052	(00.003270 +- 00.000392)	[00.001443,00.007316]
03_undistortion         	    276	00.258727	(00.000937 +- 00.000206)	[00.000297,00.008355]
04_sampling             	    275	00.160061	(00.000582 +- 00.000079)	[00.000241,00.002759]
04b_intensity_sampling  	    275	00.232508	(00.000845 +- 00.000130)	[00.000317,00.003066]
05_registration         	    275	01.206188	(00.004386 +- 00.000685)	[00.001159,00.013137]
06_map                  	    275	00.265032	(00.000964 +- 00.000198)	[00.000305,00.002346]
07_imu_opt              	    275	00.355084	(00.001291 +- 00.000264)	[00.000002,00.004487]
08_publish              	    275	03.459352	(00.012579 +- 00.002146)	[00.003309,00.028945]
step                    	    278	06.987348	(00.025134 +- 00.003399)	[00.006246,00.057703]

INFO  Timings:
SM Timing
-----------
00_conversion_livox     	    280	03.291801	(00.011756 +- 00.001022)	[00.009539,00.027519]
01_filter               	    279	00.093723	(00.000336 +- 00.000048)	[00.000161,00.002554]
02_preint               	    277	00.010047	(00.000036 +- 00.000008)	[00.000025,00.000078]
02a_intensity_preprocess	    279	00.911925	(00.003269 +- 00.000398)	[00.001443,00.007316]
03_undistortion         	    277	00.259497	(00.000937 +- 00.000206)	[00.000297,00.008355]
04_sampling             	    276	00.160549	(00.000582 +- 00.000080)	[00.000241,00.002759]
04b_intensity_sampling  	    276	00.233285	(00.000845 +- 00.000132)	[00.000317,00.003066]
05_registration         	    276	01.208800	(00.004380 +- 00.000683)	[00.001159,00.013137]
06_map                  	    276	00.265864	(00.000963 +- 00.000199)	[00.000305,00.002346]
07_imu_opt              	    276	00.356415	(00.001291 +- 00.000264)	[00.000002,00.004487]
08_publish              	    276	03.470677	(00.012575 +- 00.002207)	[00.003309,00.028945]
step                    	    279	07.008803	(00.025121 +- 00.003477)	[00.006246,00.057703]

INFO  Timings:
SM Timing
-----------
00_conversion_livox     	    281	03.302916	(00.011754 +- 00.001003)	[00.009539,00.027519]
01_filter               	    280	00.094021	(00.000336 +- 00.000048)	[00.000161,00.002554]
02_preint               	    278	00.010082	(00.000036 +- 00.000008)	[00.000025,00.000078]
02a_intensity_preprocess	    280	00.914783	(00.003267 +- 00.000400)	[00.001443,00.007316]
03_undistortion         	    278	00.260355	(00.000937 +- 00.000208)	[00.000297,00.008355]
04_sampling             	    277	00.161044	(00.000581 +- 00.000081)	[00.000241,00.002759]
04b_intensity_sampling  	    277	00.234090	(00.000845 +- 00.000135)	[00.000317,00.003066]
05_registration         	    277	01.211740	(00.004375 +- 00.000629)	[00.001159,00.013137]
06_map                  	    277	00.266763	(00.000963 +- 00.000202)	[00.000305,00.002346]
07_imu_opt              	    277	00.357676	(00.001291 +- 00.000263)	[00.000002,00.004487]
08_publish              	    277	03.481968	(00.012570 +- 00.002262)	[00.003309,00.028945]
step                    	    280	07.030617	(00.025109 +- 00.003506)	[00.006246,00.057703]

INFO  Timings:
SM Timing
-----------
00_conversion_livox     	    282	03.313222	(00.011749 +- 00.000976)	[00.009539,00.027519]
01_filter               	    281	00.094366	(00.000336 +- 00.000050)	[00.000161,00.002554]
02_preint               	    279	00.010130	(00.000036 +- 00.000008)	[00.000025,00.000078]
02a_intensity_preprocess	    281	00.917595	(00.003265 +- 00.000404)	[00.001443,00.007316]
03_undistortion         	    279	00.261219	(00.000936 +- 00.000208)	[00.000297,00.008355]
04_sampling             	    278	00.161528	(00.000581 +- 00.000082)	[00.000241,00.002759]
04b_intensity_sampling  	    278	00.235062	(00.000846 +- 00.000144)	[00.000317,00.003066]
05_registration         	    278	01.214315	(00.004368 +- 00.000623)	[00.001159,00.013137]
06_map                  	    278	00.267613	(00.000963 +- 00.000204)	[00.000305,00.002346]
07_imu_opt              	    278	00.358903	(00.001291 +- 00.000246)	[00.000002,00.004487]
08_publish              	    278	03.492757	(00.012564 +- 00.002307)	[00.003309,00.028945]
step                    	    281	07.051678	(00.025095 +- 00.003550)	[00.006246,00.057703]

INFO  Timings:
SM Timing
-----------
00_conversion_livox     	    283	03.324338	(00.011747 +- 00.000940)	[00.009539,00.027519]
01_filter               	    282	00.094610	(00.000335 +- 00.000050)	[00.000161,00.002554]
02_preint               	    280	00.010168	(00.000036 +- 00.000007)	[00.000025,00.000078]
02a_intensity_preprocess	    282	00.920406	(00.003264 +- 00.000409)	[00.001443,00.007316]
03_undistortion         	    280	00.262179	(00.000936 +- 00.000212)	[00.000297,00.008355]
04_sampling             	    279	00.162041	(00.000581 +- 00.000084)	[00.000241,00.002759]
04b_intensity_sampling  	    279	00.235948	(00.000846 +- 00.000148)	[00.000317,00.003066]
05_registration         	    279	01.217335	(00.004363 +- 00.000629)	[00.001159,00.013137]
06_map                  	    279	00.268650	(00.000963 +- 00.000211)	[00.000305,00.002346]
07_imu_opt              	    279	00.360228	(00.001291 +- 00.000233)	[00.000002,00.004487]
08_publish              	    279	03.503553	(00.012558 +- 00.002357)	[00.003309,00.028945]
step                    	    282	07.073383	(00.025083 +- 00.003641)	[00.006246,00.057703]

INFO  Timings:
SM Timing
-----------
00_conversion_livox     	    284	03.334476	(00.011741 +- 00.000910)	[00.009539,00.027519]
01_filter               	    283	00.094839	(00.000335 +- 00.000050)	[00.000161,00.002554]
02_preint               	    281	00.010209	(00.000036 +- 00.000007)	[00.000025,00.000078]
02a_intensity_preprocess	    283	00.923117	(00.003262 +- 00.000415)	[00.001443,00.007316]
03_undistortion         	    281	00.262960	(00.000936 +- 00.000212)	[00.000297,00.008355]
04_sampling             	    280	00.162409	(00.000580 +- 00.000084)	[00.000241,00.002759]
04b_intensity_sampling  	    280	00.236628	(00.000845 +- 00.000148)	[00.000317,00.003066]
05_registration         	    280	01.219767	(00.004356 +- 00.000620)	[00.001159,00.013137]
06_map                  	    280	00.269471	(00.000962 +- 00.000212)	[00.000305,00.002346]
07_imu_opt              	    280	00.361457	(00.001291 +- 00.000225)	[00.000002,00.004487]
08_publish              	    280	03.513617	(00.012549 +- 00.002389)	[00.003309,00.028945]
step                    	    283	07.092811	(00.025063 +- 00.003670)	[00.006246,00.057703]

INFO  Timings:
SM Timing
-----------
00_conversion_livox     	    285	03.344377	(00.011735 +- 00.000891)	[00.009539,00.027519]
01_filter               	    284	00.095149	(00.000335 +- 00.000051)	[00.000161,00.002554]
02_preint               	    282	00.010247	(00.000036 +- 00.000007)	[00.000025,00.000078]
02a_intensity_preprocess	    284	00.925830	(00.003260 +- 00.000422)	[00.001443,00.007316]
03_undistortion         	    282	00.263796	(00.000935 +- 00.000213)	[00.000297,00.008355]
04_sampling             	    281	00.162850	(00.000580 +- 00.000084)	[00.000241,00.002759]
04b_intensity_sampling  	    281	00.237395	(00.000845 +- 00.000149)	[00.000317,00.003066]
05_registration         	    281	01.222831	(00.004352 +- 00.000628)	[00.001159,00.013137]
06_map                  	    281	00.270272	(00.000962 +- 00.000211)	[00.000305,00.002346]
07_imu_opt              	    281	00.362710	(00.001291 +- 00.000224)	[00.000002,00.004487]
08_publish              	    281	03.523949	(00.012541 +- 00.002425)	[00.003309,00.028945]
step                    	    284	07.113420	(00.025047 +- 00.003728)	[00.006246,00.057703]

INFO  Timings:
SM Timing
-----------
00_conversion_livox     	    286	03.354550	(00.011729 +- 00.000869)	[00.009539,00.027519]
01_filter               	    285	00.095374	(00.000335 +- 00.000051)	[00.000161,00.002554]
02_preint               	    283	00.010278	(00.000036 +- 00.000007)	[00.000025,00.000078]
02a_intensity_preprocess	    285	00.928558	(00.003258 +- 00.000428)	[00.001443,00.007316]
03_undistortion         	    283	00.264619	(00.000935 +- 00.000214)	[00.000297,00.008355]
04_sampling             	    282	00.163244	(00.000579 +- 00.000084)	[00.000241,00.002759]
04b_intensity_sampling  	    282	00.238094	(00.000844 +- 00.000149)	[00.000317,00.003066]
05_registration         	    282	01.225155	(00.004345 +- 00.000622)	[00.001159,00.013137]
06_map                  	    282	00.270988	(00.000961 +- 00.000211)	[00.000305,00.002346]
07_imu_opt              	    282	00.363934	(00.001291 +- 00.000221)	[00.000002,00.004487]
08_publish              	    282	03.533864	(00.012531 +- 00.002449)	[00.003309,00.028945]
step                    	    285	07.132571	(00.025027 +- 00.003754)	[00.006246,00.057703]

INFO  Timings:
SM Timing
-----------
00_conversion_livox     	    287	03.364495	(00.011723 +- 00.000831)	[00.009539,00.027519]
01_filter               	    286	00.095632	(00.000334 +- 00.000051)	[00.000161,00.002554]
02_preint               	    284	00.010316	(00.000036 +- 00.000007)	[00.000025,00.000078]
02a_intensity_preprocess	    286	00.931215	(00.003256 +- 00.000433)	[00.001443,00.007316]
03_undistortion         	    284	00.265433	(00.000935 +- 00.000214)	[00.000297,00.008355]
04_sampling             	    283	00.163737	(00.000579 +- 00.000084)	[00.000241,00.002759]
04b_intensity_sampling  	    283	00.238829	(00.000844 +- 00.000149)	[00.000317,00.003066]
05_registration         	    283	01.227576	(00.004338 +- 00.000614)	[00.001159,00.013137]
06_map                  	    283	00.271763	(00.000960 +- 00.000211)	[00.000305,00.002346]
07_imu_opt              	    283	00.365172	(00.001290 +- 00.000222)	[00.000002,00.004487]
08_publish              	    283	03.543956	(00.012523 +- 00.002475)	[00.003309,00.028945]
step                    	    286	07.152184	(00.025008 +- 00.003781)	[00.006246,00.057703]

INFO  Timings:
SM Timing
-----------
00_conversion_livox     	    288	03.374536	(00.011717 +- 00.000810)	[00.009539,00.027519]
01_filter               	    287	00.095898	(00.000334 +- 00.000051)	[00.000161,00.002554]
02_preint               	    285	00.010348	(00.000036 +- 00.000007)	[00.000025,00.000078]
02a_intensity_preprocess	    287	00.933869	(00.003254 +- 00.000437)	[00.001443,00.007316]
03_undistortion         	    285	00.266257	(00.000934 +- 00.000213)	[00.000297,00.008355]
04_sampling             	    284	00.164287	(00.000578 +- 00.000086)	[00.000241,00.002759]
04b_intensity_sampling  	    284	00.239769	(00.000844 +- 00.000155)	[00.000317,00.003066]
05_registration         	    284	01.230645	(00.004333 +- 00.000615)	[00.001159,00.013137]
06_map                  	    284	00.272470	(00.000959 +- 00.000211)	[00.000305,00.002346]
07_imu_opt              	    284	00.366379	(00.001290 +- 00.000215)	[00.000002,00.004487]
08_publish              	    284	03.554083	(00.012514 +- 00.002494)	[00.003309,00.028945]
step                    	    287	07.172634	(00.024992 +- 00.003818)	[00.006246,00.057703]

INFO  Timings:
SM Timing
-----------
00_conversion_livox     	    289	03.384571	(00.011711 +- 00.000788)	[00.009539,00.027519]
01_filter               	    288	00.096139	(00.000334 +- 00.000051)	[00.000161,00.002554]
02_preint               	    286	00.010384	(00.000036 +- 00.000007)	[00.000025,00.000078]
02a_intensity_preprocess	    288	00.936563	(00.003252 +- 00.000439)	[00.001443,00.007316]
03_undistortion         	    286	00.267159	(00.000934 +- 00.000211)	[00.000297,00.008355]
04_sampling             	    285	00.164739	(00.000578 +- 00.000086)	[00.000241,00.002759]
04b_intensity_sampling  	    285	00.240491	(00.000844 +- 00.000154)	[00.000317,00.003066]
05_registration         	    285	01.233719	(00.004329 +- 00.000620)	[00.001159,00.013137]
06_map                  	    285	00.273336	(00.000959 +- 00.000212)	[00.000305,00.002346]
07_imu_opt              	    285	00.367671	(00.001290 +- 00.000211)	[00.000002,00.004487]
08_publish              	    285	03.564392	(00.012507 +- 00.002501)	[00.003309,00.028945]
step                    	    288	07.193295	(00.024977 +- 00.003853)	[00.006246,00.057703]

INFO  Timings:
SM Timing
-----------
00_conversion_livox     	    290	03.394523	(00.011705 +- 00.000774)	[00.009539,00.027519]
01_filter               	    289	00.096429	(00.000334 +- 00.000044)	[00.000161,00.002554]
02_preint               	    287	00.010415	(00.000036 +- 00.000006)	[00.000025,00.000078]
02a_intensity_preprocess	    289	00.939276	(00.003250 +- 00.000443)	[00.001443,00.007316]
03_undistortion         	    287	00.268015	(00.000934 +- 00.000209)	[00.000297,00.008355]
04_sampling             	    286	00.165221	(00.000578 +- 00.000085)	[00.000241,00.002759]
04b_intensity_sampling  	    286	00.241222	(00.000843 +- 00.000154)	[00.000317,00.003066]
05_registration         	    286	01.236886	(00.004325 +- 00.000625)	[00.001159,00.013137]
06_map                  	    286	00.274086	(00.000958 +- 00.000212)	[00.000305,00.002346]
07_imu_opt              	    286	00.369133	(00.001291 +- 00.000198)	[00.000002,00.004487]
08_publish              	    286	03.574638	(00.012499 +- 00.002511)	[00.003309,00.028945]
step                    	    289	07.214107	(00.024962 +- 00.003891)	[00.006246,00.057703]

INFO  Timings:
SM Timing
-----------
00_conversion_livox     	    291	03.405119	(00.011701 +- 00.000450)	[00.009539,00.027519]
01_filter               	    290	00.096658	(00.000333 +- 00.000044)	[00.000161,00.002554]
02_preint               	    288	00.010450	(00.000036 +- 00.000005)	[00.000025,00.000078]
02a_intensity_preprocess	    290	00.942017	(00.003248 +- 00.000449)	[00.001443,00.007316]
03_undistortion         	    288	00.268878	(00.000934 +- 00.000207)	[00.000297,00.008355]
04_sampling             	    287	00.165703	(00.000577 +- 00.000085)	[00.000241,00.002759]
04b_intensity_sampling  	    287	00.241975	(00.000843 +- 00.000151)	[00.000317,00.003066]
05_registration         	    287	01.239205	(00.004318 +- 00.000625)	[00.001159,00.013137]
06_map                  	    287	00.274915	(00.000958 +- 00.000210)	[00.000305,00.002346]
07_imu_opt              	    287	00.370340	(00.001290 +- 00.000184)	[00.000002,00.004487]
08_publish              	    287	03.584970	(00.012491 +- 00.002509)	[00.003309,00.028945]
step                    	    290	07.233972	(00.024945 +- 00.003895)	[00.006246,00.057703]

INFO  Timings:
SM Timing
-----------
00_conversion_livox     	    292	03.414834	(00.011695 +- 00.000370)	[00.009539,00.027519]
01_filter               	    291	00.096899	(00.000333 +- 00.000044)	[00.000161,00.002554]
02_preint               	    289	00.010486	(00.000036 +- 00.000005)	[00.000025,00.000078]
02a_intensity_preprocess	    291	00.944760	(00.003247 +- 00.000454)	[00.001443,00.007316]
03_undistortion         	    289	00.269715	(00.000933 +- 00.000204)	[00.000297,00.008355]
04_sampling             	    288	00.166128	(00.000577 +- 00.000082)	[00.000241,00.002759]
04b_intensity_sampling  	    288	00.242638	(00.000842 +- 00.000149)	[00.000317,00.003066]
05_registration         	    288	01.241986	(00.004312 +- 00.000621)	[00.001159,00.013137]
06_map                  	    288	00.275827	(00.000958 +- 00.000208)	[00.000305,00.002346]
07_imu_opt              	    288	00.371524	(00.001290 +- 00.000185)	[00.000002,00.004487]
08_publish              	    288	03.595205	(00.012483 +- 00.002489)	[00.003309,00.028945]
step                    	    291	07.254132	(00.024928 +- 00.003870)	[00.006246,00.057703]

INFO  Timings:
SM Timing
-----------
00_conversion_livox     	    293	03.425480	(00.011691 +- 00.000361)	[00.009539,00.027519]
01_filter               	    292	00.097116	(00.000333 +- 00.000043)	[00.000161,00.002554]
02_preint               	    290	00.010523	(00.000036 +- 00.000005)	[00.000025,00.000078]
02a_intensity_preprocess	    292	00.947459	(00.003245 +- 00.000450)	[00.001443,00.007316]
03_undistortion         	    290	00.270541	(00.000933 +- 00.000202)	[00.000297,00.008355]
04_sampling             	    289	00.166729	(00.000577 +- 00.000085)	[00.000241,00.002759]
04b_intensity_sampling  	    289	00.243415	(00.000842 +- 00.000146)	[00.000317,00.003066]
05_registration         	    289	01.244708	(00.004307 +- 00.000622)	[00.001159,00.013137]
06_map                  	    289	00.276746	(00.000958 +- 00.000208)	[00.000305,00.002346]
07_imu_opt              	    289	00.372974	(00.001291 +- 00.000186)	[00.000002,00.004487]
08_publish              	    289	03.605503	(00.012476 +- 00.002454)	[00.003309,00.028945]
step                    	    292	07.274748	(00.024914 +- 00.003827)	[00.006246,00.057703]

INFO  Timings:
SM Timing
-----------
00_conversion_livox     	    294	03.435442	(00.011685 +- 00.000355)	[00.009539,00.027519]
01_filter               	    293	00.097416	(00.000332 +- 00.000044)	[00.000161,00.002554]
02_preint               	    291	00.010563	(00.000036 +- 00.000005)	[00.000025,00.000078]
02a_intensity_preprocess	    293	00.950129	(00.003243 +- 00.000442)	[00.001443,00.007316]
03_undistortion         	    291	00.271351	(00.000932 +- 00.000200)	[00.000297,00.008355]
04_sampling             	    290	00.167286	(00.000577 +- 00.000085)	[00.000241,00.002759]
04b_intensity_sampling  	    290	00.244071	(00.000842 +- 00.000146)	[00.000317,00.003066]
05_registration         	    290	01.247149	(00.004301 +- 00.000604)	[00.001159,00.013137]
06_map                  	    290	00.277491	(00.000957 +- 00.000204)	[00.000305,00.002346]
07_imu_opt              	    290	00.374295	(00.001291 +- 00.000186)	[00.000002,00.004487]
08_publish              	    290	03.615433	(00.012467 +- 00.002394)	[00.003309,00.028945]
step                    	    293	07.294287	(00.024895 +- 00.003735)	[00.006246,00.057703]

INFO  Timings:
SM Timing
-----------
00_conversion_livox     	    295	03.445423	(00.011679 +- 00.000355)	[00.009539,00.027519]
01_filter               	    294	00.097640	(00.000332 +- 00.000044)	[00.000161,00.002554]
02_preint               	    292	00.010599	(00.000036 +- 00.000005)	[00.000025,00.000078]
02a_intensity_preprocess	    294	00.952794	(00.003241 +- 00.000430)	[00.001443,00.007316]
03_undistortion         	    292	00.272126	(00.000932 +- 00.000195)	[00.000297,00.008355]
04_sampling             	    291	00.167723	(00.000576 +- 00.000082)	[00.000241,00.002759]
04b_intensity_sampling  	    291	00.244796	(00.000841 +- 00.000142)	[00.000317,00.003066]
05_registration         	    291	01.249620	(00.004294 +- 00.000577)	[00.001159,00.013137]
06_map                  	    291	00.278254	(00.000956 +- 00.000201)	[00.000305,00.002346]
07_imu_opt              	    291	00.375536	(00.001291 +- 00.000185)	[00.000002,00.004487]
08_publish              	    291	03.625118	(00.012457 +- 00.002322)	[00.003309,00.028945]
step                    	    294	07.313370	(00.024875 +- 00.003598)	[00.006246,00.057703]

INFO  Timings:
SM Timing
-----------
00_conversion_livox     	    296	03.455285	(00.011673 +- 00.000356)	[00.009539,00.027519]
01_filter               	    295	00.097997	(00.000332 +- 00.000045)	[00.000161,00.002554]
02_preint               	    293	00.010626	(00.000036 +- 00.000005)	[00.000025,00.000078]
02a_intensity_preprocess	    295	00.955425	(00.003239 +- 00.000417)	[00.001443,00.007316]
03_undistortion         	    293	00.272912	(00.000931 +- 00.000192)	[00.000297,00.008355]
04_sampling             	    292	00.168104	(00.000576 +- 00.000080)	[00.000241,00.002759]
04b_intensity_sampling  	    292	00.245460	(00.000841 +- 00.000139)	[00.000317,00.003066]
05_registration         	    292	01.251902	(00.004287 +- 00.000568)	[00.001159,00.013137]
06_map                  	    292	00.279036	(00.000956 +- 00.000197)	[00.000305,00.002346]
07_imu_opt              	    292	00.376721	(00.001290 +- 00.000185)	[00.000002,00.004487]
08_publish              	    292	03.634386	(00.012447 +- 00.002238)	[00.003309,00.028945]
step                    	    295	07.331806	(00.024854 +- 00.003460)	[00.006246,00.057703]

INFO  Timings:
SM Timing
-----------
00_conversion_livox     	    297	03.465947	(00.011670 +- 00.000365)	[00.009539,00.027519]
01_filter               	    296	00.098271	(00.000332 +- 00.000044)	[00.000161,00.002554]
02_preint               	    294	00.010667	(00.000036 +- 00.000005)	[00.000025,00.000078]
02a_intensity_preprocess	    296	00.957883	(00.003236 +- 00.000397)	[00.001443,00.007316]
03_undistortion         	    294	00.273875	(00.000932 +- 00.000184)	[00.000297,00.008355]
04_sampling             	    293	00.168560	(00.000575 +- 00.000079)	[00.000241,00.002759]
04b_intensity_sampling  	    293	00.246268	(00.000841 +- 00.000139)	[00.000317,00.003066]
05_registration         	    293	01.255552	(00.004285 +- 00.000579)	[00.001159,00.013137]
06_map                  	    293	00.279830	(00.000955 +- 00.000192)	[00.000305,00.002346]
07_imu_opt              	    293	00.377993	(00.001290 +- 00.000181)	[00.000002,00.004487]
08_publish              	    293	03.643838	(00.012436 +- 00.002131)	[00.003309,00.028945]
step                    	    296	07.352062	(00.024838 +- 00.003314)	[00.006246,00.057703]

INFO  Timings:
SM Timing
-----------
00_conversion_livox     	    298	03.476437	(00.011666 +- 00.000369)	[00.009539,00.027519]
01_filter               	    297	00.098533	(00.000332 +- 00.000043)	[00.000161,00.002554]
02_preint               	    295	00.010705	(00.000036 +- 00.000005)	[00.000025,00.000078]
02a_intensity_preprocess	    297	00.960444	(00.003234 +- 00.000375)	[00.001443,00.007316]
03_undistortion         	    295	00.274786	(00.000931 +- 00.000177)	[00.000297,00.008355]
04_sampling             	    294	00.169084	(00.000575 +- 00.000076)	[00.000241,00.002759]
04b_intensity_sampling  	    294	00.247071	(00.000840 +- 00.000130)	[00.000317,00.003066]
05_registration         	    294	01.258998	(00.004282 +- 00.000582)	[00.001159,00.013137]
06_map                  	    294	00.280627	(00.000955 +- 00.000182)	[00.000305,00.002346]
07_imu_opt              	    294	00.379225	(00.001290 +- 00.000170)	[00.000002,00.004487]
08_publish              	    294	03.653368	(00.012426 +- 00.001997)	[00.003309,00.028945]
step                    	    297	07.372236	(00.024822 +- 00.003127)	[00.006246,00.057703]

INFO  Timings:
SM Timing
-----------
00_conversion_livox     	    299	03.487164	(00.011663 +- 00.000378)	[00.009539,00.027519]
01_filter               	    298	00.098788	(00.000332 +- 00.000041)	[00.000161,00.002554]
02_preint               	    296	00.010740	(00.000036 +- 00.000005)	[00.000025,00.000078]
02a_intensity_preprocess	    298	00.962971	(00.003231 +- 00.000352)	[00.001443,00.007316]
03_undistortion         	    296	00.275598	(00.000931 +- 00.000163)	[00.000297,00.008355]
04_sampling             	    295	00.169498	(00.000575 +- 00.000072)	[00.000241,00.002759]
04b_intensity_sampling  	    295	00.247884	(00.000840 +- 00.000124)	[00.000317,00.003066]
05_registration         	    295	01.261204	(00.004275 +- 00.000565)	[00.001159,00.013137]
06_map                  	    295	00.281577	(00.000954 +- 00.000176)	[00.000305,00.002346]
07_imu_opt              	    295	00.380448	(00.001290 +- 00.000148)	[00.000002,00.004487]
08_publish              	    295	03.662728	(00.012416 +- 00.001854)	[00.003309,00.028945]
step                    	    298	07.390889	(00.024802 +- 00.002912)	[00.006246,00.057703]

INFO  Timings:
SM Timing
-----------
00_conversion_livox     	    300	03.497699	(00.011659 +- 00.000381)	[00.009539,00.027519]
01_filter               	    299	00.099051	(00.000331 +- 00.000039)	[00.000161,00.002554]
02_preint               	    297	00.010777	(00.000036 +- 00.000005)	[00.000025,00.000078]
02a_intensity_preprocess	    299	00.965444	(00.003229 +- 00.000325)	[00.001443,00.007316]
03_undistortion         	    297	00.276451	(00.000931 +- 00.000153)	[00.000297,00.008355]
04_sampling             	    296	00.170044	(00.000574 +- 00.000070)	[00.000241,00.002759]
04b_intensity_sampling  	    296	00.248674	(00.000840 +- 00.000118)	[00.000317,00.003066]
05_registration         	    296	01.264023	(00.004270 +- 00.000564)	[00.001159,00.013137]
06_map                  	    296	00.282311	(00.000954 +- 00.000172)	[00.000305,00.002346]
07_imu_opt              	    296	00.381864	(00.001290 +- 00.000149)	[00.000002,00.004487]
08_publish              	    296	03.672148	(00.012406 +- 00.001712)	[00.003309,00.028945]
step                    	    299	07.410306	(00.024784 +- 00.002716)	[00.006246,00.057703]

INFO  Timings:
SM Timing
-----------
00_conversion_livox     	    301	03.508238	(00.011655 +- 00.000380)	[00.009539,00.027519]
01_filter               	    300	00.099303	(00.000331 +- 00.000039)	[00.000161,00.002554]
02_preint               	    298	00.010805	(00.000036 +- 00.000005)	[00.000025,00.000078]
02a_intensity_preprocess	    300	00.968029	(00.003227 +- 00.000304)	[00.001443,00.007316]
03_undistortion         	    298	00.277273	(00.000930 +- 00.000147)	[00.000297,00.008355]
04_sampling             	    297	00.170478	(00.000574 +- 00.000065)	[00.000241,00.002759]
04b_intensity_sampling  	    297	00.249305	(00.000839 +- 00.000115)	[00.000317,00.003066]
05_registration         	    297	01.265996	(00.004263 +- 00.000556)	[00.001159,00.013137]
06_map                  	    297	00.283052	(00.000953 +- 00.000168)	[00.000305,00.002346]
07_imu_opt              	    297	00.383067	(00.001290 +- 00.000143)	[00.000002,00.004487]
08_publish              	    297	03.681337	(00.012395 +- 00.001584)	[00.003309,00.028945]
step                    	    300	07.428235	(00.024761 +- 00.002530)	[00.006246,00.057703]

INFO  Timings:
SM Timing
-----------
00_conversion_livox     	    302	03.518862	(00.011652 +- 00.000383)	[00.009539,00.027519]
01_filter               	    301	00.099564	(00.000331 +- 00.000038)	[00.000161,00.002554]
02_preint               	    299	00.010841	(00.000036 +- 00.000005)	[00.000025,00.000078]
02a_intensity_preprocess	    301	00.970425	(00.003224 +- 00.000284)	[00.001443,00.007316]
03_undistortion         	    299	00.278161	(00.000930 +- 00.000135)	[00.000297,00.008355]
04_sampling             	    298	00.170950	(00.000574 +- 00.000064)	[00.000241,00.002759]
04b_intensity_sampling  	    298	00.250141	(00.000839 +- 00.000111)	[00.000317,00.003066]
05_registration         	    298	01.268493	(00.004257 +- 00.000554)	[00.001159,00.013137]
06_map                  	    298	00.283949	(00.000953 +- 00.000163)	[00.000305,00.002346]
07_imu_opt              	    298	00.384225	(00.001289 +- 00.000143)	[00.000002,00.004487]
08_publish              	    298	03.690081	(00.012383 +- 00.001468)	[00.003309,00.028945]
step                    	    301	07.446487	(00.024739 +- 00.002366)	[00.006246,00.057703]

INFO  Timings:
SM Timing
-----------
00_conversion_livox     	    303	03.529448	(00.011648 +- 00.000383)	[00.009539,00.027519]
01_filter               	    302	00.099784	(00.000330 +- 00.000037)	[00.000161,00.002554]
02_preint               	    300	00.010867	(00.000036 +- 00.000005)	[00.000025,00.000078]
02a_intensity_preprocess	    302	00.972785	(00.003221 +- 00.000265)	[00.001443,00.007316]
03_undistortion         	    300	00.278828	(00.000929 +- 00.000131)	[00.000297,00.008355]
04_sampling             	    299	00.171428	(00.000573 +- 00.000063)	[00.000241,00.002759]
04b_intensity_sampling  	    299	00.250855	(00.000839 +- 00.000108)	[00.000317,00.003066]
05_registration         	    299	01.271078	(00.004251 +- 00.000551)	[00.001159,00.013137]
06_map                  	    299	00.284582	(00.000952 +- 00.000160)	[00.000305,00.002346]
07_imu_opt              	    299	00.385337	(00.001289 +- 00.000143)	[00.000002,00.004487]
08_publish              	    299	03.698581	(00.012370 +- 00.001373)	[00.003309,00.028945]
step                    	    302	07.463846	(00.024715 +- 00.002216)	[00.006246,00.057703]

INFO  Timings:
SM Timing
-----------
00_conversion_livox     	    304	03.539496	(00.011643 +- 00.000380)	[00.009539,00.027519]
01_filter               	    303	00.100014	(00.000330 +- 00.000037)	[00.000161,00.002554]
02_preint               	    301	00.010892	(00.000036 +- 00.000005)	[00.000025,00.000078]
02a_intensity_preprocess	    303	00.975002	(00.003218 +- 00.000249)	[00.001443,00.007316]
03_undistortion         	    301	00.279589	(00.000929 +- 00.000127)	[00.000297,00.008355]
04_sampling             	    300	00.172051	(00.000574 +- 00.000067)	[00.000241,00.002759]
04b_intensity_sampling  	    300	00.251492	(00.000838 +- 00.000105)	[00.000317,00.003066]
05_registration         	    300	01.273582	(00.004245 +- 00.000547)	[00.001159,00.013137]
06_map                  	    300	00.285355	(00.000951 +- 00.000156)	[00.000305,00.002346]
07_imu_opt              	    300	00.386463	(00.001288 +- 00.000138)	[00.000002,00.004487]
08_publish              	    300	03.706883	(00.012356 +- 00.001289)	[00.003309,00.028945]
step                    	    303	07.481124	(00.024690 +- 00.002103)	[00.006246,00.057703]

INFO  Timings:
SM Timing
-----------
00_conversion_livox     	    305	03.549731	(00.011638 +- 00.000377)	[00.009539,00.027519]
01_filter               	    304	00.100261	(00.000330 +- 00.000037)	[00.000161,00.002554]
02_preint               	    302	00.010919	(00.000036 +- 00.000005)	[00.000025,00.000078]
02a_intensity_preprocess	    304	00.977280	(00.003215 +- 00.000235)	[00.001443,00.007316]
03_undistortion         	    302	00.280318	(00.000928 +- 00.000122)	[00.000297,00.008355]
04_sampling             	    301	00.172520	(00.000573 +- 00.000065)	[00.000241,00.002759]
04b_intensity_sampling  	    301	00.252172	(00.000838 +- 00.000102)	[00.000317,00.003066]
05_registration         	    301	01.275433	(00.004237 +- 00.000554)	[00.001159,00.013137]
06_map                  	    301	00.285995	(00.000950 +- 00.000154)	[00.000305,00.002346]
07_imu_opt              	    301	00.387594	(00.001288 +- 00.000139)	[00.000002,00.004487]
08_publish              	    301	03.714902	(00.012342 +- 00.001203)	[00.003309,00.028945]
step                    	    304	07.497251	(00.024662 +- 00.001990)	[00.006246,00.057703]

INFO  Timings:
SM Timing
-----------
00_conversion_livox     	    306	03.559954	(00.011634 +- 00.000370)	[00.009539,00.027519]
01_filter               	    305	00.100494	(00.000329 +- 00.000036)	[00.000161,00.002554]
02_preint               	    303	00.010946	(00.000036 +- 00.000005)	[00.000025,00.000078]
02a_intensity_preprocess	    305	00.979500	(00.003211 +- 00.000225)	[00.001443,00.007316]
03_undistortion         	    303	00.281157	(00.000928 +- 00.000119)	[00.000297,00.008355]
04_sampling             	    302	00.172943	(00.000573 +- 00.000063)	[00.000241,00.002759]
04b_intensity_sampling  	    302	00.252808	(00.000837 +- 00.000099)	[00.000317,00.003066]
05_registration         	    302	01.277748	(00.004231 +- 00.000553)	[00.001159,00.013137]
06_map                  	    302	00.286606	(00.000949 +- 00.000100)	[00.000305,00.002346]
07_imu_opt              	    302	00.388723	(00.001287 +- 00.000139)	[00.000002,00.004487]
08_publish              	    302	03.722920	(00.012328 +- 00.001132)	[00.003309,00.028945]
step                    	    305	07.513793	(00.024635 +- 00.001968)	[00.006246,00.057703]

INFO  Timings:
SM Timing
-----------
00_conversion_livox     	    307	03.570262	(00.011630 +- 00.000364)	[00.009539,00.027519]
01_filter               	    306	00.100754	(00.000329 +- 00.000036)	[00.000161,00.002554]
02_preint               	    304	00.010973	(00.000036 +- 00.000005)	[00.000025,00.000078]
02a_intensity_preprocess	    306	00.981709	(00.003208 +- 00.000213)	[00.001443,00.007316]
03_undistortion         	    304	00.281759	(00.000927 +- 00.000115)	[00.000297,00.008355]
04_sampling             	    303	00.173347	(00.000572 +- 00.000061)	[00.000241,00.002759]
04b_intensity_sampling  	    303	00.253487	(00.000837 +- 00.000094)	[00.000317,00.003066]
05_registration         	    303	01.280191	(00.004225 +- 00.000531)	[00.001159,00.013137]
06_map                  	    303	00.287156	(00.000948 +- 00.000103)	[00.000305,00.002346]
07_imu_opt              	    303	00.389859	(00.001287 +- 00.000139)	[00.000002,00.004487]
08_publish              	    303	03.730810	(00.012313 +- 00.001073)	[00.003309,00.028945]
step                    	    306	07.530048	(00.024608 +- 00.001839)	[00.006246,00.057703]

INFO  Timings:
SM Timing
-----------
00_conversion_livox     	    308	03.580859	(00.011626 +- 00.000360)	[00.009539,00.027519]
01_filter               	    307	00.100977	(00.000329 +- 00.000035)	[00.000161,00.002554]
02_preint               	    305	00.011000	(00.000036 +- 00.000005)	[00.000025,00.000078]
02a_intensity_preprocess	    307	00.983860	(00.003205 +- 00.000210)	[00.001443,00.007316]
03_undistortion         	    305	00.282427	(00.000926 +- 00.000101)	[00.000297,00.008355]
04_sampling             	    304	00.173708	(00.000571 +- 00.000062)	[00.000241,00.002759]
04b_intensity_sampling  	    304	00.254059	(00.000836 +- 00.000096)	[00.000317,00.003066]
05_registration         	    304	01.282827	(00.004220 +- 00.000524)	[00.001159,00.013137]
06_map                  	    304	00.287780	(00.000947 +- 00.000103)	[00.000305,00.002346]
07_imu_opt              	    304	00.391009	(00.001286 +- 00.000139)	[00.000002,00.004487]
08_publish              	    304	03.738225	(00.012297 +- 00.001042)	[00.003309,00.028945]
step                    	    307	07.545936	(00.024580 +- 00.001809)	[00.006246,00.057703]

INFO  Timings:
SM Timing
-----------
00_conversion_livox     	    309	03.591088	(00.011622 +- 00.000346)	[00.009539,00.027519]
01_filter               	    308	00.101204	(00.000329 +- 00.000035)	[00.000161,00.002554]
02_preint               	    306	00.011027	(00.000036 +- 00.000005)	[00.000025,00.000078]
02a_intensity_preprocess	    308	00.985922	(00.003201 +- 00.000211)	[00.001443,00.007316]
03_undistortion         	    306	00.283138	(00.000925 +- 00.000101)	[00.000297,00.008355]
04_sampling             	    305	00.174089	(00.000571 +- 00.000062)	[00.000241,00.002759]
04b_intensity_sampling  	    305	00.254617	(00.000835 +- 00.000096)	[00.000317,00.003066]
05_registration         	    305	01.284742	(00.004212 +- 00.000513)	[00.001159,00.013137]
06_map                  	    305	00.288449	(00.000946 +- 00.000101)	[00.000305,00.002346]
07_imu_opt              	    305	00.392133	(00.001286 +- 00.000137)	[00.000002,00.004487]
08_publish              	    305	03.745164	(00.012279 +- 00.001049)	[00.003309,00.028945]
step                    	    308	07.560634	(00.024548 +- 00.001795)	[00.006246,00.057703]

INFO  Timings:
SM Timing
-----------
00_conversion_livox     	    310	03.601688	(00.011618 +- 00.000339)	[00.009539,00.027519]
01_filter               	    309	00.101438	(00.000328 +- 00.000035)	[00.000161,00.002554]
02_preint               	    307	00.011064	(00.000036 +- 00.000005)	[00.000025,00.000078]
02a_intensity_preprocess	    309	00.987836	(00.003197 +- 00.000222)	[00.001443,00.007316]
03_undistortion         	    307	00.283728	(00.000924 +- 00.000106)	[00.000297,00.008355]
04_sampling             	    306	00.174472	(00.000570 +- 00.000063)	[00.000241,00.002759]
04b_intensity_sampling  	    306	00.255237	(00.000834 +- 00.000092)	[00.000317,00.003066]
05_registration         	    306	01.286202	(00.004203 +- 00.000533)	[00.001159,00.013137]
06_map                  	    306	00.289010	(00.000944 +- 00.000103)	[00.000305,00.002346]
07_imu_opt              	    306	00.393244	(00.001285 +- 00.000138)	[00.000002,00.004487]
08_publish              	    306	03.751373	(00.012259 +- 00.001121)	[00.003309,00.028945]
step                    	    309	07.573805	(00.024511 +- 00.001939)	[00.006246,00.057703]

INFO  Timings:
SM Timing
-----------
00_conversion_livox     	    311	03.611935	(00.011614 +- 00.000329)	[00.009539,00.027519]
01_filter               	    310	00.101628	(00.000328 +- 00.000036)	[00.000161,00.002554]
02_preint               	    308	00.011092	(00.000036 +- 00.000005)	[00.000025,00.000078]
02a_intensity_preprocess	    310	00.989650	(00.003192 +- 00.000241)	[00.001443,00.007316]
03_undistortion         	    308	00.284396	(00.000923 +- 00.000108)	[00.000297,00.008355]
04_sampling             	    307	00.174860	(00.000570 +- 00.000062)	[00.000241,00.002759]
04b_intensity_sampling  	    307	00.255929	(00.000834 +- 00.000092)	[00.000317,00.003066]
05_registration         	    307	01.287943	(00.004195 +- 00.000546)	[00.001159,00.013137]
06_map                  	    307	00.289801	(00.000944 +- 00.000103)	[00.000305,00.002346]
07_imu_opt              	    307	00.394477	(00.001285 +- 00.000138)	[00.000002,00.004487]
08_publish              	    307	03.757103	(00.012238 +- 00.001227)	[00.003309,00.028945]
step                    	    310	07.587137	(00.024475 +- 00.002079)	[00.006246,00.057703]

INFO  Timings:
SM Timing
-----------
00_conversion_livox     	    312	03.622565	(00.011611 +- 00.000327)	[00.009539,00.027519]
01_filter               	    311	00.101841	(00.000327 +- 00.000037)	[00.000161,00.002554]
02_preint               	    309	00.011122	(00.000036 +- 00.000005)	[00.000025,00.000078]
02a_intensity_preprocess	    311	00.991532	(00.003188 +- 00.000256)	[00.001443,00.007316]
03_undistortion         	    309	00.285068	(00.000923 +- 00.000110)	[00.000297,00.008355]
04_sampling             	    308	00.175226	(00.000569 +- 00.000063)	[00.000241,00.002759]
04b_intensity_sampling  	    308	00.256562	(00.000833 +- 00.000091)	[00.000317,00.003066]
05_registration         	    308	01.289657	(00.004187 +- 00.000557)	[00.001159,00.013137]
06_map                  	    308	00.290508	(00.000943 +- 00.000104)	[00.000305,00.002346]
07_imu_opt              	    308	00.395890	(00.001285 +- 00.000139)	[00.000002,00.004487]
08_publish              	    308	03.762703	(00.012217 +- 00.001329)	[00.003309,00.028945]
step                    	    311	07.600444	(00.024439 +- 00.002211)	[00.006246,00.057703]

INFO  Timings:
SM Timing
-----------
00_conversion_livox     	    313	03.633262	(00.011608 +- 00.000329)	[00.009539,00.027519]
01_filter               	    312	00.102066	(00.000327 +- 00.000037)	[00.000161,00.002554]
02_preint               	    310	00.011158	(00.000036 +- 00.000005)	[00.000025,00.000078]
02a_intensity_preprocess	    312	00.993390	(00.003184 +- 00.000271)	[00.001443,00.007316]
03_undistortion         	    310	00.285662	(00.000921 +- 00.000114)	[00.000297,00.008355]
04_sampling             	    309	00.175595	(00.000568 +- 00.000064)	[00.000241,00.002759]
04b_intensity_sampling  	    309	00.257012	(00.000832 +- 00.000098)	[00.000317,00.003066]
05_registration         	    309	01.291962	(00.004181 +- 00.000551)	[00.001159,00.013137]
06_map                  	    309	00.291012	(00.000942 +- 00.000110)	[00.000305,00.002346]
07_imu_opt              	    309	00.397245	(00.001286 +- 00.000139)	[00.000002,00.004487]
08_publish              	    309	03.768120	(00.012195 +- 00.001429)	[00.003309,00.028945]
step                    	    312	07.613624	(00.024403 +- 00.002336)	[00.006246,00.057703]

INFO  Timings:
SM Timing
-----------
00_conversion_livox     	    314	03.643857	(00.011605 +- 00.000328)	[00.009539,00.027519]
01_filter               	    313	00.102281	(00.000327 +- 00.000037)	[00.000161,00.002554]
02_preint               	    311	00.011194	(00.000036 +- 00.000005)	[00.000025,00.000078]
02a_intensity_preprocess	    313	00.995228	(00.003180 +- 00.000285)	[00.001443,00.007316]
03_undistortion         	    311	00.286277	(00.000921 +- 00.000100)	[00.000297,00.008355]
04_sampling             	    310	00.175974	(00.000568 +- 00.000064)	[00.000241,00.002759]
04b_intensity_sampling  	    310	00.257494	(00.000831 +- 00.000101)	[00.000317,00.003066]
05_registration         	    310	01.294391	(00.004175 +- 00.000493)	[00.001159,00.013137]
06_map                  	    310	00.291586	(00.000941 +- 00.000112)	[00.000305,00.002346]
07_imu_opt              	    310	00.398414	(00.001285 +- 00.000138)	[00.000002,00.004487]
08_publish              	    310	03.773340	(00.012172 +- 00.001529)	[00.003309,00.028945]
step                    	    313	07.626647	(00.024366 +- 00.002440)	[00.006246,00.057703]

INFO  Timings:
SM Timing
-----------
00_conversion_livox     	    315	03.654898	(00.011603 +- 00.000340)	[00.009539,00.027519]
01_filter               	    314	00.102473	(00.000326 +- 00.000038)	[00.000161,00.002554]
02_preint               	    312	00.011228	(00.000036 +- 00.000005)	[00.000025,00.000078]
02a_intensity_preprocess	    314	00.997072	(00.003175 +- 00.000297)	[00.001443,00.007316]
03_undistortion         	    312	00.286808	(00.000919 +- 00.000107)	[00.000297,00.008355]
04_sampling             	    311	00.176259	(00.000567 +- 00.000068)	[00.000241,00.002759]
04b_intensity_sampling  	    311	00.257917	(00.000829 +- 00.000109)	[00.000317,00.003066]
05_registration         	    311	01.295713	(00.004166 +- 00.000512)	[00.001159,00.013137]
06_map                  	    311	00.292096	(00.000939 +- 00.000117)	[00.000305,00.002346]
07_imu_opt              	    311	00.399698	(00.001285 +- 00.000137)	[00.000002,00.004487]
08_publish              	    311	03.778615	(00.012150 +- 00.001613)	[00.003309,00.028945]
step                    	    314	07.638405	(00.024326 +- 00.002595)	[00.006246,00.057703]

INFO  Timings:
SM Timing
-----------
00_conversion_livox     	    316	03.665654	(00.011600 +- 00.000344)	[00.009539,00.027519]
01_filter               	    315	00.102720	(00.000326 +- 00.000038)	[00.000161,00.002554]
02_preint               	    313	00.011264	(00.000036 +- 00.000005)	[00.000025,00.000078]
02a_intensity_preprocess	    315	00.998908	(00.003171 +- 00.000308)	[00.001443,00.007316]
03_undistortion         	    313	00.287465	(00.000918 +- 00.000108)	[00.000297,00.008355]
04_sampling             	    312	00.176590	(00.000566 +- 00.000069)	[00.000241,00.002759]
04b_intensity_sampling  	    312	00.258491	(00.000828 +- 00.000110)	[00.000317,00.003066]
05_registration         	    312	01.297447	(00.004158 +- 00.000521)	[00.001159,00.013137]
06_map                  	    312	00.292709	(00.000938 +- 00.000119)	[00.000305,00.002346]
07_imu_opt              	    312	00.401103	(00.001286 +- 00.000138)	[00.000002,00.004487]
08_publish              	    312	03.783570	(00.012127 +- 00.001703)	[00.003309,00.028945]
step                    	    315	07.650866	(00.024288 +- 00.002709)	[00.006246,00.057703]

INFO  Timings:
SM Timing
-----------
00_conversion_livox     	    317	03.675982	(00.011596 +- 00.000344)	[00.009539,00.027519]
01_filter               	    316	00.102955	(00.000326 +- 00.000037)	[00.000161,00.002554]
02_preint               	    314	00.011299	(00.000036 +- 00.000005)	[00.000025,00.000078]
02a_intensity_preprocess	    316	01.000595	(00.003166 +- 00.000323)	[00.001443,00.007316]
03_undistortion         	    314	00.287930	(00.000917 +- 00.000117)	[00.000297,00.008355]
04_sampling             	    313	00.176989	(00.000565 +- 00.000069)	[00.000241,00.002759]
04b_intensity_sampling  	    313	00.259059	(00.000828 +- 00.000111)	[00.000317,00.003066]
05_registration         	    313	01.299138	(00.004151 +- 00.000532)	[00.001159,00.013137]
06_map                  	    313	00.293216	(00.000937 +- 00.000123)	[00.000305,00.002346]
07_imu_opt              	    313	00.402524	(00.001286 +- 00.000140)	[00.000002,00.004487]
08_publish              	    313	03.788268	(00.012103 +- 00.001793)	[00.003309,00.028945]
step                    	    316	07.662644	(00.024249 +- 00.002842)	[00.006246,00.057703]

INFO  Timings:
SM Timing
-----------
00_conversion_livox     	    318	03.686348	(00.011592 +- 00.000344)	[00.009539,00.027519]
01_filter               	    317	00.103364	(00.000326 +- 00.000043)	[00.000161,00.002554]
02_preint               	    315	00.011336	(00.000036 +- 00.000005)	[00.000025,00.000078]
02a_intensity_preprocess	    317	01.002213	(00.003162 +- 00.000342)	[00.001443,00.007316]
03_undistortion         	    315	00.288330	(00.000915 +- 00.000129)	[00.000297,00.008355]
04_sampling             	    314	00.177275	(00.000565 +- 00.000073)	[00.000241,00.002759]
04b_intensity_sampling  	    314	00.259566	(00.000827 +- 00.000114)	[00.000317,00.003066]
05_registration         	    314	01.300595	(00.004142 +- 00.000549)	[00.001159,00.013137]
06_map                  	    314	00.293691	(00.000935 +- 00.000127)	[00.000305,00.002346]
07_imu_opt              	    314	00.403602	(00.001285 +- 00.000139)	[00.000002,00.004487]
08_publish              	    314	03.792593	(00.012078 +- 00.001899)	[00.003309,00.028945]
step                    	    317	07.673301	(00.024206 +- 00.003019)	[00.006246,00.057703]

INFO  Timings:
SM Timing
-----------
00_conversion_livox     	    319	03.696244	(00.011587 +- 00.000349)	[00.009539,00.027519]
01_filter               	    318	00.103601	(00.000326 +- 00.000043)	[00.000161,00.002554]
02_preint               	    316	00.011373	(00.000036 +- 00.000005)	[00.000025,00.000078]
02a_intensity_preprocess	    318	01.003848	(00.003157 +- 00.000359)	[00.001443,00.007316]
03_undistortion         	    316	00.288677	(00.000914 +- 00.000143)	[00.000297,00.008355]
04_sampling             	    315	00.177558	(00.000564 +- 00.000076)	[00.000241,00.002759]
04b_intensity_sampling  	    315	00.260107	(00.000826 +- 00.000115)	[00.000317,00.003066]
05_registration         	    315	01.301986	(00.004133 +- 00.000568)	[00.001159,00.013137]
06_map                  	    315	00.294218	(00.000934 +- 00.000131)	[00.000305,00.002346]
07_imu_opt              	    315	00.404708	(00.001285 +- 00.000104)	[00.000002,00.004487]
08_publish              	    315	03.796738	(00.012053 +- 00.002006)	[00.003309,00.028945]
step                    	    318	07.683625	(00.024162 +- 00.003202)	[00.006246,00.057703]

INFO  Timings:
SM Timing
-----------
00_conversion_livox     	    320	03.706305	(00.011582 +- 00.000348)	[00.009539,00.027519]
01_filter               	    319	00.103800	(00.000325 +- 00.000043)	[00.000161,00.002554]
02_preint               	    317	00.011401	(00.000036 +- 00.000005)	[00.000025,00.000078]
02a_intensity_preprocess	    319	01.005407	(00.003152 +- 00.000378)	[00.001443,00.007316]
03_undistortion         	    317	00.289000	(00.000912 +- 00.000156)	[00.000297,00.008355]
04_sampling             	    316	00.177792	(00.000563 +- 00.000082)	[00.000234,00.002759]
04b_intensity_sampling  	    316	00.260600	(00.000825 +- 00.000119)	[00.000317,00.003066]
05_registration         	    316	01.304415	(00.004128 +- 00.000563)	[00.001159,00.013137]
06_map                  	    316	00.294765	(00.000933 +- 00.000133)	[00.000305,00.002346]
07_imu_opt              	    316	00.405832	(00.001284 +- 00.000104)	[00.000002,00.004487]
08_publish              	    316	03.800833	(00.012028 +- 00.002107)	[00.003309,00.028945]
step                    	    319	07.694702	(00.024121 +- 00.003337)	[00.006246,00.057703]

INFO  Timings:
SM Timing
-----------
00_conversion_livox     	    320	03.706305	(00.011582 +- 00.000348)	[00.009539,00.027519]
01_filter               	    320	00.103989	(00.000325 +- 00.000044)	[00.000161,00.002554]
02_preint               	    318	00.011429	(00.000036 +- 00.000005)	[00.000025,00.000078]
02a_intensity_preprocess	    320	01.007097	(00.003147 +- 00.000391)	[00.001443,00.007316]
03_undistortion         	    318	00.289254	(00.000910 +- 00.000165)	[00.000254,00.008355]
04_sampling             	    317	00.178055	(00.000562 +- 00.000084)	[00.000234,00.002759]
04b_intensity_sampling  	    317	00.260956	(00.000823 +- 00.000128)	[00.000317,00.003066]
05_registration         	    317	01.305600	(00.004119 +- 00.000591)	[00.001159,00.013137]
06_map                  	    317	00.295194	(00.000931 +- 00.000140)	[00.000305,00.002346]
07_imu_opt              	    317	00.406966	(00.001284 +- 00.000104)	[00.000002,00.004487]
08_publish              	    317	03.804924	(00.012003 +- 00.002197)	[00.003309,00.028945]
step                    	    320	07.704381	(00.024076 +- 00.003515)	[00.006246,00.057703]

INFO  Timings:
SM Timing
-----------
00_conversion_livox     	    322	03.726671	(00.011574 +- 00.000344)	[00.009539,00.027519]
01_filter               	    321	00.104178	(00.000325 +- 00.000045)	[00.000161,00.002554]
02_preint               	    319	00.011466	(00.000036 +- 00.000005)	[00.000025,00.000078]
02a_intensity_preprocess	    321	01.008802	(00.003143 +- 00.000401)	[00.001443,00.007316]
03_undistortion         	    319	00.289612	(00.000908 +- 00.000173)	[00.000254,00.008355]
04_sampling             	    318	00.178338	(00.000561 +- 00.000087)	[00.000234,00.002759]
04b_intensity_sampling  	    318	00.261368	(00.000822 +- 00.000133)	[00.000317,00.003066]
05_registration         	    318	01.307410	(00.004111 +- 00.000596)	[00.001159,00.013137]
06_map                  	    318	00.295617	(00.000930 +- 00.000146)	[00.000305,00.002346]
07_imu_opt              	    318	00.408633	(00.001285 +- 00.000118)	[00.000002,00.004487]
08_publish              	    318	03.809479	(00.011979 +- 00.002263)	[00.003309,00.028945]
step                    	    321	07.715886	(00.024037 +- 00.003612)	[00.006246,00.057703]

INFO  Timings:
SM Timing
-----------
00_conversion_livox     	    323	03.736942	(00.011569 +- 00.000340)	[00.009539,00.027519]
01_filter               	    322	00.104379	(00.000324 +- 00.000045)	[00.000161,00.002554]
02_preint               	    320	00.011501	(00.000036 +- 00.000005)	[00.000025,00.000078]
02a_intensity_preprocess	    322	01.010548	(00.003138 +- 00.000410)	[00.001443,00.007316]
03_undistortion         	    320	00.290007	(00.000906 +- 00.000179)	[00.000254,00.008355]
04_sampling             	    319	00.178725	(00.000560 +- 00.000087)	[00.000234,00.002759]
04b_intensity_sampling  	    319	00.261907	(00.000821 +- 00.000131)	[00.000317,00.003066]
05_registration         	    319	01.309552	(00.004105 +- 00.000595)	[00.001159,00.013137]
06_map                  	    319	00.296133	(00.000928 +- 00.000149)	[00.000305,00.002346]
07_imu_opt              	    319	00.410327	(00.001286 +- 00.000134)	[00.000002,00.004487]
08_publish              	    319	03.814096	(00.011956 +- 00.002320)	[00.003309,00.028945]
step                    	    322	07.728233	(00.024001 +- 00.003671)	[00.006246,00.057703]

INFO  Timings:
SM Timing
-----------
00_conversion_livox     	    324	03.747142	(00.011565 +- 00.000341)	[00.009539,00.027519]
01_filter               	    323	00.104636	(00.000324 +- 00.000045)	[00.000161,00.002554]
02_preint               	    321	00.011538	(00.000036 +- 00.000005)	[00.000025,00.000078]
02a_intensity_preprocess	    323	01.012257	(00.003134 +- 00.000419)	[00.001443,00.007316]
03_undistortion         	    321	00.290410	(00.000905 +- 00.000185)	[00.000254,00.008355]
04_sampling             	    320	00.179078	(00.000560 +- 00.000087)	[00.000234,00.002759]
04b_intensity_sampling  	    320	00.262428	(00.000820 +- 00.000132)	[00.000317,00.003066]
05_registration         	    320	01.310823	(00.004096 +- 00.000616)	[00.001159,00.013137]
06_map                  	    320	00.296684	(00.000927 +- 00.000148)	[00.000305,00.002346]
07_imu_opt              	    320	00.411740	(00.001287 +- 00.000136)	[00.000002,00.004487]
08_publish              	    320	03.818757	(00.011934 +- 00.002369)	[00.003309,00.028945]
step                    	    323	07.739479	(00.023961 +- 00.003757)	[00.006246,00.057703]

INFO  Timings:
SM Timing
-----------
00_conversion_livox     	    325	03.757282	(00.011561 +- 00.000342)	[00.009539,00.027519]
01_filter               	    324	00.104825	(00.000324 +- 00.000046)	[00.000161,00.002554]
02_preint               	    322	00.011575	(00.000036 +- 00.000005)	[00.000025,00.000078]
02a_intensity_preprocess	    324	01.014002	(00.003130 +- 00.000426)	[00.001443,00.007316]
03_undistortion         	    322	00.290797	(00.000903 +- 00.000191)	[00.000254,00.008355]
04_sampling             	    321	00.179442	(00.000559 +- 00.000088)	[00.000234,00.002759]
04b_intensity_sampling  	    321	00.262925	(00.000819 +- 00.000135)	[00.000317,00.003066]
05_registration         	    321	01.312101	(00.004088 +- 00.000635)	[00.001159,00.013137]
06_map                  	    321	00.297148	(00.000926 +- 00.000152)	[00.000305,00.002346]
07_imu_opt              	    321	00.412857	(00.001286 +- 00.000137)	[00.000002,00.004487]
08_publish              	    321	03.823567	(00.011911 +- 00.002410)	[00.003309,00.028945]
step                    	    324	07.750406	(00.023921 +- 00.003850)	[00.006246,00.057703]

INFO  Timings:
SM Timing
-----------
00_conversion_livox     	    326	03.767138	(00.011556 +- 00.000349)	[00.009539,00.027519]
01_filter               	    325	00.105061	(00.000323 +- 00.000046)	[00.000161,00.002554]
02_preint               	    323	00.011602	(00.000036 +- 00.000005)	[00.000025,00.000078]
02a_intensity_preprocess	    325	01.015691	(00.003125 +- 00.000434)	[00.001443,00.007316]
03_undistortion         	    323	00.291444	(00.000902 +- 00.000188)	[00.000254,00.008355]
04_sampling             	    322	00.179790	(00.000558 +- 00.000086)	[00.000234,00.002759]
04b_intensity_sampling  	    322	00.263465	(00.000818 +- 00.000135)	[00.000317,00.003066]
05_registration         	    322	01.317687	(00.004092 +- 00.000779)	[00.001159,00.013137]
06_map                  	    322	00.297604	(00.000924 +- 00.000155)	[00.000305,00.002346]
07_imu_opt              	    322	00.414467	(00.001287 +- 00.000145)	[00.000002,00.004487]
08_publish              	    322	03.828640	(00.011890 +- 00.002438)	[00.003309,00.028945]
step                    	    325	07.766688	(00.023898 +- 00.003837)	[00.006246,00.057703]

INFO  Timings:
SM Timing
-----------
00_conversion_livox     	    327	03.777845	(00.011553 +- 00.000353)	[00.009539,00.027519]
01_filter               	    326	00.105273	(00.000323 +- 00.000046)	[00.000161,00.002554]
02_preint               	    324	00.011634	(00.000036 +- 00.000005)	[00.000025,00.000078]
02a_intensity_preprocess	    326	01.017525	(00.003121 +- 00.000435)	[00.001443,00.007316]
03_undistortion         	    324	00.291841	(00.000901 +- 00.000191)	[00.000254,00.008355]
04_sampling             	    323	00.180104	(00.000558 +- 00.000087)	[00.000234,00.002759]
04b_intensity_sampling  	    323	00.263993	(00.000817 +- 00.000136)	[00.000317,00.003066]
05_registration         	    323	01.319209	(00.004084 +- 00.000779)	[00.001159,00.013137]
06_map                  	    323	00.298236	(00.000923 +- 00.000153)	[00.000305,00.002346]
07_imu_opt              	    323	00.415708	(00.001287 +- 00.000142)	[00.000002,00.004487]
08_publish              	    323	03.833854	(00.011870 +- 00.002449)	[00.003309,00.028945]
step                    	    326	07.778692	(00.023861 +- 00.003851)	[00.006246,00.057703]

INFO  Timings:
SM Timing
-----------
00_conversion_livox     	    328	03.789169	(00.011552 +- 00.000378)	[00.009539,00.027519]
01_filter               	    327	00.105498	(00.000323 +- 00.000045)	[00.000161,00.002554]
02_preint               	    325	00.011665	(00.000036 +- 00.000005)	[00.000025,00.000078]
02a_intensity_preprocess	    327	01.019316	(00.003117 +- 00.000437)	[00.001443,00.007316]
03_undistortion         	    325	00.292272	(00.000899 +- 00.000193)	[00.000254,00.008355]
04_sampling             	    324	00.180483	(00.000557 +- 00.000087)	[00.000234,00.002759]
04b_intensity_sampling  	    324	00.264547	(00.000817 +- 00.000136)	[00.000317,00.003066]
05_registration         	    324	01.321105	(00.004077 +- 00.000751)	[00.001159,00.013137]
06_map                  	    324	00.298821	(00.000922 +- 00.000152)	[00.000305,00.002346]
07_imu_opt              	    324	00.417251	(00.001288 +- 00.000147)	[00.000002,00.004487]
08_publish              	    324	03.838865	(00.011848 +- 00.002446)	[00.003309,00.028945]
step                    	    327	07.791209	(00.023826 +- 00.003822)	[00.006246,00.057703]

INFO  Timings:
SM Timing
-----------
00_conversion_livox     	    329	03.800964	(00.011553 +- 00.000416)	[00.009539,00.027519]
01_filter               	    328	00.105744	(00.000322 +- 00.000045)	[00.000161,00.002554]
02_preint               	    326	00.011695	(00.000036 +- 00.000005)	[00.000025,00.000078]
02a_intensity_preprocess	    328	01.021100	(00.003113 +- 00.000434)	[00.001443,00.007316]
03_undistortion         	    326	00.292677	(00.000898 +- 00.000194)	[00.000254,00.008355]
04_sampling             	    325	00.180746	(00.000556 +- 00.000089)	[00.000234,00.002759]
04b_intensity_sampling  	    325	00.265033	(00.000815 +- 00.000138)	[00.000317,00.003066]
05_registration         	    325	01.322521	(00.004069 +- 00.000759)	[00.001159,00.013137]
06_map                  	    325	00.299213	(00.000921 +- 00.000157)	[00.000305,00.002346]
07_imu_opt              	    325	00.418474	(00.001288 +- 00.000147)	[00.000002,00.004487]
08_publish              	    325	03.843784	(00.011827 +- 00.002432)	[00.003309,00.028945]
step                    	    328	07.802435	(00.023788 +- 00.003830)	[00.006246,00.057703]

INFO  Timings:
SM Timing
-----------
00_conversion_livox     	    330	03.812103	(00.011552 +- 00.000429)	[00.009539,00.027519]
01_filter               	    329	00.105949	(00.000322 +- 00.000043)	[00.000161,00.002554]
02_preint               	    327	00.011734	(00.000036 +- 00.000005)	[00.000025,00.000078]
02a_intensity_preprocess	    329	01.022887	(00.003109 +- 00.000429)	[00.001443,00.007316]
03_undistortion         	    327	00.293122	(00.000896 +- 00.000196)	[00.000254,00.008355]
04_sampling             	    326	00.181191	(00.000556 +- 00.000088)	[00.000234,00.002759]
04b_intensity_sampling  	    326	00.265556	(00.000815 +- 00.000138)	[00.000317,00.003066]
05_registration         	    326	01.324738	(00.004064 +- 00.000758)	[00.001159,00.013137]
06_map                  	    326	00.299842	(00.000920 +- 00.000156)	[00.000305,00.002346]
07_imu_opt              	    326	00.419792	(00.001288 +- 00.000146)	[00.000002,00.004487]
08_publish              	    326	03.848425	(00.011805 +- 00.002412)	[00.003309,00.028945]
step                    	    329	07.814736	(00.023753 +- 00.003797)	[00.006246,00.057703]

INFO  Timings:
SM Timing
-----------
00_conversion_livox     	    331	03.822341	(00.011548 +- 00.000417)	[00.009539,00.027519]
01_filter               	    330	00.106192	(00.000322 +- 00.000043)	[00.000161,00.002554]
02_preint               	    328	00.011762	(00.000036 +- 00.000005)	[00.000025,00.000078]
02a_intensity_preprocess	    330	01.024629	(00.003105 +- 00.000424)	[00.001443,00.007316]
03_undistortion         	    328	00.293508	(00.000895 +- 00.000198)	[00.000254,00.008355]
04_sampling             	    327	00.181560	(00.000555 +- 00.000088)	[00.000234,00.002759]
04b_intensity_sampling  	    327	00.266072	(00.000814 +- 00.000137)	[00.000317,00.003066]
05_registration         	    327	01.326603	(00.004057 +- 00.000755)	[00.001159,00.013137]
06_map                  	    327	00.300374	(00.000919 +- 00.000154)	[00.000305,00.002346]
07_imu_opt              	    327	00.420990	(00.001287 +- 00.000147)	[00.000002,00.004487]
08_publish              	    327	03.852992	(00.011783 +- 00.002387)	[00.003309,00.028945]
step                    	    330	07.826245	(00.023716 +- 00.003762)	[00.006246,00.057703]

INFO  Timings:
SM Timing
-----------
00_conversion_livox     	    332	03.832674	(00.011544 +- 00.000417)	[00.009539,00.027519]
01_filter               	    331	00.106402	(00.000321 +- 00.000040)	[00.000161,00.002554]
02_preint               	    329	00.011792	(00.000036 +- 00.000005)	[00.000025,00.000078]
02a_intensity_preprocess	    331	01.026343	(00.003101 +- 00.000420)	[00.001443,00.007316]
03_undistortion         	    329	00.293883	(00.000893 +- 00.000200)	[00.000254,00.008355]
04_sampling             	    328	00.181916	(00.000555 +- 00.000087)	[00.000234,00.002759]
04b_intensity_sampling  	    328	00.266609	(00.000813 +- 00.000130)	[00.000317,00.003066]
05_registration         	    328	01.328169	(00.004049 +- 00.000761)	[00.001159,00.013137]
06_map                  	    328	00.300946	(00.000918 +- 00.000153)	[00.000305,00.002346]
07_imu_opt              	    328	00.422374	(00.001288 +- 00.000148)	[00.000002,00.004487]
08_publish              	    328	03.857405	(00.011760 +- 00.002374)	[00.003309,00.028945]
step                    	    331	07.837476	(00.023678 +- 00.003745)	[00.006246,00.057703]

INFO  Timings:
SM Timing
-----------
00_conversion_livox     	    333	03.843611	(00.011542 +- 00.000412)	[00.009539,00.027519]
01_filter               	    332	00.106623	(00.000321 +- 00.000040)	[00.000161,00.002554]
02_preint               	    330	00.011823	(00.000036 +- 00.000005)	[00.000025,00.000078]
02a_intensity_preprocess	    332	01.028022	(00.003096 +- 00.000416)	[00.001443,00.007316]
03_undistortion         	    330	00.294189	(00.000891 +- 00.000201)	[00.000254,00.008355]
04_sampling             	    329	00.182222	(00.000554 +- 00.000087)	[00.000234,00.002759]
04b_intensity_sampling  	    329	00.267051	(00.000812 +- 00.000127)	[00.000317,00.003066]
05_registration         	    329	01.330087	(00.004043 +- 00.000755)	[00.001159,00.013137]
06_map                  	    329	00.301378	(00.000916 +- 00.000147)	[00.000305,00.002346]
07_imu_opt              	    329	00.423705	(00.001288 +- 00.000148)	[00.000002,00.004487]
08_publish              	    329	03.861504	(00.011737 +- 00.002361)	[00.003309,00.028945]
step                    	    332	07.848285	(00.023639 +- 00.003707)	[00.006246,00.057703]

INFO  Timings:
SM Timing
-----------
00_conversion_livox     	    334	03.854427	(00.011540 +- 00.000414)	[00.009539,00.027519]
01_filter               	    333	00.106929	(00.000321 +- 00.000041)	[00.000161,00.002554]
02_preint               	    331	00.011856	(00.000036 +- 00.000004)	[00.000025,00.000078]
02a_intensity_preprocess	    333	01.029687	(00.003092 +- 00.000413)	[00.001443,00.007316]
03_undistortion         	    331	00.294527	(00.000890 +- 00.000205)	[00.000254,00.008355]
04_sampling             	    330	00.182489	(00.000553 +- 00.000089)	[00.000234,00.002759]
04b_intensity_sampling  	    330	00.267444	(00.000810 +- 00.000131)	[00.000317,00.003066]
05_registration         	    330	01.331927	(00.004036 +- 00.000757)	[00.001159,00.013137]
06_map                  	    330	00.301770	(00.000914 +- 00.000149)	[00.000305,00.002346]
07_imu_opt              	    330	00.425194	(00.001288 +- 00.000151)	[00.000002,00.004487]
08_publish              	    330	03.865603	(00.011714 +- 00.002362)	[00.003309,00.028945]
step                    	    333	07.859199	(00.023601 +- 00.003718)	[00.006246,00.057703]

INFO  Timings:
SM Timing
-----------
00_conversion_livox     	    335	03.865207	(00.011538 +- 00.000412)	[00.009539,00.027519]
01_filter               	    334	00.107146	(00.000321 +- 00.000040)	[00.000161,00.002554]
02_preint               	    332	00.011887	(00.000036 +- 00.000004)	[00.000025,00.000078]
02a_intensity_preprocess	    334	01.031336	(00.003088 +- 00.000410)	[00.001443,00.007316]
03_undistortion         	    332	00.295050	(00.000889 +- 00.000203)	[00.000254,00.008355]
04_sampling             	    331	00.182763	(00.000552 +- 00.000091)	[00.000234,00.002759]
04b_intensity_sampling  	    331	00.267831	(00.000809 +- 00.000133)	[00.000317,00.003066]
05_registration         	    331	01.333116	(00.004028 +- 00.000762)	[00.001159,00.013137]
06_map                  	    331	00.302162	(00.000913 +- 00.000152)	[00.000305,00.002346]
07_imu_opt              	    331	00.426549	(00.001289 +- 00.000151)	[00.000002,00.004487]
08_publish              	    331	03.869581	(00.011691 +- 00.002353)	[00.003309,00.028945]
step                    	    334	07.869257	(00.023561 +- 00.003712)	[00.006246,00.057703]

INFO  Timings:
SM Timing
-----------
00_conversion_livox     	    336	03.875585	(00.011534 +- 00.000410)	[00.009539,00.027519]
01_filter               	    335	00.107532	(00.000321 +- 00.000045)	[00.000161,00.002554]
02_preint               	    333	00.011924	(00.000036 +- 00.000004)	[00.000025,00.000078]
02a_intensity_preprocess	    335	01.032845	(00.003083 +- 00.000409)	[00.001443,00.007316]
03_undistortion         	    333	00.295374	(00.000887 +- 00.000205)	[00.000254,00.008355]
04_sampling             	    332	00.183031	(00.000551 +- 00.000093)	[00.000234,00.002759]
04b_intensity_sampling  	    332	00.268252	(00.000808 +- 00.000135)	[00.000317,00.003066]
05_registration         	    332	01.334419	(00.004019 +- 00.000772)	[00.001159,00.013137]
06_map                  	    332	00.302743	(00.000912 +- 00.000151)	[00.000305,00.002346]
07_imu_opt              	    332	00.427722	(00.001288 +- 00.000152)	[00.000002,00.004487]
08_publish              	    332	03.873359	(00.011667 +- 00.002353)	[00.003309,00.028945]
step                    	    335	07.879109	(00.023520 +- 00.003738)	[00.006246,00.057703]

INFO  Timings:
SM Timing
-----------
00_conversion_livox     	    337	03.886219	(00.011532 +- 00.000405)	[00.009539,00.027519]
01_filter               	    336	00.107692	(00.000321 +- 00.000047)	[00.000160,00.002554]
02_preint               	    334	00.011959	(00.000036 +- 00.000004)	[00.000025,00.000078]
02a_intensity_preprocess	    336	01.034391	(00.003079 +- 00.000408)	[00.001443,00.007316]
03_undistortion         	    334	00.295697	(00.000885 +- 00.000207)	[00.000254,00.008355]
04_sampling             	    333	00.183301	(00.000550 +- 00.000093)	[00.000234,00.002759]
04b_intensity_sampling  	    333	00.268677	(00.000807 +- 00.000135)	[00.000317,00.003066]
05_registration         	    333	01.335815	(00.004011 +- 00.000779)	[00.001159,00.013137]
06_map                  	    333	00.303255	(00.000911 +- 00.000151)	[00.000305,00.002346]
07_imu_opt              	    333	00.428865	(00.001288 +- 00.000153)	[00.000002,00.004487]
08_publish              	    333	03.876894	(00.011642 +- 00.002348)	[00.003309,00.028945]
step                    	    336	07.888532	(00.023478 +- 00.003755)	[00.006246,00.057703]

INFO  Timings:
SM Timing
-----------
00_conversion_livox     	    338	03.897011	(00.011530 +- 00.000405)	[00.009539,00.027519]
01_filter               	    337	00.107868	(00.000320 +- 00.000047)	[00.000160,00.002554]
02_preint               	    335	00.011989	(00.000036 +- 00.000004)	[00.000025,00.000078]
02a_intensity_preprocess	    337	01.035889	(00.003074 +- 00.000406)	[00.001443,00.007316]
03_undistortion         	    335	00.296133	(00.000884 +- 00.000206)	[00.000254,00.008355]
04_sampling             	    334	00.183644	(00.000550 +- 00.000091)	[00.000234,00.002759]
04b_intensity_sampling  	    334	00.269129	(00.000806 +- 00.000128)	[00.000317,00.003066]
05_registration         	    334	01.337956	(00.004006 +- 00.000768)	[00.001159,00.013137]
06_map                  	    334	00.303795	(00.000910 +- 00.000151)	[00.000305,00.002346]
07_imu_opt              	    334	00.430127	(00.001288 +- 00.000152)	[00.000002,00.004487]
08_publish              	    334	03.880235	(00.011617 +- 00.002340)	[00.003309,00.028945]
step                    	    337	07.898820	(00.023439 +- 00.003714)	[00.006246,00.057703]

INFO  Timings:
SM Timing
-----------
00_conversion_livox     	    339	03.907853	(00.011528 +- 00.000404)	[00.009539,00.027519]
01_filter               	    338	00.108057	(00.000320 +- 00.000048)	[00.000160,00.002554]
02_preint               	    336	00.012020	(00.000036 +- 00.000004)	[00.000025,00.000078]
02a_intensity_preprocess	    338	01.037340	(00.003069 +- 00.000404)	[00.001443,00.007316]
03_undistortion         	    336	00.296405	(00.000882 +- 00.000206)	[00.000254,00.008355]
04_sampling             	    335	00.183887	(00.000549 +- 00.000092)	[00.000234,00.002759]
04b_intensity_sampling  	    335	00.269479	(00.000804 +- 00.000130)	[00.000317,00.003066]
05_registration         	    335	01.339263	(00.003998 +- 00.000765)	[00.001159,00.013137]
06_map                  	    335	00.304275	(00.000908 +- 00.000149)	[00.000305,00.002346]
07_imu_opt              	    335	00.431529	(00.001288 +- 00.000153)	[00.000002,00.004487]
08_publish              	    335	03.883359	(00.011592 +- 00.002323)	[00.003124,00.028945]
step                    	    338	07.907724	(00.023396 +- 00.003690)	[00.006246,00.057703]

INFO  Timings:
SM Timing
-----------
00_conversion_livox     	    340	03.917755	(00.011523 +- 00.000405)	[00.009539,00.027519]
01_filter               	    339	00.108248	(00.000319 +- 00.000048)	[00.000160,00.002554]
02_preint               	    337	00.012056	(00.000036 +- 00.000004)	[00.000025,00.000078]
02a_intensity_preprocess	    339	01.038708	(00.003064 +- 00.000401)	[00.001368,00.007316]
03_undistortion         	    337	00.296743	(00.000881 +- 00.000206)	[00.000254,00.008355]
04_sampling             	    336	00.184264	(00.000548 +- 00.000091)	[00.000234,00.002759]
04b_intensity_sampling  	    336	00.269813	(00.000803 +- 00.000133)	[00.000317,00.003066]
05_registration         	    336	01.341514	(00.003993 +- 00.000751)	[00.001159,00.013137]
06_map                  	    336	00.304616	(00.000907 +- 00.000152)	[00.000305,00.002346]
07_imu_opt              	    336	00.432889	(00.001288 +- 00.000152)	[00.000002,00.004487]
08_publish              	    336	03.886397	(00.011567 +- 00.002303)	[00.003038,00.028945]
step                    	    339	07.917415	(00.023355 +- 00.003625)	[00.006246,00.057703]

INFO  Timings:
SM Timing
-----------
00_conversion_livox     	    341	03.928106	(00.011519 +- 00.000405)	[00.009539,00.027519]
01_filter               	    340	00.108420	(00.000319 +- 00.000048)	[00.000160,00.002554]
02_preint               	    338	00.012084	(00.000036 +- 00.000004)	[00.000025,00.000078]
02a_intensity_preprocess	    340	01.040062	(00.003059 +- 00.000396)	[00.001355,00.007316]
03_undistortion         	    338	00.297046	(00.000879 +- 00.000205)	[00.000254,00.008355]
04_sampling             	    337	00.184523	(00.000548 +- 00.000092)	[00.000234,00.002759]
04b_intensity_sampling  	    337	00.270168	(00.000802 +- 00.000134)	[00.000317,00.003066]
05_registration         	    337	01.342863	(00.003985 +- 00.000757)	[00.001159,00.013137]
06_map                  	    337	00.305008	(00.000905 +- 00.000152)	[00.000305,00.002346]
07_imu_opt              	    337	00.434070	(00.001288 +- 00.000152)	[00.000002,00.004487]
08_publish              	    337	03.889413	(00.011541 +- 00.002270)	[00.003016,00.028945]
step                    	    340	07.925897	(00.023311 +- 00.003611)	[00.006246,00.057703]

INFO  Timings:
SM Timing
-----------
00_conversion_livox     	    342	03.937985	(00.011515 +- 00.000399)	[00.009539,00.027519]
01_filter               	    341	00.108613	(00.000319 +- 00.000049)	[00.000160,00.002554]
02_preint               	    339	00.012121	(00.000036 +- 00.000004)	[00.000025,00.000078]
02a_intensity_preprocess	    341	01.041494	(00.003054 +- 00.000387)	[00.001355,00.007316]
03_undistortion         	    339	00.297344	(00.000877 +- 00.000204)	[00.000254,00.008355]
04_sampling             	    338	00.184792	(00.000547 +- 00.000093)	[00.000234,00.002759]
04b_intensity_sampling  	    338	00.270584	(00.000801 +- 00.000135)	[00.000317,00.003066]
05_registration         	    338	01.345242	(00.003980 +- 00.000751)	[00.001159,00.013137]
06_map                  	    338	00.305451	(00.000904 +- 00.000147)	[00.000305,00.002346]
07_imu_opt              	    338	00.436620	(00.001292 +- 00.000234)	[00.000002,00.004487]
08_publish              	    338	03.892650	(00.011517 +- 00.002225)	[00.003016,00.028945]
step                    	    341	07.937231	(00.023276 +- 00.003512)	[00.006246,00.057703]

INFO  Timings:
SM Timing
-----------
00_conversion_livox     	    343	03.948027	(00.011510 +- 00.000403)	[00.009539,00.027519]
01_filter               	    342	00.108775	(00.000318 +- 00.000050)	[00.000160,00.002554]
02_preint               	    340	00.012147	(00.000036 +- 00.000004)	[00.000025,00.000078]
02a_intensity_preprocess	    342	01.042960	(00.003050 +- 00.000376)	[00.001355,00.007316]
03_undistortion         	    340	00.297649	(00.000875 +- 00.000203)	[00.000254,00.008355]
04_sampling             	    339	00.185052	(00.000546 +- 00.000088)	[00.000234,00.002759]
04b_intensity_sampling  	    339	00.270948	(00.000799 +- 00.000134)	[00.000317,00.003066]
05_registration         	    339	01.347137	(00.003974 +- 00.000746)	[00.001159,00.013137]
06_map                  	    339	00.305925	(00.000902 +- 00.000140)	[00.000305,00.002346]
07_imu_opt              	    339	00.437979	(00.001292 +- 00.000233)	[00.000002,00.004487]
08_publish              	    339	03.896066	(00.011493 +- 00.002164)	[00.003016,00.028945]
step                    	    342	07.947001	(00.023237 +- 00.003409)	[00.006246,00.057703]

INFO  Timings:
SM Timing
-----------
00_conversion_livox     	    344	03.958395	(00.011507 +- 00.000397)	[00.009539,00.027519]
01_filter               	    343	00.108982	(00.000318 +- 00.000049)	[00.000160,00.002554]
02_preint               	    341	00.012184	(00.000036 +- 00.000004)	[00.000025,00.000078]
02a_intensity_preprocess	    343	01.044452	(00.003045 +- 00.000365)	[00.001355,00.007316]
03_undistortion         	    341	00.298011	(00.000874 +- 00.000201)	[00.000254,00.008355]
04_sampling             	    340	00.185297	(00.000545 +- 00.000085)	[00.000234,00.002759]
04b_intensity_sampling  	    340	00.271295	(00.000798 +- 00.000136)	[00.000317,00.003066]
05_registration         	    340	01.348668	(00.003967 +- 00.000747)	[00.001159,00.013137]
06_map                  	    340	00.306332	(00.000901 +- 00.000141)	[00.000305,00.002346]
07_imu_opt              	    340	00.439817	(00.001294 +- 00.000245)	[00.000002,00.004487]
08_publish              	    340	03.899759	(00.011470 +- 00.002102)	[00.003016,00.028945]
step                    	    343	07.957227	(00.023199 +- 00.003325)	[00.006246,00.057703]

INFO  Timings:
SM Timing
-----------
00_conversion_livox     	    345	03.968915	(00.011504 +- 00.000391)	[00.009539,00.027519]
01_filter               	    344	00.109204	(00.000317 +- 00.000049)	[00.000160,00.002554]
02_preint               	    342	00.012214	(00.000036 +- 00.000004)	[00.000025,00.000078]
02a_intensity_preprocess	    344	01.046052	(00.003041 +- 00.000349)	[00.001355,00.007316]
03_undistortion         	    342	00.298587	(00.000873 +- 00.000198)	[00.000254,00.008355]
04_sampling             	    341	00.185588	(00.000544 +- 00.000085)	[00.000234,00.002759]
04b_intensity_sampling  	    341	00.271730	(00.000797 +- 00.000134)	[00.000317,00.003066]
05_registration         	    341	01.351015	(00.003962 +- 00.000746)	[00.001159,00.013137]
06_map                  	    341	00.306838	(00.000900 +- 00.000138)	[00.000305,00.002346]
07_imu_opt              	    341	00.441011	(00.001293 +- 00.000245)	[00.000002,00.004487]
08_publish              	    341	03.903954	(00.011449 +- 00.002032)	[00.003016,00.028945]
step                    	    344	07.968682	(00.023165 +- 00.003227)	[00.006246,00.057703]

INFO  Timings:
SM Timing
-----------
00_conversion_livox     	    346	03.979563	(00.011502 +- 00.000382)	[00.009539,00.027519]
01_filter               	    345	00.109445	(00.000317 +- 00.000046)	[00.000160,00.002554]
02_preint               	    343	00.012249	(00.000036 +- 00.000004)	[00.000025,00.000078]
02a_intensity_preprocess	    345	01.047787	(00.003037 +- 00.000332)	[00.001355,00.007316]
03_undistortion         	    343	00.298992	(00.000872 +- 00.000196)	[00.000254,00.008355]
04_sampling             	    342	00.186021	(00.000544 +- 00.000086)	[00.000234,00.002759]
04b_intensity_sampling  	    342	00.272267	(00.000796 +- 00.000133)	[00.000317,00.003066]
05_registration         	    342	01.352813	(00.003956 +- 00.000746)	[00.001159,00.013137]
06_map                  	    342	00.307404	(00.000899 +- 00.000135)	[00.000305,00.002346]
07_imu_opt              	    342	00.442455	(00.001294 +- 00.000245)	[00.000002,00.004487]
08_publish              	    342	03.908636	(00.011429 +- 00.001966)	[00.003016,00.028945]
step                    	    345	07.980623	(00.023132 +- 00.003140)	[00.006246,00.057703]

INFO  Timings:
SM Timing
-----------
00_conversion_livox     	    347	03.990063	(00.011499 +- 00.000381)	[00.009539,00.027519]
01_filter               	    346	00.109664	(00.000317 +- 00.000045)	[00.000160,00.002554]
02_preint               	    344	00.012286	(00.000036 +- 00.000004)	[00.000025,00.000078]
02a_intensity_preprocess	    346	01.049595	(00.003034 +- 00.000320)	[00.001355,00.007316]
03_undistortion         	    344	00.299379	(00.000870 +- 00.000186)	[00.000254,00.008355]
04_sampling             	    343	00.186371	(00.000543 +- 00.000085)	[00.000234,00.002759]
04b_intensity_sampling  	    343	00.272726	(00.000795 +- 00.000128)	[00.000317,00.003066]
05_registration         	    343	01.355016	(00.003950 +- 00.000709)	[00.001159,00.013137]
06_map                  	    343	00.307912	(00.000898 +- 00.000131)	[00.000305,00.002346]
07_imu_opt              	    343	00.443617	(00.001293 +- 00.000246)	[00.000002,00.004487]
08_publish              	    343	03.914123	(00.011411 +- 00.001883)	[00.003016,00.028945]
step                    	    346	07.993319	(00.023102 +- 00.002963)	[00.006246,00.057703]

INFO  Timings:
SM Timing
-----------
00_conversion_livox     	    348	04.000533	(00.011496 +- 00.000381)	[00.009539,00.027519]
01_filter               	    347	00.109891	(00.000317 +- 00.000045)	[00.000160,00.002554]
02_preint               	    345	00.012323	(00.000036 +- 00.000004)	[00.000025,00.000078]
02a_intensity_preprocess	    347	01.051581	(00.003030 +- 00.000304)	[00.001355,00.007316]
03_undistortion         	    345	00.299994	(00.000870 +- 00.000178)	[00.000254,00.008355]
04_sampling             	    344	00.186758	(00.000543 +- 00.000081)	[00.000234,00.002759]
04b_intensity_sampling  	    344	00.273264	(00.000794 +- 00.000121)	[00.000317,00.003066]
05_registration         	    344	01.357128	(00.003945 +- 00.000678)	[00.001159,00.013137]
06_map                  	    344	00.308513	(00.000897 +- 00.000127)	[00.000305,00.002346]
07_imu_opt              	    344	00.445697	(00.001296 +- 00.000268)	[00.000002,00.004487]
08_publish              	    344	03.920534	(00.011397 +- 00.001794)	[00.003016,00.028945]
step                    	    347	08.008358	(00.023079 +- 00.002790)	[00.006246,00.057703]

INFO  Timings:
SM Timing
-----------
00_conversion_livox     	    349	04.011216	(00.011493 +- 00.000381)	[00.009539,00.027519]
01_filter               	    348	00.110163	(00.000317 +- 00.000045)	[00.000160,00.002554]
02_preint               	    346	00.012360	(00.000036 +- 00.000004)	[00.000025,00.000078]
02a_intensity_preprocess	    348	01.053686	(00.003028 +- 00.000290)	[00.001355,00.007316]
03_undistortion         	    346	00.300670	(00.000869 +- 00.000174)	[00.000254,00.008355]
04_sampling             	    345	00.187207	(00.000543 +- 00.000082)	[00.000234,00.002759]
04b_intensity_sampling  	    345	00.273863	(00.000794 +- 00.000115)	[00.000317,00.003066]
05_registration         	    345	01.359591	(00.003941 +- 00.000681)	[00.001159,00.013137]
06_map                  	    345	00.309155	(00.000896 +- 00.000115)	[00.000305,00.002346]
07_imu_opt              	    345	00.446880	(00.001295 +- 00.000269)	[00.000002,00.004487]
08_publish              	    345	03.927631	(00.011384 +- 00.001719)	[00.003016,00.028945]
step                    	    348	08.023968	(00.023057 +- 00.002692)	[00.006246,00.057703]

INFO  Timings:
SM Timing
-----------
00_conversion_livox     	    350	04.021855	(00.011491 +- 00.000381)	[00.009539,00.027519]
01_filter               	    349	00.110414	(00.000316 +- 00.000045)	[00.000160,00.002554]
02_preint               	    347	00.012396	(00.000036 +- 00.000004)	[00.000025,00.000078]
02a_intensity_preprocess	    349	01.055832	(00.003025 +- 00.000278)	[00.001355,00.007316]
03_undistortion         	    347	00.301334	(00.000868 +- 00.000168)	[00.000254,00.008355]
04_sampling             	    346	00.187644	(00.000542 +- 00.000078)	[00.000234,00.002759]
04b_intensity_sampling  	    346	00.274437	(00.000793 +- 00.000108)	[00.000317,00.003066]
05_registration         	    346	01.361980	(00.003936 +- 00.000673)	[00.001159,00.013137]
06_map                  	    346	00.309715	(00.000895 +- 00.000112)	[00.000305,00.002346]
07_imu_opt              	    346	00.448072	(00.001295 +- 00.000269)	[00.000002,00.004487]
08_publish              	    346	03.934820	(00.011372 +- 00.001639)	[00.003016,00.028945]
step                    	    349	08.039463	(00.023036 +- 00.002547)	[00.006246,00.057703]

INFO  Timings:
SM Timing
-----------
00_conversion_livox     	    351	04.032296	(00.011488 +- 00.000381)	[00.009539,00.027519]
01_filter               	    350	00.110656	(00.000316 +- 00.000045)	[00.000160,00.002554]
02_preint               	    348	00.012433	(00.000036 +- 00.000004)	[00.000025,00.000078]
02a_intensity_preprocess	    350	01.057972	(00.003023 +- 00.000260)	[00.001355,00.007316]
03_undistortion         	    348	00.301982	(00.000868 +- 00.000163)	[00.000254,00.008355]
04_sampling             	    347	00.188083	(00.000542 +- 00.000078)	[00.000234,00.002759]
04b_intensity_sampling  	    347	00.275046	(00.000793 +- 00.000108)	[00.000317,00.003066]
05_registration         	    347	01.363731	(00.003930 +- 00.000673)	[00.001159,00.013137]
06_map                  	    347	00.310441	(00.000895 +- 00.000111)	[00.000305,00.002346]
07_imu_opt              	    347	00.449739	(00.001296 +- 00.000273)	[00.000002,00.004487]
08_publish              	    347	03.941976	(00.011360 +- 00.001564)	[00.003016,00.028945]
step                    	    350	08.054935	(00.023014 +- 00.002466)	[00.006246,00.057703]

INFO  Timings:
SM Timing
-----------
00_conversion_livox     	    352	04.043540	(00.011487 +- 00.000396)	[00.009539,00.027519]
01_filter               	    351	00.110886	(00.000316 +- 00.000045)	[00.000160,00.002554]
02_preint               	    349	00.012470	(00.000036 +- 00.000004)	[00.000025,00.000078]
02a_intensity_preprocess	    351	01.059942	(00.003020 +- 00.000247)	[00.001355,00.007316]
03_undistortion         	    349	00.302574	(00.000867 +- 00.000154)	[00.000254,00.008355]
04_sampling             	    348	00.188390	(00.000541 +- 00.000077)	[00.000234,00.002759]
04b_intensity_sampling  	    348	00.275613	(00.000792 +- 00.000098)	[00.000317,00.003066]
05_registration         	    348	01.366648	(00.003927 +- 00.000683)	[00.001159,00.013137]
06_map                  	    348	00.311026	(00.000894 +- 00.000100)	[00.000305,00.002346]
07_imu_opt              	    348	00.451040	(00.001296 +- 00.000272)	[00.000002,00.004487]
08_publish              	    348	03.948625	(00.011347 +- 00.001496)	[00.003016,00.028945]
step                    	    351	08.070185	(00.022992 +- 00.002360)	[00.006246,00.057703]

INFO  Timings:
SM Timing
-----------
00_conversion_livox     	    353	04.055220	(00.011488 +- 00.000429)	[00.009539,00.027519]
01_filter               	    352	00.111125	(00.000316 +- 00.000045)	[00.000160,00.002554]
02_preint               	    350	00.012520	(00.000036 +- 00.000005)	[00.000025,00.000078]
02a_intensity_preprocess	    352	01.061887	(00.003017 +- 00.000234)	[00.001355,00.007316]
03_undistortion         	    350	00.303178	(00.000866 +- 00.000153)	[00.000254,00.008355]
04_sampling             	    349	00.188698	(00.000541 +- 00.000075)	[00.000234,00.002759]
04b_intensity_sampling  	    349	00.276093	(00.000791 +- 00.000094)	[00.000317,00.003066]
05_registration         	    349	01.368810	(00.003922 +- 00.000678)	[00.001159,00.013137]
06_map                  	    349	00.311536	(00.000893 +- 00.000099)	[00.000305,00.002346]
07_imu_opt              	    349	00.452261	(00.001296 +- 00.000270)	[00.000002,00.004487]
08_publish              	    349	03.953810	(00.011329 +- 00.001418)	[00.003016,00.028945]
step                    	    352	08.082950	(00.022963 +- 00.002255)	[00.006246,00.057703]

INFO  Timings:
SM Timing
-----------
00_conversion_livox     	    354	04.066009	(00.011486 +- 00.000425)	[00.009539,00.027519]
01_filter               	    353	00.111302	(00.000315 +- 00.000045)	[00.000160,00.002554]
02_preint               	    351	00.012553	(00.000036 +- 00.000005)	[00.000025,00.000078]
02a_intensity_preprocess	    353	01.063423	(00.003013 +- 00.000228)	[00.001355,00.007316]
03_undistortion         	    351	00.303470	(00.000865 +- 00.000150)	[00.000254,00.008355]
04_sampling             	    350	00.188910	(00.000540 +- 00.000066)	[00.000211,00.002759]
04b_intensity_sampling  	    350	00.276380	(00.000790 +- 00.000097)	[00.000287,00.003066]
05_registration         	    350	01.370901	(00.003917 +- 00.000673)	[00.001159,00.013137]
06_map                  	    350	00.311895	(00.000891 +- 00.000096)	[00.000305,00.002346]
07_imu_opt              	    350	00.453442	(00.001296 +- 00.000269)	[00.000002,00.004487]
08_publish              	    350	03.957761	(00.011308 +- 00.001351)	[00.003016,00.028945]
step                    	    353	08.093125	(00.022927 +- 00.002164)	[00.006246,00.057703]

INFO  Timings:
SM Timing
-----------
00_conversion_livox     	    355	04.076881	(00.011484 +- 00.000426)	[00.009539,00.027519]
01_filter               	    354	00.111515	(00.000315 +- 00.000045)	[00.000160,00.002554]
02_preint               	    352	00.012589	(00.000036 +- 00.000005)	[00.000025,00.000078]
02a_intensity_preprocess	    354	01.064879	(00.003008 +- 00.000220)	[00.001355,00.007316]
03_undistortion         	    352	00.303938	(00.000863 +- 00.000146)	[00.000254,00.008355]
04_sampling             	    351	00.189219	(00.000539 +- 00.000063)	[00.000211,00.002759]
04b_intensity_sampling  	    351	00.276747	(00.000788 +- 00.000095)	[00.000287,00.003066]
05_registration         	    351	01.373115	(00.003912 +- 00.000674)	[00.001159,00.013137]
06_map                  	    351	00.312212	(00.000889 +- 00.000099)	[00.000305,00.002346]
07_imu_opt              	    351	00.454907	(00.001296 +- 00.000268)	[00.000002,00.004487]
08_publish              	    351	03.960963	(00.011285 +- 00.001305)	[00.003016,00.028945]
step                    	    354	08.103221	(00.022890 +- 00.002111)	[00.006246,00.057703]

INFO  Timings:
SM Timing
-----------
00_conversion_livox     	    356	04.087698	(00.011482 +- 00.000425)	[00.009539,00.027519]
01_filter               	    355	00.111688	(00.000315 +- 00.000046)	[00.000160,00.002554]
02_preint               	    353	00.012621	(00.000036 +- 00.000004)	[00.000025,00.000078]
02a_intensity_preprocess	    355	01.066224	(00.003003 +- 00.000217)	[00.001345,00.007316]
03_undistortion         	    353	00.304319	(00.000862 +- 00.000136)	[00.000254,00.008355]
04_sampling             	    352	00.189493	(00.000538 +- 00.000062)	[00.000211,00.002759]
04b_intensity_sampling  	    352	00.277064	(00.000787 +- 00.000096)	[00.000287,00.003066]
05_registration         	    352	01.374672	(00.003905 +- 00.000674)	[00.001159,00.013137]
06_map                  	    352	00.312647	(00.000888 +- 00.000099)	[00.000305,00.002346]
07_imu_opt              	    352	00.456062	(00.001296 +- 00.000268)	[00.000002,00.004487]
08_publish              	    352	03.963508	(00.011260 +- 00.001269)	[00.002546,00.028945]
step                    	    355	08.111492	(00.022849 +- 00.002082)	[00.006246,00.057703]

INFO  Timings:
SM Timing
-----------
00_conversion_livox     	    357	04.098042	(00.011479 +- 00.000425)	[00.009539,00.027519]
01_filter               	    356	00.111842	(00.000314 +- 00.000046)	[00.000154,00.002554]
02_preint               	    354	00.012658	(00.000036 +- 00.000004)	[00.000025,00.000078]
02a_intensity_preprocess	    356	01.067512	(00.002999 +- 00.000215)	[00.001288,00.007316]
03_undistortion         	    354	00.304569	(00.000860 +- 00.000138)	[00.000249,00.008355]
04_sampling             	    353	00.189665	(00.000537 +- 00.000065)	[00.000172,00.002759]
04b_intensity_sampling  	    353	00.277353	(00.000786 +- 00.000095)	[00.000287,00.003066]
05_registration         	    353	01.376328	(00.003899 +- 00.000672)	[00.001159,00.013137]
06_map                  	    353	00.312957	(00.000887 +- 00.000104)	[00.000305,00.002346]
07_imu_opt              	    353	00.457236	(00.001295 +- 00.000267)	[00.000002,00.004487]
08_publish              	    353	03.965684	(00.011234 +- 00.001244)	[00.002175,00.028945]
step                    	    356	08.119060	(00.022806 +- 00.002079)	[00.006246,00.057703]

INFO  Timings:
SM Timing
-----------
00_conversion_livox     	    358	04.108350	(00.011476 +- 00.000426)	[00.009539,00.027519]
01_filter               	    357	00.111994	(00.000314 +- 00.000047)	[00.000152,00.002554]
02_preint               	    355	00.012696	(00.000036 +- 00.000004)	[00.000025,00.000078]
02a_intensity_preprocess	    357	01.068689	(00.002994 +- 00.000219)	[00.001177,00.007316]
03_undistortion         	    355	00.304775	(00.000859 +- 00.000139)	[00.000207,00.008355]
04_sampling             	    354	00.189788	(00.000536 +- 00.000071)	[00.000123,00.002759]
04b_intensity_sampling  	    354	00.277602	(00.000784 +- 00.000100)	[00.000249,00.003066]
05_registration         	    354	01.377565	(00.003891 +- 00.000670)	[00.001159,00.013137]
06_map                  	    354	00.313236	(00.000885 +- 00.000108)	[00.000279,00.002346]
07_imu_opt              	    354	00.458388	(00.001295 +- 00.000267)	[00.000002,00.004487]
08_publish              	    354	03.967491	(00.011208 +- 00.001247)	[00.001807,00.028945]
step                    	    357	08.125542	(00.022761 +- 00.002123)	[00.006246,00.057703]

INFO  Timings:
SM Timing
-----------
00_conversion_livox     	    359	04.118347	(00.011472 +- 00.000431)	[00.009539,00.027519]
01_filter               	    358	00.112134	(00.000313 +- 00.000049)	[00.000140,00.002554]
02_preint               	    356	00.012732	(00.000036 +- 00.000004)	[00.000025,00.000078]
02a_intensity_preprocess	    358	01.069778	(00.002988 +- 00.000229)	[00.001089,00.007316]
03_undistortion         	    356	00.304983	(00.000857 +- 00.000138)	[00.000207,00.008355]
04_sampling             	    355	00.189925	(00.000535 +- 00.000075)	[00.000123,00.002759]
04b_intensity_sampling  	    355	00.277855	(00.000783 +- 00.000103)	[00.000249,00.003066]
05_registration         	    355	01.378941	(00.003884 +- 00.000674)	[00.001159,00.013137]
06_map                  	    355	00.313533	(00.000883 +- 00.000109)	[00.000279,00.002346]
07_imu_opt              	    355	00.459520	(00.001294 +- 00.000267)	[00.000002,00.004487]
08_publish              	    355	03.969028	(00.011180 +- 00.001272)	[00.001538,00.028945]
step                    	    358	08.131792	(00.022715 +- 00.002204)	[00.006246,00.057703]

INFO  Timings:
SM Timing
-----------
00_conversion_livox     	    360	04.128323	(00.011468 +- 00.000438)	[00.009539,00.027519]
01_filter               	    359	00.112280	(00.000313 +- 00.000050)	[00.000140,00.002554]
02_preint               	    357	00.012768	(00.000036 +- 00.000004)	[00.000025,00.000078]
02a_intensity_preprocess	    359	01.070843	(00.002983 +- 00.000242)	[00.001065,00.007316]
03_undistortion         	    357	00.305199	(00.000855 +- 00.000139)	[00.000207,00.008355]
04_sampling             	    356	00.190054	(00.000534 +- 00.000079)	[00.000123,00.002759]
04b_intensity_sampling  	    356	00.278109	(00.000781 +- 00.000105)	[00.000249,00.003066]
05_registration         	    356	01.380228	(00.003877 +- 00.000677)	[00.001159,00.013137]
06_map                  	    356	00.313850	(00.000882 +- 00.000112)	[00.000279,00.002346]
07_imu_opt              	    356	00.460644	(00.001294 +- 00.000267)	[00.000002,00.004487]
08_publish              	    356	03.970373	(00.011153 +- 00.001321)	[00.001345,00.028945]
step                    	    359	08.137781	(00.022668 +- 00.002317)	[00.005989,00.057703]

INFO  Timings:
SM Timing
-----------
00_conversion_livox     	    361	04.138139	(00.011463 +- 00.000448)	[00.009539,00.027519]
01_filter               	    360	00.112406	(00.000312 +- 00.000051)	[00.000126,00.002554]
02_preint               	    358	00.012805	(00.000036 +- 00.000004)	[00.000025,00.000078]
02a_intensity_preprocess	    360	01.071898	(00.002977 +- 00.000255)	[00.001055,00.007316]
03_undistortion         	    358	00.305388	(00.000853 +- 00.000139)	[00.000189,00.008355]
04_sampling             	    357	00.190156	(00.000533 +- 00.000083)	[00.000102,00.002759]
04b_intensity_sampling  	    357	00.278361	(00.000780 +- 00.000103)	[00.000249,00.003066]
05_registration         	    357	01.381628	(00.003870 +- 00.000680)	[00.001159,00.013137]
06_map                  	    357	00.314118	(00.000880 +- 00.000108)	[00.000268,00.002346]
07_imu_opt              	    357	00.463047	(00.001297 +- 00.000305)	[00.000002,00.004487]
08_publish              	    357	03.971684	(00.011125 +- 00.001374)	[00.001311,00.028945]
step                    	    360	08.144976	(00.022625 +- 00.002367)	[00.005989,00.057703]

INFO  Timings:
SM Timing
-----------
00_conversion_livox     	    362	04.148038	(00.011459 +- 00.000456)	[00.009539,00.027519]
01_filter               	    361	00.112548	(00.000312 +- 00.000052)	[00.000126,00.002554]
02_preint               	    359	00.012832	(00.000036 +- 00.000004)	[00.000025,00.000078]
02a_intensity_preprocess	    361	01.072893	(00.002972 +- 00.000268)	[00.000995,00.007316]
03_undistortion         	    359	00.305602	(00.000851 +- 00.000137)	[00.000189,00.008355]
04_sampling             	    358	00.190295	(00.000532 +- 00.000086)	[00.000102,00.002759]
04b_intensity_sampling  	    358	00.278583	(00.000778 +- 00.000105)	[00.000222,00.003066]
05_registration         	    358	01.382797	(00.003863 +- 00.000687)	[00.001159,00.013137]
06_map                  	    358	00.314338	(00.000878 +- 00.000110)	[00.000220,00.002346]
07_imu_opt              	    358	00.464152	(00.001297 +- 00.000307)	[00.000002,00.004487]
08_publish              	    358	03.972783	(00.011097 +- 00.001432)	[00.001099,00.028945]
step                    	    361	08.150362	(00.022577 +- 00.002480)	[00.005387,00.057703]

INFO  Timings:
SM Timing
-----------
00_conversion_livox     	    363	04.157433	(00.011453 +- 00.000481)	[00.009395,00.027519]
01_filter               	    362	00.112715	(00.000311 +- 00.000053)	[00.000126,00.002554]
02_preint               	    360	00.012868	(00.000036 +- 00.000004)	[00.000025,00.000078]
02a_intensity_preprocess	    362	01.073878	(00.002967 +- 00.000281)	[00.000985,00.007316]
03_undistortion         	    360	00.305770	(00.000849 +- 00.000139)	[00.000169,00.008355]
04_sampling             	    359	00.190407	(00.000530 +- 00.000089)	[00.000102,00.002759]
04b_intensity_sampling  	    359	00.278783	(00.000777 +- 00.000110)	[00.000201,00.003066]
05_registration         	    359	01.383880	(00.003855 +- 00.000692)	[00.001083,00.013137]
06_map                  	    359	00.314599	(00.000876 +- 00.000114)	[00.000220,00.002346]
07_imu_opt              	    359	00.465513	(00.001297 +- 00.000307)	[00.000002,00.004487]
08_publish              	    359	03.973832	(00.011069 +- 00.001487)	[00.001048,00.028945]
step                    	    362	08.155837	(00.022530 +- 00.002577)	[00.005387,00.057703]

INFO  Timings:
SM Timing
-----------
00_conversion_livox     	    364	04.167487	(00.011449 +- 00.000484)	[00.009395,00.027519]
01_filter               	    363	00.112883	(00.000311 +- 00.000053)	[00.000126,00.002554]
02_preint               	    361	00.012905	(00.000036 +- 00.000004)	[00.000025,00.000078]
02a_intensity_preprocess	    363	01.074837	(00.002961 +- 00.000293)	[00.000958,00.007316]
03_undistortion         	    361	00.305976	(00.000848 +- 00.000138)	[00.000169,00.008355]
04_sampling             	    360	00.190528	(00.000529 +- 00.000092)	[00.000102,00.002759]
04b_intensity_sampling  	    360	00.279042	(00.000775 +- 00.000112)	[00.000201,00.003066]
05_registration         	    360	01.386912	(00.003853 +- 00.000708)	[00.001083,00.013137]
06_map                  	    360	00.314843	(00.000875 +- 00.000117)	[00.000220,00.002346]
07_imu_opt              	    360	00.466927	(00.001297 +- 00.000305)	[00.000002,00.004487]
08_publish              	    360	03.974801	(00.011041 +- 00.001542)	[00.000969,00.028945]
step                    	    363	08.163301	(00.022488 +- 00.002600)	[00.005387,00.057703]

INFO  Timings:
SM Timing
-----------
00_conversion_livox     	    365	04.177211	(00.011444 +- 00.000488)	[00.009395,00.027519]
01_filter               	    364	00.113061	(00.000311 +- 00.000053)	[00.000126,00.002554]
02_preint               	    362	00.012941	(00.000036 +- 00.000004)	[00.000025,00.000078]
02a_intensity_preprocess	    364	01.075784	(00.002955 +- 00.000305)	[00.000947,00.007316]
03_undistortion         	    362	00.306155	(00.000846 +- 00.000140)	[00.000169,00.008355]
04_sampling             	    361	00.190651	(00.000528 +- 00.000095)	[00.000102,00.002759]
04b_intensity_sampling  	    361	00.279335	(00.000774 +- 00.000114)	[00.000201,00.003066]
05_registration         	    361	01.388157	(00.003845 +- 00.000709)	[00.001083,00.013137]
06_map                  	    361	00.315059	(00.000873 +- 00.000122)	[00.000216,00.002346]
07_imu_opt              	    361	00.467948	(00.001296 +- 00.000309)	[00.000002,00.004487]
08_publish              	    361	03.975642	(00.011013 +- 00.001595)	[00.000842,00.028945]
step                    	    364	08.168438	(00.022441 +- 00.002711)	[00.005136,00.057703]

INFO  Timings:
SM Timing
-----------
00_conversion_livox     	    366	04.186856	(00.011439 +- 00.000499)	[00.009395,00.027519]
01_filter               	    365	00.113205	(00.000310 +- 00.000054)	[00.000126,00.002554]
02_preint               	    363	00.012978	(00.000036 +- 00.000004)	[00.000025,00.000078]
02a_intensity_preprocess	    365	01.076713	(00.002950 +- 00.000315)	[00.000928,00.007316]
03_undistortion         	    363	00.306335	(00.000844 +- 00.000138)	[00.000169,00.008355]
04_sampling             	    362	00.190744	(00.000527 +- 00.000098)	[00.000093,00.002759]
04b_intensity_sampling  	    362	00.279502	(00.000772 +- 00.000118)	[00.000166,00.003066]
05_registration         	    362	01.389649	(00.003839 +- 00.000711)	[00.001083,00.013137]
06_map                  	    362	00.315201	(00.000871 +- 00.000128)	[00.000141,00.002346]
07_imu_opt              	    362	00.469253	(00.001296 +- 00.000309)	[00.000002,00.004487]
08_publish              	    362	03.976458	(00.010985 +- 00.001646)	[00.000816,00.028945]
step                    	    365	08.173792	(00.022394 +- 00.002795)	[00.005136,00.057703]

INFO  Timings:
SM Timing
-----------
00_conversion_livox     	    367	04.196761	(00.011435 +- 00.000504)	[00.009395,00.027519]
01_filter               	    366	00.113360	(00.000310 +- 00.000054)	[00.000126,00.002554]
02_preint               	    364	00.013014	(00.000036 +- 00.000004)	[00.000025,00.000078]
02a_intensity_preprocess	    366	01.077681	(00.002944 +- 00.000325)	[00.000928,00.007316]
03_undistortion         	    364	00.306510	(00.000842 +- 00.000140)	[00.000169,00.008355]
04_sampling             	    363	00.190825	(00.000526 +- 00.000101)	[00.000081,00.002759]
04b_intensity_sampling  	    363	00.279730	(00.000771 +- 00.000119)	[00.000166,00.003066]
05_registration         	    363	01.391379	(00.003833 +- 00.000710)	[00.001083,00.013137]
06_map                  	    363	00.315405	(00.000869 +- 00.000132)	[00.000141,00.002346]
07_imu_opt              	    363	00.470559	(00.001296 +- 00.000309)	[00.000002,00.004487]
08_publish              	    363	03.977408	(00.010957 +- 00.001691)	[00.000816,00.028945]
step                    	    366	08.179699	(00.022349 +- 00.002860)	[00.005136,00.057703]

INFO  Timings:
SM Timing
-----------
00_conversion_livox     	    368	04.206823	(00.011432 +- 00.000506)	[00.009395,00.027519]
01_filter               	    367	00.113525	(00.000309 +- 00.000046)	[00.000126,00.002554]
02_preint               	    365	00.013049	(00.000036 +- 00.000004)	[00.000025,00.000078]
02a_intensity_preprocess	    367	01.078694	(00.002939 +- 00.000333)	[00.000928,00.007316]
03_undistortion         	    365	00.306694	(00.000840 +- 00.000142)	[00.000169,00.008355]
04_sampling             	    364	00.190941	(00.000525 +- 00.000103)	[00.000081,00.002759]
04b_intensity_sampling  	    364	00.279933	(00.000769 +- 00.000122)	[00.000166,00.003066]
05_registration         	    364	01.392482	(00.003825 +- 00.000716)	[00.001083,00.013137]
06_map                  	    364	00.315621	(00.000867 +- 00.000136)	[00.000141,00.002346]
07_imu_opt              	    364	00.471650	(00.001296 +- 00.000309)	[00.000002,00.004487]
08_publish              	    364	03.978411	(00.010930 +- 00.001733)	[00.000816,00.028945]
step                    	    367	08.184887	(00.022302 +- 00.002949)	[00.005136,00.057703]

INFO  Timings:
SM Timing
-----------
00_conversion_livox     	    369	04.216809	(00.011428 +- 00.000505)	[00.009395,00.027519]
01_filter               	    368	00.113685	(00.000309 +- 00.000046)	[00.000126,00.002554]
02_preint               	    366	00.013079	(00.000036 +- 00.000004)	[00.000025,00.000078]
02a_intensity_preprocess	    368	01.079676	(00.002934 +- 00.000342)	[00.000928,00.007316]
03_undistortion         	    366	00.306923	(00.000839 +- 00.000143)	[00.000169,00.008355]
04_sampling             	    365	00.191082	(00.000524 +- 00.000105)	[00.000081,00.002759]
04b_intensity_sampling  	    365	00.280194	(00.000768 +- 00.000122)	[00.000166,00.003066]
05_registration         	    365	01.394236	(00.003820 +- 00.000713)	[00.001083,00.013137]
06_map                  	    365	00.315904	(00.000865 +- 00.000137)	[00.000141,00.002346]
07_imu_opt              	    365	00.472730	(00.001295 +- 00.000309)	[00.000002,00.004487]
08_publish              	    365	03.979477	(00.010903 +- 00.001771)	[00.000816,00.028945]
step                    	    368	08.190928	(00.022258 +- 00.003006)	[00.005136,00.057703]

INFO  Timings:
SM Timing
-----------
00_conversion_livox     	    370	04.226900	(00.011424 +- 00.000504)	[00.009395,00.027519]
01_filter               	    369	00.113866	(00.000309 +- 00.000047)	[00.000126,00.002554]
02_preint               	    367	00.013116	(00.000036 +- 00.000004)	[00.000025,00.000078]
02a_intensity_preprocess	    369	01.080680	(00.002929 +- 00.000349)	[00.000928,00.007316]
03_undistortion         	    367	00.307099	(00.000837 +- 00.000146)	[00.000169,00.008355]
04_sampling             	    366	00.191174	(00.000522 +- 00.000108)	[00.000081,00.002759]
04b_intensity_sampling  	    366	00.280375	(00.000766 +- 00.000125)	[00.000166,00.003066]
05_registration         	    366	01.395766	(00.003814 +- 00.000710)	[00.001083,00.013137]
06_map                  	    366	00.316098	(00.000864 +- 00.000140)	[00.000141,00.002346]
07_imu_opt              	    366	00.473868	(00.001295 +- 00.000309)	[00.000002,00.004487]
08_publish              	    366	03.980544	(00.010876 +- 00.001807)	[00.000816,00.028945]
step                    	    369	08.196568	(00.022213 +- 00.003068)	[00.005136,00.057703]

INFO  Timings:
SM Timing
-----------
00_conversion_livox     	    371	04.237062	(00.011421 +- 00.000505)	[00.009395,00.027519]
01_filter               	    370	00.114002	(00.000308 +- 00.000047)	[00.000126,00.002554]
02_preint               	    368	00.013153	(00.000036 +- 00.000004)	[00.000025,00.000078]
02a_intensity_preprocess	    370	01.081612	(00.002923 +- 00.000357)	[00.000928,00.007316]
03_undistortion         	    368	00.307282	(00.000835 +- 00.000147)	[00.000169,00.008355]
04_sampling             	    367	00.191258	(00.000521 +- 00.000111)	[00.000081,00.002759]
04b_intensity_sampling  	    367	00.280533	(00.000764 +- 00.000129)	[00.000158,00.003066]
05_registration         	    367	01.397661	(00.003808 +- 00.000704)	[00.001083,00.013137]
06_map                  	    367	00.316263	(00.000862 +- 00.000145)	[00.000141,00.002346]
07_imu_opt              	    367	00.474947	(00.001294 +- 00.000310)	[00.000002,00.004487]
08_publish              	    367	03.981394	(00.010848 +- 00.001845)	[00.000816,00.028945]
step                    	    370	08.202136	(00.022168 +- 00.003131)	[00.005136,00.057703]

INFO  Timings:
SM Timing
-----------
00_conversion_livox     	    372	04.246916	(00.011416 +- 00.000505)	[00.009395,00.027519]
01_filter               	    371	00.114137	(00.000308 +- 00.000048)	[00.000126,00.002554]
02_preint               	    369	00.013188	(00.000036 +- 00.000004)	[00.000025,00.000078]
02a_intensity_preprocess	    371	01.082530	(00.002918 +- 00.000364)	[00.000918,00.007316]
03_undistortion         	    369	00.307441	(00.000833 +- 00.000150)	[00.000159,00.008355]
04_sampling             	    368	00.191353	(00.000520 +- 00.000113)	[00.000081,00.002759]
04b_intensity_sampling  	    368	00.280727	(00.000763 +- 00.000132)	[00.000158,00.003066]
05_registration         	    368	01.399324	(00.003803 +- 00.000704)	[00.001083,00.013137]
06_map                  	    368	00.316438	(00.000860 +- 00.000149)	[00.000141,00.002346]
07_imu_opt              	    368	00.476190	(00.001294 +- 00.000307)	[00.000002,00.004487]
08_publish              	    368	03.982131	(00.010821 +- 00.001880)	[00.000737,00.028945]
step                    	    371	08.207557	(00.022123 +- 00.003186)	[00.005136,00.057703]

INFO  Timings:
SM Timing
-----------
00_conversion_livox     	    373	04.256749	(00.011412 +- 00.000511)	[00.009395,00.027519]
01_filter               	    372	00.114276	(00.000307 +- 00.000049)	[00.000126,00.002554]
02_preint               	    370	00.013225	(00.000036 +- 00.000004)	[00.000025,00.000078]
02a_intensity_preprocess	    372	01.083463	(00.002913 +- 00.000370)	[00.000918,00.007316]
03_undistortion         	    370	00.307599	(00.000831 +- 00.000152)	[00.000158,00.008355]
04_sampling             	    369	00.191425	(00.000519 +- 00.000115)	[00.000072,00.002759]
04b_intensity_sampling  	    369	00.280886	(00.000761 +- 00.000134)	[00.000158,00.003066]
05_registration         	    369	01.401089	(00.003797 +- 00.000703)	[00.001083,00.013137]
06_map                  	    369	00.316618	(00.000858 +- 00.000152)	[00.000141,00.002346]
07_imu_opt              	    369	00.477356	(00.001294 +- 00.000304)	[00.000002,00.004487]
08_publish              	    369	03.982999	(00.010794 +- 00.001907)	[00.000737,00.028945]
step                    	    372	08.213084	(00.022078 +- 00.003222)	[00.005136,00.057703]

INFO  Timings:
SM Timing
-----------
00_conversion_livox     	    374	04.266392	(00.011407 +- 00.000521)	[00.009395,00.027519]
01_filter               	    373	00.114423	(00.000307 +- 00.000049)	[00.000126,00.002554]
02_preint               	    371	00.013254	(00.000036 +- 00.000004)	[00.000025,00.000078]
02a_intensity_preprocess	    373	01.084412	(00.002907 +- 00.000375)	[00.000918,00.007316]
03_undistortion         	    371	00.307760	(00.000830 +- 00.000154)	[00.000158,00.008355]
04_sampling             	    370	00.191501	(00.000518 +- 00.000117)	[00.000072,00.002759]
04b_intensity_sampling  	    370	00.281051	(00.000760 +- 00.000136)	[00.000158,00.003066]
05_registration         	    370	01.402731	(00.003791 +- 00.000699)	[00.001083,00.013137]
06_map                  	    370	00.316817	(00.000856 +- 00.000153)	[00.000141,00.002346]
07_imu_opt              	    370	00.478387	(00.001293 +- 00.000307)	[00.000002,00.004487]
08_publish              	    370	03.983850	(00.010767 +- 00.001930)	[00.000737,00.028945]
step                    	    373	08.218381	(00.022033 +- 00.003272)	[00.005136,00.057703]

INFO  Timings:
SM Timing
-----------
00_conversion_livox     	    375	04.276414	(00.011404 +- 00.000523)	[00.009395,00.027519]
01_filter               	    374	00.114561	(00.000306 +- 00.000049)	[00.000126,00.002554]
02_preint               	    372	00.013282	(00.000036 +- 00.000004)	[00.000025,00.000078]
02a_intensity_preprocess	    374	01.085355	(00.002902 +- 00.000379)	[00.000918,00.007316]
03_undistortion         	    372	00.307908	(00.000828 +- 00.000157)	[00.000148,00.008355]
04_sampling             	    371	00.191583	(00.000516 +- 00.000118)	[00.000072,00.002759]
04b_intensity_sampling  	    371	00.281211	(00.000758 +- 00.000138)	[00.000158,00.003066]
05_registration         	    371	01.404032	(00.003784 +- 00.000698)	[00.001083,00.013137]
06_map                  	    371	00.317020	(00.000855 +- 00.000155)	[00.000141,00.002346]
07_imu_opt              	    371	00.479483	(00.001292 +- 00.000308)	[00.000002,00.004487]
08_publish              	    371	03.984732	(00.010741 +- 00.001947)	[00.000737,00.028945]
step                    	    374	08.223400	(00.021988 +- 00.003327)	[00.005020,00.057703]

INFO  Timings:
SM Timing
-----------
00_conversion_livox     	    376	04.285999	(00.011399 +- 00.000530)	[00.009395,00.027519]
01_filter               	    375	00.114700	(00.000306 +- 00.000050)	[00.000126,00.002554]
02_preint               	    373	00.013320	(00.000036 +- 00.000004)	[00.000025,00.000078]
02a_intensity_preprocess	    375	01.086288	(00.002897 +- 00.000383)	[00.000918,00.007316]
03_undistortion         	    373	00.308098	(00.000826 +- 00.000152)	[00.000148,00.008355]
04_sampling             	    372	00.191653	(00.000515 +- 00.000119)	[00.000070,00.002759]
04b_intensity_sampling  	    372	00.281381	(00.000756 +- 00.000138)	[00.000158,00.003066]
05_registration         	    372	01.405243	(00.003778 +- 00.000455)	[00.001083,00.013137]
06_map                  	    372	00.317140	(00.000853 +- 00.000160)	[00.000120,00.002346]
07_imu_opt              	    372	00.480586	(00.001292 +- 00.000307)	[00.000002,00.004487]
08_publish              	    372	03.985506	(00.010714 +- 00.001958)	[00.000737,00.028945]
step                    	    375	08.228201	(00.021942 +- 00.003244)	[00.004800,00.057703]

INFO  Timings:
SM Timing
-----------
00_conversion_livox     	    377	04.295603	(00.011394 +- 00.000538)	[00.009395,00.027519]
01_filter               	    376	00.114841	(00.000305 +- 00.000050)	[00.000126,00.002554]
02_preint               	    374	00.013357	(00.000036 +- 00.000004)	[00.000025,00.000078]
02a_intensity_preprocess	    376	01.087158	(00.002891 +- 00.000386)	[00.000870,00.007316]
03_undistortion         	    374	00.308303	(00.000824 +- 00.000153)	[00.000148,00.008355]
04_sampling             	    373	00.191763	(00.000514 +- 00.000120)	[00.000070,00.002759]
04b_intensity_sampling  	    373	00.281613	(00.000755 +- 00.000137)	[00.000158,00.003066]
05_registration         	    373	01.406281	(00.003770 +- 00.000465)	[00.001038,00.013137]
06_map                  	    373	00.317327	(00.000851 +- 00.000159)	[00.000120,00.002346]
07_imu_opt              	    373	00.481646	(00.001291 +- 00.000309)	[00.000002,00.004487]
08_publish              	    373	03.986188	(00.010687 +- 00.001965)	[00.000682,00.028945]
step                    	    376	08.232837	(00.021896 +- 00.003281)	[00.004636,00.057703]

INFO  Timings:
SM Timing
-----------
00_conversion_livox     	    378	04.305614	(00.011391 +- 00.000522)	[00.009395,00.027519]
01_filter               	    377	00.114993	(00.000305 +- 00.000050)	[00.000126,00.002554]
02_preint               	    375	00.013393	(00.000036 +- 00.000004)	[00.000025,00.000078]
02a_intensity_preprocess	    377	01.087975	(00.002886 +- 00.000390)	[00.000817,00.007316]
03_undistortion         	    375	00.308466	(00.000823 +- 00.000154)	[00.000148,00.008355]
04_sampling             	    374	00.191867	(00.000513 +- 00.000120)	[00.000070,00.002759]
04b_intensity_sampling  	    374	00.281751	(00.000753 +- 00.000137)	[00.000139,00.003066]
05_registration         	    374	01.407879	(00.003764 +- 00.000465)	[00.001038,00.013137]
06_map                  	    374	00.317474	(00.000849 +- 00.000159)	[00.000120,00.002346]
07_imu_opt              	    374	00.482884	(00.001291 +- 00.000307)	[00.000002,00.004487]
08_publish              	    374	03.986758	(00.010660 +- 00.001974)	[00.000570,00.028945]
step                    	    377	08.237850	(00.021851 +- 00.003292)	[00.004636,00.057703]

INFO  Timings:
SM Timing
-----------
00_conversion_livox     	    379	04.315383	(00.011386 +- 00.000484)	[00.009395,00.027519]
01_filter               	    378	00.115143	(00.000305 +- 00.000050)	[00.000126,00.002554]
02_preint               	    376	00.013436	(00.000036 +- 00.000004)	[00.000025,00.000078]
02a_intensity_preprocess	    378	01.088938	(00.002881 +- 00.000389)	[00.000817,00.007316]
03_undistortion         	    376	00.308607	(00.000821 +- 00.000155)	[00.000140,00.008355]
04_sampling             	    375	00.191925	(00.000512 +- 00.000122)	[00.000058,00.002759]
04b_intensity_sampling  	    375	00.281862	(00.000752 +- 00.000140)	[00.000110,00.003066]
05_registration         	    375	01.408622	(00.003756 +- 00.000483)	[00.000743,00.013137]
06_map                  	    375	00.317568	(00.000847 +- 00.000164)	[00.000094,00.002346]
07_imu_opt              	    375	00.483915	(00.001290 +- 00.000309)	[00.000002,00.004487]
08_publish              	    375	03.987279	(00.010633 +- 00.001983)	[00.000521,00.028945]
step                    	    378	08.241736	(00.021804 +- 00.003350)	[00.003886,00.057703]

INFO  Timings:
SM Timing
-----------
00_conversion_livox     	    380	04.325428	(00.011383 +- 00.000470)	[00.009395,00.027519]
01_filter               	    379	00.115281	(00.000304 +- 00.000050)	[00.000126,00.002554]
02_preint               	    377	00.013463	(00.000036 +- 00.000004)	[00.000025,00.000078]
02a_intensity_preprocess	    379	01.089739	(00.002875 +- 00.000392)	[00.000801,00.007316]
03_undistortion         	    377	00.308750	(00.000819 +- 00.000156)	[00.000140,00.008355]
04_sampling             	    376	00.191998	(00.000511 +- 00.000119)	[00.000058,00.002759]
04b_intensity_sampling  	    376	00.282039	(00.000750 +- 00.000139)	[00.000110,00.003066]
05_registration         	    376	01.409667	(00.003749 +- 00.000487)	[00.000743,00.013137]
06_map                  	    376	00.317725	(00.000845 +- 00.000162)	[00.000094,00.002346]
07_imu_opt              	    376	00.485246	(00.001291 +- 00.000310)	[00.000002,00.004487]
08_publish              	    376	03.987835	(00.010606 +- 00.001992)	[00.000521,00.028945]
step                    	    379	08.246239	(00.021758 +- 00.003364)	[00.003886,00.057703]

INFO  Timings:
SM Timing
-----------
00_conversion_livox     	    381	04.334827	(00.011377 +- 00.000485)	[00.009395,00.027519]
01_filter               	    380	00.115404	(00.000304 +- 00.000050)	[00.000122,00.002554]
02_preint               	    378	00.013488	(00.000036 +- 00.000004)	[00.000025,00.000078]
02a_intensity_preprocess	    380	01.090544	(00.002870 +- 00.000395)	[00.000801,00.007316]
03_undistortion         	    378	00.308905	(00.000817 +- 00.000157)	[00.000140,00.008355]
04_sampling             	    377	00.192075	(00.000509 +- 00.000119)	[00.000058,00.002759]
04b_intensity_sampling  	    377	00.282182	(00.000748 +- 00.000139)	[00.000110,00.003066]
05_registration         	    377	01.410446	(00.003741 +- 00.000503)	[00.000743,00.013137]
06_map                  	    377	00.317871	(00.000843 +- 00.000163)	[00.000094,00.002346]
07_imu_opt              	    377	00.486249	(00.001290 +- 00.000312)	[00.000002,00.004487]
08_publish              	    377	03.988376	(00.010579 +- 00.002000)	[00.000521,00.028945]
step                    	    380	08.250085	(00.021711 +- 00.003404)	[00.003846,00.057703]

INFO  Timings:
SM Timing
-----------
00_conversion_livox     	    382	04.343577	(00.011371 +- 00.000528)	[00.008750,00.027519]
01_filter               	    381	00.115536	(00.000303 +- 00.000051)	[00.000122,00.002554]
02_preint               	    379	00.013523	(00.000036 +- 00.000004)	[00.000025,00.000078]
02a_intensity_preprocess	    381	01.091367	(00.002864 +- 00.000396)	[00.000801,00.007316]
03_undistortion         	    379	00.309072	(00.000815 +- 00.000158)	[00.000140,00.008355]
04_sampling             	    378	00.192140	(00.000508 +- 00.000119)	[00.000058,00.002759]
04b_intensity_sampling  	    378	00.282353	(00.000747 +- 00.000137)	[00.000110,00.003066]
05_registration         	    378	01.411141	(00.003733 +- 00.000521)	[00.000696,00.013137]
06_map                  	    378	00.318034	(00.000841 +- 00.000162)	[00.000094,00.002346]
07_imu_opt              	    378	00.487235	(00.001289 +- 00.000315)	[00.000002,00.004487]
08_publish              	    378	03.988958	(00.010553 +- 00.002007)	[00.000521,00.028945]
step                    	    381	08.253956	(00.021664 +- 00.003441)	[00.003846,00.057703]

INFO  Timings:
SM Timing
-----------
00_conversion_livox     	    383	04.352835	(00.011365 +- 00.000535)	[00.008750,00.027519]
01_filter               	    382	00.115677	(00.000303 +- 00.000051)	[00.000122,00.002554]
02_preint               	    380	00.013548	(00.000036 +- 00.000005)	[00.000025,00.000078]
02a_intensity_preprocess	    382	01.092176	(00.002859 +- 00.000399)	[00.000801,00.007316]
03_undistortion         	    380	00.309237	(00.000814 +- 00.000160)	[00.000140,00.008355]
04_sampling             	    379	00.192221	(00.000507 +- 00.000119)	[00.000058,00.002759]
04b_intensity_sampling  	    379	00.282542	(00.000745 +- 00.000137)	[00.000110,00.003066]
05_registration         	    379	01.414564	(00.003732 +- 00.000576)	[00.000696,00.013137]
06_map                  	    379	00.318188	(00.000840 +- 00.000163)	[00.000094,00.002346]
07_imu_opt              	    379	00.488233	(00.001288 +- 00.000318)	[00.000002,00.004487]
08_publish              	    379	03.989472	(00.010526 +- 00.002017)	[00.000514,00.028945]
step                    	    382	08.260508	(00.021624 +- 00.003431)	[00.003846,00.057703]

INFO  Timings:
SM Timing
-----------
00_conversion_livox     	    384	04.362192	(00.011360 +- 00.000539)	[00.008750,00.027519]
01_filter               	    383	00.115817	(00.000302 +- 00.000048)	[00.000122,00.002554]
02_preint               	    381	00.013585	(00.000036 +- 00.000005)	[00.000025,00.000078]
02a_intensity_preprocess	    383	01.093007	(00.002854 +- 00.000400)	[00.000801,00.007316]
03_undistortion         	    381	00.309390	(00.000812 +- 00.000161)	[00.000140,00.008355]
04_sampling             	    380	00.192302	(00.000506 +- 00.000120)	[00.000058,00.002759]
04b_intensity_sampling  	    380	00.282686	(00.000744 +- 00.000138)	[00.000110,00.003066]
05_registration         	    380	01.416039	(00.003726 +- 00.000576)	[00.000696,00.013137]
06_map                  	    380	00.318305	(00.000838 +- 00.000166)	[00.000094,00.002346]
07_imu_opt              	    380	00.489535	(00.001288 +- 00.000317)	[00.000002,00.004487]
08_publish              	    380	03.990013	(00.010500 +- 00.002024)	[00.000514,00.028945]
step                    	    383	08.265378	(00.021581 +- 00.003441)	[00.003846,00.057703]

INFO  Timings:
SM Timing
-----------
00_conversion_livox     	    385	04.371432	(00.011354 +- 00.000547)	[00.008750,00.027519]
01_filter               	    384	00.115932	(00.000302 +- 00.000048)	[00.000115,00.002554]
02_preint               	    382	00.013622	(00.000036 +- 00.000005)	[00.000025,00.000078]
02a_intensity_preprocess	    384	01.093872	(00.002849 +- 00.000400)	[00.000801,00.007316]
03_undistortion         	    382	00.309528	(00.000810 +- 00.000159)	[00.000138,00.008355]
04_sampling             	    381	00.192367	(00.000505 +- 00.000121)	[00.000058,00.002759]
04b_intensity_sampling  	    381	00.282816	(00.000742 +- 00.000140)	[00.000110,00.003066]
05_registration         	    381	01.416767	(00.003719 +- 00.000588)	[00.000696,00.013137]
06_map                  	    381	00.318419	(00.000836 +- 00.000168)	[00.000094,00.002346]
07_imu_opt              	    381	00.491129	(00.001289 +- 00.000319)	[00.000002,00.004487]
08_publish              	    381	03.990544	(00.010474 +- 00.002031)	[00.000514,00.028945]
step                    	    384	08.269741	(00.021536 +- 00.003469)	[00.003846,00.057703]

INFO  Timings:
SM Timing
-----------
00_conversion_livox     	    386	04.380802	(00.011349 +- 00.000555)	[00.008750,00.027519]
01_filter               	    385	00.116056	(00.000301 +- 00.000038)	[00.000115,00.002554]
02_preint               	    383	00.013649	(00.000036 +- 00.000005)	[00.000025,00.000078]
02a_intensity_preprocess	    385	01.094703	(00.002843 +- 00.000402)	[00.000801,00.007316]
03_undistortion         	    383	00.309668	(00.000809 +- 00.000160)	[00.000138,00.008355]
04_sampling             	    382	00.192438	(00.000504 +- 00.000121)	[00.000058,00.002759]
04b_intensity_sampling  	    382	00.282996	(00.000741 +- 00.000140)	[00.000110,00.003066]
05_registration         	    382	01.417980	(00.003712 +- 00.000589)	[00.000696,00.013137]
06_map                  	    382	00.318522	(00.000834 +- 00.000167)	[00.000094,00.002346]
07_imu_opt              	    382	00.492290	(00.001289 +- 00.000319)	[00.000002,00.004487]
08_publish              	    382	03.991133	(00.010448 +- 00.002037)	[00.000514,00.028945]
step                    	    385	08.274228	(00.021492 +- 00.003494)	[00.003846,00.057703]

INFO  Timings:
SM Timing
-----------
00_conversion_livox     	    387	04.390045	(00.011344 +- 00.000563)	[00.008750,00.027519]
01_filter               	    386	00.116187	(00.000301 +- 00.000039)	[00.000115,00.002554]
02_preint               	    384	00.013675	(00.000036 +- 00.000005)	[00.000025,00.000078]
02a_intensity_preprocess	    386	01.095539	(00.002838 +- 00.000404)	[00.000801,00.007316]
03_undistortion         	    384	00.309818	(00.000807 +- 00.000161)	[00.000138,00.008355]
04_sampling             	    383	00.192498	(00.000503 +- 00.000122)	[00.000058,00.002759]
04b_intensity_sampling  	    383	00.283179	(00.000739 +- 00.000139)	[00.000110,00.003066]
05_registration         	    383	01.419192	(00.003705 +- 00.000591)	[00.000696,00.013137]
06_map                  	    383	00.318707	(00.000832 +- 00.000166)	[00.000094,00.002346]
07_imu_opt              	    383	00.493319	(00.001288 +- 00.000321)	[00.000002,00.004487]
08_publish              	    383	03.991666	(00.010422 +- 00.002046)	[00.000514,00.028945]
step                    	    386	08.278632	(00.021447 +- 00.003520)	[00.003846,00.057703]

INFO  Timings:
SM Timing
-----------
00_conversion_livox     	    388	04.399390	(00.011339 +- 00.000563)	[00.008750,00.027519]
01_filter               	    387	00.116316	(00.000301 +- 00.000039)	[00.000115,00.002554]
02_preint               	    385	00.013705	(00.000036 +- 00.000005)	[00.000025,00.000078]
02a_intensity_preprocess	    387	01.096389	(00.002833 +- 00.000405)	[00.000801,00.007316]
03_undistortion         	    385	00.309974	(00.000805 +- 00.000161)	[00.000138,00.008355]
04_sampling             	    384	00.192555	(00.000501 +- 00.000121)	[00.000057,00.002759]
04b_intensity_sampling  	    384	00.283310	(00.000738 +- 00.000139)	[00.000110,00.003066]
05_registration         	    384	01.420270	(00.003699 +- 00.000593)	[00.000696,00.013137]
06_map                  	    384	00.318818	(00.000830 +- 00.000165)	[00.000094,00.002346]
07_imu_opt              	    384	00.495504	(00.001290 +- 00.000344)	[00.000002,00.004487]
08_publish              	    384	03.992204	(00.010396 +- 00.002055)	[00.000514,00.028945]
step                    	    387	08.283953	(00.021406 +- 00.003519)	[00.003846,00.057703]

INFO  Timings:
SM Timing
-----------
00_conversion_livox     	    389	04.409115	(00.011334 +- 00.000553)	[00.008750,00.027519]
01_filter               	    388	00.116446	(00.000300 +- 00.000039)	[00.000115,00.002554]
02_preint               	    386	00.013740	(00.000036 +- 00.000005)	[00.000025,00.000078]
02a_intensity_preprocess	    388	01.097255	(00.002828 +- 00.000406)	[00.000801,00.007316]
03_undistortion         	    386	00.310131	(00.000803 +- 00.000162)	[00.000138,00.008355]
04_sampling             	    385	00.192665	(00.000500 +- 00.000121)	[00.000057,00.002759]
04b_intensity_sampling  	    385	00.283487	(00.000736 +- 00.000139)	[00.000110,00.003066]
05_registration         	    385	01.422070	(00.003694 +- 00.000591)	[00.000696,00.013137]
06_map                  	    385	00.318976	(00.000829 +- 00.000164)	[00.000094,00.002346]
07_imu_opt              	    385	00.497333	(00.001292 +- 00.000352)	[00.000002,00.004487]
08_publish              	    385	03.992712	(00.010371 +- 00.002065)	[00.000508,00.028945]
step                    	    388	08.289773	(00.021365 +- 00.003524)	[00.003846,00.057703]

INFO  Timings:
SM Timing
-----------
00_conversion_livox     	    390	04.419033	(00.011331 +- 00.000553)	[00.008750,00.027519]
01_filter               	    389	00.116593	(00.000300 +- 00.000039)	[00.000115,00.002554]
02_preint               	    387	00.013776	(00.000036 +- 00.000005)	[00.000025,00.000078]
02a_intensity_preprocess	    389	01.098106	(00.002823 +- 00.000408)	[00.000801,00.007316]
03_undistortion         	    387	00.310277	(00.000802 +- 00.000162)	[00.000138,00.008355]
04_sampling             	    386	00.192762	(00.000499 +- 00.000118)	[00.000057,00.002759]
04b_intensity_sampling  	    386	00.283621	(00.000735 +- 00.000141)	[00.000110,00.003066]
05_registration         	    386	01.422905	(00.003686 +- 00.000596)	[00.000696,00.013137]
06_map                  	    386	00.319108	(00.000827 +- 00.000165)	[00.000094,00.002346]
07_imu_opt              	    386	00.498737	(00.001292 +- 00.000352)	[00.000002,00.004487]
08_publish              	    386	03.993271	(00.010345 +- 00.002074)	[00.000508,00.028945]
step                    	    389	08.294159	(00.021322 +- 00.003541)	[00.003846,00.057703]

INFO  Timings:
SM Timing
-----------
00_conversion_livox     	    391	04.428873	(00.011327 +- 00.000551)	[00.008750,00.027519]
01_filter               	    390	00.116706	(00.000299 +- 00.000040)	[00.000113,00.002554]
02_preint               	    388	00.013802	(00.000036 +- 00.000005)	[00.000025,00.000078]
02a_intensity_preprocess	    390	01.098953	(00.002818 +- 00.000410)	[00.000801,00.007316]
03_undistortion         	    388	00.310420	(00.000800 +- 00.000163)	[00.000138,00.008355]
04_sampling             	    387	00.192854	(00.000498 +- 00.000118)	[00.000057,00.002759]
04b_intensity_sampling  	    387	00.283814	(00.000733 +- 00.000141)	[00.000110,00.003066]
05_registration         	    387	01.425049	(00.003682 +- 00.000599)	[00.000696,00.013137]
06_map                  	    387	00.319348	(00.000825 +- 00.000165)	[00.000094,00.002346]
07_imu_opt              	    387	00.500052	(00.001292 +- 00.000351)	[00.000002,00.004487]
08_publish              	    387	03.993944	(00.010320 +- 00.002080)	[00.000508,00.028945]
step                    	    390	08.299991	(00.021282 +- 00.003546)	[00.003846,00.057703]

INFO  Timings:
SM Timing
-----------
00_conversion_livox     	    392	04.438372	(00.011322 +- 00.000556)	[00.008750,00.027519]
01_filter               	    391	00.116853	(00.000299 +- 00.000040)	[00.000113,00.002554]
02_preint               	    389	00.013829	(00.000036 +- 00.000005)	[00.000025,00.000078]
02a_intensity_preprocess	    391	01.099851	(00.002813 +- 00.000411)	[00.000801,00.007316]
03_undistortion         	    389	00.310581	(00.000798 +- 00.000164)	[00.000138,00.008355]
04_sampling             	    388	00.192925	(00.000497 +- 00.000118)	[00.000057,00.002759]
04b_intensity_sampling  	    388	00.283960	(00.000732 +- 00.000140)	[00.000110,00.003066]
05_registration         	    388	01.425740	(00.003675 +- 00.000604)	[00.000691,00.013137]
06_map                  	    388	00.319489	(00.000823 +- 00.000164)	[00.000094,00.002346]
07_imu_opt              	    388	00.501124	(00.001292 +- 00.000306)	[00.000002,00.004487]
08_publish              	    388	03.994836	(00.010296 +- 00.002080)	[00.000508,00.028945]
step                    	    391	08.304284	(00.021239 +- 00.003530)	[00.003846,00.057703]

INFO  Timings:
SM Timing
-----------
00_conversion_livox     	    393	04.448206	(00.011319 +- 00.000556)	[00.008750,00.027519]
01_filter               	    392	00.116998	(00.000298 +- 00.000040)	[00.000113,00.002554]
02_preint               	    390	00.013865	(00.000036 +- 00.000005)	[00.000025,00.000078]
02a_intensity_preprocess	    392	01.100838	(00.002808 +- 00.000409)	[00.000801,00.007316]
03_undistortion         	    390	00.310779	(00.000797 +- 00.000164)	[00.000138,00.008355]
04_sampling             	    389	00.193051	(00.000496 +- 00.000117)	[00.000057,00.002759]
04b_intensity_sampling  	    389	00.284211	(00.000731 +- 00.000140)	[00.000110,00.003066]
05_registration         	    389	01.427544	(00.003670 +- 00.000604)	[00.000691,00.013137]
06_map                  	    389	00.319760	(00.000822 +- 00.000162)	[00.000094,00.002346]
07_imu_opt              	    389	00.502196	(00.001291 +- 00.000307)	[00.000002,00.004487]
08_publish              	    389	03.996046	(00.010273 +- 00.002074)	[00.000508,00.028945]
step                    	    392	08.310444	(00.021200 +- 00.003517)	[00.003846,00.057703]

INFO  Timings:
SM Timing
-----------
00_conversion_livox     	    394	04.457901	(00.011314 +- 00.000555)	[00.008750,00.027519]
01_filter               	    393	00.117127	(00.000298 +- 00.000040)	[00.000113,00.002554]
02_preint               	    391	00.013901	(00.000036 +- 00.000005)	[00.000025,00.000078]
02a_intensity_preprocess	    393	01.101913	(00.002804 +- 00.000407)	[00.000801,00.007316]
03_undistortion         	    391	00.310993	(00.000795 +- 00.000164)	[00.000138,00.008355]
04_sampling             	    390	00.193190	(00.000495 +- 00.000116)	[00.000057,00.002759]
04b_intensity_sampling  	    390	00.284458	(00.000729 +- 00.000139)	[00.000110,00.003066]
05_registration         	    390	01.429285	(00.003665 +- 00.000604)	[00.000691,00.013137]
06_map                  	    390	00.320008	(00.000821 +- 00.000161)	[00.000094,00.002346]
07_imu_opt              	    390	00.503305	(00.001291 +- 00.000298)	[00.000002,00.004487]
08_publish              	    390	03.997524	(00.010250 +- 00.002061)	[00.000508,00.028945]
step                    	    393	08.316912	(00.021163 +- 00.003493)	[00.003846,00.057703]

INFO  Timings:
SM Timing
-----------
00_conversion_livox     	    395	04.467296	(00.011310 +- 00.000556)	[00.008750,00.027519]
01_filter               	    394	00.117262	(00.000298 +- 00.000039)	[00.000113,00.002554]
02_preint               	    392	00.013929	(00.000036 +- 00.000005)	[00.000025,00.000078]
02a_intensity_preprocess	    394	01.103033	(00.002800 +- 00.000401)	[00.000801,00.007316]
03_undistortion         	    392	00.311170	(00.000794 +- 00.000158)	[00.000138,00.008355]
04_sampling             	    391	00.193310	(00.000494 +- 00.000115)	[00.000057,00.002759]
04b_intensity_sampling  	    391	00.284715	(00.000728 +- 00.000137)	[00.000110,00.003066]
05_registration         	    391	01.431005	(00.003660 +- 00.000595)	[00.000691,00.013137]
06_map                  	    391	00.320324	(00.000819 +- 00.000158)	[00.000094,00.002346]
07_imu_opt              	    391	00.504372	(00.001290 +- 00.000299)	[00.000002,00.004487]
08_publish              	    391	03.999282	(00.010228 +- 00.002036)	[00.000508,00.028945]
step                    	    394	08.323663	(00.021126 +- 00.003440)	[00.003846,00.057703]

INFO  Timings:
SM Timing
-----------
00_conversion_livox     	    396	04.477049	(00.011306 +- 00.000548)	[00.008750,00.027519]
01_filter               	    395	00.117433	(00.000297 +- 00.000038)	[00.000113,00.002554]
02_preint               	    393	00.013966	(00.000036 +- 00.000005)	[00.000025,00.000078]
02a_intensity_preprocess	    395	01.104196	(00.002795 +- 00.000392)	[00.000801,00.007316]
03_undistortion         	    393	00.311407	(00.000792 +- 00.000156)	[00.000138,00.008355]
04_sampling             	    392	00.193484	(00.000494 +- 00.000108)	[00.000057,00.002759]
04b_intensity_sampling  	    392	00.285022	(00.000727 +- 00.000131)	[00.000110,00.003066]
05_registration         	    392	01.433241	(00.003656 +- 00.000601)	[00.000691,00.013137]
06_map                  	    392	00.320606	(00.000818 +- 00.000152)	[00.000094,00.002346]
07_imu_opt              	    392	00.505446	(00.001289 +- 00.000299)	[00.000002,00.004487]
08_publish              	    392	04.001310	(00.010207 +- 00.001997)	[00.000508,00.028945]
step                    	    395	08.331422	(00.021092 +- 00.003371)	[00.003846,00.057703]

INFO  Timings:
SM Timing
-----------
00_conversion_livox     	    397	04.486906	(00.011302 +- 00.000543)	[00.008750,00.027519]
01_filter               	    396	00.117578	(00.000297 +- 00.000037)	[00.000113,00.002554]
02_preint               	    394	00.013996	(00.000036 +- 00.000005)	[00.000025,00.000078]
02a_intensity_preprocess	    396	01.105379	(00.002791 +- 00.000380)	[00.000801,00.007316]
03_undistortion         	    394	00.311696	(00.000791 +- 00.000155)	[00.000138,00.008355]
04_sampling             	    393	00.193636	(00.000493 +- 00.000104)	[00.000057,00.002759]
04b_intensity_sampling  	    393	00.285298	(00.000726 +- 00.000128)	[00.000110,00.003066]
05_registration         	    393	01.434407	(00.003650 +- 00.000598)	[00.000691,00.013137]
06_map                  	    393	00.320954	(00.000817 +- 00.000148)	[00.000094,00.002346]
07_imu_opt              	    393	00.506841	(00.001290 +- 00.000299)	[00.000002,00.004487]
08_publish              	    393	04.003523	(00.010187 +- 00.001929)	[00.000508,00.028945]
step                    	    396	08.338681	(00.021057 +- 00.003272)	[00.003846,00.057703]

INFO  Timings:
SM Timing
-----------
00_conversion_livox     	    398	04.496533	(00.011298 +- 00.000539)	[00.008750,00.027519]
01_filter               	    397	00.117730	(00.000297 +- 00.000035)	[00.000113,00.002554]
02_preint               	    395	00.014032	(00.000036 +- 00.000005)	[00.000025,00.000078]
02a_intensity_preprocess	    397	01.106676	(00.002788 +- 00.000360)	[00.000801,00.007316]
03_undistortion         	    395	00.311962	(00.000790 +- 00.000146)	[00.000138,00.008355]
04_sampling             	    394	00.193849	(00.000492 +- 00.000099)	[00.000057,00.002759]
04b_intensity_sampling  	    394	00.285573	(00.000725 +- 00.000121)	[00.000110,00.003066]
05_registration         	    394	01.436164	(00.003645 +- 00.000594)	[00.000691,00.013137]
06_map                  	    394	00.321327	(00.000816 +- 00.000141)	[00.000094,00.002346]
07_imu_opt              	    394	00.507948	(00.001289 +- 00.000277)	[00.000002,00.004487]
08_publish              	    394	04.006185	(00.010168 +- 00.001818)	[00.000508,00.028945]
step                    	    397	08.346869	(00.021025 +- 00.003066)	[00.003846,00.057703]

INFO  Timings:
SM Timing
-----------
00_conversion_livox     	    399	04.506836	(00.011295 +- 00.000531)	[00.008750,00.027519]
01_filter               	    398	00.117896	(00.000296 +- 00.000031)	[00.000113,00.002554]
02_preint               	    396	00.014067	(00.000036 +- 00.000005)	[00.000025,00.000078]
02a_intensity_preprocess	    398	01.108179	(00.002784 +- 00.000336)	[00.000801,00.007316]
03_undistortion         	    396	00.312230	(00.000788 +- 00.000132)	[00.000138,00.008355]
04_sampling             	    395	00.194112	(00.000491 +- 00.000090)	[00.000057,00.002759]
04b_intensity_sampling  	    395	00.285872	(00.000724 +- 00.000111)	[00.000110,00.003066]
05_registration         	    395	01.439418	(00.003644 +- 00.000627)	[00.000691,00.013137]
06_map                  	    395	00.321711	(00.000814 +- 00.000131)	[00.000094,00.002346]
07_imu_opt              	    395	00.509181	(00.001289 +- 00.000276)	[00.000002,00.004487]
08_publish              	    395	04.009250	(00.010150 +- 00.001660)	[00.000508,00.028945]
step                    	    398	08.357410	(00.020999 +- 00.002848)	[00.003846,00.057703]

INFO  Timings:
SM Timing
-----------
00_conversion_livox     	    400	04.518020	(00.011295 +- 00.000551)	[00.008750,00.027519]
01_filter               	    399	00.118054	(00.000296 +- 00.000028)	[00.000113,00.002554]
02_preint               	    397	00.014100	(00.000036 +- 00.000005)	[00.000025,00.000078]
02a_intensity_preprocess	    399	01.109645	(00.002781 +- 00.000305)	[00.000801,00.007316]
03_undistortion         	    397	00.312497	(00.000787 +- 00.000116)	[00.000138,00.008355]
04_sampling             	    396	00.194333	(00.000491 +- 00.000080)	[00.000057,00.002759]
04b_intensity_sampling  	    396	00.286190	(00.000723 +- 00.000101)	[00.000110,00.003066]
05_registration         	    396	01.440565	(00.003638 +- 00.000619)	[00.000691,00.013137]
06_map                  	    396	00.322043	(00.000813 +- 00.000124)	[00.000094,00.002346]
07_imu_opt              	    396	00.510371	(00.001289 +- 00.000276)	[00.000002,00.004487]
08_publish              	    396	04.012161	(00.010132 +- 00.001470)	[00.000508,00.028945]
step                    	    399	08.365513	(00.020966 +- 00.002564)	[00.003846,00.057703]

INFO  Timings:
SM Timing
-----------
00_conversion_livox     	    401	04.529576	(00.011296 +- 00.000593)	[00.008750,00.027519]
01_filter               	    400	00.118248	(00.000296 +- 00.000026)	[00.000113,00.002554]
02_preint               	    398	00.014132	(00.000036 +- 00.000005)	[00.000025,00.000078]
02a_intensity_preprocess	    400	01.111126	(00.002778 +- 00.000271)	[00.000801,00.007316]
03_undistortion         	    398	00.312763	(00.000786 +- 00.000100)	[00.000138,00.008355]
04_sampling             	    397	00.194562	(00.000490 +- 00.000069)	[00.000057,00.002759]
04b_intensity_sampling  	    397	00.286517	(00.000722 +- 00.000086)	[00.000110,00.003066]
05_registration         	    397	01.443526	(00.003636 +- 00.000649)	[00.000691,00.013137]
06_map                  	    397	00.322485	(00.000812 +- 00.000108)	[00.000094,00.002346]
07_imu_opt              	    397	00.511936	(00.001290 +- 00.000274)	[00.000002,00.004487]
08_publish              	    397	04.015012	(00.010113 +- 00.001249)	[00.000508,00.028945]
step                    	    400	08.375909	(00.020940 +- 00.002293)	[00.003846,00.057703]

INFO  Timings:
SM Timing
-----------
00_conversion_livox     	    402	04.541446	(00.011297 +- 00.000626)	[00.008750,00.027519]
01_filter               	    401	00.118434	(00.000295 +- 00.000024)	[00.000113,00.002554]
02_preint               	    399	00.014164	(00.000035 +- 00.000005)	[00.000025,00.000078]
02a_intensity_preprocess	    401	01.112621	(00.002775 +- 00.000247)	[00.000801,00.007316]
03_undistortion         	    399	00.313086	(00.000785 +- 00.000086)	[00.000138,00.008355]
04_sampling             	    398	00.194806	(00.000489 +- 00.000066)	[00.000057,00.002759]
04b_intensity_sampling  	    398	00.286890	(00.000721 +- 00.000075)	[00.000110,00.003066]
05_registration         	    398	01.444758	(00.003630 +- 00.000622)	[00.000691,00.013137]
06_map                  	    398	00.322960	(00.000811 +- 00.000102)	[00.000094,00.002346]
07_imu_opt              	    398	00.514348	(00.001292 +- 00.000319)	[00.000002,00.004487]
08_publish              	    398	04.017719	(00.010095 +- 00.001023)	[00.000508,00.028945]
step                    	    401	08.385470	(00.020911 +- 00.001971)	[00.003846,00.057703]

INFO  Timings:
SM Timing
-----------
00_conversion_livox     	    403	04.553228	(00.011298 +- 00.000631)	[00.008750,00.027519]
01_filter               	    402	00.118615	(00.000295 +- 00.000021)	[00.000113,00.002554]
02_preint               	    400	00.014198	(00.000035 +- 00.000004)	[00.000025,00.000078]
02a_intensity_preprocess	    402	01.114050	(00.002771 +- 00.000218)	[00.000801,00.007316]
03_undistortion         	    400	00.313415	(00.000784 +- 00.000067)	[00.000138,00.008355]
04_sampling             	    399	00.195067	(00.000489 +- 00.000064)	[00.000057,00.002759]
04b_intensity_sampling  	    399	00.287233	(00.000720 +- 00.000067)	[00.000110,00.003066]
05_registration         	    399	01.446506	(00.003625 +- 00.000617)	[00.000691,00.013137]
06_map                  	    399	00.323316	(00.000810 +- 00.000096)	[00.000094,00.002346]
07_imu_opt              	    399	00.516729	(00.001295 +- 00.000355)	[00.000002,00.004487]
08_publish              	    399	04.020637	(00.010077 +- 00.000895)	[00.000508,00.028945]
step                    	    402	08.395508	(00.020884 +- 00.001824)	[00.003846,00.057703]

INFO  Timings:
SM Timing
-----------
00_conversion_livox     	    404	04.564987	(00.011299 +- 00.000670)	[00.008750,00.027519]
01_filter               	    403	00.118796	(00.000295 +- 00.000021)	[00.000113,00.002554]
02_preint               	    401	00.014234	(00.000035 +- 00.000004)	[00.000025,00.000078]
02a_intensity_preprocess	    403	01.115620	(00.002768 +- 00.000220)	[00.000801,00.007316]
03_undistortion         	    401	00.313686	(00.000782 +- 00.000066)	[00.000138,00.008355]
04_sampling             	    400	00.195301	(00.000488 +- 00.000065)	[00.000057,00.002759]
04b_intensity_sampling  	    400	00.287555	(00.000719 +- 00.000068)	[00.000110,00.003066]
05_registration         	    400	01.448758	(00.003622 +- 00.000620)	[00.000691,00.013137]
06_map                  	    400	00.323683	(00.000809 +- 00.000096)	[00.000094,00.002346]
07_imu_opt              	    400	00.518199	(00.001295 +- 00.000355)	[00.000002,00.004487]
08_publish              	    400	04.023641	(00.010059 +- 00.000849)	[00.000508,00.028945]
step                    	    403	08.405260	(00.020857 +- 00.001806)	[00.003846,00.057703]

INFO  Timings:
SM Timing
-----------
00_conversion_livox     	    405	04.576819	(00.011301 +- 00.000708)	[00.008750,00.027519]
01_filter               	    404	00.118995	(00.000295 +- 00.000020)	[00.000113,00.002554]
02_preint               	    402	00.014265	(00.000035 +- 00.000004)	[00.000025,00.000078]
02a_intensity_preprocess	    404	01.117243	(00.002765 +- 00.000227)	[00.000801,00.007316]
03_undistortion         	    402	00.314005	(00.000781 +- 00.000057)	[00.000138,00.008355]
04_sampling             	    401	00.195542	(00.000488 +- 00.000061)	[00.000057,00.002759]
04b_intensity_sampling  	    401	00.287900	(00.000718 +- 00.000067)	[00.000110,00.003066]
05_registration         	    401	01.450305	(00.003617 +- 00.000613)	[00.000691,00.013137]
06_map                  	    401	00.324046	(00.000808 +- 00.000097)	[00.000094,00.002346]
07_imu_opt              	    401	00.519753	(00.001296 +- 00.000356)	[00.000002,00.004487]
08_publish              	    401	04.026926	(00.010042 +- 00.000852)	[00.000508,00.028945]
step                    	    404	08.414832	(00.020829 +- 00.001785)	[00.003846,00.057703]

INFO  Timings:
SM Timing
-----------
00_conversion_livox     	    406	04.588501	(00.011302 +- 00.000738)	[00.008750,00.027519]
01_filter               	    405	00.119207	(00.000294 +- 00.000022)	[00.000113,00.002554]
02_preint               	    403	00.014298	(00.000035 +- 00.000004)	[00.000025,00.000078]
02a_intensity_preprocess	    405	01.118880	(00.002763 +- 00.000238)	[00.000801,00.007316]
03_undistortion         	    403	00.314376	(00.000780 +- 00.000056)	[00.000138,00.008355]
04_sampling             	    402	00.195817	(00.000487 +- 00.000062)	[00.000057,00.002759]
04b_intensity_sampling  	    402	00.288398	(00.000717 +- 00.000077)	[00.000110,00.003066]
05_registration         	    402	01.452733	(00.003614 +- 00.000626)	[00.000691,00.013137]
06_map                  	    402	00.324418	(00.000807 +- 00.000095)	[00.000094,00.002346]
07_imu_opt              	    402	00.521085	(00.001296 +- 00.000356)	[00.000002,00.004487]
08_publish              	    402	04.030203	(00.010025 +- 00.000879)	[00.000508,00.028945]
step                    	    405	08.425326	(00.020803 +- 00.001862)	[00.003846,00.057703]

INFO  Timings:
SM Timing
-----------
00_conversion_livox     	    407	04.600371	(00.011303 +- 00.000781)	[00.008750,00.027519]
01_filter               	    406	00.119385	(00.000294 +- 00.000022)	[00.000113,00.002554]
02_preint               	    404	00.014334	(00.000035 +- 00.000004)	[00.000025,00.000078]
02a_intensity_preprocess	    406	01.120491	(00.002760 +- 00.000249)	[00.000801,00.007316]
03_undistortion         	    404	00.314685	(00.000779 +- 00.000058)	[00.000138,00.008355]
04_sampling             	    403	00.196078	(00.000487 +- 00.000064)	[00.000057,00.002759]
04b_intensity_sampling  	    403	00.288739	(00.000716 +- 00.000078)	[00.000110,00.003066]
05_registration         	    403	01.454076	(00.003608 +- 00.000626)	[00.000691,00.013137]
06_map                  	    403	00.324769	(00.000806 +- 00.000095)	[00.000094,00.002346]
07_imu_opt              	    403	00.522700	(00.001297 +- 00.000358)	[00.000002,00.004487]
08_publish              	    403	04.033625	(00.010009 +- 00.000920)	[00.000508,00.028945]
step                    	    406	08.434860	(00.020776 +- 00.001909)	[00.003846,00.057703]

INFO  Timings:
SM Timing
-----------
00_conversion_livox     	    408	04.612198	(00.011304 +- 00.000819)	[00.008750,00.027519]
01_filter               	    407	00.119571	(00.000294 +- 00.000022)	[00.000113,00.002554]
02_preint               	    405	00.014372	(00.000035 +- 00.000004)	[00.000025,00.000078]
02a_intensity_preprocess	    407	01.122054	(00.002757 +- 00.000258)	[00.000801,00.007316]
03_undistortion         	    405	00.315019	(00.000778 +- 00.000061)	[00.000138,00.008355]
04_sampling             	    404	00.196356	(00.000486 +- 00.000067)	[00.000057,00.002759]
04b_intensity_sampling  	    404	00.289104	(00.000716 +- 00.000080)	[00.000110,00.003066]
05_registration         	    404	01.455384	(00.003602 +- 00.000626)	[00.000691,00.013137]
06_map                  	    404	00.325160	(00.000805 +- 00.000098)	[00.000094,00.002346]
07_imu_opt              	    404	00.525176	(00.001300 +- 00.000393)	[00.000002,00.004487]
08_publish              	    404	04.036972	(00.009993 +- 00.000959)	[00.000508,00.028945]
step                    	    407	08.445205	(00.020750 +- 00.001990)	[00.003846,00.057703]

INFO  Timings:
SM Timing
-----------
00_conversion_livox     	    409	04.624310	(00.011306 +- 00.000867)	[00.008750,00.027519]
01_filter               	    408	00.119799	(00.000294 +- 00.000025)	[00.000113,00.002554]
02_preint               	    406	00.014412	(00.000035 +- 00.000004)	[00.000025,00.000078]
02a_intensity_preprocess	    408	01.123691	(00.002754 +- 00.000270)	[00.000801,00.007316]
03_undistortion         	    406	00.315359	(00.000777 +- 00.000064)	[00.000138,00.008355]
04_sampling             	    405	00.196633	(00.000486 +- 00.000070)	[00.000057,00.002759]
04b_intensity_sampling  	    405	00.289483	(00.000715 +- 00.000083)	[00.000110,00.003066]
05_registration         	    405	01.456815	(00.003597 +- 00.000625)	[00.000691,00.013137]
06_map                  	    405	00.325599	(00.000804 +- 00.000101)	[00.000094,00.002346]
07_imu_opt              	    405	00.527584	(00.001303 +- 00.000419)	[00.000002,00.004487]
08_publish              	    405	04.040388	(00.009976 +- 00.001000)	[00.000508,00.028945]
step                    	    408	08.455861	(00.020725 +- 00.002077)	[00.003846,00.057703]

INFO  Timings:
SM Timing
-----------
00_conversion_livox     	    410	04.636216	(00.011308 +- 00.000902)	[00.008750,00.027519]
01_filter               	    409	00.120110	(00.000294 +- 00.000033)	[00.000113,00.002554]
02_preint               	    407	00.014450	(00.000036 +- 00.000004)	[00.000025,00.000078]
02a_intensity_preprocess	    409	01.125336	(00.002751 +- 00.000282)	[00.000801,00.007316]
03_undistortion         	    407	00.315726	(00.000776 +- 00.000068)	[00.000138,00.008355]
04_sampling             	    406	00.196958	(00.000485 +- 00.000075)	[00.000057,00.002759]
04b_intensity_sampling  	    406	00.289871	(00.000714 +- 00.000085)	[00.000110,00.003066]
05_registration         	    406	01.458712	(00.003593 +- 00.000626)	[00.000691,00.013137]
06_map                  	    406	00.326043	(00.000803 +- 00.000105)	[00.000094,00.002346]
07_imu_opt              	    406	00.529094	(00.001303 +- 00.000418)	[00.000002,00.004487]
08_publish              	    406	04.044185	(00.009961 +- 00.001053)	[00.000508,00.028945]
step                    	    409	08.466652	(00.020701 +- 00.002162)	[00.003846,00.057703]

INFO  Timings:
SM Timing
-----------
00_conversion_livox     	    411	04.648321	(00.011310 +- 00.000941)	[00.008750,00.027519]
01_filter               	    410	00.120318	(00.000293 +- 00.000034)	[00.000113,00.002554]
02_preint               	    408	00.014485	(00.000036 +- 00.000004)	[00.000025,00.000078]
02a_intensity_preprocess	    410	01.127104	(00.002749 +- 00.000297)	[00.000801,00.007316]
03_undistortion         	    408	00.316130	(00.000775 +- 00.000073)	[00.000138,00.008355]
04_sampling             	    407	00.197238	(00.000485 +- 00.000078)	[00.000057,00.002759]
04b_intensity_sampling  	    407	00.290302	(00.000713 +- 00.000090)	[00.000110,00.003066]
05_registration         	    407	01.460793	(00.003589 +- 00.000629)	[00.000691,00.013137]
06_map                  	    407	00.326548	(00.000802 +- 00.000111)	[00.000094,00.002346]
07_imu_opt              	    407	00.530458	(00.001303 +- 00.000391)	[00.000002,00.004487]
08_publish              	    407	04.048576	(00.009947 +- 00.001129)	[00.000508,00.028945]
step                    	    410	08.478182	(00.020678 +- 00.002269)	[00.003846,00.057703]

INFO  Timings:
SM Timing
-----------
00_conversion_livox     	    412	04.660348	(00.011312 +- 00.000974)	[00.008750,00.027519]
01_filter               	    411	00.120519	(00.000293 +- 00.000034)	[00.000113,00.002554]
02_preint               	    409	00.014524	(00.000036 +- 00.000004)	[00.000025,00.000078]
02a_intensity_preprocess	    411	01.129091	(00.002747 +- 00.000321)	[00.000801,00.007316]
03_undistortion         	    409	00.316513	(00.000774 +- 00.000076)	[00.000138,00.008355]
04_sampling             	    408	00.197622	(00.000484 +- 00.000085)	[00.000057,00.002759]
04b_intensity_sampling  	    408	00.290913	(00.000713 +- 00.000104)	[00.000110,00.003066]
05_registration         	    408	01.463268	(00.003586 +- 00.000639)	[00.000691,00.013137]
06_map                  	    408	00.327096	(00.000802 +- 00.000118)	[00.000094,00.002346]
07_imu_opt              	    408	00.531799	(00.001303 +- 00.000390)	[00.000002,00.004487]
08_publish              	    408	04.054004	(00.009936 +- 00.001252)	[00.000508,00.028945]
step                    	    411	08.491651	(00.020661 +- 00.002453)	[00.003846,00.057703]

INFO  Timings:
SM Timing
-----------
00_conversion_livox     	    413	04.672566	(00.011314 +- 00.001004)	[00.008750,00.027519]
01_filter               	    412	00.120744	(00.000293 +- 00.000035)	[00.000113,00.002554]
02_preint               	    410	00.014561	(00.000036 +- 00.000004)	[00.000025,00.000078]
02a_intensity_preprocess	    412	01.131178	(00.002746 +- 00.000348)	[00.000801,00.007316]
03_undistortion         	    410	00.316895	(00.000773 +- 00.000079)	[00.000138,00.008355]
04_sampling             	    409	00.198003	(00.000484 +- 00.000091)	[00.000057,00.002759]
04b_intensity_sampling  	    409	00.291377	(00.000712 +- 00.000108)	[00.000110,00.003066]
05_registration         	    409	01.465478	(00.003583 +- 00.000640)	[00.000691,00.013137]
06_map                  	    409	00.327553	(00.000801 +- 00.000122)	[00.000094,00.002346]
07_imu_opt              	    409	00.533583	(00.001305 +- 00.000395)	[00.000002,00.004487]
08_publish              	    409	04.060086	(00.009927 +- 00.001395)	[00.000508,00.028945]
step                    	    412	08.505830	(00.020645 +- 00.002652)	[00.003846,00.057703]

INFO  Timings:
SM Timing
-----------
00_conversion_livox     	    414	04.685170	(00.011317 +- 00.001054)	[00.008750,00.027519]
01_filter               	    413	00.121001	(00.000293 +- 00.000038)	[00.000113,00.002554]
02_preint               	    411	00.014598	(00.000036 +- 00.000004)	[00.000025,00.000078]
02a_intensity_preprocess	    413	01.133370	(00.002744 +- 00.000376)	[00.000801,00.007316]
03_undistortion         	    411	00.317457	(00.000772 +- 00.000092)	[00.000138,00.008355]
04_sampling             	    410	00.198400	(00.000484 +- 00.000097)	[00.000057,00.002759]
04b_intensity_sampling  	    410	00.291992	(00.000712 +- 00.000119)	[00.000110,00.003066]
05_registration         	    410	01.467471	(00.003579 +- 00.000610)	[00.000691,00.013137]
06_map                  	    410	00.328068	(00.000800 +- 00.000127)	[00.000094,00.002346]
07_imu_opt              	    410	00.536109	(00.001308 +- 00.000427)	[00.000002,00.004487]
08_publish              	    410	04.066570	(00.009918 +- 00.001542)	[00.000508,00.028945]
step                    	    413	08.521460	(00.020633 +- 00.002914)	[00.003846,00.057703]

INFO  Timings:
SM Timing
-----------
00_conversion_livox     	    415	04.697708	(00.011320 +- 00.001093)	[00.008750,00.027519]
01_filter               	    414	00.121239	(00.000293 +- 00.000039)	[00.000113,00.002554]
02_preint               	    412	00.014634	(00.000036 +- 00.000004)	[00.000025,00.000078]
02a_intensity_preprocess	    414	01.135495	(00.002743 +- 00.000398)	[00.000801,00.007316]
03_undistortion         	    412	00.318311	(00.000773 +- 00.000127)	[00.000138,00.008355]
04_sampling             	    411	00.198813	(00.000484 +- 00.000103)	[00.000057,00.002759]
04b_intensity_sampling  	    411	00.292612	(00.000712 +- 00.000129)	[00.000110,00.003066]
05_registration         	    411	01.469242	(00.003575 +- 00.000608)	[00.000691,00.013137]
06_map                  	    411	00.328596	(00.000800 +- 00.000132)	[00.000094,00.002346]
07_imu_opt              	    411	00.538609	(00.001310 +- 00.000451)	[00.000002,00.004487]
08_publish              	    411	04.072985	(00.009910 +- 00.001662)	[00.000508,00.028945]
step                    	    414	08.537032	(00.020621 +- 00.003127)	[00.003846,00.057703]

INFO  Timings:
SM Timing
-----------
00_conversion_livox     	    416	04.709377	(00.011321 +- 00.001101)	[00.008750,00.027519]
01_filter               	    415	00.121471	(00.000293 +- 00.000040)	[00.000113,00.002554]
02_preint               	    413	00.014671	(00.000036 +- 00.000004)	[00.000025,00.000078]
02a_intensity_preprocess	    415	01.137571	(00.002741 +- 00.000414)	[00.000801,00.007316]
03_undistortion         	    413	00.318930	(00.000772 +- 00.000137)	[00.000138,00.008355]
04_sampling             	    412	00.199242	(00.000484 +- 00.000109)	[00.000057,00.002759]
04b_intensity_sampling  	    412	00.293135	(00.000711 +- 00.000134)	[00.000110,00.003066]
05_registration         	    412	01.472119	(00.003573 +- 00.000633)	[00.000691,00.013137]
06_map                  	    412	00.329149	(00.000799 +- 00.000136)	[00.000094,00.002346]
07_imu_opt              	    412	00.540096	(00.001311 +- 00.000451)	[00.000002,00.004487]
08_publish              	    412	04.079050	(00.009901 +- 00.001751)	[00.000508,00.028945]
step                    	    415	08.552007	(00.020607 +- 00.003289)	[00.003846,00.057703]

INFO  Timings:
SM Timing
-----------
00_conversion_livox     	    417	04.720367	(00.011320 +- 00.001101)	[00.008750,00.027519]
01_filter               	    416	00.121732	(00.000293 +- 00.000042)	[00.000113,00.002554]
02_preint               	    414	00.014702	(00.000036 +- 00.000004)	[00.000025,00.000078]
02a_intensity_preprocess	    416	01.139481	(00.002739 +- 00.000424)	[00.000801,00.007316]
03_undistortion         	    414	00.319734	(00.000772 +- 00.000157)	[00.000138,00.008355]
04_sampling             	    413	00.199576	(00.000483 +- 00.000111)	[00.000057,00.002759]
04b_intensity_sampling  	    413	00.293693	(00.000711 +- 00.000139)	[00.000110,00.003066]
05_registration         	    413	01.473767	(00.003568 +- 00.000632)	[00.000691,00.013137]
06_map                  	    413	00.329678	(00.000798 +- 00.000140)	[00.000094,00.002346]
07_imu_opt              	    413	00.541442	(00.001311 +- 00.000451)	[00.000002,00.004487]
08_publish              	    413	04.084703	(00.009890 +- 00.001815)	[00.000508,00.028945]
step                    	    416	08.565183	(00.020589 +- 00.003372)	[00.003846,00.057703]

INFO  Timings:
SM Timing
-----------
00_conversion_livox     	    418	04.731500	(00.011319 +- 00.001103)	[00.008750,00.027519]
01_filter               	    417	00.121959	(00.000292 +- 00.000043)	[00.000113,00.002554]
02_preint               	    415	00.014733	(00.000036 +- 00.000004)	[00.000025,00.000078]
02a_intensity_preprocess	    417	01.141360	(00.002737 +- 00.000432)	[00.000801,00.007316]
03_undistortion         	    415	00.320313	(00.000772 +- 00.000163)	[00.000138,00.008355]
04_sampling             	    414	00.199922	(00.000483 +- 00.000113)	[00.000057,00.002759]
04b_intensity_sampling  	    414	00.294170	(00.000711 +- 00.000141)	[00.000110,00.003066]
05_registration         	    414	01.475586	(00.003564 +- 00.000628)	[00.000691,00.013137]
06_map                  	    414	00.330229	(00.000798 +- 00.000145)	[00.000094,00.002346]
07_imu_opt              	    414	00.542674	(00.001311 +- 00.000449)	[00.000002,00.004487]
08_publish              	    414	04.090155	(00.009880 +- 00.001865)	[00.000508,00.028945]
step                    	    417	08.577842	(00.020570 +- 00.003422)	[00.003846,00.057703]

INFO  Timings:
SM Timing
-----------
00_conversion_livox     	    419	04.742431	(00.011318 +- 00.001103)	[00.008750,00.027519]
01_filter               	    418	00.122180	(00.000292 +- 00.000044)	[00.000113,00.002554]
02_preint               	    416	00.014771	(00.000036 +- 00.000004)	[00.000025,00.000078]
02a_intensity_preprocess	    418	01.143149	(00.002735 +- 00.000437)	[00.000801,00.007316]
03_undistortion         	    416	00.320851	(00.000771 +- 00.000167)	[00.000138,00.008355]
04_sampling             	    415	00.200246	(00.000483 +- 00.000115)	[00.000057,00.002759]
04b_intensity_sampling  	    415	00.294705	(00.000710 +- 00.000146)	[00.000110,00.003066]
05_registration         	    415	01.478531	(00.003563 +- 00.000653)	[00.000691,00.013137]
06_map                  	    415	00.330770	(00.000797 +- 00.000149)	[00.000094,00.002346]
07_imu_opt              	    415	00.544219	(00.001311 +- 00.000447)	[00.000002,00.004487]
08_publish              	    415	04.095216	(00.009868 +- 00.001898)	[00.000508,00.028945]
step                    	    418	08.591442	(00.020554 +- 00.003504)	[00.003846,00.057703]

INFO  Timings:
SM Timing
-----------
00_conversion_livox     	    420	04.752851	(00.011316 +- 00.001101)	[00.008750,00.027519]
01_filter               	    419	00.122406	(00.000292 +- 00.000044)	[00.000113,00.002554]
02_preint               	    417	00.014808	(00.000036 +- 00.000004)	[00.000025,00.000078]
02a_intensity_preprocess	    419	01.144792	(00.002732 +- 00.000438)	[00.000801,00.007316]
03_undistortion         	    417	00.321235	(00.000770 +- 00.000167)	[00.000138,00.008355]
04_sampling             	    416	00.200598	(00.000482 +- 00.000116)	[00.000057,00.002759]
04b_intensity_sampling  	    416	00.295119	(00.000709 +- 00.000146)	[00.000110,00.003066]
05_registration         	    416	01.482534	(00.003564 +- 00.000729)	[00.000691,00.013137]
06_map                  	    416	00.331290	(00.000796 +- 00.000151)	[00.000094,00.002346]
07_imu_opt              	    416	00.546490	(00.001314 +- 00.000460)	[00.000002,00.004487]
08_publish              	    416	04.099745	(00.009855 +- 00.001915)	[00.000508,00.028945]
step                    	    419	08.605883	(00.020539 +- 00.003601)	[00.003846,00.057703]

INFO  Timings:
SM Timing
-----------
00_conversion_livox     	    421	04.763697	(00.011315 +- 00.001101)	[00.008750,00.027519]
01_filter               	    420	00.122614	(00.000292 +- 00.000044)	[00.000113,00.002554]
02_preint               	    418	00.014845	(00.000036 +- 00.000004)	[00.000025,00.000078]
02a_intensity_preprocess	    420	01.146476	(00.002730 +- 00.000439)	[00.000801,00.007316]
03_undistortion         	    418	00.321642	(00.000769 +- 00.000167)	[00.000138,00.008355]
04_sampling             	    417	00.200841	(00.000482 +- 00.000115)	[00.000057,00.002759]
04b_intensity_sampling  	    417	00.295563	(00.000709 +- 00.000146)	[00.000110,00.003066]
05_registration         	    417	01.484699	(00.003560 +- 00.000731)	[00.000691,00.013137]
06_map                  	    417	00.331804	(00.000796 +- 00.000153)	[00.000094,00.002346]
07_imu_opt              	    417	00.548588	(00.001316 +- 00.000466)	[00.000002,00.004487]
08_publish              	    417	04.103907	(00.009842 +- 00.001918)	[00.000508,00.028945]
step                    	    420	08.617912	(00.020519 +- 00.003620)	[00.003846,00.057703]

INFO  Timings:
SM Timing
-----------
00_conversion_livox     	    422	04.774285	(00.011313 +- 00.001097)	[00.008750,00.027519]
01_filter               	    421	00.122831	(00.000292 +- 00.000045)	[00.000113,00.002554]
02_preint               	    419	00.014880	(00.000036 +- 00.000004)	[00.000025,00.000078]
02a_intensity_preprocess	    421	01.148042	(00.002727 +- 00.000437)	[00.000801,00.007316]
03_undistortion         	    419	00.321986	(00.000768 +- 00.000166)	[00.000138,00.008355]
04_sampling             	    418	00.201064	(00.000481 +- 00.000115)	[00.000057,00.002759]
04b_intensity_sampling  	    418	00.295915	(00.000708 +- 00.000145)	[00.000110,00.003066]
05_registration         	    418	01.487685	(00.003559 +- 00.000751)	[00.000691,00.013137]
06_map                  	    418	00.332255	(00.000795 +- 00.000153)	[00.000094,00.002346]
07_imu_opt              	    418	00.549936	(00.001316 +- 00.000465)	[00.000002,00.004487]
08_publish              	    418	04.107615	(00.009827 +- 00.001910)	[00.000508,00.028945]
step                    	    421	08.629187	(00.020497 +- 00.003619)	[00.003846,00.057703]

INFO  Timings:
SM Timing
-----------
00_conversion_livox     	    423	04.784454	(00.011311 +- 00.001093)	[00.008750,00.027519]
01_filter               	    422	00.123012	(00.000291 +- 00.000044)	[00.000113,00.002554]
02_preint               	    420	00.014908	(00.000035 +- 00.000004)	[00.000025,00.000078]
02a_intensity_preprocess	    422	01.149474	(00.002724 +- 00.000434)	[00.000801,00.007316]
03_undistortion         	    420	00.322327	(00.000767 +- 00.000165)	[00.000138,00.008355]
04_sampling             	    419	00.201338	(00.000481 +- 00.000114)	[00.000057,00.002759]
04b_intensity_sampling  	    419	00.296285	(00.000707 +- 00.000144)	[00.000110,00.003066]
05_registration         	    419	01.489742	(00.003555 +- 00.000752)	[00.000691,00.013137]
06_map                  	    419	00.332623	(00.000794 +- 00.000152)	[00.000094,00.002346]
07_imu_opt              	    419	00.551012	(00.001315 +- 00.000466)	[00.000002,00.004487]
08_publish              	    419	04.110797	(00.009811 +- 00.001897)	[00.000508,00.028945]
step                    	    422	08.638551	(00.020471 +- 00.003597)	[00.003846,00.057703]

INFO  Timings:
SM Timing
-----------
00_conversion_livox     	    424	04.794360	(00.011307 +- 00.001089)	[00.008750,00.027519]
01_filter               	    423	00.123166	(00.000291 +- 00.000044)	[00.000113,00.002554]
02_preint               	    421	00.014944	(00.000035 +- 00.000004)	[00.000025,00.000078]
02a_intensity_preprocess	    423	01.150842	(00.002721 +- 00.000431)	[00.000801,00.007316]
03_undistortion         	    421	00.322660	(00.000766 +- 00.000164)	[00.000138,00.008355]
04_sampling             	    420	00.201592	(00.000480 +- 00.000113)	[00.000057,00.002759]
04b_intensity_sampling  	    420	00.296629	(00.000706 +- 00.000143)	[00.000110,00.003066]
05_registration         	    420	01.491385	(00.003551 +- 00.000752)	[00.000691,00.013137]
06_map                  	    420	00.332961	(00.000793 +- 00.000151)	[00.000094,00.002346]
07_imu_opt              	    420	00.552242	(00.001315 +- 00.000463)	[00.000002,00.004487]
08_publish              	    420	04.113729	(00.009795 +- 00.001882)	[00.000508,00.028945]
step                    	    423	08.647241	(00.020443 +- 00.003568)	[00.003846,00.057703]

INFO  Timings:
SM Timing
-----------
00_conversion_livox     	    425	04.804101	(00.011304 +- 00.001093)	[00.008750,00.027519]
01_filter               	    424	00.123353	(00.000291 +- 00.000044)	[00.000113,00.002554]
02_preint               	    422	00.014972	(00.000035 +- 00.000004)	[00.000025,00.000078]
02a_intensity_preprocess	    424	01.152170	(00.002717 +- 00.000427)	[00.000801,00.007316]
03_undistortion         	    422	00.322929	(00.000765 +- 00.000163)	[00.000138,00.008355]
04_sampling             	    421	00.201833	(00.000479 +- 00.000112)	[00.000057,00.002759]
04b_intensity_sampling  	    421	00.297016	(00.000706 +- 00.000141)	[00.000110,00.003066]
05_registration         	    421	01.493580	(00.003548 +- 00.000752)	[00.000691,00.013137]
06_map                  	    421	00.333308	(00.000792 +- 00.000150)	[00.000094,00.002346]
07_imu_opt              	    421	00.553304	(00.001314 +- 00.000464)	[00.000002,00.004487]
08_publish              	    421	04.116499	(00.009778 +- 00.001866)	[00.000508,00.028945]
step                    	    424	08.656105	(00.020415 +- 00.003532)	[00.003846,00.057703]

INFO  Timings:
SM Timing
-----------
00_conversion_livox     	    426	04.814164	(00.011301 +- 00.001086)	[00.008750,00.027519]
01_filter               	    425	00.123525	(00.000291 +- 00.000044)	[00.000113,00.002554]
02_preint               	    423	00.015007	(00.000035 +- 00.000004)	[00.000025,00.000078]
02a_intensity_preprocess	    425	01.153451	(00.002714 +- 00.000423)	[00.000801,00.007316]
03_undistortion         	    423	00.323199	(00.000764 +- 00.000162)	[00.000138,00.008355]
04_sampling             	    422	00.202053	(00.000479 +- 00.000110)	[00.000057,00.002759]
04b_intensity_sampling  	    422	00.297327	(00.000705 +- 00.000140)	[00.000110,00.003066]
05_registration         	    422	01.494633	(00.003542 +- 00.000754)	[00.000691,00.013137]
06_map                  	    422	00.333646	(00.000791 +- 00.000147)	[00.000094,00.002346]
07_imu_opt              	    422	00.554374	(00.001314 +- 00.000464)	[00.000002,00.004487]
08_publish              	    422	04.119199	(00.009761 +- 00.001847)	[00.000508,00.028945]
step                    	    425	08.663610	(00.020385 +- 00.003493)	[00.003846,00.057703]

INFO  Timings:
SM Timing
-----------
00_conversion_livox     	    427	04.823866	(00.011297 +- 00.001085)	[00.008750,00.027519]
01_filter               	    426	00.123678	(00.000290 +- 00.000043)	[00.000113,00.002554]
02_preint               	    424	00.015044	(00.000035 +- 00.000004)	[00.000025,00.000078]
02a_intensity_preprocess	    426	01.154827	(00.002711 +- 00.000418)	[00.000801,00.007316]
03_undistortion         	    424	00.323490	(00.000763 +- 00.000161)	[00.000138,00.008355]
04_sampling             	    423	00.202307	(00.000478 +- 00.000109)	[00.000057,00.002759]
04b_intensity_sampling  	    423	00.297731	(00.000704 +- 00.000140)	[00.000110,00.003066]
05_registration         	    423	01.496846	(00.003539 +- 00.000749)	[00.000691,00.013137]
06_map                  	    423	00.334031	(00.000790 +- 00.000146)	[00.000094,00.002346]
07_imu_opt              	    423	00.555537	(00.001313 +- 00.000463)	[00.000002,00.004487]
08_publish              	    423	04.122274	(00.009745 +- 00.001826)	[00.000508,00.028945]
step                    	    426	08.673017	(00.020359 +- 00.003445)	[00.003846,00.057703]

INFO  Timings:
SM Timing
-----------
00_conversion_livox     	    428	04.833810	(00.011294 +- 00.001085)	[00.008750,00.027519]
01_filter               	    427	00.123870	(00.000290 +- 00.000043)	[00.000113,00.002554]
02_preint               	    425	00.015080	(00.000035 +- 00.000004)	[00.000025,00.000078]
02a_intensity_preprocess	    427	01.156300	(00.002708 +- 00.000411)	[00.000801,00.007316]
03_undistortion         	    425	00.323950	(00.000762 +- 00.000162)	[00.000138,00.008355]
04_sampling             	    424	00.202580	(00.000478 +- 00.000108)	[00.000057,00.002759]
04b_intensity_sampling  	    424	00.298237	(00.000703 +- 00.000140)	[00.000110,00.003066]
05_registration         	    424	01.498475	(00.003534 +- 00.000749)	[00.000691,00.013137]
06_map                  	    424	00.334506	(00.000789 +- 00.000144)	[00.000094,00.002346]
07_imu_opt              	    424	00.557051	(00.001314 +- 00.000462)	[00.000002,00.004487]
08_publish              	    424	04.125841	(00.009731 +- 00.001803)	[00.000508,00.028945]
step                    	    427	08.683212	(00.020335 +- 00.003407)	[00.003846,00.057703]

INFO  Timings:
SM Timing
-----------
00_conversion_livox     	    429	04.843902	(00.011291 +- 00.001082)	[00.008750,00.027519]
01_filter               	    428	00.124101	(00.000290 +- 00.000044)	[00.000113,00.002554]
02_preint               	    426	00.015111	(00.000035 +- 00.000004)	[00.000025,00.000078]
02a_intensity_preprocess	    428	01.157875	(00.002705 +- 00.000408)	[00.000801,00.007316]
03_undistortion         	    426	00.324286	(00.000761 +- 00.000160)	[00.000138,00.008355]
04_sampling             	    425	00.202912	(00.000477 +- 00.000107)	[00.000057,00.002759]
04b_intensity_sampling  	    425	00.298620	(00.000703 +- 00.000136)	[00.000110,00.003066]
05_registration         	    425	01.499835	(00.003529 +- 00.000736)	[00.000691,00.013137]
06_map                  	    425	00.334914	(00.000788 +- 00.000140)	[00.000094,00.002346]
07_imu_opt              	    425	00.558146	(00.001313 +- 00.000460)	[00.000002,00.004487]
08_publish              	    425	04.130105	(00.009718 +- 00.001785)	[00.000508,00.028945]
step                    	    428	08.693281	(00.020311 +- 00.003334)	[00.003846,00.057703]

INFO  Timings:
SM Timing
-----------
00_conversion_livox     	    430	04.853741	(00.011288 +- 00.001084)	[00.008750,00.027519]
01_filter               	    429	00.124332	(00.000290 +- 00.000044)	[00.000113,00.002554]
02_preint               	    427	00.015143	(00.000035 +- 00.000004)	[00.000025,00.000078]
02a_intensity_preprocess	    429	01.159598	(00.002703 +- 00.000402)	[00.000801,00.007316]
03_undistortion         	    427	00.324690	(00.000760 +- 00.000158)	[00.000138,00.008355]
04_sampling             	    426	00.203227	(00.000477 +- 00.000106)	[00.000057,00.002759]
04b_intensity_sampling  	    426	00.299038	(00.000702 +- 00.000135)	[00.000110,00.003066]
05_registration         	    426	01.501148	(00.003524 +- 00.000731)	[00.000691,00.013137]
06_map                  	    426	00.335375	(00.000787 +- 00.000139)	[00.000094,00.002346]
07_imu_opt              	    426	00.559345	(00.001313 +- 00.000462)	[00.000002,00.004487]
08_publish              	    426	04.134705	(00.009706 +- 00.001771)	[00.000508,00.028945]
step                    	    429	08.704041	(00.020289 +- 00.003279)	[00.003846,00.057703]

INFO  Timings:
SM Timing
-----------
00_conversion_livox     	    431	04.863747	(00.011285 +- 00.001074)	[00.008750,00.027519]
01_filter               	    430	00.124545	(00.000290 +- 00.000043)	[00.000113,00.002554]
02_preint               	    428	00.015178	(00.000035 +- 00.000004)	[00.000025,00.000078]
02a_intensity_preprocess	    430	01.161336	(00.002701 +- 00.000396)	[00.000801,00.007316]
03_undistortion         	    428	00.325248	(00.000760 +- 00.000160)	[00.000138,00.008355]
04_sampling             	    427	00.203650	(00.000477 +- 00.000107)	[00.000057,00.002759]
04b_intensity_sampling  	    427	00.299538	(00.000701 +- 00.000134)	[00.000110,00.003066]
05_registration         	    427	01.503327	(00.003521 +- 00.000717)	[00.000691,00.013137]
06_map                  	    427	00.336115	(00.000787 +- 00.000146)	[00.000094,00.002346]
07_imu_opt              	    427	00.561457	(00.001315 +- 00.000465)	[00.000002,00.004487]
08_publish              	    427	04.139699	(00.009695 +- 00.001760)	[00.000508,00.028945]
step                    	    430	08.717604	(00.020273 +- 00.003246)	[00.003846,00.057703]

INFO  Timings:
SM Timing
-----------
00_conversion_livox     	    432	04.873986	(00.011282 +- 00.001043)	[00.008750,00.027519]
01_filter               	    431	00.124750	(00.000289 +- 00.000043)	[00.000113,00.002554]
02_preint               	    429	00.015214	(00.000035 +- 00.000004)	[00.000025,00.000078]
02a_intensity_preprocess	    431	01.163083	(00.002699 +- 00.000389)	[00.000801,00.007316]
03_undistortion         	    429	00.325669	(00.000759 +- 00.000159)	[00.000138,00.008355]
04_sampling             	    428	00.204082	(00.000477 +- 00.000108)	[00.000057,00.002759]
04b_intensity_sampling  	    428	00.300127	(00.000701 +- 00.000135)	[00.000110,00.003066]
05_registration         	    428	01.504881	(00.003516 +- 00.000699)	[00.000691,00.013137]
06_map                  	    428	00.336714	(00.000787 +- 00.000146)	[00.000094,00.002346]
07_imu_opt              	    428	00.562623	(00.001315 +- 00.000461)	[00.000002,00.004487]
08_publish              	    428	04.144534	(00.009683 +- 00.001743)	[00.000508,00.028945]
step                    	    431	08.729268	(00.020254 +- 00.003166)	[00.003846,00.057703]

INFO  Timings:
SM Timing
-----------
00_conversion_livox     	    433	04.884175	(00.011280 +- 00.001027)	[00.008750,00.027519]
01_filter               	    432	00.124974	(00.000289 +- 00.000043)	[00.000113,00.002554]
02_preint               	    430	00.015245	(00.000035 +- 00.000004)	[00.000025,00.000078]
02a_intensity_preprocess	    432	01.164790	(00.002696 +- 00.000381)	[00.000801,00.007316]
03_undistortion         	    430	00.326018	(00.000758 +- 00.000157)	[00.000138,00.008355]
04_sampling             	    429	00.204510	(00.000477 +- 00.000109)	[00.000057,00.002759]
04b_intensity_sampling  	    429	00.300538	(00.000701 +- 00.000134)	[00.000110,00.003066]
05_registration         	    429	01.507430	(00.003514 +- 00.000671)	[00.000691,00.013137]
06_map                  	    429	00.337168	(00.000786 +- 00.000143)	[00.000094,00.002346]
07_imu_opt              	    429	00.563770	(00.001314 +- 00.000459)	[00.000002,00.004487]
08_publish              	    429	04.149076	(00.009672 +- 00.001714)	[00.000508,00.028945]
step                    	    432	08.741169	(00.020234 +- 00.003154)	[00.003846,00.057703]

INFO  Timings:
SM Timing
-----------
00_conversion_livox     	    434	04.894464	(00.011278 +- 00.001012)	[00.008750,00.027519]
01_filter               	    433	00.125173	(00.000289 +- 00.000042)	[00.000113,00.002554]
02_preint               	    431	00.015280	(00.000035 +- 00.000004)	[00.000025,00.000078]
02a_intensity_preprocess	    433	01.166484	(00.002694 +- 00.000372)	[00.000801,00.007316]
03_undistortion         	    431	00.326399	(00.000757 +- 00.000155)	[00.000138,00.008355]
04_sampling             	    430	00.204781	(00.000476 +- 00.000107)	[00.000057,00.002759]
04b_intensity_sampling  	    430	00.300964	(00.000700 +- 00.000130)	[00.000110,00.003066]
05_registration         	    430	01.508839	(00.003509 +- 00.000671)	[00.000691,00.013137]
06_map                  	    430	00.337734	(00.000785 +- 00.000141)	[00.000094,00.002346]
07_imu_opt              	    430	00.564868	(00.001314 +- 00.000461)	[00.000002,00.004487]
08_publish              	    430	04.153346	(00.009659 +- 00.001677)	[00.000508,00.028945]
step                    	    433	08.751598	(00.020212 +- 00.003082)	[00.003846,00.057703]

INFO  Timings:
SM Timing
-----------
00_conversion_livox     	    435	04.904751	(00.011275 +- 00.000994)	[00.008750,00.027519]
01_filter               	    434	00.125401	(00.000289 +- 00.000041)	[00.000113,00.002554]
02_preint               	    432	00.015317	(00.000035 +- 00.000004)	[00.000025,00.000078]
02a_intensity_preprocess	    434	01.168127	(00.002692 +- 00.000362)	[00.000801,00.007316]
03_undistortion         	    432	00.326818	(00.000757 +- 00.000153)	[00.000138,00.008355]
04_sampling             	    431	00.205066	(00.000476 +- 00.000103)	[00.000057,00.002759]
04b_intensity_sampling  	    431	00.301393	(00.000699 +- 00.000126)	[00.000110,00.003066]
05_registration         	    431	01.510602	(00.003505 +- 00.000652)	[00.000691,00.013137]
06_map                  	    431	00.338223	(00.000785 +- 00.000136)	[00.000094,00.002346]
07_imu_opt              	    431	00.566039	(00.001313 +- 00.000464)	[00.000002,00.004487]
08_publish              	    431	04.157674	(00.009647 +- 00.001637)	[00.000508,00.028945]
step                    	    434	08.762458	(00.020190 +- 00.002989)	[00.003846,00.057703]

INFO  Timings:
SM Timing
-----------
00_conversion_livox     	    436	04.915083	(00.011273 +- 00.000978)	[00.008750,00.027519]
01_filter               	    435	00.125642	(00.000289 +- 00.000041)	[00.000113,00.002554]
02_preint               	    433	00.015354	(00.000035 +- 00.000004)	[00.000025,00.000078]
02a_intensity_preprocess	    435	01.169816	(00.002689 +- 00.000351)	[00.000801,00.007316]
03_undistortion         	    433	00.327248	(00.000756 +- 00.000150)	[00.000138,00.008355]
04_sampling             	    432	00.205364	(00.000475 +- 00.000100)	[00.000057,00.002759]
04b_intensity_sampling  	    432	00.301832	(00.000699 +- 00.000123)	[00.000110,00.003066]
05_registration         	    432	01.512108	(00.003500 +- 00.000647)	[00.000691,00.013137]
06_map                  	    432	00.338768	(00.000784 +- 00.000131)	[00.000094,00.002346]
07_imu_opt              	    432	00.567185	(00.001313 +- 00.000464)	[00.000002,00.004487]
08_publish              	    432	04.162046	(00.009634 +- 00.001595)	[00.000508,00.028945]
step                    	    435	08.773218	(00.020168 +- 00.002891)	[00.003846,00.057703]

INFO  Timings:
SM Timing
-----------
00_conversion_livox     	    437	04.925570	(00.011271 +- 00.000956)	[00.008750,00.027519]
01_filter               	    436	00.125923	(00.000289 +- 00.000042)	[00.000113,00.002554]
02_preint               	    434	00.015384	(00.000035 +- 00.000003)	[00.000025,00.000078]
02a_intensity_preprocess	    436	01.171510	(00.002687 +- 00.000339)	[00.000801,00.007316]
03_undistortion         	    434	00.327620	(00.000755 +- 00.000148)	[00.000138,00.008355]
04_sampling             	    433	00.205629	(00.000475 +- 00.000096)	[00.000057,00.002759]
04b_intensity_sampling  	    433	00.302246	(00.000698 +- 00.000120)	[00.000110,00.003066]
05_registration         	    433	01.513574	(00.003496 +- 00.000643)	[00.000691,00.013137]
06_map                  	    433	00.339280	(00.000784 +- 00.000128)	[00.000094,00.002346]
07_imu_opt              	    433	00.568300	(00.001312 +- 00.000462)	[00.000002,00.004487]
08_publish              	    433	04.166404	(00.009622 +- 00.001546)	[00.000508,00.028945]
step                    	    436	08.783795	(00.020146 +- 00.002780)	[00.003846,00.057703]

INFO  Timings:
SM Timing
-----------
00_conversion_livox     	    438	04.935887	(00.011269 +- 00.000938)	[00.008750,00.027519]
01_filter               	    437	00.126150	(00.000289 +- 00.000041)	[00.000113,00.002554]
02_preint               	    435	00.015419	(00.000035 +- 00.000003)	[00.000025,00.000078]
02a_intensity_preprocess	    437	01.173138	(00.002685 +- 00.000325)	[00.000801,00.007316]
03_undistortion         	    435	00.328000	(00.000754 +- 00.000145)	[00.000138,00.008355]
04_sampling             	    434	00.205919	(00.000474 +- 00.000092)	[00.000057,00.002759]
04b_intensity_sampling  	    434	00.302668	(00.000697 +- 00.000115)	[00.000110,00.003066]
05_registration         	    434	01.515119	(00.003491 +- 00.000634)	[00.000691,00.013137]
06_map                  	    434	00.339826	(00.000783 +- 00.000122)	[00.000094,00.002346]
07_imu_opt              	    434	00.569414	(00.001312 +- 00.000455)	[00.000002,00.004487]
08_publish              	    434	04.170529	(00.009610 +- 00.001489)	[00.000508,00.028945]
step                    	    437	08.794177	(00.020124 +- 00.002695)	[00.003846,00.057703]

INFO  Timings:
SM Timing
-----------
00_conversion_livox     	    439	04.946200	(00.011267 +- 00.000929)	[00.008750,00.027519]
01_filter               	    438	00.126364	(00.000289 +- 00.000040)	[00.000113,00.002554]
02_preint               	    436	00.015456	(00.000035 +- 00.000003)	[00.000025,00.000078]
02a_intensity_preprocess	    438	01.174764	(00.002682 +- 00.000311)	[00.000801,00.007316]
03_undistortion         	    436	00.328384	(00.000753 +- 00.000142)	[00.000138,00.008355]
04_sampling             	    435	00.206206	(00.000474 +- 00.000089)	[00.000057,00.002759]
04b_intensity_sampling  	    435	00.303174	(00.000697 +- 00.000112)	[00.000110,00.003066]
05_registration         	    435	01.518185	(00.003490 +- 00.000655)	[00.000691,00.013137]
06_map                  	    435	00.340337	(00.000782 +- 00.000116)	[00.000094,00.002346]
07_imu_opt              	    435	00.570578	(00.001312 +- 00.000454)	[00.000002,00.004487]
08_publish              	    435	04.174620	(00.009597 +- 00.001425)	[00.000508,00.028945]
step                    	    438	08.806122	(00.020105 +- 00.002631)	[00.003846,00.057703]

INFO  Timings:
SM Timing
-----------
00_conversion_livox     	    440	04.956585	(00.011265 +- 00.000923)	[00.008750,00.027519]
01_filter               	    439	00.126542	(00.000288 +- 00.000039)	[00.000113,00.002554]
02_preint               	    437	00.015489	(00.000035 +- 00.000003)	[00.000025,00.000078]
02a_intensity_preprocess	    439	01.176453	(00.002680 +- 00.000295)	[00.000801,00.007316]
03_undistortion         	    437	00.328707	(00.000752 +- 00.000138)	[00.000138,00.008355]
04_sampling             	    436	00.206477	(00.000474 +- 00.000085)	[00.000057,00.002759]
04b_intensity_sampling  	    436	00.303572	(00.000696 +- 00.000106)	[00.000110,00.003066]
05_registration         	    436	01.520571	(00.003488 +- 00.000639)	[00.000691,00.013137]
06_map                  	    436	00.340871	(00.000782 +- 00.000109)	[00.000094,00.002346]
07_imu_opt              	    436	00.572098	(00.001312 +- 00.000454)	[00.000002,00.004487]
08_publish              	    436	04.178892	(00.009585 +- 00.001358)	[00.000508,00.028945]
step                    	    439	08.817785	(00.020086 +- 00.002497)	[00.003846,00.057703]

INFO  Timings:
SM Timing
-----------
00_conversion_livox     	    441	04.967975	(00.011265 +- 00.000918)	[00.008750,00.027519]
01_filter               	    440	00.126744	(00.000288 +- 00.000038)	[00.000113,00.002554]
02_preint               	    438	00.015524	(00.000035 +- 00.000003)	[00.000025,00.000078]
02a_intensity_preprocess	    440	01.178273	(00.002678 +- 00.000278)	[00.000801,00.007316]
03_undistortion         	    438	00.329044	(00.000751 +- 00.000135)	[00.000138,00.008355]
04_sampling             	    437	00.206791	(00.000473 +- 00.000081)	[00.000057,00.002759]
04b_intensity_sampling  	    437	00.304113	(00.000696 +- 00.000103)	[00.000110,00.003066]
05_registration         	    437	01.523000	(00.003485 +- 00.000642)	[00.000691,00.013137]
06_map                  	    437	00.341276	(00.000781 +- 00.000106)	[00.000094,00.002346]
07_imu_opt              	    437	00.573426	(00.001312 +- 00.000454)	[00.000002,00.004487]
08_publish              	    437	04.183458	(00.009573 +- 00.001291)	[00.000508,00.028945]
step                    	    440	08.829835	(00.020068 +- 00.002416)	[00.003846,00.057703]

INFO  Timings:
SM Timing
-----------
00_conversion_livox     	    442	04.980053	(00.011267 +- 00.000917)	[00.008750,00.027519]
01_filter               	    441	00.126957	(00.000288 +- 00.000037)	[00.000113,00.002554]
02_preint               	    439	00.015563	(00.000035 +- 00.000003)	[00.000025,00.000078]
02a_intensity_preprocess	    441	01.180120	(00.002676 +- 00.000263)	[00.000801,00.007316]
03_undistortion         	    439	00.329388	(00.000750 +- 00.000131)	[00.000138,00.008355]
04_sampling             	    438	00.207122	(00.000473 +- 00.000076)	[00.000057,00.002759]
04b_intensity_sampling  	    438	00.304519	(00.000695 +- 00.000097)	[00.000110,00.003066]
05_registration         	    438	01.524763	(00.003481 +- 00.000617)	[00.000691,00.013137]
06_map                  	    438	00.341690	(00.000780 +- 00.000097)	[00.000094,00.002346]
07_imu_opt              	    438	00.574796	(00.001312 +- 00.000451)	[00.000002,00.004487]
08_publish              	    438	04.187988	(00.009562 +- 00.001227)	[00.000508,00.028945]
step                    	    441	08.841140	(00.020048 +- 00.002243)	[00.003846,00.057703]

INFO  Timings:
SM Timing
-----------
00_conversion_livox     	    443	04.992273	(00.011269 +- 00.000926)	[00.008750,00.027519]
01_filter               	    442	00.127191	(00.000288 +- 00.000036)	[00.000113,00.002554]
02_preint               	    440	00.015596	(00.000035 +- 00.000003)	[00.000025,00.000078]
02a_intensity_preprocess	    442	01.181921	(00.002674 +- 00.000249)	[00.000801,00.007316]
03_undistortion         	    440	00.329763	(00.000749 +- 00.000129)	[00.000138,00.008355]
04_sampling             	    439	00.207441	(00.000473 +- 00.000073)	[00.000057,00.002759]
04b_intensity_sampling  	    439	00.305169	(00.000695 +- 00.000099)	[00.000110,00.003066]
05_registration         	    439	01.526270	(00.003477 +- 00.000620)	[00.000691,00.013137]
06_map                  	    439	00.342185	(00.000779 +- 00.000094)	[00.000094,00.002346]
07_imu_opt              	    439	00.576648	(00.001314 +- 00.000450)	[00.000002,00.004487]
08_publish              	    439	04.192433	(00.009550 +- 00.001169)	[00.000508,00.028945]
step                    	    442	08.852919	(00.020029 +- 00.002150)	[00.003846,00.057703]

INFO  Timings:
SM Timing
-----------
00_conversion_livox     	    444	05.005438	(00.011274 +- 00.000963)	[00.008750,00.027519]
01_filter               	    443	00.127427	(00.000288 +- 00.000035)	[00.000113,00.002554]
02_preint               	    441	00.015641	(00.000035 +- 00.000003)	[00.000025,00.000078]
02a_intensity_preprocess	    443	01.183713	(00.002672 +- 00.000237)	[00.000801,00.007316]
03_undistortion         	    441	00.330096	(00.000749 +- 00.000127)	[00.000138,00.008355]
04_sampling             	    440	00.207705	(00.000472 +- 00.000070)	[00.000057,00.002759]
04b_intensity_sampling  	    440	00.305593	(00.000695 +- 00.000096)	[00.000110,00.003066]
05_registration         	    440	01.528009	(00.003473 +- 00.000620)	[00.000691,00.013137]
06_map                  	    440	00.342660	(00.000779 +- 00.000089)	[00.000094,00.002346]
07_imu_opt              	    440	00.578134	(00.001314 +- 00.000447)	[00.000002,00.004487]
08_publish              	    440	04.196480	(00.009537 +- 00.001116)	[00.000508,00.028945]
step                    	    443	08.863821	(00.020009 +- 00.002057)	[00.003846,00.057703]

INFO  Timings:
SM Timing
-----------
00_conversion_livox     	    445	05.018519	(00.011278 +- 00.000982)	[00.008750,00.027519]
01_filter               	    444	00.127627	(00.000287 +- 00.000033)	[00.000113,00.002554]
02_preint               	    442	00.015680	(00.000035 +- 00.000003)	[00.000025,00.000078]
02a_intensity_preprocess	    444	01.185377	(00.002670 +- 00.000226)	[00.000801,00.007316]
03_undistortion         	    442	00.330422	(00.000748 +- 00.000124)	[00.000138,00.008355]
04_sampling             	    441	00.208035	(00.000472 +- 00.000065)	[00.000057,00.002759]
04b_intensity_sampling  	    441	00.305977	(00.000694 +- 00.000094)	[00.000110,00.003066]
05_registration         	    441	01.529767	(00.003469 +- 00.000620)	[00.000691,00.013137]
06_map                  	    441	00.343110	(00.000778 +- 00.000087)	[00.000094,00.002346]
07_imu_opt              	    441	00.579572	(00.001314 +- 00.000442)	[00.000002,00.004487]
08_publish              	    441	04.199886	(00.009524 +- 00.001073)	[00.000508,00.028945]
step                    	    444	08.873894	(00.019986 +- 00.001972)	[00.003846,00.057703]

INFO  Timings:
SM Timing
-----------
00_conversion_livox     	    446	05.031610	(00.011282 +- 00.001007)	[00.008750,00.027519]
01_filter               	    445	00.127827	(00.000287 +- 00.000033)	[00.000113,00.002554]
02_preint               	    443	00.015721	(00.000035 +- 00.000003)	[00.000025,00.000078]
02a_intensity_preprocess	    445	01.187024	(00.002667 +- 00.000215)	[00.000801,00.007316]
03_undistortion         	    443	00.330797	(00.000747 +- 00.000122)	[00.000138,00.008355]
04_sampling             	    442	00.208377	(00.000471 +- 00.000064)	[00.000057,00.002759]
04b_intensity_sampling  	    442	00.306467	(00.000693 +- 00.000093)	[00.000110,00.003066]
05_registration         	    442	01.531900	(00.003466 +- 00.000619)	[00.000691,00.013137]
06_map                  	    442	00.343482	(00.000777 +- 00.000085)	[00.000094,00.002346]
07_imu_opt              	    442	00.580978	(00.001314 +- 00.000438)	[00.000002,00.004487]
08_publish              	    442	04.203096	(00.009509 +- 00.001042)	[00.000508,00.028945]
step                    	    445	08.884230	(00.019965 +- 00.001920)	[00.003846,00.057703]

INFO  Timings:
SM Timing
-----------
00_conversion_livox     	    447	05.044982	(00.011286 +- 00.001040)	[00.008750,00.027519]
01_filter               	    446	00.128039	(00.000287 +- 00.000032)	[00.000113,00.002554]
02_preint               	    444	00.015760	(00.000035 +- 00.000003)	[00.000025,00.000078]
02a_intensity_preprocess	    446	01.188578	(00.002665 +- 00.000204)	[00.000801,00.007316]
03_undistortion         	    444	00.331134	(00.000746 +- 00.000121)	[00.000138,00.008355]
04_sampling             	    443	00.208594	(00.000471 +- 00.000061)	[00.000057,00.002759]
04b_intensity_sampling  	    443	00.306908	(00.000693 +- 00.000090)	[00.000110,00.003066]
05_registration         	    443	01.533390	(00.003461 +- 00.000612)	[00.000691,00.013137]
06_map                  	    443	00.343826	(00.000776 +- 00.000085)	[00.000094,00.002346]
07_imu_opt              	    443	00.582408	(00.001315 +- 00.000438)	[00.000002,00.004487]
08_publish              	    443	04.206013	(00.009494 +- 00.001021)	[00.000508,00.028945]
step                    	    446	08.893256	(00.019940 +- 00.001865)	[00.003846,00.057703]

INFO  Timings:
SM Timing
-----------
00_conversion_livox     	    448	05.057996	(00.011290 +- 00.001048)	[00.008750,00.027519]
01_filter               	    447	00.128215	(00.000287 +- 00.000031)	[00.000113,00.002554]
02_preint               	    445	00.015803	(00.000036 +- 00.000004)	[00.000025,00.000078]
02a_intensity_preprocess	    447	01.190142	(00.002663 +- 00.000198)	[00.000801,00.007316]
03_undistortion         	    445	00.331399	(00.000745 +- 00.000121)	[00.000138,00.008355]
04_sampling             	    444	00.208736	(00.000470 +- 00.000064)	[00.000057,00.002759]
04b_intensity_sampling  	    444	00.307198	(00.000692 +- 00.000089)	[00.000110,00.003066]
05_registration         	    444	01.536362	(00.003460 +- 00.000627)	[00.000691,00.013137]
06_map                  	    444	00.344176	(00.000775 +- 00.000085)	[00.000094,00.002346]
07_imu_opt              	    444	00.583886	(00.001315 +- 00.000434)	[00.000002,00.004487]
08_publish              	    444	04.208687	(00.009479 +- 00.001021)	[00.000508,00.028945]
step                    	    447	08.903271	(00.019918 +- 00.001825)	[00.003846,00.057703]

INFO  Timings:
SM Timing
-----------
00_conversion_livox     	    449	05.071177	(00.011294 +- 00.001075)	[00.008750,00.027519]
01_filter               	    448	00.128410	(00.000287 +- 00.000030)	[00.000113,00.002554]
02_preint               	    446	00.015840	(00.000036 +- 00.000004)	[00.000025,00.000078]
02a_intensity_preprocess	    448	01.191599	(00.002660 +- 00.000199)	[00.000801,00.007316]
03_undistortion         	    446	00.331670	(00.000744 +- 00.000121)	[00.000138,00.008355]
04_sampling             	    445	00.208918	(00.000469 +- 00.000066)	[00.000057,00.002759]
04b_intensity_sampling  	    445	00.307583	(00.000691 +- 00.000088)	[00.000110,00.003066]
05_registration         	    445	01.539177	(00.003459 +- 00.000612)	[00.000691,00.013137]
06_map                  	    445	00.344521	(00.000774 +- 00.000086)	[00.000094,00.002346]
07_imu_opt              	    445	00.585265	(00.001315 +- 00.000433)	[00.000002,00.004487]
08_publish              	    445	04.211336	(00.009464 +- 00.001031)	[00.000508,00.028945]
step                    	    448	08.913054	(00.019895 +- 00.001833)	[00.003846,00.057703]

INFO  Timings:
SM Timing
-----------
00_conversion_livox     	    450	05.083317	(00.011296 +- 00.001081)	[00.008750,00.027519]
01_filter               	    449	00.128592	(00.000286 +- 00.000030)	[00.000113,00.002554]
02_preint               	    447	00.015874	(00.000036 +- 00.000004)	[00.000025,00.000078]
02a_intensity_preprocess	    449	01.192993	(00.002657 +- 00.000201)	[00.000801,00.007316]
03_undistortion         	    447	00.331903	(00.000743 +- 00.000122)	[00.000138,00.008355]
04_sampling             	    446	00.209070	(00.000469 +- 00.000068)	[00.000057,00.002759]
04b_intensity_sampling  	    446	00.307900	(00.000690 +- 00.000088)	[00.000110,00.003066]
05_registration         	    446	01.540242	(00.003453 +- 00.000615)	[00.000691,00.013137]
06_map                  	    446	00.344840	(00.000773 +- 00.000086)	[00.000094,00.002346]
07_imu_opt              	    446	00.586552	(00.001315 +- 00.000432)	[00.000002,00.004487]
08_publish              	    446	04.213576	(00.009447 +- 00.001050)	[00.000508,00.028945]
step                    	    449	08.920338	(00.019867 +- 00.001863)	[00.003846,00.057703]

INFO  Timings:
SM Timing
-----------
00_conversion_livox     	    451	05.095050	(00.011297 +- 00.001082)	[00.008750,00.027519]
01_filter               	    450	00.128755	(00.000286 +- 00.000030)	[00.000113,00.002554]
02_preint               	    448	00.015907	(00.000036 +- 00.000004)	[00.000025,00.000078]
02a_intensity_preprocess	    450	01.194186	(00.002654 +- 00.000210)	[00.000801,00.007316]
03_undistortion         	    448	00.332150	(00.000741 +- 00.000123)	[00.000138,00.008355]
04_sampling             	    447	00.209214	(00.000468 +- 00.000071)	[00.000057,00.002759]
04b_intensity_sampling  	    447	00.308179	(00.000689 +- 00.000089)	[00.000110,00.003066]
05_registration         	    447	01.541375	(00.003448 +- 00.000610)	[00.000691,00.013137]
06_map                  	    447	00.345156	(00.000772 +- 00.000089)	[00.000094,00.002346]
07_imu_opt              	    447	00.587791	(00.001315 +- 00.000434)	[00.000002,00.004487]
08_publish              	    447	04.215238	(00.009430 +- 00.001089)	[00.000508,00.028945]
step                    	    450	08.926823	(00.019837 +- 00.001970)	[00.003846,00.057703]

INFO  Timings:
SM Timing
-----------
00_conversion_livox     	    452	05.106475	(00.011298 +- 00.001079)	[00.008750,00.027519]
01_filter               	    451	00.128915	(00.000286 +- 00.000031)	[00.000113,00.002554]
02_preint               	    449	00.015945	(00.000036 +- 00.000003)	[00.000025,00.000078]
02a_intensity_preprocess	    451	01.195297	(00.002650 +- 00.000222)	[00.000801,00.007316]
03_undistortion         	    449	00.332638	(00.000741 +- 00.000123)	[00.000138,00.008355]
04_sampling             	    448	00.209357	(00.000467 +- 00.000073)	[00.000057,00.002759]
04b_intensity_sampling  	    448	00.308502	(00.000689 +- 00.000090)	[00.000110,00.003066]
05_registration         	    448	01.542723	(00.003444 +- 00.000608)	[00.000691,00.013137]
06_map                  	    448	00.345478	(00.000771 +- 00.000090)	[00.000094,00.002346]
07_imu_opt              	    448	00.589019	(00.001315 +- 00.000416)	[00.000002,00.004487]
08_publish              	    448	04.216659	(00.009412 +- 00.001133)	[00.000508,00.028945]
step                    	    451	08.933453	(00.019808 +- 00.002055)	[00.003846,00.057703]

INFO  Timings:
SM Timing
-----------
00_conversion_livox     	    453	05.116969	(00.011296 +- 00.001083)	[00.008750,00.027519]
01_filter               	    452	00.129059	(00.000286 +- 00.000032)	[00.000113,00.002554]
02_preint               	    450	00.015982	(00.000036 +- 00.000003)	[00.000025,00.000078]
02a_intensity_preprocess	    452	01.196389	(00.002647 +- 00.000234)	[00.000801,00.007316]
03_undistortion         	    450	00.332839	(00.000740 +- 00.000126)	[00.000138,00.008355]
04_sampling             	    449	00.209596	(00.000467 +- 00.000074)	[00.000057,00.002759]
04b_intensity_sampling  	    449	00.308754	(00.000688 +- 00.000093)	[00.000110,00.003066]
05_registration         	    449	01.543773	(00.003438 +- 00.000620)	[00.000691,00.013137]
06_map                  	    449	00.345773	(00.000770 +- 00.000092)	[00.000094,00.002346]
07_imu_opt              	    449	00.590180	(00.001314 +- 00.000399)	[00.000002,00.004487]
08_publish              	    449	04.218021	(00.009394 +- 00.001182)	[00.000508,00.028945]
step                    	    452	08.939340	(00.019777 +- 00.002171)	[00.003846,00.057703]

INFO  Timings:
SM Timing
-----------
00_conversion_livox     	    454	05.127413	(00.011294 +- 00.001087)	[00.008750,00.027519]
01_filter               	    453	00.129213	(00.000285 +- 00.000033)	[00.000113,00.002554]
02_preint               	    451	00.016018	(00.000036 +- 00.000003)	[00.000025,00.000078]
02a_intensity_preprocess	    453	01.197568	(00.002644 +- 00.000243)	[00.000801,00.007316]
03_undistortion         	    451	00.333071	(00.000739 +- 00.000126)	[00.000138,00.008355]
04_sampling             	    450	00.209733	(00.000466 +- 00.000076)	[00.000057,00.002759]
04b_intensity_sampling  	    450	00.309030	(00.000687 +- 00.000094)	[00.000110,00.003066]
05_registration         	    450	01.546516	(00.003437 +- 00.000629)	[00.000691,00.013137]
06_map                  	    450	00.346043	(00.000769 +- 00.000095)	[00.000094,00.002346]
07_imu_opt              	    450	00.591719	(00.001315 +- 00.000399)	[00.000002,00.004487]
08_publish              	    450	04.219503	(00.009377 +- 00.001225)	[00.000508,00.028945]
step                    	    453	08.947469	(00.019752 +- 00.002199)	[00.003846,00.057703]

INFO  Timings:
SM Timing
-----------
00_conversion_livox     	    455	05.138137	(00.011293 +- 00.001086)	[00.008750,00.027519]
01_filter               	    454	00.129363	(00.000285 +- 00.000034)	[00.000113,00.002554]
02_preint               	    452	00.016058	(00.000036 +- 00.000003)	[00.000025,00.000078]
02a_intensity_preprocess	    454	01.198762	(00.002640 +- 00.000251)	[00.000801,00.007316]
03_undistortion         	    452	00.333284	(00.000737 +- 00.000128)	[00.000138,00.008355]
04_sampling             	    451	00.209835	(00.000465 +- 00.000080)	[00.000057,00.002759]
04b_intensity_sampling  	    451	00.309353	(00.000686 +- 00.000094)	[00.000110,00.003066]
05_registration         	    451	01.549255	(00.003435 +- 00.000636)	[00.000691,00.013137]
06_map                  	    451	00.346302	(00.000768 +- 00.000098)	[00.000094,00.002346]
07_imu_opt              	    451	00.593306	(00.001316 +- 00.000399)	[00.000002,00.004487]
08_publish              	    451	04.221032	(00.009359 +- 00.001267)	[00.000508,00.028945]
step                    	    454	08.955666	(00.019726 +- 00.002223)	[00.003846,00.057703]

INFO  Timings:
SM Timing
-----------
00_conversion_livox     	    456	05.148571	(00.011291 +- 00.001090)	[00.008750,00.027519]
01_filter               	    455	00.129522	(00.000285 +- 00.000034)	[00.000113,00.002554]
02_preint               	    453	00.016095	(00.000036 +- 00.000003)	[00.000025,00.000078]
02a_intensity_preprocess	    455	01.199891	(00.002637 +- 00.000260)	[00.000801,00.007316]
03_undistortion         	    453	00.333479	(00.000736 +- 00.000131)	[00.000138,00.008355]
04_sampling             	    452	00.209978	(00.000465 +- 00.000083)	[00.000057,00.002759]
04b_intensity_sampling  	    452	00.309596	(00.000685 +- 00.000097)	[00.000110,00.003066]
05_registration         	    452	01.550229	(00.003430 +- 00.000648)	[00.000691,00.013137]
06_map                  	    452	00.346564	(00.000767 +- 00.000101)	[00.000094,00.002346]
07_imu_opt              	    452	00.594472	(00.001315 +- 00.000401)	[00.000002,00.004487]
08_publish              	    452	04.222607	(00.009342 +- 00.001305)	[00.000508,00.028945]
step                    	    455	08.961611	(00.019696 +- 00.002326)	[00.003846,00.057703]

INFO  Timings:
SM Timing
-----------
00_conversion_livox     	    457	05.159042	(00.011289 +- 00.001090)	[00.008750,00.027519]
01_filter               	    456	00.129681	(00.000284 +- 00.000035)	[00.000113,00.002554]
02_preint               	    454	00.016130	(00.000036 +- 00.000003)	[00.000025,00.000078]
02a_intensity_preprocess	    456	01.201021	(00.002634 +- 00.000269)	[00.000801,00.007316]
03_undistortion         	    454	00.333905	(00.000735 +- 00.000131)	[00.000138,00.008355]
04_sampling             	    453	00.210224	(00.000464 +- 00.000083)	[00.000057,00.002759]
04b_intensity_sampling  	    453	00.309870	(00.000684 +- 00.000099)	[00.000110,00.003066]
05_registration         	    453	01.552022	(00.003426 +- 00.000642)	[00.000691,00.013137]
06_map                  	    453	00.346913	(00.000766 +- 00.000101)	[00.000094,00.002346]
07_imu_opt              	    453	00.595812	(00.001315 +- 00.000401)	[00.000002,00.004487]
08_publish              	    453	04.224355	(00.009325 +- 00.001337)	[00.000508,00.028945]
step                    	    456	08.969153	(00.019669 +- 00.002362)	[00.003846,00.057703]

INFO  Timings:
SM Timing
-----------
00_conversion_livox     	    458	05.169164	(00.011286 +- 00.001096)	[00.008750,00.027519]
01_filter               	    457	00.129828	(00.000284 +- 00.000036)	[00.000113,00.002554]
02_preint               	    455	00.016167	(00.000036 +- 00.000003)	[00.000025,00.000078]
02a_intensity_preprocess	    457	01.202240	(00.002631 +- 00.000275)	[00.000801,00.007316]
03_undistortion         	    455	00.334151	(00.000734 +- 00.000132)	[00.000138,00.008355]
04_sampling             	    454	00.210385	(00.000463 +- 00.000085)	[00.000057,00.002759]
04b_intensity_sampling  	    454	00.310175	(00.000683 +- 00.000100)	[00.000110,00.003066]
05_registration         	    454	01.553690	(00.003422 +- 00.000637)	[00.000691,00.013137]
06_map                  	    454	00.347253	(00.000765 +- 00.000101)	[00.000094,00.002346]
07_imu_opt              	    454	00.597006	(00.001315 +- 00.000375)	[00.000002,00.004487]
08_publish              	    454	04.226300	(00.009309 +- 00.001361)	[00.000508,00.028945]
step                    	    457	08.976473	(00.019642 +- 00.002409)	[00.003846,00.057703]

INFO  Timings:
SM Timing
-----------
00_conversion_livox     	    459	05.179753	(00.011285 +- 00.001089)	[00.008750,00.027519]
01_filter               	    458	00.129984	(00.000284 +- 00.000036)	[00.000113,00.002554]
02_preint               	    456	00.016204	(00.000036 +- 00.000003)	[00.000025,00.000078]
02a_intensity_preprocess	    458	01.203482	(00.002628 +- 00.000279)	[00.000801,00.007316]
03_undistortion         	    456	00.334372	(00.000733 +- 00.000134)	[00.000138,00.008355]
04_sampling             	    455	00.210574	(00.000463 +- 00.000086)	[00.000057,00.002759]
04b_intensity_sampling  	    455	00.310430	(00.000682 +- 00.000103)	[00.000110,00.003066]
05_registration         	    455	01.554641	(00.003417 +- 00.000648)	[00.000691,00.013137]
06_map                  	    455	00.347542	(00.000764 +- 00.000104)	[00.000094,00.002346]
07_imu_opt              	    455	00.598144	(00.001315 +- 00.000351)	[00.000002,00.004487]
08_publish              	    455	04.228454	(00.009293 +- 00.001379)	[00.000508,00.028945]
step                    	    458	08.983168	(00.019614 +- 00.002471)	[00.003846,00.057703]

INFO  Timings:
SM Timing
-----------
00_conversion_livox     	    460	05.190010	(00.011283 +- 00.001090)	[00.008750,00.027519]
01_filter               	    459	00.130121	(00.000283 +- 00.000034)	[00.000113,00.002554]
02_preint               	    457	00.016240	(00.000036 +- 00.000003)	[00.000025,00.000078]
02a_intensity_preprocess	    459	01.204637	(00.002624 +- 00.000286)	[00.000801,00.007316]
03_undistortion         	    457	00.334679	(00.000732 +- 00.000134)	[00.000138,00.008355]
04_sampling             	    456	00.210731	(00.000462 +- 00.000087)	[00.000057,00.002759]
04b_intensity_sampling  	    456	00.310766	(00.000682 +- 00.000103)	[00.000110,00.003066]
05_registration         	    456	01.555996	(00.003412 +- 00.000654)	[00.000691,00.013137]
06_map                  	    456	00.347882	(00.000763 +- 00.000105)	[00.000094,00.002346]
07_imu_opt              	    456	00.599234	(00.001314 +- 00.000353)	[00.000002,00.004487]
08_publish              	    456	04.230520	(00.009277 +- 00.001399)	[00.000508,00.028945]
step                    	    459	08.990209	(00.019587 +- 00.002519)	[00.003846,00.057703]

INFO  Timings:
SM Timing
-----------
00_conversion_livox     	    461	05.200382	(00.011281 +- 00.001084)	[00.008750,00.027519]
01_filter               	    460	00.130276	(00.000283 +- 00.000035)	[00.000113,00.002554]
02_preint               	    458	00.016271	(00.000036 +- 00.000003)	[00.000025,00.000078]
02a_intensity_preprocess	    460	01.205789	(00.002621 +- 00.000291)	[00.000801,00.007316]
03_undistortion         	    458	00.334906	(00.000731 +- 00.000136)	[00.000138,00.008355]
04_sampling             	    457	00.210858	(00.000461 +- 00.000090)	[00.000057,00.002759]
04b_intensity_sampling  	    457	00.311074	(00.000681 +- 00.000104)	[00.000110,00.003066]
05_registration         	    457	01.557816	(00.003409 +- 00.000654)	[00.000691,00.013137]
06_map                  	    457	00.348213	(00.000762 +- 00.000105)	[00.000094,00.002346]
07_imu_opt              	    457	00.600341	(00.001314 +- 00.000356)	[00.000002,00.004487]
08_publish              	    457	04.232487	(00.009261 +- 00.001417)	[00.000508,00.028945]
step                    	    460	08.997493	(00.019560 +- 00.002553)	[00.003846,00.057703]

INFO  Timings:
SM Timing
-----------
00_conversion_livox     	    462	05.210274	(00.011278 +- 00.001086)	[00.008750,00.027519]
01_filter               	    461	00.130442	(00.000283 +- 00.000035)	[00.000113,00.002554]
02_preint               	    459	00.016307	(00.000036 +- 00.000003)	[00.000025,00.000078]
02a_intensity_preprocess	    461	01.206942	(00.002618 +- 00.000291)	[00.000801,00.007316]
03_undistortion         	    459	00.335096	(00.000730 +- 00.000138)	[00.000138,00.008355]
04_sampling             	    458	00.210982	(00.000461 +- 00.000090)	[00.000057,00.002759]
04b_intensity_sampling  	    458	00.311363	(00.000680 +- 00.000102)	[00.000110,00.003066]
05_registration         	    458	01.559438	(00.003405 +- 00.000651)	[00.000691,00.013137]
06_map                  	    458	00.348515	(00.000761 +- 00.000105)	[00.000094,00.002346]
07_imu_opt              	    458	00.601469	(00.001313 +- 00.000357)	[00.000002,00.004487]
08_publish              	    458	04.234380	(00.009245 +- 00.001416)	[00.000508,00.028945]
step                    	    461	09.004445	(00.019532 +- 00.002558)	[00.003846,00.057703]

INFO  Timings:
SM Timing
-----------
00_conversion_livox     	    463	05.219931	(00.011274 +- 00.001088)	[00.008750,00.027519]
01_filter               	    462	00.130593	(00.000283 +- 00.000035)	[00.000113,00.002554]
02_preint               	    460	00.016336	(00.000036 +- 00.000004)	[00.000025,00.000078]
02a_intensity_preprocess	    462	01.208128	(00.002615 +- 00.000285)	[00.000801,00.007316]
03_undistortion         	    460	00.335351	(00.000729 +- 00.000139)	[00.000138,00.008355]
04_sampling             	    459	00.211119	(00.000460 +- 00.000091)	[00.000057,00.002759]
04b_intensity_sampling  	    459	00.311667	(00.000679 +- 00.000103)	[00.000110,00.003066]
05_registration         	    459	01.561251	(00.003401 +- 00.000650)	[00.000691,00.013137]
06_map                  	    459	00.348832	(00.000760 +- 00.000106)	[00.000094,00.002346]
07_imu_opt              	    459	00.602588	(00.001313 +- 00.000355)	[00.000002,00.004487]
08_publish              	    459	04.236505	(00.009230 +- 00.001386)	[00.000508,00.028945]
step                    	    462	09.011938	(00.019506 +- 00.002524)	[00.003846,00.057703]

INFO  Timings:
SM Timing
-----------
00_conversion_livox     	    464	05.230368	(00.011272 +- 00.001064)	[00.008750,00.027519]
01_filter               	    463	00.130764	(00.000282 +- 00.000034)	[00.000113,00.002554]
02_preint               	    461	00.016371	(00.000036 +- 00.000004)	[00.000025,00.000078]
02a_intensity_preprocess	    463	01.209363	(00.002612 +- 00.000273)	[00.000801,00.007316]
03_undistortion         	    461	00.335641	(00.000728 +- 00.000137)	[00.000138,00.008355]
04_sampling             	    460	00.211344	(00.000459 +- 00.000089)	[00.000057,00.002759]
04b_intensity_sampling  	    460	00.312123	(00.000679 +- 00.000098)	[00.000110,00.003066]
05_registration         	    460	01.562743	(00.003397 +- 00.000652)	[00.000691,00.013137]
06_map                  	    460	00.349240	(00.000759 +- 00.000106)	[00.000094,00.002346]
07_imu_opt              	    460	00.603868	(00.001313 +- 00.000315)	[00.000002,00.004487]
08_publish              	    460	04.238982	(00.009215 +- 00.001328)	[00.000508,00.028945]
step                    	    463	09.020088	(00.019482 +- 00.002413)	[00.003846,00.057703]

INFO  Timings:
SM Timing
-----------
00_conversion_livox     	    465	05.240532	(00.011270 +- 00.001043)	[00.008750,00.027519]
01_filter               	    464	00.130924	(00.000282 +- 00.000034)	[00.000113,00.002554]
02_preint               	    462	00.016408	(00.000036 +- 00.000004)	[00.000025,00.000078]
02a_intensity_preprocess	    464	01.210821	(00.002610 +- 00.000259)	[00.000801,00.007316]
03_undistortion         	    462	00.335991	(00.000727 +- 00.000118)	[00.000138,00.008355]
04_sampling             	    461	00.211619	(00.000459 +- 00.000086)	[00.000057,00.002759]
04b_intensity_sampling  	    461	00.312539	(00.000678 +- 00.000094)	[00.000110,00.003066]
05_registration         	    461	01.565662	(00.003396 +- 00.000667)	[00.000691,00.013137]
06_map                  	    461	00.349650	(00.000758 +- 00.000105)	[00.000094,00.002346]
07_imu_opt              	    461	00.606148	(00.001315 +- 00.000300)	[00.000002,00.004487]
08_publish              	    461	04.242573	(00.009203 +- 00.001258)	[00.000508,00.028945]
step                    	    464	09.032044	(00.019466 +- 00.002295)	[00.003846,00.057703]

INFO  Timings:
SM Timing
-----------
00_conversion_livox     	    466	05.250956	(00.011268 +- 00.001038)	[00.008750,00.027519]
01_filter               	    465	00.131261	(00.000282 +- 00.000039)	[00.000113,00.002554]
02_preint               	    463	00.016445	(00.000036 +- 00.000004)	[00.000025,00.000078]
02a_intensity_preprocess	    465	01.212621	(00.002608 +- 00.000249)	[00.000801,00.007316]
03_undistortion         	    463	00.336393	(00.000727 +- 00.000112)	[00.000138,00.008355]
04_sampling             	    462	00.211916	(00.000459 +- 00.000083)	[00.000057,00.002759]
04b_intensity_sampling  	    462	00.312982	(00.000677 +- 00.000092)	[00.000110,00.003066]
05_registration         	    462	01.567391	(00.003393 +- 00.000654)	[00.000691,00.013137]
06_map                  	    462	00.350210	(00.000758 +- 00.000105)	[00.000094,00.002346]
07_imu_opt              	    462	00.607804	(00.001316 +- 00.000303)	[00.000002,00.004487]
08_publish              	    462	04.247862	(00.009195 +- 00.001230)	[00.000508,00.028945]
step                    	    465	09.044653	(00.019451 +- 00.002213)	[00.003846,00.057703]

INFO  Timings:
SM Timing
-----------
00_conversion_livox     	    467	05.262024	(00.011268 +- 00.001038)	[00.008750,00.027519]
01_filter               	    466	00.131544	(00.000282 +- 00.000040)	[00.000113,00.002554]
02_preint               	    464	00.016481	(00.000036 +- 00.000003)	[00.000025,00.000078]
02a_intensity_preprocess	    466	01.214665	(00.002607 +- 00.000254)	[00.000801,00.007316]
03_undistortion         	    464	00.337167	(00.000727 +- 00.000109)	[00.000138,00.008355]
04_sampling             	    463	00.212284	(00.000458 +- 00.000083)	[00.000057,00.002759]
04b_intensity_sampling  	    463	00.313631	(00.000677 +- 00.000096)	[00.000110,00.003066]
05_registration         	    463	01.569233	(00.003389 +- 00.000653)	[00.000691,00.013137]
06_map                  	    463	00.350932	(00.000758 +- 00.000112)	[00.000094,00.002346]
07_imu_opt              	    463	00.609033	(00.001315 +- 00.000303)	[00.000002,00.004487]
08_publish              	    463	04.254433	(00.009189 +- 00.001270)	[00.000508,00.028945]
step                    	    466	09.059225	(00.019440 +- 00.002263)	[00.003846,00.057703]

INFO  Timings:
SM Timing
-----------
00_conversion_livox     	    468	05.272320	(00.011266 +- 00.001040)	[00.008750,00.027519]
01_filter               	    467	00.131756	(00.000282 +- 00.000040)	[00.000113,00.002554]
02_preint               	    465	00.016516	(00.000036 +- 00.000003)	[00.000025,00.000078]
02a_intensity_preprocess	    467	01.216825	(00.002606 +- 00.000265)	[00.000801,00.007316]
03_undistortion         	    465	00.337924	(00.000727 +- 00.000119)	[00.000138,00.008355]
04_sampling             	    464	00.212643	(00.000458 +- 00.000084)	[00.000057,00.002759]
04b_intensity_sampling  	    464	00.314264	(00.000677 +- 00.000101)	[00.000110,00.003066]
05_registration         	    464	01.571088	(00.003386 +- 00.000653)	[00.000691,00.013137]
06_map                  	    464	00.351551	(00.000758 +- 00.000114)	[00.000094,00.002346]
07_imu_opt              	    464	00.610571	(00.001316 +- 00.000304)	[00.000002,00.004487]
08_publish              	    464	04.261540	(00.009184 +- 00.001343)	[00.000508,00.028945]
step                    	    467	09.074575	(00.019432 +- 00.002358)	[00.003846,00.057703]

INFO  Timings:
SM Timing
-----------
00_conversion_livox     	    469	05.282949	(00.011264 +- 00.001040)	[00.008750,00.027519]
01_filter               	    468	00.132022	(00.000282 +- 00.000041)	[00.000113,00.002554]
02_preint               	    466	00.016554	(00.000036 +- 00.000003)	[00.000025,00.000078]
02a_intensity_preprocess	    468	01.219043	(00.002605 +- 00.000281)	[00.000801,00.007316]
03_undistortion         	    466	00.338747	(00.000727 +- 00.000134)	[00.000138,00.008355]
04_sampling             	    465	00.213098	(00.000458 +- 00.000088)	[00.000057,00.002759]
04b_intensity_sampling  	    465	00.314873	(00.000677 +- 00.000103)	[00.000110,00.003066]
05_registration         	    465	01.574585	(00.003386 +- 00.000674)	[00.000691,00.013137]
06_map                  	    465	00.352180	(00.000757 +- 00.000116)	[00.000094,00.002346]
07_imu_opt              	    465	00.612024	(00.001316 +- 00.000303)	[00.000002,00.004487]
08_publish              	    465	04.268998	(00.009181 +- 00.001439)	[00.000508,00.028945]
step                    	    468	09.092115	(00.019428 +- 00.002538)	[00.003846,00.057703]

INFO  Timings:
SM Timing
-----------
00_conversion_livox     	    470	05.293710	(00.011263 +- 00.001039)	[00.008750,00.027519]
01_filter               	    469	00.132245	(00.000282 +- 00.000041)	[00.000113,00.002554]
02_preint               	    467	00.016591	(00.000036 +- 00.000003)	[00.000025,00.000078]
02a_intensity_preprocess	    469	01.221257	(00.002604 +- 00.000297)	[00.000801,00.007316]
03_undistortion         	    467	00.339424	(00.000727 +- 00.000141)	[00.000138,00.008355]
04_sampling             	    466	00.213502	(00.000458 +- 00.000089)	[00.000057,00.002759]
04b_intensity_sampling  	    466	00.315503	(00.000677 +- 00.000108)	[00.000110,00.003066]
05_registration         	    466	01.576798	(00.003384 +- 00.000607)	[00.000691,00.013137]
06_map                  	    466	00.352860	(00.000757 +- 00.000121)	[00.000094,00.002346]
07_imu_opt              	    466	00.613717	(00.001317 +- 00.000278)	[00.000002,00.004487]
08_publish              	    466	04.276428	(00.009177 +- 00.001536)	[00.000508,00.028945]
step                    	    469	09.108384	(00.019421 +- 00.002614)	[00.003846,00.057703]

INFO  Timings:
SM Timing
-----------
00_conversion_livox     	    471	05.304253	(00.011262 +- 00.001040)	[00.008750,00.027519]
01_filter               	    470	00.132489	(00.000282 +- 00.000041)	[00.000113,00.002554]
02_preint               	    468	00.016618	(00.000036 +- 00.000004)	[00.000025,00.000078]
02a_intensity_preprocess	    470	01.223261	(00.002603 +- 00.000303)	[00.000801,00.007316]
03_undistortion         	    468	00.340005	(00.000727 +- 00.000144)	[00.000138,00.008355]
04_sampling             	    467	00.213871	(00.000458 +- 00.000091)	[00.000057,00.002759]
04b_intensity_sampling  	    467	00.316133	(00.000677 +- 00.000112)	[00.000110,00.003066]
05_registration         	    467	01.578663	(00.003380 +- 00.000606)	[00.000691,00.013137]
06_map                  	    467	00.353438	(00.000757 +- 00.000122)	[00.000094,00.002346]
07_imu_opt              	    467	00.615074	(00.001317 +- 00.000256)	[00.000002,00.004487]
08_publish              	    467	04.282967	(00.009171 +- 00.001590)	[00.000508,00.028945]
step                    	    470	09.122655	(00.019410 +- 00.002666)	[00.003846,00.057703]

INFO  Timings:
SM Timing
-----------
00_conversion_livox     	    472	05.314989	(00.011261 +- 00.001039)	[00.008750,00.027519]
01_filter               	    471	00.132716	(00.000282 +- 00.000042)	[00.000113,00.002554]
02_preint               	    469	00.016655	(00.000036 +- 00.000004)	[00.000025,00.000078]
02a_intensity_preprocess	    471	01.225000	(00.002601 +- 00.000305)	[00.000801,00.007316]
03_undistortion         	    469	00.340421	(00.000726 +- 00.000144)	[00.000138,00.008355]
04_sampling             	    468	00.214213	(00.000458 +- 00.000091)	[00.000057,00.002759]
04b_intensity_sampling  	    468	00.316692	(00.000677 +- 00.000114)	[00.000110,00.003066]
05_registration         	    468	01.581909	(00.003380 +- 00.000616)	[00.000691,00.013137]
06_map                  	    468	00.354007	(00.000756 +- 00.000124)	[00.000094,00.002346]
07_imu_opt              	    468	00.617256	(00.001319 +- 00.000283)	[00.000002,00.004487]
08_publish              	    468	04.287877	(00.009162 +- 00.001601)	[00.000508,00.028945]
step                    	    471	09.136935	(00.019399 +- 00.002725)	[00.003846,00.057703]

INFO  Timings:
SM Timing
-----------
00_conversion_livox     	    473	05.325798	(00.011260 +- 00.001035)	[00.008750,00.027519]
01_filter               	    472	00.132911	(00.000282 +- 00.000042)	[00.000113,00.002554]
02_preint               	    470	00.016682	(00.000035 +- 00.000004)	[00.000025,00.000078]
02a_intensity_preprocess	    472	01.226519	(00.002599 +- 00.000304)	[00.000801,00.007316]
03_undistortion         	    470	00.340742	(00.000725 +- 00.000144)	[00.000138,00.008355]
04_sampling             	    469	00.214456	(00.000457 +- 00.000091)	[00.000057,00.002759]
04b_intensity_sampling  	    469	00.317039	(00.000676 +- 00.000114)	[00.000110,00.003066]
05_registration         	    469	01.583679	(00.003377 +- 00.000616)	[00.000691,00.013137]
06_map                  	    469	00.354399	(00.000756 +- 00.000123)	[00.000094,00.002346]
07_imu_opt              	    469	00.618934	(00.001320 +- 00.000284)	[00.000002,00.004487]
08_publish              	    469	04.291146	(00.009150 +- 00.001601)	[00.000508,00.028945]
step                    	    472	09.146753	(00.019379 +- 00.002723)	[00.003846,00.057703]

INFO  Timings:
SM Timing
-----------
00_conversion_livox     	    474	05.336718	(00.011259 +- 00.001027)	[00.008750,00.027519]
01_filter               	    473	00.133068	(00.000281 +- 00.000041)	[00.000113,00.002554]
02_preint               	    471	00.016709	(00.000035 +- 00.000004)	[00.000025,00.000078]
02a_intensity_preprocess	    473	01.227808	(00.002596 +- 00.000305)	[00.000801,00.007316]
03_undistortion         	    471	00.341038	(00.000724 +- 00.000145)	[00.000138,00.008355]
04_sampling             	    470	00.214718	(00.000457 +- 00.000091)	[00.000057,00.002759]
04b_intensity_sampling  	    470	00.317381	(00.000675 +- 00.000114)	[00.000110,00.003066]
05_registration         	    470	01.585923	(00.003374 +- 00.000617)	[00.000691,00.013137]
06_map                  	    470	00.354782	(00.000755 +- 00.000123)	[00.000094,00.002346]
07_imu_opt              	    470	00.620124	(00.001319 +- 00.000284)	[00.000002,00.004487]
08_publish              	    470	04.293525	(00.009135 +- 00.001607)	[00.000508,00.028945]
step                    	    473	09.155396	(00.019356 +- 00.002724)	[00.003846,00.057703]

INFO  Timings:
SM Timing
-----------
00_conversion_livox     	    475	05.346641	(00.011256 +- 00.001023)	[00.008750,00.027519]
01_filter               	    474	00.133232	(00.000281 +- 00.000042)	[00.000113,00.002554]
02_preint               	    472	00.016736	(00.000035 +- 00.000004)	[00.000025,00.000078]
02a_intensity_preprocess	    474	01.228999	(00.002593 +- 00.000308)	[00.000801,00.007316]
03_undistortion         	    472	00.341269	(00.000723 +- 00.000145)	[00.000138,00.008355]
04_sampling             	    471	00.214873	(00.000456 +- 00.000092)	[00.000057,00.002759]
04b_intensity_sampling  	    471	00.317670	(00.000674 +- 00.000116)	[00.000110,00.003066]
05_registration         	    471	01.587391	(00.003370 +- 00.000618)	[00.000691,00.013137]
06_map                  	    471	00.355117	(00.000754 +- 00.000123)	[00.000094,00.002346]
07_imu_opt              	    471	00.621554	(00.001320 +- 00.000281)	[00.000002,00.004487]
08_publish              	    471	04.295626	(00.009120 +- 00.001617)	[00.000508,00.028945]
step                    	    474	09.162835	(00.019331 +- 00.002745)	[00.003846,00.057703]

INFO  Timings:
SM Timing
-----------
00_conversion_livox     	    476	05.356819	(00.011254 +- 00.001021)	[00.008750,00.027519]
01_filter               	    475	00.133403	(00.000281 +- 00.000042)	[00.000113,00.002554]
02_preint               	    473	00.016763	(00.000035 +- 00.000004)	[00.000025,00.000078]
02a_intensity_preprocess	    475	01.230124	(00.002590 +- 00.000311)	[00.000801,00.007316]
03_undistortion         	    473	00.341505	(00.000722 +- 00.000146)	[00.000138,00.008355]
04_sampling             	    472	00.215031	(00.000456 +- 00.000093)	[00.000057,00.002759]
04b_intensity_sampling  	    472	00.318165	(00.000674 +- 00.000115)	[00.000110,00.003066]
05_registration         	    472	01.589066	(00.003367 +- 00.000608)	[00.000691,00.013137]
06_map                  	    472	00.355466	(00.000753 +- 00.000123)	[00.000094,00.002346]
07_imu_opt              	    472	00.622887	(00.001320 +- 00.000278)	[00.000002,00.004487]
08_publish              	    472	04.297610	(00.009105 +- 00.001628)	[00.000508,00.028945]
step                    	    475	09.170456	(00.019306 +- 00.002743)	[00.003846,00.057703]

INFO  Timings:
SM Timing
-----------
00_conversion_livox     	    477	05.366845	(00.011251 +- 00.001015)	[00.008750,00.027519]
01_filter               	    476	00.133550	(00.000281 +- 00.000042)	[00.000113,00.002554]
02_preint               	    474	00.016791	(00.000035 +- 00.000004)	[00.000025,00.000078]
02a_intensity_preprocess	    476	01.231276	(00.002587 +- 00.000315)	[00.000801,00.007316]
03_undistortion         	    474	00.341774	(00.000721 +- 00.000146)	[00.000138,00.008355]
04_sampling             	    473	00.215232	(00.000455 +- 00.000094)	[00.000057,00.002759]
04b_intensity_sampling  	    473	00.318465	(00.000673 +- 00.000116)	[00.000110,00.003066]
05_registration         	    473	01.590743	(00.003363 +- 00.000607)	[00.000691,00.013137]
06_map                  	    473	00.355813	(00.000752 +- 00.000123)	[00.000094,00.002346]
07_imu_opt              	    473	00.623993	(00.001319 +- 00.000279)	[00.000002,00.004487]
08_publish              	    473	04.299749	(00.009090 +- 00.001639)	[00.000508,00.028945]
step                    	    476	09.177868	(00.019281 +- 00.002767)	[00.003846,00.057703]

INFO  Timings:
SM Timing
-----------
00_conversion_livox     	    478	05.376964	(00.011249 +- 00.001012)	[00.008750,00.027519]
01_filter               	    477	00.133719	(00.000280 +- 00.000042)	[00.000113,00.002554]
02_preint               	    475	00.016818	(00.000035 +- 00.000004)	[00.000025,00.000078]
02a_intensity_preprocess	    477	01.232470	(00.002584 +- 00.000318)	[00.000801,00.007316]
03_undistortion         	    475	00.342016	(00.000720 +- 00.000147)	[00.000138,00.008355]
04_sampling             	    474	00.215404	(00.000454 +- 00.000094)	[00.000057,00.002759]
04b_intensity_sampling  	    474	00.318752	(00.000672 +- 00.000117)	[00.000110,00.003066]
05_registration         	    474	01.592307	(00.003359 +- 00.000607)	[00.000691,00.013137]
06_map                  	    474	00.356132	(00.000751 +- 00.000124)	[00.000094,00.002346]
07_imu_opt              	    474	00.625553	(00.001320 +- 00.000280)	[00.000002,00.004487]
08_publish              	    474	04.302042	(00.009076 +- 00.001648)	[00.000508,00.028945]
step                    	    477	09.185748	(00.019257 +- 00.002785)	[00.003846,00.057703]

INFO  Timings:
SM Timing
-----------
00_conversion_livox     	    479	05.387360	(00.011247 +- 00.001009)	[00.008750,00.027519]
01_filter               	    478	00.133879	(00.000280 +- 00.000042)	[00.000113,00.002554]
02_preint               	    476	00.016845	(00.000035 +- 00.000004)	[00.000025,00.000078]
02a_intensity_preprocess	    478	01.233732	(00.002581 +- 00.000320)	[00.000801,00.007316]
03_undistortion         	    476	00.342293	(00.000719 +- 00.000147)	[00.000138,00.008355]
04_sampling             	    475	00.215663	(00.000454 +- 00.000094)	[00.000057,00.002759]
04b_intensity_sampling  	    475	00.319083	(00.000672 +- 00.000117)	[00.000110,00.003066]
05_registration         	    475	01.593384	(00.003354 +- 00.000613)	[00.000691,00.013137]
06_map                  	    475	00.356497	(00.000751 +- 00.000125)	[00.000094,00.002346]
07_imu_opt              	    475	00.626831	(00.001320 +- 00.000277)	[00.000002,00.004487]
08_publish              	    475	04.304568	(00.009062 +- 00.001650)	[00.000508,00.028945]
step                    	    478	09.193383	(00.019233 +- 00.002805)	[00.003846,00.057703]

INFO  Timings:
SM Timing
-----------
00_conversion_livox     	    480	05.397626	(00.011245 +- 00.001002)	[00.008750,00.027519]
01_filter               	    479	00.134056	(00.000280 +- 00.000042)	[00.000113,00.002554]
02_preint               	    477	00.016872	(00.000035 +- 00.000004)	[00.000025,00.000078]
02a_intensity_preprocess	    479	01.235028	(00.002578 +- 00.000320)	[00.000801,00.007316]
03_undistortion         	    477	00.342576	(00.000718 +- 00.000147)	[00.000138,00.008355]
04_sampling             	    476	00.215921	(00.000454 +- 00.000093)	[00.000057,00.002759]
04b_intensity_sampling  	    476	00.319448	(00.000671 +- 00.000118)	[00.000110,00.003066]
05_registration         	    476	01.595259	(00.003351 +- 00.000608)	[00.000691,00.013137]
06_map                  	    476	00.356887	(00.000750 +- 00.000125)	[00.000094,00.002346]
07_imu_opt              	    476	00.628613	(00.001321 +- 00.000282)	[00.000002,00.004487]
08_publish              	    476	04.307147	(00.009049 +- 00.001648)	[00.000508,00.028945]
step                    	    479	09.202476	(00.019212 +- 00.002806)	[00.003846,00.057703]

INFO  Timings:
SM Timing
-----------
00_conversion_livox     	    481	05.407984	(00.011243 +- 00.000997)	[00.008750,00.027519]
01_filter               	    480	00.134236	(00.000280 +- 00.000042)	[00.000113,00.002554]
02_preint               	    478	00.016901	(00.000035 +- 00.000005)	[00.000025,00.000078]
02a_intensity_preprocess	    480	01.236313	(00.002576 +- 00.000320)	[00.000801,00.007316]
03_undistortion         	    478	00.343066	(00.000718 +- 00.000146)	[00.000138,00.008355]
04_sampling             	    477	00.216153	(00.000453 +- 00.000090)	[00.000057,00.002759]
04b_intensity_sampling  	    477	00.319778	(00.000670 +- 00.000117)	[00.000110,00.003066]
05_registration         	    477	01.596829	(00.003348 +- 00.000608)	[00.000691,00.013137]
06_map                  	    477	00.357238	(00.000749 +- 00.000117)	[00.000094,00.002346]
07_imu_opt              	    477	00.630204	(00.001321 +- 00.000264)	[00.000002,00.004487]
08_publish              	    477	04.309587	(00.009035 +- 00.001638)	[00.000508,00.028945]
step                    	    480	09.211024	(00.019190 +- 00.002765)	[00.003846,00.057703]

INFO  Timings:
SM Timing
-----------
00_conversion_livox     	    482	05.418166	(00.011241 +- 00.000997)	[00.008750,00.027519]
01_filter               	    481	00.134400	(00.000279 +- 00.000042)	[00.000113,00.002554]
02_preint               	    479	00.016928	(00.000035 +- 00.000005)	[00.000025,00.000078]
02a_intensity_preprocess	    481	01.237573	(00.002573 +- 00.000320)	[00.000801,00.007316]
03_undistortion         	    479	00.343320	(00.000717 +- 00.000146)	[00.000138,00.008355]
04_sampling             	    478	00.216375	(00.000453 +- 00.000086)	[00.000057,00.002759]
04b_intensity_sampling  	    478	00.320101	(00.000670 +- 00.000115)	[00.000110,00.003066]
05_registration         	    478	01.597831	(00.003343 +- 00.000619)	[00.000691,00.013137]
06_map                  	    478	00.357539	(00.000748 +- 00.000115)	[00.000094,00.002346]
07_imu_opt              	    478	00.631291	(00.001321 +- 00.000265)	[00.000002,00.004487]
08_publish              	    478	04.311849	(00.009021 +- 00.001633)	[00.000508,00.028945]
step                    	    481	09.217966	(00.019164 +- 00.002782)	[00.003846,00.057703]

INFO  Timings:
SM Timing
-----------
00_conversion_livox     	    483	05.428274	(00.011239 +- 00.000999)	[00.008750,00.027519]
01_filter               	    482	00.134563	(00.000279 +- 00.000042)	[00.000113,00.002554]
02_preint               	    480	00.016956	(00.000035 +- 00.000005)	[00.000025,00.000078]
02a_intensity_preprocess	    482	01.238768	(00.002570 +- 00.000321)	[00.000801,00.007316]
03_undistortion         	    480	00.343552	(00.000716 +- 00.000147)	[00.000138,00.008355]
04_sampling             	    479	00.216544	(00.000452 +- 00.000083)	[00.000057,00.002759]
04b_intensity_sampling  	    479	00.320406	(00.000669 +- 00.000116)	[00.000110,00.003066]
05_registration         	    479	01.599380	(00.003339 +- 00.000612)	[00.000691,00.013137]
06_map                  	    479	00.357876	(00.000747 +- 00.000116)	[00.000094,00.002346]
07_imu_opt              	    479	00.632379	(00.001320 +- 00.000266)	[00.000002,00.004487]
08_publish              	    479	04.314028	(00.009006 +- 00.001632)	[00.000508,00.028945]
step                    	    482	09.225261	(00.019140 +- 00.002787)	[00.003846,00.057703]

INFO  Timings:
SM Timing
-----------
00_conversion_livox     	    484	05.438753	(00.011237 +- 00.000997)	[00.008750,00.027519]
01_filter               	    483	00.134703	(00.000279 +- 00.000043)	[00.000113,00.002554]
02_preint               	    481	00.016982	(00.000035 +- 00.000005)	[00.000025,00.000078]
02a_intensity_preprocess	    483	01.239906	(00.002567 +- 00.000323)	[00.000801,00.007316]
03_undistortion         	    481	00.343790	(00.000715 +- 00.000148)	[00.000138,00.008355]
04_sampling             	    480	00.216706	(00.000451 +- 00.000084)	[00.000057,00.002759]
04b_intensity_sampling  	    480	00.320720	(00.000668 +- 00.000116)	[00.000110,00.003066]
05_registration         	    480	01.600946	(00.003335 +- 00.000610)	[00.000691,00.013137]
06_map                  	    480	00.358223	(00.000746 +- 00.000114)	[00.000094,00.002346]
07_imu_opt              	    480	00.633561	(00.001320 +- 00.000265)	[00.000002,00.004487]
08_publish              	    480	04.315958	(00.008992 +- 00.001637)	[00.000508,00.028945]
step                    	    483	09.232377	(00.019115 +- 00.002808)	[00.003846,00.057703]

INFO  Timings:
SM Timing
-----------
00_conversion_livox     	    485	05.449186	(00.011235 +- 00.000995)	[00.008750,00.027519]
01_filter               	    484	00.134875	(00.000279 +- 00.000042)	[00.000113,00.002554]
02_preint               	    482	00.017008	(00.000035 +- 00.000005)	[00.000025,00.000078]
02a_intensity_preprocess	    484	01.240988	(00.002564 +- 00.000327)	[00.000801,00.007316]
03_undistortion         	    482	00.343988	(00.000714 +- 00.000149)	[00.000138,00.008355]
04_sampling             	    481	00.216814	(00.000451 +- 00.000085)	[00.000057,00.002759]
04b_intensity_sampling  	    481	00.320926	(00.000667 +- 00.000119)	[00.000110,00.003066]
05_registration         	    481	01.602436	(00.003331 +- 00.000612)	[00.000691,00.013137]
06_map                  	    481	00.358501	(00.000745 +- 00.000115)	[00.000094,00.002346]
07_imu_opt              	    481	00.634988	(00.001320 +- 00.000263)	[00.000002,00.004487]
08_publish              	    481	04.317589	(00.008976 +- 00.001645)	[00.000508,00.028945]
step                    	    484	09.239045	(00.019089 +- 00.002832)	[00.003846,00.057703]

INFO  Timings:
SM Timing
-----------
00_conversion_livox     	    486	05.459240	(00.011233 +- 00.000999)	[00.008750,00.027519]
01_filter               	    485	00.135019	(00.000278 +- 00.000042)	[00.000113,00.002554]
02_preint               	    483	00.017045	(00.000035 +- 00.000005)	[00.000025,00.000078]
02a_intensity_preprocess	    485	01.242074	(00.002561 +- 00.000329)	[00.000801,00.007316]
03_undistortion         	    483	00.344181	(00.000713 +- 00.000150)	[00.000138,00.008355]
04_sampling             	    482	00.216912	(00.000450 +- 00.000087)	[00.000057,00.002759]
04b_intensity_sampling  	    482	00.321136	(00.000666 +- 00.000121)	[00.000110,00.003066]
05_registration         	    482	01.603146	(00.003326 +- 00.000631)	[00.000691,00.013137]
06_map                  	    482	00.358768	(00.000744 +- 00.000115)	[00.000094,00.002346]
07_imu_opt              	    482	00.636366	(00.001320 +- 00.000261)	[00.000002,00.004487]
08_publish              	    482	04.319053	(00.008961 +- 00.001654)	[00.000508,00.028945]
step                    	    485	09.244679	(00.019061 +- 00.002878)	[00.003846,00.057703]

INFO  Timings:
SM Timing
-----------
00_conversion_livox     	    487	05.469846	(00.011232 +- 00.000998)	[00.008750,00.027519]
01_filter               	    486	00.135179	(00.000278 +- 00.000040)	[00.000113,00.002554]
02_preint               	    484	00.017072	(00.000035 +- 00.000005)	[00.000025,00.000078]
02a_intensity_preprocess	    486	01.243144	(00.002558 +- 00.000331)	[00.000801,00.007316]
03_undistortion         	    484	00.344404	(00.000712 +- 00.000151)	[00.000138,00.008355]
04_sampling             	    483	00.217056	(00.000449 +- 00.000088)	[00.000057,00.002759]
04b_intensity_sampling  	    483	00.321413	(00.000665 +- 00.000122)	[00.000110,00.003066]
05_registration         	    483	01.604364	(00.003322 +- 00.000635)	[00.000691,00.013137]
06_map                  	    483	00.359035	(00.000743 +- 00.000115)	[00.000094,00.002346]
07_imu_opt              	    483	00.637479	(00.001320 +- 00.000261)	[00.000002,00.004487]
08_publish              	    483	04.320522	(00.008945 +- 00.001661)	[00.000508,00.028945]
step                    	    486	09.250690	(00.019034 +- 00.002912)	[00.003846,00.057703]

INFO  Timings:
SM Timing
-----------
00_conversion_livox     	    488	05.480159	(00.011230 +- 00.000998)	[00.008750,00.027519]
01_filter               	    487	00.135312	(00.000278 +- 00.000040)	[00.000113,00.002554]
02_preint               	    485	00.017109	(00.000035 +- 00.000005)	[00.000025,00.000078]
02a_intensity_preprocess	    487	01.244175	(00.002555 +- 00.000335)	[00.000801,00.007316]
03_undistortion         	    485	00.344649	(00.000711 +- 00.000151)	[00.000138,00.008355]
04_sampling             	    484	00.217199	(00.000449 +- 00.000088)	[00.000057,00.002759]
04b_intensity_sampling  	    484	00.321705	(00.000665 +- 00.000123)	[00.000110,00.003066]
05_registration         	    484	01.605635	(00.003317 +- 00.000638)	[00.000691,00.013137]
06_map                  	    484	00.359390	(00.000743 +- 00.000113)	[00.000094,00.002346]
07_imu_opt              	    484	00.638937	(00.001320 +- 00.000259)	[00.000002,00.004487]
08_publish              	    484	04.321859	(00.008929 +- 00.001671)	[00.000508,00.028945]
step                    	    487	09.257040	(00.019008 +- 00.002938)	[00.003846,00.057703]

INFO  Timings:
SM Timing
-----------
00_conversion_livox     	    489	05.490653	(00.011228 +- 00.000996)	[00.008750,00.027519]
01_filter               	    488	00.135437	(00.000278 +- 00.000041)	[00.000113,00.002554]
02_preint               	    486	00.017135	(00.000035 +- 00.000005)	[00.000025,00.000078]
02a_intensity_preprocess	    488	01.245174	(00.002552 +- 00.000338)	[00.000801,00.007316]
03_undistortion         	    486	00.344874	(00.000710 +- 00.000152)	[00.000138,00.008355]
04_sampling             	    485	00.217316	(00.000448 +- 00.000089)	[00.000057,00.002759]
04b_intensity_sampling  	    485	00.321922	(00.000664 +- 00.000124)	[00.000110,00.003066]
05_registration         	    485	01.606792	(00.003313 +- 00.000618)	[00.000691,00.013137]
06_map                  	    485	00.359653	(00.000742 +- 00.000113)	[00.000094,00.002346]
07_imu_opt              	    485	00.640029	(00.001320 +- 00.000260)	[00.000002,00.004487]
08_publish              	    485	04.323034	(00.008913 +- 00.001684)	[00.000508,00.028945]
step                    	    488	09.262490	(00.018981 +- 00.002960)	[00.003846,00.057703]

INFO  Timings:
SM Timing
-----------
00_conversion_livox     	    490	05.500604	(00.011226 +- 00.001003)	[00.008750,00.027519]
01_filter               	    489	00.135589	(00.000277 +- 00.000041)	[00.000113,00.002554]
02_preint               	    487	00.017170	(00.000035 +- 00.000005)	[00.000025,00.000078]
02a_intensity_preprocess	    489	01.246182	(00.002548 +- 00.000340)	[00.000801,00.007316]
03_undistortion         	    487	00.345050	(00.000709 +- 00.000153)	[00.000138,00.008355]
04_sampling             	    486	00.217401	(00.000447 +- 00.000091)	[00.000057,00.002759]
04b_intensity_sampling  	    486	00.322188	(00.000663 +- 00.000124)	[00.000110,00.003066]
05_registration         	    486	01.607953	(00.003309 +- 00.000618)	[00.000691,00.013137]
06_map                  	    486	00.359927	(00.000741 +- 00.000112)	[00.000094,00.002346]
07_imu_opt              	    486	00.641390	(00.001320 +- 00.000260)	[00.000002,00.004487]
08_publish              	    486	04.324152	(00.008897 +- 00.001693)	[00.000508,00.028945]
step                    	    489	09.268181	(00.018953 +- 00.002975)	[00.003846,00.057703]

INFO  Timings:
SM Timing
-----------
00_conversion_livox     	    491	05.510595	(00.011223 +- 00.001008)	[00.008750,00.027519]
01_filter               	    490	00.135713	(00.000277 +- 00.000042)	[00.000113,00.002554]
02_preint               	    488	00.017197	(00.000035 +- 00.000005)	[00.000025,00.000078]
02a_intensity_preprocess	    490	01.247195	(00.002545 +- 00.000339)	[00.000801,00.007316]
03_undistortion         	    488	00.345238	(00.000707 +- 00.000154)	[00.000138,00.008355]
04_sampling             	    487	00.217519	(00.000447 +- 00.000091)	[00.000057,00.002759]
04b_intensity_sampling  	    487	00.322413	(00.000662 +- 00.000124)	[00.000110,00.003066]
05_registration         	    487	01.609131	(00.003304 +- 00.000615)	[00.000691,00.013137]
06_map                  	    487	00.360175	(00.000740 +- 00.000114)	[00.000094,00.002346]
07_imu_opt              	    487	00.643034	(00.001320 +- 00.000262)	[00.000002,00.004487]
08_publish              	    487	04.325235	(00.008881 +- 00.001695)	[00.000508,00.028945]
step                    	    490	09.274107	(00.018927 +- 00.002974)	[00.003846,00.057703]

INFO  Timings:
SM Timing
-----------
00_conversion_livox     	    492	05.520298	(00.011220 +- 00.001005)	[00.008750,00.027519]
01_filter               	    491	00.135855	(00.000277 +- 00.000042)	[00.000113,00.002554]
02_preint               	    489	00.017222	(00.000035 +- 00.000005)	[00.000025,00.000078]
02a_intensity_preprocess	    491	01.248245	(00.002542 +- 00.000335)	[00.000801,00.007316]
03_undistortion         	    489	00.345462	(00.000706 +- 00.000155)	[00.000138,00.008355]
04_sampling             	    488	00.217661	(00.000446 +- 00.000090)	[00.000057,00.002759]
04b_intensity_sampling  	    488	00.322664	(00.000661 +- 00.000125)	[00.000110,00.003066]
05_registration         	    488	01.610951	(00.003301 +- 00.000615)	[00.000691,00.013137]
06_map                  	    488	00.360467	(00.000739 +- 00.000114)	[00.000094,00.002346]
07_imu_opt              	    488	00.644199	(00.001320 +- 00.000264)	[00.000002,00.004487]
08_publish              	    488	04.326484	(00.008866 +- 00.001692)	[00.000508,00.028945]
step                    	    491	09.280507	(00.018901 +- 00.002973)	[00.003846,00.057703]

INFO  Timings:
SM Timing
-----------
00_conversion_livox     	    493	05.530229	(00.011218 +- 00.000991)	[00.008750,00.027519]
01_filter               	    492	00.136029	(00.000276 +- 00.000041)	[00.000113,00.002554]
02_preint               	    490	00.017248	(00.000035 +- 00.000005)	[00.000025,00.000078]
02a_intensity_preprocess	    492	01.249302	(00.002539 +- 00.000332)	[00.000801,00.007316]
03_undistortion         	    490	00.345660	(00.000705 +- 00.000156)	[00.000138,00.008355]
04_sampling             	    489	00.217828	(00.000445 +- 00.000089)	[00.000057,00.002759]
04b_intensity_sampling  	    489	00.323481	(00.000662 +- 00.000134)	[00.000110,00.003066]
05_registration         	    489	01.612222	(00.003297 +- 00.000618)	[00.000691,00.013137]
06_map                  	    489	00.360735	(00.000738 +- 00.000114)	[00.000094,00.002346]
07_imu_opt              	    489	00.645340	(00.001320 +- 00.000257)	[00.000002,00.004487]
08_publish              	    489	04.327968	(00.008851 +- 00.001684)	[00.000508,00.028945]
step                    	    492	09.287164	(00.018876 +- 00.002956)	[00.003846,00.057703]

INFO  Timings:
SM Timing
-----------
00_conversion_livox     	    494	05.540427	(00.011215 +- 00.000932)	[00.008750,00.027519]
01_filter               	    493	00.136176	(00.000276 +- 00.000040)	[00.000113,00.002554]
02_preint               	    491	00.017275	(00.000035 +- 00.000005)	[00.000025,00.000078]
02a_intensity_preprocess	    493	01.250408	(00.002536 +- 00.000328)	[00.000801,00.007316]
03_undistortion         	    491	00.345881	(00.000704 +- 00.000156)	[00.000138,00.008355]
04_sampling             	    490	00.217940	(00.000445 +- 00.000089)	[00.000057,00.002759]
04b_intensity_sampling  	    490	00.323705	(00.000661 +- 00.000135)	[00.000110,00.003066]
05_registration         	    490	01.613151	(00.003292 +- 00.000628)	[00.000691,00.013137]
06_map                  	    490	00.360978	(00.000737 +- 00.000114)	[00.000094,00.002346]
07_imu_opt              	    490	00.646468	(00.001319 +- 00.000259)	[00.000002,00.004487]
08_publish              	    490	04.329546	(00.008836 +- 00.001680)	[00.000508,00.028945]
step                    	    493	09.292931	(00.018850 +- 00.002967)	[00.003846,00.057703]

INFO  Timings:
SM Timing
-----------
00_conversion_livox     	    495	05.550762	(00.011214 +- 00.000869)	[00.008750,00.027519]
01_filter               	    494	00.136321	(00.000276 +- 00.000040)	[00.000113,00.002554]
02_preint               	    492	00.017301	(00.000035 +- 00.000005)	[00.000025,00.000078]
02a_intensity_preprocess	    494	01.251524	(00.002533 +- 00.000325)	[00.000801,00.007316]
03_undistortion         	    492	00.346093	(00.000703 +- 00.000157)	[00.000138,00.008355]
04_sampling             	    491	00.218050	(00.000444 +- 00.000088)	[00.000057,00.002759]
04b_intensity_sampling  	    491	00.324020	(00.000660 +- 00.000135)	[00.000110,00.003066]
05_registration         	    491	01.614290	(00.003288 +- 00.000633)	[00.000691,00.013137]
06_map                  	    491	00.361200	(00.000736 +- 00.000116)	[00.000094,00.002346]
07_imu_opt              	    491	00.648030	(00.001320 +- 00.000261)	[00.000002,00.004487]
08_publish              	    491	04.331156	(00.008821 +- 00.001683)	[00.000508,00.028945]
step                    	    494	09.299435	(00.018825 +- 00.002973)	[00.003846,00.057703]

INFO  Timings:
SM Timing
-----------
00_conversion_livox     	    496	05.561068	(00.011212 +- 00.000797)	[00.008750,00.027519]
01_filter               	    495	00.136470	(00.000276 +- 00.000040)	[00.000113,00.002554]
02_preint               	    493	00.017338	(00.000035 +- 00.000005)	[00.000025,00.000078]
02a_intensity_preprocess	    495	01.252626	(00.002531 +- 00.000324)	[00.000801,00.007316]
03_undistortion         	    493	00.346342	(00.000703 +- 00.000157)	[00.000138,00.008355]
04_sampling             	    492	00.218196	(00.000443 +- 00.000086)	[00.000057,00.002759]
04b_intensity_sampling  	    492	00.324332	(00.000659 +- 00.000134)	[00.000110,00.003066]
05_registration         	    492	01.615227	(00.003283 +- 00.000638)	[00.000691,00.013137]
06_map                  	    492	00.361534	(00.000735 +- 00.000116)	[00.000094,00.002346]
07_imu_opt              	    492	00.649156	(00.001319 +- 00.000263)	[00.000002,00.004487]
08_publish              	    492	04.332844	(00.008807 +- 00.001686)	[00.000508,00.028945]
step                    	    495	09.305590	(00.018799 +- 00.002979)	[00.003846,00.057703]

INFO  Timings:
SM Timing
-----------
00_conversion_livox     	    497	05.571399	(00.011210 +- 00.000691)	[00.008750,00.027519]
01_filter               	    496	00.136626	(00.000275 +- 00.000040)	[00.000113,00.002554]
02_preint               	    494	00.017369	(00.000035 +- 00.000005)	[00.000025,00.000078]
02a_intensity_preprocess	    496	01.253897	(00.002528 +- 00.000322)	[00.000801,00.007316]
03_undistortion         	    494	00.346592	(00.000702 +- 00.000157)	[00.000138,00.008355]
04_sampling             	    493	00.218364	(00.000443 +- 00.000086)	[00.000057,00.002759]
04b_intensity_sampling  	    493	00.324796	(00.000659 +- 00.000135)	[00.000110,00.003066]
05_registration         	    493	01.617800	(00.003282 +- 00.000650)	[00.000691,00.013137]
06_map                  	    493	00.361829	(00.000734 +- 00.000116)	[00.000094,00.002346]
07_imu_opt              	    493	00.650336	(00.001319 +- 00.000264)	[00.000002,00.004487]
08_publish              	    493	04.334881	(00.008793 +- 00.001687)	[00.000508,00.028945]
step                    	    496	09.314055	(00.018778 +- 00.002978)	[00.003846,00.057703]

INFO  Timings:
SM Timing
-----------
00_conversion_livox     	    498	05.582197	(00.011209 +- 00.000595)	[00.008750,00.027519]
01_filter               	    497	00.136780	(00.000275 +- 00.000040)	[00.000113,00.002554]
02_preint               	    495	00.017398	(00.000035 +- 00.000005)	[00.000025,00.000078]
02a_intensity_preprocess	    497	01.255277	(00.002526 +- 00.000320)	[00.000801,00.007316]
03_undistortion         	    495	00.347085	(00.000701 +- 00.000159)	[00.000138,00.008355]
04_sampling             	    494	00.218601	(00.000443 +- 00.000086)	[00.000057,00.002759]
04b_intensity_sampling  	    494	00.325246	(00.000658 +- 00.000135)	[00.000110,00.003066]
05_registration         	    494	01.619305	(00.003278 +- 00.000624)	[00.000691,00.013137]
06_map                  	    494	00.362129	(00.000733 +- 00.000116)	[00.000094,00.002346]
07_imu_opt              	    494	00.651520	(00.001319 +- 00.000264)	[00.000002,00.004487]
08_publish              	    494	04.337477	(00.008780 +- 00.001687)	[00.000508,00.028945]
step                    	    497	09.322467	(00.018757 +- 00.002969)	[00.003846,00.057703]

INFO  Timings:
SM Timing
-----------
00_conversion_livox     	    499	05.593213	(00.011209 +- 00.000461)	[00.008750,00.027519]
01_filter               	    498	00.136966	(00.000275 +- 00.000040)	[00.000113,00.002554]
02_preint               	    496	00.017430	(00.000035 +- 00.000005)	[00.000025,00.000078]
02a_intensity_preprocess	    498	01.256754	(00.002524 +- 00.000320)	[00.000801,00.007316]
03_undistortion         	    496	00.347489	(00.000701 +- 00.000159)	[00.000138,00.008355]
04_sampling             	    495	00.218822	(00.000442 +- 00.000086)	[00.000057,00.002759]
04b_intensity_sampling  	    495	00.325629	(00.000658 +- 00.000135)	[00.000110,00.003066]
05_registration         	    495	01.620664	(00.003274 +- 00.000603)	[00.000691,00.013137]
06_map                  	    495	00.362463	(00.000732 +- 00.000116)	[00.000094,00.002346]
07_imu_opt              	    495	00.652756	(00.001319 +- 00.000265)	[00.000002,00.004487]
08_publish              	    495	04.340341	(00.008768 +- 00.001687)	[00.000508,00.028945]
step                    	    498	09.331037	(00.018737 +- 00.002963)	[00.003846,00.057703]

INFO  Timings:
SM Timing
-----------
00_conversion_livox     	    500	05.604645	(00.011209 +- 00.000417)	[00.008750,00.027519]
01_filter               	    499	00.137156	(00.000275 +- 00.000040)	[00.000113,00.002554]
02_preint               	    497	00.017467	(00.000035 +- 00.000005)	[00.000025,00.000078]
02a_intensity_preprocess	    499	01.258250	(00.002522 +- 00.000321)	[00.000801,00.007316]
03_undistortion         	    497	00.347761	(00.000700 +- 00.000159)	[00.000138,00.008355]
04_sampling             	    496	00.219086	(00.000442 +- 00.000086)	[00.000057,00.002759]
04b_intensity_sampling  	    496	00.325936	(00.000657 +- 00.000135)	[00.000110,00.003066]
05_registration         	    496	01.622648	(00.003271 +- 00.000599)	[00.000691,00.013137]
06_map                  	    496	00.362795	(00.000731 +- 00.000116)	[00.000094,00.002346]
07_imu_opt              	    496	00.653983	(00.001319 +- 00.000265)	[00.000002,00.004487]
08_publish              	    496	04.343251	(00.008757 +- 00.001687)	[00.000508,00.028945]
step                    	    499	09.340111	(00.018718 +- 00.002960)	[00.003846,00.057703]

INFO  Timings:
SM Timing
-----------
00_conversion_livox     	    501	05.615965	(00.011210 +- 00.000395)	[00.008750,00.027519]
01_filter               	    500	00.137327	(00.000275 +- 00.000040)	[00.000113,00.002554]
02_preint               	    498	00.017502	(00.000035 +- 00.000005)	[00.000025,00.000078]
02a_intensity_preprocess	    500	01.259787	(00.002520 +- 00.000322)	[00.000801,00.007316]
03_undistortion         	    498	00.348091	(00.000699 +- 00.000159)	[00.000138,00.008355]
04_sampling             	    497	00.219356	(00.000441 +- 00.000087)	[00.000057,00.002759]
04b_intensity_sampling  	    497	00.326304	(00.000657 +- 00.000134)	[00.000110,00.003066]
05_registration         	    497	01.626102	(00.003272 +- 00.000646)	[00.000691,00.013137]
06_map                  	    497	00.363135	(00.000731 +- 00.000116)	[00.000094,00.002346]
07_imu_opt              	    497	00.655318	(00.001319 +- 00.000265)	[00.000002,00.004487]
08_publish              	    497	04.346357	(00.008745 +- 00.001683)	[00.000508,00.028945]
step                    	    500	09.351153	(00.018702 +- 00.002970)	[00.003846,00.057703]

INFO  Timings:
SM Timing
-----------
00_conversion_livox     	    502	05.627555	(00.011210 +- 00.000404)	[00.008750,00.027519]
01_filter               	    501	00.137503	(00.000274 +- 00.000040)	[00.000113,00.002554]
02_preint               	    499	00.017537	(00.000035 +- 00.000005)	[00.000025,00.000078]
02a_intensity_preprocess	    501	01.261312	(00.002518 +- 00.000322)	[00.000801,00.007316]
03_undistortion         	    499	00.348384	(00.000698 +- 00.000157)	[00.000138,00.008355]
04_sampling             	    498	00.219588	(00.000441 +- 00.000086)	[00.000057,00.002759]
04b_intensity_sampling  	    498	00.326643	(00.000656 +- 00.000134)	[00.000110,00.003066]
05_registration         	    498	01.627747	(00.003269 +- 00.000644)	[00.000691,00.013137]
06_map                  	    498	00.363461	(00.000730 +- 00.000116)	[00.000094,00.002346]
07_imu_opt              	    498	00.656639	(00.001319 +- 00.000264)	[00.000002,00.004487]
08_publish              	    498	04.348987	(00.008733 +- 00.001675)	[00.000508,00.028945]
step                    	    501	09.359719	(00.018682 +- 00.002958)	[00.003846,00.057703]

INFO  Timings:
SM Timing
-----------
00_conversion_livox     	    503	05.639434	(00.011212 +- 00.000452)	[00.008750,00.027519]
01_filter               	    502	00.137664	(00.000274 +- 00.000040)	[00.000113,00.002554]
02_preint               	    500	00.017579	(00.000035 +- 00.000005)	[00.000025,00.000078]
02a_intensity_preprocess	    502	01.262729	(00.002515 +- 00.000321)	[00.000801,00.007316]
03_undistortion         	    500	00.348614	(00.000697 +- 00.000157)	[00.000138,00.008355]
04_sampling             	    499	00.219712	(00.000440 +- 00.000087)	[00.000057,00.002759]
04b_intensity_sampling  	    499	00.326919	(00.000655 +- 00.000134)	[00.000110,00.003066]
05_registration         	    499	01.630317	(00.003267 +- 00.000648)	[00.000691,00.013137]
06_map                  	    499	00.363730	(00.000729 +- 00.000116)	[00.000094,00.002346]
07_imu_opt              	    499	00.658012	(00.001319 +- 00.000263)	[00.000002,00.004487]
08_publish              	    499	04.351232	(00.008720 +- 00.001666)	[00.000508,00.028945]
step                    	    502	09.368492	(00.018662 +- 00.002934)	[00.003846,00.057703]

INFO  Timings:
SM Timing
-----------
00_conversion_livox     	    504	05.651643	(00.011214 +- 00.000515)	[00.008750,00.027519]
01_filter               	    503	00.137824	(00.000274 +- 00.000040)	[00.000113,00.002554]
02_preint               	    501	00.017618	(00.000035 +- 00.000005)	[00.000025,00.000078]
02a_intensity_preprocess	    503	01.264060	(00.002513 +- 00.000320)	[00.000801,00.007316]
03_undistortion         	    501	00.348851	(00.000696 +- 00.000157)	[00.000138,00.008355]
04_sampling             	    500	00.219838	(00.000440 +- 00.000087)	[00.000057,00.002759]
04b_intensity_sampling  	    500	00.327205	(00.000654 +- 00.000134)	[00.000110,00.003066]
05_registration         	    500	01.631656	(00.003263 +- 00.000634)	[00.000691,00.013137]
06_map                  	    500	00.364047	(00.000728 +- 00.000116)	[00.000094,00.002346]
07_imu_opt              	    500	00.659936	(00.001320 +- 00.000273)	[00.000002,00.004487]
08_publish              	    500	04.353145	(00.008706 +- 00.001661)	[00.000508,00.028945]
step                    	    503	09.376221	(00.018641 +- 00.002936)	[00.003846,00.057703]

INFO  Timings:
SM Timing
-----------
00_conversion_livox     	    505	05.664206	(00.011216 +- 00.000591)	[00.008750,00.027519]
01_filter               	    504	00.137982	(00.000274 +- 00.000040)	[00.000113,00.002554]
02_preint               	    502	00.017655	(00.000035 +- 00.000005)	[00.000025,00.000078]
02a_intensity_preprocess	    504	01.265347	(00.002511 +- 00.000320)	[00.000801,00.007316]
03_undistortion         	    502	00.349126	(00.000695 +- 00.000156)	[00.000138,00.008355]
04_sampling             	    501	00.219996	(00.000439 +- 00.000086)	[00.000057,00.002759]
04b_intensity_sampling  	    501	00.327506	(00.000654 +- 00.000134)	[00.000110,00.003066]
05_registration         	    501	01.633799	(00.003261 +- 00.000620)	[00.000691,00.013137]
06_map                  	    501	00.364398	(00.000727 +- 00.000115)	[00.000094,00.002346]
07_imu_opt              	    501	00.661341	(00.001320 +- 00.000272)	[00.000002,00.004487]
08_publish              	    501	04.354761	(00.008692 +- 00.001660)	[00.000508,00.028945]
step                    	    504	09.384015	(00.018619 +- 00.002938)	[00.003846,00.057703]

INFO  Timings:
SM Timing
-----------
00_conversion_livox     	    506	05.676862	(00.011219 +- 00.000662)	[00.008750,00.027519]
01_filter               	    505	00.138137	(00.000274 +- 00.000040)	[00.000113,00.002554]
02_preint               	    503	00.017690	(00.000035 +- 00.000005)	[00.000025,00.000078]
02a_intensity_preprocess	    505	01.266679	(00.002508 +- 00.000318)	[00.000801,00.007316]
03_undistortion         	    503	00.349343	(00.000695 +- 00.000156)	[00.000138,00.008355]
04_sampling             	    502	00.220107	(00.000438 +- 00.000087)	[00.000057,00.002759]
04b_intensity_sampling  	    502	00.327781	(00.000653 +- 00.000134)	[00.000110,00.003066]
05_registration         	    502	01.635224	(00.003257 +- 00.000613)	[00.000691,00.013137]
06_map                  	    502	00.364680	(00.000726 +- 00.000115)	[00.000094,00.002346]
07_imu_opt              	    502	00.662762	(00.001320 +- 00.000270)	[00.000002,00.004487]
08_publish              	    502	04.356268	(00.008678 +- 00.001660)	[00.000508,00.028945]
step                    	    505	09.390840	(00.018596 +- 00.002924)	[00.003846,00.057703]

INFO  Timings:
SM Timing
-----------
00_conversion_livox     	    507	05.689301	(00.011222 +- 00.000712)	[00.008750,00.027519]
01_filter               	    506	00.138316	(00.000273 +- 00.000040)	[00.000113,00.002554]
02_preint               	    504	00.017730	(00.000035 +- 00.000005)	[00.000025,00.000078]
02a_intensity_preprocess	    506	01.267943	(00.002506 +- 00.000317)	[00.000801,00.007316]
03_undistortion         	    504	00.349555	(00.000694 +- 00.000156)	[00.000138,00.008355]
04_sampling             	    503	00.220203	(00.000438 +- 00.000088)	[00.000057,00.002759]
04b_intensity_sampling  	    503	00.328040	(00.000652 +- 00.000134)	[00.000110,00.003066]
05_registration         	    503	01.636058	(00.003253 +- 00.000624)	[00.000691,00.013137]
06_map                  	    503	00.364963	(00.000726 +- 00.000115)	[00.000094,00.002346]
07_imu_opt              	    503	00.664110	(00.001320 +- 00.000270)	[00.000002,00.004487]
08_publish              	    503	04.357615	(00.008663 +- 00.001666)	[00.000508,00.028945]
step                    	    506	09.396749	(00.018571 +- 00.002945)	[00.003846,00.057703]

INFO  Timings:
SM Timing
-----------
00_conversion_livox     	    508	05.701616	(00.011224 +- 00.000747)	[00.008750,00.027519]
01_filter               	    507	00.138473	(00.000273 +- 00.000040)	[00.000113,00.002554]
02_preint               	    505	00.017764	(00.000035 +- 00.000005)	[00.000025,00.000078]
02a_intensity_preprocess	    507	01.269110	(00.002503 +- 00.000318)	[00.000801,00.007316]
03_undistortion         	    505	00.349758	(00.000693 +- 00.000156)	[00.000138,00.008355]
04_sampling             	    504	00.220306	(00.000437 +- 00.000089)	[00.000057,00.002759]
04b_intensity_sampling  	    504	00.328274	(00.000651 +- 00.000135)	[00.000110,00.003066]
05_registration         	    504	01.639264	(00.003253 +- 00.000660)	[00.000691,00.013137]
06_map                  	    504	00.365175	(00.000725 +- 00.000117)	[00.000094,00.002346]
07_imu_opt              	    504	00.665820	(00.001321 +- 00.000273)	[00.000002,00.004487]
08_publish              	    504	04.358712	(00.008648 +- 00.001677)	[00.000508,00.028945]
step                    	    507	09.404933	(00.018550 +- 00.002940)	[00.003846,00.057703]

INFO  Timings:
SM Timing
-----------
00_conversion_livox     	    509	05.714367	(00.011227 +- 00.000803)	[00.008750,00.027519]
01_filter               	    508	00.138645	(00.000273 +- 00.000040)	[00.000113,00.002554]
02_preint               	    506	00.017802	(00.000035 +- 00.000005)	[00.000025,00.000078]
02a_intensity_preprocess	    508	01.270277	(00.002501 +- 00.000318)	[00.000801,00.007316]
03_undistortion         	    506	00.349949	(00.000692 +- 00.000156)	[00.000138,00.008355]
04_sampling             	    505	00.220396	(00.000436 +- 00.000090)	[00.000057,00.002759]
04b_intensity_sampling  	    505	00.328488	(00.000650 +- 00.000136)	[00.000110,00.003066]
05_registration         	    505	01.640301	(00.003248 +- 00.000658)	[00.000691,00.013137]
06_map                  	    505	00.365391	(00.000724 +- 00.000118)	[00.000094,00.002346]
07_imu_opt              	    505	00.667315	(00.001321 +- 00.000272)	[00.000002,00.004487]
08_publish              	    505	04.359613	(00.008633 +- 00.001694)	[00.000508,00.028945]
step                    	    508	09.410511	(00.018525 +- 00.002959)	[00.003846,00.057703]

INFO  Timings:
SM Timing
-----------
00_conversion_livox     	    510	05.726903	(00.011229 +- 00.000841)	[00.008750,00.027519]
01_filter               	    509	00.138787	(00.000273 +- 00.000039)	[00.000113,00.002554]
02_preint               	    507	00.017841	(00.000035 +- 00.000005)	[00.000025,00.000078]
02a_intensity_preprocess	    509	01.271431	(00.002498 +- 00.000318)	[00.000801,00.007316]
03_undistortion         	    507	00.350116	(00.000691 +- 00.000158)	[00.000138,00.008355]
04_sampling             	    506	00.220497	(00.000436 +- 00.000091)	[00.000057,00.002759]
04b_intensity_sampling  	    506	00.328699	(00.000650 +- 00.000137)	[00.000110,00.003066]
05_registration         	    506	01.641593	(00.003244 +- 00.000659)	[00.000691,00.013137]
06_map                  	    506	00.365585	(00.000723 +- 00.000120)	[00.000094,00.002346]
07_imu_opt              	    506	00.668706	(00.001322 +- 00.000269)	[00.000002,00.004487]
08_publish              	    506	04.360490	(00.008618 +- 00.001710)	[00.000508,00.028945]
step                    	    509	09.416201	(00.018499 +- 00.002978)	[00.003846,00.057703]

INFO  Timings:
SM Timing
-----------
00_conversion_livox     	    511	05.739624	(00.011232 +- 00.000884)	[00.008750,00.027519]
01_filter               	    510	00.138943	(00.000272 +- 00.000039)	[00.000113,00.002554]
02_preint               	    508	00.017879	(00.000035 +- 00.000005)	[00.000025,00.000078]
02a_intensity_preprocess	    510	01.272669	(00.002495 +- 00.000317)	[00.000801,00.007316]
03_undistortion         	    508	00.350341	(00.000690 +- 00.000158)	[00.000138,00.008355]
04_sampling             	    507	00.220610	(00.000435 +- 00.000091)	[00.000057,00.002759]
04b_intensity_sampling  	    507	00.329097	(00.000649 +- 00.000137)	[00.000110,00.003066]
05_registration         	    507	01.642945	(00.003241 +- 00.000660)	[00.000691,00.013137]
06_map                  	    507	00.365810	(00.000722 +- 00.000122)	[00.000094,00.002346]
07_imu_opt              	    507	00.670422	(00.001322 +- 00.000269)	[00.000002,00.004487]
08_publish              	    507	04.361698	(00.008603 +- 00.001719)	[00.000508,00.028945]
step                    	    510	09.422950	(00.018476 +- 00.002984)	[00.003846,00.057703]

INFO  Timings:
SM Timing
-----------
00_conversion_livox     	    512	05.752115	(00.011235 +- 00.000906)	[00.008750,00.027519]
01_filter               	    511	00.139097	(00.000272 +- 00.000039)	[00.000113,00.002554]
02_preint               	    509	00.017917	(00.000035 +- 00.000005)	[00.000025,00.000078]
02a_intensity_preprocess	    511	01.273973	(00.002493 +- 00.000316)	[00.000801,00.007316]
03_undistortion         	    509	00.350575	(00.000689 +- 00.000157)	[00.000138,00.008355]
04_sampling             	    508	00.220747	(00.000435 +- 00.000091)	[00.000057,00.002759]
04b_intensity_sampling  	    508	00.329526	(00.000649 +- 00.000137)	[00.000110,00.003066]
05_registration         	    508	01.644578	(00.003237 +- 00.000660)	[00.000691,00.013137]
06_map                  	    508	00.366085	(00.000721 +- 00.000122)	[00.000094,00.002346]
07_imu_opt              	    508	00.671891	(00.001323 +- 00.000267)	[00.000002,00.004487]
08_publish              	    508	04.363159	(00.008589 +- 00.001723)	[00.000508,00.028945]
step                    	    511	09.430135	(00.018454 +- 00.002981)	[00.003846,00.057703]

INFO  Timings:
SM Timing
-----------
00_conversion_livox     	    513	05.764513	(00.011237 +- 00.000916)	[00.008750,00.027519]
01_filter               	    512	00.139281	(00.000272 +- 00.000039)	[00.000113,00.002554]
02_preint               	    510	00.017961	(00.000035 +- 00.000005)	[00.000025,00.000078]
02a_intensity_preprocess	    512	01.275429	(00.002491 +- 00.000316)	[00.000801,00.007316]
03_undistortion         	    510	00.350847	(00.000688 +- 00.000157)	[00.000138,00.008355]
04_sampling             	    509	00.220899	(00.000434 +- 00.000091)	[00.000057,00.002759]
04b_intensity_sampling  	    509	00.329841	(00.000648 +- 00.000137)	[00.000110,00.003066]
05_registration         	    509	01.646508	(00.003235 +- 00.000661)	[00.000691,00.013137]
06_map                  	    509	00.366384	(00.000720 +- 00.000122)	[00.000094,00.002346]
07_imu_opt              	    509	00.673360	(00.001323 +- 00.000263)	[00.000002,00.004487]
08_publish              	    509	04.365450	(00.008577 +- 00.001722)	[00.000508,00.028945]
step                    	    512	09.438611	(00.018435 +- 00.002978)	[00.003846,00.057703]

INFO  Timings:
SM Timing
-----------
00_conversion_livox     	    514	05.777225	(00.011240 +- 00.000948)	[00.008750,00.027519]
01_filter               	    513	00.139478	(00.000272 +- 00.000040)	[00.000113,00.002554]
02_preint               	    511	00.018005	(00.000035 +- 00.000005)	[00.000025,00.000078]
02a_intensity_preprocess	    513	01.277123	(00.002490 +- 00.000319)	[00.000801,00.007316]
03_undistortion         	    511	00.351204	(00.000687 +- 00.000157)	[00.000138,00.008355]
04_sampling             	    510	00.221168	(00.000434 +- 00.000091)	[00.000057,00.002759]
04b_intensity_sampling  	    510	00.330272	(00.000648 +- 00.000137)	[00.000110,00.003066]
05_registration         	    510	01.650089	(00.003235 +- 00.000710)	[00.000691,00.013137]
06_map                  	    510	00.366894	(00.000719 +- 00.000124)	[00.000094,00.002346]
07_imu_opt              	    510	00.674837	(00.001323 +- 00.000263)	[00.000002,00.004487]
08_publish              	    510	04.369051	(00.008567 +- 00.001728)	[00.000508,00.028945]
step                    	    513	09.450842	(00.018423 +- 00.003022)	[00.003846,00.057703]

INFO  Timings:
SM Timing
-----------
00_conversion_livox     	    515	05.790102	(00.011243 +- 00.000979)	[00.008750,00.027519]
01_filter               	    514	00.139736	(00.000272 +- 00.000041)	[00.000113,00.002554]
02_preint               	    512	00.018047	(00.000035 +- 00.000006)	[00.000025,00.000078]
02a_intensity_preprocess	    514	01.279148	(00.002489 +- 00.000333)	[00.000801,00.007316]
03_undistortion         	    512	00.351597	(00.000687 +- 00.000158)	[00.000138,00.008355]
04_sampling             	    511	00.221521	(00.000434 +- 00.000093)	[00.000057,00.002759]
04b_intensity_sampling  	    511	00.330840	(00.000647 +- 00.000139)	[00.000110,00.003066]
05_registration         	    511	01.653772	(00.003236 +- 00.000743)	[00.000691,00.013137]
06_map                  	    511	00.367402	(00.000719 +- 00.000126)	[00.000094,00.002346]
07_imu_opt              	    511	00.676273	(00.001323 +- 00.000232)	[00.000002,00.004487]
08_publish              	    511	04.374519	(00.008561 +- 00.001769)	[00.000508,00.028945]
step                    	    514	09.465645	(00.018416 +- 00.003110)	[00.003846,00.057703]

INFO  Timings:
SM Timing
-----------
00_conversion_livox     	    516	05.802443	(00.011245 +- 00.000994)	[00.008750,00.027519]
01_filter               	    515	00.139952	(00.000272 +- 00.000035)	[00.000113,00.002554]
02_preint               	    513	00.018083	(00.000035 +- 00.000006)	[00.000025,00.000078]
02a_intensity_preprocess	    515	01.281287	(00.002488 +- 00.000345)	[00.000801,00.007316]
03_undistortion         	    513	00.352040	(00.000686 +- 00.000158)	[00.000138,00.008355]
04_sampling             	    512	00.222070	(00.000434 +- 00.000104)	[00.000057,00.002759]
04b_intensity_sampling  	    512	00.331442	(00.000647 +- 00.000143)	[00.000110,00.003066]
05_registration         	    512	01.656342	(00.003235 +- 00.000751)	[00.000691,00.013137]
06_map                  	    512	00.367967	(00.000719 +- 00.000126)	[00.000094,00.002346]
07_imu_opt              	    512	00.677577	(00.001323 +- 00.000230)	[00.000002,00.004487]
08_publish              	    512	04.381030	(00.008557 +- 00.001814)	[00.000508,00.028945]
step                    	    515	09.480682	(00.018409 +- 00.003189)	[00.003846,00.057703]

INFO  Timings:
SM Timing
-----------
00_conversion_livox     	    517	05.814151	(00.011246 +- 00.000998)	[00.008750,00.027519]
01_filter               	    516	00.140224	(00.000272 +- 00.000034)	[00.000113,00.002554]
02_preint               	    514	00.018117	(00.000035 +- 00.000006)	[00.000025,00.000078]
02a_intensity_preprocess	    516	01.283374	(00.002487 +- 00.000346)	[00.000801,00.007316]
03_undistortion         	    514	00.352650	(00.000686 +- 00.000150)	[00.000138,00.008355]
04_sampling             	    513	00.222479	(00.000434 +- 00.000106)	[00.000057,00.002759]
04b_intensity_sampling  	    513	00.332019	(00.000647 +- 00.000140)	[00.000110,00.003066]
05_registration         	    513	01.658330	(00.003233 +- 00.000752)	[00.000691,00.013137]
06_map                  	    513	00.368603	(00.000719 +- 00.000121)	[00.000094,00.002346]
07_imu_opt              	    513	00.678802	(00.001323 +- 00.000230)	[00.000002,00.004487]
08_publish              	    513	04.387833	(00.008553 +- 00.001824)	[00.000508,00.028945]
step                    	    516	09.495369	(00.018402 +- 00.003193)	[00.003846,00.057703]

INFO  Timings:
SM Timing
-----------
00_conversion_livox     	    518	05.825426	(00.011246 +- 00.000993)	[00.008750,00.027519]
01_filter               	    517	00.140451	(00.000272 +- 00.000034)	[00.000113,00.002554]
02_preint               	    515	00.018152	(00.000035 +- 00.000006)	[00.000025,00.000078]
02a_intensity_preprocess	    517	01.285619	(00.002487 +- 00.000350)	[00.000801,00.007316]
03_undistortion         	    515	00.353349	(00.000686 +- 00.000147)	[00.000138,00.008355]
04_sampling             	    514	00.222886	(00.000434 +- 00.000107)	[00.000057,00.002759]
04b_intensity_sampling  	    514	00.332750	(00.000647 +- 00.000145)	[00.000110,00.003066]
05_registration         	    514	01.661163	(00.003232 +- 00.000766)	[00.000691,00.013137]
06_map                  	    514	00.369291	(00.000718 +- 00.000125)	[00.000094,00.002346]
07_imu_opt              	    514	00.681094	(00.001325 +- 00.000261)	[00.000002,00.004487]
08_publish              	    514	04.395653	(00.008552 +- 00.001861)	[00.000508,00.028945]
step                    	    517	09.513420	(00.018401 +- 00.003325)	[00.003846,00.057703]

INFO  Timings:
SM Timing
-----------
00_conversion_livox     	    519	05.836314	(00.011245 +- 00.000991)	[00.008750,00.027519]
01_filter               	    518	00.140747	(00.000272 +- 00.000036)	[00.000113,00.002554]
02_preint               	    516	00.018189	(00.000035 +- 00.000006)	[00.000025,00.000078]
02a_intensity_preprocess	    518	01.287992	(00.002486 +- 00.000358)	[00.000801,00.007316]
03_undistortion         	    516	00.354120	(00.000686 +- 00.000143)	[00.000138,00.008355]
04_sampling             	    515	00.223283	(00.000434 +- 00.000105)	[00.000057,00.002759]
04b_intensity_sampling  	    515	00.333422	(00.000647 +- 00.000147)	[00.000110,00.003066]
05_registration         	    515	01.665730	(00.003234 +- 00.000826)	[00.000691,00.013137]
06_map                  	    515	00.369981	(00.000718 +- 00.000128)	[00.000094,00.002346]
07_imu_opt              	    515	00.683097	(00.001326 +- 00.000274)	[00.000002,00.004487]
08_publish              	    515	04.404696	(00.008553 +- 00.001953)	[00.000508,00.028945]
step                    	    518	09.534355	(00.018406 +- 00.003531)	[00.003846,00.057703]

INFO  Timings:
SM Timing
-----------
00_conversion_livox     	    520	05.847284	(00.011245 +- 00.000990)	[00.008750,00.027519]
01_filter               	    519	00.140970	(00.000272 +- 00.000036)	[00.000113,00.002554]
02_preint               	    517	00.018226	(00.000035 +- 00.000006)	[00.000025,00.000078]
02a_intensity_preprocess	    519	01.290538	(00.002487 +- 00.000376)	[00.000801,00.007316]
03_undistortion         	    517	00.354966	(00.000687 +- 00.000154)	[00.000138,00.008355]
04_sampling             	    516	00.223721	(00.000434 +- 00.000106)	[00.000057,00.002759]
04b_intensity_sampling  	    516	00.334144	(00.000648 +- 00.000151)	[00.000110,00.003066]
05_registration         	    516	01.668157	(00.003233 +- 00.000829)	[00.000691,00.013137]
06_map                  	    516	00.370679	(00.000718 +- 00.000128)	[00.000094,00.002346]
07_imu_opt              	    516	00.684558	(00.001327 +- 00.000272)	[00.000002,00.004487]
08_publish              	    516	04.414186	(00.008555 +- 00.002070)	[00.000508,00.028945]
step                    	    519	09.553311	(00.018407 +- 00.003662)	[00.003846,00.057703]

INFO  Timings:
SM Timing
-----------
00_conversion_livox     	    521	05.857762	(00.011243 +- 00.000991)	[00.008750,00.027519]
01_filter               	    520	00.141188	(00.000272 +- 00.000035)	[00.000113,00.002554]
02_preint               	    518	00.018254	(00.000035 +- 00.000006)	[00.000025,00.000078]
02a_intensity_preprocess	    520	01.293152	(00.002487 +- 00.000405)	[00.000801,00.007316]
03_undistortion         	    518	00.355767	(00.000687 +- 00.000164)	[00.000138,00.008355]
04_sampling             	    517	00.224273	(00.000434 +- 00.000115)	[00.000057,00.002759]
04b_intensity_sampling  	    517	00.334853	(00.000648 +- 00.000154)	[00.000110,00.003066]
05_registration         	    517	01.673255	(00.003236 +- 00.000947)	[00.000691,00.013137]
06_map                  	    517	00.371377	(00.000718 +- 00.000134)	[00.000094,00.002346]
07_imu_opt              	    517	00.685929	(00.001327 +- 00.000271)	[00.000002,00.004487]
08_publish              	    517	04.424360	(00.008558 +- 00.002257)	[00.000508,00.028945]
step                    	    520	09.575644	(00.018415 +- 00.004052)	[00.003846,00.057703]

INFO  Timings:
SM Timing
-----------
00_conversion_livox     	    522	05.868672	(00.011243 +- 00.000990)	[00.008750,00.027519]
01_filter               	    521	00.141442	(00.000271 +- 00.000036)	[00.000113,00.002554]
02_preint               	    519	00.018292	(00.000035 +- 00.000006)	[00.000025,00.000078]
02a_intensity_preprocess	    521	01.295932	(00.002487 +- 00.000447)	[00.000801,00.007316]
03_undistortion         	    519	00.356617	(00.000687 +- 00.000180)	[00.000138,00.008355]
04_sampling             	    518	00.224746	(00.000434 +- 00.000119)	[00.000057,00.002759]
04b_intensity_sampling  	    518	00.335598	(00.000648 +- 00.000160)	[00.000110,00.003066]
05_registration         	    518	01.676278	(00.003236 +- 00.000941)	[00.000691,00.013137]
06_map                  	    518	00.372152	(00.000718 +- 00.000143)	[00.000094,00.002346]
07_imu_opt              	    518	00.687225	(00.001327 +- 00.000249)	[00.000002,00.004487]
08_publish              	    518	04.435150	(00.008562 +- 00.002503)	[00.000508,00.028945]
step                    	    521	09.596727	(00.018420 +- 00.004329)	[00.003846,00.057703]

INFO  Timings:
SM Timing
-----------
00_conversion_livox     	    523	05.879939	(00.011243 +- 00.000990)	[00.008750,00.027519]
01_filter               	    522	00.141691	(00.000271 +- 00.000038)	[00.000113,00.002554]
02_preint               	    520	00.018327	(00.000035 +- 00.000006)	[00.000025,00.000078]
02a_intensity_preprocess	    522	01.298923	(00.002488 +- 00.000498)	[00.000801,00.007316]
03_undistortion         	    520	00.357295	(00.000687 +- 00.000187)	[00.000138,00.008355]
04_sampling             	    519	00.225191	(00.000434 +- 00.000124)	[00.000057,00.002759]
04b_intensity_sampling  	    519	00.336341	(00.000648 +- 00.000168)	[00.000110,00.003066]
05_registration         	    519	01.681060	(00.003239 +- 00.001024)	[00.000691,00.013137]
06_map                  	    519	00.373106	(00.000719 +- 00.000165)	[00.000094,00.002346]
07_imu_opt              	    519	00.688576	(00.001327 +- 00.000246)	[00.000002,00.004487]
08_publish              	    519	04.446440	(00.008567 +- 00.002762)	[00.000508,00.028945]
step                    	    522	09.620323	(00.018430 +- 00.004776)	[00.003846,00.057703]

INFO  Timings:
SM Timing
-----------
00_conversion_livox     	    524	05.891123	(00.011243 +- 00.000990)	[00.008750,00.027519]
01_filter               	    523	00.141926	(00.000271 +- 00.000039)	[00.000113,00.002554]
02_preint               	    521	00.018364	(00.000035 +- 00.000005)	[00.000025,00.000078]
02a_intensity_preprocess	    523	01.301813	(00.002489 +- 00.000537)	[00.000801,00.007316]
03_undistortion         	    521	00.358354	(00.000688 +- 00.000212)	[00.000138,00.008355]
04_sampling             	    520	00.225687	(00.000434 +- 00.000130)	[00.000057,00.002759]
04b_intensity_sampling  	    520	00.337122	(00.000648 +- 00.000177)	[00.000110,00.003066]
05_registration         	    520	01.683551	(00.003238 +- 00.001026)	[00.000691,00.013137]
06_map                  	    520	00.374098	(00.000719 +- 00.000186)	[00.000094,00.002346]
07_imu_opt              	    520	00.689804	(00.001327 +- 00.000245)	[00.000002,00.004487]
08_publish              	    520	04.457611	(00.008572 +- 00.002981)	[00.000508,00.028945]
step                    	    523	09.641777	(00.018436 +- 00.005060)	[00.003846,00.057703]

INFO  Timings:
SM Timing
-----------
00_conversion_livox     	    525	05.901990	(00.011242 +- 00.000976)	[00.008750,00.027519]
01_filter               	    524	00.142167	(00.000271 +- 00.000040)	[00.000113,00.002554]
02_preint               	    522	00.018400	(00.000035 +- 00.000005)	[00.000025,00.000078]
02a_intensity_preprocess	    524	01.304643	(00.002490 +- 00.000567)	[00.000801,00.007316]
03_undistortion         	    522	00.359213	(00.000688 +- 00.000224)	[00.000138,00.008355]
04_sampling             	    521	00.226157	(00.000434 +- 00.000134)	[00.000057,00.002759]
04b_intensity_sampling  	    521	00.337846	(00.000648 +- 00.000182)	[00.000110,00.003066]
05_registration         	    521	01.686924	(00.003238 +- 00.001043)	[00.000691,00.013137]
06_map                  	    521	00.374971	(00.000720 +- 00.000198)	[00.000094,00.002346]
07_imu_opt              	    521	00.691019	(00.001326 +- 00.000246)	[00.000002,00.004487]
08_publish              	    521	04.468447	(00.008577 +- 00.003158)	[00.000508,00.028945]
step                    	    524	09.663307	(00.018441 +- 00.005311)	[00.003846,00.057703]

INFO  Timings:
SM Timing
-----------
00_conversion_livox     	    526	05.912596	(00.011241 +- 00.000970)	[00.008750,00.027519]
01_filter               	    525	00.142401	(00.000271 +- 00.000040)	[00.000113,00.002554]
02_preint               	    523	00.018437	(00.000035 +- 00.000005)	[00.000025,00.000078]
02a_intensity_preprocess	    525	01.307397	(00.002490 +- 00.000590)	[00.000801,00.007316]
03_undistortion         	    523	00.360106	(00.000689 +- 00.000235)	[00.000138,00.008355]
04_sampling             	    522	00.226698	(00.000434 +- 00.000141)	[00.000057,00.002759]
04b_intensity_sampling  	    522	00.338591	(00.000649 +- 00.000188)	[00.000110,00.003066]
05_registration         	    522	01.690555	(00.003239 +- 00.001066)	[00.000691,00.013137]
06_map                  	    522	00.375777	(00.000720 +- 00.000206)	[00.000094,00.002346]
07_imu_opt              	    522	00.692233	(00.001326 +- 00.000248)	[00.000002,00.004487]
08_publish              	    522	04.479036	(00.008581 +- 00.003304)	[00.000508,00.028945]
step                    	    525	09.684842	(00.018447 +- 00.005538)	[00.003846,00.057703]

INFO  Timings:
SM Timing
-----------
00_conversion_livox     	    527	05.922964	(00.011239 +- 00.000963)	[00.008750,00.027519]
01_filter               	    526	00.142626	(00.000271 +- 00.000041)	[00.000113,00.002554]
02_preint               	    524	00.018474	(00.000035 +- 00.000005)	[00.000025,00.000078]
02a_intensity_preprocess	    526	01.310060	(00.002491 +- 00.000608)	[00.000801,00.007316]
03_undistortion         	    524	00.361010	(00.000689 +- 00.000246)	[00.000138,00.008355]
04_sampling             	    523	00.227207	(00.000434 +- 00.000146)	[00.000057,00.002759]
04b_intensity_sampling  	    523	00.339554	(00.000649 +- 00.000203)	[00.000110,00.003066]
05_registration         	    523	01.693560	(00.003238 +- 00.001074)	[00.000691,00.013137]
06_map                  	    523	00.376565	(00.000720 +- 00.000213)	[00.000094,00.002346]
07_imu_opt              	    523	00.693649	(00.001326 +- 00.000244)	[00.000002,00.004487]
08_publish              	    523	04.489407	(00.008584 +- 00.003428)	[00.000508,00.028945]
step                    	    526	09.705781	(00.018452 +- 00.005718)	[00.003846,00.057703]

INFO  Timings:
SM Timing
-----------
00_conversion_livox     	    528	05.933563	(00.011238 +- 00.000956)	[00.008750,00.027519]
01_filter               	    527	00.142847	(00.000271 +- 00.000041)	[00.000113,00.002554]
02_preint               	    525	00.018513	(00.000035 +- 00.000005)	[00.000025,00.000078]
02a_intensity_preprocess	    527	01.312714	(00.002491 +- 00.000624)	[00.000801,00.007316]
03_undistortion         	    525	00.361905	(00.000689 +- 00.000255)	[00.000138,00.008355]
04_sampling             	    524	00.227729	(00.000435 +- 00.000151)	[00.000057,00.002759]
04b_intensity_sampling  	    524	00.340422	(00.000650 +- 00.000211)	[00.000110,00.003066]
05_registration         	    524	01.697962	(00.003240 +- 00.001120)	[00.000691,00.013137]
06_map                  	    524	00.377452	(00.000720 +- 00.000222)	[00.000094,00.002346]
07_imu_opt              	    524	00.695079	(00.001326 +- 00.000243)	[00.000002,00.004487]
08_publish              	    524	04.499791	(00.008587 +- 00.003543)	[00.000508,00.028945]
step                    	    527	09.728167	(00.018460 +- 00.005939)	[00.003846,00.057703]

INFO  Timings:
SM Timing
-----------
00_conversion_livox     	    529	05.944176	(00.011237 +- 00.000953)	[00.008750,00.027519]
01_filter               	    528	00.143117	(00.000271 +- 00.000043)	[00.000113,00.002554]
02_preint               	    526	00.018544	(00.000035 +- 00.000005)	[00.000025,00.000078]
02a_intensity_preprocess	    528	01.315532	(00.002492 +- 00.000644)	[00.000801,00.007316]
03_undistortion         	    526	00.362870	(00.000690 +- 00.000267)	[00.000138,00.008355]
04_sampling             	    525	00.228310	(00.000435 +- 00.000158)	[00.000057,00.002759]
04b_intensity_sampling  	    525	00.341303	(00.000650 +- 00.000220)	[00.000110,00.003066]
05_registration         	    525	01.700291	(00.003239 +- 00.001111)	[00.000691,00.013137]
06_map                  	    525	00.378330	(00.000721 +- 00.000231)	[00.000094,00.002346]
07_imu_opt              	    525	00.696268	(00.001326 +- 00.000244)	[00.000002,00.004487]
08_publish              	    525	04.509668	(00.008590 +- 00.003632)	[00.000508,00.028945]
step                    	    528	09.748062	(00.018462 +- 00.006053)	[00.003846,00.057703]

INFO  Timings:
SM Timing
-----------
00_conversion_livox     	    530	05.954614	(00.011235 +- 00.000950)	[00.008750,00.027519]
01_filter               	    529	00.143344	(00.000271 +- 00.000043)	[00.000113,00.002554]
02_preint               	    527	00.018580	(00.000035 +- 00.000005)	[00.000025,00.000078]
02a_intensity_preprocess	    529	01.318250	(00.002492 +- 00.000660)	[00.000801,00.007316]
03_undistortion         	    527	00.363560	(00.000690 +- 00.000269)	[00.000138,00.008355]
04_sampling             	    526	00.228839	(00.000435 +- 00.000162)	[00.000057,00.002759]
04b_intensity_sampling  	    526	00.341944	(00.000650 +- 00.000221)	[00.000110,00.003066]
05_registration         	    526	01.703768	(00.003239 +- 00.001126)	[00.000691,00.013137]
06_map                  	    526	00.379079	(00.000721 +- 00.000235)	[00.000094,00.002346]
07_imu_opt              	    526	00.697447	(00.001326 +- 00.000239)	[00.000002,00.004487]
08_publish              	    526	04.519585	(00.008592 +- 00.003715)	[00.000508,00.028945]
step                    	    529	09.768303	(00.018466 +- 00.006179)	[00.003846,00.057703]

INFO  Timings:
SM Timing
-----------
00_conversion_livox     	    531	05.965438	(00.011234 +- 00.000944)	[00.008750,00.027519]
01_filter               	    530	00.143590	(00.000271 +- 00.000044)	[00.000113,00.002554]
02_preint               	    528	00.018617	(00.000035 +- 00.000005)	[00.000025,00.000078]
02a_intensity_preprocess	    530	01.321075	(00.002493 +- 00.000677)	[00.000801,00.007316]
03_undistortion         	    528	00.364298	(00.000690 +- 00.000272)	[00.000138,00.008355]
04_sampling             	    527	00.229354	(00.000435 +- 00.000166)	[00.000057,00.002759]
04b_intensity_sampling  	    527	00.342739	(00.000650 +- 00.000225)	[00.000110,00.003066]
05_registration         	    527	01.706859	(00.003239 +- 00.001130)	[00.000691,00.013137]
06_map                  	    527	00.379947	(00.000721 +- 00.000242)	[00.000094,00.002346]
07_imu_opt              	    527	00.698632	(00.001326 +- 00.000239)	[00.000002,00.004487]
08_publish              	    527	04.529481	(00.008595 +- 00.003788)	[00.000508,00.028945]
step                    	    530	09.788596	(00.018469 +- 00.006292)	[00.003846,00.057703]

INFO  Timings:
SM Timing
-----------
00_conversion_livox     	    532	05.976571	(00.011234 +- 00.000934)	[00.008750,00.027519]
01_filter               	    531	00.143877	(00.000271 +- 00.000046)	[00.000113,00.002554]
02_preint               	    529	00.018653	(00.000035 +- 00.000005)	[00.000025,00.000078]
02a_intensity_preprocess	    531	01.323698	(00.002493 +- 00.000686)	[00.000801,00.007316]
03_undistortion         	    529	00.365106	(00.000690 +- 00.000276)	[00.000138,00.008355]
04_sampling             	    528	00.229834	(00.000435 +- 00.000169)	[00.000057,00.002759]
04b_intensity_sampling  	    528	00.343357	(00.000650 +- 00.000226)	[00.000110,00.003066]
05_registration         	    528	01.709221	(00.003237 +- 00.001117)	[00.000691,00.013137]
06_map                  	    528	00.380733	(00.000721 +- 00.000245)	[00.000094,00.002346]
07_imu_opt              	    528	00.699804	(00.001325 +- 00.000237)	[00.000002,00.004487]
08_publish              	    528	04.539128	(00.008597 +- 00.003845)	[00.000508,00.028945]
step                    	    531	09.807468	(00.018470 +- 00.006338)	[00.003846,00.057703]

INFO  Timings:
SM Timing
-----------
00_conversion_livox     	    533	05.987254	(00.011233 +- 00.000925)	[00.008750,00.027519]
01_filter               	    532	00.144112	(00.000271 +- 00.000046)	[00.000113,00.002554]
02_preint               	    530	00.018694	(00.000035 +- 00.000005)	[00.000025,00.000078]
02a_intensity_preprocess	    532	01.326220	(00.002493 +- 00.000691)	[00.000801,00.007316]
03_undistortion         	    530	00.365943	(00.000690 +- 00.000280)	[00.000138,00.008355]
04_sampling             	    529	00.230254	(00.000435 +- 00.000170)	[00.000057,00.002759]
04b_intensity_sampling  	    529	00.344178	(00.000651 +- 00.000230)	[00.000110,00.003066]
05_registration         	    529	01.711268	(00.003235 +- 00.001113)	[00.000691,00.013137]
06_map                  	    529	00.381547	(00.000721 +- 00.000249)	[00.000094,00.002346]
07_imu_opt              	    529	00.701017	(00.001325 +- 00.000235)	[00.000002,00.004487]
08_publish              	    529	04.548238	(00.008598 +- 00.003882)	[00.000508,00.028945]
step                    	    532	09.825601	(00.018469 +- 00.006366)	[00.003846,00.057703]

INFO  Timings:
SM Timing
-----------
00_conversion_livox     	    534	05.997557	(00.011231 +- 00.000928)	[00.008750,00.027519]
01_filter               	    533	00.144360	(00.000271 +- 00.000046)	[00.000113,00.002554]
02_preint               	    531	00.018729	(00.000035 +- 00.000005)	[00.000025,00.000078]
02a_intensity_preprocess	    533	01.328701	(00.002493 +- 00.000693)	[00.000801,00.007316]
03_undistortion         	    531	00.366829	(00.000691 +- 00.000285)	[00.000138,00.008355]
04_sampling             	    530	00.230797	(00.000435 +- 00.000173)	[00.000057,00.002759]
04b_intensity_sampling  	    530	00.344920	(00.000651 +- 00.000232)	[00.000110,00.003066]
05_registration         	    530	01.714289	(00.003235 +- 00.001114)	[00.000691,00.013137]
06_map                  	    530	00.382347	(00.000721 +- 00.000253)	[00.000094,00.002346]
07_imu_opt              	    530	00.702161	(00.001325 +- 00.000236)	[00.000002,00.004487]
08_publish              	    530	04.557343	(00.008599 +- 00.003910)	[00.000508,00.028945]
step                    	    533	09.844678	(00.018470 +- 00.006403)	[00.003846,00.057703]

INFO  Timings:
SM Timing
-----------
00_conversion_livox     	    535	06.008180	(00.011230 +- 00.000925)	[00.008750,00.027519]
01_filter               	    534	00.144604	(00.000271 +- 00.000047)	[00.000113,00.002554]
02_preint               	    532	00.018772	(00.000035 +- 00.000005)	[00.000025,00.000078]
02a_intensity_preprocess	    534	01.331327	(00.002493 +- 00.000696)	[00.000801,00.007316]
03_undistortion         	    532	00.367585	(00.000691 +- 00.000286)	[00.000138,00.008355]
04_sampling             	    531	00.231227	(00.000435 +- 00.000172)	[00.000057,00.002759]
04b_intensity_sampling  	    531	00.345583	(00.000651 +- 00.000230)	[00.000110,00.003066]
05_registration         	    531	01.716357	(00.003232 +- 00.001109)	[00.000691,00.013137]
06_map                  	    531	00.383118	(00.000722 +- 00.000254)	[00.000094,00.002346]
07_imu_opt              	    531	00.703543	(00.001325 +- 00.000235)	[00.000002,00.004487]
08_publish              	    531	04.566634	(00.008600 +- 00.003932)	[00.000508,00.028945]
step                    	    534	09.863036	(00.018470 +- 00.006408)	[00.003846,00.057703]

INFO  Timings:
SM Timing
-----------
00_conversion_livox     	    536	06.019521	(00.011230 +- 00.000911)	[00.008750,00.027519]
01_filter               	    535	00.144876	(00.000271 +- 00.000047)	[00.000113,00.002554]
02_preint               	    533	00.018820	(00.000035 +- 00.000005)	[00.000025,00.000078]
02a_intensity_preprocess	    535	01.334040	(00.002494 +- 00.000699)	[00.000801,00.007316]
03_undistortion         	    533	00.368513	(00.000691 +- 00.000290)	[00.000138,00.008355]
04_sampling             	    532	00.231645	(00.000435 +- 00.000171)	[00.000057,00.002759]
04b_intensity_sampling  	    532	00.346416	(00.000651 +- 00.000231)	[00.000110,00.003066]
05_registration         	    532	01.718963	(00.003231 +- 00.001087)	[00.000691,00.013137]
06_map                  	    532	00.383886	(00.000722 +- 00.000255)	[00.000094,00.002346]
07_imu_opt              	    532	00.704932	(00.001325 +- 00.000235)	[00.000002,00.004487]
08_publish              	    532	04.575986	(00.008601 +- 00.003946)	[00.000508,00.028945]
step                    	    535	09.882465	(00.018472 +- 00.006404)	[00.003846,00.057703]

INFO  Timings:
SM Timing
-----------
00_conversion_livox     	    537	06.031108	(00.011231 +- 00.000909)	[00.008750,00.027519]
01_filter               	    536	00.145155	(00.000271 +- 00.000048)	[00.000113,00.002554]
02_preint               	    534	00.018864	(00.000035 +- 00.000005)	[00.000025,00.000078]
02a_intensity_preprocess	    536	01.336687	(00.002494 +- 00.000699)	[00.000801,00.007316]
03_undistortion         	    534	00.369141	(00.000691 +- 00.000288)	[00.000138,00.008355]
04_sampling             	    533	00.232117	(00.000435 +- 00.000171)	[00.000057,00.002759]
04b_intensity_sampling  	    533	00.347061	(00.000651 +- 00.000229)	[00.000110,00.003066]
05_registration         	    533	01.721753	(00.003230 +- 00.001077)	[00.000691,00.013137]
06_map                  	    533	00.384660	(00.000722 +- 00.000256)	[00.000094,00.002346]
07_imu_opt              	    533	00.706342	(00.001325 +- 00.000233)	[00.000002,00.004487]
08_publish              	    533	04.585589	(00.008603 +- 00.003959)	[00.000508,00.028945]
step                    	    536	09.901820	(00.018474 +- 00.006396)	[00.003846,00.057703]

INFO  Timings:
SM Timing
-----------
00_conversion_livox     	    538	06.043443	(00.011233 +- 00.000912)	[00.008750,00.027519]
01_filter               	    537	00.145417	(00.000271 +- 00.000048)	[00.000113,00.002554]
02_preint               	    535	00.018906	(00.000035 +- 00.000005)	[00.000025,00.000078]
02a_intensity_preprocess	    537	01.339408	(00.002494 +- 00.000699)	[00.000801,00.007316]
03_undistortion         	    535	00.370354	(00.000692 +- 00.000303)	[00.000138,00.008355]
04_sampling             	    534	00.232568	(00.000436 +- 00.000171)	[00.000057,00.002759]
04b_intensity_sampling  	    534	00.347671	(00.000651 +- 00.000227)	[00.000110,00.003066]
05_registration         	    534	01.724527	(00.003229 +- 00.001068)	[00.000691,00.013137]
06_map                  	    534	00.385425	(00.000722 +- 00.000257)	[00.000094,00.002346]
07_imu_opt              	    534	00.707902	(00.001326 +- 00.000234)	[00.000002,00.004487]
08_publish              	    534	04.595282	(00.008605 +- 00.003964)	[00.000508,00.028945]
step                    	    537	09.922000	(00.018477 +- 00.006400)	[00.003846,00.057703]

INFO  Timings:
SM Timing
-----------
00_conversion_livox     	    539	06.056608	(00.011237 +- 00.000943)	[00.008750,00.027519]
01_filter               	    538	00.145707	(00.000271 +- 00.000048)	[00.000113,00.002554]
02_preint               	    536	00.018950	(00.000035 +- 00.000005)	[00.000025,00.000078]
02a_intensity_preprocess	    538	01.342249	(00.002495 +- 00.000699)	[00.000801,00.007316]
03_undistortion         	    536	00.371071	(00.000692 +- 00.000301)	[00.000138,00.008355]
04_sampling             	    535	00.233084	(00.000436 +- 00.000171)	[00.000057,00.002759]
04b_intensity_sampling  	    535	00.348481	(00.000651 +- 00.000227)	[00.000110,00.003066]
05_registration         	    535	01.726981	(00.003228 +- 00.001053)	[00.000691,00.013137]
06_map                  	    535	00.386243	(00.000722 +- 00.000258)	[00.000094,00.002346]
07_imu_opt              	    535	00.709478	(00.001326 +- 00.000232)	[00.000002,00.004487]
08_publish              	    535	04.604717	(00.008607 +- 00.003954)	[00.000508,00.028945]
step                    	    538	09.941577	(00.018479 +- 00.006359)	[00.003846,00.057703]

INFO  Timings:
SM Timing
-----------
00_conversion_livox     	    540	06.069917	(00.011241 +- 00.000963)	[00.008750,00.027519]
01_filter               	    539	00.145970	(00.000271 +- 00.000048)	[00.000113,00.002554]
02_preint               	    537	00.018994	(00.000035 +- 00.000005)	[00.000025,00.000078]
02a_intensity_preprocess	    539	01.345029	(00.002495 +- 00.000695)	[00.000801,00.007316]
03_undistortion         	    537	00.371759	(00.000692 +- 00.000298)	[00.000138,00.008355]
04_sampling             	    536	00.233520	(00.000436 +- 00.000169)	[00.000057,00.002759]
04b_intensity_sampling  	    536	00.349171	(00.000651 +- 00.000225)	[00.000110,00.003066]
05_registration         	    536	01.730124	(00.003228 +- 00.001043)	[00.000691,00.013137]
06_map                  	    536	00.386979	(00.000722 +- 00.000256)	[00.000094,00.002346]
07_imu_opt              	    536	00.711090	(00.001327 +- 00.000234)	[00.000002,00.004487]
08_publish              	    536	04.613673	(00.008608 +- 00.003927)	[00.000508,00.028945]
step                    	    539	09.961011	(00.018481 +- 00.006309)	[00.003846,00.057703]

INFO  Timings:
SM Timing
-----------
00_conversion_livox     	    541	06.083533	(00.011245 +- 00.000991)	[00.008750,00.027519]
01_filter               	    540	00.146232	(00.000271 +- 00.000047)	[00.000113,00.002554]
02_preint               	    538	00.019037	(00.000035 +- 00.000005)	[00.000025,00.000078]
02a_intensity_preprocess	    540	01.347693	(00.002496 +- 00.000688)	[00.000801,00.007316]
03_undistortion         	    538	00.372418	(00.000692 +- 00.000294)	[00.000138,00.008355]
04_sampling             	    537	00.233885	(00.000436 +- 00.000167)	[00.000057,00.002759]
04b_intensity_sampling  	    537	00.349802	(00.000651 +- 00.000220)	[00.000110,00.003066]
05_registration         	    537	01.733231	(00.003228 +- 00.001031)	[00.000691,00.013137]
06_map                  	    537	00.387646	(00.000722 +- 00.000254)	[00.000094,00.002346]
07_imu_opt              	    537	00.712610	(00.001327 +- 00.000232)	[00.000002,00.004487]
08_publish              	    537	04.622348	(00.008608 +- 00.003889)	[00.000508,00.028945]
step                    	    540	09.979681	(00.018481 +- 00.006240)	[00.003846,00.057703]

INFO  Timings:
SM Timing
-----------
00_conversion_livox     	    542	06.096980	(00.011249 +- 00.000997)	[00.008750,00.027519]
01_filter               	    541	00.146481	(00.000271 +- 00.000047)	[00.000113,00.002554]
02_preint               	    539	00.019080	(00.000035 +- 00.000005)	[00.000025,00.000078]
02a_intensity_preprocess	    541	01.350357	(00.002496 +- 00.000680)	[00.000801,00.007316]
03_undistortion         	    539	00.373148	(00.000692 +- 00.000292)	[00.000138,00.008355]
04_sampling             	    538	00.234260	(00.000435 +- 00.000165)	[00.000057,00.002759]
04b_intensity_sampling  	    538	00.350465	(00.000651 +- 00.000217)	[00.000110,00.003066]
05_registration         	    538	01.736631	(00.003228 +- 00.001035)	[00.000691,00.013137]
06_map                  	    538	00.388471	(00.000722 +- 00.000254)	[00.000094,00.002346]
07_imu_opt              	    538	00.714167	(00.001327 +- 00.000230)	[00.000002,00.004487]
08_publish              	    538	04.631106	(00.008608 +- 00.003850)	[00.000508,00.028945]
step                    	    541	09.999004	(00.018482 +- 00.006183)	[00.003846,00.057703]

INFO  Timings:
SM Timing
-----------
00_conversion_livox     	    543	06.110107	(00.011252 +- 00.000994)	[00.008750,00.027519]
01_filter               	    542	00.146740	(00.000271 +- 00.000047)	[00.000113,00.002554]
02_preint               	    540	00.019128	(00.000035 +- 00.000005)	[00.000025,00.000078]
02a_intensity_preprocess	    542	01.353087	(00.002496 +- 00.000672)	[00.000801,00.007316]
03_undistortion         	    540	00.373867	(00.000692 +- 00.000288)	[00.000138,00.008355]
04_sampling             	    539	00.234910	(00.000436 +- 00.000169)	[00.000057,00.002759]
04b_intensity_sampling  	    539	00.351091	(00.000651 +- 00.000214)	[00.000110,00.003066]
05_registration         	    539	01.739999	(00.003228 +- 00.001026)	[00.000691,00.013137]
06_map                  	    539	00.389270	(00.000722 +- 00.000252)	[00.000094,00.002346]
07_imu_opt              	    539	00.715728	(00.001328 +- 00.000229)	[00.000002,00.004487]
08_publish              	    539	04.640462	(00.008609 +- 00.003819)	[00.000508,00.028945]
step                    	    542	10.019195	(00.018486 +- 00.006136)	[00.003846,00.057703]

INFO  Timings:
SM Timing
-----------
00_conversion_livox     	    544	06.123732	(00.011257 +- 00.001014)	[00.008750,00.027519]
01_filter               	    543	00.147016	(00.000271 +- 00.000047)	[00.000113,00.002554]
02_preint               	    541	00.019169	(00.000035 +- 00.000005)	[00.000025,00.000078]
02a_intensity_preprocess	    543	01.355943	(00.002497 +- 00.000666)	[00.000801,00.007316]
03_undistortion         	    541	00.374650	(00.000693 +- 00.000285)	[00.000138,00.008355]
04_sampling             	    540	00.235576	(00.000436 +- 00.000171)	[00.000057,00.002759]
04b_intensity_sampling  	    540	00.351793	(00.000651 +- 00.000210)	[00.000110,00.003066]
05_registration         	    540	01.742810	(00.003227 +- 00.001000)	[00.000691,00.013137]
06_map                  	    540	00.390090	(00.000722 +- 00.000250)	[00.000094,00.002346]
07_imu_opt              	    540	00.717295	(00.001328 +- 00.000226)	[00.000002,00.004487]
08_publish              	    540	04.650502	(00.008612 +- 00.003795)	[00.000508,00.028945]
step                    	    543	10.039842	(00.018490 +- 00.006058)	[00.003846,00.057703]

INFO  Timings:
SM Timing
-----------
00_conversion_livox     	    545	06.136682	(00.011260 +- 00.001011)	[00.008750,00.027519]
01_filter               	    544	00.147336	(00.000271 +- 00.000048)	[00.000113,00.002554]
02_preint               	    542	00.019216	(00.000035 +- 00.000004)	[00.000025,00.000078]
02a_intensity_preprocess	    544	01.358763	(00.002498 +- 00.000658)	[00.000801,00.007316]
03_undistortion         	    542	00.375363	(00.000693 +- 00.000281)	[00.000138,00.008355]
04_sampling             	    541	00.236112	(00.000436 +- 00.000170)	[00.000057,00.002759]
04b_intensity_sampling  	    541	00.352551	(00.000652 +- 00.000208)	[00.000110,00.003066]
05_registration         	    541	01.745268	(00.003226 +- 00.000978)	[00.000691,00.013137]
06_map                  	    541	00.390845	(00.000722 +- 00.000246)	[00.000094,00.002346]
07_imu_opt              	    541	00.718810	(00.001329 +- 00.000226)	[00.000002,00.004487]
08_publish              	    541	04.660478	(00.008615 +- 00.003764)	[00.000508,00.028945]
step                    	    544	10.059837	(00.018492 +- 00.005977)	[00.003846,00.057703]

INFO  Timings:
SM Timing
-----------
00_conversion_livox     	    546	06.149464	(00.011263 +- 00.001001)	[00.008750,00.027519]
01_filter               	    545	00.147676	(00.000271 +- 00.000049)	[00.000113,00.002554]
02_preint               	    543	00.019260	(00.000035 +- 00.000005)	[00.000025,00.000078]
02a_intensity_preprocess	    545	01.361596	(00.002498 +- 00.000647)	[00.000801,00.007316]
03_undistortion         	    543	00.376438	(00.000693 +- 00.000285)	[00.000138,00.008355]
04_sampling             	    542	00.236734	(00.000437 +- 00.000171)	[00.000057,00.002759]
04b_intensity_sampling  	    542	00.353424	(00.000652 +- 00.000209)	[00.000110,00.003066]
05_registration         	    542	01.750984	(00.003231 +- 00.001041)	[00.000691,00.013137]
06_map                  	    542	00.391621	(00.000723 +- 00.000245)	[00.000094,00.002346]
07_imu_opt              	    542	00.720371	(00.001329 +- 00.000223)	[00.000002,00.004487]
08_publish              	    542	04.671049	(00.008618 +- 00.003738)	[00.000508,00.028945]
step                    	    545	10.084354	(00.018503 +- 00.005973)	[00.003846,00.057703]

INFO  Timings:
SM Timing
-----------
00_conversion_livox     	    547	06.162228	(00.011265 +- 00.000989)	[00.008750,00.027519]
01_filter               	    546	00.147972	(00.000271 +- 00.000049)	[00.000113,00.002554]
02_preint               	    544	00.019304	(00.000035 +- 00.000004)	[00.000025,00.000078]
02a_intensity_preprocess	    546	01.364355	(00.002499 +- 00.000639)	[00.000801,00.007316]
03_undistortion         	    544	00.377209	(00.000693 +- 00.000282)	[00.000138,00.008355]
04_sampling             	    543	00.237127	(00.000437 +- 00.000168)	[00.000057,00.002759]
04b_intensity_sampling  	    543	00.354066	(00.000652 +- 00.000209)	[00.000110,00.003066]
05_registration         	    543	01.753300	(00.003229 +- 00.001042)	[00.000691,00.013137]
06_map                  	    543	00.392314	(00.000722 +- 00.000241)	[00.000094,00.002346]
07_imu_opt              	    543	00.721863	(00.001329 +- 00.000220)	[00.000002,00.004487]
08_publish              	    543	04.680565	(00.008620 +- 00.003695)	[00.000508,00.028945]
step                    	    546	10.103354	(00.018504 +- 00.005904)	[00.003846,00.057703]

INFO  Timings:
SM Timing
-----------
00_conversion_livox     	    548	06.173783	(00.011266 +- 00.000979)	[00.008750,00.027519]
01_filter               	    547	00.148250	(00.000271 +- 00.000049)	[00.000113,00.002554]
02_preint               	    545	00.019352	(00.000036 +- 00.000004)	[00.000025,00.000078]
02a_intensity_preprocess	    547	01.366892	(00.002499 +- 00.000629)	[00.000801,00.007316]
03_undistortion         	    545	00.378000	(00.000694 +- 00.000282)	[00.000138,00.008355]
04_sampling             	    544	00.237619	(00.000437 +- 00.000168)	[00.000057,00.002759]
04b_intensity_sampling  	    544	00.354768	(00.000652 +- 00.000208)	[00.000110,00.003066]
05_registration         	    544	01.755116	(00.003226 +- 00.001036)	[00.000691,00.013137]
06_map                  	    544	00.393130	(00.000723 +- 00.000238)	[00.000094,00.002346]
07_imu_opt              	    544	00.723223	(00.001329 +- 00.000217)	[00.000002,00.004487]
08_publish              	    544	04.689316	(00.008620 +- 00.003652)	[00.000508,00.028945]
step                    	    547	10.121021	(00.018503 +- 00.005814)	[00.003846,00.057703]

INFO  Timings:
SM Timing
-----------
00_conversion_livox     	    549	06.185545	(00.011267 +- 00.000972)	[00.008750,00.027519]
01_filter               	    548	00.148496	(00.000271 +- 00.000048)	[00.000113,00.002554]
02_preint               	    546	00.019395	(00.000036 +- 00.000004)	[00.000025,00.000078]
02a_intensity_preprocess	    548	01.369440	(00.002499 +- 00.000622)	[00.000801,00.007316]
03_undistortion         	    546	00.378618	(00.000693 +- 00.000281)	[00.000138,00.008355]
04_sampling             	    545	00.238031	(00.000437 +- 00.000166)	[00.000057,00.002759]
04b_intensity_sampling  	    545	00.355395	(00.000652 +- 00.000206)	[00.000110,00.003066]
05_registration         	    545	01.757762	(00.003225 +- 00.001017)	[00.000691,00.013137]
06_map                  	    545	00.393887	(00.000723 +- 00.000236)	[00.000094,00.002346]
07_imu_opt              	    545	00.724758	(00.001330 +- 00.000216)	[00.000002,00.004487]
08_publish              	    545	04.698208	(00.008621 +- 00.003611)	[00.000508,00.028945]
step                    	    548	10.139402	(00.018503 +- 00.005726)	[00.003846,00.057703]

INFO  Timings:
SM Timing
-----------
00_conversion_livox     	    550	06.198127	(00.011269 +- 00.000976)	[00.008750,00.027519]
01_filter               	    549	00.148785	(00.000271 +- 00.000049)	[00.000113,00.002554]
02_preint               	    547	00.019442	(00.000036 +- 00.000004)	[00.000025,00.000078]
02a_intensity_preprocess	    549	01.372146	(00.002499 +- 00.000615)	[00.000801,00.007316]
03_undistortion         	    547	00.379403	(00.000694 +- 00.000277)	[00.000138,00.008355]
04_sampling             	    546	00.238475	(00.000437 +- 00.000166)	[00.000057,00.002759]
04b_intensity_sampling  	    546	00.356124	(00.000652 +- 00.000203)	[00.000110,00.003066]
05_registration         	    546	01.762388	(00.003228 +- 00.001045)	[00.000691,00.013137]
06_map                  	    546	00.394687	(00.000723 +- 00.000233)	[00.000094,00.002346]
07_imu_opt              	    546	00.726326	(00.001330 +- 00.000215)	[00.000002,00.004487]
08_publish              	    546	04.707327	(00.008621 +- 00.003570)	[00.000508,00.028945]
step                    	    549	10.160633	(00.018508 +- 00.005678)	[00.003846,00.057703]

INFO  Timings:
SM Timing
-----------
00_conversion_livox     	    551	06.211216	(00.011273 +- 00.000987)	[00.008750,00.027519]
01_filter               	    550	00.149057	(00.000271 +- 00.000048)	[00.000113,00.002554]
02_preint               	    548	00.019487	(00.000036 +- 00.000004)	[00.000025,00.000078]
02a_intensity_preprocess	    550	01.374872	(00.002500 +- 00.000609)	[00.000801,00.007316]
03_undistortion         	    548	00.380094	(00.000694 +- 00.000274)	[00.000138,00.008355]
04_sampling             	    547	00.238924	(00.000437 +- 00.000165)	[00.000057,00.002759]
04b_intensity_sampling  	    547	00.356830	(00.000652 +- 00.000201)	[00.000110,00.003066]
05_registration         	    547	01.765694	(00.003228 +- 00.001043)	[00.000691,00.013137]
06_map                  	    547	00.395326	(00.000723 +- 00.000229)	[00.000094,00.002346]
07_imu_opt              	    547	00.727893	(00.001331 +- 00.000215)	[00.000002,00.004487]
08_publish              	    547	04.716518	(00.008623 +- 00.003529)	[00.000508,00.028945]
step                    	    550	10.180322	(00.018510 +- 00.005643)	[00.003846,00.057703]

INFO  Timings:
SM Timing
-----------
00_conversion_livox     	    552	06.223987	(00.011275 +- 00.000994)	[00.008750,00.027519]
01_filter               	    551	00.149456	(00.000271 +- 00.000053)	[00.000113,00.002554]
02_preint               	    549	00.019527	(00.000036 +- 00.000004)	[00.000025,00.000078]
02a_intensity_preprocess	    551	01.377532	(00.002500 +- 00.000601)	[00.000801,00.007316]
03_undistortion         	    549	00.380766	(00.000694 +- 00.000269)	[00.000138,00.008355]
04_sampling             	    548	00.239500	(00.000437 +- 00.000165)	[00.000057,00.002759]
04b_intensity_sampling  	    548	00.357546	(00.000652 +- 00.000197)	[00.000110,00.003066]
05_registration         	    548	01.769611	(00.003229 +- 00.001042)	[00.000691,00.013137]
06_map                  	    548	00.396004	(00.000723 +- 00.000225)	[00.000094,00.002346]
07_imu_opt              	    548	00.729446	(00.001331 +- 00.000214)	[00.000002,00.004487]
08_publish              	    548	04.725856	(00.008624 +- 00.003472)	[00.000508,00.028945]
step                    	    551	10.200950	(00.018514 +- 00.005552)	[00.003846,00.057703]

INFO  Timings:
SM Timing
-----------
00_conversion_livox     	    553	06.237249	(00.011279 +- 00.001011)	[00.008750,00.027519]
01_filter               	    552	00.149717	(00.000271 +- 00.000052)	[00.000113,00.002554]
02_preint               	    550	00.019570	(00.000036 +- 00.000004)	[00.000025,00.000078]
02a_intensity_preprocess	    552	01.380296	(00.002501 +- 00.000589)	[00.000801,00.007316]
03_undistortion         	    550	00.381667	(00.000694 +- 00.000265)	[00.000138,00.008355]
04_sampling             	    549	00.239956	(00.000437 +- 00.000161)	[00.000057,00.002759]
04b_intensity_sampling  	    549	00.358265	(00.000653 +- 00.000192)	[00.000110,00.003066]
05_registration         	    549	01.772774	(00.003229 +- 00.001042)	[00.000691,00.013137]
06_map                  	    549	00.396649	(00.000722 +- 00.000218)	[00.000094,00.002346]
07_imu_opt              	    549	00.730965	(00.001331 +- 00.000214)	[00.000002,00.004487]
08_publish              	    549	04.735398	(00.008625 +- 00.003399)	[00.000508,00.028945]
step                    	    552	10.221039	(00.018516 +- 00.005449)	[00.003846,00.057703]

INFO  Timings:
SM Timing
-----------
00_conversion_livox     	    554	06.250133	(00.011282 +- 00.001019)	[00.008750,00.027519]
01_filter               	    553	00.150009	(00.000271 +- 00.000051)	[00.000113,00.002554]
02_preint               	    551	00.019629	(00.000036 +- 00.000005)	[00.000025,00.000078]
02a_intensity_preprocess	    553	01.383359	(00.002502 +- 00.000579)	[00.000801,00.007316]
03_undistortion         	    551	00.382275	(00.000694 +- 00.000258)	[00.000138,00.008355]
04_sampling             	    550	00.240347	(00.000437 +- 00.000156)	[00.000057,00.002759]
04b_intensity_sampling  	    550	00.358937	(00.000653 +- 00.000185)	[00.000110,00.003066]
05_registration         	    550	01.775341	(00.003228 +- 00.001020)	[00.000691,00.013137]
06_map                  	    550	00.397325	(00.000722 +- 00.000212)	[00.000094,00.002346]
07_imu_opt              	    550	00.732473	(00.001332 +- 00.000204)	[00.000002,00.004487]
08_publish              	    550	04.744512	(00.008626 +- 00.003302)	[00.000508,00.028945]
step                    	    553	10.240046	(00.018517 +- 00.005290)	[00.003846,00.057703]

INFO  Timings:
SM Timing
-----------
00_conversion_livox     	    555	06.263749	(00.011286 +- 00.001041)	[00.008750,00.027519]
01_filter               	    554	00.150269	(00.000271 +- 00.000049)	[00.000113,00.002554]
02_preint               	    552	00.019672	(00.000036 +- 00.000005)	[00.000025,00.000078]
02a_intensity_preprocess	    554	01.386045	(00.002502 +- 00.000559)	[00.000801,00.007316]
03_undistortion         	    552	00.382876	(00.000694 +- 00.000252)	[00.000138,00.008355]
04_sampling             	    551	00.240832	(00.000437 +- 00.000152)	[00.000057,00.002759]
04b_intensity_sampling  	    551	00.359623	(00.000653 +- 00.000179)	[00.000110,00.003066]
05_registration         	    551	01.778134	(00.003227 +- 00.001015)	[00.000691,00.013137]
06_map                  	    551	00.397986	(00.000722 +- 00.000207)	[00.000094,00.002346]
07_imu_opt              	    551	00.733973	(00.001332 +- 00.000204)	[00.000002,00.004487]
08_publish              	    551	04.753078	(00.008626 +- 00.003182)	[00.000508,00.028945]
step                    	    554	10.258402	(00.018517 +- 00.005115)	[00.003846,00.057703]

INFO  Timings:
SM Timing
-----------
00_conversion_livox     	    556	06.276660	(00.011289 +- 00.001045)	[00.008750,00.027519]
01_filter               	    555	00.150581	(00.000271 +- 00.000048)	[00.000113,00.002554]
02_preint               	    553	00.019715	(00.000036 +- 00.000005)	[00.000025,00.000078]
02a_intensity_preprocess	    555	01.388435	(00.002502 +- 00.000537)	[00.000801,00.007316]
03_undistortion         	    553	00.383557	(00.000694 +- 00.000243)	[00.000138,00.008355]
04_sampling             	    552	00.241290	(00.000437 +- 00.000146)	[00.000057,00.002759]
04b_intensity_sampling  	    552	00.360276	(00.000653 +- 00.000171)	[00.000110,00.003066]
05_registration         	    552	01.781458	(00.003227 +- 00.000995)	[00.000691,00.013137]
06_map                  	    552	00.398681	(00.000722 +- 00.000200)	[00.000094,00.002346]
07_imu_opt              	    552	00.735456	(00.001332 +- 00.000204)	[00.000002,00.004487]
08_publish              	    552	04.760729	(00.008625 +- 00.003046)	[00.000508,00.028945]
step                    	    555	10.276195	(00.018516 +- 00.004883)	[00.003846,00.057703]

INFO  Timings:
SM Timing
-----------
00_conversion_livox     	    557	06.288931	(00.011291 +- 00.001044)	[00.008750,00.027519]
01_filter               	    556	00.150831	(00.000271 +- 00.000047)	[00.000113,00.002554]
02_preint               	    554	00.019750	(00.000036 +- 00.000005)	[00.000025,00.000078]
02a_intensity_preprocess	    556	01.390617	(00.002501 +- 00.000512)	[00.000801,00.007316]
03_undistortion         	    554	00.384150	(00.000693 +- 00.000234)	[00.000138,00.008355]
04_sampling             	    553	00.241721	(00.000437 +- 00.000138)	[00.000057,00.002759]
04b_intensity_sampling  	    553	00.360916	(00.000653 +- 00.000162)	[00.000110,00.003066]
05_registration         	    553	01.784362	(00.003227 +- 00.000949)	[00.000691,00.013137]
06_map                  	    553	00.399233	(00.000722 +- 00.000193)	[00.000094,00.002346]
07_imu_opt              	    553	00.736727	(00.001332 +- 00.000205)	[00.000002,00.004487]
08_publish              	    553	04.767481	(00.008621 +- 00.002897)	[00.000508,00.028945]
step                    	    556	10.291872	(00.018511 +- 00.004594)	[00.003846,00.057703]

INFO  Timings:
SM Timing
-----------
00_conversion_livox     	    558	06.300706	(00.011292 +- 00.001043)	[00.008750,00.027519]
01_filter               	    557	00.151044	(00.000271 +- 00.000046)	[00.000113,00.002554]
02_preint               	    555	00.019786	(00.000036 +- 00.000005)	[00.000025,00.000078]
02a_intensity_preprocess	    557	01.392652	(00.002500 +- 00.000482)	[00.000801,00.007316]
03_undistortion         	    555	00.384803	(00.000693 +- 00.000224)	[00.000138,00.008355]
04_sampling             	    554	00.242137	(00.000437 +- 00.000130)	[00.000057,00.002759]
04b_intensity_sampling  	    554	00.361406	(00.000652 +- 00.000152)	[00.000110,00.003066]
05_registration         	    554	01.786474	(00.003225 +- 00.000956)	[00.000691,00.013137]
06_map                  	    554	00.399894	(00.000722 +- 00.000180)	[00.000094,00.002346]
07_imu_opt              	    554	00.737973	(00.001332 +- 00.000203)	[00.000002,00.004487]
08_publish              	    554	04.773709	(00.008617 +- 00.002730)	[00.000508,00.028945]
step                    	    557	10.306039	(00.018503 +- 00.004413)	[00.003846,00.057703]

INFO  Timings:
SM Timing
-----------
00_conversion_livox     	    559	06.312279	(00.011292 +- 00.001039)	[00.008750,00.027519]
01_filter               	    558	00.151264	(00.000271 +- 00.000045)	[00.000113,00.002554]
02_preint               	    556	00.019819	(00.000036 +- 00.000005)	[00.000025,00.000078]
02a_intensity_preprocess	    558	01.394617	(00.002499 +- 00.000451)	[00.000801,00.007316]
03_undistortion         	    556	00.385394	(00.000693 +- 00.000212)	[00.000138,00.008355]
04_sampling             	    555	00.242507	(00.000437 +- 00.000120)	[00.000057,00.002759]
04b_intensity_sampling  	    555	00.361916	(00.000652 +- 00.000140)	[00.000110,00.003066]
05_registration         	    555	01.789423	(00.003224 +- 00.000916)	[00.000691,00.013137]
06_map                  	    555	00.400503	(00.000722 +- 00.000167)	[00.000094,00.002346]
07_imu_opt              	    555	00.739238	(00.001332 +- 00.000205)	[00.000002,00.004487]
08_publish              	    555	04.779578	(00.008612 +- 00.002543)	[00.000508,00.028945]
step                    	    558	10.320468	(00.018495 +- 00.004075)	[00.003846,00.057703]

INFO  Timings:
SM Timing
-----------
00_conversion_livox     	    560	06.323449	(00.011292 +- 00.001042)	[00.008750,00.027519]
01_filter               	    559	00.151533	(00.000271 +- 00.000042)	[00.000113,00.002554]
02_preint               	    557	00.019855	(00.000036 +- 00.000005)	[00.000025,00.000078]
02a_intensity_preprocess	    559	01.396432	(00.002498 +- 00.000420)	[00.000801,00.007316]
03_undistortion         	    557	00.385800	(00.000693 +- 00.000202)	[00.000138,00.008355]
04_sampling             	    556	00.242839	(00.000437 +- 00.000111)	[00.000057,00.002759]
04b_intensity_sampling  	    556	00.362481	(00.000652 +- 00.000125)	[00.000110,00.003066]
05_registration         	    556	01.791453	(00.003222 +- 00.000895)	[00.000691,00.013137]
06_map                  	    556	00.400998	(00.000721 +- 00.000154)	[00.000094,00.002346]
07_imu_opt              	    556	00.740420	(00.001332 +- 00.000208)	[00.000002,00.004487]
08_publish              	    556	04.784833	(00.008606 +- 00.002350)	[00.000508,00.028945]
step                    	    559	10.332921	(00.018485 +- 00.003758)	[00.003846,00.057703]

INFO  Timings:
SM Timing
-----------
00_conversion_livox     	    561	06.334622	(00.011292 +- 00.001041)	[00.008750,00.027519]
01_filter               	    560	00.151751	(00.000271 +- 00.000040)	[00.000113,00.002554]
02_preint               	    558	00.019892	(00.000036 +- 00.000005)	[00.000025,00.000078]
02a_intensity_preprocess	    560	01.398246	(00.002497 +- 00.000392)	[00.000801,00.007316]
03_undistortion         	    558	00.386181	(00.000692 +- 00.000196)	[00.000138,00.008355]
04_sampling             	    557	00.243208	(00.000437 +- 00.000101)	[00.000057,00.002759]
04b_intensity_sampling  	    557	00.362931	(00.000652 +- 00.000123)	[00.000110,00.003066]
05_registration         	    557	01.793572	(00.003220 +- 00.000873)	[00.000691,00.013137]
06_map                  	    557	00.401581	(00.000721 +- 00.000139)	[00.000094,00.002346]
07_imu_opt              	    557	00.741666	(00.001332 +- 00.000205)	[00.000002,00.004487]
08_publish              	    557	04.789786	(00.008599 +- 00.002170)	[00.000508,00.028945]
step                    	    560	10.345175	(00.018474 +- 00.003488)	[00.003846,00.057703]

INFO  Timings:
SM Timing
-----------
00_conversion_livox     	    562	06.345957	(00.011292 +- 00.001040)	[00.008750,00.027519]
01_filter               	    561	00.151955	(00.000271 +- 00.000038)	[00.000113,00.002554]
02_preint               	    559	00.019920	(00.000036 +- 00.000006)	[00.000025,00.000078]
02a_intensity_preprocess	    561	01.400097	(00.002496 +- 00.000365)	[00.000801,00.007316]
03_undistortion         	    559	00.386629	(00.000692 +- 00.000187)	[00.000138,00.008355]
04_sampling             	    558	00.243508	(00.000436 +- 00.000093)	[00.000057,00.002759]
04b_intensity_sampling  	    558	00.363381	(00.000651 +- 00.000122)	[00.000110,00.003066]
05_registration         	    558	01.795578	(00.003218 +- 00.000862)	[00.000691,00.013137]
06_map                  	    558	00.402096	(00.000721 +- 00.000127)	[00.000094,00.002346]
07_imu_opt              	    558	00.742887	(00.001331 +- 00.000207)	[00.000002,00.004487]
08_publish              	    558	04.795098	(00.008593 +- 00.001976)	[00.000508,00.028945]
step                    	    561	10.357571	(00.018463 +- 00.003217)	[00.003846,00.057703]

INFO  Timings:
SM Timing
-----------
00_conversion_livox     	    563	06.357274	(00.011292 +- 00.001040)	[00.008750,00.027519]
01_filter               	    562	00.152232	(00.000271 +- 00.000036)	[00.000113,00.002554]
02_preint               	    560	00.019956	(00.000036 +- 00.000006)	[00.000025,00.000078]
02a_intensity_preprocess	    562	01.402131	(00.002495 +- 00.000339)	[00.000801,00.007316]
03_undistortion         	    560	00.387167	(00.000691 +- 00.000178)	[00.000138,00.008355]
04_sampling             	    559	00.243963	(00.000436 +- 00.000083)	[00.000057,00.002759]
04b_intensity_sampling  	    559	00.364016	(00.000651 +- 00.000111)	[00.000110,00.003066]
05_registration         	    559	01.798174	(00.003217 +- 00.000851)	[00.000691,00.013137]
06_map                  	    559	00.402696	(00.000720 +- 00.000114)	[00.000094,00.002346]
07_imu_opt              	    559	00.744073	(00.001331 +- 00.000210)	[00.000002,00.004487]
08_publish              	    559	04.801527	(00.008589 +- 00.001786)	[00.000508,00.028945]
step                    	    562	10.372431	(00.018456 +- 00.002928)	[00.003846,00.057703]

INFO  Timings:
SM Timing
-----------
00_conversion_livox     	    564	06.368971	(00.011293 +- 00.001033)	[00.008750,00.027519]
01_filter               	    563	00.152524	(00.000271 +- 00.000036)	[00.000113,00.002554]
02_preint               	    561	00.019993	(00.000036 +- 00.000006)	[00.000025,00.000078]
02a_intensity_preprocess	    563	01.404268	(00.002494 +- 00.000323)	[00.000801,00.007316]
03_undistortion         	    561	00.387757	(00.000691 +- 00.000171)	[00.000138,00.008355]
04_sampling             	    560	00.244366	(00.000436 +- 00.000078)	[00.000057,00.002759]
04b_intensity_sampling  	    560	00.364657	(00.000651 +- 00.000105)	[00.000110,00.003066]
05_registration         	    560	01.801048	(00.003216 +- 00.000847)	[00.000691,00.013137]
06_map                  	    560	00.403335	(00.000720 +- 00.000110)	[00.000094,00.002346]
07_imu_opt              	    560	00.745292	(00.001331 +- 00.000211)	[00.000002,00.004487]
08_publish              	    560	04.809222	(00.008588 +- 00.001637)	[00.000508,00.028945]
step                    	    563	10.389007	(00.018453 +- 00.002797)	[00.003846,00.057703]

INFO  Timings:
SM Timing
-----------
00_conversion_livox     	    565	06.380089	(00.011292 +- 00.001027)	[00.008750,00.027519]
01_filter               	    564	00.152766	(00.000271 +- 00.000036)	[00.000113,00.002554]
02_preint               	    562	00.020021	(00.000036 +- 00.000006)	[00.000025,00.000078]
02a_intensity_preprocess	    564	01.406663	(00.002494 +- 00.000315)	[00.000801,00.007316]
03_undistortion         	    562	00.388366	(00.000691 +- 00.000165)	[00.000138,00.008355]
04_sampling             	    561	00.244760	(00.000436 +- 00.000077)	[00.000057,00.002759]
04b_intensity_sampling  	    561	00.365270	(00.000651 +- 00.000104)	[00.000110,00.003066]
05_registration         	    561	01.803365	(00.003215 +- 00.000847)	[00.000691,00.013137]
06_map                  	    561	00.404159	(00.000720 +- 00.000106)	[00.000094,00.002346]
07_imu_opt              	    561	00.746461	(00.001331 +- 00.000214)	[00.000002,00.004487]
08_publish              	    561	04.818225	(00.008589 +- 00.001566)	[00.000508,00.028945]
step                    	    564	10.406656	(00.018452 +- 00.002745)	[00.003846,00.057703]

INFO  Timings:
SM Timing
-----------
00_conversion_livox     	    566	06.391031	(00.011292 +- 00.001031)	[00.008750,00.027519]
01_filter               	    565	00.152990	(00.000271 +- 00.000035)	[00.000113,00.002554]
02_preint               	    563	00.020050	(00.000036 +- 00.000006)	[00.000025,00.000078]
02a_intensity_preprocess	    565	01.409224	(00.002494 +- 00.000309)	[00.000801,00.007316]
03_undistortion         	    563	00.389121	(00.000691 +- 00.000160)	[00.000138,00.008355]
04_sampling             	    562	00.245327	(00.000437 +- 00.000078)	[00.000057,00.002759]
04b_intensity_sampling  	    562	00.366322	(00.000652 +- 00.000115)	[00.000110,00.003066]
05_registration         	    562	01.806706	(00.003215 +- 00.000847)	[00.000691,00.013137]
06_map                  	    562	00.404913	(00.000720 +- 00.000103)	[00.000094,00.002346]
07_imu_opt              	    562	00.747632	(00.001330 +- 00.000216)	[00.000002,00.004487]
08_publish              	    562	04.827662	(00.008590 +- 00.001531)	[00.000508,00.028945]
step                    	    565	10.426633	(00.018454 +- 00.002695)	[00.003846,00.057703]

INFO  Timings:
SM Timing
-----------
00_conversion_livox     	    567	06.402070	(00.011291 +- 00.001036)	[00.008750,00.027519]
01_filter               	    566	00.153226	(00.000271 +- 00.000036)	[00.000113,00.002554]
02_preint               	    564	00.020079	(00.000036 +- 00.000006)	[00.000025,00.000078]
02a_intensity_preprocess	    566	01.411778	(00.002494 +- 00.000302)	[00.000801,00.007316]
03_undistortion         	    564	00.390017	(00.000692 +- 00.000160)	[00.000138,00.008355]
04_sampling             	    563	00.245803	(00.000437 +- 00.000077)	[00.000057,00.002759]
04b_intensity_sampling  	    563	00.367092	(00.000652 +- 00.000114)	[00.000110,00.003066]
05_registration         	    563	01.809199	(00.003213 +- 00.000837)	[00.000691,00.013137]
06_map                  	    563	00.405773	(00.000721 +- 00.000104)	[00.000094,00.002346]
07_imu_opt              	    563	00.748747	(00.001330 +- 00.000218)	[00.000002,00.004487]
08_publish              	    563	04.837053	(00.008592 +- 00.001502)	[00.000508,00.028945]
step                    	    566	10.445529	(00.018455 +- 00.002626)	[00.003846,00.057703]

INFO  Timings:
SM Timing
-----------
00_conversion_livox     	    568	06.412323	(00.011289 +- 00.001055)	[00.008750,00.027519]
01_filter               	    567	00.153493	(00.000271 +- 00.000035)	[00.000113,00.002554]
02_preint               	    565	00.020116	(00.000036 +- 00.000006)	[00.000025,00.000078]
02a_intensity_preprocess	    567	01.414282	(00.002494 +- 00.000299)	[00.000801,00.007316]
03_undistortion         	    565	00.390869	(00.000692 +- 00.000161)	[00.000138,00.008355]
04_sampling             	    564	00.246286	(00.000437 +- 00.000077)	[00.000057,00.002759]
04b_intensity_sampling  	    564	00.367936	(00.000652 +- 00.000116)	[00.000110,00.003066]
05_registration         	    564	01.813866	(00.003216 +- 00.000868)	[00.000691,00.013137]
06_map                  	    564	00.406488	(00.000721 +- 00.000103)	[00.000094,00.002346]
07_imu_opt              	    564	00.749900	(00.001330 +- 00.000180)	[00.000002,00.004487]
08_publish              	    564	04.846736	(00.008594 +- 00.001495)	[00.000508,00.028945]
step                    	    567	10.466806	(00.018460 +- 00.002642)	[00.003846,00.057703]

INFO  Timings:
SM Timing
-----------
00_conversion_livox     	    569	06.422711	(00.011288 +- 00.001066)	[00.008750,00.027519]
01_filter               	    568	00.153707	(00.000271 +- 00.000036)	[00.000113,00.002554]
02_preint               	    566	00.020152	(00.000036 +- 00.000006)	[00.000025,00.000078]
02a_intensity_preprocess	    568	01.416903	(00.002495 +- 00.000297)	[00.000801,00.007316]
03_undistortion         	    566	00.391653	(00.000692 +- 00.000161)	[00.000138,00.008355]
04_sampling             	    565	00.246725	(00.000437 +- 00.000076)	[00.000057,00.002759]
04b_intensity_sampling  	    565	00.368713	(00.000653 +- 00.000116)	[00.000110,00.003066]
05_registration         	    565	01.817084	(00.003216 +- 00.000841)	[00.000691,00.013137]
06_map                  	    565	00.407208	(00.000721 +- 00.000103)	[00.000094,00.002346]
07_imu_opt              	    565	00.751078	(00.001329 +- 00.000158)	[00.000002,00.004487]
08_publish              	    565	04.856946	(00.008596 +- 00.001505)	[00.000508,00.028945]
step                    	    568	10.487060	(00.018463 +- 00.002634)	[00.003846,00.057703]

INFO  Timings:
SM Timing
-----------
00_conversion_livox     	    570	06.433581	(00.011287 +- 00.001067)	[00.008750,00.027519]
01_filter               	    569	00.153937	(00.000271 +- 00.000035)	[00.000113,00.002554]
02_preint               	    567	00.020187	(00.000036 +- 00.000006)	[00.000025,00.000078]
02a_intensity_preprocess	    569	01.419535	(00.002495 +- 00.000297)	[00.000801,00.007316]
03_undistortion         	    567	00.392451	(00.000692 +- 00.000160)	[00.000138,00.008355]
04_sampling             	    566	00.247161	(00.000437 +- 00.000076)	[00.000057,00.002759]
04b_intensity_sampling  	    566	00.369461	(00.000653 +- 00.000116)	[00.000110,00.003066]
05_registration         	    566	01.819810	(00.003215 +- 00.000838)	[00.000691,00.013137]
06_map                  	    566	00.408073	(00.000721 +- 00.000104)	[00.000094,00.002346]
07_imu_opt              	    566	00.752276	(00.001329 +- 00.000159)	[00.000002,00.004487]
08_publish              	    566	04.867071	(00.008599 +- 00.001511)	[00.000508,00.028945]
step                    	    569	10.506927	(00.018466 +- 00.002636)	[00.003846,00.057703]

INFO  Timings:
SM Timing
-----------
00_conversion_livox     	    571	06.443908	(00.011285 +- 00.001071)	[00.008750,00.027519]
01_filter               	    570	00.154174	(00.000270 +- 00.000035)	[00.000113,00.002554]
02_preint               	    568	00.020223	(00.000036 +- 00.000006)	[00.000025,00.000078]
02a_intensity_preprocess	    570	01.422208	(00.002495 +- 00.000298)	[00.000801,00.007316]
03_undistortion         	    568	00.393322	(00.000692 +- 00.000161)	[00.000138,00.008355]
04_sampling             	    567	00.247636	(00.000437 +- 00.000076)	[00.000057,00.002759]
04b_intensity_sampling  	    567	00.370298	(00.000653 +- 00.000118)	[00.000110,00.003066]
05_registration         	    567	01.822627	(00.003215 +- 00.000785)	[00.000691,00.013137]
06_map                  	    567	00.408915	(00.000721 +- 00.000105)	[00.000094,00.002346]
07_imu_opt              	    567	00.753561	(00.001329 +- 00.000159)	[00.000002,00.004487]
08_publish              	    567	04.877720	(00.008603 +- 00.001520)	[00.000508,00.028945]
step                    	    570	10.527738	(00.018470 +- 00.002607)	[00.003846,00.057703]

INFO  Timings:
SM Timing
-----------
00_conversion_livox     	    572	06.453841	(00.011283 +- 00.001094)	[00.008750,00.027519]
01_filter               	    571	00.154459	(00.000271 +- 00.000035)	[00.000113,00.002554]
02_preint               	    569	00.020250	(00.000036 +- 00.000006)	[00.000025,00.000078]
02a_intensity_preprocess	    571	01.424967	(00.002496 +- 00.000297)	[00.000801,00.007316]
03_undistortion         	    569	00.394297	(00.000693 +- 00.000163)	[00.000138,00.008355]
04_sampling             	    568	00.248147	(00.000437 +- 00.000076)	[00.000057,00.002759]
04b_intensity_sampling  	    568	00.371175	(00.000653 +- 00.000120)	[00.000110,00.003066]
05_registration         	    568	01.826158	(00.003215 +- 00.000788)	[00.000691,00.013137]
06_map                  	    568	00.409682	(00.000721 +- 00.000105)	[00.000094,00.002346]
07_imu_opt              	    568	00.754854	(00.001329 +- 00.000159)	[00.000002,00.004487]
08_publish              	    568	04.888936	(00.008607 +- 00.001530)	[00.000508,00.028945]
step                    	    571	10.550057	(00.018476 +- 00.002632)	[00.003846,00.057703]

INFO  Timings:
SM Timing
-----------
00_conversion_livox     	    573	06.464247	(00.011281 +- 00.001108)	[00.008750,00.027519]
01_filter               	    572	00.154759	(00.000271 +- 00.000036)	[00.000113,00.002554]
02_preint               	    570	00.020281	(00.000036 +- 00.000006)	[00.000025,00.000078]
02a_intensity_preprocess	    572	01.427869	(00.002496 +- 00.000295)	[00.000801,00.007316]
03_undistortion         	    570	00.395207	(00.000693 +- 00.000165)	[00.000138,00.008355]
04_sampling             	    569	00.248620	(00.000437 +- 00.000076)	[00.000057,00.002759]
04b_intensity_sampling  	    569	00.372010	(00.000654 +- 00.000121)	[00.000110,00.003066]
05_registration         	    569	01.831980	(00.003220 +- 00.000847)	[00.000691,00.013137]
06_map                  	    569	00.410448	(00.000721 +- 00.000101)	[00.000094,00.002346]
07_imu_opt              	    569	00.756031	(00.001329 +- 00.000161)	[00.000002,00.004487]
08_publish              	    569	04.900273	(00.008612 +- 00.001532)	[00.000508,00.028945]
step                    	    572	10.574676	(00.018487 +- 00.002671)	[00.003846,00.057703]

INFO  Timings:
SM Timing
-----------
00_conversion_livox     	    574	06.474344	(00.011279 +- 00.001128)	[00.008750,00.027519]
01_filter               	    573	00.155055	(00.000271 +- 00.000036)	[00.000113,00.002554]
02_preint               	    571	00.020318	(00.000036 +- 00.000006)	[00.000025,00.000078]
02a_intensity_preprocess	    573	01.430829	(00.002497 +- 00.000297)	[00.000801,00.007316]
03_undistortion         	    571	00.396465	(00.000694 +- 00.000174)	[00.000138,00.008355]
04_sampling             	    570	00.249195	(00.000437 +- 00.000077)	[00.000057,00.002759]
04b_intensity_sampling  	    570	00.372804	(00.000654 +- 00.000121)	[00.000110,00.003066]
05_registration         	    570	01.835121	(00.003220 +- 00.000843)	[00.000691,00.013137]
06_map                  	    570	00.411340	(00.000722 +- 00.000097)	[00.000094,00.002346]
07_imu_opt              	    570	00.757203	(00.001328 +- 00.000162)	[00.000002,00.004487]
08_publish              	    570	04.912376	(00.008618 +- 00.001562)	[00.000508,00.028945]
step                    	    573	10.597965	(00.018496 +- 00.002715)	[00.003846,00.057703]

INFO  Timings:
SM Timing
-----------
00_conversion_livox     	    575	06.485009	(00.011278 +- 00.001131)	[00.008750,00.027519]
01_filter               	    574	00.155364	(00.000271 +- 00.000036)	[00.000113,00.002554]
02_preint               	    572	00.020346	(00.000036 +- 00.000006)	[00.000025,00.000078]
02a_intensity_preprocess	    574	01.433879	(00.002498 +- 00.000302)	[00.000801,00.007316]
03_undistortion         	    572	00.397434	(00.000695 +- 00.000176)	[00.000138,00.008355]
04_sampling             	    571	00.249717	(00.000437 +- 00.000077)	[00.000057,00.002759]
04b_intensity_sampling  	    571	00.373610	(00.000654 +- 00.000122)	[00.000110,00.003066]
05_registration         	    571	01.838438	(00.003220 +- 00.000843)	[00.000691,00.013137]
06_map                  	    571	00.412329	(00.000722 +- 00.000101)	[00.000094,00.002346]
07_imu_opt              	    571	00.758425	(00.001328 +- 00.000162)	[00.000002,00.004487]
08_publish              	    571	04.924833	(00.008625 +- 00.001614)	[00.000508,00.028945]
step                    	    574	10.621734	(00.018505 +- 00.002773)	[00.003846,00.057703]

INFO  Timings:
SM Timing
-----------
00_conversion_livox     	    576	06.495688	(00.011277 +- 00.001130)	[00.008750,00.027519]
01_filter               	    575	00.155611	(00.000271 +- 00.000036)	[00.000113,00.002554]
02_preint               	    573	00.020383	(00.000036 +- 00.000006)	[00.000025,00.000078]
02a_intensity_preprocess	    575	01.436979	(00.002499 +- 00.000310)	[00.000801,00.007316]
03_undistortion         	    573	00.398521	(00.000695 +- 00.000181)	[00.000138,00.008355]
04_sampling             	    572	00.250220	(00.000437 +- 00.000077)	[00.000057,00.002759]
04b_intensity_sampling  	    572	00.374522	(00.000655 +- 00.000125)	[00.000110,00.003066]
05_registration         	    572	01.841873	(00.003220 +- 00.000841)	[00.000691,00.013137]
06_map                  	    572	00.413168	(00.000722 +- 00.000102)	[00.000094,00.002346]
07_imu_opt              	    572	00.759688	(00.001328 +- 00.000161)	[00.000002,00.004487]
08_publish              	    572	04.937569	(00.008632 +- 00.001680)	[00.000508,00.028945]
step                    	    575	10.645994	(00.018515 +- 00.002844)	[00.003846,00.057703]

INFO  Timings:
SM Timing
-----------
00_conversion_livox     	    577	06.506713	(00.011277 +- 00.001118)	[00.008750,00.027519]
01_filter               	    576	00.155900	(00.000271 +- 00.000036)	[00.000113,00.002554]
02_preint               	    574	00.020419	(00.000036 +- 00.000006)	[00.000025,00.000078]
02a_intensity_preprocess	    576	01.440128	(00.002500 +- 00.000319)	[00.000801,00.007316]
03_undistortion         	    574	00.399550	(00.000696 +- 00.000183)	[00.000138,00.008355]
04_sampling             	    573	00.250944	(00.000438 +- 00.000085)	[00.000057,00.002759]
04b_intensity_sampling  	    573	00.375363	(00.000655 +- 00.000121)	[00.000110,00.003066]
05_registration         	    573	01.845126	(00.003220 +- 00.000841)	[00.000691,00.013137]
06_map                  	    573	00.414040	(00.000723 +- 00.000103)	[00.000094,00.002346]
07_imu_opt              	    573	00.761002	(00.001328 +- 00.000161)	[00.000002,00.004487]
08_publish              	    573	04.950195	(00.008639 +- 00.001741)	[00.000508,00.028945]
step                    	    576	10.670218	(00.018525 +- 00.002920)	[00.003846,00.057703]

INFO  Timings:
SM Timing
-----------
00_conversion_livox     	    578	06.516938	(00.011275 +- 00.001127)	[00.008750,00.027519]
01_filter               	    577	00.156142	(00.000271 +- 00.000035)	[00.000113,00.002554]
02_preint               	    575	00.020456	(00.000036 +- 00.000006)	[00.000025,00.000078]
02a_intensity_preprocess	    577	01.443309	(00.002501 +- 00.000329)	[00.000801,00.007316]
03_undistortion         	    575	00.400623	(00.000697 +- 00.000187)	[00.000138,00.008355]
04_sampling             	    574	00.251463	(00.000438 +- 00.000085)	[00.000057,00.002759]
04b_intensity_sampling  	    574	00.376191	(00.000655 +- 00.000121)	[00.000110,00.003066]
05_registration         	    574	01.849276	(00.003222 +- 00.000834)	[00.000691,00.013137]
06_map                  	    574	00.414880	(00.000723 +- 00.000102)	[00.000094,00.002346]
07_imu_opt              	    574	00.762237	(00.001328 +- 00.000162)	[00.000002,00.004487]
08_publish              	    574	04.963153	(00.008647 +- 00.001811)	[00.000508,00.028945]
step                    	    577	10.695360	(00.018536 +- 00.003003)	[00.003846,00.057703]

INFO  Timings:
SM Timing
-----------
00_conversion_livox     	    579	06.528302	(00.011275 +- 00.001117)	[00.008750,00.027519]
01_filter               	    578	00.156436	(00.000271 +- 00.000035)	[00.000113,00.002554]
02_preint               	    576	00.020491	(00.000036 +- 00.000006)	[00.000025,00.000078]
02a_intensity_preprocess	    578	01.446523	(00.002503 +- 00.000339)	[00.000801,00.007316]
03_undistortion         	    576	00.401623	(00.000697 +- 00.000188)	[00.000138,00.008355]
04_sampling             	    575	00.252065	(00.000438 +- 00.000085)	[00.000057,00.002759]
04b_intensity_sampling  	    575	00.377034	(00.000656 +- 00.000120)	[00.000110,00.003066]
05_registration         	    575	01.852624	(00.003222 +- 00.000829)	[00.000691,00.013137]
06_map                  	    575	00.415781	(00.000723 +- 00.000103)	[00.000094,00.002346]
07_imu_opt              	    575	00.763471	(00.001328 +- 00.000161)	[00.000002,00.004487]
08_publish              	    575	04.975971	(00.008654 +- 00.001876)	[00.000508,00.028945]
step                    	    578	10.719723	(00.018546 +- 00.003083)	[00.003846,00.057703]

INFO  Timings:
SM Timing
-----------
00_conversion_livox     	    580	06.538892	(00.011274 +- 00.001114)	[00.008750,00.027519]
01_filter               	    579	00.156708	(00.000271 +- 00.000035)	[00.000113,00.002554]
02_preint               	    577	00.020527	(00.000036 +- 00.000006)	[00.000025,00.000078]
02a_intensity_preprocess	    579	01.449736	(00.002504 +- 00.000349)	[00.000801,00.007316]
03_undistortion         	    577	00.402548	(00.000698 +- 00.000189)	[00.000138,00.008355]
04_sampling             	    576	00.252513	(00.000438 +- 00.000085)	[00.000057,00.002759]
04b_intensity_sampling  	    576	00.377732	(00.000656 +- 00.000119)	[00.000110,00.003066]
05_registration         	    576	01.855972	(00.003222 +- 00.000828)	[00.000691,00.013137]
06_map                  	    576	00.416497	(00.000723 +- 00.000103)	[00.000094,00.002346]
07_imu_opt              	    576	00.764690	(00.001328 +- 00.000160)	[00.000002,00.004487]
08_publish              	    576	04.988108	(00.008660 +- 00.001916)	[00.000508,00.028945]
step                    	    579	10.742803	(00.018554 +- 00.003124)	[00.003846,00.057703]

INFO  Timings:
SM Timing
-----------
00_conversion_livox     	    581	06.549560	(00.011273 +- 00.001117)	[00.008750,00.027519]
01_filter               	    580	00.156981	(00.000271 +- 00.000035)	[00.000113,00.002554]
02_preint               	    578	00.020563	(00.000036 +- 00.000006)	[00.000025,00.000078]
02a_intensity_preprocess	    580	01.452662	(00.002505 +- 00.000350)	[00.000801,00.007316]
03_undistortion         	    578	00.403423	(00.000698 +- 00.000189)	[00.000138,00.008355]
04_sampling             	    577	00.252949	(00.000438 +- 00.000085)	[00.000057,00.002759]
04b_intensity_sampling  	    577	00.378460	(00.000656 +- 00.000119)	[00.000110,00.003066]
05_registration         	    577	01.858858	(00.003222 +- 00.000828)	[00.000691,00.013137]
06_map                  	    577	00.417307	(00.000723 +- 00.000102)	[00.000094,00.002346]
07_imu_opt              	    577	00.765812	(00.001327 +- 00.000162)	[00.000002,00.004487]
08_publish              	    577	04.999578	(00.008665 +- 00.001937)	[00.000508,00.028945]
step                    	    580	10.764454	(00.018559 +- 00.003136)	[00.003846,00.057703]

INFO  Timings:
SM Timing
-----------
00_conversion_livox     	    582	06.560427	(00.011272 +- 00.001120)	[00.008750,00.027519]
01_filter               	    581	00.157270	(00.000271 +- 00.000035)	[00.000113,00.002554]
02_preint               	    579	00.020598	(00.000036 +- 00.000006)	[00.000025,00.000078]
02a_intensity_preprocess	    581	01.455428	(00.002505 +- 00.000350)	[00.000801,00.007316]
03_undistortion         	    579	00.404182	(00.000698 +- 00.000189)	[00.000138,00.008355]
04_sampling             	    578	00.253428	(00.000438 +- 00.000085)	[00.000057,00.002759]
04b_intensity_sampling  	    578	00.379428	(00.000656 +- 00.000123)	[00.000110,00.003066]
05_registration         	    578	01.861506	(00.003221 +- 00.000824)	[00.000691,00.013137]
06_map                  	    578	00.418182	(00.000723 +- 00.000103)	[00.000094,00.002346]
07_imu_opt              	    578	00.766899	(00.001327 +- 00.000164)	[00.000002,00.004487]
08_publish              	    578	05.010379	(00.008668 +- 00.001947)	[00.000508,00.028945]
step                    	    581	10.785234	(00.018563 +- 00.003140)	[00.003846,00.057703]

INFO  Timings:
SM Timing
-----------
00_conversion_livox     	    583	06.570576	(00.011270 +- 00.001132)	[00.008750,00.027519]
01_filter               	    582	00.157587	(00.000271 +- 00.000035)	[00.000113,00.002554]
02_preint               	    580	00.020625	(00.000036 +- 00.000007)	[00.000025,00.000078]
02a_intensity_preprocess	    582	01.458066	(00.002505 +- 00.000350)	[00.000801,00.007316]
03_undistortion         	    580	00.404975	(00.000698 +- 00.000189)	[00.000138,00.008355]
04_sampling             	    579	00.253880	(00.000438 +- 00.000085)	[00.000057,00.002759]
04b_intensity_sampling  	    579	00.380169	(00.000657 +- 00.000122)	[00.000110,00.003066]
05_registration         	    579	01.864474	(00.003220 +- 00.000812)	[00.000691,00.013137]
06_map                  	    579	00.418916	(00.000724 +- 00.000103)	[00.000094,00.002346]
07_imu_opt              	    579	00.767994	(00.001326 +- 00.000166)	[00.000002,00.004487]
08_publish              	    579	05.020915	(00.008672 +- 00.001952)	[00.000508,00.028945]
step                    	    582	10.805599	(00.018566 +- 00.003135)	[00.003846,00.057703]

INFO  Timings:
SM Timing
-----------
00_conversion_livox     	    584	06.580309	(00.011268 +- 00.001148)	[00.008750,00.027519]
01_filter               	    583	00.157824	(00.000271 +- 00.000035)	[00.000113,00.002554]
02_preint               	    581	00.020654	(00.000036 +- 00.000007)	[00.000025,00.000078]
02a_intensity_preprocess	    583	01.460740	(00.002506 +- 00.000349)	[00.000801,00.007316]
03_undistortion         	    581	00.405750	(00.000698 +- 00.000189)	[00.000138,00.008355]
04_sampling             	    580	00.254292	(00.000438 +- 00.000084)	[00.000057,00.002759]
04b_intensity_sampling  	    580	00.381178	(00.000657 +- 00.000129)	[00.000110,00.003066]
05_registration         	    580	01.867342	(00.003220 +- 00.000812)	[00.000691,00.013137]
06_map                  	    580	00.419772	(00.000724 +- 00.000104)	[00.000094,00.002346]
07_imu_opt              	    580	00.769195	(00.001326 +- 00.000165)	[00.000002,00.004487]
08_publish              	    580	05.031597	(00.008675 +- 00.001959)	[00.000508,00.028945]
step                    	    583	10.826398	(00.018570 +- 00.003139)	[00.003846,00.057703]

INFO  Timings:
SM Timing
-----------
00_conversion_livox     	    585	06.591090	(00.011267 +- 00.001146)	[00.008750,00.027519]
01_filter               	    584	00.158054	(00.000271 +- 00.000036)	[00.000113,00.002554]
02_preint               	    582	00.020691	(00.000036 +- 00.000007)	[00.000025,00.000078]
02a_intensity_preprocess	    584	01.463490	(00.002506 +- 00.000350)	[00.000801,00.007316]
03_undistortion         	    582	00.406608	(00.000699 +- 00.000189)	[00.000138,00.008355]
04_sampling             	    581	00.254728	(00.000438 +- 00.000084)	[00.000057,00.002759]
04b_intensity_sampling  	    581	00.381937	(00.000657 +- 00.000129)	[00.000110,00.003066]
05_registration         	    581	01.871549	(00.003221 +- 00.000815)	[00.000691,00.013137]
06_map                  	    581	00.420523	(00.000724 +- 00.000104)	[00.000094,00.002346]
07_imu_opt              	    581	00.770387	(00.001326 +- 00.000167)	[00.000002,00.004487]
08_publish              	    581	05.042491	(00.008679 +- 00.001969)	[00.000508,00.028945]
step                    	    584	10.848582	(00.018576 +- 00.003153)	[00.003846,00.057703]

INFO  Timings:
SM Timing
-----------
00_conversion_livox     	    586	06.601619	(00.011266 +- 00.001156)	[00.008750,00.027519]
01_filter               	    585	00.158337	(00.000271 +- 00.000036)	[00.000113,00.002554]
02_preint               	    583	00.020726	(00.000036 +- 00.000007)	[00.000025,00.000078]
02a_intensity_preprocess	    585	01.466076	(00.002506 +- 00.000350)	[00.000801,00.007316]
03_undistortion         	    583	00.407371	(00.000699 +- 00.000188)	[00.000138,00.008355]
04_sampling             	    582	00.255152	(00.000438 +- 00.000084)	[00.000057,00.002759]
04b_intensity_sampling  	    582	00.382571	(00.000657 +- 00.000128)	[00.000110,00.003066]
05_registration         	    582	01.874002	(00.003220 +- 00.000817)	[00.000691,00.013137]
06_map                  	    582	00.421244	(00.000724 +- 00.000104)	[00.000094,00.002346]
07_imu_opt              	    582	00.771503	(00.001326 +- 00.000169)	[00.000002,00.004487]
08_publish              	    582	05.052966	(00.008682 +- 00.001973)	[00.000508,00.028945]
step                    	    585	10.868161	(00.018578 +- 00.003153)	[00.003846,00.057703]

INFO  Timings:
SM Timing
-----------
00_conversion_livox     	    587	06.612397	(00.011265 +- 00.001162)	[00.008750,00.027519]
01_filter               	    586	00.158566	(00.000271 +- 00.000036)	[00.000113,00.002554]
02_preint               	    584	00.020756	(00.000036 +- 00.000007)	[00.000025,00.000078]
02a_intensity_preprocess	    586	01.468667	(00.002506 +- 00.000350)	[00.000801,00.007316]
03_undistortion         	    584	00.408298	(00.000699 +- 00.000188)	[00.000138,00.008355]
04_sampling             	    583	00.255688	(00.000439 +- 00.000085)	[00.000057,00.002759]
04b_intensity_sampling  	    583	00.383315	(00.000657 +- 00.000128)	[00.000110,00.003066]
05_registration         	    583	01.877351	(00.003220 +- 00.000817)	[00.000691,00.013137]
06_map                  	    583	00.422167	(00.000724 +- 00.000106)	[00.000094,00.002346]
07_imu_opt              	    583	00.772626	(00.001325 +- 00.000171)	[00.000002,00.004487]
08_publish              	    583	05.063240	(00.008685 +- 00.001976)	[00.000508,00.028945]
step                    	    586	10.888965	(00.018582 +- 00.003156)	[00.003846,00.057703]

INFO  Timings:
SM Timing
-----------
00_conversion_livox     	    588	06.622958	(00.011264 +- 00.001167)	[00.008750,00.027519]
01_filter               	    587	00.158786	(00.000271 +- 00.000037)	[00.000113,00.002554]
02_preint               	    585	00.020793	(00.000036 +- 00.000007)	[00.000025,00.000078]
02a_intensity_preprocess	    587	01.471339	(00.002507 +- 00.000350)	[00.000801,00.007316]
03_undistortion         	    585	00.409138	(00.000699 +- 00.000178)	[00.000138,00.008355]
04_sampling             	    584	00.256223	(00.000439 +- 00.000085)	[00.000057,00.002759]
04b_intensity_sampling  	    584	00.384087	(00.000658 +- 00.000127)	[00.000110,00.003066]
05_registration         	    584	01.880697	(00.003220 +- 00.000816)	[00.000691,00.013137]
06_map                  	    584	00.423072	(00.000724 +- 00.000109)	[00.000094,00.002346]
07_imu_opt              	    584	00.773760	(00.001325 +- 00.000170)	[00.000002,00.004487]
08_publish              	    584	05.073850	(00.008688 +- 00.001981)	[00.000508,00.028945]
step                    	    587	10.910105	(00.018586 +- 00.003162)	[00.003846,00.057703]

INFO  Timings:
SM Timing
-----------
00_conversion_livox     	    589	06.633457	(00.011262 +- 00.001155)	[00.008750,00.027519]
01_filter               	    588	00.159014	(00.000270 +- 00.000037)	[00.000113,00.002554]
02_preint               	    586	00.020828	(00.000036 +- 00.000006)	[00.000025,00.000078]
02a_intensity_preprocess	    588	01.474388	(00.002507 +- 00.000353)	[00.000801,00.007316]
03_undistortion         	    586	00.409911	(00.000700 +- 00.000177)	[00.000138,00.008355]
04_sampling             	    585	00.257800	(00.000441 +- 00.000177)	[00.000057,00.002759]
04b_intensity_sampling  	    585	00.384864	(00.000658 +- 00.000127)	[00.000110,00.003066]
05_registration         	    585	01.883821	(00.003220 +- 00.000810)	[00.000691,00.013137]
06_map                  	    585	00.424017	(00.000725 +- 00.000112)	[00.000094,00.002346]
07_imu_opt              	    585	00.775028	(00.001325 +- 00.000166)	[00.000002,00.004487]
08_publish              	    585	05.085053	(00.008692 +- 00.001994)	[00.000508,00.028945]
step                    	    588	10.933163	(00.018594 +- 00.003195)	[00.003846,00.057703]

INFO  Timings:
SM Timing
-----------
00_conversion_livox     	    590	06.644724	(00.011262 +- 00.001127)	[00.008750,00.027519]
01_filter               	    589	00.159267	(00.000270 +- 00.000037)	[00.000113,00.002554]
02_preint               	    587	00.020865	(00.000036 +- 00.000006)	[00.000025,00.000078]
02a_intensity_preprocess	    589	01.477400	(00.002508 +- 00.000357)	[00.000801,00.007316]
03_undistortion         	    587	00.410745	(00.000700 +- 00.000177)	[00.000138,00.008355]
04_sampling             	    586	00.258314	(00.000441 +- 00.000176)	[00.000057,00.002759]
04b_intensity_sampling  	    586	00.385637	(00.000658 +- 00.000127)	[00.000110,00.003066]
05_registration         	    586	01.886511	(00.003219 +- 00.000813)	[00.000691,00.013137]
06_map                  	    586	00.424862	(00.000725 +- 00.000112)	[00.000094,00.002346]
07_imu_opt              	    586	00.776327	(00.001325 +- 00.000160)	[00.000002,00.004487]
08_publish              	    586	05.097102	(00.008698 +- 00.002021)	[00.000508,00.028945]
step                    	    589	10.955542	(00.018600 +- 00.003214)	[00.003846,00.057703]

INFO  Timings:
SM Timing
-----------
00_conversion_livox     	    591	06.656849	(00.011264 +- 00.001090)	[00.008750,00.027519]
01_filter               	    590	00.159536	(00.000270 +- 00.000037)	[00.000113,00.002554]
02_preint               	    588	00.020900	(00.000036 +- 00.000006)	[00.000025,00.000078]
02a_intensity_preprocess	    590	01.480623	(00.002510 +- 00.000366)	[00.000801,00.007316]
03_undistortion         	    588	00.411717	(00.000700 +- 00.000178)	[00.000138,00.008355]
04_sampling             	    587	00.258807	(00.000441 +- 00.000175)	[00.000057,00.002759]
04b_intensity_sampling  	    587	00.386497	(00.000658 +- 00.000127)	[00.000110,00.003066]
05_registration         	    587	01.890378	(00.003220 +- 00.000819)	[00.000691,00.013137]
06_map                  	    587	00.425766	(00.000725 +- 00.000113)	[00.000094,00.002346]
07_imu_opt              	    587	00.777716	(00.001325 +- 00.000158)	[00.000002,00.004487]
08_publish              	    587	05.110173	(00.008706 +- 00.002071)	[00.000508,00.028945]
step                    	    590	10.980710	(00.018611 +- 00.003293)	[00.003846,00.057703]

INFO  Timings:
SM Timing
-----------
00_conversion_livox     	    592	06.669516	(00.011266 +- 00.001067)	[00.008750,00.027519]
01_filter               	    591	00.159812	(00.000270 +- 00.000037)	[00.000113,00.002554]
02_preint               	    589	00.020937	(00.000036 +- 00.000006)	[00.000025,00.000078]
02a_intensity_preprocess	    591	01.484029	(00.002511 +- 00.000380)	[00.000801,00.007316]
03_undistortion         	    589	00.412808	(00.000701 +- 00.000183)	[00.000138,00.008355]
04_sampling             	    588	00.259401	(00.000441 +- 00.000175)	[00.000057,00.002759]
04b_intensity_sampling  	    588	00.387354	(00.000659 +- 00.000128)	[00.000110,00.003066]
05_registration         	    588	01.893960	(00.003221 +- 00.000821)	[00.000691,00.013137]
06_map                  	    588	00.426707	(00.000726 +- 00.000116)	[00.000094,00.002346]
07_imu_opt              	    588	00.779094	(00.001325 +- 00.000154)	[00.000002,00.004487]
08_publish              	    588	05.123949	(00.008714 +- 00.002140)	[00.000508,00.028945]
step                    	    591	11.006735	(00.018624 +- 00.003396)	[00.003846,00.057703]

INFO  Timings:
SM Timing
-----------
00_conversion_livox     	    593	06.682389	(00.011269 +- 00.001059)	[00.008750,00.027519]
01_filter               	    592	00.160139	(00.000271 +- 00.000038)	[00.000113,00.002554]
02_preint               	    590	00.020971	(00.000036 +- 00.000006)	[00.000025,00.000078]
02a_intensity_preprocess	    592	01.487467	(00.002513 +- 00.000395)	[00.000801,00.007316]
03_undistortion         	    590	00.413738	(00.000701 +- 00.000184)	[00.000138,00.008355]
04_sampling             	    589	00.260013	(00.000441 +- 00.000174)	[00.000057,00.002759]
04b_intensity_sampling  	    589	00.388283	(00.000659 +- 00.000130)	[00.000110,00.003066]
05_registration         	    589	01.897498	(00.003222 +- 00.000822)	[00.000691,00.013137]
06_map                  	    589	00.427649	(00.000726 +- 00.000118)	[00.000094,00.002346]
07_imu_opt              	    589	00.780482	(00.001325 +- 00.000150)	[00.000002,00.004487]
08_publish              	    589	05.137889	(00.008723 +- 00.002214)	[00.000508,00.028945]
step                    	    592	11.032876	(00.018637 +- 00.003498)	[00.003846,00.057703]

INFO  Timings:
SM Timing
-----------
00_conversion_livox     	    594	06.695042	(00.011271 +- 00.001027)	[00.008750,00.027519]
01_filter               	    593	00.160467	(00.000271 +- 00.000039)	[00.000113,00.002554]
02_preint               	    591	00.021009	(00.000036 +- 00.000006)	[00.000025,00.000078]
02a_intensity_preprocess	    593	01.490954	(00.002514 +- 00.000410)	[00.000801,00.007316]
03_undistortion         	    591	00.414599	(00.000702 +- 00.000184)	[00.000138,00.008355]
04_sampling             	    590	00.260610	(00.000442 +- 00.000173)	[00.000057,00.002759]
04b_intensity_sampling  	    590	00.389071	(00.000659 +- 00.000130)	[00.000110,00.003066]
05_registration         	    590	01.901806	(00.003223 +- 00.000836)	[00.000691,00.013137]
06_map                  	    590	00.428762	(00.000727 +- 00.000128)	[00.000094,00.002346]
07_imu_opt              	    590	00.782571	(00.001326 +- 00.000183)	[00.000002,00.004487]
08_publish              	    590	05.153965	(00.008736 +- 00.002374)	[00.000508,00.028945]
step                    	    593	11.062671	(00.018655 +- 00.003744)	[00.003846,00.057703]

INFO  Timings:
SM Timing
-----------
00_conversion_livox     	    595	06.711477	(00.011280 +- 00.001227)	[00.008750,00.027519]
01_filter               	    594	00.160763	(00.000271 +- 00.000038)	[00.000113,00.002554]
02_preint               	    592	00.021049	(00.000036 +- 00.000006)	[00.000025,00.000078]
02a_intensity_preprocess	    594	01.494354	(00.002516 +- 00.000421)	[00.000801,00.007316]
03_undistortion         	    592	00.415461	(00.000702 +- 00.000184)	[00.000138,00.008355]
04_sampling             	    591	00.261138	(00.000442 +- 00.000173)	[00.000057,00.002759]
04b_intensity_sampling  	    591	00.390056	(00.000660 +- 00.000134)	[00.000110,00.003066]
05_registration         	    591	01.906690	(00.003226 +- 00.000863)	[00.000691,00.013137]
06_map                  	    591	00.429676	(00.000727 +- 00.000129)	[00.000094,00.002346]
07_imu_opt              	    591	00.784050	(00.001327 +- 00.000182)	[00.000002,00.004487]
08_publish              	    591	05.167439	(00.008744 +- 00.002422)	[00.000508,00.028945]
step                    	    594	11.089621	(00.018669 +- 00.003852)	[00.003846,00.057703]

INFO  Timings:
SM Timing
-----------
00_conversion_livox     	    596	06.723880	(00.011282 +- 00.001220)	[00.008750,00.027519]
01_filter               	    595	00.161093	(00.000271 +- 00.000038)	[00.000113,00.002554]
02_preint               	    593	00.021085	(00.000036 +- 00.000006)	[00.000025,00.000078]
02a_intensity_preprocess	    595	01.497708	(00.002517 +- 00.000430)	[00.000801,00.007316]
03_undistortion         	    593	00.416311	(00.000702 +- 00.000180)	[00.000138,00.008355]
04_sampling             	    592	00.261780	(00.000442 +- 00.000174)	[00.000057,00.002759]
04b_intensity_sampling  	    592	00.390924	(00.000660 +- 00.000134)	[00.000110,00.003066]
05_registration         	    592	01.909948	(00.003226 +- 00.000787)	[00.000691,00.013137]
06_map                  	    592	00.430720	(00.000728 +- 00.000134)	[00.000094,00.002346]
07_imu_opt              	    592	00.785466	(00.001327 +- 00.000179)	[00.000002,00.004487]
08_publish              	    592	05.180515	(00.008751 +- 00.002456)	[00.000508,00.028945]
step                    	    595	11.114580	(00.018680 +- 00.003861)	[00.003846,00.057703]

INFO  Timings:
SM Timing
-----------
00_conversion_livox     	    597	06.736340	(00.011284 +- 00.001215)	[00.008750,00.027519]
01_filter               	    596	00.161369	(00.000271 +- 00.000038)	[00.000113,00.002554]
02_preint               	    594	00.021123	(00.000036 +- 00.000006)	[00.000025,00.000078]
02a_intensity_preprocess	    596	01.500975	(00.002518 +- 00.000437)	[00.000801,00.007316]
03_undistortion         	    594	00.417225	(00.000702 +- 00.000180)	[00.000138,00.008355]
04_sampling             	    593	00.262291	(00.000442 +- 00.000173)	[00.000057,00.002759]
04b_intensity_sampling  	    593	00.391930	(00.000661 +- 00.000138)	[00.000110,00.003066]
05_registration         	    593	01.914647	(00.003229 +- 00.000805)	[00.000691,00.013137]
06_map                  	    593	00.431618	(00.000728 +- 00.000135)	[00.000094,00.002346]
07_imu_opt              	    593	00.786909	(00.001327 +- 00.000178)	[00.000002,00.004487]
08_publish              	    593	05.193599	(00.008758 +- 00.002487)	[00.000508,00.028945]
step                    	    596	11.140793	(00.018693 +- 00.003933)	[00.003846,00.057703]

INFO  Timings:
SM Timing
-----------
00_conversion_livox     	    598	06.749587	(00.011287 +- 00.001240)	[00.008750,00.027519]
01_filter               	    597	00.161652	(00.000271 +- 00.000038)	[00.000113,00.002554]
02_preint               	    595	00.021161	(00.000036 +- 00.000006)	[00.000025,00.000078]
02a_intensity_preprocess	    597	01.504463	(00.002520 +- 00.000449)	[00.000801,00.007316]
03_undistortion         	    595	00.418108	(00.000703 +- 00.000181)	[00.000138,00.008355]
04_sampling             	    594	00.263135	(00.000443 +- 00.000179)	[00.000057,00.002759]
04b_intensity_sampling  	    594	00.392857	(00.000661 +- 00.000139)	[00.000110,00.003066]
05_registration         	    594	01.918265	(00.003229 +- 00.000781)	[00.000691,00.013137]
06_map                  	    594	00.432492	(00.000728 +- 00.000135)	[00.000094,00.002346]
07_imu_opt              	    594	00.788354	(00.001327 +- 00.000179)	[00.000002,00.004487]
08_publish              	    594	05.207047	(00.008766 +- 00.002516)	[00.000508,00.028945]
step                    	    597	11.166725	(00.018705 +- 00.003973)	[00.003846,00.057703]

INFO  Timings:
SM Timing
-----------
00_conversion_livox     	    599	06.762493	(00.011290 +- 00.001254)	[00.008750,00.027519]
01_filter               	    598	00.161931	(00.000271 +- 00.000038)	[00.000113,00.002554]
02_preint               	    596	00.021200	(00.000036 +- 00.000005)	[00.000025,00.000078]
02a_intensity_preprocess	    598	01.507693	(00.002521 +- 00.000453)	[00.000801,00.007316]
03_undistortion         	    596	00.418949	(00.000703 +- 00.000179)	[00.000138,00.008355]
04_sampling             	    595	00.263656	(00.000443 +- 00.000179)	[00.000057,00.002759]
04b_intensity_sampling  	    595	00.393682	(00.000662 +- 00.000138)	[00.000110,00.003066]
05_registration         	    595	01.921889	(00.003230 +- 00.000777)	[00.000691,00.013137]
06_map                  	    595	00.433442	(00.000728 +- 00.000137)	[00.000094,00.002346]
07_imu_opt              	    595	00.789730	(00.001327 +- 00.000177)	[00.000002,00.004487]
08_publish              	    595	05.219229	(00.008772 +- 00.002520)	[00.000508,00.028945]
step                    	    598	11.190669	(00.018713 +- 00.003978)	[00.003846,00.057703]

INFO  Timings:
SM Timing
-----------
00_conversion_livox     	    600	06.774152	(00.011290 +- 00.001246)	[00.008750,00.027519]
01_filter               	    599	00.162191	(00.000271 +- 00.000038)	[00.000113,00.002554]
02_preint               	    597	00.021236	(00.000036 +- 00.000005)	[00.000025,00.000078]
02a_intensity_preprocess	    599	01.510761	(00.002522 +- 00.000455)	[00.000801,00.007316]
03_undistortion         	    597	00.419848	(00.000703 +- 00.000179)	[00.000138,00.008355]
04_sampling             	    596	00.264352	(00.000444 +- 00.000180)	[00.000057,00.002759]
04b_intensity_sampling  	    596	00.394404	(00.000662 +- 00.000138)	[00.000110,00.003066]
05_registration         	    596	01.925922	(00.003231 +- 00.000761)	[00.000691,00.013137]
06_map                  	    596	00.434190	(00.000729 +- 00.000137)	[00.000094,00.002346]
07_imu_opt              	    596	00.791063	(00.001327 +- 00.000172)	[00.000002,00.004487]
08_publish              	    596	05.230815	(00.008777 +- 00.002518)	[00.000508,00.028945]
step                    	    599	11.214167	(00.018721 +- 00.003993)	[00.003846,00.057703]

INFO  Timings:
SM Timing
-----------
00_conversion_livox     	    601	06.785469	(00.011290 +- 00.001226)	[00.008750,00.027519]
01_filter               	    600	00.162436	(00.000271 +- 00.000038)	[00.000113,00.002554]
02_preint               	    598	00.021273	(00.000036 +- 00.000005)	[00.000025,00.000078]
02a_intensity_preprocess	    600	01.513675	(00.002523 +- 00.000455)	[00.000801,00.007316]
03_undistortion         	    598	00.420691	(00.000703 +- 00.000179)	[00.000138,00.008355]
04_sampling             	    597	00.264894	(00.000444 +- 00.000180)	[00.000057,00.002759]
04b_intensity_sampling  	    597	00.395181	(00.000662 +- 00.000138)	[00.000110,00.003066]
05_registration         	    597	01.928770	(00.003231 +- 00.000764)	[00.000691,00.013137]
06_map                  	    597	00.434973	(00.000729 +- 00.000135)	[00.000094,00.002346]
07_imu_opt              	    597	00.792289	(00.001327 +- 00.000168)	[00.000002,00.004487]
08_publish              	    597	05.241471	(00.008780 +- 00.002512)	[00.000508,00.028945]
step                    	    600	11.235110	(00.018725 +- 00.003989)	[00.003846,00.057703]

INFO  Timings:
SM Timing
-----------
00_conversion_livox     	    602	06.796268	(00.011289 +- 00.001215)	[00.008750,00.027519]
01_filter               	    601	00.162683	(00.000271 +- 00.000033)	[00.000113,00.002554]
02_preint               	    599	00.021309	(00.000036 +- 00.000005)	[00.000025,00.000078]
02a_intensity_preprocess	    601	01.516332	(00.002523 +- 00.000455)	[00.000801,00.007316]
03_undistortion         	    599	00.421562	(00.000704 +- 00.000178)	[00.000138,00.008355]
04_sampling             	    598	00.265439	(00.000444 +- 00.000180)	[00.000057,00.002759]
04b_intensity_sampling  	    598	00.395809	(00.000662 +- 00.000139)	[00.000110,00.003066]
05_registration         	    598	01.931661	(00.003230 +- 00.000759)	[00.000691,00.013137]
06_map                  	    598	00.435641	(00.000728 +- 00.000136)	[00.000094,00.002346]
07_imu_opt              	    598	00.793449	(00.001327 +- 00.000165)	[00.000002,00.004487]
08_publish              	    598	05.251267	(00.008781 +- 00.002509)	[00.000508,00.028945]
step                    	    601	11.254680	(00.018727 +- 00.003994)	[00.003846,00.057703]

INFO  Timings:
SM Timing
-----------
00_conversion_livox     	    603	06.807026	(00.011289 +- 00.001191)	[00.008750,00.027519]
01_filter               	    602	00.162906	(00.000271 +- 00.000033)	[00.000113,00.002554]
02_preint               	    600	00.021345	(00.000036 +- 00.000005)	[00.000025,00.000078]
02a_intensity_preprocess	    602	01.518874	(00.002523 +- 00.000456)	[00.000801,00.007316]
03_undistortion         	    600	00.422507	(00.000704 +- 00.000178)	[00.000138,00.008355]
04_sampling             	    599	00.265981	(00.000444 +- 00.000180)	[00.000057,00.002759]
04b_intensity_sampling  	    599	00.396448	(00.000662 +- 00.000140)	[00.000110,00.003066]
05_registration         	    599	01.933947	(00.003229 +- 00.000771)	[00.000691,00.013137]
06_map                  	    599	00.436395	(00.000729 +- 00.000134)	[00.000094,00.002346]
07_imu_opt              	    599	00.795411	(00.001328 +- 00.000188)	[00.000002,00.004487]
08_publish              	    599	05.260513	(00.008782 +- 00.002511)	[00.000508,00.028945]
step                    	    602	11.273927	(00.018727 +- 00.004000)	[00.003846,00.057703]

INFO  Timings:
SM Timing
-----------
00_conversion_livox     	    604	06.818435	(00.011289 +- 00.001172)	[00.008750,00.027519]
01_filter               	    603	00.163173	(00.000271 +- 00.000033)	[00.000113,00.002554]
02_preint               	    601	00.021377	(00.000036 +- 00.000004)	[00.000025,00.000078]
02a_intensity_preprocess	    603	01.521308	(00.002523 +- 00.000457)	[00.000801,00.007316]
03_undistortion         	    601	00.423235	(00.000704 +- 00.000176)	[00.000138,00.008355]
04_sampling             	    600	00.266656	(00.000444 +- 00.000180)	[00.000057,00.002759]
04b_intensity_sampling  	    600	00.397222	(00.000662 +- 00.000140)	[00.000110,00.003066]
05_registration         	    600	01.938275	(00.003230 +- 00.000780)	[00.000691,00.013137]
06_map                  	    600	00.437112	(00.000729 +- 00.000133)	[00.000094,00.002346]
07_imu_opt              	    600	00.796932	(00.001328 +- 00.000188)	[00.000002,00.004487]
08_publish              	    600	05.269530	(00.008783 +- 00.002512)	[00.000508,00.028945]
step                    	    603	11.294511	(00.018731 +- 00.003990)	[00.003846,00.057703]

INFO  Timings:
SM Timing
-----------
00_conversion_livox     	    605	06.829229	(00.011288 +- 00.001129)	[00.008750,00.027519]
01_filter               	    604	00.163394	(00.000271 +- 00.000034)	[00.000113,00.002554]
02_preint               	    602	00.021414	(00.000036 +- 00.000003)	[00.000025,00.000078]
02a_intensity_preprocess	    604	01.523759	(00.002523 +- 00.000459)	[00.000801,00.007316]
03_undistortion         	    602	00.423904	(00.000704 +- 00.000175)	[00.000138,00.008355]
04_sampling             	    601	00.267098	(00.000444 +- 00.000180)	[00.000057,00.002759]
04b_intensity_sampling  	    601	00.397832	(00.000662 +- 00.000141)	[00.000110,00.003066]
05_registration         	    601	01.940807	(00.003229 +- 00.000784)	[00.000691,00.013137]
06_map                  	    601	00.437837	(00.000729 +- 00.000133)	[00.000094,00.002346]
07_imu_opt              	    601	00.798758	(00.001329 +- 00.000201)	[00.000002,00.004487]
08_publish              	    601	05.278269	(00.008782 +- 00.002510)	[00.000508,00.028945]
step                    	    604	11.312840	(00.018730 +- 00.003990)	[00.003846,00.057703]

INFO  Timings:
SM Timing
-----------
00_conversion_livox     	    606	06.839939	(00.011287 +- 00.001109)	[00.008750,00.027519]
01_filter               	    605	00.163663	(00.000271 +- 00.000033)	[00.000113,00.002554]
02_preint               	    603	00.021452	(00.000036 +- 00.000003)	[00.000025,00.000078]
02a_intensity_preprocess	    605	01.526205	(00.002523 +- 00.000458)	[00.000801,00.007316]
03_undistortion         	    603	00.424714	(00.000704 +- 00.000174)	[00.000138,00.008355]
04_sampling             	    602	00.267603	(00.000445 +- 00.000180)	[00.000057,00.002759]
04b_intensity_sampling  	    602	00.398636	(00.000662 +- 00.000140)	[00.000110,00.003066]
05_registration         	    602	01.944149	(00.003229 +- 00.000784)	[00.000691,00.013137]
06_map                  	    602	00.438591	(00.000729 +- 00.000132)	[00.000094,00.002346]
07_imu_opt              	    602	00.800281	(00.001329 +- 00.000201)	[00.000002,00.004487]
08_publish              	    602	05.287241	(00.008783 +- 00.002486)	[00.000508,00.028945]
step                    	    605	11.332383	(00.018731 +- 00.003969)	[00.003846,00.057703]

INFO  Timings:
SM Timing
-----------
00_conversion_livox     	    607	06.850855	(00.011286 +- 00.001100)	[00.008750,00.027519]
01_filter               	    606	00.163908	(00.000270 +- 00.000033)	[00.000113,00.002554]
02_preint               	    604	00.021490	(00.000036 +- 00.000003)	[00.000025,00.000078]
02a_intensity_preprocess	    606	01.528706	(00.002523 +- 00.000452)	[00.000801,00.007316]
03_undistortion         	    604	00.425499	(00.000704 +- 00.000171)	[00.000138,00.008355]
04_sampling             	    603	00.268072	(00.000445 +- 00.000180)	[00.000057,00.002759]
04b_intensity_sampling  	    603	00.399374	(00.000662 +- 00.000139)	[00.000110,00.003066]
05_registration         	    603	01.946476	(00.003228 +- 00.000794)	[00.000691,00.013137]
06_map                  	    603	00.439294	(00.000729 +- 00.000128)	[00.000094,00.002346]
07_imu_opt              	    603	00.801790	(00.001330 +- 00.000204)	[00.000002,00.004487]
08_publish              	    603	05.296246	(00.008783 +- 00.002437)	[00.000508,00.028945]
step                    	    606	11.350776	(00.018731 +- 00.003912)	[00.003846,00.057703]

INFO  Timings:
SM Timing
-----------
00_conversion_livox     	    608	06.862214	(00.011287 +- 00.001098)	[00.008750,00.027519]
01_filter               	    607	00.164173	(00.000270 +- 00.000032)	[00.000113,00.002554]
02_preint               	    605	00.021523	(00.000036 +- 00.000003)	[00.000025,00.000078]
02a_intensity_preprocess	    607	01.531221	(00.002523 +- 00.000441)	[00.000801,00.007316]
03_undistortion         	    605	00.426327	(00.000705 +- 00.000169)	[00.000138,00.008355]
04_sampling             	    604	00.268536	(00.000445 +- 00.000179)	[00.000057,00.002759]
04b_intensity_sampling  	    604	00.400201	(00.000663 +- 00.000133)	[00.000110,00.003066]
05_registration         	    604	01.948642	(00.003226 +- 00.000792)	[00.000691,00.013137]
06_map                  	    604	00.440029	(00.000729 +- 00.000127)	[00.000094,00.002346]
07_imu_opt              	    604	00.803324	(00.001330 +- 00.000206)	[00.000002,00.004487]
08_publish              	    604	05.305271	(00.008784 +- 00.002368)	[00.000508,00.028945]
step                    	    607	11.369245	(00.018730 +- 00.003802)	[00.003846,00.057703]

INFO  Timings:
SM Timing
-----------
00_conversion_livox     	    609	06.873372	(00.011286 +- 00.001097)	[00.008750,00.027519]
01_filter               	    608	00.164416	(00.000270 +- 00.000032)	[00.000113,00.002554]
02_preint               	    606	00.021562	(00.000036 +- 00.000003)	[00.000025,00.000078]
02a_intensity_preprocess	    608	01.533875	(00.002523 +- 00.000426)	[00.000801,00.007316]
03_undistortion         	    606	00.427186	(00.000705 +- 00.000165)	[00.000138,00.008355]
04_sampling             	    605	00.269068	(00.000445 +- 00.000178)	[00.000057,00.002759]
04b_intensity_sampling  	    605	00.400945	(00.000663 +- 00.000128)	[00.000110,00.003066]
05_registration         	    605	01.951600	(00.003226 +- 00.000792)	[00.000691,00.013137]
06_map                  	    605	00.440808	(00.000729 +- 00.000124)	[00.000094,00.002346]
07_imu_opt              	    605	00.804931	(00.001330 +- 00.000210)	[00.000002,00.004487]
08_publish              	    605	05.314550	(00.008784 +- 00.002277)	[00.000508,00.028945]
step                    	    608	11.389015	(00.018732 +- 00.003682)	[00.003846,00.057703]

INFO  Timings:
SM Timing
-----------
00_conversion_livox     	    610	06.883954	(00.011285 +- 00.001100)	[00.008750,00.027519]
01_filter               	    609	00.164655	(00.000270 +- 00.000032)	[00.000113,00.002554]
02_preint               	    607	00.021598	(00.000036 +- 00.000003)	[00.000025,00.000078]
02a_intensity_preprocess	    609	01.536436	(00.002523 +- 00.000405)	[00.000801,00.007316]
03_undistortion         	    607	00.427958	(00.000705 +- 00.000154)	[00.000138,00.008355]
04_sampling             	    606	00.269495	(00.000445 +- 00.000176)	[00.000057,00.002759]
04b_intensity_sampling  	    606	00.401662	(00.000663 +- 00.000124)	[00.000110,00.003066]
05_registration         	    606	01.953850	(00.003224 +- 00.000786)	[00.000691,00.013137]
06_map                  	    606	00.441612	(00.000729 +- 00.000115)	[00.000094,00.002346]
07_imu_opt              	    606	00.806233	(00.001330 +- 00.000209)	[00.000002,00.004487]
08_publish              	    606	05.323915	(00.008785 +- 00.002150)	[00.000508,00.028945]
step                    	    609	11.407552	(00.018732 +- 00.003480)	[00.003846,00.057703]

INFO  Timings:
SM Timing
-----------
00_conversion_livox     	    611	06.894401	(00.011284 +- 00.001105)	[00.008750,00.027519]
01_filter               	    610	00.164883	(00.000270 +- 00.000032)	[00.000113,00.002554]
02_preint               	    608	00.021637	(00.000036 +- 00.000003)	[00.000025,00.000078]
02a_intensity_preprocess	    610	01.539031	(00.002523 +- 00.000381)	[00.000801,00.007316]
03_undistortion         	    608	00.428745	(00.000705 +- 00.000139)	[00.000138,00.008355]
04_sampling             	    607	00.269937	(00.000445 +- 00.000175)	[00.000057,00.002759]
04b_intensity_sampling  	    607	00.402410	(00.000663 +- 00.000115)	[00.000110,00.003066]
05_registration         	    607	01.956480	(00.003223 +- 00.000774)	[00.000691,00.013137]
06_map                  	    607	00.442442	(00.000729 +- 00.000111)	[00.000094,00.002346]
07_imu_opt              	    607	00.807688	(00.001331 +- 00.000210)	[00.000002,00.004487]
08_publish              	    607	05.333304	(00.008786 +- 00.001993)	[00.000508,00.028945]
step                    	    610	11.426766	(00.018732 +- 00.003239)	[00.003846,00.057703]

INFO  Timings:
SM Timing
-----------
00_conversion_livox     	    612	06.905368	(00.011283 +- 00.001106)	[00.008750,00.027519]
01_filter               	    611	00.165122	(00.000270 +- 00.000031)	[00.000113,00.002554]
02_preint               	    609	00.021676	(00.000036 +- 00.000003)	[00.000025,00.000078]
02a_intensity_preprocess	    611	01.541634	(00.002523 +- 00.000356)	[00.000801,00.007316]
03_undistortion         	    609	00.429543	(00.000705 +- 00.000127)	[00.000138,00.008355]
04_sampling             	    608	00.270389	(00.000445 +- 00.000173)	[00.000057,00.002759]
04b_intensity_sampling  	    608	00.403183	(00.000663 +- 00.000104)	[00.000110,00.003066]
05_registration         	    608	01.959600	(00.003223 +- 00.000754)	[00.000691,00.013137]
06_map                  	    608	00.443213	(00.000729 +- 00.000102)	[00.000094,00.002346]
07_imu_opt              	    608	00.809090	(00.001331 +- 00.000210)	[00.000002,00.004487]
08_publish              	    608	05.342523	(00.008787 +- 00.001845)	[00.000508,00.028945]
step                    	    611	11.446264	(00.018734 +- 00.002976)	[00.003846,00.057703]

INFO  Timings:
SM Timing
-----------
00_conversion_livox     	    613	06.915965	(00.011282 +- 00.001109)	[00.008750,00.027519]
01_filter               	    612	00.165342	(00.000270 +- 00.000031)	[00.000113,00.002554]
02_preint               	    610	00.021713	(00.000036 +- 00.000003)	[00.000025,00.000078]
02a_intensity_preprocess	    612	01.544185	(00.002523 +- 00.000340)	[00.000801,00.007316]
03_undistortion         	    610	00.430348	(00.000705 +- 00.000119)	[00.000138,00.008355]
04_sampling             	    609	00.270845	(00.000445 +- 00.000173)	[00.000057,00.002759]
04b_intensity_sampling  	    609	00.403892	(00.000663 +- 00.000103)	[00.000110,00.003066]
05_registration         	    609	01.962596	(00.003223 +- 00.000749)	[00.000691,00.013137]
06_map                  	    609	00.443980	(00.000729 +- 00.000097)	[00.000094,00.002346]
07_imu_opt              	    609	00.810664	(00.001331 +- 00.000212)	[00.000002,00.004487]
08_publish              	    609	05.352046	(00.008788 +- 00.001741)	[00.000508,00.028945]
step                    	    612	11.465975	(00.018735 +- 00.002824)	[00.003846,00.057703]

INFO  Timings:
SM Timing
-----------
00_conversion_livox     	    614	06.927391	(00.011282 +- 00.001107)	[00.008750,00.027519]
01_filter               	    613	00.165595	(00.000270 +- 00.000031)	[00.000113,00.002554]
02_preint               	    611	00.021756	(00.000036 +- 00.000004)	[00.000025,00.000078]
02a_intensity_preprocess	    613	01.546766	(00.002523 +- 00.000327)	[00.000801,00.007316]
03_undistortion         	    611	00.431047	(00.000705 +- 00.000115)	[00.000138,00.008355]
04_sampling             	    610	00.271345	(00.000445 +- 00.000172)	[00.000057,00.002759]
04b_intensity_sampling  	    610	00.404585	(00.000663 +- 00.000101)	[00.000110,00.003066]
05_registration         	    610	01.965609	(00.003222 +- 00.000747)	[00.000691,00.013137]
06_map                  	    610	00.444781	(00.000729 +- 00.000094)	[00.000094,00.002346]
07_imu_opt              	    610	00.812184	(00.001331 +- 00.000213)	[00.000002,00.004487]
08_publish              	    610	05.361484	(00.008789 +- 00.001691)	[00.000508,00.028945]
step                    	    613	11.485583	(00.018737 +- 00.002741)	[00.003846,00.057703]

INFO  Timings:
SM Timing
-----------
00_conversion_livox     	    615	06.939083	(00.011283 +- 00.001109)	[00.008750,00.027519]
01_filter               	    614	00.165849	(00.000270 +- 00.000031)	[00.000113,00.002554]
02_preint               	    612	00.021795	(00.000036 +- 00.000003)	[00.000025,00.000078]
02a_intensity_preprocess	    614	01.549293	(00.002523 +- 00.000324)	[00.000801,00.007316]
03_undistortion         	    612	00.431808	(00.000706 +- 00.000110)	[00.000138,00.008355]
04_sampling             	    611	00.271751	(00.000445 +- 00.000171)	[00.000057,00.002759]
04b_intensity_sampling  	    611	00.405295	(00.000663 +- 00.000099)	[00.000110,00.003066]
05_registration         	    611	01.968543	(00.003222 +- 00.000736)	[00.000691,00.013137]
06_map                  	    611	00.445499	(00.000729 +- 00.000095)	[00.000094,00.002346]
07_imu_opt              	    611	00.813642	(00.001332 +- 00.000212)	[00.000002,00.004487]
08_publish              	    611	05.370332	(00.008789 +- 00.001695)	[00.000508,00.028945]
step                    	    614	11.504316	(00.018737 +- 00.002711)	[00.003846,00.057703]

INFO  Timings:
SM Timing
-----------
00_conversion_livox     	    616	06.950038	(00.011283 +- 00.001109)	[00.008750,00.027519]
01_filter               	    615	00.166092	(00.000270 +- 00.000031)	[00.000113,00.002554]
02_preint               	    613	00.021829	(00.000036 +- 00.000003)	[00.000025,00.000078]
02a_intensity_preprocess	    615	01.551727	(00.002523 +- 00.000327)	[00.000801,00.007316]
03_undistortion         	    613	00.432631	(00.000706 +- 00.000109)	[00.000138,00.008355]
04_sampling             	    612	00.272145	(00.000445 +- 00.000173)	[00.000057,00.002759]
04b_intensity_sampling  	    612	00.406025	(00.000663 +- 00.000092)	[00.000110,00.003066]
05_registration         	    612	01.970516	(00.003220 +- 00.000759)	[00.000691,00.013137]
06_map                  	    612	00.446297	(00.000729 +- 00.000095)	[00.000094,00.002346]
07_imu_opt              	    612	00.815088	(00.001332 +- 00.000211)	[00.000002,00.004487]
08_publish              	    612	05.379110	(00.008789 +- 00.001710)	[00.000508,00.028945]
step                    	    615	11.522060	(00.018735 +- 00.002761)	[00.003846,00.057703]

INFO  Timings:
SM Timing
-----------
00_conversion_livox     	    617	06.960888	(00.011282 +- 00.001110)	[00.008750,00.027519]
01_filter               	    616	00.166311	(00.000270 +- 00.000031)	[00.000113,00.002554]
02_preint               	    614	00.021869	(00.000036 +- 00.000003)	[00.000025,00.000078]
02a_intensity_preprocess	    616	01.554274	(00.002523 +- 00.000327)	[00.000801,00.007316]
03_undistortion         	    614	00.433449	(00.000706 +- 00.000109)	[00.000138,00.008355]
04_sampling             	    613	00.272586	(00.000445 +- 00.000173)	[00.000057,00.002759]
04b_intensity_sampling  	    613	00.406804	(00.000664 +- 00.000092)	[00.000110,00.003066]
05_registration         	    613	01.973527	(00.003219 +- 00.000752)	[00.000691,00.013137]
06_map                  	    613	00.447206	(00.000730 +- 00.000095)	[00.000094,00.002346]
07_imu_opt              	    613	00.816349	(00.001332 +- 00.000209)	[00.000002,00.004487]
08_publish              	    613	05.388485	(00.008790 +- 00.001711)	[00.000508,00.028945]
step                    	    616	11.541531	(00.018736 +- 00.002750)	[00.003846,00.057703]

INFO  Timings:
SM Timing
-----------
00_conversion_livox     	    618	06.971903	(00.011281 +- 00.001102)	[00.008750,00.027519]
01_filter               	    617	00.166549	(00.000270 +- 00.000031)	[00.000113,00.002554]
02_preint               	    615	00.021903	(00.000036 +- 00.000003)	[00.000025,00.000078]
02a_intensity_preprocess	    617	01.556796	(00.002523 +- 00.000327)	[00.000801,00.007316]
03_undistortion         	    615	00.434204	(00.000706 +- 00.000110)	[00.000138,00.008355]
04_sampling             	    614	00.272999	(00.000445 +- 00.000174)	[00.000057,00.002759]
04b_intensity_sampling  	    614	00.407444	(00.000664 +- 00.000094)	[00.000110,00.003066]
05_registration         	    614	01.976205	(00.003219 +- 00.000730)	[00.000691,00.013137]
06_map                  	    614	00.448166	(00.000730 +- 00.000096)	[00.000094,00.002346]
07_imu_opt              	    614	00.817682	(00.001332 +- 00.000207)	[00.000002,00.004487]
08_publish              	    614	05.398166	(00.008792 +- 00.001711)	[00.000508,00.028945]
step                    	    617	11.560861	(00.018737 +- 00.002772)	[00.003846,00.057703]

INFO  Timings:
SM Timing
-----------
00_conversion_livox     	    619	06.982642	(00.011281 +- 00.001098)	[00.008750,00.027519]
01_filter               	    618	00.166796	(00.000270 +- 00.000031)	[00.000113,00.002554]
02_preint               	    616	00.021939	(00.000036 +- 00.000003)	[00.000025,00.000078]
02a_intensity_preprocess	    618	01.559434	(00.002523 +- 00.000326)	[00.000801,00.007316]
03_undistortion         	    616	00.434980	(00.000706 +- 00.000110)	[00.000138,00.008355]
04_sampling             	    615	00.273503	(00.000445 +- 00.000173)	[00.000057,00.002759]
04b_intensity_sampling  	    615	00.408215	(00.000664 +- 00.000094)	[00.000110,00.003066]
05_registration         	    615	01.978546	(00.003217 +- 00.000741)	[00.000691,00.013137]
06_map                  	    615	00.448921	(00.000730 +- 00.000095)	[00.000094,00.002346]
07_imu_opt              	    615	00.818941	(00.001332 +- 00.000206)	[00.000002,00.004487]
08_publish              	    615	05.408144	(00.008794 +- 00.001713)	[00.000508,00.028945]
step                    	    618	11.580221	(00.018738 +- 00.002786)	[00.003846,00.057703]

INFO  Timings:
SM Timing
-----------
00_conversion_livox     	    620	06.993590	(00.011280 +- 00.001098)	[00.008750,00.027519]
01_filter               	    619	00.167046	(00.000270 +- 00.000030)	[00.000113,00.002554]
02_preint               	    617	00.021972	(00.000036 +- 00.000003)	[00.000025,00.000078]
02a_intensity_preprocess	    619	01.562121	(00.002524 +- 00.000326)	[00.000801,00.007316]
03_undistortion         	    617	00.436023	(00.000707 +- 00.000112)	[00.000138,00.008355]
04_sampling             	    616	00.274034	(00.000445 +- 00.000172)	[00.000057,00.002759]
04b_intensity_sampling  	    616	00.409060	(00.000664 +- 00.000095)	[00.000110,00.003066]
05_registration         	    616	01.981019	(00.003216 +- 00.000746)	[00.000691,00.013137]
06_map                  	    616	00.449752	(00.000730 +- 00.000095)	[00.000094,00.002346]
07_imu_opt              	    616	00.820211	(00.001332 +- 00.000205)	[00.000002,00.004487]
08_publish              	    616	05.418361	(00.008796 +- 00.001712)	[00.000508,00.028945]
step                    	    619	11.600481	(00.018741 +- 00.002780)	[00.003846,00.057703]

INFO  Timings:
SM Timing
-----------
00_conversion_livox     	    621	07.004529	(00.011279 +- 00.001091)	[00.008750,00.027519]
01_filter               	    620	00.167274	(00.000270 +- 00.000030)	[00.000113,00.002554]
02_preint               	    618	00.022011	(00.000036 +- 00.000003)	[00.000025,00.000078]
02a_intensity_preprocess	    620	01.564833	(00.002524 +- 00.000325)	[00.000801,00.007316]
03_undistortion         	    618	00.437085	(00.000707 +- 00.000116)	[00.000138,00.008355]
04_sampling             	    617	00.274489	(00.000445 +- 00.000173)	[00.000057,00.002759]
04b_intensity_sampling  	    617	00.409806	(00.000664 +- 00.000095)	[00.000110,00.003066]
05_registration         	    617	01.983321	(00.003214 +- 00.000755)	[00.000691,00.013137]
06_map                  	    617	00.450540	(00.000730 +- 00.000095)	[00.000094,00.002346]
07_imu_opt              	    617	00.821468	(00.001331 +- 00.000205)	[00.000002,00.004487]
08_publish              	    617	05.428768	(00.008799 +- 00.001714)	[00.000508,00.028945]
step                    	    620	11.620623	(00.018743 +- 00.002787)	[00.003846,00.057703]

INFO  Timings:
SM Timing
-----------
00_conversion_livox     	    622	07.015542	(00.011279 +- 00.001076)	[00.008750,00.027519]
01_filter               	    621	00.167505	(00.000270 +- 00.000031)	[00.000113,00.002554]
02_preint               	    619	00.022050	(00.000036 +- 00.000003)	[00.000025,00.000078]
02a_intensity_preprocess	    621	01.567570	(00.002524 +- 00.000326)	[00.000801,00.007316]
03_undistortion         	    619	00.437938	(00.000707 +- 00.000115)	[00.000138,00.008355]
04_sampling             	    618	00.274950	(00.000445 +- 00.000173)	[00.000057,00.002759]
04b_intensity_sampling  	    618	00.410567	(00.000664 +- 00.000094)	[00.000110,00.003066]
05_registration         	    618	01.987365	(00.003216 +- 00.000762)	[00.000691,00.013137]
06_map                  	    618	00.451551	(00.000731 +- 00.000098)	[00.000094,00.002346]
07_imu_opt              	    618	00.822735	(00.001331 +- 00.000205)	[00.000002,00.004487]
08_publish              	    618	05.439550	(00.008802 +- 00.001714)	[00.000508,00.028945]
step                    	    621	11.642995	(00.018749 +- 00.002787)	[00.003846,00.057703]

INFO  Timings:
SM Timing
-----------
00_conversion_livox     	    623	07.026662	(00.011279 +- 00.001070)	[00.008750,00.027519]
01_filter               	    622	00.167746	(00.000270 +- 00.000030)	[00.000113,00.002554]
02_preint               	    620	00.022091	(00.000036 +- 00.000003)	[00.000025,00.000078]
02a_intensity_preprocess	    622	01.570358	(00.002525 +- 00.000326)	[00.000801,00.007316]
03_undistortion         	    620	00.438745	(00.000708 +- 00.000115)	[00.000138,00.008355]
04_sampling             	    619	00.275492	(00.000445 +- 00.000173)	[00.000057,00.002759]
04b_intensity_sampling  	    619	00.411234	(00.000664 +- 00.000095)	[00.000110,00.003066]
05_registration         	    619	01.991392	(00.003217 +- 00.000676)	[00.000691,00.013137]
06_map                  	    619	00.452295	(00.000731 +- 00.000098)	[00.000094,00.002346]
07_imu_opt              	    619	00.824032	(00.001331 +- 00.000204)	[00.000002,00.004487]
08_publish              	    619	05.450611	(00.008806 +- 00.001713)	[00.000508,00.028945]
step                    	    622	11.665266	(00.018754 +- 00.002760)	[00.003846,00.057703]

INFO  Timings:
SM Timing
-----------
00_conversion_livox     	    624	07.037813	(00.011279 +- 00.001057)	[00.008750,00.027519]
01_filter               	    623	00.167981	(00.000270 +- 00.000030)	[00.000113,00.002554]
02_preint               	    621	00.022131	(00.000036 +- 00.000003)	[00.000025,00.000078]
02a_intensity_preprocess	    623	01.573192	(00.002525 +- 00.000325)	[00.000801,00.007316]
03_undistortion         	    621	00.439572	(00.000708 +- 00.000101)	[00.000138,00.008355]
04_sampling             	    620	00.276112	(00.000445 +- 00.000173)	[00.000057,00.002759]
04b_intensity_sampling  	    620	00.412007	(00.000665 +- 00.000095)	[00.000110,00.003066]
05_registration         	    620	01.993949	(00.003216 +- 00.000682)	[00.000691,00.013137]
06_map                  	    620	00.453235	(00.000731 +- 00.000099)	[00.000094,00.002346]
07_imu_opt              	    620	00.825306	(00.001331 +- 00.000202)	[00.000002,00.004487]
08_publish              	    620	05.461667	(00.008809 +- 00.001706)	[00.000508,00.028945]
step                    	    623	11.686500	(00.018758 +- 00.002753)	[00.003846,00.057703]

INFO  Timings:
SM Timing
-----------
00_conversion_livox     	    625	07.048754	(00.011278 +- 00.001055)	[00.008750,00.027519]
01_filter               	    624	00.168247	(00.000270 +- 00.000029)	[00.000113,00.002554]
02_preint               	    622	00.022165	(00.000036 +- 00.000003)	[00.000025,00.000078]
02a_intensity_preprocess	    624	01.576045	(00.002526 +- 00.000324)	[00.000801,00.007316]
03_undistortion         	    622	00.440558	(00.000708 +- 00.000101)	[00.000138,00.008355]
04_sampling             	    621	00.276637	(00.000445 +- 00.000173)	[00.000057,00.002759]
04b_intensity_sampling  	    621	00.412737	(00.000665 +- 00.000095)	[00.000110,00.003066]
05_registration         	    621	01.998118	(00.003218 +- 00.000696)	[00.000691,00.013137]
06_map                  	    621	00.454060	(00.000731 +- 00.000096)	[00.000094,00.002346]
07_imu_opt              	    621	00.826886	(00.001332 +- 00.000204)	[00.000002,00.004487]
08_publish              	    621	05.472489	(00.008812 +- 00.001693)	[00.000508,00.028945]
step                    	    624	11.709364	(00.018765 +- 00.002743)	[00.003846,00.057703]

INFO  Timings:
SM Timing
-----------
00_conversion_livox     	    626	07.059670	(00.011277 +- 00.001053)	[00.008750,00.027519]
01_filter               	    625	00.168524	(00.000270 +- 00.000029)	[00.000113,00.002554]
02_preint               	    623	00.022203	(00.000036 +- 00.000003)	[00.000025,00.000078]
02a_intensity_preprocess	    625	01.578795	(00.002526 +- 00.000322)	[00.000801,00.007316]
03_undistortion         	    623	00.441393	(00.000708 +- 00.000096)	[00.000138,00.008355]
04_sampling             	    622	00.277112	(00.000446 +- 00.000173)	[00.000057,00.002759]
04b_intensity_sampling  	    622	00.413360	(00.000665 +- 00.000096)	[00.000110,00.003066]
05_registration         	    622	02.001626	(00.003218 +- 00.000697)	[00.000691,00.013137]
06_map                  	    622	00.454778	(00.000731 +- 00.000098)	[00.000094,00.002346]
07_imu_opt              	    622	00.828159	(00.001331 +- 00.000203)	[00.000002,00.004487]
08_publish              	    622	05.483135	(00.008815 +- 00.001674)	[00.000508,00.028945]
step                    	    625	11.730588	(00.018769 +- 00.002720)	[00.003846,00.057703]

INFO  Timings:
SM Timing
-----------
00_conversion_livox     	    627	07.070595	(00.011277 +- 00.001053)	[00.008750,00.027519]
01_filter               	    626	00.168778	(00.000270 +- 00.000029)	[00.000113,00.002554]
02_preint               	    624	00.022243	(00.000036 +- 00.000003)	[00.000025,00.000078]
02a_intensity_preprocess	    626	01.581444	(00.002526 +- 00.000320)	[00.000801,00.007316]
03_undistortion         	    624	00.442533	(00.000709 +- 00.000101)	[00.000138,00.008355]
04_sampling             	    623	00.277626	(00.000446 +- 00.000171)	[00.000057,00.002759]
04b_intensity_sampling  	    623	00.414089	(00.000665 +- 00.000096)	[00.000110,00.003066]
05_registration         	    623	02.004464	(00.003217 +- 00.000698)	[00.000691,00.013137]
06_map                  	    623	00.455780	(00.000732 +- 00.000100)	[00.000094,00.002346]
07_imu_opt              	    623	00.829762	(00.001332 +- 00.000206)	[00.000002,00.004487]
08_publish              	    623	05.493225	(00.008817 +- 00.001660)	[00.000508,00.028945]
step                    	    626	11.751522	(00.018772 +- 00.002698)	[00.003846,00.057703]

INFO  Timings:
SM Timing
-----------
00_conversion_livox     	    628	07.081492	(00.011276 +- 00.001044)	[00.008750,00.027519]
01_filter               	    627	00.169013	(00.000270 +- 00.000029)	[00.000113,00.002554]
02_preint               	    625	00.022279	(00.000036 +- 00.000003)	[00.000025,00.000078]
02a_intensity_preprocess	    627	01.584056	(00.002526 +- 00.000317)	[00.000801,00.007316]
03_undistortion         	    625	00.443381	(00.000709 +- 00.000096)	[00.000138,00.008355]
04_sampling             	    624	00.278071	(00.000446 +- 00.000172)	[00.000057,00.002759]
04b_intensity_sampling  	    624	00.414808	(00.000665 +- 00.000096)	[00.000110,00.003066]
05_registration         	    624	02.007535	(00.003217 +- 00.000685)	[00.000691,00.013137]
06_map                  	    624	00.456481	(00.000732 +- 00.000102)	[00.000094,00.002346]
07_imu_opt              	    624	00.831040	(00.001332 +- 00.000205)	[00.000002,00.004487]
08_publish              	    624	05.502553	(00.008818 +- 00.001646)	[00.000508,00.028945]
step                    	    627	11.770889	(00.018773 +- 00.002668)	[00.003846,00.057703]

INFO  Timings:
SM Timing
-----------
00_conversion_livox     	    629	07.092173	(00.011275 +- 00.001048)	[00.008750,00.027519]
01_filter               	    628	00.169232	(00.000269 +- 00.000029)	[00.000113,00.002554]
02_preint               	    626	00.022317	(00.000036 +- 00.000003)	[00.000025,00.000078]
02a_intensity_preprocess	    628	01.586509	(00.002526 +- 00.000316)	[00.000801,00.007316]
03_undistortion         	    626	00.444094	(00.000709 +- 00.000096)	[00.000138,00.008355]
04_sampling             	    625	00.278463	(00.000446 +- 00.000172)	[00.000057,00.002759]
04b_intensity_sampling  	    625	00.415367	(00.000665 +- 00.000100)	[00.000110,00.003066]
05_registration         	    625	02.010531	(00.003217 +- 00.000685)	[00.000691,00.013137]
06_map                  	    625	00.457195	(00.000732 +- 00.000103)	[00.000094,00.002346]
07_imu_opt              	    625	00.832308	(00.001332 +- 00.000205)	[00.000002,00.004487]
08_publish              	    625	05.511446	(00.008818 +- 00.001641)	[00.000508,00.028945]
step                    	    628	11.789212	(00.018773 +- 00.002673)	[00.003846,00.057703]

INFO  Timings:
SM Timing
-----------
00_conversion_livox     	    630	07.103042	(00.011275 +- 00.001045)	[00.008750,00.027519]
01_filter               	    629	00.169482	(00.000269 +- 00.000029)	[00.000113,00.002554]
02_preint               	    627	00.022354	(00.000036 +- 00.000003)	[00.000025,00.000078]
02a_intensity_preprocess	    629	01.588868	(00.002526 +- 00.000316)	[00.000801,00.007316]
03_undistortion         	    627	00.444861	(00.000710 +- 00.000096)	[00.000138,00.008355]
04_sampling             	    626	00.278873	(00.000445 +- 00.000173)	[00.000057,00.002759]
04b_intensity_sampling  	    626	00.416099	(00.000665 +- 00.000099)	[00.000110,00.003066]
05_registration         	    626	02.012619	(00.003215 +- 00.000700)	[00.000691,00.013137]
06_map                  	    626	00.457886	(00.000731 +- 00.000104)	[00.000094,00.002346]
07_imu_opt              	    626	00.833576	(00.001332 +- 00.000204)	[00.000002,00.004487]
08_publish              	    626	05.519701	(00.008817 +- 00.001663)	[00.000508,00.028945]
step                    	    629	11.806138	(00.018770 +- 00.002733)	[00.003846,00.057703]

INFO  Timings:
SM Timing
-----------
00_conversion_livox     	    631	07.113546	(00.011273 +- 00.001047)	[00.008750,00.027519]
01_filter               	    630	00.169712	(00.000269 +- 00.000029)	[00.000113,00.002554]
02_preint               	    628	00.022390	(00.000036 +- 00.000003)	[00.000025,00.000078]
02a_intensity_preprocess	    630	01.591126	(00.002526 +- 00.000324)	[00.000801,00.007316]
03_undistortion         	    628	00.445659	(00.000710 +- 00.000096)	[00.000138,00.008355]
04_sampling             	    627	00.279420	(00.000446 +- 00.000172)	[00.000057,00.002759]
04b_intensity_sampling  	    627	00.416838	(00.000665 +- 00.000099)	[00.000110,00.003066]
05_registration         	    627	02.015878	(00.003215 +- 00.000700)	[00.000691,00.013137]
06_map                  	    627	00.458742	(00.000732 +- 00.000104)	[00.000094,00.002346]
07_imu_opt              	    627	00.835135	(00.001332 +- 00.000203)	[00.000002,00.004487]
08_publish              	    627	05.527749	(00.008816 +- 00.001697)	[00.000508,00.028945]
step                    	    630	11.824552	(00.018769 +- 00.002762)	[00.003846,00.057703]

INFO  Timings:
SM Timing
-----------
00_conversion_livox     	    632	07.123767	(00.011272 +- 00.001056)	[00.008750,00.027519]
01_filter               	    631	00.169955	(00.000269 +- 00.000029)	[00.000113,00.002554]
02_preint               	    629	00.022421	(00.000036 +- 00.000003)	[00.000025,00.000078]
02a_intensity_preprocess	    631	01.593285	(00.002525 +- 00.000335)	[00.000801,00.007316]
03_undistortion         	    629	00.446340	(00.000710 +- 00.000098)	[00.000138,00.008355]
04_sampling             	    628	00.279845	(00.000446 +- 00.000173)	[00.000057,00.002759]
04b_intensity_sampling  	    628	00.417415	(00.000665 +- 00.000099)	[00.000110,00.003066]
05_registration         	    628	02.018236	(00.003214 +- 00.000705)	[00.000691,00.013137]
06_map                  	    628	00.459355	(00.000731 +- 00.000108)	[00.000094,00.002346]
07_imu_opt              	    628	00.836334	(00.001332 +- 00.000200)	[00.000002,00.004487]
08_publish              	    628	05.535511	(00.008815 +- 00.001741)	[00.000508,00.028945]
step                    	    631	11.840673	(00.018765 +- 00.002852)	[00.003846,00.057703]

INFO  Timings:
SM Timing
-----------
00_conversion_livox     	    633	07.134340	(00.011271 +- 00.001048)	[00.008750,00.027519]
01_filter               	    632	00.170215	(00.000269 +- 00.000027)	[00.000113,00.002554]
02_preint               	    630	00.022457	(00.000036 +- 00.000003)	[00.000025,00.000078]
02a_intensity_preprocess	    632	01.595485	(00.002525 +- 00.000344)	[00.000801,00.007316]
03_undistortion         	    630	00.447018	(00.000710 +- 00.000101)	[00.000138,00.008355]
04_sampling             	    629	00.280297	(00.000446 +- 00.000173)	[00.000057,00.002759]
04b_intensity_sampling  	    629	00.418118	(00.000665 +- 00.000099)	[00.000110,00.003066]
05_registration         	    629	02.020675	(00.003213 +- 00.000711)	[00.000691,00.013137]
06_map                  	    629	00.460065	(00.000731 +- 00.000108)	[00.000094,00.002346]
07_imu_opt              	    629	00.837562	(00.001332 +- 00.000197)	[00.000002,00.004487]
08_publish              	    629	05.543258	(00.008813 +- 00.001784)	[00.000508,00.028945]
step                    	    632	11.857184	(00.018761 +- 00.002922)	[00.003846,00.057703]

INFO  Timings:
SM Timing
-----------
00_conversion_livox     	    634	07.144813	(00.011269 +- 00.001032)	[00.008750,00.027519]
01_filter               	    633	00.170463	(00.000269 +- 00.000027)	[00.000113,00.002554]
02_preint               	    631	00.022494	(00.000036 +- 00.000002)	[00.000025,00.000078]
02a_intensity_preprocess	    633	01.597642	(00.002524 +- 00.000353)	[00.000801,00.007316]
03_undistortion         	    631	00.447826	(00.000710 +- 00.000100)	[00.000138,00.008355]
04_sampling             	    630	00.280715	(00.000446 +- 00.000173)	[00.000057,00.002759]
04b_intensity_sampling  	    630	00.418880	(00.000665 +- 00.000092)	[00.000110,00.003066]
05_registration         	    630	02.023124	(00.003211 +- 00.000717)	[00.000691,00.013137]
06_map                  	    630	00.460663	(00.000731 +- 00.000113)	[00.000094,00.002346]
07_imu_opt              	    630	00.838744	(00.001331 +- 00.000197)	[00.000002,00.004487]
08_publish              	    630	05.550890	(00.008811 +- 00.001826)	[00.000508,00.028945]
step                    	    633	11.873538	(00.018758 +- 00.002994)	[00.003846,00.057703]

INFO  Timings:
SM Timing
-----------
00_conversion_livox     	    635	07.155027	(00.011268 +- 00.001040)	[00.008750,00.027519]
01_filter               	    634	00.170700	(00.000269 +- 00.000027)	[00.000113,00.002554]
02_preint               	    632	00.022532	(00.000036 +- 00.000002)	[00.000025,00.000078]
02a_intensity_preprocess	    634	01.599803	(00.002523 +- 00.000362)	[00.000801,00.007316]
03_undistortion         	    632	00.448464	(00.000710 +- 00.000104)	[00.000138,00.008355]
04_sampling             	    631	00.281044	(00.000445 +- 00.000175)	[00.000057,00.002759]
04b_intensity_sampling  	    631	00.419476	(00.000665 +- 00.000095)	[00.000110,00.003066]
05_registration         	    631	02.027572	(00.003213 +- 00.000725)	[00.000691,00.013137]
06_map                  	    631	00.461267	(00.000731 +- 00.000116)	[00.000094,00.002346]
07_imu_opt              	    631	00.839990	(00.001331 +- 00.000196)	[00.000002,00.004487]
08_publish              	    631	05.558549	(00.008809 +- 00.001864)	[00.000508,00.028945]
step                    	    634	11.891586	(00.018756 +- 00.003016)	[00.003846,00.057703]

INFO  Timings:
SM Timing
-----------
00_conversion_livox     	    636	07.165776	(00.011267 +- 00.001038)	[00.008750,00.027519]
01_filter               	    635	00.170942	(00.000269 +- 00.000027)	[00.000113,00.002554]
02_preint               	    633	00.022571	(00.000036 +- 00.000002)	[00.000025,00.000078]
02a_intensity_preprocess	    635	01.602137	(00.002523 +- 00.000366)	[00.000801,00.007316]
03_undistortion         	    633	00.449082	(00.000709 +- 00.000108)	[00.000138,00.008355]
04_sampling             	    632	00.281386	(00.000445 +- 00.000176)	[00.000057,00.002759]
04b_intensity_sampling  	    632	00.420218	(00.000665 +- 00.000093)	[00.000110,00.003066]
05_registration         	    632	02.030728	(00.003213 +- 00.000718)	[00.000691,00.013137]
06_map                  	    632	00.461872	(00.000731 +- 00.000119)	[00.000094,00.002346]
07_imu_opt              	    632	00.841595	(00.001332 +- 00.000194)	[00.000002,00.004487]
08_publish              	    632	05.566206	(00.008807 +- 00.001901)	[00.000508,00.028945]
step                    	    635	11.908976	(00.018754 +- 00.003050)	[00.003846,00.057703]

INFO  Timings:
SM Timing
-----------
00_conversion_livox     	    637	07.176772	(00.011267 +- 00.001036)	[00.008750,00.027519]
01_filter               	    636	00.171173	(00.000269 +- 00.000027)	[00.000113,00.002554]
02_preint               	    634	00.022607	(00.000036 +- 00.000002)	[00.000025,00.000078]
02a_intensity_preprocess	    636	01.604338	(00.002523 +- 00.000373)	[00.000801,00.007316]
03_undistortion         	    634	00.449766	(00.000709 +- 00.000110)	[00.000138,00.008355]
04_sampling             	    633	00.281744	(00.000445 +- 00.000177)	[00.000057,00.002759]
04b_intensity_sampling  	    633	00.420839	(00.000665 +- 00.000095)	[00.000110,00.003066]
05_registration         	    633	02.033171	(00.003212 +- 00.000724)	[00.000691,00.013137]
06_map                  	    633	00.462520	(00.000731 +- 00.000120)	[00.000094,00.002346]
07_imu_opt              	    633	00.842832	(00.001331 +- 00.000192)	[00.000002,00.004487]
08_publish              	    633	05.573464	(00.008805 +- 00.001947)	[00.000508,00.028945]
step                    	    636	11.924756	(00.018750 +- 00.003130)	[00.003846,00.057703]

INFO  Timings:
SM Timing
-----------
00_conversion_livox     	    638	07.187426	(00.011266 +- 00.001035)	[00.008750,00.027519]
01_filter               	    637	00.171397	(00.000269 +- 00.000026)	[00.000113,00.002554]
02_preint               	    635	00.022641	(00.000036 +- 00.000002)	[00.000025,00.000078]
02a_intensity_preprocess	    637	01.606437	(00.002522 +- 00.000383)	[00.000801,00.007316]
03_undistortion         	    635	00.450407	(00.000709 +- 00.000113)	[00.000138,00.008355]
04_sampling             	    634	00.282105	(00.000445 +- 00.000179)	[00.000057,00.002759]
04b_intensity_sampling  	    634	00.421448	(00.000665 +- 00.000097)	[00.000110,00.003066]
05_registration         	    634	02.037673	(00.003214 +- 00.000749)	[00.000691,00.013137]
06_map                  	    634	00.463130	(00.000730 +- 00.000122)	[00.000094,00.002346]
07_imu_opt              	    634	00.844080	(00.001331 +- 00.000189)	[00.000002,00.004487]
08_publish              	    634	05.580509	(00.008802 +- 00.001995)	[00.000508,00.028945]
step                    	    637	11.942210	(00.018748 +- 00.003163)	[00.003846,00.057703]

INFO  Timings:
SM Timing
-----------
00_conversion_livox     	    639	07.197613	(00.011264 +- 00.001040)	[00.008750,00.027519]
01_filter               	    638	00.171593	(00.000269 +- 00.000027)	[00.000113,00.002554]
02_preint               	    636	00.022678	(00.000036 +- 00.000002)	[00.000025,00.000078]
02a_intensity_preprocess	    638	01.608453	(00.002521 +- 00.000391)	[00.000801,00.007316]
03_undistortion         	    636	00.451012	(00.000709 +- 00.000117)	[00.000138,00.008355]
04_sampling             	    635	00.282482	(00.000445 +- 00.000096)	[00.000057,00.002759]
04b_intensity_sampling  	    635	00.421956	(00.000664 +- 00.000103)	[00.000110,00.003066]
05_registration         	    635	02.040263	(00.003213 +- 00.000753)	[00.000691,00.013137]
06_map                  	    635	00.463742	(00.000730 +- 00.000124)	[00.000094,00.002346]
07_imu_opt              	    635	00.845283	(00.001331 +- 00.000190)	[00.000002,00.004487]
08_publish              	    635	05.586929	(00.008798 +- 00.002055)	[00.000508,00.028945]
step                    	    638	11.956842	(00.018741 +- 00.003253)	[00.003846,00.057703]

INFO  Timings:
SM Timing
-----------
00_conversion_livox     	    640	07.208487	(00.011263 +- 00.001042)	[00.008750,00.027519]
01_filter               	    639	00.171798	(00.000269 +- 00.000028)	[00.000113,00.002554]
02_preint               	    637	00.022716	(00.000036 +- 00.000002)	[00.000025,00.000078]
02a_intensity_preprocess	    639	01.610362	(00.002520 +- 00.000403)	[00.000801,00.007316]
03_undistortion         	    637	00.451507	(00.000709 +- 00.000125)	[00.000138,00.008355]
04_sampling             	    636	00.282858	(00.000445 +- 00.000098)	[00.000057,00.002759]
04b_intensity_sampling  	    636	00.422468	(00.000664 +- 00.000108)	[00.000110,00.003066]
05_registration         	    636	02.042707	(00.003212 +- 00.000757)	[00.000691,00.013137]
06_map                  	    636	00.464296	(00.000730 +- 00.000128)	[00.000094,00.002346]
07_imu_opt              	    636	00.846481	(00.001331 +- 00.000192)	[00.000002,00.004487]
08_publish              	    636	05.592836	(00.008794 +- 00.002114)	[00.000508,00.028945]
step                    	    639	11.970546	(00.018733 +- 00.003376)	[00.003846,00.057703]

INFO  Timings:
SM Timing
-----------
00_conversion_livox     	    641	07.219478	(00.011263 +- 00.001036)	[00.008750,00.027519]
01_filter               	    640	00.171999	(00.000269 +- 00.000029)	[00.000113,00.002554]
02_preint               	    638	00.022755	(00.000036 +- 00.000002)	[00.000025,00.000078]
02a_intensity_preprocess	    640	01.612117	(00.002519 +- 00.000414)	[00.000801,00.007316]
03_undistortion         	    638	00.451980	(00.000708 +- 00.000132)	[00.000138,00.008355]
04_sampling             	    637	00.283150	(00.000445 +- 00.000102)	[00.000057,00.002759]
04b_intensity_sampling  	    637	00.422887	(00.000664 +- 00.000115)	[00.000110,00.003066]
05_registration         	    637	02.045601	(00.003211 +- 00.000750)	[00.000691,00.013137]
06_map                  	    637	00.464713	(00.000730 +- 00.000137)	[00.000094,00.002346]
07_imu_opt              	    637	00.847742	(00.001331 +- 00.000193)	[00.000002,00.004487]
08_publish              	    637	05.597900	(00.008788 +- 00.002172)	[00.000508,00.028945]
step                    	    640	11.983419	(00.018724 +- 00.003459)	[00.003846,00.057703]

INFO  Timings:
SM Timing
-----------
00_conversion_livox     	    642	07.230475	(00.011262 +- 00.001016)	[00.008750,00.027519]
01_filter               	    641	00.172221	(00.000269 +- 00.000029)	[00.000113,00.002554]
02_preint               	    639	00.022789	(00.000036 +- 00.000002)	[00.000025,00.000078]
02a_intensity_preprocess	    641	01.613838	(00.002518 +- 00.000418)	[00.000801,00.007316]
03_undistortion         	    639	00.452439	(00.000708 +- 00.000134)	[00.000138,00.008355]
04_sampling             	    638	00.283467	(00.000444 +- 00.000103)	[00.000057,00.002759]
04b_intensity_sampling  	    638	00.423474	(00.000664 +- 00.000115)	[00.000110,00.003066]
05_registration         	    638	02.047311	(00.003209 +- 00.000771)	[00.000691,00.013137]
06_map                  	    638	00.465145	(00.000729 +- 00.000143)	[00.000094,00.002346]
07_imu_opt              	    638	00.848976	(00.001331 +- 00.000194)	[00.000002,00.004487]
08_publish              	    638	05.602431	(00.008781 +- 00.002214)	[00.000508,00.028945]
step                    	    641	11.994726	(00.018713 +- 00.003563)	[00.003846,00.057703]

INFO  Timings:
SM Timing
-----------
00_conversion_livox     	    643	07.241151	(00.011262 +- 00.000991)	[00.008750,00.027519]
01_filter               	    642	00.172423	(00.000269 +- 00.000027)	[00.000113,00.002554]
02_preint               	    640	00.022825	(00.000036 +- 00.000002)	[00.000025,00.000078]
02a_intensity_preprocess	    642	01.615589	(00.002516 +- 00.000417)	[00.000801,00.007316]
03_undistortion         	    640	00.452853	(00.000708 +- 00.000143)	[00.000138,00.008355]
04_sampling             	    639	00.283828	(00.000444 +- 00.000103)	[00.000057,00.002759]
04b_intensity_sampling  	    639	00.424059	(00.000664 +- 00.000113)	[00.000110,00.003066]
05_registration         	    639	02.049245	(00.003207 +- 00.000784)	[00.000691,00.013137]
06_map                  	    639	00.465701	(00.000729 +- 00.000144)	[00.000094,00.002346]
07_imu_opt              	    639	00.850182	(00.001330 +- 00.000196)	[00.000002,00.004487]
08_publish              	    639	05.606996	(00.008775 +- 00.002233)	[00.000508,00.028945]
step                    	    642	12.006427	(00.018702 +- 00.003619)	[00.003846,00.057703]

INFO  Timings:
SM Timing
-----------
00_conversion_livox     	    644	07.252045	(00.011261 +- 00.000969)	[00.008750,00.027519]
01_filter               	    643	00.172628	(00.000268 +- 00.000025)	[00.000113,00.002554]
02_preint               	    641	00.022862	(00.000036 +- 00.000002)	[00.000025,00.000078]
02a_intensity_preprocess	    643	01.617314	(00.002515 +- 00.000412)	[00.000801,00.007316]
03_undistortion         	    641	00.453206	(00.000707 +- 00.000155)	[00.000138,00.008355]
04_sampling             	    640	00.284151	(00.000444 +- 00.000104)	[00.000057,00.002759]
04b_intensity_sampling  	    640	00.424502	(00.000663 +- 00.000119)	[00.000110,00.003066]
05_registration         	    640	02.052220	(00.003207 +- 00.000763)	[00.000691,00.013137]
06_map                  	    640	00.466107	(00.000728 +- 00.000144)	[00.000094,00.002346]
07_imu_opt              	    640	00.851693	(00.001331 +- 00.000170)	[00.000002,00.004487]
08_publish              	    640	05.611565	(00.008768 +- 00.002122)	[00.000508,00.028945]
step                    	    643	12.019026	(00.018692 +- 00.003434)	[00.003846,00.057703]

INFO  Timings:
SM Timing
-----------
00_conversion_livox     	    645	07.262626	(00.011260 +- 00.000609)	[00.008750,00.027519]
01_filter               	    644	00.172831	(00.000268 +- 00.000025)	[00.000113,00.002554]
02_preint               	    642	00.022898	(00.000036 +- 00.000002)	[00.000025,00.000078]
02a_intensity_preprocess	    644	01.619044	(00.002514 +- 00.000407)	[00.000801,00.007316]
03_undistortion         	    642	00.453537	(00.000706 +- 00.000166)	[00.000138,00.008355]
04_sampling             	    641	00.284437	(00.000444 +- 00.000106)	[00.000057,00.002759]
04b_intensity_sampling  	    641	00.424900	(00.000663 +- 00.000120)	[00.000110,00.003066]
05_registration         	    641	02.053975	(00.003204 +- 00.000734)	[00.000691,00.013137]
06_map                  	    641	00.466614	(00.000728 +- 00.000145)	[00.000094,00.002346]
07_imu_opt              	    641	00.852866	(00.001331 +- 00.000172)	[00.000002,00.004487]
08_publish              	    641	05.616133	(00.008762 +- 00.002125)	[00.000508,00.028945]
step                    	    644	12.030078	(00.018680 +- 00.003430)	[00.003846,00.057703]

INFO  Timings:
SM Timing
-----------
00_conversion_livox     	    646	07.273429	(00.011259 +- 00.000576)	[00.008750,00.027519]
01_filter               	    645	00.173033	(00.000268 +- 00.000022)	[00.000113,00.002554]
02_preint               	    643	00.022934	(00.000036 +- 00.000002)	[00.000025,00.000078]
02a_intensity_preprocess	    645	01.620761	(00.002513 +- 00.000402)	[00.000801,00.007316]
03_undistortion         	    643	00.453904	(00.000706 +- 00.000174)	[00.000138,00.008355]
04_sampling             	    642	00.284749	(00.000444 +- 00.000105)	[00.000057,00.002759]
04b_intensity_sampling  	    642	00.425426	(00.000663 +- 00.000119)	[00.000110,00.003066]
05_registration         	    642	02.055572	(00.003202 +- 00.000757)	[00.000691,00.013137]
06_map                  	    642	00.467094	(00.000728 +- 00.000143)	[00.000094,00.002346]
07_imu_opt              	    642	00.854050	(00.001330 +- 00.000174)	[00.000002,00.004487]
08_publish              	    642	05.620763	(00.008755 +- 00.002128)	[00.000508,00.028945]
step                    	    645	12.041171	(00.018668 +- 00.003482)	[00.003846,00.057703]

INFO  Timings:
SM Timing
-----------
00_conversion_livox     	    647	07.284693	(00.011259 +- 00.000538)	[00.008750,00.027519]
01_filter               	    646	00.173271	(00.000268 +- 00.000021)	[00.000113,00.002554]
02_preint               	    644	00.022969	(00.000036 +- 00.000002)	[00.000025,00.000078]
02a_intensity_preprocess	    646	01.622445	(00.002512 +- 00.000400)	[00.000801,00.007316]
03_undistortion         	    644	00.454301	(00.000705 +- 00.000180)	[00.000138,00.008355]
04_sampling             	    643	00.285068	(00.000443 +- 00.000107)	[00.000057,00.002759]
04b_intensity_sampling  	    643	00.425978	(00.000662 +- 00.000112)	[00.000110,00.003066]
05_registration         	    643	02.059712	(00.003203 +- 00.000734)	[00.000691,00.013137]
06_map                  	    643	00.467535	(00.000727 +- 00.000146)	[00.000094,00.002346]
07_imu_opt              	    643	00.855224	(00.001330 +- 00.000176)	[00.000002,00.004487]
08_publish              	    643	05.625453	(00.008749 +- 00.002115)	[00.000508,00.028945]
step                    	    646	12.054910	(00.018661 +- 00.003368)	[00.003846,00.057703]

INFO  Timings:
SM Timing
-----------
00_conversion_livox     	    648	07.295890	(00.011259 +- 00.000430)	[00.008750,00.027519]
01_filter               	    647	00.173482	(00.000268 +- 00.000021)	[00.000113,00.002554]
02_preint               	    645	00.023008	(00.000036 +- 00.000002)	[00.000025,00.000078]
02a_intensity_preprocess	    647	01.624340	(00.002511 +- 00.000377)	[00.000801,00.007316]
03_undistortion         	    645	00.454801	(00.000705 +- 00.000182)	[00.000138,00.008355]
04_sampling             	    644	00.285452	(00.000443 +- 00.000092)	[00.000057,00.002759]
04b_intensity_sampling  	    644	00.426464	(00.000662 +- 00.000110)	[00.000110,00.003066]
05_registration         	    644	02.061775	(00.003202 +- 00.000736)	[00.000691,00.013137]
06_map                  	    644	00.467933	(00.000727 +- 00.000151)	[00.000094,00.002346]
07_imu_opt              	    644	00.857145	(00.001331 +- 00.000192)	[00.000002,00.004487]
08_publish              	    644	05.630435	(00.008743 +- 00.002061)	[00.000508,00.028945]
step                    	    647	12.067879	(00.018652 +- 00.003266)	[00.003846,00.057703]

INFO  Timings:
SM Timing
-----------
00_conversion_livox     	    649	07.307396	(00.011259 +- 00.000336)	[00.008750,00.027519]
01_filter               	    648	00.173689	(00.000268 +- 00.000020)	[00.000113,00.002554]
02_preint               	    646	00.023038	(00.000036 +- 00.000003)	[00.000025,00.000078]
02a_intensity_preprocess	    648	01.626240	(00.002510 +- 00.000364)	[00.000801,00.007316]
03_undistortion         	    646	00.455218	(00.000705 +- 00.000186)	[00.000138,00.008355]
04_sampling             	    645	00.285951	(00.000443 +- 00.000092)	[00.000057,00.002759]
04b_intensity_sampling  	    645	00.426951	(00.000662 +- 00.000110)	[00.000110,00.003066]
05_registration         	    645	02.063617	(00.003199 +- 00.000742)	[00.000691,00.013137]
06_map                  	    645	00.468503	(00.000726 +- 00.000149)	[00.000094,00.002346]
07_imu_opt              	    645	00.858520	(00.001331 +- 00.000192)	[00.000002,00.004487]
08_publish              	    645	05.635723	(00.008738 +- 00.002039)	[00.000508,00.028945]
step                    	    648	12.080568	(00.018643 +- 00.003238)	[00.003846,00.057703]

INFO  Timings:
SM Timing
-----------
00_conversion_livox     	    650	07.319266	(00.011260 +- 00.000347)	[00.008750,00.027519]
01_filter               	    649	00.173913	(00.000268 +- 00.000020)	[00.000113,00.002554]
02_preint               	    647	00.023074	(00.000036 +- 00.000003)	[00.000025,00.000078]
02a_intensity_preprocess	    649	01.628187	(00.002509 +- 00.000355)	[00.000801,00.007316]
03_undistortion         	    647	00.455641	(00.000704 +- 00.000189)	[00.000138,00.008355]
04_sampling             	    646	00.286295	(00.000443 +- 00.000085)	[00.000057,00.002759]
04b_intensity_sampling  	    646	00.427560	(00.000662 +- 00.000110)	[00.000110,00.003066]
05_registration         	    646	02.065984	(00.003198 +- 00.000724)	[00.000691,00.013137]
06_map                  	    646	00.469920	(00.000727 +- 00.000179)	[00.000094,00.002346]
07_imu_opt              	    646	00.860151	(00.001332 +- 00.000195)	[00.000002,00.004487]
08_publish              	    646	05.641165	(00.008732 +- 00.002024)	[00.000508,00.028945]
step                    	    649	12.095070	(00.018636 +- 00.003166)	[00.003846,00.057703]

INFO  Timings:
SM Timing
-----------
00_conversion_livox     	    651	07.330949	(00.011261 +- 00.000359)	[00.008750,00.027519]
01_filter               	    650	00.174117	(00.000268 +- 00.000020)	[00.000113,00.002554]
02_preint               	    648	00.023110	(00.000036 +- 00.000003)	[00.000025,00.000078]
02a_intensity_preprocess	    650	01.630114	(00.002508 +- 00.000351)	[00.000801,00.007316]
03_undistortion         	    648	00.456042	(00.000704 +- 00.000193)	[00.000138,00.008355]
04_sampling             	    647	00.286606	(00.000443 +- 00.000086)	[00.000057,00.002759]
04b_intensity_sampling  	    647	00.428074	(00.000662 +- 00.000111)	[00.000110,00.003066]
05_registration         	    647	02.069514	(00.003199 +- 00.000732)	[00.000691,00.013137]
06_map                  	    647	00.470471	(00.000727 +- 00.000180)	[00.000094,00.002346]
07_imu_opt              	    647	00.861462	(00.001331 +- 00.000194)	[00.000002,00.004487]
08_publish              	    647	05.646536	(00.008727 +- 00.002031)	[00.000508,00.028945]
step                    	    650	12.109286	(00.018630 +- 00.003165)	[00.003846,00.057703]

INFO  Timings:
SM Timing
-----------
00_conversion_livox     	    652	07.342421	(00.011261 +- 00.000367)	[00.008750,00.027519]
01_filter               	    651	00.174333	(00.000268 +- 00.000020)	[00.000113,00.002554]
02_preint               	    649	00.023147	(00.000036 +- 00.000003)	[00.000025,00.000078]
02a_intensity_preprocess	    651	01.631964	(00.002507 +- 00.000354)	[00.000801,00.007316]
03_undistortion         	    649	00.456364	(00.000703 +- 00.000199)	[00.000138,00.008355]
04_sampling             	    648	00.286901	(00.000443 +- 00.000087)	[00.000057,00.002759]
04b_intensity_sampling  	    648	00.428536	(00.000661 +- 00.000114)	[00.000110,00.003066]
05_registration         	    648	02.071465	(00.003197 +- 00.000741)	[00.000691,00.013137]
06_map                  	    648	00.470942	(00.000727 +- 00.000183)	[00.000094,00.002346]
07_imu_opt              	    648	00.862989	(00.001332 +- 00.000193)	[00.000002,00.004487]
08_publish              	    648	05.651436	(00.008721 +- 00.002065)	[00.000508,00.028945]
step                    	    651	12.121385	(00.018620 +- 00.003238)	[00.003846,00.057703]

INFO  Timings:
SM Timing
-----------
00_conversion_livox     	    653	07.353392	(00.011261 +- 00.000366)	[00.008750,00.027519]
01_filter               	    652	00.174521	(00.000268 +- 00.000021)	[00.000113,00.002554]
02_preint               	    650	00.023183	(00.000036 +- 00.000003)	[00.000025,00.000078]
02a_intensity_preprocess	    652	01.633721	(00.002506 +- 00.000360)	[00.000801,00.007316]
03_undistortion         	    650	00.456800	(00.000703 +- 00.000199)	[00.000138,00.008355]
04_sampling             	    649	00.287296	(00.000443 +- 00.000085)	[00.000057,00.002759]
04b_intensity_sampling  	    649	00.429025	(00.000661 +- 00.000117)	[00.000110,00.003066]
05_registration         	    649	02.073354	(00.003195 +- 00.000749)	[00.000691,00.013137]
06_map                  	    649	00.471532	(00.000727 +- 00.000184)	[00.000094,00.002346]
07_imu_opt              	    649	00.864305	(00.001332 +- 00.000175)	[00.000002,00.004487]
08_publish              	    649	05.655785	(00.008715 +- 00.002119)	[00.000508,00.028945]
step                    	    652	12.132903	(00.018609 +- 00.003326)	[00.003846,00.057703]

INFO  Timings:
SM Timing
-----------
00_conversion_livox     	    654	07.363842	(00.011260 +- 00.000366)	[00.008750,00.027519]
01_filter               	    653	00.174745	(00.000268 +- 00.000021)	[00.000113,00.002554]
02_preint               	    651	00.023220	(00.000036 +- 00.000002)	[00.000025,00.000078]
02a_intensity_preprocess	    653	01.635315	(00.002504 +- 00.000373)	[00.000801,00.007316]
03_undistortion         	    651	00.457147	(00.000702 +- 00.000205)	[00.000138,00.008355]
04_sampling             	    650	00.287703	(00.000443 +- 00.000078)	[00.000057,00.002759]
04b_intensity_sampling  	    650	00.429540	(00.000661 +- 00.000117)	[00.000110,00.003066]
05_registration         	    650	02.075411	(00.003193 +- 00.000722)	[00.000691,00.013137]
06_map                  	    650	00.471959	(00.000726 +- 00.000188)	[00.000094,00.002346]
07_imu_opt              	    650	00.865487	(00.001332 +- 00.000176)	[00.000002,00.004487]
08_publish              	    650	05.659641	(00.008707 +- 00.002187)	[00.000508,00.028945]
step                    	    653	12.143615	(00.018597 +- 00.003410)	[00.003846,00.057703]

INFO  Timings:
SM Timing
-----------
00_conversion_livox     	    655	07.374213	(00.011258 +- 00.000373)	[00.008750,00.027519]
01_filter               	    654	00.174909	(00.000267 +- 00.000023)	[00.000113,00.002554]
02_preint               	    652	00.023247	(00.000036 +- 00.000003)	[00.000025,00.000078]
02a_intensity_preprocess	    654	01.636858	(00.002503 +- 00.000386)	[00.000801,00.007316]
03_undistortion         	    652	00.457480	(00.000702 +- 00.000210)	[00.000138,00.008355]
04_sampling             	    651	00.288007	(00.000442 +- 00.000079)	[00.000057,00.002759]
04b_intensity_sampling  	    651	00.429947	(00.000660 +- 00.000122)	[00.000110,00.003066]
05_registration         	    651	02.077046	(00.003191 +- 00.000738)	[00.000691,00.013137]
06_map                  	    651	00.472354	(00.000726 +- 00.000193)	[00.000094,00.002346]
07_imu_opt              	    651	00.866785	(00.001331 +- 00.000163)	[00.000002,00.004487]
08_publish              	    651	05.663245	(00.008699 +- 00.002260)	[00.000508,00.028945]
step                    	    654	12.153397	(00.018583 +- 00.003550)	[00.003846,00.057703]

INFO  Timings:
SM Timing
-----------
00_conversion_livox     	    656	07.384600	(00.011257 +- 00.000379)	[00.008750,00.027519]
01_filter               	    655	00.175092	(00.000267 +- 00.000023)	[00.000113,00.002554]
02_preint               	    653	00.023284	(00.000036 +- 00.000003)	[00.000025,00.000078]
02a_intensity_preprocess	    655	01.638286	(00.002501 +- 00.000402)	[00.000801,00.007316]
03_undistortion         	    653	00.457829	(00.000701 +- 00.000214)	[00.000138,00.008355]
04_sampling             	    652	00.288325	(00.000442 +- 00.000079)	[00.000057,00.002759]
04b_intensity_sampling  	    652	00.430331	(00.000660 +- 00.000125)	[00.000110,00.003066]
05_registration         	    652	02.078958	(00.003189 +- 00.000742)	[00.000691,00.013137]
06_map                  	    652	00.472694	(00.000725 +- 00.000199)	[00.000094,00.002346]
07_imu_opt              	    652	00.868009	(00.001331 +- 00.000163)	[00.000002,00.004487]
08_publish              	    652	05.666748	(00.008691 +- 00.002327)	[00.000508,00.028945]
step                    	    655	12.163131	(00.018570 +- 00.003663)	[00.003846,00.057703]

INFO  Timings:
SM Timing
-----------
00_conversion_livox     	    657	07.394779	(00.011255 +- 00.000392)	[00.008750,00.027519]
01_filter               	    656	00.175261	(00.000267 +- 00.000024)	[00.000113,00.002554]
02_preint               	    654	00.023312	(00.000036 +- 00.000003)	[00.000025,00.000078]
02a_intensity_preprocess	    656	01.639762	(00.002500 +- 00.000415)	[00.000801,00.007316]
03_undistortion         	    654	00.458336	(00.000701 +- 00.000214)	[00.000138,00.008355]
04_sampling             	    653	00.288595	(00.000442 +- 00.000082)	[00.000057,00.002759]
04b_intensity_sampling  	    653	00.430770	(00.000660 +- 00.000127)	[00.000110,00.003066]
05_registration         	    653	02.080794	(00.003187 +- 00.000750)	[00.000691,00.013137]
06_map                  	    653	00.473087	(00.000724 +- 00.000203)	[00.000094,00.002346]
07_imu_opt              	    653	00.869159	(00.001331 +- 00.000164)	[00.000002,00.004487]
08_publish              	    653	05.670032	(00.008683 +- 00.002394)	[00.000508,00.028945]
step                    	    656	12.172741	(00.018556 +- 00.003782)	[00.003846,00.057703]

INFO  Timings:
SM Timing
-----------
00_conversion_livox     	    658	07.405144	(00.011254 +- 00.000392)	[00.008750,00.027519]
01_filter               	    657	00.175415	(00.000267 +- 00.000026)	[00.000113,00.002554]
02_preint               	    655	00.023348	(00.000036 +- 00.000003)	[00.000025,00.000078]
02a_intensity_preprocess	    657	01.641140	(00.002498 +- 00.000429)	[00.000801,00.007316]
03_undistortion         	    655	00.458736	(00.000700 +- 00.000216)	[00.000138,00.008355]
04_sampling             	    654	00.288862	(00.000442 +- 00.000084)	[00.000057,00.002759]
04b_intensity_sampling  	    654	00.431130	(00.000659 +- 00.000129)	[00.000110,00.003066]
05_registration         	    654	02.082249	(00.003184 +- 00.000766)	[00.000691,00.013137]
06_map                  	    654	00.473407	(00.000724 +- 00.000208)	[00.000094,00.002346]
07_imu_opt              	    654	00.870389	(00.001331 +- 00.000162)	[00.000002,00.004487]
08_publish              	    654	05.673156	(00.008675 +- 00.002460)	[00.000508,00.028945]
step                    	    657	12.181529	(00.018541 +- 00.003918)	[00.003846,00.057703]

INFO  Timings:
SM Timing
-----------
00_conversion_livox     	    659	07.415522	(00.011253 +- 00.000396)	[00.008750,00.027519]
01_filter               	    658	00.175587	(00.000267 +- 00.000027)	[00.000113,00.002554]
02_preint               	    656	00.023385	(00.000036 +- 00.000003)	[00.000025,00.000078]
02a_intensity_preprocess	    658	01.642490	(00.002496 +- 00.000440)	[00.000801,00.007316]
03_undistortion         	    656	00.459030	(00.000700 +- 00.000219)	[00.000138,00.008355]
04_sampling             	    655	00.289135	(00.000441 +- 00.000084)	[00.000057,00.002759]
04b_intensity_sampling  	    655	00.431560	(00.000659 +- 00.000130)	[00.000110,00.003066]
05_registration         	    655	02.084506	(00.003182 +- 00.000767)	[00.000691,00.013137]
06_map                  	    655	00.473791	(00.000723 +- 00.000212)	[00.000094,00.002346]
07_imu_opt              	    655	00.871546	(00.001331 +- 00.000160)	[00.000002,00.004487]
08_publish              	    655	05.676035	(00.008666 +- 00.002522)	[00.000508,00.028945]
step                    	    658	12.190822	(00.018527 +- 00.004004)	[00.003846,00.057703]

INFO  Timings:
SM Timing
-----------
00_conversion_livox     	    660	07.426141	(00.011252 +- 00.000395)	[00.008750,00.027519]
01_filter               	    659	00.175772	(00.000267 +- 00.000027)	[00.000113,00.002554]
02_preint               	    657	00.023412	(00.000036 +- 00.000003)	[00.000025,00.000078]
02a_intensity_preprocess	    659	01.643828	(00.002494 +- 00.000451)	[00.000801,00.007316]
03_undistortion         	    657	00.459318	(00.000699 +- 00.000224)	[00.000138,00.008355]
04_sampling             	    656	00.289408	(00.000441 +- 00.000085)	[00.000057,00.002759]
04b_intensity_sampling  	    656	00.431971	(00.000658 +- 00.000132)	[00.000110,00.003066]
05_registration         	    656	02.085960	(00.003180 +- 00.000783)	[00.000691,00.013137]
06_map                  	    656	00.474131	(00.000723 +- 00.000215)	[00.000094,00.002346]
07_imu_opt              	    656	00.872662	(00.001330 +- 00.000163)	[00.000002,00.004487]
08_publish              	    656	05.678762	(00.008657 +- 00.002580)	[00.000508,00.028945]
step                    	    659	12.199035	(00.018511 +- 00.004133)	[00.003846,00.057703]

INFO  Timings:
SM Timing
-----------
00_conversion_livox     	    661	07.436463	(00.011250 +- 00.000398)	[00.008750,00.027519]
01_filter               	    660	00.175923	(00.000267 +- 00.000029)	[00.000113,00.002554]
02_preint               	    658	00.023448	(00.000036 +- 00.000003)	[00.000025,00.000078]
02a_intensity_preprocess	    660	01.645134	(00.002493 +- 00.000462)	[00.000801,00.007316]
03_undistortion         	    658	00.459573	(00.000698 +- 00.000229)	[00.000138,00.008355]
04_sampling             	    657	00.289648	(00.000441 +- 00.000088)	[00.000057,00.002759]
04b_intensity_sampling  	    657	00.432283	(00.000658 +- 00.000137)	[00.000110,00.003066]
05_registration         	    657	02.087612	(00.003177 +- 00.000796)	[00.000691,00.013137]
06_map                  	    657	00.474422	(00.000722 +- 00.000219)	[00.000094,00.002346]
07_imu_opt              	    657	00.873807	(00.001330 +- 00.000164)	[00.000002,00.004487]
08_publish              	    657	05.681353	(00.008647 +- 00.002634)	[00.000508,00.028945]
step                    	    660	12.207057	(00.018496 +- 00.004246)	[00.003846,00.057703]

INFO  Timings:
SM Timing
-----------
00_conversion_livox     	    662	07.447002	(00.011249 +- 00.000400)	[00.008750,00.027519]
01_filter               	    661	00.176094	(00.000266 +- 00.000030)	[00.000113,00.002554]
02_preint               	    659	00.023483	(00.000036 +- 00.000003)	[00.000025,00.000078]
02a_intensity_preprocess	    661	01.646446	(00.002491 +- 00.000470)	[00.000801,00.007316]
03_undistortion         	    659	00.459860	(00.000698 +- 00.000232)	[00.000138,00.008355]
04_sampling             	    658	00.289876	(00.000441 +- 00.000091)	[00.000057,00.002759]
04b_intensity_sampling  	    658	00.432628	(00.000657 +- 00.000139)	[00.000110,00.003066]
05_registration         	    658	02.091016	(00.003178 +- 00.000800)	[00.000691,00.013137]
06_map                  	    658	00.474774	(00.000722 +- 00.000222)	[00.000094,00.002346]
07_imu_opt              	    658	00.874977	(00.001330 +- 00.000165)	[00.000002,00.004487]
08_publish              	    658	05.683914	(00.008638 +- 00.002685)	[00.000508,00.028945]
step                    	    661	12.216977	(00.018483 +- 00.004282)	[00.003846,00.057703]

INFO  Timings:
SM Timing
-----------
00_conversion_livox     	    663	07.457180	(00.011248 +- 00.000409)	[00.008750,00.027519]
01_filter               	    662	00.176267	(00.000266 +- 00.000030)	[00.000113,00.002554]
02_preint               	    660	00.023519	(00.000036 +- 00.000003)	[00.000025,00.000078]
02a_intensity_preprocess	    662	01.647687	(00.002489 +- 00.000480)	[00.000801,00.007316]
03_undistortion         	    660	00.460138	(00.000697 +- 00.000234)	[00.000138,00.008355]
04_sampling             	    659	00.290067	(00.000440 +- 00.000094)	[00.000057,00.002759]
04b_intensity_sampling  	    659	00.432951	(00.000657 +- 00.000143)	[00.000110,00.003066]
05_registration         	    659	02.093431	(00.003177 +- 00.000799)	[00.000691,00.013137]
06_map                  	    659	00.475098	(00.000721 +- 00.000225)	[00.000094,00.002346]
07_imu_opt              	    659	00.876558	(00.001330 +- 00.000165)	[00.000002,00.004487]
08_publish              	    659	05.686221	(00.008629 +- 00.002729)	[00.000508,00.028945]
step                    	    662	12.225913	(00.018468 +- 00.004331)	[00.003846,00.057703]

INFO  Timings:
SM Timing
-----------
00_conversion_livox     	    664	07.467324	(00.011246 +- 00.000411)	[00.008750,00.027519]
01_filter               	    663	00.176422	(00.000266 +- 00.000031)	[00.000113,00.002554]
02_preint               	    661	00.023545	(00.000036 +- 00.000003)	[00.000025,00.000078]
02a_intensity_preprocess	    663	01.648903	(00.002487 +- 00.000489)	[00.000801,00.007316]
03_undistortion         	    661	00.460389	(00.000697 +- 00.000239)	[00.000138,00.008355]
04_sampling             	    660	00.290241	(00.000440 +- 00.000097)	[00.000057,00.002759]
04b_intensity_sampling  	    660	00.433246	(00.000656 +- 00.000147)	[00.000110,00.003066]
05_registration         	    660	02.094813	(00.003174 +- 00.000815)	[00.000691,00.013137]
06_map                  	    660	00.475389	(00.000720 +- 00.000229)	[00.000094,00.002346]
07_imu_opt              	    660	00.877670	(00.001330 +- 00.000165)	[00.000002,00.004487]
08_publish              	    660	05.688338	(00.008619 +- 00.002774)	[00.000508,00.028945]
step                    	    663	12.232992	(00.018451 +- 00.004430)	[00.003846,00.057703]

INFO  Timings:
SM Timing
-----------
00_conversion_livox     	    665	07.477567	(00.011244 +- 00.000398)	[00.008750,00.027519]
01_filter               	    664	00.176616	(00.000266 +- 00.000031)	[00.000113,00.002554]
02_preint               	    662	00.023581	(00.000036 +- 00.000003)	[00.000025,00.000078]
02a_intensity_preprocess	    664	01.650064	(00.002485 +- 00.000500)	[00.000801,00.007316]
03_undistortion         	    662	00.460685	(00.000696 +- 00.000241)	[00.000138,00.008355]
04_sampling             	    661	00.290592	(00.000440 +- 00.000097)	[00.000057,00.002759]
04b_intensity_sampling  	    661	00.433587	(00.000656 +- 00.000150)	[00.000110,00.003066]
05_registration         	    661	02.097262	(00.003173 +- 00.000814)	[00.000691,00.013137]
06_map                  	    661	00.475776	(00.000720 +- 00.000230)	[00.000094,00.002346]
07_imu_opt              	    661	00.878865	(00.001330 +- 00.000164)	[00.000002,00.004487]
08_publish              	    661	05.690501	(00.008609 +- 00.002820)	[00.000508,00.028945]
step                    	    664	12.241638	(00.018436 +- 00.004482)	[00.003846,00.057703]

INFO  Timings:
SM Timing
-----------
00_conversion_livox     	    666	07.487604	(00.011243 +- 00.000410)	[00.008750,00.027519]
01_filter               	    665	00.176771	(00.000266 +- 00.000032)	[00.000113,00.002554]
02_preint               	    663	00.023617	(00.000036 +- 00.000003)	[00.000025,00.000078]
02a_intensity_preprocess	    665	01.651311	(00.002483 +- 00.000507)	[00.000801,00.007316]
03_undistortion         	    663	00.460942	(00.000695 +- 00.000242)	[00.000138,00.008355]
04_sampling             	    662	00.290794	(00.000439 +- 00.000100)	[00.000057,00.002759]
04b_intensity_sampling  	    662	00.433899	(00.000655 +- 00.000152)	[00.000110,00.003066]
05_registration         	    662	02.099267	(00.003171 +- 00.000813)	[00.000691,00.013137]
06_map                  	    662	00.476090	(00.000719 +- 00.000232)	[00.000094,00.002346]
07_imu_opt              	    662	00.880048	(00.001329 +- 00.000164)	[00.000002,00.004487]
08_publish              	    662	05.692533	(00.008599 +- 00.002864)	[00.000508,00.028945]
step                    	    665	12.249422	(00.018420 +- 00.004565)	[00.003846,00.057703]

INFO  Timings:
SM Timing
-----------
00_conversion_livox     	    667	07.497800	(00.011241 +- 00.000417)	[00.008750,00.027519]
01_filter               	    666	00.176955	(00.000266 +- 00.000032)	[00.000113,00.002554]
02_preint               	    664	00.023647	(00.000036 +- 00.000003)	[00.000025,00.000078]
02a_intensity_preprocess	    666	01.652452	(00.002481 +- 00.000515)	[00.000801,00.007316]
03_undistortion         	    664	00.461153	(00.000695 +- 00.000245)	[00.000138,00.008355]
04_sampling             	    663	00.290992	(00.000439 +- 00.000103)	[00.000057,00.002759]
04b_intensity_sampling  	    663	00.434194	(00.000655 +- 00.000153)	[00.000110,00.003066]
05_registration         	    663	02.100065	(00.003168 +- 00.000848)	[00.000691,00.013137]
06_map                  	    663	00.476341	(00.000718 +- 00.000233)	[00.000094,00.002346]
07_imu_opt              	    663	00.881477	(00.001330 +- 00.000165)	[00.000002,00.004487]
08_publish              	    663	05.694382	(00.008589 +- 00.002894)	[00.000508,00.028945]
step                    	    666	12.255863	(00.018402 +- 00.004648)	[00.003846,00.057703]

INFO  Timings:
SM Timing
-----------
00_conversion_livox     	    668	07.507669	(00.011239 +- 00.000432)	[00.008750,00.027519]
01_filter               	    667	00.177089	(00.000266 +- 00.000034)	[00.000113,00.002554]
02_preint               	    665	00.023683	(00.000036 +- 00.000003)	[00.000025,00.000078]
02a_intensity_preprocess	    667	01.653584	(00.002479 +- 00.000521)	[00.000801,00.007316]
03_undistortion         	    665	00.461378	(00.000694 +- 00.000247)	[00.000138,00.008355]
04_sampling             	    664	00.291131	(00.000438 +- 00.000107)	[00.000057,00.002759]
04b_intensity_sampling  	    664	00.434462	(00.000654 +- 00.000157)	[00.000110,00.003066]
05_registration         	    664	02.101094	(00.003164 +- 00.000873)	[00.000691,00.013137]
06_map                  	    664	00.476651	(00.000718 +- 00.000229)	[00.000094,00.002346]
07_imu_opt              	    664	00.883589	(00.001331 +- 00.000200)	[00.000002,00.004487]
08_publish              	    664	05.696130	(00.008579 +- 00.002912)	[00.000508,00.028945]
step                    	    667	12.263065	(00.018385 +- 00.004694)	[00.003846,00.057703]

INFO  Timings:
SM Timing
-----------
00_conversion_livox     	    669	07.517555	(00.011237 +- 00.000447)	[00.008750,00.027519]
01_filter               	    668	00.177248	(00.000265 +- 00.000034)	[00.000113,00.002554]
02_preint               	    666	00.023718	(00.000036 +- 00.000003)	[00.000025,00.000078]
02a_intensity_preprocess	    668	01.654756	(00.002477 +- 00.000522)	[00.000801,00.007316]
03_undistortion         	    666	00.461638	(00.000693 +- 00.000248)	[00.000138,00.008355]
04_sampling             	    665	00.291374	(00.000438 +- 00.000107)	[00.000057,00.002759]
04b_intensity_sampling  	    665	00.434781	(00.000654 +- 00.000157)	[00.000110,00.003066]
05_registration         	    665	02.102343	(00.003161 +- 00.000890)	[00.000691,00.013137]
06_map                  	    665	00.476989	(00.000717 +- 00.000230)	[00.000094,00.002346]
07_imu_opt              	    665	00.884683	(00.001330 +- 00.000202)	[00.000002,00.004487]
08_publish              	    665	05.697975	(00.008568 +- 00.002910)	[00.000508,00.028945]
step                    	    668	12.270026	(00.018368 +- 00.004734)	[00.003846,00.057703]

INFO  Timings:
SM Timing
-----------
00_conversion_livox     	    670	07.527809	(00.011236 +- 00.000450)	[00.008750,00.027519]
01_filter               	    669	00.177412	(00.000265 +- 00.000034)	[00.000113,00.002554]
02_preint               	    667	00.023759	(00.000036 +- 00.000003)	[00.000025,00.000078]
02a_intensity_preprocess	    669	01.656051	(00.002475 +- 00.000517)	[00.000801,00.007316]
03_undistortion         	    667	00.461892	(00.000692 +- 00.000240)	[00.000138,00.008355]
04_sampling             	    666	00.291600	(00.000438 +- 00.000105)	[00.000057,00.002759]
04b_intensity_sampling  	    666	00.435083	(00.000653 +- 00.000153)	[00.000110,00.003066]
05_registration         	    666	02.104224	(00.003159 +- 00.000894)	[00.000691,00.013137]
06_map                  	    666	00.477310	(00.000717 +- 00.000229)	[00.000094,00.002346]
07_imu_opt              	    666	00.886084	(00.001330 +- 00.000202)	[00.000002,00.004487]
08_publish              	    666	05.700219	(00.008559 +- 00.002882)	[00.000508,00.028945]
step                    	    669	12.278211	(00.018353 +- 00.004706)	[00.003846,00.057703]

INFO  Timings:
SM Timing
-----------
00_conversion_livox     	    671	07.538651	(00.011235 +- 00.000449)	[00.008750,00.027519]
01_filter               	    670	00.177581	(00.000265 +- 00.000034)	[00.000113,00.002554]
02_preint               	    668	00.023794	(00.000036 +- 00.000003)	[00.000025,00.000078]
02a_intensity_preprocess	    670	01.657438	(00.002474 +- 00.000507)	[00.000801,00.007316]
03_undistortion         	    668	00.462172	(00.000692 +- 00.000229)	[00.000138,00.008355]
04_sampling             	    667	00.291834	(00.000438 +- 00.000106)	[00.000057,00.002759]
04b_intensity_sampling  	    667	00.435450	(00.000653 +- 00.000151)	[00.000110,00.003066]
05_registration         	    667	02.106432	(00.003158 +- 00.000895)	[00.000691,00.013137]
06_map                  	    667	00.477628	(00.000716 +- 00.000229)	[00.000094,00.002346]
07_imu_opt              	    667	00.887330	(00.001330 +- 00.000203)	[00.000002,00.004487]
08_publish              	    667	05.702957	(00.008550 +- 00.002828)	[00.000508,00.028945]
step                    	    670	12.287240	(00.018339 +- 00.004652)	[00.003846,00.057703]

INFO  Timings:
SM Timing
-----------
00_conversion_livox     	    672	07.549923	(00.011235 +- 00.000454)	[00.008750,00.027519]
01_filter               	    671	00.177795	(00.000265 +- 00.000034)	[00.000113,00.002554]
02_preint               	    669	00.023830	(00.000036 +- 00.000003)	[00.000025,00.000078]
02a_intensity_preprocess	    671	01.658954	(00.002472 +- 00.000493)	[00.000801,00.007316]
03_undistortion         	    669	00.462444	(00.000691 +- 00.000226)	[00.000138,00.008355]
04_sampling             	    668	00.292095	(00.000437 +- 00.000105)	[00.000057,00.002759]
04b_intensity_sampling  	    668	00.435795	(00.000652 +- 00.000149)	[00.000110,00.003066]
05_registration         	    668	02.108089	(00.003156 +- 00.000872)	[00.000691,00.013137]
06_map                  	    668	00.477949	(00.000715 +- 00.000221)	[00.000094,00.002346]
07_imu_opt              	    668	00.889227	(00.001331 +- 00.000218)	[00.000002,00.004487]
08_publish              	    668	05.705879	(00.008542 +- 00.002746)	[00.000508,00.028945]
step                    	    671	12.296747	(00.018326 +- 00.004498)	[00.003846,00.057703]

INFO  Timings:
SM Timing
-----------
00_conversion_livox     	    673	07.561624	(00.011236 +- 00.000472)	[00.008750,00.027519]
01_filter               	    672	00.177981	(00.000265 +- 00.000034)	[00.000113,00.002554]
02_preint               	    670	00.023867	(00.000036 +- 00.000003)	[00.000025,00.000078]
02a_intensity_preprocess	    672	01.660519	(00.002471 +- 00.000475)	[00.000801,00.007316]
03_undistortion         	    670	00.462794	(00.000691 +- 00.000222)	[00.000138,00.008355]
04_sampling             	    669	00.292329	(00.000437 +- 00.000102)	[00.000057,00.002759]
04b_intensity_sampling  	    669	00.436149	(00.000652 +- 00.000148)	[00.000110,00.003066]
05_registration         	    669	02.110505	(00.003155 +- 00.000842)	[00.000691,00.013137]
06_map                  	    669	00.478326	(00.000715 +- 00.000220)	[00.000094,00.002346]
07_imu_opt              	    669	00.890750	(00.001331 +- 00.000220)	[00.000002,00.004487]
08_publish              	    669	05.709191	(00.008534 +- 00.002634)	[00.000508,00.028945]
step                    	    672	12.307185	(00.018314 +- 00.004316)	[00.003846,00.057703]

INFO  Timings:
SM Timing
-----------
00_conversion_livox     	    674	07.573990	(00.011237 +- 00.000524)	[00.008750,00.027519]
01_filter               	    673	00.178340	(00.000265 +- 00.000040)	[00.000113,00.002554]
02_preint               	    671	00.023907	(00.000036 +- 00.000003)	[00.000025,00.000078]
02a_intensity_preprocess	    673	01.662213	(00.002470 +- 00.000452)	[00.000801,00.007316]
03_undistortion         	    671	00.463104	(00.000690 +- 00.000218)	[00.000138,00.008355]
04_sampling             	    670	00.292606	(00.000437 +- 00.000094)	[00.000057,00.002759]
04b_intensity_sampling  	    670	00.436552	(00.000652 +- 00.000144)	[00.000110,00.003066]
05_registration         	    670	02.112587	(00.003153 +- 00.000842)	[00.000691,00.013137]
06_map                  	    670	00.478746	(00.000715 +- 00.000212)	[00.000094,00.002346]
07_imu_opt              	    670	00.892140	(00.001332 +- 00.000220)	[00.000002,00.004487]
08_publish              	    670	05.713077	(00.008527 +- 00.002502)	[00.000508,00.028945]
step                    	    673	12.318115	(00.018303 +- 00.004153)	[00.003846,00.057703]

INFO  Timings:
SM Timing
-----------
00_conversion_livox     	    675	07.586291	(00.011239 +- 00.000568)	[00.008750,00.027519]
01_filter               	    674	00.178560	(00.000265 +- 00.000039)	[00.000113,00.002554]
02_preint               	    672	00.023943	(00.000036 +- 00.000003)	[00.000025,00.000078]
02a_intensity_preprocess	    674	01.663971	(00.002469 +- 00.000425)	[00.000801,00.007316]
03_undistortion         	    672	00.463474	(00.000690 +- 00.000205)	[00.000138,00.008355]
04_sampling             	    671	00.292926	(00.000437 +- 00.000090)	[00.000057,00.002759]
04b_intensity_sampling  	    671	00.437437	(00.000652 +- 00.000150)	[00.000110,00.003066]
05_registration         	    671	02.114605	(00.003151 +- 00.000803)	[00.000691,00.013137]
06_map                  	    671	00.479262	(00.000714 +- 00.000207)	[00.000094,00.002346]
07_imu_opt              	    671	00.893467	(00.001332 +- 00.000217)	[00.000002,00.004487]
08_publish              	    671	05.717300	(00.008521 +- 00.002363)	[00.000508,00.028945]
step                    	    674	12.329873	(00.018294 +- 00.003888)	[00.003846,00.057703]

INFO  Timings:
SM Timing
-----------
00_conversion_livox     	    676	07.598799	(00.011241 +- 00.000618)	[00.008750,00.027519]
01_filter               	    675	00.178775	(00.000265 +- 00.000038)	[00.000113,00.002554]
02_preint               	    673	00.023983	(00.000036 +- 00.000003)	[00.000025,00.000078]
02a_intensity_preprocess	    675	01.665779	(00.002468 +- 00.000401)	[00.000801,00.007316]
03_undistortion         	    673	00.463810	(00.000689 +- 00.000199)	[00.000138,00.008355]
04_sampling             	    672	00.293199	(00.000436 +- 00.000088)	[00.000057,00.002759]
04b_intensity_sampling  	    672	00.437831	(00.000652 +- 00.000150)	[00.000110,00.003066]
05_registration         	    672	02.116467	(00.003150 +- 00.000788)	[00.000691,00.013137]
06_map                  	    672	00.479701	(00.000714 +- 00.000205)	[00.000094,00.002346]
07_imu_opt              	    672	00.895315	(00.001332 +- 00.000228)	[00.000002,00.004487]
08_publish              	    672	05.721495	(00.008514 +- 00.002217)	[00.000508,00.028945]
step                    	    675	12.341337	(00.018283 +- 00.003680)	[00.003846,00.057703]

INFO  Timings:
SM Timing
-----------
00_conversion_livox     	    677	07.611861	(00.011244 +- 00.000696)	[00.008750,00.027519]
01_filter               	    676	00.178966	(00.000265 +- 00.000037)	[00.000113,00.002554]
02_preint               	    674	00.024026	(00.000036 +- 00.000003)	[00.000025,00.000078]
02a_intensity_preprocess	    676	01.667614	(00.002467 +- 00.000380)	[00.000801,00.007316]
03_undistortion         	    674	00.464169	(00.000689 +- 00.000173)	[00.000138,00.008355]
04_sampling             	    673	00.293521	(00.000436 +- 00.000083)	[00.000057,00.002759]
04b_intensity_sampling  	    673	00.438255	(00.000651 +- 00.000146)	[00.000110,00.003066]
05_registration         	    673	02.119234	(00.003149 +- 00.000787)	[00.000691,00.013137]
06_map                  	    673	00.480147	(00.000713 +- 00.000192)	[00.000094,00.002346]
07_imu_opt              	    673	00.897319	(00.001333 +- 00.000244)	[00.000002,00.004487]
08_publish              	    673	05.725621	(00.008508 +- 00.002084)	[00.000508,00.028945]
step                    	    676	12.353938	(00.018275 +- 00.003464)	[00.003846,00.057703]

INFO  Timings:
SM Timing
-----------
00_conversion_livox     	    678	07.625038	(00.011246 +- 00.000770)	[00.008750,00.027519]
01_filter               	    677	00.179253	(00.000265 +- 00.000039)	[00.000113,00.002554]
02_preint               	    675	00.024069	(00.000036 +- 00.000004)	[00.000025,00.000078]
02a_intensity_preprocess	    677	01.669463	(00.002466 +- 00.000358)	[00.000801,00.007316]
03_undistortion         	    675	00.464604	(00.000688 +- 00.000162)	[00.000138,00.008355]
04_sampling             	    674	00.293820	(00.000436 +- 00.000081)	[00.000057,00.002759]
04b_intensity_sampling  	    674	00.438723	(00.000651 +- 00.000142)	[00.000110,00.003066]
05_registration         	    674	02.121874	(00.003148 +- 00.000781)	[00.000691,00.013137]
06_map                  	    674	00.480597	(00.000713 +- 00.000189)	[00.000094,00.002346]
07_imu_opt              	    674	00.898900	(00.001334 +- 00.000246)	[00.000002,00.004487]
08_publish              	    674	05.729988	(00.008501 +- 00.001974)	[00.000508,00.028945]
step                    	    677	12.366446	(00.018267 +- 00.003304)	[00.003846,00.057703]

INFO  Timings:
SM Timing
-----------
00_conversion_livox     	    679	07.637806	(00.011249 +- 00.000814)	[00.008750,00.027519]
01_filter               	    678	00.179488	(00.000265 +- 00.000039)	[00.000113,00.002554]
02_preint               	    676	00.024107	(00.000036 +- 00.000004)	[00.000025,00.000078]
02a_intensity_preprocess	    678	01.671513	(00.002465 +- 00.000346)	[00.000801,00.007316]
03_undistortion         	    676	00.465083	(00.000688 +- 00.000157)	[00.000138,00.008355]
04_sampling             	    675	00.294143	(00.000436 +- 00.000080)	[00.000057,00.002759]
04b_intensity_sampling  	    675	00.439209	(00.000651 +- 00.000142)	[00.000110,00.003066]
05_registration         	    675	02.125392	(00.003149 +- 00.000794)	[00.000691,00.013137]
06_map                  	    675	00.481071	(00.000713 +- 00.000186)	[00.000094,00.002346]
07_imu_opt              	    675	00.900665	(00.001334 +- 00.000252)	[00.000002,00.004487]
08_publish              	    675	05.735695	(00.008497 +- 00.001882)	[00.000508,00.028945]
step                    	    678	12.381590	(00.018262 +- 00.003209)	[00.003846,00.057703]

INFO  Timings:
SM Timing
-----------
00_conversion_livox     	    680	07.650797	(00.011251 +- 00.000864)	[00.008750,00.027519]
01_filter               	    679	00.179763	(00.000265 +- 00.000040)	[00.000113,00.002554]
02_preint               	    677	00.024143	(00.000036 +- 00.000004)	[00.000025,00.000078]
02a_intensity_preprocess	    679	01.673888	(00.002465 +- 00.000346)	[00.000801,00.007316]
03_undistortion         	    677	00.465557	(00.000688 +- 00.000149)	[00.000138,00.008355]
04_sampling             	    676	00.294553	(00.000436 +- 00.000080)	[00.000057,00.002759]
04b_intensity_sampling  	    676	00.439849	(00.000651 +- 00.000139)	[00.000110,00.003066]
05_registration         	    676	02.130214	(00.003151 +- 00.000868)	[00.000691,00.013137]
06_map                  	    676	00.481661	(00.000713 +- 00.000185)	[00.000094,00.002346]
07_imu_opt              	    676	00.902967	(00.001336 +- 00.000283)	[00.000002,00.004487]
08_publish              	    676	05.743437	(00.008496 +- 00.001863)	[00.000508,00.028945]
step                    	    679	12.401330	(00.018264 +- 00.003320)	[00.003846,00.057703]

INFO  Timings:
SM Timing
-----------
00_conversion_livox     	    681	07.663945	(00.011254 +- 00.000914)	[00.008750,00.027519]
01_filter               	    680	00.180039	(00.000265 +- 00.000041)	[00.000113,00.002554]
02_preint               	    678	00.024184	(00.000036 +- 00.000004)	[00.000025,00.000078]
02a_intensity_preprocess	    680	01.676574	(00.002466 +- 00.000365)	[00.000801,00.007316]
03_undistortion         	    678	00.466225	(00.000688 +- 00.000144)	[00.000138,00.008355]
04_sampling             	    677	00.295015	(00.000436 +- 00.000076)	[00.000057,00.002759]
04b_intensity_sampling  	    677	00.440581	(00.000651 +- 00.000139)	[00.000110,00.003066]
05_registration         	    677	02.134446	(00.003153 +- 00.000899)	[00.000691,00.013137]
06_map                  	    677	00.482540	(00.000713 +- 00.000186)	[00.000094,00.002346]
07_imu_opt              	    677	00.904408	(00.001336 +- 00.000282)	[00.000002,00.004487]
08_publish              	    677	05.753257	(00.008498 +- 00.001946)	[00.000508,00.028945]
step                    	    680	12.422626	(00.018269 +- 00.003455)	[00.003846,00.057703]

INFO  Timings:
SM Timing
-----------
00_conversion_livox     	    682	07.677206	(00.011257 +- 00.000960)	[00.008750,00.027519]
01_filter               	    681	00.180331	(00.000265 +- 00.000042)	[00.000113,00.002554]
02_preint               	    679	00.024222	(00.000036 +- 00.000004)	[00.000025,00.000078]
02a_intensity_preprocess	    681	01.679395	(00.002466 +- 00.000392)	[00.000801,00.007316]
03_undistortion         	    679	00.466972	(00.000688 +- 00.000147)	[00.000138,00.008355]
04_sampling             	    678	00.295503	(00.000436 +- 00.000079)	[00.000057,00.002759]
04b_intensity_sampling  	    678	00.441535	(00.000651 +- 00.000154)	[00.000110,00.003066]
05_registration         	    678	02.138903	(00.003155 +- 00.000945)	[00.000691,00.013137]
06_map                  	    678	00.483417	(00.000713 +- 00.000193)	[00.000094,00.002346]
07_imu_opt              	    678	00.905936	(00.001336 +- 00.000282)	[00.000002,00.004487]
08_publish              	    678	05.764530	(00.008502 +- 00.002118)	[00.000508,00.028945]
step                    	    681	12.446168	(00.018276 +- 00.003775)	[00.003846,00.057703]

INFO  Timings:
SM Timing
-----------
00_conversion_livox     	    683	07.690485	(00.011260 +- 00.001006)	[00.008750,00.027519]
01_filter               	    682	00.180602	(00.000265 +- 00.000043)	[00.000113,00.002554]
02_preint               	    680	00.024268	(00.000036 +- 00.000004)	[00.000025,00.000078]
02a_intensity_preprocess	    682	01.682403	(00.002467 +- 00.000426)	[00.000801,00.007316]
03_undistortion         	    680	00.467840	(00.000688 +- 00.000156)	[00.000138,00.008355]
04_sampling             	    679	00.296007	(00.000436 +- 00.000081)	[00.000057,00.002759]
04b_intensity_sampling  	    679	00.442332	(00.000651 +- 00.000157)	[00.000110,00.003066]
05_registration         	    679	02.143746	(00.003157 +- 00.001004)	[00.000691,00.013137]
06_map                  	    679	00.484273	(00.000713 +- 00.000198)	[00.000094,00.002346]
07_imu_opt              	    679	00.908247	(00.001338 +- 00.000309)	[00.000002,00.004487]
08_publish              	    679	05.775899	(00.008506 +- 00.002280)	[00.000508,00.028945]
step                    	    682	12.471173	(00.018286 +- 00.004142)	[00.003846,00.057703]

INFO  Timings:
SM Timing
-----------
00_conversion_livox     	    684	07.703616	(00.011263 +- 00.001039)	[00.008750,00.027519]
01_filter               	    683	00.180904	(00.000265 +- 00.000044)	[00.000113,00.002554]
02_preint               	    681	00.024314	(00.000036 +- 00.000004)	[00.000025,00.000078]
02a_intensity_preprocess	    683	01.685427	(00.002468 +- 00.000459)	[00.000801,00.007316]
03_undistortion         	    681	00.468733	(00.000688 +- 00.000160)	[00.000138,00.008355]
04_sampling             	    680	00.296568	(00.000436 +- 00.000087)	[00.000057,00.002759]
04b_intensity_sampling  	    680	00.443161	(00.000652 +- 00.000159)	[00.000110,00.003066]
05_registration         	    680	02.147216	(00.003158 +- 00.001014)	[00.000691,00.013137]
06_map                  	    680	00.485053	(00.000713 +- 00.000201)	[00.000094,00.002346]
07_imu_opt              	    680	00.909788	(00.001338 +- 00.000307)	[00.000002,00.004487]
08_publish              	    680	05.786842	(00.008510 +- 00.002410)	[00.000508,00.028945]
step                    	    683	12.493642	(00.018292 +- 00.004346)	[00.003846,00.057703]

INFO  Timings:
SM Timing
-----------
00_conversion_livox     	    685	07.715967	(00.011264 +- 00.001043)	[00.008750,00.027519]
01_filter               	    684	00.181155	(00.000265 +- 00.000044)	[00.000113,00.002554]
02_preint               	    682	00.024357	(00.000036 +- 00.000004)	[00.000025,00.000078]
02a_intensity_preprocess	    684	01.688277	(00.002468 +- 00.000481)	[00.000801,00.007316]
03_undistortion         	    682	00.469649	(00.000689 +- 00.000172)	[00.000138,00.008355]
04_sampling             	    681	00.297152	(00.000436 +- 00.000094)	[00.000057,00.002759]
04b_intensity_sampling  	    681	00.443965	(00.000652 +- 00.000165)	[00.000110,00.003066]
05_registration         	    681	02.150640	(00.003158 +- 00.000984)	[00.000691,00.013137]
06_map                  	    681	00.485973	(00.000714 +- 00.000210)	[00.000094,00.002346]
07_imu_opt              	    681	00.911284	(00.001338 +- 00.000307)	[00.000002,00.004487]
08_publish              	    681	05.797489	(00.008513 +- 00.002517)	[00.000508,00.028945]
step                    	    684	12.515656	(00.018298 +- 00.004483)	[00.003846,00.057703]

INFO  Timings:
SM Timing
-----------
00_conversion_livox     	    686	07.728256	(00.011266 +- 00.001051)	[00.008750,00.027519]
01_filter               	    685	00.181402	(00.000265 +- 00.000044)	[00.000113,00.002554]
02_preint               	    683	00.024400	(00.000036 +- 00.000004)	[00.000025,00.000078]
02a_intensity_preprocess	    685	01.691005	(00.002469 +- 00.000493)	[00.000801,00.007316]
03_undistortion         	    683	00.470652	(00.000689 +- 00.000188)	[00.000138,00.008355]
04_sampling             	    682	00.297695	(00.000437 +- 00.000099)	[00.000057,00.002759]
04b_intensity_sampling  	    682	00.444668	(00.000652 +- 00.000164)	[00.000110,00.003066]
05_registration         	    682	02.156419	(00.003162 +- 00.001085)	[00.000691,00.013137]
06_map                  	    682	00.486859	(00.000714 +- 00.000216)	[00.000094,00.002346]
07_imu_opt              	    682	00.913035	(00.001339 +- 00.000309)	[00.000002,00.004487]
08_publish              	    682	05.808569	(00.008517 +- 00.002638)	[00.000508,00.028945]
step                    	    685	12.540479	(00.018307 +- 00.004758)	[00.003846,00.057703]

INFO  Timings:
SM Timing
-----------
00_conversion_livox     	    687	07.739918	(00.011266 +- 00.001052)	[00.008750,00.027519]
01_filter               	    686	00.181770	(00.000265 +- 00.000050)	[00.000113,00.002554]
02_preint               	    684	00.024441	(00.000036 +- 00.000004)	[00.000025,00.000078]
02a_intensity_preprocess	    686	01.693866	(00.002469 +- 00.000513)	[00.000801,00.007316]
03_undistortion         	    684	00.471578	(00.000689 +- 00.000198)	[00.000138,00.008355]
04_sampling             	    683	00.298305	(00.000437 +- 00.000107)	[00.000057,00.002759]
04b_intensity_sampling  	    683	00.445922	(00.000653 +- 00.000195)	[00.000110,00.003066]
05_registration         	    683	02.160516	(00.003163 +- 00.001107)	[00.000691,00.013137]
06_map                  	    683	00.487759	(00.000714 +- 00.000222)	[00.000094,00.002346]
07_imu_opt              	    683	00.914702	(00.001339 +- 00.000309)	[00.000002,00.004487]
08_publish              	    683	05.819884	(00.008521 +- 00.002770)	[00.000508,00.028945]
step                    	    686	12.564596	(00.018316 +- 00.005005)	[00.003846,00.057703]

INFO  Timings:
SM Timing
-----------
00_conversion_livox     	    688	07.750957	(00.011266 +- 00.001049)	[00.008750,00.027519]
01_filter               	    687	00.182030	(00.000265 +- 00.000050)	[00.000113,00.002554]
02_preint               	    685	00.024481	(00.000036 +- 00.000004)	[00.000025,00.000078]
02a_intensity_preprocess	    687	01.696698	(00.002470 +- 00.000532)	[00.000801,00.007316]
03_undistortion         	    685	00.472613	(00.000690 +- 00.000213)	[00.000138,00.008355]
04_sampling             	    684	00.298872	(00.000437 +- 00.000112)	[00.000057,00.002759]
04b_intensity_sampling  	    684	00.446868	(00.000653 +- 00.000204)	[00.000110,00.003066]
05_registration         	    684	02.166250	(00.003167 +- 00.001162)	[00.000691,00.013137]
06_map                  	    684	00.488593	(00.000714 +- 00.000227)	[00.000094,00.002346]
07_imu_opt              	    684	00.916244	(00.001340 +- 00.000309)	[00.000002,00.004487]
08_publish              	    684	05.831268	(00.008525 +- 00.002900)	[00.000508,00.028945]
step                    	    687	12.589869	(00.018326 +- 00.005263)	[00.003846,00.057703]

INFO  Timings:
SM Timing
-----------
00_conversion_livox     	    689	07.761959	(00.011266 +- 00.001038)	[00.008750,00.027519]
01_filter               	    688	00.182282	(00.000265 +- 00.000050)	[00.000113,00.002554]
02_preint               	    686	00.024516	(00.000036 +- 00.000004)	[00.000025,00.000078]
02a_intensity_preprocess	    688	01.700045	(00.002471 +- 00.000573)	[00.000801,00.007316]
03_undistortion         	    686	00.473553	(00.000690 +- 00.000223)	[00.000138,00.008355]
04_sampling             	    685	00.299408	(00.000437 +- 00.000115)	[00.000057,00.002759]
04b_intensity_sampling  	    685	00.447644	(00.000653 +- 00.000208)	[00.000110,00.003066]
05_registration         	    685	02.171139	(00.003170 +- 00.001207)	[00.000691,00.013137]
06_map                  	    685	00.489452	(00.000715 +- 00.000231)	[00.000094,00.002346]
07_imu_opt              	    685	00.917586	(00.001340 +- 00.000307)	[00.000002,00.004487]
08_publish              	    685	05.842719	(00.008530 +- 00.003031)	[00.000508,00.028945]
step                    	    688	12.614390	(00.018335 +- 00.005503)	[00.003846,00.057703]

INFO  Timings:
SM Timing
-----------
00_conversion_livox     	    690	07.773001	(00.011265 +- 00.001037)	[00.008750,00.027519]
01_filter               	    689	00.182550	(00.000265 +- 00.000051)	[00.000113,00.002554]
02_preint               	    687	00.024559	(00.000036 +- 00.000004)	[00.000025,00.000078]
02a_intensity_preprocess	    689	01.702976	(00.002472 +- 00.000594)	[00.000801,00.007316]
03_undistortion         	    687	00.474350	(00.000690 +- 00.000228)	[00.000138,00.008355]
04_sampling             	    686	00.299899	(00.000437 +- 00.000117)	[00.000057,00.002759]
04b_intensity_sampling  	    686	00.448296	(00.000653 +- 00.000209)	[00.000110,00.003066]
05_registration         	    686	02.176275	(00.003172 +- 00.001257)	[00.000691,00.013137]
06_map                  	    686	00.490243	(00.000715 +- 00.000235)	[00.000094,00.002346]
07_imu_opt              	    686	00.919190	(00.001340 +- 00.000306)	[00.000002,00.004487]
08_publish              	    686	05.854447	(00.008534 +- 00.003168)	[00.000508,00.028945]
step                    	    689	12.638924	(00.018344 +- 00.005729)	[00.003846,00.057703]

INFO  Timings:
SM Timing
-----------
00_conversion_livox     	    691	07.783975	(00.011265 +- 00.001038)	[00.008750,00.027519]
01_filter               	    690	00.182879	(00.000265 +- 00.000053)	[00.000113,00.002554]
02_preint               	    688	00.024598	(00.000036 +- 00.000004)	[00.000025,00.000078]
02a_intensity_preprocess	    690	01.705911	(00.002472 +- 00.000612)	[00.000801,00.007316]
03_undistortion         	    688	00.475316	(00.000691 +- 00.000239)	[00.000138,00.008355]
04_sampling             	    687	00.300457	(00.000437 +- 00.000121)	[00.000057,00.002759]
04b_intensity_sampling  	    687	00.449023	(00.000654 +- 00.000210)	[00.000110,00.003066]
05_registration         	    687	02.180746	(00.003174 +- 00.001282)	[00.000691,00.013137]
06_map                  	    687	00.491024	(00.000715 +- 00.000237)	[00.000094,00.002346]
07_imu_opt              	    687	00.920508	(00.001340 +- 00.000305)	[00.000002,00.004487]
08_publish              	    687	05.866044	(00.008539 +- 00.003291)	[00.000508,00.028945]
step                    	    690	12.662717	(00.018352 +- 00.005911)	[00.003846,00.057703]

INFO  Timings:
SM Timing
-----------
00_conversion_livox     	    692	07.794605	(00.011264 +- 00.001041)	[00.008750,00.027519]
01_filter               	    691	00.183195	(00.000265 +- 00.000055)	[00.000113,00.002554]
02_preint               	    689	00.024641	(00.000036 +- 00.000004)	[00.000025,00.000078]
02a_intensity_preprocess	    691	01.708831	(00.002473 +- 00.000629)	[00.000801,00.007316]
03_undistortion         	    689	00.476124	(00.000691 +- 00.000244)	[00.000138,00.008355]
04_sampling             	    688	00.300975	(00.000437 +- 00.000123)	[00.000057,00.002759]
04b_intensity_sampling  	    688	00.449753	(00.000654 +- 00.000212)	[00.000110,00.003066]
05_registration         	    688	02.185244	(00.003176 +- 00.001298)	[00.000691,00.013137]
06_map                  	    688	00.491839	(00.000715 +- 00.000240)	[00.000094,00.002346]
07_imu_opt              	    688	00.921815	(00.001340 +- 00.000304)	[00.000002,00.004487]
08_publish              	    688	05.877114	(00.008542 +- 00.003384)	[00.000508,00.028945]
step                    	    691	12.685827	(00.018359 +- 00.006050)	[00.003846,00.057703]

INFO  Timings:
SM Timing
-----------
00_conversion_livox     	    693	07.805510	(00.011263 +- 00.001039)	[00.008750,00.027519]
01_filter               	    692	00.183535	(00.000265 +- 00.000057)	[00.000113,00.002554]
02_preint               	    690	00.024679	(00.000036 +- 00.000004)	[00.000025,00.000078]
02a_intensity_preprocess	    692	01.711532	(00.002473 +- 00.000639)	[00.000801,00.007316]
03_undistortion         	    690	00.477112	(00.000691 +- 00.000254)	[00.000138,00.008355]
04_sampling             	    689	00.301599	(00.000438 +- 00.000129)	[00.000057,00.002759]
04b_intensity_sampling  	    689	00.450611	(00.000654 +- 00.000217)	[00.000110,00.003066]
05_registration         	    689	02.190525	(00.003179 +- 00.001339)	[00.000691,00.013137]
06_map                  	    689	00.492557	(00.000715 +- 00.000241)	[00.000094,00.002346]
07_imu_opt              	    689	00.923139	(00.001340 +- 00.000303)	[00.000002,00.004487]
08_publish              	    689	05.887508	(00.008545 +- 00.003449)	[00.000508,00.028945]
step                    	    692	12.709194	(00.018366 +- 00.006187)	[00.003846,00.057703]

INFO  Timings:
SM Timing
-----------
00_conversion_livox     	    694	07.816057	(00.011262 +- 00.001042)	[00.008750,00.027519]
01_filter               	    693	00.183854	(00.000265 +- 00.000059)	[00.000113,00.002554]
02_preint               	    691	00.024714	(00.000036 +- 00.000004)	[00.000025,00.000078]
02a_intensity_preprocess	    693	01.714155	(00.002474 +- 00.000646)	[00.000801,00.007316]
03_undistortion         	    691	00.477939	(00.000692 +- 00.000258)	[00.000138,00.008355]
04_sampling             	    690	00.302078	(00.000438 +- 00.000130)	[00.000057,00.002759]
04b_intensity_sampling  	    690	00.451298	(00.000654 +- 00.000218)	[00.000110,00.003066]
05_registration         	    690	02.194297	(00.003180 +- 00.001346)	[00.000691,00.013137]
06_map                  	    690	00.493375	(00.000715 +- 00.000244)	[00.000094,00.002346]
07_imu_opt              	    690	00.924644	(00.001340 +- 00.000303)	[00.000002,00.004487]
08_publish              	    690	05.897906	(00.008548 +- 00.003510)	[00.000508,00.028945]
step                    	    693	12.730734	(00.018370 +- 00.006271)	[00.003846,00.057703]

INFO  Timings:
SM Timing
-----------
00_conversion_livox     	    695	07.826639	(00.011261 +- 00.001042)	[00.008750,00.027519]
01_filter               	    694	00.184170	(00.000265 +- 00.000060)	[00.000113,00.002554]
02_preint               	    692	00.024751	(00.000036 +- 00.000004)	[00.000025,00.000078]
02a_intensity_preprocess	    694	01.716784	(00.002474 +- 00.000652)	[00.000801,00.007316]
03_undistortion         	    692	00.478788	(00.000692 +- 00.000261)	[00.000138,00.008355]
04_sampling             	    691	00.302659	(00.000438 +- 00.000133)	[00.000057,00.002759]
04b_intensity_sampling  	    691	00.451922	(00.000654 +- 00.000217)	[00.000110,00.003066]
05_registration         	    691	02.199236	(00.003183 +- 00.001368)	[00.000691,00.013137]
06_map                  	    691	00.494107	(00.000715 +- 00.000245)	[00.000094,00.002346]
07_imu_opt              	    691	00.925988	(00.001340 +- 00.000300)	[00.000002,00.004487]
08_publish              	    691	05.908228	(00.008550 +- 00.003564)	[00.000508,00.028945]
step                    	    694	12.753185	(00.018376 +- 00.006358)	[00.003846,00.057703]

INFO  Timings:
SM Timing
-----------
00_conversion_livox     	    696	07.837299	(00.011260 +- 00.001044)	[00.008750,00.027519]
01_filter               	    695	00.184493	(00.000265 +- 00.000062)	[00.000113,00.002554]
02_preint               	    693	00.024788	(00.000036 +- 00.000004)	[00.000025,00.000078]
02a_intensity_preprocess	    695	01.719483	(00.002474 +- 00.000659)	[00.000801,00.007316]
03_undistortion         	    693	00.479684	(00.000692 +- 00.000266)	[00.000138,00.008355]
04_sampling             	    692	00.303196	(00.000438 +- 00.000135)	[00.000057,00.002759]
04b_intensity_sampling  	    692	00.452579	(00.000654 +- 00.000218)	[00.000110,00.003066]
05_registration         	    692	02.206247	(00.003188 +- 00.001470)	[00.000691,00.013137]
06_map                  	    692	00.494936	(00.000715 +- 00.000248)	[00.000094,00.002346]
07_imu_opt              	    692	00.927208	(00.001340 +- 00.000300)	[00.000002,00.004487]
08_publish              	    692	05.919028	(00.008554 +- 00.003626)	[00.000508,00.028945]
step                    	    695	12.778248	(00.018386 +- 00.006508)	[00.003846,00.057703]

INFO  Timings:
SM Timing
-----------
00_conversion_livox     	    697	07.848060	(00.011260 +- 00.001046)	[00.008750,00.027519]
01_filter               	    696	00.184849	(00.000266 +- 00.000064)	[00.000113,00.002554]
02_preint               	    694	00.024825	(00.000036 +- 00.000004)	[00.000025,00.000078]
02a_intensity_preprocess	    696	01.722194	(00.002474 +- 00.000666)	[00.000801,00.007316]
03_undistortion         	    694	00.480481	(00.000692 +- 00.000268)	[00.000138,00.008355]
04_sampling             	    693	00.303760	(00.000438 +- 00.000138)	[00.000057,00.002759]
04b_intensity_sampling  	    693	00.453273	(00.000654 +- 00.000219)	[00.000110,00.003066]
05_registration         	    693	02.211475	(00.003191 +- 00.001495)	[00.000691,00.013137]
06_map                  	    693	00.495681	(00.000715 +- 00.000249)	[00.000094,00.002346]
07_imu_opt              	    693	00.928407	(00.001340 +- 00.000299)	[00.000002,00.004487]
08_publish              	    693	05.930019	(00.008557 +- 00.003689)	[00.000508,00.028945]
step                    	    696	12.801641	(00.018393 +- 00.006618)	[00.003846,00.057703]

INFO  Timings:
SM Timing
-----------
00_conversion_livox     	    698	07.859084	(00.011259 +- 00.001047)	[00.008750,00.027519]
01_filter               	    697	00.185209	(00.000266 +- 00.000067)	[00.000113,00.002554]
02_preint               	    695	00.024862	(00.000036 +- 00.000004)	[00.000025,00.000078]
02a_intensity_preprocess	    697	01.724978	(00.002475 +- 00.000675)	[00.000801,00.007316]
03_undistortion         	    695	00.481366	(00.000693 +- 00.000273)	[00.000138,00.008355]
04_sampling             	    694	00.304379	(00.000439 +- 00.000142)	[00.000057,00.002759]
04b_intensity_sampling  	    694	00.453955	(00.000654 +- 00.000219)	[00.000110,00.003066]
05_registration         	    694	02.215319	(00.003192 +- 00.001492)	[00.000691,00.013137]
06_map                  	    694	00.496547	(00.000715 +- 00.000251)	[00.000094,00.002346]
07_imu_opt              	    694	00.929637	(00.001340 +- 00.000294)	[00.000002,00.004487]
08_publish              	    694	05.941454	(00.008561 +- 00.003760)	[00.000508,00.028945]
step                    	    697	12.824477	(00.018400 +- 00.006703)	[00.003846,00.057703]

INFO  Timings:
SM Timing
-----------
00_conversion_livox     	    699	07.870331	(00.011259 +- 00.001046)	[00.008750,00.027519]
01_filter               	    698	00.185550	(00.000266 +- 00.000068)	[00.000113,00.002554]
02_preint               	    696	00.024897	(00.000036 +- 00.000004)	[00.000025,00.000078]
02a_intensity_preprocess	    698	01.727795	(00.002475 +- 00.000684)	[00.000801,00.007316]
03_undistortion         	    696	00.482276	(00.000693 +- 00.000278)	[00.000138,00.008355]
04_sampling             	    695	00.305020	(00.000439 +- 00.000146)	[00.000057,00.002759]
04b_intensity_sampling  	    695	00.454595	(00.000654 +- 00.000219)	[00.000110,00.003066]
05_registration         	    695	02.221602	(00.003197 +- 00.001548)	[00.000691,00.013137]
06_map                  	    695	00.497307	(00.000716 +- 00.000253)	[00.000094,00.002346]
07_imu_opt              	    695	00.931204	(00.001340 +- 00.000294)	[00.000002,00.004487]
08_publish              	    695	05.952797	(00.008565 +- 00.003825)	[00.000508,00.028945]
step                    	    698	12.849886	(00.018410 +- 00.006845)	[00.003846,00.057703]

INFO  Timings:
SM Timing
-----------
00_conversion_livox     	    700	07.881308	(00.011259 +- 00.001043)	[00.008750,00.027519]
01_filter               	    699	00.185795	(00.000266 +- 00.000068)	[00.000113,00.002554]
02_preint               	    697	00.024933	(00.000036 +- 00.000004)	[00.000025,00.000078]
02a_intensity_preprocess	    699	01.730670	(00.002476 +- 00.000694)	[00.000801,00.007316]
03_undistortion         	    697	00.483241	(00.000693 +- 00.000283)	[00.000138,00.008355]
04_sampling             	    696	00.305667	(00.000439 +- 00.000150)	[00.000057,00.002759]
04b_intensity_sampling  	    696	00.455327	(00.000654 +- 00.000221)	[00.000110,00.003066]
05_registration         	    696	02.226273	(00.003199 +- 00.001558)	[00.000691,00.013137]
06_map                  	    696	00.498166	(00.000716 +- 00.000226)	[00.000094,00.002346]
07_imu_opt              	    696	00.932445	(00.001340 +- 00.000294)	[00.000002,00.004487]
08_publish              	    696	05.964216	(00.008569 +- 00.003888)	[00.000508,00.028945]
step                    	    699	12.873653	(00.018417 +- 00.006944)	[00.003846,00.057703]

INFO  Timings:
SM Timing
-----------
00_conversion_livox     	    701	07.892353	(00.011259 +- 00.001042)	[00.008750,00.027519]
01_filter               	    700	00.186034	(00.000266 +- 00.000068)	[00.000113,00.002554]
02_preint               	    698	00.024965	(00.000036 +- 00.000004)	[00.000025,00.000078]
02a_intensity_preprocess	    700	01.733616	(00.002477 +- 00.000705)	[00.000801,00.007316]
03_undistortion         	    698	00.484152	(00.000694 +- 00.000287)	[00.000138,00.008355]
04_sampling             	    697	00.306303	(00.000439 +- 00.000154)	[00.000057,00.002759]
04b_intensity_sampling  	    697	00.455873	(00.000654 +- 00.000221)	[00.000110,00.003066]
05_registration         	    697	02.229650	(00.003199 +- 00.001557)	[00.000691,00.013137]
06_map                  	    697	00.498954	(00.000716 +- 00.000228)	[00.000094,00.002346]
07_imu_opt              	    697	00.933710	(00.001340 +- 00.000295)	[00.000002,00.004487]
08_publish              	    697	05.975512	(00.008573 +- 00.003943)	[00.000508,00.028945]
step                    	    700	12.895749	(00.018422 +- 00.007000)	[00.003846,00.057703]

INFO  Timings:
SM Timing
-----------
00_conversion_livox     	    702	07.903155	(00.011258 +- 00.001043)	[00.008750,00.027519]
01_filter               	    701	00.186256	(00.000266 +- 00.000068)	[00.000113,00.002554]
02_preint               	    699	00.025002	(00.000036 +- 00.000004)	[00.000025,00.000078]
02a_intensity_preprocess	    701	01.736411	(00.002477 +- 00.000711)	[00.000801,00.007316]
03_undistortion         	    699	00.485052	(00.000694 +- 00.000289)	[00.000138,00.008355]
04_sampling             	    698	00.306872	(00.000440 +- 00.000155)	[00.000057,00.002759]
04b_intensity_sampling  	    698	00.456478	(00.000654 +- 00.000220)	[00.000110,00.003066]
05_registration         	    698	02.233979	(00.003201 +- 00.001555)	[00.000691,00.013137]
06_map                  	    698	00.499758	(00.000716 +- 00.000230)	[00.000094,00.002346]
07_imu_opt              	    698	00.935236	(00.001340 +- 00.000295)	[00.000002,00.004487]
08_publish              	    698	05.986436	(00.008577 +- 00.003981)	[00.000508,00.028945]
step                    	    701	12.918527	(00.018429 +- 00.007049)	[00.003846,00.057703]

INFO  Timings:
SM Timing
-----------
00_conversion_livox     	    703	07.913785	(00.011257 +- 00.001046)	[00.008750,00.027519]
01_filter               	    702	00.186505	(00.000266 +- 00.000067)	[00.000113,00.002554]
02_preint               	    700	00.025031	(00.000036 +- 00.000004)	[00.000025,00.000078]
02a_intensity_preprocess	    702	01.739220	(00.002478 +- 00.000717)	[00.000801,00.007316]
03_undistortion         	    700	00.485977	(00.000694 +- 00.000292)	[00.000138,00.008355]
04_sampling             	    699	00.307481	(00.000440 +- 00.000158)	[00.000057,00.002759]
04b_intensity_sampling  	    699	00.457851	(00.000655 +- 00.000248)	[00.000110,00.003066]
05_registration         	    699	02.240180	(00.003205 +- 00.001596)	[00.000691,00.013137]
06_map                  	    699	00.500584	(00.000716 +- 00.000233)	[00.000094,00.002346]
07_imu_opt              	    699	00.937389	(00.001341 +- 00.000310)	[00.000002,00.004487]
08_publish              	    699	05.997440	(00.008580 +- 00.004012)	[00.000508,00.028945]
step                    	    702	12.944803	(00.018440 +- 00.007166)	[00.003846,00.057703]

INFO  Timings:
SM Timing
-----------
00_conversion_livox     	    704	07.924512	(00.011256 +- 00.001042)	[00.008750,00.027519]
01_filter               	    703	00.186723	(00.000266 +- 00.000067)	[00.000113,00.002554]
02_preint               	    701	00.025068	(00.000036 +- 00.000004)	[00.000025,00.000078]
02a_intensity_preprocess	    703	01.742006	(00.002478 +- 00.000719)	[00.000801,00.007316]
03_undistortion         	    701	00.486818	(00.000694 +- 00.000292)	[00.000138,00.008355]
04_sampling             	    700	00.308208	(00.000440 +- 00.000164)	[00.000057,00.002759]
04b_intensity_sampling  	    700	00.458529	(00.000655 +- 00.000248)	[00.000110,00.003066]
05_registration         	    700	02.244682	(00.003207 +- 00.001593)	[00.000691,00.013137]
06_map                  	    700	00.501429	(00.000716 +- 00.000235)	[00.000094,00.002346]
07_imu_opt              	    700	00.939206	(00.001342 +- 00.000312)	[00.000002,00.004487]
08_publish              	    700	06.008514	(00.008584 +- 00.004032)	[00.000508,00.028945]
step                    	    703	12.968398	(00.018447 +- 00.007194)	[00.003846,00.057703]

INFO  Timings:
SM Timing
-----------
00_conversion_livox     	    705	07.935038	(00.011255 +- 00.001040)	[00.008750,00.027519]
01_filter               	    704	00.186973	(00.000266 +- 00.000067)	[00.000113,00.002554]
02_preint               	    702	00.025105	(00.000036 +- 00.000004)	[00.000025,00.000078]
02a_intensity_preprocess	    704	01.744741	(00.002478 +- 00.000719)	[00.000801,00.007316]
03_undistortion         	    702	00.487928	(00.000695 +- 00.000299)	[00.000138,00.008355]
04_sampling             	    701	00.308833	(00.000441 +- 00.000166)	[00.000057,00.002759]
04b_intensity_sampling  	    701	00.459118	(00.000655 +- 00.000247)	[00.000110,00.003066]
05_registration         	    701	02.248865	(00.003208 +- 00.001577)	[00.000691,00.013137]
06_map                  	    701	00.502280	(00.000717 +- 00.000236)	[00.000094,00.002346]
07_imu_opt              	    701	00.940665	(00.001342 +- 00.000311)	[00.000002,00.004487]
08_publish              	    701	06.019877	(00.008588 +- 00.004048)	[00.000508,00.028945]
step                    	    704	12.991678	(00.018454 +- 00.007190)	[00.003846,00.057703]

INFO  Timings:
SM Timing
-----------
00_conversion_livox     	    706	07.946043	(00.011255 +- 00.001034)	[00.008750,00.027519]
01_filter               	    705	00.187220	(00.000266 +- 00.000066)	[00.000113,00.002554]
02_preint               	    703	00.025144	(00.000036 +- 00.000004)	[00.000025,00.000078]
02a_intensity_preprocess	    705	01.747964	(00.002479 +- 00.000726)	[00.000801,00.007316]
03_undistortion         	    703	00.488877	(00.000695 +- 00.000300)	[00.000138,00.008355]
04_sampling             	    702	00.309546	(00.000441 +- 00.000170)	[00.000057,00.002759]
04b_intensity_sampling  	    702	00.459848	(00.000655 +- 00.000246)	[00.000110,00.003066]
05_registration         	    702	02.253253	(00.003210 +- 00.001567)	[00.000691,00.013137]
06_map                  	    702	00.503247	(00.000717 +- 00.000238)	[00.000094,00.002346]
07_imu_opt              	    702	00.942335	(00.001342 +- 00.000310)	[00.000002,00.004487]
08_publish              	    702	06.032721	(00.008594 +- 00.004092)	[00.000508,00.028945]
step                    	    705	13.017526	(00.018465 +- 00.007229)	[00.003846,00.057703]

INFO  Timings:
SM Timing
-----------
00_conversion_livox     	    707	07.958426	(00.011257 +- 00.001035)	[00.008750,00.027519]
01_filter               	    706	00.187558	(00.000266 +- 00.000067)	[00.000113,00.002554]
02_preint               	    704	00.025179	(00.000036 +- 00.000004)	[00.000025,00.000078]
02a_intensity_preprocess	    706	01.751302	(00.002481 +- 00.000736)	[00.000801,00.007316]
03_undistortion         	    704	00.489788	(00.000696 +- 00.000302)	[00.000138,00.008355]
04_sampling             	    703	00.310281	(00.000441 +- 00.000174)	[00.000057,00.002759]
04b_intensity_sampling  	    703	00.460630	(00.000655 +- 00.000246)	[00.000110,00.003066]
05_registration         	    703	02.257803	(00.003212 +- 00.001556)	[00.000691,00.013137]
06_map                  	    703	00.504221	(00.000717 +- 00.000241)	[00.000094,00.002346]
07_imu_opt              	    703	00.943847	(00.001343 +- 00.000306)	[00.000002,00.004487]
08_publish              	    703	06.046606	(00.008601 +- 00.004151)	[00.000508,00.028945]
step                    	    706	13.044713	(00.018477 +- 00.007284)	[00.003846,00.057703]

INFO  Timings:
SM Timing
-----------
00_conversion_livox     	    708	07.970381	(00.011258 +- 00.001031)	[00.008750,00.027519]
01_filter               	    707	00.187929	(00.000266 +- 00.000068)	[00.000113,00.002554]
02_preint               	    705	00.025214	(00.000036 +- 00.000004)	[00.000025,00.000078]
02a_intensity_preprocess	    707	01.754836	(00.002482 +- 00.000748)	[00.000801,00.007316]
03_undistortion         	    705	00.490783	(00.000696 +- 00.000305)	[00.000138,00.008355]
04_sampling             	    704	00.311070	(00.000442 +- 00.000180)	[00.000057,00.002759]
04b_intensity_sampling  	    704	00.461443	(00.000655 +- 00.000246)	[00.000110,00.003066]
05_registration         	    704	02.262824	(00.003214 +- 00.001541)	[00.000691,00.013137]
06_map                  	    704	00.505167	(00.000718 +- 00.000242)	[00.000094,00.002346]
07_imu_opt              	    704	00.945720	(00.001343 +- 00.000308)	[00.000002,00.004487]
08_publish              	    704	06.060986	(00.008609 +- 00.004211)	[00.000508,00.028945]
step                    	    707	13.073579	(00.018492 +- 00.007349)	[00.003846,00.057703]

INFO  Timings:
SM Timing
-----------
00_conversion_livox     	    709	07.983065	(00.011260 +- 00.001040)	[00.008750,00.027519]
01_filter               	    708	00.188263	(00.000266 +- 00.000068)	[00.000113,00.002554]
02_preint               	    706	00.025253	(00.000036 +- 00.000004)	[00.000025,00.000078]
02a_intensity_preprocess	    708	01.758444	(00.002484 +- 00.000759)	[00.000801,00.007316]
03_undistortion         	    706	00.491684	(00.000696 +- 00.000303)	[00.000138,00.008355]
04_sampling             	    705	00.311840	(00.000442 +- 00.000184)	[00.000057,00.002759]
04b_intensity_sampling  	    705	00.462249	(00.000656 +- 00.000246)	[00.000110,00.003066]
05_registration         	    705	02.267890	(00.003217 +- 00.001541)	[00.000691,00.013137]
06_map                  	    705	00.506257	(00.000718 +- 00.000247)	[00.000094,00.002346]
07_imu_opt              	    705	00.947231	(00.001344 +- 00.000304)	[00.000002,00.004487]
08_publish              	    705	06.075884	(00.008618 +- 00.004268)	[00.000508,00.028945]
step                    	    708	13.102688	(00.018507 +- 00.007411)	[00.003846,00.057703]

INFO  Timings:
SM Timing
-----------
00_conversion_livox     	    710	07.995441	(00.011261 +- 00.001044)	[00.008750,00.027519]
01_filter               	    709	00.188607	(00.000266 +- 00.000068)	[00.000113,00.002554]
02_preint               	    707	00.025294	(00.000036 +- 00.000004)	[00.000025,00.000078]
02a_intensity_preprocess	    709	01.762105	(00.002485 +- 00.000768)	[00.000801,00.007316]
03_undistortion         	    707	00.492565	(00.000697 +- 00.000300)	[00.000138,00.008355]
04_sampling             	    706	00.312627	(00.000443 +- 00.000188)	[00.000057,00.002759]
04b_intensity_sampling  	    706	00.463002	(00.000656 +- 00.000245)	[00.000110,00.003066]
05_registration         	    706	02.272296	(00.003219 +- 00.001512)	[00.000691,00.013137]
06_map                  	    706	00.507283	(00.000719 +- 00.000249)	[00.000094,00.002346]
07_imu_opt              	    706	00.948959	(00.001344 +- 00.000300)	[00.000002,00.004487]
08_publish              	    706	06.090905	(00.008627 +- 00.004312)	[00.000508,00.028945]
step                    	    709	13.131433	(00.018521 +- 00.007413)	[00.003846,00.057703]

INFO  Timings:
SM Timing
-----------
00_conversion_livox     	    711	08.008699	(00.011264 +- 00.001065)	[00.008750,00.027519]
01_filter               	    710	00.188951	(00.000266 +- 00.000067)	[00.000113,00.002554]
02_preint               	    708	00.025332	(00.000036 +- 00.000004)	[00.000025,00.000078]
02a_intensity_preprocess	    710	01.765778	(00.002487 +- 00.000775)	[00.000801,00.007316]
03_undistortion         	    708	00.493462	(00.000697 +- 00.000296)	[00.000138,00.008355]
04_sampling             	    707	00.313341	(00.000443 +- 00.000188)	[00.000057,00.002759]
04b_intensity_sampling  	    707	00.463732	(00.000656 +- 00.000242)	[00.000110,00.003066]
05_registration         	    707	02.278550	(00.003223 +- 00.001523)	[00.000691,00.013137]
06_map                  	    707	00.508303	(00.000719 +- 00.000248)	[00.000094,00.002346]
07_imu_opt              	    707	00.950509	(00.001344 +- 00.000295)	[00.000002,00.004487]
08_publish              	    707	06.105838	(00.008636 +- 00.004334)	[00.000508,00.028945]
step                    	    710	13.161658	(00.018538 +- 00.007428)	[00.003846,00.057703]

INFO  Timings:
SM Timing
-----------
00_conversion_livox     	    712	08.021729	(00.011266 +- 00.001080)	[00.008750,00.027519]
01_filter               	    711	00.189299	(00.000266 +- 00.000067)	[00.000113,00.002554]
02_preint               	    709	00.025373	(00.000036 +- 00.000004)	[00.000025,00.000078]
02a_intensity_preprocess	    711	01.769603	(00.002489 +- 00.000783)	[00.000801,00.007316]
03_undistortion         	    709	00.494533	(00.000698 +- 00.000295)	[00.000138,00.008355]
04_sampling             	    708	00.314240	(00.000444 +- 00.000194)	[00.000057,00.002759]
04b_intensity_sampling  	    708	00.464476	(00.000656 +- 00.000239)	[00.000110,00.003066]
05_registration         	    708	02.283321	(00.003225 +- 00.001527)	[00.000691,00.013137]
06_map                  	    708	00.509309	(00.000719 +- 00.000247)	[00.000094,00.002346]
07_imu_opt              	    708	00.953005	(00.001346 +- 00.000320)	[00.000002,00.004487]
08_publish              	    708	06.120894	(00.008645 +- 00.004345)	[00.000508,00.028945]
step                    	    711	13.192006	(00.018554 +- 00.007474)	[00.003846,00.057703]

INFO  Timings:
SM Timing
-----------
00_conversion_livox     	    713	08.035204	(00.011270 +- 00.001098)	[00.008750,00.027519]
01_filter               	    712	00.189645	(00.000266 +- 00.000067)	[00.000113,00.002554]
02_preint               	    710	00.025408	(00.000036 +- 00.000004)	[00.000025,00.000078]
02a_intensity_preprocess	    712	01.773299	(00.002491 +- 00.000782)	[00.000801,00.007316]
03_undistortion         	    710	00.495504	(00.000698 +- 00.000292)	[00.000138,00.008355]
04_sampling             	    709	00.315004	(00.000444 +- 00.000193)	[00.000057,00.002759]
04b_intensity_sampling  	    709	00.465373	(00.000656 +- 00.000237)	[00.000110,00.003066]
05_registration         	    709	02.288963	(00.003228 +- 00.001534)	[00.000691,00.013137]
06_map                  	    709	00.510240	(00.000720 +- 00.000244)	[00.000094,00.002346]
07_imu_opt              	    709	00.955427	(00.001348 +- 00.000342)	[00.000002,00.004487]
08_publish              	    709	06.135825	(00.008654 +- 00.004331)	[00.000508,00.028945]
step                    	    712	13.222757	(00.018571 +- 00.007482)	[00.003846,00.057703]

INFO  Timings:
SM Timing
-----------
00_conversion_livox     	    714	08.047947	(00.011272 +- 00.001091)	[00.008750,00.027519]
01_filter               	    713	00.189986	(00.000266 +- 00.000066)	[00.000113,00.002554]
02_preint               	    711	00.025451	(00.000036 +- 00.000004)	[00.000025,00.000078]
02a_intensity_preprocess	    713	01.776990	(00.002492 +- 00.000777)	[00.000801,00.007316]
03_undistortion         	    711	00.496508	(00.000698 +- 00.000287)	[00.000138,00.008355]
04_sampling             	    710	00.315781	(00.000445 +- 00.000191)	[00.000057,00.002759]
04b_intensity_sampling  	    710	00.466056	(00.000656 +- 00.000232)	[00.000110,00.003066]
05_registration         	    710	02.293568	(00.003230 +- 00.001493)	[00.000691,00.013137]
06_map                  	    710	00.511229	(00.000720 +- 00.000240)	[00.000094,00.002346]
07_imu_opt              	    710	00.957169	(00.001348 +- 00.000336)	[00.000002,00.004487]
08_publish              	    710	06.150346	(00.008662 +- 00.004285)	[00.000508,00.028945]
step                    	    713	13.251249	(00.018585 +- 00.007345)	[00.003846,00.057703]

INFO  Timings:
SM Timing
-----------
00_conversion_livox     	    715	08.060496	(00.011273 +- 00.001081)	[00.008750,00.027519]
01_filter               	    714	00.190309	(00.000267 +- 00.000065)	[00.000113,00.002554]
02_preint               	    712	00.025489	(00.000036 +- 00.000004)	[00.000025,00.000078]
02a_intensity_preprocess	    714	01.780490	(00.002494 +- 00.000761)	[00.000801,00.007316]
03_undistortion         	    712	00.497467	(00.000699 +- 00.000282)	[00.000138,00.008355]
04_sampling             	    711	00.316685	(00.000445 +- 00.000197)	[00.000057,00.002759]
04b_intensity_sampling  	    711	00.466692	(00.000656 +- 00.000227)	[00.000110,00.003066]
05_registration         	    711	02.298248	(00.003232 +- 00.001480)	[00.000691,00.013137]
06_map                  	    711	00.512116	(00.000720 +- 00.000236)	[00.000094,00.002346]
07_imu_opt              	    711	00.958612	(00.001348 +- 00.000332)	[00.000002,00.004487]
08_publish              	    711	06.163778	(00.008669 +- 00.004203)	[00.000508,00.028945]
step                    	    714	13.278130	(00.018597 +- 00.007205)	[00.003846,00.057703]

INFO  Timings:
SM Timing
-----------
00_conversion_livox     	    716	08.071621	(00.011273 +- 00.001059)	[00.008750,00.027519]
01_filter               	    715	00.190622	(00.000267 +- 00.000063)	[00.000113,00.002554]
02_preint               	    713	00.025527	(00.000036 +- 00.000004)	[00.000025,00.000078]
02a_intensity_preprocess	    715	01.783817	(00.002495 +- 00.000742)	[00.000801,00.007316]
03_undistortion         	    713	00.498358	(00.000699 +- 00.000275)	[00.000138,00.008355]
04_sampling             	    712	00.317384	(00.000446 +- 00.000193)	[00.000057,00.002759]
04b_intensity_sampling  	    712	00.467345	(00.000656 +- 00.000222)	[00.000110,00.003066]
05_registration         	    712	02.301943	(00.003233 +- 00.001453)	[00.000691,00.013137]
06_map                  	    712	00.513081	(00.000721 +- 00.000231)	[00.000094,00.002346]
07_imu_opt              	    712	00.959904	(00.001348 +- 00.000329)	[00.000002,00.004487]
08_publish              	    712	06.176770	(00.008675 +- 00.004094)	[00.000508,00.028945]
step                    	    715	13.303063	(00.018606 +- 00.006986)	[00.003846,00.057703]

INFO  Timings:
SM Timing
-----------
00_conversion_livox     	    717	08.083123	(00.011274 +- 00.001038)	[00.008750,00.027519]
01_filter               	    716	00.190952	(00.000267 +- 00.000062)	[00.000113,00.002554]
02_preint               	    714	00.025562	(00.000036 +- 00.000003)	[00.000025,00.000078]
02a_intensity_preprocess	    716	01.787081	(00.002496 +- 00.000715)	[00.000801,00.007316]
03_undistortion         	    714	00.499397	(00.000699 +- 00.000267)	[00.000138,00.008355]
04_sampling             	    713	00.318017	(00.000446 +- 00.000188)	[00.000057,00.002759]
04b_intensity_sampling  	    713	00.468073	(00.000656 +- 00.000215)	[00.000110,00.003066]
05_registration         	    713	02.307075	(00.003236 +- 00.001384)	[00.000691,00.013137]
06_map                  	    713	00.513988	(00.000721 +- 00.000222)	[00.000094,00.002346]
07_imu_opt              	    713	00.961248	(00.001348 +- 00.000330)	[00.000002,00.004487]
08_publish              	    713	06.190217	(00.008682 +- 00.003970)	[00.000508,00.028945]
step                    	    716	13.330012	(00.018617 +- 00.006711)	[00.003846,00.057703]

INFO  Timings:
SM Timing
-----------
00_conversion_livox     	    718	08.094199	(00.011273 +- 00.001008)	[00.008750,00.027519]
01_filter               	    717	00.191289	(00.000267 +- 00.000059)	[00.000113,00.002554]
02_preint               	    715	00.025598	(00.000036 +- 00.000003)	[00.000025,00.000078]
02a_intensity_preprocess	    717	01.790346	(00.002497 +- 00.000683)	[00.000801,00.007316]
03_undistortion         	    715	00.500429	(00.000700 +- 00.000258)	[00.000138,00.008355]
04_sampling             	    714	00.318717	(00.000446 +- 00.000180)	[00.000057,00.002759]
04b_intensity_sampling  	    714	00.468782	(00.000657 +- 00.000207)	[00.000110,00.003066]
05_registration         	    714	02.312580	(00.003239 +- 00.001323)	[00.000691,00.013137]
06_map                  	    714	00.514867	(00.000721 +- 00.000213)	[00.000094,00.002346]
07_imu_opt              	    714	00.963079	(00.001349 +- 00.000324)	[00.000002,00.004487]
08_publish              	    714	06.203575	(00.008688 +- 00.003822)	[00.000508,00.028945]
step                    	    717	13.357749	(00.018630 +- 00.006448)	[00.003846,00.057703]

INFO  Timings:
SM Timing
-----------
00_conversion_livox     	    719	08.105611	(00.011273 +- 00.000975)	[00.008750,00.027519]
01_filter               	    718	00.191628	(00.000267 +- 00.000057)	[00.000113,00.002554]
02_preint               	    716	00.025644	(00.000036 +- 00.000003)	[00.000025,00.000078]
02a_intensity_preprocess	    718	01.793626	(00.002498 +- 00.000650)	[00.000801,00.007316]
03_undistortion         	    716	00.501351	(00.000700 +- 00.000248)	[00.000138,00.008355]
04_sampling             	    715	00.319407	(00.000447 +- 00.000176)	[00.000057,00.002759]
04b_intensity_sampling  	    715	00.469487	(00.000657 +- 00.000200)	[00.000110,00.003066]
05_registration         	    715	02.316363	(00.003240 +- 00.001255)	[00.000691,00.013137]
06_map                  	    715	00.515774	(00.000721 +- 00.000205)	[00.000094,00.002346]
07_imu_opt              	    715	00.964480	(00.001349 +- 00.000317)	[00.000002,00.004487]
08_publish              	    715	06.216707	(00.008695 +- 00.003654)	[00.000508,00.028945]
step                    	    718	13.383040	(00.018639 +- 00.006100)	[00.003846,00.057703]

INFO  Timings:
SM Timing
-----------
00_conversion_livox     	    720	08.116158	(00.011272 +- 00.000966)	[00.008750,00.027519]
01_filter               	    719	00.191960	(00.000267 +- 00.000054)	[00.000113,00.002554]
02_preint               	    717	00.025681	(00.000036 +- 00.000003)	[00.000025,00.000078]
02a_intensity_preprocess	    719	01.796852	(00.002499 +- 00.000617)	[00.000801,00.007316]
03_undistortion         	    717	00.502347	(00.000701 +- 00.000237)	[00.000138,00.008355]
04_sampling             	    716	00.320259	(00.000447 +- 00.000174)	[00.000057,00.002759]
04b_intensity_sampling  	    716	00.470215	(00.000657 +- 00.000193)	[00.000110,00.003066]
05_registration         	    716	02.322609	(00.003244 +- 00.001236)	[00.000691,00.013137]
06_map                  	    716	00.516720	(00.000722 +- 00.000196)	[00.000094,00.002346]
07_imu_opt              	    716	00.965894	(00.001349 +- 00.000317)	[00.000002,00.004487]
08_publish              	    716	06.230016	(00.008701 +- 00.003487)	[00.000508,00.028945]
step                    	    719	13.411247	(00.018653 +- 00.005814)	[00.003846,00.057703]

INFO  Timings:
SM Timing
-----------
00_conversion_livox     	    721	08.127434	(00.011272 +- 00.000960)	[00.008750,00.027519]
01_filter               	    720	00.192348	(00.000267 +- 00.000053)	[00.000113,00.002554]
02_preint               	    718	00.025726	(00.000036 +- 00.000004)	[00.000025,00.000078]
02a_intensity_preprocess	    720	01.800084	(00.002500 +- 00.000585)	[00.000801,00.007316]
03_undistortion         	    718	00.503430	(00.000701 +- 00.000227)	[00.000138,00.008355]
04_sampling             	    717	00.320967	(00.000448 +- 00.000168)	[00.000057,00.002759]
04b_intensity_sampling  	    717	00.471050	(00.000657 +- 00.000187)	[00.000110,00.003066]
05_registration         	    717	02.328215	(00.003247 +- 00.001209)	[00.000691,00.013137]
06_map                  	    717	00.517708	(00.000722 +- 00.000186)	[00.000094,00.002346]
07_imu_opt              	    717	00.967385	(00.001349 +- 00.000314)	[00.000002,00.004487]
08_publish              	    717	06.242816	(00.008707 +- 00.003313)	[00.000508,00.028945]
step                    	    720	13.438513	(00.018665 +- 00.005511)	[00.003846,00.057703]

INFO  Timings:
SM Timing
-----------
00_conversion_livox     	    722	08.138094	(00.011272 +- 00.000970)	[00.008750,00.027519]
01_filter               	    721	00.192692	(00.000267 +- 00.000052)	[00.000113,00.002554]
02_preint               	    719	00.025763	(00.000036 +- 00.000004)	[00.000025,00.000078]
02a_intensity_preprocess	    721	01.803228	(00.002501 +- 00.000554)	[00.000801,00.007316]
03_undistortion         	    719	00.504404	(00.000702 +- 00.000214)	[00.000138,00.008355]
04_sampling             	    718	00.321619	(00.000448 +- 00.000162)	[00.000057,00.002759]
04b_intensity_sampling  	    718	00.471731	(00.000657 +- 00.000180)	[00.000110,00.003066]
05_registration         	    718	02.332925	(00.003249 +- 00.001142)	[00.000691,00.013137]
06_map                  	    718	00.518613	(00.000722 +- 00.000173)	[00.000094,00.002346]
07_imu_opt              	    718	00.968645	(00.001349 +- 00.000314)	[00.000002,00.004487]
08_publish              	    718	06.255493	(00.008712 +- 00.003126)	[00.000508,00.028945]
step                    	    721	13.463979	(00.018674 +- 00.005171)	[00.003846,00.057703]

INFO  Timings:
SM Timing
-----------
00_conversion_livox     	    723	08.148921	(00.011271 +- 00.000979)	[00.008750,00.027519]
01_filter               	    722	00.193020	(00.000267 +- 00.000050)	[00.000113,00.002554]
02_preint               	    720	00.025798	(00.000036 +- 00.000004)	[00.000025,00.000078]
02a_intensity_preprocess	    722	01.806399	(00.002502 +- 00.000522)	[00.000801,00.007316]
03_undistortion         	    720	00.505346	(00.000702 +- 00.000203)	[00.000138,00.008355]
04_sampling             	    719	00.322359	(00.000448 +- 00.000155)	[00.000057,00.002759]
04b_intensity_sampling  	    719	00.472469	(00.000657 +- 00.000172)	[00.000110,00.003066]
05_registration         	    719	02.337742	(00.003251 +- 00.001103)	[00.000691,00.013137]
06_map                  	    719	00.519507	(00.000723 +- 00.000162)	[00.000094,00.002346]
07_imu_opt              	    719	00.969880	(00.001349 +- 00.000318)	[00.000002,00.004487]
08_publish              	    719	06.268201	(00.008718 +- 00.002935)	[00.000508,00.028945]
step                    	    722	13.489673	(00.018684 +- 00.004840)	[00.003846,00.057703]

INFO  Timings:
SM Timing
-----------
00_conversion_livox     	    724	08.159953	(00.011271 +- 00.000980)	[00.008750,00.027519]
01_filter               	    723	00.193352	(00.000267 +- 00.000049)	[00.000113,00.002554]
02_preint               	    721	00.025834	(00.000036 +- 00.000004)	[00.000025,00.000078]
02a_intensity_preprocess	    723	01.809563	(00.002503 +- 00.000493)	[00.000801,00.007316]
03_undistortion         	    721	00.506288	(00.000702 +- 00.000188)	[00.000138,00.008355]
04_sampling             	    720	00.323070	(00.000449 +- 00.000148)	[00.000057,00.002759]
04b_intensity_sampling  	    720	00.473189	(00.000657 +- 00.000166)	[00.000110,00.003066]
05_registration         	    720	02.342279	(00.003253 +- 00.001046)	[00.000691,00.013137]
06_map                  	    720	00.520483	(00.000723 +- 00.000152)	[00.000094,00.002346]
07_imu_opt              	    720	00.971110	(00.001349 +- 00.000321)	[00.000002,00.004487]
08_publish              	    720	06.281226	(00.008724 +- 00.002754)	[00.000508,00.028945]
step                    	    723	13.515432	(00.018694 +- 00.004493)	[00.003846,00.057703]

INFO  Timings:
SM Timing
-----------
00_conversion_livox     	    725	08.170501	(00.011270 +- 00.000990)	[00.008750,00.027519]
01_filter               	    724	00.193696	(00.000268 +- 00.000048)	[00.000113,00.002554]
02_preint               	    722	00.025872	(00.000036 +- 00.000004)	[00.000025,00.000078]
02a_intensity_preprocess	    724	01.812838	(00.002504 +- 00.000465)	[00.000801,00.007316]
03_undistortion         	    722	00.507298	(00.000703 +- 00.000175)	[00.000138,00.008355]
04_sampling             	    721	00.323842	(00.000449 +- 00.000144)	[00.000057,00.002759]
04b_intensity_sampling  	    721	00.474022	(00.000657 +- 00.000165)	[00.000110,00.003066]
05_registration         	    721	02.346460	(00.003254 +- 00.000981)	[00.000691,00.013137]
06_map                  	    721	00.521433	(00.000723 +- 00.000146)	[00.000094,00.002346]
07_imu_opt              	    721	00.972729	(00.001349 +- 00.000319)	[00.000002,00.004487]
08_publish              	    721	06.293739	(00.008729 +- 00.002562)	[00.000508,00.028945]
step                    	    724	13.541076	(00.018703 +- 00.004147)	[00.003846,00.057703]

INFO  Timings:
SM Timing
-----------
00_conversion_livox     	    726	08.180885	(00.011268 +- 00.000999)	[00.008750,00.027519]
01_filter               	    725	00.194034	(00.000268 +- 00.000047)	[00.000113,00.002554]
02_preint               	    723	00.025908	(00.000036 +- 00.000004)	[00.000025,00.000078]
02a_intensity_preprocess	    725	01.815956	(00.002505 +- 00.000434)	[00.000801,00.007316]
03_undistortion         	    723	00.508262	(00.000703 +- 00.000158)	[00.000138,00.008355]
04_sampling             	    722	00.324705	(00.000450 +- 00.000139)	[00.000057,00.002759]
04b_intensity_sampling  	    722	00.474742	(00.000658 +- 00.000158)	[00.000110,00.003066]
05_registration         	    722	02.351238	(00.003257 +- 00.000898)	[00.000691,00.013137]
06_map                  	    722	00.522365	(00.000723 +- 00.000135)	[00.000094,00.002346]
07_imu_opt              	    722	00.973963	(00.001349 +- 00.000320)	[00.000002,00.004487]
08_publish              	    722	06.306080	(00.008734 +- 00.002340)	[00.000508,00.028945]
step                    	    725	13.566470	(00.018712 +- 00.003727)	[00.003846,00.057703]

INFO  Timings:
SM Timing
-----------
00_conversion_livox     	    727	08.190751	(00.011267 +- 00.001008)	[00.008750,00.027519]
01_filter               	    726	00.194352	(00.000268 +- 00.000044)	[00.000113,00.002554]
02_preint               	    724	00.025936	(00.000036 +- 00.000004)	[00.000025,00.000078]
02a_intensity_preprocess	    726	01.818969	(00.002505 +- 00.000401)	[00.000801,00.007316]
03_undistortion         	    724	00.509157	(00.000703 +- 00.000138)	[00.000138,00.008355]
04_sampling             	    723	00.325460	(00.000450 +- 00.000133)	[00.000057,00.002759]
04b_intensity_sampling  	    723	00.475477	(00.000658 +- 00.000151)	[00.000110,00.003066]
05_registration         	    723	02.354928	(00.003257 +- 00.000867)	[00.000691,00.013137]
06_map                  	    723	00.523208	(00.000724 +- 00.000122)	[00.000094,00.002346]
07_imu_opt              	    723	00.975141	(00.001349 +- 00.000319)	[00.000002,00.004487]
08_publish              	    723	06.318556	(00.008739 +- 00.002077)	[00.000508,00.028945]
step                    	    726	13.590482	(00.018720 +- 00.003318)	[00.003846,00.057703]

INFO  Timings:
SM Timing
-----------
00_conversion_livox     	    728	08.200762	(00.011265 +- 00.001005)	[00.008750,00.027519]
01_filter               	    727	00.194692	(00.000268 +- 00.000044)	[00.000113,00.002554]
02_preint               	    725	00.025962	(00.000036 +- 00.000004)	[00.000025,00.000078]
02a_intensity_preprocess	    727	01.822026	(00.002506 +- 00.000364)	[00.000801,00.007316]
03_undistortion         	    725	00.510030	(00.000703 +- 00.000121)	[00.000138,00.008355]
04_sampling             	    724	00.326232	(00.000451 +- 00.000125)	[00.000057,00.002759]
04b_intensity_sampling  	    724	00.476187	(00.000658 +- 00.000146)	[00.000110,00.003066]
05_registration         	    724	02.359865	(00.003259 +- 00.000815)	[00.000691,00.013137]
06_map                  	    724	00.524142	(00.000724 +- 00.000107)	[00.000094,00.002346]
07_imu_opt              	    724	00.976405	(00.001349 +- 00.000321)	[00.000002,00.004487]
08_publish              	    724	06.331290	(00.008745 +- 00.001783)	[00.000508,00.028945]
step                    	    727	13.616217	(00.018729 +- 00.002823)	[00.003846,00.057703]

INFO  Timings:
SM Timing
-----------
00_conversion_livox     	    729	08.210997	(00.011263 +- 00.001005)	[00.008750,00.027519]
01_filter               	    728	00.194950	(00.000268 +- 00.000043)	[00.000113,00.002554]
02_preint               	    726	00.025993	(00.000036 +- 00.000004)	[00.000025,00.000078]
02a_intensity_preprocess	    728	01.825194	(00.002507 +- 00.000335)	[00.000801,00.007316]
03_undistortion         	    726	00.510986	(00.000704 +- 00.000105)	[00.000138,00.008355]
04_sampling             	    725	00.326907	(00.000451 +- 00.000117)	[00.000057,00.002759]
04b_intensity_sampling  	    725	00.476925	(00.000658 +- 00.000141)	[00.000110,00.003066]
05_registration         	    725	02.364336	(00.003261 +- 00.000797)	[00.000691,00.013137]
06_map                  	    725	00.525164	(00.000724 +- 00.000093)	[00.000094,00.002346]
07_imu_opt              	    725	00.977658	(00.001348 +- 00.000323)	[00.000002,00.004487]
08_publish              	    725	06.343968	(00.008750 +- 00.001539)	[00.000508,00.028945]
step                    	    728	13.641547	(00.018738 +- 00.002448)	[00.003846,00.057703]

INFO  Timings:
SM Timing
-----------
00_conversion_livox     	    730	08.221144	(00.011262 +- 00.000997)	[00.008750,00.027519]
01_filter               	    729	00.195272	(00.000268 +- 00.000043)	[00.000113,00.002554]
02_preint               	    727	00.026028	(00.000036 +- 00.000004)	[00.000025,00.000078]
02a_intensity_preprocess	    729	01.828337	(00.002508 +- 00.000319)	[00.000801,00.007316]
03_undistortion         	    727	00.511925	(00.000704 +- 00.000083)	[00.000138,00.008355]
04_sampling             	    726	00.327759	(00.000451 +- 00.000114)	[00.000057,00.002759]
04b_intensity_sampling  	    726	00.477646	(00.000658 +- 00.000140)	[00.000110,00.003066]
05_registration         	    726	02.370106	(00.003265 +- 00.000809)	[00.000691,00.013137]
06_map                  	    726	00.525994	(00.000725 +- 00.000083)	[00.000094,00.002346]
07_imu_opt              	    726	00.978962	(00.001348 +- 00.000305)	[00.000002,00.004487]
08_publish              	    726	06.356868	(00.008756 +- 00.001406)	[00.000508,00.028945]
step                    	    729	13.668465	(00.018750 +- 00.002331)	[00.003846,00.057703]

INFO  Timings:
SM Timing
-----------
00_conversion_livox     	    731	08.231432	(00.011261 +- 00.000977)	[00.008750,00.027519]
01_filter               	    730	00.195518	(00.000268 +- 00.000044)	[00.000113,00.002554]
02_preint               	    728	00.026061	(00.000036 +- 00.000004)	[00.000025,00.000078]
02a_intensity_preprocess	    730	01.831580	(00.002509 +- 00.000315)	[00.000801,00.007316]
03_undistortion         	    728	00.512848	(00.000704 +- 00.000075)	[00.000138,00.008355]
04_sampling             	    727	00.328403	(00.000452 +- 00.000111)	[00.000057,00.002759]
04b_intensity_sampling  	    727	00.478302	(00.000658 +- 00.000141)	[00.000110,00.003066]
05_registration         	    727	02.374654	(00.003266 +- 00.000805)	[00.000691,00.013137]
06_map                  	    727	00.527032	(00.000725 +- 00.000086)	[00.000094,00.002346]
07_imu_opt              	    727	00.980248	(00.001348 +- 00.000307)	[00.000002,00.004487]
08_publish              	    727	06.369890	(00.008762 +- 00.001366)	[00.000508,00.028945]
step                    	    730	13.694176	(00.018759 +- 00.002259)	[00.003846,00.057703]

INFO  Timings:
SM Timing
-----------
00_conversion_livox     	    732	08.241771	(00.011259 +- 00.000948)	[00.008750,00.027519]
01_filter               	    731	00.195861	(00.000268 +- 00.000044)	[00.000113,00.002554]
02_preint               	    729	00.026095	(00.000036 +- 00.000004)	[00.000025,00.000078]
02a_intensity_preprocess	    731	01.834780	(00.002510 +- 00.000313)	[00.000801,00.007316]
03_undistortion         	    729	00.513785	(00.000705 +- 00.000070)	[00.000138,00.008355]
04_sampling             	    728	00.329116	(00.000452 +- 00.000108)	[00.000057,00.002759]
04b_intensity_sampling  	    728	00.479200	(00.000658 +- 00.000140)	[00.000110,00.003066]
05_registration         	    728	02.378207	(00.003267 +- 00.000823)	[00.000691,00.013137]
06_map                  	    728	00.528025	(00.000725 +- 00.000087)	[00.000094,00.002346]
07_imu_opt              	    728	00.981495	(00.001348 +- 00.000309)	[00.000002,00.004487]
08_publish              	    728	06.382792	(00.008768 +- 00.001360)	[00.000508,00.028945]
step                    	    731	13.719087	(00.018768 +- 00.002244)	[00.003846,00.057703]

INFO  Timings:
SM Timing
-----------
00_conversion_livox     	    733	08.252357	(00.011258 +- 00.000910)	[00.008750,00.027519]
01_filter               	    732	00.196096	(00.000268 +- 00.000045)	[00.000113,00.002554]
02_preint               	    730	00.026132	(00.000036 +- 00.000004)	[00.000025,00.000078]
02a_intensity_preprocess	    732	01.837943	(00.002511 +- 00.000312)	[00.000801,00.007316]
03_undistortion         	    730	00.514694	(00.000705 +- 00.000069)	[00.000138,00.008355]
04_sampling             	    729	00.329797	(00.000452 +- 00.000105)	[00.000057,00.002759]
04b_intensity_sampling  	    729	00.479923	(00.000658 +- 00.000140)	[00.000110,00.003066]
05_registration         	    729	02.382835	(00.003269 +- 00.000823)	[00.000691,00.013137]
06_map                  	    729	00.528852	(00.000725 +- 00.000088)	[00.000094,00.002346]
07_imu_opt              	    729	00.983192	(00.001349 +- 00.000289)	[00.000002,00.004487]
08_publish              	    729	06.395782	(00.008773 +- 00.001355)	[00.000508,00.028945]
step                    	    732	13.745068	(00.018777 +- 00.002244)	[00.003846,00.057703]

INFO  Timings:
SM Timing
-----------
00_conversion_livox     	    734	08.262760	(00.011257 +- 00.000876)	[00.008750,00.027519]
01_filter               	    733	00.197160	(00.000269 +- 00.000115)	[00.000113,00.002554]
02_preint               	    731	00.026169	(00.000036 +- 00.000004)	[00.000025,00.000078]
02a_intensity_preprocess	    733	01.841089	(00.002512 +- 00.000312)	[00.000801,00.007316]
03_undistortion         	    731	00.515686	(00.000705 +- 00.000069)	[00.000138,00.008355]
04_sampling             	    730	00.330441	(00.000453 +- 00.000104)	[00.000057,00.002759]
04b_intensity_sampling  	    730	00.480694	(00.000658 +- 00.000139)	[00.000110,00.003066]
05_registration         	    730	02.387022	(00.003270 +- 00.000806)	[00.000691,00.013137]
06_map                  	    730	00.529823	(00.000726 +- 00.000087)	[00.000094,00.002346]
07_imu_opt              	    730	00.984366	(00.001348 +- 00.000292)	[00.000002,00.004487]
08_publish              	    730	06.408790	(00.008779 +- 00.001341)	[00.000508,00.028945]
step                    	    733	13.771147	(00.018787 +- 00.002204)	[00.003846,00.057703]

INFO  Timings:
SM Timing
-----------
00_conversion_livox     	    735	08.273019	(00.011256 +- 00.000869)	[00.008750,00.027519]
01_filter               	    734	00.197523	(00.000269 +- 00.000114)	[00.000113,00.002554]
02_preint               	    732	00.026206	(00.000036 +- 00.000004)	[00.000025,00.000078]
02a_intensity_preprocess	    734	01.844251	(00.002513 +- 00.000310)	[00.000801,00.007316]
03_undistortion         	    732	00.516609	(00.000706 +- 00.000069)	[00.000138,00.008355]
04_sampling             	    731	00.331122	(00.000453 +- 00.000103)	[00.000057,00.002759]
04b_intensity_sampling  	    731	00.481380	(00.000659 +- 00.000139)	[00.000110,00.003066]
05_registration         	    731	02.391993	(00.003272 +- 00.000782)	[00.000691,00.013137]
06_map                  	    731	00.530716	(00.000726 +- 00.000087)	[00.000094,00.002346]
07_imu_opt              	    731	00.985577	(00.001348 +- 00.000295)	[00.000002,00.004487]
08_publish              	    731	06.422053	(00.008785 +- 00.001321)	[00.000508,00.028945]
step                    	    734	13.797440	(00.018798 +- 00.002147)	[00.003846,00.057703]

INFO  Timings:
SM Timing
-----------
00_conversion_livox     	    736	08.283809	(00.011255 +- 00.000854)	[00.008750,00.027519]
01_filter               	    735	00.197863	(00.000269 +- 00.000114)	[00.000113,00.002554]
02_preint               	    733	00.026242	(00.000036 +- 00.000004)	[00.000025,00.000078]
02a_intensity_preprocess	    735	01.847520	(00.002514 +- 00.000305)	[00.000801,00.007316]
03_undistortion         	    733	00.517499	(00.000706 +- 00.000069)	[00.000138,00.008355]
04_sampling             	    732	00.331749	(00.000453 +- 00.000101)	[00.000057,00.002759]
04b_intensity_sampling  	    732	00.482049	(00.000659 +- 00.000140)	[00.000110,00.003066]
05_registration         	    732	02.396850	(00.003274 +- 00.000770)	[00.000691,00.013137]
06_map                  	    732	00.531775	(00.000726 +- 00.000090)	[00.000094,00.002346]
07_imu_opt              	    732	00.986780	(00.001348 +- 00.000295)	[00.000002,00.004487]
08_publish              	    732	06.435735	(00.008792 +- 00.001316)	[00.000508,00.028945]
step                    	    735	13.824158	(00.018808 +- 00.002149)	[00.003846,00.057703]

INFO  Timings:
SM Timing
-----------
00_conversion_livox     	    737	08.294684	(00.011255 +- 00.000851)	[00.008750,00.027519]
01_filter               	    736	00.198198	(00.000269 +- 00.000114)	[00.000113,00.002554]
02_preint               	    734	00.026279	(00.000036 +- 00.000004)	[00.000025,00.000078]
02a_intensity_preprocess	    736	01.850834	(00.002515 +- 00.000304)	[00.000801,00.007316]
03_undistortion         	    734	00.518417	(00.000706 +- 00.000069)	[00.000138,00.008355]
04_sampling             	    733	00.332438	(00.000454 +- 00.000101)	[00.000057,00.002759]
04b_intensity_sampling  	    733	00.482750	(00.000659 +- 00.000120)	[00.000110,00.003066]
05_registration         	    733	02.402909	(00.003278 +- 00.000783)	[00.000691,00.013137]
06_map                  	    733	00.532771	(00.000727 +- 00.000091)	[00.000094,00.002346]
07_imu_opt              	    733	00.988027	(00.001348 +- 00.000295)	[00.000002,00.004487]
08_publish              	    733	06.449382	(00.008799 +- 00.001313)	[00.000508,00.028945]
step                    	    736	13.852183	(00.018821 +- 00.002162)	[00.003846,00.057703]

INFO  Timings:
SM Timing
-----------
00_conversion_livox     	    738	08.305413	(00.011254 +- 00.000853)	[00.008750,00.027519]
01_filter               	    737	00.198562	(00.000269 +- 00.000113)	[00.000113,00.002554]
02_preint               	    735	00.026316	(00.000036 +- 00.000004)	[00.000025,00.000078]
02a_intensity_preprocess	    737	01.854121	(00.002516 +- 00.000302)	[00.000801,00.007316]
03_undistortion         	    735	00.519289	(00.000707 +- 00.000068)	[00.000138,00.008355]
04_sampling             	    734	00.333283	(00.000454 +- 00.000102)	[00.000057,00.002759]
04b_intensity_sampling  	    734	00.483503	(00.000659 +- 00.000116)	[00.000110,00.003066]
05_registration         	    734	02.407577	(00.003280 +- 00.000773)	[00.000691,00.013137]
06_map                  	    734	00.533771	(00.000727 +- 00.000091)	[00.000094,00.002346]
07_imu_opt              	    734	00.989270	(00.001348 +- 00.000297)	[00.000002,00.004487]
08_publish              	    734	06.463217	(00.008805 +- 00.001313)	[00.000508,00.028945]
step                    	    737	13.879145	(00.018832 +- 00.002168)	[00.003846,00.057703]

INFO  Timings:
SM Timing
-----------
00_conversion_livox     	    739	08.316013	(00.011253 +- 00.000856)	[00.008750,00.027519]
01_filter               	    738	00.198895	(00.000270 +- 00.000113)	[00.000113,00.002554]
02_preint               	    736	00.026352	(00.000036 +- 00.000004)	[00.000025,00.000078]
02a_intensity_preprocess	    738	01.857323	(00.002517 +- 00.000300)	[00.000801,00.007316]
03_undistortion         	    736	00.520240	(00.000707 +- 00.000068)	[00.000138,00.008355]
04_sampling             	    735	00.333963	(00.000454 +- 00.000100)	[00.000057,00.002759]
04b_intensity_sampling  	    735	00.484206	(00.000659 +- 00.000116)	[00.000110,00.003066]
05_registration         	    735	02.411692	(00.003281 +- 00.000779)	[00.000691,00.013137]
06_map                  	    735	00.534977	(00.000728 +- 00.000100)	[00.000094,00.002346]
07_imu_opt              	    735	00.990457	(00.001348 +- 00.000299)	[00.000002,00.004487]
08_publish              	    735	06.476501	(00.008812 +- 00.001304)	[00.000508,00.028945]
step                    	    738	13.904928	(00.018841 +- 00.002160)	[00.003846,00.057703]

INFO  Timings:
SM Timing
-----------
00_conversion_livox     	    740	08.326677	(00.011252 +- 00.000857)	[00.008750,00.027519]
01_filter               	    739	00.199231	(00.000270 +- 00.000112)	[00.000113,00.002554]
02_preint               	    737	00.026389	(00.000036 +- 00.000004)	[00.000025,00.000078]
02a_intensity_preprocess	    739	01.860518	(00.002518 +- 00.000299)	[00.000801,00.007316]
03_undistortion         	    737	00.521085	(00.000707 +- 00.000067)	[00.000138,00.008355]
04_sampling             	    736	00.334604	(00.000455 +- 00.000096)	[00.000057,00.002759]
04b_intensity_sampling  	    736	00.484897	(00.000659 +- 00.000115)	[00.000110,00.003066]
05_registration         	    736	02.416314	(00.003283 +- 00.000778)	[00.000691,00.013137]
06_map                  	    736	00.535907	(00.000728 +- 00.000099)	[00.000094,00.002346]
07_imu_opt              	    736	00.992235	(00.001348 +- 00.000301)	[00.000002,00.004487]
08_publish              	    736	06.489898	(00.008818 +- 00.001301)	[00.000508,00.028945]
step                    	    739	13.931491	(00.018852 +- 00.002155)	[00.003846,00.057703]

INFO  Timings:
SM Timing
-----------
00_conversion_livox     	    741	08.337081	(00.011251 +- 00.000862)	[00.008750,00.027519]
01_filter               	    740	00.199523	(00.000270 +- 00.000112)	[00.000113,00.002554]
02_preint               	    738	00.026425	(00.000036 +- 00.000004)	[00.000025,00.000078]
02a_intensity_preprocess	    740	01.863740	(00.002519 +- 00.000297)	[00.000801,00.007316]
03_undistortion         	    738	00.521958	(00.000707 +- 00.000067)	[00.000138,00.008355]
04_sampling             	    737	00.335284	(00.000455 +- 00.000094)	[00.000057,00.002759]
04b_intensity_sampling  	    737	00.485541	(00.000659 +- 00.000116)	[00.000110,00.003066]
05_registration         	    737	02.421328	(00.003285 +- 00.000778)	[00.000691,00.013137]
06_map                  	    737	00.536826	(00.000728 +- 00.000097)	[00.000094,00.002346]
07_imu_opt              	    737	00.993489	(00.001348 +- 00.000302)	[00.000002,00.004487]
08_publish              	    737	06.503435	(00.008824 +- 00.001296)	[00.000508,00.028945]
step                    	    740	13.958029	(00.018862 +- 00.002136)	[00.003846,00.057703]

INFO  Timings:
SM Timing
-----------
00_conversion_livox     	    742	08.347677	(00.011250 +- 00.000863)	[00.008750,00.027519]
01_filter               	    741	00.199869	(00.000270 +- 00.000112)	[00.000113,00.002554]
02_preint               	    739	00.026462	(00.000036 +- 00.000003)	[00.000025,00.000078]
02a_intensity_preprocess	    741	01.866987	(00.002520 +- 00.000296)	[00.000801,00.007316]
03_undistortion         	    739	00.522853	(00.000708 +- 00.000065)	[00.000138,00.008355]
04_sampling             	    738	00.336052	(00.000455 +- 00.000091)	[00.000057,00.002759]
04b_intensity_sampling  	    738	00.486308	(00.000659 +- 00.000116)	[00.000110,00.003066]
05_registration         	    738	02.425888	(00.003287 +- 00.000777)	[00.000691,00.013137]
06_map                  	    738	00.537718	(00.000729 +- 00.000096)	[00.000094,00.002346]
07_imu_opt              	    738	00.994730	(00.001348 +- 00.000303)	[00.000002,00.004487]
08_publish              	    738	06.516735	(00.008830 +- 00.001276)	[00.000508,00.028945]
step                    	    741	13.984155	(00.018872 +- 00.002099)	[00.003846,00.057703]

INFO  Timings:
SM Timing
-----------
00_conversion_livox     	    743	08.358175	(00.011249 +- 00.000866)	[00.008750,00.027519]
01_filter               	    742	00.200221	(00.000270 +- 00.000113)	[00.000113,00.002554]
02_preint               	    740	00.026499	(00.000036 +- 00.000003)	[00.000025,00.000078]
02a_intensity_preprocess	    742	01.870222	(00.002521 +- 00.000288)	[00.000801,00.007316]
03_undistortion         	    740	00.523795	(00.000708 +- 00.000064)	[00.000138,00.008355]
04_sampling             	    739	00.336853	(00.000456 +- 00.000091)	[00.000057,00.002759]
04b_intensity_sampling  	    739	00.487224	(00.000659 +- 00.000118)	[00.000110,00.003066]
05_registration         	    739	02.429535	(00.003288 +- 00.000791)	[00.000691,00.013137]
06_map                  	    739	00.538609	(00.000729 +- 00.000092)	[00.000094,00.002346]
07_imu_opt              	    739	00.995975	(00.001348 +- 00.000304)	[00.000002,00.004487]
08_publish              	    739	06.529923	(00.008836 +- 00.001230)	[00.000508,00.028945]
step                    	    742	14.009472	(00.018881 +- 00.002068)	[00.003846,00.057703]

INFO  Timings:
SM Timing
-----------
00_conversion_livox     	    744	08.368722	(00.011248 +- 00.000866)	[00.008750,00.027519]
01_filter               	    743	00.200547	(00.000270 +- 00.000112)	[00.000113,00.002554]
02_preint               	    741	00.026536	(00.000036 +- 00.000003)	[00.000025,00.000078]
02a_intensity_preprocess	    743	01.873573	(00.002522 +- 00.000278)	[00.000801,00.007316]
03_undistortion         	    741	00.524571	(00.000708 +- 00.000066)	[00.000138,00.008355]
04_sampling             	    740	00.337633	(00.000456 +- 00.000086)	[00.000057,00.002759]
04b_intensity_sampling  	    740	00.487926	(00.000659 +- 00.000117)	[00.000110,00.003066]
05_registration         	    740	02.434214	(00.003289 +- 00.000778)	[00.000691,00.013137]
06_map                  	    740	00.539616	(00.000729 +- 00.000091)	[00.000094,00.002346]
07_imu_opt              	    740	00.997549	(00.001348 +- 00.000304)	[00.000002,00.004487]
08_publish              	    740	06.543885	(00.008843 +- 00.001189)	[00.000508,00.028945]
step                    	    743	14.036741	(00.018892 +- 00.001974)	[00.003846,00.057703]

INFO  Timings:
SM Timing
-----------
00_conversion_livox     	    745	08.379793	(00.011248 +- 00.000864)	[00.008750,00.027519]
01_filter               	    744	00.200880	(00.000270 +- 00.000112)	[00.000113,00.002554]
02_preint               	    742	00.026574	(00.000036 +- 00.000003)	[00.000025,00.000078]
02a_intensity_preprocess	    744	01.877102	(00.002523 +- 00.000271)	[00.000801,00.007316]
03_undistortion         	    742	00.525452	(00.000708 +- 00.000066)	[00.000138,00.008355]
04_sampling             	    741	00.338329	(00.000457 +- 00.000084)	[00.000057,00.002759]
04b_intensity_sampling  	    741	00.488682	(00.000659 +- 00.000116)	[00.000110,00.003066]
05_registration         	    741	02.440582	(00.003294 +- 00.000808)	[00.000691,00.013137]
06_map                  	    741	00.540603	(00.000730 +- 00.000088)	[00.000094,00.002346]
07_imu_opt              	    741	00.999064	(00.001348 +- 00.000304)	[00.000002,00.004487]
08_publish              	    741	06.558678	(00.008851 +- 00.001158)	[00.000508,00.028945]
step                    	    744	14.066730	(00.018907 +- 00.001976)	[00.003846,00.057703]

INFO  Timings:
SM Timing
-----------
00_conversion_livox     	    746	08.391542	(00.011249 +- 00.000867)	[00.008750,00.027519]
01_filter               	    745	00.201235	(00.000270 +- 00.000112)	[00.000113,00.002554]
02_preint               	    743	00.026618	(00.000036 +- 00.000004)	[00.000025,00.000078]
02a_intensity_preprocess	    745	01.880924	(00.002525 +- 00.000274)	[00.000801,00.007316]
03_undistortion         	    743	00.526304	(00.000708 +- 00.000067)	[00.000138,00.008355]
04_sampling             	    742	00.339142	(00.000457 +- 00.000081)	[00.000057,00.002759]
04b_intensity_sampling  	    742	00.489447	(00.000660 +- 00.000116)	[00.000110,00.003066]
05_registration         	    742	02.445233	(00.003295 +- 00.000746)	[00.000691,00.013137]
06_map                  	    742	00.541773	(00.000730 +- 00.000093)	[00.000094,00.002346]
07_imu_opt              	    742	01.000590	(00.001349 +- 00.000302)	[00.000002,00.004487]
08_publish              	    742	06.574487	(00.008860 +- 00.001179)	[00.000508,00.028945]
step                    	    745	14.096617	(00.018922 +- 00.002032)	[00.003846,00.057703]

INFO  Timings:
SM Timing
-----------
00_conversion_livox     	    747	08.403922	(00.011250 +- 00.000884)	[00.008750,00.027519]
01_filter               	    746	00.201642	(00.000270 +- 00.000113)	[00.000113,00.002554]
02_preint               	    744	00.026664	(00.000036 +- 00.000004)	[00.000025,00.000078]
02a_intensity_preprocess	    746	01.884689	(00.002526 +- 00.000274)	[00.000801,00.007316]
03_undistortion         	    744	00.527547	(00.000709 +- 00.000077)	[00.000138,00.008355]
04_sampling             	    743	00.339825	(00.000457 +- 00.000078)	[00.000057,00.002759]
04b_intensity_sampling  	    743	00.490259	(00.000660 +- 00.000116)	[00.000110,00.003066]
05_registration         	    743	02.452066	(00.003300 +- 00.000797)	[00.000691,00.013137]
06_map                  	    743	00.542874	(00.000731 +- 00.000091)	[00.000094,00.002346]
07_imu_opt              	    743	01.002119	(00.001349 +- 00.000300)	[00.000002,00.004487]
08_publish              	    743	06.590712	(00.008870 +- 00.001218)	[00.000508,00.028945]
step                    	    746	14.129343	(00.018940 +- 00.002174)	[00.003846,00.057703]

INFO  Timings:
SM Timing
-----------
00_conversion_livox     	    748	08.416393	(00.011252 +- 00.000904)	[00.008750,00.027519]
01_filter               	    747	00.202033	(00.000270 +- 00.000113)	[00.000113,00.002554]
02_preint               	    745	00.026708	(00.000036 +- 00.000004)	[00.000025,00.000078]
02a_intensity_preprocess	    747	01.888534	(00.002528 +- 00.000278)	[00.000801,00.007316]
03_undistortion         	    745	00.528450	(00.000709 +- 00.000077)	[00.000138,00.008355]
04_sampling             	    744	00.340499	(00.000458 +- 00.000077)	[00.000057,00.002759]
04b_intensity_sampling  	    744	00.491010	(00.000660 +- 00.000116)	[00.000110,00.003066]
05_registration         	    744	02.457376	(00.003303 +- 00.000788)	[00.000691,00.013137]
06_map                  	    744	00.544040	(00.000731 +- 00.000096)	[00.000094,00.002346]
07_imu_opt              	    744	01.003722	(00.001349 +- 00.000298)	[00.000002,00.004487]
08_publish              	    744	06.607207	(00.008881 +- 00.001275)	[00.000508,00.028945]
step                    	    747	14.160591	(00.018957 +- 00.002205)	[00.003846,00.057703]

INFO  Timings:
SM Timing
-----------
00_conversion_livox     	    749	08.428527	(00.011253 +- 00.000915)	[00.008750,00.027519]
01_filter               	    748	00.202399	(00.000271 +- 00.000113)	[00.000113,00.002554]
02_preint               	    746	00.026749	(00.000036 +- 00.000004)	[00.000025,00.000078]
02a_intensity_preprocess	    748	01.892138	(00.002530 +- 00.000274)	[00.000801,00.007316]
03_undistortion         	    746	00.529268	(00.000709 +- 00.000078)	[00.000138,00.008355]
04_sampling             	    745	00.341178	(00.000458 +- 00.000077)	[00.000057,00.002759]
04b_intensity_sampling  	    745	00.491732	(00.000660 +- 00.000115)	[00.000110,00.003066]
05_registration         	    745	02.462423	(00.003305 +- 00.000761)	[00.000691,00.013137]
06_map                  	    745	00.545091	(00.000732 +- 00.000093)	[00.000094,00.002346]
07_imu_opt              	    745	01.005246	(00.001349 +- 00.000298)	[00.000002,00.004487]
08_publish              	    745	06.622191	(00.008889 +- 00.001264)	[00.000508,00.028945]
step                    	    748	14.189518	(00.018970 +- 00.002218)	[00.003846,00.057703]

INFO  Timings:
SM Timing
-----------
00_conversion_livox     	    750	08.440173	(00.011254 +- 00.000917)	[00.008750,00.027519]
01_filter               	    749	00.202744	(00.000271 +- 00.000112)	[00.000113,00.002554]
02_preint               	    747	00.026796	(00.000036 +- 00.000004)	[00.000025,00.000078]
02a_intensity_preprocess	    749	01.895800	(00.002531 +- 00.000273)	[00.000801,00.007316]
03_undistortion         	    747	00.530187	(00.000710 +- 00.000078)	[00.000138,00.008355]
04_sampling             	    746	00.341830	(00.000458 +- 00.000077)	[00.000057,00.002759]
04b_intensity_sampling  	    746	00.492588	(00.000660 +- 00.000116)	[00.000110,00.003066]
05_registration         	    746	02.466229	(00.003306 +- 00.000774)	[00.000691,00.013137]
06_map                  	    746	00.546224	(00.000732 +- 00.000095)	[00.000094,00.002346]
07_imu_opt              	    746	01.007100	(00.001350 +- 00.000300)	[00.000002,00.004487]
08_publish              	    746	06.637357	(00.008897 +- 00.001256)	[00.000508,00.028945]
step                    	    749	14.218058	(00.018983 +- 00.002188)	[00.003846,00.057703]

INFO  Timings:
SM Timing
-----------
00_conversion_livox     	    751	08.451994	(00.011254 +- 00.000921)	[00.008750,00.027519]
01_filter               	    750	00.203086	(00.000271 +- 00.000112)	[00.000113,00.002554]
02_preint               	    748	00.026841	(00.000036 +- 00.000004)	[00.000025,00.000078]
02a_intensity_preprocess	    750	01.899493	(00.002533 +- 00.000273)	[00.000801,00.007316]
03_undistortion         	    748	00.531144	(00.000710 +- 00.000078)	[00.000138,00.008355]
04_sampling             	    747	00.342678	(00.000459 +- 00.000077)	[00.000057,00.002759]
04b_intensity_sampling  	    747	00.493390	(00.000660 +- 00.000113)	[00.000110,00.003066]
05_registration         	    747	02.471214	(00.003308 +- 00.000747)	[00.000691,00.013137]
06_map                  	    747	00.547312	(00.000733 +- 00.000093)	[00.000094,00.002346]
07_imu_opt              	    747	01.008672	(00.001350 +- 00.000299)	[00.000002,00.004487]
08_publish              	    747	06.653178	(00.008907 +- 00.001259)	[00.000508,00.028945]
step                    	    750	14.248297	(00.018998 +- 00.002127)	[00.003846,00.057703]

INFO  Timings:
SM Timing
-----------
00_conversion_livox     	    752	08.464823	(00.011256 +- 00.000947)	[00.008750,00.027519]
01_filter               	    751	00.203473	(00.000271 +- 00.000110)	[00.000113,00.002554]
02_preint               	    749	00.026895	(00.000036 +- 00.000005)	[00.000025,00.000078]
02a_intensity_preprocess	    751	01.903538	(00.002535 +- 00.000281)	[00.000801,00.007316]
03_undistortion         	    749	00.532021	(00.000710 +- 00.000079)	[00.000138,00.008355]
04_sampling             	    748	00.343464	(00.000459 +- 00.000074)	[00.000057,00.002759]
04b_intensity_sampling  	    748	00.494239	(00.000661 +- 00.000112)	[00.000110,00.003066]
05_registration         	    748	02.476649	(00.003311 +- 00.000749)	[00.000691,00.013137]
06_map                  	    748	00.548623	(00.000733 +- 00.000102)	[00.000094,00.002346]
07_imu_opt              	    748	01.010376	(00.001351 +- 00.000300)	[00.000002,00.004487]
08_publish              	    748	06.669879	(00.008917 +- 00.001278)	[00.000508,00.028945]
step                    	    751	14.280514	(00.019015 +- 00.002158)	[00.003846,00.057703]

INFO  Timings:
SM Timing
-----------
00_conversion_livox     	    753	08.478001	(00.011259 +- 00.000981)	[00.008750,00.027519]
01_filter               	    752	00.203852	(00.000271 +- 00.000110)	[00.000113,00.002554]
02_preint               	    750	00.026941	(00.000036 +- 00.000005)	[00.000025,00.000078]
02a_intensity_preprocess	    752	01.907705	(00.002537 +- 00.000294)	[00.000801,00.007316]
03_undistortion         	    750	00.533041	(00.000711 +- 00.000079)	[00.000138,00.008355]
04_sampling             	    749	00.344258	(00.000460 +- 00.000073)	[00.000057,00.002759]
04b_intensity_sampling  	    749	00.495137	(00.000661 +- 00.000072)	[00.000110,00.003066]
05_registration         	    749	02.483384	(00.003316 +- 00.000771)	[00.000691,00.013137]
06_map                  	    749	00.549944	(00.000734 +- 00.000111)	[00.000094,00.002346]
07_imu_opt              	    749	01.012091	(00.001351 +- 00.000287)	[00.000002,00.004487]
08_publish              	    749	06.686546	(00.008927 +- 00.001288)	[00.000508,00.028945]
step                    	    752	14.314347	(00.019035 +- 00.002342)	[00.003846,00.057703]

INFO  Timings:
SM Timing
-----------
00_conversion_livox     	    754	08.491287	(00.011262 +- 00.001017)	[00.008750,00.027519]
01_filter               	    753	00.204228	(00.000271 +- 00.000108)	[00.000113,00.002554]
02_preint               	    751	00.026988	(00.000036 +- 00.000005)	[00.000025,00.000078]
02a_intensity_preprocess	    753	01.911826	(00.002539 +- 00.000300)	[00.000801,00.007316]
03_undistortion         	    751	00.533991	(00.000711 +- 00.000078)	[00.000138,00.008355]
04_sampling             	    750	00.345136	(00.000460 +- 00.000075)	[00.000057,00.002759]
04b_intensity_sampling  	    750	00.495948	(00.000661 +- 00.000072)	[00.000110,00.003066]
05_registration         	    750	02.492005	(00.003323 +- 00.000931)	[00.000691,00.013137]
06_map                  	    750	00.551142	(00.000735 +- 00.000113)	[00.000094,00.002346]
07_imu_opt              	    750	01.013778	(00.001352 +- 00.000285)	[00.000002,00.004487]
08_publish              	    750	06.703993	(00.008939 +- 00.001328)	[00.000508,00.028945]
step                    	    753	14.350582	(00.019058 +- 00.002588)	[00.003846,00.057703]

INFO  Timings:
SM Timing
-----------
00_conversion_livox     	    755	08.504545	(00.011264 +- 00.001045)	[00.008750,00.027519]
01_filter               	    754	00.204581	(00.000271 +- 00.000107)	[00.000113,00.002554]
02_preint               	    752	00.027040	(00.000036 +- 00.000005)	[00.000025,00.000078]
02a_intensity_preprocess	    754	01.915985	(00.002541 +- 00.000304)	[00.000801,00.007316]
03_undistortion         	    752	00.534945	(00.000711 +- 00.000074)	[00.000138,00.008355]
04_sampling             	    751	00.345947	(00.000461 +- 00.000074)	[00.000057,00.002759]
04b_intensity_sampling  	    751	00.496755	(00.000661 +- 00.000068)	[00.000110,00.003066]
05_registration         	    751	02.497802	(00.003326 +- 00.000932)	[00.000691,00.013137]
06_map                  	    751	00.552342	(00.000735 +- 00.000114)	[00.000094,00.002346]
07_imu_opt              	    751	01.015531	(00.001352 +- 00.000287)	[00.000002,00.004487]
08_publish              	    751	06.721516	(00.008950 +- 00.001371)	[00.000508,00.028945]
step                    	    754	14.384101	(00.019077 +- 00.002639)	[00.003846,00.057703]

INFO  Timings:
SM Timing
-----------
00_conversion_livox     	    756	08.517788	(00.011267 +- 00.001075)	[00.008750,00.027519]
01_filter               	    755	00.204994	(00.000272 +- 00.000106)	[00.000113,00.002554]
02_preint               	    753	00.027087	(00.000036 +- 00.000005)	[00.000025,00.000078]
02a_intensity_preprocess	    755	01.920153	(00.002543 +- 00.000319)	[00.000801,00.007316]
03_undistortion         	    753	00.535990	(00.000712 +- 00.000076)	[00.000138,00.008355]
04_sampling             	    752	00.346829	(00.000461 +- 00.000077)	[00.000057,00.002759]
04b_intensity_sampling  	    752	00.497682	(00.000662 +- 00.000073)	[00.000110,00.003066]
05_registration         	    752	02.503814	(00.003330 +- 00.000939)	[00.000691,00.013137]
06_map                  	    752	00.553773	(00.000736 +- 00.000129)	[00.000094,00.002346]
07_imu_opt              	    752	01.017506	(00.001353 +- 00.000294)	[00.000002,00.004487]
08_publish              	    752	06.738807	(00.008961 +- 00.001434)	[00.000508,00.028945]
step                    	    755	14.418374	(00.019097 +- 00.002772)	[00.003846,00.057703]

INFO  Timings:
SM Timing
-----------
00_conversion_livox     	    757	08.531200	(00.011270 +- 00.001102)	[00.008750,00.027519]
01_filter               	    756	00.205420	(00.000272 +- 00.000107)	[00.000113,00.002554]
02_preint               	    754	00.027137	(00.000036 +- 00.000006)	[00.000025,00.000078]
02a_intensity_preprocess	    756	01.924338	(00.002545 +- 00.000335)	[00.000801,00.007316]
03_undistortion         	    754	00.536948	(00.000712 +- 00.000076)	[00.000138,00.008355]
04_sampling             	    753	00.347650	(00.000462 +- 00.000077)	[00.000057,00.002759]
04b_intensity_sampling  	    753	00.498554	(00.000662 +- 00.000074)	[00.000110,00.003066]
05_registration         	    753	02.508679	(00.003332 +- 00.000937)	[00.000691,00.013137]
06_map                  	    753	00.555034	(00.000737 +- 00.000134)	[00.000094,00.002346]
07_imu_opt              	    753	01.019220	(00.001354 +- 00.000295)	[00.000002,00.004487]
08_publish              	    753	06.756052	(00.008972 +- 00.001498)	[00.000508,00.028945]
step                    	    756	14.450859	(00.019115 +- 00.002839)	[00.003846,00.057703]

INFO  Timings:
SM Timing
-----------
00_conversion_livox     	    758	08.544701	(00.011273 +- 00.001137)	[00.008750,00.027519]
01_filter               	    757	00.205851	(00.000272 +- 00.000107)	[00.000113,00.002554]
02_preint               	    755	00.027177	(00.000036 +- 00.000006)	[00.000025,00.000078]
02a_intensity_preprocess	    757	01.928484	(00.002548 +- 00.000349)	[00.000801,00.007316]
03_undistortion         	    755	00.537970	(00.000713 +- 00.000076)	[00.000138,00.008355]
04_sampling             	    754	00.348462	(00.000462 +- 00.000078)	[00.000057,00.002759]
04b_intensity_sampling  	    754	00.499527	(00.000663 +- 00.000080)	[00.000110,00.003066]
05_registration         	    754	02.514545	(00.003335 +- 00.000945)	[00.000691,00.013137]
06_map                  	    754	00.556138	(00.000738 +- 00.000134)	[00.000094,00.002346]
07_imu_opt              	    754	01.020932	(00.001354 +- 00.000292)	[00.000002,00.004487]
08_publish              	    754	06.773270	(00.008983 +- 00.001557)	[00.000508,00.028945]
step                    	    757	14.484260	(00.019134 +- 00.002932)	[00.003846,00.057703]

INFO  Timings:
SM Timing
-----------
00_conversion_livox     	    759	08.558152	(00.011276 +- 00.001158)	[00.008750,00.027519]
01_filter               	    758	00.206265	(00.000272 +- 00.000108)	[00.000113,00.002554]
02_preint               	    756	00.027223	(00.000036 +- 00.000006)	[00.000025,00.000078]
02a_intensity_preprocess	    758	01.932589	(00.002550 +- 00.000359)	[00.000801,00.007316]
03_undistortion         	    756	00.538874	(00.000713 +- 00.000076)	[00.000138,00.008355]
04_sampling             	    755	00.349254	(00.000463 +- 00.000078)	[00.000057,00.002759]
04b_intensity_sampling  	    755	00.500475	(00.000663 +- 00.000084)	[00.000110,00.003066]
05_registration         	    755	02.520952	(00.003339 +- 00.000964)	[00.000691,00.013137]
06_map                  	    755	00.557449	(00.000738 +- 00.000139)	[00.000094,00.002346]
07_imu_opt              	    755	01.022690	(00.001355 +- 00.000294)	[00.000002,00.004487]
08_publish              	    755	06.790409	(00.008994 +- 00.001607)	[00.000508,00.028945]
step                    	    758	14.518186	(00.019153 +- 00.003037)	[00.003846,00.057703]

INFO  Timings:
SM Timing
-----------
00_conversion_livox     	    760	08.571536	(00.011278 +- 00.001182)	[00.008750,00.027519]
01_filter               	    759	00.206663	(00.000272 +- 00.000108)	[00.000113,00.002554]
02_preint               	    757	00.027269	(00.000036 +- 00.000006)	[00.000025,00.000078]
02a_intensity_preprocess	    759	01.936732	(00.002552 +- 00.000370)	[00.000801,00.007316]
03_undistortion         	    757	00.539823	(00.000713 +- 00.000076)	[00.000138,00.008355]
04_sampling             	    756	00.350008	(00.000463 +- 00.000078)	[00.000057,00.002759]
04b_intensity_sampling  	    756	00.501337	(00.000663 +- 00.000085)	[00.000110,00.003066]
05_registration         	    756	02.525125	(00.003340 +- 00.000968)	[00.000691,00.013137]
06_map                  	    756	00.558602	(00.000739 +- 00.000141)	[00.000094,00.002346]
07_imu_opt              	    756	01.024757	(00.001355 +- 00.000303)	[00.000002,00.004487]
08_publish              	    756	06.807037	(00.009004 +- 00.001637)	[00.000508,00.028945]
step                    	    759	14.549468	(00.019169 +- 00.003065)	[00.003846,00.057703]

INFO  Timings:
SM Timing
-----------
00_conversion_livox     	    761	08.584695	(00.011281 +- 00.001179)	[00.008750,00.027519]
01_filter               	    760	00.207083	(00.000272 +- 00.000108)	[00.000113,00.002554]
02_preint               	    758	00.027307	(00.000036 +- 00.000006)	[00.000025,00.000078]
02a_intensity_preprocess	    760	01.940754	(00.002554 +- 00.000377)	[00.000801,00.007316]
03_undistortion         	    758	00.540818	(00.000713 +- 00.000076)	[00.000138,00.008355]
04_sampling             	    757	00.350792	(00.000463 +- 00.000078)	[00.000057,00.002759]
04b_intensity_sampling  	    757	00.502132	(00.000663 +- 00.000085)	[00.000110,00.003066]
05_registration         	    757	02.530727	(00.003343 +- 00.000956)	[00.000691,00.013137]
06_map                  	    757	00.560697	(00.000741 +- 00.000205)	[00.000094,00.002346]
07_imu_opt              	    757	01.026874	(00.001357 +- 00.000315)	[00.000002,00.004487]
08_publish              	    757	06.823588	(00.009014 +- 00.001664)	[00.000508,00.028945]
step                    	    760	14.582968	(00.019188 +- 00.003138)	[00.003846,00.057703]

INFO  Timings:
SM Timing
-----------
00_conversion_livox     	    762	08.597064	(00.011282 +- 00.001165)	[00.008750,00.027519]
01_filter               	    761	00.207416	(00.000273 +- 00.000108)	[00.000113,00.002554]
02_preint               	    759	00.027348	(00.000036 +- 00.000006)	[00.000025,00.000078]
02a_intensity_preprocess	    761	01.944471	(00.002555 +- 00.000375)	[00.000801,00.007316]
03_undistortion         	    759	00.541669	(00.000714 +- 00.000075)	[00.000138,00.008355]
04_sampling             	    758	00.351516	(00.000464 +- 00.000075)	[00.000057,00.002759]
04b_intensity_sampling  	    758	00.502878	(00.000663 +- 00.000085)	[00.000110,00.003066]
05_registration         	    758	02.535394	(00.003345 +- 00.000957)	[00.000691,00.013137]
06_map                  	    758	00.561697	(00.000741 +- 00.000205)	[00.000094,00.002346]
07_imu_opt              	    758	01.028390	(00.001357 +- 00.000283)	[00.000002,00.004487]
08_publish              	    758	06.838564	(00.009022 +- 00.001664)	[00.000508,00.028945]
step                    	    761	14.611616	(00.019201 +- 00.003126)	[00.003846,00.057703]

INFO  Timings:
SM Timing
-----------
00_conversion_livox     	    763	08.608875	(00.011283 +- 00.001132)	[00.008750,00.027519]
01_filter               	    762	00.207779	(00.000273 +- 00.000108)	[00.000113,00.002554]
02_preint               	    760	00.027385	(00.000036 +- 00.000006)	[00.000025,00.000078]
02a_intensity_preprocess	    762	01.947980	(00.002556 +- 00.000374)	[00.000801,00.007316]
03_undistortion         	    760	00.542616	(00.000714 +- 00.000075)	[00.000138,00.008355]
04_sampling             	    759	00.352225	(00.000464 +- 00.000075)	[00.000057,00.002759]
04b_intensity_sampling  	    759	00.504046	(00.000664 +- 00.000100)	[00.000110,00.003066]
05_registration         	    759	02.540119	(00.003347 +- 00.000954)	[00.000691,00.013137]
06_map                  	    759	00.562830	(00.000742 +- 00.000205)	[00.000094,00.002346]
07_imu_opt              	    759	01.029959	(00.001357 +- 00.000251)	[00.000002,00.004487]
08_publish              	    759	06.852870	(00.009029 +- 00.001662)	[00.000508,00.028945]
step                    	    762	14.640143	(00.019213 +- 00.003108)	[00.003846,00.057703]

INFO  Timings:
SM Timing
-----------
00_conversion_livox     	    764	08.619784	(00.011282 +- 00.001120)	[00.008750,00.027519]
01_filter               	    763	00.208115	(00.000273 +- 00.000108)	[00.000113,00.002554]
02_preint               	    761	00.027420	(00.000036 +- 00.000006)	[00.000025,00.000078]
02a_intensity_preprocess	    763	01.951338	(00.002557 +- 00.000374)	[00.000801,00.007316]
03_undistortion         	    761	00.543523	(00.000714 +- 00.000074)	[00.000138,00.008355]
04_sampling             	    760	00.352865	(00.000464 +- 00.000076)	[00.000057,00.002759]
04b_intensity_sampling  	    760	00.504747	(00.000664 +- 00.000100)	[00.000110,00.003066]
05_registration         	    760	02.545651	(00.003350 +- 00.000955)	[00.000691,00.013137]
06_map                  	    760	00.563890	(00.000742 +- 00.000205)	[00.000094,00.002346]
07_imu_opt              	    760	01.031368	(00.001357 +- 00.000249)	[00.000002,00.004487]
08_publish              	    760	06.866728	(00.009035 +- 00.001663)	[00.000508,00.028945]
step                    	    763	14.668053	(00.019224 +- 00.003109)	[00.003846,00.057703]

INFO  Timings:
SM Timing
-----------
00_conversion_livox     	    765	08.630937	(00.011282 +- 00.001109)	[00.008750,00.027519]
01_filter               	    764	00.208466	(00.000273 +- 00.000108)	[00.000113,00.002554]
02_preint               	    762	00.027457	(00.000036 +- 00.000006)	[00.000025,00.000078]
02a_intensity_preprocess	    764	01.954634	(00.002558 +- 00.000375)	[00.000801,00.007316]
03_undistortion         	    762	00.544403	(00.000714 +- 00.000075)	[00.000138,00.008355]
04_sampling             	    761	00.353467	(00.000464 +- 00.000075)	[00.000057,00.002759]
04b_intensity_sampling  	    761	00.505537	(00.000664 +- 00.000098)	[00.000110,00.003066]
05_registration         	    761	02.552695	(00.003354 +- 00.000993)	[00.000691,00.013137]
06_map                  	    761	00.564878	(00.000742 +- 00.000204)	[00.000094,00.002346]
07_imu_opt              	    761	01.032812	(00.001357 +- 00.000249)	[00.000002,00.004487]
08_publish              	    761	06.880893	(00.009042 +- 00.001658)	[00.000508,00.028945]
step                    	    764	14.697746	(00.019238 +- 00.003107)	[00.003846,00.057703]

INFO  Timings:
SM Timing
-----------
00_conversion_livox     	    766	08.641957	(00.011282 +- 00.001110)	[00.008750,00.027519]
01_filter               	    765	00.208826	(00.000273 +- 00.000108)	[00.000113,00.002554]
02_preint               	    763	00.027494	(00.000036 +- 00.000006)	[00.000025,00.000078]
02a_intensity_preprocess	    765	01.958012	(00.002559 +- 00.000374)	[00.000801,00.007316]
03_undistortion         	    763	00.545243	(00.000715 +- 00.000076)	[00.000138,00.008355]
04_sampling             	    762	00.354094	(00.000465 +- 00.000076)	[00.000057,00.002759]
04b_intensity_sampling  	    762	00.506246	(00.000664 +- 00.000097)	[00.000110,00.003066]
05_registration         	    762	02.557051	(00.003356 +- 00.000979)	[00.000691,00.013137]
06_map                  	    762	00.565820	(00.000743 +- 00.000204)	[00.000094,00.002346]
07_imu_opt              	    762	01.034404	(00.001357 +- 00.000247)	[00.000002,00.004487]
08_publish              	    762	06.894374	(00.009048 +- 00.001652)	[00.000508,00.028945]
step                    	    765	14.724136	(00.019247 +- 00.003082)	[00.003846,00.057703]

INFO  Timings:
SM Timing
-----------
00_conversion_livox     	    767	08.652230	(00.011281 +- 00.001121)	[00.008750,00.027519]
01_filter               	    766	00.209162	(00.000273 +- 00.000108)	[00.000113,00.002554]
02_preint               	    764	00.027531	(00.000036 +- 00.000006)	[00.000025,00.000078]
02a_intensity_preprocess	    766	01.961234	(00.002560 +- 00.000375)	[00.000801,00.007316]
03_undistortion         	    764	00.546118	(00.000715 +- 00.000075)	[00.000138,00.008355]
04_sampling             	    763	00.354748	(00.000465 +- 00.000076)	[00.000057,00.002759]
04b_intensity_sampling  	    763	00.506949	(00.000664 +- 00.000097)	[00.000110,00.003066]
05_registration         	    763	02.560582	(00.003356 +- 00.001003)	[00.000691,00.013137]
06_map                  	    763	00.566889	(00.000743 +- 00.000203)	[00.000094,00.002346]
07_imu_opt              	    763	01.035827	(00.001358 +- 00.000247)	[00.000002,00.004487]
08_publish              	    763	06.907392	(00.009053 +- 00.001657)	[00.000508,00.028945]
step                    	    766	14.749073	(00.019255 +- 00.003113)	[00.003846,00.057703]

INFO  Timings:
SM Timing
-----------
00_conversion_livox     	    768	08.662657	(00.011280 +- 00.001128)	[00.008750,00.027519]
01_filter               	    767	00.209502	(00.000273 +- 00.000108)	[00.000113,00.002554]
02_preint               	    765	00.027567	(00.000036 +- 00.000006)	[00.000025,00.000078]
02a_intensity_preprocess	    767	01.964350	(00.002561 +- 00.000377)	[00.000801,00.007316]
03_undistortion         	    765	00.546997	(00.000715 +- 00.000074)	[00.000138,00.008355]
04_sampling             	    764	00.355507	(00.000465 +- 00.000076)	[00.000057,00.002759]
04b_intensity_sampling  	    764	00.507647	(00.000664 +- 00.000097)	[00.000110,00.003066]
05_registration         	    764	02.565661	(00.003358 +- 00.001001)	[00.000691,00.013137]
06_map                  	    764	00.568240	(00.000744 +- 00.000205)	[00.000094,00.002346]
07_imu_opt              	    764	01.037188	(00.001358 +- 00.000243)	[00.000002,00.004487]
08_publish              	    764	06.920608	(00.009058 +- 00.001659)	[00.000508,00.028945]
step                    	    767	14.775969	(00.019265 +- 00.003119)	[00.003846,00.057703]

INFO  Timings:
SM Timing
-----------
00_conversion_livox     	    769	08.673130	(00.011278 +- 00.001135)	[00.008750,00.027519]
01_filter               	    768	00.209872	(00.000273 +- 00.000108)	[00.000113,00.002554]
02_preint               	    766	00.027602	(00.000036 +- 00.000006)	[00.000025,00.000078]
02a_intensity_preprocess	    768	01.967553	(00.002562 +- 00.000378)	[00.000801,00.007316]
03_undistortion         	    766	00.547909	(00.000715 +- 00.000074)	[00.000138,00.008355]
04_sampling             	    765	00.356236	(00.000466 +- 00.000076)	[00.000057,00.002759]
04b_intensity_sampling  	    765	00.508332	(00.000664 +- 00.000098)	[00.000110,00.003066]
05_registration         	    765	02.569314	(00.003359 +- 00.001005)	[00.000691,00.013137]
06_map                  	    765	00.569289	(00.000744 +- 00.000204)	[00.000094,00.002346]
07_imu_opt              	    765	01.038748	(00.001358 +- 00.000243)	[00.000002,00.004487]
08_publish              	    765	06.933838	(00.009064 +- 00.001658)	[00.000508,00.028945]
step                    	    768	14.801470	(00.019273 +- 00.003115)	[00.003846,00.057703]

INFO  Timings:
SM Timing
-----------
00_conversion_livox     	    770	08.683553	(00.011277 +- 00.001137)	[00.008750,00.027519]
01_filter               	    769	00.210226	(00.000273 +- 00.000107)	[00.000113,00.002554]
02_preint               	    767	00.027640	(00.000036 +- 00.000006)	[00.000025,00.000078]
02a_intensity_preprocess	    769	01.970736	(00.002563 +- 00.000379)	[00.000801,00.007316]
03_undistortion         	    767	00.548797	(00.000716 +- 00.000073)	[00.000138,00.008355]
04_sampling             	    766	00.357380	(00.000467 +- 00.000094)	[00.000057,00.002759]
04b_intensity_sampling  	    766	00.509108	(00.000665 +- 00.000097)	[00.000110,00.003066]
05_registration         	    766	02.574495	(00.003361 +- 00.000991)	[00.000691,00.013137]
06_map                  	    766	00.570180	(00.000744 +- 00.000205)	[00.000094,00.002346]
07_imu_opt              	    766	01.040226	(00.001358 +- 00.000242)	[00.000002,00.004487]
08_publish              	    766	06.947055	(00.009069 +- 00.001659)	[00.000508,00.028945]
step                    	    769	14.828715	(00.019283 +- 00.003119)	[00.003846,00.057703]

INFO  Timings:
SM Timing
-----------
00_conversion_livox     	    771	08.694058	(00.011276 +- 00.001143)	[00.008750,00.027519]
01_filter               	    770	00.210605	(00.000274 +- 00.000107)	[00.000113,00.002554]
02_preint               	    768	00.027678	(00.000036 +- 00.000006)	[00.000025,00.000078]
02a_intensity_preprocess	    770	01.974004	(00.002564 +- 00.000378)	[00.000801,00.007316]
03_undistortion         	    768	00.549650	(00.000716 +- 00.000071)	[00.000138,00.008355]
04_sampling             	    767	00.358113	(00.000467 +- 00.000093)	[00.000057,00.002759]
04b_intensity_sampling  	    767	00.509884	(00.000665 +- 00.000097)	[00.000110,00.003066]
05_registration         	    767	02.579301	(00.003363 +- 00.000988)	[00.000691,00.013137]
06_map                  	    767	00.571118	(00.000745 +- 00.000205)	[00.000094,00.002346]
07_imu_opt              	    767	01.041696	(00.001358 +- 00.000242)	[00.000002,00.004487]
08_publish              	    767	06.960564	(00.009075 +- 00.001649)	[00.000508,00.028945]
step                    	    770	14.855561	(00.019293 +- 00.003123)	[00.003846,00.057703]

INFO  Timings:
SM Timing
-----------
00_conversion_livox     	    772	08.704798	(00.011276 +- 00.001142)	[00.008750,00.027519]
01_filter               	    771	00.210940	(00.000274 +- 00.000107)	[00.000113,00.002554]
02_preint               	    769	00.027722	(00.000036 +- 00.000006)	[00.000025,00.000078]
02a_intensity_preprocess	    771	01.977349	(00.002565 +- 00.000376)	[00.000801,00.007316]
03_undistortion         	    769	00.550581	(00.000716 +- 00.000071)	[00.000138,00.008355]
04_sampling             	    768	00.358819	(00.000467 +- 00.000093)	[00.000057,00.002759]
04b_intensity_sampling  	    768	00.510624	(00.000665 +- 00.000096)	[00.000110,00.003066]
05_registration         	    768	02.583626	(00.003364 +- 00.000992)	[00.000691,00.013137]
06_map                  	    768	00.572069	(00.000745 +- 00.000205)	[00.000094,00.002346]
07_imu_opt              	    768	01.043463	(00.001359 +- 00.000243)	[00.000002,00.004487]
08_publish              	    768	06.974259	(00.009081 +- 00.001634)	[00.000508,00.028945]
step                    	    771	14.882480	(00.019303 +- 00.003102)	[00.003846,00.057703]

INFO  Timings:
SM Timing
-----------
00_conversion_livox     	    773	08.715545	(00.011275 +- 00.001143)	[00.008750,00.027519]
01_filter               	    772	00.211311	(00.000274 +- 00.000107)	[00.000113,00.002554]
02_preint               	    770	00.027763	(00.000036 +- 00.000006)	[00.000025,00.000078]
02a_intensity_preprocess	    772	01.980721	(00.002566 +- 00.000374)	[00.000801,00.007316]
03_undistortion         	    770	00.551539	(00.000716 +- 00.000071)	[00.000138,00.008355]
04_sampling             	    769	00.359427	(00.000467 +- 00.000095)	[00.000057,00.002759]
04b_intensity_sampling  	    769	00.511359	(00.000665 +- 00.000096)	[00.000110,00.003066]
05_registration         	    769	02.589086	(00.003367 +- 00.000993)	[00.000691,00.013137]
06_map                  	    769	00.573207	(00.000745 +- 00.000203)	[00.000094,00.002346]
07_imu_opt              	    769	01.045470	(00.001360 +- 00.000251)	[00.000002,00.004487]
08_publish              	    769	06.988410	(00.009088 +- 00.001617)	[00.000508,00.028945]
step                    	    772	14.911381	(00.019315 +- 00.003079)	[00.003846,00.057703]

INFO  Timings:
SM Timing
-----------
00_conversion_livox     	    774	08.726587	(00.011275 +- 00.001143)	[00.008750,00.027519]
01_filter               	    773	00.211715	(00.000274 +- 00.000107)	[00.000113,00.002554]
02_preint               	    771	00.027805	(00.000036 +- 00.000006)	[00.000025,00.000078]
02a_intensity_preprocess	    773	01.984128	(00.002567 +- 00.000371)	[00.000801,00.007316]
03_undistortion         	    771	00.552497	(00.000717 +- 00.000071)	[00.000138,00.008355]
04_sampling             	    770	00.360190	(00.000468 +- 00.000095)	[00.000057,00.002759]
04b_intensity_sampling  	    770	00.512119	(00.000665 +- 00.000096)	[00.000110,00.003066]
05_registration         	    770	02.593356	(00.003368 +- 00.000996)	[00.000691,00.013137]
06_map                  	    770	00.574203	(00.000746 +- 00.000203)	[00.000094,00.002346]
07_imu_opt              	    770	01.047015	(00.001360 +- 00.000247)	[00.000002,00.004487]
08_publish              	    770	07.002367	(00.009094 +- 00.001606)	[00.000508,00.028945]
step                    	    773	14.938577	(00.019325 +- 00.003061)	[00.003846,00.057703]

INFO  Timings:
SM Timing
-----------
00_conversion_livox     	    775	08.737646	(00.011274 +- 00.001138)	[00.008750,00.027519]
01_filter               	    774	00.212073	(00.000274 +- 00.000107)	[00.000113,00.002554]
02_preint               	    772	00.027841	(00.000036 +- 00.000006)	[00.000025,00.000078]
02a_intensity_preprocess	    774	01.987481	(00.002568 +- 00.000370)	[00.000801,00.007316]
03_undistortion         	    772	00.553495	(00.000717 +- 00.000070)	[00.000138,00.008355]
04_sampling             	    771	00.360829	(00.000468 +- 00.000096)	[00.000057,00.002759]
04b_intensity_sampling  	    771	00.512858	(00.000665 +- 00.000096)	[00.000110,00.003066]
05_registration         	    771	02.597060	(00.003368 +- 00.001007)	[00.000691,00.013137]
06_map                  	    771	00.575342	(00.000746 +- 00.000203)	[00.000094,00.002346]
07_imu_opt              	    771	01.048557	(00.001360 +- 00.000247)	[00.000002,00.004487]
08_publish              	    771	07.016039	(00.009100 +- 00.001587)	[00.000508,00.028945]
step                    	    774	14.964863	(00.019334 +- 00.003050)	[00.003846,00.057703]

INFO  Timings:
SM Timing
-----------
00_conversion_livox     	    776	08.748315	(00.011274 +- 00.001134)	[00.008750,00.027519]
01_filter               	    775	00.212414	(00.000274 +- 00.000107)	[00.000113,00.002554]
02_preint               	    773	00.027881	(00.000036 +- 00.000006)	[00.000025,00.000078]
02a_intensity_preprocess	    775	01.990911	(00.002569 +- 00.000366)	[00.000801,00.007316]
03_undistortion         	    773	00.554372	(00.000717 +- 00.000071)	[00.000138,00.008355]
04_sampling             	    772	00.361482	(00.000468 +- 00.000095)	[00.000057,00.002759]
04b_intensity_sampling  	    772	00.513649	(00.000665 +- 00.000095)	[00.000110,00.003066]
05_registration         	    772	02.602070	(00.003371 +- 00.001006)	[00.000691,00.013137]
06_map                  	    772	00.576312	(00.000747 +- 00.000202)	[00.000094,00.002346]
07_imu_opt              	    772	01.049979	(00.001360 +- 00.000244)	[00.000002,00.004487]
08_publish              	    772	07.030407	(00.009107 +- 00.001558)	[00.000508,00.028945]
step                    	    775	14.992845	(00.019346 +- 00.003019)	[00.003846,00.057703]

INFO  Timings:
SM Timing
-----------
00_conversion_livox     	    777	08.759529	(00.011274 +- 00.001114)	[00.008750,00.027519]
01_filter               	    776	00.212800	(00.000274 +- 00.000107)	[00.000113,00.002554]
02_preint               	    774	00.027919	(00.000036 +- 00.000005)	[00.000025,00.000078]
02a_intensity_preprocess	    776	01.994424	(00.002570 +- 00.000360)	[00.000801,00.007316]
03_undistortion         	    774	00.555296	(00.000717 +- 00.000070)	[00.000138,00.008355]
04_sampling             	    773	00.362180	(00.000469 +- 00.000095)	[00.000057,00.002759]
04b_intensity_sampling  	    773	00.514381	(00.000665 +- 00.000095)	[00.000110,00.003066]
05_registration         	    773	02.606799	(00.003372 +- 00.000989)	[00.000691,00.013137]
06_map                  	    773	00.577363	(00.000747 +- 00.000199)	[00.000094,00.002346]
07_imu_opt              	    773	01.051399	(00.001360 +- 00.000240)	[00.000002,00.004487]
08_publish              	    773	07.044709	(00.009113 +- 00.001532)	[00.000508,00.028945]
step                    	    776	15.020722	(00.019357 +- 00.002952)	[00.003846,00.057703]

INFO  Timings:
SM Timing
-----------
00_conversion_livox     	    778	08.770844	(00.011274 +- 00.001097)	[00.008750,00.027519]
01_filter               	    777	00.213188	(00.000274 +- 00.000107)	[00.000113,00.002554]
02_preint               	    775	00.027963	(00.000036 +- 00.000005)	[00.000025,00.000078]
02a_intensity_preprocess	    777	01.997917	(00.002571 +- 00.000354)	[00.000801,00.007316]
03_undistortion         	    775	00.556399	(00.000718 +- 00.000074)	[00.000138,00.008355]
04_sampling             	    774	00.363108	(00.000469 +- 00.000098)	[00.000057,00.002759]
04b_intensity_sampling  	    774	00.515200	(00.000666 +- 00.000095)	[00.000110,00.003066]
05_registration         	    774	02.612046	(00.003375 +- 00.000989)	[00.000691,00.013137]
06_map                  	    774	00.578311	(00.000747 +- 00.000199)	[00.000094,00.002346]
07_imu_opt              	    774	01.053013	(00.001360 +- 00.000237)	[00.000002,00.004487]
08_publish              	    774	07.059120	(00.009120 +- 00.001511)	[00.000508,00.028945]
step                    	    777	15.049786	(00.019369 +- 00.002924)	[00.003846,00.057703]

INFO  Timings:
SM Timing
-----------
00_conversion_livox     	    779	08.782221	(00.011274 +- 00.001085)	[00.008750,00.027519]
01_filter               	    778	00.213529	(00.000274 +- 00.000106)	[00.000113,00.002554]
02_preint               	    776	00.028003	(00.000036 +- 00.000005)	[00.000025,00.000078]
02a_intensity_preprocess	    778	02.001525	(00.002573 +- 00.000351)	[00.000801,00.007316]
03_undistortion         	    776	00.557283	(00.000718 +- 00.000075)	[00.000138,00.008355]
04_sampling             	    775	00.363790	(00.000469 +- 00.000098)	[00.000057,00.002759]
04b_intensity_sampling  	    775	00.516124	(00.000666 +- 00.000097)	[00.000110,00.003066]
05_registration         	    775	02.617804	(00.003378 +- 00.000991)	[00.000691,00.013137]
06_map                  	    775	00.579333	(00.000748 +- 00.000199)	[00.000094,00.002346]
07_imu_opt              	    775	01.054525	(00.001361 +- 00.000234)	[00.000002,00.004487]
08_publish              	    775	07.074706	(00.009129 +- 00.001493)	[00.000508,00.028945]
step                    	    778	15.080236	(00.019383 +- 00.002894)	[00.003846,00.057703]

INFO  Timings:
SM Timing
-----------
00_conversion_livox     	    780	08.794579	(00.011275 +- 00.001077)	[00.008750,00.027519]
01_filter               	    779	00.213848	(00.000275 +- 00.000106)	[00.000113,00.002554]
02_preint               	    777	00.028052	(00.000036 +- 00.000005)	[00.000025,00.000078]
02a_intensity_preprocess	    779	02.005459	(00.002574 +- 00.000351)	[00.000801,00.007316]
03_undistortion         	    777	00.558091	(00.000718 +- 00.000076)	[00.000138,00.008355]
04_sampling             	    776	00.364560	(00.000470 +- 00.000097)	[00.000057,00.002759]
04b_intensity_sampling  	    776	00.516954	(00.000666 +- 00.000097)	[00.000110,00.003066]
05_registration         	    776	02.622989	(00.003380 +- 00.000986)	[00.000691,00.013137]
06_map                  	    776	00.580488	(00.000748 +- 00.000196)	[00.000094,00.002346]
07_imu_opt              	    776	01.056135	(00.001361 +- 00.000231)	[00.000002,00.004487]
08_publish              	    776	07.091242	(00.009138 +- 00.001496)	[00.000508,00.028945]
step                    	    779	15.111543	(00.019399 +- 00.002903)	[00.003846,00.057703]

INFO  Timings:
SM Timing
-----------
00_conversion_livox     	    781	08.807601	(00.011277 +- 00.001085)	[00.008750,00.027519]
01_filter               	    780	00.214260	(00.000275 +- 00.000105)	[00.000113,00.002554]
02_preint               	    778	00.028098	(00.000036 +- 00.000005)	[00.000025,00.000078]
02a_intensity_preprocess	    780	02.009429	(00.002576 +- 00.000353)	[00.000801,00.007316]
03_undistortion         	    778	00.558998	(00.000719 +- 00.000076)	[00.000138,00.008355]
04_sampling             	    777	00.366445	(00.000472 +- 00.000187)	[00.000057,00.002759]
04b_intensity_sampling  	    777	00.517822	(00.000666 +- 00.000096)	[00.000110,00.003066]
05_registration         	    777	02.633108	(00.003389 +- 00.001211)	[00.000691,00.013137]
06_map                  	    777	00.581645	(00.000749 +- 00.000196)	[00.000094,00.002346]
07_imu_opt              	    777	01.057844	(00.001361 +- 00.000230)	[00.000002,00.004487]
08_publish              	    777	07.107897	(00.009148 +- 00.001502)	[00.000508,00.028945]
step                    	    780	15.149352	(00.019422 +- 00.003126)	[00.003846,00.057703]

INFO  Timings:
SM Timing
-----------
00_conversion_livox     	    782	08.820933	(00.011280 +- 00.001100)	[00.008750,00.027519]
01_filter               	    781	00.214670	(00.000275 +- 00.000105)	[00.000113,00.002554]
02_preint               	    779	00.028142	(00.000036 +- 00.000005)	[00.000025,00.000078]
02a_intensity_preprocess	    781	02.013561	(00.002578 +- 00.000358)	[00.000801,00.007316]
03_undistortion         	    779	00.559973	(00.000719 +- 00.000077)	[00.000138,00.008355]
04_sampling             	    778	00.367327	(00.000472 +- 00.000188)	[00.000057,00.002759]
04b_intensity_sampling  	    778	00.518829	(00.000667 +- 00.000099)	[00.000110,00.003066]
05_registration         	    778	02.637539	(00.003390 +- 00.001194)	[00.000691,00.013137]
06_map                  	    778	00.582788	(00.000749 +- 00.000196)	[00.000094,00.002346]
07_imu_opt              	    778	01.059321	(00.001362 +- 00.000226)	[00.000002,00.004487]
08_publish              	    778	07.124584	(00.009158 +- 00.001502)	[00.000508,00.028945]
step                    	    781	15.180629	(00.019437 +- 00.003082)	[00.003846,00.057703]

INFO  Timings:
SM Timing
-----------
00_conversion_livox     	    783	08.834298	(00.011283 +- 00.001118)	[00.008750,00.027519]
01_filter               	    782	00.215067	(00.000275 +- 00.000103)	[00.000113,00.002554]
02_preint               	    780	00.028185	(00.000036 +- 00.000005)	[00.000025,00.000078]
02a_intensity_preprocess	    782	02.017715	(00.002580 +- 00.000362)	[00.000801,00.007316]
03_undistortion         	    780	00.560934	(00.000719 +- 00.000077)	[00.000138,00.008355]
04_sampling             	    779	00.368129	(00.000473 +- 00.000188)	[00.000057,00.002759]
04b_intensity_sampling  	    779	00.519632	(00.000667 +- 00.000099)	[00.000110,00.003066]
05_registration         	    779	02.643679	(00.003394 +- 00.001199)	[00.000691,00.013137]
06_map                  	    779	00.583962	(00.000750 +- 00.000192)	[00.000094,00.002346]
07_imu_opt              	    779	01.060845	(00.001362 +- 00.000225)	[00.000002,00.004487]
08_publish              	    779	07.141786	(00.009168 +- 00.001514)	[00.000508,00.028945]
step                    	    782	15.213885	(00.019455 +- 00.003097)	[00.003846,00.057703]

INFO  Timings:
SM Timing
-----------
00_conversion_livox     	    784	08.847736	(00.011285 +- 00.001132)	[00.008750,00.027519]
01_filter               	    783	00.215438	(00.000275 +- 00.000031)	[00.000113,00.002554]
02_preint               	    781	00.028234	(00.000036 +- 00.000005)	[00.000025,00.000078]
02a_intensity_preprocess	    783	02.021808	(00.002582 +- 00.000363)	[00.000801,00.007316]
03_undistortion         	    781	00.561906	(00.000719 +- 00.000077)	[00.000138,00.008355]
04_sampling             	    780	00.368983	(00.000473 +- 00.000187)	[00.000057,00.002759]
04b_intensity_sampling  	    780	00.520427	(00.000667 +- 00.000099)	[00.000110,00.003066]
05_registration         	    780	02.648757	(00.003396 +- 00.001190)	[00.000691,00.013137]
06_map                  	    780	00.585173	(00.000750 +- 00.000192)	[00.000094,00.002346]
07_imu_opt              	    780	01.062979	(00.001363 +- 00.000233)	[00.000002,00.004487]
08_publish              	    780	07.159486	(00.009179 +- 00.001538)	[00.000508,00.028945]
step                    	    783	15.247245	(00.019473 +- 00.003110)	[00.003846,00.057703]

INFO  Timings:
SM Timing
-----------
00_conversion_livox     	    785	08.861615	(00.011289 +- 00.001153)	[00.008750,00.027519]
01_filter               	    784	00.215853	(00.000275 +- 00.000032)	[00.000113,00.002554]
02_preint               	    782	00.028286	(00.000036 +- 00.000005)	[00.000025,00.000078]
02a_intensity_preprocess	    784	02.026175	(00.002584 +- 00.000372)	[00.000801,00.007316]
03_undistortion         	    782	00.562827	(00.000720 +- 00.000077)	[00.000138,00.008355]
04_sampling             	    781	00.370185	(00.000474 +- 00.000196)	[00.000057,00.002759]
04b_intensity_sampling  	    781	00.521338	(00.000668 +- 00.000099)	[00.000110,00.003066]
05_registration         	    781	02.657250	(00.003402 +- 00.001273)	[00.000691,00.013137]
06_map                  	    781	00.586530	(00.000751 +- 00.000193)	[00.000094,00.002346]
07_imu_opt              	    781	01.064824	(00.001363 +- 00.000230)	[00.000002,00.004487]
08_publish              	    781	07.178591	(00.009192 +- 00.001620)	[00.000508,00.028945]
step                    	    784	15.286036	(00.019497 +- 00.003334)	[00.003846,00.057703]

INFO  Timings:
SM Timing
-----------
00_conversion_livox     	    786	08.876067	(00.011293 +- 00.001204)	[00.008750,00.027519]
01_filter               	    785	00.216253	(00.000275 +- 00.000032)	[00.000113,00.002554]
02_preint               	    783	00.028338	(00.000036 +- 00.000005)	[00.000025,00.000078]
02a_intensity_preprocess	    785	02.030687	(00.002587 +- 00.000388)	[00.000801,00.007316]
03_undistortion         	    783	00.563751	(00.000720 +- 00.000076)	[00.000138,00.008355]
04_sampling             	    782	00.371010	(00.000474 +- 00.000195)	[00.000057,00.002759]
04b_intensity_sampling  	    782	00.522267	(00.000668 +- 00.000099)	[00.000110,00.003066]
05_registration         	    782	02.662378	(00.003405 +- 00.001272)	[00.000691,00.013137]
06_map                  	    782	00.587880	(00.000752 +- 00.000195)	[00.000094,00.002346]
07_imu_opt              	    782	01.066961	(00.001364 +- 00.000236)	[00.000002,00.004487]
08_publish              	    782	07.197419	(00.009204 +- 00.001687)	[00.000508,00.028945]
step                    	    785	15.321222	(00.019517 +- 00.003389)	[00.003846,00.057703]

INFO  Timings:
SM Timing
-----------
00_conversion_livox     	    787	08.890629	(00.011297 +- 00.001254)	[00.008750,00.027519]
01_filter               	    786	00.216643	(00.000276 +- 00.000032)	[00.000113,00.002554]
02_preint               	    784	00.028393	(00.000036 +- 00.000006)	[00.000025,00.000078]
02a_intensity_preprocess	    786	02.035199	(00.002589 +- 00.000402)	[00.000801,00.007316]
03_undistortion         	    784	00.564748	(00.000720 +- 00.000077)	[00.000138,00.008355]
04_sampling             	    783	00.372047	(00.000475 +- 00.000198)	[00.000057,00.002759]
04b_intensity_sampling  	    783	00.523190	(00.000668 +- 00.000099)	[00.000110,00.003066]
05_registration         	    783	02.669716	(00.003410 +- 00.001299)	[00.000691,00.013137]
06_map                  	    783	00.589261	(00.000753 +- 00.000198)	[00.000094,00.002346]
07_imu_opt              	    783	01.068771	(00.001365 +- 00.000232)	[00.000002,00.004487]
08_publish              	    783	07.216194	(00.009216 +- 00.001742)	[00.000508,00.028945]
step                    	    786	15.358535	(00.019540 +- 00.003531)	[00.003846,00.057703]

INFO  Timings:
SM Timing
-----------
00_conversion_livox     	    788	08.904594	(00.011300 +- 00.001274)	[00.008750,00.027519]
01_filter               	    787	00.217017	(00.000276 +- 00.000032)	[00.000113,00.002554]
02_preint               	    785	00.028440	(00.000036 +- 00.000006)	[00.000025,00.000078]
02a_intensity_preprocess	    787	02.039505	(00.002591 +- 00.000407)	[00.000801,00.007316]
03_undistortion         	    785	00.565771	(00.000721 +- 00.000078)	[00.000138,00.008355]
04_sampling             	    784	00.373027	(00.000476 +- 00.000199)	[00.000057,00.002759]
04b_intensity_sampling  	    784	00.524140	(00.000669 +- 00.000100)	[00.000110,00.003066]
05_registration         	    784	02.675212	(00.003412 +- 00.001296)	[00.000691,00.013137]
06_map                  	    784	00.590504	(00.000753 +- 00.000197)	[00.000094,00.002346]
07_imu_opt              	    784	01.070577	(00.001366 +- 00.000227)	[00.000002,00.004487]
08_publish              	    784	07.233835	(00.009227 +- 00.001758)	[00.000508,00.028945]
step                    	    787	15.392472	(00.019558 +- 00.003541)	[00.003846,00.057703]

INFO  Timings:
SM Timing
-----------
00_conversion_livox     	    789	08.917858	(00.011303 +- 00.001271)	[00.008750,00.027519]
01_filter               	    788	00.217391	(00.000276 +- 00.000032)	[00.000113,00.002554]
02_preint               	    786	00.028488	(00.000036 +- 00.000005)	[00.000025,00.000078]
02a_intensity_preprocess	    788	02.043683	(00.002594 +- 00.000406)	[00.000801,00.007316]
03_undistortion         	    786	00.566781	(00.000721 +- 00.000079)	[00.000138,00.008355]
04_sampling             	    785	00.373868	(00.000476 +- 00.000199)	[00.000057,00.002759]
04b_intensity_sampling  	    785	00.525058	(00.000669 +- 00.000100)	[00.000110,00.003066]
05_registration         	    785	02.679875	(00.003414 +- 00.001288)	[00.000691,00.013137]
06_map                  	    785	00.591715	(00.000754 +- 00.000197)	[00.000094,00.002346]
07_imu_opt              	    785	01.072368	(00.001366 +- 00.000219)	[00.000002,00.004487]
08_publish              	    785	07.250831	(00.009237 +- 00.001745)	[00.000508,00.028945]
step                    	    788	15.424591	(00.019574 +- 00.003491)	[00.003846,00.057703]

INFO  Timings:
SM Timing
-----------
00_conversion_livox     	    790	08.931145	(00.011305 +- 00.001267)	[00.008750,00.027519]
01_filter               	    789	00.217751	(00.000276 +- 00.000031)	[00.000113,00.002554]
02_preint               	    787	00.028536	(00.000036 +- 00.000005)	[00.000025,00.000078]
02a_intensity_preprocess	    789	02.047918	(00.002596 +- 00.000405)	[00.000801,00.007316]
03_undistortion         	    787	00.567769	(00.000721 +- 00.000078)	[00.000138,00.008355]
04_sampling             	    786	00.374707	(00.000477 +- 00.000197)	[00.000057,00.002759]
04b_intensity_sampling  	    786	00.525910	(00.000669 +- 00.000099)	[00.000110,00.003066]
05_registration         	    786	02.686363	(00.003418 +- 00.001293)	[00.000691,00.013137]
06_map                  	    786	00.592988	(00.000754 +- 00.000196)	[00.000094,00.002346]
07_imu_opt              	    786	01.074058	(00.001366 +- 00.000219)	[00.000002,00.004487]
08_publish              	    786	07.267729	(00.009246 +- 00.001730)	[00.000508,00.028945]
step                    	    789	15.458380	(00.019592 +- 00.003479)	[00.003846,00.057703]

INFO  Timings:
SM Timing
-----------
00_conversion_livox     	    791	08.944724	(00.011308 +- 00.001261)	[00.008750,00.027519]
01_filter               	    790	00.218132	(00.000276 +- 00.000029)	[00.000113,00.002554]
02_preint               	    788	00.028590	(00.000036 +- 00.000006)	[00.000025,00.000078]
02a_intensity_preprocess	    790	02.052170	(00.002598 +- 00.000404)	[00.000801,00.007316]
03_undistortion         	    788	00.568765	(00.000722 +- 00.000078)	[00.000138,00.008355]
04_sampling             	    787	00.375516	(00.000477 +- 00.000197)	[00.000057,00.002759]
04b_intensity_sampling  	    787	00.526758	(00.000669 +- 00.000096)	[00.000110,00.003066]
05_registration         	    787	02.692230	(00.003421 +- 00.001293)	[00.000691,00.013137]
06_map                  	    787	00.594042	(00.000755 +- 00.000194)	[00.000094,00.002346]
07_imu_opt              	    787	01.075651	(00.001367 +- 00.000212)	[00.000002,00.004487]
08_publish              	    787	07.284319	(00.009256 +- 00.001711)	[00.000508,00.028945]
step                    	    790	15.490965	(00.019609 +- 00.003443)	[00.003846,00.057703]

INFO  Timings:
SM Timing
-----------
00_conversion_livox     	    792	08.957999	(00.011311 +- 00.001250)	[00.008750,00.027519]
01_filter               	    791	00.218495	(00.000276 +- 00.000029)	[00.000113,00.002554]
02_preint               	    789	00.028638	(00.000036 +- 00.000006)	[00.000025,00.000078]
02a_intensity_preprocess	    791	02.056292	(00.002600 +- 00.000400)	[00.000801,00.007316]
03_undistortion         	    789	00.569733	(00.000722 +- 00.000078)	[00.000138,00.008355]
04_sampling             	    788	00.376257	(00.000477 +- 00.000197)	[00.000057,00.002759]
04b_intensity_sampling  	    788	00.527580	(00.000670 +- 00.000095)	[00.000110,00.003066]
05_registration         	    788	02.697549	(00.003423 +- 00.001287)	[00.000691,00.013137]
06_map                  	    788	00.595321	(00.000755 +- 00.000191)	[00.000094,00.002346]
07_imu_opt              	    788	01.077250	(00.001367 +- 00.000204)	[00.000002,00.004487]
08_publish              	    788	07.301036	(00.009265 +- 00.001685)	[00.000508,00.028945]
step                    	    791	15.523023	(00.019625 +- 00.003386)	[00.003846,00.057703]

INFO  Timings:
SM Timing
-----------
00_conversion_livox     	    793	08.971823	(00.011314 +- 00.001246)	[00.008750,00.027519]
01_filter               	    792	00.218826	(00.000276 +- 00.000029)	[00.000113,00.002554]
02_preint               	    790	00.028689	(00.000036 +- 00.000006)	[00.000025,00.000078]
02a_intensity_preprocess	    792	02.060639	(00.002602 +- 00.000399)	[00.000801,00.007316]
03_undistortion         	    790	00.570619	(00.000722 +- 00.000078)	[00.000138,00.008355]
04_sampling             	    789	00.377113	(00.000478 +- 00.000197)	[00.000057,00.002759]
04b_intensity_sampling  	    789	00.528427	(00.000670 +- 00.000094)	[00.000110,00.003066]
05_registration         	    789	02.705991	(00.003430 +- 00.001329)	[00.000691,00.013137]
06_map                  	    789	00.596715	(00.000756 +- 00.000191)	[00.000094,00.002346]
07_imu_opt              	    789	01.078845	(00.001367 +- 00.000196)	[00.000002,00.004487]
08_publish              	    789	07.317589	(00.009275 +- 00.001651)	[00.000508,00.028945]
step                    	    792	15.558398	(00.019644 +- 00.003355)	[00.003846,00.057703]

INFO  Timings:
SM Timing
-----------
00_conversion_livox     	    794	08.984246	(00.011315 +- 00.001221)	[00.008750,00.027519]
01_filter               	    793	00.219223	(00.000276 +- 00.000029)	[00.000113,00.002554]
02_preint               	    791	00.028735	(00.000036 +- 00.000005)	[00.000025,00.000078]
02a_intensity_preprocess	    793	02.064517	(00.002603 +- 00.000394)	[00.000801,00.007316]
03_undistortion         	    791	00.571588	(00.000723 +- 00.000075)	[00.000138,00.008355]
04_sampling             	    790	00.377918	(00.000478 +- 00.000197)	[00.000057,00.002759]
04b_intensity_sampling  	    790	00.529252	(00.000670 +- 00.000093)	[00.000110,00.003066]
05_registration         	    790	02.711128	(00.003432 +- 00.001324)	[00.000691,00.013137]
06_map                  	    790	00.597877	(00.000757 +- 00.000189)	[00.000094,00.002346]
07_imu_opt              	    790	01.080387	(00.001368 +- 00.000196)	[00.000002,00.004487]
08_publish              	    790	07.333193	(00.009283 +- 00.001631)	[00.000508,00.028945]
step                    	    793	15.588853	(00.019658 +- 00.003314)	[00.003846,00.057703]

INFO  Timings:
SM Timing
-----------
00_conversion_livox     	    795	08.996173	(00.011316 +- 00.001210)	[00.008750,00.027519]
01_filter               	    794	00.219565	(00.000277 +- 00.000029)	[00.000113,00.002554]
02_preint               	    792	00.028783	(00.000036 +- 00.000005)	[00.000025,00.000078]
02a_intensity_preprocess	    794	02.068220	(00.002605 +- 00.000392)	[00.000801,00.007316]
03_undistortion         	    792	00.572491	(00.000723 +- 00.000075)	[00.000138,00.008355]
04_sampling             	    791	00.378628	(00.000479 +- 00.000197)	[00.000057,00.002759]
04b_intensity_sampling  	    791	00.530144	(00.000670 +- 00.000093)	[00.000110,00.003066]
05_registration         	    791	02.716268	(00.003434 +- 00.001320)	[00.000691,00.013137]
06_map                  	    791	00.599202	(00.000758 +- 00.000189)	[00.000094,00.002346]
07_imu_opt              	    791	01.082611	(00.001369 +- 00.000211)	[00.000002,00.004487]
08_publish              	    791	07.348146	(00.009290 +- 00.001629)	[00.000508,00.028945]
step                    	    794	15.619199	(00.019672 +- 00.003312)	[00.003846,00.057703]

INFO  Timings:
SM Timing
-----------
00_conversion_livox     	    796	09.007956	(00.011317 +- 00.001210)	[00.008750,00.027519]
01_filter               	    795	00.219971	(00.000277 +- 00.000029)	[00.000113,00.002554]
02_preint               	    793	00.028828	(00.000036 +- 00.000005)	[00.000025,00.000078]
02a_intensity_preprocess	    795	02.072061	(00.002606 +- 00.000392)	[00.000801,00.007316]
03_undistortion         	    793	00.573521	(00.000723 +- 00.000074)	[00.000138,00.008355]
04_sampling             	    792	00.379436	(00.000479 +- 00.000197)	[00.000057,00.002759]
04b_intensity_sampling  	    792	00.531021	(00.000670 +- 00.000092)	[00.000110,00.003066]
05_registration         	    792	02.721419	(00.003436 +- 00.001315)	[00.000691,00.013137]
06_map                  	    792	00.600250	(00.000758 +- 00.000190)	[00.000094,00.002346]
07_imu_opt              	    792	01.084049	(00.001369 +- 00.000212)	[00.000002,00.004487]
08_publish              	    792	07.363064	(00.009297 +- 00.001634)	[00.000508,00.028945]
step                    	    795	15.648844	(00.019684 +- 00.003314)	[00.003846,00.057703]

INFO  Timings:
SM Timing
-----------
00_conversion_livox     	    797	09.019515	(00.011317 +- 00.001214)	[00.008750,00.027519]
01_filter               	    796	00.220275	(00.000277 +- 00.000030)	[00.000113,00.002554]
02_preint               	    794	00.028872	(00.000036 +- 00.000005)	[00.000025,00.000078]
02a_intensity_preprocess	    796	02.075675	(00.002608 +- 00.000393)	[00.000801,00.007316]
03_undistortion         	    794	00.574500	(00.000724 +- 00.000061)	[00.000138,00.008355]
04_sampling             	    793	00.380261	(00.000480 +- 00.000196)	[00.000057,00.002759]
04b_intensity_sampling  	    793	00.532007	(00.000671 +- 00.000095)	[00.000110,00.003066]
05_registration         	    793	02.727681	(00.003440 +- 00.001306)	[00.000691,00.013137]
06_map                  	    793	00.601336	(00.000758 +- 00.000190)	[00.000094,00.002346]
07_imu_opt              	    793	01.085514	(00.001369 +- 00.000213)	[00.000002,00.004487]
08_publish              	    793	07.377409	(00.009303 +- 00.001645)	[00.000508,00.028945]
step                    	    796	15.678829	(00.019697 +- 00.003308)	[00.003846,00.057703]

INFO  Timings:
SM Timing
-----------
00_conversion_livox     	    798	09.030759	(00.011317 +- 00.001223)	[00.008750,00.027519]
01_filter               	    797	00.220653	(00.000277 +- 00.000030)	[00.000113,00.002554]
02_preint               	    795	00.028909	(00.000036 +- 00.000006)	[00.000025,00.000078]
02a_intensity_preprocess	    797	02.079137	(00.002609 +- 00.000396)	[00.000801,00.007316]
03_undistortion         	    795	00.575512	(00.000724 +- 00.000062)	[00.000138,00.008355]
04_sampling             	    794	00.381012	(00.000480 +- 00.000195)	[00.000057,00.002759]
04b_intensity_sampling  	    794	00.532738	(00.000671 +- 00.000095)	[00.000110,00.003066]
05_registration         	    794	02.733777	(00.003443 +- 00.001309)	[00.000691,00.013137]
06_map                  	    794	00.602465	(00.000759 +- 00.000190)	[00.000094,00.002346]
07_imu_opt              	    794	01.086939	(00.001369 +- 00.000216)	[00.000002,00.004487]
08_publish              	    794	07.392079	(00.009310 +- 00.001648)	[00.000508,00.028945]
step                    	    797	15.708583	(00.019710 +- 00.003312)	[00.003846,00.057703]

INFO  Timings:
SM Timing
-----------
00_conversion_livox     	    799	09.042369	(00.011317 +- 00.001227)	[00.008750,00.027519]
01_filter               	    798	00.221081	(00.000277 +- 00.000031)	[00.000113,00.002554]
02_preint               	    796	00.028952	(00.000036 +- 00.000006)	[00.000025,00.000078]
02a_intensity_preprocess	    798	02.082770	(00.002610 +- 00.000396)	[00.000801,00.007316]
03_undistortion         	    796	00.576612	(00.000724 +- 00.000063)	[00.000138,00.008355]
04_sampling             	    795	00.381748	(00.000480 +- 00.000195)	[00.000057,00.002759]
04b_intensity_sampling  	    795	00.533674	(00.000671 +- 00.000095)	[00.000110,00.003066]
05_registration         	    795	02.741183	(00.003448 +- 00.001333)	[00.000691,00.013137]
06_map                  	    795	00.603583	(00.000759 +- 00.000189)	[00.000094,00.002346]
07_imu_opt              	    795	01.088414	(00.001369 +- 00.000216)	[00.000002,00.004487]
08_publish              	    795	07.406921	(00.009317 +- 00.001649)	[00.000508,00.028945]
step                    	    798	15.740394	(00.019725 +- 00.003301)	[00.003846,00.057703]

INFO  Timings:
SM Timing
-----------
00_conversion_livox     	    800	09.053613	(00.011317 +- 00.001232)	[00.008750,00.027519]
01_filter               	    799	00.221432	(00.000277 +- 00.000031)	[00.000113,00.002554]
02_preint               	    797	00.028995	(00.000036 +- 00.000006)	[00.000025,00.000078]
02a_intensity_preprocess	    799	02.086366	(00.002611 +- 00.000397)	[00.000801,00.007316]
03_undistortion         	    797	00.577515	(00.000725 +- 00.000063)	[00.000138,00.008355]
04_sampling             	    796	00.382458	(00.000480 +- 00.000194)	[00.000057,00.002759]
04b_intensity_sampling  	    796	00.534476	(00.000671 +- 00.000095)	[00.000110,00.003066]
05_registration         	    796	02.745457	(00.003449 +- 00.001322)	[00.000691,00.013137]
06_map                  	    796	00.604735	(00.000760 +- 00.000189)	[00.000094,00.002346]
07_imu_opt              	    796	01.089833	(00.001369 +- 00.000217)	[00.000002,00.004487]
08_publish              	    796	07.421317	(00.009323 +- 00.001657)	[00.000508,00.028945]
step                    	    799	15.768147	(00.019735 +- 00.003315)	[00.003846,00.057703]

INFO  Timings:
SM Timing
-----------
00_conversion_livox     	    801	09.064811	(00.011317 +- 00.001240)	[00.008750,00.027519]
01_filter               	    800	00.221793	(00.000277 +- 00.000031)	[00.000113,00.002554]
02_preint               	    798	00.029034	(00.000036 +- 00.000006)	[00.000025,00.000078]
02a_intensity_preprocess	    800	02.089911	(00.002612 +- 00.000398)	[00.000801,00.007316]
03_undistortion         	    798	00.578541	(00.000725 +- 00.000064)	[00.000138,00.008355]
04_sampling             	    797	00.383236	(00.000481 +- 00.000194)	[00.000057,00.002759]
04b_intensity_sampling  	    797	00.535331	(00.000672 +- 00.000095)	[00.000110,00.003066]
05_registration         	    797	02.749514	(00.003450 +- 00.001337)	[00.000691,00.013137]
06_map                  	    797	00.605757	(00.000760 +- 00.000190)	[00.000094,00.002346]
07_imu_opt              	    797	01.091218	(00.001369 +- 00.000220)	[00.000002,00.004487]
08_publish              	    797	07.435387	(00.009329 +- 00.001672)	[00.000508,00.028945]
step                    	    800	15.795366	(00.019744 +- 00.003356)	[00.003846,00.057703]

INFO  Timings:
SM Timing
-----------
00_conversion_livox     	    802	09.075512	(00.011316 +- 00.001256)	[00.008750,00.027519]
01_filter               	    801	00.222157	(00.000277 +- 00.000031)	[00.000113,00.002554]
02_preint               	    799	00.029072	(00.000036 +- 00.000005)	[00.000025,00.000078]
02a_intensity_preprocess	    801	02.093679	(00.002614 +- 00.000397)	[00.000801,00.007316]
03_undistortion         	    799	00.579450	(00.000725 +- 00.000064)	[00.000138,00.008355]
04_sampling             	    798	00.383968	(00.000481 +- 00.000194)	[00.000057,00.002759]
04b_intensity_sampling  	    798	00.536047	(00.000672 +- 00.000096)	[00.000110,00.003066]
05_registration         	    798	02.753939	(00.003451 +- 00.001346)	[00.000691,00.013137]
06_map                  	    798	00.606785	(00.000760 +- 00.000190)	[00.000094,00.002346]
07_imu_opt              	    798	01.092806	(00.001369 +- 00.000220)	[00.000002,00.004487]
08_publish              	    798	07.449132	(00.009335 +- 00.001686)	[00.000508,00.028945]
step                    	    801	15.822755	(00.019754 +- 00.003387)	[00.003846,00.057703]

INFO  Timings:
SM Timing
-----------
00_conversion_livox     	    803	09.086603	(00.011316 +- 00.001258)	[00.008750,00.027519]
01_filter               	    802	00.222526	(00.000277 +- 00.000031)	[00.000113,00.002554]
02_preint               	    800	00.029110	(00.000036 +- 00.000005)	[00.000025,00.000078]
02a_intensity_preprocess	    802	02.097059	(00.002615 +- 00.000397)	[00.000801,00.007316]
03_undistortion         	    800	00.580309	(00.000725 +- 00.000064)	[00.000138,00.008355]
04_sampling             	    799	00.384634	(00.000481 +- 00.000195)	[00.000057,00.002759]
04b_intensity_sampling  	    799	00.536780	(00.000672 +- 00.000097)	[00.000110,00.003066]
05_registration         	    799	02.758111	(00.003452 +- 00.001349)	[00.000691,00.013137]
06_map                  	    799	00.607705	(00.000761 +- 00.000191)	[00.000094,00.002346]
07_imu_opt              	    799	01.094085	(00.001369 +- 00.000226)	[00.000002,00.004487]
08_publish              	    799	07.463071	(00.009341 +- 00.001695)	[00.000508,00.028945]
step                    	    802	15.849207	(00.019762 +- 00.003414)	[00.003846,00.057703]

INFO  Timings:
SM Timing
-----------
00_conversion_livox     	    804	09.097728	(00.011316 +- 00.001256)	[00.008750,00.027519]
01_filter               	    803	00.222887	(00.000278 +- 00.000031)	[00.000113,00.002554]
02_preint               	    801	00.029147	(00.000036 +- 00.000006)	[00.000025,00.000078]
02a_intensity_preprocess	    803	02.100506	(00.002616 +- 00.000397)	[00.000801,00.007316]
03_undistortion         	    801	00.581177	(00.000726 +- 00.000065)	[00.000138,00.008355]
04_sampling             	    800	00.385291	(00.000482 +- 00.000196)	[00.000057,00.002759]
04b_intensity_sampling  	    800	00.537504	(00.000672 +- 00.000098)	[00.000110,00.003066]
05_registration         	    800	02.763214	(00.003454 +- 00.001273)	[00.000691,00.013137]
06_map                  	    800	00.608667	(00.000761 +- 00.000193)	[00.000094,00.002346]
07_imu_opt              	    800	01.095383	(00.001369 +- 00.000231)	[00.000002,00.004487]
08_publish              	    800	07.477705	(00.009347 +- 00.001677)	[00.000508,00.028945]
step                    	    803	15.877374	(00.019773 +- 00.003338)	[00.003846,00.057703]

INFO  Timings:
SM Timing
-----------
00_conversion_livox     	    805	09.109137	(00.011316 +- 00.001249)	[00.008750,00.027519]
01_filter               	    804	00.223234	(00.000278 +- 00.000031)	[00.000113,00.002554]
02_preint               	    802	00.029185	(00.000036 +- 00.000005)	[00.000025,00.000078]
02a_intensity_preprocess	    804	02.104079	(00.002617 +- 00.000394)	[00.000801,00.007316]
03_undistortion         	    802	00.582051	(00.000726 +- 00.000066)	[00.000138,00.008355]
04_sampling             	    801	00.386077	(00.000482 +- 00.000196)	[00.000057,00.002759]
04b_intensity_sampling  	    801	00.538276	(00.000672 +- 00.000099)	[00.000110,00.003066]
05_registration         	    801	02.768261	(00.003456 +- 00.001273)	[00.000691,00.013137]
06_map                  	    801	00.609630	(00.000761 +- 00.000195)	[00.000094,00.002346]
07_imu_opt              	    801	01.096715	(00.001369 +- 00.000234)	[00.000002,00.004487]
08_publish              	    801	07.492329	(00.009354 +- 00.001655)	[00.000508,00.028945]
step                    	    804	15.905812	(00.019783 +- 00.003323)	[00.003846,00.057703]

INFO  Timings:
SM Timing
-----------
00_conversion_livox     	    806	09.120731	(00.011316 +- 00.001240)	[00.008750,00.027519]
01_filter               	    805	00.223613	(00.000278 +- 00.000030)	[00.000113,00.002554]
02_preint               	    803	00.029224	(00.000036 +- 00.000005)	[00.000025,00.000078]
02a_intensity_preprocess	    805	02.107572	(00.002618 +- 00.000392)	[00.000801,00.007316]
03_undistortion         	    803	00.582953	(00.000726 +- 00.000064)	[00.000138,00.008355]
04_sampling             	    802	00.386833	(00.000482 +- 00.000196)	[00.000057,00.002759]
04b_intensity_sampling  	    802	00.539096	(00.000672 +- 00.000098)	[00.000110,00.003066]
05_registration         	    802	02.773836	(00.003459 +- 00.001271)	[00.000691,00.013137]
06_map                  	    802	00.610652	(00.000761 +- 00.000191)	[00.000094,00.002346]
07_imu_opt              	    802	01.098055	(00.001369 +- 00.000232)	[00.000002,00.004487]
08_publish              	    802	07.507078	(00.009360 +- 00.001635)	[00.000508,00.028945]
step                    	    805	15.934964	(00.019795 +- 00.003282)	[00.003846,00.057703]

INFO  Timings:
SM Timing
-----------
00_conversion_livox     	    807	09.132604	(00.011317 +- 00.001225)	[00.008750,00.027519]
01_filter               	    806	00.223953	(00.000278 +- 00.000030)	[00.000113,00.002554]
02_preint               	    804	00.029264	(00.000036 +- 00.000005)	[00.000025,00.000078]
02a_intensity_preprocess	    806	02.110946	(00.002619 +- 00.000390)	[00.000801,00.007316]
03_undistortion         	    804	00.583803	(00.000726 +- 00.000065)	[00.000138,00.008355]
04_sampling             	    803	00.387620	(00.000483 +- 00.000196)	[00.000057,00.002759]
04b_intensity_sampling  	    803	00.539840	(00.000672 +- 00.000098)	[00.000110,00.003066]
05_registration         	    803	02.778043	(00.003460 +- 00.001279)	[00.000691,00.013137]
06_map                  	    803	00.611765	(00.000762 +- 00.000191)	[00.000094,00.002346]
07_imu_opt              	    803	01.099337	(00.001369 +- 00.000236)	[00.000002,00.004487]
08_publish              	    803	07.521072	(00.009366 +- 00.001624)	[00.000508,00.028945]
step                    	    806	15.961798	(00.019804 +- 00.003303)	[00.003846,00.057703]

INFO  Timings:
SM Timing
-----------
00_conversion_livox     	    808	09.143684	(00.011316 +- 00.001214)	[00.008750,00.027519]
01_filter               	    807	00.224332	(00.000278 +- 00.000028)	[00.000113,00.002554]
02_preint               	    805	00.029303	(00.000036 +- 00.000005)	[00.000025,00.000078]
02a_intensity_preprocess	    807	02.114308	(00.002620 +- 00.000389)	[00.000801,00.007316]
03_undistortion         	    805	00.584769	(00.000726 +- 00.000064)	[00.000138,00.008355]
04_sampling             	    804	00.388379	(00.000483 +- 00.000196)	[00.000057,00.002759]
04b_intensity_sampling  	    804	00.540630	(00.000672 +- 00.000096)	[00.000110,00.003066]
05_registration         	    804	02.782513	(00.003461 +- 00.001284)	[00.000691,00.013137]
06_map                  	    804	00.612894	(00.000762 +- 00.000190)	[00.000094,00.002346]
07_imu_opt              	    804	01.100646	(00.001369 +- 00.000239)	[00.000002,00.004487]
08_publish              	    804	07.534845	(00.009372 +- 00.001614)	[00.000508,00.028945]
step                    	    807	15.988839	(00.019813 +- 00.003301)	[00.003846,00.057703]

INFO  Timings:
SM Timing
-----------
00_conversion_livox     	    809	09.154723	(00.011316 +- 00.001202)	[00.008750,00.027519]
01_filter               	    808	00.224669	(00.000278 +- 00.000028)	[00.000113,00.002554]
02_preint               	    806	00.029335	(00.000036 +- 00.000005)	[00.000025,00.000078]
02a_intensity_preprocess	    808	02.117647	(00.002621 +- 00.000388)	[00.000801,00.007316]
03_undistortion         	    806	00.585938	(00.000727 +- 00.000072)	[00.000138,00.008355]
04_sampling             	    805	00.389141	(00.000483 +- 00.000196)	[00.000057,00.002759]
04b_intensity_sampling  	    805	00.541353	(00.000672 +- 00.000095)	[00.000110,00.003066]
05_registration         	    805	02.787019	(00.003462 +- 00.001280)	[00.000691,00.013137]
06_map                  	    805	00.613799	(00.000762 +- 00.000191)	[00.000094,00.002346]
07_imu_opt              	    805	01.101920	(00.001369 +- 00.000242)	[00.000002,00.004487]
08_publish              	    805	07.548625	(00.009377 +- 00.001603)	[00.000508,00.028945]
step                    	    808	16.015741	(00.019821 +- 00.003284)	[00.003846,00.057703]

INFO  Timings:
SM Timing
-----------
00_conversion_livox     	    810	09.165306	(00.011315 +- 00.001199)	[00.008750,00.027519]
01_filter               	    809	00.224989	(00.000278 +- 00.000028)	[00.000113,00.002554]
02_preint               	    807	00.029372	(00.000036 +- 00.000006)	[00.000025,00.000078]
02a_intensity_preprocess	    809	02.120998	(00.002622 +- 00.000386)	[00.000801,00.007316]
03_undistortion         	    807	00.586795	(00.000727 +- 00.000073)	[00.000138,00.008355]
04_sampling             	    806	00.389829	(00.000484 +- 00.000196)	[00.000057,00.002759]
04b_intensity_sampling  	    806	00.542065	(00.000673 +- 00.000096)	[00.000110,00.003066]
05_registration         	    806	02.791991	(00.003464 +- 00.001271)	[00.000691,00.013137]
06_map                  	    806	00.614791	(00.000763 +- 00.000192)	[00.000094,00.002346]
07_imu_opt              	    806	01.103175	(00.001369 +- 00.000236)	[00.000002,00.004487]
08_publish              	    806	07.562303	(00.009383 +- 00.001602)	[00.000508,00.028945]
step                    	    809	16.042674	(00.019830 +- 00.003305)	[00.003846,00.057703]

INFO  Timings:
SM Timing
-----------
00_conversion_livox     	    811	09.175641	(00.011314 +- 00.001203)	[00.008750,00.027519]
01_filter               	    810	00.225296	(00.000278 +- 00.000029)	[00.000113,00.002554]
02_preint               	    808	00.029408	(00.000036 +- 00.000006)	[00.000025,00.000078]
02a_intensity_preprocess	    810	02.124191	(00.002622 +- 00.000389)	[00.000801,00.007316]
03_undistortion         	    808	00.587668	(00.000727 +- 00.000073)	[00.000138,00.008355]
04_sampling             	    807	00.390471	(00.000484 +- 00.000198)	[00.000057,00.002759]
04b_intensity_sampling  	    807	00.542722	(00.000673 +- 00.000099)	[00.000110,00.003066]
05_registration         	    807	02.795693	(00.003464 +- 00.001291)	[00.000691,00.013137]
06_map                  	    807	00.615696	(00.000763 +- 00.000136)	[00.000094,00.002346]
07_imu_opt              	    807	01.104357	(00.001368 +- 00.000229)	[00.000002,00.004487]
08_publish              	    807	07.575198	(00.009387 +- 00.001618)	[00.000508,00.028945]
step                    	    810	16.067138	(00.019836 +- 00.003348)	[00.003846,00.057703]

INFO  Timings:
SM Timing
-----------
00_conversion_livox     	    812	09.185900	(00.011313 +- 00.001220)	[00.008750,00.027519]
01_filter               	    811	00.225643	(00.000278 +- 00.000028)	[00.000113,00.002554]
02_preint               	    809	00.029445	(00.000036 +- 00.000006)	[00.000025,00.000078]
02a_intensity_preprocess	    811	02.127475	(00.002623 +- 00.000393)	[00.000801,00.007316]
03_undistortion         	    809	00.588800	(00.000728 +- 00.000077)	[00.000138,00.008355]
04_sampling             	    808	00.391135	(00.000484 +- 00.000198)	[00.000057,00.002759]
04b_intensity_sampling  	    808	00.543484	(00.000673 +- 00.000098)	[00.000110,00.003066]
05_registration         	    808	02.801984	(00.003468 +- 00.001295)	[00.000691,00.013137]
06_map                  	    808	00.616686	(00.000763 +- 00.000136)	[00.000094,00.002346]
07_imu_opt              	    808	01.105642	(00.001368 +- 00.000232)	[00.000002,00.004487]
08_publish              	    808	07.589527	(00.009393 +- 00.001621)	[00.000508,00.028945]
step                    	    811	16.096348	(00.019848 +- 00.003346)	[00.003846,00.057703]

INFO  Timings:
SM Timing
-----------
00_conversion_livox     	    813	09.197566	(00.011313 +- 00.001220)	[00.008750,00.027519]
01_filter               	    812	00.225991	(00.000278 +- 00.000028)	[00.000113,00.002554]
02_preint               	    810	00.029483	(00.000036 +- 00.000006)	[00.000025,00.000078]
02a_intensity_preprocess	    812	02.131060	(00.002624 +- 00.000392)	[00.000801,00.007316]
03_undistortion         	    810	00.589703	(00.000728 +- 00.000077)	[00.000138,00.008355]
04_sampling             	    809	00.391814	(00.000484 +- 00.000198)	[00.000057,00.002759]
04b_intensity_sampling  	    809	00.544233	(00.000673 +- 00.000085)	[00.000110,00.003066]
05_registration         	    809	02.807281	(00.003470 +- 00.001292)	[00.000691,00.013137]
06_map                  	    809	00.617726	(00.000764 +- 00.000136)	[00.000094,00.002346]
07_imu_opt              	    809	01.107024	(00.001368 +- 00.000233)	[00.000002,00.004487]
08_publish              	    809	07.604697	(00.009400 +- 00.001618)	[00.000508,00.028945]
step                    	    812	16.125605	(00.019859 +- 00.003342)	[00.003846,00.057703]

INFO  Timings:
SM Timing
-----------
00_conversion_livox     	    814	09.209403	(00.011314 +- 00.001214)	[00.008750,00.027519]
01_filter               	    813	00.226332	(00.000278 +- 00.000028)	[00.000113,00.002554]
02_preint               	    811	00.029525	(00.000036 +- 00.000006)	[00.000025,00.000078]
02a_intensity_preprocess	    813	02.134876	(00.002626 +- 00.000391)	[00.000801,00.007316]
03_undistortion         	    811	00.590534	(00.000728 +- 00.000079)	[00.000138,00.008355]
04_sampling             	    810	00.392474	(00.000485 +- 00.000198)	[00.000057,00.002759]
04b_intensity_sampling  	    810	00.545185	(00.000673 +- 00.000086)	[00.000110,00.003066]
05_registration         	    810	02.811679	(00.003471 +- 00.001298)	[00.000691,00.013137]
06_map                  	    810	00.618950	(00.000764 +- 00.000137)	[00.000094,00.002346]
07_imu_opt              	    810	01.108487	(00.001369 +- 00.000232)	[00.000002,00.004487]
08_publish              	    810	07.620920	(00.009409 +- 00.001617)	[00.000508,00.028945]
step                    	    813	16.155634	(00.019872 +- 00.003332)	[00.003846,00.057703]

INFO  Timings:
SM Timing
-----------
00_conversion_livox     	    815	09.222353	(00.011316 +- 00.001221)	[00.008750,00.027519]
01_filter               	    814	00.226735	(00.000279 +- 00.000029)	[00.000113,00.002554]
02_preint               	    812	00.029568	(00.000036 +- 00.000005)	[00.000025,00.000078]
02a_intensity_preprocess	    814	02.139009	(00.002628 +- 00.000392)	[00.000801,00.007316]
03_undistortion         	    812	00.591573	(00.000729 +- 00.000079)	[00.000138,00.008355]
04_sampling             	    811	00.393297	(00.000485 +- 00.000196)	[00.000057,00.002759]
04b_intensity_sampling  	    811	00.545999	(00.000673 +- 00.000086)	[00.000110,00.003066]
05_registration         	    811	02.821360	(00.003479 +- 00.001416)	[00.000691,00.013137]
06_map                  	    811	00.620209	(00.000765 +- 00.000138)	[00.000094,00.002346]
07_imu_opt              	    811	01.109972	(00.001369 +- 00.000232)	[00.000002,00.004487]
08_publish              	    811	07.637525	(00.009417 +- 00.001626)	[00.000508,00.028945]
step                    	    814	16.192002	(00.019892 +- 00.003459)	[00.003846,00.057703]

INFO  Timings:
SM Timing
-----------
00_conversion_livox     	    816	09.235399	(00.011318 +- 00.001227)	[00.008750,00.027519]
01_filter               	    815	00.227106	(00.000279 +- 00.000029)	[00.000113,00.002554]
02_preint               	    813	00.029611	(00.000036 +- 00.000005)	[00.000025,00.000078]
02a_intensity_preprocess	    815	02.143013	(00.002629 +- 00.000392)	[00.000801,00.007316]
03_undistortion         	    813	00.592486	(00.000729 +- 00.000078)	[00.000138,00.008355]
04_sampling             	    812	00.394061	(00.000485 +- 00.000195)	[00.000057,00.002759]
04b_intensity_sampling  	    812	00.546868	(00.000673 +- 00.000085)	[00.000110,00.003066]
05_registration         	    812	02.827276	(00.003482 +- 00.001410)	[00.000691,00.013137]
06_map                  	    812	00.621281	(00.000765 +- 00.000136)	[00.000094,00.002346]
07_imu_opt              	    812	01.111511	(00.001369 +- 00.000232)	[00.000002,00.004487]
08_publish              	    812	07.653758	(00.009426 +- 00.001615)	[00.000508,00.028945]
step                    	    815	16.223817	(00.019907 +- 00.003432)	[00.003846,00.057703]

INFO  Timings:
SM Timing
-----------
00_conversion_livox     	    817	09.247745	(00.011319 +- 00.001207)	[00.008750,00.027519]
01_filter               	    816	00.227478	(00.000279 +- 00.000029)	[00.000113,00.002554]
02_preint               	    814	00.029656	(00.000036 +- 00.000005)	[00.000025,00.000078]
02a_intensity_preprocess	    816	02.146871	(00.002631 +- 00.000387)	[00.000801,00.007316]
03_undistortion         	    814	00.593546	(00.000729 +- 00.000079)	[00.000138,00.008355]
04_sampling             	    813	00.394765	(00.000486 +- 00.000194)	[00.000057,00.002759]
04b_intensity_sampling  	    813	00.547770	(00.000674 +- 00.000084)	[00.000110,00.003066]
05_registration         	    813	02.834836	(00.003487 +- 00.001416)	[00.000691,00.013137]
06_map                  	    813	00.622504	(00.000766 +- 00.000137)	[00.000094,00.002346]
07_imu_opt              	    813	01.113103	(00.001369 +- 00.000231)	[00.000002,00.004487]
08_publish              	    813	07.670100	(00.009434 +- 00.001593)	[00.000508,00.028945]
step                    	    816	16.257561	(00.019923 +- 00.003394)	[00.003846,00.057703]

INFO  Timings:
SM Timing
-----------
00_conversion_livox     	    818	09.260385	(00.011321 +- 00.001193)	[00.008750,00.027519]
01_filter               	    817	00.227856	(00.000279 +- 00.000028)	[00.000113,00.002554]
02_preint               	    815	00.029697	(00.000036 +- 00.000005)	[00.000025,00.000078]
02a_intensity_preprocess	    817	02.150828	(00.002633 +- 00.000379)	[00.000801,00.007316]
03_undistortion         	    815	00.594537	(00.000729 +- 00.000079)	[00.000138,00.008355]
04_sampling             	    814	00.395555	(00.000486 +- 00.000194)	[00.000057,00.002759]
04b_intensity_sampling  	    814	00.548718	(00.000674 +- 00.000085)	[00.000110,00.003066]
05_registration         	    814	02.841219	(00.003490 +- 00.001420)	[00.000691,00.013137]
06_map                  	    814	00.623635	(00.000766 +- 00.000133)	[00.000094,00.002346]
07_imu_opt              	    814	01.114651	(00.001369 +- 00.000230)	[00.000002,00.004487]
08_publish              	    814	07.686653	(00.009443 +- 00.001576)	[00.000508,00.028945]
step                    	    817	16.290374	(00.019939 +- 00.003381)	[00.003846,00.057703]

INFO  Timings:
SM Timing
-----------
00_conversion_livox     	    819	09.273115	(00.011322 +- 00.001178)	[00.008750,00.027519]
01_filter               	    818	00.228249	(00.000279 +- 00.000029)	[00.000113,00.002554]
02_preint               	    816	00.029744	(00.000036 +- 00.000005)	[00.000025,00.000078]
02a_intensity_preprocess	    818	02.154767	(00.002634 +- 00.000372)	[00.000801,00.007316]
03_undistortion         	    816	00.595545	(00.000730 +- 00.000079)	[00.000138,00.008355]
04_sampling             	    815	00.396347	(00.000486 +- 00.000194)	[00.000057,00.002759]
04b_intensity_sampling  	    815	00.549551	(00.000674 +- 00.000082)	[00.000110,00.003066]
05_registration         	    815	02.847185	(00.003493 +- 00.001396)	[00.000691,00.013137]
06_map                  	    815	00.625530	(00.000768 +- 00.000172)	[00.000094,00.002346]
07_imu_opt              	    815	01.116205	(00.001370 +- 00.000230)	[00.000002,00.004487]
08_publish              	    815	07.703245	(00.009452 +- 00.001557)	[00.000508,00.028945]
step                    	    818	16.323481	(00.019955 +- 00.003333)	[00.003846,00.057703]

INFO  Timings:
SM Timing
-----------
00_conversion_livox     	    820	09.286082	(00.011324 +- 00.001164)	[00.008750,00.027519]
01_filter               	    819	00.228628	(00.000279 +- 00.000028)	[00.000113,00.002554]
02_preint               	    817	00.029787	(00.000036 +- 00.000005)	[00.000025,00.000078]
02a_intensity_preprocess	    819	02.158765	(00.002636 +- 00.000365)	[00.000801,00.007316]
03_undistortion         	    817	00.596522	(00.000730 +- 00.000078)	[00.000138,00.008355]
04_sampling             	    816	00.397250	(00.000487 +- 00.000188)	[00.000057,00.002759]
04b_intensity_sampling  	    816	00.550444	(00.000675 +- 00.000083)	[00.000110,00.003066]
05_registration         	    816	02.853198	(00.003497 +- 00.001397)	[00.000691,00.013137]
06_map                  	    816	00.626904	(00.000768 +- 00.000172)	[00.000094,00.002346]
07_imu_opt              	    816	01.117772	(00.001370 +- 00.000230)	[00.000002,00.004487]
08_publish              	    816	07.719678	(00.009460 +- 00.001532)	[00.000508,00.028945]
step                    	    819	16.356145	(00.019971 +- 00.003315)	[00.003846,00.057703]

INFO  Timings:
SM Timing
-----------
00_conversion_livox     	    821	09.298248	(00.011326 +- 00.001143)	[00.008750,00.027519]
01_filter               	    820	00.229023	(00.000279 +- 00.000029)	[00.000113,00.002554]
02_preint               	    818	00.029832	(00.000036 +- 00.000005)	[00.000025,00.000078]
02a_intensity_preprocess	    820	02.162561	(00.002637 +- 00.000358)	[00.000801,00.007316]
03_undistortion         	    818	00.597526	(00.000730 +- 00.000077)	[00.000138,00.008355]
04_sampling             	    817	00.398132	(00.000487 +- 00.000188)	[00.000057,00.002759]
04b_intensity_sampling  	    817	00.551234	(00.000675 +- 00.000082)	[00.000110,00.003066]
05_registration         	    817	02.859906	(00.003500 +- 00.001401)	[00.000691,00.013137]
06_map                  	    817	00.628013	(00.000769 +- 00.000170)	[00.000094,00.002346]
07_imu_opt              	    817	01.119296	(00.001370 +- 00.000229)	[00.000002,00.004487]
08_publish              	    817	07.735035	(00.009468 +- 00.001507)	[00.000508,00.028945]
step                    	    820	16.387850	(00.019985 +- 00.003276)	[00.003846,00.057703]

INFO  Done with for loop.
INFO  Bag closed
