stamp,input_points,valid_points,unique_pixels,collisions,invalid,horizontal_boundary_adjusted,vertical_top_clamped,vertical_bottom_clamped,vertical_clamped_ratio,filtered_min,filtered_max,filtered_mean,filtered_std,filtered_p01,filtered_p05,filtered_p50,filtered_p95,filtered_p99,filtered_sat0,filtered_sat255,raw_min,raw_max,raw_p50,raw_p95,raw_p99,elev_min_deg,elev_max_deg,elev_p01_deg,elev_p99_deg,intensity_preprocess_ms,intensity_map_voxels,observed_voxels,selected_intensity_voxels,selected_intensity_points
1706674806149900729,23749,23749,9035,14714,0,0,0,17,0.00071582,0,255,133.503,37.1649,24.5,71.5,133.5,194.5,248.5,52,196,0,255,26.5,44.5,55.5,-38.4578,38.3105,-34.125,34.125,3.25966,3324,1089,100,1913
1706674806249737817,23716,23716,9049,14667,0,0,0,15,0.000632484,0,255,132.756,36.5557,26.5,73.5,133.5,192.5,253.5,51,236,0,255,26.5,44.5,55.5,-38.3608,37.71,-34.125,33.875,3.01868,3717,1568,100,2010
1706674806349578039,23731,23731,9085,14646,0,0,0,0,0,0,255,132.485,37.022,26.5,72.5,131.5,192.5,254.5,36,233,0,255,26.5,44.5,57.5,-37.6072,38.4305,-33.625,35.125,3.17775,3980,1757,100,2066
1706674806450217207,23708,23708,9032,14676,0,0,0,15,0.000632698,0,255,132.312,37.0909,26.5,69.5,132.5,193.5,250.5,42,231,0,255,26.5,44.5,55.5,-38.4033,37.6146,-34.125,33.625,3.23354,4206,1901,100,2107
1706674806550055071,23722,23722,9020,14702,0,0,0,16,0.000674479,0,255,132.75,36.8256,24.5,73.5,133.5,192.5,246.5,40,191,0,255,26.5,44.5,54.5,-38.4337,38.3541,-34.125,34.125,3.16232,4395,2026,100,2008
1706674806649881529,23738,23738,9132,14606,0,0,0,13,0.000547645,0,255,132.839,37.3543,27.5,73.5,132.5,195.5,255.5,49,331,0,255,26.5,44.5,55.5,-38.3004,38.4675,-34.625,34.125,3.29764,4534,2068,100,2087
1706674806749731301,23737,23737,8975,14762,0,0,0,17,0.000716181,0,255,133.321,36.6122,30.5,75.5,133.5,196.5,245.5,17,197,0,244,26.5,44.5,55.5,-38.495,38.2529,-34.625,34.625,3.28221,4646,2152,100,1992
1706674806849559483,23760,23760,8863,14897,0,0,0,11,0.000462963,0,255,132.39,37.6115,27.5,72.5,131.5,191.5,250.5,39,222,0,226,26.5,43.5,54.5,-38.1976,38.4983,-34.375,34.625,3.37836,4744,2195,100,2036
1706674806950188547,23712,23712,8822,14890,0,0,0,18,0.000759109,0,255,133.544,36.6248,28.5,70.5,134.5,194.5,251.5,29,224,0,255,26.5,44.5,56.5,-38.512,38.1452,-34.625,34.375,3.40804,4840,2275,100,1838
1706674807050028578,23757,23757,8970,14787,0,0,0,13,0.000547207,0,255,133.573,36.3311,28.5,73.5,133.5,192.5,249.5,60,188,0,255,26.5,43.5,53.5,-38.0502,38.5134,-34.625,34.625,3.503,4918,2323,100,1845
1706674807149865248,23764,23764,8981,14783,0,0,0,18,0.000757448,0,255,133.101,36.3014,27.5,72.5,133.5,193.5,236.5,35,173,0,255,26.5,44.5,55.5,-38.5207,38.122,-34.625,34.375,3.37599,4989,2329,100,1791
1706674807249696290,23748,23748,9100,14648,0,0,0,11,0.000463197,0,255,133.522,36.2865,27.5,74.5,133.5,193.5,243.5,33,180,0,255,26.5,43.5,54.5,-38.1852,38.4997,-34.625,34.125,3.39854,5055,2392,100,1820
1706674807349526517,23748,23748,9056,14692,0,0,0,17,0.00071585,0,255,133.064,36.8668,25.5,74.5,132.5,193.5,250.5,29,218,0,255,26.5,44.5,57.5,-38.4833,38.2426,-34.125,33.875,3.41991,5130,2383,100,1786
1706674807450163430,23737,23737,9038,14699,0,0,0,13,0.000547668,0,255,132.516,36.3207,27.5,73.5,132.5,192.5,248.5,16,219,0,255,26.5,44.5,55.5,-38.3011,37.8299,-34.125,33.875,3.44128,5189,2433,100,1703
1706674807550004205,23725,23725,9091,14634,0,0,0,0,0,0,255,133.336,37.1845,26.5,73.5,132.5,195.5,255.5,14,249,0,255,26.5,44.5,56.5,-37.741,38.4675,-33.875,34.375,3.53269,5238,2419,100,1735
1706674807649852423,23717,23717,9063,14654,0,0,0,16,0.000674622,0,255,131.657,37.1567,24.5,71.5,131.5,191.5,255.5,66,275,0,255,26.5,43.5,55.5,-38.4267,38.3488,-34.125,34.875,3.6229,5282,2448,100,1677
1706674807749686818,23734,23734,8986,14748,0,0,0,15,0.000632005,0,255,133.279,36.4626,26.5,73.5,133.5,193.5,248.5,13,191,0,255,26.5,43.5,54.5,-38.3859,38.408,-34.125,34.125,3.47215,5332,2469,100,1622
1706674807849531992,23745,23745,8953,14792,0,0,0,15,0.000631712,0,255,132.222,36.2989,27.5,74.5,132.5,190.5,250.5,67,227,0,255,26.5,44.5,55.5,-38.3825,38.4221,-34.625,34.125,3.55287,5369,2451,100,1559
1706674807950165290,23734,23734,9031,14703,0,0,0,16,0.000674138,0,255,132.043,36.3095,27.5,72.5,132.5,190.5,253.5,36,229,0,255,26.5,43.5,56.5,-38.4466,38.3377,-34.625,34.625,3.37006,5389,2472,100,1527
1706674808049992954,23768,23768,8938,14830,0,0,0,13,0.000546954,0,255,133.126,37.4854,29.5,73.5,132.5,194.5,254.5,57,231,0,255,26.5,44.5,55.5,-38.302,38.4659,-34.625,34.625,3.41517,5428,2451,100,1512
1706674808149826625,23763,23763,8849,14914,0,0,0,17,0.000715398,0,255,133.568,36.6017,29.5,73.5,133.5,195.5,242.5,21,206,0,255,26.5,44.5,55.5,-38.4841,38.2492,-34.625,34.625,3.70718,5460,2485,100,1477
1706674808249659989,23754,23754,8863,14891,0,0,0,10,0.000420982,0,255,132.716,36.5526,25.5,74.5,132.5,193.5,248.5,27,201,0,253,26.5,44.5,55.5,-38.2016,38.4972,-34.375,34.625,3.61222,5489,2549,100,1451
1706674808349894856,23751,23751,8962,14789,0,0,0,17,0.000715759,0,255,133.585,37.275,26.5,71.5,133.5,196.5,255.5,38,242,0,255,26.5,44.5,56.5,-38.5122,38.1314,-34.625,34.375,3.54218,5514,2517,100,1438
1706674808449738346,23755,23755,9082,14673,0,0,0,12,0.000505157,0,255,132.793,36.4627,25.5,75.5,133.5,190.5,247.5,22,188,0,255,26.5,43.5,54.5,-38.0721,38.5105,-34.375,34.125,3.47333,5538,2539,100,1358
1706674808549572023,23736,23736,9115,14621,0,0,0,17,0.000716212,0,255,133.378,36.7024,25.5,74.5,133.5,194.5,246.5,53,196,0,255,26.5,44.5,55.5,-38.5113,38.1346,-34.125,34.125,3.43653,5566,2528,100,1450
1706674808650206081,23719,23719,9013,14706,0,0,0,11,0.000463763,0,255,132.706,36.5914,28.5,73.5,132.5,192.5,248.5,11,206,0,255,26.5,44.5,55.5,-38.197,37.9845,-33.875,34.125,3.29409,5594,2561,100,1381
1706674808750031413,23743,23743,9024,14719,0,0,0,0,0,0,255,132.712,37.2732,26.5,71.5,132.5,193.5,255.5,8,253,0,255,26.5,44.5,56.5,-37.9195,38.5017,-33.875,34.125,3.37718,5636,2553,100,1386
1706674808849861609,23723,23723,9027,14696,0,0,0,17,0.000716604,0,255,131.937,36.9209,24.5,70.5,132.5,191.5,247.5,22,195,0,255,26.5,44.5,56.5,-38.4932,38.2518,-34.125,34.625,3.30121,5657,2563,100,1326
1706674808949682406,23740,23740,9056,14684,0,0,0,13,0.000547599,0,255,133.198,36.6425,24.5,73.5,133.5,192.5,249.5,37,213,0,255,26.5,43.5,55.5,-38.3034,38.4642,-34.125,34.625,3.33207,5676,2553,100,1302
1706674809049523836,23726,23726,8977,14749,0,0,0,16,0.000674366,0,255,132.901,36.3738,28.5,75.5,132.5,194.5,252.5,50,214,0,255,26.5,44.5,55.5,-38.4323,38.3496,-34.625,34.375,3.30002,5698,2564,100,1204
1706674809150153898,23749,23749,8968,14781,0,0,0,15,0.000631606,0,255,132.326,36.2614,31.5,71.5,132.5,189.5,255.5,23,239,0,255,26.5,44.5,56.5,-38.4047,38.4057,-34.625,34.625,3.32614,5715,2546,100,1367
1706674809250000798,23770,23770,8945,14825,0,0,0,14,0.000588978,0,255,132.551,37.4592,24.5,73.5,132.5,194.5,255.5,53,248,0,255,26.5,43.5,55.5,-38.3663,38.4251,-34.625,34.625,3.7511,5731,2555,100,1259
1706674809349832014,23767,23767,8909,14858,0,0,0,16,0.000673202,0,255,132.203,36.6616,27.5,71.5,132.5,193.5,247.5,31,211,0,255,26.5,44.5,56.5,-38.4567,38.3297,-34.625,34.625,3.80808,5746,2543,100,1190
1706674809449669682,23766,23766,8893,14873,0,0,0,13,0.000547,0,255,133.296,36.4487,27.5,76.5,132.5,193.5,253.5,26,231,0,255,26.5,44.5,55.5,-38.2841,38.4745,-34.375,34.625,3.9256,5764,2557,100,1209
1706674809549516616,23699,23699,8925,14774,0,0,0,17,0.00071733,0,255,133.598,37.0776,28.5,72.5,133.5,195.5,255.5,33,288,0,255,26.5,44.5,55.5,-38.5004,38.2268,-34.625,34.125,3.95409,5780,2569,100,1257
1706674809650135464,23757,23757,9063,14694,0,0,0,10,0.000420929,0,255,132.633,36.4473,27.5,74.5,132.5,192.5,252.5,47,222,0,255,26.5,43.5,55.5,-38.1635,38.5044,-34.375,34.125,4.54525,5794,2609,100,1218
1706674809749959373,23741,23741,9102,14639,0,0,0,17,0.000716061,0,255,133.444,37.4932,24.5,71.5,133.5,196.5,255.5,21,238,0,255,26.5,44.5,55.5,-38.5141,38.0271,-34.125,34.125,5.54238,5809,2553,100,1351
1706674809849797371,23733,23733,9128,14605,0,0,0,7,0.000294948,0,255,132.89,36.9624,25.5,71.5,133.5,192.5,249.5,51,199,0,255,26.5,44.5,55.5,-38.0996,38.0938,-34.125,34.125,5.4403,5825,2602,100,1197
1706674809949638971,23713,23713,9053,14660,0,0,0,4,0.000168684,0,255,132.307,36.8921,28.5,71.5,132.5,194.5,255.5,11,241,0,255,26.5,44.5,56.5,-38.0362,38.506,-34.125,34.125,4.74943,5844,2605,100,1260
1706674810049886617,23715,23715,8986,14729,0,0,0,18,0.000759013,0,255,131.952,36.9173,27.5,68.5,132.5,192.5,240.5,34,189,0,255,26.5,43.5,54.5,-38.5037,38.1696,-34.125,34.375,3.99565,5863,2605,100,1106
1706674810149729367,23743,23743,8990,14753,0,0,0,12,0.000505412,0,255,132.493,35.7809,26.5,74.5,132.5,190.5,238.5,18,175,0,206,26.5,43.5,55.5,-38.2338,38.4905,-34.125,34.625,4.1013,5883,2626,100,1156
1706674810249576937,23749,23749,8971,14778,0,0,0,16,0.000673713,0,255,132.798,36.3552,28.5,74.5,132.5,194.5,253.5,29,223,0,255,26.5,43.5,55.5,-38.4804,38.2814,-34.625,34.375,4.07755,5892,2584,100,1091
1706674810350212779,23742,23742,8984,14758,0,0,0,14,0.000589672,0,255,132.47,37.0082,25.5,73.5,132.5,192.5,251.5,65,210,0,255,26.5,44.5,56.5,-38.3296,38.4537,-34.625,34.625,4.13572,5906,2575,100,1143
1706674810450049320,23775,23775,8969,14806,0,0,0,16,0.000672976,0,255,132.723,37.4794,27.5,71.5,132.5,193.5,255.5,42,285,0,218,26.5,44.5,56.5,-38.423,38.3658,-34.625,34.625,4.11435,5920,2564,100,1198
1706674810549893035,23785,23785,8917,14868,0,0,0,15,0.00063065,0,255,132.938,37.0822,27.5,71.5,133.5,194.5,254.5,40,227,0,255,26.5,43.5,55.5,-38.42,38.3862,-34.625,34.625,4.10723,5938,2571,100,1070
1706674810649722746,23764,23764,8923,14841,0,0,0,15,0.000631207,0,255,133.607,36.0006,29.5,75.5,133.5,192.5,252.5,14,230,0,255,26.5,44.5,55.5,-38.3479,38.4408,-34.625,34.625,4.11079,5952,2595,100,1068
1706674810749564857,23743,23743,8978,14765,0,0,0,17,0.000716001,0,255,133.089,36.6219,26.5,73.5,133.5,194.5,247.5,33,218,0,194,26.5,44.5,55.5,-38.4581,38.3018,-34.625,34.375,4.09536,5970,2574,100,1077
1706674810850195608,23725,23725,9023,14702,0,0,0,12,0.000505796,0,255,132.594,37.4802,24.5,72.5,132.5,193.5,255.5,27,271,0,255,26.5,44.5,55.5,-38.2607,38.4856,-34.375,34.125,4.01939,5984,2675,100,1030
1706674810950031113,23736,23736,9101,14635,0,0,0,17,0.000716212,0,255,133.047,36.7263,28.5,71.5,133.5,193.5,255.5,17,252,0,180,26.5,44.5,56.5,-38.4956,37.9017,-34.125,33.875,3.90306,5997,2624,100,1158
1706674811049869780,23740,23740,9146,14594,0,0,0,0,0,0,255,133.4,37.6363,25.5,72.5,133.5,196.5,255.5,55,244,0,255,26.5,43.5,55.5,-37.9842,38.1913,-33.875,33.875,3.85914,6011,2599,100,1023
1706674811149704978,23744,23744,9089,14655,0,0,0,8,0.000336927,0,255,132.583,37.6828,23.5,69.5,132.5,196.5,250.5,36,224,0,255,26.5,44.5,55.5,-38.1267,38.5073,-34.125,34.125,3.89712,6030,2586,100,1110
1706674811249559449,23732,23732,9022,14710,0,0,0,17,0.000716332,0,255,132.829,37.0694,24.5,72.5,133.5,195.5,248.5,48,169,0,255,27.5,44.5,55.5,-38.5057,38.0652,-34.125,34.375,3.92442,6051,2647,100,1053
1706674811350201459,23761,23761,8937,14824,0,0,0,9,0.000378772,0,255,133.18,35.8325,28.5,76.5,132.5,193.5,243.5,10,167,0,255,26.5,43.5,54.5,-38.137,38.5059,-34.375,34.625,3.92086,6068,2566,100,999
1706674811450039788,23750,23750,8896,14854,0,0,0,17,0.000715789,0,255,133.161,35.8998,29.5,73.5,133.5,192.5,248.5,19,225,0,255,26.5,44.5,55.5,-38.5108,38.191,-34.625,34.375,3.92442,6076,2589,100,960
1706674811549879712,23762,23762,8950,14812,0,0,0,12,0.000505008,0,255,132.574,36.4229,26.5,73.5,132.5,194.5,255.5,22,266,0,164,26.5,43.5,56.5,-38.2389,38.485,-34.625,34.625,3.94698,6080,2560,100,1008
1706674811649711947,23763,23763,8947,14816,0,0,0,17,0.000715398,0,255,132.552,36.7359,29.5,73.5,132.5,194.5,255.5,20,280,0,255,26.5,44.5,57.5,-38.4618,38.298,-34.625,34.625,4.03007,6086,2567,100,1003
1706674811749544618,23780,23780,8978,14802,0,0,0,14,0.00058873,0,255,132.533,36.4754,27.5,72.5,132.5,191.5,244.5,32,197,0,255,26.5,44.5,55.5,-38.333,38.4493,-34.625,34.625,4.08586,6093,2570,100,1057
1706674811850193740,23765,23765,8922,14843,0,0,0,16,0.000673259,0,255,132.761,37.5651,25.5,73.5,132.5,194.5,255.5,32,244,0,254,26.5,44.5,57.5,-38.4213,38.3851,-34.625,34.625,4.04195,6098,2584,100,969
1706674811950018601,23760,23760,8951,14809,0,0,0,16,0.000673401,0,255,133.288,36.3599,28.5,74.5,133.5,191.5,255.5,40,248,0,255,26.5,44.5,56.5,-38.4138,38.3791,-34.625,34.125,4.12979,6109,2582,100,985
1706674812049865685,23725,23725,8980,14745,0,0,0,14,0.000590095,0,255,133.075,35.8212,25.5,76.5,132.5,192.5,238.5,33,184,0,255,27.5,44.5,54.5,-38.3412,38.4412,-34.375,34.125,4.15116,6112,2610,100,942
1706674812149706308,23727,23727,9072,14655,0,0,0,17,0.000716483,0,255,132.367,36.4675,26.5,72.5,132.5,192.5,255.5,27,258,0,255,26.5,44.5,55.5,-38.4719,37.7559,-34.125,33.875,4.02889,6116,2709,100,988
1706674812249556164,23738,23738,9121,14617,0,0,0,0,0,0,255,132.625,36.4433,25.5,74.5,132.5,192.5,252.5,24,230,0,255,26.5,44.5,56.5,-37.8459,38.2919,-33.875,34.125,4.04314,6124,2610,100,967
1706674812350210935,23731,23731,9091,14640,0,0,0,11,0.000463529,0,255,132.39,37.0083,28.5,70.5,132.5,192.5,255.5,6,246,0,255,26.5,44.5,56.5,-38.2307,38.4841,-34.125,34.125,4.02771,6133,2605,100,966
1706674812450030251,23698,23698,8977,14721,0,0,0,17,0.00071736,0,255,132.667,36.7067,25.5,72.5,133.5,191.5,243.5,55,203,0,255,26.5,43.5,55.5,-38.5094,38.1759,-34.125,34.625,3.70482,6144,2687,100,929
1706674812549878564,23740,23740,8928,14812,0,0,0,9,0.000379107,0,255,133.433,36.2286,26.5,73.5,133.5,190.5,248.5,44,220,0,255,26.5,43.5,54.5,-38.1209,38.5087,-34.375,34.625,3.66684,6151,2607,100,869
1706674812649719378,23751,23751,8917,14834,0,0,0,18,0.000757863,0,255,133.472,36.3967,27.5,75.5,133.5,194.5,244.5,49,207,0,255,26.5,44.5,54.5,-38.5097,38.0879,-34.625,34.625,3.8627,6156,2593,100,838
1706674812749556496,23769,23769,8911,14858,0,0,0,9,0.000378644,0,255,132.452,35.7959,26.5,77.5,132.5,192.5,240.5,19,183,0,255,26.5,43.5,54.5,-38.1542,38.5052,-34.375,34.625,3.98141,6161,2596,100,879
1706674812850206992,23776,23776,8917,14859,0,0,0,17,0.000715007,0,255,132.475,36.0619,28.5,74.5,132.5,192.5,254.5,23,228,0,255,26.5,44.5,58.5,-38.5029,38.2047,-34.625,34.375,4.16422,6171,2613,100,897
1706674812950055390,23761,23761,8929,14832,0,0,0,13,0.000547115,0,255,133.079,36.5479,27.5,74.5,133.5,193.5,252.5,37,227,0,171,27.5,44.5,56.5,-38.2767,38.4769,-34.625,34.625,3.98972,6182,2577,100,952
1706674813049898385,23774,23774,9023,14751,0,0,0,17,0.000715067,0,255,133.468,37.1653,24.5,76.5,132.5,196.5,253.5,47,235,0,255,26.5,44.5,56.5,-38.4538,38.3258,-34.375,34.375,4.16778,6186,2564,100,929
1706674813149742308,23760,23760,8997,14763,0,0,0,15,0.000631313,0,255,133.248,36.711,27.5,72.5,133.5,193.5,249.5,17,219,0,255,26.5,44.5,55.5,-38.3666,38.4323,-34.875,34.125,4.13217,6194,2563,100,881
1706674813249575230,23768,23768,9023,14745,0,0,0,15,0.000631101,0,255,133.136,38.0176,26.5,70.5,132.5,195.5,255.5,23,243,0,255,26.5,44.5,57.5,-38.3911,38.3988,-34.125,34.125,4.02058,6205,2481,100,872
1706674813350218093,23783,23783,9029,14754,0,0,0,16,0.000672749,0,255,132.717,36.5627,27.5,72.5,133.5,188.5,255.5,22,280,0,255,27.5,44.5,58.5,-38.4381,37.6191,-34.125,33.625,3.97191,6218,2530,100,862
1706674813450056282,23806,23806,9145,14661,0,0,0,0,0,0,255,132.428,36.5363,27.5,73.5,131.5,191.5,255.5,19,247,0,255,26.5,44.5,57.5,-37.7091,38.3542,-33.875,34.125,4.05263,6225,2424,100,925
1706674813549895138,23792,23792,9122,14670,0,0,0,13,0.000546402,0,255,132.537,35.9853,30.5,74.5,132.5,190.5,250.5,25,232,0,255,26.5,44.5,57.5,-38.3205,38.4603,-34.125,34.125,4.18084,6231,2402,100,917
1706674813649736009,23822,23822,9003,14819,0,0,0,17,0.000713626,0,255,132.062,35.6617,30.5,75.5,132.5,192.5,240.5,12,208,0,255,27.5,44.5,57.5,-38.4902,38.2567,-34.125,34.375,4.20102,6240,2375,100,911
1706674813749588344,23818,23818,8933,14885,0,0,0,11,0.000461836,0,255,132.671,34.3849,33.5,80.5,131.5,192.5,239.5,22,196,0,255,26.5,44.5,55.5,-38.1924,38.4985,-34.375,34.625,4.00753,6253,2383,100,863
1706674813849838718,23893,23893,8865,15028,0,0,0,17,0.000711505,0,255,132.733,32.2197,41.5,86.5,131.5,188.5,234.5,8,176,0,255,26.5,43.5,55.5,-38.5143,38.1267,-34.625,34.375,3.66684,6263,2234,100,927
1706674813949668056,23844,23844,8894,14950,0,0,0,13,0.000545211,0,255,131.746,32.6275,39.5,83.5,130.5,183.5,240.5,25,176,0,162,26.5,43.5,54.5,-38.0662,38.5075,-34.375,34.625,3.99328,6274,2226,100,840
1706674814049493058,23816,23816,8948,14868,0,0,0,18,0.000755794,0,255,132.349,32.8862,46.5,82.5,130.5,189.5,248.5,8,208,0,235,26.5,42.5,56.5,-38.5152,38.1293,-34.625,34.375,4.17016,6286,2225,100,877
1706674814150133166,23838,23838,8943,14895,0,0,0,10,0.000419498,0,255,132.621,31.4446,48.5,85.5,131.5,187.5,235.5,3,173,0,255,27.5,42.5,56.5,-38.1843,38.5042,-34.375,34.625,4.1571,6293,2283,100,794
1706674814249979055,23840,23840,8965,14875,0,0,0,17,0.000713087,0,255,132.774,32.6875,46.5,84.5,130.5,190.5,240.5,12,193,0,255,27.5,42.5,56.5,-38.4863,38.2483,-34.125,34.625,4.40757,6304,2190,100,845
1706674814349814455,23891,23891,9034,14857,0,0,0,13,0.000544138,0,255,132.919,33.6162,47.5,83.5,130.5,192.5,255.5,12,247,0,255,27.5,42.5,57.5,-38.2917,38.4678,-34.375,34.125,4.54765,6309,2122,100,756
1706674814449646074,23905,23905,9081,14824,0,0,0,17,0.000711148,0,255,133.414,33.5175,45.5,84.5,130.5,193.5,249.5,8,216,0,255,27.5,43.5,57.5,-38.4454,38.3436,-34.875,34.125,4.14048,6318,2093,100,798
1706674814549886957,23880,23880,9001,14879,0,0,0,15,0.000628141,0,255,133.26,33.5645,48.5,85.5,130.5,194.5,253.5,6,225,0,255,28.5,43.5,55.5,-38.3776,37.6473,-34.125,33.625,4.10368,6322,2042,100,765
1706674814649721198,23869,23869,9005,14864,0,0,0,0,0,0,255,133.301,34.452,49.5,81.5,131.5,194.5,255.5,14,303,0,255,28.5,43.5,57.5,-37.564,38.4126,-33.625,34.125,3.80929,6324,1970,100,840
1706674814749556903,23889,23889,9080,14809,0,0,0,15,0.000627904,0,255,133.804,33.3852,49.5,84.5,132.5,191.5,255.5,13,272,0,255,28.5,43.5,56.5,-38.3841,38.4113,-34.125,34.125,6.86361,6327,1939,100,919
1706674814850201597,23899,23899,9063,14836,0,0,0,16,0.000669484,0,255,134.949,34.6203,44.5,83.5,133.5,196.5,255.5,2,306,0,255,28.5,44.5,56.5,-38.453,38.3289,-34.125,34.625,3.37601,6334,1844,100,958
1706674814950056932,23920,23920,8950,14970,0,0,0,13,0.000543478,0,255,133.437,33.593,42.5,83.5,132.5,191.5,245.5,8,218,0,255,28.5,44.5,56.5,-38.2769,38.4746,-34.375,34.625,3.50303,6344,1901,100,879
1706674815049905975,23895,23895,8820,15075,0,0,0,17,0.000711446,0,255,133.015,34.278,36.5,80.5,132.5,190.5,237.5,1,160,0,255,28.5,45.5,57.5,-38.4851,38.2315,-34.625,34.375,3.45436,6350,1657,100,980
1706674815149746099,23897,23897,8826,15071,0,0,0,10,0.000418463,0,255,132.426,36.1949,35.5,78.5,130.5,196.5,249.5,4,204,0,255,28.5,46.5,59.5,-38.1728,38.5033,-34.375,34.625,3.56476,6354,1677,100,939
1706674815249587640,23881,23881,8937,14944,0,0,0,18,0.000753737,0,255,132.696,36.8781,33.5,82.5,129.5,197.5,255.5,16,287,0,255,28.5,48.5,61.5,-38.5214,38.1013,-34.625,34.625,3.54458,6362,1588,100,985
1706674815349840706,23916,23916,9066,14850,0,0,0,10,0.00041813,0,255,132.716,37.8578,33.5,79.5,128.5,198.5,255.5,8,405,0,255,28.5,48.5,61.5,-38.1026,38.5073,-34.375,34.625,3.46742,6365,1536,100,967
1706674815449672822,23928,23928,8989,14939,0,0,0,17,0.000710465,0,255,133.136,38.2533,35.5,80.5,130.5,198.5,255.5,5,348,0,255,28.5,50.5,69.5,-38.5143,38.1574,-34.125,34.375,3.46742,6370,1488,100,886
1706674815549513197,23907,23907,8977,14930,0,0,0,11,0.000460116,0,255,134.056,39.2964,35.5,79.5,130.5,201.5,255.5,16,385,0,198,28.5,50.5,65.5,-38.2184,38.4962,-33.875,34.125,3.43537,6371,1420,100,828
1706674815650151601,23837,23837,9031,14806,0,0,0,16,0.000671225,0,255,133.458,39.0054,30.5,78.5,130.5,199.5,255.5,6,357,0,255,28.5,51.5,67.5,-38.4814,38.2775,-34.875,34.125,3.44368,6376,1262,100,892
1706674815749983347,23943,23943,9098,14845,0,0,0,13,0.000542956,0,255,134.25,39.146,36.5,79.5,131.5,205.5,255.5,1,329,0,255,28.5,51.5,65.5,-38.3308,37.7837,-34.375,33.875,3.46504,6378,1312,100,821
1706674815849815393,23887,23887,9040,14847,0,0,0,0,0,0,255,134.167,38.4412,40.5,79.5,131.5,197.5,255.5,2,334,0,255,28.5,52.5,68.5,-37.695,38.4481,-33.625,34.125,3.69177,6384,1224,100,765
1706674815949657968,23795,23795,8984,14811,0,0,0,16,0.00067241,0,255,134.506,39.9934,45.5,78.5,130.5,208.5,255.5,22,514,0,167,28.5,52.5,70.5,-38.4275,38.3659,-34.125,34.375,3.49235,6387,1181,100,783
1706674816049895526,23861,23861,9058,14803,0,0,0,15,0.000628641,0,255,135.365,39.6723,36.5,79.5,132.5,204.5,255.5,12,428,0,255,28.5,52.5,69.5,-38.4088,38.3901,-34.125,34.625,3.38788,6389,1253,100,746
1706674816149729447,23787,23787,8924,14863,0,0,0,14,0.000588557,0,255,134.135,38.8494,35.5,79.5,130.5,201.5,255.5,1,362,0,229,28.5,52.5,70.5,-38.352,38.4309,-34.625,34.625,3.47098,6390,1217,100,816
1706674816249588308,23852,23852,8933,14919,0,0,0,17,0.000712728,5.61095,255,134.072,38.9188,35.5,81.5,130.5,203.5,255.5,0,389,1,167,28.5,53.5,68.5,-38.4623,38.2994,-34.625,34.625,3.41519,6393,1145,100,740
1706674816349822281,23844,23844,8826,15018,0,0,0,12,0.000503271,0,255,134.236,39.4959,40.5,78.5,130.5,203.5,255.5,2,393,0,255,28.5,53.5,70.5,-38.2456,38.4843,-34.625,34.625,3.33922,6395,1118,100,735
1706674816449651690,23834,23834,8862,14972,0,0,0,17,0.000713267,7.50474,255,134.15,38.8052,39.5,79.5,129.5,205.5,255.5,0,334,0,255,28.5,53.5,69.5,-38.4946,38.1943,-34.625,34.375,5.07946,6395,1132,100,685
1706674816549891316,23858,23858,9024,14834,0,0,0,9,0.000377232,0,255,134.475,39.2912,40.5,80.5,130.5,206.5,255.5,4,453,0,242,29.5,54.5,69.5,-38.1425,38.5057,-34.375,34.625,6.44578,6397,1101,100,678
1706674816649739196,23884,23884,9147,14737,0,0,0,17,0.000711774,0,255,134.207,39.7368,35.5,78.5,130.5,206.5,255.5,1,319,0,255,29.5,54.5,72.5,-38.5124,38.0582,-34.125,34.375,5.41422,6400,1033,100,775
1706674816749579668,23903,23903,9057,14846,0,0,0,9,0.000376522,0,255,134.201,38.7291,37.5,79.5,131.5,198.5,255.5,12,387,0,255,29.5,54.5,69.5,-38.1338,38.5076,-34.125,34.125,5.84987,6403,988,100,645
1706674816850231408,23994,23994,9061,14933,0,0,0,1,4.16771e-05,4.95708,255,134.492,39.2586,41.5,80.5,130.5,200.5,255.5,0,386,0,255,29.5,54.5,70.5,-37.999,38.1964,-33.875,33.875,5.47001,6403,959,100,625
1706674816950071353,23954,23954,9097,14857,0,0,0,29,0.00121065,0,255,133.971,39.3727,39.5,77.5,131.5,201.5,255.5,14,369,0,255,29.5,53.5,68.5,-38.4957,37.9118,-35.125,33.875,5.42253,6407,881,100,740
1706674817049907779,23984,23984,9073,14911,0,0,0,0,0,15.625,255,134.159,38.0714,47.5,80.5,130.5,201.5,255.5,0,354,0,255,29.5,54.5,71.5,-37.8322,38.4866,-33.875,34.125,4.53697,6408,956,100,738
1706674817149735727,23997,23997,9057,14940,0,0,0,17,0.000708422,0,255,135.376,39.1283,50.5,80.5,131.5,204.5,255.5,5,441,0,255,29.5,55.5,71.5,-38.4731,38.2928,-34.125,34.125,4.10963,6411,826,100,776
1706674817249587132,23998,23998,9017,14981,0,0,0,14,0.000583382,0,255,135.04,37.89,51.5,79.5,132.5,200.5,255.5,2,345,0,255,29.5,56.5,74.5,-38.3404,38.4406,-34.125,34.625,3.8829,6411,666,100,945
1706674817349837169,23996,23996,9026,14970,0,0,0,16,0.000666778,9.46309,255,135.421,38.3842,51.5,80.5,132.5,200.5,255.5,0,490,2,150,30.5,57.5,76.5,-38.4193,38.3829,-34.625,34.625,3.73214,6414,566,100,1380
1706674817449685846,24000,24000,8885,15115,0,0,0,16,0.000666667,13.3976,255,134.896,38.7022,44.5,79.5,131.5,199.5,255.5,0,410,5,156,30.5,58.5,74.5,-38.4159,38.3755,-34.625,34.375,3.46624,6416,473,100,1661
1706674817549521953,24000,24000,8911,15089,0,0,0,14,0.000583333,10.3921,255,134.678,37.2413,46.5,81.5,132.5,196.5,255.5,0,359,4,150,30.5,58.5,76.5,-38.3333,38.4489,-34.625,34.625,3.37839,6417,437,100,1845
1706674817650157309,24000,24000,8913,15087,0,0,0,17,0.000708333,12.4795,255,133.54,38.5928,37.5,77.5,130.5,197.5,255.5,0,335,4,163,30.5,59.5,76.5,-38.4719,38.2809,-34.625,34.375,3.14573,6418,415,100,1956
1706674817750005634,24000,24000,8976,15024,0,0,0,11,0.000458333,12.9233,255,134.827,38.6075,40.5,80.5,131.5,200.5,255.5,0,415,5,150,31.5,60.5,76.5,-38.2217,38.4937,-34.125,34.625,3.11843,6418,391,100,2071
1706674817849827264,24000,24000,9100,14900,0,0,0,18,0.00075,12.5099,255,134.826,37.1183,44.5,80.5,133.5,195.5,255.5,0,334,5,150,31.5,60.5,77.5,-38.509,38.1586,-34.125,34.375,3.2407,6419,359,100,2230
1706674817949657349,24000,24000,9157,14843,0,0,0,4,0.000166667,12.6371,255,134.917,37.4769,38.5,80.5,132.5,197.5,255.5,0,309,5,150,31.5,60.5,76.5,-38.0281,38.5082,-34.125,34.125,3.45555,6421,315,100,2550
1706674818049899151,24000,24000,9100,14900,0,0,0,7,0.000291667,12.9573,255,135.857,39.5001,36.5,78.5,133.5,204.5,255.5,0,467,5,162,32.5,60.5,77.5,-38.0955,38.0933,-34.125,34.125,3.4057,6422,306,100,2581
1706674818149746204,23999,23999,9058,14941,0,0,0,18,0.000750031,12.9882,255,135.748,38.908,35.5,79.5,133.5,200.5,255.5,0,475,5,150,31.5,60.5,76.5,-38.5113,38.0276,-34.125,33.875,3.34041,6422,324,100,2572
1706674818249595010,23999,23999,9060,14939,0,0,0,10,0.000416684,11.7385,255,136.128,39.4505,35.5,79.5,133.5,202.5,255.5,0,542,4,155,31.5,60.5,77.5,-38.1711,38.5027,-34.875,34.125,3.15998,6422,326,100,2462
1706674818349831576,24000,24000,9020,14980,0,0,0,17,0.000708333,12.111,255,135.556,37.9912,37.5,81.5,133.5,199.5,255.5,0,376,5,156,31.5,61.5,77.5,-38.4907,38.2281,-34.125,34.125,3.38077,6422,322,100,2419
1706674818449668142,24000,24000,8974,15026,0,0,0,13,0.000541667,12.5982,255,135.952,39.7443,37.5,77.5,133.5,207.5,255.5,0,512,5,157,31.5,61.5,80.5,-38.2775,38.4757,-34.125,34.625,3.36178,6423,301,100,2540
1706674818549499208,24000,24000,9030,14970,0,0,0,16,0.000666667,10.5239,255,136.195,38.7688,36.5,79.5,133.5,199.5,255.5,0,436,4,164,31.5,61.5,80.5,-38.4484,38.3345,-34.625,34.625,3.37365,6423,308,100,2544
1706674818650151455,24000,24000,8912,15088,0,0,0,15,0.000625,11.7801,255,136.407,38.8026,43.5,80.5,133.5,203.5,255.5,0,467,5,156,31.5,61.5,81.5,-38.3777,38.414,-34.625,34.625,3.34398,6423,319,100,2472
1706674818750002515,24000,24000,8861,15139,0,0,0,15,0.000625,13.3536,255,136.045,39.6413,42.5,78.5,133.5,204.5,255.5,0,480,5,151,30.5,60.5,79.5,-38.3718,38.415,-34.625,34.625,3.21815,6423,340,100,2340
1706674818849845028,24000,24000,8953,15047,0,0,0,16,0.000666667,12.2555,255,135.522,38.3445,51.5,81.5,131.5,203.5,255.5,0,415,5,158,30.5,59.5,77.5,-38.4468,38.3318,-34.625,34.375,3.17066,6423,360,100,2265
1706674818949704736,23999,23999,8999,15000,0,0,0,13,0.000541689,12.3569,255,136.61,40.0951,41.5,81.5,132.5,209.5,255.5,0,514,5,150,30.5,59.5,77.5,-38.2843,38.4696,-34.125,34.625,3.15048,6423,366,100,2220
1706674819049547153,24000,24000,9076,14924,0,0,0,17,0.000708333,10.5136,255,136.751,39.9932,41.5,78.5,133.5,206.5,255.5,0,458,4,150,30.5,59.5,75.5,-38.4895,38.2278,-34.125,34.125,3.18491,6423,354,100,2238
1706674819150200209,24000,24000,9161,14839,0,0,0,0,0,10.219,255,136.438,39.7975,46.5,79.5,132.5,206.5,255.5,0,532,4,158,30.5,59.5,79.5,-37.938,38.5098,-33.875,34.125,3.41639,6423,349,100,2270
1706674819250035586,24000,24000,9082,14918,0,0,0,10,0.000416667,12.5968,255,136.668,38.9147,52.5,79.5,133.5,205.5,255.5,0,473,5,158,30.5,58.5,74.5,-38.1755,37.9981,-33.875,33.875,3.31905,6423,350,100,2299
1706674819349882840,23999,23999,9072,14927,0,0,0,17,0.000708363,10.6589,255,136.481,40.3566,42.5,79.5,132.5,207.5,255.5,0,581,4,160,30.5,57.5,74.5,-38.5094,38.1173,-34.125,34.125,3.25613,6423,370,100,2212
1706674819449716396,23999,23999,9060,14939,0,0,0,13,0.000541689,9.88182,255,136.426,39.8502,50.5,79.5,132.5,207.5,255.5,0,467,4,151,30.5,58.5,76.5,-38.0687,38.5081,-34.375,34.125,3.10775,6423,386,100,2182
1706674819549542550,24000,24000,9011,14989,0,0,0,17,0.000708333,12.8721,255,135.655,39.1015,51.5,80.5,132.5,205.5,255.5,0,511,5,160,29.5,57.5,75.5,-38.5091,38.1358,-34.875,34.375,3.27394,6423,392,100,2121
1706674819650184960,24000,24000,8962,15038,0,0,0,11,0.000458333,10.8804,255,136.005,39.9961,48.5,78.5,132.5,207.5,255.5,0,471,4,155,30.5,58.5,75.5,-38.2006,38.5002,-34.125,34.625,3.19678,6423,413,100,1953
1706674819750026471,24000,24000,8956,15044,0,0,0,17,0.000708333,13.4117,255,136.28,40.9936,42.5,76.5,132.5,209.5,255.5,0,514,5,150,29.5,58.5,76.5,-38.4766,38.2572,-34.625,34.375,3.21696,6424,394,100,2114
1706674819849858870,24000,24000,9060,14940,0,0,0,14,0.000583333,13.373,255,136.301,40.4001,49.5,80.5,132.5,211.5,255.5,0,462,5,150,29.5,58.5,75.5,-38.3098,38.461,-34.625,34.625,3.38552,6424,406,100,2026
1706674819949684002,24000,24000,8937,15063,0,0,0,16,0.000666667,12.8043,255,136.211,40.2729,47.5,78.5,132.5,206.5,255.5,0,515,5,151,29.5,57.5,75.5,-38.4403,38.3556,-34.625,34.375,3.45793,6424,405,100,2040
1706674820049524505,24000,24000,8916,15084,0,0,0,15,0.000625,10.6634,255,136.112,39.7194,48.5,79.5,132.5,209.5,255.5,0,478,4,150,29.5,57.5,73.5,-38.3883,38.4021,-34.375,34.375,3.37484,6425,408,100,1932
1706674820150175789,23999,23999,8985,15014,0,0,0,15,0.000625026,13.2946,255,136.73,40.467,49.5,78.5,133.5,208.5,255.5,0,662,5,151,30.5,58.5,77.5,-38.3608,38.429,-34.125,34.625,3.23951,6425,406,100,2031
1706674820250010794,24000,24000,9095,14905,0,0,0,17,0.000708333,12.8703,255,135.834,40.0077,46.5,79.5,131.5,205.5,255.5,0,558,5,151,30.5,58.5,74.5,-38.4579,38.3221,-34.125,34.125,3.26444,6425,395,100,1997
1706674820349835048,24000,24000,9175,14825,0,0,0,0,0,11.2728,255,136.196,40.9495,45.5,77.5,132.5,213.5,255.5,0,578,4,150,30.5,57.5,75.5,-37.7993,38.479,-33.875,34.125,3.42114,6425,394,100,1939
1706674820449683001,24000,24000,9139,14861,0,0,0,13,0.000541667,12.2955,255,136.192,39.4776,49.5,78.5,132.5,207.5,255.5,0,476,5,150,30.5,58.5,76.5,-38.2651,37.8759,-33.875,33.875,3.47811,6425,379,100,2048
1706674820549521473,24000,24000,9050,14950,0,0,0,17,0.000708333,14.0204,255,136.551,40.4022,45.5,78.5,133.5,208.5,255.5,0,580,4,156,30.5,57.5,74.5,-38.5003,38.2198,-34.125,33.875,3.26682,6425,364,100,2152
1706674820650159069,24000,24000,9032,14968,0,0,0,10,0.000416667,13.0391,255,137.086,40.2388,44.5,80.5,133.5,209.5,255.5,0,524,5,152,30.5,57.5,75.5,-38.1589,38.5075,-34.375,34.125,3.1766,6425,360,100,2228
1706674820750002760,24000,24000,8988,15012,0,0,0,17,0.000708333,13.1825,255,135.48,39.834,44.5,78.5,132.5,206.5,255.5,0,475,4,156,30.5,57.5,75.5,-38.5121,38.0989,-34.625,34.375,3.05909,6426,380,100,2104
1706674820849835982,24000,24000,9036,14964,0,0,0,11,0.000458333,10.3122,255,136.074,39.5191,48.5,77.5,133.5,206.5,255.5,0,419,4,154,30.5,57.5,77.5,-38.098,38.5127,-34.375,34.625,3.12675,6426,403,100,1937
1706674820949680433,24000,24000,8954,15046,0,0,0,18,0.00075,13.1781,255,135.576,39.3782,50.5,79.5,132.5,206.5,255.5,0,344,5,150,30.5,57.5,76.5,-38.5059,38.163,-34.625,34.375,3.38078,6426,441,100,1770
1706674821049518351,24000,24000,8951,15049,0,0,0,12,0.0005,13.2346,255,135.45,40.3717,53.5,80.5,130.5,210.5,255.5,0,516,5,158,29.5,56.5,70.5,-38.234,38.4958,-34.375,34.625,3.31905,6426,509,100,1445
1706674821150163735,23998,23998,8990,15008,0,0,0,17,0.000708392,11.7397,255,134.543,39.8339,49.5,77.5,130.5,205.5,255.5,0,457,4,150,29.5,55.5,69.5,-38.4623,38.2913,-34.625,34.375,3.20153,6426,539,100,1251
1706674821249998654,24000,24000,8996,15004,0,0,0,14,0.000583333,11.5862,255,135.243,39.0611,55.5,78.5,130.5,204.5,255.5,0,457,4,238,28.5,55.5,70.5,-38.3332,38.4524,-34.625,34.625,3.20272,6426,555,100,1098
1706674821349830710,23999,23999,8967,15032,0,0,0,15,0.000625026,13.8614,255,135.054,38.7288,54.5,80.5,130.5,203.5,255.5,0,410,5,255,28.5,55.5,70.5,-38.4216,38.3811,-34.125,34.625,3.31905,6426,548,100,1269
1706674821449672848,24000,24000,9000,15000,0,0,0,15,0.000625,14.5934,255,134.865,38.9312,56.5,79.5,130.5,202.5,255.5,0,374,5,163,29.5,55.5,69.5,-38.4141,38.3801,-34.125,34.125,3.26564,6426,488,100,1390
1706674821549519798,23999,23999,9111,14888,0,0,0,0,0,14.2914,255,135.839,39.4462,53.5,78.5,132.5,205.5,255.5,0,547,5,150,29.5,55.5,69.5,-37.6559,38.4465,-33.625,34.125,3.33805,6426,452,100,1689
1706674821650162074,24000,24000,9173,14827,0,0,0,15,0.000625,13.4729,255,135.512,39.0617,50.5,79.5,131.5,205.5,255.5,0,389,5,150,29.5,56.5,71.5,-38.3406,37.7573,-34.125,33.875,3.13031,6426,441,100,1641
1706674821749996086,24000,24000,9091,14909,0,0,0,17,0.000708333,13.9577,255,135.71,39.3439,49.5,77.5,132.5,206.5,255.5,0,452,4,150,29.5,56.5,70.5,-38.4727,38.2914,-34.125,34.125,3.16236,6426,430,100,1593
1706674821849826143,24000,24000,8975,15025,0,0,0,12,0.0005,10.3976,255,135.732,40.6619,45.5,75.5,132.5,204.5,255.5,0,534,4,150,29.5,55.5,73.5,-38.2487,38.4852,-34.375,34.125,3.1861,6426,394,100,1926
1706674821949664861,24000,24000,8944,15056,0,0,0,17,0.000708333,15.0741,255,135.701,39.2119,46.5,80.5,132.5,207.5,255.5,0,420,5,161,30.5,57.5,73.5,-38.4987,38.2006,-34.625,34.375,3.30244,6426,352,100,2154
1706674822049514329,24000,24000,8924,15076,0,0,0,9,0.000375,9.5733,255,136.013,39.8333,42.5,78.5,132.5,205.5,255.5,0,552,4,157,30.5,58.5,77.5,-38.1284,38.5063,-34.375,34.625,3.19204,6426,332,100,2202
1706674822150142695,24000,24000,9048,14952,0,0,0,17,0.000708333,12.4003,255,135.893,39.1835,40.5,79.5,133.5,203.5,255.5,0,385,5,159,30.5,58.5,76.5,-38.5103,38.0718,-34.625,34.375,3.14337,6426,293,100,2376
1706674822249980967,24000,24000,8975,15025,0,0,0,10,0.000416667,11.941,255,137.188,40.828,35.5,79.5,134.5,212.5,255.5,0,545,4,151,31.5,59.5,78.5,-38.1233,38.5126,-34.375,34.625,3.33567,6426,263,100,2418
1706674822349803369,23999,23999,8965,15034,0,0,0,17,0.000708363,12.0138,255,136.083,39.9652,39.5,79.5,132.5,206.5,255.5,0,506,5,155,31.5,60.5,78.5,-38.5109,38.1792,-34.625,34.375,3.39503,6426,248,100,2543
1706674822449645769,24000,24000,9003,14997,0,0,0,12,0.0005,12.1725,255,137.156,40.9128,36.5,78.5,134.5,211.5,255.5,0,592,5,157,31.5,61.5,80.5,-38.2307,38.4868,-34.375,34.375,3.68942,6426,240,100,2571
1706674822549890346,24000,24000,9021,14979,0,0,0,17,0.000708333,13.7017,255,137.189,40.716,46.5,79.5,133.5,208.5,255.5,0,626,5,150,31.5,61.5,81.5,-38.4655,38.2917,-34.125,34.625,3.53154,6426,242,100,2593
1706674822649729337,24000,24000,9059,14941,0,0,0,14,0.000583333,12.5557,255,136.659,41.2846,44.5,79.5,132.5,210.5,255.5,0,670,4,158,31.5,60.5,80.5,-38.3439,38.4451,-34.125,34.125,3.44963,6426,231,100,2565
1706674822749581231,23999,23999,9059,14940,0,0,0,0,0,13.6727,255,136.532,39.7501,47.5,77.5,134.5,204.5,255.5,0,545,5,157,31.5,59.5,78.5,-37.6391,38.3914,-33.625,34.125,3.30956,6426,239,100,2629
1706674822850221163,24000,24000,9156,14844,0,0,0,16,0.000666667,14.4098,255,136.048,38.6213,50.5,79.5,133.5,203.5,255.5,0,379,5,156,31.5,58.5,77.5,-38.4019,37.5849,-34.125,33.625,3.49474,6427,257,100,2499
1706674822950062201,23998,23998,9115,14883,0,0,0,16,0.000666722,12.7227,255,135.574,37.7992,46.5,79.5,133.5,200.5,255.5,0,291,5,158,30.5,58.5,74.5,-38.428,38.3667,-34.125,34.125,3.3701,6427,290,100,2355
1706674823049895776,23999,23999,9062,14937,0,0,0,15,0.000625026,11.9192,255,136.266,39.5698,44.5,79.5,132.5,205.5,255.5,0,451,5,158,30.5,58.5,75.5,-38.3178,38.4543,-34.625,34.125,3.287,6427,293,100,2375
1706674823149723463,24000,24000,8947,15053,0,0,0,17,0.000708333,14.6168,255,136.152,39.1232,49.5,78.5,133.5,204.5,255.5,0,375,5,150,30.5,57.5,72.5,-38.4713,38.2782,-34.625,34.375,3.21578,6427,320,100,2324
1706674823249565519,24000,24000,8882,15118,0,0,0,12,0.0005,13.8748,255,136.114,40.0591,51.5,77.5,131.5,206.5,255.5,0,559,5,158,29.5,56.5,70.5,-38.2313,38.4899,-34.375,34.625,3.23359,6427,344,100,2175
1706674823350192252,24000,24000,8914,15086,0,0,0,17,0.000708333,14.8062,255,136.315,40.1395,52.5,77.5,132.5,206.5,255.5,0,496,5,158,30.5,56.5,69.5,-38.5031,38.164,-34.625,34.375,3.37723,6427,336,100,2225
1706674823450023769,24000,24000,9049,14951,0,0,0,11,0.000458333,13.603,255,136.268,40.3053,48.5,77.5,132.5,206.5,255.5,0,494,5,156,29.5,56.5,70.5,-38.1058,38.5152,-34.375,34.625,3.23715,6427,337,100,2226
1706674823549880960,23999,23999,8975,15024,0,0,0,18,0.000750031,14.4691,255,137.221,41.6774,50.5,77.5,132.5,215.5,255.5,0,618,5,150,30.5,56.5,70.5,-38.5075,38.0852,-34.625,34.375,3.24665,6427,331,100,2262
1706674823649705029,24000,24000,9044,14956,0,0,0,9,0.000375,13.4595,255,136.91,40.4436,52.5,78.5,132.5,210.5,255.5,0,520,5,154,29.5,56.5,70.5,-38.147,38.5048,-34.375,34.125,3.22765,6427,344,100,2211
1706674823749555454,24000,24000,9043,14957,0,0,0,17,0.000708333,15.0912,255,135.718,39.652,52.5,78.5,131.5,205.5,255.5,0,462,5,151,29.5,55.5,70.5,-38.5002,38.204,-34.125,34.625,3.40334,6427,340,100,2147
1706674823850195214,24000,24000,9049,14951,0,0,0,13,0.000541667,14.4423,255,136.187,40.1373,54.5,77.5,131.5,207.5,255.5,0,466,5,154,29.5,55.5,68.5,-38.2707,38.4735,-33.875,34.125,3.0769,6427,346,100,2129
1706674823950046173,24000,24000,9066,14934,0,0,0,0,0,14.2566,255,135.867,38.4054,53.5,80.5,132.5,203.5,255.5,0,376,5,154,29.5,55.5,69.5,-37.7873,38.3165,-33.875,34.125,3.12082,6427,356,100,2091
1706674824049886633,24000,24000,9095,14905,0,0,0,17,0.000708333,11.2638,255,135.147,37.2219,56.5,81.5,131.5,201.5,255.5,0,256,4,154,29.5,55.5,77.5,-38.4565,37.6903,-34.125,33.875,3.06384,6427,411,100,1740
1706674824149730004,23999,23999,9131,14868,0,0,0,15,0.000625026,14.2412,255,135.494,38.8665,58.5,80.5,131.5,203.5,255.5,0,426,5,153,29.5,55.5,71.5,-38.3702,38.432,-34.125,34.125,3.39147,6427,455,100,1437
1706674824249568229,24000,24000,9039,14961,0,0,0,16,0.000666667,11.7132,255,135.605,39.652,50.5,79.5,132.5,206.5,255.5,0,500,4,158,29.5,56.5,71.5,-38.3887,38.3982,-34.375,34.125,3.45557,6427,471,100,1286
1706674824350216910,23999,23999,8925,15074,0,0,0,16,0.000666694,11.7384,255,136.421,39.5573,52.5,81.5,131.5,207.5,255.5,0,391,4,157,29.5,56.5,70.5,-38.4285,38.3558,-34.625,34.375,3.30719,6427,496,100,1224
1706674824450058226,24000,24000,8957,15043,0,0,0,14,0.000583333,14.8233,255,136.426,39.1671,50.5,82.5,132.5,208.5,255.5,0,471,5,150,29.5,56.5,72.5,-38.3138,38.4639,-34.375,34.625,3.33093,6427,477,100,1395
1706674824549902486,24000,24000,8870,15130,0,0,0,17,0.000708333,12.0398,255,136.055,38.4714,54.5,81.5,133.5,201.5,255.5,0,405,4,160,29.5,56.5,70.5,-38.4776,38.2624,-34.625,34.375,3.27632,6427,433,100,1462
1706674824649750178,24000,24000,8957,15043,0,0,0,11,0.000458333,14.679,255,135.953,38.4051,52.5,82.5,132.5,203.5,255.5,0,397,5,153,29.5,56.5,71.5,-38.1885,38.4993,-34.375,34.625,3.47219,6427,389,100,1855
1706674824749593183,24000,24000,9081,14919,0,0,0,17,0.000708333,11.2705,255,136.368,38.8143,53.5,80.5,132.5,202.5,255.5,0,437,4,155,29.5,55.5,70.5,-38.5108,38.1389,-34.625,34.375,3.45557,6427,339,100,2001
1706674824849835575,24000,24000,9048,14952,0,0,0,12,0.0005,11.0021,255,136.989,39.601,42.5,79.5,133.5,206.5,255.5,0,352,4,154,30.5,56.5,71.5,-38.0831,38.5074,-34.375,34.125,3.39385,6427,338,100,1974
1706674824949686583,23999,23999,9069,14930,0,0,0,17,0.000708363,11.4783,255,136.128,39.0852,43.5,81.5,133.5,204.5,255.5,0,448,4,161,29.5,56.5,71.5,-38.5198,38.1121,-34.125,34.125,3.55291,6427,324,100,2020
1706674825049508850,24000,24000,9103,14897,0,0,0,10,0.000416667,10.7995,255,136.579,37.9797,48.5,82.5,134.5,202.5,255.5,0,324,4,156,30.5,56.5,70.5,-38.1671,38.503,-33.875,34.875,3.22765,6427,301,100,2183
1706674825150150277,24000,24000,9059,14941,0,0,0,0,0,11.2166,255,136.891,40.4515,41.5,79.5,133.5,209.5,255.5,0,498,4,156,30.5,57.5,70.5,-37.938,38.2364,-33.875,33.875,3.33568,6427,293,100,2209
1706674825249988923,24000,24000,9044,14956,0,0,0,17,0.000708333,12.1188,255,137.01,40.1931,35.5,80.5,134.5,207.5,255.5,0,547,4,160,30.5,58.5,74.5,-38.484,37.8356,-34.125,33.875,3.22528,6427,288,100,2211
1706674825349834134,23999,23999,9151,14848,0,0,0,13,0.000541689,10.8943,255,137.875,40.7749,40.5,80.5,133.5,209.5,255.5,0,491,4,150,30.5,60.5,76.5,-38.3,38.4597,-34.125,34.125,3.16949,6427,297,100,2088
1706674825449666889,24000,24000,9103,14897,0,0,0,16,0.000666667,10.8281,255,138.236,40.3758,49.5,81.5,134.5,214.5,255.5,0,342,4,152,30.5,60.5,77.5,-38.4467,38.3357,-34.625,34.125,3.21578,6427,310,100,2050
1706674825549519331,24000,24000,8926,15074,0,0,0,15,0.000625,10.9753,255,138.906,41.0192,44.5,82.5,134.5,217.5,255.5,0,546,4,156,30.5,61.5,79.5,-38.3785,38.4159,-34.625,34.625,3.16237,6427,322,100,2065
1706674825650157337,24000,24000,8856,15144,0,0,0,14,0.000583333,14.2891,255,138.744,41.7685,47.5,80.5,134.5,215.5,255.5,0,592,4,161,30.5,61.5,76.5,-38.3784,38.4225,-34.625,34.625,3.30482,6427,322,100,2050
1706674825749989594,24000,24000,8904,15096,0,0,0,16,0.000666667,15.7815,255,137.964,39.6218,52.5,83.5,134.5,211.5,255.5,0,469,4,154,30.5,61.5,78.5,-38.4446,38.3364,-34.625,34.625,3.26802,6427,301,100,2054
1706674825849840207,23999,23999,8951,15048,0,0,0,13,0.000541689,15.1546,255,139.419,40.5902,45.5,81.5,135.5,214.5,255.5,0,512,5,150,30.5,62.5,78.5,-38.2773,38.4716,-34.625,34.625,3.3618,6427,287,100,2208
1706674825949672948,24000,24000,9051,14949,0,0,0,18,0.00075,16.4935,255,138.6,40.3321,43.5,81.5,134.5,211.5,255.5,0,392,5,154,30.5,62.5,82.5,-38.492,38.2272,-34.625,34.125,3.22885,6427,262,100,2378
1706674826049520200,24000,24000,9080,14920,0,0,0,10,0.000416667,17.1215,255,139.421,41.2813,42.5,81.5,135.5,216.5,255.5,0,656,5,155,31.5,62.5,83.5,-38.1797,38.4983,-34.125,34.125,4.82072,6427,238,100,2413
1706674826150169868,24000,24000,9058,14942,0,0,0,18,0.00075,17.6556,255,138.518,41.1629,40.5,79.5,134.5,217.5,255.5,0,571,5,156,31.5,62.5,84.5,-38.5142,37.9916,-34.125,33.875,3.93872,6427,240,100,2405
1706674826250021130,24000,24000,9118,14882,0,0,0,7,0.000291667,15.1866,255,139.032,41.5738,37.5,80.5,135.5,212.5,255.5,0,633,4,152,31.5,62.5,84.5,-38.0619,38.1251,-34.125,34.125,3.6194,6427,244,100,2438
1706674826349861622,23999,23999,9115,14884,0,0,0,6,0.00025001,17.3156,255,138.52,41.1618,35.5,82.5,135.5,215.5,255.5,0,634,5,153,31.5,62.5,84.5,-38.0498,38.5098,-34.125,34.875,3.57666,6427,226,100,2491
1706674826449694264,23999,23999,9046,14953,0,0,0,18,0.000750031,15.3643,255,139.217,41.5026,36.5,81.5,135.5,212.5,255.5,0,646,4,154,32.5,63.5,83.5,-38.5044,37.9901,-34.125,33.875,3.4995,6427,223,100,2504
1706674826549540874,24000,24000,8986,15014,0,0,0,11,0.000458333,17.6281,255,139.159,41.0022,32.5,81.5,135.5,212.5,255.5,0,615,5,155,32.5,63.5,84.5,-38.1999,38.5026,-34.125,34.125,3.66569,6427,238,100,2416
1706674826650173895,24000,24000,9091,14909,0,0,0,17,0.000708333,18.8314,255,138.492,38.6586,35.5,82.5,135.5,204.5,255.5,0,419,5,157,32.5,62.5,81.5,-38.4814,38.2588,-34.625,34.125,3.26802,6427,243,100,2466
1706674826750017822,23999,23999,9009,14990,0,0,0,13,0.000541689,14.8803,255,138.202,38.3982,46.5,83.5,134.5,203.5,255.5,0,423,4,153,32.5,61.5,80.5,-38.316,38.4605,-34.375,34.625,3.09471,6427,265,100,2313
1706674826849852987,24000,24000,8865,15135,0,0,0,16,0.000666667,14.8716,255,137.974,38.2223,45.5,83.5,135.5,203.5,255.5,0,314,4,158,32.5,61.5,79.5,-38.4356,38.3584,-34.625,34.625,3.16712,6427,284,100,2159
1706674826949710976,24000,24000,8858,15142,0,0,0,16,0.000666667,14.8136,255,138.239,39.4984,43.5,82.5,134.5,209.5,255.5,0,480,4,156,32.5,62.5,81.5,-38.3921,38.3964,-34.375,34.375,3.1137,6427,292,100,2133
1706674827049555867,23999,23999,8919,15080,0,0,0,14,0.000583358,14.8293,255,137.997,38.7216,41.5,81.5,135.5,203.5,255.5,0,291,4,154,32.5,62.5,85.5,-38.3486,38.4348,-34.625,34.625,3.15525,6427,273,100,2327
1706674827150196218,24000,24000,9069,14931,0,0,0,17,0.000708333,18.4192,255,138.67,39.3768,47.5,83.5,135.5,208.5,255.5,0,527,5,154,32.5,62.5,85.5,-38.4644,38.3052,-34.625,34.125,3.27514,6427,276,100,2380
1706674827250035499,24000,24000,9146,14854,0,0,0,13,0.000541667,18.0062,255,138.557,39.9822,47.5,81.5,135.5,213.5,255.5,0,478,5,155,32.5,63.5,87.5,-38.2526,38.4865,-34.125,34.125,3.30482,6427,273,100,2308
1706674827349883524,24000,24000,9058,14942,0,0,0,17,0.000708333,17.8497,255,138.822,40.3102,42.5,82.5,135.5,210.5,255.5,0,626,5,155,33.5,63.5,84.5,-38.5054,37.89,-34.125,33.875,3.10064,6427,269,100,2379
1706674827449723997,24000,24000,9044,14956,0,0,0,0,0,16.0096,255,138.249,39.6759,44.5,81.5,135.5,208.5,255.5,0,403,5,153,33.5,62.5,78.5,-37.9653,38.2031,-33.875,33.875,3.22648,6427,271,100,2158
1706674827549560501,24000,24000,9089,14911,0,0,0,9,0.000375,13.6835,255,137.883,38.0272,47.5,83.5,135.5,204.5,255.5,0,398,4,161,33.5,59.5,74.5,-38.1538,38.5057,-34.125,34.125,3.23716,6427,291,100,2079
1706674827650206451,24000,24000,9079,14921,0,0,0,18,0.00075,16.6267,255,137.738,38.4539,34.5,81.5,135.5,202.5,255.5,0,332,5,160,33.5,59.5,75.5,-38.5074,38.08,-34.125,34.125,3.32144,6427,299,100,2005
1706674827750042542,24000,24000,9042,14958,0,0,0,11,0.000458333,16.5575,255,137.776,38.3481,39.5,83.5,135.5,206.5,255.5,0,420,5,153,33.5,59.5,75.5,-38.1094,38.5156,-34.375,34.125,3.30007,6428,322,100,1894
1706674827849882958,24000,24000,8970,15030,0,0,0,17,0.000708333,14.3078,255,138.107,39.5096,47.5,82.5,134.5,211.5,255.5,0,535,5,155,33.5,60.5,74.5,-38.493,38.1829,-34.625,34.125,3.30601,6428,337,100,1769
1706674827949725465,24000,24000,9018,14982,0,0,0,11,0.000458333,14.0851,255,137.276,38.4193,44.5,83.5,134.5,203.5,255.5,0,476,5,152,33.5,60.5,73.5,-38.2468,38.4894,-34.375,34.625,3.40216,6428,353,100,1730
1706674828049565549,24000,24000,8919,15081,0,0,0,17,0.000708333,11.9647,255,135.714,37.5504,41.5,84.5,132.5,200.5,255.5,0,408,4,153,33.5,60.5,73.5,-38.476,38.2829,-34.625,34.375,3.26447,6428,387,100,1472
1706674828150221294,24000,24000,8888,15112,0,0,0,15,0.000625,14.1663,255,135.715,38.3598,44.5,80.5,132.5,198.5,255.5,0,417,5,162,32.5,61.5,74.5,-38.3473,38.4477,-34.375,34.625,3.20393,6428,397,100,1391
1706674828250067525,24000,24000,8886,15114,0,0,0,16,0.000666667,13.2397,255,137.267,37.9587,49.5,84.5,134.5,203.5,255.5,0,451,5,151,32.5,61.5,75.5,-38.4197,38.3852,-34.625,34.625,3.28821,6428,390,100,1404
1706674828349895470,24000,24000,9015,14985,0,0,0,16,0.000666667,13.1953,255,137.011,36.1191,58.5,85.5,133.5,197.5,255.5,0,312,5,160,32.5,62.5,77.5,-38.417,38.3733,-34.625,34.125,3.30245,6429,369,100,1613
1706674828449736098,23999,23999,9083,14916,0,0,0,14,0.000583358,13.454,255,136.203,35.9288,50.5,85.5,133.5,195.5,255.5,0,272,5,151,33.5,62.5,77.5,-38.3308,38.4504,-34.125,34.125,3.31433,6429,323,100,2143
1706674828549571362,24000,24000,9188,14812,0,0,0,17,0.000708333,12.9484,255,136.946,35.9123,50.5,85.5,134.5,194.5,255.5,0,301,5,150,34.5,62.5,76.5,-38.464,37.7599,-34.125,33.875,3.43185,6429,265,100,2392
1706674828650205502,24000,24000,9077,14923,0,0,0,0,0,10.5643,255,137.366,37.215,49.5,84.5,134.5,197.5,255.5,0,404,4,150,34.5,63.5,77.5,-37.8347,38.2854,-33.875,34.125,3.2158,6429,238,100,2405
1706674828750058896,24000,24000,9039,14961,0,0,0,13,0.000541667,12.6745,255,137.882,38.3142,52.5,83.5,135.5,200.5,255.5,0,594,5,150,35.5,63.5,77.5,-38.2358,38.4816,-33.875,34.125,3.27752,6429,232,100,2451
1706674828849904432,24000,24000,9026,14974,0,0,0,18,0.00075,13.3433,255,137.686,38.2743,46.5,83.5,135.5,200.5,255.5,0,538,5,150,35.5,63.5,79.5,-38.502,38.1905,-34.125,34.875,3.24429,6429,221,100,2420
1706674828949740636,23999,23999,9043,14956,0,0,0,9,0.000375016,12.0887,255,137.866,38.356,42.5,85.5,135.5,201.5,255.5,0,605,5,151,36.5,64.5,80.5,-38.1331,38.5074,-34.375,34.375,3.4271,6429,204,100,2533
1706674829049590667,24000,24000,9025,14975,0,0,0,17,0.000708333,12.3787,255,137.742,37.5338,39.5,84.5,135.5,196.5,255.5,0,473,5,152,36.5,65.5,81.5,-38.5145,38.0608,-34.625,34.375,3.40692,6429,186,100,2643
1706674829149821616,24000,24000,9006,14994,0,0,0,9,0.000375,9.81691,255,138.577,38.4232,43.5,85.5,135.5,203.5,255.5,0,591,4,151,36.5,66.5,82.5,-38.1298,38.5042,-34.375,34.625,3.16238,6429,181,100,2675
1706674829249655284,23999,23999,8930,15069,0,0,0,18,0.000750031,11.9608,255,138.887,38.9235,44.5,85.5,135.5,206.5,255.5,0,675,5,151,36.5,65.5,82.5,-38.4979,38.1973,-34.625,34.375,3.05673,6429,182,100,2672
1706674829349908259,24000,24000,8893,15107,0,0,0,12,0.0005,10.3857,255,138.992,38.118,46.5,85.5,136.5,203.5,255.5,0,452,4,151,36.5,65.5,81.5,-38.2424,38.4841,-34.625,34.625,3.17069,6429,185,100,2527
1706674829449750261,24000,24000,8985,15015,0,0,0,17,0.000708333,12.402,255,138.253,38.2579,47.5,85.5,135.5,203.5,255.5,0,612,4,150,36.5,65.5,82.5,-38.4732,38.293,-34.625,34.375,3.35468,6429,176,100,2710
1706674829549600227,24000,24000,8998,15002,0,0,0,14,0.000583333,12.6549,255,137.48,35.9767,48.5,87.5,134.5,197.5,255.5,0,415,5,150,35.5,65.5,82.5,-38.344,38.44,-34.625,34.125,3.12558,6429,181,100,2625
1706674829649854415,23998,23998,9072,14926,0,0,0,15,0.000625052,12.2063,255,138.598,36.7933,44.5,87.5,136.5,198.5,255.5,0,431,4,150,36.5,65.5,84.5,-38.4106,38.3855,-34.125,34.125,3.23954,6429,170,100,2620
1706674829749681306,24000,24000,9126,14874,0,0,0,16,0.000666667,9.11975,255,138.837,36.3025,50.5,88.5,136.5,199.5,255.5,0,429,4,150,36.5,65.5,83.5,-38.422,37.5897,-34.125,33.625,3.20749,6429,162,100,2699
1706674829849513897,23999,23999,9144,14855,0,0,0,0,0,13.6766,255,138.245,37.2854,39.5,86.5,135.5,199.5,255.5,0,487,4,150,36.5,64.5,82.5,-37.6686,38.3732,-33.625,34.125,3.13626,6429,159,100,2558
1706674829950155004,24000,24000,9060,14940,0,0,0,14,0.000583333,11.2547,255,138.658,38.6751,38.5,86.5,135.5,201.5,255.5,0,667,4,150,36.5,65.5,83.5,-38.3421,38.4526,-34.125,34.125,3.04011,6429,153,100,2598
1706674830049999882,23999,23999,9004,14995,0,0,0,17,0.000708363,11.8252,255,139.24,37.6326,49.5,86.5,136.5,203.5,255.5,0,507,4,150,36.5,64.5,82.5,-38.4735,38.2884,-34.125,34.375,3.04604,6429,155,100,2621
1706674830149832570,24000,24000,9003,14997,0,0,0,12,0.0005,13.7873,255,139.158,38.4349,49.5,87.5,136.5,207.5,255.5,0,531,4,150,36.5,65.5,82.5,-38.2355,38.4945,-34.375,34.625,3.19443,6429,155,100,2563
1706674830249658273,24000,24000,8999,15001,0,0,0,18,0.00075,13.7287,255,138.649,37.6919,41.5,85.5,136.5,201.5,255.5,0,496,4,150,35.5,65.5,81.5,-38.503,38.167,-34.625,34.375,3.14101,6429,157,100,2569
1706674830349901046,24000,24000,8974,15026,0,0,0,11,0.000458333,11.7822,255,139.847,39.6204,41.5,84.5,136.5,211.5,255.5,0,549,4,151,36.5,65.5,85.5,-38.0965,38.5094,-34.375,34.625,3.22648,6429,157,100,2574
1706674830449731159,24000,24000,9006,14994,0,0,0,17,0.000708333,13.055,255,138.79,37.1987,42.5,85.5,136.5,201.5,255.5,0,499,4,150,35.5,65.5,84.5,-38.509,38.0961,-34.625,34.375,3.03892,6429,162,100,2579
1706674830549563055,24000,24000,8988,15012,0,0,0,10,0.000416667,13.8297,255,138.688,38.0471,43.5,84.5,136.5,201.5,255.5,0,633,4,150,35.5,62.5,84.5,-38.1639,38.5029,-34.375,34.625,3.1422,6429,171,100,2642
1706674830650213916,24000,24000,8930,15070,0,0,0,17,0.000708333,12.9212,255,138.731,37.8113,49.5,84.5,137.5,203.5,255.5,0,502,4,150,35.5,59.5,79.5,-38.4922,38.2033,-34.625,34.375,3.18138,6430,177,100,2469
1706674830750057342,24000,24000,8983,15017,0,0,0,13,0.000541667,13.0936,255,138.436,37.7742,56.5,86.5,134.5,204.5,255.5,0,522,4,150,34.5,59.5,80.5,-38.2726,38.4769,-34.375,34.125,3.12914,6430,183,100,2510
1706674830849916883,24000,24000,9076,14924,0,0,0,16,0.000666667,13.2684,255,138.936,38.0838,48.5,86.5,135.5,205.5,255.5,0,562,4,150,34.5,58.5,76.5,-38.4506,38.3287,-34.125,34.125,3.36181,6432,185,100,2518
1706674830949747597,24000,24000,9146,14854,0,0,0,15,0.000625,13.1494,255,138.656,38.3049,60.5,85.5,134.5,208.5,255.5,0,562,4,150,34.5,57.5,76.5,-38.3659,37.6814,-34.125,33.625,3.17426,6432,183,100,2515
1706674831049595328,23999,23999,9126,14873,0,0,0,0,0,13.0875,255,138.063,37.3527,56.5,85.5,134.5,200.5,255.5,0,515,4,150,35.5,58.5,77.5,-37.5961,38.4196,-33.625,34.125,3.25498,6433,170,100,2553
1706674831149844340,24000,24000,9035,14965,0,0,0,16,0.000666667,13.9931,255,138.951,38.805,49.5,84.5,135.5,204.5,255.5,0,589,4,150,35.5,57.5,75.5,-38.3933,38.4118,-34.125,34.125,3.1422,6433,164,100,2571
1706674831249696670,24000,24000,8979,15021,0,0,0,16,0.000666667,15.37,255,138.587,37.3688,58.5,85.5,135.5,201.5,255.5,0,516,5,151,35.5,57.5,75.5,-38.4385,38.3479,-34.125,34.625,3.15645,6433,164,100,2619
1706674831349534157,23999,23999,8983,15016,0,0,0,14,0.000583358,17.1879,255,138.779,39.0549,53.5,84.5,135.5,207.5,255.5,0,677,5,151,35.5,57.5,73.5,-38.3102,38.4592,-34.375,34.625,3.26329,6434,164,100,2573
1706674831450170168,24000,24000,8963,15037,0,0,0,17,0.000708333,15.4953,255,137.82,37.9732,56.5,84.5,134.5,201.5,255.5,0,603,5,150,35.5,57.5,74.5,-38.4712,38.2693,-34.625,34.375,3.21936,6434,155,100,2583
1706674831550009181,24000,24000,8985,15015,0,0,0,12,0.0005,15.8873,255,138.882,38.1211,53.5,85.5,135.5,204.5,255.5,0,610,5,150,35.5,58.5,77.5,-38.2226,38.498,-34.375,34.625,3.24429,6434,165,100,2594
1706674831649840448,23999,23999,8930,15069,0,0,0,18,0.000750031,15.7416,255,139.214,38.9725,47.5,85.5,135.5,209.5,255.5,0,576,5,150,35.5,58.5,75.5,-38.508,38.152,-34.625,34.375,3.27516,6434,156,100,2611
1706674831749673619,24000,24000,9079,14921,0,0,0,12,0.0005,14.3783,255,139.139,38.8093,49.5,83.5,135.5,207.5,255.5,0,591,4,150,35.5,57.5,74.5,-38.0722,38.5086,-34.375,34.625,3.12202,6434,164,100,2655
1706674831849510686,23999,23999,9010,14989,0,0,0,18,0.000750031,15.9717,255,138.814,39.3136,57.5,84.5,135.5,209.5,255.5,0,661,5,150,35.5,57.5,75.5,-38.5185,38.123,-34.625,34.375,3.03893,6434,167,100,2645
1706674831950160591,24000,24000,9020,14980,0,0,0,11,0.000458333,13.192,255,138.275,37.7528,46.5,85.5,135.5,201.5,255.5,0,431,4,150,35.5,57.5,78.5,-38.1866,38.5041,-34.375,34.125,3.13864,6434,167,100,2582
1706674832049997834,24000,24000,9027,14973,0,0,0,16,0.000666667,13.9891,255,138.339,37.9343,53.5,85.5,134.5,206.5,255.5,0,493,4,150,35.5,58.5,81.5,-38.4773,38.2499,-34.125,33.875,3.08641,6434,161,100,2621
1706674832149827641,23999,23999,9125,14874,0,0,0,13,0.000541689,16.2273,255,137.504,37.2101,51.5,85.5,134.5,198.5,255.5,0,466,5,151,35.5,58.5,79.5,-38.3001,37.8116,-34.125,33.875,3.26091,6435,157,100,2559
1706674832249679520,23999,23999,9184,14815,0,0,0,0,0,15.6288,255,138.404,37.6762,55.5,85.5,135.5,202.5,255.5,0,493,5,150,35.5,58.5,78.5,-37.7235,38.4586,-33.875,34.125,3.18138,6435,156,100,2546
1706674832349520289,23999,23999,9082,14917,0,0,0,17,0.000708363,16.6904,255,138.416,38.1827,54.5,85.5,134.5,200.5,255.5,0,593,5,151,35.5,58.5,77.5,-38.433,38.3512,-34.125,34.125,3.43897,6435,152,100,2533
1706674832450154837,23998,23998,8971,15027,0,0,0,15,0.000625052,15.3295,255,138.783,38.9962,52.5,85.5,134.5,205.5,255.5,0,595,5,150,36.5,58.5,78.5,-38.3748,38.4194,-34.125,34.625,3.07691,6435,147,100,2502
1706674832549998102,24000,24000,8921,15079,0,0,0,15,0.000625,16.5129,255,138.479,39.76,41.5,84.5,134.5,209.5,255.5,0,782,5,154,35.5,59.5,85.5,-38.3695,38.4225,-34.375,34.625,4.32216,6435,145,100,2520
1706674832649836987,23999,23999,8916,15083,0,0,0,16,0.000666694,15.324,255,139.159,39.1504,51.5,87.5,134.5,209.5,255.5,0,657,5,152,36.5,60.5,82.5,-38.4438,38.3377,-34.625,34.625,3.61466,6435,147,100,2589
1706674832749673519,24000,24000,8975,15025,0,0,0,13,0.000541667,15.2271,255,139.253,39.5388,43.5,86.5,134.5,209.5,255.5,0,609,5,154,36.5,60.5,82.5,-38.2831,38.4684,-34.375,34.625,3.5197,6435,151,100,2554
1706674832849522444,23999,23999,8999,15000,0,0,0,17,0.000708363,16.2395,255,138.96,39.4139,49.5,85.5,134.5,209.5,255.5,0,693,5,156,36.5,60.5,82.5,-38.4953,38.2346,-34.625,34.375,3.60635,6435,159,100,2592
1706674832950190007,24000,24000,8971,15029,0,0,0,10,0.000416667,16.8618,255,139.669,39.7586,50.5,85.5,135.5,215.5,255.5,0,689,5,156,36.5,59.5,80.5,-38.174,38.5021,-34.125,34.625,3.27398,6435,161,100,2580
1706674833050040428,24000,24000,9029,14971,0,0,0,17,0.000708333,16.4717,255,137.995,38.8684,43.5,86.5,133.5,207.5,255.5,0,621,5,157,36.5,59.5,82.5,-38.5088,38.1082,-34.375,34.375,3.1434,6435,167,100,2575
1706674833149866207,23999,23999,9091,14908,0,0,0,13,0.000541689,17.1082,255,138.344,37.6344,41.5,87.5,134.5,199.5,255.5,0,543,5,158,36.5,58.5,80.5,-38.0944,38.5115,-34.625,34.125,3.3452,6436,165,100,2555
1706674833249702002,23999,23999,9055,14944,0,0,0,17,0.000708363,13.723,255,137.994,37.3875,47.5,87.5,133.5,200.5,255.5,0,591,4,158,36.5,58.5,80.5,-38.5003,38.1575,-34.125,33.875,3.3179,6436,160,100,2503
1706674833349542054,24000,24000,9054,14946,0,0,0,12,0.0005,16.929,255,139.277,38.5559,43.5,86.5,134.5,210.5,255.5,0,542,5,157,37.5,59.5,78.5,-38.223,37.9527,-33.875,33.875,3.25498,6436,156,100,2556
1706674833450186701,24000,24000,9166,14834,0,0,0,0,0,16.9912,255,138.639,38.7084,41.5,86.5,134.5,205.5,255.5,0,616,5,155,37.5,60.5,80.5,-37.8761,38.4934,-33.875,34.125,3.08167,6436,153,100,2597
1706674833550021355,24000,24000,9102,14898,0,0,0,17,0.000708333,13.6192,255,138.595,38.2581,46.5,85.5,135.5,205.5,255.5,0,551,4,155,37.5,60.5,82.5,-38.4796,38.2717,-34.125,34.125,3.09591,6436,159,100,2603
1706674833649853631,23999,23999,9043,14956,0,0,0,14,0.000583358,16.7643,255,137.786,37.1125,41.5,85.5,134.5,198.5,255.5,0,482,5,156,37.5,61.5,83.5,-38.3152,38.4681,-34.125,34.625,3.13271,6437,156,100,2527
1706674833749697447,24000,24000,8917,15083,0,0,0,16,0.000666667,12.6665,255,138.912,38.2763,43.5,84.5,135.5,206.5,255.5,0,435,4,150,38.5,62.5,83.5,-38.426,38.3554,-34.625,34.375,3.05911,6437,163,100,2497
1706674833849534849,23999,23999,8864,15135,0,0,0,15,0.000625026,13.5645,255,139.486,38.7384,45.5,87.5,135.5,209.5,255.5,0,592,4,156,38.5,63.5,86.5,-38.3982,38.3932,-34.375,34.375,3.56006,6437,168,100,2514
1706674833950179606,24000,24000,8922,15078,0,0,0,15,0.000625,15.9438,255,138.344,38.7967,42.5,86.5,134.5,204.5,255.5,0,610,5,154,38.5,64.5,86.5,-38.3542,38.4347,-34.625,34.625,3.13034,6437,171,100,2525
1706674834050010622,24000,24000,9101,14899,0,0,0,17,0.000708333,14.6927,255,138.64,38.3763,50.5,85.5,134.5,206.5,255.5,0,513,5,154,39.5,66.5,88.5,-38.4628,38.3246,-34.625,34.375,3.20275,6437,178,100,2422
1706674834149854322,23998,23998,9025,14973,0,0,0,13,0.000541712,14.9542,255,139.293,39.3781,47.5,86.5,135.5,207.5,255.5,0,758,5,152,39.5,69.5,94.5,-38.2756,38.4778,-34.125,34.625,3.16239,6437,169,100,2595
1706674834249700027,24000,24000,8990,15010,0,0,0,17,0.000708333,13.2191,255,139.077,40.3548,39.5,84.5,135.5,212.5,255.5,0,739,4,150,39.5,70.5,97.5,-38.5078,38.2114,-34.125,34.125,3.02944,6437,175,100,2506
1706674834349526869,24000,24000,9072,14928,0,0,0,0,0,14.8972,255,138.87,37.8371,52.5,86.5,134.5,203.5,255.5,0,549,5,152,40.5,71.5,95.5,-37.9599,38.5025,-34.125,34.125,3.11847,6438,177,100,2501
1706674834450156565,23999,23999,9085,14914,0,0,0,17,0.000708363,13.5496,255,138.652,37.6759,46.5,86.5,135.5,202.5,255.5,0,485,4,152,40.5,72.5,97.5,-38.5092,38.0522,-34.375,34.125,3.11847,6438,167,100,2482
1706674834549994934,24000,24000,9105,14895,0,0,0,8,0.000333333,15.8669,255,139.017,39.4053,39.5,85.5,135.5,208.5,255.5,0,594,5,153,41.5,73.5,101.5,-38.1159,38.0724,-34.125,34.125,3.24074,6438,150,100,2515
1706674834649836236,24000,24000,9077,14923,0,0,0,1,4.16667e-05,15.0633,255,139.49,40.046,45.5,86.5,135.5,210.5,255.5,0,742,5,151,41.5,74.5,102.5,-38.0034,38.5135,-33.875,34.125,3.22174,6438,141,100,2604
1706674834749673621,24000,24000,9114,14886,0,0,0,17,0.000708333,13.4733,255,139.364,39.5339,50.5,84.5,136.5,210.5,255.5,0,652,4,150,42.5,75.5,104.5,-38.499,38.1772,-34.125,34.125,3.37725,6438,140,100,2528
1706674834849499729,24000,24000,9032,14968,0,0,0,11,0.000458333,15.0236,255,139.025,39.3981,42.5,85.5,135.5,204.5,255.5,0,652,5,151,42.5,75.5,104.5,-38.2341,38.4955,-34.125,34.625,3.27516,6438,133,100,2502
1706674834950138998,24000,24000,8913,15087,0,0,0,17,0.000708333,15.1036,255,138.954,39.3586,48.5,84.5,135.5,207.5,255.5,0,619,5,152,43.5,75.5,99.5,-38.4748,38.2846,-34.625,34.375,3.20394,6438,137,100,2449
1706674835049984248,24000,24000,8892,15108,0,0,0,15,0.000625,14.5972,255,138.341,37.7769,47.5,86.5,134.5,200.5,255.5,0,467,5,151,43.5,75.5,101.5,-38.3275,38.4415,-34.625,34.625,3.77136,6438,133,100,2427
1706674835149818777,24000,24000,8882,15118,0,0,0,16,0.000666667,14.8217,255,138.746,38.6678,41.5,85.5,136.5,202.5,255.5,0,544,5,151,44.5,76.5,103.5,-38.3967,38.3865,-34.625,34.375,3.21225,6438,133,100,2446
1706674835249650640,24000,24000,8972,15028,0,0,0,16,0.000666667,12.8583,255,138.907,38.1912,40.5,84.5,136.5,200.5,255.5,0,495,4,151,44.5,77.5,103.5,-38.4218,38.3709,-34.625,34.625,3.54938,6438,133,100,2393
1706674835349895612,23998,23998,9124,14874,0,0,0,14,0.000583382,15.5676,255,139.282,37.9901,47.5,87.5,136.5,204.5,255.5,0,620,5,151,44.5,77.5,105.5,-38.3239,38.4571,-34.125,34.625,3.19444,6438,124,100,2465
1706674835449740335,24000,24000,9066,14934,0,0,0,17,0.000708333,13.0245,255,139.268,38.7784,46.5,85.5,136.5,205.5,255.5,0,618,4,151,45.5,79.5,110.5,-38.4674,38.2833,-34.125,34.125,3.27161,6439,127,100,2454
1706674835549586120,24000,24000,9050,14950,0,0,0,0,0,14.6173,255,139.33,37.9879,43.5,85.5,136.5,202.5,255.5,0,475,5,151,44.5,77.5,108.5,-37.8592,38.4917,-33.875,34.125,3.38675,6439,129,100,2411
1706674835649827317,24000,24000,9066,14934,0,0,0,26,0.00108333,12.8536,255,138.891,38.0514,42.5,85.5,135.5,201.5,255.5,0,515,4,151,44.5,77.5,108.5,-38.5017,37.9339,-34.875,33.875,3.41406,6439,120,100,2406
1706674835749652795,24000,24000,9092,14908,0,0,0,6,0.00025,12.9863,255,139.04,37.5422,46.5,86.5,136.5,202.5,255.5,0,508,4,151,44.5,77.5,103.5,-38.259,38.1622,-34.375,33.875,3.31672,6439,122,100,2334
1706674835849893596,24000,24000,9062,14938,0,0,0,8,0.000333333,11.4537,255,138.61,38.2816,40.5,85.5,136.5,202.5,255.5,0,579,4,151,45.5,77.5,103.5,-38.1106,38.5112,-34.125,34.125,3.29654,6439,115,100,2271
1706674835949739012,24000,24000,9091,14909,0,0,0,17,0.000708333,12.4886,255,139.581,39.1148,44.5,86.5,137.5,208.5,255.5,0,688,4,151,45.5,77.5,101.5,-38.5196,38.0836,-34.125,34.375,3.26449,6439,106,100,2263
1706674836049576700,23999,23999,9095,14904,0,0,0,9,0.000375016,13.2305,255,138.851,38.5641,43.5,84.5,137.5,202.5,255.5,0,494,4,151,45.5,75.5,99.5,-38.1358,38.5009,-34.375,34.625,3.22294,6440,106,100,2232
1706674836150226686,24000,24000,8900,15100,0,0,0,17,0.000708333,13.3031,255,138.251,38.402,36.5,82.5,136.5,199.5,255.5,0,491,4,151,44.5,75.5,97.5,-38.4897,38.186,-34.625,34.375,3.11491,6440,108,100,2210
1706674836250062842,24000,24000,8866,15134,0,0,0,12,0.0005,14.9733,255,138.925,37.4605,44.5,85.5,137.5,200.5,255.5,0,392,4,150,45.5,74.5,93.5,-38.2534,38.4901,-34.625,34.625,3.2075,6440,107,100,2220
1706674836349901390,24000,24000,8937,15063,0,0,0,17,0.000708333,11.8624,255,138.559,36.953,44.5,86.5,136.5,198.5,255.5,0,500,4,151,45.5,73.5,91.5,-38.4587,38.3141,-34.625,34.625,3.1161,6440,108,100,2242
1706674836449743357,24000,24000,8950,15050,0,0,0,15,0.000625,12.511,255,138.484,38.1862,41.5,85.5,136.5,202.5,255.5,0,622,4,151,45.5,74.5,96.5,-38.3598,38.4288,-34.375,34.625,3.24787,6440,112,100,2239
1706674836549591453,23998,23998,9039,14959,0,0,0,16,0.000666722,12.1523,255,139.579,38.6984,47.5,86.5,136.5,207.5,255.5,0,596,4,151,45.5,75.5,98.5,-38.3997,38.3897,-34.125,34.375,3.05556,6440,114,100,2324
1706674836649824952,24000,24000,9100,14900,0,0,0,16,0.000666667,9.3457,255,138.568,38.0058,41.5,85.5,136.5,203.5,255.5,0,535,3,151,45.5,74.5,94.5,-38.4201,38.3737,-34.125,34.125,3.1802,6440,117,100,2340
1706674836749651335,24000,24000,9064,14936,0,0,0,0,0,12.0477,255,139.14,37.4163,46.5,86.5,136.5,201.5,255.5,0,548,4,151,44.5,73.5,90.5,-37.6734,38.4459,-33.625,34.125,3.1066,6441,119,100,2347
1706674836849894769,23999,23999,9086,14913,0,0,0,14,0.000583358,12.093,255,138.036,37.2661,44.5,85.5,135.5,198.5,255.5,0,558,4,150,44.5,73.5,90.5,-38.3384,37.7792,-34.125,33.875,3.17901,6442,120,100,2294
1706674836949735564,24000,24000,9039,14961,0,0,0,17,0.000708333,9.50452,255,138.305,37.2397,41.5,86.5,136.5,200.5,255.5,0,491,3,150,44.5,72.5,89.5,-38.4692,38.2723,-34.875,33.875,3.13034,6443,122,100,2306
1706674837049573581,24000,24000,9027,14973,0,0,0,11,0.000458333,12.4107,255,139.026,37.2541,53.5,84.5,137.5,202.5,255.5,0,438,4,150,44.5,73.5,92.5,-38.2093,38.4963,-34.125,34.125,3.08761,6443,117,100,2326
1706674837150204269,24000,24000,8980,15020,0,0,0,17,0.000708333,12.8495,255,138.807,38.2672,49.5,86.5,135.5,206.5,255.5,0,498,4,150,45.5,73.5,92.5,-38.5033,38.171,-34.125,34.375,3.16714,6443,119,100,2281
1706674837250041562,23999,23999,9081,14918,0,0,0,11,0.000458352,12.2934,255,138.678,36.7014,45.5,85.5,136.5,198.5,255.5,0,480,4,150,45.5,73.5,90.5,-38.105,38.5136,-34.375,34.625,3.14222,6443,117,100,2315
1706674837349891482,24000,24000,9030,14970,0,0,0,17,0.000708333,11.7796,255,138.605,37.3038,48.5,85.5,136.5,201.5,255.5,0,483,4,150,44.5,73.5,90.5,-38.5082,38.0893,-34.625,34.375,3.35589,6443,116,100,2364
1706674837449734183,24000,24000,8887,15113,0,0,0,10,0.000416667,12.1679,255,138.929,38.3038,36.5,86.5,136.5,203.5,255.5,0,504,4,150,44.5,72.5,89.5,-38.1486,38.5012,-34.375,34.625,3.66216,6443,115,100,2305
1706674837549573175,23999,23999,8862,15137,0,0,0,17,0.000708363,11.9254,255,139.245,38.5751,41.5,85.5,136.5,204.5,255.5,0,585,4,150,44.5,72.5,90.5,-38.4952,38.2272,-34.625,34.375,3.34521,6443,115,100,2305
1706674837650208006,24000,24000,8944,15056,0,0,0,13,0.000541667,12.1254,255,138.447,37.5684,40.5,85.5,135.5,199.5,255.5,0,410,4,150,44.5,72.5,90.5,-38.2754,38.4726,-34.375,34.625,3.21225,6443,118,100,2292
1706674837750031514,23999,23999,9100,14899,0,0,0,16,0.000666694,9.4131,255,139.26,38.2429,47.5,84.5,136.5,203.5,255.5,0,553,3,150,44.5,74.5,91.5,-38.4545,38.3324,-34.125,34.625,3.52327,6443,114,100,2280
1706674837849877990,24000,24000,9155,14845,0,0,0,15,0.000625,11.9556,255,139.299,38.0707,47.5,85.5,136.5,203.5,255.5,0,638,4,150,44.5,74.5,91.5,-38.3653,38.4225,-34.125,34.125,3.33333,6443,116,100,2278
1706674837949706441,24000,24000,9097,14903,0,0,0,0,0,12.2749,255,138.889,37.9138,48.5,85.5,135.5,202.5,255.5,0,477,4,150,43.5,73.5,92.5,-37.6079,38.4089,-33.625,34.125,3.75831,6444,115,100,2307
1706674838049540775,23999,23999,9028,14971,0,0,0,16,0.000666694,9.17696,255,138.779,39.0832,43.5,85.5,136.5,203.5,255.5,0,620,3,150,43.5,73.5,90.5,-38.3923,37.6473,-34.125,33.625,3.3001,6444,116,100,2267
1706674838150180849,23999,23999,9080,14919,0,0,0,16,0.000666694,11.8578,255,138.983,38.1351,44.5,84.5,137.5,202.5,255.5,0,495,4,150,42.5,72.5,88.5,-38.4447,38.3461,-34.375,34.125,3.75357,6444,115,100,2266
1706674838250016953,24000,24000,9060,14940,0,0,0,13,0.000541667,11.9621,255,138.982,38.7125,53.5,84.5,136.5,206.5,255.5,0,673,4,151,42.5,72.5,90.5,-38.2968,38.4714,-34.875,34.125,3.06981,6444,120,100,2272
1706674838349844670,24000,24000,9005,14995,0,0,0,17,0.000708333,11.5475,255,138.834,39.2455,42.5,82.5,136.5,207.5,255.5,0,515,4,150,42.5,72.5,96.5,-38.4919,38.2445,-34.125,34.375,2.98315,6445,117,100,2320
1706674838449668733,24000,24000,8948,15052,0,0,0,10,0.000416667,11.5794,255,139.733,39.8551,47.5,83.5,136.5,208.5,255.5,0,669,4,150,41.5,72.5,98.5,-38.1861,38.503,-34.375,34.625,2.97365,6445,118,100,2324
1706674838549508945,24000,24000,9032,14968,0,0,0,17,0.000708333,11.8341,255,138.063,39.3599,45.5,81.5,134.5,205.5,255.5,0,574,4,150,39.5,68.5,85.5,-38.5179,38.1128,-34.625,34.375,2.90599,6445,118,100,2430
1706674838650138838,24000,24000,8967,15033,0,0,0,13,0.000541667,11.0903,255,137.894,37.4913,49.5,83.5,135.5,199.5,255.5,0,340,4,150,38.5,65.5,82.5,-38.0628,38.5117,-34.625,34.625,3.08168,6445,125,100,2351
1706674838749970811,23998,23998,8892,15106,0,0,0,17,0.000708392,11.2795,255,137.359,38.2449,41.5,84.5,134.5,203.5,255.5,0,543,4,150,39.5,65.5,81.5,-38.5106,38.1307,-34.625,34.375,3.17071,6446,115,100,2333
1706674838849811192,24000,24000,8932,15068,0,0,0,11,0.000458333,11.084,255,137.666,38.8775,41.5,82.5,134.5,204.5,255.5,0,485,4,150,38.5,63.5,80.5,-38.1954,38.501,-34.375,34.625,3.04132,6446,121,100,2295
1706674838949655943,23999,23999,8973,15026,0,0,0,17,0.000708363,11.906,255,137.816,39.6781,48.5,81.5,134.5,206.5,255.5,0,702,4,150,37.5,64.5,80.5,-38.4728,38.2531,-34.125,34.375,3.20988,6446,114,100,2383
1706674839049893738,23999,23999,9135,14864,0,0,0,14,0.000583358,11.477,255,138.354,39.4496,49.5,82.5,135.5,209.5,255.5,0,600,4,150,37.5,65.5,79.5,-38.3122,38.4691,-34.125,34.125,3.11611,6447,126,100,2364
1706674839149739640,23997,23997,9172,14825,0,0,0,0,0,12.5943,255,137.933,39.1999,50.5,83.5,134.5,207.5,255.5,0,497,4,150,36.5,65.5,80.5,-37.7304,38.3518,-33.875,34.125,3.13747,6447,130,100,2410
1706674839249573421,24000,24000,9073,14927,0,0,0,16,0.000666667,11.4158,255,137.924,38.8346,49.5,85.5,134.5,206.5,255.5,0,536,4,150,35.5,63.5,77.5,-38.4378,37.6371,-34.125,33.625,3.1529,6447,128,100,2391
1706674839350226011,23998,23998,9027,14971,0,0,0,15,0.000625052,12.2644,255,138.047,39.7079,44.5,83.5,134.5,209.5,255.5,0,518,4,151,35.5,62.5,76.5,-38.3905,38.403,-34.125,34.125,3.08761,6447,127,100,2384
1706674839450062525,24000,24000,9010,14990,0,0,0,15,0.000625,12.9035,255,137.626,39.1502,50.5,82.5,134.5,206.5,255.5,0,542,4,150,35.5,63.5,78.5,-38.3622,38.431,-34.625,34.125,3.08524,6447,123,100,2391
1706674839549902294,23999,23999,9031,14968,0,0,0,17,0.000708363,13.2472,255,137.682,39.0411,53.5,84.5,134.5,207.5,255.5,0,573,4,151,35.5,62.5,77.5,-38.4486,38.3184,-34.625,34.625,3.01876,6447,112,100,2384
1706674839649748761,23999,23999,9000,14999,0,0,0,13,0.000541689,13.3099,255,137.842,39.0987,44.5,83.5,134.5,206.5,255.5,0,662,4,151,35.5,62.5,77.5,-38.2694,38.4709,-34.625,34.625,3.02945,6447,115,100,2328
1706674839749581318,24000,24000,8915,15085,0,0,0,17,0.000708333,13.7862,255,138.302,39.9721,47.5,82.5,134.5,211.5,255.5,0,675,4,151,35.5,62.5,77.5,-38.4928,38.2284,-34.625,34.375,3.04963,6447,114,100,2320
1706674839850222780,24000,24000,8954,15046,0,0,0,10,0.000416667,13.9824,255,137.811,39.2436,47.5,82.5,133.5,206.5,255.5,0,528,4,151,35.5,61.5,76.5,-38.1726,38.4959,-34.375,34.625,2.95347,6447,108,100,2282
1706674839950065100,24000,24000,8955,15045,0,0,0,18,0.00075,14.177,255,137.415,38.6699,38.5,81.5,135.5,201.5,255.5,0,474,4,151,35.5,61.5,76.5,-38.5111,38.0984,-34.625,34.375,3.06387,6447,108,100,2217
1706674840049910998,24000,24000,8989,15011,0,0,0,12,0.0005,13.9277,255,137.759,38.5187,41.5,83.5,134.5,202.5,255.5,0,524,4,152,36.5,60.5,75.5,-38.0882,38.5103,-34.375,34.625,3.01995,6447,103,100,2226
1706674840149758778,23999,23999,8999,15000,0,0,0,17,0.000708363,14.631,255,137.69,38.2779,51.5,83.5,134.5,200.5,255.5,0,563,4,151,36.5,59.5,75.5,-38.4976,38.1557,-34.125,34.375,3.06625,6447,111,100,2202
1706674840249600838,24000,24000,9064,14936,0,0,0,11,0.000458333,12.4086,255,137.915,38.7339,43.5,82.5,134.5,203.5,255.5,0,516,4,150,36.5,59.5,75.5,-38.2177,38.4977,-33.875,34.125,3.10542,6447,109,100,2201
1706674840349841482,23998,23998,9140,14858,0,0,0,0,0,12.7702,255,139.277,40.6264,44.5,83.5,135.5,211.5,255.5,0,603,4,150,36.5,63.5,84.5,-37.883,38.2828,-33.875,34.125,3.17546,6447,112,100,2235
1706674840449669220,23999,23999,9161,14838,0,0,0,17,0.000708363,14.6869,255,139.92,41.6587,46.5,82.5,135.5,218.5,255.5,0,916,4,150,36.5,64.5,87.5,-38.4672,37.7651,-34.125,33.875,3.14578,6447,107,100,2198
1706674840549493467,24000,24000,9025,14975,0,0,0,14,0.000583333,14.0772,255,140.02,40.7016,41.5,83.5,136.5,217.5,255.5,0,728,4,150,36.5,62.5,83.5,-38.3387,38.4487,-34.125,34.125,3.00214,6448,106,100,2219
1706674840650121154,24000,24000,8976,15024,0,0,0,16,0.000666667,13.2364,255,139.786,40.1796,44.5,84.5,135.5,213.5,255.5,0,652,4,150,36.5,62.5,82.5,-38.4174,38.3763,-34.625,34.125,3.1173,6448,103,100,2172
1706674840749958633,23999,23999,8947,15052,0,0,0,15,0.000625026,13.7742,255,140.211,39.7473,38.5,84.5,137.5,210.5,255.5,0,502,4,150,37.5,62.5,84.5,-38.3992,38.3867,-34.625,34.625,3.26093,6448,103,100,2165
1706674840849793558,24000,24000,8956,15044,0,0,0,14,0.000583333,13.405,255,139.572,40.2372,36.5,82.5,136.5,211.5,255.5,0,646,4,150,37.5,62.5,83.5,-38.3524,38.4367,-34.375,34.625,3.1541,6448,100,100,2079
1706674840949629958,24000,24000,9007,14993,0,0,0,17,0.000708333,11.4468,255,138.794,38.7296,32.5,83.5,136.5,202.5,255.5,0,462,3,151,38.5,62.5,82.5,-38.4645,38.3124,-34.625,34.375,3.21939,6448,98,98,2074
1706674841049854391,23999,23999,8958,15041,0,0,0,13,0.000541689,11.2158,255,139.002,39.3935,29.5,81.5,137.5,203.5,255.5,0,605,3,150,38.5,63.5,83.5,-38.2485,38.4895,-34.375,34.625,3.15172,6448,97,97,2060
1706674841149679776,24000,24000,8977,15023,0,0,0,18,0.00075,13.0562,255,139.01,38.8857,34.5,82.5,137.5,201.5,255.5,0,540,4,150,38.5,62.5,84.5,-38.4967,38.1907,-34.625,34.375,3.27281,6448,96,96,2020
1706674841249506862,24000,24000,9015,14985,0,0,0,8,0.000333333,12.8968,255,138.781,39.1536,28.5,83.5,136.5,204.5,255.5,0,510,4,150,38.5,63.5,83.5,-38.1217,38.5162,-34.375,34.625,3.17428,6448,92,92,1964
1706674841350149917,23999,23999,9036,14963,0,0,0,18,0.000750031,12.6966,255,138.816,39.5444,31.5,83.5,136.5,206.5,255.5,0,614,4,150,39.5,64.5,87.5,-38.5103,38.0723,-34.125,34.375,3.11017,6448,89,89,1963
1706674841449992344,24000,24000,9090,14910,0,0,0,9,0.000375,12.3467,255,139.141,38.9504,34.5,84.5,137.5,203.5,255.5,0,585,4,150,39.5,63.5,87.5,-38.1447,38.5056,-34.125,34.125,3.66336,6448,95,95,1952
1706674841549835139,23999,23999,9136,14863,0,0,0,0,0,12.7809,255,139.213,39.7799,30.5,81.5,136.5,207.5,255.5,0,548,4,150,40.5,64.5,85.5,-37.9834,38.2021,-33.875,33.875,3.79987,6449,93,93,1953
1706674841649680731,24000,24000,9106,14894,0,0,0,17,0.000708333,9.45632,255,140.117,39.2592,31.5,86.5,137.5,206.5,255.5,0,673,3,150,40.5,65.5,88.5,-38.4934,37.9132,-34.125,33.875,3.44019,6449,95,95,1928
1706674841749517100,24000,24000,9095,14905,0,0,0,12,0.0005,12.6912,255,139.474,38.3556,40.5,86.5,136.5,206.5,255.5,0,597,4,150,41.5,65.5,89.5,-38.2438,38.4886,-34.125,34.125,3.27755,6449,91,91,1908
1706674841850148639,24000,24000,9011,14989,0,0,0,16,0.000666667,12.2957,255,139.316,38.4685,34.5,85.5,137.5,205.5,255.5,0,519,4,150,41.5,66.5,92.5,-38.466,38.3029,-34.625,34.125,2.98434,6449,92,92,1867
1706674841949977500,23999,23999,8941,15058,0,0,0,15,0.000625026,10.6565,255,139.124,39.3171,33.5,83.5,137.5,202.5,255.5,0,558,3,151,41.5,67.5,92.5,-38.3545,38.4344,-34.375,34.625,2.97603,6449,93,93,1916
1706674842049824160,24000,24000,8872,15128,0,0,0,16,0.000666667,12.6431,255,138.853,38.7,35.5,82.5,137.5,204.5,255.5,0,557,4,150,41.5,67.5,90.5,-38.4129,38.3934,-34.625,34.375,2.97247,6449,92,92,1961
1706674842149661739,24000,24000,8966,15034,0,0,0,16,0.000666667,12.6483,255,138.821,39.3307,25.5,81.5,137.5,200.5,255.5,0,692,4,151,42.5,69.5,94.5,-38.4202,38.3712,-34.625,34.375,2.82527,6449,97,97,2076
1706674842249896453,23999,23999,8994,15005,0,0,0,13,0.000541689,12.2616,255,139.296,40.1595,35.5,79.5,138.5,209.5,255.5,0,714,4,150,42.5,69.5,94.5,-38.3138,38.4643,-34.375,34.625,3.19446,6450,99,99,2108
1706674842349739230,23999,23999,8988,15011,0,0,0,17,0.000708363,11.7388,255,137.905,39.7422,25.5,80.5,136.5,202.5,255.5,0,548,4,150,42.5,67.5,85.5,-38.4822,38.2639,-34.625,34.125,3.07931,6450,106,100,2196
1706674842449592559,24000,24000,9016,14984,0,0,0,12,0.0005,11.8128,255,138.387,39.6749,29.5,85.5,135.5,202.5,255.5,0,700,4,150,42.5,66.5,87.5,-38.2133,38.4968,-34.125,34.625,2.98553,6452,107,100,2225
1706674842549827365,24000,24000,9023,14977,0,0,0,18,0.00075,12.7533,255,138.452,39.2222,33.5,85.5,136.5,204.5,255.5,0,603,4,150,42.5,66.5,86.5,-38.5039,38.157,-34.125,34.375,3.06032,6452,115,100,2278
1706674842649667515,24000,24000,9090,14910,0,0,0,4,0.000166667,11.4948,255,138.207,38.5567,38.5,84.5,136.5,200.5,255.5,0,489,4,150,42.5,65.5,82.5,-38.0393,38.5136,-34.125,34.125,3.07931,6453,116,100,2331
1706674842749510790,24000,24000,9064,14936,0,0,0,7,0.000291667,11.6649,255,138.161,38.4913,35.5,85.5,135.5,203.5,255.5,0,519,4,151,42.5,65.5,80.5,-38.0935,38.0989,-34.125,34.125,3.21226,6453,123,100,2377
1706674842850165108,24000,24000,9162,14838,0,0,0,17,0.000708333,13.4412,255,139.018,38.6045,32.5,85.5,136.5,203.5,255.5,0,502,4,151,42.5,66.5,82.5,-38.5111,38.0282,-34.125,33.875,2.93686,6453,123,100,2431
1706674842949994656,23998,23998,9088,14910,0,0,0,10,0.000416701,10.9119,255,138.96,39.9794,31.5,83.5,136.5,211.5,255.5,0,665,4,151,42.5,67.5,83.5,-38.1645,38.5094,-34.375,34.125,2.86089,6453,127,100,2423
1706674843049830026,23999,23999,8968,15031,0,0,0,17,0.000708363,10.2474,255,138.466,39.4971,25.5,83.5,136.5,206.5,255.5,0,522,3,150,42.5,67.5,83.5,-38.4907,38.2319,-34.625,34.125,2.87513,6453,121,100,2385
1706674843149664301,23998,23998,8919,15079,0,0,0,13,0.000541712,13.1711,255,138.861,39.5349,32.5,84.5,136.5,202.5,255.5,0,569,4,151,42.5,67.5,82.5,-38.2884,38.4714,-34.625,34.625,3.09474,6453,123,100,2369
1706674843249514864,24000,24000,8920,15080,0,0,0,17,0.000708333,10.4722,255,138.726,39.5625,30.5,84.5,136.5,204.5,255.5,0,633,4,151,42.5,67.5,85.5,-38.4491,38.3309,-34.625,34.625,3.23482,6453,121,100,2344
1706674843350161229,24000,24000,8976,15024,0,0,0,15,0.000625,10.674,255,137.75,39.0449,22.5,82.5,135.5,200.5,255.5,0,530,4,151,42.5,68.5,85.5,-38.3706,38.4256,-34.625,34.625,3.36066,6454,121,100,2331
1706674843449998858,23999,23999,9002,14997,0,0,0,15,0.000625026,10.3579,255,138.347,39.0473,22.5,84.5,136.5,201.5,255.5,0,501,4,151,43.5,68.5,84.5,-38.3823,38.4074,-34.375,34.625,3.32386,6455,122,100,2346
1706674843549826595,24000,24000,8985,15015,0,0,0,17,0.000708333,11.9685,255,138.902,39.5781,21.5,82.5,136.5,204.5,255.5,0,664,4,151,43.5,69.5,87.5,-38.441,38.3425,-34.625,34.125,3.21227,6455,122,100,2277
1706674843649669284,23997,23997,9060,14937,0,0,0,14,0.000583406,11.747,255,139.047,39.4359,22.5,83.5,136.5,205.5,255.5,0,590,4,150,43.5,69.5,84.5,-38.3061,38.4654,-34.125,34.125,3.62419,6455,119,100,2290
1706674843749520854,23999,23999,9080,14919,0,0,0,17,0.000708363,12.12,255,138.393,39.9994,18.5,81.5,137.5,202.5,255.5,0,639,4,151,43.5,70.5,88.5,-38.484,38.252,-34.125,34.875,2.97485,6455,121,100,2314
1706674843850157730,24000,24000,9060,14940,0,0,0,0,0,11.8301,255,139.62,40.1029,25.5,84.5,136.5,209.5,255.5,0,696,4,151,44.5,73.5,94.5,-37.9144,38.4958,-33.875,34.125,3.08881,6455,123,100,2338
1706674843949995023,24000,24000,9046,14954,0,0,0,10,0.000416667,11.8592,255,140.102,39.6057,31.5,86.5,137.5,210.5,255.5,0,621,4,150,43.5,74.5,96.5,-38.2017,37.9736,-33.875,33.875,3.10899,6455,122,100,2340
1706674844049825562,24000,24000,9102,14898,0,0,0,17,0.000708333,11.6999,255,139.54,39.4244,35.5,86.5,136.5,206.5,255.5,0,739,4,150,44.5,74.5,98.5,-38.51,38.1482,-34.125,34.125,3.12324,6455,123,100,2341
1706674844149665215,23999,23999,9164,14835,0,0,0,11,0.000458352,11.6935,255,139.808,39.1496,35.5,85.5,137.5,210.5,255.5,0,604,4,151,44.5,74.5,97.5,-38.069,38.5145,-34.375,34.125,3.29774,6455,119,100,2355
1706674844249496955,24000,24000,9007,14993,0,0,0,18,0.00075,10.9648,255,139.512,38.3018,30.5,85.5,137.5,203.5,255.5,0,509,4,150,44.5,74.5,93.5,-38.5141,38.129,-34.625,34.375,3.38677,6456,125,100,2292
1706674844350134001,24000,24000,8880,15120,0,0,0,10,0.000416667,11.2894,255,139.083,39.5074,26.5,84.5,136.5,206.5,255.5,0,495,4,150,44.5,72.5,91.5,-38.1799,38.5001,-34.375,34.625,3.18734,6456,118,100,2343
1706674844449964692,24000,24000,8855,15145,0,0,0,17,0.000708333,9.38977,255,138.295,38.0321,28.5,85.5,136.5,199.5,255.5,0,501,3,150,44.5,72.5,88.5,-38.492,38.2572,-34.625,34.375,3.10781,6456,119,100,2351
1706674844549816861,24000,24000,8945,15055,0,0,0,13,0.000541667,10.8464,255,139.161,38.6107,29.5,84.5,137.5,200.5,255.5,0,527,4,150,44.5,71.5,88.5,-38.2963,38.4645,-34.375,34.625,3.04845,6456,119,100,2423
1706674844649648264,23998,23998,9021,14977,0,0,0,16,0.000666722,11.4421,255,138.753,39.0915,23.5,84.5,136.5,202.5,255.5,0,599,4,150,44.5,71.5,88.5,-38.4431,38.343,-34.625,34.375,3.0164,6456,121,100,2406
1706674844749894537,24000,24000,9033,14967,0,0,0,15,0.000625,11.2514,255,138.983,37.6625,24.5,87.5,137.5,197.5,255.5,0,571,4,150,44.5,71.5,88.5,-38.3899,38.4057,-34.625,34.125,3.1173,6456,126,100,2368
1706674844849743600,23998,23998,9006,14992,0,0,0,15,0.000625052,10.7397,255,139.02,38.5592,24.5,85.5,136.5,200.5,255.5,0,617,4,150,44.5,72.5,90.5,-38.3791,38.4131,-34.125,34.125,3.08169,6456,123,100,2400
1706674844949586452,24000,24000,9092,14908,0,0,0,17,0.000708333,10.5816,255,138.864,39.0327,25.5,83.5,137.5,204.5,255.5,0,625,4,150,44.5,73.5,92.5,-38.4548,37.6799,-34.125,33.625,3.08406,6456,132,100,2388
1706674845049820385,23998,23998,9132,14866,0,0,0,0,0,10.6556,255,139.887,39.8276,27.5,83.5,137.5,207.5,255.5,0,663,4,150,44.5,75.5,96.5,-37.766,38.4651,-33.875,35.125,3.08881,6456,133,100,2425
1706674845149657065,24000,24000,9069,14931,0,0,0,13,0.000541667,10.4471,255,139.111,38.9517,32.5,84.5,136.5,205.5,255.5,0,696,4,150,44.5,76.5,96.5,-38.2854,37.8418,-34.125,33.875,2.98197,6456,135,100,2436
1706674845249898743,24000,24000,9001,14999,0,0,0,17,0.000708333,12.7124,255,139.566,38.7586,29.5,84.5,138.5,199.5,255.5,0,603,5,150,44.5,76.5,95.5,-38.4995,38.2353,-34.125,33.875,2.92618,6456,138,100,2450
1706674845349723973,23999,23999,9118,14881,0,0,0,10,0.000416684,10.0756,255,139.381,38.948,26.5,85.5,137.5,206.5,255.5,0,597,4,151,44.5,76.5,96.5,-38.1717,38.5,-34.375,34.125,3.1363,6456,127,100,2537
1706674845449578075,24000,24000,9049,14951,0,0,0,18,0.00075,11.6275,255,138.988,38.5724,30.5,83.5,137.5,202.5,255.5,0,556,4,150,44.5,77.5,95.5,-38.5137,38.0998,-34.625,34.375,3.15766,6456,125,100,2540
1706674845550205693,23999,23999,8964,15035,0,0,0,12,0.000500021,11.4155,255,138.788,37.9123,27.5,83.5,137.5,198.5,255.5,0,469,4,150,45.5,77.5,93.5,-38.0989,38.5147,-34.375,34.625,3.05201,6456,125,100,2520
1706674845650052971,23999,23999,8839,15160,0,0,0,17,0.000708363,11.5176,255,138.689,37.6788,36.5,85.5,136.5,201.5,255.5,0,484,4,150,45.5,77.5,93.5,-38.5024,38.1678,-34.625,34.375,3.10662,6456,124,100,2454
1706674845749903087,23999,23999,8866,15133,0,0,0,11,0.000458352,9.41286,255,139.206,38.1248,37.5,84.5,136.5,202.5,255.5,0,501,4,150,45.5,76.5,94.5,-38.2317,38.4925,-34.375,34.625,3.04251,6456,124,100,2427
1706674845849746491,23998,23998,8978,15020,0,0,0,16,0.000666722,11.2994,255,139.131,38.825,33.5,83.5,137.5,204.5,255.5,0,564,4,150,44.5,76.5,95.5,-38.4763,38.2832,-34.625,34.625,2.98198,6456,123,100,2467
1706674845949598725,24000,24000,9138,14862,0,0,0,15,0.000625,11.7105,255,138.437,36.5165,42.5,86.5,136.5,197.5,255.5,0,391,4,150,44.5,75.5,92.5,-38.3267,38.4545,-34.625,34.125,3.15292,6456,129,100,2494
1706674846049828209,23999,23999,9061,14938,0,0,0,16,0.000666694,10.4401,255,138.852,37.7142,38.5,84.5,136.5,201.5,255.5,0,352,4,150,44.5,75.5,91.5,-38.4262,38.3727,-34.125,34.125,3.07101,6456,125,100,2464
1706674846149666733,24000,24000,9039,14961,0,0,0,15,0.000625,11.1307,255,138.669,37.2277,44.5,87.5,136.5,200.5,255.5,0,420,5,150,44.5,74.5,91.5,-38.4009,37.5735,-34.125,33.625,3.06745,6456,126,100,2455
1706674846249523410,23998,23998,9072,14926,0,0,0,0,0,10.4321,255,138.904,37.4156,53.5,84.5,136.5,200.5,255.5,0,567,4,150,43.5,74.5,89.5,-37.6117,38.394,-33.625,34.125,2.97842,6457,124,100,2446
1706674846350162509,24000,24000,9092,14908,0,0,0,15,0.000625,11.5105,255,139.253,37.4795,50.5,85.5,137.5,201.5,255.5,0,378,5,151,42.5,74.5,90.5,-38.3661,37.9697,-34.125,34.375,2.96773,6457,126,100,2500
1706674846450013548,23999,23999,9069,14930,0,0,0,17,0.000708363,10.7166,255,138.452,37.6628,47.5,85.5,136.5,201.5,255.5,0,450,4,151,42.5,74.5,90.5,-38.4601,38.3092,-34.125,34.125,3.08526,6457,127,100,2471
1706674846549858178,24000,24000,9002,14998,0,0,0,13,0.000541667,10.3154,255,139.119,39.8781,35.5,83.5,136.5,211.5,255.5,0,530,4,151,42.5,75.5,91.5,-38.2731,38.4799,-34.375,34.125,3.08882,6458,127,100,2411
1706674846649704597,24000,24000,9070,14930,0,0,0,17,0.000708333,11.8765,255,138.818,38.8409,37.5,84.5,136.5,205.5,255.5,0,555,4,151,41.5,74.5,90.5,-38.4992,38.1949,-34.625,34.375,3.19803,6458,134,100,2355
1706674846749540740,23999,23999,8987,15012,0,0,0,10,0.000416684,11.2463,255,139.028,39.4523,35.5,84.5,136.5,207.5,255.5,0,642,4,151,41.5,74.5,92.5,-38.1166,38.5062,-34.375,34.625,3.12206,6458,121,100,2407
1706674846850180715,24000,24000,8924,15076,0,0,0,18,0.00075,11.2824,255,138.641,40.2622,24.5,84.5,135.5,209.5,255.5,0,660,4,151,40.5,74.5,92.5,-38.5142,38.0751,-34.625,34.375,3.11018,6458,122,100,2375
1706674846950013985,24000,24000,8903,15097,0,0,0,8,0.000333333,11.4068,255,139.3,41.7424,25.5,80.5,136.5,214.5,255.5,0,725,4,150,39.5,74.5,92.5,-38.1213,38.5037,-34.375,34.625,3.12799,6459,124,100,2384
1706674847049870240,24000,24000,8933,15067,0,0,0,18,0.00075,8.96455,255,138.724,40.1113,30.5,82.5,135.5,208.5,255.5,0,676,4,151,38.5,72.5,91.5,-38.4992,38.2083,-34.625,34.375,3.05558,6459,125,100,2419
1706674847149709837,24000,24000,9027,14973,0,0,0,12,0.0005,9.18968,255,138.727,39.8512,24.5,83.5,135.5,207.5,255.5,0,598,4,151,38.5,69.5,88.5,-38.2641,38.4774,-34.375,34.125,3.1363,6459,131,100,2429
1706674847249540579,24000,24000,9167,14833,0,0,0,16,0.000666667,9.42761,255,138.569,39.7746,29.5,81.5,136.5,205.5,255.5,0,630,4,151,37.5,67.5,84.5,-38.4543,38.3158,-34.125,34.125,3.16717,6459,130,100,2511
1706674847350178166,23999,23999,9047,14952,0,0,0,14,0.000583358,10.6001,255,138.616,40.243,32.5,82.5,134.5,208.5,255.5,0,617,4,151,37.5,65.5,83.5,-38.3549,37.7039,-34.125,33.875,3.20634,6459,129,100,2426
1706674847450020761,23998,23998,9063,14935,0,0,0,0,0,10.4195,255,137.922,40.382,29.5,80.5,135.5,206.5,255.5,0,681,4,150,36.5,63.5,82.5,-37.6177,38.4363,-33.625,34.125,3.16004,6460,132,100,2463
1706674847549849548,23999,23999,9044,14955,0,0,0,15,0.000625026,10.6332,255,138.123,39.3185,32.5,83.5,136.5,200.5,255.5,0,615,4,150,35.5,62.5,79.5,-38.4132,38.3898,-34.125,34.625,3.08644,6460,139,100,2486
1706674847649684834,23999,23999,9056,14943,0,0,0,16,0.000666694,10.9602,255,137.88,40.0859,37.5,83.5,134.5,206.5,255.5,0,767,4,150,35.5,62.5,79.5,-38.4198,38.369,-34.125,34.625,3.17666,6460,137,100,2505
1706674847749522653,24000,24000,9061,14939,0,0,0,14,0.000583333,11.4112,255,138.142,40.547,34.5,82.5,135.5,209.5,255.5,0,701,4,150,35.5,62.5,80.5,-38.3351,38.4611,-34.375,34.125,3.04489,6460,139,100,2502
1706674847850156951,24000,24000,9024,14976,0,0,0,17,0.000708333,10.2567,255,138.006,40.5326,27.5,81.5,134.5,208.5,255.5,0,585,4,150,35.5,62.5,79.5,-38.4748,38.2632,-34.625,34.375,2.93687,6460,136,100,2497
1706674847949996968,24000,24000,8968,15032,0,0,0,11,0.000458333,10.1565,255,138.678,39.9917,29.5,82.5,135.5,211.5,255.5,0,495,4,150,35.5,62.5,77.5,-38.2087,38.5033,-34.375,34.625,3.12562,6460,136,100,2503
1706674848049837566,24000,24000,8863,15137,0,0,0,17,0.000708333,10.566,255,137.518,40.1891,26.5,82.5,134.5,205.5,255.5,0,670,4,150,34.5,61.5,78.5,-38.51,38.1725,-34.625,34.375,3.23483,6460,136,100,2546
1706674848149668712,24000,24000,8965,15035,0,0,0,11,0.000458333,10.2403,255,137.405,41.0916,25.5,79.5,134.5,209.5,255.5,0,624,3,150,35.5,60.5,76.5,-38.1018,38.5112,-34.375,34.625,3.2004,6460,139,100,2486
1706674848249520994,23999,23999,8954,15045,0,0,0,18,0.000750031,12.9373,255,137.507,39.5386,24.5,82.5,134.5,205.5,255.5,0,595,4,150,35.5,60.5,77.5,-38.5166,38.0966,-34.625,34.375,3.16242,6460,131,100,2597
1706674848350154855,24000,24000,9076,14924,0,0,0,10,0.000416667,11.7429,255,137.571,38.9252,36.5,84.5,134.5,202.5,255.5,0,672,4,150,35.5,60.5,78.5,-38.1601,38.5058,-34.375,34.125,3.0449,6460,134,100,2600
1706674848449990219,23999,23999,9103,14896,0,0,0,17,0.000708363,12.7358,255,137.214,39.2591,23.5,83.5,134.5,203.5,255.5,0,529,4,150,35.5,60.5,80.5,-38.4966,38.2174,-34.125,33.875,3.14462,6460,139,100,2612
1706674848549825375,24000,24000,9116,14884,0,0,0,12,0.0005,13.4843,255,138.233,39.4876,29.5,83.5,135.5,203.5,255.5,0,645,4,150,35.5,62.5,84.5,-38.2547,37.8869,-33.875,33.875,3.11138,6460,145,100,2515
1706674848649670068,24000,24000,9097,14903,0,0,0,0,0,14.6213,255,138.77,39.7736,33.5,84.5,135.5,209.5,255.5,0,610,4,151,35.5,64.5,91.5,-37.8159,38.478,-33.875,34.125,3.05558,6460,148,100,2534
1706674848749512183,24000,24000,9060,14940,0,0,0,17,0.000708333,16.6702,255,138.884,38.6797,42.5,85.5,135.5,206.5,255.5,0,541,4,151,35.5,64.5,97.5,-38.4583,38.3128,-34.125,34.125,3.00573,6460,155,100,2456
1706674848850152300,23999,23999,9037,14962,0,0,0,15,0.000625026,13.9227,255,138.927,39.5831,29.5,84.5,135.5,205.5,255.5,0,639,4,150,35.5,62.5,91.5,-38.3699,38.431,-34.125,34.625,3.11731,6460,161,100,2465
1706674848949983258,23999,23999,8996,15003,0,0,0,15,0.000625026,15.5886,255,138.375,38.8921,36.5,84.5,135.5,203.5,255.5,0,666,4,151,36.5,62.5,90.5,-38.3948,38.4122,-34.625,34.125,3.31081,6460,161,100,2461
1706674849049820862,23999,23999,8950,15049,0,0,0,16,0.000666694,12.0534,255,138.965,39.3662,27.5,86.5,135.5,207.5,255.5,0,719,4,151,36.5,63.5,87.5,-38.4389,38.3455,-34.625,34.625,3.26689,6460,166,100,2437
1706674849149665604,24000,24000,9033,14967,0,0,0,13,0.000541667,12.5668,255,138.632,39.3891,21.5,85.5,135.5,203.5,255.5,0,671,4,151,37.5,62.5,87.5,-38.2974,38.4732,-34.375,34.625,3.13749,6460,161,100,2493
1706674849249509516,24000,24000,8945,15055,0,0,0,17,0.000708333,14.4474,255,138.389,38.5346,37.5,85.5,135.5,202.5,255.5,0,627,4,151,37.5,62.5,85.5,-38.4841,38.2467,-34.625,34.375,3.09951,6460,164,100,2391
1706674849350163873,23999,23999,8886,15113,0,0,0,11,0.000458352,13.8398,255,137.429,37.4706,33.5,86.5,134.5,197.5,255.5,0,554,4,151,37.5,62.5,89.5,-38.1969,38.4966,-34.375,34.625,3.09594,6461,174,100,2500
1706674849450013034,23999,23999,8965,15034,0,0,0,17,0.000708363,12.9803,255,138.002,38.5419,31.5,84.5,135.5,199.5,255.5,0,661,4,151,37.5,63.5,95.5,-38.5103,38.1385,-34.625,34.375,3.22059,6462,171,100,2512
1706674849549847358,24000,24000,9072,14928,0,0,0,12,0.0005,15.3313,255,138.662,39.6077,34.5,85.5,135.5,207.5,255.5,0,726,5,151,37.5,63.5,90.5,-38.0768,38.4988,-34.375,34.125,3.05558,6462,182,100,2513
1706674849649681448,23999,23999,9137,14862,0,0,0,18,0.000750031,12.3186,255,137.724,38.958,30.5,84.5,135.5,202.5,255.5,0,631,4,151,37.5,63.5,90.5,-38.5003,38.1126,-34.125,34.125,3.08645,6462,185,100,2604
1706674849749517066,24000,24000,9131,14869,0,0,0,11,0.000458333,12.052,255,138.172,37.073,37.5,85.5,135.5,197.5,255.5,0,501,4,150,37.5,62.5,87.5,-38.1786,38.0151,-34.125,33.875,3.07102,6462,208,100,2546
1706674849850160997,23997,23997,9077,14920,0,0,0,0,0,11.5158,255,137.988,37.1361,41.5,85.5,135.5,199.5,255.5,0,418,4,150,37.5,63.5,87.5,-37.9158,38.4969,-33.875,34.125,2.97724,6463,218,100,2407
1706674849950001338,23999,23999,9011,14988,0,0,0,17,0.000708363,11.8986,255,138.389,38.6281,34.5,83.5,135.5,205.5,255.5,0,533,4,151,37.5,63.5,85.5,-38.4909,38.2521,-34.125,34.125,2.96299,6463,219,100,2408
1706674850049846425,24000,24000,9004,14996,0,0,0,13,0.000541667,10.9409,255,138.623,38.0369,37.5,85.5,136.5,202.5,255.5,0,541,4,150,37.5,64.5,84.5,-38.2914,38.4702,-34.125,34.625,3.05321,6464,229,100,2340
1706674850149688516,24000,24000,8973,15027,0,0,0,16,0.000666667,13.1556,255,139.004,39.7268,34.5,84.5,136.5,210.5,255.5,0,661,4,151,37.5,64.5,83.5,-38.4392,38.3481,-34.625,34.375,3.0544,6464,233,100,2270
1706674850249529988,23999,23999,8988,15011,0,0,0,16,0.000666694,10.5652,255,138.491,37.6756,35.5,85.5,135.5,199.5,255.5,0,484,4,150,38.5,64.5,81.5,-38.3878,38.4065,-34.625,34.625,3.07814,6465,226,100,2314
1706674850350162943,24000,24000,8916,15084,0,0,0,15,0.000625,10.1157,255,139.674,39.7434,33.5,85.5,136.5,211.5,255.5,0,636,4,150,38.5,65.5,86.5,-38.3745,38.4171,-34.625,34.625,3.06508,6465,221,100,2465
1706674850449996764,24000,24000,8995,15005,0,0,0,16,0.000666667,10.3497,255,138.493,39.2605,42.5,84.5,134.5,209.5,255.5,0,563,4,150,38.5,65.5,84.5,-38.4457,38.3382,-34.625,34.375,3.13037,6465,224,100,2471
1706674850549828834,23999,23999,8965,15034,0,0,0,13,0.000541689,10.2288,255,138.599,38.9172,32.5,86.5,134.5,205.5,255.5,0,527,4,151,37.5,64.5,84.5,-38.2926,38.4696,-34.625,34.625,3.23009,6466,229,100,2317
1706674850649676047,24000,24000,8963,15037,0,0,0,17,0.000708333,11.1703,255,138.568,38.8526,32.5,86.5,135.5,206.5,255.5,0,700,4,150,38.5,65.5,86.5,-38.489,38.2296,-34.625,34.125,3.06271,6467,228,100,2330
1706674850749511418,23999,23999,8998,15001,0,0,0,10,0.000416684,10.7574,255,138.723,37.9403,41.5,85.5,135.5,203.5,255.5,0,509,4,150,38.5,65.5,93.5,-38.1759,38.5046,-34.375,34.125,3.0354,6467,224,100,2404
1706674850850137623,23999,23999,9105,14894,0,0,0,18,0.000750031,12.7273,255,138.353,37.8202,48.5,85.5,135.5,201.5,255.5,0,542,5,151,38.5,65.5,94.5,-38.5102,38.0189,-34.125,34.125,3.12206,6468,230,100,2474
1706674850949954258,24000,24000,9170,14830,0,0,0,7,0.000291667,13.7622,255,138.228,36.3574,49.5,87.5,135.5,198.5,255.5,0,341,5,150,37.5,66.5,87.5,-38.0888,38.1042,-34.125,34.125,2.98555,6469,258,100,2214
1706674851049793147,24000,24000,9152,14848,0,0,0,5,0.000208333,11.25,255,137.52,37.0447,42.5,85.5,134.5,199.5,255.5,0,341,4,161,37.5,66.5,85.5,-38.0371,38.5092,-34.125,34.125,3.15293,6470,289,100,2095
1706674851149616684,24000,24000,9027,14973,0,0,0,17,0.000708333,13.1217,255,139.161,38.5211,54.5,85.5,135.5,205.5,255.5,0,619,5,150,37.5,66.5,85.5,-38.5016,38.1579,-34.125,34.375,3.21941,6470,293,100,1917
1706674851249856789,24000,24000,8957,15043,0,0,0,12,0.0005,11.0932,255,138.986,38.4386,42.5,85.5,135.5,203.5,255.5,0,517,4,150,38.5,66.5,85.5,-38.2273,38.4885,-34.125,34.625,3.23247,6470,275,100,1917
1706674851349698096,24000,24000,8946,15054,0,0,0,17,0.000708333,11.2947,255,138.619,38.9892,44.5,84.5,136.5,204.5,255.5,0,622,4,150,38.5,67.5,86.5,-38.4697,38.2787,-34.625,34.375,3.16124,6471,251,100,2205
1706674851449538404,23999,23999,8982,15017,0,0,0,14,0.000583358,11.0526,255,138.888,38.135,43.5,86.5,136.5,203.5,255.5,0,461,4,150,39.5,68.5,86.5,-38.3186,38.4543,-34.625,34.625,3.03541,6471,239,100,2330
1706674851550172997,24000,24000,8965,15035,0,0,0,16,0.000666667,13.5161,255,137.85,36.8947,53.5,85.5,135.5,198.5,255.5,0,397,5,150,40.5,68.5,87.5,-38.4371,38.3621,-34.625,34.375,3.06271,6471,226,100,2398
1706674851650010900,24000,24000,8940,15060,0,0,0,15,0.000625,13.8232,255,139.423,38.8508,37.5,85.5,136.5,205.5,255.5,0,589,5,150,40.5,68.5,89.5,-38.4082,38.3885,-34.625,34.375,3.02829,6471,216,100,2484
1706674851749853245,23998,23998,9024,14974,0,0,0,14,0.000583382,10.7113,255,138.667,37.757,45.5,87.5,135.5,203.5,255.5,0,459,4,150,39.5,68.5,87.5,-38.3423,38.4408,-34.375,34.625,3.13038,6471,215,100,2452
1706674851849696541,24000,24000,9058,14942,0,0,0,17,0.000708333,13.6398,255,138.681,38.4058,35.5,86.5,135.5,204.5,255.5,0,598,5,150,40.5,67.5,86.5,-38.4656,38.2988,-34.875,34.125,3.13156,6471,207,100,2413
1706674851949530777,24000,24000,9034,14966,0,0,0,13,0.000541667,13.0017,255,138.887,37.7877,43.5,86.5,135.5,202.5,255.5,0,518,5,150,40.5,67.5,87.5,-38.2593,38.4876,-34.125,34.125,3.60522,6472,210,100,2487
1706674852050169816,24000,24000,9048,14952,0,0,0,17,0.000708333,10.1492,255,139.23,38.2789,47.5,87.5,135.5,207.5,255.5,0,641,4,150,40.5,67.5,88.5,-38.4931,37.8887,-34.125,33.875,3.26571,6472,212,100,2571
1706674852150006886,24000,24000,9146,14854,0,0,0,0,0,13.1355,255,138.788,37.959,37.5,85.5,135.5,203.5,255.5,0,450,5,150,39.5,67.5,88.5,-37.9617,38.2115,-33.875,33.875,3.26214,6472,225,100,2396
1706674852249855755,24000,24000,9154,14846,0,0,0,9,0.000375,10.6084,255,138.753,39.0711,42.5,86.5,135.5,206.5,255.5,0,646,4,154,38.5,68.5,91.5,-38.148,38.5066,-34.125,34.125,3.35474,6472,242,100,2285
1706674852349700914,24000,24000,9085,14915,0,0,0,18,0.00075,11.6287,255,138.576,39.8972,31.5,85.5,134.5,209.5,255.5,0,663,4,154,38.5,66.5,86.5,-38.5127,38.0799,-34.125,34.375,3.25027,6472,222,100,2488
1706674852449537789,24000,24000,8975,15025,0,0,0,8,0.000333333,12.4842,255,138.731,39.9926,27.5,84.5,135.5,207.5,255.5,0,652,4,157,38.5,66.5,87.5,-38.115,38.4999,-34.375,34.625,3.18142,6472,225,100,2253
1706674852550173019,24000,24000,8896,15104,0,0,0,17,0.000708333,10.7481,255,138.334,38.9241,28.5,85.5,135.5,204.5,255.5,0,660,4,150,39.5,67.5,86.5,-38.5065,38.1771,-34.625,34.375,3.09832,6472,204,100,2381
1706674852650023487,24000,24000,8886,15114,0,0,0,11,0.000458333,10.3495,255,138.115,40.0194,25.5,82.5,135.5,205.5,255.5,0,613,4,150,39.5,67.5,86.5,-38.2329,38.4942,-34.375,34.625,3.30488,6472,201,100,2430
1706674852749857400,23999,23999,8983,15016,0,0,0,17,0.000708363,10.5351,255,138.723,40.0686,24.5,84.5,135.5,208.5,255.5,0,535,4,158,39.5,67.5,82.5,-38.4695,38.2814,-34.625,34.375,3.38798,6472,202,100,2432
1706674852849709130,23999,23999,9025,14974,0,0,0,14,0.000583358,10.8122,255,137.914,38.8446,24.5,82.5,136.5,199.5,255.5,0,512,4,150,39.5,66.5,79.5,-38.3447,38.4406,-34.625,34.625,3.34168,6473,198,100,2503
1706674852949553318,23999,23999,8961,15038,0,0,0,16,0.000666694,10.5375,255,137.942,41.0726,25.5,79.5,135.5,207.5,255.5,0,632,4,158,39.5,66.5,82.5,-38.4127,38.3827,-34.125,34.375,3.05796,6473,196,100,2558
1706674853050202068,24000,24000,9038,14962,0,0,0,16,0.000666667,12.4937,255,138.051,38.2531,28.5,84.5,135.5,198.5,255.5,0,546,5,150,39.5,66.5,82.5,-38.421,38.3783,-34.625,34.125,3.02947,6473,199,100,2519
1706674853150049249,23999,23999,9049,14950,0,0,0,14,0.000583358,12.1845,255,138.827,39.8545,28.5,86.5,135.5,211.5,255.5,0,745,5,158,39.5,67.5,84.5,-38.3418,38.4484,-34.375,34.125,3.15887,6473,197,100,2562
1706674853249900449,24000,24000,9118,14882,0,0,0,17,0.000708333,9.83228,255,138.732,39.0691,33.5,85.5,136.5,207.5,255.5,0,648,4,151,39.5,68.5,87.5,-38.4647,37.7518,-34.125,33.875,3.17311,6473,195,100,2559
1706674853349750997,23999,23999,9076,14923,0,0,0,0,0,12.3439,255,139.298,39.9986,34.5,84.5,135.5,209.5,255.5,0,722,5,155,39.5,68.5,85.5,-37.8391,38.2934,-33.875,34.125,3.10782,6473,202,100,2487
1706674853449601998,24000,24000,9130,14870,0,0,0,12,0.0005,12.5874,255,139.207,39.4475,29.5,85.5,137.5,205.5,255.5,0,645,4,150,39.5,67.5,84.5,-38.2349,38.4941,-33.875,34.125,3.09476,6474,195,100,2619
1706674853549844833,24000,24000,9060,14940,0,0,0,17,0.000708333,13.1005,255,138.681,38.9514,43.5,86.5,135.5,212.5,255.5,0,635,5,150,39.5,67.5,84.5,-38.5054,38.1816,-34.125,34.375,3.25028,6474,196,100,2560
1706674853649690656,24000,24000,8999,15001,0,0,0,12,0.0005,12.2609,255,138.977,39.1165,27.5,84.5,137.5,201.5,255.5,0,636,4,150,39.5,67.5,84.5,-38.0959,38.5073,-34.375,34.625,3.22298,6474,186,100,2591
1706674853749526969,24000,24000,8932,15068,0,0,0,17,0.000708333,10.2338,255,138.4,39.1704,28.5,83.5,136.5,202.5,255.5,0,608,4,157,39.5,67.5,84.5,-38.5114,38.0848,-34.625,34.375,3.147,6474,183,100,2559
1706674853850178524,23999,23999,8865,15134,0,0,0,9,0.000375016,10.1257,255,138.906,38.7132,26.5,85.5,135.5,203.5,255.5,0,542,4,158,40.5,67.5,84.5,-38.1429,38.5134,-34.375,34.625,3.10664,6474,171,100,2529
1706674853950041981,23998,23998,8936,15062,0,0,0,18,0.000750063,11.9485,255,138.539,38.358,30.5,84.5,136.5,202.5,255.5,0,608,4,151,39.5,66.5,81.5,-38.4981,38.1944,-34.625,34.375,3.17312,6474,166,100,2621
1706674854049889255,24000,24000,9065,14935,0,0,0,12,0.0005,12.0523,255,138.017,38.7242,27.5,82.5,136.5,201.5,255.5,0,508,4,157,39.5,66.5,83.5,-38.2624,38.4806,-34.375,34.625,3.14225,6474,164,100,2650
1706674854149727027,24000,24000,9067,14933,0,0,0,16,0.000666667,11.1108,255,138.282,39.2025,25.5,83.5,135.5,203.5,255.5,0,556,4,157,39.5,66.5,83.5,-38.454,38.3101,-34.125,34.375,3.06272,6474,160,100,2616
1706674854249542933,24000,24000,9045,14955,0,0,0,15,0.000625,9.9021,255,138.503,39.4393,27.5,85.5,135.5,204.5,255.5,0,693,4,152,39.5,65.5,83.5,-38.3634,38.4321,-34.125,34.125,3.02473,6474,165,100,2560
1706674854350169691,23999,23999,9082,14917,0,0,0,16,0.000666694,10.1468,255,138.316,39.8757,28.5,82.5,135.5,207.5,255.5,0,624,4,157,38.5,65.5,83.5,-38.4011,38.3949,-34.875,34.125,3.05322,6474,165,100,2641
1706674854449991581,24000,24000,9050,14950,0,0,0,16,0.000666667,11.0587,255,137.872,41.21,23.5,77.5,136.5,205.5,255.5,0,651,4,157,38.5,64.5,82.5,-38.421,37.5928,-34.375,33.625,3.20398,6474,166,100,2697
1706674854549826849,23998,23998,9061,14937,0,0,0,0,0,10.8294,255,138.473,40.5643,28.5,81.5,136.5,206.5,255.5,0,665,4,157,38.5,65.5,85.5,-37.6848,38.3666,-33.625,34.125,3.18618,6474,167,100,2656
1706674854649658383,24000,24000,9069,14931,0,0,0,14,0.000583333,12.6498,255,138.442,40.1283,25.5,84.5,135.5,208.5,255.5,0,699,4,156,38.5,65.5,85.5,-38.3254,38.4466,-34.125,34.125,3.19686,6474,177,100,2570
1706674854749898478,24000,24000,9088,14912,0,0,0,17,0.000708333,10.858,255,138.862,38.6952,35.5,85.5,135.5,207.5,255.5,0,651,4,155,38.5,65.5,85.5,-38.4844,38.2695,-34.125,34.375,3.10901,6475,171,100,2649
1706674854849727533,23999,23999,8981,15018,0,0,0,11,0.000458352,12.5605,255,138.498,39.3537,33.5,82.5,135.5,208.5,255.5,0,614,4,151,39.5,64.5,84.5,-38.207,38.4973,-34.375,34.625,3.00217,6475,171,100,2571
1706674854949579691,24000,24000,8903,15097,0,0,0,18,0.00075,13.3266,255,138.398,40.0384,29.5,82.5,135.5,206.5,255.5,0,583,5,154,39.5,65.5,84.5,-38.5151,38.1359,-34.625,34.375,2.93451,6475,162,100,2619
1706674855050223367,24000,24000,8918,15082,0,0,0,13,0.000541667,10.5637,255,138.765,39.39,29.5,84.5,136.5,209.5,255.5,0,661,4,155,39.5,64.5,83.5,-38.0881,38.5082,-34.375,34.625,2.98912,6475,169,100,2522
1706674855150064805,23999,23999,8909,15090,0,0,0,18,0.000750031,11.2787,255,137.824,39.1698,26.5,84.5,134.5,202.5,255.5,0,657,4,157,39.5,64.5,83.5,-38.5096,38.1102,-34.625,34.375,2.92383,6475,174,100,2564
1706674855249905128,24000,24000,9005,14995,0,0,0,10,0.000416667,12.9063,255,138.365,39.143,30.5,82.5,135.5,206.5,255.5,0,575,5,155,39.5,64.5,80.5,-38.1741,38.5024,-34.375,34.625,2.9998,6475,184,100,2504
1706674855349737067,23999,23999,9101,14898,0,0,0,17,0.000708363,11.1047,255,138.398,38.9657,29.5,80.5,136.5,202.5,255.5,0,528,4,156,39.5,64.5,80.5,-38.4907,38.2268,-34.125,34.375,2.93095,6476,184,100,2510
1706674855449576890,24000,24000,9032,14968,0,0,0,13,0.000541667,10.4944,255,138.256,39.585,26.5,82.5,135.5,205.5,255.5,0,590,4,155,39.5,65.5,82.5,-38.2764,38.4791,-34.125,34.125,2.93451,6476,190,100,2568
1706674855550220679,24000,24000,9135,14865,0,0,0,0,0,13.2061,255,138.256,40.4839,32.5,80.5,135.5,208.5,255.5,0,641,5,155,38.5,65.5,83.5,-37.7802,38.317,-33.875,34.125,3.0366,6477,186,100,2494
1706674855650054047,24000,24000,9097,14903,0,0,0,31,0.00129167,13.6466,255,138.687,39.3084,31.5,82.5,136.5,206.5,255.5,0,522,5,153,39.5,65.5,86.5,-38.459,37.6862,-35.125,33.625,2.92501,6477,188,100,2446
1706674855749886317,23999,23999,9074,14925,0,0,0,0,0,11.3244,255,138.773,40.269,34.5,81.5,136.5,208.5,255.5,0,562,4,157,39.5,65.5,86.5,-37.5947,38.4271,-33.875,34.125,2.98437,6477,196,100,2434
1706674855849724298,24000,24000,9004,14996,0,0,0,15,0.000625,13.3039,255,139.115,39.6849,39.5,82.5,136.5,208.5,255.5,0,529,5,151,39.5,66.5,85.5,-38.4002,38.4048,-34.125,34.125,3.13513,6477,196,100,2335
1706674855949568118,23999,23999,9022,14977,0,0,0,16,0.000666694,14.0583,255,138.594,40.8933,28.5,81.5,135.5,212.5,255.5,0,579,5,154,40.5,66.5,85.5,-38.438,38.3465,-34.125,34.625,3.15413,6478,184,100,2426
1706674856050210536,24000,24000,9065,14935,0,0,0,13,0.000541667,13.403,255,139.053,39.4706,33.5,84.5,136.5,207.5,255.5,0,505,5,153,40.5,66.5,84.5,-38.3007,38.4723,-34.375,34.625,3.01642,6478,178,100,2351
1706674856150035352,24000,24000,8887,15113,0,0,0,17,0.000708333,13.2474,255,138.025,40.302,25.5,79.5,136.5,203.5,255.5,0,658,4,154,40.5,67.5,84.5,-38.4817,38.2446,-34.625,34.375,3.09596,6479,155,100,2482
1706674856249876268,24000,24000,8836,15164,0,0,0,11,0.000458333,12.7012,255,139.104,41.9592,25.5,77.5,136.5,215.5,255.5,0,784,4,151,40.5,67.5,85.5,-38.1954,38.4928,-34.375,34.625,3.07934,6479,152,100,2524
1706674856349723473,24000,24000,8889,15111,0,0,0,18,0.00075,12.9815,255,138.726,39.3662,26.5,81.5,136.5,201.5,255.5,0,535,4,155,40.5,66.5,84.5,-38.5076,38.1362,-34.625,34.375,3.14938,6479,148,100,2528
1706674856449561181,24000,24000,9040,14960,0,0,0,13,0.000541667,10.5987,255,138.486,40.8689,28.5,79.5,135.5,213.5,255.5,0,658,4,152,40.5,66.5,82.5,-38.0736,38.5071,-34.375,34.625,3.35712,6480,144,100,2432
1706674856550205337,23998,23998,9126,14872,0,0,0,18,0.000750063,9.78574,255,138.079,39.9017,26.5,80.5,135.5,202.5,255.5,0,575,3,153,40.5,65.5,81.5,-38.5132,38.1405,-34.125,34.375,3.45921,6480,139,100,2545
1706674856650043708,24000,24000,9090,14910,0,0,0,11,0.000458333,14.0123,255,138.43,41.0123,24.5,78.5,135.5,213.5,255.5,0,637,4,154,40.5,67.5,85.5,-38.2045,38.4917,-33.875,34.125,2.9547,6480,147,100,2522
1706674856749864247,24000,24000,9058,14942,0,0,0,0,0,11.224,255,138.686,42.8751,26.5,76.5,135.5,218.5,255.5,0,845,3,152,40.5,67.5,84.5,-37.8973,38.2605,-33.875,33.875,2.9357,6480,147,100,2569
1706674856849706457,24000,24000,9092,14908,0,0,0,17,0.000708333,13.6258,255,139.006,40.1426,29.5,81.5,136.5,211.5,255.5,0,494,4,150,39.5,66.5,82.5,-38.4756,37.809,-34.125,33.875,2.93095,6480,157,100,2526
1706674856949548295,24000,24000,9079,14921,0,0,0,14,0.000583333,13.9491,255,138.621,39.7445,27.5,78.5,137.5,202.5,255.5,0,550,5,150,39.5,67.5,82.5,-38.3258,38.4547,-34.875,34.125,2.87753,6480,163,100,2497
1706674857050206706,24000,24000,9023,14977,0,0,0,16,0.000666667,12.7117,255,138.939,41.2494,27.5,78.5,137.5,207.5,255.5,0,672,4,150,40.5,67.5,81.5,-38.425,38.3693,-34.125,34.125,2.99981,6480,159,100,2542
1706674857150043364,23998,23998,8960,15038,0,0,0,16,0.000666722,12.4101,255,139.566,41.8421,26.5,79.5,137.5,211.5,255.5,0,757,4,150,40.5,67.5,83.5,-38.4076,38.3898,-34.125,34.375,3.03661,6481,159,100,2594
1706674857249889095,24000,24000,9036,14964,0,0,0,14,0.000583333,12.5153,255,138.818,41.5688,25.5,76.5,137.5,208.5,255.5,0,589,4,150,40.5,68.5,83.5,-38.3465,38.4401,-34.625,34.625,2.96538,6481,154,100,2607
1706674857349739951,23999,23999,9014,14985,0,0,0,17,0.000708363,11.7733,255,138.406,41.7149,23.5,73.5,137.5,207.5,255.5,0,445,4,150,40.5,68.5,83.5,-38.4651,38.313,-34.625,34.625,2.9357,6481,154,100,2597
1706674857449577232,24000,24000,8896,15104,0,0,0,13,0.000541667,12.155,255,139.442,42.9623,22.5,75.5,137.5,211.5,255.5,0,650,4,150,40.5,68.5,84.5,-38.263,38.4779,-34.375,34.625,2.91196,6481,156,100,2554
1706674857550221288,24000,24000,8855,15145,0,0,0,17,0.000708333,13.7833,255,139.827,43.9086,22.5,74.5,137.5,219.5,255.5,0,848,5,150,40.5,69.5,87.5,-38.4864,38.2083,-34.625,34.375,2.89297,6481,155,100,2550
1706674857650057050,24000,24000,8992,15008,0,0,0,9,0.000375,13.3028,255,139.185,44.8099,22.5,67.5,137.5,221.5,255.5,0,794,5,150,40.5,70.5,89.5,-38.1536,38.5132,-34.375,34.625,2.80512,6481,161,100,2446
1706674857749905458,23999,23999,9112,14887,0,0,0,18,0.000750031,11.4835,255,138.373,45.964,20.5,57.5,136.5,217.5,255.5,0,822,4,150,39.5,71.5,95.5,-38.5169,38.0817,-34.125,34.375,2.85854,6481,163,100,2526
1706674857849735107,24000,24000,9189,14811,0,0,0,8,0.000333333,13.9008,255,137.022,44.2884,22.5,65.5,135.5,211.5,255.5,0,728,5,150,38.5,70.5,90.5,-38.1046,38.5073,-33.875,34.125,3.26928,6481,164,100,2519
1706674857949566169,24000,24000,9139,14861,0,0,0,4,0.000166667,11.5633,255,136.27,43.4642,21.5,59.5,136.5,203.5,255.5,0,558,4,151,38.5,69.5,89.5,-38.0219,38.1625,-34.125,33.875,3.84027,6482,170,100,2503
1706674858050197178,23999,23999,9043,14956,0,0,0,17,0.000708363,13.7159,255,138.439,45.8477,22.5,58.5,137.5,220.5,255.5,0,735,5,150,38.5,69.5,88.5,-38.5034,37.9506,-34.125,33.875,3.21586,6482,175,100,2595
1706674858150025422,23999,23999,9046,14953,0,0,0,12,0.000500021,12.9608,255,138.557,44.0023,21.5,73.5,136.5,216.5,255.5,0,726,4,150,38.5,67.5,85.5,-38.239,38.495,-34.375,34.125,3.2028,6483,176,100,2497
1706674858249869805,24000,24000,9098,14902,0,0,0,17,0.000708333,13.0265,255,138.72,44.3764,21.5,72.5,136.5,212.5,255.5,0,812,4,150,38.5,67.5,83.5,-38.4686,38.2893,-34.625,34.125,2.92265,6483,175,100,2540
1706674858349707269,23999,23999,9012,14987,0,0,0,15,0.000625026,13.0325,255,137.994,43.0599,22.5,75.5,136.5,210.5,255.5,0,682,4,150,38.5,66.5,80.5,-38.3404,38.4393,-34.125,34.625,2.85498,6483,171,100,2635
1706674858449544003,24000,24000,8927,15073,0,0,0,16,0.000666667,14.2966,255,138.7,43.2535,23.5,77.5,136.5,214.5,255.5,0,737,4,150,38.5,66.5,80.5,-38.415,38.3725,-34.625,34.625,2.95232,6483,178,100,2472
1706674858550199411,23999,23999,8971,15028,0,0,0,16,0.000666694,12.4856,255,138.218,41.0575,23.5,78.5,137.5,204.5,255.5,0,480,4,151,38.5,65.5,78.5,-38.4111,38.386,-34.625,34.625,3.01643,6483,169,100,2566
1706674858650029209,24000,24000,8916,15084,0,0,0,15,0.000625,12.9144,255,138.267,40.4762,24.5,81.5,136.5,205.5,255.5,0,493,4,150,37.5,65.5,78.5,-38.3575,38.4338,-34.375,34.625,3.01761,6483,177,100,2575
1706674858749872571,23998,23998,8940,15058,0,0,0,17,0.000708392,12.9035,255,137.923,40.8758,23.5,80.5,136.5,205.5,255.5,0,560,4,150,37.5,65.5,78.5,-38.4747,38.299,-34.625,34.625,2.97963,6483,174,100,2580
1706674858849711042,24000,24000,8962,15038,0,0,0,12,0.0005,12.2037,255,137.716,41.7997,25.5,79.5,134.5,208.5,255.5,0,714,4,150,37.5,65.5,79.5,-38.2478,38.4895,-34.125,34.625,3.01406,6483,173,100,2539
1706674858949552385,24000,24000,9044,14956,0,0,0,18,0.00075,12.7989,255,137.986,41.7094,25.5,79.5,135.5,208.5,255.5,0,574,4,150,36.5,65.5,79.5,-38.4939,38.2,-34.125,34.125,2.92621,6483,185,100,2591
1706674859050194525,24000,24000,9146,14854,0,0,0,0,0,12.1929,255,138.082,39.9814,26.5,81.5,136.5,204.5,255.5,0,496,5,150,36.5,66.5,81.5,-37.9964,38.5045,-33.875,34.125,2.88585,6483,195,100,2508
1706674859150035327,23999,23999,9182,14817,0,0,0,9,0.000375016,11.9709,255,138.881,41.6954,27.5,80.5,136.5,214.5,255.5,0,673,4,150,36.5,66.5,83.5,-38.1239,38.0608,-33.875,34.125,2.89416,6483,202,100,2590
1706674859249884125,24000,24000,9059,14941,0,0,0,17,0.000708333,8.98847,255,139.226,42.9824,26.5,81.5,135.5,217.5,255.5,0,768,3,150,36.5,65.5,84.5,-38.51,38.0759,-34.125,34.125,2.86329,6483,207,100,2469
1706674859349725691,23999,23999,9028,14971,0,0,0,8,0.000333347,13.2633,255,138.862,41.7519,30.5,82.5,136.5,213.5,255.5,0,735,5,150,36.5,65.5,82.5,-38.1195,38.509,-34.375,34.125,2.95351,6483,199,100,2531
1706674859449559966,24000,24000,8952,15048,0,0,0,17,0.000708333,11.3055,255,138.912,41.9372,28.5,81.5,135.5,214.5,255.5,0,659,4,151,36.5,64.5,81.5,-38.4936,38.2074,-34.625,34.125,3.0188,6483,186,100,2567
1706674859550204673,24000,24000,9004,14996,0,0,0,13,0.000541667,13.0312,255,138.937,41.3266,27.5,81.5,136.5,210.5,255.5,0,640,5,151,36.5,64.5,82.5,-38.2619,38.4825,-34.375,34.625,2.99506,6483,173,100,2549
1706674859650045995,23999,23999,9000,14999,0,0,0,17,0.000708363,11.2786,255,139.375,41.4434,25.5,80.5,137.5,207.5,255.5,0,620,4,151,36.5,65.5,85.5,-38.4622,38.3099,-34.625,34.625,2.95826,6483,170,100,2612
1706674859749874737,23999,23999,8973,15026,0,0,0,14,0.000583358,14.355,255,139.049,40.9289,28.5,82.5,136.5,210.5,255.5,0,573,4,150,36.5,63.5,83.5,-38.3501,38.4392,-34.375,34.625,2.91434,6483,178,100,2631
1706674859849704094,24000,24000,8932,15068,0,0,0,15,0.000625,12.984,255,137.922,41.9174,25.5,80.5,135.5,208.5,255.5,0,648,5,150,36.5,62.5,80.5,-38.3991,38.3971,-34.625,34.375,3.01643,6483,189,100,2655
1706674859949550248,24000,24000,8971,15029,0,0,0,17,0.000708333,13.0491,255,138.282,39.5525,26.5,84.5,135.5,207.5,255.5,0,552,4,152,36.5,62.5,79.5,-38.4342,38.3637,-34.625,34.375,3.1114,6484,190,100,2741
1706674860050192761,24000,24000,9007,14993,0,0,0,14,0.000583333,13.8674,255,138.148,39.4577,32.5,84.5,134.5,205.5,255.5,0,467,5,150,36.5,61.5,78.5,-38.3293,38.451,-34.125,34.625,2.97607,6484,196,100,2627
1706674860150034812,24000,24000,9040,14960,0,0,0,17,0.000708333,12.8421,255,138.291,40.3468,26.5,83.5,135.5,209.5,255.5,0,638,4,150,36.5,60.5,76.5,-38.4819,38.2743,-34.125,34.125,3.02949,6484,194,100,2564
1706674860249869867,24000,24000,9138,14862,0,0,0,0,0,11.8635,255,137.843,39.757,32.5,83.5,134.5,206.5,255.5,0,625,4,150,36.5,60.5,78.5,-37.8724,38.4925,-33.875,34.125,3.00812,6484,188,100,2725
1706674860349726344,23999,23999,9122,14877,0,0,0,11,0.000458352,12.0041,255,138.279,39.772,29.5,84.5,135.5,207.5,255.5,0,584,4,150,36.5,61.5,77.5,-38.2347,37.9523,-33.875,33.875,3.06273,6484,198,100,2695
1706674860449559636,24000,24000,9128,14872,0,0,0,17,0.000708333,11.0815,255,138.042,37.3954,34.5,85.5,135.5,201.5,255.5,0,358,4,150,37.5,61.5,76.5,-38.5021,38.1648,-34.125,33.875,3.00219,6484,192,100,2653
1706674860550184110,23999,23999,9046,14953,0,0,0,11,0.000458352,14.2683,255,138.176,38.42,34.5,85.5,135.5,202.5,255.5,0,554,5,150,37.5,61.5,77.5,-38.0918,38.5092,-34.375,34.125,3.01999,6485,185,100,2669
1706674860650031352,24000,24000,8992,15008,0,0,0,17,0.000708333,11.6857,255,138.171,39.0016,26.5,84.5,135.5,200.5,255.5,0,544,4,150,37.5,62.5,77.5,-38.5134,38.1049,-34.625,34.375,2.91197,6485,171,100,2631
1706674860749881146,23999,23999,8936,15063,0,0,0,10,0.000416684,14.5772,255,138.701,39.0881,30.5,84.5,136.5,204.5,255.5,0,539,5,150,37.5,61.5,76.5,-38.1757,38.505,-34.375,34.625,2.89416,6485,170,100,2603
1706674860849711810,24000,24000,8950,15050,0,0,0,17,0.000708333,11.6171,255,138.572,39.2636,25.5,84.5,135.5,208.5,255.5,0,535,4,150,38.5,62.5,78.5,-38.4942,38.2252,-34.625,34.375,2.91434,6485,154,100,2755
1706674860949558354,24000,24000,8980,15020,0,0,0,13,0.000541667,13.843,255,137.908,38.7125,26.5,85.5,135.5,201.5,255.5,0,548,5,150,38.5,63.5,78.5,-38.277,38.4738,-34.625,34.625,2.83718,6485,164,100,2665
1706674861050196579,24000,24000,9039,14961,0,0,0,17,0.000708333,13.0265,255,138.22,39.3413,29.5,84.5,134.5,204.5,255.5,0,675,4,150,38.5,64.5,81.5,-38.4525,38.3292,-34.625,34.625,3.1019,6486,177,100,2618
1706674861150042245,23999,23999,8997,15002,0,0,0,15,0.000625026,13.6894,255,139.014,38.966,31.5,83.5,136.5,204.5,255.5,0,494,5,150,38.5,65.5,83.5,-38.3735,38.418,-34.375,34.625,3.0378,6486,173,100,2565
1706674861249898313,23999,23999,8972,15027,0,0,0,15,0.000625026,12.0677,255,139.144,38.65,30.5,83.5,136.5,203.5,255.5,0,525,4,150,38.5,68.5,91.5,-38.3883,38.413,-34.125,34.625,3.01168,6486,172,100,2527
1706674861349750496,24000,24000,9030,14970,0,0,0,16,0.000666667,10.5772,255,139.41,38.8821,31.5,84.5,136.5,205.5,255.5,0,533,4,151,39.5,70.5,94.5,-38.4414,38.3635,-34.125,34.125,2.86567,6486,169,100,2536
1706674861449588718,24000,24000,9083,14917,0,0,0,0,0,11.4021,255,139.152,39.9635,30.5,84.5,135.5,212.5,255.5,0,679,4,151,39.5,72.5,98.5,-37.7021,38.4529,-33.875,34.125,2.92028,6486,160,100,2422
1706674861549827934,23999,23999,9177,14822,0,0,0,14,0.000583358,11.6388,255,139.577,39.4662,44.5,84.5,135.5,207.5,255.5,0,594,4,151,40.5,73.5,99.5,-38.3061,37.7988,-34.125,33.875,2.9369,6486,161,100,2478
1706674861649687981,24000,24000,9077,14923,0,0,0,17,0.000708333,13.6968,255,139.119,39.2823,38.5,84.5,136.5,206.5,255.5,0,495,4,150,40.5,73.5,94.5,-38.4757,38.2678,-34.125,33.875,3.00694,6486,161,100,2438
1706674861749528385,24000,24000,9022,14978,0,0,0,11,0.000458333,12.4465,255,139.676,39.9797,35.5,83.5,135.5,213.5,255.5,0,621,4,151,40.5,74.5,97.5,-38.1873,38.4945,-34.375,34.125,3.04255,6486,159,100,2396
1706674861850157196,24000,24000,8934,15066,0,0,0,17,0.000708333,13.1635,255,139.517,39.3055,35.5,84.5,135.5,207.5,255.5,0,543,4,150,41.5,75.5,98.5,-38.5124,38.1218,-34.625,34.375,3.09122,6486,158,100,2402
1706674861950005285,23999,23999,8965,15034,0,0,0,12,0.000500021,12.543,255,139.578,38.7364,36.5,86.5,136.5,206.5,255.5,0,617,4,150,41.5,76.5,101.5,-38.0687,38.515,-34.625,34.625,3.09953,6486,146,100,2535
1706674862049845240,23999,23999,8923,15076,0,0,0,17,0.000708363,13.4994,255,138.832,39.1382,33.5,83.5,136.5,203.5,255.5,0,571,4,150,41.5,76.5,102.5,-38.5108,38.1282,-34.625,34.375,3.00338,6486,136,100,2524
1706674862149690203,23999,23999,9009,14990,0,0,0,10,0.000416684,13.3475,255,138.969,39.2934,30.5,86.5,135.5,207.5,255.5,0,550,4,150,41.5,76.5,102.5,-38.1856,38.5091,-34.375,34.625,3.03187,6486,144,100,2505
1706674862249528189,23999,23999,8975,15024,0,0,0,17,0.000708363,12.6007,255,139.24,39.7422,29.5,86.5,136.5,212.5,255.5,0,683,4,150,42.5,76.5,101.5,-38.4812,38.2365,-34.625,34.375,3.01169,6486,147,100,2556
1706674862350152385,23999,23999,9048,14951,0,0,0,13,0.000541689,13.4936,255,138.646,36.8083,30.5,85.5,136.5,196.5,255.5,0,455,5,150,41.5,75.5,95.5,-38.2867,38.4768,-34.625,34.125,3.11497,6487,140,100,2491
1706674862449994496,23998,23998,9066,14932,0,0,0,16,0.000666722,10.7852,255,138.871,38.5233,26.5,87.5,135.5,202.5,255.5,0,702,4,150,41.5,75.5,99.5,-38.4527,38.3243,-34.125,34.875,3.001,6488,135,100,2536
1706674862549834980,24000,24000,9019,14981,0,0,0,15,0.000625,12.5514,255,139.587,40.0612,29.5,85.5,136.5,212.5,255.5,0,680,4,150,41.5,75.5,101.5,-38.3865,38.4102,-34.125,34.125,2.88704,6488,144,100,2514
1706674862649681135,23999,23999,9039,14960,0,0,0,0,0,12.1589,255,139.189,39.435,38.5,84.5,136.5,207.5,255.5,0,699,4,150,42.5,76.5,102.5,-37.5707,38.4163,-33.625,34.125,3.02593,6488,148,100,2505
1706674862749520178,24000,24000,9074,14926,0,0,0,15,0.000625,11.9735,255,139.465,38.415,35.5,85.5,136.5,205.5,255.5,0,628,4,151,42.5,76.5,103.5,-38.3745,37.6774,-34.125,33.625,2.92028,6488,150,100,2545
1706674862850162490,23999,23999,9147,14852,0,0,0,16,0.000666694,14.4035,255,139.38,39.074,37.5,86.5,136.5,204.5,255.5,0,608,5,151,42.5,75.5,97.5,-38.4556,38.3312,-34.125,34.125,2.98201,6488,153,100,2513
1706674862950006725,24000,24000,9043,14957,0,0,0,13,0.000541667,14.5651,255,139.06,38.6089,35.5,85.5,136.5,203.5,255.5,0,546,5,151,42.5,75.5,99.5,-38.2787,38.4789,-34.625,34.125,2.90247,6488,148,100,2545
1706674863049850761,24000,24000,8911,15089,0,0,0,17,0.000708333,10.9795,255,139.637,38.9384,41.5,86.5,136.5,206.5,255.5,0,639,4,151,42.5,76.5,102.5,-38.4884,38.2219,-34.625,34.375,2.9737,6488,147,100,2468
1706674863149697566,23999,23999,8882,15117,0,0,0,9,0.000375016,11.8889,255,139.368,39.9591,30.5,86.5,135.5,207.5,255.5,0,752,4,151,43.5,77.5,103.5,-38.1661,38.5014,-34.375,34.625,3.10428,6489,143,100,2439
1706674863249546486,24000,24000,8905,15095,0,0,0,18,0.00075,12.4651,255,139.163,39.8995,33.5,84.5,135.5,207.5,255.5,0,742,4,150,42.5,77.5,103.5,-38.5099,38.1021,-34.625,34.375,3.04136,6489,137,100,2472
1706674863350191245,24000,24000,9063,14937,0,0,0,12,0.0005,10.6672,255,139.14,39.9168,30.5,85.5,136.5,211.5,255.5,0,589,4,151,42.5,76.5,101.5,-38.0834,38.5081,-34.625,34.625,3.11853,6489,140,100,2510
1706674863450033600,24000,24000,9025,14975,0,0,0,17,0.000708333,11.1846,255,138.854,40.1252,27.5,85.5,136.5,207.5,255.5,0,590,4,151,42.5,75.5,93.5,-38.5075,38.1403,-34.625,34.375,2.96895,6489,137,100,2562
1706674863549875245,24000,24000,8973,15027,0,0,0,11,0.000458333,12.5844,255,139.437,40.2161,27.5,84.5,137.5,213.5,255.5,0,628,5,151,43.5,74.5,92.5,-38.2054,38.499,-34.375,34.125,3.08766,6489,142,100,2512
1706674863649715423,23999,23999,9046,14953,0,0,0,16,0.000666694,12.2767,255,138.853,40.0941,28.5,83.5,135.5,208.5,255.5,0,783,5,151,42.5,74.5,93.5,-38.4823,38.2838,-34.125,34.125,2.97133,6489,144,100,2539
1706674863749560444,23997,23997,9110,14887,0,0,0,13,0.000541734,10.8916,255,138.78,39.6357,30.5,83.5,136.5,206.5,255.5,0,689,4,150,42.5,73.5,92.5,-38.3309,38.4546,-34.125,35.125,3.00813,6489,146,100,2527
1706674863850188439,23999,23999,9085,14914,0,0,0,0,0,11.6938,255,138.769,38.1354,40.5,85.5,137.5,203.5,255.5,0,498,5,151,42.5,73.5,92.5,-37.697,38.3711,-33.625,34.125,2.92265,6489,151,100,2579
1706674863950017713,24000,24000,9032,14968,0,0,0,16,0.000666667,10.3834,255,138.892,36.7314,32.5,87.5,137.5,198.5,255.5,0,368,4,151,42.5,73.5,92.5,-38.4195,37.5829,-34.125,33.625,2.99744,6489,155,100,2563
1706674864049865671,23999,23999,9100,14899,0,0,0,16,0.000666694,11.9614,255,138.598,36.9756,40.5,86.5,135.5,200.5,255.5,0,383,4,151,41.5,72.5,94.5,-38.4033,38.3806,-34.125,34.125,3.10191,6489,160,100,2597
1706674864149713145,24000,24000,9105,14895,0,0,0,14,0.000583333,11.7208,255,138.699,38.102,37.5,86.5,135.5,203.5,255.5,0,517,4,151,42.5,72.5,93.5,-38.3491,38.4444,-34.375,34.125,2.9191,6490,160,100,2576
1706674864249550082,23999,23999,9006,14993,0,0,0,17,0.000708363,11.5477,255,139.102,39.1544,28.5,86.5,136.5,206.5,255.5,0,549,4,151,42.5,73.5,95.5,-38.4671,38.2956,-34.625,34.625,3.01763,6490,153,100,2638
1706674864350193655,24000,24000,8849,15151,0,0,0,13,0.000541667,12.1853,255,139.238,39.9298,26.5,84.5,136.5,209.5,255.5,0,708,5,151,41.5,72.5,92.5,-38.2595,38.4817,-34.375,34.625,2.96183,6490,156,100,2513
1706674864450033073,24000,24000,8837,15163,0,0,0,17,0.000708333,10.4135,255,138.958,39.5762,24.5,84.5,136.5,208.5,255.5,0,585,4,150,42.5,73.5,94.5,-38.4961,38.209,-34.625,34.375,2.94284,6490,150,100,2601
1706674864549884935,23999,23999,8928,15071,0,0,0,10,0.000416684,11.6433,255,138.902,39.8778,22.5,84.5,136.5,211.5,255.5,0,547,4,150,42.5,72.5,91.5,-38.154,38.5039,-34.375,34.625,2.9096,6490,145,100,2604
1706674864649718219,24000,24000,9110,14890,0,0,0,18,0.00075,9.50325,255,138.878,39.401,26.5,83.5,135.5,208.5,255.5,0,663,4,150,42.5,71.5,92.5,-38.5158,38.088,-34.625,34.375,2.89536,6490,146,100,2609
1706674864749558864,24000,24000,9103,14897,0,0,0,10,0.000416667,11.4717,255,138.879,39.1107,30.5,84.5,136.5,207.5,255.5,0,598,4,150,42.5,71.5,92.5,-38.1086,38.5025,-34.375,34.125,2.97014,6490,138,100,2615
1706674864850206709,23999,23999,9032,14967,0,0,0,17,0.000708363,10.6944,255,138.86,40.9383,22.5,82.5,136.5,211.5,255.5,0,709,4,150,42.5,71.5,92.5,-38.5029,38.1694,-34.125,33.875,2.87518,6491,140,100,2518
1706674864950036393,24000,24000,9053,14947,0,0,0,11,0.000458333,10.2574,255,139.244,39.8111,20.5,84.5,137.5,203.5,255.5,0,643,4,150,42.5,71.5,92.5,-38.2247,38.1,-33.875,34.375,2.97133,6491,143,100,2528
1706674865049883659,24000,24000,9102,14898,0,0,0,0,0,11.9944,255,139.063,40.3711,25.5,83.5,135.5,212.5,255.5,0,772,4,151,41.5,72.5,97.5,-37.855,38.4958,-33.875,34.875,2.93097,6492,143,100,2538
1706674865149730468,23999,23999,9085,14914,0,0,0,17,0.000708363,11.6949,255,138.99,40.4179,25.5,82.5,135.5,210.5,255.5,0,758,4,150,42.5,72.5,95.5,-38.4843,37.7735,-34.125,33.875,2.91198,6492,147,100,2574
1706674865249561626,23998,23998,9024,14974,0,0,0,14,0.000583382,11.7836,255,139.459,40.6821,22.5,82.5,136.5,214.5,255.5,0,723,4,150,42.5,71.5,94.5,-38.3289,38.4451,-34.125,34.125,2.84668,6492,151,100,2549
1706674865350195858,24000,24000,9072,14928,0,0,0,15,0.000625,11.396,255,139.083,40.4353,23.5,82.5,137.5,211.5,255.5,0,783,4,150,42.5,70.5,91.5,-38.4181,38.3808,-34.625,34.125,2.87636,6492,149,100,2601
1706674865450031362,23998,23998,8965,15033,0,0,0,15,0.000625052,10.7118,255,138.712,39.0515,20.5,84.5,136.5,202.5,255.5,0,599,4,150,42.5,70.5,91.5,-38.4214,38.3723,-34.625,34.625,2.97133,6493,144,100,2554
1706674865549876683,24000,24000,8930,15070,0,0,0,15,0.000625,11.4035,255,138.972,40.1822,23.5,83.5,136.5,209.5,255.5,0,679,4,150,42.5,69.5,91.5,-38.3314,38.4477,-34.375,34.625,2.93334,6493,145,100,2586
1706674865649731034,24000,24000,8854,15146,0,0,0,17,0.000708333,10.6816,255,138.361,40.7257,24.5,80.5,135.5,210.5,255.5,0,758,4,150,42.5,69.5,89.5,-38.4734,38.2795,-34.625,34.375,3.02475,6494,148,100,2490
1706674865749577205,24000,24000,8900,15100,0,0,0,12,0.0005,12.8797,255,137.93,40.9655,19.5,80.5,136.5,205.5,255.5,0,648,4,150,41.5,69.5,87.5,-38.2307,38.4979,-34.375,34.625,3.04612,6495,150,100,2472
1706674865850219424,24000,24000,8991,15009,0,0,0,17,0.000708333,11.3596,255,138.637,39.903,24.5,82.5,136.5,205.5,255.5,0,635,4,151,40.5,69.5,91.5,-38.5016,38.1972,-34.625,34.125,2.96421,6495,151,100,2681
1706674865950043909,24000,24000,9150,14850,0,0,0,8,0.000333333,12.282,255,139.006,40.4552,22.5,82.5,136.5,211.5,255.5,0,644,4,151,39.5,70.5,89.5,-38.142,38.51,-34.375,34.125,3.02238,6495,153,100,2643
1706674866049881936,23999,23999,9089,14910,0,0,0,18,0.000750031,11.0235,255,139.4,40.2533,21.5,82.5,136.5,209.5,255.5,0,719,4,150,39.5,70.5,92.5,-38.5078,38.0622,-34.125,33.875,2.95827,6495,159,100,2601
1706674866149724162,24000,24000,9089,14911,0,0,0,9,0.000375,10.2425,255,139.117,40.9181,25.5,81.5,136.5,211.5,255.5,0,755,4,150,39.5,71.5,94.5,-38.139,38.0598,-34.125,33.875,2.92978,6495,169,100,2595
1706674866249554009,23999,23999,9070,14929,0,0,0,0,0,9.71722,255,138.323,40.9976,24.5,79.5,135.5,214.5,255.5,0,658,4,151,37.5,71.5,94.5,-37.9968,38.5053,-33.875,34.125,2.84431,6496,170,100,2603
1706674866350188252,24000,24000,9039,14961,0,0,0,18,0.00075,10.7769,255,137.853,40.1627,27.5,80.5,135.5,212.5,255.5,0,490,4,152,36.5,67.5,85.5,-38.4968,37.9202,-34.125,34.125,2.89061,6496,187,100,2611
1706674866450022815,23999,23999,9002,14997,0,0,0,12,0.000500021,11.0133,255,137.051,37.9637,32.5,83.5,134.5,200.5,255.5,0,441,4,150,36.5,66.5,81.5,-38.2479,38.4956,-34.125,34.125,2.96421,6497,193,100,2608
1706674866549858103,24000,24000,9027,14973,0,0,0,17,0.000708333,11.7852,255,138.125,40.9558,28.5,80.5,135.5,209.5,255.5,0,706,5,150,36.5,65.5,83.5,-38.464,38.3064,-34.625,34.125,3.08054,6499,190,100,2555
1706674866649711532,23999,23999,9044,14955,0,0,0,15,0.000625026,9.80413,255,137.324,39.4231,32.5,83.5,134.5,205.5,255.5,0,588,4,151,36.5,65.5,83.5,-38.3569,38.4434,-34.625,34.625,3.0295,6499,187,100,2594
1706674866749547982,24000,24000,8884,15116,0,0,0,15,0.000625,9.32054,255,138.122,40.0901,29.5,81.5,135.5,205.5,255.5,0,581,4,150,36.5,66.5,83.5,-38.403,38.3906,-34.625,34.375,3.1399,6499,176,100,2611
1706674866850175485,24000,24000,8862,15138,0,0,0,16,0.000666667,9.56133,255,136.878,38.7321,32.5,82.5,134.5,201.5,255.5,0,541,4,151,36.5,65.5,83.5,-38.4273,38.3701,-34.625,34.375,3.15178,6499,173,100,2589
1706674866950011837,23999,23999,8955,15044,0,0,0,14,0.000583358,11.2873,255,138.169,40.7352,32.5,80.5,135.5,212.5,255.5,0,663,5,150,36.5,67.5,86.5,-38.325,38.4536,-34.375,34.625,2.8277,6499,159,100,2577
1706674867049866056,24000,24000,9025,14975,0,0,0,17,0.000708333,11.9861,255,137.602,41.2411,35.5,80.5,134.5,210.5,255.5,0,806,5,150,36.5,66.5,85.5,-38.4795,38.2774,-34.625,34.125,2.9559,6500,160,100,2633
1706674867149712137,24000,24000,9076,14924,0,0,0,11,0.000458333,12.3182,255,138.357,41.3776,33.5,80.5,134.5,211.5,255.5,0,742,5,151,35.5,66.5,83.5,-38.2272,38.4873,-34.125,34.125,3.04612,6500,164,100,2678
1706674867249539130,24000,24000,9128,14872,0,0,0,18,0.00075,11.3958,255,138.522,41.5077,39.5,81.5,134.5,218.5,255.5,0,805,5,151,35.5,66.5,84.5,-38.5088,37.9555,-34.125,33.875,2.87399,6500,168,100,2590
1706674867350176406,24000,24000,9079,14921,0,0,0,5,0.000208333,11.8546,255,138.022,40.582,31.5,82.5,134.5,209.5,255.5,0,552,5,150,35.5,65.5,82.5,-38.0415,38.1567,-34.125,34.125,2.94403,6500,166,100,2666
1706674867450009390,24000,24000,9087,14913,0,0,0,8,0.000333333,12.0277,255,138.485,40.1893,47.5,82.5,135.5,208.5,255.5,0,677,5,151,35.5,66.5,85.5,-38.0936,38.5171,-34.125,34.125,2.91554,6500,168,100,2628
1706674867549855222,24000,24000,9071,14929,0,0,0,18,0.00075,12.2288,255,137.793,39.3157,45.5,82.5,134.5,204.5,255.5,0,568,5,151,35.5,64.5,83.5,-38.5161,38.0936,-34.125,34.625,2.90842,6500,170,100,2695
1706674867649706338,24000,24000,9013,14987,0,0,0,10,0.000416667,12.2333,255,138.08,38.9696,50.5,83.5,134.5,205.5,255.5,0,491,5,150,34.5,65.5,82.5,-38.175,38.5101,-34.375,34.375,2.92266,6500,171,100,2794
1706674867749539068,23999,23999,8958,15041,0,0,0,18,0.000750031,13.4136,255,137.739,38.9878,50.5,82.5,135.5,203.5,255.5,0,515,5,150,35.5,65.5,88.5,-38.4894,38.2337,-34.625,34.125,3.20876,6500,172,100,2768
1706674867850177628,23999,23999,9080,14919,0,0,0,13,0.000541689,12.2099,255,138.26,39.8696,43.5,82.5,135.5,208.5,255.5,0,546,5,150,35.5,66.5,96.5,-38.2944,38.4757,-34.625,34.625,3.14347,6500,171,100,2729
1706674867950016389,23999,23999,8995,15004,0,0,0,17,0.000708363,13.3086,255,137.967,39.3158,43.5,82.5,134.5,207.5,255.5,0,485,5,150,35.5,67.5,104.5,-38.4441,38.3431,-34.625,34.375,3.22538,6500,168,100,2673
1706674868049846864,23999,23999,8893,15106,0,0,0,15,0.000625026,10.4769,255,137.559,39.8977,38.5,83.5,134.5,208.5,255.5,0,594,4,150,35.5,66.5,100.5,-38.3835,38.4162,-34.625,34.625,3.20757,6500,162,100,2627
1706674868149673125,23998,23998,8919,15079,0,0,0,15,0.000625052,11.1385,255,138.111,40.8775,29.5,81.5,134.5,209.5,255.5,0,593,4,150,35.5,66.5,94.5,-38.393,38.3999,-34.625,34.625,3.11142,6500,159,100,2580
1706674868249514863,24000,24000,8980,15020,0,0,0,17,0.000708333,13.1469,255,138.511,40.0493,31.5,81.5,135.5,206.5,255.5,0,600,4,151,35.5,64.5,87.5,-38.4488,38.3332,-34.625,34.125,3.09361,6500,160,100,2567
1706674868350155066,24000,24000,9124,14876,0,0,0,13,0.000541667,11.2518,255,138.104,40.4921,31.5,83.5,134.5,207.5,255.5,0,569,4,150,35.5,63.5,83.5,-38.2921,38.4676,-34.125,34.125,2.97727,6500,162,100,2672
1706674868449981021,24000,24000,9131,14869,0,0,0,17,0.000708333,12.4175,255,138.742,40.3241,32.5,84.5,135.5,209.5,255.5,0,635,4,150,35.5,64.5,87.5,-38.4909,37.8599,-34.125,33.875,2.93216,6500,169,100,2654
1706674868549821192,23999,23999,9101,14898,0,0,0,0,0,15.7842,255,138.541,41.0022,36.5,81.5,135.5,215.5,255.5,0,674,4,150,35.5,64.5,89.5,-37.9202,38.2384,-33.875,33.875,2.92029,6500,170,100,2678
1706674868649652639,24000,24000,9050,14950,0,0,0,10,0.000416667,15.2737,255,138.963,40.4059,32.5,84.5,135.5,210.5,255.5,0,682,4,150,35.5,62.5,87.5,-38.1808,38.5081,-33.875,34.125,3.0295,6500,170,100,2705
1706674868749908070,24000,24000,9009,14991,0,0,0,18,0.00075,14.2813,255,138.538,38.566,38.5,84.5,135.5,203.5,255.5,0,493,4,150,35.5,60.5,80.5,-38.5095,38.1209,-34.125,34.375,2.9654,6500,173,100,2769
1706674868849737959,24000,24000,9038,14962,0,0,0,13,0.000541667,14.1472,255,139.003,39.5535,41.5,84.5,136.5,206.5,255.5,0,638,4,150,35.5,61.5,82.5,-38.0793,38.5118,-34.375,34.625,2.95946,6500,181,100,2719
1706674868949575283,24000,24000,8975,15025,0,0,0,17,0.000708333,17.1508,255,139.014,39.6667,44.5,85.5,135.5,209.5,255.5,0,555,5,150,36.5,61.5,80.5,-38.4988,38.1362,-34.625,34.375,3.03425,6500,177,100,2723
1706674869050220902,24000,24000,8922,15078,0,0,0,11,0.000458333,17.3826,255,139.774,40.0494,39.5,85.5,135.5,213.5,255.5,0,595,5,150,36.5,62.5,85.5,-38.208,38.4941,-34.375,34.625,3.05562,6500,177,100,2714
1706674869150069907,24000,24000,8993,15007,0,0,0,17,0.000708333,14.4344,255,138.995,38.7203,44.5,85.5,135.5,204.5,255.5,0,573,4,150,37.5,62.5,85.5,-38.4841,38.2641,-34.625,34.375,3.17908,6501,171,100,2636
1706674869249915874,24000,24000,9006,14994,0,0,0,13,0.000541667,14.4099,255,138.479,39.73,36.5,84.5,135.5,205.5,255.5,0,571,4,150,37.5,62.5,86.5,-38.2985,38.4652,-34.625,34.625,2.99983,6501,161,100,2666
1706674869349765639,23999,23999,8948,15051,0,0,0,16,0.000666694,17.4517,255,139.148,39.3811,42.5,85.5,135.5,207.5,255.5,0,670,5,150,37.5,62.5,86.5,-38.4372,38.3444,-34.625,34.625,3.03425,6501,162,100,2665
1706674869449598497,24000,24000,8982,15018,0,0,0,16,0.000666667,16.8925,255,138.408,38.328,39.5,84.5,136.5,198.5,255.5,0,505,5,150,37.5,61.5,89.5,-38.3868,38.4116,-34.625,34.125,2.95828,6501,171,100,2637
1706674869549833224,23999,23999,9027,14972,0,0,0,15,0.000625026,15.4666,255,138.526,38.7573,36.5,85.5,135.5,202.5,255.5,0,526,5,151,37.5,62.5,91.5,-38.3576,38.4229,-34.125,34.125,3.0675,6501,171,100,2641
1706674869649674220,24000,24000,9163,14837,0,0,0,17,0.000708333,16.3751,255,138.469,38.8294,39.5,84.5,135.5,202.5,255.5,0,699,5,151,37.5,61.5,87.5,-38.4584,37.7028,-34.125,33.875,2.86806,6502,177,100,2674
1706674869749505398,23998,23998,9153,14845,0,0,0,0,0,15.683,255,137.723,38.7426,29.5,84.5,135.5,200.5,255.5,0,579,5,152,37.5,61.5,81.5,-37.7922,38.3127,-33.875,34.125,2.90249,6503,183,100,2688
1706674869850136511,24000,24000,9069,14931,0,0,0,13,0.000541667,15.4292,255,139.222,40.9762,29.5,83.5,136.5,215.5,255.5,0,851,5,151,37.5,63.5,87.5,-38.2651,38.4775,-33.875,34.125,2.92386,6504,178,100,2722
1706674869949969579,24000,24000,8975,15025,0,0,0,17,0.000708333,15.785,255,139.16,40.4362,33.5,79.5,137.5,207.5,255.5,0,631,5,150,38.5,63.5,83.5,-38.502,38.2296,-34.125,34.375,2.95116,6505,187,100,2632
1706674870049804412,24000,24000,8981,15019,0,0,0,10,0.000416667,15.431,255,139.228,40.1842,34.5,85.5,136.5,210.5,255.5,0,644,5,151,38.5,64.5,85.5,-38.166,38.5093,-34.375,34.625,2.88349,6506,182,100,2683
1706674870149650155,24000,24000,8960,15040,0,0,0,17,0.000708333,14.9951,255,138.442,39.6017,38.5,83.5,135.5,207.5,255.5,0,569,5,150,38.5,64.5,84.5,-38.4996,38.098,-34.625,34.375,2.90961,6506,184,100,2631
1706674870249891187,24000,24000,9045,14955,0,0,0,11,0.000458333,12.6519,255,139.36,40.3844,32.5,82.5,136.5,209.5,255.5,0,699,4,151,39.5,65.5,85.5,-38.1012,38.5045,-34.375,34.625,3.0212,6506,169,100,2629
1706674870349741203,24000,24000,8917,15083,0,0,0,17,0.000708333,14.7111,255,139.66,40.175,30.5,84.5,136.5,210.5,255.5,0,728,5,151,39.5,66.5,88.5,-38.5019,38.1725,-34.625,34.375,2.9939,6507,175,100,2594
1706674870449574935,24000,24000,8993,15007,0,0,0,12,0.0005,11.1694,255,138.857,39.5903,34.5,82.5,136.5,204.5,255.5,0,597,4,150,39.5,66.5,85.5,-38.2318,38.4908,-34.375,34.625,3.0212,6507,160,100,2616
1706674870550212206,24000,24000,8963,15037,0,0,0,17,0.000708333,14.9727,255,139.196,40.3056,34.5,84.5,135.5,212.5,255.5,0,716,5,150,39.5,67.5,86.5,-38.4833,38.2766,-34.625,34.375,3.24556,6507,156,100,2559
1706674870650051867,24000,24000,9049,14951,0,0,0,14,0.000583333,13.5601,255,139.37,40.058,33.5,85.5,136.5,210.5,255.5,0,735,5,150,40.5,66.5,86.5,-38.3291,38.4485,-34.375,34.125,3.23013,6508,161,100,2478
1706674870749882510,23998,23998,9017,14981,0,0,0,15,0.000625052,14.494,255,139.001,38.7068,30.5,85.5,136.5,203.5,255.5,0,536,5,150,40.5,66.5,84.5,-38.4129,38.3667,-34.125,34.125,3.26456,6508,162,100,2546
1706674870849714827,24000,24000,9080,14920,0,0,0,16,0.000666667,11.4378,255,139.027,38.5759,40.5,84.5,136.5,202.5,255.5,0,659,4,151,40.5,67.5,87.5,-38.4126,37.5696,-34.125,33.625,2.95709,6509,163,100,2580
1706674870949562880,23999,23999,9190,14809,0,0,0,0,0,11.1852,255,139.014,37.8252,43.5,84.5,136.5,200.5,255.5,0,526,4,150,39.5,67.5,87.5,-37.6481,38.3828,-33.625,34.125,2.87637,6510,167,100,2729
1706674871050210088,24000,24000,9127,14873,0,0,0,14,0.000583333,14.0071,255,139.121,37.9583,43.5,85.5,136.5,204.5,255.5,0,487,4,150,39.5,67.5,86.5,-38.3423,38.446,-34.125,34.125,2.90486,6511,183,100,2770
1706674871150040561,23999,23999,9013,14986,0,0,0,16,0.000666694,14.6373,255,138.685,37.9515,37.5,83.5,136.5,204.5,255.5,0,412,5,150,39.5,66.5,87.5,-38.4634,38.3016,-34.125,34.375,2.95116,6511,191,100,2741
1706674871249867834,23999,23999,8933,15066,0,0,0,12,0.000500021,12.5671,255,138.897,41.1848,28.5,79.5,136.5,211.5,255.5,0,601,4,150,39.5,65.5,85.5,-38.2583,38.4865,-34.625,34.625,2.97728,6511,201,100,2711
1706674871349699755,24000,24000,8893,15107,0,0,0,17,0.000708333,13.6239,255,138.177,40.2763,25.5,80.5,135.5,204.5,255.5,0,528,5,150,38.5,65.5,82.5,-38.5049,38.1816,-34.625,34.375,2.95709,6511,200,100,2747
1706674871449530876,24000,24000,8947,15053,0,0,0,11,0.000458333,12.3827,255,137.401,40.8259,25.5,77.5,135.5,206.5,255.5,0,561,4,150,39.5,64.5,84.5,-38.1163,38.5086,-34.375,34.625,2.90605,6512,201,100,2679
1706674871550180521,24000,24000,9029,14971,0,0,0,18,0.00075,11.2366,255,138.722,40.1754,30.5,80.5,136.5,209.5,255.5,0,492,4,151,39.5,65.5,85.5,-38.5065,38.073,-34.625,34.375,2.94404,6513,194,100,2792
1706674871650013859,24000,24000,8972,15028,0,0,0,9,0.000375,10.6165,255,138.261,40.9496,25.5,80.5,135.5,211.5,255.5,0,600,4,150,39.5,66.5,85.5,-38.1351,38.5005,-34.375,34.625,3.00933,6513,181,100,2678
1706674871749855368,23998,23998,9013,14985,0,0,0,17,0.000708392,9.9401,255,138.209,41.1297,22.5,80.5,135.5,214.5,255.5,0,725,4,150,39.5,65.5,87.5,-38.5046,38.1877,-34.375,34.375,3.02595,6513,180,100,2617
1706674871849686001,23999,23999,9037,14962,0,0,0,12,0.000500021,10.1895,255,138.576,40.3004,25.5,81.5,136.5,207.5,255.5,0,592,4,150,39.5,65.5,85.5,-38.2572,38.4748,-34.875,34.125,2.9749,6514,178,100,2643
1706674871949522771,24000,24000,9077,14923,0,0,0,16,0.000666667,10.0717,255,138.658,39.8723,25.5,83.5,135.5,208.5,255.5,0,694,4,150,39.5,65.5,85.5,-38.4612,38.3067,-34.125,34.125,2.9381,6515,174,100,2613
1706674872050168000,24000,24000,9090,14910,0,0,0,15,0.000625,12.4142,255,138.278,40.3957,25.5,81.5,136.5,208.5,255.5,0,645,4,150,39.5,65.5,84.5,-38.3522,37.7156,-34.125,33.875,2.76953,6515,178,100,2613
1706674872149997883,23999,23999,9166,14833,0,0,0,0,0,10.0941,255,137.524,39.2725,27.5,80.5,136.5,203.5,255.5,0,438,4,150,39.5,65.5,80.5,-37.6283,38.4442,-33.625,34.125,2.8277,6515,187,100,2664
1706674872249858434,23999,23999,9104,14895,0,0,0,15,0.000625026,9.82178,255,138.035,39.5013,25.5,80.5,135.5,202.5,255.5,0,505,4,150,39.5,65.5,81.5,-38.4132,38.392,-34.125,34.125,2.87163,6518,192,100,2672
1706674872349705820,24000,24000,9020,14980,0,0,0,16,0.000666667,12.6759,255,138.242,40.4436,25.5,80.5,135.5,206.5,255.5,0,535,4,150,39.5,65.5,80.5,-38.4181,38.3763,-34.125,34.375,3.01646,6518,188,100,2693
1706674872449559954,24000,24000,8961,15039,0,0,0,14,0.000583333,9.83979,255,137.729,40.1246,27.5,81.5,136.5,206.5,255.5,0,476,4,150,39.5,65.5,80.5,-38.3358,38.4473,-34.625,34.625,3.04139,6518,190,100,2524
1706674872550192185,24000,24000,8896,15104,0,0,0,17,0.000708333,11.8608,255,137.201,38.5957,25.5,81.5,135.5,199.5,255.5,0,462,4,150,40.5,65.5,80.5,-38.4757,38.2771,-34.625,34.375,2.97372,6518,172,100,2540
1706674872650030855,24000,24000,8871,15129,0,0,0,11,0.000458333,11.3188,255,138.343,40.3623,25.5,80.5,136.5,208.5,255.5,0,614,4,150,40.5,66.5,83.5,-38.2256,38.4916,-34.375,34.625,2.95472,6518,166,100,2462
1706674872749862354,24000,24000,8987,15013,0,0,0,17,0.000708333,9.6279,255,138.15,38.6754,28.5,82.5,136.5,201.5,255.5,0,532,3,150,40.5,66.5,83.5,-38.5045,38.1508,-34.625,34.375,2.92742,6518,161,100,2508
1706674872849693520,24000,24000,9041,14959,0,0,0,12,0.0005,9.86816,255,138.456,39.8585,22.5,80.5,136.5,205.5,255.5,0,607,4,150,40.5,66.5,85.5,-38.0972,38.5143,-34.375,34.625,3.12686,6518,154,100,2472
1706674872949521916,23999,23999,9025,14974,0,0,0,18,0.000750031,11.7583,255,137.864,41.1153,22.5,78.5,136.5,206.5,255.5,0,583,4,151,40.5,67.5,85.5,-38.5101,38.0925,-34.125,34.375,2.89537,6518,150,100,2408
1706674873050166143,24000,24000,9090,14910,0,0,0,10,0.000416667,8.79466,255,137.053,39.5295,22.5,78.5,135.5,201.5,255.5,0,490,4,150,39.5,67.5,92.5,-38.1548,38.4972,-34.875,34.125,2.98084,6518,149,100,2478
1706674873150013468,23999,23999,9050,14949,0,0,0,17,0.000708363,10.3409,255,138.117,40.7136,21.5,81.5,135.5,205.5,255.5,0,622,4,151,40.5,67.5,89.5,-38.4962,38.2276,-34.375,33.875,3.05919,6518,145,100,2445
1706674873249838171,24000,24000,9049,14951,0,0,0,13,0.000541667,10.9986,255,137.685,42.1928,21.5,76.5,135.5,213.5,255.5,0,749,4,150,40.5,68.5,93.5,-38.2801,37.8549,-34.125,33.875,3.01764,6518,144,100,2479
1706674873349675291,23999,23999,9080,14919,0,0,0,0,0,9.98509,255,137.482,41.3222,18.5,77.5,135.5,207.5,255.5,0,531,3,150,39.5,65.5,85.5,-37.7659,38.4654,-33.875,34.125,3.05682,6518,145,100,2487
1706674873449524358,23998,23998,9140,14858,0,0,0,17,0.000708392,10.7257,255,137.207,41.223,18.5,77.5,135.5,207.5,255.5,0,479,4,150,39.5,64.5,80.5,-38.4555,38.3299,-34.125,34.125,2.96066,6518,144,100,2539
1706674873550175187,23998,23998,9026,14972,0,0,0,15,0.000625052,11.2569,255,137.9,39.7933,20.5,81.5,135.5,202.5,255.5,0,546,4,150,39.5,64.5,81.5,-38.3694,38.4227,-34.125,34.625,3.10668,6518,147,100,2457
1706674873650016149,23998,23998,8938,15060,0,0,0,16,0.000666722,10.7561,255,137.394,41.0406,21.5,77.5,135.5,205.5,255.5,0,539,4,150,39.5,65.5,88.5,-38.3948,38.4048,-34.375,34.625,3.67293,6518,147,100,2409
1706674873749865305,23999,23999,8882,15117,0,0,0,16,0.000666694,10.4009,255,137.192,40.9888,21.5,78.5,135.5,205.5,255.5,0,673,3,151,40.5,67.5,91.5,-38.4447,38.3431,-34.625,34.375,3.42838,6518,144,100,2353
1706674873849705577,24000,24000,8901,15099,0,0,0,13,0.000541667,10.2105,255,138.904,41.7411,19.5,77.5,136.5,210.5,255.5,0,714,4,150,40.5,68.5,92.5,-38.3051,38.4674,-34.375,34.625,3.23014,6518,131,100,2392
1706674873949536317,23999,23999,8929,15070,0,0,0,17,0.000708363,10.566,255,138.526,42.467,19.5,78.5,135.5,219.5,255.5,0,873,3,150,41.5,70.5,102.5,-38.4906,38.2464,-34.625,34.625,3.21826,6518,129,100,2347
1706674874050173447,24000,24000,9064,14936,0,0,0,11,0.000458333,10.4743,255,139.166,42.4973,20.5,78.5,136.5,215.5,255.5,0,771,3,150,41.5,70.5,98.5,-38.2031,38.5001,-34.125,34.625,3.05088,6518,130,100,2425
1706674874150010805,24000,24000,8996,15004,0,0,0,17,0.000708333,9.11249,255,139.169,42.1975,23.5,79.5,136.5,215.5,255.5,0,774,3,150,41.5,70.5,92.5,-38.5023,38.1552,-34.125,34.375,2.95829,6518,132,100,2379
1706674874249854620,24000,24000,9102,14898,0,0,0,5,0.000208333,10.2918,255,138.917,42.2767,19.5,79.5,135.5,216.5,255.5,0,618,4,150,41.5,69.5,88.5,-38.0413,38.5076,-33.875,34.125,3.02477,6518,139,100,2360
1706674874349693029,23999,23999,9102,14897,0,0,0,19,0.0007917,6.69109,255,137.115,41.4528,17.5,77.5,136.5,202.5,255.5,0,534,2,150,41.5,69.5,86.5,-38.5105,38.1143,-34.625,34.125,3.09243,6518,138,100,2412
1706674874449513885,24000,24000,9099,14901,0,0,0,17,0.000708333,8.34572,255,137.821,40.0434,19.5,78.5,137.5,202.5,255.5,0,484,3,150,41.5,68.5,84.5,-38.4738,38.0065,-34.625,33.875,2.89181,6518,140,100,2488
1706674874550142372,24000,24000,9049,14951,0,0,0,0,0,11.909,255,138.414,39.1277,22.5,83.5,136.5,203.5,255.5,0,463,4,151,41.5,69.5,91.5,-37.9115,38.5042,-33.875,34.125,3.00933,6519,144,100,2591
1706674874649984263,24000,24000,9067,14933,0,0,0,17,0.000708333,11.9312,255,139.401,39.6726,36.5,83.5,137.5,208.5,255.5,0,563,4,150,41.5,69.5,89.5,-38.4839,38.2429,-34.125,34.125,3.03426,6519,150,100,2666
1706674874749828299,23998,23998,9124,14874,0,0,0,13,0.000541712,12.0181,255,138.443,39.7719,27.5,81.5,135.5,206.5,255.5,0,516,4,150,40.5,69.5,91.5,-38.3058,38.4658,-34.125,34.625,2.91793,6520,170,100,2752
1706674874849673501,24000,24000,8955,15045,0,0,0,16,0.000666667,10.1069,255,138.183,39.2951,32.5,84.5,134.5,212.5,255.5,0,409,4,150,40.5,69.5,89.5,-38.4463,38.3444,-34.625,34.625,3.02833,6520,186,100,2744
1706674874949509212,23998,23998,8863,15135,0,0,0,15,0.000625052,9.24133,255,138.626,40.2901,30.5,81.5,136.5,209.5,255.5,0,535,3,150,40.5,70.5,95.5,-38.3909,38.4084,-34.375,34.625,3.06632,6520,191,100,2751
1706674875050137904,24000,24000,8844,15156,0,0,0,15,0.000625,12.0858,255,139.971,41.1672,31.5,83.5,136.5,214.5,255.5,0,660,4,150,40.5,70.5,97.5,-38.3714,38.4264,-34.625,34.625,2.90725,6521,194,100,2737
1706674875149969777,23999,23999,8981,15018,0,0,0,16,0.000666694,11.6606,255,137.848,40.3202,26.5,79.5,135.5,209.5,255.5,0,509,4,150,40.5,70.5,97.5,-38.4554,38.3246,-34.625,34.625,2.91199,6522,187,100,2743
1706674875249799439,23999,23999,9060,14939,0,0,0,13,0.000541689,10.4098,255,138.321,40.4178,27.5,79.5,136.5,209.5,255.5,0,670,4,150,41.5,70.5,100.5,-38.2817,38.475,-34.125,34.625,2.92861,6522,184,100,2714
1706674875349643291,24000,24000,9102,14898,0,0,0,17,0.000708333,10.9302,255,137.73,41.1623,24.5,78.5,136.5,207.5,255.5,0,671,4,151,41.5,70.5,102.5,-38.5011,38.2321,-34.125,34.125,3.06394,6522,180,100,2738
1706674875449886764,24000,24000,9017,14983,0,0,0,0,0,10.6272,255,138.993,40.6864,24.5,81.5,136.5,208.5,255.5,0,631,4,150,41.5,70.5,92.5,-37.9491,38.506,-33.875,34.125,3.06038,6522,175,100,2693
1706674875549746880,23999,23999,9081,14918,0,0,0,10,0.000416684,8.37064,255,139.103,40.4254,26.5,83.5,136.5,209.5,255.5,0,659,3,151,41.5,70.5,91.5,-38.1596,38.0245,-33.875,34.125,3.1328,6522,169,100,2786
1706674875649592211,24000,24000,9084,14916,0,0,0,25,0.00104167,10.3021,255,138.316,39.6388,29.5,80.5,136.5,204.5,255.5,0,482,4,150,40.5,69.5,90.5,-38.5077,38.0859,-34.875,34.125,3.0402,6522,183,100,2703
1706674875749826671,24000,24000,9078,14922,0,0,0,3,0.000125,10.6045,255,139.064,39.6502,24.5,84.5,136.5,205.5,255.5,0,586,4,150,41.5,70.5,92.5,-38.0114,38.5108,-34.125,34.125,3.19571,6525,183,100,2738
1706674875849660830,24000,24000,8989,15011,0,0,0,18,0.00075,10.6523,255,139.081,40.2134,27.5,82.5,136.5,209.5,255.5,0,585,4,150,41.5,70.5,91.5,-38.5066,38.174,-34.125,34.375,3.02596,6525,185,100,2750
1706674875949901681,23999,23999,9053,14946,0,0,0,11,0.000458352,9.6495,255,139.538,39.5428,33.5,84.5,137.5,209.5,255.5,0,575,4,150,41.5,69.5,90.5,-38.2254,38.4941,-34.125,34.625,2.99153,6525,189,100,2722
1706674876049742105,24000,24000,9009,14991,0,0,0,17,0.000708333,12.067,255,138.769,38.8702,36.5,85.5,136.5,206.5,255.5,0,521,5,150,40.5,70.5,89.5,-38.48,38.2721,-34.625,34.375,3.03783,6526,189,100,2795
1706674876149582004,23998,23998,8936,15062,0,0,0,14,0.000583382,10.037,255,138.47,38.4409,35.5,85.5,135.5,203.5,255.5,0,479,4,150,40.5,70.5,90.5,-38.3276,38.4476,-34.625,34.625,3.483,6526,184,100,2666
1706674876250211514,24000,24000,8846,15154,0,0,0,16,0.000666667,12.3694,255,138.99,39.5783,35.5,83.5,136.5,204.5,255.5,0,598,5,150,41.5,71.5,92.5,-38.4201,38.3725,-34.625,34.375,3.30255,6526,180,100,2635
1706674876350049958,24000,24000,8885,15115,0,0,0,16,0.000666667,9.67198,255,138.89,38.3366,36.5,84.5,136.5,203.5,255.5,0,405,4,150,41.5,71.5,94.5,-38.4036,38.3866,-34.625,34.625,3.15773,6526,168,100,2650
1706674876449896235,23999,23999,9021,14978,0,0,0,15,0.000625026,11.8722,255,139.435,40.5619,30.5,84.5,136.5,211.5,255.5,0,596,4,150,42.5,71.5,93.5,-38.3373,38.4406,-34.125,34.625,3.18147,6526,158,100,2658
1706674876549738616,24000,24000,9161,14839,0,0,0,17,0.000708333,10.8037,255,139.021,40.8992,35.5,82.5,135.5,213.5,255.5,0,657,4,151,41.5,72.5,97.5,-38.4598,38.3093,-34.125,34.125,3.02358,6526,156,100,2594
1706674876649580069,24000,24000,9141,14859,0,0,0,0,0,9.92477,255,139.368,42.371,27.5,80.5,135.5,221.5,255.5,0,896,4,151,41.5,72.5,102.5,-37.8075,38.4871,-33.875,34.125,3.12686,6526,161,100,2587
1706674876750213479,24000,24000,9040,14960,0,0,0,12,0.0005,11.1577,255,139.083,41.795,31.5,81.5,135.5,217.5,255.5,0,773,4,151,41.5,71.5,98.5,-38.2649,37.906,-33.875,33.875,3.09244,6526,162,100,2571
1706674876850051644,24000,24000,9027,14973,0,0,0,18,0.00075,9.70171,255,139.014,39.8093,35.5,82.5,136.5,209.5,255.5,0,539,4,150,40.5,70.5,88.5,-38.4949,38.1948,-34.375,33.875,2.98322,6527,159,100,2635
1706674876949908302,23999,23999,9088,14911,0,0,0,9,0.000375016,12.6572,255,138.261,38.7069,34.5,82.5,136.5,201.5,255.5,0,499,4,151,40.5,68.5,88.5,-38.152,38.5102,-34.875,34.125,3.04258,6527,164,100,2629
1706674877049749222,24000,24000,9051,14949,0,0,0,18,0.00075,12.4327,255,138.66,40.9023,33.5,80.5,135.5,211.5,255.5,0,646,4,150,39.5,68.5,87.5,-38.5085,38.0702,-34.125,34.375,2.93455,6527,168,100,2692
1706674877149577001,23999,23999,8976,15023,0,0,0,9,0.000375016,10.0036,255,138.954,41.7175,33.5,80.5,135.5,217.5,255.5,0,639,4,151,39.5,66.5,88.5,-38.116,38.5015,-34.375,34.625,3.0129,6527,177,100,2703
1706674877250212464,24000,24000,8998,15002,0,0,0,17,0.000708333,10.0247,255,137.881,40.5915,32.5,81.5,134.5,210.5,255.5,0,557,4,151,38.5,65.5,84.5,-38.4998,38.1934,-34.625,34.375,3.17435,6527,180,100,2753
1706674877350041313,23999,23999,8891,15108,0,0,0,12,0.000500021,12.976,255,138.303,39.9233,32.5,80.5,135.5,204.5,255.5,0,543,4,151,38.5,66.5,84.5,-38.2464,38.484,-34.625,34.625,3.19571,6527,180,100,2768
1706674877449878070,24000,24000,8931,15069,0,0,0,17,0.000708333,11.1159,255,137.479,39.4635,29.5,82.5,135.5,203.5,255.5,0,491,4,151,38.5,66.5,86.5,-38.4739,38.2957,-34.625,34.625,3.16367,6527,173,100,2699
1706674877549696555,24000,24000,8935,15065,0,0,0,15,0.000625,10.5312,255,137.618,40.2279,29.5,81.5,135.5,206.5,255.5,0,415,4,151,39.5,67.5,87.5,-38.3435,38.4391,-34.625,34.625,3.13518,6527,165,100,2631
1706674877649528805,24000,24000,8984,15016,0,0,0,16,0.000666667,12.896,255,137.51,38.8791,28.5,83.5,135.5,203.5,255.5,0,486,4,152,39.5,68.5,87.5,-38.4199,38.3723,-34.125,34.375,3.03071,6528,158,100,2578
1706674877750163270,24000,24000,9085,14915,0,0,0,16,0.000666667,11.9546,255,138.208,41.1737,28.5,82.5,134.5,211.5,255.5,0,700,4,151,39.5,68.5,89.5,-38.4171,38.3771,-34.125,34.125,2.97966,6528,160,100,2618
1706674877850000321,23999,23999,9151,14848,0,0,0,0,0,9.85155,255,137.756,41.6425,28.5,75.5,135.5,209.5,255.5,0,632,3,151,39.5,68.5,89.5,-37.6513,38.4449,-33.625,34.125,2.99035,6529,152,100,2638
1706674877949840862,24000,24000,9086,14914,0,0,0,14,0.000583333,10.303,255,138.113,44.1975,24.5,71.5,135.5,226.5,255.5,0,853,3,151,39.5,69.5,90.5,-38.3445,37.7494,-34.125,33.875,2.95117,6529,156,100,2579
1706674878049688466,24000,24000,9036,14964,0,0,0,17,0.000708333,12.2351,255,139.168,44.0151,22.5,76.5,135.5,222.5,255.5,0,812,4,150,39.5,72.5,95.5,-38.4653,38.2838,-34.125,34.125,2.97966,6529,156,100,2604
1706674878149520222,24000,24000,9011,14989,0,0,0,12,0.0005,9.27178,255,139.023,44.1207,23.5,77.5,135.5,226.5,255.5,0,965,3,150,38.5,74.5,106.5,-38.2413,38.4844,-34.375,34.125,2.95473,6529,152,100,2681
1706674878250141897,24000,24000,9012,14988,0,0,0,18,0.00075,10.2615,255,138.313,41.9193,20.5,78.5,135.5,210.5,255.5,0,693,3,150,38.5,71.5,94.5,-38.4965,38.1891,-34.375,34.375,2.91675,6529,155,100,2716
1706674878349988198,23998,23998,8983,15015,0,0,0,11,0.000458372,9.33258,255,138.803,42.0372,25.5,80.5,136.5,214.5,255.5,0,740,3,150,39.5,71.5,97.5,-38.1102,38.5141,-34.375,34.625,2.95592,6529,161,100,2679
1706674878449822343,24000,24000,9010,14990,0,0,0,17,0.000708333,9.45686,255,139.138,42.7107,22.5,80.5,136.5,221.5,255.5,0,784,3,150,39.5,72.5,98.5,-38.5001,38.0868,-34.625,34.375,3.06395,6529,162,100,2616
1706674878549666631,24000,24000,8996,15004,0,0,0,10,0.000416667,11.549,255,139.025,42.8812,22.5,80.5,135.5,217.5,255.5,0,803,4,150,39.5,71.5,99.5,-38.151,38.4986,-34.375,34.625,3.14586,6529,160,100,2632
1706674878649503302,23999,23999,8908,15091,0,0,0,17,0.000708363,11.9263,255,139.243,42.3896,22.5,82.5,135.5,217.5,255.5,0,797,4,150,39.5,72.5,100.5,-38.4913,38.2172,-34.625,34.375,3.11737,6529,150,100,2538
1706674878750139389,24000,24000,8950,15050,0,0,0,12,0.0005,11.7825,255,138.841,41.8343,28.5,79.5,136.5,217.5,255.5,0,686,4,150,40.5,70.5,97.5,-38.2625,38.4886,-34.375,34.625,3.15298,6529,148,100,2557
1706674878849978697,24000,24000,9001,14999,0,0,0,16,0.000666667,11.7725,255,138.474,42.3095,21.5,79.5,135.5,213.5,255.5,0,695,4,151,40.5,67.5,95.5,-38.4673,38.3073,-34.125,34.375,3.06751,6529,145,100,2581
1706674878949801103,24000,24000,9127,14873,0,0,0,15,0.000625,11.8067,255,138.856,41.7013,26.5,81.5,136.5,211.5,255.5,0,740,4,150,40.5,67.5,91.5,-38.3491,38.4384,-34.125,34.125,3.15536,6529,148,100,2562
1706674879049633429,23999,23999,9119,14880,0,0,0,0,0,11.2239,255,139.334,40.9411,24.5,84.5,136.5,210.5,255.5,0,704,4,151,40.5,67.5,91.5,-37.6234,38.3969,-33.625,34.125,3.15654,6529,144,100,2609
1706674879149869033,24000,24000,9116,14884,0,0,0,15,0.000625,11.7825,255,138.528,39.4158,31.5,84.5,136.5,203.5,255.5,0,614,4,151,40.5,67.5,90.5,-38.3935,37.6158,-34.125,33.625,3.06039,6529,147,100,2633
1706674879249713628,23999,23999,9043,14956,0,0,0,16,0.000666694,11.3042,255,139.262,39.2768,30.5,84.5,136.5,206.5,255.5,0,600,4,150,40.5,67.5,93.5,-38.4364,38.3592,-34.125,34.125,3.07582,6530,152,100,2652
1706674879349550203,24000,24000,9047,14953,0,0,0,13,0.000541667,10.6398,255,138.529,38.7274,37.5,84.5,136.5,203.5,255.5,0,549,4,151,40.5,67.5,91.5,-38.3112,38.4599,-34.625,34.125,2.90013,6531,154,100,2732
1706674879450189529,24000,24000,8984,15016,0,0,0,17,0.000708333,10.7616,255,138.495,39.1046,41.5,84.5,134.5,208.5,255.5,0,497,4,150,40.5,68.5,92.5,-38.4785,38.266,-34.625,34.375,2.9761,6531,163,100,2801
1706674879550036828,24000,24000,8970,15030,0,0,0,11,0.000458333,10.5,255,139.076,40.0535,39.5,84.5,135.5,212.5,255.5,0,654,4,150,40.5,69.5,97.5,-38.2051,38.4927,-34.375,34.625,2.97848,6532,169,100,2763
1706674879649872553,24000,24000,8968,15032,0,0,0,17,0.000708333,9.95924,255,138.73,40.2302,35.5,83.5,134.5,210.5,255.5,0,701,4,151,41.5,71.5,102.5,-38.5088,38.1418,-34.625,34.375,3.04021,6532,167,100,2746
1706674879749687741,24000,24000,9022,14978,0,0,0,12,0.0005,9.94824,255,138.731,40.0017,31.5,83.5,135.5,210.5,255.5,0,670,4,151,41.5,71.5,103.5,-38.0871,38.5079,-34.375,34.625,2.98916,6533,158,100,2739
1706674879849519411,23999,23999,8973,15026,0,0,0,17,0.000708363,11.2947,255,138.272,41.0374,30.5,81.5,135.5,216.5,255.5,0,745,4,150,41.5,71.5,99.5,-38.5054,38.0924,-34.625,34.375,3.0592,6533,149,100,2650
1706674879950156116,24000,24000,8969,15031,0,0,0,10,0.000416667,9.25714,255,139.21,41.1924,31.5,83.5,135.5,218.5,255.5,0,791,4,151,41.5,72.5,96.5,-38.1479,38.5091,-34.375,34.625,3.0865,6533,141,100,2649
1706674880050000976,23998,23998,8992,15006,0,0,0,17,0.000708392,10.445,255,138.653,40.1927,33.5,83.5,135.5,209.5,255.5,0,665,4,151,41.5,70.5,93.5,-38.4941,38.2125,-34.125,34.375,2.98679,6533,144,100,2584
1706674880149848124,24000,24000,9035,14965,0,0,0,13,0.000541667,9.38749,255,138.518,40.0304,31.5,81.5,135.5,208.5,255.5,0,676,4,151,41.5,70.5,91.5,-38.2745,38.4731,-33.875,34.125,3.0877,6534,140,100,2586
1706674880249688579,24000,24000,9166,14834,0,0,0,0,0,9.62448,255,139.693,40.5163,30.5,84.5,136.5,216.5,255.5,0,649,4,150,41.5,70.5,93.5,-37.7789,38.3229,-33.875,34.125,3.91275,6537,138,100,2589
1706674880349529471,24000,24000,9138,14862,0,0,0,16,0.000666667,10.1734,255,138.907,40.0477,21.5,82.5,136.5,209.5,255.5,0,653,4,150,41.5,70.5,89.5,-38.4549,37.6816,-34.125,33.625,3.47945,6537,144,100,2606
1706674880450164736,24000,24000,9029,14971,0,0,0,15,0.000625,9.60386,255,138.918,40.4382,33.5,83.5,135.5,212.5,255.5,0,778,3,150,40.5,68.5,85.5,-38.3701,38.4217,-34.375,34.125,3.21116,6537,145,100,2636
1706674880550025114,24000,24000,8980,15020,0,0,0,15,0.000625,10.1989,255,139.131,39.0672,29.5,85.5,136.5,206.5,255.5,0,519,4,151,40.5,67.5,87.5,-38.3868,38.4031,-34.375,34.125,3.15655,6538,152,100,2660
1706674880649869189,23999,23999,8938,15061,0,0,0,16,0.000666694,8.77415,255,139.131,39.5786,36.5,84.5,135.5,209.5,255.5,0,695,3,150,39.5,66.5,83.5,-38.4436,38.3591,-34.625,34.625,3.11975,6538,156,100,2635
1706674880749704384,24000,24000,8965,15035,0,0,0,13,0.000541667,10.8541,255,139.295,40.1615,37.5,84.5,135.5,214.5,255.5,0,737,4,150,39.5,67.5,82.5,-38.2972,38.4598,-34.625,34.625,3.04377,6539,158,100,2615
1706674880849541480,23999,23999,8955,15044,0,0,0,17,0.000708363,11.4756,255,138.598,39.2738,32.5,83.5,135.5,207.5,255.5,0,607,4,150,39.5,67.5,84.5,-38.4787,38.2523,-34.625,34.375,3.04971,6539,157,100,2645
1706674880950167553,24000,24000,8909,15091,0,0,0,11,0.000458333,10.6309,255,140.192,40.533,30.5,83.5,136.5,216.5,255.5,0,676,4,150,40.5,68.5,84.5,-38.1937,38.502,-34.375,34.625,2.87995,6539,148,100,2670
1706674881050001418,23999,23999,9021,14978,0,0,0,17,0.000708363,9.97552,255,138.728,39.9285,32.5,82.5,135.5,210.5,255.5,0,565,4,150,40.5,68.5,84.5,-38.5138,38.1168,-34.625,34.375,2.96068,6539,144,100,2623
1706674881149858287,24000,24000,9083,14917,0,0,0,13,0.000541667,9.85162,255,138.545,40.3631,35.5,82.5,134.5,212.5,255.5,0,665,4,150,39.5,67.5,84.5,-38.0628,38.5148,-34.375,34.625,2.93337,6539,148,100,2623
1706674881249696594,24000,24000,9038,14962,0,0,0,17,0.000708333,12.0709,255,138.729,40.5944,33.5,81.5,134.5,208.5,255.5,0,734,4,151,38.5,68.5,91.5,-38.5015,38.1356,-34.125,34.375,2.85502,6540,155,100,2579
1706674881349544848,24000,24000,9031,14969,0,0,0,11,0.000458333,9.51237,255,138.748,41.0744,31.5,83.5,134.5,217.5,255.5,0,643,3,150,38.5,66.5,86.5,-38.2037,38.4928,-33.875,34.125,2.9678,6541,161,100,2658
1706674881450179088,24000,24000,9101,14899,0,0,0,0,0,11.6259,255,137.847,38.6874,34.5,82.5,135.5,203.5,255.5,0,542,4,150,37.5,65.5,87.5,-37.8956,38.2566,-33.875,33.875,2.85977,6541,168,100,2712
1706674881550023558,24000,24000,9176,14824,0,0,0,17,0.000708333,10.6707,255,137.87,38.834,35.5,81.5,135.5,204.5,255.5,0,438,4,150,36.5,66.5,89.5,-38.4818,37.8088,-34.125,33.875,2.94643,6542,180,100,2631
1706674881649842924,23999,23999,9135,14864,0,0,0,13,0.000541689,10.939,255,138.129,39.2394,37.5,81.5,135.5,205.5,255.5,0,442,4,150,36.5,64.5,84.5,-38.3105,38.4627,-34.125,34.125,2.96186,6545,188,100,2725
1706674881749677941,24000,24000,8993,15007,0,0,0,16,0.000666667,11.1106,255,138.824,39.141,43.5,81.5,135.5,204.5,255.5,0,409,4,150,35.5,63.5,79.5,-38.4477,38.3534,-34.625,34.125,3.01766,6547,198,100,2726
1706674881849519536,23998,23998,8898,15100,0,0,0,16,0.000666722,13.4608,255,137.981,40.4451,39.5,80.5,134.5,211.5,255.5,0,594,4,151,34.5,62.5,79.5,-38.3933,38.4057,-34.375,34.625,3.12212,6549,209,100,2754
1706674881950156324,24000,24000,8892,15108,0,0,0,15,0.000625,10.5025,255,137.702,41.6915,32.5,77.5,134.5,215.5,255.5,0,657,4,150,34.5,63.5,81.5,-38.3604,38.4359,-34.625,34.625,3.08888,6550,215,100,2716
1706674882049988009,23999,23999,8996,15003,0,0,0,16,0.000666694,13.2546,255,138.592,41.6362,34.5,79.5,134.5,216.5,255.5,0,648,4,151,34.5,62.5,77.5,-38.4576,38.3137,-34.625,34.375,3.2444,6551,219,100,2711
1706674882149821374,23999,23999,9028,14971,0,0,0,13,0.000541689,12.6199,255,138.453,39.5865,36.5,81.5,135.5,208.5,255.5,0,452,5,151,34.5,63.5,77.5,-38.2658,38.477,-34.375,34.625,3.1708,6552,204,100,2724
1706674882249656759,24000,24000,8949,15051,0,0,0,17,0.000708333,10.2497,255,138.383,41.7724,33.5,78.5,135.5,213.5,255.5,0,703,4,150,34.5,64.5,79.5,-38.497,38.2206,-34.625,34.125,3.21828,6552,198,100,2661
1706674882349896494,24000,24000,9026,14974,0,0,0,10,0.000416667,12.3028,255,138.424,40.4111,42.5,81.5,134.5,209.5,255.5,0,643,5,155,34.5,63.5,78.5,-38.1612,38.5037,-34.375,34.125,3.08176,6554,201,100,2666
1706674882449736013,24000,24000,9081,14919,0,0,0,18,0.00075,12.3971,255,137.911,39.5218,42.5,79.5,134.5,206.5,255.5,0,484,4,150,34.5,61.5,77.5,-38.509,38.0849,-34.125,34.875,3.01647,6554,202,100,2667
1706674882549576562,24000,24000,9090,14910,0,0,0,8,0.000333333,13.1825,255,138.505,40.6572,38.5,81.5,134.5,211.5,255.5,0,497,4,150,34.5,62.5,78.5,-38.1158,38.5049,-34.125,34.125,2.80754,6554,201,100,2646
1706674882650207894,23999,23999,9069,14930,0,0,0,0,0,11.223,255,138.674,40.3936,37.5,83.5,134.5,210.5,255.5,0,472,4,150,34.5,63.5,80.5,-37.9909,38.1834,-33.875,33.875,2.87996,6556,201,100,2673
1706674882750054234,24000,24000,9135,14865,0,0,0,17,0.000708333,13.1771,255,138.934,39.6454,49.5,82.5,135.5,208.5,255.5,0,503,4,150,34.5,62.5,81.5,-38.4927,37.9199,-34.125,33.875,2.94762,6557,210,100,2688
1706674882849892637,24000,24000,9110,14890,0,0,0,12,0.0005,13.262,255,138.81,38.2458,44.5,84.5,136.5,205.5,255.5,0,324,2,150,33.5,62.5,81.5,-38.2294,38.4842,-34.125,34.125,2.85503,6559,224,100,2669
1706674882949738855,24000,24000,9013,14987,0,0,0,17,0.000708333,12.1077,255,138.325,39.3128,41.5,83.5,135.5,207.5,255.5,0,478,2,150,33.5,60.5,77.5,-38.4675,38.2881,-34.625,34.125,2.80517,6560,237,100,2561
1706674883049578380,23999,23999,8924,15075,0,0,0,14,0.000583358,13.3736,255,138.698,39.1442,47.5,84.5,136.5,206.5,255.5,0,567,2,150,34.5,60.5,76.5,-38.3402,38.4544,-34.625,34.625,2.89539,6561,238,100,2567
1706674883150206831,24000,24000,8859,15141,0,0,0,16,0.000666667,11.7321,255,138.173,40.4395,40.5,81.5,135.5,208.5,255.5,0,630,2,150,34.5,60.5,77.5,-38.4124,38.386,-34.625,34.375,2.89539,6562,239,100,2653
1706674883250051910,23999,23999,8870,15129,0,0,0,16,0.000666694,11.8398,255,138.137,39.1642,37.5,83.5,134.5,205.5,255.5,0,488,2,150,34.5,61.5,79.5,-38.4151,38.389,-34.625,34.375,2.89776,6562,232,100,2568
1706674883349896279,23999,23999,9045,14954,0,0,0,15,0.000625026,12.2595,255,138.989,40.205,43.5,83.5,135.5,216.5,255.5,0,580,2,150,34.5,62.5,80.5,-38.3411,38.4424,-34.625,34.625,2.98086,6562,226,100,2669
1706674883449730458,24000,24000,9101,14899,0,0,0,17,0.000708333,5.2949,255,138.417,39.4568,40.5,82.5,135.5,207.5,255.5,0,475,1,150,35.5,62.5,80.5,-38.4621,38.313,-34.625,34.125,2.91794,6563,230,100,2574
1706674883549574454,23999,23999,9013,14986,0,0,0,12,0.000500021,12.9125,255,138.694,40.31,35.5,82.5,135.5,210.5,255.5,0,498,2,150,35.5,61.5,82.5,-38.2369,38.4906,-34.125,34.125,2.95831,6563,221,100,2647
1706674883650208756,24000,24000,9037,14963,0,0,0,18,0.00075,12.9661,255,139.025,39.8404,44.5,85.5,134.5,213.5,255.5,0,618,2,159,35.5,61.5,82.5,-38.502,38.0745,-34.125,34.375,2.94643,6563,224,100,2628
1706674883750045492,24000,24000,9116,14884,0,0,0,4,0.000166667,13.6006,255,138.486,38.5094,39.5,85.5,135.5,205.5,255.5,0,460,1,159,34.5,59.5,77.5,-38.0061,38.5108,-33.875,34.875,2.931,6567,224,100,2618
1706674883849890099,24000,24000,9091,14909,0,0,0,9,0.000375,12.3772,255,138.712,38.9783,44.5,84.5,135.5,207.5,255.5,0,490,3,150,35.5,60.5,77.5,-38.1103,38.0695,-34.125,34.125,2.90489,6570,229,100,2662
1706674883949727281,23999,23999,9074,14925,0,0,0,17,0.000708363,15.5237,255,137.616,38.1193,34.5,84.5,135.5,204.5,255.5,0,330,3,150,35.5,59.5,76.5,-38.5207,38.0575,-34.125,33.875,2.89776,6574,253,100,2628
1706674884049576811,24000,24000,9099,14901,0,0,0,9,0.000375,15.1592,255,138.466,38.3606,37.5,86.5,134.5,205.5,255.5,0,488,3,150,35.5,59.5,72.5,-38.1412,38.5067,-34.375,34.125,2.92863,6581,268,100,2549
1706674884150212686,24000,24000,8993,15007,0,0,0,17,0.000708333,11.7403,255,138.024,37.4775,37.5,86.5,135.5,201.5,255.5,0,467,3,150,35.5,60.5,74.5,-38.4969,38.212,-34.625,34.125,3.01054,6586,283,100,2510
1706674884250056962,24000,24000,8939,15061,0,0,0,12,0.0005,11.7556,255,137.966,39.0973,34.5,85.5,135.5,207.5,255.5,0,562,4,160,35.5,61.5,75.5,-38.2648,38.4811,-34.375,34.625,3.00104,6586,258,100,2515
1706674884349893720,24000,24000,8906,15094,0,0,0,16,0.000666667,11.3269,255,137.964,38.7526,34.5,85.5,134.5,205.5,255.5,0,599,3,159,36.5,62.5,78.5,-38.456,38.3118,-34.625,34.375,3.08295,6586,242,100,2451
1706674884449725168,23999,23999,8874,15125,0,0,0,15,0.000625026,13.0223,255,137.575,37.7784,29.5,86.5,134.5,200.5,255.5,0,492,4,150,36.5,62.5,78.5,-38.3526,38.4371,-34.625,34.625,3.07583,6586,228,100,2602
1706674884549572289,24000,24000,8907,15093,0,0,0,16,0.000666667,13.5212,255,138.686,38.5137,35.5,86.5,135.5,205.5,255.5,0,612,3,161,36.5,62.5,80.5,-38.4095,38.3906,-34.625,34.625,3.14468,6586,215,100,2540
1706674884650227231,24000,24000,9102,14898,0,0,0,16,0.000666667,12.8339,255,138.737,38.7369,32.5,85.5,135.5,208.5,255.5,0,656,2,150,36.5,62.5,78.5,-38.4172,38.3586,-34.625,34.125,3.14231,6587,214,100,2603
1706674884750073027,23999,23999,9058,14941,0,0,0,14,0.000583358,12.5435,255,139.006,39.0478,34.5,87.5,135.5,211.5,255.5,0,626,3,158,36.5,63.5,81.5,-38.31,38.4569,-34.125,34.125,3.21354,6588,212,100,2567
1706674884849913134,24000,24000,9042,14958,0,0,0,17,0.000708333,12.6234,255,137.932,38.6549,31.5,84.5,134.5,202.5,255.5,0,608,3,183,36.5,63.5,80.5,-38.4867,37.8091,-34.125,33.875,3.03666,6588,206,100,2603
1706674884949765924,24000,24000,9063,14937,0,0,0,0,0,11.0905,255,138.677,38.9943,30.5,84.5,135.5,203.5,255.5,0,548,2,150,35.5,63.5,81.5,-37.9106,38.2591,-33.875,34.125,3.1067,6588,204,100,2530
1706674885049598621,23999,23999,9081,14918,0,0,0,11,0.000458352,11.192,255,138.585,38.4321,39.5,84.5,134.5,203.5,255.5,0,501,3,157,34.5,63.5,84.5,-38.1947,38.5049,-33.875,34.875,2.95593,6588,222,100,2572
1706674885149854384,24000,24000,9060,14940,0,0,0,18,0.00075,11.9404,255,139.195,39.1216,47.5,83.5,135.5,209.5,255.5,0,490,3,157,34.5,62.5,80.5,-38.5031,38.1392,-34.125,33.875,3.0046,6588,227,100,2589
1706674885249693302,24000,24000,9036,14964,0,0,0,12,0.0005,11.5246,255,139.097,41.597,38.5,81.5,134.5,225.5,255.5,0,872,3,150,33.5,63.5,83.5,-38.0841,38.5115,-34.375,34.125,3.02478,6588,228,100,2498
1706674885349527178,24000,24000,9093,14907,0,0,0,17,0.000708333,11.231,255,137.537,39.9998,48.5,81.5,132.5,210.5,255.5,0,643,4,164,33.5,62.5,77.5,-38.5111,38.1124,-34.625,34.375,3.09601,6588,221,100,2511
1706674885450174225,23999,23999,8932,15067,0,0,0,11,0.000458352,11.2749,255,138.263,38.8661,52.5,82.5,135.5,205.5,255.5,0,512,3,182,33.5,62.5,75.5,-38.1884,38.5019,-34.375,34.625,3.14469,6588,212,100,2455
1706674885550022954,24000,24000,8854,15146,0,0,0,17,0.000708333,13.627,255,137.561,39.9789,40.5,82.5,133.5,211.5,255.5,0,621,3,165,33.5,62.5,76.5,-38.4848,38.245,-34.625,34.375,3.30139,6588,199,100,2518
1706674885649853223,24000,24000,8914,15086,0,0,0,13,0.000541667,11.4544,255,136.604,38.4576,39.5,81.5,133.5,201.5,255.5,0,456,4,156,33.5,61.5,75.5,-38.2972,38.4698,-34.625,34.625,3.3465,6588,183,100,2515
1706674885749688530,24000,24000,8980,15020,0,0,0,17,0.000708333,11.4512,255,137.976,39.6645,41.5,80.5,134.5,207.5,255.5,0,558,2,151,33.5,61.5,73.5,-38.4502,38.3378,-34.625,34.375,3.28596,6588,176,100,2563
1706674885849517646,24000,24000,9036,14964,0,0,0,15,0.000625,10.7937,255,137.14,37.9216,38.5,82.5,134.5,201.5,255.5,0,446,3,176,33.5,60.5,71.5,-38.3697,38.4124,-34.375,34.125,3.20761,6588,174,100,2662
1706674885950147330,23999,23999,9107,14892,0,0,0,15,0.000625026,12.8545,255,136.445,37.8379,40.5,81.5,133.5,199.5,255.5,0,404,3,151,33.5,59.5,72.5,-38.3775,38.4144,-34.125,34.125,3.25153,6588,170,100,2647
1706674886049985696,24000,24000,9034,14966,0,0,0,16,0.000666667,13.8591,255,137.466,40.3778,41.5,80.5,134.5,208.5,255.5,0,597,3,215,32.5,59.5,74.5,-38.4488,37.6656,-34.125,33.625,3.22897,6588,167,100,2621
1706674886149830350,23998,23998,9091,14907,0,0,0,0,0,10.9871,255,137.115,40.4602,39.5,80.5,134.5,207.5,255.5,0,655,3,181,32.5,59.5,72.5,-37.7448,38.3365,-33.875,34.125,3.15893,6588,172,100,2602
1706674886249671104,24000,24000,9094,14906,0,0,0,13,0.000541667,12.6236,255,137.206,40.0641,42.5,80.5,133.5,206.5,255.5,0,624,3,209,31.5,58.5,71.5,-38.2954,38.4707,-34.125,34.375,3.09008,6588,172,100,2606
1706674886349523398,23999,23999,9044,14955,0,0,0,17,0.000708363,13.9221,255,137.317,38.5101,41.5,81.5,134.5,202.5,255.5,0,394,3,174,30.5,58.5,71.5,-38.4807,38.2461,-34.125,34.875,3.34769,6588,184,100,2593
1706674886450176444,23999,23999,8980,15019,0,0,0,10,0.000416684,13.7425,255,137.193,40.0723,39.5,80.5,134.5,205.5,255.5,0,599,4,174,30.5,58.5,72.5,-38.1859,38.5009,-34.375,34.125,3.07584,6588,193,100,2572
1706674886549995718,24000,24000,9013,14987,0,0,0,18,0.00075,13.7747,255,136.797,40.0521,36.5,79.5,133.5,205.5,255.5,0,594,4,198,30.5,58.5,71.5,-38.5157,38.1028,-34.625,34.375,3.29189,6588,191,100,2608
1706674886649848563,23999,23999,9063,14936,0,0,0,11,0.000458352,11.2916,255,136.964,40.4498,38.5,80.5,133.5,208.5,255.5,0,618,4,152,30.5,58.5,72.5,-38.0881,38.5099,-34.375,34.625,3.59817,6588,190,100,2593
1706674886749682282,24000,24000,8875,15125,0,0,0,17,0.000708333,13.271,255,136.183,39.0056,32.5,78.5,133.5,203.5,255.5,0,383,4,223,30.5,58.5,72.5,-38.4996,38.1627,-34.625,34.375,3.48302,6588,188,100,2619
1706674886849520569,24000,24000,8872,15128,0,0,0,12,0.0005,13.2362,255,136.44,38.8437,35.5,80.5,133.5,201.5,255.5,0,413,4,167,30.5,59.5,73.5,-38.2298,38.4957,-34.375,34.625,3.23847,6588,179,100,2525
1706674886950143911,24000,24000,8949,15051,0,0,0,16,0.000666667,13.0439,255,137.296,41.3607,31.5,80.5,133.5,212.5,255.5,0,641,3,164,30.5,58.5,73.5,-38.4734,38.2765,-34.625,34.375,3.20998,6588,174,100,2581
1706674887049966490,23999,23999,9084,14915,0,0,0,13,0.000541689,13.3122,255,136.607,39.2815,32.5,81.5,134.5,200.5,255.5,0,526,4,195,30.5,58.5,72.5,-38.319,38.4451,-34.625,34.125,3.09839,6589,169,100,2660
1706674887149807319,23999,23999,9136,14863,0,0,0,16,0.000666694,12.6968,255,137.217,39.5471,32.5,81.5,134.5,204.5,255.5,0,480,4,184,30.5,58.5,73.5,-38.4195,38.3643,-34.125,34.125,3.07821,6589,171,100,2651
1706674887249646217,24000,24000,9133,14867,0,0,0,15,0.000625,13.1665,255,138.12,41.6705,28.5,81.5,134.5,212.5,255.5,0,688,3,224,30.5,58.5,74.5,-38.4134,37.587,-34.125,33.625,3.07465,6589,170,100,2582
1706674887349886136,23999,23999,9053,14946,0,0,0,0,0,15.1238,255,138.499,42.2177,32.5,80.5,134.5,221.5,255.5,0,886,4,208,30.5,59.5,78.5,-37.6283,38.3902,-33.625,34.125,3.04378,6589,171,100,2448
1706674887449728518,24000,24000,9060,14940,0,0,0,14,0.000583333,12.9421,255,138.532,42.1902,29.5,81.5,135.5,215.5,255.5,0,721,4,195,30.5,59.5,79.5,-38.3587,38.4397,-34.125,34.125,3.31801,6589,165,100,2491
1706674887549559448,23999,23999,9063,14936,0,0,0,16,0.000666694,13.5215,255,138.615,41.7393,28.5,81.5,135.5,215.5,255.5,0,651,4,230,30.5,58.5,77.5,-38.4551,38.3085,-34.125,34.625,3.08177,6589,169,100,2446
1706674887650196761,24000,24000,9014,14986,0,0,0,12,0.0005,14.3324,255,138.986,41.3393,37.5,82.5,135.5,218.5,255.5,0,683,3,255,31.5,56.5,80.5,-38.2677,38.479,-34.625,34.125,3.13875,6589,168,100,2492
1706674887750044811,24000,24000,8951,15049,0,0,0,17,0.000708333,13.2715,255,137.743,41.7045,26.5,79.5,134.5,208.5,255.5,0,788,3,255,31.5,56.5,77.5,-38.5005,38.1895,-34.625,34.375,3.07227,6589,170,100,2561
1706674887849875603,23999,23999,9019,14980,0,0,0,8,0.000333347,15.8108,255,138.413,41.7258,29.5,80.5,134.5,212.5,255.5,0,652,4,255,32.5,56.5,74.5,-38.1324,38.5031,-34.375,34.625,3.13638,6589,164,100,2556
1706674887949716366,24000,24000,9019,14981,0,0,0,17,0.000708333,13.5021,255,138.399,40.6218,25.5,81.5,135.5,206.5,255.5,0,577,3,255,33.5,57.5,75.5,-38.5156,38.0743,-34.625,34.375,3.02954,6589,162,100,2605
1706674888049565209,24000,24000,8918,15082,0,0,0,9,0.000375,16.1739,255,138.202,40.4029,32.5,81.5,135.5,208.5,255.5,0,523,4,255,33.5,57.5,75.5,-38.128,38.5117,-34.375,34.625,3.09602,6589,151,100,2542
1706674888150204201,23999,23999,8924,15075,0,0,0,17,0.000708363,15.0464,255,137.464,40.9883,26.5,80.5,135.5,207.5,255.5,0,631,4,255,34.5,58.5,79.5,-38.4944,38.1936,-34.625,34.375,2.93338,6592,160,100,2482
1706674888250036382,23999,23999,8999,15000,0,0,0,12,0.000500021,14.9593,255,138.229,40.7714,30.5,82.5,135.5,207.5,255.5,0,598,4,255,34.5,58.5,77.5,-38.2614,38.4828,-34.375,34.125,2.93576,6592,165,100,2582
1706674888349887400,24000,24000,9141,14859,0,0,0,16,0.000666667,14.7663,255,137.592,41.1353,25.5,80.5,134.5,210.5,255.5,0,639,4,254,33.5,58.5,84.5,-38.4695,38.311,-34.125,34.125,2.97375,6592,169,100,2681
1706674888449729032,24000,24000,9165,14835,0,0,0,14,0.000583333,13.6513,255,137.177,39.709,30.5,81.5,135.5,203.5,255.5,0,527,3,255,34.5,59.5,80.5,-38.3588,37.7203,-34.125,33.875,2.9322,6594,180,100,2646
1706674888549559945,24000,24000,9135,14865,0,0,0,0,0,13.1919,255,138.467,39.6908,29.5,83.5,135.5,205.5,255.5,0,570,4,255,34.5,59.5,77.5,-37.6193,38.4289,-33.625,34.125,2.88115,6596,188,100,2763
1706674888650217079,23998,23998,9038,14960,0,0,0,16,0.000666722,13.5134,255,137.84,40.0453,26.5,81.5,135.5,207.5,255.5,0,483,4,255,35.5,58.5,75.5,-38.3991,38.3933,-34.125,34.125,2.8859,6597,200,100,2638
1706674888750057994,23999,23999,8996,15003,0,0,0,16,0.000666694,13.0939,255,137.98,39.8451,28.5,80.5,135.5,209.5,255.5,0,531,4,255,35.5,59.5,75.5,-38.4233,38.3699,-34.125,34.375,2.84554,6604,197,100,2650
1706674888849904698,24000,24000,9020,14980,0,0,0,14,0.000583333,12.8293,255,137.24,40.0672,31.5,80.5,134.5,205.5,255.5,0,496,4,255,35.5,59.5,76.5,-38.3311,38.4546,-34.375,34.625,2.95238,6605,205,100,2685
1706674888949736680,24000,24000,8988,15012,0,0,0,17,0.000708333,13.7972,255,136.667,39.9688,27.5,78.5,134.5,202.5,255.5,0,494,4,255,36.5,60.5,75.5,-38.4884,38.2685,-34.625,34.375,3.33701,6605,202,100,2644
1706674889049592274,24000,24000,8924,15076,0,0,0,12,0.0005,11.7334,255,138.396,41.5625,32.5,78.5,135.5,214.5,255.5,0,589,4,255,36.5,61.5,78.5,-38.2013,38.4958,-34.375,34.625,3.76319,6605,198,100,2577
1706674889149821005,24000,24000,8990,15010,0,0,0,18,0.00075,12.3052,255,138.11,40.166,29.5,78.5,136.5,207.5,255.5,0,446,4,171,37.5,61.5,75.5,-38.511,38.1368,-34.625,34.375,3.24204,6605,191,100,2657
1706674889249651557,24000,24000,9023,14977,0,0,0,13,0.000541667,11.883,255,138.641,41.6949,25.5,75.5,136.5,213.5,255.5,0,650,4,255,37.5,61.5,75.5,-38.0944,38.4982,-34.375,34.625,3.13757,6606,184,100,2497
1706674889349895987,23999,23999,8960,15039,0,0,0,17,0.000708363,11.7181,255,138.874,41.8755,24.5,77.5,136.5,214.5,255.5,0,552,3,255,37.5,62.5,78.5,-38.5104,38.1047,-34.625,34.375,3.06278,6607,185,100,2563
1706674889449728244,24000,24000,9029,14971,0,0,0,10,0.000416667,11.1472,255,138.812,41.1259,27.5,77.5,136.5,208.5,255.5,0,613,3,150,37.5,63.5,79.5,-38.1673,38.5099,-34.375,34.125,3.07465,6607,179,100,2640
1706674889549584573,24000,24000,9029,14971,0,0,0,17,0.000708333,11.9457,255,138.179,40.7689,30.5,79.5,135.5,206.5,255.5,0,579,3,165,37.5,63.5,80.5,-38.4901,38.2316,-34.125,33.875,2.91083,6607,181,100,2697
1706674889649824614,24000,24000,9157,14843,0,0,0,13,0.000541667,12.2686,255,137.755,41.1331,26.5,76.5,135.5,204.5,255.5,0,619,3,255,36.5,63.5,79.5,-38.2851,37.8448,-34.125,33.875,2.91558,6607,195,100,2634
1706674889749674355,23999,23999,9198,14801,0,0,0,0,0,11.5426,255,138.955,43.8943,23.5,69.5,137.5,217.5,255.5,0,612,3,255,36.5,63.5,82.5,-37.763,38.4775,-33.875,34.125,2.84079,6611,201,100,2630
1706674889849515881,23999,23999,9042,14957,0,0,0,17,0.000708363,10.3457,255,138.406,44.6753,24.5,56.5,137.5,215.5,255.5,0,540,3,255,35.5,63.5,83.5,-38.4567,38.3269,-34.125,34.125,2.82536,6612,204,100,2639
1706674889950156195,23999,23999,8975,15024,0,0,0,15,0.000625026,9.34806,255,137.152,47.3211,22.5,36.5,136.5,224.5,255.5,0,892,3,150,34.5,62.5,77.5,-38.3607,38.4271,-34.125,34.625,2.94051,6615,212,100,2640
1706674890049987277,23999,23999,8936,15063,0,0,0,16,0.000666694,10.8829,255,133.026,43.7052,23.5,35.5,133.5,201.5,248.5,0,208,3,150,33.5,60.5,72.5,-38.4009,38.3926,-34.625,34.375,3.0794,6616,219,100,2525
1706674890149832475,23999,23999,8955,15044,0,0,0,17,0.000708363,11.0702,255,135.641,43.3422,24.5,51.5,135.5,203.5,255.5,0,388,4,150,34.5,60.5,70.5,-38.4346,38.3509,-34.625,34.625,3.0889,6619,212,100,2544
1706674890249678540,24000,24000,9068,14932,0,0,0,13,0.000541667,8.46761,255,134.816,46.3051,22.5,32.5,135.5,208.5,255.5,0,491,3,150,34.5,60.5,72.5,-38.3124,38.4667,-34.625,34.625,3.12807,6619,202,100,2507
1706674890349521154,24000,24000,8929,15071,0,0,0,17,0.000708333,10.9531,255,135.918,46.0626,21.5,42.5,135.5,211.5,255.5,0,628,3,150,35.5,61.5,74.5,-38.4813,38.2512,-34.625,34.375,3.16844,6619,192,100,2547
1706674890450151171,24000,24000,8979,15021,0,0,0,11,0.000458333,8.30211,255,136.649,46.7533,20.5,37.5,136.5,212.5,255.5,0,720,3,150,35.5,61.5,75.5,-38.1976,38.5047,-34.375,34.625,3.02717,6619,190,100,2545
1706674890550003440,24000,24000,8988,15012,0,0,0,18,0.00075,10.967,255,137.275,44.0496,20.5,64.5,135.5,211.5,255.5,0,535,4,150,35.5,61.5,74.5,-38.5138,38.1364,-34.625,34.375,3.30021,6619,188,100,2590
1706674890649840219,24000,24000,9076,14924,0,0,0,12,0.0005,8.21965,255,137.996,46.0374,20.5,51.5,136.5,217.5,255.5,0,739,3,150,35.5,61.5,74.5,-38.0645,38.5042,-34.375,34.125,3.16607,6619,184,100,2569
1706674890749679277,23999,23999,9067,14932,0,0,0,17,0.000708363,9.99804,255,137.302,46.6627,20.5,48.5,137.5,217.5,255.5,0,781,2,150,36.5,61.5,74.5,-38.5079,38.1231,-34.125,34.125,3.18862,6619,180,100,2615
1706674890849514146,23999,23999,9107,14892,0,0,0,11,0.000458352,10.5569,255,138.67,45.3378,20.5,64.5,136.5,216.5,255.5,0,659,3,150,36.5,61.5,73.5,-38.1876,37.9943,-33.875,33.875,3.15776,6619,179,100,2557
1706674890950138571,24000,24000,9127,14873,0,0,0,0,0,10.918,255,138.708,44.6747,21.5,66.5,137.5,217.5,255.5,0,587,3,150,35.5,61.5,74.5,-37.9259,38.5062,-33.875,34.125,2.969,6620,178,100,2684
1706674891049965246,24000,24000,9092,14908,0,0,0,17,0.000708333,13.0824,255,137.682,43.8444,21.5,68.5,135.5,211.5,255.5,0,611,3,150,35.5,62.5,74.5,-38.4861,38.2332,-34.125,34.125,2.87641,6620,182,100,2761
1706674891149786507,23999,23999,9000,14999,0,0,0,13,0.000541689,9.58397,255,137.684,44.5279,20.5,68.5,136.5,212.5,255.5,0,581,2,150,35.5,62.5,76.5,-38.2814,38.4709,-34.125,34.625,2.94407,6620,183,100,2649
1706674891249629339,24000,24000,8924,15076,0,0,0,17,0.000708333,9.36942,255,138.062,44.3006,19.5,72.5,137.5,213.5,255.5,0,651,3,150,35.5,63.5,77.5,-38.4364,38.3506,-34.625,34.375,2.98444,6620,176,100,2606
1706674891349866851,24000,24000,8880,15120,0,0,0,15,0.000625,9.29621,255,138.197,43.5852,20.5,73.5,136.5,210.5,255.5,0,599,3,150,36.5,64.5,78.5,-38.3832,38.4101,-34.625,34.625,2.98562,6620,170,100,2628
1706674891449704293,24000,24000,8948,15052,0,0,0,15,0.000625,9.49985,255,138.702,44.0882,20.5,71.5,137.5,214.5,255.5,0,569,4,150,36.5,64.5,79.5,-38.3773,38.428,-34.375,34.625,2.99275,6620,169,100,2542
1706674891549543029,23999,23999,9050,14949,0,0,0,17,0.000708363,10.3431,255,137.724,43.0097,19.5,65.5,137.5,207.5,255.5,0,450,3,150,36.5,64.5,79.5,-38.4515,38.3339,-34.625,34.625,3.12808,6620,158,100,2579
1706674891650168521,23999,23999,9032,14967,0,0,0,13,0.000541689,8.67215,255,138.17,44.7217,19.5,64.5,136.5,213.5,255.5,0,595,2,150,37.5,64.5,82.5,-38.2807,38.4709,-34.125,34.625,2.98562,6620,157,100,2550
1706674891750013218,24000,24000,9015,14985,0,0,0,17,0.000708333,11.3823,255,138.73,43.9879,18.5,74.5,136.5,217.5,255.5,0,708,4,150,36.5,63.5,79.5,-38.4887,38.2307,-34.625,34.125,3.00699,6620,162,100,2598
1706674891849864697,24000,24000,9055,14945,0,0,0,9,0.000375,12.4713,255,139.27,42.9257,20.5,76.5,137.5,211.5,255.5,0,654,3,150,36.5,62.5,79.5,-38.1698,38.5068,-34.625,34.125,3.04735,6621,161,100,2554
1706674891949712882,24000,24000,9060,14940,0,0,0,17,0.000708333,11.6106,255,139.027,43.3446,19.5,77.5,136.5,217.5,255.5,0,754,3,150,36.5,62.5,81.5,-38.509,38.0187,-34.125,33.875,3.00462,6621,162,100,2585
1706674892049551776,24000,24000,9078,14922,0,0,0,7,0.000291667,11.6567,255,139.846,44.8009,20.5,74.5,137.5,226.5,255.5,0,881,3,150,36.5,62.5,79.5,-38.0921,38.1019,-33.875,33.875,3.13995,6622,161,100,2602
1706674892150201628,24000,24000,9186,14814,0,0,0,4,0.000166667,14.0744,255,138.754,42.7381,21.5,76.5,135.5,216.5,255.5,0,690,4,151,35.5,61.5,81.5,-38.0269,38.515,-34.125,34.125,2.93101,6622,172,100,2662
1706674892250048306,24000,24000,9058,14942,0,0,0,18,0.00075,13.5407,255,137.337,41.6457,20.5,73.5,135.5,209.5,255.5,0,521,4,150,35.5,60.5,76.5,-38.5074,38.16,-34.125,34.375,2.94645,6624,171,100,2642
1706674892349889578,24000,24000,8994,15006,0,0,0,12,0.0005,14,255,138.046,40.4331,23.5,82.5,134.5,210.5,255.5,0,524,4,150,36.5,60.5,76.5,-38.2244,38.4965,-34.125,34.625,2.9144,6628,180,100,2669
1706674892449726819,24000,24000,8955,15045,0,0,0,17,0.000708333,13.0761,255,138.657,40.7737,24.5,84.5,135.5,211.5,255.5,0,748,4,150,36.5,61.5,77.5,-38.4682,38.2966,-34.625,34.375,3.24679,6628,173,100,2635
1706674892549565179,23999,23999,8897,15102,0,0,0,14,0.000583358,12.2919,255,138.037,38.9618,23.5,85.5,135.5,204.5,255.5,0,572,4,150,37.5,61.5,75.5,-38.3339,38.4459,-34.625,34.625,3.17082,6628,167,100,2671
1706674892650189494,24000,24000,8916,15084,0,0,0,16,0.000666667,12.0401,255,138.295,39.6744,22.5,81.5,136.5,205.5,255.5,0,554,4,150,37.5,61.5,76.5,-38.423,38.3739,-34.625,34.375,3.24798,6629,159,100,2645
1706674892750021619,24000,24000,9051,14949,0,0,0,16,0.000666667,12.2424,255,138.521,39.0188,26.5,84.5,135.5,206.5,255.5,0,560,4,150,37.5,61.5,75.5,-38.4079,38.3969,-34.375,34.375,3.3382,6629,154,100,2686
1706674892849851638,23999,23999,9001,14998,0,0,0,14,0.000583358,9.46098,255,139.027,39.163,24.5,84.5,136.5,207.5,255.5,0,623,3,150,38.5,62.5,79.5,-38.3527,38.4341,-34.375,34.625,3.07466,6629,152,100,2630
1706674892949687467,24000,24000,9031,14969,0,0,0,17,0.000708333,12.7672,255,138.593,38.9471,28.5,84.5,134.5,203.5,255.5,0,659,4,151,37.5,62.5,79.5,-38.4648,38.3144,-34.125,34.125,3.01411,6629,151,100,2596
1706674893049529866,23999,23999,9076,14923,0,0,0,0,0,12.4444,255,138.524,39.5294,23.5,85.5,135.5,205.5,255.5,0,653,4,150,37.5,62.5,80.5,-37.814,38.4828,-34.375,34.125,2.98325,6629,155,100,2638
1706674893150158448,24000,24000,9046,14954,0,0,0,17,0.000708333,12.0008,255,138.419,39.3257,35.5,83.5,135.5,205.5,255.5,0,716,4,150,36.5,62.5,82.5,-38.4996,37.8925,-34.125,33.875,3.03311,6631,155,100,2707
1706674893249990845,24000,24000,9047,14953,0,0,0,0,0,11.7715,255,138.722,40.1976,28.5,83.5,135.5,214.5,255.5,0,668,4,150,36.5,62.5,80.5,-37.9696,38.2074,-33.875,33.875,3.20406,6633,157,100,2676
1706674893349823581,23999,23999,9088,14911,0,0,0,9,0.000375016,11.9177,255,138.507,39.3561,31.5,83.5,135.5,206.5,255.5,0,593,4,150,36.5,60.5,74.5,-38.1464,38.5136,-34.125,34.125,3.10671,6636,166,100,2710
1706674893449672976,24000,24000,9155,14845,0,0,0,17,0.000708333,11.6226,255,137.752,38.1336,37.5,83.5,135.5,199.5,255.5,0,541,4,150,36.5,60.5,76.5,-38.5138,38.0813,-34.125,34.375,3.44149,6639,173,100,2722
1706674893549506297,23999,23999,9019,14980,0,0,0,11,0.000458352,11.0186,255,138.113,38.6566,43.5,84.5,135.5,203.5,255.5,0,683,4,150,36.5,61.5,79.5,-38.1234,38.5164,-34.375,34.625,2.99512,6639,160,100,2705
1706674893650146083,24000,24000,8878,15122,0,0,0,17,0.000708333,12.4211,255,138.473,39.2989,38.5,80.5,135.5,204.5,255.5,0,583,4,150,37.5,62.5,77.5,-38.5028,38.1728,-34.625,34.375,2.87285,6640,144,100,2682
1706674893749981167,24000,24000,8853,15147,0,0,0,12,0.0005,10.9905,255,138.192,38.8287,31.5,83.5,135.5,203.5,255.5,0,608,4,151,38.5,62.5,79.5,-38.2386,38.4984,-34.375,34.625,3.02005,6640,137,100,2563
1706674893849818426,24000,24000,8933,15067,0,0,0,17,0.000708333,11.0315,255,137.899,38.4433,35.5,82.5,135.5,205.5,255.5,0,482,4,150,38.5,62.5,79.5,-38.4693,38.2975,-34.625,34.375,2.95595,6640,133,100,2598
1706674893949663347,24000,24000,8992,15008,0,0,0,14,0.000583333,10.4874,255,137.699,39.5484,28.5,81.5,134.5,204.5,255.5,0,545,4,150,38.5,63.5,89.5,-38.3355,38.442,-34.625,34.625,3.11621,6640,134,100,2526
1706674894049505605,23999,23999,9089,14910,0,0,0,16,0.000666694,10.1746,255,138.395,38.9747,29.5,83.5,135.5,201.5,255.5,0,617,4,151,38.5,63.5,86.5,-38.4173,38.3874,-34.125,34.375,3.08891,6640,136,100,2477
1706674894150151235,23999,23999,8966,15033,0,0,0,15,0.000625026,11.36,255,138.822,40.3029,31.5,82.5,135.5,210.5,255.5,0,605,4,151,38.5,64.5,88.5,-38.4194,38.3718,-34.125,34.125,3.13639,6641,128,100,2518
1706674894249983237,23999,23999,9095,14904,0,0,0,0,0,10.3138,255,138.35,39.8974,39.5,82.5,135.5,213.5,255.5,0,674,4,151,37.5,63.5,80.5,-37.6763,38.449,-33.625,34.125,3.13283,6641,131,100,2490
1706674894349831708,24000,24000,9121,14879,0,0,0,32,0.00133333,12.4671,255,138.381,40.5924,40.5,81.5,135.5,209.5,255.5,0,763,4,150,37.5,63.5,81.5,-38.4698,37.7548,-34.875,33.875,3.11621,6641,131,100,2532
1706674894449659780,24000,24000,9101,14899,0,0,0,0,0,9.41803,255,138.804,38.7303,42.5,84.5,135.5,205.5,255.5,0,534,3,150,36.5,63.5,78.5,-37.8268,38.2912,-34.125,34.125,3.18506,6644,142,100,2566
1706674894549895696,23999,23999,9032,14967,0,0,0,13,0.000541689,12.0564,255,139.487,39.8181,35.5,82.5,136.5,208.5,255.5,0,575,4,150,36.5,64.5,81.5,-38.2516,38.4856,-33.875,34.125,3.02006,6644,145,100,2637
1706674894649736859,24000,24000,9025,14975,0,0,0,17,0.000708333,12.4988,255,139.14,39.2259,41.5,84.5,136.5,205.5,255.5,0,601,4,150,35.5,64.5,81.5,-38.5014,38.1885,-34.125,34.375,3.01412,6646,148,100,2667
1706674894749568462,23999,23999,9070,14929,0,0,0,10,0.000416684,11.882,255,138.518,39.9903,38.5,83.5,134.5,208.5,255.5,0,657,4,150,35.5,63.5,81.5,-38.1286,38.5055,-34.375,34.625,3.04261,6646,146,100,2626
1706674894850219507,24000,24000,8987,15013,0,0,0,18,0.00075,10.1033,255,139.133,39.3469,41.5,84.5,135.5,207.5,255.5,0,599,4,150,35.5,62.5,79.5,-38.5188,38.0718,-34.625,34.375,2.98681,6646,146,100,2619
1706674894950049592,23999,23999,8849,15150,0,0,0,10,0.000416684,12.3367,255,139.334,41.0248,34.5,82.5,135.5,213.5,255.5,0,626,4,150,35.5,63.5,86.5,-38.1554,38.5039,-34.375,34.625,3.03667,6646,142,100,2593
1706674895049882500,23998,23998,8861,15137,0,0,0,17,0.000708392,9.55711,255,139.277,40.1482,35.5,81.5,136.5,209.5,255.5,0,692,3,150,34.5,61.5,79.5,-38.4984,38.2106,-34.625,34.375,2.91796,6647,144,100,2532
1706674895149722934,23999,23999,8959,15040,0,0,0,13,0.000541689,12.8983,255,138.506,39.7301,30.5,82.5,136.5,206.5,255.5,0,554,4,150,34.5,59.5,72.5,-38.2686,38.4793,-34.375,34.625,3.11503,6647,145,100,2526
1706674895249553851,24000,24000,9088,14912,0,0,0,16,0.000666667,14.5111,255,138.598,39.2258,33.5,83.5,135.5,206.5,255.5,0,488,4,150,33.5,56.5,72.5,-38.4509,38.3139,-34.125,34.375,3.15301,6649,146,100,2587
1706674895350195288,24000,24000,9063,14937,0,0,0,14,0.000583333,14.1399,255,138.184,39.6381,34.5,83.5,135.5,207.5,255.5,0,615,4,150,33.5,56.5,70.5,-38.3702,38.4276,-34.125,34.125,3.06042,6650,147,100,2564
1706674895450038027,23999,23999,9055,14944,0,0,0,0,0,11.8394,255,138.764,40.4084,30.5,83.5,134.5,212.5,255.5,0,701,4,150,33.5,55.5,69.5,-37.5935,38.4006,-33.625,34.125,3.05092,6651,151,100,2551
1706674895549880894,23999,23999,9057,14942,0,0,0,15,0.000625026,14.2351,255,138.608,41.1922,32.5,82.5,134.5,218.5,255.5,0,719,4,150,32.5,55.5,69.5,-38.393,37.6191,-34.125,33.625,3.05804,6651,151,100,2534
1706674895649724884,24000,24000,9098,14902,0,0,0,16,0.000666667,13.8472,255,138.366,38.3639,39.5,85.5,136.5,202.5,255.5,0,470,4,150,32.5,55.5,69.5,-38.4351,38.354,-35.125,34.125,2.8681,6652,155,100,2574
1706674895749551427,24000,24000,9086,14914,0,0,0,14,0.000583333,12.2531,255,138.345,38.8508,48.5,83.5,135.5,205.5,255.5,0,580,4,150,32.5,55.5,70.5,-38.3005,38.4676,-34.125,34.125,2.98801,6654,151,100,2686
1706674895850189336,24000,24000,8984,15016,0,0,0,17,0.000708333,14.192,255,138.182,39.6934,43.5,82.5,135.5,207.5,255.5,0,615,4,150,32.5,56.5,70.5,-38.4808,38.249,-34.125,34.375,3.00937,6655,154,100,2663
1706674895950024411,24000,24000,9064,14936,0,0,0,11,0.000458333,14.7228,255,138.318,38.9225,47.5,83.5,135.5,205.5,255.5,0,601,4,150,32.5,56.5,71.5,-38.1974,38.4955,-34.375,34.625,2.94408,6656,159,100,2681
1706674896049863889,24000,24000,8977,15023,0,0,0,17,0.000708333,14.2614,255,138.923,39.0359,46.5,85.5,135.5,204.5,255.5,0,662,4,150,32.5,55.5,71.5,-38.5095,38.1227,-34.625,34.375,3.04855,6657,162,100,2699
1706674896149714521,24000,24000,8920,15080,0,0,0,13,0.000541667,14.882,255,139.516,40.3362,45.5,84.5,136.5,212.5,255.5,0,621,4,150,32.5,56.5,70.5,-38.0817,38.5163,-34.625,34.625,3.02006,6657,157,100,2610
1706674896249544883,24000,24000,8885,15115,0,0,0,17,0.000708333,15.3779,255,138.579,38.8203,44.5,82.5,135.5,204.5,255.5,0,510,4,151,32.5,55.5,71.5,-38.5071,38.1369,-34.625,34.375,3.0533,6657,151,100,2601
1706674896350184840,24000,24000,8948,15052,0,0,0,11,0.000458333,14.2365,255,138.777,38.6777,39.5,85.5,136.5,202.5,255.5,0,579,4,150,32.5,55.5,71.5,-38.1887,38.499,-34.375,34.625,2.9702,6658,148,100,2651
1706674896450024363,23999,23999,9047,14952,0,0,0,17,0.000708363,13.7453,255,138.438,39.7804,41.5,83.5,134.5,209.5,255.5,0,525,4,150,32.5,56.5,71.5,-38.4826,38.2555,-34.125,34.375,3.08891,6658,152,100,2642
1706674896549883207,24000,24000,9190,14810,0,0,0,14,0.000583333,14.2828,255,138.195,39.2403,38.5,84.5,135.5,203.5,255.5,0,567,4,150,32.5,55.5,71.5,-38.301,38.4584,-34.125,34.125,3.05805,6658,152,100,2659
1706674896649729711,23998,23998,9108,14890,0,0,0,0,0,13.6851,255,138.362,38.8894,42.5,84.5,134.5,208.5,255.5,0,475,4,150,32.5,54.5,70.5,-37.737,38.3389,-33.875,34.125,3.01769,6661,148,100,2620
1706674896749573688,24000,24000,9063,14937,0,0,0,16,0.000666667,15.3292,255,138.519,40.5675,34.5,82.5,135.5,210.5,255.5,0,692,4,150,32.5,54.5,72.5,-38.439,37.6486,-34.125,33.625,3.05923,6663,150,100,2662
1706674896850208584,24000,24000,9048,14952,0,0,0,15,0.000625,13.6369,255,138.419,38.9954,47.5,85.5,134.5,210.5,255.5,0,601,4,150,32.5,54.5,74.5,-38.3773,38.4148,-34.625,34.125,2.96189,6667,150,100,2645
1706674896950056023,24000,24000,9041,14959,0,0,0,15,0.000625,16.5029,255,138.602,38.7636,44.5,85.5,135.5,206.5,255.5,0,593,4,150,32.5,53.5,69.5,-38.3816,38.4223,-34.625,34.125,3.03074,6671,156,100,2641
1706674897049877278,23999,23999,9033,14966,0,0,0,17,0.000708363,14.4693,255,138.18,39.368,31.5,86.5,134.5,206.5,255.5,0,602,4,151,32.5,53.5,69.5,-38.4507,38.3219,-34.125,34.625,2.97732,6673,159,100,2666
1706674897149715183,23999,23999,8963,15036,0,0,0,13,0.000541689,13.7782,255,138.883,40.2345,32.5,85.5,135.5,215.5,255.5,0,832,4,150,33.5,54.5,70.5,-38.2834,38.4764,-34.375,34.625,2.99513,6673,159,100,2632
1706674897249562681,24000,24000,8995,15005,0,0,0,17,0.000708333,14.1843,255,138.492,39.0394,28.5,85.5,135.5,205.5,255.5,0,515,4,150,33.5,54.5,70.5,-38.4961,38.2237,-34.625,34.375,3.0438,6674,154,100,2585
1706674897350199145,24000,24000,8886,15114,0,0,0,10,0.000416667,14.0903,255,138.666,39.7474,29.5,85.5,134.5,206.5,255.5,0,643,4,150,33.5,55.5,72.5,-38.1735,38.5024,-34.375,34.625,2.91678,6674,144,100,2593
1706674897450036025,24000,24000,8918,15082,0,0,0,18,0.00075,13.1657,255,138.779,40.0072,26.5,83.5,135.5,208.5,255.5,0,657,4,150,33.5,55.5,74.5,-38.5071,38.1108,-34.625,34.375,2.93221,6674,143,100,2599
1706674897549873330,24000,24000,8995,15005,0,0,0,12,0.0005,12.8232,255,139.065,40.3359,33.5,84.5,135.5,215.5,255.5,0,645,4,150,34.5,56.5,74.5,-38.0782,38.5115,-34.375,34.625,3.02125,6675,145,100,2558
1706674897649727794,23999,23999,9035,14964,0,0,0,18,0.000750031,15.5752,255,138.313,41.0306,23.5,83.5,135.5,209.5,255.5,0,798,4,150,33.5,55.5,74.5,-38.5068,38.165,-34.125,34.375,2.99275,6675,147,100,2544
1706674897749564972,23999,23999,9101,14898,0,0,0,11,0.000458352,12.9915,255,137.834,39.3298,41.5,83.5,133.5,207.5,255.5,0,627,4,150,33.5,56.5,83.5,-38.2355,38.5016,-33.875,34.125,3.02125,6676,151,100,2541
1706674897850207583,23999,23999,9125,14874,0,0,0,0,0,13.0597,255,138.453,39.0237,41.5,84.5,134.5,206.5,255.5,0,561,4,150,33.5,55.5,77.5,-37.8655,38.2805,-33.875,34.125,3.0533,6678,146,100,2621
1706674897950045890,23999,23999,9065,14934,0,0,0,17,0.000708363,12.8451,255,137.653,38.7212,41.5,84.5,134.5,202.5,255.5,0,587,4,150,33.5,54.5,69.5,-38.4787,37.7706,-34.125,33.875,3.15895,6683,147,100,2685
1706674898049863888,23999,23999,9029,14970,0,0,0,14,0.000583358,13.173,255,138.098,37.4454,47.5,85.5,135.5,199.5,255.5,0,408,4,151,33.5,53.5,65.5,-38.3308,38.4504,-34.125,34.125,2.97257,6689,158,100,2700
1706674898149702378,23999,23999,8987,15012,0,0,0,16,0.000666694,12.98,255,138.56,38.4758,43.5,85.5,135.5,204.5,255.5,0,586,4,150,32.5,53.5,66.5,-38.4271,38.3749,-34.625,34.125,3.02599,6697,165,100,2685
1706674898249537958,24000,24000,8985,15015,0,0,0,16,0.000666667,12.9573,255,138.488,39.1944,44.5,85.5,134.5,208.5,255.5,0,596,4,165,33.5,53.5,69.5,-38.411,38.3791,-34.625,34.375,2.96782,6700,170,100,2714
1706674898350185940,23998,23998,8954,15044,0,0,0,14,0.000583382,14.488,255,138.583,40.6351,35.5,84.5,134.5,217.5,255.5,0,726,4,167,33.5,54.5,73.5,-38.3517,38.4334,-34.625,34.625,3.05093,6700,169,100,2810
1706674898450039652,23999,23999,9021,14978,0,0,0,16,0.000666694,12.5311,255,138.117,39.895,34.5,83.5,135.5,205.5,255.5,0,687,3,164,33.5,55.5,68.5,-38.4648,38.3041,-34.625,34.375,3.06517,6701,162,100,2727
1706674898549873492,24000,24000,8962,15038,0,0,0,12,0.0005,10.9046,255,138.548,40.5723,33.5,83.5,134.5,210.5,255.5,0,732,3,161,33.5,55.5,69.5,-38.2632,38.4765,-34.625,34.625,3.0355,6701,161,100,2722
1706674898649711434,23999,23999,8914,15085,0,0,0,18,0.000750031,12.5853,255,138.55,40.8116,34.5,83.5,134.5,211.5,255.5,0,693,4,150,33.5,55.5,69.5,-38.4983,38.1968,-34.625,34.375,3.04143,6703,161,100,2749
1706674898749560722,24000,24000,8987,15013,0,0,0,8,0.000333333,11.8998,255,138.667,40.124,31.5,84.5,134.5,210.5,255.5,0,671,3,152,34.5,56.5,69.5,-38.1273,38.5098,-34.375,34.625,3.01294,6705,162,100,2650
1706674898850197839,24000,24000,9030,14970,0,0,0,17,0.000708333,11.7783,255,138.532,40.4635,28.5,83.5,134.5,209.5,255.5,0,678,2,152,34.5,55.5,69.5,-38.5143,38.0705,-34.125,34.375,2.92866,6713,166,100,2731
1706674898950048130,24000,24000,9154,14846,0,0,0,9,0.000375,10.0965,255,138.004,38.5404,34.5,84.5,134.5,203.5,255.5,0,495,2,150,34.5,56.5,69.5,-38.1308,38.5093,-34.125,34.125,2.95596,6718,174,100,2690
1706674899049903009,24000,24000,9136,14864,0,0,0,0,0,10.4211,255,137.834,39.4919,29.5,82.5,135.5,204.5,255.5,0,642,3,150,34.5,57.5,73.5,-37.9853,38.1925,-33.875,33.875,2.95715,6725,179,100,2669
1706674899149750534,24000,24000,9110,14890,0,0,0,17,0.000708333,12.6594,255,138.371,39.0407,30.5,81.5,135.5,203.5,255.5,0,460,4,172,34.5,57.5,74.5,-38.5019,37.8994,-34.125,33.875,2.97377,6727,184,100,2681
1706674899249600410,23999,23999,9044,14955,0,0,0,12,0.000500021,11.9747,255,137.544,37.2395,38.5,85.5,134.5,199.5,255.5,0,370,2,150,34.5,57.5,73.5,-38.2628,38.4852,-34.125,34.125,2.95358,6731,187,100,2737
1706674899349821934,23999,23999,9015,14984,0,0,0,16,0.000666694,11.5086,255,138.076,37.7235,41.5,84.5,134.5,200.5,255.5,0,478,2,150,34.5,59.5,78.5,-38.47,38.3095,-34.625,34.125,3.05093,6731,187,100,2709
1706674899449663825,23999,23999,8950,15049,0,0,0,15,0.000625026,12.918,255,138.679,38.7579,38.5,84.5,135.5,206.5,255.5,0,590,2,151,34.5,61.5,83.5,-38.3666,38.4238,-34.375,34.625,3.02719,6732,191,100,2745
1706674899549506578,24000,24000,8940,15060,0,0,0,15,0.000625,14.9861,255,139.201,39.4527,43.5,85.5,135.5,211.5,255.5,0,655,4,150,35.5,63.5,85.5,-38.387,38.4027,-34.625,34.375,3.24562,6732,190,100,2699
1706674899650143843,23999,23999,8931,15068,0,0,0,16,0.000666694,12.2519,255,139.623,39.9044,33.5,84.5,135.5,209.5,255.5,0,665,4,162,35.5,66.5,91.5,-38.4334,38.3563,-34.625,34.375,3.00344,6732,183,100,2661
1706674899749974867,24000,24000,9050,14950,0,0,0,14,0.000583333,15.6809,255,139.262,40.1012,32.5,82.5,135.5,211.5,255.5,0,627,3,150,36.5,67.5,90.5,-38.3187,38.4592,-34.625,34.625,3.24681,6732,176,100,2682
1706674899849819470,24000,24000,9015,14985,0,0,0,16,0.000666667,12.0811,255,139.274,41.059,35.5,81.5,135.5,213.5,255.5,0,731,4,167,35.5,66.5,88.5,-38.4732,38.2722,-34.625,34.375,3.12334,6732,183,100,2670
1706674899949656979,24000,24000,8980,15020,0,0,0,11,0.000458333,11.81,255,139.47,39.0669,52.5,84.5,135.5,208.5,255.5,0,668,2,150,36.5,68.5,91.5,-38.2159,38.5037,-34.125,34.625,3.14352,6734,174,100,2732
1706674900049897625,24000,24000,9021,14979,0,0,0,17,0.000708333,11.7223,255,140.202,40.4218,39.5,84.5,135.5,215.5,255.5,0,734,2,161,36.5,69.5,94.5,-38.5069,38.154,-34.125,34.375,3.04737,6734,173,100,2701
1706674900149733972,24000,24000,9093,14907,0,0,0,5,0.000208333,12.2358,255,139.503,40.3887,41.5,83.5,135.5,212.5,255.5,0,718,3,174,36.5,69.5,95.5,-38.0325,38.5122,-33.875,34.125,2.87405,6734,173,100,2710
1706674900249586601,24000,24000,9178,14822,0,0,0,8,0.000333333,12.5042,255,139.511,39.1452,46.5,84.5,135.5,210.5,255.5,0,678,4,167,37.5,69.5,95.5,-38.096,38.0785,-34.125,33.875,2.94884,6734,174,100,2629
1706674900349819513,23999,23999,9150,14849,0,0,0,17,0.000708363,11.2185,255,139.113,38.4653,37.5,84.5,136.5,204.5,255.5,0,561,2,150,37.5,69.5,92.5,-38.5144,38.0407,-34.125,34.125,2.86336,6735,181,100,2650
1706674900449655610,23999,23999,9039,14960,0,0,0,10,0.000416684,10.3803,255,138.854,38.2414,40.5,84.5,135.5,203.5,255.5,0,543,2,158,37.5,68.5,92.5,-38.1432,38.5077,-34.375,34.125,2.89067,6735,182,100,2751
1706674900549890778,24000,24000,8937,15063,0,0,0,17,0.000708333,13.6462,255,139.03,39.4943,39.5,84.5,134.5,210.5,255.5,0,599,2,159,37.5,69.5,90.5,-38.4985,38.2144,-34.625,34.125,3.06161,6738,176,100,2724
1706674900649740539,24000,24000,8949,15051,0,0,0,12,0.0005,9.93208,255,139.276,40.1777,40.5,84.5,135.5,212.5,255.5,0,573,2,189,36.5,68.5,93.5,-38.2736,38.4795,-34.625,34.625,3.09485,6741,181,100,2771
1706674900749592123,24000,24000,8949,15051,0,0,0,17,0.000708333,12.8682,255,138.912,39.0911,40.5,83.5,135.5,205.5,255.5,0,566,3,225,37.5,69.5,91.5,-38.4434,38.3309,-34.625,34.375,3.08298,6741,185,100,2743
1706674900849840284,23999,23999,8994,15005,0,0,0,14,0.000583358,12.7904,255,138.394,38.6123,36.5,84.5,135.5,204.5,255.5,0,551,4,150,37.5,69.5,94.5,-38.3755,38.4185,-34.625,34.625,3.06874,6741,174,100,2721
1706674900949682151,23999,23999,8931,15068,0,0,0,15,0.000625026,12.7262,255,139.243,40.5194,34.5,83.5,135.5,211.5,255.5,0,736,3,168,37.5,70.5,94.5,-38.394,38.404,-34.625,34.625,3.05805,6741,173,100,2699
1706674901049520683,24000,24000,8990,15010,0,0,0,16,0.000666667,12.2494,255,138.757,39.5427,31.5,83.5,136.5,207.5,255.5,0,573,1,150,37.5,68.5,90.5,-38.4331,38.3573,-34.625,34.125,3.15303,6744,170,100,2686
1706674901150155232,23999,23999,9070,14929,0,0,0,13,0.000541689,11.4917,255,138.388,39.5899,39.5,83.5,135.5,210.5,255.5,0,601,4,150,37.5,68.5,92.5,-38.3069,38.4636,-34.125,34.625,3.06043,6746,167,100,2687
1706674901249994067,24000,24000,9037,14963,0,0,0,17,0.000708333,11.7596,255,138.465,40.0589,36.5,82.5,135.5,210.5,255.5,0,692,2,161,37.5,68.5,91.5,-38.4838,38.2577,-34.125,34.125,3.0545,6747,165,100,2631
1706674901349831900,24000,24000,9045,14955,0,0,0,0,0,12.3533,255,138.245,40.0101,31.5,82.5,135.5,210.5,255.5,0,591,4,221,36.5,65.5,82.5,-37.8965,38.4956,-33.875,34.125,3.01057,6751,175,100,2630
1706674901449682903,24000,24000,9063,14937,0,0,0,11,0.000458333,12.4853,255,137.763,38.9164,33.5,81.5,135.5,201.5,255.5,0,582,1,175,35.5,64.5,80.5,-38.191,37.9762,-33.875,33.875,3.01057,6753,169,100,2745
1706674901549518818,24000,24000,9158,14842,0,0,0,18,0.00075,11.1819,255,136.277,38.1538,42.5,81.5,133.5,200.5,255.5,0,502,2,151,34.5,64.5,79.5,-38.5057,38.1502,-34.125,33.875,2.94409,6756,177,100,2711
1706674901650167750,23999,23999,9106,14893,0,0,0,13,0.000541689,11.1547,255,136.629,38.0453,34.5,82.5,134.5,199.5,255.5,0,511,1,163,33.5,67.5,84.5,-38.081,38.5187,-34.375,34.125,2.98683,6767,179,100,2728
1706674901750017600,23999,23999,8968,15031,0,0,0,17,0.000708363,10.6898,255,136.744,38.0893,41.5,82.5,133.5,202.5,255.5,0,488,1,202,32.5,67.5,84.5,-38.513,38.1195,-34.625,34.375,2.93934,6778,194,100,2655
1706674901849866988,24000,24000,8875,15125,0,0,0,11,0.000458333,6.716,255,136.351,39.3341,30.5,82.5,133.5,202.5,255.5,0,578,1,152,32.5,66.5,87.5,-38.195,38.4912,-34.375,34.625,3.29192,6780,206,100,2637
1706674901949705428,24000,24000,8857,15143,0,0,0,17,0.000708333,9.64679,255,135.707,38.7299,32.5,82.5,133.5,199.5,255.5,0,540,1,152,32.5,67.5,87.5,-38.4944,38.2425,-34.625,34.375,3.0628,6781,194,100,2693
1706674902049560188,24000,24000,8981,15019,0,0,0,13,0.000541667,9.01638,255,135.789,38.5794,27.5,81.5,133.5,200.5,255.5,0,478,1,174,31.5,67.5,88.5,-38.2957,38.4664,-34.375,34.625,3.0913,6781,191,100,2719
1706674902150209100,23999,23999,9019,14980,0,0,0,17,0.000708363,9.17214,255,137.191,40.235,23.5,79.5,134.5,206.5,255.5,0,614,1,156,32.5,67.5,91.5,-38.445,38.3399,-34.625,34.625,3.1827,6781,184,100,2783
1706674902250047284,24000,24000,8940,15060,0,0,0,15,0.000625,6.56751,255,136.655,40.7175,24.5,80.5,133.5,207.5,255.5,0,768,1,153,32.5,67.5,91.5,-38.3829,38.4247,-34.625,34.125,3.03313,6781,186,100,2698
1706674902349891026,23997,23997,9019,14978,0,0,0,15,0.000625078,6.46484,255,135.684,39.7911,22.5,80.5,132.5,201.5,255.5,0,734,1,204,31.5,66.5,107.5,-38.3818,38.4136,-34.125,34.125,3.04025,6782,184,100,2686
1706674902449724160,24000,24000,9083,14917,0,0,0,17,0.000708333,6.5032,255,135.747,41.0453,19.5,79.5,132.5,203.5,255.5,0,733,1,203,31.5,66.5,116.5,-38.4309,38.3529,-34.125,34.875,3.00226,6783,182,100,2696
1706674902549547826,23999,23999,9113,14886,0,0,0,0,0,6.80364,255,136.305,40.3432,23.5,80.5,133.5,204.5,255.5,0,635,1,255,31.5,64.5,89.5,-37.7317,38.467,-33.875,34.125,3.01651,6783,186,100,2653
1706674902650182312,24000,24000,9066,14934,0,0,0,13,0.000541667,6.53971,255,136.325,39.131,29.5,82.5,133.5,203.5,255.5,0,701,1,254,31.5,63.5,88.5,-38.2928,37.8237,-34.125,33.875,2.97139,6787,187,100,2733
1706674902750019468,24000,24000,9108,14892,0,0,0,17,0.000708333,3.85457,255,137.429,39.2108,34.5,83.5,133.5,206.5,255.5,0,618,1,255,31.5,63.5,89.5,-38.4813,38.2387,-34.125,33.875,2.95121,6793,192,100,2645
1706674902849868950,24000,24000,9082,14918,0,0,0,10,0.000416667,3.9052,255,138.045,40.737,35.5,82.5,133.5,215.5,255.5,0,779,1,232,31.5,61.5,88.5,-38.1934,38.4962,-34.375,34.125,3.09842,6795,202,100,2648
1706674902949698398,24000,24000,8998,15002,0,0,0,18,0.00075,8.4047,255,137.39,41.9873,28.5,80.5,133.5,215.5,255.5,0,815,1,255,31.5,61.5,85.5,-38.5096,38.1202,-34.625,34.375,3.03431,6796,198,100,2613
1706674903049543554,24000,24000,8976,15024,0,0,0,13,0.000541667,7.53846,255,137.035,42.5403,26.5,77.5,133.5,213.5,255.5,0,780,1,255,31.5,58.5,84.5,-38.0711,38.5054,-34.375,34.625,3.18389,6797,193,100,2702
1706674903150177597,23999,23999,8865,15134,0,0,0,17,0.000708363,11.8802,255,137.218,41.8887,28.5,79.5,133.5,213.5,255.5,0,728,1,188,31.5,57.5,83.5,-38.5019,38.1385,-34.625,34.375,3.14947,6797,177,100,2667
1706674903250022478,24000,24000,8896,15104,0,0,0,11,0.000458333,3.25747,255,136.497,40.4905,28.5,78.5,133.5,206.5,255.5,0,624,1,255,31.5,55.5,77.5,-38.192,38.5039,-34.375,34.625,3.14828,6797,180,100,2687
1706674903349871714,23999,23999,9045,14954,0,0,0,17,0.000708363,3.05701,255,137.437,41.2546,28.5,80.5,134.5,213.5,255.5,0,748,1,255,31.5,55.5,77.5,-38.4893,38.2448,-34.625,34.375,3.04856,6799,193,100,2672
1706674903449717035,24000,24000,9095,14905,0,0,0,13,0.000541667,2.99093,255,136.201,40.6227,25.5,80.5,133.5,204.5,255.5,0,660,1,255,31.5,54.5,74.5,-38.3057,38.469,-34.375,34.125,3.15303,6802,190,100,2726
1706674903549546329,24000,24000,9040,14960,0,0,0,16,0.000666667,8.5447,255,136.462,40.5026,32.5,82.5,132.5,207.5,255.5,0,783,1,255,31.5,55.5,78.5,-38.4278,38.3525,-34.125,34.125,3.0913,6805,187,100,2725
1706674903650188054,23999,23999,9100,14899,0,0,0,15,0.000625026,4.74375,255,135.587,39.0345,37.5,83.5,132.5,202.5,255.5,0,483,2,255,30.5,54.5,81.5,-38.4012,38.3958,-34.125,34.625,3.1376,6818,197,100,2669
1706674903750031248,24000,24000,9110,14890,0,0,0,0,0,5.51651,255,136.717,39.5449,47.5,82.5,133.5,207.5,255.5,0,604,2,255,30.5,54.5,84.5,-37.6016,38.4309,-33.625,34.625,3.0545,6841,209,100,2624
1706674903849889215,24000,24000,9056,14944,0,0,0,15,0.000625,5.59487,255,136.998,39.8388,54.5,83.5,132.5,212.5,255.5,0,625,2,255,29.5,53.5,77.5,-38.3654,37.6902,-34.125,33.625,3.20645,6861,225,100,2708
1706674903949727984,23999,23999,9071,14928,0,0,0,17,0.000708363,6.09025,255,136.931,38.4868,48.5,83.5,133.5,206.5,255.5,0,449,2,255,29.5,52.5,69.5,-38.4533,38.3219,-34.125,34.125,3.98996,6876,246,100,2679
1706674904049585378,24000,24000,9090,14910,0,0,0,13,0.000541667,5.21791,255,136.977,38.9168,50.5,83.5,132.5,207.5,255.5,0,541,2,255,29.5,52.5,80.5,-38.268,38.4854,-34.375,34.125,3.42489,6885,253,100,2724
1706674904149823224,24000,24000,8968,15032,0,0,0,17,0.000708333,13.538,255,137.083,38.7951,56.5,84.5,133.5,206.5,255.5,0,498,5,255,30.5,52.5,70.5,-38.494,38.2106,-34.625,34.375,3.28955,6889,264,100,2635
1706674904249676688,24000,24000,8911,15089,0,0,0,9,0.000375,2.90562,255,136.73,38.8375,38.5,84.5,133.5,203.5,255.5,0,537,1,255,30.5,53.5,73.5,-38.1581,38.5041,-34.375,34.625,3.18034,6889,244,100,2637
1706674904349510608,24000,24000,8885,15115,0,0,0,17,0.000708333,6.23025,255,137.101,39.3211,41.5,83.5,133.5,205.5,255.5,0,557,1,255,30.5,54.5,71.5,-38.5123,38.087,-34.625,34.375,3.14472,6889,233,100,2639
1706674904450150302,24000,24000,8957,15043,0,0,0,12,0.0005,3.40136,255,136.74,38.6189,42.5,83.5,133.5,203.5,255.5,0,420,1,255,30.5,54.5,72.5,-38.0856,38.5136,-34.625,34.625,3.19221,6889,208,100,2638
1706674904549995329,23999,23999,8993,15006,0,0,0,18,0.000750031,12.4297,255,137.533,39.0668,35.5,82.5,134.5,207.5,255.5,0,515,4,255,31.5,54.5,70.5,-38.5091,38.1649,-34.625,34.375,3.08774,6891,204,100,2582
1706674904649827065,24000,24000,9113,14887,0,0,0,12,0.0005,8.90909,255,137.66,39.6107,30.5,82.5,134.5,207.5,255.5,0,491,3,255,31.5,54.5,68.5,-38.221,38.4965,-34.375,34.125,3.064,6891,197,100,2671
1706674904749665692,24000,24000,9072,14928,0,0,0,16,0.000666667,12.1832,255,136.707,39.1373,33.5,82.5,133.5,205.5,255.5,0,462,4,255,31.5,54.5,69.5,-38.4687,38.2805,-34.125,34.125,3.06874,6891,197,100,2654
1706674904849516964,24000,24000,9097,14903,0,0,0,14,0.000583333,12.2389,255,137.75,41.1409,31.5,81.5,134.5,214.5,255.5,0,746,4,255,32.5,55.5,69.5,-38.3299,37.7684,-34.125,33.875,3.01057,6891,191,100,2534
1706674904950153128,24000,24000,9120,14880,0,0,0,0,0,12.7059,255,137.429,39.0646,34.5,83.5,134.5,207.5,255.5,0,498,4,151,31.5,55.5,69.5,-37.6847,38.4443,-33.625,34.875,2.95478,6892,195,100,2661
1706674905049997483,24000,24000,9062,14938,0,0,0,16,0.000666667,12.8163,255,138.544,40.9819,35.5,80.5,134.5,215.5,255.5,0,623,4,255,31.5,55.5,70.5,-38.4177,37.8963,-34.125,34.375,3.07824,6892,194,100,2589
1706674905149842950,23999,23999,9019,14980,0,0,0,16,0.000666694,12.8588,255,138.314,39.8237,41.5,83.5,134.5,213.5,255.5,0,541,4,255,31.5,55.5,69.5,-38.3998,38.394,-34.125,34.125,3.10317,6892,203,100,2624
1706674905249685814,23999,23999,9021,14978,0,0,0,15,0.000625026,12.7854,255,138.676,40.7332,35.5,83.5,135.5,213.5,255.5,0,686,4,150,32.5,56.5,71.5,-38.3577,38.4311,-34.625,34.125,3.21358,6892,194,100,2639
1706674905349525487,23999,23999,9114,14885,0,0,0,16,0.000666694,12.2401,255,138.087,40.4568,39.5,81.5,133.5,209.5,255.5,0,620,4,255,32.5,56.5,70.5,-38.4606,38.3055,-34.625,34.375,3.42132,6892,195,100,2713
1706674905450170355,24000,24000,8900,15100,0,0,0,13,0.000541667,12.3706,255,138.263,40.5484,42.5,83.5,135.5,213.5,255.5,0,583,4,255,32.5,56.5,70.5,-38.2488,38.4896,-34.375,34.625,3.25038,6892,191,100,2670
1706674905550016415,24000,24000,8846,15154,0,0,0,17,0.000708333,12.5635,255,137.397,39.2093,35.5,81.5,134.5,204.5,255.5,0,422,4,255,32.5,57.5,70.5,-38.5006,38.1889,-34.625,34.375,3.2112,6892,176,100,2656
1706674905649844732,24000,24000,8913,15087,0,0,0,9,0.000375,15.4699,255,138.704,41.194,34.5,80.5,134.5,214.5,255.5,0,618,4,255,33.5,57.5,72.5,-38.1225,38.5044,-34.375,34.625,3.24681,6892,165,100,2583
1706674905749690690,23999,23999,9037,14962,0,0,0,17,0.000708363,14.3457,255,138.424,41.8963,32.5,79.5,134.5,215.5,255.5,0,682,4,255,33.5,57.5,72.5,-38.5047,38.0632,-34.625,34.375,3.17084,6892,167,100,2615
1706674905849531269,24000,24000,9085,14915,0,0,0,9,0.000375,13.7735,255,138.499,40.9474,35.5,80.5,135.5,211.5,255.5,0,528,4,255,32.5,57.5,72.5,-38.1376,38.5034,-34.375,34.125,3.33585,6892,170,100,2640
1706674905950167345,23999,23999,9099,14900,0,0,0,17,0.000708363,13.5656,255,139.678,42.9435,33.5,77.5,135.5,220.5,255.5,0,833,4,150,33.5,57.5,75.5,-38.4955,38.2104,-34.125,33.875,3.06281,6892,162,100,2637
1706674906049998758,24000,24000,9040,14960,0,0,0,12,0.0005,13.5608,255,138.145,41.9157,30.5,78.5,135.5,211.5,255.5,0,691,4,150,32.5,57.5,74.5,-38.2652,37.8904,-33.875,33.875,2.97496,6892,167,100,2637
1706674906149833101,24000,24000,9096,14904,0,0,0,0,0,13.4934,255,137.683,41.6314,31.5,77.5,134.5,210.5,255.5,0,474,4,150,32.5,55.5,70.5,-37.7948,38.4798,-33.875,34.125,2.98446,6892,169,100,2599
1706674906249680509,24000,24000,9106,14894,0,0,0,16,0.000666667,15.1396,255,135.805,39.8203,36.5,76.5,133.5,203.5,255.5,0,335,4,150,31.5,54.5,68.5,-38.4672,38.3112,-34.125,34.625,2.8978,6892,174,100,2642
1706674906349518218,23999,23999,9024,14975,0,0,0,14,0.000583358,12.9277,255,137.175,41.0168,32.5,77.5,134.5,207.5,255.5,0,524,4,151,31.5,55.5,73.5,-38.3545,38.4301,-34.125,34.625,2.88474,6892,193,100,2604
1706674906450151821,24000,24000,8968,15032,0,0,0,15,0.000625,12.5716,255,138.991,42.6611,33.5,78.5,135.5,222.5,255.5,0,696,4,150,31.5,55.5,70.5,-38.4131,38.3901,-34.625,34.125,3.01533,6893,194,100,2677
1706674906549989201,23998,23998,9016,14982,0,0,0,16,0.000666722,12.8617,255,138.494,42.9474,29.5,74.5,135.5,213.5,255.5,0,628,4,150,31.5,54.5,69.5,-38.428,38.3626,-34.625,34.625,2.97971,6893,196,100,2669
1706674906649843026,24000,24000,9029,14971,0,0,0,14,0.000583333,12.6709,255,138.246,41.6365,32.5,78.5,135.5,210.5,255.5,0,589,4,150,32.5,54.5,69.5,-38.3205,38.4526,-34.375,34.625,3.15422,6893,182,100,2585
1706674906749691021,23999,23999,8889,15110,0,0,0,17,0.000708363,13.8473,255,138.121,41.5281,34.5,79.5,134.5,210.5,255.5,0,581,4,150,32.5,54.5,68.5,-38.4766,38.2708,-34.625,34.375,3.15541,6893,178,100,2566
1706674906849525250,24000,24000,8901,15099,0,0,0,12,0.0005,13.1903,255,138.763,42.527,29.5,78.5,135.5,213.5,255.5,0,663,4,150,32.5,55.5,69.5,-38.2214,38.4972,-34.375,34.625,3.17797,6893,177,100,2494
1706674906950176956,24000,24000,8946,15054,0,0,0,17,0.000708333,12.9581,255,137.491,42.0073,29.5,77.5,134.5,209.5,255.5,0,557,4,151,32.5,54.5,69.5,-38.5065,38.1634,-34.625,34.375,3.17559,6893,174,100,2625
1706674907050018695,23999,23999,9101,14898,0,0,0,12,0.000500021,15.28,255,136.843,41.1715,30.5,78.5,133.5,208.5,255.5,0,480,5,150,32.5,54.5,68.5,-38.0833,38.5091,-34.375,34.125,3.09962,6894,169,100,2663
1706674907149856327,23998,23998,9145,14853,0,0,0,17,0.000708392,12.3997,255,137.4,40.8021,31.5,78.5,135.5,208.5,255.5,0,584,4,150,32.5,54.5,70.5,-38.5164,38.1013,-34.125,34.125,3.22664,6894,173,100,2658
1706674907249687827,24000,24000,9156,14844,0,0,0,11,0.000458333,11.628,255,138.026,41.1762,31.5,79.5,134.5,212.5,255.5,0,586,3,150,32.5,54.5,71.5,-38.1679,38.0219,-33.875,33.875,3.09605,6896,177,100,2685
1706674907349530212,24000,24000,9042,14958,0,0,0,0,0,14.3441,255,138.633,41.1449,30.5,80.5,135.5,210.5,255.5,0,568,4,150,32.5,54.5,69.5,-37.9397,38.5023,-33.875,34.125,3.21833,6897,177,100,2720
1706674907450168634,24000,24000,9042,14958,0,0,0,17,0.000708333,13.542,255,137.661,40.2282,33.5,80.5,134.5,206.5,255.5,0,514,4,150,32.5,54.5,67.5,-38.4899,38.2185,-34.125,34.125,3.07469,6900,183,100,2694
1706674907550014330,23999,23999,9044,14955,0,0,0,13,0.000541689,13.9405,255,137.92,41.077,30.5,81.5,134.5,211.5,255.5,0,563,4,150,31.5,55.5,70.5,-38.2703,38.4726,-34.125,34.875,3.21358,6911,187,100,2719
1706674907649864963,24000,24000,9031,14969,0,0,0,16,0.000666667,14.3709,255,138.189,41.7646,34.5,80.5,134.5,215.5,255.5,0,651,4,150,31.5,56.5,72.5,-38.4507,38.3294,-34.625,34.125,3.46882,6915,193,100,2670
1706674907749701054,23998,23998,8921,15077,0,0,0,16,0.000666722,14.3062,255,138.678,41.9039,34.5,82.5,134.5,215.5,255.5,0,800,4,150,32.5,56.5,74.5,-38.3874,38.4124,-34.375,34.625,3.41658,6916,189,100,2709
1706674907849530484,24000,24000,8966,15034,0,0,0,15,0.000625,15.6385,255,138.936,41.0182,31.5,82.5,135.5,216.5,255.5,0,587,4,150,33.5,56.5,73.5,-38.381,38.426,-34.625,34.625,3.36078,6916,171,100,2711
1706674907950177955,24000,24000,8937,15063,0,0,0,17,0.000708333,15.131,255,138.332,41.8829,28.5,80.5,134.5,213.5,255.5,0,611,4,151,32.5,56.5,73.5,-38.4556,38.3356,-34.625,34.375,3.2029,6916,165,100,2643
1706674908050024047,23999,23999,8948,15051,0,0,0,13,0.000541689,14.0849,255,139.5,41.49,32.5,82.5,135.5,218.5,255.5,0,596,4,151,33.5,56.5,73.5,-38.3076,38.4688,-34.625,34.625,3.10436,6916,154,100,2623
1706674908149873918,24000,24000,8948,15052,0,0,0,17,0.000708333,13.9319,255,138.247,40.9498,31.5,81.5,134.5,209.5,255.5,0,701,4,151,33.5,56.5,74.5,-38.4916,38.2479,-34.625,34.125,3.05569,6918,156,100,2661
1706674908249714754,24000,24000,9042,14958,0,0,0,11,0.000458333,14.0985,255,138.287,39.972,29.5,82.5,134.5,206.5,255.5,0,465,4,150,33.5,55.5,72.5,-38.1887,38.5034,-34.125,34.125,3.23613,6918,158,100,2579
1706674908349547111,24000,24000,9138,14862,0,0,0,17,0.000708333,14.1872,255,138.658,41.3763,27.5,81.5,135.5,210.5,255.5,0,691,4,150,33.5,55.5,72.5,-38.5013,37.9896,-34.125,33.875,3.10792,6918,153,100,2696
1706674908450194931,24000,24000,9178,14822,0,0,0,6,0.00025,13.6534,255,138.494,40.8382,28.5,82.5,135.5,212.5,255.5,0,611,4,150,34.5,56.5,71.5,-38.0525,38.123,-33.875,34.125,3.21714,6918,153,100,2621
1706674908550029643,23999,23999,9107,14892,0,0,0,7,0.000291679,13.5547,255,138.139,40.2974,28.5,81.5,135.5,204.5,255.5,0,609,4,151,34.5,55.5,70.5,-38.0763,38.5036,-34.125,34.125,3.19815,6919,153,100,2640
1706674908649869392,24000,24000,9008,14992,0,0,0,18,0.00075,10.9464,255,138.091,39.0795,32.5,83.5,135.5,203.5,255.5,0,566,3,150,34.5,55.5,68.5,-38.5086,38.1173,-34.125,34.375,3.15779,6919,160,100,2738
1706674908749696463,24000,24000,8976,15024,0,0,0,10,0.000416667,14.1851,255,138.203,40.0415,28.5,82.5,135.5,206.5,255.5,0,556,4,150,34.5,55.5,68.5,-38.179,38.4994,-34.125,34.625,3.20527,6920,170,100,2728
1706674908849535352,24000,24000,8955,15045,0,0,0,17,0.000708333,13.5473,255,138.674,39.1921,34.5,83.5,136.5,205.5,255.5,0,489,4,150,35.5,56.5,70.5,-38.4892,38.2463,-34.625,34.375,3.29431,6920,163,100,2683
1706674908950178488,23999,23999,9018,14981,0,0,0,14,0.000583358,14.2819,255,137.891,39.026,32.5,83.5,134.5,202.5,255.5,0,604,4,150,35.5,56.5,70.5,-38.2922,38.4632,-34.625,34.625,3.24682,6920,157,100,2673
1706674909050008507,23999,23999,8957,15042,0,0,0,17,0.000708363,13.5972,255,139.113,41.2196,24.5,81.5,136.5,210.5,255.5,0,691,4,150,36.5,57.5,73.5,-38.4364,38.3502,-34.625,34.625,3.27057,6920,150,100,2565
1706674909149844698,24000,24000,8980,15020,0,0,0,15,0.000625,13.4728,255,138.241,39.9361,26.5,82.5,135.5,203.5,255.5,0,651,4,150,36.5,57.5,74.5,-38.3822,38.4138,-34.625,34.625,3.26107,6920,145,100,2564
1706674909249686226,23999,23999,8942,15057,0,0,0,15,0.000625026,13.1462,255,138.788,39.9197,31.5,82.5,136.5,205.5,255.5,0,637,4,150,36.5,57.5,73.5,-38.3816,38.4097,-34.625,34.625,3.63739,6920,144,100,2572
1706674909349523844,24000,24000,8961,15039,0,0,0,17,0.000708333,13.4241,255,138.52,39.4738,30.5,82.5,135.5,204.5,255.5,0,611,4,150,36.5,57.5,74.5,-38.4472,38.3352,-34.625,34.125,3.17204,6921,145,100,2561
1706674909450160754,23999,23999,9044,14955,0,0,0,13,0.000541689,12.4139,255,138.567,40.6314,24.5,81.5,135.5,206.5,255.5,0,723,4,150,36.5,58.5,76.5,-38.2836,38.4794,-34.125,34.125,3.13167,6921,143,100,2598
1706674909550002484,24000,24000,9086,14914,0,0,0,17,0.000708333,12.8361,255,138.461,40.1715,28.5,82.5,135.5,209.5,255.5,0,672,4,150,36.5,59.5,77.5,-38.4888,37.8496,-34.125,33.875,3.1198,6922,146,100,2596
1706674909649836854,23999,23999,9120,14879,0,0,0,0,0,12.4664,255,138.418,39.8342,26.5,82.5,135.5,204.5,255.5,0,642,4,150,36.5,60.5,82.5,-37.9222,38.2346,-33.875,33.875,3.14473,6923,153,100,2718
1706674909749676698,23999,23999,9134,14865,0,0,0,10,0.000416684,14.1722,255,138.983,39.0964,30.5,85.5,135.5,208.5,255.5,0,568,4,150,36.5,61.5,83.5,-38.1802,38.499,-33.875,34.125,3.21715,6925,159,100,2699
1706674909849521584,24000,24000,9001,14999,0,0,0,18,0.00075,13.4934,255,139.012,39.5625,31.5,83.5,136.5,206.5,255.5,0,560,4,150,36.5,60.5,81.5,-38.5087,38.1239,-34.125,34.375,3.36791,6925,158,100,2621
1706674909950148805,23998,23998,9027,14971,0,0,0,12,0.000500042,11.941,255,138.94,39.6791,28.5,85.5,136.5,209.5,255.5,0,605,4,150,37.5,61.5,79.5,-38.0684,38.5085,-34.375,34.625,3.24801,6928,158,100,2628
1706674910049973738,24000,24000,8940,15060,0,0,0,18,0.00075,11.9648,255,138.645,38.935,36.5,84.5,135.5,200.5,255.5,0,565,4,150,37.5,61.5,80.5,-38.5081,38.138,-34.625,34.375,3.38216,6929,157,100,2609
1706674910149813650,23999,23999,8951,15048,0,0,0,11,0.000458352,12.4009,255,139.199,39.1175,28.5,86.5,136.5,204.5,255.5,0,649,4,150,38.5,62.5,81.5,-38.2044,38.4928,-34.375,34.625,3.27294,6929,156,100,2565
1706674910249649090,24000,24000,9011,14989,0,0,0,17,0.000708333,11.6022,255,139.232,38.8462,32.5,85.5,135.5,207.5,255.5,0,573,4,150,37.5,62.5,79.5,-38.4732,38.2606,-34.625,34.375,3.1661,6930,150,100,2540
1706674910349894129,23999,23999,9009,14990,0,0,0,14,0.000583358,12.1759,255,139.011,39.5195,21.5,84.5,136.5,206.5,255.5,0,471,4,150,38.5,62.5,81.5,-38.32,38.4615,-34.375,34.625,3.20646,6930,144,100,2551
1706674910449743344,23997,23997,9022,14975,0,0,0,16,0.00066675,12.1057,255,138.744,39.7224,25.5,85.5,136.5,203.5,255.5,0,651,4,150,37.5,61.5,84.5,-38.4404,38.3532,-34.375,34.625,3.10674,6933,143,100,2616
1706674910549588053,23998,23998,9022,14976,0,0,0,16,0.000666722,12.1309,255,138.395,40.0263,21.5,82.5,135.5,208.5,255.5,0,594,4,150,36.5,62.5,82.5,-38.3971,38.4087,-34.875,34.125,3.01177,6936,147,100,2628
1706674910649836243,23999,23999,9035,14964,0,0,0,15,0.000625026,10.2693,255,137.726,41.6457,22.5,78.5,135.5,208.5,255.5,0,699,3,150,36.5,61.5,81.5,-38.3583,38.4207,-34.125,34.125,3.14473,6937,144,100,2629
1706674910749680099,24000,24000,9063,14937,0,0,0,16,0.000666667,11.8538,255,138.65,40.3332,26.5,82.5,135.5,206.5,255.5,0,649,4,150,35.5,62.5,88.5,-38.4522,37.6851,-34.125,33.625,3.24089,6943,148,100,2644
1706674910849515621,23999,23999,9146,14853,0,0,0,0,0,11.8186,255,138.628,41.4585,31.5,81.5,135.5,218.5,255.5,0,828,4,151,34.5,62.5,84.5,-37.7829,38.323,-33.875,34.125,3.1756,6948,154,100,2697
1706674910950141436,24000,24000,9096,14904,0,0,0,13,0.000541667,9.36493,255,138.339,39.1043,31.5,84.5,135.5,210.5,255.5,0,612,3,151,34.5,59.5,73.5,-38.283,38.4785,-34.125,34.125,3.18153,6959,158,100,2704
1706674911049973106,24000,24000,9026,14974,0,0,0,17,0.000708333,11.8975,255,137.637,38.6296,30.5,82.5,135.5,204.5,255.5,0,415,4,150,33.5,58.5,72.5,-38.4971,38.2167,-34.125,34.375,3.15304,6969,169,100,2757
1706674911149805795,23999,23999,8949,15050,0,0,0,10,0.000416684,11.2733,255,137.895,39.8011,35.5,81.5,135.5,209.5,255.5,0,599,4,150,33.5,58.5,73.5,-38.1578,38.512,-34.375,34.625,3.1756,6979,176,100,2739
1706674911249653570,23999,23999,8944,15055,0,0,0,18,0.000750031,11.3058,255,137.666,40.5805,33.5,79.5,134.5,207.5,255.5,0,634,4,151,33.5,59.5,74.5,-38.5017,38.0696,-34.625,34.375,3.37979,6981,177,100,2722
1706674911349900338,24000,24000,8916,15084,0,0,0,11,0.000458333,10.5531,255,138.596,40.7898,35.5,81.5,135.5,211.5,255.5,0,681,4,151,33.5,60.5,75.5,-38.112,38.5059,-34.375,34.625,3.37029,6981,176,100,2742
1706674911449735750,24000,24000,8976,15024,0,0,0,17,0.000708333,12.1263,255,138.498,40.6145,32.5,82.5,135.5,211.5,255.5,0,680,4,151,33.5,60.5,75.5,-38.5031,38.1743,-34.625,34.375,3.2492,6982,183,100,2757
1706674911549553830,24000,24000,8970,15030,0,0,0,11,0.000458333,11.0625,255,138.053,39.3671,38.5,83.5,134.5,204.5,255.5,0,474,4,150,33.5,59.5,73.5,-38.2155,38.4963,-34.375,34.625,3.26464,6985,182,100,2732
1706674911650190454,23999,23999,9027,14972,0,0,0,17,0.000708363,13.3788,255,137.194,38.2897,38.5,83.5,134.5,203.5,255.5,0,537,4,150,32.5,59.5,74.5,-38.4748,38.2783,-34.125,34.625,3.15898,7000,182,100,2773
1706674911750022974,24000,24000,9099,14901,0,0,0,14,0.000583333,11.5878,255,138.299,40.6369,39.5,81.5,134.5,213.5,255.5,0,587,4,150,32.5,60.5,74.5,-38.3258,38.447,-34.875,34.125,3.35248,7012,185,100,2749
1706674911849854907,23999,23999,9055,14944,0,0,0,16,0.000666694,11.9117,255,137.645,38.0911,52.5,83.5,134.5,199.5,255.5,0,551,4,150,32.5,59.5,74.5,-38.4239,38.3681,-34.375,34.125,3.25751,7018,193,100,2758
1706674911949696901,24000,24000,9055,14945,0,0,0,16,0.000666667,11.8587,255,138.693,38.7589,48.5,84.5,135.5,204.5,255.5,0,618,3,150,32.5,60.5,79.5,-38.4112,37.5741,-34.125,33.625,3.1851,7029,196,100,2764
1706674912049551722,23999,23999,9047,14952,0,0,0,0,0,13.2246,255,138.477,38.5032,44.5,83.5,135.5,204.5,255.5,0,492,5,150,31.5,57.5,74.5,-37.6282,38.3878,-33.625,34.125,3.20172,7040,204,100,2736
1706674912150189988,24000,24000,9160,14840,0,0,0,15,0.000625,12.4083,255,137.359,37.9982,40.5,82.5,134.5,202.5,255.5,0,318,4,150,30.5,56.5,74.5,-38.3551,38.4404,-34.125,34.125,3.15898,7055,218,100,2810
1706674912250009624,24000,24000,9072,14928,0,0,0,17,0.000708333,10.9984,255,137.846,39.62,41.5,82.5,134.5,206.5,255.5,0,524,4,150,31.5,56.5,74.5,-38.4601,38.3112,-34.125,34.625,3.18629,7064,230,100,2706
1706674912349838711,24000,24000,8956,15044,0,0,0,13,0.000541667,11.7287,255,137.86,38.5359,42.5,83.5,135.5,205.5,255.5,0,405,4,151,31.5,56.5,75.5,-38.2572,38.4774,-34.375,34.625,3.08538,7066,234,100,2698
1706674912449682256,23998,23998,8858,15140,0,0,0,17,0.000708392,13.1618,255,138.185,39.3101,43.5,82.5,135.5,207.5,255.5,0,475,4,150,31.5,56.5,76.5,-38.5048,38.1906,-34.625,34.375,3.21952,7067,214,100,2615
1706674912549535275,24000,24000,8900,15100,0,0,0,9,0.000375,13.6111,255,138.184,38.8068,43.5,84.5,135.5,205.5,255.5,0,511,4,150,32.5,56.5,76.5,-38.1321,38.5082,-34.375,34.625,3.17916,7067,203,100,2657
1706674912650182054,24000,24000,9008,14992,0,0,0,17,0.000708333,13.8184,255,137.257,38.7142,35.5,84.5,133.5,204.5,255.5,0,474,4,150,32.5,56.5,76.5,-38.5076,38.0674,-34.625,34.625,3.1756,7068,189,100,2680
1706674912750025993,24000,24000,9059,14941,0,0,0,9,0.000375,13.1949,255,138.175,40.0084,33.5,83.5,134.5,206.5,255.5,0,627,4,150,32.5,55.5,72.5,-38.1194,38.5038,-34.375,34.625,3.41659,7068,182,100,2623
1706674912849859905,24000,24000,9000,15000,0,0,0,17,0.000708333,13.0304,255,138.451,40.1476,33.5,83.5,134.5,208.5,255.5,0,655,4,150,32.5,54.5,73.5,-38.4944,38.1879,-34.125,34.375,3.50206,7068,174,100,2673
1706674912949691715,24000,24000,9049,14951,0,0,0,12,0.0005,12.8597,255,138.287,39.8439,35.5,84.5,134.5,211.5,255.5,0,650,4,150,33.5,54.5,69.5,-38.2388,38.4787,-33.875,34.125,3.36673,7068,176,100,2587
1706674913049516858,24000,24000,9085,14915,0,0,0,5,0.000208333,12.8018,255,138.433,38.8741,38.5,85.5,134.5,206.5,255.5,0,580,4,150,32.5,55.5,72.5,-38.3864,38.3033,-34.375,34.125,3.13761,7069,190,100,2694
1706674913150145589,24000,24000,9103,14897,0,0,0,15,0.000625,11.7274,255,138.474,39.4606,46.5,84.5,134.5,206.5,255.5,0,594,3,150,32.5,55.5,70.5,-38.3383,37.7436,-34.125,33.875,3.15305,7069,197,100,2646
1706674913249992468,23999,23999,9061,14938,0,0,0,0,0,13.5914,255,138.073,38.458,48.5,84.5,134.5,205.5,255.5,0,416,4,151,32.5,55.5,74.5,-37.6604,38.4453,-33.625,34.125,3.31094,7070,203,100,2657
1706674913349824673,24000,24000,9032,14968,0,0,0,16,0.000666667,13.511,255,137.339,37.6483,44.5,84.5,134.5,199.5,255.5,0,388,4,150,32.5,54.5,81.5,-38.4216,38.3753,-34.125,34.125,3.40472,7073,212,100,2672
1706674913449676408,23999,23999,9106,14893,0,0,0,16,0.000666694,14.2333,255,138.151,39.0098,38.5,84.5,135.5,207.5,255.5,0,509,4,150,32.5,54.5,75.5,-38.4147,38.3837,-34.125,34.375,3.37029,7076,216,100,2648
1706674913549517762,23999,23999,9009,14990,0,0,0,14,0.000583358,13.2511,255,137.786,39.3604,39.5,82.5,134.5,204.5,255.5,0,536,4,151,32.5,55.5,75.5,-38.3296,38.4508,-34.625,34.625,3.27295,7078,214,100,2590
1706674913650168699,24000,24000,8871,15129,0,0,0,17,0.000708333,13.204,255,137.575,39.1611,36.5,83.5,134.5,205.5,255.5,0,530,4,150,32.5,56.5,73.5,-38.4806,38.2769,-34.625,34.375,3.14593,7078,210,100,2588
1706674913750007777,24000,24000,8842,15158,0,0,0,12,0.0005,13.2369,255,137.785,39.9335,35.5,81.5,135.5,206.5,255.5,0,521,4,162,33.5,56.5,76.5,-38.2292,38.4824,-34.375,34.625,3.20054,7079,200,100,2536
1706674913849850172,24000,24000,8887,15113,0,0,0,17,0.000708333,13.4668,255,137.768,39.7195,36.5,81.5,134.5,208.5,255.5,0,524,4,151,33.5,57.5,79.5,-38.4971,38.178,-34.625,34.375,3.17917,7079,192,100,2546
1706674913949687722,24000,24000,9047,14953,0,0,0,9,0.000375,13.5504,255,138.07,40.7432,29.5,81.5,134.5,209.5,255.5,0,633,4,153,33.5,57.5,79.5,-38.1158,38.5099,-34.375,34.625,3.10319,7079,194,100,2598
1706674914049516699,24000,24000,9160,14840,0,0,0,17,0.000708333,13.6464,255,137.885,41.0433,31.5,80.5,134.5,209.5,255.5,0,654,4,151,33.5,58.5,79.5,-38.5067,38.0833,-34.125,34.375,3.21834,7079,194,100,2516
1706674914150147599,24000,24000,9061,14939,0,0,0,9,0.000375,13.6073,255,138.509,40.6447,34.5,80.5,135.5,210.5,255.5,0,582,4,150,34.5,58.5,78.5,-38.1538,38.5043,-34.125,34.125,3.1483,7079,189,100,2652
1706674914249969673,24000,24000,9074,14926,0,0,0,0,0,13.1865,255,138.267,40.5918,39.5,81.5,134.5,209.5,255.5,0,587,4,153,33.5,57.5,77.5,-37.9481,38.2134,-33.875,33.875,3.25396,7080,190,100,2576
1706674914349814600,23999,23999,9081,14918,0,0,0,30,0.00125005,13.8043,255,137.865,39.7416,31.5,80.5,135.5,202.5,255.5,0,599,4,150,34.5,57.5,76.5,-38.4914,37.878,-35.125,33.875,3.1851,7080,190,100,2665
1706674914449667456,24000,24000,9082,14918,0,0,0,0,0,12.877,255,138.04,37.9342,39.5,84.5,136.5,202.5,255.5,0,442,4,150,34.5,59.5,79.5,-37.7868,38.4781,-33.875,34.125,3.04858,7085,196,100,2655
1706674914549512735,24000,24000,9034,14966,0,0,0,17,0.000708333,12.5448,255,138.999,41.1468,30.5,80.5,136.5,212.5,255.5,0,672,4,150,34.5,61.5,84.5,-38.4515,38.3248,-34.125,34.125,3.16967,7098,195,100,2638
1706674914650144716,23998,23998,9092,14906,0,0,0,15,0.000625052,12.599,255,138.966,40.8469,34.5,82.5,136.5,209.5,255.5,0,666,4,151,34.5,61.5,85.5,-38.3778,38.4221,-34.125,34.625,3.26702,7110,207,100,2718
1706674914749975203,24000,24000,8985,15015,0,0,0,15,0.000625,12.9614,255,138.388,40.9358,32.5,81.5,135.5,208.5,255.5,0,694,4,159,34.5,61.5,83.5,-38.385,38.4064,-34.375,34.625,3.16611,7110,206,100,2660
1706674914849819868,23999,23999,8912,15087,0,0,0,16,0.000666694,13.3758,255,138.129,39.3342,31.5,82.5,135.5,204.5,255.5,0,520,4,151,34.5,62.5,81.5,-38.4323,38.349,-34.625,34.375,3.11743,7110,195,100,2617
1706674914949657864,24000,24000,8921,15079,0,0,0,14,0.000583333,14.4925,255,139.05,41.0211,31.5,82.5,137.5,208.5,255.5,0,672,4,161,35.5,61.5,84.5,-38.31,38.4673,-34.625,34.625,2.99991,7110,190,100,2622
1706674915049892974,24000,24000,8905,15095,0,0,0,17,0.000708333,13.1618,255,137.565,40.3246,29.5,80.5,134.5,207.5,255.5,0,608,4,163,35.5,62.5,88.5,-38.4861,38.2705,-34.625,34.625,3.0747,7110,185,100,2633
1706674915149729886,24000,24000,8985,15015,0,0,0,11,0.000458333,13.4383,255,139.02,40.8227,28.5,82.5,135.5,212.5,255.5,0,652,4,152,36.5,62.5,92.5,-38.2093,38.4994,-34.125,34.625,3.01297,7110,176,100,2660
1706674915249579636,24000,24000,9094,14906,0,0,0,18,0.00075,13.0105,255,138.452,41.9714,30.5,78.5,135.5,211.5,255.5,0,846,4,152,36.5,63.5,95.5,-38.5128,38.152,-34.125,34.375,2.95361,7110,170,100,2527
1706674915350223289,24000,24000,9112,14888,0,0,0,5,0.000208333,12.4456,255,138.2,41.2635,33.5,79.5,134.5,212.5,255.5,0,665,4,175,36.5,62.5,84.5,-38.0591,38.5079,-34.125,34.125,3.00347,7110,168,100,2628
1706674915450066847,23999,23999,9085,14914,0,0,0,6,0.00025001,12.0279,255,137.536,37.5574,44.5,83.5,135.5,198.5,255.5,0,404,4,158,36.5,60.5,77.5,-38.072,38.1121,-33.875,34.125,2.98685,7110,175,100,2579
1706674915549902150,24000,24000,9072,14928,0,0,0,18,0.00075,12.31,255,137.584,38.1577,38.5,82.5,136.5,201.5,255.5,0,389,4,151,35.5,60.5,80.5,-38.5132,38.0042,-34.125,33.875,3.05214,7117,183,100,2664
1706674915649751300,23999,23999,9075,14924,0,0,0,10,0.000416684,12.1403,255,138.16,39.3854,40.5,83.5,135.5,205.5,255.5,0,492,4,151,35.5,60.5,75.5,-38.1895,38.5032,-35.125,34.125,3.04146,7123,187,100,2631
1706674915749581533,24000,24000,9034,14966,0,0,0,17,0.000708333,11.886,255,138.108,38.441,45.5,84.5,134.5,202.5,255.5,0,514,4,151,35.5,60.5,74.5,-38.4872,38.2474,-34.125,34.125,3.07945,7131,194,100,2673
1706674915850215971,23999,23999,9050,14949,0,0,0,13,0.000541689,12.3162,255,138.276,39.8037,35.5,83.5,135.5,209.5,255.5,0,603,4,151,35.5,60.5,74.5,-38.3043,38.467,-34.125,34.625,3.13762,7135,199,100,2644
1706674915950062777,24000,24000,9052,14948,0,0,0,16,0.000666667,12.7156,255,138.128,38.9258,40.5,82.5,135.5,206.5,255.5,0,571,4,150,35.5,60.5,73.5,-38.4302,38.3556,-34.625,34.625,3.0379,7139,197,100,2631
1706674916049884194,23999,23999,8904,15095,0,0,0,15,0.000625026,11.2786,255,138.61,39.5809,30.5,84.5,134.5,209.5,255.5,0,519,4,156,34.5,60.5,75.5,-38.3967,38.4016,-34.625,34.375,3.20053,7141,193,100,2676
1706674916149725302,23999,23999,8876,15123,0,0,0,15,0.000625026,11.2068,255,138.107,39.5546,32.5,84.5,134.5,208.5,255.5,0,568,4,172,34.5,61.5,78.5,-38.369,38.4223,-34.625,34.625,3.06639,7147,188,100,2633
1706674916249564640,24000,24000,8951,15049,0,0,0,16,0.000666667,10.7363,255,137.092,38.7459,27.5,85.5,134.5,203.5,255.5,0,518,4,152,34.5,62.5,82.5,-38.4497,38.3171,-34.625,34.375,3.14118,7160,197,100,2651
1706674916350211989,23999,23999,9025,14974,0,0,0,13,0.000541689,10.6853,255,137.795,40.3222,26.5,83.5,134.5,206.5,255.5,0,651,4,151,33.5,62.5,79.5,-38.2634,38.4845,-34.125,34.625,3.04859,7172,199,100,2645
1706674916450047680,24000,24000,9077,14923,0,0,0,17,0.000708333,10.5424,255,137.554,40.7379,25.5,82.5,134.5,210.5,255.5,0,657,4,203,33.5,61.5,78.5,-38.4983,38.2142,-34.125,34.125,3.05215,7191,209,100,2599
1706674916549885612,24000,24000,9156,14844,0,0,0,0,0,10.5752,255,137.55,39.2246,33.5,82.5,134.5,207.5,255.5,0,559,4,150,32.5,59.5,76.5,-37.9423,38.4959,-33.875,34.125,3.2231,7198,219,100,2660
1706674916649726049,24000,24000,9118,14882,0,0,0,10,0.000416667,10.4648,255,137.758,38.3969,36.5,84.5,134.5,202.5,255.5,0,464,4,157,32.5,57.5,75.5,-38.1593,38.0431,-34.125,33.875,2.97498,7207,222,100,2693
1706674916749559500,24000,24000,9053,14947,0,0,0,17,0.000708333,12.0996,255,138.103,37.8504,40.5,85.5,134.5,201.5,255.5,0,381,4,224,31.5,55.5,73.5,-38.5096,38.079,-34.125,34.125,3.10557,7213,238,100,2659
1706674916850202642,23999,23999,9087,14912,0,0,0,10,0.000416684,11.6721,255,138.277,39.8098,40.5,84.5,133.5,209.5,255.5,0,677,4,168,31.5,55.5,73.5,-38.1145,38.5097,-34.625,34.125,3.18273,7223,243,100,2714
1706674916950048900,23999,23999,9040,14959,0,0,0,18,0.000750031,11.6453,255,138.119,39.5541,46.5,83.5,134.5,208.5,255.5,0,555,4,208,31.5,56.5,72.5,-38.4981,38.1889,-34.375,34.125,3.39048,7225,245,100,2677
1706674917049883626,24000,24000,8985,15015,0,0,0,12,0.0005,12.2874,255,137.57,38.6468,44.5,86.5,134.5,202.5,255.5,0,516,4,150,32.5,56.5,72.5,-38.254,38.489,-34.125,34.625,3.19935,7225,232,100,2645
1706674917149724159,23999,23999,8990,15009,0,0,0,17,0.000708363,11.8237,255,138.776,40.6757,33.5,84.5,134.5,214.5,255.5,0,793,4,154,33.5,56.5,75.5,-38.4715,38.2834,-34.625,34.375,3.10676,7225,204,100,2666
1706674917249561504,23999,23999,9006,14993,0,0,0,14,0.000583358,11.2192,255,138.525,40.0584,38.5,84.5,134.5,210.5,255.5,0,625,4,198,32.5,57.5,74.5,-38.3408,38.4492,-34.375,34.625,3.07589,7225,195,100,2714
1706674917350209502,24000,24000,8889,15111,0,0,0,16,0.000666667,11.7721,255,138.394,39.3343,39.5,84.5,135.5,206.5,255.5,0,561,4,153,32.5,56.5,72.5,-38.4124,38.3886,-34.625,34.375,3.17205,7226,199,100,2645
1706674917450051860,24000,24000,8926,15074,0,0,0,16,0.000666667,11.8475,255,138.299,39.0913,34.5,84.5,134.5,206.5,255.5,0,425,4,249,32.5,56.5,70.5,-38.4143,38.3745,-34.625,34.625,3.42016,7227,197,100,2673
1706674917549889330,23999,23999,8992,15007,0,0,0,15,0.000625026,14.3256,255,138.095,38.6417,44.5,86.5,133.5,206.5,255.5,0,478,5,152,32.5,55.5,70.5,-38.3302,38.4484,-34.125,34.625,3.48783,7227,192,100,2672
1706674917649730944,23999,23999,9079,14920,0,0,0,17,0.000708363,11.4638,255,138.023,39.5959,43.5,83.5,133.5,208.5,255.5,0,598,4,174,32.5,56.5,71.5,-38.4709,38.2914,-34.125,34.125,3.44628,7228,200,100,2583
1706674917749568660,23999,23999,9147,14852,0,0,0,0,0,11.0294,255,137.841,37.6577,46.5,86.5,133.5,202.5,255.5,0,488,4,154,32.5,56.5,71.5,-37.8357,38.4876,-33.875,34.125,3.16611,7229,201,100,2746
1706674917850202305,23999,23999,9112,14887,0,0,0,12,0.000500021,11.1567,255,137.481,36.73,48.5,87.5,133.5,199.5,255.5,0,340,4,197,32.5,55.5,72.5,-38.2407,37.9282,-33.875,33.875,3.28245,7231,212,100,2715
1706674917950038484,24000,24000,9023,14977,0,0,0,17,0.000708333,13.5216,255,137.439,38.0996,48.5,85.5,132.5,203.5,255.5,0,479,4,224,32.5,55.5,71.5,-38.51,38.1734,-34.125,33.875,3.32044,7231,218,100,2679
1706674918049887672,24000,24000,9032,14968,0,0,0,12,0.0005,11.5263,255,137.709,38.7906,48.5,84.5,133.5,206.5,255.5,0,499,4,239,32.5,56.5,71.5,-38.1105,38.5048,-34.375,34.125,3.41066,7232,216,100,2598
1706674918149717515,24000,24000,9040,14960,0,0,0,17,0.000708333,11.8514,255,137.671,38.3897,40.5,84.5,134.5,202.5,255.5,0,426,4,255,32.5,56.5,71.5,-38.5099,38.0778,-34.625,34.375,3.20766,7232,213,100,2619
1706674918249551370,23999,23999,9001,14998,0,0,0,9,0.000375016,13.6785,255,137.972,37.6572,40.5,85.5,135.5,200.5,255.5,0,392,4,255,33.5,57.5,72.5,-38.1473,38.5069,-34.375,34.625,3.29789,7232,191,100,2643
1706674918350195219,24000,24000,8909,15091,0,0,0,18,0.00075,13.0834,255,138.657,39.6559,32.5,84.5,135.5,206.5,255.5,0,579,4,229,33.5,57.5,72.5,-38.5067,38.1896,-34.625,34.375,3.14712,7232,176,100,2597
1706674918450047833,24000,24000,8989,15011,0,0,0,13,0.000541667,12.6598,255,138.889,39.825,36.5,82.5,135.5,208.5,255.5,0,617,4,199,33.5,58.5,76.5,-38.2496,38.4807,-34.375,34.625,3.2599,7232,179,100,2581
1706674918549895952,24000,24000,9018,14982,0,0,0,17,0.000708333,11.3829,255,138.629,39.0446,32.5,84.5,135.5,205.5,255.5,0,573,3,201,33.5,59.5,80.5,-38.4719,38.2908,-34.625,34.625,3.28008,7232,169,100,2535
1706674918649740481,24000,24000,8984,15016,0,0,0,15,0.000625,11.5836,255,138.692,40.0917,36.5,84.5,133.5,215.5,255.5,0,630,3,255,33.5,60.5,80.5,-38.3512,38.44,-34.375,34.625,3.16967,7232,154,100,2625
1706674918749566398,23998,23998,8970,15028,0,0,0,15,0.000625052,12.311,255,138.551,39.9911,39.5,84.5,133.5,211.5,255.5,0,642,4,255,34.5,59.5,79.5,-38.416,38.3819,-34.125,34.625,3.15899,7232,170,100,2465
1706674918850201295,23998,23998,9026,14972,0,0,0,15,0.000625052,13.896,255,138.651,40.82,34.5,80.5,135.5,211.5,255.5,0,685,4,245,33.5,60.5,80.5,-38.4191,38.3788,-34.125,34.125,3.20411,7232,173,100,2439
1706674918950035574,23998,23998,9170,14828,0,0,0,0,0,11.4162,255,138.207,39.5496,35.5,84.5,135.5,207.5,255.5,0,597,3,255,34.5,60.5,80.5,-37.674,38.4495,-33.625,34.125,3.12338,7233,171,100,2564
1706674919049867454,23998,23998,9151,14847,0,0,0,15,0.000625052,10.9161,255,138.429,39.2717,45.5,84.5,134.5,209.5,255.5,0,622,3,255,34.5,60.5,83.5,-38.3239,37.7763,-34.125,33.875,3.25159,7233,179,100,2529
1706674919149709869,23998,23998,9084,14914,0,0,0,17,0.000708392,13.3894,255,137.744,38.9721,46.5,83.5,134.5,207.5,255.5,0,631,4,255,34.5,60.5,88.5,-38.4793,38.2671,-34.125,33.875,3.33707,7233,175,100,2518
1706674919249530198,24000,24000,8974,15026,0,0,0,11,0.000458333,10.1218,255,138.559,39.8612,49.5,83.5,134.5,209.5,255.5,0,610,3,255,34.5,61.5,88.5,-38.2161,38.4934,-34.625,34.125,3.343,7233,172,100,2466
1706674919350161571,24000,24000,8967,15033,0,0,0,18,0.00075,10.5941,255,138.584,39.6252,45.5,84.5,134.5,208.5,255.5,0,591,3,255,34.5,61.5,85.5,-38.4998,38.1611,-34.625,34.375,3.32994,7233,167,100,2491
1706674919450006528,24000,24000,8969,15031,0,0,0,12,0.0005,10.3573,255,138.533,40.5965,36.5,83.5,134.5,211.5,255.5,0,740,3,255,34.5,62.5,87.5,-38.0916,38.5128,-34.625,34.625,3.23022,7233,156,100,2560
1706674919549845323,24000,24000,9035,14965,0,0,0,17,0.000708333,10.2566,255,138.3,39.5481,31.5,82.5,135.5,202.5,255.5,0,617,3,255,34.5,62.5,86.5,-38.5005,38.0932,-34.625,34.625,3.63267,7233,155,100,2615
1706674919649695736,24000,24000,8955,15045,0,0,0,10,0.000416667,13.1107,255,139.403,41.753,30.5,81.5,135.5,220.5,255.5,0,824,4,255,34.5,63.5,91.5,-38.1536,38.5141,-34.375,34.625,4.08378,7233,161,100,2599
1706674919749531872,24000,24000,8937,15063,0,0,0,17,0.000708333,12.8982,255,139.035,41.0865,29.5,81.5,135.5,214.5,255.5,0,727,4,255,34.5,62.5,89.5,-38.4937,38.2317,-34.625,34.375,3.70864,7233,159,100,2575
1706674919850177494,24000,24000,9009,14991,0,0,0,13,0.000541667,12.2196,255,138.127,41.396,35.5,79.5,133.5,218.5,255.5,0,852,4,255,33.5,62.5,90.5,-38.2817,38.4716,-34.625,34.625,3.53888,7233,158,100,2584
1706674919950021541,24000,24000,9038,14962,0,0,0,16,0.000666667,11.7796,255,137.915,41.7323,39.5,77.5,133.5,213.5,255.5,0,832,4,255,32.5,62.5,85.5,-38.4457,38.3346,-34.125,34.625,3.2326,7233,164,100,2522
1706674920049858728,24000,24000,9038,14962,0,0,0,15,0.000625,11.3499,255,137.365,42.0915,42.5,77.5,133.5,220.5,255.5,0,750,4,255,31.5,60.5,76.5,-38.3741,38.4289,-34.125,34.125,3.21716,7234,163,100,2564
1706674920149699328,23998,23998,9071,14927,0,0,0,0,0,12.5312,255,135.884,37.7828,41.5,80.5,133.5,199.5,255.5,0,431,4,255,30.5,57.5,70.5,-37.5951,38.4104,-33.625,34.125,3.02247,7234,170,100,2563
1706674920249538629,24000,24000,9143,14857,0,0,0,15,0.000625,8.71136,255,135.84,38.643,51.5,82.5,132.5,202.5,255.5,0,557,3,255,29.5,57.5,72.5,-38.3892,37.6527,-34.125,33.625,3.06046,7235,174,100,2588
1706674920350168165,24000,24000,9143,14857,0,0,0,16,0.000666667,9.273,255,136.131,40.4279,48.5,79.5,132.5,208.5,255.5,0,653,3,150,29.5,59.5,74.5,-38.44,38.351,-34.125,34.125,3.20529,7235,169,100,2642
1706674920450019631,24000,24000,9023,14977,0,0,0,13,0.000541667,11.0361,255,136.591,41.2759,46.5,79.5,132.5,212.5,255.5,0,705,4,255,29.5,58.5,73.5,-38.2892,38.4726,-34.625,34.125,3.18036,7235,169,100,2634
1706674920549865714,24000,24000,8936,15064,0,0,0,18,0.00075,11.5473,255,136.078,40.8496,46.5,78.5,132.5,210.5,255.5,0,588,4,150,28.5,58.5,75.5,-38.4828,38.2479,-34.625,34.375,3.39049,7235,162,100,2572
1706674920649708039,24000,24000,8890,15110,0,0,0,11,0.000458333,10.8958,255,137.087,41.4187,44.5,80.5,132.5,215.5,255.5,0,728,4,255,28.5,59.5,76.5,-38.1955,38.5,-34.375,34.625,3.45697,7235,155,100,2607
1706674920749555210,24000,24000,8905,15095,0,0,0,17,0.000708333,12.7098,255,136.901,40.9496,40.5,81.5,132.5,212.5,255.5,0,728,4,255,28.5,59.5,77.5,-38.5044,38.1308,-34.625,34.375,3.39524,7236,157,100,2626
1706674920850186231,24000,24000,9083,14917,0,0,0,13,0.000541667,8.88941,255,136.398,40.8816,33.5,80.5,132.5,212.5,255.5,0,594,3,150,28.5,59.5,76.5,-38.0712,38.5069,-34.375,34.625,3.23497,7237,151,100,2628
1706674920950034073,23998,23998,8943,15055,0,0,0,18,0.000750063,10.6121,255,136.565,41.0645,34.5,81.5,132.5,211.5,255.5,0,732,4,255,27.5,59.5,76.5,-38.5112,38.1178,-34.625,34.375,3.05096,7237,153,100,2576
1706674921049880964,24000,24000,9030,14970,0,0,0,11,0.000458333,10.4858,255,136.134,40.5334,43.5,81.5,130.5,211.5,255.5,0,638,4,255,27.5,58.5,77.5,-38.1828,38.5,-34.375,34.125,2.93462,7237,157,100,2561
1706674921149724162,24000,24000,9014,14986,0,0,0,17,0.000708333,12.5373,255,136.272,41.6699,43.5,81.5,131.5,218.5,255.5,0,748,4,255,26.5,58.5,76.5,-38.4888,38.2462,-34.125,34.875,3.12932,7237,149,100,2613
1706674921249567819,23999,23999,9047,14952,0,0,0,14,0.000583358,10.4175,255,136.34,39.7086,48.5,82.5,131.5,206.5,255.5,0,683,4,150,26.5,57.5,76.5,-38.3031,38.4737,-34.125,34.125,3.2231,7238,155,100,2595
1706674921350201742,23999,23999,9096,14903,0,0,0,0,0,12.1842,255,136.923,40.5612,48.5,81.5,132.5,213.5,255.5,0,673,4,187,26.5,56.5,77.5,-37.7485,38.3344,-33.875,34.125,3.362,7244,154,100,2603
1706674921450043820,23999,23999,9119,14880,0,0,0,17,0.000708363,11.9825,255,137.027,41.1599,47.5,82.5,131.5,214.5,255.5,0,693,3,152,26.5,55.5,76.5,-38.4538,37.6634,-34.125,33.625,3.28959,7250,154,100,2657
1706674921549878759,24000,24000,9102,14898,0,0,0,15,0.000625,14.5709,255,137.299,41.935,51.5,81.5,132.5,216.5,255.5,0,840,3,151,26.5,55.5,75.5,-38.3865,38.415,-34.125,34.125,3.07827,7253,153,100,2732
1706674921649721455,24000,24000,9026,14974,0,0,0,15,0.000625,14.6484,255,138.081,42.1766,39.5,80.5,133.5,221.5,255.5,0,872,4,151,26.5,54.5,73.5,-38.3758,38.4301,-34.375,34.125,3.1032,7254,151,100,2749
1706674921749569266,24000,24000,8962,15038,0,0,0,17,0.000708333,14.7523,255,137.35,41.8424,42.5,82.5,132.5,214.5,255.5,0,734,4,150,26.5,52.5,74.5,-38.4504,38.3321,-34.625,34.375,2.96787,7257,147,100,2679
1706674921850199154,24000,24000,8929,15071,0,0,0,13,0.000541667,15.5609,255,139.064,43.2518,34.5,80.5,134.5,229.5,255.5,0,843,4,151,26.5,50.5,71.5,-38.2898,38.4642,-34.625,34.625,3.10676,7260,142,100,2689
1706674921950036237,24000,24000,8869,15131,0,0,0,17,0.000708333,15.9595,255,136.971,41.1824,30.5,81.5,132.5,213.5,255.5,0,754,4,150,27.5,48.5,66.5,-38.4835,38.2488,-34.625,34.375,2.97262,7268,143,100,2716
1706674922049872091,24000,24000,9003,14997,0,0,0,11,0.000458333,14.3051,255,137.213,40.5741,32.5,81.5,132.5,210.5,255.5,0,558,3,151,27.5,46.5,59.5,-38.1861,38.5006,-34.375,34.625,3.06284,7270,145,100,2791
1706674922149698625,24000,24000,9064,14936,0,0,0,18,0.00075,16.8523,255,136.155,40.4493,30.5,80.5,132.5,210.5,255.5,0,696,4,151,27.5,45.5,61.5,-38.5122,38.1259,-34.625,34.375,2.93107,7274,144,100,2743
1706674922249539537,24000,24000,9055,14945,0,0,0,11,0.000458333,13.8742,255,137.08,41.3136,35.5,80.5,132.5,219.5,255.5,0,667,3,151,27.5,45.5,58.5,-38.0615,38.5082,-34.375,34.125,3.00704,7282,153,100,2697
1706674922350179109,23999,23999,9078,14921,0,0,0,18,0.000750031,18.1081,255,137.205,42.3541,43.5,81.5,131.5,223.5,255.5,0,854,4,150,26.5,45.5,59.5,-38.5122,38.134,-34.125,34.375,3.02366,7289,159,100,2644
1706674922450017499,23999,23999,9072,14927,0,0,0,11,0.000458352,13.7468,255,136.489,40.1111,42.5,81.5,132.5,210.5,255.5,0,583,3,151,26.5,45.5,56.5,-38.2011,38.4937,-33.875,34.625,3.03435,7310,162,100,2661
1706674922549847795,24000,24000,9063,14937,0,0,0,0,0,14.532,255,136.228,39.8289,37.5,80.5,132.5,205.5,255.5,0,572,3,150,26.5,45.5,58.5,-37.9026,38.2548,-33.875,33.875,3.30027,7314,168,100,2746
1706674922649701384,24000,24000,9044,14956,0,0,0,17,0.000708333,12.7848,255,136.361,40.1092,39.5,81.5,131.5,210.5,255.5,0,600,3,150,27.5,46.5,61.5,-38.4833,37.8067,-34.125,33.875,3.34775,7318,174,100,2661
1706674922749553413,23998,23998,9135,14863,0,0,0,14,0.000583382,13.6354,255,136.814,39.6496,40.5,81.5,133.5,206.5,255.5,0,457,3,150,27.5,47.5,63.5,-38.3266,38.461,-34.125,34.125,3.10676,7318,176,100,2705
1706674922850184725,24000,24000,9035,14965,0,0,0,16,0.000666667,14.1916,255,136.364,39.9098,47.5,81.5,132.5,204.5,255.5,0,607,3,150,28.5,47.5,61.5,-38.4332,38.3575,-34.625,34.125,4.07191,7318,169,100,2721
1706674922950020718,24000,24000,8935,15065,0,0,0,15,0.000625,16.5475,255,137.394,40.7251,38.5,81.5,133.5,209.5,255.5,0,725,4,150,28.5,49.5,63.5,-38.3925,38.4079,-34.625,34.625,3.19699,7319,163,100,2656
1706674923049858528,24000,24000,8859,15141,0,0,0,15,0.000625,16.0026,255,137.894,40.5939,37.5,81.5,134.5,211.5,255.5,0,655,4,151,28.5,49.5,64.5,-38.3796,38.42,-34.625,34.625,3.16731,7319,152,100,2661
1706674923149699196,24000,24000,8903,15097,0,0,0,17,0.000708333,16.0482,255,137.483,41.0107,38.5,81.5,132.5,212.5,255.5,0,653,4,150,29.5,52.5,70.5,-38.4478,38.3263,-34.625,34.375,4.18707,7319,153,100,2656
1706674923249528073,23999,23999,8938,15061,0,0,0,13,0.000541689,16.1051,255,138.064,41.4534,36.5,81.5,134.5,217.5,255.5,0,714,4,150,29.5,54.5,75.5,-38.2769,38.4834,-34.375,34.625,3.3062,7320,156,100,2704
1706674923350166173,24000,24000,9091,14909,0,0,0,17,0.000708333,15.7176,255,138.403,41.6561,39.5,82.5,134.5,220.5,255.5,0,772,4,150,29.5,55.5,79.5,-38.4958,38.2345,-34.625,34.125,3.28959,7320,160,100,2727
1706674923450001769,24000,24000,9030,14970,0,0,0,10,0.000416667,12.0973,255,139.238,40.5523,43.5,83.5,134.5,218.5,255.5,0,647,3,150,30.5,57.5,79.5,-38.1685,38.5075,-34.125,34.125,3.48665,7320,160,100,2596
1706674923549821241,24000,24000,9039,14961,0,0,0,18,0.00075,16.146,255,138.816,40.8068,47.5,83.5,133.5,217.5,255.5,0,702,4,151,30.5,57.5,79.5,-38.5113,37.9916,-34.125,33.875,3.16256,7322,156,100,2576
1706674923649649838,24000,24000,9103,14897,0,0,0,6,0.00025,13.4892,255,138.22,40.0368,48.5,84.5,133.5,214.5,255.5,0,643,3,150,30.5,55.5,72.5,-38.0617,38.1184,-34.125,34.125,3.14,7325,160,100,2589
1706674923749895202,23999,23999,9131,14868,0,0,0,6,0.00025001,13.661,255,138.084,38.7544,44.5,85.5,134.5,208.5,255.5,0,533,3,150,30.5,54.5,71.5,-38.0544,38.4926,-34.125,34.625,3.10439,7326,158,100,2662
1706674923849728958,24000,24000,9056,14944,0,0,0,18,0.00075,16.5604,255,138.605,39.1819,45.5,85.5,135.5,208.5,255.5,0,572,4,150,31.5,54.5,70.5,-38.5137,37.9748,-34.125,33.875,3.0486,7329,159,100,2628
1706674923949572607,24000,24000,8994,15006,0,0,0,11,0.000458333,13.2162,255,139.117,40.547,33.5,84.5,135.5,213.5,255.5,0,667,3,150,31.5,55.5,74.5,-38.2097,38.4933,-34.125,34.125,3.32045,7329,151,100,2634
1706674924050198028,24000,24000,9082,14918,0,0,0,17,0.000708333,16.2545,255,138.324,39.4769,36.5,83.5,135.5,208.5,255.5,0,569,4,150,32.5,54.5,71.5,-38.4684,38.2739,-34.625,34.125,3.10677,7329,148,100,2609
1706674924150041305,23998,23998,8987,15011,0,0,0,14,0.000583382,12.7001,255,139.017,40.0113,30.5,82.5,136.5,210.5,255.5,0,539,3,150,32.5,54.5,70.5,-38.318,38.4586,-34.625,34.625,3.2421,7331,144,100,2535
1706674924249888779,24000,24000,8878,15122,0,0,0,17,0.000708333,12.0138,255,138.981,39.8431,25.5,83.5,135.5,207.5,255.5,0,601,3,150,32.5,55.5,71.5,-38.4406,38.3462,-34.625,34.625,3.09015,7332,143,100,2610
1706674924349728701,24000,24000,8868,15132,0,0,0,15,0.000625,13.7833,255,139.069,41.0047,29.5,82.5,135.5,216.5,255.5,0,738,4,150,32.5,55.5,73.5,-38.394,38.4049,-34.375,34.625,3.21243,7337,146,100,2605
1706674924449580967,23999,23999,8928,15071,0,0,0,15,0.000625026,9.92273,255,138.248,40.125,29.5,83.5,134.5,212.5,255.5,0,594,3,150,32.5,55.5,74.5,-38.3565,38.4234,-34.625,34.625,2.98687,7340,148,100,2618
1706674924550223312,23999,23999,9079,14920,0,0,0,16,0.000666694,13.6508,255,137.388,39.1408,32.5,84.5,134.5,204.5,255.5,0,610,4,151,32.5,55.5,71.5,-38.4637,38.3225,-34.625,34.125,2.95719,7350,150,100,2605
1706674924650057756,23999,23999,9126,14873,0,0,0,12,0.000500021,12.8511,255,137.033,38.2669,46.5,83.5,133.5,203.5,255.5,0,562,4,150,31.5,54.5,68.5,-38.2723,38.4775,-34.125,34.125,3.09727,7364,161,100,2633
1706674924749880552,24000,24000,9020,14980,0,0,0,17,0.000708333,9.92394,255,137.543,39.9675,45.5,82.5,134.5,212.5,255.5,0,826,3,150,31.5,55.5,73.5,-38.5011,37.8711,-34.125,33.875,3.15307,7371,164,100,2615
1706674924849727093,24000,24000,9069,14931,0,0,0,0,0,11.0559,255,137.235,38.1501,46.5,83.5,134.5,203.5,255.5,0,453,3,150,30.5,55.5,70.5,-37.9721,38.229,-33.875,33.875,3.27653,7384,166,100,2624
1706674924949553831,24000,24000,9098,14902,0,0,0,10,0.000416667,10.7886,255,137.743,38.6803,38.5,84.5,134.5,204.5,255.5,0,614,3,150,30.5,55.5,70.5,-38.154,38.5025,-34.125,34.375,3.30621,7390,174,100,2682
1706674925050191742,24000,24000,9084,14916,0,0,0,17,0.000708333,10.2771,255,136.95,38.4757,43.5,84.5,133.5,201.5,255.5,0,587,3,150,29.5,53.5,66.5,-38.5044,38.0762,-34.125,34.125,3.3537,7391,173,100,2673
1706674925150030995,23999,23999,9017,14982,0,0,0,9,0.000375016,12.5802,255,138.369,39.5967,46.5,84.5,134.5,214.5,255.5,0,621,4,150,30.5,54.5,68.5,-38.1326,38.5079,-34.375,34.125,3.39287,7391,176,100,2682
1706674925249885994,24000,24000,8991,15009,0,0,0,17,0.000708333,12.3283,255,137.524,39.0616,41.5,83.5,133.5,205.5,255.5,0,500,4,150,30.5,55.5,69.5,-38.4998,38.1927,-34.625,34.125,3.28009,7391,171,100,2645
1706674925349718898,24000,24000,8994,15006,0,0,0,12,0.0005,12.376,255,137.78,38.4977,36.5,84.5,134.5,205.5,255.5,0,528,4,150,30.5,55.5,67.5,-38.2557,38.4784,-34.375,34.625,3.3442,7392,168,100,2665
1706674925449546011,24000,24000,8946,15054,0,0,0,16,0.000666667,12.1003,255,138.067,39.0166,37.5,84.5,134.5,208.5,255.5,0,549,4,150,30.5,54.5,67.5,-38.4599,38.3006,-34.625,34.625,3.13289,7394,170,100,2652
1706674925550178350,23999,23999,8890,15109,0,0,0,14,0.000583358,12.1927,255,137.92,39.7929,37.5,82.5,134.5,207.5,255.5,0,628,3,150,29.5,54.5,68.5,-38.3435,38.4346,-34.625,34.625,3.20293,7394,165,100,2634
1706674925650019950,23999,23999,8904,15095,0,0,0,16,0.000666694,11.7369,255,137.821,39.4292,42.5,83.5,133.5,208.5,255.5,0,624,4,150,29.5,55.5,71.5,-38.4054,38.3887,-34.625,34.625,3.02367,7400,171,100,2616
1706674925749861063,24000,24000,9022,14978,0,0,0,15,0.000625,11.4586,255,137.356,39.5845,49.5,81.5,133.5,207.5,255.5,0,558,4,150,28.5,54.5,69.5,-38.4183,38.3688,-34.625,34.125,2.95006,7408,168,100,2663
1706674925849700304,23999,23999,9111,14888,0,0,0,14,0.000583358,11.1294,255,137.294,40.2904,36.5,82.5,133.5,209.5,255.5,0,691,4,150,28.5,52.5,68.5,-38.3455,38.4431,-34.125,34.125,3.06641,7422,173,100,2699
1706674925949535638,24000,24000,9182,14818,0,0,0,17,0.000708333,13.0034,255,137.322,39.4909,47.5,83.5,133.5,207.5,255.5,0,417,4,150,28.5,51.5,67.5,-38.4686,37.7563,-34.125,33.875,2.97381,7437,186,100,2800
1706674926050190185,23999,23999,9055,14944,0,0,0,0,0,13.6327,255,137.296,40.3037,48.5,81.5,133.5,211.5,255.5,0,602,4,150,28.5,50.5,69.5,-37.8674,38.2917,-33.875,34.125,3.17681,7442,194,100,2655
1706674926150024610,24000,24000,9027,14973,0,0,0,11,0.000458333,12.1414,255,137.863,41.344,43.5,79.5,133.5,212.5,255.5,0,703,3,150,28.5,49.5,67.5,-38.2273,38.4898,-33.875,34.125,3.07946,7443,187,100,2667
1706674926249876996,23999,23999,9061,14938,0,0,0,17,0.000708363,14.2695,255,137.108,40.3514,46.5,80.5,133.5,207.5,255.5,0,619,4,150,28.5,49.5,64.5,-38.5106,38.1666,-34.125,34.875,3.23498,7443,188,100,2730
1706674926349714230,24000,24000,9061,14939,0,0,0,11,0.000458333,15.7289,255,137.549,41.0667,46.5,81.5,133.5,211.5,255.5,0,672,4,150,29.5,48.5,64.5,-38.0835,38.5115,-34.375,34.125,3.06047,7443,178,100,2685
1706674926449564360,24000,24000,8998,15002,0,0,0,17,0.000708333,15.3002,255,137.651,41.1919,44.5,79.5,133.5,212.5,255.5,0,696,4,150,29.5,49.5,63.5,-38.5079,38.1051,-34.625,34.375,3.18869,7443,170,100,2650
1706674926550198055,23999,23999,9015,14984,0,0,0,10,0.000416684,14.8693,255,137.362,40.1604,45.5,82.5,133.5,209.5,255.5,0,527,4,150,29.5,49.5,62.5,-38.1583,38.5069,-34.375,34.625,3.06404,7443,166,100,2705
1706674926650055342,24000,24000,8926,15074,0,0,0,17,0.000708333,14.8715,255,137.52,39.7701,45.5,83.5,134.5,206.5,255.5,0,579,4,150,29.5,49.5,62.5,-38.4933,38.2192,-34.625,34.375,3.13408,7444,154,100,2708
1706674926749895688,23999,23999,8893,15106,0,0,0,13,0.000541689,14.7192,255,137.341,39.564,40.5,82.5,132.5,208.5,255.5,0,431,4,150,29.5,49.5,61.5,-38.2766,38.4849,-34.625,34.625,3.2243,7444,158,100,2564
1706674926849742633,24000,24000,8964,15036,0,0,0,16,0.000666667,12.7273,255,137.324,41.221,40.5,80.5,133.5,214.5,255.5,0,707,3,150,29.5,48.5,60.5,-38.445,38.3315,-34.625,34.625,2.97144,7444,155,100,2607
1706674926949578892,23999,23999,8985,15014,0,0,0,14,0.000583358,15.2921,255,137.89,41.0728,39.5,79.5,134.5,212.5,255.5,0,665,4,150,30.5,49.5,61.5,-38.3759,38.4243,-34.625,34.125,3.20056,7444,157,100,2653
1706674927050213503,23999,23999,9095,14904,0,0,0,15,0.000625026,14.3216,255,137.064,39.0302,51.5,81.5,133.5,206.5,255.5,0,501,4,150,29.5,50.5,62.5,-38.3773,38.4104,-34.125,34.125,2.98093,7445,161,100,2765
1706674927150050353,24000,24000,9168,14832,0,0,0,16,0.000666667,14.1368,255,136.983,38.6794,48.5,83.5,133.5,202.5,255.5,0,532,4,151,30.5,51.5,67.5,-38.4451,37.6675,-34.125,33.625,3.20412,7450,174,100,2765
1706674927249897182,23999,23999,9123,14876,0,0,0,0,0,10.9134,255,138.108,39.6606,43.5,82.5,134.5,205.5,255.5,0,470,3,150,30.5,52.5,67.5,-37.76,38.3353,-33.875,34.125,3.38694,7453,169,100,2720
1706674927349735349,24000,24000,9048,14952,0,0,0,13,0.000541667,11.5471,255,137.758,39.5541,41.5,83.5,133.5,206.5,255.5,0,513,3,150,30.5,53.5,67.5,-38.282,38.4743,-34.125,34.125,3.21718,7455,173,100,2674
1706674927449578594,24000,24000,8981,15019,0,0,0,17,0.000708333,14.1188,255,137.54,39.2268,46.5,83.5,133.5,204.5,255.5,0,546,4,150,31.5,55.5,72.5,-38.4979,38.2292,-34.125,34.375,3.28603,7455,164,100,2681
1706674927550226207,23999,23999,9018,14981,0,0,0,11,0.000458352,13.932,255,138.333,40.9415,30.5,82.5,134.5,212.5,255.5,0,674,4,150,31.5,58.5,78.5,-38.1792,38.4964,-34.375,34.625,3.19344,7456,160,100,2729
1706674927650070371,24000,24000,9002,14998,0,0,0,17,0.000708333,15.6781,255,138.236,40.557,29.5,82.5,134.5,212.5,255.5,0,666,4,150,32.5,60.5,82.5,-38.5136,38.1235,-34.625,34.375,3.33827,7459,161,100,2707
1706674927749901906,24000,24000,9021,14979,0,0,0,12,0.0005,17.4339,255,139.708,42.348,25.5,83.5,135.5,225.5,255.5,0,719,4,150,32.5,62.5,88.5,-38.0864,38.5164,-34.375,34.625,3.44155,7467,161,100,2655
1706674927849745212,24000,24000,8983,15017,0,0,0,17,0.000708333,15.1461,255,138.243,40.1915,25.5,82.5,135.5,207.5,255.5,0,649,4,150,32.5,61.5,82.5,-38.5093,38.1579,-34.625,34.375,3.28366,7471,168,100,2675
1706674927949599938,24000,24000,8937,15063,0,0,0,12,0.0005,14.6285,255,138.353,39.764,30.5,82.5,135.5,208.5,255.5,0,697,4,150,32.5,62.5,83.5,-38.2288,38.4963,-34.375,34.625,3.14476,7484,171,100,2627
1706674928049836132,23999,23999,8929,15070,0,0,0,17,0.000708363,15.6951,255,139.09,39.2552,40.5,86.5,135.5,215.5,255.5,0,561,4,150,33.5,62.5,83.5,-38.468,38.2689,-34.625,34.375,3.30028,7495,179,100,2638
1706674928149674276,24000,24000,9025,14975,0,0,0,14,0.000583333,14.8234,255,138.556,38.677,37.5,86.5,135.5,205.5,255.5,0,604,4,150,33.5,62.5,83.5,-38.3095,38.458,-34.625,34.125,3.05098,7500,183,100,2608
1706674928249501933,24000,24000,9066,14934,0,0,0,16,0.000666667,15.0762,255,138.193,38.2705,45.5,85.5,135.5,203.5,255.5,0,514,4,150,33.5,62.5,84.5,-38.4394,38.351,-34.125,34.125,3.21243,7515,191,100,2677
1706674928350138240,24000,24000,9127,14873,0,0,0,15,0.000625,14.7176,255,138.856,39.5626,47.5,85.5,134.5,209.5,255.5,0,706,4,150,33.5,63.5,87.5,-38.3935,37.6188,-34.125,33.625,3.13289,7531,203,100,2633
1706674928449990727,23999,23999,9155,14844,0,0,0,0,0,14.476,255,139.409,40.5193,40.5,84.5,135.5,215.5,255.5,0,755,4,150,33.5,63.5,89.5,-37.616,38.4019,-33.625,34.125,3.30978,7535,203,100,2721
1706674928549829610,23999,23999,9071,14928,0,0,0,15,0.000625026,11.1491,255,138.156,39.3704,49.5,85.5,134.5,209.5,255.5,0,709,3,151,34.5,62.5,84.5,-38.3597,38.4405,-34.125,34.125,3.10202,7536,207,100,2631
1706674928649670401,24000,24000,9031,14969,0,0,0,17,0.000708333,13.4494,255,138.837,39.7499,46.5,84.5,134.5,212.5,255.5,0,659,4,151,35.5,63.5,82.5,-38.4601,38.3081,-34.125,34.625,3.02249,7537,193,100,2642
1706674928749521883,24000,24000,8952,15048,0,0,0,12,0.0005,13.0308,255,138.209,39.6222,39.5,83.5,134.5,210.5,255.5,0,655,4,151,35.5,62.5,80.5,-38.2664,38.4837,-34.375,34.625,3.08896,7537,197,100,2693
1706674928850171234,24000,24000,8949,15051,0,0,0,17,0.000708333,15.427,255,138.331,38.9978,39.5,84.5,134.5,205.5,255.5,0,592,5,152,35.5,62.5,75.5,-38.4928,38.2169,-34.625,34.375,2.98925,7539,191,100,2638
1706674928950010785,24000,24000,8970,15030,0,0,0,10,0.000416667,12.3043,255,137.965,37.9509,41.5,85.5,135.5,203.5,255.5,0,501,4,151,36.5,61.5,75.5,-38.1534,38.5052,-34.375,34.625,2.95957,7539,187,100,2687
1706674929049853685,24000,24000,9018,14982,0,0,0,17,0.000708333,11.7665,255,137.791,37.7342,39.5,85.5,134.5,200.5,255.5,0,517,4,159,36.5,62.5,75.5,-38.5171,38.0667,-34.625,34.375,2.94532,7539,188,100,2602
1706674929149685709,24000,24000,8999,15001,0,0,0,10,0.000416667,11.4093,255,136.809,37.8756,40.5,83.5,134.5,199.5,255.5,0,458,4,150,35.5,62.5,75.5,-38.1182,38.5137,-34.375,34.625,2.99756,7539,190,100,2602
1706674929249528476,23998,23998,8986,15012,0,0,0,17,0.000708392,11.0379,255,137.572,38.0487,49.5,84.5,134.5,201.5,255.5,0,495,4,151,35.5,63.5,78.5,-38.4978,38.1869,-34.625,34.375,3.27298,7539,196,100,2568
1706674929350174951,23999,23999,9000,14999,0,0,0,12,0.000500021,10.3606,255,137.438,37.7387,44.5,84.5,135.5,200.5,255.5,0,534,4,150,35.5,63.5,79.5,-38.2391,38.4895,-34.375,34.125,2.99519,7545,188,100,2647
1706674929450013083,23999,23999,9049,14950,0,0,0,16,0.000666694,10.8145,255,137.61,37.6593,48.5,86.5,134.5,203.5,255.5,0,509,4,150,34.5,63.5,78.5,-38.4701,38.288,-34.125,34.125,3.20531,7553,195,100,2691
1706674929549850181,24000,24000,9110,14890,0,0,0,14,0.000583333,10.4786,255,137.988,37.4307,52.5,87.5,134.5,201.5,255.5,0,461,4,150,34.5,63.5,78.5,-38.3388,37.7484,-34.125,33.875,3.02012,7562,195,100,2686
1706674929649695146,24000,24000,9154,14846,0,0,0,0,0,11.0062,255,137.914,37.6675,50.5,85.5,134.5,200.5,255.5,0,604,4,150,34.5,63.5,79.5,-37.6353,38.442,-33.625,34.125,3.05454,7565,215,100,2695
1706674929749531254,24000,24000,9079,14921,0,0,0,15,0.000625,10.429,255,138.181,37.5,45.5,86.5,135.5,199.5,255.5,0,500,4,150,34.5,63.5,78.5,-38.4036,38.3842,-34.125,34.125,3.16376,7565,197,100,2789
1706674929850163091,23999,23999,8957,15042,0,0,0,15,0.000625026,11.3216,255,138.224,39.0904,34.5,84.5,135.5,202.5,255.5,0,547,4,150,35.5,64.5,79.5,-38.4206,38.3838,-34.125,34.625,3.21125,7565,191,100,2586
1706674929950003384,24000,24000,8970,15030,0,0,0,15,0.000625,12.0849,255,138.536,37.9877,39.5,86.5,135.5,202.5,255.5,0,533,4,158,35.5,64.5,80.5,-38.3338,38.446,-34.375,34.625,3.38813,7565,188,100,2678
1706674930049856108,24000,24000,8939,15061,0,0,0,17,0.000708333,10.6395,255,138.146,38.1537,38.5,83.5,135.5,204.5,255.5,0,376,4,150,35.5,64.5,80.5,-38.4725,38.2933,-34.625,34.625,3.12577,7567,184,100,2653
1706674930149696005,24000,24000,8966,15034,0,0,0,12,0.0005,10.9128,255,138.553,38.4376,30.5,86.5,135.5,203.5,255.5,0,505,4,150,35.5,64.5,81.5,-38.2428,38.4893,-34.375,34.625,3.18513,7568,183,100,2663
1706674930249546751,24000,24000,8989,15011,0,0,0,17,0.000708333,12.9511,255,138.099,39.3004,34.5,82.5,134.5,205.5,255.5,0,577,4,150,35.5,63.5,80.5,-38.5036,38.193,-34.625,34.375,3.06523,7568,187,100,2635
1706674930350186177,24000,24000,9031,14969,0,0,0,10,0.000416667,13.1888,255,138.634,38.3564,38.5,85.5,134.5,204.5,255.5,0,449,4,150,35.5,61.5,79.5,-38.1136,38.5049,-34.375,34.625,3.15426,7568,184,100,2553
1706674930450026442,23999,23999,9058,14941,0,0,0,17,0.000708363,12.2811,255,138.497,38.8341,45.5,84.5,135.5,206.5,255.5,0,571,4,165,35.5,62.5,83.5,-38.5163,38.0684,-34.625,34.375,3.05217,7568,178,100,2712
1706674930549881339,24000,24000,9082,14918,0,0,0,8,0.000333333,11.4819,255,139.314,39.1597,34.5,85.5,136.5,206.5,255.5,0,569,4,150,34.5,61.5,78.5,-38.1293,38.5054,-34.625,34.125,3.0308,7571,187,100,2644
1706674930649723594,23999,23999,9037,14962,0,0,0,17,0.000708363,12.8697,255,138.498,37.3256,48.5,86.5,135.5,202.5,255.5,0,482,4,169,34.5,60.5,78.5,-38.502,38.2008,-34.125,33.875,3.1044,7572,185,100,2628
1706674930749580067,24000,24000,9053,14947,0,0,0,12,0.0005,11.9612,255,139.011,37.6251,38.5,86.5,135.5,202.5,255.5,0,422,4,150,35.5,60.5,77.5,-38.2617,37.8889,-33.875,33.875,3.03555,7572,179,100,2604
1706674930850219349,24000,24000,9186,14814,0,0,0,0,0,12.122,255,138.661,38.4761,38.5,85.5,134.5,203.5,255.5,0,572,4,150,34.5,60.5,75.5,-37.8027,38.4897,-33.875,34.125,3.02012,7572,175,100,2737
1706674930950063055,24000,24000,9105,14895,0,0,0,17,0.000708333,12.7249,255,138.86,38.3303,37.5,85.5,135.5,203.5,255.5,0,557,4,177,35.5,59.5,75.5,-38.458,38.3089,-34.125,34.125,3.68017,7572,172,100,2680
1706674931049913093,23999,23999,9001,14998,0,0,0,14,0.000583358,13.6546,255,138.906,39.0143,34.5,84.5,135.5,203.5,255.5,0,648,4,157,35.5,59.5,74.5,-38.346,38.4398,-34.125,34.625,3.08422,7573,163,100,2644
1706674931149739486,24000,24000,8901,15099,0,0,0,15,0.000625,15.2402,255,137.752,38.9558,30.5,84.5,134.5,202.5,255.5,0,627,4,167,35.5,59.5,76.5,-38.4028,38.386,-34.625,34.375,3.11034,7573,161,100,2609
1706674931249568591,23999,23999,8862,15137,0,0,0,15,0.000625026,12.4656,255,138.887,39.0453,31.5,85.5,135.5,205.5,255.5,0,555,4,162,35.5,59.5,75.5,-38.4301,38.3713,-34.625,34.625,3.23974,7573,156,100,2582
1706674931350219193,24000,24000,8961,15039,0,0,0,14,0.000583333,14.1534,255,138.92,38.0892,37.5,85.5,135.5,200.5,255.5,0,537,4,156,35.5,59.5,77.5,-38.3307,38.4432,-34.375,34.625,3.1697,7573,160,100,2636
1706674931450063952,24000,24000,9081,14919,0,0,0,17,0.000708333,13.4056,255,138.722,39.347,36.5,85.5,135.5,207.5,255.5,0,688,4,151,35.5,59.5,79.5,-38.4722,38.2828,-34.625,34.375,3.04505,7574,161,100,2659
1706674931549884765,24000,24000,8981,15019,0,0,0,11,0.000458333,12.9883,255,138.562,37.8583,41.5,86.5,135.5,204.5,255.5,0,531,4,204,34.5,58.5,79.5,-38.2176,38.4977,-34.125,34.625,2.97619,7593,167,100,2632
1706674931649717959,24000,24000,8989,15011,0,0,0,17,0.000708333,12.7499,255,137.368,36.979,47.5,85.5,134.5,196.5,255.5,0,551,4,188,33.5,56.5,74.5,-38.5072,38.1551,-34.125,34.375,3.02724,7617,178,100,2588
1706674931749556332,24000,24000,9088,14912,0,0,0,5,0.000208333,12.274,255,136.963,36.896,50.5,85.5,133.5,198.5,255.5,0,406,4,251,32.5,55.5,68.5,-38.0397,38.5099,-34.375,34.125,2.99756,7668,188,100,2702
1706674931850181897,24000,24000,9066,14934,0,0,0,18,0.00075,11.6622,255,137.007,35.9576,63.5,86.5,134.5,197.5,255.5,0,372,4,151,30.5,54.5,67.5,-38.5154,38.1098,-34.125,34.125,3.09966,7750,224,100,2681
1706674931950012317,23999,23999,9084,14915,0,0,0,10,0.000416684,11.9881,255,136.494,35.6744,56.5,86.5,133.5,195.5,255.5,0,276,4,180,29.5,53.5,68.5,-38.1731,38.0101,-33.875,33.875,2.98094,7880,281,100,2713
1706674932049858625,23989,23989,9072,14917,0,0,0,0,0,0,255,135.58,38.1781,53.5,84.5,131.5,204.5,255.5,2,463,0,186,28.5,53.5,69.5,-37.9509,38.5023,-33.875,34.125,3.05217,8162,384,100,2677
1706674932149687831,23952,23952,9138,14814,0,0,0,17,0.000709753,0,255,135.028,39.0034,45.5,80.5,132.5,207.5,255.5,6,349,0,255,28.5,51.5,68.5,-38.4933,38.2195,-34.125,34.125,3.04742,8554,471,100,2541
1706674932249524451,23793,23793,9008,14785,0,0,0,12,0.00050435,0,255,134.024,36.8356,54.5,83.5,130.5,197.5,255.5,4,333,0,255,27.5,49.5,65.5,-38.2722,38.4732,-34.125,34.625,2.94177,8912,597,100,2526
1706674932350164278,23860,23860,8913,14947,0,0,0,16,0.000670578,0,255,132.693,36.0407,47.5,82.5,129.5,195.5,255.5,10,300,0,213,26.5,46.5,59.5,-38.4563,38.3216,-34.625,34.625,3.01537,9459,706,100,2590
1706674932449998201,23869,23869,8832,15037,0,0,0,15,0.00062843,0,255,132.032,34.6082,48.5,81.5,128.5,195.5,247.5,14,204,0,255,26.5,44.5,55.5,-38.3515,38.4252,-34.625,34.625,2.98807,9962,838,100,2506
1706674932549848521,23934,23934,8813,15121,0,0,0,15,0.000626723,0,255,132.726,33.8862,49.5,82.5,130.5,194.5,255.5,1,247,0,255,27.5,43.5,54.5,-38.3959,38.4036,-34.375,34.625,3.17326,10310,997,100,2338
1706674932649688257,23871,23871,8936,14935,0,0,0,16,0.000670269,0,255,133.984,32.4648,47.5,83.5,132.5,192.5,235.5,8,155,0,255,27.5,42.5,52.5,-38.4423,38.3476,-34.625,34.625,3.11272,10665,1147,100,2593
1706674932749529000,23826,23826,9114,14712,0,0,0,13,0.000545622,0,255,133.356,31.6271,53.5,87.5,131.5,191.5,245.5,3,220,0,255,26.5,41.5,54.5,-38.2948,38.4676,-34.125,34.625,3.29316,11002,1291,100,2310
1706674932850143768,23757,23757,8977,14780,0,0,0,17,0.000715579,0,255,132.154,30.0935,45.5,90.5,130.5,183.5,240.5,8,129,0,252,25.5,40.5,52.5,-38.4816,38.2536,-34.125,34.125,2.9572,11288,1570,100,2061
1706674932950003149,23817,23817,9057,14760,0,0,0,0,0,0,255,131.062,29.8324,47.5,91.5,129.5,181.5,237.5,3,154,0,255,24.5,40.5,51.5,-37.9175,38.4952,-33.875,34.125,3.22312,11617,1804,100,1744
1706674933049841126,23853,23853,9079,14774,0,0,0,28,0.00117386,0,255,131.017,30.1199,47.5,90.5,128.5,181.5,255.5,16,245,0,255,25.5,39.5,51.5,-38.5108,38.0075,-35.125,34.125,3.23499,11864,1867,100,1524
1706674933149669411,23818,23818,9086,14732,0,0,0,7,0.000293895,0,255,133.582,30.2775,53.5,90.5,132.5,184.5,240.5,3,190,0,255,26.5,39.5,52.5,-38.0793,38.1084,-34.125,34.125,3.30622,12006,1839,100,1637
1706674933249517866,23853,23853,9054,14799,0,0,0,5,0.000209617,0,255,134.787,30.577,59.5,88.5,133.5,187.5,239.5,2,157,0,150,26.5,41.5,51.5,-38.0395,38.5107,-34.125,34.125,3.17564,12109,1674,100,1744
1706674933350155225,23882,23882,9063,14819,0,0,0,17,0.000711833,0,255,133.031,32.2956,50.5,85.5,130.5,189.5,246.5,4,191,0,157,26.5,42.5,52.5,-38.5116,38.1443,-34.125,34.375,3.39645,12171,1466,100,2180
1706674933449985916,23949,23949,9025,14924,0,0,0,11,0.000459309,0,255,134.219,35.2864,61.5,86.5,129.5,196.5,255.5,4,369,0,156,26.5,43.5,57.5,-38.2012,38.4986,-34.125,34.625,3.419,12201,1352,100,2251
1706674933549819463,23849,23849,8867,14982,0,0,0,17,0.000712818,0,255,134.295,35.8768,59.5,84.5,131.5,198.5,255.5,21,371,0,160,26.5,47.5,65.5,-38.48,38.256,-34.625,34.625,3.36795,12249,1164,100,2294
1706674933649659753,23822,23822,8908,14914,0,0,0,13,0.000545714,0,255,134.668,34.8902,62.5,85.5,132.5,192.5,255.5,2,301,0,159,27.5,49.5,65.5,-38.3197,38.464,-34.625,34.625,3.54603,12282,923,100,2298
1706674933749884642,23996,23996,8859,15137,0,0,0,16,0.000666778,0,255,135.893,33.7328,72.5,87.5,133.5,194.5,255.5,6,351,0,154,29.5,51.5,79.5,-38.437,38.3562,-34.625,34.375,3.36321,12286,652,100,2408
1706674933849732843,24000,24000,8930,15070,0,0,0,15,0.000625,39.4911,255,136.87,33.6498,79.5,91.5,133.5,197.5,255.5,0,428,5,157,30.5,52.5,68.5,-38.3955,38.4014,-34.375,34.375,3.33115,12293,321,100,2516
1706674933949587681,24000,24000,9067,14933,0,0,0,14,0.000583333,35.4086,255,137.244,33.6985,74.5,89.5,134.5,195.5,255.5,0,450,6,154,31.5,53.5,76.5,-38.3709,38.4263,-34.125,34.625,3.26468,12295,204,100,2653
1706674934049823528,23998,23998,9134,14864,0,0,0,17,0.000708392,25.1954,255,136.515,33.0106,72.5,89.5,133.5,192.5,255.5,0,360,4,150,33.5,52.5,69.5,-38.4607,38.3133,-34.125,34.125,3.3276,12302,127,100,2527
1706674934149675070,23999,23999,9055,14944,0,0,0,0,0,20.076,255,137.968,34.1438,74.5,89.5,135.5,198.5,255.5,0,516,3,157,34.5,55.5,68.5,-37.8049,38.4907,-33.875,34.125,3.21719,12303,102,100,2126
1706674934249517590,23984,23984,9048,14936,0,0,0,13,0.000542028,18.5853,255,136.701,32.2685,70.5,89.5,134.5,188.5,255.5,0,343,0,150,35.5,55.5,67.5,-38.2611,37.8842,-33.875,33.875,3.1982,12307,87,87,1800
1706674934350165917,23977,23977,9089,14888,0,0,0,16,0.000667306,15.8423,255,137.871,32.9055,65.5,90.5,136.5,191.5,255.5,0,333,0,150,35.5,55.5,66.5,-38.4919,38.206,-34.875,33.875,4.05057,12310,73,73,1566
1706674934449994083,23940,23940,9086,14854,0,0,0,8,0.000334169,17.4752,255,137.72,31.2788,68.5,93.5,135.5,189.5,251.5,0,230,0,150,36.5,54.5,65.5,-38.1321,38.5112,-34.125,34.125,3.54366,12316,60,60,1314
1706674934549815474,23937,23937,9021,14916,0,0,0,17,0.000710198,19.2026,255,139.301,32.3229,69.5,93.5,137.5,194.5,255.5,0,285,0,150,37.5,57.5,72.5,-38.5146,38.0789,-34.125,34.375,3.42613,12321,50,50,1193
1706674934649656656,23901,23901,9077,14824,0,0,0,8,0.000334714,15.1928,255,138.181,28.9666,68.5,96.5,137.5,185.5,226.5,0,26,0,150,38.5,57.5,72.5,-38.1285,38.5044,-34.375,34.625,3.19463,12329,49,49,1153
1706674934749896288,23903,23903,8939,14964,0,0,0,17,0.000711208,24.1795,255,138.501,29.6131,71.5,94.5,137.5,189.5,232.5,0,122,0,150,39.5,57.5,71.5,-38.4974,38.1865,-34.625,34.375,3.02487,12341,46,46,1085
1706674934849741669,23934,23934,8858,15076,0,0,0,12,0.000501379,32.3424,255,138.696,28.7926,73.5,95.5,137.5,185.5,234.5,0,99,0,150,39.5,57.5,70.5,-38.2388,38.4922,-34.375,34.625,2.94533,12352,52,52,1173
1706674934949580877,23952,23952,8906,15046,0,0,0,16,0.000668003,30.0016,255,137.895,30.1382,69.5,91.5,136.5,186.5,242.5,0,195,6,150,39.5,58.5,71.5,-38.4705,38.2954,-34.625,34.625,2.93465,12361,57,57,1287
1706674935050229263,23970,23970,8970,15000,0,0,0,14,0.000584063,28.4727,255,138.947,32.4718,68.5,91.5,136.5,193.5,255.5,0,277,6,150,39.5,60.5,74.5,-38.3319,38.4401,-34.625,34.625,2.90853,12376,60,60,1362
1706674935150083235,23983,23983,9026,14957,0,0,0,15,0.000625443,23.9409,255,138.536,32.2758,71.5,91.5,136.5,192.5,255.5,0,352,0,150,39.5,61.5,76.5,-38.4146,38.3862,-34.125,34.375,2.87766,12393,71,71,1627
1706674935249937859,23995,23995,9128,14867,0,0,0,16,0.000666806,26.1906,255,139.147,31.7427,75.5,94.5,135.5,194.5,255.5,0,343,7,150,38.5,61.5,77.5,-38.4078,38.3829,-34.125,34.125,2.79219,12417,79,79,1910
1706674935349782158,23999,23999,9101,14898,0,0,0,0,0,26.4949,255,139.323,33.5944,74.5,91.5,136.5,197.5,255.5,0,420,5,150,37.5,61.5,78.5,-37.6494,38.4452,-33.625,34.125,2.88954,12447,100,100,2242
1706674935449613117,24000,24000,9072,14928,0,0,0,14,0.000583333,32.0316,255,138.253,31.436,76.5,90.5,135.5,191.5,255.5,0,297,4,150,35.5,58.5,72.5,-38.346,37.759,-34.125,33.875,2.88004,12503,121,100,2373
1706674935549860203,24000,24000,9038,14962,0,0,0,16,0.000666667,27.4728,255,137.998,32.469,78.5,90.5,134.5,192.5,255.5,0,396,6,150,31.5,56.5,69.5,-38.4646,38.2881,-34.125,34.125,2.85273,12595,174,100,2495
1706674935649700450,23999,23999,9032,14967,0,0,0,12,0.000500021,30.6889,255,137.259,34.5488,73.5,87.5,133.5,197.5,255.5,0,469,5,150,29.5,56.5,71.5,-38.2443,38.486,-34.875,34.125,3.11628,12825,266,100,2566
1706674935749552326,23919,23919,8993,14926,0,0,0,18,0.00075254,0,255,135.871,37.1399,51.5,85.5,131.5,201.5,255.5,6,441,0,155,27.5,53.5,68.5,-38.5008,38.1883,-34.125,34.375,3.10085,13264,457,100,2514
1706674935850179190,23933,23933,8994,14939,0,0,0,9,0.00037605,0,255,134.409,36.1206,54.5,86.5,129.5,199.5,255.5,11,352,0,150,25.5,48.5,65.5,-38.1188,38.505,-34.375,34.625,3.09491,13642,807,100,1775
1706674935950021639,23931,23931,9083,14848,0,0,0,17,0.000710376,0,255,133.172,34.1412,48.5,84.5,129.5,194.5,250.5,5,226,0,156,25.5,43.5,58.5,-38.5126,38.0686,-34.625,34.375,3.01181,13865,1178,100,1383
1706674936049868092,23927,23927,8894,15033,0,0,0,9,0.000376144,0,255,133.397,32.9357,47.5,85.5,131.5,190.5,233.5,2,119,0,156,25.5,41.5,50.5,-38.1419,38.5075,-34.375,34.625,3.09373,14013,1402,100,1580
1706674936149709543,23927,23927,8857,15070,0,0,0,18,0.000752288,0,255,133.516,33.0493,40.5,84.5,132.5,190.5,226.5,7,133,0,151,25.5,42.5,50.5,-38.495,38.1988,-34.625,34.375,3.15308,14122,1611,100,1241
1706674936249555274,23914,23914,8920,14994,0,0,0,13,0.000543615,0,255,133.746,33.3203,44.5,84.5,131.5,189.5,232.5,14,141,0,156,25.5,41.5,49.5,-38.2621,38.4775,-34.625,34.625,3.16258,14233,1813,100,1298
1706674936350190703,23879,23879,9062,14817,0,0,0,17,0.000711923,0,255,133.002,32.3223,45.5,86.5,131.5,188.5,231.5,16,148,0,157,25.5,41.5,49.5,-38.4606,38.3043,-34.125,34.375,3.15427,14340,1917,100,1248
1706674936450035840,23891,23891,9115,14776,0,0,0,15,0.000627851,0,255,133.301,33.4749,45.5,83.5,132.5,192.5,237.5,7,174,0,157,25.5,42.5,51.5,-38.3579,38.4343,-34.125,34.125,3.16614,14414,1968,100,1363
1706674936549877868,23879,23879,9160,14719,0,0,0,0,0,0,255,133.189,33.822,41.5,82.5,132.5,190.5,238.5,3,157,0,156,25.5,42.5,52.5,-37.6242,38.3904,-33.625,34.125,3.16852,14457,1972,100,1305
1706674936649715423,23885,23885,9032,14853,0,0,0,15,0.000628009,0,255,133.994,33.5615,45.5,81.5,132.5,191.5,235.5,9,158,0,154,26.5,42.5,51.5,-38.4065,37.576,-34.125,33.625,3.13291,14500,2019,100,1312
1706674936749541529,23866,23866,9014,14852,0,0,0,16,0.00067041,0,255,132.924,33.8212,42.5,82.5,131.5,189.5,242.5,3,205,0,156,26.5,42.5,51.5,-38.4145,38.3726,-34.125,34.125,3.19345,14528,2076,100,1268
1706674936850187224,23909,23909,9064,14845,0,0,0,14,0.000585554,0,255,133.765,32.9401,46.5,84.5,132.5,190.5,230.5,5,134,0,152,25.5,42.5,50.5,-38.326,38.4495,-34.875,34.125,3.06524,14557,2017,100,1302
1706674936950021544,23896,23896,8997,14899,0,0,0,17,0.000711416,0,255,132.3,34.3405,36.5,78.5,131.5,190.5,234.5,10,174,0,154,25.5,41.5,51.5,-38.4812,38.2734,-34.375,34.625,3.10441,14586,2064,100,1155
1706674937049856866,23898,23898,8925,14973,0,0,0,12,0.000502134,0,255,133.818,32.6696,46.5,85.5,131.5,191.5,244.5,9,200,0,150,25.5,41.5,50.5,-38.2185,38.4942,-34.375,34.625,3.21007,14616,2100,100,1153
1706674937149692102,23899,23899,8963,14936,0,0,0,17,0.000711327,0,255,132.357,31.8155,45.5,84.5,130.5,186.5,238.5,9,194,0,156,25.5,41.5,50.5,-38.5067,38.1424,-34.625,34.375,3.43088,14639,2168,100,1130
1706674937249531855,23876,23876,9068,14808,0,0,0,13,0.00054448,0,255,132.739,32.2762,45.5,85.5,130.5,189.5,227.5,12,148,0,155,25.5,40.5,49.5,-38.0731,38.504,-34.375,34.625,3.08423,14676,2289,100,1016
1706674937350177006,23860,23860,8903,14957,0,0,0,17,0.00071249,0,255,132.151,31.9125,43.5,84.5,130.5,187.5,229.5,8,136,0,156,25.5,40.5,49.5,-38.5035,38.1183,-34.625,34.375,2.94177,14703,2326,100,1096
1706674937450008854,23854,23854,8950,14904,0,0,0,11,0.000461139,0,255,132.096,32.1031,46.5,83.5,130.5,188.5,233.5,7,164,0,154,25.5,40.5,49.5,-38.1853,38.5032,-34.375,34.625,3.15309,14729,2404,100,1055
1706674937549840607,23879,23879,8980,14899,0,0,0,17,0.000711923,0,255,132.239,32.3938,47.5,84.5,130.5,188.5,237.5,5,173,0,152,25.5,40.5,49.5,-38.489,38.2408,-34.125,34.625,3.14478,14758,2316,100,1045
1706674937649687202,23877,23877,9093,14784,0,0,0,13,0.000544457,0,255,131.784,32.9478,44.5,81.5,129.5,189.5,230.5,22,152,0,155,25.5,40.5,49.5,-38.2973,38.467,-34.125,34.125,3.1887,14775,2199,100,1119
1706674937749531071,23888,23888,9177,14711,0,0,0,0,0,0,255,132.173,33.0745,43.5,80.5,130.5,189.5,236.5,12,148,0,156,25.5,40.5,50.5,-37.759,38.3263,-33.875,34.125,3.19939,14794,2092,100,1113
1706674937850157529,23904,23904,9106,14798,0,0,0,17,0.000711178,0,255,133.286,31.6788,52.5,85.5,131.5,188.5,226.5,2,121,0,157,26.5,41.5,49.5,-38.4554,37.6812,-34.125,33.625,3.14597,14813,2062,100,1128
1706674937949991719,23916,23916,9000,14916,0,0,0,15,0.000627195,0,255,133.864,32.9987,45.5,82.5,132.5,190.5,227.5,7,127,0,150,26.5,41.5,49.5,-38.3662,38.4213,-34.125,34.125,3.33116,14823,1996,100,1029
1706674938049817187,23935,23935,8965,14970,0,0,0,16,0.000668477,0,255,134.043,33.4417,43.5,82.5,132.5,191.5,230.5,6,125,0,151,26.5,41.5,49.5,-38.383,38.4106,-34.625,34.125,3.16734,14833,1922,100,1021
1706674938149674740,23908,23908,8971,14937,0,0,0,17,0.000711059,0,255,133.551,31.9173,54.5,83.5,132.5,188.5,223.5,1,92,0,153,26.5,41.5,49.5,-38.4399,38.3406,-34.625,34.625,3.13528,14840,1814,100,856
1706674938249512698,23920,23920,9016,14904,0,0,0,14,0.000585284,0,255,133.503,32.7181,50.5,85.5,131.5,191.5,236.5,14,161,0,151,26.5,41.5,50.5,-38.3093,38.47,-34.625,34.625,3.14003,14852,1757,100,945
1706674938350158932,23927,23927,8898,15029,0,0,0,17,0.000710494,4.74024,255,133.171,33.2285,58.5,85.5,129.5,193.5,239.5,0,168,0,156,26.5,42.5,51.5,-38.4888,38.2517,-34.625,34.375,3.1887,14867,1688,100,899
1706674938449999675,23923,23923,8970,14953,0,0,0,11,0.000459809,0,255,132.727,34.6114,48.5,84.5,129.5,194.5,245.5,16,177,0,153,25.5,43.5,52.5,-38.1866,38.5055,-34.375,34.625,3.29436,14888,1573,100,924
1706674938549829133,23928,23928,8957,14971,0,0,0,18,0.000752257,0,255,131.896,33.7665,55.5,85.5,128.5,192.5,246.5,2,223,0,150,25.5,43.5,52.5,-38.5084,38.1399,-34.625,34.375,3.1151,14892,1536,100,869
1706674938649680107,23948,23948,9014,14934,0,0,0,12,0.000501086,0,255,132.408,34.2053,61.5,86.5,128.5,193.5,237.5,8,181,0,153,25.5,44.5,54.5,-38.0647,38.5101,-34.375,34.625,3.19464,14895,1507,100,993
1706674938749516942,23920,23920,8990,14930,0,0,0,17,0.000710702,0,255,133.047,35.6309,62.5,85.5,129.5,196.5,255.5,10,286,0,152,26.5,46.5,59.5,-38.506,38.1263,-34.125,34.375,3.50093,14904,1272,100,1081
1706674938850153865,23912,23912,9038,14874,0,0,0,11,0.00046002,0,255,133.866,36.159,58.5,85.5,130.5,197.5,255.5,5,257,0,153,26.5,48.5,61.5,-38.1915,38.4991,-33.875,34.125,3.41308,14912,1049,100,1135
1706674938949999087,23926,23926,9151,14775,0,0,0,0,0,0,255,135.246,36.9301,61.5,85.5,131.5,202.5,255.5,8,370,0,155,27.5,50.5,78.5,-37.911,38.2495,-33.875,33.875,3.33472,14915,952,100,1176
1706674939049838776,23976,23976,9141,14835,0,0,0,17,0.000709042,0,255,135.959,36.9942,66.5,85.5,131.5,202.5,255.5,3,332,0,150,28.5,52.5,71.5,-38.4901,37.8333,-34.125,33.875,3.2813,14917,865,100,1182
1706674939149678157,23995,23995,9080,14915,0,0,0,13,0.00054178,36.836,255,136.733,36.2713,71.5,86.5,132.5,201.5,255.5,0,419,0,150,29.5,53.5,72.5,-38.2811,38.4768,-34.125,34.125,3.14834,14919,724,100,1310
1706674939249513129,23998,23998,8967,15031,0,0,0,16,0.000666722,9.19807,255,136.175,35.5153,73.5,87.5,131.5,198.5,255.5,0,357,2,150,29.5,53.5,71.5,-38.4504,38.3334,-34.625,34.125,3.09967,14920,648,100,1128
1706674939350155765,24000,24000,8921,15079,0,0,0,15,0.000625,31.2886,255,137.762,36.9685,72.5,87.5,133.5,204.5,255.5,0,505,7,150,29.5,54.5,74.5,-38.3829,38.4056,-34.625,34.625,3.29674,14920,577,100,1215
1706674939449994074,23999,23999,8934,15065,0,0,0,15,0.000625026,39.6493,255,136.636,36.6018,67.5,86.5,132.5,206.5,255.5,0,443,4,150,29.5,54.5,73.5,-38.371,38.4239,-34.625,34.625,3.04744,14920,551,100,1274
1706674939549840646,23999,23999,9043,14956,0,0,0,16,0.000666694,36.234,255,136.84,36.7293,73.5,86.5,132.5,205.5,255.5,0,421,6,150,29.5,54.5,74.5,-38.4572,38.3298,-34.625,34.375,3.10204,14920,647,100,1178
1706674939649693209,23997,23997,8958,15039,0,0,0,13,0.000541734,31.3093,255,137.946,37.7095,69.5,86.5,132.5,205.5,255.5,0,682,5,150,29.5,54.5,87.5,-38.2806,38.4736,-34.375,34.625,3.0973,14920,661,100,1130
1706674939749515231,24000,24000,8995,15005,0,0,0,17,0.000708333,25.9712,255,137.248,36.8855,71.5,86.5,132.5,201.5,255.5,0,503,5,150,29.5,54.5,85.5,-38.4955,38.223,-34.625,34.125,3.05812,14920,623,100,1250
1706674939850155975,24000,24000,9006,14994,0,0,0,10,0.000416667,24.9113,255,137.05,37.2287,68.5,85.5,132.5,204.5,255.5,0,425,5,150,28.5,53.5,87.5,-38.1662,38.5109,-34.125,34.625,3.05693,14920,701,100,1172
1706674939950003630,23997,23997,9051,14946,0,0,0,18,0.000750094,36.6619,255,135.406,35.5647,68.5,84.5,131.5,198.5,255.5,0,330,5,150,28.5,52.5,69.5,-38.5113,38.0965,-34.125,34.375,3.07118,14920,658,100,1272
1706674940049847651,23990,23990,9080,14910,0,0,0,7,0.000291788,28.5221,255,136.361,37.5496,68.5,84.5,131.5,206.5,255.5,0,451,5,150,29.5,53.5,74.5,-38.0992,38.5078,-34.125,34.125,3.07711,14920,544,100,1353
1706674940149688670,24000,24000,9106,14894,0,0,0,4,0.000166667,28.8462,255,137.026,37.0429,70.5,85.5,132.5,202.5,255.5,0,547,6,150,29.5,55.5,80.5,-38.0211,38.1577,-34.125,33.875,3.16378,14921,498,100,1482
1706674940249524588,24000,24000,9138,14862,0,0,0,17,0.000708333,31.9592,255,137.516,36.9747,66.5,86.5,133.5,204.5,255.5,0,419,4,150,30.5,57.5,88.5,-38.5095,37.9445,-34.125,33.875,3.26706,14921,444,100,1355
1706674940350167201,24000,24000,9072,14928,0,0,0,11,0.000458333,25.9075,255,137.923,37.5733,66.5,85.5,133.5,204.5,255.5,0,495,8,150,30.5,57.5,86.5,-38.2318,38.4878,-34.125,34.125,3.32761,14921,378,100,1593
1706674940449990637,24000,24000,8987,15013,0,0,0,17,0.000708333,16.1293,255,137.746,36.3815,66.5,87.5,134.5,200.5,255.5,0,444,3,150,31.5,57.5,83.5,-38.4767,38.2676,-34.625,34.125,3.25875,14921,350,100,1938
1706674940549823593,23999,23999,8952,15047,0,0,0,14,0.000583358,28.9778,255,137.965,36.7246,69.5,88.5,133.5,205.5,255.5,0,548,6,150,31.5,58.5,82.5,-38.3095,38.4607,-34.625,34.625,3.36322,14921,320,100,2106
1706674940649673062,24000,24000,8875,15125,0,0,0,16,0.000666667,22.1042,255,138.665,35.9611,73.5,88.5,134.5,205.5,255.5,0,472,4,150,31.5,58.5,84.5,-38.4241,38.3558,-34.625,34.375,3.15547,14921,306,100,2071
1706674940749521447,24000,24000,8931,15069,0,0,0,16,0.000666667,28.2923,255,137.562,36.4565,71.5,86.5,132.5,203.5,255.5,0,504,5,150,31.5,58.5,80.5,-38.4052,38.3862,-34.375,34.375,3.42258,14921,335,100,1992
1706674940850168217,23999,23999,9004,14995,0,0,0,14,0.000583358,27.2408,255,136.722,36.3694,66.5,85.5,132.5,201.5,255.5,0,473,5,150,30.5,56.5,71.5,-38.3501,38.4409,-34.625,34.625,3.06524,14921,342,100,1872
1706674940949998489,24000,24000,9013,14987,0,0,0,17,0.000708333,24.6404,255,136.716,35.9483,68.5,84.5,132.5,201.5,255.5,0,326,6,150,30.5,55.5,67.5,-38.4721,38.3129,-34.625,34.125,2.99164,14921,354,100,1973
1706674941049833403,23999,23999,9041,14958,0,0,0,12,0.000500021,26.7817,255,136.097,34.5186,69.5,86.5,132.5,192.5,255.5,0,361,5,150,30.5,55.5,66.5,-38.2573,38.4822,-34.125,34.125,3.08186,14921,377,100,1834
1706674941149665062,24000,24000,9058,14942,0,0,0,18,0.00075,18.4421,255,136.008,34.8516,68.5,85.5,132.5,195.5,255.5,0,331,5,150,29.5,55.5,67.5,-38.4901,38.197,-34.125,35.125,3.1151,14922,428,100,1290
1706674941249492198,23999,23999,9063,14936,0,0,0,0,0,22.3023,255,135.431,34.2067,70.5,86.5,132.5,193.5,255.5,0,366,4,151,29.5,55.5,67.5,-37.9795,38.5102,-33.875,34.125,3.22788,14922,402,100,1471
1706674941350126278,24000,24000,9078,14922,0,0,0,9,0.000375,27.5186,255,135.858,35.1319,69.5,84.5,132.5,196.5,255.5,0,295,5,151,30.5,55.5,67.5,-38.134,38.0525,-33.875,33.875,3.43445,14922,365,100,1748
1706674941449964527,24000,24000,9142,14858,0,0,0,17,0.000708333,22.4773,255,136.038,35.6255,70.5,84.5,132.5,197.5,255.5,0,393,4,155,30.5,56.5,68.5,-38.5114,38.0755,-34.125,34.125,3.44276,14923,343,100,1837
1706674941549792907,24000,24000,9115,14885,0,0,0,8,0.000333333,22.7711,255,136.356,36.4395,69.5,85.5,132.5,201.5,255.5,0,492,4,152,30.5,56.5,70.5,-38.1158,38.513,-34.375,34.125,3.2908,14923,321,100,1979
1706674941649633711,24000,24000,8995,15005,0,0,0,17,0.000708333,23.0137,255,138.176,37.9187,70.5,85.5,133.5,210.5,255.5,0,559,5,151,31.5,58.5,70.5,-38.4986,38.1893,-34.625,34.125,3.12579,14923,306,100,2147
1706674941749889655,23999,23999,8895,15104,0,0,0,12,0.000500021,21.778,255,137.237,36.2627,68.5,86.5,133.5,202.5,255.5,0,434,5,151,30.5,57.5,71.5,-38.2402,38.4842,-34.375,34.625,3.05812,14923,315,100,2068
1706674941849742393,24000,24000,8887,15113,0,0,0,17,0.000708333,26.4471,255,136.548,36.2702,68.5,87.5,132.5,202.5,255.5,0,449,5,150,30.5,57.5,72.5,-38.4624,38.2943,-34.625,34.375,3.09611,14923,334,100,1884
1706674941949586164,24000,24000,8904,15096,0,0,0,14,0.000583333,13.4901,255,135.863,35.5657,67.5,86.5,131.5,197.5,255.5,0,362,4,150,29.5,57.5,73.5,-38.3341,38.4361,-34.625,34.625,3.25757,14923,366,100,1696
1706674942049831922,24000,24000,8993,15007,0,0,0,16,0.000666667,28.777,255,136.122,36.2992,71.5,86.5,131.5,200.5,255.5,0,445,4,151,28.5,57.5,74.5,-38.4166,38.3824,-34.625,34.375,3.03438,14925,432,100,1500
1706674942149678706,24000,24000,9049,14951,0,0,0,16,0.000666667,32.7153,255,135.818,36.3942,72.5,85.5,131.5,198.5,255.5,0,472,6,150,28.5,56.5,71.5,-38.4147,38.3739,-34.625,34.125,3.13885,14925,541,100,1039
1706674942249533506,23999,23999,9004,14995,0,0,0,14,0.000583358,18.9145,255,136.271,37.5233,69.5,83.5,131.5,204.5,255.5,0,453,6,150,27.5,55.5,72.5,-38.3505,38.4418,-34.375,34.125,3.03438,14926,652,100,1066
1706674942350172613,23999,23999,9122,14877,0,0,0,16,0.000666694,26.2356,255,135.519,37.2307,68.5,82.5,131.5,203.5,255.5,0,337,5,157,27.5,52.5,69.5,-38.4681,38.3023,-34.125,34.625,2.99639,14926,722,100,1144
1706674942450007959,23997,23997,9090,14907,0,0,0,0,0,20.8149,255,134.84,36.0954,69.5,83.5,131.5,200.5,255.5,0,261,2,153,26.5,51.5,67.5,-37.8172,38.4874,-33.875,34.625,3.07949,14926,743,100,1150
1706674942549842532,23996,23996,9047,14949,0,0,0,13,0.000541757,24.5639,255,135.902,38.8294,66.5,82.5,131.5,208.5,255.5,0,490,2,157,27.5,50.5,68.5,-38.2531,37.9121,-33.875,33.875,3.04507,14927,815,100,1187
1706674942649688802,23997,23997,9011,14986,0,0,0,18,0.000750094,15.023,255,135.736,38.8823,64.5,78.5,131.5,206.5,255.5,0,453,0,156,27.5,49.5,67.5,-38.4908,38.1899,-34.125,33.875,3.07118,14927,835,100,1162
1706674942749524561,23997,23997,9108,14889,0,0,0,9,0.000375047,0,255,135.752,39.6265,61.5,80.5,130.5,210.5,255.5,6,385,0,151,27.5,49.5,68.5,-38.1129,38.513,-34.375,34.125,3.13885,14928,785,100,1111
1706674942850160798,23993,23993,9052,14941,0,0,0,17,0.00070854,25.0684,255,136.746,38.3982,66.5,82.5,132.5,208.5,255.5,0,271,0,159,27.5,50.5,67.5,-38.503,38.0701,-34.625,34.375,3.13529,14928,771,100,1049
1706674942950017612,23990,23990,8938,15052,0,0,0,9,0.000375156,0,255,135.56,37.4568,61.5,82.5,132.5,201.5,255.5,18,282,0,154,27.5,49.5,67.5,-38.1245,38.5107,-34.375,34.625,2.97502,14928,799,100,1126
1706674943049858211,23999,23999,8835,15164,0,0,0,17,0.000708363,27.9166,255,134.948,39.4634,57.5,79.5,130.5,206.5,255.5,0,541,1,154,27.5,49.5,66.5,-38.491,38.1892,-34.625,34.375,2.94772,14928,854,100,1072
1706674943149703811,23997,23997,8883,15114,0,0,0,12,0.000500063,10.8688,255,134.509,40.0031,46.5,79.5,130.5,209.5,255.5,0,503,0,154,27.5,49.5,65.5,-38.2415,38.4916,-34.375,34.625,2.89905,14928,911,100,1127
1706674943249542980,23969,23969,8998,14971,0,0,0,16,0.000667529,0,255,135.078,39.484,50.5,79.5,130.5,205.5,255.5,6,416,0,162,27.5,49.5,67.5,-38.4628,38.2968,-34.625,34.375,2.97146,14929,1030,100,1250
1706674943350183006,23954,23954,9119,14835,0,0,0,15,0.0006262,0,255,134.915,39.7476,50.5,80.5,130.5,208.5,255.5,20,431,0,159,27.5,49.5,65.5,-38.3447,38.4429,-34.375,34.125,2.97977,14932,1075,100,1205
1706674943450018137,23924,23924,9003,14921,0,0,0,15,0.000626985,0,255,135.436,39.5025,47.5,81.5,131.5,207.5,255.5,8,383,0,160,27.5,49.5,69.5,-38.4128,38.3887,-34.125,34.125,3.03557,14935,1028,100,1156
1706674943549869447,23923,23923,9040,14883,0,0,0,16,0.000668812,0,255,134.441,39.8228,46.5,79.5,130.5,208.5,255.5,15,371,0,159,27.5,48.5,67.5,-38.424,37.5772,-34.125,33.625,3.02845,14939,1072,100,1264
1706674943649723941,23917,23917,9106,14811,0,0,0,0,0,0,255,133.591,38.4435,49.5,79.5,130.5,202.5,255.5,1,390,0,163,26.5,47.5,66.5,-37.677,38.3702,-33.625,34.375,3.01895,14943,1107,100,1214
1706674943749572747,23910,23910,9130,14780,0,0,0,14,0.000585529,0,255,133.172,37.2685,50.5,80.5,129.5,199.5,255.5,12,244,0,157,26.5,46.5,60.5,-38.3251,38.4608,-34.125,34.625,3.09018,14955,1166,100,1224
1706674943850226243,23876,23876,8999,14877,0,0,0,17,0.000712012,0,255,133.15,37.7995,46.5,81.5,129.5,202.5,255.5,7,363,0,160,26.5,46.5,60.5,-38.4749,38.2693,-34.125,34.125,3.12698,14975,1252,100,1038
1706674943950071505,23879,23879,9000,14879,0,0,0,11,0.000460656,0,255,133.457,37.6598,50.5,80.5,130.5,200.5,255.5,3,270,0,162,27.5,47.5,60.5,-38.2166,38.4989,-34.375,34.125,3.28368,14987,1321,100,1133
1706674944049912212,23874,23874,9043,14831,0,0,0,17,0.000712072,0,255,133.299,37.7071,49.5,80.5,130.5,201.5,255.5,6,312,0,166,27.5,47.5,62.5,-38.5061,38.1555,-34.625,34.375,3.35017,14996,1244,100,1206
1706674944149756398,23897,23897,8985,14912,0,0,0,13,0.000544001,0,255,133.78,38.3073,50.5,80.5,130.5,202.5,255.5,15,392,0,165,27.5,48.5,62.5,-38.0894,38.5117,-34.375,34.625,3.22076,15012,1221,100,1182
1706674944249595556,23869,23869,8872,14997,0,0,0,17,0.000712221,0,255,133.115,37.3451,45.5,80.5,130.5,199.5,255.5,3,312,0,167,27.5,48.5,62.5,-38.5009,38.0964,-34.625,34.375,3.15785,15022,1251,100,1166
1706674944349848917,23871,23871,8875,14996,0,0,0,10,0.000418918,0,255,133.492,37.9349,47.5,81.5,130.5,202.5,255.5,8,336,0,165,27.5,48.5,60.5,-38.178,38.5005,-34.375,34.625,3.35729,15042,1202,100,1195
1706674944449685130,23890,23890,8911,14979,0,0,0,17,0.000711595,0,255,133.462,38.3422,46.5,79.5,130.5,202.5,255.5,11,341,0,156,27.5,48.5,60.5,-38.4957,38.2344,-34.625,34.625,3.17209,15049,1300,100,1229
1706674944549512279,23851,23851,9059,14792,0,0,0,13,0.000545051,0,255,132.798,37.2835,43.5,81.5,130.5,197.5,255.5,3,355,0,158,27.5,47.5,59.5,-38.2949,38.4704,-34.625,34.125,3.14123,15065,1293,100,1212
1706674944650155806,23887,23887,9108,14779,0,0,0,16,0.00066982,0,255,132.941,37.0276,47.5,80.5,129.5,198.5,255.5,6,307,0,162,27.5,48.5,61.5,-38.4445,38.3447,-34.125,34.125,3.21483,15072,1261,100,1123
1706674944749995671,23916,23916,9015,14901,0,0,0,15,0.000627195,0,255,132.476,36.1484,48.5,81.5,130.5,197.5,255.5,1,315,0,156,27.5,48.5,63.5,-38.3771,37.6512,-34.125,33.625,3.11155,15079,1212,100,1133
1706674944849838088,23894,23894,9037,14857,0,0,0,0,0,0,255,133.335,36.6599,45.5,81.5,130.5,197.5,255.5,3,305,0,163,27.5,48.5,61.5,-37.567,38.4148,-33.625,34.125,3.06763,15093,1193,100,1233
1706674944949670336,23941,23941,9044,14897,0,0,0,15,0.00062654,0,255,132.886,36.6797,50.5,81.5,129.5,197.5,255.5,2,287,0,163,27.5,48.5,64.5,-38.3807,38.4135,-34.125,34.625,3.19584,15096,1333,100,1024
1706674945049510959,23907,23907,9059,14848,0,0,0,16,0.00066926,0,255,133.304,36.5236,45.5,82.5,130.5,196.5,255.5,2,277,0,170,27.5,48.5,62.5,-38.4525,38.3336,-34.125,34.625,3.07119,15107,1314,100,1007
1706674945150135736,23871,23871,8978,14893,0,0,0,13,0.000544594,0,255,133.682,37.8573,42.5,80.5,130.5,202.5,255.5,11,379,0,178,27.5,49.5,64.5,-38.2876,38.4705,-34.625,34.125,3.13648,15118,1319,100,1036
1706674945249976275,23903,23903,9006,14897,0,0,0,17,0.000711208,0,255,133.693,38.6457,41.5,80.5,130.5,199.5,255.5,11,418,0,165,27.5,49.5,64.5,-38.492,38.2387,-34.625,34.375,3.23739,15127,1362,100,1003
1706674945349808113,23868,23868,8990,14878,0,0,0,11,0.000460868,0,255,134.27,37.6466,40.5,81.5,131.5,198.5,255.5,2,314,0,160,28.5,50.5,65.5,-38.1856,38.4921,-34.375,34.625,3.18397,15133,1250,100,1049
1706674945449655482,23900,23900,8892,15008,0,0,0,17,0.000711297,0,255,133.659,38.8035,43.5,80.5,130.5,202.5,255.5,10,440,0,189,28.5,51.5,66.5,-38.5157,38.1151,-34.625,34.375,3.21958,15142,1224,100,1077
1706674945549893065,23882,23882,8939,14943,0,0,0,13,0.000544343,0,255,134.54,38.2647,44.5,80.5,132.5,200.5,255.5,9,379,0,181,28.5,51.5,70.5,-38.0786,38.5126,-34.625,34.625,3.20652,15148,1113,100,1196
1706674945649737337,23881,23881,8946,14935,0,0,0,18,0.000753737,0,255,133.965,37.9991,42.5,81.5,131.5,200.5,255.5,2,339,0,184,28.5,51.5,69.5,-38.5109,38.1474,-34.625,34.375,3.14479,15152,1103,100,1161
1706674945749584594,23914,23914,9042,14872,0,0,0,11,0.000459982,0,255,134.005,38.2638,36.5,81.5,131.5,198.5,255.5,5,275,0,182,28.5,51.5,66.5,-38.2197,38.5018,-34.375,34.125,3.1721,15160,1171,100,1157
1706674945849816242,23888,23888,9107,14781,0,0,0,17,0.000711654,5.32929,255,133.189,38.2953,37.5,80.5,130.5,200.5,255.5,0,355,0,189,27.5,50.5,66.5,-38.4728,38.2685,-34.125,33.875,3.06525,15168,1215,100,1149
1706674945949641848,23937,23937,9114,14823,0,0,0,14,0.000584869,0,255,132.725,36.5168,43.5,81.5,130.5,197.5,255.5,13,267,0,183,27.5,50.5,61.5,-38.306,37.806,-34.125,33.875,3.22077,15174,1219,100,963
1706674946049891573,23878,23878,9068,14810,0,0,0,0,0,5.54745,255,133.47,35.0883,52.5,84.5,130.5,193.5,255.5,0,261,1,195,27.5,49.5,59.5,-37.717,38.4679,-33.875,34.125,3.07119,15183,1195,100,1071
1706674946149725289,23954,23954,9013,14941,0,0,0,16,0.000667947,0,255,133.665,34.9352,54.5,84.5,130.5,194.5,240.5,3,179,0,196,27.5,48.5,58.5,-38.4389,38.3548,-34.125,34.125,3.14242,15189,1362,100,981
1706674946249564880,23905,23905,8991,14914,0,0,0,15,0.000627484,0,255,133.207,34.4901,57.5,84.5,130.5,192.5,230.5,16,183,0,188,27.5,47.5,59.5,-38.3941,38.4018,-34.125,34.625,3.35967,15201,1386,100,717
1706674946350206529,23918,23918,9008,14910,0,0,0,14,0.000585333,0,255,133.331,34.928,57.5,85.5,129.5,196.5,255.5,6,250,0,184,27.5,48.5,58.5,-38.3529,38.4354,-34.625,34.125,3.22552,15207,1467,100,780
1706674946450049079,23903,23903,8989,14914,0,0,0,16,0.000669372,0,255,132.961,35.1734,53.5,83.5,129.5,194.5,255.5,1,279,0,193,27.5,48.5,61.5,-38.4596,38.3091,-34.625,34.625,3.33355,15213,1518,100,653
1706674946549897826,23908,23908,8981,14927,0,0,0,13,0.000543751,0,255,132.584,35.2042,58.5,84.5,128.5,194.5,255.5,3,269,0,196,27.5,48.5,60.5,-38.2641,38.472,-34.625,34.625,3.33948,15215,1469,100,727
1706674946649744847,23872,23872,8886,14986,0,0,0,17,0.000712131,0,255,132.612,34.8629,52.5,83.5,129.5,191.5,245.5,21,230,0,211,27.5,48.5,60.5,-38.4939,38.2241,-34.625,34.375,3.27419,15225,1322,100,756
1706674946749594731,23938,23938,8886,15052,0,0,0,10,0.000417746,0,255,133.614,34.5659,52.5,85.5,130.5,196.5,234.5,7,182,0,155,27.5,47.5,59.5,-38.1695,38.5066,-34.375,34.625,3.33948,15231,1418,100,671
1706674946849844742,23954,23954,8935,15019,0,0,0,17,0.000709694,0,255,133.588,35.4216,53.5,84.5,130.5,197.5,246.5,1,186,0,151,27.5,47.5,59.5,-38.5082,38.1027,-34.625,34.375,3.14717,15235,1403,100,820
1706674946949691375,23899,23899,9024,14875,0,0,0,11,0.00046027,0,255,133.697,36.1793,49.5,82.5,130.5,196.5,255.5,1,331,0,154,27.5,47.5,58.5,-38.1039,38.5092,-34.375,34.125,3.02845,15246,1330,100,791
1706674947049525695,23915,23915,9108,14807,0,0,0,17,0.000710851,0,255,133.712,36.9513,48.5,82.5,129.5,197.5,255.5,6,384,0,150,27.5,47.5,59.5,-38.4972,38.1682,-34.125,33.875,2.92398,15250,1409,100,765
1706674947150160864,23908,23908,9120,14788,0,0,0,11,0.000460097,0,255,134.032,35.8655,49.5,84.5,130.5,199.5,255.5,4,324,0,155,27.5,46.5,58.5,-38.2172,37.9422,-33.875,33.875,3.15785,15263,1476,100,764
1706674947249999069,23923,23923,9046,14877,0,0,0,0,0,0,255,133.754,35.381,52.5,83.5,130.5,197.5,253.5,5,234,0,150,27.5,46.5,57.5,-37.8587,38.4926,-33.875,34.125,3.28369,15263,1406,100,762
1706674947349842209,23921,23921,9018,14903,0,0,0,17,0.000710673,0,255,133.625,35.0913,52.5,84.5,129.5,197.5,254.5,2,238,0,154,26.5,45.5,54.5,-38.4738,38.2779,-34.125,34.125,3.3383,15269,1404,100,747
1706674947449674652,23957,23957,8999,14958,0,0,0,14,0.00058438,0,255,133.032,32.87,58.5,86.5,130.5,192.5,234.5,5,173,0,150,26.5,44.5,53.5,-38.3271,38.4565,-34.125,34.625,3.23146,15276,1513,100,673
1706674947549503202,23894,23894,8930,14964,0,0,0,16,0.000669624,0,255,133.582,34.7532,50.5,84.5,129.5,194.5,255.5,20,263,0,155,26.5,45.5,54.5,-38.4231,38.3767,-34.625,34.625,3.21721,15285,1462,100,692
1706674947650152286,23928,23928,8934,14994,0,0,0,15,0.000626881,0,255,133.014,35.6427,50.5,84.5,129.5,195.5,255.5,11,266,0,150,26.5,45.5,55.5,-38.4168,38.3837,-34.625,34.625,3.08306,15290,1550,100,621
1706674947749999472,23923,23923,8944,14979,0,0,0,14,0.000585211,0,255,133.823,35.6338,55.5,85.5,129.5,197.5,249.5,1,210,0,153,27.5,46.5,57.5,-38.3408,38.4436,-34.625,34.625,3.13767,15296,1426,100,678
1706674947849839570,23862,23862,9019,14843,0,0,0,17,0.00071243,0,255,133.773,35.9805,53.5,84.5,129.5,197.5,251.5,1,235,0,154,27.5,47.5,58.5,-38.4644,38.3004,-34.625,34.625,3.15548,15298,1257,100,735
1706674947949683628,23917,23917,8942,14975,0,0,0,13,0.000543546,0,255,134.59,36.3476,58.5,85.5,130.5,202.5,255.5,7,252,0,155,27.5,47.5,57.5,-38.2511,38.4815,-34.375,34.625,3.16616,15302,1154,100,787
1706674948049523929,23924,23924,8945,14979,0,0,0,17,0.000710584,0,255,134.84,37.0246,52.5,85.5,130.5,200.5,255.5,4,339,0,152,27.5,48.5,59.5,-38.5016,38.1854,-34.625,34.125,3.15073,15306,1118,100,857
1706674948150155621,23940,23940,9040,14900,0,0,0,11,0.000459482,0,255,134.926,36.4386,56.5,85.5,131.5,199.5,255.5,18,255,0,150,27.5,49.5,62.5,-38.1201,38.5059,-34.375,34.125,3.11393,15306,1039,100,772
1706674948249985590,23947,23947,9104,14843,0,0,0,18,0.00075166,0,255,135.361,37.9767,54.5,84.5,130.5,202.5,255.5,16,446,0,150,28.5,49.5,61.5,-38.509,38.0798,-34.125,34.125,3.02727,15308,1030,100,794
1706674948349813876,23918,23918,9156,14762,0,0,0,9,0.000376286,0,255,135.038,38.1236,54.5,83.5,130.5,203.5,255.5,9,421,0,153,28.5,49.5,62.5,-38.1386,38.0318,-34.125,33.875,3.06407,15311,1076,100,827
1706674948449653819,23934,23934,9154,14780,0,0,0,0,0,0,255,135.248,36.8127,52.5,85.5,131.5,199.5,255.5,7,282,0,150,28.5,49.5,61.5,-37.9703,38.505,-33.875,34.125,3.01421,15313,1144,100,774
1706674948549896091,23934,23934,9001,14933,0,0,0,18,0.000752068,0,255,135.202,36.2574,64.5,85.5,131.5,198.5,255.5,3,268,0,150,28.5,49.5,60.5,-38.5006,38.2011,-34.125,34.125,3.02252,15316,1018,100,782
1706674948649738384,23938,23938,8965,14973,0,0,0,12,0.000501295,5.02632,255,135.183,36.7902,53.5,85.5,131.5,200.5,255.5,0,257,0,150,28.5,49.5,59.5,-38.2573,38.4827,-34.125,34.625,3.06763,15318,1089,100,697
1706674948749573894,23940,23940,8947,14993,0,0,0,17,0.000710109,0,255,134.881,36.651,57.5,84.5,131.5,198.5,255.5,3,325,0,150,28.5,49.5,59.5,-38.4566,38.3163,-34.625,34.375,3.0237,15321,1116,100,692
1706674948850208740,23938,23938,8962,14976,0,0,0,15,0.000626619,0,255,134.411,36.4154,55.5,86.5,131.5,198.5,255.5,9,290,0,150,28.5,50.5,60.5,-38.3687,38.4267,-34.625,34.625,3.05813,15323,1157,100,617
1706674948950048900,23948,23948,8949,14999,0,0,0,16,0.000668114,0,255,134.734,37.1253,58.5,84.5,130.5,198.5,255.5,21,339,0,150,28.5,50.5,60.5,-38.3924,38.3981,-34.375,34.625,3.02252,15323,1133,100,654
1706674949049898403,23986,23986,8951,15035,0,0,0,16,0.000667056,0,255,134.887,37.3644,66.5,85.5,129.5,201.5,255.5,3,376,0,150,28.5,50.5,62.5,-38.4369,38.3578,-34.625,34.625,3.28963,15323,1056,100,634
1706674949149734905,23990,23990,9049,14941,0,0,0,14,0.000583576,19.3421,255,135.74,36.935,60.5,84.5,131.5,199.5,255.5,0,343,0,150,28.5,50.5,61.5,-38.317,38.4604,-34.375,34.625,3.27538,15324,917,100,639
1706674949249583432,23994,23994,9029,14965,0,0,0,17,0.00070851,0,255,135.927,36.6497,62.5,85.5,131.5,197.5,255.5,9,404,0,150,28.5,50.5,61.5,-38.4709,38.2769,-34.875,34.125,3.24689,15324,857,100,624
1706674949350224277,23992,23992,9022,14970,0,0,0,12,0.000500167,0,255,135.242,35.9185,66.5,84.5,132.5,197.5,255.5,5,299,0,150,28.5,50.5,61.5,-38.2215,38.4929,-34.125,34.125,3.21602,15325,849,100,645
1706674949450061167,23992,23992,9037,14955,0,0,0,18,0.00075025,0,255,135.69,35.6113,67.5,85.5,132.5,196.5,255.5,3,320,0,150,29.5,50.5,63.5,-38.5108,37.9435,-34.125,33.875,3.30506,15325,831,100,631
1706674949549899945,23997,23997,9170,14827,0,0,0,4,0.000166688,22.6734,255,135.987,36.0433,67.5,86.5,131.5,200.5,255.5,0,435,2,150,29.5,51.5,62.5,-38.0294,38.1648,-34.125,34.125,3.73838,15325,828,100,571
1706674949649744771,23996,23996,9154,14842,0,0,0,7,0.000291715,0,255,135.406,35.2301,64.5,86.5,132.5,198.5,254.5,9,226,0,150,28.5,51.5,65.5,-38.0888,38.5068,-33.875,34.125,3.21602,15326,895,100,588
1706674949749583950,23992,23992,9092,14900,0,0,0,17,0.00070857,0,255,136.023,36.3901,67.5,86.5,132.5,198.5,255.5,4,403,0,150,28.5,51.5,63.5,-38.5076,38.0994,-34.125,34.375,3.07356,15327,941,100,629
1706674949850219849,23989,23989,8942,15047,0,0,0,10,0.000416858,18.9982,255,135.324,36.1894,61.5,85.5,131.5,199.5,255.5,0,378,0,150,28.5,50.5,60.5,-38.1559,38.5061,-34.375,34.625,3.17092,15328,1010,100,710
1706674949950060846,23941,23941,8911,15030,0,0,0,17,0.000710079,0,255,134.581,36.5053,56.5,82.5,131.5,197.5,255.5,21,255,0,150,28.5,49.5,59.5,-38.4877,38.2184,-34.625,34.375,3.22196,15330,1081,100,556
1706674950049909445,23931,23931,8920,15011,0,0,0,12,0.000501442,0,255,133.674,36.3196,53.5,83.5,130.5,196.5,255.5,18,310,0,150,28.5,49.5,58.5,-38.2663,38.4807,-34.375,34.625,3.3668,15333,1094,100,538
1706674950149760196,23945,23945,9034,14911,0,0,0,16,0.000668198,0,255,134.162,35.5659,53.5,85.5,131.5,195.5,245.5,12,200,0,150,28.5,49.5,59.5,-38.4525,38.3214,-34.625,34.625,3.27183,15338,1041,100,583
1706674950249605807,23986,23986,8986,15000,0,0,0,14,0.000583674,13.5697,255,134.442,36.4115,58.5,83.5,130.5,197.5,255.5,0,298,0,150,28.5,50.5,60.5,-38.3703,38.4226,-34.375,34.625,3.32169,15338,1008,100,593
1706674950349842332,23995,23995,8986,15009,0,0,0,15,0.00062513,0,255,134.962,36.7069,58.5,83.5,131.5,198.5,255.5,7,289,0,150,28.5,50.5,61.5,-38.3919,38.4021,-34.125,34.625,3.27064,15339,912,100,621
1706674950449670169,23996,23996,9033,14963,0,0,0,16,0.000666778,0,255,134.417,36.0605,62.5,84.5,130.5,196.5,255.5,3,375,0,150,28.5,50.5,62.5,-38.4322,38.352,-34.375,34.125,2.99522,15339,828,100,691
1706674950549508976,23990,23990,9110,14880,0,0,0,13,0.000541892,20.1891,255,135.705,37.4554,60.5,84.5,132.5,201.5,255.5,0,453,0,150,28.5,50.5,61.5,-38.3074,38.4523,-34.875,34.125,3.15192,15339,812,100,719
1706674950650137819,24000,24000,9067,14933,0,0,0,17,0.000708333,0,255,135.412,36.0417,62.5,84.5,132.5,195.5,255.5,7,311,0,150,28.5,50.5,60.5,-38.4866,37.8052,-34.125,33.875,3.86897,15339,836,100,699
1706674950749967959,23993,23993,9069,14924,0,0,0,0,0,0,255,135.605,35.554,66.5,84.5,132.5,197.5,255.5,2,304,0,150,28.5,50.5,60.5,-37.8942,38.2581,-33.875,33.875,3.70039,15340,923,100,612
1706674950849794645,23995,23995,9139,14856,0,0,0,11,0.000458429,0,255,135.384,35.9081,67.5,85.5,131.5,198.5,255.5,1,331,0,150,27.5,49.5,60.5,-38.2014,38.4918,-33.875,34.125,3.42378,15341,1007,100,527
1706674950949636730,23964,23964,9084,14880,0,0,0,17,0.000709397,0,255,135.1,35.2851,66.5,86.5,131.5,197.5,255.5,19,271,0,150,27.5,49.5,59.5,-38.5013,38.1428,-34.125,34.375,3.26826,15342,1038,100,546
1706674951049874553,23944,23944,9011,14933,0,0,0,12,0.000501169,0,255,134.522,35.9199,63.5,86.5,130.5,198.5,255.5,6,292,0,150,27.5,49.5,59.5,-38.0863,38.5121,-34.375,34.625,3.08663,15343,1065,100,536
1706674951149730127,23912,23912,8915,14997,0,0,0,17,0.00071094,0,255,133.77,36.7668,54.5,85.5,129.5,198.5,255.5,17,312,0,152,27.5,49.5,62.5,-38.5098,38.1106,-34.625,34.375,3.12106,15343,1131,100,508
1706674951249559429,23890,23890,8863,15027,0,0,0,10,0.000418585,0,255,133.843,36.9458,57.5,85.5,129.5,199.5,255.5,5,396,0,155,27.5,50.5,62.5,-38.1774,38.5051,-34.375,34.625,3.26114,15344,1136,100,539
1706674951350204397,23912,23912,8929,14983,0,0,0,17,0.00071094,0,255,133.954,35.6283,63.5,85.5,130.5,196.5,255.5,1,270,0,155,27.5,50.5,63.5,-38.4904,38.2369,-34.625,34.375,3.25164,15345,1147,100,517
1706674951450033130,23940,23940,9089,14851,0,0,0,13,0.000543024,0,255,134.305,36.2791,56.5,85.5,130.5,196.5,255.5,12,286,0,150,27.5,50.5,62.5,-38.3018,38.4715,-34.625,34.625,4.40319,15345,1095,100,572
1706674951549880965,23977,23977,9007,14970,0,0,0,16,0.000667306,0,255,135.781,37.2106,62.5,84.5,131.5,201.5,255.5,4,269,0,150,27.5,51.5,64.5,-38.437,38.3422,-34.125,34.625,3.18516,15347,983,100,592
1706674951649733082,23992,23992,9010,14982,0,0,0,15,0.000625208,5.13238,255,135.146,36.9243,61.5,83.5,131.5,198.5,255.5,0,326,0,150,27.5,51.5,64.5,-38.3739,38.4161,-34.125,34.125,3.27183,15347,849,100,678
1706674951749582831,23993,23993,9092,14901,0,0,0,9,0.000375109,0,255,135.606,37.128,64.5,84.5,132.5,200.5,255.5,1,422,0,150,27.5,51.5,64.5,-38.3805,38.4164,-34.625,34.125,3.31931,15347,847,100,707
1706674951850216440,23995,23995,9048,14947,0,0,0,16,0.000666806,0,255,135.353,36.5123,61.5,84.5,132.5,199.5,255.5,15,298,0,150,27.5,50.5,63.5,-38.4518,37.67,-34.125,33.625,3.33356,15347,838,100,643
1706674951950063131,23992,23992,9102,14890,0,0,0,0,0,0,255,136.441,37.3596,64.5,85.5,132.5,204.5,255.5,1,480,0,150,27.5,51.5,64.5,-37.7712,38.3319,-33.875,34.125,3.03083,15347,828,100,713
1706674952049890391,23995,23995,9069,14926,0,0,0,13,0.00054178,0,255,135.289,36.449,56.5,84.5,132.5,199.5,255.5,20,254,0,150,27.5,49.5,63.5,-38.2813,38.4739,-34.125,34.125,3.05932,15348,919,100,615
1706674952149726479,23970,23970,9092,14878,0,0,0,17,0.00070922,0,255,135.044,36.544,62.5,83.5,132.5,198.5,255.5,7,346,0,150,27.5,49.5,61.5,-38.4903,38.2245,-34.125,34.375,3.01659,15349,1038,100,610
1706674952249572070,23992,23992,9008,14984,0,0,0,10,0.000416806,0,255,135.696,37.4798,51.5,83.5,132.5,202.5,255.5,2,334,0,150,27.5,49.5,63.5,-38.1849,38.501,-34.375,34.625,3.13886,15349,1059,100,654
1706674952350215193,23936,23936,8880,15056,0,0,0,18,0.000752005,0,255,134.453,37.0174,52.5,83.5,131.5,199.5,255.5,3,332,0,150,27.5,48.5,61.5,-38.5039,38.1184,-34.625,34.375,3.14717,15350,1079,100,511
1706674952450062264,23933,23933,8924,15009,0,0,0,13,0.000543183,0,255,134.01,37.2497,50.5,83.5,130.5,200.5,255.5,4,290,0,150,27.5,48.5,63.5,-38.0735,38.5139,-34.375,34.625,3.11512,15351,1074,100,650
1706674952549892622,23958,23958,8903,15055,0,0,0,17,0.000709575,0,255,134.339,38.2432,51.5,81.5,130.5,201.5,255.5,18,373,0,151,27.5,48.5,63.5,-38.5071,38.1364,-34.625,34.375,3.13293,15352,1043,100,580
1706674952649720460,23994,23994,9004,14990,0,0,0,11,0.000458448,0,255,135.145,37.4013,59.5,83.5,131.5,200.5,255.5,1,375,0,150,27.5,49.5,65.5,-38.1998,38.4997,-34.375,34.625,3.22078,15352,923,100,691
1706674952749573266,23993,23993,9106,14887,0,0,0,17,0.00070854,12.1686,255,135.698,36.4472,61.5,84.5,132.5,197.5,255.5,0,298,3,150,27.5,49.5,66.5,-38.4804,38.26,-34.125,34.625,3.30626,15352,771,100,807
1706674952850213362,23997,23997,9071,14926,0,0,0,14,0.000583406,0,255,136.58,38.0087,60.5,84.5,132.5,207.5,255.5,3,414,0,150,28.5,50.5,67.5,-38.3255,38.4483,-34.125,34.125,3.28964,15352,715,100,787
1706674952950049467,23993,23993,9096,14897,0,0,0,0,0,16.8306,255,135.582,37.4664,58.5,83.5,132.5,203.5,255.5,0,411,0,150,27.5,49.5,66.5,-37.6968,38.3582,-33.875,34.125,3.29676,15352,707,100,774
1706674953049891680,23992,23992,9092,14900,0,0,0,31,0.0012921,0,255,135.162,38.1946,49.5,81.5,132.5,200.5,255.5,2,497,0,150,27.5,48.5,67.5,-38.4357,37.6088,-35.125,33.625,3.32288,15353,806,100,810
1706674953149730553,23994,23994,9066,14928,0,0,0,0,0,0,255,135.488,38.0027,52.5,83.5,131.5,202.5,255.5,4,382,0,150,27.5,48.5,66.5,-37.6093,38.3958,-33.875,34.125,3.12462,15353,905,100,735
1706674953249571022,23996,23996,9033,14963,0,0,0,14,0.000583431,15.4658,255,135.994,37.7906,55.5,83.5,132.5,201.5,255.5,0,350,0,150,28.5,48.5,65.5,-38.365,38.4306,-34.125,34.125,3.2564,15353,982,100,785
1706674953350199960,23963,23963,9165,14798,0,0,0,17,0.000709427,15.1318,255,136.18,38.1146,53.5,83.5,132.5,205.5,255.5,0,383,0,151,27.5,48.5,61.5,-38.4579,38.3074,-34.125,34.375,3.25758,15355,1079,100,622
1706674953450050222,23931,23931,8990,14941,0,0,0,12,0.000501442,0,255,135.306,37.8531,57.5,84.5,130.5,203.5,255.5,6,361,0,150,27.5,47.5,59.5,-38.2605,38.4753,-34.625,34.625,3.07476,15356,1110,100,673
1706674953549891693,23920,23920,8862,15058,0,0,0,17,0.000710702,0,255,134.559,37.0093,57.5,84.5,130.5,198.5,255.5,3,366,0,150,27.5,47.5,59.5,-38.5006,38.2158,-34.625,34.625,3.32644,15358,1143,100,623
1706674953649726908,23897,23897,8868,15029,0,0,0,10,0.000418463,0,255,134.102,36.5016,55.5,84.5,130.5,198.5,255.5,2,270,0,154,27.5,47.5,60.5,-38.1485,38.506,-34.375,34.625,3.17448,15360,1180,100,630
1706674953749574504,23904,23904,8948,14956,0,0,0,18,0.000753012,0,255,134.839,37.5199,58.5,85.5,130.5,203.5,251.5,2,226,0,153,27.5,47.5,60.5,-38.5139,38.0798,-34.625,34.375,3.31101,15364,1162,100,594
1706674953850229387,23934,23934,9000,14934,0,0,0,11,0.000459597,5.87321,255,134.888,36.8655,62.5,86.5,130.5,204.5,255.5,0,353,0,150,27.5,48.5,60.5,-38.105,38.5103,-34.375,34.625,3.35968,15364,1079,100,653
1706674953950063790,23970,23970,9101,14869,0,0,0,17,0.00070922,13.969,255,134.931,36.2966,62.5,85.5,131.5,197.5,255.5,0,305,2,151,27.5,48.5,61.5,-38.5002,38.1813,-34.125,34.375,3.28133,15364,1002,100,628
1706674954049928601,23995,23995,9059,14936,0,0,0,11,0.000458429,0,255,135.787,36.0076,66.5,84.5,132.5,196.5,255.5,1,282,0,150,28.5,49.5,62.5,-38.2436,38.4921,-33.875,34.125,3.35018,15364,887,100,654
1706674954149769789,23993,23993,9073,14920,0,0,0,0,0,0,255,136.697,37.3111,67.5,86.5,132.5,201.5,255.5,2,489,0,150,28.5,49.5,62.5,-37.838,38.2879,-33.875,34.125,3.16024,15364,863,100,662
1706674954249606802,23992,23992,9073,14919,0,0,0,17,0.00070857,5.1557,255,135.598,36.3862,67.5,83.5,131.5,196.5,255.5,0,285,0,150,28.5,49.5,61.5,-38.4743,37.7537,-34.125,33.875,3.1448,15364,917,100,633
1706674954349857620,23989,23989,9095,14894,0,0,0,14,0.000583601,0,255,135.692,36.8904,64.5,84.5,131.5,202.5,255.5,3,296,0,150,28.5,50.5,62.5,-38.3351,38.4471,-34.875,34.125,3.25521,15366,944,100,711
1706674954449704145,23994,23994,9023,14971,0,0,0,16,0.000666833,0,255,135.799,35.7833,70.5,86.5,132.5,198.5,255.5,13,273,0,150,28.5,49.5,62.5,-38.4137,38.3798,-34.125,34.125,3.30151,15366,901,100,636
1706674954549545831,23989,23989,8976,15013,0,0,0,16,0.000666972,0,255,136.413,35.3114,67.5,86.5,133.5,198.5,250.5,3,224,0,150,28.5,49.5,66.5,-38.4194,38.3774,-34.125,34.625,3.35493,15366,970,100,653
1706674954650199440,23976,23976,9074,14902,0,0,0,14,0.000583917,0,255,135.192,35.8984,69.5,85.5,131.5,196.5,255.5,7,367,0,150,28.5,49.5,65.5,-38.3348,38.4504,-34.625,34.625,3.14718,15367,1026,100,671
1706674954750041212,23974,23974,8927,15047,0,0,0,17,0.000709102,0,255,134.97,36.6466,65.5,85.5,130.5,201.5,255.5,2,380,0,150,27.5,49.5,65.5,-38.4696,38.2842,-34.625,34.625,3.21484,15369,1071,100,636
1706674954849879802,23944,23944,8869,15075,0,0,0,12,0.000501169,0,255,135.283,37.1359,57.5,84.5,132.5,199.5,255.5,20,411,0,150,27.5,49.5,66.5,-38.2457,38.4851,-34.375,34.625,3.40004,15371,1116,100,640
1706674954949726699,23924,23924,8857,15067,0,0,0,18,0.000752383,0,255,134.678,36.955,65.5,85.5,130.5,201.5,255.5,20,334,0,153,27.5,48.5,63.5,-38.4936,38.1883,-34.625,34.375,3.13174,15372,1123,100,666
1706674955049562421,23926,23926,8983,14943,0,0,0,8,0.000334364,0,255,135.516,36.8362,64.5,86.5,131.5,201.5,255.5,1,373,0,151,28.5,49.5,67.5,-38.1198,38.5027,-34.375,34.625,3.35493,15377,1092,100,647
1706674955150209564,23932,23932,9103,14829,0,0,0,17,0.000710346,0,255,135.269,36.9775,60.5,85.5,131.5,200.5,255.5,2,330,0,155,28.5,50.5,66.5,-38.5066,38.0696,-34.125,34.375,3.28014,15380,1037,100,708
1706674955250065129,23968,23968,9177,14791,0,0,0,10,0.000417223,0,255,135.365,36.2019,65.5,86.5,132.5,197.5,255.5,13,364,0,150,28.5,49.5,65.5,-38.137,38.5026,-34.125,34.125,3.11988,15380,996,100,747
1706674955349908872,23953,23953,9064,14889,0,0,0,0,0,0,255,136.259,38.2983,59.5,84.5,132.5,205.5,255.5,13,382,0,150,28.5,50.5,66.5,-37.9636,38.1939,-33.875,33.875,3.13175,15381,956,100,702
1706674955449734013,23956,23956,9035,14921,0,0,0,18,0.000751378,0,255,135.318,36.3106,59.5,85.5,132.5,200.5,253.5,9,229,0,150,28.5,49.5,63.5,-38.4995,37.9036,-34.125,33.875,3.17449,15382,1015,100,731
1706674955549590580,23939,23939,9034,14905,0,0,0,12,0.000501274,0,255,134.961,37.515,57.5,84.5,130.5,203.5,255.5,1,416,0,150,28.5,49.5,65.5,-38.2526,38.4818,-34.125,34.125,3.41548,15386,1072,100,641
1706674955649822106,23948,23948,9065,14883,0,0,0,16,0.000668114,0,255,134.898,37.8561,58.5,84.5,131.5,203.5,255.5,1,359,0,150,28.5,49.5,67.5,-38.473,38.299,-34.625,34.125,3.23978,15386,1085,100,698
1706674955749647657,23956,23956,9011,14945,0,0,0,14,0.000584405,0,255,134.735,37.3872,52.5,85.5,131.5,202.5,255.5,10,350,0,150,28.5,50.5,66.5,-38.3537,38.4359,-34.125,34.625,3.16974,15390,1103,100,632
1706674955849899989,23923,23923,8942,14981,0,0,0,15,0.000627012,0,255,135.004,36.2385,60.5,85.5,131.5,200.5,255.5,2,335,0,155,27.5,50.5,72.5,-38.4038,38.3956,-34.625,34.625,3.06408,15390,1133,100,659
1706674955949753643,23915,23915,9001,14914,0,0,0,16,0.000669036,0,255,134.289,37.0016,57.5,84.5,130.5,197.5,255.5,6,378,0,150,27.5,49.5,70.5,-38.4208,38.369,-34.625,34.625,2.96673,15396,1144,100,652
1706674956049597567,23926,23926,8942,14984,0,0,0,14,0.000585138,0,255,134.747,36.9356,61.5,85.5,130.5,201.5,255.5,1,408,0,154,27.5,49.5,65.5,-38.3289,38.4559,-34.375,34.625,3.01897,15398,1167,100,558
1706674956149830187,23934,23934,8930,15004,0,0,0,16,0.000668505,0,255,135.021,35.7269,63.5,86.5,131.5,196.5,255.5,1,334,0,150,27.5,49.5,59.5,-38.4728,38.2839,-34.625,34.625,3.02609,15399,1135,100,589
1706674956249660562,23958,23958,8961,14997,0,0,0,11,0.000459137,0,255,135.177,36.4791,63.5,86.5,131.5,197.5,255.5,7,387,0,150,27.5,49.5,60.5,-38.2206,38.4922,-34.125,34.625,3.12225,15401,1014,100,532
1706674956349899832,23997,23997,9060,14937,0,0,0,17,0.000708422,9.7996,255,136.171,36.1705,71.5,86.5,132.5,199.5,255.5,0,311,0,150,28.5,50.5,61.5,-38.5053,38.1671,-34.125,34.375,3.19348,15401,864,100,722
1706674956449731011,23997,23997,9148,14849,0,0,0,3,0.000125016,0,255,136.511,36.202,71.5,86.5,132.5,200.5,255.5,7,343,0,150,29.5,51.5,65.5,-38.0184,38.5086,-33.875,34.125,3.06764,15401,756,100,688
1706674956549581475,23998,23998,9173,14825,0,0,0,8,0.000333361,36.1981,255,136.346,35.5761,71.5,86.5,131.5,197.5,255.5,0,412,6,151,29.5,52.5,69.5,-38.1094,38.0829,-34.125,34.125,3.1175,15401,729,100,677
1706674956650220689,23997,23997,9057,14940,0,0,0,18,0.000750094,0,255,136.331,36.5428,68.5,86.5,132.5,201.5,255.5,4,407,0,150,29.5,51.5,64.5,-38.517,38.041,-34.125,33.875,3.06527,15401,737,100,806
1706674956750067052,23993,23993,9023,14970,0,0,0,10,0.000416788,37.9753,255,136.27,35.7444,70.5,86.5,132.5,197.5,255.5,0,395,7,151,28.5,51.5,66.5,-38.1563,38.4977,-34.375,34.125,3.01303,15401,743,100,655
1706674956849918693,23997,23997,8994,15003,0,0,0,17,0.000708422,0,255,136.023,36.0218,69.5,86.5,131.5,198.5,255.5,3,441,0,150,28.5,51.5,62.5,-38.4868,38.2264,-34.625,34.125,3.09495,15401,753,100,686
1706674956949756260,23991,23991,9023,14968,0,0,0,13,0.00054187,0,255,136.066,35.0662,69.5,86.5,132.5,198.5,255.5,5,302,0,150,28.5,50.5,60.5,-38.2834,38.4726,-34.375,34.625,3.0617,15401,862,100,701
1706674957049597525,23993,23993,9006,14987,0,0,0,17,0.00070854,27.6706,255,135.384,35.0322,64.5,86.5,132.5,195.5,255.5,0,275,0,150,27.5,49.5,59.5,-38.453,38.3295,-34.625,34.375,3.08307,15401,927,100,649
1706674957149823114,23983,23983,8952,15031,0,0,0,15,0.000625443,15.3838,255,134.481,36.0968,58.5,84.5,130.5,195.5,255.5,0,275,0,150,27.5,48.5,57.5,-38.3716,38.4153,-34.375,34.625,3.08901,15401,1011,100,699
1706674957249657986,23942,23942,8947,14995,0,0,0,15,0.000626514,0,255,133.515,36.3216,52.5,83.5,130.5,197.5,255.5,6,240,0,150,26.5,48.5,57.5,-38.3838,38.4217,-34.625,34.625,3.1175,15403,1092,100,615
1706674957349900026,23941,23941,8948,14993,0,0,0,16,0.00066831,0,255,134.294,35.4646,56.5,84.5,130.5,195.5,255.5,10,302,0,150,27.5,48.5,59.5,-38.451,38.3337,-34.625,34.625,3.21604,15403,1080,100,653
1706674957449743925,23982,23982,9026,14956,0,0,0,13,0.000542073,0,255,134.93,35.434,51.5,84.5,131.5,193.5,255.5,2,313,0,150,27.5,48.5,58.5,-38.2974,38.4697,-34.125,34.625,3.2564,15404,1057,100,705
1706674957549580433,23996,23996,9013,14983,0,0,0,17,0.000708451,18.8326,255,134.95,36.1538,56.5,85.5,131.5,195.5,255.5,0,314,0,150,27.5,48.5,59.5,-38.4884,38.2385,-34.125,34.125,3.31695,15405,902,100,691
1706674957650221472,23995,23995,9130,14865,0,0,0,0,0,0,255,134.665,35.721,61.5,83.5,130.5,198.5,242.5,2,205,0,150,28.5,49.5,59.5,-37.9396,38.5011,-33.875,34.125,3.24453,15405,806,100,752
1706674957750085587,23995,23995,9166,14829,0,0,0,10,0.000416753,18.6593,255,135.558,36.4478,64.5,84.5,131.5,198.5,255.5,0,400,0,150,28.5,50.5,60.5,-38.1823,37.9943,-33.875,33.875,3.13056,15405,787,100,757
1706674957849928428,23987,23987,9096,14891,0,0,0,18,0.000750406,4.98575,255,134.995,36.0306,50.5,84.5,131.5,196.5,255.5,0,287,0,150,28.5,50.5,61.5,-38.5122,38.1182,-34.125,34.125,3.11394,15405,840,100,764
1706674957949773946,23996,23996,9040,14956,0,0,0,12,0.000500083,0,255,135.137,36.7331,48.5,84.5,131.5,199.5,255.5,4,367,0,150,28.5,50.5,62.5,-38.0855,38.5109,-34.375,34.125,3.05814,15405,911,100,738
1706674958049626889,23992,23992,8950,15042,0,0,0,18,0.00075025,0,255,135.988,36.5172,58.5,85.5,132.5,199.5,255.5,9,285,0,150,27.5,50.5,62.5,-38.5032,38.1518,-34.625,34.375,3.06527,15405,944,100,666
1706674958149865818,23994,23994,8959,15035,0,0,0,12,0.000500125,0,255,135.742,36.4911,52.5,84.5,132.5,199.5,255.5,17,266,0,150,27.5,50.5,62.5,-38.2093,38.4932,-34.375,34.625,3.09376,15405,1009,100,764
1706674958249713665,23986,23986,8980,15006,0,0,0,17,0.000708747,0,255,134.565,37.8021,55.5,82.5,130.5,200.5,255.5,26,387,0,150,27.5,49.5,62.5,-38.486,38.2694,-34.625,34.625,3.04865,15405,1018,100,605
1706674958349561862,23971,23971,9032,14939,0,0,0,14,0.000584039,0,255,134.649,38.0896,53.5,83.5,130.5,200.5,255.5,7,457,0,150,27.5,50.5,62.5,-38.3163,38.4569,-34.625,34.625,3.03797,15405,1092,100,594
1706674958450205934,23963,23963,8984,14979,0,0,0,16,0.000667696,0,255,135.857,38.1483,59.5,85.5,130.5,203.5,255.5,3,474,0,150,27.5,49.5,60.5,-38.4294,38.3611,-34.625,34.625,3.05815,15406,1103,100,641
1706674958550049627,23983,23983,8956,15027,0,0,0,16,0.000667139,13.618,255,134.976,37.3148,56.5,85.5,130.5,202.5,255.5,0,327,0,151,27.5,49.5,60.5,-38.3896,38.3966,-34.375,34.625,3.05221,15407,1057,100,613
1706674958649882103,23993,23993,8973,15020,0,0,0,15,0.000625182,4.9317,255,136.179,36.9738,59.5,85.5,131.5,199.5,255.5,0,324,0,150,27.5,49.5,61.5,-38.3499,38.4344,-34.125,34.625,3.05221,15407,975,100,602
1706674958749722737,23995,23995,9051,14944,0,0,0,17,0.000708481,0,255,136.144,37.2351,59.5,85.5,131.5,201.5,255.5,8,245,0,150,27.5,49.5,60.5,-38.469,38.2983,-34.125,34.125,3.00473,15407,856,100,691
1706674958849564318,23995,23995,9077,14918,0,0,0,0,0,0,255,136.559,37.3077,64.5,85.5,131.5,203.5,255.5,3,379,0,153,28.5,49.5,61.5,-37.8259,38.4862,-33.875,34.125,3.05221,15407,791,100,687
1706674958950208783,23993,23993,9140,14853,0,0,0,12,0.000500146,0,255,136.751,38.9555,52.5,83.5,132.5,207.5,255.5,12,453,0,155,28.5,50.5,62.5,-38.2539,37.8891,-33.875,33.875,3.05458,15407,793,100,654
1706674959050038803,23993,23993,9100,14893,0,0,0,18,0.000750219,20.8766,255,136.105,38.4772,51.5,84.5,131.5,206.5,255.5,0,398,0,150,28.5,50.5,63.5,-38.4992,38.1999,-34.125,33.875,3.02016,15407,869,100,654
1706674959149876498,23993,23993,9038,14955,0,0,0,9,0.000375109,9.98596,255,137.08,39.0463,55.5,84.5,132.5,207.5,255.5,0,442,0,150,28.5,49.5,63.5,-38.149,38.5085,-34.375,34.125,3.10682,15407,890,100,618
1706674959249715118,23990,23990,8992,14998,0,0,0,18,0.000750313,14.7974,255,135.998,37.7577,53.5,84.5,131.5,203.5,255.5,0,271,0,154,27.5,49.5,64.5,-38.5172,38.0683,-34.625,34.375,3.02965,15408,923,100,561
1706674959349567132,23993,23993,8953,15040,0,0,0,11,0.000458467,0,255,136.621,37.4383,50.5,84.5,133.5,203.5,255.5,5,379,0,151,27.5,48.5,66.5,-38.1093,38.5139,-34.375,34.625,3.09376,15408,1015,100,644
1706674959450208120,23964,23964,8951,15013,0,0,0,17,0.000709397,0,255,136.038,37.7922,53.5,84.5,131.5,206.5,255.5,1,319,0,150,27.5,48.5,65.5,-38.5071,38.1635,-34.625,34.375,3.02135,15410,1033,100,574
1706674959550042146,23937,23937,8998,14939,0,0,0,11,0.00045954,0,255,135.514,37.5575,55.5,84.5,131.5,201.5,255.5,1,386,0,156,27.5,48.5,62.5,-38.2382,38.4912,-34.375,34.625,2.99523,15412,1109,100,566
1706674959649902828,23942,23942,8978,14964,0,0,0,17,0.000710049,5.64417,255,135.32,37.6753,54.5,84.5,130.5,202.5,255.5,0,408,0,156,27.5,48.5,62.5,-38.4716,38.2914,-34.625,34.375,3.15312,15415,1115,100,553
1706674959749747500,23973,23973,9038,14935,0,0,0,14,0.00058399,0,255,135.356,36.8147,59.5,84.5,131.5,198.5,255.5,2,339,0,152,27.5,48.5,60.5,-38.3356,38.4443,-34.625,34.125,3.24691,15417,1083,100,566
1706674959849596649,23977,23977,9024,14953,0,0,0,16,0.000667306,0,255,135.802,37.2731,60.5,84.5,131.5,203.5,255.5,9,271,0,154,28.5,48.5,61.5,-38.4217,38.3863,-34.125,34.875,3.17805,15418,985,100,536
1706674959949841315,23994,23994,9006,14988,0,0,0,16,0.000666833,0,255,135.959,36.359,61.5,84.5,132.5,199.5,255.5,2,248,0,153,27.5,48.5,61.5,-38.4179,38.3764,-34.125,34.125,3.34425,15418,882,100,550
1706674960049679380,23992,23992,9067,14925,0,0,0,0,0,23.7956,255,135.848,36.7465,67.5,83.5,131.5,199.5,255.5,0,262,0,156,28.5,49.5,64.5,-37.6488,38.4396,-33.625,34.125,3.21841,15419,777,100,595
1706674960149525900,23992,23992,9108,14884,0,0,0,14,0.000583528,0,255,135.621,36.941,60.5,84.5,131.5,202.5,255.5,12,296,0,158,28.5,49.5,60.5,-38.3414,37.7591,-34.125,33.875,3.28608,15419,804,100,624
1706674960250164724,23993,23993,9120,14873,0,0,0,17,0.00070854,24.9271,255,134.547,35.9748,59.5,83.5,131.5,197.5,255.5,0,257,0,159,28.5,49.5,58.5,-38.4737,38.2775,-34.125,34.125,3.1923,15420,932,100,596
1706674960349987494,23996,23996,9024,14972,0,0,0,11,0.00045841,0,255,134.206,35.6233,55.5,83.5,131.5,196.5,252.5,12,237,0,157,28.5,49.5,60.5,-38.2154,38.4936,-34.375,34.125,3.10801,15420,995,100,538
1706674960449838040,23965,23965,8953,15012,0,0,0,17,0.000709368,5.38873,255,134.61,36.0458,61.5,84.5,130.5,198.5,250.5,0,228,0,159,27.5,49.5,60.5,-38.5087,38.1572,-34.625,34.375,3.1092,15420,1056,100,515
1706674960549690465,23959,23959,8952,15007,0,0,0,11,0.000459118,0,255,134.027,36.1114,51.5,84.5,130.5,197.5,255.5,6,252,0,160,27.5,48.5,60.5,-38.0954,38.5084,-34.375,34.625,3.04509,15422,1097,100,537
1706674960649522027,23935,23935,8899,15036,0,0,0,18,0.000752037,0,255,133.884,36.9778,55.5,84.5,130.5,198.5,255.5,8,370,0,156,27.5,48.5,61.5,-38.5116,38.0991,-34.625,34.375,3.11038,15425,1137,100,553
1706674960750149731,23909,23909,9009,14900,0,0,0,10,0.000418253,0,255,133.212,37.0375,50.5,83.5,129.5,195.5,255.5,10,392,0,160,27.5,48.5,64.5,-38.1626,38.5022,-34.375,34.625,3.01066,15429,1175,100,554
1706674960849995661,23924,23924,8967,14957,0,0,0,17,0.000710584,0,255,132.417,35.4417,53.5,84.5,129.5,191.5,255.5,22,317,0,164,27.5,48.5,61.5,-38.4919,38.2273,-34.625,34.375,3.06409,15435,1205,100,545
1706674960949850257,23919,23919,8999,14920,0,0,0,13,0.000543501,0,255,134.01,36.6813,62.5,85.5,129.5,198.5,255.5,2,378,0,156,27.5,48.5,61.5,-38.283,38.4754,-34.625,34.125,3.32289,15439,1117,100,500
1706674961049685825,23967,23967,9090,14877,0,0,0,17,0.000709309,12.3232,255,134.356,36.6133,61.5,85.5,130.5,196.5,255.5,0,344,0,165,27.5,49.5,61.5,-38.4494,38.328,-34.125,34.125,3.22554,15440,995,100,520
1706674961149535996,23991,23991,9093,14898,0,0,0,15,0.000625234,5.13761,255,135.216,36.6408,70.5,84.5,131.5,196.5,255.5,0,487,0,166,28.5,51.5,66.5,-38.3609,38.4295,-34.125,35.125,3.15669,15440,847,100,507
1706674961250169302,23996,23996,9053,14943,0,0,0,0,0,22.259,255,135.525,36.7698,69.5,85.5,131.5,201.5,255.5,0,482,0,162,28.5,51.5,70.5,-37.6129,38.3944,-33.625,34.125,3.30508,15440,756,100,519
1706674961350006818,23997,23997,9042,14955,0,0,0,16,0.00066675,0,255,136.239,36.2258,74.5,85.5,132.5,200.5,255.5,4,394,0,164,28.5,51.5,66.5,-38.4023,37.5999,-34.125,33.625,3.41074,15440,775,100,618
1706674961449848403,23996,23996,9139,14857,0,0,0,16,0.000666778,19.3908,255,135.907,36.4989,73.5,84.5,131.5,197.5,255.5,0,473,0,164,29.5,52.5,70.5,-38.4253,38.3621,-34.125,34.125,3.13057,15440,742,100,458
1706674961549692791,23994,23994,9092,14902,0,0,0,13,0.000541802,16.8,255,136.739,36.2548,74.5,86.5,132.5,203.5,255.5,0,422,6,164,29.5,52.5,69.5,-38.3191,38.4562,-34.375,34.125,3.00473,15440,693,100,583
1706674961649530172,23998,23998,8963,15035,0,0,0,17,0.000708392,37.562,255,136.371,36.0813,72.5,86.5,132.5,200.5,255.5,0,434,0,165,28.5,52.5,67.5,-38.4824,38.2677,-34.625,34.625,3.08308,15440,707,100,620
1706674961750163249,23998,23998,8853,15145,0,0,0,11,0.000458372,38.7886,255,135.9,36.0831,74.5,86.5,130.5,201.5,255.5,0,409,8,180,28.5,51.5,66.5,-38.2151,38.4967,-34.375,34.625,3.3775,15440,741,100,575
1706674961849998802,23996,23996,8872,15124,0,0,0,17,0.000708451,29.448,255,135.605,36.4789,72.5,85.5,131.5,201.5,255.5,0,329,0,168,28.5,51.5,66.5,-38.5054,38.1474,-34.625,34.375,2.97149,15440,832,100,497
1706674961949845293,23992,23992,9026,14966,0,0,0,11,0.000458486,0,255,135.146,36.3,69.5,84.5,131.5,197.5,255.5,5,356,0,168,28.5,50.5,64.5,-38.0725,38.5125,-34.375,34.625,3.00117,15443,970,100,546
1706674962049688246,23978,23978,9055,14923,0,0,0,17,0.000708983,0,255,134.738,36.0325,68.5,83.5,131.5,196.5,255.5,3,356,0,172,27.5,50.5,64.5,-38.5102,38.1223,-34.625,34.375,2.98455,15443,1001,100,511
1706674962149512138,23994,23994,9059,14935,0,0,0,11,0.000458448,16.9846,255,134.471,35.7378,65.5,83.5,130.5,197.5,255.5,0,262,0,181,28.5,49.5,65.5,-38.1949,38.4998,-34.375,34.125,3.14481,15443,980,100,484
1706674962250144119,23994,23994,9021,14973,0,0,0,17,0.00070851,26.12,255,134.734,35.643,69.5,84.5,130.5,197.5,255.5,0,348,0,176,28.5,49.5,65.5,-38.4788,38.2452,-34.125,33.875,3.03203,15443,852,100,491
1706674962349981870,23999,23999,9090,14909,0,0,0,13,0.000541689,0,255,134.726,36.3027,69.5,83.5,131.5,196.5,255.5,8,466,0,177,28.5,50.5,65.5,-38.2905,38.4675,-34.125,34.625,3.16618,15443,760,100,533
1706674962449828274,23991,23991,9133,14858,0,0,0,0,0,9.95816,255,135.733,36.3835,70.5,85.5,131.5,199.5,255.5,0,354,1,184,28.5,50.5,67.5,-37.76,38.4672,-33.875,34.625,3.06171,15444,797,100,587
1706674962549677044,23997,23997,9065,14932,0,0,0,17,0.000708422,24.6736,255,135.443,37.3723,65.5,84.5,131.5,201.5,255.5,0,431,0,188,28.5,51.5,70.5,-38.4526,37.6665,-34.125,33.625,3.01898,15444,846,100,568
1706674962649527299,23995,23995,8998,14997,0,0,0,15,0.00062513,14.9561,255,136.682,38.1004,61.5,84.5,132.5,204.5,255.5,0,360,0,179,28.5,51.5,75.5,-38.3773,38.4228,-34.125,34.125,3.00354,15444,853,100,523
1706674962750157798,23994,23994,9097,14897,0,0,0,15,0.000625156,0,255,136.105,37.519,64.5,84.5,131.5,203.5,255.5,2,351,0,176,28.5,51.5,71.5,-38.3839,38.4172,-34.375,34.125,3.03441,15444,906,100,441
1706674962849997435,23988,23988,9012,14976,0,0,0,16,0.000667,31.9868,255,136.196,37.0041,65.5,84.5,132.5,200.5,255.5,0,380,0,195,28.5,51.5,73.5,-38.4474,38.3357,-34.625,34.625,3.09139,15444,973,100,469
1706674962949837463,23994,23994,8951,15043,0,0,0,13,0.000541802,0,255,137.029,38.547,65.5,86.5,131.5,205.5,255.5,22,587,0,197,28.5,51.5,69.5,-38.2929,38.4695,-34.625,34.625,3.03085,15444,922,100,550
1706674963049668164,23994,23994,8831,15163,0,0,0,17,0.00070851,31.6114,255,136.479,37.8613,67.5,85.5,131.5,207.5,255.5,0,468,1,179,28.5,52.5,74.5,-38.4828,38.2513,-34.625,34.625,3.09021,15445,928,100,465
1706674963149511936,23994,23994,8900,15094,0,0,0,10,0.000416771,0,255,136.931,37.9127,63.5,84.5,132.5,205.5,255.5,5,409,0,198,28.5,52.5,73.5,-38.1931,38.4988,-34.375,34.625,3.10089,15445,937,100,467
1706674963250145497,23993,23993,9045,14948,0,0,0,17,0.00070854,0,255,136.936,38.5564,66.5,84.5,132.5,206.5,255.5,25,503,0,195,28.5,52.5,77.5,-38.5124,38.1118,-34.625,34.375,3.31102,15445,917,100,493
1706674963349970341,23999,23999,9160,14839,0,0,0,12,0.000500021,34.2611,255,137.434,37.527,71.5,85.5,132.5,204.5,255.5,0,302,5,218,29.5,54.5,79.5,-38.0875,38.5047,-34.375,34.125,3.71347,15445,805,100,489
1706674963449820065,23997,23997,9048,14949,0,0,0,17,0.000708422,31.8538,255,137.776,38.1631,69.5,86.5,132.5,208.5,255.5,0,364,6,150,29.5,55.5,81.5,-38.495,38.1423,-34.125,34.125,3.65886,15445,651,100,760
1706674963549654962,23998,23998,9035,14963,0,0,0,11,0.000458372,32.2727,255,137.717,37.9795,69.5,86.5,133.5,208.5,255.5,0,413,8,222,29.5,56.5,79.5,-38.2051,37.9622,-33.875,33.875,3.66717,15445,505,100,1036
1706674963649912894,24000,24000,9101,14899,0,0,0,0,0,29.2265,255,138.076,38.7959,71.5,85.5,132.5,211.5,255.5,0,580,6,207,29.5,56.5,80.5,-37.8844,38.4948,-33.875,34.875,3.47248,15445,491,100,1080
1706674963749754457,24000,24000,9087,14913,0,0,0,17,0.000708333,27.0201,255,137.831,37.4701,70.5,86.5,133.5,206.5,255.5,0,330,7,255,30.5,57.5,78.5,-38.4857,38.0014,-34.125,34.375,3.4428,15445,536,100,873
1706674963849597951,23998,23998,9059,14939,0,0,0,14,0.000583382,27.0392,255,138.375,39.0393,67.5,85.5,133.5,211.5,255.5,0,526,7,150,30.5,58.5,79.5,-38.3102,38.4584,-34.125,34.125,3.33952,15445,525,100,821
1706674963949843472,24000,24000,9038,14962,0,0,0,16,0.000666667,30.4606,255,138.179,37.1364,70.5,85.5,134.5,203.5,255.5,0,362,8,150,30.5,58.5,74.5,-38.4291,38.3596,-34.625,34.125,3.14957,15445,519,100,879
1706674964049699774,23997,23997,9007,14990,0,0,0,15,0.000625078,33.576,255,137.368,36.6832,69.5,87.5,133.5,204.5,255.5,0,313,8,150,30.5,57.5,74.5,-38.3946,38.4059,-34.375,34.625,3.22673,15445,550,100,885
1706674964149557778,23995,23995,8890,15105,0,0,0,14,0.000583455,28.0796,255,137.959,37.1529,71.5,87.5,133.5,207.5,255.5,0,331,6,150,30.5,58.5,76.5,-38.366,38.426,-34.625,34.625,3.11989,15445,626,100,705
1706674964250196092,24000,24000,8912,15088,0,0,0,16,0.000666667,27.131,255,137.785,36.5284,71.5,87.5,133.5,206.5,255.5,0,379,6,150,30.5,57.5,76.5,-38.4561,38.3236,-34.625,34.625,3.06053,15446,712,100,614
1706674964350036556,24000,24000,8901,15099,0,0,0,13,0.000541667,28.0643,255,138.152,37.5033,68.5,85.5,133.5,206.5,255.5,0,472,5,150,29.5,57.5,75.5,-38.2614,38.4839,-34.375,34.625,3.05697,15447,747,100,579
1706674964449870985,23996,23996,8970,15026,0,0,0,17,0.000708451,31.1013,255,137.503,37.1621,70.5,84.5,133.5,205.5,255.5,0,421,5,150,29.5,57.5,77.5,-38.5005,38.187,-34.625,34.125,3.06765,15447,718,100,599
1706674964549709079,24000,24000,9102,14898,0,0,0,10,0.000416667,28.0182,255,137.502,37.6289,66.5,83.5,133.5,205.5,255.5,0,417,7,150,30.5,58.5,79.5,-38.1115,38.5097,-34.375,34.125,3.3134,15447,718,100,635
1706674964649536136,23996,23996,9171,14825,0,0,0,17,0.000708451,24.11,255,137.253,38.5388,65.5,85.5,132.5,209.5,255.5,0,608,5,151,30.5,58.5,80.5,-38.514,38.0717,-34.125,34.125,3.16975,15448,651,100,804
1706674964750175161,24000,24000,9091,14909,0,0,0,9,0.000375,22.8355,255,137.588,38.4452,67.5,83.5,133.5,207.5,255.5,0,602,6,150,30.5,58.5,74.5,-38.1338,38.0567,-33.875,34.125,3.32408,15448,616,100,788
1706674964850012705,23997,23997,9063,14934,0,0,0,0,0,24.5931,255,135.617,35.9288,68.5,84.5,132.5,198.5,255.5,0,329,8,150,30.5,56.5,69.5,-37.9874,38.504,-33.875,34.125,3.14838,15448,650,100,740
1706674964949847795,23998,23998,9052,14946,0,0,0,17,0.000708392,0,255,135.615,36.8135,64.5,81.5,132.5,199.5,255.5,4,389,0,150,30.5,56.5,68.5,-38.5009,38.1943,-34.125,34.875,3.26947,15448,721,100,653
1706674965049689237,23996,23996,9051,14945,0,0,0,13,0.000541757,0,255,135.813,35.4311,67.5,84.5,133.5,196.5,255.5,5,259,0,150,30.5,56.5,68.5,-38.2496,38.4832,-34.125,34.125,3.19943,15451,765,100,584
1706674965149543800,23997,23997,9023,14974,0,0,0,16,0.00066675,23.4616,255,134.699,34.8806,70.5,84.5,130.5,195.5,245.5,0,227,0,150,30.5,56.5,68.5,-38.4609,38.3199,-34.625,34.125,3.12226,15451,842,100,596
1706674965250183110,23992,23992,9034,14958,0,0,0,14,0.000583528,5.01239,255,134.918,35.6948,65.5,82.5,131.5,196.5,255.5,0,303,1,150,30.5,56.5,69.5,-38.3482,38.431,-34.625,34.625,3.18518,15452,889,100,555
1706674965350022688,23995,23995,8933,15062,0,0,0,16,0.000666806,0,255,134.76,35.6739,62.5,81.5,131.5,195.5,255.5,2,259,0,150,30.5,57.5,69.5,-38.4085,38.3893,-34.625,34.375,3.10564,15453,922,100,532
1706674965449862454,23995,23995,8868,15127,0,0,0,16,0.000666806,18.6854,255,134.749,36.6862,62.5,81.5,131.5,198.5,255.5,0,351,0,150,30.5,58.5,72.5,-38.4309,38.3575,-34.625,34.625,3.28609,15453,1003,100,503
1706674965549694423,23994,23994,8952,15042,0,0,0,14,0.000583479,18.6478,255,135.487,36.0389,67.5,84.5,131.5,200.5,255.5,0,304,3,150,30.5,59.5,72.5,-38.3119,38.4557,-34.375,34.625,3.34664,15453,923,100,499
1706674965649530922,23994,23994,8977,15017,0,0,0,17,0.00070851,16.6444,255,135.838,36.8,68.5,83.5,131.5,200.5,255.5,0,353,0,150,30.5,59.5,73.5,-38.479,38.2634,-34.625,34.125,3.26829,15454,777,100,570
1706674965750179132,23998,23998,9086,14912,0,0,0,11,0.000458372,17.9891,255,135.807,36.5365,66.5,83.5,131.5,199.5,255.5,0,363,1,150,30.5,60.5,74.5,-38.223,38.487,-34.125,34.125,3.21724,15454,717,100,690
1706674965850033879,23997,23997,9141,14856,0,0,0,17,0.000708422,15.3878,255,135.162,35.7556,66.5,83.5,131.5,198.5,255.5,0,288,6,150,31.5,60.5,74.5,-38.5073,37.9501,-34.125,33.875,3.15431,15454,672,100,767
1706674965949877544,23996,23996,9136,14860,0,0,0,5,0.000208368,18.356,255,136.359,35.6626,71.5,85.5,132.5,197.5,255.5,0,320,4,150,31.5,61.5,76.5,-38.0384,38.1579,-34.125,34.125,3.21605,15455,568,100,847
1706674966049714238,23998,23998,9089,14909,0,0,0,8,0.000333361,25.1187,255,136.642,36.8736,69.5,84.5,132.5,201.5,255.5,0,449,7,151,31.5,62.5,77.5,-38.0879,38.5122,-34.125,34.125,3.04984,15455,576,100,756
1706674966149556954,23996,23996,9051,14945,0,0,0,17,0.000708451,13.6192,255,136.872,36.1754,70.5,86.5,132.5,201.5,255.5,0,331,3,150,31.5,62.5,76.5,-38.5068,38.0995,-34.125,34.375,3.09496,15456,615,100,730
1706674966250186489,23997,23997,9031,14966,0,0,0,10,0.000416719,32.3462,255,137.049,35.744,72.5,87.5,132.5,201.5,255.5,0,360,9,150,31.5,61.5,76.5,-38.1705,38.5032,-34.375,34.625,3.13057,15456,632,100,693
1706674966350034143,23997,23997,8996,15001,0,0,0,17,0.000708422,27.6729,255,136.758,36.7365,70.5,85.5,132.5,202.5,255.5,0,379,8,150,31.5,63.5,78.5,-38.4953,38.2201,-34.625,34.125,3.10327,15456,647,100,660
1706674966449871438,23999,23999,8942,15057,0,0,0,13,0.000541689,26.7584,255,137.097,37.7555,72.5,85.5,131.5,204.5,255.5,0,589,9,150,31.5,63.5,79.5,-38.2754,38.478,-34.375,34.625,3.0724,15456,709,100,556
1706674966549713044,23996,23996,9046,14950,0,0,0,17,0.000708451,9.54466,255,136.675,35.8913,70.5,86.5,132.5,201.5,255.5,0,313,0,150,30.5,61.5,77.5,-38.4621,38.3186,-34.625,34.375,3.61257,15456,769,100,605
1706674966649553380,23998,23998,8952,15046,0,0,0,15,0.000625052,0,255,137.344,36.1052,71.5,86.5,133.5,199.5,255.5,5,345,0,150,30.5,60.5,76.5,-38.3617,38.4283,-34.625,34.625,3.40719,15456,849,100,440
1706674966750193162,23995,23995,8921,15074,0,0,0,16,0.000666806,24.329,255,137.457,37.1708,71.5,86.5,132.5,208.5,255.5,0,414,4,150,30.5,60.5,77.5,-38.3914,38.4097,-34.375,34.625,3.93904,15456,825,100,440
1706674966850021717,23999,23999,8966,15033,0,0,0,16,0.000666694,4.6875,255,137.472,36.4685,72.5,86.5,133.5,202.5,255.5,0,313,1,150,30.5,60.5,77.5,-38.4372,38.3578,-34.625,34.125,3.73485,15456,693,100,610
1706674966949864500,23997,23997,9091,14906,0,0,0,14,0.000583406,23.9169,255,137.488,36.342,74.5,87.5,132.5,206.5,255.5,0,409,7,150,30.5,60.5,78.5,-38.3096,38.4645,-34.125,34.125,3.55796,15456,638,100,627
1706674967049701188,23999,23999,9162,14837,0,0,0,16,0.000666694,27.9384,255,136.926,35.9947,73.5,86.5,132.5,201.5,255.5,0,398,7,150,31.5,60.5,78.5,-38.4764,37.7908,-34.125,33.875,3.36801,15456,639,100,665
1706674967149534641,24000,24000,9159,14841,0,0,0,0,0,30.4439,255,136.542,36.1569,72.5,86.5,131.5,200.5,255.5,0,421,8,150,31.5,60.5,78.5,-37.8732,38.2747,-33.875,33.875,3.21249,15456,614,100,716
1706674967250180184,24000,24000,9034,14966,0,0,0,12,0.0005,27.5589,255,137.408,37.2811,72.5,86.5,133.5,206.5,255.5,0,417,7,150,31.5,60.5,80.5,-38.2237,38.4927,-33.875,34.125,3.17332,15456,562,100,719
1706674967350029002,24000,24000,9000,15000,0,0,0,18,0.00075,32.7518,255,137.924,37.0411,71.5,86.5,133.5,208.5,255.5,0,424,9,150,31.5,59.5,77.5,-38.5095,38.1522,-34.125,34.375,3.14126,15456,576,100,808
1706674967449872369,23997,23997,8966,15031,0,0,0,11,0.000458391,27.2453,255,137.825,36.6968,74.5,87.5,133.5,206.5,255.5,0,411,8,150,30.5,57.5,75.5,-38.1023,38.5108,-34.375,34.625,2.97862,15456,666,100,577
1706674967549701678,23995,23995,9010,14985,0,0,0,17,0.000708481,9.82834,255,137.605,36.3313,72.5,85.5,133.5,204.5,255.5,0,368,2,150,30.5,55.5,72.5,-38.5074,38.0866,-34.625,34.375,3.6743,15456,734,100,537
1706674967649553748,23999,23999,9008,14991,0,0,0,9,0.000375016,20.9972,255,137.452,37.9062,71.5,85.5,131.5,209.5,255.5,0,506,7,150,30.5,57.5,74.5,-38.1541,38.5139,-34.375,34.625,3.09259,15456,696,100,581
1706674967750203382,23996,23996,8949,15047,0,0,0,17,0.000708451,0,255,136.839,36.5103,69.5,85.5,132.5,202.5,255.5,6,439,0,150,30.5,57.5,75.5,-38.5015,38.2086,-34.625,34.375,3.10683,15456,729,100,534
1706674967850033993,23999,23999,8997,15002,0,0,0,13,0.000541689,0,255,136.699,36.7663,70.5,85.5,132.5,203.5,255.5,4,462,0,150,29.5,55.5,69.5,-38.2782,38.4748,-34.375,34.625,3.06766,15456,831,100,510
1706674967949865461,23998,23998,9003,14995,0,0,0,16,0.000666722,39.3763,255,136.111,35.3171,71.5,86.5,131.5,200.5,255.5,0,277,7,150,29.5,54.5,64.5,-38.4393,38.3348,-34.625,34.625,3.13058,15457,823,100,471
1706674968049708259,23999,23999,8989,15010,0,0,0,16,0.000666694,28.1647,255,135.614,35.1269,73.5,86.5,132.5,196.5,255.5,0,360,0,150,29.5,53.5,64.5,-38.3746,38.4134,-34.625,34.125,3.22199,15457,770,100,523
1706674968149549689,23993,23993,9005,14988,0,0,0,15,0.000625182,0,255,134.793,34.4972,71.5,84.5,131.5,194.5,241.5,1,211,0,150,29.5,53.5,63.5,-38.3833,38.4121,-34.125,34.125,3.45824,15457,759,100,482
1706674968250199059,23993,23993,9131,14862,0,0,0,16,0.000666861,14.4265,255,134.103,34.5238,66.5,84.5,131.5,193.5,255.5,0,275,3,150,29.5,53.5,64.5,-38.45,37.6542,-34.125,33.625,3.21368,15457,762,100,498
1706674968350037885,23996,23996,9171,14825,0,0,0,0,0,14.5556,255,135.188,34.9397,71.5,85.5,131.5,196.5,255.5,0,283,0,150,29.5,53.5,64.5,-37.7427,38.3394,-33.875,34.125,3.04985,15457,780,100,545
1706674968449879611,23998,23998,9124,14874,0,0,0,14,0.000583382,23.0611,255,134.412,34.3389,69.5,85.5,130.5,195.5,246.5,0,214,0,150,29.5,53.5,64.5,-38.2963,38.4653,-34.125,34.125,2.98812,15457,785,100,523
1706674968549716265,23997,23997,8990,15007,0,0,0,17,0.000708422,0,255,134.61,35.2728,69.5,84.5,130.5,197.5,255.5,1,307,0,150,29.5,53.5,65.5,-38.491,38.2329,-34.125,34.375,4.5718,15457,738,100,497
1706674968649549553,23995,23995,8952,15043,0,0,0,9,0.000375078,18.9646,255,135.226,34.893,68.5,84.5,132.5,199.5,241.5,0,205,4,150,29.5,53.5,66.5,-38.1509,38.5106,-34.375,34.625,3.97703,15457,775,100,430
1706674968750192167,23996,23996,8971,15025,0,0,0,17,0.000708451,10.1214,255,134.9,34.9516,69.5,85.5,131.5,197.5,255.5,0,284,2,150,28.5,54.5,66.5,-38.5065,38.101,-34.625,34.375,3.66362,15457,833,100,478
1706674968850021269,23994,23994,9037,14957,0,0,0,12,0.000500125,0,255,135.03,35.541,73.5,85.5,130.5,197.5,255.5,6,340,0,150,28.5,53.5,66.5,-38.09,38.5117,-34.625,34.625,3.29678,15457,867,100,396
1706674968949857380,23998,23998,8944,15054,0,0,0,17,0.000708392,22.9401,255,135.405,36.5885,72.5,85.5,131.5,202.5,255.5,0,293,0,150,28.5,54.5,67.5,-38.5085,38.1576,-34.625,34.375,3.18163,15458,916,100,428
1706674969049708291,23999,23999,8955,15044,0,0,0,11,0.000458352,0,255,135.588,36.3139,72.5,85.5,131.5,201.5,255.5,5,360,0,150,28.5,55.5,69.5,-38.2116,38.4956,-34.375,34.625,3.15551,15459,944,100,405
1706674969149556112,23997,23997,9039,14958,0,0,0,17,0.000708422,24.9524,255,136.251,36.38,74.5,86.5,131.5,203.5,255.5,0,397,3,150,28.5,55.5,69.5,-38.4812,38.2767,-34.125,34.375,3.12108,15459,837,100,401
1706674969250186308,23992,23992,9052,14940,0,0,0,14,0.000583528,0,255,135.563,35.8924,71.5,84.5,132.5,200.5,255.5,7,305,0,150,28.5,54.5,68.5,-38.3215,38.4492,-34.375,34.125,3.09615,15459,790,100,480
1706674969350025050,23998,23998,9041,14957,0,0,0,15,0.000625052,0,255,136.151,36.4448,72.5,85.5,132.5,202.5,255.5,5,329,0,150,28.5,54.5,68.5,-38.4208,38.3624,-34.125,34.125,3.07241,15460,785,100,402
1706674969449860356,23997,23997,9063,14934,0,0,0,15,0.000625078,25.1465,255,136.507,36.8491,72.5,85.5,132.5,201.5,255.5,0,329,0,150,29.5,55.5,69.5,-38.3953,37.6007,-34.125,33.625,3.11633,15460,728,100,438
1706674969549711832,23999,23999,9155,14844,0,0,0,0,0,36.3962,255,135.817,37.2471,71.5,84.5,131.5,203.5,255.5,0,568,5,150,29.5,54.5,68.5,-37.6038,38.4012,-33.625,34.125,3.11515,15460,700,100,451
1706674969649555607,23996,23996,9143,14853,0,0,0,15,0.000625104,25.6185,255,135.977,37.1236,70.5,84.5,132.5,202.5,255.5,0,465,0,150,29.5,55.5,70.5,-38.3594,38.4253,-34.125,34.125,3.33003,15460,720,100,424
1706674969750191588,23995,23995,9019,14976,0,0,0,17,0.000708481,0,255,136.186,36.2559,73.5,85.5,131.5,200.5,255.5,3,399,0,150,29.5,55.5,71.5,-38.465,38.3124,-34.125,34.375,3.73723,15460,664,100,437
1706674969850022374,23996,23996,8914,15082,0,0,0,13,0.000541757,38.8192,255,136.731,36.4909,72.5,85.5,132.5,202.5,255.5,0,344,8,150,29.5,54.5,69.5,-38.2538,38.4863,-34.375,34.625,3.20418,15460,672,100,488
1706674969949859577,23994,23994,8868,15126,0,0,0,17,0.00070851,0,255,136.121,36.5453,72.5,85.5,131.5,201.5,255.5,1,421,0,150,29.5,53.5,67.5,-38.4996,38.2024,-34.625,34.375,3.32646,15460,718,100,461
1706674970049708826,23992,23992,8904,15088,0,0,0,10,0.000416806,39.0182,255,136.016,36.7702,72.5,84.5,131.5,201.5,255.5,0,423,6,150,29.5,53.5,66.5,-38.1439,38.5108,-34.375,34.625,3.28729,15460,755,100,389
1706674970149555787,23994,23994,9071,14923,0,0,0,18,0.000750188,28.0103,255,136.005,35.959,72.5,84.5,132.5,200.5,255.5,0,337,0,150,29.5,52.5,66.5,-38.5146,38.0859,-34.625,34.375,3.1472,15461,759,100,425
1706674970250190048,23998,23998,8962,15036,0,0,0,9,0.000375031,33.764,255,136.696,36.81,73.5,85.5,132.5,203.5,255.5,0,330,5,150,29.5,51.5,67.5,-38.1348,38.5112,-34.375,34.625,3.04629,15461,843,100,411
1706674970350037159,23997,23997,9019,14978,0,0,0,17,0.000708422,28.3666,255,135.826,35.8158,72.5,86.5,131.5,200.5,246.5,0,226,3,150,28.5,50.5,63.5,-38.5,38.2097,-34.125,34.375,3.09853,15462,793,100,347
1706674970449873392,23997,23997,9050,14947,0,0,0,13,0.000541734,4.9536,255,135.867,36.2515,72.5,84.5,131.5,201.5,255.5,0,324,1,150,28.5,50.5,65.5,-38.2654,38.4747,-34.875,34.125,3.20893,15462,695,100,419
1706674970549710115,23999,23999,9093,14906,0,0,0,16,0.000666694,28.4699,255,135.768,34.8546,72.5,86.5,132.5,195.5,253.5,0,234,8,150,29.5,51.5,65.5,-38.4665,38.3057,-34.375,34.125,3.16145,15463,610,100,462
1706674970649528481,24000,24000,9093,14907,0,0,0,14,0.000583333,28.3628,255,135.777,35.7563,70.5,86.5,132.5,199.5,255.5,0,284,6,150,29.5,52.5,64.5,-38.3588,37.7306,-34.125,33.875,3.19587,15463,525,100,644
1706674970750162796,24000,24000,9104,14896,0,0,0,0,0,18.5082,255,136.912,35.4355,73.5,87.5,133.5,197.5,255.5,0,344,6,150,29.5,52.5,66.5,-37.6402,38.4349,-33.625,34.125,3.08784,15463,504,100,781
1706674970849998314,24000,24000,9118,14882,0,0,0,16,0.000666667,27.3565,255,137.376,36.7492,73.5,85.5,133.5,202.5,255.5,0,416,7,150,29.5,52.5,65.5,-38.4076,38.3913,-34.125,34.125,3.1104,15464,527,100,727
1706674970949827573,24000,24000,9031,14969,0,0,0,16,0.000666667,39.7157,255,137.554,36.5648,71.5,87.5,133.5,203.5,255.5,0,415,7,150,29.5,52.5,64.5,-38.4217,38.365,-34.125,34.625,3.17451,15464,506,100,892
1706674971049668017,24000,24000,8992,15008,0,0,0,14,0.000583333,19.6775,255,136.549,36.2714,72.5,86.5,131.5,202.5,255.5,0,347,6,150,30.5,52.5,68.5,-38.3216,38.4528,-34.375,34.625,3.00474,15464,511,100,848
1706674971149508738,24000,24000,8862,15138,0,0,0,17,0.000708333,33.0059,255,136.022,36.2912,72.5,86.5,131.5,199.5,255.5,0,438,5,150,29.5,52.5,69.5,-38.4819,38.2802,-34.625,34.625,3.0178,15464,583,100,612
1706674971250152159,23998,23998,8894,15104,0,0,0,12,0.000500042,14.9555,255,136.69,36.4097,74.5,85.5,132.5,200.5,255.5,0,386,3,150,29.5,52.5,69.5,-38.2277,38.4859,-34.375,34.625,3.18044,15464,658,100,456
1706674971349991135,23997,23997,8945,15052,0,0,0,18,0.000750094,30.6048,255,136.885,36.7081,71.5,85.5,132.5,201.5,255.5,0,381,1,150,29.5,52.5,66.5,-38.5088,38.1669,-34.625,34.375,3.01898,15465,774,100,360
1706674971449820286,23999,23999,9114,14885,0,0,0,11,0.000458352,23.3583,255,136.983,36.503,70.5,84.5,133.5,199.5,255.5,0,352,3,150,30.5,52.5,64.5,-38.1026,38.5077,-34.375,34.625,3.00949,15465,828,100,367
1706674971549667682,23999,23999,8994,15005,0,0,0,18,0.000750031,0,255,137.122,37.1179,69.5,85.5,133.5,200.5,255.5,4,385,0,151,30.5,52.5,64.5,-38.5118,38.0911,-34.125,34.375,3.22199,15465,771,100,334
1706674971649498091,23996,23996,9068,14928,0,0,0,10,0.000416736,4.85374,255,137.376,37.4629,67.5,85.5,132.5,204.5,255.5,0,316,0,150,30.5,53.5,67.5,-38.1538,38.5106,-33.875,34.125,3.32053,15465,723,100,389
1706674971750138110,23998,23998,9054,14944,0,0,0,17,0.000708392,19.5962,255,136.581,36.1176,71.5,86.5,132.5,199.5,255.5,0,318,6,150,30.5,53.5,66.5,-38.4906,38.2197,-35.125,33.875,3.17095,15465,680,100,382
1706674971849970288,24000,24000,9061,14939,0,0,0,13,0.000541667,24.8233,255,136.599,36.2204,70.5,86.5,133.5,198.5,255.5,0,353,6,150,30.5,54.5,67.5,-38.2695,37.8672,-33.875,33.875,3.29679,15465,601,100,344
1706674971949804600,23999,23999,9072,14927,0,0,0,0,0,34.8789,255,137.163,36.1473,72.5,85.5,133.5,200.5,255.5,0,378,6,150,31.5,55.5,71.5,-37.8041,38.4782,-33.875,34.125,3.10447,15465,584,100,528
1706674972049640204,23995,23995,9077,14918,0,0,0,16,0.000666806,37.1447,255,137.438,36.5761,72.5,86.5,133.5,201.5,255.5,0,458,6,150,31.5,54.5,69.5,-38.451,38.3213,-34.125,34.125,3.18401,15465,623,100,443
1706674972149887143,24000,24000,9076,14924,0,0,0,15,0.000625,32.0028,255,138.002,35.5155,74.5,87.5,134.5,200.5,255.5,0,307,8,150,31.5,55.5,68.5,-38.3669,38.4229,-34.125,34.625,3.16501,15465,623,100,462
1706674972249732106,23994,23994,8945,15049,0,0,0,15,0.000625156,19.4541,255,136.672,35.39,74.5,86.5,133.5,200.5,255.5,0,311,4,150,31.5,54.5,68.5,-38.3842,38.4044,-34.375,34.625,3.18163,15465,682,100,414
1706674972349583660,23998,23998,8877,15121,0,0,0,16,0.000666722,30.4151,255,137.671,35.5701,74.5,87.5,133.5,198.5,255.5,0,338,2,150,31.5,55.5,69.5,-38.4387,38.3512,-34.625,34.375,3.16739,15465,714,100,395
1706674972449818510,23998,23998,8929,15069,0,0,0,14,0.000583382,24.6462,255,137.962,36.0971,73.5,87.5,133.5,202.5,255.5,0,389,6,150,31.5,55.5,72.5,-38.3191,38.4581,-34.625,34.625,3.02136,15465,682,100,410
1706674972549666815,23999,23999,8940,15059,0,0,0,17,0.000708363,0,255,137.573,36.2567,72.5,86.5,134.5,202.5,255.5,1,399,0,150,31.5,56.5,75.5,-38.4781,38.2757,-34.625,34.375,3.54847,15465,701,100,395
1706674972649496804,24000,24000,9024,14976,0,0,0,12,0.0005,44.2069,255,137.48,36.4739,72.5,85.5,133.5,202.5,255.5,0,445,6,150,31.5,56.5,72.5,-38.2179,38.4962,-34.125,34.625,3.17688,15465,672,100,425
1706674972750128775,23997,23997,9039,14958,0,0,0,17,0.000708422,24.2283,255,137.341,35.9093,71.5,86.5,133.5,198.5,255.5,0,332,7,150,32.5,57.5,73.5,-38.5111,38.1428,-34.125,34.375,3.10328,15466,651,100,433
1706674972849947792,23998,23998,9087,14911,0,0,0,6,0.000250021,19.0476,255,138.149,35.5901,72.5,87.5,135.5,202.5,255.5,0,304,4,150,32.5,58.5,74.5,-38.0573,38.506,-33.875,34.125,3.1567,15466,542,100,754
1706674972949785912,24000,24000,9109,14891,0,0,0,6,0.00025,21.1003,255,137.259,35.2888,70.5,87.5,134.5,196.5,255.5,0,331,6,151,32.5,57.5,73.5,-38.065,38.1382,-34.125,34.125,3.1567,15466,506,100,837
1706674973049635462,24000,24000,9084,14916,0,0,0,29,0.00120833,20.7345,255,137.745,36.3255,71.5,85.5,133.5,202.5,255.5,0,410,5,150,32.5,58.5,73.5,-38.5124,37.9841,-35.125,33.875,3.43925,15466,490,100,780
1706674973149880061,24000,24000,9053,14947,0,0,0,0,0,29.9026,255,138.521,36.5809,75.5,88.5,134.5,203.5,255.5,0,535,6,150,33.5,58.5,73.5,-37.9068,38.5021,-33.875,34.125,3.0178,15466,439,100,1028
1706674973249707453,24000,24000,8999,15001,0,0,0,18,0.00075,27.7206,255,137.775,35.5489,73.5,88.5,133.5,200.5,255.5,0,410,5,150,33.5,58.5,70.5,-38.4847,38.2392,-34.125,34.125,2.96319,15467,450,100,1023
1706674973349552673,23999,23999,9089,14910,0,0,0,14,0.000583358,18.7449,255,137.566,34.7905,72.5,86.5,134.5,195.5,255.5,0,349,6,150,33.5,58.5,71.5,-38.2931,38.4676,-34.125,34.625,3.09259,15467,452,100,1007
1706674973450197534,24000,24000,8971,15029,0,0,0,16,0.000666667,24.1173,255,137.345,35.2199,70.5,87.5,133.5,196.5,255.5,0,367,5,150,33.5,57.5,69.5,-38.4304,38.3561,-34.625,34.375,2.89671,15468,450,100,1049
1706674973550038282,23999,23999,8874,15125,0,0,0,15,0.000625026,17.8587,255,136.815,34.7742,70.5,88.5,132.5,196.5,255.5,0,322,4,151,32.5,57.5,68.5,-38.385,38.4126,-34.375,34.625,3.00118,15468,508,100,724
1706674973649860818,24000,24000,8846,15154,0,0,0,15,0.000625,19.6277,255,136.55,35.4768,70.5,86.5,132.5,198.5,255.5,0,265,4,150,32.5,57.5,69.5,-38.388,38.4178,-34.375,34.625,3.03086,15468,625,100,549
1706674973749696303,24000,24000,8931,15069,0,0,0,16,0.000666667,33.9092,255,136.086,35.5318,71.5,86.5,132.5,198.5,255.5,0,330,6,150,32.5,57.5,69.5,-38.4467,38.3426,-34.625,34.625,3.13296,15468,714,100,360
1706674973849526332,23999,23999,9062,14937,0,0,0,13,0.000541689,32.1467,255,136.518,36.1702,70.5,85.5,131.5,199.5,255.5,0,401,4,150,32.5,58.5,71.5,-38.2907,38.4624,-34.125,34.625,3.08666,15468,754,100,382
1706674973950164435,24000,24000,9135,14865,0,0,0,17,0.000708333,0,255,137.049,35.8296,72.5,86.5,133.5,198.5,255.5,4,405,0,150,32.5,58.5,69.5,-38.4908,38.2376,-34.125,34.125,3.12465,15469,700,100,483
1706674974049984064,23999,23999,9071,14928,0,0,0,0,0,24.3406,255,136.68,35.0859,74.5,87.5,132.5,196.5,255.5,0,345,7,150,32.5,58.5,72.5,-37.9302,38.5062,-33.875,34.125,3.21843,15470,677,100,431
1706674974149827642,23997,23997,9067,14930,0,0,0,10,0.000416719,39.5953,255,136.761,35.4143,73.5,86.5,132.5,197.5,255.5,0,398,6,150,32.5,59.5,73.5,-38.1752,38.0019,-33.875,33.875,3.20894,15470,663,100,477
1706674974249663755,24000,24000,9069,14931,0,0,0,17,0.000708333,31.3154,255,136.898,35.575,72.5,86.5,133.5,198.5,255.5,0,404,6,151,32.5,59.5,72.5,-38.5063,38.1243,-34.125,34.125,3.00712,15470,628,100,409
1706674974349502149,24000,24000,9089,14911,0,0,0,13,0.000541667,34.5264,255,137.565,35.6892,74.5,88.5,133.5,199.5,255.5,0,404,5,151,33.5,60.5,75.5,-38.0633,38.5179,-34.875,34.125,3.07122,15471,592,100,609
1706674974450155339,24000,24000,9016,14984,0,0,0,17,0.000708333,38.9267,255,137.617,35.8792,72.5,87.5,134.5,199.5,255.5,0,448,5,150,33.5,60.5,75.5,-38.5031,38.1192,-34.125,34.375,3.30629,15471,587,100,468
1706674974549990976,24000,24000,8984,15016,0,0,0,11,0.000458333,28.4683,255,138.298,36.2205,75.5,87.5,133.5,203.5,255.5,0,446,7,151,33.5,61.5,75.5,-38.1884,38.5009,-34.125,34.625,3.40008,15472,551,100,564
1706674974649826264,24000,24000,9038,14962,0,0,0,17,0.000708333,31.0057,255,137.689,35.6546,74.5,86.5,134.5,198.5,255.5,0,324,5,152,33.5,60.5,73.5,-38.4891,38.2491,-34.625,34.375,3.25287,15472,584,100,618
1706674974749659726,24000,24000,8965,15035,0,0,0,14,0.000583333,41.1872,255,137.716,36.0421,73.5,88.5,133.5,201.5,255.5,0,446,6,152,32.5,60.5,72.5,-38.2991,38.472,-34.625,34.625,3.22675,15472,618,100,468
1706674974849900264,24000,24000,8895,15105,0,0,0,16,0.000666667,28.504,255,137.871,36.6766,73.5,86.5,133.5,204.5,255.5,0,393,6,150,33.5,60.5,74.5,-38.4472,38.3354,-34.625,34.375,3.16976,15472,653,100,405
1706674974949736346,24000,24000,8881,15119,0,0,0,15,0.000625,19.3261,255,136.54,35.4218,71.5,87.5,132.5,199.5,255.5,0,360,7,151,33.5,60.5,74.5,-38.3859,38.4119,-34.375,34.625,3.09735,15472,709,100,384
1706674975049572159,23997,23997,8988,15009,0,0,0,15,0.000625078,22.7944,255,137.539,37.0986,70.5,85.5,132.5,205.5,255.5,0,421,5,154,33.5,60.5,74.5,-38.3706,38.4226,-34.125,34.625,3.28848,15473,698,100,430
1706674975150214486,24000,24000,9101,14899,0,0,0,16,0.000666667,28.3237,255,137.063,35.11,70.5,87.5,133.5,199.5,255.5,0,285,5,151,33.5,60.5,75.5,-38.4516,38.329,-34.125,34.125,3.39414,15474,620,100,421
1706674975250052759,24000,24000,9186,14814,0,0,0,0,0,32.6393,255,137.452,35.3422,68.5,86.5,134.5,198.5,255.5,0,276,5,151,33.5,61.5,76.5,-37.758,38.4753,-33.875,34.125,3.25524,15474,527,100,618
1706674975349906111,24000,24000,9068,14932,0,0,0,13,0.000541667,34.9902,255,138.191,37.134,66.5,86.5,133.5,204.5,255.5,0,585,6,150,34.5,61.5,76.5,-38.294,37.8416,-34.125,33.875,3.28611,15474,499,100,697
1706674975449742632,24000,24000,9029,14971,0,0,0,17,0.000708333,23.0417,255,137.961,36.14,71.5,88.5,133.5,203.5,255.5,0,408,5,157,34.5,61.5,74.5,-38.4913,38.2461,-34.125,33.875,3.0463,15474,538,100,663
1706674975549591355,23999,23999,9010,14989,0,0,0,11,0.000458352,21.1237,255,136.732,35.2106,66.5,86.5,133.5,195.5,255.5,0,410,4,152,33.5,60.5,78.5,-38.178,38.5106,-34.375,34.125,3.15196,15474,617,100,528
1706674975649821190,23991,23991,9011,14980,0,0,0,17,0.000708599,23.0041,255,136.334,36.3008,63.5,84.5,132.5,199.5,255.5,0,327,4,157,33.5,60.5,74.5,-38.5077,38.1018,-34.375,34.375,3.20301,15474,598,100,528
1706674975749667445,23999,23999,9032,14967,0,0,0,12,0.000500021,35.8642,255,136.55,34.664,70.5,87.5,132.5,195.5,255.5,0,327,7,156,33.5,60.5,75.5,-38.1029,38.5132,-34.375,34.625,3.05817,15474,606,100,512
1706674975849510145,23996,23996,8948,15048,0,0,0,18,0.000750125,23.2779,255,135.933,34.6601,69.5,86.5,132.5,194.5,255.5,0,288,3,156,33.5,60.5,72.5,-38.5105,38.1602,-34.625,34.375,3.09022,15474,670,100,438
1706674975950125377,24000,24000,8939,15061,0,0,0,11,0.000458333,37.2299,255,136.179,34.926,69.5,86.5,132.5,195.5,255.5,0,350,6,157,32.5,60.5,72.5,-38.2018,38.4963,-34.375,34.625,3.12821,15474,619,100,431
1706674976049971753,24000,24000,8906,15094,0,0,0,17,0.000708333,15.5875,255,136.46,35.0287,69.5,86.5,132.5,197.5,255.5,0,299,3,158,32.5,60.5,72.5,-38.4839,38.258,-34.625,34.375,3.11278,15474,579,100,489
1706674976149814963,24000,24000,8992,15008,0,0,0,14,0.000583333,28.8009,255,136.545,35.431,70.5,86.5,132.5,196.5,255.5,0,449,6,156,32.5,60.5,74.5,-38.314,38.4647,-34.625,34.625,3.27424,15474,600,100,454
1706674976249649331,24000,24000,8986,15014,0,0,0,16,0.000666667,27.5381,255,137.174,36.2879,69.5,86.5,133.5,203.5,255.5,0,438,5,154,33.5,60.5,74.5,-38.4253,38.3593,-34.125,34.375,3.18995,15474,581,100,471
1706674976349885158,24000,24000,9091,14909,0,0,0,16,0.000666667,26.5936,255,136.978,35.1428,71.5,87.5,133.5,199.5,255.5,0,326,5,157,33.5,61.5,74.5,-38.4062,38.3919,-34.125,34.125,3.24812,15474,500,100,781
1706674976449729232,23999,23999,9151,14848,0,0,0,0,0,34.7435,255,137.608,35.6655,71.5,88.5,133.5,200.5,255.5,0,327,5,157,33.5,62.5,75.5,-37.6433,38.4414,-33.625,34.125,3.16264,15474,451,100,1076
1706674976549576387,24000,24000,9151,14849,0,0,0,14,0.000583333,24.5069,255,136.467,35.4321,69.5,85.5,132.5,197.5,255.5,0,398,5,158,34.5,62.5,75.5,-38.3428,37.7483,-34.125,33.875,3.23268,15474,419,100,1212
1706674976650207406,24000,24000,9062,14938,0,0,0,17,0.000708333,30.137,255,138.14,37.3823,68.5,85.5,133.5,205.5,255.5,0,618,5,158,34.5,62.5,76.5,-38.4682,38.2954,-34.125,34.125,3.36921,15474,396,100,1394
1706674976750061382,24000,24000,9003,14997,0,0,0,12,0.0005,27.483,255,137.752,36.8703,70.5,86.5,133.5,204.5,255.5,0,439,5,159,33.5,62.5,75.5,-38.2531,38.4843,-34.375,34.125,3.24218,15474,414,100,1214
1706674976849903011,24000,24000,8976,15024,0,0,0,17,0.000708333,21.855,255,137.506,36.316,71.5,87.5,132.5,201.5,255.5,0,516,4,160,33.5,61.5,74.5,-38.4945,38.2005,-34.625,34.375,3.06292,15474,406,100,1309
1706674976949749107,24000,24000,8995,15005,0,0,0,10,0.000416667,23.2122,255,137.793,36.3395,72.5,86.5,133.5,202.5,255.5,0,406,4,150,33.5,62.5,74.5,-38.1379,38.5106,-34.375,34.625,3.08785,15474,412,100,1272
1706674977049573222,24000,24000,9023,14977,0,0,0,18,0.00075,27.7493,255,137.439,36.7966,68.5,86.5,133.5,205.5,255.5,0,471,2,156,33.5,62.5,75.5,-38.5096,38.0848,-34.625,34.375,3.22319,15474,434,100,1124
1706674977150215872,24000,24000,9029,14971,0,0,0,10,0.000416667,21.4583,255,137.574,36.9288,69.5,86.5,133.5,203.5,255.5,0,504,4,163,32.5,62.5,76.5,-38.1049,38.5085,-34.375,34.625,2.93827,15474,447,100,1042
1706674977250050667,24000,24000,8951,15049,0,0,0,18,0.00075,29.8846,255,136.556,35.3245,70.5,86.5,132.5,199.5,255.5,0,348,5,170,31.5,62.5,76.5,-38.5063,38.1669,-34.625,34.375,2.99644,15474,495,100,776
1706674977349893279,24000,24000,8942,15058,0,0,0,12,0.0005,15.6698,255,136.987,36.8696,66.5,83.5,133.5,203.5,255.5,0,402,3,166,31.5,62.5,80.5,-38.2389,38.4878,-34.625,34.625,3.08785,15474,562,100,499
1706674977449729077,24000,24000,9006,14994,0,0,0,17,0.000708333,30.2215,255,136.912,38.3535,65.5,84.5,132.5,210.5,255.5,0,510,4,167,30.5,61.5,76.5,-38.4683,38.2982,-34.125,34.375,3.17689,15474,541,100,475
1706674977549562265,24000,24000,9085,14915,0,0,0,14,0.000583333,15.5007,255,136.525,37.1974,65.5,83.5,132.5,205.5,255.5,0,350,3,167,31.5,61.5,75.5,-38.3445,38.4431,-34.125,34.125,3.42739,15474,475,100,823
1706674977650215397,23999,23999,9160,14839,0,0,0,0,0,33.5689,255,137.263,36.9407,68.5,84.5,133.5,205.5,255.5,0,430,5,172,31.5,62.5,78.5,-37.6435,38.3781,-33.625,34.125,3.17096,15474,430,100,1167
1706674977750051394,23999,23999,9133,14866,0,0,0,16,0.000666694,20.6054,255,136.381,36.2772,66.5,84.5,132.5,200.5,255.5,0,452,2,189,32.5,63.5,82.5,-38.4133,37.5543,-34.125,33.625,3.21607,15476,381,100,1419
1706674977849891721,23999,23999,9048,14951,0,0,0,16,0.000666694,22.9716,255,137.939,37.2567,70.5,86.5,133.5,205.5,255.5,0,589,4,179,32.5,62.5,78.5,-38.419,38.3864,-34.125,34.125,3.23506,15476,335,100,1919
1706674977949727835,24000,24000,9006,14994,0,0,0,14,0.000583333,27.4356,255,137.148,37.2943,67.5,84.5,132.5,205.5,255.5,0,555,4,177,31.5,61.5,78.5,-38.3428,38.4421,-34.625,34.125,3.16977,15476,362,100,1751
1706674978049576194,24000,24000,8997,15003,0,0,0,16,0.000666667,27.003,255,137.291,36.8851,68.5,84.5,132.5,203.5,255.5,0,402,5,177,31.5,60.5,75.5,-38.4692,38.2921,-34.625,34.375,3.08073,15476,356,100,1709
1706674978150197227,23999,23999,8962,15037,0,0,0,11,0.000458352,23.6014,255,136.295,36.0759,68.5,84.5,132.5,200.5,255.5,0,324,4,206,30.5,59.5,74.5,-38.2343,38.4866,-34.375,34.625,3.03562,15476,385,100,1454
1706674978250045447,24000,24000,8989,15011,0,0,0,17,0.000708333,24.9371,255,135.619,37.2653,65.5,82.5,131.5,202.5,255.5,0,358,4,182,30.5,57.5,72.5,-38.5088,38.1857,-34.625,34.375,3.1116,15476,444,100,1128
1706674978349894279,24000,24000,8976,15024,0,0,0,10,0.000416667,28.8466,255,136.048,37.8667,67.5,81.5,132.5,205.5,255.5,0,410,6,181,29.5,56.5,71.5,-38.1243,38.514,-34.375,34.625,3.03087,15476,473,100,857
1706674978449734091,24000,24000,9048,14952,0,0,0,17,0.000708333,20.8217,255,134.939,37.18,67.5,80.5,131.5,203.5,255.5,0,337,4,193,29.5,55.5,69.5,-38.5043,38.0753,-34.625,34.375,3.07954,15476,559,100,507
1706674978549577590,24000,24000,9042,14958,0,0,0,10,0.000416667,21.2597,255,134.95,35.9381,68.5,81.5,131.5,197.5,251.5,0,215,4,179,28.5,54.5,66.5,-38.153,38.5078,-34.375,34.625,3.1021,15476,582,100,473
1706674978650211270,24000,24000,8990,15010,0,0,0,17,0.000708333,14.7064,255,134.214,36.4215,65.5,81.5,130.5,198.5,255.5,0,369,3,184,29.5,54.5,66.5,-38.4945,38.2058,-34.125,34.375,3.05817,15476,567,100,500
1706674978750044335,24000,24000,9046,14954,0,0,0,13,0.000541667,31.3753,255,135.17,36.291,66.5,82.5,131.5,199.5,255.5,0,267,5,200,29.5,55.5,67.5,-38.2616,38.4774,-33.875,34.125,3.16502,15477,527,100,515
1706674978849891065,24000,24000,9122,14878,0,0,0,0,0,21.9789,255,135.257,35.5631,64.5,83.5,132.5,194.5,255.5,0,311,3,193,29.5,55.5,69.5,-37.802,38.309,-33.875,34.125,3.0463,15477,489,100,760
1706674978949725703,24000,24000,9180,14820,0,0,0,16,0.000666667,27.4601,255,136.12,35.6182,68.5,84.5,133.5,197.5,255.5,0,292,4,244,29.5,56.5,67.5,-38.4566,37.7035,-34.125,33.875,3.14602,15477,499,100,678
1706674979049551895,24000,24000,9099,14901,0,0,0,15,0.000625,33.4969,255,136.278,36.0127,70.5,85.5,131.5,202.5,255.5,0,316,7,211,30.5,57.5,70.5,-38.3517,38.4372,-34.125,34.125,3.03324,15480,545,100,605
1706674979150191827,23998,23998,8957,15041,0,0,0,15,0.000625052,23.4417,255,137.671,39.0213,69.5,82.5,132.5,214.5,255.5,0,595,3,155,30.5,56.5,71.5,-38.4123,38.3856,-34.625,34.125,3.29324,15480,598,100,456
1706674979250030425,23999,23999,8931,15068,0,0,0,16,0.000666694,22.2996,255,136.983,38.6933,69.5,83.5,132.5,211.5,255.5,0,572,4,232,29.5,57.5,73.5,-38.4299,38.3578,-34.625,34.625,3.32766,15480,578,100,603
1706674979349873735,23998,23998,8928,15070,0,0,0,14,0.000583382,20.1324,255,137.494,38.3115,68.5,83.5,132.5,208.5,255.5,0,510,4,255,30.5,56.5,71.5,-38.3208,38.4511,-34.375,34.625,3.23269,15481,606,100,562
1706674979449716880,24000,24000,8956,15044,0,0,0,17,0.000708333,16.9231,255,137.352,37.8403,67.5,84.5,132.5,204.5,255.5,0,379,3,150,29.5,56.5,70.5,-38.481,38.277,-34.625,34.375,3.18876,15481,651,100,621
1706674979549544032,23998,23998,9024,14974,0,0,0,12,0.000500042,15.3797,255,137.362,37.1129,68.5,85.5,133.5,202.5,255.5,0,404,3,150,29.5,55.5,69.5,-38.2312,38.4803,-34.375,34.625,3.17333,15481,710,100,552
1706674979650189574,23994,23994,8963,15031,0,0,0,17,0.00070851,21.4618,255,137.376,37.1919,70.5,84.5,133.5,206.5,255.5,0,344,4,150,30.5,54.5,68.5,-38.4975,38.166,-34.625,34.375,3.18876,15482,755,100,512
1706674979750012485,24000,24000,9085,14915,0,0,0,13,0.000541667,20.4422,255,137.257,37.9636,68.5,83.5,133.5,208.5,255.5,0,361,3,150,30.5,53.5,66.5,-38.0843,38.508,-34.375,34.375,3.19826,15483,803,100,533
1706674979849867979,23998,23998,9062,14936,0,0,0,18,0.000750063,21.848,255,136.617,36.5151,70.5,85.5,133.5,201.5,255.5,0,347,4,150,30.5,53.5,67.5,-38.5141,38.1184,-34.125,34.875,3.16977,15485,671,100,472
1706674979949719402,24000,24000,9030,14970,0,0,0,10,0.000416667,9.22972,255,136.908,35.7199,72.5,85.5,133.5,200.5,255.5,0,282,2,150,30.5,53.5,69.5,-38.1815,38.5031,-34.125,34.125,3.16977,15485,587,100,593
1706674980049559108,23998,23998,9057,14941,0,0,0,0,0,14.4671,255,137.039,36.7022,70.5,85.5,134.5,201.5,255.5,0,393,3,150,31.5,54.5,69.5,-37.9193,38.2343,-33.875,33.875,3.13416,15486,558,100,712
1706674980150200216,24000,24000,9153,14847,0,0,0,17,0.000708333,13.6241,255,137.068,36.5107,69.5,85.5,134.5,200.5,255.5,0,373,3,150,31.5,55.5,76.5,-38.4972,37.862,-34.125,33.875,3.16146,15486,579,100,506
1706674980250045174,23999,23999,9109,14890,0,0,0,13,0.000541689,38.7436,255,137.225,36.8872,71.5,85.5,132.5,203.5,255.5,0,388,5,150,31.5,56.5,79.5,-38.2762,38.4793,-34.125,34.125,3.56629,15486,582,100,469
1706674980349877580,23996,23996,9035,14961,0,0,0,17,0.000708451,20.2111,255,137.894,36.2629,74.5,87.5,134.5,199.5,255.5,0,368,4,150,31.5,55.5,73.5,-38.4486,38.329,-34.625,34.125,3.1389,15486,566,100,563
1706674980449724857,24000,24000,8902,15098,0,0,0,14,0.000583333,13.9747,255,136.908,35.6801,72.5,87.5,133.5,198.5,255.5,0,262,3,150,32.5,57.5,76.5,-38.3755,38.4179,-34.625,34.625,3.03443,15486,585,100,585
1706674980549569086,23998,23998,8853,15145,0,0,0,15,0.000625052,20.2938,255,137.433,37.0858,70.5,86.5,133.5,202.5,255.5,0,322,4,150,31.5,57.5,77.5,-38.3831,38.4109,-34.375,34.625,2.80649,15486,695,100,489
1706674980650209233,23995,23995,8908,15087,0,0,0,16,0.000666806,9.31362,255,136.782,36.4047,71.5,85.5,133.5,200.5,255.5,0,371,2,150,31.5,57.5,72.5,-38.4382,38.3416,-34.625,34.625,3.00238,15486,787,100,464
1706674980750042308,23996,23996,9077,14919,0,0,0,13,0.000541757,13.474,255,136.809,36.0344,68.5,86.5,133.5,199.5,255.5,0,343,3,150,31.5,57.5,70.5,-38.3095,38.4638,-34.375,34.625,3.1484,15487,904,100,500
1706674980849874701,23995,23995,8994,15001,0,0,0,17,0.000708481,14.4974,255,136.626,36.8156,68.5,85.5,133.5,200.5,255.5,0,415,0,150,31.5,57.5,72.5,-38.4866,38.253,-34.625,34.125,3.10092,15487,912,100,434
1706674980949705699,23996,23996,9013,14983,0,0,0,10,0.000416736,22.347,255,137.468,36.6329,69.5,85.5,133.5,200.5,255.5,0,339,3,150,32.5,57.5,72.5,-38.1858,38.4919,-34.125,34.125,3.20776,15487,875,100,470
1706674981049553514,23996,23996,9072,14924,0,0,0,18,0.000750125,25.4024,255,136.378,35.1134,68.5,85.5,133.5,196.5,255.5,0,305,5,150,32.5,58.5,74.5,-38.5076,37.992,-34.125,34.125,3.25644,15487,750,100,533
1706674981150192413,23994,23994,9109,14885,0,0,0,6,0.000250063,33.9643,255,136.554,35.8048,67.5,85.5,133.5,199.5,255.5,0,275,0,150,33.5,59.5,74.5,-38.0652,38.515,-34.125,34.375,3.25287,15487,609,100,605
1706674981250043355,23998,23998,9113,14885,0,0,0,6,0.000250021,9.11992,255,137.392,36.8077,69.5,86.5,133.5,204.5,255.5,0,370,2,150,33.5,60.5,77.5,-38.0596,38.1234,-34.125,34.125,3.46894,15487,564,100,623
1706674981349883861,23998,23998,9040,14958,0,0,0,18,0.000750063,18.2868,255,137.477,36.4983,67.5,85.5,134.5,200.5,255.5,0,474,4,150,34.5,61.5,78.5,-38.5034,38,-34.125,33.875,3.34191,15487,585,100,531
1706674981449721391,24000,24000,9149,14851,0,0,0,10,0.000416667,27.9541,255,137.477,36.7605,67.5,85.5,133.5,201.5,255.5,0,470,3,150,34.5,61.5,77.5,-38.192,38.5036,-34.125,34.125,3.43214,15487,577,100,441
1706674981549561037,23998,23998,9038,14960,0,0,0,17,0.000708392,18.7839,255,137.81,35.9965,70.5,86.5,134.5,199.5,255.5,0,410,2,150,35.5,62.5,77.5,-38.4803,38.2373,-34.625,34.125,3.36566,15487,544,100,554
1706674981650192779,24000,24000,8973,15027,0,0,0,13,0.000541667,17.7558,255,138.342,36.1357,70.5,87.5,135.5,200.5,255.5,0,406,4,150,35.5,62.5,79.5,-38.2942,38.4692,-34.625,34.625,3.28255,15487,556,100,638
1706674981750028049,23997,23997,8853,15144,0,0,0,17,0.000708422,24.0052,255,137.943,36.5688,65.5,86.5,134.5,201.5,255.5,0,502,5,150,34.5,63.5,91.5,-38.4345,38.3503,-34.625,34.625,3.34547,15487,574,100,588
1706674981849865719,24000,24000,8888,15112,0,0,0,15,0.000625,17.6525,255,138.061,36.6778,62.5,85.5,135.5,202.5,255.5,0,461,4,150,34.5,63.5,86.5,-38.3837,38.4094,-34.625,34.625,3.50456,15487,560,100,585
1706674981949721817,23999,23999,8946,15053,0,0,0,14,0.000583358,27.9818,255,137.385,37.2518,63.5,85.5,133.5,206.5,255.5,0,441,4,150,34.5,63.5,82.5,-38.374,38.4232,-34.625,34.625,3.21251,15487,546,100,681
1706674982049556114,23998,23998,9126,14872,0,0,0,17,0.000708392,23.1886,255,137.208,36.4628,65.5,85.5,133.5,199.5,255.5,0,469,5,150,33.5,62.5,76.5,-38.4477,38.3282,-34.625,34.125,3.30986,15487,570,100,660
1706674982150178446,24000,24000,9031,14969,0,0,0,12,0.0005,17.9668,255,136.929,34.9091,66.5,86.5,134.5,195.5,255.5,0,332,4,150,34.5,61.5,73.5,-38.268,38.479,-34.125,34.125,3.22082,15488,546,100,627
1706674982250030468,24000,24000,9046,14954,0,0,0,17,0.000708333,14.0985,255,136.475,33.7672,67.5,87.5,134.5,191.5,255.5,0,295,3,150,34.5,61.5,72.5,-38.4904,37.8678,-34.125,33.875,3.3526,15488,471,100,767
1706674982349866923,24000,24000,9100,14900,0,0,0,0,0,18.9236,255,136.52,33.7509,68.5,86.5,134.5,192.5,245.5,0,232,4,150,34.5,61.5,72.5,-37.954,38.5034,-33.875,34.625,3.24694,15488,413,100,1205
1706674982449714042,24000,24000,9119,14881,0,0,0,10,0.000416667,18.1567,255,137.025,34.5936,70.5,85.5,134.5,198.5,255.5,0,267,4,150,34.5,61.5,72.5,-38.1531,38.4832,-33.875,34.625,3.3526,15488,391,100,1208
1706674982549561201,24000,24000,9077,14923,0,0,0,18,0.00075,22.5365,255,136.738,34.791,69.5,84.5,133.5,196.5,255.5,0,259,5,150,34.5,61.5,71.5,-38.5055,38.0916,-34.125,33.875,3.36803,15489,439,100,975
1706674982650188197,24000,24000,9111,14889,0,0,0,12,0.0005,18.1399,255,136.402,35.0181,69.5,85.5,133.5,195.5,255.5,0,355,4,151,34.5,61.5,72.5,-38.0942,38.5113,-34.375,34.125,3.47844,15489,450,100,844
1706674982750023728,24000,24000,9045,14955,0,0,0,17,0.000708333,24.1314,255,137.138,35.7721,67.5,84.5,133.5,197.5,255.5,0,374,5,150,34.5,61.5,73.5,-38.5106,38.1624,-34.625,34.125,4.14327,15489,422,100,900
1706674982849872892,24000,24000,8928,15072,0,0,0,12,0.0005,18.6087,255,137.129,36.5764,68.5,84.5,133.5,199.5,255.5,0,387,4,150,33.5,62.5,73.5,-38.215,38.4939,-34.375,34.625,4.01624,15489,458,100,863
1706674982949707175,24000,24000,8884,15116,0,0,0,17,0.000708333,24.3975,255,136.823,36.3696,68.5,84.5,133.5,200.5,255.5,0,370,5,150,33.5,62.5,75.5,-38.4681,38.2771,-34.625,34.375,3.66127,15489,455,100,860
1706674983049542229,24000,24000,8902,15098,0,0,0,15,0.000625,21.9901,255,136.828,36.3746,65.5,84.5,133.5,201.5,255.5,0,244,4,150,33.5,62.5,76.5,-38.3284,38.4444,-34.375,34.625,3.6672,15489,473,100,772
1706674983150179019,23999,23999,8942,15057,0,0,0,16,0.000666694,18.6947,255,136.948,35.7516,62.5,84.5,134.5,198.5,252.5,0,234,4,150,32.5,62.5,77.5,-38.424,38.3804,-34.625,34.625,3.42621,15489,459,100,833
1706674983250025272,24000,24000,9033,14967,0,0,0,15,0.000625,15.6293,255,137.635,35.6356,69.5,85.5,134.5,199.5,255.5,0,281,4,150,33.5,62.5,77.5,-38.4164,38.3875,-34.625,34.125,3.45114,15489,419,100,1138
1706674983349856636,24000,24000,9125,14875,0,0,0,14,0.000583333,18.8764,255,137.18,36.2291,65.5,85.5,133.5,202.5,255.5,0,273,4,150,33.5,63.5,77.5,-38.3469,38.4422,-34.125,34.125,3.36091,15489,393,100,1325
1706674983449700219,24000,24000,9084,14916,0,0,0,16,0.000666667,18.8724,255,137.704,35.4281,70.5,87.5,134.5,198.5,255.5,0,350,4,150,33.5,62.5,76.5,-38.4645,37.7338,-34.125,33.875,3.44639,15489,339,100,1546
1706674983549522679,23999,23999,9089,14910,0,0,0,0,0,19.7262,255,137.628,36.8876,65.5,86.5,134.5,200.5,255.5,0,364,4,150,34.5,62.5,76.5,-37.8208,38.3071,-33.875,34.125,3.34548,15490,313,100,1865
1706674983650153769,24000,24000,9066,14934,0,0,0,12,0.0005,29.3221,255,137.798,34.9931,72.5,86.5,134.5,197.5,255.5,0,272,6,150,33.5,63.5,78.5,-38.2576,38.4757,-33.875,35.125,3.07955,15490,325,100,1745
1706674983750001142,24000,24000,9033,14967,0,0,0,17,0.000708333,23.3422,255,137.12,35.5554,67.5,85.5,134.5,198.5,255.5,0,252,4,150,33.5,62.5,76.5,-38.4949,38.204,-34.125,34.125,3.17808,15490,345,100,1550
1706674983849839736,24000,24000,8987,15013,0,0,0,9,0.000375,18.9657,255,137.333,36.1344,70.5,85.5,134.5,198.5,255.5,0,337,4,150,33.5,63.5,80.5,-38.1297,38.5032,-34.375,34.125,3.10685,15490,349,100,1625
1706674983949690887,23999,23999,9053,14946,0,0,0,18,0.000750031,23.6361,255,137.542,35.5742,70.5,86.5,134.5,197.5,255.5,0,337,4,150,33.5,64.5,80.5,-38.5074,38.0717,-34.625,34.375,3.038,15490,377,100,1393
1706674984049535281,23999,23999,9030,14969,0,0,0,9,0.000375016,23.0536,255,138.344,37.5714,66.5,85.5,134.5,204.5,255.5,0,389,5,150,33.5,63.5,79.5,-38.1208,38.5067,-34.375,34.625,3.17096,15490,406,100,1219
1706674984150175665,24000,24000,8864,15136,0,0,0,17,0.000708333,24.0987,255,138.599,37.1481,68.5,86.5,135.5,206.5,255.5,0,363,5,150,33.5,62.5,79.5,-38.5008,38.1893,-34.625,34.375,3.15197,15490,463,100,923
1706674984250006292,24000,24000,8884,15116,0,0,0,12,0.0005,23.0064,255,137.957,36.7146,68.5,85.5,134.5,205.5,255.5,0,341,5,150,33.5,61.5,78.5,-38.2506,38.484,-34.375,34.625,3.04037,15490,502,100,732
1706674984349844561,24000,24000,8977,15023,0,0,0,17,0.000708333,27.5574,255,138.84,38.1394,67.5,85.5,135.5,211.5,255.5,0,446,6,150,32.5,60.5,79.5,-38.4631,38.3084,-34.625,34.625,3.31224,15490,493,100,772
1706674984449699316,24000,24000,9055,14945,0,0,0,15,0.000625,23.6906,255,138.311,35.7998,72.5,87.5,134.5,203.5,255.5,0,243,5,150,33.5,60.5,80.5,-38.3476,38.4364,-34.625,34.125,3.3063,15490,442,100,956
1706674984549543898,23999,23999,9090,14909,0,0,0,15,0.000625026,23.8912,255,138.103,34.5587,72.5,87.5,135.5,197.5,255.5,0,252,5,150,33.5,60.5,79.5,-38.4177,38.3828,-34.125,34.125,3.32886,15491,409,100,1196
1706674984650188542,24000,24000,9059,14941,0,0,0,16,0.000666667,29.0137,255,138.238,36.1333,69.5,87.5,135.5,199.5,255.5,0,337,5,150,34.5,60.5,77.5,-38.4167,37.5659,-34.125,33.625,3.47369,15492,345,100,1506
1706674984750028960,23999,23999,9059,14940,0,0,0,0,0,28.2532,255,139.158,36.9881,72.5,87.5,135.5,206.5,255.5,0,521,6,151,34.5,61.5,77.5,-37.6751,38.38,-33.625,34.125,3.39059,15492,345,100,1426
1706674984849844411,24000,24000,9081,14919,0,0,0,14,0.000583333,29.1108,255,138.143,35.6096,68.5,86.5,135.5,199.5,255.5,0,358,6,150,35.5,61.5,79.5,-38.3237,38.4573,-34.125,34.125,3.54018,15492,345,100,1385
1706674984949704475,24000,24000,9026,14974,0,0,0,17,0.000708333,28.573,255,139.081,36.2013,71.5,88.5,134.5,200.5,255.5,0,535,5,150,35.5,61.5,78.5,-38.4725,38.275,-34.125,34.875,3.2695,15492,331,100,1541
1706674985049545914,24000,24000,9005,14995,0,0,0,11,0.000458333,28.8516,255,138.483,35.4398,73.5,88.5,135.5,203.5,255.5,0,358,6,150,35.5,61.5,80.5,-38.2244,38.4871,-34.375,34.375,3.18165,15493,351,100,1558
1706674985150187215,24000,24000,8967,15033,0,0,0,17,0.000708333,28.5344,255,138.967,36.3583,71.5,87.5,135.5,204.5,255.5,0,508,6,150,36.5,62.5,88.5,-38.4999,38.1486,-34.625,34.375,3.46776,15493,354,100,1488
1706674985250030107,24000,24000,9066,14934,0,0,0,12,0.0005,28.1879,255,139.07,36.0538,74.5,88.5,135.5,206.5,255.5,0,409,6,150,36.5,62.5,82.5,-38.108,38.5106,-34.375,34.625,3.5936,15493,370,100,1338
1706674985349862818,24000,24000,8965,15035,0,0,0,18,0.00075,28.8044,255,138.62,35.5802,73.5,88.5,135.5,200.5,255.5,0,422,6,150,35.5,61.5,76.5,-38.5172,38.0954,-34.625,34.375,3.45945,15493,395,100,1179
1706674985449703655,24000,24000,8913,15087,0,0,0,9,0.000375,23.7668,255,138.789,37.0523,69.5,87.5,135.5,205.5,255.5,0,453,5,150,35.5,61.5,76.5,-38.1526,38.5007,-34.375,34.625,3.47845,15493,411,100,1196
1706674985549557634,24000,24000,8889,15111,0,0,0,17,0.000708333,31.1552,255,137.826,34.2538,71.5,87.5,134.5,197.5,255.5,0,263,6,150,36.5,61.5,75.5,-38.4965,38.2244,-34.625,34.375,3.19827,15494,373,100,1269
1706674985650196794,24000,24000,9051,14949,0,0,0,13,0.000541667,29.4379,255,138.409,34.7836,71.5,88.5,135.5,199.5,252.5,0,237,6,150,36.5,62.5,75.5,-38.2951,38.4662,-34.375,34.125,3.56036,15494,340,100,1453
1706674985750026793,24000,24000,9141,14859,0,0,0,16,0.000666667,23.8095,255,137.831,34.7785,70.5,87.5,135.5,197.5,242.5,0,207,6,150,36.5,62.5,78.5,-38.448,38.3281,-34.125,34.125,3.31224,15494,328,100,1809
1706674985849856620,24000,24000,9169,14831,0,0,0,15,0.000625,28.0708,255,138.441,34.6518,72.5,87.5,135.5,198.5,255.5,0,346,6,150,37.5,62.5,77.5,-38.3643,37.672,-34.125,33.625,3.35973,15494,313,100,1820
1706674985949702497,23999,23999,9082,14917,0,0,0,0,0,29.255,255,138.434,35.6709,72.5,87.5,135.5,201.5,255.5,0,429,6,151,37.5,62.5,75.5,-37.5894,38.4311,-33.625,34.125,3.33717,15494,306,100,1922
1706674986049537400,24000,24000,9021,14979,0,0,0,16,0.000666667,26.1438,255,138.504,35.8236,73.5,87.5,135.5,198.5,255.5,0,487,6,150,37.5,62.5,75.5,-38.3903,38.4021,-34.125,34.125,3.39416,15494,300,100,1832
1706674986150181890,23999,23999,9040,14959,0,0,0,16,0.000666694,25.5154,255,138.299,34.479,72.5,87.5,135.5,197.5,255.5,0,353,6,151,37.5,62.5,74.5,-38.4428,38.3522,-34.125,34.625,3.29087,15494,301,100,1829
1706674986250014405,24000,24000,9038,14962,0,0,0,13,0.000541667,27.9878,255,138.097,35.0544,68.5,86.5,135.5,197.5,255.5,0,343,6,150,37.5,63.5,79.5,-38.2874,38.4765,-34.375,34.625,3.00713,15494,323,100,1637
1706674986349864827,24000,24000,8968,15032,0,0,0,17,0.000708333,29.7308,255,138.621,35.2005,72.5,88.5,135.5,198.5,255.5,0,419,5,150,37.5,65.5,79.5,-38.4883,38.2423,-34.625,34.375,3.21489,15494,345,100,1572
1706674986449702697,24000,24000,8925,15075,0,0,0,10,0.000416667,33.8631,255,139.028,36.648,69.5,87.5,134.5,205.5,255.5,0,511,6,150,37.5,64.5,78.5,-38.1791,38.5092,-34.375,34.625,3.26001,15494,351,100,1587
1706674986549548799,24000,24000,9014,14986,0,0,0,17,0.000708333,32.4312,255,136.853,34.0542,67.5,87.5,134.5,195.5,255.5,0,277,6,150,36.5,65.5,80.5,-38.5123,38.1278,-34.625,34.375,5.43374,15494,385,100,1369
1706674986650196256,24000,24000,8972,15028,0,0,0,11,0.000458333,25.4609,255,138.073,35.0281,68.5,87.5,134.5,199.5,255.5,0,268,6,150,36.5,65.5,81.5,-38.0847,38.511,-34.375,34.625,3.16978,15495,384,100,1350
1706674986750032598,23998,23998,8978,15020,0,0,0,18,0.000750063,32.581,255,138.337,34.4799,67.5,88.5,135.5,196.5,255.5,0,305,7,150,37.5,65.5,81.5,-38.5073,38.1493,-34.625,34.375,3.12467,15495,371,100,1449
1706674986849873850,24000,24000,9001,14999,0,0,0,11,0.000458333,26.0147,255,137.858,33.4294,66.5,89.5,135.5,194.5,247.5,0,231,6,150,37.5,65.5,81.5,-38.1959,38.498,-34.375,34.125,3.0938,15495,330,100,1760
1706674986949713499,24000,24000,9073,14927,0,0,0,17,0.000708333,25.6571,255,138.993,36.0511,64.5,88.5,135.5,202.5,255.5,0,480,6,150,37.5,65.5,81.5,-38.4814,38.2633,-34.125,33.875,3.12467,15495,297,100,2027
1706674987049554714,24000,24000,9180,14820,0,0,0,14,0.000583333,24.3187,255,138.061,34.0498,59.5,88.5,136.5,196.5,251.5,0,221,7,150,37.5,65.5,81.5,-38.3054,37.8184,-34.125,33.875,3.14841,15495,336,100,1783
1706674987150179575,23999,23999,9153,14846,0,0,0,0,0,26.0806,255,138.341,36.1916,57.5,87.5,134.5,201.5,255.5,0,418,7,150,36.5,64.5,83.5,-37.7212,38.456,-33.875,34.125,3.32055,15495,349,100,1680
1706674987250031890,24000,24000,9029,14971,0,0,0,16,0.000666667,29.2586,255,138.964,36.7035,56.5,87.5,135.5,202.5,255.5,0,438,5,150,37.5,65.5,83.5,-38.4295,38.3536,-34.125,34.125,3.18877,15495,340,100,1710
1706674987349882767,23999,23999,8977,15022,0,0,0,15,0.000625026,28.8693,255,139.582,36.1682,59.5,88.5,136.5,201.5,255.5,0,414,7,150,37.5,65.5,83.5,-38.3929,38.405,-34.125,34.375,3.08193,15495,338,100,1736
1706674987449723643,23999,23999,8930,15069,0,0,0,15,0.000625026,21.5305,255,138.768,35.6118,51.5,88.5,135.5,197.5,255.5,0,424,7,150,37.5,64.5,81.5,-38.3638,38.4294,-34.625,34.625,3.03919,15495,367,100,1612
1706674987549561489,23999,23999,8982,15017,0,0,0,17,0.000708363,27.3488,255,138.849,36.6564,47.5,87.5,136.5,202.5,255.5,0,369,6,150,37.5,65.5,80.5,-38.4523,38.3268,-34.625,34.625,3.19471,15496,358,100,1648
1706674987650206950,24000,24000,8975,15025,0,0,0,13,0.000541667,27.5779,255,139.181,37.4444,44.5,87.5,135.5,205.5,255.5,0,417,6,150,37.5,64.5,81.5,-38.2776,38.4716,-34.375,34.625,3.26238,15496,372,100,1521
1706674987750040568,24000,24000,8924,15076,0,0,0,17,0.000708333,24.2583,255,139.277,39.3421,40.5,86.5,135.5,207.5,255.5,0,487,6,150,37.5,64.5,78.5,-38.4963,38.2163,-34.625,34.375,3.17097,15496,369,100,1384
1706674987849878214,24000,24000,8988,15012,0,0,0,10,0.000416667,21.122,255,139.043,39.2445,37.5,84.5,136.5,208.5,255.5,0,454,6,150,37.5,64.5,80.5,-38.1543,38.5063,-34.375,34.625,3.28256,15496,348,100,1534
1706674987949715070,24000,24000,9034,14966,0,0,0,17,0.000708333,26.7893,255,139.182,37.975,37.5,87.5,135.5,201.5,255.5,0,345,7,150,37.5,64.5,80.5,-38.5053,38.0832,-34.625,34.375,3.4001,15496,303,100,1976
1706674988049547261,24000,24000,9020,14980,0,0,0,11,0.000458333,26.129,255,139.064,39.5351,36.5,84.5,136.5,207.5,255.5,0,362,6,150,38.5,65.5,81.5,-38.1137,38.5084,-34.375,34.125,3.3538,15496,275,100,2194
1706674988150170895,23999,23999,9054,14945,0,0,0,17,0.000708363,24.6715,255,139.138,42.1628,33.5,80.5,136.5,213.5,255.5,0,711,6,150,38.5,66.5,84.5,-38.5022,38.1668,-34.125,33.875,3.0665,15496,270,100,2324
1706674988250012202,24000,24000,9146,14854,0,0,0,11,0.000458333,24.4447,255,140.512,41.6524,30.5,82.5,136.5,219.5,255.5,0,560,5,150,37.5,66.5,86.5,-38.224,37.952,-33.875,33.875,3.19115,15496,271,100,2212
1706674988349871139,24000,24000,9135,14865,0,0,0,0,0,21.8579,255,139.341,44.2347,29.5,70.5,136.5,225.5,255.5,0,766,6,150,37.5,67.5,88.5,-37.8591,38.4897,-33.875,34.125,3.18047,15496,275,100,2276
1706674988449707493,24000,24000,9100,14900,0,0,0,17,0.000708333,23.4132,255,138.278,44.7441,27.5,56.5,136.5,222.5,255.5,0,599,6,150,36.5,65.5,82.5,-38.4706,38.2761,-34.125,34.125,3.00833,15496,278,100,2245
1706674988549557669,24000,24000,9004,14996,0,0,0,14,0.000583333,24.8014,255,134.31,44.2398,29.5,36.5,133.5,204.5,255.5,0,333,5,150,34.5,62.5,73.5,-38.3251,38.4559,-34.125,34.625,3.15791,15497,295,100,2078
1706674988650182492,24000,24000,8927,15073,0,0,0,16,0.000666667,21.8547,255,134.768,42.9445,28.5,38.5,135.5,203.5,255.5,0,277,6,150,35.5,63.5,77.5,-38.4235,38.3697,-34.625,34.375,3.02257,15497,308,100,1999
1706674988750026653,23999,23999,8896,15103,0,0,0,16,0.000666694,23.7485,255,135.706,45.0283,27.5,36.5,136.5,209.5,255.5,0,433,5,150,34.5,63.5,77.5,-38.4093,38.3907,-34.625,34.375,3.23864,15497,328,100,1765
1706674988849872665,24000,24000,9011,14989,0,0,0,14,0.000583333,21.2056,255,138.062,44.8942,25.5,46.5,137.5,214.5,255.5,0,562,5,150,35.5,63.5,76.5,-38.3408,38.4439,-34.625,34.625,3.21846,15497,349,100,1598
1706674988949720788,24000,24000,9010,14990,0,0,0,17,0.000708333,19.0297,255,137.892,44.7308,26.5,47.5,136.5,210.5,255.5,0,555,5,150,35.5,65.5,80.5,-38.4636,38.2946,-34.625,34.375,3.50694,15497,318,100,1820
1706674989049560787,23999,23999,8977,15022,0,0,0,13,0.000541689,19.3732,255,139.123,44.9953,25.5,56.5,137.5,217.5,255.5,0,500,5,150,36.5,65.5,81.5,-38.2366,38.4884,-34.125,34.625,3.24932,15497,274,100,2275
1706674989150196910,23999,23999,8997,15002,0,0,0,17,0.000708363,18.8625,255,138.679,44.5799,24.5,51.5,137.5,215.5,255.5,0,529,4,150,36.5,65.5,81.5,-38.5009,38.1772,-34.875,34.375,3.20777,15498,253,100,2304
1706674989250015561,24000,24000,9048,14952,0,0,0,9,0.000375,18.7058,255,138.611,45.9038,22.5,44.5,136.5,219.5,255.5,0,592,4,150,37.5,65.5,82.5,-38.1287,38.5054,-34.375,34.125,3.19828,15498,223,100,2485
1706674989349853201,24000,24000,9070,14930,0,0,0,17,0.000708333,18.4101,255,139.056,47.4356,22.5,40.5,138.5,222.5,255.5,0,849,4,150,37.5,66.5,83.5,-38.5067,38.0577,-34.125,33.875,3.1033,15498,215,100,2548
1706674989449697498,24000,24000,9097,14903,0,0,0,9,0.000375,18.3266,255,139.125,46.6059,22.5,43.5,137.5,221.5,255.5,0,621,5,150,37.5,67.5,84.5,-38.1331,38.0691,-34.125,34.125,3.08074,15498,206,100,2511
1706674989549533157,23999,23999,9161,14838,0,0,0,0,0,19.0635,255,139.715,46.5036,22.5,48.5,138.5,223.5,255.5,0,812,4,150,38.5,67.5,84.5,-37.973,38.5126,-33.875,34.125,3.05344,15499,201,100,2605
1706674989650160669,24000,24000,9070,14930,0,0,0,17,0.000708333,18.2698,255,138.862,44.5742,23.5,44.5,137.5,210.5,255.5,0,435,4,150,37.5,66.5,81.5,-38.5016,38.2024,-34.125,34.125,3.0107,15499,211,100,2546
1706674989749992784,24000,24000,8977,15023,0,0,0,13,0.000541667,17.5975,255,138.297,43.5686,23.5,54.5,137.5,205.5,255.5,0,501,4,150,37.5,66.5,81.5,-38.2605,38.4859,-34.125,34.625,2.95728,15499,224,100,2415
1706674989849826513,24000,24000,8933,15067,0,0,0,17,0.000708333,18.6037,255,138.99,43.5121,24.5,64.5,137.5,209.5,255.5,0,447,4,150,38.5,67.5,82.5,-38.4776,38.2975,-34.625,34.375,2.94066,15499,234,100,2497
1706674989949656415,23999,23999,8885,15114,0,0,0,14,0.000583358,16.1716,255,137.948,43.5259,24.5,66.5,136.5,209.5,255.5,0,394,4,150,38.5,68.5,84.5,-38.3371,38.437,-34.625,34.625,3.00833,15500,246,100,2398
1706674990049885957,24000,24000,8919,15081,0,0,0,15,0.000625,15.7382,255,138.232,43.4316,23.5,69.5,136.5,211.5,255.5,0,502,4,150,37.5,68.5,85.5,-38.4052,38.3877,-34.375,34.375,3.16029,15500,270,100,2236
1706674990149718664,23999,23999,9052,14947,0,0,0,16,0.000666694,15.2716,255,138.709,43.5995,24.5,72.5,136.5,213.5,255.5,0,589,4,150,37.5,68.5,85.5,-38.423,38.3557,-34.625,34.625,3.11874,15500,275,100,2153
1706674990249556461,23999,23999,9045,14954,0,0,0,13,0.000541689,15.6593,255,138.544,46.0948,22.5,59.5,137.5,218.5,255.5,0,582,4,150,37.5,68.5,86.5,-38.3178,38.4608,-34.125,34.625,3.08431,15500,292,100,2002
1706674990350189506,24000,24000,9039,14961,0,0,0,17,0.000708333,15.096,255,137.55,44.2656,21.5,62.5,136.5,212.5,255.5,0,404,4,150,36.5,66.5,83.5,-38.4803,38.2686,-34.125,34.125,3.25882,15500,276,100,2089
1706674990450030067,23999,23999,9075,14924,0,0,0,13,0.000541689,14.8274,255,139.588,46.2471,23.5,63.5,138.5,225.5,255.5,0,721,4,150,37.5,65.5,82.5,-38.2393,38.4874,-35.125,34.125,3.05938,15500,270,100,2104
1706674990549875457,24000,24000,9047,14953,0,0,0,17,0.000708333,17.8849,255,136.873,43.8029,24.5,64.5,136.5,216.5,255.5,0,567,4,150,36.5,64.5,79.5,-38.5036,37.9154,-34.125,33.875,2.95728,15500,290,100,2014
1706674990649707667,24000,24000,9058,14942,0,0,0,2,8.33333e-05,16.4546,255,137.023,42.0237,29.5,74.5,135.5,212.5,255.5,0,509,3,150,36.5,63.5,77.5,-38.0043,38.18,-33.875,33.875,3.1128,15500,290,100,1905
1706674990749546038,23999,23999,9097,14902,0,0,0,8,0.000333347,19.3024,255,137.237,39.4317,30.5,80.5,135.5,202.5,255.5,0,423,5,151,37.5,64.5,79.5,-38.1102,38.5078,-34.125,34.125,3.18403,15501,305,100,1875
1706674990850185551,24000,24000,9127,14873,0,0,0,18,0.00075,15.3011,255,137.391,37.5237,29.5,83.5,135.5,199.5,255.5,0,354,5,150,36.5,64.5,79.5,-38.5146,38.0867,-34.125,34.375,2.92641,15501,330,100,1775
1706674990950023817,23999,23999,8986,15013,0,0,0,10,0.000416684,16.7193,255,139.084,36.4227,68.5,88.5,135.5,203.5,255.5,0,460,6,150,37.5,65.5,87.5,-38.1537,38.5045,-34.375,34.625,3.01545,15501,347,100,1527
1706674991049862977,24000,24000,8863,15137,0,0,0,17,0.000708333,25.7641,255,138.054,34.8527,73.5,87.5,134.5,200.5,255.5,0,303,7,150,36.5,64.5,79.5,-38.4988,38.2152,-34.625,34.375,2.99408,15501,395,100,1252
1706674991149695901,24000,24000,8870,15130,0,0,0,12,0.0005,28.7359,255,137.47,34.0212,72.5,88.5,134.5,197.5,255.5,0,274,8,150,34.5,62.5,74.5,-38.2565,38.4813,-34.375,34.625,3.11636,15504,492,100,1004
1706674991249538976,24000,24000,8953,15047,0,0,0,17,0.000708333,23.8099,255,136.852,34.859,73.5,87.5,133.5,195.5,255.5,0,327,8,150,34.5,63.5,76.5,-38.4547,38.3083,-34.625,34.625,3.13773,15504,547,100,858
1706674991350164512,24000,24000,9038,14962,0,0,0,15,0.000625,32.0482,255,137.246,34.2323,71.5,87.5,134.5,194.5,255.5,0,290,7,150,34.5,62.5,76.5,-38.3467,38.4329,-34.625,34.625,2.99646,15504,564,100,769
1706674991450009354,24000,24000,9040,14960,0,0,0,15,0.000625,23.6404,255,136.641,33.3421,74.5,87.5,134.5,188.5,244.5,0,210,7,150,34.5,63.5,77.5,-38.4023,38.3905,-34.125,34.375,2.98459,15505,470,100,909
1706674991549840227,24000,24000,9013,14987,0,0,0,16,0.000666667,15.882,255,137.482,34.3136,74.5,88.5,133.5,197.5,255.5,0,285,7,150,35.5,64.5,78.5,-38.4314,38.3655,-34.125,34.125,2.93947,15505,401,100,1139
1706674991649687551,23999,23999,9093,14906,0,0,0,0,0,25.5578,255,137.869,34.7013,72.5,87.5,134.5,197.5,255.5,0,353,9,150,35.5,64.5,79.5,-37.6861,38.4478,-33.625,34.125,3.01901,15505,395,100,1232
1706674991749525394,24000,24000,9099,14901,0,0,0,31,0.00129167,30.3606,255,136.755,34.2903,73.5,86.5,133.5,195.5,255.5,0,315,9,150,34.5,63.5,79.5,-38.4811,37.7883,-34.875,33.875,3.17928,15505,391,100,1276
1706674991850170656,24000,24000,9053,14947,0,0,0,0,0,29.0115,255,137.524,35.3338,74.5,88.5,133.5,198.5,255.5,0,458,8,150,35.5,64.5,79.5,-37.8777,38.275,-33.875,33.875,3.05107,15505,380,100,1246
1706674991950022523,24000,24000,9010,14990,0,0,0,11,0.000458333,21.508,255,137.941,34.8214,74.5,87.5,134.5,197.5,255.5,0,395,9,150,35.5,64.5,81.5,-38.214,38.4929,-33.875,34.125,3.18285,15505,376,100,1183
1706674992049852083,24000,24000,9103,14897,0,0,0,18,0.00075,24.3365,255,137.943,34.5162,73.5,88.5,134.5,199.5,255.5,0,330,7,150,34.5,64.5,83.5,-38.5048,38.148,-34.125,34.375,3.09262,15505,416,100,1133
1706674992149703955,24000,24000,9051,14949,0,0,0,12,0.0005,41.0459,255,138.729,35.6197,74.5,88.5,135.5,204.5,255.5,0,453,8,150,34.5,63.5,81.5,-38.0917,38.5107,-34.375,34.625,3.1033,15506,450,100,1006
1706674992249551705,24000,24000,8967,15033,0,0,0,17,0.000708333,32.7143,255,137.554,34.2834,73.5,88.5,134.5,196.5,255.5,0,306,7,150,34.5,63.5,84.5,-38.5116,38.0949,-34.625,34.375,3.02139,15507,500,100,956
1706674992350201469,24000,24000,8867,15133,0,0,0,10,0.000416667,23.9209,255,137.582,36.1587,70.5,87.5,132.5,203.5,255.5,0,430,8,150,33.5,62.5,78.5,-38.154,38.5023,-34.375,34.625,2.89199,15508,532,100,833
1706674992450057484,23998,23998,8864,15134,0,0,0,18,0.000750063,39.0674,255,137.135,35.6152,71.5,88.5,133.5,201.5,255.5,0,305,8,151,33.5,62.5,79.5,-38.5005,38.2234,-34.625,34.375,2.85756,15508,575,100,802
1706674992549881531,24000,24000,8994,15006,0,0,0,13,0.000541667,31.3078,255,137.483,35.0988,74.5,87.5,134.5,200.5,255.5,0,379,6,150,34.5,64.5,81.5,-38.2902,38.4751,-34.625,34.625,2.93354,15508,493,100,915
1706674992649719922,24000,24000,9107,14893,0,0,0,16,0.000666667,33.0476,255,138.177,34.9926,72.5,88.5,133.5,198.5,255.5,0,428,8,150,34.5,63.5,82.5,-38.4479,38.332,-34.125,34.625,2.88367,15509,475,100,831
1706674992749550996,24000,24000,9095,14905,0,0,0,15,0.000625,38.6594,255,137.51,35.7981,72.5,88.5,133.5,200.5,255.5,0,451,7,150,34.5,63.5,83.5,-38.3681,38.4276,-34.125,34.125,2.80295,15509,460,100,1030
1706674992850184604,24000,24000,9055,14945,0,0,0,0,0,24.6564,255,137.906,35.7258,71.5,86.5,134.5,199.5,255.5,0,424,7,150,34.5,61.5,82.5,-37.5987,38.4029,-33.625,34.125,2.85637,15510,490,100,864
1706674992950025725,24000,24000,9064,14936,0,0,0,15,0.000625,31.2564,255,137.686,34.5125,71.5,88.5,134.5,198.5,255.5,0,381,8,150,33.5,61.5,79.5,-38.3865,37.6297,-34.375,33.625,2.82907,15510,528,100,745
1706674993049858262,23999,23999,9100,14899,0,0,0,16,0.000666694,24.2926,255,137.972,36.3242,71.5,87.5,133.5,202.5,255.5,0,519,6,150,33.5,60.5,77.5,-38.4349,38.354,-34.875,34.125,2.90267,15511,540,100,796
1706674993149683271,24000,24000,9069,14931,0,0,0,14,0.000583333,27.8459,255,137.66,35.0642,72.5,87.5,133.5,198.5,255.5,0,339,7,150,33.5,60.5,80.5,-38.3033,38.4652,-34.125,34.125,2.9466,15511,556,100,653
1706674993249534693,24000,24000,8976,15024,0,0,0,17,0.000708333,33.4909,255,138.148,35.2382,74.5,89.5,133.5,201.5,255.5,0,327,6,150,33.5,60.5,80.5,-38.4873,38.2513,-34.125,34.375,2.96322,15513,633,100,693
1706674993350162348,23998,23998,9040,14958,0,0,0,10,0.000416701,34.1375,255,138.238,35.9857,72.5,88.5,133.5,203.5,255.5,0,408,6,150,32.5,59.5,82.5,-38.2029,38.501,-34.375,34.625,3.07363,15514,665,100,731
1706674993450013907,24000,24000,8924,15076,0,0,0,18,0.00075,36.7068,255,137.182,35.5375,71.5,87.5,133.5,201.5,255.5,0,333,6,150,32.5,60.5,77.5,-38.5096,38.1346,-34.625,34.375,3.04276,15515,663,100,618
1706674993549854163,24000,24000,8956,15044,0,0,0,13,0.000541667,38.1496,255,137.498,35.7336,72.5,86.5,133.5,200.5,255.5,0,398,6,150,32.5,60.5,75.5,-38.0633,38.5076,-34.375,34.625,3.07719,15515,637,100,746
1706674993649691166,24000,24000,8879,15121,0,0,0,17,0.000708333,32.2045,255,136.866,35.4513,73.5,86.5,133.5,199.5,255.5,0,394,6,150,33.5,60.5,76.5,-38.508,38.1324,-34.625,34.375,3.00596,15515,562,100,665
1706674993749525169,24000,24000,8928,15072,0,0,0,11,0.000458333,30.5536,255,137.616,35.3594,72.5,87.5,134.5,198.5,255.5,0,409,7,150,34.5,61.5,78.5,-38.2154,38.5007,-34.375,34.625,3.00833,15516,490,100,810
1706674993850170793,24000,24000,9049,14951,0,0,0,17,0.000708333,28.7836,255,137.712,34.609,74.5,88.5,134.5,197.5,255.5,0,323,7,150,34.5,62.5,78.5,-38.4813,38.2507,-34.125,34.375,3.0297,15516,433,100,942
1706674993950012512,24000,24000,9155,14845,0,0,0,13,0.000541667,35.3831,255,137.582,34.4675,73.5,88.5,134.5,197.5,255.5,0,397,8,150,35.5,62.5,77.5,-38.2999,38.4686,-34.125,34.125,3.00477,15516,407,100,1117
1706674994049846968,24000,24000,9096,14904,0,0,0,0,0,34.3065,255,137.888,34.6145,75.5,88.5,134.5,197.5,255.5,0,295,7,150,35.5,61.5,75.5,-37.7456,38.3407,-33.875,34.125,3.04276,15516,403,100,1294
1706674994149691390,24000,24000,9032,14968,0,0,0,16,0.000666667,27.8005,255,137.404,34.6506,73.5,87.5,134.5,196.5,255.5,0,342,7,150,34.5,60.5,73.5,-38.4398,37.6452,-34.125,33.625,2.98815,15516,409,100,1147
1706674994249516669,23998,23998,9029,14969,0,0,0,15,0.000625052,39.3152,255,136.769,32.2135,76.5,90.5,134.5,192.5,237.5,0,147,8,150,34.5,60.5,74.5,-38.3864,38.4147,-34.125,34.125,2.91811,15517,417,100,1150
1706674994350138223,24000,24000,9024,14976,0,0,0,15,0.000625,24.8199,255,137.563,34.0227,76.5,90.5,133.5,198.5,255.5,0,328,8,150,34.5,60.5,73.5,-38.3819,38.4223,-34.375,34.125,2.82076,15517,443,100,1003
1706674994449989125,23999,23999,9011,14988,0,0,0,17,0.000708363,29.4224,255,138.271,35.149,76.5,89.5,134.5,199.5,255.5,0,428,8,150,34.5,60.5,73.5,-38.4499,38.3324,-34.125,34.625,3.01546,15517,458,100,861
1706674994549836689,24000,24000,9003,14997,0,0,0,13,0.000541667,20.4625,255,138.031,35.0175,75.5,89.5,134.5,199.5,255.5,0,388,7,150,33.5,60.5,74.5,-38.2822,38.4785,-34.375,34.625,3.03445,15517,492,100,904
1706674994649674612,24000,24000,8981,15019,0,0,0,18,0.00075,39.1867,255,137.671,35.1198,76.5,89.5,132.5,202.5,255.5,0,376,9,150,32.5,60.5,73.5,-38.4924,38.2174,-34.625,34.375,2.98934,15517,532,100,886
1706674994749511155,24000,24000,8938,15062,0,0,0,10,0.000416667,27.3927,255,138.221,35.3154,73.5,88.5,134.5,200.5,255.5,0,418,7,150,32.5,60.5,72.5,-38.1588,38.5075,-34.375,34.625,3.03801,15517,526,100,883
1706674994850163885,24000,24000,8953,15047,0,0,0,17,0.000708333,21.1981,255,137.881,35.5006,75.5,89.5,133.5,201.5,255.5,0,396,7,150,32.5,60.5,74.5,-38.5081,38.0789,-34.625,34.625,2.97509,15517,484,100,908
1706674994950007541,24000,24000,8957,15043,0,0,0,12,0.0005,32.8308,255,137.179,35.6882,68.5,87.5,133.5,200.5,255.5,0,412,7,150,33.5,60.5,73.5,-38.1009,38.5108,-34.375,34.625,3.02139,15519,438,100,1036
1706674995049827459,24000,24000,9032,14968,0,0,0,17,0.000708333,21.4054,255,138.207,35.6453,73.5,88.5,134.5,206.5,255.5,0,411,6,150,33.5,61.5,75.5,-38.5039,38.1616,-34.125,34.375,2.98696,15519,421,100,1043
1706674995149656040,24000,24000,9114,14886,0,0,0,11,0.000458333,39.6859,255,138.162,35.1721,73.5,89.5,134.5,199.5,255.5,0,368,8,150,33.5,61.5,78.5,-38.2189,38.4986,-33.875,34.125,3.09144,15519,411,100,1091
1706674995249885383,24000,24000,9131,14869,0,0,0,0,0,38.898,255,138.078,35.7604,68.5,88.5,134.5,204.5,255.5,0,370,9,151,33.5,62.5,78.5,-37.8592,38.287,-33.875,34.125,2.8908,15519,392,100,1336
1706674995349722146,24000,24000,9090,14910,0,0,0,17,0.000708333,21.4024,255,138.33,35.0749,70.5,89.5,134.5,201.5,255.5,0,390,7,150,33.5,60.5,75.5,-38.4753,37.7619,-34.125,33.875,2.87774,15519,401,100,1226
1706674995449560309,23999,23999,9053,14946,0,0,0,13,0.000541689,33.5582,255,136.776,33.7577,72.5,87.5,133.5,193.5,255.5,0,240,9,150,31.5,58.5,72.5,-38.3329,38.4497,-34.125,34.125,3.21015,15519,473,100,898
1706674995550214901,24000,24000,9025,14975,0,0,0,16,0.000666667,32.0955,255,136.11,34.2743,73.5,85.5,132.5,196.5,255.5,0,252,7,150,31.5,57.5,70.5,-38.422,38.3769,-34.875,34.125,3.32175,15519,513,100,919
1706674995650052203,24000,24000,9007,14993,0,0,0,15,0.000625,26.132,255,135.462,35.1443,70.5,84.5,132.5,196.5,255.5,0,336,6,150,30.5,56.5,69.5,-38.407,38.3875,-34.125,34.375,2.98577,15522,616,100,779
1706674995749888928,23997,23997,8961,15036,0,0,0,14,0.000583406,29.9262,255,136.021,36.4931,71.5,83.5,131.5,201.5,255.5,0,357,6,150,30.5,56.5,71.5,-38.3564,38.4409,-34.625,34.625,3.17692,15525,710,100,841
1706674995849730879,23992,23992,9028,14964,0,0,0,16,0.000666889,14.2733,255,136.301,36.2345,72.5,83.5,132.5,201.5,255.5,0,336,3,150,30.5,56.5,71.5,-38.4711,38.3031,-34.625,34.375,3.1508,15528,715,100,828
1706674995949574649,24000,24000,8967,15033,0,0,0,13,0.000541667,29.4332,255,135.84,36.6,67.5,83.5,131.5,201.5,255.5,0,368,7,150,30.5,56.5,68.5,-38.2475,38.4805,-34.375,34.625,3.30988,15528,612,100,876
1706674996050217317,24000,24000,8896,15104,0,0,0,17,0.000708333,33.7221,255,135.763,35.8438,70.5,84.5,131.5,198.5,255.5,0,350,7,150,30.5,56.5,70.5,-38.4944,38.2065,-34.625,34.375,3.01308,15528,498,100,1017
1706674996150043648,24000,24000,8937,15063,0,0,0,10,0.000416667,28.0486,255,135.803,36.6093,65.5,82.5,132.5,197.5,255.5,0,458,8,150,31.5,56.5,68.5,-38.1616,38.5009,-34.375,34.625,2.95135,15528,448,100,1086
1706674996249889284,24000,24000,9031,14969,0,0,0,17,0.000708333,29.3242,255,135.433,36.358,67.5,83.5,131.5,200.5,255.5,0,357,6,151,31.5,56.5,69.5,-38.5057,38.0881,-34.125,34.375,2.93473,15528,469,100,986
1706674996349719836,23999,23999,9141,14858,0,0,0,8,0.000333347,39.8229,255,136.384,36.5185,64.5,84.5,131.5,200.5,255.5,0,344,8,150,31.5,57.5,70.5,-38.1113,38.5083,-34.125,34.125,3.01427,15528,457,100,1242
1706674996449567925,24000,24000,9161,14839,0,0,0,3,0.000125,40.133,255,136.682,36.8106,68.5,84.5,132.5,203.5,255.5,0,400,8,150,31.5,58.5,71.5,-38.008,38.1889,-33.875,33.875,2.95135,15528,456,100,1207
1706674996550217130,23998,23998,9058,14940,0,0,0,18,0.000750063,35.3988,255,136.403,36.1943,67.5,85.5,132.5,199.5,255.5,0,345,7,150,30.5,57.5,69.5,-38.502,37.9178,-34.125,33.875,3.47253,15528,538,100,1137
1706674996650065231,23999,23999,9015,14984,0,0,0,12,0.000500021,31.7734,255,137.69,38.0324,70.5,84.5,132.5,209.5,255.5,0,451,7,150,30.5,58.5,72.5,-38.2389,38.4838,-34.125,34.125,3.02971,15528,597,100,787
1706674996749917640,23996,23996,9010,14986,0,0,0,16,0.000666778,37.1956,255,136.957,38.1619,69.5,85.5,131.5,205.5,255.5,0,651,7,150,30.5,58.5,73.5,-38.4675,38.2845,-34.625,34.125,3.00715,15529,620,100,814
1706674996849770590,23999,23999,8982,15017,0,0,0,14,0.000583358,0,255,138.119,38.3305,70.5,85.5,133.5,215.5,255.5,2,451,0,150,30.5,59.5,75.5,-38.3355,38.4497,-34.625,34.625,2.94067,15531,624,100,843
1706674996949614730,23998,23998,8944,15054,0,0,0,16,0.000666722,29.7285,255,137.288,37.0585,67.5,85.5,133.5,203.5,255.5,0,418,7,150,30.5,58.5,73.5,-38.4134,38.3735,-34.625,34.625,3.04395,15531,590,100,899
1706674997049873080,23999,23999,8943,15056,0,0,0,16,0.000666694,25.7388,255,137.787,37.4601,68.5,85.5,133.5,206.5,255.5,0,388,7,150,30.5,59.5,73.5,-38.4225,38.3688,-34.625,34.375,3.01308,15531,549,100,981
1706674997149727493,24000,24000,9045,14955,0,0,0,14,0.000583333,37.1393,255,137.665,37.1114,68.5,85.5,134.5,205.5,255.5,0,394,8,150,31.5,59.5,74.5,-38.3239,38.449,-34.375,34.625,2.96916,15531,508,100,1117
1706674997249574676,24000,24000,9009,14991,0,0,0,17,0.000708333,36.4497,255,137.969,37.5324,69.5,85.5,133.5,207.5,255.5,0,434,7,150,31.5,59.5,72.5,-38.4722,38.2737,-34.625,34.375,2.91336,15531,474,100,1159
1706674997350213000,23999,23999,8970,15029,0,0,0,12,0.000500021,25.9588,255,138.852,38.084,71.5,85.5,134.5,209.5,255.5,0,556,8,150,31.5,59.5,74.5,-38.2428,38.4875,-34.125,34.625,2.86469,15531,469,100,1093
1706674997450049550,24000,24000,9022,14978,0,0,0,18,0.00075,41.305,255,138.823,38.2714,69.5,86.5,133.5,211.5,255.5,0,504,8,150,31.5,59.5,80.5,-38.507,38.178,-34.125,34.125,2.86943,15532,471,100,1129
1706674997549893596,24000,24000,9087,14913,0,0,0,4,0.000166667,37.7698,255,137.861,37.7231,69.5,85.5,133.5,207.5,255.5,0,568,7,150,31.5,58.5,77.5,-38.0232,38.5081,-34.125,34.125,2.83263,15532,443,100,1093
1706674997649750118,24000,24000,9173,14827,0,0,0,8,0.000333333,31.1786,255,137.421,35.4797,68.5,86.5,134.5,200.5,255.5,0,311,7,151,31.5,57.5,76.5,-38.1045,38.099,-34.125,33.875,2.87774,15532,475,100,1117
1706674997749596172,23997,23997,9142,14855,0,0,0,17,0.000708422,14.4532,255,137.031,35.51,67.5,86.5,133.5,198.5,255.5,0,294,3,150,31.5,57.5,76.5,-38.5126,38.0303,-34.125,34.125,2.98222,15534,618,100,910
1706674997849831708,23998,23998,9047,14951,0,0,0,10,0.000416701,27.0771,255,137.656,36.5833,70.5,85.5,133.5,204.5,255.5,0,301,7,150,31.5,58.5,75.5,-38.157,38.5046,-34.375,34.125,3.02614,15534,779,100,653
1706674997949681962,23996,23996,8968,15028,0,0,0,17,0.000708451,4.91228,255,137.243,37.8306,66.5,84.5,133.5,206.5,255.5,0,487,0,151,31.5,58.5,76.5,-38.4958,38.2137,-34.625,34.125,2.90742,15559,838,100,719
1706674998049528033,23997,23997,8949,15048,0,0,0,13,0.000541734,0,255,136.392,36.2326,66.5,84.5,133.5,200.5,255.5,4,307,0,150,31.5,57.5,72.5,-38.2721,38.481,-34.625,34.625,3.7717,15593,916,100,605
1706674998150170722,23998,23998,8999,14999,0,0,0,17,0.000708392,5.03652,255,136.208,37.3022,65.5,83.5,132.5,202.5,255.5,0,412,0,150,31.5,57.5,72.5,-38.4444,38.3316,-34.625,34.625,3.92603,15611,882,100,676
1706674998250019385,23996,23996,9010,14986,0,0,0,15,0.000625104,0,255,136.648,36.8703,60.5,83.5,133.5,199.5,255.5,5,366,0,150,32.5,57.5,71.5,-38.374,38.4186,-34.625,34.625,3.21253,15627,898,100,679
1706674998349867731,23996,23996,8919,15077,0,0,0,16,0.000666778,5.68485,255,135.772,37.0772,63.5,83.5,132.5,201.5,255.5,0,329,0,150,32.5,58.5,75.5,-38.3856,38.4104,-34.625,34.625,3.07601,15631,847,100,715
1706674998449717906,23998,23998,9023,14975,0,0,0,17,0.000708392,9.93073,255,136.746,36.2582,65.5,85.5,133.5,199.5,255.5,0,295,0,150,33.5,58.5,72.5,-38.4348,38.3545,-34.625,34.125,3.05464,15634,827,100,599
1706674998549544562,23996,23996,9080,14916,0,0,0,13,0.000541757,18.1269,255,135.822,36.1778,60.5,84.5,133.5,197.5,255.5,0,333,3,150,33.5,59.5,73.5,-38.3128,38.4571,-34.125,34.625,3.00359,15636,765,100,616
1706674998650201485,23998,23998,9034,14964,0,0,0,16,0.000666722,23.5226,255,135.874,36.3213,64.5,84.5,132.5,200.5,255.5,0,403,5,150,34.5,60.5,74.5,-38.4886,38.2534,-34.125,34.125,2.96323,15636,690,100,732
1706674998750048741,23995,23995,9036,14959,0,0,0,0,0,0,255,136.672,36.2309,63.5,85.5,133.5,201.5,255.5,1,289,0,150,34.5,62.5,77.5,-37.9082,38.4983,-33.875,34.125,2.97866,15636,666,100,707
1706674998849880255,23993,23993,9125,14868,0,0,0,10,0.000416788,19.0745,255,137.776,36.1628,69.5,86.5,134.5,201.5,255.5,0,345,0,150,35.5,62.5,80.5,-38.1933,37.9816,-33.875,33.875,2.97747,15636,744,100,674
1706674998949724579,23999,23999,9141,14858,0,0,0,17,0.000708363,21.5191,255,137.272,35.3674,72.5,87.5,133.5,198.5,255.5,0,330,7,150,35.5,62.5,76.5,-38.5095,38.1322,-34.125,34.125,2.89793,15638,792,100,655
1706674999049580560,23992,23992,9108,14884,0,0,0,12,0.000500167,20.6792,255,137.83,36.164,72.5,87.5,133.5,201.5,255.5,0,381,0,150,34.5,62.5,76.5,-38.0674,38.5102,-34.375,34.125,2.95254,15641,812,100,494
1706674999150207502,23998,23998,8973,15025,0,0,0,17,0.000708392,19.084,255,137.54,35.1157,70.5,88.5,134.5,199.5,255.5,0,322,0,150,34.5,62.5,75.5,-38.5081,38.1171,-34.625,34.375,3.30632,15643,824,100,565
1706674999250050276,23994,23994,8884,15110,0,0,0,11,0.000458448,21.9321,255,136.889,35.6385,72.5,87.5,132.5,198.5,255.5,0,343,6,150,34.5,62.5,76.5,-38.1999,38.5019,-34.375,34.625,3.00359,15643,809,100,546
1706674999349881590,24000,24000,8880,15120,0,0,0,17,0.000708333,20.535,255,136.808,34.5524,74.5,87.5,133.5,196.5,246.5,0,198,6,150,34.5,63.5,77.5,-38.4946,38.2524,-34.625,34.375,2.96679,15644,752,100,496
1706674999449738211,23999,23999,9001,14998,0,0,0,13,0.000541689,21.5106,255,137.418,35.3174,71.5,88.5,133.5,199.5,255.5,0,358,6,150,35.5,64.5,79.5,-38.2975,38.4673,-34.625,34.625,3.00478,15644,644,100,595
1706674999549572613,24000,24000,9079,14921,0,0,0,17,0.000708333,21.4537,255,138.526,36.2558,73.5,87.5,134.5,203.5,255.5,0,323,6,150,35.5,64.5,79.5,-38.4507,38.3392,-34.625,34.375,3.05939,15644,601,100,657
1706674999650205972,24000,24000,8972,15028,0,0,0,15,0.000625,22.7167,255,137.778,35.2144,69.5,88.5,134.5,198.5,255.5,0,297,6,150,35.5,64.5,79.5,-38.374,38.4207,-34.625,34.125,3.08195,15644,599,100,765
1706674999750043731,24000,24000,9033,14967,0,0,0,15,0.000625,21.6027,255,137.939,35.3322,73.5,88.5,134.5,197.5,255.5,0,417,5,150,35.5,63.5,77.5,-38.3807,38.4191,-34.125,34.375,3.07363,15644,517,100,816
1706674999849878151,24000,24000,9089,14911,0,0,0,16,0.000666667,20.8709,255,137.072,34.5866,72.5,87.5,133.5,196.5,255.5,0,376,5,150,35.5,63.5,75.5,-38.4438,38.3499,-34.125,34.875,3.0487,15644,483,100,900
1706674999949718212,24000,24000,9100,14900,0,0,0,0,0,32.077,255,137.648,35.1189,72.5,89.5,133.5,200.5,255.5,0,324,7,150,35.5,63.5,76.5,-37.7406,38.4688,-33.875,34.125,3.11044,15644,490,100,962
1706675000049551398,24000,24000,9046,14954,0,0,0,13,0.000541667,24.1901,255,137.536,34.9307,73.5,87.5,133.5,198.5,255.5,0,368,8,150,35.5,64.5,79.5,-38.2968,37.8453,-34.125,33.875,3.19235,15644,553,100,759
1706675000150196313,24000,24000,9124,14876,0,0,0,17,0.000708333,25.6373,255,138.181,35.8312,71.5,87.5,134.5,200.5,255.5,0,355,7,150,34.5,64.5,78.5,-38.4987,38.2345,-34.125,33.875,3.06295,15644,586,100,728
1706675000250041576,23999,23999,9044,14955,0,0,0,11,0.000458352,29.2163,255,137.863,34.9174,73.5,88.5,133.5,199.5,255.5,0,292,5,150,34.5,64.5,78.5,-38.1825,38.5022,-34.375,34.125,3.11519,15645,692,100,568
1706675000349891282,23999,23999,8992,15007,0,0,0,17,0.000708363,0,255,137.856,35.8829,69.5,85.5,134.5,201.5,255.5,3,370,0,150,33.5,63.5,80.5,-38.5121,38.1028,-34.625,34.375,3.06888,15645,717,100,594
1706675000449715987,23997,23997,8934,15063,0,0,0,12,0.000500063,39.1259,255,137.118,36.4742,66.5,84.5,133.5,202.5,255.5,0,410,5,150,32.5,62.5,77.5,-38.1058,38.5133,-34.375,34.625,3.09857,15645,752,100,535
1706675000549558894,24000,24000,8839,15161,0,0,0,18,0.00075,32.2007,255,137.041,36.2156,69.5,84.5,133.5,200.5,255.5,0,404,7,150,33.5,63.5,78.5,-38.4987,38.165,-34.625,34.375,3.25409,15645,646,100,571
1706675000650196474,24000,24000,8918,15082,0,0,0,12,0.0005,34.4649,255,137.296,35.1513,68.5,85.5,134.5,195.5,255.5,0,388,4,150,33.5,63.5,78.5,-38.218,38.4994,-34.625,34.625,3.22916,15645,572,100,693
1706675000750030996,24000,24000,9046,14954,0,0,0,17,0.000708333,33.7827,255,137.166,36.3008,72.5,87.5,133.5,203.5,255.5,0,470,4,150,33.5,63.5,77.5,-38.4838,38.2674,-34.625,34.375,3.0024,15645,574,100,708
1706675000849885155,24000,24000,9055,14945,0,0,0,14,0.000583333,21.4534,255,136.892,35.9938,69.5,85.5,133.5,199.5,255.5,0,429,6,150,33.5,63.5,75.5,-38.324,38.4519,-34.375,34.125,3.05583,15645,620,100,624
1706675000949728949,24000,24000,9012,14988,0,0,0,16,0.000666667,37.459,255,137.026,35.8622,69.5,84.5,133.5,198.5,255.5,0,435,6,150,33.5,63.5,77.5,-38.4279,38.3688,-34.125,34.125,2.9561,15646,579,100,642
1706675001049568105,24000,24000,9072,14928,0,0,0,16,0.000666667,26.4706,255,136.016,34.9915,70.5,86.5,132.5,196.5,255.5,0,327,6,150,32.5,61.5,74.5,-38.412,37.5916,-34.125,34.125,3.08076,15646,624,100,566
1706675001150215258,23998,23998,9067,14931,0,0,0,0,0,29.7278,255,135.458,35.1575,70.5,84.5,131.5,196.5,249.5,0,202,6,150,31.5,61.5,74.5,-37.6621,38.4498,-33.625,34.375,3.14605,15648,727,100,572
1706675001250062903,23997,23997,9078,14919,0,0,0,14,0.000583406,0,255,135.645,36.3989,68.5,84.5,131.5,201.5,255.5,2,286,0,150,31.5,61.5,74.5,-38.3323,37.7542,-34.125,33.875,3.18405,15656,856,100,562
1706675001349898765,23983,23983,9033,14950,0,0,0,17,0.000708835,0,255,135.506,37.2627,64.5,85.5,131.5,200.5,255.5,8,433,0,151,31.5,61.5,76.5,-38.4689,38.2846,-34.125,34.125,3.19592,15701,922,100,493
1706675001449741242,23972,23972,9127,14845,0,0,0,12,0.000500584,0,255,135.381,37.4044,61.5,83.5,131.5,201.5,255.5,10,453,0,159,30.5,60.5,75.5,-38.2256,38.4942,-34.375,34.125,3.30277,15759,950,100,429
1706675001549584084,23987,23987,8997,14990,0,0,0,17,0.000708717,0,255,134.93,35.852,63.5,85.5,131.5,197.5,255.5,4,331,0,150,31.5,59.5,74.5,-38.502,38.1676,-34.625,34.375,3.13775,15785,958,100,516
1706675001649812565,23996,23996,8925,15071,0,0,0,12,0.000500083,11.7155,255,136.466,35.8905,74.5,86.5,132.5,200.5,255.5,0,393,1,151,31.5,60.5,75.5,-38.1026,38.5064,-34.375,34.625,3.0772,15786,835,100,509
1706675001749657394,24000,24000,8893,15107,0,0,0,17,0.000708333,30.8899,255,136.448,35.4201,71.5,86.5,132.5,197.5,255.5,0,365,8,150,32.5,61.5,79.5,-38.5032,38.0868,-34.625,34.375,3.48915,15786,664,100,580
1706675001849892992,23999,23999,8909,15090,0,0,0,9,0.000375016,44.6082,255,137.034,36.3528,69.5,86.5,133.5,201.5,255.5,0,455,8,150,32.5,60.5,83.5,-38.1405,38.5043,-34.375,34.625,3.15318,15786,586,100,733
1706675001949742368,23999,23999,8978,15021,0,0,0,17,0.000708363,28.1223,255,136.735,35.3032,70.5,86.5,132.5,198.5,255.5,0,398,6,150,33.5,60.5,85.5,-38.4877,38.2106,-34.625,34.375,3.29802,15786,503,100,931
1706675002049588315,24000,24000,9111,14889,0,0,0,13,0.000541667,37.4732,255,137.291,36.5875,72.5,86.5,132.5,203.5,255.5,0,475,7,150,33.5,61.5,82.5,-38.27,38.4765,-34.625,34.125,3.14249,15786,469,100,1073
1706675002149831275,24000,24000,9060,14940,0,0,0,17,0.000708333,39.8201,255,137.411,35.7038,72.5,86.5,133.5,202.5,255.5,0,456,7,150,33.5,60.5,80.5,-38.4568,38.3203,-34.125,34.125,3.04871,15786,523,100,753
1706675002249657959,24000,24000,9067,14933,0,0,0,14,0.000583333,25.3935,255,137.311,36.0995,72.5,86.5,133.5,201.5,255.5,0,463,7,150,33.5,60.5,75.5,-38.362,37.6903,-34.125,33.625,3.14012,15786,494,100,974
1706675002349897698,23998,23998,9100,14898,0,0,0,0,0,23.6819,255,136.535,35.0905,71.5,86.5,133.5,196.5,255.5,0,375,7,150,32.5,59.5,73.5,-37.6031,38.4303,-33.625,34.875,3.18998,15786,520,100,825
1706675002449733678,24000,24000,9075,14925,0,0,0,16,0.000666667,27.4985,255,136.781,34.7399,69.5,85.5,133.5,195.5,255.5,0,284,7,150,32.5,58.5,71.5,-38.3938,38.0023,-34.125,34.375,3.02496,15786,646,100,763
1706675002549578381,23998,23998,9048,14950,0,0,0,16,0.000666722,24.7181,255,135.989,34.6628,69.5,83.5,133.5,195.5,238.5,0,181,0,150,32.5,57.5,70.5,-38.4393,38.3506,-34.125,34.125,3.2256,15786,696,100,716
1706675002650229793,23998,23998,9099,14899,0,0,0,14,0.000583382,30.0552,255,137.553,36.2238,71.5,86.5,134.5,201.5,255.5,0,439,8,150,32.5,58.5,71.5,-38.2996,38.4571,-34.625,34.125,3.16861,15786,653,100,649
1706675002750059873,24000,24000,9038,14962,0,0,0,17,0.000708333,37.8535,255,137.321,36.0891,71.5,86.5,132.5,203.5,255.5,0,343,9,150,32.5,58.5,71.5,-38.4843,38.2477,-34.625,34.375,3.27546,15786,623,100,678
1706675002849900645,24000,24000,8927,15073,0,0,0,11,0.000458333,32.3999,255,137.369,35.9695,73.5,87.5,133.5,200.5,255.5,0,392,7,150,32.5,58.5,72.5,-38.1881,38.5057,-34.375,34.625,3.16624,15786,619,100,737
1706675002949730283,24000,24000,8872,15128,0,0,0,18,0.00075,34.903,255,136.525,34.7519,72.5,87.5,132.5,198.5,255.5,0,328,7,150,32.5,57.5,72.5,-38.5115,38.131,-34.625,34.375,3.13775,15786,632,100,690
1706675003049566252,24000,24000,8977,15023,0,0,0,12,0.0005,21.2507,255,137.048,35.5794,73.5,86.5,133.5,197.5,255.5,0,328,7,150,32.5,57.5,70.5,-38.0546,38.5066,-34.375,34.625,3.23035,15786,607,100,631
1706675003150200237,24000,24000,8997,15003,0,0,0,18,0.00075,39.8237,255,136.993,34.9479,71.5,87.5,133.5,197.5,255.5,0,255,7,151,32.5,56.5,71.5,-38.5103,38.1332,-34.625,34.375,3.02496,15786,582,100,761
1706675003250030980,24000,24000,9083,14917,0,0,0,11,0.000458333,30.4622,255,136.451,35.5076,74.5,86.5,133.5,199.5,255.5,0,312,7,150,32.5,57.5,72.5,-38.1933,38.4937,-34.375,34.125,3.13537,15786,697,100,552
1706675003349862837,24000,24000,9106,14894,0,0,0,17,0.000708333,25.4724,255,137.134,36.1827,73.5,85.5,133.5,200.5,255.5,0,452,5,150,32.5,58.5,76.5,-38.4846,38.2471,-34.125,33.875,3.05939,15787,679,100,606
1706675003449702313,24000,24000,9057,14943,0,0,0,13,0.000541667,22.2903,255,137.604,36.3902,73.5,86.5,133.5,200.5,255.5,0,379,7,150,32.5,58.5,74.5,-38.3005,37.8326,-34.125,33.875,3.12587,15787,725,100,495
1706675003549526524,23998,23998,9074,14924,0,0,0,0,0,4.42429,255,137.43,37.1852,73.5,85.5,133.5,206.5,255.5,0,353,0,150,32.5,58.5,74.5,-37.7457,38.4696,-33.875,34.125,3.00003,15789,793,100,580
1706675003650160110,23990,23990,9081,14909,0,0,0,16,0.000666945,0,255,137.71,37.5214,71.5,86.5,133.5,202.5,255.5,2,460,0,151,32.5,58.5,73.5,-38.4425,38.3469,-34.125,34.875,3.00478,15809,876,100,539
1706675003750001277,23997,23997,9021,14976,0,0,0,15,0.000625078,9.29664,255,137.371,36.2087,72.5,86.5,133.5,202.5,255.5,0,404,1,151,32.5,58.5,73.5,-38.3786,38.413,-34.125,34.125,3.10688,15813,876,100,538
1706675003849832133,23998,23998,8968,15030,0,0,0,15,0.000625052,0,255,138.145,37.4386,74.5,87.5,134.5,206.5,255.5,5,507,0,150,32.5,59.5,76.5,-38.3817,38.4238,-34.625,34.125,3.03209,15826,830,100,525
1706675003949677440,23999,23999,9052,14947,0,0,0,17,0.000708363,29.0346,255,137.843,35.8785,73.5,88.5,133.5,200.5,255.5,0,379,8,150,33.5,60.5,77.5,-38.4528,38.3333,-34.625,34.375,3.01309,15826,800,100,584
1706675004049516373,23998,23998,9012,14986,0,0,0,13,0.000541712,4.69113,255,138.376,35.9456,72.5,88.5,134.5,204.5,255.5,0,420,0,150,33.5,61.5,78.5,-38.2859,38.4714,-34.625,34.625,3.12232,15829,785,100,610
1706675004150142955,23998,23998,8865,15133,0,0,0,17,0.000708392,16.7697,255,137.852,36.154,72.5,87.5,133.5,199.5,255.5,0,404,1,150,33.5,61.5,78.5,-38.4939,38.2372,-34.625,34.375,3.19592,15829,769,100,647
1706675004249991070,23999,23999,8887,15112,0,0,0,10,0.000416684,35.1549,255,138.583,36.4791,72.5,89.5,134.5,201.5,255.5,0,458,7,150,34.5,62.5,79.5,-38.1852,38.5034,-34.375,34.625,3.08433,15829,707,100,596
1706675004349818982,23998,23998,8953,15045,0,0,0,17,0.000708392,5.26741,255,137.198,35.4318,72.5,87.5,133.5,195.5,255.5,0,470,1,150,33.5,61.5,79.5,-38.4984,38.1186,-34.625,34.375,3.06414,15829,652,100,831
1706675004449658366,23997,23997,9109,14888,0,0,0,13,0.000541734,0,255,137.064,35.7876,68.5,84.5,134.5,196.5,255.5,5,392,0,151,33.5,60.5,82.5,-38.0631,38.511,-34.375,34.125,3.15912,15829,829,100,692
1706675004549906123,23988,23988,9159,14829,0,0,0,18,0.000750375,0,255,136.022,35.7399,69.5,86.5,132.5,197.5,255.5,4,416,0,152,32.5,58.5,73.5,-38.5064,38.1363,-34.125,34.125,3.05702,15867,859,100,592
1706675004649758836,23992,23992,9094,14898,0,0,0,11,0.000458486,0,255,136.068,35.2047,70.5,85.5,132.5,196.5,255.5,1,356,0,150,32.5,58.5,73.5,-38.2045,37.9737,-33.875,33.875,2.9941,15890,875,100,588
1706675004749594935,23985,23985,9067,14918,0,0,0,0,0,0,255,135.57,36.0439,67.5,86.5,132.5,197.5,255.5,4,410,0,181,32.5,58.5,72.5,-37.8867,38.4895,-33.875,34.125,6.2102,15940,874,100,584
1706675004849832582,23966,23966,9035,14931,0,0,0,16,0.000667612,0,255,136.043,36.4261,69.5,84.5,132.5,196.5,255.5,5,340,0,151,32.5,58.5,73.5,-38.4789,38.2721,-34.125,34.125,3.0404,15985,880,100,618
1706675004949673277,23992,23992,9050,14942,0,0,0,14,0.000583528,0,255,136.516,35.6148,73.5,85.5,133.5,195.5,255.5,8,395,0,150,33.5,59.5,72.5,-38.332,38.4511,-34.125,34.625,3.03803,15996,898,100,594
1706675005049508658,23993,23993,9026,14967,0,0,0,16,0.000666861,0,255,136.748,35.1825,72.5,86.5,133.5,196.5,252.5,3,239,0,150,33.5,60.5,73.5,-38.42,38.3686,-34.625,34.125,3.0962,15996,816,100,453
1706675005150142595,23997,23997,8953,15044,0,0,0,16,0.00066675,30.7287,255,136.708,34.5299,72.5,86.5,133.5,195.5,255.5,0,340,8,150,33.5,60.5,74.5,-38.4043,38.392,-34.375,34.625,3.07008,15996,795,100,625
1706675005249986150,23994,23994,9004,14990,0,0,0,15,0.000625156,5.11491,255,136.396,35.5864,71.5,86.5,132.5,198.5,255.5,0,395,1,150,33.5,61.5,74.5,-38.3535,38.4332,-34.375,34.625,3.03921,15996,787,100,532
1706675005349829533,24000,24000,8967,15033,0,0,0,16,0.000666667,37.6181,255,136.472,35.209,73.5,86.5,132.5,196.5,255.5,0,304,8,150,33.5,61.5,77.5,-38.4571,38.3199,-34.625,34.625,3.10688,15997,811,100,582
1706675005449671636,23996,23996,8940,15056,0,0,0,13,0.000541757,0,255,136.11,35.0833,72.5,86.5,132.5,195.5,255.5,10,327,0,150,34.5,62.5,76.5,-38.2643,38.4848,-34.375,34.625,3.08314,15999,738,100,609
1706675005549513604,23997,23997,8949,15048,0,0,0,17,0.000708422,31.4513,255,136.296,34.9771,71.5,85.5,133.5,196.5,255.5,0,300,0,150,33.5,63.5,78.5,-38.498,38.214,-34.625,34.125,3.11757,16002,741,100,622
1706675005650158841,23997,23997,9060,14937,0,0,0,10,0.000416719,0,255,137.284,34.9194,73.5,86.5,134.5,195.5,255.5,2,316,0,150,33.5,65.5,83.5,-38.1653,38.5005,-34.375,34.125,3.11163,16003,778,100,642
1706675005750010261,23989,23989,9140,14849,0,0,0,17,0.000708658,0,255,136.693,36.3861,67.5,85.5,133.5,199.5,255.5,31,348,0,150,33.5,62.5,79.5,-38.506,38.0258,-34.125,34.125,2.99172,16025,886,100,661
1706675005849846774,23989,23989,9179,14810,0,0,0,8,0.000333486,0,255,137.215,37.2987,68.5,86.5,132.5,203.5,255.5,1,478,0,151,33.5,63.5,80.5,-38.1043,38.0949,-34.125,34.125,3.11163,16043,926,100,693
1706675005949683262,23990,23990,9098,14892,0,0,0,3,0.000125052,0,255,136.434,36.0188,67.5,85.5,133.5,197.5,255.5,7,382,0,174,33.5,63.5,82.5,-38.015,38.5098,-34.125,34.125,3.01428,16086,837,100,607
1706675006049523109,23989,23989,8998,14991,0,0,0,17,0.000708658,0,255,137.355,37.3728,68.5,85.5,133.5,203.5,255.5,3,482,0,150,33.5,65.5,84.5,-38.5029,38.1607,-34.125,34.375,3.10332,16101,844,100,846
1706675006150155918,23995,23995,9000,14995,0,0,0,11,0.000458429,0,255,137.923,36.7087,67.5,86.5,134.5,200.5,255.5,2,372,0,151,34.5,65.5,84.5,-38.225,38.4952,-34.125,34.625,3.18405,16103,845,100,688
1706675006249992223,23997,23997,9001,14996,0,0,0,16,0.00066675,7.8187,255,137.984,37.3328,69.5,86.5,133.5,204.5,255.5,0,441,1,150,34.5,65.5,84.5,-38.4743,38.2697,-34.625,34.375,3.18761,16103,838,100,614
1706675006349833213,23992,23992,9033,14959,0,0,0,13,0.000541847,0,255,137.731,38.2488,60.5,84.5,134.5,204.5,255.5,5,560,0,151,34.5,65.5,84.5,-38.3186,38.4588,-34.625,34.625,3.02378,16112,868,100,769
1706675006449665151,23993,23993,8948,15045,0,0,0,16,0.000666861,4.53841,255,138.259,38.0908,63.5,85.5,134.5,205.5,255.5,0,478,0,150,34.5,65.5,84.5,-38.4258,38.369,-34.625,34.625,3.12944,16120,866,100,701
1706675006549501149,23996,23996,8971,15025,0,0,0,15,0.000625104,4.2973,255,137.25,37.4737,66.5,85.5,133.5,205.5,255.5,0,445,0,151,34.5,64.5,85.5,-38.4011,38.3929,-34.625,34.375,3.04515,16127,866,100,758
1706675006650138492,23978,23978,8953,15025,0,0,0,14,0.000583869,0,255,136.719,37.2758,64.5,84.5,133.5,201.5,255.5,5,472,0,154,33.5,62.5,82.5,-38.3565,38.4325,-34.375,34.625,2.96917,16154,841,100,698
1706675006749962776,23990,23990,9028,14962,0,0,0,17,0.000708629,4.13124,255,136.47,36.1755,65.5,85.5,133.5,198.5,255.5,0,385,0,150,33.5,62.5,81.5,-38.4597,38.3116,-34.625,34.125,3.1057,16162,862,100,695
1706675006849798541,23990,23990,9033,14957,0,0,0,13,0.000541892,0,255,136.296,36.3531,61.5,84.5,133.5,196.5,255.5,4,413,0,181,33.5,61.5,83.5,-38.2647,38.4839,-34.125,34.125,3.05465,16181,879,100,700
1706675006949641540,23965,23965,9078,14887,0,0,0,17,0.000709368,0,255,136.274,36.6975,57.5,84.5,132.5,199.5,255.5,7,376,0,166,33.5,61.5,77.5,-38.4989,37.9012,-34.125,33.875,3.05109,16201,891,100,776
1706675007049873404,23978,23978,9134,14844,0,0,0,0,0,0,255,135.436,38.8994,48.5,81.5,132.5,202.5,255.5,21,459,0,165,33.5,61.5,78.5,-37.9923,38.191,-33.875,33.875,3.13063,16238,947,100,707
1706675007149696524,23983,23983,9142,14841,0,0,0,9,0.000375266,0,255,136.106,38.2084,46.5,82.5,132.5,203.5,255.5,12,438,0,154,33.5,61.5,77.5,-38.1321,38.5055,-34.125,34.125,3.17337,16263,950,100,818
1706675007249539854,23985,23985,9051,14934,0,0,0,18,0.000750469,0,255,136.24,37.4543,52.5,83.5,133.5,197.5,255.5,10,473,0,151,33.5,62.5,83.5,-38.5074,38.0708,-34.125,34.375,3.05109,16275,882,100,935
1706675007350180212,23986,23986,8981,15005,0,0,0,9,0.000375219,0,255,136.902,39.4215,42.5,82.5,132.5,206.5,255.5,19,561,0,182,34.5,62.5,79.5,-38.1472,38.508,-34.375,34.625,3.02022,16305,934,100,813
1706675007450006845,23976,23976,8919,15057,0,0,0,17,0.000709042,0,255,137.195,38.3228,50.5,84.5,133.5,204.5,255.5,15,382,0,174,33.5,62.5,79.5,-38.4974,38.1881,-34.625,34.375,3.03447,16319,937,100,825
1706675007549845626,23987,23987,8959,15028,0,0,0,12,0.000500271,0,255,136.764,38.8344,47.5,82.5,133.5,204.5,255.5,14,505,0,163,33.5,62.5,75.5,-38.2376,38.4832,-34.375,34.625,3.23035,16343,942,100,757
1706675007649685738,23981,23981,9007,14974,0,0,0,17,0.000708895,0,255,136.203,37.9704,52.5,83.5,132.5,201.5,255.5,1,389,0,173,34.5,63.5,78.5,-38.4646,38.2922,-34.625,34.375,3.06177,16364,969,100,840
1706675007749534259,23985,23985,8950,15035,0,0,0,14,0.000583698,0,255,137.439,38.1897,51.5,85.5,133.5,203.5,255.5,8,492,0,183,34.5,63.5,78.5,-38.3469,38.4323,-34.625,34.625,3.0962,16370,926,100,869
1706675007850184033,23966,23966,8967,14999,0,0,0,16,0.000667612,0,255,136.68,37.4752,51.5,84.5,133.5,198.5,255.5,10,426,0,176,33.5,63.5,82.5,-38.414,38.3883,-34.625,34.625,3.04396,16396,932,100,903
1706675007950027666,23971,23971,9002,14969,0,0,0,16,0.000667473,0,255,136.807,38.82,50.5,83.5,133.5,205.5,255.5,20,430,0,183,33.5,64.5,83.5,-38.4236,38.372,-34.625,34.125,3.03209,16429,929,100,1039
1706675008049864290,23981,23981,9029,14952,0,0,0,14,0.000583796,4.3038,255,137.385,39.8165,54.5,82.5,133.5,208.5,255.5,0,647,0,154,33.5,64.5,90.5,-38.3267,38.4475,-34.125,34.125,2.98698,16446,902,100,920
1706675008149709910,23964,23964,9095,14869,0,0,0,17,0.000709397,0,255,136.01,38.575,52.5,83.5,132.5,205.5,255.5,7,467,0,178,33.5,63.5,85.5,-38.4723,37.7807,-34.125,33.875,2.98461,16469,1000,100,868
1706675008249536965,23966,23966,9107,14859,0,0,0,0,0,0,255,135.938,39.1864,48.5,81.5,131.5,203.5,255.5,7,432,0,255,32.5,63.5,82.5,-37.88,38.268,-33.875,33.875,3.15912,16521,918,100,954
1706675008350169789,23971,23971,9108,14863,0,0,0,11,0.000458888,0,255,136.486,38.7329,50.5,82.5,133.5,201.5,255.5,7,558,0,166,33.5,64.5,82.5,-38.2122,38.4995,-33.875,34.125,3.31583,16544,1014,100,894
1706675008450015401,23979,23979,9022,14957,0,0,0,18,0.000750657,0,255,136.85,37.1656,54.5,83.5,133.5,201.5,255.5,2,354,0,157,33.5,65.5,82.5,-38.4977,38.17,-34.125,34.375,3.19355,16557,901,100,1044
1706675008549856499,23983,23983,8953,15030,0,0,0,10,0.000416962,0,255,137.267,38.673,52.5,82.5,134.5,206.5,255.5,17,515,0,245,34.5,65.5,83.5,-38.1101,38.511,-34.375,34.625,3.22204,16568,915,100,1040
1706675008649688767,23989,23989,8973,15016,0,0,0,18,0.000750344,4.4048,255,136.365,37.7058,50.5,83.5,133.5,201.5,255.5,0,416,0,162,34.5,65.5,81.5,-38.5127,38.0766,-34.625,34.375,3.1793,16579,928,100,997
1706675008749523858,23979,23979,8897,15082,0,0,0,9,0.000375328,0,255,136.222,38.4504,50.5,82.5,132.5,204.5,255.5,12,405,0,155,34.5,65.5,82.5,-38.1497,38.5087,-34.375,34.625,3.20661,16588,929,100,946
1706675008850168404,23958,23958,8999,14959,0,0,0,17,0.000709575,0,255,135.538,38.4917,50.5,82.5,131.5,200.5,255.5,1,476,0,229,33.5,65.5,80.5,-38.4942,38.2207,-34.625,34.375,3.02853,16601,1014,100,923
1706675008949998631,23963,23963,8954,15009,0,0,0,13,0.000542503,0,255,136.318,38.7392,49.5,82.5,132.5,203.5,255.5,12,504,0,181,33.5,64.5,81.5,-38.2607,38.4823,-34.625,34.625,3.32296,16612,978,100,922
1706675009049831404,23954,23954,9056,14898,0,0,0,17,0.000709694,0,255,136.37,38.4899,49.5,82.5,132.5,202.5,255.5,8,499,0,255,33.5,63.5,80.5,-38.4644,38.3055,-34.125,34.375,3.09739,16628,973,100,888
1706675009149657408,23968,23968,9068,14900,0,0,0,15,0.000625834,3.63838,255,136.111,38.4433,53.5,82.5,133.5,202.5,255.5,0,436,0,255,32.5,63.5,82.5,-38.3536,38.4359,-34.625,34.125,3.3372,16643,944,100,933
1706675009249886915,23989,23989,9023,14966,0,0,0,15,0.000625287,0,255,136.342,38.5398,53.5,80.5,132.5,203.5,255.5,5,422,0,229,32.5,63.5,85.5,-38.3918,38.4014,-34.375,34.125,3.07958,16649,912,100,903
1706675009349707550,23953,23953,9061,14892,0,0,0,16,0.000667975,0,255,135.649,37.6144,52.5,82.5,133.5,200.5,255.5,3,310,0,232,32.5,64.5,83.5,-38.4371,37.6154,-34.125,33.625,3.15438,16656,923,100,1029
1706675009449556886,23966,23966,9092,14874,0,0,0,0,0,0,255,136.058,37.4166,50.5,83.5,133.5,198.5,255.5,21,410,0,152,33.5,64.5,84.5,-37.7029,38.3521,-33.875,34.125,3.28378,16662,908,100,1041
1706675009550192979,23996,23996,9176,14820,0,0,0,13,0.000541757,0,255,136.843,37.2736,66.5,84.5,133.5,202.5,255.5,4,473,0,151,33.5,65.5,81.5,-38.3201,38.4634,-34.125,34.125,3.10926,16663,843,100,902
1706675009650046872,23989,23989,9049,14940,0,0,0,17,0.000708658,0,255,137.045,38.1003,59.5,83.5,133.5,203.5,255.5,2,442,0,150,34.5,65.5,85.5,-38.4767,38.2774,-34.125,34.625,3.1425,16666,823,100,1110
1706675009749878213,23996,23996,8903,15093,0,0,0,12,0.000500083,0,255,137.321,37.4339,61.5,83.5,133.5,202.5,255.5,8,461,0,152,34.5,66.5,85.5,-38.2307,38.4954,-34.625,34.625,3.08315,16666,809,100,901
1706675009849725750,23998,23998,8865,15133,0,0,0,17,0.000708392,5.04724,255,137.475,36.6348,69.5,85.5,133.5,204.5,255.5,0,369,1,150,35.5,68.5,87.5,-38.4971,38.1753,-34.625,34.375,3.16862,16667,747,100,1164
1706675009949563946,23990,23990,8915,15075,0,0,0,11,0.000458524,0,255,137.822,36.4496,69.5,87.5,133.5,201.5,255.5,4,492,0,150,35.5,68.5,86.5,-38.1076,38.5104,-34.375,34.625,3.00242,16667,740,100,1061
1706675010050207348,23996,23996,9029,14967,0,0,0,17,0.000708451,0,255,136.48,36.1658,70.5,86.5,132.5,199.5,255.5,6,333,0,150,34.5,66.5,84.5,-38.5104,38.096,-34.625,34.375,3.38707,16667,795,100,1048
1706675010150050717,23998,23998,9056,14942,0,0,0,10,0.000416701,0,255,136.997,35.7966,73.5,86.5,132.5,200.5,255.5,4,380,0,154,34.5,66.5,83.5,-38.1619,38.5054,-34.375,34.625,3.16269,16668,770,100,1132
1706675010249881141,23996,23996,8985,15011,0,0,0,17,0.000708451,0,255,137.34,36.9458,72.5,86.5,132.5,204.5,255.5,25,463,0,150,34.5,65.5,81.5,-38.4862,38.2116,-34.125,34.375,3.20543,16670,767,100,1043
1706675010349718167,23996,23996,9047,14949,0,0,0,13,0.000541757,0,255,136.446,35.7224,71.5,85.5,132.5,197.5,255.5,1,297,0,150,33.5,64.5,82.5,-38.2815,38.4688,-33.875,34.125,3.26597,16671,775,100,1036
1706675010449574413,23997,23997,9120,14877,0,0,0,16,0.00066675,4.19116,255,136.887,36.4454,70.5,86.5,132.5,199.5,255.5,0,483,0,152,33.5,65.5,82.5,-38.4552,38.3382,-34.875,34.125,3.29209,16671,717,100,1108
1706675010550210870,23994,23994,9057,14937,0,0,0,15,0.000625156,0,255,136.993,36.7533,70.5,86.5,133.5,201.5,255.5,4,387,0,151,33.5,64.5,81.5,-38.376,37.6574,-34.125,33.625,3.27428,16671,750,100,1120
1706675010650050170,23996,23996,9058,14938,0,0,0,0,0,0,255,137.025,36.2404,70.5,86.5,133.5,197.5,255.5,2,421,0,151,34.5,65.5,82.5,-37.5832,38.4182,-33.625,34.125,3.3004,16672,752,100,1108
1706675010749877506,23996,23996,9080,14916,0,0,0,16,0.000666778,4.51287,255,137.818,35.697,74.5,87.5,134.5,200.5,255.5,0,401,0,150,34.5,65.5,85.5,-38.3994,38.3924,-34.125,34.125,3.0962,16672,713,100,1092
1706675010849706890,23995,23995,9100,14895,0,0,0,16,0.000666806,0,255,137.792,36.3044,74.5,88.5,133.5,199.5,255.5,1,467,0,150,34.5,64.5,85.5,-38.4244,38.3644,-34.125,34.375,3.12945,16673,761,100,1072
1706675010949551471,23995,23995,9017,14978,0,0,0,13,0.00054178,0,255,137.603,36.7343,71.5,86.5,133.5,204.5,255.5,11,436,0,150,33.5,64.5,83.5,-38.3099,38.4583,-34.375,34.625,3.05347,16674,744,100,1082
1706675011050177829,23996,23996,8867,15129,0,0,0,17,0.000708451,0,255,137.739,36.9331,73.5,87.5,132.5,204.5,255.5,14,444,0,150,33.5,63.5,82.5,-38.4838,38.2498,-34.625,34.375,3.04278,16676,786,100,1006
1706675011150016912,23994,23994,8861,15133,0,0,0,11,0.000458448,0,255,136.979,36.8359,72.5,88.5,131.5,204.5,255.5,13,438,0,151,33.5,62.5,80.5,-38.2057,38.4957,-34.375,34.625,2.97392,16679,825,100,958
1706675011249866081,23996,23996,8919,15077,0,0,0,17,0.000708451,0,255,136.376,38.0992,65.5,84.5,132.5,204.5,255.5,9,554,0,151,33.5,61.5,76.5,-38.5104,38.1399,-34.625,34.375,2.94187,16681,895,100,861
1706675011349716334,23963,23963,9101,14862,0,0,0,13,0.000542503,0,255,136.225,36.9022,60.5,85.5,132.5,201.5,255.5,17,352,0,255,32.5,60.5,75.5,-38.073,38.5132,-34.375,34.625,2.95018,16690,927,100,748
1706675011449557509,23976,23976,9070,14906,0,0,0,17,0.000709042,3.44262,255,134.997,36.4726,63.5,84.5,131.5,197.5,255.5,0,322,0,228,32.5,59.5,73.5,-38.5039,38.1071,-34.125,34.375,3.05703,16705,886,100,946
1706675011550216232,23991,23991,9051,14940,0,0,0,10,0.000416823,0,255,135.495,36.7349,65.5,83.5,132.5,198.5,255.5,10,336,0,235,32.5,59.5,74.5,-38.1856,38.5078,-33.875,34.125,3.18406,16708,842,100,1019
1706675011650058177,23992,23992,9060,14932,0,0,0,0,0,0,255,135.384,36.0254,65.5,84.5,131.5,195.5,255.5,11,307,0,245,32.5,59.5,75.5,-37.9227,38.2377,-34.125,33.875,3.28022,16711,800,100,1059
1706675011749890835,23995,23995,9076,14919,0,0,0,30,0.00125026,4.03466,255,136.069,35.9069,66.5,85.5,132.5,198.5,255.5,0,402,0,150,32.5,59.5,73.5,-38.4872,37.831,-34.875,33.875,3.18881,16712,784,100,1025
1706675011849742625,23994,23994,9125,14869,0,0,0,0,0,0,255,136.658,36.3225,68.5,86.5,132.5,198.5,255.5,3,346,0,152,32.5,60.5,74.5,-37.7441,38.4603,-33.875,34.125,3.13894,16713,769,100,1046
1706675011949570395,24000,24000,9009,14991,0,0,0,17,0.000708333,0,255,136.017,36.544,69.5,85.5,132.5,198.5,255.5,4,427,0,150,33.5,59.5,75.5,-38.4428,38.3363,-34.125,34.125,3.16031,16714,733,100,1040
1706675012050201482,23998,23998,9104,14894,0,0,0,16,0.000666722,4.689,255,135.919,36.0549,69.5,85.5,131.5,198.5,255.5,0,361,0,150,32.5,59.5,73.5,-38.3827,38.4098,-34.125,34.625,3.05703,16715,710,100,1382
1706675012150041495,23998,23998,8961,15037,0,0,0,15,0.000625052,0,255,136.566,36.6054,69.5,86.5,132.5,202.5,255.5,5,466,0,150,32.5,59.5,72.5,-38.3681,38.425,-34.625,34.625,3.02023,16715,715,100,1125
1706675012249893181,23998,23998,8932,15066,0,0,0,17,0.000708392,0,255,136.463,36.3577,70.5,86.5,131.5,199.5,255.5,5,473,0,151,32.5,59.5,72.5,-38.4569,38.3117,-34.625,34.375,3.09146,16716,754,100,1213
1706675012349727449,23995,23995,8861,15134,0,0,0,13,0.00054178,4.18594,255,136.474,36.6133,73.5,85.5,132.5,202.5,255.5,0,364,0,150,32.5,58.5,71.5,-38.2758,38.479,-34.375,34.625,3.10927,16716,713,100,1190
1706675012449551715,24000,24000,8885,15115,0,0,0,17,0.000708333,0,255,137.025,36.971,68.5,85.5,134.5,201.5,255.5,29,392,0,150,32.5,59.5,73.5,-38.4954,38.2272,-34.625,34.375,3.17338,16718,745,100,1269
1706675012550204377,24000,24000,9011,14989,0,0,0,9,0.000375,0,255,136.825,36.707,72.5,85.5,132.5,198.5,255.5,2,408,0,150,32.5,59.5,72.5,-38.1441,38.5083,-34.375,34.625,3.34671,16718,663,100,1324
1706675012650040079,24000,24000,9139,14861,0,0,0,18,0.00075,5.75218,255,137.594,36.6936,72.5,85.5,133.5,202.5,255.5,0,342,0,151,33.5,60.5,74.5,-38.5125,38.0752,-34.125,34.375,3.19237,16719,594,100,1665
1706675012749878612,24000,24000,9099,14901,0,0,0,8,0.000333333,20.8826,255,137.407,36.3793,70.5,84.5,134.5,201.5,255.5,0,379,7,150,33.5,60.5,75.5,-38.1131,38.5059,-34.125,34.125,3.21849,16719,519,100,1855
1706675012849716407,24000,24000,9055,14945,0,0,0,3,0.000125,28.0997,255,137.386,37.1792,69.5,85.5,133.5,202.5,255.5,0,509,8,150,33.5,61.5,76.5,-38.012,38.1693,-33.875,33.875,3.27666,16720,492,100,1772
1706675012949546809,24000,24000,9049,14951,0,0,0,17,0.000708333,28.0587,255,137.545,36.473,72.5,85.5,133.5,204.5,255.5,0,411,8,150,33.5,61.5,76.5,-38.4954,37.941,-34.125,33.875,3.0974,16720,524,100,1728
1706675013050181111,24000,24000,9083,14917,0,0,0,0,0,23.8795,255,137.54,38.3151,67.5,82.5,133.5,210.5,255.5,0,516,8,150,32.5,61.5,79.5,-37.9571,38.4916,-34.375,34.125,3.20424,16720,520,100,1733
1706675013150041174,24000,24000,9057,14943,0,0,0,17,0.000708333,24.0359,255,138.357,37.1979,69.5,85.5,134.5,202.5,255.5,0,539,8,150,33.5,61.5,78.5,-38.4682,38.296,-34.125,34.125,3.16388,16720,497,100,1685
1706675013249885399,23999,23999,9000,14999,0,0,0,14,0.000583358,31.8012,255,138.017,37.2232,70.5,84.5,133.5,205.5,255.5,0,447,8,150,33.5,60.5,75.5,-38.3317,38.4507,-34.125,34.625,3.07009,16720,511,100,1755
1706675013349719600,24000,24000,9007,14993,0,0,0,16,0.000666667,23.2124,255,136.786,35.6669,70.5,85.5,133.5,200.5,255.5,0,328,1,150,32.5,59.5,74.5,-38.4217,38.3719,-34.625,34.375,3.02141,16722,564,100,1698
1706675013449549542,23999,23999,8926,15073,0,0,0,16,0.000666694,19.4687,255,136.791,36.4537,67.5,84.5,133.5,201.5,255.5,0,375,7,150,32.5,58.5,73.5,-38.4067,38.4009,-34.625,34.625,3.17338,16722,601,100,1663
1706675013550178258,24000,24000,8891,15109,0,0,0,14,0.000583333,29.3803,255,136.634,35.6604,71.5,84.5,133.5,196.5,255.5,0,325,7,150,32.5,58.5,74.5,-38.3586,38.4261,-34.375,34.625,3.05347,16722,549,100,1652
1706675013650019855,24000,24000,8950,15050,0,0,0,17,0.000708333,24.3667,255,137.339,36.0666,68.5,84.5,134.5,198.5,255.5,0,361,6,150,32.5,58.5,73.5,-38.4653,38.2974,-34.625,34.375,3.0689,16722,533,100,1707
1706675013749859442,23999,23999,8994,15005,0,0,0,13,0.000541689,16.4885,255,136.667,34.836,72.5,85.5,133.5,197.5,241.5,0,226,6,150,32.5,57.5,72.5,-38.2331,38.4932,-34.125,34.625,3.18406,16722,516,100,1656
1706675013849692372,24000,24000,9075,14925,0,0,0,18,0.00075,25.9329,255,136.887,34.7858,70.5,85.5,134.5,194.5,255.5,0,315,7,150,33.5,58.5,73.5,-38.4972,38.1878,-34.125,34.125,3.24105,16722,426,100,1847
1706675013949507613,24000,24000,9172,14828,0,0,0,0,0,30.7292,255,137.491,34.6787,70.5,87.5,135.5,196.5,255.5,0,261,7,150,34.5,58.5,73.5,-37.9854,38.5092,-33.875,34.125,3.29803,16722,360,100,2070
1706675014050152772,24000,24000,9096,14904,0,0,0,9,0.000375,29.5238,255,137.627,35.899,72.5,86.5,134.5,200.5,255.5,0,420,6,150,34.5,59.5,74.5,-38.1423,38.038,-33.875,33.875,3.02973,16722,335,100,1998
1706675014149997386,24000,24000,9070,14930,0,0,0,17,0.000708333,23.2842,255,138.213,35.8446,72.5,86.5,135.5,200.5,255.5,0,425,8,150,34.5,58.5,73.5,-38.5024,38.0819,-34.125,34.125,3.11639,16722,331,100,2128
1706675014249839314,23999,23999,9060,14939,0,0,0,9,0.000375016,32.2521,255,137.934,36.5962,70.5,85.5,134.5,199.5,255.5,0,491,7,150,34.5,57.5,74.5,-38.1236,38.5047,-34.625,34.125,3.08671,16722,339,100,2054
1706675014349689368,24000,24000,9021,14979,0,0,0,17,0.000708333,25.6823,255,138.148,35.248,73.5,88.5,135.5,198.5,255.5,0,357,9,150,34.5,58.5,74.5,-38.5002,38.1947,-34.625,34.125,3.01192,16722,326,100,2104
1706675014449520589,24000,24000,9005,14995,0,0,0,12,0.0005,39.0301,255,137.787,34.7493,75.5,88.5,134.5,198.5,255.5,0,324,10,150,35.5,58.5,73.5,-38.2523,38.4802,-34.125,34.625,3.09621,16722,344,100,2113
1706675014550164177,23999,23999,9070,14929,0,0,0,16,0.000666694,41.6077,255,137.654,35.7485,73.5,87.5,134.5,200.5,255.5,0,380,8,150,35.5,58.5,81.5,-38.458,38.3069,-34.625,34.625,3.37757,16722,384,100,2081
1706675014650007768,23999,23999,8963,15036,0,0,0,14,0.000583358,38.103,255,137.285,34.9257,75.5,89.5,133.5,196.5,255.5,0,386,8,150,35.5,60.5,80.5,-38.3516,38.4352,-34.625,34.625,3.8477,16722,417,100,1946
1706675014749840562,24000,24000,8895,15105,0,0,0,15,0.000625,29.6456,255,138.087,35.8343,77.5,88.5,134.5,201.5,255.5,0,447,8,150,35.5,62.5,84.5,-38.4055,38.3967,-34.375,34.375,3.50104,16722,446,100,1793
1706675014849675740,24000,24000,8925,15075,0,0,0,16,0.000666667,30.0152,255,138.683,35.6818,77.5,89.5,134.5,202.5,255.5,0,402,8,150,35.5,64.5,86.5,-38.428,38.3644,-34.625,34.375,3.46899,16722,426,100,1906
1706675014949507015,23999,23999,8999,15000,0,0,0,14,0.000583358,29.0597,255,138.882,35.5503,75.5,89.5,134.5,200.5,255.5,0,465,8,150,36.5,65.5,88.5,-38.3221,38.4512,-34.125,34.625,3.22324,16722,383,100,2046
1706675015050134490,24000,24000,9097,14903,0,0,0,17,0.000708333,22.2747,255,137.904,34.4197,77.5,89.5,134.5,197.5,255.5,0,354,8,150,37.5,66.5,90.5,-38.4839,38.2719,-34.125,34.125,3.34552,16722,329,100,2237
1706675015149962596,24000,24000,9153,14847,0,0,0,0,0,31.888,255,139.097,35.4929,76.5,88.5,135.5,200.5,255.5,0,461,7,150,37.5,67.5,92.5,-37.8603,38.4939,-33.875,34.125,3.14251,16722,307,100,2270
1706675015249790723,23999,23999,9100,14899,0,0,0,12,0.000500021,31.1886,255,139.33,36.3106,78.5,90.5,134.5,204.5,255.5,0,477,10,150,38.5,68.5,94.5,-38.2233,37.9459,-33.875,33.875,3.09977,16722,300,100,2292
1706675015349641591,23999,23999,9056,14943,0,0,0,17,0.000708363,21.2898,255,139.063,35.8541,77.5,90.5,135.5,201.5,255.5,0,592,7,150,38.5,69.5,94.5,-38.5101,38.1657,-34.125,33.875,3.1437,16722,323,100,2086
1706675015449875940,24000,24000,9040,14960,0,0,0,12,0.0005,23.4019,255,138.705,34.1974,75.5,89.5,135.5,197.5,255.5,0,365,6,151,38.5,68.5,88.5,-38.0907,38.5068,-34.375,34.125,3.04754,16722,320,100,2091
1706675015549713988,24000,24000,9009,14991,0,0,0,18,0.00075,24.2556,255,139.226,33.5691,78.5,90.5,135.5,196.5,255.5,0,333,6,150,38.5,69.5,90.5,-38.5081,38.1125,-34.625,34.375,3.01904,16722,357,100,2026
1706675015649546451,24000,24000,8962,15038,0,0,0,11,0.000458333,22.7711,255,138.872,34.5501,77.5,91.5,135.5,201.5,255.5,0,364,6,150,38.5,68.5,89.5,-38.1903,38.4998,-34.375,34.625,2.93238,16722,384,100,1934
1706675015750182982,24000,24000,8896,15104,0,0,0,17,0.000708333,19.6589,255,138.847,34.924,74.5,89.5,135.5,198.5,255.5,0,398,7,150,38.5,69.5,91.5,-38.4917,38.2364,-34.625,34.625,2.98343,16722,427,100,1836
1706675015850027829,24000,24000,9046,14954,0,0,0,13,0.000541667,39.9501,255,137.784,33.8071,73.5,89.5,134.5,197.5,255.5,0,330,9,150,38.5,67.5,91.5,-38.2967,38.4721,-34.625,34.625,2.94663,16723,497,100,1812
1706675015949865764,24000,24000,8973,15027,0,0,0,16,0.000666667,4.9973,255,138.324,35.6364,75.5,88.5,134.5,201.5,255.5,0,426,0,150,37.5,66.5,83.5,-38.4445,38.3363,-34.625,34.375,3.04279,16733,548,100,1570
1706675016049701424,24000,24000,8930,15070,0,0,0,15,0.000625,38.1081,255,137.458,34.1786,74.5,89.5,134.5,194.5,255.5,0,364,1,150,37.5,66.5,81.5,-38.3757,38.4231,-34.625,34.625,3.07603,16734,533,100,1655
1706675016149524579,23999,23999,8958,15041,0,0,0,15,0.000625026,0,255,137.912,33.7411,75.5,89.5,135.5,196.5,255.5,3,269,0,150,37.5,66.5,80.5,-38.3835,38.4075,-34.125,34.625,2.96087,16739,503,100,1727
1706675016250154510,24000,24000,9045,14955,0,0,0,16,0.000666667,27.3693,255,137.122,33.5647,75.5,87.5,133.5,192.5,255.5,0,282,7,150,38.5,67.5,83.5,-38.4492,38.3295,-34.125,34.125,3.02379,16739,437,100,1850
1706675016350000738,23999,23999,9189,14810,0,0,0,0,0,15.9747,255,137.645,33.5035,76.5,88.5,135.5,193.5,255.5,0,304,7,150,38.5,67.5,81.5,-37.7657,38.468,-33.875,34.125,3.04516,16739,437,100,1781
1706675016449835479,24000,24000,9137,14863,0,0,0,13,0.000541667,26.8039,255,136.893,32.832,75.5,88.5,134.5,189.5,255.5,0,281,0,150,37.5,68.5,82.5,-38.2893,37.8412,-34.125,33.875,3.89045,16742,490,100,1687
1706675016549665280,24000,24000,9088,14912,0,0,0,17,0.000708333,5.10376,255,137.609,35.5876,72.5,87.5,134.5,198.5,255.5,0,467,0,150,37.5,69.5,83.5,-38.4812,38.2376,-34.125,33.875,3.18881,16745,499,100,1654
1706675016649515195,24000,24000,9013,14987,0,0,0,10,0.000416667,0,255,137.397,33.6926,74.5,88.5,135.5,191.5,255.5,16,324,0,150,37.5,69.5,84.5,-38.1675,38.5043,-34.375,34.125,3.03448,16747,522,100,1594
1706675016750145433,24000,24000,8973,15027,0,0,0,17,0.000708333,0,255,138.292,35.7114,72.5,89.5,134.5,202.5,255.5,2,366,0,151,36.5,70.5,87.5,-38.5066,38.1003,-34.625,34.375,2.93594,16751,561,100,1406
1706675016849989724,23998,23998,9003,14995,0,0,0,11,0.000458372,0,255,137.516,36.0015,73.5,87.5,133.5,198.5,255.5,8,465,0,152,35.5,72.5,93.5,-38.0979,38.51,-34.375,34.625,2.93357,16754,596,100,1307
1706675016949831773,23995,23995,8986,15009,0,0,0,17,0.000708481,3.98173,255,137.386,36.2614,72.5,87.5,133.5,198.5,255.5,0,504,0,150,35.5,71.5,90.5,-38.5053,38.1601,-34.625,34.375,2.91101,16766,657,100,1111
1706675017049682425,23998,23998,8940,15058,0,0,0,12,0.000500042,0,255,137.611,36.7628,71.5,87.5,133.5,200.5,255.5,2,586,0,154,35.5,71.5,91.5,-38.2193,38.4974,-34.375,34.625,2.84927,16776,635,100,1092
1706675017149535786,24000,24000,8980,15020,0,0,0,17,0.000708333,0,255,137.296,36.2279,71.5,86.5,133.5,199.5,255.5,4,507,0,152,35.5,71.5,88.5,-38.4749,38.2768,-34.625,34.625,2.76142,16780,659,100,1092
1706675017250177697,23998,23998,9000,14998,0,0,0,13,0.000541712,0,255,137.428,35.7843,72.5,88.5,133.5,194.5,255.5,16,407,0,157,35.5,70.5,87.5,-38.3186,38.4561,-34.625,34.625,2.88133,16782,616,100,1232
1706675017350028098,23999,23999,9002,14997,0,0,0,16,0.000666694,0,255,137.569,35.1925,74.5,89.5,134.5,198.5,255.5,34,367,0,150,36.5,69.5,88.5,-38.4292,38.37,-34.125,34.625,2.93119,16783,553,100,1453
1706675017449872379,24000,24000,9014,14986,0,0,0,15,0.000625,5.02797,255,138.187,36.7545,75.5,87.5,133.5,204.5,255.5,0,580,0,150,36.5,70.5,88.5,-38.3989,38.4039,-34.125,34.125,3.01548,16787,503,100,1476
1706675017549720015,23999,23999,9081,14918,0,0,0,0,0,29.1438,255,138.31,35.1991,74.5,89.5,134.5,200.5,255.5,0,351,8,150,36.5,70.5,89.5,-37.5983,38.4292,-33.625,34.125,2.97156,16789,491,100,1587
1706675017649559696,24000,24000,9158,14842,0,0,0,14,0.000583333,0,255,137.637,35.7355,72.5,89.5,133.5,199.5,255.5,3,449,0,150,37.5,70.5,91.5,-38.3709,37.707,-34.125,33.625,6.91781,16792,479,100,1713
1706675017750207658,23999,23999,9142,14857,0,0,0,16,0.000666694,20.7896,255,138.499,34.67,76.5,90.5,134.5,196.5,255.5,0,488,0,150,37.5,71.5,91.5,-38.4534,38.3165,-34.125,34.125,2.83622,16792,450,100,1771
1706675017850045542,24000,24000,8988,15012,0,0,0,12,0.0005,5.30915,255,137.673,34.1867,75.5,90.5,134.5,198.5,255.5,0,297,1,150,36.5,67.5,87.5,-38.2661,38.4758,-34.625,34.125,2.79229,16797,524,100,1427
1706675017949898607,24000,24000,8901,15099,0,0,0,17,0.000708333,0,255,138.225,37.5145,72.5,88.5,133.5,205.5,255.5,3,576,0,150,36.5,67.5,89.5,-38.499,38.2154,-34.625,34.375,2.88964,16797,538,100,1331
1706675018049743636,24000,24000,8904,15096,0,0,0,10,0.000416667,4.8166,255,138.433,36.3739,70.5,89.5,134.5,203.5,255.5,0,372,0,152,35.5,67.5,88.5,-38.1641,38.4972,-34.375,34.625,2.95494,16801,553,100,1421
1706675018149592218,24000,24000,8950,15050,0,0,0,17,0.000708333,0,255,138.434,36.0032,72.5,88.5,134.5,202.5,255.5,8,418,0,151,35.5,66.5,86.5,-38.5131,38.0915,-34.625,34.375,2.94544,16804,539,100,1386
1706675018249829328,24000,24000,9041,14959,0,0,0,10,0.000416667,5.18232,255,137.999,36.0166,69.5,87.5,134.5,200.5,255.5,0,372,0,156,35.5,64.5,80.5,-38.1162,38.5107,-34.375,34.625,2.97275,16805,539,100,1402
1706675018349661513,24000,24000,8955,15045,0,0,0,17,0.000708333,10.241,255,138.713,36.5051,71.5,89.5,134.5,203.5,255.5,0,502,0,150,36.5,65.5,82.5,-38.5091,38.1851,-34.625,34.375,3.15083,16806,473,100,1523
1706675018449900124,24000,24000,9031,14969,0,0,0,12,0.0005,33.66,255,138.04,34.6848,74.5,87.5,135.5,195.5,255.5,0,369,9,150,37.5,66.5,81.5,-38.2368,38.4876,-34.375,34.125,3.10334,16806,397,100,1888
1706675018549734836,23999,23999,9019,14980,0,0,0,17,0.000708363,36.7391,255,138.438,35.9337,68.5,87.5,134.5,200.5,255.5,0,446,7,150,37.5,66.5,82.5,-38.4707,38.2783,-34.125,34.875,2.96681,16806,369,100,2004
1706675018649571495,24000,24000,9081,14919,0,0,0,13,0.000541667,39.8677,255,137.874,35.7071,66.5,87.5,133.5,198.5,255.5,0,419,8,150,37.5,67.5,83.5,-38.3205,38.4516,-34.125,34.125,2.94544,16806,344,100,2211
1706675018750199968,23999,23999,9064,14935,0,0,0,0,0,25.688,255,138.567,37.0791,65.5,87.5,134.5,207.5,255.5,0,554,8,150,37.5,67.5,92.5,-37.6961,38.3604,-33.625,34.125,2.85403,16806,353,100,2172
1706675018850035576,24000,24000,9120,14880,0,0,0,16,0.000666667,22.6567,255,138.799,36.942,65.5,87.5,134.5,203.5,255.5,0,596,8,150,37.5,67.5,84.5,-38.4338,37.5923,-34.125,33.625,2.91576,16806,373,100,2011
1706675018949871290,24000,24000,9101,14899,0,0,0,15,0.000625,29.9479,255,138.332,36.1136,69.5,86.5,134.5,201.5,255.5,0,474,8,150,36.5,66.5,78.5,-38.4049,38.3882,-34.125,34.125,3.00124,16806,382,100,1980
1706675019049697224,24000,24000,9046,14954,0,0,0,14,0.000583333,27.6357,255,137.109,34.757,69.5,87.5,133.5,197.5,255.5,0,325,9,150,35.5,65.5,77.5,-38.351,38.4362,-34.625,34.125,2.94425,16806,411,100,1831
1706675019149538297,24000,24000,8999,15001,0,0,0,16,0.000666667,31.7824,255,136.236,34.3316,67.5,86.5,133.5,193.5,255.5,0,305,8,150,34.5,65.5,77.5,-38.4561,38.3126,-34.625,34.625,2.91457,16806,443,100,1780
1706675019250179932,24000,24000,8887,15113,0,0,0,13,0.000541667,0,255,135.685,35.8899,67.5,85.5,132.5,199.5,255.5,27,387,0,150,33.5,64.5,78.5,-38.266,38.4823,-34.625,34.625,2.81247,16813,504,100,1593
1706675019350027028,24000,24000,8893,15107,0,0,0,17,0.000708333,4.80672,255,136.917,37.0264,71.5,84.5,132.5,204.5,255.5,0,475,0,150,33.5,64.5,77.5,-38.5044,38.1974,-34.625,34.375,2.89914,16819,529,100,1445
1706675019449862831,24000,24000,9035,14965,0,0,0,9,0.000375,0,255,136.491,37.1197,68.5,84.5,131.5,201.5,255.5,11,559,0,150,32.5,63.5,78.5,-38.1428,38.5103,-34.375,34.625,2.80179,16822,545,100,1336
1706675019549710018,24000,24000,9069,14931,0,0,0,17,0.000708333,0,255,136.612,36.3817,68.5,86.5,132.5,199.5,255.5,2,379,0,153,33.5,64.5,78.5,-38.5041,38.0693,-34.625,34.375,2.83978,16824,507,100,1482
1706675019649541755,24000,24000,9014,14986,0,0,0,9,0.000375,0,255,136.413,35.1401,67.5,86.5,132.5,197.5,255.5,26,269,0,150,33.5,64.5,79.5,-38.1174,38.5067,-34.375,34.125,3.01905,16829,470,100,1476
1706675019750191284,24000,24000,9066,14934,0,0,0,17,0.000708333,5,255,137.082,35.9763,69.5,86.5,133.5,199.5,255.5,0,364,0,150,33.5,63.5,79.5,-38.5002,38.1792,-34.125,34.875,2.94781,16831,462,100,1578
1706675019850034088,24000,24000,9056,14944,0,0,0,12,0.0005,0,255,136.944,35.8305,71.5,86.5,133.5,202.5,255.5,4,324,0,150,33.5,65.5,81.5,-38.2412,38.4866,-33.875,34.375,2.968,16831,438,100,1658
1706675019949883295,24000,24000,9082,14918,0,0,0,0,0,30.8282,255,137.215,36.4802,65.5,84.5,134.5,202.5,255.5,0,297,0,150,33.5,64.5,81.5,-37.8361,38.2959,-33.875,34.125,2.89676,16838,406,100,1821
1706675020049721700,24000,24000,9080,14920,0,0,0,17,0.000708333,31.0452,255,137.341,36.705,69.5,86.5,132.5,203.5,255.5,0,401,0,150,34.5,66.5,85.5,-38.4654,37.7276,-34.125,33.875,2.92763,16839,395,100,1745
1706675020149567519,24000,24000,9122,14878,0,0,0,15,0.000625,42.979,255,137.155,35.5159,73.5,87.5,133.5,198.5,255.5,0,384,7,150,33.5,65.5,83.5,-38.3479,38.4385,-34.125,34.125,2.94663,16839,429,100,1602
1706675020250199717,24000,24000,9024,14976,0,0,0,16,0.000666667,0,255,137.275,37.694,70.5,86.5,133.5,202.5,255.5,27,553,0,150,33.5,67.5,83.5,-38.4159,38.3864,-34.625,34.125,3.14133,16840,473,100,1560
1706675020350037780,23999,23999,8931,15068,0,0,0,16,0.000666694,0,255,137.581,38.0119,69.5,85.5,133.5,203.5,255.5,28,526,0,152,33.5,65.5,86.5,-38.4219,38.3793,-34.625,34.375,3.01905,16842,496,100,1469
1706675020449872232,24000,24000,8922,15078,0,0,0,14,0.000583333,0,255,137.594,37.223,70.5,85.5,134.5,203.5,255.5,13,455,0,151,33.5,64.5,85.5,-38.3352,38.4544,-34.625,34.625,2.97512,16846,535,100,1228
1706675020549707111,23999,23999,8879,15120,0,0,0,16,0.000666694,0,255,137.993,38.6918,67.5,85.5,133.5,208.5,255.5,24,431,0,150,33.5,64.5,83.5,-38.4762,38.2711,-34.625,34.625,3.16389,16854,545,100,1276
1706675020649549977,24000,24000,8925,15075,0,0,0,11,0.000458333,0,255,138.62,38.6071,65.5,85.5,135.5,207.5,255.5,20,505,0,152,33.5,63.5,85.5,-38.2266,38.4887,-34.375,34.625,3.06535,16856,524,100,1414
1706675020750184514,23998,23998,9058,14940,0,0,0,18,0.000750063,0,255,138.198,38.5176,67.5,84.5,134.5,209.5,255.5,20,541,0,151,34.5,63.5,84.5,-38.5014,38.1671,-34.625,34.375,2.95257,16861,533,100,1426
1706675020850010660,24000,24000,9036,14964,0,0,0,11,0.000458333,0,255,139.931,40.2029,66.5,83.5,135.5,214.5,255.5,18,684,0,159,35.5,64.5,86.5,-38.1042,38.511,-34.375,34.125,3.08078,16862,516,100,1278
1706675020949850091,23999,23999,9059,14940,0,0,0,17,0.000708363,0,255,138.815,37.905,70.5,86.5,134.5,206.5,255.5,3,428,0,150,34.5,63.5,86.5,-38.5065,38.0898,-34.125,34.125,2.93238,16866,486,100,1440
1706675021049699666,23998,23998,9099,14899,0,0,0,10,0.000416701,0,255,138.562,38.0442,72.5,86.5,134.5,208.5,255.5,4,542,0,150,34.5,62.5,84.5,-38.1729,38.3733,-34.125,34.375,3.08078,16869,447,100,1436
1706675021149544546,23999,23999,9086,14913,0,0,0,0,0,0,255,138.215,37.8215,67.5,83.5,135.5,203.5,255.5,25,366,0,150,35.5,62.5,85.5,-37.9374,38.5037,-33.875,34.875,2.86471,16871,452,100,1677
1706675021250191413,23999,23999,9032,14967,0,0,0,17,0.000708363,0,255,138.153,37.8162,69.5,85.5,134.5,203.5,255.5,2,398,0,156,35.5,63.5,94.5,-38.4983,37.8529,-34.125,33.875,2.85047,16874,516,100,1291
1706675021350023071,24000,24000,9069,14931,0,0,0,13,0.000541667,0,255,138.709,37.8235,70.5,86.5,134.5,205.5,255.5,18,454,0,162,36.5,62.5,82.5,-38.2798,38.4729,-34.125,34.125,2.90627,16883,545,100,1183
1706675021449872517,23999,23999,9116,14883,0,0,0,16,0.000666694,0,255,137.416,37.2591,68.5,85.5,133.5,201.5,255.5,7,393,0,152,36.5,63.5,87.5,-38.4565,38.3187,-34.625,34.125,2.99768,16892,553,100,1094
1706675021549718395,23998,23998,8967,15031,0,0,0,14,0.000583382,0,255,138.485,37.8334,72.5,87.5,134.5,207.5,255.5,21,396,0,152,36.5,63.5,83.5,-38.3593,38.4244,-34.375,34.625,3.03092,16901,582,100,1159
1706675021649555802,23999,23999,8883,15116,0,0,0,15,0.000625026,0,255,137.862,36.9458,69.5,86.5,134.5,200.5,255.5,7,443,0,150,36.5,63.5,83.5,-38.3938,38.41,-34.625,34.625,2.95731,16906,569,100,1059
1706675021750187665,24000,24000,8868,15132,0,0,0,16,0.000666667,0,255,137.789,37.1135,72.5,86.5,133.5,202.5,255.5,30,463,0,150,37.5,64.5,84.5,-38.4301,38.3516,-34.625,34.625,2.89083,16910,508,100,1345
1706675021850016739,23999,23999,8991,15008,0,0,0,13,0.000541689,0,255,139.026,36.2103,72.5,87.5,135.5,203.5,255.5,11,421,0,151,37.5,65.5,87.5,-38.3149,38.4588,-34.625,34.625,2.92407,16912,440,100,1514
1706675021949859490,24000,24000,9054,14946,0,0,0,17,0.000708333,0,255,138.471,36.7988,72.5,87.5,134.5,204.5,255.5,6,404,0,153,37.5,65.5,87.5,-38.4808,38.2639,-34.625,34.125,2.78042,16916,460,100,1487
1706675022049709326,24000,24000,9126,14874,0,0,0,11,0.000458333,0,255,137.661,35.4179,67.5,87.5,134.5,197.5,255.5,33,301,0,152,37.5,65.5,82.5,-38.2129,38.4946,-34.125,34.125,2.75787,16918,487,100,1334
1706675022149537241,23999,23999,9045,14954,0,0,0,17,0.000708363,0,255,137.588,35.0789,72.5,88.5,134.5,197.5,255.5,3,433,0,150,37.5,65.5,81.5,-38.5103,37.9609,-34.125,33.875,3.05348,16920,450,100,1393
1706675022250182174,23999,23999,9105,14894,0,0,0,4,0.000166674,0,255,137.777,35.7036,71.5,87.5,134.5,201.5,255.5,3,344,0,174,37.5,65.5,81.5,-38.018,38.1568,-34.125,34.125,2.87659,16920,434,100,1468
1706675022350014259,23998,23998,9120,14878,0,0,0,7,0.000291691,0,255,137.602,36.1994,70.5,87.5,134.5,201.5,255.5,4,486,0,151,37.5,66.5,82.5,-38.1048,38.5079,-34.125,35.125,2.91339,16920,435,100,1522
1706675022449850946,23998,23998,9087,14911,0,0,0,18,0.000750063,0,255,137.77,36.152,73.5,87.5,134.5,200.5,255.5,2,459,0,150,38.5,67.5,83.5,-38.5122,38.0406,-34.125,34.125,2.80298,16921,424,100,1622
1706675022549690357,23998,23998,9011,14987,0,0,0,10,0.000416701,0,255,138.855,36.3559,70.5,89.5,134.5,205.5,255.5,4,437,0,150,38.5,68.5,86.5,-38.1674,38.5023,-34.125,34.125,3.10334,16923,433,100,1454
1706675022649531161,24000,24000,9003,14997,0,0,0,17,0.000708333,0,255,138.019,36.1073,70.5,87.5,134.5,199.5,255.5,41,523,0,152,38.5,68.5,86.5,-38.4884,38.2405,-34.625,34.125,3.18051,16924,470,100,1336
1706675022750167012,23999,23999,9032,14967,0,0,0,13,0.000541689,0,255,136.988,36.0493,67.5,86.5,134.5,198.5,255.5,5,389,0,150,38.5,69.5,88.5,-38.2895,38.472,-34.375,34.625,2.90389,16926,465,100,1446
1706675022849996063,23998,23998,8908,15090,0,0,0,16,0.000666722,0,255,138.145,36.0958,72.5,87.5,134.5,201.5,255.5,28,392,0,152,38.5,72.5,90.5,-38.4526,38.3469,-34.625,34.625,4.20981,16927,399,100,1570
1706675022949852299,24000,24000,8859,15141,0,0,0,15,0.000625,0,255,137.792,34.6906,71.5,88.5,134.5,198.5,255.5,7,313,0,150,39.5,71.5,92.5,-38.38,38.4233,-34.375,34.625,3.04398,16927,359,100,1701
1706675023049704549,23999,23999,8879,15120,0,0,0,15,0.000625026,30.0786,255,139.299,36.1856,71.5,88.5,134.5,204.5,255.5,0,477,0,150,39.5,73.5,95.5,-38.3868,38.4064,-34.625,34.625,3.10097,16928,328,100,1760
1706675023149553228,24000,24000,9020,14980,0,0,0,16,0.000666667,21.8701,255,138.378,35.4355,73.5,88.5,134.5,202.5,255.5,0,398,5,150,39.5,72.5,92.5,-38.4331,38.3572,-34.625,34.125,3.06179,16928,312,100,1864
1706675023250178807,24000,24000,9171,14829,0,0,0,14,0.000583333,20.8222,255,139.523,37.2974,74.5,88.5,134.5,211.5,255.5,0,684,0,151,39.5,71.5,92.5,-38.2976,38.4669,-34.125,34.125,3.09622,16928,324,100,1937
1706675023350027478,23999,23999,9088,14911,0,0,0,17,0.000708363,0,255,138.127,36.1816,70.5,86.5,134.5,201.5,255.5,4,444,0,150,38.5,69.5,86.5,-38.4868,37.8332,-34.125,33.875,2.746,16931,354,100,1812
1706675023449864425,24000,24000,9049,14951,0,0,0,0,0,23.7011,255,138.785,36.3397,69.5,86.5,134.5,202.5,255.5,0,561,0,150,38.5,68.5,85.5,-37.9062,38.2453,-33.875,33.875,3.05704,16931,336,100,1814
1706675023549703788,23994,23994,9040,14954,0,0,0,11,0.000458448,28.2353,255,138.866,37.0068,70.5,86.5,135.5,207.5,255.5,0,523,0,150,38.5,68.5,86.5,-38.2092,38.4924,-33.875,34.125,3.13065,16932,349,100,1871
1706675023649540160,23999,23999,9070,14929,0,0,0,17,0.000708363,0,255,138.176,36.2372,64.5,86.5,135.5,201.5,255.5,7,482,0,150,37.5,68.5,84.5,-38.5052,38.1402,-34.125,34.875,3.15914,16933,387,100,1695
1706675023750182860,23997,23997,9076,14921,0,0,0,13,0.000541734,0,255,138.94,37.6597,64.5,85.5,135.5,203.5,255.5,6,635,0,150,38.5,68.5,86.5,-38.0652,38.5068,-34.375,34.125,3.10809,16937,370,100,1786
1706675023850043911,23998,23998,8955,15043,0,0,0,18,0.000750063,5.47527,255,138.654,37.4833,64.5,86.5,135.5,206.5,255.5,0,559,0,150,38.5,69.5,85.5,-38.5083,38.1494,-34.625,34.375,3.09028,16942,359,100,1816
1706675023949899433,24000,24000,9010,14990,0,0,0,11,0.000458333,0,255,137.796,36.9,58.5,86.5,134.5,205.5,255.5,13,414,0,150,38.5,69.5,86.5,-38.2095,38.502,-34.375,34.625,3.21257,16942,346,100,1800
1706675024049746796,23997,23997,8941,15056,0,0,0,17,0.000708422,0,255,139.205,37.6958,62.5,87.5,135.5,208.5,255.5,5,576,0,150,38.5,69.5,86.5,-38.4932,38.2529,-34.625,34.375,3.23037,16942,360,100,1882
1706675024149586853,24000,24000,8950,15050,0,0,0,13,0.000541667,0,255,138.636,36.399,62.5,87.5,135.5,203.5,255.5,13,462,0,150,38.5,68.5,86.5,-38.31,38.4702,-34.375,34.625,3.12946,16942,336,100,1809
1706675024249824943,23998,23998,8945,15053,0,0,0,16,0.000666722,0,255,138.468,37.3114,58.5,85.5,134.5,204.5,255.5,12,505,0,150,38.5,68.5,86.5,-38.4378,38.3356,-34.625,34.625,3.13065,16942,355,100,1684
1706675024349644945,24000,24000,8980,15020,0,0,0,15,0.000625,11.7469,255,138.903,38.2021,59.5,85.5,134.5,211.5,255.5,0,535,0,150,37.5,69.5,87.5,-38.3952,38.4055,-34.375,34.125,3.18407,16945,350,100,1845
1706675024449896587,23995,23995,9088,14907,0,0,0,15,0.00062513,0,255,138.641,38.5861,56.5,84.5,134.5,210.5,255.5,12,526,0,150,37.5,69.5,90.5,-38.3667,38.4232,-34.125,34.125,3.12946,16946,340,100,1793
1706675024549734538,23999,23999,9179,14820,0,0,0,17,0.000708363,0,255,138.388,38.1494,57.5,84.5,134.5,205.5,255.5,2,619,0,150,37.5,70.5,95.5,-38.4499,37.6957,-34.125,33.625,3.16745,16948,325,100,1900
1706675024649586195,23998,23998,9131,14867,0,0,0,0,0,24.2586,255,138.735,38.6819,54.5,83.5,133.5,207.5,255.5,0,549,7,150,37.5,70.5,94.5,-37.7913,38.3215,-33.875,34.125,3.13777,16948,283,100,2055
1706675024749822291,23999,23999,9046,14953,0,0,0,13,0.000541689,0,255,137.813,38.3823,59.5,81.5,133.5,206.5,255.5,23,597,0,150,36.5,71.5,98.5,-38.2739,38.4756,-33.875,34.125,3.07366,16949,313,100,1906
1706675024849669724,23999,23999,9003,14996,0,0,0,17,0.000708363,0,255,136.951,40.7232,50.5,78.5,132.5,214.5,255.5,17,784,0,150,36.5,72.5,107.5,-38.498,38.2113,-34.125,34.375,3.07723,16951,343,100,1743
1706675024949517133,24000,24000,9017,14983,0,0,0,10,0.000416667,16.3934,255,137.25,39.512,53.5,81.5,133.5,207.5,255.5,0,705,0,150,36.5,70.5,102.5,-38.1465,38.5097,-34.375,34.625,3.30635,16953,340,100,1704
1706675025050145503,24000,24000,9000,15000,0,0,0,18,0.00075,0,255,137.261,39.4881,50.5,80.5,134.5,209.5,255.5,16,617,0,150,36.5,71.5,108.5,-38.5092,38.0882,-34.625,34.375,3.10216,16955,308,100,1905
1706675025149973572,24000,24000,8997,15003,0,0,0,8,0.000333333,5.53846,255,137.837,40.1932,46.5,81.5,133.5,210.5,255.5,0,651,0,151,37.5,73.5,106.5,-38.1146,38.5067,-34.375,34.625,3.06298,16955,277,100,1994
1706675025249805835,24000,24000,8978,15022,0,0,0,17,0.000708333,0,255,137.571,38.4772,44.5,81.5,134.5,204.5,255.5,11,441,0,150,37.5,69.5,92.5,-38.4974,38.1933,-34.625,34.375,3.11403,16957,273,100,2072
1706675025349648913,24000,24000,8911,15089,0,0,0,11,0.000458333,0,255,137.182,39.1283,47.5,79.5,133.5,204.5,255.5,12,536,0,150,36.5,67.5,86.5,-38.2401,38.4888,-34.375,34.625,3.22563,16957,292,100,1982
1706675025449901108,24000,24000,8973,15027,0,0,0,17,0.000708333,9.15398,255,137.497,37.94,57.5,83.5,133.5,204.5,255.5,0,502,0,151,36.5,66.5,84.5,-38.4727,38.2952,-34.625,34.375,3.27786,16960,283,100,1986
1706675025549747168,24000,24000,9016,14984,0,0,0,14,0.000583333,11.2438,255,137.513,39.4968,58.5,81.5,133.5,208.5,255.5,0,701,0,150,36.5,67.5,86.5,-38.3346,38.4408,-34.625,34.125,3.22444,16961,289,100,2012
1706675025649580673,23999,23999,9055,14944,0,0,0,16,0.000666694,0,255,137.79,38.9866,58.5,81.5,134.5,207.5,255.5,24,564,0,150,35.5,67.5,85.5,-38.4095,38.3895,-34.125,34.125,3.00718,16962,287,100,2043
1706675025750235825,23993,23993,9124,14869,0,0,0,15,0.000625182,0,255,138.429,38.545,58.5,84.5,134.5,206.5,255.5,6,550,0,151,35.5,66.5,86.5,-38.4227,37.5724,-34.125,33.625,3.49512,16966,352,100,1895
1706675025850064374,23999,23999,9156,14843,0,0,0,0,0,0,255,138.135,39.056,53.5,83.5,134.5,207.5,255.5,5,461,0,150,35.5,68.5,90.5,-37.6636,38.3859,-33.625,34.125,3.10335,16972,318,100,1888
1706675025949908942,23991,23991,9069,14922,0,0,0,15,0.000625234,0,255,137.672,38.4521,54.5,83.5,133.5,205.5,255.5,7,426,0,150,35.5,69.5,102.5,-38.3444,38.4473,-34.125,34.125,3.15558,16972,330,100,1851
1706675026049755116,23997,23997,9004,14993,0,0,0,17,0.000708422,0,255,137.854,38.7955,58.5,85.5,133.5,207.5,255.5,8,548,0,150,35.5,69.5,96.5,-38.472,38.2851,-34.125,34.375,3.22207,16982,340,100,1902
1706675026149605534,24000,24000,8938,15062,0,0,0,11,0.000458333,0,255,138.087,38.7371,56.5,83.5,134.5,204.5,255.5,4,564,0,150,35.5,69.5,93.5,-38.23,38.4935,-34.375,34.625,3.1449,16983,297,100,2114
1706675026249846973,24000,24000,8974,15026,0,0,0,18,0.00075,0,255,137.814,39.942,52.5,81.5,135.5,207.5,255.5,16,538,0,150,35.5,70.5,96.5,-38.5045,38.167,-34.625,34.375,3.15321,16983,287,100,2061
1706675026349691353,24000,24000,9009,14991,0,0,0,11,0.000458333,10.9,255,138.041,38.03,63.5,85.5,134.5,205.5,255.5,0,516,1,150,36.5,71.5,99.5,-38.1056,38.5108,-34.375,34.625,3.24581,16983,240,100,2382
1706675026449539642,23999,23999,8991,15008,0,0,0,18,0.000750031,10.5906,255,139.274,39.6595,56.5,83.5,134.5,215.5,255.5,0,657,2,150,37.5,72.5,99.5,-38.5128,38.0743,-34.625,34.375,3.10928,16983,221,100,2457
1706675026550180461,24000,24000,8985,15015,0,0,0,9,0.000375,14.0504,255,138.889,38.8469,56.5,84.5,135.5,211.5,255.5,0,511,3,150,36.5,72.5,98.5,-38.1441,38.5153,-34.375,34.625,3.0891,16983,227,100,2338
1706675026650031586,23999,23999,8965,15034,0,0,0,17,0.000708363,17.8578,255,138.167,39.3117,46.5,84.5,134.5,207.5,255.5,0,655,4,150,36.5,71.5,98.5,-38.4879,38.2098,-34.625,34.375,3.06654,16983,215,100,2327
1706675026749877212,24000,24000,9006,14994,0,0,0,13,0.000541667,15.9038,255,139.006,39.6759,57.5,83.5,134.5,212.5,255.5,0,665,2,150,37.5,72.5,100.5,-38.2762,38.4753,-34.375,34.125,2.98344,16983,214,100,2434
1706675026849722000,24000,24000,9062,14938,0,0,0,17,0.000708333,12.6225,255,138.738,39.177,60.5,85.5,134.5,214.5,255.5,0,644,4,150,36.5,72.5,103.5,-38.4629,38.3182,-34.125,34.125,3.04874,16983,211,100,2427
1706675026949556993,23999,23999,9130,14869,0,0,0,15,0.000625026,0,255,139.311,39.3674,64.5,85.5,134.5,214.5,255.5,4,643,0,150,36.5,69.5,100.5,-38.3665,37.7061,-34.125,33.875,3.07248,16987,224,100,2329
1706675027050196092,24000,24000,9132,14868,0,0,0,0,0,0,255,140.18,39.5396,64.5,86.5,135.5,214.5,255.5,3,718,0,150,36.5,66.5,92.5,-37.6016,38.4198,-33.625,34.125,2.95613,16988,234,100,2355
1706675027150033875,24000,24000,9060,14940,0,0,0,16,0.000666667,0,255,139.702,38.8552,64.5,88.5,135.5,215.5,255.5,12,574,0,150,36.5,65.5,102.5,-38.4046,38.394,-34.125,34.125,2.99294,16991,230,100,2275
1706675027249884735,23999,23999,8990,15009,0,0,0,16,0.000666694,0,255,139.417,38.3419,69.5,87.5,135.5,211.5,255.5,10,612,0,150,37.5,64.5,84.5,-38.4298,38.3581,-34.125,34.375,2.98819,16991,213,100,2399
1706675027349730608,24000,24000,8985,15015,0,0,0,14,0.000583333,15.4128,255,138.415,35.4275,67.5,88.5,136.5,195.5,255.5,0,504,4,151,37.5,63.5,80.5,-38.3111,38.4676,-34.625,34.625,3.08791,16991,199,100,2409
1706675027449560996,24000,24000,8902,15098,0,0,0,17,0.000708333,14.5069,255,137.592,34.5725,59.5,88.5,136.5,194.5,255.5,0,350,4,150,38.5,63.5,79.5,-38.4903,38.2516,-34.625,34.625,2.98581,16991,182,100,2404
1706675027550206164,24000,24000,8976,15024,0,0,0,11,0.000458333,14.5303,255,139.79,36.4348,69.5,88.5,135.5,204.5,255.5,0,538,4,150,38.5,63.5,80.5,-38.2048,38.4928,-34.375,34.625,2.94426,16991,176,100,2422
1706675027650036508,24000,24000,8952,15048,0,0,0,18,0.00075,37.2958,255,139.506,36.4483,74.5,89.5,135.5,204.5,255.5,0,696,8,150,39.5,64.5,81.5,-38.5084,38.1455,-34.625,34.375,2.90865,16991,179,100,2544
1706675027749872517,24000,24000,9049,14951,0,0,0,11,0.000458333,22.5866,255,139.104,33.8519,75.5,91.5,136.5,195.5,255.5,0,346,6,150,39.5,63.5,78.5,-38.0871,38.505,-34.375,34.625,3.00125,16991,177,100,2494
1706675027849722521,23999,23999,9004,14995,0,0,0,17,0.000708363,29.4387,255,138.988,35.0846,75.5,88.5,135.5,198.5,255.5,0,558,6,150,38.5,63.5,78.5,-38.5117,38.1093,-34.375,34.375,2.99294,16991,177,100,2438
1706675027949544871,24000,24000,9045,14955,0,0,0,10,0.000416667,27.4492,255,139.051,35.1067,75.5,89.5,135.5,200.5,255.5,0,528,8,150,38.5,63.5,82.5,-38.1726,38.5015,-34.625,34.125,3.16983,16991,173,100,2610
1706675028050167414,23999,23999,9045,14954,0,0,0,17,0.000708363,26.78,255,138.588,35.2213,72.5,88.5,135.5,200.5,255.5,0,502,6,150,38.5,64.5,87.5,-38.4945,38.222,-34.125,33.875,3.31586,16991,168,100,2494
1706675028149995383,24000,24000,9072,14928,0,0,0,13,0.000541667,18.973,255,138.968,35.7277,72.5,88.5,135.5,198.5,255.5,0,578,6,150,39.5,63.5,79.5,-38.2755,37.8659,-34.125,33.875,3.24818,16991,166,100,2546
1706675028249833505,23999,23999,9190,14809,0,0,0,0,0,22.0342,255,139.835,35.9893,74.5,88.5,136.5,208.5,255.5,0,434,6,150,39.5,64.5,80.5,-37.7757,38.4691,-33.875,34.125,3.1081,16991,164,100,2595
1706675028349678868,24000,24000,9076,14924,0,0,0,17,0.000708333,21.3786,255,139.182,34.9097,74.5,89.5,136.5,196.5,255.5,0,620,6,150,39.5,65.5,82.5,-38.4457,38.343,-34.125,34.125,3.15796,16991,168,100,2481
1706675028449529289,23998,23998,8988,15010,0,0,0,15,0.000625052,32.2675,255,138.82,35.4489,74.5,88.5,135.5,201.5,255.5,0,560,8,150,39.5,66.5,83.5,-38.3903,38.4048,-34.125,34.625,3.20426,16991,155,100,2507
1706675028550162706,24000,24000,8894,15106,0,0,0,15,0.000625,28.4596,255,139.328,36.7483,71.5,88.5,135.5,202.5,255.5,0,596,7,151,40.5,67.5,84.5,-38.3759,38.4215,-34.625,34.625,3.31586,16991,150,100,2502
1706675028650009771,23999,23999,8903,15096,0,0,0,17,0.000708363,23.2015,255,138.966,34.6239,72.5,90.5,135.5,197.5,255.5,0,463,6,150,40.5,67.5,86.5,-38.4418,38.3332,-34.625,34.625,3.13184,16991,157,100,2409
1706675028749853914,24000,24000,8922,15078,0,0,0,13,0.000541667,35.7778,255,139.761,34.7537,73.5,90.5,136.5,202.5,255.5,0,506,8,150,41.5,67.5,85.5,-38.2989,38.4645,-34.375,34.625,3.09741,16991,152,100,2434
1706675028849702733,24000,24000,9026,14974,0,0,0,17,0.000708333,28.5005,255,139.25,33.8591,75.5,91.5,135.5,196.5,255.5,0,512,7,150,41.5,67.5,84.5,-38.4968,38.2336,-34.625,34.375,3.025,16991,148,100,2466
1706675028949536194,24000,24000,8971,15029,0,0,0,10,0.000416667,27.1094,255,139.663,34.3679,76.5,92.5,135.5,201.5,255.5,0,569,7,150,41.5,66.5,85.5,-38.1807,38.4927,-34.125,34.625,3.06773,16991,137,100,2484
1706675029050173005,23998,23998,9023,14975,0,0,0,17,0.000708392,29.8265,255,139.237,35.0256,74.5,89.5,135.5,200.5,255.5,0,555,6,150,41.5,66.5,84.5,-38.5037,38.1227,-34.125,34.375,2.93595,16991,138,100,2494
1706675029150010222,24000,24000,9097,14903,0,0,0,12,0.0005,21.533,255,139.517,34.8417,75.5,90.5,135.5,199.5,255.5,0,521,7,150,41.5,65.5,83.5,-38.0765,38.5077,-34.875,34.125,3.04518,16991,137,100,2541
1706675029249840311,24000,24000,9079,14921,0,0,0,17,0.000708333,30.6849,255,139.205,34.3569,74.5,89.5,135.5,197.5,255.5,0,536,8,150,41.5,65.5,82.5,-38.5023,38.1476,-34.125,33.875,3.0986,16991,137,100,2459
1706675029349695222,24000,24000,9028,14972,0,0,0,11,0.000458333,26.6006,255,139.335,35.2866,73.5,89.5,135.5,200.5,255.5,0,501,7,150,40.5,65.5,83.5,-38.2104,37.9674,-33.875,33.875,3.10335,16991,137,100,2458
1706675029449519368,24000,24000,9073,14927,0,0,0,0,0,25.5736,255,139.729,35.7258,72.5,88.5,136.5,204.5,255.5,0,517,6,150,41.5,66.5,83.5,-37.8696,38.4952,-33.875,34.125,3.03449,16991,134,100,2486
1706675029550146064,23999,23999,9127,14872,0,0,0,17,0.000708363,20.7811,255,139.986,35.9682,72.5,88.5,135.5,202.5,255.5,0,519,6,150,40.5,66.5,82.5,-38.4754,38.2778,-34.125,34.125,3.0523,16991,132,100,2577
1706675029649982865,23998,23998,9055,14943,0,0,0,14,0.000583382,27.9136,255,139.067,35.7775,71.5,89.5,135.5,200.5,255.5,0,548,6,150,40.5,67.5,82.5,-38.3119,38.4588,-34.125,34.625,3.06655,16991,128,100,2541
1706675029749834227,23999,23999,8914,15085,0,0,0,17,0.000708363,17.8434,255,139.814,36.1809,69.5,88.5,135.5,204.5,255.5,0,527,6,150,41.5,66.5,82.5,-38.432,38.3651,-34.625,34.625,2.96563,16991,121,100,2471
1706675029849689074,23999,23999,8853,15146,0,0,0,16,0.000666694,22.0413,255,139.779,36.0883,73.5,89.5,135.5,205.5,255.5,0,514,6,150,41.5,66.5,84.5,-38.3883,38.4021,-34.375,34.375,3.06061,16991,126,100,2504
1706675029949543691,24000,24000,8885,15115,0,0,0,14,0.000583333,26.0751,255,139.14,36.6014,72.5,88.5,135.5,204.5,255.5,0,641,6,150,40.5,67.5,84.5,-38.3571,38.436,-34.625,34.625,3.07605,16991,127,100,2495
1706675030050180019,24000,24000,9043,14957,0,0,0,17,0.000708333,17.8119,255,138.877,37.0212,71.5,86.5,133.5,208.5,255.5,0,572,5,150,40.5,65.5,80.5,-38.4706,38.3021,-34.625,34.375,3.88334,16991,132,100,2454
1706675030150021802,24000,24000,9032,14968,0,0,0,12,0.0005,23.6761,255,138.609,36.4697,69.5,86.5,134.5,204.5,255.5,0,550,2,150,39.5,63.5,78.5,-38.2359,38.4906,-34.125,34.625,3.95339,16991,131,100,2516
1706675030249863052,24000,24000,9003,14997,0,0,0,17,0.000708333,0,255,137.964,35.8832,70.5,85.5,134.5,197.5,255.5,6,552,0,150,38.5,63.5,77.5,-38.4999,38.1885,-34.125,34.125,3.60079,16991,133,100,2483
1706675030349700355,23999,23999,9083,14916,0,0,0,0,0,0,255,138.089,36.5747,68.5,87.5,134.5,199.5,255.5,11,522,0,150,37.5,63.5,76.5,-37.9769,38.5091,-33.875,34.125,3.34435,16991,138,100,2440
1706675030449549496,23998,23998,9108,14890,0,0,0,26,0.00108342,0,255,137.962,37.5491,70.5,84.5,134.5,206.5,255.5,3,586,0,150,36.5,63.5,76.5,-38.5121,38.0454,-34.875,33.875,3.26244,16991,134,100,2533
1706675030550189483,24000,24000,9102,14898,0,0,0,8,0.000333333,0,255,138.843,38.2427,70.5,85.5,134.5,205.5,255.5,22,682,0,150,37.5,62.5,75.5,-38.1126,38.096,-34.125,33.875,3.1912,16997,133,100,2554
1706675030650019537,23999,23999,9078,14921,0,0,0,2,8.33368e-05,0,255,138.138,37.323,69.5,86.5,135.5,203.5,255.5,7,639,0,150,36.5,62.5,76.5,-38.0072,38.5108,-33.875,34.125,3.22444,16999,136,100,2513
1706675030749853971,24000,24000,9079,14921,0,0,0,17,0.000708333,13.1577,255,138.188,37.7527,70.5,85.5,134.5,203.5,255.5,0,679,0,150,36.5,62.5,76.5,-38.4958,38.1761,-34.125,34.125,3.13303,16999,131,100,2469
1706675030849687465,23999,23999,9067,14932,0,0,0,12,0.000500021,6.36134,255,137.972,37.4607,66.5,84.5,134.5,204.5,255.5,0,448,0,150,36.5,62.5,77.5,-38.2426,38.4855,-34.125,34.625,3.22326,16999,132,100,2426
1706675030949520557,23999,23999,8938,15061,0,0,0,17,0.000708363,13.0782,255,138.001,37.1075,70.5,86.5,134.5,201.5,255.5,0,608,0,150,36.5,62.5,76.5,-38.4726,38.2931,-34.625,34.625,3.42865,16999,124,100,2461
1706675031050157343,23999,23999,8913,15086,0,0,0,14,0.000583358,6.50943,255,137.689,36.1306,68.5,85.5,135.5,197.5,255.5,0,449,0,150,36.5,62.5,76.5,-38.324,38.46,-34.625,34.625,3.4049,17001,128,100,2430
1706675031150004488,23998,23998,8864,15134,0,0,0,16,0.000666722,0,255,138.265,37.8159,64.5,85.5,135.5,200.5,255.5,8,604,0,150,37.5,62.5,76.5,-38.4276,38.3773,-34.625,34.375,3.47257,17010,130,100,2350
1706675031249845168,23968,23968,8941,15027,0,0,0,16,0.000667557,0,255,138.303,38.3874,60.5,86.5,134.5,207.5,255.5,25,584,0,151,37.5,62.5,76.5,-38.4168,38.3884,-34.625,34.625,3.40728,17018,133,100,2339
1706675031349688907,23986,23986,9070,14916,0,0,0,14,0.000583674,0,255,138.997,38.2462,67.5,86.5,135.5,203.5,255.5,19,710,0,150,37.5,62.5,78.5,-38.346,38.4468,-34.125,34.625,3.28618,17026,146,100,2355
1706675031449534643,23997,23997,9126,14871,0,0,0,16,0.00066675,0,255,138.666,37.3015,65.5,86.5,135.5,205.5,255.5,11,428,0,150,37.5,61.5,76.5,-38.4689,38.3006,-34.125,34.125,3.44408,17028,146,100,2350
1706675031550198181,23964,23964,9057,14907,0,0,0,0,0,0,255,139.419,40.4475,45.5,83.5,136.5,211.5,255.5,54,679,0,150,37.5,63.5,80.5,-37.8207,38.486,-33.875,34.125,3.07249,17039,143,100,2440
1706675031650024587,23928,23928,9061,14867,0,0,0,13,0.000543297,0,255,140.264,40.5656,55.5,84.5,136.5,215.5,255.5,13,732,0,150,37.5,64.5,82.5,-38.2619,37.8962,-34.375,33.875,3.08792,17047,155,100,2406
1706675031749855236,23970,23970,9059,14911,0,0,0,17,0.00070922,0,255,139.737,41.2032,24.5,84.5,136.5,216.5,255.5,46,689,0,150,38.5,63.5,82.5,-38.5006,38.2029,-34.875,33.875,3.23276,17055,162,100,2383
1706675031849679929,23941,23941,9090,14851,0,0,0,10,0.000417693,0,255,140.419,41.212,47.5,83.5,136.5,218.5,255.5,34,645,0,150,38.5,63.5,82.5,-38.1423,38.5048,-34.125,34.125,3.85485,17062,161,100,2427
1706675031949515009,23950,23950,9045,14905,0,0,0,18,0.000751566,0,255,140.456,40.1306,45.5,85.5,137.5,214.5,255.5,31,618,0,150,39.5,64.5,82.5,-38.511,38.0628,-34.125,34.375,3.31824,17065,154,100,2407
1706675032050151521,23991,23991,9095,14896,0,0,0,9,0.000375141,0,255,140.16,40.7423,20.5,85.5,137.5,212.5,255.5,14,652,0,150,39.5,64.5,83.5,-38.1395,38.5144,-34.375,34.625,3.27431,17066,148,100,2320
1706675032150006427,23981,23981,8907,15074,0,0,0,17,0.000708895,0,255,140.08,40.4777,39.5,83.5,136.5,212.5,255.5,26,699,0,150,39.5,64.5,84.5,-38.4956,38.1868,-34.625,34.375,3.1544,17073,132,100,2342
1706675032249847695,23970,23970,8869,15101,0,0,0,12,0.000500626,0,255,139.591,40.1741,20.5,83.5,136.5,208.5,255.5,12,502,0,150,40.5,64.5,82.5,-38.2448,38.4943,-34.375,34.625,3.07842,17073,146,100,2314
1706675032349693931,23938,23938,8911,15027,0,0,0,17,0.000710168,0,255,138.793,40.9206,13.5,82.5,137.5,210.5,255.5,29,465,0,150,41.5,62.5,75.5,-38.4639,38.3009,-34.625,34.375,3.00125,17085,161,100,2285
1706675032449540270,23977,23977,8921,15056,0,0,0,15,0.0006256,0,255,139.129,38.1553,41.5,84.5,137.5,202.5,255.5,15,426,0,150,42.5,63.5,76.5,-38.3574,38.44,-34.625,34.625,3.15322,17090,174,100,2203
1706675032550187260,23966,23966,9038,14928,0,0,0,16,0.000667612,0,255,139.766,40.2239,28.5,82.5,137.5,208.5,255.5,27,611,0,151,42.5,66.5,84.5,-38.4136,38.3921,-34.125,34.625,3.05468,17114,190,100,2238
1706675032650029050,23970,23970,9126,14844,0,0,0,16,0.000667501,0,255,139.333,40.1018,19.5,80.5,137.5,205.5,255.5,31,478,0,150,43.5,66.5,83.5,-38.4166,38.3719,-34.125,34.125,3.20545,17132,201,100,2175
1706675032749876145,23981,23981,9077,14904,0,0,0,0,0,0,255,139.407,40.3935,15.5,82.5,138.5,205.5,255.5,25,594,0,150,44.5,67.5,86.5,-37.6758,38.4584,-33.625,34.125,3.14134,17154,220,100,2195
1706675032849724262,23983,23983,9051,14932,0,0,0,14,0.000583747,0,255,137.951,40.8494,12.5,77.5,137.5,204.5,255.5,22,569,0,151,44.5,70.5,96.5,-38.3401,37.7684,-34.125,33.875,3.02381,17176,249,100,2076
1706675032949565392,23980,23980,9036,14944,0,0,0,16,0.000667223,0,255,137.589,42.3251,11.5,72.5,137.5,204.5,255.5,24,547,0,150,43.5,69.5,89.5,-38.4707,38.2829,-34.125,34.125,3.15915,17186,272,100,2080
1706675033050192074,23975,23975,9019,14956,0,0,0,11,0.000458811,0,255,138.985,43.2589,15.5,73.5,137.5,217.5,255.5,33,780,0,151,44.5,71.5,95.5,-38.2364,38.496,-34.125,34.125,3.03212,17195,290,100,2031
1706675033150042522,23984,23984,8972,15012,0,0,0,18,0.0007505,0,255,138.263,43.2446,10.5,71.5,137.5,211.5,255.5,30,695,0,151,45.5,73.5,95.5,-38.5046,38.1742,-34.125,34.375,3.11166,17204,296,100,2042
1706675033249887741,23977,23977,9001,14976,0,0,0,11,0.000458773,0,255,138.64,44.1562,11.5,68.5,137.5,221.5,255.5,41,792,0,150,46.5,73.5,97.5,-38.1082,38.5071,-34.375,34.625,3.17815,17214,293,100,1932
1706675033349737626,23987,23987,9086,14901,0,0,0,18,0.000750406,0,255,139.222,43.0536,9.5,75.5,138.5,215.5,255.5,36,663,0,151,46.5,72.5,93.5,-38.5185,38.0834,-34.625,34.625,3.05586,17223,284,100,1927
1706675033449572825,23983,23983,8910,15073,0,0,0,10,0.000416962,0,255,137.565,45.0162,7.5,61.5,136.5,220.5,255.5,36,643,0,151,45.5,73.5,93.5,-38.1478,38.5087,-34.375,34.625,3.05587,17231,296,100,1990
1706675033550207580,23974,23974,8851,15123,0,0,0,17,0.000709102,0,255,136.41,45.4238,6.5,43.5,135.5,215.5,255.5,65,660,0,151,45.5,72.5,95.5,-38.4952,38.2092,-34.625,34.375,2.92646,17238,324,100,1873
1706675033650030793,23980,23980,8949,15031,0,0,0,13,0.000542118,0,255,137.727,47.346,6.5,42.5,136.5,227.5,255.5,63,827,0,152,44.5,73.5,98.5,-38.2825,38.4701,-34.375,34.625,3.01194,17249,350,100,1857
1706675033749870674,23967,23967,9044,14923,0,0,0,16,0.000667585,0,255,137.659,50.5413,6.5,29.5,136.5,246.5,255.5,68,1102,0,152,43.5,74.5,101.5,-38.4443,38.328,-34.125,34.625,2.9977,17281,380,100,1769
1706675033849709824,23971,23971,9089,14882,0,0,0,15,0.000625756,0,255,135.836,52.0042,6.5,22.5,136.5,236.5,255.5,85,968,0,156,42.5,74.5,102.5,-38.3667,38.4155,-34.125,34.125,2.99532,17303,423,100,1783
1706675033949555850,23983,23983,9164,14819,0,0,0,0,0,0,255,131.066,51.2696,6.5,20.5,133.5,214.5,255.5,63,647,0,166,39.5,70.5,87.5,-37.5747,38.404,-33.625,34.125,3.044,17321,452,100,1884
1706675034050205620,23965,23965,9031,14934,0,0,0,15,0.000625913,0,255,127.668,53.3808,7.5,15.5,133.5,207.5,255.5,80,508,0,159,38.5,72.5,101.5,-38.389,37.6496,-34.125,33.625,3.10692,17350,495,100,1742
1706675034150045750,23965,23965,9053,14912,0,0,0,16,0.00066764,0,255,130.875,54.3274,7.5,19.5,133.5,231.5,255.5,92,1024,0,157,38.5,76.5,132.5,-38.4421,38.3478,-34.125,34.125,3.25651,17365,524,100,1812
1706675034249890709,23967,23967,9036,14931,0,0,0,13,0.000542412,0,255,132.832,55.1648,7.5,20.5,134.5,255.5,255.5,77,1215,0,156,38.5,77.5,126.5,-38.2928,38.4701,-34.875,34.125,3.32655,17376,552,100,1824
1706675034349740530,23975,23975,9009,14966,0,0,0,17,0.000709072,0,255,132.133,55.4073,6.5,17.5,135.5,238.5,255.5,133,1103,0,163,38.5,77.5,137.5,-38.4913,38.2423,-34.375,34.375,3.29212,17381,528,100,1815
1706675034449573254,23981,23981,8966,15015,0,0,0,11,0.000458696,0,255,132.044,52.3574,6.5,21.5,134.5,223.5,255.5,107,854,0,158,39.5,75.5,125.5,-38.1985,38.4941,-34.375,34.625,3.29806,17384,466,100,1841
1706675034550219161,23982,23982,9015,14967,0,0,0,18,0.000750563,0,255,130.171,51.7282,6.5,21.5,133.5,215.5,255.5,111,623,0,152,38.5,73.5,106.5,-38.4999,38.1449,-34.625,34.375,3.16984,17395,422,100,1894
1706675034650052763,23984,23984,9014,14970,0,0,0,12,0.000500334,0,255,132.148,50.8029,5.5,22.5,134.5,218.5,255.5,118,686,0,152,39.5,73.5,97.5,-38.0687,38.5105,-34.375,34.625,3.13541,17401,390,100,1902
1706675034749883908,23984,23984,8902,15082,0,0,0,17,0.000708806,0,255,131.713,50.8469,7.5,21.5,134.5,218.5,255.5,108,700,0,153,40.5,72.5,101.5,-38.5083,38.1309,-34.625,34.375,3.03806,17407,374,100,1977
1706675034849724891,23986,23986,8934,15052,0,0,0,11,0.000458601,0,255,132.903,50.7475,6.5,23.5,135.5,222.5,255.5,172,682,0,152,41.5,73.5,103.5,-38.1981,38.4938,-34.375,34.625,3.15916,17417,359,100,1939
1706675034949575249,23970,23970,8959,15011,0,0,0,17,0.00070922,0,255,133.075,52.3428,6.5,23.5,135.5,231.5,255.5,149,915,0,153,40.5,74.5,110.5,-38.489,38.2504,-34.125,34.625,3.08199,17422,362,100,1964
1706675035050212749,23981,23981,9128,14853,0,0,0,14,0.000583796,0,255,134.494,54.4247,6.5,21.5,135.5,255.5,255.5,97,1320,0,153,41.5,79.5,145.5,-38.3047,38.4639,-34.125,34.125,3.09149,17427,372,100,1970
1706675035150039406,23981,23981,9193,14788,0,0,0,0,0,0,255,134.908,56.5475,6.5,19.5,134.5,255.5,255.5,135,1556,0,153,41.5,85.5,150.5,-37.7502,38.3434,-33.875,34.125,3.05706,17436,361,100,2037
1706675035249881189,23983,23983,9115,14868,0,0,0,16,0.000667139,0,255,135.242,57.5669,5.5,18.5,135.5,255.5,255.5,136,1582,0,153,41.5,81.5,144.5,-38.4464,37.6606,-34.125,33.625,2.95495,17439,374,100,2023
1706675035349717636,23976,23976,9010,14966,0,0,0,15,0.000625626,0,255,135.573,58.1893,5.5,20.5,135.5,255.5,255.5,152,1644,0,152,41.5,83.5,150.5,-38.3925,38.4073,-34.125,34.125,2.9787,17451,368,100,2104
1706675035449543016,23978,23978,8977,15001,0,0,0,15,0.000625573,0,255,134.712,57.5842,6.5,19.5,135.5,255.5,255.5,141,1435,0,153,41.5,81.5,148.5,-38.3661,38.4187,-34.625,34.125,3.10929,17455,354,100,2116
1706675035550180022,23976,23976,9047,14929,0,0,0,16,0.000667334,0,255,134.776,57.7035,6.5,23.5,134.5,255.5,255.5,147,1559,0,153,41.5,85.5,150.5,-38.4473,38.33,-34.625,34.375,3.26125,17460,339,100,2052
1706675035650032439,23983,23983,9006,14977,0,0,0,13,0.000542051,0,255,134.319,56.776,7.5,26.5,133.5,255.5,255.5,102,1557,0,153,41.5,88.5,150.5,-38.2775,38.4779,-34.625,34.625,3.40965,17460,326,100,2048
1706675035749863636,23975,23975,8912,15063,0,0,0,17,0.000709072,0,255,135.324,56.5958,7.5,28.5,134.5,255.5,255.5,92,1573,0,153,42.5,89.5,150.5,-38.4985,38.2257,-34.625,34.375,3.53669,17460,317,100,2033
1706675035849706884,23967,23967,8987,14980,0,0,0,10,0.00041724,0,255,135.084,55.5471,8.5,25.5,133.5,255.5,255.5,95,1368,0,153,42.5,90.5,150.5,-38.1844,38.5111,-34.375,34.625,3.3408,17463,320,100,2059
1706675035949544774,23973,23973,9012,14961,0,0,0,17,0.000709131,0,255,135.086,57.253,7.5,26.5,134.5,255.5,255.5,105,1626,0,154,42.5,93.5,150.5,-38.5164,38.108,-34.625,34.375,4.24901,17471,310,100,2064
1706675036050179170,23987,23987,8980,15007,0,0,0,13,0.00054196,0,255,135.442,54.8125,6.5,28.5,133.5,255.5,255.5,133,1209,0,153,42.5,87.5,150.5,-38.0858,38.509,-34.375,34.625,3.14847,17479,310,100,2061
1706675036150012647,23967,23967,9013,14954,0,0,0,18,0.000751033,0,255,133.314,55.0153,3.5,21.5,134.5,249.5,255.5,108,1144,0,153,42.5,88.5,150.5,-38.5137,38.1461,-34.125,34.375,3.02975,17485,305,100,1965
1706675036249847112,23969,23969,9042,14927,0,0,0,11,0.000458926,0,255,135.747,54.5539,7.5,34.5,133.5,255.5,255.5,117,1328,0,153,42.5,92.5,150.5,-38.2086,38.5072,-33.875,34.125,3.25414,17492,309,100,1999
1706675036349705878,23970,23970,9146,14824,0,0,0,0,0,0,255,134.37,54.325,6.5,30.5,132.5,255.5,255.5,130,1450,0,153,42.5,94.5,150.5,-37.8926,38.2489,-33.875,33.875,3.29212,17493,304,100,2002
1706675036449553180,23976,23976,9134,14842,0,0,0,17,0.000709042,0,255,130.587,51.5417,7.5,24.5,131.5,227.5,255.5,111,829,0,152,42.5,82.5,146.5,-38.4891,37.8165,-34.125,33.875,3.10217,17497,299,100,1899
1706675036550187476,23971,23971,9051,14920,0,0,0,14,0.000584039,0,255,132.683,52.496,6.5,24.5,132.5,234.5,255.5,129,965,0,154,42.5,81.5,150.5,-38.3036,38.4654,-34.125,34.125,3.12592,17501,292,100,1955
1706675036650023245,23966,23966,8965,15001,0,0,0,17,0.000709338,0,255,132.617,54.2414,6.5,23.5,132.5,248.5,255.5,140,1133,0,152,42.5,80.5,150.5,-38.4323,38.3515,-34.625,34.125,3.10099,17503,273,100,1908
1706675036749866675,23959,23959,8906,15053,0,0,0,15,0.00062607,0,255,132.218,52.3662,8.5,31.5,132.5,234.5,255.5,83,876,0,151,42.5,78.5,132.5,-38.4031,38.396,-34.625,34.625,3.23158,17503,258,100,1944
1706675036849689046,23974,23974,8921,15053,0,0,0,15,0.000625678,0,255,133.667,52.5503,7.5,29.5,134.5,236.5,255.5,78,950,0,151,42.5,78.5,123.5,-38.3657,38.424,-34.625,34.625,3.09149,17503,262,100,1844
1706675036949520591,23981,23981,9051,14930,0,0,0,17,0.000708895,0,255,134.39,52.9741,7.5,32.5,133.5,247.5,255.5,128,1061,0,151,43.5,81.5,130.5,-38.4613,38.3136,-34.625,34.625,3.01669,17504,238,100,1864
1706675037050165722,23977,23977,8948,15029,0,0,0,12,0.00050048,0,255,132.664,50.2729,8.5,36.5,131.5,226.5,255.5,84,741,0,151,42.5,76.5,120.5,-38.2686,38.4812,-34.375,34.625,3.044,17506,245,100,1803
1706675037149996774,23943,23943,8990,14953,0,0,0,17,0.00071002,0,255,132.987,51.8779,6.5,28.5,132.5,235.5,255.5,140,850,0,151,42.5,76.5,122.5,-38.5051,38.2117,-34.625,34.125,3.11879,17508,249,100,1849
1706675037249833375,23942,23942,9008,14934,0,0,0,9,0.000375908,0,255,133.756,51.0321,7.5,34.5,133.5,229.5,255.5,88,810,0,153,41.5,79.5,139.5,-38.1406,38.5072,-34.375,34.875,3.2019,17509,256,100,1966
1706675037349671460,23955,23955,9044,14911,0,0,0,17,0.000709664,0,255,133.125,51.3617,7.5,31.5,133.5,233.5,255.5,118,909,0,153,42.5,82.5,150.5,-38.5047,38.0759,-34.125,34.375,3.22089,17510,269,100,1928
1706675037449509263,23976,23976,9065,14911,0,0,0,8,0.000333667,0,255,133.835,51.3287,4.5,34.5,134.5,239.5,255.5,155,997,0,154,42.5,86.5,150.5,-38.1214,38.5112,-34.125,34.125,3.22683,17510,284,100,1947
1706675037550151219,23950,23950,9138,14812,0,0,0,1,4.17537e-05,0,255,134.656,50.0122,9.5,39.5,133.5,237.5,255.5,81,1003,0,153,41.5,87.5,150.5,-38.0063,38.1755,-33.875,33.875,3.13067,17511,283,100,2052
1706675037649987617,23961,23961,9115,14846,0,0,0,17,0.000709486,0,255,133.224,52.8135,0.5,29.5,133.5,245.5,255.5,274,1082,0,154,41.5,96.5,150.5,-38.5118,37.9272,-34.125,33.875,3.10692,17512,302,100,2048
1706675037749836137,23984,23984,9093,14891,0,0,0,11,0.000458639,0,255,133.923,55.3189,2.5,23.5,133.5,246.5,255.5,210,1106,0,153,42.5,97.5,150.5,-38.2354,38.4957,-34.125,34.125,3.25888,17515,320,100,1954
1706675037849680307,23977,23977,9026,14951,0,0,0,17,0.000709013,0,255,135.606,56.0107,5.5,28.5,133.5,255.5,255.5,162,1534,0,153,42.5,102.5,150.5,-38.4798,38.2942,-34.625,34.125,3.09267,17520,324,100,1993
1706675037949516889,23975,23975,8935,15040,0,0,0,15,0.000625652,0,255,134.57,57.81,6.5,24.5,132.5,255.5,255.5,114,1534,0,153,42.5,99.5,150.5,-38.3542,38.4419,-34.625,34.625,3.03569,17520,334,100,2008
1706675038050164091,23978,23978,8894,15084,0,0,0,16,0.000667278,0,255,135.297,56.1513,7.5,24.5,134.5,255.5,255.5,96,1490,0,154,42.5,104.5,150.5,-38.4083,38.382,-34.625,34.375,2.95971,17521,337,100,2094
1706675038149992919,23978,23978,8926,15052,0,0,0,16,0.000667278,0,255,134.235,57.0251,0.5,21.5,133.5,255.5,255.5,258,1367,0,154,42.5,101.5,150.5,-38.421,38.3765,-34.625,34.625,2.86948,17521,348,100,2010
1706675038249830125,23976,23976,9054,14922,0,0,0,14,0.000583917,0,255,135.894,56.3603,8.5,26.5,134.5,255.5,255.5,84,1451,0,153,42.5,103.5,150.5,-38.3361,38.4526,-34.625,34.625,2.94665,17521,338,100,2026
1706675038349656395,23973,23973,8999,14974,0,0,0,17,0.000709131,0,255,134.552,56.3101,6.5,24.5,134.5,255.5,255.5,161,1444,0,155,42.5,101.5,150.5,-38.4755,38.2942,-34.625,34.125,2.89441,17521,337,100,1903
1706675038449900317,23976,23976,9052,14924,0,0,0,12,0.000500501,0,255,135.142,55.5454,6.5,29.5,133.5,255.5,255.5,140,1545,0,153,42.5,102.5,150.5,-38.2334,38.4869,-34.125,34.375,2.93478,17522,339,100,1935
1706675038549746554,23970,23970,9044,14926,0,0,0,18,0.000750939,0,255,135.941,56.925,6.5,27.5,134.5,255.5,255.5,126,1640,0,153,42.5,104.5,150.5,-38.5075,38.1639,-34.125,34.875,2.93121,17523,331,100,1919
1706675038649580776,23977,23977,9083,14894,0,0,0,4,0.000166827,0,255,135.4,56.0287,8.5,27.5,133.5,255.5,255.5,81,1527,0,154,42.5,105.5,150.5,-38.0218,38.5113,-34.125,34.125,2.91816,17523,331,100,1984
1706675038750240477,23968,23968,9096,14872,0,0,0,7,0.000292056,0,255,136.253,55.3435,7.5,36.5,133.5,255.5,255.5,124,1722,0,153,42.5,106.5,150.5,-38.0973,38.1022,-34.125,34.125,2.96802,17525,332,100,1881
1706675038850091690,23989,23989,9170,14819,0,0,0,17,0.000708658,0,255,135.819,55.9288,7.5,32.5,132.5,255.5,255.5,100,1669,0,153,42.5,104.5,150.5,-38.4987,38.0127,-34.125,33.875,2.94665,17525,327,100,2012
1706675038949939938,23973,23973,9082,14891,0,0,0,9,0.000375422,0,255,135.885,56.1435,7.5,31.5,133.5,255.5,255.5,111,1644,0,153,42.5,107.5,150.5,-38.1492,38.5059,-34.375,34.125,2.97277,17525,340,100,1883
1706675039049790947,23976,23976,8982,14994,0,0,0,17,0.000709042,0,255,136.08,56.4322,8.5,31.5,132.5,255.5,255.5,90,1665,0,153,42.5,104.5,150.5,-38.4849,38.2351,-34.625,34.125,2.91341,17525,335,100,1966
1706675039149628100,23981,23981,8913,15068,0,0,0,13,0.000542096,0,255,135.787,56.3749,7.5,28.5,133.5,255.5,255.5,85,1643,0,155,42.5,103.5,150.5,-38.2713,38.4701,-34.375,34.625,2.97396,17525,325,100,2006
1706675039249866622,23982,23982,8924,15058,0,0,0,16,0.000667167,0,255,135.593,57.0818,6.5,28.5,132.5,255.5,255.5,128,1821,0,153,41.5,106.5,150.5,-38.4607,38.3248,-34.625,34.625,2.97752,17525,333,100,1958
1706675039349702342,23978,23978,8910,15068,0,0,0,15,0.000625573,0,255,136.783,55.8328,9.5,31.5,133.5,255.5,255.5,58,1580,0,153,42.5,102.5,150.5,-38.3719,38.4202,-34.375,34.625,2.92172,17525,329,100,2019
1706675039449541347,23981,23981,9005,14976,0,0,0,15,0.000625495,0,255,137.723,56.7421,7.5,30.5,134.5,255.5,255.5,136,1765,0,153,42.5,109.5,150.5,-38.3886,38.3979,-34.625,34.625,2.96209,17525,342,100,1933
1706675039550182197,23972,23972,8973,14999,0,0,0,16,0.000667445,0,255,136.278,56.4135,8.5,30.5,133.5,255.5,255.5,97,1758,0,153,42.5,107.5,150.5,-38.4346,38.3545,-34.625,34.125,3.05112,17525,332,100,1999
1706675039650022128,23974,23974,9060,14914,0,0,0,14,0.000583966,0,255,136.239,56.5136,7.5,30.5,132.5,255.5,255.5,148,1759,0,152,42.5,108.5,150.5,-38.3183,38.4624,-34.125,34.125,3.0072,17525,335,100,1931
1706675039749866172,23980,23980,9087,14893,0,0,0,17,0.000708924,0,255,136.144,56.4817,7.5,29.5,133.5,255.5,255.5,122,1769,0,153,41.5,104.5,150.5,-38.4927,38.2506,-34.125,34.625,3.04519,17525,334,100,1889
1706675039849709553,23970,23970,9082,14888,0,0,0,0,0,0,255,135.351,56.148,8.5,30.5,132.5,255.5,255.5,92,1752,0,153,41.5,105.5,150.5,-37.8925,38.5032,-33.875,34.625,3.16035,17525,335,100,1970
1706675039949546915,23979,23979,9048,14931,0,0,0,11,0.000458735,0,255,138.03,56.8895,6.5,31.5,133.5,255.5,255.5,101,1876,0,153,42.5,107.5,150.5,-38.1981,37.9765,-33.875,33.875,2.9419,17526,338,100,1907
1706675040050177615,23974,23974,9086,14888,0,0,0,17,0.000709102,0,255,136.318,55.6706,8.5,33.5,133.5,255.5,255.5,107,1619,0,154,42.5,105.5,150.5,-38.5018,38.1396,-34.125,34.125,2.89204,17526,331,100,1945
1706675040150014995,23984,23984,9159,14825,0,0,0,13,0.000542028,0,255,135.363,56.4416,7.5,29.5,132.5,255.5,255.5,128,1633,0,152,42.5,105.5,150.5,-38.08,38.5095,-34.375,34.125,3.00482,17526,333,100,1932
1706675040249834301,23981,23981,9008,14973,0,0,0,18,0.000750594,0,255,136.672,56.1351,9.5,30.5,133.5,255.5,255.5,111,1686,0,153,41.5,103.5,150.5,-38.5091,38.1206,-34.625,34.375,2.97871,17526,323,100,1928
1706675040349673001,23976,23976,8895,15081,0,0,0,11,0.000458792,0,255,135.613,56.29,5.5,27.5,132.5,255.5,255.5,153,1499,0,153,42.5,103.5,150.5,-38.1962,38.5028,-34.375,34.625,2.99414,17526,332,100,2031
1706675040449511094,23977,23977,8836,15141,0,0,0,17,0.000709013,0,255,136.254,56.4245,5.5,30.5,133.5,255.5,255.5,119,1604,0,153,41.5,104.5,150.5,-38.4861,38.2397,-34.625,34.375,3.03688,17526,336,100,1958
1706675040550161425,23970,23970,8956,15014,0,0,0,14,0.000584063,0,255,136.068,56.1531,7.5,31.5,132.5,255.5,255.5,58,1637,0,154,42.5,101.5,150.5,-38.304,38.4644,-34.625,34.625,3.1093,17526,327,100,2067
1706675040650000642,23981,23981,9003,14978,0,0,0,17,0.000708895,0,255,136.334,57.0367,5.5,28.5,133.5,255.5,255.5,173,1751,0,153,41.5,108.5,150.5,-38.443,38.3463,-34.625,34.375,3.07012,17526,337,100,1967
1706675040749847736,23978,23978,9087,14891,0,0,0,16,0.000667278,0,255,136.144,56.2144,8.5,28.5,134.5,255.5,255.5,86,1615,0,153,42.5,103.5,150.5,-38.385,38.4087,-34.375,34.125,2.96565,17526,334,100,1999
1706675040849681154,23984,23984,9029,14955,0,0,0,15,0.000625417,0,255,136.7,56.3276,6.5,34.5,132.5,255.5,255.5,129,1665,0,152,42.5,110.5,150.5,-38.3719,38.4153,-34.125,34.125,3.0535,17526,333,100,1968
1706675040949519526,23981,23981,9049,14932,0,0,0,16,0.000667195,0,255,137.146,56.4612,8.5,32.5,133.5,255.5,255.5,110,1782,0,153,42.5,105.5,150.5,-38.4519,37.6903,-34.125,33.625,3.00008,17527,337,100,1945
1706675041050156659,23981,23981,9130,14851,0,0,0,0,0,0,255,135.45,55.8578,8.5,32.5,132.5,255.5,255.5,106,1585,0,152,41.5,107.5,150.5,-37.7938,38.4751,-33.875,35.125,2.86236,17527,329,100,1977
1706675041150016854,23976,23976,9063,14913,0,0,0,13,0.000542209,0,255,138.125,56.705,7.5,33.5,134.5,255.5,255.5,152,1828,0,153,42.5,109.5,150.5,-38.27,37.8752,-33.875,33.875,2.95615,17527,336,100,1943
1706675041249866169,23976,23976,9007,14969,0,0,0,17,0.000709042,0,255,136.526,55.653,8.5,33.5,134.5,255.5,255.5,105,1669,0,153,42.5,107.5,150.5,-38.5006,38.2154,-34.125,33.875,2.93597,17527,321,100,1979
1706675041349705408,23977,23977,9027,14950,0,0,0,10,0.000417066,0,255,136.487,56.5095,8.5,30.5,134.5,255.5,255.5,110,1722,0,153,42.5,107.5,150.5,-38.1695,38.5093,-34.375,34.125,2.95259,17527,334,100,1955
1706675041449544603,23978,23978,9082,14896,0,0,0,17,0.000708983,0,255,135.862,55.8453,8.5,32.5,132.5,255.5,255.5,66,1597,0,153,41.5,102.5,150.5,-38.5173,38.1035,-34.625,34.375,3.03925,17528,315,100,1970
1706675041550187883,23976,23976,8982,14994,0,0,0,11,0.000458792,0,255,136.192,56.511,7.5,29.5,133.5,255.5,255.5,102,1598,0,153,42.5,105.5,150.5,-38.102,38.5116,-34.375,34.625,3.0072,17528,328,100,1990
1706675041650023205,23980,23980,8846,15134,0,0,0,17,0.000708924,0,255,135.079,55.9751,3.5,29.5,133.5,255.5,255.5,155,1560,0,153,41.5,102.5,150.5,-38.5023,38.1565,-34.625,34.375,3.01195,17528,324,100,1911
1706675041749861781,23975,23975,8846,15129,0,0,0,11,0.000458811,0,255,135.799,55.9165,7.5,29.5,133.5,255.5,255.5,94,1454,0,155,42.5,103.5,150.5,-38.2179,38.5019,-34.375,34.625,3.06894,17528,330,100,2023
1706675041849717658,23965,23965,8971,14994,0,0,0,17,0.000709368,0,255,135.907,57.2091,6.5,29.5,131.5,255.5,255.5,141,1709,0,154,41.5,107.5,150.5,-38.4909,38.2663,-34.625,34.375,3.08081,17528,341,100,1970
1706675041949536239,23984,23984,9072,14912,0,0,0,13,0.000542028,0,255,135.495,55.9914,7.5,27.5,134.5,255.5,255.5,97,1522,0,155,42.5,103.5,150.5,-38.319,38.4576,-34.625,34.125,3.11168,17528,339,100,1952
1706675042050190930,23981,23981,9080,14901,0,0,0,16,0.000667195,0,255,136.298,55.8405,5.5,32.5,132.5,255.5,255.5,140,1591,0,152,42.5,107.5,150.5,-38.43,38.3547,-34.125,34.125,2.92528,17528,337,100,1961
1706675042150039940,23985,23985,9051,14934,0,0,0,15,0.000625391,0,255,137.279,55.8015,7.5,34.5,134.5,255.5,255.5,139,1793,0,154,42.5,105.5,150.5,-38.4053,37.6116,-34.125,33.625,3.27076,17528,334,100,1944
1706675042249883554,23974,23974,9063,14911,0,0,0,0,0,0,255,135.579,57.0563,6.5,28.5,132.5,255.5,255.5,127,1772,0,155,42.5,107.5,150.5,-37.6056,38.3967,-33.625,34.125,3.30282,17528,332,100,2036
1706675042349729313,23982,23982,9072,14910,0,0,0,15,0.000625469,0,255,137.103,56.508,8.5,30.5,133.5,255.5,255.5,114,1791,0,152,42.5,105.5,150.5,-38.3615,38.4307,-34.125,34.875,3.34793,17528,338,100,1893
1706675042449574863,23978,23978,9087,14891,0,0,0,17,0.000708983,0,255,136.005,55.6671,8.5,29.5,132.5,255.5,255.5,68,1597,0,156,41.5,103.5,150.5,-38.463,38.3218,-34.125,34.125,3.23871,17528,327,100,1965
1706675042550229869,23989,23989,9000,14989,0,0,0,13,0.000541915,0,255,137.495,56.9671,8.5,30.5,133.5,255.5,255.5,103,1798,0,152,42.5,110.5,150.5,-38.2742,38.4774,-34.625,34.125,3.16035,17528,334,100,1880
1706675042650065381,23982,23982,9029,14953,0,0,0,17,0.000708865,0,255,136.287,56.2108,8.5,32.5,132.5,255.5,255.5,90,1645,0,153,42.5,103.5,150.5,-38.4961,38.2091,-34.625,34.375,3.28738,17528,315,100,1955
1706675042749910741,23979,23979,8961,15018,0,0,0,10,0.000417032,0,255,135.962,56.7982,7.5,30.5,133.5,255.5,255.5,121,1731,0,155,42.5,106.5,150.5,-38.1499,38.5093,-34.375,34.625,3.14492,17528,339,100,1940
1706675042849746297,23979,23979,8907,15072,0,0,0,18,0.000750657,0,255,134.859,56.4738,4.5,27.5,133.5,255.5,255.5,149,1638,0,153,42.5,102.5,150.5,-38.5185,38.0862,-34.625,34.625,3.13067,17528,326,100,1928
1706675042949599663,23975,23975,8920,15055,0,0,0,11,0.000458811,0,255,135.887,56.6376,8.5,30.5,132.5,255.5,255.5,111,1690,0,154,42.5,105.5,150.5,-38.0982,38.5011,-34.375,34.625,3.44053,17528,341,100,2006
1706675043049844163,23980,23980,8931,15049,0,0,0,17,0.000708924,0,255,135.303,56.7546,8.5,27.5,132.5,255.5,255.5,120,1618,0,153,41.5,105.5,150.5,-38.4978,38.1928,-34.625,34.375,3.07843,17528,338,100,1928
1706675043149691871,23969,23969,9045,14924,0,0,0,12,0.000500647,0,255,135.763,56.6137,7.5,27.5,133.5,255.5,255.5,96,1773,0,153,42.5,103.5,150.5,-38.2449,38.4921,-34.375,34.125,3.07487,17528,332,100,2033
1706675043249532798,23982,23982,9113,14869,0,0,0,16,0.000667167,0,255,136.782,55.9157,7.5,36.5,132.5,255.5,255.5,132,1727,0,152,42.5,107.5,150.5,-38.4621,38.3,-34.125,34.125,3.46665,17528,339,100,1946
1706675043350189336,23985,23985,9098,14887,0,0,0,14,0.000583698,0,255,136.91,55.9485,7.5,32.5,134.5,255.5,255.5,113,1717,0,153,42.5,105.5,150.5,-38.3434,37.7387,-34.125,33.875,3.09862,17528,329,100,1977
1706675043450033230,23978,23978,9054,14924,0,0,0,0,0,0,255,134.361,56.93,5.5,29.5,131.5,255.5,255.5,130,1683,0,155,42.5,109.5,150.5,-37.6539,38.4516,-33.625,34.125,3.45122,17528,341,100,1930
1706675043549875350,23979,23979,8999,14980,0,0,0,16,0.000667251,0,255,137.385,55.8037,7.5,34.5,133.5,255.5,255.5,109,1676,0,154,42.5,103.5,150.5,-38.4142,38.377,-34.125,34.125,3.04282,17528,343,100,1949
1706675043649715120,23982,23982,9026,14956,0,0,0,16,0.000667167,0,255,135.268,56.1852,7.5,28.5,133.5,255.5,255.5,99,1581,0,152,41.5,103.5,150.5,-38.4188,38.3843,-34.125,34.875,3.24821,17528,327,100,1944
1706675043749560488,23975,23975,9036,14939,0,0,0,14,0.000583942,0,255,136.988,56.7697,8.5,33.5,133.5,255.5,255.5,97,1789,0,153,42.5,108.5,150.5,-38.3438,38.4517,-34.625,34.125,3.28263,17528,330,100,1886
1706675043850191100,23980,23980,8986,14994,0,0,0,16,0.000667223,0,255,137.088,55.6413,10.5,32.5,133.5,255.5,255.5,64,1620,0,154,42.5,105.5,150.5,-38.4757,38.2863,-34.625,34.625,3.33843,17528,317,100,2000
1706675043950038179,23980,23980,9012,14968,0,0,0,12,0.000500417,0,255,136.331,56.8901,6.5,28.5,133.5,255.5,255.5,147,1765,0,152,42.5,107.5,150.5,-38.2278,38.4848,-34.625,34.625,3.18647,17528,334,100,1926
1706675044049886114,23975,23975,8883,15092,0,0,0,17,0.000709072,0,255,135.801,55.2997,8.5,31.5,133.5,255.5,255.5,82,1503,0,154,41.5,103.5,150.5,-38.5053,38.1728,-34.625,34.375,3.22565,17528,320,100,2025
1706675044149732054,23980,23980,8938,15042,0,0,0,11,0.000458716,0,255,136.131,56.6,7.5,30.5,133.5,255.5,255.5,88,1653,0,152,42.5,106.5,150.5,-38.0983,38.5053,-34.375,34.625,3.07487,17528,344,100,1956
1706675044249581775,23984,23984,8952,15032,0,0,0,18,0.0007505,0,255,135.449,56.7435,6.5,26.5,133.5,255.5,255.5,137,1640,0,153,41.5,103.5,150.5,-38.5218,38.0922,-34.625,34.375,3.18766,17528,334,100,1972
1706675044350229389,23981,23981,9054,14927,0,0,0,10,0.000416997,0,255,135.933,56.4737,8.5,29.5,133.5,255.5,255.5,85,1601,0,153,42.5,105.5,150.5,-38.1803,38.5079,-34.375,34.125,3.05232,17528,335,100,2004
1706675044450068046,23985,23985,9105,14880,0,0,0,17,0.000708776,0,255,137.066,55.928,7.5,34.5,133.5,255.5,255.5,95,1688,0,152,42.5,105.5,150.5,-38.4963,38.2258,-34.125,33.875,3.19953,17528,338,100,1892
1706675044549922735,23974,23974,9150,14824,0,0,0,12,0.000500542,0,255,136.903,55.9801,9.5,33.5,133.5,255.5,255.5,102,1801,0,153,42.5,103.5,150.5,-38.2761,37.8653,-33.875,33.875,3.31113,17528,333,100,2002
1706675044649758421,23973,23973,9119,14854,0,0,0,0,0,0,255,136.212,56.9038,8.5,30.5,132.5,255.5,255.5,56,1764,0,153,42.5,108.5,150.5,-37.7896,38.4746,-33.875,34.125,3.2672,17528,336,100,1988
1706675044749601835,23982,23982,9045,14937,0,0,0,17,0.000708865,0,255,135.793,56.3647,6.5,28.5,132.5,255.5,255.5,89,1524,0,153,42.5,104.5,150.5,-38.4642,38.3142,-34.125,34.125,3.24583,17528,332,100,1927
1706675044849852908,23983,23983,8992,14991,0,0,0,15,0.000625443,0,255,135.234,55.8163,7.5,29.5,132.5,255.5,255.5,105,1470,0,154,42.5,103.5,150.5,-38.3679,38.433,-34.125,34.625,3.18291,17528,330,100,1948
1706675044949697561,23983,23983,8974,15009,0,0,0,15,0.000625443,0,255,136.766,56.0938,7.5,30.5,133.5,255.5,255.5,141,1653,0,152,42.5,106.5,150.5,-38.3921,38.3935,-34.375,34.375,3.19003,17528,334,100,1949
1706675045049531211,23977,23977,8981,14996,0,0,0,16,0.000667306,0,255,136.052,56.089,8.5,29.5,133.5,255.5,255.5,96,1588,0,153,42.5,104.5,150.5,-38.4406,38.3613,-34.625,34.375,3.22209,17528,311,100,2048
1706675045150166698,23970,23970,9032,14938,0,0,0,14,0.000584063,0,255,136.46,56.7593,8.5,30.5,133.5,255.5,255.5,100,1944,0,154,42.5,107.5,150.5,-38.321,38.4531,-34.625,34.625,3.56282,17528,333,100,1934
1706675045249998957,23982,23982,8966,15016,0,0,0,17,0.000708865,0,255,136.189,55.7963,8.5,32.5,133.5,255.5,255.5,111,1557,0,154,42.5,103.5,150.5,-38.4776,38.2675,-34.625,34.625,4.06026,17528,325,100,1948
1706675045349841727,23982,23982,8938,15044,0,0,0,11,0.000458677,0,255,136.261,56.3553,7.5,31.5,132.5,255.5,255.5,126,1738,0,153,42.5,107.5,150.5,-38.2098,38.4955,-34.375,34.625,3.53433,17528,344,100,1935
1706675045449685774,23974,23974,8950,15024,0,0,0,18,0.000750813,0,255,135.553,55.4828,9.5,30.5,133.5,255.5,255.5,92,1462,0,152,41.5,104.5,150.5,-38.5044,38.1527,-34.625,34.375,3.45597,17528,327,100,1943
1706675045549528990,23979,23979,9053,14926,0,0,0,13,0.000542141,0,255,135.875,57.1211,7.5,28.5,132.5,255.5,255.5,82,1725,0,153,42.5,106.5,150.5,-38.0839,38.5089,-34.375,34.125,3.22209,17528,328,100,1983
1706675045650162423,23987,23987,9129,14858,0,0,0,17,0.000708717,0,255,135.95,56.7582,2.5,28.5,133.5,255.5,255.5,230,1795,0,152,42.5,106.5,150.5,-38.5083,38.1136,-34.125,34.125,3.09743,17528,339,100,1967
1706675045750011894,23987,23987,9166,14821,0,0,0,11,0.000458582,0,255,136.33,55.2692,9.5,33.5,133.5,255.5,255.5,52,1535,0,154,42.5,104.5,150.5,-38.1812,38.0053,-33.875,33.875,2.90867,17528,336,100,1972
1706675045849841679,23979,23979,9119,14860,0,0,0,0,0,0,255,135.659,56.8582,8.5,29.5,132.5,255.5,255.5,87,1716,0,153,42.5,108.5,150.5,-37.9333,38.503,-33.875,34.125,2.92291,17528,347,100,1977
1706675045949684415,23985,23985,9026,14959,0,0,0,17,0.000708776,0,255,135.767,56.4295,7.5,29.5,132.5,255.5,255.5,112,1595,0,154,41.5,104.5,150.5,-38.4992,38.2334,-34.125,34.125,3.00008,17528,330,100,1959
1706675046049540424,23975,23975,8995,14980,0,0,0,14,0.000583942,0,255,135.36,56.4756,7.5,30.5,133.5,255.5,255.5,86,1687,0,152,42.5,103.5,150.5,-38.283,38.4675,-34.375,34.625,2.93122,17528,320,100,1967
1706675046150181789,23979,23979,8951,15028,0,0,0,17,0.000708954,0,255,136.356,56.2989,6.5,30.5,132.5,255.5,255.5,145,1620,0,152,41.5,105.5,150.5,-38.4349,38.3397,-34.625,34.625,3.05707,17528,339,100,1890
1706675046250010277,23974,23974,8941,15033,0,0,0,15,0.000625678,0,255,136.024,56.5754,8.5,28.5,133.5,255.5,255.5,93,1629,0,154,42.5,103.5,150.5,-38.3889,38.4096,-34.625,34.625,3.03688,17528,318,100,2063
1706675046349846074,23983,23983,8954,15029,0,0,0,14,0.000583747,0,255,136.638,57.03,5.5,30.5,133.5,255.5,255.5,141,1839,0,152,42.5,109.5,150.5,-38.3754,38.4138,-34.625,34.625,3.0535,17528,327,100,1926
1706675046449681527,23977,23977,8987,14990,0,0,0,16,0.000667306,0,255,136.415,55.5056,9.5,33.5,133.5,255.5,255.5,80,1584,0,153,42.5,104.5,150.5,-38.4396,38.3366,-34.625,34.625,3.20903,17528,323,100,1923
1706675046549517632,23978,23978,9025,14953,0,0,0,13,0.000542164,0,255,136.581,56.9868,6.5,30.5,133.5,255.5,255.5,140,1800,0,152,42.5,110.5,150.5,-38.2878,38.4683,-34.375,34.625,3.2399,17528,341,100,1909
1706675046650163753,23983,23983,8964,15019,0,0,0,16,0.000667139,0,255,135.391,55.6081,7.5,28.5,133.5,255.5,255.5,116,1587,0,153,42.5,103.5,150.5,-38.4954,38.2331,-34.625,34.125,3.32656,17528,336,100,1818
1706675046750007970,23977,23977,9021,14956,0,0,0,10,0.000417066,0,255,135.595,56.0807,7.5,29.5,133.5,255.5,255.5,77,1629,0,154,42.5,106.5,150.5,-38.1725,38.5,-34.125,34.125,3.17341,17528,334,100,1949
1706675046849843229,23977,23977,9083,14894,0,0,0,17,0.000709013,0,255,136.964,56.79,7.5,32.5,133.5,255.5,255.5,116,1858,0,153,42.5,108.5,150.5,-38.5174,38.0142,-34.125,33.875,3.14967,17528,324,100,1926
1706675046949687784,23973,23973,9162,14811,0,0,0,8,0.000333709,0,255,136.247,55.9791,8.5,32.5,133.5,255.5,255.5,84,1686,0,154,42.5,104.5,150.5,-38.0951,38.1026,-34.125,34.125,3.10337,17528,331,100,1992
1706675047049526840,23987,23987,9162,14825,0,0,0,4,0.000166757,0,255,135.223,56.0067,7.5,28.5,132.5,255.5,255.5,87,1632,0,152,42.5,106.5,150.5,-38.0257,38.5092,-33.875,34.125,3.08556,17528,339,100,1907
1706675047150183541,23969,23969,9022,14947,0,0,0,17,0.000709249,0,255,135.444,56.3463,9.5,30.5,132.5,255.5,255.5,95,1660,0,154,41.5,103.5,150.5,-38.5073,38.1513,-34.125,34.375,3.62218,17528,335,100,1928
1706675047250021080,23981,23981,8925,15056,0,0,0,11,0.000458696,0,255,135.668,57.196,6.5,26.5,132.5,255.5,255.5,134,1615,0,154,42.5,105.5,150.5,-38.202,38.4938,-34.125,34.625,3.03689,17528,333,100,1902
1706675047349853642,23978,23978,8910,15068,0,0,0,17,0.000708983,0,255,136.424,56.2393,8.5,32.5,133.5,255.5,255.5,132,1625,0,153,42.5,103.5,150.5,-38.4869,38.2637,-34.625,34.375,3.00721,17528,341,100,1874
1706675047449691215,23975,23975,8924,15051,0,0,0,14,0.000583942,0,255,136.329,56.6774,7.5,29.5,133.5,255.5,255.5,107,1737,0,155,42.5,103.5,150.5,-38.3063,38.4656,-34.625,34.625,2.9989,17528,316,100,1992
1706675047549531515,23979,23979,8983,14996,0,0,0,17,0.000708954,0,255,136.251,56.2782,6.5,30.5,132.5,255.5,255.5,113,1649,0,153,42.5,106.5,150.5,-38.4346,38.3528,-34.625,34.625,3.09269,17528,339,100,1916
1706675047650177472,23983,23983,8916,15067,0,0,0,15,0.000625443,0,255,136.94,56.6953,7.5,28.5,134.5,255.5,255.5,105,1674,0,155,42.5,104.5,150.5,-38.3888,38.402,-34.625,34.625,3.10931,17528,329,100,1965
1706675047750022484,23990,23990,8986,15004,0,0,0,14,0.000583576,0,255,136.929,56.5116,7.5,29.5,134.5,255.5,255.5,110,1772,0,152,42.5,110.5,150.5,-38.3694,38.4202,-34.125,34.625,2.97634,17528,339,100,1974
1706675047849854454,23980,23980,9070,14910,0,0,0,17,0.000708924,0,255,135.368,55.3753,8.5,28.5,132.5,255.5,255.5,109,1536,0,154,41.5,102.5,150.5,-38.4456,38.3332,-34.625,34.125,3.14018,17528,334,100,1882
1706675047949709653,23976,23976,9083,14893,0,0,0,14,0.000583917,0,255,135.446,55.5139,6.5,32.5,132.5,255.5,255.5,134,1513,0,153,42.5,106.5,150.5,-38.2917,38.4776,-34.375,34.125,3.19954,17528,336,100,1966
1706675048049568533,23975,23975,9054,14921,0,0,0,17,0.000709072,0,255,137.674,55.4024,8.5,36.5,133.5,255.5,255.5,119,1745,0,154,42.5,109.5,150.5,-38.4943,37.8603,-34.125,33.875,3.19716,17528,327,100,1925
1706675048150198776,23979,23979,9107,14872,0,0,0,0,0,0,255,135.891,56.2295,7.5,31.5,132.5,255.5,255.5,132,1613,0,155,42.5,106.5,150.5,-37.9363,38.2233,-33.875,33.875,3.23159,17528,325,100,2022
1706675048250030347,23979,23979,9163,14816,0,0,0,10,0.000417032,0,255,135.714,56.7836,6.5,29.5,132.5,255.5,255.5,120,1669,0,152,42.5,106.5,150.5,-38.1651,38.5001,-33.875,34.125,2.9704,17528,340,100,1928
1706675048349864197,23976,23976,9073,14903,0,0,0,17,0.000709042,0,255,136.208,57.0296,9.5,29.5,133.5,255.5,255.5,76,1710,0,154,41.5,105.5,150.5,-38.518,38.1059,-34.125,34.375,3.08081,17528,333,100,2011
1706675048449710244,23979,23979,8996,14983,0,0,0,13,0.000542141,0,255,135.599,57.487,6.5,29.5,132.5,255.5,255.5,95,1615,0,153,41.5,105.5,150.5,-38.0962,38.5207,-34.375,34.625,3.07607,17528,331,100,1975
1706675048549550715,23976,23976,8876,15100,0,0,0,18,0.000750751,0,255,135.542,55.582,8.5,31.5,133.5,255.5,255.5,135,1471,0,153,41.5,102.5,150.5,-38.4999,38.156,-34.625,34.375,3.26246,17528,326,100,1972
1706675048650198744,23982,23982,8878,15104,0,0,0,12,0.000500375,0,255,135.614,55.9914,6.5,29.5,132.5,255.5,255.5,107,1586,0,155,42.5,102.5,150.5,-38.2168,38.4925,-34.375,34.625,3.23515,17528,330,100,2020
1706675048750054032,23980,23980,8965,15015,0,0,0,17,0.000708924,0,255,135.182,56.4883,3.5,28.5,132.5,255.5,255.5,157,1600,0,152,42.5,106.5,150.5,-38.4827,38.2871,-34.625,34.375,3.20428,17528,331,100,1914
1706675048849891967,23980,23980,9083,14897,0,0,0,14,0.00058382,0,255,136.25,56.4763,7.5,28.5,133.5,255.5,255.5,110,1665,0,156,42.5,103.5,150.5,-38.3434,38.4461,-34.625,34.625,3.20429,17528,330,100,1972
1706675048949749295,23980,23980,8952,15028,0,0,0,16,0.000667223,0,255,137.374,57.3417,8.5,30.5,133.5,255.5,255.5,88,1861,0,154,43.5,111.5,150.5,-38.4161,38.3748,-34.125,34.375,3.24346,17529,346,100,1914
1706675049049597391,23977,23977,9020,14957,0,0,0,15,0.0006256,0,255,135.86,56.164,7.5,28.5,134.5,255.5,255.5,133,1662,0,153,42.5,102.5,150.5,-38.4114,38.3884,-34.125,34.125,3.27077,17529,340,100,1903
1706675049149834489,23969,23969,9060,14909,0,0,0,14,0.000584088,0,255,136.008,55.7327,8.5,32.5,132.5,255.5,255.5,80,1686,0,155,42.5,108.5,150.5,-38.3448,38.4392,-34.875,34.125,3.14967,17529,339,100,1931
1706675049249685120,23983,23983,9096,14887,0,0,0,17,0.000708835,0,255,137.865,55.7333,8.5,36.5,134.5,255.5,255.5,109,1820,0,153,42.5,106.5,150.5,-38.4768,37.7564,-34.125,33.875,3.19241,17529,330,100,1886
1706675049349516431,23971,23971,9027,14944,0,0,0,0,0,0,255,135.531,54.9264,8.5,34.5,132.5,255.5,255.5,77,1546,0,153,42.5,105.5,150.5,-37.8604,38.2825,-33.875,34.125,3.08794,17529,325,100,1975
1706675049450150378,23975,23975,9110,14865,0,0,0,12,0.000500521,0,255,136.65,57.6456,7.5,29.5,132.5,255.5,255.5,91,1858,0,152,42.5,108.5,150.5,-38.2361,38.4946,-33.875,34.125,3.11287,17529,340,100,1953
1706675049549988611,23972,23972,9070,14902,0,0,0,18,0.000750876,0,255,135.99,56.7657,6.5,28.5,133.5,255.5,255.5,137,1574,0,153,41.5,104.5,150.5,-38.4959,38.1832,-34.125,34.375,3.17698,17529,330,100,1927
1706675049649830947,23977,23977,8991,14986,0,0,0,10,0.000417066,0,255,135.833,57.943,7.5,26.5,132.5,255.5,255.5,111,1684,0,155,42.5,108.5,150.5,-38.1214,38.5054,-34.375,34.625,3.14374,17529,337,100,1948
1706675049749672002,23986,23986,8964,15022,0,0,0,17,0.000708747,0,255,135.687,56.5987,7.5,29.5,133.5,255.5,255.5,123,1644,0,154,41.5,102.5,150.5,-38.5091,38.0727,-34.625,34.625,3.09863,17529,325,100,1982
1706675049849504878,23981,23981,8876,15105,0,0,0,9,0.000375297,0,255,135.622,56.4528,7.5,28.5,133.5,255.5,255.5,132,1534,0,153,42.5,104.5,150.5,-38.1273,38.5054,-34.375,34.625,3.15561,17529,326,100,1956
1706675049950141880,23972,23972,8896,15076,0,0,0,17,0.000709161,0,255,135.46,56.0855,6.5,30.5,132.5,255.5,255.5,112,1574,0,152,42.5,103.5,150.5,-38.4898,38.2051,-34.625,34.375,3.07369,17529,331,100,1949
1706675050049988164,23983,23983,9045,14938,0,0,0,12,0.000500354,0,255,136.46,56.0875,9.5,29.5,133.5,255.5,255.5,77,1600,0,154,42.5,103.5,150.5,-38.267,38.4814,-34.375,34.625,3.13187,17529,338,100,1945
1706675050149820891,23970,23970,9093,14877,0,0,0,17,0.00070922,0,255,136.244,56.6982,4.5,30.5,132.5,255.5,255.5,161,1689,0,151,42.5,107.5,150.5,-38.4606,38.3156,-34.125,34.625,2.99059,17529,333,100,1912
1706675050249674744,23971,23971,9029,14942,0,0,0,14,0.000584039,0,255,135.731,56.443,8.5,28.5,133.5,255.5,255.5,59,1611,0,153,42.5,106.5,150.5,-38.3653,38.4252,-34.125,34.125,3.11169,17529,327,100,1964
1706675050349527409,23979,23979,9077,14902,0,0,0,0,0,0,255,136.221,56.0011,5.5,34.5,133.5,255.5,255.5,140,1738,0,154,42.5,108.5,150.5,-37.6155,38.3898,-33.625,34.125,3.11169,17529,338,100,1908
1706675050450162719,23971,23971,9081,14890,0,0,0,25,0.00104293,0,255,137.442,54.881,10.5,36.5,134.5,255.5,255.5,75,1526,0,154,42.5,104.5,150.5,-38.4134,37.5819,-34.625,33.625,3.00602,17529,333,100,1925
1706675050549998770,23975,23975,9078,14897,0,0,0,0,0,0,255,135.183,55.7291,6.5,30.5,132.5,255.5,255.5,75,1550,0,154,42.5,105.5,150.5,-37.6671,38.3731,-33.625,34.125,3.02977,17530,325,100,1985
1706675050649846441,23978,23978,9056,14922,0,0,0,14,0.000583869,0,255,137.032,56.176,8.5,32.5,133.5,255.5,255.5,100,1752,0,153,42.5,107.5,150.5,-38.3359,38.4489,-34.125,34.125,2.96803,17530,326,100,1884
1706675050749684059,23982,23982,9092,14890,0,0,0,16,0.000667167,0,255,135.728,56.4272,9.5,30.5,132.5,255.5,255.5,82,1647,0,154,42.5,104.5,150.5,-38.4694,38.2743,-34.125,34.375,2.88968,17530,332,100,2026
1706675050849522999,23977,23977,8994,14983,0,0,0,11,0.000458773,0,255,136.312,57.3934,7.5,29.5,133.5,255.5,255.5,112,1861,0,153,42.5,108.5,150.5,-38.2229,38.4909,-34.375,34.625,2.86712,17530,343,100,1895
1706675050950160084,23977,23977,8877,15100,0,0,0,17,0.000709013,0,255,136.128,56.1722,8.5,30.5,133.5,255.5,255.5,101,1485,0,154,41.5,105.5,150.5,-38.5053,38.1635,-34.625,34.375,2.94429,17530,321,100,1992
1706675051050008567,23979,23979,8902,15077,0,0,0,13,0.000542141,0,255,136.061,57.4055,7.5,28.5,133.5,255.5,255.5,116,1768,0,153,42.5,106.5,150.5,-38.0928,38.5065,-34.375,34.625,2.87899,17530,327,100,1914
1706675051149852756,23984,23984,8927,15057,0,0,0,18,0.0007505,0,255,135.557,56.2675,5.5,28.5,133.5,255.5,255.5,137,1652,0,154,42.5,103.5,150.5,-38.5213,38.0962,-34.625,34.375,2.92411,17530,334,100,1958
1706675051249695758,23981,23981,8981,15000,0,0,0,10,0.000416997,0,255,135.997,56.5822,7.5,28.5,132.5,255.5,255.5,114,1640,0,155,42.5,103.5,150.5,-38.1796,38.4957,-34.375,34.625,2.88374,17530,338,100,2042
1706675051349529292,23988,23988,9087,14901,0,0,0,17,0.000708688,0,255,136.224,56.4514,6.5,29.5,132.5,255.5,255.5,124,1639,0,152,42.5,106.5,150.5,-38.4953,38.2418,-34.125,34.375,3.01552,17530,337,100,1918
1706675051450171528,23986,23986,9066,14920,0,0,0,13,0.000541983,0,255,136.686,56.4929,8.5,32.5,133.5,255.5,255.5,87,1775,0,155,42.5,106.5,150.5,-38.2823,38.4677,-34.125,34.125,3.17223,17530,331,100,1973
1706675051550009896,23979,23979,9098,14881,0,0,0,0,0,0,255,136.669,55.7979,6.5,37.5,132.5,255.5,255.5,116,1694,0,153,42.5,109.5,150.5,-37.7738,38.3371,-33.875,34.125,3.17342,17530,338,100,1864
1706675051649855348,23978,23978,9081,14897,0,0,0,16,0.000667278,0,255,136.102,55.1891,9.5,32.5,132.5,255.5,255.5,60,1572,0,154,41.5,104.5,150.5,-38.4523,37.6689,-34.375,33.625,3.14493,17530,332,100,1977
1706675051749694438,23977,23977,9062,14915,0,0,0,15,0.0006256,0,255,135.907,55.8665,8.5,29.5,133.5,255.5,255.5,98,1562,0,153,42.5,107.5,150.5,-38.3824,38.4243,-34.875,34.125,3.18648,17530,330,100,1950
1706675051849522125,23975,23975,9025,14950,0,0,0,15,0.000625652,0,255,137.2,56.3572,9.5,34.5,133.5,255.5,255.5,105,1802,0,153,42.5,105.5,150.5,-38.3741,38.4111,-34.125,34.125,3.21022,17530,327,100,1925
1706675051950145815,23980,23980,9061,14919,0,0,0,16,0.000667223,0,255,136.874,56.9739,8.5,31.5,133.5,255.5,255.5,89,1752,0,154,42.5,107.5,150.5,-38.4475,38.3339,-34.125,34.375,3.23278,17530,320,100,2055
1706675052049986202,23979,23979,9084,14895,0,0,0,14,0.000583844,0,255,136.786,56.8702,8.5,33.5,133.5,255.5,255.5,139,1868,0,152,42.5,108.5,150.5,-38.3065,38.4643,-34.375,34.625,3.20191,17530,335,100,1932
1706675052149823762,23980,23980,8901,15079,0,0,0,17,0.000708924,0,255,135.626,56.2388,7.5,29.5,133.5,255.5,255.5,115,1491,0,154,41.5,104.5,150.5,-38.4949,38.2356,-34.625,34.375,3.17579,17530,321,100,1959
1706675052249677485,23985,23985,8870,15115,0,0,0,10,0.000416927,0,255,136.291,57.6055,6.5,27.5,134.5,255.5,255.5,156,1776,0,152,42.5,106.5,150.5,-38.1777,38.5024,-34.375,34.625,3.14256,17530,341,100,1929
1706675052349516082,23975,23975,8909,15066,0,0,0,17,0.000709072,0,255,134.921,57.0403,6.5,26.5,132.5,255.5,255.5,87,1571,0,153,42.5,104.5,150.5,-38.5143,38.1176,-34.625,34.375,3.21735,17530,334,100,1947
1706675052450156567,23975,23975,9035,14940,0,0,0,12,0.000500521,0,255,136.568,56.9125,6.5,28.5,133.5,255.5,255.5,106,1597,0,153,42.5,104.5,150.5,-38.0924,38.5091,-34.375,34.625,3.25534,17530,336,100,1946
1706675052549980446,23987,23987,9089,14898,0,0,0,17,0.000708717,0,255,136.006,56.4402,8.5,31.5,132.5,255.5,255.5,87,1730,0,153,42.5,106.5,150.5,-38.5122,38.1507,-34.125,34.375,3.22566,17530,334,100,1878
1706675052649821980,23980,23980,9120,14860,0,0,0,11,0.000458716,0,255,135.488,56.2424,8.5,27.5,133.5,255.5,255.5,83,1688,0,153,42.5,104.5,150.5,-38.2208,38.4963,-33.875,34.125,3.13187,17530,326,100,1980
1706675052749662753,23978,23978,9051,14927,0,0,0,0,0,0,255,136.896,56.6635,5.5,32.5,133.5,255.5,255.5,122,1717,0,153,42.5,108.5,150.5,-37.8821,38.2755,-33.875,33.875,3.17817,17530,337,100,1849
1706675052849914208,23977,23977,9070,14907,0,0,0,17,0.000709013,0,255,136.301,55.5811,9.5,32.5,133.5,255.5,255.5,65,1633,0,155,42.5,104.5,150.5,-38.4711,37.7921,-34.125,33.875,3.05708,17530,331,100,1952
1706675052949764468,23980,23980,9077,14903,0,0,0,13,0.000542118,0,255,135.547,55.7804,7.5,31.5,132.5,255.5,255.5,86,1559,0,153,42.5,107.5,150.5,-38.3151,38.4547,-34.375,34.125,3.18055,17530,332,100,1941
1706675053049612511,23978,23978,9043,14935,0,0,0,16,0.000667278,0,255,136.695,55.8183,8.5,32.5,132.5,255.5,255.5,120,1558,0,153,41.5,103.5,150.5,-38.4394,38.3587,-34.625,34.125,3.15087,17530,336,100,1915
1706675053149840157,23981,23981,8967,15014,0,0,0,15,0.000625495,0,255,136.216,56.902,6.5,29.5,133.5,255.5,255.5,93,1722,0,153,42.5,103.5,150.5,-38.3979,38.4,-34.125,34.375,3.19361,17530,322,100,2050
1706675053249663947,23979,23979,8970,15009,0,0,0,15,0.000625547,0,255,136.785,57.104,7.5,29.5,133.5,255.5,255.5,193,1882,0,154,42.5,110.5,150.5,-38.3654,38.4309,-34.375,34.625,3.18173,17530,332,100,1945
1706675053349505792,23985,23985,9043,14942,0,0,0,16,0.000667084,0,255,136.027,55.4328,7.5,32.5,133.5,255.5,255.5,104,1548,0,153,42.5,104.5,150.5,-38.4532,38.3165,-34.625,34.625,3.11525,17530,326,100,1936
1706675053450143495,23982,23982,8868,15114,0,0,0,13,0.000542073,0,255,136.716,56.6012,8.5,31.5,134.5,255.5,255.5,118,1696,0,153,42.5,108.5,150.5,-38.2574,38.4822,-34.375,34.625,3.13543,17530,332,100,1944
1706675053549992100,23978,23978,8879,15099,0,0,0,17,0.000708983,0,255,135.845,57.4423,7.5,25.5,133.5,255.5,255.5,144,1634,0,154,42.5,104.5,150.5,-38.4954,38.2157,-34.625,34.375,3.07014,17530,328,100,1964
1706675053649827661,23978,23978,8948,15030,0,0,0,10,0.000417049,0,255,136.395,56.6749,7.5,29.5,133.5,255.5,255.5,130,1666,0,155,42.5,107.5,150.5,-38.1611,38.5096,-34.375,34.625,3.13899,17530,336,100,1952
1706675053749669855,23990,23990,9091,14899,0,0,0,18,0.000750313,0,255,135.681,56.6765,7.5,28.5,133.5,255.5,255.5,121,1642,0,153,42.5,105.5,150.5,-38.5142,38.0897,-34.125,34.375,3.15324,17530,332,100,1854
1706675053849495189,23985,23985,9137,14848,0,0,0,8,0.000333542,0,255,135.308,56.7906,7.5,29.5,133.5,255.5,255.5,131,1626,0,154,42.5,105.5,150.5,-38.1044,38.5152,-33.875,34.125,3.28858,17530,332,100,1998
1706675053950128806,23974,23974,9126,14848,0,0,0,3,0.000125136,0,255,136.872,56.1224,6.5,32.5,133.5,255.5,255.5,137,1772,0,155,42.5,108.5,150.5,-38.0186,38.1718,-33.875,33.875,3.09507,17530,331,100,1857
1706675054049960338,23981,23981,9021,14960,0,0,0,18,0.000750594,0,255,136.968,56.4679,7.5,31.5,133.5,255.5,255.5,104,1813,0,153,42.5,105.5,150.5,-38.5111,37.9385,-34.125,33.875,3.07726,17530,331,100,1898
1706675054149802100,23977,23977,9007,14970,0,0,0,11,0.000458773,0,255,135.24,56.7324,5.5,27.5,133.5,255.5,255.5,104,1513,0,153,41.5,106.5,150.5,-38.2337,38.4931,-34.125,34.125,2.95854,17530,335,100,1907
1706675054249649829,23983,23983,9022,14961,0,0,0,17,0.000708835,0,255,135.496,55.9708,8.5,30.5,131.5,255.5,255.5,109,1658,0,152,41.5,103.5,150.5,-38.4714,38.2707,-34.625,34.125,3.09981,17530,338,100,1864
1706675054349882053,23980,23980,9050,14930,0,0,0,14,0.00058382,0,255,135.372,56.2395,7.5,28.5,132.5,255.5,255.5,113,1594,0,154,42.5,103.5,150.5,-38.336,38.4571,-34.375,34.625,3.04046,17530,321,100,2066
1706675054449723595,23976,23976,8928,15048,0,0,0,15,0.000625626,0,255,136.92,56.5316,6.5,33.5,133.5,255.5,255.5,145,1698,0,152,42.5,107.5,150.5,-38.4381,38.3691,-34.625,34.375,3.04877,17530,337,100,1904
1706675054549563563,23980,23980,8950,15030,0,0,0,15,0.000625521,0,255,136.123,56.3507,7.5,30.5,133.5,255.5,255.5,142,1637,0,155,42.5,106.5,150.5,-38.4033,38.3815,-34.625,34.625,3.25653,17530,321,100,2017
1706675054650186846,23984,23984,8938,15046,0,0,0,15,0.000625417,0,255,136.87,56.7922,8.5,31.5,134.5,255.5,255.5,93,1866,0,154,42.5,107.5,150.5,-38.3568,38.4449,-34.375,34.625,3.30402,17530,333,100,1915
1706675054750027679,23974,23974,8950,15024,0,0,0,16,0.00066739,0,255,135.723,56.3061,7.5,28.5,133.5,255.5,255.5,130,1584,0,152,42.5,105.5,150.5,-38.4741,38.3058,-34.625,34.375,3.07726,17530,330,100,1899
1706675054849869334,23988,23988,8963,15025,0,0,0,12,0.00050025,0,255,136.272,56.2053,7.5,30.5,133.5,255.5,255.5,106,1713,0,154,42.5,106.5,150.5,-38.2532,38.4847,-34.125,34.625,3.03333,17530,339,100,1996
1706675054949704010,23981,23981,9019,14962,0,0,0,17,0.000708895,0,255,135.708,56.7824,6.5,27.5,132.5,255.5,255.5,130,1558,0,153,42.5,106.5,150.5,-38.5008,38.189,-34.125,34.125,3.07726,17530,327,100,1878
1706675055049549879,23980,23980,9131,14849,0,0,0,1,4.17014e-05,0,255,135.405,56.4316,7.5,28.5,132.5,255.5,255.5,131,1740,0,153,42.5,106.5,150.5,-38.0009,38.5043,-33.875,34.125,3.16037,17530,337,100,1955
1706675055150192668,23980,23980,9168,14812,0,0,0,9,0.000375313,0,255,137.325,56.9538,5.5,31.5,133.5,255.5,255.5,94,1768,0,153,42.5,108.5,150.5,-38.1232,38.0703,-33.875,33.875,3.14375,17530,334,100,1915
1706675055250032858,23977,23977,9099,14878,0,0,0,17,0.000709013,0,255,136.28,56.1432,8.5,31.5,133.5,255.5,255.5,70,1712,0,153,42.5,105.5,150.5,-38.5145,38.0538,-34.125,34.125,3.21617,17530,329,100,1944
1706675055349877889,23992,23992,9023,14969,0,0,0,9,0.000375125,0,255,135.467,57.2298,5.5,28.5,132.5,255.5,255.5,107,1753,0,152,42.5,107.5,150.5,-38.1245,38.4977,-34.375,34.125,3.04639,17530,339,100,1970
1706675055449708054,23977,23977,8942,15035,0,0,0,18,0.000750719,0,255,136.674,56.1961,8.5,32.5,133.5,255.5,255.5,79,1641,0,153,41.5,103.5,150.5,-38.4926,38.1944,-34.625,34.125,2.98466,17530,336,100,1922
1706675055549554069,23977,23977,8943,15034,0,0,0,13,0.000542186,0,255,136.085,56.3724,7.5,29.5,133.5,255.5,255.5,106,1615,0,154,42.5,102.5,150.5,-38.2555,38.4806,-34.375,34.625,2.97516,17530,325,100,2040
1706675055650187542,23983,23983,9044,14939,0,0,0,17,0.000708835,0,255,135.719,56.5984,6.5,29.5,133.5,255.5,255.5,95,1645,0,153,42.5,106.5,150.5,-38.4565,38.3094,-34.625,34.375,3.01078,17530,331,100,1926
1706675055750034415,23977,23977,8946,15031,0,0,0,15,0.0006256,0,255,136.528,56.4791,7.5,29.5,133.5,255.5,255.5,108,1634,0,155,42.5,107.5,150.5,-38.3564,38.4321,-34.625,34.625,3.00959,17530,328,100,1936
1706675055849878995,23986,23986,8969,15017,0,0,0,15,0.000625365,0,255,136.276,56.792,6.5,32.5,132.5,255.5,255.5,128,1805,0,153,42.5,108.5,150.5,-38.3977,38.4041,-34.375,34.625,3.09863,17530,341,100,1978
1706675055949725467,23970,23970,8984,14986,0,0,0,16,0.000667501,0,255,135.906,55.723,8.5,30.5,133.5,255.5,255.5,109,1574,0,153,42.5,103.5,150.5,-38.432,38.3622,-34.625,34.375,3.19836,17530,338,100,1918
1706675056049562566,23974,23974,9009,14965,0,0,0,14,0.000583966,0,255,136.748,56.4485,6.5,29.5,132.5,255.5,255.5,118,1726,0,153,42.5,108.5,150.5,-38.3149,38.4631,-34.125,34.625,3.17817,17530,341,100,1949
1706675056150215999,23982,23982,9043,14939,0,0,0,17,0.000708865,0,255,136.126,57.3447,6.5,27.5,133.5,255.5,255.5,149,1713,0,153,42.5,106.5,150.5,-38.4778,38.2598,-34.125,34.125,3.11525,17530,334,100,1847
1706675056250052162,23977,23977,9096,14881,0,0,0,0,0,0,255,135.285,55.9769,7.5,31.5,132.5,255.5,255.5,126,1718,0,154,42.5,107.5,150.5,-37.8881,38.4962,-33.875,34.125,3.09388,17530,339,100,1959
1706675056349894878,23972,23972,9150,14822,0,0,0,11,0.000458869,0,255,138.253,56.1585,7.5,32.5,134.5,255.5,255.5,141,1799,0,153,42.5,108.5,150.5,-38.2021,37.98,-33.875,33.875,3.11763,17530,331,100,1847
1706675056449723089,23979,23979,9154,14825,0,0,0,17,0.000708954,0,255,136.185,55.8381,5.5,31.5,133.5,255.5,255.5,146,1576,0,153,42.5,104.5,150.5,-38.502,38.1374,-34.125,34.125,3.10932,17530,326,100,1964
1706675056549557284,23987,23987,9054,14933,0,0,0,12,0.000500271,0,255,135.597,56.4101,8.5,29.5,132.5,255.5,255.5,92,1646,0,152,42.5,105.5,150.5,-38.08,38.515,-34.375,34.125,3.12119,17530,331,100,1899
1706675056650204609,23983,23983,8949,15034,0,0,0,17,0.000708835,0,255,135.524,56.6364,5.5,29.5,132.5,255.5,255.5,116,1604,0,152,41.5,103.5,150.5,-38.5021,38.1205,-34.625,34.375,3.27909,17530,331,100,1925
1706675056750042222,23977,23977,8897,15080,0,0,0,10,0.000417066,0,255,135.931,56.3394,8.5,29.5,132.5,255.5,255.5,99,1639,0,155,42.5,104.5,150.5,-38.1837,38.4965,-34.375,34.625,3.19123,17530,327,100,2020
1706675056849891015,23975,23975,8928,15047,0,0,0,17,0.000709072,0,255,135.884,55.9984,6.5,31.5,133.5,255.5,255.5,139,1515,0,153,41.5,103.5,150.5,-38.4956,38.2323,-34.625,34.375,3.09863,17530,337,100,1933
1706675056949727051,23980,23980,9030,14950,0,0,0,14,0.00058382,0,255,136.598,56.2573,7.5,31.5,133.5,255.5,255.5,92,1679,0,155,42.5,103.5,150.5,-38.2849,38.4705,-34.625,34.625,3.05827,17530,330,100,2012
1706675057049564899,23982,23982,8969,15013,0,0,0,17,0.000708865,0,255,137.665,57.789,7.5,29.5,133.5,255.5,255.5,118,1823,0,153,42.5,111.5,150.5,-38.4447,38.3344,-34.625,34.375,3.07964,17530,343,100,1943
1706675057150196851,23981,23981,8993,14988,0,0,0,15,0.000625495,0,255,136.614,57.2276,7.5,26.5,134.5,255.5,255.5,113,1762,0,154,42.5,103.5,150.5,-38.377,38.4184,-34.375,34.375,3.09032,17530,325,100,2016
1706675057250042150,23980,23980,9009,14971,0,0,0,15,0.000625521,0,255,136.243,56.2964,6.5,31.5,132.5,255.5,255.5,131,1785,0,152,42.5,107.5,150.5,-38.3919,38.413,-34.125,34.625,3.21973,17530,342,100,1903
1706675057349879221,23979,23979,9022,14957,0,0,0,16,0.000667251,0,255,136.06,56.6308,6.5,28.5,134.5,255.5,255.5,127,1617,0,153,42.5,104.5,150.5,-38.4434,38.3409,-34.125,34.125,3.20904,17530,332,100,1950
