stamp,lambda,raw_huber_knee,huber_inlier_fraction,H_photo_fro,H_geo_fro,R_H,b_photo_norm,b_geo_norm,photo_cost,geo_cost,pred_t_m,pred_r_deg
1705888360937982153,0.0005,200,0.985788,2574.52,24170.4,0.106516,1.83116,25.2444,0.378763,5.94224,1.23187e-09,1.55281e-07
1705888360937982153,0.001,100,0.905685,9782.27,24170.4,0.404721,5.70276,25.2444,1.36946,5.94224,3.75955e-09,4.85563e-07
1705888360937982153,0.002,50,0.662791,32269.6,24170.4,1.33509,13.6816,25.2444,4.14677,5.94224,8.73211e-09,1.17205e-06
1705888360937982153,0.003,33.3333,0.518088,59419,24170.4,2.45834,21.6897,25.2444,7.31165,5.94224,1.41554e-08,1.85031e-06
1705888360937982153,0.005,20,0.339793,122390,24170.4,5.06363,51.7077,25.2444,13.9693,5.94224,3.09954e-08,4.47656e-06
1705888360937982153,0.01,10,0.210594,297458,24170.4,12.3067,112.777,25.2444,31.0318,5.94224,6.72847e-08,9.76855e-06
1705888360937982153,0.02,5,0.121447,711021,24170.4,29.417,232.179,25.2444,65.468,5.94224,1.37978e-07,2.01122e-05
1705888360937982153,0.03,3.33333,0.0904393,1.18501e+06,24170.4,49.0275,350.32,25.2444,99.9855,5.94224,2.06991e-07,3.03532e-05
1705888360937982153,0.04,2.5,0.0749354,1.69097e+06,24170.4,69.9605,474.811,25.2444,134.526,5.94224,2.7846e-07,4.1156e-05
1705888361038607927,0.0005,200,0.991612,5215.81,33137.7,0.157398,2.51773,8.30964,0.783936,6.31208,2.80385e-07,5.53366e-05
1705888361038607927,0.001,100,0.901738,19590.2,33137.7,0.591177,8.54929,8.30964,2.86365,6.31208,9.36997e-07,0.000187422
1705888361038607927,0.002,50,0.68544,62475.2,33137.7,1.88532,20.5743,8.30964,8.68279,6.31208,2.0608e-06,0.000448443
1705888361038607927,0.003,33.3333,0.532055,116981,33137.7,3.53016,40.63,8.30964,15.3046,6.31208,3.83092e-06,0.000875088
1705888361038607927,0.005,20,0.365488,238294,33137.7,7.19103,80.8389,8.30964,29.2538,6.31208,7.34027e-06,0.00168747
1705888361038607927,0.01,10,0.213301,593842,33137.7,17.9204,173.418,8.30964,65.0985,6.31208,1.51921e-05,0.00332306
1705888361038607927,0.02,5,0.119233,1.38681e+06,33137.7,41.8501,349.99,8.30964,137.554,6.31208,2.83161e-05,0.00568776
1705888361038607927,0.03,3.33333,0.0850809,2.24644e+06,33137.7,67.7912,531.583,8.30964,210.205,6.31208,3.98573e-05,0.0074327
1705888361038607927,0.04,2.5,0.0635111,3.12924e+06,33137.7,94.4315,710.264,8.30964,282.911,6.31208,5.03351e-05,0.00869252
1705888361138442497,0.0005,200,0.991885,6258.08,33751.1,0.185419,3.70478,16.4713,0.949803,5.87418,4.35517e-07,0.00012175
1705888361138442497,0.001,100,0.907124,23599.9,33751.1,0.699234,15.4744,16.4713,3.51415,5.87418,1.91179e-06,0.000503964
1705888361138442497,0.002,50,0.691614,75112.3,33751.1,2.22548,41.9415,16.4713,10.8161,5.87418,4.89399e-06,0.00133813
1705888361138442497,0.003,33.3333,0.545537,137997,33751.1,4.08866,59.4096,16.4713,19.1697,5.87418,5.94402e-06,0.00185768
1705888361138442497,0.005,20,0.387737,284963,33751.1,8.44308,101.961,16.4713,36.8013,5.87418,9.47267e-06,0.0030299
1705888361138442497,0.01,10,0.230388,740881,33751.1,21.9513,212.424,16.4713,82.254,5.87418,1.67418e-05,0.00554348
1705888361138442497,0.02,5,0.122633,1.7884e+06,33751.1,52.988,408.243,16.4713,174.247,5.87418,2.62753e-05,0.00858558
1705888361138442497,0.03,3.33333,0.0906222,2.94129e+06,33751.1,87.1466,609.059,16.4713,266.498,5.87418,3.5477e-05,0.0107045
1705888361138442497,0.04,2.5,0.0730388,4.20925e+06,33751.1,124.715,828.2,16.4713,358.822,5.87418,4.5666e-05,0.01244
1705888361238272659,0.0005,200,0.99134,6710.38,36185.2,0.185445,5.23111,3.03711,1.08322,6.01386,6.66029e-07,9.49738e-05
1705888361238272659,0.001,100,0.89567,24964,36185.2,0.689895,14.417,3.03711,3.98167,6.01386,1.92348e-06,0.000258334
1705888361238272659,0.002,50,0.703918,76690.9,36185.2,2.1194,32.1264,3.03711,12.0756,6.01386,4.15823e-06,0.000570436
1705888361238272659,0.003,33.3333,0.556701,138928,36185.2,3.83936,45.3176,3.03711,21.2978,6.01386,6.09926e-06,0.000785747
1705888361238272659,0.005,20,0.391753,278378,36185.2,7.69313,73.4206,3.03711,40.7768,6.01386,9.94302e-06,0.00122737
1705888361238272659,0.01,10,0.224742,682696,36185.2,18.8667,131.217,3.03711,91.0125,6.01386,1.76742e-05,0.00199704
1705888361238272659,0.02,5,0.119175,1.61692e+06,36185.2,44.6844,261.493,3.03711,192.671,6.01386,3.22518e-05,0.00336044
1705888361238272659,0.03,3.33333,0.0865979,2.63682e+06,36185.2,72.87,399.287,3.03711,294.606,6.01386,4.51996e-05,0.00440499
1705888361238272659,0.04,2.5,0.0742268,3.75112e+06,36185.2,103.664,538.892,3.03711,396.608,6.01386,5.65528e-05,0.00515996
1705888361338114933,0.0005,200,0.987635,6444.83,37339.9,0.172599,3.91898,0.723067,1.15342,5.8932,1.36912e-05,0.00258103
1705888361338114933,0.001,100,0.902673,24159.5,37339.9,0.647014,11.1403,0.723067,4.19094,5.8932,3.5508e-05,0.00639137
1705888361338114933,0.002,50,0.691264,75919.4,37339.9,2.03319,27.0475,0.723067,12.7319,5.8932,6.50807e-05,0.0116012
1705888361338114933,0.003,33.3333,0.54288,138794,37339.9,3.71705,41.7197,0.723067,22.4758,5.8932,8.18512e-05,0.0142575
1705888361338114933,0.005,20,0.368169,280326,37339.9,7.5074,59.5142,0.723067,43.0578,5.8932,9.71716e-05,0.014978
1705888361338114933,0.01,10,0.21061,676855,37339.9,18.1268,104.347,0.723067,96.0696,5.8932,0.000157597,0.0176259
1705888361338114933,0.02,5,0.111288,1.51313e+06,37339.9,40.5231,192.623,0.723067,203.265,5.8932,0.00026535,0.0219353
1705888361338114933,0.03,3.33333,0.0793777,2.40309e+06,37339.9,64.357,271.725,0.723067,310.735,5.8932,0.000356601,0.0237768
1705888361338114933,0.04,2.5,0.0634224,3.32143e+06,37339.9,88.951,350.717,0.723067,418.276,5.8932,0.000425444,0.024413
1705888361437958601,0.0005,200,0.990998,6894.52,39768.3,0.173367,0.684953,3.84093,1.15201,5.96529,6.17004e-07,5.9125e-05
1705888361437958601,0.001,100,0.895499,25817.6,39768.3,0.649199,3.82208,3.84093,4.232,5.96529,2.44872e-06,0.000354914
1705888361437958601,0.002,50,0.691977,80661.7,39768.3,2.02829,7.69072,3.84093,12.8191,5.96529,6.45808e-06,0.000646452
1705888361437958601,0.003,33.3333,0.559295,146825,39768.3,3.69201,16.606,3.84093,22.5671,5.96529,1.09446e-05,0.00134969
1705888361437958601,0.005,20,0.390607,301409,39768.3,7.57913,34.6224,3.84093,43.1731,5.96529,1.9311e-05,0.00250184
1705888361437958601,0.01,10,0.222701,759813,39768.3,19.106,89.8676,3.84093,96.3365,5.96529,3.98097e-05,0.00453304
1705888361437958601,0.02,5,0.126027,1.84105e+06,39768.3,46.2944,198.858,3.84093,203.876,5.96529,7.05181e-05,0.00591522
1705888361437958601,0.03,3.33333,0.0908023,3.08524e+06,39768.3,77.5804,301.081,3.84093,311.722,5.96529,9.86597e-05,0.00616166
1705888361437958601,0.04,2.5,0.0677104,4.43958e+06,39768.3,111.636,413.849,3.84093,419.653,5.96529,0.000127796,0.0064386
1705888361538607276,0.0005,200,0.990184,6355.22,38844,0.163609,2.77467,4.75389,1.23433,5.8113,2.00103e-06,0.000187279
1705888361538607276,0.001,100,0.887117,23690.8,38844,0.609896,7.7649,4.75389,4.52525,5.8113,7.1448e-06,0.000457898
1705888361538607276,0.002,50,0.649489,73229.2,38844,1.88521,21.3328,4.75389,13.6939,5.8113,1.9169e-05,0.00125584
1705888361538607276,0.003,33.3333,0.50184,130632,38844,3.36298,34.0697,4.75389,24.0369,5.8113,3.00764e-05,0.00198635
1705888361538607276,0.005,20,0.340286,261591,38844,6.7344,62.1208,4.75389,45.7364,5.8113,5.29155e-05,0.00348395
1705888361538607276,0.01,10,0.193865,630657,38844,16.2356,124.326,4.75389,101.373,5.8113,0.000105044,0.00636462
1705888361538607276,0.02,5,0.116155,1.5002e+06,38844,38.6211,242.875,4.75389,213.634,5.8113,0.000204851,0.0110116
1705888361538607276,0.03,3.33333,0.0777096,2.49422e+06,38844,64.2112,368.621,4.75389,326.172,5.8113,0.000302298,0.0151698
1705888361538607276,0.04,2.5,0.0584867,3.55666e+06,38844,91.5626,489.079,4.75389,438.79,5.8113,0.000395461,0.0184682
1705888361638443740,0.0005,200,0.988511,6426.86,41047.7,0.156571,2.65411,4.30015,1.2521,5.68457,3.94479e-07,4.43321e-05
1705888361638443740,0.001,100,0.877447,24158.4,41047.7,0.588546,9.3772,4.30015,4.57727,5.68457,1.4121e-06,0.000155324
1705888361638443740,0.002,50,0.640426,76223.8,41047.7,1.85696,28.5805,4.30015,13.717,5.68457,3.8797e-06,0.000478091
1705888361638443740,0.003,33.3333,0.494894,138957,41047.7,3.38527,43.2631,4.30015,23.9525,5.68457,5.78271e-06,0.000714329
1705888361638443740,0.005,20,0.349362,277534,41047.7,6.76126,71.2598,4.30015,45.3429,5.68457,9.48451e-06,0.00113913
1705888361638443740,0.01,10,0.193191,668195,41047.7,16.2785,148.047,4.30015,100.168,5.68457,1.89319e-05,0.00218067
1705888361638443740,0.02,5,0.106809,1.56651e+06,41047.7,38.1633,289.361,4.30015,210.845,5.68457,3.64249e-05,0.00358323
1705888361638443740,0.03,3.33333,0.0787234,2.57528e+06,41047.7,62.7389,440.747,4.30015,321.771,5.68457,5.26614e-05,0.00466635
1705888361638443740,0.04,2.5,0.0587234,3.62977e+06,41047.7,88.4283,591.974,4.30015,432.77,5.68457,6.89492e-05,0.00544555
1705888361738281494,0.0005,200,0.989518,6043.03,42533.1,0.142078,8.6984,4.02615,1.22946,5.94614,1.61203e-06,0.000326634
1705888361738281494,0.001,100,0.885535,22589.3,42533.1,0.531098,26.9804,4.02615,4.49075,5.94614,5.02279e-06,0.00100476
1705888361738281494,0.002,50,0.655346,69970.5,42533.1,1.64508,64.5146,4.02615,13.5081,5.94614,1.17316e-05,0.00235136
1705888361738281494,0.003,33.3333,0.504403,125058,42533.1,2.94025,98.1928,4.02615,23.6732,5.94614,1.78631e-05,0.0034846
1705888361738281494,0.005,20,0.340881,246998,42533.1,5.8072,167.234,4.02615,45.022,5.94614,2.92055e-05,0.00563165
1705888361738281494,0.01,10,0.181132,587871,42533.1,13.8215,335.401,4.02615,99.8202,5.94614,5.25348e-05,0.00989764
1705888361738281494,0.02,5,0.0993711,1.34775e+06,42533.1,31.687,670.983,4.02615,210.371,5.94614,8.41879e-05,0.0154642
1705888361738281494,0.03,3.33333,0.0704403,2.16583e+06,42533.1,50.921,1012.29,4.02615,321.162,5.94614,0.000104964,0.0188275
1705888361738281494,0.04,2.5,0.0553459,3.04483e+06,42533.1,71.5873,1355.52,4.02615,432.014,5.94614,0.00011923,0.0208187
1705888361838119385,0.0005,200,0.991424,6912.09,42289.7,0.163446,4.0631,0.373775,1.29078,5.82594,0.000106059,0.0062414
1705888361838119385,0.001,100,0.869211,25701.2,42289.7,0.607741,11.2643,0.373775,4.74429,5.82594,0.000305599,0.0154836
1705888361838119385,0.002,50,0.620926,79999.2,42289.7,1.89169,23.8445,0.373775,14.245,5.82594,0.000841678,0.0233974
1705888361838119385,0.003,33.3333,0.48199,142478,42289.7,3.36909,36.1322,0.373775,24.8241,5.82594,0.00142622,0.0284537
1705888361838119385,0.005,20,0.328045,284874,42289.7,6.73625,54.4586,0.373775,46.9095,5.82594,0.00216893,0.0270189
1705888361838119385,0.01,10,0.177101,685837,42289.7,16.2176,104.424,0.373775,103.455,5.82594,0.00290148,0.0250003
1705888361838119385,0.02,5,0.0994854,1.59191e+06,42289.7,37.6429,202.266,0.373775,217.47,5.82594,0.00307846,0.0236065
1705888361838119385,0.03,3.33333,0.0638937,2.58672e+06,42289.7,61.1666,298.524,0.373775,331.723,5.82594,0.00313476,0.0212582
1705888361838119385,0.04,2.5,0.0488851,3.64487e+06,42289.7,86.1881,386.133,0.373775,446.039,5.82594,0.00317158,0.0195587
1705888361937946150,0.0005,200,0.985501,6610.73,41127.7,0.160737,5.03262,21.5256,1.27163,5.86167,5.83482e-07,0.000128502
1705888361937946150,0.001,100,0.865428,24551.6,41127.7,0.596961,19.196,21.5256,4.58944,5.86167,2.34594e-06,0.000485137
1705888361937946150,0.002,50,0.628002,77974.9,41127.7,1.89592,42.102,21.5256,13.5787,5.86167,4.89736e-06,0.00104891
1705888361937946150,0.003,33.3333,0.490258,143651,41127.7,3.4928,63.6547,21.5256,23.5973,5.86167,6.96059e-06,0.00155975
1705888361937946150,0.005,20,0.324875,296250,41127.7,7.20319,122.408,21.5256,44.5432,5.86167,1.2323e-05,0.00286382
1705888361937946150,0.01,10,0.17671,691855,41127.7,16.8221,252.85,21.5256,98.1918,5.86167,2.29203e-05,0.00530711
1705888361937946150,0.02,5,0.087449,1.55413e+06,41127.7,37.7879,498.168,21.5256,206.434,5.86167,3.63596e-05,0.00858564
1705888361937946150,0.03,3.33333,0.0607159,2.48081e+06,41127.7,60.3197,733.209,21.5256,314.888,5.86167,4.41422e-05,0.0106726
1705888361937946150,0.04,2.5,0.048029,3.46607e+06,41127.7,84.276,967.476,21.5256,423.396,5.86167,4.93781e-05,0.0121267
1705888362038582445,0.0005,200,0.991608,6395.12,41278,0.154928,0.814425,0.913871,1.25704,5.73342,1.759e-06,0.000385858
1705888362038582445,0.001,100,0.847552,23576.9,41278,0.571173,5.34273,0.913871,4.62477,5.73342,1.2899e-05,0.00229319
1705888362038582445,0.002,50,0.611655,72372.5,41278,1.7533,19.1375,0.913871,13.7048,5.73342,4.88896e-05,0.0065082
1705888362038582445,0.003,33.3333,0.467133,130748,41278,3.1675,30.6771,0.913871,23.7847,5.73342,7.67657e-05,0.00930606
1705888362038582445,0.005,20,0.316084,264531,41278,6.40852,49.3165,0.913871,44.7891,5.73342,0.000115687,0.0130214
1705888362038582445,0.01,10,0.169697,660887,41278,16.0106,96.8163,0.913871,98.5142,5.73342,0.000216791,0.0196936
1705888362038582445,0.02,5,0.0825175,1.54426e+06,41278,37.4113,197.159,0.913871,206.862,5.73342,0.00038131,0.0266295
1705888362038582445,0.03,3.33333,0.0554779,2.48973e+06,41278,60.3161,305.073,0.913871,315.406,5.73342,0.000515929,0.0296385
1705888362038582445,0.04,2.5,0.0438228,3.46408e+06,41278,83.9207,411.544,0.913871,423.997,5.73342,0.00064133,0.0314122
1705888362138411936,0.0005,200,0.981757,7062.47,41610.4,0.169728,3.71693,3.53239,1.30889,5.87303,2.81542e-06,0.000455787
1705888362138411936,0.001,100,0.846855,26158.1,41610.4,0.628644,10.5924,3.53239,4.7252,5.87303,9.19721e-06,0.00124779
1705888362138411936,0.002,50,0.614498,80175.8,41610.4,1.92682,25.6548,3.53239,13.8375,5.87303,2.09408e-05,0.00289777
1705888362138411936,0.003,33.3333,0.457033,142022,41610.4,3.41313,38.8763,3.53239,23.9119,5.87303,3.12657e-05,0.00410418
1705888362138411936,0.005,20,0.318771,284086,41610.4,6.82728,64.0245,3.53239,44.8531,5.87303,4.93167e-05,0.00613721
1705888362138411936,0.01,10,0.174268,684920,41610.4,16.4603,120.258,3.53239,98.3369,5.87303,9.41978e-05,0.0099164
1705888362138411936,0.02,5,0.0940951,1.55473e+06,41610.4,37.3639,234.026,3.53239,206.129,5.87303,0.000186689,0.0153424
1705888362138411936,0.03,3.33333,0.0628901,2.46168e+06,41610.4,59.1602,352.317,3.53239,314.128,5.87303,0.000276849,0.0192563
1705888362138411936,0.04,2.5,0.0465675,3.38024e+06,41610.4,81.2354,471.991,3.53239,422.178,5.87303,0.000361378,0.0219635
1705888362238244483,0.0005,200,0.989171,7219.51,42333.2,0.17054,2.26946,0.465096,1.26475,5.8344,6.37113e-06,0.00104798
1705888362238244483,0.001,100,0.840866,26523,42333.2,0.626529,7.8646,0.465096,4.6654,5.8344,1.8218e-05,0.00341045
1705888362238244483,0.002,50,0.608757,77845.6,42333.2,1.83888,22.0148,0.465096,13.8411,5.8344,4.8078e-05,0.00811202
1705888362238244483,0.003,33.3333,0.45951,136975,42333.2,3.23564,41.5764,0.465096,24.0043,5.8344,7.25207e-05,0.0123328
1705888362238244483,0.005,20,0.303672,263865,42333.2,6.23306,75.37,0.465096,45.151,5.8344,0.000120888,0.0165265
1705888362238244483,0.01,10,0.17467,621859,42333.2,14.6896,162.63,0.465096,99.1042,5.8344,0.000241068,0.0205126
1705888362238244483,0.02,5,0.0936911,1.4033e+06,42333.2,33.149,349.744,0.465096,207.858,5.8344,0.000440997,0.0241315
1705888362238244483,0.03,3.33333,0.0626177,2.2224e+06,42333.2,52.4978,531.354,0.465096,316.818,5.8344,0.000590405,0.0260155
1705888362238244483,0.04,2.5,0.0475518,3.07368e+06,42333.2,72.6068,719.175,0.465096,425.831,5.8344,0.000706483,0.0277538
1705888362338079610,0.0005,200,0.989105,7294.55,41281.2,0.176704,4.77152,8.35636,1.25321,5.94711,7.44521e-07,0.00011892
1705888362338079610,0.001,100,0.851729,26866.2,41281.2,0.650809,15.2523,8.35636,4.58759,5.94711,2.56588e-06,0.000373708
1705888362338079610,0.002,50,0.610137,81894.9,41281.2,1.98383,30.4355,8.35636,13.606,5.94711,6.19991e-06,0.000706131
1705888362338079610,0.003,33.3333,0.465656,145661,41281.2,3.52851,44.3107,8.35636,23.6142,5.94711,9.58897e-06,0.000991324
1705888362338079610,0.005,20,0.30649,286640,41281.2,6.94359,76.7832,8.35636,44.4558,5.94711,1.6451e-05,0.00164734
1705888362338079610,0.01,10,0.174799,682267,41281.2,16.5273,166.239,8.35636,97.6725,5.94711,3.35718e-05,0.00323416
1705888362338079610,0.02,5,0.0933207,1.53214e+06,41281.2,37.1146,350.499,8.35636,204.94,5.94711,6.60617e-05,0.00559133
1705888362338079610,0.03,3.33333,0.0658456,2.45012e+06,41281.2,59.3519,524.538,8.35636,312.408,5.94711,9.45945e-05,0.00694324
1705888362338079610,0.04,2.5,0.0450024,3.42653e+06,41281.2,83.0046,696.486,8.35636,419.932,5.94711,0.000120735,0.00776786
1705888362438307763,0.0005,200,0.98691,7205.54,42716.5,0.168683,6.51246,16.1634,1.28488,6.04038,2.31263e-06,0.000477632
1705888362438307763,0.001,100,0.85741,26875,42716.5,0.629148,21.488,16.1634,4.68876,6.04038,7.17202e-06,0.00155498
1705888362438307763,0.002,50,0.597008,81069.9,42716.5,1.89786,60.7508,16.1634,13.9366,6.04038,1.95387e-05,0.00417952
1705888362438307763,0.003,33.3333,0.452548,142549,42716.5,3.3371,95.921,16.1634,24.198,6.04038,3.06389e-05,0.00624512
1705888362438307763,0.005,20,0.302478,281354,42716.5,6.58654,153.683,16.1634,45.5484,6.04038,4.821e-05,0.0089312
1705888362438307763,0.01,10,0.159888,672758,42716.5,15.7494,303.889,16.1634,100.064,6.04038,8.08163e-05,0.0136164
1705888362438307763,0.02,5,0.0869565,1.52021e+06,42716.5,35.5883,579.287,16.1634,209.886,6.04038,0.000117059,0.0174007
1705888362438307763,0.03,3.33333,0.0640486,2.42488e+06,42716.5,56.7668,855.545,16.1634,319.894,6.04038,0.000144892,0.0189962
1705888362438307763,0.04,2.5,0.0486209,3.38389e+06,42716.5,79.2174,1139.12,16.1634,429.957,6.04038,0.000168943,0.0197525
1705888362538138842,0.0005,200,0.991525,7782.03,40363.8,0.192797,0.622504,1.69099,1.21294,5.25306,4.74621e-07,6.13052e-05
1705888362538138842,0.001,100,0.856403,28927.7,40363.8,0.716674,2.12966,1.69099,4.47863,5.25306,7.70497e-07,0.000227259
1705888362538138842,0.002,50,0.604049,89226.7,40363.8,2.21056,10.2298,1.69099,13.4327,5.25306,1.43667e-06,0.00103821
1705888362538138842,0.003,33.3333,0.458098,162338,40363.8,4.02188,20.5532,1.69099,23.4126,5.25306,2.31202e-06,0.00192922
1705888362538138842,0.005,20,0.305556,325998,40363.8,8.07648,42.3418,1.69099,44.1763,5.25306,8.84858e-06,0.00330392
1705888362538138842,0.01,10,0.169962,799012,40363.8,19.7953,76.7224,1.69099,97.1986,5.25306,2.07474e-05,0.00416268
1705888362538138842,0.02,5,0.0918079,1.86489e+06,40363.8,46.202,147.864,1.69099,204.065,5.25306,3.94231e-05,0.00552512
1705888362538138842,0.03,3.33333,0.0645009,3.0601e+06,40363.8,75.8129,231.2,1.69099,311.121,5.25306,5.68156e-05,0.00686285
1705888362538138842,0.04,2.5,0.0499058,4.3668e+06,40363.8,108.186,319.001,1.69099,418.23,5.25306,7.34159e-05,0.00785827
1705888362637974608,0.0005,200,0.988133,9838.74,42359.4,0.232268,3.67649,8.81398,1.35743,5.76873,7.70032e-07,0.000109243
1705888362637974608,0.001,100,0.84482,35294.5,42359.4,0.833215,13.7425,8.81398,4.94595,5.76873,2.70954e-06,0.00040688
1705888362637974608,0.002,50,0.610224,103059,42359.4,2.43295,40.3,8.81398,14.4922,5.76873,7.38681e-06,0.00117107
1705888362637974608,0.003,33.3333,0.471474,182902,42359.4,4.31787,60.5918,8.81398,25.0379,5.76873,1.15069e-05,0.00170241
1705888362637974608,0.005,20,0.314925,362869,42359.4,8.56644,96.8185,8.81398,46.9901,5.76873,1.83211e-05,0.00255324
1705888362637974608,0.01,10,0.175262,858001,42359.4,20.2552,199.124,8.81398,103.025,5.76873,3.53686e-05,0.00451927
1705888362637974608,0.02,5,0.100411,1.92467e+06,42359.4,45.4366,439.006,8.81398,215.936,5.76873,6.56652e-05,0.00775678
1705888362637974608,0.03,3.33333,0.0716568,3.10627e+06,42359.4,73.3312,687.729,8.81398,329.067,5.76873,9.05096e-05,0.00977554
1705888362637974608,0.04,2.5,0.0534003,4.38031e+06,42359.4,103.408,933.417,8.81398,442.263,5.76873,0.000112124,0.011014
1705888362738622119,0.0005,200,0.988329,8215.61,42871.4,0.191634,2.90979,0.943014,1.31548,5.45701,2.26589e-05,0.00301114
1705888362738622119,0.001,100,0.848273,30527.8,42871.4,0.712077,10.6161,0.943014,4.82785,5.45701,7.84679e-05,0.00828323
1705888362738622119,0.002,50,0.583567,91348.9,42871.4,2.13076,28.0006,0.943014,14.3698,5.45701,0.000219777,0.0130815
1705888362738622119,0.003,33.3333,0.434174,162178,42871.4,3.78289,43.1887,0.943014,24.9253,5.45701,0.000337432,0.0134547
1705888362738622119,0.005,20,0.29225,318275,42871.4,7.42394,64.8435,0.943014,46.8061,5.45701,0.00058963,0.011901
1705888362738622119,0.01,10,0.174603,793206,42871.4,18.502,146.138,0.943014,102.496,5.45701,0.00110427,0.0138959
1705888362738622119,0.02,5,0.101307,1.86278e+06,42871.4,43.4505,302.022,0.943014,214.641,5.45701,0.00189706,0.0214779
1705888362738622119,0.03,3.33333,0.0723623,3.04098e+06,42871.4,70.9327,449.725,0.943014,327,5.45701,0.00247827,0.0284265
1705888362738622119,0.04,2.5,0.0536881,4.3354e+06,42871.4,101.126,584.819,0.943014,439.419,5.45701,0.00290867,0.0336373
1705888362838466851,0.0005,200,0.987413,8846.81,43122.7,0.205154,11.3325,0.00979831,1.42315,5.61818,0.0032741,0.0550543
1705888362838466851,0.001,100,0.835431,31821.4,43122.7,0.737928,34.8114,0.00979831,5.14778,5.61818,0.00679913,0.114846
1705888362838466851,0.002,50,0.59021,94447.1,43122.7,2.1902,72.1868,0.00979831,15.0059,5.61818,0.00827872,0.138274
1705888362838466851,0.003,33.3333,0.45035,168602,43122.7,3.90981,108.098,0.00979831,25.8515,5.61818,0.00854377,0.140261
1705888362838466851,0.005,20,0.288578,326480,43122.7,7.57096,188.49,0.00979831,48.3669,5.61818,0.00835031,0.13248
1705888362838466851,0.01,10,0.168765,758705,43122.7,17.5941,399.399,0.00979831,105.719,5.61818,0.00827009,0.127324
1705888362838466851,0.02,5,0.0899767,1.70123e+06,43122.7,39.4509,802.337,0.00979831,221.237,5.61818,0.007863,0.118534
1705888362838466851,0.03,3.33333,0.0564103,2.6972e+06,43122.7,62.5471,1190.7,0.00979831,336.963,5.61818,0.00760329,0.114809
1705888362838466851,0.04,2.5,0.0400932,3.72629e+06,43122.7,86.4113,1587.1,0.00979831,452.741,5.61818,0.00746828,0.113146
1705888362938308004,0.0005,200,0.991674,8473.78,43312.9,0.195641,5.6991,2.13113,1.34966,5.75299,3.67678e-07,0.00013051
1705888362938308004,0.001,100,0.842738,30994.2,43312.9,0.715588,15.4027,2.13113,4.93261,5.75299,9.46908e-07,0.000351027
1705888362938308004,0.002,50,0.59852,91784.2,43312.9,2.1191,33.955,2.13113,14.5201,5.75299,1.69019e-06,0.000764447
1705888362938308004,0.003,33.3333,0.451896,162806,43312.9,3.75884,54.865,2.13113,25.1144,5.75299,2.27696e-06,0.00121515
1705888362938308004,0.005,20,0.30481,322271,43312.9,7.44054,92.9559,2.13113,47.1299,5.75299,3.08638e-06,0.00199008
1705888362938308004,0.01,10,0.16235,780021,43312.9,18.009,189.58,2.13113,103.33,5.75299,5.8632e-06,0.00374074
1705888362938308004,0.02,5,0.0837188,1.85022e+06,43312.9,42.7174,356.319,2.13113,216.567,5.75299,1.10124e-05,0.0061755
1705888362938308004,0.03,3.33333,0.0550416,3.085e+06,43312.9,71.226,521.66,2.13113,330.005,5.75299,1.82781e-05,0.00818021
1705888362938308004,0.04,2.5,0.0439408,4.29776e+06,43312.9,99.2259,693.131,2.13113,443.487,5.75299,2.67708e-05,0.00985304
1705888363038133837,0.0005,200,0.987506,9698.67,43858.4,0.221136,5.34202,7.16573,1.47331,5.60938,2.66875e-07,6.33741e-05
1705888363038133837,0.001,100,0.835341,35238.2,43858.4,0.803454,16.8209,7.16573,5.3744,5.60938,9.29939e-07,0.000197519
1705888363038133837,0.002,50,0.57162,102459,43858.4,2.33614,45.4465,7.16573,15.8357,5.60938,2.49978e-06,0.00052845
1705888363038133837,0.003,33.3333,0.426149,180559,43858.4,4.11687,71.1662,7.16573,27.3385,5.60938,3.71349e-06,0.00082089
1705888363038133837,0.005,20,0.288264,358156,43858.4,8.16619,112.863,7.16573,51.1491,5.60938,5.59566e-06,0.0012737
1705888363038133837,0.01,10,0.153503,849460,43858.4,19.3682,216.389,7.16573,111.781,5.60938,9.93753e-06,0.00229565
1705888363038133837,0.02,5,0.0870147,1.98406e+06,43858.4,45.2379,448.422,7.16573,233.851,5.60938,1.9032e-05,0.00415493
1705888363038133837,0.03,3.33333,0.0535475,3.2156e+06,43858.4,73.3178,687.69,7.16573,356.123,5.60938,2.75198e-05,0.00562068
1705888363038133837,0.04,2.5,0.0423918,4.49908e+06,43858.4,102.582,920.533,7.16573,478.446,5.60938,3.52213e-05,0.00672138
1705888363137975179,0.0005,200,0.986017,9911.96,43144.6,0.229738,8.60903,1.34646,1.54389,5.80581,8.03751e-06,0.00173604
1705888363137975179,0.001,100,0.820027,36014.6,43144.6,0.834743,21.9784,1.34646,5.59956,5.80581,1.87304e-05,0.00425699
1705888363137975179,0.002,50,0.570591,104923,43144.6,2.43188,51.9716,1.34646,16.2954,5.80581,4.36941e-05,0.00895372
1705888363137975179,0.003,33.3333,0.41723,183901,43144.6,4.26243,78.7801,1.34646,28.0343,5.80581,6.43289e-05,0.0121103
1705888363137975179,0.005,20,0.269734,353413,43144.6,8.19137,130.67,1.34646,52.3195,5.80581,9.63696e-05,0.0170491
1705888363137975179,0.01,10,0.15336,818219,43144.6,18.9646,272.972,1.34646,114.059,5.80581,0.000157364,0.0267732
1705888363137975179,0.02,5,0.0843482,1.85002e+06,43144.6,42.8795,559.932,1.34646,238.258,5.80581,0.000244272,0.0388291
1705888363137975179,0.03,3.33333,0.0672079,2.98387e+06,43144.6,69.1597,847.255,1.34646,362.625,5.80581,0.000318037,0.0459053
1705888363137975179,0.04,2.5,0.0496166,4.17393e+06,43144.6,96.7428,1140.12,1.34646,487.047,5.80581,0.000388494,0.0506727
1705888363238617479,0.0005,200,0.987638,10554,42222.1,0.249963,14.2989,7.42777,1.50536,5.96034,3.7208e-06,0.000881555
1705888363238617479,0.001,100,0.83223,38925,42222.1,0.921912,39.3984,7.42777,5.48734,5.96034,1.02122e-05,0.00237252
1705888363238617479,0.002,50,0.573068,116294,42222.1,2.75434,81.3595,7.42777,16.096,5.96034,1.95835e-05,0.00463953
1705888363238617479,0.003,33.3333,0.41766,206958,42222.1,4.90164,124.846,7.42777,27.7727,5.96034,2.79946e-05,0.00670827
1705888363238617479,0.005,20,0.287859,414363,42222.1,9.8139,206.748,7.42777,51.9266,5.96034,3.90486e-05,0.00982616
1705888363238617479,0.01,10,0.157174,1.02826e+06,42222.1,24.3537,427.568,7.42777,113.403,5.96034,5.95412e-05,0.0150511
1705888363238617479,0.02,5,0.0887417,2.48257e+06,42222.1,58.7978,855.913,7.42777,237.184,5.96034,8.15698e-05,0.0187891
1705888363238617479,0.03,3.33333,0.0525386,4.19816e+06,42222.1,99.4305,1276.13,7.42777,361.186,5.96034,9.79239e-05,0.0195508
1705888363238617479,0.04,2.5,0.0423841,6.13382e+06,42222.1,145.275,1682.09,7.42777,485.238,5.96034,0.000115376,0.0194794
1705888363338463361,0.0005,200,0.990237,9712.22,42578,0.228104,10.7675,7.6736,1.36861,5.63174,1.35907e-06,0.000508843
1705888363338463361,0.001,100,0.837285,35779,42578,0.840317,33.9599,7.6736,5.01434,5.63174,4.63397e-06,0.00157968
1705888363338463361,0.002,50,0.58252,106864,42578,2.50984,77.93,7.6736,14.766,5.63174,1.12417e-05,0.0034971
1705888363338463361,0.003,33.3333,0.444444,190122,42578,4.46526,116.822,7.6736,25.51,5.63174,1.60738e-05,0.00505869
1705888363338463361,0.005,20,0.289633,369845,42578,8.6863,195.09,7.6736,47.8107,5.63174,2.40891e-05,0.00787243
1705888363338463361,0.01,10,0.165969,865104,42578,20.3181,380.215,7.6736,104.628,5.63174,3.81138e-05,0.0129972
1705888363338463361,0.02,5,0.0920502,1.95412e+06,42578,45.8951,785.959,7.6736,219.044,5.63174,5.69174e-05,0.0207623
1705888363338463361,0.03,3.33333,0.0632264,3.17276e+06,42578,74.5165,1191.19,7.6736,333.66,5.63174,6.90351e-05,0.0263038
1705888363338463361,0.04,2.5,0.0483496,4.46575e+06,42578,104.884,1599.32,7.6736,448.328,5.63174,7.98235e-05,0.0310367
1705888363438297843,0.0005,200,0.9886,10048,42727,0.235167,8.10391,0.22506,1.49505,5.81584,5.86062e-06,0.00157159
1705888363438297843,0.001,100,0.823073,36165.7,42727,0.846436,26.8253,0.22506,5.42922,5.81584,2.03828e-05,0.00491193
1705888363438297843,0.002,50,0.572275,108822,42727,2.54692,63.0682,0.22506,15.8118,5.81584,4.08208e-05,0.0100191
1705888363438297843,0.003,33.3333,0.427269,194496,42727,4.55206,97.8472,0.22506,27.2375,5.81584,5.08271e-05,0.0134672
1705888363438297843,0.005,20,0.273598,379574,42727,8.8837,174.989,0.22506,50.9093,5.81584,6.76926e-05,0.0188522
1705888363438297843,0.01,10,0.156407,883554,42727,20.6791,337.019,0.22506,111.13,5.81584,7.94422e-05,0.0237362
1705888363438297843,0.02,5,0.0807114,1.98679e+06,42727,46.4998,701.52,0.22506,232.337,5.81584,9.02222e-05,0.0299363
1705888363438297843,0.03,3.33333,0.0556316,3.1307e+06,42727,73.2722,1056.71,0.22506,353.735,5.81584,9.46248e-05,0.0332832
1705888363438297843,0.04,2.5,0.0433197,4.3266e+06,42727,101.262,1402.49,0.22506,475.182,5.81584,0.000100256,0.035472
1705888363538144587,0.0005,200,0.995016,10378,42433.7,0.24457,4.53884,0.654086,1.42307,5.47911,3.31497e-07,0.000108232
1705888363538144587,0.001,100,0.82918,38124.1,42433.7,0.898439,11.3482,0.654086,5.25007,5.47911,8.61529e-07,0.000268161
1705888363538144587,0.002,50,0.575442,112662,42433.7,2.65502,26.5219,0.654086,15.4205,5.47911,1.6441e-06,0.000617043
1705888363538144587,0.003,33.3333,0.439511,197993,42433.7,4.66594,40.2284,0.654086,26.5721,5.47911,2.27065e-06,0.000917434
1705888363538144587,0.005,20,0.302673,388095,42433.7,9.14592,78.8592,0.654086,49.6598,5.47911,4.86487e-06,0.00170267
1705888363538144587,0.01,10,0.17082,951793,42433.7,22.4301,168.037,0.654086,108.48,5.47911,9.79354e-06,0.00319097
1705888363538144587,0.02,5,0.101948,2.26701e+06,42433.7,53.4247,316.199,0.654086,226.927,5.47911,1.37215e-05,0.00477246
1705888363538144587,0.03,3.33333,0.0670594,3.7132e+06,42433.7,87.5059,468.948,0.654086,345.6,5.47911,1.57032e-05,0.00588055
1705888363538144587,0.04,2.5,0.0502945,5.17587e+06,42433.7,121.975,620.636,0.654086,464.334,5.47911,1.65533e-05,0.00672967
1705888363637992265,0.0005,200,0.983696,10232.7,43466.1,0.235417,9.28659,16.8054,1.55411,5.96543,1.12286e-06,0.000219233
1705888363637992265,0.001,100,0.814764,37888.9,43466.1,0.871689,31.4139,16.8054,5.6419,5.96543,3.56199e-06,0.000739857
1705888363637992265,0.002,50,0.569293,112353,43466.1,2.58485,73.4762,16.8054,16.3814,5.96543,8.31865e-06,0.00169411
1705888363637992265,0.003,33.3333,0.419384,194619,43466.1,4.4775,109.953,16.8054,28.1521,5.96543,1.23975e-05,0.00247701
1705888363637992265,0.005,20,0.27038,373551,43466.1,8.59407,181.12,16.8054,52.5162,5.96543,1.98087e-05,0.00389349
1705888363637992265,0.01,10,0.144022,873326,43466.1,20.0921,376.376,16.8054,114.498,5.96543,3.76386e-05,0.00718047
1705888363637992265,0.02,5,0.0815217,1.99419e+06,43466.1,45.8791,775.73,16.8054,239.171,5.96543,6.62411e-05,0.0119003
1705888363637992265,0.03,3.33333,0.057971,3.22243e+06,43466.1,74.1367,1172.2,16.8054,364.015,5.96543,8.77965e-05,0.0148657
1705888363637992265,0.04,2.5,0.0439312,4.48751e+06,43466.1,103.241,1563.82,16.8054,488.913,5.96543,0.000106044,0.016948
1705888363738626866,0.0005,200,0.988829,10466.6,42162.7,0.248244,11.3327,0.653322,1.50092,5.65188,1.73905e-05,0.00289202
1705888363738626866,0.001,100,0.828865,38100.6,42162.7,0.903657,39.0262,0.653322,5.49634,5.65188,5.62195e-05,0.00911757
1705888363738626866,0.002,50,0.568811,113691,42162.7,2.69648,86.6754,0.653322,16.1721,5.65188,0.000120673,0.0162511
1705888363738626866,0.003,33.3333,0.407507,199653,42162.7,4.73531,134.594,0.653322,27.9258,5.65188,0.000181102,0.0205582
1705888363738626866,0.005,20,0.263181,384540,42162.7,9.1204,225.035,0.653322,52.2394,5.65188,0.000286141,0.0244332
1705888363738626866,0.01,10,0.151028,913209,42162.7,21.6592,455.87,0.653322,114.014,5.65188,0.000501506,0.0267886
1705888363738626866,0.02,5,0.0857909,2.16423e+06,42162.7,51.3306,908.663,0.653322,238.285,5.65188,0.000876826,0.025087
1705888363738626866,0.03,3.33333,0.0585344,3.5309e+06,42162.7,83.7447,1382.7,0.653322,362.744,5.65188,0.00122076,0.0232183
1705888363738626866,0.04,2.5,0.0455764,4.93417e+06,42162.7,117.027,1858.26,0.653322,487.254,5.65188,0.00152378,0.0214351
1705888363838481265,0.0005,200,0.989381,10568.7,43590.3,0.242456,1.78155,3.30442,1.48626,5.85559,3.20442e-07,0.00012189
1705888363838481265,0.001,100,0.834513,39271.9,43590.3,0.900933,9.47493,3.30442,5.45174,5.85559,1.3022e-06,0.000628958
1705888363838481265,0.002,50,0.565929,117472,43590.3,2.69492,16.3447,3.30442,16.0798,5.85559,3.63913e-06,0.00104682
1705888363838481265,0.003,33.3333,0.424336,211122,43590.3,4.84333,23.3264,3.30442,27.7303,5.85559,7.68265e-06,0.00143482
1705888363838481265,0.005,20,0.279646,426370,43590.3,9.78132,36.638,3.30442,51.8811,5.85559,1.4662e-05,0.00208703
1705888363838481265,0.01,10,0.152212,1.05053e+06,43590.3,24.1001,70.9668,3.30442,113.377,5.85559,2.74949e-05,0.00347246
1705888363838481265,0.02,5,0.0845133,2.49579e+06,43590.3,57.2556,149.616,3.30442,237.126,5.85559,5.44565e-05,0.00551813
1705888363838481265,0.03,3.33333,0.0548673,4.05538e+06,43590.3,93.0341,215.098,3.30442,361.079,5.85559,7.9639e-05,0.00637656
1705888363838481265,0.04,2.5,0.0424779,5.67341e+06,43590.3,130.153,304.409,3.30442,485.081,5.85559,0.000104615,0.00724405
1705888363938322531,0.0005,200,0.989399,10115.2,43793.8,0.230974,7.76905,0.926797,1.55884,5.66471,1.43633e-05,0.00291163
1705888363938322531,0.001,100,0.819346,37262.6,43793.8,0.850865,25.9135,0.926797,5.70303,5.66471,4.47895e-05,0.00888138
1705888363938322531,0.002,50,0.560071,112334,43793.8,2.56506,62.8533,0.926797,16.6981,5.66471,9.88145e-05,0.0175437
1705888363938322531,0.003,33.3333,0.405477,200630,43793.8,4.58125,103.426,0.926797,28.8062,5.66471,0.000138118,0.0243211
1705888363938322531,0.005,20,0.246025,399459,43793.8,9.12136,183.888,0.926797,53.8868,5.66471,0.000205515,0.0324821
1705888363938322531,0.01,10,0.128975,939741,43793.8,21.4583,378.898,0.926797,117.631,5.66471,0.000336507,0.0433007
1705888363938322531,0.02,5,0.0719965,2.06943e+06,43793.8,47.2539,745.442,0.926797,245.784,5.66471,0.000551747,0.0546625
1705888363938322531,0.03,3.33333,0.0481449,3.27768e+06,43793.8,74.8435,1100.64,0.926797,374.104,5.66471,0.000753443,0.0592496
1705888363938322531,0.04,2.5,0.0388693,4.57053e+06,43793.8,104.365,1456.21,0.926797,502.468,5.66471,0.000931176,0.0612816
1705888364038162089,0.0005,200,0.990591,10251.6,42026.3,0.243932,1.81713,1.75938,1.47834,5.52571,1.51121e-07,3.68887e-05
1705888364038162089,0.001,100,0.831093,37785.4,42026.3,0.899088,7.17121,1.75938,5.43759,5.52571,8.42018e-07,0.000140507
1705888364038162089,0.002,50,0.561828,112829,42026.3,2.68471,25.9447,1.75938,16.0136,5.52571,2.68257e-06,0.000502089
1705888364038162089,0.003,33.3333,0.423387,198893,42026.3,4.73258,50.6673,1.75938,27.6185,5.52571,4.73805e-06,0.000966
1705888364038162089,0.005,20,0.273746,388218,42026.3,9.2375,99.5916,1.75938,51.6371,5.52571,8.54298e-06,0.00182663
1705888364038162089,0.01,10,0.15681,942745,42026.3,22.4322,226.518,1.75938,112.707,5.52571,1.72687e-05,0.00370921
1705888364038162089,0.02,5,0.0887097,2.2634e+06,42026.3,53.8566,515.042,1.75938,235.597,5.52571,3.31361e-05,0.00666528
1705888364038162089,0.03,3.33333,0.0663082,3.63249e+06,42026.3,86.4337,785.729,1.75938,358.689,5.52571,4.60241e-05,0.00840237
1705888364038162089,0.04,2.5,0.047043,5.08866e+06,42026.3,121.083,1049.09,1.75938,481.841,5.52571,5.77641e-05,0.00951699
1705888364138002177,0.0005,200,0.99038,10927.2,43657.1,0.250295,5.14823,1.46644,1.52509,5.47096,3.02253e-06,0.000647102
1705888364138002177,0.001,100,0.825973,40691.1,43657.1,0.932061,22.1788,1.46644,5.5856,5.47096,1.24017e-05,0.00266423
1705888364138002177,0.002,50,0.565369,121539,43657.1,2.78394,65.1969,1.46644,16.4016,5.47096,3.26232e-05,0.00702298
1705888364138002177,0.003,33.3333,0.421076,211503,43657.1,4.84463,108.125,1.46644,28.2877,5.47096,4.71151e-05,0.0104633
1705888364138002177,0.005,20,0.273284,406383,43657.1,9.30852,194.969,1.46644,52.8955,5.47096,7.08336e-05,0.0154842
1705888364138002177,0.01,10,0.150853,964316,43657.1,22.0884,434.883,1.46644,115.496,5.47096,0.000121222,0.0230595
1705888364138002177,0.02,5,0.080892,2.25876e+06,43657.1,51.7386,916.906,1.46644,241.49,5.47096,0.000202584,0.0285177
1705888364138002177,0.03,3.33333,0.0572803,3.64774e+06,43657.1,83.5542,1407.21,1.46644,367.68,5.47096,0.000278316,0.0310121
1705888364138002177,0.04,2.5,0.0437254,5.04083e+06,43657.1,115.464,1883.61,1.46644,493.924,5.47096,0.000356434,0.0326839
1705888364238636892,0.0005,200,0.991015,11069.5,43845.2,0.252467,4.8533,2.08426,1.52674,5.46588,4.7497e-07,0.000342882
1705888364238636892,0.001,100,0.818509,39942.3,43845.2,0.910985,15.1336,2.08426,5.57578,5.46588,1.91108e-06,0.00104266
1705888364238636892,0.002,50,0.569182,118964,43845.2,2.71328,41.2732,2.08426,16.2675,5.46588,7.71319e-06,0.00264281
1705888364238636892,0.003,33.3333,0.418239,210800,43845.2,4.80782,72.5095,2.08426,28.0024,5.46588,1.21754e-05,0.0043266
1705888364238636892,0.005,20,0.273136,405849,43845.2,9.25641,125.346,2.08426,52.2768,5.46588,2.01609e-05,0.00655921
1705888364238636892,0.01,10,0.15903,970503,43845.2,22.1348,265.785,2.08426,113.982,5.46588,4.03027e-05,0.0103238
1705888364238636892,0.02,5,0.0867026,2.33529e+06,43845.2,53.2622,545.558,2.08426,238.164,5.46588,8.19257e-05,0.0135839
1705888364238636892,0.03,3.33333,0.0592992,3.91463e+06,43845.2,89.283,844.362,2.08426,362.545,5.46588,0.000130254,0.0154103
1705888364238636892,0.04,2.5,0.0426774,5.52084e+06,43845.2,125.917,1140.1,2.08426,486.984,5.46588,0.000179522,0.0166594
1705888364338481898,0.0005,200,0.991993,10719.2,43298.5,0.247566,3.4351,18.9157,1.51171,5.84611,2.13642e-07,8.63103e-05
1705888364338481898,0.001,100,0.812722,39486.5,43298.5,0.91196,13.1024,18.9157,5.58774,5.84611,4.88018e-07,0.000328073
1705888364338481898,0.002,50,0.560053,114496,43298.5,2.64434,42.2047,18.9157,16.3956,5.84611,1.63749e-06,0.00102992
1705888364338481898,0.003,33.3333,0.409253,200055,43298.5,4.62037,72.7638,18.9157,28.2475,5.84611,2.94336e-06,0.00173171
1705888364338481898,0.005,20,0.267794,385074,43298.5,8.89347,124.64,18.9157,52.7365,5.84611,4.50105e-06,0.00284238
1705888364338481898,0.01,10,0.163256,895172,43298.5,20.6744,232.109,18.9157,114.933,5.84611,6.38802e-06,0.00482257
1705888364338481898,0.02,5,0.0894128,2.07127e+06,43298.5,47.8369,449.712,18.9157,240.109,5.84611,1.27501e-05,0.00795396
1705888364338481898,0.03,3.33333,0.0604982,3.35221e+06,43298.5,77.4209,672.688,18.9157,365.501,5.84611,2.10275e-05,0.0104581
1705888364338481898,0.04,2.5,0.0449288,4.65153e+06,43298.5,107.429,894.964,18.9157,490.951,5.84611,3.07344e-05,0.012562
1705888364438337018,0.0005,200,0.991416,11270.6,42747.2,0.263656,8.71142,2.0165,1.68964,5.80387,1.16542e-06,0.00035486
1705888364438337018,0.001,100,0.798283,40362.1,42747.2,0.944204,23.1808,2.0165,6.20163,5.80387,3.07912e-06,0.000929943
1705888364438337018,0.002,50,0.538197,116333,42747.2,2.72143,48.5564,2.0165,18.0008,5.80387,7.1849e-06,0.00186677
1705888364438337018,0.003,33.3333,0.402575,204385,42747.2,4.78125,68.9978,2.0165,30.8218,5.80387,9.9396e-06,0.00255206
1705888364438337018,0.005,20,0.276824,400580,42747.2,9.37091,110.31,2.0165,57.2298,5.80387,1.5484e-05,0.00375698
1705888364438337018,0.01,10,0.159227,957528,42747.2,22.3998,203.881,2.0165,124.288,5.80387,2.69358e-05,0.00575021
1705888364438337018,0.02,5,0.0862661,2.20801e+06,42747.2,51.6528,391.868,2.0165,259.224,5.80387,4.64517e-05,0.0081486
1705888364438337018,0.03,3.33333,0.0600858,3.52735e+06,42747.2,82.5166,571.327,2.0165,394.371,5.80387,6.27283e-05,0.00929348
1705888364438337018,0.04,2.5,0.0429185,4.92334e+06,42747.2,115.173,741.815,2.0165,529.577,5.80387,7.75712e-05,0.00985116
1705888364538194897,0.0005,200,0.991043,11120.4,42665.6,0.26064,9.81242,0.0228372,1.63311,5.84373,0.000317988,0.0379187
1705888364538194897,0.001,100,0.799373,40421.6,42665.6,0.947403,27.4893,0.0228372,5.95201,5.84373,0.00102557,0.0809204
1705888364538194897,0.002,50,0.547694,117749,42665.6,2.75981,64.1393,0.0228372,17.1699,5.84373,0.00222022,0.109862
1705888364538194897,0.003,33.3333,0.407971,206081,42665.6,4.83014,106.192,0.0228372,29.3899,5.84373,0.00320578,0.124628
1705888364538194897,0.005,20,0.269145,392663,42665.6,9.20326,190.774,0.0228372,54.6136,5.84373,0.00443313,0.137675
1705888364538194897,0.01,10,0.155396,903727,42665.6,21.1816,387.724,0.0228372,118.671,5.84373,0.00607807,0.146675
1705888364538194897,0.02,5,0.0935961,2.01426e+06,42665.6,47.2104,793.758,0.0228372,247.502,5.84373,0.00710092,0.148097
1705888364538194897,0.03,3.33333,0.0644872,3.15044e+06,42665.6,73.8402,1179.64,0.0228372,376.531,5.84373,0.00749866,0.148568
1705888364538194897,0.04,2.5,0.0528437,4.29687e+06,42665.6,100.71,1564.08,0.0228372,505.619,5.84373,0.00767039,0.148202
1705888364638030993,0.0005,200,0.991135,10704.2,41580.6,0.257434,10.7361,0.212605,1.47208,5.65067,6.2486e-05,0.0124147
1705888364638030993,0.001,100,0.829787,39754.3,41580.6,0.956078,33.046,0.212605,5.42806,5.65067,0.00015982,0.0290009
1705888364638030993,0.002,50,0.569149,116871,41580.6,2.81072,84.0217,0.212605,15.9951,5.65067,0.000281637,0.0473988
1705888364638030993,0.003,33.3333,0.424202,206260,41580.6,4.9605,141.185,0.212605,27.5972,5.65067,0.000362393,0.0553291
1705888364638030993,0.005,20,0.282358,404195,41580.6,9.72076,255.04,0.212605,51.6358,5.65067,0.000498278,0.0572735
1705888364638030993,0.01,10,0.149823,949488,41580.6,22.8349,507.476,0.212605,112.859,5.65067,0.000708543,0.0530549
1705888364638030993,0.02,5,0.0846631,2.12002e+06,41580.6,50.9859,1045.46,0.212605,236.063,5.65067,0.00102948,0.0517475
1705888364638030993,0.03,3.33333,0.0585106,3.39098e+06,41580.6,81.5521,1583.76,0.212605,359.464,5.65067,0.00116527,0.0513324
1705888364638030993,0.04,2.5,0.0412234,4.70032e+06,41580.6,113.041,2110.49,0.212605,482.921,5.65067,0.00120268,0.0509169
1705888364738268292,0.0005,200,0.987162,10646.8,42232.4,0.2521,8.31843,14.0158,1.54016,5.51812,5.17892e-07,0.000222278
1705888364738268292,0.001,100,0.807428,39071.9,42232.4,0.925166,17.5314,14.0158,5.63485,5.51812,1.02857e-06,0.000463188
1705888364738268292,0.002,50,0.554791,114982,42232.4,2.72262,21.593,14.0158,16.4405,5.51812,2.15253e-06,0.000543987
1705888364738268292,0.003,33.3333,0.399817,205335,42232.4,4.86203,29.0156,14.0158,28.2675,5.51812,3.99459e-06,0.000692601
1705888364738268292,0.005,20,0.255387,412347,42232.4,9.76376,44.7912,14.0158,52.7169,5.51812,6.70191e-06,0.000996761
1705888364738268292,0.01,10,0.138469,976645,42232.4,23.1255,95.478,14.0158,114.838,5.51812,1.33021e-05,0.00187092
1705888364738268292,0.02,5,0.0765704,2.20267e+06,42232.4,52.1559,189.261,14.0158,239.762,5.51812,2.94378e-05,0.00291503
1705888364738268292,0.03,3.33333,0.0536451,3.57807e+06,42232.4,84.7233,287.62,14.0158,364.864,5.51812,4.72751e-05,0.00363658
1705888364738268292,0.04,2.5,0.0371389,5.05801e+06,42232.4,119.766,402.027,14.0158,490.017,5.51812,6.43928e-05,0.00436629
1705888364838119197,0.0005,200,0.990059,10055.5,41615.4,0.241628,11.6581,1.42625,1.53382,5.7833,1.21065e-06,0.000303876
1705888364838119197,0.001,100,0.816991,36851.4,41615.4,0.885523,38.6696,1.42625,5.60678,5.7833,4.15339e-06,0.000996978
1705888364838119197,0.002,50,0.563037,109591,41615.4,2.63343,83.4417,1.42625,16.3507,5.7833,9.24161e-06,0.00209325
1705888364838119197,0.003,33.3333,0.41211,191863,41615.4,4.61039,129.381,1.42625,28.1302,5.7833,1.43378e-05,0.00315589
1705888364838119197,0.005,20,0.265703,369018,41615.4,8.86734,213.958,1.42625,52.4726,5.7833,2.30576e-05,0.00493598
1705888364838119197,0.01,10,0.157704,855514,41615.4,20.5576,387.111,1.42625,114.286,5.7833,3.96921e-05,0.00778147
1705888364838119197,0.02,5,0.0917307,1.95509e+06,41615.4,46.9799,747.169,1.42625,238.662,5.7833,6.78182e-05,0.0117966
1705888364838119197,0.03,3.33333,0.0628107,3.1579e+06,41615.4,75.8829,1103.32,1.42625,363.245,5.7833,9.12691e-05,0.01426
1705888364838119197,0.04,2.5,0.0460913,4.44835e+06,41615.4,106.892,1463.88,1.42625,487.887,5.7833,0.000114004,0.015892
1705888364937960771,0.0005,200,0.988272,11270.4,42638.4,0.264324,11.1093,0.8747,1.60066,5.68844,9.88657e-06,0.00253645
1705888364937960771,0.001,100,0.805593,41222.5,42638.4,0.966792,36.0574,0.8747,5.85355,5.68844,3.06682e-05,0.0076308
1705888364937960771,0.002,50,0.538566,121155,42638.4,2.84145,88.5364,0.8747,17.0246,5.68844,6.18161e-05,0.015754
1705888364937960771,0.003,33.3333,0.403248,214721,42638.4,5.03586,139.878,0.8747,29.1779,5.68844,8.04999e-05,0.0210109
1705888364937960771,0.005,20,0.268381,427073,42638.4,10.0162,248.949,0.8747,54.2556,5.68844,0.000110587,0.0277091
1705888364937960771,0.01,10,0.149301,1.03617e+06,42638.4,24.3012,491.386,0.8747,117.993,5.68844,0.000148441,0.0330024
1705888364937960771,0.02,5,0.0730717,2.40764e+06,42638.4,56.4664,976.252,0.8747,246.255,5.68844,0.000204163,0.0364744
1705888364937960771,0.03,3.33333,0.0496166,3.86317e+06,42638.4,90.6031,1463.13,0.8747,374.703,5.68844,0.00024554,0.0384758
1705888364937960771,0.04,2.5,0.0356337,5.37497e+06,42638.4,126.059,1937.12,0.8747,503.199,5.68844,0.000279509,0.0395226
1705888365038586193,0.0005,200,0.989066,9897.29,43134.2,0.229453,5.89629,0.609791,1.57437,5.83669,8.28341e-06,0.00113064
1705888365038586193,0.001,100,0.805923,36460.9,43134.2,0.84529,24.0114,0.609791,5.75827,5.83669,2.97488e-05,0.00436788
1705888365038586193,0.002,50,0.543508,108392,43134.2,2.5129,54.8858,0.609791,16.7583,5.83669,6.65659e-05,0.00869504
1705888365038586193,0.003,33.3333,0.399544,188493,43134.2,4.36992,89.6362,0.609791,28.7566,5.83669,0.000101183,0.0124815
1705888365038586193,0.005,20,0.266059,368589,43134.2,8.54517,162.485,0.609791,53.4985,5.83669,0.000159494,0.0181805
1705888365038586193,0.01,10,0.150797,879348,43134.2,20.3863,330.81,0.609791,116.314,5.83669,0.000281228,0.0261073
1705888365038586193,0.02,5,0.0851936,2.08798e+06,43134.2,48.4067,650.984,0.609791,242.693,5.83669,0.000499121,0.0358135
1705888365038586193,0.03,3.33333,0.0583144,3.41955e+06,43134.2,79.277,978.557,0.609791,369.258,5.83669,0.000699831,0.0420682
1705888365038586193,0.04,2.5,0.0482916,4.87208e+06,43134.2,112.952,1306.03,0.609791,495.871,5.83669,0.000881974,0.0455247
1705888365138413658,0.0005,200,0.991838,12668.4,43760.3,0.289495,9.74317,13.9586,1.59824,5.38167,4.44347e-07,0.000231618
1705888365138413658,0.001,100,0.816581,46325.9,43760.3,1.05863,28.6702,13.9586,5.87401,5.38167,1.42776e-06,0.000673726
1705888365138413658,0.002,50,0.553694,135869,43760.3,3.10485,64.4321,13.9586,17.2257,5.38167,3.74475e-06,0.00146984
1705888365138413658,0.003,33.3333,0.405928,239702,43760.3,5.47761,97.6209,13.9586,29.6329,5.38167,5.83898e-06,0.00215496
1705888365138413658,0.005,20,0.276203,474310,43760.3,10.8388,171.896,13.9586,55.2623,5.38167,9.64968e-06,0.00354738
1705888365138413658,0.01,10,0.149055,1.16568e+06,43760.3,26.6378,339.734,13.9586,120.465,5.38167,1.6583e-05,0.00591832
1705888365138413658,0.02,5,0.0781787,2.71095e+06,43760.3,61.95,621.55,13.9586,251.671,5.38167,3.17838e-05,0.00812557
1705888365138413658,0.03,3.33333,0.0511168,4.33284e+06,43760.3,99.0129,909.815,13.9586,383.08,5.38167,5.06876e-05,0.00947586
1705888365138413658,0.04,2.5,0.0373711,5.99026e+06,43760.3,136.888,1212.43,13.9586,514.54,5.38167,7.1001e-05,0.0105496
1705888365238258121,0.0005,200,0.991982,10462.6,44824.2,0.233414,1.44722,28.0229,1.5528,5.60382,1.37771e-07,3.38093e-05
1705888365238258121,0.001,100,0.812472,37699.8,44824.2,0.84106,8.13372,28.0229,5.69371,5.60382,7.12396e-07,0.000187473
1705888365238258121,0.002,50,0.562138,112107,44824.2,2.50105,24.2706,28.0229,16.6054,5.60382,2.37637e-06,0.000546963
1705888365238258121,0.003,33.3333,0.414699,197006,44824.2,4.3951,33.5329,28.0229,28.5466,5.60382,3.36307e-06,0.00074747
1705888365238258121,0.005,20,0.267706,388585,44824.2,8.66909,57.2627,28.0229,53.2383,5.60382,5.4718e-06,0.00123634
1705888365238258121,0.01,10,0.157684,932344,44824.2,20.8,124.656,28.0229,115.988,5.60382,1.05895e-05,0.00241874
1705888365238258121,0.02,5,0.088196,2.16336e+06,44824.2,48.2633,251.871,28.0229,242.227,5.60382,2.02624e-05,0.0039137
1705888365238258121,0.03,3.33333,0.0672606,3.44987e+06,44824.2,76.9645,359.384,28.0229,368.646,5.60382,2.8515e-05,0.00474418
1705888365238258121,0.04,2.5,0.0521158,4.75334e+06,44824.2,106.044,479.887,28.0229,495.123,5.60382,3.66341e-05,0.00554224
1705888365338098468,0.0005,200,0.991083,10731,43699.9,0.245562,8.23238,0.521178,1.5846,5.34912,8.31237e-05,0.0105741
1705888365338098468,0.001,100,0.811859,39412.1,43699.9,0.901881,23.8163,0.521178,5.82372,5.34912,0.000228115,0.0227529
1705888365338098468,0.002,50,0.547927,116305,43699.9,2.66145,54.2262,0.521178,17.0001,5.34912,0.000437243,0.0337716
1705888365338098468,0.003,33.3333,0.39679,207225,43699.9,4.742,87.0587,0.521178,29.1915,5.34912,0.000579219,0.0405609
1705888365338098468,0.005,20,0.264824,406096,43699.9,9.29284,160.889,0.521178,54.3397,5.34912,0.000852505,0.0465163
1705888365338098468,0.01,10,0.156933,956695,43699.9,21.8924,321.922,0.521178,118.196,5.34912,0.00113596,0.04637
1705888365338098468,0.02,5,0.0878288,2.16124e+06,43699.9,49.4565,631.925,0.521178,246.653,5.34912,0.00137523,0.0421789
1705888365338098468,0.03,3.33333,0.0570664,3.43027e+06,43699.9,78.4961,941.178,0.521178,375.315,5.34912,0.00150349,0.0386343
1705888365338098468,0.04,2.5,0.0445831,4.77042e+06,43699.9,109.163,1246.77,0.521178,504.027,5.34912,0.00157567,0.0356145
1705888365437924249,0.0005,200,0.99324,10978.4,42834,0.256301,5.17936,0.914138,1.59278,5.41511,1.87603e-07,6.46341e-05
1705888365437924249,0.001,100,0.808472,39872.3,42834,0.930856,10.17,0.914138,5.8737,5.41511,3.59287e-07,0.000126413
1705888365437924249,0.002,50,0.518702,118555,42834,2.76779,25.1858,0.914138,17.225,5.41511,8.70161e-07,0.000310331
1705888365437924249,0.003,33.3333,0.382605,209754,42834,4.8969,42.3214,0.914138,29.5994,5.41511,1.27402e-06,0.000517123
1705888365437924249,0.005,20,0.245606,412404,42834,9.62796,76.4643,0.914138,55.1025,5.41511,1.89927e-06,0.000913341
1705888365437924249,0.01,10,0.133844,971277,42834,22.6754,148.628,0.914138,119.845,5.41511,3.3616e-06,0.00166964
1705888365437924249,0.02,5,0.0630915,2.23486e+06,42834,52.1749,303.216,0.914138,250.057,5.41511,7.32343e-06,0.00305352
1705888365437924249,0.03,3.33333,0.0423614,3.58318e+06,42834,83.6528,457,0.914138,380.44,5.41511,1.11275e-05,0.00416638
1705888365437924249,0.04,2.5,0.0315457,5.00826e+06,42834,116.923,607.844,0.914138,510.862,5.41511,1.48299e-05,0.00507309
1705888365538561167,0.0005,200,0.992271,10908.3,44142.2,0.247118,8.93939,13.8452,1.64221,5.74731,6.97545e-07,0.000207277
1705888365538561167,0.001,100,0.807643,40130.4,44142.2,0.909118,18.8122,13.8452,6.00874,5.74731,1.39707e-06,0.000433896
1705888365538561167,0.002,50,0.55775,116552,44142.2,2.64039,42.5417,13.8452,17.4857,5.74731,3.14717e-06,0.000966477
1705888365538561167,0.003,33.3333,0.4152,203991,44142.2,4.62122,62.402,13.8452,30.0406,5.74731,4.39113e-06,0.00139412
1705888365538561167,0.005,20,0.258051,403670,44142.2,9.14478,102.677,13.8452,56.0097,5.74731,7.01323e-06,0.0021952
1705888365538561167,0.01,10,0.139545,973371,44142.2,22.0508,178.222,13.8452,122.023,5.74731,1.1875e-05,0.00338559
1705888365538561167,0.02,5,0.0777158,2.2244e+06,44142.2,50.3917,337.935,13.8452,254.787,5.74731,2.20531e-05,0.00514955
1705888365538561167,0.03,3.33333,0.0536711,3.57237e+06,44142.2,80.9287,496.011,13.8452,387.735,5.74731,3.10551e-05,0.0063096
1705888365538561167,0.04,2.5,0.0433663,5.00143e+06,44142.2,113.303,665.146,13.8452,520.732,5.74731,3.95936e-05,0.00722379
1705888365638405707,0.0005,200,0.988168,10833.9,43355.5,0.249884,4.25765,10.7435,1.70607,5.69746,8.57858e-07,0.000182167
1705888365638405707,0.001,100,0.798422,39366.4,43355.5,0.90799,15.9636,10.7435,6.21825,5.69746,3.1488e-06,0.000675517
1705888365638405707,0.002,50,0.538124,117874,43355.5,2.71879,45.8082,10.7435,17.9854,5.69746,8.40081e-06,0.00187466
1705888365638405707,0.003,33.3333,0.388694,206979,43355.5,4.77399,76.9091,10.7435,30.7943,5.69746,1.34635e-05,0.00301811
1705888365638405707,0.005,20,0.253725,394972,43355.5,9.11007,141.315,10.7435,57.2007,5.69746,2.3111e-05,0.00510559
1705888365638405707,0.01,10,0.146801,910848,43355.5,21.0088,291.287,10.7435,124.185,5.69746,4.01577e-05,0.00867397
1705888365638405707,0.02,5,0.0797546,2.07357e+06,43355.5,47.827,580.983,10.7435,258.868,5.69746,6.57943e-05,0.0125428
1705888365638405707,0.03,3.33333,0.057844,3.31644e+06,43355.5,76.4941,850.296,10.7435,393.736,5.69746,8.52609e-05,0.0145666
1705888365638405707,0.04,2.5,0.043383,4.62973e+06,43355.5,106.785,1122.42,10.7435,528.653,5.69746,0.00010469,0.0160185
1705888365738246880,0.0005,200,0.996502,11254.4,42272.3,0.266236,3.22359,3.39507,1.57641,5.69772,1.21097e-06,0.000222506
1705888365738246880,0.001,100,0.806734,41403.8,42272.3,0.979455,12.6763,3.39507,5.84265,5.69772,4.34447e-06,0.000868583
1705888365738246880,0.002,50,0.547005,122633,42272.3,2.90102,31.8581,3.39507,17.1587,5.69772,1.12578e-05,0.00205643
1705888365738246880,0.003,33.3333,0.396589,214159,42272.3,5.06617,51.3195,3.39507,29.5368,5.69772,1.74649e-05,0.00312083
1705888365738246880,0.005,20,0.256668,414181,42272.3,9.79793,81.492,3.39507,55.0941,5.69772,2.66246e-05,0.00448791
1705888365738246880,0.01,10,0.149104,966367,42272.3,22.8605,160.021,3.39507,119.967,5.69772,4.45331e-05,0.00729716
1705888365738246880,0.02,5,0.0839528,2.22779e+06,42272.3,52.701,313.311,3.39507,250.426,5.69772,7.61968e-05,0.010952
1705888365738246880,0.03,3.33333,0.0581548,3.61112e+06,42272.3,85.4252,461.477,3.39507,381.078,5.69772,0.000100084,0.0134279
1705888365738246880,0.04,2.5,0.0450372,5.02582e+06,42272.3,118.892,605.976,3.39507,511.785,5.69772,0.000119817,0.0151897
1705888365838069559,0.0005,200,0.988048,10749,42743.9,0.251473,5.2544,4.66614,1.60354,5.72187,7.75674e-07,0.00047638
1705888365838069559,0.001,100,0.816733,39976.3,42743.9,0.93525,16.0641,4.66614,5.88596,5.72187,1.70946e-06,0.00141712
1705888365838069559,0.002,50,0.527667,120312,42743.9,2.81472,35.4387,4.66614,17.2982,5.72187,4.4669e-06,0.00287262
1705888365838069559,0.003,33.3333,0.388225,212149,42743.9,4.96325,60.2521,4.66614,29.7297,5.72187,8.93767e-06,0.00447046
1705888365838069559,0.005,20,0.259407,413923,42743.9,9.68379,116.559,4.66614,55.351,5.72187,1.43701e-05,0.00732602
1705888365838069559,0.01,10,0.144312,989020,42743.9,23.1383,234.313,4.66614,120.389,5.72187,1.60361e-05,0.0102804
1705888365838069559,0.02,5,0.0783533,2.29488e+06,42743.9,53.6891,463.8,4.66614,251.2,5.72187,2.2942e-05,0.0123326
1705888365838069559,0.03,3.33333,0.0544489,3.70049e+06,42743.9,86.5736,698.572,4.66614,382.189,5.72187,3.9112e-05,0.0132173
1705888365838069559,0.04,2.5,0.0424967,5.18429e+06,42743.9,121.287,945.355,4.66614,513.226,5.72187,5.97623e-05,0.0138067
1705888365938299308,0.0005,200,0.986137,9648.01,42040.8,0.229492,7.06181,0.365921,1.70989,5.68876,9.22845e-06,0.00297086
1705888365938299308,0.001,100,0.790665,35112.4,42040.8,0.8352,17.5488,0.365921,6.18166,5.68876,2.17486e-05,0.00692075
1705888365938299308,0.002,50,0.529575,104184,42040.8,2.47816,32.0987,0.365921,17.7364,5.68876,3.62794e-05,0.0109229
1705888365938299308,0.003,33.3333,0.375231,181991,42040.8,4.32892,42.6916,0.365921,30.324,5.68876,5.32025e-05,0.0119094
1705888365938299308,0.005,20,0.229667,352242,42040.8,8.37857,62.1809,0.365921,56.2847,5.68876,9.58567e-05,0.0125209
1705888365938299308,0.01,10,0.118299,819699,42040.8,19.4977,111.276,0.365921,122.114,5.68876,0.000184415,0.0124471
1705888365938299308,0.02,5,0.0633087,1.81189e+06,42040.8,43.0985,222.311,0.365921,254.372,5.68876,0.000339093,0.0142812
1705888365938299308,0.03,3.33333,0.0452865,2.90136e+06,42040.8,69.0131,328.245,0.365921,386.77,5.68876,0.000478923,0.015639
1705888365938299308,0.04,2.5,0.0318854,4.02031e+06,42040.8,95.6289,430.265,0.365921,519.208,5.68876,0.000595625,0.0167544
1705888366038141982,0.0005,200,0.985933,11694.9,42985.2,0.272069,6.43454,1.23054,1.82959,5.83685,2.39209e-06,0.000537608
1705888366038141982,0.001,100,0.798924,42613.4,42985.2,0.991349,20.0832,1.23054,6.64387,5.83685,9.07917e-06,0.00160365
1705888366038141982,0.002,50,0.536202,123044,42985.2,2.86248,48.5572,1.23054,19.1701,5.83685,2.0987e-05,0.00359099
1705888366038141982,0.003,33.3333,0.3976,213127,42985.2,4.95814,71.4424,1.23054,32.7629,5.83685,3.02129e-05,0.00488037
1705888366038141982,0.005,20,0.263964,406602,42985.2,9.45912,127.976,1.23054,60.78,5.83685,4.79924e-05,0.00759515
1705888366038141982,0.01,10,0.142325,932212,42985.2,21.6868,263.405,1.23054,131.955,5.83685,8.92955e-05,0.0115458
1705888366038141982,0.02,5,0.0765412,2.05874e+06,42985.2,47.8942,504.157,1.23054,275.095,5.83685,0.000165608,0.014764
1705888366038141982,0.03,3.33333,0.051717,3.2645e+06,42985.2,75.9448,736.404,1.23054,418.424,5.83685,0.000244358,0.0164461
1705888366038141982,0.04,2.5,0.0409599,4.54885e+06,42985.2,105.824,972.531,1.23054,561.803,5.83685,0.000323763,0.017405
1705888366137994206,0.0005,200,0.984113,9981.77,42984.9,0.232216,9.46446,0.862954,1.75667,5.53163,4.28992e-06,0.000850748
1705888366137994206,0.001,100,0.785293,36426.3,42984.9,0.847422,28.3632,0.862954,6.34052,5.53163,1.31897e-05,0.00247481
1705888366137994206,0.002,50,0.527916,107016,42984.9,2.48961,54.9793,0.862954,18.1246,5.53163,2.70243e-05,0.0044333
1705888366137994206,0.003,33.3333,0.39537,190470,42984.9,4.4311,85.0789,0.862954,30.8657,5.53163,4.00775e-05,0.00637594
1705888366137994206,0.005,20,0.255561,383433,42984.9,8.92017,134.548,0.862954,57.1105,5.53163,6.09698e-05,0.00872103
1705888366137994206,0.01,10,0.147526,919468,42984.9,21.3905,266.266,0.862954,123.688,5.53163,0.000106414,0.0128875
1705888366137994206,0.02,5,0.0735361,2.12564e+06,42984.9,49.4508,548.887,0.862954,257.57,5.53163,0.000182553,0.0175085
1705888366137994206,0.03,3.33333,0.0517476,3.40049e+06,42984.9,79.109,844.589,0.862954,391.63,5.53163,0.000252481,0.0199239
1705888366137994206,0.04,2.5,0.037222,4.70514e+06,42984.9,109.46,1131.4,0.862954,525.735,5.53163,0.000317204,0.0213746
1705888366238631161,0.0005,200,0.983217,8144.04,43070.7,0.189086,2.78178,3.28119,1.57729,5.77572,1.04767e-06,0.000181669
1705888366238631161,0.001,100,0.820513,30648.6,43070.7,0.711589,10.3774,3.28119,5.67374,5.77572,4.4704e-06,0.000654002
1705888366238631161,0.002,50,0.544522,92565.2,43070.7,2.14915,27.8502,3.28119,16.4508,5.77572,1.15076e-05,0.00169553
1705888366238631161,0.003,33.3333,0.399068,164634,43070.7,3.82242,42.0803,3.28119,28.1967,5.77572,1.66155e-05,0.00250011
1705888366238631161,0.005,20,0.268998,324221,43070.7,7.52765,69.052,3.28119,52.399,5.77572,2.6945e-05,0.00385306
1705888366238631161,0.01,10,0.164103,786691,43070.7,18.2651,153.64,3.28119,113.81,5.77572,5.29074e-05,0.00730901
1705888366238631161,0.02,5,0.0969697,1.86931e+06,43070.7,43.401,317.529,3.28119,237.337,5.77572,9.55316e-05,0.0116685
1705888366238631161,0.03,3.33333,0.0708625,3.11616e+06,43070.7,72.3499,501.022,3.28119,361.057,5.77572,0.000133464,0.01525
1705888366238631161,0.04,2.5,0.0517483,4.43135e+06,43070.7,102.886,681.762,3.28119,484.837,5.77572,0.000168887,0.0180741
1705888366338457511,0.0005,200,0.986078,13230.4,42473.5,0.311497,5.84433,1.42546,1.50288,6.36891,2.77308e-06,0.00170751
1705888366338457511,0.001,100,0.808449,49982.1,42473.5,1.17678,18.418,1.42546,5.43974,6.36891,4.40723e-06,0.00505951
1705888366338457511,0.002,50,0.56169,155308,42473.5,3.65659,39.8025,1.42546,15.7313,6.36891,3.11115e-06,0.0100997
1705888366338457511,0.003,33.3333,0.406145,261508,42473.5,6.15697,62.3648,1.42546,26.9937,6.36891,1.53923e-05,0.0148153
1705888366338457511,0.005,20,0.265482,491422,42473.5,11.5701,106.216,1.42546,50.2604,6.36891,4.178e-05,0.0221117
1705888366338457511,0.01,10,0.144983,1.12484e+06,42473.5,26.4833,188.571,1.42546,109.42,6.36891,0.000122981,0.0326309
1705888366338457511,0.02,5,0.0739318,2.54295e+06,42473.5,59.8715,359.143,1.42546,228.483,6.36891,0.000259323,0.0436237
1705888366338457511,0.03,3.33333,0.049928,4.13377e+06,42473.5,97.3258,528.804,1.42546,347.716,6.36891,0.000380923,0.0483686
1705888366338457511,0.04,2.5,0.0408065,5.89521e+06,42473.5,138.797,686.981,1.42546,466.993,6.36891,0.000490194,0.050324
1705888366438298966,0.0005,200,0.980882,15878.3,43229.4,0.367302,3.96417,0.244701,1.52195,6.2303,2.55242e-06,0.000574074
1705888366438298966,0.001,100,0.791822,60423,43229.4,1.39773,9.75851,0.244701,5.41669,6.2303,5.68588e-06,0.00134956
1705888366438298966,0.002,50,0.533192,213413,43229.4,4.93676,19.7386,0.244701,15.3794,6.2303,9.23682e-06,0.00197506
1705888366438298966,0.003,33.3333,0.406267,417065,43229.4,9.64772,33.7646,0.244701,26.1747,6.2303,1.12652e-05,0.00242541
1705888366438298966,0.005,20,0.266596,737113,43229.4,17.0512,54.2353,0.244701,48.4106,6.2303,1.45138e-05,0.00280627
1705888366438298966,0.01,10,0.151885,1.58702e+06,43229.4,36.7116,119.084,0.244701,104.853,6.2303,2.61382e-05,0.0035681
1705888366438298966,0.02,5,0.0764737,3.47291e+06,43229.4,80.3366,255.44,0.244701,218.376,6.2303,5.34333e-05,0.004089
1705888366438298966,0.03,3.33333,0.0568242,5.43281e+06,43229.4,125.674,410.587,0.244701,332.053,6.2303,7.37276e-05,0.00434107
1705888366438298966,0.04,2.5,0.0424854,7.42042e+06,43229.4,171.652,562.7,0.244701,445.774,6.2303,9.54573e-05,0.00438372
1705888366538145874,0.0005,200,0.972359,10461.6,41902.6,0.249664,8.7544,21.0951,1.94869,6.82693,2.08005e-06,0.000579978
1705888366538145874,0.001,100,0.742843,37650,41902.6,0.898512,27.4592,21.0951,6.88219,6.82693,6.66695e-06,0.00178019
1705888366538145874,0.002,50,0.495064,109685,41902.6,2.61761,71.8589,21.0951,19.1288,6.82693,1.68764e-05,0.00442323
1705888366538145874,0.003,33.3333,0.35538,195297,41902.6,4.66073,111.116,21.0951,32.245,6.82693,2.47307e-05,0.00644003
1705888366538145874,0.005,20,0.226555,390487,41902.6,9.31892,185.726,21.0951,59.1392,6.82693,3.74498e-05,0.00950019
1705888366538145874,0.01,10,0.114511,1.01026e+06,41902.6,24.1097,366.203,21.0951,127.23,6.82693,5.92871e-05,0.013947
1705888366538145874,0.02,5,0.0607108,2.31593e+06,41902.6,55.2692,783.086,21.0951,263.976,6.82693,8.94256e-05,0.0193517
1705888366538145874,0.03,3.33333,0.0424482,3.63705e+06,41902.6,86.7976,1203.58,21.0951,400.853,6.82693,0.00010994,0.0218214
1705888366538145874,0.04,2.5,0.0301086,5.00041e+06,41902.6,119.334,1617.62,21.0951,537.769,6.82693,0.000125681,0.0231131
1705888366637973199,0.0005,200,0.970664,10519,43195.3,0.243521,6.75128,8.09942,1.96745,7.59468,1.44795e-05,0.0023843
1705888366637973199,0.001,100,0.733402,37271.4,43195.3,0.862858,26.8442,8.09942,6.91779,7.59468,5.11527e-05,0.00844406
1705888366637973199,0.002,50,0.466804,103709,43195.3,2.40094,68.6644,8.09942,19.1891,7.59468,0.000118908,0.0171523
1705888366637973199,0.003,33.3333,0.331446,175763,43195.3,4.06903,110.067,8.09942,32.2805,7.59468,0.00017368,0.0226082
1705888366637973199,0.005,20,0.215646,325997,43195.3,7.54705,186.001,8.09942,59.0568,7.59468,0.000258254,0.028152
1705888366637973199,0.01,10,0.112712,731323,43195.3,16.9306,354.611,8.09942,126.736,7.59468,0.000439413,0.0319648
1705888366637973199,0.02,5,0.0617602,1.62062e+06,43195.3,37.5184,682.468,8.09942,262.606,7.59468,0.000789987,0.0339784
1705888366637973199,0.03,3.33333,0.0380854,2.56166e+06,43195.3,59.3042,1023.07,8.09942,398.608,7.59468,0.00112698,0.0359407
1705888366637973199,0.04,2.5,0.0303654,3.54842e+06,43195.3,82.1485,1363.57,8.09942,534.641,7.59468,0.00143848,0.0375846
1705888366738615418,0.0005,200,0.961294,9237.77,40431.1,0.228482,7.04521,1.67476,2.10627,7.64452,2.55142e-05,0.0037068
1705888366738615418,0.001,100,0.697243,32593.3,40431.1,0.806145,26.2077,1.67476,7.31195,7.64452,7.94572e-05,0.0122079
1705888366738615418,0.002,50,0.450159,92103,40431.1,2.27803,69.9442,1.67476,19.9357,7.64452,0.000177596,0.0276331
1705888366738615418,0.003,33.3333,0.331919,159623,40431.1,3.94804,113.085,1.67476,33.2978,7.64452,0.000266576,0.0387048
1705888366738615418,0.005,20,0.217922,306076,40431.1,7.5703,194.399,1.67476,60.5608,7.64452,0.00041436,0.0541937
1705888366738615418,0.01,10,0.126193,733816,40431.1,18.1498,391.534,1.67476,129.402,7.64452,0.000726451,0.0747466
1705888366738615418,0.02,5,0.0652174,1.66035e+06,40431.1,41.0662,771.415,1.67476,267.625,7.64452,0.00123559,0.0918263
1705888366738615418,0.03,3.33333,0.0466596,2.64635e+06,40431.1,65.4534,1138.23,1.67476,405.972,7.64452,0.00165056,0.096268
1705888366738615418,0.04,2.5,0.038176,3.71132e+06,40431.1,91.7937,1505.22,1.67476,544.354,7.64452,0.00201153,0.097069
1705888366838454296,0.0005,200,0.951963,10634.3,34453.6,0.308654,15.0273,0.364376,2.30001,6.75115,8.10196e-05,0.0139751
1705888366838454296,0.001,100,0.695764,37682.1,34453.6,1.09371,45.1614,0.364376,7.8643,6.75115,0.000201847,0.030637
1705888366838454296,0.002,50,0.44938,104482,34453.6,3.03254,107.568,0.364376,21.2174,6.75115,0.000333751,0.0444149
1705888366838454296,0.003,33.3333,0.330579,180781,34453.6,5.2471,167.586,0.364376,35.3201,6.75115,0.000406947,0.0475973
1705888366838454296,0.005,20,0.212293,349440,34453.6,10.1423,278.001,0.364376,64.0982,6.75115,0.000523768,0.0466936
1705888366838454296,0.01,10,0.117252,812044,34453.6,23.5692,553.089,0.364376,136.772,6.75115,0.000834427,0.0439645
1705888366838454296,0.02,5,0.0583678,1.84289e+06,34453.6,53.489,1095.56,0.364376,282.648,6.75115,0.00133471,0.0407169
1705888366838454296,0.03,3.33333,0.0413223,2.96759e+06,34453.6,86.1328,1656.77,0.364376,428.646,6.75115,0.00172678,0.0398194
1705888366838454296,0.04,2.5,0.0315083,4.07621e+06,34453.6,118.31,2215.17,0.364376,574.676,6.75115,0.00205282,0.0398101
1705888366938292294,0.0005,200,0.955981,8602.27,29404.4,0.292551,12.0414,1.3138,2.11646,5.94643,4.31067e-05,0.007168
1705888366938292294,0.001,100,0.719834,30617,29404.4,1.04124,29.4844,1.3138,7.27755,5.94643,0.000108726,0.0150574
1705888366938292294,0.002,50,0.476955,91276.6,29404.4,3.10418,68.2186,1.3138,19.8331,5.94643,0.000241091,0.0254332
1705888366938292294,0.003,33.3333,0.33506,163229,29404.4,5.55119,111.166,1.3138,33.2128,5.94643,0.000358404,0.0311704
1705888366938292294,0.005,20,0.209736,325375,29404.4,11.0655,195.958,1.3138,60.5817,5.94643,0.000543385,0.0346257
1705888366938292294,0.01,10,0.111341,763980,29404.4,25.9818,398.419,1.3138,129.74,5.94643,0.000917789,0.0371566
1705888366938292294,0.02,5,0.0585189,1.79277e+06,29404.4,60.9693,801.005,1.3138,268.569,5.94643,0.00152003,0.0394828
1705888366938292294,0.03,3.33333,0.0403936,2.91273e+06,29404.4,99.0576,1218.17,1.3138,407.519,5.94643,0.00202146,0.0413729
1705888366938292294,0.04,2.5,0.0284827,4.09804e+06,29404.4,139.368,1640.54,1.3138,546.5,5.94643,0.00243022,0.0435013
1705888367038124103,0.0005,200,0.98257,4932.4,25395.5,0.194223,7.68669,20.918,1.65708,5.45448,3.09708e-06,0.000401601
1705888367038124103,0.001,100,0.783367,17682.7,25395.5,0.696293,25.1019,20.918,5.90078,5.45448,9.59924e-06,0.0013103
1705888367038124103,0.002,50,0.540339,51602.6,25395.5,2.03196,61.315,20.918,16.6766,5.45448,2.24431e-05,0.00314531
1705888367038124103,0.003,33.3333,0.410359,91082.3,25395.5,3.58655,91.3948,20.918,28.3243,5.45448,3.39606e-05,0.00456336
1705888367038124103,0.005,20,0.261952,182181,25395.5,7.17374,153.118,20.918,52.3387,5.45448,5.65334e-05,0.00726985
1705888367038124103,0.01,10,0.132968,441994,25395.5,17.4044,310.675,20.918,113.369,5.45448,0.000108066,0.0130395
1705888367038124103,0.02,5,0.065239,1.00952e+06,25395.5,39.752,652.183,20.918,236.118,5.45448,0.000203383,0.0217752
1705888367038124103,0.03,3.33333,0.0483068,1.64003e+06,25395.5,64.5796,996.339,20.918,359.002,5.45448,0.000290407,0.0271863
1705888367038124103,0.04,2.5,0.0358566,2.30671e+06,25395.5,90.8312,1337.87,20.918,481.922,5.45448,0.00037295,0.0307426
1705888367137960350,0.0005,200,0.975229,3596.44,23174.4,0.15519,3.50578,12.448,1.45359,4.92372,4.64352e-06,0.000550873
1705888367137960350,0.001,100,0.807216,12918,23174.4,0.557426,12.8288,12.448,5.15376,4.92372,1.55614e-05,0.00203316
1705888367137960350,0.002,50,0.549812,38265.7,23174.4,1.65121,36.7773,12.448,14.6624,4.92372,3.83529e-05,0.00579261
1705888367137960350,0.003,33.3333,0.417878,67183.2,23174.4,2.89903,57.4604,12.448,24.9978,4.92372,5.61737e-05,0.00873101
1705888367137960350,0.005,20,0.271405,133316,23174.4,5.75274,103.64,12.448,46.3501,4.92372,8.59548e-05,0.0144204
1705888367137960350,0.01,10,0.145396,323984,23174.4,13.9803,223.58,12.448,100.657,4.92372,0.000149714,0.0249973
1705888367137960350,0.02,5,0.0700054,736904,23174.4,31.7982,462.703,12.448,209.946,4.92372,0.000272456,0.0361967
1705888367137960350,0.03,3.33333,0.0473883,1.16599e+06,23174.4,50.3138,703.418,12.448,319.381,4.92372,0.000390597,0.042207
1705888367137960350,0.04,2.5,0.0344642,1.60941e+06,23174.4,69.4479,949.681,12.448,428.854,4.92372,0.000500597,0.0459354
1705888367238597490,0.0005,200,0.981733,3375.43,21783.4,0.154954,5.22341,9.02527,1.42348,4.17841,1.28262e-06,0.000216149
1705888367238597490,0.001,100,0.81263,12315.3,21783.4,0.565355,16.9338,9.02527,5.07587,4.17841,3.89517e-06,0.00070291
1705888367238597490,0.002,50,0.569937,36622.5,21783.4,1.68121,42.8317,9.02527,14.5289,4.17841,9.25578e-06,0.00177093
1705888367238597490,0.003,33.3333,0.431106,64102.4,21783.4,2.94273,67.2805,9.02527,24.8637,4.17841,1.3882e-05,0.00276337
1705888367238597490,0.005,20,0.27714,125695,21783.4,5.77023,113.322,9.02527,46.2769,4.17841,2.21297e-05,0.00457284
1705888367238597490,0.01,10,0.137265,301148,21783.4,13.8247,226.196,9.02527,100.827,4.17841,4.12002e-05,0.00862823
1705888367238597490,0.02,5,0.0610647,696266,21783.4,31.9632,451.656,9.02527,210.613,4.17841,7.64488e-05,0.0153076
1705888367238597490,0.03,3.33333,0.0433194,1.14185e+06,21783.4,52.4186,681.028,9.02527,320.536,4.17841,0.000106975,0.0205888
1705888367238597490,0.04,2.5,0.032881,1.63158e+06,21783.4,74.9001,913.496,9.02527,430.493,4.17841,0.000133735,0.0247056
1705888367338441536,0.0005,200,0.980689,3089.01,18843.4,0.163931,6.62403,0.0373329,1.22751,2.99711,0.000720249,0.0472377
1705888367338441536,0.001,100,0.848121,11181.2,18843.4,0.593372,21.1135,0.0373329,4.36675,2.99711,0.00268067,0.125125
1705888367338441536,0.002,50,0.631524,34697.3,18843.4,1.84135,48.0857,0.0373329,12.6104,2.99711,0.0051607,0.196146
1705888367338441536,0.003,33.3333,0.480167,63431.2,18843.4,3.36623,75.4396,0.0373329,21.7594,2.99711,0.00631957,0.221138
1705888367338441536,0.005,20,0.319415,129876,18843.4,6.8924,127.838,0.0373329,40.838,2.99711,0.00753758,0.241541
1705888367338441536,0.01,10,0.170668,336771,18843.4,17.8721,242.58,0.0373329,89.6264,2.99711,0.00830567,0.26161
1705888367338441536,0.02,5,0.0798539,775038,18843.4,41.1305,455.135,0.0373329,188.056,2.99711,0.00822875,0.270289
1705888367338441536,0.03,3.33333,0.0506263,1.23606e+06,18843.4,65.5966,680.277,0.0373329,286.671,2.99711,0.00804021,0.269532
1705888367338441536,0.04,2.5,0.0401879,1.72122e+06,18843.4,91.3432,912.314,0.0373329,385.325,2.99711,0.00767088,0.259838
1705888367438274078,0.0005,200,0.992853,2724.23,16980,0.160438,9.04092,0.0149523,0.985657,2.54072,0.000285043,0.0262894
1705888367438274078,0.001,100,0.878509,10082.1,16980,0.593765,28.1864,0.0149523,3.61092,2.54072,0.000900252,0.0684973
1705888367438274078,0.002,50,0.664114,32690.8,16980,1.92525,67.1282,0.0149523,10.8043,2.54072,0.00193105,0.116849
1705888367438274078,0.003,33.3333,0.533435,60966.7,16980,3.5905,101.69,0.0149523,18.9277,2.54072,0.00291409,0.134557
1705888367438274078,0.005,20,0.354262,128034,16980,7.54029,168.617,0.0149523,36.0676,2.54072,0.00422191,0.147064
1705888367438274078,0.01,10,0.182746,325357,16980,19.1612,343.445,0.0149523,80.1946,2.54072,0.0058325,0.162283
1705888367438274078,0.02,5,0.085758,814196,16980,47.9503,689.573,0.0149523,169.317,2.54072,0.00680727,0.16892
1705888367438274078,0.03,3.33333,0.058193,1.40765e+06,16980,82.9006,1035.56,0.0149523,258.638,2.54072,0.00730023,0.175489
1705888367438274078,0.04,2.5,0.0454313,2.1143e+06,16980,124.517,1377.98,0.0149523,348.008,2.54072,0.00762974,0.181287
1705888367538098908,0.0005,200,0.997457,2205.23,15471.4,0.142536,2.67439,0.197411,0.868848,1.75481,5.70923e-06,0.000326143
1705888367538098908,0.001,100,0.892167,8261.72,15471.4,0.533999,7.78843,0.197411,3.23984,1.75481,1.8839e-05,0.000823551
1705888367538098908,0.002,50,0.694303,26469.9,15471.4,1.71089,18.0704,0.197411,9.84071,1.75481,4.52544e-05,0.0017426
1705888367538098908,0.003,33.3333,0.561546,49229.8,15471.4,3.18198,29.513,0.197411,17.3307,1.75481,7.14172e-05,0.00290327
1705888367538098908,0.005,20,0.388606,103646,15471.4,6.69916,50.0186,0.197411,33.1989,1.75481,0.000118682,0.00472993
1705888367538098908,0.01,10,0.200916,265201,15471.4,17.1414,99.8505,0.197411,74.2485,1.75481,0.000232872,0.00836635
1705888367538098908,0.02,5,0.0986775,661449,15471.4,42.753,198.736,0.197411,157.348,1.75481,0.000464106,0.0129981
1705888367538098908,0.03,3.33333,0.0630722,1.10096e+06,15471.4,71.1607,296.958,0.197411,240.68,1.75481,0.000684105,0.016355
1705888367538098908,0.04,2.5,0.0452696,1.57711e+06,15471.4,101.937,396.631,0.197411,324.065,1.75481,0.000890751,0.0192103
1705888367637929675,0.0005,200,0.997942,2545.26,15462.3,0.16461,4.9374,9.43502,0.853224,2.04417,4.74731e-06,0.000702188
1705888367637929675,0.001,100,0.895576,9832.94,15462.3,0.635928,16.5552,9.43502,3.2263,2.04417,1.64133e-05,0.00230606
1705888367637929675,0.002,50,0.680556,33087.8,15462.3,2.1399,41.9932,9.43502,9.9537,2.04417,4.14561e-05,0.00553901
1705888367637929675,0.003,33.3333,0.52572,64491.2,15462.3,4.17085,66.784,9.43502,17.6243,2.04417,6.57466e-05,0.00823806
1705888367637929675,0.005,20,0.358539,146486,15462.3,9.4737,118.176,9.43502,33.8119,2.04417,0.000116215,0.0125554
1705888367637929675,0.01,10,0.194959,459729,15462.3,29.7322,238.143,9.43502,75.4774,2.04417,0.000251784,0.0172825
1705888367637929675,0.02,5,0.104424,1.54047e+06,15462.3,99.6273,459.728,9.43502,159.67,2.04417,0.000528283,0.0196835
1705888367637929675,0.03,3.33333,0.0715021,3.20152e+06,15462.3,207.053,697.894,9.43502,244.076,2.04417,0.000772755,0.022101
1705888367637929675,0.04,2.5,0.0514403,5.44826e+06,15462.3,352.357,941.514,9.43502,328.543,2.04417,0.000981832,0.02432
1705888367738567974,0.0005,200,0.999438,1971.8,15495.2,0.127253,2.26297,10.3891,0.723184,1.5887,4.9722e-07,0.000161423
1705888367738567974,0.001,100,0.898257,7489.66,15495.2,0.483355,7.75668,10.3891,2.75989,1.5887,1.5271e-06,0.000551649
1705888367738567974,0.002,50,0.697583,23241.8,15495.2,1.49994,16.4513,10.3891,8.62941,1.5887,3.46383e-06,0.00114676
1705888367738567974,0.003,33.3333,0.538505,43026.8,15495.2,2.77679,23.1962,10.3891,15.3826,1.5887,3.62338e-06,0.00159737
1705888367738567974,0.005,20,0.351321,89526,15495.2,5.77768,36.5453,10.3891,29.7286,1.5887,4.27593e-06,0.00243054
1705888367738567974,0.01,10,0.185497,223629,15495.2,14.4322,67.7089,10.3891,66.7389,1.5887,1.09055e-05,0.00413008
1705888367738567974,0.02,5,0.0961214,534141,15495.2,34.4715,140.33,10.3891,141.519,1.5887,2.83542e-05,0.0073326
1705888367738567974,0.03,3.33333,0.0629567,901905,15495.2,58.2056,216.165,10.3891,216.479,1.5887,4.84773e-05,0.00982817
1705888367738567974,0.04,2.5,0.0500281,1.31837e+06,15495.2,85.0828,286.799,10.3891,291.481,1.5887,6.95926e-05,0.011591
1705888367838408312,0.0005,200,1,1334.45,15535.4,0.0858974,1.22406,0.146762,0.499794,1.13666,3.567e-05,0.00279454
1705888367838408312,0.001,100,0.941718,5223.72,15535.4,0.336246,4.24998,0.146762,1.94627,1.13666,0.000128358,0.00938658
1705888367838408312,0.002,50,0.743558,18289,15535.4,1.17724,13.9537,0.146762,6.38896,1.13666,0.000391011,0.0256878
1705888367838408312,0.003,33.3333,0.577301,35771.1,15535.4,2.30255,22.835,0.146762,11.6731,1.13666,0.000583512,0.0398689
1705888367838408312,0.005,20,0.379141,76933.4,15535.4,4.95213,40.6828,0.146762,23.0459,1.13666,0.00083508,0.0596689
1705888367838408312,0.01,10,0.211656,201166,15535.4,12.9489,83.6665,0.146762,52.5651,1.13666,0.00124421,0.087207
1705888367838408312,0.02,5,0.110429,502343,15535.4,32.3353,156.873,0.146762,112.373,1.13666,0.00167908,0.108656
1705888367838408312,0.03,3.33333,0.0754601,828931,15535.4,53.3575,233.581,0.146762,172.38,1.13666,0.00200947,0.117492
1705888367838408312,0.04,2.5,0.0564417,1.17506e+06,15535.4,75.6373,312.259,0.146762,232.434,1.13666,0.00222703,0.119252
1705888367938248881,0.0005,200,0.999392,1324.16,15948.6,0.0830267,1.02005,0.605118,0.41249,0.951765,2.19747e-06,0.000231441
1705888367938248881,0.001,100,0.957421,5214.74,15948.6,0.326971,4.00388,0.605118,1.61723,0.951765,8.29798e-06,0.000901738
1705888367938248881,0.002,50,0.773114,18865.9,15948.6,1.18292,11.1907,0.605118,5.49479,0.951765,2.26301e-05,0.00246018
1705888367938248881,0.003,33.3333,0.61618,37768.4,15948.6,2.36813,22.4048,0.605118,10.2131,0.951765,4.15577e-05,0.00472513
1705888367938248881,0.005,20,0.413625,86061.4,15948.6,5.39617,45.1577,0.605118,20.5044,0.951765,7.35151e-05,0.00852276
1705888367938248881,0.01,10,0.211071,239003,15948.6,14.9858,93.5374,0.605118,47.4854,0.951765,0.000126155,0.0141068
1705888367938248881,0.02,5,0.105839,569040,15948.6,35.6796,194.62,0.605118,102.316,0.951765,0.000208754,0.0221997
1705888367938248881,0.03,3.33333,0.0729927,925480,15948.6,58.0289,286.567,0.605118,157.341,0.951765,0.000276002,0.0283471
1705888367938248881,0.04,2.5,0.0523114,1.2914e+06,15948.6,80.9728,384.292,0.605118,212.416,0.951765,0.000335357,0.0334425
1705888368038095856,0.0005,200,1,1525.05,17895.9,0.085218,2.72755,0.788557,0.48815,1.40216,3.37181e-05,0.00495718
1705888368038095856,0.001,100,0.952539,5963.47,17895.9,0.333231,9.80242,0.788557,1.8961,1.40216,0.000111432,0.0165046
1705888368038095856,0.002,50,0.777594,20757.6,17895.9,1.15991,25.9701,0.788557,6.32223,1.40216,0.000219546,0.033495
1705888368038095856,0.003,33.3333,0.603753,39695.4,17895.9,2.21813,40.5559,0.788557,11.6996,1.40216,0.000262929,0.0402996
1705888368038095856,0.005,20,0.401766,84220.4,17895.9,4.70614,70.3411,0.788557,23.3866,1.40216,0.000310003,0.0473641
1705888368038095856,0.01,10,0.208609,206695,17895.9,11.5499,145.546,0.788557,53.9463,1.40216,0.000350528,0.0571552
1705888368038095856,0.02,5,0.102649,479036,17895.9,26.768,293.084,0.788557,116.018,1.40216,0.000368908,0.062572
1705888368038095856,0.03,3.33333,0.0695364,776363,17895.9,43.3822,438.801,0.788557,178.285,1.40216,0.000427156,0.0654656
1705888368038095856,0.04,2.5,0.0546358,1.09257e+06,17895.9,61.0517,585.715,0.788557,240.601,1.40216,0.000529839,0.069185
1705888368137945731,0.0005,200,0.999502,1969.33,17304.9,0.113802,1.19113,0.00337473,0.641463,1.11527,0.00133069,0.0105876
1705888368137945731,0.001,100,0.939741,7735.95,17304.9,0.447039,4.95412,0.00337473,2.47566,1.11527,0.00324471,0.0300346
1705888368137945731,0.002,50,0.729084,27139.1,17304.9,1.56829,18.7607,0.00337473,8.09997,1.11527,0.004426,0.0480279
1705888368137945731,0.003,33.3333,0.564243,52206,17304.9,3.01684,30.241,0.00337473,14.7435,1.11527,0.00442069,0.0560255
1705888368137945731,0.005,20,0.387948,112755,17304.9,6.51582,56.6982,0.00337473,28.9743,1.11527,0.00434577,0.0780405
1705888368137945731,0.01,10,0.212151,300303,17304.9,17.3537,126.903,0.00337473,65.9054,1.11527,0.00370081,0.0959464
1705888368137945731,0.02,5,0.114044,770885,17304.9,44.5473,297.694,0.00337473,140.717,1.11527,0.00315519,0.114757
1705888368137945731,0.03,3.33333,0.0806773,1.31978e+06,17304.9,76.2666,463.182,0.00337473,215.762,1.11527,0.00329601,0.121537
1705888368137945731,0.04,2.5,0.060757,1.9141e+06,17304.9,110.61,626.127,0.00337473,290.868,1.11527,0.00366,0.125374
1705888368238569660,0.0005,200,1,1305.34,15005.9,0.0869883,3.41284,0.305315,0.529417,0.738484,7.10002e-05,0.00922076
1705888368238569660,0.001,100,0.948195,5126.97,15005.9,0.341663,13.2081,0.305315,2.07058,0.738484,0.000249288,0.0308208
1705888368238569660,0.002,50,0.761381,18025,15005.9,1.20119,39.7129,0.305315,6.91878,0.738484,0.000593574,0.0658567
1705888368238569660,0.003,33.3333,0.58765,35209,15005.9,2.34634,65.3626,0.305315,12.7595,0.738484,0.00080388,0.0840124
1705888368238569660,0.005,20,0.402407,74961.6,15005.9,4.99546,115.78,0.305315,25.3622,0.738484,0.000997916,0.105075
1705888368238569660,0.01,10,0.225536,196196,15005.9,13.0745,244.139,0.305315,58.1658,0.738484,0.00117082,0.135137
1705888368238569660,0.02,5,0.1146,490131,15005.9,32.6624,498.417,0.305315,124.783,0.738484,0.00125722,0.163241
1705888368238569660,0.03,3.33333,0.0737834,800346,15005.9,53.3353,741.483,0.305315,191.653,0.738484,0.00122009,0.172593
1705888368238569660,0.04,2.5,0.0575615,1.12341e+06,15005.9,74.8643,984.337,0.305315,258.58,0.738484,0.00117144,0.177406
1705888368338403019,0.0005,200,1,1014.77,12135.5,0.0836199,2.86296,0.832128,0.458579,0.57353,9.31285e-06,0.00121882
1705888368338403019,0.001,100,0.95317,3991.04,12135.5,0.328873,11.7685,0.832128,1.78437,0.57353,3.74828e-05,0.00493088
1705888368338403019,0.002,50,0.777841,14326.5,12135.5,1.18055,35.4941,0.832128,5.98148,0.57353,0.000109139,0.0139524
1705888368338403019,0.003,33.3333,0.609366,28370.6,12135.5,2.33783,55.756,0.832128,11.0829,0.57353,0.000164968,0.0203071
1705888368338403019,0.005,20,0.422616,63265.2,12135.5,5.21324,94.737,0.832128,22.1498,0.57353,0.000255291,0.0298084
1705888368338403019,0.01,10,0.228441,168906,12135.5,13.9184,196.59,0.832128,51.0927,0.57353,0.000430506,0.0475919
1705888368338403019,0.02,5,0.118789,418881,12135.5,34.5171,396.786,0.832128,109.903,0.57353,0.000652455,0.0716572
1705888368338403019,0.03,3.33333,0.0816676,706561,12135.5,58.2227,597.451,0.832128,168.926,0.57353,0.00081128,0.0899885
1705888368338403019,0.04,2.5,0.0599657,1.02285e+06,12135.5,84.2859,799.019,0.832128,228.003,0.57353,0.000936386,0.105114
1705888368438253143,0.0005,200,1,798.078,10093.3,0.07907,0.499322,0.047211,0.315592,0.360352,2.64084e-05,0.00306385
1705888368438253143,0.001,100,0.975309,3132.44,10093.3,0.310348,1.84846,0.047211,1.24866,0.360352,7.78549e-05,0.00781544
1705888368438253143,0.002,50,0.831481,11059.8,10093.3,1.09575,3.74908,0.047211,4.37565,0.360352,9.12436e-05,0.0115794
1705888368438253143,0.003,33.3333,0.655556,21535.1,10093.3,2.1336,7.11119,0.047211,8.33229,0.360352,0.00014959,0.0177885
1705888368438253143,0.005,20,0.456173,47693.6,10093.3,4.72527,14.6887,0.047211,17.0922,0.360352,0.000278751,0.025645
1705888368438253143,0.01,10,0.248765,131947,10093.3,13.0727,31.4818,0.047211,40.2747,0.360352,0.000442068,0.0292267
1705888368438253143,0.02,5,0.124691,345215,10093.3,34.2024,64.9364,0.047211,87.6301,0.360352,0.000738281,0.027071
1705888368438253143,0.03,3.33333,0.0864198,590152,10093.3,58.4696,94.6981,0.047211,135.209,0.360352,0.00107736,0.0266003
1705888368438253143,0.04,2.5,0.0648148,854434,10093.3,84.6535,131.979,0.047211,182.846,0.360352,0.00142215,0.0293054
1705888368538102066,0.0005,200,1,696.062,9651.88,0.0721167,1.78048,0.110056,0.335619,0.338554,3.0732e-05,0.00385647
1705888368538102066,0.001,100,0.969066,2759.25,9651.88,0.285877,7.0303,0.110056,1.32583,0.338554,0.000114623,0.0143745
1705888368538102066,0.002,50,0.798611,10015.8,9651.88,1.0377,22.0942,0.110056,4.63848,0.338554,0.000304636,0.0376294
1705888368538102066,0.003,33.3333,0.628788,19851.5,9651.88,2.05675,37.3716,0.110056,8.78017,0.338554,0.00044851,0.0530137
1705888368538102066,0.005,20,0.443182,43787.4,9651.88,4.53667,64.1546,0.110056,17.8508,0.338554,0.000627706,0.0717915
1705888368538102066,0.01,10,0.245581,118563,9651.88,12.2839,131.935,0.110056,41.7044,0.338554,0.00091655,0.108833
1705888368538102066,0.02,5,0.13952,308149,9651.88,31.9263,279.755,0.110056,90.2691,0.338554,0.00117499,0.15403
1705888368538102066,0.03,3.33333,0.0965909,525517,9651.88,54.4471,428.33,0.110056,139.053,0.338554,0.00125507,0.175156
1705888368538102066,0.04,2.5,0.0694444,764399,9651.88,79.1969,585.64,0.110056,187.898,0.338554,0.00127129,0.187159
1705888368637939056,0.0005,200,1,627.279,8654.28,0.0724819,3.11539,0.0377673,0.361242,0.336295,7.63504e-05,0.00836196
1705888368637939056,0.001,100,0.954023,2466.46,8654.28,0.284999,11.8911,0.0377673,1.42253,0.336295,0.000276731,0.0298607
1705888368637939056,0.002,50,0.786342,8639.45,8654.28,0.998287,36.2442,0.0377673,4.79011,0.336295,0.000737219,0.0757247
1705888368637939056,0.003,33.3333,0.638945,16797.3,8654.28,1.94092,59.8352,0.0377673,8.87955,0.336295,0.00107321,0.105982
1705888368637939056,0.005,20,0.434753,35846.2,8654.28,4.14202,106.206,0.0377673,17.8246,0.336295,0.00153487,0.146798
1705888368637939056,0.01,10,0.241379,94429.6,8654.28,10.9113,222.966,0.0377673,41.2897,0.336295,0.00216046,0.210001
1705888368637939056,0.02,5,0.132522,240879,8654.28,27.8336,451.702,0.0377673,89.0137,0.336295,0.0025292,0.264081
1705888368637939056,0.03,3.33333,0.0933063,415915,8654.28,48.0589,683.009,0.0377673,136.932,0.336295,0.00256726,0.282246
1705888368637939056,0.04,2.5,0.0703178,610521,8654.28,70.5455,916.713,0.0377673,184.905,0.336295,0.0025042,0.287409
1705888368738577852,0.0005,200,0.999262,505.761,7515.13,0.067299,2.4073,0.0695012,0.311689,0.114208,0.000414036,0.0320802
1705888368738577852,0.001,100,0.969004,2006.65,7515.13,0.267015,9.0185,0.0695012,1.21742,0.114208,0.00132068,0.0875957
1705888368738577852,0.002,50,0.784502,7225.73,7515.13,0.961491,24.7928,0.0695012,4.18989,0.114208,0.00263737,0.160644
1705888368738577852,0.003,33.3333,0.64059,13772.2,7515.13,1.83259,40.6463,0.0695012,7.84333,0.114208,0.00323263,0.209323
1705888368738577852,0.005,20,0.437638,29260.7,7515.13,3.89357,70.9189,0.0695012,15.8599,0.114208,0.00376547,0.261791
1705888368738577852,0.01,10,0.21845,73859.5,7515.13,9.8281,149.389,0.0695012,36.9951,0.114208,0.00402962,0.295557
1705888368738577852,0.02,5,0.112915,176151,7515.13,23.4395,305.371,0.0695012,80.0163,0.114208,0.00406186,0.295504
1705888368738577852,0.03,3.33333,0.0752768,287134,7515.13,38.2074,463.21,0.0695012,123.206,0.114208,0.00423555,0.292148
1705888368738577852,0.04,2.5,0.0509225,399306,7515.13,53.1335,616.462,0.0695012,166.443,0.114208,0.00445464,0.289903
1705888368838417709,0.0005,200,1,410.907,6232.24,0.0659325,2.20184,0.00581595,0.238339,0.193149,0.00127448,0.0543551
1705888368838417709,0.001,100,0.973684,1635.33,6232.24,0.262398,8.60022,0.00581595,0.94322,0.193149,0.00379893,0.13268
1705888368838417709,0.002,50,0.824561,5943.83,6232.24,0.953723,26.159,0.00581595,3.32766,0.193149,0.00649771,0.187523
1705888368838417709,0.003,33.3333,0.674641,11611.3,6232.24,1.86311,43.2679,0.00581595,6.33727,0.193149,0.00681922,0.185905
1705888368838417709,0.005,20,0.458533,25374,6232.24,4.07141,78.1772,0.00581595,13.0264,0.193149,0.00634064,0.177085
1705888368838417709,0.01,10,0.248006,69235.2,6232.24,11.1092,168.059,0.00581595,30.7605,0.193149,0.00479514,0.167451
1705888368838417709,0.02,5,0.129984,166972,6232.24,26.7916,348.792,0.00581595,67.0052,0.193149,0.00346941,0.172405
1705888368838417709,0.03,3.33333,0.0797448,275040,6232.24,44.1317,529.438,0.00581595,103.441,0.193149,0.00271496,0.175646
1705888368838417709,0.04,2.5,0.053429,386961,6232.24,62.0902,708.996,0.00581595,139.926,0.193149,0.00229815,0.181579
1705888368938247551,0.0005,200,1,384.092,5798,0.0662457,2.62022,0.00820281,0.291833,0.0774213,0.000149233,0.0306098
1705888368938247551,0.001,100,0.956376,1520.4,5798,0.262229,9.93016,0.00820281,1.15578,0.0774213,0.000462803,0.0975807
1705888368938247551,0.002,50,0.779362,5203.94,5798,0.897542,26.5663,0.00820281,3.93404,0.0774213,0.000762546,0.178803
1705888368938247551,0.003,33.3333,0.625,9882.32,5798,1.70444,42.7889,0.00820281,7.31347,0.0774213,0.000909853,0.213003
1705888368938247551,0.005,20,0.41443,20707.3,5798,3.57146,75.2648,0.00820281,14.7024,0.0774213,0.00112551,0.246333
1705888368938247551,0.01,10,0.21896,52767,5798,9.10091,154.264,0.00820281,34.067,0.0774213,0.00158044,0.280812
1705888368938247551,0.02,5,0.10906,130205,5798,22.4568,315.646,0.00820281,73.4437,0.0774213,0.00173739,0.28592
1705888368938247551,0.03,3.33333,0.0713087,218302,5798,37.6514,477.213,0.00820281,112.968,0.0774213,0.00175097,0.283048
1705888368938247551,0.04,2.5,0.0536913,317935,5798,54.8353,638.799,0.00820281,152.527,0.0774213,0.0016938,0.272982
1705888369038081465,0.0005,200,1,471.427,5926.44,0.0795465,3.88329,0.031712,0.347723,0.0929699,0.000606937,0.0459612
1705888369038081465,0.001,100,0.950085,1862.54,5926.44,0.314276,15.037,0.031712,1.36317,0.0929699,0.00210874,0.141449
1705888369038081465,0.002,50,0.738579,6398.67,5926.44,1.07968,41.8885,0.031712,4.55092,0.0929699,0.0045305,0.2621
1705888369038081465,0.003,33.3333,0.576988,12363,5926.44,2.08608,67.4158,0.031712,8.33351,0.0929699,0.00565618,0.315618
1705888369038081465,0.005,20,0.386633,26405.6,5926.44,4.45556,115.757,0.031712,16.4716,0.0929699,0.00641875,0.367684
1705888369038081465,0.01,10,0.216582,68699.3,5926.44,11.592,232.861,0.031712,37.6203,0.0929699,0.00656132,0.391915
1705888369038081465,0.02,5,0.105753,170536,5926.44,28.7755,454.669,0.031712,80.5146,0.0929699,0.00623298,0.391951
1705888369038081465,0.03,3.33333,0.072758,283215,5926.44,47.7884,676.41,0.031712,123.546,0.0929699,0.0059826,0.390745
1705888369038081465,0.04,2.5,0.0507614,402708,5926.44,67.9512,901.292,0.031712,166.614,0.0929699,0.00577054,0.379734
1705888369137926869,0.0005,200,1,374.93,5644.57,0.066423,4.66688,0.0812984,0.334582,0.0832913,0.00028395,0.0279262
1705888369137926869,0.001,100,0.941581,1470.98,5644.57,0.260601,17.6442,0.0812984,1.31493,0.0832913,0.00100752,0.0950094
1705888369137926869,0.002,50,0.756014,5138.09,5644.57,0.910271,50.5433,0.0812984,4.37644,0.0832913,0.00238016,0.210702
1705888369137926869,0.003,33.3333,0.583333,10002.1,5644.57,1.77198,82.6235,0.0812984,8.0542,0.0832913,0.00323441,0.269273
1705888369137926869,0.005,20,0.371134,21322.1,5644.57,3.77746,146.159,0.0812984,16.004,0.0832913,0.00417611,0.321158
1705888369137926869,0.01,10,0.195017,56739.7,5644.57,10.0521,297.332,0.0812984,36.6566,0.0832913,0.00478452,0.339695
1705888369137926869,0.02,5,0.109966,141059,5644.57,24.9903,592.958,0.0812984,78.5081,0.0832913,0.00463816,0.323488
1705888369137926869,0.03,3.33333,0.0773196,234928,5644.57,41.6202,887.624,0.0812984,120.487,0.0832913,0.00435431,0.30729
1705888369137926869,0.04,2.5,0.0618557,333828,5644.57,59.1415,1185.63,0.0812984,162.503,0.0832913,0.0041065,0.29522
1705888369238557412,0.0005,200,1,324.501,5370.95,0.0604178,3.36226,0.00963393,0.350264,0.115782,0.00173461,0.0598992
1705888369238557412,0.001,100,0.940921,1276.87,5370.95,0.237736,12.6314,0.00963393,1.37515,0.115782,0.00548966,0.162337
1705888369238557412,0.002,50,0.732407,4407.93,5370.95,0.820699,34.731,0.00963393,4.55857,0.115782,0.0100598,0.27549
1705888369238557412,0.003,33.3333,0.57689,8378.27,5370.95,1.55992,56.7859,0.00963393,8.34746,0.115782,0.0115864,0.317586
1705888369238557412,0.005,20,0.358818,17203.6,5370.95,3.20308,97.8089,0.00963393,16.5379,0.115782,0.0118517,0.328811
1705888369238557412,0.01,10,0.174631,42502.5,5370.95,7.91341,198.836,0.00963393,37.8123,0.115782,0.0106956,0.296093
1705888369238557412,0.02,5,0.0781929,99241.6,5370.95,18.4775,402.844,0.00963393,80.9162,0.115782,0.00935946,0.250125
1705888369238557412,0.03,3.33333,0.0486533,160043,5370.95,29.7979,601.843,0.00963393,124.136,0.115782,0.00877903,0.236104
1705888369238557412,0.04,2.5,0.0356212,223231,5370.95,41.5626,800.72,0.00963393,167.38,0.115782,0.00840829,0.229332
1705888369338417083,0.0005,200,1,312.153,5410.96,0.057689,2.85014,0.00187383,0.437902,0.195857,0.00342302,0.138069
1705888369338417083,0.001,100,0.913884,1231.06,5410.96,0.227513,10.8592,0.00187383,1.70697,0.195857,0.0092034,0.232214
1705888369338417083,0.002,50,0.667838,4243.34,5410.96,0.784213,30.3647,0.00187383,5.49202,0.195857,0.0148599,0.29489
1705888369338417083,0.003,33.3333,0.524605,8074.12,5410.96,1.49218,48.4836,0.00187383,9.83425,0.195857,0.0155416,0.32149
1705888369338417083,0.005,20,0.330404,17373.3,5410.96,3.21077,83.8206,0.00187383,19.0582,0.195857,0.0151745,0.337646
1705888369338417083,0.01,10,0.171353,45833.9,5410.96,8.47058,169.816,0.00187383,42.8581,0.195857,0.0139133,0.323597
1705888369338417083,0.02,5,0.0808436,111517,5410.96,20.6095,336.915,0.00187383,90.9562,0.195857,0.0125921,0.278376
1705888369338417083,0.03,3.33333,0.0456942,184803,5410.96,34.1535,505.805,0.00187383,139.163,0.195857,0.0120052,0.240926
1705888369338417083,0.04,2.5,0.0377856,263973,5410.96,48.7849,677.172,0.00187383,187.393,0.195857,0.0117222,0.216149
1705888369438262853,0.0005,200,1,295.017,5389.3,0.0547413,2.23163,0.000170899,0.430062,0.117576,0.0174096,0.114895
1705888369438262853,0.001,100,0.914462,1171.45,5389.3,0.217365,8.8147,0.000170899,1.67953,0.117576,0.0263645,0.0869345
1705888369438262853,0.002,50,0.664903,4121.51,5389.3,0.764758,25.4331,0.000170899,5.43089,0.117576,0.0254208,0.139696
1705888369438262853,0.003,33.3333,0.521164,7988.91,5389.3,1.48236,40.682,0.000170899,9.74431,0.117576,0.0232709,0.171875
1705888369438262853,0.005,20,0.342152,17300.7,5389.3,3.21019,71.2031,0.000170899,18.8754,0.117576,0.0187547,0.133958
1705888369438262853,0.01,10,0.188713,46018.5,5389.3,8.53887,144.776,0.000170899,42.3872,0.117576,0.0138358,0.0905803
1705888369438262853,0.02,5,0.0961199,117503,5389.3,21.8031,292.954,0.000170899,89.8997,0.117576,0.010889,0.0949582
1705888369438262853,0.03,3.33333,0.0643739,199910,5389.3,37.0939,445.365,0.000170899,137.532,0.117576,0.00991032,0.117168
1705888369438262853,0.04,2.5,0.047619,288907,5389.3,53.6075,595.985,0.000170899,185.192,0.117576,0.00944879,0.140545
1705888369538101925,0.0005,200,1,284.109,5498.84,0.0516671,2.07587,0.0188273,0.447612,0.113602,0.000804471,0.0577079
1705888369538101925,0.001,100,0.904145,1124.43,5498.84,0.204484,8.21721,0.0188273,1.76243,0.113602,0.00266841,0.164333
1705888369538101925,0.002,50,0.656304,3926.82,5498.84,0.714118,26.1563,0.0188273,5.70783,0.113602,0.00571636,0.283282
1705888369538101925,0.003,33.3333,0.523316,7663.95,5498.84,1.39374,43.7719,0.0188273,10.1963,0.113602,0.00681649,0.305298
1705888369538101925,0.005,20,0.337651,16680.9,5498.84,3.03354,76.765,0.0188273,19.6945,0.113602,0.00733307,0.299058
1705888369538101925,0.01,10,0.166667,45398.1,5498.84,8.25595,155.117,0.0188273,44.1825,0.113602,0.00692963,0.278578
1705888369538101925,0.02,5,0.0872193,120000,5498.84,21.8228,313.333,0.0188273,93.6398,0.113602,0.00624235,0.246061
1705888369538101925,0.03,3.33333,0.0578584,205298,5498.84,37.3349,473.446,0.0188273,143.215,0.113602,0.00601828,0.224545
1705888369538101925,0.04,2.5,0.0457686,299401,5498.84,54.448,633.788,0.0188273,192.816,0.113602,0.00598313,0.211355
1705888369637956234,0.0005,200,1,288.188,5663.82,0.0508822,2.58243,0.000454459,0.507407,0.162232,0.0156139,0.190391
1705888369637956234,0.001,100,0.89629,1134.85,5663.82,0.200369,9.94384,0.000454459,1.97514,0.162232,0.0249486,0.121782
1705888369637956234,0.002,50,0.63575,3837.75,5663.82,0.677591,28.3642,0.000454459,6.28434,0.162232,0.0245513,0.0897243
1705888369637956234,0.003,33.3333,0.490725,7390.61,5663.82,1.30488,46.4879,0.000454459,11.1581,0.162232,0.0210135,0.0829322
1705888369637956234,0.005,20,0.325464,16120.5,5663.82,2.84622,82.2959,0.000454459,21.402,0.162232,0.0166714,0.0877948
1705888369637956234,0.01,10,0.176223,43889.4,5663.82,7.74908,172.658,0.000454459,47.7105,0.162232,0.0128014,0.10908
1705888369637956234,0.02,5,0.0876897,110249,5663.82,19.4654,342.418,0.000454459,100.831,0.162232,0.010449,0.157479
1705888369637956234,0.03,3.33333,0.0615514,184534,5663.82,32.5812,514.23,0.000454459,154.064,0.162232,0.0097182,0.213982
1705888369637956234,0.04,2.5,0.0404722,263210,5663.82,46.4722,684.512,0.000454459,207.331,0.162232,0.00997641,0.264429
1705888369738602696,0.0005,200,1,342.021,6025.85,0.0567589,2.77611,0.0226829,0.371606,0.101662,0.000602914,0.0242251
1705888369738602696,0.001,100,0.943594,1352.11,6025.85,0.224384,10.7521,0.0226829,1.45189,0.101662,0.00214149,0.0848896
1705888369738602696,0.002,50,0.729251,4760.04,6025.85,0.789936,31.5831,0.0226829,4.82984,0.101662,0.00488321,0.187755
1705888369738602696,0.003,33.3333,0.579371,9039.49,6025.85,1.50012,51.5848,0.0226829,8.8431,0.101662,0.00631448,0.23686
1705888369738602696,0.005,20,0.382756,19278.7,6025.85,3.19934,92.4656,0.0226829,17.4852,0.101662,0.0076618,0.275645
1705888369738602696,0.01,10,0.190975,50079.2,6025.85,8.31073,194.819,0.0226829,39.9874,0.101662,0.00861725,0.282049
1705888369738602696,0.02,5,0.0983078,126322,6025.85,20.9633,395.922,0.0226829,85.5927,0.101662,0.00939597,0.248834
1705888369738602696,0.03,3.33333,0.0620467,212026,6025.85,35.1861,595.486,0.0226829,131.333,0.101662,0.0103925,0.22846
1705888369738602696,0.04,2.5,0.0451249,306863,6025.85,50.9243,793.908,0.0226829,177.106,0.101662,0.0112411,0.217519
1705888369838455418,0.0005,200,0.999231,361.999,6332.68,0.0571636,3.28796,0.00893668,0.477617,0.27933,0.00119004,0.0634729
1705888369838455418,0.001,100,0.919231,1392.59,6332.68,0.219905,12.3698,0.00893668,1.84527,0.27933,0.00399956,0.160571
1705888369838455418,0.002,50,0.694615,4641.94,6332.68,0.733013,37.5825,0.00893668,5.94712,0.27933,0.00873042,0.285041
1705888369838455418,0.003,33.3333,0.538462,8775.2,6332.68,1.3857,62.7466,0.00893668,10.7143,0.27933,0.0105265,0.331384
1705888369838455418,0.005,20,0.343846,18671,6332.68,2.94835,108.888,0.00893668,20.855,0.27933,0.0113244,0.352187
1705888369838455418,0.01,10,0.181538,49579.1,6332.68,7.82908,220.447,0.00893668,47.0443,0.27933,0.0113329,0.35784
1705888369838455418,0.02,5,0.0876923,125934,6332.68,19.8863,429.323,0.00893668,100.006,0.27933,0.0119285,0.365957
1705888369838455418,0.03,3.33333,0.0646154,208600,6332.68,32.9401,635.557,0.00893668,153.094,0.27933,0.0127878,0.364847
1705888369838455418,0.04,2.5,0.0438462,293323,6332.68,46.3189,844.995,0.00893668,206.217,0.27933,0.0133145,0.363907
1705888369938289058,0.0005,200,1,451.465,7732.68,0.0583841,2.68377,0.125881,0.439401,0.183446,0.000166406,0.0108958
1705888369938289058,0.001,100,0.942184,1767.8,7732.68,0.228614,10.2005,0.125881,1.71993,0.183446,0.000615957,0.0393926
1705888369938289058,0.002,50,0.715203,6215.47,7732.68,0.803793,30.8992,0.125881,5.71403,0.183446,0.00165922,0.103786
1705888369938289058,0.003,33.3333,0.552463,12015.4,7732.68,1.55385,51.8689,0.125881,10.4226,0.183446,0.0024261,0.150366
1705888369938289058,0.005,20,0.37045,25941.1,7732.68,3.35473,93.3123,0.125881,20.4943,0.183446,0.00335371,0.207086
1705888369938289058,0.01,10,0.209136,71657.6,7732.68,9.26685,192.901,0.125881,46.5877,0.183446,0.00419503,0.256676
1705888369938289058,0.02,5,0.102784,183855,7732.68,23.7763,388.329,0.125881,99.4369,0.183446,0.0044786,0.273752
1705888369938289058,0.03,3.33333,0.076374,317779,7732.68,41.0956,579.602,0.125881,152.436,0.183446,0.00435756,0.26767
1705888369938289058,0.04,2.5,0.0571021,472350,7732.68,61.0849,770.992,0.125881,205.475,0.183446,0.00418207,0.25953
1705888370038124784,0.0005,200,1,934.616,10106.7,0.0924746,2.54372,0.253045,0.428054,0.612975,2.1718e-05,0.00293692
1705888370038124784,0.001,100,0.952111,3642.21,10106.7,0.360375,10.0968,0.253045,1.67815,0.612975,8.07704e-05,0.0111533
1705888370038124784,0.002,50,0.753623,12726.1,10106.7,1.25917,27.9847,0.253045,5.64897,0.612975,0.000200821,0.0268512
1705888370038124784,0.003,33.3333,0.601134,24229.7,10106.7,2.39738,47.2308,0.253045,10.4337,0.612975,0.000301548,0.0390466
1705888370038124784,0.005,20,0.405167,51902.5,10106.7,5.13544,85.088,0.253045,20.789,0.612975,0.000447235,0.0541232
1705888370038124784,0.01,10,0.215501,141310,10106.7,13.9817,185.47,0.253045,47.8166,0.612975,0.000691171,0.0728427
1705888370038124784,0.02,5,0.10712,350269,10106.7,34.657,373.008,0.253045,102.692,0.612975,0.00105726,0.0941379
1705888370038124784,0.03,3.33333,0.0730939,575828,10106.7,56.9747,557.278,0.253045,157.759,0.612975,0.00132309,0.108169
1705888370038124784,0.04,2.5,0.0560807,817111,10106.7,80.8482,740.592,0.253045,212.874,0.612975,0.00154243,0.115484
1705888370137969281,0.0005,200,1,1199.49,11754.2,0.102048,2.146,0.791857,0.427858,0.63641,6.10479e-06,0.000838676
1705888370137969281,0.001,100,0.969509,4748.79,11754.2,0.404007,7.79141,0.791857,1.67948,0.63641,2.23523e-05,0.00298505
1705888370137969281,0.002,50,0.77188,17168.4,11754.2,1.46062,23.2003,0.791857,5.82396,0.63641,6.35553e-05,0.00838728
1705888370137969281,0.003,33.3333,0.596273,33539.1,11754.2,2.85337,40.1233,0.791857,10.9577,0.63641,0.000100904,0.0135566
1705888370137969281,0.005,20,0.391869,73901.5,11754.2,6.28724,68.691,0.791857,22.1532,0.63641,0.000158155,0.0203099
1705888370137969281,0.01,10,0.188029,199732,11754.2,16.9924,131.861,0.791857,51.484,0.63641,0.000254943,0.0308887
1705888370137969281,0.02,5,0.0886505,510029,11754.2,43.3911,245.333,0.791857,111.038,0.63641,0.000380833,0.0483796
1705888370137969281,0.03,3.33333,0.0564653,857509,11754.2,72.9534,361.975,0.791857,170.779,0.63641,0.0004724,0.063567
1705888370137969281,0.04,2.5,0.042349,1.2104e+06,11754.2,102.976,480.788,0.791857,230.561,0.63641,0.000536102,0.0757044
1705888370238612354,0.0005,200,1,828.604,10303.1,0.0804224,1.57022,0.0503169,0.381728,0.444225,5.63839e-05,0.0252144
1705888370238612354,0.001,100,0.966987,3287.58,10303.1,0.319085,6.42498,0.0503169,1.50827,0.444225,9.45466e-05,0.0727223
1705888370238612354,0.002,50,0.786915,11983.4,10303.1,1.16308,20.401,0.0503169,5.24679,0.444225,0.000511241,0.132551
1705888370238612354,0.003,33.3333,0.620048,23592.8,10303.1,2.28987,32.4644,0.0503169,9.86848,0.444225,0.00091824,0.151445
1705888370238612354,0.005,20,0.409364,51259.4,10303.1,4.97512,57.2416,0.0503169,19.9994,0.444225,0.00129199,0.162663
1705888370238612354,0.01,10,0.20108,135011,10303.1,13.1039,122.373,0.0503169,46.6107,0.444225,0.00181685,0.165833
1705888370238612354,0.02,5,0.105042,320555,10303.1,31.1123,249.291,0.0503169,100.669,0.444225,0.00243705,0.158707
1705888370238612354,0.03,3.33333,0.0762305,528810,10303.1,51.3251,377.643,0.0503169,154.906,0.444225,0.00264692,0.148225
1705888370238612354,0.04,2.5,0.057623,750370,10303.1,72.8292,506.915,0.0503169,209.19,0.444225,0.00281945,0.140166
1705888370338458088,0.0005,200,1,423.373,6778.02,0.0624625,2.24283,0.317245,0.361571,0.197901,2.92968e-06,0.000338911
1705888370338458088,0.001,100,0.960714,1682.05,6778.02,0.248162,8.53727,0.317245,1.42777,0.197901,1.11627e-05,0.001287
1705888370338458088,0.002,50,0.755,6000.4,6778.02,0.885273,23.3438,0.317245,4.9157,0.197901,3.08594e-05,0.00348532
1705888370338458088,0.003,33.3333,0.577857,11630.5,6778.02,1.71592,39.0639,0.317245,9.1429,0.197901,5.14499e-05,0.00579393
1705888370338458088,0.005,20,0.397857,25584.7,6778.02,3.77465,68.0087,0.317245,18.2795,0.197901,8.84515e-05,0.00996245
1705888370338458088,0.01,10,0.200714,66900.9,6778.02,9.87026,133.996,0.317245,42.1343,0.197901,0.000168604,0.0189676
1705888370338458088,0.02,5,0.106429,166124,6778.02,24.5092,272.48,0.317245,90.5254,0.197901,0.000317968,0.0357232
1705888370338458088,0.03,3.33333,0.0757143,286817,6778.02,42.3158,411.068,0.317245,139.069,0.197901,0.000442684,0.049777
1705888370338458088,0.04,2.5,0.0578571,422342,6778.02,62.3105,549.17,0.317245,187.655,0.197901,0.000546113,0.0615361
1705888370438299776,0.0005,200,1,411.99,6007.66,0.0685775,1.43941,0.472391,0.284159,0.34533,2.48106e-05,0.00256235
1705888370438299776,0.001,100,0.972059,1604.64,6007.66,0.267098,6.47333,0.472391,1.12484,0.34533,0.000103016,0.0113577
1705888370438299776,0.002,50,0.810294,5596.57,6007.66,0.931572,21.9803,0.472391,3.96348,0.34533,0.000317822,0.0346001
1705888370438299776,0.003,33.3333,0.639706,10889.3,6007.66,1.81256,35.633,0.472391,7.53774,0.34533,0.00048609,0.0494295
1705888370438299776,0.005,20,0.413971,23760.5,6007.66,3.95503,60.2365,0.472391,15.4429,0.34533,0.000723992,0.067033
1705888370438299776,0.01,10,0.215441,64235.4,6007.66,10.6923,125.134,0.472391,36.2459,0.34533,0.00115635,0.0943152
1705888370438299776,0.02,5,0.101471,162637,6007.66,27.0715,247.56,0.472391,78.5872,0.34533,0.00172648,0.125368
1705888370438299776,0.03,3.33333,0.0654412,271435,6007.66,45.1815,370.428,0.472391,121.104,0.34533,0.00213753,0.145817
1705888370438299776,0.04,2.5,0.0455882,388276,6007.66,64.6301,490.159,0.472391,163.661,0.34533,0.00246633,0.159938
1705888370538130371,0.0005,200,1,388.133,6192.12,0.0626817,2.84895,0.0695329,0.318504,0.249009,0.000780104,0.0384325
1705888370538130371,0.001,100,0.965015,1527.52,6192.12,0.246687,10.4821,0.0695329,1.25851,0.249009,0.00257813,0.113852
1705888370538130371,0.002,50,0.797376,5398.95,6192.12,0.871906,29.8215,0.0695329,4.34739,0.249009,0.00557998,0.23126
1705888370538130371,0.003,33.3333,0.607143,10462.3,6192.12,1.68962,49.7798,0.0695329,8.17562,0.249009,0.00711271,0.297497
1705888370538130371,0.005,20,0.409621,22288.1,6192.12,3.59942,89.8424,0.0695329,16.541,0.249009,0.00809332,0.354802
1705888370538130371,0.01,10,0.222303,60443.1,6192.12,9.76128,189.659,0.0695329,38.4348,0.249009,0.00799719,0.391014
1705888370538130371,0.02,5,0.116618,155683,6192.12,25.1421,376.26,0.0695329,82.9244,0.249009,0.00700602,0.383938
1705888370538130371,0.03,3.33333,0.0830904,266358,6192.12,43.0155,560.118,0.0695329,127.574,0.249009,0.00627348,0.366385
1705888370538130371,0.04,2.5,0.0655977,386512,6192.12,62.42,745.03,0.0695329,172.266,0.249009,0.00589301,0.350792
1705888370637973123,0.0005,200,1,500.637,7604.09,0.0658379,3.57516,0.148811,0.419609,0.286593,9.13305e-05,0.0097981
1705888370637973123,0.001,100,0.958584,1968.68,7604.09,0.258897,13.5882,0.148811,1.64723,0.286593,0.000334335,0.0355223
1705888370637973123,0.002,50,0.734803,6891.59,7604.09,0.9063,36.2741,0.148811,5.56623,0.286593,0.000826227,0.0817787
1705888370637973123,0.003,33.3333,0.59185,13385.9,7604.09,1.76036,59.4167,0.148811,10.2541,0.286593,0.00122883,0.117859
1705888370637973123,0.005,20,0.376754,29500.5,7604.09,3.87956,101.213,0.148811,20.4011,0.286593,0.00177173,0.166782
1705888370637973123,0.01,10,0.192385,78753.4,7604.09,10.3567,203.36,0.148811,46.8411,0.286593,0.00258623,0.249252
1705888370637973123,0.02,5,0.0995324,201360,7604.09,26.4805,401.909,0.148811,100.435,0.286593,0.00349531,0.347346
1705888370637973123,0.03,3.33333,0.0627923,346870,7604.09,45.6162,596.895,0.148811,154.197,0.286593,0.0039855,0.394395
1705888370637973123,0.04,2.5,0.0487642,511150,7604.09,67.2204,786.629,0.148811,207.997,0.286593,0.00424083,0.412798
1705888370738622306,0.0005,200,1,641.373,8874.4,0.0722723,0.683897,0.0217605,0.363367,0.571315,8.48128e-05,0.00601878
1705888370738622306,0.001,100,0.965602,2537.69,8874.4,0.285956,2.60909,0.0217605,1.43741,0.571315,0.000279712,0.0199549
1705888370738622306,0.002,50,0.796069,9103.91,8874.4,1.02586,8.53556,0.0217605,4.98911,0.571315,0.000565873,0.0457641
1705888370738622306,0.003,33.3333,0.63145,17890.7,8874.4,2.01599,14.7517,0.0217605,9.38961,0.571315,0.000724165,0.0665267
1705888370738622306,0.005,20,0.425676,39289.1,8874.4,4.42724,25.8966,0.0217605,19.0345,0.571315,0.000844564,0.0899346
1705888370738622306,0.01,10,0.231572,104732,8874.4,11.8016,60.2599,0.0217605,44.3504,0.571315,0.000721913,0.1121
1705888370738622306,0.02,5,0.117322,256270,8874.4,28.8774,130.796,0.0217605,95.8684,0.571315,0.000784036,0.119582
1705888370738622306,0.03,3.33333,0.0798526,430321,8874.4,48.4901,196.825,0.0217605,147.595,0.571315,0.00118465,0.121086
1705888370738622306,0.04,2.5,0.0626536,616016,8874.4,69.415,265.447,0.0217605,199.376,0.571315,0.00162672,0.1261
1705888370838463855,0.0005,200,1,854.276,9948.26,0.0858719,2.0284,0.132069,0.432552,0.828973,0.000102346,0.0151291
1705888370838463855,0.001,100,0.957314,3353.68,9948.26,0.337113,8.004,0.132069,1.7011,0.828973,0.000326589,0.0451961
1705888370838463855,0.002,50,0.782015,11887.8,9948.26,1.19496,22.7131,0.132069,5.80109,0.828973,0.0005746,0.0708512
1705888370838463855,0.003,33.3333,0.616392,23010.9,9948.26,2.31306,37.1692,0.132069,10.8263,0.828973,0.000567551,0.0738648
1705888370838463855,0.005,20,0.403529,49686.9,9948.26,4.99454,66.0897,0.132069,21.806,0.828973,0.000488461,0.071191
1705888370838463855,0.01,10,0.211725,129628,9948.26,13.0302,125.617,0.132069,50.5635,0.828973,0.000535198,0.0581887
1705888370838463855,0.02,5,0.109277,328755,9948.26,33.0465,248.616,0.132069,108.979,0.828973,0.000925397,0.0486249
1705888370838463855,0.03,3.33333,0.0717131,553908,9948.26,55.6789,376.008,0.132069,167.593,0.828973,0.00115953,0.0469563
1705888370838463855,0.04,2.5,0.0552077,784356,9948.26,78.8435,512.659,0.132069,226.262,0.828973,0.00133077,0.0488703
1705888370938295140,0.0005,200,1,1123.67,10771,0.104324,0.561407,2.0487,0.509431,0.931743,4.44476e-07,5.33183e-05
1705888370938295140,0.001,100,0.949462,4360.07,10771,0.404798,1.65398,2.0487,1.99417,0.931743,1.57315e-06,0.000148765
1705888370938295140,0.002,50,0.769355,14485.8,10771,1.34489,5.40682,2.0487,6.68365,0.931743,5.23479e-06,0.000475992
1705888370938295140,0.003,33.3333,0.588172,27418,10771,2.54555,9.96948,2.0487,12.3711,0.931743,9.40015e-06,0.000870988
1705888370938295140,0.005,20,0.397849,57792.9,10771,5.36561,18.2625,2.0487,24.7096,0.931743,1.73285e-05,0.00153448
1705888370938295140,0.01,10,0.188172,148392,10771,13.777,40.1797,2.0487,56.9497,0.931743,3.16449e-05,0.0031769
1705888370938295140,0.02,5,0.0887097,354645,10771,32.926,81.5763,2.0487,122.337,0.931743,5.06919e-05,0.00544797
1705888370938295140,0.03,3.33333,0.0580645,580777,10771,53.9205,122.568,2.0487,187.926,0.931743,6.91443e-05,0.00690474
1705888370938295140,0.04,2.5,0.0451613,826380,10771,76.7228,164.586,2.0487,253.557,0.931743,8.66957e-05,0.00793274
1705888371038128114,0.0005,200,1,1249.9,11379.3,0.10984,1.75028,0.202742,0.541819,1.05971,1.58551e-05,0.0035275
1705888371038128114,0.001,100,0.949249,4911.52,11379.3,0.431619,7.27194,0.202742,2.11937,1.05971,6.5209e-05,0.0133517
1705888371038128114,0.002,50,0.758674,17103.5,11379.3,1.50304,19.9887,0.202742,7.10848,1.05971,0.000162532,0.0275715
1705888371038128114,0.003,33.3333,0.578457,32708.4,11379.3,2.87438,36.6082,0.202742,13.1369,1.05971,0.000276165,0.038003
1705888371038128114,0.005,20,0.387882,69452.9,11379.3,6.10344,68.0571,0.202742,26.1679,1.05971,0.000440849,0.0451515
1705888371038128114,0.01,10,0.194718,185107,11379.3,16.267,141.747,0.202742,60.107,1.05971,0.00079451,0.0462311
1705888371038128114,0.02,5,0.105127,471948,11379.3,41.4742,283.539,0.202742,128.896,1.05971,0.00143562,0.0485975
1705888371038128114,0.03,3.33333,0.0631797,782322,11379.3,68.7495,417.178,0.202742,197.911,1.05971,0.00192802,0.0519707
1705888371038128114,0.04,2.5,0.0476437,1.12021e+06,11379.3,98.4423,549.779,0.202742,266.983,1.05971,0.00229482,0.0550524
1705888371137970617,0.0005,200,1,1354.35,11368.5,0.119132,1.08991,0.000853396,0.559333,1.11728,0.00332804,0.0469803
1705888371137970617,0.001,100,0.949772,5312.91,11368.5,0.467338,3.11128,0.000853396,2.18242,1.11728,0.00378553,0.0503498
1705888371137970617,0.002,50,0.754439,18794.9,11368.5,1.65325,6.61292,0.000853396,7.30372,1.11728,0.00471249,0.0854363
1705888371137970617,0.003,33.3333,0.580416,35092,11368.5,3.08678,12.4434,0.000853396,13.4597,1.11728,0.00604298,0.125798
1705888371137970617,0.005,20,0.388128,74028.5,11368.5,6.51174,28.2647,0.000853396,26.7582,1.11728,0.00716023,0.168625
1705888371137970617,0.01,10,0.199899,189338,11368.5,16.6547,63.8807,0.000853396,61.4115,1.11728,0.00775018,0.193285
1705888371137970617,0.02,5,0.100964,461650,11368.5,40.608,142.729,0.000853396,131.685,1.11728,0.00843214,0.218997
1705888371137970617,0.03,3.33333,0.0690005,764250,11368.5,67.2254,214.162,0.000853396,202.173,1.11728,0.00889053,0.230477
1705888371137970617,0.04,2.5,0.0532725,1.08373e+06,11368.5,95.3281,286.396,0.000853396,272.715,1.11728,0.00927162,0.236362
1705888371238603528,0.0005,200,1,1271.55,11965.9,0.106264,2.12796,0.373751,0.606008,1.2873,8.05397e-06,0.00143977
1705888371238603528,0.001,100,0.942691,4997.17,11965.9,0.417616,7.83108,0.373751,2.3629,1.2873,2.96862e-05,0.00518057
1705888371238603528,0.002,50,0.755221,17148.4,11965.9,1.4331,18.6818,0.373751,7.79329,1.2873,7.59588e-05,0.0111429
1705888371238603528,0.003,33.3333,0.584264,32317.5,11965.9,2.70079,33.5204,0.373751,14.2787,1.2873,0.000116937,0.0180047
1705888371238603528,0.005,20,0.389995,66189.1,11965.9,5.53146,62.4055,0.373751,28.2745,1.2873,0.000198691,0.02717
1705888371238603528,0.01,10,0.214182,164057,11965.9,13.7103,122.468,0.373751,64.6809,1.2873,0.000402165,0.0355813
1705888371238603528,0.02,5,0.110733,395958,11965.9,33.0904,230.945,0.373751,138.508,1.2873,0.000775404,0.041357
1705888371238603528,0.03,3.33333,0.0709082,642462,11965.9,53.6909,335.372,0.373751,212.595,1.2873,0.00113292,0.045191
1705888371238603528,0.04,2.5,0.0524526,901937,11965.9,75.3754,442.854,0.373751,286.75,1.2873,0.00145802,0.048578
1705888371338442640,0.0005,200,0.99861,1599.86,13085.6,0.122261,2.39923,1.15232,0.685077,1.55158,3.81475e-06,0.00050691
1705888371338442640,0.001,100,0.930955,6187.96,13085.6,0.472883,8.69468,1.15232,2.63694,1.55158,1.41751e-05,0.00180968
1705888371338442640,0.002,50,0.743281,21736.9,13085.6,1.66113,22.7215,1.15232,8.52134,1.55158,3.90016e-05,0.00449746
1705888371338442640,0.003,33.3333,0.591288,42460.3,13085.6,3.24481,35.3821,1.15232,15.5045,1.55158,5.92405e-05,0.00667428
1705888371338442640,0.005,20,0.382762,90559.7,13085.6,6.92055,60.0067,1.15232,30.5932,1.55158,9.56859e-05,0.0102664
1705888371338442640,0.01,10,0.202039,223553,13085.6,17.0839,113.773,1.15232,69.8612,1.55158,0.000169089,0.0161511
1705888371338442640,0.02,5,0.0917516,523441,13085.6,40.0013,234.608,1.15232,149.469,1.55158,0.000298923,0.0260963
1705888371338442640,0.03,3.33333,0.0630213,855892,13085.6,65.4072,351.659,1.15232,229.32,1.55158,0.000407581,0.0337936
1705888371338442640,0.04,2.5,0.0454124,1.20055e+06,13085.6,91.7461,465.334,1.15232,309.224,1.55158,0.00050539,0.0408403
1705888371438298268,0.0005,200,0.999542,1754.08,13139.1,0.133501,2.26725,0.308174,0.782558,1.6933,3.69346e-06,0.000476143
1705888371438298268,0.001,100,0.917545,6740.27,13139.1,0.512994,6.92382,0.308174,3.00431,1.6933,1.30963e-05,0.00140192
1705888371438298268,0.002,50,0.727897,22425.4,13139.1,1.70677,17.3921,0.308174,9.53493,1.6933,3.68859e-05,0.00334844
1705888371438298268,0.003,33.3333,0.565735,41271.8,13139.1,3.14115,27.3737,0.308174,17.1735,1.6933,5.96633e-05,0.00506302
1705888371438298268,0.005,20,0.372423,86572.9,13139.1,6.58896,44.0622,0.308174,33.4954,1.6933,0.00010342,0.00745177
1705888371438298268,0.01,10,0.202932,229131,13139.1,17.4389,85.7065,0.308174,75.7361,1.6933,0.000205094,0.012298
1705888371438298268,0.02,5,0.102153,549431,13139.1,41.8165,168.046,0.308174,161.268,1.6933,0.000400179,0.0208322
1705888371438298268,0.03,3.33333,0.0682547,887234,13139.1,67.5263,246.714,0.308174,247.053,1.6933,0.00058124,0.027104
1705888371438298268,0.04,2.5,0.0513055,1.24284e+06,13139.1,94.5911,324.056,0.308174,332.904,1.6933,0.000749715,0.0323098
1705888371538133687,0.0005,200,0.998623,1716.21,12952.2,0.132503,4.62421,0.166233,0.72779,1.7372,4.13769e-05,0.00645151
1705888371538133687,0.001,100,0.93067,6648.18,12952.2,0.513285,15.626,0.166233,2.78874,1.7372,0.000137443,0.0199487
1705888371538133687,0.002,50,0.731405,22629.3,12952.2,1.74714,34.2568,0.166233,8.98116,1.7372,0.000326537,0.0339926
1705888371538133687,0.003,33.3333,0.574839,43405.3,12952.2,3.35119,54.3147,0.166233,16.2995,1.7372,0.000490543,0.0424832
1705888371538133687,0.005,20,0.371901,92357.3,12952.2,7.13061,90.9684,0.166233,32.0166,1.7372,0.00077863,0.0477675
1705888371538133687,0.01,10,0.196511,236396,12952.2,18.2514,182.816,0.166233,72.7853,1.7372,0.00142872,0.0511022
1705888371538133687,0.02,5,0.10101,558202,12952.2,43.097,377.072,0.166233,155.353,1.7372,0.00243596,0.0577197
1705888371538133687,0.03,3.33333,0.0707071,911037,12952.2,70.3383,564.91,0.166233,238.149,1.7372,0.00325375,0.0663181
1705888371538133687,0.04,2.5,0.0528007,1.28756e+06,12952.2,99.4081,756.245,0.166233,321.005,1.7372,0.00398343,0.0761354
1705888371637974604,0.0005,200,0.998628,1629.61,12732.9,0.127984,4.67788,0.000316448,0.749848,1.88127,0.0173854,0.232061
1705888371637974604,0.001,100,0.922725,6333.85,12732.9,0.49744,15.9336,0.000316448,2.87335,1.88127,0.0298879,0.380722
1705888371637974604,0.002,50,0.741198,20921.3,12732.9,1.64309,40.7968,0.000316448,9.15866,1.88127,0.0329861,0.406841
1705888371637974604,0.003,33.3333,0.580247,39667.2,12732.9,3.11533,64.1821,0.000316448,16.5439,1.88127,0.0319094,0.398711
1705888371637974604,0.005,20,0.382259,83694.2,12732.9,6.57306,109.998,0.000316448,32.3758,1.88127,0.0302222,0.396076
1705888371637974604,0.01,10,0.211706,210509,12732.9,16.5327,222.842,0.000316448,73.3933,1.88127,0.0285205,0.401564
1705888371637974604,0.02,5,0.116141,510887,12732.9,40.1233,447.284,0.000316448,156.471,1.88127,0.0269976,0.407743
1705888371637974604,0.03,3.33333,0.0804755,845921,12732.9,66.4358,670.315,0.000316448,239.806,1.88127,0.0262332,0.413943
1705888371637974604,0.04,2.5,0.0608139,1.20563e+06,12732.9,94.6864,890.027,0.000316448,323.213,1.88127,0.0260904,0.422758
1705888371738608947,0.0005,200,0.999531,1566.3,12193.5,0.128454,4.31775,0.0858205,0.742191,1.73961,0.0001807,0.0150896
1705888371738608947,0.001,100,0.924519,6005.46,12193.5,0.492512,15.5845,0.0858205,2.85723,1.73961,0.000712924,0.0484075
1705888371738608947,0.002,50,0.720581,18943.5,12193.5,1.55357,35.6513,0.0858205,9.17794,1.73961,0.00181796,0.0855704
1705888371738608947,0.003,33.3333,0.561181,34901.3,12193.5,2.86228,55.3148,0.0858205,16.5851,1.73961,0.00266144,0.108119
1705888371738608947,0.005,20,0.361932,69911.1,12193.5,5.73346,98.4412,0.0858205,32.4657,1.73961,0.00391089,0.14073
1705888371738608947,0.01,10,0.192218,173675,12193.5,14.2432,203.745,0.0858205,73.6037,1.73961,0.00577721,0.171787
1705888371738608947,0.02,5,0.0937647,423187,12193.5,34.7058,407.585,0.0858205,156.878,1.73961,0.00743471,0.182123
1705888371738608947,0.03,3.33333,0.0618847,704958,12193.5,57.8141,606.56,0.0858205,240.37,1.73961,0.00834191,0.181973
1705888371738608947,0.04,2.5,0.0482888,1.01929e+06,12193.5,83.5927,807.397,0.0858205,323.916,1.73961,0.00890829,0.180973
1705888371838442620,0.0005,200,1,1145.87,10542.8,0.108687,3.1456,0.0397662,0.583192,1.39875,3.63962e-05,0.00477432
1705888371838442620,0.001,100,0.93861,4475.06,10542.8,0.424465,11.5683,0.0397662,2.28504,1.39875,0.000131946,0.0164489
1705888371838442620,0.002,50,0.747844,14809.4,10542.8,1.40469,30.0186,0.0397662,7.54734,1.39875,0.000327519,0.0363829
1705888371838442620,0.003,33.3333,0.582953,27697.9,10542.8,2.62718,48.9739,0.0397662,13.8349,1.39875,0.000495637,0.05145
1705888371838442620,0.005,20,0.380518,57874.4,10542.8,5.48946,87.712,0.0397662,27.4067,1.39875,0.000765833,0.0736559
1705888371838442620,0.01,10,0.194318,147537,10542.8,13.9941,185.091,0.0397662,62.7144,1.39875,0.00128489,0.107063
1705888371838442620,0.02,5,0.0989346,355835,10542.8,33.7514,360.514,0.0397662,134.306,1.39875,0.0019984,0.140514
1705888371838442620,0.03,3.33333,0.0634196,574040,10542.8,54.4484,536.157,0.0397662,206.123,1.39875,0.00253346,0.162086
1705888371838442620,0.04,2.5,0.0451547,797796,10542.8,75.6719,710.488,0.0397662,277.995,1.39875,0.00295419,0.174819
1705888371938279835,0.0005,200,1,1174.25,9568.87,0.122715,1.30575,0.094381,0.530753,1.27772,5.93241e-06,0.000531595
1705888371938279835,0.001,100,0.939012,4561.44,9568.87,0.476696,5.12994,0.094381,2.0842,1.27772,2.2987e-05,0.00208658
1705888371938279835,0.002,50,0.762881,15268.1,9568.87,1.5956,15.2549,0.094381,6.90682,1.27772,6.07521e-05,0.00635549
1705888371938279835,0.003,33.3333,0.611987,29224,9568.87,3.05407,25.294,0.094381,12.7062,1.27772,9.61699e-05,0.0106272
1705888371938279835,0.005,20,0.397476,61453.6,9568.87,6.42224,43.5519,0.094381,25.3124,1.27772,0.000167137,0.0177003
1705888371938279835,0.01,10,0.205573,159655,9568.87,16.6849,90.2651,0.094381,58.2293,1.27772,0.000331141,0.0341788
1705888371938279835,0.02,5,0.102524,396613,9568.87,41.4483,180.106,0.094381,125,1.27772,0.000613783,0.0620955
1705888371938279835,0.03,3.33333,0.0683491,656237,9568.87,68.5804,273.298,0.094381,191.985,1.27772,0.000853952,0.0845943
1705888371938279835,0.04,2.5,0.0520505,933561,9568.87,97.5623,366.066,0.094381,259.027,1.27772,0.0010629,0.102012
1705888372038122230,0.0005,200,1,1001.7,8840.26,0.113311,1.67843,0.00655749,0.487631,1.11499,0.00176772,0.046008
1705888372038122230,0.001,100,0.943293,3922.4,8840.26,0.443698,6.69437,0.00655749,1.91774,1.11499,0.00480094,0.113262
1705888372038122230,0.002,50,0.776445,13265.8,8840.26,1.50061,19.1672,0.00655749,6.38691,1.11499,0.00641433,0.163371
1705888372038122230,0.003,33.3333,0.61723,25316.6,8840.26,2.86378,28.0804,0.00655749,11.7823,1.11499,0.00697021,0.18084
1705888372038122230,0.005,20,0.41494,52665.5,8840.26,5.95746,43.0595,0.00655749,23.5384,1.11499,0.00820604,0.208536
1705888372038122230,0.01,10,0.205016,133007,8840.26,15.0456,79.0329,0.00655749,54.332,1.11499,0.00907208,0.248107
1705888372038122230,0.02,5,0.113413,321123,8840.26,36.3251,163.56,0.00655749,116.858,1.11499,0.00978422,0.280326
1705888372038122230,0.03,3.33333,0.0730643,537799,8840.26,60.8352,244.076,0.00655749,179.598,1.11499,0.0101907,0.290933
1705888372038122230,0.04,2.5,0.0507088,777692,8840.26,87.9717,324.243,0.00655749,242.398,1.11499,0.0109338,0.310074
1705888372137971554,0.0005,200,1,907.239,8896.42,0.101978,1.71019,0.428901,0.516166,1.07961,2.95975e-05,0.00381429
1705888372137971554,0.001,100,0.944262,3517.73,8896.42,0.395409,5.83144,0.428901,2.01465,1.07961,0.000103528,0.0121619
1705888372137971554,0.002,50,0.76612,11728.4,8896.42,1.31833,14.7092,0.428901,6.63531,1.07961,0.000234841,0.0270077
1705888372137971554,0.003,33.3333,0.613115,22014,8896.42,2.47448,23.6382,0.428901,12.1512,1.07961,0.000365044,0.0381951
1705888372137971554,0.005,20,0.414754,46413.1,8896.42,5.21705,40.2304,0.428901,24.0962,1.07961,0.000582697,0.0541736
1705888372137971554,0.01,10,0.237158,117676,8896.42,13.2273,80.7466,0.428901,55.2602,1.07961,0.00112438,0.0785958
1705888372137971554,0.02,5,0.120765,270931,8896.42,30.4539,169.862,0.428901,118.573,1.07961,0.00198938,0.105966
1705888372137971554,0.03,3.33333,0.0797814,436070,8896.42,49.0164,255.647,0.428901,182.123,1.07961,0.00259672,0.117748
1705888372137971554,0.04,2.5,0.0639344,610258,8896.42,68.596,342.286,0.428901,245.726,1.07961,0.00304279,0.123161
1705888372238604629,0.0005,200,1,870.394,8485.59,0.102573,2.18806,0.00293339,0.444853,1.1007,0.00568175,0.173891
1705888372238604629,0.001,100,0.957327,3366.95,8485.59,0.396784,7.81443,0.00293339,1.75102,1.1007,0.0127779,0.326676
1705888372238604629,0.002,50,0.785514,11219.4,8485.59,1.32217,19.5851,0.00293339,5.93305,1.1007,0.0180053,0.386964
1705888372238604629,0.003,33.3333,0.635036,21387.3,8485.59,2.52043,30.3361,0.00293339,11.0228,1.1007,0.0190181,0.377833
1705888372238604629,0.005,20,0.409882,45986,8485.59,5.41931,50.3388,0.00293339,22.1708,1.1007,0.018272,0.349777
1705888372238604629,0.01,10,0.207187,121477,8485.59,14.3157,95.9938,0.00293339,51.3905,1.1007,0.0155473,0.297375
1705888372238604629,0.02,5,0.106682,300010,8485.59,35.3552,196.325,0.00293339,110.724,1.1007,0.0142379,0.274088
1705888372238604629,0.03,3.33333,0.0718697,499006,8485.59,58.8063,296.714,0.00293339,170.261,1.1007,0.0133014,0.256752
1705888372238604629,0.04,2.5,0.0617631,718118,8485.59,84.628,394.216,0.00293339,229.845,1.1007,0.0126237,0.244261
1705888372338423064,0.0005,200,1,735.835,7606.16,0.0967419,2.32947,1.59284,0.494437,0.969356,5.7137e-06,0.000883491
1705888372338423064,0.001,100,0.935427,2827.17,7606.16,0.371695,8.35017,1.59284,1.92707,0.969356,2.04035e-05,0.00314315
1705888372338423064,0.002,50,0.760664,9449.25,7606.16,1.24231,19.7754,1.59284,6.305,0.969356,5.04343e-05,0.00723635
1705888372338423064,0.003,33.3333,0.606635,18010.3,7606.16,2.36786,32.2432,1.59284,11.5313,0.969356,7.72153e-05,0.0115646
1705888372338423064,0.005,20,0.405806,37560.4,7606.16,4.93816,55.1722,1.59284,22.8416,0.969356,0.000130852,0.0186559
1705888372338423064,0.01,10,0.2109,95096.5,7606.16,12.5026,112.037,1.59284,52.3568,0.969356,0.000257574,0.032547
1705888372338423064,0.02,5,0.103673,229413,7606.16,30.1615,221.826,1.59284,112.27,0.969356,0.000508267,0.0496186
1705888372338423064,0.03,3.33333,0.0675355,372472,7606.16,48.9697,337.973,1.59284,172.386,0.969356,0.000755087,0.0622814
1705888372338423064,0.04,2.5,0.0521327,525187,7606.16,69.0476,452.221,1.59284,232.552,0.969356,0.000997243,0.0714785
1705888372438259390,0.0005,200,1,650.752,6116.76,0.106388,2.34582,0.11374,0.42589,0.789342,2.96363e-06,0.00036337
1705888372438259390,0.001,100,0.948287,2516.09,6116.76,0.411343,7.52779,0.11374,1.6633,0.789342,1.04911e-05,0.00113313
1705888372438259390,0.002,50,0.773109,8450.4,6116.76,1.38152,15.7523,0.11374,5.52186,0.789342,2.57973e-05,0.00221133
1705888372438259390,0.003,33.3333,0.602456,15978.4,6116.76,2.61224,23.3152,0.11374,10.1603,0.789342,4.11234e-05,0.00310598
1705888372438259390,0.005,20,0.411765,33498.5,6116.76,5.47651,40.7193,0.11374,20.2127,0.789342,7.24401e-05,0.00520488
1705888372438259390,0.01,10,0.221719,82500.4,6116.76,13.4876,83.4525,0.11374,46.4776,0.789342,0.000144723,0.00984978
1705888372438259390,0.02,5,0.109244,193222,6116.76,31.5889,162.824,0.11374,99.8356,0.789342,0.000267751,0.0164464
1705888372438259390,0.03,3.33333,0.0723982,312769,6116.76,51.1331,241.434,0.11374,153.392,0.789342,0.000383485,0.0212146
1705888372438259390,0.04,2.5,0.0549451,443715,6116.76,72.5409,318.764,0.11374,206.997,0.789342,0.000493587,0.024562
1705888372538099183,0.0005,200,1,513.878,5339.15,0.0962473,4.58954,0.0205343,0.382749,0.619535,0.000481725,0.0582039
1705888372538099183,0.001,100,0.947368,1999.17,5339.15,0.374436,16.4541,0.0205343,1.5045,0.619535,0.00140294,0.158258
1705888372538099183,0.002,50,0.774931,6716.36,5339.15,1.25795,45.7339,0.0205343,5.04122,0.619535,0.00256146,0.255806
1705888372538099183,0.003,33.3333,0.606648,12604.2,5339.15,2.36072,75.601,0.0205343,9.30938,0.619535,0.00301361,0.284412
1705888372538099183,0.005,20,0.412742,26145.5,5339.15,4.89694,131.259,0.0205343,18.5741,0.619535,0.00344377,0.288681
1705888372538099183,0.01,10,0.225762,66301.8,5339.15,12.418,275.92,0.0205343,42.7848,0.619535,0.004547,0.294755
1705888372538099183,0.02,5,0.113573,156027,5339.15,29.2231,554.25,0.0205343,91.9836,0.619535,0.00621284,0.297785
1705888372538099183,0.03,3.33333,0.0747922,252499,5339.15,47.2919,834.954,0.0205343,141.357,0.619535,0.00727305,0.300187
1705888372538099183,0.04,2.5,0.0554017,351598,5339.15,65.8529,1118.68,0.0205343,190.776,0.619535,0.00794296,0.299167
1705888372637954549,0.0005,200,1,468.644,5264.54,0.0890191,2.24158,0.00994387,0.32886,0.56467,7.84277e-05,0.00871077
1705888372637954549,0.001,100,0.963687,1844.14,5264.54,0.350295,8.29074,0.00994387,1.3002,0.56467,0.00027576,0.030251
1705888372637954549,0.002,50,0.792598,6440.06,5264.54,1.22329,22.6122,0.00994387,4.50889,0.56467,0.00064704,0.0706784
1705888372637954549,0.003,33.3333,0.617318,12266.9,5264.54,2.3301,38.227,0.00994387,8.49434,0.56467,0.000918451,0.102082
1705888372637954549,0.005,20,0.403631,25930.4,5264.54,4.92548,63.9275,0.00994387,17.2378,0.56467,0.00123238,0.140852
1705888372637954549,0.01,10,0.206704,67810.2,5264.54,12.8806,129.266,0.00994387,40.1577,0.56467,0.00172173,0.213555
1705888372637954549,0.02,5,0.108939,173600,5264.54,32.9753,257.324,0.00994387,86.7069,0.56467,0.00217458,0.287877
1705888372637954549,0.03,3.33333,0.0719274,293826,5264.54,55.8122,380.887,0.00994387,133.425,0.56467,0.00242362,0.324056
1705888372637954549,0.04,2.5,0.0509777,410864,5264.54,78.0437,507.164,0.00994387,180.188,0.56467,0.00263628,0.342654
1705888372738606372,0.0005,200,1,539.2,5475.38,0.0984773,2.90609,0.0167892,0.330058,0.586248,0.000199923,0.0300893
1705888372738606372,0.001,100,0.96701,2114.41,5475.38,0.386167,10.5324,0.0167892,1.30232,0.586248,0.00060381,0.0874511
1705888372738606372,0.002,50,0.787629,7322.15,5475.38,1.33729,30.0286,0.0167892,4.49383,0.586248,0.00118678,0.150743
1705888372738606372,0.003,33.3333,0.630928,13750.8,5475.38,2.51139,49.4927,0.0167892,8.42162,0.586248,0.00147082,0.16971
1705888372738606372,0.005,20,0.439863,28722.9,5475.38,5.24582,86.4193,0.0167892,17.0113,0.586248,0.00172561,0.176344
1705888372738606372,0.01,10,0.239175,73240.8,5475.38,13.3764,174.541,0.0167892,39.5823,0.586248,0.00207997,0.168118
1705888372738606372,0.02,5,0.130584,182037,5475.38,33.2465,353.535,0.0167892,85.5343,0.586248,0.00281577,0.153392
1705888372738606372,0.03,3.33333,0.0769759,306413,5475.38,55.9621,523.425,0.0167892,131.698,0.586248,0.00343971,0.147615
1705888372738606372,0.04,2.5,0.0597938,439846,5475.38,80.3316,691.58,0.0167892,177.91,0.586248,0.00391817,0.146901
1705888372838448842,0.0005,200,1,505.793,5595.23,0.0903972,3.05033,0.0961639,0.36215,0.634216,2.12729e-06,0.000269717
1705888372838448842,0.001,100,0.955041,1997.47,5595.23,0.356996,11.4411,0.0961639,1.43384,0.634216,7.97829e-06,0.00100969
1705888372838448842,0.002,50,0.777248,6811.66,5595.23,1.21741,28.5191,0.0961639,4.8815,0.634216,2.04632e-05,0.00248684
1705888372838448842,0.003,33.3333,0.629428,12754.7,5595.23,2.27956,42.7463,0.0961639,9.05812,0.634216,3.07782e-05,0.00369759
1705888372838448842,0.005,20,0.434605,26527.2,5595.23,4.74104,71.5129,0.0961639,18.1688,0.634216,5.08094e-05,0.00610402
1705888372838448842,0.01,10,0.20436,67104.6,5595.23,11.9932,130.931,0.0961639,42.1418,0.634216,9.28421e-05,0.0107109
1705888372838448842,0.02,5,0.103542,162252,5595.23,28.9982,254.565,0.0961639,90.8551,0.634216,0.000172422,0.0193499
1705888372838448842,0.03,3.33333,0.0701635,268282,5595.23,47.9483,380.534,0.0961639,139.739,0.634216,0.000243786,0.0268451
1705888372838448842,0.04,2.5,0.0510899,384290,5595.23,68.6817,506.737,0.0961639,188.666,0.634216,0.000306851,0.0331922
1705888372938288404,0.0005,200,1,584.53,6199.31,0.0942896,3.42099,0.0672646,0.353353,0.695801,0.000182468,0.019962
1705888372938288404,0.001,100,0.963565,2268.08,6199.31,0.36586,12.6111,0.0672646,1.39317,0.695801,0.000634872,0.0634882
1705888372938288404,0.002,50,0.798959,7674.01,6199.31,1.23788,35.189,0.0672646,4.79678,0.695801,0.00147448,0.126985
1705888372938288404,0.003,33.3333,0.624593,14667,6199.31,2.36591,56.9438,0.0672646,9.0141,0.695801,0.00197021,0.156018
1705888372938288404,0.005,20,0.412492,30539.3,6199.31,4.92624,100.783,0.0672646,18.291,0.695801,0.00263501,0.190466
1705888372938288404,0.01,10,0.206897,75332.2,6199.31,12.1517,204.113,0.0672646,42.6796,0.695801,0.00362848,0.236105
1705888372938288404,0.02,5,0.111256,174208,6199.31,28.1012,402.884,0.0672646,92.2057,0.695801,0.00485004,0.275526
1705888372938288404,0.03,3.33333,0.0774236,281404,6199.31,45.3928,607.719,0.0672646,141.906,0.695801,0.00567006,0.289085
1705888372938288404,0.04,2.5,0.0572544,396875,6199.31,64.0192,814.006,0.0672646,191.652,0.695801,0.00625355,0.292045
1705888373038136936,0.0005,200,1,677.391,7757.26,0.0873234,2.0018,0.341539,0.409579,0.925614,1.50312e-05,0.00212509
1705888373038136936,0.001,100,0.955659,2659.81,7757.26,0.34288,7.70509,0.341539,1.62199,0.925614,5.72074e-05,0.00792768
1705888373038136936,0.002,50,0.784714,9298.92,7757.26,1.19874,21.727,0.341539,5.52927,0.925614,0.000154389,0.0202526
1705888373038136936,0.003,33.3333,0.634189,18007.1,7757.26,2.32132,34.5875,0.341539,10.3002,0.925614,0.000231147,0.0287522
1705888373038136936,0.005,20,0.42007,38866.8,7757.26,5.01037,57.8913,0.341539,20.7656,0.925614,0.00033751,0.0385544
1705888373038136936,0.01,10,0.21762,101217,7757.26,13.048,121.165,0.341539,48.255,0.925614,0.00051423,0.0517677
1705888373038136936,0.02,5,0.103851,246391,7757.26,31.7626,247.748,0.341539,104.161,0.925614,0.000755023,0.0648752
1705888373038136936,0.03,3.33333,0.0705951,416069,7757.26,53.6361,377.41,0.341539,160.271,0.925614,0.000928366,0.0732606
1705888373038136936,0.04,2.5,0.054259,608862,7757.26,78.4892,507.495,0.341539,216.431,0.925614,0.00107932,0.0798401
1705888373137965965,0.0005,200,0.999033,1492.83,10952.4,0.136301,5.49898,4.48327,0.677104,1.41785,5.19013e-06,0.000949989
1705888373137965965,0.001,100,0.934751,5814.32,10952.4,0.53087,18.9412,4.48327,2.62531,1.41785,1.79227e-05,0.00324323
1705888373137965965,0.002,50,0.725955,18914.3,10952.4,1.72696,46.1831,4.48327,8.58314,1.41785,4.32368e-05,0.00769779
1705888373137965965,0.003,33.3333,0.567907,34130.4,10952.4,3.11624,73.9185,4.48327,15.6175,1.41785,6.71203e-05,0.0119747
1705888373137965965,0.005,20,0.357177,67214.1,10952.4,6.13692,126.853,4.48327,30.7451,1.41785,0.00010763,0.019325
1705888373137965965,0.01,10,0.176897,158278,10952.4,14.4515,248.942,4.48327,69.9709,1.41785,0.000189058,0.0324194
1705888373137965965,0.02,5,0.0908652,360094,10952.4,32.878,503.381,4.48327,149.341,1.41785,0.000314861,0.0500077
1705888373137965965,0.03,3.33333,0.060899,583627,10952.4,53.2875,763.181,4.48327,228.918,1.41785,0.000412288,0.0606313
1705888373137965965,0.04,2.5,0.0449493,821917,10952.4,75.0443,1028.09,4.48327,308.546,1.41785,0.000494747,0.0676713
1705888373238589655,0.0005,200,0.997713,1571.68,12952.3,0.121343,2.84692,2.17983,0.698395,1.82625,4.13889e-06,0.000447489
1705888373238589655,0.001,100,0.940073,6104.68,12952.3,0.471319,9.32856,2.17983,2.67667,1.82625,1.42088e-05,0.00143695
1705888373238589655,0.002,50,0.738792,20894.4,12952.3,1.61317,22.2403,2.17983,8.72936,1.82625,3.69082e-05,0.00327183
1705888373238589655,0.003,33.3333,0.569533,40125.8,12952.3,3.09796,36.8536,2.17983,15.9317,1.82625,5.78578e-05,0.00537752
1705888373238589655,0.005,20,0.371455,85490.7,12952.3,6.60041,65.9706,2.17983,31.44,1.82625,9.9032e-05,0.00917137
1705888373238589655,0.01,10,0.194876,216876,12952.3,16.7442,136.034,2.17983,71.6987,1.82625,0.000189534,0.016665
1705888373238589655,0.02,5,0.102013,511399,12952.3,39.4832,276.004,2.17983,153.232,1.82625,0.000359342,0.0269288
1705888373238589655,0.03,3.33333,0.0677036,835047,12952.3,64.4708,419.584,2.17983,235,1.82625,0.00052734,0.0343985
1705888373238589655,0.04,2.5,0.0535224,1.18399e+06,12952.3,91.4114,568.881,2.17983,316.828,1.82625,0.000690867,0.0409002
1705888373338427903,0.0005,200,0.995953,1568.7,14205.9,0.110426,3.86175,1.73932,0.768359,2.03556,2.3506e-06,0.000446709
1705888373338427903,0.001,100,0.929406,5887.45,14205.9,0.414438,11.3086,1.73932,2.89757,2.03556,6.79335e-06,0.00130094
1705888373338427903,0.002,50,0.740558,19588.1,14205.9,1.37888,24.7399,1.73932,9.20835,2.03556,1.42776e-05,0.00280007
1705888373338427903,0.003,33.3333,0.582734,36907.7,14205.9,2.59806,36.3147,1.73932,16.649,2.03556,2.05569e-05,0.00401688
1705888373338427903,0.005,20,0.38804,76005.6,14205.9,5.3503,56.1571,1.73932,32.6398,2.03556,3.06039e-05,0.00593694
1705888373338427903,0.01,10,0.196493,187388,14205.9,13.1909,105.011,1.73932,74.2288,2.03556,5.11298e-05,0.00996165
1705888373338427903,0.02,5,0.0908273,445493,14205.9,31.3598,205.866,1.73932,158.535,2.03556,8.83369e-05,0.0158173
1705888373338427903,0.03,3.33333,0.0566547,721791,14205.9,50.8094,315.487,1.73932,243.087,2.03556,0.000125421,0.0202429
1705888373338427903,0.04,2.5,0.0445144,1.01126e+06,14205.9,71.1862,425.885,1.73932,327.693,2.03556,0.000159894,0.0233091
1705888373438262313,0.0005,200,0.997235,1743.19,15708.4,0.110972,5.34674,0.0765532,0.761094,2.39425,0.000117865,0.013244
1705888373438262313,0.001,100,0.932258,6717.98,15708.4,0.42767,17.7059,0.0765532,2.90515,2.39425,0.000380291,0.0371514
1705888373438262313,0.002,50,0.716129,21895.1,15708.4,1.39385,43.275,0.0765532,9.3734,2.39425,0.00084017,0.0627545
1705888373438262313,0.003,33.3333,0.552995,39804.2,15708.4,2.53395,68.0574,0.0765532,16.952,2.39425,0.00119949,0.0760185
1705888373438262313,0.005,20,0.371429,80856.2,15708.4,5.14734,114.577,0.0765532,33.1431,2.39425,0.00176335,0.0863198
1705888373438262313,0.01,10,0.186175,202044,15708.4,12.8622,232.51,0.0765532,75.1007,2.39425,0.00291548,0.0941104
1705888373438262313,0.02,5,0.0889401,487392,15708.4,31.0276,460.669,0.0765532,160.089,2.39425,0.00436114,0.0877003
1705888373438262313,0.03,3.33333,0.0562212,813163,15708.4,51.7663,697.26,0.0765532,245.313,2.39425,0.00526472,0.0850921
1705888373438262313,0.04,2.5,0.0410138,1.17209e+06,15708.4,74.6158,929.121,0.0765532,330.593,2.39425,0.00597107,0.0876723
1705888373538104249,0.0005,200,0.999533,1700.09,17065.4,0.099622,4.40656,3.80803,0.741711,2.85001,1.90594e-06,0.000258859
1705888373538104249,0.001,100,0.926738,6473.41,17065.4,0.379329,14.7679,3.80803,2.84204,2.85001,6.51748e-06,0.000860951
1705888373538104249,0.002,50,0.727018,20965.2,17065.4,1.22852,36.9687,3.80803,9.16447,2.85001,1.68989e-05,0.00211303
1705888373538104249,0.003,33.3333,0.55203,38439.4,17065.4,2.25247,56.1095,3.80803,16.6409,2.85001,2.63654e-05,0.00313368
1705888373538104249,0.005,20,0.350443,76956.7,17065.4,4.5095,96.0898,3.80803,32.6688,2.85001,4.47117e-05,0.00517698
1705888373538104249,0.01,10,0.169389,187631,17065.4,10.9948,203.146,3.80803,74.1746,2.85001,8.86242e-05,0.00999206
1705888373538104249,0.02,5,0.0886608,442396,17065.4,25.9235,404.649,3.80803,158.132,2.85001,0.000161955,0.0164127
1705888373538104249,0.03,3.33333,0.0615959,734536,17065.4,43.0423,609.82,3.80803,242.291,2.85001,0.00022631,0.0204768
1705888373538104249,0.04,2.5,0.0424638,1.05892e+06,17065.4,62.0507,812.863,3.80803,326.506,2.85001,0.000284392,0.0227636
1705888373637949719,0.0005,200,0.99592,1951.25,18131,0.107619,2.85256,1.5516,0.865164,2.95941,2.84047e-05,0.0024418
1705888373637949719,0.001,100,0.912965,7331.23,18131,0.404347,10.6675,1.5516,3.24064,2.95941,0.000104468,0.00844026
1705888373637949719,0.002,50,0.728921,23540.1,18131,1.29833,25.3977,1.5516,10.0434,2.95941,0.000269746,0.0157931
1705888373637949719,0.003,33.3333,0.573889,43590.8,18131,2.40421,42.3392,1.5516,17.9341,2.95941,0.000422512,0.0215204
1705888373637949719,0.005,20,0.372167,90108.2,18131,4.96983,72.7292,1.5516,34.8173,2.95941,0.000685823,0.0249982
1705888373637949719,0.01,10,0.187217,226160,18131,12.4736,152.174,1.5516,78.592,2.95941,0.00126272,0.0253472
1705888373637949719,0.02,5,0.0888486,545839,18131,30.1052,300.426,1.5516,167.22,2.95941,0.00213674,0.0167557
1705888373637949719,0.03,3.33333,0.057117,895342,18131,49.3817,448.489,1.5516,256.076,2.95941,0.00283548,0.00960241
1705888373637949719,0.04,2.5,0.0453309,1.25347e+06,18131,69.134,602.762,1.5516,344.981,2.95941,0.00339532,0.00809484
1705888373738579439,0.0005,200,0.996883,2240.03,17476.7,0.128172,5.68823,0.0629209,0.777652,2.57046,0.000345114,0.0232449
1705888373738579439,0.001,100,0.9252,8673.85,17476.7,0.496309,20.2869,0.0629209,2.93215,2.57046,0.00105368,0.0549271
1705888373738579439,0.002,50,0.74577,28856.8,17476.7,1.65116,53.2783,0.0629209,9.30288,2.57046,0.00219351,0.0657866
1705888373738579439,0.003,33.3333,0.586376,54403,17476.7,3.11289,89.3592,0.0629209,16.8316,2.57046,0.00310336,0.0623558
1705888373738579439,0.005,20,0.378896,113303,17476.7,6.48312,158.788,0.0629209,33.0497,2.57046,0.00462819,0.0522663
1705888373738579439,0.01,10,0.186999,281178,17476.7,16.0888,339.709,0.0629209,75.2119,2.57046,0.00728503,0.0801608
1705888373738579439,0.02,5,0.0952805,665977,17476.7,38.1066,703.461,0.0629209,160.579,2.57046,0.00960763,0.127847
1705888373738579439,0.03,3.33333,0.0650045,1.09389e+06,17476.7,62.5915,1067.78,0.0629209,246.177,2.57046,0.0105856,0.148834
1705888373738579439,0.04,2.5,0.0494212,1.55426e+06,17476.7,88.9334,1427.78,0.0629209,331.833,2.57046,0.0109142,0.157838
1705888373838419593,0.0005,200,0.997825,2504.19,17460.2,0.143423,3.43278,0.651198,0.819739,2.50024,9.44711e-06,0.00145107
1705888373838419593,0.001,100,0.928665,9647.28,17460.2,0.552528,10.9206,0.651198,3.09274,2.50024,3.01649e-05,0.0044272
1705888373838419593,0.002,50,0.727273,31287.6,17460.2,1.79193,22.0179,0.651198,9.81971,2.50024,6.50811e-05,0.00802068
1705888373838419593,0.003,33.3333,0.563288,57988.8,17460.2,3.32119,35.1577,0.651198,17.7064,2.50024,0.000101884,0.0115539
1705888373838419593,0.005,20,0.396259,119079,17460.2,6.82003,61.1458,0.651198,34.5202,2.50024,0.000174258,0.0167094
1705888373838419593,0.01,10,0.207916,300867,17460.2,17.2316,131.646,0.651198,78.1331,2.50024,0.000372404,0.0241421
1705888373838419593,0.02,5,0.110483,721334,17460.2,41.313,259.567,0.651198,166.52,2.50024,0.000739031,0.03038
1705888373838419593,0.03,3.33333,0.0704654,1.1851e+06,17460.2,67.8745,386.365,0.651198,255.192,2.50024,0.00103231,0.0346793
1705888373838419593,0.04,2.5,0.0504567,1.67384e+06,17460.2,95.8656,521.591,0.651198,343.934,2.50024,0.00128121,0.0379216
1705888373938256525,0.0005,200,0.997442,2622.13,17506.2,0.149783,0.967744,1.47331,0.81796,2.51298,6.64201e-06,0.000342493
1705888373938256525,0.001,100,0.93393,10090.2,17506.2,0.57638,4.20193,1.47331,3.09045,2.51298,2.04572e-05,0.0017245
1705888373938256525,0.002,50,0.731458,33842.9,17506.2,1.93319,18.7318,1.47331,9.85393,2.51298,6.21625e-05,0.00724191
1705888373938256525,0.003,33.3333,0.5763,63438,17506.2,3.62374,34.6167,1.47331,17.785,2.51298,0.000103806,0.0119029
1705888373938256525,0.005,20,0.387042,134509,17506.2,7.6835,61.0651,1.47331,34.7637,2.51298,0.000177181,0.0168726
1705888373938256525,0.01,10,0.20844,345664,17506.2,19.7452,130.611,1.47331,78.8337,2.51298,0.000310571,0.0233222
1705888373938256525,0.02,5,0.105712,857615,17506.2,48.9892,273.602,1.47331,168.147,2.51298,0.000540868,0.028482
1705888373938256525,0.03,3.33333,0.07289,1.39178e+06,17506.2,79.502,419.285,1.47331,257.73,2.51298,0.000753536,0.031468
1705888373938256525,0.04,2.5,0.0532822,1.9355e+06,17506.2,110.561,568.526,1.47331,347.381,2.51298,0.000925883,0.0333991
1705888374038114462,0.0005,200,0.997383,2391.04,16227,0.147349,2.90958,0.00198996,0.826407,2.2227,0.000187621,0.011718
1705888374038114462,0.001,100,0.923245,9221.39,16227,0.568275,10.2169,0.00198996,3.10428,2.2227,0.000631009,0.030207
1705888374038114462,0.002,50,0.731792,30276.7,16227,1.86582,22.8102,0.00198996,9.79472,2.2227,0.00145214,0.0503127
1705888374038114462,0.003,33.3333,0.574793,56801.6,16227,3.50044,31.1239,0.00198996,17.6286,2.2227,0.00204017,0.0536707
1705888374038114462,0.005,20,0.390754,117844,16227,7.26226,47.602,0.00198996,34.3863,2.2227,0.00291591,0.0592007
1705888374038114462,0.01,10,0.208897,293538,16227,18.0895,86.2399,0.00198996,77.8644,2.2227,0.00430259,0.0612263
1705888374038114462,0.02,5,0.105539,717855,16227,44.2384,160.56,0.00198996,165.956,2.2227,0.00574799,0.0714958
1705888374038114462,0.03,3.33333,0.0723942,1.18028e+06,16227,72.7359,234.212,0.00198996,254.315,2.2227,0.00643191,0.079371
1705888374038114462,0.04,2.5,0.0536415,1.66842e+06,16227,102.818,309.631,0.00198996,342.74,2.2227,0.0067071,0.0836499
1705888374137954614,0.0005,200,0.996054,2367.02,15141,0.156331,1.3842,1.83391,0.800152,2.08629,7.27741e-07,7.04876e-05
1705888374137954614,0.001,100,0.92854,9167.99,15141,0.605506,4.45522,1.83391,3.00334,2.08629,2.09398e-06,0.000234246
1705888374137954614,0.002,50,0.739149,31801.8,15141,2.10037,8.58799,1.83391,9.49017,2.08629,4.49636e-06,0.000430283
1705888374137954614,0.003,33.3333,0.586146,61755.7,15141,4.07869,9.5212,1.83391,17.11,2.08629,5.88302e-06,0.000436721
1705888374137954614,0.005,20,0.402017,137622,15141,9.08932,17.27,1.83391,33.4412,2.08629,1.03822e-05,0.000765487
1705888374137954614,0.01,10,0.216572,394395,15141,26.0481,35.996,1.83391,75.8667,2.08629,2.12996e-05,0.00142012
1705888374137954614,0.02,5,0.108286,1.15595e+06,15141,76.3451,95.497,1.83391,161.875,2.08629,3.96952e-05,0.00338286
1705888374137954614,0.03,3.33333,0.0758439,2.22377e+06,15141,146.871,149.43,1.83391,248.153,2.08629,5.60802e-05,0.00459927
1705888374137954614,0.04,2.5,0.0604998,3.59961e+06,15141,237.739,197.871,1.83391,334.498,2.08629,7.16229e-05,0.00540081
1705888374238583395,0.0005,200,0.99824,2391.95,14570.8,0.164161,3.4187,0.00238681,0.780891,1.97338,0.000938837,0.0313963
1705888374238583395,0.001,100,0.927849,9329.74,14570.8,0.640304,12.3953,0.00238681,2.98322,1.97338,0.00254123,0.0976787
1705888374238583395,0.002,50,0.720194,30415.2,14570.8,2.08741,28.6358,0.00238681,9.59274,1.97338,0.00453521,0.156838
1705888374238583395,0.003,33.3333,0.565332,56427,14570.8,3.87261,45.4094,0.00238681,17.3359,1.97338,0.00551986,0.166941
1705888374238583395,0.005,20,0.391993,116403,14570.8,7.9888,77.4208,0.00238681,33.8509,1.97338,0.00620052,0.169143
1705888374238583395,0.01,10,0.217334,294400,14570.8,20.2048,154.619,0.00238681,76.6422,1.97338,0.00557244,0.145369
1705888374238583395,0.02,5,0.108227,706672,14570.8,48.4992,311.701,0.00238681,163.391,1.97338,0.0050512,0.128849
1705888374238583395,0.03,3.33333,0.074791,1.1683e+06,14570.8,80.1813,460.539,0.00238681,250.407,1.97338,0.00483527,0.121755
1705888374238583395,0.04,2.5,0.0576331,1.66938e+06,14570.8,114.571,614.505,0.00238681,337.491,1.97338,0.00471643,0.118155
1705888374338423308,0.0005,200,0.999566,2246.18,13657,0.16447,2.95435,0.0396004,0.642156,1.67764,0.000331968,0.0168174
1705888374338423308,0.001,100,0.950521,8803.91,13657,0.644643,9.77538,0.0396004,2.49768,1.67764,0.000649724,0.0405366
1705888374338423308,0.002,50,0.761719,29790.1,13657,2.1813,24.553,0.0396004,8.32614,1.67764,0.000720672,0.0573934
1705888374338423308,0.003,33.3333,0.594618,55851.2,13657,4.08956,38.1148,0.0396004,15.3379,1.67764,0.00102719,0.0625421
1705888374338423308,0.005,20,0.41276,117050,13657,8.5707,59.5888,0.0396004,30.4612,1.67764,0.00182068,0.0694169
1705888374338423308,0.01,10,0.220052,294292,13657,21.5487,123.758,0.0396004,69.9257,1.67764,0.00338066,0.0911927
1705888374338423308,0.02,5,0.112413,686596,13657,50.2741,250.744,0.0396004,150.072,1.67764,0.00539113,0.119452
1705888374338423308,0.03,3.33333,0.078125,1.10644e+06,13657,81.0163,380.029,0.0396004,230.494,1.67764,0.00660749,0.13711
1705888374338423308,0.04,2.5,0.0598958,1.55626e+06,13657,113.953,509.264,0.0396004,310.982,1.67764,0.00750013,0.14982
1705888374438256573,0.0005,200,1,2015.58,13082.4,0.154068,1.19308,13.1692,0.570122,1.55461,5.42457e-07,8.59049e-05
1705888374438256573,0.001,100,0.957276,7883.03,13082.4,0.60257,4.62787,13.1692,2.22496,1.55461,2.1708e-06,0.000332749
1705888374438256573,0.002,50,0.773031,27273.4,13082.4,2.08475,19.2851,13.1692,7.51157,1.55461,9.16834e-06,0.00136889
1705888374438256573,0.003,33.3333,0.615042,51193.5,13082.4,3.91317,35.5375,13.1692,13.9403,1.55461,1.66369e-05,0.00248487
1705888374438256573,0.005,20,0.417445,106626,13082.4,8.15034,66.3486,13.1692,27.9148,1.55461,3.05463e-05,0.00448157
1705888374438256573,0.01,10,0.238095,269002,13082.4,20.5622,148.312,13.1692,64.4514,1.55461,6.41806e-05,0.0091288
1705888374438256573,0.02,5,0.12105,648940,13082.4,49.6042,302.323,13.1692,138.788,1.55461,0.000115064,0.0156069
1705888374438256573,0.03,3.33333,0.0792167,1.07522e+06,13082.4,82.1885,450.501,13.1692,213.428,1.55461,0.00015233,0.0202778
1705888374438256573,0.04,2.5,0.0583,1.53455e+06,13082.4,117.299,600.414,13.1692,288.145,1.55461,0.00018288,0.0240656
1705888374538098683,0.0005,200,0.999059,1661.64,12484.8,0.133093,1.8053,0.640836,0.532451,1.5293,2.33338e-06,0.000387927
1705888374538098683,0.001,100,0.957197,6468.11,12484.8,0.518078,7.3172,0.640836,2.08151,1.5293,8.51638e-06,0.00156481
1705888374538098683,0.002,50,0.784572,22595.4,12484.8,1.80983,22.7817,0.640836,7.04356,1.5293,2.12522e-05,0.00476685
1705888374538098683,0.003,33.3333,0.613829,42558.9,12484.8,3.40885,37.7965,0.640836,13.1007,1.5293,3.3006e-05,0.0076394
1705888374538098683,0.005,20,0.419567,87824.6,12484.8,7.03451,62.4083,0.640836,26.2849,1.5293,4.99026e-05,0.011739
1705888374538098683,0.01,10,0.235183,221051,12484.8,17.7056,119.786,0.640836,60.7903,1.5293,8.13165e-05,0.0188233
1705888374538098683,0.02,5,0.112888,541201,12484.8,43.3487,236.109,0.640836,130.965,1.5293,0.000137093,0.0276413
1705888374538098683,0.03,3.33333,0.0809031,886336,12484.8,70.9931,348.026,0.640836,201.406,1.5293,0.000190567,0.0322749
1705888374538098683,0.04,2.5,0.0620884,1.2545e+06,12484.8,100.482,460.694,0.640836,271.913,1.5293,0.000241103,0.0356025
1705888374637940657,0.0005,200,1,1519.38,11638.5,0.130548,1.89098,0.14709,0.535592,1.42554,5.01383e-05,0.00576985
1705888374637940657,0.001,100,0.950073,5890.82,11638.5,0.506149,7.31119,0.14709,2.08483,1.42554,0.000168456,0.0189138
1705888374637940657,0.002,50,0.779736,20201.3,11638.5,1.73573,19.8015,0.14709,6.93814,1.42554,0.000329496,0.0357382
1705888374637940657,0.003,33.3333,0.627998,38480.9,11638.5,3.30635,35.2546,0.14709,12.8285,1.42554,0.000445248,0.045743
1705888374637940657,0.005,20,0.413607,80018.1,11638.5,6.87529,61.0519,0.14709,25.6647,1.42554,0.000601445,0.0530772
1705888374637940657,0.01,10,0.232012,205000,11638.5,17.614,118.442,0.14709,59.2134,1.42554,0.000967044,0.0595558
1705888374637940657,0.02,5,0.119432,489914,11638.5,42.0942,233.598,0.14709,127.418,1.42554,0.00156027,0.0625552
1705888374637940657,0.03,3.33333,0.0797846,786270,11638.5,67.5576,352.343,0.14709,195.893,1.42554,0.00209556,0.058927
1705888374637940657,0.04,2.5,0.061674,1.10006e+06,11638.5,94.519,464.038,0.14709,264.437,1.42554,0.00256758,0.0566221
1705888374738576363,0.0005,200,0.999496,1498.84,10732.1,0.13966,0.856494,8.67796,0.510963,1.14048,7.37582e-07,6.86716e-05
1705888374738576363,0.001,100,0.956127,5788.11,10732.1,0.539329,3.43242,8.67796,1.99166,1.14048,2.75072e-06,0.000280966
1705888374738576363,0.002,50,0.773575,19208,10732.1,1.78978,13.1333,8.67796,6.68614,1.14048,1.006e-05,0.00106714
1705888374738576363,0.003,33.3333,0.623802,36412.8,10732.1,3.39291,23.4876,8.67796,12.3519,1.14048,1.73788e-05,0.00188979
1705888374738576363,0.005,20,0.430156,76593.5,10732.1,7.13689,42.0547,8.67796,24.6537,1.14048,3.01823e-05,0.00329083
1705888374738576363,0.01,10,0.244075,195154,10732.1,18.1842,87.6478,8.67796,56.8451,1.14048,5.91429e-05,0.00633284
1705888374738576363,0.02,5,0.130106,482592,10732.1,44.9673,186.919,8.67796,122.333,1.14048,0.00011049,0.0115425
1705888374738576363,0.03,3.33333,0.089763,821886,10732.1,76.5824,281.145,8.67796,188.083,1.14048,0.00015351,0.0152302
1705888374738576363,0.04,2.5,0.068583,1.20146e+06,10732.1,111.951,382.2,8.67796,253.902,1.14048,0.000194821,0.0184969
1705888374838423717,0.0005,200,1,1683.13,10066.9,0.167194,1.21615,0.0458299,0.462492,1.15395,0.000480429,0.0195472
1705888374838423717,0.001,100,0.959917,6633.11,10066.9,0.658901,4.59585,0.0458299,1.80374,1.15395,0.00133628,0.0496074
1705888374838423717,0.002,50,0.786049,21519.1,10066.9,2.1376,14.5127,0.0458299,6.10766,1.15395,0.00267983,0.0785618
1705888374838423717,0.003,33.3333,0.644456,40039.1,10066.9,3.97729,25.7064,0.0458299,11.3417,1.15395,0.00341144,0.09424
1705888374838423717,0.005,20,0.44404,83905.5,10066.9,8.33477,52.2234,0.0458299,22.7806,1.15395,0.00425277,0.103017
1705888374838423717,0.01,10,0.25039,214022,10066.9,21.26,112.737,0.0458299,52.8041,1.15395,0.00544942,0.0950203
1705888374838423717,0.02,5,0.13899,538061,10066.9,53.4484,207.578,0.0458299,113.894,1.15395,0.00686349,0.100322
1705888374838423717,0.03,3.33333,0.0957834,899555,10066.9,89.3575,302.753,0.0458299,175.254,1.15395,0.00783865,0.112784
1705888374838423717,0.04,2.5,0.074961,1.30226e+06,10066.9,129.36,401.72,0.0458299,236.683,1.15395,0.00864223,0.124976
1705888374938257472,0.0005,200,1,1520.8,9416.71,0.1615,1.07154,0.186849,0.487528,1.10155,5.46153e-05,0.00429266
1705888374938257472,0.001,100,0.957091,5947.61,9416.71,0.631602,2.50691,0.186849,1.90118,1.10155,0.000151832,0.0120356
1705888374938257472,0.002,50,0.782313,20439,9416.71,2.1705,7.65078,0.186849,6.39816,1.10155,0.000351375,0.02068
1705888374938257472,0.003,33.3333,0.616954,39264,9416.71,4.16961,17.9393,0.186849,11.8565,1.10155,0.000573579,0.0321875
1705888374938257472,0.005,20,0.425432,85613.1,9416.71,9.09161,36.2051,0.186849,23.7352,1.10155,0.000947897,0.0380511
1705888374938257472,0.01,10,0.234956,228554,9416.71,24.2711,81.2024,0.186849,54.8612,1.10155,0.0017327,0.0399107
1705888374938257472,0.02,5,0.121402,604053,9416.71,64.1469,159.909,0.186849,118.129,1.10155,0.0030686,0.0541749
1705888374938257472,0.03,3.33333,0.0811094,1.06609e+06,9416.71,113.213,230.203,0.186849,181.646,1.10155,0.00402021,0.069691
1705888374938257472,0.04,2.5,0.0612245,1.61387e+06,9416.71,171.384,297.543,0.186849,245.229,1.10155,0.00474119,0.0835
1705888375038096140,0.0005,200,0.999468,1238.21,8918.31,0.138839,2.01121,1.42965,0.431843,1.03401,4.92723e-06,0.00061375
1705888375038096140,0.001,100,0.966454,4830.98,8918.31,0.541692,7.78114,1.42965,1.68444,1.03401,1.91577e-05,0.00233271
1705888375038096140,0.002,50,0.802449,16807.9,8918.31,1.88465,20.9566,1.42965,5.75401,1.03401,5.07148e-05,0.00599272
1705888375038096140,0.003,33.3333,0.629393,31526,8918.31,3.53497,31.9135,1.42965,10.7981,1.03401,7.51823e-05,0.00868402
1705888375038096140,0.005,20,0.429712,65518,8918.31,7.34646,57.4289,1.42965,21.8219,1.03401,0.000121217,0.0140831
1705888375038096140,0.01,10,0.253461,167667,8918.31,18.8003,118.453,1.42965,50.6962,1.03401,0.000204079,0.0229266
1705888375038096140,0.02,5,0.142173,412884,8918.31,46.2962,221.647,1.42965,109.458,1.03401,0.000295405,0.0296569
1705888375038096140,0.03,3.33333,0.0979766,679630,8918.31,76.2061,321.769,1.42965,168.492,1.03401,0.000365811,0.033395
1705888375038096140,0.04,2.5,0.0734824,961352,8918.31,107.795,420.747,1.42965,227.599,1.03401,0.000434748,0.0365082
1705888375137934309,0.0005,200,0.999468,1231.08,8417.35,0.146255,1.73482,0.363127,0.404757,1.01114,1.35637e-05,0.0016208
1705888375137934309,0.001,100,0.969133,4812.81,8417.35,0.571773,6.3128,0.363127,1.59202,1.01114,4.80055e-05,0.00573828
1705888375137934309,0.002,50,0.806812,16403.7,8417.35,1.9488,16.8284,0.363127,5.50513,1.01114,0.000112466,0.01382
1705888375137934309,0.003,33.3333,0.657797,31466.5,8417.35,3.73829,27.8713,0.363127,10.3537,1.01114,0.000167974,0.0203398
1705888375137934309,0.005,20,0.450772,66530.7,8417.35,7.904,45.1313,0.363127,21.0501,1.01114,0.000237212,0.0278997
1705888375137934309,0.01,10,0.236296,169538,8417.35,20.1415,87.2293,0.363127,49.2642,1.01114,0.000354897,0.0418298
1705888375137934309,0.02,5,0.127728,417746,8417.35,49.6292,157.648,0.363127,106.718,1.01114,0.000495631,0.0558321
1705888375137934309,0.03,3.33333,0.0926024,700652,8417.35,83.2391,224.784,0.363127,164.41,1.01114,0.000608847,0.0620154
1705888375137934309,0.04,2.5,0.0750399,1.0089e+06,8417.35,119.86,290.345,0.363127,222.17,1.01114,0.000702103,0.0643503
1705888375238579176,0.0005,200,0.999464,1378.65,8331.02,0.165484,1.33526,0.00114331,0.426472,1.07245,0.00471127,0.0725521
1705888375238579176,0.001,100,0.96463,5326.66,8331.02,0.639377,5.10686,0.00114331,1.66436,1.07245,0.00908518,0.134272
1705888375238579176,0.002,50,0.803323,18188.3,8331.02,2.1832,12.7198,0.00114331,5.68625,1.07245,0.0102969,0.155256
1705888375238579176,0.003,33.3333,0.642551,34092.9,8331.02,4.09229,22.7259,0.00114331,10.677,1.07245,0.0111571,0.1628
1705888375238579176,0.005,20,0.437299,70019.5,8331.02,8.40468,47.0542,0.00114331,21.6413,1.07245,0.0114441,0.166306
1705888375238579176,0.01,10,0.233119,174011,8331.02,20.8871,91.1825,0.00114331,50.4524,1.07245,0.0108318,0.161652
1705888375238579176,0.02,5,0.125938,418397,8331.02,50.2216,194.196,0.00114331,109.065,1.07245,0.0112079,0.168354
1705888375238579176,0.03,3.33333,0.0825295,682511,8331.02,81.9241,295.224,0.00114331,167.934,1.07245,0.0117205,0.179136
1705888375238579176,0.04,2.5,0.0605573,957683,8331.02,114.954,394.536,0.00114331,226.866,1.07245,0.0121957,0.188695
1705888375338414470,0.0005,200,1,1215.34,8133.58,0.149422,1.7295,0.165963,0.426884,1.07102,8.69695e-07,0.00014148
1705888375338414470,0.001,100,0.964744,4766.84,8133.58,0.586069,6.90791,0.165963,1.6786,1.07102,3.57443e-06,0.000561367
1705888375338414470,0.002,50,0.802885,15968.5,8133.58,1.96328,21.1762,0.165963,5.72938,1.07102,1.12544e-05,0.00169712
1705888375338414470,0.003,33.3333,0.630876,30348.1,8133.58,3.7312,33.8171,0.165963,10.7095,1.07102,1.79653e-05,0.00267431
1705888375338414470,0.005,20,0.459936,64979.4,8133.58,7.98902,53.0465,0.165963,21.5746,1.07102,2.68972e-05,0.00409325
1705888375338414470,0.01,10,0.253205,169652,8133.58,20.8582,104.846,0.165963,50.1704,1.07102,4.98624e-05,0.0075128
1705888375338414470,0.02,5,0.13515,425271,8133.58,52.2858,206.899,0.165963,108.453,1.07102,8.91029e-05,0.0128293
1705888375338414470,0.03,3.33333,0.0902778,705076,8133.58,86.6871,306.629,0.165963,167.003,1.07102,0.000119984,0.0168154
1705888375338414470,0.04,2.5,0.0683761,992904,8133.58,122.075,403.172,0.165963,225.62,1.07102,0.000144297,0.020073
1705888375438256932,0.0005,200,1,1045.54,8023.13,0.130316,1.76445,0.130801,0.415147,1.01409,7.19669e-05,0.00613381
1705888375438256932,0.001,100,0.965983,4123.96,8023.13,0.514009,7.05209,0.130801,1.62756,1.01409,0.000238991,0.022121
1705888375438256932,0.002,50,0.799676,14451.5,8023.13,1.80123,22.8009,0.130801,5.58391,1.01409,0.000558328,0.0511939
1705888375438256932,0.003,33.3333,0.645788,27829.1,8023.13,3.46861,39.4566,0.130801,10.4764,1.01409,0.000824083,0.0636946
1705888375438256932,0.005,20,0.437905,57826.4,8023.13,7.20746,69.204,0.130801,21.2262,1.01409,0.00116829,0.0700174
1705888375438256932,0.01,10,0.24784,142151,8023.13,17.7176,140.381,0.130801,49.4568,1.01409,0.00182846,0.0723051
1705888375438256932,0.02,5,0.144168,345585,8023.13,43.0736,284.693,0.130801,106.88,1.01409,0.00269898,0.0780286
1705888375438256932,0.03,3.33333,0.104752,581900,8023.13,72.5278,416.666,0.130801,164.554,1.01409,0.00339312,0.0865015
1705888375438256932,0.04,2.5,0.0761339,837833,8023.13,104.427,546.093,0.130801,222.304,1.01409,0.00399264,0.0954415
1705888375538097148,0.0005,200,1,1157.81,8100.82,0.142925,1.00066,0.946962,0.427381,1.33179,3.07602e-06,0.000426161
1705888375538097148,0.001,100,0.958132,4535.75,8100.82,0.559913,3.18273,0.946962,1.66467,1.33179,1.04487e-05,0.00130508
1705888375538097148,0.002,50,0.812131,15819,8100.82,1.95276,7.65323,0.946962,5.58487,1.33179,2.72582e-05,0.00291931
1705888375538097148,0.003,33.3333,0.665593,30738.9,8100.82,3.79455,11.616,0.946962,10.4016,1.33179,3.76619e-05,0.0042989
1705888375538097148,0.005,20,0.457864,66933.8,8100.82,8.2626,21.1275,0.946962,21.0076,1.33179,4.58063e-05,0.00729363
1705888375538097148,0.01,10,0.256575,179853,8100.82,22.2019,33.6646,0.946962,48.9873,1.33179,8.25686e-05,0.00880135
1705888375538097148,0.02,5,0.126677,453839,8100.82,56.0238,59.3839,0.946962,106.077,1.33179,0.000158492,0.0107761
1705888375538097148,0.03,3.33333,0.0842727,776739,8100.82,95.884,96.5371,0.946962,163.444,1.33179,0.000215901,0.0125716
1705888375538097148,0.04,2.5,0.0606549,1.13492e+06,8100.82,140.1,142.476,0.946962,220.879,1.33179,0.000271354,0.01339
1705888375637945064,0.0005,200,1,1095.8,7945.78,0.13791,1.14629,0.16949,0.41875,1.09142,3.79919e-05,0.00743803
1705888375637945064,0.001,100,0.961207,4305.9,7945.78,0.54191,4.26094,0.16949,1.63471,1.09142,0.000181882,0.022705
1705888375637945064,0.002,50,0.800647,14837.7,7945.78,1.86737,14.3836,0.16949,5.55498,1.09142,0.000572506,0.0456753
1705888375637945064,0.003,33.3333,0.648168,28078.7,7945.78,3.53378,24.3069,0.16949,10.4142,1.09142,0.000761806,0.0600017
1705888375637945064,0.005,20,0.454741,58897.4,7945.78,7.41241,44.624,0.16949,21.0752,1.09142,0.000929161,0.0763443
1705888375637945064,0.01,10,0.253772,148097,7945.78,18.6384,99.4398,0.16949,49.1322,1.09142,0.00137905,0.0915725
1705888375637945064,0.02,5,0.135237,358459,7945.78,45.1131,208.65,0.16949,106.304,1.09142,0.00241391,0.0901319
1705888375637945064,0.03,3.33333,0.0926724,598429,7945.78,75.3141,308.091,0.16949,163.733,1.09142,0.00326981,0.0886007
1705888375637945064,0.04,2.5,0.0721983,863806,7945.78,108.713,406.091,0.16949,221.228,1.09142,0.0040082,0.0911051
1705888375738582622,0.0005,200,1,1027.7,7403.69,0.138809,2.08013,0.117793,0.386228,1.03105,2.62683e-06,0.000458667
1705888375738582622,0.001,100,0.965129,4040.79,7403.69,0.54578,7.91308,0.117793,1.52303,1.03105,9.87866e-06,0.00172896
1705888375738582622,0.002,50,0.808774,14031,7403.69,1.89513,19.2958,0.117793,5.24481,1.03105,2.32464e-05,0.00409721
1705888375738582622,0.003,33.3333,0.647919,26631.8,7403.69,3.5971,31.6875,0.117793,9.87088,1.03105,3.72738e-05,0.00649625
1705888375738582622,0.005,20,0.44207,55750.9,7403.69,7.53016,55.8549,0.117793,20.058,1.03105,6.18244e-05,0.010612
1705888375738582622,0.01,10,0.246344,141740,7403.69,19.1445,115.052,0.117793,46.8764,1.03105,0.000108378,0.0181068
1705888375738582622,0.02,5,0.128234,349380,7403.69,47.19,222.612,0.117793,101.519,1.03105,0.000164555,0.024824
1705888375738582622,0.03,3.33333,0.0832396,581549,7403.69,78.5486,333.229,0.117793,156.406,1.03105,0.000215169,0.0279174
1705888375738582622,0.04,2.5,0.0658043,841262,7403.69,113.627,446.877,0.117793,211.348,1.03105,0.000265404,0.0293283
1705888375838441888,0.0005,200,0.99942,867.439,6847.7,0.126676,2.10646,0.00474933,0.379942,0.985195,0.000819666,0.0330707
1705888375838441888,0.001,100,0.966937,3432.09,6847.7,0.501202,7.59974,0.00474933,1.48766,0.985195,0.00208556,0.0698518
1705888375838441888,0.002,50,0.806845,12017.9,6847.7,1.75503,20.1235,0.00474933,5.09194,0.985195,0.00412847,0.0748383
1705888375838441888,0.003,33.3333,0.645012,22915.6,6847.7,3.34646,34.04,0.00474933,9.57267,0.985195,0.00540145,0.0954173
1705888375838441888,0.005,20,0.444896,48165.3,6847.7,7.03379,57.815,0.00474933,19.4135,0.985195,0.00742091,0.141909
1705888375838441888,0.01,10,0.25348,120976,6847.7,17.6667,115.52,0.00474933,45.2954,0.985195,0.010521,0.204399
1705888375838441888,0.02,5,0.133411,292234,6847.7,42.6761,234.226,0.00474933,98.0598,0.985195,0.0148907,0.28274
1705888375838441888,0.03,3.33333,0.0951276,485922,6847.7,70.9612,347.995,0.00474933,151.056,0.985195,0.0185178,0.344089
1705888375838441888,0.04,2.5,0.0736659,698230,6847.7,101.966,458.451,0.00474933,204.115,0.985195,0.0212358,0.390497
1705888375938265030,0.0005,200,1,790.3,6407.32,0.123343,1.45133,0.105755,0.352036,1.00191,4.26604e-06,0.000665367
1705888375938265030,0.001,100,0.971324,3117.08,6407.32,0.486487,5.1641,0.105755,1.38017,1.00191,1.54425e-05,0.00233517
1705888375938265030,0.002,50,0.813301,11183.8,6407.32,1.74547,14.5124,0.105755,4.76252,1.00191,4.31321e-05,0.00628115
1705888375938265030,0.003,33.3333,0.652837,21896.2,6407.32,3.41736,22.7483,0.105755,8.9701,1.00191,6.4669e-05,0.00934377
1705888375938265030,0.005,20,0.450275,47792.1,6407.32,7.45898,37.9522,0.105755,18.2458,1.00191,9.9045e-05,0.0138705
1705888375938265030,0.01,10,0.245882,125341,6407.32,19.5621,75.9062,0.105755,42.7303,1.00191,0.000165023,0.021119
1705888375938265030,0.02,5,0.117145,309414,6407.32,48.2908,151.485,0.105755,92.6635,1.00191,0.000258862,0.0268354
1705888375938265030,0.03,3.33333,0.0799268,508771,6407.32,79.4046,228.868,0.105755,142.816,1.00191,0.000322924,0.0291363
1705888375938265030,0.04,2.5,0.0597926,727855,6407.32,113.597,308.556,0.105755,193.022,1.00191,0.000377083,0.0301516
1705888376038102066,0.0005,200,0.999359,717.158,5684.29,0.126165,1.39608,0.0149313,0.379545,0.909989,0.0010766,0.0216082
1705888376038102066,0.001,100,0.965362,2826.43,5684.29,0.497236,4.64546,0.0149313,1.48988,0.909989,0.00236871,0.0379417
1705888376038102066,0.002,50,0.774214,9753.42,5684.29,1.71586,10.1961,0.0149313,5.11755,0.909989,0.00330063,0.0533532
1705888376038102066,0.003,33.3333,0.605516,18466.2,5684.29,3.24864,17.2217,0.0149313,9.56963,0.909989,0.0042824,0.0681637
1705888376038102066,0.005,20,0.409237,38846.4,5684.29,6.834,32.8326,0.0149313,19.2599,0.909989,0.0056382,0.0931033
1705888376038102066,0.01,10,0.224503,97040.4,5684.29,17.0717,69.9003,0.0149313,44.6144,0.909989,0.00655902,0.116863
1705888376038102066,0.02,5,0.113534,234266,5684.29,41.2129,131.893,0.0149313,96.1515,0.909989,0.00789529,0.145173
1705888376038102066,0.03,3.33333,0.0750481,376655,5684.29,66.2625,193.216,0.0149313,147.893,0.909989,0.00920221,0.167457
1705888376038102066,0.04,2.5,0.0500321,525517,5684.29,92.4508,257.761,0.0149313,199.688,0.909989,0.0101748,0.183712
1705888376137942779,0.0005,200,1,625.152,5161.29,0.121123,0.849865,3.88432,0.32869,0.874355,1.45591e-06,0.000160708
1705888376137942779,0.001,100,0.9682,2451.84,5161.29,0.475045,3.12651,3.88432,1.29411,0.874355,5.48919e-06,0.000584395
1705888376137942779,0.002,50,0.807172,8670.18,5161.29,1.67985,10.3806,3.88432,4.45918,0.874355,1.90451e-05,0.00188011
1705888376137942779,0.003,33.3333,0.638024,16778.4,5161.29,3.25082,19.1001,3.88432,8.41006,0.874355,3.54578e-05,0.00336183
1705888376137942779,0.005,20,0.416779,35900.2,5161.29,6.95566,34.4769,3.88432,17.1125,0.874355,6.37004e-05,0.00574326
1705888376137942779,0.01,10,0.228011,93572.2,5161.29,18.1296,79.4803,3.88432,39.9795,0.874355,0.000130374,0.0117955
1705888376137942779,0.02,5,0.112314,235567,5161.29,45.6411,180.042,3.88432,86.5149,0.874355,0.000241675,0.0211528
1705888376137942779,0.03,3.33333,0.0737483,393793,5161.29,76.2974,283.54,3.88432,133.236,0.874355,0.000328634,0.0270248
1705888376137942779,0.04,2.5,0.0575101,559926,5161.29,108.486,383.948,3.88432,180.001,0.874355,0.00039811,0.0307192
1705888376238580539,0.0005,200,1,573.605,4703.25,0.121959,0.665228,0.00069728,0.296127,0.835245,0.00338527,0.0954655
1705888376238580539,0.001,100,0.970482,2258.86,4703.25,0.480275,2.77343,0.00069728,1.15656,0.835245,0.0058942,0.165688
1705888376238580539,0.002,50,0.819294,7844.25,4703.25,1.66784,7.67636,0.00069728,3.98703,0.835245,0.00641973,0.164928
1705888376238580539,0.003,33.3333,0.640029,15108.2,4703.25,3.2123,14.2242,0.00069728,7.54916,0.835245,0.00694115,0.16418
1705888376238580539,0.005,20,0.434125,32030.2,4703.25,6.81022,25.4424,0.00069728,15.4096,0.835245,0.0079849,0.182432
1705888376238580539,0.01,10,0.240461,83703.8,4703.25,17.797,56.9659,0.00069728,36.096,0.835245,0.00879783,0.211073
1705888376238580539,0.02,5,0.132469,212751,4703.25,45.2348,119.463,0.00069728,78.2348,0.835245,0.00964342,0.224143
1705888376238580539,0.03,3.33333,0.0921526,365072,4703.25,77.6212,186.226,0.00069728,120.566,0.835245,0.0104135,0.238657
1705888376238580539,0.04,2.5,0.0683945,526229,4703.25,111.886,251.79,0.00069728,162.949,0.835245,0.0110107,0.247648
1705888376338400827,0.0005,200,0.999241,582.352,4200.33,0.138645,0.484286,0.701514,0.308081,0.613682,1.75142e-06,0.000202138
1705888376338400827,0.001,100,0.960516,2295.3,4200.33,0.546459,1.72997,0.701514,1.20072,0.613682,5.92373e-06,0.000726601
1705888376338400827,0.002,50,0.811693,8015.66,4200.33,1.90834,3.5079,0.701514,4.05188,0.613682,1.81174e-05,0.00126407
1705888376338400827,0.003,33.3333,0.646166,15526.4,4200.33,3.69647,5.51266,0.701514,7.57163,0.613682,3.11648e-05,0.00183703
1705888376338400827,0.005,20,0.440395,33357.9,4200.33,7.94174,10.5905,0.701514,15.3021,0.613682,5.72252e-05,0.00349931
1705888376338400827,0.01,10,0.247532,87440.5,4200.33,20.8175,22.0284,0.701514,35.6251,0.613682,0.000113322,0.00676076
1705888376338400827,0.02,5,0.114655,215048,4200.33,51.1979,37.0689,0.701514,77.0487,0.613682,0.000182124,0.0103064
1705888376338400827,0.03,3.33333,0.0766894,358386,4200.33,85.3233,50.4218,0.701514,118.651,0.613682,0.000250152,0.0125847
1705888376338400827,0.04,2.5,0.063022,516089,4200.33,122.869,65.4581,0.701514,160.296,0.613682,0.000310837,0.0149235
1705888376438237325,0.0005,200,1,560.57,4033.3,0.138986,0.766006,0.642243,0.295571,0.656947,1.88359e-06,0.000331187
1705888376438237325,0.001,100,0.970814,2219,4033.3,0.550169,2.7457,0.642243,1.15651,0.656947,6.61569e-06,0.00118522
1705888376438237325,0.002,50,0.794163,7782.96,4033.3,1.92968,9.02991,0.642243,3.98764,0.656947,2.20141e-05,0.00378357
1705888376438237325,0.003,33.3333,0.638249,15208.6,4033.3,3.77075,16.0697,0.642243,7.48152,0.656947,3.66184e-05,0.00651946
1705888376438237325,0.005,20,0.420891,33974.5,4033.3,8.42351,33.3153,0.642243,15.1733,0.656947,6.87845e-05,0.0124778
1705888376438237325,0.01,10,0.225038,93634.9,4033.3,23.2155,80.5803,0.642243,35.4169,0.656947,0.000144545,0.0241493
1705888376438237325,0.02,5,0.106759,231105,4033.3,57.2993,175.804,0.642243,76.6465,0.656947,0.00025368,0.0365059
1705888376438237325,0.03,3.33333,0.0721966,377583,4033.3,93.6163,274.368,0.642243,118.029,0.656947,0.00033842,0.0431585
1705888376438237325,0.04,2.5,0.0560676,520529,4033.3,129.058,368.105,0.642243,159.448,0.656947,0.000420388,0.0475435
1705888376538079115,0.0005,200,1,524.854,4065.17,0.12911,0.963222,0.159181,0.282517,0.736087,3.56057e-06,0.000767626
1705888376538079115,0.001,100,0.965197,2056.51,4065.17,0.505885,3.0889,0.159181,1.10669,0.736087,1.10921e-05,0.00241777
1705888376538079115,0.002,50,0.819026,7299.53,4065.17,1.79563,9.84294,0.159181,3.78927,0.736087,3.80188e-05,0.00726524
1705888376538079115,0.003,33.3333,0.647332,14232,4065.17,3.50096,17.1458,0.159181,7.13886,0.736087,6.26288e-05,0.0119432
1705888376538079115,0.005,20,0.434648,31048.4,4065.17,7.63765,31.8859,0.159181,14.537,0.736087,0.000101325,0.0194646
1705888376538079115,0.01,10,0.228925,82513.8,4065.17,20.2977,61.2872,0.159181,34.0527,0.736087,0.000138798,0.0277991
1705888376538079115,0.02,5,0.119876,202513,4065.17,49.8166,111.703,0.159181,73.7949,0.736087,0.000158093,0.0331991
1705888376538079115,0.03,3.33333,0.0835267,339274,4065.17,83.4588,169.534,0.159181,113.7,0.736087,0.000172335,0.0378152
1705888376538079115,0.04,2.5,0.0657386,478968,4065.17,117.822,230.313,0.159181,153.646,0.736087,0.000187465,0.0414615
1705888376638311564,0.0005,200,1,548.051,4016.08,0.136464,1.11453,0.743044,0.249581,0.605123,1.72112e-06,0.000227689
1705888376638311564,0.001,100,0.979086,2164.47,4016.08,0.53895,4.25039,0.743044,0.984768,0.605123,6.78831e-06,0.000858915
1705888376638311564,0.002,50,0.818745,7615.01,4016.08,1.89613,12.4408,0.743044,3.47703,0.605123,2.34599e-05,0.00237909
1705888376638311564,0.003,33.3333,0.65763,14476,4016.08,3.60452,19.9255,0.743044,6.62764,0.605123,3.92112e-05,0.00370259
1705888376638311564,0.005,20,0.457785,30438.6,4016.08,7.57918,36.3552,0.743044,13.6088,0.605123,7.23013e-05,0.00649646
1705888376638311564,0.01,10,0.245546,76219.6,4016.08,18.9786,79.0037,0.743044,32.1118,0.605123,0.00015165,0.0128737
1705888376638311564,0.02,5,0.119287,183725,4016.08,45.7473,159.896,0.743044,69.8984,0.605123,0.000274978,0.0220319
1705888376638311564,0.03,3.33333,0.0735864,302593,4016.08,75.3454,242.265,0.743044,107.872,0.605123,0.000373164,0.0289155
1705888376638311564,0.04,2.5,0.0542215,426105,4016.08,106.1,325.389,0.743044,145.888,0.605123,0.000456735,0.034122
1705888376738157981,0.0005,200,0.999245,545.33,4161.01,0.131057,1.86134,0.4026,0.294003,0.734197,4.16511e-06,0.000592849
1705888376738157981,0.001,100,0.968302,2156.73,4161.01,0.51832,6.95571,0.4026,1.14167,0.734197,1.56305e-05,0.00219305
1705888376738157981,0.002,50,0.81283,7745.99,4161.01,1.86156,18.5721,0.4026,3.90558,0.734197,4.0722e-05,0.00570385
1705888376738157981,0.003,33.3333,0.649057,14901,4161.01,3.5811,31.6614,0.4026,7.36626,0.734197,6.75734e-05,0.0094148
1705888376738157981,0.005,20,0.44,31879.3,4161.01,7.66143,56.1028,0.4026,14.9971,0.734197,0.00011177,0.015546
1705888376738157981,0.01,10,0.224906,84673.7,4161.01,20.3493,110.116,0.4026,35.1356,0.734197,0.000179475,0.0253907
1705888376738157981,0.02,5,0.107925,216745,4161.01,52.0896,222.008,0.4026,76.1722,0.734197,0.000259969,0.036371
1705888376738157981,0.03,3.33333,0.0679245,375529,4161.01,90.2495,331.607,0.4026,117.375,0.734197,0.000298685,0.0412385
1705888376738157981,0.04,2.5,0.0543396,555367,4161.01,133.469,444.013,0.4026,158.614,0.734197,0.000323485,0.0443278
1705888376838001370,0.0005,200,1,589.199,4405.3,0.133748,0.336816,0.0505407,0.290969,0.68608,1.18346e-05,0.00211067
1705888376838001370,0.001,100,0.963241,2314.26,4405.3,0.525334,1.63614,0.0505407,1.14142,0.68608,4.33595e-05,0.0099498
1705888376838001370,0.002,50,0.822956,8280.4,4405.3,1.87964,7.3266,0.0505407,3.92091,0.68608,0.000170689,0.0357278
1705888376838001370,0.003,33.3333,0.644411,16044.2,4405.3,3.64201,12.8486,0.0505407,7.40562,0.68608,0.000364081,0.051704
1705888376838001370,0.005,20,0.434359,34377.9,4405.3,7.80376,23.5557,0.0505407,15.0946,0.68608,0.000704588,0.0708743
1705888376838001370,0.01,10,0.225056,87900.3,4405.3,19.9533,47.4712,0.0505407,35.3447,0.68608,0.00132666,0.100231
1705888376838001370,0.02,5,0.12078,218209,4405.3,49.5333,93.6276,0.0505407,76.5628,0.68608,0.00210921,0.120874
1705888376838001370,0.03,3.33333,0.0862716,375378,4405.3,85.2105,143.084,0.0505407,117.936,0.68608,0.00263907,0.126051
1705888376838001370,0.04,2.5,0.0660165,551531,4405.3,125.197,192.715,0.0505407,159.353,0.68608,0.00303434,0.123258
1705888376938636615,0.0005,200,0.998539,551.769,4400.98,0.125374,1.18328,0.457826,0.295211,0.707979,1.7699e-05,0.00238464
1705888376938636615,0.001,100,0.973703,2173.71,4400.98,0.493916,4.43066,0.457826,1.14316,0.707979,6.52088e-05,0.00851095
1705888376938636615,0.002,50,0.815924,7727.9,4400.98,1.75595,12.7152,0.457826,3.93079,0.707979,0.000167006,0.0214933
1705888376938636615,0.003,33.3333,0.661797,14908.9,4400.98,3.38763,20.0276,0.457826,7.42808,0.707979,0.000238361,0.0294046
1705888376938636615,0.005,20,0.449963,31934.9,4400.98,7.25632,38.5857,0.457826,15.1707,0.707979,0.000357487,0.0434415
1705888376938636615,0.01,10,0.232286,82391,4400.98,18.721,85.8013,0.457826,35.6292,0.707979,0.000485389,0.0581758
1705888376938636615,0.02,5,0.11103,204254,4400.98,46.411,183.504,0.457826,77.3373,0.707979,0.000544317,0.0634297
1705888376938636615,0.03,3.33333,0.0679328,338799,4400.98,76.9825,285.999,0.457826,119.238,0.707979,0.000597834,0.0653628
1705888376938636615,0.04,2.5,0.0452885,475050,4400.98,107.942,384.855,0.457826,161.185,0.707979,0.000627397,0.0664511
1705888377038476007,0.0005,200,1,528.68,4197.42,0.125954,1.65014,2.15572,0.269107,0.735368,6.5863e-07,0.000120668
1705888377038476007,0.001,100,0.974189,2093.15,4197.42,0.498677,6.21257,2.15572,1.05895,0.735368,2.38995e-06,0.000455195
1705888377038476007,0.002,50,0.827434,7464.25,4197.42,1.7783,15.6017,2.15572,3.70111,0.735368,5.59367e-06,0.0011447
1705888377038476007,0.003,33.3333,0.659292,14484,4197.42,3.45068,24.5652,2.15572,7.06188,0.735368,8.79488e-06,0.00179185
1705888377038476007,0.005,20,0.441003,30598.6,4197.42,7.28986,42.0522,2.15572,14.5405,0.735368,1.45172e-05,0.00303681
1705888377038476007,0.01,10,0.239676,77319.4,4197.42,18.4207,84.6012,2.15572,34.2922,0.735368,2.83139e-05,0.00590933
1705888377038476007,0.02,5,0.128319,188050,4197.42,44.8013,169.593,2.15572,74.5306,0.735368,5.32676e-05,0.0110017
1705888377038476007,0.03,3.33333,0.0862832,313866,4197.42,74.7761,260.096,2.15572,114.948,0.735368,7.82872e-05,0.0155743
1705888377038476007,0.04,2.5,0.0612094,443566,4197.42,105.676,354.698,2.15572,155.413,0.735368,0.000101061,0.0196986
1705888377138314535,0.0005,200,1,514.044,3993.75,0.128712,1.14872,0.00992966,0.251453,0.610462,8.79687e-05,0.00799868
1705888377138314535,0.001,100,0.971713,2028.75,3993.75,0.507981,4.20578,0.00992966,0.989416,0.610462,0.000254016,0.0271358
1705888377138314535,0.002,50,0.83792,7218.46,3993.75,1.80744,12.6534,0.00992966,3.44332,0.610462,0.000498148,0.0610573
1705888377138314535,0.003,33.3333,0.671254,13960.6,3993.75,3.49561,22.0885,0.00992966,6.55196,0.610462,0.000705954,0.0766747
1705888377138314535,0.005,20,0.477064,30497.9,3993.75,7.63641,39.3789,0.00992966,13.4592,0.610462,0.000904615,0.0801123
1705888377138314535,0.01,10,0.253823,81809.8,3993.75,20.4844,85.6396,0.00992966,31.8233,0.610462,0.00113659,0.0796943
1705888377138314535,0.02,5,0.118502,205929,3993.75,51.5627,178.219,0.00992966,69.386,0.610462,0.00180311,0.0706209
1705888377138314535,0.03,3.33333,0.0733945,342612,3993.75,85.7871,273.582,0.00992966,107.135,0.610462,0.00251098,0.0705363
1705888377138314535,0.04,2.5,0.0611621,492425,3993.75,123.299,375.222,0.00992966,144.928,0.610462,0.00319068,0.0741848
1705888377238160110,0.0005,200,0.999236,524.623,3807.61,0.137783,0.928471,0.0111651,0.240633,0.692503,0.000580917,0.0245564
1705888377238160110,0.001,100,0.982429,2084.25,3807.61,0.547392,3.37116,0.0111651,0.946762,0.692503,0.00162747,0.0704454
1705888377238160110,0.002,50,0.828877,7516.24,3807.61,1.97401,7.69152,0.0111651,3.37371,0.692503,0.00259864,0.120359
1705888377238160110,0.003,33.3333,0.679908,14636.9,3807.61,3.84411,12.3108,0.0111651,6.47403,0.692503,0.00314608,0.131597
1705888377238160110,0.005,20,0.444614,31389.3,3807.61,8.24384,23.6201,0.0111651,13.4251,0.692503,0.00418993,0.162022
1705888377238160110,0.01,10,0.23453,78411,3807.61,20.5932,55.0322,0.0111651,31.8761,0.692503,0.00586012,0.173103
1705888377238160110,0.02,5,0.119175,181067,3807.61,47.554,111.592,0.0111651,69.5111,0.692503,0.00847302,0.194029
1705888377238160110,0.03,3.33333,0.0802139,289537,3807.61,76.0417,170.64,0.0111651,107.322,0.692503,0.0103628,0.224309
1705888377238160110,0.04,2.5,0.0572956,403708,3807.61,106.027,227.577,0.0111651,145.18,0.692503,0.0115723,0.245692
1705888377337978898,0.0005,200,1,481.631,3666.65,0.131355,0.495089,0.0164395,0.23891,0.584766,0.000623109,0.0330438
1705888377337978898,0.001,100,0.973354,1910.96,3666.65,0.521175,1.95239,0.0164395,0.946737,0.584766,0.00202626,0.0956469
1705888377337978898,0.002,50,0.84326,6782.37,3666.65,1.84975,5.914,0.0164395,3.3269,0.584766,0.00402225,0.152719
1705888377337978898,0.003,33.3333,0.679467,13113.7,3666.65,3.57648,11.3288,0.0164395,6.35798,0.584766,0.00553929,0.171083
1705888377337978898,0.005,20,0.458464,28440.8,3666.65,7.75662,20.7901,0.0164395,13.1374,0.584766,0.00720585,0.176854
1705888377337978898,0.01,10,0.249216,76189.1,3666.65,20.779,45.9764,0.0164395,31.1063,0.584766,0.00999792,0.203737
1705888377337978898,0.02,5,0.131661,197788,3666.65,53.9425,89.9824,0.0164395,67.7706,0.584766,0.0128927,0.278325
1705888377337978898,0.03,3.33333,0.0854232,333612,3666.65,90.9857,135.842,0.0164395,104.618,0.584766,0.0144642,0.326551
1705888377337978898,0.04,2.5,0.0642633,473602,3666.65,129.165,180.008,0.0164395,141.514,0.584766,0.0153115,0.354762
1705888377438616685,0.0005,200,1,440.167,3667.41,0.120021,0.668991,1.93666,0.254125,0.672347,1.59807e-06,0.000206195
1705888377438616685,0.001,100,0.970016,1742.08,3667.41,0.475018,2.79096,1.93666,1.00565,0.672347,6.85223e-06,0.000852763
1705888377438616685,0.002,50,0.827391,6274.34,3667.41,1.71084,8.15075,1.93666,3.48479,0.672347,1.8329e-05,0.00250886
1705888377438616685,0.003,33.3333,0.672609,12333.4,3667.41,3.36298,13.161,1.93666,6.59804,0.672347,2.54275e-05,0.0041155
1705888377438616685,0.005,20,0.431929,26429,3667.41,7.20646,25.1063,1.93666,13.5421,0.672347,4.56508e-05,0.00769922
1705888377438616685,0.01,10,0.222853,68930.3,3667.41,18.7954,51.458,1.93666,31.9068,0.672347,7.60863e-05,0.015187
1705888377438616685,0.02,5,0.0996759,166521,3667.41,45.4057,106.189,1.93666,69.3276,0.672347,0.000130383,0.0287569
1705888377438616685,0.03,3.33333,0.0713128,276118,3667.41,75.2897,160.199,1.93666,106.892,0.672347,0.000175469,0.0402194
1705888377438616685,0.04,2.5,0.0551053,398774,3667.41,108.734,213.268,1.93666,144.489,0.672347,0.000208075,0.0501273
1705888377538455794,0.0005,200,0.998299,550.371,3511.69,0.156726,1.70943,0.0451387,0.24808,0.602083,0.000113738,0.0104429
1705888377538455794,0.001,100,0.971939,2188.28,3511.69,0.623143,7.08069,0.0451387,0.969755,0.602083,0.000438265,0.036954
1705888377538455794,0.002,50,0.807823,7463.67,3511.69,2.12538,22.212,0.0451387,3.36731,0.602083,0.0010276,0.0845216
1705888377538455794,0.003,33.3333,0.659014,13806.8,3511.69,3.93167,36.0824,0.0451387,6.35577,0.602083,0.00134639,0.103984
1705888377538455794,0.005,20,0.45068,29127.1,3511.69,8.29434,61.9619,0.0451387,12.9441,0.602083,0.00172257,0.11208
1705888377538455794,0.01,10,0.244048,74488,3511.69,21.2115,124.228,0.0451387,30.3353,0.602083,0.00206189,0.114163
1705888377538455794,0.02,5,0.130102,180224,3511.69,51.3213,249.991,0.0451387,65.8145,0.602083,0.00250753,0.109886
1705888377538455794,0.03,3.33333,0.0841837,302316,3511.69,86.0885,378.933,0.0451387,101.453,0.602083,0.00272063,0.103366
1705888377538455794,0.04,2.5,0.0646259,432230,3511.69,123.083,508.634,0.0451387,137.134,0.602083,0.00285841,0.0972938
1705888377638297663,0.0005,200,1,395.366,3172.36,0.124628,1.41132,0.0106337,0.230794,0.519165,0.000181047,0.0135293
1705888377638297663,0.001,100,0.973333,1565.8,3172.36,0.493576,5.34249,0.0106337,0.911532,0.519165,0.000615008,0.0452366
1705888377638297663,0.002,50,0.801778,5632.87,3172.36,1.77561,16.1559,0.0106337,3.21005,0.519165,0.00139798,0.102058
1705888377638297663,0.003,33.3333,0.649778,11044.9,3172.36,3.48162,26.0845,0.0106337,6.08878,0.519165,0.00177421,0.123202
1705888377638297663,0.005,20,0.432889,23984.5,3172.36,7.56048,44.4446,0.0106337,12.4554,0.519165,0.00213779,0.142849
1705888377638297663,0.01,10,0.229333,63000.7,3172.36,19.8593,94.6011,0.0106337,29.2481,0.519165,0.00261768,0.169439
1705888377638297663,0.02,5,0.107556,152008,3172.36,47.9164,185.389,0.0106337,63.4965,0.519165,0.00306941,0.178582
1705888377638297663,0.03,3.33333,0.0746667,251309,3172.36,79.2186,271.18,0.0106337,97.885,0.519165,0.00355135,0.175111
1705888377638297663,0.04,2.5,0.0542222,358978,3172.36,113.158,354.971,0.0106337,132.308,0.519165,0.00404939,0.171318
1705888377738132699,0.0005,200,0.999093,398.272,3030.83,0.131407,1.04197,0.187503,0.24016,0.518743,7.64375e-06,0.00141911
1705888377738132699,0.001,100,0.971869,1579.49,3030.83,0.52114,3.94665,0.187503,0.944066,0.518743,2.81347e-05,0.0052639
1705888377738132699,0.002,50,0.798548,5563.91,3030.83,1.83577,8.66676,0.187503,3.27389,0.518743,5.76155e-05,0.0109155
1705888377738132699,0.003,33.3333,0.638838,10774.1,3030.83,3.55483,13.2864,0.187503,6.15008,0.518743,8.47523e-05,0.0155014
1705888377738132699,0.005,20,0.451906,23620.3,3030.83,7.79334,20.6593,0.187503,12.4511,0.518743,0.000133026,0.0207136
1705888377738132699,0.01,10,0.245009,64717.7,3030.83,21.3531,38.8917,0.187503,29.0724,0.518743,0.000287018,0.0287807
1705888377738132699,0.02,5,0.119782,168385,3030.83,55.5573,82.9236,0.187503,63.0036,0.518743,0.000551851,0.0386902
1705888377738132699,0.03,3.33333,0.0707804,285658,3030.83,94.2508,129.008,0.187503,97.0939,0.518743,0.000798619,0.0443709
1705888377738132699,0.04,2.5,0.0499093,411653,3030.83,135.822,173.687,0.187503,131.221,0.518743,0.000997626,0.0478376
1705888377837973350,0.0005,200,1,442.269,2905.9,0.152197,0.998892,0.00626932,0.211031,0.414306,0.00148219,0.0394626
1705888377837973350,0.001,100,0.970644,1755.06,2905.9,0.603964,4.1885,0.00626932,0.836479,0.414306,0.00388598,0.0973628
1705888377837973350,0.002,50,0.815341,6402.39,2905.9,2.20324,14.82,0.00626932,2.96872,0.414306,0.0057041,0.126242
1705888377837973350,0.003,33.3333,0.637311,12447.8,2905.9,4.28362,27.8015,0.00626932,5.68113,0.414306,0.00660142,0.146458
1705888377837973350,0.005,20,0.417614,26732.1,2905.9,9.19926,52.5207,0.00626932,11.6962,0.414306,0.00786107,0.164151
1705888377837973350,0.01,10,0.214015,68617.4,2905.9,23.6131,109.244,0.00626932,27.5578,0.414306,0.00955974,0.173876
1705888377837973350,0.02,5,0.0984848,161553,2905.9,55.5947,217.293,0.00626932,59.8472,0.414306,0.011554,0.214282
1705888377837973350,0.03,3.33333,0.0681818,258787,2905.9,89.0558,327.016,0.00626932,92.2595,0.414306,0.0122259,0.234188
1705888377837973350,0.04,2.5,0.0539773,360979,2905.9,124.223,436.209,0.00626932,124.699,0.414306,0.0126079,0.245655
1705888377938622343,0.0005,200,1,420.678,2849.69,0.147623,1.07629,0.0085049,0.234379,0.401094,5.31734e-05,0.00365867
1705888377938622343,0.001,100,0.970307,1671.03,2849.69,0.586392,4.09012,0.0085049,0.922979,0.401094,0.000199251,0.0131483
1705888377938622343,0.002,50,0.796935,6002.21,2849.69,2.10627,12.1575,0.0085049,3.22163,0.401094,0.000506246,0.0364843
1705888377938622343,0.003,33.3333,0.622605,11945.8,2849.69,4.19197,21.1091,0.0085049,6.0879,0.401094,0.000736579,0.0577791
1705888377938622343,0.005,20,0.407088,26368,2849.69,9.25293,38.1488,0.0085049,12.394,0.401094,0.00103816,0.0870249
1705888377938622343,0.01,10,0.194444,70294.4,2849.69,24.6674,79.4454,0.0085049,28.9705,0.401094,0.00146921,0.119249
1705888377938622343,0.02,5,0.0929119,169931,2849.69,59.6316,159.426,0.0085049,62.6598,0.401094,0.00199295,0.146253
1705888377938622343,0.03,3.33333,0.0680077,286552,2849.69,100.555,236.832,0.0085049,96.4528,0.401094,0.00227943,0.154671
1705888377938622343,0.04,2.5,0.052682,421247,2849.69,147.822,310.061,0.0085049,130.272,0.401094,0.00247987,0.154545
1705888378038466593,0.0005,200,1,406.575,2925.21,0.13899,0.332741,2.04483,0.220098,0.314119,9.86332e-07,0.000135763
1705888378038466593,0.001,100,0.971596,1605.83,2925.21,0.548962,1.17393,2.04483,0.869159,0.314119,3.71174e-06,0.000471957
1705888378038466593,0.002,50,0.797258,5715.7,2925.21,1.95394,7.20803,2.04483,3.05139,0.314119,2.39631e-05,0.00277987
1705888378038466593,0.003,33.3333,0.61998,11229.2,2925.21,3.83876,14.2767,2.04483,5.78719,0.314119,4.49769e-05,0.00542511
1705888378038466593,0.005,20,0.438786,24512.7,2925.21,8.3798,28.0445,2.04483,11.7886,0.314119,8.12051e-05,0.0102439
1705888378038466593,0.01,10,0.195886,65404.3,2925.21,22.3588,67.7042,2.04483,27.6218,0.314119,0.000169961,0.0214396
1705888378038466593,0.02,5,0.10284,157927,2925.21,53.9883,147.424,2.04483,59.8169,0.314119,0.000288327,0.0372807
1705888378038466593,0.03,3.33333,0.0773751,265312,2925.21,90.6985,225.072,2.04483,92.11,0.314119,0.000363034,0.0482621
1705888378038466593,0.04,2.5,0.0617042,373086,2925.21,127.541,300.351,2.04483,124.432,0.314119,0.000425314,0.0572491
1705888378138312287,0.0005,200,1,463.419,2972.25,0.155915,1.63817,0.0512578,0.254529,0.417389,8.56671e-05,0.00890743
1705888378138312287,0.001,100,0.962562,1798.84,2972.25,0.605211,6.4894,0.0512578,0.996855,0.417389,0.000319227,0.0312554
1705888378138312287,0.002,50,0.764532,6203.97,2972.25,2.0873,17.4865,0.0512578,3.40066,0.417389,0.000732778,0.0620502
1705888378138312287,0.003,33.3333,0.599015,11913.2,2972.25,4.00814,27.501,0.0512578,6.33414,0.417389,0.000923955,0.0752862
1705888378138312287,0.005,20,0.418719,25574.5,2972.25,8.60442,50.2375,0.0512578,12.6776,0.417389,0.00115261,0.0926977
1705888378138312287,0.01,10,0.239409,66338.7,2972.25,22.3193,101.994,0.0512578,29.2471,0.417389,0.00147621,0.0961851
1705888378138312287,0.02,5,0.119212,162096,2972.25,54.5363,208.628,0.0512578,62.9658,0.417389,0.00187443,0.0920104
1705888378138312287,0.03,3.33333,0.0768473,267580,2972.25,90.026,311.868,0.0512578,96.825,0.417389,0.00204081,0.0866499
1705888378138312287,0.04,2.5,0.0571429,381809,2972.25,128.458,414.655,0.0512578,130.716,0.417389,0.0020987,0.08137
1705888378238147181,0.0005,200,1,423.106,3413.38,0.123955,0.487463,0.000195753,0.242247,0.404434,0.00188789,0.0174986
1705888378238147181,0.001,100,0.95751,1663.6,3413.38,0.487376,1.78666,0.000195753,0.948393,0.404434,0.00501599,0.0650114
1705888378238147181,0.002,50,0.790514,5981.19,3413.38,1.75228,8.38276,0.000195753,3.20894,0.404434,0.00884484,0.144574
1705888378238147181,0.003,33.3333,0.634387,11678.1,3413.38,3.42127,17.0667,0.000195753,5.98208,0.404434,0.0102412,0.171222
1705888378238147181,0.005,20,0.432806,25577.7,3413.38,7.49336,34.9012,0.000195753,12.0457,0.404434,0.0117598,0.19004
1705888378238147181,0.01,10,0.237154,69709.5,3413.38,20.4224,83.0526,0.000195753,27.9767,0.404434,0.0162785,0.290015
1705888378238147181,0.02,5,0.128458,173604,3413.38,50.86,172.951,0.000195753,60.3904,0.404434,0.0239201,0.444787
1705888378238147181,0.03,3.33333,0.0800395,288943,3413.38,84.6501,261.523,0.000195753,92.9387,0.404434,0.0288713,0.539523
1705888378238147181,0.04,2.5,0.0642292,414011,3413.38,121.291,348.241,0.000195753,125.522,0.404434,0.0321769,0.603487
1705888378337982097,0.0005,200,1,576.247,4121.21,0.139825,1.30566,5.46782,0.270374,0.474939,2.69948e-06,0.000332814
1705888378337982097,0.001,100,0.958993,2266.28,4121.21,0.549907,4.93831,5.46782,1.06089,0.474939,1.00993e-05,0.00125257
1705888378337982097,0.002,50,0.778192,7906.11,4121.21,1.91839,11.8581,5.46782,3.59171,0.474939,2.75223e-05,0.00285482
1705888378337982097,0.003,33.3333,0.614166,15317.6,4121.21,3.71676,18.9016,5.46782,6.67023,0.474939,4.67866e-05,0.00432725
1705888378337982097,0.005,20,0.423113,33728.2,4121.21,8.18404,30.4646,5.46782,13.3625,0.474939,7.65875e-05,0.00644925
1705888378337982097,0.01,10,0.219944,94835.7,4121.21,23.0116,53.7078,5.46782,30.9154,0.474939,0.000131893,0.0093141
1705888378337982097,0.02,5,0.107176,245102,4121.21,59.4733,88.6799,5.46782,66.6132,0.474939,0.000230035,0.0105058
1705888378337982097,0.03,3.33333,0.0773532,408272,4121.21,99.066,129.786,5.46782,102.426,0.474939,0.000321782,0.0119821
1705888378337982097,0.04,2.5,0.0643057,577245,4121.21,140.067,171.371,5.46782,138.266,0.474939,0.00040229,0.0131533
1705888378438619464,0.0005,200,0.999138,584.4,4927.75,0.118594,1.04116,1.12119,0.272176,0.611001,2.76537e-06,0.000642233
1705888378438619464,0.001,100,0.972414,2313.04,4927.75,0.46939,4.301,1.12119,1.05517,0.611001,1.12977e-05,0.00261539
1705888378438619464,0.002,50,0.785345,8342.75,4927.75,1.69301,14.2694,1.12119,3.64319,0.611001,3.77482e-05,0.00824591
1705888378438619464,0.003,33.3333,0.615517,16352.6,4927.75,3.31847,25.5028,1.12119,6.84631,0.611001,6.21114e-05,0.0139515
1705888378438619464,0.005,20,0.414655,34599.1,4927.75,7.02127,47.7356,1.12119,13.8523,0.611001,9.97158e-05,0.0233121
1705888378438619464,0.01,10,0.231897,87628.7,4927.75,17.7827,96.5387,1.12119,32.212,0.611001,0.00014634,0.0364643
1705888378438619464,0.02,5,0.12069,213578,4927.75,43.3418,184.641,1.12119,69.5315,0.611001,0.000187732,0.0486727
1705888378438619464,0.03,3.33333,0.0896552,356800,4927.75,72.4063,279.37,1.12119,106.984,0.611001,0.000242367,0.057724
1705888378438619464,0.04,2.5,0.0706897,514213,4927.75,104.35,378.184,1.12119,144.475,0.611001,0.00031314,0.0641495
1705888378538441777,0.0005,200,0.999195,767.97,5109.51,0.150302,1.94349,1.50551,0.284613,0.648958,4.40996e-06,0.000802686
1705888378538441777,0.001,100,0.970209,3005.79,5109.51,0.588274,7.57234,1.50551,1.11403,0.648958,1.7188e-05,0.00308268
1705888378538441777,0.002,50,0.785829,10636.5,5109.51,2.08171,21.6938,1.50551,3.84781,0.648958,5.00226e-05,0.00844874
1705888378538441777,0.003,33.3333,0.627214,20777.7,5109.51,4.06648,38.0205,1.50551,7.21749,0.648958,8.58666e-05,0.0140386
1705888378538441777,0.005,20,0.439614,45762.8,5109.51,8.9564,67.6083,1.50551,14.5856,0.648958,0.000134783,0.0223731
1705888378538441777,0.01,10,0.229469,119006,5109.51,23.2911,146.682,1.50551,33.9857,0.648958,0.000228914,0.0373824
1705888378538441777,0.02,5,0.108696,273414,5109.51,53.5107,304.404,1.50551,73.4887,0.648958,0.000339267,0.0537177
1705888378538441777,0.03,3.33333,0.0780998,435223,5109.51,85.1792,459.209,1.50551,113.133,0.648958,0.000382734,0.0620686
1705888378538441777,0.04,2.5,0.0636071,607398,5109.51,118.876,617.217,1.50551,152.811,0.648958,0.000398929,0.0673901
1705888378638278893,0.0005,200,1,795.411,5183.8,0.153442,2.11196,13.4423,0.308362,0.701768,1.58882e-06,0.000219031
1705888378638278893,0.001,100,0.967492,3150.61,5183.8,0.60778,8.18561,13.4423,1.19395,0.701768,6.21683e-06,0.000844469
1705888378638278893,0.002,50,0.799536,10996.9,5183.8,2.12139,23.6966,13.4423,4.0487,0.701768,1.92423e-05,0.00238368
1705888378638278893,0.003,33.3333,0.624613,21176.9,5183.8,4.08521,41.4158,13.4423,7.57464,0.701768,3.34348e-05,0.00410735
1705888378638278893,0.005,20,0.43808,45863.8,5183.8,8.84753,80.268,13.4423,15.2966,0.701768,6.24013e-05,0.00773872
1705888378638278893,0.01,10,0.23065,121696,5183.8,23.4762,183.791,13.4423,35.6099,0.701768,0.00013074,0.0162571
1705888378638278893,0.02,5,0.0975232,293603,5183.8,56.6386,390.681,13.4423,76.998,0.701768,0.000248704,0.0290465
1705888378638278893,0.03,3.33333,0.0712074,483932,5183.8,93.3547,590.201,13.4423,118.547,0.701768,0.000343255,0.0374468
1705888378638278893,0.04,2.5,0.0510836,688693,5183.8,132.855,791.015,13.4423,160.135,0.701768,0.000423123,0.0437008
1705888378738116732,0.0005,200,1,832.989,5344.76,0.155851,1.76706,3.59285,0.33647,0.679254,1.76607e-06,0.000164126
1705888378738116732,0.001,100,0.958485,3284.3,5344.76,0.614489,7.21149,3.59285,1.30082,0.679254,6.97825e-06,0.000675163
1705888378738116732,0.002,50,0.806992,11656.3,5344.76,2.18088,22.8068,3.59285,4.32946,0.679254,2.24088e-05,0.00209728
1705888378738116732,0.003,33.3333,0.651129,22484.5,5344.76,4.20684,38.5347,3.59285,8.05777,0.679254,3.73425e-05,0.00350677
1705888378738116732,0.005,20,0.429716,47085.1,5344.76,8.80957,66.6086,3.59285,16.2783,0.679254,6.34472e-05,0.00588751
1705888378738116732,0.01,10,0.213401,118241,5344.76,22.1227,141.089,3.59285,37.9332,0.679254,0.000122843,0.0116318
1705888378738116732,0.02,5,0.107065,278721,5344.76,52.1484,295.894,3.59285,81.9985,0.679254,0.000232561,0.0207909
1705888378738116732,0.03,3.33333,0.0706482,457613,5344.76,85.619,446.258,3.59285,126.23,0.679254,0.00032272,0.0269754
1705888378738116732,0.04,2.5,0.0538966,645548,5344.76,120.781,597.566,3.59285,170.499,0.679254,0.000401197,0.0314822
1705888378837959386,0.0005,200,0.999282,879.524,5372.45,0.16371,2.25599,8.93448,0.347231,0.540681,1.5196e-06,0.000165323
1705888378837959386,0.001,100,0.958363,3434.89,5372.45,0.639353,8.91403,8.93448,1.35168,0.540681,5.93471e-06,0.000653579
1705888378837959386,0.002,50,0.79397,11842.1,5372.45,2.20422,23.8409,8.93448,4.53918,0.540681,1.60692e-05,0.00172654
1705888378837959386,0.003,33.3333,0.63173,22179,5372.45,4.12829,38.2821,8.93448,8.43319,0.540681,2.52457e-05,0.00275919
1705888378837959386,0.005,20,0.419957,46296.7,5372.45,8.61744,63.0983,8.93448,16.9472,0.540681,4.30782e-05,0.00439708
1705888378837959386,0.01,10,0.233309,120851,5372.45,22.4946,129.334,8.93448,39.2927,0.540681,8.45325e-05,0.00849428
1705888378837959386,0.02,5,0.0990668,292231,5372.45,54.3944,265.099,8.93448,84.8224,0.540681,0.000159219,0.0154409
1705888378837959386,0.03,3.33333,0.0667624,480544,5372.45,89.446,402.981,8.93448,130.522,0.540681,0.000226572,0.0209899
1705888378837959386,0.04,2.5,0.0466619,683297,5372.45,127.185,540.419,8.93448,176.262,0.540681,0.000285747,0.0253676
1705888378938587528,0.0005,200,1,848.198,5310.99,0.159706,2.56835,2.02993,0.341445,0.545032,4.77131e-06,0.000653455
1705888378938587528,0.001,100,0.958156,3337.55,5310.99,0.628423,9.80435,2.02993,1.3208,0.545032,1.8158e-05,0.00247338
1705888378938587528,0.002,50,0.80922,11934.6,5310.99,2.24715,28.6317,2.02993,4.39624,0.545032,5.27092e-05,0.00701717
1705888378938587528,0.003,33.3333,0.651773,23157.2,5310.99,4.36025,49.852,2.02993,8.17344,0.545032,8.79616e-05,0.0118506
1705888378938587528,0.005,20,0.444681,50452.2,5310.99,9.49959,88.9093,2.02993,16.4662,0.545032,0.000145213,0.0196372
1705888378938587528,0.01,10,0.246099,133773,5310.99,25.188,190.915,2.02993,38.2957,0.545032,0.000267794,0.0343991
1705888378938587528,0.02,5,0.116312,328685,5310.99,61.8878,395.966,2.02993,82.8122,0.545032,0.000422707,0.050324
1705888378938587528,0.03,3.33333,0.0751773,536318,5310.99,100.983,599.819,2.02993,127.517,0.545032,0.000524808,0.0580805
1705888378938587528,0.04,2.5,0.0588652,748651,5310.99,140.963,802.648,2.02993,172.265,0.545032,0.000608455,0.0624589
1705888379038416279,0.0005,200,0.997143,791.827,5263.58,0.150435,2.27474,5.29934,0.353147,0.641441,2.79454e-06,0.000479766
1705888379038416279,0.001,100,0.955714,3101.64,5263.58,0.589264,8.50196,5.29934,1.35873,0.641441,1.18738e-05,0.00175353
1705888379038416279,0.002,50,0.794286,10934.6,5263.58,2.07742,24.1194,5.29934,4.51239,0.641441,3.7732e-05,0.0047787
1705888379038416279,0.003,33.3333,0.642857,21228,5263.58,4.033,39.4696,5.29934,8.35733,0.641441,6.33253e-05,0.00757131
1705888379038416279,0.005,20,0.441429,46388.1,5263.58,8.81303,68.1048,5.29934,16.7741,0.641441,0.000105421,0.0123359
1705888379038416279,0.01,10,0.241429,120035,5263.58,22.8048,139.397,5.29934,38.9118,0.641441,0.000196062,0.0217574
1705888379038416279,0.02,5,0.125,296390,5263.58,56.3096,277.11,5.29934,83.9647,0.641441,0.000355642,0.0327149
1705888379038416279,0.03,3.33333,0.0842857,499614,5263.58,94.9191,414.58,5.29934,129.203,0.641441,0.00049152,0.0386743
1705888379038416279,0.04,2.5,0.0614286,722672,5263.58,137.297,550.868,5.29934,174.49,0.641441,0.000613872,0.0420008
1705888379138258987,0.0005,200,1,886.682,5150.95,0.172139,2.58421,0.00128671,0.300624,0.39638,0.000944224,0.047844
1705888379138258987,0.001,100,0.97,3502.66,5150.95,0.680003,10.3698,0.00128671,1.18186,0.39638,0.00281006,0.121137
1705888379138258987,0.002,50,0.817143,12425.2,5150.95,2.41221,33.0867,0.00128671,4.06992,0.39638,0.00481423,0.178697
1705888379138258987,0.003,33.3333,0.654286,24234.8,5150.95,4.70492,54.9651,0.00128671,7.67397,0.39638,0.00544137,0.188281
1705888379138258987,0.005,20,0.433571,51193.3,5150.95,9.93861,97.0573,0.00128671,15.6546,0.39638,0.00620813,0.19502
1705888379138258987,0.01,10,0.236429,132534,5150.95,25.7299,207.698,0.00128671,36.6613,0.39638,0.00743915,0.212933
1705888379138258987,0.02,5,0.13,342666,5150.95,66.5249,425.853,0.00128671,79.4145,0.39638,0.00901654,0.238878
1705888379138258987,0.03,3.33333,0.0928571,596799,5150.95,115.862,644.429,0.00128671,122.361,0.39638,0.00931639,0.238695
1705888379138258987,0.04,2.5,0.0692857,881837,5150.95,171.199,862.76,0.00128671,165.36,0.39638,0.00923804,0.23242
1705888379238102172,0.0005,200,1,863.25,4995.65,0.1728,2.04667,0.392265,0.323326,0.455598,2.01966e-05,0.00292019
1705888379238102172,0.001,100,0.957736,3399.75,4995.65,0.680541,7.60961,0.392265,1.26272,0.455598,7.59104e-05,0.0102984
1705888379238102172,0.002,50,0.797278,11703.1,4995.65,2.34265,19.6749,0.392265,4.27902,0.455598,0.000187476,0.0231124
1705888379238102172,0.003,33.3333,0.651146,22231.9,4995.65,4.45026,31.539,0.392265,7.97983,0.455598,0.000273178,0.0322694
1705888379238102172,0.005,20,0.444126,47661,4995.65,9.5405,58.8925,0.392265,16.1257,0.455598,0.000404662,0.0465949
1705888379238102172,0.01,10,0.22851,124950,4995.65,25.0117,131.107,0.392265,37.6304,0.455598,0.000649697,0.0630404
1705888379238102172,0.02,5,0.114613,303984,4995.65,60.8497,285.643,0.392265,81.4455,0.455598,0.000954692,0.0734519
1705888379238102172,0.03,3.33333,0.0759312,492830,4995.65,98.6517,443.667,0.392265,125.437,0.455598,0.0011171,0.0781826
1705888379238102172,0.04,2.5,0.0565903,691650,4995.65,138.45,602.202,0.392265,169.474,0.455598,0.00124045,0.0797917
1705888379337960082,0.0005,200,1,765.965,4722.61,0.162191,0.269154,0.836678,0.325915,0.501987,2.43549e-06,0.000123859
1705888379337960082,0.001,100,0.961001,2979.18,4722.61,0.630834,1.3534,0.836678,1.26225,0.501987,9.04363e-06,0.000761072
1705888379337960082,0.002,50,0.813098,10360.7,4722.61,2.19385,3.24978,0.836678,4.23366,0.501987,2.62429e-05,0.00163866
1705888379337960082,0.003,33.3333,0.646063,20182,4722.61,4.2735,4.60635,0.836678,7.90124,0.501987,3.95284e-05,0.0021671
1705888379337960082,0.005,20,0.420162,43369.8,4722.61,9.18344,7.82792,0.836678,15.9741,0.501987,6.73784e-05,0.00329844
1705888379337960082,0.01,10,0.232524,110216,4722.61,23.338,18.1026,0.836678,37.1687,0.501987,0.000140918,0.0058177
1705888379337960082,0.02,5,0.116998,262919,4722.61,55.6724,44.5137,0.836678,80.2991,0.501987,0.000279107,0.0102899
1705888379337960082,0.03,3.33333,0.0824135,423802,4722.61,89.7389,67.7403,0.836678,123.607,0.501987,0.000370873,0.01242
1705888379337960082,0.04,2.5,0.0654893,590025,4722.61,124.936,94.0942,0.836678,166.959,0.501987,0.000445001,0.013952
1705888379438600242,0.0005,200,1,652.411,4546.5,0.143497,2.25517,0.0237222,0.281517,0.28495,0.000128607,0.0158427
1705888379438600242,0.001,100,0.967449,2584.29,4546.5,0.568413,8.57424,0.0237222,1.10645,0.28495,0.000451799,0.0521584
1705888379438600242,0.002,50,0.813777,9047.88,4546.5,1.99007,27.7861,0.0237222,3.80127,0.28495,0.0013446,0.115073
1705888379438600242,0.003,33.3333,0.660863,17367.6,4546.5,3.81999,48.3516,0.0237222,7.16549,0.28495,0.00192973,0.143658
1705888379438600242,0.005,20,0.442846,36962.2,4546.5,8.12981,88.5956,0.0237222,14.6267,0.28495,0.00253344,0.162639
1705888379438600242,0.01,10,0.236942,95641.2,4546.5,21.0362,188.055,0.0237222,34.3336,0.28495,0.00309587,0.16328
1705888379438600242,0.02,5,0.112036,234115,4546.5,51.4934,386.81,0.0237222,74.512,0.28495,0.00322533,0.161614
1705888379438600242,0.03,3.33333,0.0734292,381867,4546.5,83.9915,582.856,0.0237222,114.866,0.28495,0.00332154,0.165702
1705888379438600242,0.04,2.5,0.0529902,537858,4546.5,118.302,778.967,0.0237222,155.261,0.28495,0.00349583,0.167982
1705888379538444903,0.0005,200,1,737.39,4699.75,0.1569,1.71114,0.199902,0.295646,0.452426,3.26115e-06,0.000346134
1705888379538444903,0.001,100,0.962349,2914.48,4699.75,0.620134,6.76415,0.199902,1.16093,0.452426,1.30021e-05,0.00135718
1705888379538444903,0.002,50,0.8125,10350.9,4699.75,2.20245,22.5829,0.199902,3.98062,0.452426,4.0547e-05,0.00451993
1705888379538444903,0.003,33.3333,0.638554,20324,4699.75,4.32448,38.3264,0.199902,7.48612,0.452426,6.67004e-05,0.0075133
1705888379538444903,0.005,20,0.4375,43803.9,4699.75,9.32047,65.9735,0.199902,15.1796,0.452426,0.000110139,0.0122576
1705888379538444903,0.01,10,0.231175,116341,4699.75,24.7547,131.776,0.199902,35.4517,0.452426,0.000202612,0.0209502
1705888379538444903,0.02,5,0.118223,279226,4699.75,59.413,257.191,0.199902,76.7881,0.452426,0.00034152,0.0320215
1705888379538444903,0.03,3.33333,0.0707831,462982,4699.75,98.5121,385.481,0.199902,118.305,0.452426,0.000457313,0.03881
1705888379538444903,0.04,2.5,0.0512048,658410,4699.75,140.095,508.988,0.199902,159.868,0.452426,0.000549631,0.0428779
1705888379638291739,0.0005,200,1,793.351,4319.78,0.183655,2.31804,0.0787905,0.296624,0.361758,9.09552e-06,0.00158722
1705888379638291739,0.001,100,0.959783,3062.86,4319.78,0.709032,7.71308,0.0787905,1.15332,0.361758,3.04054e-05,0.00518237
1705888379638291739,0.002,50,0.812065,10721.8,4319.78,2.48201,20.6147,0.0787905,3.87482,0.361758,8.34993e-05,0.0129315
1705888379638291739,0.003,33.3333,0.66048,20959.2,4319.78,4.85191,34.0077,0.0787905,7.24453,0.361758,0.000130664,0.0197703
1705888379638291739,0.005,20,0.442382,46207.3,4319.78,10.6967,62.8951,0.0787905,14.6828,0.361758,0.00020743,0.0310968
1705888379638291739,0.01,10,0.225058,124603,4319.78,28.8447,126.147,0.0787905,34.3427,0.361758,0.000322471,0.0421446
1705888379638291739,0.02,5,0.109049,292688,4319.78,67.7553,242.123,0.0787905,74.4257,0.361758,0.00051441,0.0491894
1705888379638291739,0.03,3.33333,0.0788863,475975,4319.78,110.185,360.017,0.0787905,114.662,0.361758,0.000724156,0.053006
1705888379638291739,0.04,2.5,0.0572312,672699,4319.78,155.725,479.227,0.0787905,154.941,0.361758,0.000930685,0.0557051
1705888379738127915,0.0005,200,1,664.168,4209.49,0.157778,1.38463,0.944165,0.261351,0.352615,1.01309e-05,0.00107677
1705888379738127915,0.001,100,0.966798,2619.26,4209.49,0.622226,5.02723,0.944165,1.02671,0.352615,3.70246e-05,0.00381399
1705888379738127915,0.002,50,0.825296,9078.7,4209.49,2.15672,11.8213,0.944165,3.52259,0.352615,9.04038e-05,0.00828302
1705888379738127915,0.003,33.3333,0.669565,17486.2,4209.49,4.15399,18.1669,0.944165,6.64571,0.352615,0.000132239,0.0119704
1705888379738127915,0.005,20,0.472727,37368.4,4209.49,8.87718,30.9934,0.944165,13.5782,0.352615,0.000208489,0.0181938
1705888379738127915,0.01,10,0.234783,95619.3,4209.49,22.7151,61.8151,0.944165,31.9914,0.352615,0.000387571,0.0286214
1705888379738127915,0.02,5,0.106719,227551,4209.49,54.0565,118.625,0.944165,69.5931,0.352615,0.00066291,0.0426305
1705888379738127915,0.03,3.33333,0.0711462,371646,4209.49,88.2875,178.752,0.944165,107.362,0.352615,0.000902585,0.0545213
1705888379738127915,0.04,2.5,0.0529644,516841,4209.49,122.78,239.113,0.944165,145.167,0.352615,0.00110082,0.062872
1705888379837961193,0.0005,200,1,656.248,4257.24,0.154149,1.31321,1.28543,0.308112,0.401909,5.85946e-06,0.000762786
1705888379837961193,0.001,100,0.961479,2581.38,4257.24,0.606351,4.38359,1.28543,1.2012,0.401909,2.22667e-05,0.00242861
1705888379837961193,0.002,50,0.793529,8945.46,4257.24,2.10124,9.49333,1.28543,4.08724,0.401909,6.00995e-05,0.0046089
1705888379837961193,0.003,33.3333,0.634823,16906,4257.24,3.97111,13.9362,1.28543,7.64393,0.401909,9.05138e-05,0.00629839
1705888379837961193,0.005,20,0.424499,35483.2,4257.24,8.33479,26.2601,1.28543,15.4362,0.401909,0.000151834,0.011055
1705888379837961193,0.01,10,0.220339,87914.9,4257.24,20.6507,59.7494,1.28543,35.9265,0.401909,0.00026925,0.0206969
1705888379837961193,0.02,5,0.119414,209527,4257.24,49.2166,120.118,1.28543,77.5948,0.401909,0.000469185,0.0282952
1705888379837961193,0.03,3.33333,0.0739599,345424,4257.24,81.138,181.391,1.28543,119.436,0.401909,0.000656085,0.0317468
1705888379837961193,0.04,2.5,0.0493066,486926,4257.24,114.376,244.377,1.28543,161.325,0.401909,0.000832454,0.0341597
1705888379938600719,0.0005,200,0.999243,1034.36,4251.27,0.243307,1.38127,0.436681,0.312444,0.542264,1.15029e-05,0.000951367
1705888379938600719,0.001,100,0.967449,4071.64,4251.27,0.957746,4.94244,0.436681,1.21308,0.542264,4.30053e-05,0.00319881
1705888379938600719,0.002,50,0.79788,13773.5,4251.27,3.23987,13.5541,0.436681,4.12749,0.542264,0.000128734,0.00758763
1705888379938600719,0.003,33.3333,0.647237,24299,4251.27,5.7157,24.1624,0.436681,7.70019,0.542264,0.000207388,0.0128434
1705888379938600719,0.005,20,0.439818,48275.7,4251.27,11.3556,43.7931,0.436681,15.5436,0.542264,0.000341215,0.0199936
1705888379938600719,0.01,10,0.21726,116953,4251.27,27.51,91.0368,0.436681,36.2347,0.542264,0.000617965,0.0289272
1705888379938600719,0.02,5,0.112793,271486,4251.27,63.8599,175.997,0.436681,78.3492,0.542264,0.0010411,0.0331454
1705888379938600719,0.03,3.33333,0.0787282,438279,4251.27,103.094,261.605,0.436681,120.615,0.542264,0.00133823,0.0354408
1705888379938600719,0.04,2.5,0.0605602,610628,4251.27,143.634,343.266,0.436681,162.919,0.542264,0.00156499,0.0373142
1705888380038439965,0.0005,200,1,649.195,4345.6,0.149391,1.29128,0.0279821,0.275302,0.751793,0.000988705,0.0222183
1705888380038439965,0.001,100,0.972582,2556.06,4345.6,0.588195,4.54563,0.0279821,1.07298,0.751793,0.00273552,0.0596865
1705888380038439965,0.002,50,0.821782,8937.52,4345.6,2.05668,13.0091,0.0279821,3.67779,0.751793,0.00550444,0.108299
1705888380038439965,0.003,33.3333,0.669459,17415.2,4345.6,4.00755,22.0323,0.0279821,6.92494,0.751793,0.00701893,0.15322
1705888380038439965,0.005,20,0.470678,37542,4345.6,8.63909,41.3016,0.0279821,14.1059,0.751793,0.00811863,0.200521
1705888380038439965,0.01,10,0.258949,96666.6,4345.6,22.2447,88.951,0.0279821,33.0843,0.751793,0.00963279,0.247601
1705888380038439965,0.02,5,0.140137,239875,4345.6,55.1994,192.22,0.0279821,71.8292,0.751793,0.0111094,0.281971
1705888380038439965,0.03,3.33333,0.0936786,400540,4345.6,92.1713,294.848,0.0279821,110.777,0.751793,0.0117631,0.292801
1705888380038439965,0.04,2.5,0.0677837,576978,4345.6,132.773,397.58,0.0279821,149.78,0.751793,0.0119216,0.29418
1705888380138273950,0.0005,200,0.999234,658.944,4496.94,0.146532,2.08911,0.0486696,0.311913,0.802982,7.77348e-05,0.00692567
1705888380138273950,0.001,100,0.959418,2591.43,4496.94,0.576265,8.29817,0.0486696,1.2104,0.802982,0.000295591,0.0257221
1705888380138273950,0.002,50,0.806279,8858.54,4496.94,1.9699,25.77,0.0486696,4.03238,0.802982,0.000788709,0.0649024
1705888380138273950,0.003,33.3333,0.660031,16979.5,4496.94,3.77578,44.8386,0.0486696,7.47174,0.802982,0.00118245,0.0912783
1705888380138273950,0.005,20,0.471669,36744.6,4496.94,8.17101,82.8283,0.0486696,15.0326,0.802982,0.00168469,0.115121
1705888380138273950,0.01,10,0.245023,98098.7,4496.94,21.8145,175.078,0.0486696,35.0072,0.802982,0.00238308,0.122462
1705888380138273950,0.02,5,0.124809,247630,4496.94,55.0662,356.908,0.0486696,75.7453,0.802982,0.0030601,0.109596
1705888380138273950,0.03,3.33333,0.0781011,421741,4496.94,93.7839,541.156,0.0486696,116.669,0.802982,0.00329235,0.0986011
1705888380138273950,0.04,2.5,0.0574273,614819,4496.94,136.719,726.487,0.0486696,157.638,0.802982,0.00340423,0.0894526
1705888380238117397,0.0005,200,0.997699,749.429,4949.32,0.15142,1.34974,0.769618,0.277857,0.44132,4.72691e-06,0.00094257
1705888380238117397,0.001,100,0.971626,2898.19,4949.32,0.585572,4.33804,0.769618,1.08067,0.44132,1.59991e-05,0.00295207
1705888380238117397,0.002,50,0.816718,10201.6,4949.32,2.06121,10.6027,0.769618,3.72493,0.44132,4.57143e-05,0.00656545
1705888380238117397,0.003,33.3333,0.667178,19891.4,4949.32,4.019,19.4255,0.769618,7.02632,0.44132,8.28904e-05,0.0109226
1705888380238117397,0.005,20,0.441718,44245.6,4949.32,8.93973,40.2334,0.769618,14.3574,0.44132,0.000149143,0.018672
1705888380238117397,0.01,10,0.230061,119463,4949.32,24.1372,98.8721,0.769618,33.748,0.44132,0.000288218,0.0301803
1705888380238117397,0.02,5,0.119632,290953,4949.32,58.7863,194.037,0.769618,73.2534,0.44132,0.000456547,0.0338076
1705888380238117397,0.03,3.33333,0.0812883,486977,4949.32,98.3927,287.447,0.769618,112.926,0.44132,0.000599799,0.0346366
1705888380238117397,0.04,2.5,0.0567485,703599,4949.32,142.161,379.729,0.769618,152.645,0.44132,0.000726875,0.0344107
1705888380337981041,0.0005,200,0.999258,762.293,4875.91,0.156339,0.505767,0.754057,0.340547,0.537732,1.54624e-06,0.000183664
1705888380337981041,0.001,100,0.952522,2944.07,4875.91,0.603799,2.11759,0.754057,1.31481,0.537732,6.97508e-06,0.000747129
1705888380337981041,0.002,50,0.791543,10103.1,4875.91,2.07205,6.05042,0.754057,4.32922,0.537732,2.00224e-05,0.00211317
1705888380337981041,0.003,33.3333,0.655786,19165.5,4875.91,3.93065,9.52646,0.754057,7.97641,0.537732,2.90272e-05,0.00338146
1705888380337981041,0.005,20,0.465134,40733,4875.91,8.35394,15.7724,0.754057,15.9578,0.537732,4.43696e-05,0.00562204
1705888380337981041,0.01,10,0.244807,109155,4875.91,22.3865,34.7442,0.754057,37.0105,0.537732,9.41704e-05,0.0112322
1705888380337981041,0.02,5,0.123145,279169,4875.91,57.2547,72.5628,0.754057,79.9424,0.537732,0.000177343,0.0202732
1705888380337981041,0.03,3.33333,0.0816024,473638,4875.91,97.1384,111.344,0.754057,123.062,0.537732,0.000241475,0.0276319
1705888380337981041,0.04,2.5,0.0586053,684453,4875.91,140.374,149.433,0.754057,166.226,0.537732,0.000297131,0.0338823
1705888380438614268,0.0005,200,1,676.001,4579.49,0.147615,0.874567,4.17722,0.303069,0.470453,1.33577e-06,0.00022766
1705888380438614268,0.001,100,0.958333,2620.39,4579.49,0.572202,2.6759,4.17722,1.18728,0.470453,4.97174e-06,0.000674637
1705888380438614268,0.002,50,0.809848,8810.56,4579.49,1.92392,6.11697,4.17722,4.01419,0.470453,1.63802e-05,0.00136849
1705888380438614268,0.003,33.3333,0.665909,16607.9,4579.49,3.62659,8.29812,4.17722,7.4828,0.470453,2.47012e-05,0.00172055
1705888380438614268,0.005,20,0.451515,34914.5,4579.49,7.62411,14.3204,4.17722,15.1272,0.470453,4.2437e-05,0.00279686
1705888380438614268,0.01,10,0.237879,85965.6,4579.49,18.7719,31.1353,4.17722,35.3004,0.470453,8.04531e-05,0.00552632
1705888380438614268,0.02,5,0.120455,201952,4579.49,44.0993,65.0414,4.17722,76.3871,0.470453,0.000163969,0.0086543
1705888380438614268,0.03,3.33333,0.0818182,333052,4579.49,72.7269,102.075,4.17722,117.651,0.470453,0.000236976,0.0108806
1705888380438614268,0.04,2.5,0.0643939,477076,4579.49,104.177,133.525,4.17722,158.958,0.470453,0.000303366,0.0116537
1705888380538458673,0.0005,200,0.999228,637.83,4502.06,0.141675,0.61116,9.0462,0.321713,0.491386,6.83002e-07,7.55954e-05
1705888380538458673,0.001,100,0.955985,2490.15,4502.06,0.553113,2.21933,9.0462,1.23361,0.491386,2.93849e-06,0.000259304
1705888380538458673,0.002,50,0.8139,8613.97,4502.06,1.91334,3.86229,9.0462,4.04603,0.491386,7.38494e-06,0.00032884
1705888380538458673,0.003,33.3333,0.665637,16552.8,4502.06,3.67673,6.88142,9.0462,7.48016,0.491386,1.19845e-05,0.000641125
1705888380538458673,0.005,20,0.457143,35559.4,4502.06,7.89846,16.6649,9.0462,15.0435,0.491386,2.19828e-05,0.00180566
1705888380538458673,0.01,10,0.242471,96129.8,4502.06,21.3524,43.8704,9.0462,35.0068,0.491386,4.62115e-05,0.00460102
1705888380538458673,0.02,5,0.118147,241331,4502.06,53.6045,104.033,9.0462,75.7153,0.491386,8.2868e-05,0.00937369
1705888380538458673,0.03,3.33333,0.0833977,392686,4502.06,87.2236,165.911,9.0462,116.592,0.491386,0.000113703,0.0129244
1705888380538458673,0.04,2.5,0.0610039,548388,4502.06,121.808,227.15,9.0462,157.511,0.491386,0.000139424,0.0155594
1705888380638309307,0.0005,200,0.999225,574.507,4717.63,0.121779,0.862005,0.614582,0.28891,0.475904,1.63992e-06,0.000222547
1705888380638309307,0.001,100,0.965891,2268.1,4717.63,0.480772,2.89672,0.614582,1.11931,0.475904,5.3538e-06,0.000749191
1705888380638309307,0.002,50,0.815504,7934.28,4717.63,1.68184,7.15762,0.614582,3.79388,0.475904,1.46305e-05,0.00178742
1705888380638309307,0.003,33.3333,0.662016,15037.9,4717.63,3.18759,13.0005,0.614582,7.10247,0.475904,2.53706e-05,0.00317873
1705888380638309307,0.005,20,0.45814,31641.6,4717.63,6.70709,25.4809,0.614582,14.3873,0.475904,4.72242e-05,0.00590168
1705888380638309307,0.01,10,0.263566,82240.1,4717.63,17.4325,52.72,0.614582,33.5787,0.475904,9.31358e-05,0.0104822
1705888380638309307,0.02,5,0.136434,202830,4717.63,42.9941,93.792,0.614582,72.7258,0.475904,0.000164535,0.013891
1705888380638309307,0.03,3.33333,0.0937984,334439,4717.63,70.8914,134.061,0.614582,112.062,0.475904,0.000236114,0.0155556
1705888380638309307,0.04,2.5,0.072093,475357,4717.63,100.762,177.505,0.614582,151.446,0.475904,0.0003083,0.0167106
1705888380738145846,0.0005,200,0.997654,693.679,4630.43,0.149809,1.63679,1.40986,0.320494,0.712563,1.98151e-06,0.000465921
1705888380738145846,0.001,100,0.956998,2675.57,4630.43,0.577822,4.96207,1.40986,1.23706,0.712563,5.546e-06,0.0014098
1705888380738145846,0.002,50,0.803753,9000.56,4630.43,1.94378,13.2167,1.40986,4.12331,0.712563,1.43741e-05,0.0036765
1705888380738145846,0.003,33.3333,0.639562,16846.6,4630.43,3.63823,20.9124,1.40986,7.65748,0.712563,2.30602e-05,0.00565912
1705888380738145846,0.005,20,0.417514,34873.6,4630.43,7.5314,36.2952,1.40986,15.4214,0.712563,3.85757e-05,0.00927759
1705888380738145846,0.01,10,0.227522,89148.6,4630.43,19.2528,86.1971,1.40986,35.8115,0.712563,8.2095e-05,0.0188608
1705888380738145846,0.02,5,0.120407,208898,4630.43,45.1142,170.623,1.40986,77.2635,0.712563,0.00011189,0.0298003
1705888380738145846,0.03,3.33333,0.084441,341149,4630.43,73.6755,252.848,1.40986,118.864,0.712563,0.00011866,0.0372038
1705888380738145846,0.04,2.5,0.0664582,487071,4630.43,105.189,335.053,1.40986,160.505,0.712563,0.000124524,0.0429406
1705888380838000663,0.0005,200,0.996928,767.341,4464.06,0.171893,1.46542,0.0100697,0.346507,0.750023,0.00196798,0.0936838
1705888380838000663,0.001,100,0.950845,2925.62,4464.06,0.655372,5.39113,0.0100697,1.32322,0.750023,0.00409999,0.208641
1705888380838000663,0.002,50,0.794931,9416.18,4464.06,2.10933,16.5103,0.0100697,4.34188,0.750023,0.00482472,0.281438
1705888380838000663,0.003,33.3333,0.645161,17560.7,4464.06,3.9338,26.3478,0.0100697,7.99563,0.750023,0.00403621,0.293282
1705888380838000663,0.005,20,0.442396,36002.3,4464.06,8.06492,46.5321,0.0100697,15.9866,0.750023,0.00325774,0.285399
1705888380838000663,0.01,10,0.228879,90072.9,4464.06,20.1773,97.2321,0.0100697,36.9869,0.750023,0.00416003,0.258265
1705888380838000663,0.02,5,0.119816,210973,4464.06,47.2603,189.943,0.0100697,79.7003,0.750023,0.00724008,0.273838
1705888380838000663,0.03,3.33333,0.0837174,347852,4464.06,77.9228,281.862,0.0100697,122.582,0.750023,0.00979811,0.304715
1705888380838000663,0.04,2.5,0.0614439,496073,4464.06,111.126,376.157,0.0100697,165.508,0.750023,0.0111432,0.322624
1705888380938616627,0.0005,200,1,902.187,4359.74,0.206936,1.46066,6.68689,0.327253,0.567687,1.83439e-06,0.000435248
1705888380938616627,0.001,100,0.957463,3467.26,4359.74,0.795289,5.47157,6.68689,1.26869,0.567687,7.39227e-06,0.00160941
1705888380938616627,0.002,50,0.804478,11739.9,4359.74,2.69279,12.2895,6.68689,4.2096,0.567687,1.77416e-05,0.00353927
1705888380938616627,0.003,33.3333,0.648507,21912.3,4359.74,5.02605,19.789,6.68689,7.80039,0.567687,2.71485e-05,0.0055719
1705888380938616627,0.005,20,0.456716,45071.5,4359.74,10.3381,36.0319,6.68689,15.6621,0.567687,4.97075e-05,0.00963087
1705888380938616627,0.01,10,0.255224,115113,4359.74,26.4035,77.4877,6.68689,36.373,0.567687,0.000105103,0.018466
1705888380938616627,0.02,5,0.124627,286534,4359.74,65.7226,161.968,6.68689,78.6005,0.567687,0.000206645,0.0312158
1705888380938616627,0.03,3.33333,0.0843284,475546,4359.74,109.077,249.26,6.68689,121.015,0.567687,0.000292858,0.0406592
1705888380938616627,0.04,2.5,0.0656716,681793,4359.74,156.384,338.288,6.68689,163.474,0.567687,0.000379264,0.0480433
1705888381038451574,0.0005,200,0.997786,877.108,4243.36,0.206701,0.565591,1.55625,0.318559,0.515583,2.51038e-06,0.000243393
1705888381038451574,0.001,100,0.963838,3434.05,4243.36,0.809278,1.61686,1.55625,1.21852,0.515583,7.50818e-06,0.000677418
1705888381038451574,0.002,50,0.804428,11509.6,4243.36,2.71239,5.32728,1.55625,4.08789,0.515583,2.16773e-05,0.00221653
1705888381038451574,0.003,33.3333,0.667159,21718,4243.36,5.11812,9.61764,1.55625,7.61092,0.515583,3.50187e-05,0.00392646
1705888381038451574,0.005,20,0.462731,45278,4243.36,10.6703,20.9221,1.55625,15.3584,0.515583,6.45868e-05,0.00792044
1705888381038451574,0.01,10,0.250185,115102,4243.36,27.1253,45.5494,1.55625,35.8049,0.515583,0.000114893,0.0136906
1705888381038451574,0.02,5,0.127675,277346,4243.36,65.3601,96.5531,1.55625,77.5177,0.515583,0.000176017,0.0188354
1705888381038451574,0.03,3.33333,0.0833948,458125,4243.36,107.963,144.097,1.55625,119.42,0.515583,0.000212582,0.0197739
1705888381038451574,0.04,2.5,0.0671587,649862,4243.36,153.148,190.956,1.55625,161.366,0.515583,0.000240721,0.0197601
1705888381138296070,0.0005,200,0.999264,871.958,4266.99,0.20435,1.84873,0.408619,0.339313,0.700697,6.12598e-07,8.26135e-05
1705888381138296070,0.001,100,0.959499,3339.4,4266.99,0.782613,5.48925,0.408619,1.30648,0.700697,1.91237e-06,0.000242595
1705888381138296070,0.002,50,0.791605,10960.5,4266.99,2.56868,9.58518,0.408619,4.35787,0.700697,3.23895e-06,0.000424867
1705888381138296070,0.003,33.3333,0.637703,19990.5,4266.99,4.68493,14.9117,0.408619,8.07924,0.700697,4.55557e-06,0.000669848
1705888381138296070,0.005,20,0.451399,40665.2,4266.99,9.53019,26.0073,0.408619,16.2031,0.700697,7.45342e-06,0.00116883
1705888381138296070,0.01,10,0.243741,100381,4266.99,23.5249,54.0881,0.408619,37.5475,0.700697,1.52778e-05,0.00238398
1705888381138296070,0.02,5,0.130339,236458,4266.99,55.4157,110.256,0.408619,81.0011,0.700697,3.06039e-05,0.0046445
1705888381138296070,0.03,3.33333,0.0927835,386666,4266.99,90.6181,163.913,0.408619,124.641,0.700697,4.35738e-05,0.00660439
1705888381138296070,0.04,2.5,0.0670103,544732,4266.99,127.662,217.708,0.408619,168.332,0.700697,5.58487e-05,0.00839583
1705888381238140210,0.0005,200,0.996198,891.085,4189.66,0.212687,2.82679,0.157763,0.331433,0.856419,9.49941e-05,0.0146899
1705888381238140210,0.001,100,0.959696,3454.53,4189.66,0.824537,9.09525,0.157763,1.2432,0.856419,0.000279243,0.0409338
1705888381238140210,0.002,50,0.802281,11482,4189.66,2.74057,24.0311,0.157763,4.07872,0.856419,0.000515522,0.0753462
1705888381238140210,0.003,33.3333,0.660837,21393.1,4189.66,5.10616,40.315,0.157763,7.53222,0.856419,0.000637109,0.0921368
1705888381238140210,0.005,20,0.482129,44816.5,4189.66,10.6969,72.1155,0.157763,15.0948,0.856419,0.000772539,0.103606
1705888381238140210,0.01,10,0.267681,116092,4189.66,27.7093,149.286,0.157763,35.0582,0.856419,0.00103981,0.10815
1705888381238140210,0.02,5,0.126236,284330,4189.66,67.8647,308.725,0.157763,75.8326,0.856419,0.00152417,0.112948
1705888381238140210,0.03,3.33333,0.0859316,481051,4189.66,114.819,464.288,0.157763,116.806,0.856419,0.00193492,0.11233
1705888381238140210,0.04,2.5,0.061597,706457,4189.66,168.619,619.017,0.157763,157.828,0.856419,0.00237272,0.110339
1705888381337974129,0.0005,200,0.996353,874.052,4348.95,0.20098,1.19599,0.587105,0.358113,0.866036,4.84253e-08,6.20675e-06
1705888381337974129,0.001,100,0.953319,3360.51,4348.95,0.772719,2.95255,0.587105,1.35308,0.866036,1.27864e-07,1.50971e-05
1705888381337974129,0.002,50,0.80744,11160.3,4348.95,2.5662,3.1707,0.587105,4.39713,0.866036,1.70172e-07,1.51439e-05
1705888381337974129,0.003,33.3333,0.656455,21059.4,4348.95,4.84242,3.85618,0.587105,8.0948,0.866036,2.35058e-07,1.72635e-05
1705888381337974129,0.005,20,0.463895,44193.9,4348.95,10.162,8.19432,0.587105,16.1904,0.866036,4.97916e-07,3.66723e-05
1705888381337974129,0.01,10,0.255288,112345,4348.95,25.8327,20.7831,0.587105,37.5045,0.866036,1.04742e-06,0.000100889
1705888381337974129,0.02,5,0.139314,263635,4348.95,60.6205,40.5358,0.587105,80.9062,0.866036,1.92824e-06,0.000199519
1705888381337974129,0.03,3.33333,0.0970095,434736,4348.95,99.9634,60.8764,0.587105,124.505,0.866036,2.89146e-06,0.000297922
1705888381337974129,0.04,2.5,0.075857,620402,4348.95,142.656,80.7941,0.587105,168.156,0.866036,3.77456e-06,0.000394019
1705888381438627524,0.0005,200,0.999249,816.721,4192.94,0.194785,0.952483,0.172176,0.357691,0.626522,1.92017e-05,0.00204904
1705888381438627524,0.001,100,0.950413,3185.05,4192.94,0.759624,3.80718,0.172176,1.37981,0.626522,7.06538e-05,0.00771131
1705888381438627524,0.002,50,0.775357,10197.1,4192.94,2.43198,8.98597,0.172176,4.5481,0.626522,0.00016291,0.0157278
1705888381438627524,0.003,33.3333,0.642374,18625,4192.94,4.442,14.5823,0.172176,8.33713,0.626522,0.000254695,0.0223143
1705888381438627524,0.005,20,0.453794,37747,4192.94,9.00252,27.2015,0.172176,16.5948,0.626522,0.000392756,0.0335502
1705888381438627524,0.01,10,0.230654,91955.8,4192.94,21.9311,52.5248,0.172176,38.3096,0.626522,0.000628321,0.0424936
1705888381438627524,0.02,5,0.111946,215094,4192.94,51.2992,103.32,0.172176,82.5207,0.626522,0.000953854,0.0530278
1705888381438627524,0.03,3.33333,0.0803907,356464,4192.94,85.0154,149.956,0.172176,126.888,0.626522,0.00118062,0.0579078
1705888381438627524,0.04,2.5,0.0623591,511894,4192.94,122.085,200.841,0.172176,171.297,0.626522,0.00137952,0.0594287
1705888381538458044,0.0005,200,1,821.36,4272.48,0.192244,1.83441,0.705294,0.29264,0.624648,9.11631e-06,0.00152046
1705888381538458044,0.001,100,0.968,3159.38,4272.48,0.739472,6.71644,0.705294,1.14491,0.624648,3.41757e-05,0.005423
1705888381538458044,0.002,50,0.824727,10557.6,4272.48,2.47106,16.4028,0.705294,3.91186,0.624648,9.4976e-05,0.0121376
1705888381538458044,0.003,33.3333,0.664727,19964.6,4272.48,4.67285,24.2839,0.705294,7.35185,0.624648,0.000133816,0.0167321
1705888381538458044,0.005,20,0.466182,42720.8,4272.48,9.99907,38.5382,0.705294,14.9608,0.624648,0.000193672,0.0228012
1705888381538458044,0.01,10,0.253091,108272,4272.48,25.3416,78.2937,0.705294,35.1038,0.624648,0.000340344,0.0333746
1705888381538458044,0.02,5,0.116364,260174,4272.48,60.8954,159.123,0.705294,76.2524,0.624648,0.000561987,0.0432898
1705888381538458044,0.03,3.33333,0.0792727,422139,4272.48,98.8041,245.618,0.705294,117.594,0.624648,0.000750207,0.049056
1705888381538458044,0.04,2.5,0.0545455,587206,4272.48,137.439,329.563,0.705294,158.979,0.624648,0.000904519,0.0524245
1705888381638298413,0.0005,200,0.997843,883.727,4488.19,0.196901,1.08796,9.27467e-05,0.373574,0.832749,0.00107096,0.0697897
1705888381638298413,0.001,100,0.95399,3299.49,4488.19,0.73515,2.00592,9.27467e-05,1.4252,0.832749,0.00280719,0.136904
1705888381638298413,0.002,50,0.788641,10856.7,4488.19,2.41896,7.94839,9.27467e-05,4.66939,0.832749,0.00562079,0.20967
1705888381638298413,0.003,33.3333,0.642703,20436,4488.19,4.55329,17.0281,9.27467e-05,8.56817,0.832749,0.00808313,0.221907
1705888381638298413,0.005,20,0.457225,42530,4488.19,9.47599,35.8585,9.27467e-05,17.0474,0.832749,0.0125397,0.273283
1705888381638298413,0.01,10,0.245866,109955,4488.19,24.4987,78.7638,9.27467e-05,39.333,0.832749,0.0173435,0.338293
1705888381638298413,0.02,5,0.139468,269751,4488.19,60.1024,162.239,9.27467e-05,84.6697,0.832749,0.0189358,0.358679
1705888381638298413,0.03,3.33333,0.092739,452854,4488.19,100.899,247.937,9.27467e-05,130.207,0.832749,0.0184281,0.346201
1705888381638298413,0.04,2.5,0.0740474,641786,4488.19,142.995,333.067,9.27467e-05,175.8,0.832749,0.0184109,0.343972
1705888381738137351,0.0005,200,0.99703,803.211,4534.76,0.177123,2.62963,0.0183574,0.3649,0.767297,0.000129615,0.013458
1705888381738137351,0.001,100,0.955457,3019.72,4534.76,0.665906,8.10691,0.0183574,1.39089,0.767297,0.000379588,0.0349622
1705888381738137351,0.002,50,0.777283,9621.92,4534.76,2.12181,16.7881,0.0183574,4.58716,0.767297,0.000692094,0.0522425
1705888381738137351,0.003,33.3333,0.634001,17828.8,4534.76,3.93158,25.0409,0.0183574,8.43052,0.767297,0.000942008,0.0597219
1705888381738137351,0.005,20,0.449146,35948.2,4534.76,7.92726,44.6723,0.0183574,16.7703,0.767297,0.00132458,0.0741936
1705888381738137351,0.01,10,0.253155,85769.7,4534.76,18.9138,90.5126,0.0183574,38.6048,0.767297,0.00202377,0.0803485
1705888381738137351,0.02,5,0.132146,200876,4534.76,44.2969,170.117,0.0183574,83.0527,0.767297,0.00301901,0.0840935
1705888381738137351,0.03,3.33333,0.0890869,323696,4534.76,71.381,254.344,0.0183574,127.701,0.767297,0.0036942,0.0846108
1705888381738137351,0.04,2.5,0.064588,453094,4534.76,99.9158,340.057,0.0183574,172.397,0.767297,0.00417227,0.0849841
1705888381837981950,0.0005,200,0.997701,735.124,4283.38,0.171622,2.22659,0.013637,0.350977,0.878085,0.00211924,0.0555231
1705888381837981950,0.001,100,0.950958,2773.31,4283.38,0.647458,6.51044,0.013637,1.33593,0.878085,0.00249666,0.101153
1705888381837981950,0.002,50,0.786207,8933.83,4283.38,2.0857,15.7221,0.013637,4.36739,0.878085,0.00239378,0.130205
1705888381837981950,0.003,33.3333,0.649042,16165,4283.38,3.7739,24.2327,0.013637,8.01879,0.878085,0.00234112,0.160935
1705888381837981950,0.005,20,0.460536,33128.1,4283.38,7.73411,41.7164,0.013637,15.9848,0.878085,0.00255731,0.170902
1705888381837981950,0.01,10,0.242912,81941.6,4283.38,19.1301,85.8446,0.013637,36.9423,0.878085,0.00201651,0.149439
1705888381837981950,0.02,5,0.121839,194011,4283.38,45.2938,180.183,0.013637,79.6186,0.878085,0.00246539,0.150765
1705888381837981950,0.03,3.33333,0.0842912,319451,4283.38,74.5793,273.116,0.013637,122.466,0.878085,0.00258719,0.143013
1705888381837981950,0.04,2.5,0.0636015,455549,4283.38,106.353,365.331,0.013637,165.354,0.878085,0.00265889,0.140491
1705888381938608671,0.0005,200,0.9952,660.572,4053.71,0.162955,3.77155,0.0868229,0.375725,0.752752,0.000146315,0.0206871
1705888381938608671,0.001,100,0.9496,2509.23,4053.71,0.618996,11.8015,0.0868229,1.40875,0.752752,0.000407427,0.056128
1705888381938608671,0.002,50,0.7768,8053.06,4053.71,1.98659,25.941,0.0868229,4.54207,0.752752,0.000647777,0.0887184
1705888381938608671,0.003,33.3333,0.6176,14810.7,4053.71,3.65361,39.0466,0.0868229,8.28434,0.752752,0.000773099,0.0995586
1705888381938608671,0.005,20,0.4344,30162.8,4053.71,7.4408,68.1279,0.0868229,16.3805,0.752752,0.000986684,0.109922
1705888381938608671,0.01,10,0.2248,75764.4,4053.71,18.6902,141.05,0.0868229,37.5882,0.752752,0.00136801,0.109416
1705888381938608671,0.02,5,0.1216,177881,4053.71,43.8811,283.356,0.0868229,80.6926,0.752752,0.0018911,0.10014
1705888381938608671,0.03,3.33333,0.0824,290059,4053.71,71.5539,423.96,0.0868229,123.952,0.752752,0.00213002,0.0935219
1705888381938608671,0.04,2.5,0.0592,406756,4053.71,100.342,565.194,0.0868229,167.253,0.752752,0.0022359,0.0900925
1705888382038447186,0.0005,200,0.993109,664.983,3995.86,0.166418,5.66648,0.335646,0.448615,0.960749,6.69094e-05,0.00832446
1705888382038447186,0.001,100,0.912145,2498.14,3995.86,0.625184,19.4761,0.335646,1.6689,0.960749,0.000224026,0.0274322
1705888382038447186,0.002,50,0.737295,7751.78,3995.86,1.93995,43.3893,0.335646,5.17931,0.960749,0.000466983,0.0549327
1705888382038447186,0.003,33.3333,0.583979,14116.5,3995.86,3.53279,66.7889,0.335646,9.2429,0.960749,0.000656282,0.0758087
1705888382038447186,0.005,20,0.391042,28082.6,3995.86,7.02792,112.947,0.335646,17.9389,0.960749,0.000945333,0.104142
1705888382038447186,0.01,10,0.217054,68181.5,3995.86,17.0631,230.778,0.335646,40.4632,0.960749,0.00138295,0.139358
1705888382038447186,0.02,5,0.112834,160066,3995.86,40.0579,471.228,0.335646,86.1021,0.960749,0.00185178,0.164243
1705888382038447186,0.03,3.33333,0.0706288,261276,3995.86,65.3868,712.246,0.335646,131.882,0.960749,0.0021649,0.176008
1705888382038447186,0.04,2.5,0.0525409,368805,3995.86,92.2968,956.929,0.335646,177.694,0.960749,0.00240496,0.181598
1705888382138301523,0.0005,200,0.993371,604.225,3667.67,0.164744,4.56849,0.172198,0.403505,0.945853,1.31373e-05,0.00170752
1705888382138301523,0.001,100,0.914773,2273.96,3667.67,0.620001,16.1159,0.172198,1.49935,0.945853,4.65522e-05,0.00594759
1705888382138301523,0.002,50,0.733902,7090.99,3667.67,1.93338,38.3475,0.172198,4.65761,0.945853,0.000110536,0.013697
1705888382138301523,0.003,33.3333,0.578598,12867,3667.67,3.50823,61.7038,0.172198,8.34661,0.945853,0.000173024,0.0213246
1705888382138301523,0.005,20,0.376894,25883.9,3667.67,7.05733,108.031,0.172198,16.2448,0.945853,0.000285231,0.0348133
1705888382138301523,0.01,10,0.211174,64339.1,3667.67,17.5422,223.845,0.172198,36.6769,0.945853,0.000503735,0.0601677
1705888382138301523,0.02,5,0.11553,155045,3667.67,42.2736,454.973,0.172198,78.0379,0.945853,0.000768391,0.0881337
1705888382138301523,0.03,3.33333,0.0776515,257304,3667.67,70.1546,688.227,0.172198,119.531,0.945853,0.000912324,0.101655
1705888382138301523,0.04,2.5,0.0549242,368189,3667.67,100.388,919.689,0.172198,161.056,0.945853,0.000994795,0.107989
1705888382238138312,0.0005,200,0.997015,533.96,3432.87,0.155543,3.00235,1.17265,0.340664,0.789601,2.23241e-05,0.00266037
1705888382238138312,0.001,100,0.927363,2068.52,3432.87,0.602564,10.9548,1.17265,1.30165,0.789601,8.01111e-05,0.00952203
1705888382238138312,0.002,50,0.730348,6844.8,3432.87,1.9939,28.2948,1.17265,4.17272,0.789601,0.000196905,0.0233805
1705888382238138312,0.003,33.3333,0.5801,12993.2,3432.87,3.78496,46.0047,1.17265,7.53076,0.789601,0.000301268,0.0359749
1705888382238138312,0.005,20,0.4,27702.2,3432.87,8.06971,80.793,1.17265,14.7209,0.789601,0.000471725,0.0565298
1705888382238138312,0.01,10,0.2199,73530.6,3432.87,21.4196,160.119,1.17265,33.3751,0.789601,0.000735381,0.0884132
1705888382238138312,0.02,5,0.128358,185575,3432.87,54.0583,313.241,1.17265,71.1668,0.789601,0.00100636,0.125111
1705888382238138312,0.03,3.33333,0.0835821,313537,3432.87,91.3337,467.771,1.17265,109.092,0.789601,0.00115812,0.147403
1705888382238138312,0.04,2.5,0.0557214,454898,3432.87,132.513,623.313,1.17265,147.055,0.789601,0.00128055,0.165658
1705888382337981459,0.0005,200,0.996888,543.612,3124.69,0.173973,3.65715,0.237799,0.335512,0.597065,7.3778e-06,0.000874839
1705888382337981459,0.001,100,0.929461,2082.9,3124.69,0.666595,12.7518,0.237799,1.2706,0.597065,2.5951e-05,0.00302542
1705888382337981459,0.002,50,0.727178,6630.02,3124.69,2.12182,28.6802,0.237799,4.0293,0.597065,5.92201e-05,0.00665678
1705888382337981459,0.003,33.3333,0.591286,12099.1,3124.69,3.87211,43.9855,0.237799,7.24322,0.597065,8.93985e-05,0.0100272
1705888382337981459,0.005,20,0.408714,24382.4,3124.69,7.80314,75.0741,0.237799,14.1192,0.597065,0.000147922,0.0164109
1705888382337981459,0.01,10,0.228216,59669.4,3124.69,19.0961,155.259,0.237799,31.9788,0.597065,0.000282583,0.030271
1705888382337981459,0.02,5,0.121369,137628,3124.69,44.0452,320.625,0.237799,68.2023,0.597065,0.000487737,0.0507195
1705888382337981459,0.03,3.33333,0.0840249,222009,3124.69,71.05,485.579,0.237799,104.56,0.597065,0.000629784,0.0637637
1705888382337981459,0.04,2.5,0.0518672,310319,3124.69,99.3119,655.05,0.237799,140.957,0.597065,0.000739363,0.0728067
1705888382438615157,0.0005,200,0.997914,526.908,3079.28,0.171114,1.34213,0.356552,0.281553,0.45842,4.00329e-05,0.0031312
1705888382438615157,0.001,100,0.94682,2038.05,3079.28,0.661859,5.32481,0.356552,1.08653,0.45842,0.000141239,0.0123113
1705888382438615157,0.002,50,0.754953,6835.21,3079.28,2.21975,15.8833,0.356552,3.57693,0.45842,0.000360452,0.0338689
1705888382438615157,0.003,33.3333,0.599583,12527.2,3079.28,4.06824,25.4124,0.356552,6.53708,0.45842,0.000519196,0.0487372
1705888382438615157,0.005,20,0.419187,25557.4,3079.28,8.29982,43.9288,0.356552,12.9161,0.45842,0.000773989,0.0684606
1705888382438615157,0.01,10,0.230448,61496.6,3079.28,19.9711,94.118,0.356552,29.541,0.45842,0.00119955,0.0996943
1705888382438615157,0.02,5,0.129301,144254,3079.28,46.8467,187.096,0.356552,63.2671,0.45842,0.00156081,0.122137
1705888382438615157,0.03,3.33333,0.0938478,240293,3079.28,78.0355,278.322,0.356552,97.115,0.45842,0.00177215,0.126658
1705888382438615157,0.04,2.5,0.0688217,343203,3079.28,111.456,370.803,0.356552,131.002,0.45842,0.00192097,0.129437
1705888382538470147,0.0005,200,0.997972,653.864,3279.58,0.199374,1.27379,0.803658,0.315459,0.524169,1.46595e-05,0.00193699
1705888382538470147,0.001,100,0.932049,2463.15,3279.58,0.751055,4.91624,0.803658,1.19823,0.524169,6.1144e-05,0.0072404
1705888382538470147,0.002,50,0.763692,7789.04,3279.58,2.37501,14.1978,0.803658,3.81125,0.524169,0.000183476,0.0194616
1705888382538470147,0.003,33.3333,0.618661,14499.3,3279.58,4.42108,22.9004,0.803658,6.90002,0.524169,0.00028113,0.0299733
1705888382538470147,0.005,20,0.418864,29797.7,3279.58,9.08582,41.0971,0.803658,13.5818,0.524169,0.000450033,0.0492471
1705888382538470147,0.01,10,0.218053,72726.9,3279.58,22.1756,86.9178,0.803658,31.02,0.524169,0.000774443,0.0893292
1705888382538470147,0.02,5,0.117647,176050,3279.58,53.6805,174.289,0.803658,66.4048,0.524169,0.00123505,0.154247
1705888382538470147,0.03,3.33333,0.0720081,296692,3279.58,90.4663,256.626,0.803658,101.919,0.524169,0.00157454,0.20277
1705888382538470147,0.04,2.5,0.0547667,417305,3279.58,127.243,340.839,0.803658,137.463,0.524169,0.00186855,0.239615
1705888382638314611,0.0005,200,0.995992,647.385,3467.38,0.186707,1.15186,0.13805,0.313188,0.631361,4.0484e-05,0.00411605
1705888382638314611,0.001,100,0.942886,2518.4,3467.38,0.726313,4.37977,0.13805,1.17924,0.631361,0.000150886,0.0145777
1705888382638314611,0.002,50,0.756513,8279.27,3467.38,2.38776,10.5759,0.13805,3.8054,0.631361,0.000353226,0.0329775
1705888382638314611,0.003,33.3333,0.611222,15523.5,3467.38,4.47702,15.8877,0.13805,6.92312,0.631361,0.000502631,0.0480116
1705888382638314611,0.005,20,0.415832,32793.7,3467.38,9.45779,25.6744,0.13805,13.6547,0.631361,0.0007459,0.0759002
1705888382638314611,0.01,10,0.220441,81108.5,3467.38,23.3919,47.3218,0.13805,31.213,0.631361,0.00116843,0.125384
1705888382638314611,0.02,5,0.11523,189661,3467.38,54.6988,94.088,0.13805,66.8578,0.631361,0.00177035,0.170453
1705888382638314611,0.03,3.33333,0.0701403,304287,3467.38,87.7569,137.77,0.13805,102.628,0.631361,0.00213396,0.18308
1705888382638314611,0.04,2.5,0.0561122,425449,3467.38,122.701,182.205,0.13805,138.425,0.631361,0.00245047,0.187779
1705888382738158681,0.0005,200,0.997012,665.89,3479.13,0.191395,2.04846,0.0402041,0.299749,0.459745,0.000194345,0.0266788
1705888382738158681,0.001,100,0.948207,2560.24,3479.13,0.735885,5.24721,0.0402041,1.13929,0.459745,0.000355619,0.0486364
1705888382738158681,0.002,50,0.75996,8456.16,3479.13,2.43053,12.4646,0.0402041,3.71304,0.459745,0.00044085,0.0617534
1705888382738158681,0.003,33.3333,0.59761,15636.8,3479.13,4.49446,21.7909,0.0402041,6.79222,0.459745,0.000535041,0.0699366
1705888382738158681,0.005,20,0.411355,32421.3,3479.13,9.31878,40.7055,0.0402041,13.4336,0.459745,0.000642293,0.0735072
1705888382738158681,0.01,10,0.234064,85756.3,3479.13,24.6487,88.2509,0.0402041,30.7317,0.459745,0.000571452,0.0707571
1705888382738158681,0.02,5,0.125498,204461,3479.13,58.7677,167.009,0.0402041,65.8616,0.459745,0.000655257,0.0635005
1705888382738158681,0.03,3.33333,0.0896414,333420,3479.13,95.8342,242.501,0.0402041,101.12,0.459745,0.000981418,0.0630065
1705888382738158681,0.04,2.5,0.064741,464559,3479.13,133.527,326.067,0.0402041,136.416,0.459745,0.00121067,0.0655473
1705888382837991261,0.0005,200,1,484.103,3521.02,0.137489,1.92268,0.0857185,0.276653,0.4427,5.72297e-05,0.00735436
1705888382837991261,0.001,100,0.945344,1862.96,3521.02,0.529097,6.37566,0.0857185,1.07794,0.4427,0.000183269,0.0224678
1705888382837991261,0.002,50,0.759109,6348.8,3521.02,1.80312,15.3973,0.0857185,3.56722,0.4427,0.000359261,0.0438544
1705888382837991261,0.003,33.3333,0.62247,12070.7,3521.02,3.42818,24.3206,0.0857185,6.53468,0.4427,0.000464544,0.055337
1705888382837991261,0.005,20,0.419028,25436.4,3521.02,7.22415,41.7317,0.0857185,12.9624,0.4427,0.00057583,0.0648303
1705888382837991261,0.01,10,0.22166,64216.2,3521.02,18.238,84.6663,0.0857185,29.7816,0.4427,0.000719921,0.0688479
1705888382837991261,0.02,5,0.104251,151132,3521.02,42.9227,159.265,0.0857185,63.9806,0.4427,0.00090044,0.0649274
1705888382837991261,0.03,3.33333,0.0657895,243040,3521.02,69.0254,229.649,0.0857185,98.3116,0.4427,0.00116282,0.0662064
1705888382837991261,0.04,2.5,0.0435223,340418,3521.02,96.6818,302.154,0.0857185,132.672,0.4427,0.00140023,0.0690887
1705888382938631496,0.0005,200,0.99895,587.959,3144.21,0.186997,2.93909,0.00473496,0.28829,0.264941,0.00200765,0.0989869
1705888382938631496,0.001,100,0.944328,2259.3,3144.21,0.718561,10.9696,0.00473496,1.10692,0.264941,0.00533224,0.284339
1705888382938631496,0.002,50,0.761555,7394.61,3144.21,2.35182,29.5566,0.00473496,3.61729,0.264941,0.00848811,0.530603
1705888382938631496,0.003,33.3333,0.587185,13633.5,3144.21,4.33608,49.1366,0.00473496,6.61174,0.264941,0.00946674,0.63523
1705888382938631496,0.005,20,0.397059,27046.6,3144.21,8.60205,85.4348,0.00473496,13.073,0.264941,0.00996113,0.718913
1705888382938631496,0.01,10,0.216387,63618,3144.21,20.2334,177.056,0.00473496,29.8892,0.264941,0.0089764,0.724736
1705888382938631496,0.02,5,0.122899,149429,3144.21,47.5251,352.024,0.00473496,63.984,0.264941,0.00678056,0.688776
1705888382938631496,0.03,3.33333,0.0819328,244724,3144.21,77.8333,524.274,0.00473496,98.1948,0.264941,0.00561683,0.682537
1705888382938631496,0.04,2.5,0.0619748,343120,3144.21,109.128,702.416,0.00473496,132.438,0.264941,0.00501376,0.68785
1705888383038465356,0.0005,200,1,549.138,3230.97,0.169961,2.19695,0.493888,0.266667,0.326552,3.24618e-05,0.00459193
1705888383038465356,0.001,100,0.95087,2118.77,3230.97,0.655769,7.82415,0.493888,1.04202,0.326552,0.000115911,0.016154
1705888383038465356,0.002,50,0.755374,7092.91,3230.97,2.19529,20.2635,0.493888,3.48953,0.326552,0.000277558,0.040094
1705888383038465356,0.003,33.3333,0.603889,13295.1,3230.97,4.1149,31.0362,0.493888,6.43479,0.326552,0.00040454,0.0590516
1705888383038465356,0.005,20,0.41044,27675.5,3230.97,8.5657,51.6592,0.493888,12.8083,0.326552,0.000610461,0.0917947
1705888383038465356,0.01,10,0.214944,70713.5,3230.97,21.8862,107.986,0.493888,29.4585,0.326552,0.00107235,0.163362
1705888383038465356,0.02,5,0.110542,157930,3230.97,48.8802,221.495,0.493888,63.265,0.326552,0.00175696,0.262767
1705888383038465356,0.03,3.33333,0.0747185,253277,3230.97,78.3904,333.844,0.493888,97.1925,0.326552,0.00222893,0.326586
1705888383038465356,0.04,2.5,0.0532242,354817,3230.97,109.818,444.547,0.493888,131.153,0.326552,0.00257737,0.371101
1705888383138303743,0.0005,200,0.998944,486.663,3038.68,0.160156,0.55436,0.754662,0.223464,0.222684,2.56245e-06,5.61929e-05
1705888383138303743,0.001,100,0.956705,1901.03,3038.68,0.625609,1.94166,0.754662,0.871576,0.222684,8.05562e-06,0.000297903
1705888383138303743,0.002,50,0.79831,6497.74,3038.68,2.13834,4.77411,0.754662,2.9401,0.222684,1.73805e-05,0.000890518
1705888383138303743,0.003,33.3333,0.648363,12681.3,3038.68,4.1733,5.86425,0.754662,5.48114,0.222684,2.39741e-05,0.000878621
1705888383138303743,0.005,20,0.448786,27708.5,3038.68,9.11861,8.79397,0.754662,11.0783,0.222684,3.56852e-05,0.00125846
1705888383138303743,0.01,10,0.221753,72703,3038.68,23.9258,24.046,0.754662,25.8466,0.222684,6.96602e-05,0.00418383
1705888383138303743,0.02,5,0.119324,185593,3038.68,61.0768,63.3445,0.754662,55.8729,0.222684,0.000137175,0.00889459
1705888383138303743,0.03,3.33333,0.0834213,317672,3038.68,104.543,108.152,0.754662,86.0135,0.222684,0.000195979,0.0117777
1705888383138303743,0.04,2.5,0.062302,461214,3038.68,151.781,156.893,0.754662,116.187,0.222684,0.000248478,0.0135774
1705888383238163618,0.0005,200,1,547.739,3006.27,0.182199,1.10266,0.630042,0.222615,0.224298,6.44974e-06,0.000938419
1705888383238163618,0.001,100,0.959358,2108.33,3006.27,0.701313,4.03875,0.630042,0.877173,0.224298,2.72594e-05,0.00332278
1705888383238163618,0.002,50,0.792513,7198.04,3006.27,2.39435,10.984,0.630042,2.98483,0.224298,8.07243e-05,0.00857581
1705888383238163618,0.003,33.3333,0.627807,13693.8,3006.27,4.55507,17.2921,0.630042,5.56438,0.224298,0.000124898,0.0128554
1705888383238163618,0.005,20,0.438503,28853.5,3006.27,9.59778,28.1409,0.630042,11.197,0.224298,0.000188102,0.0194272
1705888383238163618,0.01,10,0.24492,73382,3006.27,24.4097,56.3351,0.630042,25.9819,0.224298,0.000314693,0.0349756
1705888383238163618,0.02,5,0.114439,176543,3006.27,58.725,110.943,0.630042,56.1095,0.224298,0.000488625,0.0595603
1705888383238163618,0.03,3.33333,0.0673797,288235,3006.27,95.878,170.742,0.630042,86.3719,0.224298,0.00062439,0.0788181
1705888383238163618,0.04,2.5,0.0502674,404543,3006.27,134.566,230.495,0.630042,116.663,0.224298,0.000726599,0.0940682
1705888383338015233,0.0005,200,1,479.229,2916.25,0.164331,2.52085,0.699247,0.262917,0.222651,2.10948e-05,0.00224634
1705888383338015233,0.001,100,0.948295,1862.05,2916.25,0.638507,9.42266,0.699247,1.02711,0.222651,7.82463e-05,0.00826184
1705888383338015233,0.002,50,0.749175,6022.18,2916.25,2.06504,24.7793,0.699247,3.39607,0.222651,0.000199637,0.020743
1705888383338015233,0.003,33.3333,0.60176,11266.2,2916.25,3.86326,40.4455,0.699247,6.21022,0.222651,0.000312306,0.0321144
1705888383338015233,0.005,20,0.40374,23337.4,2916.25,8.00254,70.9106,0.699247,12.3015,0.222651,0.000499928,0.0507256
1705888383338015233,0.01,10,0.20352,58355.5,2916.25,20.0104,147.923,0.699247,28.2017,0.222651,0.000840332,0.0840247
1705888383338015233,0.02,5,0.10231,135180,2916.25,46.354,297.953,0.699247,60.4702,0.222651,0.00128256,0.130225
1705888383338015233,0.03,3.33333,0.0748075,221305,2916.25,75.8867,452.157,0.699247,92.8274,0.222651,0.00160244,0.167061
1705888383338015233,0.04,2.5,0.0627063,312643,2916.25,107.207,606.723,0.699247,125.209,0.222651,0.00184717,0.196827
1705888383438261107,0.0005,200,1,443.171,2831.37,0.156522,0.538177,0.3085,0.224069,0.226424,1.43254e-05,0.000977326
1705888383438261107,0.001,100,0.953437,1732.33,2831.37,0.611835,2.70339,0.3085,0.874479,0.226424,6.08532e-05,0.0050725
1705888383438261107,0.002,50,0.788248,5947.95,2831.37,2.10073,9.91855,0.3085,2.93642,0.226424,0.000184553,0.0172148
1705888383438261107,0.003,33.3333,0.627494,11149.7,2831.37,3.93792,15.9777,0.3085,5.44489,0.226424,0.000271198,0.0246845
1705888383438261107,0.005,20,0.43459,23284.8,2831.37,8.22387,27.1126,0.3085,10.9036,0.226424,0.000375249,0.0338085
1705888383438261107,0.01,10,0.262749,60466.5,2831.37,21.3559,50.4295,0.3085,25.1891,0.226424,0.000444996,0.040239
1705888383438261107,0.02,5,0.133038,150872,2831.37,53.2857,96.5712,0.3085,54.2892,0.226424,0.000437661,0.0407729
1705888383438261107,0.03,3.33333,0.0898004,255115,2831.37,90.1028,139.68,0.3085,83.5187,0.226424,0.000391384,0.0386232
1705888383438261107,0.04,2.5,0.0687361,374350,2831.37,132.215,181.613,0.3085,112.781,0.226424,0.00034246,0.0362098
1705888383538102493,0.0005,200,1,384.934,2682.55,0.143495,0.508972,0.0668893,0.196675,0.164356,2.94868e-05,0.00296364
1705888383538102493,0.001,100,0.969121,1504.73,2682.55,0.560931,1.94262,0.0668893,0.778111,0.164356,0.000115529,0.0110774
1705888383538102493,0.002,50,0.78266,5095.39,2682.55,1.89946,6.32817,0.0668893,2.70394,0.164356,0.000355085,0.0330665
1705888383538102493,0.003,33.3333,0.62114,9596.48,2682.55,3.57737,10.7718,0.0668893,5.06795,0.164356,0.000553658,0.0507019
1705888383538102493,0.005,20,0.404988,19913.2,2682.55,7.42322,19.0097,0.0668893,10.2518,0.164356,0.00083037,0.0768163
1705888383538102493,0.01,10,0.210214,50846.3,2682.55,18.9544,37.5309,0.0668893,23.8394,0.164356,0.00133015,0.122045
1705888383538102493,0.02,5,0.0997625,124850,2682.55,46.5416,73.5434,0.0668893,51.4584,0.164356,0.00214003,0.167591
1705888383538102493,0.03,3.33333,0.0712589,208663,2682.55,77.785,109.841,0.0668893,79.1705,0.164356,0.00272796,0.181684
1705888383538102493,0.04,2.5,0.0498812,293731,2682.55,109.497,145.86,0.0668893,106.907,0.164356,0.00318837,0.186393
1705888383637934453,0.0005,200,1,378.985,2442.51,0.155162,1.33857,0.0202448,0.250847,0.141899,2.07994e-05,0.00408948
1705888383637934453,0.001,100,0.941687,1500.1,2442.51,0.614163,5.07931,0.0202448,0.984781,0.141899,7.84347e-05,0.0153496
1705888383637934453,0.002,50,0.724566,5146.13,2442.51,2.1069,13.1271,0.0202448,3.27375,0.141899,0.000230059,0.0382443
1705888383637934453,0.003,33.3333,0.552109,9699.13,2442.51,3.97097,21.0618,0.0202448,5.97263,0.141899,0.000316729,0.0604265
1705888383637934453,0.005,20,0.384615,20275,2442.51,8.30089,36.0881,0.0202448,11.7385,0.141899,0.000481629,0.0970891
1705888383637934453,0.01,10,0.204715,51484.6,2442.51,21.0786,69.1634,0.0202448,26.6701,0.141899,0.000773374,0.153611
1705888383637934453,0.02,5,0.119107,120069,2442.51,49.1581,138.707,0.0202448,56.9118,0.141899,0.00109138,0.218718
1705888383637934453,0.03,3.33333,0.0769231,195583,2442.51,80.0747,208.657,0.0202448,87.2574,0.141899,0.00126389,0.249637
1705888383637934453,0.04,2.5,0.0545906,275934,2442.51,112.972,277.507,0.0202448,117.631,0.141899,0.00137926,0.265273
1705888383738575487,0.0005,200,1,321.12,2224.92,0.144329,0.755315,0.212605,0.181403,0.120666,1.28426e-06,0.000255125
1705888383738575487,0.001,100,0.956233,1211.52,2224.92,0.544523,3.02612,0.212605,0.711982,0.120666,5.28858e-06,0.00101832
1705888383738575487,0.002,50,0.80504,4108.36,2224.92,1.84652,7.96804,0.212605,2.40143,0.120666,1.64182e-05,0.00263017
1705888383738575487,0.003,33.3333,0.639257,8009.55,2224.92,3.59993,13.2619,0.212605,4.4741,0.120666,2.94668e-05,0.00432357
1705888383738575487,0.005,20,0.428382,17215.4,2224.92,7.73752,23.8904,0.212605,9.01624,0.120666,5.61443e-05,0.00766642
1705888383738575487,0.01,10,0.244032,46407.9,2224.92,20.8582,50.5918,0.212605,20.9055,0.120666,0.000118005,0.015934
1705888383738575487,0.02,5,0.1313,115991,2224.92,52.1327,101.581,0.212605,45.104,0.120666,0.000223388,0.0311181
1705888383738575487,0.03,3.33333,0.0875332,195030,2224.92,87.6569,153.519,0.212605,69.4023,0.120666,0.000323708,0.0453249
1705888383738575487,0.04,2.5,0.066313,279756,2224.92,125.738,205.562,0.212605,93.7277,0.120666,0.000416395,0.0584117
1705888383838412578,0.0005,200,1,291.255,2129.14,0.136794,3.13427,0.0182323,0.202048,0.107545,0.000634484,0.0467144
1705888383838412578,0.001,100,0.944142,1146.23,2129.14,0.538352,11.7358,0.0182323,0.794307,0.107545,0.00205482,0.146935
1705888383838412578,0.002,50,0.764305,3823.14,2129.14,1.79562,30.4404,0.0182323,2.65124,0.107545,0.00380263,0.269791
1705888383838412578,0.003,33.3333,0.600817,7080.17,2129.14,3.32536,47.6936,0.0182323,4.86704,0.107545,0.00443736,0.323104
1705888383838412578,0.005,20,0.440054,14939.9,2129.14,7.01685,79.7846,0.0182323,9.63116,0.107545,0.00448253,0.354162
1705888383838412578,0.01,10,0.228883,39045.1,2129.14,18.3384,163.222,0.0182323,22.094,0.107545,0.00401377,0.386924
1705888383838412578,0.02,5,0.114441,94744.1,2129.14,44.4987,321.901,0.0182323,47.4419,0.107545,0.00357263,0.408569
1705888383838412578,0.03,3.33333,0.0722071,155654,2129.14,73.1065,481.501,0.0182323,72.8856,0.107545,0.00398002,0.426679
1705888383838412578,0.04,2.5,0.0558583,216234,2129.14,101.559,644.183,0.0182323,98.3527,0.107545,0.00464879,0.433999
1705888383938238901,0.0005,200,1,254.04,1947.11,0.13047,1.3034,0.142969,0.156418,0.10573,5.18301e-06,0.000528062
1705888383938238901,0.001,100,0.971591,1008.24,1947.11,0.517813,4.95197,0.142969,0.617168,0.10573,1.96694e-05,0.00200113
1705888383938238901,0.002,50,0.794034,3454.44,1947.11,1.77413,14.9529,0.142969,2.14373,0.10573,5.93255e-05,0.00597861
1705888383938238901,0.003,33.3333,0.640625,6671.52,1947.11,3.42637,24.5878,0.142969,4.03782,0.10573,9.79187e-05,0.00967577
1705888383938238901,0.005,20,0.414773,14579,1947.11,7.48749,44.4798,0.142969,8.21369,0.10573,0.000173202,0.016977
1705888383938238901,0.01,10,0.214489,39190.4,1947.11,20.1274,92.8899,0.142969,19.2054,0.10573,0.000332444,0.0329667
1705888383938238901,0.02,5,0.116477,99363.9,1947.11,51.0314,186.492,0.142969,41.55,0.10573,0.000565586,0.0575017
1705888383938238901,0.03,3.33333,0.0724432,166421,1947.11,85.4708,279.704,0.142969,63.9815,0.10573,0.000732478,0.0762028
1705888383938238901,0.04,2.5,0.0511364,232530,1947.11,119.423,368.644,0.142969,86.4371,0.10573,0.000850786,0.0907465
1705888384038084740,0.0005,200,1,246.33,1899.23,0.1297,0.516654,0.00296051,0.152027,0.117453,0.000120032,0.0247236
1705888384038084740,0.001,100,0.970631,975.89,1899.23,0.513835,1.86831,0.00296051,0.603805,0.117453,0.000321305,0.0776479
1705888384038084740,0.002,50,0.79442,3365.17,1899.23,1.77186,4.09757,0.00296051,2.10061,0.117453,0.000670298,0.139517
1705888384038084740,0.003,33.3333,0.619677,6563.13,1899.23,3.45568,7.41236,0.00296051,3.94163,0.117453,0.00101708,0.187456
1705888384038084740,0.005,20,0.433186,14042.9,1899.23,7.39398,16.4005,0.00296051,7.96514,0.117453,0.00145158,0.249448
1705888384038084740,0.01,10,0.239354,37065.1,1899.23,19.5159,35.1661,0.00296051,18.5247,0.117453,0.00203942,0.270579
1705888384038084740,0.02,5,0.13069,96308.8,1899.23,50.7094,71.5367,0.00296051,40.0225,0.117453,0.00286067,0.240244
1705888384038084740,0.03,3.33333,0.082232,162517,1899.23,85.5701,105.255,0.00296051,61.6175,0.117453,0.00355766,0.224168
1705888384038084740,0.04,2.5,0.0602056,231398,1899.23,121.838,136.196,0.00296051,83.2346,0.117453,0.00409365,0.216487
1705888384137929347,0.0005,200,1,355.007,1890.83,0.187752,2.79163,0.156993,0.160594,0.0716479,1.53524e-05,0.00156531
1705888384137929347,0.001,100,0.961424,1283.57,1890.83,0.678839,9.88893,0.156993,0.634935,0.0716479,5.38198e-05,0.00550205
1705888384137929347,0.002,50,0.778932,4112.38,1890.83,2.17491,27.1566,0.156993,2.18876,0.0716479,0.000145328,0.0147376
1705888384137929347,0.003,33.3333,0.614243,7569.04,1890.83,4.00303,43.8803,0.156993,4.10512,0.0716479,0.000229259,0.0231676
1705888384137929347,0.005,20,0.396142,15564.2,1890.83,8.23144,76.3652,0.156993,8.29722,0.0716479,0.000378024,0.0379935
1705888384137929347,0.01,10,0.194362,38851.3,1890.83,20.5472,156.229,0.156993,19.2934,0.0716479,0.000672742,0.0670097
1705888384137929347,0.02,5,0.0964392,89992.3,1890.83,47.5941,311.537,0.156993,41.6169,0.0716479,0.00104664,0.104317
1705888384137929347,0.03,3.33333,0.0608309,144666,1890.83,76.5093,468.239,0.156993,64.0212,0.0716479,0.00129859,0.130751
1705888384137929347,0.04,2.5,0.0459941,203194,1890.83,107.463,625.065,0.156993,86.4454,0.0716479,0.00147476,0.150968
1705888384238557949,0.0005,200,1,184.628,1626.74,0.113496,1.48819,0.112629,0.151162,0.134212,8.79684e-05,0.00880159
1705888384238557949,0.001,100,0.960784,732.43,1626.74,0.450245,5.91746,0.112629,0.592951,0.134212,0.000333081,0.0331759
1705888384238557949,0.002,50,0.787582,2598.31,1626.74,1.59725,17.589,0.112629,2.02444,0.134212,0.00086848,0.0833498
1705888384238557949,0.003,33.3333,0.599673,5060.09,1626.74,3.11058,28.6115,0.112629,3.78303,0.134212,0.00122998,0.113045
1705888384238557949,0.005,20,0.411765,11153.8,1626.74,6.85658,49.0116,0.112629,7.61644,0.134212,0.00163284,0.140119
1705888384238557949,0.01,10,0.215686,30334.9,1626.74,18.6477,97.711,0.112629,17.6399,0.134212,0.00212266,0.166604
1705888384238557949,0.02,5,0.0996732,79484.6,1626.74,48.8614,198.346,0.112629,38.0222,0.134212,0.00263471,0.188833
1705888384238557949,0.03,3.33333,0.0653595,138454,1626.74,85.1114,297.508,0.112629,58.4843,0.134212,0.00310512,0.209897
1705888384238557949,0.04,2.5,0.0473856,208196,1626.74,127.984,395.422,0.112629,78.9643,0.134212,0.00351448,0.220366
1705888384338386620,0.0005,200,1,169.134,1434.01,0.117945,1.4108,0.0170861,0.126133,0.0750772,0.000570714,0.0369459
1705888384338386620,0.001,100,0.966011,657.867,1434.01,0.458761,5.16268,0.0170861,0.495121,0.0750772,0.0018461,0.114349
1705888384338386620,0.002,50,0.808587,2291.78,1434.01,1.59817,15.2649,0.0170861,1.69031,0.0750772,0.00374245,0.221937
1705888384338386620,0.003,33.3333,0.647585,4480.76,1434.01,3.12464,26.3034,0.0170861,3.17651,0.0750772,0.00452149,0.264233
1705888384338386620,0.005,20,0.420394,10011.9,1434.01,6.98176,48.2322,0.0170861,6.45126,0.0750772,0.00486492,0.278901
1705888384338386620,0.01,10,0.245081,26696.7,1434.01,18.6169,103.801,0.0170861,15.0337,0.0750772,0.00482014,0.276335
1705888384338386620,0.02,5,0.128801,69199.1,1434.01,48.2557,215.527,0.0170861,32.5024,0.0750772,0.00437834,0.270472
1705888384338386620,0.03,3.33333,0.0858676,118232,1434.01,82.4489,326.131,0.0170861,50.05,0.0750772,0.00412224,0.270337
1705888384338386620,0.04,2.5,0.0679785,169409,1434.01,118.137,436.213,0.0170861,67.6143,0.0750772,0.00395463,0.2706
1705888384438222709,0.0005,200,1,147.801,1321.12,0.111875,0.763946,0.258511,0.126315,0.172232,8.34402e-06,0.00125808
1705888384438222709,0.001,100,0.954887,577.87,1321.12,0.437409,2.90568,0.258511,0.492252,0.172232,2.92937e-05,0.0048024
1705888384438222709,0.002,50,0.819549,2024.57,1321.12,1.53247,7.84561,0.258511,1.64268,0.172232,7.20277e-05,0.0127249
1705888384438222709,0.003,33.3333,0.659774,3959.68,1321.12,2.99721,12.584,0.258511,3.06073,0.172232,0.000105166,0.0198355
1705888384438222709,0.005,20,0.447368,8626.68,1321.12,6.52982,19.9419,0.258511,6.18287,0.172232,0.000130625,0.0296917
1705888384438222709,0.01,10,0.221805,21803,1321.12,16.5034,35.45,0.258511,14.4369,0.172232,0.000144485,0.0466825
1705888384438222709,0.02,5,0.109023,51747.7,1321.12,39.1695,73.0647,0.258511,31.2517,0.172232,0.000147805,0.0797849
1705888384438222709,0.03,3.33333,0.0770677,86520.7,1321.12,65.4904,110.39,0.258511,48.1228,0.172232,0.000151519,0.105523
1705888384438222709,0.04,2.5,0.0601504,126346,1321.12,95.6359,148.451,0.258511,65.0074,0.172232,0.000192228,0.12776
1705888384538082085,0.0005,200,1,148.261,1228.62,0.120673,1.14847,0.055851,0.178703,0.0622076,0.000155015,0.0151385
1705888384538082085,0.001,100,0.907843,572.606,1228.62,0.466056,3.99951,0.055851,0.695356,0.0622076,0.000532199,0.0493329
1705888384538082085,0.002,50,0.715686,1929.25,1228.62,1.57026,9.54138,0.055851,2.22813,0.0622076,0.00109765,0.0998462
1705888384538082085,0.003,33.3333,0.556863,3754.06,1228.62,3.05551,15.2255,0.055851,4.02029,0.0622076,0.00144969,0.134433
1705888384538082085,0.005,20,0.364706,8286.46,1228.62,6.74453,27.0778,0.055851,7.85669,0.0622076,0.00170311,0.170866
1705888384538082085,0.01,10,0.190196,22162.6,1228.62,18.0386,55.5755,0.055851,17.807,0.0622076,0.00153961,0.199346
1705888384538082085,0.02,5,0.0843137,56744.5,1228.62,46.1856,114.455,0.055851,37.952,0.0622076,0.00117355,0.223629
1705888384538082085,0.03,3.33333,0.0529412,96399.9,1228.62,78.4619,173.082,0.055851,58.1449,0.0622076,0.00132996,0.233985
1705888384538082085,0.04,2.5,0.0411765,134655,1228.62,109.599,230.35,0.055851,78.3501,0.0622076,0.00183764,0.244122
1705888384637923244,0.0005,200,1,128.713,1176.05,0.109445,0.646393,0.00408524,0.168224,0.110459,0.00205593,0.0719562
1705888384637923244,0.001,100,0.930693,508.316,1176.05,0.432223,2.78749,0.00408524,0.651424,0.110459,0.0055923,0.199701
1705888384637923244,0.002,50,0.732673,1779.57,1176.05,1.51318,8.89133,0.00408524,2.11582,0.110459,0.00750762,0.294115
1705888384637923244,0.003,33.3333,0.560396,3469.84,1176.05,2.95042,15.5809,0.00408524,3.85101,0.110459,0.00699147,0.318965
1705888384637923244,0.005,20,0.372277,7526.87,1176.05,6.40012,28.4181,0.00408524,7.56923,0.110459,0.0050994,0.334438
1705888384637923244,0.01,10,0.174257,19717.9,1176.05,16.7662,59.209,0.00408524,17.2239,0.110459,0.00236917,0.3745
1705888384637923244,0.02,5,0.0811881,45610.2,1176.05,38.7826,118.893,0.00408524,36.7636,0.110459,0.00445575,0.482207
1705888384637923244,0.03,3.33333,0.0633663,72741.5,1176.05,61.8524,181.02,0.00408524,56.3463,0.110459,0.00722193,0.571675
1705888384637923244,0.04,2.5,0.0455446,100963,1176.05,85.8491,243.188,0.00408524,75.9417,0.110459,0.00942128,0.64147
1705888384738562689,0.0005,200,1,111.013,1148.45,0.0966637,0.682731,0.0383631,0.181211,0.0673267,7.19344e-05,0.00725781
1705888384738562689,0.001,100,0.915464,441.311,1148.45,0.384268,2.59977,0.0383631,0.712269,0.0673267,0.000261047,0.0261476
1705888384738562689,0.002,50,0.670103,1572.28,1148.45,1.36905,7.30849,0.0383631,2.34779,0.0673267,0.00064888,0.061688
1705888384738562689,0.003,33.3333,0.472165,3054.59,1148.45,2.65976,12.1243,0.0383631,4.25326,0.0673267,0.000925981,0.0855602
1705888384738562689,0.005,20,0.307216,6780.82,1148.45,5.90435,20.2032,0.0383631,8.2697,0.0673267,0.00114797,0.101827
1705888384738562689,0.01,10,0.152577,18866.6,1148.45,16.428,40.9983,0.0383631,18.5859,0.0673267,0.00133579,0.108321
1705888384738562689,0.02,5,0.0701031,47412.8,1148.45,41.2843,82.0371,0.0383631,39.4224,0.0673267,0.00156654,0.111552
1705888384738562689,0.03,3.33333,0.0453608,78192.6,1148.45,68.0856,123.208,0.0383631,60.3014,0.0673267,0.00172004,0.112043
1705888384738562689,0.04,2.5,0.0350515,111406,1148.45,97.0059,165.724,0.0383631,81.1893,0.0673267,0.00183471,0.110194
1705888384838408360,0.0005,200,1,124.91,1169.49,0.106807,1.30762,0.0134143,0.18486,0.0589954,0.000223524,0.0232198
1705888384838408360,0.001,100,0.923554,493.432,1169.49,0.421921,4.94018,0.0134143,0.728414,0.0589954,0.000785688,0.0820214
1705888384838408360,0.002,50,0.605372,1689.37,1169.49,1.44454,14.5205,0.0134143,2.43819,0.0589954,0.00188029,0.199824
1705888384838408360,0.003,33.3333,0.431818,3160.58,1169.49,2.70253,24.344,0.0134143,4.42993,0.0589954,0.00265679,0.280986
1705888384838408360,0.005,20,0.256198,6585.65,1169.49,5.63122,42.6792,0.0134143,8.62488,0.0589954,0.0033498,0.375235
1705888384838408360,0.01,10,0.130165,17602.7,1169.49,15.0516,86.8318,0.0134143,19.3464,0.0589954,0.00390142,0.459091
1705888384838408360,0.02,5,0.0847107,47064.8,1169.49,40.244,174.997,0.0134143,40.9256,0.0589954,0.0039504,0.481028
1705888384838408360,0.03,3.33333,0.0557851,83337.1,1169.49,71.2595,261.283,0.0134143,62.545,0.0589954,0.00399402,0.498143
1705888384838408360,0.04,2.5,0.0392562,122703,1169.49,104.92,349.075,0.0134143,84.1768,0.0589954,0.00398031,0.510154
1705888384938238053,0.0005,200,1,120.665,1156.34,0.104351,0.451663,0.0354469,0.20388,0.0860648,3.62286e-05,0.00427995
1705888384938238053,0.001,100,0.927083,479.241,1156.34,0.414448,1.75856,0.0354469,0.802919,0.0860648,0.000135225,0.0160663
1705888384938238053,0.002,50,0.585417,1705.28,1156.34,1.47472,5.64708,0.0354469,2.6699,0.0860648,0.000416152,0.0453924
1705888384938238053,0.003,33.3333,0.408333,3311.98,1156.34,2.8642,9.7897,0.0354469,4.80571,0.0860648,0.000676874,0.0701296
1705888384938238053,0.005,20,0.233333,6943.82,1156.34,6.00501,17.2241,0.0354469,9.27371,0.0860648,0.000954071,0.102752
1705888384938238053,0.01,10,0.116667,16902.8,1156.34,14.6175,36.4952,0.0354469,20.667,0.0860648,0.001255,0.147325
1705888384938238053,0.02,5,0.06875,39490,1156.34,34.1509,74.1026,0.0354469,43.5736,0.0860648,0.00131825,0.181697
1705888384938238053,0.03,3.33333,0.05625,63758.8,1156.34,55.1385,110.737,0.0354469,66.5067,0.0860648,0.00125005,0.19451
1705888384938238053,0.04,2.5,0.0416667,90367.4,1156.34,78.1497,146.579,0.0354469,89.45,0.0860648,0.00115211,0.197325
1705888385038081730,0.0005,200,1,114.653,1158.49,0.0989675,0.342272,0.032631,0.203086,0.067901,3.19403e-05,0.00305463
1705888385038081730,0.001,100,0.912065,456.259,1158.49,0.39384,1.21849,0.032631,0.801602,0.067901,0.00010768,0.0106958
1705888385038081730,0.002,50,0.595092,1629.55,1158.49,1.40661,3.46229,0.032631,2.6541,0.067901,0.000274032,0.028159
1705888385038081730,0.003,33.3333,0.415133,3228.08,1158.49,2.78646,5.70133,0.032631,4.76533,0.067901,0.000399483,0.0423747
1705888385038081730,0.005,20,0.280164,7353.27,1158.49,6.34729,10.4293,0.032631,9.16992,0.067901,0.000577811,0.06346
1705888385038081730,0.01,10,0.141104,20731.4,1158.49,17.8952,28.5122,0.032631,20.4325,0.067901,0.000947824,0.107159
1705888385038081730,0.02,5,0.0695297,51474.7,1158.49,44.4326,62.1924,0.032631,43.1367,0.067901,0.00115685,0.148058
1705888385038081730,0.03,3.33333,0.0470348,85380.2,1158.49,73.6996,92.6217,0.032631,65.8766,0.067901,0.00121232,0.170815
1705888385038081730,0.04,2.5,0.0388548,122434,1158.49,105.684,122.674,0.032631,88.6262,0.067901,0.00122596,0.186621
1705888385137908046,0.0005,200,1,92.9203,1057.86,0.0878384,0.662581,0.0602423,0.193511,0.123523,1.1193e-05,0.00109543
1705888385137908046,0.001,100,0.932886,367.456,1057.86,0.34736,2.35063,0.0602423,0.76144,0.123523,3.99066e-05,0.00384168
1705888385137908046,0.002,50,0.559284,1329.68,1057.86,1.25696,5.21114,0.0602423,2.53747,0.123523,8.8459e-05,0.00826739
1705888385137908046,0.003,33.3333,0.380313,2679.28,1057.86,2.53274,7.64254,0.0602423,4.56388,0.123523,0.000127174,0.011756
1705888385137908046,0.005,20,0.239374,6122.2,1057.86,5.78737,13.1216,0.0602423,8.78977,0.123523,0.0002071,0.018953
1705888385137908046,0.01,10,0.0917226,16826.2,1057.86,15.906,25.5878,0.0602423,19.5853,0.123523,0.000353032,0.0325433
1705888385137908046,0.02,5,0.0425056,39450.2,1057.86,37.2926,49.8497,0.0602423,41.3071,0.123523,0.000552862,0.0531793
1705888385137908046,0.03,3.33333,0.0357942,64719.4,1057.86,61.1798,74.6569,0.0602423,63.0487,0.123523,0.000694337,0.0688397
1705888385137908046,0.04,2.5,0.0246085,93235.4,1057.86,88.1362,99.6249,0.0602423,84.7965,0.123523,0.00079558,0.0805139
1705888385238533793,0.0005,200,1,82.857,946.561,0.0875348,1.2224,0.0165668,0.213322,0.102665,0.000448958,0.0364632
1705888385238533793,0.001,100,0.882927,321.493,946.561,0.339643,4.5653,0.0165668,0.830817,0.102665,0.00153415,0.122826
1705888385238533793,0.002,50,0.534146,1060.31,946.561,1.12017,12.2571,0.0165668,2.67231,0.102665,0.00326538,0.256839
1705888385238533793,0.003,33.3333,0.339024,1997.38,946.561,2.11014,20.1622,0.0165668,4.75235,0.102665,0.00433422,0.334671
1705888385238533793,0.005,20,0.178049,4075.2,946.561,4.30527,34.8779,0.0165668,9.06862,0.102665,0.00531725,0.406044
1705888385238533793,0.01,10,0.0902439,10141.3,946.561,10.7138,72.2345,0.0165668,20.0125,0.102665,0.00620817,0.488867
1705888385238533793,0.02,5,0.0414634,24547.7,946.561,25.9335,143.453,0.0165668,41.991,0.102665,0.00628285,0.559835
1705888385238533793,0.03,3.33333,0.0292683,40278.8,946.561,42.5528,213.876,0.0165668,63.9869,0.102665,0.00619511,0.591532
1705888385238533793,0.04,2.5,0.0219512,57115.8,946.561,60.3403,283.432,0.0165668,85.9869,0.102665,0.00602917,0.603087
1705888385338353752,0.0005,200,1,68.0662,1005.69,0.0676808,0.835916,0.0397828,0.282187,0.0392651,0.000116648,0.0103552
1705888385338353752,0.001,100,0.825359,257.226,1005.69,0.25577,2.88499,0.0397828,1.08746,0.0392651,0.000388919,0.0346867
1705888385338353752,0.002,50,0.433014,803.994,1005.69,0.799442,7.22335,0.0397828,3.35948,0.0392651,0.000876881,0.0807791
1705888385338353752,0.003,33.3333,0.287081,1478.18,1005.69,1.46982,11.5556,0.0397828,5.83436,0.0392651,0.00126069,0.118334
1705888385338353752,0.005,20,0.165072,2910.5,1005.69,2.89403,20.3938,0.0397828,10.9011,0.0392651,0.00188142,0.176434
1705888385338353752,0.01,10,0.0956938,7147.77,1005.69,7.10731,42.0116,0.0397828,23.6924,0.0392651,0.00275635,0.261845
1705888385338353752,0.02,5,0.0645933,17751.2,1005.69,17.6507,83.7414,0.0397828,49.3502,0.0392651,0.00342308,0.342455
1705888385338353752,0.03,3.33333,0.0502392,29547.3,1005.69,29.38,124.558,0.0397828,75.0327,0.0392651,0.00367934,0.381757
1705888385338353752,0.04,2.5,0.0287081,41825.9,1005.69,41.5891,164.37,0.0397828,100.725,0.0392651,0.0037942,0.408559
1705888385438193940,0.0005,200,1,100.817,1118.71,0.0901186,0.687323,0.010299,0.238104,0.0492636,0.000228586,0.0216067
1705888385438193940,0.001,100,0.893478,395.468,1118.71,0.353504,2.59718,0.010299,0.934077,0.0492636,0.000766425,0.0709643
1705888385438193940,0.002,50,0.493478,1355.63,1118.71,1.21178,8.83336,0.010299,3.05028,0.0492636,0.00184092,0.177258
1705888385438193940,0.003,33.3333,0.315217,2600.75,1118.71,2.32477,14.3975,0.010299,5.42715,0.0492636,0.00218044,0.220259
1705888385438193940,0.005,20,0.186957,5505.51,1118.71,4.92129,24.3453,0.010299,10.3268,0.0492636,0.00228775,0.260898
1705888385438193940,0.01,10,0.0934783,14366,1118.71,12.8416,49.162,0.010299,22.7347,0.0492636,0.00236561,0.319476
1705888385438193940,0.02,5,0.0521739,35207.7,1118.71,31.4717,95.9289,0.010299,47.6536,0.0492636,0.00210471,0.339047
1705888385438193940,0.03,3.33333,0.0391304,59817.8,1118.71,53.4703,141,0.010299,72.5951,0.0492636,0.0019679,0.334715
1705888385438193940,0.04,2.5,0.026087,87016.6,1118.71,77.7829,185.846,0.010299,97.5452,0.0492636,0.00200271,0.33728
1705888385538036639,0.0005,200,1,95.2299,1295.78,0.0734923,0.911366,0.00210991,0.251855,0.0708936,0.00173502,0.121101
1705888385538036639,0.001,100,0.906977,375.398,1295.78,0.289708,3.56149,0.00210991,0.991134,0.0708936,0.00456976,0.314243
1705888385538036639,0.002,50,0.494186,1277.53,1295.78,0.985919,10.9702,0.00210991,3.29449,0.0708936,0.00724743,0.458743
1705888385538036639,0.003,33.3333,0.302326,2331.82,1295.78,1.79955,17.5229,0.00210991,5.91285,0.0708936,0.0078648,0.433075
1705888385538036639,0.005,20,0.164729,4688.36,1295.78,3.61817,29.5907,0.00210991,11.3185,0.0708936,0.00759163,0.413643
1705888385538036639,0.01,10,0.0910853,11888.8,1295.78,9.175,58.1539,0.00210991,24.987,0.0708936,0.00666112,0.367695
1705888385538036639,0.02,5,0.0503876,30816.2,1295.78,23.782,115.908,0.00210991,52.428,0.0708936,0.00588373,0.304389
1705888385538036639,0.03,3.33333,0.0310078,54374.3,1295.78,41.9626,174.397,0.00210991,79.8946,0.0708936,0.00589676,0.263071
1705888385538036639,0.04,2.5,0.0271318,83073.9,1295.78,64.1111,231.934,0.00210991,107.366,0.0708936,0.00638206,0.230184
1705888385638260456,0.0005,200,1,130.455,1527.69,0.0853937,1.0882,0.0651984,0.261805,0.0530737,2.9456e-05,0.00335414
1705888385638260456,0.001,100,0.920826,517.057,1527.69,0.338457,4.12561,0.0651984,1.03176,0.0530737,0.00011009,0.0125048
1705888385638260456,0.002,50,0.524957,1732.49,1527.69,1.13406,11.098,0.0651984,3.46948,0.0530737,0.000275795,0.0321639
1705888385638260456,0.003,33.3333,0.309811,3204.15,1527.69,2.09738,18.0594,0.0651984,6.28027,0.0530737,0.000426079,0.0492381
1705888385638260456,0.005,20,0.175559,6529.96,1527.69,4.27441,30.2597,0.0651984,12.1078,0.0530737,0.000633613,0.0734334
1705888385638260456,0.01,10,0.0722892,16256.8,1527.69,10.6415,57.8434,0.0651984,26.8878,0.0530737,0.000916275,0.107527
1705888385638260456,0.02,5,0.0413081,39123.4,1527.69,25.6096,112.674,0.0651984,56.5705,0.0530737,0.00110699,0.134885
1705888385638260456,0.03,3.33333,0.0223752,65071.8,1527.69,42.595,167.498,0.0651984,86.2837,0.0530737,0.00116248,0.14569
1705888385638260456,0.04,2.5,0.0120482,92197.1,1527.69,60.3507,223.945,0.0651984,116.005,0.0530737,0.00122255,0.155206
1705888385738091004,0.0005,200,1,150.76,1706.85,0.0883263,0.443958,0.0152953,0.298814,0.0904277,0.000202527,0.0178639
1705888385738091004,0.001,100,0.91097,597.459,1706.85,0.350036,1.74931,0.0152953,1.17336,0.0904277,0.00063059,0.053408
1705888385738091004,0.002,50,0.523052,2135.11,1706.85,1.25091,5.23213,0.0152953,3.85475,0.0904277,0.00134914,0.0933456
1705888385738091004,0.003,33.3333,0.356121,4085.63,1706.85,2.39367,7.41434,0.0152953,6.89336,0.0904277,0.00147161,0.108153
1705888385738091004,0.005,20,0.213037,8902.29,1706.85,5.21563,12.0891,0.0152953,13.1972,0.0904277,0.00157115,0.129173
1705888385738091004,0.01,10,0.09062,24266.2,1706.85,14.217,20.429,0.0152953,29.2398,0.0904277,0.00137811,0.122089
1705888385738091004,0.02,5,0.0476948,65997.9,1706.85,38.6665,34.3847,0.0152953,61.4754,0.0904277,0.00112101,0.0873105
1705888385738091004,0.03,3.33333,0.0333863,119173,1706.85,69.8207,49.7916,0.0152953,93.7431,0.0904277,0.00114984,0.0761331
1705888385738091004,0.04,2.5,0.0254372,182615,1706.85,106.99,69.7443,0.0152953,126.021,0.0904277,0.00126088,0.070395
1705888385837921713,0.0005,200,1,225.924,1820.84,0.124077,0.226939,0.157852,0.318239,0.0829809,7.08374e-06,0.000772954
1705888385837921713,0.001,100,0.904908,893.044,1820.84,0.490458,0.722935,0.157852,1.24712,0.0829809,2.21744e-05,0.00236622
1705888385837921713,0.002,50,0.530675,3128.95,1820.84,1.71842,0.428251,0.157852,4.06423,0.0829809,1.66377e-05,0.00108083
1705888385837921713,0.003,33.3333,0.352761,6170.32,1820.84,3.38873,2.00663,0.157852,7.23354,0.0829809,5.81886e-05,0.00494373
1705888385837921713,0.005,20,0.22546,13404,1820.84,7.36146,6.7387,0.157852,13.8017,0.0829809,0.000165649,0.0144386
1705888385837921713,0.01,10,0.104294,31758,1820.84,17.4414,19.3193,0.157852,30.5161,0.0829809,0.000347212,0.0299699
1705888385837921713,0.02,5,0.0644172,74654.9,1820.84,41.0004,49.5499,0.157852,64.0934,0.0829809,0.00053102,0.0465016
1705888385837921713,0.03,3.33333,0.047546,124586,1820.84,68.4223,82.4886,0.157852,97.7063,0.0829809,0.000616286,0.0543306
1705888385837921713,0.04,2.5,0.0352761,175879,1820.84,96.5925,112.131,0.157852,131.33,0.0829809,0.000667287,0.0588312
1705888385938576195,0.0005,200,1,173.341,1828.94,0.0947771,0.483384,1.77742,0.265137,0.0839623,2.61714e-06,0.000291145
1705888385938576195,0.001,100,0.926562,687.018,1828.94,0.375638,1.8293,1.77742,1.04623,0.0839623,9.50483e-06,0.00110975
1705888385938576195,0.002,50,0.590625,2378.42,1828.94,1.30044,6.62856,1.77742,3.4897,0.0839623,3.68845e-05,0.00387814
1705888385938576195,0.003,33.3333,0.409375,4610.22,1828.94,2.52071,12.7134,1.77742,6.29521,0.0839623,7.09265e-05,0.00728166
1705888385938576195,0.005,20,0.2375,10012.6,1828.94,5.47454,24.3868,1.77742,12.1741,0.0839623,0.000131634,0.0134705
1705888385938576195,0.01,10,0.11875,26215.9,1828.94,14.334,52.365,1.77742,27.1722,0.0839623,0.000257236,0.026011
1705888385938576195,0.02,5,0.053125,65552.6,1828.94,35.8419,106.865,1.77742,57.3638,0.0839623,0.000432391,0.0434227
1705888385938576195,0.03,3.33333,0.0296875,113238,1828.94,61.9145,158.194,1.77742,87.6046,0.0839623,0.00054243,0.0542792
1705888385938576195,0.04,2.5,0.021875,169303,1828.94,92.569,210.152,1.77742,117.854,0.0839623,0.000621815,0.0621669
1705888386038404643,0.0005,200,1,207.268,2049.07,0.101152,0.306645,1.24496,0.270698,0.118816,1.35626e-06,0.000170533
1705888386038404643,0.001,100,0.924929,816.126,2049.07,0.39829,1.08088,1.24496,1.06358,0.118816,4.74254e-06,0.000598877
1705888386038404643,0.002,50,0.644476,2919.71,2049.07,1.42489,4.81301,1.24496,3.50223,0.118816,1.83098e-05,0.00267661
1705888386038404643,0.003,33.3333,0.48017,5748.95,2049.07,2.80563,9.25018,1.24496,6.31747,0.118816,3.37922e-05,0.00503619
1705888386038404643,0.005,20,0.286119,12773.5,2049.07,6.23378,16.0885,1.24496,12.27,0.118816,5.21211e-05,0.00836795
1705888386038404643,0.01,10,0.155807,35375.8,2049.07,17.2643,27.1608,1.24496,27.5348,0.118816,7.37583e-05,0.0119788
1705888386038404643,0.02,5,0.0906516,94736.8,2049.07,46.234,52.1387,1.24496,58.3009,0.118816,9.67048e-05,0.016487
1705888386038404643,0.03,3.33333,0.0609065,169800,2049.07,82.8668,80.3691,1.24496,89.1248,0.118816,0.000108449,0.0184988
1705888386038404643,0.04,2.5,0.0524079,260223,2049.07,126.995,107.373,1.24496,119.965,0.118816,0.000110935,0.0185385
1705888386138239304,0.0005,200,0.99863,195.133,2227.67,0.0875949,1.37365,0.0366533,0.320328,0.0886872,5.11379e-05,0.00523013
1705888386138239304,0.001,100,0.916438,766.004,2227.67,0.343859,4.65704,0.0366533,1.24328,0.0886872,0.000178617,0.0171639
1705888386138239304,0.002,50,0.575342,2652.2,2227.67,1.19057,12.0956,0.0366533,4.0746,0.0886872,0.000435987,0.0419323
1705888386138239304,0.003,33.3333,0.421918,5066.71,2227.67,2.27444,19.0361,0.0366533,7.28886,0.0886872,0.000632199,0.0615037
1705888386138239304,0.005,20,0.272603,10820.9,2227.67,4.85749,34.0023,0.0366533,14.0077,0.0886872,0.000949653,0.0953391
1705888386138239304,0.01,10,0.124658,27897,2227.67,12.5229,68.6836,0.0366533,31.2039,0.0886872,0.00134155,0.14357
1705888386138239304,0.02,5,0.0575342,64656.2,2227.67,29.0241,133.218,0.0366533,65.8406,0.0886872,0.0015704,0.186391
1705888386138239304,0.03,3.33333,0.039726,102924,2227.67,46.2027,199.133,0.0366533,100.523,0.0886872,0.00167548,0.213781
1705888386138239304,0.04,2.5,0.0328767,142722,2227.67,64.0678,264.397,0.0366533,135.216,0.0886872,0.00173294,0.233272
1705888386238078368,0.0005,200,1,206.248,2404.91,0.0857611,0.780046,0.00095237,0.317503,0.138302,0.000170801,0.0145362
1705888386238078368,0.001,100,0.920103,804.697,2404.91,0.334606,2.66586,0.00095237,1.24519,0.138302,0.000604864,0.0447115
1705888386238078368,0.002,50,0.614691,2714.26,2404.91,1.12863,6.75538,0.00095237,4.0936,0.138302,0.00120408,0.0892529
1705888386238078368,0.003,33.3333,0.445876,5227.08,2404.91,2.1735,10.3542,0.00095237,7.34452,0.138302,0.00138902,0.114618
1705888386238078368,0.005,20,0.300258,11295.1,2404.91,4.69668,18.1473,0.00095237,14.1516,0.138302,0.00143368,0.129728
1705888386238078368,0.01,10,0.152062,30403.9,2404.91,12.6424,34.7043,0.00095237,31.5986,0.138302,0.00105562,0.112771
1705888386238078368,0.02,5,0.068299,74015,2404.91,30.7767,77.4161,0.00095237,66.8037,0.138302,0.00111878,0.117659
1705888386238078368,0.03,3.33333,0.0451031,118560,2404.91,49.2992,121.291,0.00095237,102.071,0.138302,0.00147777,0.127946
1705888386238078368,0.04,2.5,0.0335052,166498,2404.91,69.2327,165.742,0.00095237,137.354,0.138302,0.00193523,0.135644
1705888386338324011,0.0005,200,1,214.162,2749.89,0.0778804,1.11026,0.206156,0.342096,0.108012,4.85454e-06,0.000554849
1705888386338324011,0.001,100,0.915337,843.407,2749.89,0.306706,4.23994,0.206156,1.3278,0.108012,1.82573e-05,0.00211456
1705888386338324011,0.002,50,0.622086,2940.27,2749.89,1.06923,11.4629,0.206156,4.29747,0.108012,4.78577e-05,0.00564807
1705888386338324011,0.003,33.3333,0.451534,5580.5,2749.89,2.02935,18.2565,0.206156,7.71199,0.108012,7.32278e-05,0.00885655
1705888386338324011,0.005,20,0.29816,11824.1,2749.89,4.29983,30.5663,0.206156,14.8676,0.108012,0.000117146,0.014147
1705888386338324011,0.01,10,0.147239,31112.2,2749.89,11.314,63.1078,0.206156,33.1976,0.108012,0.000215005,0.0255695
1705888386338324011,0.02,5,0.0650307,75282.4,2749.89,27.3765,120.518,0.206156,70.1885,0.108012,0.000330461,0.0378728
1705888386338324011,0.03,3.33333,0.0453988,124461,2749.89,45.2602,177.052,0.206156,107.247,0.108012,0.000404936,0.0446162
1705888386338324011,0.04,2.5,0.0306748,177857,2749.89,64.6779,235.605,0.206156,144.324,0.108012,0.000460609,0.0492196
1705888386438154433,0.0005,200,0.998824,270.178,3100.19,0.087149,1.03797,0.547914,0.355369,0.237986,6.94669e-06,0.00100592
1705888386438154433,0.001,100,0.915294,1049.45,3100.19,0.338512,3.07322,0.547914,1.38352,0.237986,2.22152e-05,0.00293221
1705888386438154433,0.002,50,0.627059,3764.17,3100.19,1.21417,7.21968,0.547914,4.49256,0.237986,5.34768e-05,0.00672178
1705888386438154433,0.003,33.3333,0.448235,7461.28,3100.19,2.40672,12.4052,0.547914,8.05733,0.237986,9.12653e-05,0.0111356
1705888386438154433,0.005,20,0.283529,16857.3,3100.19,5.43749,20.7268,0.547914,15.5357,0.237986,0.000139177,0.0172736
1705888386438154433,0.01,10,0.149412,49126,3100.19,15.8461,41.7639,0.547914,34.6895,0.237986,0.000212001,0.0281486
1705888386438154433,0.02,5,0.0776471,130605,3100.19,42.1281,90.1568,0.547914,73.2997,0.237986,0.000307507,0.0448746
1705888386438154433,0.03,3.33333,0.0458824,210113,3100.19,67.7741,133.852,0.547914,111.988,0.237986,0.000363599,0.0568682
1705888386438154433,0.04,2.5,0.0352941,291498,3100.19,94.0258,180.912,0.547914,150.693,0.237986,0.00042501,0.0670362
1705888386537993303,0.0005,200,0.9956,267.682,3840.82,0.0696938,0.277667,0.459796,0.423725,0.441791,1.53879e-06,0.000507149
1705888386537993303,0.001,100,0.90429,1035.82,3840.82,0.269686,0.95429,0.459796,1.62517,0.441791,1.01566e-05,0.00158977
1705888386537993303,0.002,50,0.594059,3667.71,3840.82,0.954928,3.97456,0.459796,5.20775,0.441791,5.39147e-05,0.00609501
1705888386537993303,0.003,33.3333,0.425743,7177.75,3840.82,1.86881,7.2854,0.459796,9.28777,0.441791,9.68154e-05,0.0105116
1705888386537993303,0.005,20,0.259626,15470.7,3840.82,4.02796,14.3117,0.459796,17.8257,0.441791,0.000171602,0.0180553
1705888386537993303,0.01,10,0.123212,39717.8,3840.82,10.341,32.7162,0.459796,39.6386,0.441791,0.00031002,0.0319882
1705888386537993303,0.02,5,0.0550055,95049.7,3840.82,24.7472,59.3532,0.459796,83.5723,0.441791,0.00042858,0.0444929
1705888386537993303,0.03,3.33333,0.0374037,154692,3840.82,40.2757,85.4765,0.459796,127.568,0.441791,0.000520745,0.054208
1705888386537993303,0.04,2.5,0.0231023,214635,3840.82,55.8827,111.725,0.459796,171.58,0.441791,0.000591087,0.061147
1705888386638651453,0.0005,200,0.995,423.971,4483.28,0.0945672,0.710408,4.68846,0.441172,0.65813,9.74989e-07,0.000162201
1705888386638651453,0.001,100,0.912,1588.28,4483.28,0.354266,2.26989,4.68846,1.69209,0.65813,3.35865e-06,0.000511903
1705888386638651453,0.002,50,0.619,5204.05,4483.28,1.16077,5.99649,4.68846,5.457,0.65813,9.63499e-06,0.00132429
1705888386638651453,0.003,33.3333,0.429,9759.55,4483.28,2.17688,9.24486,4.68846,9.75872,0.65813,1.35218e-05,0.00206664
1705888386638651453,0.005,20,0.294,20826.2,4483.28,4.64529,17.7736,4.68846,18.7463,0.65813,2.72183e-05,0.00384187
1705888386638651453,0.01,10,0.148,55138.1,4483.28,12.2986,41.2254,4.68846,41.75,0.65813,6.16632e-05,0.00825361
1705888386638651453,0.02,5,0.078,140203,4483.28,31.2724,82.635,4.68846,88.1208,0.65813,0.000107465,0.0147433
1705888386638651453,0.03,3.33333,0.05,237653,4483.28,53.0087,122.672,4.68846,134.573,0.65813,0.000138336,0.0201664
1705888386638651453,0.04,2.5,0.039,346417,4483.28,77.2686,164.737,4.68846,181.046,0.65813,0.000166431,0.0248919
1705888386738486232,0.0005,200,0.996154,414.933,4984.85,0.0832387,0.845333,1.22565,0.462759,0.581813,8.78659e-06,0.000899422
1705888386738486232,0.001,100,0.914423,1582.46,4984.85,0.317454,2.19952,1.22565,1.78436,0.581813,2.43259e-05,0.00224565
1705888386738486232,0.002,50,0.592308,5376.76,4984.85,1.07862,5.23531,1.22565,5.79254,0.581813,5.50797e-05,0.00542237
1705888386738486232,0.003,33.3333,0.420192,10191.2,4984.85,2.04443,8.32193,1.22565,10.3716,0.581813,7.4105e-05,0.0089989
1705888386738486232,0.005,20,0.260577,21788.7,4984.85,4.37098,14.0492,1.22565,19.9335,0.581813,0.000110702,0.0150711
1705888386738486232,0.01,10,0.148077,56100,4984.85,11.2541,32.729,1.22565,44.3096,0.581813,0.00019453,0.0306011
1705888386738486232,0.02,5,0.0875,135966,4984.85,27.2759,68.5653,1.22565,93.3932,0.581813,0.000341527,0.0535621
1705888386738486232,0.03,3.33333,0.0557692,227792,4984.85,45.6969,107.898,1.22565,142.566,0.581813,0.000466338,0.0706189
1705888386738486232,0.04,2.5,0.0394231,326979,4984.85,65.5945,147.449,1.22565,191.764,0.581813,0.000558799,0.0825274
1705888386838333833,0.0005,200,0.99709,319.359,4288.18,0.0744742,0.726281,0.737361,0.386419,0.354967,2.93116e-06,0.00100798
1705888386838333833,0.001,100,0.936954,1248.89,4288.18,0.29124,2.29927,0.737361,1.49673,0.354967,1.73555e-05,0.00309013
1705888386838333833,0.002,50,0.655674,4483.87,4288.18,1.04564,7.66988,0.737361,4.94575,0.354967,7.35719e-05,0.00977444
1705888386838333833,0.003,33.3333,0.464597,8896.97,4288.18,2.07477,13.6551,0.737361,8.98517,0.354967,0.000126762,0.0170579
1705888386838333833,0.005,20,0.293889,19843.4,4288.18,4.62748,24.7706,0.737361,17.5122,0.354967,0.000225235,0.0296698
1705888386838333833,0.01,10,0.158099,52445.1,4288.18,12.2302,53.5889,0.737361,39.3871,0.354967,0.000426238,0.0586724
1705888386838333833,0.02,5,0.0785645,133944,4288.18,31.2357,114.386,0.737361,83.5218,0.354967,0.000700988,0.106126
1705888386838333833,0.03,3.33333,0.0591659,227793,4288.18,53.1211,173.622,0.737361,127.738,0.354967,0.000899883,0.138761
1705888386838333833,0.04,2.5,0.0436469,332091,4288.18,77.4435,229.47,0.737361,171.973,0.354967,0.00103242,0.16076
1705888386938162926,0.0005,200,0.998925,624.118,3216.99,0.194007,2.33845,0.098169,0.371808,0.19153,0.000272831,0.0183076
1705888386938162926,0.001,100,0.922581,2294.39,3216.99,0.713209,6.90368,0.098169,1.45364,0.19153,0.000701431,0.0487267
1705888386938162926,0.002,50,0.615054,8488.81,3216.99,2.63874,16.6376,0.098169,4.79113,0.19153,0.00123722,0.0825813
1705888386938162926,0.003,33.3333,0.466667,16113.9,3216.99,5.009,26.3583,0.098169,8.61349,0.19153,0.00156489,0.100273
1705888386938162926,0.005,20,0.296774,29907.7,3216.99,9.2968,40.9984,0.098169,16.6532,0.19153,0.00198536,0.116086
1705888386938162926,0.01,10,0.152688,69878,3216.99,21.7215,74.8139,0.098169,37.2722,0.19153,0.00265582,0.130275
1705888386938162926,0.02,5,0.0731183,164861,3216.99,51.2468,149.012,0.098169,78.8517,0.19153,0.00349282,0.130948
1705888386938162926,0.03,3.33333,0.0516129,278610,3216.99,86.6059,224.904,0.098169,120.505,0.19153,0.00385694,0.117445
1705888386938162926,0.04,2.5,0.0376344,402353,3216.99,125.071,300.731,0.098169,162.177,0.19153,0.00425289,0.101363
1705888387038003205,0.0005,200,1,204.33,2849.05,0.0717188,0.492356,0.597858,0.348083,0.180474,1.06196e-06,0.000110003
1705888387038003205,0.001,100,0.93887,813.407,2849.05,0.285501,1.94118,0.597858,1.3718,0.180474,4.1826e-06,0.000433087
1705888387038003205,0.002,50,0.588235,2813.11,2849.05,0.987386,6.08553,0.597858,4.6015,0.180474,1.29807e-05,0.00135324
1705888387038003205,0.003,33.3333,0.422145,5271.67,2849.05,1.85033,10.5331,0.597858,8.30707,0.180474,2.25624e-05,0.00232222
1705888387038003205,0.005,20,0.266436,10920,2849.05,3.83287,16.8857,0.597858,16.0564,0.180474,3.59389e-05,0.00367664
1705888387038003205,0.01,10,0.138408,27493.8,2849.05,9.65018,34.881,0.597858,35.8597,0.180474,7.17213e-05,0.0073837
1705888387038003205,0.02,5,0.0692042,68258.5,2849.05,23.9583,71.8586,0.597858,75.7546,0.180474,0.000137093,0.0143548
1705888387038003205,0.03,3.33333,0.0484429,116131,2849.05,40.7612,109.203,0.597858,115.709,0.180474,0.000193818,0.0205294
1705888387038003205,0.04,2.5,0.0392157,169653,2849.05,59.5473,145.666,0.597858,155.679,0.180474,0.000241601,0.0258052
1705888387138245880,0.0005,200,0.998818,158.283,2713.8,0.0583254,0.828678,1.09854,0.328585,0.1986,2.08422e-06,0.000217093
1705888387138245880,0.001,100,0.93026,622.263,2713.8,0.229296,3.03333,1.09854,1.28523,0.1986,7.49566e-06,0.000797339
1705888387138245880,0.002,50,0.635934,2128.82,2713.8,0.784441,8.69957,1.09854,4.24845,0.1986,2.12897e-05,0.00228034
1705888387138245880,0.003,33.3333,0.476359,4083.85,2713.8,1.50485,14.8,1.09854,7.6605,0.1986,3.59734e-05,0.00385936
1705888387138245880,0.005,20,0.29078,8899.77,2713.8,3.27945,28.3284,1.09854,14.8588,0.1986,6.76236e-05,0.00730011
1705888387138245880,0.01,10,0.15721,23591.8,2713.8,8.69327,56.2163,1.09854,33.3038,0.1986,0.000128448,0.0140183
1705888387138245880,0.02,5,0.0839243,60251.6,2713.8,22.2019,113.404,1.09854,70.477,0.1986,0.000235431,0.0261448
1705888387138245880,0.03,3.33333,0.0626478,103081,2713.8,37.9839,170.422,1.09854,107.718,0.1986,0.000319905,0.0361976
1705888387138245880,0.04,2.5,0.0460993,147926,2713.8,54.5087,227.843,1.09854,144.98,0.1986,0.000391137,0.0451003
1705888387238093442,0.0005,200,1,6655.54,3069.77,2.16809,10.0642,0.59845,0.34601,0.20513,5.11104e-05,0.0080618
1705888387238093442,0.001,100,0.932071,14099.6,3069.77,4.59305,21.8562,0.59845,1.34722,0.20513,0.000100394,0.0158103
1705888387238093442,0.002,50,0.64922,29185.1,3069.77,9.50723,46.8087,0.59845,4.44964,0.20513,0.000185398,0.0283148
1705888387238093442,0.003,33.3333,0.464365,44888.8,3069.77,14.6228,72.7799,0.59845,8.04796,0.20513,0.000251903,0.0378401
1705888387238093442,0.005,20,0.291759,76688,3069.77,24.9816,124.678,0.59845,15.6394,0.20513,0.000350292,0.0510582
1705888387238093442,0.01,10,0.14588,158991,3069.77,51.7925,256.576,0.59845,35.1126,0.20513,0.000505063,0.0692223
1705888387238093442,0.02,5,0.0634744,328850,3069.77,107.125,514.217,0.59845,74.4032,0.20513,0.000662295,0.0836037
1705888387238093442,0.03,3.33333,0.045657,502332,3069.77,163.638,772.487,0.59845,113.76,0.20513,0.000755306,0.0909756
1705888387238093442,0.04,2.5,0.0400891,681444,3069.77,221.985,1031.42,0.59845,153.132,0.20513,0.000813907,0.0953632
1705888387337932159,0.0005,200,0.998959,278.351,3507.27,0.079364,0.779313,0.0699454,0.367031,0.310453,0.000115804,0.0116308
1705888387337932159,0.001,100,0.924037,1103.33,3507.27,0.314584,3.25747,0.0699454,1.43155,0.310453,0.000415226,0.0405744
1705888387337932159,0.002,50,0.652445,3690.84,3507.27,1.05234,10.6455,0.0699454,4.68781,0.310453,0.00100234,0.092287
1705888387337932159,0.003,33.3333,0.493236,7178.49,3507.27,2.04675,18.151,0.0699454,8.45238,0.310453,0.0013408,0.122778
1705888387337932159,0.005,20,0.311134,15496.7,3507.27,4.41846,29.845,0.0699454,16.4159,0.310453,0.0015462,0.155083
1705888387337932159,0.01,10,0.156087,38825.5,3507.27,11.07,56.659,0.0699454,36.8867,0.310453,0.0016545,0.199866
1705888387337932159,0.02,5,0.0832466,93792.9,3507.27,26.7424,115.429,0.0699454,78.1807,0.310453,0.00148053,0.234389
1705888387337932159,0.03,3.33333,0.0593132,153062,3507.27,43.6413,173.485,0.0699454,119.557,0.310453,0.0012613,0.259577
1705888387337932159,0.04,2.5,0.0426639,212875,3507.27,60.6952,230.033,0.0699454,160.957,0.310453,0.000976329,0.273556
1705888387438560255,0.0005,200,0.998092,464.908,4073.69,0.114125,0.622987,0.0846154,0.409042,0.367308,6.49825e-06,0.00051401
1705888387438560255,0.001,100,0.917939,1766.36,4073.69,0.433602,2.50505,0.0846154,1.58519,0.367308,2.64788e-05,0.00205388
1705888387438560255,0.002,50,0.656489,5757.2,4073.69,1.41326,8.72676,0.0846154,5.15147,0.367308,9.10327e-05,0.00703593
1705888387438560255,0.003,33.3333,0.484733,11289.6,4073.69,2.77134,16.1297,0.0846154,9.27223,0.367308,0.00016402,0.0126694
1705888387438560255,0.005,20,0.326336,25677,4073.69,6.30313,31.122,0.0846154,17.9764,0.367308,0.000300339,0.0231588
1705888387438560255,0.01,10,0.152672,73357.5,4073.69,18.0076,66.8577,0.0846154,40.3937,0.367308,0.000574123,0.0434106
1705888387438560255,0.02,5,0.0753817,160096,4073.69,39.3,135.122,0.0846154,85.6237,0.367308,0.000952618,0.0741015
1705888387438560255,0.03,3.33333,0.0572519,250498,4073.69,61.4917,200.279,0.0846154,130.936,0.367308,0.00123636,0.0980888
1705888387438560255,0.04,2.5,0.0410305,343917,4073.69,84.424,265.566,0.0846154,176.272,0.367308,0.00148252,0.118182
1705888387538391655,0.0005,200,1,389.407,4439.06,0.0877228,0.427715,0.700816,0.40889,0.413286,2.31099e-06,0.000243869
1705888387538391655,0.001,100,0.925234,1500.71,4439.06,0.338069,1.33141,0.700816,1.59248,0.413286,8.79303e-06,0.000695974
1705888387538391655,0.002,50,0.668224,5135,4439.06,1.15678,3.0179,0.700816,5.20677,0.413286,2.54022e-05,0.00132922
1705888387538391655,0.003,33.3333,0.476636,9908.64,4439.06,2.23215,5.01906,0.700816,9.40943,0.413286,4.23963e-05,0.00212066
1705888387538391655,0.005,20,0.302804,22111.7,4439.06,4.98117,9.2411,0.700816,18.2794,0.413286,7.12014e-05,0.00396479
1705888387538391655,0.01,10,0.164486,59636.1,4439.06,13.4344,16.5583,0.700816,41.0344,0.413286,0.000115178,0.00669586
1705888387538391655,0.02,5,0.0841121,149734,4439.06,33.731,37.4318,0.700816,86.9513,0.413286,0.000231116,0.0116026
1705888387538391655,0.03,3.33333,0.064486,253060,4439.06,57.0077,57.6535,0.700816,132.955,0.413286,0.000320372,0.0149066
1705888387538391655,0.04,2.5,0.0542056,367206,4439.06,82.7215,78.388,0.700816,178.981,0.413286,0.000392413,0.0176224
1705888387638244515,0.0005,200,0.998104,320.291,4193.05,0.0763863,1.45587,0.172317,0.368776,0.308494,9.48416e-06,0.00158869
1705888387638244515,0.001,100,0.934597,1236.01,4193.05,0.294775,4.91274,0.172317,1.43526,0.308494,3.34447e-05,0.00524855
1705888387638244515,0.002,50,0.688152,4417.41,4193.05,1.05351,13.4074,0.172317,4.75433,0.308494,9.11033e-05,0.0136053
1705888387638244515,0.003,33.3333,0.509005,8761.52,4193.05,2.08954,20.8803,0.172317,8.64525,0.308494,0.00013632,0.019849
1705888387638244515,0.005,20,0.324171,18958.1,4193.05,4.52131,31.9448,0.172317,16.9116,0.308494,0.000191534,0.0264268
1705888387638244515,0.01,10,0.170616,48261.4,4193.05,11.5099,62.3437,0.172317,38.203,0.308494,0.000293546,0.0387274
1705888387638244515,0.02,5,0.0834123,116558,4193.05,27.7979,126.95,0.172317,81.2204,0.308494,0.000417887,0.0519032
1705888387638244515,0.03,3.33333,0.0606635,188223,4193.05,44.8893,195.368,0.172317,124.332,0.308494,0.000502105,0.0593437
1705888387638244515,0.04,2.5,0.0511848,263775,4193.05,62.9078,266.93,0.172317,167.465,0.308494,0.00056218,0.0642492
1705888387738087345,0.0005,200,0.998117,395.003,4102.19,0.0962909,0.992521,0.0314867,0.394626,0.281551,8.36097e-05,0.00694882
1705888387738087345,0.001,100,0.935028,1427.88,4102.19,0.348078,3.48749,0.0314867,1.52712,0.281551,0.000294812,0.0243309
1705888387738087345,0.002,50,0.672316,4675.36,4102.19,1.13972,11.706,0.0314867,5.01112,0.281551,0.000781901,0.0664871
1705888387738087345,0.003,33.3333,0.483992,8777.32,4102.19,2.13967,18.64,0.0314867,9.06123,0.281551,0.00110352,0.0926195
1705888387738087345,0.005,20,0.326742,18731.3,4102.19,4.56617,30.3971,0.0314867,17.6013,0.281551,0.00150871,0.131748
1705888387738087345,0.01,10,0.186441,50374.7,4102.19,12.28,64.6046,0.0314867,39.5221,0.281551,0.00232904,0.20766
1705888387738087345,0.02,5,0.10452,123817,4102.19,30.1831,129.309,0.0314867,83.7944,0.281551,0.00337045,0.273506
1705888387738087345,0.03,3.33333,0.0715631,210346,4102.19,51.2766,191.429,0.0314867,128.183,0.281551,0.0039801,0.284918
1705888387738087345,0.04,2.5,0.0574388,307738,4102.19,75.018,255.281,0.0314867,172.6,0.281551,0.00444345,0.281714
1705888387837923855,0.0005,200,1,252.611,3791.35,0.0666282,0.440293,0.0371811,0.336028,0.273033,3.61747e-06,0.000452185
1705888387837923855,0.001,100,0.94511,997.089,3791.35,0.26299,1.6559,0.0371811,1.31294,0.273033,1.40741e-05,0.0016688
1705888387837923855,0.002,50,0.675649,3501.4,3791.35,0.923524,5.09371,0.0371811,4.39671,0.273033,4.19488e-05,0.00491866
1705888387837923855,0.003,33.3333,0.5,6714.1,3791.35,1.7709,8.78819,0.0371811,8.04426,0.273033,6.88477e-05,0.00814183
1705888387837923855,0.005,20,0.325349,14910.9,3791.35,3.93287,17.9419,0.0371811,15.7998,0.273033,0.000122996,0.0151589
1705888387837923855,0.01,10,0.164671,39021.2,3791.35,10.2922,41.0083,0.0371811,35.8078,0.273033,0.000228343,0.0274274
1705888387837923855,0.02,5,0.0768463,95257.9,3791.35,25.1251,86.8012,0.0371811,76.2269,0.273033,0.000350177,0.040914
1705888387837923855,0.03,3.33333,0.0578842,155641,3791.35,41.0517,134.64,0.0371811,116.719,0.273033,0.000433471,0.0502463
1705888387837923855,0.04,2.5,0.0479042,220630,3791.35,58.1931,184.27,0.0371811,157.229,0.273033,0.000493696,0.0571617
1705888387938561619,0.0005,200,0.998099,313.412,4092.35,0.0765849,0.515937,0.576579,0.363412,0.238724,4.11485e-06,0.000373254
1705888387938561619,0.001,100,0.942015,1209.73,4092.35,0.295608,1.78223,0.576579,1.41373,0.238724,1.44637e-05,0.00127912
1705888387938561619,0.002,50,0.676806,4243.34,4092.35,1.03689,4.9999,0.576579,4.72823,0.238724,3.27358e-05,0.00362761
1705888387938561619,0.003,33.3333,0.484791,8151.15,4092.35,1.9918,9.43554,0.576579,8.64767,0.238724,5.07733e-05,0.00677802
1705888387938561619,0.005,20,0.304183,17888.7,4092.35,4.37124,18.5151,0.576579,16.958,0.238724,8.44772e-05,0.0123098
1705888387938561619,0.01,10,0.1673,49369,4092.35,12.0637,39.8111,0.576579,38.3147,0.238724,0.000132709,0.0206081
1705888387938561619,0.02,5,0.0760456,125695,4092.35,30.7146,83.1259,0.576579,81.4501,0.238724,0.000200173,0.0278207
1705888387938561619,0.03,3.33333,0.0598859,206625,4092.35,50.4905,130.116,0.576579,124.674,0.238724,0.000267132,0.0322208
1705888387938561619,0.04,2.5,0.0446768,296412,4092.35,72.4307,179.339,0.576579,167.922,0.238724,0.000340042,0.0349212
1705888388038404641,0.0005,200,0.999062,312.911,4190.54,0.0746708,0.816506,0.517002,0.360985,0.432958,8.22791e-06,0.000967605
1705888388038404641,0.001,100,0.941839,1219.7,4190.54,0.29106,2.81306,0.517002,1.40333,0.432958,2.90499e-05,0.00329364
1705888388038404641,0.002,50,0.681051,4189.7,4190.54,0.9998,9.62892,0.517002,4.66217,0.432958,9.5008e-05,0.0109928
1705888388038404641,0.003,33.3333,0.514071,7988.94,4190.54,1.90642,16.0484,0.517002,8.48719,0.432958,0.000147519,0.0175296
1705888388038404641,0.005,20,0.359287,17106.9,4190.54,4.08227,26.2725,0.517002,16.5965,0.432958,0.000211814,0.0257849
1705888388038404641,0.01,10,0.177298,43689.8,4190.54,10.4258,52.1654,0.517002,37.549,0.432958,0.000314679,0.0394216
1705888388038404641,0.02,5,0.0956848,104906,4190.54,25.0341,112.561,0.517002,79.9256,0.432958,0.000460691,0.0583758
1705888388038404641,0.03,3.33333,0.0619137,170761,4190.54,40.7493,170.431,0.517002,122.417,0.432958,0.000544448,0.0679124
1705888388038404641,0.04,2.5,0.0469043,241350,4190.54,57.594,226.217,0.517002,164.936,0.432958,0.000599547,0.0739853
1705888388138228648,0.0005,200,0.999075,6113.01,4617.71,1.32382,1.12876,0.228093,0.351034,0.609293,4.59743e-05,0.0043785
1705888388138228648,0.001,100,0.943571,24389,4617.71,5.28162,4.29997,0.228093,1.3596,0.609293,0.000153552,0.0145479
1705888388138228648,0.002,50,0.701203,96928.4,4617.71,20.9906,12.5312,0.228093,4.54317,0.609293,0.000385918,0.037662
1705888388138228648,0.003,33.3333,0.528215,217037,4617.71,47.001,23.0385,0.228093,8.33046,0.609293,0.000608471,0.0607036
1705888388138228648,0.005,20,0.342276,599069,4617.71,129.733,47.7823,0.228093,16.4223,0.609293,0.000934465,0.0968995
1705888388138228648,0.01,10,0.160037,2.37841e+06,4617.71,515.063,127.278,0.228093,37.3518,0.609293,0.00149093,0.158319
1705888388138228648,0.02,5,0.080481,9.45706e+06,4617.71,2048,381.492,0.228093,79.6641,0.609293,0.00221257,0.225606
1705888388138228648,0.03,3.33333,0.0573543,1.52832e+07,4617.71,3309.69,602.074,0.228093,122.072,0.609293,0.00272092,0.261723
1705888388138228648,0.04,2.5,0.0416281,2.03938e+07,4617.71,4416.42,804.591,0.228093,164.506,0.609293,0.00310398,0.280054
1705888388238071058,0.0005,200,0.998282,404.448,5375,0.0752462,1.56767,0.216021,0.415678,1.24202,3.11107e-05,0.00321781
1705888388238071058,0.001,100,0.934708,1535.03,5375,0.285587,5.90134,0.216021,1.59444,1.24202,0.000116878,0.0118527
1705888388238071058,0.002,50,0.694158,5189.35,5375,0.965461,17.0789,0.216021,5.19627,1.24202,0.00031623,0.031774
1705888388238071058,0.003,33.3333,0.524914,10007,5375,1.86177,27.7133,0.216021,9.43004,1.24202,0.000471188,0.0468049
1705888388238071058,0.005,20,0.339347,21627,5375,4.02363,48.4113,0.216021,18.4373,1.24202,0.000712196,0.0666313
1705888388238071058,0.01,10,0.178694,58657.6,5375,10.913,100.055,0.216021,41.6681,1.24202,0.00112625,0.0913931
1705888388238071058,0.02,5,0.097079,143030,5375,26.6102,195.061,0.216021,88.6152,1.24202,0.00158057,0.118016
1705888388238071058,0.03,3.33333,0.064433,229273,5375,42.6554,296.704,0.216021,135.67,1.24202,0.00188248,0.135652
1705888388238071058,0.04,2.5,0.0541237,318457,5375,59.2479,394.961,0.216021,182.754,1.24202,0.00206592,0.1474
1705888388338317236,0.0005,200,0.99918,603.092,5798.65,0.104006,2.89073,0.558659,0.40836,1.18553,2.07879e-07,2.57073e-05
1705888388338317236,0.001,100,0.942576,2344.83,5798.65,0.404375,10.8571,0.558659,1.59226,1.18553,7.58254e-07,9.71162e-05
1705888388338317236,0.002,50,0.684167,7934.11,5798.65,1.36827,29.0753,0.558659,5.31363,1.18553,2.05323e-06,0.000259319
1705888388338317236,0.003,33.3333,0.512715,14894.6,5798.65,2.56863,45.888,0.558659,9.71143,1.18553,3.2811e-06,0.000407864
1705888388338317236,0.005,20,0.318294,31706.4,5798.65,5.46789,76.7721,0.558659,19.0774,1.18553,5.59407e-06,0.000678202
1705888388338317236,0.01,10,0.169811,80012.6,5798.65,13.7985,150.791,0.558659,43.2146,1.18553,1.11555e-05,0.00131985
1705888388338317236,0.02,5,0.0943396,198074,5798.65,34.1586,305.452,0.558659,91.9627,1.18553,2.2855e-05,0.00262973
1705888388338317236,0.03,3.33333,0.0672683,328756,5798.65,56.6953,457.934,0.558659,140.823,1.18553,3.42765e-05,0.00388503
1705888388338317236,0.04,2.5,0.0508614,459820,5798.65,79.2978,608.667,0.558659,189.715,1.18553,4.53409e-05,0.00508902
1705888388438136657,0.0005,200,0.997017,1279.38,5882.27,0.217497,1.01439,1.70152,0.494275,1.36074,2.90989e-06,0.000209394
1705888388438136657,0.001,100,0.929157,4754.26,5882.27,0.808234,4.42645,1.70152,1.87784,1.36074,1.10578e-05,0.0009666
1705888388438136657,0.002,50,0.690529,12873.3,5882.27,2.1885,10.2834,1.70152,6.05871,1.36074,2.7058e-05,0.00216041
1705888388438136657,0.003,33.3333,0.538404,22519.5,5882.27,3.82837,17.3121,1.70152,10.9401,1.36074,4.37647e-05,0.00360239
1705888388438136657,0.005,20,0.344519,43304.3,5882.27,7.36183,33.0988,1.70152,21.3209,1.36074,7.75646e-05,0.00667919
1705888388438136657,0.01,10,0.193139,102087,5882.27,17.3551,73.2359,1.70152,48.0544,1.36074,0.000155348,0.0129252
1705888388438136657,0.02,5,0.118568,238915,5882.27,40.616,143.912,1.70152,102.041,1.36074,0.000267578,0.0194631
1705888388438136657,0.03,3.33333,0.0820283,385223,5882.27,65.4888,220.4,1.70152,156.178,1.36074,0.000360011,0.0238424
1705888388438136657,0.04,2.5,0.0618941,537601,5882.27,91.3933,299.076,1.70152,210.354,1.36074,0.000438299,0.0267074
1705888388537974239,0.0005,200,0.996366,775.548,6140.71,0.126296,0.701358,0.274378,0.471105,1.24338,0.000132876,0.00307908
1705888388537974239,0.001,100,0.93532,3019.51,6140.71,0.49172,3.3144,0.274378,1.81043,1.24338,0.00051275,0.0133815
1705888388537974239,0.002,50,0.703488,9960.48,6140.71,1.62204,9.45439,0.274378,5.92016,1.24338,0.00126173,0.0232194
1705888388537974239,0.003,33.3333,0.532703,18846.1,6140.71,3.06904,15.2204,0.274378,10.7604,1.24338,0.00170671,0.026704
1705888388537974239,0.005,20,0.362645,41106.9,6140.71,6.69416,26.4415,0.274378,21.0443,1.24338,0.0024571,0.0360816
1705888388537974239,0.01,10,0.208576,110924,6140.71,18.0637,51.7556,0.274378,47.5841,1.24338,0.00339449,0.0291397
1705888388537974239,0.02,5,0.111919,286724,6140.71,46.6924,98.8857,0.274378,101.297,1.24338,0.0040746,0.0385279
1705888388537974239,0.03,3.33333,0.0697674,498672,6140.71,81.2074,151.289,0.274378,155.172,1.24338,0.00438907,0.0471467
1705888388537974239,0.04,2.5,0.0588663,750858,6140.71,122.275,203.542,0.274378,209.078,1.24338,0.00463789,0.0546032
1705888388638611835,0.0005,200,0.995708,1058.04,5834.41,0.181344,2.50849,0.305715,0.457625,1.05771,2.52168e-05,0.00342846
1705888388638611835,0.001,100,0.946352,4154.68,5834.41,0.712098,8.43266,0.305715,1.74413,1.05771,8.71023e-05,0.0110214
1705888388638611835,0.002,50,0.726753,14750.8,5834.41,2.52824,23.4386,0.305715,5.72813,1.05771,0.000202136,0.0273324
1705888388638611835,0.003,33.3333,0.548641,29249.8,5834.41,5.01332,37.6276,0.305715,10.4565,1.05771,0.000281427,0.0386966
1705888388638611835,0.005,20,0.377682,63915.6,5834.41,10.9549,62.7601,0.305715,20.5376,1.05771,0.000374053,0.0504693
1705888388638611835,0.01,10,0.216023,160053,5834.41,27.4325,131.242,0.305715,46.6064,1.05771,0.000595755,0.0607866
1705888388638611835,0.02,5,0.120172,375860,5834.41,64.4212,273.801,0.305715,99.3738,1.05771,0.000932527,0.0674959
1705888388638611835,0.03,3.33333,0.0879828,616831,5834.41,105.723,420.039,0.305715,152.298,1.05771,0.0012677,0.0708924
1705888388638611835,0.04,2.5,0.0672389,861386,5834.41,147.639,565.809,0.305715,205.264,1.05771,0.00158575,0.0746673
1705888388738448778,0.0005,200,0.997792,823.699,5447.27,0.151213,1.84592,0.025696,0.382441,0.897072,0.000199328,0.0209674
1705888388738448778,0.001,100,0.952171,3231.11,5447.27,0.593161,7.41148,0.025696,1.47355,0.897072,0.000662768,0.0678013
1705888388738448778,0.002,50,0.754967,11613.7,5447.27,2.13202,21.6211,0.025696,4.92082,0.897072,0.00172315,0.139871
1705888388738448778,0.003,33.3333,0.582781,22763.6,5447.27,4.1789,37.9576,0.025696,9.0806,0.897072,0.00266336,0.183418
1705888388738448778,0.005,20,0.409124,50593,5447.27,9.28778,74.8897,0.025696,18.0452,0.897072,0.0040599,0.21611
1705888388738448778,0.01,10,0.225166,133270,5447.27,24.4654,163.176,0.025696,41.3857,0.897072,0.00606239,0.215695
1705888388738448778,0.02,5,0.128035,319752,5447.27,58.6996,336.785,0.025696,88.7186,0.897072,0.00743806,0.188691
1705888388738448778,0.03,3.33333,0.0831494,517043,5447.27,94.9178,506.605,0.025696,136.214,0.897072,0.00791549,0.172031
1705888388738448778,0.04,2.5,0.0691685,716825,5447.27,131.594,674.841,0.025696,183.75,0.897072,0.0081878,0.16592
1705888388838285386,0.0005,200,0.997008,712.296,5248.85,0.135705,1.41758,4.90285e-05,0.423288,0.739897,0.00865016,0.172411
1705888388838285386,0.001,100,0.948392,2642.13,5248.85,0.503373,3.46323,4.90285e-05,1.61312,0.739897,0.0166949,0.305582
1705888388838285386,0.002,50,0.733732,9066.32,5248.85,1.7273,9.17591,4.90285e-05,5.30896,0.739897,0.0201142,0.331239
1705888388838285386,0.003,33.3333,0.554974,17663.9,5248.85,3.36529,16.5558,4.90285e-05,9.73659,0.739897,0.0185575,0.289969
1705888388838285386,0.005,20,0.355273,37535.3,5248.85,7.15116,27.0483,4.90285e-05,19.238,0.739897,0.0172622,0.274338
1705888388838285386,0.01,10,0.206432,102700,5248.85,19.5662,60.2106,4.90285e-05,43.7902,0.739897,0.0144068,0.227904
1705888388838285386,0.02,5,0.115183,273942,5248.85,52.191,130.454,4.90285e-05,93.5004,0.739897,0.0119917,0.192563
1705888388838285386,0.03,3.33333,0.0830217,451027,5248.85,85.9288,198.644,4.90285e-05,143.359,0.739897,0.0114466,0.187795
1705888388838285386,0.04,2.5,0.065819,624878,5248.85,119.05,272.126,4.90285e-05,193.258,0.739897,0.0110963,0.186164
1705888388938130007,0.0005,200,0.997623,511.746,4890.98,0.10463,1.68593,1.06609,0.381671,0.808689,1.4207e-06,0.000178713
1705888388938130007,0.001,100,0.94374,1989.17,4890.98,0.406701,7.26276,1.06609,1.47569,0.808689,5.60992e-06,0.000780188
1705888388938130007,0.002,50,0.744057,6831.91,4890.98,1.39684,20.1548,1.06609,4.87843,0.808689,1.62985e-05,0.00212868
1705888388938130007,0.003,33.3333,0.579239,13231.5,4890.98,2.70528,31.2211,1.06609,8.93106,0.808689,2.49195e-05,0.00326657
1705888388938130007,0.005,20,0.385895,28923.2,4890.98,5.91358,50.5362,1.06609,17.6422,0.808689,3.89187e-05,0.00516978
1705888388938130007,0.01,10,0.210777,77224.7,4890.98,15.7892,99.8393,1.06609,40.2348,0.808689,7.23329e-05,0.00949246
1705888388938130007,0.02,5,0.12916,192292,4890.98,39.3157,200.065,1.06609,85.9902,0.808689,0.000129804,0.0163458
1705888388938130007,0.03,3.33333,0.0879556,319787,4890.98,65.383,301.805,1.06609,131.906,0.808689,0.00017745,0.021457
1705888388938130007,0.04,2.5,0.066561,443731,4890.98,90.7242,400.338,1.06609,177.864,0.808689,0.000217635,0.0251774
1705888389037960129,0.0005,200,0.997583,643.634,4520.34,0.142386,1.34826,1.09603,0.397566,0.734183,8.87911e-06,0.00171565
1705888389037960129,0.001,100,0.946011,2438.3,4520.34,0.539406,4.78819,1.09603,1.5178,0.734183,3.61939e-05,0.00591727
1705888389037960129,0.002,50,0.719581,7844.39,4520.34,1.73535,15.1061,1.09603,4.98841,0.734183,0.000109158,0.0176719
1705888389037960129,0.003,33.3333,0.556809,14924,4520.34,3.30152,26.7223,1.09603,9.09915,0.734183,0.000181043,0.0291793
1705888389037960129,0.005,20,0.390814,32373.1,4520.34,7.16165,49.1161,1.09603,17.8804,0.734183,0.00029358,0.0469192
1705888389037960129,0.01,10,0.204674,85153.5,4520.34,18.8378,99.5817,1.09603,40.6902,0.734183,0.000446305,0.074109
1705888389037960129,0.02,5,0.117647,210304,4520.34,46.5239,197.532,1.09603,86.8996,0.734183,0.000597097,0.106081
1705888389037960129,0.03,3.33333,0.0789686,350490,4520.34,77.5361,294.333,1.09603,133.248,0.734183,0.000672848,0.126857
1705888389037960129,0.04,2.5,0.0572119,502094,4520.34,111.074,396.03,1.09603,179.636,0.734183,0.000725993,0.140178
1705888389138599599,0.0005,200,0.998391,561.029,4577.1,0.122573,1.26384,1.73397,0.370775,0.539093,4.66292e-06,0.000573213
1705888389138599599,0.001,100,0.946098,2160.42,4577.1,0.472007,5.18846,1.73397,1.4312,0.539093,1.84514e-05,0.00234686
1705888389138599599,0.002,50,0.737731,7255.35,4577.1,1.58514,18.0879,1.73397,4.74451,0.539093,5.91373e-05,0.00804326
1705888389138599599,0.003,33.3333,0.583266,14185.8,4577.1,3.0993,32.1094,1.73397,8.70116,0.539093,0.000101174,0.0137437
1705888389138599599,0.005,20,0.384553,31320.1,4577.1,6.84278,60.8517,1.73397,17.208,0.539093,0.000176172,0.0238656
1705888389138599599,0.01,10,0.222043,85794.7,4577.1,18.7443,123.911,1.73397,39.2746,0.539093,0.00030033,0.0385954
1705888389138599599,0.02,5,0.119871,231394,4577.1,50.5547,231.531,1.73397,84.0267,0.539093,0.000400312,0.0483759
1705888389138599599,0.03,3.33333,0.0788415,410695,4577.1,89.7284,339.058,1.73397,128.932,0.539093,0.000480651,0.0526224
1705888389138599599,0.04,2.5,0.0635559,621275,4577.1,135.735,450.615,1.73397,173.872,0.539093,0.000554123,0.0552812
1705888389238436620,0.0005,200,0.997521,494.375,4437.49,0.111409,1.14629,0.319123,0.33194,0.543764,1.90988e-05,0.0014036
1705888389238436620,0.001,100,0.959504,1949.71,4437.49,0.439372,3.86114,0.319123,1.29499,0.543764,7.29512e-05,0.00424796
1705888389238436620,0.002,50,0.740496,6756.37,4437.49,1.52257,11.5946,0.319123,4.39447,0.543764,0.000216706,0.0116441
1705888389238436620,0.003,33.3333,0.590909,12945.3,4437.49,2.91725,18.4754,0.319123,8.10177,0.543764,0.000339723,0.016716
1705888389238436620,0.005,20,0.401653,28538.3,4437.49,6.43119,33.7564,0.319123,16.0749,0.543764,0.000565391,0.0249661
1705888389238436620,0.01,10,0.224793,74497.9,4437.49,16.7883,73.5635,0.319123,36.8333,0.543764,0.001063,0.0357099
1705888389238436620,0.02,5,0.131405,183389,4437.49,41.3271,151.454,0.319123,78.9373,0.543764,0.00184724,0.0426516
1705888389238436620,0.03,3.33333,0.092562,309997,4437.49,69.8586,225.62,0.319123,121.191,0.543764,0.00245592,0.0453886
1705888389238436620,0.04,2.5,0.0752066,439210,4437.49,98.977,298.335,0.319123,163.485,0.543764,0.00291001,0.048238
1705888389338264083,0.0005,200,0.997606,631.3,4752.45,0.132837,1.74133,1.37413,0.40978,0.754251,1.14903e-05,0.00105994
1705888389338264083,0.001,100,0.933759,2444.53,4752.45,0.514372,6.71842,1.37413,1.57211,0.754251,3.97775e-05,0.0041569
1705888389338264083,0.002,50,0.72067,8425.18,4752.45,1.77281,21.2597,1.37413,5.12111,0.754251,0.000114241,0.0127577
1705888389338264083,0.003,33.3333,0.561852,16263.3,4752.45,3.42208,36.0635,1.37413,9.31902,0.754251,0.000185328,0.0204746
1705888389338264083,0.005,20,0.380686,33767.3,4752.45,7.10525,60.5647,1.37413,18.2964,0.754251,0.000291238,0.0304498
1705888389338264083,0.01,10,0.212291,83145.2,4752.45,17.4952,122.088,1.37413,41.5531,0.754251,0.000513732,0.045939
1705888389338264083,0.02,5,0.122905,194434,4752.45,40.9125,244.862,1.37413,88.6106,0.754251,0.000787605,0.0585991
1705888389338264083,0.03,3.33333,0.0877893,318560,4752.45,67.0307,368.866,1.37413,135.813,0.754251,0.00101266,0.0634911
1705888389338264083,0.04,2.5,0.0678372,448622,4752.45,94.3982,500.126,1.37413,183.054,0.754251,0.00121063,0.0670968
1705888389438102008,0.0005,200,0.994681,576.382,4928.46,0.11695,1.36935,0.000300335,0.466969,1.11541,0.0058195,0.113405
1705888389438102008,0.001,100,0.93617,2211.57,4928.46,0.448735,6.2695,0.000300335,1.75991,1.11541,0.0119032,0.181468
1705888389438102008,0.002,50,0.719605,7512.87,4928.46,1.52439,17.9552,0.000300335,5.645,1.11541,0.0128732,0.181109
1705888389438102008,0.003,33.3333,0.558511,13984.6,4928.46,2.83752,30.7196,0.000300335,10.2096,1.11541,0.0113979,0.173368
1705888389438102008,0.005,20,0.37538,28842.1,4928.46,5.85215,53.1219,0.000300335,19.9356,1.11541,0.0121707,0.227795
1705888389438102008,0.01,10,0.221884,75333.1,4928.46,15.2853,111.563,0.000300335,45.0456,1.11541,0.0176212,0.356879
1705888389438102008,0.02,5,0.118541,185022,4928.46,37.5415,236.048,0.000300335,95.8786,1.11541,0.0229261,0.469059
1705888389438102008,0.03,3.33333,0.0904255,297979,4928.46,60.461,362.809,0.000300335,146.857,1.11541,0.0256987,0.52598
1705888389438102008,0.04,2.5,0.0729483,415763,4928.46,84.3597,485.549,0.000300335,197.877,1.11541,0.0271226,0.555822
1705888389537949611,0.0005,200,0.997059,744.671,5106.39,0.145831,1.2749,0.0535644,0.395669,0.822061,0.000111782,0.00423393
1705888389537949611,0.001,100,0.949265,2844.05,5106.39,0.556958,5.09037,0.0535644,1.52409,0.822061,0.000385231,0.0164879
1705888389537949611,0.002,50,0.755147,9955.62,5106.39,1.94964,17.1364,0.0535644,5.09168,0.822061,0.00108294,0.0463415
1705888389537949611,0.003,33.3333,0.563235,18992.4,5106.39,3.71933,29.572,0.0535644,9.39744,0.822061,0.0016859,0.0680384
1705888389537949611,0.005,20,0.389706,39355.5,5106.39,7.7071,58.0812,0.0535644,18.6242,0.822061,0.00259704,0.0997199
1705888389537949611,0.01,10,0.227941,100307,5106.39,19.6435,135.302,0.0535644,42.5357,0.822061,0.00380119,0.134149
1705888389537949611,0.02,5,0.127941,242835,5106.39,47.5552,290.036,0.0535644,91.0133,0.822061,0.00495267,0.138875
1705888389537949611,0.03,3.33333,0.0955882,398270,5106.39,77.9944,436.529,0.0535644,139.645,0.822061,0.00556819,0.130903
1705888389537949611,0.04,2.5,0.0764706,561585,5106.39,109.977,580.244,0.0535644,188.319,0.822061,0.00590869,0.121324
1705888389638591359,0.0005,200,0.997807,874.026,5015.78,0.174255,2.75402,0.135618,0.381938,0.85814,0.000105377,0.014669
1705888389638591359,0.001,100,0.957602,3389.39,5015.78,0.675746,9.35391,0.135618,1.47128,0.85814,0.000372357,0.0434438
1705888389638591359,0.002,50,0.763889,12179.1,5015.78,2.42815,25.2932,0.135618,4.93613,0.85814,0.000919343,0.083436
1705888389638591359,0.003,33.3333,0.590643,24425.5,5015.78,4.86974,40.6271,0.135618,9.12488,0.85814,0.0014031,0.099202
1705888389638591359,0.005,20,0.38962,52605.2,5015.78,10.4879,70.1722,0.135618,18.1797,0.85814,0.00203537,0.10717
1705888389638591359,0.01,10,0.21345,125155,5015.78,24.9522,142.047,0.135618,41.7346,0.85814,0.00260401,0.101564
1705888389638591359,0.02,5,0.122807,285536,5015.78,56.9276,288.918,0.135618,89.4653,0.85814,0.003139,0.106055
1705888389638591359,0.03,3.33333,0.0855263,462473,5015.78,92.2036,438.06,0.135618,137.36,0.85814,0.00362477,0.115995
1705888389638591359,0.04,2.5,0.0709064,647714,5015.78,129.135,582.025,0.135618,185.295,0.85814,0.00403486,0.122818
1705888389738427671,0.0005,200,0.996334,700.335,4843.66,0.144588,0.808924,1.36801,0.383323,0.789708,1.49824e-05,0.00141695
1705888389738427671,0.001,100,0.950147,2635.72,4843.66,0.544159,3.34024,1.36801,1.46176,0.789708,5.90742e-05,0.00572828
1705888389738427671,0.002,50,0.771261,9095.3,4843.66,1.87778,10.7135,1.36801,4.81537,0.789708,0.000162989,0.0167771
1705888389738427671,0.003,33.3333,0.609971,17426.7,4843.66,3.59784,18.952,1.36801,8.86783,0.789708,0.000252579,0.0262937
1705888389738427671,0.005,20,0.409091,38031.1,4843.66,7.85173,38.4844,1.36801,17.6579,0.789708,0.000402632,0.0407112
1705888389738427671,0.01,10,0.228006,102614,4843.66,21.1852,80.8604,1.36801,40.5878,0.789708,0.000603555,0.0490387
1705888389738427671,0.02,5,0.134897,254037,4843.66,52.4474,150.913,1.36801,87.0914,0.789708,0.000751275,0.0479504
1705888389738427671,0.03,3.33333,0.10044,413174,4843.66,85.302,222.929,1.36801,133.762,0.789708,0.000835274,0.0486466
1705888389738427671,0.04,2.5,0.0769795,582973,4843.66,120.358,296.955,1.36801,180.483,0.789708,0.000936734,0.0492573
1705888389838268042,0.0005,200,1,480.946,4469.86,0.107597,1.29056,0.0218673,0.318633,0.593335,2.54797e-05,0.00287324
1705888389838268042,0.001,100,0.960784,1867.22,4469.86,0.417735,4.61345,0.0218673,1.24159,0.593335,0.000103689,0.00962268
1705888389838268042,0.002,50,0.781961,6737.75,4469.86,1.50737,13.5336,0.0218673,4.22001,0.593335,0.000297254,0.0253463
1705888389838268042,0.003,33.3333,0.608627,13309,4469.86,2.97749,24.482,0.0218673,7.85808,0.593335,0.000495478,0.0404604
1705888389838268042,0.005,20,0.423529,29858.1,4469.86,6.67988,46.0786,0.0218673,15.748,0.593335,0.000806219,0.0594243
1705888389838268042,0.01,10,0.236078,78746,4469.86,17.6171,100.554,0.0218673,36.3724,0.593335,0.00141621,0.0815719
1705888389838268042,0.02,5,0.142745,184390,4469.86,41.2518,208.696,0.0218673,78.259,0.593335,0.00224561,0.108835
1705888389838268042,0.03,3.33333,0.0988235,303435,4469.86,67.8845,317.808,0.0218673,120.313,0.593335,0.00269983,0.121482
1705888389838268042,0.04,2.5,0.0768627,428371,4469.86,95.8354,421.171,0.0218673,162.413,0.593335,0.0029654,0.127521
1705888389938096924,0.0005,200,0.998367,444.895,4324.77,0.102871,1.35945,6.65188,0.336578,0.522957,2.35995e-06,0.000347
1705888389938096924,0.001,100,0.953469,1724.71,4324.77,0.398798,4.60723,6.65188,1.29511,0.522957,8.30442e-06,0.0011639
1705888389938096924,0.002,50,0.764082,6168.24,4324.77,1.42626,11.0452,6.65188,4.30542,0.522957,2.31685e-05,0.00266266
1705888389938096924,0.003,33.3333,0.604898,12078.9,4324.77,2.79295,19.1886,6.65188,7.95046,0.522957,4.21139e-05,0.0044733
1705888389938096924,0.005,20,0.404082,26387.9,4324.77,6.10159,36.8581,6.65188,15.8643,0.522957,7.7816e-05,0.00823882
1705888389938096924,0.01,10,0.222041,70772.4,4324.77,16.3644,80.717,6.65188,36.531,0.522957,0.000149643,0.0161177
1705888389938096924,0.02,5,0.116735,160038,4324.77,37.0049,165.003,6.65188,78.4796,0.522957,0.000272056,0.0267399
1705888389938096924,0.03,3.33333,0.0840816,254808,4324.77,58.9184,245.353,6.65188,120.558,0.522957,0.000376392,0.0330648
1705888389938096924,0.04,2.5,0.0710204,356389,4324.77,82.4065,327.946,6.65188,162.67,0.522957,0.000469708,0.037555
1705888390037930465,0.0005,200,0.998318,484.775,4153.24,0.116722,1.42172,8.18912,0.337057,0.430056,1.56887e-06,0.000180591
1705888390037930465,0.001,100,0.948696,1897.29,4153.24,0.45682,5.45066,8.18912,1.30398,0.430056,6.02058e-06,0.000689799
1705888390037930465,0.002,50,0.758621,6320.71,4153.24,1.52187,16.6749,8.18912,4.33248,0.430056,1.89636e-05,0.00207591
1705888390037930465,0.003,33.3333,0.589571,11771.7,4153.24,2.83433,28.7376,8.18912,7.9706,0.430056,3.18757e-05,0.00356089
1705888390037930465,0.005,20,0.402019,24829.1,4153.24,5.97825,53.5442,8.18912,15.8257,0.430056,5.70207e-05,0.00653892
1705888390037930465,0.01,10,0.214466,62947.1,4153.24,15.1561,112.943,8.18912,36.2886,0.430056,0.000113888,0.0130819
1705888390037930465,0.02,5,0.115223,154348,4153.24,37.1633,226.548,8.18912,77.8255,0.430056,0.000209056,0.0232604
1705888390037930465,0.03,3.33333,0.0857864,250017,4153.24,60.1979,340.933,8.18912,119.498,0.430056,0.000290754,0.0313013
1705888390037930465,0.04,2.5,0.0656013,351882,4153.24,84.7247,458.234,8.18912,161.207,0.430056,0.000362654,0.037848
1705888390138559355,0.0005,200,0.998249,431.219,3756.55,0.114791,0.861095,11.3071,0.293042,0.516631,4.72215e-07,7.86041e-05
1705888390138559355,0.001,100,0.958844,1698.93,3756.55,0.452257,3.10199,11.3071,1.13875,0.516631,1.75269e-06,0.00028166
1705888390138559355,0.002,50,0.777583,6048.39,3756.55,1.61009,8.75429,11.3071,3.85193,0.516631,5.00331e-06,0.000789532
1705888390138559355,0.003,33.3333,0.603327,11488.1,3756.55,3.05815,14.1034,11.3071,7.15998,0.516631,7.78259e-06,0.00126811
1705888390138559355,0.005,20,0.420315,24564.8,3756.55,6.53919,25.6053,11.3071,14.3354,0.516631,1.42453e-05,0.00225907
1705888390138559355,0.01,10,0.2338,66274.8,3756.55,17.6424,53.3226,11.3071,33.0737,0.516631,3.06443e-05,0.00447249
1705888390138559355,0.02,5,0.126095,175723,3756.55,46.7778,103.441,11.3071,71.1456,0.516631,5.96775e-05,0.00785558
1705888390138559355,0.03,3.33333,0.0849387,294831,3756.55,78.4844,155.103,11.3071,109.365,0.516631,8.58704e-05,0.0107765
1705888390138559355,0.04,2.5,0.0665499,429827,3756.55,114.42,204.643,11.3071,147.622,0.516631,0.000110452,0.0129979
1705888390238393904,0.0005,200,0.999122,302.75,3750.59,0.0807206,1.44603,0.0502629,0.305149,0.340387,8.4858e-05,0.0117615
1705888390238393904,0.001,100,0.949956,1160.54,3750.59,0.30943,4.57735,0.0502629,1.18621,0.340387,0.000255937,0.0344656
1705888390238393904,0.002,50,0.776119,4082.8,3750.59,1.08858,12.0216,0.0502629,3.94335,0.340387,0.000539977,0.0717548
1705888390238393904,0.003,33.3333,0.618964,7916.38,3750.59,2.1107,21.1461,0.0502629,7.28032,0.340387,0.000756509,0.0996923
1705888390238393904,0.005,20,0.404741,16772,3750.59,4.47184,41.3372,0.0502629,14.5493,0.340387,0.000961,0.131841
1705888390238393904,0.01,10,0.222125,42818,3750.59,11.4163,92.8877,0.0502629,33.5414,0.340387,0.00116421,0.157147
1705888390238393904,0.02,5,0.116769,103038,3750.59,27.4725,189.464,0.0502629,72.1228,0.340387,0.00119539,0.160389
1705888390238393904,0.03,3.33333,0.071993,168482,3750.59,44.9215,282.115,0.0502629,110.85,0.340387,0.00124747,0.166696
1705888390238393904,0.04,2.5,0.0553117,237282,3750.59,63.2654,379.904,0.0502629,149.609,0.340387,0.00154518,0.176181
1705888390338231688,0.0005,200,1,294.15,3716.03,0.0791571,1.04334,0.002961,0.258962,0.341698,0.00703525,0.199803
1705888390338231688,0.001,100,0.965302,1143.57,3716.03,0.30774,3.68773,0.002961,1.01613,0.341698,0.0143374,0.399895
1705888390338231688,0.002,50,0.783808,4117.27,3716.03,1.10797,11.627,0.002961,3.50372,0.341698,0.0155969,0.411571
1705888390338231688,0.003,33.3333,0.635231,8062.42,3716.03,2.16963,19.8791,0.002961,6.58151,0.341698,0.0138518,0.369895
1705888390338231688,0.005,20,0.426157,17626.1,3716.03,4.74326,36.3971,0.002961,13.334,0.341698,0.0123934,0.319755
1705888390338231688,0.01,10,0.219751,46337.1,3716.03,12.4695,75.1114,0.002961,31.0742,0.341698,0.0135531,0.280141
1705888390338231688,0.02,5,0.105872,116220,3716.03,31.2752,146.577,0.002961,67.1536,0.341698,0.0178853,0.313365
1705888390338231688,0.03,3.33333,0.0765125,190158,3716.03,51.1722,222.52,0.002961,103.358,0.341698,0.0202277,0.348667
1705888390338231688,0.04,2.5,0.0622776,269408,3716.03,72.4988,299.002,0.002961,139.592,0.341698,0.0222088,0.384336
1705888390438074750,0.0005,200,1,373.531,3619.66,0.103195,0.616204,0.297823,0.27603,0.345395,9.57435e-06,0.0010672
1705888390438074750,0.001,100,0.962332,1422.28,3619.66,0.392932,2.46337,0.297823,1.08267,0.345395,3.67597e-05,0.0041653
1705888390438074750,0.002,50,0.777578,5073.69,3619.66,1.4017,7.61245,0.297823,3.70753,0.345395,9.7649e-05,0.0120696
1705888390438074750,0.003,33.3333,0.610762,9989.53,3619.66,2.7598,13.1773,0.297823,6.93315,0.345395,0.000152994,0.0194444
1705888390438074750,0.005,20,0.392825,22172.2,3619.66,6.12548,24.021,0.297823,13.9734,0.345395,0.000244103,0.0308236
1705888390438074750,0.01,10,0.205381,61241,3619.66,16.919,51.5146,0.297823,32.3587,0.345395,0.000431248,0.0496792
1705888390438074750,0.02,5,0.126457,167646,3619.66,46.3153,104.198,0.297823,69.6257,0.345395,0.000675457,0.0716144
1705888390438074750,0.03,3.33333,0.090583,308728,3619.66,85.292,157.604,0.297823,107.011,0.345395,0.00082245,0.0830026
1705888390438074750,0.04,2.5,0.0717489,483835,3619.66,133.669,209.171,0.297823,144.433,0.345395,0.000892304,0.0879834
1705888390538309716,0.0005,200,0.999067,298.214,3405.03,0.0875806,0.816548,0.860968,0.269517,0.397778,4.60554e-06,0.000514091
1705888390538309716,0.001,100,0.963619,1179.73,3405.03,0.346467,3.26413,0.860968,1.0457,0.397778,1.82186e-05,0.00204143
1705888390538309716,0.002,50,0.782649,4079.46,3405.03,1.19807,10.1486,0.860968,3.55861,0.397778,5.39686e-05,0.00621074
1705888390538309716,0.003,33.3333,0.593284,7833.09,3405.03,2.30045,17.3009,0.860968,6.65375,0.397778,8.77245e-05,0.0102729
1705888390538309716,0.005,20,0.396455,16438,3405.03,4.82757,29.1728,0.860968,13.3845,0.397778,0.000136848,0.016173
1705888390538309716,0.01,10,0.228545,41944.4,3405.03,12.3184,56.512,0.860968,30.9229,0.397778,0.000235618,0.0258794
1705888390538309716,0.02,5,0.130597,105167,3405.03,30.8859,124.256,0.860968,66.5447,0.397778,0.000389041,0.0392548
1705888390538309716,0.03,3.33333,0.0848881,175908,3405.03,51.6612,192.919,0.860968,102.312,0.397778,0.000480711,0.0450677
1705888390538309716,0.04,2.5,0.0615672,252413,3405.03,74.1296,265.097,0.860968,138.119,0.397778,0.000546512,0.0481571
1705888390638149315,0.0005,200,1,222.265,2986.02,0.0744351,0.610943,1.74809,0.259188,0.403879,1.88263e-06,0.00016495
1705888390638149315,0.001,100,0.959041,878.012,2986.02,0.294041,2.29403,1.74809,1.01738,0.403879,6.81058e-06,0.000626987
1705888390638149315,0.002,50,0.763237,3189.38,2986.02,1.0681,8.36959,1.74809,3.48237,0.403879,2.28641e-05,0.00232899
1705888390638149315,0.003,33.3333,0.582418,6283.48,2986.02,2.1043,14.6155,1.74809,6.50002,0.403879,3.80561e-05,0.00406717
1705888390638149315,0.005,20,0.381618,13600.2,2986.02,4.55461,26.0694,1.74809,13.0353,0.403879,6.4913e-05,0.00710449
1705888390638149315,0.01,10,0.20979,36109.1,2986.02,12.0927,52.2023,1.74809,30.0361,0.403879,0.00011955,0.0132844
1705888390638149315,0.02,5,0.118881,88743.9,2986.02,29.7198,105.17,1.74809,64.4926,0.403879,0.000209295,0.0231733
1705888390638149315,0.03,3.33333,0.0859141,146395,2986.02,49.0269,160.507,1.74809,99.0684,0.403879,0.000281562,0.0309212
1705888390638149315,0.04,2.5,0.0579421,208317,2986.02,69.7641,217.512,1.74809,133.678,0.403879,0.000339591,0.037003
1705888390737985367,0.0005,200,1,227.4,2662.15,0.0854199,1.31621,0.0203664,0.253532,0.324576,3.94436e-05,0.00451516
1705888390737985367,0.001,100,0.948294,896.983,2662.15,0.336939,4.92504,0.0203664,0.997537,0.324576,0.000145518,0.0163848
1705888390737985367,0.002,50,0.772492,3181.41,2662.15,1.19505,15.9267,0.0203664,3.37373,0.324576,0.00043728,0.0479208
1705888390737985367,0.003,33.3333,0.588418,6147.43,2662.15,2.3092,26.2279,0.0203664,6.28655,0.324576,0.000649774,0.070502
1705888390737985367,0.005,20,0.37332,13036.7,2662.15,4.89705,47.0598,0.0203664,12.6296,0.324576,0.00091584,0.102591
1705888390737985367,0.01,10,0.191313,33698.2,2662.15,12.6583,99.0423,0.0203664,29.1571,0.324576,0.00133242,0.138522
1705888390737985367,0.02,5,0.111686,82039.4,2662.15,30.817,197.567,0.0203664,62.6338,0.324576,0.00179946,0.158998
1705888390737985367,0.03,3.33333,0.0806618,139251,2662.15,52.3078,295.911,0.0203664,96.205,0.324576,0.00220741,0.166319
1705888390737985367,0.04,2.5,0.0599793,202290,2662.15,75.9874,394.133,0.0203664,129.804,0.324576,0.00254039,0.168892
1705888390838617671,0.0005,200,1,263.547,2433.37,0.108305,1.58365,0.18896,0.231786,0.188386,3.47538e-05,0.00420184
1705888390838617671,0.001,100,0.963616,1014.23,2433.37,0.416799,5.89181,0.18896,0.907834,0.188386,0.000125049,0.0152446
1705888390838617671,0.002,50,0.761852,3441.49,2433.37,1.41429,16.7131,0.18896,3.13251,0.188386,0.000317007,0.0399362
1705888390838617671,0.003,33.3333,0.585447,6638.37,2433.37,2.72805,27.6618,0.18896,5.86747,0.188386,0.000462024,0.0598203
1705888390838617671,0.005,20,0.361632,14041.4,2433.37,5.77036,50.4865,0.18896,11.8174,0.188386,0.000674465,0.0893112
1705888390838617671,0.01,10,0.189636,36578.8,2433.37,15.0321,104.295,0.18896,27.3014,0.188386,0.000887523,0.118864
1705888390838617671,0.02,5,0.0959206,91257,2433.37,37.5023,215.567,0.18896,58.6809,0.188386,0.00102858,0.130521
1705888390838617671,0.03,3.33333,0.0738699,152933,2433.37,62.8483,325.16,0.18896,90.1503,0.188386,0.0011117,0.129814
1705888390838617671,0.04,2.5,0.0573319,221120,2433.37,90.8697,433.34,0.18896,121.644,0.188386,0.00118259,0.12531
1705888390938461781,0.0005,200,1,218.825,2259.49,0.096847,1.3024,0.00226466,0.231078,0.160518,0.00119295,0.0614832
1705888390938461781,0.001,100,0.953984,860.245,2259.49,0.380725,4.90481,0.00226466,0.908667,0.160518,0.00351392,0.166953
1705888390938461781,0.002,50,0.772166,3060.61,2259.49,1.35456,14.6387,0.00226466,3.07979,0.160518,0.0061595,0.230406
1705888390938461781,0.003,33.3333,0.589226,5904.92,2259.49,2.61339,25.6885,0.00226466,5.742,0.160518,0.00719152,0.229622
1705888390938461781,0.005,20,0.379349,12587.7,2259.49,5.57103,48.019,0.00226466,11.5177,0.160518,0.0084997,0.224624
1705888390938461781,0.01,10,0.210999,33746.7,2259.49,14.9356,96.8142,0.00226466,26.5726,0.160518,0.0105518,0.217831
1705888390938461781,0.02,5,0.0987654,87428.4,2259.49,38.6939,184.415,0.00226466,57.1579,0.160518,0.0124854,0.251017
1705888390938461781,0.03,3.33333,0.0617284,147580,2259.49,65.3154,264.919,0.00226466,87.8445,0.160518,0.0137097,0.275918
1705888390938461781,0.04,2.5,0.0460157,205313,2259.49,90.8668,347.356,0.00226466,118.553,0.160518,0.0149725,0.304397
1705888391038293677,0.0005,200,1,239.31,2068.28,0.115705,1.00019,0.0931105,0.20659,0.161632,2.24244e-05,0.0019929
1705888391038293677,0.001,100,0.963953,949.359,2068.28,0.459009,3.88913,0.0931105,0.811903,0.161632,8.7486e-05,0.00756613
1705888391038293677,0.002,50,0.781395,3492.24,2068.28,1.68847,12.9053,0.0931105,2.797,0.161632,0.000267673,0.0238273
1705888391038293677,0.003,33.3333,0.601163,6896.98,2068.28,3.33465,22.3358,0.0931105,5.25792,0.161632,0.000435119,0.038157
1705888391038293677,0.005,20,0.397674,15772.6,2068.28,7.62593,40.9917,0.0931105,10.6227,0.161632,0.000717942,0.0591795
1705888391038293677,0.01,10,0.20814,44333.5,2068.28,21.435,83.0608,0.0931105,24.6511,0.161632,0.00113439,0.0818768
1705888391038293677,0.02,5,0.103488,109477,2068.28,52.9315,162.608,0.0931105,53.1541,0.161632,0.00164862,0.0908057
1705888391038293677,0.03,3.33333,0.0674419,180485,2068.28,87.2632,245.757,0.0931105,81.7596,0.161632,0.00195435,0.0938743
1705888391038293677,0.04,2.5,0.0488372,256695,2068.28,124.11,327.06,0.0931105,110.388,0.161632,0.00215405,0.0952717
1705888391138128801,0.0005,200,1,197.666,1874.18,0.105468,0.905445,0.429706,0.183227,0.162617,2.69756e-06,0.000278852
1705888391138128801,0.001,100,0.960543,784.346,1874.18,0.418501,3.29237,0.429706,0.722933,0.162617,9.81471e-06,0.00101082
1705888391138128801,0.002,50,0.803946,2899.21,1874.18,1.54692,8.89276,0.429706,2.47887,0.162617,2.60043e-05,0.00271654
1705888391138128801,0.003,33.3333,0.64365,5874.91,1874.18,3.13466,16.0323,0.429706,4.65696,0.162617,4.43428e-05,0.00489704
1705888391138128801,0.005,20,0.430333,12974,1874.18,6.92249,29.776,0.429706,9.45577,0.162617,7.88162e-05,0.0088806
1705888391138128801,0.01,10,0.218249,33705.6,1874.18,17.9842,61.8484,0.429706,22.1,0.162617,0.000158626,0.0169203
1705888391138128801,0.02,5,0.103576,80393.9,1874.18,42.8956,122.971,0.429706,47.8335,0.162617,0.000295883,0.0281351
1705888391138128801,0.03,3.33333,0.0665845,128170,1874.18,68.3872,184.583,0.429706,73.6633,0.162617,0.000411598,0.0361527
1705888391138128801,0.04,2.5,0.0567201,179263,1874.18,95.649,245.321,0.429706,99.5133,0.162617,0.000514316,0.0415659
1705888391237974796,0.0005,200,1,177.565,1730.99,0.10258,0.906201,0.117182,0.197568,0.132288,1.17815e-05,0.00171831
1705888391237974796,0.001,100,0.952564,704.739,1730.99,0.407132,3.45809,0.117182,0.778503,0.132288,4.39308e-05,0.00647159
1705888391237974796,0.002,50,0.766667,2584.8,1730.99,1.49325,12.8445,0.117182,2.65726,0.132288,0.000156529,0.0228177
1705888391237974796,0.003,33.3333,0.601282,5047.79,1730.99,2.91613,23.5144,0.117182,4.96179,0.132288,0.000275214,0.0391187
1705888391237974796,0.005,20,0.387179,10802,1730.99,6.24039,44.2003,0.117182,9.98358,0.132288,0.000454218,0.0643053
1705888391237974796,0.01,10,0.201282,27954.3,1730.99,16.1493,91.0974,0.117182,23.1008,0.132288,0.000677646,0.0967291
1705888391237974796,0.02,5,0.102564,69385.5,1730.99,40.0844,180.638,0.117182,49.713,0.132288,0.000877279,0.116734
1705888391237974796,0.03,3.33333,0.0666667,117026,1730.99,67.6064,264.561,0.117182,76.4111,0.132288,0.00100029,0.118601
1705888391237974796,0.04,2.5,0.0538462,167472,1730.99,96.7495,346.011,0.117182,103.13,0.132288,0.00105106,0.117026
1705888391338622002,0.0005,200,1,161.278,1545.91,0.104325,0.58314,1.98709e-05,0.17234,0.092756,0.00193259,0.130737
1705888391338622002,0.001,100,0.953717,635.868,1545.91,0.411322,2.2282,1.98709e-05,0.676745,0.092756,0.00280869,0.218174
1705888391338622002,0.002,50,0.791024,2314.15,1545.91,1.49695,7.69725,1.98709e-05,2.29721,0.092756,0.00583464,0.309585
1705888391338622002,0.003,33.3333,0.622721,4551.02,1545.91,2.94391,14.0212,1.98709e-05,4.29113,0.092756,0.00591933,0.282808
1705888391338622002,0.005,20,0.401122,10032.5,1545.91,6.4897,24.6071,1.98709e-05,8.66094,0.092756,0.0052967,0.251356
1705888391338622002,0.01,10,0.213184,25672.6,1545.91,16.6067,51.1103,1.98709e-05,20.1409,0.092756,0.00477064,0.2427
1705888391338622002,0.02,5,0.0981767,63531.9,1545.91,41.0967,99.2831,1.98709e-05,43.489,0.092756,0.00424385,0.200682
1705888391338622002,0.03,3.33333,0.0603086,103929,1545.91,67.2284,151.32,1.98709e-05,66.9265,0.092756,0.00442872,0.187089
1705888391338622002,0.04,2.5,0.0462833,143563,1545.91,92.8662,203.997,1.98709e-05,90.3831,0.092756,0.00460213,0.180944
1705888391438459538,0.0005,200,1,158.081,1399.12,0.112986,1.09891,0.0532702,0.200928,0.132022,0.000179802,0.0178204
1705888391438459538,0.001,100,0.943804,625.771,1399.12,0.447261,4.2352,0.0532702,0.793036,0.132022,0.000641869,0.0618499
1705888391438459538,0.002,50,0.75072,2215.79,1399.12,1.5837,11.9688,0.0532702,2.64027,0.132022,0.00141609,0.132288
1705888391438459538,0.003,33.3333,0.579251,4368.69,1399.12,3.12246,21.4224,0.0532702,4.84693,0.132022,0.00200563,0.180491
1705888391438459538,0.005,20,0.373199,9715.82,1399.12,6.94425,38.6487,0.0532702,9.60855,0.132022,0.00256605,0.212289
1705888391438459538,0.01,10,0.221902,26116.8,1399.12,18.6666,82.6157,0.0532702,21.9558,0.132022,0.00323993,0.251137
1705888391438459538,0.02,5,0.110951,67215.8,1399.12,48.0416,176.482,0.0532702,46.9923,0.132022,0.00399601,0.278676
1705888391438459538,0.03,3.33333,0.0792507,118894,1399.12,84.9777,276.874,0.0532702,72.1137,0.132022,0.00443885,0.283861
1705888391438459538,0.04,2.5,0.0533141,176529,1399.12,126.171,377.044,0.0532702,97.2579,0.132022,0.00472864,0.289411
1705888391538303041,0.0005,200,1,156.497,1287.96,0.121508,0.516275,0.000249099,0.157285,0.100692,0.00688872,0.0839087
1705888391538303041,0.001,100,0.951334,613.256,1287.96,0.476145,2.40073,0.000249099,0.621327,0.100692,0.00917611,0.126872
1705888391538303041,0.002,50,0.799058,2188.76,1287.96,1.6994,7.88856,0.000249099,2.10106,0.100692,0.00863938,0.236595
1705888391538303041,0.003,33.3333,0.624804,4349.59,1287.96,3.37711,12.8317,0.000249099,3.91713,0.100692,0.00908936,0.2295
1705888391538303041,0.005,20,0.397174,9856.85,1287.96,7.65307,21.8605,0.000249099,7.91215,0.100692,0.0103923,0.242557
1705888391538303041,0.01,10,0.185243,25132.4,1287.96,19.5133,40.685,0.000249099,18.4137,0.100692,0.0119869,0.311448
1705888391538303041,0.02,5,0.0816327,59841.6,1287.96,46.4623,86.9274,0.000249099,39.744,0.100692,0.0137489,0.365651
1705888391538303041,0.03,3.33333,0.0565149,96601.1,1287.96,75.0031,136.87,0.000249099,61.1321,0.100692,0.0157363,0.414139
1705888391538303041,0.04,2.5,0.043956,134450,1287.96,104.39,184.498,0.000249099,82.5351,0.100692,0.0174074,0.455236
1705888391638142101,0.0005,200,1,134.746,1208.82,0.111469,0.515768,0.0413274,0.139128,0.150826,2.11017e-05,0.00255398
1705888391638142101,0.001,100,0.957516,535.463,1208.82,0.442965,2.04712,0.0413274,0.550441,0.150826,8.1567e-05,0.00986634
1705888391638142101,0.002,50,0.79902,1977.91,1208.82,1.63624,6.19714,0.0413274,1.89316,0.150826,0.000223587,0.027332
1705888391638142101,0.003,33.3333,0.635621,3983.77,1208.82,3.2956,10.6194,0.0413274,3.56058,0.150826,0.00034864,0.041645
1705888391638142101,0.005,20,0.397059,8712.06,1208.82,7.2071,20.5814,0.0413274,7.22683,0.150826,0.000538871,0.0632478
1705888391638142101,0.01,10,0.232026,23456.6,1208.82,19.4046,43.6187,0.0413274,16.8244,0.150826,0.000706002,0.0803083
1705888391638142101,0.02,5,0.124183,60820.3,1208.82,50.3139,88.4708,0.0413274,36.3542,0.150826,0.000759967,0.0852049
1705888391638142101,0.03,3.33333,0.0800654,105522,1208.82,87.294,136.589,0.0413274,55.9596,0.150826,0.000778821,0.0870006
1705888391638142101,0.04,2.5,0.0637255,152797,1208.82,126.402,183.527,0.0413274,75.5863,0.150826,0.000835388,0.0880661
1705888391737995105,0.0005,200,1,124.177,1169.58,0.106172,0.307823,1.93216,0.130884,0.159251,6.35264e-07,5.65525e-05
1705888391737995105,0.001,100,0.962901,493.318,1169.58,0.421789,1.08349,1.93216,0.51786,0.159251,2.25955e-06,0.000198051
1705888391737995105,0.002,50,0.806071,1847.61,1169.58,1.57971,2.5712,1.93216,1.79949,0.159251,5.1324e-06,0.000477264
1705888391737995105,0.003,33.3333,0.620573,3744.02,1169.58,3.20115,5.40782,1.93216,3.41367,0.159251,1.02905e-05,0.00101503
1705888391737995105,0.005,20,0.389545,8429.21,1169.58,7.20701,11.1082,1.93216,6.97835,0.159251,2.02725e-05,0.00208644
1705888391737995105,0.01,10,0.204047,23083.1,1169.58,19.7361,25.9394,1.93216,16.3245,0.159251,4.54415e-05,0.00475778
1705888391737995105,0.02,5,0.102867,58795.9,1169.58,50.2708,52.8807,1.93216,35.308,0.159251,8.84618e-05,0.00901732
1705888391737995105,0.03,3.33333,0.0708263,98287.9,1169.58,84.0366,77.3388,1.93216,54.3596,0.159251,0.000122557,0.0122433
1705888391737995105,0.04,2.5,0.0556492,139316,1169.58,119.116,101.229,1.93216,73.4291,0.159251,0.000152002,0.0149263
1705888391838641893,0.0005,200,1,117.391,1169.56,0.100371,0.905824,0.0776617,0.121958,0.165961,1.62445e-05,0.00181442
1705888391838641893,0.001,100,0.977853,468.624,1169.56,0.400683,3.51226,0.0776617,0.486058,0.165961,6.20726e-05,0.00696814
1705888391838641893,0.002,50,0.798978,1755.46,1169.56,1.50095,10.6577,0.0776617,1.73689,0.165961,0.000177046,0.0204842
1705888391838641893,0.003,33.3333,0.606474,3573.54,1169.56,3.05545,18.3989,0.0776617,3.315,0.165961,0.000284169,0.0338261
1705888391838641893,0.005,20,0.417376,7992.92,1169.56,6.83412,34.7669,0.0776617,6.77947,0.165961,0.000469076,0.0575428
1705888391838641893,0.01,10,0.212947,21843.2,1169.56,18.6764,74.4929,0.0776617,15.8832,0.165961,0.000778119,0.0931129
1705888391838641893,0.02,5,0.0971039,54837.5,1169.56,46.8872,156.26,0.0776617,34.4163,0.165961,0.00108081,0.12163
1705888391838641893,0.03,3.33333,0.0545145,91751.9,1169.56,78.4498,241.78,0.0776617,53.0207,0.165961,0.0012899,0.132905
1705888391838641893,0.04,2.5,0.0425894,131531,1169.56,112.462,325.339,0.0776617,71.639,0.165961,0.00140992,0.136145
1705888391938488846,0.0005,200,1,109.513,1133.2,0.0966408,0.174804,1.10814,0.120156,0.114963,8.00425e-06,0.000457219
1705888391938488846,0.001,100,0.975986,436.523,1133.2,0.385213,0.688167,1.10814,0.476582,0.114963,3.16713e-05,0.00175281
1705888391938488846,0.002,50,0.80446,1623.57,1133.2,1.43273,2.22513,1.10814,1.68999,0.114963,9.22273e-05,0.00571766
1705888391938488846,0.003,33.3333,0.626072,3283.5,1133.2,2.89754,4.26024,1.10814,3.2287,0.114963,0.000146844,0.0110023
1705888391938488846,0.005,20,0.403087,7321.77,1133.2,6.46115,9.31115,1.10814,6.63824,0.114963,0.000277423,0.0212137
1705888391938488846,0.01,10,0.197256,20137.8,1133.2,17.7707,19.2881,1.10814,15.6024,0.114963,0.000491482,0.0303905
1705888391938488846,0.02,5,0.111492,51729.5,1133.2,45.6491,35.3021,1.10814,33.8074,0.114963,0.000817933,0.0328155
1705888391938488846,0.03,3.33333,0.0754717,87425.6,1133.2,77.1493,55.2653,1.10814,52.076,0.114963,0.00109684,0.0369061
1705888391938488846,0.04,2.5,0.058319,127243,1133.2,112.286,74.8663,1.10814,70.36,0.114963,0.00133604,0.0391724
1705888392038329363,0.0005,200,1,107.502,1090.43,0.0985873,0.407433,0.0467663,0.120977,0.116864,1.22184e-05,0.00138194
1705888392038329363,0.001,100,0.977032,427.006,1090.43,0.391595,1.58361,0.0467663,0.477471,0.116864,4.63638e-05,0.00529651
1705888392038329363,0.002,50,0.810954,1578.93,1090.43,1.44799,4.41016,0.0467663,1.68634,0.116864,0.000124267,0.0139157
1705888392038329363,0.003,33.3333,0.590106,3124.94,1090.43,2.8658,7.39684,0.0467663,3.23255,0.116864,0.000190451,0.0216722
1705888392038329363,0.005,20,0.393993,6835.02,1090.43,6.2682,14.6785,0.0467663,6.62224,0.116864,0.00032565,0.0364064
1705888392038329363,0.01,10,0.226148,18483.2,1090.43,16.9504,33.4674,0.0467663,15.46,0.116864,0.000509467,0.0571391
1705888392038329363,0.02,5,0.130742,49144.6,1090.43,45.069,64.1077,0.0467663,33.3873,0.116864,0.000553255,0.0631151
1705888392038329363,0.03,3.33333,0.0936396,87426.1,1090.43,80.1759,96.0352,0.0467663,51.3837,0.116864,0.000538849,0.0647812
1705888392038329363,0.04,2.5,0.0777385,131989,1090.43,121.043,132.313,0.0467663,69.4007,0.116864,0.000537837,0.0671906
1705888392138169803,0.0005,200,1,112.615,1089.07,0.103404,0.853685,0.0542113,0.125087,0.133567,2.49911e-05,0.00270118
1705888392138169803,0.001,100,0.971067,447.576,1089.07,0.410969,3.19292,0.0542113,0.493822,0.133567,9.20256e-05,0.00994091
1705888392138169803,0.002,50,0.813743,1601.03,1089.07,1.47009,8.63882,0.0542113,1.72284,0.133567,0.000237703,0.0254986
1705888392138169803,0.003,33.3333,0.607595,3167.14,1089.07,2.9081,15.2265,0.0542113,3.27631,0.133567,0.000401021,0.0416889
1705888392138169803,0.005,20,0.359855,6959.07,1089.07,6.38989,29.0222,0.0542113,6.71705,0.133567,0.000689046,0.0675487
1705888392138169803,0.01,10,0.164557,17810.5,1089.07,16.3538,60.6356,0.0542113,15.733,0.133567,0.00112825,0.0991469
1705888392138169803,0.02,5,0.074141,44326,1089.07,40.7006,116.425,0.0542113,34.0153,0.133567,0.00156622,0.1099
1705888392138169803,0.03,3.33333,0.0488246,75838.7,1089.07,69.6359,173.439,0.0542113,52.3481,0.133567,0.00183826,0.109452
1705888392138169803,0.04,2.5,0.034358,109978,1089.07,100.983,230.468,0.0542113,70.6929,0.133567,0.00205802,0.107646
1705888392238009044,0.0005,200,1,123.175,1063.02,0.115872,0.828965,0.00569008,0.134707,0.148428,1.70015e-05,0.00138903
1705888392238009044,0.001,100,0.960784,490.682,1063.02,0.461593,3.24528,0.00569008,0.537211,0.148428,6.64131e-05,0.00538839
1705888392238009044,0.002,50,0.771836,1781.07,1063.02,1.67549,9.32356,0.00569008,1.87414,0.148428,0.000190189,0.0149883
1705888392238009044,0.003,33.3333,0.597148,3515.47,1063.02,3.30706,15.6909,0.00569008,3.51718,0.148428,0.000312046,0.0243849
1705888392238009044,0.005,20,0.381462,7725.09,1063.02,7.26712,28.2058,0.00569008,7.10367,0.148428,0.000525211,0.0407014
1705888392238009044,0.01,10,0.192513,20722.1,1063.02,19.4937,60.4035,0.00569008,16.4667,0.148428,0.00094197,0.0712945
1705888392238009044,0.02,5,0.0909091,51297.5,1063.02,48.2564,124.777,0.00569008,35.4788,0.148428,0.00148873,0.100943
1705888392238009044,0.03,3.33333,0.0623886,85870.6,1063.02,80.78,191.912,0.00569008,54.5539,0.148428,0.00191189,0.113904
1705888392238009044,0.04,2.5,0.0374332,123704,1063.02,116.371,260.484,0.00569008,73.6463,0.148428,0.00225966,0.121049
1705888392338246496,0.0005,200,1,105.521,988.255,0.106775,0.530195,0.0597472,0.138914,0.207488,0.000154312,0.0127467
1705888392338246496,0.001,100,0.960227,419.329,988.255,0.424312,1.98606,0.0597472,0.551988,0.207488,0.000528278,0.0435084
1705888392338246496,0.002,50,0.734848,1503.57,988.255,1.52144,5.42071,0.0597472,1.9319,0.207488,0.00102718,0.0897619
1705888392338246496,0.003,33.3333,0.535985,2910.08,988.255,2.94466,9.77071,0.0597472,3.61832,0.207488,0.00131477,0.117708
1705888392338246496,0.005,20,0.344697,6424.14,988.255,6.50049,18.1347,0.0597472,7.24768,0.207488,0.00149356,0.126786
1705888392338246496,0.01,10,0.189394,16860.2,988.255,17.0606,36.999,0.0597472,16.6506,0.207488,0.00164946,0.112548
1705888392338246496,0.02,5,0.0984848,42380.3,988.255,42.884,74.6249,0.0597472,35.6852,0.207488,0.0020293,0.0915292
1705888392338246496,0.03,3.33333,0.0511364,71018,988.255,71.8621,111.64,0.0597472,54.7839,0.207488,0.00219438,0.0776168
1705888392338246496,0.04,2.5,0.0435606,102079,988.255,103.292,152.61,0.0597472,73.8942,0.207488,0.0023848,0.0728727
1705888392438083713,0.0005,200,1,81.8371,911.671,0.0897661,0.685441,0.0234433,0.127886,0.15982,2.95036e-05,0.0027956
1705888392438083713,0.001,100,0.95935,325.285,911.671,0.356801,2.63132,0.0234433,0.507272,0.15982,0.00011158,0.010607
1705888392438083713,0.002,50,0.739837,1195.94,911.671,1.31181,6.88621,0.0234433,1.75364,0.15982,0.000274083,0.0270189
1705888392438083713,0.003,33.3333,0.587398,2382.25,911.671,2.61306,10.5311,0.0234433,3.26659,0.15982,0.000395835,0.0398647
1705888392438083713,0.005,20,0.365854,5478.38,911.671,6.00917,16.3468,0.0234433,6.54771,0.15982,0.000547769,0.0577584
1705888392438083713,0.01,10,0.184959,15407.8,911.671,16.9006,30.8211,0.0234433,15.0968,0.15982,0.000832618,0.093644
1705888392438083713,0.02,5,0.0833333,38896.2,911.671,42.6648,55.6897,0.0234433,32.4366,0.15982,0.00109374,0.140369
1705888392438083713,0.03,3.33333,0.0487805,63858.6,911.671,70.0457,80.8634,0.0234433,49.8334,0.15982,0.00126417,0.173608
1705888392438083713,0.04,2.5,0.0345528,89428.8,911.671,98.0933,104.668,0.0234433,67.241,0.15982,0.00139896,0.200529
1705888392537918847,0.0005,200,1,73.6588,866.539,0.0850035,0.402756,0.00862798,0.109932,0.113923,0.000329155,0.0220233
1705888392537918847,0.001,100,0.957717,293.534,866.539,0.338744,1.57848,0.00862798,0.438063,0.113923,0.00112845,0.0726072
1705888392537918847,0.002,50,0.773784,1074.56,866.539,1.24007,4.61679,0.00862798,1.53928,0.113923,0.00241594,0.133983
1705888392537918847,0.003,33.3333,0.59408,2153.54,866.539,2.48522,7.36084,0.00862798,2.90381,0.113923,0.00307012,0.139359
1705888392537918847,0.005,20,0.393235,4903.52,866.539,5.65875,14.2415,0.00862798,5.87837,0.113923,0.00400462,0.138797
1705888392537918847,0.01,10,0.175476,13248.1,866.539,15.2886,32.1817,0.00862798,13.6829,0.113923,0.00508845,0.103427
1705888392537918847,0.02,5,0.0803383,32786.9,866.539,37.8367,63.1707,0.00862798,29.5422,0.113923,0.00618703,0.056938
1705888392537918847,0.03,3.33333,0.05074,55104.4,866.539,63.5914,92.92,0.00862798,45.446,0.113923,0.00702925,0.0466578
1705888392537918847,0.04,2.5,0.0359408,79699.5,866.539,91.9746,121.255,0.00862798,61.3606,0.113923,0.00766082,0.0602068
1705888392638564286,0.0005,200,1,92.3161,907.698,0.101704,0.301142,0.0728764,0.131416,0.135228,4.10693e-06,0.000445421
1705888392638564286,0.001,100,0.959184,365.753,907.698,0.402945,1.148,0.0728764,0.522855,0.135228,1.55972e-05,0.00168849
1705888392638564286,0.002,50,0.734694,1300.1,907.698,1.4323,2.71016,0.0728764,1.80676,0.135228,3.76683e-05,0.00387059
1705888392638564286,0.003,33.3333,0.571429,2604.03,907.698,2.86883,5.2058,0.0728764,3.35557,0.135228,6.86959e-05,0.00733048
1705888392638564286,0.005,20,0.361224,5912.6,907.698,6.51384,11.476,0.0728764,6.70518,0.135228,0.000142499,0.0153665
1705888392638564286,0.01,10,0.181633,16597.6,907.698,18.2854,22.466,0.0728764,15.4144,0.135228,0.000238764,0.0259946
1705888392638564286,0.02,5,0.0857143,43291.4,907.698,47.6936,42.3022,0.0728764,33.0712,0.135228,0.00034285,0.0378922
1705888392638564286,0.03,3.33333,0.0530612,77912.7,907.698,85.8354,62.0687,0.0728764,50.7767,0.135228,0.000395572,0.0448067
1705888392638564286,0.04,2.5,0.0367347,119848,907.698,132.035,80.3261,0.0728764,68.4954,0.135228,0.00041671,0.0481476
1705888392738408273,0.0005,200,1,77.3536,966.024,0.0800742,0.287986,0.00126911,0.145059,0.134168,0.00218674,0.0906848
1705888392738408273,0.001,100,0.950096,306.937,966.024,0.317732,1.16618,0.00126911,0.574922,0.134168,0.00589704,0.269447
1705888392738408273,0.002,50,0.760077,1141.42,966.024,1.18156,3.23616,0.00126911,1.95368,0.134168,0.00760945,0.377378
1705888392738408273,0.003,33.3333,0.56238,2331.18,966.024,2.41317,5.06175,0.00126911,3.62307,0.134168,0.00742573,0.384678
1705888392738408273,0.005,20,0.355086,5316.34,966.024,5.50332,7.36113,0.00126911,7.22221,0.134168,0.00677974,0.357274
1705888392738408273,0.01,10,0.18618,14041.2,966.024,14.535,11.8854,0.00126911,16.5541,0.134168,0.00539821,0.272883
1705888392738408273,0.02,5,0.107486,35108.9,966.024,36.3437,22.1539,0.00126911,35.4594,0.134168,0.00525492,0.222205
1705888392738408273,0.03,3.33333,0.0575816,58330.9,966.024,60.3825,34.715,0.00126911,54.4288,0.134168,0.00627128,0.24056
1705888392738408273,0.04,2.5,0.0383877,81403.4,966.024,84.2664,46.0581,0.00126911,73.4142,0.134168,0.00772734,0.274963
1705888392838248190,0.0005,200,1,87.1331,994.15,0.0876458,0.37185,0.00529639,0.141528,0.171199,2.56043e-05,0.00332729
1705888392838248190,0.001,100,0.964486,346.232,994.15,0.348269,1.3593,0.00529639,0.561366,0.171199,8.81615e-05,0.0118637
1705888392838248190,0.002,50,0.764486,1289.25,994.15,1.29684,4.45352,0.00529639,1.94072,0.171199,0.000245651,0.0354555
1705888392838248190,0.003,33.3333,0.547664,2551.71,994.15,2.56673,8.27269,0.00529639,3.62796,0.171199,0.000415817,0.05863
1705888392838248190,0.005,20,0.349533,5703.39,994.15,5.73695,14.1779,0.00529639,7.26815,0.171199,0.000526946,0.0836929
1705888392838248190,0.01,10,0.2,16372.2,994.15,16.4685,27.7041,0.00529639,16.6957,0.171199,0.00059421,0.112324
1705888392838248190,0.02,5,0.0878505,45609.9,994.15,45.8783,55.8014,0.00529639,35.827,0.171199,0.000967528,0.13008
1705888392838248190,0.03,3.33333,0.0485981,80529.6,994.15,81.0034,81.2011,0.00529639,55.0192,0.171199,0.00119284,0.13584
1705888392838248190,0.04,2.5,0.0392523,116376,994.15,117.061,110.426,0.00529639,74.2219,0.171199,0.00132505,0.145502
1705888392938096396,0.0005,200,1,85.3575,1044.63,0.0817111,0.190496,0.0338403,0.15549,0.163249,7.88492e-06,0.00190256
1705888392938096396,0.001,100,0.946789,340.109,1044.63,0.32558,0.759692,0.0338403,0.617125,0.163249,2.83045e-05,0.00761115
1705888392938096396,0.002,50,0.711927,1227.95,1044.63,1.17549,2.70019,0.0338403,2.12452,0.163249,2.74168e-05,0.0265625
1705888392938096396,0.003,33.3333,0.544954,2399.92,1044.63,2.29739,5.64334,0.0338403,3.94756,0.163249,3.45669e-05,0.0510127
1705888392938096396,0.005,20,0.319266,5260,1044.63,5.0353,11.553,0.0338403,7.86736,0.163249,6.80635e-05,0.0909709
1705888392938096396,0.01,10,0.185321,13925.3,1044.63,13.3304,23.2768,0.0338403,17.9843,0.163249,0.000359616,0.155864
1705888392938096396,0.02,5,0.0862385,35615,1044.63,34.0935,43.199,0.0338403,38.4488,0.163249,0.00082545,0.231209
1705888392938096396,0.03,3.33333,0.0605505,61613.7,1044.63,58.9816,62.7529,0.0338403,58.9644,0.163249,0.00107408,0.267608
1705888392938096396,0.04,2.5,0.0495413,87942.4,1044.63,84.1855,83.9608,0.0338403,79.4915,0.163249,0.00117923,0.292329
1705888393037929900,0.0005,200,1,87.0074,1043.35,0.0833925,0.348855,0.00802944,0.169394,0.159982,9.87723e-05,0.00886479
1705888393037929900,0.001,100,0.936594,345.834,1043.35,0.331466,1.3714,0.00802944,0.671355,0.159982,0.000357149,0.0320415
1705888393037929900,0.002,50,0.711957,1240.35,1043.35,1.18881,3.21653,0.00802944,2.26533,0.159982,0.000704775,0.0619412
1705888393037929900,0.003,33.3333,0.530797,2389.77,1043.35,2.29048,4.89451,0.00802944,4.1591,0.159982,0.000893418,0.0827421
1705888393037929900,0.005,20,0.346014,5084.73,1043.35,4.87347,8.43639,0.00802944,8.20026,0.159982,0.00113754,0.114831
1705888393037929900,0.01,10,0.195652,13811.8,1043.35,13.2379,16.8772,0.00802944,18.6377,0.159982,0.00115443,0.166026
1705888393037929900,0.02,5,0.0815217,35747,1043.35,34.2618,35.8626,0.00802944,39.8013,0.159982,0.000950902,0.200585
1705888393037929900,0.03,3.33333,0.0452899,61001.2,1043.35,58.4668,56.9209,0.00802944,61.0281,0.159982,0.000731417,0.214117
1705888393037929900,0.04,2.5,0.0380435,90031.2,1043.35,86.2906,80.7297,0.00802944,82.2648,0.159982,0.000479207,0.219455
1705888393138590944,0.0005,200,1,95.122,1066.04,0.0892293,0.36269,0.0316381,0.15977,0.160749,6.79268e-06,0.000681518
1705888393138590944,0.001,100,0.966252,379.553,1066.04,0.35604,1.42673,0.0316381,0.629236,0.160749,2.66259e-05,0.00266499
1705888393138590944,0.002,50,0.728242,1415.25,1066.04,1.32757,3.8024,0.0316381,2.15007,0.160749,6.9693e-05,0.00694226
1705888393138590944,0.003,33.3333,0.552398,2848.89,1066.04,2.6724,6.28887,0.0316381,3.98353,0.160749,0.000111476,0.0111217
1705888393138590944,0.005,20,0.360568,6171.19,1066.04,5.78889,11.8907,0.0316381,7.92316,0.160749,0.000186594,0.0199739
1705888393138590944,0.01,10,0.184725,16697.5,1066.04,15.6631,25.3709,0.0316381,18.1343,0.160749,0.000308889,0.0360826
1705888393138590944,0.02,5,0.101243,42626.3,1066.04,39.9856,50.8015,0.0316381,38.8135,0.160749,0.000447181,0.0525231
1705888393138590944,0.03,3.33333,0.0639432,72343.5,1066.04,67.8618,75.8491,0.0316381,59.5538,0.160749,0.000562624,0.0618404
1705888393138590944,0.04,2.5,0.0479574,102405,1066.04,96.0615,102.632,0.0316381,80.3129,0.160749,0.000673924,0.0687787
1705888393238430594,0.0005,200,1,81.8864,1070.22,0.0765137,0.21738,0.0705795,0.165042,0.143146,1.50026e-06,0.000151519
1705888393238430594,0.001,100,0.94614,326.53,1070.22,0.305105,0.81944,0.0705795,0.653341,0.143146,5.78011e-06,0.000566679
1705888393238430594,0.002,50,0.72711,1223.4,1070.22,1.14313,2.24025,0.0705795,2.20912,0.143146,1.57215e-05,0.00154782
1705888393238430594,0.003,33.3333,0.543986,2414.58,1070.22,2.25616,3.71221,0.0705795,4.06856,0.143146,2.75312e-05,0.00250267
1705888393238430594,0.005,20,0.364452,5398.08,1070.22,5.0439,6.39129,0.0705795,8.05029,0.143146,3.8589e-05,0.00454918
1705888393238430594,0.01,10,0.18851,15027.4,1070.22,14.0414,14.2405,0.0705795,18.3639,0.143146,6.51987e-05,0.0103062
1705888393238430594,0.02,5,0.0933573,39299.2,1070.22,36.7207,27.3632,0.0705795,39.252,0.143146,0.000114862,0.0189076
1705888393238430594,0.03,3.33333,0.0610413,66190.8,1070.22,61.8479,39.9296,0.0705795,60.2025,0.143146,0.000168934,0.0264206
1705888393238430594,0.04,2.5,0.043088,96137.2,1070.22,89.8294,52.6802,0.0705795,81.1674,0.143146,0.00022909,0.0334761
1705888393338274620,0.0005,200,1,100.15,1068.53,0.0937263,0.330439,0.0141902,0.173332,0.144504,0.000152331,0.0131029
1705888393338274620,0.001,100,0.941818,396.409,1068.53,0.370985,1.36054,0.0141902,0.682867,0.144504,0.000556462,0.047741
1705888393338274620,0.002,50,0.712727,1405.78,1068.53,1.31562,4.37719,0.0141902,2.27575,0.144504,0.00130027,0.110383
1705888393338274620,0.003,33.3333,0.558182,2818.39,1068.53,2.63763,7.74133,0.0141902,4.1496,0.144504,0.00166236,0.145106
1705888393338274620,0.005,20,0.343636,6199.8,1068.53,5.80217,14.5675,0.0141902,8.16962,0.144504,0.00198096,0.185123
1705888393338274620,0.01,10,0.196364,16175.6,1068.53,15.1382,30.1431,0.0141902,18.5578,0.144504,0.0022346,0.220674
1705888393338274620,0.02,5,0.109091,41830,1068.53,39.1472,64.0879,0.0141902,39.5668,0.144504,0.00242531,0.234288
1705888393338274620,0.03,3.33333,0.0836364,72752.3,1068.53,68.0862,97.3395,0.0141902,60.633,0.144504,0.00266044,0.222588
1705888393338274620,0.04,2.5,0.0581818,107367,1068.53,100.481,130.485,0.0141902,81.7173,0.144504,0.00268632,0.215763
1705888393438097380,0.0005,200,1,95.5329,1064.4,0.0897529,0.247663,0.000334361,0.192128,0.179509,0.00385651,0.401389
1705888393438097380,0.001,100,0.933945,379.308,1064.4,0.356359,1.13251,0.000334361,0.751252,0.179509,0.00440567,0.547916
1705888393438097380,0.002,50,0.66789,1376.15,1064.4,1.29289,3.45404,0.000334361,2.50992,0.179509,0.00536137,0.503268
1705888393438097380,0.003,33.3333,0.478899,2761.4,1064.4,2.59433,5.74673,0.000334361,4.58112,0.179509,0.00715288,0.492024
1705888393438097380,0.005,20,0.302752,6280.39,1064.4,5.90041,9.68832,0.000334361,8.96443,0.179509,0.00919298,0.482811
1705888393438097380,0.01,10,0.146789,17523.3,1064.4,16.4631,20.3735,0.000334361,20.2362,0.179509,0.0130337,0.523441
1705888393438097380,0.02,5,0.0825688,45096.1,1064.4,42.3677,44.8986,0.000334361,42.9832,0.179509,0.0174239,0.607107
1705888393438097380,0.03,3.33333,0.0605505,78955.1,1064.4,74.1781,66.9984,0.000334361,65.7672,0.179509,0.0197107,0.655384
1705888393438097380,0.04,2.5,0.0513761,118039,1064.4,110.897,88.6587,0.000334361,88.5624,0.179509,0.0213209,0.689502
1705888393537938829,0.0005,200,1,74.1645,1037.94,0.0714535,0.531627,0.000253025,0.151782,0.157063,0.0149589,0.227898
1705888393537938829,0.001,100,0.962193,292.016,1037.94,0.281341,1.90683,0.000253025,0.599414,0.157063,0.0234842,0.524562
1705888393537938829,0.002,50,0.699433,1050.44,1037.94,1.01205,5.3612,0.000253025,2.08343,0.157063,0.0214338,0.479452
1705888393537938829,0.003,33.3333,0.512287,2046.26,1037.94,1.97145,8.69841,0.000253025,3.87463,0.157063,0.0185896,0.443784
1705888393537938829,0.005,20,0.332703,4374.14,1037.94,4.21424,16.1772,0.000253025,7.70452,0.157063,0.0163101,0.393758
1705888393537938829,0.01,10,0.166352,11261.1,1037.94,10.8494,33.3424,0.000253025,17.6095,0.157063,0.0130831,0.303366
1705888393537938829,0.02,5,0.0888469,27978.9,1037.94,26.9562,62.9499,0.000253025,37.6312,0.157063,0.0116251,0.27503
1705888393537938829,0.03,3.33333,0.0642722,46625.1,1037.94,44.9208,93.0014,0.000253025,57.6984,0.157063,0.0119079,0.286224
1705888393537938829,0.04,2.5,0.0529301,67895.5,1037.94,65.4136,122.839,0.000253025,77.7782,0.157063,0.0118027,0.289159
1705888393638570683,0.0005,200,1,83.1443,1032.43,0.0805325,0.11354,0.0575828,0.175304,0.126414,1.27431e-05,0.00110903
1705888393638570683,0.001,100,0.948571,329.635,1032.43,0.31928,0.316924,0.0575828,0.690519,0.126414,3.24042e-05,0.00311261
1705888393638570683,0.002,50,0.691429,1195.02,1032.43,1.15748,1.26326,0.0575828,2.31802,0.126414,6.65145e-05,0.01384
1705888393638570683,0.003,33.3333,0.508571,2359.37,1032.43,2.28526,2.7004,0.0575828,4.22923,0.126414,0.00017337,0.0261577
1705888393638570683,0.005,20,0.304762,5194.61,1032.43,5.03144,4.78414,0.0575828,8.3007,0.126414,0.00030935,0.0404942
1705888393638570683,0.01,10,0.165714,13614.4,1032.43,13.1868,8.43465,0.0575828,18.7982,0.126414,0.000587839,0.0643062
1705888393638570683,0.02,5,0.0704762,34759,1032.43,33.6671,15.7,0.0575828,40.0387,0.126414,0.00101444,0.092941
1705888393638570683,0.03,3.33333,0.0380952,58037.6,1032.43,56.2144,24.3788,0.0575828,61.3281,0.126414,0.00139618,0.108934
1705888393638570683,0.04,2.5,0.0266667,80836.4,1032.43,78.2971,33.975,0.0575828,82.6267,0.126414,0.00172983,0.120432
1705888393738406652,0.0005,200,1,77.3166,987.599,0.0782874,0.206206,0.00929192,0.175555,0.141947,2.53329e-06,0.000256911
1705888393738406652,0.001,100,0.93279,304.657,987.599,0.308483,0.802801,0.00929192,0.684475,0.141947,9.70249e-06,0.0010003
1705888393738406652,0.002,50,0.682281,1080.76,987.599,1.09433,2.86518,0.00929192,2.2595,0.141947,3.31591e-05,0.00354314
1705888393738406652,0.003,33.3333,0.498982,2123.48,987.599,2.15015,5.11211,0.00929192,4.10885,0.141947,5.68627e-05,0.00624165
1705888393738406652,0.005,20,0.297352,4620.28,987.599,4.6783,9.87033,0.00929192,8.04464,0.141947,0.00010447,0.0115778
1705888393738406652,0.01,10,0.158859,11970.6,987.599,12.1209,20.7217,0.00929192,18.1669,0.141947,0.000193273,0.0219181
1705888393738406652,0.02,5,0.0855397,29572.2,987.599,29.9435,40.7348,0.00929192,38.5874,0.141947,0.000301121,0.0353112
1705888393738406652,0.03,3.33333,0.0509165,50641.7,987.599,51.2776,58.9307,0.00929192,59.0505,0.141947,0.000346589,0.0425206
1705888393738406652,0.04,2.5,0.0407332,71196.5,987.599,72.0905,80.2041,0.00929192,79.5242,0.141947,0.000393427,0.049403
1705888393838248139,0.0005,200,1,66.3411,986.166,0.0672718,0.297805,3.22062e-06,0.172391,0.133458,0.00286544,0.352132
1705888393838248139,0.001,100,0.936345,263.856,986.166,0.267557,1.20268,3.22062e-06,0.677303,0.133458,0.00547048,0.417017
1705888393838248139,0.002,50,0.665298,974.492,986.166,0.988162,4.63148,3.22062e-06,2.26684,0.133458,0.0107787,0.38044
1705888393838248139,0.003,33.3333,0.464066,1981.23,986.166,2.00902,9.33536,3.22062e-06,4.13742,0.133458,0.0143249,0.364449
1705888393838248139,0.005,20,0.308008,4528.6,986.166,4.59213,18.6442,3.22062e-06,8.08489,0.133458,0.0172305,0.37838
1705888393838248139,0.01,10,0.149897,12126.7,986.166,12.2968,40.5567,3.22062e-06,18.2406,0.133458,0.0156187,0.407501
1705888393838248139,0.02,5,0.0574949,29902.3,986.166,30.3218,84.0449,3.22062e-06,38.7568,0.133458,0.0173856,0.505655
1705888393838248139,0.03,3.33333,0.0328542,48248.9,986.166,48.9257,125.74,3.22062e-06,59.3158,0.133458,0.0206413,0.603768
1705888393838248139,0.04,2.5,0.0246407,68061.1,986.166,69.0159,167.006,3.22062e-06,79.883,0.133458,0.0235165,0.69649
1705888393938092309,0.0005,200,1,65.1144,960.077,0.067822,0.178372,0.000669448,0.138565,0.12278,0.00109183,0.0469805
1705888393938092309,0.001,100,0.957082,259.813,960.077,0.270617,0.624843,0.000669448,0.546506,0.12278,0.00232515,0.13237
1705888393938092309,0.002,50,0.701717,971.421,960.077,1.01182,1.8504,0.000669448,1.87054,0.12278,0.00176961,0.109674
1705888393938092309,0.003,33.3333,0.530043,1946.7,960.077,2.02765,2.79383,0.000669448,3.45701,0.12278,0.00153174,0.0939578
1705888393938092309,0.005,20,0.32618,4363.21,960.077,4.54465,5.92953,0.000669448,6.85514,0.12278,0.0024,0.139898
1705888393938092309,0.01,10,0.180258,11930.3,960.077,12.4264,13.1026,0.000669448,15.6281,0.12278,0.00628136,0.229673
1705888393938092309,0.02,5,0.0965665,29948.1,960.077,31.1935,25.4649,0.000669448,33.366,0.12278,0.0120848,0.395309
1705888393938092309,0.03,3.33333,0.0772532,50881.9,960.077,52.9978,37.765,0.000669448,51.1417,0.12278,0.0162244,0.533805
1705888393938092309,0.04,2.5,0.0579399,73592.7,960.077,76.6529,49.877,0.000669448,68.9303,0.12278,0.0199037,0.660354
1705888394037932771,0.0005,200,1,74.6656,981.476,0.0760749,0.144107,0.00764055,0.160636,0.11436,6.34367e-06,0.00108423
1705888394037932771,0.001,100,0.934599,297.824,981.476,0.303445,0.595552,0.00764055,0.630101,0.11436,2.61827e-05,0.00437725
1705888394037932771,0.002,50,0.691983,1098.22,981.476,1.11895,1.64362,0.00764055,2.09844,0.11436,7.17844e-05,0.0112068
1705888394037932771,0.003,33.3333,0.50211,2166.33,981.476,2.20722,2.70027,0.00764055,3.8326,0.11436,0.000110019,0.0178751
1705888394037932771,0.005,20,0.324895,4808.32,981.476,4.89907,4.92784,0.00764055,7.51166,0.11436,0.000167131,0.0302451
1705888394037932771,0.01,10,0.179325,13375.4,981.476,13.6279,14.2546,0.00764055,16.9955,0.11436,0.000341209,0.0654417
1705888394037932771,0.02,5,0.0780591,35293.2,981.476,35.9593,34.1623,0.00764055,36.1624,0.11436,0.000601487,0.10512
1705888394037932771,0.03,3.33333,0.0464135,59809.9,981.476,60.9388,54.5491,0.00764055,55.375,0.11436,0.000829735,0.127848
1705888394037932771,0.04,2.5,0.0443038,87468.2,981.476,89.1191,74.1284,0.00764055,74.5955,0.11436,0.00105612,0.142813
1705888394138581086,0.0005,200,1,68.9131,954.066,0.072231,0.288904,0.011659,0.145961,0.118583,8.27816e-05,0.00618566
1705888394138581086,0.001,100,0.933333,272.607,954.066,0.285732,1.18661,0.011659,0.57621,0.118583,0.000321863,0.0241572
1705888394138581086,0.002,50,0.706667,971.24,954.066,1.018,3.76953,0.011659,1.92807,0.118583,0.000804373,0.0644804
1705888394138581086,0.003,33.3333,0.533333,1932.34,954.066,2.02537,7.89288,0.011659,3.53299,0.118583,0.00125296,0.107213
1705888394138581086,0.005,20,0.322222,4264.85,954.066,4.47019,16.139,0.011659,6.97335,0.118583,0.00163098,0.146427
1705888394138581086,0.01,10,0.146667,11488.5,954.066,12.0416,33.9868,0.011659,15.8644,0.118583,0.00153797,0.158792
1705888394138581086,0.02,5,0.0666667,28927.9,954.066,30.3207,66.9725,0.011659,33.8324,0.118583,0.00122794,0.17096
1705888394138581086,0.03,3.33333,0.0288889,48192,954.066,50.5123,102.822,0.011659,51.8447,0.118583,0.00105762,0.182816
1705888394138581086,0.04,2.5,0.0222222,67730.7,954.066,70.9916,138.926,0.011659,69.8652,0.118583,0.00100434,0.19789
1705888394238412297,0.0005,200,1,60.9952,900.708,0.0677192,0.120947,0.00869591,0.137553,0.0885627,3.59297e-05,0.00425205
1705888394238412297,0.001,100,0.938389,241.877,900.708,0.268541,0.50546,0.00869591,0.538869,0.0885627,0.000117772,0.0178802
1705888394238412297,0.002,50,0.706161,884.646,900.708,0.982167,2.09151,0.00869591,1.79172,0.0885627,0.000344162,0.0564694
1705888394238412297,0.003,33.3333,0.533175,1804.5,900.708,2.00343,4.03145,0.00869591,3.27615,0.0885627,0.000502348,0.082656
1705888394238412297,0.005,20,0.305687,4151.08,900.708,4.60868,9.87415,0.00869591,6.45901,0.0885627,0.000671017,0.124301
1705888394238412297,0.01,10,0.187204,11568.4,900.708,12.8437,23.4147,0.00869591,14.6445,0.0885627,0.000488603,0.157329
1705888394238412297,0.02,5,0.111374,32196.6,900.708,35.7459,47.4233,0.00869591,31.1686,0.0885627,0.000308745,0.151501
1705888394238412297,0.03,3.33333,0.0924171,58522.8,900.708,64.9742,73.6488,0.00869591,47.7273,0.0885627,0.000513299,0.149847
1705888394238412297,0.04,2.5,0.07109,88422.2,900.708,98.1696,96.004,0.00869591,64.2988,0.0885627,0.000806642,0.146466
1705888394338249437,0.0005,200,1,63.8304,892.374,0.0715287,0.158678,0.0198143,0.126885,0.0890008,2.02052e-05,0.00109221
1705888394338249437,0.001,100,0.966019,249.356,892.374,0.27943,0.658894,0.0198143,0.499564,0.0890008,8.29919e-05,0.00439872
1705888394338249437,0.002,50,0.703883,908.19,892.374,1.01772,1.39655,0.0198143,1.7011,0.0890008,0.000175306,0.00844994
1705888394338249437,0.003,33.3333,0.521845,1814.75,892.374,2.03362,2.52215,0.0198143,3.12359,0.0890008,0.000286639,0.0151494
1705888394338249437,0.005,20,0.349515,4045.82,892.374,4.53377,5.64349,0.0198143,6.16636,0.0890008,0.000537917,0.0306939
1705888394338249437,0.01,10,0.167476,10888.3,892.374,12.2015,14.5253,0.0198143,14.0584,0.0890008,0.000906185,0.0582461
1705888394338249437,0.02,5,0.0800971,27213.7,892.374,30.4958,32.617,0.0198143,30.0123,0.0890008,0.00135421,0.0845403
1705888394338249437,0.03,3.33333,0.0558252,45537.8,892.374,51.0299,49.8463,0.0198143,46.002,0.0890008,0.00165194,0.10187
1705888394338249437,0.04,2.5,0.0412621,65901.4,892.374,73.8494,65.6807,0.0198143,62.0022,0.0890008,0.0018958,0.114011
1705888394438095486,0.0005,200,1,59.6782,898.786,0.0663987,0.155033,0.00375382,0.132408,0.0997258,0.000245603,0.0268792
1705888394438095486,0.001,100,0.948276,236.623,898.786,0.26327,0.622783,0.00375382,0.521754,0.0997258,0.000773259,0.0964608
1705888394438095486,0.002,50,0.684729,848.264,898.786,0.943789,2.05932,0.00375382,1.75787,0.0997258,0.00114934,0.182167
1705888394438095486,0.003,33.3333,0.534483,1681.52,898.786,1.87088,3.82931,0.00375382,3.20818,0.0997258,0.00119545,0.23212
1705888394438095486,0.005,20,0.320197,3759.71,898.786,4.1831,8.99988,0.00375382,6.31398,0.0997258,0.000922248,0.294532
1705888394438095486,0.01,10,0.152709,10345.6,898.786,11.5106,19.8465,0.00375382,14.3389,0.0997258,0.00143327,0.356857
1705888394438095486,0.02,5,0.0837438,26417.1,898.786,29.3919,45.4728,0.00375382,30.5467,0.0997258,0.00450584,0.393191
1705888394438095486,0.03,3.33333,0.0418719,44850.4,898.786,49.9011,72.1219,0.00375382,46.7949,0.0997258,0.00699762,0.427903
1705888394438095486,0.04,2.5,0.0369458,62800.6,898.786,69.8727,97.8471,0.00375382,63.0488,0.0997258,0.00872846,0.466523
1705888394537925392,0.0005,200,1,59.0615,903.18,0.0653929,0.214602,0.0319571,0.12919,0.106388,5.64812e-05,0.00395711
1705888394537925392,0.001,100,0.938575,235.204,903.18,0.260417,0.755959,0.0319571,0.505372,0.106388,0.000206777,0.0126919
1705888394537925392,0.002,50,0.702703,864.592,903.18,0.957276,2.25513,0.0319571,1.68692,0.106388,0.000596838,0.0312358
1705888394537925392,0.003,33.3333,0.53317,1714.71,903.18,1.89853,3.63274,0.0319571,3.09792,0.106388,0.000892819,0.0414261
1705888394537925392,0.005,20,0.339066,3773.46,903.18,4.17797,5.57114,0.0319571,6.12639,0.106388,0.00140217,0.0396762
1705888394537925392,0.01,10,0.162162,9514.17,903.18,10.5341,12.4101,0.0319571,13.9595,0.106388,0.00263864,0.0497038
1705888394537925392,0.02,5,0.0909091,22621.6,903.18,25.0467,27.0276,0.0319571,29.7785,0.106388,0.00457253,0.0738734
1705888394537925392,0.03,3.33333,0.0737101,37936.8,903.18,42.0036,41.5719,0.0319571,45.6293,0.106388,0.00611859,0.102142
1705888394537925392,0.04,2.5,0.0515971,54489.2,903.18,60.3304,56.6547,0.0319571,61.4926,0.106388,0.00744184,0.129929
1705888394638584064,0.0005,200,1,66.8083,938.157,0.0712123,0.237813,0.00416299,0.144122,0.0838354,0.000136104,0.0121489
1705888394638584064,0.001,100,0.938824,265.474,938.157,0.282974,0.886335,0.00416299,0.563187,0.0838354,0.000459399,0.0387046
1705888394638584064,0.002,50,0.670588,975.16,938.157,1.03944,2.23367,0.00416299,1.8765,0.0838354,0.00084339,0.07346
1705888394638584064,0.003,33.3333,0.527059,1991.72,938.157,2.12301,3.51269,0.00416299,3.40098,0.0838354,0.000988781,0.0943467
1705888394638584064,0.005,20,0.371765,4685.43,938.157,4.99429,6.00043,0.00416299,6.63621,0.0838354,0.00178575,0.120266
1705888394638584064,0.01,10,0.174118,12854.1,938.157,13.7014,11.6495,0.00416299,15.0206,0.0838354,0.00374471,0.13854
1705888394638584064,0.02,5,0.0752941,30603.2,938.157,32.6206,22.9325,0.00416299,31.9931,0.0838354,0.00517995,0.179846
1705888394638584064,0.03,3.33333,0.0470588,49165.5,938.157,52.4064,35.8215,0.00416299,49.0073,0.0838354,0.0058514,0.20045
1705888394638584064,0.04,2.5,0.0352941,67234.5,938.157,71.6666,47.8791,0.00416299,66.0301,0.0838354,0.00612359,0.203664
1705888394738429125,0.0005,200,1,69.124,964.047,0.0717019,0.13054,0.00736891,0.144908,0.0885771,8.16799e-05,0.00779777
1705888394738429125,0.001,100,0.947005,274.077,964.047,0.284298,0.480627,0.00736891,0.568462,0.0885771,0.00023795,0.0277783
1705888394738429125,0.002,50,0.675115,1011.31,964.047,1.04902,1.59145,0.00736891,1.91046,0.0885771,0.000734276,0.0704854
1705888394738429125,0.003,33.3333,0.493088,2028.5,964.047,2.10415,2.17642,0.00736891,3.49124,0.0885771,0.00110432,0.0738229
1705888394738429125,0.005,20,0.334101,4517.2,964.047,4.68566,3.7431,0.00736891,6.85284,0.0885771,0.00178679,0.0805996
1705888394738429125,0.01,10,0.165899,12217.3,964.047,12.6729,6.70691,0.00736891,15.5313,0.0885771,0.00300396,0.103314
1705888394738429125,0.02,5,0.0714286,29723,964.047,30.8315,14.2969,0.00736891,33.0728,0.0885771,0.00534904,0.143273
1705888394738429125,0.03,3.33333,0.0460829,48492.6,964.047,50.3011,20.5793,0.00736891,50.6526,0.0885771,0.0073494,0.193593
1705888394738429125,0.04,2.5,0.0368664,68664.9,964.047,71.2257,25.8091,0.00736891,68.2421,0.0885771,0.00912503,0.238698
1705888394838257856,0.0005,200,1,73.3083,1027.96,0.0713141,0.227922,0.000427593,0.187097,0.124569,0.00114924,0.221842
1705888394838257856,0.001,100,0.933333,287.723,1027.96,0.279896,0.983,0.000427593,0.737144,0.124569,0.00254796,0.352925
1705888394838257856,0.002,50,0.597849,998.552,1027.96,0.971388,2.91399,0.000427593,2.44663,0.124569,0.00685626,0.255633
1705888394838257856,0.003,33.3333,0.43871,1920.78,1027.96,1.86853,5.01967,0.000427593,4.40763,0.124569,0.00948022,0.22206
1705888394838257856,0.005,20,0.270968,4184.67,1027.96,4.07084,9.59168,0.000427593,8.52282,0.124569,0.0124844,0.286706
1705888394838257856,0.01,10,0.152688,11635.2,1027.96,11.3187,21.5361,0.000427593,19.0309,0.124569,0.016877,0.443118
1705888394838257856,0.02,5,0.0752688,29788.8,1027.96,28.9785,44.5843,0.000427593,40.2164,0.124569,0.0221719,0.594106
1705888394838257856,0.03,3.33333,0.0430108,51955.7,1027.96,50.5423,62.468,0.000427593,61.4453,0.124569,0.0262711,0.734969
1705888394838257856,0.04,2.5,0.0301075,75962.6,1027.96,73.8962,83.1524,0.000427593,82.6843,0.124569,0.0309765,0.89687
1705888394938098214,0.0005,200,1,73.2663,1162.86,0.0630053,0.326645,0.0350042,0.232187,0.175163,4.95715e-05,0.00497533
1705888394938098214,0.001,100,0.911153,286.311,1162.86,0.246213,1.20271,0.0350042,0.902936,0.175163,0.000170961,0.017716
1705888394938098214,0.002,50,0.604915,1016.94,1162.86,0.874514,3.38228,0.0350042,2.92137,0.175163,0.000399358,0.0437336
1705888394938098214,0.003,33.3333,0.448015,2008.11,1162.86,1.72687,5.35615,0.0350042,5.2149,0.175163,0.000518519,0.058863
1705888394938098214,0.005,20,0.283554,4510.59,1162.86,3.87888,8.79128,0.0350042,10.0208,0.175163,0.000637271,0.0723116
1705888394938098214,0.01,10,0.147448,12338.9,1162.86,10.6108,16.7483,0.0350042,22.3054,0.175163,0.000715805,0.0873391
1705888394938098214,0.02,5,0.073724,31826.8,1162.86,27.3694,33.4591,0.0350042,47.0604,0.175163,0.00093639,0.0955993
1705888394938098214,0.03,3.33333,0.0510397,54066.4,1162.86,46.4944,52.38,0.0350042,71.8591,0.175163,0.00122997,0.0984942
1705888394938098214,0.04,2.5,0.0378072,77754.9,1162.86,66.8653,71.7097,0.0350042,96.6689,0.175163,0.00152419,0.0935087
1705888395037946969,0.0005,200,1,83.3371,1226.65,0.0679389,0.555124,0.0558435,0.26469,0.23113,3.2666e-06,0.000363448
1705888395037946969,0.001,100,0.893654,324.494,1226.65,0.264537,1.70927,0.0558435,1.01459,0.23113,1.01983e-05,0.00111116
1705888395037946969,0.002,50,0.636364,1146.33,1226.65,0.934524,3.79087,0.0558435,3.22003,0.23113,2.12991e-05,0.00248407
1705888395037946969,0.003,33.3333,0.454545,2239.37,1226.65,1.8256,6.04888,0.0558435,5.74445,0.23113,3.23309e-05,0.00396509
1705888395037946969,0.005,20,0.262436,4885.52,1226.65,3.98282,10.4617,0.0558435,11.055,0.23113,5.35672e-05,0.00672966
1705888395037946969,0.01,10,0.121784,12826.2,1226.65,10.4563,23.926,0.0558435,24.6573,0.23113,0.000117064,0.0143462
1705888395037946969,0.02,5,0.0497427,32088.4,1226.65,26.1595,53.4363,0.0558435,52.0677,0.23113,0.000234519,0.0276602
1705888395037946969,0.03,3.33333,0.0411664,52716.8,1226.65,42.9764,82.4175,0.0558435,79.5136,0.23113,0.000321935,0.0377288
1705888395037946969,0.04,2.5,0.0291595,75201.3,1226.65,61.3064,110.557,0.0558435,106.969,0.23113,0.000389401,0.0453087
1705888395138582580,0.0005,200,1,110.198,1328.9,0.0829247,0.627908,0.0593648,0.280013,0.276919,6.69303e-05,0.00617054
1705888395138582580,0.001,100,0.894061,426.752,1328.9,0.321132,2.12516,0.0593648,1.06739,0.276919,0.000216395,0.0199386
1705888395138582580,0.002,50,0.648475,1462.37,1328.9,1.10044,4.27927,0.0593648,3.37307,0.276919,0.000381128,0.0352622
1705888395138582580,0.003,33.3333,0.443018,2841.11,1328.9,2.13794,6.41458,0.0593648,6.02454,0.276919,0.000484832,0.0454291
1705888395138582580,0.005,20,0.287319,6124.86,1328.9,4.60898,12.6171,0.0593648,11.5905,0.276919,0.000695151,0.0686252
1705888395138582580,0.01,10,0.146067,16174.4,1328.9,12.1713,30.8404,0.0593648,25.8242,0.276919,0.000938176,0.0978488
1705888395138582580,0.02,5,0.0882825,41304,1328.9,31.0814,71.0806,0.0593648,54.4904,0.276919,0.0010474,0.108623
1705888395138582580,0.03,3.33333,0.0642055,70813,1328.9,53.2871,112.463,0.0593648,83.2031,0.276919,0.00111509,0.109551
1705888395138582580,0.04,2.5,0.0545746,101940,1328.9,76.71,149.863,0.0593648,111.93,0.276919,0.00116676,0.107939
1705888395238419566,0.0005,200,0.998559,114.374,1536.03,0.0744607,0.254638,0.41308,0.329118,0.788664,7.8142e-07,0.000152317
1705888395238419566,0.001,100,0.904899,443.329,1536.03,0.288621,1.03315,0.41308,1.24489,0.788664,3.1755e-06,0.000617561
1705888395238419566,0.002,50,0.622478,1542.38,1536.03,1.00414,2.9665,0.41308,3.90108,0.788664,7.63095e-06,0.00179301
1705888395238419566,0.003,33.3333,0.462536,3009.53,1536.03,1.95929,4.79101,0.41308,6.91623,0.788664,1.1471e-05,0.00290178
1705888395238419566,0.005,20,0.289625,6571.67,1536.03,4.27836,7.83293,0.41308,13.2357,0.788664,1.33157e-05,0.00476618
1705888395238419566,0.01,10,0.158501,17716.7,1536.03,11.5341,15.4922,0.41308,29.3942,0.788664,2.5725e-05,0.00908646
1705888395238419566,0.02,5,0.0850144,43488.6,1536.03,28.3124,33.6971,0.41308,61.955,0.788664,5.57109e-05,0.0180237
1705888395238419566,0.03,3.33333,0.0691643,70469.2,1536.03,45.8776,51.2798,0.41308,94.5609,0.788664,8.13567e-05,0.0257681
1705888395238419566,0.04,2.5,0.056196,99162.1,1536.03,64.5575,68.8018,0.41308,127.18,0.788664,0.000109577,0.0327805
1705888395338258731,0.0005,200,0.998706,132.704,1632.07,0.0813102,0.58562,0.771729,0.352628,0.618102,3.135e-06,0.000445653
1705888395338258731,0.001,100,0.905563,514.249,1632.07,0.31509,1.97527,0.771729,1.33772,0.618102,1.03544e-05,0.00150047
1705888395338258731,0.002,50,0.619664,1721.67,1632.07,1.0549,5.68954,0.771729,4.21133,0.618102,3.0095e-05,0.00425264
1705888395338258731,0.003,33.3333,0.47348,3211.12,1632.07,1.96751,8.37294,0.771729,7.48045,0.618102,4.4992e-05,0.00614309
1705888395338258731,0.005,20,0.305304,6718.8,1632.07,4.11674,13.6879,0.771729,14.323,0.618102,7.38229e-05,0.00967215
1705888395338258731,0.01,10,0.174644,17611,1632.07,10.7906,32.6192,0.771729,31.8188,0.618102,0.000167784,0.0208404
1705888395338258731,0.02,5,0.111255,42817.7,1632.07,26.2352,69.8127,0.771729,67.0671,0.618102,0.000320173,0.0368789
1705888395338258731,0.03,3.33333,0.0957309,71234.8,1632.07,43.647,105.918,0.771729,102.366,0.618102,0.000423306,0.04748
1705888395338258731,0.04,2.5,0.0827943,103467,1632.07,63.3965,141.492,0.771729,137.682,0.618102,0.000494486,0.0546219
1705888395438097763,0.0005,200,1,141.676,1785.33,0.0793559,0.31399,0.0353702,0.332841,0.576625,2.2049e-05,0.00270312
1705888395438097763,0.001,100,0.908176,546.799,1785.33,0.306274,0.911023,0.0353702,1.27225,0.576625,5.79655e-05,0.00759641
1705888395438097763,0.002,50,0.645283,1925.97,1785.33,1.07878,1.9096,0.0353702,4.04864,0.576625,6.61073e-05,0.015779
1705888395438097763,0.003,33.3333,0.486792,3709.84,1785.33,2.07796,2.90975,0.0353702,7.24913,0.576625,9.67199e-05,0.0226833
1705888395438097763,0.005,20,0.310692,8114.05,1785.33,4.54485,5.80745,0.0353702,13.983,0.576625,0.000245476,0.03511
1705888395438097763,0.01,10,0.176101,21513.7,1785.33,12.0503,16.6002,0.0353702,31.2229,0.576625,0.00059801,0.0594702
1705888395438097763,0.02,5,0.124528,54385.9,1785.33,30.4627,37.2107,0.0353702,65.9398,0.576625,0.00104604,0.0890871
1705888395438097763,0.03,3.33333,0.108176,94395.4,1785.33,52.8729,58.4319,0.0353702,100.705,0.576625,0.00150857,0.108701
1705888395438097763,0.04,2.5,0.0981132,139192,1785.33,77.9644,81.8086,0.0353702,135.487,0.576625,0.00200669,0.121939
1705888395537940177,0.0005,200,1,117.429,1723.88,0.0681187,0.279024,0.00316151,0.352803,0.623669,0.000319577,0.0137902
1705888395537940177,0.001,100,0.90566,458.794,1723.88,0.26614,1.33839,0.00316151,1.32869,0.623669,0.00122224,0.0484059
1705888395537940177,0.002,50,0.667925,1626.05,1723.88,0.943247,4.63726,0.00316151,4.14407,0.623669,0.00219856,0.112113
1705888395537940177,0.003,33.3333,0.500629,3196.9,1723.88,1.85448,8.36009,0.00316151,7.36675,0.623669,0.00228227,0.130108
1705888395537940177,0.005,20,0.320755,7024.75,1723.88,4.07496,16.387,0.00316151,14.1612,0.623669,0.00236665,0.130052
1705888395537940177,0.01,10,0.186164,18881.4,1723.88,10.9528,35.6798,0.00316151,31.5504,0.623669,0.00349325,0.0677243
1705888395537940177,0.02,5,0.124528,49267.5,1723.88,28.5794,71.8976,0.00316151,66.5797,0.623669,0.00516603,0.0119942
1705888395537940177,0.03,3.33333,0.0993711,86000.2,1723.88,49.8875,108.879,0.00316151,101.671,0.623669,0.00609628,0.0449142
1705888395537940177,0.04,2.5,0.0918239,129600,1723.88,75.1791,146.692,0.00316151,136.774,0.623669,0.00684036,0.0721751
1705888395638570824,0.0005,200,1,106.21,1526.08,0.069597,0.280989,0.000178795,0.2896,0.479667,0.00128479,0.153451
1705888395638570824,0.001,100,0.925876,414.774,1526.08,0.271791,0.99638,0.000178795,1.11051,0.479667,0.00357177,0.357216
1705888395638570824,0.002,50,0.66442,1450.56,1526.08,0.950519,3.32535,0.000178795,3.57896,0.479667,0.00685257,0.548278
1705888395638570824,0.003,33.3333,0.501348,2786.46,1526.08,1.8259,6.43114,0.000178795,6.44036,0.479667,0.0105759,0.581971
1705888395638570824,0.005,20,0.330189,5932.24,1526.08,3.88725,12.0203,0.000178795,12.477,0.479667,0.0169076,0.619556
1705888395638570824,0.01,10,0.192722,15750.6,1526.08,10.321,29.1421,0.000178795,27.9617,0.479667,0.0235005,0.740213
1705888395638570824,0.02,5,0.115903,39494.9,1526.08,25.88,68.6804,0.000178795,59.202,0.479667,0.0264487,0.793314
1705888395638570824,0.03,3.33333,0.0902965,64524.3,1526.08,42.2812,107.47,0.000178795,90.5014,0.479667,0.026366,0.777042
1705888395638570824,0.04,2.5,0.0781671,90015.1,1526.08,58.9847,144.788,0.000178795,121.814,0.479667,0.0278998,0.813238
1705888395738407664,0.0005,200,1,70.5387,1236.82,0.0570322,0.333329,0.00017155,0.260219,0.268649,0.0102431,0.367559
1705888395738407664,0.001,100,0.903654,275.065,1236.82,0.222396,1.13203,0.00017155,0.996601,0.268649,0.0198152,0.638918
1705888395738407664,0.002,50,0.652824,978.989,1236.82,0.791536,3.36302,0.00017155,3.14932,0.268649,0.0222628,0.654073
1705888395738407664,0.003,33.3333,0.481728,1961.54,1236.82,1.58596,6.07931,0.00017155,5.61803,0.268649,0.0203349,0.596134
1705888395738407664,0.005,20,0.312292,4319.67,1236.82,3.49256,12.3664,0.00017155,10.8059,0.268649,0.0162714,0.398973
1705888395738407664,0.01,10,0.181063,11826.5,1236.82,9.562,29.1262,0.00017155,24.0754,0.268649,0.0113174,0.233177
1705888395738407664,0.02,5,0.11794,29841.5,1236.82,24.1276,62.0745,0.00017155,50.8038,0.268649,0.00859897,0.18961
1705888395738407664,0.03,3.33333,0.0996678,51025,1236.82,41.2549,94.7322,0.00017155,77.5694,0.268649,0.00695583,0.168871
1705888395738407664,0.04,2.5,0.0913621,73892.6,1236.82,59.744,127.932,0.00017155,104.344,0.268649,0.00585888,0.160155
1705888395838266475,0.0005,200,1,58.6693,1066.98,0.0549864,0.0842912,0.0415348,0.224875,0.247082,1.23016e-05,0.000779984
1705888395838266475,0.001,100,0.9002,225.887,1066.98,0.211707,0.425355,0.0415348,0.859604,0.247082,4.69394e-05,0.00438159
1705888395838266475,0.002,50,0.654691,791.22,1066.98,0.741552,1.14733,0.0415348,2.69963,0.247082,0.000121442,0.0109335
1705888395838266475,0.003,33.3333,0.473054,1565.6,1066.98,1.46732,2.00013,0.0415348,4.8041,0.247082,0.000207644,0.0175542
1705888395838266475,0.005,20,0.289421,3492.87,1066.98,3.2736,3.39274,0.0415348,9.23326,0.247082,0.000409518,0.0222592
1705888395838266475,0.01,10,0.163673,9088.39,1066.98,8.51787,10.5947,0.0415348,20.5636,0.247082,0.000668814,0.049061
1705888395838266475,0.02,5,0.10978,22872.7,1066.98,21.4369,25.9759,0.0415348,43.3681,0.247082,0.000993547,0.0658862
1705888395838266475,0.03,3.33333,0.0878244,37660.1,1066.98,35.2961,38.8811,0.0415348,66.2079,0.247082,0.00124751,0.0689948
1705888395838266475,0.04,2.5,0.0718563,53293.8,1066.98,49.9483,53.1919,0.0415348,89.0592,0.247082,0.00145354,0.0711398
1705888395938112951,0.0005,200,1,51.968,917.896,0.0566164,0.179826,0.0247744,0.18969,0.206801,6.09356e-05,0.0042452
1705888395938112951,0.001,100,0.892774,200.425,917.896,0.218353,0.709335,0.0247744,0.731128,0.206801,0.000232554,0.0158797
1705888395938112951,0.002,50,0.641026,696.554,917.896,0.75886,2.11153,0.0247744,2.31265,0.206801,0.00068533,0.0396949
1705888395938112951,0.003,33.3333,0.461538,1375.4,917.896,1.49843,3.17576,0.0247744,4.13262,0.206801,0.00104332,0.0522073
1705888395938112951,0.005,20,0.293706,2946.99,917.896,3.21059,5.2215,0.0247744,7.95431,0.206801,0.00162725,0.0818133
1705888395938112951,0.01,10,0.151515,7750.72,917.896,8.44401,10.2436,0.0247744,17.738,0.206801,0.00273592,0.166972
1705888395938112951,0.02,5,0.0722611,18640,917.896,20.3073,21.0776,0.0247744,37.456,0.206801,0.0046251,0.262309
1705888395938112951,0.03,3.33333,0.0582751,30192.9,917.896,32.8936,31.7903,0.0247744,57.2031,0.206801,0.00621025,0.308713
1705888395938112951,0.04,2.5,0.04662,43056.4,917.896,46.9077,42.9526,0.0247744,76.9565,0.206801,0.0076314,0.338995
1705888396037944632,0.0005,200,1,45.6146,773.182,0.0589959,0.357819,0.00644438,0.132292,0.122785,0.00039787,0.026625
1705888396037944632,0.001,100,0.928375,178.384,773.182,0.230714,1.28754,0.00644438,0.517834,0.122785,0.00125467,0.0806447
1705888396037944632,0.002,50,0.672176,637.698,773.182,0.82477,3.0417,0.00644438,1.70327,0.122785,0.00212707,0.128343
1705888396037944632,0.003,33.3333,0.493113,1280.77,773.182,1.65649,4.97863,0.00644438,3.09013,0.122785,0.00263815,0.152138
1705888396037944632,0.005,20,0.294766,2849.2,773.182,3.68503,8.86492,0.00644438,6.0337,0.122785,0.00294239,0.180043
1705888396037944632,0.01,10,0.151515,7826.76,773.182,10.1228,17.1284,0.00644438,13.5965,0.122785,0.00294475,0.229161
1705888396037944632,0.02,5,0.0936639,21643.8,773.182,27.9931,40.3512,0.00644438,28.8435,0.122785,0.00322488,0.271113
1705888396037944632,0.03,3.33333,0.0633609,38187.1,773.182,49.3896,62.5296,0.00644438,44.1227,0.122785,0.00337115,0.274916
1705888396037944632,0.04,2.5,0.0523416,56142.5,773.182,72.6122,84.1469,0.00644438,59.4099,0.122785,0.00348663,0.268479
1705888396138590196,0.0005,200,1,32.7037,645.177,0.0506895,0.217424,0.0295811,0.0992672,0.0723062,2.47562e-05,0.00261442
1705888396138590196,0.001,100,0.944805,129.568,645.177,0.200826,0.737815,0.0295811,0.388463,0.0723062,7.97697e-05,0.00883368
1705888396138590196,0.002,50,0.720779,485.659,645.177,0.752753,2.22581,0.0295811,1.29545,0.0723062,0.00020015,0.0261729
1705888396138590196,0.003,33.3333,0.522727,953.465,645.177,1.47784,4.30493,0.0295811,2.37152,0.0723062,0.000356014,0.0472312
1705888396138590196,0.005,20,0.337662,2073.44,645.177,3.21375,8.31647,0.0295811,4.66655,0.0723062,0.000578296,0.0791975
1705888396138590196,0.01,10,0.188312,5547.65,645.177,8.59865,17.0352,0.0295811,10.5895,0.0723062,0.000799215,0.11621
1705888396138590196,0.02,5,0.0844156,13633.3,645.177,21.1311,33.7124,0.0295811,22.5826,0.0723062,0.000816196,0.146629
1705888396138590196,0.03,3.33333,0.0519481,21193.9,645.177,32.8498,50.7153,0.0295811,34.6107,0.0723062,0.000805019,0.173024
1705888396138590196,0.04,2.5,0.038961,28606.6,645.177,44.3392,67.7054,0.0295811,46.6468,0.0723062,0.000780197,0.192214
1705888396238425279,0.0005,200,1,29.8438,594.551,0.0501956,0.0734591,0.509486,0.0859131,0.0722402,1.31341e-06,0.000179645
1705888396238425279,0.001,100,0.958188,119.177,594.551,0.200449,0.336819,0.509486,0.337603,0.0722402,6.3409e-06,0.000812711
1705888396238425279,0.002,50,0.69338,442.145,594.551,0.743662,1.2883,0.509486,1.15676,0.0722402,2.48929e-05,0.00304777
1705888396238425279,0.003,33.3333,0.515679,856.893,594.551,1.44125,1.91843,0.509486,2.14,0.0722402,3.75917e-05,0.00443713
1705888396238425279,0.005,20,0.344948,1870.66,594.551,3.14634,3.45798,0.509486,4.23636,0.0722402,7.14075e-05,0.00753985
1705888396238425279,0.01,10,0.167247,4935.78,594.551,8.30169,5.88468,0.509486,9.664,0.0722402,0.000112499,0.0116389
1705888396238425279,0.02,5,0.0801394,11680.9,594.551,19.6465,14.4253,0.509486,20.645,0.0722402,0.000230851,0.023692
1705888396238425279,0.03,3.33333,0.0557491,19148.9,594.551,32.2073,23.1108,0.509486,31.6509,0.0722402,0.000310521,0.0321391
1705888396238425279,0.04,2.5,0.0452962,27430.4,594.551,46.1363,31.9403,0.509486,42.6615,0.0722402,0.000366134,0.0378042
1705888396338273310,0.0005,200,1,26.7401,534.134,0.0500626,0.045027,0.237169,0.0829597,0.0810055,6.92815e-07,6.81885e-05
1705888396338273310,0.001,100,0.932271,105.675,534.134,0.197843,0.142653,0.237169,0.327195,0.0810055,2.23633e-06,0.000214481
1705888396338273310,0.002,50,0.673307,382.765,534.134,0.716607,0.614917,0.237169,1.09741,0.0810055,9.51191e-06,0.000921032
1705888396338273310,0.003,33.3333,0.525896,781.471,534.134,1.46306,1.19648,0.237169,1.9977,0.0810055,1.81528e-05,0.00178428
1705888396338273310,0.005,20,0.36255,1748.83,534.134,3.27414,1.77338,0.237169,3.91269,0.0810055,2.72479e-05,0.00259104
1705888396338273310,0.01,10,0.151394,4735.1,534.134,8.86499,3.56066,0.237169,8.87193,0.0810055,5.18977e-05,0.00498121
1705888396338273310,0.02,5,0.0756972,12304.9,534.134,23.0371,8.81254,0.237169,18.9016,0.0810055,0.000115864,0.011071
1705888396338273310,0.03,3.33333,0.0557769,21219.7,534.134,39.7272,15.2872,0.237169,28.9515,0.0810055,0.000184102,0.017266
1705888396338273310,0.04,2.5,0.0398406,31030.9,534.134,58.0956,21.7786,0.237169,39.0073,0.0810055,0.000240675,0.0223418
1705888396438114108,0.0005,200,1,17.3265,440.79,0.0393079,0.116618,0.0142557,0.0600936,0.0596549,2.83242e-05,0.00272645
1705888396438114108,0.001,100,0.965174,69.0517,440.79,0.156655,0.423785,0.0142557,0.23901,0.0596549,9.96993e-05,0.00975579
1705888396438114108,0.002,50,0.676617,255.282,440.79,0.579146,1.083,0.0142557,0.83365,0.0596549,0.000242247,0.0229652
1705888396438114108,0.003,33.3333,0.512438,528.141,440.79,1.19817,2.04607,0.0142557,1.54151,0.0596549,0.000406412,0.0397224
1705888396438114108,0.005,20,0.333333,1246.55,440.79,2.828,3.32043,0.0142557,3.04742,0.0596549,0.00053322,0.0509833
1705888396438114108,0.01,10,0.169154,3494.33,440.79,7.92743,6.92892,0.0142557,6.92159,0.0596549,0.000698413,0.0649728
1705888396438114108,0.02,5,0.109453,8293.96,440.79,18.8162,13.398,0.0142557,14.7432,0.0596549,0.000780173,0.0720457
1705888396438114108,0.03,3.33333,0.0696517,13881.7,440.79,31.4929,19.0781,0.0142557,22.5883,0.0596549,0.000788863,0.0686485
1705888396438114108,0.04,2.5,0.0547264,19933.6,440.79,45.2224,24.9841,0.0142557,30.4397,0.0596549,0.000827113,0.0667976
1705888396537954043,0.0005,200,1,13.5059,404.608,0.0333802,0.0972857,0.0131904,0.0466849,0.0773471,1.78421e-05,0.00182117
1705888396537954043,0.001,100,0.984211,53.9849,404.608,0.133425,0.381484,0.0131904,0.186151,0.0773471,6.92124e-05,0.00705685
1705888396537954043,0.002,50,0.731579,203.157,404.608,0.502108,1.18804,0.0131904,0.665232,0.0773471,0.000213869,0.0208537
1705888396537954043,0.003,33.3333,0.578947,399.151,404.608,0.986512,2.03307,0.0131904,1.24783,0.0773471,0.000352415,0.0339129
1705888396537954043,0.005,20,0.389474,891.782,404.608,2.20406,3.75009,0.0131904,2.49889,0.0773471,0.000572095,0.0566138
1705888396537954043,0.01,10,0.2,2637.03,404.608,6.51749,8.89423,0.0131904,5.74886,0.0773471,0.000999909,0.0983805
1705888396537954043,0.02,5,0.126316,7700.11,404.608,19.031,20.3441,0.0131904,12.33,0.0773471,0.00129463,0.124374
1705888396537954043,0.03,3.33333,0.0842105,13219,404.608,32.6713,30.1956,0.0131904,18.9337,0.0773471,0.00131217,0.121694
1705888396537954043,0.04,2.5,0.0789474,19157.9,404.608,47.3492,39.6367,0.0131904,25.5418,0.0773471,0.00132012,0.117368
1705888396638589462,0.0005,200,1,15.6308,376.073,0.0415633,0.0500553,0.00868323,0.0480632,0.0629577,9.25863e-05,0.00701037
1705888396638589462,0.001,100,0.983333,62.3417,376.073,0.16577,0.251299,0.00868323,0.190359,0.0629577,0.000418524,0.0316701
1705888396638589462,0.002,50,0.711111,232.469,376.073,0.61815,1.11484,0.00868323,0.680608,0.0629577,0.00138924,0.103421
1705888396638589462,0.003,33.3333,0.494444,453.971,376.073,1.20714,1.58895,0.00868323,1.28144,0.0629577,0.00155463,0.112051
1705888396638589462,0.005,20,0.316667,986.961,376.073,2.62439,2.63221,0.00868323,2.5686,0.0629577,0.00186212,0.137981
1705888396638589462,0.01,10,0.15,2437.67,376.073,6.48192,5.12844,0.00868323,5.90319,0.0629577,0.00221802,0.200482
1705888396638589462,0.02,5,0.0666667,5776.88,376.073,15.3611,10.4551,0.00868323,12.6455,0.0629577,0.0025957,0.259074
1705888396638589462,0.03,3.33333,0.0333333,9215.92,376.073,24.5057,16.6778,0.00868323,19.4064,0.0629577,0.00283425,0.276512
1705888396638589462,0.04,2.5,0.0222222,12609.9,376.073,33.5305,22.8151,0.00868323,26.1706,0.0629577,0.00304057,0.291715
1705888396738429520,0.0005,200,1,17.3866,385.427,0.0451099,0.209986,0.486737,0.0513368,0.0809329,8.49681e-06,0.000767114
1705888396738429520,0.001,100,0.989247,69.4583,385.427,0.180211,0.856793,0.486737,0.203315,0.0809329,3.45737e-05,0.00312337
1705888396738429520,0.002,50,0.709677,257.524,385.427,0.668152,2.65091,0.486737,0.728665,0.0809329,0.000105279,0.00961558
1705888396738429520,0.003,33.3333,0.467742,507.18,385.427,1.31589,4.71635,0.486737,1.37908,0.0809329,0.000185075,0.0169166
1705888396738429520,0.005,20,0.27957,1090.01,385.427,2.82807,8.56437,0.486737,2.77084,0.0809329,0.000325317,0.030019
1705888396738429520,0.01,10,0.102151,2852.97,385.427,7.40211,17.6605,0.486737,6.35987,0.0809329,0.000614983,0.0584183
1705888396738429520,0.02,5,0.0645161,7304.89,385.427,18.9527,35.7173,0.486737,13.5904,0.0809329,0.00106924,0.104887
1705888396738429520,0.03,3.33333,0.0483871,12880.1,385.427,33.4177,53.7571,0.486737,20.8314,0.0809329,0.0014255,0.142165
1705888396738429520,0.04,2.5,0.0430108,19772.9,385.427,51.3014,71.9767,0.486737,28.076,0.0809329,0.00171346,0.172879
1705888396838256591,0.0005,200,1,17.9832,340.14,0.0528701,0.110828,0.00636294,0.0452648,0.0707618,8.78127e-05,0.00634272
1705888396838256591,0.001,100,0.95858,71.5584,340.14,0.210379,0.421658,0.00636294,0.178809,0.0707618,0.00032306,0.0232466
1705888396838256591,0.002,50,0.751479,254.155,340.14,0.747207,1.20248,0.00636294,0.615306,0.0707618,0.000780511,0.0582976
1705888396838256591,0.003,33.3333,0.556213,489.61,340.14,1.43944,2.22094,0.00636294,1.14985,0.0707618,0.00121863,0.0920864
1705888396838256591,0.005,20,0.35503,1046.84,340.14,3.07767,4.51271,0.00636294,2.30195,0.0707618,0.00182174,0.141815
1705888396838256591,0.01,10,0.171598,2793.4,340.14,8.2125,10.9956,0.00636294,5.28858,0.0707618,0.00244159,0.194803
1705888396838256591,0.02,5,0.106509,6480.52,340.14,19.0525,23.1816,0.00636294,11.3388,0.0707618,0.00275661,0.24231
1705888396838256591,0.03,3.33333,0.0710059,10680.4,340.14,31.4001,35.9674,0.00636294,17.4057,0.0707618,0.00286496,0.267039
1705888396838256591,0.04,2.5,0.0532544,15014.2,340.14,44.1412,49.5684,0.00636294,23.4787,0.0707618,0.00295233,0.279216
1705888396938097288,0.0005,200,1,17.082,309.374,0.0552146,0.067447,0.00208374,0.0491031,0.0557018,9.83218e-05,0.00736878
1705888396938097288,0.001,100,0.975,68.0662,309.374,0.220013,0.280356,0.00208374,0.194267,0.0557018,0.000375158,0.0280121
1705888396938097288,0.002,50,0.71875,244.434,309.374,0.790092,1.01624,0.00208374,0.674202,0.0557018,0.000967833,0.0804933
1705888396938097288,0.003,33.3333,0.41875,486.552,309.374,1.5727,1.95362,0.00208374,1.2589,0.0557018,0.00131469,0.118007
1705888396938097288,0.005,20,0.2875,1078.04,309.374,3.4846,3.59941,0.00208374,2.49787,0.0557018,0.00143739,0.134441
1705888396938097288,0.01,10,0.15,2946.01,309.374,9.52248,7.24859,0.00208374,5.67534,0.0557018,0.00159013,0.141458
1705888396938097288,0.02,5,0.075,6990.16,309.374,22.5945,15.6612,0.00208374,12.0979,0.0557018,0.00187783,0.134032
1705888396938097288,0.03,3.33333,0.025,11132.8,309.374,35.9849,25.3605,0.00208374,18.5356,0.0557018,0.0020672,0.132313
1705888396938097288,0.04,2.5,0.025,15280.3,309.374,49.391,34.698,0.00208374,24.976,0.0557018,0.0022145,0.130191
1705888397037943157,0.0005,200,1,14.2897,304.486,0.0469307,0.1074,0.0134849,0.0447713,0.0685879,4.69142e-05,0.00601707
1705888397037943157,0.001,100,0.962264,56.8665,304.486,0.186762,0.417994,0.0134849,0.176584,0.0685879,0.000178934,0.0228147
1705888397037943157,0.002,50,0.735849,219.051,304.486,0.719412,1.5538,0.0134849,0.612388,0.0685879,0.000625324,0.0750408
1705888397037943157,0.003,33.3333,0.509434,461.11,304.486,1.51439,3.10087,0.0134849,1.14767,0.0685879,0.00104364,0.130717
1705888397037943157,0.005,20,0.295597,1068.48,304.486,3.50912,6.44665,0.0134849,2.29857,0.0685879,0.00150507,0.206997
1705888397037943157,0.01,10,0.169811,2924.53,304.486,9.60479,14.1397,0.0134849,5.26682,0.0685879,0.0015167,0.293588
1705888397037943157,0.02,5,0.0691824,6756.84,304.486,22.191,30.4149,0.0134849,11.2699,0.0685879,0.00131652,0.384804
1705888397037943157,0.03,3.33333,0.0503145,10948,304.486,35.9556,46.8626,0.0134849,17.2845,0.0685879,0.0011601,0.423848
1705888397037943157,0.04,2.5,0.0377358,15398.3,304.486,50.5713,63.5701,0.0134849,23.3019,0.0685879,0.00108656,0.444474
1705888397138591676,0.0005,200,1,19.4043,303.214,0.0639953,0.0183247,0.00376786,0.0463998,0.0496221,5.93687e-06,0.00103335
1705888397138591676,0.001,100,0.946309,77.2499,303.214,0.25477,0.0808896,0.00376786,0.179476,0.0496221,2.66742e-05,0.00444723
1705888397138591676,0.002,50,0.718121,283.168,303.214,0.933889,0.262798,0.00376786,0.601761,0.0496221,8.43808e-05,0.0138491
1705888397138591676,0.003,33.3333,0.52349,565.227,303.214,1.86412,0.854487,0.00376786,1.10831,0.0496221,0.00032671,0.034897
1705888397138591676,0.005,20,0.328859,1235.43,303.214,4.07446,1.92272,0.00376786,2.19221,0.0496221,0.000580982,0.0541747
1705888397138591676,0.01,10,0.174497,3370.86,303.214,11.1171,3.59347,0.00376786,5.00106,0.0496221,0.000596395,0.0611196
1705888397138591676,0.02,5,0.0738255,8485.64,303.214,27.9857,5.89926,0.00376786,10.6919,0.0496221,0.000462902,0.0572863
1705888397138591676,0.03,3.33333,0.033557,13957.4,303.214,46.0315,8.26661,0.00376786,16.4005,0.0496221,0.000452141,0.0584375
1705888397138591676,0.04,2.5,0.0134228,19288.7,303.214,63.6142,10.1211,0.00376786,22.1132,0.0496221,0.000439739,0.0633334
1705888397238425611,0.0005,200,1,19.7606,368.788,0.0535824,0.155536,0.00381941,0.0425283,0.0739458,0.000133534,0.0120999
1705888397238425611,0.001,100,0.977143,78.6851,368.788,0.213361,0.662512,0.00381941,0.169308,0.0739458,0.000535605,0.0475467
1705888397238425611,0.002,50,0.742857,293.505,368.788,0.795863,2.2349,0.00381941,0.604217,0.0739458,0.00148331,0.127009
1705888397238425611,0.003,33.3333,0.548571,589.222,368.788,1.59773,3.60301,0.00381941,1.14519,0.0739458,0.00189253,0.164529
1705888397238425611,0.005,20,0.331429,1318.97,368.788,3.57651,7.14624,0.00381941,2.32335,0.0739458,0.00252978,0.216389
1705888397238425611,0.01,10,0.182857,3415.33,368.788,9.26095,15.9499,0.00381941,5.38193,0.0739458,0.00293875,0.260715
1705888397238425611,0.02,5,0.0514286,8192.49,368.788,22.2146,32.9673,0.00381941,11.5889,0.0739458,0.0030332,0.265799
1705888397238425611,0.03,3.33333,0.0228571,12763.6,368.788,34.6096,49.4874,0.00381941,17.812,0.0739458,0.00287385,0.259753
1705888397238425611,0.04,2.5,0.0228571,17593,368.788,47.7049,66.8855,0.00381941,24.0372,0.0739458,0.00272446,0.255451
1705888397338261493,0.0005,200,1,22.0293,362.854,0.0607112,0.160097,0.011202,0.0631011,0.0571242,2.03088e-05,0.00178483
1705888397338261493,0.001,100,0.931034,87.4904,362.854,0.241117,0.696336,0.011202,0.249225,0.0571242,8.68916e-05,0.00765567
1705888397338261493,0.002,50,0.666667,308.956,362.854,0.85146,2.5977,0.011202,0.839301,0.0571242,0.000308258,0.027301
1705888397338261493,0.003,33.3333,0.413793,576.562,362.854,1.58896,4.4903,0.011202,1.53743,0.0571242,0.000503467,0.04492
1705888397338261493,0.005,20,0.264368,1188.53,362.854,3.27551,7.97842,0.011202,3.00901,0.0571242,0.000804314,0.0714276
1705888397338261493,0.01,10,0.149425,3020.76,362.854,8.32499,15.6442,0.011202,6.76655,0.0571242,0.00121027,0.106687
1705888397338261493,0.02,5,0.0804598,7643.09,362.854,21.0638,31.7912,0.011202,14.3382,0.0571242,0.00156486,0.137161
1705888397338261493,0.03,3.33333,0.045977,12528.6,362.854,34.528,48.7043,0.011202,21.9266,0.0571242,0.00177996,0.155545
1705888397338261493,0.04,2.5,0.0287356,17929.7,362.854,49.4129,65.6155,0.011202,29.5186,0.0571242,0.00190454,0.165013
1705888397438108862,0.0005,200,1,13.8226,374.621,0.0368975,0.0810242,0.00461452,0.0502199,0.0551971,0.000221772,0.0214222
1705888397438108862,0.001,100,0.938889,54.2586,374.621,0.144836,0.275459,0.00461452,0.194642,0.0551971,0.000680533,0.0650631
1705888397438108862,0.002,50,0.755556,199.611,374.621,0.532834,0.761857,0.00461452,0.643385,0.0551971,0.0015144,0.127529
1705888397438108862,0.003,33.3333,0.611111,416.539,374.621,1.11189,1.36235,0.00461452,1.19079,0.0551971,0.00202573,0.187271
1705888397438108862,0.005,20,0.372222,912.311,374.621,2.43529,2.26932,0.00461452,2.38788,0.0551971,0.00213146,0.261486
1705888397438108862,0.01,10,0.161111,2314.95,374.621,6.17945,4.74418,0.00461452,5.52443,0.0551971,0.00248087,0.365887
1705888397438108862,0.02,5,0.0833333,5447.39,374.621,14.5411,10.1769,0.00461452,11.8762,0.0551971,0.00285172,0.38763
1705888397438108862,0.03,3.33333,0.0666667,8995.18,374.621,24.0114,15.3675,0.00461452,18.2391,0.0551971,0.00289903,0.369117
1705888397438108862,0.04,2.5,0.0611111,12971.3,374.621,34.625,20.4176,0.00461452,24.6056,0.0551971,0.00291456,0.34782
1705888397537948324,0.0005,200,1,16.2837,301.842,0.0539477,0.0766513,0.00361934,0.0472379,0.0443158,0.000177784,0.0171593
1705888397537948324,0.001,100,0.939597,62.7135,301.842,0.207769,0.179213,0.00361934,0.184404,0.0443158,0.000249549,0.0435012
1705888397537948324,0.002,50,0.751678,225.311,301.842,0.746455,0.409049,0.00361934,0.607912,0.0443158,7.80258e-05,0.108176
1705888397537948324,0.003,33.3333,0.52349,457.453,301.842,1.51554,0.77177,0.00361934,1.11546,0.0443158,0.000374983,0.18414
1705888397537948324,0.005,20,0.342282,976.901,301.842,3.23647,1.34584,0.00361934,2.20103,0.0443158,0.00056355,0.254381
1705888397537948324,0.01,10,0.201342,2757.74,301.842,9.13638,3.07812,0.00361934,4.99558,0.0443158,0.000641038,0.351846
1705888397537948324,0.02,5,0.127517,8018.25,301.842,26.5644,6.38092,0.00361934,10.6491,0.0443158,0.00106069,0.355866
1705888397537948324,0.03,3.33333,0.0872483,13705.5,301.842,45.4062,10.2581,0.00361934,16.3193,0.0443158,0.00178662,0.346386
1705888397537948324,0.04,2.5,0.0604027,19305,301.842,63.9573,14.1975,0.00361934,21.9951,0.0443158,0.00234971,0.341296
1705888397638577926,0.0005,200,1,12.9808,255.957,0.0507148,0.151655,0.00805112,0.0447781,0.0475867,3.38738e-05,0.00304226
1705888397638577926,0.001,100,0.934783,51.6606,255.957,0.201833,0.637343,0.00805112,0.176951,0.0475867,0.00014051,0.0126494
1705888397638577926,0.002,50,0.695652,181.814,255.957,0.71033,2.39581,0.00805112,0.598583,0.0475867,0.000513143,0.0453985
1705888397638577926,0.003,33.3333,0.478261,345.184,255.957,1.3486,4.22217,0.00805112,1.09861,0.0475867,0.000862635,0.0761658
1705888397638577926,0.005,20,0.326087,750.618,255.957,2.93259,8.46928,0.00805112,2.15883,0.0475867,0.00155126,0.136743
1705888397638577926,0.01,10,0.173913,1986.36,255.957,7.76053,19.4573,0.00805112,4.88901,0.0475867,0.0026951,0.239708
1705888397638577926,0.02,5,0.0942029,4654.8,255.957,18.1859,39.7729,0.00805112,10.4027,0.0475867,0.00383886,0.354177
1705888397638577926,0.03,3.33333,0.0652174,7717.15,255.957,30.1502,59.8557,0.00805112,15.9285,0.0475867,0.00445592,0.431433
1705888397638577926,0.04,2.5,0.057971,11256.4,255.957,43.9778,80.2709,0.00805112,21.4568,0.0475867,0.00482784,0.492474
1705888397738418021,0.0005,200,1,13.1844,271.679,0.0485295,0.114763,0.221707,0.0518059,0.0676564,5.65851e-06,0.000572215
1705888397738418021,0.001,100,0.945578,52.5717,271.679,0.193507,0.474115,0.221707,0.202571,0.0676564,2.35285e-05,0.00235203
1705888397738418021,0.002,50,0.693878,189.751,271.679,0.698439,1.59622,0.221707,0.67238,0.0676564,8.04559e-05,0.0078039
1705888397738418021,0.003,33.3333,0.47619,369.864,271.679,1.3614,2.55836,0.221707,1.2233,0.0676564,0.000127265,0.0124267
1705888397738418021,0.005,20,0.346939,836.168,271.679,3.07778,3.88198,0.221707,2.38378,0.0676564,0.000187107,0.0185717
1705888397738418021,0.01,10,0.204082,2531.95,271.679,9.31966,7.26383,0.221707,5.36294,0.0676564,0.000320995,0.0327649
1705888397738418021,0.02,5,0.0952381,7399.08,271.679,27.2347,14.3586,0.221707,11.3889,0.0676564,0.000527949,0.0583211
1705888397738418021,0.03,3.33333,0.0680272,13778.4,271.679,50.7159,21.1473,0.221707,17.4302,0.0676564,0.000668822,0.0806173
1705888397738418021,0.04,2.5,0.0544218,21302,271.679,78.4087,27.0086,0.221707,23.4749,0.0676564,0.000761664,0.100488
1705888397838258027,0.0005,200,1,14.7085,268.231,0.0548353,0.31218,0.000969964,0.0439473,0.0378857,0.00143326,0.0781012
1705888397838258027,0.001,100,0.934783,47.7111,268.231,0.177873,0.934442,0.000969964,0.166688,0.0378857,0.00360965,0.203064
1705888397838258027,0.002,50,0.768116,136.083,268.231,0.507333,2.02133,0.000969964,0.537915,0.0378857,0.005743,0.325614
1705888397838258027,0.003,33.3333,0.557971,253.358,268.231,0.944549,3.19873,0.000969964,0.996721,0.0378857,0.00700902,0.366898
1705888397838258027,0.005,20,0.318841,517.158,268.231,1.92803,5.58275,0.000969964,1.99313,0.0378857,0.00826021,0.408857
1705888397838258027,0.01,10,0.144928,1203.69,268.231,4.4875,11.5976,0.000969964,4.56885,0.0378857,0.00955888,0.474528
1705888397838258027,0.02,5,0.0869565,2604.52,268.231,9.70996,22.8944,0.000969964,9.77365,0.0378857,0.0104728,0.502863
1705888397838258027,0.03,3.33333,0.0652174,4098.42,268.231,15.2794,34.5188,0.000969964,14.9893,0.0378857,0.0111852,0.525083
1705888397838258027,0.04,2.5,0.0434783,5614.22,268.231,20.9305,46.0679,0.000969964,20.2088,0.0378857,0.0118127,0.531415
1705888397938098869,0.0005,200,1,8.07171,292.342,0.0276105,0.0847667,0.00415576,0.0378382,0.0581401,2.92429e-05,0.00316667
1705888397938098869,0.001,100,0.959459,32.2418,292.342,0.110288,0.357495,0.00415576,0.148566,0.0581401,0.000122222,0.013242
1705888397938098869,0.002,50,0.743243,123.612,292.342,0.422833,1.0185,0.00415576,0.510039,0.0581401,0.000334254,0.0366347
1705888397938098869,0.003,33.3333,0.608108,257.802,292.342,0.881852,1.70285,0.00415576,0.949575,0.0581401,0.000516033,0.0585294
1705888397938098869,0.005,20,0.378378,645.923,292.342,2.20948,2.90092,0.00415576,1.90833,0.0581401,0.000746363,0.0867229
1705888397938098869,0.01,10,0.189189,2106.15,292.342,7.2044,5.97498,0.00415576,4.42193,0.0581401,0.00109876,0.117861
1705888397938098869,0.02,5,0.0810811,5968.25,292.342,20.4153,10.858,0.00415576,9.52436,0.0581401,0.00131705,0.140087
1705888397938098869,0.03,3.33333,0.0540541,10823.8,292.342,37.0244,15.6213,0.00415576,14.64,0.0581401,0.00148242,0.157686
1705888397938098869,0.04,2.5,0.0405405,16825,292.342,57.5524,20.3135,0.00415576,19.7602,0.0581401,0.00161604,0.171661
1705888398037935032,0.0005,200,1,16.1825,286.695,0.0564448,0.065021,0.00394491,0.0470757,0.0435274,4.50865e-05,0.00362838
1705888398037935032,0.001,100,0.958904,63.3039,286.695,0.220806,0.189401,0.00394491,0.18514,0.0435274,0.000128408,0.0102817
1705888398037935032,0.002,50,0.691781,208.447,286.695,0.727068,0.798007,0.00394491,0.625569,0.0435274,0.000501672,0.0416098
1705888398037935032,0.003,33.3333,0.527397,397.924,286.695,1.38797,1.83634,0.00394491,1.14093,0.0435274,0.000975762,0.078708
1705888398037935032,0.005,20,0.376712,830.427,286.695,2.89655,3.17753,0.00394491,2.2357,0.0435274,0.00130804,0.102063
1705888398037935032,0.01,10,0.171233,2233.58,286.695,7.79079,5.9793,0.00394491,5.07737,0.0435274,0.00149299,0.111004
1705888398037935032,0.02,5,0.0479452,5586.22,286.695,19.4849,11.1202,0.00394491,10.8385,0.0435274,0.00164039,0.115435
1705888398037935032,0.03,3.33333,0.0342466,8678.45,286.695,30.2706,16.4354,0.00394491,16.613,0.0435274,0.00183523,0.125411
1705888398037935032,0.04,2.5,0.0273973,11740.4,286.695,40.9509,21.8834,0.00394491,22.3896,0.0435274,0.00199825,0.129498
1705888398138587934,0.0005,200,1,14.4389,270.699,0.0533392,0.066167,0.00198514,0.0592755,0.0571591,0.00106803,0.0412078
1705888398138587934,0.001,100,0.891892,57.2756,270.699,0.211584,0.309921,0.00198514,0.230396,0.0571591,0.00377009,0.150069
1705888398138587934,0.002,50,0.668919,217.922,270.699,0.805035,1.29996,0.00198514,0.733776,0.0571591,0.00882123,0.418222
1705888398138587934,0.003,33.3333,0.486486,432.724,270.699,1.59854,2.12193,0.00198514,1.31514,0.0571591,0.00878821,0.536203
1705888398138587934,0.005,20,0.337838,941.284,270.699,3.47723,3.83814,0.00198514,2.53842,0.0571591,0.00759274,0.590487
1705888398138587934,0.01,10,0.189189,2402.88,270.699,8.87657,8.42591,0.00198514,5.68961,0.0571591,0.00691926,0.652142
1705888398138587934,0.02,5,0.0405405,5728.38,270.699,21.1614,17.2694,0.00198514,12.0756,0.0571591,0.00648103,0.667432
1705888398138587934,0.03,3.33333,0.0202703,8998.21,270.699,33.2406,26.6486,0.00198514,18.4771,0.0571591,0.0066279,0.682373
1705888398138587934,0.04,2.5,0.0135135,12031.4,270.699,44.4455,35.578,0.00198514,24.8803,0.0571591,0.00689462,0.695094
1705888398238431555,0.0005,200,1,12.5773,249.5,0.0504099,0.0625604,0.00920081,0.0621884,0.0586986,1.85817e-05,0.00263166
1705888398238431555,0.001,100,0.889706,49.7482,249.5,0.199392,0.18148,0.00920081,0.242208,0.0586986,4.00598e-05,0.008064
1705888398238431555,0.002,50,0.654412,170.927,249.5,0.68508,0.518543,0.00920081,0.76538,0.0586986,7.20787e-05,0.0225774
1705888398238431555,0.003,33.3333,0.426471,312.947,249.5,1.2543,1.19755,0.00920081,1.36838,0.0586986,0.000350814,0.0428273
1705888398238431555,0.005,20,0.227941,585.005,249.5,2.34471,2.74964,0.00920081,2.6402,0.0586986,0.000792085,0.0842373
1705888398238431555,0.01,10,0.117647,1342.89,249.5,5.38234,6.90283,0.00920081,5.87725,0.0586986,0.00159776,0.164111
1705888398238431555,0.02,5,0.0661765,3093.37,249.5,12.3983,15.1957,0.00920081,12.3963,0.0586986,0.00239011,0.262578
1705888398238431555,0.03,3.33333,0.0294118,5070.73,249.5,20.3236,23.6557,0.00920081,18.9268,0.0586986,0.00282571,0.332613
1705888398238431555,0.04,2.5,0.0147059,7153.76,249.5,28.6724,32.6078,0.00920081,25.46,0.0586986,0.00314289,0.388811
1705888398338275495,0.0005,200,1,9.26675,205.94,0.0449974,0.0485897,2.5897e-06,0.0341899,0.0237425,0.0330388,2.27159
1705888398338275495,0.001,100,0.964286,36.6638,205.94,0.178032,0.21665,2.5897e-06,0.130635,0.0237425,0.0191452,1.89418
1705888398338275495,0.002,50,0.723214,129.47,205.94,0.62868,0.6305,2.5897e-06,0.442809,0.0237425,0.0131729,1.32929
1705888398338275495,0.003,33.3333,0.508929,243.602,205.94,1.18288,0.739163,2.5897e-06,0.825742,0.0237425,0.0128551,0.99519
1705888398338275495,0.005,20,0.285714,528.708,205.94,2.56729,0.800303,2.5897e-06,1.6509,0.0237425,0.0156455,0.638487
1705888398338275495,0.01,10,0.142857,1337.7,205.94,6.49561,1.95736,2.5897e-06,3.7807,0.0237425,0.0164831,0.457842
1705888398338275495,0.02,5,0.0625,3140.78,205.94,15.251,4.60525,2.5897e-06,8.08227,0.0237425,0.0211873,0.559127
1705888398338275495,0.03,3.33333,0.0357143,5085.92,205.94,24.6961,7.8156,2.5897e-06,12.3958,0.0237425,0.028435,0.804653
1705888398338275495,0.04,2.5,0.0178571,7071.93,205.94,34.3398,10.6816,2.5897e-06,16.7112,0.0237425,0.0354046,1.04889
1705888398438123871,0.0005,200,1,9.25387,231.23,0.0400203,0.0413951,0.000580042,0.0525537,0.0569098,0.00026743,0.0172611
1705888398438123871,0.001,100,0.913386,36.6801,231.23,0.158631,0.108017,0.000580042,0.203612,0.0569098,0.000608343,0.0428229
1705888398438123871,0.002,50,0.677165,135.895,231.23,0.587704,0.223569,0.000580042,0.654816,0.0569098,0.000828609,0.0724957
1705888398438123871,0.003,33.3333,0.448819,279.482,231.23,1.20868,0.667516,0.000580042,1.18349,0.0569098,0.00191435,0.104499
1705888398438123871,0.005,20,0.23622,580.669,231.23,2.51122,1.3497,0.000580042,2.30369,0.0569098,0.00237844,0.0978991
1705888398438123871,0.01,10,0.11811,1391.51,231.23,6.01786,4.20582,0.000580042,5.16433,0.0569098,0.00374196,0.162235
1705888398438123871,0.02,5,0.0787402,3056.64,231.23,13.219,9.45918,0.000580042,10.9185,0.0569098,0.00454907,0.187991
1705888398438123871,0.03,3.33333,0.0472441,4897.84,231.23,21.1817,15.137,0.000580042,16.682,0.0569098,0.00505586,0.183629
1705888398438123871,0.04,2.5,0.0393701,6848.05,231.23,29.6158,20.8872,0.000580042,22.4479,0.0569098,0.00548921,0.179398
1705888398537948403,0.0005,200,1,13.0464,208.351,0.0626177,0.142426,0.00674958,0.0410953,0.0454908,5.31263e-05,0.00550296
1705888398537948403,0.001,100,0.95,52.0908,208.351,0.250015,0.561926,0.00674958,0.164067,0.0454908,0.000204359,0.0211892
1705888398537948403,0.002,50,0.633333,195.555,208.351,0.938589,1.88132,0.00674958,0.569974,0.0454908,0.00062088,0.0653493
1705888398537948403,0.003,33.3333,0.433333,401.891,208.351,1.92892,3.57836,0.00674958,1.05036,0.0454908,0.0010482,0.111342
1705888398537948403,0.005,20,0.216667,944.615,208.351,4.53378,7.75363,0.00674958,2.07162,0.0454908,0.00180131,0.186442
1705888398537948403,0.01,10,0.0666667,2703.21,208.351,12.9743,18.8108,0.00674958,4.69371,0.0454908,0.00251533,0.26465
1705888398537948403,0.02,5,0.0416667,6481.53,208.351,31.1088,38.6546,0.00674958,9.96673,0.0454908,0.00272403,0.309252
1705888398537948403,0.03,3.33333,0.025,10632.3,208.351,51.0307,57.7555,0.00674958,15.2448,0.0454908,0.00265668,0.327666
1705888398537948403,0.04,2.5,0.025,15206.4,208.351,72.9845,76.4222,0.00674958,20.5244,0.0454908,0.00253855,0.339823
1705888398638591775,0.0005,200,1,16.7822,180.17,0.0931467,0.107949,0.00851654,0.0303314,0.0390239,9.17262e-06,0.000821877
1705888398638591775,0.001,100,0.962617,66.3195,180.17,0.368094,0.394768,0.00851654,0.117806,0.0390239,3.35296e-05,0.00298693
1705888398638591775,0.002,50,0.682243,248.292,180.17,1.3781,1.29271,0.00851654,0.406246,0.0390239,0.000108199,0.00958516
1705888398638591775,0.003,33.3333,0.551402,512.922,180.17,2.84688,2.52194,0.00851654,0.751343,0.0390239,0.000204882,0.0181495
1705888398638591775,0.005,20,0.383178,1275.6,180.17,7.07996,5.82286,0.00851654,1.49197,0.0390239,0.000436838,0.0386768
1705888398638591775,0.01,10,0.158879,3317.64,180.17,18.414,13.834,0.00851654,3.42979,0.0390239,0.000866711,0.0765912
1705888398638591775,0.02,5,0.0560748,8318.06,180.17,46.1679,31.2542,0.00851654,7.35672,0.0390239,0.00142101,0.125385
1705888398638591775,0.03,3.33333,0.0373832,12917.2,180.17,71.6944,47.9582,0.00851654,11.2922,0.0390239,0.00172987,0.153194
1705888398638591775,0.04,2.5,0.0373832,17336.3,180.17,96.2219,63.9194,0.00851654,15.2286,0.0390239,0.00195358,0.174164
1705888398738427569,0.0005,200,1,8.63501,169.752,0.0508684,0.0240189,0.007123,0.0307343,0.0404525,6.59499e-06,0.000740498
1705888398738427569,0.001,100,0.990196,34.5396,169.752,0.203471,0.0959375,0.007123,0.122937,0.0404525,2.61082e-05,0.0029434
1705888398738427569,0.002,50,0.617647,130.235,169.752,0.767206,0.23754,0.007123,0.436745,0.0404525,4.9853e-05,0.00748909
1705888398738427569,0.003,33.3333,0.54902,273.59,169.752,1.6117,0.307512,0.007123,0.797737,0.0404525,5.28367e-05,0.00966784
1705888398738427569,0.005,20,0.343137,680.934,169.752,4.01135,0.654637,0.007123,1.56432,0.0404525,9.66515e-05,0.0206969
1705888398738427569,0.01,10,0.186275,2133.29,169.752,12.5671,2.43766,0.007123,3.54186,0.0404525,0.00042617,0.0519977
1705888398738427569,0.02,5,0.107843,5666.18,169.752,33.3792,4.98846,0.007123,7.53577,0.0404525,0.000496887,0.073535
1705888398738427569,0.03,3.33333,0.0882353,10313,169.752,60.7531,8.17566,0.007123,11.5405,0.0404525,0.000518693,0.0819067
1705888398738427569,0.04,2.5,0.0686275,16060.7,169.752,94.6126,12.4937,0.007123,15.5487,0.0404525,0.000529172,0.082982
1705888398838271639,0.0005,200,1,12.4375,184.993,0.0672327,0.0693047,0.00114177,0.0348798,0.0526791,0.000820621,0.0451227
1705888398838271639,0.001,100,0.973684,49.737,184.993,0.26886,0.271963,0.00114177,0.139216,0.0526791,0.0023453,0.128468
1705888398838271639,0.002,50,0.675439,190.179,184.993,1.02803,0.924655,0.00114177,0.49339,0.0526791,0.00342112,0.20878
1705888398838271639,0.003,33.3333,0.45614,371.362,184.993,2.00744,1.79243,0.00114177,0.915621,0.0526791,0.0039756,0.263853
1705888398838271639,0.005,20,0.333333,828.604,184.993,4.47912,3.16352,0.00114177,1.80517,0.0526791,0.00355662,0.298714
1705888398838271639,0.01,10,0.131579,2411.85,184.993,13.0376,6.59968,0.00114177,4.10329,0.0526791,0.00187528,0.325263
1705888398838271639,0.02,5,0.0614035,5523.98,184.993,29.8606,12.9226,0.00114177,8.7434,0.0526791,0.00099996,0.382641
1705888398838271639,0.03,3.33333,0.0350877,8746.44,184.993,47.2799,17.7416,0.00114177,13.3919,0.0526791,0.00343189,0.433265
1705888398838271639,0.04,2.5,0.0263158,11715.8,184.993,63.3315,23.549,0.00114177,18.0435,0.0526791,0.00541431,0.496802
1705888398938113018,0.0005,200,1,12.8548,165.256,0.077787,0.150446,0.00872265,0.0285837,0.036653,0.000164472,0.0133239
1705888398938113018,0.001,100,0.959184,51.2433,165.256,0.310085,0.60755,0.00872265,0.114147,0.036653,0.000627463,0.0508029
1705888398938113018,0.002,50,0.673469,181.034,165.256,1.09548,1.96728,0.00872265,0.395563,0.036653,0.00167788,0.14041
1705888398938113018,0.003,33.3333,0.530612,354.364,165.256,2.14434,3.39773,0.00872265,0.724387,0.036653,0.00236156,0.199814
1705888398938113018,0.005,20,0.367347,820.755,165.256,4.96657,7.01433,0.00872265,1.42291,0.036653,0.00324019,0.277222
1705888398938113018,0.01,10,0.214286,2349.24,165.256,14.2158,17.232,0.00872265,3.2315,0.036653,0.00383033,0.32733
1705888398938113018,0.02,5,0.132653,5423.64,165.256,32.8197,35.6948,0.00872265,6.89092,0.036653,0.00399394,0.324729
1705888398938113018,0.03,3.33333,0.0816327,8968.84,165.256,54.2724,54.5955,0.00872265,10.5626,0.036653,0.00398994,0.306987
1705888398938113018,0.04,2.5,0.0816327,12679.8,165.256,76.7284,72.8213,0.00872265,14.2371,0.036653,0.0040052,0.291138
1705888399037953169,0.0005,200,1,12.7684,174.264,0.0732703,0.0476657,0.00608808,0.0318502,0.0423802,3.52154e-05,0.00375838
1705888399037953169,0.001,100,0.971698,51.067,174.264,0.293044,0.189709,0.00608808,0.125472,0.0423802,0.000134068,0.0145094
1705888399037953169,0.002,50,0.650943,188.979,174.264,1.08444,0.833318,0.00608808,0.431684,0.0423802,0.000591064,0.0531358
1705888399037953169,0.003,33.3333,0.537736,383.401,174.264,2.20012,1.73675,0.00608808,0.792073,0.0423802,0.00112386,0.093382
1705888399037953169,0.005,20,0.367925,848.154,174.264,4.86706,2.96798,0.00608808,1.55694,0.0423802,0.0014955,0.12153
1705888399037953169,0.01,10,0.198113,2408.57,174.264,13.8214,5.9167,0.00608808,3.53558,0.0423802,0.00172778,0.134883
1705888399037953169,0.02,5,0.0943396,6561.97,174.264,37.6553,11.7408,0.00608808,7.54772,0.0423802,0.00172455,0.129815
1705888399037953169,0.03,3.33333,0.0754717,12031,174.264,69.0389,17.8904,0.00608808,11.5689,0.0423802,0.00170154,0.124548
1705888399037953169,0.04,2.5,0.0660377,18438.6,174.264,105.808,23.0425,0.00608808,15.5922,0.0423802,0.00171046,0.120717
1705888399138610099,0.0005,200,1,16.0465,173.175,0.0926609,0.19963,0.0124406,0.0376889,0.0645319,0.000109774,0.00969997
1705888399138610099,0.001,100,0.952381,64.1618,173.175,0.370503,0.799356,0.0124406,0.148945,0.0645319,0.000421496,0.0372102
1705888399138610099,0.002,50,0.657143,166.264,173.175,0.960092,1.70061,0.0124406,0.505876,0.0645319,0.000841513,0.0731099
1705888399138610099,0.003,33.3333,0.428571,283.763,173.175,1.63859,2.37707,0.0124406,0.926,0.0645319,0.00109105,0.0955086
1705888399138610099,0.005,20,0.27619,551.902,173.175,3.18696,3.9348,0.0124406,1.80792,0.0645319,0.00155399,0.138941
1705888399138610099,0.01,10,0.161905,1362.42,173.175,7.86729,7.7567,0.0124406,4.0617,0.0645319,0.00216261,0.21039
1705888399138610099,0.02,5,0.0571429,3387.88,173.175,19.5634,13.8606,0.0124406,8.61229,0.0645319,0.00229229,0.275384
1705888399138610099,0.03,3.33333,0.0571429,5660.54,173.175,32.6869,19.9732,0.0124406,13.1678,0.0645319,0.00232144,0.316535
1705888399138610099,0.04,2.5,0.047619,7794.64,173.175,45.0103,26.4983,0.0124406,17.7241,0.0645319,0.00237953,0.348375
1705888399238461887,0.0005,200,1,30.2488,163.843,0.184621,0.258919,0.0087954,0.0388135,0.0637618,0.000100364,0.00829662
1705888399238461887,0.001,100,0.911765,120.195,163.843,0.7336,1.00907,0.0087954,0.154086,0.0637618,0.000372336,0.0308551
1705888399238461887,0.002,50,0.588235,403.028,163.843,2.45984,3.08548,0.0087954,0.516534,0.0637618,0.000968776,0.0830609
1705888399238461887,0.003,33.3333,0.441176,707.662,163.843,4.31914,5.47271,0.0087954,0.936553,0.0637618,0.00150563,0.130259
1705888399238461887,0.005,20,0.27451,1323.03,163.843,8.07497,9.76279,0.0087954,1.81618,0.0637618,0.00216856,0.1862
1705888399238461887,0.01,10,0.127451,2859,163.843,17.4496,19.6858,0.0087954,4.06824,0.0637618,0.00311118,0.253419
1705888399238461887,0.02,5,0.0980392,6202.75,163.843,37.8579,39.2433,0.0087954,8.60175,0.0637618,0.00421207,0.305075
1705888399238461887,0.03,3.33333,0.0686275,9531.58,163.843,58.175,59.3381,0.0087954,13.1439,0.0637618,0.00513706,0.330338
1705888399238461887,0.04,2.5,0.0490196,12975.6,163.843,79.1951,79.6354,0.0087954,17.6891,0.0637618,0.00601383,0.343453
1705888399338286834,0.0005,200,1,6.83265,166.239,0.0411014,0.0310578,0.00541534,0.0296135,0.0650895,0.000100327,0.00586196
1705888399338286834,0.001,100,0.957895,27.2188,166.239,0.163733,0.12173,0.00541534,0.11601,0.0650895,0.000392415,0.020719
1705888399338286834,0.002,50,0.705263,102.991,166.239,0.61954,0.335651,0.00541534,0.395069,0.0650895,0.00088982,0.0504258
1705888399338286834,0.003,33.3333,0.505263,208.121,166.239,1.25194,0.498388,0.00541534,0.734485,0.0650895,0.00105504,0.0664792
1705888399338286834,0.005,20,0.252632,452.385,166.239,2.72129,0.764686,0.00541534,1.4673,0.0650895,0.00130538,0.0858593
1705888399338286834,0.01,10,0.136842,1179.81,166.239,7.09708,1.38772,0.00541534,3.34566,0.0650895,0.00206238,0.105781
1705888399338286834,0.02,5,0.0842105,2984.82,166.239,17.955,3.66251,0.00541534,7.13269,0.0650895,0.00419244,0.0896176
1705888399338286834,0.03,3.33333,0.0526316,5318.81,166.239,31.995,7.49501,0.00541534,10.9287,0.0650895,0.0062698,0.0864966
1705888399338286834,0.04,2.5,0.0105263,7687.29,166.239,46.2425,10.0089,0.00541534,14.7291,0.0650895,0.00818999,0.0989051
1705888399438136855,0.0005,200,1,10.0236,180.969,0.0553885,0.0654785,0.0064719,0.030569,0.051362,6.57078e-06,0.000718326
1705888399438136855,0.001,100,0.957895,40.0292,180.969,0.221194,0.249803,0.0064719,0.121817,0.051362,2.49489e-05,0.00273345
1705888399438136855,0.002,50,0.663158,154.742,180.969,0.855076,0.54906,0.0064719,0.420495,0.051362,5.30772e-05,0.0059741
1705888399438136855,0.003,33.3333,0.515789,323.98,180.969,1.79025,0.94051,0.0064719,0.768462,0.051362,9.37397e-05,0.00992042
1705888399438136855,0.005,20,0.347368,787.468,180.969,4.35139,1.56327,0.0064719,1.50643,0.051362,0.000149913,0.0158348
1705888399438136855,0.01,10,0.136842,2621.61,180.969,14.4865,3.94539,0.0064719,3.42084,0.051362,0.000313589,0.0311802
1705888399438136855,0.02,5,0.0631579,6861.46,180.969,37.9151,8.14764,0.0064719,7.2819,0.051362,0.000457804,0.0484724
1705888399438136855,0.03,3.33333,0.0631579,12002.8,180.969,66.3249,12.0046,0.0064719,11.1475,0.051362,0.000514365,0.059387
1705888399438136855,0.04,2.5,0.0526316,18254.5,180.969,100.871,15.6184,0.0064719,15.0144,0.051362,0.00053432,0.067607
1705888399537960862,0.0005,200,1,16.6397,242.252,0.0686876,0.200558,0.0965025,0.043902,0.0484489,9.26036e-06,0.000932995
1705888399537960862,0.001,100,0.916667,66.3262,242.252,0.273791,0.800942,0.0965025,0.171541,0.0484489,3.65845e-05,0.00372191
1705888399537960862,0.002,50,0.7,246.868,242.252,1.01906,3.01231,0.0965025,0.555332,0.0484489,0.000135723,0.0138237
1705888399537960862,0.003,33.3333,0.525,473.465,242.252,1.95444,5.10201,0.0965025,1.00197,0.0484489,0.000226655,0.0230632
1705888399537960862,0.005,20,0.325,960.077,242.252,3.96314,9.14119,0.0965025,1.95072,0.0484489,0.000396478,0.0399075
1705888399537960862,0.01,10,0.175,2349.28,242.252,9.69769,19.1382,0.0965025,4.39368,0.0484489,0.000761515,0.0761496
1705888399537960862,0.02,5,0.1,5998.2,242.252,24.7602,41.0599,0.0965025,9.32635,0.0484489,0.00129487,0.131882
1705888399537960862,0.03,3.33333,0.075,10777.8,242.252,44.4902,64.841,0.0965025,14.2726,0.0484489,0.00158941,0.166006
1705888399537960862,0.04,2.5,0.0416667,16264.5,242.252,67.1389,88.8349,0.0965025,19.2224,0.0484489,0.00173084,0.186191
1705888399638619625,0.0005,200,1,25.5044,268.735,0.0949054,0.200954,0.0525052,0.0535743,0.0526457,1.82539e-05,0.00155951
1705888399638619625,0.001,100,0.887097,101.417,268.735,0.377386,0.757106,0.0525052,0.209843,0.0526457,6.76873e-05,0.00583316
1705888399638619625,0.002,50,0.596774,368.912,268.735,1.37277,2.32898,0.0525052,0.675877,0.0526457,0.000200456,0.0174066
1705888399638619625,0.003,33.3333,0.467742,718.717,268.735,2.67445,3.75586,0.0525052,1.20488,0.0526457,0.000311867,0.0269174
1705888399638619625,0.005,20,0.282258,1619.36,268.735,6.02588,6.53085,0.0525052,2.31503,0.0526457,0.000491607,0.0421807
1705888399638619625,0.01,10,0.137097,4986.38,268.735,18.555,12.6341,0.0525052,5.15893,0.0526457,0.000765389,0.0594696
1705888399638619625,0.02,5,0.0806452,16749.8,268.735,62.3285,25.3357,0.0525052,10.8901,0.0526457,0.00136525,0.0692299
1705888399638619625,0.03,3.33333,0.0564516,35118.1,268.735,130.68,36.1125,0.0525052,16.6307,0.0526457,0.00202991,0.071348
1705888399638619625,0.04,2.5,0.0483871,60088.4,268.735,223.598,45.2221,0.0525052,22.3748,0.0526457,0.00264546,0.0749319
1705888399738452979,0.0005,200,1,26.2917,399.975,0.0657334,0.172009,0.0430687,0.0777327,0.0349438,3.90423e-05,0.00392949
1705888399738452979,0.001,100,0.912088,103.877,399.975,0.259708,0.569754,0.0430687,0.307128,0.0349438,0.000124404,0.0128981
1705888399738452979,0.002,50,0.604396,338.641,399.975,0.846656,1.32529,0.0430687,1.00287,0.0349438,0.000274554,0.0283795
1705888399738452979,0.003,33.3333,0.428571,635.472,399.975,1.58878,2.3823,0.0430687,1.79288,0.0349438,0.000473648,0.0476344
1705888399738452979,0.005,20,0.263736,1327.81,399.975,3.31973,4.47762,0.0430687,3.4475,0.0349438,0.00077627,0.080827
1705888399738452979,0.01,10,0.159341,3288.63,399.975,8.22209,9.07715,0.0430687,7.66781,0.0349438,0.00122602,0.135082
1705888399738452979,0.02,5,0.0879121,7726.32,399.975,19.317,17.8749,0.0430687,16.1709,0.0349438,0.00182236,0.216636
1705888399738452979,0.03,3.33333,0.0549451,12663.6,399.975,31.6609,26.2602,0.0430687,24.6932,0.0349438,0.00228837,0.277743
1705888399738452979,0.04,2.5,0.0274725,17427.4,399.975,43.5712,35.5609,0.0430687,33.2209,0.0349438,0.00275314,0.325333
1705888399838290913,0.0005,200,1,28.032,476.91,0.0587783,0.320428,0.212266,0.0896142,0.0646088,5.24998e-06,0.000541073
1705888399838290913,0.001,100,0.898551,109.719,476.91,0.230061,1.04568,0.212266,0.347062,0.0646088,1.70055e-05,0.00176524
1705888399838290913,0.002,50,0.642512,397.321,476.91,0.833116,2.32183,0.212266,1.12014,0.0646088,3.65969e-05,0.00391663
1705888399838290913,0.003,33.3333,0.439614,786.114,476.91,1.64835,3.4049,0.212266,2.01132,0.0646088,5.34774e-05,0.00566678
1705888399838290913,0.005,20,0.256039,1647.11,476.91,3.45372,5.45491,0.212266,3.88329,0.0646088,8.46036e-05,0.00887115
1705888399838290913,0.01,10,0.130435,4313.02,476.91,9.04368,12.1605,0.212266,8.66743,0.0646088,0.000178929,0.0186267
1705888399838290913,0.02,5,0.0531401,9929.34,476.91,20.8202,27.125,0.212266,18.308,0.0646088,0.000351602,0.0370513
1705888399838290913,0.03,3.33333,0.0434783,15201.6,476.91,31.8753,40.7951,0.212266,27.9615,0.0646088,0.000480528,0.0506729
1705888399838290913,0.04,2.5,0.0386473,20564.4,476.91,43.12,54.4148,0.212266,37.6182,0.0646088,0.000588314,0.0620618
1705888399938134882,0.0005,200,1,27.6586,587.429,0.0470841,0.185726,0.133438,0.11755,0.0674315,6.66618e-06,0.000725741
1705888399938134882,0.001,100,0.920455,109.291,587.429,0.18605,0.700836,0.133438,0.462557,0.0674315,2.49567e-05,0.00273505
1705888399938134882,0.002,50,0.556818,370.679,587.429,0.631018,2.04605,0.133438,1.52916,0.0674315,7.36197e-05,0.00785027
1705888399938134882,0.003,33.3333,0.390152,683.097,587.429,1.16286,3.24551,0.133438,2.74018,0.0674315,0.000116868,0.0122343
1705888399938134882,0.005,20,0.231061,1423.79,587.429,2.42377,6.1914,0.133438,5.26776,0.0674315,0.000221764,0.0224525
1705888399938134882,0.01,10,0.106061,3741.33,587.429,6.36898,13.6211,0.133438,11.7163,0.0674315,0.000448033,0.0452675
1705888399938134882,0.02,5,0.0416667,9622.57,587.429,16.3808,25.3772,0.133438,24.6943,0.0674315,0.000670041,0.0708957
1705888399938134882,0.03,3.33333,0.0265152,15712,587.429,26.7471,38.441,0.133438,37.6886,0.0674315,0.000836056,0.0918176
1705888399938134882,0.04,2.5,0.0151515,22033.6,587.429,37.5086,52.4457,0.133438,50.6857,0.0674315,0.000949695,0.107048
1705888400037972552,0.0005,200,1,31.6227,634.146,0.0498666,0.212423,0.00321622,0.144843,0.0666018,0.00217968,0.243576
1705888400037972552,0.001,100,0.900344,125.392,634.146,0.197734,0.779784,0.00321622,0.570433,0.0666018,0.00521298,0.592652
1705888400037972552,0.002,50,0.491409,414.295,634.146,0.653311,2.01437,0.00321622,1.85801,0.0666018,0.00817504,0.951459
1705888400037972552,0.003,33.3333,0.371134,744.189,634.146,1.17353,3.35738,0.00321622,3.29149,0.0666018,0.00880086,1.03396
1705888400037972552,0.005,20,0.226804,1492.57,634.146,2.35367,6.2605,0.00321622,6.2546,0.0666018,0.00883045,1.03084
1705888400037972552,0.01,10,0.123711,3651.11,634.146,5.75752,13.9415,0.00321622,13.789,0.0666018,0.00815181,0.967132
1705888400037972552,0.02,5,0.0618557,8434.23,634.146,13.3001,29.2069,0.00321622,28.9512,0.0666018,0.00772871,0.908596
1705888400037972552,0.03,3.33333,0.0343643,13876.8,634.146,21.8826,45.5341,0.00321622,44.1346,0.0666018,0.00852736,0.908621
1705888400037972552,0.04,2.5,0.0206186,19251.5,634.146,30.3581,60.6995,0.00321622,59.3233,0.0666018,0.00942988,0.921385
1705888400138619674,0.0005,200,1,43.7474,684.415,0.0639193,0.171195,0.0442585,0.123055,0.0519273,8.86897e-06,0.00117752
1705888400138619674,0.001,100,0.942953,173.344,684.415,0.253274,0.580946,0.0442585,0.485459,0.0519273,2.61553e-05,0.00407086
1705888400138619674,0.002,50,0.580537,623.002,684.415,0.91027,1.7418,0.0442585,1.63441,0.0519273,7.01859e-05,0.0120164
1705888400138619674,0.003,33.3333,0.392617,1217.64,684.415,1.77909,3.26209,0.0442585,2.95644,0.0519273,0.000141471,0.0212865
1705888400138619674,0.005,20,0.211409,2661.22,684.415,3.88831,6.25341,0.0442585,5.72232,0.0519273,0.000257889,0.0371866
1705888400138619674,0.01,10,0.120805,6988.46,684.415,10.2108,12.7345,0.0442585,12.7643,0.0519273,0.000355398,0.0676079
1705888400138619674,0.02,5,0.0536913,17869.2,684.415,26.1088,26.915,0.0442585,26.9386,0.0519273,0.000431846,0.11762
1705888400138619674,0.03,3.33333,0.033557,30510.3,684.415,44.5787,41.0401,0.0442585,41.1321,0.0519273,0.000534988,0.155002
1705888400138619674,0.04,2.5,0.0268456,44174.8,684.415,64.5438,55.273,0.0442585,55.3289,0.0519273,0.00064283,0.183259
1705888400238453346,0.0005,200,1,47.4148,742.496,0.0638586,0.267994,0.0234141,0.149588,0.0558328,1.74524e-05,0.0017619
1705888400238453346,0.001,100,0.901235,187.324,742.496,0.25229,1.04466,0.0234141,0.584849,0.0558328,6.74577e-05,0.0067921
1705888400238453346,0.002,50,0.574074,679.416,742.496,0.915042,3.45558,0.0234141,1.8918,0.0558328,0.000212833,0.0215057
1705888400238453346,0.003,33.3333,0.419753,1370.68,742.496,1.84605,5.99508,0.0234141,3.37961,0.0558328,0.000339374,0.0352297
1705888400238453346,0.005,20,0.240741,3112.29,742.496,4.19166,11.2543,0.0234141,6.48711,0.0558328,0.000545667,0.0574536
1705888400238453346,0.01,10,0.0925926,8052.12,742.496,10.8447,21.3293,0.0234141,14.4243,0.0558328,0.000774219,0.0793073
1705888400238453346,0.02,5,0.0555556,19743.8,742.496,26.5911,42.5409,0.0234141,30.3841,0.0558328,0.000996244,0.0981201
1705888400238453346,0.03,3.33333,0.037037,32834,742.496,44.2211,65.2098,0.0234141,46.3597,0.0558328,0.00109588,0.105181
1705888400238453346,0.04,2.5,0.0339506,48053.3,742.496,64.7186,89.5785,0.0234141,62.3387,0.0558328,0.00114523,0.107419
1705888400338289934,0.0005,200,1,50.5704,776.727,0.065107,0.444299,0.074608,0.12466,0.0643234,1.87974e-05,0.00187557
1705888400338289934,0.001,100,0.934169,190.462,776.727,0.245211,1.15918,0.074608,0.488071,0.0643234,4.86308e-05,0.00483604
1705888400338289934,0.002,50,0.611285,665.853,776.727,0.857254,2.04421,0.074608,1.63552,0.0643234,8.23736e-05,0.00831311
1705888400338289934,0.003,33.3333,0.416928,1295.78,776.727,1.66826,3.17712,0.074608,2.97025,0.0643234,0.000124393,0.012487
1705888400338289934,0.005,20,0.250784,2813.59,776.727,3.62236,5.83878,0.074608,5.77034,0.0643234,0.000213669,0.0216373
1705888400338289934,0.01,10,0.141066,7474.43,776.727,9.62299,12.14,0.074608,12.9231,0.0643234,0.000378765,0.0386
1705888400338289934,0.02,5,0.0626959,17266.1,776.727,22.2293,25.8658,0.074608,27.3319,0.0643234,0.00061494,0.0631734
1705888400338289934,0.03,3.33333,0.0438871,27477.9,776.727,35.3765,40.3022,0.074608,41.7618,0.0643234,0.000772028,0.0802756
1705888400338289934,0.04,2.5,0.0407524,38352.8,776.727,49.3775,54.6259,0.074608,56.1966,0.0643234,0.000872389,0.0919708
1705888400438127417,0.0005,200,1,48.7535,716.696,0.0680253,0.173015,0.00800891,0.125188,0.0642241,0.000226694,0.0145173
1705888400438127417,0.001,100,0.919255,193.81,716.696,0.270422,0.608575,0.00800891,0.494021,0.0642241,0.00069264,0.0421677
1705888400438127417,0.002,50,0.621118,725.018,716.696,1.01161,1.28348,0.00800891,1.6419,0.0642241,0.00106572,0.0596156
1705888400438127417,0.003,33.3333,0.468944,1470.15,716.696,2.05129,2.02121,0.00800891,2.97001,0.0642241,0.00142032,0.098086
1705888400438127417,0.005,20,0.254658,3319.44,716.696,4.63158,4.18291,0.00800891,5.77963,0.0642241,0.00199663,0.161763
1705888400438127417,0.01,10,0.127329,9072.19,716.696,12.6584,9.37092,0.00800891,12.9789,0.0642241,0.00253488,0.176303
1705888400438127417,0.02,5,0.0496894,23945.1,716.696,33.4103,20.7642,0.00800891,27.4802,0.0642241,0.00358783,0.163143
1705888400438127417,0.03,3.33333,0.0372671,42602,716.696,59.4422,32.4258,0.00800891,41.9999,0.0642241,0.00481403,0.153797
1705888400438127417,0.04,2.5,0.0341615,65266.2,716.696,91.0655,44.2229,0.00800891,56.5225,0.0642241,0.00611383,0.149903
1705888400537970557,0.0005,200,1,53.0506,690.696,0.0768073,0.168735,0.0507305,0.105238,0.0524644,6.88624e-06,0.000681135
1705888400537970557,0.001,100,0.933121,210.031,690.696,0.304085,0.574015,0.0507305,0.40927,0.0524644,2.34415e-05,0.00229183
1705888400537970557,0.002,50,0.707006,798.777,690.696,1.15648,1.99909,0.0507305,1.35301,0.0524644,7.83543e-05,0.00778492
1705888400537970557,0.003,33.3333,0.503185,1590.69,690.696,2.30303,3.98331,0.0507305,2.47005,0.0524644,0.00015003,0.0148629
1705888400537970557,0.005,20,0.356688,3546.96,690.696,5.13534,7.90469,0.0507305,4.83959,0.0524644,0.000269966,0.0267787
1705888400537970557,0.01,10,0.197452,9496.35,690.696,13.7489,14.8534,0.0507305,10.9653,0.0524644,0.000391962,0.0402677
1705888400537970557,0.02,5,0.0796178,24028,690.696,34.7881,25.7367,0.0507305,23.3761,0.0524644,0.000445536,0.0471047
1705888400537970557,0.03,3.33333,0.0382166,39692.3,690.696,57.4671,38.2872,0.0507305,35.8205,0.0524644,0.000487733,0.0522547
1705888400537970557,0.04,2.5,0.0286624,55262,690.696,80.009,49.7256,0.0507305,48.2703,0.0524644,0.00050437,0.0553401
1705888400638594811,0.0005,200,1,44.8947,690.977,0.0649727,0.158322,0.035483,0.0923252,0.0627196,1.39364e-05,0.00128244
1705888400638594811,0.001,100,0.946372,177.244,690.977,0.256512,0.603897,0.035483,0.365235,0.0627196,5.05152e-05,0.0049476
1705888400638594811,0.002,50,0.741325,644.211,690.977,0.932319,1.94351,0.035483,1.24691,0.0627196,0.000153486,0.0153068
1705888400638594811,0.003,33.3333,0.533123,1286.54,690.977,1.86191,3.0467,0.035483,2.32083,0.0627196,0.000232295,0.0222239
1705888400638594811,0.005,20,0.299685,2695.3,690.977,3.90071,6.29743,0.035483,4.63985,0.0627196,0.000399848,0.0397474
1705888400638594811,0.01,10,0.157729,6899.26,690.977,9.98478,14.6719,0.035483,10.6165,0.0627196,0.000611998,0.0649831
1705888400638594811,0.02,5,0.0820189,18117.6,690.977,26.2203,28.9565,0.035483,22.6894,0.0627196,0.00057876,0.0710081
1705888400638594811,0.03,3.33333,0.0567823,30330.6,690.977,43.8952,47.1464,0.035483,34.7921,0.0627196,0.000579245,0.081005
1705888400638594811,0.04,2.5,0.0410095,42375.9,690.977,61.3276,63.6841,0.035483,46.9024,0.0627196,0.000566134,0.0858789
1705888400738429212,0.0005,200,1,49.5693,728.867,0.0680087,0.156235,0.0280138,0.0995968,0.0621683,1.32976e-06,0.000145498
1705888400738429212,0.001,100,0.956923,197.55,728.867,0.271037,0.595155,0.0280138,0.393496,0.0621683,5.01603e-06,0.000554946
1705888400738429212,0.002,50,0.701538,708.747,728.867,0.972396,1.17149,0.0280138,1.34987,0.0621683,6.89795e-06,0.00116495
1705888400738429212,0.003,33.3333,0.501538,1425.59,728.867,1.9559,1.80182,0.0280138,2.4996,0.0621683,1.35193e-05,0.00171208
1705888400738429212,0.005,20,0.307692,3184.22,728.867,4.36872,3.52045,0.0280138,4.9684,0.0621683,2.98414e-05,0.00313053
1705888400738429212,0.01,10,0.138462,8535.14,728.867,11.7101,9.17325,0.0280138,11.3471,0.0621683,7.36091e-05,0.00759002
1705888400738429212,0.02,5,0.0615385,22153.5,728.867,30.3945,17.6073,0.0280138,24.2119,0.0621683,0.000122829,0.0129127
1705888400738429212,0.03,3.33333,0.0492308,40240,728.867,55.209,25.2704,0.0280138,37.093,0.0621683,0.00015399,0.0164632
1705888400738429212,0.04,2.5,0.0461538,62006.4,728.867,85.0723,34.0797,0.0280138,49.978,0.0621683,0.000186078,0.020117
1705888400838278869,0.0005,200,1,37.9553,727.149,0.0521974,0.108199,0.0191621,0.090118,0.0559476,1.08689e-05,0.00183708
1705888400838278869,0.001,100,0.95625,151.146,727.149,0.207862,0.398941,0.0191621,0.355778,0.0559476,3.79903e-05,0.00663552
1705888400838278869,0.002,50,0.721875,560.045,727.149,0.770194,1.37903,0.0191621,1.21713,0.0559476,0.000143329,0.0201139
1705888400838278869,0.003,33.3333,0.55,1134.65,727.149,1.56041,2.92373,0.0191621,2.24651,0.0559476,0.000291465,0.0369356
1705888400838278869,0.005,20,0.3875,2527.31,727.149,3.47565,5.68409,0.0191621,4.44909,0.0559476,0.000504493,0.0566701
1705888400838278869,0.01,10,0.209375,7009.33,727.149,9.63948,12.1587,0.0191621,10.1634,0.0559476,0.00078784,0.0842545
1705888400838278869,0.02,5,0.11875,18090.3,727.149,24.8784,24.5289,0.0191621,21.7452,0.0559476,0.000992235,0.105845
1705888400838278869,0.03,3.33333,0.08125,32143.1,727.149,44.2044,36.8038,0.0191621,33.3599,0.0559476,0.00105661,0.109217
1705888400838278869,0.04,2.5,0.0625,48414.1,727.149,66.5808,50.0165,0.0191621,44.9824,0.0559476,0.00107471,0.105871
1705888400938115552,0.0005,200,1,36.2805,834.961,0.0434517,0.221479,0.0167995,0.0959495,0.0543279,3.01736e-05,0.00360328
1705888400938115552,0.001,100,0.954802,144.215,834.961,0.172721,0.867392,0.0167995,0.382371,0.0543279,0.000115348,0.0138472
1705888400938115552,0.002,50,0.725989,540.25,834.961,0.647037,2.83049,0.0167995,1.32733,0.0543279,0.000367949,0.0418288
1705888400938115552,0.003,33.3333,0.553672,1110.14,834.961,1.32957,4.78448,0.0167995,2.46752,0.0543279,0.000566477,0.06599
1705888400938115552,0.005,20,0.367232,2525.9,834.961,3.02517,7.89978,0.0167995,4.92389,0.0543279,0.000780461,0.0935294
1705888400938115552,0.01,10,0.166667,6694.05,834.961,8.0172,16.7508,0.0167995,11.3204,0.0543279,0.00111209,0.150026
1705888400938115552,0.02,5,0.0847458,15393.8,834.961,18.4365,32.8418,0.0167995,24.2756,0.0543279,0.0013995,0.216953
1705888400938115552,0.03,3.33333,0.039548,24550.7,834.961,29.4035,48.8551,0.0167995,37.2682,0.0543279,0.00155872,0.260218
1705888400938115552,0.04,2.5,0.0225989,33862,834.961,40.5552,65.3673,0.0167995,50.269,0.0543279,0.00166154,0.285263
1705888401037971216,0.0005,200,1,45.5036,843.34,0.0539565,0.232723,0.0570004,0.113608,0.0569139,2.49799e-05,0.00221527
1705888401037971216,0.001,100,0.944444,181.133,843.34,0.214781,0.898466,0.0570004,0.451313,0.0569139,9.48315e-05,0.00845412
1705888401037971216,0.002,50,0.666667,663.483,843.34,0.786733,2.15759,0.0570004,1.55278,0.0569139,0.000205678,0.0202948
1705888401037971216,0.003,33.3333,0.491667,1318.89,843.34,1.56389,3.41715,0.0570004,2.86118,0.0569139,0.000289871,0.0320576
1705888401037971216,0.005,20,0.291667,2970.63,843.34,3.52245,6.75088,0.0570004,5.65014,0.0569139,0.000496069,0.0602336
1705888401037971216,0.01,10,0.147222,8382.18,843.34,9.93926,16.4883,0.0570004,12.8299,0.0569139,0.000980642,0.122322
1705888401037971216,0.02,5,0.0861111,22386.9,843.34,26.5456,36.1817,0.0570004,27.3043,0.0569139,0.00151342,0.196004
1705888401037971216,0.03,3.33333,0.075,39898.1,843.34,47.3096,56.0603,0.0570004,41.8043,0.0569139,0.00176154,0.232361
1705888401037971216,0.04,2.5,0.0555556,59046.5,843.34,70.0151,74.9194,0.0570004,56.3137,0.0569139,0.00186047,0.252599
1705888401138598577,0.0005,200,1,49.8034,854.522,0.0582822,0.14125,0.152985,0.110786,0.0540219,1.6643e-06,0.000178761
1705888401138598577,0.001,100,0.96206,196.615,854.522,0.230088,0.584904,0.152985,0.440077,0.0540219,6.52436e-06,0.000749902
1705888401138598577,0.002,50,0.680217,730.971,854.522,0.855415,2.25071,0.152985,1.53023,0.0540219,2.24046e-05,0.00292647
1705888401138598577,0.003,33.3333,0.517615,1532.76,854.522,1.79371,3.92598,0.152985,2.83792,0.0540219,3.50102e-05,0.00511439
1705888401138598577,0.005,20,0.281843,3567.31,854.522,4.17463,8.0609,0.152985,5.64313,0.0540219,6.72883e-05,0.0101387
1705888401138598577,0.01,10,0.138211,10053.3,854.522,11.7648,18.5921,0.152985,12.8749,0.0540219,0.000140521,0.0208666
1705888401138598577,0.02,5,0.0731707,22919.3,854.522,26.8211,39.4894,0.152985,27.4633,0.0540219,0.000235879,0.0367615
1705888401138598577,0.03,3.33333,0.0514905,37135.5,854.522,43.4576,61.5808,0.152985,42.0743,0.0540219,0.000300257,0.0484711
1705888401138598577,0.04,2.5,0.0433604,52618,854.522,61.5759,83.7934,0.152985,56.6904,0.0540219,0.000334991,0.0568256
1705888401238440525,0.0005,200,1,41.5865,845.547,0.049183,0.102606,0.0061336,0.120494,0.0611587,5.89922e-05,0.012485
1705888401238440525,0.001,100,0.961749,165.699,845.547,0.195966,0.378813,0.0061336,0.476448,0.0611587,0.000259494,0.0416133
1705888401238440525,0.002,50,0.663934,608.249,845.547,0.719356,1.26616,0.0061336,1.63463,0.0611587,0.00110673,0.0894575
1705888401238440525,0.003,33.3333,0.469945,1220.85,845.547,1.44386,2.51821,0.0061336,3.00193,0.0611587,0.00172067,0.137276
1705888401238440525,0.005,20,0.308743,2726.94,845.547,3.22506,5.00731,0.0061336,5.8927,0.0611587,0.00248403,0.185914
1705888401238440525,0.01,10,0.153005,7398.37,845.547,8.7498,11.6043,0.0061336,13.329,0.0611587,0.00283711,0.203751
1705888401238440525,0.02,5,0.0819672,17669.8,845.547,20.8975,25.3209,0.0061336,28.3363,0.0611587,0.00315233,0.219885
1705888401238440525,0.03,3.33333,0.057377,29297.2,845.547,34.6488,38.7604,0.0061336,43.3748,0.0611587,0.00336923,0.211633
1705888401238440525,0.04,2.5,0.0437158,41520.2,845.547,49.1045,52.0339,0.0061336,58.4217,0.0611587,0.00357886,0.201416
1705888401338271838,0.0005,200,1,47.8571,882.301,0.0542413,0.233583,0.0223284,0.135137,0.063344,1.46357e-05,0.00131333
1705888401338271838,0.001,100,0.931398,190.289,882.301,0.215674,0.775678,0.0223284,0.530529,0.063344,4.81308e-05,0.0043434
1705888401338271838,0.002,50,0.675462,686.713,882.301,0.778321,2.35413,0.0223284,1.76674,0.063344,0.000133347,0.01315
1705888401338271838,0.003,33.3333,0.472296,1386.98,882.301,1.572,4.01883,0.0223284,3.2238,0.063344,0.000211615,0.0219689
1705888401338271838,0.005,20,0.298153,3196.89,882.301,3.62335,7.38,0.0223284,6.31494,0.063344,0.000327175,0.0380732
1705888401338271838,0.01,10,0.131926,8460.46,882.301,9.58909,15.6144,0.0223284,14.2586,0.063344,0.000474405,0.0700637
1705888401338271838,0.02,5,0.0791557,21287.6,882.301,24.1274,35.5213,0.0223284,30.2625,0.063344,0.000696679,0.115746
1705888401338271838,0.03,3.33333,0.0633245,37195.5,882.301,42.1574,57.3141,0.0223284,46.295,0.063344,0.000854657,0.144232
1705888401338271838,0.04,2.5,0.0448549,54160.1,882.301,61.3851,78.364,0.0223284,62.3385,0.063344,0.00100547,0.163719
1705888401438103438,0.0005,200,1,45.4276,944.176,0.0481134,0.35455,0.083704,0.138631,0.0755598,4.34802e-06,0.000477943
1705888401438103438,0.001,100,0.95098,178.627,944.176,0.189188,1.52099,0.083704,0.543712,0.0755598,1.90244e-05,0.00203116
1705888401438103438,0.002,50,0.669118,608.382,944.176,0.644352,4.83905,0.083704,1.83885,0.0755598,5.98198e-05,0.00640257
1705888401438103438,0.003,33.3333,0.460784,1180.92,944.176,1.25074,8.34213,0.083704,3.37524,0.0755598,0.000101233,0.0109093
1705888401438103438,0.005,20,0.321078,2595.15,944.176,2.74858,14.0316,0.083704,6.62621,0.0755598,0.000163336,0.0178151
1705888401438103438,0.01,10,0.144608,6831.23,944.176,7.23513,29.4725,0.083704,15.0131,0.0755598,0.000312739,0.0342677
1705888401438103438,0.02,5,0.0514706,15575.9,944.176,16.4968,59.0261,0.083704,31.9587,0.0755598,0.000537299,0.0586059
1705888401438103438,0.03,3.33333,0.0367647,24846.2,944.176,26.3152,88.2369,0.083704,48.9297,0.0755598,0.000694084,0.0760008
1705888401438103438,0.04,2.5,0.0245098,34683.3,944.176,36.7339,116.49,0.083704,65.9076,0.0755598,0.000801673,0.0878625
1705888401537935200,0.0005,200,1,53.8214,1086.47,0.0495376,0.154632,0.0186982,0.134795,0.0805219,2.5009e-05,0.00385521
1705888401537935200,0.001,100,0.952278,213.464,1086.47,0.196474,0.545849,0.0186982,0.530701,0.0805219,8.88107e-05,0.012933
1705888401537935200,0.002,50,0.722343,785.796,1086.47,0.723253,1.73462,0.0186982,1.80832,0.0805219,0.000263519,0.0365395
1705888401537935200,0.003,33.3333,0.54013,1577.99,1086.47,1.45239,3.03587,0.0186982,3.35483,0.0805219,0.000348245,0.0617728
1705888401537935200,0.005,20,0.340564,3547.05,1086.47,3.26473,4.83219,0.0186982,6.6741,0.0805219,0.000408219,0.0908906
1705888401537935200,0.01,10,0.169197,10318.1,1086.47,9.49682,7.87406,0.0186982,15.2636,0.0805219,0.000601621,0.127027
1705888401537935200,0.02,5,0.0824295,28507.7,1086.47,26.2388,17.1529,0.0186982,32.6424,0.0805219,0.0010294,0.174558
1705888401537935200,0.03,3.33333,0.0498915,51517,1086.47,47.4167,29.7872,0.0186982,50.0666,0.0805219,0.00133651,0.210412
1705888401537935200,0.04,2.5,0.0368764,74548.2,1086.47,68.6147,42.3251,0.0186982,67.5006,0.0805219,0.0015606,0.231869
1705888401638579085,0.0005,200,1,112.544,1410.99,0.0797629,0.11546,0.213426,0.166076,0.381008,8.41144e-07,8.92232e-05
1705888401638579085,0.001,100,0.954955,444.853,1410.99,0.315278,0.359148,0.213426,0.650593,0.381008,2.71389e-06,0.000272432
1705888401638579085,0.002,50,0.727928,1649.33,1410.99,1.16892,1.44671,0.213426,2.20278,0.381008,1.02184e-05,0.00110464
1705888401638579085,0.003,33.3333,0.536937,3496.2,1410.99,2.47784,2.81663,0.213426,4.06511,0.381008,1.8604e-05,0.00214082
1705888401638579085,0.005,20,0.351351,8917.33,1410.99,6.31992,4.83073,0.213426,8.05542,0.381008,2.61141e-05,0.00367419
1705888401638579085,0.01,10,0.189189,31797.6,1410.99,22.5358,8.6082,0.213426,18.3981,0.381008,3.27594e-05,0.00657478
1705888401638579085,0.02,5,0.0828829,81461.4,1410.99,57.7336,18.3866,0.213426,39.3345,0.381008,6.32106e-05,0.0106965
1705888401638579085,0.03,3.33333,0.0522523,127509,1410.99,90.3686,29.9354,0.213426,60.3283,0.381008,8.93572e-05,0.0148933
1705888401638579085,0.04,2.5,0.0396396,176824,1410.99,125.319,42.7424,0.213426,81.3348,0.381008,0.000112386,0.0182553
1705888401738421891,0.0005,200,0.998308,75.1903,1512.31,0.0497187,0.119247,0.353998,0.197635,0.401843,6.10923e-07,6.78194e-05
1705888401738421891,0.001,100,0.935702,298.473,1512.31,0.197362,0.519949,0.353998,0.760744,0.401843,2.67605e-06,0.00029464
1705888401738421891,0.002,50,0.695431,1077.88,1512.31,0.712733,0.866372,0.353998,2.5044,0.401843,4.85346e-06,0.000477177
1705888401738421891,0.003,33.3333,0.538071,2121.02,1512.31,1.4025,1.62251,0.353998,4.55077,0.401843,8.85584e-06,0.000895757
1705888401738421891,0.005,20,0.389171,4899.21,1512.31,3.23954,3.01254,0.353998,8.89494,0.401843,1.44449e-05,0.00171071
1705888401738421891,0.01,10,0.184433,13801.6,1512.31,9.12612,7.25341,0.353998,20.1755,0.401843,3.87634e-05,0.00381988
1705888401738421891,0.02,5,0.0896785,35755,1512.31,23.6426,16.5909,0.353998,43.0227,0.401843,8.59903e-05,0.0073367
1705888401738421891,0.03,3.33333,0.0676819,58697.3,1512.31,38.8129,23.5373,0.353998,65.9257,0.401843,0.000114104,0.00931009
1705888401738421891,0.04,2.5,0.0575296,82591.9,1512.31,54.6129,32.9632,0.353998,88.8423,0.401843,0.000147605,0.0117241
1705888401838263885,0.0005,200,0.996855,163.282,1632.71,0.100007,0.355605,0.502549,0.219836,0.396284,8.81701e-07,8.35094e-05
1705888401838263885,0.001,100,0.941824,636.485,1632.71,0.389834,1.40263,0.502549,0.845066,0.396284,3.02436e-06,0.000343472
1705888401838263885,0.002,50,0.680818,2311.88,1632.71,1.41598,4.72317,0.502549,2.79943,0.396284,8.95382e-06,0.0011873
1705888401838263885,0.003,33.3333,0.507862,4282.94,1632.71,2.62321,8.74994,0.502549,5.10405,0.396284,1.65342e-05,0.00219058
1705888401838263885,0.005,20,0.320755,8536.16,1632.71,5.22821,16.6509,0.502549,10.0131,0.396284,3.11111e-05,0.00412609
1705888401838263885,0.01,10,0.168239,20510,1632.71,12.5619,36.8905,0.502549,22.6777,0.396284,6.77772e-05,0.0088636
1705888401838263885,0.02,5,0.0801887,47083.8,1632.71,28.8378,73.9016,0.502549,48.2788,0.396284,0.000129875,0.0167554
1705888401838263885,0.03,3.33333,0.0487421,73374.8,1632.71,44.9405,113.295,0.502549,73.9449,0.396284,0.000190347,0.0243213
1705888401838263885,0.04,2.5,0.0393082,100750,1632.71,61.7072,152.441,0.502549,99.6241,0.396284,0.000246763,0.0309809
1705888401938101405,0.0005,200,0.998494,187.928,1726.04,0.108878,0.692602,0.505584,0.211063,0.326597,3.05078e-06,0.000386318
1705888401938101405,0.001,100,0.948795,713.609,1726.04,0.413438,2.42455,0.505584,0.819267,0.326597,1.06589e-05,0.00134918
1705888401938101405,0.002,50,0.694277,2255.44,1726.04,1.30672,4.81123,0.505584,2.73786,0.326597,2.0498e-05,0.00268107
1705888401938101405,0.003,33.3333,0.545181,3941.4,1726.04,2.2835,6.54925,0.505584,4.99988,0.326597,2.75216e-05,0.00362994
1705888401938101405,0.005,20,0.364458,7871.47,1726.04,4.56043,9.27652,0.505584,9.82607,0.326597,3.78492e-05,0.00506779
1705888401938101405,0.01,10,0.203313,19131.5,1726.04,11.084,18.2834,0.505584,22.3136,0.326597,7.00067e-05,0.00960025
1705888401938101405,0.02,5,0.120482,46807.4,1726.04,27.1184,39.3327,0.505584,47.5696,0.326597,0.000127452,0.0188997
1705888401938101405,0.03,3.33333,0.0753012,78100.1,1726.04,45.2482,61.6384,0.505584,72.9103,0.326597,0.00017481,0.0270557
1705888401938101405,0.04,2.5,0.0527108,111261,1726.04,64.4606,83.5098,0.505584,98.2714,0.326597,0.000209663,0.0336849
1705888402037940895,0.0005,200,1,134.555,1836.05,0.0732851,0.246989,0.176071,0.206083,0.355316,1.17815e-05,0.00104249
1705888402037940895,0.001,100,0.951825,531.548,1836.05,0.289507,0.77887,0.176071,0.806738,0.355316,3.10219e-05,0.00342399
1705888402037940895,0.002,50,0.718248,1891.62,1836.05,1.03027,2.8031,0.176071,2.71939,0.355316,0.000103459,0.0111837
1705888402037940895,0.003,33.3333,0.545985,3591.62,1836.05,1.95617,3.99422,0.176071,4.9961,0.355316,0.000146831,0.014123
1705888402037940895,0.005,20,0.369343,7635.29,1836.05,4.15855,5.77014,0.176071,9.86266,0.355316,0.000213392,0.0160376
1705888402037940895,0.01,10,0.19562,19385.6,1836.05,10.5584,10.5594,0.176071,22.4726,0.355316,0.00040601,0.0208417
1705888402037940895,0.02,5,0.0978102,47665.9,1836.05,25.9612,22.7287,0.176071,48.0308,0.355316,0.000612398,0.0367734
1705888402037940895,0.03,3.33333,0.0671533,77084.6,1836.05,41.984,36.2791,0.176071,73.6652,0.355316,0.000753869,0.043432
1705888402037940895,0.04,2.5,0.0510949,108547,1836.05,59.1197,47.5588,0.176071,99.3205,0.355316,0.000886571,0.0463083
1705888402138577946,0.0005,200,0.996997,129.413,1712,0.0755917,0.440378,1.04395,0.206946,0.35931,3.27999e-06,0.000584529
1705888402138577946,0.001,100,0.947447,512.118,1712,0.299135,1.69387,1.04395,0.794437,0.35931,1.38288e-05,0.00221114
1705888402138577946,0.002,50,0.714715,1848.01,1712,1.07944,4.59694,1.04395,2.64481,0.35931,4.24793e-05,0.00574352
1705888402138577946,0.003,33.3333,0.56006,3649.43,1712,2.13168,6.61345,1.04395,4.84287,0.35931,5.77596e-05,0.00807684
1705888402138577946,0.005,20,0.373874,7667.57,1712,4.47873,12.2571,1.04395,9.56468,0.35931,9.63242e-05,0.01417
1705888402138577946,0.01,10,0.174174,18771.8,1712,10.9649,31.7557,1.04395,21.8651,0.35931,0.000218955,0.0311255
1705888402138577946,0.02,5,0.0870871,44158,1712,25.7932,68.5692,1.04395,46.7813,0.35931,0.000395277,0.0508268
1705888402138577946,0.03,3.33333,0.0570571,72515.1,1712,42.357,104.354,1.04395,71.7558,0.35931,0.000526548,0.0626733
1705888402138577946,0.04,2.5,0.0435435,102814,1712,60.0552,138.075,1.04395,96.7469,0.35931,0.000635039,0.0706744
1705888402238416881,0.0005,200,1,216.384,1605.89,0.134744,1.33359,0.187152,0.177362,0.428164,1.62434e-05,0.00236548
1705888402238416881,0.001,100,0.961538,832.926,1605.89,0.518668,4.51586,0.187152,0.696918,0.428164,5.3241e-05,0.00789479
1705888402238416881,0.002,50,0.746154,2720.8,1605.89,1.69426,10.3503,0.187152,2.38611,0.428164,0.000108788,0.0174786
1705888402238416881,0.003,33.3333,0.587692,5436.67,1605.89,3.38545,15.6926,0.187152,4.41424,0.428164,0.000147248,0.0252971
1705888402238416881,0.005,20,0.372308,12928,1605.89,8.05033,26.9294,0.187152,8.80842,0.428164,0.000209053,0.0384403
1705888402238416881,0.01,10,0.195385,35845.1,1605.89,22.321,50.8907,0.187152,20.2503,0.428164,0.000311663,0.0585957
1705888402238416881,0.02,5,0.0938462,91836.7,1605.89,57.1873,94.2913,0.187152,43.4461,0.428164,0.000462771,0.0856885
1705888402238416881,0.03,3.33333,0.0661538,161685,1605.89,100.682,134.356,0.187152,66.7119,0.428164,0.000573833,0.104455
1705888402238416881,0.04,2.5,0.0446154,232784,1605.89,144.956,174.762,0.187152,89.997,0.428164,0.000642906,0.11887
1705888402338261475,0.0005,200,0.998415,129.115,1577.69,0.0818377,0.422038,0.446275,0.179635,0.307201,3.31202e-06,0.000283218
1705888402338261475,0.001,100,0.957211,494.456,1577.69,0.313405,1.31847,0.446275,0.704793,0.307201,1.06601e-05,0.000867283
1705888402338261475,0.002,50,0.725832,1704.35,1577.69,1.08028,3.1309,0.446275,2.41983,0.307201,2.39245e-05,0.00209222
1705888402338261475,0.003,33.3333,0.546751,3302.57,1577.69,2.09329,5.051,0.446275,4.4817,0.307201,3.41405e-05,0.00349165
1705888402338261475,0.005,20,0.351823,7365.63,1577.69,4.66862,8.55092,0.446275,8.89535,0.307201,5.41166e-05,0.00588414
1705888402338261475,0.01,10,0.202853,19239.6,1577.69,12.1948,14.671,0.446275,20.326,0.307201,0.000109823,0.00896344
1705888402338261475,0.02,5,0.0998415,48120.1,1577.69,30.5004,29.7104,0.446275,43.4787,0.307201,0.000224431,0.014919
1705888402338261475,0.03,3.33333,0.0744849,83268.9,1577.69,52.779,42.8159,0.446275,66.6977,0.307201,0.000322236,0.0184983
1705888402338261475,0.04,2.5,0.0618067,124712,1577.69,79.047,58.1016,0.446275,89.9311,0.307201,0.000405403,0.0219359
1705888402438091341,0.0005,200,1,87.875,1365.84,0.0643377,0.60595,2.45058,0.14924,0.210772,8.01806e-07,0.000139456
1705888402438091341,0.001,100,0.961739,342.859,1365.84,0.251024,1.92876,2.45058,0.591936,0.210772,2.42073e-06,0.00044615
1705888402438091341,0.002,50,0.733913,1196.71,1365.84,0.876169,4.66612,2.45058,2.07031,0.210772,5.52539e-06,0.00108328
1705888402438091341,0.003,33.3333,0.563478,2242.69,1365.84,1.64198,7.24324,2.45058,3.878,0.210772,8.52138e-06,0.00167891
1705888402438091341,0.005,20,0.344348,4839.36,1365.84,3.54314,12.0137,2.45058,7.79034,0.210772,1.3441e-05,0.00278095
1705888402438091341,0.01,10,0.177391,12639.3,1365.84,9.25383,24.0308,2.45058,17.9543,0.210772,2.53431e-05,0.00548784
1705888402438091341,0.02,5,0.0765217,29968.8,1365.84,21.9417,45.4154,2.45058,38.5485,0.210772,4.10921e-05,0.0100971
1705888402438091341,0.03,3.33333,0.0591304,47761.2,1365.84,34.9684,66.5611,2.45058,59.2003,0.210772,5.67755e-05,0.014339
1705888402438091341,0.04,2.5,0.0313043,66519.9,1365.84,48.7026,88.1008,2.45058,79.869,0.210772,7.19641e-05,0.0183586
1705888402537929838,0.0005,200,1,70.8914,1221.35,0.0580434,0.0716051,0.016694,0.134902,0.189382,1.06028e-05,0.00108244
1705888402537929838,0.001,100,0.955513,281.678,1221.35,0.230628,0.338488,0.016694,0.530674,0.189382,4.81654e-05,0.00487867
1705888402537929838,0.002,50,0.756286,999.252,1221.35,0.818153,1.31395,0.016694,1.80721,0.189382,0.000159434,0.0166165
1705888402537929838,0.003,33.3333,0.591876,2020.59,1221.35,1.65439,3.08923,0.016694,3.36347,0.189382,0.000286989,0.0331724
1705888402537929838,0.005,20,0.37911,4760.73,1221.35,3.89792,7.32828,0.016694,6.74251,0.189382,0.000457786,0.054508
1705888402537929838,0.01,10,0.210832,14378.5,1221.35,11.7726,20.091,0.016694,15.5453,0.189382,0.000532116,0.0749278
1705888402537929838,0.02,5,0.102515,40310.7,1221.35,33.005,48.46,0.016694,33.4096,0.189382,0.000643983,0.0805636
1705888402537929838,0.03,3.33333,0.0715667,73386.7,1221.35,60.0865,79.0141,0.016694,51.3321,0.189382,0.000890169,0.0843936
1705888402537929838,0.04,2.5,0.0522244,104851,1221.35,85.8482,108.104,0.016694,69.2712,0.189382,0.00117136,0.0895906
1705888402638559491,0.0005,200,1,53.5366,1151.83,0.0464795,0.245182,0.41089,0.123799,0.143291,1.39477e-06,0.000119331
1705888402638559491,0.001,100,0.954639,213.392,1151.83,0.185263,0.89234,0.41089,0.492091,0.143291,5.13682e-06,0.000431471
1705888402638559491,0.002,50,0.754639,793.558,1151.83,0.688952,2.60347,0.41089,1.70598,0.143291,1.49376e-05,0.00125496
1705888402638559491,0.003,33.3333,0.564948,1636.99,1151.83,1.4212,4.47625,0.41089,3.19066,0.143291,2.54011e-05,0.00215218
1705888402638559491,0.005,20,0.391753,3944.63,1151.83,3.42465,7.26456,0.41089,6.39122,0.143291,4.34394e-05,0.0033428
1705888402638559491,0.01,10,0.189691,12188,1151.83,10.5814,16.2798,0.41089,14.7309,0.143291,9.40732e-05,0.00718154
1705888402638559491,0.02,5,0.0907216,34306.1,1151.83,29.7839,32.7669,0.41089,31.6578,0.143291,0.000167909,0.0130509
1705888402638559491,0.03,3.33333,0.0618557,61219.4,1151.83,53.1496,44.9656,0.41089,48.634,0.143291,0.00020585,0.0160744
1705888402638559491,0.04,2.5,0.0494845,89856.3,1151.83,78.0115,59.0217,0.41089,65.6221,0.143291,0.000243281,0.0191269
1705888402738430703,0.0005,200,1,52.1683,994.79,0.0524415,0.147399,0.139707,0.102606,0.081892,2.2367e-06,0.000391678
1705888402738430703,0.001,100,0.974057,207.744,994.79,0.208832,0.587454,0.139707,0.409053,0.081892,9.96834e-06,0.00153423
1705888402738430703,0.002,50,0.731132,751.644,994.79,0.755581,1.82667,0.139707,1.45275,0.081892,2.82966e-05,0.00480151
1705888402738430703,0.003,33.3333,0.584906,1517.97,994.79,1.52592,3.16558,0.139707,2.72425,0.081892,5.36886e-05,0.00813426
1705888402738430703,0.005,20,0.396226,3529.72,994.79,3.54821,6.45444,0.139707,5.4746,0.081892,0.000119825,0.0157162
1705888402738430703,0.01,10,0.181604,10282.3,994.79,10.3362,12.6938,0.139707,12.665,0.081892,0.000215023,0.0292798
1705888402738430703,0.02,5,0.0966981,27558.3,994.79,27.7027,22.2622,0.139707,27.2515,0.081892,0.000279154,0.0506816
1705888402738430703,0.03,3.33333,0.0660377,48161.6,994.79,48.4139,32.0785,0.139707,41.8797,0.081892,0.000341449,0.0692488
1705888402738430703,0.04,2.5,0.0471698,69677.3,994.79,70.0422,42.6367,0.139707,56.5196,0.081892,0.000425773,0.0857281
1705888402838278780,0.0005,200,1,43.0725,869.849,0.0495172,0.389236,0.0963219,0.0813149,0.0591526,2.38118e-05,0.00257146
1705888402838278780,0.001,100,0.97027,168.848,869.849,0.194111,1.37359,0.0963219,0.322608,0.0591526,8.20239e-05,0.00899121
1705888402838278780,0.002,50,0.794595,632.185,869.849,0.726775,4.08848,0.0963219,1.13037,0.0591526,0.000227107,0.0258403
1705888402838278780,0.003,33.3333,0.613514,1308.25,869.849,1.50399,6.2128,0.0963219,2.14031,0.0591526,0.000320706,0.0371457
1705888402838278780,0.005,20,0.424324,3139.15,869.849,3.60884,11.7909,0.0963219,4.3537,0.0591526,0.000519622,0.0607506
1705888402838278780,0.01,10,0.221622,9051.33,869.849,10.4056,25.6048,0.0963219,10.1679,0.0591526,0.000795785,0.0907796
1705888402838278780,0.02,5,0.108108,24453.3,869.849,28.1121,49.404,0.0963219,21.9978,0.0591526,0.000917253,0.0973642
1705888402838278780,0.03,3.33333,0.0675676,43770.2,869.849,50.3193,71.4625,0.0963219,33.8705,0.0591526,0.000925012,0.0929317
1705888402838278780,0.04,2.5,0.0486486,65737.2,869.849,75.5732,92.7039,0.0963219,45.7539,0.0591526,0.000919648,0.0899012
1705888402938131809,0.0005,200,1,43.217,834.987,0.0517577,0.177971,0.00586452,0.0706347,0.0653361,0.000136646,0.00957942
1705888402938131809,0.001,100,0.989218,172.853,834.987,0.207013,0.707183,0.00586452,0.282461,0.0653361,0.00049868,0.0351771
1705888402938131809,0.002,50,0.803235,660.168,834.987,0.790632,1.91894,0.00586452,1.05089,0.0653361,0.00106813,0.0824632
1705888402938131809,0.003,33.3333,0.571429,1356.6,834.987,1.6247,3.60291,0.00586452,2.04798,0.0653361,0.00158521,0.133197
1705888402938131809,0.005,20,0.377358,3124.29,834.987,3.74173,6.94205,0.00586452,4.23155,0.0653361,0.00207018,0.230151
1705888402938131809,0.01,10,0.210243,8586.22,834.987,10.2831,15.0089,0.00586452,9.9379,0.0653361,0.00246091,0.364908
1705888402938131809,0.02,5,0.105121,20133.3,834.987,24.1121,32.3755,0.00586452,21.5364,0.0653361,0.00269021,0.432539
1705888402938131809,0.03,3.33333,0.0673854,31920.3,834.987,38.2285,48.689,0.00586452,33.1796,0.0653361,0.00274741,0.458026
1705888402938131809,0.04,2.5,0.0431267,44301.8,834.987,53.0569,64.8101,0.00586452,44.8332,0.0653361,0.00276704,0.468896
1705888403037962207,0.0005,200,1,36.2335,826.653,0.0438316,0.299657,0.0592545,0.0934565,0.0668869,1.27835e-05,0.00139718
1705888403037962207,0.001,100,0.961433,143.256,826.653,0.173296,1.12214,0.0592545,0.37053,0.0668869,4.75934e-05,0.00518435
1705888403037962207,0.002,50,0.752066,534.814,826.653,0.646964,3.16365,0.0592545,1.28089,0.0668869,0.000130768,0.0141922
1705888403037962207,0.003,33.3333,0.570248,1113.4,826.653,1.34688,4.56872,0.0592545,2.38732,0.0668869,0.000183658,0.019652
1705888403037962207,0.005,20,0.374656,2547.65,826.653,3.08188,7.13806,0.0592545,4.78889,0.0668869,0.000271695,0.0277638
1705888403037962207,0.01,10,0.184573,6928.5,826.653,8.38139,15.5877,0.0592545,11.046,0.0668869,0.000483621,0.047489
1705888403037962207,0.02,5,0.0909091,16904,826.653,20.4487,34.6908,0.0592545,23.7359,0.0668869,0.000706084,0.0702218
1705888403037962207,0.03,3.33333,0.0688705,28422.6,826.653,34.3827,53.0287,0.0592545,36.4597,0.0668869,0.000793983,0.0774271
1705888403037962207,0.04,2.5,0.0578512,41864,826.653,50.6428,71.8093,0.0592545,49.1937,0.0668869,0.000832007,0.0792848
1705888403138595090,0.0005,200,1,67.0222,969.838,0.0691065,0.221282,0.162571,0.0963027,0.0834165,8.3417e-07,0.000259178
1705888403138595090,0.001,100,0.971429,266.045,969.838,0.274319,0.823517,0.162571,0.38367,0.0834165,3.2411e-06,0.000961969
1705888403138595090,0.002,50,0.771429,874.73,969.838,0.901934,2.33038,0.162571,1.36005,0.0834165,1.9449e-05,0.00250973
1705888403138595090,0.003,33.3333,0.595238,1706.47,969.838,1.75954,4.27479,0.162571,2.56371,0.0834165,3.7135e-05,0.00450394
1705888403138595090,0.005,20,0.395238,3836.49,969.838,3.9558,8.794,0.162571,5.18751,0.0834165,7.75552e-05,0.00893765
1705888403138595090,0.01,10,0.195238,10562.8,969.838,10.8913,23.5662,0.162571,12.0584,0.0834165,0.000195878,0.021806
1705888403138595090,0.02,5,0.0928571,25387.4,969.838,26.177,49.647,0.162571,26.0135,0.0834165,0.000349626,0.0397113
1705888403138595090,0.03,3.33333,0.0642857,42302.6,969.838,43.6182,72.6724,0.162571,40.0111,0.0834165,0.000446143,0.0514766
1705888403138595090,0.04,2.5,0.0571429,61791.6,969.838,63.7134,96.0174,0.162571,54.0175,0.0834165,0.000522083,0.0610869
1705888403238441190,0.0005,200,1,57.8645,1123.38,0.0515092,0.108309,0.00983155,0.128728,0.116569,2.11928e-05,0.00191372
1705888403238441190,0.001,100,0.955603,230.057,1123.38,0.204789,0.379029,0.00983155,0.510516,0.116569,7.1075e-05,0.00648967
1705888403238441190,0.002,50,0.737844,865.37,1123.38,0.770325,0.644985,0.00983155,1.75423,0.116569,9.89429e-05,0.0101595
1705888403238441190,0.003,33.3333,0.581395,1750.35,1123.38,1.55811,1.25522,0.00983155,3.25065,0.116569,0.000152289,0.0179833
1705888403238441190,0.005,20,0.361522,3986.27,1123.38,3.54845,2.45297,0.00983155,6.48444,0.116569,0.000251746,0.0256037
1705888403238441190,0.01,10,0.181818,11040.1,1123.38,9.82755,6.38786,0.00983155,14.9094,0.116569,0.000317615,0.0305799
1705888403238441190,0.02,5,0.103594,28522.4,1123.38,25.3897,18.0678,0.00983155,31.9507,0.116569,0.000461919,0.0437031
1705888403238441190,0.03,3.33333,0.0655391,48460.6,1123.38,43.1381,26.3785,0.00983155,49.0415,0.116569,0.000494202,0.0501056
1705888403238441190,0.04,2.5,0.05074,68645.8,1123.38,61.1063,36.4894,0.00983155,66.147,0.116569,0.000529903,0.0558497
1705888403338284512,0.0005,200,0.998145,62.2737,1317.69,0.0472596,0.376447,2.87801,0.147819,0.148294,7.17659e-07,8.93826e-05
1705888403338284512,0.001,100,0.966605,242.388,1317.69,0.183949,1.2175,2.87801,0.577978,0.148294,2.1229e-06,0.000293831
1705888403338284512,0.002,50,0.745826,850.695,1317.69,0.645594,4.40884,2.87801,1.98128,0.148294,8.16749e-06,0.00105039
1705888403338284512,0.003,33.3333,0.552876,1667.57,1317.69,1.26552,8.07057,2.87801,3.69417,0.148294,1.52925e-05,0.00190797
1705888403338284512,0.005,20,0.35436,3689.76,1317.69,2.80016,13.9047,2.87801,7.38581,0.148294,2.65868e-05,0.00325572
1705888403338284512,0.01,10,0.194805,10227.1,1317.69,7.7614,30.2357,2.87801,16.954,0.148294,5.68883e-05,0.00693967
1705888403338284512,0.02,5,0.0890538,25824.2,1317.69,19.598,62.6248,2.87801,36.3445,0.148294,0.000110884,0.0137546
1705888403338284512,0.03,3.33333,0.0686456,43901.3,1317.69,33.3168,98.0771,2.87801,55.791,0.148294,0.000164237,0.0204221
1705888403338284512,0.04,2.5,0.0538033,64665.5,1317.69,49.0747,135.092,2.87801,75.2529,0.148294,0.000212447,0.0265293
1705888403438119015,0.0005,200,1,70.0741,1396.34,0.050184,0.303614,0.00856351,0.141704,0.149312,5.18808e-05,0.00442906
1705888403438119015,0.001,100,0.975652,275.663,1396.34,0.197418,1.06784,0.00856351,0.558743,0.149312,0.000177019,0.0150045
1705888403438119015,0.002,50,0.735652,997.33,1396.34,0.714243,2.62748,0.00856351,1.95261,0.149312,0.000382041,0.0328779
1705888403438119015,0.003,33.3333,0.6,1953.81,1396.34,1.39923,3.47793,0.00856351,3.64126,0.149312,0.000436722,0.0394634
1705888403438119015,0.005,20,0.410435,4372.28,1396.34,3.13124,5.46936,0.00856351,7.29474,0.149312,0.000485617,0.0542358
1705888403438119015,0.01,10,0.215652,11908.9,1396.34,8.52863,12.441,0.00856351,16.8551,0.149312,0.00054208,0.0949736
1705888403438119015,0.02,5,0.109565,29688.3,1396.34,21.2615,24.9632,0.00856351,36.276,0.149312,0.000565744,0.136523
1705888403438119015,0.03,3.33333,0.0643478,50481.3,1396.34,36.1525,36.7559,0.00856351,55.7675,0.149312,0.000591788,0.147785
1705888403438119015,0.04,2.5,0.0556522,72911.8,1396.34,52.2162,47.8414,0.00856351,75.2736,0.149312,0.00071038,0.156293
1705888403537962562,0.0005,200,1,89.9369,1460.16,0.0615939,0.25002,4.81662,0.146645,0.216298,2.75534e-07,2.36693e-05
1705888403537962562,0.001,100,0.959866,356.704,1460.16,0.244291,0.955522,4.81662,0.580146,0.216298,1.03982e-06,9.09139e-05
1705888403537962562,0.002,50,0.772575,1326.76,1460.16,0.908644,2.73866,4.81662,2.01052,0.216298,3.12892e-06,0.000254599
1705888403537962562,0.003,33.3333,0.602007,2757.06,1460.16,1.88819,4.65137,4.81662,3.77356,0.216298,5.43233e-06,0.000427186
1705888403537962562,0.005,20,0.359532,6470.33,1460.16,4.43125,8.18767,4.81662,7.63595,0.216298,1.0227e-05,0.000720301
1705888403537962562,0.01,10,0.182274,17880,1460.16,12.2453,19.3401,4.81662,17.7188,0.216298,2.30858e-05,0.00172026
1705888403537962562,0.02,5,0.0869565,45011.4,1460.16,30.8264,40.2756,4.81662,38.1579,0.216298,4.59732e-05,0.00354095
1705888403537962562,0.03,3.33333,0.0585284,71821.2,1460.16,49.1872,60.984,4.81662,58.6566,0.216298,6.83105e-05,0.00523211
1705888403537962562,0.04,2.5,0.048495,100587,1460.16,68.888,81.429,4.81662,79.1673,0.216298,8.97054e-05,0.00680332
1705888403638591817,0.0005,200,1,90.1974,1455.7,0.0619617,0.211883,0.170556,0.149714,0.162607,3.25617e-06,0.00041413
1705888403638591817,0.001,100,0.958194,358.079,1455.7,0.245985,0.821647,0.170556,0.590445,0.162607,1.26701e-05,0.00159202
1705888403638591817,0.002,50,0.76087,1316.98,1455.7,0.904708,2.85828,0.170556,2.04851,0.162607,4.61864e-05,0.00536696
1705888403638591817,0.003,33.3333,0.573579,2618.95,1455.7,1.79911,5.23278,0.170556,3.85094,0.162607,8.54494e-05,0.00944596
1705888403638591817,0.005,20,0.374582,5624.32,1455.7,3.86367,8.35927,0.170556,7.74942,0.162607,0.000128709,0.0141593
1705888403638591817,0.01,10,0.198997,15174.1,1455.7,10.424,15.561,0.170556,17.8957,0.162607,0.00023187,0.0223318
1705888403638591817,0.02,5,0.105351,37383.3,1455.7,25.6807,31.7354,0.170556,38.4751,0.162607,0.000409968,0.0359501
1705888403638591817,0.03,3.33333,0.0702341,62950.1,1455.7,43.244,48.6791,0.170556,59.1205,0.162607,0.000567581,0.0472856
1705888403638591817,0.04,2.5,0.0518395,91311.7,1455.7,62.7272,65.1117,0.170556,79.7834,0.162607,0.000718677,0.0572047
1705888403738422431,0.0005,200,1,79.4169,1351.09,0.0587796,0.142356,0.176836,0.136485,0.1938,6.93976e-06,0.000800951
1705888403738422431,0.001,100,0.957746,310.93,1351.09,0.230132,0.538959,0.176836,0.538013,0.1938,1.82947e-05,0.00311272
1705888403738422431,0.002,50,0.774648,1088.72,1351.09,0.805806,2.26162,0.176836,1.83483,0.1938,6.52506e-05,0.0124847
1705888403738422431,0.003,33.3333,0.628521,2125.21,1351.09,1.57295,3.75438,0.176836,3.42111,0.1938,8.94597e-05,0.0199404
1705888403738422431,0.005,20,0.417254,4713.7,1351.09,3.4888,6.5069,0.176836,6.88555,0.1938,0.000136607,0.0307644
1705888403738422431,0.01,10,0.235915,12690.1,1351.09,9.39246,13.7282,0.176836,15.9505,0.1938,0.000212504,0.0498471
1705888403738422431,0.02,5,0.126761,32829.9,1351.09,24.2988,26.0862,0.176836,34.3879,0.1938,0.000325437,0.064591
1705888403738422431,0.03,3.33333,0.0809859,53740,1351.09,39.7752,41.4524,0.176836,52.9011,0.1938,0.000466287,0.0792686
1705888403738422431,0.04,2.5,0.0651408,74811.9,1351.09,55.3713,56.645,0.176836,71.4301,0.1938,0.000611096,0.0917762
1705888403838275910,0.0005,200,1,69.0616,1316.96,0.0524403,0.375198,0.0842895,0.114132,0.169105,1.46422e-06,0.000194042
1705888403838275910,0.001,100,0.966957,273.602,1316.96,0.207753,1.4764,0.0842895,0.453419,0.169105,5.79328e-06,0.000761488
1705888403838275910,0.002,50,0.81913,982.957,1316.96,0.746385,3.65608,0.0842895,1.60069,0.169105,1.36395e-05,0.00189445
1705888403838275910,0.003,33.3333,0.643478,1944.45,1316.96,1.47647,5.66822,0.0842895,3.05776,0.169105,2.12353e-05,0.00291988
1705888403838275910,0.005,20,0.415652,4347.08,1316.96,3.30085,10.5243,0.0842895,6.27677,0.169105,3.83568e-05,0.00536708
1705888403838275910,0.01,10,0.250435,11998.1,1316.96,9.11045,23.8194,0.0842895,14.7384,0.169105,8.63219e-05,0.0115772
1705888403838275910,0.02,5,0.130435,31648.2,1316.96,24.0313,51.7228,0.0842895,31.9761,0.169105,0.000169365,0.0228897
1705888403838275910,0.03,3.33333,0.0921739,55672.2,1316.96,42.2734,79.026,0.0842895,49.2902,0.169105,0.000231632,0.0319406
1705888403838275910,0.04,2.5,0.0713043,83813.7,1316.96,63.642,106.058,0.0842895,66.6221,0.169105,0.000281942,0.039491
1705888403938113364,0.0005,200,1,60.8193,1310.6,0.0464057,0.0829121,0.0654573,0.124765,0.197626,3.49835e-05,0.00242211
1705888403938113364,0.001,100,0.964222,241.936,1310.6,0.184599,0.315531,0.0654573,0.495713,0.197626,0.000132417,0.00831269
1705888403938113364,0.002,50,0.778175,902.565,1310.6,0.688665,0.739065,0.0654573,1.72524,0.197626,0.000268954,0.0178865
1705888403938113364,0.003,33.3333,0.629696,1830.25,1310.6,1.3965,1.63774,0.0654573,3.23771,0.197626,0.000552256,0.0313731
1705888403938113364,0.005,20,0.440072,4163.51,1310.6,3.17679,3.51133,0.0654573,6.54866,0.197626,0.000911653,0.0503928
1705888403938113364,0.01,10,0.223614,11006.3,1310.6,8.39791,7.87445,0.0654573,15.2589,0.197626,0.00186038,0.0572177
1705888403938113364,0.02,5,0.127013,27652.2,1310.6,21.0989,13.6323,0.0654573,32.9709,0.197626,0.00366618,0.0677354
1705888403938113364,0.03,3.33333,0.0930233,46114.8,1310.6,35.186,20.3738,0.0654573,50.7489,0.197626,0.00509489,0.0823537
1705888403938113364,0.04,2.5,0.0697674,66600.9,1310.6,50.817,26.8515,0.0654573,68.5465,0.197626,0.0063616,0.0896536
1705888404037966217,0.0005,200,1,88.7663,1292.35,0.0686858,0.499748,0.385086,0.13515,0.236008,2.87337e-06,0.000312006
1705888404037966217,0.001,100,0.962025,344.997,1292.35,0.266953,1.83606,0.385086,0.533675,0.236008,1.13434e-05,0.00111756
1705888404037966217,0.002,50,0.781193,1244.76,1292.35,0.963173,5.44674,0.385086,1.82899,0.236008,3.53378e-05,0.00323326
1705888404037966217,0.003,33.3333,0.616637,2493.06,1292.35,1.92908,9.07146,0.385086,3.40633,0.236008,5.93837e-05,0.00531828
1705888404037966217,0.005,20,0.403255,5676.75,1292.35,4.39257,15.6511,0.385086,6.84227,0.236008,0.000102882,0.00898184
1705888404037966217,0.01,10,0.227848,17066.2,1292.35,13.2055,33.4114,0.385086,15.8355,0.236008,0.000211911,0.0183345
1705888404037966217,0.02,5,0.113924,48881.3,1292.35,37.8235,67.6513,0.385086,34.1305,0.236008,0.000392475,0.0339006
1705888404037966217,0.03,3.33333,0.0723327,84434.7,1292.35,65.3341,98.0246,0.385086,52.5007,0.236008,0.000524618,0.0446758
1705888404037966217,0.04,2.5,0.0470163,120718,1292.35,93.4096,127.79,0.385086,70.889,0.236008,0.000638202,0.0537879
1705888404138593810,0.0005,200,1,78.446,1289.94,0.0608138,0.367736,0.0671254,0.13049,0.23644,2.54991e-05,0.00214914
1705888404138593810,0.001,100,0.95438,307.764,1289.94,0.238588,1.3383,0.0671254,0.515803,0.23644,9.13862e-05,0.00772588
1705888404138593810,0.002,50,0.782847,1062.7,1289.94,0.823836,3.27819,0.0671254,1.74639,0.23644,0.000211731,0.0181706
1705888404138593810,0.003,33.3333,0.666058,2118.34,1289.94,1.64221,5.21764,0.0671254,3.24033,0.23644,0.000316481,0.0272452
1705888404138593810,0.005,20,0.428832,4707.9,1289.94,3.64972,9.27312,0.0671254,6.5303,0.23644,0.000494213,0.0423387
1705888404138593810,0.01,10,0.231752,12260.7,1289.94,9.50487,17.3595,0.0671254,15.1875,0.23644,0.000736557,0.0638512
1705888404138593810,0.02,5,0.109489,29909.8,1289.94,23.187,34.7654,0.0671254,32.8051,0.23644,0.0011208,0.0976378
1705888404138593810,0.03,3.33333,0.0693431,49777,1289.94,38.5888,53.5368,0.0671254,50.4956,0.23644,0.00143626,0.118925
1705888404138593810,0.04,2.5,0.0547445,70789.7,1289.94,54.8785,72.4512,0.0671254,68.2018,0.23644,0.00168478,0.129848
1705888404238423015,0.0005,200,1,67.1152,1247.77,0.0537881,0.191645,0.108983,0.132638,0.18933,1.16135e-05,0.00111353
1705888404238423015,0.001,100,0.958491,266.715,1247.77,0.213753,0.726502,0.108983,0.523862,0.18933,4.20097e-05,0.00423731
1705888404238423015,0.002,50,0.777358,953.172,1247.77,0.763901,1.39465,0.108983,1.79665,0.18933,9.04094e-05,0.00762599
1705888404238423015,0.003,33.3333,0.596226,1873.95,1247.77,1.50184,2.22806,0.108983,3.36718,0.18933,0.0001351,0.0118415
1705888404238423015,0.005,20,0.375472,4017.93,1247.77,3.22009,4.22454,0.108983,6.78707,0.18933,0.000247703,0.0199315
1705888404238423015,0.01,10,0.198113,10032.2,1247.77,8.0401,10.3246,0.108983,15.6927,0.18933,0.000491121,0.0415173
1705888404238423015,0.02,5,0.113208,24199.3,1247.77,19.3941,22.6526,0.108983,33.7509,0.18933,0.000863821,0.0711336
1705888404238423015,0.03,3.33333,0.0698113,40208.7,1247.77,32.2244,32.3161,0.108983,51.8738,0.18933,0.0011344,0.086543
1705888404238423015,0.04,2.5,0.0490566,57141.6,1247.77,45.795,42.1706,0.108983,70.0136,0.18933,0.00135642,0.0971003
1705888404338254632,0.0005,200,1,90.9974,1267.94,0.0717682,0.555093,0.0192297,0.13715,0.269246,1.3116e-05,0.001586
1705888404338254632,0.001,100,0.948529,357.873,1267.94,0.282248,2.01411,0.0192297,0.542571,0.269246,4.77888e-05,0.00565715
1705888404338254632,0.002,50,0.779412,1202.1,1267.94,0.94808,4.42584,0.0192297,1.83698,0.269246,0.000105448,0.0118386
1705888404338254632,0.003,33.3333,0.608456,2317.81,1267.94,1.82802,6.3487,0.0192297,3.40797,0.269246,0.000147253,0.0161741
1705888404338254632,0.005,20,0.413603,5191.25,1267.94,4.09425,9.44812,0.0192297,6.82299,0.269246,0.000203863,0.0217063
1705888404338254632,0.01,10,0.220588,14543.7,1267.94,11.4704,15.1222,0.0192297,15.7526,0.269246,0.000273909,0.0265403
1705888404338254632,0.02,5,0.130515,37174.5,1267.94,29.3189,25.6438,0.0192297,33.8805,0.269246,0.000352227,0.0283702
1705888404338254632,0.03,3.33333,0.09375,63688.7,1267.94,50.2302,36.0195,0.0192297,52.0728,0.269246,0.000415737,0.0265173
1705888404338254632,0.04,2.5,0.0716912,93941.1,1267.94,74.0898,43.158,0.0192297,70.2838,0.269246,0.000479646,0.0219983
1705888404438101987,0.0005,200,1,71.0111,1231.73,0.0576515,0.16672,0.13092,0.121388,0.194492,1.82013e-05,0.00174722
1705888404438101987,0.001,100,0.959302,281.92,1231.73,0.228881,0.704097,0.13092,0.483326,0.194492,7.38659e-05,0.0071274
1705888404438101987,0.002,50,0.761628,970.484,1231.73,0.787902,1.30882,0.13092,1.67215,0.194492,0.000130389,0.0115468
1705888404438101987,0.003,33.3333,0.625969,1936.19,1231.73,1.57192,1.56057,0.13092,3.11417,0.194492,0.000143488,0.0125178
1705888404438101987,0.005,20,0.439922,4464.86,1231.73,3.62486,3.53192,0.13092,6.2502,0.194492,0.000271968,0.0254303
1705888404438101987,0.01,10,0.228682,12846.5,1231.73,10.4296,7.93985,0.13092,14.4846,0.194492,0.00042984,0.0476688
1705888404438101987,0.02,5,0.124031,31747.8,1231.73,25.7749,16.3989,0.13092,31.2404,0.194492,0.000547146,0.0683397
1705888404438101987,0.03,3.33333,0.0813953,53052.5,1231.73,43.0714,22.138,0.13092,48.0663,0.194492,0.000571084,0.0770061
1705888404438101987,0.04,2.5,0.0523256,74888.5,1231.73,60.7993,30.613,0.13092,64.9125,0.194492,0.000644415,0.0859226
1705888404537937040,0.0005,200,1,68.809,1239.29,0.0555229,0.249901,0.00316875,0.112841,0.214405,0.000523169,0.0723916
1705888404537937040,0.001,100,0.961538,271.794,1239.29,0.219315,1.03145,0.00316875,0.445251,0.214405,0.00130564,0.188672
1705888404537937040,0.002,50,0.796154,952.007,1239.29,0.768188,2.72667,0.00316875,1.53,0.214405,0.00149303,0.233358
1705888404537937040,0.003,33.3333,0.651923,1856.27,1239.29,1.49785,4.11629,0.00316875,2.87255,0.214405,0.00134477,0.246425
1705888404537937040,0.005,20,0.453846,4187.28,1239.29,3.37877,6.21039,0.00316875,5.81284,0.214405,0.00160552,0.272147
1705888404537937040,0.01,10,0.255769,11914.9,1239.29,9.61427,11.803,0.00316875,13.5573,0.214405,0.00224698,0.266627
1705888404537937040,0.02,5,0.128846,31623,1239.29,25.5171,18.8148,0.00316875,29.3771,0.214405,0.00261097,0.204047
1705888404537937040,0.03,3.33333,0.0923077,56241.4,1239.29,45.382,26.5648,0.00316875,45.2692,0.214405,0.002646,0.170559
1705888404537937040,0.04,2.5,0.0673077,80101.6,1239.29,64.6351,36.9971,0.00316875,61.18,0.214405,0.00258044,0.160232
1705888404638579561,0.0005,200,1,50.6241,1231.93,0.0410933,0.523423,0.0953846,0.103607,0.156063,5.79819e-05,0.00582721
1705888404638579561,0.001,100,0.958498,200.471,1231.93,0.16273,1.98623,0.0953846,0.410788,0.156063,0.000216636,0.0214677
1705888404638579561,0.002,50,0.814229,747.565,1231.93,0.606824,5.55712,0.0953846,1.42317,0.156063,0.000565749,0.0548232
1705888404638579561,0.003,33.3333,0.660079,1531.07,1231.93,1.24282,8.72053,0.0953846,2.68641,0.156063,0.000790458,0.0775116
1705888404638579561,0.005,20,0.460474,3542.05,1231.93,2.8752,13.6554,0.0953846,5.47316,0.156063,0.000974305,0.095532
1705888404638579561,0.01,10,0.241107,10516.6,1231.93,8.53672,23.7776,0.0953846,12.8421,0.156063,0.00101352,0.0932455
1705888404638579561,0.02,5,0.140316,28644.2,1231.93,23.2515,44.7855,0.0953846,27.8678,0.156063,0.00104918,0.0848106
1705888404638579561,0.03,3.33333,0.0988142,51047.2,1231.93,41.4367,64.6712,0.0953846,42.963,0.156063,0.0010886,0.0725884
1705888404638579561,0.04,2.5,0.0790514,76248.7,1231.93,61.8937,80.5418,0.0953846,58.0783,0.156063,0.0011047,0.0596796
1705888404738414390,0.0005,200,1,49.4914,1163.27,0.0425451,0.0806042,0.162138,0.11097,0.122205,4.17663e-07,5.64073e-05
1705888404738414390,0.001,100,0.973251,196.593,1163.27,0.169001,0.340502,0.162138,0.439208,0.122205,1.96106e-06,0.000232559
1705888404738414390,0.002,50,0.781893,704.736,1163.27,0.605825,1.37052,0.162138,1.53273,0.122205,8.50172e-06,0.000913036
1705888404738414390,0.003,33.3333,0.619342,1358.39,1163.27,1.16773,2.22834,0.162138,2.87936,0.122205,1.47041e-05,0.00144667
1705888404738414390,0.005,20,0.407407,2935.11,1163.27,2.52316,4.38368,0.162138,5.81654,0.122205,2.88315e-05,0.00280803
1705888404738414390,0.01,10,0.242798,7949.64,1163.27,6.83389,8.22706,0.162138,13.4923,0.122205,5.219e-05,0.00508724
1705888404738414390,0.02,5,0.123457,20588.6,1163.27,17.6989,17.3775,0.162138,29.1092,0.122205,9.9725e-05,0.00985972
1705888404738414390,0.03,3.33333,0.090535,36070.4,1163.27,31.0078,26.921,0.162138,44.7896,0.122205,0.000143861,0.013927
1705888404738414390,0.04,2.5,0.0679012,53196.3,1163.27,45.73,35.5191,0.162138,60.4879,0.122205,0.000177212,0.0168208
1705888404838250389,0.0005,200,1,52.2209,998.467,0.0523011,0.22679,0.774578,0.0917135,0.105468,1.30423e-06,0.000135594
1705888404838250389,0.001,100,0.978723,208.373,998.467,0.208693,0.905483,0.774578,0.365117,0.105468,5.1776e-06,0.000541575
1705888404838250389,0.002,50,0.780142,753.446,998.467,0.754603,3.00384,0.774578,1.30539,0.105468,1.70694e-05,0.00179231
1705888404838250389,0.003,33.3333,0.602837,1485.02,998.467,1.4873,4.59953,0.774578,2.48709,0.105468,2.58256e-05,0.00273972
1705888404838250389,0.005,20,0.382979,3365.75,998.467,3.37091,7.83234,0.774578,5.07953,0.105468,4.17383e-05,0.00466707
1705888404838250389,0.01,10,0.196217,9539,998.467,9.55365,16.2112,0.774578,11.8636,0.105468,7.71216e-05,0.00944905
1705888404838250389,0.02,5,0.0921986,24803.6,998.467,24.8417,32.6967,0.774578,25.6416,0.105468,0.000145745,0.0171187
1705888404838250389,0.03,3.33333,0.0614657,43435.4,998.467,43.5021,49.899,0.774578,39.4646,0.105468,0.000206666,0.0232656
1705888404838250389,0.04,2.5,0.0472813,63131.5,998.467,63.2284,66.8133,0.774578,53.2979,0.105468,0.000259205,0.0284368
1705888404938077400,0.0005,200,1,42.8559,889.942,0.0481558,0.300655,0.453002,0.0788434,0.0942272,2.47079e-06,0.000232366
1705888404938077400,0.001,100,0.967123,169.201,889.942,0.190126,1.19773,0.453002,0.312762,0.0942272,9.8375e-06,0.000924133
1705888404938077400,0.002,50,0.794521,612.192,889.942,0.687901,3.14302,0.453002,1.09573,0.0942272,2.60145e-05,0.00240169
1705888404938077400,0.003,33.3333,0.610959,1230.19,889.942,1.38233,4.72769,0.453002,2.07904,0.0942272,3.89902e-05,0.00358735
1705888404938077400,0.005,20,0.416438,2756.76,889.942,3.09768,6.98469,0.453002,4.22903,0.0942272,5.67492e-05,0.00524821
1705888404938077400,0.01,10,0.216438,7591.41,889.942,8.53023,12.3279,0.453002,9.86094,0.0942272,9.28359e-05,0.00930483
1705888404938077400,0.02,5,0.123288,19162.3,889.942,21.5321,24.9924,0.453002,21.3256,0.0942272,0.000174697,0.018081
1705888404938077400,0.03,3.33333,0.0849315,32677.6,889.942,36.7188,37.8291,0.453002,32.8346,0.0942272,0.000247538,0.0258406
1705888404938077400,0.04,2.5,0.0547945,47744.1,889.942,53.6486,50.4761,0.453002,44.3583,0.0942272,0.000309408,0.0324048
1705888405038324402,0.0005,200,1,29.6435,785.776,0.0377251,0.16387,0.0673654,0.072237,0.0881848,9.15878e-06,0.00111639
1705888405038324402,0.001,100,0.973451,117.147,785.776,0.149085,0.56214,0.0673654,0.285432,0.0881848,3.18187e-05,0.0037748
1705888405038324402,0.002,50,0.80236,438.659,785.776,0.558249,1.35525,0.0673654,1.00478,0.0881848,8.29864e-05,0.00855666
1705888405038324402,0.003,33.3333,0.622419,894.165,785.776,1.13794,1.98937,0.0673654,1.91508,0.0881848,0.000125448,0.0119238
1705888405038324402,0.005,20,0.410029,2096.17,785.776,2.66764,3.22564,0.0673654,3.92173,0.0881848,0.000196136,0.0177789
1705888405038324402,0.01,10,0.20354,6435.49,785.776,8.18998,7.71459,0.0673654,9.19975,0.0881848,0.000354069,0.0315479
1705888405038324402,0.02,5,0.0943953,16023.5,785.776,20.392,14.7806,0.0673654,19.9309,0.0881848,0.000480997,0.0428814
1705888405038324402,0.03,3.33333,0.0707965,27434,785.776,34.9132,22.5785,0.0673654,30.6947,0.0881848,0.0005762,0.0521907
1705888405038324402,0.04,2.5,0.0501475,40923.7,785.776,52.0806,31.5438,0.0673654,41.4684,0.0881848,0.000661006,0.060531
1705888405138160197,0.0005,200,1,17.4606,700.563,0.0249236,0.0706966,0.00514945,0.066472,0.0706124,7.76467e-05,0.00576567
1705888405138160197,0.001,100,0.964516,69.4966,700.563,0.099201,0.227727,0.00514945,0.263569,0.0706124,0.000240354,0.0180829
1705888405138160197,0.002,50,0.783871,267.297,700.563,0.381546,0.470797,0.00514945,0.912565,0.0706124,0.000441294,0.0350558
1705888405138160197,0.003,33.3333,0.641935,558.815,700.563,0.797665,0.643878,0.00514945,1.71155,0.0706124,0.000529871,0.0402966
1705888405138160197,0.005,20,0.487097,1363.39,700.563,1.94614,1.59532,0.00514945,3.45846,0.0706124,0.000887898,0.0517063
1705888405138160197,0.01,10,0.267742,4181.9,700.563,5.96934,3.89865,0.00514945,8.06567,0.0706124,0.00100241,0.066769
1705888405138160197,0.02,5,0.13871,11441.9,700.563,16.3324,9.32237,0.00514945,17.464,0.0706124,0.000929482,0.0706758
1705888405138160197,0.03,3.33333,0.0935484,19809.7,700.563,28.2769,14.4641,0.00514945,26.9091,0.0706124,0.000800642,0.0682527
1705888405138160197,0.04,2.5,0.0806452,29795,700.563,42.5301,19.4569,0.00514945,36.3631,0.0706124,0.000698356,0.0660841
1705888405237993510,0.0005,200,1,19.6051,659.072,0.0297465,0.0982768,0.0341934,0.0637338,0.0576543,1.10506e-05,0.00100397
1705888405237993510,0.001,100,0.962329,78.3583,659.072,0.118892,0.394276,0.0341934,0.254116,0.0576543,4.40635e-05,0.00400159
1705888405237993510,0.002,50,0.80137,303.137,659.072,0.459945,1.42119,0.0341934,0.891431,0.0576543,0.000156188,0.0141854
1705888405237993510,0.003,33.3333,0.626712,632.111,659.072,0.959093,2.35405,0.0341934,1.68325,0.0576543,0.000250183,0.0229318
1705888405237993510,0.005,20,0.40411,1487.61,659.072,2.25713,3.95474,0.0341934,3.42909,0.0576543,0.000388933,0.0360108
1705888405237993510,0.01,10,0.202055,3878.75,659.072,5.88516,7.19906,0.0341934,8.01646,0.0576543,0.000573652,0.0550136
1705888405237993510,0.02,5,0.109589,9871.02,659.072,14.9772,13.4295,0.0341934,17.3343,0.0576543,0.000772327,0.076753
1705888405237993510,0.03,3.33333,0.0856164,17674.3,659.072,26.817,20.0771,0.0341934,26.6864,0.0576543,0.000867709,0.0889754
1705888405237993510,0.04,2.5,0.0547945,26551.3,659.072,40.2858,26.315,0.0341934,36.0508,0.0576543,0.000920696,0.0965458
1705888405338625122,0.0005,200,1,36.4051,641.782,0.056725,0.176073,0.0109671,0.0682921,0.0542064,6.68098e-05,0.00524963
1705888405338625122,0.001,100,0.972318,145.287,641.782,0.22638,0.714848,0.0109671,0.272302,0.0542064,0.000261217,0.0203278
1705888405338625122,0.002,50,0.778547,477.663,641.782,0.744275,1.78135,0.0109671,0.956807,0.0542064,0.000558134,0.0461084
1705888405338625122,0.003,33.3333,0.581315,961.119,641.782,1.49758,2.72721,0.0109671,1.79833,0.0542064,0.000724391,0.0604608
1705888405338625122,0.005,20,0.404844,2241.61,641.782,3.49278,5.29555,0.0109671,3.61526,0.0542064,0.00100651,0.0818489
1705888405338625122,0.01,10,0.252595,6612.33,641.782,10.3031,13.3087,0.0109671,8.33729,0.0542064,0.00129701,0.111004
1705888405338625122,0.02,5,0.131488,15759.8,641.782,24.5563,28.2461,0.0109671,17.9356,0.0542064,0.00155207,0.130252
1705888405338625122,0.03,3.33333,0.0726644,25952.1,641.782,40.4376,42.753,0.0109671,27.5777,0.0542064,0.00172381,0.129011
1705888405338625122,0.04,2.5,0.0622837,36522.1,641.782,56.9073,55.6395,0.0109671,37.2299,0.0542064,0.00189364,0.126461
1705888405438470696,0.0005,200,1,17.4055,613.659,0.0283634,0.132565,0.0309458,0.0698817,0.0434162,1.54123e-05,0.00209585
1705888405438470696,0.001,100,0.969811,69.3175,613.659,0.112958,0.492915,0.0309458,0.277656,0.0434162,5.56608e-05,0.00774338
1705888405438470696,0.002,50,0.728302,255.376,613.659,0.416152,1.42814,0.0309458,0.97413,0.0434162,0.000163351,0.0214714
1705888405438470696,0.003,33.3333,0.550943,518.763,613.659,0.845361,2.47243,0.0309458,1.82068,0.0434162,0.000293171,0.0347386
1705888405438470696,0.005,20,0.339623,1213.47,613.659,1.97743,4.16922,0.0309458,3.64717,0.0434162,0.000441621,0.0526502
1705888405438470696,0.01,10,0.181132,3562.36,613.659,5.80511,8.18062,0.0309458,8.38062,0.0434162,0.000593245,0.0852171
1705888405438470696,0.02,5,0.113208,9797.32,613.659,15.9654,14.4755,0.0309458,17.9509,0.0434162,0.000786084,0.114572
1705888405438470696,0.03,3.33333,0.0641509,17643.4,613.659,28.7511,20.7916,0.0309458,27.5531,0.0434162,0.000982138,0.12962
1705888405438470696,0.04,2.5,0.045283,25842.1,613.659,42.1115,27.7413,0.0309458,37.1657,0.0434162,0.00113603,0.141373
1705888405538317202,0.0005,200,1,21.4274,511.126,0.041922,0.1767,0.0170245,0.0762109,0.0628271,6.81027e-05,0.00865886
1705888405538317202,0.001,100,0.947368,85.4524,511.126,0.167184,0.702026,0.0170245,0.303029,0.0628271,0.000257966,0.0330337
1705888405538317202,0.002,50,0.644737,320.968,511.126,0.627963,2.27379,0.0170245,1.04392,0.0628271,0.000690204,0.0938639
1705888405538317202,0.003,33.3333,0.438596,607.456,511.126,1.18847,4.12919,0.0170245,1.92167,0.0628271,0.00110985,0.147439
1705888405538317202,0.005,20,0.27193,1298.67,511.126,2.5408,7.99097,0.0170245,3.77231,0.0628271,0.00168554,0.217047
1705888405538317202,0.01,10,0.166667,3495.96,511.126,6.83972,16.5495,0.0170245,8.50938,0.0628271,0.00198814,0.266572
1705888405538317202,0.02,5,0.0789474,8860.41,511.126,17.3351,35.8695,0.0170245,18.0701,0.0628271,0.00229358,0.290796
1705888405538317202,0.03,3.33333,0.0526316,13807.1,511.126,27.0132,54.2338,0.0170245,27.6518,0.0628271,0.00277205,0.302523
1705888405538317202,0.04,2.5,0.0438596,19005.4,511.126,37.1834,72.6767,0.0170245,37.2389,0.0628271,0.00330454,0.307919
1705888405638156406,0.0005,200,1,18.7256,476.635,0.039287,0.113639,0.0218696,0.0833076,0.055327,2.98272e-05,0.0025787
1705888405638156406,0.001,100,0.917051,73.0887,476.635,0.153343,0.411896,0.0218696,0.324634,0.055327,0.00010608,0.00905887
1705888405638156406,0.002,50,0.663594,247.344,476.635,0.518938,0.982268,0.0218696,1.06289,0.055327,0.000239606,0.0203295
1705888405638156406,0.003,33.3333,0.460829,452.974,476.635,0.950359,1.0543,0.0218696,1.92727,0.055327,0.000248321,0.0202971
1705888405638156406,0.005,20,0.294931,944.127,476.635,1.98082,1.26,0.0218696,3.74238,0.055327,0.000287258,0.0197857
1705888405638156406,0.01,10,0.152074,2522.3,476.635,5.29189,1.76549,0.0218696,8.39038,0.055327,0.000342898,0.0259547
1705888405638156406,0.02,5,0.101382,6353.95,476.635,13.3309,3.69791,0.0218696,17.7598,0.055327,0.000563024,0.0333068
1705888405638156406,0.03,3.33333,0.0691244,11163.4,476.635,23.4212,5.90571,0.0218696,27.148,0.055327,0.000741803,0.0388877
1705888405638156406,0.04,2.5,0.0599078,16931.1,476.635,35.5221,8.26831,0.0218696,36.541,0.055327,0.000900672,0.0404346
1705888405737990254,0.0005,200,1,16.422,457.858,0.035867,0.166542,0.0400308,0.0618074,0.0436697,4.6059e-06,0.000249307
1705888405737990254,0.001,100,0.945813,65.3573,457.858,0.142746,0.643911,0.0400308,0.245768,0.0436697,1.79823e-05,0.000950655
1705888405737990254,0.002,50,0.694581,228.249,457.858,0.498516,1.77825,0.0400308,0.84269,0.0436697,4.44065e-05,0.00289358
1705888405737990254,0.003,33.3333,0.502463,428.816,457.858,0.93657,2.9743,0.0400308,1.5491,0.0436697,7.11345e-05,0.00494769
1705888405737990254,0.005,20,0.374384,918.275,457.858,2.00559,5.50364,0.0400308,3.03968,0.0436697,0.000126285,0.0092114
1705888405737990254,0.01,10,0.221675,2367.95,457.858,5.1718,12.4645,0.0400308,6.88674,0.0436697,0.000270152,0.0204217
1705888405737990254,0.02,5,0.108374,6019.09,457.858,13.1462,25.6346,0.0400308,14.6796,0.0436697,0.000523627,0.0385657
1705888405737990254,0.03,3.33333,0.0640394,10270.3,457.858,22.4311,38.1401,0.0400308,22.4965,0.0436697,0.000743957,0.0528497
1705888405737990254,0.04,2.5,0.044335,15214.9,457.858,33.2306,49.9957,0.0400308,30.32,0.0436697,0.000939489,0.0643898
1705888405838638451,0.0005,200,1,15.948,460.997,0.0345947,0.104638,0.0462998,0.0525755,0.05024,2.90251e-05,0.00264799
1705888405838638451,0.001,100,0.941463,63.2434,460.997,0.137188,0.395653,0.0462998,0.209137,0.05024,0.000107796,0.00984817
1705888405838638451,0.002,50,0.765854,232.733,460.997,0.504846,1.09254,0.0462998,0.703999,0.05024,0.000280697,0.0253169
1705888405838638451,0.003,33.3333,0.609756,464.071,460.997,1.00667,1.65948,0.0462998,1.28934,0.05024,0.000413467,0.0350421
1705888405838638451,0.005,20,0.482927,1073.07,460.997,2.32771,2.28532,0.0462998,2.53938,0.05024,0.000514542,0.0432587
1705888405838638451,0.01,10,0.297561,3173.86,460.997,6.88477,5.09612,0.0462998,5.80139,0.05024,0.000744044,0.0765552
1705888405838638451,0.02,5,0.146341,8567.18,460.997,18.584,13.4233,0.0462998,12.4586,0.05024,0.00111311,0.111373
1705888405838638451,0.03,3.33333,0.112195,13951.1,460.997,30.2628,21.2418,0.0462998,19.1493,0.05024,0.00128324,0.123191
1705888405838638451,0.04,2.5,0.102439,19922.5,460.997,43.2161,29.1949,0.0462998,25.8464,0.05024,0.00138924,0.126388
1705888405938467369,0.0005,200,1,41.2958,502.066,0.0822517,0.163509,0.149455,0.0723281,0.0479658,4.92669e-06,0.000476498
1705888405938467369,0.001,100,0.930876,164.19,502.066,0.327028,0.663284,0.149455,0.283521,0.0479658,1.95045e-05,0.0019421
1705888405938467369,0.002,50,0.705069,633.514,502.066,1.26181,2.25041,0.149455,0.930908,0.0479658,6.2475e-05,0.00660953
1705888405938467369,0.003,33.3333,0.543779,1346.02,502.066,2.68096,3.935,0.149455,1.69451,0.0479658,0.000100347,0.011625
1705888405938467369,0.005,20,0.364055,2822.61,502.066,5.62198,8.1637,0.149455,3.32798,0.0479658,0.000187512,0.0238142
1705888405938467369,0.01,10,0.156682,6363.2,502.066,12.674,19.9291,0.149455,7.55716,0.0479658,0.000400068,0.054049
1705888405938467369,0.02,5,0.0829493,13644.6,502.066,27.1769,41.6744,0.149455,16.1099,0.0479658,0.000684801,0.097256
1705888405938467369,0.03,3.33333,0.0506912,20988.4,502.066,41.8041,61.9176,0.149455,24.6817,0.0479658,0.000861947,0.127412
1705888405938467369,0.04,2.5,0.0460829,28476.5,502.066,56.7187,81.8824,0.149455,33.2567,0.0479658,0.000987808,0.150945
1705888406038311662,0.0005,200,1,18.0362,499.512,0.0361077,0.196611,0.0490264,0.0884152,0.0879738,3.35197e-05,0.00368469
1705888406038311662,0.001,100,0.914027,71.1106,499.512,0.14236,0.725449,0.0490264,0.347771,0.0879738,0.000122974,0.0133638
1705888406038311662,0.002,50,0.61086,257.152,499.512,0.514806,1.98934,0.0490264,1.1415,0.0879738,0.000321934,0.034916
1705888406038311662,0.003,33.3333,0.461538,503.3,499.512,1.00758,3.32985,0.0490264,2.04652,0.0879738,0.00051326,0.0554279
1705888406038311662,0.005,20,0.303167,1057.8,499.512,2.11766,6.10342,0.0490264,3.94688,0.0879738,0.000862553,0.090513
1705888406038311662,0.01,10,0.180995,2709.78,499.512,5.42486,12.7448,0.0490264,8.80902,0.0879738,0.00137653,0.140954
1705888406038311662,0.02,5,0.0904977,6627.78,499.512,13.2685,25.3602,0.0490264,18.624,0.0879738,0.00173973,0.175797
1705888406038311662,0.03,3.33333,0.0588235,10709.4,499.512,21.4398,38.2501,0.0490264,28.4641,0.0879738,0.00189797,0.193515
1705888406038311662,0.04,2.5,0.040724,14759.2,499.512,29.5473,50.9291,0.0490264,38.3107,0.0879738,0.00200724,0.20192
1705888406138146083,0.0005,200,1,24.1337,554.794,0.0435002,0.177797,0.057345,0.0848169,0.0844613,0.000304566,0.021828
1705888406138146083,0.001,100,0.944882,94.9897,554.794,0.171216,0.630425,0.057345,0.335547,0.0844613,0.000984282,0.0667845
1705888406138146083,0.002,50,0.661417,328.317,554.794,0.591782,1.55984,0.057345,1.13688,0.0844613,0.0019137,0.118218
1705888406138146083,0.003,33.3333,0.496063,634.935,554.794,1.14445,2.87338,0.057345,2.07131,0.0844613,0.00284365,0.174454
1705888406138146083,0.005,20,0.350394,1333.49,554.794,2.40358,5.00218,0.057345,4.0421,0.0844613,0.00369454,0.241347
1705888406138146083,0.01,10,0.185039,3397.97,554.794,6.12474,10.6726,0.057345,9.12231,0.0844613,0.00462838,0.335342
1705888406138146083,0.02,5,0.0905512,8034,554.794,14.4811,22.955,0.057345,19.4011,0.0844613,0.005298,0.375949
1705888406138146083,0.03,3.33333,0.0669291,12993.7,554.794,23.4207,34.8041,0.057345,29.7039,0.0844613,0.00552692,0.370897
1705888406138146083,0.04,2.5,0.0472441,18301.3,554.794,32.9876,46.2018,0.057345,40.0133,0.0844613,0.00566194,0.351565
1705888406237989728,0.0005,200,1,30.2292,588.236,0.0513896,0.415749,0.0248564,0.0849391,0.0623019,0.00025964,0.0220085
1705888406237989728,0.001,100,0.944444,118.86,588.236,0.202061,1.55909,0.0248564,0.334743,0.0623019,0.000905778,0.0767326
1705888406237989728,0.002,50,0.725926,423.826,588.236,0.720504,4.00495,0.0248564,1.1244,0.0623019,0.00184281,0.159495
1705888406237989728,0.003,33.3333,0.5,835.786,588.236,1.42084,6.17405,0.0248564,2.06766,0.0623019,0.00223827,0.196278
1705888406237989728,0.005,20,0.340741,1848.11,588.236,3.14179,9.95036,0.0248564,4.0761,0.0623019,0.00238552,0.210925
1705888406237989728,0.01,10,0.17037,5400.29,588.236,9.18049,18.8947,0.0248564,9.26635,0.0623019,0.00221742,0.191316
1705888406237989728,0.02,5,0.0777778,14141.7,588.236,24.0409,37.6255,0.0248564,19.7713,0.0623019,0.0026967,0.176236
1705888406237989728,0.03,3.33333,0.0592593,22768.1,588.236,38.7058,56.0691,0.0248564,30.3011,0.0623019,0.00364532,0.161633
1705888406237989728,0.04,2.5,0.0407407,31879,588.236,54.1943,74.7654,0.0248564,40.8379,0.0623019,0.00460943,0.156647
1705888406338625581,0.0005,200,1,34.32,633.676,0.0541601,0.142515,0.0828102,0.091248,0.0853822,5.52957e-06,0.000551067
1705888406338625581,0.001,100,0.933798,136.48,633.676,0.215378,0.491664,0.0828102,0.359385,0.0853822,1.97527e-05,0.00186169
1705888406338625581,0.002,50,0.700348,518.222,633.676,0.817803,0.815344,0.0828102,1.2085,0.0853822,3.34762e-05,0.0029878
1705888406338625581,0.003,33.3333,0.498258,980.065,633.676,1.54663,1.24199,0.0828102,2.21961,0.0853822,5.10052e-05,0.00444725
1705888406338625581,0.005,20,0.348432,2040.96,633.676,3.22082,2.73694,0.0828102,4.36168,0.0853822,0.000108631,0.00939489
1705888406338625581,0.01,10,0.205575,5226.94,633.676,8.24859,6.42369,0.0828102,9.87326,0.0853822,0.0002321,0.0194452
1705888406338625581,0.02,5,0.118467,12739.2,633.676,20.1036,15.3631,0.0828102,21.0197,0.0853822,0.000448752,0.0364334
1705888406338625581,0.03,3.33333,0.0696864,20777.4,633.676,32.7886,24.0533,0.0828102,32.2022,0.0853822,0.000598379,0.0466849
1705888406338625581,0.04,2.5,0.0522648,29281.2,633.676,46.2085,32.8437,0.0828102,43.3934,0.0853822,0.000719163,0.0536143
1705888406438462808,0.0005,200,1,20.3625,604.358,0.0336928,0.100906,0.259098,0.0823962,0.0802089,2.4222e-06,0.000186757
1705888406438462808,0.001,100,0.954717,80.9123,604.358,0.133881,0.371334,0.259098,0.328408,0.0802089,9.24354e-06,0.000671171
1705888406438462808,0.002,50,0.698113,296.581,604.358,0.490737,0.631219,0.259098,1.13053,0.0802089,2.20372e-05,0.000725177
1705888406438462808,0.003,33.3333,0.501887,594.522,604.358,0.983725,0.905019,0.259098,2.08297,0.0802089,3.49139e-05,0.00064988
1705888406438462808,0.005,20,0.316981,1290.82,604.358,2.13586,1.65828,0.259098,4.11193,0.0802089,5.87548e-05,0.00177291
1705888406438462808,0.01,10,0.158491,3455.65,604.358,5.71789,4.30923,0.259098,9.34306,0.0802089,0.000125529,0.00607839
1705888406438462808,0.02,5,0.0754717,8818.08,604.358,14.5908,9.44308,0.259098,19.9056,0.0802089,0.000253031,0.0120443
1705888406438462808,0.03,3.33333,0.0603774,15616.3,604.358,25.8394,13.8845,0.259098,30.4853,0.0802089,0.000367608,0.0148213
1705888406438462808,0.04,2.5,0.0490566,23857.7,604.358,39.4761,18.1267,0.259098,41.0695,0.0802089,0.000478114,0.0159746
1705888406538298732,0.0005,200,1,32.3833,560.937,0.0577308,0.27645,0.00659074,0.0789912,0.0796373,2.41837e-06,0.000223912
1705888406538298732,0.001,100,0.953488,127.479,560.937,0.227262,0.952025,0.00659074,0.312356,0.0796373,8.45864e-06,0.000765098
1705888406538298732,0.002,50,0.658915,431.009,560.937,0.768374,2.71822,0.00659074,1.0964,0.0796373,2.41478e-05,0.00217469
1705888406538298732,0.003,33.3333,0.445736,781.838,560.937,1.39381,4.48683,0.00659074,2.03934,0.0796373,3.94645e-05,0.00358378
1705888406538298732,0.005,20,0.306202,1571.19,560.937,2.80102,7.43785,0.00659074,4.02428,0.0796373,6.52372e-05,0.00587369
1705888406538298732,0.01,10,0.178295,3931.19,560.937,7.00825,14.2221,0.00659074,9.11862,0.0796373,0.000123325,0.0108992
1705888406538298732,0.02,5,0.0968992,9538.32,560.937,17.0043,28.2714,0.00659074,19.412,0.0796373,0.000234972,0.0203033
1705888406538298732,0.03,3.33333,0.0620155,15964.2,560.937,28.4598,40.1054,0.00659074,29.7281,0.0796373,0.000322244,0.0267724
1705888406538298732,0.04,2.5,0.0426357,22702.3,560.937,40.4722,53.1379,0.00659074,40.0505,0.0796373,0.000409433,0.0332855
1705888406638141127,0.0005,200,1,29.7804,532.124,0.0559651,0.216379,0.0591504,0.0963119,0.0624023,3.11704e-05,0.00335662
1705888406638141127,0.001,100,0.900763,118.511,532.124,0.222714,0.82677,0.0591504,0.381344,0.0624023,0.000116311,0.0126495
1705888406638141127,0.002,50,0.645038,434.535,532.124,0.816606,2.6281,0.0591504,1.27872,0.0624023,0.00033027,0.0380327
1705888406638141127,0.003,33.3333,0.450382,821.63,532.124,1.54406,4.55138,0.0591504,2.32776,0.0624023,0.000509937,0.0615968
1705888406638141127,0.005,20,0.255725,1611.71,532.124,3.02883,8.46458,0.0591504,4.54522,0.0624023,0.000774931,0.101203
1705888406638141127,0.01,10,0.129771,3761.27,532.124,7.0684,16.7419,0.0591504,10.2322,0.0624023,0.00108359,0.15463
1705888406638141127,0.02,5,0.0572519,8721.73,532.124,16.3904,31.619,0.0591504,21.695,0.0624023,0.00140865,0.202734
1705888406638141127,0.03,3.33333,0.0458015,14209.4,532.124,26.7032,46.6075,0.0591504,33.1725,0.0624023,0.00163973,0.228896
1705888406638141127,0.04,2.5,0.0381679,20270.7,532.124,38.094,61.9529,0.0591504,44.6546,0.0624023,0.00188917,0.24684
1705888406737975323,0.0005,200,1,22.3845,577.236,0.0387787,0.274101,0.0435711,0.0992327,0.0701616,0.00101083,0.0488983
1705888406737975323,0.001,100,0.938628,88.9509,577.236,0.154098,1.06399,0.0435711,0.393471,0.0701616,0.00336212,0.162274
1705888406737975323,0.002,50,0.65343,328.056,577.236,0.568322,3.08508,0.0435711,1.32561,0.0701616,0.00652315,0.303361
1705888406737975323,0.003,33.3333,0.440433,645.342,577.236,1.11799,5.42294,0.0435711,2.41421,0.0701616,0.00839055,0.340682
1705888406737975323,0.005,20,0.306859,1306.08,577.236,2.26265,9.26024,0.0435711,4.69882,0.0701616,0.00926118,0.326374
1705888406737975323,0.01,10,0.155235,3358.11,577.236,5.81757,17.9507,0.0435711,10.5694,0.0701616,0.00909936,0.259426
1705888406737975323,0.02,5,0.0613718,8052.47,577.236,13.95,34.3087,0.0435711,22.4366,0.0701616,0.00999776,0.217197
1705888406737975323,0.03,3.33333,0.0433213,13172.7,577.236,22.8203,50.6211,0.0435711,34.3221,0.0701616,0.0114583,0.19665
1705888406737975323,0.04,2.5,0.032491,18579.1,577.236,32.1863,66.8619,0.0435711,46.2117,0.0701616,0.0128602,0.182374
1705888406838599961,0.0005,200,1,37.8986,706.762,0.0536229,0.188484,0.0209307,0.11655,0.122453,5.29911e-05,0.00460283
1705888406838599961,0.001,100,0.958457,151.235,706.762,0.213983,0.714051,0.0209307,0.462864,0.122453,0.000193729,0.0168888
1705888406838599961,0.002,50,0.605341,568.613,706.762,0.804532,2.02612,0.0209307,1.61358,0.122453,0.000486805,0.045896
1705888406838599961,0.003,33.3333,0.388724,1122,706.762,1.58752,3.22415,0.0209307,2.9774,0.122453,0.000701617,0.0708647
1705888406838599961,0.005,20,0.255193,2472.97,706.762,3.49901,4.95744,0.0209307,5.84931,0.122453,0.000949144,0.104355
1705888406838599961,0.01,10,0.0919881,6413.57,706.762,9.07458,10.4071,0.0209307,13.2155,0.122453,0.00166339,0.169785
1705888406838599961,0.02,5,0.041543,14821.2,706.762,20.9705,22.6958,0.0209307,28.0459,0.122453,0.00264295,0.252127
1705888406838599961,0.03,3.33333,0.0267062,22861.9,706.762,32.3474,33.8614,0.0209307,42.892,0.122453,0.00335573,0.303779
1705888406838599961,0.04,2.5,0.0178042,30824,706.762,43.613,45.3649,0.0209307,57.7421,0.122453,0.00397062,0.335967
1705888406938447346,0.0005,200,0.995381,47.2362,949.782,0.0497337,0.191165,0.0536321,0.192727,0.237132,1.01208e-05,0.00101266
1705888406938447346,0.001,100,0.91455,182.949,949.782,0.192622,0.503643,0.0536321,0.746446,0.237132,2.76368e-05,0.00256254
1705888406938447346,0.002,50,0.56351,600.71,949.782,0.632471,1.32609,0.0536321,2.45466,0.237132,7.35891e-05,0.00650168
1705888406938447346,0.003,33.3333,0.404157,1127.02,949.782,1.18661,2.28648,0.0536321,4.39681,0.237132,0.000124538,0.0109399
1705888406938447346,0.005,20,0.26097,2368.48,949.782,2.49371,4.06522,0.0536321,8.44073,0.237132,0.000215928,0.017897
1705888406938447346,0.01,10,0.140878,6163.44,949.782,6.48932,9.3703,0.0536321,18.7531,0.237132,0.000428527,0.0336812
1705888406938447346,0.02,5,0.0623557,16073.6,949.782,16.9234,21.0257,0.0536321,39.5337,0.237132,0.000698359,0.0498976
1705888406938447346,0.03,3.33333,0.0461894,27447.6,949.782,28.8988,32.3242,0.0536321,60.3442,0.237132,0.000870575,0.055664
1705888406938447346,0.04,2.5,0.0277136,40921.1,949.782,43.0848,44.5735,0.0536321,81.1633,0.237132,0.00102609,0.0587882
1705888407038283538,0.0005,200,1,93.1985,1440.89,0.0646813,0.637697,0.607998,0.282624,0.478117,2.83568e-06,0.000319985
1705888407038283538,0.001,100,0.921797,364.563,1440.89,0.253013,2.09246,0.607998,1.10443,0.478117,9.30795e-06,0.00104673
1705888407038283538,0.002,50,0.529118,1240.18,1440.89,0.860706,4.88771,0.607998,3.64626,0.478117,2.15559e-05,0.00242997
1705888407038283538,0.003,33.3333,0.33777,2247.52,1440.89,1.55982,7.0131,0.607998,6.53555,0.478117,3.09879e-05,0.0034566
1705888407038283538,0.005,20,0.219634,4326.71,1440.89,3.00281,13.4009,0.607998,12.5064,0.478117,5.9095e-05,0.00649914
1705888407038283538,0.01,10,0.1198,10276.2,1440.89,7.13185,28.5031,0.607998,27.6642,0.478117,0.000120722,0.01332
1705888407038283538,0.02,5,0.0615641,24072.5,1440.89,16.7067,56.8973,0.607998,58.1536,0.478117,0.000221273,0.0244905
1705888407038283538,0.03,3.33333,0.0432612,38703.1,1440.89,26.8606,85.7091,0.607998,88.6789,0.478117,0.000307731,0.034144
1705888407038283538,0.04,2.5,0.031614,54794.3,1440.89,38.0281,114.868,0.607998,119.215,0.478117,0.000381553,0.0424471
1705888407138130448,0.0005,200,0.998645,91.3774,2081.26,0.0439049,0.306521,0.292178,0.316066,0.653283,4.12218e-06,0.000365748
1705888407138130448,0.001,100,0.940379,358.294,2081.26,0.172153,1.01276,0.292178,1.2425,0.653283,1.22914e-05,0.0012549
1705888407138130448,0.002,50,0.552846,1219.58,2081.26,0.58598,2.43277,0.292178,4.18793,0.653283,2.582e-05,0.00312687
1705888407138130448,0.003,33.3333,0.382114,2293,2081.26,1.10174,4.12739,0.292178,7.54899,0.653283,4.45419e-05,0.00524451
1705888407138130448,0.005,20,0.214092,4784.27,2081.26,2.29874,8.51253,0.292178,14.5545,0.653283,9.34576e-05,0.0103917
1705888407138130448,0.01,10,0.102981,12151.6,2081.26,5.83858,18.1484,0.292178,32.4112,0.653283,0.000173534,0.0209588
1705888407138130448,0.02,5,0.0474255,27543.5,2081.26,13.234,36.8623,0.292178,68.3349,0.653283,0.000287909,0.038345
1705888407138130448,0.03,3.33333,0.0352304,44431.4,2081.26,21.3483,54.747,0.292178,104.294,0.653283,0.00038308,0.0523836
1705888407138130448,0.04,2.5,0.0298103,63188.6,2081.26,30.3607,72.3767,0.292178,140.263,0.653283,0.000466487,0.0645544
1705888407237948469,0.0005,200,0.997503,156.741,2489.93,0.0629502,0.595823,0.488966,0.30816,0.639753,1.50055e-06,0.000174621
1705888407237948469,0.001,100,0.947566,585.085,2489.93,0.234981,2.17641,0.488966,1.20714,0.639753,5.61209e-06,0.000632688
1705888407237948469,0.002,50,0.599251,1804.82,2489.93,0.724848,4.86027,0.488966,4.0972,0.639753,1.22464e-05,0.00141237
1705888407237948469,0.003,33.3333,0.420724,3365.99,2489.93,1.35184,6.65869,0.488966,7.46173,0.639753,1.65702e-05,0.00192537
1705888407237948469,0.005,20,0.240949,7173.57,2489.93,2.88104,9.19657,0.488966,14.53,0.639753,2.34223e-05,0.00259204
1705888407237948469,0.01,10,0.127341,17823.1,2489.93,7.1581,19.0491,0.488966,32.5755,0.639753,4.78586e-05,0.00511851
1705888407237948469,0.02,5,0.0586767,39957.9,2489.93,16.0478,40.5723,0.488966,68.9143,0.639753,9.42218e-05,0.0100673
1705888407237948469,0.03,3.33333,0.0399501,63264.4,2489.93,25.4082,62.9632,0.488966,105.309,0.639753,0.000136406,0.0145135
1705888407237948469,0.04,2.5,0.031211,88024.3,2489.93,35.3522,86.4156,0.488966,141.718,0.639753,0.000175667,0.0185333
1705888407338580460,0.0005,200,1,113.753,2414.57,0.0471111,0.256886,0.0299919,0.314158,0.35801,7.24366e-05,0.00268087
1705888407338580460,0.001,100,0.932515,452.262,2414.57,0.187306,1.03955,0.0299919,1.24462,0.35801,0.000275949,0.0107873
1705888407338580460,0.002,50,0.604908,1574.22,2414.57,0.651969,2.66064,0.0299919,4.20093,0.35801,0.000684784,0.0221442
1705888407338580460,0.003,33.3333,0.417178,3073.48,2414.57,1.27289,4.35822,0.0299919,7.62351,0.35801,0.00104911,0.0304209
1705888407338580460,0.005,20,0.269939,6776.23,2414.57,2.8064,8.19105,0.0299919,14.7884,0.35801,0.00161896,0.0452102
1705888407338580460,0.01,10,0.130061,18962.4,2414.57,7.85333,17.3049,0.0299919,33.11,0.35801,0.00257793,0.0549099
1705888407338580460,0.02,5,0.0613497,49022,2414.57,20.3026,37.6126,0.0299919,70.0415,0.35801,0.00398492,0.0647311
1705888407338580460,0.03,3.33333,0.0380368,82443.1,2414.57,34.144,58.9028,0.0299919,107.034,0.35801,0.00508693,0.081042
1705888407338580460,0.04,2.5,0.0257669,118126,2414.57,48.922,80.1322,0.0299919,144.039,0.35801,0.0060192,0.0959403
1705888407438426173,0.0005,200,1,108.79,2192.23,0.0496253,1.2722,0.338578,0.316521,0.295756,5.92704e-06,0.000729958
1705888407438426173,0.001,100,0.933673,429.315,2192.23,0.195835,4.90424,0.338578,1.25466,0.295756,2.28771e-05,0.00280336
1705888407438426173,0.002,50,0.558673,1480.61,2192.23,0.675389,13.8507,0.338578,4.2573,0.295756,6.65589e-05,0.00777432
1705888407438426173,0.003,33.3333,0.362245,2791.83,2192.23,1.27351,22.3019,0.338578,7.73207,0.295756,0.000106769,0.0123603
1705888407438426173,0.005,20,0.232143,5929.68,2192.23,2.70486,38.4807,0.338578,14.9503,0.295756,0.000181436,0.0207378
1705888407438426173,0.01,10,0.130102,16148.2,2192.23,7.36613,79.8435,0.338578,33.3174,0.295756,0.000359877,0.0396888
1705888407438426173,0.02,5,0.0714286,40652.8,2192.23,18.5441,164.526,0.338578,70.2912,0.295756,0.000662175,0.0698824
1705888407438426173,0.03,3.33333,0.0446429,66057.1,2192.23,30.1324,249.627,0.338578,107.325,0.295756,0.000884607,0.0926157
1705888407438426173,0.04,2.5,0.0318878,93535.3,2192.23,42.6668,335.777,0.338578,144.375,0.295756,0.0010549,0.109868
1705888407538275936,0.0005,200,1,117.572,1803.26,0.0652,0.20815,0.748994,0.30462,0.27464,4.1786e-07,2.98287e-05
1705888407538275936,0.001,100,0.904832,462.919,1803.26,0.256713,0.832428,0.748994,1.19849,0.27464,1.87492e-06,0.000108898
1705888407538275936,0.002,50,0.554905,1470.12,1803.26,0.81526,2.47382,0.748994,3.96073,0.27464,5.85796e-06,0.000305754
1705888407538275936,0.003,33.3333,0.380673,2543.72,1803.26,1.41063,4.2239,0.748994,7.10927,0.27464,9.92514e-06,0.000525936
1705888407538275936,0.005,20,0.224012,5056.51,1803.26,2.8041,7.73844,0.748994,13.6677,0.27464,1.84732e-05,0.000939639
1705888407538275936,0.01,10,0.115666,12659.2,1803.26,7.02019,17.9184,0.748994,30.3576,0.27464,4.31174e-05,0.00209034
1705888407538275936,0.02,5,0.0600293,30620.4,1803.26,16.9806,40.2878,0.748994,63.9257,0.27464,9.23529e-05,0.00465351
1705888407538275936,0.03,3.33333,0.0366032,48406.6,1803.26,26.844,60.7638,0.748994,97.542,0.27464,0.000136432,0.00679885
1705888407538275936,0.04,2.5,0.0278184,67114.2,1803.26,37.2184,80.9729,0.748994,131.17,0.27464,0.000178457,0.00877956
1705888407638115620,0.0005,200,1,84.2594,1359.86,0.0619618,0.296541,0.230651,0.216463,0.189319,7.41658e-06,0.000719403
1705888407638115620,0.001,100,0.935543,323.178,1359.86,0.237655,0.889525,0.230651,0.853136,0.189319,2.20093e-05,0.00213568
1705888407638115620,0.002,50,0.60221,1099.05,1359.86,0.808212,2.37477,0.230651,2.855,0.189319,5.8084e-05,0.00549176
1705888407638115620,0.003,33.3333,0.414365,2146.09,1359.86,1.57817,3.95656,0.230651,5.16206,0.189319,9.23258e-05,0.00881463
1705888407638115620,0.005,20,0.259669,4671.61,1359.86,3.43536,7.36446,0.230651,9.9887,0.189319,0.000154849,0.015095
1705888407638115620,0.01,10,0.143646,13034.4,1359.86,9.58508,15.8336,0.230651,22.3072,0.189319,0.000255178,0.0251494
1705888407638115620,0.02,5,0.0755064,33783.1,1359.86,24.8431,33.7548,0.230651,47.1215,0.189319,0.000346634,0.034833
1705888407638115620,0.03,3.33333,0.0570902,60324.1,1359.86,44.3606,52.4751,0.230651,71.9768,0.189319,0.000366617,0.0381567
1705888407638115620,0.04,2.5,0.0441989,92805.3,1359.86,68.2462,71.0868,0.230651,96.8451,0.189319,0.000358134,0.039158
1705888407737947998,0.0005,200,1,58.0059,976.782,0.0593847,0.303596,0.0654877,0.155669,0.0826664,1.59259e-05,0.00178298
1705888407737947998,0.001,100,0.9175,229.105,976.782,0.234551,1.16928,0.0654877,0.615449,0.0826664,6.03965e-05,0.0067714
1705888407737947998,0.002,50,0.5825,781.654,976.782,0.800234,3.62658,0.0654877,2.06827,0.0826664,0.000180897,0.0198893
1705888407737947998,0.003,33.3333,0.4125,1428.35,976.782,1.4623,5.6928,0.0654877,3.74949,0.0826664,0.000269819,0.0295506
1705888407737947998,0.005,20,0.27,2913.29,976.782,2.98254,10.4571,0.0654877,7.26317,0.0826664,0.000444786,0.0485775
1705888407737947998,0.01,10,0.1475,7467.68,976.782,7.64519,23.4121,0.0654877,16.247,0.0826664,0.000752977,0.0833048
1705888407737947998,0.02,5,0.0725,20077.8,976.782,20.555,52.1085,0.0654877,34.3424,0.0826664,0.000976007,0.114977
1705888407737947998,0.03,3.33333,0.0475,35643.5,976.782,36.4907,81.536,0.0654877,52.4708,0.0826664,0.00103722,0.125924
1705888407737947998,0.04,2.5,0.0425,49895.3,976.782,51.0813,107.86,0.0654877,70.6056,0.0826664,0.00107975,0.134642
1705888407838583918,0.0005,200,1,30.3692,673.441,0.0450956,0.15399,0.0186515,0.107796,0.060457,1.9407e-05,0.00211088
1705888407838583918,0.001,100,0.941748,120.469,673.441,0.178886,0.571665,0.0186515,0.426289,0.060457,7.25627e-05,0.007706
1705888407838583918,0.002,50,0.653722,433.499,673.441,0.643707,1.81951,0.0186515,1.45175,0.060457,0.000230041,0.0231357
1705888407838583918,0.003,33.3333,0.427184,853.062,673.441,1.26672,2.90537,0.0186515,2.66967,0.060457,0.000351272,0.0351347
1705888407838583918,0.005,20,0.262136,1955.68,673.441,2.90401,4.6619,0.0186515,5.23443,0.060457,0.000493697,0.049328
1705888407838583918,0.01,10,0.148867,5805.62,673.441,8.62084,9.90738,0.0186515,11.8017,0.060457,0.000702995,0.0741032
1705888407838583918,0.02,5,0.0679612,16414.2,673.441,24.3737,18.9122,0.0186515,25.0396,0.060457,0.000682924,0.0894912
1705888407838583918,0.03,3.33333,0.038835,30106.2,673.441,44.705,28.9975,0.0186515,38.3053,0.060457,0.000683426,0.100666
1705888407838583918,0.04,2.5,0.0323625,47218,673.441,70.1146,39.5492,0.0186515,51.5781,0.060457,0.000680912,0.106176
1705888407938422749,0.0005,200,1,23.6118,587.951,0.0401595,0.0530795,0.0338637,0.0971554,0.0699551,1.68886e-06,0.000787809
1705888407938422749,0.001,100,0.937037,93.9898,587.951,0.15986,0.189011,0.0338637,0.380748,0.0699551,1.25725e-05,0.00273088
1705888407938422749,0.002,50,0.633333,348.568,587.951,0.592851,0.589669,0.0338637,1.29632,0.0699551,5.29451e-05,0.00809171
1705888407938422749,0.003,33.3333,0.422222,699.333,587.951,1.18944,1.42531,0.0338637,2.38488,0.0699551,0.000143365,0.0174835
1705888407938422749,0.005,20,0.244444,1616.09,587.951,2.74867,3.20386,0.0338637,4.67679,0.0699551,0.000301045,0.0325911
1705888407938422749,0.01,10,0.133333,4731.36,587.951,8.04719,8.46264,0.0338637,10.5257,0.0699551,0.000577404,0.0570916
1705888407938422749,0.02,5,0.0666667,11582.4,587.951,19.6996,22.1873,0.0338637,22.3118,0.0699551,0.000858945,0.0863774
1705888407938422749,0.03,3.33333,0.0407407,18494.2,587.951,31.4553,33.6033,0.0338637,34.1206,0.0699551,0.00090182,0.0941947
1705888407938422749,0.04,2.5,0.0259259,25808.6,587.951,43.8957,45.1564,0.0338637,45.9344,0.0699551,0.000899598,0.0975271
1705888408038258960,0.0005,200,1,19.3115,589.685,0.0327488,0.294927,0.160339,0.0840546,0.0617217,1.78675e-05,0.00169073
1705888408038258960,0.001,100,0.961832,76.6048,589.685,0.129908,1.15916,0.160339,0.334051,0.0617217,7.01259e-05,0.00659768
1705888408038258960,0.002,50,0.637405,261.646,589.685,0.443705,3.26449,0.160339,1.16911,0.0617217,0.000194378,0.0182463
1705888408038258960,0.003,33.3333,0.442748,489.685,589.685,0.830418,5.30544,0.160339,2.16716,0.0617217,0.000310537,0.0289935
1705888408038258960,0.005,20,0.259542,1052.32,589.685,1.78454,9.44656,0.160339,4.27648,0.0617217,0.000523675,0.0492012
1705888408038258960,0.01,10,0.133588,2808.95,589.685,4.76347,19.4424,0.160339,9.68236,0.0617217,0.000928705,0.0881159
1705888408038258960,0.02,5,0.0648855,7616.82,589.685,12.9168,38.7577,0.160339,20.5849,0.0617217,0.00134765,0.129244
1705888408038258960,0.03,3.33333,0.0419847,13233.5,589.685,22.4417,56.8779,0.160339,31.5087,0.0617217,0.00153085,0.148303
1705888408038258960,0.04,2.5,0.0305344,18294.9,589.685,31.0248,75.5375,0.160339,42.4372,0.0617217,0.00170076,0.165865
1705888408138105631,0.0005,200,1,30.1121,643.081,0.0468248,0.263767,0.0580832,0.107392,0.065736,2.26878e-05,0.0029014
1705888408138105631,0.001,100,0.927835,118.73,643.081,0.184626,1.00367,0.0580832,0.423143,0.065736,8.33257e-05,0.0109441
1705888408138105631,0.002,50,0.656357,423.57,643.081,0.658657,2.81911,0.0580832,1.40909,0.065736,0.000211642,0.0298159
1705888408138105631,0.003,33.3333,0.446735,858.527,643.081,1.33502,4.73843,0.0580832,2.56555,0.065736,0.000307203,0.0483083
1705888408138105631,0.005,20,0.278351,1927.55,643.081,2.99737,8.30087,0.0580832,5.00136,0.065736,0.000429997,0.0775956
1705888408138105631,0.01,10,0.151203,5545.4,643.081,8.62317,18.3119,0.0580832,11.241,0.065736,0.000626342,0.13294
1705888408138105631,0.02,5,0.0756014,13526.9,643.081,21.0345,36.7106,0.0580832,23.8245,0.065736,0.000546965,0.206802
1705888408138105631,0.03,3.33333,0.0584192,23154.4,643.081,36.0054,56.0589,0.0580832,36.4288,0.065736,0.000386979,0.26151
1705888408138105631,0.04,2.5,0.04811,33693.3,643.081,52.3935,76.5623,0.0580832,49.0391,0.065736,0.000283675,0.297476
1705888408237949732,0.0005,200,1,30.7192,655.503,0.0468636,0.317708,0.130753,0.108133,0.0467609,3.4731e-05,0.00322226
1705888408237949732,0.001,100,0.94898,119.043,655.503,0.181606,0.949438,0.130753,0.426212,0.0467609,0.00010411,0.00946801
1705888408237949732,0.002,50,0.612245,401.763,655.503,0.612909,2.60472,0.130753,1.45195,0.0467609,0.000280455,0.024787
1705888408237949732,0.003,33.3333,0.404762,774.591,655.503,1.18167,4.42609,0.130753,2.65308,0.0467609,0.00045384,0.0403535
1705888408237949732,0.005,20,0.282313,1697.63,655.503,2.58981,8.80288,0.130753,5.16172,0.0467609,0.000805225,0.0718876
1705888408237949732,0.01,10,0.153061,4651.5,655.503,7.09608,20.0879,0.130753,11.5754,0.0467609,0.00139146,0.124405
1705888408237949732,0.02,5,0.0884354,12361.6,655.503,18.8582,41.7789,0.130753,24.4993,0.0467609,0.00180344,0.166346
1705888408237949732,0.03,3.33333,0.0578231,22332.1,655.503,34.0687,63.484,0.130753,37.4477,0.0467609,0.00187727,0.182514
1705888408237949732,0.04,2.5,0.0408163,33780.7,655.503,51.534,84.3417,0.130753,50.4053,0.0467609,0.00181829,0.188426
1705888408338593170,0.0005,200,1,32.3688,726.882,0.044531,0.152381,0.035191,0.120595,0.0455586,1.38078e-05,0.00123401
1705888408338593170,0.001,100,0.948553,127.102,726.882,0.174859,0.430181,0.035191,0.474543,0.0455586,3.76375e-05,0.00351031
1705888408338593170,0.002,50,0.601286,454.953,726.882,0.625897,1.4193,0.035191,1.60517,0.0455586,0.000111365,0.0116137
1705888408338593170,0.003,33.3333,0.411576,877.768,726.882,1.20758,2.47147,0.035191,2.91759,0.0455586,0.000180177,0.0198633
1705888408338593170,0.005,20,0.237942,1831.55,726.882,2.51974,4.25287,0.035191,5.67131,0.0455586,0.000303375,0.0306916
1705888408338593170,0.01,10,0.118971,4697.57,726.882,6.46264,8.75149,0.035191,12.7135,0.0455586,0.000487728,0.0550967
1705888408338593170,0.02,5,0.0578778,10653.8,726.882,14.6568,17.9288,0.035191,26.8994,0.0455586,0.000708404,0.0898793
1705888408338593170,0.03,3.33333,0.0321543,16648.1,726.882,22.9035,26.2244,0.035191,41.1092,0.0455586,0.00080734,0.110666
1705888408338593170,0.04,2.5,0.022508,22950,726.882,31.5732,34.4391,0.035191,55.3249,0.0455586,0.000872499,0.125967
1705888408438427441,0.0005,200,1,57.8922,778.164,0.0743959,0.389274,2.7467,0.115811,0.0496001,8.14377e-07,7.71203e-05
1705888408438427441,0.001,100,0.934718,230.868,778.164,0.296683,1.54459,2.7467,0.458291,0.0496001,3.22993e-06,0.000305851
1705888408438427441,0.002,50,0.673591,866.695,778.164,1.11377,4.91031,2.7467,1.54519,0.0496001,1.02502e-05,0.000970634
1705888408438427441,0.003,33.3333,0.47181,1718.43,778.164,2.20832,8.34399,2.7467,2.83192,0.0496001,1.73945e-05,0.00164463
1705888408438427441,0.005,20,0.284866,3652.36,778.164,4.69355,14.6122,2.7467,5.56823,0.0496001,3.03649e-05,0.00286046
1705888408438427441,0.01,10,0.127596,9558.27,778.164,12.2831,30.1236,2.7467,12.6059,0.0496001,6.16224e-05,0.00578984
1705888408438427441,0.02,5,0.0593472,22943.3,778.164,29.4839,62.1301,2.7467,26.789,0.0496001,0.00012249,0.0115435
1705888408438427441,0.03,3.33333,0.0474777,37903.1,778.164,48.7083,92.742,2.7467,40.9921,0.0496001,0.000176784,0.0166712
1705888408438427441,0.04,2.5,0.0445104,55359.1,778.164,71.1407,122.871,2.7467,55.2001,0.0496001,0.000226305,0.0213517
1705888408538260456,0.0005,200,1,43.7271,743.452,0.0588163,0.0797074,0.0132447,0.105646,0.0445864,4.78353e-05,0.0110916
1705888408538260456,0.001,100,0.943218,173.011,743.452,0.232713,0.321943,0.0132447,0.419395,0.0445864,0.000185645,0.0395648
1705888408538260456,0.002,50,0.665615,594.35,743.452,0.799446,0.61453,0.0132447,1.41642,0.0445864,0.000214016,0.068263
1705888408538260456,0.003,33.3333,0.504732,1155.73,743.452,1.55454,0.945509,0.0132447,2.57394,0.0445864,0.000361134,0.0826048
1705888408538260456,0.005,20,0.343849,2520.4,743.452,3.39013,1.22412,0.0132447,5.02443,0.0445864,0.000413027,0.0938859
1705888408538260456,0.01,10,0.179811,6850.15,743.452,9.21398,3.89664,0.0132447,11.3464,0.0445864,0.000868968,0.139508
1705888408538260456,0.02,5,0.0883281,17730.4,743.452,23.8488,10.732,0.0132447,24.1276,0.0445864,0.00130699,0.176328
1705888408538260456,0.03,3.33333,0.0630915,30552,743.452,41.0948,18.1727,0.0132447,36.941,0.0445864,0.00152679,0.188911
1705888408538260456,0.04,2.5,0.0536278,45747.3,743.452,61.5337,27.638,0.0132447,49.762,0.0445864,0.00163279,0.1879
1705888408638093461,0.0005,200,1,86.0646,688.001,0.125094,0.317713,0.0432908,0.0920443,0.0502634,2.29225e-05,0.00218997
1705888408638093461,0.001,100,0.966887,343.833,688.001,0.499757,1.29326,0.0432908,0.365858,0.0502634,9.08651e-05,0.00865412
1705888408638093461,0.002,50,0.711921,1050.57,688.001,1.52699,3.47538,0.0432908,1.25174,0.0502634,0.000224655,0.0217038
1705888408638093461,0.003,33.3333,0.529801,1763.41,688.001,2.56309,5.32325,0.0432908,2.29494,0.0502634,0.000326988,0.0311663
1705888408638093461,0.005,20,0.321192,3384.89,688.001,4.91989,8.57589,0.0432908,4.52882,0.0502634,0.000465392,0.0449898
1705888408638093461,0.01,10,0.172185,7896.2,688.001,11.477,16.7551,0.0432908,10.3101,0.0502634,0.000718081,0.0736398
1705888408638093461,0.02,5,0.0794702,17093.1,688.001,24.8446,33.0226,0.0432908,22.0046,0.0502634,0.00102299,0.111529
1705888408638093461,0.03,3.33333,0.0496689,26339.4,688.001,38.2839,49.3251,0.0432908,33.73,0.0502634,0.00121195,0.136827
1705888408638093461,0.04,2.5,0.0397351,35788.1,688.001,52.0175,65.8181,0.0432908,45.4621,0.0502634,0.00134575,0.156569
1705888408737933530,0.0005,200,1,37.5621,675.5,0.0556063,0.139152,0.887755,0.10357,0.0548408,3.23245e-07,3.23268e-05
1705888408737933530,0.001,100,0.943709,149.603,675.5,0.22147,0.523739,0.887755,0.411402,0.0548408,1.21995e-06,0.000121498
1705888408737933530,0.002,50,0.639073,534.936,675.5,0.791911,1.84982,0.887755,1.40389,0.0548408,4.34606e-06,0.000427256
1705888408737933530,0.003,33.3333,0.476821,1011.66,675.5,1.49765,3.06951,0.887755,2.56848,0.0548408,7.26387e-06,0.000705753
1705888408737933530,0.005,20,0.278146,2092.79,675.5,3.09813,4.65552,0.887755,5.03603,0.0548408,1.10227e-05,0.00106542
1705888408737933530,0.01,10,0.139073,5303.46,675.5,7.85116,8.35554,0.887755,11.3592,0.0548408,1.96404e-05,0.00189123
1705888408737933530,0.02,5,0.0927152,13112.4,675.5,19.4114,17.4277,0.887755,24.0983,0.0548408,4.00721e-05,0.00384962
1705888408737933530,0.03,3.33333,0.0596026,22727.5,675.5,33.6455,25.9454,0.887755,36.8657,0.0548408,5.83296e-05,0.0055589
1705888408737933530,0.04,2.5,0.0430464,32665.3,675.5,48.3572,34.0145,0.887755,49.6414,0.0548408,7.42901e-05,0.00708309
1705888408838566318,0.0005,200,1,33.9729,611.488,0.0555577,0.0892504,0.00315089,0.10478,0.0486406,0.000121774,0.00898143
1705888408838566318,0.001,100,0.927007,131.82,611.488,0.215572,0.349672,0.00315089,0.415282,0.0486406,0.000433929,0.0330551
1705888408838566318,0.002,50,0.624088,406.494,611.488,0.664761,1.35818,0.00315089,1.37527,0.0486406,0.00131869,0.100529
1705888408838566318,0.003,33.3333,0.489051,765.052,611.488,1.25113,2.78136,0.00315089,2.46699,0.0486406,0.00200863,0.147789
1705888408838566318,0.005,20,0.317518,1646.64,611.488,2.69284,5.25038,0.00315089,4.76475,0.0486406,0.0023696,0.185522
1705888408838566318,0.01,10,0.175182,4500.92,611.488,7.3606,11.5674,0.00315089,10.6586,0.0486406,0.00216316,0.193264
1705888408838566318,0.02,5,0.0839416,11046.6,611.488,18.0651,23.0511,0.00315089,22.5682,0.0486406,0.00199957,0.206957
1705888408838566318,0.03,3.33333,0.0583942,18227,611.488,29.8075,36.2943,0.00315089,34.5058,0.0486406,0.00209197,0.223737
1705888408838566318,0.04,2.5,0.0474453,26317.5,611.488,43.0384,50.0491,0.00315089,46.4495,0.0486406,0.00222841,0.236411
1705888408938396420,0.0005,200,1,15.9296,490.862,0.0324522,0.024914,0.00895522,0.0763941,0.039038,6.69344e-06,0.000749264
1705888408938396420,0.001,100,0.941964,63.1887,490.862,0.12873,0.14684,0.00895522,0.301249,0.039038,4.17645e-05,0.00431218
1705888408938396420,0.002,50,0.678571,229.747,490.862,0.468049,0.757526,0.00895522,1.01113,0.039038,0.000230125,0.0208003
1705888408938396420,0.003,33.3333,0.482143,456.043,490.862,0.929066,1.67586,0.00895522,1.85156,0.039038,0.000484187,0.0425552
1705888408938396420,0.005,20,0.299107,1056.08,490.862,2.15149,3.69056,0.00895522,3.63753,0.039038,0.000906439,0.0802266
1705888408938396420,0.01,10,0.147321,3107.67,490.862,6.33104,9.00574,0.00895522,8.23239,0.039038,0.00142157,0.131654
1705888408938396420,0.02,5,0.0803571,8637.6,490.862,17.5968,18.404,0.00895522,17.5033,0.039038,0.00147615,0.16953
1705888408938396420,0.03,3.33333,0.0535714,16143.1,490.862,32.8873,28.1604,0.00895522,26.7933,0.039038,0.00143394,0.201055
1705888408938396420,0.04,2.5,0.03125,22755,490.862,46.3572,36.9189,0.00895522,36.0904,0.039038,0.00152273,0.220218
1705888409038228940,0.0005,200,1,11.2519,455.656,0.0246939,0.0728195,0.0121086,0.0678067,0.0690266,5.5396e-06,0.000478568
1705888409038228940,0.001,100,0.962617,43.7598,455.656,0.0960368,0.214657,0.0121086,0.268488,0.0690266,1.62415e-05,0.00140442
1705888409038228940,0.002,50,0.649533,152.409,455.656,0.334482,0.98444,0.0121086,0.943716,0.0690266,7.11876e-05,0.00649343
1705888409038228940,0.003,33.3333,0.439252,285.636,455.656,0.626868,1.76237,0.0121086,1.76191,0.0690266,0.000125704,0.011468
1705888409038228940,0.005,20,0.238318,576.479,455.656,1.26516,3.15369,0.0121086,3.49477,0.0690266,0.000219436,0.0199885
1705888409038228940,0.01,10,0.116822,1452.03,455.656,3.18667,6.36143,0.0121086,7.925,0.0690266,0.000401885,0.0375457
1705888409038228940,0.02,5,0.0700935,3379.96,455.656,7.41778,12.6839,0.0121086,16.8451,0.0690266,0.000670815,0.0644884
1705888409038228940,0.03,3.33333,0.0607477,5467.82,455.656,11.9999,19.8424,0.0121086,25.7771,0.0690266,0.000911151,0.0871183
1705888409038228940,0.04,2.5,0.0514019,7695.21,455.656,16.8882,26.7837,0.0121086,34.7139,0.0690266,0.00108794,0.103109
1705888409138061752,0.0005,200,1,15.9441,449.356,0.0354821,0.112311,0.00281738,0.0585628,0.0538188,1.05577e-05,0.000922666
1705888409138061752,0.001,100,0.963636,63.6232,449.356,0.141588,0.424675,0.00281738,0.232805,0.0538188,3.97991e-05,0.00346729
1705888409138061752,0.002,50,0.718182,244.84,449.356,0.54487,1.30661,0.00281738,0.809996,0.0538188,0.000120628,0.0104623
1705888409138061752,0.003,33.3333,0.563636,515.712,449.356,1.14767,2.17031,0.00281738,1.5089,0.0538188,0.000193414,0.0169676
1705888409138061752,0.005,20,0.368182,1208.35,449.356,2.68907,3.65519,0.00281738,3.01376,0.0538188,0.000304901,0.0265556
1705888409138061752,0.01,10,0.195455,3510.46,449.356,7.8122,8.51145,0.00281738,6.91802,0.0538188,0.00059669,0.0506726
1705888409138061752,0.02,5,0.0863636,8446.3,449.356,18.7965,18.0645,0.00281738,14.8342,0.0538188,0.000953475,0.0793881
1705888409138061752,0.03,3.33333,0.0681818,14097.3,449.356,31.3723,26.4298,0.00281738,22.7718,0.0538188,0.00111057,0.0916709
1705888409138061752,0.04,2.5,0.0545455,20435.5,449.356,45.4774,33.6288,0.00281738,30.7149,0.0538188,0.00117948,0.0975691
1705888409238294188,0.0005,200,1,20.3758,413.955,0.0492223,0.115028,0.0542269,0.0638623,0.061008,7.24757e-06,0.000811291
1705888409238294188,0.001,100,0.935961,81.0268,413.955,0.195738,0.441485,0.0542269,0.253936,0.061008,2.77276e-05,0.00310676
1705888409238294188,0.002,50,0.674877,288.706,413.955,0.697434,1.44274,0.0542269,0.859543,0.061008,9.99776e-05,0.00966073
1705888409238294188,0.003,33.3333,0.541872,560.428,413.955,1.35384,2.67294,0.0542269,1.572,0.061008,0.000188416,0.0173302
1705888409238294188,0.005,20,0.344828,1202.94,413.955,2.90597,5.18537,0.0542269,3.09703,0.061008,0.000348265,0.0322844
1705888409238294188,0.01,10,0.167488,2933.73,413.955,7.08707,11.7501,0.0542269,7.0406,0.061008,0.00069125,0.0663613
1705888409238294188,0.02,5,0.0738916,6740.58,413.955,16.2834,23.9632,0.0542269,15.0202,0.061008,0.00112489,0.11783
1705888409238294188,0.03,3.33333,0.044335,10611.3,413.955,25.634,36.4614,0.0542269,23.017,0.061008,0.00145705,0.159709
1705888409238294188,0.04,2.5,0.044335,14602.6,413.955,35.2758,49.1801,0.0542269,31.0169,0.061008,0.00172223,0.195441
1705888409338124509,0.0005,200,1,9.71083,345.01,0.0281465,0.0891411,0.0206074,0.0490492,0.0451771,9.46088e-06,0.00127515
1705888409338124509,0.001,100,0.964497,38.447,345.01,0.111437,0.317867,0.0206074,0.194906,0.0451771,3.29448e-05,0.00454273
1705888409338124509,0.002,50,0.668639,142.194,345.01,0.412144,0.849925,0.0206074,0.683074,0.0451771,7.59223e-05,0.0123134
1705888409338124509,0.003,33.3333,0.491124,279.458,345.01,0.809999,1.30479,0.0206074,1.26915,0.0451771,0.000119761,0.0186655
1705888409338124509,0.005,20,0.343195,614.806,345.01,1.782,1.77163,0.0206074,2.51187,0.0451771,0.000156525,0.0252146
1705888409338124509,0.01,10,0.183432,1693.75,345.01,4.90928,2.88854,0.0206074,5.7244,0.0451771,0.000129781,0.0400742
1705888409338124509,0.02,5,0.0828402,4185.83,345.01,12.1325,5.38212,0.0206074,12.2265,0.0451771,0.000114926,0.062435
1705888409338124509,0.03,3.33333,0.0473373,6902.89,345.01,20.0078,7.98069,0.0206074,18.745,0.0451771,0.000122013,0.078939
1705888409338124509,0.04,2.5,0.035503,9740.44,345.01,28.2323,10.212,0.0206074,25.2678,0.0451771,0.000174831,0.0900253
1705888409437963633,0.0005,200,1,19.969,356.641,0.0559917,0.0711922,0.0153095,0.0471725,0.0537325,7.42376e-05,0.00643671
1705888409437963633,0.001,100,0.971264,79.5727,356.641,0.223117,0.262282,0.0153095,0.187019,0.0537325,0.000256986,0.0217104
1705888409437963633,0.002,50,0.712644,305.433,356.641,0.856414,0.651129,0.0153095,0.664068,0.0537325,0.000480066,0.0461239
1705888409437963633,0.003,33.3333,0.517241,649.649,356.641,1.82158,1.47997,0.0153095,1.24515,0.0537325,0.000839186,0.0993901
1705888409437963633,0.005,20,0.321839,1627.42,356.641,4.56317,3.40592,0.0153095,2.48944,0.0537325,0.00131266,0.178046
1705888409437963633,0.01,10,0.149425,4951.81,356.641,13.8846,9.18776,0.0153095,5.70688,0.0537325,0.00176814,0.302971
1705888409437963633,0.02,5,0.0689655,10825.5,356.641,30.354,19.2106,0.0153095,12.224,0.0537325,0.00229248,0.458275
1705888409437963633,0.03,3.33333,0.045977,17448.2,356.641,48.9236,29.8295,0.0153095,18.7547,0.0537325,0.00255954,0.551233
1705888409437963633,0.04,2.5,0.0287356,24446.1,356.641,68.5454,41.189,0.0153095,25.2891,0.0537325,0.00268043,0.60006
1705888409538605511,0.0005,200,1,14.7924,363.691,0.040673,0.0875216,0.0226717,0.0479312,0.0498397,1.65773e-05,0.00144092
1705888409538605511,0.001,100,0.964706,59.1097,363.691,0.162527,0.345078,0.0226717,0.1908,0.0498397,6.46935e-05,0.00563378
1705888409538605511,0.002,50,0.682353,229.2,363.691,0.630205,0.888734,0.0226717,0.680682,0.0498397,0.000158272,0.0142543
1705888409538605511,0.003,33.3333,0.458824,459.046,363.691,1.26219,1.79534,0.0226717,1.28099,0.0498397,0.000310081,0.0273831
1705888409538605511,0.005,20,0.282353,1008.78,363.691,2.77373,3.60064,0.0226717,2.55653,0.0498397,0.000567709,0.0505451
1705888409538605511,0.01,10,0.158824,2597.18,363.691,7.14116,7.88679,0.0226717,5.83415,0.0498397,0.00100519,0.0914336
1705888409538605511,0.02,5,0.0647059,6615.35,363.691,18.1895,14.7361,0.0226717,12.4582,0.0498397,0.00133542,0.13313
1705888409538605511,0.03,3.33333,0.0470588,11762.3,363.691,32.3414,20.7796,0.0226717,19.0986,0.0498397,0.00145251,0.162769
1705888409538605511,0.04,2.5,0.0235294,17139.8,363.691,47.1273,26.9478,0.0226717,25.7441,0.0498397,0.0015184,0.181388
1705888409638447331,0.0005,200,1,15.9136,413.971,0.0384414,0.175811,0.0824013,0.0620584,0.0593895,1.44173e-05,0.00135822
1705888409638447331,0.001,100,0.961957,63.3437,413.971,0.153015,0.682383,0.0824013,0.246942,0.0593895,5.5706e-05,0.00523389
1705888409638447331,0.002,50,0.608696,231.497,413.971,0.55921,2.22615,0.0824013,0.862481,0.0593895,0.000178685,0.0166951
1705888409638447331,0.003,33.3333,0.456522,448.687,413.971,1.08386,3.44049,0.0824013,1.58672,0.0593895,0.000267718,0.0251858
1705888409638447331,0.005,20,0.282609,993.033,413.971,2.3988,5.75032,0.0824013,3.11319,0.0593895,0.000415452,0.0397001
1705888409638447331,0.01,10,0.130435,2487.08,413.971,6.00785,10.3805,0.0824013,7.02018,0.0593895,0.000657977,0.0620566
1705888409638447331,0.02,5,0.0923913,5676.18,413.971,13.7115,19.0923,0.0824013,14.8816,0.0593895,0.000955842,0.0896526
1705888409638447331,0.03,3.33333,0.0597826,9169.81,413.971,22.1508,28.0978,0.0824013,22.7567,0.0593895,0.00115097,0.108466
1705888409638447331,0.04,2.5,0.0543478,12665.4,413.971,30.5949,37.2181,0.0824013,30.6373,0.0593895,0.00130928,0.123751
1705888409738287961,0.0005,200,1,370.644,457.01,0.81102,0.355926,0.0028201,0.0790888,0.0469645,0.0012075,0.0542601
1705888409738287961,0.001,100,0.933014,1481.91,457.01,3.24263,1.40116,0.0028201,0.311637,0.0469645,0.00402712,0.171588
1705888409738287961,0.002,50,0.617225,5918.93,457.01,12.9514,5.45295,0.0028201,1.05374,0.0469645,0.00826161,0.346468
1705888409738287961,0.003,33.3333,0.38756,13203.6,457.01,28.8912,11.9723,0.0028201,1.93112,0.0469645,0.0101737,0.423304
1705888409738287961,0.005,20,0.253589,22154.9,457.01,48.478,21.1846,0.0028201,3.76985,0.0469645,0.0113303,0.465883
1705888409738287961,0.01,10,0.0813397,44549.1,457.01,97.4795,43.4669,0.0028201,8.47944,0.0469645,0.0122424,0.482201
1705888409738287961,0.02,5,0.0478469,89405.1,457.01,195.631,87.0405,0.0028201,17.953,0.0469645,0.012142,0.422056
1705888409738287961,0.03,3.33333,0.0430622,134417,457.01,294.124,130.794,0.0028201,27.4352,0.0469645,0.0122721,0.383447
1705888409738287961,0.04,2.5,0.0239234,179488,457.01,392.745,174.921,0.0028201,36.9208,0.0469645,0.0128697,0.355301
1705888409838120250,0.0005,200,1,11.3968,476.901,0.0238975,0.0582803,0.00890247,0.0769299,0.0543093,1.90611e-05,0.00229647
1705888409838120250,0.001,100,0.936364,44.9762,476.901,0.0943094,0.21394,0.00890247,0.304002,0.0543093,6.63398e-05,0.00873875
1705888409838120250,0.002,50,0.654545,159.086,476.901,0.333584,0.619572,0.00890247,1.03331,0.0543093,0.00017575,0.0254628
1705888409838120250,0.003,33.3333,0.463636,294.042,476.901,0.616568,1.14946,0.00890247,1.89642,0.0543093,0.000311926,0.0443477
1705888409838120250,0.005,20,0.259091,608.796,476.901,1.27657,2.57943,0.00890247,3.72302,0.0543093,0.000691754,0.0876376
1705888409838120250,0.01,10,0.131818,1511.52,476.901,3.16946,6.72151,0.00890247,8.40385,0.0543093,0.00145903,0.181548
1705888409838120250,0.02,5,0.0727273,3528,476.901,7.39777,14.4823,0.00890247,17.834,0.0543093,0.00233795,0.306559
1705888409838120250,0.03,3.33333,0.0409091,5886.39,476.901,12.343,21.6434,0.00890247,27.2835,0.0543093,0.00303405,0.40834
1705888409838120250,0.04,2.5,0.0318182,8233.64,476.901,17.2649,29.1049,0.00890247,36.7367,0.0543093,0.00379708,0.495988
1705888409937963682,0.0005,200,1,18.4125,490.289,0.0375545,0.198257,0.0251098,0.104433,0.0652497,1.44162e-05,0.00141621
1705888409937963682,0.001,100,0.91453,73.1598,490.289,0.149218,0.786678,0.0251098,0.413151,0.0652497,5.74531e-05,0.00557392
1705888409937963682,0.002,50,0.555556,267.354,490.289,0.5453,2.779,0.0251098,1.37108,0.0652497,0.000206285,0.0190762
1705888409937963682,0.003,33.3333,0.346154,550.007,490.289,1.1218,5.3079,0.0251098,2.46826,0.0652497,0.000387031,0.0354098
1705888409937963682,0.005,20,0.217949,1255.84,490.289,2.56144,10.1493,0.0251098,4.74306,0.0652497,0.000704304,0.0637399
1705888409937963682,0.01,10,0.115385,3734.68,490.289,7.61731,21.64,0.0251098,10.5259,0.0652497,0.00130337,0.116982
1705888409937963682,0.02,5,0.0512821,11877,490.289,24.2244,43.7333,0.0251098,22.1603,0.0652497,0.00210496,0.187198
1705888409937963682,0.03,3.33333,0.0384615,24460.9,490.289,49.8908,65.2793,0.0251098,33.8075,0.0652497,0.00271827,0.241248
1705888409937963682,0.04,2.5,0.0299145,41571.1,490.289,84.7891,86.2892,0.0251098,45.4578,0.0652497,0.00322696,0.287498
1705888410038598568,0.0005,200,1,17.2327,486.844,0.0353967,0.056272,0.0401262,0.0984089,0.0693097,9.79851e-06,0.000934969
1705888410038598568,0.001,100,0.936975,68.2584,486.844,0.140206,0.145957,0.0401262,0.388165,0.0693097,2.59699e-05,0.00233284
1705888410038598568,0.002,50,0.571429,247.573,486.844,0.508526,0.398297,0.0401262,1.3088,0.0693097,5.36797e-05,0.00741609
1705888410038598568,0.003,33.3333,0.382353,489.315,486.844,1.00508,0.609106,0.0401262,2.36846,0.0693097,9.39485e-05,0.0109071
1705888410038598568,0.005,20,0.210084,1119.49,486.844,2.29949,1.43726,0.0401262,4.57979,0.0693097,0.00023319,0.0224281
1705888410038598568,0.01,10,0.113445,3450.31,486.844,7.0871,5.12185,0.0401262,10.2074,0.0693097,0.000595619,0.0579781
1705888410038598568,0.02,5,0.0672269,10011.6,486.844,20.5642,12.1759,0.0401262,21.5341,0.0693097,0.00101279,0.0871404
1705888410038598568,0.03,3.33333,0.0378151,16771,486.844,34.4484,19.5672,0.0401262,32.8785,0.0693097,0.00136222,0.105625
1705888410038598568,0.04,2.5,0.0252101,22810.4,486.844,46.8537,25.9343,0.0401262,44.2274,0.0693097,0.00167629,0.11722
1705888410138434652,0.0005,200,1,19.0996,575.531,0.033186,0.111379,0.0173637,0.0999355,0.0476343,1.21264e-05,0.0020531
1705888410138434652,0.001,100,0.907749,76.0021,575.531,0.132056,0.438776,0.0173637,0.395724,0.0476343,4.90792e-05,0.00798386
1705888410138434652,0.002,50,0.656827,280.944,575.531,0.488147,1.38481,0.0173637,1.31624,0.0476343,0.000215306,0.0224489
1705888410138434652,0.003,33.3333,0.461255,551.938,575.531,0.959008,2.55621,0.0173637,2.38959,0.0476343,0.000419174,0.0381568
1705888410138434652,0.005,20,0.287823,1267.91,575.531,2.20303,4.84142,0.0173637,4.65037,0.0476343,0.000757648,0.0640318
1705888410138434652,0.01,10,0.154982,3563.1,575.531,6.19098,11.2738,0.0173637,10.458,0.0476343,0.00140322,0.121175
1705888410138434652,0.02,5,0.0516605,8437.03,575.531,14.6596,25.3036,0.0173637,22.1875,0.0476343,0.00223025,0.201612
1705888410138434652,0.03,3.33333,0.0332103,13515.6,575.531,23.4837,39.9704,0.0173637,33.943,0.0476343,0.00270507,0.247209
1705888410138434652,0.04,2.5,0.0221402,18828.9,575.531,32.7157,54.8663,0.0173637,45.7026,0.0476343,0.00302409,0.276516
1705888410238283308,0.0005,200,1,18.3621,714.309,0.0257062,0.0377785,0.0194473,0.14656,0.0641165,1.34458e-06,0.00012031
1705888410238283308,0.001,100,0.916149,72.1553,714.309,0.101014,0.115246,0.0194473,0.579651,0.0641165,4.00701e-06,0.000367584
1705888410238283308,0.002,50,0.503106,253.682,714.309,0.355143,0.466786,0.0194473,1.94619,0.0641165,1.56108e-05,0.00151871
1705888410238283308,0.003,33.3333,0.332298,495.099,714.309,0.693116,1.32835,0.0194473,3.5035,0.0641165,4.2447e-05,0.00430301
1705888410238283308,0.005,20,0.198758,1115.51,714.309,1.56167,3.41196,0.0194473,6.72388,0.0641165,0.00010381,0.0106931
1705888410238283308,0.01,10,0.0900621,2855.34,714.309,3.99734,8.0205,0.0194473,14.9009,0.0641165,0.000222345,0.0228298
1705888410238283308,0.02,5,0.052795,6686.33,714.309,9.36055,18.0514,0.0194473,31.3299,0.0641165,0.000420813,0.0426044
1705888410238283308,0.03,3.33333,0.0434783,11403.2,714.309,15.964,30.1201,0.0194473,47.7701,0.0641165,0.000580312,0.0587458
1705888410238283308,0.04,2.5,0.0341615,16689.8,714.309,23.365,42.1656,0.0194473,64.214,0.0641165,0.000677429,0.0688245
1705888410338132802,0.0005,200,1,28.1886,805.033,0.0350155,0.218797,0.0055366,0.155543,0.0526081,0.000211245,0.0143292
1705888410338132802,0.001,100,0.885387,112.25,805.033,0.139435,0.876265,0.0055366,0.618001,0.0526081,0.000796336,0.0539251
1705888410338132802,0.002,50,0.535817,415.033,805.033,0.515548,2.85623,0.0055366,2.0547,0.0526081,0.00207943,0.157692
1705888410338132802,0.003,33.3333,0.369628,830.711,805.033,1.0319,5.53085,0.0055366,3.6834,0.0526081,0.00319399,0.253981
1705888410338132802,0.005,20,0.234957,1872.76,805.033,2.32631,11.5988,0.0055366,7.05939,0.0526081,0.00442783,0.370905
1705888410338132802,0.01,10,0.111748,4968.64,805.033,6.17197,26.2274,0.0055366,15.6577,0.0526081,0.00472659,0.479895
1705888410338132802,0.02,5,0.0601719,11846.8,805.033,14.7159,54.9985,0.0055366,32.9581,0.0526081,0.00447676,0.507314
1705888410338132802,0.03,3.33333,0.0286533,19420.2,805.033,24.1235,83.7385,0.0055366,50.2869,0.0526081,0.00412776,0.495284
1705888410338132802,0.04,2.5,0.0200573,26856.1,805.033,33.3603,111.457,0.0055366,67.6208,0.0526081,0.00386112,0.472471
1705888410437962144,0.0005,200,1,24.0756,884.776,0.027211,0.20128,0.0248257,0.170931,0.0552472,1.63438e-05,0.00255347
1705888410437962144,0.001,100,0.919571,95.4123,884.776,0.107838,0.725003,0.0248257,0.678894,0.0552472,5.84034e-05,0.00910772
1705888410437962144,0.002,50,0.50134,322.954,884.776,0.365012,2.16739,0.0248257,2.27911,0.0552472,0.000192448,0.0254692
1705888410437962144,0.003,33.3333,0.319035,617.628,884.776,0.698061,4.08379,0.0248257,4.09666,0.0552472,0.000373059,0.0447956
1705888410437962144,0.005,20,0.182306,1302.32,884.776,1.47192,7.31579,0.0248257,7.86088,0.0552472,0.00062768,0.0728669
1705888410437962144,0.01,10,0.107239,3407.83,884.776,3.85163,14.9749,0.0248257,17.4058,0.0552472,0.000979706,0.119351
1705888410437962144,0.02,5,0.0428954,8952.48,884.776,10.1184,32.2094,0.0248257,36.5893,0.0552472,0.00136907,0.169049
1705888410437962144,0.03,3.33333,0.0241287,14999.6,884.776,16.953,49.3093,0.0248257,55.7953,0.0552472,0.00159755,0.198586
1705888410437962144,0.04,2.5,0.0241287,21499.4,884.776,24.2993,66.6536,0.0248257,75.0036,0.0552472,0.00180402,0.221309
1705888410538608911,0.0005,200,1,22.5471,831.929,0.0271022,0.134324,0.0413162,0.142093,0.0572452,4.39914e-06,0.000412482
1705888410538608911,0.001,100,0.9375,89.7649,831.929,0.1079,0.504838,0.0413162,0.565921,0.0572452,1.68628e-05,0.00153103
1705888410538608911,0.002,50,0.553977,324.136,831.929,0.389619,1.61643,0.0413162,1.93175,0.0572452,5.17856e-05,0.00491167
1705888410538608911,0.003,33.3333,0.363636,624.487,831.929,0.750649,2.79839,0.0413162,3.50122,0.0572452,8.15314e-05,0.00864345
1705888410538608911,0.005,20,0.210227,1324.95,831.929,1.59263,5.26136,0.0413162,6.78216,0.0572452,0.000139987,0.0161009
1705888410538608911,0.01,10,0.0994318,3458.16,831.929,4.1568,11.1706,0.0413162,15.1401,0.0572452,0.000270494,0.0319428
1705888410538608911,0.02,5,0.0454545,7996.1,831.929,9.61152,23.3938,0.0413162,31.9633,0.0572452,0.000497698,0.059845
1705888410538608911,0.03,3.33333,0.0227273,12287.7,831.929,14.7702,35.1782,0.0413162,48.8078,0.0572452,0.000701247,0.0819127
1705888410538608911,0.04,2.5,0.0198864,16710.3,831.929,20.0862,47.2697,0.0413162,65.6554,0.0572452,0.000895923,0.101307
1705888410638445768,0.0005,200,1,15.7513,692.717,0.0227384,0.144542,0.030774,0.111957,0.0510631,2.85452e-05,0.00251162
1705888410638445768,0.001,100,0.925676,62.2618,692.717,0.0898805,0.565223,0.030774,0.445213,0.0510631,0.000110629,0.00970664
1705888410638445768,0.002,50,0.621622,215.019,692.717,0.3104,1.46275,0.030774,1.51164,0.0510631,0.000281194,0.0240294
1705888410638445768,0.003,33.3333,0.415541,410.088,692.717,0.591999,2.15558,0.030774,2.75375,0.0510631,0.000397738,0.0334734
1705888410638445768,0.005,20,0.25,857.804,692.717,1.23832,3.60871,0.030774,5.35609,0.0510631,0.00061213,0.0500482
1705888410638445768,0.01,10,0.114865,2164.53,692.717,3.12469,7.32481,0.030774,12.01,0.0510631,0.000993627,0.0782932
1705888410638445768,0.02,5,0.0743243,5074.55,692.717,7.32558,14.2277,0.030774,25.397,0.0510631,0.00149707,0.109444
1705888410638445768,0.03,3.33333,0.0506757,8322.86,692.717,12.0148,21.0972,0.030774,38.8045,0.0510631,0.00189235,0.128739
1705888410638445768,0.04,2.5,0.0371622,11846.4,692.717,17.1013,28.1606,0.030774,52.2188,0.0510631,0.0022542,0.143155
1705888410738291783,0.0005,200,1,15.4363,571.361,0.0270167,0.129159,0.0298253,0.0892933,0.0539735,5.49068e-06,0.000534441
1705888410738291783,0.001,100,0.953488,61.4619,571.361,0.107571,0.502819,0.0298253,0.35357,0.0539735,2.13578e-05,0.00207338
1705888410738291783,0.002,50,0.643411,224.608,571.361,0.393111,1.30015,0.0298253,1.21938,0.0539735,5.45496e-05,0.00531394
1705888410738291783,0.003,33.3333,0.426357,439.572,571.361,0.769341,2.0593,0.0298253,2.24464,0.0539735,8.44494e-05,0.00831835
1705888410738291783,0.005,20,0.263566,930.187,571.361,1.62802,3.84813,0.0298253,4.40373,0.0539735,0.000153247,0.0150872
1705888410738291783,0.01,10,0.139535,2388.02,571.361,4.17952,8.4001,0.0298253,9.91957,0.0539735,0.000309168,0.030329
1705888410738291783,0.02,5,0.0775194,6232.94,571.361,10.9089,16.3777,0.0298253,21.0305,0.0539735,0.000522521,0.0505491
1705888410738291783,0.03,3.33333,0.0542636,11375.9,571.361,19.9102,24.0013,0.0298253,32.1633,0.0539735,0.000665892,0.064922
1705888410738291783,0.04,2.5,0.0387597,17208.1,571.361,30.1177,31.9647,0.0298253,43.3037,0.0539735,0.00078966,0.0778586
1705888410838133622,0.0005,200,1,18.5439,480.076,0.038627,0.223824,0.0182634,0.100835,0.0548495,2.50725e-05,0.00233715
1705888410838133622,0.001,100,0.924779,72.556,480.076,0.151134,0.843255,0.0182634,0.400248,0.0548495,9.30336e-05,0.00873916
1705888410838133622,0.002,50,0.522124,235.114,480.076,0.489744,2.06945,0.0182634,1.3617,0.0548495,0.000215932,0.021223
1705888410838133622,0.003,33.3333,0.269912,416.274,480.076,0.867101,3.04656,0.0182634,2.4707,0.0548495,0.000311615,0.0306741
1705888410838133622,0.005,20,0.181416,832.81,480.076,1.73475,4.90127,0.0182634,4.75236,0.0548495,0.000484659,0.0468987
1705888410838133622,0.01,10,0.0973451,2070.83,480.076,4.31354,9.23559,0.0182634,10.5268,0.0548495,0.000794883,0.0781483
1705888410838133622,0.02,5,0.0530973,5081.11,480.076,10.584,17.4213,0.0182634,22.1255,0.0548495,0.00118541,0.120441
1705888410838133622,0.03,3.33333,0.0309735,8332.57,480.076,17.3568,25.6446,0.0182634,33.7367,0.0548495,0.00145374,0.153076
1705888410838133622,0.04,2.5,0.0265487,11757.7,480.076,24.4913,34.382,0.0182634,45.3508,0.0548495,0.00169428,0.180312
1705888410937984261,0.0005,200,1,14.0877,439.361,0.032064,0.0827877,0.0302134,0.095735,0.0505781,8.70261e-05,0.00370651
1705888410937984261,0.001,100,0.905941,56.1289,439.361,0.127751,0.292858,0.0302134,0.375921,0.0505781,0.000323877,0.010911
1705888410937984261,0.002,50,0.539604,208.601,439.361,0.474781,0.820105,0.0302134,1.2331,0.0505781,0.000949899,0.0213018
1705888410937984261,0.003,33.3333,0.336634,417.015,439.361,0.949139,1.45706,0.0302134,2.20958,0.0505781,0.00156503,0.0442084
1705888410937984261,0.005,20,0.212871,887.658,439.361,2.02034,2.71281,0.0302134,4.22914,0.0505781,0.00263793,0.0750325
1705888410937984261,0.01,10,0.113861,2279.74,439.361,5.18875,5.67993,0.0302134,9.36005,0.0505781,0.00490939,0.0966309
1705888410937984261,0.02,5,0.0544554,5611.33,439.361,12.7716,12.2173,0.0302134,19.6737,0.0505781,0.00870685,0.11049
1705888410937984261,0.03,3.33333,0.039604,8945.91,439.361,20.3611,19.0419,0.0302134,29.999,0.0505781,0.0119019,0.118213
1705888410937984261,0.04,2.5,0.0247525,12511.6,439.361,28.4768,25.9403,0.0302134,40.327,0.0505781,0.0146454,0.122593
1705888411038623925,0.0005,200,1,12.2171,411.792,0.0296681,0.320494,0.0127202,0.0774673,0.0396797,6.29813e-05,0.00848768
1705888411038623925,0.001,100,0.910112,47.6496,411.792,0.115713,1.1613,0.0127202,0.303402,0.0396797,0.000222516,0.0304873
1705888411038623925,0.002,50,0.606742,166.731,411.792,0.404891,3.24526,0.0127202,0.989566,0.0396797,0.000605095,0.0817128
1705888411038623925,0.003,33.3333,0.398876,326.246,411.792,0.79226,5.43195,0.0127202,1.78361,0.0396797,0.000983854,0.129296
1705888411038623925,0.005,20,0.207865,693.977,411.792,1.68526,9.75697,0.0127202,3.45148,0.0396797,0.00159037,0.210624
1705888411038623925,0.01,10,0.0955056,1704.88,411.792,4.14015,20.2688,0.0127202,7.70287,0.0396797,0.00255519,0.363179
1705888411038623925,0.02,5,0.0505618,4441.82,411.792,10.7866,40.4904,0.0127202,16.2525,0.0396797,0.00345186,0.539767
1705888411038623925,0.03,3.33333,0.0337079,7407.53,411.792,17.9885,60.4781,0.0127202,24.8119,0.0396797,0.00394509,0.644711
1705888411038623925,0.04,2.5,0.0224719,10331.6,411.792,25.0894,80.3776,0.0127202,33.3742,0.0396797,0.00432587,0.717365
1705888411138462830,0.0005,200,1,12.7264,387.131,0.0328737,0.29659,0.0226611,0.0737494,0.0430377,5.37037e-05,0.00640023
1705888411138462830,0.001,100,0.86747,50.1473,387.131,0.129536,1.0943,0.0226611,0.290624,0.0430377,0.000193857,0.0234451
1705888411138462830,0.002,50,0.60241,175.216,387.131,0.452603,2.76629,0.0226611,0.94195,0.0430377,0.00046685,0.0581386
1705888411138462830,0.003,33.3333,0.421687,335.935,387.131,0.867756,4.30607,0.0226611,1.68817,0.0430377,0.000714614,0.0872184
1705888411138462830,0.005,20,0.240964,718.47,387.131,1.85588,6.80291,0.0226611,3.25041,0.0430377,0.00106266,0.127806
1705888411138462830,0.01,10,0.10241,1933.49,387.131,4.99442,12.6989,0.0226611,7.24166,0.0430377,0.0016776,0.198643
1705888411138462830,0.02,5,0.0361446,4370.06,387.131,11.2883,25.5983,0.0226611,15.2776,0.0430377,0.00248172,0.298518
1705888411138462830,0.03,3.33333,0.0240964,7078.85,387.131,18.2854,38.3826,0.0226611,23.3235,0.0430377,0.0029287,0.358781
1705888411138462830,0.04,2.5,0.0180723,10048.2,387.131,25.9555,50.7496,0.0226611,31.3711,0.0430377,0.00325023,0.400494
1705888411238306826,0.0005,200,1,11.2562,300.237,0.037491,0.168399,0.015932,0.0670222,0.0437231,0.000144095,0.0119893
1705888411238306826,0.001,100,0.896552,44.0613,300.237,0.146755,0.595959,0.015932,0.266912,0.0437231,0.000504636,0.0407914
1705888411238306826,0.002,50,0.572414,155.5,300.237,0.517927,1.56306,0.015932,0.88466,0.0437231,0.00126135,0.0978942
1705888411238306826,0.003,33.3333,0.337931,320.05,300.237,1.06599,2.63108,0.015932,1.59047,0.0437231,0.00196391,0.150311
1705888411238306826,0.005,20,0.165517,739.12,300.237,2.46179,4.42477,0.015932,3.06082,0.0437231,0.0027701,0.2028
1705888411238306826,0.01,10,0.0758621,1964.62,300.237,6.54357,9.00226,0.015932,6.79522,0.0437231,0.00447067,0.254531
1705888411238306826,0.02,5,0.0137931,4405.67,300.237,14.674,18.2779,0.015932,14.2997,0.0437231,0.00732985,0.321662
1705888411238306826,0.03,3.33333,0.0137931,7020.18,300.237,23.3822,27.4993,0.015932,21.8074,0.0437231,0.00971103,0.357963
1705888411238306826,0.04,2.5,0.0137931,9946.68,300.237,33.1295,36.7803,0.015932,29.3153,0.0437231,0.0117761,0.381178
1705888411338155325,0.0005,200,1,6.42758,265.719,0.0241894,0.0343,0.0110541,0.0660485,0.0316224,2.40501e-05,0.00138136
1705888411338155325,0.001,100,0.819672,25.3291,265.719,0.0953229,0.13833,0.0110541,0.261285,0.0316224,9.7734e-05,0.00544574
1705888411338155325,0.002,50,0.532787,85.1292,265.719,0.320373,0.507059,0.0110541,0.821695,0.0316224,0.000335075,0.0203594
1705888411338155325,0.003,33.3333,0.368852,159.246,265.719,0.599303,0.836535,0.0110541,1.44086,0.0316224,0.000537908,0.0324734
1705888411338155325,0.005,20,0.229508,347.561,265.719,1.308,1.61028,0.0110541,2.72738,0.0316224,0.000977979,0.0576479
1705888411338155325,0.01,10,0.106557,932.774,265.719,3.51038,4.30198,0.0110541,6.00105,0.0316224,0.00208827,0.123242
1705888411338155325,0.02,5,0.0327869,2145.29,265.719,8.07353,9.27239,0.0110541,12.5884,0.0316224,0.00348828,0.189978
1705888411338155325,0.03,3.33333,0.0245902,3350.5,265.719,12.6092,13.4253,0.0110541,19.1825,0.0316224,0.00435341,0.212272
1705888411338155325,0.04,2.5,0.00819672,4481.16,265.719,16.8643,17.8662,0.0110541,25.7785,0.0316224,0.00519534,0.231957
1705888411437990316,0.0005,200,1,18.4529,236.18,0.0781308,0.28792,0.0390142,0.0438188,0.0354642,4.78977e-05,0.00441611
1705888411437990316,0.001,100,0.963303,73.6816,236.18,0.311972,1.13929,0.0390142,0.174597,0.0354642,0.000187664,0.0173254
1705888411437990316,0.002,50,0.458716,255.463,236.18,1.08164,3.48463,0.0390142,0.617542,0.0354642,0.000554732,0.0516095
1705888411437990316,0.003,33.3333,0.33945,439.325,236.18,1.86013,5.55474,0.0390142,1.12385,0.0354642,0.000847829,0.0799455
1705888411437990316,0.005,20,0.201835,875.116,236.18,3.7053,10.0301,0.0390142,2.17449,0.0354642,0.00139336,0.133096
1705888411437990316,0.01,10,0.0642202,2265.02,236.18,9.59024,22.1001,0.0390142,4.85039,0.0354642,0.00236309,0.229001
1705888411437990316,0.02,5,0.0275229,5382.25,236.18,22.7888,44.299,0.0390142,10.2284,0.0354642,0.00319046,0.321391
1705888411437990316,0.03,3.33333,0.0275229,9278.76,236.18,39.2868,65.6505,0.0390142,15.6088,0.0354642,0.00336008,0.356844
1705888411437990316,0.04,2.5,0.0275229,13989.2,236.18,59.2312,86.4774,0.0390142,20.9902,0.0354642,0.00328378,0.372517
1705888411538641975,0.0005,200,1,20.4759,295.314,0.069336,0.195184,0.0321851,0.0560525,0.0383131,3.82268e-05,0.00330039
1705888411538641975,0.001,100,0.95,81.6833,295.314,0.276598,0.761743,0.0321851,0.222313,0.0383131,0.000147008,0.0126058
1705888411538641975,0.002,50,0.528571,306.317,295.314,1.03726,2.52719,0.0321851,0.766177,0.0383131,0.000459442,0.0393045
1705888411538641975,0.003,33.3333,0.392857,604.098,295.314,2.04561,4.25938,0.0321851,1.39846,0.0383131,0.000712166,0.0618833
1705888411538641975,0.005,20,0.178571,1412.49,295.314,4.78302,7.98808,0.0321851,2.72502,0.0383131,0.00112638,0.0982687
1705888411538641975,0.01,10,0.0785714,3755.47,295.314,12.7169,17.3598,0.0321851,6.09279,0.0383131,0.00172864,0.151421
1705888411538641975,0.02,5,0.05,7979.7,295.314,27.021,34.701,0.0321851,12.8508,0.0383131,0.00221648,0.197209
1705888411538641975,0.03,3.33333,0.0428571,12513.3,295.314,42.3728,52.2932,0.0321851,19.6153,0.0383131,0.00241603,0.216604
1705888411538641975,0.04,2.5,0.0285714,17340.7,295.314,58.7196,70.4849,0.0321851,26.382,0.0383131,0.00252488,0.227214
1705888411638486848,0.0005,200,1,16.5274,396.142,0.041721,0.16251,0.00197209,0.0748278,0.0470082,0.000366125,0.0256433
1705888411638486848,0.001,100,0.954802,65.8458,396.142,0.166218,0.63414,0.00197209,0.297591,0.0470082,0.00125063,0.0874884
1705888411638486848,0.002,50,0.502825,238.923,396.142,0.603124,2.0114,0.00197209,1.03164,0.0470082,0.00279849,0.191752
1705888411638486848,0.003,33.3333,0.322034,460.317,396.142,1.162,3.12637,0.00197209,1.87202,0.0470082,0.00315248,0.222575
1705888411638486848,0.005,20,0.19774,964.215,396.142,2.43401,4.72999,0.00197209,3.60557,0.0470082,0.00304266,0.232258
1705888411638486848,0.01,10,0.112994,2688.93,396.142,6.7878,9.40664,0.00197209,8.00178,0.0470082,0.00305884,0.254807
1705888411638486848,0.02,5,0.0508475,6689.91,396.142,16.8877,18.1614,0.00197209,16.846,0.0470082,0.00340846,0.289014
1705888411638486848,0.03,3.33333,0.0338983,10612.2,396.142,26.7888,28.2928,0.00197209,25.701,0.0470082,0.00362155,0.308504
1705888411638486848,0.04,2.5,0.0169492,14561.9,396.142,36.7594,38.2516,0.00197209,34.5592,0.0470082,0.00387405,0.318043
1705888411738327363,0.0005,200,1,23.107,602.827,0.0383311,0.146632,0.0242138,0.103618,0.0458117,1.61358e-06,0.000146725
1705888411738327363,0.001,100,0.925197,92.0814,602.827,0.152749,0.536917,0.0242138,0.410749,0.0458117,5.9505e-06,0.000535048
1705888411738327363,0.002,50,0.551181,335.115,602.827,0.555905,1.90464,0.0242138,1.3954,0.0458117,2.06316e-05,0.00190635
1705888411738327363,0.003,33.3333,0.366142,666.946,602.827,1.10636,3.44671,0.0242138,2.53701,0.0458117,3.62156e-05,0.00346892
1705888411738327363,0.005,20,0.204724,1434.06,602.827,2.37889,6.64133,0.0242138,4.92648,0.0458117,6.65888e-05,0.0067023
1705888411738327363,0.01,10,0.0866142,3546.84,602.827,5.88367,14.4404,0.0242138,11.0134,0.0458117,0.00013907,0.014318
1705888411738327363,0.02,5,0.0354331,8115.88,602.827,13.463,29.0591,0.0242138,23.252,0.0458117,0.000272544,0.0275169
1705888411738327363,0.03,3.33333,0.023622,12778.6,602.827,21.1977,43.8057,0.0242138,35.4997,0.0458117,0.00039522,0.0398623
1705888411738327363,0.04,2.5,0.023622,17766.4,602.827,29.4718,58.6616,0.0242138,47.7486,0.0458117,0.000509117,0.0513607
1705888411838174046,0.0005,200,1,30.9899,941.522,0.0329147,0.147178,0.025282,0.140769,0.0738019,1.99868e-05,0.00240641
1705888411838174046,0.001,100,0.939791,123.638,941.522,0.131317,0.634522,0.025282,0.559035,0.0738019,8.47302e-05,0.0101427
1705888411838174046,0.002,50,0.612565,457.713,941.522,0.486142,2.22416,0.025282,1.91073,0.0738019,0.000271199,0.0333073
1705888411838174046,0.003,33.3333,0.418848,908.883,941.522,0.965334,4.15636,0.025282,3.48639,0.0738019,0.000459897,0.057136
1705888411838174046,0.005,20,0.253927,1973.05,941.522,2.0956,8.0708,0.025282,6.79363,0.0738019,0.000726864,0.0929406
1705888411838174046,0.01,10,0.141361,4729.73,941.522,5.02349,18.1,0.025282,15.2436,0.0738019,0.00124087,0.148176
1705888411838174046,0.02,5,0.0628272,10551.2,941.522,11.2066,38.5277,0.025282,32.2762,0.0738019,0.00192053,0.208635
1705888411838174046,0.03,3.33333,0.039267,16486.6,941.522,17.5106,58.9872,0.025282,49.3358,0.0738019,0.00255104,0.241977
1705888411838174046,0.04,2.5,0.0287958,22626.3,941.522,24.0317,79.0359,0.025282,66.4026,0.0738019,0.00315726,0.263104
1705888411938015668,0.0005,200,1,42.57,1454.64,0.029265,0.197501,0.00600905,0.180174,0.0619627,0.000217394,0.0116347
1705888411938015668,0.001,100,0.944853,169.626,1454.64,0.11661,0.783917,0.00600905,0.714527,0.0619627,0.000808741,0.0428222
1705888411938015668,0.002,50,0.65625,625.795,1454.64,0.430206,2.70431,0.00600905,2.44436,0.0619627,0.00227136,0.121137
1705888411938015668,0.003,33.3333,0.474265,1249.01,1454.64,0.858641,4.27531,0.00600905,4.48687,0.0619627,0.00281309,0.15371
1705888411938015668,0.005,20,0.286765,2769.03,1454.64,1.90358,7.69382,0.00600905,8.81988,0.0619627,0.00319595,0.211434
1705888411938015668,0.01,10,0.150735,7163.73,1454.64,4.92475,16.641,0.00600905,19.947,0.0619627,0.00356786,0.292322
1705888411938015668,0.02,5,0.0845588,17529.6,1454.64,12.0508,35.4224,0.00600905,42.3923,0.0619627,0.00383323,0.356884
1705888411938015668,0.03,3.33333,0.0459559,28762.5,1454.64,19.7729,54.6897,0.00600905,64.8975,0.0619627,0.0040278,0.382404
1705888411938015668,0.04,2.5,0.0238971,39860,1454.64,27.402,74.1004,0.00600905,87.4185,0.0619627,0.00421174,0.396512
1705888412038251078,0.0005,200,1,57.7566,1874.54,0.030811,0.598529,0.0818468,0.226203,0.0623233,2.293e-05,0.00369134
1705888412038251078,0.001,100,0.948407,229.787,1874.54,0.122583,2.42665,0.0818468,0.898649,0.0623233,9.34211e-05,0.0147285
1705888412038251078,0.002,50,0.616085,823.806,1874.54,0.43947,8.04876,0.0818468,3.09554,0.0623233,0.000297003,0.0465139
1705888412038251078,0.003,33.3333,0.4522,1559.95,1874.54,0.832174,13.8235,0.0818468,5.66395,0.0623233,0.000478345,0.0756648
1705888412038251078,0.005,20,0.301973,3355.92,1874.54,1.79026,25.8746,0.0818468,11.0672,0.0623233,0.00078975,0.125727
1705888412038251078,0.01,10,0.141123,8921.77,1874.54,4.75944,55.4187,0.0818468,24.946,0.0623233,0.00118333,0.203251
1705888412038251078,0.02,5,0.0743551,20275.2,1874.54,10.8161,110.139,0.0818468,52.9547,0.0623233,0.0013899,0.280023
1705888412038251078,0.03,3.33333,0.0424886,31823.5,1874.54,16.9767,165.034,0.0818468,81.0241,0.0623233,0.00145719,0.328976
1705888412038251078,0.04,2.5,0.0288316,43660.2,1874.54,23.2911,221.069,0.0818468,109.109,0.0623233,0.00150297,0.368747
1705888412138089123,0.0005,200,1,69.761,2116.8,0.0329558,0.158238,0.0236986,0.224454,0.0958934,2.79519e-05,0.00374583
1705888412138089123,0.001,100,0.951185,277.575,2116.8,0.13113,0.617809,0.0236986,0.891188,0.0958934,9.91501e-05,0.0141436
1705888412138089123,0.002,50,0.67364,998.635,2116.8,0.471766,1.93664,0.0236986,3.08214,0.0958934,0.000284652,0.0369017
1705888412138089123,0.003,33.3333,0.479777,1949.52,2116.8,0.920973,3.39791,0.0236986,5.69291,0.0958934,0.000461998,0.0535543
1705888412138089123,0.005,20,0.301255,4297.11,2116.8,2.03,6.26241,0.0236986,11.238,0.0958934,0.00059153,0.0683125
1705888412138089123,0.01,10,0.152022,11952.8,2116.8,5.64664,13.316,0.0236986,25.5041,0.0958934,0.000566672,0.0731783
1705888412138089123,0.02,5,0.0892608,31522.1,2116.8,14.8914,33.4983,0.0236986,54.2905,0.0958934,0.000903433,0.0743587
1705888412138089123,0.03,3.33333,0.0599721,54485.2,2116.8,25.7394,51.9486,0.0236986,83.1387,0.0958934,0.00134102,0.06985
1705888412138089123,0.04,2.5,0.0474198,81390.6,2116.8,38.4498,73.742,0.0236986,112.005,0.0958934,0.00180642,0.0681142
1705888412237924360,0.0005,200,1,81.5475,2769.44,0.0294455,0.627258,0.0214706,0.300785,0.184875,3.4842e-05,0.00466079
1705888412237924360,0.001,100,0.927381,323.663,2769.44,0.11687,2.34946,0.0214706,1.18551,0.184875,0.000126187,0.017012
1705888412237924360,0.002,50,0.654762,1173.75,2769.44,0.423822,6.28353,0.0214706,3.94946,0.184875,0.000301302,0.0417704
1705888412237924360,0.003,33.3333,0.47619,2340.54,2769.44,0.845132,9.85987,0.0214706,7.18526,0.184875,0.000412815,0.058787
1705888412237924360,0.005,20,0.295238,5142.87,2769.44,1.85701,15.4461,0.0214706,14.0304,0.184875,0.000514481,0.073327
1705888412237924360,0.01,10,0.159524,14348.3,2769.44,5.18094,33.1308,0.0214706,31.6031,0.184875,0.000691174,0.0939044
1705888412237924360,0.02,5,0.077381,38347,2769.44,13.8465,73.5003,0.0214706,67.0685,0.184875,0.000775934,0.101023
1705888412237924360,0.03,3.33333,0.0571429,67010.2,2769.44,24.1963,114.05,0.0214706,102.6,0.184875,0.000745779,0.0971667
1705888412237924360,0.04,2.5,0.0464286,97802.7,2769.44,35.315,152.837,0.0214706,138.146,0.184875,0.000739088,0.0933367
1705888412338559801,0.0005,200,1,157.37,3869.25,0.0406719,0.617406,0.0233743,0.349826,0.141174,8.07508e-05,0.0140499
1705888412338559801,0.001,100,0.937563,618.058,3869.25,0.159736,2.33295,0.0233743,1.38251,0.141174,0.00026884,0.0451471
1705888412338559801,0.002,50,0.645519,2059.45,3869.25,0.532261,7.4533,0.0233743,4.67309,0.141174,0.000705577,0.096985
1705888412338559801,0.003,33.3333,0.4572,3828.54,3869.25,0.98948,12.4578,0.0233743,8.53825,0.141174,0.00100351,0.117878
1705888412338559801,0.005,20,0.277946,7952.44,3869.25,2.05529,23.8403,0.0233743,16.7026,0.141174,0.00157083,0.139537
1705888412338559801,0.01,10,0.15005,19829.4,3869.25,5.12489,50.8271,0.0233743,37.6349,0.141174,0.00221128,0.150549
1705888412338559801,0.02,5,0.0735146,48787.9,3869.25,12.6092,106.236,0.0233743,79.8595,0.141174,0.00270441,0.142606
1705888412338559801,0.03,3.33333,0.0503525,81963,3869.25,21.1832,158.68,0.0233743,122.167,0.141174,0.00303996,0.130455
1705888412338559801,0.04,2.5,0.0382679,118855,3869.25,30.718,208.06,0.0233743,164.494,0.141174,0.00337414,0.120354
1705888412438395404,0.0005,200,1,204.551,4664.85,0.0438494,0.710232,0.156869,0.463613,0.257791,1.61864e-05,0.0017266
1705888412438395404,0.001,100,0.913444,809.998,4664.85,0.173639,2.58511,0.156869,1.81848,0.257791,5.91259e-05,0.00609658
1705888412438395404,0.002,50,0.581031,2875.72,4664.85,0.616465,6.69024,0.156869,6.0038,0.257791,0.000147343,0.0149379
1705888412438395404,0.003,33.3333,0.404236,5660.39,4664.85,1.21341,10.4661,0.156869,10.7978,0.257791,0.000222948,0.0219955
1705888412438395404,0.005,20,0.252302,12808.7,4664.85,2.7458,17.9186,0.156869,20.7908,0.257791,0.000345364,0.0338372
1705888412438395404,0.01,10,0.133517,35629.9,4664.85,7.63796,36.1652,0.156869,46.277,0.257791,0.000525495,0.0526233
1705888412438395404,0.02,5,0.0662983,93194.9,4664.85,19.9781,77.3732,0.156869,97.6242,0.257791,0.000700115,0.0760584
1705888412438395404,0.03,3.33333,0.0451197,153673,4664.85,32.9427,116.187,0.156869,149.053,0.257791,0.000771322,0.090023
1705888412438395404,0.04,2.5,0.0331492,217974,4664.85,46.7269,152.85,0.156869,200.501,0.257791,0.00080522,0.0998562
1705888412538232341,0.0005,200,1,228.687,5081.68,0.0450023,0.830956,0.0453359,0.48947,0.150407,5.74219e-05,0.00544708
1705888412538232341,0.001,100,0.917962,901.576,5081.68,0.177417,3.00894,0.0453359,1.92305,0.150407,0.000194814,0.0184262
1705888412538232341,0.002,50,0.605354,3053.84,5081.68,0.600951,6.35343,0.0453359,6.33514,0.150407,0.000351134,0.0311814
1705888412538232341,0.003,33.3333,0.426598,5762.35,5081.68,1.13395,9.59175,0.0453359,11.4006,0.150407,0.000446294,0.0395603
1705888412538232341,0.005,20,0.232297,12060.3,5081.68,2.3733,17.0457,0.0453359,22.0421,0.150407,0.000613716,0.0543055
1705888412538232341,0.01,10,0.112263,31118,5081.68,6.12358,34.4153,0.0453359,49.2084,0.150407,0.000713258,0.0720897
1705888412538232341,0.02,5,0.0569948,78662.4,5081.68,15.4796,68.4933,0.0453359,103.872,0.150407,0.000777087,0.0814569
1705888412538232341,0.03,3.33333,0.0388601,131561,5081.68,25.8892,105.376,0.0453359,158.606,0.150407,0.00112091,0.0892352
1705888412538232341,0.04,2.5,0.029361,191839,5081.68,37.7512,144.606,0.0453359,213.359,0.150407,0.00155537,0.0979355
1705888412638065245,0.0005,200,1,226.642,5331.61,0.0425092,1.0294,0.226731,0.482807,0.25367,9.15117e-06,0.00129663
1705888412638065245,0.001,100,0.925957,897.916,5331.61,0.168414,4.13978,0.226731,1.90784,0.25367,3.64673e-05,0.00515502
1705888412638065245,0.002,50,0.590682,3190.36,5331.61,0.598385,13.1292,0.226731,6.38244,0.25367,0.000111383,0.015757
1705888412638065245,0.003,33.3333,0.421797,6174.29,5331.61,1.15805,21.8387,0.226731,11.5174,0.25367,0.000175516,0.0250189
1705888412638065245,0.005,20,0.262895,13255.7,5331.61,2.48626,39.6928,0.226731,22.2681,0.25367,0.000278971,0.0410362
1705888412638065245,0.01,10,0.135607,34559,5331.61,6.4819,81.8384,0.226731,49.7293,0.25367,0.000455439,0.0652452
1705888412638065245,0.02,5,0.0732113,89565.1,5331.61,16.7989,166.384,0.226731,105.049,0.25367,0.000645996,0.0862376
1705888412638065245,0.03,3.33333,0.0449251,158249,5331.61,29.6812,253.079,0.226731,160.467,0.25367,0.000756091,0.0946811
1705888412638065245,0.04,2.5,0.031614,236297,5331.61,44.32,336.221,0.226731,215.908,0.25367,0.000843082,0.0973727
1705888412738301746,0.0005,200,1,253.634,5766.61,0.0439832,0.261088,0.140314,0.471696,0.203631,1.26131e-06,0.000404244
1705888412738301746,0.001,100,0.929084,1001.09,5766.61,0.173602,1.02109,0.140314,1.8554,0.203631,5.38053e-06,0.00154199
1705888412738301746,0.002,50,0.630279,3516.98,5766.61,0.609887,1.04204,0.140314,6.19618,0.203631,1.22951e-05,0.00140834
1705888412738301746,0.003,33.3333,0.451793,6742.59,5766.61,1.16925,1.66151,0.140314,11.2467,0.203631,3.22589e-05,0.00178214
1705888412738301746,0.005,20,0.288446,14644.8,5766.61,2.53959,4.90233,0.140314,21.8778,0.203631,7.47256e-05,0.00481027
1705888412738301746,0.01,10,0.144223,38854.1,5766.61,6.73777,11.2529,0.140314,49.1324,0.203631,0.000133249,0.00835826
1705888412738301746,0.02,5,0.0717131,95919.6,5766.61,16.6336,34.4297,0.140314,104.09,0.203631,0.000261137,0.0177885
1705888412738301746,0.03,3.33333,0.0462151,162650,5766.61,28.2055,63.4419,0.140314,159.149,0.203631,0.000353929,0.024841
1705888412738301746,0.04,2.5,0.0358566,234341,5766.61,40.6375,91.7436,0.140314,214.23,0.203631,0.00041752,0.0290322
1705888412838147592,0.0005,200,1,260.445,6581.92,0.0395698,0.374218,0.37837,0.564835,0.708645,5.16353e-07,5.93993e-05
1705888412838147592,0.001,100,0.922509,1012.93,6581.92,0.153896,1.29379,0.37837,2.1917,0.708645,1.04734e-06,0.000221842
1705888412838147592,0.002,50,0.605904,3482.86,6581.92,0.529156,4.7671,0.37837,7.21164,0.708645,2.92131e-06,0.000828878
1705888412838147592,0.003,33.3333,0.420664,6562.53,6581.92,0.997054,8.19941,0.37837,13.0312,0.708645,5.57351e-06,0.00141606
1705888412838147592,0.005,20,0.245756,13407.6,6581.92,2.03704,15.2677,0.37837,25.247,0.708645,1.22255e-05,0.00259478
1705888412838147592,0.01,10,0.129889,31967.6,6581.92,4.85688,31.999,0.37837,56.4233,0.708645,3.0736e-05,0.00528272
1705888412838147592,0.02,5,0.0642066,72453.3,6581.92,11.0079,67.5097,0.37837,119.184,0.708645,6.45158e-05,0.0108222
1705888412838147592,0.03,3.33333,0.0464945,114631,6581.92,17.4161,103.1,0.37837,182.031,0.708645,9.48843e-05,0.0161226
1705888412838147592,0.04,2.5,0.0339483,159535,6581.92,24.2383,140.398,0.37837,244.9,0.708645,0.000125094,0.0213961
1705888412937989229,0.0005,200,0.996398,329.26,7330.03,0.0449194,0.767274,0.764366,0.626206,0.665385,6.20404e-06,0.00109614
1705888412937989229,0.001,100,0.908501,1292.45,7330.03,0.176322,2.63569,0.764366,2.39258,0.665385,2.06652e-05,0.00369469
1705888412937989229,0.002,50,0.619597,4359.69,7330.03,0.594771,4.33973,0.764366,7.67691,0.665385,2.73943e-05,0.00581798
1705888412937989229,0.003,33.3333,0.43732,8174.91,7330.03,1.11526,6.81415,0.764366,13.7297,0.665385,3.56174e-05,0.00868291
1705888412937989229,0.005,20,0.267291,17121,7330.03,2.33574,14.5017,0.764366,26.4154,0.665385,6.76837e-05,0.0161589
1705888412937989229,0.01,10,0.131124,42663.1,7330.03,5.82031,29.2452,0.764366,58.8744,0.665385,0.00011396,0.0254595
1705888412937989229,0.02,5,0.0619597,101078,7330.03,13.7896,61.4544,0.764366,124.242,0.665385,0.000187368,0.0395924
1705888412937989229,0.03,3.33333,0.0525937,169569,7330.03,23.1334,92.3985,0.764366,189.685,0.665385,0.000267985,0.0477916
1705888412937989229,0.04,2.5,0.0417867,249659,7330.03,34.0597,123.002,0.764366,255.153,0.665385,0.000356233,0.0532747
1705888413038623555,0.0005,200,0.999309,418.026,7750.39,0.0539361,1.62214,0.474625,0.643554,0.700357,2.72139e-05,0.00256857
1705888413038623555,0.001,100,0.911602,1534.32,7750.39,0.197967,4.61909,0.474625,2.49096,0.700357,8.6326e-05,0.00708968
1705888413038623555,0.002,50,0.601519,4827.19,7750.39,0.622832,9.75303,0.474625,8.07629,0.700357,0.000185434,0.0152009
1705888413038623555,0.003,33.3333,0.406768,8984.97,7750.39,1.15929,14.8175,0.474625,14.4835,0.700357,0.000286618,0.0232966
1705888413038623555,0.005,20,0.266575,18475.2,7750.39,2.38378,24.6931,0.474625,27.8463,0.700357,0.000490905,0.0365917
1705888413038623555,0.01,10,0.133978,45655.4,7750.39,5.89073,45.5696,0.474625,61.9655,0.700357,0.00100247,0.057137
1705888413038623555,0.02,5,0.0566298,108280,7750.39,13.9709,89.9796,0.474625,130.748,0.700357,0.00195499,0.090145
1705888413038623555,0.03,3.33333,0.0359116,181817,7750.39,23.4591,137.54,0.474625,199.636,0.700357,0.00277289,0.11675
1705888413038623555,0.04,2.5,0.0234807,264637,7750.39,34.145,185.836,0.474625,268.547,0.700357,0.00348584,0.136375
1705888413138458793,0.0005,200,0.999272,371.191,6801.28,0.0545766,1.06007,0.363319,0.662579,0.574515,1.91152e-06,0.000577827
1705888413138458793,0.001,100,0.903132,1430.02,6801.28,0.210258,3.9744,0.363319,2.568,0.574515,6.36787e-06,0.00215745
1705888413138458793,0.002,50,0.563001,4702.04,6801.28,0.691346,12.1228,0.363319,8.26201,0.574515,1.73571e-05,0.00643531
1705888413138458793,0.003,33.3333,0.396213,8720.62,6801.28,1.2822,19.8525,0.363319,14.7055,0.574515,2.84226e-05,0.0102103
1705888413138458793,0.005,20,0.233795,17981.5,6801.28,2.64384,33.3049,0.363319,28.1316,0.574515,4.2566e-05,0.0160712
1705888413138458793,0.01,10,0.116533,46108,6801.28,6.77932,66.207,0.363319,62.3319,0.574515,6.0789e-05,0.0271521
1705888413138458793,0.02,5,0.0589949,107986,6801.28,15.8774,132.643,0.363319,131.129,0.574515,5.99346e-05,0.0423415
1705888413138458793,0.03,3.33333,0.0407866,178642,6801.28,26.2659,202.857,0.363319,200.013,0.574515,7.75264e-05,0.0531998
1705888413138458793,0.04,2.5,0.0305899,256555,6801.28,37.7216,275.545,0.363319,268.92,0.574515,0.000120916,0.0617518
1705888413238310055,0.0005,200,1,368.879,5864.82,0.0628969,0.337302,0.290122,0.587452,0.403539,2.47863e-05,0.00169384
1705888413238310055,0.001,100,0.899533,1416.18,5864.82,0.241471,0.891259,0.290122,2.30006,0.403539,7.80874e-05,0.00374711
1705888413238310055,0.002,50,0.569315,4562.38,5864.82,0.777923,2.18915,0.290122,7.48302,0.403539,0.000228602,0.0106544
1705888413238310055,0.003,33.3333,0.389408,8404.96,5864.82,1.43312,3.47704,0.290122,13.38,0.403539,0.000404809,0.0130079
1705888413238310055,0.005,20,0.241433,16867.8,5864.82,2.87609,6.22454,0.290122,25.6749,0.403539,0.000714731,0.0161751
1705888413238310055,0.01,10,0.114486,40493.5,5864.82,6.90446,12.5188,0.290122,57.0246,0.403539,0.00130091,0.0172566
1705888413238310055,0.02,5,0.0630841,89421.4,5864.82,15.2471,25.4137,0.290122,120.074,0.403539,0.00209797,0.0249181
1705888413238310055,0.03,3.33333,0.0420561,141040,5864.82,24.0485,38.2229,0.290122,183.203,0.403539,0.00266692,0.0332669
1705888413238310055,0.04,2.5,0.0334891,195211,5864.82,33.2851,50.509,0.290122,246.352,0.403539,0.00308753,0.041943
1705888413338159678,0.0005,200,0.999195,334.004,5335.33,0.0626022,1.07802,0.865528,0.56379,0.54773,6.00631e-06,0.000828132
1705888413338159678,0.001,100,0.908213,1292.33,5335.33,0.242222,3.40805,0.865528,2.19708,0.54773,1.87494e-05,0.00261005
1705888413338159678,0.002,50,0.582931,4240.7,5335.33,0.794834,8.31957,0.865528,7.11506,0.54773,4.70586e-05,0.00616276
1705888413338159678,0.003,33.3333,0.415459,8004.39,5335.33,1.50026,12.9602,0.865528,12.6933,0.54773,7.49106e-05,0.00925395
1705888413338159678,0.005,20,0.258454,16845.2,5335.33,3.15728,23.7015,0.865528,24.3378,0.54773,0.000136208,0.0156155
1705888413338159678,0.01,10,0.127214,41004.8,5335.33,7.68551,47.6092,0.865528,54.0779,0.54773,0.000237985,0.0260402
1705888413338159678,0.02,5,0.0644122,99503.1,5335.33,18.6498,94.4305,0.865528,113.959,0.54773,0.000389959,0.0354708
1705888413338159678,0.03,3.33333,0.0483092,165477,5335.33,31.0153,141.565,0.865528,173.923,0.54773,0.000497793,0.0395077
1705888413338159678,0.04,2.5,0.0338164,234413,5335.33,43.9359,191.881,0.865528,233.911,0.54773,0.000581885,0.0418493
1705888413438008819,0.0005,200,0.999182,534,5197.7,0.102738,1.8887,0.328574,0.55285,0.435664,2.31924e-07,3.04647e-05
1705888413438008819,0.001,100,0.90924,2016.94,5197.7,0.388044,5.89542,0.328574,2.15704,0.435664,7.37755e-07,9.47078e-05
1705888413438008819,0.002,50,0.576451,6353.93,5197.7,1.22245,13.1295,0.328574,7.01885,0.435664,1.65894e-06,0.000210248
1705888413438008819,0.003,33.3333,0.408831,11533.4,5197.7,2.21894,21.7628,0.328574,12.5341,0.435664,2.70908e-06,0.000349089
1705888413438008819,0.005,20,0.263287,23211.9,5197.7,4.46581,36.4395,0.328574,24.0119,0.435664,4.62116e-06,0.000580669
1705888413438008819,0.01,10,0.145544,56708.3,5197.7,10.9103,69.7539,0.328574,53.259,0.435664,9.06273e-06,0.00109666
1705888413438008819,0.02,5,0.0842191,138553,5197.7,26.6565,147.072,0.328574,112.154,0.435664,1.81091e-05,0.00229081
1705888413438008819,0.03,3.33333,0.055601,226746,5197.7,43.6242,225.434,0.328574,171.145,0.435664,2.66528e-05,0.00346273
1705888413438008819,0.04,2.5,0.0392478,316437,5197.7,60.8802,300.458,0.328574,230.165,0.435664,3.47277e-05,0.0045369
1705888413538242762,0.0005,200,1,357.532,5199.77,0.0687593,0.931023,0.0493299,0.528785,0.41362,2.69524e-05,0.00325944
1705888413538242762,0.001,100,0.918451,1397.11,5199.77,0.268688,3.07529,0.0493299,2.0693,0.41362,8.95764e-05,0.0104521
1705888413538242762,0.002,50,0.579901,4552.7,5199.77,0.875559,8.08102,0.0493299,6.81338,0.41362,0.000191721,0.0266182
1705888413538242762,0.003,33.3333,0.395387,8285.14,5199.77,1.59337,13.2989,0.0493299,12.2548,0.41362,0.000286687,0.038306
1705888413538242762,0.005,20,0.23888,16594.6,5199.77,3.19142,22.397,0.0493299,23.6161,0.41362,0.000418574,0.048197
1705888413538242762,0.01,10,0.121087,39983.2,5199.77,7.68942,46.4848,0.0493299,52.5721,0.41362,0.000602034,0.0598475
1705888413538242762,0.02,5,0.0675453,93928.7,5199.77,18.064,97.4396,0.0493299,110.822,0.41362,0.000752885,0.0736965
1705888413538242762,0.03,3.33333,0.0444811,154072,5199.77,29.6305,146.446,0.0493299,169.156,0.41362,0.000857245,0.0811036
1705888413538242762,0.04,2.5,0.0313015,219264,5199.77,42.1681,195.762,0.0493299,227.512,0.41362,0.000975991,0.0874365
1705888413638079686,0.0005,200,1,440.914,4796.53,0.0919235,0.921627,0.00354044,0.484249,0.497669,0.000106337,0.0132065
1705888413638079686,0.001,100,0.91782,1710.56,4796.53,0.356624,3.35798,0.00354044,1.90242,0.497669,0.000307994,0.0389513
1705888413638079686,0.002,50,0.58564,5508.77,4796.53,1.14849,7.49976,0.00354044,6.28597,0.497669,0.000355472,0.0552355
1705888413638079686,0.003,33.3333,0.415225,10038,4796.53,2.09277,12.4666,0.00354044,11.303,0.497669,0.000398868,0.0670587
1705888413638079686,0.005,20,0.265571,20662.9,4796.53,4.30788,22.8314,0.00354044,21.7708,0.497669,0.000466098,0.0789664
1705888413638079686,0.01,10,0.151384,51362.2,4796.53,10.7082,53.0255,0.00354044,48.467,0.497669,0.00067204,0.0987898
1705888413638079686,0.02,5,0.0813149,121406,4796.53,25.3112,118.611,0.00354044,102.244,0.497669,0.00130967,0.118332
1705888413638079686,0.03,3.33333,0.0622837,197399,4796.53,41.1546,181.634,0.00354044,156.11,0.497669,0.00200764,0.131334
1705888413638079686,0.04,2.5,0.0484429,275497,4796.53,57.4366,245.943,0.00354044,210.002,0.497669,0.00271965,0.145178
1705888413738327542,0.0005,200,1,297.509,4471.41,0.0665359,0.233728,0.13787,0.467729,0.246795,2.72418e-06,0.000241151
1705888413738327542,0.001,100,0.921338,1171.6,4471.41,0.26202,1.03775,0.13787,1.83855,0.246795,1.10022e-05,0.00107163
1705888413738327542,0.002,50,0.59132,3873.44,4471.41,0.866268,2.03212,0.13787,6.0831,0.246795,2.48489e-05,0.00200812
1705888413738327542,0.003,33.3333,0.407776,7246.51,4471.41,1.62063,3.09036,0.13787,10.9528,0.246795,3.82821e-05,0.00312227
1705888413738327542,0.005,20,0.246835,15471,4471.41,3.45997,5.66046,0.13787,21.1273,0.246795,5.24216e-05,0.00574517
1705888413738327542,0.01,10,0.127486,42272,4471.41,9.45384,10.856,0.13787,47.084,0.246795,6.56723e-05,0.00961297
1705888413738327542,0.02,5,0.0641953,121151,4471.41,27.0946,29.089,0.13787,99.3376,0.246795,0.000124163,0.017762
1705888413738327542,0.03,3.33333,0.0433996,223594,4471.41,50.0052,45.4815,0.13787,151.677,0.246795,0.000186718,0.0235397
1705888413738327542,0.04,2.5,0.0298373,341125,4471.41,76.2904,56.0203,0.13787,204.039,0.246795,0.000237013,0.0274934
1705888413838163103,0.0005,200,1,281.624,4362.85,0.0645505,0.345231,0.509017,0.467985,0.262,2.36769e-06,0.000212691
1705888413838163103,0.001,100,0.915982,1040.25,4362.85,0.238435,1.14574,0.509017,1.83084,0.262,7.51116e-06,0.000711554
1705888413838163103,0.002,50,0.607306,3438.08,4362.85,0.788036,3.80541,0.509017,5.99609,0.262,2.21849e-05,0.00241019
1705888413838163103,0.003,33.3333,0.420091,6319.07,4362.85,1.44838,5.62188,0.509017,10.7879,0.262,3.18408e-05,0.00350401
1705888413838163103,0.005,20,0.249315,12778.8,4362.85,2.929,10.6702,0.509017,20.8167,0.262,5.77164e-05,0.00642413
1705888413838163103,0.01,10,0.13242,31655,4362.85,7.25559,22.4482,0.509017,46.3994,0.262,0.000114703,0.0122165
1705888413838163103,0.02,5,0.0621005,76825.2,4362.85,17.609,44.7582,0.509017,97.9041,0.262,0.000208417,0.0196436
1705888413838163103,0.03,3.33333,0.0456621,126327,4362.85,28.9552,68.4474,0.509017,149.49,0.262,0.000282608,0.0249158
1705888413838163103,0.04,2.5,0.0356164,178873,4362.85,40.9991,93.071,0.509017,201.092,0.262,0.000346899,0.028798
1705888413937997483,0.0005,200,1,287.772,4053.45,0.0709944,1.2179,0.0444305,0.430267,0.274489,3.68011e-05,0.00535305
1705888413937997483,0.001,100,0.929942,1129.85,4053.45,0.278739,4.9988,0.0444305,1.69306,0.274489,0.00013833,0.020493
1705888413937997483,0.002,50,0.605566,3826.43,4053.45,0.943993,14.075,0.0444305,5.63615,0.274489,0.000316644,0.0505013
1705888413937997483,0.003,33.3333,0.396353,7405.39,4053.45,1.82693,22.9284,0.0444305,10.1997,0.274489,0.000431305,0.0706459
1705888413937997483,0.005,20,0.238964,16535.3,4053.45,4.07931,43.3365,0.0444305,19.7365,0.274489,0.000583122,0.0970896
1705888413937997483,0.01,10,0.12476,39302.6,4053.45,9.69608,89.8852,0.0444305,44.0487,0.274489,0.00070861,0.125444
1705888413937997483,0.02,5,0.0681382,87640,4053.45,21.6211,183.611,0.0444305,92.966,0.274489,0.000908297,0.152662
1705888413937997483,0.03,3.33333,0.0460653,140947,4053.45,34.7722,278.136,0.0444305,141.951,0.274489,0.0011748,0.170607
1705888413937997483,0.04,2.5,0.0364683,197409,4053.45,48.7015,372.794,0.0444305,190.955,0.274489,0.00148351,0.187755
1705888414038625357,0.0005,200,1,158.902,3507.92,0.0452981,0.750875,0.542296,0.355317,0.282664,2.2365e-06,0.000225082
1705888414038625357,0.001,100,0.937173,620.128,3507.92,0.176779,2.70185,0.542296,1.40385,0.282664,8.05387e-06,0.000808062
1705888414038625357,0.002,50,0.613613,2062.72,3507.92,0.588019,8.24314,0.542296,4.75182,0.282664,2.48981e-05,0.00243618
1705888414038625357,0.003,33.3333,0.433508,3860.56,3507.92,1.10053,13.5747,0.542296,8.6464,0.282664,4.11891e-05,0.00397004
1705888414038625357,0.005,20,0.259686,7983.45,3507.92,2.27584,25.2366,0.542296,16.8236,0.282664,7.48569e-05,0.00728047
1705888414038625357,0.01,10,0.15288,19960.2,3507.92,5.69005,53.9343,0.542296,37.7311,0.282664,0.0001533,0.0148902
1705888414038625357,0.02,5,0.0670157,47405.6,3507.92,13.5139,102.079,0.542296,79.9049,0.282664,0.000278494,0.0255925
1705888414038625357,0.03,3.33333,0.0513089,74259.4,3507.92,21.1691,154.248,0.542296,122.152,0.282664,0.000397417,0.0357645
1705888414038625357,0.04,2.5,0.0324607,101875,3507.92,29.0415,207.046,0.542296,164.418,0.282664,0.000504597,0.0446891
1705888414138470163,0.0005,200,1,115.237,3096.53,0.0372148,0.260321,0.0612181,0.332244,0.246126,8.63591e-06,0.000939634
1705888414138470163,0.001,100,0.934152,449.824,3096.53,0.145267,0.860136,0.0612181,1.30702,0.246126,2.65537e-05,0.00306299
1705888414138470163,0.002,50,0.622768,1570.15,3096.53,0.507066,2.00052,0.0612181,4.39723,0.246126,5.80857e-05,0.00657329
1705888414138470163,0.003,33.3333,0.436384,3013.25,3096.53,0.973105,4.28267,0.0612181,8.01315,0.246126,0.000119251,0.0130974
1705888414138470163,0.005,20,0.273438,5969.77,3096.53,1.92789,8.94136,0.0612181,15.6111,0.246126,0.000236084,0.0245721
1705888414138470163,0.01,10,0.140625,14853.4,3096.53,4.79678,18.9403,0.0612181,35.076,0.246126,0.000410054,0.0422777
1705888414138470163,0.02,5,0.0691964,36507.7,3096.53,11.7899,40.655,0.0612181,74.3213,0.246126,0.000623002,0.0650965
1705888414138470163,0.03,3.33333,0.0457589,62185.8,3096.53,20.0824,62.5847,0.0612181,113.637,0.246126,0.000728235,0.0763701
1705888414138470163,0.04,2.5,0.0345982,91543.4,3096.53,29.5632,84.7092,0.0612181,152.971,0.246126,0.000804983,0.0828868
1705888414238309511,0.0005,200,1,101.327,3049.24,0.0332303,0.387958,0.0816936,0.313564,0.18005,1.65433e-05,0.00167677
1705888414238309511,0.001,100,0.949495,398.6,3049.24,0.130721,1.41267,0.0816936,1.24461,0.18005,6.18911e-05,0.00583479
1705888414238309511,0.002,50,0.62963,1357.08,3049.24,0.445054,4.48424,0.0816936,4.28963,0.18005,0.000197625,0.0169781
1705888414238309511,0.003,33.3333,0.429854,2505.94,3049.24,0.821826,6.94993,0.0816936,7.87182,0.18005,0.000286683,0.0249581
1705888414238309511,0.005,20,0.250281,5136.34,3049.24,1.68447,11.1218,0.0816936,15.4304,0.18005,0.000420225,0.0354998
1705888414238309511,0.01,10,0.116723,13083.8,3049.24,4.29084,23.7346,0.0816936,34.7966,0.18005,0.000731691,0.0566577
1705888414238309511,0.02,5,0.0628507,33750.7,3049.24,11.0686,52.6381,0.0816936,73.7764,0.18005,0.00117763,0.0754071
1705888414238309511,0.03,3.33333,0.0426487,59518.6,3049.24,19.5192,81.0905,0.0816936,112.812,0.18005,0.00147012,0.0753283
1705888414238309511,0.04,2.5,0.03367,89178.7,3049.24,29.2462,107.333,0.0816936,151.861,0.18005,0.00170472,0.0687843
1705888414338136265,0.0005,200,1,99.5727,2876.67,0.0346139,0.312802,0.0692078,0.295057,0.14576,2.43497e-05,0.00151015
1705888414338136265,0.001,100,0.955814,382.544,2876.67,0.132981,0.976999,0.0692078,1.17102,0.14576,8.00951e-05,0.00429407
1705888414338136265,0.002,50,0.633721,1385.08,2876.67,0.481488,2.69214,0.0692078,4.06197,0.14576,0.00022647,0.0109263
1705888414338136265,0.003,33.3333,0.437209,2499.06,2876.67,0.868734,3.99397,0.0692078,7.46193,0.14576,0.000335047,0.0150336
1705888414338136265,0.005,20,0.261628,5049.47,2876.67,1.75532,6.71509,0.0692078,14.6231,0.14576,0.000514937,0.0235144
1705888414338136265,0.01,10,0.137209,12361.9,2876.67,4.29729,14.4,0.0692078,32.9493,0.14576,0.000890268,0.042388
1705888414338136265,0.02,5,0.0825581,29948.8,2876.67,10.4109,33.788,0.0692078,69.8593,0.14576,0.00152848,0.0762584
1705888414338136265,0.03,3.33333,0.0569767,49353.5,2876.67,17.1565,53.4471,0.0692078,106.838,0.14576,0.00206166,0.0979452
1705888414338136265,0.04,2.5,0.0395349,68968.7,2876.67,23.9752,71.7586,0.0692078,143.837,0.14576,0.00253738,0.111594
1705888414437965222,0.0005,200,1,64.6165,2701.54,0.0239184,0.209199,0.0704778,0.265574,0.176556,4.42558e-06,0.000768961
1705888414437965222,0.001,100,0.94958,254.296,2701.54,0.09413,0.811901,0.0704778,1.05406,0.176556,1.59953e-05,0.00297783
1705888414437965222,0.002,50,0.668667,877.33,2701.54,0.324752,2.97986,0.0704778,3.63019,0.176556,6.36519e-05,0.0103684
1705888414437965222,0.003,33.3333,0.480192,1650.44,2701.54,0.610925,4.98382,0.0704778,6.69124,0.176556,9.88394e-05,0.0168638
1705888414437965222,0.005,20,0.301321,3543.3,2701.54,1.31158,8.98243,0.0704778,13.191,0.176556,0.000168886,0.0278226
1705888414437965222,0.01,10,0.156062,9202.37,2701.54,3.40634,14.9,0.0704778,29.904,0.176556,0.000222177,0.0384904
1705888414437965222,0.02,5,0.0816327,22478.5,2701.54,8.32061,29.4469,0.0704778,63.6395,0.176556,0.000323585,0.0572353
1705888414437965222,0.03,3.33333,0.0552221,37800.7,2701.54,13.9923,43.6244,0.0704778,97.4402,0.176556,0.000357173,0.0708263
1705888414437965222,0.04,2.5,0.0456182,55038.6,2701.54,20.373,58.9335,0.0704778,131.259,0.176556,0.000396242,0.08231
1705888414538599593,0.0005,200,1,75.2645,2456.21,0.0306426,0.231024,0.123269,0.289388,0.146237,1.08727e-05,0.00160889
1705888414538599593,0.001,100,0.94402,286.778,2456.21,0.116756,0.634472,0.123269,1.14368,0.146237,3.13949e-05,0.00430236
1705888414538599593,0.002,50,0.611959,959.109,2456.21,0.390484,1.8312,0.123269,3.90691,0.146237,0.000102989,0.0110363
1705888414538599593,0.003,33.3333,0.422392,1791.68,2456.21,0.729451,3.0727,0.123269,7.13936,0.146237,0.000169119,0.0170142
1705888414538599593,0.005,20,0.259542,3724.77,2456.21,1.51647,5.56624,0.123269,13.9184,0.146237,0.000280497,0.0277079
1705888414538599593,0.01,10,0.131043,9563.53,2456.21,3.89362,11.246,0.123269,31.2531,0.146237,0.000450677,0.0448505
1705888414538599593,0.02,5,0.0725191,24380.8,2456.21,9.92621,27.5443,0.123269,66.1615,0.146237,0.000768594,0.0717906
1705888414538599593,0.03,3.33333,0.0483461,40569.3,2456.21,16.517,45.8661,0.123269,101.128,0.146237,0.00101877,0.0885766
1705888414538599593,0.04,2.5,0.0381679,58133.5,2456.21,23.668,64.0885,0.123269,136.109,0.146237,0.0012161,0.0991298
1705888414638434563,0.0005,200,1,63.1634,2401.92,0.026297,0.311326,0.0190871,0.279297,0.189478,9.57457e-05,0.00631376
1705888414638434563,0.001,100,0.957016,251.491,2401.92,0.104704,1.20484,0.0190871,1.11044,0.189478,0.00035961,0.0222906
1705888414638434563,0.002,50,0.610619,900.594,2401.92,0.374948,3.43166,0.0190871,3.86809,0.189478,0.000942617,0.0517608
1705888414638434563,0.003,33.3333,0.412137,1729.23,2401.92,0.719938,5.41635,0.0190871,7.10741,0.189478,0.00134703,0.0699674
1705888414638434563,0.005,20,0.240202,3564.5,2401.92,1.48402,9.81757,0.0190871,13.9092,0.189478,0.00191095,0.105618
1705888414638434563,0.01,10,0.12263,9025.39,2401.92,3.75757,20.7441,0.0190871,31.2772,0.189478,0.00256066,0.160279
1705888414638434563,0.02,5,0.0657396,22598.7,2401.92,9.40861,43.9379,0.0190871,66.2556,0.189478,0.00296439,0.202895
1705888414638434563,0.03,3.33333,0.0467762,38629.1,2401.92,16.0826,66.5895,0.0190871,101.29,0.189478,0.00305227,0.21108
1705888414638434563,0.04,2.5,0.0278129,56828.2,2401.92,23.6595,88.0525,0.0190871,136.342,0.189478,0.003074,0.210291
1705888414738274427,0.0005,200,1,77.317,2803.35,0.0275802,0.172485,0.0767756,0.31975,0.186155,8.21264e-06,0.000735537
1705888414738274427,0.001,100,0.949942,308.22,2803.35,0.109947,0.667541,0.0767756,1.27306,0.186155,3.18964e-05,0.0028073
1705888414738274427,0.002,50,0.596042,1065.91,2803.35,0.380227,2.0787,0.0767756,4.39744,0.186155,9.78787e-05,0.00833533
1705888414738274427,0.003,33.3333,0.388824,1977.8,2803.35,0.705512,3.54301,0.0767756,8.05643,0.186155,0.000162784,0.0136609
1705888414738274427,0.005,20,0.232829,4065.52,2803.35,1.45023,6.89521,0.0767756,15.7228,0.186155,0.000280645,0.0245625
1705888414738274427,0.01,10,0.105937,10402.1,2803.35,3.7106,15.7293,0.0767756,35.2863,0.186155,0.000497449,0.044488
1705888414738274427,0.02,5,0.0488941,26410.5,2803.35,9.42103,35.2022,0.0767756,74.6565,0.186155,0.000782364,0.0683884
1705888414738274427,0.03,3.33333,0.0314319,45012.8,2803.35,16.0568,55.2347,0.0767756,114.079,0.186155,0.00094395,0.0819071
1705888414738274427,0.04,2.5,0.0197905,64388.3,2803.35,22.9683,73.6409,0.0767756,153.514,0.186155,0.00105134,0.0907344
1705888414838102080,0.0005,200,1,84.8619,3359.61,0.0252595,0.138826,0.125777,0.356551,0.264749,4.33716e-06,0.000483551
1705888414838102080,0.001,100,0.937161,335.375,3359.61,0.0998256,0.574278,0.125777,1.41295,0.264749,1.91039e-05,0.00200175
1705888414838102080,0.002,50,0.593716,1178.87,3359.61,0.350897,1.50881,0.125777,4.79297,0.264749,5.53542e-05,0.00487513
1705888414838102080,0.003,33.3333,0.413868,2313.28,3359.61,0.688556,3.71868,0.125777,8.70866,0.264749,0.000119568,0.0115835
1705888414838102080,0.005,20,0.245937,5053.68,3359.61,1.50425,8.22917,0.125777,16.9092,0.264749,0.00023068,0.0224774
1705888414838102080,0.01,10,0.125677,13291.7,3359.61,3.95633,16.1555,0.125777,37.8446,0.264749,0.000372821,0.0316829
1705888414838102080,0.02,5,0.0617551,30960.4,3359.61,9.21548,30.012,0.125777,80.0185,0.264749,0.000542732,0.0371094
1705888414838102080,0.03,3.33333,0.0368364,49563.6,3359.61,14.7528,46.2021,0.125777,122.264,0.264749,0.000709258,0.0428607
1705888414838102080,0.04,2.5,0.0270856,69316.5,3359.61,20.6323,61.6642,0.125777,164.525,0.264749,0.000852584,0.0469866
1705888414937949264,0.0005,200,1,123.184,3628.08,0.033953,0.961425,0.0794985,0.399261,0.239955,4.64546e-05,0.00909972
1705888414937949264,0.001,100,0.933264,481.867,3628.08,0.132816,3.53919,0.0794985,1.58502,0.239955,0.000160535,0.0317127
1705888414937949264,0.002,50,0.530761,1644.12,3628.08,0.453166,10.3301,0.0794985,5.39664,0.239955,0.000390963,0.0794357
1705888414937949264,0.003,33.3333,0.379562,2972.73,3628.08,0.819368,17.4593,0.0794985,9.73918,0.239955,0.00059287,0.115532
1705888414937949264,0.005,20,0.231491,6146.21,3628.08,1.69407,31.3961,0.0794985,18.7614,0.239955,0.000796501,0.157864
1705888414937949264,0.01,10,0.118874,16327.6,3628.08,4.50034,68.6486,0.0794985,41.7282,0.239955,0.000913032,0.199279
1705888414937949264,0.02,5,0.0677789,43796.1,3628.08,12.0714,141.624,0.0794985,87.9469,0.239955,0.000928005,0.202774
1705888414937949264,0.03,3.33333,0.0437956,80379.1,3628.08,22.1547,215.949,0.0794985,134.231,0.239955,0.00106046,0.191793
1705888414937949264,0.04,2.5,0.0333681,124237,3628.08,34.2433,293.4,0.0794985,180.532,0.239955,0.00121723,0.179635
1705888415038601581,0.0005,200,1,129.648,3441.79,0.0376688,0.750525,0.0337896,0.36092,0.189503,6.64212e-05,0.0135328
1705888415038601581,0.001,100,0.948773,507.337,3441.79,0.147405,2.49569,0.0337896,1.42477,0.189503,0.000183087,0.0410171
1705888415038601581,0.002,50,0.582711,1793.09,3441.79,0.520978,4.34928,0.0337896,4.85495,0.189503,0.000119919,0.0585719
1705888415038601581,0.003,33.3333,0.411953,3398.64,3441.79,0.987465,6.36488,0.0337896,8.83281,0.189503,9.24045e-05,0.0710332
1705888415038601581,0.005,20,0.2508,7088.94,3441.79,2.05967,9.62835,0.0337896,17.1718,0.189503,0.00022669,0.0884093
1705888415038601581,0.01,10,0.109925,18169.6,3441.79,5.27912,17.4199,0.0337896,38.4862,0.189503,0.000583871,0.11726
1705888415038601581,0.02,5,0.058698,44422.2,3441.79,12.9067,37.4827,0.0337896,81.376,0.189503,0.00102262,0.152675
1705888415038601581,0.03,3.33333,0.040555,75397,3441.79,21.9063,59.6904,0.0337896,124.325,0.189503,0.0012754,0.167591
1705888415038601581,0.04,2.5,0.0309498,103948,3441.79,30.2018,79.0166,0.0337896,167.288,0.189503,0.0014664,0.176172
1705888415138438220,0.0005,200,1,126.732,3379.07,0.037505,0.478284,0.0770189,0.349757,0.214899,1.54964e-05,0.00188854
1705888415138438220,0.001,100,0.955319,505.216,3379.07,0.149513,1.88633,0.0770189,1.39079,0.214899,6.0516e-05,0.00725803
1705888415138438220,0.002,50,0.573404,1823.82,3379.07,0.539741,4.72021,0.0770189,4.83726,0.214899,0.000141885,0.0169254
1705888415138438220,0.003,33.3333,0.371277,3556.85,3379.07,1.05261,7.31396,0.0770189,8.86951,0.214899,0.000206659,0.0239642
1705888415138438220,0.005,20,0.230851,7500.83,3379.07,2.21979,13.9955,0.0770189,17.2847,0.214899,0.000337874,0.0388867
1705888415138438220,0.01,10,0.106383,18732.5,3379.07,5.54367,28.4293,0.0770189,38.7522,0.214899,0.000526444,0.0566457
1705888415138438220,0.02,5,0.0553191,44704.9,3379.07,13.2299,55.7007,0.0770189,81.9425,0.214899,0.000685106,0.0701419
1705888415138438220,0.03,3.33333,0.0393617,73747.1,3379.07,21.8247,83.1157,0.0770189,125.187,0.214899,0.000718322,0.0740834
1705888415138438220,0.04,2.5,0.0297872,105921,3379.07,31.3461,110.524,0.0770189,168.446,0.214899,0.000693537,0.0734861
1705888415238286683,0.0005,200,1,106.925,3009.72,0.0355264,0.432883,0.147661,0.320058,0.142158,1.63347e-05,0.00217934
1705888415238286683,0.001,100,0.952435,426.623,3009.72,0.141748,1.76012,0.147661,1.27379,0.142158,6.44791e-05,0.0087258
1705888415238286683,0.002,50,0.594564,1551.12,3009.72,0.515369,5.25568,0.147661,4.41264,0.142158,0.000173933,0.0244803
1705888415238286683,0.003,33.3333,0.394111,3078.43,3009.72,1.02283,8.29992,0.147661,8.08757,0.142158,0.000240884,0.0354043
1705888415238286683,0.005,20,0.257078,6901.83,3009.72,2.29318,12.1666,0.147661,15.7663,0.142158,0.000309881,0.0423778
1705888415238286683,0.01,10,0.132503,18053.8,3009.72,5.9985,21.5494,0.147661,35.3837,0.142158,0.000428729,0.0520809
1705888415238286683,0.02,5,0.0656852,42149.4,3009.72,14.0044,45.4202,0.147661,74.902,0.142158,0.000518939,0.0646737
1705888415238286683,0.03,3.33333,0.0362401,66312.7,3009.72,22.0328,68.5378,0.147661,114.491,0.142158,0.000523572,0.0690281
1705888415238286683,0.04,2.5,0.0271801,90479.9,3009.72,30.0626,91.2737,0.147661,154.093,0.142158,0.000532002,0.0727307
1705888415338132996,0.0005,200,1,96.6608,2773.86,0.034847,0.731248,0.00491782,0.309906,0.120159,0.00030214,0.0221706
1705888415338132996,0.001,100,0.959379,384.616,2773.86,0.138657,2.80937,0.00491782,1.23327,0.120159,0.00106839,0.0737333
1705888415338132996,0.002,50,0.578256,1333.91,2773.86,0.480887,7.12719,0.00491782,4.28118,0.120159,0.00218593,0.13102
1705888415338132996,0.003,33.3333,0.399044,2581.85,2773.86,0.930778,11.3732,0.00491782,7.82252,0.120159,0.00273229,0.158166
1705888415338132996,0.005,20,0.246117,5644.2,2773.86,2.03478,20.6114,0.00491782,15.2241,0.120159,0.00304426,0.185949
1705888415338132996,0.01,10,0.126643,13911.5,2773.86,5.0152,42.4693,0.00491782,34.1209,0.120159,0.0033541,0.193296
1705888415338132996,0.02,5,0.0573477,31492.9,2773.86,11.3535,85.8638,0.00491782,72.1775,0.120159,0.00337274,0.188628
1705888415338132996,0.03,3.33333,0.0406213,50307.1,2773.86,18.1361,129.943,0.00491782,110.292,0.120159,0.00325661,0.184209
1705888415338132996,0.04,2.5,0.0262843,69534.9,2773.86,25.0679,172.916,0.00491782,148.422,0.120159,0.00317913,0.179897
1705888415437974443,0.0005,200,1,102.477,2695.19,0.0380219,0.751074,0.107958,0.338659,0.0928127,2.0445e-06,0.000308433
1705888415437974443,0.001,100,0.94306,405.468,2695.19,0.150441,2.90749,0.107958,1.34443,0.0928127,7.99477e-06,0.00118945
1705888415437974443,0.002,50,0.562278,1404.35,2695.19,0.521057,8.00546,0.107958,4.57379,0.0928127,2.19142e-05,0.00325299
1705888415437974443,0.003,33.3333,0.384342,2636.65,2695.19,0.978278,11.7726,0.107958,8.29914,0.0928127,3.19114e-05,0.00474816
1705888415437974443,0.005,20,0.236062,5565.73,2695.19,2.06506,17.5163,0.107958,16.0585,0.0928127,4.54938e-05,0.00696427
1705888415437974443,0.01,10,0.11981,14226.6,2695.19,5.27849,33.5845,0.107958,35.83,0.0928127,8.05518e-05,0.0127204
1705888415437974443,0.02,5,0.0581257,34338.4,2695.19,12.7406,69.3178,0.107958,75.6411,0.0928127,0.000148264,0.0235002
1705888415437974443,0.03,3.33333,0.0391459,56374.7,2695.19,20.9167,104.68,0.107958,115.506,0.0928127,0.000199923,0.0318654
1705888415437974443,0.04,2.5,0.0260973,79761.5,2695.19,29.594,139.623,0.107958,155.387,0.0928127,0.000236674,0.0383351
1705888415538607656,0.0005,200,1,96.2388,2818.25,0.0341485,0.203046,0.0345961,0.339123,0.0976759,6.6585e-05,0.0065614
1705888415538607656,0.001,100,0.941176,381.974,2818.25,0.135536,0.836819,0.0345961,1.34107,0.0976759,0.000230759,0.0239522
1705888415538607656,0.002,50,0.572941,1352.06,2818.25,0.479753,4.12106,0.0345961,4.52355,0.0976759,0.000718889,0.082026
1705888415538607656,0.003,33.3333,0.417647,2583.1,2818.25,0.916561,8.19644,0.0345961,8.16596,0.0976759,0.00107554,0.115008
1705888415538607656,0.005,20,0.269412,5581.24,2818.25,1.98039,15.2241,0.0345961,15.7792,0.0976759,0.00140637,0.126604
1705888415538607656,0.01,10,0.124706,13961.8,2818.25,4.95408,31.0608,0.0345961,35.265,0.0976759,0.00155429,0.12847
1705888415538607656,0.02,5,0.0717647,32225,2818.25,11.4344,61.4871,0.0345961,74.4817,0.0976759,0.00151843,0.129693
1705888415538607656,0.03,3.33333,0.0505882,52252.7,2818.25,18.5409,92.0646,0.0345961,113.76,0.0976759,0.0015614,0.130552
1705888415538607656,0.04,2.5,0.0376471,73303.8,2818.25,26.0104,122.953,0.0345961,153.058,0.0976759,0.00171193,0.131308
1705888415638437663,0.0005,200,1,164.79,2888.16,0.0570573,0.350528,0.0375176,0.316318,0.128699,4.85894e-05,0.00380137
1705888415638437663,0.001,100,0.939181,650.631,2888.16,0.225276,1.50589,0.0375176,1.25464,0.128699,0.000201614,0.0155015
1705888415638437663,0.002,50,0.617544,1945.32,2888.16,0.673552,4.8805,0.0375176,4.26976,0.128699,0.0006149,0.0431353
1705888415638437663,0.003,33.3333,0.418713,3535.89,2888.16,1.22427,9.27986,0.0375176,7.79001,0.128699,0.0010135,0.0705442
1705888415638437663,0.005,20,0.269006,7158.48,2888.16,2.47857,15.8901,0.0375176,15.1664,0.128699,0.00140063,0.094833
1705888415638437663,0.01,10,0.134503,18614.5,2888.16,6.4451,31.3918,0.0375176,34.0267,0.128699,0.00185797,0.116795
1705888415638437663,0.02,5,0.0736842,46720.4,2888.16,16.1766,62.2746,0.0375176,72.0287,0.128699,0.00260167,0.145203
1705888415638437663,0.03,3.33333,0.0502924,80802.6,2888.16,27.9772,95.4798,0.0375176,110.095,0.128699,0.00332655,0.165515
1705888415638437663,0.04,2.5,0.0362573,118843,2888.16,41.1485,128.837,0.0375176,148.178,0.128699,0.00403823,0.174343
1705888415738277006,0.0005,200,1,108.856,2834.08,0.0384096,0.560972,0.031883,0.323553,0.124383,7.45657e-07,9.12885e-05
1705888415738277006,0.001,100,0.939213,432.832,2834.08,0.152724,2.0499,0.031883,1.27953,0.124383,2.76056e-06,0.00033231
1705888415738277006,0.002,50,0.606675,1547.5,2834.08,0.546034,6.21975,0.031883,4.33522,0.124383,8.48894e-06,0.00100172
1705888415738277006,0.003,33.3333,0.40882,3080.62,2834.08,1.08699,10.5087,0.031883,7.88265,0.124383,1.42187e-05,0.00168814
1705888415738277006,0.005,20,0.241955,6743.14,2834.08,2.37931,19.0083,0.031883,15.321,0.124383,2.41985e-05,0.00306082
1705888415738277006,0.01,10,0.117998,17248.1,2834.08,6.08597,36.4655,0.031883,34.3306,0.124383,4.51229e-05,0.00572418
1705888415738277006,0.02,5,0.0643623,42018.3,2834.08,14.8261,75.7879,0.031883,72.5803,0.124383,8.89044e-05,0.011221
1705888415738277006,0.03,3.33333,0.0441001,70409.1,2834.08,24.8437,115.334,0.031883,110.892,0.124383,0.000128782,0.0160319
1705888415738277006,0.04,2.5,0.0309893,102825,2834.08,36.2818,154.561,0.031883,149.219,0.124383,0.000162503,0.0201048
1705888415838110326,0.0005,200,1,136.697,2668.09,0.0512339,0.439447,0.0283245,0.308041,0.138675,6.78102e-05,0.00727827
1705888415838110326,0.001,100,0.93865,541.56,2668.09,0.202977,1.61895,0.0283245,1.22399,0.138675,0.000232716,0.0235366
1705888415838110326,0.002,50,0.604908,1993.35,2668.09,0.747106,3.28006,0.0283245,4.16862,0.138675,0.000367342,0.0412171
1705888415838110326,0.003,33.3333,0.417178,4080.49,2668.09,1.52937,4.54951,0.0283245,7.57385,0.138675,0.00040732,0.0502368
1705888415838110326,0.005,20,0.263804,9854.09,2668.09,3.69331,9.14914,0.0283245,14.7092,0.138675,0.000471363,0.0724796
1705888415838110326,0.01,10,0.120245,32306.5,2668.09,12.1085,26.323,0.0283245,32.9883,0.138675,0.000906638,0.10763
1705888415838110326,0.02,5,0.0564417,85370.6,2668.09,31.9969,56.6892,0.0283245,69.8101,0.138675,0.00191275,0.148174
1705888415838110326,0.03,3.33333,0.0380368,132783,2668.09,49.7672,85.8553,0.0283245,106.686,0.138675,0.00277743,0.168964
1705888415838110326,0.04,2.5,0.0331288,182717,2668.09,68.4825,115.683,0.0283245,143.572,0.138675,0.00361344,0.183944
1705888415937947916,0.0005,200,1,94.7772,2481.34,0.0381961,0.204035,0.0326431,0.280755,0.0967798,4.15475e-05,0.00817763
1705888415937947916,0.001,100,0.929936,375.646,2481.34,0.151389,0.887528,0.0326431,1.11626,0.0967798,0.000157395,0.0307885
1705888415937947916,0.002,50,0.635669,1311.06,2481.34,0.528369,2.69508,0.0326431,3.76887,0.0967798,0.000326522,0.068823
1705888415937947916,0.003,33.3333,0.470064,2576.49,2481.34,1.03835,4.251,0.0326431,6.85365,0.0967798,0.000500937,0.0851736
1705888415937947916,0.005,20,0.290446,5798.29,2481.34,2.33676,9.06719,0.0326431,13.3545,0.0967798,0.000773457,0.113454
1705888415937947916,0.01,10,0.168153,16194.4,2481.34,6.52647,21.856,0.0326431,30.0084,0.0967798,0.000815065,0.140936
1705888415937947916,0.02,5,0.0802548,41973.5,2481.34,16.9157,47.9245,0.0326431,63.6256,0.0967798,0.00133334,0.15163
1705888415937947916,0.03,3.33333,0.0509554,72579.2,2481.34,29.25,74.618,0.0326431,97.3156,0.0967798,0.00191811,0.14923
1705888415937947916,0.04,2.5,0.0382166,107965,2481.34,43.5107,104.089,0.0326431,131.023,0.0967798,0.00251251,0.147249
1705888416038579178,0.0005,200,1,104.567,2393.53,0.0436875,0.752547,0.022204,0.266547,0.106488,7.78e-05,0.00916295
1705888416038579178,0.001,100,0.948413,414.289,2393.53,0.173087,2.93373,0.022204,1.05854,0.106488,0.000294979,0.0337142
1705888416038579178,0.002,50,0.621693,1430.69,2393.53,0.597731,8.47143,0.022204,3.64092,0.106488,0.000765592,0.0828111
1705888416038579178,0.003,33.3333,0.417989,2620.92,2393.53,1.095,13.1927,0.022204,6.67299,0.106488,0.00105869,0.109318
1705888416038579178,0.005,20,0.271164,5421.72,2393.53,2.26516,21.7823,0.022204,13.0449,0.106488,0.00141721,0.133576
1705888416038579178,0.01,10,0.125661,13474,2393.53,5.62936,44.0279,0.022204,29.3844,0.106488,0.00190738,0.162255
1705888416038579178,0.02,5,0.0595238,30172.1,2393.53,12.6057,91.3294,0.022204,62.3127,0.106488,0.0025252,0.201088
1705888416038579178,0.03,3.33333,0.047619,47958,2393.53,20.0365,137.475,0.022204,95.2854,0.106488,0.00291188,0.224007
1705888416038579178,0.04,2.5,0.037037,67110.7,2393.53,28.0384,185.457,0.022204,128.27,0.106488,0.00323094,0.241707
1705888416138420312,0.0005,200,1,85.597,2213.23,0.0386751,0.319348,0.059705,0.243833,0.102236,1.75384e-05,0.00157849
1705888416138420312,0.001,100,0.952646,340.019,2213.23,0.15363,1.11241,0.059705,0.968951,0.102236,6.08959e-05,0.00534958
1705888416138420312,0.002,50,0.639276,1213.47,2213.23,0.548278,3.26272,0.059705,3.35467,0.102236,0.000168641,0.014888
1705888416138420312,0.003,33.3333,0.442897,2386.55,2213.23,1.07831,5.81868,0.059705,6.16792,0.102236,0.000277733,0.0246795
1705888416138420312,0.005,20,0.271588,5265.21,2213.23,2.37897,11.4756,0.059705,12.0815,0.102236,0.000450217,0.0408688
1705888416138420312,0.01,10,0.158774,14726.5,2213.23,6.65385,27.4184,0.059705,27.2099,0.102236,0.000684945,0.0626454
1705888416138420312,0.02,5,0.0849582,41351.2,2213.23,18.6836,67.6828,0.059705,57.709,0.102236,0.000843915,0.0759415
1705888416138420312,0.03,3.33333,0.0529248,66582.4,2213.23,30.0838,104.835,0.059705,88.2765,0.102236,0.000892026,0.0798883
1705888416138420312,0.04,2.5,0.0417827,93162.9,2213.23,42.0935,142.273,0.059705,118.86,0.102236,0.00091438,0.0813747
1705888416238264945,0.0005,200,1,68.2953,2093.46,0.0326231,0.339317,0.0257151,0.223014,0.108792,0.000250913,0.0174767
1705888416238264945,0.001,100,0.966054,272.567,2093.46,0.130199,1.32694,0.0257151,0.888095,0.108792,0.00084517,0.0576502
1705888416238264945,0.002,50,0.65488,995.407,2093.46,0.475484,3.84491,0.0257151,3.11266,0.108792,0.00149033,0.11152
1705888416238264945,0.003,33.3333,0.468175,1954.31,2093.46,0.933531,6.86663,0.0257151,5.75265,0.108792,0.00184583,0.133656
1705888416238264945,0.005,20,0.281471,4237.41,2093.46,2.02412,12.8451,0.0257151,11.3435,0.108792,0.00209937,0.143101
1705888416238264945,0.01,10,0.149929,10773.5,2093.46,5.14625,26.8258,0.0257151,25.7029,0.108792,0.00213723,0.137764
1705888416238264945,0.02,5,0.0763791,25367.8,2093.46,12.1176,54.748,0.0257151,54.6674,0.108792,0.00208672,0.135796
1705888416238264945,0.03,3.33333,0.0608204,42475.8,2093.46,20.2897,82.8078,0.0257151,83.6855,0.108792,0.00205311,0.139288
1705888416238264945,0.04,2.5,0.0410184,60617.8,2093.46,28.9558,111.392,0.0257151,112.721,0.108792,0.00217784,0.146921
1705888416338114080,0.0005,200,1,58.377,1924.98,0.030326,0.136963,0.0758536,0.216243,0.0852949,8.66292e-06,0.000668375
1705888416338114080,0.001,100,0.957768,232.76,1924.98,0.120915,0.610009,0.0758536,0.856271,0.0852949,3.78693e-05,0.00293722
1705888416338114080,0.002,50,0.638009,841.554,1924.98,0.437175,2.3189,0.0758536,2.97653,0.0852949,0.000137263,0.010717
1705888416338114080,0.003,33.3333,0.464555,1657.08,1924.98,0.860828,4.01168,0.0758536,5.48354,0.0852949,0.000221025,0.0182217
1705888416338114080,0.005,20,0.282051,3681.44,1924.98,1.91245,8.18905,0.0758536,10.7862,0.0852949,0.00039427,0.0345447
1705888416338114080,0.01,10,0.14178,10533.4,1924.98,5.47195,15.5081,0.0758536,24.4177,0.0852949,0.000552433,0.0531859
1705888416338114080,0.02,5,0.0618401,28724.8,1924.98,14.9221,30.1639,0.0758536,51.9335,0.0852949,0.000666869,0.0742853
1705888416338114080,0.03,3.33333,0.0361991,46663,1924.98,24.2407,45.2989,0.0758536,79.5056,0.0852949,0.000778823,0.0921826
1705888416338114080,0.04,2.5,0.0286576,66102,1924.98,34.339,59.9161,0.0758536,107.087,0.0852949,0.000851333,0.10459
1705888416437936288,0.0005,200,1,47.4261,1682.51,0.0281877,0.334379,0.108103,0.202172,0.0664218,1.2815e-05,0.00167556
1705888416437936288,0.001,100,0.951724,186.57,1682.51,0.110888,1.30321,0.108103,0.802344,0.0664218,5.06319e-05,0.00643447
1705888416437936288,0.002,50,0.610345,649.281,1682.51,0.385901,3.59911,0.108103,2.77245,0.0664218,0.000141093,0.0170838
1705888416437936288,0.003,33.3333,0.425862,1269.2,1682.51,0.75435,5.36246,0.108103,5.0797,0.0664218,0.000203831,0.024547
1705888416437936288,0.005,20,0.272414,2814.53,1682.51,1.67282,9.73729,0.108103,9.93188,0.0664218,0.00034132,0.0407758
1705888416437936288,0.01,10,0.137931,7121.64,1682.51,4.23275,23.6823,0.108103,22.3728,0.0664218,0.000690636,0.0794024
1705888416437936288,0.02,5,0.0706897,17352.2,1682.51,10.3133,51.0182,0.108103,47.4404,0.0664218,0.00111419,0.120089
1705888416437936288,0.03,3.33333,0.0482759,29572.5,1682.51,17.5764,80.2468,0.108103,72.5498,0.0664218,0.00137623,0.142222
1705888416437936288,0.04,2.5,0.0396552,43357.3,1682.51,25.7695,109.121,0.108103,97.6701,0.0664218,0.00153497,0.153486
1705888416538580580,0.0005,200,1,42.096,1555.33,0.0270657,0.14656,0.0460302,0.18086,0.0773657,1.50144e-05,0.00143871
1705888416538580580,0.001,100,0.960217,167.446,1555.33,0.10766,0.604426,0.0460302,0.719464,0.0773657,6.03657e-05,0.0057409
1705888416538580580,0.002,50,0.632911,611.833,1555.33,0.393379,1.61705,0.0460302,2.516,0.0773657,0.000154711,0.0138786
1705888416538580580,0.003,33.3333,0.43038,1225.52,1555.33,0.787949,3.12686,0.0460302,4.65557,0.0773657,0.00027982,0.0244952
1705888416538580580,0.005,20,0.269439,2730.65,1555.33,1.75567,7.37739,0.0460302,9.16483,0.0773657,0.000558479,0.047872
1705888416538580580,0.01,10,0.137432,7396.8,1555.33,4.75579,15.9738,0.0460302,20.7112,0.0773657,0.000806592,0.069562
1705888416538580580,0.02,5,0.0687161,19469.9,1555.33,12.5182,31.1319,0.0460302,43.9906,0.0773657,0.000887293,0.0779997
1705888416538580580,0.03,3.33333,0.0415913,31689,1555.33,20.3745,46.0167,0.0460302,67.3181,0.0773657,0.00100584,0.0896433
1705888416538580580,0.04,2.5,0.0307414,44412,1555.33,28.5548,59.7873,0.0460302,90.6548,0.0773657,0.00109782,0.0967449
1705888416638423016,0.0005,200,1,51.406,1625.28,0.0316289,0.494483,0.0176081,0.214793,0.13401,0.000175061,0.0137545
1705888416638423016,0.001,100,0.952941,204.881,1625.28,0.126059,1.97021,0.0176081,0.852976,0.13401,0.000656622,0.0516106
1705888416638423016,0.002,50,0.6,748.684,1625.28,0.460648,5.509,0.0176081,2.95915,0.13401,0.00151638,0.120871
1705888416638423016,0.003,33.3333,0.388235,1491.04,1625.28,0.9174,8.96746,0.0176081,5.43511,0.13401,0.00203575,0.155768
1705888416638423016,0.005,20,0.253782,3380.4,1625.28,2.07988,15.4472,0.0176081,10.6134,0.13401,0.00241354,0.174031
1705888416638423016,0.01,10,0.115966,9428.12,1625.28,5.8009,32.9211,0.0176081,23.8495,0.13401,0.00256735,0.18813
1705888416638423016,0.02,5,0.0537815,23458.3,1625.28,14.4334,61.8393,0.0176081,50.5106,0.13401,0.00233414,0.197063
1705888416638423016,0.03,3.33333,0.0403361,38029.9,1625.28,23.3989,92.0493,0.0176081,77.2013,0.13401,0.00242492,0.208918
1705888416638423016,0.04,2.5,0.0336134,53472.5,1625.28,32.9004,124.111,0.0176081,103.899,0.13401,0.00256887,0.214714
1705888416738278599,0.0005,200,1,66.6118,2180.02,0.0305556,0.100939,0.132308,0.271588,0.102434,3.27169e-06,0.000297485
1705888416738278599,0.001,100,0.940341,263.691,2180.02,0.120958,0.574083,0.132308,1.07626,0.102434,1.86143e-05,0.00167442
1705888416738278599,0.002,50,0.590909,916.31,2180.02,0.420322,1.91431,0.132308,3.68255,0.102434,6.12721e-05,0.00545077
1705888416738278599,0.003,33.3333,0.37642,1749.34,2180.02,0.80244,2.70388,0.132308,6.72496,0.102434,8.29182e-05,0.00754852
1705888416738278599,0.005,20,0.227273,3787.55,2180.02,1.73739,3.99774,0.132308,13.0866,0.102434,0.000116387,0.0104132
1705888416738278599,0.01,10,0.100852,9789.63,2180.02,4.49062,7.17291,0.132308,29.3303,0.102434,0.000182544,0.0153505
1705888416738278599,0.02,5,0.0582386,24311.6,2180.02,11.152,16.5376,0.132308,61.9825,0.102434,0.000314544,0.025811
1705888416738278599,0.03,3.33333,0.0440341,41925,2180.02,19.2315,25.9569,0.132308,94.6751,0.102434,0.000392467,0.0308434
1705888416738278599,0.04,2.5,0.0269886,61088.4,2180.02,28.022,35.4706,0.132308,127.382,0.102434,0.000452668,0.0337518
1705888416838118390,0.0005,200,1,97.4908,3090.89,0.0315414,0.136808,0.018768,0.339632,0.0978967,1.81983e-05,0.00157701
1705888416838118390,0.001,100,0.93318,387.749,3090.89,0.125449,0.584417,0.018768,1.34284,0.0978967,7.42389e-05,0.00650218
1705888416838118390,0.002,50,0.595622,1368,3090.89,0.442591,1.85862,0.018768,4.54107,0.0978967,0.000215988,0.0174271
1705888416838118390,0.003,33.3333,0.412442,2625.04,3090.89,0.849282,3.35097,0.018768,8.24729,0.0978967,0.000348089,0.0271542
1705888416838118390,0.005,20,0.223502,5611.8,3090.89,1.8156,7.04936,0.018768,16.0398,0.0978967,0.000555315,0.0432811
1705888416838118390,0.01,10,0.102535,14371.6,3090.89,4.64966,15.6258,0.018768,35.9557,0.0978967,0.000793518,0.0567826
1705888416838118390,0.02,5,0.0483871,34818.4,3090.89,11.2649,35.7735,0.018768,76.0352,0.0978967,0.00112277,0.083131
1705888416838118390,0.03,3.33333,0.0345622,59519.5,3090.89,19.2564,57.5621,0.018768,116.16,0.0978967,0.00129,0.0979308
1705888416838118390,0.04,2.5,0.0276498,84492.3,3090.89,27.3359,77.9515,0.018768,156.296,0.0978967,0.00140235,0.107944
1705888416937948499,0.0005,200,1,122.946,4156.1,0.0295822,0.267204,0.0666783,0.354301,0.139444,4.91014e-06,0.00149761
1705888416937948499,0.001,100,0.956957,486.485,4156.1,0.117053,1.01906,0.0666783,1.39923,0.139444,1.24237e-05,0.00561525
1705888416937948499,0.002,50,0.617618,1742.44,4156.1,0.41925,3.14784,0.0666783,4.80071,0.139444,4.68065e-05,0.0160048
1705888416937948499,0.003,33.3333,0.455455,3466,4156.1,0.833956,4.5928,0.0666783,8.77555,0.139444,7.87341e-05,0.0217501
1705888416937948499,0.005,20,0.271271,7691.33,4156.1,1.85061,7.85009,0.0666783,17.1615,0.139444,0.000160887,0.0333403
1705888416937948499,0.01,10,0.143143,19812.6,4156.1,4.76711,13.1422,0.0666783,38.6338,0.139444,0.000435946,0.0475357
1705888416937948499,0.02,5,0.0750751,47560.4,4156.1,11.4435,27.1542,0.0666783,81.8977,0.139444,0.000929737,0.0729101
1705888416937948499,0.03,3.33333,0.0520521,77796.7,4156.1,18.7187,43.0183,0.0666783,125.241,0.139444,0.00137508,0.0928265
1705888416937948499,0.04,2.5,0.038038,109905,4156.1,26.4442,59.5052,0.0666783,168.608,0.139444,0.00176775,0.106362
1705888417038583390,0.0005,200,0.999089,154.089,5161.08,0.029856,0.287159,2.04579,0.388195,0.313075,4.67615e-07,5.28005e-05
1705888417038583390,0.001,100,0.948998,608.872,5161.08,0.117974,1.05063,2.04579,1.52872,0.313075,1.67783e-06,0.000193773
1705888417038583390,0.002,50,0.634791,2146.08,5161.08,0.41582,2.12071,2.04579,5.22537,0.313075,3.48066e-06,0.000386208
1705888417038583390,0.003,33.3333,0.430783,4158.19,5161.08,0.805681,3.24197,2.04579,9.59294,0.313075,5.55941e-06,0.000579623
1705888417038583390,0.005,20,0.26776,8894.94,5161.08,1.72346,5.89772,2.04579,18.7835,0.313075,1.04501e-05,0.00102578
1705888417038583390,0.01,10,0.134791,23715.7,5161.08,4.59511,13.3707,2.04579,42.3075,0.313075,2.30897e-05,0.00225545
1705888417038583390,0.02,5,0.0746812,61422.3,5161.08,11.901,24.9409,2.04579,89.7166,0.313075,3.8722e-05,0.00404165
1705888417038583390,0.03,3.33333,0.0510018,106667,5161.08,20.6675,40.2608,2.04579,137.208,0.313075,5.62597e-05,0.00618713
1705888417038583390,0.04,2.5,0.0364299,158541,5161.08,30.7185,58.1347,2.04579,184.723,0.313075,7.42532e-05,0.00838391
1705888417138429118,0.0005,200,0.99828,237.324,5759.63,0.0412047,0.397209,6.60582,0.448996,0.913224,4.01775e-09,4.00133e-07
1705888417138429118,0.001,100,0.94497,927.602,5759.63,0.161052,1.40921,6.60582,1.75373,0.913224,1.4711e-08,1.4042e-06
1705888417138429118,0.002,50,0.618229,3259.08,5759.63,0.565848,3.23148,6.60582,5.89642,0.913224,3.69711e-08,3.10106e-06
1705888417138429118,0.003,33.3333,0.441101,6082.31,5759.63,1.05602,4.6043,6.60582,10.7175,0.913224,5.62377e-08,4.27181e-06
1705888417138429118,0.005,20,0.251075,12558.8,5759.63,2.18049,9.35055,6.60582,20.8708,0.913224,1.09196e-07,8.88324e-06
1705888417138429118,0.01,10,0.120378,31382.6,5759.63,5.44872,21.6807,6.60582,46.8328,0.913224,2.40651e-07,2.1075e-05
1705888417138429118,0.02,5,0.0687876,75178.9,5759.63,13.0527,49.6688,6.60582,99.0932,0.913224,5.1619e-07,4.94896e-05
1705888417138429118,0.03,3.33333,0.0404127,123561,5759.63,21.4528,74.5799,6.60582,151.445,0.913224,7.56792e-07,7.48476e-05
1705888417138429118,0.04,2.5,0.0318143,170716,5759.63,29.6401,101.1,6.60582,203.816,0.913224,1.01943e-06,0.000101576
1705888417238283908,0.0005,200,0.996558,398.086,5839.2,0.0681748,1.55278,12.2207,0.514495,1.58931,1.43138e-06,0.000136952
1705888417238283908,0.001,100,0.921687,1544.53,5839.2,0.26451,5.70912,12.2207,1.99009,1.58931,5.26296e-06,0.000503039
1705888417238283908,0.002,50,0.577453,4940.38,5839.2,0.846071,12.605,12.2207,6.53712,1.58931,1.19671e-05,0.00109443
1705888417238283908,0.003,33.3333,0.402754,9164.13,5839.2,1.56941,19.6725,12.2207,11.753,1.58931,1.851e-05,0.00170444
1705888417238283908,0.005,20,0.234079,18263.1,5839.2,3.12767,33.4814,12.2207,22.6459,1.58931,3.14815e-05,0.00286302
1705888417238283908,0.01,10,0.115318,44205.6,5839.2,7.57049,65.1366,12.2207,50.4225,1.58931,5.98269e-05,0.00542669
1705888417238283908,0.02,5,0.0585198,99443.9,5839.2,17.0304,126.139,12.2207,106.335,1.58931,0.0001117,0.00995613
1705888417238283908,0.03,3.33333,0.035284,158677,5839.2,27.1744,186.556,12.2207,162.324,1.58931,0.00015989,0.0139068
1705888417238283908,0.04,2.5,0.0258176,222666,5839.2,38.1329,246.352,12.2207,218.33,1.58931,0.000205402,0.0172715
1705888417338124499,0.0005,200,0.996432,564.306,5673.84,0.0994576,0.829578,9.33059,0.491382,1.58391,1.88077e-07,2.43286e-05
1705888417338124499,0.001,100,0.926851,2161.68,5673.84,0.380991,2.9348,9.33059,1.88941,1.58391,7.42113e-07,8.40343e-05
1705888417338124499,0.002,50,0.586084,7137,5673.84,1.25788,8.65696,9.33059,6.20857,1.58391,2.181e-06,0.000247843
1705888417338124499,0.003,33.3333,0.400535,12980.3,5673.84,2.28775,14.3601,9.33059,11.1923,1.58391,3.51783e-06,0.000413196
1705888417338124499,0.005,20,0.230152,26317.9,5673.84,4.63846,26.5362,9.33059,21.6186,1.58391,6.38536e-06,0.000763109
1705888417338124499,0.01,10,0.111508,64356.9,5673.84,11.3427,58.1225,9.33059,48.2055,1.58391,1.42951e-05,0.00163974
1705888417338124499,0.02,5,0.0463872,143558,5673.84,25.3018,117.314,9.33059,101.73,1.58391,2.85399e-05,0.00323178
1705888417338124499,0.03,3.33333,0.0312221,232866,5673.84,41.042,177.646,9.33059,155.327,1.58391,4.23027e-05,0.00478438
1705888417338124499,0.04,2.5,0.0223015,329562,5673.84,58.0844,237.079,9.33059,208.939,1.58391,5.51312e-05,0.00625333
1705888417437961472,0.0005,200,0.996772,652.953,6647.26,0.0982289,0.9798,4.32648,0.519359,1.30706,1.30883e-06,0.000212209
1705888417437961472,0.001,100,0.928168,2467.37,6647.26,0.371186,2.30553,4.32648,1.99925,1.30706,3.30245e-06,0.000492796
1705888417437961472,0.002,50,0.615819,7737.44,6647.26,1.16401,4.99337,4.32648,6.58588,1.30706,5.01572e-06,0.00109547
1705888417437961472,0.003,33.3333,0.415658,14173.8,6647.26,2.13227,10.272,4.32648,11.9112,1.30706,8.9675e-06,0.00223216
1705888417437961472,0.005,20,0.251009,28368.6,6647.26,4.26771,20.0066,4.32648,23.071,1.30706,1.61798e-05,0.0042212
1705888417437961472,0.01,10,0.129136,73395.3,6647.26,11.0414,41.5503,4.32648,51.5551,1.30706,3.11973e-05,0.00799317
1705888417437961472,0.02,5,0.0605327,182427,6647.26,27.444,85.2112,4.32648,108.921,1.30706,5.52953e-05,0.0134205
1705888417437961472,0.03,3.33333,0.0371267,293478,6647.26,44.1503,127.453,4.32648,166.378,1.30706,7.50422e-05,0.0173087
1705888417437961472,0.04,2.5,0.0290557,413876,6647.26,62.2626,170.949,4.32648,223.855,1.30706,9.72331e-05,0.0203842
1705888417538608253,0.0005,200,0.993309,1338.87,7444.98,0.179836,1.06656,7.87732,0.580577,1.66367,1.63724e-06,0.000310145
1705888417538608253,0.001,100,0.929368,5261.21,7444.98,0.706679,3.75555,7.87732,2.18847,1.66367,5.13668e-06,0.00105266
1705888417538608253,0.002,50,0.614126,19978.9,7444.98,2.68354,11.6419,7.87732,7.12675,1.66367,1.29542e-05,0.00298892
1705888417538608253,0.003,33.3333,0.423792,42810.6,7444.98,5.75026,21.6721,7.87732,12.8489,1.66367,2.19943e-05,0.00498664
1705888417538608253,0.005,20,0.272119,94230.8,7444.98,12.657,44.7222,7.87732,24.8274,1.66367,3.79642e-05,0.00843142
1705888417538608253,0.01,10,0.142751,210670,7444.98,28.2969,100.703,7.87732,55.4401,1.66367,5.85751e-05,0.013952
1705888417538608253,0.02,5,0.0728625,479757,7444.98,64.4404,215.353,7.87732,117.114,1.66367,7.06295e-05,0.0191648
1705888417538608253,0.03,3.33333,0.0520446,789754,7444.98,106.079,334.81,7.87732,178.886,1.66367,6.91088e-05,0.0214109
1705888417538608253,0.04,2.5,0.0416357,1.09664e+06,7444.98,147.3,449.203,7.87732,240.685,1.66367,6.37176e-05,0.0227271
1705888417638458815,0.0005,200,0.995757,2261.79,8466.14,0.267157,2.76299,6.8912,0.587274,2.25009,3.59446e-06,0.00056289
1705888417638458815,0.001,100,0.921499,8832.11,8466.14,1.04323,10.1721,6.8912,2.24495,2.25009,1.29656e-05,0.00201979
1705888417638458815,0.002,50,0.642857,33570.1,8466.14,3.96522,30.2502,6.8912,7.28567,2.25009,3.77461e-05,0.00542134
1705888417638458815,0.003,33.3333,0.449788,53652.7,8466.14,6.33733,49.2164,6.8912,13.1632,2.25009,6.00743e-05,0.00826538
1705888417638458815,0.005,20,0.263791,94592,8466.14,11.173,89.8319,6.8912,25.5479,2.25009,0.000100651,0.0134824
1705888417638458815,0.01,10,0.128006,203163,8466.14,23.9971,187.244,6.8912,57.2678,2.25009,0.000171619,0.0221628
1705888417638458815,0.02,5,0.0579915,434544,8466.14,51.3273,386.917,6.8912,121.177,2.25009,0.00026372,0.0319441
1705888417638458815,0.03,3.33333,0.0374823,666764,8466.14,78.7566,581.112,6.8912,185.186,2.25009,0.000323811,0.0369179
1705888417638458815,0.04,2.5,0.0282885,901532,8466.14,106.487,773.007,6.8912,249.216,2.25009,0.000368906,0.0397331
1705888417738281025,0.0005,200,0.997403,988.502,9478.15,0.104293,2.59179,2.24023,0.619282,2.29485,1.00379e-05,0.00209133
1705888417738281025,0.001,100,0.935714,3691.38,9478.15,0.389462,7.54596,2.24023,2.35452,2.29485,2.79096e-05,0.00598823
1705888417738281025,0.002,50,0.642208,12297.4,9478.15,1.29745,15.258,2.24023,7.66537,2.29485,4.71597e-05,0.0115003
1705888417738281025,0.003,33.3333,0.464286,23024.7,9478.15,2.42924,20.9858,2.24023,13.8482,2.29485,5.57801e-05,0.0148661
1705888417738281025,0.005,20,0.296753,49379.6,9478.15,5.20984,30.6773,2.24023,26.8667,2.29485,6.04455e-05,0.0189408
1705888417738281025,0.01,10,0.158442,125148,9478.15,13.2038,62.5029,2.24023,60.2375,2.29485,6.77181e-05,0.0297206
1705888417738281025,0.02,5,0.0831169,310571,9478.15,32.767,128.333,2.24023,127.554,2.29485,0.000128317,0.0425718
1705888417738281025,0.03,3.33333,0.0532468,535086,9478.15,56.4546,192.743,2.24023,195.006,2.29485,0.000197911,0.0503152
1705888417738281025,0.04,2.5,0.0409091,789092,9478.15,83.2538,255.011,2.24023,262.492,2.29485,0.000255561,0.0551974
1705888417838118193,0.0005,200,0.99631,1227.55,10136.5,0.121102,1.16165,7.76717,0.613948,1.87165,3.54331e-07,0.00018637
1705888417838118193,0.001,100,0.927429,4719.95,10136.5,0.465639,3.66086,7.76717,2.3556,1.87165,2.50907e-06,0.000568749
1705888417838118193,0.002,50,0.666052,15892.2,10136.5,1.56782,8.3148,7.76717,7.71736,1.87165,8.03421e-06,0.00124155
1705888417838118193,0.003,33.3333,0.482165,29973.7,10136.5,2.957,12.0696,7.76717,13.9967,1.87165,1.09091e-05,0.00182281
1705888417838118193,0.005,20,0.310578,62711,10136.5,6.18665,19.6929,7.76717,27.2837,1.87165,1.62012e-05,0.00299105
1705888417838118193,0.01,10,0.148831,155050,10136.5,15.2962,37.8342,7.76717,61.497,1.87165,3.80268e-05,0.00544142
1705888417838118193,0.02,5,0.0658057,367371,10136.5,36.2423,80.113,7.76717,130.577,1.87165,8.02845e-05,0.00984359
1705888417838118193,0.03,3.33333,0.0381304,586116,10136.5,57.8223,122.69,7.76717,199.796,1.87165,0.00011215,0.0137396
1705888417838118193,0.04,2.5,0.0301353,807836,10136.5,79.6957,163.861,7.76717,269.042,1.87165,0.000142381,0.0170473
1705888417937947378,0.0005,200,0.997639,975.429,9770.38,0.0998353,1.49175,4.5775,0.640122,1.64586,1.24195e-06,0.000189594
1705888417937947378,0.001,100,0.936836,3758.98,9770.38,0.384732,5.78071,4.5775,2.46185,1.64586,4.58822e-06,0.000738512
1705888417937947378,0.002,50,0.641677,12805.6,9770.38,1.31066,18.0052,4.5775,8.13757,1.64586,1.53511e-05,0.00226733
1705888417937947378,0.003,33.3333,0.470484,24231.9,9770.38,2.48014,30.1448,4.5775,14.7845,1.64586,2.61725e-05,0.00376081
1705888417937947378,0.005,20,0.285714,50514.1,9770.38,5.17012,54.6293,4.5775,28.8259,1.64586,4.75919e-05,0.00669839
1705888417937947378,0.01,10,0.146989,128770,9770.38,13.1796,114.701,4.5775,64.8669,1.64586,9.2062e-05,0.0138
1705888417937947378,0.02,5,0.0767414,320522,9770.38,32.8055,229.85,4.5775,137.555,1.64586,0.000165342,0.0264958
1705888417937947378,0.03,3.33333,0.0525384,544675,9770.38,55.7476,347.63,4.5775,210.388,1.64586,0.000234482,0.0382653
1705888417937947378,0.04,2.5,0.0342385,776202,9770.38,79.4444,465.681,4.5775,283.262,1.64586,0.00029754,0.0490506
1705888418038584594,0.0005,200,0.995956,1145.16,9530.24,0.120161,2.91877,3.17939,0.617008,1.68961,4.30793e-06,0.000687274
1705888418038584594,0.001,100,0.941652,4445.02,9530.24,0.466412,10.712,3.17939,2.36689,1.68961,1.66084e-05,0.00248581
1705888418038584594,0.002,50,0.681687,15280.9,9530.24,1.60342,30.691,3.17939,7.80972,1.68961,4.78064e-05,0.00691861
1705888418038584594,0.003,33.3333,0.501444,29296.8,9530.24,3.07409,49.9347,3.17939,14.2197,1.68961,7.46607e-05,0.0109031
1705888418038584594,0.005,20,0.320046,63271,9530.24,6.63897,92.1401,3.17939,27.8255,1.68961,0.000125122,0.0186966
1705888418038584594,0.01,10,0.1658,168796,9530.24,17.7116,196.479,3.17939,62.8585,1.68961,0.000217853,0.0330178
1705888418038584594,0.02,5,0.0883882,424142,9530.24,44.5048,397.206,3.17939,133.632,1.68961,0.000329977,0.0482196
1705888418038584594,0.03,3.33333,0.0519931,699650,9530.24,73.4137,601.685,3.17939,204.585,1.68961,0.000408773,0.0574562
1705888418038584594,0.04,2.5,0.0421722,982129,9530.24,103.054,809.017,3.17939,275.577,1.68961,0.000470115,0.0640227
1705888418138438652,0.0005,200,0.997002,1186.84,8629.92,0.137527,1.64947,0.493983,0.689036,1.51729,6.88743e-06,0.00129423
1705888418138438652,0.001,100,0.919065,4531.58,8629.92,0.525101,7.15531,0.493983,2.64838,1.51729,2.867e-05,0.00542138
1705888418138438652,0.002,50,0.63789,14404.2,8629.92,1.6691,19.3249,0.493983,8.57521,1.51729,7.8887e-05,0.0134341
1705888418138438652,0.003,33.3333,0.476619,26466.8,8629.92,3.06687,31.6208,0.493983,15.3887,1.51729,0.000126353,0.0200074
1705888418138438652,0.005,20,0.292566,54824,8629.92,6.35278,53.8271,0.493983,29.7337,1.51729,0.000191761,0.0284337
1705888418138438652,0.01,10,0.158873,140919,8629.92,16.3291,106.692,0.493983,66.5093,1.51729,0.000331814,0.0385575
1705888418138438652,0.02,5,0.0809353,343093,8629.92,39.7563,213.16,0.493983,140.693,1.51729,0.000611037,0.0484496
1705888418138438652,0.03,3.33333,0.0521583,555224,8629.92,64.3371,316.422,0.493983,215.028,1.51729,0.000872538,0.0562122
1705888418138438652,0.04,2.5,0.0371703,775552,8629.92,89.8678,419.171,0.493983,289.401,1.51729,0.00111448,0.0611692
1705888418238266618,0.0005,200,0.997472,1027.79,7652.5,0.134308,0.639902,3.22905,0.57456,1.2591,2.05798e-06,0.000458179
1705888418238266618,0.001,100,0.927939,3954.36,7652.5,0.516741,1.96043,3.22905,2.1952,1.2591,1.08707e-05,0.00139573
1705888418238266618,0.002,50,0.698483,13273.2,7652.5,1.73449,4.7128,3.22905,7.09688,1.2591,3.50525e-05,0.00294589
1705888418238266618,0.003,33.3333,0.530973,24926.8,7652.5,3.25734,7.30925,3.22905,12.8381,1.2591,5.16108e-05,0.00455527
1705888418238266618,0.005,20,0.337547,50737.6,7652.5,6.63021,13.282,3.22905,25.0828,1.2591,7.11414e-05,0.00818778
1705888418238266618,0.01,10,0.176991,127004,7652.5,16.5965,20.0768,3.22905,56.6928,1.2591,0.000103622,0.0114021
1705888418238266618,0.02,5,0.0960809,307729,7652.5,40.2129,36.0928,3.22905,120.552,1.2591,0.00014217,0.016615
1705888418238266618,0.03,3.33333,0.0676359,501674,7652.5,65.557,54.1173,3.22905,184.562,1.2591,0.000176125,0.0210377
1705888418238266618,0.04,2.5,0.0499368,705259,7652.5,92.1607,72.4811,3.22905,248.615,1.2591,0.000204948,0.0239617
1705888418338101029,0.0005,200,0.998043,870.335,6967.82,0.124908,0.469609,2.28377,0.499576,1.01404,1.34354e-06,0.000171764
1705888418338101029,0.001,100,0.935421,3399.69,6967.82,0.487914,2.1952,2.28377,1.93788,1.01404,6.98345e-06,0.000765859
1705888418338101029,0.002,50,0.720157,11769.2,6967.82,1.68907,7.30059,2.28377,6.38605,1.01404,2.03199e-05,0.00256655
1705888418338101029,0.003,33.3333,0.541422,22397.2,6967.82,3.21437,11.4379,2.28377,11.6546,1.01404,3.02537e-05,0.00395083
1705888418338101029,0.005,20,0.360078,45891.8,6967.82,6.58624,20.8011,2.28377,22.9064,1.01404,5.22667e-05,0.00688015
1705888418338101029,0.01,10,0.191129,111620,6967.82,16.0193,43.1866,2.28377,52.0241,1.01404,9.21465e-05,0.0129912
1705888418338101029,0.02,5,0.100457,256048,6967.82,36.7472,90.1865,2.28377,110.96,1.01404,0.000150567,0.0226242
1705888418338101029,0.03,3.33333,0.0626223,410345,6967.82,58.8914,135.232,2.28377,170.069,1.01404,0.000188556,0.0299042
1705888418338101029,0.04,2.5,0.047619,573994,6967.82,82.3779,181.551,2.28377,229.219,1.01404,0.000217468,0.0362882
1705888418437947771,0.0005,200,0.997942,765.174,6237.31,0.122677,0.959031,1.17453,0.455437,0.710534,5.46683e-06,0.000414741
1705888418437947771,0.001,100,0.949246,2944.51,6237.31,0.472081,2.72117,1.17453,1.75929,0.710534,1.6752e-05,0.00112589
1705888418437947771,0.002,50,0.722222,10011.1,6237.31,1.60503,5.02742,1.17453,5.8661,0.710534,3.3796e-05,0.00187517
1705888418437947771,0.003,33.3333,0.548697,19021,6237.31,3.04955,8.20249,1.17453,10.7625,0.710534,5.22575e-05,0.0029627
1705888418437947771,0.005,20,0.358025,39526.5,6237.31,6.33711,15.3756,1.17453,21.2528,0.710534,9.32659e-05,0.00499289
1705888418437947771,0.01,10,0.183813,98544.9,6237.31,15.7993,40.2674,1.17453,48.425,0.710534,0.000193213,0.0111809
1705888418437947771,0.02,5,0.104252,234381,6237.31,37.5773,79.6721,1.17453,103.408,0.710534,0.000326138,0.0155518
1705888418437947771,0.03,3.33333,0.0658436,385578,6237.31,61.818,113.722,1.17453,158.557,0.710534,0.000418803,0.0174095
1705888418437947771,0.04,2.5,0.0500686,550777,6237.31,88.3036,144.488,1.17453,213.743,0.710534,0.000491303,0.0183363
1705888418538593745,0.0005,200,1,762.841,5642.13,0.135204,0.649448,1.31131,0.410222,0.36414,1.70713e-06,0.000192609
1705888418538593745,0.001,100,0.951183,2962.12,5642.13,0.525,2.47057,1.31131,1.59414,0.36414,6.26475e-06,0.000729162
1705888418538593745,0.002,50,0.735947,10260.7,5642.13,1.81859,5.78962,1.31131,5.30688,0.36414,1.63076e-05,0.0016197
1705888418538593745,0.003,33.3333,0.553254,19992.6,5642.13,3.54344,12.0065,1.31131,9.75081,0.36414,3.10386e-05,0.00327327
1705888418538593745,0.005,20,0.37574,45303.9,5642.13,8.02957,27.3877,1.31131,19.2934,0.36414,6.15315e-05,0.0068382
1705888418538593745,0.01,10,0.183432,132270,5642.13,23.4432,78.7677,1.31131,44.0825,0.36414,0.000131614,0.0150212
1705888418538593745,0.02,5,0.0902367,306913,5642.13,54.3967,165.992,1.31131,94.302,0.36414,0.00021158,0.0229586
1705888418538593745,0.03,3.33333,0.0599112,486643,5642.13,86.2516,246.549,1.31131,144.666,0.36414,0.000262299,0.0278339
1705888418538593745,0.04,2.5,0.0428994,670772,5642.13,118.886,328.139,1.31131,195.068,0.36414,0.000306278,0.0319966
1705888418638427707,0.0005,200,1,631.17,5256.13,0.120083,1.96756,0.0543946,0.364689,0.329376,1.19098e-05,0.00193948
1705888418638427707,0.001,100,0.945924,2467.62,5256.13,0.469474,7.09512,0.0543946,1.42919,0.329376,4.61245e-05,0.00672656
1705888418638427707,0.002,50,0.731235,8492.23,5256.13,1.61568,20.8457,0.0543946,4.81233,0.329376,0.000136777,0.0180268
1705888418638427707,0.003,33.3333,0.545601,15736.5,5256.13,2.99393,33.7147,0.0543946,8.89005,0.329376,0.000214224,0.0265274
1705888418638427707,0.005,20,0.362389,32046.5,5256.13,6.09698,57.4035,0.0543946,17.6282,0.329376,0.000352509,0.0373244
1705888418638427707,0.01,10,0.193705,79336.4,5256.13,15.0941,118.899,0.0543946,40.25,0.329376,0.000626325,0.0529812
1705888418638427707,0.02,5,0.112994,191693,5256.13,36.4703,247.207,0.0543946,86.0217,0.329376,0.00107309,0.0660521
1705888418638427707,0.03,3.33333,0.0766747,315138,5256.13,59.9562,381.963,0.0543946,131.934,0.329376,0.00143967,0.0717066
1705888418638427707,0.04,2.5,0.0573043,440914,5256.13,83.8857,517.467,0.0543946,177.883,0.329376,0.00172885,0.0751173
1705888418738266554,0.0005,200,1,613.995,4918.21,0.124841,4.70175,0.0252819,0.360954,0.389376,0.00116615,0.0960276
1705888418738266554,0.001,100,0.942758,2398.53,4918.21,0.487683,17.5315,0.0252819,1.40653,0.389376,0.0029694,0.217786
1705888418738266554,0.002,50,0.718994,8439.39,4918.21,1.71595,48.9461,0.0252819,4.66045,0.389376,0.00416786,0.277891
1705888418738266554,0.003,33.3333,0.55941,16451.6,4918.21,3.34504,81.9373,0.0252819,8.52772,0.389376,0.00444961,0.289423
1705888418738266554,0.005,20,0.361665,36076.2,4918.21,7.33524,150.815,0.0252819,16.8259,0.389376,0.00421472,0.28752
1705888418738266554,0.01,10,0.19601,97535.4,4918.21,19.8315,313.522,0.0252819,38.3121,0.389376,0.00332397,0.265729
1705888418738266554,0.02,5,0.0962706,250450,4918.21,50.923,624.995,0.0252819,81.8162,0.389376,0.00269458,0.260253
1705888418738266554,0.03,3.33333,0.0719861,423180,4918.21,86.0437,933.216,0.0252819,125.441,0.389376,0.00278645,0.276558
1705888418738266554,0.04,2.5,0.0494363,615103,4918.21,125.067,1242.13,0.0252819,169.098,0.389376,0.00334925,0.293722
1705888418838111534,0.0005,200,1,475.412,4975.84,0.0955441,1.74783,0.227499,0.265793,0.25352,7.48724e-05,0.007077
1705888418838111534,0.001,100,0.963134,1874.16,4975.84,0.376652,6.21457,0.227499,1.04806,0.25352,0.00025619,0.0236824
1705888418838111534,0.002,50,0.770507,6632.52,4975.84,1.33295,15.2719,0.227499,3.57582,0.25352,0.000586688,0.0492796
1705888418838111534,0.003,33.3333,0.623041,13040.6,4975.84,2.62079,23.2286,0.227499,6.65765,0.25352,0.00081838,0.0647523
1705888418838111534,0.005,20,0.414747,29220.7,4975.84,5.87252,41.685,0.227499,13.378,0.25352,0.00120467,0.0878562
1705888418838111534,0.01,10,0.224885,74283.9,4975.84,14.9289,88.2413,0.227499,30.9791,0.25352,0.0018427,0.121499
1705888418838111534,0.02,5,0.117972,177358,4975.84,35.6438,182.512,0.227499,66.7593,0.25352,0.00261398,0.146585
1705888418838111534,0.03,3.33333,0.075576,283810,4975.84,57.0375,272.783,0.227499,102.67,0.25352,0.00317412,0.151542
1705888418838111534,0.04,2.5,0.0654378,397816,4975.84,79.9494,361.966,0.227499,138.608,0.25352,0.00354843,0.151561
1705888418937940525,0.0005,200,1,513.906,5304.84,0.0968749,2.69198,0.256975,0.242302,0.111806,9.76152e-05,0.0137334
1705888418937940525,0.001,100,0.969912,2032.09,5304.84,0.383063,10.2168,0.256975,0.960963,0.111806,0.000335675,0.0463925
1705888418937940525,0.002,50,0.797345,7252.64,5304.84,1.36717,27.2911,0.256975,3.37146,0.111806,0.000675241,0.090914
1705888418937940525,0.003,33.3333,0.628319,14034,5304.84,2.64551,44.8297,0.256975,6.38338,0.111806,0.000862016,0.112464
1705888418937940525,0.005,20,0.426549,29036.7,5304.84,5.47363,78.2751,0.256975,13.0067,0.111806,0.00105914,0.128662
1705888418937940525,0.01,10,0.214159,74582.8,5304.84,14.0594,163.562,0.256975,30.4408,0.111806,0.00120158,0.13424
1705888418937940525,0.02,5,0.102655,178882,5304.84,33.7206,333.209,0.256975,65.9423,0.111806,0.00142606,0.13313
1705888418937940525,0.03,3.33333,0.0707965,293541,5304.84,55.3346,491.745,0.256975,101.575,0.111806,0.00167446,0.131884
1705888418937940525,0.04,2.5,0.0557522,409594,5304.84,77.2113,649.849,0.256975,137.241,0.111806,0.00197571,0.131975
1705888419038595592,0.0005,200,1,459.277,5576.01,0.0823667,2.48365,0.177548,0.257289,0.0902347,0.000339363,0.0191445
1705888419038595592,0.001,100,0.962832,1799.45,5576.01,0.322714,8.8675,0.177548,1.01493,0.0902347,0.00107797,0.0585645
1705888419038595592,0.002,50,0.799115,6409.88,5576.01,1.14955,25.1211,0.177548,3.48384,0.0902347,0.00225926,0.115231
1705888419038595592,0.003,33.3333,0.635398,12656.1,5576.01,2.26974,41.7775,0.177548,6.52267,0.0902347,0.0027295,0.139068
1705888419038595592,0.005,20,0.438053,27931.3,5576.01,5.00919,74.1022,0.177548,13.1851,0.0902347,0.00289567,0.150501
1705888419038595592,0.01,10,0.238053,74029.8,5576.01,13.2765,163.388,0.177548,30.71,0.0902347,0.00277545,0.144901
1705888419038595592,0.02,5,0.114159,182894,5576.01,32.8003,346.527,0.177548,66.4076,0.0902347,0.00234077,0.129683
1705888419038595592,0.03,3.33333,0.0681416,292853,5576.01,52.5202,521.686,0.177548,102.271,0.0902347,0.00215824,0.128168
1705888419038595592,0.04,2.5,0.0530973,409000,5576.01,73.35,697.157,0.177548,138.168,0.0902347,0.00203294,0.127378
1705888419138434655,0.0005,200,1,610.732,5726.94,0.106642,3.09499,0.0351578,0.502737,0.108928,3.32574e-05,0.00494501
1705888419138434655,0.001,100,0.896934,2366.13,5726.94,0.413159,11.2033,0.0351578,1.93358,0.108928,0.00011737,0.0170671
1705888419138434655,0.002,50,0.677172,8040.03,5726.94,1.4039,32.0764,0.0351578,6.03754,0.108928,0.000301173,0.0427615
1705888419138434655,0.003,33.3333,0.51448,15491.6,5726.94,2.70505,52.9547,0.0351578,10.7051,0.108928,0.000439199,0.060753
1705888419138434655,0.005,20,0.351789,33664.8,5726.94,5.87832,94.6607,0.0351578,20.54,0.108928,0.000611288,0.0811261
1705888419138434655,0.01,10,0.196763,93228.3,5726.94,16.2789,194.122,0.0351578,45.8402,0.108928,0.00074108,0.0911414
1705888419138434655,0.02,5,0.092845,236585,5726.94,41.3109,407.29,0.0351578,97.0016,0.108928,0.000824665,0.09516
1705888419138434655,0.03,3.33333,0.0621806,374487,5726.94,65.3905,605.087,0.0351578,148.29,0.108928,0.000843557,0.0970349
1705888419138434655,0.04,2.5,0.0494037,522182,5726.94,91.18,798.944,0.0351578,199.609,0.108928,0.000829124,0.0963045
1705888419238295765,0.0005,200,1,577.576,5910.17,0.0977259,2.26151,0.0541247,0.611516,0.172512,0.00081095,0.0378537
1705888419238295765,0.001,100,0.87,2235.85,5910.17,0.378306,8.67268,0.0541247,2.35813,0.172512,0.00239275,0.1104
1705888419238295765,0.002,50,0.584167,7574.37,5910.17,1.28158,24.4452,0.0541247,7.35899,0.172512,0.00382711,0.200811
1705888419238295765,0.003,33.3333,0.428333,14515.3,5910.17,2.45599,39.9138,0.0541247,12.9561,0.172512,0.0041626,0.238054
1705888419238295765,0.005,20,0.271667,30761.1,5910.17,5.20479,66.6604,0.0541247,24.624,0.172512,0.0040266,0.253135
1705888419238295765,0.01,10,0.150833,85027.8,5910.17,14.3867,138.731,0.0541247,54.3687,0.172512,0.00372729,0.247998
1705888419238295765,0.02,5,0.085,231629,5910.17,39.1916,304.979,0.0541247,114.253,0.172512,0.00343592,0.229839
1705888419238295765,0.03,3.33333,0.0541667,383400,5910.17,64.8713,456.826,0.0541247,174.242,0.172512,0.00332411,0.208408
1705888419238295765,0.04,2.5,0.04,548000,5910.17,92.7216,608.11,0.0541247,234.26,0.172512,0.00337262,0.188999
1705888419338134758,0.0005,200,1,611.793,6187.13,0.0988814,1.99729,0.30028,0.578726,0.164817,3.53199e-05,0.00356979
1705888419338134758,0.001,100,0.891498,2376.05,6187.13,0.38403,7.79909,0.30028,2.2567,0.164817,0.000132875,0.0135203
1705888419338134758,0.002,50,0.596761,7747.35,6187.13,1.25217,22.3931,0.30028,7.18772,0.164817,0.000340854,0.0350976
1705888419338134758,0.003,33.3333,0.445344,14585.4,6187.13,2.35738,35.6801,0.30028,12.7533,0.164817,0.000489839,0.0494239
1705888419338134758,0.005,20,0.263158,31309.3,6187.13,5.0604,61.0395,0.30028,24.3951,0.164817,0.000698194,0.0688983
1705888419338134758,0.01,10,0.137652,80956.4,6187.13,13.0846,122.641,0.30028,54.1234,0.164817,0.00101422,0.101981
1705888419338134758,0.02,5,0.0663968,193709,6187.13,31.3084,234.668,0.30028,113.991,0.164817,0.00134017,0.143641
1705888419338134758,0.03,3.33333,0.0518219,318145,6187.13,51.4205,347.754,0.30028,173.945,0.164817,0.0015152,0.167065
1705888419338134758,0.04,2.5,0.0380567,456710,6187.13,73.8161,462.515,0.30028,233.922,0.164817,0.00161904,0.180234
1705888419437972687,0.0005,200,0.999208,747.792,6602.46,0.11326,3.75126,0.375469,0.618771,0.185335,1.14323e-05,0.00163698
1705888419437972687,0.001,100,0.891528,2708.26,6602.46,0.410189,12.6798,0.375469,2.40686,0.185335,3.95476e-05,0.00542184
1705888419437972687,0.002,50,0.573238,8695.7,6602.46,1.31704,32.0218,0.375469,7.70292,0.185335,9.77516e-05,0.0130976
1705888419437972687,0.003,33.3333,0.398258,16129.8,6602.46,2.44299,49.8005,0.375469,13.6711,0.185335,0.000145953,0.0193925
1705888419437972687,0.005,20,0.238321,33384.8,6602.46,5.05642,86.6612,0.375469,26.103,0.185335,0.000231813,0.0304383
1705888419437972687,0.01,10,0.115598,82644.3,6602.46,12.5172,180.706,0.375469,57.7751,0.185335,0.000395222,0.0497661
1705888419437972687,0.02,5,0.0585907,193617,6602.46,29.325,379.468,0.375469,121.472,0.185335,0.000611123,0.0717561
1705888419437972687,0.03,3.33333,0.0435471,318081,6602.46,48.1762,580.315,0.375469,185.243,0.185335,0.000744319,0.0833435
1705888419437972687,0.04,2.5,0.037213,447448,6602.46,67.7699,781.873,0.375469,249.032,0.185335,0.000838705,0.0914488
1705888419538613709,0.0005,200,1,1117.12,6816.94,0.163874,3.41478,1.70316,0.707078,0.554639,2.24697e-05,0.00250768
1705888419538613709,0.001,100,0.869771,3789.02,6816.94,0.555824,10.8838,1.70316,2.74775,0.554639,7.06271e-05,0.00778122
1705888419538613709,0.002,50,0.496448,10169.1,6816.94,1.49174,25.8053,1.70316,8.70523,0.554639,0.00016082,0.0174251
1705888419538613709,0.003,33.3333,0.345699,17686.7,6816.94,2.59452,37.105,1.70316,15.3021,0.554639,0.000223415,0.023756
1705888419538613709,0.005,20,0.220994,34743.3,6816.94,5.09662,60.4849,1.70316,28.915,0.554639,0.000334293,0.0353344
1705888419538613709,0.01,10,0.110497,80107.8,6816.94,11.7513,122.042,1.70316,63.4598,0.554639,0.000558325,0.0593743
1705888419538613709,0.02,5,0.0647198,183359,6816.94,26.8975,239.163,1.70316,132.88,0.554639,0.000842805,0.0926726
1705888419538613709,0.03,3.33333,0.038674,296724,6816.94,43.5275,354.061,1.70316,202.381,0.554639,0.00102612,0.115927
1705888419538613709,0.04,2.5,0.0299921,416541,6816.94,61.1039,470.808,1.70316,271.901,0.554639,0.00115661,0.132234
1705888419638459074,0.0005,200,1,599.683,7263.28,0.0825638,1.46674,3.37548,0.721496,0.995618,7.53111e-06,0.000927252
1705888419638459074,0.001,100,0.861883,2281.67,7263.28,0.314138,4.77521,3.37548,2.78045,0.995618,2.53933e-05,0.00294154
1705888419638459074,0.002,50,0.531636,7337.56,7263.28,1.01023,9.39827,3.37548,8.68602,0.995618,5.05215e-05,0.00561856
1705888419638459074,0.003,33.3333,0.385802,13753.8,7263.28,1.8936,13.9593,3.37548,15.2257,0.995618,7.23111e-05,0.00817222
1705888419638459074,0.005,20,0.243056,28935.7,7263.28,3.98384,25.4219,3.37548,28.7759,0.995618,0.000121408,0.0138243
1705888419638459074,0.01,10,0.11034,73194.5,7263.28,10.0773,54.7811,3.37548,63.2859,0.995618,0.000217694,0.0252887
1705888419638459074,0.02,5,0.0462963,177473,7263.28,24.4344,113.718,3.37548,132.719,0.995618,0.000354494,0.0442318
1705888419638459074,0.03,3.33333,0.0324074,285058,7263.28,39.2465,170.937,3.37548,202.237,0.995618,0.000452751,0.0596245
1705888419638459074,0.04,2.5,0.0216049,397199,7263.28,54.686,227.728,3.37548,271.773,0.995618,0.000522428,0.0716156
1705888419738287673,0.0005,200,0.998503,699.08,8108.09,0.0862201,2.53391,0.862165,0.696759,1.46289,9.19865e-05,0.0214245
1705888419738287673,0.001,100,0.883982,2683.59,8108.09,0.330977,8.56489,0.862165,2.70724,1.46289,0.000247906,0.0585818
1705888419738287673,0.002,50,0.538174,8698.33,8108.09,1.0728,21.6405,0.862165,8.65371,1.46289,0.000442831,0.0966068
1705888419738287673,0.003,33.3333,0.365269,16086.3,8108.09,1.98398,32.6124,0.862165,15.2997,1.46289,0.000456951,0.11114
1705888419738287673,0.005,20,0.216317,33176.2,8108.09,4.09174,53.1675,0.862165,29.076,1.46289,0.000457225,0.127491
1705888419738287673,0.01,10,0.11003,85054.5,8108.09,10.4901,103.862,0.862165,64.0793,1.46289,0.00030744,0.145912
1705888419738287673,0.02,5,0.0628743,211904,8108.09,26.1349,210.677,0.862165,134.431,1.46289,0.00023091,0.158797
1705888419738287673,0.03,3.33333,0.0389222,366173,8108.09,45.1614,317.565,0.862165,204.867,1.46289,0.000562849,0.169981
1705888419738287673,0.04,2.5,0.0329341,545967,8108.09,67.3361,426.821,0.862165,275.323,1.46289,0.000996632,0.178638
1705888419838116907,0.0005,200,0.998526,691.275,8832.41,0.0782656,0.534414,0.850408,0.703639,1.56283,1.67337e-06,0.000224877
1705888419838116907,0.001,100,0.881356,2627.69,8832.41,0.297505,1.84945,0.850408,2.71852,1.56283,5.45816e-06,0.000782325
1705888419838116907,0.002,50,0.551216,8565.49,8832.41,0.969779,5.90862,0.850408,8.62298,1.56283,1.80599e-05,0.00241825
1705888419838116907,0.003,33.3333,0.392041,16001.3,8832.41,1.81166,9.74337,0.850408,15.2142,1.56283,2.89093e-05,0.00389745
1705888419838116907,0.005,20,0.240236,34004,8832.41,3.8499,17.8369,0.850408,28.9011,1.56283,4.8633e-05,0.00689279
1705888419838116907,0.01,10,0.123066,91656.3,8832.41,10.3773,37.4923,0.850408,63.7448,1.56283,8.96154e-05,0.0132053
1705888419838116907,0.02,5,0.0596905,246617,8832.41,27.9218,83.0747,0.850408,133.873,1.56283,0.000158859,0.023109
1705888419838116907,0.03,3.33333,0.0412675,430292,8832.41,48.7173,128.509,0.850408,204.095,1.56283,0.000206837,0.0310825
1705888419838116907,0.04,2.5,0.027266,639097,8832.41,72.3581,172.382,0.850408,274.339,1.56283,0.000248024,0.0382055
1705888419937962386,0.0005,200,1,996.165,9000.09,0.110684,3.53315,0.342643,0.666281,1.20247,4.58874e-05,0.00794122
1705888419937962386,0.001,100,0.897017,3879.01,9000.09,0.430997,12.2044,0.342643,2.61298,1.20247,0.000148651,0.0247046
1705888419937962386,0.002,50,0.549006,13251.6,9000.09,1.47238,29.2863,0.342643,8.51715,1.20247,0.000286467,0.0453491
1705888419937962386,0.003,33.3333,0.367188,25535.2,9000.09,2.83722,41.7085,0.342643,15.1892,1.20247,0.000337291,0.0497734
1705888419937962386,0.005,20,0.230114,52231.4,9000.09,5.80343,71.0065,0.342643,29.0446,1.20247,0.000408894,0.0582132
1705888419937962386,0.01,10,0.117188,133732,9000.09,14.859,149.203,0.342643,64.2986,1.20247,0.00046027,0.0648343
1705888419937962386,0.02,5,0.0646307,312014,9000.09,34.6678,303.17,0.342643,135.192,1.20247,0.000501571,0.0672961
1705888419937962386,0.03,3.33333,0.046875,519678,9000.09,57.7414,466.025,0.342643,206.171,1.20247,0.000594876,0.067703
1705888419937962386,0.04,2.5,0.0397727,758885,9000.09,84.3197,636.65,0.342643,277.174,1.20247,0.000711106,0.0670888
1705888420038598000,0.0005,200,1,735.693,8457.26,0.0869895,1.98137,0.214603,0.682317,1.0364,7.54976e-05,0.0118355
1705888420038598000,0.001,100,0.895365,2824.89,8457.26,0.33402,7.20741,0.214603,2.66172,1.0364,0.000231381,0.0356955
1705888420038598000,0.002,50,0.558287,9087.07,8457.26,1.07447,19.008,0.214603,8.57537,1.0364,0.000431745,0.0628793
1705888420038598000,0.003,33.3333,0.403792,16817.9,8457.26,1.98858,27.0959,0.214603,15.2239,1.0364,0.000479803,0.0646774
1705888420038598000,0.005,20,0.257725,35698.3,8457.26,4.22102,41.7517,0.214603,29.0422,1.0364,0.000520653,0.0654267
1705888420038598000,0.01,10,0.124298,89940,8457.26,10.6347,80.7993,0.214603,64.2859,1.0364,0.000504938,0.0680018
1705888420038598000,0.02,5,0.0702247,219712,8457.26,25.9791,164.665,0.214603,135.223,1.0364,0.000618168,0.0820174
1705888420038598000,0.03,3.33333,0.0421348,375124,8457.26,44.3553,250.573,0.214603,206.272,1.0364,0.000676241,0.0919865
1705888420038598000,0.04,2.5,0.0301966,542112,8457.26,64.1003,326.748,0.214603,277.351,1.0364,0.000732778,0.096915
1705888420138427920,0.0005,200,1,655.877,7813.14,0.0839455,0.573876,0.124462,0.599144,0.480442,2.38203e-06,0.000430213
1705888420138427920,0.001,100,0.921965,2584.58,7813.14,0.330799,1.85352,0.124462,2.34256,0.480442,7.87166e-06,0.00137766
1705888420138427920,0.002,50,0.578035,8807.99,7813.14,1.12733,4.54987,0.124462,7.70167,0.480442,2.60272e-05,0.00321602
1705888420138427920,0.003,33.3333,0.419798,16958.3,7813.14,2.17049,6.49903,0.124462,13.7909,0.480442,3.90504e-05,0.00454517
1705888420138427920,0.005,20,0.271676,35868.2,7813.14,4.59076,8.95192,0.124462,26.511,0.480442,4.64447e-05,0.00657928
1705888420138427920,0.01,10,0.132948,86965.3,7813.14,11.1306,17.2888,0.124462,59.0241,0.480442,8.04052e-05,0.0121641
1705888420138427920,0.02,5,0.0686416,206472,7813.14,26.4262,36.7715,0.124462,124.504,0.480442,0.000153254,0.0218506
1705888420138427920,0.03,3.33333,0.0455202,338261,7813.14,43.2939,57.8846,0.124462,190.091,0.480442,0.000204453,0.030188
1705888420138427920,0.04,2.5,0.0281792,480452,7813.14,61.4928,79.8558,0.124462,255.71,0.480442,0.000243689,0.037475
1705888420238263360,0.0005,200,0.99703,627.528,7917.24,0.079261,1.13437,0.78818,0.686227,0.727513,7.85138e-07,0.000126859
1705888420238263360,0.001,100,0.890126,2331.54,7917.24,0.294489,4.23245,0.78818,2.6488,0.727513,3.23084e-06,0.000466438
1705888420238263360,0.002,50,0.54343,7665.45,7917.24,0.968196,10.9764,0.78818,8.45449,0.727513,8.36038e-06,0.00119922
1705888420238263360,0.003,33.3333,0.386785,14687.9,7917.24,1.85518,18.6411,0.78818,14.9536,0.727513,1.42006e-05,0.00201403
1705888420238263360,0.005,20,0.245731,30693.9,7917.24,3.87684,31.3669,0.78818,28.4362,0.727513,2.38408e-05,0.0033075
1705888420238263360,0.01,10,0.127691,79305.7,7917.24,10.0168,65.0584,0.78818,62.7281,0.727513,4.73646e-05,0.00641096
1705888420238263360,0.02,5,0.0697847,194823,7917.24,24.6075,132.73,0.78818,131.721,0.727513,8.63295e-05,0.0113989
1705888420238263360,0.03,3.33333,0.0489978,323491,7917.24,40.8591,201.349,0.78818,200.816,0.727513,0.000119972,0.0152414
1705888420238263360,0.04,2.5,0.0356347,463399,7917.24,58.5304,272.519,0.78818,269.94,0.727513,0.000149751,0.0184019
1705888420338105691,0.0005,200,0.992674,646.228,7812.36,0.0827186,1.95054,9.6309,0.80545,0.883359,1.53868e-06,0.000251321
1705888420338105691,0.001,100,0.865934,2444.49,7812.36,0.312901,6.67646,9.6309,3.0644,0.883359,5.14564e-06,0.00085934
1705888420338105691,0.002,50,0.491575,7661.19,7812.36,0.98065,17.6654,9.6309,9.60801,0.883359,1.30974e-05,0.00225769
1705888420338105691,0.003,33.3333,0.347985,14394.1,7812.36,1.84248,29.9128,9.6309,16.8389,0.883359,2.1487e-05,0.00377941
1705888420338105691,0.005,20,0.217582,31308.7,7812.36,4.00758,49.7462,9.6309,31.7539,0.883359,3.47069e-05,0.00608584
1705888420338105691,0.01,10,0.107692,84629.6,7812.36,10.8328,103.467,9.6309,69.5987,0.883359,6.41527e-05,0.0114844
1705888420338105691,0.02,5,0.0520147,206305,7812.36,26.4075,209.472,9.6309,145.664,0.883359,0.000102536,0.0191044
1705888420338105691,0.03,3.33333,0.0344322,330339,7812.36,42.2842,326.705,9.6309,221.81,0.883359,0.000135,0.0251608
1705888420338105691,0.04,2.5,0.025641,459487,7812.36,58.8153,449.257,9.6309,297.976,0.883359,0.00015979,0.0297893
1705888420437953343,0.0005,200,0.997763,10148.1,7500.45,1.353,1.10826,2.08835,0.692821,0.683223,6.2171e-06,0.000499506
1705888420437953343,0.001,100,0.89038,40547.6,7500.45,5.40602,4.60307,2.08835,2.68503,0.683223,1.93702e-05,0.00175527
1705888420437953343,0.002,50,0.509321,161564,7500.45,21.5406,21.0166,2.08835,8.68989,0.683223,5.10838e-05,0.00462241
1705888420437953343,0.003,33.3333,0.337062,356237,7500.45,47.4955,50.386,2.08835,15.4396,0.683223,7.75967e-05,0.0065465
1705888420437953343,0.005,20,0.204325,595833,7500.45,79.4397,83.5184,2.08835,29.3888,0.683223,0.000120302,0.00800247
1705888420437953343,0.01,10,0.0939597,1.19636e+06,7500.45,159.505,167.599,2.08835,64.8144,0.683223,0.000212767,0.0112137
1705888420437953343,0.02,5,0.0410142,2.39978e+06,7500.45,319.951,331.434,2.08835,136.041,0.683223,0.000394115,0.0181777
1705888420437953343,0.03,3.33333,0.0246085,3.60366e+06,7500.45,480.459,493.631,2.08835,207.344,0.683223,0.000548056,0.0246752
1705888420437953343,0.04,2.5,0.0171514,4.80723e+06,7500.45,640.926,658.182,2.08835,278.661,0.683223,0.000667397,0.030739
1705888420538599766,0.0005,200,0.995338,528.034,7126.47,0.0740947,1.1823,1.27814,0.66591,0.479502,4.09581e-06,0.000415436
1705888420538599766,0.001,100,0.89899,2025.78,7126.47,0.284261,3.80872,1.27814,2.55924,0.479502,1.35465e-05,0.00131256
1705888420538599766,0.002,50,0.522145,6921.32,7126.47,0.971214,7.20703,1.27814,8.2289,0.479502,2.72274e-05,0.00236218
1705888420538599766,0.003,33.3333,0.362859,13205.4,7126.47,1.85301,9.02654,1.27814,14.5859,0.479502,3.63626e-05,0.00280385
1705888420538599766,0.005,20,0.223776,28287.7,7126.47,3.96938,14.4992,1.27814,27.7547,0.479502,5.95048e-05,0.00422839
1705888420538599766,0.01,10,0.10878,75539.3,7126.47,10.5998,30.0662,1.27814,61.2471,0.479502,0.000120679,0.00812975
1705888420538599766,0.02,5,0.0528361,202453,7126.47,28.4087,68.4102,1.27814,128.586,0.479502,0.000241928,0.0152427
1705888420538599766,0.03,3.33333,0.034965,346268,7126.47,48.589,105.158,1.27814,195.999,0.479502,0.000348148,0.0214182
1705888420538599766,0.04,2.5,0.026418,484557,7126.47,67.9939,139.949,1.27814,263.432,0.479502,0.000439718,0.027063
1705888420638441816,0.0005,200,0.996636,491.237,6087.41,0.0806972,0.457737,1.13144,0.558254,0.300441,7.509e-06,0.000400569
1705888420638441816,0.001,100,0.922624,1854.08,6087.41,0.304576,1.27948,1.13144,2.16184,0.300441,2.04578e-05,0.00116444
1705888420638441816,0.002,50,0.527334,5749.55,6087.41,0.944498,3.25876,1.13144,7.13681,0.300441,3.41878e-05,0.00334841
1705888420638441816,0.003,33.3333,0.351556,10429.4,6087.41,1.71328,7.81773,1.13144,12.7984,0.300441,5.82382e-05,0.00780917
1705888420638441816,0.005,20,0.207738,21242.1,6087.41,3.48951,18.9813,1.13144,24.5501,0.300441,0.000115575,0.0162163
1705888420638441816,0.01,10,0.104289,52118.8,6087.41,8.56172,38.1111,1.13144,54.4312,0.300441,0.000177276,0.0230673
1705888420638441816,0.02,5,0.0428932,121133,6087.41,19.899,68.7042,1.13144,114.537,0.300441,0.000295198,0.026206
1705888420638441816,0.03,3.33333,0.0319596,192641,6087.41,31.6457,104.1,1.13144,174.704,0.300441,0.000418462,0.0299243
1705888420638441816,0.04,2.5,0.0210261,264813,6087.41,43.5018,135.541,1.13144,234.888,0.300441,0.000528183,0.0328167
1705888420738267142,0.0005,200,1,304.332,5313.81,0.0572719,0.162144,0.14134,0.503467,0.189693,2.09128e-06,0.000273508
1705888420738267142,0.001,100,0.924039,1204.27,5313.81,0.226631,0.69309,0.14134,1.9905,0.189693,9.14539e-06,0.00114434
1705888420738267142,0.002,50,0.543342,4257.49,5313.81,0.801212,1.573,0.14134,6.67066,0.189693,2.22552e-05,0.0024755
1705888420738267142,0.003,33.3333,0.34227,8155.94,5313.81,1.53486,2.83999,0.14134,11.9868,0.189693,3.91882e-05,0.00417605
1705888420738267142,0.005,20,0.218945,17204.8,5313.81,3.23775,5.02011,0.14134,22.9855,0.189693,6.47114e-05,0.00671409
1705888420738267142,0.01,10,0.11975,45116.3,5313.81,8.49038,12.9079,0.14134,50.9056,0.189693,0.000116903,0.0124464
1705888420738267142,0.02,5,0.0634495,112605,5313.81,21.1911,17.4127,0.14134,107.064,0.189693,0.00013493,0.0149
1705888420738267142,0.03,3.33333,0.0348525,187453,5313.81,35.2766,23.6868,0.14134,163.305,0.189693,0.00015691,0.0174755
1705888420738267142,0.04,2.5,0.028597,268310,5313.81,50.4929,31.8151,0.14134,219.563,0.189693,0.000183487,0.0208284
1705888420838098708,0.0005,200,1,209.953,4246.42,0.0494422,1.27158,0.107869,0.433042,0.0797998,1.89087e-05,0.00240651
1705888420838098708,0.001,100,0.934718,833.736,4246.42,0.196338,4.87042,0.107869,1.71033,0.0797998,7.17144e-05,0.00903144
1705888420838098708,0.002,50,0.552918,2964,4246.42,0.697999,13.2701,0.107869,5.7569,0.0797998,0.000183535,0.0232263
1705888420838098708,0.003,33.3333,0.366963,5673.96,4246.42,1.33617,20.3871,0.107869,10.4,0.0797998,0.000273332,0.0329475
1705888420838098708,0.005,20,0.222552,12078.3,4246.42,2.84436,34.2148,0.107869,20.0491,0.0797998,0.000407744,0.0474537
1705888420838098708,0.01,10,0.108803,31161.1,4246.42,7.3382,65.6883,0.107869,44.5915,0.0797998,0.000588334,0.065325
1705888420838098708,0.02,5,0.0563798,78482.5,4246.42,18.482,130.696,0.107869,93.9495,0.0797998,0.000759279,0.0786504
1705888420838098708,0.03,3.33333,0.0395648,131020,4246.42,30.8542,203.111,0.107869,143.366,0.0797998,0.000860179,0.0860531
1705888420838098708,0.04,2.5,0.0316518,187234,4246.42,44.0921,275.99,0.107869,192.8,0.0797998,0.000926249,0.0903032
1705888420937952687,0.0005,200,1,185.711,4040.26,0.0459652,0.366615,0.0896366,0.411786,0.0883478,2.70188e-05,0.00232719
1705888420937952687,0.001,100,0.923156,727.395,4040.26,0.180037,1.35292,0.0896366,1.62003,0.0883478,9.36245e-05,0.00845504
1705888420937952687,0.002,50,0.568648,2500.05,4040.26,0.618785,3.65419,0.0896366,5.41907,0.0883478,0.000219039,0.0199099
1705888420937952687,0.003,33.3333,0.379098,4765.43,4040.26,1.17949,6.03642,0.0896366,9.79211,0.0883478,0.000319037,0.0285277
1705888420937952687,0.005,20,0.233607,10017.4,4040.26,2.47939,9.7002,0.0896366,18.8987,0.0883478,0.000439308,0.0378052
1705888420937952687,0.01,10,0.123975,26447.4,4040.26,6.54596,17.0656,0.0896366,42.0875,0.0883478,0.000652915,0.059999
1705888420937952687,0.02,5,0.0635246,64810.4,4040.26,16.0412,27.5204,0.0896366,88.7535,0.0883478,0.000893071,0.087744
1705888420937952687,0.03,3.33333,0.0409836,104899,4040.26,25.9635,40.4095,0.0896366,135.485,0.0883478,0.00108738,0.104179
1705888420937952687,0.04,2.5,0.0307377,146767,4040.26,36.3262,52.2601,0.0896366,182.233,0.0883478,0.00123551,0.114344
1705888421038582922,0.0005,200,1,156.006,4117.57,0.0378879,0.548686,0.0202066,0.44293,0.0766703,0.000459819,0.032593
1705888421038582922,0.001,100,0.927507,619.323,4117.57,0.15041,1.96199,0.0202066,1.74631,0.0766703,0.0015083,0.106313
1705888421038582922,0.002,50,0.540218,2186.89,4117.57,0.53111,5.84223,0.0202066,5.85026,0.0766703,0.00338015,0.190197
1705888421038582922,0.003,33.3333,0.358491,4057.07,4117.57,0.985307,10.6862,0.0202066,10.5511,0.0766703,0.00444597,0.243401
1705888421038582922,0.005,20,0.202582,8364.55,4117.57,2.03143,19.6316,0.0202066,20.336,0.0766703,0.00547486,0.316886
1705888421038582922,0.01,10,0.0963257,21112.1,4117.57,5.12732,40.7726,0.0202066,45.2117,0.0766703,0.00647213,0.415487
1705888421038582922,0.02,5,0.0486594,52602.5,4117.57,12.7751,79.6732,0.0202066,95.2259,0.0766703,0.00631031,0.443733
1705888421038582922,0.03,3.33333,0.0248262,86484.5,4117.57,21.0038,119.8,0.0202066,145.302,0.0766703,0.00602288,0.44982
1705888421038582922,0.04,2.5,0.019861,121377,4117.57,29.4779,161.604,0.0202066,195.39,0.0766703,0.00591486,0.463534
1705888421138408318,0.0005,200,1,158.773,4219.55,0.037628,0.425656,0.183125,0.463708,0.332249,5.39468e-06,0.000553626
1705888421138408318,0.001,100,0.925854,631.218,4219.55,0.149594,1.62439,0.183125,1.83698,0.332249,2.02218e-05,0.00211553
1705888421138408318,0.002,50,0.500488,2207.53,4219.55,0.523168,4.46911,0.183125,6.23585,0.332249,5.43368e-05,0.00565032
1705888421138408318,0.003,33.3333,0.306341,4122.35,4219.55,0.976963,7.30995,0.183125,11.2532,0.332249,8.40377e-05,0.00900717
1705888421138408318,0.005,20,0.182439,8581.14,4219.55,2.03366,11.9713,0.183125,21.6097,0.332249,0.000128418,0.0136626
1705888421138408318,0.01,10,0.097561,22819.9,4219.55,5.40812,23.3172,0.183125,47.8606,0.332249,0.000203937,0.0217778
1705888421138408318,0.02,5,0.0439024,57460,4219.55,13.6175,40.1031,0.183125,100.609,0.332249,0.000264655,0.0272674
1705888421138408318,0.03,3.33333,0.0292683,95386.1,4219.55,22.6057,57.5138,0.183125,153.412,0.332249,0.000302494,0.030541
1705888421138408318,0.04,2.5,0.022439,135656,4219.55,32.1494,75.8222,0.183125,206.229,0.332249,0.000334218,0.0330101
1705888421238254462,0.0005,200,1,158.279,4391.19,0.0360446,0.769882,0.0481118,0.46366,0.125592,1.04471e-05,0.00133164
1705888421238254462,0.001,100,0.933078,629.059,4391.19,0.143255,2.99336,0.0481118,1.83813,0.125592,4.02733e-05,0.00511044
1705888421238254462,0.002,50,0.521033,2209.94,4391.19,0.503266,8.40791,0.0481118,6.25386,0.125592,0.000111842,0.0137044
1705888421238254462,0.003,33.3333,0.311663,4098.67,4391.19,0.933386,13.6778,0.0481118,11.3258,0.125592,0.000175976,0.0211922
1705888421238254462,0.005,20,0.174952,8343.88,4391.19,1.90014,24.4732,0.0481118,21.8294,0.125592,0.000291615,0.0342319
1705888421238254462,0.01,10,0.083174,20662.6,4391.19,4.70548,52.6791,0.0481118,48.466,0.125592,0.000519774,0.0575994
1705888421238254462,0.02,5,0.0353728,47863.7,4391.19,10.9,107.178,0.0481118,101.97,0.125592,0.000792921,0.0809566
1705888421238254462,0.03,3.33333,0.0248566,77827.8,4391.19,17.7236,155.857,0.0481118,155.517,0.125592,0.000953523,0.092109
1705888421238254462,0.04,2.5,0.0162524,109149,4391.19,24.8563,201.008,0.0481118,209.076,0.125592,0.00107176,0.100579
1705888421338107700,0.0005,200,1,860.286,4950.11,0.173791,1.04983,0.0936988,0.479447,0.223316,2.75117e-05,0.00453961
1705888421338107700,0.001,100,0.931694,3435.25,4950.11,0.693975,4.06192,0.0936988,1.89804,0.223316,9.91521e-05,0.0154245
1705888421338107700,0.002,50,0.535519,11040,4950.11,2.23025,11.7033,0.0936988,6.42236,0.223316,0.000310699,0.0349529
1705888421338107700,0.003,33.3333,0.335155,17402.7,4950.11,3.51562,17.7127,0.0936988,11.6226,0.223316,0.000505521,0.0466559
1705888421338107700,0.005,20,0.190346,30743.5,4950.11,6.21066,28.6446,0.0936988,22.4133,0.223316,0.000790796,0.0585303
1705888421338107700,0.01,10,0.0901639,67403,4950.11,13.6165,54.4288,0.0936988,49.811,0.223316,0.00143604,0.0724524
1705888421338107700,0.02,5,0.0428051,144605,4950.11,29.2125,104.01,0.0936988,104.876,0.223316,0.00226353,0.083741
1705888421338107700,0.03,3.33333,0.0236794,225364,4950.11,45.527,154.804,0.0936988,160.002,0.223316,0.00283805,0.0931186
1705888421338107700,0.04,2.5,0.0163934,305954,4950.11,61.8076,209.154,0.0936988,215.14,0.223316,0.00324132,0.101252
1705888421437942347,0.0005,200,1,220.825,5125.98,0.0430796,0.235276,0.106807,0.504678,0.209966,2.13592e-05,0.00110074
1705888421437942347,0.001,100,0.928957,873.776,5125.98,0.17046,1.00193,0.106807,2.00087,0.209966,8.74952e-05,0.0046347
1705888421437942347,0.002,50,0.524281,3067.35,5125.98,0.598394,3.69193,0.106807,6.75576,0.209966,0.000282967,0.0159956
1705888421437942347,0.003,33.3333,0.321942,5862.27,5125.98,1.14364,6.6261,0.106807,12.18,0.209966,0.000459277,0.0261256
1705888421437942347,0.005,20,0.179856,12063.9,5125.98,2.35349,11.4475,0.106807,23.4137,0.209966,0.000697493,0.0371261
1705888421437942347,0.01,10,0.0908273,29571,5125.98,5.76885,24.7323,0.106807,51.8948,0.209966,0.00109471,0.0527486
1705888421437942347,0.02,5,0.0467626,70529.7,5125.98,13.7593,53.8976,0.106807,109.095,0.209966,0.0015486,0.0576032
1705888421437942347,0.03,3.33333,0.0296763,115628,5125.98,22.5573,84.3966,0.106807,166.352,0.209966,0.00184173,0.0564199
1705888421437942347,0.04,2.5,0.022482,164843,5125.98,32.1583,115.158,0.106807,223.623,0.209966,0.00211303,0.053816
1705888421538590227,0.0005,200,1,165.915,4973.72,0.0333583,0.920818,5.34557,0.465925,0.467904,9.70604e-07,0.000115153
1705888421538590227,0.001,100,0.935176,658.285,4973.72,0.132353,3.52871,5.34557,1.84219,0.467904,3.6503e-06,0.000442623
1705888421538590227,0.002,50,0.521449,2238.04,4973.72,0.449973,11.1942,5.34557,6.2375,0.467904,1.15864e-05,0.00140104
1705888421538590227,0.003,33.3333,0.329838,4136.34,4973.72,0.831641,18.5786,5.34557,11.2777,0.467904,1.92798e-05,0.00231682
1705888421538590227,0.005,20,0.179218,8420.12,4973.72,1.69292,32.8682,5.34557,21.733,0.467904,3.42075e-05,0.00406523
1705888421538590227,0.01,10,0.0848427,20558.8,4973.72,4.13349,68.3221,5.34557,48.2699,0.467904,7.04608e-05,0.00827612
1705888421538590227,0.02,5,0.0448046,47332.7,4973.72,9.51656,133.642,5.34557,101.571,0.467904,0.000133124,0.0155797
1705888421538590227,0.03,3.33333,0.0247855,76111.5,4973.72,15.3027,200.729,5.34557,154.918,0.467904,0.000192661,0.0225107
1705888421538590227,0.04,2.5,0.0228789,105845,4973.72,21.281,271.187,5.34557,208.274,0.467904,0.000250194,0.0292276
1705888421638435334,0.0005,200,1,153.383,4607.19,0.0332921,0.622097,0.353732,0.418761,0.239316,8.17293e-06,0.00109859
1705888421638435334,0.001,100,0.940196,608.019,4607.19,0.131972,2.28223,0.353732,1.66304,0.239316,3.01834e-05,0.00400349
1705888421638435334,0.002,50,0.544118,2113.87,4607.19,0.45882,5.01756,0.353732,5.69597,0.239316,6.21193e-05,0.00880207
1705888421638435334,0.003,33.3333,0.360784,4016.44,4607.19,0.871777,7.92433,0.353732,10.3444,0.239316,8.91564e-05,0.0138371
1705888421638435334,0.005,20,0.208824,8500.05,4607.19,1.84495,14.3602,0.353732,20.027,0.239316,0.000145836,0.0237406
1705888421638435334,0.01,10,0.0980392,20973.3,4607.19,4.5523,28.0968,0.353732,44.6706,0.239316,0.000224188,0.0414133
1705888421638435334,0.02,5,0.045098,45269.2,4607.19,9.82577,55.2052,0.353732,94.2146,0.239316,0.000298554,0.0678868
1705888421638435334,0.03,3.33333,0.0313725,70508.5,4607.19,15.304,82.5398,0.353732,143.808,0.239316,0.000317224,0.0889783
1705888421638435334,0.04,2.5,0.0205882,96560.9,4607.19,20.9588,109.569,0.353732,193.415,0.239316,0.000310385,0.106636
1705888421738274256,0.0005,200,1,146.906,3780,0.038864,0.445814,0.263795,0.373135,0.296158,7.27277e-06,0.000668946
1705888421738274256,0.001,100,0.950617,586.356,3780,0.155121,1.78519,0.263795,1.48277,0.296158,2.87212e-05,0.00265978
1705888421738274256,0.002,50,0.576132,2128.84,3780,0.563186,5.79215,0.263795,5.12786,0.296158,9.59691e-05,0.00813832
1705888421738274256,0.003,33.3333,0.376543,4155.43,3780,1.09932,10.5992,0.263795,9.36269,0.296158,0.000162571,0.014442
1705888421738274256,0.005,20,0.217078,9270.67,3780,2.45256,21.0826,0.263795,18.2127,0.296158,0.000295695,0.0257598
1705888421738274256,0.01,10,0.106996,23299.7,3780,6.16396,43.4557,0.263795,40.7694,0.296158,0.000553412,0.0407142
1705888421738274256,0.02,5,0.0504115,57543.8,3780,15.2232,91.2394,0.263795,86.136,0.296158,0.00101655,0.0543434
1705888421738274256,0.03,3.33333,0.0360082,95532.9,3780,25.2733,140.31,0.263795,131.566,0.296158,0.0014142,0.0598695
1705888421738274256,0.04,2.5,0.0257202,137174,3780,36.2894,192.662,0.263795,177.011,0.296158,0.00178565,0.0627565
1705888421838098999,0.0005,200,1,156.441,3526.43,0.0443623,0.356835,0.0236649,0.372278,0.466327,0.000144069,0.00747921
1705888421838098999,0.001,100,0.935857,621.724,3526.43,0.176304,1.30226,0.0236649,1.47111,0.466327,0.000496891,0.0223436
1705888421838098999,0.002,50,0.59306,2084.62,3526.43,0.591142,3.26333,0.0236649,4.99064,0.466327,0.00113748,0.0347307
1705888421838098999,0.003,33.3333,0.398528,3805.26,3526.43,1.07907,4.82749,0.0236649,9.07573,0.466327,0.00153107,0.0365494
1705888421838098999,0.005,20,0.23449,7897.32,3526.43,2.23947,7.01163,0.0236649,17.6273,0.466327,0.00186004,0.028318
1705888421838098999,0.01,10,0.123028,20482.5,3526.43,5.8083,10.4262,0.0236649,39.4228,0.466327,0.00232046,0.00633244
1705888421838098999,0.02,5,0.0736067,50348.7,3526.43,14.2775,19.15,0.0236649,83.2813,0.466327,0.00307133,0.0298809
1705888421838098999,0.03,3.33333,0.0431125,83361.5,3526.43,23.6391,27.2243,0.0236649,127.214,0.466327,0.00349518,0.0498963
1705888421838098999,0.04,2.5,0.0294427,118585,3526.43,33.6274,33.8965,0.0236649,171.168,0.466327,0.00370876,0.0679607
1705888421937932463,0.0005,200,1,283.98,3465.47,0.0819458,0.846307,1.06955,0.424599,0.8621,2.51267e-06,0.000240701
1705888421937932463,0.001,100,0.924303,1100.98,3465.47,0.317699,3.35117,1.06955,1.67065,0.8621,9.56579e-06,0.000961248
1705888421937932463,0.002,50,0.573705,3875.47,3465.47,1.11831,10.3219,1.06955,5.54459,0.8621,2.81514e-05,0.00295568
1705888421937932463,0.003,33.3333,0.39741,7336.73,3465.47,2.1171,17.4657,1.06955,9.97517,0.8621,4.69233e-05,0.00493169
1705888421937932463,0.005,20,0.260956,14361.2,3465.47,4.14408,28.7323,1.06955,19.2055,0.8621,7.65014e-05,0.00786233
1705888421937932463,0.01,10,0.13745,35717.4,3465.47,10.3067,55.2402,1.06955,42.7463,0.8621,0.000140675,0.0139845
1705888421937932463,0.02,5,0.0697211,83242.2,3465.47,24.0205,113.469,1.06955,90.1671,0.8621,0.000250157,0.0249705
1705888421937932463,0.03,3.33333,0.0438247,137492,3465.47,39.675,173.201,1.06955,137.665,0.8621,0.000333721,0.0332361
1705888421937932463,0.04,2.5,0.0338645,198244,3465.47,57.2055,235.947,1.06955,185.184,0.8621,0.000402739,0.0397584
1705888422038565090,0.0005,200,1,236.722,3528.9,0.0670811,0.697553,1.27904,0.392326,0.689651,2.08894e-06,0.000137874
1705888422038565090,0.001,100,0.939783,925.618,3528.9,0.262297,2.54374,1.27904,1.54521,0.689651,8.0125e-06,0.00048158
1705888422038565090,0.002,50,0.605133,3203.32,3528.9,0.907738,7.65466,1.27904,5.20574,0.689651,2.44642e-05,0.00141578
1705888422038565090,0.003,33.3333,0.417572,6035.9,3528.9,1.71042,11.0436,1.27904,9.44609,0.689651,3.79805e-05,0.00186306
1705888422038565090,0.005,20,0.257651,12722.6,3528.9,3.60527,17.2567,1.27904,18.3258,0.689651,6.25794e-05,0.00261794
1705888422038565090,0.01,10,0.140178,33675.9,3528.9,9.54289,34.5845,1.27904,41.0307,0.689651,0.000120162,0.00516991
1705888422038565090,0.02,5,0.0612043,84754.2,3528.9,24.0172,74.2926,1.27904,86.7965,0.689651,0.000233265,0.0105889
1705888422038565090,0.03,3.33333,0.0404738,139433,3528.9,39.5117,117.559,1.27904,132.637,0.689651,0.00034211,0.0153099
1705888422038565090,0.04,2.5,0.0315893,199955,3528.9,56.6621,161.169,1.27904,178.492,0.689651,0.000441998,0.0189721
1705888422138398560,0.0005,200,1,251.869,3664.45,0.0687331,0.90494,0.102761,0.418433,0.571112,7.83363e-06,0.000870391
1705888422138398560,0.001,100,0.922265,985.232,3664.45,0.268862,2.85716,0.102761,1.6411,0.571112,2.58224e-05,0.00268912
1705888422138398560,0.002,50,0.626679,3514.42,3664.45,0.95906,6.42641,0.102761,5.40199,0.571112,5.80139e-05,0.00584552
1705888422138398560,0.003,33.3333,0.434741,6629.79,3664.45,1.80922,9.96747,0.102761,9.75387,0.571112,9.04377e-05,0.00869035
1705888422138398560,0.005,20,0.270633,13548.2,3664.45,3.69721,15.5572,0.102761,18.8778,0.571112,0.000141129,0.0124831
1705888422138398560,0.01,10,0.159309,34824.9,3664.45,9.50345,29.9819,0.102761,42.178,0.571112,0.000236693,0.0200796
1705888422138398560,0.02,5,0.074856,81538.8,3664.45,22.2513,56.9852,0.102761,89.1637,0.571112,0.000440525,0.0274102
1705888422138398560,0.03,3.33333,0.049904,130295,3664.45,35.5565,87.7543,0.102761,136.239,0.571112,0.000621382,0.0337468
1705888422138398560,0.04,2.5,0.0383877,179057,3664.45,48.8634,115.919,0.102761,183.334,0.571112,0.000781304,0.0381454
1705888422238251709,0.0005,200,1,343.954,4011.67,0.0857383,1.11243,2.29341,0.446191,0.647496,4.5351e-06,0.00056116
1705888422238251709,0.001,100,0.912844,1323.8,4011.67,0.329987,3.8608,2.29341,1.74517,0.647496,1.53544e-05,0.00194375
1705888422238251709,0.002,50,0.616514,4620.73,4011.67,1.15182,9.92384,2.29341,5.72488,0.647496,3.74661e-05,0.00496094
1705888422238251709,0.003,33.3333,0.441284,8829.48,4011.67,2.20095,15.472,2.29341,10.3075,0.647496,5.3928e-05,0.00768256
1705888422238251709,0.005,20,0.282569,17139.1,4011.67,4.27232,24.383,2.29341,19.9056,0.647496,7.99317e-05,0.011632
1705888422238251709,0.01,10,0.141284,40979.5,4011.67,10.2151,43.0596,2.29341,44.4735,0.647496,0.000123647,0.0184562
1705888422238251709,0.02,5,0.0761468,95632.7,4011.67,23.8386,87.5929,2.29341,93.9879,0.647496,0.000208966,0.0308763
1705888422238251709,0.03,3.33333,0.0504587,159314,4011.67,39.7126,129.282,2.29341,143.592,0.647496,0.000275947,0.0380713
1705888422238251709,0.04,2.5,0.0366972,228317,4011.67,56.9133,169.9,2.29341,193.221,0.647496,0.00034148,0.0432209
1705888422338086289,0.0005,200,1,251.409,4303.25,0.058423,0.763223,2.30619,0.456468,0.801975,3.27909e-06,0.000573309
1705888422338086289,0.001,100,0.918512,977.115,4303.25,0.227064,2.50863,2.30619,1.79064,0.801975,1.09894e-05,0.00186882
1705888422338086289,0.002,50,0.609389,3347.62,4303.25,0.777929,6.37728,2.30619,5.89988,0.801975,2.78918e-05,0.00460771
1705888422338086289,0.003,33.3333,0.449956,6722.71,4303.25,1.56224,11.3006,2.30619,10.6215,0.801975,4.90707e-05,0.00787919
1705888422338086289,0.005,20,0.281665,14209.3,4303.25,3.302,18.9546,2.30619,20.5359,0.801975,8.89403e-05,0.0121911
1705888422338086289,0.01,10,0.146147,35008.3,4303.25,8.13532,34.6328,2.30619,45.9228,0.801975,0.000153804,0.0186678
1705888422338086289,0.02,5,0.0673162,84388,4303.25,19.6103,65.0155,2.30619,97.0985,0.801975,0.00024802,0.0249426
1705888422338086289,0.03,3.33333,0.0469442,139688,4303.25,32.461,96.7472,2.30619,148.363,0.801975,0.000326326,0.0280615
1705888422338086289,0.04,2.5,0.0345438,195516,4303.25,45.4345,125.666,2.30619,199.647,0.801975,0.000392866,0.0293743
1705888422437929370,0.0005,200,0.999139,256.491,4512.71,0.0568375,2.08127,3.90745,0.459545,1.14863,6.2143e-06,0.000914098
1705888422437929370,0.001,100,0.926787,986.135,4512.71,0.218524,7.46841,3.90745,1.80111,1.14863,2.2219e-05,0.00326575
1705888422437929370,0.002,50,0.607235,3216.81,4512.71,0.712833,19.1371,3.90745,5.9699,1.14863,5.6298e-05,0.00825024
1705888422437929370,0.003,33.3333,0.446167,5995.02,4512.71,1.32848,30.2075,3.90745,10.7509,1.14863,8.8559e-05,0.0127896
1705888422437929370,0.005,20,0.307494,12716,4512.71,2.81782,53.1769,3.90745,20.7398,1.14863,0.000151268,0.0216306
1705888422437929370,0.01,10,0.16882,33071,4512.71,7.32841,105.766,3.90745,46.304,1.14863,0.000282998,0.0383788
1705888422437929370,0.02,5,0.0964686,83243.6,4512.71,18.4465,200.452,3.90745,97.8664,1.14863,0.000464611,0.0577029
1705888422437929370,0.03,3.33333,0.0628768,139811,4512.71,30.9816,297.61,3.90745,149.549,1.14863,0.000607005,0.0695269
1705888422437929370,0.04,2.5,0.0499569,198283,4512.71,43.9388,399.574,3.90745,201.261,1.14863,0.000723974,0.0783343
1705888422538557154,0.0005,200,1,198.736,4827.62,0.0411666,1.01435,1.92019,0.53961,1.11578,2.48891e-06,0.000368028
1705888422538557154,0.001,100,0.896664,773.379,4827.62,0.160199,3.07246,1.92019,2.10953,1.11578,8.05679e-06,0.00110228
1705888422538557154,0.002,50,0.585842,2789.56,4827.62,0.577834,7.30401,1.92019,6.87651,1.11578,2.1112e-05,0.00255381
1705888422538557154,0.003,33.3333,0.401953,5374.16,4827.62,1.11321,11.3354,1.92019,12.3306,1.11578,3.33973e-05,0.00390311
1705888422538557154,0.005,20,0.265256,11568.3,4827.62,2.39627,19.7683,1.92019,23.6937,1.11578,5.87009e-05,0.00663637
1705888422538557154,0.01,10,0.135883,30197,4827.62,6.25506,37.1504,1.92019,52.7005,1.11578,0.000113236,0.0116218
1705888422538557154,0.02,5,0.0732303,69125.6,4827.62,14.3188,69.7129,1.92019,111.105,1.11578,0.000210616,0.019384
1705888422538557154,0.03,3.33333,0.0585842,110534,4827.62,22.8961,104.199,1.92019,169.585,1.11578,0.000302795,0.0261731
1705888422538557154,0.04,2.5,0.0439382,155665,4827.62,32.2448,139.644,1.92019,228.089,1.11578,0.000387954,0.0319459
1705888422638406555,0.0005,200,0.998415,212.76,5183.01,0.0410495,1.33355,1.58866,0.559549,1.05673,1.39006e-06,0.000214042
1705888422638406555,0.001,100,0.905705,805.969,5183.01,0.155502,4.5434,1.58866,2.16791,1.05673,4.79917e-06,0.000727924
1705888422638406555,0.002,50,0.593502,2741.28,5183.01,0.528897,12.8508,1.58866,7.04219,1.05673,1.37676e-05,0.00204861
1705888422638406555,0.003,33.3333,0.420761,5347.25,5183.01,1.03169,22.522,1.58866,12.6156,1.05673,2.37245e-05,0.00358076
1705888422638406555,0.005,20,0.264659,11713.7,5183.01,2.26002,40.2689,1.58866,24.253,1.05673,4.12605e-05,0.00634454
1705888422638406555,0.01,10,0.135499,31702.1,5183.01,6.11654,83.019,1.58866,53.9684,1.05673,8.17462e-05,0.0126882
1705888422638406555,0.02,5,0.0689382,81442.5,5183.01,15.7134,169.26,1.58866,113.813,1.05673,0.000156616,0.0241743
1705888422638406555,0.03,3.33333,0.0459588,135587,5183.01,26.1599,254.669,1.58866,173.747,1.05673,0.000223362,0.0339909
1705888422638406555,0.04,2.5,0.0396197,196698,5183.01,37.9506,340.075,1.58866,233.702,1.05673,0.000283972,0.042525
1705888422738240335,0.0005,200,0.996797,205.901,5328.07,0.0386445,0.531506,1.6757,0.527232,1.14305,6.78362e-07,9.3184e-05
1705888422738240335,0.001,100,0.921537,794.374,5328.07,0.149092,2.08121,1.6757,2.03635,1.14305,2.43578e-06,0.000371081
1705888422738240335,0.002,50,0.594075,2823.42,5328.07,0.529913,6.17774,1.6757,6.70675,1.14305,7.62812e-06,0.00109278
1705888422738240335,0.003,33.3333,0.421137,5509.95,5328.07,1.03414,10.2098,1.6757,12.0638,1.14305,1.21896e-05,0.00181037
1705888422738240335,0.005,20,0.281825,11951.6,5328.07,2.24314,19.3844,1.6757,23.2335,1.14305,2.2184e-05,0.00342
1705888422738240335,0.01,10,0.158527,32387.1,5328.07,6.07857,44.3343,1.6757,51.7419,1.14305,4.77002e-05,0.00759887
1705888422738240335,0.02,5,0.0928743,82039.1,5328.07,15.3975,95.5711,1.6757,109.18,1.14305,9.22833e-05,0.0153111
1705888422738240335,0.03,3.33333,0.0656525,140250,5328.07,26.3227,144.699,1.6757,166.727,1.14305,0.000124934,0.021682
1705888422738240335,0.04,2.5,0.0472378,201755,5328.07,37.8664,192.083,1.6757,224.308,1.14305,0.000151242,0.0270699
1705888422838080866,0.0005,200,0.997019,219.02,5923.69,0.0369736,0.315333,1.23005,0.613764,1.52895,3.00221e-07,1.95679e-05
1705888422838080866,0.001,100,0.900149,857.152,5923.69,0.144699,1.35148,1.23005,2.35695,1.52895,9.74657e-07,9.64288e-05
1705888422838080866,0.002,50,0.597615,3052.25,5923.69,0.515262,4.06929,1.23005,7.54764,1.52895,2.29143e-06,0.000307945
1705888422838080866,0.003,33.3333,0.425484,5970.95,5923.69,1.00798,5.63545,1.23005,13.4725,1.52895,3.22196e-06,0.000424077
1705888422838080866,0.005,20,0.269001,13231.2,5923.69,2.23361,8.04735,1.23005,25.8453,1.52895,4.45838e-06,0.000604896
1705888422838080866,0.01,10,0.151267,34962.9,5923.69,5.90221,16.9524,1.23005,57.4213,1.52895,9.04412e-06,0.00125827
1705888422838080866,0.02,5,0.076006,87689.4,5923.69,14.8032,29.7225,1.23005,121.032,1.52895,1.81035e-05,0.00206766
1705888422838080866,0.03,3.33333,0.057377,149518,5923.69,25.2407,41.609,1.23005,184.744,1.52895,2.68977e-05,0.00274141
1705888422838080866,0.04,2.5,0.0447094,218513,5923.69,36.888,53.2833,1.23005,248.481,1.52895,3.50852e-05,0.00336439
1705888422937937923,0.0005,200,0.995522,328.437,5939.8,0.0552944,0.986603,2.90048,0.590785,1.62912,4.41624e-06,0.000407008
1705888422937937923,0.001,100,0.908955,1229.79,5939.8,0.207042,3.29648,2.90048,2.26782,1.62912,1.42481e-05,0.0013722
1705888422937937923,0.002,50,0.591791,4100.78,5939.8,0.690391,7.80108,2.90048,7.3498,1.62912,3.18302e-05,0.00326787
1705888422937937923,0.003,33.3333,0.426866,7944.1,5939.8,1.33744,12.1626,2.90048,13.165,1.62912,4.39376e-05,0.00518752
1705888422937937923,0.005,20,0.275373,17080.5,5939.8,2.87561,18.4281,2.90048,25.317,1.62912,6.89887e-05,0.00744287
1705888422937937923,0.01,10,0.141791,43379.8,5939.8,7.30324,31.2972,2.90048,56.3802,1.62912,0.000139667,0.0108213
1705888422937937923,0.02,5,0.0761194,105051,5939.8,17.686,58.144,2.90048,118.957,1.62912,0.000261942,0.0171444
1705888422937937923,0.03,3.33333,0.0559701,176452,5939.8,29.7067,90.3556,2.90048,181.628,1.62912,0.000372179,0.0235364
1705888422937937923,0.04,2.5,0.041791,253913,5939.8,42.7478,124.182,2.90048,244.328,1.62912,0.000474927,0.0289962
1705888423038564668,0.0005,200,0.995388,238.711,5494.76,0.0434434,1.50872,0.0942044,0.590868,1.16726,4.00707e-05,0.00527482
1705888423038564668,0.001,100,0.90392,915.747,5494.76,0.166658,4.81357,0.0942044,2.2656,1.16726,0.000116215,0.0163607
1705888423038564668,0.002,50,0.601845,3216.27,5494.76,0.585333,12.4727,0.0942044,7.29328,1.16726,0.000286483,0.0383262
1705888423038564668,0.003,33.3333,0.425826,6317.12,5494.76,1.14966,20.0163,0.0942044,13.0346,1.16726,0.00044932,0.0539194
1705888423038564668,0.005,20,0.269024,14050.3,5494.76,2.55703,34.0611,0.0942044,25.0268,1.16726,0.000721962,0.072304
1705888423038564668,0.01,10,0.139892,38124.5,5494.76,6.93833,72.2858,0.0942044,55.6438,1.16726,0.00140836,0.0970011
1705888423038564668,0.02,5,0.0722521,90793.4,5494.76,16.5236,138.538,0.0942044,117.313,1.16726,0.00234784,0.117561
1705888423038564668,0.03,3.33333,0.0499616,146962,5494.76,26.7459,205.355,0.0942044,179.084,1.16726,0.00297428,0.128121
1705888423038564668,0.04,2.5,0.0392006,205429,5494.76,37.3862,273.409,0.0942044,240.877,1.16726,0.00338978,0.135734
1705888423138407323,0.0005,200,0.995058,398.486,5223.42,0.0762882,0.748312,0.971221,0.571173,0.964576,2.26074e-06,0.000262371
1705888423138407323,0.001,100,0.906919,1562,5223.42,0.299038,2.27652,0.971221,2.19015,0.964576,5.74724e-06,0.000817305
1705888423138407323,0.002,50,0.572488,5724.26,5223.42,1.09588,5.0083,0.971221,7.0878,0.964576,9.97668e-06,0.00180434
1705888423138407323,0.003,33.3333,0.400329,11944.6,5223.42,2.28674,8.6605,0.971221,12.6509,0.964576,1.49169e-05,0.00307036
1705888423138407323,0.005,20,0.250412,30069.3,5223.42,5.75662,15.0952,0.971221,24.2205,0.964576,3.00684e-05,0.00496236
1705888423138407323,0.01,10,0.135091,108685,5223.42,20.8072,27.6585,0.971221,53.6925,0.964576,7.53817e-05,0.00806261
1705888423138407323,0.02,5,0.068369,312300,5223.42,59.7884,52.3225,0.971221,113.03,0.964576,0.000179275,0.0132591
1705888423138407323,0.03,3.33333,0.0494234,476513,5223.42,91.2262,79.0707,0.971221,172.458,0.964576,0.000258707,0.0179991
1705888423138407323,0.04,2.5,0.0370675,644966,5223.42,123.476,106.224,0.971221,231.912,0.964576,0.000337037,0.0218596
1705888423238248013,0.0005,200,1,415.516,4553.73,0.0912475,1.12345,7.47347,0.432766,0.806099,2.42598e-06,0.00021616
1705888423238248013,0.001,100,0.930018,1266.55,4553.73,0.278134,3.10303,7.47347,1.70386,0.806099,6.88567e-06,0.000588853
1705888423238248013,0.002,50,0.596685,3107.68,4553.73,0.682448,5.73252,7.47347,5.69648,0.806099,1.32156e-05,0.00106625
1705888423238248013,0.003,33.3333,0.417127,5233.18,4553.73,1.14921,9.36873,7.47347,10.3207,0.806099,2.01943e-05,0.00177622
1705888423238248013,0.005,20,0.253223,10094,4553.73,2.21664,16.3634,7.47347,20.0067,0.806099,3.33308e-05,0.00310711
1705888423238248013,0.01,10,0.121547,23748.1,4553.73,5.21509,32.7623,7.47347,44.7435,0.806099,6.38098e-05,0.00601008
1705888423238248013,0.02,5,0.0736648,56026.9,4553.73,12.3035,64.6271,7.47347,94.5315,0.806099,0.000116289,0.0110282
1705888423238248013,0.03,3.33333,0.0561694,94184.1,4553.73,20.6828,94.5202,7.47347,144.39,0.806099,0.000160483,0.0150357
1705888423238248013,0.04,2.5,0.0423573,137221,4553.73,30.1338,124.459,7.47347,194.271,0.806099,0.000200034,0.0185973
1705888423338085893,0.0005,200,0.998041,420.731,4398.76,0.0956477,1.91109,2.95646,0.422,0.645193,1.27241e-06,0.000167002
1705888423338085893,0.001,100,0.917728,1147.15,4398.76,0.260789,4.26657,2.95646,1.62108,0.645193,2.6752e-06,0.000376169
1705888423338085893,0.002,50,0.633692,2915.56,4398.76,0.662816,9.54271,2.95646,5.23194,0.645193,5.41033e-06,0.000851355
1705888423338085893,0.003,33.3333,0.476004,5005.59,4398.76,1.13796,15.1006,2.95646,9.37374,0.645193,8.46487e-06,0.00134452
1705888423338085893,0.005,20,0.306562,9882.87,4398.76,2.24674,27.0258,2.95646,18.0859,0.645193,1.49727e-05,0.00239165
1705888423338085893,0.01,10,0.176298,24931.1,4398.76,5.66775,54.7955,2.95646,40.4126,0.645193,2.82763e-05,0.00478374
1705888423338085893,0.02,5,0.0832517,63013.9,4398.76,14.3254,106.532,2.95646,85.4822,0.645193,4.98016e-05,0.00892928
1705888423338085893,0.03,3.33333,0.0587659,106681,4398.76,24.2526,160.077,2.95646,130.651,0.645193,6.97544e-05,0.0128061
1705888423338085893,0.04,2.5,0.0460333,155463,4398.76,35.3424,214.715,2.95646,175.839,0.645193,8.8017e-05,0.0163391
1705888423437924593,0.0005,200,0.99801,129.15,4333.86,0.0298002,0.116951,2.41266,0.410273,0.286991,4.33602e-07,4.49495e-05
1705888423437924593,0.001,100,0.935323,513.548,4333.86,0.118497,0.501894,2.41266,1.60686,0.286991,1.75437e-06,0.000196802
1705888423437924593,0.002,50,0.59602,1760.13,4333.86,0.406135,1.7722,2.41266,5.37313,0.286991,5.95326e-06,0.000701799
1705888423437924593,0.003,33.3333,0.41194,3405.81,4333.86,0.785862,2.47775,2.41266,9.69526,0.286991,7.89451e-06,0.000990544
1705888423437924593,0.005,20,0.257711,6953.98,4333.86,1.60457,5.77768,2.41266,18.7388,0.286991,1.27954e-05,0.00236514
1705888423437924593,0.01,10,0.122388,16222.6,4333.86,3.74322,12.7189,2.41266,41.8743,0.286991,2.8816e-05,0.00501632
1705888423437924593,0.02,5,0.0587065,37063.3,4333.86,8.55204,26.4093,2.41266,88.467,0.286991,5.5138e-05,0.00984051
1705888423437924593,0.03,3.33333,0.038806,59842.7,4333.86,13.8082,39.3741,2.41266,135.134,0.286991,7.99789e-05,0.0138244
1705888423437924593,0.04,2.5,0.0248756,82635.8,4333.86,19.0675,52.3861,2.41266,181.822,0.286991,0.00010208,0.0174765
1705888423538551865,0.0005,200,1,94.4326,4305.37,0.0219337,0.174249,0.279828,0.369086,0.229972,0.000129534,0.0147
1705888423538551865,0.001,100,0.94359,376.432,4305.37,0.0874332,0.638819,0.279828,1.46382,0.229972,0.00044508,0.0451365
1705888423538551865,0.002,50,0.595897,1312.3,4305.37,0.304805,2.63328,0.279828,4.99647,0.229972,0.00132192,0.128449
1705888423538551865,0.003,33.3333,0.401026,2506.75,4305.37,0.582238,4.33877,0.279828,9.09115,0.229972,0.0021398,0.150942
1705888423538551865,0.005,20,0.274872,5366.29,4305.37,1.24642,6.74263,0.279828,17.6256,0.229972,0.00303316,0.147788
1705888423538551865,0.01,10,0.142564,14295.2,4305.37,3.32031,9.84944,0.279828,39.4356,0.229972,0.00425737,0.131264
1705888423538551865,0.02,5,0.0779487,35047,4305.37,8.14029,21.3411,0.279828,83.3728,0.229972,0.00663756,0.186696
1705888423538551865,0.03,3.33333,0.0564103,58104.8,4305.37,13.4959,31.5287,0.279828,127.387,0.229972,0.00834822,0.231583
1705888423538551865,0.04,2.5,0.0389744,83180.6,4305.37,19.3202,42.5403,0.279828,171.424,0.229972,0.00968269,0.270616
1705888423638391607,0.0005,200,0.998973,132.952,4283.91,0.0310353,0.488161,0.911709,0.373565,0.243183,4.5746e-06,0.000380321
1705888423638391607,0.001,100,0.937372,515.768,4283.91,0.120396,1.8836,0.911709,1.47202,0.243183,1.77512e-05,0.00145136
1705888423638391607,0.002,50,0.591376,1672.08,4283.91,0.390316,5.97102,0.911709,4.99453,0.243183,5.41171e-05,0.00452705
1705888423638391607,0.003,33.3333,0.422998,3141.09,4283.91,0.733229,8.78,0.911709,9.06329,0.243183,8.30413e-05,0.00639299
1705888423638391607,0.005,20,0.265914,6596.93,4283.91,1.53993,13.4948,0.911709,17.5767,0.243183,0.000137309,0.00901587
1705888423638391607,0.01,10,0.137577,16348.3,4283.91,3.81621,26.0002,0.911709,39.3497,0.243183,0.000272659,0.0150328
1705888423638391607,0.02,5,0.0708419,37007.2,4283.91,8.63864,54.2083,0.911709,83.2324,0.243183,0.000527038,0.0261351
1705888423638391607,0.03,3.33333,0.0482546,59473.6,4283.91,13.883,81.7238,0.911709,127.181,0.243183,0.000745582,0.0332705
1705888423638391607,0.04,2.5,0.0410678,84037.6,4283.91,19.617,109.536,0.911709,171.144,0.243183,0.00094303,0.0382122
1705888423738228713,0.0005,200,1,107.065,4580.45,0.0233744,0.230562,0.555287,0.364995,0.163849,1.21763e-06,0.000343447
1705888423738228713,0.001,100,0.953,426.986,4580.45,0.0932193,0.846292,0.555287,1.4496,0.163849,3.71747e-06,0.00126607
1705888423738228713,0.002,50,0.596,1541.89,4580.45,0.336625,1.92977,0.555287,4.99266,0.163849,6.23549e-06,0.00291279
1705888423738228713,0.003,33.3333,0.409,2954,4580.45,0.644914,3.42872,0.555287,9.12015,0.163849,1.64414e-05,0.00513649
1705888423738228713,0.005,20,0.274,6570.8,4580.45,1.43453,7.26124,0.555287,17.7465,0.163849,4.08995e-05,0.0102083
1705888423738228713,0.01,10,0.131,17217.5,4580.45,3.75891,16.985,0.555287,39.8133,0.163849,9.51811e-05,0.0204371
1705888423738228713,0.02,5,0.076,44750.5,4580.45,9.76988,35.6252,0.555287,84.2573,0.163849,0.000158082,0.0331543
1705888423738228713,0.03,3.33333,0.056,78094.3,4580.45,17.0495,55.2886,0.555287,128.766,0.163849,0.000190279,0.0417369
1705888423738228713,0.04,2.5,0.043,115060,4580.45,25.1199,73.7738,0.555287,173.293,0.163849,0.000214092,0.0474765
1705888423838063726,0.0005,200,1,86.1853,4453.23,0.0193534,0.493331,0.335331,0.357713,0.16929,4.31591e-06,0.00063043
1705888423838063726,0.001,100,0.952477,342.987,4453.23,0.0770197,1.94864,0.335331,1.42138,0.16929,1.69573e-05,0.00247424
1705888423838063726,0.002,50,0.599596,1211.4,4453.23,0.272028,5.85765,0.335331,4.90805,0.16929,5.16974e-05,0.00731112
1705888423838063726,0.003,33.3333,0.421638,2296.96,4453.23,0.515796,8.82399,0.335331,8.96872,0.16929,7.91948e-05,0.010812
1705888423838063726,0.005,20,0.264914,4964.84,4453.23,1.11488,15.2297,0.335331,17.4811,0.16929,0.000133615,0.0178297
1705888423838063726,0.01,10,0.133468,13342.1,4453.23,2.99606,28.2311,0.335331,39.2428,0.16929,0.000215067,0.0297022
1705888423838063726,0.02,5,0.0697674,33369.1,4453.23,7.49322,56.3267,0.335331,83.0922,0.16929,0.00034706,0.0477143
1705888423838063726,0.03,3.33333,0.0434783,55194.8,4453.23,12.3943,83.3234,0.335331,127.019,0.16929,0.000432862,0.0579708
1705888423838063726,0.04,2.5,0.0364004,77961.7,4453.23,17.5068,111.045,0.335331,170.961,0.16929,0.000489606,0.0651263
1705888423938304006,0.0005,200,1,73.6231,4415.71,0.016673,0.166503,0.16276,0.309415,0.162887,1.59944e-05,0.000877027
1705888423938304006,0.001,100,0.973361,294.029,4415.71,0.0665871,0.643299,0.16276,1.23231,0.162887,5.68271e-05,0.00352967
1705888423938304006,0.002,50,0.631148,1058.43,4415.71,0.239696,1.36856,0.16276,4.37625,0.162887,0.000129323,0.00630023
1705888423938304006,0.003,33.3333,0.428279,2061.85,4415.71,0.466937,1.97162,0.16276,8.12679,0.162887,0.000192513,0.00806614
1705888423938304006,0.005,20,0.270492,4573.2,4415.71,1.03567,3.62902,0.16276,16.0207,0.162887,0.000291519,0.0168055
1705888423938304006,0.01,10,0.131148,12262.8,4415.71,2.77709,8.47377,0.16276,36.2576,0.162887,0.0005777,0.0334896
1705888423938304006,0.02,5,0.0686475,31337.5,4415.71,7.09682,22.0746,0.16276,77.0607,0.162887,0.00123979,0.0654541
1705888423938304006,0.03,3.33333,0.0389344,51379.1,4415.71,11.6355,34.6371,0.16276,117.947,0.162887,0.00182406,0.0847168
1705888423938304006,0.04,2.5,0.0307377,72245,4415.71,16.3609,45.0702,0.16276,158.85,0.162887,0.00236791,0.0975829
1705888424038137669,0.0005,200,1,69.681,4228.74,0.016478,0.155821,0.219049,0.320476,0.131696,4.0461e-06,0.000514682
1705888424038137669,0.001,100,0.960168,277.253,4228.74,0.065564,0.557978,0.219049,1.27485,0.131696,1.54894e-05,0.00182403
1705888424038137669,0.002,50,0.616352,975.579,4228.74,0.230702,1.52472,0.219049,4.46841,0.131696,2.11331e-05,0.00534104
1705888424038137669,0.003,33.3333,0.420335,1841.21,4228.74,0.435405,2.68583,0.219049,8.23769,0.131696,2.26767e-05,0.00938738
1705888424038137669,0.005,20,0.272537,3911.09,4228.74,0.924884,4.82744,0.219049,16.1623,0.131696,3.77778e-05,0.0156882
1705888424038137669,0.01,10,0.132075,9958.74,4228.74,2.35501,10.5879,0.219049,36.4777,0.131696,0.000111066,0.0313868
1705888424038137669,0.02,5,0.0639413,23440.1,4228.74,5.54305,21.7704,0.219049,77.4296,0.131696,0.000300612,0.0554443
1705888424038137669,0.03,3.33333,0.0429769,38982.4,4228.74,9.21844,34.8112,0.219049,118.447,0.131696,0.000479838,0.0759315
1705888424038137669,0.04,2.5,0.0314465,55799.7,4228.74,13.1954,48.3322,0.219049,159.484,0.131696,0.000658922,0.092449
1705888424137974497,0.0005,200,1,82.462,4019.35,0.0205163,0.40525,0.0152047,0.30251,0.168183,0.00030499,0.0166281
1705888424137974497,0.001,100,0.964478,328.981,4019.35,0.0818493,1.59966,0.0152047,1.2025,0.168183,0.00108,0.0626135
1705888424137974497,0.002,50,0.636168,1213.13,4019.35,0.301824,5.26553,0.0152047,4.21913,0.168183,0.00271509,0.162829
1705888424137974497,0.003,33.3333,0.434876,2315.47,4019.35,0.576082,8.72989,0.0152047,7.81486,0.168183,0.00362302,0.228244
1705888424137974497,0.005,20,0.258342,4809.62,4019.35,1.19662,15.5871,0.0152047,15.4128,0.168183,0.00445435,0.310158
1705888424137974497,0.01,10,0.121636,11628.3,4019.35,2.89307,31.037,0.0152047,34.8933,0.168183,0.00518704,0.428248
1705888424137974497,0.02,5,0.0624327,26852.3,4019.35,6.68077,61.9845,0.0152047,74.1363,0.168183,0.00764598,0.549156
1705888424137974497,0.03,3.33333,0.0387513,43147.8,4019.35,10.735,93.2775,0.0152047,113.451,0.168183,0.00993516,0.617641
1705888424137974497,0.04,2.5,0.0279871,59919.8,4019.35,14.9079,124.067,0.0152047,152.78,0.168183,0.0118788,0.669209
1705888424238617446,0.0005,200,1,73.3411,3853.96,0.0190301,0.411125,0.186655,0.299034,0.153653,3.2068e-06,0.000311442
1705888424238617446,0.001,100,0.95302,286.864,3853.96,0.0744335,1.58926,0.186655,1.18838,0.153653,1.19021e-05,0.00121861
1705888424238617446,0.002,50,0.634228,1011.17,3853.96,0.262371,4.98726,0.186655,4.13256,0.153653,3.34859e-05,0.00390263
1705888424238617446,0.003,33.3333,0.43736,1957.49,3853.96,0.507917,8.3811,0.186655,7.63215,0.153653,5.31969e-05,0.00655135
1705888424238617446,0.005,20,0.256152,4142.26,3853.96,1.07481,14.8168,0.186655,15.0268,0.153653,9.01857e-05,0.0113367
1705888424238617446,0.01,10,0.129754,10548.8,3853.96,2.73714,31.8885,0.186655,33.9508,0.153653,0.0001837,0.0226866
1705888424238617446,0.02,5,0.0615213,27374.6,3853.96,7.10298,66.9594,0.186655,72.0876,0.153653,0.000326498,0.0402324
1705888424238617446,0.03,3.33333,0.0436242,47552.6,3853.96,12.3386,102.677,0.186655,110.285,0.153653,0.000439105,0.0513748
1705888424238617446,0.04,2.5,0.0302013,68737.8,3853.96,17.8356,135.806,0.186655,148.499,0.153653,0.000532477,0.0577586
1705888424338454678,0.0005,200,1,60.4524,3459.88,0.0174724,0.240557,0.291291,0.263641,0.12726,1.66711e-06,0.000202696
1705888424338454678,0.001,100,0.972521,241.095,3459.88,0.0696831,0.986075,0.291291,1.0509,0.12726,6.7026e-06,0.000832193
1705888424338454678,0.002,50,0.62963,857.258,3459.88,0.247771,2.92832,0.291291,3.73195,0.12726,2.04605e-05,0.00242569
1705888424338454678,0.003,33.3333,0.44086,1627.4,3459.88,0.470364,4.4837,0.291291,6.94283,0.12726,3.21299e-05,0.00364388
1705888424338454678,0.005,20,0.241338,3416.38,3459.88,0.987428,8.20269,0.291291,13.7523,0.12726,5.69625e-05,0.00654827
1705888424338454678,0.01,10,0.114695,8642.65,3459.88,2.49796,17.6092,0.291291,31.2009,0.12726,0.000114172,0.0133509
1705888424338454678,0.02,5,0.0561529,20940.8,3459.88,6.05245,34.2233,0.291291,66.3453,0.12726,0.000214165,0.0228836
1705888424338454678,0.03,3.33333,0.0406213,33229.9,3459.88,9.60436,50.5313,0.291291,101.542,0.12726,0.000303953,0.0304486
1705888424338454678,0.04,2.5,0.0322581,46452.9,3459.88,13.4262,66.9459,0.291291,136.751,0.12726,0.000387381,0.0367063
1705888424438292609,0.0005,200,1,47.7238,2924.22,0.0163202,0.291147,0.0223345,0.236916,0.0744721,5.84878e-05,0.007079
1705888424438292609,0.001,100,0.966578,189.946,2924.22,0.0649562,1.12141,0.0223345,0.943579,0.0744721,0.000209914,0.0264844
1705888424438292609,0.002,50,0.628342,694.564,2924.22,0.237521,2.92234,0.0223345,3.33304,0.0744721,0.000568793,0.0576162
1705888424438292609,0.003,33.3333,0.429144,1323.69,2924.22,0.452663,5.36092,0.0223345,6.178,0.0744721,0.000974676,0.0886323
1705888424438292609,0.005,20,0.283422,2813.99,2924.22,0.962306,9.62976,0.0223345,12.1716,0.0744721,0.00151892,0.123986
1705888424438292609,0.01,10,0.135027,7483.85,2924.22,2.55927,18.3609,0.0223345,27.5509,0.0744721,0.00211877,0.160897
1705888424438292609,0.02,5,0.0735294,19882.9,2924.22,6.7994,34.1369,0.0223345,58.5589,0.0744721,0.0028308,0.199258
1705888424438292609,0.03,3.33333,0.0534759,35194.3,2924.22,12.0355,51.5831,0.0223345,89.6224,0.0744721,0.00339496,0.225567
1705888424438292609,0.04,2.5,0.0441176,53332.3,2924.22,18.2382,70.9025,0.0223345,120.699,0.0744721,0.00386541,0.240836
1705888424538141873,0.0005,200,1,36.4717,2448.22,0.0148972,0.425793,0.00379503,0.210141,0.0761321,0.00034652,0.0469226
1705888424538141873,0.001,100,0.96347,144.976,2448.22,0.0592168,1.64036,0.00379503,0.835187,0.0761321,0.00111664,0.154365
1705888424538141873,0.002,50,0.665145,529.886,2448.22,0.216437,4.11866,0.00379503,2.91075,0.0761321,0.0018306,0.256603
1705888424538141873,0.003,33.3333,0.458143,1051.06,2448.22,0.429318,6.29661,0.00379503,5.38418,0.0761321,0.00218699,0.266966
1705888424538141873,0.005,20,0.273973,2275.23,2448.22,0.929339,10.8881,0.00379503,10.6381,0.0761321,0.00297619,0.26038
1705888424538141873,0.01,10,0.121766,5861.78,2448.22,2.3943,19.0454,0.00379503,24.1514,0.0761321,0.00398604,0.193412
1705888424538141873,0.02,5,0.0563166,14475.7,2448.22,5.91275,35.8009,0.00379503,51.4019,0.0761321,0.0052153,0.171987
1705888424538141873,0.03,3.33333,0.0334855,24452.9,2448.22,9.98803,52.9626,0.00379503,78.6945,0.0761321,0.00544306,0.170244
1705888424538141873,0.04,2.5,0.0289193,35449.9,2448.22,14.4799,71.7708,0.00379503,105.995,0.0761321,0.00530703,0.174951
1705888424637969638,0.0005,200,1,32.2752,2232.42,0.0144575,0.175201,0.0956841,0.222936,0.0931178,1.41353e-06,0.000173676
1705888424637969638,0.001,100,0.943639,128.244,2232.42,0.0574462,0.695875,0.0956841,0.884905,0.0931178,5.63463e-06,0.000687875
1705888424637969638,0.002,50,0.615137,450.287,2232.42,0.201704,2.48555,0.0956841,3.02458,0.0931178,2.04596e-05,0.00242949
1705888424637969638,0.003,33.3333,0.436393,864.797,2232.42,0.387381,4.12147,0.0956841,5.52083,0.0931178,3.31607e-05,0.00402124
1705888424637969638,0.005,20,0.278583,1877.25,2232.42,0.840903,6.91217,0.0956841,10.7622,0.0931178,5.50751e-05,0.00664034
1705888424637969638,0.01,10,0.148148,4804.03,2232.42,2.15194,15.1842,0.0956841,24.1746,0.0931178,0.00011678,0.014074
1705888424637969638,0.02,5,0.0837359,11998,2232.42,5.37442,31.2257,0.0956841,51.205,0.0931178,0.000226025,0.026643
1705888424637969638,0.03,3.33333,0.0483092,20279.2,2232.42,9.08395,46.2514,0.0956841,78.2875,0.0931178,0.000315633,0.0361575
1705888424637969638,0.04,2.5,0.041868,29488.6,2232.42,13.2092,61.6153,0.0956841,105.38,0.0931178,0.000396812,0.0441805
1705888424738599797,0.0005,200,1,32.998,2329.23,0.0141669,0.0917502,0.00353771,0.213831,0.0557021,0.000121619,0.0115847
1705888424738599797,0.001,100,0.948718,130.975,2329.23,0.0562311,0.375672,0.00353771,0.848933,0.0557021,0.000425991,0.0375907
1705888424738599797,0.002,50,0.644231,461.627,2329.23,0.198188,1.19529,0.00353771,2.89815,0.0557021,0.00131122,0.0683884
1705888424738599797,0.003,33.3333,0.483974,912.511,2329.23,0.391764,1.83966,0.00353771,5.3005,0.0557021,0.00212006,0.0722647
1705888424738599797,0.005,20,0.282051,1996.22,2329.23,0.857027,2.76523,0.00353771,10.3957,0.0557021,0.00320966,0.0553087
1705888424738599797,0.01,10,0.128205,5269.1,2329.23,2.26216,5.80875,0.00353771,23.4939,0.0557021,0.0061781,0.0877588
1705888424738599797,0.02,5,0.0657051,12618.7,2329.23,5.41752,12.125,0.00353771,49.908,0.0557021,0.0114591,0.175438
1705888424738599797,0.03,3.33333,0.0416667,20349.2,2329.23,8.73641,18.5244,0.00353771,76.372,0.0557021,0.016001,0.225373
1705888424738599797,0.04,2.5,0.0224359,28437.9,2329.23,12.2091,25.1171,0.00353771,102.85,0.0557021,0.0199593,0.264426
1705888424838446257,0.0005,200,1,39.7146,2447.47,0.0162268,0.356705,0.0146416,0.229891,0.0750537,0.000110241,0.00741411
1705888424838446257,0.001,100,0.93038,157.112,2447.47,0.0641935,1.40677,0.0146416,0.912755,0.0750537,0.000421598,0.0277163
1705888424838446257,0.002,50,0.64557,537.411,2447.47,0.219578,3.67741,0.0146416,3.08473,0.0750537,0.00101463,0.061119
1705888424838446257,0.003,33.3333,0.443038,1033.81,2447.47,0.422399,6.23168,0.0146416,5.61717,0.0750537,0.00153419,0.091585
1705888424838446257,0.005,20,0.281646,2189.28,2447.47,0.894506,11.2238,0.0146416,10.9444,0.0750537,0.00218569,0.131887
1705888424838446257,0.01,10,0.139241,5485.05,2447.47,2.24111,20.5926,0.0146416,24.5964,0.0750537,0.00276828,0.149655
1705888424838446257,0.02,5,0.0712025,13392.8,2447.47,5.47211,40.0723,0.0146416,52.125,0.0750537,0.00347964,0.160067
1705888424838446257,0.03,3.33333,0.0474684,22585.4,2447.47,9.22805,60.2467,0.0146416,79.707,0.0750537,0.00396654,0.166858
1705888424838446257,0.04,2.5,0.0332278,32689.5,2447.47,13.3564,80.8241,0.0146416,107.303,0.0750537,0.00428681,0.170559
1705888424938287705,0.0005,200,1,40.9495,2594.12,0.0157855,0.305358,0.0152073,0.229681,0.0714404,0.000270766,0.0277456
1705888424938287705,0.001,100,0.952888,163.296,2594.12,0.0629485,1.18315,0.0152073,0.913762,0.0714404,0.000919119,0.0905275
1705888424938287705,0.002,50,0.62766,574.483,2594.12,0.221456,3.56884,0.0152073,3.16291,0.0714404,0.00212635,0.176077
1705888424938287705,0.003,33.3333,0.428571,1087.44,2594.12,0.419195,6.19641,0.0152073,5.80274,0.0714404,0.0025715,0.219145
1705888424938287705,0.005,20,0.253799,2271.65,2594.12,0.875691,11.8057,0.0152073,11.3718,0.0714404,0.00332838,0.250207
1705888424938287705,0.01,10,0.121581,5713.37,2594.12,2.20243,26.0522,0.0152073,25.6254,0.0714404,0.00484467,0.255285
1705888424938287705,0.02,5,0.0638298,13578.3,2594.12,5.23428,57.0718,0.0152073,54.3336,0.0714404,0.00841684,0.275336
1705888424938287705,0.03,3.33333,0.0471125,22270.5,2594.12,8.585,87.733,0.0152073,83.083,0.0714404,0.0119697,0.291454
1705888424938287705,0.04,2.5,0.0364742,31625.1,2594.12,12.1911,120.072,0.0152073,111.845,0.0714404,0.0153259,0.313307
1705888425038119643,0.0005,200,1,40.063,2755.83,0.0145375,0.446333,0.0121789,0.220433,0.060209,0.00020039,0.0241465
1705888425038119643,0.001,100,0.964444,159.715,2755.83,0.0579554,1.7274,0.0121789,0.879291,0.060209,0.000700113,0.0840667
1705888425038119643,0.002,50,0.645926,578.717,2755.83,0.209998,4.53161,0.0121789,3.06933,0.060209,0.00146616,0.15891
1705888425038119643,0.003,33.3333,0.445926,1138.81,2755.83,0.413236,6.88813,0.0121789,5.66018,0.060209,0.00182518,0.174175
1705888425038119643,0.005,20,0.282963,2473.28,2755.83,0.897475,10.9344,0.0121789,11.1393,0.060209,0.00227584,0.166128
1705888425038119643,0.01,10,0.122963,6409.02,2755.83,2.32563,23.3174,0.0121789,25.2239,0.060209,0.0031758,0.181808
1705888425038119643,0.02,5,0.0474074,14982.9,2755.83,5.43682,48.9194,0.0121789,53.6423,0.060209,0.00463482,0.23155
1705888425038119643,0.03,3.33333,0.0311111,24243.8,2755.83,8.7973,71.8357,0.0121789,82.1077,0.060209,0.00570448,0.263647
1705888425038119643,0.04,2.5,0.0237037,34457,2755.83,12.5033,94.3981,0.0121789,110.582,0.060209,0.00664526,0.287554
1705888425137963577,0.0005,200,1,39.139,2911.04,0.013445,0.186019,0.163009,0.243372,0.0987596,4.89952e-06,0.000456234
1705888425137963577,0.001,100,0.944363,155.507,2911.04,0.0534197,0.734192,0.163009,0.965295,0.0987596,1.88039e-05,0.00182018
1705888425137963577,0.002,50,0.626647,560.879,2911.04,0.192673,2.0296,0.163009,3.30349,0.0987596,5.36607e-05,0.00492909
1705888425137963577,0.003,33.3333,0.442167,1079.57,2911.04,0.370854,3.40788,0.163009,6.04979,0.0987596,9.11773e-05,0.0080617
1705888425137963577,0.005,20,0.254758,2319.81,2911.04,0.796902,5.88971,0.163009,11.8419,0.0987596,0.000151834,0.013367
1705888425137963577,0.01,10,0.133236,6228.71,2911.04,2.13969,11.4847,0.163009,26.6637,0.0987596,0.000270636,0.0229669
1705888425137963577,0.02,5,0.0614934,16377.3,2911.04,5.62593,28.9121,0.163009,56.5209,0.0987596,0.000518523,0.0442204
1705888425137963577,0.03,3.33333,0.0380673,26904.8,2911.04,9.24236,45.9163,0.163009,86.4314,0.0987596,0.000710665,0.0563409
1705888425137963577,0.04,2.5,0.0322108,38383.8,2911.04,13.1856,62.1198,0.163009,116.352,0.0987596,0.000865966,0.0630807
1705888425238575665,0.0005,200,1,52.0226,3218.78,0.0161622,0.202671,0.398605,0.259556,0.157242,2.49189e-06,0.000174429
1705888425238575665,0.001,100,0.953615,206.073,3218.78,0.0640221,0.740993,0.398605,1.0308,0.157242,9.40249e-06,0.000622375
1705888425238575665,0.002,50,0.620737,709.871,3218.78,0.220541,2.59692,0.398605,3.54994,0.157242,3.20765e-05,0.0022098
1705888425238575665,0.003,33.3333,0.450205,1348.48,3218.78,0.418942,4.30921,0.398605,6.49515,0.157242,5.23989e-05,0.00367192
1705888425238575665,0.005,20,0.249659,2885.27,3218.78,0.896387,8.57873,0.398605,12.7121,0.157242,9.95741e-05,0.00731254
1705888425238575665,0.01,10,0.122783,7189.84,3218.78,2.23372,18.4552,0.398605,28.6362,0.157242,0.000199618,0.0151258
1705888425238575665,0.02,5,0.0613915,16948.6,3218.78,5.26554,36.3487,0.398605,60.7125,0.157242,0.000357442,0.0267757
1705888425238575665,0.03,3.33333,0.0409277,27823,3218.78,8.64397,54.3475,0.398605,92.8362,0.157242,0.000500859,0.0357074
1705888425238575665,0.04,2.5,0.0341064,39215,3218.78,12.1832,71.7487,0.398605,124.972,0.157242,0.000633411,0.0424716
1705888425338415280,0.0005,200,1,52.6033,3325.34,0.0158189,0.167449,0.729531,0.255454,0.252773,7.63934e-07,2.99295e-05
1705888425338415280,0.001,100,0.950202,207.993,3325.34,0.0625479,0.685394,0.729531,1.0128,0.252773,2.98296e-06,0.000133568
1705888425338415280,0.002,50,0.625841,719.284,3325.34,0.216304,1.87125,0.729531,3.49258,0.252773,8.62313e-06,0.00032529
1705888425338415280,0.003,33.3333,0.448183,1371.96,3325.34,0.412577,3.40261,0.729531,6.40031,0.252773,1.51182e-05,0.000633002
1705888425338415280,0.005,20,0.288022,2979.54,3325.34,0.896009,5.62872,0.729531,12.5287,0.252773,2.5891e-05,0.000966261
1705888425338415280,0.01,10,0.141319,7934.08,3325.34,2.38594,10.0245,0.729531,28.2606,0.252773,5.07672e-05,0.00119757
1705888425338415280,0.02,5,0.0672948,20748.4,3325.34,6.23946,20.2921,0.729531,59.9861,0.252773,0.000103067,0.002181
1705888425338415280,0.03,3.33333,0.0471063,37094.5,3325.34,11.1551,30.6701,0.729531,91.7618,0.252773,0.000153803,0.00317193
1705888425338415280,0.04,2.5,0.0376851,56676.3,3325.34,17.0437,41.8719,0.729531,123.551,0.252773,0.000206587,0.00419629
1705888425438254766,0.0005,200,0.998708,80.3763,3650.99,0.0220149,0.79347,0.945286,0.292765,0.297198,1.0086e-05,0.00157938
1705888425438254766,0.001,100,0.953488,306.808,3650.99,0.084034,2.79966,0.945286,1.15426,0.297198,3.62822e-05,0.00551139
1705888425438254766,0.002,50,0.599483,1048.49,3650.99,0.287179,7.17601,0.945286,3.93616,0.297198,9.50717e-05,0.0136325
1705888425438254766,0.003,33.3333,0.419897,1990.71,3650.99,0.545251,11.0718,0.945286,7.16211,0.297198,0.000147276,0.0203742
1705888425438254766,0.005,20,0.25969,4172.45,3650.99,1.14283,17.2965,0.945286,13.9113,0.297198,0.000222962,0.030044
1705888425438254766,0.01,10,0.152455,10704.4,3650.99,2.93192,32.9957,0.945286,31.1376,0.297198,0.000366927,0.0487401
1705888425438254766,0.02,5,0.0723514,26574.4,3650.99,7.27866,64.4049,0.945286,65.8643,0.297198,0.000549179,0.0692106
1705888425438254766,0.03,3.33333,0.0439276,44522.7,3650.99,12.1947,92.0836,0.945286,100.662,0.297198,0.000652275,0.0758869
1705888425438254766,0.04,2.5,0.0297158,64720.7,3650.99,17.7269,121.371,0.945286,135.474,0.297198,0.000744449,0.0797334
1705888425538077862,0.0005,200,1,130.118,3889.59,0.0334528,1.0192,0.956065,0.281223,0.252658,1.18814e-06,0.000183907
1705888425538077862,0.001,100,0.953518,488.916,3889.59,0.125699,3.25712,0.956065,1.11276,0.252658,3.90935e-06,0.000584665
1705888425538077862,0.002,50,0.620603,1757.52,3889.59,0.451854,9.1639,0.956065,3.83782,0.252658,1.11632e-05,0.00163441
1705888425538077862,0.003,33.3333,0.425879,3242.8,3889.59,0.833714,14.5868,0.956065,7.03921,0.252658,1.74702e-05,0.00259625
1705888425538077862,0.005,20,0.266332,6639.49,3889.59,1.70699,26.3404,0.956065,13.7672,0.252658,3.08115e-05,0.00465323
1705888425538077862,0.01,10,0.135678,16442.4,3889.59,4.22728,53.2242,0.956065,30.98,0.252658,6.03225e-05,0.00914208
1705888425538077862,0.02,5,0.0728643,40868.1,3889.59,10.507,99.8303,0.956065,65.6576,0.252658,0.000106589,0.0160448
1705888425538077862,0.03,3.33333,0.0552764,68912.8,3889.59,17.7173,149.192,0.956065,100.39,0.252658,0.000149425,0.0223789
1705888425538077862,0.04,2.5,0.040201,100742,3889.59,25.9004,199.208,0.956065,135.14,0.252658,0.00018706,0.0277835
1705888425638326519,0.0005,200,1,103.86,3874.79,0.0268041,0.265053,0.0116744,0.275224,0.249381,4.09263e-05,0.0078931
1705888425638326519,0.001,100,0.96646,409.48,3874.79,0.105678,1.04759,0.0116744,1.09121,0.249381,0.000195141,0.0278036
1705888425638326519,0.002,50,0.61118,1420.74,3874.79,0.366662,4.07301,0.0116744,3.80349,0.249381,0.000937072,0.0759857
1705888425638326519,0.003,33.3333,0.432298,2693.32,3874.79,0.695088,7.317,0.0116744,6.9882,0.249381,0.00152986,0.102432
1705888425638326519,0.005,20,0.280745,5804.87,3874.79,1.49811,15.1872,0.0116744,13.6742,0.249381,0.00231085,0.133664
1705888425638326519,0.01,10,0.136646,14805.7,3874.79,3.82103,33.6417,0.0116744,30.8186,0.249381,0.00322989,0.152933
1705888425638326519,0.02,5,0.068323,37320.7,3874.79,9.63167,69.6648,0.0116744,65.3589,0.249381,0.00411188,0.159465
1705888425638326519,0.03,3.33333,0.0559006,65303,3874.79,16.8533,104.675,0.0116744,99.956,0.249381,0.00451981,0.157337
1705888425638326519,0.04,2.5,0.047205,97190.7,3874.79,25.0828,138.545,0.0116744,134.567,0.249381,0.00460488,0.157073
1705888425738177963,0.0005,200,1,84.7376,3724.35,0.0227523,0.42134,0.0046317,0.252302,0.250869,0.000558654,0.0408495
1705888425738177963,0.001,100,0.971429,334.628,3724.35,0.0898487,1.58797,0.0046317,1.0058,0.250869,0.00168463,0.109898
1705888425738177963,0.002,50,0.615584,1178.49,3724.35,0.316428,4.85519,0.0046317,3.55632,0.250869,0.00309577,0.167839
1705888425738177963,0.003,33.3333,0.431169,2313.98,3724.35,0.621313,7.63387,0.0046317,6.56106,0.250869,0.00404945,0.161329
1705888425738177963,0.005,20,0.267532,4981.79,3724.35,1.33763,13.2791,0.0046317,12.8827,0.250869,0.00549385,0.188857
1705888425738177963,0.01,10,0.135065,12875.6,3724.35,3.45714,26.9475,0.0046317,29.0935,0.250869,0.00565487,0.262444
1705888425738177963,0.02,5,0.061039,31014.5,3724.35,8.3275,52.8226,0.0046317,61.7921,0.250869,0.00725762,0.344795
1705888425738177963,0.03,3.33333,0.0454545,51210.3,3724.35,13.7501,77.1379,0.0046317,94.5444,0.250869,0.00928592,0.399372
1705888425738177963,0.04,2.5,0.0311688,73932.3,3724.35,19.8511,102.099,0.0046317,127.31,0.250869,0.0107159,0.436782
1705888425838033456,0.0005,200,1,56.3295,3656.64,0.0154047,0.147664,1.94895e-05,0.21965,0.169488,0.00911045,0.174572
1705888425838033456,0.001,100,0.972678,224.698,3656.64,0.0614493,0.578048,1.94895e-05,0.876456,0.169488,0.0205642,0.40074
1705888425838033456,0.002,50,0.654372,840.4,3656.64,0.229829,1.61887,1.94895e-05,3.09338,0.169488,0.0263932,0.488692
1705888425838033456,0.003,33.3333,0.494536,1729.45,3656.64,0.472961,3.12591,1.94895e-05,5.72763,0.169488,0.0262277,0.458626
1705888425838033456,0.005,20,0.301913,4048.43,3656.64,1.10715,7.17733,1.94895e-05,11.3271,0.169488,0.0248454,0.417664
1705888425838033456,0.01,10,0.15847,11297.5,3656.64,3.08959,17.7647,1.94895e-05,25.7413,0.169488,0.0244128,0.421927
1705888425838033456,0.02,5,0.0765027,29571.3,3656.64,8.08701,37.1065,1.94895e-05,54.8599,0.169488,0.0310157,0.557639
1705888425838033456,0.03,3.33333,0.0560109,52330.6,3656.64,14.3111,55.3928,1.94895e-05,84.0354,0.169488,0.0366013,0.663688
1705888425838033456,0.04,2.5,0.0396175,79268.2,3656.64,21.6779,70.9227,1.94895e-05,113.226,0.169488,0.0410491,0.745653
1705888425938281765,0.0005,200,1,96.22,3718.47,0.0258763,0.550931,0.136679,0.270173,0.220436,3.71943e-06,0.000490668
1705888425938281765,0.001,100,0.95765,383.971,3718.47,0.10326,2.14613,0.136679,1.07053,0.220436,1.43589e-05,0.00190464
1705888425938281765,0.002,50,0.580601,1429.27,3718.47,0.384371,6.01774,0.136679,3.68518,0.220436,3.73195e-05,0.00530081
1705888425938281765,0.003,33.3333,0.438525,2738.07,3718.47,0.736343,9.8399,0.136679,6.6948,0.220436,5.80233e-05,0.00855277
1705888425938281765,0.005,20,0.285519,5736.69,3718.47,1.54276,17.1827,0.136679,12.9883,0.220436,9.78785e-05,0.0143536
1705888425938281765,0.01,10,0.147541,15674.4,3718.47,4.21528,36.3591,0.136679,29.0985,0.220436,0.000198966,0.0267402
1705888425938281765,0.02,5,0.0737705,43125.4,3718.47,11.5976,73.8442,0.136679,61.5844,0.220436,0.000360327,0.041418
1705888425938281765,0.03,3.33333,0.0532787,79940.8,3718.47,21.4983,109.672,0.136679,94.1269,0.220436,0.000488781,0.0474164
1705888425938281765,0.04,2.5,0.034153,126029,3718.47,33.8928,143.059,0.136679,126.685,0.220436,0.000603322,0.048843
1705888426038113954,0.0005,200,1,80.3903,3714.16,0.0216443,0.208718,0.037376,0.237138,0.138554,8.61291e-06,0.00130988
1705888426038113954,0.001,100,0.960784,312.499,3714.16,0.0841373,0.627845,0.037376,0.945056,0.138554,2.39967e-05,0.00392542
1705888426038113954,0.002,50,0.621849,1110.19,3714.16,0.298907,2.06468,0.037376,3.3071,0.138554,7.38488e-05,0.0119916
1705888426038113954,0.003,33.3333,0.448179,2185.08,3714.16,0.588311,3.61673,0.037376,6.07865,0.138554,0.000104285,0.0201188
1705888426038113954,0.005,20,0.273109,4675.73,3714.16,1.25889,5.66913,0.037376,11.9262,0.138554,0.000122079,0.0295627
1705888426038113954,0.01,10,0.12465,12735.1,3714.16,3.4288,9.48922,0.037376,26.9431,0.138554,0.000240696,0.0456366
1705888426038113954,0.02,5,0.0714286,35485.1,3714.16,9.55402,16.6651,0.037376,57.208,0.138554,0.000456839,0.0727299
1705888426038113954,0.03,3.33333,0.0532213,65622.4,3714.16,17.6682,24.9957,0.037376,87.5176,0.138554,0.000631504,0.098453
1705888426038113954,0.04,2.5,0.0434174,95057.6,3714.16,25.5933,34.2823,0.037376,117.84,0.138554,0.000765022,0.121314
1705888426137949972,0.0005,200,1,68.3234,3429.3,0.0199234,0.136539,0.0438102,0.221803,0.163261,6.3425e-06,0.00055857
1705888426137949972,0.001,100,0.951442,272.631,3429.3,0.0795005,0.558532,0.0438102,0.881669,0.163261,2.60516e-05,0.00224111
1705888426137949972,0.002,50,0.628225,972.886,3429.3,0.283698,1.72502,0.0438102,3.05164,0.163261,7.33001e-05,0.00690332
1705888426137949972,0.003,33.3333,0.465857,1889.68,3429.3,0.551039,3.4401,0.0438102,5.60879,0.163261,0.000158738,0.0125731
1705888426137949972,0.005,20,0.265554,4054.76,3429.3,1.18239,7.8394,0.0438102,11.027,0.163261,0.000326422,0.0260439
1705888426137949972,0.01,10,0.136571,10710.4,3429.3,3.12321,18.2852,0.0438102,24.9142,0.163261,0.000657277,0.0473124
1705888426137949972,0.02,5,0.060698,28453.6,3429.3,8.29721,42.0552,0.0438102,52.9135,0.163261,0.0012057,0.076038
1705888426137949972,0.03,3.33333,0.0394537,49478.2,3429.3,14.4281,64.4663,0.0438102,80.9627,0.163261,0.00166445,0.0925804
1705888426137949972,0.04,2.5,0.0318665,73488,3429.3,21.4294,87.5741,0.0438102,109.021,0.163261,0.00201984,0.107651
1705888426238597841,0.0005,200,1,49.1452,3075.7,0.0159785,0.150791,0.0519099,0.207285,0.124556,3.1437e-05,0.0028995
1705888426238597841,0.001,100,0.963816,193.075,3075.7,0.0627745,0.473576,0.0519099,0.818159,0.124556,0.000113607,0.00694019
1705888426238597841,0.002,50,0.625,702.436,3075.7,0.228382,1.43894,0.0519099,2.83603,0.124556,0.000316537,0.0255165
1705888426238597841,0.003,33.3333,0.449013,1347.45,3075.7,0.438094,1.9683,0.0519099,5.21149,0.124556,0.000404003,0.0399611
1705888426238597841,0.005,20,0.261513,2828.85,3075.7,0.919741,3.44646,0.0519099,10.2367,0.124556,0.000615144,0.0679426
1705888426238597841,0.01,10,0.129934,6845.88,3075.7,2.22579,7.69586,0.0519099,23.1324,0.124556,0.0011459,0.117686
1705888426238597841,0.02,5,0.0575658,15902.1,3075.7,5.17024,13.9356,0.0519099,49.1161,0.124556,0.00215985,0.184858
1705888426238597841,0.03,3.33333,0.0444079,25250.8,3075.7,8.20976,20.5645,0.0519099,75.1405,0.124556,0.0030597,0.239947
1705888426238597841,0.04,2.5,0.0345395,35254.2,3075.7,11.4622,27.1366,0.0519099,101.175,0.124556,0.00386503,0.282477
1705888426338441677,0.0005,200,1,34.2361,2761.12,0.0123994,0.135585,0.445676,0.187689,0.0566726,2.18789e-06,0.000109444
1705888426338441677,0.001,100,0.961199,136.549,2761.12,0.049454,0.544845,0.445676,0.747001,0.0566726,8.77454e-06,0.000439592
1705888426338441677,0.002,50,0.617284,503.772,2761.12,0.182452,1.60367,0.445676,2.61714,0.0566726,2.59341e-05,0.00128443
1705888426338441677,0.003,33.3333,0.426808,992.509,2761.12,0.359458,2.73187,0.445676,4.82879,0.0566726,4.19337e-05,0.0023026
1705888426338441677,0.005,20,0.261023,2071.96,2761.12,0.750406,4.77628,0.445676,9.4944,0.0566726,7.47786e-05,0.00386364
1705888426338441677,0.01,10,0.135802,5417.11,2761.12,1.96192,10.0421,0.445676,21.4373,0.0566726,0.000158183,0.00777237
1705888426338441677,0.02,5,0.0687831,13403,2761.12,4.85417,20.0038,0.445676,45.5189,0.0566726,0.000304683,0.015175
1705888426338441677,0.03,3.33333,0.042328,21411.3,2761.12,7.75458,30.4115,0.445676,69.6427,0.0566726,0.000444899,0.0224303
1705888426338441677,0.04,2.5,0.0335097,29873.3,2761.12,10.8193,40.8903,0.445676,93.776,0.0566726,0.000579139,0.0292359
1705888426438264925,0.0005,200,1,24.4876,2396.98,0.010216,0.113258,0.105972,0.188734,0.0597259,1.02841e-06,0.000134925
1705888426438264925,0.001,100,0.947471,97.4748,2396.98,0.0406656,0.437399,0.105972,0.74806,0.0597259,4.12067e-06,0.000516961
1705888426438264925,0.002,50,0.603113,358.472,2396.98,0.149551,1.554,0.105972,2.57764,0.0597259,1.52947e-05,0.00180439
1705888426438264925,0.003,33.3333,0.391051,682.379,2396.98,0.284682,2.65915,0.105972,4.72277,0.0597259,2.9744e-05,0.00296402
1705888426438264925,0.005,20,0.250973,1438.76,2396.98,0.600239,4.86839,0.105972,9.21134,0.0597259,5.71639e-05,0.00531132
1705888426438264925,0.01,10,0.116732,3652.9,2396.98,1.52396,9.75431,0.105972,20.6849,0.0597259,0.000112719,0.0106065
1705888426438264925,0.02,5,0.0622568,9021.16,2396.98,3.76355,19.5022,0.105972,43.7825,0.0597259,0.000207685,0.021235
1705888426438264925,0.03,3.33333,0.040856,14766.2,2396.98,6.16034,28.7067,0.105972,66.9167,0.0597259,0.000297977,0.0306955
1705888426438264925,0.04,2.5,0.0194553,20617,2396.98,8.60123,37.7613,0.105972,90.0627,0.0597259,0.000384372,0.0396346
1705888426538118106,0.0005,200,1,26.7201,2140.22,0.0124847,0.300486,0.0197186,0.170784,0.081953,5.38836e-05,0.0032659
1705888426538118106,0.001,100,0.964657,106.241,2140.22,0.0496404,1.14919,0.0197186,0.679235,0.081953,0.000204855,0.0123402
1705888426538118106,0.002,50,0.617464,377.467,2140.22,0.176368,3.3564,0.0197186,2.34064,0.081953,0.000565446,0.0346798
1705888426538118106,0.003,33.3333,0.43659,741.542,2140.22,0.346479,5.63671,0.0197186,4.2574,0.081953,0.000935305,0.053231
1705888426538118106,0.005,20,0.297297,1664.68,2140.22,0.777805,10.1452,0.0197186,8.28468,0.081953,0.00164664,0.0812375
1705888426538118106,0.01,10,0.139293,4665.94,2140.22,2.18012,19.5903,0.0197186,18.6346,0.081953,0.00300448,0.110128
1705888426538118106,0.02,5,0.0644491,11691.6,2140.22,5.46278,39.1701,0.0197186,39.5167,0.081953,0.00477345,0.139815
1705888426538118106,0.03,3.33333,0.04158,20108.5,2140.22,9.39551,58.507,0.0197186,60.4368,0.081953,0.0060398,0.150437
1705888426538118106,0.04,2.5,0.031185,28970.1,2140.22,13.536,78.8223,0.0197186,81.3654,0.081953,0.00708702,0.157464
1705888426637949712,0.0005,200,1,23.0048,1996.43,0.011523,0.217938,0.0490596,0.160018,0.0494023,1.86465e-05,0.00133653
1705888426637949712,0.001,100,0.960699,91.3779,1996.43,0.0457706,0.822635,0.0490596,0.634801,0.0494023,7.00771e-05,0.00503444
1705888426637949712,0.002,50,0.59607,326.103,1996.43,0.163343,2.18485,0.0490596,2.19275,0.0494023,0.00017364,0.0136186
1705888426637949712,0.003,33.3333,0.451965,657.972,1996.43,0.329574,3.79301,0.0490596,3.99553,0.0494023,0.000277761,0.0240244
1705888426637949712,0.005,20,0.303493,1550.56,1996.43,0.776669,7.41438,0.0490596,7.77358,0.0494023,0.000468607,0.046608
1705888426637949712,0.01,10,0.170306,4599.81,1996.43,2.30402,15.1915,0.0490596,17.4513,0.0494023,0.000748833,0.0852995
1705888426637949712,0.02,5,0.0938865,12038.1,1996.43,6.0298,29.6441,0.0490596,36.9844,0.0494023,0.00123451,0.133089
1705888426637949712,0.03,3.33333,0.0545852,20716.1,1996.43,10.3766,43.9488,0.0490596,56.5683,0.0494023,0.00153416,0.168296
1705888426637949712,0.04,2.5,0.0414847,29327.1,1996.43,14.6897,58.977,0.0490596,76.1642,0.0494023,0.00176959,0.19952
1705888426738593513,0.0005,200,1,19.073,1736.05,0.0109864,0.149632,0.0527323,0.133058,0.041098,2.03562e-05,0.00157686
1705888426738593513,0.001,100,0.968293,76.1139,1736.05,0.0438432,0.584925,0.0527323,0.530353,0.041098,7.79249e-05,0.00615121
1705888426738593513,0.002,50,0.634146,272.147,1736.05,0.156762,1.58545,0.0527323,1.8534,0.041098,0.000192647,0.0163948
1705888426738593513,0.003,33.3333,0.485366,525.91,1736.05,0.302935,2.86224,0.0527323,3.39303,0.041098,0.000323596,0.0281553
1705888426738593513,0.005,20,0.319512,1173.05,1736.05,0.675704,5.34871,0.0527323,6.64097,0.041098,0.000565015,0.0474962
1705888426738593513,0.01,10,0.168293,3097.76,1736.05,1.78438,11.4769,0.0527323,15.0006,0.041098,0.0010483,0.0805231
1705888426738593513,0.02,5,0.0731707,7697.12,1736.05,4.43371,23.883,0.0527323,31.9016,0.041098,0.00182393,0.11607
1705888426738593513,0.03,3.33333,0.0341463,12497.9,1736.05,7.19905,36.0985,0.0527323,48.8474,0.041098,0.00252629,0.140285
1705888426738593513,0.04,2.5,0.0268293,17426.6,1736.05,10.0381,49.4154,0.0527323,65.7997,0.041098,0.0032118,0.164177
1705888426838433783,0.0005,200,1,15.6191,1528.98,0.0102154,0.292799,0.0175905,0.125716,0.0359033,7.91396e-05,0.0086928
1705888426838433783,0.001,100,0.976864,62.3702,1528.98,0.0407921,1.1961,0.0175905,0.500605,0.0359033,0.000313007,0.0348913
1705888426838433783,0.002,50,0.640103,225.329,1528.98,0.147373,3.58501,0.0175905,1.76551,0.0359033,0.000840522,0.098619
1705888426838433783,0.003,33.3333,0.452442,446.407,1528.98,0.291965,5.80785,0.0175905,3.262,0.0359033,0.00120952,0.146656
1705888426838433783,0.005,20,0.251928,981.033,1528.98,0.641628,9.66058,0.0175905,6.43584,0.0359033,0.00160837,0.203481
1705888426838433783,0.01,10,0.128535,2657.06,1528.98,1.7378,18.6786,0.0175905,14.5722,0.0359033,0.00215527,0.257076
1705888426838433783,0.02,5,0.0694087,6694.4,1528.98,4.37836,38.7207,0.0175905,30.9632,0.0359033,0.00286431,0.292857
1705888426838433783,0.03,3.33333,0.0488432,11139.1,1528.98,7.28533,57.4007,0.0175905,47.3808,0.0359033,0.00336042,0.291872
1705888426838433783,0.04,2.5,0.0282776,15888.3,1528.98,10.3915,76.066,0.0175905,63.806,0.0359033,0.00381486,0.289528
1705888426938276362,0.0005,200,1,13.1551,1476.07,0.00891224,0.16423,2.36674,0.142196,0.089507,5.34843e-07,5.25723e-05
1705888426938276362,0.001,100,0.942105,52.4813,1476.07,0.0355547,0.678977,2.36674,0.561802,0.089507,2.19719e-06,0.000217786
1705888426938276362,0.002,50,0.597368,187.347,1476.07,0.126923,2.44255,2.36674,1.90716,0.089507,7.93836e-06,0.000781188
1705888426938276362,0.003,33.3333,0.439474,368.28,1476.07,0.2495,4.38996,2.36674,3.45573,0.089507,1.43906e-05,0.00139749
1705888426938276362,0.005,20,0.271053,827.167,1476.07,0.560384,8.60385,2.36674,6.7119,0.089507,2.82382e-05,0.00273042
1705888426938276362,0.01,10,0.128947,2204.64,1476.07,1.49359,18.7245,2.36674,15.068,0.089507,6.18497e-05,0.00588498
1705888426938276362,0.02,5,0.0657895,5738.06,1476.07,3.88738,38.4563,2.36674,31.9082,0.089507,0.000126108,0.0119068
1705888426938276362,0.03,3.33333,0.05,9355.31,1476.07,6.33798,58.889,2.36674,48.7773,0.089507,0.000189627,0.0180228
1705888426938276362,0.04,2.5,0.0342105,13011.3,1476.07,8.81481,79.475,2.36674,65.6549,0.089507,0.00025146,0.024025
1705888427038115127,0.0005,200,1,9.95222,1368.42,0.00727277,0.0987666,0.00151046,0.131955,0.0345148,0.000446596,0.0361913
1705888427038115127,0.001,100,0.960894,39.7229,1368.42,0.0290283,0.388791,0.00151046,0.524236,0.0345148,0.00156379,0.114627
1705888427038115127,0.002,50,0.594972,139.926,1368.42,0.102254,1.03072,0.00151046,1.80658,0.0345148,0.00413025,0.0257989
1705888427038115127,0.003,33.3333,0.430168,272.722,1368.42,0.199297,2.05469,0.00151046,3.28855,0.0345148,0.00733229,0.0576592
1705888427038115127,0.005,20,0.27095,614.06,1368.42,0.448736,4.07647,0.00151046,6.40118,0.0345148,0.0112997,0.150451
1705888427038115127,0.01,10,0.136872,1805.87,1368.42,1.31967,8.67386,0.00151046,14.3545,0.0345148,0.0175437,0.227313
1705888427038115127,0.02,5,0.0698324,5313.32,1368.42,3.88281,17.195,0.00151046,30.3688,0.0345148,0.0283704,0.425744
1705888427038115127,0.03,3.33333,0.0502793,9319.49,1368.42,6.81039,26.1913,0.00151046,46.4068,0.0345148,0.0377482,0.608988
1705888427038115127,0.04,2.5,0.0418994,13919.6,1368.42,10.172,35.0238,0.00151046,62.4508,0.0345148,0.0455017,0.760371
1705888427137963586,0.0005,200,1,9.76374,1141.69,0.00855204,0.12041,0.000318313,0.117119,0.0348937,0.00132441,0.137451
1705888427137963586,0.001,100,0.937888,38.8885,1141.69,0.0340623,0.4998,0.000318313,0.458284,0.0348937,0.00373432,0.381523
1705888427137963586,0.002,50,0.649068,142.351,1141.69,0.124684,1.5425,0.000318313,1.53535,0.0348937,0.00526331,0.544574
1705888427137963586,0.003,33.3333,0.465839,284.317,1141.69,0.249033,2.74597,0.000318313,2.79035,0.0348937,0.0074455,0.539507
1705888427137963586,0.005,20,0.291925,639.843,1141.69,0.560436,5.0988,0.000318313,5.43739,0.0348937,0.0112552,0.485814
1705888427137963586,0.01,10,0.15528,1740.24,1141.69,1.52427,9.76495,0.000318313,12.2258,0.0348937,0.0193119,0.483968
1705888427137963586,0.02,5,0.0869565,4540.77,1141.69,3.97725,18.0319,0.000318313,25.9133,0.0348937,0.031824,0.740469
1705888427137963586,0.03,3.33333,0.0745342,7864.44,1141.69,6.88844,27.0812,0.000318313,39.6268,0.0348937,0.0402776,0.980111
1705888427137963586,0.04,2.5,0.0590062,11607.9,1141.69,10.1674,35.5399,0.000318313,53.3486,0.0348937,0.0472469,1.20006
1705888427238604263,0.0005,200,1,9.18943,1022.45,0.00898769,0.101159,0.0778185,0.0980062,0.0481242,7.48938e-06,0.00068751
1705888427238604263,0.001,100,0.94898,36.5827,1022.45,0.0357796,0.412802,0.0778185,0.388939,0.0481242,3.0516e-05,0.00281242
1705888427238604263,0.002,50,0.666667,129.674,1022.45,0.126827,1.35626,0.0778185,1.33115,0.0481242,9.0463e-05,0.00939947
1705888427238604263,0.003,33.3333,0.479592,255.493,1022.45,0.249884,2.39928,0.0778185,2.43915,0.0481242,0.00015274,0.0165904
1705888427238604263,0.005,20,0.278912,562.064,1022.45,0.549725,4.23782,0.0778185,4.79057,0.0481242,0.000256305,0.0285294
1705888427238604263,0.01,10,0.142857,1448.96,1022.45,1.41715,9.18856,0.0778185,10.8335,0.0481242,0.000512987,0.0569419
1705888427238604263,0.02,5,0.0816327,3506.43,1022.45,3.42945,17.2211,0.0778185,23.0219,0.0481242,0.000863647,0.0888174
1705888427238604263,0.03,3.33333,0.0578231,5906.55,1022.45,5.77688,24.0623,0.0778185,35.235,0.0481242,0.00111872,0.103769
1705888427238604263,0.04,2.5,0.0408163,8410.92,1022.45,8.22628,31.0914,0.0778185,47.4557,0.0481242,0.00134058,0.114653
1705888427338450184,0.0005,200,1,12.2129,1142.73,0.0106874,0.078484,0.408196,0.109094,0.0583559,1.26185e-06,0.000136685
1705888427338450184,0.001,100,0.96,48.7253,1142.73,0.0426393,0.316302,0.408196,0.433259,0.0583559,5.07145e-06,0.000550132
1705888427338450184,0.002,50,0.643077,180.023,1142.73,0.157537,1.18569,0.408196,1.49244,0.0583559,1.77072e-05,0.00208285
1705888427338450184,0.003,33.3333,0.467692,367.012,1142.73,0.32117,2.08689,0.408196,2.72934,0.0583559,3.23197e-05,0.00360265
1705888427338450184,0.005,20,0.323077,900.963,1142.73,0.788428,3.88657,0.408196,5.33727,0.0583559,6.297e-05,0.0065068
1705888427338450184,0.01,10,0.150769,2624.66,1142.73,2.29683,8.99923,0.408196,12.0523,0.0583559,0.000143047,0.0144372
1705888427338450184,0.02,5,0.0923077,7148.12,1142.73,6.25528,18.7914,0.408196,25.5895,0.0583559,0.000283176,0.0274385
1705888427338450184,0.03,3.33333,0.0584615,12344.3,1142.73,10.8025,28.2894,0.408196,39.1558,0.0583559,0.000397959,0.0378409
1705888427338450184,0.04,2.5,0.0461538,18303.4,1142.73,16.0172,37.5199,0.408196,52.7285,0.0583559,0.00049392,0.0460863
1705888427438286650,0.0005,200,1,12.048,1326.8,0.0090805,0.0761899,0.0165679,0.122015,0.058082,3.14912e-05,0.00134138
1705888427438286650,0.001,100,0.966574,47.9528,1326.8,0.0361418,0.313887,0.0165679,0.483335,0.058082,0.000130492,0.00544536
1705888427438286650,0.002,50,0.623955,169.723,1326.8,0.127919,0.970076,0.0165679,1.67721,0.058082,0.000420833,0.0164403
1705888427438286650,0.003,33.3333,0.428969,330.697,1326.8,0.249245,1.4751,0.0165679,3.08973,0.058082,0.000616808,0.0255906
1705888427438286650,0.005,20,0.261838,705.309,1326.8,0.531587,2.44975,0.0165679,6.06513,0.058082,0.000973968,0.0388389
1705888427438286650,0.01,10,0.144847,1862.22,1326.8,1.40355,4.32582,0.0165679,13.667,0.058082,0.00173699,0.043189
1705888427438286650,0.02,5,0.086351,4984.83,1326.8,3.75704,8.34755,0.0165679,28.9844,0.058082,0.00337522,0.0443592
1705888427438286650,0.03,3.33333,0.0557103,8765.59,1326.8,6.60658,12.8167,0.0165679,44.3324,0.058082,0.00473689,0.0457603
1705888427438286650,0.04,2.5,0.0445682,13212.3,1326.8,9.95806,17.6329,0.0165679,59.6888,0.058082,0.0059539,0.0495131
1705888427538132779,0.0005,200,1,21.6818,1520.04,0.014264,0.08005,0.0153403,0.125304,0.0450307,2.12447e-05,0.00207348
1705888427538132779,0.001,100,0.974811,86.6297,1520.04,0.0569917,0.31496,0.0153403,0.499505,0.0450307,8.4796e-05,0.0078991
1705888427538132779,0.002,50,0.622166,314.375,1520.04,0.206821,1.21562,0.0153403,1.7781,0.0450307,0.000268912,0.0281442
1705888427538132779,0.003,33.3333,0.438287,624.949,1520.04,0.41114,2.47296,0.0153403,3.291,0.0450307,0.00050702,0.053344
1705888427538132779,0.005,20,0.27204,1301.73,1520.04,0.856378,5.21528,0.0153403,6.48409,0.0450307,0.000930698,0.104228
1705888427538132779,0.01,10,0.153652,3200.96,1520.04,2.10584,12.1956,0.0153403,14.6725,0.0450307,0.00175505,0.204004
1705888427538132779,0.02,5,0.0604534,7436.78,1520.04,4.89249,25.2324,0.0153403,31.1991,0.0450307,0.00326809,0.340613
1705888427538132779,0.03,3.33333,0.0428212,11905.8,1520.04,7.83258,37.0634,0.0153403,47.7547,0.0450307,0.0046562,0.429006
1705888427538132779,0.04,2.5,0.0352645,16574.3,1520.04,10.9038,48.5726,0.0153403,64.3159,0.0450307,0.00592216,0.48862
1705888427637977807,0.0005,200,1,26.202,1768.45,0.0148164,0.107726,0.220401,0.136543,0.106184,3.50413e-06,0.000201644
1705888427637977807,0.001,100,0.979638,104.747,1768.45,0.0592313,0.433642,0.220401,0.543754,0.106184,1.39819e-05,0.000816628
1705888427637977807,0.002,50,0.660633,383.666,1768.45,0.216951,1.36203,0.220401,1.9213,0.106184,3.79969e-05,0.00288648
1705888427637977807,0.003,33.3333,0.477376,760.65,1768.45,0.430123,2.33755,0.220401,3.5524,0.106184,5.95395e-05,0.00516498
1705888427637977807,0.005,20,0.294118,1626.86,1768.45,0.919934,4.65243,0.220401,7.01543,0.106184,0.000104002,0.0105113
1705888427637977807,0.01,10,0.153846,4161.33,1768.45,2.3531,8.81091,0.220401,15.9147,0.106184,0.00017534,0.0184795
1705888427637977807,0.02,5,0.0746606,10339.3,1768.45,5.84656,16.7867,0.220401,33.8785,0.106184,0.000263549,0.0294844
1705888427637977807,0.03,3.33333,0.0475113,16487.6,1768.45,9.32319,25.1465,0.220401,51.8793,0.106184,0.000347169,0.0378182
1705888427637977807,0.04,2.5,0.0339367,23066,1768.45,13.0431,33.6415,0.220401,69.8891,0.106184,0.000415331,0.0441903
1705888427738615476,0.0005,200,1,25.3646,1947.37,0.013025,0.0885428,0.00751833,0.15006,0.0537693,5.00202e-05,0.00368521
1705888427738615476,0.001,100,0.966387,101.161,1947.37,0.0519474,0.342544,0.00751833,0.597115,0.0537693,0.000187254,0.0133307
1705888427738615476,0.002,50,0.638655,359.292,1947.37,0.184501,0.868188,0.00751833,2.10174,0.0537693,0.000646756,0.0353566
1705888427738615476,0.003,33.3333,0.453782,705.413,1947.37,0.362238,1.44114,0.00751833,3.88099,0.0537693,0.00131355,0.0548058
1705888427738615476,0.005,20,0.292017,1553.54,1947.37,0.797764,2.41252,0.00751833,7.64452,0.0537693,0.00253827,0.0718568
1705888427738615476,0.01,10,0.140756,4327.74,1947.37,2.22235,4.72923,0.00751833,17.3232,0.0537693,0.00449964,0.0824333
1705888427738615476,0.02,5,0.0798319,11578,1947.37,5.94546,9.6445,0.00751833,36.8466,0.0537693,0.00754334,0.104798
1705888427738615476,0.03,3.33333,0.0441176,20189,1947.37,10.3673,15.8941,0.00751833,56.4172,0.0537693,0.0102424,0.128166
1705888427738615476,0.04,2.5,0.0273109,28065.7,1947.37,14.4121,22.3202,0.00751833,75.9982,0.0537693,0.0125887,0.139897
1705888427838459276,0.0005,200,1,21.7883,2479.13,0.00878867,0.212601,0.0171398,0.180102,0.0707544,0.0263929,0.262477
1705888427838459276,0.001,100,0.97148,86.9463,2479.13,0.0350713,0.835279,0.0171398,0.718331,0.0707544,0.0357016,0.180076
1705888427838459276,0.002,50,0.625668,316.443,2479.13,0.127643,2.64618,0.0171398,2.54371,0.0707544,0.0392314,0.267218
1705888427838459276,0.003,33.3333,0.44385,607.708,2479.13,0.24513,4.55825,0.0171398,4.69875,0.0707544,0.0435034,0.427977
1705888427838459276,0.005,20,0.285205,1307.26,2479.13,0.527304,8.31032,0.0171398,9.23437,0.0707544,0.0490536,0.62958
1705888427838459276,0.01,10,0.158645,3478.68,2479.13,1.40318,16.3227,0.0171398,20.8425,0.0707544,0.0564215,0.928157
1705888427838459276,0.02,5,0.0766488,8916.77,2479.13,3.59674,32.3249,0.0171398,44.2664,0.0707544,0.0665921,1.23105
1705888427838459276,0.03,3.33333,0.0499109,15390.2,2479.13,6.2079,47.373,0.0171398,67.7416,0.0707544,0.0722971,1.3802
1705888427838459276,0.04,2.5,0.0409982,22537.3,2479.13,9.0908,62.7441,0.0171398,91.2262,0.0707544,0.0756479,1.46977
1705888427938308615,0.0005,200,1,26.6054,2903.21,0.00916414,0.16585,0.0330353,0.197134,0.0784368,1.71894e-05,0.00134547
1705888427938308615,0.001,100,0.962843,104.678,2903.21,0.0360561,0.628765,0.0330353,0.784006,0.0784368,6.44447e-05,0.00507647
1705888427938308615,0.002,50,0.642973,358.489,2903.21,0.12348,1.74963,0.0330353,2.75888,0.0784368,0.000179542,0.0144582
1705888427938308615,0.003,33.3333,0.452342,685.183,2903.21,0.236009,3.07517,0.0330353,5.10937,0.0784368,0.000310252,0.0250438
1705888427938308615,0.005,20,0.276252,1488.21,2903.21,0.512607,4.98262,0.0330353,10.0798,0.0784368,0.000457138,0.0422795
1705888427938308615,0.01,10,0.151858,3901.01,2903.21,1.34369,10.0425,0.0330353,22.8085,0.0784368,0.000835155,0.0876414
1705888427938308615,0.02,5,0.0743134,9704.18,2903.21,3.34257,20.6419,0.0330353,48.4735,0.0784368,0.00154574,0.177696
1705888427938308615,0.03,3.33333,0.0565428,16069.6,2903.21,5.53511,31.0122,0.0330353,74.1826,0.0784368,0.00216343,0.255194
1705888427938308615,0.04,2.5,0.0436187,22860.2,2903.21,7.87412,41.5177,0.0330353,99.9022,0.0784368,0.00271484,0.321893
1705888428038144896,0.0005,200,1,26.8877,2758.34,0.00974776,0.280015,0.450745,0.213727,0.0671122,7.97146e-07,9.66174e-05
1705888428038144896,0.001,100,0.957166,107.322,2758.34,0.0389083,1.1024,0.450745,0.850401,0.0671122,3.02958e-06,0.000383265
1705888428038144896,0.002,50,0.609555,387.137,2758.34,0.140351,2.82083,0.450745,2.97018,0.0671122,7.70901e-06,0.000981478
1705888428038144896,0.003,33.3333,0.410214,749.012,2758.34,0.271544,4.16733,0.450745,5.46791,0.0671122,1.04253e-05,0.0014722
1705888428038144896,0.005,20,0.23888,1609.62,2758.34,0.583544,6.87907,0.450745,10.7104,0.0671122,1.49555e-05,0.00247004
1705888428038144896,0.01,10,0.120264,4232.08,2758.34,1.53428,14.2325,0.450745,24.092,0.0671122,2.86775e-05,0.00508463
1705888428038144896,0.02,5,0.0576606,10284.3,2758.34,3.72844,29.8619,0.450745,51.0318,0.0671122,5.60143e-05,0.0104086
1705888428038144896,0.03,3.33333,0.0461285,16984.7,2758.34,6.15756,45.3283,0.450745,78.0082,0.0671122,8.33604e-05,0.0153204
1705888428038144896,0.04,2.5,0.0345964,24561.8,2758.34,8.90457,60.4104,0.450745,104.993,0.0671122,0.000108431,0.0197792
1705888428137972990,0.0005,200,1,27.8618,2493.57,0.0111735,0.14352,0.0125519,0.200882,0.0650337,8.36196e-06,0.000945106
1705888428137972990,0.001,100,0.957672,110.591,2493.57,0.0443507,0.513944,0.0125519,0.794319,0.0650337,2.94443e-05,0.00335875
1705888428137972990,0.002,50,0.604938,393.317,2493.57,0.157733,1.96004,0.0125519,2.74943,0.0650337,0.000116061,0.0124216
1705888428137972990,0.003,33.3333,0.407407,739.414,2493.57,0.296529,2.97979,0.0125519,5.04907,0.0650337,0.000176357,0.0181789
1705888428137972990,0.005,20,0.259259,1541.16,2493.57,0.618056,4.23099,0.0125519,9.87311,0.0650337,0.000246374,0.0238197
1705888428137972990,0.01,10,0.130511,4044.23,2493.57,1.62186,6.07989,0.0125519,22.223,0.0650337,0.00041277,0.0272857
1705888428137972990,0.02,5,0.0652557,10091.2,2493.57,4.04691,9.75088,0.0125519,47.1063,0.0650337,0.000774726,0.0313709
1705888428137972990,0.03,3.33333,0.0388007,16667.1,2493.57,6.68406,14.2978,0.0125519,72.0305,0.0650337,0.00109983,0.0366357
1705888428137972990,0.04,2.5,0.031746,23873.4,2493.57,9.574,19.1543,0.0125519,96.962,0.0650337,0.00141138,0.0410023
1705888428238609046,0.0005,200,1,190.706,2640.92,0.0722119,0.326078,0.13358,0.200624,0.0703102,1.46285e-05,0.00172452
1705888428238609046,0.001,100,0.954849,761.447,2640.92,0.288327,1.16075,0.13358,0.790102,0.0703102,5.08722e-05,0.00589343
1705888428238609046,0.002,50,0.650502,3020.65,2640.92,1.14379,3.37196,0.13358,2.71563,0.0703102,0.000135885,0.0147621
1705888428238609046,0.003,33.3333,0.448161,6717.78,2640.92,2.54373,5.40431,0.13358,5.00482,0.0703102,0.000188139,0.0194394
1705888428238609046,0.005,20,0.267559,18332.1,2640.92,6.94156,10.8792,0.13358,9.85257,0.0703102,0.000270646,0.0254
1705888428238609046,0.01,10,0.132107,71786.1,2640.92,27.1823,32.0608,0.13358,22.2956,0.0703102,0.000431038,0.0359057
1705888428238609046,0.02,5,0.0551839,168471,2640.92,63.7927,71.7339,0.13358,47.414,0.0703102,0.000708512,0.0482047
1705888428238609046,0.03,3.33333,0.0384615,255626,2640.92,96.7944,109.617,0.13358,72.5705,0.0703102,0.000947434,0.0563598
1705888428238609046,0.04,2.5,0.0234114,342270,2640.92,129.603,146.908,0.13358,97.7368,0.0703102,0.0011725,0.0617516
1705888428338442022,0.0005,200,0.99734,107.086,3657.82,0.0292758,0.68941,0.00586181,0.314343,0.108845,0.000609283,0.044612
1705888428338442022,0.001,100,0.929521,406.174,3657.82,0.111042,2.30932,0.00586181,1.22593,0.108845,0.00187101,0.0917119
1705888428338442022,0.002,50,0.558511,1201.52,3657.82,0.328479,5.55051,0.00586181,4.11334,0.108845,0.00354329,0.12833
1705888428338442022,0.003,33.3333,0.382979,2009.09,3657.82,0.549258,8.50749,0.00586181,7.44773,0.108845,0.00458297,0.150422
1705888428338442022,0.005,20,0.232713,3741.35,3657.82,1.02284,15.3029,0.00586181,14.4096,0.108845,0.00604235,0.196456
1705888428338442022,0.01,10,0.107713,8596.65,3657.82,2.35021,33.3716,0.00586181,32.1666,0.108845,0.00839039,0.275019
1705888428338442022,0.02,5,0.0398936,18710.9,3657.82,5.1153,68.6567,0.00586181,67.9206,0.108845,0.0125535,0.383229
1705888428338442022,0.03,3.33333,0.0305851,28948.7,3657.82,7.91418,102.35,0.00586181,103.715,0.108845,0.0166097,0.476719
1705888428338442022,0.04,2.5,0.0239362,39374.1,3657.82,10.7644,136.208,0.00586181,139.519,0.108845,0.0204551,0.564541
1705888428438285112,0.0005,200,0.996917,248.428,5191.37,0.047854,0.665981,0.137905,0.516153,0.976517,4.77926e-06,0.00100863
1705888428438285112,0.001,100,0.894142,865.188,5191.37,0.166659,2.4371,0.137905,1.97899,0.976517,1.37873e-05,0.0037696
1705888428438285112,0.002,50,0.520041,2380.11,5191.37,0.458475,6.49929,0.137905,6.32845,0.976517,3.615e-05,0.00984812
1705888428438285112,0.003,33.3333,0.353546,4110.09,5191.37,0.791715,11.0568,0.137905,11.2158,0.976517,5.88458e-05,0.0164205
1705888428438285112,0.005,20,0.202467,8054.4,5191.37,1.5515,19.466,0.137905,21.3341,0.976517,9.64328e-05,0.0275544
1705888428438285112,0.01,10,0.101747,19753.3,5191.37,3.80502,43.098,0.137905,47.0491,0.976517,0.000176547,0.0529325
1705888428438285112,0.02,5,0.0483042,44638.5,5191.37,8.59859,85.5766,0.137905,98.7269,0.976517,0.000252359,0.0841574
1705888428438285112,0.03,3.33333,0.0308325,69935.6,5191.37,13.4715,126.505,0.137905,150.463,0.976517,0.000331272,0.105659
1705888428438285112,0.04,2.5,0.0184995,95826,5191.37,18.4587,167.734,0.137905,202.214,0.976517,0.000446967,0.12182
1705888428538130617,0.0005,200,0.99584,596.075,7543.22,0.0790212,1.36803,8.96022,0.721634,1.54354,1.10546e-06,0.00016881
1705888428538130617,0.001,100,0.854409,2107.08,7543.22,0.279335,4.08391,8.96022,2.752,1.54354,2.95317e-06,0.000506224
1705888428538130617,0.002,50,0.519135,6042.12,7543.22,0.800999,10.6411,8.96022,8.50551,1.54354,7.81361e-06,0.00131053
1705888428538130617,0.003,33.3333,0.351082,10575.3,7543.22,1.40196,17.9446,8.96022,14.8898,1.54354,1.3498e-05,0.00219432
1705888428538130617,0.005,20,0.214642,20672.7,7543.22,2.74056,31.9651,8.96022,28.067,1.54354,2.41848e-05,0.00386447
1705888428538130617,0.01,10,0.112313,48017.6,7543.22,6.36566,64.0074,8.96022,61.4967,1.54354,4.82145e-05,0.00752594
1705888428538130617,0.02,5,0.0507488,106430,7543.22,14.1094,124.975,8.96022,128.676,1.54354,8.93499e-05,0.0138993
1705888428538130617,0.03,3.33333,0.0357737,168664,7543.22,22.3597,187.974,8.96022,195.926,1.54354,0.00012819,0.0198875
1705888428538130617,0.04,2.5,0.0274542,232273,7543.22,30.7923,250.624,8.96022,263.19,1.54354,0.00016374,0.0253054
1705888428637964483,0.0005,200,0.998457,606.326,8362.76,0.0725031,2.06309,6.98033,0.722272,1.5518,1.48425e-06,0.000231652
1705888428637964483,0.001,100,0.864198,2096.48,8362.76,0.250693,5.82549,6.98033,2.77644,1.5518,4.30531e-06,0.000649903
1705888428637964483,0.002,50,0.537809,6171.64,8362.76,0.737991,12.4062,6.98033,8.69206,1.5518,8.62607e-06,0.00138588
1705888428637964483,0.003,33.3333,0.372685,10763.9,8362.76,1.28712,19.1321,6.98033,15.2736,1.5518,1.24727e-05,0.00213569
1705888428637964483,0.005,20,0.231481,20885.8,8362.76,2.49747,33.7956,6.98033,28.9129,1.5518,2.06636e-05,0.00373046
1705888428637964483,0.01,10,0.11034,46824.9,8362.76,5.59922,71.8525,6.98033,63.595,1.5518,4.15973e-05,0.00763158
1705888428637964483,0.02,5,0.0578704,104254,8362.76,12.4664,147.511,6.98033,133.308,1.5518,7.80643e-05,0.0144267
1705888428637964483,0.03,3.33333,0.0385802,169209,8362.76,20.2336,222.888,6.98033,203.102,1.5518,0.000107479,0.0200198
1705888428637964483,0.04,2.5,0.025463,236871,8362.76,28.3245,296.497,6.98033,272.919,1.5518,0.000130505,0.024602
1705888428738605686,0.0005,200,0.997853,760.377,8961.28,0.0848513,2.23678,1.13991,0.825927,1.30992,2.42635e-06,0.000385678
1705888428738605686,0.001,100,0.85111,2820.47,8961.28,0.314739,7.88395,1.13991,3.16947,1.30992,8.38915e-06,0.00135493
1705888428738605686,0.002,50,0.511095,8137.35,8961.28,0.908056,22.3219,1.13991,9.85156,1.30992,2.21575e-05,0.00380683
1705888428738605686,0.003,33.3333,0.341446,14215.8,8961.28,1.58636,37.8735,1.13991,17.2548,1.30992,3.65323e-05,0.00637628
1705888428738605686,0.005,20,0.211167,27778,8961.28,3.09978,69.0441,1.13991,32.5212,1.30992,6.34796e-05,0.0112882
1705888428738605686,0.01,10,0.120974,64824.5,8961.28,7.23384,149.418,1.13991,71.2039,1.30992,0.000125942,0.0224943
1705888428738605686,0.02,5,0.0687187,142662,8961.28,15.9198,308.103,1.13991,148.926,1.30992,0.000224673,0.0398951
1705888428738605686,0.03,3.33333,0.0479599,227596,8961.28,25.3977,470.487,1.13991,226.743,1.30992,0.000298605,0.0531217
1705888428738605686,0.04,2.5,0.0350752,315565,8961.28,35.2143,630.832,1.13991,304.587,1.30992,0.000352864,0.0629579
1705888428838441299,0.0005,200,0.997859,652.495,8822.94,0.0739543,1.81958,1.62987,0.749439,1.44624,3.28032e-06,0.000569039
1705888428838441299,0.001,100,0.870807,2460.63,8822.94,0.27889,4.74379,1.62987,2.86521,1.44624,8.99905e-06,0.00145547
1705888428838441299,0.002,50,0.560314,8037.41,8822.94,0.910967,13.3165,1.62987,8.97045,1.44624,2.63818e-05,0.00396207
1705888428838441299,0.003,33.3333,0.390435,14794.1,8822.94,1.67677,23.3101,1.62987,15.8314,1.44624,4.62805e-05,0.00673609
1705888428838441299,0.005,20,0.231977,30240.8,8822.94,3.42751,46.0073,1.62987,30.0776,1.44624,8.56382e-05,0.0126437
1705888428838441299,0.01,10,0.127766,76584.6,8822.94,8.68017,99.1505,1.62987,66.2908,1.44624,0.000163747,0.0238011
1705888428838441299,0.02,5,0.0620985,175388,8822.94,19.8786,200.457,1.62987,139.148,1.44624,0.000280698,0.0375346
1705888428838441299,0.03,3.33333,0.0392577,276242,8822.94,31.3095,307.675,1.62987,212.11,1.44624,0.000374857,0.0471062
1705888428838441299,0.04,2.5,0.0271235,381169,8822.94,43.202,417.107,1.62987,285.098,1.44624,0.00045838,0.0538328
1705888428938277792,0.0005,200,0.996016,748.775,10017.9,0.0747434,3.95831,3.7607,0.920474,2.0028,1.88586e-06,0.000330941
1705888428938277792,0.001,100,0.84595,2691.27,10017.9,0.268646,12.6416,3.7607,3.50937,2.0028,6.12124e-06,0.00105312
1705888428938277792,0.002,50,0.50996,8058.7,10017.9,0.804427,27.0037,3.7607,10.8372,2.0028,1.3171e-05,0.00223178
1705888428938277792,0.003,33.3333,0.341301,14438.3,10017.9,1.44124,40.3425,3.7607,18.9437,2.0028,1.95124e-05,0.00331033
1705888428938277792,0.005,20,0.211155,28984.7,10017.9,2.89328,68.2847,3.7607,35.6474,2.0028,3.21708e-05,0.0055233
1705888428938277792,0.01,10,0.11421,73890.4,10017.9,7.37581,139.696,3.7607,77.9847,2.0028,6.23666e-05,0.0108041
1705888428938277792,0.02,5,0.0571049,172134,10017.9,17.1826,278.59,3.7607,163.07,2.0028,0.000112414,0.0196354
1705888428938277792,0.03,3.33333,0.0378486,274464,10017.9,27.3972,423.317,3.7607,248.249,2.0028,0.000156684,0.0273069
1705888428938277792,0.04,2.5,0.0292165,383925,10017.9,38.3237,568.448,3.7607,333.45,2.0028,0.000193509,0.0336453
1705888429038123660,0.0005,200,0.998154,1005.51,12121.1,0.0829559,0.661546,8.67313,1.01666,4.11765,4.5817e-07,5.09468e-05
1705888429038123660,0.001,100,0.833231,3713.34,12121.1,0.306354,1.60257,8.67313,3.8757,4.11765,1.31011e-06,0.000115832
1705888429038123660,0.002,50,0.511385,11417.9,12121.1,0.941984,2.494,8.67313,11.8673,4.11765,2.40758e-06,0.0001719
1705888429038123660,0.003,33.3333,0.355692,20893.3,12121.1,1.72372,7.52959,8.67313,20.6599,4.11765,4.78674e-06,0.000595429
1705888429038123660,0.005,20,0.219692,43328.7,12121.1,3.57466,16.2014,8.67313,38.8096,4.11765,9.88353e-06,0.00125279
1705888429038123660,0.01,10,0.110769,103466,12121.1,8.53607,41.2111,8.67313,84.8683,4.11765,2.14865e-05,0.00306666
1705888429038123660,0.02,5,0.0516923,233350,12121.1,19.2516,87.9759,8.67313,177.433,4.11765,4.21685e-05,0.00586839
1705888429038123660,0.03,3.33333,0.0338462,373679,12121.1,30.8289,134.727,8.67313,270.094,4.11765,6.07397e-05,0.00807503
1705888429038123660,0.04,2.5,0.0270769,523709,12121.1,43.2065,186.119,8.67313,362.779,4.11765,7.86503e-05,0.0100661
1705888429137972094,0.0005,200,0.996968,932.37,13212.4,0.0705677,2.34075,0.812529,1.16766,3.81018,2.58307e-05,0.00445592
1705888429137972094,0.001,100,0.801698,3364.47,13212.4,0.254645,6.16887,0.812529,4.40349,3.81018,7.00191e-05,0.0113414
1705888429137972094,0.002,50,0.4906,9482.16,13212.4,0.71767,15.1738,0.812529,13.1827,3.81018,0.000137383,0.025555
1705888429137972094,0.003,33.3333,0.320194,16136.7,13212.4,1.22133,25.1923,0.812529,22.776,3.81018,0.000198276,0.0375691
1705888429137972094,0.005,20,0.200121,31249.5,13212.4,2.36516,43.2107,0.812529,42.4739,3.81018,0.00025305,0.0514818
1705888429137972094,0.01,10,0.10188,73179.2,13212.4,5.53867,82.294,0.812529,92.3458,3.81018,0.000293178,0.0655589
1705888429137972094,0.02,5,0.0527592,171820,13212.4,13.0045,156.215,0.812529,192.497,3.81018,0.000254438,0.0790935
1705888429137972094,0.03,3.33333,0.0400243,281223,13212.4,21.2848,227.653,0.812529,292.738,3.81018,0.000246598,0.0924988
1705888429137972094,0.04,2.5,0.0278957,398651,13212.4,30.1725,300.263,0.812529,393.004,3.81018,0.000280637,0.104693
1705888429238597663,0.0005,200,0.996183,1373.04,14434,0.095125,1.57831,0.892879,1.02814,4.0033,5.09863e-06,0.000767107
1705888429238597663,0.001,100,0.830789,5079.16,14434,0.351888,5.37095,0.892879,3.88789,4.0033,1.57325e-05,0.00256997
1705888429238597663,0.002,50,0.508906,16145.8,14434,1.11859,12.9729,0.892879,11.7844,4.0033,3.17487e-05,0.00587614
1705888429238597663,0.003,33.3333,0.346056,29727.8,14434,2.05956,18.9147,0.892879,20.4979,4.0033,4.05842e-05,0.00799254
1705888429238597663,0.005,20,0.193384,61875.9,14434,4.28681,29.0906,0.892879,38.4746,4.0033,5.16847e-05,0.010659
1705888429238597663,0.01,10,0.0928753,155507,14434,10.7737,56.913,0.892879,84.0435,4.0033,6.66104e-05,0.0157451
1705888429238597663,0.02,5,0.0534351,369891,14434,25.6263,106.427,0.892879,175.538,4.0033,7.00172e-05,0.0211774
1705888429238597663,0.03,3.33333,0.0381679,624725,14434,43.2814,161.972,0.892879,267.112,4.0033,7.04271e-05,0.0260991
1705888429238597663,0.04,2.5,0.028626,898098,14434,62.2209,214.844,0.892879,358.71,4.0033,6.94917e-05,0.0295171
1705888429338428937,0.0005,200,0.993919,1866.55,17650.6,0.10575,1.75187,1.07485,1.15862,5.85706,1.03423e-06,0.000140279
1705888429338428937,0.001,100,0.783108,6947.9,17650.6,0.393636,7.41474,1.07485,4.30256,5.85706,3.55718e-06,0.00060872
1705888429338428937,0.002,50,0.462162,21883.8,17650.6,1.23984,24.0486,1.07485,12.6396,5.85706,9.72257e-06,0.00197358
1705888429338428937,0.003,33.3333,0.330405,39591.4,17650.6,2.24307,40.0622,1.07485,21.6272,5.85706,1.59428e-05,0.0032204
1705888429338428937,0.005,20,0.210811,79277.5,17650.6,4.4915,71.9583,1.07485,40.051,5.85706,2.72271e-05,0.00552957
1705888429338428937,0.01,10,0.112838,199056,17650.6,11.2776,131.194,1.07485,86.6877,5.85706,4.41136e-05,0.00891681
1705888429338428937,0.02,5,0.0533784,461897,17650.6,26.169,246.725,1.07485,180.372,5.85706,7.01943e-05,0.0134794
1705888429338428937,0.03,3.33333,0.0358108,732654,17650.6,41.5088,368.239,1.07485,274.148,5.85706,9.3228e-05,0.0168727
1705888429338428937,0.04,2.5,0.027027,1.01395e+06,17650.6,57.4458,495.775,1.07485,367.943,5.85706,0.000115515,0.0194763
1705888429438259597,0.0005,200,0.989494,1982.71,18436.1,0.107545,1.48498,18.1073,1.16324,6.13329,3.52398e-07,6.3372e-05
1705888429438259597,0.001,100,0.792515,7369.01,18436.1,0.399705,5.80591,18.1073,4.3283,6.13329,1.11222e-06,0.000251809
1705888429438259597,0.002,50,0.466185,23129.9,18436.1,1.25459,18.0218,18.1073,12.7953,6.13329,3.35866e-06,0.000778421
1705888429438259597,0.003,33.3333,0.321733,42170,18436.1,2.28735,26.5999,18.1073,21.9626,6.13329,5.11256e-06,0.00113268
1705888429438259597,0.005,20,0.209455,86361.3,18436.1,4.68435,35.883,18.1073,40.7397,6.13329,7.35763e-06,0.00147478
1705888429438259597,0.01,10,0.114248,217928,18436.1,11.8207,66.7921,18.1073,88.2417,6.13329,1.32044e-05,0.00254546
1705888429438259597,0.02,5,0.0636901,519616,18436.1,28.1846,124.235,18.1073,183.632,6.13329,2.35932e-05,0.00408367
1705888429438259597,0.03,3.33333,0.0426789,864021,18436.1,46.8656,180.16,18.1073,279.117,6.13329,3.24787e-05,0.00518677
1705888429438259597,0.04,2.5,0.0334865,1.24367e+06,18436.1,67.4584,236.021,18.1073,374.628,6.13329,4.12122e-05,0.0060488
1705888429538106121,0.0005,200,0.989655,2267.38,18822,0.120464,3.9526,2.71861,1.06047,5.58842,3.10381e-06,0.000512117
1705888429538106121,0.001,100,0.807586,8516.13,18822,0.452455,11.4909,2.71861,3.89252,5.58842,8.76274e-06,0.00147844
1705888429538106121,0.002,50,0.524828,27940.5,18822,1.48446,26.1072,2.71861,11.3896,5.58842,1.89917e-05,0.00328758
1705888429538106121,0.003,33.3333,0.381379,51592,18822,2.74104,40.8136,2.71861,19.5501,5.58842,2.85447e-05,0.00501411
1705888429538106121,0.005,20,0.248966,107802,18822,5.72744,70.5237,2.71861,36.3804,5.58842,4.59049e-05,0.00818589
1705888429538106121,0.01,10,0.113103,274324,18822,14.5746,138.737,2.71861,79.1563,5.58842,7.79654e-05,0.0137403
1705888429538106121,0.02,5,0.0586207,669176,18822,35.5528,279.87,2.71861,165.121,5.58842,0.000117518,0.0202872
1705888429538106121,0.03,3.33333,0.0427586,1.06281e+06,18822,56.4661,414.076,2.71861,251.179,5.58842,0.000134152,0.02305
1705888429538106121,0.04,2.5,0.0317241,1.47255e+06,18822,78.2354,551.756,2.71861,337.265,5.58842,0.00014448,0.024599
1705888429637943048,0.0005,200,0.995655,2755.51,19319.3,0.14263,3.9327,1.70986,1.11767,5.09321,2.07153e-05,0.00218505
1705888429637943048,0.001,100,0.810677,9943.25,19319.3,0.51468,13.0806,1.70986,4.18644,5.09321,6.65574e-05,0.00700268
1705888429637943048,0.002,50,0.494103,29848.8,19319.3,1.54503,32.487,1.70986,12.5377,5.09321,0.000144201,0.0159627
1705888429637943048,0.003,33.3333,0.33892,52719,19319.3,2.72883,56.0515,1.70986,21.6864,5.09321,0.000221099,0.0249371
1705888429637943048,0.005,20,0.212291,102010,19319.3,5.28023,98.705,1.70986,40.5039,5.09321,0.000342769,0.0361062
1705888429637943048,0.01,10,0.109249,238150,19319.3,12.3271,198.268,1.70986,88.1787,5.09321,0.000593788,0.0476819
1705888429637943048,0.02,5,0.062694,532541,19319.3,27.5652,397.197,1.70986,183.931,5.09321,0.00101762,0.0561389
1705888429637943048,0.03,3.33333,0.0403476,851014,19319.3,44.05,595.567,1.70986,279.785,5.09321,0.00133965,0.0596333
1705888429637943048,0.04,2.5,0.0316574,1.17671e+06,19319.3,60.9085,796.558,1.70986,375.666,5.09321,0.00157075,0.0623906
1705888429738592187,0.0005,200,0.984412,2911.58,18879.9,0.154216,5.85527,2.31404,1.40956,4.91518,8.19117e-06,0.00160985
1705888429738592187,0.001,100,0.765588,10648,18879.9,0.563987,18.2986,2.31404,5.13147,4.91518,2.50084e-05,0.00492167
1705888429738592187,0.002,50,0.470024,32398.4,18879.9,1.71603,41.5875,2.31404,14.8027,4.91518,5.29849e-05,0.0104944
1705888429738592187,0.003,33.3333,0.339329,59394.9,18879.9,3.14593,64.3908,2.31404,25.1933,4.91518,7.76117e-05,0.015099
1705888429738592187,0.005,20,0.218825,121269,18879.9,6.4232,108.359,2.31404,46.4745,4.91518,0.000118462,0.0220327
1705888429738592187,0.01,10,0.116906,299480,18879.9,15.8624,220.123,2.31404,100.312,4.91518,0.000182433,0.0328506
1705888429738592187,0.02,5,0.0707434,707565,18879.9,37.4771,442.229,2.31404,208.403,4.91518,0.000241835,0.0430839
1705888429738592187,0.03,3.33333,0.0491607,1.13408e+06,18879.9,60.0682,658.525,2.31404,316.603,4.91518,0.000287587,0.0476932
1705888429738592187,0.04,2.5,0.0389688,1.57482e+06,18879.9,83.4122,879.074,2.31404,424.835,4.91518,0.000336993,0.0506095
1705888429838435186,0.0005,200,0.985637,2805.87,18755.6,0.149602,5.97682,0.473711,1.39253,5.20154,1.35315e-05,0.0024557
1705888429838435186,0.001,100,0.773788,10091.2,18755.6,0.538037,15.512,0.473711,5.09044,5.20154,3.6791e-05,0.00604525
1705888429838435186,0.002,50,0.466188,30276.6,18755.6,1.61427,24.7418,0.473711,14.7719,5.20154,6.62503e-05,0.00855079
1705888429838435186,0.003,33.3333,0.317175,53109.9,18755.6,2.83168,37.0164,0.473711,25.2198,5.20154,0.000101283,0.0113727
1705888429838435186,0.005,20,0.201077,101687,18755.6,5.42167,66.4266,0.473711,46.5978,5.20154,0.000161886,0.0167235
1705888429838435186,0.01,10,0.108917,236869,18755.6,12.6292,148.566,0.473711,100.625,5.20154,0.000316938,0.0248786
1705888429838435186,0.02,5,0.0658288,533501,18755.6,28.4449,305.429,0.473711,209.068,5.20154,0.000578436,0.0299133
1705888429838435186,0.03,3.33333,0.0478755,865664,18755.6,46.155,458.073,0.473711,317.614,5.20154,0.000802948,0.031461
1705888429838435186,0.04,2.5,0.0353082,1.22993e+06,18755.6,65.5768,611.677,0.473711,426.193,5.20154,0.000987913,0.0321793
1705888429938279616,0.0005,200,0.985637,2625.39,18354.6,0.143037,5.54697,2.00812,1.36841,4.68503,1.62596e-05,0.00292788
1705888429938279616,0.001,100,0.774985,9513.06,18354.6,0.518294,16.5137,2.00812,5.01256,4.68503,4.47942e-05,0.00843768
1705888429938279616,0.002,50,0.478157,27649.3,18354.6,1.5064,42.7832,2.00812,14.533,4.68503,0.000102738,0.0200655
1705888429938279616,0.003,33.3333,0.338719,47994.8,18354.6,2.61487,63.8149,2.00812,24.7939,4.68503,0.000135698,0.0271687
1705888429938279616,0.005,20,0.217235,91755.6,18354.6,4.99906,103.537,2.00812,45.8412,4.68503,0.000178982,0.036809
1705888429938279616,0.01,10,0.103531,211320,18354.6,11.5132,202.109,2.00812,99.1571,4.68503,0.000233989,0.0502295
1705888429938279616,0.02,5,0.048474,460945,18354.6,25.1134,399.639,2.00812,206.247,4.68503,0.000275063,0.0612338
1705888429938279616,0.03,3.33333,0.0353082,721318,18354.6,39.2991,596.023,2.00812,313.43,4.68503,0.000295966,0.0651957
1705888429938279616,0.04,2.5,0.02693,990508,18354.6,53.9652,785.301,2.00812,420.637,4.68503,0.000329009,0.0667269
1705888430038108873,0.0005,200,0.992366,4059.68,20541.7,0.197631,2.55966,8.13314,1.42125,5.04407,8.24222e-07,0.000111956
1705888430038108873,0.001,100,0.759836,15072.9,20541.7,0.733769,9.07775,8.13314,5.22734,5.04407,2.90501e-06,0.000394641
1705888430038108873,0.002,50,0.472108,49716.9,20541.7,2.4203,22.9141,8.13314,15.1032,5.04407,7.01179e-06,0.000983973
1705888430038108873,0.003,33.3333,0.325895,97137.3,20541.7,4.72879,39.0834,8.13314,25.749,5.04407,1.18798e-05,0.00164124
1705888430038108873,0.005,20,0.197886,221808,20541.7,10.7979,69.0055,8.13314,47.5733,5.04407,2.01111e-05,0.00277437
1705888430038108873,0.01,10,0.106283,700866,20541.7,34.1192,131.272,8.13314,102.748,5.04407,3.62915e-05,0.00462216
1705888430038108873,0.02,5,0.0616559,2.35886e+06,20541.7,114.833,215.803,8.13314,213.502,5.04407,6.0232e-05,0.00628841
1705888430038108873,0.03,3.33333,0.0416911,3.91295e+06,20541.7,190.488,309.08,8.13314,324.359,5.04407,8.48992e-05,0.00796397
1705888430038108873,0.04,2.5,0.0317087,5.41093e+06,20541.7,263.412,409.185,8.13314,435.245,5.04407,0.00010987,0.0094533
1705888430137953705,0.0005,200,0.986739,2947.39,21432.8,0.137518,3.79249,15.4364,1.39791,5.76853,1.09474e-06,0.00018335
1705888430137953705,0.001,100,0.764316,10774.6,21432.8,0.502714,12.9967,15.4364,5.11996,5.76853,3.58888e-06,0.00062921
1705888430137953705,0.002,50,0.468354,31963.2,21432.8,1.49132,35.1449,15.4364,14.786,5.76853,9.03158e-06,0.0016963
1705888430137953705,0.003,33.3333,0.3261,56792.3,21432.8,2.64978,57.5871,15.4364,25.1714,5.76853,1.45372e-05,0.00275151
1705888430137953705,0.005,20,0.211573,111752,21432.8,5.21404,97.1371,15.4364,46.4277,5.76853,2.39366e-05,0.00453519
1705888430137953705,0.01,10,0.118143,269701,21432.8,12.5836,195.69,15.4364,100.189,5.76853,4.52689e-05,0.00855717
1705888430137953705,0.02,5,0.0638939,638019,21432.8,29.7683,381.421,15.4364,208.167,5.76853,7.82159e-05,0.0146596
1705888430137953705,0.03,3.33333,0.0421941,1.04323e+06,21432.8,48.6743,579.974,15.4364,316.248,5.76853,0.000105521,0.0197434
1705888430137953705,0.04,2.5,0.0325497,1.47464e+06,21432.8,68.8031,779.169,15.4364,424.356,5.76853,0.000127224,0.0237445
1705888430238583622,0.0005,200,0.990898,3146.42,21721.3,0.144855,5.45442,15.7668,1.36514,5.02324,1.3447e-06,0.000238502
1705888430238583622,0.001,100,0.764563,11586,21721.3,0.533393,17.4232,15.7668,5.03218,5.02324,4.37605e-06,0.000756587
1705888430238583622,0.002,50,0.463592,37062.8,21721.3,1.70629,45.3743,15.7668,14.5769,5.02324,1.13542e-05,0.00194137
1705888430238583622,0.003,33.3333,0.339806,69542.1,21721.3,3.20157,73.9553,15.7668,24.8072,5.02324,1.802e-05,0.00311167
1705888430238583622,0.005,20,0.216019,152610,21721.3,7.02583,136.142,15.7668,45.7694,5.02324,3.16534e-05,0.00546821
1705888430238583622,0.01,10,0.117112,365669,21721.3,16.8346,279.151,15.7668,98.8274,5.02324,5.9782e-05,0.0100785
1705888430238583622,0.02,5,0.0631068,839998,21721.3,38.6717,563.035,15.7668,205.377,5.02324,0.000101652,0.0167866
1705888430238583622,0.03,3.33333,0.0442961,1.38665e+06,21721.3,63.8384,850.789,15.7668,312.036,5.02324,0.000131727,0.0211167
1705888430238583622,0.04,2.5,0.0351942,2.00168e+06,21721.3,92.1528,1137.93,15.7668,418.726,5.02324,0.000152965,0.0237822
1705888430338427106,0.0005,200,0.990184,5232.07,23255.3,0.224984,7.93049,22.7136,1.36045,5.48045,1.35763e-06,0.000276772
1705888430338427106,0.001,100,0.765644,20047.4,23255.3,0.862057,26.1768,22.7136,5.02148,5.48045,4.29501e-06,0.000912977
1705888430338427106,0.002,50,0.46319,64948.7,23255.3,2.79286,63.8752,22.7136,14.5594,5.48045,9.89145e-06,0.00220254
1705888430338427106,0.003,33.3333,0.323926,105486,23255.3,4.53601,97.2906,22.7136,24.7961,5.48045,1.46587e-05,0.00331232
1705888430338427106,0.005,20,0.204294,192945,23255.3,8.29683,165.511,22.7136,45.7674,5.48045,2.3591e-05,0.00546879
1705888430338427106,0.01,10,0.101227,434999,23255.3,18.7054,323.627,22.7136,98.8425,5.48045,4.14114e-05,0.00987433
1705888430338427106,0.02,5,0.0539877,974597,23255.3,41.9086,637.213,22.7136,205.398,5.48045,6.86845e-05,0.016701
1705888430338427106,0.03,3.33333,0.0392638,1.5673e+06,23255.3,67.3952,953.31,22.7136,312.036,5.48045,8.79245e-05,0.0217533
1705888430338427106,0.04,2.5,0.0306748,2.21641e+06,23255.3,95.3077,1270.36,22.7136,418.697,5.48045,0.000100279,0.0254454
1705888430438257216,0.0005,200,0.989776,3617.22,23939.5,0.151098,5.61845,2.16137,1.48514,6.3102,2.42465e-05,0.00457042
1705888430438257216,0.001,100,0.713099,13318.7,23939.5,0.556346,21.616,2.16137,5.45249,6.3102,8.46064e-05,0.0157716
1705888430438257216,0.002,50,0.417252,39367.2,23939.5,1.64444,52.3277,2.16137,15.5269,6.3102,0.000159727,0.0293093
1705888430438257216,0.003,33.3333,0.296486,70774,23939.5,2.95636,85.223,2.16137,26.2161,6.3102,0.000223615,0.0373479
1705888430438257216,0.005,20,0.196166,142823,23939.5,5.96597,153.241,2.16137,48.0095,6.3102,0.000308356,0.0452017
1705888430438257216,0.01,10,0.104792,328588,23939.5,13.7258,305.119,2.16137,103.041,6.3102,0.000458612,0.0510039
1705888430438257216,0.02,5,0.0523962,758689,23939.5,31.6919,599.3,2.16137,213.484,6.3102,0.000680301,0.052122
1705888430438257216,0.03,3.33333,0.0376997,1.24921e+06,23939.5,52.1818,888.551,2.16137,324.008,6.3102,0.000860955,0.0517062
1705888430438257216,0.04,2.5,0.0300319,1.74944e+06,23939.5,73.0774,1176.23,2.16137,434.551,6.3102,0.00105019,0.0520365
1705888430538087019,0.0005,200,0.989382,3161.48,24764.2,0.127664,6.3547,18.6068,1.428,5.77774,1.53878e-06,0.000283198
1705888430538087019,0.001,100,0.730793,11583.8,24764.2,0.467765,21.5271,18.6068,5.28638,5.77774,5.30984e-06,0.000954496
1705888430538087019,0.002,50,0.432854,34928.9,24764.2,1.41046,53.0392,18.6068,15.2112,5.77774,1.29646e-05,0.00233228
1705888430538087019,0.003,33.3333,0.315428,60912.2,24764.2,2.45969,84.754,18.6068,25.7745,5.77774,2.03214e-05,0.00369244
1705888430538087019,0.005,20,0.196127,116046,24764.2,4.68603,151.398,18.6068,47.3556,5.77774,3.53163e-05,0.00645147
1705888430538087019,0.01,10,0.109931,270572,24764.2,10.926,319.702,18.6068,101.842,5.77774,7.03609e-05,0.0127845
1705888430538087019,0.02,5,0.065584,634989,24764.2,25.6414,656.855,18.6068,211.17,5.77774,0.000126488,0.0229462
1705888430538087019,0.03,3.33333,0.0468457,1.04883e+06,24764.2,42.3528,992.561,18.6068,320.6,5.77774,0.00016946,0.0303483
1705888430538087019,0.04,2.5,0.0362274,1.51329e+06,24764.2,61.1081,1332.14,18.6068,430.058,5.77774,0.00020272,0.0357917
1705888430637931931,0.0005,200,0.985209,3296.11,24061.8,0.136985,7.97652,13.648,1.52587,5.79792,1.81476e-06,0.000319285
1705888430637931931,0.001,100,0.706752,11762.5,24061.8,0.488845,25.5486,13.648,5.56964,5.79792,5.80466e-06,0.00101954
1705888430637931931,0.002,50,0.412862,33754.8,24061.8,1.40284,62.2888,13.648,15.8037,5.79792,1.41286e-05,0.00246352
1705888430637931931,0.003,33.3333,0.285531,58703,24061.8,2.43968,97.6213,13.648,26.663,5.79792,2.20915e-05,0.00382224
1705888430637931931,0.005,20,0.184566,113331,24061.8,4.71,164.791,13.648,48.7813,5.79792,3.69028e-05,0.00630888
1705888430637931931,0.01,10,0.0938907,270628,24061.8,11.2472,330.896,13.648,104.588,5.79792,7.08927e-05,0.0118595
1705888430637931931,0.02,5,0.0565916,623202,24061.8,25.9,662.536,13.648,216.552,5.79792,0.00012931,0.0209078
1705888430637931931,0.03,3.33333,0.037299,1.02901e+06,24061.8,42.7652,998.413,13.648,328.597,5.79792,0.000178241,0.0278194
1705888430637931931,0.04,2.5,0.0257235,1.48285e+06,24061.8,61.6268,1337.4,13.648,440.668,5.79792,0.000220526,0.0330737
1705888430738575686,0.0005,200,0.990113,2718.42,21976,0.1237,8.14944,1.04181,1.41655,5.49023,6.37975e-06,0.00123324
1705888430738575686,0.001,100,0.707627,9716.83,21976,0.442156,25.9691,1.04181,5.16386,5.49023,2.0293e-05,0.00388587
1705888430738575686,0.002,50,0.403249,27681.7,21976,1.25964,62.7208,1.04181,14.6271,5.49023,4.83062e-05,0.00911613
1705888430738575686,0.003,33.3333,0.27048,47818.4,21976,2.17594,97.2383,1.04181,24.6728,5.49023,7.29508e-05,0.013717
1705888430738575686,0.005,20,0.16596,92960.2,21976,4.23008,162.593,1.04181,45.144,5.49023,0.000114833,0.0215935
1705888430738575686,0.01,10,0.0882768,220736,21976,10.0444,322.683,1.04181,96.7454,5.49023,0.000196487,0.0369786
1705888430738575686,0.02,5,0.0451977,515577,21976,23.4609,655.675,1.04181,200.254,5.49023,0.00030518,0.0575651
1705888430738575686,0.03,3.33333,0.0282486,829846,21976,37.7615,984.478,1.04181,303.836,5.49023,0.00036475,0.06916
1705888430738575686,0.04,2.5,0.0204802,1.16647e+06,21976,53.0791,1311.33,1.04181,407.435,5.49023,0.00039705,0.0758687
1705888430838426521,0.0005,200,0.992272,3226.37,25194.9,0.128056,5.6106,5.179,1.31057,5.23809,7.20664e-06,0.0014325
1705888430838426521,0.001,100,0.690881,11750.9,25194.9,0.466397,16.8062,5.179,4.81537,5.23809,2.08158e-05,0.00417302
1705888430838426521,0.002,50,0.380216,35988.7,25194.9,1.42841,39.6856,5.179,13.6758,5.23809,4.42176e-05,0.00916679
1705888430838426521,0.003,33.3333,0.265842,66098.3,25194.9,2.62348,61.6459,5.179,23.041,5.23809,6.39105e-05,0.0130766
1705888430838426521,0.005,20,0.160742,140923,25194.9,5.59332,105.689,5.179,42.0864,5.23809,9.684e-05,0.0188898
1705888430838426521,0.01,10,0.0935085,386276,25194.9,15.3315,219.912,5.179,90.0297,5.23809,0.000152083,0.0267448
1705888430838426521,0.02,5,0.0556414,844886,25194.9,33.534,440.533,5.179,186.171,5.23809,0.000238218,0.0338007
1705888430838426521,0.03,3.33333,0.0409583,1.35508e+06,25194.9,53.7838,660.974,5.179,282.383,5.23809,0.000312705,0.038279
1705888430838426521,0.04,2.5,0.0301391,1.91781e+06,25194.9,76.1187,880.241,5.179,378.618,5.23809,0.000376713,0.0422278
1705888430938262098,0.0005,200,0.994764,2711.1,28476.6,0.0952046,5.84789,0.795162,1.32619,6.00491,3.96122e-05,0.00637188
1705888430938262098,0.001,100,0.703815,9905.6,28476.6,0.347851,15.5117,0.795162,4.87356,6.00491,0.000111361,0.0158355
1705888430938262098,0.002,50,0.38893,29121.2,28476.6,1.02264,30.0805,0.795162,13.8665,6.00491,0.000210153,0.0266785
1705888430938262098,0.003,33.3333,0.275243,51781.6,28476.6,1.81839,45.5328,0.795162,23.3665,6.00491,0.000298728,0.0347272
1705888430938262098,0.005,20,0.172775,103607,28476.6,3.63833,70.8662,0.795162,42.7131,6.00491,0.000453793,0.0440024
1705888430938262098,0.01,10,0.0837696,252343,28476.6,8.86141,142.34,0.795162,91.525,6.00491,0.000709248,0.0618474
1705888430938262098,0.02,5,0.0463725,554547,28476.6,19.4738,275.848,0.795162,189.425,6.00491,0.00111131,0.0792993
1705888430938262098,0.03,3.33333,0.0336574,874473,28476.6,30.7085,412.326,0.795162,287.38,6.00491,0.00135806,0.0899358
1705888430938262098,0.04,2.5,0.0276739,1.20648e+06,28476.6,42.3675,549.415,0.795162,385.352,6.00491,0.00154719,0.0987545
1705888431038096944,0.0005,200,0.980308,3518.31,31105.8,0.113108,5.97701,1.29866,1.63591,6.04971,3.6047e-06,0.000605729
1705888431038096944,0.001,100,0.707692,12693.4,31105.8,0.408072,18.3321,1.29866,5.89392,6.04971,1.06778e-05,0.00184266
1705888431038096944,0.002,50,0.430769,36536.7,31105.8,1.1746,43.4988,1.29866,16.509,6.04971,2.51416e-05,0.00424255
1705888431038096944,0.003,33.3333,0.314462,63401.6,31105.8,2.03826,64.4015,1.29866,27.7309,6.04971,3.7109e-05,0.00608565
1705888431038096944,0.005,20,0.210462,121786,31105.8,3.91521,110.224,1.29866,50.6155,6.04971,6.00872e-05,0.00977448
1705888431038096944,0.01,10,0.112615,284746,31105.8,9.15413,227.654,1.29866,108.436,6.04971,0.000107455,0.017174
1705888431038096944,0.02,5,0.0596923,662550,31105.8,21.2999,437.193,1.29866,224.509,6.04971,0.000160696,0.0243467
1705888431038096944,0.03,3.33333,0.0412308,1.05894e+06,31105.8,34.043,662.806,1.29866,340.691,6.04971,0.000201461,0.0287952
1705888431038096944,0.04,2.5,0.0289231,1.46909e+06,31105.8,47.2287,888.442,1.29866,456.902,6.04971,0.000233613,0.0314642
1705888431137919700,0.0005,200,0.989609,3795.4,34054.2,0.111452,10.8644,0.805729,1.56247,6.96403,3.82809e-05,0.00715257
1705888431137919700,0.001,100,0.718215,13723.2,34054.2,0.402982,34.8205,0.805729,5.71776,6.96403,0.000114629,0.0211493
1705888431137919700,0.002,50,0.423594,40350,34054.2,1.18488,80.7822,0.805729,16.2647,6.96403,0.000224106,0.040626
1705888431137919700,0.003,33.3333,0.283007,69883.5,34054.2,2.05213,130.261,0.805729,27.5194,6.96403,0.000306312,0.0554307
1705888431137919700,0.005,20,0.168704,131291,34054.2,3.85537,229.529,0.805729,50.4903,6.96403,0.000420432,0.0738635
1705888431137919700,0.01,10,0.0867971,294531,34054.2,8.64888,468.846,0.805729,108.438,6.96403,0.000562725,0.0903993
1705888431137919700,0.02,5,0.0537897,661074,34054.2,19.4124,952.647,0.805729,224.649,6.96403,0.000719995,0.0945314
1705888431137919700,0.03,3.33333,0.0342298,1.05658e+06,34054.2,31.0264,1432.51,0.805729,340.946,6.96403,0.000841087,0.0917663
1705888431137919700,0.04,2.5,0.0262836,1.47427e+06,34054.2,43.2919,1910.56,0.805729,457.267,6.96403,0.000946037,0.0877888
1705888431238563362,0.0005,200,0.986774,4795.51,36042.5,0.133051,12.0803,2.32579,1.64782,6.99943,8.41487e-06,0.0018935
1705888431238563362,0.001,100,0.726279,16938.2,36042.5,0.469951,35.5398,2.32579,5.99611,6.99943,2.42035e-05,0.00544221
1705888431238563362,0.002,50,0.434733,48612.7,36042.5,1.34876,78.7918,2.32579,17.011,6.99943,5.09644e-05,0.0114306
1705888431238563362,0.003,33.3333,0.305923,82655.6,36042.5,2.29328,121.381,2.32579,28.7387,6.99943,7.47987e-05,0.0166928
1705888431238563362,0.005,20,0.190339,154111,36042.5,4.27581,211.709,2.32579,52.6869,6.99943,0.000118193,0.0262762
1705888431238563362,0.01,10,0.102933,349929,36042.5,9.70878,436.626,2.32579,113.163,6.99943,0.000190967,0.0430975
1705888431238563362,0.02,5,0.0586544,758712,36042.5,21.0505,878.555,2.32579,234.52,6.99943,0.000268271,0.0608946
1705888431238563362,0.03,3.33333,0.0442783,1.18081e+06,36042.5,32.7616,1318.52,2.32579,355.973,6.99943,0.000315332,0.0706372
1705888431238563362,0.04,2.5,0.0327775,1.62266e+06,36042.5,45.0206,1762.92,2.32579,477.456,6.99943,0.0003546,0.0767849
1705888431338413307,0.0005,200,0.992183,3916.41,35471.7,0.11041,8.08707,24.4025,1.44951,6.88771,3.87073e-06,0.000895832
1705888431338413307,0.001,100,0.741431,14400.5,35471.7,0.405973,26.1249,24.4025,5.35133,6.88771,1.19739e-05,0.00285607
1705888431338413307,0.002,50,0.444378,43043.3,35471.7,1.21346,48.2578,24.4025,15.4298,6.88771,2.26728e-05,0.00508073
1705888431338413307,0.003,33.3333,0.311485,76158.4,35471.7,2.14702,71.1819,24.4025,26.2158,6.88771,3.27791e-05,0.0072044
1705888431338413307,0.005,20,0.190018,147227,35471.7,4.15056,121.007,24.4025,48.2816,6.88771,5.17719e-05,0.011276
1705888431338413307,0.01,10,0.107035,344213,35471.7,9.70389,258.091,24.4025,103.991,6.88771,8.97217e-05,0.0195807
1705888431338413307,0.02,5,0.0631389,787848,35471.7,22.2106,533.473,24.4025,215.777,6.88771,0.000139037,0.0285598
1705888431338413307,0.03,3.33333,0.0475045,1.26785e+06,35471.7,35.7426,795.803,24.4025,327.651,6.88771,0.000177873,0.0323349
1705888431338413307,0.04,2.5,0.0396873,1.75258e+06,35471.7,49.4079,1063.1,24.4025,439.554,6.88771,0.000210836,0.0350413
1705888431438255735,0.0005,200,0.98563,3386.06,35342.7,0.0958065,8.44863,3.74008,1.50783,6.69592,1.92053e-07,3.83041e-05
1705888431438255735,0.001,100,0.712606,11978.2,35342.7,0.338915,28.6113,3.74008,5.49118,6.69592,6.13957e-07,0.000130239
1705888431438255735,0.002,50,0.418681,33417.7,35342.7,0.945535,69.5459,3.74008,15.5506,6.69592,1.49492e-06,0.000316122
1705888431438255735,0.003,33.3333,0.293926,57086.9,35342.7,1.61524,111.344,3.74008,26.2072,6.69592,2.40977e-06,0.000505135
1705888431438255735,0.005,20,0.1855,107834,35342.7,3.05111,196.147,3.74008,47.9471,6.69592,4.27041e-06,0.000886797
1705888431438255735,0.01,10,0.089484,246758,35342.7,6.98188,408.043,3.74008,102.824,6.69592,8.84067e-06,0.00183039
1705888431438255735,0.02,5,0.0529066,541653,35342.7,15.3258,827.748,3.74008,212.908,6.69592,1.76797e-05,0.00365338
1705888431438255735,0.03,3.33333,0.0385369,866545,35342.7,24.5184,1251.01,3.74008,323.061,6.69592,2.63714e-05,0.00542451
1705888431438255735,0.04,2.5,0.0306989,1.20808e+06,35342.7,34.1819,1677.2,3.74008,433.235,6.69592,3.48444e-05,0.00714112
1705888431538092528,0.0005,200,0.988364,3574.43,36308.8,0.0984452,8.32458,20.1861,1.48446,7.0809,2.80749e-06,0.000666128
1705888431538092528,0.001,100,0.672727,12665,36308.8,0.348815,26.9493,20.1861,5.43938,7.0809,8.99771e-06,0.00213276
1705888431538092528,0.002,50,0.358545,34908,36308.8,0.961418,60.5508,20.1861,15.3222,7.0809,1.95707e-05,0.00467035
1705888431538092528,0.003,33.3333,0.256727,59238.9,36308.8,1.63153,92.0766,20.1861,25.6916,7.0809,2.92586e-05,0.00690839
1705888431538092528,0.005,20,0.154182,109963,36308.8,3.02855,156.912,20.1861,46.7646,7.0809,4.75892e-05,0.0111641
1705888431538092528,0.01,10,0.0829091,245009,36308.8,6.74791,325.996,20.1861,99.8465,7.0809,8.65378e-05,0.0204809
1705888431538092528,0.02,5,0.0407273,524275,36308.8,14.4393,663.998,20.1861,206.277,7.0809,0.000138277,0.033594
1705888431538092528,0.03,3.33333,0.0276364,810741,36308.8,22.329,996.217,20.1861,312.767,7.0809,0.000169381,0.0421334
1705888431538092528,0.04,2.5,0.024,1.10601e+06,36308.8,30.4613,1331.32,20.1861,419.27,7.0809,0.000189509,0.0483127
1705888431637931891,0.0005,200,0.983806,3583.28,36595.5,0.097916,4.27743,0.546147,1.37666,6.5614,2.9104e-05,0.0045398
1705888431637931891,0.001,100,0.680162,12592.8,36595.5,0.344109,13.5516,0.546147,4.98604,6.5614,7.44114e-05,0.0129725
1705888431637931891,0.002,50,0.350607,34558.5,36595.5,0.944338,35.4957,0.546147,13.9901,6.5614,0.000151113,0.0278196
1705888431637931891,0.003,33.3333,0.245344,58698.7,36595.5,1.60399,59.2795,0.546147,23.4525,6.5614,0.000214606,0.0398109
1705888431637931891,0.005,20,0.144939,109492,36595.5,2.99194,108.329,0.546147,42.6808,6.5614,0.000308235,0.0572558
1705888431637931891,0.01,10,0.0744939,245792,36595.5,6.71646,225.887,0.546147,91.0814,6.5614,0.000400997,0.0827128
1705888431637931891,0.02,5,0.0340081,545622,36595.5,14.9095,456.936,0.546147,188.111,6.5614,0.000475809,0.112407
1705888431637931891,0.03,3.33333,0.0267206,879751,36595.5,24.0399,693.521,0.546147,285.185,6.5614,0.000520558,0.128301
1705888431637931891,0.04,2.5,0.0226721,1.24694e+06,36595.5,34.0737,939.966,0.546147,382.27,6.5614,0.000578657,0.137951
1705888431738569671,0.0005,200,0.989501,3120.79,40508.1,0.0770411,4.89046,2.65078,1.11072,6.37672,5.47552e-06,0.00111187
1705888431738569671,0.001,100,0.713911,11271.8,40508.1,0.27826,16.6998,2.65078,4.08452,6.37672,1.79517e-05,0.00370615
1705888431738569671,0.002,50,0.386702,31642.5,40508.1,0.78114,43.7202,2.65078,11.7284,6.37672,4.6851e-05,0.00911671
1705888431738569671,0.003,33.3333,0.250219,53177.4,40508.1,1.31276,67.4347,2.65078,19.8488,6.37672,7.00571e-05,0.0132691
1705888431738569671,0.005,20,0.154856,99654.2,40508.1,2.4601,112.228,2.65078,36.3747,6.37672,0.000107974,0.0198079
1705888431738569671,0.01,10,0.0708661,230213,40508.1,5.68312,225.184,2.65078,78.0345,6.37672,0.000175247,0.0309589
1705888431738569671,0.02,5,0.0341207,523932,40508.1,12.934,448.713,2.65078,161.574,6.37672,0.00025121,0.0412131
1705888431738569671,0.03,3.33333,0.0244969,840158,40508.1,20.7405,676.407,2.65078,245.16,6.37672,0.000305137,0.0462767
1705888431738569671,0.04,2.5,0.0201225,1.17726e+06,40508.1,29.0623,906.638,2.65078,328.756,6.37672,0.000352653,0.0493838
1705888431838420547,0.0005,200,0.99322,3122.94,38277.4,0.0815871,1.93949,11.7212,1.12259,5.8062,9.88582e-07,0.000137795
1705888431838420547,0.001,100,0.710169,11250,38277.4,0.293908,4.2747,11.7212,4.15861,5.8062,2.18327e-06,0.000297312
1705888431838420547,0.002,50,0.405932,31489.1,38277.4,0.822655,9.53121,11.7212,11.8905,5.8062,6.16581e-06,0.000628136
1705888431838420547,0.003,33.3333,0.283051,53642.4,38277.4,1.40141,17.17,11.7212,20.0871,5.8062,1.01248e-05,0.00114268
1705888431838420547,0.005,20,0.179661,101718,38277.4,2.6574,28.0133,11.7212,36.7924,5.8062,1.73548e-05,0.00179106
1705888431838420547,0.01,10,0.0966102,238171,38277.4,6.22225,48.2273,11.7212,78.9284,5.8062,3.37043e-05,0.00272521
1705888431838420547,0.02,5,0.0533898,538243,38277.4,14.0616,84.8954,11.7212,163.456,5.8062,6.47604e-05,0.00374388
1705888431838420547,0.03,3.33333,0.0355932,863612,38277.4,22.5619,131.429,11.7212,248.054,5.8062,9.49157e-05,0.00486129
1705888431838420547,0.04,2.5,0.0254237,1.20744e+06,38277.4,31.5445,174.391,11.7212,332.67,5.8062,0.000121295,0.00549405
1705888431938251772,0.0005,200,0.992105,3095.31,38429.2,0.0805458,3.94778,4.65532,1.06047,6.32112,1.15948e-05,0.00161551
1705888431938251772,0.001,100,0.727193,11016.2,38429.2,0.286663,11.3639,4.65532,3.89171,6.32112,3.29143e-05,0.00440831
1705888431938251772,0.002,50,0.441228,31082.1,38429.2,0.808814,31.0498,4.65532,11.0893,6.32112,7.4235e-05,0.0108606
1705888431938251772,0.003,33.3333,0.307018,53565.8,38429.2,1.39388,50.3627,4.65532,18.7424,6.32112,0.000108492,0.0157754
1705888431938251772,0.005,20,0.195614,103494,38429.2,2.69311,83.7682,4.65532,34.3685,6.32112,0.000159233,0.0213529
1705888431938251772,0.01,10,0.102632,247651,38429.2,6.44435,163.632,4.65532,73.8332,6.32112,0.000253969,0.0279395
1705888431938251772,0.02,5,0.0640351,581024,38429.2,15.1193,332.353,4.65532,153.031,6.32112,0.00037334,0.0328692
1705888431938251772,0.03,3.33333,0.045614,962116,38429.2,25.036,496.229,4.65532,232.298,6.32112,0.000452236,0.0336864
1705888431938251772,0.04,2.5,0.0324561,1.33822e+06,38429.2,34.8229,660.59,4.65532,311.588,6.32112,0.000526911,0.0339449
1705888432038079560,0.0005,200,0.991541,2955.49,39812.9,0.0742345,6.10812,0.76068,1.01599,6.81298,1.54506e-05,0.0028764
1705888432038079560,0.001,100,0.717105,10676.7,39812.9,0.268171,19.2818,0.76068,3.74974,6.81298,4.59737e-05,0.00869824
1705888432038079560,0.002,50,0.390038,30344.2,39812.9,0.762171,44.3216,0.76068,10.7495,6.81298,9.5876e-05,0.0182321
1705888432038079560,0.003,33.3333,0.289474,51495,39812.9,1.29343,66.5126,0.76068,18.1609,6.81298,0.000130515,0.0250449
1705888432038079560,0.005,20,0.171053,98022.8,39812.9,2.46209,114.334,0.76068,33.2687,6.81298,0.000191927,0.0361728
1705888432038079560,0.01,10,0.0930451,224348,39812.9,5.63506,229.416,0.76068,71.3743,6.81298,0.00028413,0.0507614
1705888432038079560,0.02,5,0.0545113,506863,39812.9,12.7311,460.825,0.76068,147.798,6.81298,0.000357957,0.060306
1705888432038079560,0.03,3.33333,0.0338346,793529,39812.9,19.9315,688.325,0.76068,224.281,6.81298,0.000385838,0.0640107
1705888432038079560,0.04,2.5,0.0272556,1.09369e+06,39812.9,27.4709,917.364,0.76068,300.777,6.81298,0.000394257,0.0653012
1705888432138324393,0.0005,200,0.97971,2963.03,38822.3,0.0763228,4.99206,6.24919,1.029,6.31088,5.39567e-06,0.00101588
1705888432138324393,0.001,100,0.716908,10618.6,38822.3,0.273519,14.7035,6.24919,3.73943,6.31088,1.59332e-05,0.0029252
1705888432138324393,0.002,50,0.404831,30782.3,38822.3,0.792902,35.9425,6.24919,10.5873,6.31088,3.81521e-05,0.00683689
1705888432138324393,0.003,33.3333,0.287923,54367.2,38822.3,1.40041,57.6244,6.24919,17.8341,6.31088,5.92165e-05,0.0104919
1705888432138324393,0.005,20,0.183575,105891,38822.3,2.72758,105.386,6.24919,32.6031,6.31088,0.000101485,0.0176495
1705888432138324393,0.01,10,0.101449,240074,38822.3,6.18391,220.075,6.24919,69.8626,6.31088,0.000181188,0.0304544
1705888432138324393,0.02,5,0.057971,537779,38822.3,13.8523,454.983,6.24919,144.61,6.31088,0.000277441,0.0446077
1705888432138324393,0.03,3.33333,0.0328502,856914,38822.3,22.0727,692.867,6.24919,219.429,6.31088,0.000330368,0.050873
1705888432138324393,0.04,2.5,0.0270531,1.18877e+06,38822.3,30.6208,927.795,6.24919,294.263,6.31088,0.000363018,0.0537525
1705888432238148982,0.0005,200,0.990628,3519.06,38869.6,0.090535,6.87879,1.52678,1.02381,6.0773,6.68856e-06,0.00147313
1705888432238148982,0.001,100,0.714152,12917.2,38869.6,0.33232,23.0138,1.52678,3.73432,6.0773,2.15009e-05,0.00480173
1705888432238148982,0.002,50,0.433927,38906,38869.6,1.00094,47.8495,1.52678,10.5743,6.0773,4.75941e-05,0.00920033
1705888432238148982,0.003,33.3333,0.302718,70050.1,38869.6,1.80218,68.408,1.52678,17.8523,6.0773,7.07387e-05,0.0121308
1705888432238148982,0.005,20,0.18463,136449,38869.6,3.51042,107.579,1.52678,32.7149,6.0773,0.00011463,0.0164351
1705888432238148982,0.01,10,0.0974695,298466,38869.6,7.67864,220.078,1.52678,70.2548,6.0773,0.000212709,0.0253902
1705888432238148982,0.02,5,0.0515464,638888,38869.6,16.4367,449.301,1.52678,145.575,6.0773,0.000391618,0.0350689
1705888432238148982,0.03,3.33333,0.0309278,978012,38869.6,25.1613,678.863,1.52678,220.956,6.0773,0.000563403,0.0402933
1705888432238148982,0.04,2.5,0.0234302,1.31761e+06,38869.6,33.8981,908.624,1.52678,296.351,6.0773,0.000731739,0.0435269
1705888432337990272,0.0005,200,0.99323,5172.69,41216.1,0.125502,5.75371,4.71274,0.989702,6.65751,5.17726e-06,0.000974204
1705888432337990272,0.001,100,0.710832,19821.9,41216.1,0.480927,17.018,4.71274,3.64589,6.65751,1.55296e-05,0.00279541
1705888432337990272,0.002,50,0.400387,70416.3,41216.1,1.70847,38.2343,4.71274,10.4258,6.65751,3.324e-05,0.00597388
1705888432337990272,0.003,33.3333,0.263056,125116,41216.1,3.03562,55.3074,4.71274,17.6308,6.65751,4.65919e-05,0.00826755
1705888432337990272,0.005,20,0.168279,221565,41216.1,5.37569,94.5255,4.71274,32.3012,6.65751,7.40648e-05,0.0126858
1705888432337990272,0.01,10,0.0996132,479065,41216.1,11.6233,178.846,4.71274,69.2746,6.65751,0.000131793,0.0195313
1705888432337990272,0.02,5,0.0531915,1.03696e+06,41216.1,25.1591,353.949,4.71274,143.45,6.65751,0.000231171,0.0289002
1705888432337990272,0.03,3.33333,0.0338491,1.64386e+06,41216.1,39.884,526.655,4.71274,217.689,6.65751,0.000318956,0.0348579
1705888432337990272,0.04,2.5,0.0232108,2.28619e+06,41216.1,55.4684,697.854,4.71274,291.946,6.65751,0.000400352,0.0388979
1705888432438628587,0.0005,200,0.99428,3235.67,44187.8,0.0732252,3.64241,2.67071,0.919077,6.66459,6.3972e-06,0.00175415
1705888432438628587,0.001,100,0.751192,11634,44187.8,0.263286,10.6741,2.67071,3.40159,6.66459,1.73917e-05,0.0048552
1705888432438628587,0.002,50,0.418494,34079.9,44187.8,0.771251,27.1741,2.67071,9.84067,6.66459,4.15028e-05,0.0106081
1705888432438628587,0.003,33.3333,0.300286,60695,44187.8,1.37357,45.8211,2.67071,16.7102,6.66459,6.01858e-05,0.0152628
1705888432438628587,0.005,20,0.207817,123376,44187.8,2.79209,89.4067,2.67071,30.7152,6.66459,8.80039e-05,0.0222103
1705888432438628587,0.01,10,0.109628,308037,44187.8,6.97108,204.623,2.67071,66.1087,6.66459,0.000122052,0.0292803
1705888432438628587,0.02,5,0.0552908,708460,44187.8,16.0329,402.78,2.67071,137.182,6.66459,0.000125066,0.0310696
1705888432438628587,0.03,3.33333,0.0333651,1.09777e+06,44187.8,24.8432,600.231,2.67071,208.325,6.66459,0.000144113,0.0325353
1705888432438628587,0.04,2.5,0.0228789,1.48914e+06,44187.8,33.7002,794.876,2.67071,279.482,6.66459,0.0001738,0.0335942
1705888432538473896,0.0005,200,0.992929,3587.11,43911.5,0.0816894,6.18858,23.5603,0.849246,6.22107,1.67836e-06,0.000434583
1705888432538473896,0.001,100,0.740404,13310.8,43911.5,0.303127,19.5675,23.5603,3.15907,6.22107,5.13604e-06,0.00136867
1705888432538473896,0.002,50,0.434343,40431.3,43911.5,0.920745,43.9243,23.5603,9.16647,6.22107,1.05482e-05,0.00303211
1705888432538473896,0.003,33.3333,0.306061,73065.3,43911.5,1.66392,66.4306,23.5603,15.5804,6.22107,1.57114e-05,0.00449197
1705888432538473896,0.005,20,0.211111,153751,43911.5,3.50138,106.611,23.5603,28.6736,6.22107,2.4187e-05,0.00687
1705888432538473896,0.01,10,0.105051,420838,43911.5,9.58377,197.76,23.5603,61.779,6.22107,4.07419e-05,0.0112249
1705888432538473896,0.02,5,0.0474747,965654,43911.5,21.9909,380.679,23.5603,128.263,6.22107,5.96137e-05,0.0174217
1705888432538473896,0.03,3.33333,0.0282828,1.56564e+06,43911.5,35.6544,562.495,23.5603,194.81,6.22107,7.05074e-05,0.0215487
1705888432538473896,0.04,2.5,0.0191919,2.21539e+06,43911.5,50.4513,742.032,23.5603,261.371,6.22107,7.60451e-05,0.0243575
1705888432638315761,0.0005,200,0.991803,3977.41,42193.4,0.094266,2.65513,0.790359,0.963358,6.35087,4.10881e-06,0.00103494
1705888432638315761,0.001,100,0.741348,14648.1,42193.4,0.347165,12.0435,0.790359,3.55039,6.35087,1.76451e-05,0.00443827
1705888432638315761,0.002,50,0.42714,41276.3,42193.4,0.978263,31.2837,0.790359,10.2582,6.35087,3.78947e-05,0.00999673
1705888432638315761,0.003,33.3333,0.315118,70557.1,42193.4,1.67223,48.2187,0.790359,17.4,6.35087,4.9365e-05,0.0135229
1705888432638315761,0.005,20,0.211293,131665,42193.4,3.12051,79.534,0.790359,31.9748,6.35087,7.15595e-05,0.0177834
1705888432638315761,0.01,10,0.12204,304159,42193.4,7.20867,145.22,0.790359,68.7964,6.35087,0.000111622,0.0210327
1705888432638315761,0.02,5,0.0664845,693362,42193.4,16.4329,292.273,0.790359,142.73,6.35087,0.000194183,0.0246987
1705888432638315761,0.03,3.33333,0.0473588,1.13183e+06,42193.4,26.8247,437.68,0.790359,216.737,6.35087,0.000274399,0.0260254
1705888432638315761,0.04,2.5,0.0282332,1.56187e+06,42193.4,37.0169,584.816,0.790359,290.769,6.35087,0.000347087,0.026779
1705888432738161677,0.0005,200,0.988783,3788.15,42531,0.0890679,4.7961,2.90336,0.967928,6.06006,6.10997e-06,0.00135738
1705888432738161677,0.001,100,0.761864,13803.4,42531,0.32455,20.4911,2.90336,3.55698,6.06006,2.51479e-05,0.0055752
1705888432738161677,0.002,50,0.458154,40058.9,42531,0.941876,49.8207,2.90336,10.2989,6.06006,5.78799e-05,0.0123587
1705888432738161677,0.003,33.3333,0.324418,70166.5,42531,1.64977,78.8955,2.90336,17.5567,6.06006,8.53259e-05,0.017738
1705888432738161677,0.005,20,0.202761,136680,42531,3.21365,135.581,2.90336,32.4213,6.06006,0.000130059,0.0253079
1705888432738161677,0.01,10,0.107852,323917,42531,7.61603,275.309,2.90336,70.0072,6.06006,0.000208554,0.0358897
1705888432738161677,0.02,5,0.0629853,775309,42531,18.2292,554.667,2.90336,145.462,6.06006,0.000330161,0.0455591
1705888432738161677,0.03,3.33333,0.0396894,1.27255e+06,42531,29.9206,839.045,2.90336,220.996,6.06006,0.000437259,0.0517485
1705888432738161677,0.04,2.5,0.0284728,1.75937e+06,42531,41.3668,1121.01,2.90336,296.552,6.06006,0.000525,0.0569075
1705888432837997884,0.0005,200,0.995626,4097.57,42974.4,0.0953491,4.86035,18.8094,0.944856,6.09507,4.59743e-06,0.000978786
1705888432837997884,0.001,100,0.767279,14484.7,42974.4,0.337054,17.7342,18.8094,3.48348,6.09507,1.64299e-05,0.0034565
1705888432837997884,0.002,50,0.456693,42857.1,42974.4,0.997271,39.6712,18.8094,10.108,6.09507,3.41766e-05,0.00732313
1705888432837997884,0.003,33.3333,0.335958,75386.3,42974.4,1.75422,63.5608,18.8094,17.2194,6.09507,4.8926e-05,0.0110896
1705888432837997884,0.005,20,0.215223,144777,42974.4,3.36892,116.946,18.8094,31.7755,6.09507,7.80616e-05,0.0178381
1705888432837997884,0.01,10,0.125109,335558,42974.4,7.80831,235.797,18.8094,68.5722,6.09507,0.000131221,0.0273859
1705888432837997884,0.02,5,0.0664917,755989,42974.4,17.5916,460.24,18.8094,142.475,6.09507,0.000211887,0.0376553
1705888432837997884,0.03,3.33333,0.0542432,1.19378e+06,42974.4,27.7788,688.1,18.8094,216.448,6.09507,0.000281504,0.0448006
1705888432837997884,0.04,2.5,0.040245,1.66038e+06,42974.4,38.6366,912.231,18.8094,290.442,6.09507,0.000350159,0.0495109
1705888432938620263,0.0005,200,0.993694,5538.49,44555.1,0.124306,8.67735,20.5499,0.871793,6.36136,1.98312e-06,0.000590414
1705888432938620263,0.001,100,0.789189,19075,44555.1,0.428122,27.8362,20.5499,3.25602,6.36136,6.60806e-06,0.00187165
1705888432938620263,0.002,50,0.45045,52871.3,44555.1,1.18665,58.1339,20.5499,9.60366,6.36136,1.42862e-05,0.00377658
1705888432938620263,0.003,33.3333,0.321622,92318.8,44555.1,2.07201,86.873,20.5499,16.4274,6.36136,2.09937e-05,0.00542915
1705888432938620263,0.005,20,0.200901,181442,44555.1,4.07231,144.794,20.5499,30.4053,6.36136,3.31465e-05,0.00832644
1705888432938620263,0.01,10,0.10991,462050,44555.1,10.3703,308.411,20.5499,65.7352,6.36136,5.94807e-05,0.0141502
1705888432938620263,0.02,5,0.0630631,1.12937e+06,44555.1,25.3477,626.045,20.5499,136.661,6.36136,9.53883e-05,0.0193989
1705888432938620263,0.03,3.33333,0.0495495,1.85963e+06,44555.1,41.7376,941.616,20.5499,207.655,6.36136,0.000121662,0.0216665
1705888432938620263,0.04,2.5,0.0378378,2.66324e+06,44555.1,59.7739,1250.27,20.5499,278.672,6.36136,0.000141766,0.0225057
1705888433038454110,0.0005,200,0.99187,5018.95,42876,0.117057,1.79394,1.57697,0.996958,6.14376,3.41287e-06,0.000222316
1705888433038454110,0.001,100,0.774797,18602.9,42876,0.433875,6.72564,1.57697,3.69346,6.14376,1.21667e-05,0.000813998
1705888433038454110,0.002,50,0.439837,57867.4,42876,1.34964,16.8307,1.57697,10.8456,6.14376,2.94004e-05,0.00190903
1705888433038454110,0.003,33.3333,0.299187,103637,42876,2.41714,26.1989,1.57697,18.5629,6.14376,4.44576e-05,0.00273246
1705888433038454110,0.005,20,0.19187,201517,42876,4.69999,42.9336,1.57697,34.3368,6.14376,7.10037e-05,0.00376514
1705888433038454110,0.01,10,0.103252,463506,42876,10.8104,77.1906,1.57697,74.2022,6.14376,0.000137585,0.00471561
1705888433038454110,0.02,5,0.0528455,1.04044e+06,42876,24.2663,150.213,1.57697,154.242,6.14376,0.000278572,0.00655782
1705888433038454110,0.03,3.33333,0.0308943,1.63725e+06,42876,38.1856,223.16,1.57697,234.363,6.14376,0.000411193,0.00794146
1705888433038454110,0.04,2.5,0.0219512,2.24965e+06,42876,52.4687,293.516,1.57697,314.502,6.14376,0.00054003,0.00877764
1705888433138291395,0.0005,200,0.989565,5072.69,43517.6,0.116566,8.15795,0.498723,0.915098,6.34242,1.71812e-05,0.00381395
1705888433138291395,0.001,100,0.793043,18692.7,43517.6,0.429544,28.1581,0.498723,3.38483,6.34242,5.53057e-05,0.0119561
1705888433138291395,0.002,50,0.445217,56392.4,43517.6,1.29585,67.46,0.498723,9.9995,6.34242,0.000119873,0.0237322
1705888433138291395,0.003,33.3333,0.291304,97027.7,43517.6,2.22962,106.231,0.498723,17.1554,6.34242,0.000167885,0.031872
1705888433138291395,0.005,20,0.194783,183776,43517.6,4.22303,182.811,0.498723,31.7691,6.34242,0.000236465,0.0416205
1705888433138291395,0.01,10,0.108696,431136,43517.6,9.90715,371.741,0.498723,68.6912,6.34242,0.000336334,0.0506
1705888433138291395,0.02,5,0.0504348,1.01966e+06,43517.6,23.431,740.043,0.498723,142.825,6.34242,0.000485448,0.0528108
1705888433138291395,0.03,3.33333,0.0373913,1.7069e+06,43517.6,39.2231,1106.36,0.498723,217.022,6.34242,0.00064915,0.0522344
1705888433138291395,0.04,2.5,0.0278261,2.50035e+06,43517.6,57.456,1474.65,0.498723,291.233,6.34242,0.00082487,0.0504868
1705888433238119139,0.0005,200,0.990107,4969.44,43884.9,0.113238,4.39911,0.671438,0.975934,6.23367,9.27892e-06,0.00173505
1705888433238119139,0.001,100,0.773289,18386.5,43884.9,0.418972,14.4233,0.671438,3.6123,6.23367,2.77827e-05,0.00542929
1705888433238119139,0.002,50,0.460016,54859.7,43884.9,1.25008,32.9956,0.671438,10.5602,6.23367,5.43623e-05,0.011246
1705888433238119139,0.003,33.3333,0.324815,96217.9,43884.9,2.19251,52.8651,0.671438,18.0467,6.23367,7.99116e-05,0.0162673
1705888433238119139,0.005,20,0.209398,188632,43884.9,4.29834,86.8169,0.671438,33.3695,6.23367,0.000120555,0.0220725
1705888433238119139,0.01,10,0.120363,447736,43884.9,10.2025,171.678,0.671438,72.1047,6.23367,0.000202016,0.0305209
1705888433238119139,0.02,5,0.0618302,1.02224e+06,43884.9,23.2938,342.68,0.671438,149.897,6.23367,0.000331877,0.0392326
1705888433238119139,0.03,3.33333,0.0428689,1.69366e+06,43884.9,38.5933,522.046,0.671438,227.767,6.23367,0.000462701,0.0442898
1705888433238119139,0.04,2.5,0.0321517,2.43626e+06,43884.9,55.5149,700.162,0.671438,305.661,6.23367,0.000595432,0.0482748
1705888433337959003,0.0005,200,0.990033,5100.21,44046,0.115793,3.45946,5.50097,0.998122,6.05504,3.55573e-07,7.17593e-05
1705888433337959003,0.001,100,0.776578,18431.8,44046,0.418468,8.54936,5.50097,3.64549,6.05504,9.49485e-07,0.00017537
1705888433337959003,0.002,50,0.465947,54493.5,44046,1.2372,20.2617,5.50097,10.5746,6.05504,1.80697e-06,0.000419081
1705888433337959003,0.003,33.3333,0.337209,96346.5,44046,2.18741,29.0039,5.50097,18.0149,6.05504,2.4234e-06,0.000595857
1705888433337959003,0.005,20,0.222591,188512,44046,4.27988,55.9984,5.50097,33.2422,6.05504,4.32997e-06,0.00112645
1705888433337959003,0.01,10,0.123754,450249,44046,10.2222,111.204,5.50097,71.7802,6.05504,7.93498e-06,0.00211218
1705888433337959003,0.02,5,0.0689369,1.037e+06,44046,23.5436,213.106,5.50097,149.178,6.05504,1.3714e-05,0.00360621
1705888433337959003,0.03,3.33333,0.0498339,1.70596e+06,44046,38.7313,312.285,5.50097,226.657,6.05504,1.80434e-05,0.00474194
1705888433337959003,0.04,2.5,0.0357143,2.44019e+06,44046,55.4011,403.818,5.50097,304.161,6.05504,2.14991e-05,0.00561336
1705888433438593781,0.0005,200,0.987795,5604.69,46500.4,0.12053,3.56254,0.650076,1.00754,6.03958,1.16488e-06,0.00029802
1705888433438593781,0.001,100,0.783564,20198.5,46500.4,0.434373,10.1928,0.650076,3.68922,6.03958,3.26323e-06,0.000846189
1705888433438593781,0.002,50,0.464605,59863.5,46500.4,1.28738,18.157,0.650076,10.7325,6.03958,6.25113e-06,0.00147948
1705888433438593781,0.003,33.3333,0.33035,106264,46500.4,2.28523,25.7451,0.650076,18.3143,6.03958,9.63685e-06,0.00207685
1705888433438593781,0.005,20,0.215622,209437,46500.4,4.50398,44.6447,0.650076,33.8225,6.03958,1.80186e-05,0.00341243
1705888433438593781,0.01,10,0.12205,514160,46500.4,11.0571,94.7395,0.650076,73.0464,6.03958,3.62256e-05,0.00642394
1705888433438593781,0.02,5,0.0659072,1.29413e+06,46500.4,27.8305,193.275,0.650076,151.836,6.03958,6.78428e-05,0.0108599
1705888433438593781,0.03,3.33333,0.0471928,2.25653e+06,46500.4,48.5272,299.478,0.650076,230.706,6.03958,9.53004e-05,0.0146567
1705888433438593781,0.04,2.5,0.0374288,3.40866e+06,46500.4,73.3039,420.59,0.650076,309.6,6.03958,0.000123809,0.0178414
1705888433538440686,0.0005,200,0.987913,5728.77,43548.3,0.13155,5.65444,0.0847267,1.08603,6.43638,4.1381e-05,0.00646559
1705888433538440686,0.001,100,0.762288,20933.9,43548.3,0.480705,23.1231,0.0847267,3.96951,6.43638,0.000148854,0.0226385
1705888433538440686,0.002,50,0.441579,63012.5,43548.3,1.44696,67.8266,0.0847267,11.4359,6.43638,0.000272259,0.0460342
1705888433538440686,0.003,33.3333,0.323932,112220,43548.3,2.57691,107.732,0.0847267,19.423,6.43638,0.00034288,0.0537372
1705888433538440686,0.005,20,0.200645,223223,43548.3,5.12587,193.316,0.0847267,35.7486,6.43638,0.000521409,0.0605716
1705888433538440686,0.01,10,0.116035,548742,43548.3,12.6007,389.968,0.0847267,76.9923,6.43638,0.00084758,0.0604691
1705888433538440686,0.02,5,0.0660757,1.42284e+06,43548.3,32.6727,777.662,0.0847267,159.788,6.43638,0.00119609,0.0557852
1705888433538440686,0.03,3.33333,0.0451249,2.58332e+06,43548.3,59.3207,1144.7,0.0847267,242.663,6.43638,0.00133828,0.0537195
1705888433538440686,0.04,2.5,0.0370669,4.01432e+06,43548.3,92.1808,1511.87,0.0847267,325.558,6.43638,0.00147431,0.0514146
1705888433638286730,0.0005,200,0.990506,5283.78,44514.1,0.118699,1.37656,2.82561,1.0589,6.28225,2.47129e-06,0.000241025
1705888433638286730,0.001,100,0.771361,19352.8,44514.1,0.434756,6.89431,2.82561,3.88762,6.28225,8.86766e-06,0.00124287
1705888433638286730,0.002,50,0.455696,57650,44514.1,1.29509,21.0492,2.82561,11.3005,6.28225,2.3543e-05,0.00358374
1705888433638286730,0.003,33.3333,0.310127,100589,44514.1,2.25972,34.6836,2.82561,19.2747,6.28225,3.69695e-05,0.00548921
1705888433638286730,0.005,20,0.201741,195235,44514.1,4.38591,60.7434,2.82561,35.5866,6.28225,5.88295e-05,0.00838684
1705888433638286730,0.01,10,0.10443,468357,44514.1,10.5215,135.838,2.82561,76.8269,6.28225,0.000108358,0.0138357
1705888433638286730,0.02,5,0.0617089,1.11356e+06,44514.1,25.016,293.797,2.82561,159.593,6.28225,0.000192851,0.0196639
1705888433638286730,0.03,3.33333,0.0450949,1.8801e+06,44514.1,42.2361,468.162,2.82561,242.43,6.28225,0.000270524,0.0234151
1705888433638286730,0.04,2.5,0.0348101,2.64765e+06,44514.1,59.4789,634.027,2.82561,325.291,6.28225,0.000347425,0.0264787
1705888433738126015,0.0005,200,0.991764,4991.59,44170.8,0.113006,4.63067,0.376223,1.10956,6.25807,1.72841e-05,0.00209233
1705888433738126015,0.001,100,0.794784,18213,44170.8,0.412332,14.8011,0.376223,4.08402,6.25807,4.91873e-05,0.00633447
1705888433738126015,0.002,50,0.479753,55259.6,44170.8,1.25104,40.0154,0.376223,11.9732,6.25807,0.000111884,0.014848
1705888433738126015,0.003,33.3333,0.35278,97758.8,44170.8,2.2132,60.8742,0.376223,20.5282,6.25807,0.000169423,0.0193148
1705888433738126015,0.005,20,0.21757,189578,44170.8,4.29193,100.124,0.376223,38.1089,6.25807,0.00027057,0.0245784
1705888433738126015,0.01,10,0.126287,461238,44170.8,10.4421,197.201,0.376223,82.6111,6.25807,0.000509127,0.0293905
1705888433738126015,0.02,5,0.0686342,1.06061e+06,44170.8,24.0115,389.185,0.376223,172.025,6.25807,0.000937803,0.0321552
1705888433738126015,0.03,3.33333,0.0466712,1.65869e+06,44170.8,37.5516,583.148,0.376223,261.543,6.25807,0.00126307,0.0333852
1705888433738126015,0.04,2.5,0.0322581,2.27046e+06,44170.8,51.4018,773.648,0.376223,351.089,6.25807,0.00152573,0.0339803
1705888433837971621,0.0005,200,0.993837,4907.61,45040.4,0.10896,6.14258,7.50044,1.0493,5.82846,3.86819e-06,0.000678109
1705888433837971621,0.001,100,0.77735,17599.1,45040.4,0.390741,19.6034,7.50044,3.87443,5.82846,1.18944e-05,0.00213405
1705888433837971621,0.002,50,0.460709,50000.7,45040.4,1.11013,37.7631,7.50044,11.2863,5.82846,2.33753e-05,0.00391842
1705888433837971621,0.003,33.3333,0.342065,87580.5,45040.4,1.94449,48.8797,7.50044,19.2348,5.82846,3.11105e-05,0.00482614
1705888433837971621,0.005,20,0.224191,172660,45040.4,3.83346,71.1361,7.50044,35.5039,5.82846,4.53588e-05,0.00632828
1705888433837971621,0.01,10,0.127119,399015,45040.4,8.85905,125.17,7.50044,76.679,5.82846,7.64284e-05,0.00876473
1705888433837971621,0.02,5,0.0647149,916485,45040.4,20.3481,251.175,7.50044,159.404,5.82846,0.000130668,0.0118854
1705888433837971621,0.03,3.33333,0.0485362,1.49719e+06,45040.4,33.2412,381.391,7.50044,242.219,5.82846,0.000179402,0.0133409
1705888433837971621,0.04,2.5,0.0392912,2.1547e+06,45040.4,47.8393,518.809,7.50044,325.056,5.82846,0.000224034,0.0141752
1705888433938623289,0.0005,200,0.988827,5367.5,44437.7,0.120787,2.72051,8.50468,1.11059,5.78969,3.94093e-07,7.22107e-05
1705888433938623289,0.001,100,0.802374,19933.9,44437.7,0.448582,3.01956,8.50468,4.05331,5.78969,6.28104e-07,7.68808e-05
1705888433938623289,0.002,50,0.49581,59810.7,44437.7,1.34595,10.1661,8.50468,11.8217,5.78969,1.29456e-06,0.000264722
1705888433938623289,0.003,33.3333,0.359637,104307,44437.7,2.34727,16.8244,8.50468,20.2193,5.78969,2.20888e-06,0.000431398
1705888433938623289,0.005,20,0.24162,203068,44437.7,4.56973,34.7062,8.50468,37.4625,5.78969,4.41245e-06,0.000873238
1705888433938623289,0.01,10,0.124302,489009,44437.7,11.0044,74.4863,8.50468,81.1862,5.78969,9.42805e-06,0.00173581
1705888433938623289,0.02,5,0.0621508,1.11782e+06,44437.7,25.1547,148.292,8.50468,169.095,5.78969,1.79782e-05,0.0029611
1705888433938623289,0.03,3.33333,0.0377095,1.77162e+06,44437.7,39.8676,218.909,8.50468,257.111,5.78969,2.60377e-05,0.00379544
1705888433938623289,0.04,2.5,0.0265363,2.44804e+06,44437.7,55.0893,297.753,8.50468,345.151,5.78969,3.38532e-05,0.00455082
1705888434038453990,0.0005,200,0.988095,5925.05,44573.8,0.132927,1.31174,16.2713,1.13119,6.14863,2.51719e-07,2.87063e-05
1705888434038453990,0.001,100,0.782738,21716.7,44573.8,0.487207,5.01201,16.2713,4.10926,6.14863,6.94154e-07,0.000114781
1705888434038453990,0.002,50,0.467262,65648.3,44573.8,1.4728,9.63564,16.2713,11.8752,6.14863,1.33612e-06,0.00022115
1705888434038453990,0.003,33.3333,0.323661,116757,44573.8,2.61941,14.52,16.2713,20.2388,6.14863,1.71066e-06,0.000341803
1705888434038453990,0.005,20,0.216518,234031,44573.8,5.25042,22.3865,16.2713,37.3405,6.14863,2.8623e-06,0.000528983
1705888434038453990,0.01,10,0.124256,597796,44573.8,13.4114,44.5691,16.2713,80.5721,6.14863,6.72484e-06,0.00102599
1705888434038453990,0.02,5,0.0714286,1.52878e+06,44573.8,34.2978,86.0971,16.2713,167.394,6.14863,1.41726e-05,0.00188511
1705888434038453990,0.03,3.33333,0.046131,2.55162e+06,44573.8,57.2448,136.283,16.2713,254.323,6.14863,2.14495e-05,0.00278607
1705888434038453990,0.04,2.5,0.0342262,3.56443e+06,44573.8,79.9669,187.504,16.2713,341.28,6.14863,2.84765e-05,0.00365749
1705888434138307192,0.0005,200,0.988644,5771.91,45710.8,0.12627,3.4608,0.616876,1.07391,6.40156,4.12604e-05,0.00371145
1705888434138307192,0.001,100,0.805536,21670.1,45710.8,0.47407,11.6491,0.616876,3.94018,6.40156,0.000124336,0.0105083
1705888434138307192,0.002,50,0.498226,69183.9,45710.8,1.51351,27.3576,0.616876,11.5652,6.40156,0.000294196,0.016875
1705888434138307192,0.003,33.3333,0.343506,124714,45710.8,2.72832,39.8953,0.616876,19.858,6.40156,0.000446621,0.0195008
1705888434138307192,0.005,20,0.207239,246607,45710.8,5.39495,62.8337,0.616876,36.9137,6.40156,0.000697999,0.0242604
1705888434138307192,0.01,10,0.112846,584702,45710.8,12.7913,123.072,0.616876,80.0961,6.40156,0.0012662,0.0307601
1705888434138307192,0.02,5,0.053939,1.32293e+06,45710.8,28.9414,253.578,0.616876,166.847,6.40156,0.00215377,0.0395722
1705888434138307192,0.03,3.33333,0.0361959,2.07522e+06,45710.8,45.3988,370.493,0.616876,253.688,6.40156,0.00282407,0.0456418
1705888434138307192,0.04,2.5,0.02555,2.82593e+06,45710.8,61.822,483.572,0.616876,340.554,6.40156,0.0033955,0.0505684
1705888434238131136,0.0005,200,0.994819,6023.84,46185.5,0.130427,3.12926,9.21015,1.05201,5.9399,1.82651e-07,7.62616e-05
1705888434238131136,0.001,100,0.801628,22503.6,46185.5,0.487245,12.7438,9.21015,3.88537,5.9399,8.93826e-07,0.000307671
1705888434238131136,0.002,50,0.472243,68190.2,46185.5,1.47644,42.0579,9.21015,11.3879,5.9399,2.96923e-06,0.00100133
1705888434238131136,0.003,33.3333,0.349371,121906,46185.5,2.63949,73.9126,9.21015,19.4904,5.9399,5.2042e-06,0.00173167
1705888434238131136,0.005,20,0.217617,238535,46185.5,5.16472,133.661,9.21015,36.1317,5.9399,8.81476e-06,0.0030279
1705888434238131136,0.01,10,0.11399,566700,46185.5,12.2701,267.331,9.21015,78.2884,5.9399,1.57947e-05,0.00555431
1705888434238131136,0.02,5,0.0503331,1.29216e+06,46185.5,27.9776,518.774,9.21015,162.977,5.9399,2.67452e-05,0.00917907
1705888434238131136,0.03,3.33333,0.0325685,2.02415e+06,46185.5,43.8265,766.347,9.21015,247.746,5.9399,3.63835e-05,0.0118978
1705888434238131136,0.04,2.5,0.0251665,2.76925e+06,46185.5,59.9593,1020.83,9.21015,332.531,5.9399,4.57729e-05,0.0141282
1705888434337966169,0.0005,200,0.995084,6303.4,44546,0.141503,3.30504,14.5161,1.10726,5.97837,1.15368e-06,0.000225908
1705888434337966169,0.001,100,0.791433,22814.6,44546,0.512158,14.2655,14.5161,4.09827,5.97837,4.74466e-06,0.000964465
1705888434337966169,0.002,50,0.481039,68361.2,44546,1.53462,37.8186,14.5161,11.994,5.97837,1.19981e-05,0.00245129
1705888434337966169,0.003,33.3333,0.332163,120632,44546,2.70804,59.9952,14.5161,20.5387,5.97837,1.88076e-05,0.00369627
1705888434337966169,0.005,20,0.212781,240520,44546,5.39936,110.62,14.5161,38.072,5.97837,3.25614e-05,0.00615404
1705888434337966169,0.01,10,0.116573,574891,44546,12.9056,236.87,14.5161,82.4638,5.97837,6.17027e-05,0.0104619
1705888434337966169,0.02,5,0.0575843,1.32313e+06,44546,29.7025,467.765,14.5161,171.636,5.97837,0.00010897,0.0143521
1705888434337966169,0.03,3.33333,0.0386236,2.05245e+06,44546,46.0748,707.76,14.5161,260.898,5.97837,0.00015297,0.0169742
1705888434337966169,0.04,2.5,0.0330056,2.80188e+06,44546,62.8986,956.314,14.5161,350.181,5.97837,0.000194902,0.0189617
1705888434438614796,0.0005,200,0.993234,5710.68,45462,0.125614,2.35738,0.0661762,1.15468,5.80919,1.50163e-05,0.00246937
1705888434438614796,0.001,100,0.798376,21023,45462,0.462431,11.6769,0.0661762,4.24302,5.80919,3.99303e-05,0.0102987
1705888434438614796,0.002,50,0.476996,63010.5,45462,1.38601,29.7675,0.0661762,12.4451,5.80919,5.70516e-05,0.0177852
1705888434438614796,0.003,33.3333,0.328146,112378,45462,2.47191,50.5645,0.0661762,21.358,5.80919,9.7653e-05,0.0217358
1705888434438614796,0.005,20,0.196211,218368,45462,4.80332,92.4119,0.0661762,39.6658,5.80919,0.000175647,0.0249981
1705888434438614796,0.01,10,0.0967524,510276,45462,11.2242,169.144,0.0661762,86.0098,5.80919,0.000353407,0.0230724
1705888434438614796,0.02,5,0.0439783,1.15291e+06,45462,25.3598,309.34,0.0661762,179.084,5.80919,0.000621622,0.0215836
1705888434438614796,0.03,3.33333,0.0317997,1.87004e+06,45462,41.1342,459.949,0.0661762,272.234,5.80919,0.000859698,0.0219543
1705888434438614796,0.04,2.5,0.0209743,2.65861e+06,45462,58.4798,611.133,0.0661762,365.405,5.80919,0.00105674,0.0221855
1705888434538446765,0.0005,200,0.991356,6115.63,45163.4,0.135411,7.46984,0.0325583,1.17955,5.60971,8.24623e-05,0.0137307
1705888434538446765,0.001,100,0.795878,22680.2,45163.4,0.502182,23.1892,0.0325583,4.33924,5.60971,0.000265245,0.0396046
1705888434538446765,0.002,50,0.484043,70519,45163.4,1.56142,50.564,0.0325583,12.673,5.60971,0.000605891,0.0773855
1705888434538446765,0.003,33.3333,0.340426,127682,45163.4,2.82712,73.7871,0.0325583,21.6967,5.60971,0.000897177,0.0955514
1705888434538446765,0.005,20,0.216755,253730,45163.4,5.61804,122.058,0.0325583,40.2211,5.60971,0.0013681,0.10713
1705888434538446765,0.01,10,0.109043,620064,45163.4,13.7294,260.357,0.0325583,87.1378,5.60971,0.00241842,0.110818
1705888434538446765,0.02,5,0.0585106,1.4951e+06,45163.4,33.1043,555.608,0.0325583,181.359,5.60971,0.00387125,0.109793
1705888434538446765,0.03,3.33333,0.0398936,2.39555e+06,45163.4,53.0419,856.887,0.0325583,275.673,5.60971,0.00479451,0.113341
1705888434538446765,0.04,2.5,0.0305851,3.25958e+06,45163.4,72.1732,1146.25,0.0325583,370.012,5.60971,0.00544735,0.117903
1705888434638285325,0.0005,200,0.98767,6296.09,44436.4,0.141688,1.10373,3.38225,1.23573,6.50005,1.87658e-06,0.000204732
1705888434638285325,0.001,100,0.784555,22997,44436.4,0.517527,3.14246,3.38225,4.51347,6.50005,5.6238e-06,0.0005476
1705888434638285325,0.002,50,0.484101,68966.7,44436.4,1.55203,10.7014,3.38225,13.1121,6.50005,1.83081e-05,0.00166585
1705888434638285325,0.003,33.3333,0.336145,122078,44436.4,2.74725,11.8058,3.38225,22.4151,6.50005,2.75286e-05,0.00146107
1705888434638285325,0.005,20,0.218689,238928,44436.4,5.37685,14.5334,3.38225,41.5112,6.50005,4.47547e-05,0.00121262
1705888434638285325,0.01,10,0.114212,577651,44436.4,12.9995,34.047,3.38225,89.8517,6.50005,8.94229e-05,0.00211319
1705888434638285325,0.02,5,0.0577547,1.37711e+06,44436.4,30.9906,65.9976,3.38225,186.952,6.50005,0.00017889,0.00231182
1705888434638285325,0.03,3.33333,0.0428293,2.28961e+06,44436.4,51.5256,95.5736,3.38225,284.138,6.50005,0.000268573,0.00243432
1705888434638285325,0.04,2.5,0.03634,3.2729e+06,44436.4,73.6536,130.589,3.38225,381.344,6.50005,0.000356601,0.0027761
1705888434738129841,0.0005,200,0.992676,6169.79,43214.8,0.14277,6.04993,0.000274101,1.23099,5.17775,0.00193188,0.023128
1705888434738129841,0.001,100,0.780293,22804.4,43214.8,0.527699,18.8801,0.000274101,4.53602,5.17775,0.00486288,0.0655942
1705888434738129841,0.002,50,0.458056,65533.1,43214.8,1.51645,43.2133,0.000274101,13.2035,5.17775,0.00806546,0.0955639
1705888434738129841,0.003,33.3333,0.330892,112624,43214.8,2.60616,65.2798,0.000274101,22.5283,5.17775,0.0090075,0.107148
1705888434738129841,0.005,20,0.207057,216119,43214.8,5.00104,108.443,0.000274101,41.6404,5.17775,0.00997021,0.122655
1705888434738129841,0.01,10,0.105859,488723,43214.8,11.3092,226.176,0.000274101,89.9975,5.17775,0.0110324,0.135369
1705888434738129841,0.02,5,0.0552597,1.04383e+06,43214.8,24.1545,449.954,0.000274101,187.084,5.17775,0.0112124,0.13508
1705888434738129841,0.03,3.33333,0.0352863,1.62873e+06,43214.8,37.6893,663.557,0.000274101,284.268,5.17775,0.0111335,0.1323
1705888434738129841,0.04,2.5,0.0279627,2.23698e+06,43214.8,51.7643,873.542,0.000274101,381.473,5.17775,0.0109303,0.129382
1705888434837979634,0.0005,200,0.989969,6176.54,45282,0.136402,7.37033,0.000391066,1.36388,5.77688,0.00313711,0.025444
1705888434837979634,0.001,100,0.765517,22151.9,45282,0.489199,21.2803,0.000391066,4.98492,5.77688,0.00724898,0.0651316
1705888434837979634,0.002,50,0.473981,65131.5,45282,1.43835,42.9505,0.000391066,14.3196,5.77688,0.0107909,0.118904
1705888434837979634,0.003,33.3333,0.325392,113293,45282,2.50194,67.068,0.000391066,24.3656,5.77688,0.0125384,0.142578
1705888434837979634,0.005,20,0.20815,221165,45282,4.88416,117.786,0.000391066,44.9331,5.77688,0.013664,0.15694
1705888434837979634,0.01,10,0.114107,529743,45282,11.6988,249.61,0.000391066,96.9295,5.77688,0.013184,0.150763
1705888434837979634,0.02,5,0.0658307,1.25925e+06,45282,27.8091,522.967,0.000391066,201.343,5.77688,0.0117847,0.137382
1705888434837979634,0.03,3.33333,0.0438871,2.02362e+06,45282,44.6892,784.34,0.000391066,305.852,5.77688,0.0107611,0.126186
1705888434837979634,0.04,2.5,0.0338558,2.79333e+06,45282,61.6873,1046.39,0.000391066,410.385,5.77688,0.00990039,0.117135
1705888434938607308,0.0005,200,0.991853,7369.88,45501.2,0.161971,5.33946,2.81071,1.19401,5.99737,3.22184e-06,0.00105787
1705888434938607308,0.001,100,0.778004,27042,45501.2,0.594314,17.9371,2.81071,4.40233,5.99737,1.17815e-05,0.00336
1705888434938607308,0.002,50,0.458248,80500.8,45501.2,1.7692,48.3391,2.81071,12.8306,5.99737,3.13286e-05,0.00785965
1705888434938607308,0.003,33.3333,0.338764,144475,45501.2,3.17519,73.9475,2.81071,21.8923,5.99737,4.296e-05,0.0104183
1705888434938607308,0.005,20,0.210455,290743,45501.2,6.38979,121.338,2.81071,40.4726,5.99737,5.74771e-05,0.013111
1705888434938607308,0.01,10,0.113374,740258,45501.2,16.269,204.397,2.81071,87.4962,5.99737,8.10334e-05,0.0130005
1705888434938607308,0.02,5,0.0549898,1.75128e+06,45501.2,38.4886,389.228,2.81071,181.941,5.99737,0.000138674,0.0135669
1705888434938607308,0.03,3.33333,0.0393754,2.84382e+06,45501.2,62.4998,602.382,2.81071,276.478,5.99737,0.000190476,0.0144158
1705888434938607308,0.04,2.5,0.0278344,4.02114e+06,45501.2,88.3744,819.149,2.81071,371.039,5.99737,0.000239571,0.014814
1705888435038446520,0.0005,200,0.991573,7387.1,44765.5,0.165018,3.97553,1.03333,1.15631,5.69838,6.08682e-06,0.00193522
1705888435038446520,0.001,100,0.776685,27549.3,44765.5,0.615412,13.7051,1.03333,4.25393,5.69838,2.33011e-05,0.00591046
1705888435038446520,0.002,50,0.468399,83905,44765.5,1.87432,36.0806,1.03333,12.3653,5.69838,6.51747e-05,0.0119394
1705888435038446520,0.003,33.3333,0.332163,149068,44765.5,3.32997,58.7966,1.03333,21.1058,5.69838,9.59771e-05,0.0153497
1705888435038446520,0.005,20,0.214185,295067,44765.5,6.59139,105.662,1.03333,39.0099,5.69838,0.000145714,0.0185093
1705888435038446520,0.01,10,0.120787,700713,44765.5,15.653,219.535,1.03333,84.3123,5.69838,0.000259573,0.0201588
1705888435038446520,0.02,5,0.0575843,1.59532e+06,44765.5,35.6373,418.951,1.03333,175.327,5.69838,0.000474308,0.0185723
1705888435038446520,0.03,3.33333,0.0407303,2.56192e+06,44765.5,57.2298,622.622,1.03333,266.433,5.69838,0.000667878,0.0182423
1705888435038446520,0.04,2.5,0.0266854,3.58062e+06,44765.5,79.986,826.146,1.03333,357.566,5.69838,0.000838363,0.018358
1705888435138288988,0.0005,200,0.985235,8294.2,44778.3,0.185228,2.39687,2.17109,1.21526,5.99506,5.37107e-06,0.000739824
1705888435138288988,0.001,100,0.785235,30696.6,44778.3,0.685525,10.8614,2.17109,4.45731,5.99506,2.07733e-05,0.0031595
1705888435138288988,0.002,50,0.461074,90012.1,44778.3,2.01017,33.7014,2.17109,12.9926,5.99506,5.39982e-05,0.00804376
1705888435138288988,0.003,33.3333,0.325503,156532,44778.3,3.49572,54.2005,2.17109,22.1836,5.99506,7.94487e-05,0.0108809
1705888435138288988,0.005,20,0.21745,305053,44778.3,6.81252,86.2641,2.17109,40.9973,5.99506,0.000127474,0.0127965
1705888435138288988,0.01,10,0.110067,736993,44778.3,16.4587,181.007,2.17109,88.6129,5.99506,0.000250195,0.0158656
1705888435138288988,0.02,5,0.0610738,1.69477e+06,44778.3,37.848,390.441,2.17109,184.236,5.99506,0.000480865,0.0192906
1705888435138288988,0.03,3.33333,0.0422819,2.7185e+06,44778.3,60.7102,609.69,2.17109,279.95,5.99506,0.000703782,0.02063
1705888435138288988,0.04,2.5,0.0315436,3.75759e+06,44778.3,83.9154,815.828,2.17109,375.69,5.99506,0.000908367,0.0219343
1705888435238131859,0.0005,200,0.993503,6804.08,44783.4,0.151933,4.55777,1.45094,1.30867,6.32625,7.82857e-06,0.00238621
1705888435238131859,0.001,100,0.794448,25013.3,44783.4,0.558539,16.4059,1.45094,4.82127,6.32625,2.93112e-05,0.0076039
1705888435238131859,0.002,50,0.494979,74255.2,44783.4,1.6581,41.7855,1.45094,14.0877,6.32625,6.12314e-05,0.0148822
1705888435238131859,0.003,33.3333,0.341996,129305,44783.4,2.88734,67.4267,1.45094,24.1306,6.32625,8.14313e-05,0.0193436
1705888435238131859,0.005,20,0.226226,246520,44783.4,5.50472,118.14,1.45094,44.7444,6.32625,0.00012909,0.0244194
1705888435238131859,0.01,10,0.121677,587965,44783.4,13.1291,248.928,1.45094,96.9519,6.32625,0.000255461,0.0298208
1705888435238131859,0.02,5,0.0643828,1.38267e+06,44783.4,30.8745,499.21,1.45094,201.846,6.32625,0.00051774,0.0322886
1705888435238131859,0.03,3.33333,0.0401654,2.26777e+06,44783.4,50.6386,754.495,1.45094,306.861,6.32625,0.000738822,0.0334614
1705888435238131859,0.04,2.5,0.0277614,3.08199e+06,44783.4,68.8199,995.393,1.45094,411.912,6.32625,0.00094243,0.0346051
1705888435337966646,0.0005,200,0.992551,8047.06,46155.4,0.174347,2.55973,6.60173,1.30921,6.10685,2.61535e-07,6.3876e-05
1705888435337966646,0.001,100,0.777157,29443.7,46155.4,0.637927,10.323,6.60173,4.80952,6.10685,9.60691e-07,0.000256995
1705888435337966646,0.002,50,0.47486,89800.9,46155.4,1.94562,34.5703,6.60173,13.9555,6.10685,2.50519e-06,0.000852563
1705888435337966646,0.003,33.3333,0.327747,159839,46155.4,3.46307,56.6438,6.60173,23.8309,6.10685,3.91117e-06,0.00137103
1705888435337966646,0.005,20,0.214153,316748,46155.4,6.86264,102.631,6.60173,44.0724,6.10685,6.69092e-06,0.00238316
1705888435337966646,0.01,10,0.112973,765735,46155.4,16.5904,215.248,6.60173,95.2965,6.10685,1.34438e-05,0.00448777
1705888435337966646,0.02,5,0.0558659,1.75855e+06,46155.4,38.1007,437.827,6.60173,198.188,6.10685,2.40737e-05,0.00749493
1705888435337966646,0.03,3.33333,0.0403476,2.77668e+06,46155.4,60.1594,678.997,6.60173,301.178,6.10685,3.337e-05,0.00986832
1705888435337966646,0.04,2.5,0.0304159,3.81306e+06,46155.4,82.6135,911.753,6.60173,404.192,6.10685,4.21314e-05,0.0115609
1705888435438611584,0.0005,200,0.99327,8168.67,46246.2,0.176634,2.61109,0.581724,1.33811,5.4736,7.00436e-06,0.00156928
1705888435438611584,0.001,100,0.800337,30516.4,46246.2,0.659869,8.56602,0.581724,4.96736,5.4736,1.96441e-05,0.00495109
1705888435438611584,0.002,50,0.483455,91449.1,46246.2,1.97744,20.1826,0.581724,14.6928,5.4736,5.12755e-05,0.010546
1705888435438611584,0.003,33.3333,0.326416,161466,46246.2,3.49144,33.7458,0.581724,25.2664,5.4736,7.24271e-05,0.014936
1705888435438611584,0.005,20,0.201907,310364,46246.2,6.71113,57.343,0.581724,46.9739,5.4736,0.000109676,0.0207106
1705888435438611584,0.01,10,0.108805,722949,46246.2,15.6326,106.645,0.581724,101.907,5.4736,0.000191439,0.0306364
1705888435438611584,0.02,5,0.0577678,1.68873e+06,46246.2,36.5162,186.469,0.581724,212.232,5.4736,0.000330912,0.0347907
1705888435438611584,0.03,3.33333,0.038138,2.78687e+06,46246.2,60.2617,263.506,0.581724,322.66,5.4736,0.00044553,0.033495
1705888435438611584,0.04,2.5,0.0319686,3.93819e+06,46246.2,85.157,345.413,0.581724,433.114,5.4736,0.000557608,0.0328762
1705888435538454849,0.0005,200,0.991819,7380.37,45128.6,0.163541,4.85039,0.00139898,1.28093,5.77016,0.00255104,0.0232073
1705888435538454849,0.001,100,0.776589,27293.9,45128.6,0.604803,15.4485,0.00139898,4.72176,5.77016,0.0055549,0.0529422
1705888435538454849,0.002,50,0.478918,81966.1,45128.6,1.81628,26.9873,0.00139898,13.7107,5.77016,0.00601204,0.0656991
1705888435538454849,0.003,33.3333,0.338578,145292,45128.6,3.21952,36.7465,0.00139898,23.4162,5.77016,0.00572254,0.0683421
1705888435538454849,0.005,20,0.2146,289688,45128.6,6.41916,52.7722,0.00139898,43.3322,5.77016,0.00541523,0.0680815
1705888435538454849,0.01,10,0.107615,698159,45128.6,15.4704,101.988,0.00139898,93.7585,5.77016,0.00563757,0.0679601
1705888435538454849,0.02,5,0.0503461,1.52233e+06,45128.6,33.733,218.518,0.00139898,195.065,5.77016,0.00545489,0.0661249
1705888435538454849,0.03,3.33333,0.0302077,2.38249e+06,45128.6,52.7933,347.384,0.00139898,296.469,5.77016,0.00523281,0.064223
1705888435538454849,0.04,2.5,0.0207678,3.26202e+06,45128.6,72.2827,470.579,0.00139898,397.895,5.77016,0.00516974,0.0637608
1705888435638301675,0.0005,200,0.988704,8701.03,45435.9,0.191501,2.34,0.593856,1.40001,5.63033,2.7351e-06,0.000452007
1705888435638301675,0.001,100,0.77824,32387.1,45435.9,0.71281,8.11072,0.593856,5.14764,5.63033,7.07149e-06,0.00157982
1705888435638301675,0.002,50,0.452438,96291.7,45435.9,2.11929,17.1765,0.593856,14.9697,5.63033,1.28992e-05,0.00314899
1705888435638301675,0.003,33.3333,0.321641,167582,45435.9,3.68831,21.4637,0.593856,25.5225,5.63033,1.68916e-05,0.00386061
1705888435638301675,0.005,20,0.198573,322422,45435.9,7.09619,28.4495,0.593856,47.1353,5.63033,2.57788e-05,0.00530815
1705888435638301675,0.01,10,0.0998811,741282,45435.9,16.3149,58.8117,0.593856,101.821,5.63033,4.78121e-05,0.0103612
1705888435638301675,0.02,5,0.0541023,1.65767e+06,45435.9,36.4837,116.494,0.593856,211.598,5.63033,8.68641e-05,0.0160116
1705888435638301675,0.03,3.33333,0.0332937,2.61071e+06,45435.9,57.4593,171.877,0.593856,321.489,5.63033,0.000122726,0.0193935
1705888435638301675,0.04,2.5,0.0243757,3.61964e+06,45435.9,79.6647,225.349,0.593856,431.405,5.63033,0.000157359,0.0212616
1705888435738140097,0.0005,200,0.992353,22893.1,44725.6,0.511856,6.04765,0.341552,1.29979,5.48094,4.94734e-06,0.00165599
1705888435738140097,0.001,100,0.795882,89249.7,44725.6,1.99549,23.5216,0.341552,4.79802,5.48094,1.30593e-05,0.00528793
1705888435738140097,0.002,50,0.483529,282221,44725.6,6.31005,67.5457,0.341552,14.0921,5.48094,2.799e-05,0.010849
1705888435738140097,0.003,33.3333,0.344706,446829,44725.6,9.99046,106.865,0.341552,24.1541,5.48094,3.51702e-05,0.0147194
1705888435738140097,0.005,20,0.216471,787306,44725.6,17.603,185.641,0.341552,44.8175,5.48094,6.18724e-05,0.0186389
1705888435738140097,0.01,10,0.115882,1.70096e+06,44725.6,38.031,391.002,0.341552,97.1618,5.48094,0.000149343,0.0229004
1705888435738140097,0.02,5,0.0594118,3.62446e+06,44725.6,81.0376,773.401,0.341552,202.333,5.48094,0.000327309,0.0257072
1705888435738140097,0.03,3.33333,0.0352941,5.53374e+06,44725.6,123.726,1146.27,0.341552,307.629,5.48094,0.000502323,0.0285955
1705888435738140097,0.04,2.5,0.0235294,7.426e+06,44725.6,166.035,1536.48,0.341552,412.953,5.48094,0.000659792,0.0310059
1705888435837976567,0.0005,200,0.994118,8014.96,44698.9,0.17931,5.93853,0.0873722,1.21092,5.83583,5.64225e-05,0.0124742
1705888435837976567,0.001,100,0.789542,29688.1,44698.9,0.66418,17.9018,0.0873722,4.47298,5.83583,0.000141988,0.0288469
1705888435837976567,0.002,50,0.463399,89305.1,44698.9,1.99793,38.7948,0.0873722,13.1124,5.83583,0.000202225,0.0409806
1705888435837976567,0.003,33.3333,0.316993,158522,44698.9,3.54644,67.6379,0.0873722,22.4684,5.83583,0.00025793,0.0503206
1705888435837976567,0.005,20,0.2,304853,44698.9,6.82015,123.929,0.0873722,41.6515,5.83583,0.000393256,0.0571242
1705888435837976567,0.01,10,0.0954248,691339,44698.9,15.4666,257.639,0.0873722,90.2031,5.83583,0.000738952,0.0633069
1705888435837976567,0.02,5,0.0464052,1.5093e+06,44698.9,33.7659,509.471,0.0873722,187.702,5.83583,0.00124041,0.0627873
1705888435837976567,0.03,3.33333,0.0333333,2.37646e+06,44698.9,53.1658,750.143,0.0873722,285.278,5.83583,0.00163907,0.0615846
1705888435837976567,0.04,2.5,0.0248366,3.25168e+06,44698.9,72.7463,994.38,0.0873722,382.874,5.83583,0.00190196,0.0615199
1705888435938599539,0.0005,200,0.994366,8948.02,44867.5,0.199432,11.0192,0.391915,1.41083,6.02157,3.09191e-05,0.00752262
1705888435938599539,0.001,100,0.780282,33129.6,44867.5,0.738388,34.3056,0.391915,5.26481,6.02157,9.23967e-05,0.0194163
1705888435938599539,0.002,50,0.446761,96775.6,44867.5,2.15692,75.7965,0.391915,15.4869,6.02157,0.000179101,0.0295457
1705888435938599539,0.003,33.3333,0.312676,167229,44867.5,3.72718,115.727,0.391915,26.4806,6.02157,0.000242721,0.0340474
1705888435938599539,0.005,20,0.20507,320353,44867.5,7.13998,196.501,0.391915,48.9577,6.02157,0.000354702,0.0385526
1705888435938599539,0.01,10,0.112676,762299,44867.5,16.99,419.253,0.391915,105.784,6.02157,0.000611907,0.0463855
1705888435938599539,0.02,5,0.063662,1.75059e+06,44867.5,39.0168,857.649,0.391915,219.898,6.02157,0.00103775,0.0506358
1705888435938599539,0.03,3.33333,0.0428169,2.82532e+06,44867.5,62.9703,1300.86,0.391915,334.126,6.02157,0.00136491,0.0505343
1705888435938599539,0.04,2.5,0.0315493,3.97521e+06,44867.5,88.5989,1753.33,0.391915,448.388,6.02157,0.0016376,0.0493026
1705888436038436268,0.0005,200,0.992248,7911.02,45924.3,0.172262,6.28049,0.00133102,1.3154,5.88694,0.00136862,0.0297583
1705888436038436268,0.001,100,0.768088,29241.3,45924.3,0.636729,18.5547,0.00133102,4.83343,5.88694,0.00261575,0.061167
1705888436038436268,0.002,50,0.452842,86091,45924.3,1.87463,45.8859,0.00133102,13.9705,5.88694,0.00144573,0.0768292
1705888436038436268,0.003,33.3333,0.323643,149610,45924.3,3.25775,64.7726,0.00133102,23.7566,5.88694,0.00131724,0.0787923
1705888436038436268,0.005,20,0.21447,292626,45924.3,6.37191,98.4854,0.00133102,43.7895,5.88694,0.00149035,0.0789653
1705888436038436268,0.01,10,0.109819,695111,45924.3,15.136,184.716,0.00133102,94.4925,5.88694,0.00141934,0.0747828
1705888436038436268,0.02,5,0.0568475,1.66682e+06,45924.3,36.2949,353.302,0.00133102,196.309,5.88694,0.00143292,0.0672509
1705888436038436268,0.03,3.33333,0.0342377,2.79876e+06,45924.3,60.9429,531.425,0.00133102,298.23,5.88694,0.00148179,0.062995
1705888436038436268,0.04,2.5,0.0213178,4.00496e+06,45924.3,87.2078,698.194,0.00133102,400.177,5.88694,0.00151125,0.0597135
1705888436138274394,0.0005,200,0.995488,9472.27,45714.4,0.207205,5.2229,0.0343742,1.42394,5.40026,0.00157945,0.0154106
1705888436138274394,0.001,100,0.781162,34717.2,45714.4,0.759436,15.7773,0.0343742,5.27662,5.40026,0.00342174,0.0297469
1705888436138274394,0.002,50,0.458545,100573,45714.4,2.20003,32.5839,0.0343742,15.4363,5.40026,0.00503593,0.0411926
1705888436138274394,0.003,33.3333,0.310209,173755,45714.4,3.80087,50.3553,0.0343742,26.4022,5.40026,0.0058094,0.0503665
1705888436138274394,0.005,20,0.20643,332053,45714.4,7.26364,90.0479,0.0343742,48.8437,5.40026,0.00555797,0.0512538
1705888436138274394,0.01,10,0.104343,772671,45714.4,16.9021,195.72,0.0343742,105.624,5.40026,0.00527368,0.05251
1705888436138274394,0.02,5,0.0485054,1.7421e+06,45714.4,38.1084,392.764,0.0343742,219.678,5.40026,0.00475676,0.0473543
1705888436138274394,0.03,3.33333,0.0321489,2.77448e+06,45714.4,60.6915,580.628,0.0343742,333.831,5.40026,0.00444944,0.045237
1705888436138274394,0.04,2.5,0.0248167,3.88905e+06,45714.4,85.0728,758.04,0.0343742,448.007,5.40026,0.00420359,0.0440249
1705888436238101280,0.0005,200,0.994064,8018.82,45784.3,0.175143,6.4093,1.27547,1.48668,5.80258,2.91287e-05,0.0061139
1705888436238101280,0.001,100,0.788991,28970,45784.3,0.632749,22.4246,1.27547,5.48599,5.80258,8.98322e-05,0.0181408
1705888436238101280,0.002,50,0.468969,84327.4,45784.3,1.84184,66.0895,1.27547,15.9807,5.80258,0.000193336,0.0391905
1705888436238101280,0.003,33.3333,0.336751,146091,45784.3,3.19086,104.343,1.27547,27.3017,5.80258,0.000256798,0.0491867
1705888436238101280,0.005,20,0.211549,283337,45784.3,6.18853,182.305,1.27547,50.525,5.80258,0.00036645,0.0621405
1705888436238101280,0.01,10,0.111171,679434,45784.3,14.8399,375.927,1.27547,109.307,5.80258,0.000598305,0.0756648
1705888436238101280,0.02,5,0.0539665,1.58647e+06,45784.3,34.6511,737.783,1.27547,227.371,5.80258,0.000963885,0.0804041
1705888436238101280,0.03,3.33333,0.0388559,2.58246e+06,45784.3,56.405,1099.87,1.27547,345.548,5.80258,0.00123718,0.0807841
1705888436238101280,0.04,2.5,0.0286023,3.64039e+06,45784.3,79.5119,1468.36,1.27547,463.758,5.80258,0.00143742,0.0793828
1705888436337956824,0.0005,200,0.988462,7786.17,45603.1,0.170738,2.38875,0.900011,1.46828,5.86538,1.1746e-06,0.00024659
1705888436337956824,0.001,100,0.773626,28428.1,45603.1,0.62338,8.5723,0.900011,5.37173,5.86538,4.3976e-06,0.000859941
1705888436337956824,0.002,50,0.502747,84797.2,45603.1,1.85946,25.1522,0.900011,15.4431,5.86538,1.42643e-05,0.00236122
1705888436337956824,0.003,33.3333,0.36978,150140,45603.1,3.29232,43.6836,0.900011,26.291,5.86538,2.40317e-05,0.00388897
1705888436337956824,0.005,20,0.243407,295825,45603.1,6.48694,80.7648,0.900011,48.5773,5.86538,4.19951e-05,0.00635441
1705888436337956824,0.01,10,0.129121,717778,45603.1,15.7397,163.521,0.900011,105.089,5.86538,7.47735e-05,0.00975787
1705888436337956824,0.02,5,0.0637363,1.71774e+06,45603.1,37.6671,324.077,0.900011,218.694,5.86538,0.000129051,0.0135965
1705888436337956824,0.03,3.33333,0.0423077,2.83616e+06,45603.1,62.1924,489.351,0.900011,332.437,5.86538,0.000181257,0.0160066
1705888436337956824,0.04,2.5,0.0274725,4.05141e+06,45603.1,88.8406,664.552,0.900011,446.216,5.86538,0.000233487,0.0178601
1705888436438606327,0.0005,200,0.996352,7948.88,45308.9,0.175437,7.02434,15.8605,1.45852,5.89083,7.92787e-07,0.000227317
1705888436438606327,0.001,100,0.780094,29173.7,45308.9,0.643884,21.8814,15.8605,5.41475,5.89083,2.66619e-06,0.00070042
1705888436438606327,0.002,50,0.498176,87372.3,45308.9,1.92837,54.4975,15.8605,15.8398,5.89083,6.45779e-06,0.0017141
1705888436438606327,0.003,33.3333,0.33976,155612,45308.9,3.43447,84.0923,15.8605,27.1776,5.89083,9.40461e-06,0.00260695
1705888436438606327,0.005,20,0.212611,305770,45308.9,6.74856,146.178,15.8605,50.4698,5.89083,1.48209e-05,0.00438314
1705888436438606327,0.01,10,0.110474,714855,45308.9,15.7774,318.762,15.8605,109.472,5.89083,2.82194e-05,0.00869339
1705888436438606327,0.02,5,0.0541949,1.58521e+06,45308.9,34.9867,665.239,15.8605,228.026,5.89083,4.89701e-05,0.0155045
1705888436438606327,0.03,3.33333,0.0354351,2.51776e+06,45308.9,55.5687,1010.34,15.8605,346.704,5.89083,6.42994e-05,0.0206851
1705888436438606327,0.04,2.5,0.0218864,3.50169e+06,45308.9,77.2847,1356.36,15.8605,465.415,5.89083,7.66488e-05,0.0248183
1705888436538456965,0.0005,200,0.99292,7379.55,46929.4,0.157248,6.70217,0.000412043,1.37206,5.7675,0.0021794,0.017337
1705888436538456965,0.001,100,0.767552,27078,46929.4,0.576993,18.2586,0.000412043,5.08064,5.7675,0.00617139,0.055232
1705888436538456965,0.002,50,0.461947,80680.6,46929.4,1.71919,37.7957,0.000412043,14.8151,5.7675,0.0102067,0.0989602
1705888436538456965,0.003,33.3333,0.333333,143896,46929.4,3.06623,54.8818,0.000412043,25.2918,5.7675,0.0106201,0.105087
1705888436538456965,0.005,20,0.20885,284700,46929.4,6.06655,87.7565,0.000412043,46.7551,5.7675,0.0103588,0.10476
1705888436538456965,0.01,10,0.113864,696381,46929.4,14.8389,161.433,0.000412043,101.038,5.7675,0.00959442,0.0986621
1705888436538456965,0.02,5,0.0625369,1.65326e+06,46929.4,35.2287,300.499,0.000412043,210.028,5.7675,0.00898086,0.0898938
1705888436538456965,0.03,3.33333,0.0483776,2.73913e+06,46929.4,58.3669,434.939,0.000412043,319.116,5.7675,0.00864497,0.0850489
1705888436538456965,0.04,2.5,0.0353982,3.91849e+06,46929.4,83.4975,577.644,0.000412043,428.239,5.7675,0.00833603,0.08131
1705888436638295057,0.0005,200,0.994618,9063.45,46971.7,0.192955,6.71777,1.17332,1.40421,5.43674,1.52666e-06,0.000461237
1705888436638295057,0.001,100,0.793326,33822.2,46971.7,0.720053,25.7522,1.17332,5.23031,5.43674,5.91812e-06,0.00172702
1705888436638295057,0.002,50,0.468245,102402,46971.7,2.18007,59.7984,1.17332,15.4743,5.43674,1.38956e-05,0.00378038
1705888436638295057,0.003,33.3333,0.318622,179526,46971.7,3.82199,99.1996,1.17332,26.5941,5.43674,2.19749e-05,0.00590574
1705888436638295057,0.005,20,0.203983,346233,46971.7,7.37109,181.604,1.17332,49.3809,5.43674,3.62436e-05,0.00962332
1705888436638295057,0.01,10,0.113563,820463,46971.7,17.4672,378.662,1.17332,107.021,5.43674,6.23751e-05,0.0151777
1705888436638295057,0.02,5,0.0532831,1.89737e+06,46971.7,40.3938,784.6,1.17332,222.819,5.43674,0.00010428,0.0201404
1705888436638295057,0.03,3.33333,0.0387513,3.07562e+06,46971.7,65.4781,1188.23,1.17332,338.727,5.43674,0.000141469,0.0218801
1705888436638295057,0.04,2.5,0.0290635,4.31821e+06,46971.7,91.9322,1580.87,1.17332,454.662,5.43674,0.000178629,0.0224647
1705888436738120935,0.0005,200,0.993754,8633.79,44546.5,0.193815,6.44145,0.869863,1.44581,5.4183,3.4876e-06,0.000985982
1705888436738120935,0.001,100,0.772856,31403.3,44546.5,0.704956,19.0603,0.869863,5.33605,5.4183,1.05514e-05,0.00280498
1705888436738120935,0.002,50,0.461102,90976.6,44546.5,2.04228,46.3692,0.869863,15.515,5.4183,2.56237e-05,0.00619805
1705888436738120935,0.003,33.3333,0.328223,157503,44546.5,3.53571,65.2342,0.869863,26.459,5.4183,3.56648e-05,0.00795351
1705888436738120935,0.005,20,0.206701,305622,44546.5,6.86074,102.803,0.869863,48.8666,5.4183,5.07651e-05,0.0105003
1705888436738120935,0.01,10,0.124361,738774,44546.5,16.5843,211.96,0.869863,105.509,5.4183,8.2628e-05,0.0146689
1705888436738120935,0.02,5,0.0573538,1.77135e+06,44546.5,39.764,475.971,0.869863,219.304,5.4183,0.000132896,0.0185947
1705888436738120935,0.03,3.33333,0.0374787,2.94506e+06,44546.5,66.1121,772.116,0.869863,333.225,5.4183,0.000179216,0.019846
1705888436738120935,0.04,2.5,0.0255537,4.1826e+06,44546.5,93.893,1061.1,0.869863,447.175,5.4183,0.000221266,0.0201621
1705888436837964040,0.0005,200,0.99519,8197.23,45360.3,0.180714,4.93023,0.0564273,1.47593,5.63185,0.000125483,0.0120558
1705888436837964040,0.001,100,0.778728,30390,45360.3,0.66997,14.647,0.0564273,5.46875,5.63185,0.000533534,0.0263686
1705888436837964040,0.002,50,0.474078,90781.3,45360.3,2.00134,27.3572,0.0564273,16.0085,5.63185,0.00149393,0.0372183
1705888436837964040,0.003,33.3333,0.330305,159379,45360.3,3.51363,36.2018,0.0564273,27.3973,5.63185,0.00223378,0.0392005
1705888436837964040,0.005,20,0.207376,312721,45360.3,6.89417,58.7716,0.0564273,50.7533,5.63185,0.00346906,0.0451487
1705888436837964040,0.01,10,0.106895,756592,45360.3,16.6796,148.063,0.0564273,109.868,5.63185,0.00544206,0.063789
1705888436837964040,0.02,5,0.050775,1.77353e+06,45360.3,39.0988,304.507,0.0564273,228.604,5.63185,0.00713934,0.0781098
1705888436837964040,0.03,3.33333,0.0358097,2.85794e+06,45360.3,63.0054,444.932,0.0564273,347.446,5.63185,0.00792771,0.0839582
1705888436837964040,0.04,2.5,0.0256547,4.02262e+06,45360.3,88.6815,584.111,0.0564273,466.314,5.63185,0.00826311,0.0857199
1705888436938588829,0.0005,200,0.993637,7654.62,46036.6,0.166273,6.61604,7.94807,1.42768,5.89341,7.0935e-07,0.000124931
1705888436938588829,0.001,100,0.792683,28145.5,46036.6,0.611373,17.8241,7.94807,5.29102,5.89341,2.10104e-06,0.000331493
1705888436938588829,0.002,50,0.490456,84402.1,46036.6,1.83337,31.4238,7.94807,15.5354,5.89341,4.56158e-06,0.000558139
1705888436938588829,0.003,33.3333,0.342524,148118,46036.6,3.2174,45.7902,7.94807,26.6554,5.89341,6.92448e-06,0.000793993
1705888436938588829,0.005,20,0.212089,287120,46036.6,6.23678,76.4337,7.94807,49.5041,5.89341,1.15099e-05,0.00128483
1705888436938588829,0.01,10,0.114528,681062,46036.6,14.7939,147.789,7.94807,107.358,5.89341,2.26449e-05,0.00229673
1705888436938588829,0.02,5,0.0604454,1.59435e+06,46036.6,34.6322,277.396,7.94807,223.578,5.89341,4.23046e-05,0.00383003
1705888436938588829,0.03,3.33333,0.042948,2.5895e+06,46036.6,56.2487,418.131,7.94807,339.922,5.89341,6.13774e-05,0.00523992
1705888436938588829,0.04,2.5,0.0318134,3.64556e+06,46036.6,79.1882,553.671,7.94807,456.304,5.89341,8.03196e-05,0.00636468
1705888437038420265,0.0005,200,0.99161,7833.52,45515.7,0.172106,5.58486,0.000353529,1.42688,5.74724,0.00123183,0.0391313
1705888437038420265,0.001,100,0.796015,29194.3,45515.7,0.641413,17.5434,0.000353529,5.2827,5.74724,0.00319671,0.0875556
1705888437038420265,0.002,50,0.498165,87355.3,45515.7,1.91924,39.8815,0.000353529,15.4805,5.74724,0.00405843,0.11816
1705888437038420265,0.003,33.3333,0.354483,153760,45515.7,3.37818,65.4289,0.000353529,26.5459,5.74724,0.00431622,0.122443
1705888437038420265,0.005,20,0.234924,300988,45515.7,6.61285,114.55,0.000353529,49.2924,5.74724,0.00442031,0.115359
1705888437038420265,0.01,10,0.121657,713959,45515.7,15.686,242.029,0.000353529,106.99,5.74724,0.00446752,0.106588
1705888437038420265,0.02,5,0.0608285,1.65541e+06,45515.7,36.37,496.312,0.000353529,222.923,5.74724,0.00476421,0.0966207
1705888437038420265,0.03,3.33333,0.045097,2.68684e+06,45515.7,59.0311,769.638,0.000353529,338.976,5.74724,0.00481881,0.0935938
1705888437038420265,0.04,2.5,0.031463,3.77803e+06,45515.7,83.005,1044.65,0.000353529,455.067,5.74724,0.00480375,0.0914731
1705888437138263926,0.0005,200,0.992077,7489.5,43399.4,0.172572,5.1037,0.13148,1.46166,5.45693,3.12914e-05,0.00449072
1705888437138263926,0.001,100,0.767968,27386.6,43399.4,0.631037,14.2066,0.13148,5.38977,5.45693,9.33412e-05,0.0103485
1705888437138263926,0.002,50,0.464063,79481.6,43399.4,1.8314,28.6984,0.13148,15.6553,5.45693,0.000177538,0.019162
1705888437138263926,0.003,33.3333,0.314658,137722,43399.4,3.17336,45.8083,0.13148,26.7118,5.45693,0.000252129,0.0250529
1705888437138263926,0.005,20,0.203735,262996,43399.4,6.05989,84.5604,0.13148,49.3472,5.45693,0.000369947,0.034159
1705888437138263926,0.01,10,0.105829,605343,43399.4,13.9482,175.672,0.13148,106.618,5.45693,0.000666746,0.0404655
1705888437138263926,0.02,5,0.049236,1.34564e+06,43399.4,31.006,356.833,0.13148,221.627,5.45693,0.0012145,0.0413843
1705888437138263926,0.03,3.33333,0.0333899,2.11144e+06,43399.4,48.6514,533.696,0.13148,336.733,5.45693,0.0016912,0.0419661
1705888437138263926,0.04,2.5,0.0254669,2.91931e+06,43399.4,67.2661,708.107,0.13148,451.865,5.45693,0.00209868,0.0421212
1705888437238117719,0.0005,200,0.992545,7086.32,46135.5,0.153598,2.99784,0.357643,1.45496,6.03462,2.50491e-05,0.00244309
1705888437238117719,0.001,100,0.78541,26055.1,46135.5,0.56475,9.94231,0.357643,5.37515,6.03462,8.63957e-05,0.00686374
1705888437238117719,0.002,50,0.494143,76400.7,46135.5,1.65601,33.7498,0.357643,15.6974,6.03462,0.000210275,0.0163625
1705888437238117719,0.003,33.3333,0.348243,135177,46135.5,2.92999,59.1962,0.357643,26.8938,6.03462,0.000345112,0.0208456
1705888437238117719,0.005,20,0.207135,260864,46135.5,5.65429,105.629,0.357643,49.9203,6.03462,0.000611601,0.0235321
1705888437238117719,0.01,10,0.109159,598820,46135.5,12.9796,228.537,0.357643,108.223,6.03462,0.0011332,0.0268375
1705888437238117719,0.02,5,0.0548456,1.34254e+06,46135.5,29.0998,460.07,0.357643,225.304,6.03462,0.00182794,0.0291033
1705888437238117719,0.03,3.33333,0.042066,2.15042e+06,46135.5,46.611,677.099,0.357643,342.49,6.03462,0.0022654,0.0309975
1705888437238117719,0.04,2.5,0.0308839,2.94187e+06,46135.5,63.7658,894.449,0.357643,459.707,6.03462,0.00266381,0.0330876
1705888437337946856,0.0005,200,0.994512,8183.54,47534.2,0.172161,4.17272,19.1846,1.44047,5.66146,2.96883e-07,9.99481e-05
1705888437337946856,0.001,100,0.784303,30150.3,47534.2,0.634288,11.3999,19.1846,5.3371,5.66146,5.89444e-07,0.000273394
1705888437337946856,0.002,50,0.467069,90721.5,47534.2,1.90855,32.0315,19.1846,15.5934,5.66146,1.73009e-06,0.000758348
1705888437337946856,0.003,33.3333,0.331504,160003,47534.2,3.36606,50.7344,19.1846,26.6599,5.66146,3.25884e-06,0.00118709
1705888437337946856,0.005,20,0.213502,318663,47534.2,6.70387,92.8085,19.1846,49.328,5.66146,6.04801e-06,0.00211153
1705888437337946856,0.01,10,0.115258,781375,47534.2,16.4382,200.757,19.1846,106.703,5.66146,1.3513e-05,0.00425614
1705888437337946856,0.02,5,0.0554336,1.86418e+06,47534.2,39.2176,429.064,19.1846,221.99,5.66146,2.60967e-05,0.00793427
1705888437337946856,0.03,3.33333,0.0433589,3.05726e+06,47534.2,64.3171,642.724,19.1846,337.378,5.66146,3.57004e-05,0.0106224
1705888437337946856,0.04,2.5,0.032382,4.29542e+06,47534.2,90.3649,840.885,19.1846,452.792,5.66146,4.41266e-05,0.012762
1705888437438589580,0.0005,200,0.991257,8166.44,45246,0.18049,9.44561,2.95137,1.48303,5.74429,1.23428e-06,0.000292673
1705888437438589580,0.001,100,0.777596,30408.1,45246,0.672061,32.6065,2.95137,5.47276,5.74429,4.1297e-06,0.00100424
1705888437438589580,0.002,50,0.471038,90292.1,45246,1.99558,80.7304,2.95137,15.9419,5.74429,9.86719e-06,0.00244391
1705888437438589580,0.003,33.3333,0.332787,158044,45246,3.493,125.311,2.95137,27.2112,5.74429,1.52104e-05,0.00371306
1705888437438589580,0.005,20,0.215847,303685,45246,6.71185,206.656,2.95137,50.3026,5.74429,2.3998e-05,0.00586505
1705888437438589580,0.01,10,0.109836,702277,45246,15.5213,411.284,2.95137,108.749,5.74429,4.32556e-05,0.0105225
1705888437438589580,0.02,5,0.0590164,1.61651e+06,45246,35.7271,798.791,2.95137,226.126,5.74429,7.40411e-05,0.0168635
1705888437438589580,0.03,3.33333,0.0387978,2.58775e+06,45246,57.1929,1186.5,2.95137,343.622,5.74429,9.99282e-05,0.0214667
1705888437438589580,0.04,2.5,0.0289617,3.61169e+06,45246,79.8233,1568.85,2.95137,461.147,5.74429,0.000123606,0.0249603
1705888437538425256,0.0005,200,0.988859,7713.07,46117.2,0.167249,6.92363,0.0498686,1.59567,5.73012,3.89628e-05,0.0116445
1705888437538425256,0.001,100,0.767109,28381.6,46117.2,0.615423,22.825,0.0498686,5.84363,5.73012,0.000181493,0.0270896
1705888437538425256,0.002,50,0.457825,83375.6,46117.2,1.8079,54.2248,0.0498686,16.8888,5.73012,0.000426833,0.0331764
1705888437538425256,0.003,33.3333,0.319894,144555,46117.2,3.13452,82.7498,0.0498686,28.7745,5.73012,0.000741728,0.0324618
1705888437538425256,0.005,20,0.196817,271666,46117.2,5.89077,133.478,0.0498686,53.1235,5.73012,0.00103352,0.0326472
1705888437538425256,0.01,10,0.109284,613240,46117.2,13.2974,267.957,0.0498686,114.677,5.73012,0.00141762,0.0337919
1705888437538425256,0.02,5,0.0562334,1.36281e+06,46117.2,29.551,559.012,0.0498686,238.255,5.73012,0.0017239,0.037483
1705888437538425256,0.03,3.33333,0.0366048,2.18795e+06,46117.2,47.4432,864.633,0.0498686,361.955,5.73012,0.00182003,0.0382583
1705888437538425256,0.04,2.5,0.0254642,3.05528e+06,46117.2,66.2503,1172.88,0.0498686,485.686,5.73012,0.00188705,0.0384214
1705888437638268232,0.0005,200,0.991588,8124.08,45538.5,0.1784,4.20309,0.751909,1.50146,5.76358,7.93012e-06,0.00188946
1705888437638268232,0.001,100,0.788644,29864.6,45538.5,0.655809,11.0302,0.751909,5.55614,5.76358,2.36755e-05,0.00439268
1705888437638268232,0.002,50,0.473712,89426.1,45538.5,1.96375,20.818,0.751909,16.2824,5.76358,4.29174e-05,0.00671918
1705888437638268232,0.003,33.3333,0.327024,157481,45538.5,3.4582,39.7687,0.751909,27.8916,5.76358,5.28583e-05,0.0103905
1705888437638268232,0.005,20,0.195058,306323,45538.5,6.72668,79.0263,0.751909,51.7176,5.76358,7.58616e-05,0.014356
1705888437638268232,0.01,10,0.104101,715706,45538.5,15.7165,176.765,0.751909,111.979,5.76358,0.000133794,0.0174312
1705888437638268232,0.02,5,0.0515247,1.65735e+06,45538.5,36.3945,387.686,0.751909,232.973,5.76358,0.000239842,0.0194322
1705888437638268232,0.03,3.33333,0.0362776,2.69161e+06,45538.5,59.1063,591.382,0.751909,354.077,5.76358,0.00033162,0.0197491
1705888437638268232,0.04,2.5,0.0262881,3.8202e+06,45538.5,83.8895,797.973,0.751909,475.212,5.76358,0.00040542,0.0198018
1705888437738116994,0.0005,200,0.993166,7514.88,47693.7,0.157565,5.84589,0.00104976,1.4562,5.77951,0.00119565,0.0126622
1705888437738116994,0.001,100,0.771071,27893.7,47693.7,0.584851,18.4078,0.00104976,5.35991,5.77951,0.0017639,0.0269989
1705888437738116994,0.002,50,0.468109,82972.3,47693.7,1.73969,36.1998,0.00104976,15.4829,5.77951,0.00248808,0.0379781
1705888437738116994,0.003,33.3333,0.337699,148830,47693.7,3.12052,50.3361,0.00104976,26.3557,5.77951,0.00258473,0.0429612
1705888437738116994,0.005,20,0.219818,292515,47693.7,6.13319,74.4595,0.00104976,48.6468,5.77951,0.00228245,0.0372526
1705888437738116994,0.01,10,0.114465,688535,47693.7,14.4366,132.118,0.00104976,105.084,5.77951,0.00217931,0.0303698
1705888437738116994,0.02,5,0.0558087,1.51212e+06,47693.7,31.7048,281.479,0.00104976,218.464,5.77951,0.00224829,0.0307804
1705888437738116994,0.03,3.33333,0.0381549,2.38163e+06,47693.7,49.9358,431.59,0.00104976,331.954,5.77951,0.00236943,0.0318591
1705888437738116994,0.04,2.5,0.0273349,3.29032e+06,47693.7,68.9885,595.137,0.00104976,445.473,5.77951,0.00241149,0.0319032
1705888437837955439,0.0005,200,0.995548,8285.45,45163,0.183457,4.37159,0.481012,1.38089,5.14321,1.60401e-06,0.000312698
1705888437837955439,0.001,100,0.787423,30390.3,45163,0.672904,12.683,0.481012,5.12623,5.14321,4.90152e-06,0.000885453
1705888437837955439,0.002,50,0.48581,90346.4,45163,2.00045,19.4955,0.481012,15.043,5.14321,9.05055e-06,0.00128101
1705888437837955439,0.003,33.3333,0.326656,158192,45163,3.50268,23.8984,0.481012,25.8221,5.14321,1.19475e-05,0.00150668
1705888437837955439,0.005,20,0.204229,304628,45163,6.74509,39.2241,0.481012,47.9418,5.14321,1.89309e-05,0.00226488
1705888437837955439,0.01,10,0.107958,720027,45163,15.9429,88.1143,0.481012,103.915,5.14321,3.70141e-05,0.00413143
1705888437837955439,0.02,5,0.0562048,1.58186e+06,45163,35.0256,162.52,0.481012,216.314,5.14321,6.54346e-05,0.0059667
1705888437837955439,0.03,3.33333,0.0383973,2.4924e+06,45163,55.1869,233.442,0.481012,328.82,5.14321,9.04965e-05,0.00723026
1705888437837955439,0.04,2.5,0.0289371,3.45937e+06,45163,76.5974,298.446,0.481012,441.354,5.14321,0.000114281,0.00804907
1705888437938596938,0.0005,200,0.995077,7771.37,45365.6,0.171305,2.35638,0.0997474,1.38182,5.60053,1.84123e-05,0.00282332
1705888437938596938,0.001,100,0.795405,28597.5,45365.6,0.630378,10.5396,0.0997474,5.11634,5.60053,5.55511e-05,0.0103484
1705888437938596938,0.002,50,0.492888,87476.5,45365.6,1.92826,23.1485,0.0997474,15.0031,5.60053,0.000124597,0.0140471
1705888437938596938,0.003,33.3333,0.353392,159021,45365.6,3.50532,32.4404,0.0997474,25.7265,5.60053,0.000204139,0.0151824
1705888437938596938,0.005,20,0.219365,330614,45365.6,7.28776,50.6709,0.0997474,47.7683,5.60053,0.000365512,0.0175653
1705888437938596938,0.01,10,0.112691,894499,45365.6,19.7176,86.7094,0.0997474,103.624,5.60053,0.000728794,0.0193924
1705888437938596938,0.02,5,0.0618162,2.39612e+06,45365.6,52.818,169.569,0.0997474,215.833,5.60053,0.00125177,0.024022
1705888437938596938,0.03,3.33333,0.0415755,3.77355e+06,45365.6,83.1808,257.705,0.0997474,328.159,5.60053,0.00160761,0.0267451
1705888437938596938,0.04,2.5,0.0333698,5.22375e+06,45365.6,115.148,341.635,0.0997474,440.515,5.60053,0.00185644,0.0288222
1705888438038435270,0.0005,200,0.988366,6992.52,44314.5,0.157793,8.74621,0.416201,1.40037,5.52363,4.05352e-05,0.00802873
1705888438038435270,0.001,100,0.816499,25820.3,44314.5,0.582662,29.022,0.416201,5.14054,5.52363,0.00012322,0.022339
1705888438038435270,0.002,50,0.518773,76838.8,44314.5,1.73394,59.9002,0.416201,15.1076,5.52363,0.000231133,0.0340838
1705888438038435270,0.003,33.3333,0.34532,133608,44314.5,3.01499,89.455,0.416201,25.9948,5.52363,0.000315984,0.0422456
1705888438038435270,0.005,20,0.226864,256447,44314.5,5.78698,158.179,0.416201,48.3712,5.52363,0.000473281,0.056329
1705888438038435270,0.01,10,0.1211,600731,44314.5,13.5561,335.346,0.416201,105.068,5.52363,0.000791693,0.070409
1705888438038435270,0.02,5,0.0602856,1.4054e+06,44314.5,31.7142,679.491,0.416201,219.018,5.52363,0.00126758,0.0724868
1705888438038435270,0.03,3.33333,0.041248,2.36013e+06,44314.5,53.2587,1023.8,0.416201,333.089,5.52363,0.00161853,0.0689763
1705888438038435270,0.04,2.5,0.0327869,3.4329e+06,44314.5,77.4667,1379.02,0.416201,447.189,5.52363,0.00188651,0.0655679
1705888438138288300,0.0005,200,0.99174,8035.7,47244.3,0.170088,7.15669,11.2158,1.46693,5.70629,1.71743e-06,0.000481575
1705888438138288300,0.001,100,0.798658,29841.1,47244.3,0.631635,25.373,11.2158,5.42125,5.70629,6.04022e-06,0.00167851
1705888438138288300,0.002,50,0.486319,88752.3,47244.3,1.87858,56.9896,11.2158,15.9333,5.70629,1.30049e-05,0.00360257
1705888438138288300,0.003,33.3333,0.341249,156794,47244.3,3.3188,86.4878,11.2158,27.3467,5.70629,1.87734e-05,0.00520802
1705888438138288300,0.005,20,0.218379,301851,47244.3,6.38916,143.013,11.2158,50.7906,5.70629,2.8416e-05,0.0078466
1705888438138288300,0.01,10,0.114094,694911,47244.3,14.7089,291.726,11.2158,110.151,5.70629,4.79421e-05,0.013046
1705888438138288300,0.02,5,0.0619515,1.58611e+06,47244.3,33.5725,592.973,11.2158,229.384,5.70629,7.36203e-05,0.0193691
1705888438138288300,0.03,3.33333,0.0469799,2.58739e+06,47244.3,54.7663,883.795,11.2158,348.732,5.70629,9.01818e-05,0.0229632
1705888438138288300,0.04,2.5,0.0351058,3.66489e+06,47244.3,77.5732,1180.43,11.2158,468.114,5.70629,0.000104191,0.0256211
1705888438238131602,0.0005,200,0.993432,8325.58,44859.4,0.185593,4.17756,0.532905,1.41658,5.49468,7.85751e-06,0.00190489
1705888438238131602,0.001,100,0.783799,30785.3,44859.4,0.686262,15.1929,0.532905,5.25337,5.49468,2.54441e-05,0.00608457
1705888438238131602,0.002,50,0.47838,90953.2,44859.4,2.02752,36.1361,0.532905,15.3953,5.49468,5.03806e-05,0.0112188
1705888438238131602,0.003,33.3333,0.322386,159979,44859.4,3.56624,53.9089,0.532905,26.4034,5.49468,6.75296e-05,0.0138061
1705888438238131602,0.005,20,0.209086,312404,44859.4,6.96407,97.2081,0.532905,48.9797,5.49468,0.000102715,0.0186069
1705888438238131602,0.01,10,0.106185,738544,44859.4,16.4635,218.623,0.532905,106.115,5.49468,0.000179914,0.0251544
1705888438238131602,0.02,5,0.058566,1.71533e+06,44859.4,38.238,439.08,0.532905,220.842,5.49468,0.000318238,0.0296135
1705888438238131602,0.03,3.33333,0.0415982,2.76412e+06,44859.4,61.6175,682.253,0.532905,335.679,5.49468,0.000443811,0.0307763
1705888438238131602,0.04,2.5,0.030104,3.82982e+06,44859.4,85.3739,919.593,0.532905,450.547,5.49468,0.000558909,0.0318535
1705888438337978664,0.0005,200,0.994837,7832.88,43916.6,0.178358,7.18686,0.469371,1.47095,5.48377,1.80953e-05,0.00419999
1705888438337978664,0.001,100,0.792979,28921.2,43916.6,0.658548,19.4784,0.469371,5.46164,5.48377,4.6789e-05,0.0101769
1705888438337978664,0.002,50,0.495096,84864.2,43916.6,1.9324,42.9934,0.469371,16.027,5.48377,0.000102922,0.0169088
1705888438337978664,0.003,33.3333,0.345896,147874,43916.6,3.36716,61.2826,0.469371,27.4861,5.48377,0.000134933,0.0188354
1705888438337978664,0.005,20,0.209602,287414,43916.6,6.54455,92.8376,0.469371,51.0523,5.48377,0.000192957,0.0199295
1705888438337978664,0.01,10,0.111513,677970,43916.6,15.4377,202.846,0.469371,110.751,5.48377,0.000322946,0.0216833
1705888438337978664,0.02,5,0.0516262,1.56697e+06,43916.6,35.6806,434.694,0.469371,230.678,5.48377,0.000521944,0.0206196
1705888438337978664,0.03,3.33333,0.0345896,2.45797e+06,43916.6,55.9691,671.279,0.469371,350.721,5.48377,0.000702796,0.0191068
1705888438337978664,0.04,2.5,0.0258131,3.35759e+06,43916.6,76.4538,902.968,0.469371,470.791,5.48377,0.000861243,0.0174017
1705888438438613230,0.0005,200,0.994315,7342.47,46237.4,0.158799,5.30656,2.03656,1.4375,6.12045,4.56689e-06,0.00122535
1705888438438613230,0.001,100,0.776009,26462.5,46237.4,0.572317,11.7896,2.03656,5.3374,6.12045,1.14265e-05,0.00266892
1705888438438613230,0.002,50,0.456509,77019.8,46237.4,1.66575,18.9427,2.03656,15.5436,6.12045,2.22037e-05,0.00444781
1705888438438613230,0.003,33.3333,0.322342,135810,46237.4,2.93724,27.3685,2.03656,26.5382,6.12045,3.40745e-05,0.00637488
1705888438438613230,0.005,20,0.198408,263624,46237.4,5.70152,45.8432,2.03656,49.0691,6.12045,5.34519e-05,0.010239
1705888438438613230,0.01,10,0.100625,611311,46237.4,13.2211,90.3198,2.03656,106.046,6.12045,9.87683e-05,0.0182386
1705888438438613230,0.02,5,0.0471859,1.3613e+06,46237.4,29.4416,175.47,2.03656,220.46,6.12045,0.000193554,0.0296743
1705888438438613230,0.03,3.33333,0.0346788,2.14877e+06,46237.4,46.4724,262.93,2.03656,334.967,6.12045,0.000284598,0.0375154
1705888438438613230,0.04,2.5,0.0238772,2.9377e+06,46237.4,63.5352,348.145,2.03656,449.501,6.12045,0.000375715,0.0432304
1705888438538455559,0.0005,200,0.996687,8121.29,46262.7,0.175547,6.64938,9.06973,1.38584,5.67316,4.73043e-07,0.000162537
1705888438538455559,0.001,100,0.785754,30025,46262.7,0.64901,22.0325,9.06973,5.16978,5.67316,1.64798e-06,0.000534081
1705888438538455559,0.002,50,0.470458,89394.5,46262.7,1.93232,60.3102,9.06973,15.2375,5.67316,4.48384e-06,0.00143463
1705888438538455559,0.003,33.3333,0.325787,156592,46262.7,3.38485,96.569,9.06973,26.1447,5.67316,7.23727e-06,0.00224967
1705888438538455559,0.005,20,0.20265,302772,46262.7,6.54461,165.453,9.06973,48.5202,5.67316,1.24145e-05,0.00368828
1705888438538455559,0.01,10,0.100497,715283,46262.7,15.4613,351.478,9.06973,105.162,5.67316,2.40849e-05,0.00701643
1705888438538455559,0.02,5,0.0513528,1.59613e+06,46262.7,34.5015,722.64,9.06973,218.92,5.67316,4.11078e-05,0.0118733
1705888438538455559,0.03,3.33333,0.0347874,2.52144e+06,46262.7,54.5026,1091.88,9.06973,332.777,5.67316,5.35559e-05,0.0151738
1705888438538455559,0.04,2.5,0.0276091,3.44844e+06,46262.7,74.5403,1475.94,9.06973,446.661,5.67316,6.49332e-05,0.0176952
1705888438638295924,0.0005,200,0.99126,7476.69,46346.9,0.16132,7.92556,15.7434,1.50412,5.5193,5.70345e-07,0.000191035
1705888438638295924,0.001,100,0.786118,27466.1,46346.9,0.592619,25.7943,15.7434,5.55381,5.5193,1.92371e-06,0.000617305
1705888438638295924,0.002,50,0.493059,80851.7,46346.9,1.74449,62.409,15.7434,16.23,5.5193,4.77108e-06,0.0014687
1705888438638295924,0.003,33.3333,0.341388,142313,46346.9,3.07061,93.3988,15.7434,27.8141,5.5193,7.0179e-06,0.00216152
1705888438638295924,0.005,20,0.213368,275279,46346.9,5.93952,155.684,15.7434,51.6175,5.5193,1.14296e-05,0.00347931
1705888438638295924,0.01,10,0.102314,658517,46346.9,14.2084,325.157,15.7434,111.935,5.5193,2.12418e-05,0.00663057
1705888438638295924,0.02,5,0.0503856,1.48669e+06,46346.9,32.0775,640.173,15.7434,233.111,5.5193,3.49497e-05,0.0109505
1705888438638295924,0.03,3.33333,0.0308483,2.36636e+06,46346.9,51.0575,956.346,15.7434,354.395,5.5193,4.46358e-05,0.013966
1705888438638295924,0.04,2.5,0.0257069,3.30246e+06,46346.9,71.2552,1273.2,15.7434,475.701,5.5193,5.19865e-05,0.0160841
1705888438738147102,0.0005,200,0.986908,7744.54,46779.1,0.165556,2.10509,15.8257,1.58368,5.60972,3.64316e-07,4.83062e-05
1705888438738147102,0.001,100,0.780463,28470.2,46779.1,0.608608,8.91546,15.8257,5.81263,5.60972,1.05752e-06,0.000211285
1705888438738147102,0.002,50,0.48288,82227.8,46779.1,1.75779,28.9799,15.8257,16.8786,5.60972,2.34435e-06,0.000687459
1705888438738147102,0.003,33.3333,0.345418,142253,46779.1,3.04095,44.8279,15.8257,28.8146,5.60972,3.52381e-06,0.0010472
1705888438738147102,0.005,20,0.23716,272505,46779.1,5.82536,72.5579,15.8257,53.2758,5.60972,5.35541e-06,0.00164342
1705888438738147102,0.01,10,0.118832,635236,46779.1,13.5795,152.136,15.8257,115.258,5.60972,8.18275e-06,0.00320375
1705888438738147102,0.02,5,0.0659617,1.44974e+06,46779.1,30.9912,321.528,15.8257,239.796,5.60972,1.49824e-05,0.00574187
1705888438738147102,0.03,3.33333,0.0422961,2.31023e+06,46779.1,49.3859,473.632,15.8257,364.475,5.60972,2.10124e-05,0.00732872
1705888438738147102,0.04,2.5,0.0322256,3.18663e+06,46779.1,68.1209,626.194,15.8257,489.186,5.60972,2.75785e-05,0.00852559
1705888438837984062,0.0005,200,0.995354,7866.83,45714.8,0.172085,8.0533,5.91859,1.49713,5.78653,7.23393e-07,0.000222842
1705888438837984062,0.001,100,0.786267,28854.4,45714.8,0.631184,26.0126,5.91859,5.54176,5.78653,2.32022e-06,0.000714413
1705888438837984062,0.002,50,0.4889,87244.7,45714.8,1.90846,61.7139,5.91859,16.1629,5.78653,5.24134e-06,0.00166225
1705888438837984062,0.003,33.3333,0.346928,156705,45714.8,3.42788,90.4731,5.91859,27.6695,5.78653,7.44845e-06,0.00238004
1705888438837984062,0.005,20,0.213733,310800,45714.8,6.79868,148.443,5.91859,51.3264,5.78653,1.16152e-05,0.00371265
1705888438837984062,0.01,10,0.107899,749917,45714.8,16.4042,305.302,5.91859,111.272,5.78653,2.11201e-05,0.00670382
1705888438837984062,0.02,5,0.0542075,1.70362e+06,45714.8,37.2663,600.681,5.91859,231.691,5.78653,3.30504e-05,0.0104335
1705888438837984062,0.03,3.33333,0.0402685,2.72476e+06,45714.8,59.6035,899.012,5.91859,352.218,5.78653,4.00724e-05,0.0127481
1705888438837984062,0.04,2.5,0.0304595,3.82108e+06,45714.8,83.5852,1203.13,5.91859,472.776,5.78653,4.45498e-05,0.0142991
1705888438938626209,0.0005,200,0.992316,8227.08,47586.1,0.172888,3.07469,0.946835,1.57282,5.72916,1.67122e-05,0.0030814
1705888438938626209,0.001,100,0.774078,30169.1,47586.1,0.63399,12.3332,0.946835,5.79376,5.72916,5.72066e-05,0.012119
1705888438938626209,0.002,50,0.473361,89375.7,47586.1,1.87819,24.1858,0.946835,16.8404,5.72916,0.000138633,0.0216054
1705888438938626209,0.003,33.3333,0.332992,157312,47586.1,3.30584,39.4532,0.946835,28.7699,5.72916,0.000235517,0.0298332
1705888438938626209,0.005,20,0.205943,304492,47586.1,6.39876,77.6629,0.946835,53.2402,5.72916,0.000404248,0.0394742
1705888438938626209,0.01,10,0.111168,717448,47586.1,15.0769,152.969,0.946835,115.143,5.72916,0.000767374,0.0496999
1705888438938626209,0.02,5,0.0630123,1.71478e+06,47586.1,36.0353,282.91,0.946835,239.45,5.72916,0.00141609,0.0523639
1705888438938626209,0.03,3.33333,0.0430328,2.88454e+06,47586.1,60.6173,407.815,0.946835,363.882,5.72916,0.00197514,0.0519446
1705888438938626209,0.04,2.5,0.0317623,4.15764e+06,47586.1,87.371,542.486,0.946835,488.349,5.72916,0.00242652,0.0523927
1705888439038477115,0.0005,200,0.993936,7570.09,46230.1,0.163748,1.32018,3.49308,1.48872,5.12417,7.77345e-07,8.63639e-05
1705888439038477115,0.001,100,0.759096,27965.1,46230.1,0.604911,5.29283,3.49308,5.51541,5.12417,2.9242e-06,0.000342578
1705888439038477115,0.002,50,0.463065,82266.5,46230.1,1.7795,12.2689,3.49308,16.0297,5.12417,5.72706e-06,0.000778814
1705888439038477115,0.003,33.3333,0.315877,142338,46230.1,3.07891,16.7248,3.49308,27.3682,5.12417,7.11458e-06,0.001033
1705888439038477115,0.005,20,0.194046,273684,46230.1,5.92004,24.7761,3.49308,50.5994,5.12417,1.08707e-05,0.00142782
1705888439038477115,0.01,10,0.0964719,624056,46230.1,13.4989,35.2313,3.49308,109.366,5.12417,2.02523e-05,0.00182447
1705888439038477115,0.02,5,0.0485116,1.38922e+06,46230.1,30.0501,68.1874,3.49308,227.348,5.12417,4.01246e-05,0.00274514
1705888439038477115,0.03,3.33333,0.0363837,2.21006e+06,46230.1,47.8056,108.095,3.49308,345.423,5.12417,5.99826e-05,0.00358304
1705888439038477115,0.04,2.5,0.0264609,3.08147e+06,46230.1,66.6551,148.788,3.49308,463.523,5.12417,7.92578e-05,0.00434241
1705888439138323162,0.0005,200,0.994321,7499.55,46188.8,0.162367,1.53459,1.88487,1.33511,5.41889,7.56392e-07,0.000102319
1705888439138323162,0.001,100,0.792731,27691.8,46188.8,0.599533,5.11882,1.88487,4.97707,5.41889,2.28513e-06,0.000343058
1705888439138323162,0.002,50,0.470755,82207.3,46188.8,1.77981,12.4584,1.88487,14.693,5.41889,5.49249e-06,0.000796156
1705888439138323162,0.003,33.3333,0.325383,144210,46188.8,3.12219,16.891,1.88487,25.2232,5.41889,8.03775e-06,0.00103491
1705888439138323162,0.005,20,0.20954,278496,46188.8,6.0295,26.4512,1.88487,46.8091,5.41889,1.20599e-05,0.00153482
1705888439138323162,0.01,10,0.11414,667861,46188.8,14.4594,54.6784,1.88487,101.419,5.41889,2.01998e-05,0.00290567
1705888439138323162,0.02,5,0.0601931,1.53709e+06,46188.8,33.2784,108.42,1.88487,211.115,5.41889,3.41252e-05,0.00491138
1705888439138323162,0.03,3.33333,0.0397501,2.44549e+06,46188.8,52.9454,166.656,1.88487,320.93,5.41889,4.91743e-05,0.00636873
1705888439138323162,0.04,2.5,0.0266894,3.3875e+06,46188.8,73.3403,220.368,1.88487,430.777,5.41889,6.37845e-05,0.00745278
1705888439238156425,0.0005,200,0.992897,7776.47,46506.1,0.167214,4.73244,0.210412,1.46951,5.41835,0.000137401,0.00508897
1705888439238156425,0.001,100,0.792998,28892.4,46506.1,0.621261,12.1933,0.210412,5.45189,5.41835,0.000474286,0.00762824
1705888439238156425,0.002,50,0.498732,87878.6,46506.1,1.88961,10.2309,0.210412,16.0383,5.41835,0.000991227,0.00626443
1705888439238156425,0.003,33.3333,0.345003,156135,46506.1,3.35729,10.3729,0.210412,27.5554,5.41835,0.0014256,0.0150438
1705888439238156425,0.005,20,0.219178,306003,46506.1,6.57983,16.3991,0.210412,51.2139,5.41835,0.00211966,0.0239217
1705888439238156425,0.01,10,0.110604,729260,46506.1,15.6809,41.2964,0.210412,111.154,5.41835,0.00322603,0.0375577
1705888439238156425,0.02,5,0.0573313,1.66521e+06,46506.1,35.8063,85.731,0.210412,231.596,5.41835,0.00453301,0.0533942
1705888439238156425,0.03,3.33333,0.0360223,2.62211e+06,46506.1,56.382,135.749,0.210412,352.173,5.41835,0.00534212,0.0620903
1705888439238156425,0.04,2.5,0.028412,3.62221e+06,46506.1,77.8867,185.955,0.210412,472.781,5.41835,0.00589051,0.0676909
1705888439337994862,0.0005,200,0.995585,7703.01,46648.6,0.165128,5.97886,11.2129,1.39916,5.92732,4.02359e-07,0.000106685
1705888439337994862,0.001,100,0.778146,28557.5,46648.6,0.612183,17.9952,11.2129,5.20579,5.92732,1.17983e-06,0.000320129
1705888439337994862,0.002,50,0.479581,85769.2,46648.6,1.83862,43.7374,11.2129,15.2541,5.92732,2.58226e-06,0.00077092
1705888439337994862,0.003,33.3333,0.32947,149098,46648.6,3.1962,65.6464,11.2129,26.1395,5.92732,3.67042e-06,0.00114235
1705888439337994862,0.005,20,0.21468,286095,46648.6,6.13298,105.911,11.2129,48.4511,5.92732,5.78496e-06,0.0017886
1705888439337994862,0.01,10,0.120309,669173,46648.6,14.345,210.53,11.2129,104.925,5.92732,1.09765e-05,0.00327855
1705888439337994862,0.02,5,0.0601545,1.53703e+06,46648.6,32.9491,407.018,11.2129,218.372,5.92732,1.83022e-05,0.00538762
1705888439337994862,0.03,3.33333,0.0391832,2.50896e+06,46648.6,53.7843,595.516,11.2129,331.935,5.92732,2.28132e-05,0.00676797
1705888439337994862,0.04,2.5,0.0292494,3.47639e+06,46648.6,74.523,800.272,11.2129,445.53,5.92732,2.69168e-05,0.00796673
1705888439438637226,0.0005,200,0.993229,7602.31,44992,0.16897,2.96668,2.59184,1.50557,5.57211,7.59508e-06,0.00135028
1705888439438637226,0.001,100,0.779167,27860.6,44992,0.619235,10.4195,2.59184,5.59296,5.57211,2.40154e-05,0.00433638
1705888439438637226,0.002,50,0.474479,82389.2,44992,1.8312,35.8785,2.59184,16.3928,5.57211,4.98149e-05,0.0120398
1705888439438637226,0.003,33.3333,0.326042,145389,44992,3.23144,64.844,2.59184,28.0759,5.57211,7.37985e-05,0.0178066
1705888439438637226,0.005,20,0.196875,282508,44992,6.27907,115.311,2.59184,52.0413,5.57211,0.000121774,0.0235905
1705888439438637226,0.01,10,0.108854,668452,44992,14.8571,229.503,2.59184,112.66,5.57211,0.000232106,0.0294926
1705888439438637226,0.02,5,0.0567708,1.57841e+06,44992,35.082,472.454,2.59184,234.378,5.57211,0.000451719,0.0320298
1705888439438637226,0.03,3.33333,0.0380208,2.56298e+06,44992,56.9653,697.938,2.59184,356.219,5.57211,0.000651109,0.0319166
1705888439438637226,0.04,2.5,0.0270833,3.59885e+06,44992,79.9886,913.191,2.59184,478.09,5.57211,0.000836611,0.0320712
1705888439538475299,0.0005,200,0.996891,8075.22,44454.9,0.18165,5.44341,16.9158,1.46104,5.49753,2.45923e-07,0.000135083
1705888439538475299,0.001,100,0.785492,29978.3,44454.9,0.674353,20.5672,16.9158,5.44081,5.49753,1.02797e-06,0.00050637
1705888439538475299,0.002,50,0.48601,89466.1,44454.9,2.01251,59.5313,16.9158,15.9808,5.49753,3.31364e-06,0.00143706
1705888439538475299,0.003,33.3333,0.343523,156788,44454.9,3.52689,100.856,16.9158,27.406,5.49753,5.78181e-06,0.00238586
1705888439538475299,0.005,20,0.217098,303774,44454.9,6.8333,182.302,16.9158,50.8735,5.49753,1.02013e-05,0.00413944
1705888439538475299,0.01,10,0.110881,693874,44454.9,15.6085,371.994,16.9158,110.323,5.49753,1.82825e-05,0.00765048
1705888439538475299,0.02,5,0.0601036,1.54337e+06,44454.9,34.7176,734.58,16.9158,229.74,5.49753,2.67479e-05,0.0126042
1705888439538475299,0.03,3.33333,0.0404145,2.43601e+06,44454.9,54.7973,1090.02,16.9158,349.281,5.49753,3.02032e-05,0.0161408
1705888439538475299,0.04,2.5,0.026943,3.36019e+06,44454.9,75.5863,1447.09,16.9158,468.858,5.49753,3.1301e-05,0.0189164
1705888439638324499,0.0005,200,0.995119,7392.19,45441.5,0.162675,5.09287,6.23571,1.45158,5.94569,5.52509e-07,0.000151766
1705888439638324499,0.001,100,0.777115,27282.5,45441.5,0.600387,18.9088,6.23571,5.39313,5.94569,1.95921e-06,0.000560057
1705888439638324499,0.002,50,0.477223,80067.6,45441.5,1.76199,46.57,6.23571,15.7647,5.94569,5.17202e-06,0.00134666
1705888439638324499,0.003,33.3333,0.328091,139523,45441.5,3.07038,67.9048,6.23571,26.9722,5.94569,7.99467e-06,0.00191448
1705888439638324499,0.005,20,0.209328,266538,45441.5,5.86552,108.2,6.23571,49.9483,5.94569,1.29876e-05,0.00291189
1705888439638324499,0.01,10,0.116052,610902,45441.5,13.4437,204.172,6.23571,108.068,5.94569,2.36138e-05,0.00491649
1705888439638324499,0.02,5,0.0591106,1.35632e+06,45441.5,29.8475,414.024,6.23571,224.804,5.94569,4.14137e-05,0.00809761
1705888439638324499,0.03,3.33333,0.0406725,2.17233e+06,45441.5,47.8051,639.272,6.23571,341.655,5.94569,5.5947e-05,0.0102796
1705888439638324499,0.04,2.5,0.0298265,3.04405e+06,45441.5,66.9884,866.928,6.23571,458.539,5.94569,6.80092e-05,0.0116547
1705888439738148979,0.0005,200,0.994867,7658.58,46973.4,0.163041,6.53777,7.73114,1.48131,5.55451,6.39239e-07,0.000172079
1705888439738148979,0.001,100,0.791581,28263.6,46973.4,0.601693,20.4403,7.73114,5.47059,5.55451,1.998e-06,0.000534138
1705888439738148979,0.002,50,0.500513,82875.1,46973.4,1.7643,48.3281,7.73114,15.9667,5.55451,4.84616e-06,0.00123846
1705888439738148979,0.003,33.3333,0.358316,144303,46973.4,3.07202,75.9641,7.73114,27.3537,5.55451,7.52507e-06,0.00190888
1705888439738148979,0.005,20,0.226899,278545,46973.4,5.92983,124.435,7.73114,50.7687,5.55451,1.21476e-05,0.00300283
1705888439738148979,0.01,10,0.123717,646560,46973.4,13.7644,256.671,7.73114,110.116,5.55451,2.29813e-05,0.00560375
1705888439738148979,0.02,5,0.0554415,1.44778e+06,46973.4,30.8212,505.07,7.73114,229.418,5.55451,3.89717e-05,0.00916766
1705888439738148979,0.03,3.33333,0.0359343,2.33667e+06,46973.4,49.7445,772.335,7.73114,348.852,5.55451,5.26762e-05,0.011837
1705888439738148979,0.04,2.5,0.0261807,3.2775e+06,46973.4,69.7734,1042.39,7.73114,468.315,5.55451,6.44949e-05,0.0137763
1705888439837994246,0.0005,200,0.992828,6176.62,45050.3,0.137105,6.09212,0.073415,1.50166,5.54218,3.24109e-05,0.00907399
1705888439837994246,0.001,100,0.789959,22628,45050.3,0.502282,21.0578,0.073415,5.55072,5.54218,6.68731e-05,0.0248585
1705888439837994246,0.002,50,0.494365,65919.3,45050.3,1.46324,50.3691,0.073415,16.2225,5.54218,0.000246618,0.0404864
1705888439837994246,0.003,33.3333,0.351947,114666,45050.3,2.54528,78.5803,0.073415,27.7574,5.54218,0.000468608,0.0485746
1705888439837994246,0.005,20,0.231045,220800,45050.3,4.90118,141.424,0.073415,51.442,5.54218,0.000871898,0.0576536
1705888439837994246,0.01,10,0.121926,501293,45050.3,11.1274,285.873,0.073415,111.483,5.54218,0.00174803,0.0667625
1705888439837994246,0.02,5,0.0604508,1.11001e+06,45050.3,24.6393,587.395,0.073415,232.127,5.54218,0.00274911,0.0755295
1705888439837994246,0.03,3.33333,0.0425205,1.75668e+06,45050.3,38.9937,883.808,0.073415,352.896,5.54218,0.00333174,0.0797593
1705888439837994246,0.04,2.5,0.0338115,2.43759e+06,45050.3,54.1082,1183.16,0.073415,473.696,5.54218,0.0036694,0.08173
1705888439938632162,0.0005,200,0.994068,7654.14,46423.9,0.164875,5.3095,3.93715,1.46086,5.64997,1.58749e-06,0.000380557
1705888439938632162,0.001,100,0.8087,28353.1,46423.9,0.610743,21.1632,3.93715,5.44076,5.64997,5.52614e-06,0.00149516
1705888439938632162,0.002,50,0.485418,83804.2,46423.9,1.8052,45.751,3.93715,16.1748,5.64997,1.16467e-05,0.00307896
1705888439938632162,0.003,33.3333,0.339595,146120,46423.9,3.14752,69.8428,3.93715,27.8786,5.64997,1.7414e-05,0.0044579
1705888439938632162,0.005,20,0.20959,281110,46423.9,6.05529,132.442,3.93715,51.9373,5.64997,3.01398e-05,0.00759906
1705888439938632162,0.01,10,0.108255,652193,46423.9,14.0487,267.932,3.93715,112.888,5.64997,5.45116e-05,0.0120452
1705888439938632162,0.02,5,0.0568463,1.46182e+06,46423.9,31.4886,522.327,3.93715,235.31,5.64997,8.81225e-05,0.0163113
1705888439938632162,0.03,3.33333,0.0400395,2.2915e+06,46423.9,49.3604,778.42,3.93715,357.848,5.64997,0.000117546,0.0187988
1705888439938632162,0.04,2.5,0.0331191,3.13502e+06,46423.9,67.5302,1039.57,3.93715,480.414,5.64997,0.000146589,0.0204898
1705888440038468796,0.0005,200,0.994906,7794.22,45705.4,0.170532,3.57333,0.716316,1.50948,5.67789,1.2006e-05,0.00166008
1705888440038468796,0.001,100,0.792664,28448.9,45705.4,0.62244,13.9842,0.716316,5.5906,5.67789,3.86253e-05,0.00595988
1705888440038468796,0.002,50,0.481915,83620.3,45705.4,1.82955,35.6537,0.716316,16.3649,5.67789,7.59195e-05,0.0124337
1705888440038468796,0.003,33.3333,0.344371,145800,45705.4,3.18999,55.6924,0.716316,28.0336,5.67789,9.98148e-05,0.0166317
1705888440038468796,0.005,20,0.217524,283187,45705.4,6.19591,104.338,0.716316,52.0005,5.67789,0.000154577,0.0239635
1705888440038468796,0.01,10,0.117168,663516,45705.4,14.5172,230.742,0.716316,112.711,5.67789,0.000291877,0.0330134
1705888440038468796,0.02,5,0.0550178,1.45768e+06,45705.4,31.893,461.309,0.716316,234.683,5.67789,0.000548366,0.0392392
1705888440038468796,0.03,3.33333,0.0382068,2.26722e+06,45705.4,49.6051,689.708,0.716316,356.777,5.67789,0.000779154,0.0421549
1705888440038468796,0.04,2.5,0.0290372,3.09426e+06,45705.4,67.7,915.54,0.716316,478.901,5.67789,0.000986879,0.0437853
1705888440138302122,0.0005,200,0.991511,7000.81,46920.4,0.149206,2.11405,5.20579,1.44674,5.70075,9.94803e-07,0.00027594
1705888440138302122,0.001,100,0.775325,25654.8,46920.4,0.546774,6.03995,5.20579,5.31325,5.70075,2.45828e-06,0.00076397
1705888440138302122,0.002,50,0.45897,76876.7,46920.4,1.63845,15.2468,5.20579,15.4572,5.70075,5.38901e-06,0.00181395
1705888440138302122,0.003,33.3333,0.32541,133870,46920.4,2.85314,27.6224,5.20579,26.3807,5.70075,6.27402e-06,0.00307589
1705888440138302122,0.005,20,0.214488,258814,46920.4,5.51602,45.5421,5.20579,48.7246,5.70075,6.51495e-06,0.00443846
1705888440138302122,0.01,10,0.119411,617550,46920.4,13.1617,87.091,5.20579,105.267,5.70075,1.62467e-05,0.00627053
1705888440138302122,0.02,5,0.0543294,1.40273e+06,46920.4,29.896,181.988,5.20579,218.879,5.70075,4.70039e-05,0.00859645
1705888440138302122,0.03,3.33333,0.0384833,2.22548e+06,46920.4,47.4309,267.7,5.20579,332.6,5.70075,8.24007e-05,0.00953511
1705888440138302122,0.04,2.5,0.0277306,3.09211e+06,46920.4,65.9012,363.883,5.20579,446.348,5.70075,0.000117618,0.0103594
1705888440238151751,0.0005,200,0.992944,7935.9,43814.1,0.181127,8.87834,0.101414,1.51286,5.21151,1.99802e-05,0.00418844
1705888440238151751,0.001,100,0.791835,28960,43814.1,0.660975,29.6717,0.101414,5.59434,5.21151,6.3437e-05,0.012546
1705888440238151751,0.002,50,0.498992,86475,43814.1,1.97368,68.4758,0.101414,16.3702,5.21151,0.000116945,0.0224021
1705888440238151751,0.003,33.3333,0.343246,151208,43814.1,3.45113,100.684,0.101414,28.096,5.21151,0.00015122,0.0262293
1705888440238151751,0.005,20,0.213206,291792,43814.1,6.65978,168.247,0.101414,52.204,5.21151,0.000215882,0.0304348
1705888440238151751,0.01,10,0.112399,682463,43814.1,15.5763,343.233,0.101414,113.242,5.21151,0.00034673,0.0334725
1705888440238151751,0.02,5,0.0599798,1.61015e+06,43814.1,36.7496,688.721,0.101414,235.809,5.21151,0.000572346,0.0316337
1705888440238151751,0.03,3.33333,0.0413306,2.59186e+06,43814.1,59.1559,1031.23,0.101414,358.504,5.21151,0.000785688,0.0293724
1705888440238151751,0.04,2.5,0.031754,3.62211e+06,43814.1,82.67,1375.14,0.101414,481.228,5.21151,0.000983507,0.0277427
1705888440337991348,0.0005,200,0.993394,7063.55,45995.1,0.153572,5.22647,5.69251,1.45732,5.50692,9.73371e-07,0.000388111
1705888440337991348,0.001,100,0.805894,25842.2,45995.1,0.561847,15.6275,5.69251,5.36475,5.50692,2.41916e-06,0.00114623
1705888440337991348,0.002,50,0.515752,75275,45995.1,1.63659,38.7755,5.69251,15.7076,5.50692,7.46698e-06,0.00271028
1705888440337991348,0.003,33.3333,0.364329,131550,45995.1,2.8601,68.4309,5.69251,26.9814,5.50692,1.29571e-05,0.00456019
1705888440337991348,0.005,20,0.230183,255587,45995.1,5.55684,132.8,5.69251,50.2067,5.50692,2.32491e-05,0.00807305
1705888440337991348,0.01,10,0.110772,595941,45995.1,12.9566,270.875,5.69251,109.123,5.50692,3.56378e-05,0.0134725
1705888440337991348,0.02,5,0.0640244,1.31091e+06,45995.1,28.5012,553.459,5.69251,227.492,5.50692,4.49776e-05,0.020299
1705888440337991348,0.03,3.33333,0.0416667,2.07411e+06,45995.1,45.0941,832.132,5.69251,345.991,5.50692,4.92309e-05,0.0244657
1705888440337991348,0.04,2.5,0.0294715,2.86036e+06,45995.1,62.1882,1107.88,5.69251,464.525,5.50692,5.4708e-05,0.0276563
1705888440438639772,0.0005,200,0.993364,6762.48,46746.2,0.144664,4.29283,14.5732,1.40506,5.4092,3.28981e-07,0.00010265
1705888440438639772,0.001,100,0.810107,24673.6,46746.2,0.52782,13.7499,14.5732,5.19241,5.4092,1.19463e-06,0.000326693
1705888440438639772,0.002,50,0.521184,73367.9,46746.2,1.5695,34.9193,14.5732,15.2466,5.4092,3.36227e-06,0.000820429
1705888440438639772,0.003,33.3333,0.372639,127615,46746.2,2.72996,49.0206,14.5732,26.2337,5.4092,5.71207e-06,0.00113431
1705888440438639772,0.005,20,0.236345,245597,46746.2,5.25385,83.5249,14.5732,48.8738,5.4092,1.06683e-05,0.00188126
1705888440438639772,0.01,10,0.119449,575773,46746.2,12.317,171.291,14.5732,106.352,5.4092,2.2271e-05,0.00364437
1705888440438639772,0.02,5,0.0592139,1.28894e+06,46746.2,27.5731,340.124,14.5732,221.917,5.4092,4.13732e-05,0.00669517
1705888440438639772,0.03,3.33333,0.0423686,2.05676e+06,46746.2,43.9986,502.255,14.5732,337.608,5.4092,5.99764e-05,0.00928211
1705888440438639772,0.04,2.5,0.0301174,2.87607e+06,46746.2,61.5254,662.727,14.5732,453.332,5.4092,7.81732e-05,0.0115649
1705888440538464462,0.0005,200,0.993219,7768.49,45527,0.170635,5.82844,5.19762,1.49947,5.33822,1.13986e-06,0.000257104
1705888440538464462,0.001,100,0.781951,28305.9,45527,0.62174,13.0155,5.19762,5.52317,5.33822,2.73633e-06,0.000565742
1705888440538464462,0.002,50,0.494523,83326.3,45527,1.83026,25.9352,5.19762,16.0546,5.33822,5.74971e-06,0.00108997
1705888440538464462,0.003,33.3333,0.343766,143336,45527,3.14838,40.9737,5.19762,27.4712,5.33822,8.89722e-06,0.0016717
1705888440538464462,0.005,20,0.221179,272646,45527,5.98866,67.2593,5.19762,50.9117,5.33822,1.42191e-05,0.00258412
1705888440538464462,0.01,10,0.121544,634702,45527,13.9412,132.488,5.19762,110.267,5.33822,2.64214e-05,0.00439769
1705888440538464462,0.02,5,0.0594679,1.46538e+06,45527,32.1871,250.004,5.19762,229.533,5.33822,4.48076e-05,0.00649898
1705888440538464462,0.03,3.33333,0.0422535,2.36163e+06,45527,51.8732,364.172,5.19762,348.921,5.33822,6.06187e-05,0.00774763
1705888440538464462,0.04,2.5,0.0339071,3.32643e+06,45527,73.065,464.242,5.19762,468.338,5.33822,7.40304e-05,0.00847358
1705888440638317467,0.0005,200,0.991471,6419.06,46497,0.138053,2.12571,10.2846,1.42754,5.57526,1.08994e-06,0.000170997
1705888440638317467,0.001,100,0.795842,23833.2,46497,0.512575,5.44597,10.2846,5.29925,5.57526,3.26372e-06,0.000429448
1705888440638317467,0.002,50,0.478145,70960.5,46497,1.52613,14.4661,10.2846,15.6222,5.57526,7.86856e-06,0.00115966
1705888440638317467,0.003,33.3333,0.335821,123763,46497,2.66174,29.5894,10.2846,26.8193,5.57526,1.50321e-05,0.00227315
1705888440638317467,0.005,20,0.20629,237291,46497,5.10337,58.0945,10.2846,49.8116,5.57526,2.74283e-05,0.00415587
1705888440638317467,0.01,10,0.106077,557069,46497,11.9808,119.944,10.2846,108.006,5.57526,5.32148e-05,0.0075495
1705888440638317467,0.02,5,0.0549041,1.21988e+06,46497,26.2356,246.628,10.2846,224.881,5.57526,0.000101262,0.0128647
1705888440638317467,0.03,3.33333,0.0362473,1.88136e+06,46497,40.4619,368.949,10.2846,341.866,5.57526,0.000151448,0.0169411
1705888440638317467,0.04,2.5,0.0293177,2.56551e+06,46497,55.1757,491.828,10.2846,458.878,5.57526,0.000201352,0.0203999
1705888440738168249,0.0005,200,0.992571,7019.9,43397.5,0.161758,5.39007,13.9205,1.50098,5.34706,4.98104e-07,0.000136838
1705888440738168249,0.001,100,0.796434,25979.4,43397.5,0.598638,18.6302,13.9205,5.55566,5.34706,1.70363e-06,0.000470357
1705888440738168249,0.002,50,0.505201,75852.5,43397.5,1.74785,46.0014,13.9205,16.2846,5.34706,4.05807e-06,0.00114474
1705888440738168249,0.003,33.3333,0.352155,133018,43397.5,3.06511,77.7297,13.9205,27.9568,5.34706,6.82763e-06,0.00190217
1705888440738168249,0.005,20,0.232293,259183,43397.5,5.9723,138.249,13.9205,51.9531,5.34706,1.19369e-05,0.00326243
1705888440738168249,0.01,10,0.123328,620937,43397.5,14.3081,290.874,13.9205,112.745,5.34706,2.31261e-05,0.00625945
1705888440738168249,0.02,5,0.0668648,1.43323e+06,43397.5,33.0257,568.034,13.9205,234.896,5.34706,3.84134e-05,0.0102471
1705888440738168249,0.03,3.33333,0.0510154,2.36731e+06,43397.5,54.5495,818.446,13.9205,357.177,5.34706,4.79453e-05,0.0124819
1705888440738168249,0.04,2.5,0.0411095,3.39369e+06,43397.5,78.2002,1055.68,13.9205,479.496,5.34706,5.47406e-05,0.0137964
1705888440838003978,0.0005,200,0.995231,7214.14,46607.1,0.154786,7.6265,4.02943,1.42502,5.54076,6.86218e-07,0.000213824
1705888440838003978,0.001,100,0.788023,26701.8,46607.1,0.572914,27.8291,4.02943,5.30604,5.54076,2.36292e-06,0.000776433
1705888440838003978,0.002,50,0.483837,81071,46607.1,1.73946,79.5725,4.02943,15.631,5.54076,6.94866e-06,0.00217351
1705888440838003978,0.003,33.3333,0.334923,143605,46607.1,3.08119,130.819,4.02943,26.8394,5.54076,1.10131e-05,0.00349861
1705888440838003978,0.005,20,0.210917,279853,46607.1,6.00451,229.243,4.02943,49.8363,5.54076,1.81676e-05,0.00586497
1705888440838003978,0.01,10,0.112348,677702,46607.1,14.5407,467.803,4.02943,108.031,5.54076,3.22733e-05,0.0106297
1705888440838003978,0.02,5,0.0620032,1.65028e+06,46607.1,35.4084,918.914,4.02943,224.918,5.54076,5.08005e-05,0.0165897
1705888440838003978,0.03,3.33333,0.0397456,2.75094e+06,46607.1,59.0241,1383.8,4.02943,341.938,5.54076,6.31076e-05,0.0207887
1705888440838003978,0.04,2.5,0.0317965,3.94946e+06,46607.1,84.7395,1851.94,4.02943,458.991,5.54076,7.17014e-05,0.0238835
1705888440938241474,0.0005,200,0.988741,7409.4,47259.5,0.156781,7.30204,14.8254,1.59868,5.74564,3.87268e-06,0.000626096
1705888440938241474,0.001,100,0.78045,26983.5,47259.5,0.570965,20.9275,14.8254,5.81436,5.74564,1.1943e-05,0.00173525
1705888440938241474,0.002,50,0.491812,79751.3,47259.5,1.68752,47.7255,14.8254,16.7645,5.74564,2.80346e-05,0.00369305
1705888440938241474,0.003,33.3333,0.338792,140110,47259.5,2.9647,76.4464,14.8254,28.6247,5.74564,4.26257e-05,0.00555454
1705888440938241474,0.005,20,0.221085,276393,47259.5,5.84842,138.442,14.8254,52.9549,5.74564,6.81996e-05,0.00888915
1705888440938241474,0.01,10,0.12129,660775,47259.5,13.9818,282.357,14.8254,114.529,5.74564,0.00012152,0.0133968
1705888440938241474,0.02,5,0.062436,1.4539e+06,47259.5,30.7641,549.315,14.8254,238.216,5.74564,0.000213608,0.016951
1705888440938241474,0.03,3.33333,0.0429887,2.29836e+06,47259.5,48.6328,792.671,14.8254,362.038,5.74564,0.000293364,0.0179005
1705888440938241474,0.04,2.5,0.0307062,3.15546e+06,47259.5,66.7687,1040.36,14.8254,485.897,5.74564,0.000373297,0.0186217
1705888441038085583,0.0005,200,0.988889,7187.38,46188.1,0.155611,2.33938,0.215329,1.59486,5.70779,1.44173e-05,0.00144283
1705888441038085583,0.001,100,0.772727,26434.6,46188.1,0.572325,8.35789,0.215329,5.84278,5.70779,4.65443e-05,0.00453338
1705888441038085583,0.002,50,0.493434,77086.4,46188.1,1.66897,18.0412,0.215329,16.8969,5.70779,0.000111445,0.00749675
1705888441038085583,0.003,33.3333,0.34697,134088,46188.1,2.90308,21.9837,0.215329,28.8656,5.70779,0.000170539,0.00704571
1705888441038085583,0.005,20,0.217677,253407,46188.1,5.48641,27.9292,0.215329,53.4271,5.70779,0.000271108,0.00681439
1705888441038085583,0.01,10,0.121212,575502,46188.1,12.46,52.9523,0.215329,115.572,5.70779,0.000482208,0.00780814
1705888441038085583,0.02,5,0.0626263,1.31192e+06,46188.1,28.4038,89.1505,0.215329,240.417,5.70779,0.000865059,0.00870728
1705888441038085583,0.03,3.33333,0.0393939,2.12106e+06,46188.1,45.9223,138.818,0.215329,365.412,5.70779,0.00121526,0.0114751
1705888441038085583,0.04,2.5,0.030303,3.00328e+06,46188.1,65.0229,192.401,0.215329,490.444,5.70779,0.00153383,0.0139566
1705888441137924139,0.0005,200,0.994433,7294.49,47512.7,0.153527,6.61288,6.01472,1.54193,5.23826,9.04642e-07,0.000205694
1705888441137924139,0.001,100,0.781377,26745.1,47512.7,0.562904,20.0638,6.01472,5.71339,5.23826,2.76124e-06,0.000619586
1705888441137924139,0.002,50,0.477733,78157.5,47512.7,1.64498,44.1452,6.01472,16.6802,5.23826,5.76449e-06,0.00134155
1705888441137924139,0.003,33.3333,0.344636,137226,47512.7,2.8882,62.9429,6.01472,28.5442,5.23826,8.0639e-06,0.00187524
1705888441137924139,0.005,20,0.214575,261182,47512.7,5.49711,112.956,6.01472,52.9024,5.23826,1.38214e-05,0.00322996
1705888441137924139,0.01,10,0.114879,609427,47512.7,12.8266,240.211,6.01472,114.571,5.23826,2.68847e-05,0.00619082
1705888441137924139,0.02,5,0.0536437,1.39843e+06,47512.7,29.4328,478.008,6.01472,238.468,5.23826,4.66277e-05,0.0101411
1705888441137924139,0.03,3.33333,0.0364372,2.23177e+06,47512.7,46.9722,722.801,6.01472,362.488,5.23826,6.27767e-05,0.0130102
1705888441137924139,0.04,2.5,0.027834,3.13165e+06,47512.7,65.912,964.773,6.01472,486.538,5.23826,7.64117e-05,0.0150536
1705888441238551426,0.0005,200,0.992784,6573.42,45528.6,0.14438,5.70235,7.61583,1.59865,5.40841,2.00256e-06,0.000526069
1705888441238551426,0.001,100,0.766495,23990.5,45528.6,0.526932,17.9796,7.61583,5.88885,5.40841,6.37894e-06,0.0016289
1705888441238551426,0.002,50,0.483505,71231,45528.6,1.56453,47.5573,7.61583,16.9732,5.40841,1.53553e-05,0.00410143
1705888441238551426,0.003,33.3333,0.342784,123800,45528.6,2.71918,78.1811,7.61583,28.9275,5.40841,2.35494e-05,0.00638499
1705888441238551426,0.005,20,0.214948,239396,45528.6,5.25815,138.237,7.61583,53.4547,5.40841,3.67811e-05,0.0100807
1705888441238551426,0.01,10,0.115979,555728,45528.6,12.2061,292.249,7.61583,115.523,5.40841,6.17434e-05,0.0164577
1705888441238551426,0.02,5,0.0556701,1.28674e+06,45528.6,28.2621,615.243,7.61583,240.193,5.40841,9.47665e-05,0.0226791
1705888441238551426,0.03,3.33333,0.0335052,2.07367e+06,45528.6,45.5466,940.667,7.61583,364.998,5.40841,0.000120181,0.0253317
1705888441238551426,0.04,2.5,0.0278351,2.89376e+06,45528.6,63.5592,1263.7,7.61583,489.83,5.40841,0.000142612,0.0266584
1705888441338397018,0.0005,200,0.992601,6924.06,47652.1,0.145304,4.07445,28.6801,1.38885,5.84769,4.99669e-07,0.00011491
1705888441338397018,0.001,100,0.783722,25503.9,47652.1,0.53521,8.28473,28.6801,5.15579,5.84769,1.41158e-06,0.000224456
1705888441338397018,0.002,50,0.466705,74345.9,47652.1,1.56018,16.9677,28.6801,15.1164,5.84769,4.16787e-06,0.000398794
1705888441338397018,0.003,33.3333,0.318156,128124,47652.1,2.68874,29.4536,28.6801,25.9049,5.84769,6.86128e-06,0.000685066
1705888441338397018,0.005,20,0.195219,240591,47652.1,5.0489,52.6195,28.6801,48.0311,5.84769,1.14985e-05,0.00118879
1705888441338397018,0.01,10,0.0984633,545856,47652.1,11.455,113.258,28.6801,104.003,5.84769,2.23894e-05,0.00234774
1705888441338397018,0.02,5,0.0500854,1.21232e+06,47652.1,25.4411,228.402,28.6801,216.366,5.84769,4.2165e-05,0.00392225
1705888441338397018,0.03,3.33333,0.0313034,1.92248e+06,47652.1,40.3441,341.92,28.6801,328.827,5.84769,6.00585e-05,0.00494182
1705888441338397018,0.04,2.5,0.0221969,2.65109e+06,47652.1,55.6343,455.427,28.6801,441.312,5.84769,7.70335e-05,0.00565483
1705888441438243789,0.0005,200,0.993059,7473.73,44526.6,0.167848,2.63198,20.4465,1.41179,5.30359,2.80259e-07,6.38946e-05
1705888441438243789,0.001,100,0.79071,27405.9,44526.6,0.615495,7.48747,20.4465,5.23008,5.30359,1.18303e-06,0.000171233
1705888441438243789,0.002,50,0.504004,81574.2,44526.6,1.83203,20.7162,20.4465,15.2957,5.30359,2.62919e-06,0.000478993
1705888441438243789,0.003,33.3333,0.363054,144491,44526.6,3.24505,27.2355,20.4465,26.2064,5.30359,3.4527e-06,0.000619776
1705888441438243789,0.005,20,0.22851,279027,44526.6,6.26651,48.2321,20.4465,48.6667,5.30359,5.83809e-06,0.00105768
1705888441438243789,0.01,10,0.117993,658320,44526.6,14.7849,102.068,20.4465,105.61,5.30359,1.2573e-05,0.00198189
1705888441438243789,0.02,5,0.054992,1.50595e+06,44526.6,33.8213,246.299,20.4465,220.068,5.30359,2.61921e-05,0.00390175
1705888441438243789,0.03,3.33333,0.033102,2.39307e+06,44526.6,53.7447,384.561,20.4465,334.655,5.30359,3.69579e-05,0.00514792
1705888441438243789,0.04,2.5,0.0245595,3.33317e+06,44526.6,74.8579,518.772,20.4465,449.272,5.30359,4.62079e-05,0.00597295
1705888441538074163,0.0005,200,0.987402,7817.19,46835.3,0.166908,9.93402,2.23512,1.5329,5.65873,3.29153e-06,0.000881155
1705888441538074163,0.001,100,0.786877,29098.1,46835.3,0.621286,30.3143,2.23512,5.63582,5.65873,9.67219e-06,0.00263053
1705888441538074163,0.002,50,0.467192,84302,46835.3,1.79997,69.2823,2.23512,16.4535,5.65873,2.0682e-05,0.00567535
1705888441538074163,0.003,33.3333,0.326509,145399,46835.3,3.10446,109.626,2.23512,28.132,5.65873,3.05004e-05,0.00844381
1705888441538074163,0.005,20,0.206824,277994,46835.3,5.93556,189.051,2.23512,52.0592,5.65873,4.59698e-05,0.0128887
1705888441538074163,0.01,10,0.11706,632165,46835.3,13.4976,373.807,2.23512,112.579,5.65873,6.68595e-05,0.0196396
1705888441538074163,0.02,5,0.0603675,1.41202e+06,46835.3,30.1485,741.563,2.23512,234.134,5.65873,8.69835e-05,0.0262379
1705888441538074163,0.03,3.33333,0.0383202,2.26927e+06,46835.3,48.4521,1117,2.23512,355.799,5.65873,0.000100295,0.0296833
1705888441538074163,0.04,2.5,0.0330709,3.20538e+06,46835.3,68.4394,1503.5,2.23512,477.493,5.65873,0.000113262,0.032023
1705888441638324591,0.0005,200,0.992228,7315.86,46629.4,0.156894,4.33276,2.25496,1.46138,5.41991,1.61052e-06,0.000293271
1705888441638324591,0.001,100,0.793782,27188.9,46629.4,0.583085,12.6545,2.25496,5.42306,5.41991,4.89691e-06,0.000841446
1705888441638324591,0.002,50,0.496891,80477.9,46629.4,1.72591,34.5467,2.25496,15.9511,5.41991,1.28173e-05,0.0022103
1705888441638324591,0.003,33.3333,0.332642,140638,46629.4,3.01608,57.3916,2.25496,27.3929,5.41991,2.0437e-05,0.00351838
1705888441638324591,0.005,20,0.210363,271282,46629.4,5.81784,97.8006,2.25496,50.8878,5.41991,3.35952e-05,0.00548332
1705888441638324591,0.01,10,0.111399,635125,46629.4,13.6207,209.021,2.25496,110.376,5.41991,6.27427e-05,0.00951044
1705888441638324591,0.02,5,0.0601036,1.4512e+06,46629.4,31.122,452.055,2.25496,229.856,5.41991,0.000112817,0.014512
1705888441638324591,0.03,3.33333,0.0373057,2.36703e+06,46629.4,50.7627,674.809,2.25496,349.458,5.41991,0.000152622,0.0164584
1705888441638324591,0.04,2.5,0.0274611,3.37662e+06,46629.4,72.414,893.632,2.25496,469.094,5.41991,0.000188126,0.0173429
1705888441738158840,0.0005,200,0.991196,7102.82,46397.6,0.153086,1.29917,1.7971,1.44511,5.67117,2.83774e-07,2.70036e-05
1705888441738158840,0.001,100,0.799068,26219,46397.6,0.565093,6.13822,1.7971,5.31531,5.67117,1.12248e-06,0.000133495
1705888441738158840,0.002,50,0.518902,78193.8,46397.6,1.6853,23.3543,1.7971,15.5201,5.67117,2.51135e-06,0.000535624
1705888441738158840,0.003,33.3333,0.357846,137169,46397.6,2.95638,36.8217,1.7971,26.6317,5.67117,3.72349e-06,0.000834558
1705888441738158840,0.005,20,0.23304,269822,46397.6,5.81544,64.0095,1.7971,49.4613,5.67117,6.06551e-06,0.00140472
1705888441738158840,0.01,10,0.137235,668536,46397.6,14.4089,156.541,1.7971,107.295,5.67117,1.31294e-05,0.00311099
1705888441738158840,0.02,5,0.0709477,1.58668e+06,46397.6,34.1975,359.41,1.7971,223.555,5.67117,2.5322e-05,0.0058666
1705888441738158840,0.03,3.33333,0.050233,2.5513e+06,46397.6,54.9877,539.135,1.7971,339.958,5.67117,3.50037e-05,0.00750345
1705888441738158840,0.04,2.5,0.0372864,3.57724e+06,46397.6,77.0998,723.197,1.7971,456.399,5.67117,4.46605e-05,0.0087257
1705888441838001527,0.0005,200,0.996468,7656.64,44967.8,0.17027,9.40166,4.51294,1.48929,5.44805,5.24441e-06,0.00163159
1705888441838001527,0.001,100,0.783047,28247.5,44967.8,0.628172,28.6774,4.51294,5.57125,5.44805,1.54018e-05,0.00476801
1705888441838001527,0.002,50,0.4889,83481.4,44967.8,1.85647,53.4382,4.51294,16.4059,5.44805,2.65544e-05,0.00813055
1705888441838001527,0.003,33.3333,0.334511,146274,44967.8,3.25287,76.076,4.51294,28.1602,5.44805,3.35424e-05,0.0106531
1705888441838001527,0.005,20,0.210394,285056,44967.8,6.33912,126.841,4.51294,52.3013,5.44805,5.21325e-05,0.0149592
1705888441838001527,0.01,10,0.110494,678232,44967.8,15.0826,255.913,4.51294,113.429,5.44805,8.4085e-05,0.0220167
1705888441838001527,0.02,5,0.0565086,1.57802e+06,44967.8,35.0922,502.331,4.51294,236.198,5.44805,0.000147193,0.0303151
1705888441838001527,0.03,3.33333,0.0398587,2.48482e+06,44967.8,55.2579,758.535,4.51294,359.085,5.44805,0.000207667,0.0373021
1705888441838001527,0.04,2.5,0.0322906,3.40566e+06,44967.8,75.7356,1015.94,4.51294,482,5.44805,0.000268353,0.0425346
1705888441938231616,0.0005,200,0.993194,7459.23,45164.9,0.165156,2.43796,2.73651,1.44957,5.53264,4.48118e-07,0.000183352
1705888441938231616,0.001,100,0.789005,27471.9,45164.9,0.608259,9.27739,2.73651,5.38065,5.53264,2.42897e-06,0.000680458
1705888441938231616,0.002,50,0.495288,80801.1,45164.9,1.78903,38.9076,2.73651,15.7647,5.53264,9.93386e-06,0.00272475
1705888441938231616,0.003,33.3333,0.345026,140823,45164.9,3.11798,69.1174,2.73651,27.0319,5.53264,1.70753e-05,0.00461574
1705888441938231616,0.005,20,0.219372,270343,45164.9,5.98568,120.303,2.73651,50.1891,5.53264,2.75227e-05,0.00731076
1705888441938231616,0.01,10,0.11466,641291,45164.9,14.1989,246.703,2.73651,108.85,5.53264,4.7743e-05,0.0119082
1705888441938231616,0.02,5,0.0596859,1.52136e+06,45164.9,33.6846,481.212,2.73651,226.683,5.53264,7.05331e-05,0.0159636
1705888441938231616,0.03,3.33333,0.0403141,2.43323e+06,45164.9,53.8743,711.918,2.73651,344.637,5.53264,8.97204e-05,0.0176944
1705888441938231616,0.04,2.5,0.0303665,3.36424e+06,45164.9,74.488,939.96,2.73651,462.62,5.53264,0.000108276,0.0185005
1705888442038066591,0.0005,200,0.996043,7014.25,46965.6,0.149349,7.46722,4.43573,1.3889,5.60363,2.39123e-06,0.000552217
1705888442038066591,0.001,100,0.768796,25890.5,46965.6,0.551265,23.8869,4.43573,5.18003,5.60363,7.85694e-06,0.00172918
1705888442038066591,0.002,50,0.479367,75478.5,46965.6,1.6071,58.6507,4.43573,15.0997,5.60363,1.92607e-05,0.0040527
1705888442038066591,0.003,33.3333,0.337479,130422,46965.6,2.77698,87.1499,4.43573,25.8031,5.60363,2.78843e-05,0.00574842
1705888442038066591,0.005,20,0.218768,247119,46965.6,5.2617,149.67,4.43573,47.748,5.60363,4.48529e-05,0.00903289
1705888442038066591,0.01,10,0.118711,572423,46965.6,12.1881,307.086,4.43573,103.287,5.60363,7.99363e-05,0.014973
1705888442038066591,0.02,5,0.0610514,1.28252e+06,46965.6,27.3077,648.826,4.43573,214.869,5.60363,0.000134706,0.0222253
1705888442038066591,0.03,3.33333,0.0429621,2.03347e+06,46965.6,43.297,987.491,4.43573,326.571,5.60363,0.000174191,0.0254397
1705888442038066591,0.04,2.5,0.0316563,2.83852e+06,46965.6,60.4382,1329,4.43573,438.303,5.60363,0.000207595,0.0268579
1705888442138291858,0.0005,200,0.996989,7109.99,45678.7,0.155652,1.94189,1.5604,1.53249,5.9212,2.67769e-06,0.000559248
1705888442138291858,0.001,100,0.782238,26080.6,45678.7,0.570958,6.18053,1.5604,5.72483,5.9212,1.00325e-05,0.00163659
1705888442138291858,0.002,50,0.476167,77083.2,45678.7,1.68751,16.5748,1.5604,16.7929,5.9212,2.5622e-05,0.00351612
1705888442138291858,0.003,33.3333,0.338685,134948,45678.7,2.95429,24.2712,1.5604,28.7559,5.9212,3.65247e-05,0.00441531
1705888442138291858,0.005,20,0.211741,262880,45678.7,5.75498,36.3292,1.5604,53.3304,5.9212,5.13815e-05,0.00517644
1705888442138291858,0.01,10,0.103362,612253,45678.7,13.4035,63.5852,1.5604,115.576,5.9212,8.6166e-05,0.00656382
1705888442138291858,0.02,5,0.0491721,1.36298e+06,45678.7,29.8383,144.612,1.5604,240.608,5.9212,0.000163586,0.009436
1705888442138291858,0.03,3.33333,0.0311089,2.14744e+06,45678.7,47.0119,216.462,1.5604,365.762,5.9212,0.000243592,0.0105706
1705888442138291858,0.04,2.5,0.0240843,2.98453e+06,45678.7,65.3375,290.259,1.5604,490.943,5.9212,0.000319325,0.0113207
1705888442238137934,0.0005,200,0.994821,7444.74,45771.5,0.16265,4.50615,1.95686,1.42145,5.5217,2.38407e-06,0.00060801
1705888442238137934,0.001,100,0.797514,27896.3,45771.5,0.609469,18.888,1.95686,5.30177,5.5217,9.45882e-06,0.00245663
1705888442238137934,0.002,50,0.491455,83899.6,45771.5,1.83301,53.4099,1.95686,15.6592,5.5217,2.5445e-05,0.00633331
1705888442238137934,0.003,33.3333,0.337131,147755,45771.5,3.2281,84.9599,1.95686,26.9269,5.5217,3.89901e-05,0.00918011
1705888442238137934,0.005,20,0.213361,290161,45771.5,6.33934,143.472,1.95686,50.0636,5.5217,5.95162e-05,0.0129293
1705888442238137934,0.01,10,0.125324,704941,45771.5,15.4013,281.198,1.95686,108.602,5.5217,9.4928e-05,0.0174618
1705888442238137934,0.02,5,0.0740549,1.7183e+06,45771.5,37.5409,556.518,1.95686,226.167,5.5217,0.00014889,0.0198446
1705888442238137934,0.03,3.33333,0.0512688,2.93629e+06,45771.5,64.1511,798.335,1.95686,343.879,5.5217,0.000198751,0.0190866
1705888442238137934,0.04,2.5,0.0378042,4.26596e+06,45771.5,93.2013,1027.9,1.95686,461.632,5.5217,0.000248471,0.0183452
1705888442337962455,0.0005,200,0.989995,6406.55,46749.8,0.137039,6.3879,0.72451,1.52665,5.66653,6.41304e-06,0.00121201
1705888442337962455,0.001,100,0.787394,23514.9,46749.8,0.502995,22.0486,0.72451,5.60632,5.66653,2.05182e-05,0.00403496
1705888442337962455,0.002,50,0.509755,69644.3,46749.8,1.48973,52.3836,0.72451,16.3132,5.66653,4.4606e-05,0.00869291
1705888442337962455,0.003,33.3333,0.352176,121034,46749.8,2.58898,82.3697,0.72451,27.9704,5.66653,6.53773e-05,0.0123579
1705888442337962455,0.005,20,0.228614,230971,46749.8,4.94059,142.228,0.72451,51.9225,5.66653,9.89888e-05,0.0176919
1705888442337962455,0.01,10,0.127064,532422,46749.8,11.3888,275.75,0.72451,112.591,5.66653,0.000160919,0.0233401
1705888442337962455,0.02,5,0.0610305,1.18954e+06,46749.8,25.4449,556.237,0.72451,234.547,5.66653,0.000269794,0.0278822
1705888442337962455,0.03,3.33333,0.0395198,1.90091e+06,46749.8,40.6613,847.634,0.72451,356.645,5.66653,0.00037204,0.0294603
1705888442337962455,0.04,2.5,0.0325163,2.64561e+06,46749.8,56.5909,1133.55,0.72451,478.772,5.66653,0.000472984,0.0300908
1705888442438606371,0.0005,200,0.988832,7468.93,46490,0.160657,7.26616,1.00999,1.59858,5.74308,1.30425e-05,0.00342583
1705888442438606371,0.001,100,0.773096,27356.6,46490,0.588439,27.7666,1.00999,5.88158,5.74308,4.12925e-05,0.0117165
1705888442438606371,0.002,50,0.483249,79482.5,46490,1.70967,64.9402,1.00999,17.0368,5.74308,7.62941e-05,0.0216332
1705888442438606371,0.003,33.3333,0.342132,139168,46490,2.99351,102.247,1.00999,29.0828,5.74308,0.000101668,0.0275908
1705888442438606371,0.005,20,0.209645,264964,46490,5.69937,181.959,1.00999,53.8252,5.74308,0.000148183,0.035123
1705888442438606371,0.01,10,0.110152,596787,46490,12.8369,387.327,1.00999,116.442,5.74308,0.000273889,0.0431333
1705888442438606371,0.02,5,0.0543147,1.29403e+06,46490,27.8346,784.322,1.00999,242.192,5.74308,0.000527423,0.0474721
1705888442438606371,0.03,3.33333,0.0375635,2.02068e+06,46490,43.4647,1177.51,1.00999,368.066,5.74308,0.000773584,0.0494873
1705888442438606371,0.04,2.5,0.0258883,2.76072e+06,46490,59.383,1575.67,1.00999,493.972,5.74308,0.00100454,0.051358
1705888442538449987,0.0005,200,0.986786,7473.48,46631,0.160268,7.38241,0.477691,1.49354,5.3903,9.38424e-06,0.00163441
1705888442538449987,0.001,100,0.778013,27659.1,46631,0.593149,21.8523,0.477691,5.50176,5.3903,2.49342e-05,0.00460149
1705888442538449987,0.002,50,0.474101,81882.8,46631,1.75597,44.4954,0.477691,16.0527,5.3903,4.6632e-05,0.00822753
1705888442538449987,0.003,33.3333,0.343023,143020,46631,3.06706,61.2406,0.477691,27.449,5.3903,6.4682e-05,0.00992541
1705888442538449987,0.005,20,0.21723,277827,46631,5.95799,97.3786,0.477691,50.8478,5.3903,9.89525e-05,0.012344
1705888442538449987,0.01,10,0.108879,662885,46631,14.2155,187.497,0.477691,110.142,5.3903,0.000171669,0.014624
1705888442538449987,0.02,5,0.05074,1.45205e+06,46631,31.1391,379.272,0.477691,229.258,5.3903,0.000307564,0.0168965
1705888442538449987,0.03,3.33333,0.0338266,2.2543e+06,46631,48.3434,572.379,0.477691,348.486,5.3903,0.000433961,0.0178281
1705888442538449987,0.04,2.5,0.02537,3.08162e+06,46631,66.0851,768.727,0.477691,467.74,5.3903,0.000555766,0.0180228
