INFO  Loading config from '/home/lc/algorithm_versa/src/BIEVR-LIO/results/round12_shield_rerun/flatsurfaces/C1_A/config_used.yaml'.
INFO  Loading config from '/home/lc/algorithm_versa/src/BIEVR-LIO/config/sensor_configs/gamma.yaml'.
INFO  ================ BIEVR-LIO config ================
topics:
  pointcloud:           /livox/lidar
  imu:                  /livox/imu
max_num_threads:        automatic
lidar:
  min_range_m:          0.5
  max_range_m:          200
map:
  pixel_size_m:   0.05
  voxel_size_m:   0.5
  normal_tolerance_deg: 3
  max_size:             1500000
  smooth:               true
  weighted:             true
  frame:                odom
preprocess:
  downsample_res_m:     0.1
  informed_sampling:    true
optimization:
  huber_delta:          0.1
  img_residual:         true
  img_jacobian:         true
intensity (COIN-BIEVR):
  enabled:              true
  preprocessing:
    enabled:            true
    projection:         spherical
    image (w x h):      1024 x 64
    vertical_fov_deg:   77.2
    brightness_window:  41 x 7
    normalization_scale:140
    remove_lines:       false
    gaussian_blur:      false
    raw_intensity_scale:1
    use_ouster_lut:     false
  sampling:
    enabled:            true
    num_voxels:         100
    downsample_res_m:   0.1
    weak_eigen_ratio:   10
    normalize_eta:      true
    score_mode:         abs_components
  optimization:
    enabled:            true
    photometric_scale:  0.001
    shadow_diagnostics: false
    warmup_s:           10 (TBD safeguard)
imu:
  window_s:             10
  t_init:               0.2
  normalized:           -1
  frame:                imu
debug:
  publish_all_clouds:        false
  print_timing:         true
  print_debug:          false
  dashboard:            false
  log_path:             /home/lc/algorithm_versa/src/BIEVR-LIO/results/round12_shield_rerun/flatsurfaces/C1_A/trajectory.tum
  intensity_diag_csv:   /home/lc/algorithm_versa/src/BIEVR-LIO/results/round12_shield_rerun/flatsurfaces/C1_A/intensity.csv
  photo_diag_csv:       /home/lc/algorithm_versa/src/BIEVR-LIO/results/round12_shield_rerun/flatsurfaces/C1_A/photo.csv
calibration (LiDAR -> IMU):
  T_I_L t:  [0.04165, 0.02326, -0.0284]
  T_I_L R:  [1, 0, 0, 0, 1, 0, 0, 0, 1]
==================================================
INFO  Logging to /home/lc/algorithm_versa/src/BIEVR-LIO/results/round12_shield_rerun/flatsurfaces/C1_A/trajectory.tum
INFO  BiasInitializer: autodetected IMU as raw (mean |acc| = 9.74089).
INFO  Bias initialized:  -0.00168627 -0.000299897   -0.0657378   0.00216163  -0.00157831 -0.000646488
INFO  Initial Pitch: -178.531
INFO  Initial Roll: -179.739
INFO  Timings:
SM Timing
-----------
00_conversion_livox     	      5	00.041704	(00.008341 +- 00.000472)	[00.007809,00.009007]
01_filter               	      4	00.003031	(00.000758 +- 00.000854)	[00.000235,00.002236]
02_preint               	      2	00.000076	(00.000038 +- 00.000011)	[00.000027,00.000049]
02a_intensity_preprocess	      4	00.016302	(00.004075 +- 00.000498)	[00.003424,00.004805]
03_undistortion         	      2	00.003315	(00.001657 +- 00.000502)	[00.001155,00.002160]
04_sampling             	      1	00.000664	(00.000664 +- 00.000000)	[00.000664,00.000664]
04b_intensity_sampling  	      1	00.000790	(00.000790 +- 00.000000)	[00.000790,00.000790]
05_registration         	      1	00.002967	(00.002967 +- 00.000000)	[00.002967,00.002967]
06_map                  	      1	00.001226	(00.001226 +- 00.000000)	[00.001226,00.001226]
07_imu_opt              	      1	00.000005	(00.000005 +- 00.000000)	[00.000005,00.000005]
08_publish              	      1	00.011308	(00.011308 +- 00.000000)	[00.011308,00.011308]
step                    	      4	00.053396	(00.013349 +- 00.007666)	[00.005045,00.021942]

INFO  Timings:
SM Timing
-----------
00_conversion_livox     	      6	00.051683	(00.008614 +- 00.000748)	[00.007809,00.009979]
01_filter               	      5	00.003378	(00.000676 +- 00.000781)	[00.000235,00.002236]
02_preint               	      3	00.000113	(00.000038 +- 00.000009)	[00.000027,00.000049]
02a_intensity_preprocess	      5	00.019554	(00.003911 +- 00.000554)	[00.003252,00.004805]
03_undistortion         	      3	00.004972	(00.001657 +- 00.000410)	[00.001155,00.002160]
04_sampling             	      2	00.001340	(00.000670 +- 00.000007)	[00.000664,00.000677]
04b_intensity_sampling  	      2	00.001637	(00.000819 +- 00.000029)	[00.000790,00.000848]
05_registration         	      2	00.007417	(00.003709 +- 00.000741)	[00.002967,00.004450]
06_map                  	      2	00.002492	(00.001246 +- 00.000020)	[00.001226,00.001266]
07_imu_opt              	      2	00.000007	(00.000004 +- 00.000001)	[00.000002,00.000005]
08_publish              	      2	00.023505	(00.011752 +- 00.000445)	[00.011308,00.012197]
step                    	      5	00.078187	(00.015637 +- 00.008244)	[00.005045,00.024791]

INFO  Timings:
SM Timing
-----------
00_conversion_livox     	      7	00.062504	(00.008929 +- 00.001037)	[00.007809,00.010821]
01_filter               	      6	00.003771	(00.000628 +- 00.000721)	[00.000235,00.002236]
02_preint               	      4	00.000150	(00.000037 +- 00.000008)	[00.000027,00.000049]
02a_intensity_preprocess	      6	00.022924	(00.003821 +- 00.000544)	[00.003252,00.004805]
03_undistortion         	      4	00.005966	(00.001492 +- 00.000457)	[00.000994,00.002160]
04_sampling             	      3	00.002042	(00.000681 +- 00.000016)	[00.000664,00.000702]
04b_intensity_sampling  	      3	00.002612	(00.000871 +- 00.000077)	[00.000790,00.000975]
05_registration         	      3	00.014781	(00.004927 +- 00.001826)	[00.002967,00.007364]
06_map                  	      3	00.003467	(00.001156 +- 00.000129)	[00.000975,00.001266]
07_imu_opt              	      3	00.000009	(00.000003 +- 00.000001)	[00.000002,00.000005]
08_publish              	      3	00.036621	(00.012207 +- 00.000738)	[00.011308,00.013116]
step                    	      6	00.106186	(00.017698 +- 00.008824)	[00.005045,00.027999]

INFO  Timings:
SM Timing
-----------
00_conversion_livox     	      8	00.073554	(00.009194 +- 00.001197)	[00.007809,00.011050]
01_filter               	      7	00.004120	(00.000589 +- 00.000674)	[00.000235,00.002236]
02_preint               	      5	00.000191	(00.000038 +- 00.000007)	[00.000027,00.000049]
02a_intensity_preprocess	      7	00.026382	(00.003769 +- 00.000520)	[00.003252,00.004805]
03_undistortion         	      5	00.006807	(00.001361 +- 00.000485)	[00.000841,00.002160]
04_sampling             	      4	00.002842	(00.000711 +- 00.000054)	[00.000664,00.000800]
04b_intensity_sampling  	      4	00.003518	(00.000879 +- 00.000069)	[00.000790,00.000975]
05_registration         	      4	00.020813	(00.005203 +- 00.001653)	[00.002967,00.007364]
06_map                  	      4	00.004487	(00.001122 +- 00.000126)	[00.000975,00.001266]
07_imu_opt              	      4	00.000012	(00.000003 +- 00.000001)	[00.000002,00.000005]
08_publish              	      4	00.049658	(00.012414 +- 00.000733)	[00.011308,00.013116]
step                    	      7	00.132740	(00.018963 +- 00.008737)	[00.005045,00.027999]

INFO  Timings:
SM Timing
-----------
00_conversion_livox     	      9	00.084165	(00.009352 +- 00.001213)	[00.007809,00.011050]
01_filter               	      8	00.004471	(00.000559 +- 00.000636)	[00.000235,00.002236]
02_preint               	      6	00.000227	(00.000038 +- 00.000006)	[00.000027,00.000049]
02a_intensity_preprocess	      8	00.029559	(00.003695 +- 00.000524)	[00.003177,00.004805]
03_undistortion         	      6	00.007793	(00.001299 +- 00.000464)	[00.000841,00.002160]
04_sampling             	      5	00.003670	(00.000734 +- 00.000067)	[00.000664,00.000828]
04b_intensity_sampling  	      5	00.004299	(00.000860 +- 00.000073)	[00.000781,00.000975]
05_registration         	      5	00.026870	(00.005374 +- 00.001517)	[00.002967,00.007364]
06_map                  	      5	00.005570	(00.001114 +- 00.000114)	[00.000975,00.001266]
07_imu_opt              	      5	00.000682	(00.000136 +- 00.000267)	[00.000002,00.000670]
08_publish              	      5	00.062166	(00.012433 +- 00.000657)	[00.011308,00.013116]
step                    	      8	00.159298	(00.019912 +- 00.008550)	[00.005045,00.027999]

INFO  Timings:
SM Timing
-----------
00_conversion_livox     	     10	00.095207	(00.009521 +- 00.001258)	[00.007809,00.011050]
01_filter               	      9	00.004807	(00.000534 +- 00.000603)	[00.000235,00.002236]
02_preint               	      7	00.000264	(00.000038 +- 00.000006)	[00.000027,00.000049]
02a_intensity_preprocess	      9	00.032864	(00.003652 +- 00.000509)	[00.003177,00.004805]
03_undistortion         	      7	00.008530	(00.001219 +- 00.000472)	[00.000736,00.002160]
04_sampling             	      6	00.004362	(00.000727 +- 00.000063)	[00.000664,00.000828]
04b_intensity_sampling  	      6	00.005184	(00.000864 +- 00.000067)	[00.000781,00.000975]
05_registration         	      6	00.031893	(00.005316 +- 00.001391)	[00.002967,00.007364]
06_map                  	      6	00.006631	(00.001105 +- 00.000106)	[00.000975,00.001266]
07_imu_opt              	      6	00.000977	(00.000163 +- 00.000251)	[00.000002,00.000670]
08_publish              	      6	00.075001	(00.012500 +- 00.000618)	[00.011308,00.013116]
step                    	      9	00.184565	(00.020507 +- 00.008235)	[00.005045,00.027999]

INFO  Timings:
SM Timing
-----------
00_conversion_livox     	     11	00.105631	(00.009603 +- 00.001227)	[00.007809,00.011050]
01_filter               	     10	00.005123	(00.000512 +- 00.000576)	[00.000235,00.002236]
02_preint               	      8	00.000299	(00.000037 +- 00.000006)	[00.000027,00.000049]
02a_intensity_preprocess	     10	00.036285	(00.003629 +- 00.000488)	[00.003177,00.004805]
03_undistortion         	      8	00.009349	(00.001169 +- 00.000461)	[00.000736,00.002160]
04_sampling             	      7	00.005124	(00.000732 +- 00.000060)	[00.000664,00.000828]
04b_intensity_sampling  	      7	00.006028	(00.000861 +- 00.000063)	[00.000781,00.000975]
05_registration         	      7	00.037698	(00.005385 +- 00.001299)	[00.002967,00.007364]
06_map                  	      7	00.007682	(00.001097 +- 00.000100)	[00.000975,00.001266]
07_imu_opt              	      7	00.001297	(00.000185 +- 00.000238)	[00.000002,00.000670]
08_publish              	      7	00.087948	(00.012564 +- 00.000593)	[00.011308,00.013116]
step                    	     10	00.210948	(00.021095 +- 00.008009)	[00.005045,00.027999]

INFO  Timings:
SM Timing
-----------
00_conversion_livox     	     12	00.116298	(00.009692 +- 00.001211)	[00.007809,00.011050]
01_filter               	     11	00.005482	(00.000498 +- 00.000551)	[00.000235,00.002236]
02_preint               	      9	00.000329	(00.000037 +- 00.000006)	[00.000027,00.000049]
02a_intensity_preprocess	     11	00.039638	(00.003603 +- 00.000472)	[00.003177,00.004805]
03_undistortion         	      9	00.010231	(00.001137 +- 00.000444)	[00.000736,00.002160]
04_sampling             	      8	00.005856	(00.000732 +- 00.000056)	[00.000664,00.000828]
04b_intensity_sampling  	      8	00.006899	(00.000862 +- 00.000059)	[00.000781,00.000975]
05_registration         	      8	00.042784	(00.005348 +- 00.001219)	[00.002967,00.007364]
06_map                  	      8	00.008717	(00.001090 +- 00.000096)	[00.000975,00.001266]
07_imu_opt              	      8	00.001825	(00.000228 +- 00.000250)	[00.000002,00.000670]
08_publish              	      8	00.100820	(00.012602 +- 00.000564)	[00.011308,00.013116]
step                    	     11	00.236751	(00.021523 +- 00.007755)	[00.005045,00.027999]

INFO  Timings:
SM Timing
-----------
00_conversion_livox     	     13	00.127020	(00.009771 +- 00.001195)	[00.007809,00.011050]
01_filter               	     12	00.005798	(00.000483 +- 00.000530)	[00.000235,00.002236]
02_preint               	     10	00.000366	(00.000037 +- 00.000006)	[00.000027,00.000049]
02a_intensity_preprocess	     12	00.043068	(00.003589 +- 00.000454)	[00.003177,00.004805]
03_undistortion         	     10	00.011233	(00.001123 +- 00.000423)	[00.000736,00.002160]
04_sampling             	      9	00.006644	(00.000738 +- 00.000056)	[00.000664,00.000828]
04b_intensity_sampling  	      9	00.007790	(00.000866 +- 00.000056)	[00.000781,00.000975]
05_registration         	      9	00.048502	(00.005389 +- 00.001155)	[00.002967,00.007364]
06_map                  	      9	00.009608	(00.001068 +- 00.000110)	[00.000890,00.001266]
07_imu_opt              	      9	00.002211	(00.000246 +- 00.000241)	[00.000002,00.000670]
08_publish              	      9	00.114011	(00.012668 +- 00.000563)	[00.011308,00.013191]
step                    	     12	00.263482	(00.021957 +- 00.007563)	[00.005045,00.027999]

INFO  Timings:
SM Timing
-----------
00_conversion_livox     	     14	00.138019	(00.009858 +- 00.001195)	[00.007809,00.011050]
01_filter               	     13	00.006142	(00.000472 +- 00.000511)	[00.000235,00.002236]
02_preint               	     11	00.000395	(00.000036 +- 00.000006)	[00.000027,00.000049]
02a_intensity_preprocess	     13	00.046548	(00.003581 +- 00.000437)	[00.003177,00.004805]
03_undistortion         	     11	00.012211	(00.001110 +- 00.000406)	[00.000736,00.002160]
04_sampling             	     10	00.007734	(00.000773 +- 00.000118)	[00.000664,00.001090]
04b_intensity_sampling  	     10	00.008598	(00.000860 +- 00.000056)	[00.000781,00.000975]
05_registration         	     10	00.057021	(00.005702 +- 00.001443)	[00.002967,00.008519]
06_map                  	     10	00.010679	(00.001068 +- 00.000104)	[00.000890,00.001266]
07_imu_opt              	     10	00.002848	(00.000285 +- 00.000257)	[00.000002,00.000670]
08_publish              	     10	00.128061	(00.012806 +- 00.000676)	[00.011308,00.014051]
step                    	     13	00.294726	(00.022671 +- 00.007676)	[00.005045,00.031244]

INFO  Timings:
SM Timing
-----------
00_conversion_livox     	     15	00.149688	(00.009979 +- 00.001239)	[00.007809,00.011669]
01_filter               	     14	00.006498	(00.000464 +- 00.000493)	[00.000235,00.002236]
02_preint               	     12	00.000432	(00.000036 +- 00.000005)	[00.000027,00.000049]
02a_intensity_preprocess	     14	00.050194	(00.003585 +- 00.000422)	[00.003177,00.004805]
03_undistortion         	     12	00.013084	(00.001090 +- 00.000394)	[00.000736,00.002160]
04_sampling             	     11	00.008591	(00.000781 +- 00.000115)	[00.000664,00.001090]
04b_intensity_sampling  	     11	00.009411	(00.000856 +- 00.000055)	[00.000781,00.000975]
05_registration         	     11	00.061741	(00.005613 +- 00.001405)	[00.002967,00.008519]
06_map                  	     11	00.011747	(00.001068 +- 00.000099)	[00.000890,00.001266]
07_imu_opt              	     11	00.003111	(00.000283 +- 00.000245)	[00.000002,00.000670]
08_publish              	     11	00.142107	(00.012919 +- 00.000737)	[00.011308,00.014051]
step                    	     14	00.321491	(00.022964 +- 00.007472)	[00.005045,00.031244]

INFO  Timings:
SM Timing
-----------
00_conversion_livox     	     16	00.161511	(00.010094 +- 00.001280)	[00.007809,00.011823]
01_filter               	     15	00.006834	(00.000456 +- 00.000477)	[00.000235,00.002236]
02_preint               	     13	00.000469	(00.000036 +- 00.000005)	[00.000027,00.000049]
02a_intensity_preprocess	     15	00.053732	(00.003582 +- 00.000408)	[00.003177,00.004805]
03_undistortion         	     13	00.013978	(00.001075 +- 00.000382)	[00.000736,00.002160]
04_sampling             	     12	00.009484	(00.000790 +- 00.000114)	[00.000664,00.001090]
04b_intensity_sampling  	     12	00.010315	(00.000860 +- 00.000054)	[00.000781,00.000975]
05_registration         	     12	00.071048	(00.005921 +- 00.001689)	[00.002967,00.009307]
06_map                  	     12	00.012823	(00.001069 +- 00.000095)	[00.000890,00.001266]
07_imu_opt              	     12	00.003457	(00.000288 +- 00.000235)	[00.000002,00.000670]
08_publish              	     12	00.156358	(00.013030 +- 00.000796)	[00.011308,00.014251]
step                    	     15	00.353157	(00.023544 +- 00.007538)	[00.005045,00.031665]

INFO  Timings:
SM Timing
-----------
00_conversion_livox     	     17	00.173631	(00.010214 +- 00.001330)	[00.007809,00.012120]
01_filter               	     16	00.007181	(00.000449 +- 00.000463)	[00.000235,00.002236]
02_preint               	     14	00.000501	(00.000036 +- 00.000005)	[00.000027,00.000049]
02a_intensity_preprocess	     16	00.057451	(00.003591 +- 00.000396)	[00.003177,00.004805]
03_undistortion         	     14	00.014865	(00.001062 +- 00.000371)	[00.000736,00.002160]
04_sampling             	     13	00.010225	(00.000787 +- 00.000111)	[00.000664,00.001090]
04b_intensity_sampling  	     13	00.011070	(00.000852 +- 00.000059)	[00.000755,00.000975]
05_registration         	     13	00.077912	(00.005993 +- 00.001642)	[00.002967,00.009307]
06_map                  	     13	00.013926	(00.001071 +- 00.000092)	[00.000890,00.001266]
07_imu_opt              	     13	00.003841	(00.000295 +- 00.000228)	[00.000002,00.000670]
08_publish              	     13	00.170873	(00.013144 +- 00.000861)	[00.011308,00.014515]
step                    	     16	00.382567	(00.023910 +- 00.007435)	[00.005045,00.031665]

INFO  Timings:
SM Timing
-----------
00_conversion_livox     	     18	00.185837	(00.010324 +- 00.001371)	[00.007809,00.012207]
01_filter               	     17	00.007560	(00.000445 +- 00.000449)	[00.000235,00.002236]
02_preint               	     15	00.000530	(00.000035 +- 00.000005)	[00.000027,00.000049]
02a_intensity_preprocess	     17	00.061102	(00.003594 +- 00.000385)	[00.003177,00.004805]
03_undistortion         	     15	00.015907	(00.001060 +- 00.000359)	[00.000736,00.002160]
04_sampling             	     14	00.011075	(00.000791 +- 00.000108)	[00.000664,00.001090]
04b_intensity_sampling  	     14	00.011925	(00.000852 +- 00.000057)	[00.000755,00.000975]
05_registration         	     14	00.086749	(00.006196 +- 00.001743)	[00.002967,00.009307]
06_map                  	     14	00.015069	(00.001076 +- 00.000090)	[00.000890,00.001266]
07_imu_opt              	     14	00.004306	(00.000308 +- 00.000224)	[00.000002,00.000670]
08_publish              	     14	00.185780	(00.013270 +- 00.000946)	[00.011308,00.014908]
step                    	     17	00.414798	(00.024400 +- 00.007474)	[00.005045,00.032230]

INFO  Timings:
SM Timing
-----------
00_conversion_livox     	     19	00.197937	(00.010418 +- 00.001392)	[00.007809,00.012207]
01_filter               	     18	00.007920	(00.000440 +- 00.000437)	[00.000235,00.002236]
02_preint               	     16	00.000560	(00.000035 +- 00.000005)	[00.000027,00.000049]
02a_intensity_preprocess	     18	00.064740	(00.003597 +- 00.000374)	[00.003177,00.004805]
03_undistortion         	     16	00.016834	(00.001052 +- 00.000349)	[00.000736,00.002160]
04_sampling             	     15	00.011983	(00.000799 +- 00.000108)	[00.000664,00.001090]
04b_intensity_sampling  	     15	00.012765	(00.000851 +- 00.000055)	[00.000755,00.000975]
05_registration         	     15	00.091343	(00.006090 +- 00.001731)	[00.002967,00.009307]
06_map                  	     15	00.016204	(00.001080 +- 00.000089)	[00.000890,00.001266]
07_imu_opt              	     15	00.004596	(00.000306 +- 00.000216)	[00.000002,00.000670]
08_publish              	     15	00.199529	(00.013302 +- 00.000922)	[00.011308,00.014908]
step                    	     18	00.441357	(00.024520 +- 00.007280)	[00.005045,00.032230]

INFO  Timings:
SM Timing
-----------
00_conversion_livox     	     20	00.209517	(00.010476 +- 00.001380)	[00.007809,00.012207]
01_filter               	     19	00.008277	(00.000436 +- 00.000426)	[00.000235,00.002236]
02_preint               	     17	00.000588	(00.000035 +- 00.000005)	[00.000027,00.000049]
02a_intensity_preprocess	     19	00.068252	(00.003592 +- 00.000364)	[00.003177,00.004805]
03_undistortion         	     17	00.018033	(00.001061 +- 00.000340)	[00.000736,00.002160]
04_sampling             	     16	00.012832	(00.000802 +- 00.000106)	[00.000664,00.001090]
04b_intensity_sampling  	     16	00.013557	(00.000847 +- 00.000055)	[00.000755,00.000975]
05_registration         	     16	00.096265	(00.006017 +- 00.001700)	[00.002967,00.009307]
06_map                  	     16	00.017369	(00.001086 +- 00.000088)	[00.000890,00.001266]
07_imu_opt              	     16	00.004866	(00.000304 +- 00.000209)	[00.000002,00.000670]
08_publish              	     16	00.212688	(00.013293 +- 00.000893)	[00.011308,00.014908]
step                    	     19	00.467668	(00.024614 +- 00.007098)	[00.005045,00.032230]

INFO  Timings:
SM Timing
-----------
00_conversion_livox     	     21	00.220669	(00.010508 +- 00.001355)	[00.007809,00.012207]
01_filter               	     20	00.008642	(00.000432 +- 00.000415)	[00.000235,00.002236]
02_preint               	     18	00.000623	(00.000035 +- 00.000005)	[00.000027,00.000049]
02a_intensity_preprocess	     20	00.071752	(00.003588 +- 00.000356)	[00.003177,00.004805]
03_undistortion         	     18	00.019113	(00.001062 +- 00.000331)	[00.000736,00.002160]
04_sampling             	     17	00.013788	(00.000811 +- 00.000109)	[00.000664,00.001090]
04b_intensity_sampling  	     17	00.014297	(00.000841 +- 00.000059)	[00.000741,00.000975]
05_registration         	     17	00.102386	(00.006023 +- 00.001649)	[00.002967,00.009307]
06_map                  	     17	00.018586	(00.001093 +- 00.000091)	[00.000890,00.001266]
07_imu_opt              	     17	00.005283	(00.000311 +- 00.000205)	[00.000002,00.000670]
08_publish              	     17	00.226189	(00.013305 +- 00.000868)	[00.011308,00.014908]
step                    	     20	00.495682	(00.024784 +- 00.006957)	[00.005045,00.032230]

INFO  Timings:
SM Timing
-----------
00_conversion_livox     	     22	00.232171	(00.010553 +- 00.001340)	[00.007809,00.012207]
01_filter               	     21	00.008976	(00.000427 +- 00.000406)	[00.000235,00.002236]
02_preint               	     19	00.000651	(00.000034 +- 00.000005)	[00.000027,00.000049]
02a_intensity_preprocess	     21	00.075243	(00.003583 +- 00.000348)	[00.003177,00.004805]
03_undistortion         	     19	00.019947	(00.001050 +- 00.000326)	[00.000736,00.002160]
04_sampling             	     18	00.014517	(00.000807 +- 00.000107)	[00.000664,00.001090]
04b_intensity_sampling  	     18	00.015074	(00.000837 +- 00.000059)	[00.000741,00.000975]
05_registration         	     18	00.106840	(00.005936 +- 00.001642)	[00.002967,00.009307]
06_map                  	     18	00.019595	(00.001089 +- 00.000090)	[00.000890,00.001266]
07_imu_opt              	     18	00.005580	(00.000310 +- 00.000199)	[00.000002,00.000670]
08_publish              	     18	00.239258	(00.013292 +- 00.000845)	[00.011308,00.014908]
step                    	     21	00.520765	(00.024798 +- 00.006790)	[00.005045,00.032230]

INFO  Timings:
SM Timing
-----------
00_conversion_livox     	     23	00.243348	(00.010580 +- 00.001316)	[00.007809,00.012207]
01_filter               	     22	00.009219	(00.000419 +- 00.000398)	[00.000235,00.002236]
02_preint               	     20	00.000679	(00.000034 +- 00.000005)	[00.000027,00.000049]
02a_intensity_preprocess	     22	00.078718	(00.003578 +- 00.000340)	[00.003177,00.004805]
03_undistortion         	     20	00.020894	(00.001045 +- 00.000318)	[00.000736,00.002160]
04_sampling             	     19	00.015351	(00.000808 +- 00.000104)	[00.000664,00.001090]
04b_intensity_sampling  	     19	00.015929	(00.000838 +- 00.000058)	[00.000741,00.000975]
05_registration         	     19	00.114445	(00.006023 +- 00.001641)	[00.002967,00.009307]
06_map                  	     19	00.020672	(00.001088 +- 00.000088)	[00.000890,00.001266]
07_imu_opt              	     19	00.006034	(00.000318 +- 00.000197)	[00.000002,00.000670]
08_publish              	     19	00.252653	(00.013298 +- 00.000823)	[00.011308,00.014908]
step                    	     22	00.549738	(00.024988 +- 00.006691)	[00.005045,00.032230]

INFO  Timings:
SM Timing
-----------
00_conversion_livox     	     24	00.254535	(00.010606 +- 00.001294)	[00.007809,00.012207]
01_filter               	     23	00.009604	(00.000418 +- 00.000390)	[00.000235,00.002236]
02_preint               	     21	00.000706	(00.000034 +- 00.000005)	[00.000027,00.000049]
02a_intensity_preprocess	     23	00.082175	(00.003573 +- 00.000334)	[00.003177,00.004805]
03_undistortion         	     21	00.021751	(00.001036 +- 00.000313)	[00.000736,00.002160]
04_sampling             	     20	00.016093	(00.000805 +- 00.000103)	[00.000664,00.001090]
04b_intensity_sampling  	     20	00.016793	(00.000840 +- 00.000057)	[00.000741,00.000975]
05_registration         	     20	00.118660	(00.005933 +- 00.001648)	[00.002967,00.009307]
06_map                  	     20	00.021593	(00.001080 +- 00.000093)	[00.000890,00.001266]
07_imu_opt              	     20	00.006503	(00.000325 +- 00.000194)	[00.000002,00.000670]
08_publish              	     20	00.265872	(00.013294 +- 00.000802)	[00.011308,00.014908]
step                    	     23	00.574960	(00.024998 +- 00.006544)	[00.005045,00.032230]

INFO  Timings:
SM Timing
-----------
00_conversion_livox     	     25	00.265556	(00.010622 +- 00.001271)	[00.007809,00.012207]
01_filter               	     24	00.009929	(00.000414 +- 00.000382)	[00.000235,00.002236]
02_preint               	     22	00.000734	(00.000033 +- 00.000005)	[00.000027,00.000049]
02a_intensity_preprocess	     24	00.085578	(00.003566 +- 00.000329)	[00.003177,00.004805]
03_undistortion         	     22	00.022572	(00.001026 +- 00.000309)	[00.000736,00.002160]
04_sampling             	     21	00.016773	(00.000799 +- 00.000104)	[00.000664,00.001090]
04b_intensity_sampling  	     21	00.017627	(00.000839 +- 00.000055)	[00.000741,00.000975]
05_registration         	     21	00.123514	(00.005882 +- 00.001624)	[00.002967,00.009307]
06_map                  	     21	00.022759	(00.001084 +- 00.000093)	[00.000890,00.001266]
07_imu_opt              	     21	00.006891	(00.000328 +- 00.000190)	[00.000002,00.000670]
08_publish              	     21	00.279113	(00.013291 +- 00.000783)	[00.011308,00.014908]
step                    	     24	00.600755	(00.025031 +- 00.006408)	[00.005045,00.032230]

INFO  Timings:
SM Timing
-----------
00_conversion_livox     	     26	00.276641	(00.010640 +- 00.001249)	[00.007809,00.012207]
01_filter               	     25	00.010296	(00.000412 +- 00.000374)	[00.000235,00.002236]
02_preint               	     23	00.000762	(00.000033 +- 00.000005)	[00.000027,00.000049]
02a_intensity_preprocess	     25	00.089025	(00.003561 +- 00.000323)	[00.003177,00.004805]
03_undistortion         	     23	00.023566	(00.001025 +- 00.000303)	[00.000736,00.002160]
04_sampling             	     22	00.017450	(00.000793 +- 00.000105)	[00.000664,00.001090]
04b_intensity_sampling  	     22	00.018358	(00.000834 +- 00.000059)	[00.000731,00.000975]
05_registration         	     22	00.131691	(00.005986 +- 00.001657)	[00.002967,00.009307]
06_map                  	     22	00.023847	(00.001084 +- 00.000091)	[00.000890,00.001266]
07_imu_opt              	     22	00.007304	(00.000332 +- 00.000187)	[00.000002,00.000670]
08_publish              	     22	00.292485	(00.013295 +- 00.000765)	[00.011308,00.014908]
step                    	     25	00.630112	(00.025204 +- 00.006335)	[00.005045,00.032230]

INFO  Timings:
SM Timing
-----------
00_conversion_livox     	     26	00.276641	(00.010640 +- 00.001249)	[00.007809,00.012207]
01_filter               	     26	00.010658	(00.000410 +- 00.000367)	[00.000235,00.002236]
02_preint               	     24	00.000792	(00.000033 +- 00.000005)	[00.000027,00.000049]
02a_intensity_preprocess	     26	00.092682	(00.003565 +- 00.000317)	[00.003177,00.004805]
03_undistortion         	     24	00.024486	(00.001020 +- 00.000297)	[00.000736,00.002160]
04_sampling             	     23	00.018400	(00.000800 +- 00.000107)	[00.000664,00.001090]
04b_intensity_sampling  	     23	00.019240	(00.000837 +- 00.000058)	[00.000731,00.000975]
05_registration         	     23	00.137296	(00.005969 +- 00.001623)	[00.002967,00.009307]
06_map                  	     23	00.024724	(00.001075 +- 00.000098)	[00.000877,00.001266]
07_imu_opt              	     23	00.007841	(00.000341 +- 00.000187)	[00.000002,00.000670]
08_publish              	     23	00.306033	(00.013306 +- 00.000750)	[00.011308,00.014908]
step                    	     26	00.657547	(00.025290 +- 00.006227)	[00.005045,00.032230]

INFO  Timings:
SM Timing
-----------
00_conversion_livox     	     28	00.298505	(00.010661 +- 00.001211)	[00.007809,00.012207]
01_filter               	     27	00.011006	(00.000408 +- 00.000361)	[00.000235,00.002236]
02_preint               	     25	00.000823	(00.000033 +- 00.000005)	[00.000027,00.000049]
02a_intensity_preprocess	     27	00.096192	(00.003563 +- 00.000311)	[00.003177,00.004805]
03_undistortion         	     25	00.025318	(00.001013 +- 00.000293)	[00.000736,00.002160]
04_sampling             	     24	00.019002	(00.000792 +- 00.000112)	[00.000602,00.001090]
04b_intensity_sampling  	     24	00.019941	(00.000831 +- 00.000063)	[00.000701,00.000975]
05_registration         	     24	00.143369	(00.005974 +- 00.001589)	[00.002967,00.009307]
06_map                  	     24	00.025830	(00.001076 +- 00.000096)	[00.000877,00.001266]
07_imu_opt              	     24	00.008286	(00.000345 +- 00.000185)	[00.000002,00.000670]
08_publish              	     24	00.319174	(00.013299 +- 00.000735)	[00.011308,00.014908]
step                    	     27	00.684391	(00.025348 +- 00.006118)	[00.005045,00.032230]

INFO  Timings:
SM Timing
-----------
00_conversion_livox     	     29	00.309409	(00.010669 +- 00.001191)	[00.007809,00.012207]
01_filter               	     28	00.011339	(00.000405 +- 00.000354)	[00.000235,00.002236]
02_preint               	     26	00.000850	(00.000033 +- 00.000005)	[00.000027,00.000049]
02a_intensity_preprocess	     28	00.099681	(00.003560 +- 00.000306)	[00.003177,00.004805]
03_undistortion         	     26	00.026238	(00.001009 +- 00.000288)	[00.000736,00.002160]
04_sampling             	     25	00.019676	(00.000787 +- 00.000112)	[00.000602,00.001090]
04b_intensity_sampling  	     25	00.021021	(00.000841 +- 00.000079)	[00.000701,00.001080]
05_registration         	     25	00.150120	(00.006005 +- 00.001564)	[00.002967,00.009307]
06_map                  	     25	00.026809	(00.001072 +- 00.000096)	[00.000877,00.001266]
07_imu_opt              	     25	00.008741	(00.000350 +- 00.000182)	[00.000002,00.000670]
08_publish              	     25	00.332743	(00.013310 +- 00.000722)	[00.011308,00.014908]
step                    	     28	00.712739	(00.025455 +- 00.006033)	[00.005045,00.032230]

INFO  Timings:
SM Timing
-----------
00_conversion_livox     	     30	00.320659	(00.010689 +- 00.001175)	[00.007809,00.012207]
01_filter               	     29	00.011695	(00.000403 +- 00.000348)	[00.000235,00.002236]
02_preint               	     27	00.000877	(00.000032 +- 00.000005)	[00.000027,00.000049]
02a_intensity_preprocess	     29	00.103175	(00.003558 +- 00.000301)	[00.003177,00.004805]
03_undistortion         	     27	00.027234	(00.001009 +- 00.000283)	[00.000736,00.002160]
04_sampling             	     26	00.020385	(00.000784 +- 00.000111)	[00.000602,00.001090]
04b_intensity_sampling  	     26	00.021821	(00.000839 +- 00.000078)	[00.000701,00.001080]
05_registration         	     26	00.155641	(00.005986 +- 00.001537)	[00.002967,00.009307]
06_map                  	     26	00.027864	(00.001072 +- 00.000094)	[00.000877,00.001266]
07_imu_opt              	     26	00.009289	(00.000357 +- 00.000183)	[00.000002,00.000670]
08_publish              	     26	00.345627	(00.013293 +- 00.000713)	[00.011308,00.014908]
step                    	     29	00.739187	(00.025489 +- 00.005931)	[00.005045,00.032230]

INFO  Timings:
SM Timing
-----------
00_conversion_livox     	     31	00.331412	(00.010691 +- 00.001156)	[00.007809,00.012207]
01_filter               	     30	00.012007	(00.000400 +- 00.000343)	[00.000235,00.002236]
02_preint               	     28	00.000905	(00.000032 +- 00.000005)	[00.000027,00.000049]
02a_intensity_preprocess	     30	00.106514	(00.003550 +- 00.000298)	[00.003177,00.004805]
03_undistortion         	     28	00.028168	(00.001006 +- 00.000278)	[00.000736,00.002160]
04_sampling             	     27	00.021045	(00.000779 +- 00.000111)	[00.000602,00.001090]
04b_intensity_sampling  	     27	00.022560	(00.000836 +- 00.000079)	[00.000701,00.001080]
05_registration         	     27	00.160540	(00.005946 +- 00.001522)	[00.002967,00.009307]
06_map                  	     27	00.028893	(00.001070 +- 00.000093)	[00.000877,00.001266]
07_imu_opt              	     27	00.009846	(00.000365 +- 00.000183)	[00.000002,00.000670]
08_publish              	     27	00.358529	(00.013279 +- 00.000703)	[00.011308,00.014908]
step                    	     30	00.764640	(00.025488 +- 00.005832)	[00.005045,00.032230]

INFO  Timings:
SM Timing
-----------
00_conversion_livox     	     32	00.342704	(00.010709 +- 00.001143)	[00.007809,00.012207]
01_filter               	     31	00.012299	(00.000397 +- 00.000338)	[00.000235,00.002236]
02_preint               	     29	00.000937	(00.000032 +- 00.000005)	[00.000027,00.000049]
02a_intensity_preprocess	     31	00.110107	(00.003552 +- 00.000294)	[00.003177,00.004805]
03_undistortion         	     29	00.029007	(00.001000 +- 00.000275)	[00.000736,00.002160]
04_sampling             	     28	00.021726	(00.000776 +- 00.000111)	[00.000602,00.001090]
04b_intensity_sampling  	     28	00.023384	(00.000835 +- 00.000077)	[00.000701,00.001080]
05_registration         	     28	00.165638	(00.005916 +- 00.001503)	[00.002967,00.009307]
06_map                  	     28	00.030036	(00.001073 +- 00.000092)	[00.000877,00.001266]
07_imu_opt              	     28	00.010269	(00.000367 +- 00.000180)	[00.000002,00.000670]
08_publish              	     28	00.371746	(00.013277 +- 00.000691)	[00.011308,00.014908]
step                    	     31	00.790843	(00.025511 +- 00.005738)	[00.005045,00.032230]

INFO  Timings:
SM Timing
-----------
00_conversion_livox     	     33	00.353753	(00.010720 +- 00.001127)	[00.007809,00.012207]
01_filter               	     32	00.012577	(00.000393 +- 00.000333)	[00.000235,00.002236]
02_preint               	     30	00.000968	(00.000032 +- 00.000005)	[00.000027,00.000049]
02a_intensity_preprocess	     32	00.113686	(00.003553 +- 00.000289)	[00.003177,00.004805]
03_undistortion         	     30	00.029996	(00.001000 +- 00.000270)	[00.000736,00.002160]
04_sampling             	     29	00.022426	(00.000773 +- 00.000110)	[00.000602,00.001090]
04b_intensity_sampling  	     29	00.024342	(00.000839 +- 00.000079)	[00.000701,00.001080]
05_registration         	     29	00.171984	(00.005930 +- 00.001479)	[00.002967,00.009307]
06_map                  	     29	00.031322	(00.001080 +- 00.000099)	[00.000877,00.001286]
07_imu_opt              	     29	00.010911	(00.000376 +- 00.000184)	[00.000002,00.000670]
08_publish              	     29	00.385342	(00.013288 +- 00.000681)	[00.011308,00.014908]
step                    	     32	00.819307	(00.025603 +- 00.005671)	[00.005045,00.032230]

INFO  Timings:
SM Timing
-----------
00_conversion_livox     	     34	00.365457	(00.010749 +- 00.001123)	[00.007809,00.012207]
01_filter               	     33	00.012939	(00.000392 +- 00.000328)	[00.000235,00.002236]
02_preint               	     31	00.000999	(00.000032 +- 00.000005)	[00.000027,00.000049]
02a_intensity_preprocess	     33	00.117354	(00.003556 +- 00.000285)	[00.003177,00.004805]
03_undistortion         	     31	00.031091	(00.001003 +- 00.000266)	[00.000736,00.002160]
04_sampling             	     30	00.023101	(00.000770 +- 00.000109)	[00.000602,00.001090]
04b_intensity_sampling  	     30	00.025238	(00.000841 +- 00.000078)	[00.000701,00.001080]
05_registration         	     30	00.177272	(00.005909 +- 00.001458)	[00.002967,00.009307]
06_map                  	     30	00.032416	(00.001081 +- 00.000097)	[00.000877,00.001286]
07_imu_opt              	     30	00.011478	(00.000383 +- 00.000184)	[00.000002,00.000670]
08_publish              	     30	00.398953	(00.013298 +- 00.000672)	[00.011308,00.014908]
step                    	     33	00.846678	(00.025657 +- 00.005593)	[00.005045,00.032230]

INFO  Timings:
SM Timing
-----------
00_conversion_livox     	     35	00.376695	(00.010763 +- 00.001109)	[00.007809,00.012207]
01_filter               	     34	00.013282	(00.000391 +- 00.000323)	[00.000235,00.002236]
02_preint               	     32	00.001029	(00.000032 +- 00.000005)	[00.000027,00.000049]
02a_intensity_preprocess	     34	00.120836	(00.003554 +- 00.000281)	[00.003177,00.004805]
03_undistortion         	     32	00.032017	(00.001001 +- 00.000263)	[00.000736,00.002160]
04_sampling             	     31	00.023744	(00.000766 +- 00.000110)	[00.000602,00.001090]
04b_intensity_sampling  	     31	00.026029	(00.000840 +- 00.000078)	[00.000701,00.001080]
05_registration         	     31	00.184517	(00.005952 +- 00.001454)	[00.002967,00.009307]
06_map                  	     31	00.033560	(00.001083 +- 00.000096)	[00.000877,00.001286]
07_imu_opt              	     31	00.012021	(00.000388 +- 00.000183)	[00.000002,00.000670]
08_publish              	     31	00.412271	(00.013299 +- 00.000661)	[00.011308,00.014908]
step                    	     34	00.875204	(00.025741 +- 00.005531)	[00.005045,00.032230]

INFO  Timings:
SM Timing
-----------
00_conversion_livox     	     36	00.388007	(00.010778 +- 00.001098)	[00.007809,00.012207]
01_filter               	     35	00.013691	(00.000391 +- 00.000319)	[00.000235,00.002236]
02_preint               	     33	00.001058	(00.000032 +- 00.000005)	[00.000027,00.000049]
02a_intensity_preprocess	     35	00.124342	(00.003553 +- 00.000278)	[00.003177,00.004805]
03_undistortion         	     33	00.032933	(00.000998 +- 00.000259)	[00.000736,00.002160]
04_sampling             	     32	00.024489	(00.000765 +- 00.000108)	[00.000602,00.001090]
04b_intensity_sampling  	     32	00.026789	(00.000837 +- 00.000078)	[00.000701,00.001080]
05_registration         	     32	00.189934	(00.005935 +- 00.001434)	[00.002967,00.009307]
06_map                  	     32	00.034687	(00.001084 +- 00.000095)	[00.000877,00.001286]
07_imu_opt              	     32	00.012689	(00.000397 +- 00.000187)	[00.000002,00.000670]
08_publish              	     32	00.425721	(00.013304 +- 00.000651)	[00.011308,00.014908]
step                    	     35	00.902290	(00.025780 +- 00.005456)	[00.005045,00.032230]

INFO  Timings:
SM Timing
-----------
00_conversion_livox     	     37	00.399357	(00.010793 +- 00.001087)	[00.007809,00.012207]
01_filter               	     36	00.014055	(00.000390 +- 00.000314)	[00.000235,00.002236]
02_preint               	     34	00.001085	(00.000032 +- 00.000005)	[00.000027,00.000049]
02a_intensity_preprocess	     36	00.127928	(00.003554 +- 00.000274)	[00.003177,00.004805]
03_undistortion         	     34	00.033829	(00.000995 +- 00.000256)	[00.000736,00.002160]
04_sampling             	     33	00.025202	(00.000764 +- 00.000107)	[00.000602,00.001090]
04b_intensity_sampling  	     33	00.027533	(00.000834 +- 00.000078)	[00.000701,00.001080]
05_registration         	     33	00.198628	(00.006019 +- 00.001489)	[00.002967,00.009307]
06_map                  	     33	00.035861	(00.001087 +- 00.000095)	[00.000877,00.001286]
07_imu_opt              	     33	00.013240	(00.000401 +- 00.000186)	[00.000002,00.000670]
08_publish              	     33	00.439451	(00.013317 +- 00.000646)	[00.011308,00.014908]
step                    	     36	00.932832	(00.025912 +- 00.005436)	[00.005045,00.032230]

INFO  Timings:
SM Timing
-----------
00_conversion_livox     	     38	00.410747	(00.010809 +- 00.001077)	[00.007809,00.012207]
01_filter               	     37	00.014382	(00.000389 +- 00.000310)	[00.000235,00.002236]
02_preint               	     35	00.001115	(00.000032 +- 00.000005)	[00.000027,00.000049]
02a_intensity_preprocess	     37	00.131490	(00.003554 +- 00.000270)	[00.003177,00.004805]
03_undistortion         	     35	00.034749	(00.000993 +- 00.000252)	[00.000736,00.002160]
04_sampling             	     34	00.026225	(00.000771 +- 00.000114)	[00.000602,00.001090]
04b_intensity_sampling  	     34	00.028337	(00.000833 +- 00.000077)	[00.000701,00.001080]
05_registration         	     34	00.204342	(00.006010 +- 00.001468)	[00.002967,00.009307]
06_map                  	     34	00.037019	(00.001089 +- 00.000094)	[00.000877,00.001286]
07_imu_opt              	     34	00.013950	(00.000410 +- 00.000190)	[00.000002,00.000710]
08_publish              	     34	00.453379	(00.013335 +- 00.000644)	[00.011308,00.014908]
step                    	     37	00.961071	(00.025975 +- 00.005376)	[00.005045,00.032230]

INFO  Timings:
SM Timing
-----------
00_conversion_livox     	     39	00.422073	(00.010822 +- 00.001066)	[00.007809,00.012207]
01_filter               	     38	00.014731	(00.000388 +- 00.000306)	[00.000235,00.002236]
02_preint               	     36	00.001143	(00.000032 +- 00.000005)	[00.000027,00.000049]
02a_intensity_preprocess	     38	00.135067	(00.003554 +- 00.000266)	[00.003177,00.004805]
03_undistortion         	     36	00.035691	(00.000991 +- 00.000249)	[00.000736,00.002160]
04_sampling             	     35	00.026953	(00.000770 +- 00.000113)	[00.000602,00.001090]
04b_intensity_sampling  	     35	00.029076	(00.000831 +- 00.000078)	[00.000701,00.001080]
05_registration         	     35	00.209283	(00.005980 +- 00.001458)	[00.002967,00.009307]
06_map                  	     35	00.038092	(00.001088 +- 00.000093)	[00.000877,00.001286]
07_imu_opt              	     35	00.014408	(00.000412 +- 00.000188)	[00.000002,00.000710]
08_publish              	     35	00.467069	(00.013345 +- 00.000638)	[00.011308,00.014908]
step                    	     38	00.987663	(00.025991 +- 00.005305)	[00.005045,00.032230]

INFO  Timings:
SM Timing
-----------
00_conversion_livox     	     40	00.433771	(00.010844 +- 00.001061)	[00.007809,00.012207]
01_filter               	     39	00.015130	(00.000388 +- 00.000302)	[00.000235,00.002236]
02_preint               	     37	00.001180	(00.000032 +- 00.000005)	[00.000027,00.000049]
02a_intensity_preprocess	     39	00.138652	(00.003555 +- 00.000263)	[00.003177,00.004805]
03_undistortion         	     37	00.036634	(00.000990 +- 00.000246)	[00.000736,00.002160]
04_sampling             	     36	00.027715	(00.000770 +- 00.000111)	[00.000602,00.001090]
04b_intensity_sampling  	     36	00.029931	(00.000831 +- 00.000077)	[00.000701,00.001080]
05_registration         	     36	00.214854	(00.005968 +- 00.001439)	[00.002967,00.009307]
06_map                  	     36	00.039198	(00.001089 +- 00.000092)	[00.000877,00.001286]
07_imu_opt              	     36	00.015152	(00.000421 +- 00.000193)	[00.000002,00.000744]
08_publish              	     36	00.480670	(00.013352 +- 00.000630)	[00.011308,00.014908]
step                    	     39	01.015331	(00.026034 +- 00.005244)	[00.005045,00.032230]

INFO  Timings:
SM Timing
-----------
00_conversion_livox     	     41	00.445171	(00.010858 +- 00.001052)	[00.007809,00.012207]
01_filter               	     40	00.015485	(00.000387 +- 00.000298)	[00.000235,00.002236]
02_preint               	     38	00.001216	(00.000032 +- 00.000005)	[00.000027,00.000049]
02a_intensity_preprocess	     40	00.142239	(00.003556 +- 00.000260)	[00.003177,00.004805]
03_undistortion         	     38	00.037513	(00.000987 +- 00.000243)	[00.000736,00.002160]
04_sampling             	     37	00.028424	(00.000768 +- 00.000110)	[00.000602,00.001090]
04b_intensity_sampling  	     37	00.030749	(00.000831 +- 00.000076)	[00.000701,00.001080]
05_registration         	     37	00.222749	(00.006020 +- 00.001453)	[00.002967,00.009307]
06_map                  	     37	00.040394	(00.001092 +- 00.000092)	[00.000877,00.001286]
07_imu_opt              	     37	00.015759	(00.000426 +- 00.000193)	[00.000002,00.000744]
08_publish              	     37	00.494617	(00.013368 +- 00.000629)	[00.011308,00.014908]
step                    	     40	01.045425	(00.026136 +- 00.005216)	[00.005045,00.032230]

INFO  Timings:
SM Timing
-----------
00_conversion_livox     	     42	00.456978	(00.010880 +- 00.001049)	[00.007809,00.012207]
01_filter               	     41	00.015849	(00.000387 +- 00.000295)	[00.000235,00.002236]
02_preint               	     39	00.001251	(00.000032 +- 00.000005)	[00.000027,00.000049]
02a_intensity_preprocess	     41	00.145917	(00.003559 +- 00.000257)	[00.003177,00.004805]
03_undistortion         	     39	00.038419	(00.000985 +- 00.000240)	[00.000736,00.002160]
04_sampling             	     38	00.029130	(00.000767 +- 00.000109)	[00.000602,00.001090]
04b_intensity_sampling  	     38	00.031512	(00.000829 +- 00.000075)	[00.000701,00.001080]
05_registration         	     38	00.228979	(00.006026 +- 00.001435)	[00.002967,00.009307]
06_map                  	     38	00.041583	(00.001094 +- 00.000092)	[00.000877,00.001286]
07_imu_opt              	     38	00.016412	(00.000432 +- 00.000194)	[00.000002,00.000744]
08_publish              	     38	00.508391	(00.013379 +- 00.000624)	[00.011308,00.014908]
step                    	     41	01.073791	(00.026190 +- 00.005164)	[00.005045,00.032230]

INFO  Timings:
SM Timing
-----------
00_conversion_livox     	     43	00.468852	(00.010904 +- 00.001048)	[00.007809,00.012207]
01_filter               	     42	00.016292	(00.000388 +- 00.000291)	[00.000235,00.002236]
02_preint               	     40	00.001282	(00.000032 +- 00.000005)	[00.000027,00.000049]
02a_intensity_preprocess	     42	00.149709	(00.003565 +- 00.000257)	[00.003177,00.004805]
03_undistortion         	     40	00.039287	(00.000982 +- 00.000238)	[00.000736,00.002160]
04_sampling             	     39	00.030086	(00.000771 +- 00.000112)	[00.000602,00.001090]
04b_intensity_sampling  	     39	00.032279	(00.000828 +- 00.000075)	[00.000701,00.001080]
05_registration         	     39	00.233819	(00.005995 +- 00.001428)	[00.002967,00.009307]
06_map                  	     39	00.042757	(00.001096 +- 00.000092)	[00.000877,00.001286]
07_imu_opt              	     39	00.016918	(00.000434 +- 00.000192)	[00.000002,00.000744]
08_publish              	     39	00.522739	(00.013404 +- 00.000635)	[00.011308,00.014908]
step                    	     42	01.101576	(00.026228 +- 00.005108)	[00.005045,00.032230]

INFO  Timings:
SM Timing
-----------
00_conversion_livox     	     44	00.480902	(00.010930 +- 00.001050)	[00.007809,00.012207]
01_filter               	     43	00.016669	(00.000388 +- 00.000288)	[00.000235,00.002236]
02_preint               	     41	00.001313	(00.000032 +- 00.000005)	[00.000027,00.000049]
02a_intensity_preprocess	     43	00.153562	(00.003571 +- 00.000257)	[00.003177,00.004805]
03_undistortion         	     41	00.040170	(00.000980 +- 00.000236)	[00.000736,00.002160]
04_sampling             	     40	00.030875	(00.000772 +- 00.000110)	[00.000602,00.001090]
04b_intensity_sampling  	     40	00.033138	(00.000828 +- 00.000074)	[00.000701,00.001080]
05_registration         	     40	00.239678	(00.005992 +- 00.001411)	[00.002967,00.009307]
06_map                  	     40	00.043929	(00.001098 +- 00.000091)	[00.000877,00.001286]
07_imu_opt              	     40	00.017818	(00.000445 +- 00.000203)	[00.000002,00.000900]
08_publish              	     40	00.537828	(00.013446 +- 00.000680)	[00.011308,00.015089]
step                    	     43	01.131477	(00.026313 +- 00.005078)	[00.005045,00.032230]

INFO  Timings:
SM Timing
-----------
00_conversion_livox     	     45	00.493184	(00.010960 +- 00.001057)	[00.007809,00.012283]
01_filter               	     44	00.017033	(00.000387 +- 00.000285)	[00.000235,00.002236]
02_preint               	     42	00.001344	(00.000032 +- 00.000005)	[00.000027,00.000049]
02a_intensity_preprocess	     44	00.157475	(00.003579 +- 00.000259)	[00.003177,00.004805]
03_undistortion         	     42	00.041408	(00.000986 +- 00.000236)	[00.000736,00.002160]
04_sampling             	     41	00.031627	(00.000771 +- 00.000109)	[00.000602,00.001090]
04b_intensity_sampling  	     41	00.034023	(00.000830 +- 00.000074)	[00.000701,00.001080]
05_registration         	     41	00.246795	(00.006019 +- 00.001404)	[00.002967,00.009307]
06_map                  	     41	00.045071	(00.001099 +- 00.000091)	[00.000877,00.001286]
07_imu_opt              	     41	00.018667	(00.000455 +- 00.000210)	[00.000002,00.000900]
08_publish              	     41	00.552779	(00.013482 +- 00.000711)	[00.011308,00.015089]
step                    	     44	01.162785	(00.026427 +- 00.005075)	[00.005045,00.032230]

INFO  Timings:
SM Timing
-----------
00_conversion_livox     	     46	00.506049	(00.011001 +- 00.001082)	[00.007809,00.012864]
01_filter               	     45	00.017407	(00.000387 +- 00.000282)	[00.000235,00.002236]
02_preint               	     43	00.001374	(00.000032 +- 00.000005)	[00.000027,00.000049]
02a_intensity_preprocess	     45	00.161333	(00.003585 +- 00.000260)	[00.003177,00.004805]
03_undistortion         	     43	00.042814	(00.000996 +- 00.000242)	[00.000736,00.002160]
04_sampling             	     42	00.032488	(00.000774 +- 00.000109)	[00.000602,00.001090]
04b_intensity_sampling  	     42	00.034939	(00.000832 +- 00.000074)	[00.000701,00.001080]
05_registration         	     42	00.253106	(00.006026 +- 00.001388)	[00.002967,00.009307]
06_map                  	     42	00.046191	(00.001100 +- 00.000089)	[00.000877,00.001286]
07_imu_opt              	     42	00.019404	(00.000462 +- 00.000212)	[00.000002,00.000900]
08_publish              	     42	00.567886	(00.013521 +- 00.000745)	[00.011308,00.015107]
step                    	     45	01.193608	(00.026525 +- 00.005060)	[00.005045,00.032230]

INFO  Timings:
SM Timing
-----------
00_conversion_livox     	     47	00.518610	(00.011034 +- 00.001094)	[00.007809,00.012864]
01_filter               	     46	00.017802	(00.000387 +- 00.000278)	[00.000235,00.002236]
02_preint               	     44	00.001402	(00.000032 +- 00.000005)	[00.000027,00.000049]
02a_intensity_preprocess	     46	00.165114	(00.003589 +- 00.000259)	[00.003177,00.004805]
03_undistortion         	     44	00.043835	(00.000996 +- 00.000239)	[00.000736,00.002160]
04_sampling             	     43	00.033360	(00.000776 +- 00.000108)	[00.000602,00.001090]
04b_intensity_sampling  	     43	00.035921	(00.000835 +- 00.000077)	[00.000701,00.001080]
05_registration         	     43	00.258600	(00.006014 +- 00.001374)	[00.002967,00.009307]
06_map                  	     43	00.047424	(00.001103 +- 00.000091)	[00.000877,00.001286]
07_imu_opt              	     43	00.020057	(00.000466 +- 00.000211)	[00.000002,00.000900]
08_publish              	     43	00.581725	(00.013528 +- 00.000737)	[00.011308,00.015107]
step                    	     46	01.221968	(00.026565 +- 00.005012)	[00.005045,00.032230]

INFO  Timings:
SM Timing
-----------
00_conversion_livox     	     48	00.530299	(00.011048 +- 00.001086)	[00.007809,00.012864]
01_filter               	     47	00.018179	(00.000387 +- 00.000275)	[00.000235,00.002236]
02_preint               	     45	00.001431	(00.000032 +- 00.000005)	[00.000027,00.000049]
02a_intensity_preprocess	     47	00.168702	(00.003589 +- 00.000256)	[00.003177,00.004805]
03_undistortion         	     45	00.044760	(00.000995 +- 00.000237)	[00.000736,00.002160]
04_sampling             	     44	00.034308	(00.000780 +- 00.000110)	[00.000602,00.001090]
04b_intensity_sampling  	     44	00.036754	(00.000835 +- 00.000076)	[00.000701,00.001080]
05_registration         	     44	00.263923	(00.005998 +- 00.001362)	[00.002967,00.009307]
06_map                  	     44	00.048489	(00.001102 +- 00.000090)	[00.000877,00.001286]
07_imu_opt              	     44	00.020553	(00.000467 +- 00.000209)	[00.000002,00.000900]
08_publish              	     44	00.595377	(00.013531 +- 00.000729)	[00.011308,00.015107]
step                    	     47	01.249281	(00.026580 +- 00.004960)	[00.005045,00.032230]

INFO  Timings:
SM Timing
-----------
00_conversion_livox     	     49	00.541617	(00.011053 +- 00.001076)	[00.007809,00.012864]
01_filter               	     48	00.018509	(00.000386 +- 00.000273)	[00.000235,00.002236]
02_preint               	     46	00.001460	(00.000032 +- 00.000004)	[00.000027,00.000049]
02a_intensity_preprocess	     48	00.172326	(00.003590 +- 00.000253)	[00.003177,00.004805]
03_undistortion         	     46	00.045648	(00.000992 +- 00.000234)	[00.000736,00.002160]
04_sampling             	     45	00.034990	(00.000778 +- 00.000110)	[00.000602,00.001090]
04b_intensity_sampling  	     45	00.037489	(00.000833 +- 00.000076)	[00.000701,00.001080]
05_registration         	     45	00.271742	(00.006039 +- 00.001374)	[00.002967,00.009307]
06_map                  	     45	00.049769	(00.001106 +- 00.000093)	[00.000877,00.001286]
07_imu_opt              	     45	00.021387	(00.000475 +- 00.000213)	[00.000002,00.000900]
08_publish              	     45	00.610072	(00.013557 +- 00.000741)	[00.011308,00.015107]
step                    	     48	01.280253	(00.026672 +- 00.004948)	[00.005045,00.032230]

INFO  Timings:
SM Timing
-----------
00_conversion_livox     	     50	00.554066	(00.011081 +- 00.001083)	[00.007809,00.012864]
01_filter               	     49	00.018896	(00.000386 +- 00.000270)	[00.000235,00.002236]
02_preint               	     47	00.001491	(00.000032 +- 00.000004)	[00.000027,00.000049]
02a_intensity_preprocess	     49	00.176290	(00.003598 +- 00.000256)	[00.003177,00.004805]
03_undistortion         	     47	00.046645	(00.000992 +- 00.000232)	[00.000736,00.002160]
04_sampling             	     46	00.035790	(00.000778 +- 00.000109)	[00.000602,00.001090]
04b_intensity_sampling  	     46	00.038307	(00.000833 +- 00.000076)	[00.000701,00.001080]
05_registration         	     46	00.277287	(00.006028 +- 00.001360)	[00.002967,00.009307]
06_map                  	     46	00.050989	(00.001108 +- 00.000093)	[00.000877,00.001286]
07_imu_opt              	     46	00.022116	(00.000481 +- 00.000214)	[00.000002,00.000900]
08_publish              	     46	00.624887	(00.013584 +- 00.000756)	[00.011308,00.015107]
step                    	     49	01.309620	(00.026727 +- 00.004912)	[00.005045,00.032230]

INFO  Timings:
SM Timing
-----------
00_conversion_livox     	     51	00.566618	(00.011110 +- 00.000996)	[00.007809,00.012864]
01_filter               	     50	00.019295	(00.000386 +- 00.000267)	[00.000235,00.002236]
02_preint               	     48	00.001528	(00.000032 +- 00.000004)	[00.000027,00.000049]
02a_intensity_preprocess	     50	00.180122	(00.003602 +- 00.000256)	[00.003177,00.004805]
03_undistortion         	     48	00.047617	(00.000992 +- 00.000230)	[00.000736,00.002160]
04_sampling             	     47	00.036544	(00.000778 +- 00.000108)	[00.000602,00.001090]
04b_intensity_sampling  	     47	00.039232	(00.000835 +- 00.000076)	[00.000701,00.001080]
05_registration         	     47	00.282466	(00.006010 +- 00.001352)	[00.002967,00.009307]
06_map                  	     47	00.052107	(00.001109 +- 00.000092)	[00.000877,00.001286]
07_imu_opt              	     47	00.022657	(00.000482 +- 00.000212)	[00.000002,00.000900]
08_publish              	     47	00.639259	(00.013601 +- 00.000756)	[00.011308,00.015107]
step                    	     50	01.337811	(00.026756 +- 00.004867)	[00.005045,00.032230]

INFO  Timings:
SM Timing
-----------
00_conversion_livox     	     52	00.578774	(00.011130 +- 00.000909)	[00.007809,00.012864]
01_filter               	     51	00.019659	(00.000385 +- 00.000040)	[00.000235,00.002236]
02_preint               	     49	00.001561	(00.000032 +- 00.000004)	[00.000027,00.000049]
02a_intensity_preprocess	     51	00.183896	(00.003606 +- 00.000244)	[00.003177,00.004805]
03_undistortion         	     49	00.048614	(00.000992 +- 00.000227)	[00.000736,00.002160]
04_sampling             	     48	00.037267	(00.000776 +- 00.000107)	[00.000602,00.001090]
04b_intensity_sampling  	     48	00.040062	(00.000835 +- 00.000075)	[00.000701,00.001080]
05_registration         	     48	00.288703	(00.006015 +- 00.001338)	[00.002967,00.009307]
06_map                  	     48	00.053284	(00.001110 +- 00.000092)	[00.000877,00.001286]
07_imu_opt              	     48	00.023393	(00.000487 +- 00.000213)	[00.000002,00.000900]
08_publish              	     48	00.653901	(00.013623 +- 00.000763)	[00.011308,00.015107]
step                    	     51	01.367392	(00.026812 +- 00.003918)	[00.005045,00.032230]

INFO  Timings:
SM Timing
-----------
00_conversion_livox     	     53	00.590886	(00.011149 +- 00.000782)	[00.007809,00.012864]
01_filter               	     52	00.020067	(00.000386 +- 00.000037)	[00.000235,00.002236]
02_preint               	     50	00.001598	(00.000032 +- 00.000004)	[00.000027,00.000049]
02a_intensity_preprocess	     52	00.187684	(00.003609 +- 00.000175)	[00.003177,00.004805]
03_undistortion         	     50	00.049611	(00.000992 +- 00.000225)	[00.000736,00.002160]
04_sampling             	     49	00.038019	(00.000776 +- 00.000106)	[00.000602,00.001090]
04b_intensity_sampling  	     49	00.040869	(00.000834 +- 00.000075)	[00.000701,00.001080]
05_registration         	     49	00.294326	(00.006007 +- 00.001325)	[00.002967,00.009307]
06_map                  	     49	00.054321	(00.001109 +- 00.000091)	[00.000877,00.001286]
07_imu_opt              	     49	00.024316	(00.000496 +- 00.000220)	[00.000002,00.000923]
08_publish              	     49	00.668100	(00.013635 +- 00.000759)	[00.011308,00.015107]
step                    	     52	01.396030	(00.026847 +- 00.002310)	[00.005045,00.032230]

INFO  Timings:
SM Timing
-----------
00_conversion_livox     	     54	00.602556	(00.011158 +- 00.000692)	[00.007809,00.012864]
01_filter               	     53	00.020425	(00.000385 +- 00.000034)	[00.000235,00.002236]
02_preint               	     51	00.001627	(00.000032 +- 00.000004)	[00.000027,00.000049]
02a_intensity_preprocess	     53	00.191406	(00.003611 +- 00.000170)	[00.003177,00.004805]
03_undistortion         	     51	00.050575	(00.000992 +- 00.000151)	[00.000736,00.002160]
04_sampling             	     50	00.038890	(00.000778 +- 00.000106)	[00.000602,00.001090]
04b_intensity_sampling  	     50	00.041626	(00.000833 +- 00.000075)	[00.000701,00.001080]
05_registration         	     50	00.302428	(00.006049 +- 00.001344)	[00.002967,00.009307]
06_map                  	     50	00.055562	(00.001111 +- 00.000092)	[00.000877,00.001286]
07_imu_opt              	     50	00.025102	(00.000502 +- 00.000221)	[00.000002,00.000923]
08_publish              	     50	00.683116	(00.013662 +- 00.000776)	[00.011308,00.015107]
step                    	     53	01.427936	(00.026942 +- 00.002109)	[00.005045,00.032230]

INFO  Timings:
SM Timing
-----------
00_conversion_livox     	     55	00.615115	(00.011184 +- 00.000622)	[00.007809,00.012864]
01_filter               	     54	00.020818	(00.000386 +- 00.000034)	[00.000235,00.002236]
02_preint               	     52	00.001663	(00.000032 +- 00.000004)	[00.000027,00.000049]
02a_intensity_preprocess	     54	00.195333	(00.003617 +- 00.000176)	[00.003177,00.004805]
03_undistortion         	     52	00.051484	(00.000990 +- 00.000149)	[00.000736,00.002160]
04_sampling             	     51	00.039652	(00.000777 +- 00.000104)	[00.000602,00.001090]
04b_intensity_sampling  	     51	00.042428	(00.000832 +- 00.000075)	[00.000701,00.001080]
05_registration         	     51	00.310467	(00.006088 +- 00.001298)	[00.002967,00.009307]
06_map                  	     51	00.056728	(00.001112 +- 00.000091)	[00.000877,00.001286]
07_imu_opt              	     51	00.026156	(00.000513 +- 00.000223)	[00.000002,00.001054]
08_publish              	     51	00.698453	(00.013695 +- 00.000736)	[00.011308,00.015338]
step                    	     54	01.460427	(00.027045 +- 00.002026)	[00.005045,00.032490]

INFO  Timings:
SM Timing
-----------
00_conversion_livox     	     56	00.628996	(00.011232 +- 00.000673)	[00.007809,00.013881]
01_filter               	     55	00.021197	(00.000385 +- 00.000034)	[00.000235,00.002236]
02_preint               	     53	00.001694	(00.000032 +- 00.000004)	[00.000027,00.000049]
02a_intensity_preprocess	     55	00.199313	(00.003624 +- 00.000178)	[00.003177,00.004805]
03_undistortion         	     53	00.052563	(00.000992 +- 00.000112)	[00.000736,00.002160]
04_sampling             	     52	00.040491	(00.000779 +- 00.000104)	[00.000602,00.001090]
04b_intensity_sampling  	     52	00.043237	(00.000831 +- 00.000075)	[00.000701,00.001080]
05_registration         	     52	00.318290	(00.006121 +- 00.001296)	[00.002967,00.009307]
06_map                  	     52	00.057881	(00.001113 +- 00.000089)	[00.000877,00.001286]
07_imu_opt              	     52	00.027193	(00.000523 +- 00.000221)	[00.000002,00.001054]
08_publish              	     52	00.714311	(00.013737 +- 00.000760)	[00.011308,00.015858]
step                    	     55	01.493475	(00.027154 +- 00.002082)	[00.005045,00.033049]

INFO  Timings:
SM Timing
-----------
00_conversion_livox     	     57	00.642309	(00.011269 +- 00.000709)	[00.007809,00.013881]
01_filter               	     56	00.021573	(00.000385 +- 00.000034)	[00.000235,00.002236]
02_preint               	     54	00.001742	(00.000032 +- 00.000004)	[00.000027,00.000049]
02a_intensity_preprocess	     56	00.203966	(00.003642 +- 00.000229)	[00.003177,00.004805]
03_undistortion         	     54	00.053583	(00.000992 +- 00.000113)	[00.000736,00.002160]
04_sampling             	     53	00.041278	(00.000779 +- 00.000103)	[00.000602,00.001090]
04b_intensity_sampling  	     53	00.044082	(00.000832 +- 00.000072)	[00.000701,00.001080]
05_registration         	     53	00.324826	(00.006129 +- 00.001287)	[00.002967,00.009307]
06_map                  	     53	00.058938	(00.001112 +- 00.000087)	[00.000877,00.001286]
07_imu_opt              	     53	00.028290	(00.000534 +- 00.000221)	[00.000002,00.001097]
08_publish              	     53	00.729589	(00.013766 +- 00.000780)	[00.011308,00.015858]
step                    	     56	01.525246	(00.027237 +- 00.002137)	[00.005045,00.033049]

INFO  Timings:
SM Timing
-----------
00_conversion_livox     	     58	00.654771	(00.011289 +- 00.000715)	[00.007809,00.013881]
01_filter               	     57	00.021942	(00.000385 +- 00.000034)	[00.000235,00.002236]
02_preint               	     55	00.001774	(00.000032 +- 00.000004)	[00.000027,00.000049]
02a_intensity_preprocess	     57	00.207944	(00.003648 +- 00.000233)	[00.003177,00.004805]
03_undistortion         	     55	00.054507	(00.000991 +- 00.000112)	[00.000736,00.002160]
04_sampling             	     54	00.042033	(00.000778 +- 00.000103)	[00.000602,00.001090]
04b_intensity_sampling  	     54	00.044907	(00.000832 +- 00.000071)	[00.000701,00.001080]
05_registration         	     54	00.330181	(00.006114 +- 00.001292)	[00.002967,00.009307]
06_map                  	     54	00.059990	(00.001111 +- 00.000086)	[00.000877,00.001286]
07_imu_opt              	     54	00.029154	(00.000540 +- 00.000210)	[00.000002,00.001097]
08_publish              	     54	00.744555	(00.013788 +- 00.000786)	[00.011308,00.015858]
step                    	     57	01.554458	(00.027271 +- 00.002124)	[00.005045,00.033049]

INFO  Timings:
SM Timing
-----------
00_conversion_livox     	     59	00.667409	(00.011312 +- 00.000714)	[00.007809,00.013881]
01_filter               	     58	00.022353	(00.000385 +- 00.000035)	[00.000235,00.002236]
02_preint               	     56	00.001805	(00.000032 +- 00.000004)	[00.000027,00.000049]
02a_intensity_preprocess	     58	00.212023	(00.003656 +- 00.000232)	[00.003177,00.004805]
03_undistortion         	     56	00.055450	(00.000990 +- 00.000111)	[00.000736,00.002160]
04_sampling             	     55	00.042993	(00.000782 +- 00.000106)	[00.000602,00.001090]
04b_intensity_sampling  	     55	00.045800	(00.000833 +- 00.000071)	[00.000701,00.001080]
05_registration         	     55	00.337998	(00.006145 +- 00.001312)	[00.002967,00.009307]
06_map                  	     55	00.061738	(00.001123 +- 00.000124)	[00.000877,00.001749]
07_imu_opt              	     55	00.030052	(00.000546 +- 00.000214)	[00.000002,00.001097]
08_publish              	     55	00.760251	(00.013823 +- 00.000800)	[00.011308,00.015858]
step                    	     58	01.588005	(00.027379 +- 00.002223)	[00.005045,00.033547]

INFO  Timings:
SM Timing
-----------
00_conversion_livox     	     60	00.680601	(00.011343 +- 00.000739)	[00.007809,00.013881]
01_filter               	     59	00.022751	(00.000386 +- 00.000035)	[00.000235,00.002236]
02_preint               	     57	00.001844	(00.000032 +- 00.000004)	[00.000027,00.000049]
02a_intensity_preprocess	     59	00.216093	(00.003663 +- 00.000234)	[00.003177,00.004805]
03_undistortion         	     57	00.056378	(00.000989 +- 00.000107)	[00.000736,00.002160]
04_sampling             	     56	00.043954	(00.000785 +- 00.000108)	[00.000602,00.001090]
04b_intensity_sampling  	     56	00.046660	(00.000833 +- 00.000071)	[00.000701,00.001080]
05_registration         	     56	00.343969	(00.006142 +- 00.001301)	[00.002967,00.009307]
06_map                  	     56	00.062833	(00.001122 +- 00.000124)	[00.000877,00.001749]
07_imu_opt              	     56	00.030939	(00.000552 +- 00.000214)	[00.000002,00.001097]
08_publish              	     56	00.775837	(00.013854 +- 00.000815)	[00.011308,00.015858]
step                    	     59	01.618860	(00.027438 +- 00.002195)	[00.005045,00.033547]

INFO  Timings:
SM Timing
-----------
00_conversion_livox     	     61	00.693437	(00.011368 +- 00.000732)	[00.007809,00.013881]
01_filter               	     60	00.023492	(00.000392 +- 00.000064)	[00.000235,00.002236]
02_preint               	     58	00.001877	(00.000032 +- 00.000004)	[00.000027,00.000049]
02a_intensity_preprocess	     60	00.220210	(00.003670 +- 00.000240)	[00.003177,00.004805]
03_undistortion         	     58	00.057521	(00.000992 +- 00.000108)	[00.000736,00.002160]
04_sampling             	     57	00.044760	(00.000785 +- 00.000108)	[00.000602,00.001090]
04b_intensity_sampling  	     57	00.047554	(00.000834 +- 00.000071)	[00.000701,00.001080]
05_registration         	     57	00.349981	(00.006140 +- 00.001300)	[00.002967,00.009307]
06_map                  	     57	00.065964	(00.001157 +- 00.000307)	[00.000877,00.003131]
07_imu_opt              	     57	00.031870	(00.000559 +- 00.000215)	[00.000002,00.001097]
08_publish              	     57	00.791274	(00.013882 +- 00.000824)	[00.011308,00.015858]
step                    	     60	01.652174	(00.027536 +- 00.002263)	[00.005045,00.033547]

INFO  Timings:
SM Timing
-----------
00_conversion_livox     	     62	00.706326	(00.011392 +- 00.000732)	[00.007809,00.013881]
01_filter               	     61	00.023853	(00.000391 +- 00.000064)	[00.000235,00.002236]
02_preint               	     59	00.001913	(00.000032 +- 00.000004)	[00.000027,00.000049]
02a_intensity_preprocess	     61	00.224210	(00.003676 +- 00.000239)	[00.003177,00.004805]
03_undistortion         	     59	00.058448	(00.000991 +- 00.000108)	[00.000736,00.002160]
04_sampling             	     58	00.045545	(00.000785 +- 00.000107)	[00.000602,00.001090]
04b_intensity_sampling  	     58	00.048400	(00.000834 +- 00.000071)	[00.000701,00.001080]
05_registration         	     58	00.357440	(00.006163 +- 00.001300)	[00.002967,00.009307]
06_map                  	     58	00.067113	(00.001157 +- 00.000306)	[00.000877,00.003131]
07_imu_opt              	     58	00.032807	(00.000566 +- 00.000219)	[00.000002,00.001097]
08_publish              	     58	00.806589	(00.013907 +- 00.000824)	[00.011308,00.015858]
step                    	     61	01.684057	(00.027607 +- 00.002260)	[00.005045,00.033547]

INFO  Timings:
SM Timing
-----------
00_conversion_livox     	     63	00.719489	(00.011420 +- 00.000740)	[00.007809,00.013881]
01_filter               	     62	00.024258	(00.000391 +- 00.000063)	[00.000235,00.002236]
02_preint               	     60	00.001946	(00.000032 +- 00.000004)	[00.000027,00.000049]
02a_intensity_preprocess	     62	00.228278	(00.003682 +- 00.000242)	[00.003177,00.004805]
03_undistortion         	     60	00.059388	(00.000990 +- 00.000108)	[00.000736,00.002160]
04_sampling             	     59	00.046363	(00.000786 +- 00.000107)	[00.000602,00.001090]
04b_intensity_sampling  	     59	00.049323	(00.000836 +- 00.000072)	[00.000701,00.001080]
05_registration         	     59	00.363536	(00.006162 +- 00.001298)	[00.002967,00.009307]
06_map                  	     59	00.068282	(00.001157 +- 00.000304)	[00.000877,00.003131]
07_imu_opt              	     59	00.033783	(00.000573 +- 00.000222)	[00.000002,00.001097]
08_publish              	     59	00.821611	(00.013926 +- 00.000823)	[00.011308,00.015858]
step                    	     62	01.714569	(00.027654 +- 00.002248)	[00.005045,00.033547]

INFO  Timings:
SM Timing
-----------
00_conversion_livox     	     64	00.732197	(00.011441 +- 00.000740)	[00.007809,00.013881]
01_filter               	     63	00.024633	(00.000391 +- 00.000063)	[00.000235,00.002236]
02_preint               	     61	00.001983	(00.000033 +- 00.000004)	[00.000027,00.000049]
02a_intensity_preprocess	     63	00.232046	(00.003683 +- 00.000240)	[00.003177,00.004805]
03_undistortion         	     61	00.060308	(00.000989 +- 00.000108)	[00.000736,00.002160]
04_sampling             	     60	00.047220	(00.000787 +- 00.000099)	[00.000602,00.001090]
04b_intensity_sampling  	     60	00.050270	(00.000838 +- 00.000074)	[00.000701,00.001080]
05_registration         	     60	00.371510	(00.006192 +- 00.001281)	[00.002967,00.009307]
06_map                  	     60	00.069375	(00.001156 +- 00.000303)	[00.000877,00.003131]
07_imu_opt              	     60	00.034815	(00.000580 +- 00.000229)	[00.000002,00.001097]
08_publish              	     60	00.836477	(00.013941 +- 00.000829)	[00.011308,00.015858]
step                    	     63	01.746509	(00.027722 +- 00.002264)	[00.005045,00.033547]

INFO  Timings:
SM Timing
-----------
00_conversion_livox     	     65	00.745241	(00.011465 +- 00.000756)	[00.007809,00.013881]
01_filter               	     64	00.024999	(00.000391 +- 00.000063)	[00.000235,00.002236]
02_preint               	     62	00.002026	(00.000033 +- 00.000004)	[00.000027,00.000049]
02a_intensity_preprocess	     64	00.236027	(00.003688 +- 00.000243)	[00.003177,00.004805]
03_undistortion         	     62	00.061484	(00.000992 +- 00.000111)	[00.000736,00.002160]
04_sampling             	     61	00.047948	(00.000786 +- 00.000099)	[00.000602,00.001090]
04b_intensity_sampling  	     61	00.051063	(00.000837 +- 00.000074)	[00.000701,00.001080]
05_registration         	     61	00.377919	(00.006195 +- 00.001262)	[00.002967,00.009307]
06_map                  	     61	00.070412	(00.001154 +- 00.000304)	[00.000877,00.003131]
07_imu_opt              	     61	00.036100	(00.000592 +- 00.000240)	[00.000002,00.001285]
08_publish              	     61	00.850980	(00.013950 +- 00.000830)	[00.011308,00.015858]
step                    	     64	01.776917	(00.027764 +- 00.002248)	[00.005045,00.033547]

INFO  Timings:
SM Timing
-----------
00_conversion_livox     	     66	00.759016	(00.011500 +- 00.000800)	[00.007809,00.013881]
01_filter               	     65	00.025288	(00.000389 +- 00.000064)	[00.000235,00.002236]
02_preint               	     63	00.002071	(00.000033 +- 00.000005)	[00.000027,00.000049]
02a_intensity_preprocess	     65	00.240086	(00.003694 +- 00.000246)	[00.003177,00.004805]
03_undistortion         	     63	00.062323	(00.000989 +- 00.000112)	[00.000736,00.002160]
04_sampling             	     62	00.048704	(00.000786 +- 00.000098)	[00.000602,00.001090]
04b_intensity_sampling  	     62	00.051972	(00.000838 +- 00.000074)	[00.000701,00.001080]
05_registration         	     62	00.383366	(00.006183 +- 00.001193)	[00.002967,00.009307]
06_map                  	     62	00.071500	(00.001153 +- 00.000304)	[00.000877,00.003131]
07_imu_opt              	     62	00.037141	(00.000599 +- 00.000242)	[00.000002,00.001285]
08_publish              	     62	00.865410	(00.013958 +- 00.000831)	[00.011308,00.015858]
step                    	     65	01.805899	(00.027783 +- 00.002218)	[00.005045,00.033547]

INFO  Timings:
SM Timing
-----------
00_conversion_livox     	     67	00.773064	(00.011538 +- 00.000852)	[00.007809,00.014048]
01_filter               	     66	00.025653	(00.000389 +- 00.000064)	[00.000235,00.002236]
02_preint               	     64	00.002115	(00.000033 +- 00.000005)	[00.000027,00.000049]
02a_intensity_preprocess	     66	00.244075	(00.003698 +- 00.000249)	[00.003177,00.004805]
03_undistortion         	     64	00.063244	(00.000988 +- 00.000112)	[00.000736,00.002160]
04_sampling             	     63	00.049459	(00.000785 +- 00.000098)	[00.000602,00.001090]
04b_intensity_sampling  	     63	00.052914	(00.000840 +- 00.000075)	[00.000701,00.001080]
05_registration         	     63	00.389968	(00.006190 +- 00.001191)	[00.002967,00.009307]
06_map                  	     63	00.072646	(00.001153 +- 00.000303)	[00.000877,00.003131]
07_imu_opt              	     63	00.038416	(00.000610 +- 00.000252)	[00.000002,00.001285]
08_publish              	     63	00.879247	(00.013956 +- 00.000831)	[00.011308,00.015858]
step                    	     66	01.835870	(00.027816 +- 00.002222)	[00.005045,00.033547]

INFO  Timings:
SM Timing
-----------
00_conversion_livox     	     68	00.786864	(00.011572 +- 00.000889)	[00.007809,00.014048]
01_filter               	     67	00.026059	(00.000389 +- 00.000064)	[00.000235,00.002236]
02_preint               	     65	00.002156	(00.000033 +- 00.000005)	[00.000027,00.000049]
02a_intensity_preprocess	     67	00.247952	(00.003701 +- 00.000249)	[00.003177,00.004805]
03_undistortion         	     65	00.064062	(00.000986 +- 00.000113)	[00.000736,00.002160]
04_sampling             	     64	00.050092	(00.000783 +- 00.000100)	[00.000602,00.001090]
04b_intensity_sampling  	     64	00.053823	(00.000841 +- 00.000075)	[00.000701,00.001080]
05_registration         	     64	00.394840	(00.006169 +- 00.001146)	[00.002967,00.009307]
06_map                  	     64	00.073670	(00.001151 +- 00.000304)	[00.000877,00.003131]
07_imu_opt              	     64	00.040065	(00.000626 +- 00.000284)	[00.000002,00.001649]
08_publish              	     64	00.892655	(00.013948 +- 00.000831)	[00.011308,00.015858]
step                    	     67	01.863599	(00.027815 +- 00.002182)	[00.005045,00.033547]

INFO  Timings:
SM Timing
-----------
00_conversion_livox     	     69	00.800712	(00.011605 +- 00.000925)	[00.007809,00.014048]
01_filter               	     68	00.026402	(00.000388 +- 00.000064)	[00.000235,00.002236]
02_preint               	     66	00.002194	(00.000033 +- 00.000005)	[00.000027,00.000049]
02a_intensity_preprocess	     68	00.251672	(00.003701 +- 00.000249)	[00.003177,00.004805]
03_undistortion         	     66	00.064969	(00.000984 +- 00.000113)	[00.000736,00.002160]
04_sampling             	     65	00.050802	(00.000782 +- 00.000098)	[00.000602,00.001090]
04b_intensity_sampling  	     65	00.054806	(00.000843 +- 00.000078)	[00.000701,00.001080]
05_registration         	     65	00.402980	(00.006200 +- 00.001157)	[00.002967,00.009307]
06_map                  	     65	00.074647	(00.001148 +- 00.000305)	[00.000877,00.003131]
07_imu_opt              	     65	00.041392	(00.000637 +- 00.000290)	[00.000002,00.001649]
08_publish              	     65	00.905872	(00.013936 +- 00.000839)	[00.011308,00.015858]
step                    	     68	01.894032	(00.027853 +- 00.002164)	[00.005045,00.033547]

INFO  Timings:
SM Timing
-----------
00_conversion_livox     	     70	00.814056	(00.011629 +- 00.000939)	[00.007809,00.014048]
01_filter               	     69	00.026715	(00.000387 +- 00.000065)	[00.000235,00.002236]
02_preint               	     67	00.002231	(00.000033 +- 00.000005)	[00.000027,00.000049]
02a_intensity_preprocess	     69	00.255272	(00.003700 +- 00.000248)	[00.003177,00.004805]
03_undistortion         	     67	00.065854	(00.000983 +- 00.000109)	[00.000736,00.002160]
04_sampling             	     66	00.051446	(00.000779 +- 00.000100)	[00.000602,00.001090]
04b_intensity_sampling  	     66	00.055817	(00.000846 +- 00.000081)	[00.000701,00.001080]
05_registration         	     66	00.409133	(00.006199 +- 00.001142)	[00.002967,00.009307]
06_map                  	     66	00.075650	(00.001146 +- 00.000306)	[00.000877,00.003131]
07_imu_opt              	     66	00.042706	(00.000647 +- 00.000293)	[00.000002,00.001649]
08_publish              	     66	00.919164	(00.013927 +- 00.000836)	[00.011308,00.015858]
step                    	     69	01.922346	(00.027860 +- 00.002131)	[00.005045,00.033547]

INFO  Timings:
SM Timing
-----------
00_conversion_livox     	     71	00.827832	(00.011660 +- 00.000959)	[00.007809,00.014048]
01_filter               	     70	00.027099	(00.000387 +- 00.000065)	[00.000235,00.002236]
02_preint               	     68	00.002270	(00.000033 +- 00.000005)	[00.000027,00.000049]
02a_intensity_preprocess	     70	00.258962	(00.003699 +- 00.000245)	[00.003177,00.004805]
03_undistortion         	     68	00.066764	(00.000982 +- 00.000108)	[00.000736,00.002160]
04_sampling             	     67	00.052095	(00.000778 +- 00.000098)	[00.000602,00.001090]
04b_intensity_sampling  	     67	00.056818	(00.000848 +- 00.000083)	[00.000701,00.001080]
05_registration         	     67	00.414415	(00.006185 +- 00.001150)	[00.002967,00.009307]
06_map                  	     67	00.076582	(00.001143 +- 00.000308)	[00.000877,00.003131]
07_imu_opt              	     67	00.044045	(00.000657 +- 00.000300)	[00.000002,00.001649]
08_publish              	     67	00.932615	(00.013920 +- 00.000837)	[00.011308,00.015858]
step                    	     70	01.950102	(00.027859 +- 00.002134)	[00.005045,00.033547]

INFO  Timings:
SM Timing
-----------
00_conversion_livox     	     71	00.827832	(00.011660 +- 00.000959)	[00.007809,00.014048]
01_filter               	     71	00.027468	(00.000387 +- 00.000065)	[00.000235,00.002236]
02_preint               	     69	00.002310	(00.000033 +- 00.000005)	[00.000027,00.000049]
02a_intensity_preprocess	     71	00.262758	(00.003701 +- 00.000243)	[00.003177,00.004805]
03_undistortion         	     69	00.067643	(00.000980 +- 00.000107)	[00.000736,00.002160]
04_sampling             	     68	00.052857	(00.000777 +- 00.000097)	[00.000602,00.001090]
04b_intensity_sampling  	     68	00.057951	(00.000852 +- 00.000091)	[00.000701,00.001133]
05_registration         	     68	00.420269	(00.006180 +- 00.001123)	[00.002967,00.009307]
06_map                  	     68	00.077621	(00.001141 +- 00.000308)	[00.000877,00.003131]
07_imu_opt              	     68	00.045170	(00.000664 +- 00.000296)	[00.000002,00.001649]
08_publish              	     68	00.946322	(00.013917 +- 00.000825)	[00.011308,00.015858]
step                    	     71	01.978877	(00.027872 +- 00.002057)	[00.005045,00.033547]

INFO  Timings:
SM Timing
-----------
00_conversion_livox     	     73	00.854563	(00.011706 +- 00.000983)	[00.007809,00.014083]
01_filter               	     72	00.027877	(00.000387 +- 00.000062)	[00.000235,00.002236]
02_preint               	     70	00.002353	(00.000034 +- 00.000005)	[00.000027,00.000049]
02a_intensity_preprocess	     72	00.266429	(00.003700 +- 00.000240)	[00.003177,00.004805]
03_undistortion         	     70	00.068630	(00.000980 +- 00.000107)	[00.000736,00.002160]
04_sampling             	     69	00.053465	(00.000775 +- 00.000099)	[00.000602,00.001090]
04b_intensity_sampling  	     69	00.058977	(00.000855 +- 00.000094)	[00.000701,00.001133]
05_registration         	     69	00.425100	(00.006161 +- 00.001124)	[00.002967,00.009307]
06_map                  	     69	00.078606	(00.001139 +- 00.000308)	[00.000877,00.003131]
07_imu_opt              	     69	00.046534	(00.000674 +- 00.000302)	[00.000002,00.001649]
08_publish              	     69	00.960076	(00.013914 +- 00.000820)	[00.011308,00.015858]
step                    	     72	02.006784	(00.027872 +- 00.002064)	[00.005045,00.033547]

INFO  Timings:
SM Timing
-----------
00_conversion_livox     	     74	00.867962	(00.011729 +- 00.000985)	[00.007809,00.014083]
01_filter               	     73	00.028273	(00.000387 +- 00.000062)	[00.000235,00.002236]
02_preint               	     71	00.002394	(00.000034 +- 00.000005)	[00.000027,00.000049]
02a_intensity_preprocess	     73	00.270130	(00.003700 +- 00.000236)	[00.003177,00.004805]
03_undistortion         	     71	00.069528	(00.000979 +- 00.000106)	[00.000736,00.002160]
04_sampling             	     70	00.054085	(00.000773 +- 00.000101)	[00.000602,00.001090]
04b_intensity_sampling  	     70	00.060004	(00.000857 +- 00.000097)	[00.000701,00.001133]
05_registration         	     70	00.431936	(00.006171 +- 00.001090)	[00.002967,00.009307]
06_map                  	     70	00.079604	(00.001137 +- 00.000307)	[00.000877,00.003131]
07_imu_opt              	     70	00.047754	(00.000682 +- 00.000304)	[00.000002,00.001649]
08_publish              	     70	00.974195	(00.013917 +- 00.000810)	[00.011308,00.015858]
step                    	     73	02.036712	(00.027900 +- 00.001989)	[00.005045,00.033547]

INFO  Timings:
SM Timing
-----------
00_conversion_livox     	     75	00.886129	(00.011815 +- 00.001270)	[00.007809,00.018167]
01_filter               	     74	00.028616	(00.000387 +- 00.000062)	[00.000235,00.002236]
02_preint               	     72	00.002452	(00.000034 +- 00.000006)	[00.000027,00.000058]
02a_intensity_preprocess	     74	00.275191	(00.003719 +- 00.000293)	[00.003177,00.005061]
03_undistortion         	     72	00.070451	(00.000978 +- 00.000105)	[00.000736,00.002160]
04_sampling             	     71	00.054752	(00.000771 +- 00.000102)	[00.000602,00.001090]
04b_intensity_sampling  	     71	00.061081	(00.000860 +- 00.000101)	[00.000701,00.001133]
05_registration         	     71	00.437467	(00.006162 +- 00.001076)	[00.002967,00.009307]
06_map                  	     71	00.080823	(00.001138 +- 00.000308)	[00.000877,00.003131]
07_imu_opt              	     71	00.049863	(00.000702 +- 00.000347)	[00.000002,00.002109]
08_publish              	     71	00.993240	(00.013989 +- 00.001049)	[00.011308,00.019044]
step                    	     74	02.072822	(00.028011 +- 00.002150)	[00.005045,00.036111]

INFO  Timings:
SM Timing
-----------
00_conversion_livox     	     76	00.899265	(00.011832 +- 00.001260)	[00.007809,00.018167]
01_filter               	     75	00.028899	(00.000385 +- 00.000063)	[00.000235,00.002236]
02_preint               	     73	00.002490	(00.000034 +- 00.000006)	[00.000027,00.000058]
02a_intensity_preprocess	     75	00.279054	(00.003721 +- 00.000289)	[00.003177,00.005061]
03_undistortion         	     73	00.071270	(00.000976 +- 00.000106)	[00.000736,00.002160]
04_sampling             	     72	00.055314	(00.000768 +- 00.000105)	[00.000562,00.001090]
04b_intensity_sampling  	     72	00.062082	(00.000862 +- 00.000101)	[00.000701,00.001133]
05_registration         	     72	00.443971	(00.006166 +- 00.001042)	[00.002967,00.009307]
06_map                  	     72	00.082046	(00.001140 +- 00.000307)	[00.000877,00.003131]
07_imu_opt              	     72	00.051943	(00.000721 +- 00.000381)	[00.000002,00.002109]
08_publish              	     72	01.007817	(00.013997 +- 00.001042)	[00.011308,00.019044]
step                    	     75	02.103837	(00.028051 +- 00.002161)	[00.005045,00.036111]

INFO  Timings:
SM Timing
-----------
00_conversion_livox     	     77	00.911728	(00.011841 +- 00.001250)	[00.007809,00.018167]
01_filter               	     76	00.029311	(00.000386 +- 00.000064)	[00.000235,00.002236]
02_preint               	     74	00.002529	(00.000034 +- 00.000006)	[00.000027,00.000058]
02a_intensity_preprocess	     76	00.282665	(00.003719 +- 00.000290)	[00.003177,00.005061]
03_undistortion         	     74	00.072275	(00.000977 +- 00.000106)	[00.000736,00.002160]
04_sampling             	     73	00.056170	(00.000769 +- 00.000102)	[00.000562,00.001090]
04b_intensity_sampling  	     73	00.063001	(00.000863 +- 00.000101)	[00.000701,00.001133]
05_registration         	     73	00.451315	(00.006182 +- 00.001049)	[00.002967,00.009307]
06_map                  	     73	00.082934	(00.001136 +- 00.000307)	[00.000877,00.003131]
07_imu_opt              	     73	00.054688	(00.000749 +- 00.000457)	[00.000002,00.002745]
08_publish              	     73	01.021211	(00.013989 +- 00.001044)	[00.011308,00.019044]
step                    	     76	02.135119	(00.028094 +- 00.002156)	[00.005045,00.036111]

INFO  Timings:
SM Timing
-----------
00_conversion_livox     	     78	00.923567	(00.011841 +- 00.001222)	[00.007809,00.018167]
01_filter               	     77	00.029674	(00.000385 +- 00.000063)	[00.000235,00.002236]
02_preint               	     75	00.002575	(00.000034 +- 00.000006)	[00.000027,00.000058]
02a_intensity_preprocess	     77	00.286618	(00.003722 +- 00.000288)	[00.003177,00.005061]
03_undistortion         	     75	00.073095	(00.000975 +- 00.000107)	[00.000736,00.002160]
04_sampling             	     74	00.056684	(00.000766 +- 00.000105)	[00.000514,00.001090]
04b_intensity_sampling  	     74	00.063950	(00.000864 +- 00.000098)	[00.000701,00.001133]
05_registration         	     74	00.456084	(00.006163 +- 00.001070)	[00.002967,00.009307]
06_map                  	     74	00.083943	(00.001134 +- 00.000308)	[00.000877,00.003131]
07_imu_opt              	     74	00.056850	(00.000768 +- 00.000483)	[00.000002,00.002745]
08_publish              	     74	01.033870	(00.013971 +- 00.001057)	[00.011308,00.019044]
step                    	     77	02.162433	(00.028084 +- 00.002145)	[00.005045,00.036111]

INFO  Timings:
SM Timing
-----------
00_conversion_livox     	     79	00.935998	(00.011848 +- 00.001201)	[00.007809,00.018167]
01_filter               	     78	00.029967	(00.000384 +- 00.000064)	[00.000235,00.002236]
02_preint               	     76	00.002612	(00.000034 +- 00.000006)	[00.000027,00.000058]
02a_intensity_preprocess	     78	00.289922	(00.003717 +- 00.000293)	[00.003177,00.005061]
03_undistortion         	     76	00.073928	(00.000973 +- 00.000108)	[00.000736,00.002160]
04_sampling             	     75	00.057230	(00.000763 +- 00.000109)	[00.000514,00.001090]
04b_intensity_sampling  	     75	00.064799	(00.000864 +- 00.000094)	[00.000701,00.001133]
05_registration         	     75	00.461045	(00.006147 +- 00.001083)	[00.002967,00.009307]
06_map                  	     75	00.084828	(00.001131 +- 00.000309)	[00.000877,00.003131]
07_imu_opt              	     75	00.058055	(00.000774 +- 00.000478)	[00.000002,00.002745]
08_publish              	     75	01.046830	(00.013958 +- 00.001069)	[00.011308,00.019044]
step                    	     78	02.188384	(00.028056 +- 00.002198)	[00.005045,00.036111]

INFO  Timings:
SM Timing
-----------
00_conversion_livox     	     80	00.949691	(00.011871 +- 00.001197)	[00.007809,00.018167]
01_filter               	     79	00.030284	(00.000383 +- 00.000065)	[00.000235,00.002236]
02_preint               	     77	00.002648	(00.000034 +- 00.000006)	[00.000027,00.000058]
02a_intensity_preprocess	     79	00.293273	(00.003712 +- 00.000297)	[00.003177,00.005061]
03_undistortion         	     77	00.074751	(00.000971 +- 00.000109)	[00.000736,00.002160]
04_sampling             	     76	00.057789	(00.000760 +- 00.000112)	[00.000514,00.001090]
04b_intensity_sampling  	     76	00.065633	(00.000864 +- 00.000094)	[00.000701,00.001133]
05_registration         	     76	00.465383	(00.006123 +- 00.001110)	[00.002967,00.009307]
06_map                  	     76	00.085767	(00.001129 +- 00.000311)	[00.000877,00.003131]
07_imu_opt              	     76	00.060320	(00.000794 +- 00.000506)	[00.000002,00.002745]
08_publish              	     76	01.059687	(00.013943 +- 00.001070)	[00.011308,00.019044]
step                    	     79	02.214767	(00.028035 +- 00.002199)	[00.005045,00.036111]

INFO  Timings:
SM Timing
-----------
00_conversion_livox     	     81	00.962854	(00.011887 +- 00.001171)	[00.007809,00.018167]
01_filter               	     80	00.030648	(00.000383 +- 00.000064)	[00.000235,00.002236]
02_preint               	     78	00.002699	(00.000035 +- 00.000006)	[00.000027,00.000058]
02a_intensity_preprocess	     80	00.296874	(00.003711 +- 00.000291)	[00.003177,00.005061]
03_undistortion         	     78	00.075676	(00.000970 +- 00.000109)	[00.000736,00.002160]
04_sampling             	     77	00.058344	(00.000758 +- 00.000115)	[00.000514,00.001090]
04b_intensity_sampling  	     77	00.066470	(00.000863 +- 00.000092)	[00.000701,00.001133]
05_registration         	     77	00.469898	(00.006103 +- 00.001121)	[00.002967,00.009307]
06_map                  	     77	00.086766	(00.001127 +- 00.000311)	[00.000877,00.003131]
07_imu_opt              	     77	00.063126	(00.000820 +- 00.000560)	[00.000002,00.002807]
08_publish              	     77	01.071916	(00.013921 +- 00.001091)	[00.011308,00.019044]
step                    	     80	02.241718	(00.028021 +- 00.002154)	[00.005045,00.036111]

INFO  Timings:
SM Timing
-----------
00_conversion_livox     	     82	00.976128	(00.011904 +- 00.001159)	[00.007809,00.018167]
01_filter               	     81	00.030993	(00.000383 +- 00.000063)	[00.000235,00.002236]
02_preint               	     79	00.002738	(00.000035 +- 00.000006)	[00.000027,00.000058]
02a_intensity_preprocess	     81	00.300208	(00.003706 +- 00.000297)	[00.003177,00.005061]
03_undistortion         	     79	00.076538	(00.000969 +- 00.000109)	[00.000736,00.002160]
04_sampling             	     78	00.058856	(00.000755 +- 00.000119)	[00.000512,00.001090]
04b_intensity_sampling  	     78	00.067334	(00.000863 +- 00.000092)	[00.000701,00.001133]
05_registration         	     78	00.474217	(00.006080 +- 00.001141)	[00.002967,00.009307]
06_map                  	     78	00.087657	(00.001124 +- 00.000313)	[00.000877,00.003131]
07_imu_opt              	     78	00.065541	(00.000840 +- 00.000583)	[00.000002,00.002807]
08_publish              	     78	01.083819	(00.013895 +- 00.001131)	[00.011308,00.019044]
step                    	     81	02.267269	(00.027991 +- 00.002176)	[00.005045,00.036111]

INFO  Timings:
SM Timing
-----------
00_conversion_livox     	     83	00.988689	(00.011912 +- 00.001136)	[00.007809,00.018167]
01_filter               	     82	00.031264	(00.000381 +- 00.000063)	[00.000235,00.002236]
02_preint               	     80	00.002790	(00.000035 +- 00.000007)	[00.000027,00.000058]
02a_intensity_preprocess	     82	00.303956	(00.003707 +- 00.000295)	[00.003177,00.005061]
03_undistortion         	     80	00.077329	(00.000967 +- 00.000111)	[00.000736,00.002160]
04_sampling             	     79	00.059322	(00.000751 +- 00.000125)	[00.000467,00.001090]
04b_intensity_sampling  	     79	00.068044	(00.000861 +- 00.000094)	[00.000701,00.001133]
05_registration         	     79	00.477497	(00.006044 +- 00.001210)	[00.002967,00.009307]
06_map                  	     79	00.088516	(00.001120 +- 00.000315)	[00.000858,00.003131]
07_imu_opt              	     79	00.067272	(00.000852 +- 00.000586)	[00.000002,00.002807]
08_publish              	     79	01.095308	(00.013865 +- 00.001192)	[00.011308,00.019044]
step                    	     82	02.290731	(00.027936 +- 00.002332)	[00.005045,00.036111]

INFO  Timings:
SM Timing
-----------
00_conversion_livox     	     84	01.001064	(00.011917 +- 00.001128)	[00.007809,00.018167]
01_filter               	     83	00.031553	(00.000380 +- 00.000064)	[00.000235,00.002236]
02_preint               	     81	00.002829	(00.000035 +- 00.000007)	[00.000027,00.000058]
02a_intensity_preprocess	     83	00.307660	(00.003707 +- 00.000295)	[00.003177,00.005061]
03_undistortion         	     81	00.078109	(00.000964 +- 00.000111)	[00.000736,00.002160]
04_sampling             	     80	00.059787	(00.000747 +- 00.000130)	[00.000464,00.001090]
04b_intensity_sampling  	     80	00.068764	(00.000860 +- 00.000096)	[00.000701,00.001133]
05_registration         	     80	00.482517	(00.006031 +- 00.001214)	[00.002967,00.009307]
06_map                  	     80	00.089426	(00.001118 +- 00.000317)	[00.000858,00.003131]
07_imu_opt              	     80	00.070251	(00.000878 +- 00.000635)	[00.000002,00.002979]
08_publish              	     80	01.106342	(00.013829 +- 00.001269)	[00.011034,00.019044]
step                    	     83	02.316737	(00.027912 +- 00.002363)	[00.005045,00.036111]

INFO  Timings:
SM Timing
-----------
00_conversion_livox     	     85	01.013659	(00.011925 +- 00.001108)	[00.007809,00.018167]
01_filter               	     84	00.031833	(00.000379 +- 00.000066)	[00.000235,00.002236]
02_preint               	     82	00.002869	(00.000035 +- 00.000007)	[00.000027,00.000058]
02a_intensity_preprocess	     84	00.310757	(00.003699 +- 00.000308)	[00.003096,00.005061]
03_undistortion         	     82	00.078935	(00.000963 +- 00.000112)	[00.000736,00.002160]
04_sampling             	     81	00.060396	(00.000746 +- 00.000131)	[00.000464,00.001090]
04b_intensity_sampling  	     81	00.069530	(00.000858 +- 00.000097)	[00.000701,00.001133]
05_registration         	     81	00.486321	(00.006004 +- 00.001245)	[00.002967,00.009307]
06_map                  	     81	00.090248	(00.001114 +- 00.000320)	[00.000822,00.003131]
07_imu_opt              	     81	00.071838	(00.000887 +- 00.000631)	[00.000002,00.002979]
08_publish              	     81	01.116732	(00.013787 +- 00.001370)	[00.010390,00.019044]
step                    	     84	02.339031	(00.027846 +- 00.002562)	[00.005045,00.036111]

INFO  Timings:
SM Timing
-----------
00_conversion_livox     	     86	01.025291	(00.011922 +- 00.001101)	[00.007809,00.018167]
01_filter               	     85	00.032119	(00.000378 +- 00.000066)	[00.000235,00.002236]
02_preint               	     83	00.002902	(00.000035 +- 00.000007)	[00.000027,00.000058]
02a_intensity_preprocess	     85	00.313634	(00.003690 +- 00.000332)	[00.002877,00.005061]
03_undistortion         	     83	00.079775	(00.000961 +- 00.000113)	[00.000736,00.002160]
04_sampling             	     82	00.060869	(00.000742 +- 00.000136)	[00.000464,00.001090]
04b_intensity_sampling  	     82	00.070318	(00.000858 +- 00.000096)	[00.000701,00.001133]
05_registration         	     82	00.490958	(00.005987 +- 00.001257)	[00.002967,00.009307]
06_map                  	     82	00.091003	(00.001110 +- 00.000324)	[00.000755,00.003131]
07_imu_opt              	     82	00.073344	(00.000894 +- 00.000628)	[00.000002,00.002979]
08_publish              	     82	01.126582	(00.013739 +- 00.001491)	[00.009850,00.019044]
step                    	     85	02.361150	(00.027778 +- 00.002736)	[00.005045,00.036111]

INFO  Timings:
SM Timing
-----------
00_conversion_livox     	     87	01.036830	(00.011918 +- 00.001096)	[00.007809,00.018167]
01_filter               	     86	00.032412	(00.000377 +- 00.000067)	[00.000235,00.002236]
02_preint               	     84	00.002941	(00.000035 +- 00.000006)	[00.000027,00.000058]
02a_intensity_preprocess	     86	00.316628	(00.003682 +- 00.000349)	[00.002877,00.005061]
03_undistortion         	     84	00.080518	(00.000959 +- 00.000116)	[00.000736,00.002160]
04_sampling             	     83	00.061279	(00.000738 +- 00.000143)	[00.000410,00.001090]
04b_intensity_sampling  	     83	00.071003	(00.000855 +- 00.000098)	[00.000685,00.001133]
05_registration         	     83	00.495138	(00.005966 +- 00.001224)	[00.002967,00.009307]
06_map                  	     83	00.091863	(00.001107 +- 00.000326)	[00.000755,00.003131]
07_imu_opt              	     83	00.074938	(00.000903 +- 00.000623)	[00.000002,00.002979]
08_publish              	     83	01.136741	(00.013696 +- 00.001585)	[00.009850,00.019044]
step                    	     86	02.383164	(00.027711 +- 00.002906)	[00.005045,00.036111]

INFO  Timings:
SM Timing
-----------
00_conversion_livox     	     88	01.048595	(00.011916 +- 00.001088)	[00.007809,00.018167]
01_filter               	     87	00.032701	(00.000376 +- 00.000068)	[00.000235,00.002236]
02_preint               	     85	00.002973	(00.000035 +- 00.000006)	[00.000027,00.000058]
02a_intensity_preprocess	     87	00.319649	(00.003674 +- 00.000363)	[00.002877,00.005061]
03_undistortion         	     85	00.081290	(00.000956 +- 00.000118)	[00.000736,00.002160]
04_sampling             	     84	00.061718	(00.000735 +- 00.000142)	[00.000410,00.001090]
04b_intensity_sampling  	     84	00.071878	(00.000856 +- 00.000098)	[00.000685,00.001133]
05_registration         	     84	00.498682	(00.005937 +- 00.001268)	[00.002967,00.009307]
06_map                  	     84	00.092860	(00.001105 +- 00.000327)	[00.000755,00.003131]
07_imu_opt              	     84	00.076194	(00.000907 +- 00.000618)	[00.000002,00.002979]
08_publish              	     84	01.146462	(00.013648 +- 00.001692)	[00.009722,00.019044]
step                    	     87	02.404189	(00.027634 +- 00.003112)	[00.005045,00.036111]

INFO  Timings:
SM Timing
-----------
00_conversion_livox     	     89	01.060020	(00.011910 +- 00.001086)	[00.007809,00.018167]
01_filter               	     88	00.033020	(00.000375 +- 00.000068)	[00.000235,00.002236]
02_preint               	     86	00.003010	(00.000035 +- 00.000006)	[00.000027,00.000058]
02a_intensity_preprocess	     88	00.322537	(00.003665 +- 00.000382)	[00.002877,00.005061]
03_undistortion         	     86	00.082072	(00.000954 +- 00.000120)	[00.000736,00.002160]
04_sampling             	     85	00.062161	(00.000731 +- 00.000146)	[00.000410,00.001090]
04b_intensity_sampling  	     85	00.072603	(00.000854 +- 00.000098)	[00.000685,00.001133]
05_registration         	     85	00.503407	(00.005922 +- 00.001272)	[00.002967,00.009307]
06_map                  	     85	00.093671	(00.001102 +- 00.000329)	[00.000755,00.003131]
07_imu_opt              	     85	00.077775	(00.000915 +- 00.000610)	[00.000002,00.002979]
08_publish              	     85	01.156166	(00.013602 +- 00.001789)	[00.009704,00.019044]
step                    	     88	02.426285	(00.027571 +- 00.003239)	[00.005045,00.036111]

INFO  Timings:
SM Timing
-----------
00_conversion_livox     	     90	01.071267	(00.011903 +- 00.001096)	[00.007809,00.018167]
01_filter               	     89	00.033290	(00.000374 +- 00.000069)	[00.000235,00.002236]
02_preint               	     87	00.003047	(00.000035 +- 00.000006)	[00.000027,00.000058]
02a_intensity_preprocess	     89	00.325412	(00.003656 +- 00.000401)	[00.002874,00.005061]
03_undistortion         	     87	00.082880	(00.000953 +- 00.000121)	[00.000736,00.002160]
04_sampling             	     86	00.062656	(00.000729 +- 00.000149)	[00.000410,00.001090]
04b_intensity_sampling  	     86	00.073378	(00.000853 +- 00.000099)	[00.000685,00.001133]
05_registration         	     86	00.507699	(00.005903 +- 00.001291)	[00.002967,00.009307]
06_map                  	     86	00.094424	(00.001098 +- 00.000333)	[00.000753,00.003131]
07_imu_opt              	     86	00.081261	(00.000945 +- 00.000679)	[00.000002,00.003486]
08_publish              	     86	01.165733	(00.013555 +- 00.001884)	[00.009567,00.019044]
step                    	     89	02.449712	(00.027525 +- 00.003321)	[00.005045,00.036111]

INFO  Timings:
SM Timing
-----------
00_conversion_livox     	     91	01.082290	(00.011893 +- 00.001107)	[00.007809,00.018167]
01_filter               	     90	00.033521	(00.000372 +- 00.000072)	[00.000232,00.002236]
02_preint               	     88	00.003083	(00.000035 +- 00.000006)	[00.000027,00.000058]
02a_intensity_preprocess	     90	00.328217	(00.003647 +- 00.000421)	[00.002806,00.005061]
03_undistortion         	     88	00.083612	(00.000950 +- 00.000124)	[00.000733,00.002160]
04_sampling             	     87	00.063186	(00.000726 +- 00.000151)	[00.000410,00.001090]
04b_intensity_sampling  	     87	00.074034	(00.000851 +- 00.000103)	[00.000657,00.001133]
05_registration         	     87	00.511108	(00.005875 +- 00.001302)	[00.002967,00.009307]
06_map                  	     87	00.095457	(00.001097 +- 00.000333)	[00.000753,00.003131]
07_imu_opt              	     87	00.083629	(00.000961 +- 00.000687)	[00.000002,00.003486]
08_publish              	     87	01.175828	(00.013515 +- 00.001950)	[00.009567,00.019044]
step                    	     90	02.471680	(00.027463 +- 00.003445)	[00.005045,00.036111]

INFO  Timings:
SM Timing
-----------
00_conversion_livox     	     92	01.094653	(00.011898 +- 00.001100)	[00.007809,00.018167]
01_filter               	     91	00.033852	(00.000372 +- 00.000072)	[00.000232,00.002236]
02_preint               	     89	00.003129	(00.000035 +- 00.000006)	[00.000027,00.000058]
02a_intensity_preprocess	     91	00.331530	(00.003643 +- 00.000425)	[00.002806,00.005061]
03_undistortion         	     89	00.084494	(00.000949 +- 00.000124)	[00.000733,00.002160]
04_sampling             	     88	00.063744	(00.000724 +- 00.000152)	[00.000410,00.001090]
04b_intensity_sampling  	     88	00.074775	(00.000850 +- 00.000103)	[00.000657,00.001133]
05_registration         	     88	00.516498	(00.005869 +- 00.001301)	[00.002967,00.009307]
06_map                  	     88	00.096158	(00.001093 +- 00.000338)	[00.000702,00.003131]
07_imu_opt              	     88	00.087172	(00.000991 +- 00.000745)	[00.000002,00.003543]
08_publish              	     88	01.186402	(00.013482 +- 00.001996)	[00.009567,00.019044]
step                    	     91	02.497836	(00.027449 +- 00.003461)	[00.005045,00.036111]

INFO  Timings:
SM Timing
-----------
00_conversion_livox     	     93	01.106621	(00.011899 +- 00.001099)	[00.007809,00.018167]
01_filter               	     92	00.034172	(00.000371 +- 00.000071)	[00.000232,00.002236]
02_preint               	     90	00.003165	(00.000035 +- 00.000006)	[00.000027,00.000058]
02a_intensity_preprocess	     92	00.334506	(00.003636 +- 00.000437)	[00.002806,00.005061]
03_undistortion         	     90	00.085195	(00.000947 +- 00.000128)	[00.000701,00.002160]
04_sampling             	     89	00.064145	(00.000721 +- 00.000153)	[00.000401,00.001090]
04b_intensity_sampling  	     89	00.075396	(00.000847 +- 00.000108)	[00.000621,00.001133]
05_registration         	     89	00.521896	(00.005864 +- 00.001296)	[00.002967,00.009307]
06_map                  	     89	00.096888	(00.001089 +- 00.000341)	[00.000702,00.003131]
07_imu_opt              	     89	00.088685	(00.000996 +- 00.000733)	[00.000002,00.003543]
08_publish              	     89	01.195894	(00.013437 +- 00.002072)	[00.009492,00.019044]
step                    	     92	02.520088	(00.027392 +- 00.003568)	[00.005045,00.036111]

INFO  Timings:
SM Timing
-----------
00_conversion_livox     	     94	01.117227	(00.011885 +- 00.001135)	[00.007809,00.018167]
01_filter               	     93	00.034490	(00.000371 +- 00.000071)	[00.000232,00.002236]
02_preint               	     91	00.003202	(00.000035 +- 00.000006)	[00.000027,00.000058]
02a_intensity_preprocess	     93	00.337222	(00.003626 +- 00.000457)	[00.002715,00.005061]
03_undistortion         	     91	00.085933	(00.000944 +- 00.000130)	[00.000701,00.002160]
04_sampling             	     90	00.064574	(00.000717 +- 00.000156)	[00.000401,00.001090]
04b_intensity_sampling  	     90	00.076104	(00.000846 +- 00.000110)	[00.000621,00.001133]
05_registration         	     90	00.527486	(00.005861 +- 00.001296)	[00.002967,00.009307]
06_map                  	     90	00.097741	(00.001086 +- 00.000342)	[00.000702,00.003131]
07_imu_opt              	     90	00.092239	(00.001025 +- 00.000787)	[00.000002,00.003554]
08_publish              	     90	01.205781	(00.013398 +- 00.002118)	[00.009492,00.019044]
step                    	     93	02.544989	(00.027365 +- 00.003594)	[00.005045,00.036111]

INFO  Timings:
SM Timing
-----------
00_conversion_livox     	     95	01.127851	(00.011872 +- 00.001171)	[00.007809,00.018167]
01_filter               	     94	00.034782	(00.000370 +- 00.000072)	[00.000232,00.002236]
02_preint               	     92	00.003231	(00.000035 +- 00.000006)	[00.000027,00.000058]
02a_intensity_preprocess	     94	00.339989	(00.003617 +- 00.000473)	[00.002715,00.005061]
03_undistortion         	     92	00.086717	(00.000943 +- 00.000123)	[00.000701,00.002160]
04_sampling             	     91	00.065076	(00.000715 +- 00.000157)	[00.000401,00.001090]
04b_intensity_sampling  	     91	00.076956	(00.000846 +- 00.000110)	[00.000621,00.001133]
05_registration         	     91	00.530888	(00.005834 +- 00.001322)	[00.002967,00.009307]
06_map                  	     91	00.098665	(00.001084 +- 00.000343)	[00.000702,00.003131]
07_imu_opt              	     91	00.093467	(00.001027 +- 00.000782)	[00.000002,00.003554]
08_publish              	     91	01.216132	(00.013364 +- 00.002147)	[00.009492,00.019044]
step                    	     94	02.566184	(00.027300 +- 00.003700)	[00.005045,00.036111]

INFO  Timings:
SM Timing
-----------
00_conversion_livox     	     96	01.138841	(00.011863 +- 00.001195)	[00.007809,00.018167]
01_filter               	     95	00.035114	(00.000370 +- 00.000072)	[00.000232,00.002236]
02_preint               	     93	00.003260	(00.000035 +- 00.000006)	[00.000027,00.000058]
02a_intensity_preprocess	     95	00.342873	(00.003609 +- 00.000484)	[00.002715,00.005061]
03_undistortion         	     93	00.087666	(00.000943 +- 00.000101)	[00.000701,00.002160]
04_sampling             	     92	00.065750	(00.000715 +- 00.000155)	[00.000401,00.001090]
04b_intensity_sampling  	     92	00.078037	(00.000848 +- 00.000114)	[00.000621,00.001133]
05_registration         	     92	00.535142	(00.005817 +- 00.001334)	[00.002967,00.009307]
06_map                  	     92	00.099406	(00.001080 +- 00.000346)	[00.000702,00.003131]
07_imu_opt              	     92	00.095682	(00.001040 +- 00.000781)	[00.000002,00.003554]
08_publish              	     92	01.228209	(00.013350 +- 00.002137)	[00.009492,00.019044]
step                    	     95	02.591477	(00.027279 +- 00.003699)	[00.005045,00.036111]

INFO  Timings:
SM Timing
-----------
00_conversion_livox     	     97	01.151311	(00.011869 +- 00.001195)	[00.007809,00.018167]
01_filter               	     96	00.035461	(00.000369 +- 00.000072)	[00.000232,00.002236]
02_preint               	     94	00.003305	(00.000035 +- 00.000006)	[00.000027,00.000058]
02a_intensity_preprocess	     96	00.346318	(00.003607 +- 00.000484)	[00.002715,00.005061]
03_undistortion         	     94	00.088400	(00.000940 +- 00.000102)	[00.000701,00.002160]
04_sampling             	     93	00.066234	(00.000712 +- 00.000154)	[00.000401,00.001090]
04b_intensity_sampling  	     93	00.079010	(00.000850 +- 00.000114)	[00.000621,00.001133]
05_registration         	     93	00.539851	(00.005805 +- 00.001340)	[00.002967,00.009307]
06_map                  	     93	00.100265	(00.001078 +- 00.000346)	[00.000702,00.003131]
07_imu_opt              	     93	00.096963	(00.001043 +- 00.000772)	[00.000002,00.003554]
08_publish              	     93	01.241070	(00.013345 +- 00.002135)	[00.009492,00.019044]
step                    	     96	02.617279	(00.027263 +- 00.003710)	[00.005045,00.036111]

INFO  Timings:
SM Timing
-----------
00_conversion_livox     	     98	01.164725	(00.011885 +- 00.001192)	[00.007809,00.018167]
01_filter               	     97	00.035747	(00.000369 +- 00.000072)	[00.000232,00.002236]
02_preint               	     95	00.003342	(00.000035 +- 00.000006)	[00.000027,00.000058]
02a_intensity_preprocess	     97	00.349496	(00.003603 +- 00.000488)	[00.002715,00.005061]
03_undistortion         	     95	00.089266	(00.000940 +- 00.000101)	[00.000701,00.002160]
04_sampling             	     94	00.066812	(00.000711 +- 00.000149)	[00.000401,00.001090]
04b_intensity_sampling  	     94	00.079892	(00.000850 +- 00.000114)	[00.000621,00.001133]
05_registration         	     94	00.546240	(00.005811 +- 00.001343)	[00.002967,00.009307]
06_map                  	     94	00.101077	(00.001075 +- 00.000348)	[00.000702,00.003131]
07_imu_opt              	     94	00.098304	(00.001046 +- 00.000758)	[00.000002,00.003554]
08_publish              	     94	01.253647	(00.013337 +- 00.002136)	[00.009492,00.019044]
step                    	     97	02.644292	(00.027261 +- 00.003712)	[00.005045,00.036111]

INFO  Timings:
SM Timing
-----------
00_conversion_livox     	     99	01.176919	(00.011888 +- 00.001178)	[00.007809,00.018167]
01_filter               	     98	00.036126	(00.000369 +- 00.000072)	[00.000232,00.002236]
02_preint               	     96	00.003373	(00.000035 +- 00.000006)	[00.000027,00.000058]
02a_intensity_preprocess	     98	00.353712	(00.003609 +- 00.000496)	[00.002715,00.005061]
03_undistortion         	     96	00.090044	(00.000938 +- 00.000103)	[00.000701,00.002160]
04_sampling             	     95	00.067543	(00.000711 +- 00.000149)	[00.000401,00.001090]
04b_intensity_sampling  	     95	00.080719	(00.000850 +- 00.000113)	[00.000621,00.001133]
05_registration         	     95	00.549211	(00.005781 +- 00.001358)	[00.002967,00.009307]
06_map                  	     95	00.102138	(00.001075 +- 00.000346)	[00.000702,00.003131]
07_imu_opt              	     95	00.100150	(00.001054 +- 00.000752)	[00.000002,00.003554]
08_publish              	     95	01.266616	(00.013333 +- 00.002125)	[00.009492,00.019044]
step                    	     98	02.670162	(00.027247 +- 00.003696)	[00.005045,00.036111]

INFO  Timings:
SM Timing
-----------
00_conversion_livox     	    100	01.190549	(00.011905 +- 00.001184)	[00.007809,00.018167]
01_filter               	     99	00.036526	(00.000369 +- 00.000072)	[00.000232,00.002236]
02_preint               	     97	00.003408	(00.000035 +- 00.000006)	[00.000027,00.000058]
02a_intensity_preprocess	     99	00.357095	(00.003607 +- 00.000494)	[00.002715,00.005061]
03_undistortion         	     97	00.090891	(00.000937 +- 00.000102)	[00.000701,00.002160]
04_sampling             	     96	00.068108	(00.000709 +- 00.000148)	[00.000401,00.001090]
04b_intensity_sampling  	     96	00.081557	(00.000850 +- 00.000113)	[00.000621,00.001133]
05_registration         	     96	00.553346	(00.005764 +- 00.001372)	[00.002967,00.009307]
06_map                  	     96	00.103080	(00.001074 +- 00.000346)	[00.000702,00.003131]
07_imu_opt              	     96	00.101564	(00.001058 +- 00.000743)	[00.000002,00.003554]
08_publish              	     96	01.277825	(00.013311 +- 00.002127)	[00.009492,00.019044]
step                    	     99	02.693998	(00.027212 +- 00.003730)	[00.005045,00.036111]

INFO  Timings:
SM Timing
-----------
00_conversion_livox     	    101	01.203315	(00.011914 +- 00.001184)	[00.007809,00.018167]
01_filter               	    100	00.036902	(00.000369 +- 00.000072)	[00.000232,00.002236]
02_preint               	     98	00.003444	(00.000035 +- 00.000006)	[00.000027,00.000058]
02a_intensity_preprocess	    100	00.361008	(00.003610 +- 00.000495)	[00.002715,00.005061]
03_undistortion         	     98	00.091669	(00.000935 +- 00.000102)	[00.000701,00.002160]
04_sampling             	     97	00.068543	(00.000707 +- 00.000150)	[00.000401,00.001090]
04b_intensity_sampling  	     97	00.082365	(00.000849 +- 00.000113)	[00.000621,00.001133]
05_registration         	     97	00.556839	(00.005741 +- 00.001401)	[00.002967,00.009307]
06_map                  	     97	00.104004	(00.001072 +- 00.000346)	[00.000702,00.003131]
07_imu_opt              	     97	00.102957	(00.001061 +- 00.000728)	[00.000002,00.003554]
08_publish              	     97	01.289705	(00.013296 +- 00.002125)	[00.009492,00.019044]
step                    	    100	02.718094	(00.027181 +- 00.003763)	[00.005045,00.036111]

INFO  Timings:
SM Timing
-----------
00_conversion_livox     	    102	01.214528	(00.011907 +- 00.001200)	[00.007809,00.018167]
01_filter               	    101	00.037176	(00.000368 +- 00.000073)	[00.000232,00.002236]
02_preint               	     99	00.003481	(00.000035 +- 00.000006)	[00.000027,00.000058]
02a_intensity_preprocess	    101	00.363975	(00.003604 +- 00.000503)	[00.002715,00.005061]
03_undistortion         	     99	00.092501	(00.000934 +- 00.000101)	[00.000701,00.002160]
04_sampling             	     98	00.068986	(00.000704 +- 00.000152)	[00.000401,00.001090]
04b_intensity_sampling  	     98	00.083061	(00.000848 +- 00.000115)	[00.000621,00.001133]
05_registration         	     98	00.564729	(00.005763 +- 00.001437)	[00.002967,00.009307]
06_map                  	     98	00.104912	(00.001071 +- 00.000346)	[00.000702,00.003131]
07_imu_opt              	     98	00.104591	(00.001067 +- 00.000717)	[00.000002,00.003554]
08_publish              	     98	01.302585	(00.013292 +- 00.002113)	[00.009492,00.019044]
step                    	    101	02.746709	(00.027195 +- 00.003755)	[00.005045,00.036111]

INFO  Timings:
SM Timing
-----------
00_conversion_livox     	    103	01.227600	(00.011918 +- 00.001198)	[00.007809,00.018167]
01_filter               	    102	00.037535	(00.000368 +- 00.000072)	[00.000232,00.002236]
02_preint               	    100	00.003526	(00.000035 +- 00.000006)	[00.000027,00.000058]
02a_intensity_preprocess	    102	00.367487	(00.003603 +- 00.000502)	[00.002715,00.005061]
03_undistortion         	    100	00.093394	(00.000934 +- 00.000099)	[00.000701,00.002160]
04_sampling             	     99	00.069568	(00.000703 +- 00.000151)	[00.000401,00.001090]
04b_intensity_sampling  	     99	00.083992	(00.000848 +- 00.000115)	[00.000621,00.001133]
05_registration         	     99	00.569330	(00.005751 +- 00.001443)	[00.002967,00.009307]
06_map                  	     99	00.105841	(00.001069 +- 00.000346)	[00.000702,00.003131]
07_imu_opt              	     99	00.105968	(00.001070 +- 00.000711)	[00.000002,00.003554]
08_publish              	     99	01.314052	(00.013273 +- 00.002115)	[00.009492,00.019044]
step                    	    102	02.771465	(00.027171 +- 00.003773)	[00.005045,00.036111]

INFO  Timings:
SM Timing
-----------
00_conversion_livox     	    104	01.240720	(00.011930 +- 00.001190)	[00.007809,00.018167]
01_filter               	    103	00.037897	(00.000368 +- 00.000072)	[00.000232,00.002236]
02_preint               	    101	00.003556	(00.000035 +- 00.000006)	[00.000027,00.000058]
02a_intensity_preprocess	    103	00.370575	(00.003598 +- 00.000507)	[00.002715,00.005061]
03_undistortion         	    101	00.094259	(00.000933 +- 00.000099)	[00.000701,00.002160]
04_sampling             	    100	00.070115	(00.000701 +- 00.000148)	[00.000401,00.001090]
04b_intensity_sampling  	    100	00.084966	(00.000850 +- 00.000115)	[00.000621,00.001133]
05_registration         	    100	00.572696	(00.005727 +- 00.001424)	[00.002967,00.009307]
06_map                  	    100	00.106883	(00.001069 +- 00.000345)	[00.000702,00.003131]
07_imu_opt              	    100	00.107296	(00.001073 +- 00.000702)	[00.000002,00.003554]
08_publish              	    100	01.325292	(00.013253 +- 00.002107)	[00.009492,00.019044]
step                    	    103	02.794387	(00.027130 +- 00.003773)	[00.005045,00.036111]

INFO  Timings:
SM Timing
-----------
00_conversion_livox     	    105	01.251522	(00.011919 +- 00.001221)	[00.007809,00.018167]
01_filter               	    104	00.038220	(00.000368 +- 00.000072)	[00.000232,00.002236]
02_preint               	    102	00.003589	(00.000035 +- 00.000006)	[00.000027,00.000058]
02a_intensity_preprocess	    104	00.373759	(00.003594 +- 00.000508)	[00.002715,00.005061]
03_undistortion         	    102	00.095066	(00.000932 +- 00.000099)	[00.000701,00.002160]
04_sampling             	    101	00.070719	(00.000700 +- 00.000147)	[00.000401,00.001090]
04b_intensity_sampling  	    101	00.085753	(00.000849 +- 00.000115)	[00.000621,00.001133]
05_registration         	    101	00.578709	(00.005730 +- 00.001377)	[00.002967,00.009307]
06_map                  	    101	00.107788	(00.001067 +- 00.000345)	[00.000702,00.003131]
07_imu_opt              	    101	00.108637	(00.001076 +- 00.000699)	[00.000002,00.003554]
08_publish              	    101	01.337112	(00.013239 +- 00.002081)	[00.009492,00.019044]
step                    	    104	02.820277	(00.027118 +- 00.003705)	[00.005045,00.036111]

INFO  Timings:
SM Timing
-----------
00_conversion_livox     	    106	01.262522	(00.011911 +- 00.001233)	[00.007809,00.018167]
01_filter               	    105	00.038588	(00.000368 +- 00.000072)	[00.000232,00.002236]
02_preint               	    103	00.003630	(00.000035 +- 00.000006)	[00.000027,00.000058]
02a_intensity_preprocess	    105	00.376979	(00.003590 +- 00.000506)	[00.002715,00.005061]
03_undistortion         	    103	00.095933	(00.000931 +- 00.000094)	[00.000701,00.002160]
04_sampling             	    102	00.071258	(00.000699 +- 00.000144)	[00.000401,00.001090]
04b_intensity_sampling  	    102	00.086628	(00.000849 +- 00.000115)	[00.000621,00.001133]
05_registration         	    102	00.583732	(00.005723 +- 00.001332)	[00.002967,00.009307]
06_map                  	    102	00.108758	(00.001066 +- 00.000344)	[00.000702,00.003131]
07_imu_opt              	    102	00.110027	(00.001079 +- 00.000694)	[00.000002,00.003554]
08_publish              	    102	01.349133	(00.013227 +- 00.002036)	[00.009492,00.019044]
step                    	    105	02.845654	(00.027101 +- 00.003617)	[00.005045,00.036111]

INFO  Timings:
SM Timing
-----------
00_conversion_livox     	    107	01.275397	(00.011920 +- 00.001230)	[00.007809,00.018167]
01_filter               	    106	00.038974	(00.000368 +- 00.000072)	[00.000232,00.002236]
02_preint               	    104	00.003666	(00.000035 +- 00.000006)	[00.000027,00.000058]
02a_intensity_preprocess	    106	00.380569	(00.003590 +- 00.000482)	[00.002715,00.005061]
03_undistortion         	    104	00.096716	(00.000930 +- 00.000092)	[00.000701,00.002160]
04_sampling             	    103	00.071860	(00.000698 +- 00.000142)	[00.000401,00.001090]
04b_intensity_sampling  	    103	00.087597	(00.000850 +- 00.000116)	[00.000621,00.001133]
05_registration         	    103	00.589333	(00.005722 +- 00.001321)	[00.002967,00.009307]
06_map                  	    103	00.109848	(00.001066 +- 00.000344)	[00.000702,00.003131]
07_imu_opt              	    103	00.111593	(00.001083 +- 00.000690)	[00.000002,00.003554]
08_publish              	    103	01.364239	(00.013245 +- 00.002032)	[00.009492,00.019044]
step                    	    106	02.875477	(00.027127 +- 00.003576)	[00.005045,00.036111]

INFO  Timings:
SM Timing
-----------
00_conversion_livox     	    108	01.288869	(00.011934 +- 00.001235)	[00.007809,00.018167]
01_filter               	    107	00.039377	(00.000368 +- 00.000073)	[00.000232,00.002236]
02_preint               	    105	00.003715	(00.000035 +- 00.000006)	[00.000027,00.000058]
02a_intensity_preprocess	    107	00.384660	(00.003595 +- 00.000484)	[00.002715,00.005061]
03_undistortion         	    105	00.097817	(00.000932 +- 00.000098)	[00.000701,00.002160]
04_sampling             	    104	00.072599	(00.000698 +- 00.000141)	[00.000401,00.001090]
04b_intensity_sampling  	    104	00.088924	(00.000855 +- 00.000132)	[00.000621,00.001327]
05_registration         	    104	00.595546	(00.005726 +- 00.001327)	[00.002967,00.009307]
06_map                  	    104	00.111141	(00.001069 +- 00.000346)	[00.000702,00.003131]
07_imu_opt              	    104	00.113945	(00.001096 +- 00.000686)	[00.000002,00.003554]
08_publish              	    104	01.381519	(00.013284 +- 00.002108)	[00.009492,00.019044]
step                    	    107	02.910429	(00.027200 +- 00.003734)	[00.005045,00.036111]

INFO  Timings:
SM Timing
-----------
00_conversion_livox     	    109	01.306278	(00.011984 +- 00.001401)	[00.007809,00.018167]
01_filter               	    108	00.039828	(00.000369 +- 00.000074)	[00.000232,00.002236]
02_preint               	    106	00.003773	(00.000036 +- 00.000006)	[00.000027,00.000058]
02a_intensity_preprocess	    108	00.390843	(00.003619 +- 00.000606)	[00.002715,00.006182]
03_undistortion         	    106	00.099699	(00.000941 +- 00.000172)	[00.000701,00.002160]
04_sampling             	    105	00.073646	(00.000701 +- 00.000146)	[00.000401,00.001090]
04b_intensity_sampling  	    105	00.090541	(00.000862 +- 00.000168)	[00.000621,00.001617]
05_registration         	    105	00.605161	(00.005763 +- 00.001416)	[00.002967,00.009615]
06_map                  	    105	00.112594	(00.001072 +- 00.000336)	[00.000702,00.003131]
07_imu_opt              	    105	00.116161	(00.001106 +- 00.000681)	[00.000002,00.003554]
08_publish              	    105	01.404117	(00.013373 +- 00.002489)	[00.009492,00.022598]
step                    	    108	02.957713	(00.027386 +- 00.004601)	[00.005045,00.047284]

INFO  Timings:
SM Timing
-----------
00_conversion_livox     	    110	01.327195	(00.012065 +- 00.001806)	[00.007809,00.020918]
01_filter               	    109	00.040331	(00.000370 +- 00.000076)	[00.000232,00.002236]
02_preint               	    107	00.003831	(00.000036 +- 00.000007)	[00.000027,00.000058]
02a_intensity_preprocess	    109	00.396649	(00.003639 +- 00.000678)	[00.002715,00.006182]
03_undistortion         	    107	00.100777	(00.000942 +- 00.000175)	[00.000701,00.002160]
04_sampling             	    106	00.074603	(00.000704 +- 00.000146)	[00.000401,00.001090]
04b_intensity_sampling  	    106	00.091956	(00.000868 +- 00.000183)	[00.000621,00.001617]
05_registration         	    106	00.615345	(00.005805 +- 00.001568)	[00.002967,00.010183]
06_map                  	    106	00.113956	(00.001075 +- 00.000340)	[00.000702,00.003131]
07_imu_opt              	    106	00.119010	(00.001123 +- 00.000688)	[00.000002,00.003554]
08_publish              	    106	01.426150	(00.013454 +- 00.002776)	[00.009492,00.022598]
step                    	    109	03.004074	(00.027560 +- 00.005294)	[00.005045,00.047284]

INFO  Timings:
SM Timing
-----------
00_conversion_livox     	    111	01.345863	(00.012125 +- 00.001976)	[00.007809,00.020918]
01_filter               	    110	00.041060	(00.000373 +- 00.000075)	[00.000232,00.002236]
02_preint               	    108	00.003894	(00.000036 +- 00.000008)	[00.000027,00.000063]
02a_intensity_preprocess	    110	00.401844	(00.003653 +- 00.000710)	[00.002715,00.006182]
03_undistortion         	    108	00.101802	(00.000943 +- 00.000172)	[00.000701,00.002160]
04_sampling             	    107	00.075439	(00.000705 +- 00.000147)	[00.000401,00.001090]
04b_intensity_sampling  	    107	00.093374	(00.000873 +- 00.000196)	[00.000621,00.001617]
05_registration         	    107	00.623118	(00.005824 +- 00.001600)	[00.002967,00.010183]
06_map                  	    107	00.115230	(00.001077 +- 00.000162)	[00.000702,00.003131]
07_imu_opt              	    107	00.120802	(00.001129 +- 00.000678)	[00.000002,00.003554]
08_publish              	    107	01.445730	(00.013511 +- 00.002906)	[00.009492,00.022598]
step                    	    110	03.043834	(00.027671 +- 00.005504)	[00.005045,00.047284]

INFO  Timings:
SM Timing
-----------
00_conversion_livox     	    112	01.362588	(00.012166 +- 00.002042)	[00.007809,00.020918]
01_filter               	    111	00.041553	(00.000374 +- 00.000078)	[00.000232,00.002236]
02_preint               	    109	00.003935	(00.000036 +- 00.000008)	[00.000027,00.000063]
02a_intensity_preprocess	    111	00.406658	(00.003664 +- 00.000728)	[00.002715,00.006182]
03_undistortion         	    109	00.102962	(00.000945 +- 00.000176)	[00.000701,00.002160]
04_sampling             	    108	00.076264	(00.000706 +- 00.000148)	[00.000401,00.001090]
04b_intensity_sampling  	    108	00.094750	(00.000877 +- 00.000206)	[00.000621,00.001617]
05_registration         	    108	00.629041	(00.005824 +- 00.001576)	[00.002967,00.010183]
06_map                  	    108	00.116481	(00.001079 +- 00.000165)	[00.000702,00.003131]
07_imu_opt              	    108	00.123082	(00.001140 +- 00.000670)	[00.000002,00.003554]
08_publish              	    108	01.464838	(00.013563 +- 00.003011)	[00.009492,00.022598]
step                    	    111	03.081190	(00.027758 +- 00.005636)	[00.005045,00.047284]

INFO  Timings:
SM Timing
-----------
00_conversion_livox     	    113	01.377847	(00.012193 +- 00.002063)	[00.007809,00.020918]
01_filter               	    112	00.042001	(00.000375 +- 00.000079)	[00.000232,00.002236]
02_preint               	    110	00.003995	(00.000036 +- 00.000008)	[00.000027,00.000063]
02a_intensity_preprocess	    112	00.411086	(00.003670 +- 00.000734)	[00.002715,00.006182]
03_undistortion         	    110	00.103998	(00.000945 +- 00.000177)	[00.000701,00.002160]
04_sampling             	    109	00.077012	(00.000707 +- 00.000146)	[00.000401,00.001090]
04b_intensity_sampling  	    109	00.095974	(00.000880 +- 00.000210)	[00.000621,00.001617]
05_registration         	    109	00.634980	(00.005826 +- 00.001575)	[00.002967,00.010183]
06_map                  	    109	00.117553	(00.001078 +- 00.000163)	[00.000702,00.003131]
07_imu_opt              	    109	00.124667	(00.001144 +- 00.000661)	[00.000002,00.003554]
08_publish              	    109	01.479929	(00.013577 +- 00.003012)	[00.009492,00.022598]
step                    	    112	03.112919	(00.027794 +- 00.005650)	[00.005045,00.047284]

INFO  Timings:
SM Timing
-----------
00_conversion_livox     	    114	01.391087	(00.012203 +- 00.002062)	[00.007809,00.020918]
01_filter               	    113	00.042404	(00.000375 +- 00.000079)	[00.000232,00.002236]
02_preint               	    111	00.004038	(00.000036 +- 00.000008)	[00.000027,00.000063]
02a_intensity_preprocess	    113	00.414901	(00.003672 +- 00.000734)	[00.002715,00.006182]
03_undistortion         	    111	00.104965	(00.000946 +- 00.000177)	[00.000701,00.002160]
04_sampling             	    110	00.077640	(00.000706 +- 00.000142)	[00.000401,00.001090]
04b_intensity_sampling  	    110	00.097018	(00.000882 +- 00.000211)	[00.000621,00.001617]
05_registration         	    110	00.639683	(00.005815 +- 00.001535)	[00.002967,00.010183]
06_map                  	    110	00.118395	(00.001076 +- 00.000164)	[00.000702,00.003131]
07_imu_opt              	    110	00.126134	(00.001147 +- 00.000653)	[00.000002,00.003554]
08_publish              	    110	01.493660	(00.013579 +- 00.003003)	[00.009492,00.022598]
step                    	    113	03.140650	(00.027793 +- 00.005621)	[00.005045,00.047284]

INFO  Timings:
SM Timing
-----------
00_conversion_livox     	    115	01.402898	(00.012199 +- 00.002071)	[00.007809,00.020918]
01_filter               	    114	00.042705	(00.000375 +- 00.000079)	[00.000232,00.002236]
02_preint               	    112	00.004088	(00.000036 +- 00.000008)	[00.000027,00.000063]
02a_intensity_preprocess	    114	00.418195	(00.003668 +- 00.000734)	[00.002715,00.006182]
03_undistortion         	    112	00.106141	(00.000948 +- 00.000177)	[00.000701,00.002160]
04_sampling             	    111	00.078170	(00.000704 +- 00.000141)	[00.000401,00.001090]
04b_intensity_sampling  	    111	00.097900	(00.000882 +- 00.000210)	[00.000621,00.001617]
05_registration         	    111	00.644271	(00.005804 +- 00.001532)	[00.002967,00.010183]
06_map                  	    111	00.119220	(00.001074 +- 00.000165)	[00.000702,00.003131]
07_imu_opt              	    111	00.127431	(00.001148 +- 00.000653)	[00.000002,00.003554]
08_publish              	    111	01.505565	(00.013564 +- 00.003002)	[00.009492,00.022598]
step                    	    114	03.165562	(00.027768 +- 00.005624)	[00.005045,00.047284]

INFO  Timings:
SM Timing
-----------
00_conversion_livox     	    116	01.414259	(00.012192 +- 00.002084)	[00.007809,00.020918]
01_filter               	    115	00.043014	(00.000374 +- 00.000079)	[00.000232,00.002236]
02_preint               	    113	00.004125	(00.000037 +- 00.000008)	[00.000027,00.000063]
02a_intensity_preprocess	    115	00.421282	(00.003663 +- 00.000736)	[00.002715,00.006182]
03_undistortion         	    113	00.106958	(00.000947 +- 00.000177)	[00.000701,00.002160]
04_sampling             	    112	00.078703	(00.000703 +- 00.000140)	[00.000401,00.001090]
04b_intensity_sampling  	    112	00.098831	(00.000882 +- 00.000210)	[00.000621,00.001617]
05_registration         	    112	00.648496	(00.005790 +- 00.001539)	[00.002967,00.010183]
06_map                  	    112	00.120095	(00.001072 +- 00.000165)	[00.000702,00.003131]
07_imu_opt              	    112	00.128670	(00.001149 +- 00.000649)	[00.000002,00.003554]
08_publish              	    112	01.517033	(00.013545 +- 00.003004)	[00.009492,00.022598]
step                    	    115	03.189139	(00.027732 +- 00.005652)	[00.005045,00.047284]

INFO  Timings:
SM Timing
-----------
00_conversion_livox     	    117	01.425402	(00.012183 +- 00.002098)	[00.007809,00.020918]
01_filter               	    116	00.043378	(00.000374 +- 00.000079)	[00.000232,00.002236]
02_preint               	    114	00.004161	(00.000037 +- 00.000008)	[00.000027,00.000063]
02a_intensity_preprocess	    116	00.424246	(00.003657 +- 00.000739)	[00.002715,00.006182]
03_undistortion         	    114	00.107822	(00.000946 +- 00.000177)	[00.000701,00.002160]
04_sampling             	    113	00.079286	(00.000702 +- 00.000138)	[00.000401,00.001090]
04b_intensity_sampling  	    113	00.099737	(00.000883 +- 00.000210)	[00.000621,00.001617]
05_registration         	    113	00.651827	(00.005768 +- 00.001552)	[00.002967,00.010183]
06_map                  	    113	00.120931	(00.001070 +- 00.000164)	[00.000702,00.003131]
07_imu_opt              	    113	00.129913	(00.001150 +- 00.000649)	[00.000002,00.003554]
08_publish              	    113	01.527861	(00.013521 +- 00.003017)	[00.009492,00.022598]
step                    	    116	03.211172	(00.027683 +- 00.005696)	[00.005045,00.047284]

INFO  Timings:
SM Timing
-----------
00_conversion_livox     	    118	01.436035	(00.012170 +- 00.002121)	[00.007809,00.020918]
01_filter               	    117	00.043720	(00.000374 +- 00.000079)	[00.000232,00.002236]
02_preint               	    115	00.004194	(00.000036 +- 00.000008)	[00.000027,00.000063]
02a_intensity_preprocess	    117	00.427260	(00.003652 +- 00.000743)	[00.002715,00.006182]
03_undistortion         	    115	00.108644	(00.000945 +- 00.000177)	[00.000701,00.002160]
04_sampling             	    114	00.079711	(00.000699 +- 00.000140)	[00.000401,00.001090]
04b_intensity_sampling  	    114	00.100747	(00.000884 +- 00.000210)	[00.000621,00.001617]
05_registration         	    114	00.655897	(00.005753 +- 00.001560)	[00.002967,00.010183]
06_map                  	    114	00.121808	(00.001068 +- 00.000164)	[00.000702,00.003131]
07_imu_opt              	    114	00.131193	(00.001151 +- 00.000653)	[00.000002,00.003554]
08_publish              	    114	01.538905	(00.013499 +- 00.003028)	[00.009492,00.022598]
step                    	    117	03.234173	(00.027643 +- 00.005731)	[00.005045,00.047284]

INFO  Timings:
SM Timing
-----------
00_conversion_livox     	    119	01.447132	(00.012161 +- 00.002134)	[00.007809,00.020918]
01_filter               	    118	00.044071	(00.000373 +- 00.000079)	[00.000232,00.002236]
02_preint               	    116	00.004230	(00.000036 +- 00.000008)	[00.000027,00.000063]
02a_intensity_preprocess	    118	00.430221	(00.003646 +- 00.000748)	[00.002715,00.006182]
03_undistortion         	    116	00.109452	(00.000944 +- 00.000178)	[00.000701,00.002160]
04_sampling             	    115	00.080112	(00.000697 +- 00.000142)	[00.000401,00.001090]
04b_intensity_sampling  	    115	00.101426	(00.000882 +- 00.000213)	[00.000621,00.001617]
05_registration         	    115	00.659654	(00.005736 +- 00.001516)	[00.002967,00.010183]
06_map                  	    115	00.122662	(00.001067 +- 00.000165)	[00.000702,00.003131]
07_imu_opt              	    115	00.132391	(00.001151 +- 00.000655)	[00.000002,00.003554]
08_publish              	    115	01.549190	(00.013471 +- 00.003051)	[00.009492,00.022598]
step                    	    118	03.255569	(00.027590 +- 00.005775)	[00.005045,00.047284]

INFO  Timings:
SM Timing
-----------
00_conversion_livox     	    120	01.457640	(00.012147 +- 00.002160)	[00.007809,00.020918]
01_filter               	    119	00.044380	(00.000373 +- 00.000079)	[00.000232,00.002236]
02_preint               	    117	00.004260	(00.000036 +- 00.000008)	[00.000027,00.000063]
02a_intensity_preprocess	    119	00.433083	(00.003639 +- 00.000754)	[00.002715,00.006182]
03_undistortion         	    117	00.110284	(00.000943 +- 00.000178)	[00.000701,00.002160]
04_sampling             	    116	00.080539	(00.000694 +- 00.000143)	[00.000401,00.001090]
04b_intensity_sampling  	    116	00.102146	(00.000881 +- 00.000215)	[00.000621,00.001617]
05_registration         	    116	00.662952	(00.005715 +- 00.001530)	[00.002967,00.010183]
06_map                  	    116	00.123514	(00.001065 +- 00.000166)	[00.000702,00.003131]
07_imu_opt              	    116	00.133690	(00.001153 +- 00.000656)	[00.000002,00.003554]
08_publish              	    116	01.559490	(00.013444 +- 00.003071)	[00.009492,00.022598]
step                    	    119	03.276563	(00.027534 +- 00.005838)	[00.005045,00.047284]

INFO  Timings:
SM Timing
-----------
00_conversion_livox     	    121	01.468437	(00.012136 +- 00.002175)	[00.007809,00.020918]
01_filter               	    120	00.044713	(00.000373 +- 00.000079)	[00.000232,00.002236]
02_preint               	    118	00.004296	(00.000036 +- 00.000008)	[00.000027,00.000063]
02a_intensity_preprocess	    120	00.435960	(00.003633 +- 00.000760)	[00.002715,00.006182]
03_undistortion         	    118	00.111129	(00.000942 +- 00.000178)	[00.000701,00.002160]
04_sampling             	    117	00.080988	(00.000692 +- 00.000144)	[00.000401,00.001090]
04b_intensity_sampling  	    117	00.102852	(00.000879 +- 00.000217)	[00.000621,00.001617]
05_registration         	    117	00.667402	(00.005704 +- 00.001532)	[00.002967,00.010183]
06_map                  	    117	00.124252	(00.001062 +- 00.000168)	[00.000702,00.003131]
07_imu_opt              	    117	00.134939	(00.001153 +- 00.000657)	[00.000002,00.003554]
08_publish              	    117	01.569660	(00.013416 +- 00.003091)	[00.009492,00.022598]
step                    	    120	03.298491	(00.027487 +- 00.005882)	[00.005045,00.047284]

INFO  Timings:
SM Timing
-----------
00_conversion_livox     	    122	01.479153	(00.012124 +- 00.002187)	[00.007809,00.020918]
01_filter               	    121	00.045070	(00.000372 +- 00.000078)	[00.000232,00.002236]
02_preint               	    119	00.004325	(00.000036 +- 00.000008)	[00.000027,00.000063]
02a_intensity_preprocess	    121	00.438660	(00.003625 +- 00.000768)	[00.002700,00.006182]
03_undistortion         	    119	00.111895	(00.000940 +- 00.000179)	[00.000701,00.002160]
04_sampling             	    118	00.081380	(00.000690 +- 00.000144)	[00.000392,00.001090]
04b_intensity_sampling  	    118	00.103617	(00.000878 +- 00.000216)	[00.000621,00.001617]
05_registration         	    118	00.671491	(00.005691 +- 00.001534)	[00.002967,00.010183]
06_map                  	    118	00.125009	(00.001059 +- 00.000170)	[00.000702,00.003131]
07_imu_opt              	    118	00.136179	(00.001154 +- 00.000655)	[00.000002,00.003554]
08_publish              	    118	01.580066	(00.013390 +- 00.003105)	[00.009492,00.022598]
step                    	    121	03.320055	(00.027438 +- 00.005924)	[00.005045,00.047284]

INFO  Timings:
SM Timing
-----------
00_conversion_livox     	    123	01.490058	(00.012114 +- 00.002202)	[00.007809,00.020918]
01_filter               	    122	00.045402	(00.000372 +- 00.000078)	[00.000232,00.002236]
02_preint               	    120	00.004361	(00.000036 +- 00.000008)	[00.000027,00.000063]
02a_intensity_preprocess	    122	00.441574	(00.003619 +- 00.000772)	[00.002700,00.006182]
03_undistortion         	    120	00.112638	(00.000939 +- 00.000179)	[00.000701,00.002160]
04_sampling             	    119	00.081797	(00.000687 +- 00.000145)	[00.000392,00.001090]
04b_intensity_sampling  	    119	00.104321	(00.000877 +- 00.000217)	[00.000621,00.001617]
05_registration         	    119	00.674713	(00.005670 +- 00.001554)	[00.002967,00.010183]
06_map                  	    119	00.125943	(00.001058 +- 00.000170)	[00.000702,00.003131]
07_imu_opt              	    119	00.137406	(00.001155 +- 00.000657)	[00.000002,00.003554]
08_publish              	    119	01.590808	(00.013368 +- 00.003113)	[00.009492,00.022598]
step                    	    122	03.341402	(00.027389 +- 00.005971)	[00.005045,00.047284]

INFO  Timings:
SM Timing
-----------
00_conversion_livox     	    124	01.505544	(00.012141 +- 00.002234)	[00.007809,00.020918]
01_filter               	    123	00.045744	(00.000372 +- 00.000078)	[00.000232,00.002236]
02_preint               	    121	00.004397	(00.000036 +- 00.000009)	[00.000027,00.000063]
02a_intensity_preprocess	    123	00.444373	(00.003613 +- 00.000778)	[00.002700,00.006182]
03_undistortion         	    121	00.113520	(00.000938 +- 00.000179)	[00.000701,00.002160]
04_sampling             	    120	00.082224	(00.000685 +- 00.000146)	[00.000392,00.001090]
04b_intensity_sampling  	    120	00.105266	(00.000877 +- 00.000217)	[00.000621,00.001617]
05_registration         	    120	00.677346	(00.005645 +- 00.001566)	[00.002632,00.010183]
06_map                  	    120	00.126677	(00.001056 +- 00.000173)	[00.000702,00.003131]
07_imu_opt              	    120	00.138541	(00.001155 +- 00.000659)	[00.000002,00.003554]
08_publish              	    120	01.600832	(00.013340 +- 00.003126)	[00.009492,00.022598]
step                    	    123	03.361436	(00.027329 +- 00.006024)	[00.005045,00.047284]

INFO  Timings:
SM Timing
-----------
00_conversion_livox     	    125	01.516468	(00.012132 +- 00.002110)	[00.007809,00.020918]
01_filter               	    124	00.046146	(00.000372 +- 00.000078)	[00.000232,00.002236]
02_preint               	    122	00.004433	(00.000036 +- 00.000008)	[00.000027,00.000063]
02a_intensity_preprocess	    124	00.447095	(00.003606 +- 00.000752)	[00.002700,00.006182]
03_undistortion         	    122	00.114313	(00.000937 +- 00.000180)	[00.000701,00.002160]
04_sampling             	    121	00.082640	(00.000683 +- 00.000147)	[00.000392,00.001090]
04b_intensity_sampling  	    121	00.106022	(00.000876 +- 00.000216)	[00.000621,00.001617]
05_registration         	    121	00.680707	(00.005626 +- 00.001578)	[00.002632,00.010183]
06_map                  	    121	00.127404	(00.001053 +- 00.000170)	[00.000702,00.003131]
07_imu_opt              	    121	00.139703	(00.001155 +- 00.000664)	[00.000002,00.003554]
08_publish              	    121	01.610845	(00.013313 +- 00.003003)	[00.009492,00.022598]
step                    	    124	03.381892	(00.027273 +- 00.005922)	[00.005045,00.047284]

INFO  Timings:
SM Timing
-----------
00_conversion_livox     	    126	01.526856	(00.012118 +- 00.002131)	[00.007809,00.020918]
01_filter               	    125	00.046479	(00.000372 +- 00.000078)	[00.000232,00.002236]
02_preint               	    123	00.004462	(00.000036 +- 00.000008)	[00.000027,00.000063]
02a_intensity_preprocess	    125	00.449865	(00.003599 +- 00.000755)	[00.002700,00.006182]
03_undistortion         	    123	00.115344	(00.000938 +- 00.000181)	[00.000701,00.002160]
04_sampling             	    122	00.083123	(00.000681 +- 00.000147)	[00.000392,00.001090]
04b_intensity_sampling  	    122	00.106891	(00.000876 +- 00.000216)	[00.000621,00.001617]
05_registration         	    122	00.685596	(00.005620 +- 00.001561)	[00.002632,00.010183]
06_map                  	    122	00.128185	(00.001051 +- 00.000166)	[00.000702,00.003131]
07_imu_opt              	    122	00.140933	(00.001155 +- 00.000667)	[00.000002,00.003554]
08_publish              	    122	01.621539	(00.013291 +- 00.002995)	[00.009492,00.022598]
step                    	    125	03.405088	(00.027241 +- 00.005896)	[00.005045,00.047284]

INFO  Timings:
SM Timing
-----------
00_conversion_livox     	    127	01.537611	(00.012107 +- 00.002146)	[00.007809,00.020918]
01_filter               	    126	00.046812	(00.000372 +- 00.000077)	[00.000232,00.002236]
02_preint               	    124	00.004501	(00.000036 +- 00.000008)	[00.000027,00.000063]
02a_intensity_preprocess	    126	00.452766	(00.003593 +- 00.000758)	[00.002700,00.006182]
03_undistortion         	    124	00.116193	(00.000937 +- 00.000180)	[00.000701,00.002160]
04_sampling             	    123	00.083567	(00.000679 +- 00.000142)	[00.000392,00.001090]
04b_intensity_sampling  	    123	00.107730	(00.000876 +- 00.000216)	[00.000621,00.001617]
05_registration         	    123	00.690839	(00.005617 +- 00.001520)	[00.002632,00.010183]
06_map                  	    123	00.129128	(00.001050 +- 00.000166)	[00.000702,00.003131]
07_imu_opt              	    123	00.142261	(00.001157 +- 00.000655)	[00.000002,00.003554]
08_publish              	    123	01.632834	(00.013275 +- 00.002994)	[00.009492,00.022598]
step                    	    126	03.429367	(00.027217 +- 00.005852)	[00.005045,00.047284]

INFO  Timings:
SM Timing
-----------
00_conversion_livox     	    128	01.548343	(00.012096 +- 00.002158)	[00.007809,00.020918]
01_filter               	    127	00.047156	(00.000371 +- 00.000077)	[00.000232,00.002236]
02_preint               	    125	00.004538	(00.000036 +- 00.000008)	[00.000027,00.000063]
02a_intensity_preprocess	    127	00.455853	(00.003589 +- 00.000755)	[00.002700,00.006182]
03_undistortion         	    125	00.117320	(00.000939 +- 00.000183)	[00.000701,00.002160]
04_sampling             	    124	00.084202	(00.000679 +- 00.000142)	[00.000392,00.001090]
04b_intensity_sampling  	    124	00.108611	(00.000876 +- 00.000216)	[00.000621,00.001617]
05_registration         	    124	00.694893	(00.005604 +- 00.001524)	[00.002632,00.010183]
06_map                  	    124	00.130050	(00.001049 +- 00.000166)	[00.000702,00.003131]
07_imu_opt              	    124	00.143567	(00.001158 +- 00.000656)	[00.000002,00.003554]
08_publish              	    124	01.644617	(00.013263 +- 00.002994)	[00.009492,00.022598]
step                    	    127	03.453631	(00.027194 +- 00.005853)	[00.005045,00.047284]

INFO  Timings:
SM Timing
-----------
00_conversion_livox     	    129	01.558437	(00.012081 +- 00.002184)	[00.007809,00.020918]
01_filter               	    128	00.047513	(00.000371 +- 00.000077)	[00.000232,00.002236]
02_preint               	    126	00.004575	(00.000036 +- 00.000008)	[00.000027,00.000063]
02a_intensity_preprocess	    128	00.458904	(00.003585 +- 00.000756)	[00.002700,00.006182]
03_undistortion         	    126	00.118198	(00.000938 +- 00.000183)	[00.000701,00.002160]
04_sampling             	    125	00.084796	(00.000678 +- 00.000142)	[00.000392,00.001090]
04b_intensity_sampling  	    125	00.109528	(00.000876 +- 00.000216)	[00.000621,00.001617]
05_registration         	    125	00.699095	(00.005593 +- 00.001526)	[00.002632,00.010183]
06_map                  	    125	00.130972	(00.001048 +- 00.000166)	[00.000702,00.003131]
07_imu_opt              	    125	00.144872	(00.001159 +- 00.000654)	[00.000002,00.003554]
08_publish              	    125	01.656408	(00.013251 +- 00.002992)	[00.009492,00.022598]
step                    	    128	03.477778	(00.027170 +- 00.005858)	[00.005045,00.047284]

INFO  Timings:
SM Timing
-----------
00_conversion_livox     	    130	01.568514	(00.012065 +- 00.002202)	[00.007809,00.020918]
01_filter               	    129	00.047859	(00.000371 +- 00.000077)	[00.000232,00.002236]
02_preint               	    127	00.004609	(00.000036 +- 00.000008)	[00.000027,00.000063]
02a_intensity_preprocess	    129	00.462065	(00.003582 +- 00.000757)	[00.002700,00.006182]
03_undistortion         	    127	00.119441	(00.000940 +- 00.000189)	[00.000701,00.002160]
04_sampling             	    126	00.085551	(00.000679 +- 00.000145)	[00.000392,00.001090]
04b_intensity_sampling  	    126	00.110463	(00.000877 +- 00.000215)	[00.000621,00.001617]
05_registration         	    126	00.704245	(00.005589 +- 00.001525)	[00.002632,00.010183]
06_map                  	    126	00.131926	(00.001047 +- 00.000166)	[00.000702,00.003131]
07_imu_opt              	    126	00.146177	(00.001160 +- 00.000652)	[00.000002,00.003554]
08_publish              	    126	01.668645	(00.013243 +- 00.002991)	[00.009492,00.022598]
step                    	    129	03.503990	(00.027163 +- 00.005857)	[00.005045,00.047284]

INFO  Timings:
SM Timing
-----------
00_conversion_livox     	    131	01.579094	(00.012054 +- 00.002213)	[00.007809,00.020918]
01_filter               	    130	00.048212	(00.000371 +- 00.000077)	[00.000232,00.002236]
02_preint               	    128	00.004648	(00.000036 +- 00.000008)	[00.000027,00.000063]
02a_intensity_preprocess	    130	00.465435	(00.003580 +- 00.000756)	[00.002700,00.006182]
03_undistortion         	    128	00.120276	(00.000940 +- 00.000189)	[00.000701,00.002160]
04_sampling             	    127	00.086213	(00.000679 +- 00.000146)	[00.000392,00.001090]
04b_intensity_sampling  	    127	00.111504	(00.000878 +- 00.000216)	[00.000621,00.001617]
05_registration         	    127	00.708656	(00.005580 +- 00.001526)	[00.002632,00.010183]
06_map                  	    127	00.132969	(00.001047 +- 00.000166)	[00.000702,00.003131]
07_imu_opt              	    127	00.147492	(00.001161 +- 00.000636)	[00.000002,00.003554]
08_publish              	    127	01.681125	(00.013237 +- 00.002991)	[00.009492,00.022598]
step                    	    130	03.529625	(00.027151 +- 00.005855)	[00.005045,00.047284]

INFO  Timings:
SM Timing
-----------
00_conversion_livox     	    132	01.589413	(00.012041 +- 00.002226)	[00.007809,00.020918]
01_filter               	    131	00.048596	(00.000371 +- 00.000077)	[00.000232,00.002236]
02_preint               	    129	00.004692	(00.000036 +- 00.000008)	[00.000027,00.000063]
02a_intensity_preprocess	    131	00.468668	(00.003578 +- 00.000756)	[00.002700,00.006182]
03_undistortion         	    129	00.121305	(00.000940 +- 00.000190)	[00.000701,00.002160]
04_sampling             	    128	00.086948	(00.000679 +- 00.000148)	[00.000392,00.001090]
04b_intensity_sampling  	    128	00.112454	(00.000879 +- 00.000216)	[00.000621,00.001617]
05_registration         	    128	00.713657	(00.005575 +- 00.001525)	[00.002632,00.010183]
06_map                  	    128	00.133961	(00.001047 +- 00.000167)	[00.000702,00.003131]
07_imu_opt              	    128	00.148813	(00.001163 +- 00.000629)	[00.000002,00.003554]
08_publish              	    128	01.693849	(00.013233 +- 00.002992)	[00.009492,00.022598]
step                    	    131	03.556119	(00.027146 +- 00.005856)	[00.005045,00.047284]

INFO  Timings:
SM Timing
-----------
00_conversion_livox     	    133	01.599917	(00.012029 +- 00.002239)	[00.007809,00.020918]
01_filter               	    132	00.049018	(00.000371 +- 00.000076)	[00.000232,00.002236]
02_preint               	    130	00.004730	(00.000036 +- 00.000008)	[00.000027,00.000063]
02a_intensity_preprocess	    132	00.472000	(00.003576 +- 00.000754)	[00.002700,00.006182]
03_undistortion         	    130	00.122145	(00.000940 +- 00.000190)	[00.000701,00.002160]
04_sampling             	    129	00.087619	(00.000679 +- 00.000148)	[00.000392,00.001090]
04b_intensity_sampling  	    129	00.113366	(00.000879 +- 00.000215)	[00.000621,00.001617]
05_registration         	    129	00.717875	(00.005565 +- 00.001512)	[00.002632,00.010183]
06_map                  	    129	00.134810	(00.001045 +- 00.000167)	[00.000702,00.003131]
07_imu_opt              	    129	00.150175	(00.001164 +- 00.000631)	[00.000002,00.003554]
08_publish              	    129	01.706356	(00.013228 +- 00.002990)	[00.009492,00.022598]
step                    	    132	03.581358	(00.027132 +- 00.005847)	[00.005045,00.047284]

INFO  Timings:
SM Timing
-----------
00_conversion_livox     	    134	01.610230	(00.012017 +- 00.002255)	[00.007809,00.020918]
01_filter               	    133	00.049381	(00.000371 +- 00.000076)	[00.000232,00.002236]
02_preint               	    131	00.004767	(00.000036 +- 00.000008)	[00.000027,00.000063]
02a_intensity_preprocess	    133	00.475304	(00.003574 +- 00.000753)	[00.002700,00.006182]
03_undistortion         	    131	00.123023	(00.000939 +- 00.000189)	[00.000701,00.002160]
04_sampling             	    130	00.088213	(00.000679 +- 00.000147)	[00.000392,00.001090]
04b_intensity_sampling  	    130	00.114325	(00.000879 +- 00.000213)	[00.000621,00.001617]
05_registration         	    130	00.722719	(00.005559 +- 00.001512)	[00.002632,00.010183]
06_map                  	    130	00.135617	(00.001043 +- 00.000168)	[00.000702,00.003131]
07_imu_opt              	    130	00.151460	(00.001165 +- 00.000604)	[00.000002,00.003554]
08_publish              	    130	01.718923	(00.013222 +- 00.002986)	[00.009492,00.022598]
step                    	    133	03.607072	(00.027121 +- 00.005847)	[00.005045,00.047284]

INFO  Timings:
SM Timing
-----------
00_conversion_livox     	    135	01.623476	(00.012026 +- 00.002259)	[00.007809,00.020918]
01_filter               	    134	00.049730	(00.000371 +- 00.000075)	[00.000232,00.002236]
02_preint               	    132	00.004811	(00.000036 +- 00.000008)	[00.000027,00.000063]
02a_intensity_preprocess	    134	00.478619	(00.003572 +- 00.000752)	[00.002700,00.006182]
03_undistortion         	    132	00.123796	(00.000938 +- 00.000190)	[00.000701,00.002160]
04_sampling             	    131	00.088757	(00.000678 +- 00.000147)	[00.000392,00.001090]
04b_intensity_sampling  	    131	00.115168	(00.000879 +- 00.000212)	[00.000621,00.001617]
05_registration         	    131	00.727420	(00.005553 +- 00.001505)	[00.002632,00.010183]
06_map                  	    131	00.136572	(00.001043 +- 00.000167)	[00.000702,00.003131]
07_imu_opt              	    131	00.152774	(00.001166 +- 00.000605)	[00.000002,00.003554]
08_publish              	    131	01.731596	(00.013218 +- 00.002974)	[00.009492,00.022598]
step                    	    134	03.632663	(00.027109 +- 00.005825)	[00.005045,00.047284]

INFO  Timings:
SM Timing
-----------
00_conversion_livox     	    136	01.634095	(00.012015 +- 00.002269)	[00.007809,00.020918]
01_filter               	    135	00.050097	(00.000371 +- 00.000074)	[00.000232,00.002236]
02_preint               	    133	00.004843	(00.000036 +- 00.000008)	[00.000027,00.000063]
02a_intensity_preprocess	    135	00.481969	(00.003570 +- 00.000749)	[00.002700,00.006182]
03_undistortion         	    133	00.124662	(00.000937 +- 00.000190)	[00.000701,00.002160]
04_sampling             	    132	00.089384	(00.000677 +- 00.000147)	[00.000392,00.001090]
04b_intensity_sampling  	    132	00.116185	(00.000880 +- 00.000212)	[00.000621,00.001617]
05_registration         	    132	00.732826	(00.005552 +- 00.001507)	[00.002632,00.010183]
06_map                  	    132	00.137476	(00.001041 +- 00.000165)	[00.000702,00.003131]
07_imu_opt              	    132	00.155527	(00.001178 +- 00.000625)	[00.000002,00.003554]
08_publish              	    132	01.743887	(00.013211 +- 00.002954)	[00.009492,00.022598]
step                    	    135	03.660366	(00.027114 +- 00.005806)	[00.005045,00.047284]

INFO  Timings:
SM Timing
-----------
00_conversion_livox     	    137	01.644245	(00.012002 +- 00.002285)	[00.007809,00.020918]
01_filter               	    136	00.050457	(00.000371 +- 00.000074)	[00.000232,00.002236]
02_preint               	    134	00.004881	(00.000036 +- 00.000008)	[00.000027,00.000063]
02a_intensity_preprocess	    136	00.485279	(00.003568 +- 00.000747)	[00.002700,00.006182]
03_undistortion         	    134	00.125619	(00.000937 +- 00.000189)	[00.000701,00.002160]
04_sampling             	    133	00.089997	(00.000677 +- 00.000145)	[00.000392,00.001090]
04b_intensity_sampling  	    133	00.117111	(00.000881 +- 00.000209)	[00.000621,00.001617]
05_registration         	    133	00.737183	(00.005543 +- 00.001505)	[00.002632,00.010183]
06_map                  	    133	00.138335	(00.001040 +- 00.000165)	[00.000702,00.003131]
07_imu_opt              	    133	00.156775	(00.001179 +- 00.000628)	[00.000002,00.003554]
08_publish              	    133	01.755740	(00.013201 +- 00.002938)	[00.009492,00.022598]
step                    	    136	03.684977	(00.027095 +- 00.005782)	[00.005045,00.047284]

INFO  Timings:
SM Timing
-----------
00_conversion_livox     	    138	01.654374	(00.011988 +- 00.002302)	[00.007809,00.020918]
01_filter               	    137	00.050949	(00.000372 +- 00.000075)	[00.000232,00.002236]
02_preint               	    135	00.004914	(00.000036 +- 00.000008)	[00.000027,00.000063]
02a_intensity_preprocess	    137	00.488418	(00.003565 +- 00.000746)	[00.002700,00.006182]
03_undistortion         	    135	00.126628	(00.000938 +- 00.000188)	[00.000701,00.002160]
04_sampling             	    134	00.090577	(00.000676 +- 00.000144)	[00.000392,00.001090]
04b_intensity_sampling  	    134	00.118019	(00.000881 +- 00.000209)	[00.000621,00.001617]
05_registration         	    134	00.741834	(00.005536 +- 00.001494)	[00.002632,00.010183]
06_map                  	    134	00.139203	(00.001039 +- 00.000165)	[00.000702,00.003131]
07_imu_opt              	    134	00.158080	(00.001180 +- 00.000627)	[00.000002,00.003554]
08_publish              	    134	01.767747	(00.013192 +- 00.002914)	[00.009492,00.022598]
step                    	    137	03.710059	(00.027081 +- 00.005739)	[00.005045,00.047284]

INFO  Timings:
SM Timing
-----------
00_conversion_livox     	    139	01.664490	(00.011975 +- 00.002317)	[00.007809,00.020918]
01_filter               	    138	00.051320	(00.000372 +- 00.000075)	[00.000232,00.002236]
02_preint               	    136	00.004951	(00.000036 +- 00.000008)	[00.000027,00.000063]
02a_intensity_preprocess	    138	00.491525	(00.003562 +- 00.000744)	[00.002700,00.006182]
03_undistortion         	    136	00.127585	(00.000938 +- 00.000187)	[00.000701,00.002160]
04_sampling             	    135	00.091117	(00.000675 +- 00.000143)	[00.000392,00.001090]
04b_intensity_sampling  	    135	00.118915	(00.000881 +- 00.000207)	[00.000621,00.001617]
05_registration         	    135	00.746242	(00.005528 +- 00.001496)	[00.002632,00.010183]
06_map                  	    135	00.140104	(00.001038 +- 00.000164)	[00.000702,00.003131]
07_imu_opt              	    135	00.159396	(00.001181 +- 00.000629)	[00.000002,00.003554]
08_publish              	    135	01.779104	(00.013179 +- 00.002892)	[00.009492,00.022598]
step                    	    138	03.734044	(00.027058 +- 00.005719)	[00.005045,00.047284]

INFO  Timings:
SM Timing
-----------
00_conversion_livox     	    140	01.674258	(00.011959 +- 00.002337)	[00.007809,00.020918]
01_filter               	    139	00.051718	(00.000372 +- 00.000074)	[00.000232,00.002236]
02_preint               	    137	00.004989	(00.000036 +- 00.000008)	[00.000027,00.000063]
02a_intensity_preprocess	    139	00.494567	(00.003558 +- 00.000742)	[00.002700,00.006182]
03_undistortion         	    137	00.128461	(00.000938 +- 00.000187)	[00.000701,00.002160]
04_sampling             	    136	00.091708	(00.000674 +- 00.000142)	[00.000392,00.001090]
04b_intensity_sampling  	    136	00.119932	(00.000882 +- 00.000207)	[00.000621,00.001617]
05_registration         	    136	00.750886	(00.005521 +- 00.001494)	[00.002632,00.010183]
06_map                  	    136	00.140946	(00.001036 +- 00.000163)	[00.000702,00.003131]
07_imu_opt              	    136	00.160668	(00.001181 +- 00.000572)	[00.000002,00.003554]
08_publish              	    136	01.790381	(00.013165 +- 00.002868)	[00.009492,00.022598]
step                    	    139	03.758126	(00.027037 +- 00.005713)	[00.005045,00.047284]

INFO  Timings:
SM Timing
-----------
00_conversion_livox     	    141	01.684111	(00.011944 +- 00.002353)	[00.007809,00.020918]
01_filter               	    140	00.052089	(00.000372 +- 00.000071)	[00.000232,00.002236]
02_preint               	    138	00.005022	(00.000036 +- 00.000008)	[00.000027,00.000063]
02a_intensity_preprocess	    140	00.497618	(00.003554 +- 00.000739)	[00.002700,00.006182]
03_undistortion         	    138	00.129283	(00.000937 +- 00.000186)	[00.000701,00.002160]
04_sampling             	    137	00.092283	(00.000674 +- 00.000142)	[00.000392,00.001090]
04b_intensity_sampling  	    137	00.120759	(00.000881 +- 00.000203)	[00.000621,00.001617]
05_registration         	    137	00.754784	(00.005509 +- 00.001486)	[00.002632,00.010183]
06_map                  	    137	00.141858	(00.001035 +- 00.000162)	[00.000702,00.003131]
07_imu_opt              	    137	00.161975	(00.001182 +- 00.000562)	[00.000002,00.003554]
08_publish              	    137	01.801698	(00.013151 +- 00.002853)	[00.009492,00.022598]
step                    	    140	03.781330	(00.027009 +- 00.005698)	[00.005045,00.047284]

INFO  Timings:
SM Timing
-----------
00_conversion_livox     	    142	01.693840	(00.011928 +- 00.002374)	[00.007809,00.020918]
01_filter               	    141	00.052437	(00.000372 +- 00.000071)	[00.000232,00.002236]
02_preint               	    139	00.005059	(00.000036 +- 00.000008)	[00.000027,00.000063]
02a_intensity_preprocess	    141	00.500672	(00.003551 +- 00.000740)	[00.002700,00.006182]
03_undistortion         	    139	00.130097	(00.000936 +- 00.000186)	[00.000701,00.002160]
04_sampling             	    138	00.092805	(00.000673 +- 00.000142)	[00.000392,00.001090]
04b_intensity_sampling  	    138	00.121587	(00.000881 +- 00.000202)	[00.000621,00.001617]
05_registration         	    138	00.759578	(00.005504 +- 00.001484)	[00.002632,00.010183]
06_map                  	    138	00.142708	(00.001034 +- 00.000159)	[00.000702,00.003131]
07_imu_opt              	    138	00.163233	(00.001183 +- 00.000488)	[00.000002,00.003554]
08_publish              	    138	01.813406	(00.013141 +- 00.002842)	[00.009492,00.022598]
step                    	    141	03.805624	(00.026990 +- 00.005704)	[00.005045,00.047284]

INFO  Timings:
SM Timing
-----------
00_conversion_livox     	    143	01.703996	(00.011916 +- 00.002388)	[00.007809,00.020918]
01_filter               	    142	00.052729	(00.000371 +- 00.000072)	[00.000232,00.002236]
02_preint               	    140	00.005096	(00.000036 +- 00.000008)	[00.000027,00.000063]
02a_intensity_preprocess	    142	00.503779	(00.003548 +- 00.000739)	[00.002700,00.006182]
03_undistortion         	    140	00.130763	(00.000934 +- 00.000187)	[00.000666,00.002160]
04_sampling             	    139	00.093400	(00.000672 +- 00.000140)	[00.000392,00.001090]
04b_intensity_sampling  	    139	00.122626	(00.000882 +- 00.000197)	[00.000621,00.001617]
05_registration         	    139	00.763763	(00.005495 +- 00.001485)	[00.002632,00.010183]
06_map                  	    139	00.143640	(00.001033 +- 00.000157)	[00.000702,00.003131]
07_imu_opt              	    139	00.164704	(00.001185 +- 00.000488)	[00.000002,00.003554]
08_publish              	    139	01.825547	(00.013133 +- 00.002809)	[00.009492,00.022598]
step                    	    142	03.830176	(00.026973 +- 00.005681)	[00.005045,00.047284]

INFO  Timings:
SM Timing
-----------
00_conversion_livox     	    144	01.714539	(00.011907 +- 00.002389)	[00.007809,00.020918]
01_filter               	    143	00.053104	(00.000371 +- 00.000071)	[00.000232,00.002236]
02_preint               	    141	00.005135	(00.000036 +- 00.000008)	[00.000027,00.000063]
02a_intensity_preprocess	    143	00.506986	(00.003545 +- 00.000733)	[00.002700,00.006182]
03_undistortion         	    141	00.131727	(00.000934 +- 00.000185)	[00.000666,00.002160]
04_sampling             	    140	00.094015	(00.000672 +- 00.000138)	[00.000392,00.001090]
04b_intensity_sampling  	    140	00.123448	(00.000882 +- 00.000195)	[00.000621,00.001617]
05_registration         	    140	00.768639	(00.005490 +- 00.001481)	[00.002632,00.010183]
06_map                  	    140	00.144546	(00.001032 +- 00.000156)	[00.000702,00.003131]
07_imu_opt              	    140	00.165987	(00.001186 +- 00.000393)	[00.000002,00.003554]
08_publish              	    140	01.837464	(00.013125 +- 00.002784)	[00.009492,00.022598]
step                    	    143	03.855266	(00.026960 +- 00.005681)	[00.005045,00.047284]

INFO  Timings:
SM Timing
-----------
00_conversion_livox     	    145	01.724924	(00.011896 +- 00.002392)	[00.007809,00.020918]
01_filter               	    144	00.053464	(00.000371 +- 00.000070)	[00.000232,00.002236]
02_preint               	    142	00.005171	(00.000036 +- 00.000008)	[00.000027,00.000063]
02a_intensity_preprocess	    144	00.510099	(00.003542 +- 00.000729)	[00.002700,00.006182]
03_undistortion         	    142	00.132493	(00.000933 +- 00.000186)	[00.000666,00.002160]
04_sampling             	    141	00.094569	(00.000671 +- 00.000138)	[00.000392,00.001090]
04b_intensity_sampling  	    141	00.124570	(00.000883 +- 00.000196)	[00.000621,00.001617]
05_registration         	    141	00.772356	(00.005478 +- 00.001476)	[00.002632,00.010183]
06_map                  	    141	00.145332	(00.001031 +- 00.000158)	[00.000702,00.003131]
07_imu_opt              	    141	00.167273	(00.001186 +- 00.000392)	[00.000002,00.003554]
08_publish              	    141	01.849096	(00.013114 +- 00.002769)	[00.009492,00.022598]
step                    	    144	03.878725	(00.026936 +- 00.005649)	[00.005045,00.047284]

INFO  Timings:
SM Timing
-----------
00_conversion_livox     	    146	01.735342	(00.011886 +- 00.002397)	[00.007809,00.020918]
01_filter               	    145	00.053818	(00.000371 +- 00.000070)	[00.000232,00.002236]
02_preint               	    143	00.005200	(00.000036 +- 00.000008)	[00.000027,00.000063]
02a_intensity_preprocess	    145	00.513195	(00.003539 +- 00.000727)	[00.002700,00.006182]
03_undistortion         	    143	00.133273	(00.000932 +- 00.000187)	[00.000666,00.002160]
04_sampling             	    142	00.096693	(00.000681 +- 00.000255)	[00.000392,00.002124]
04b_intensity_sampling  	    142	00.125418	(00.000883 +- 00.000196)	[00.000621,00.001617]
05_registration         	    142	00.776740	(00.005470 +- 00.001475)	[00.002632,00.010183]
06_map                  	    142	00.146088	(00.001029 +- 00.000158)	[00.000702,00.003131]
07_imu_opt              	    142	00.168533	(00.001187 +- 00.000379)	[00.000002,00.003554]
08_publish              	    142	01.861006	(00.013106 +- 00.002769)	[00.009492,00.022598]
step                    	    145	03.904341	(00.026926 +- 00.005648)	[00.005045,00.047284]

INFO  Timings:
SM Timing
-----------
00_conversion_livox     	    147	01.745787	(00.011876 +- 00.002405)	[00.007809,00.020918]
01_filter               	    146	00.054172	(00.000371 +- 00.000070)	[00.000232,00.002236]
02_preint               	    144	00.005237	(00.000036 +- 00.000008)	[00.000027,00.000063]
02a_intensity_preprocess	    146	00.516286	(00.003536 +- 00.000728)	[00.002700,00.006182]
03_undistortion         	    144	00.133973	(00.000930 +- 00.000187)	[00.000666,00.002160]
04_sampling             	    143	00.097168	(00.000679 +- 00.000255)	[00.000392,00.002124]
04b_intensity_sampling  	    143	00.126274	(00.000883 +- 00.000196)	[00.000621,00.001617]
05_registration         	    143	00.781066	(00.005462 +- 00.001476)	[00.002632,00.010183]
06_map                  	    143	00.146882	(00.001027 +- 00.000158)	[00.000702,00.003131]
07_imu_opt              	    143	00.170032	(00.001189 +- 00.000378)	[00.000002,00.003554]
08_publish              	    143	01.872750	(00.013096 +- 00.002772)	[00.009492,00.022598]
step                    	    146	03.928297	(00.026906 +- 00.005657)	[00.005045,00.047284]

INFO  Timings:
SM Timing
-----------
00_conversion_livox     	    148	01.756341	(00.011867 +- 00.002402)	[00.007809,00.020918]
01_filter               	    147	00.054532	(00.000371 +- 00.000069)	[00.000232,00.002236]
02_preint               	    145	00.005266	(00.000036 +- 00.000008)	[00.000027,00.000063]
02a_intensity_preprocess	    147	00.519387	(00.003533 +- 00.000729)	[00.002700,00.006182]
03_undistortion         	    145	00.134712	(00.000929 +- 00.000189)	[00.000666,00.002160]
04_sampling             	    144	00.097663	(00.000678 +- 00.000256)	[00.000392,00.002124]
04b_intensity_sampling  	    144	00.127118	(00.000883 +- 00.000197)	[00.000621,00.001617]
05_registration         	    144	00.786108	(00.005459 +- 00.001460)	[00.002632,00.010183]
06_map                  	    144	00.147710	(00.001026 +- 00.000158)	[00.000702,00.003131]
07_imu_opt              	    144	00.171405	(00.001190 +- 00.000378)	[00.000002,00.003554]
08_publish              	    144	01.884433	(00.013086 +- 00.002775)	[00.009492,00.022598]
step                    	    147	03.952879	(00.026890 +- 00.005661)	[00.005045,00.047284]

INFO  Timings:
SM Timing
-----------
00_conversion_livox     	    149	01.766675	(00.011857 +- 00.002411)	[00.007809,00.020918]
01_filter               	    148	00.054859	(00.000371 +- 00.000069)	[00.000232,00.002236]
02_preint               	    146	00.005307	(00.000036 +- 00.000008)	[00.000027,00.000063]
02a_intensity_preprocess	    148	00.522443	(00.003530 +- 00.000721)	[00.002700,00.006182]
03_undistortion         	    146	00.135477	(00.000928 +- 00.000189)	[00.000666,00.002160]
04_sampling             	    145	00.098233	(00.000677 +- 00.000255)	[00.000392,00.002124]
04b_intensity_sampling  	    145	00.127883	(00.000882 +- 00.000198)	[00.000621,00.001617]
05_registration         	    145	00.789499	(00.005445 +- 00.001450)	[00.002632,00.010183]
06_map                  	    145	00.148559	(00.001025 +- 00.000158)	[00.000702,00.003131]
07_imu_opt              	    145	00.172708	(00.001191 +- 00.000375)	[00.000002,00.003554]
08_publish              	    145	01.895612	(00.013073 +- 00.002782)	[00.009492,00.022598]
step                    	    148	03.975211	(00.026860 +- 00.005686)	[00.005045,00.047284]

INFO  Timings:
SM Timing
-----------
00_conversion_livox     	    150	01.776929	(00.011846 +- 00.002406)	[00.007809,00.020918]
01_filter               	    149	00.055209	(00.000371 +- 00.000069)	[00.000232,00.002236]
02_preint               	    147	00.005348	(00.000036 +- 00.000008)	[00.000027,00.000063]
02a_intensity_preprocess	    149	00.525552	(00.003527 +- 00.000722)	[00.002700,00.006182]
03_undistortion         	    147	00.136560	(00.000929 +- 00.000190)	[00.000666,00.002160]
04_sampling             	    146	00.098793	(00.000677 +- 00.000255)	[00.000392,00.002124]
04b_intensity_sampling  	    146	00.128749	(00.000882 +- 00.000197)	[00.000621,00.001617]
05_registration         	    146	00.793889	(00.005438 +- 00.001448)	[00.002632,00.010183]
06_map                  	    146	00.149489	(00.001024 +- 00.000158)	[00.000702,00.003131]
07_imu_opt              	    146	00.174146	(00.001193 +- 00.000375)	[00.000002,00.003554]
08_publish              	    146	01.907013	(00.013062 +- 00.002780)	[00.009492,00.022598]
step                    	    149	03.999475	(00.026842 +- 00.005683)	[00.005045,00.047284]

INFO  Timings:
SM Timing
-----------
00_conversion_livox     	    151	01.787335	(00.011837 +- 00.002408)	[00.007809,00.020918]
01_filter               	    150	00.055556	(00.000370 +- 00.000069)	[00.000232,00.002236]
02_preint               	    148	00.005386	(00.000036 +- 00.000008)	[00.000027,00.000063]
02a_intensity_preprocess	    150	00.528653	(00.003524 +- 00.000718)	[00.002700,00.006182]
03_undistortion         	    148	00.137371	(00.000928 +- 00.000190)	[00.000666,00.002160]
04_sampling             	    147	00.099370	(00.000676 +- 00.000254)	[00.000392,00.002124]
04b_intensity_sampling  	    147	00.129580	(00.000881 +- 00.000197)	[00.000621,00.001617]
05_registration         	    147	00.797641	(00.005426 +- 00.001444)	[00.002632,00.010183]
06_map                  	    147	00.150432	(00.001023 +- 00.000158)	[00.000702,00.003131]
07_imu_opt              	    147	00.175521	(00.001194 +- 00.000375)	[00.000002,00.003554]
08_publish              	    147	01.918038	(00.013048 +- 00.002787)	[00.009492,00.022598]
step                    	    150	04.022354	(00.026816 +- 00.005694)	[00.005045,00.047284]

INFO  Timings:
SM Timing
-----------
00_conversion_livox     	    151	01.787335	(00.011837 +- 00.002408)	[00.007809,00.020918]
01_filter               	    151	00.055918	(00.000370 +- 00.000068)	[00.000232,00.002236]
02_preint               	    149	00.005415	(00.000036 +- 00.000008)	[00.000027,00.000063]
02a_intensity_preprocess	    151	00.531730	(00.003521 +- 00.000717)	[00.002700,00.006182]
03_undistortion         	    149	00.138394	(00.000929 +- 00.000190)	[00.000666,00.002160]
04_sampling             	    148	00.100129	(00.000677 +- 00.000254)	[00.000392,00.002124]
04b_intensity_sampling  	    148	00.130560	(00.000882 +- 00.000194)	[00.000621,00.001617]
05_registration         	    148	00.801570	(00.005416 +- 00.001381)	[00.002632,00.010183]
06_map                  	    148	00.151830	(00.001026 +- 00.000171)	[00.000702,00.003131]
07_imu_opt              	    148	00.176799	(00.001195 +- 00.000374)	[00.000002,00.003554]
08_publish              	    148	01.929306	(00.013036 +- 00.002793)	[00.009492,00.022598]
step                    	    151	04.046532	(00.026798 +- 00.005689)	[00.005045,00.047284]

INFO  Timings:
SM Timing
-----------
00_conversion_livox     	    153	01.808481	(00.011820 +- 00.002410)	[00.007809,00.020918]
01_filter               	    152	00.056237	(00.000370 +- 00.000068)	[00.000232,00.002236]
02_preint               	    150	00.005456	(00.000036 +- 00.000008)	[00.000027,00.000063]
02a_intensity_preprocess	    152	00.534847	(00.003519 +- 00.000718)	[00.002700,00.006182]
03_undistortion         	    150	00.139259	(00.000928 +- 00.000190)	[00.000666,00.002160]
04_sampling             	    149	00.100709	(00.000676 +- 00.000254)	[00.000392,00.002124]
04b_intensity_sampling  	    149	00.131429	(00.000882 +- 00.000194)	[00.000621,00.001617]
05_registration         	    149	00.804970	(00.005402 +- 00.001393)	[00.002632,00.010183]
06_map                  	    149	00.152949	(00.001027 +- 00.000172)	[00.000702,00.003131]
07_imu_opt              	    149	00.178264	(00.001196 +- 00.000374)	[00.000002,00.003554]
08_publish              	    149	01.940287	(00.013022 +- 00.002797)	[00.009492,00.022598]
step                    	    152	04.069376	(00.026772 +- 00.005703)	[00.005045,00.047284]

INFO  Timings:
SM Timing
-----------
00_conversion_livox     	    154	01.819432	(00.011814 +- 00.002402)	[00.007809,00.020918]
01_filter               	    153	00.056570	(00.000370 +- 00.000068)	[00.000232,00.002236]
02_preint               	    151	00.005489	(00.000036 +- 00.000008)	[00.000027,00.000063]
02a_intensity_preprocess	    153	00.537940	(00.003516 +- 00.000718)	[00.002700,00.006182]
03_undistortion         	    151	00.140080	(00.000928 +- 00.000191)	[00.000666,00.002160]
04_sampling             	    150	00.101176	(00.000675 +- 00.000254)	[00.000392,00.002124]
04b_intensity_sampling  	    150	00.132234	(00.000882 +- 00.000195)	[00.000621,00.001617]
05_registration         	    150	00.808523	(00.005390 +- 00.001390)	[00.002632,00.010183]
06_map                  	    150	00.153861	(00.001026 +- 00.000172)	[00.000702,00.003131]
07_imu_opt              	    150	00.179634	(00.001198 +- 00.000374)	[00.000002,00.003554]
08_publish              	    150	01.951066	(00.013007 +- 00.002802)	[00.009492,00.022598]
step                    	    153	04.091622	(00.026743 +- 00.005711)	[00.005045,00.047284]

INFO  Timings:
SM Timing
-----------
00_conversion_livox     	    155	01.830232	(00.011808 +- 00.002402)	[00.007809,00.020918]
01_filter               	    154	00.056935	(00.000370 +- 00.000068)	[00.000232,00.002236]
02_preint               	    152	00.005529	(00.000036 +- 00.000008)	[00.000027,00.000063]
02a_intensity_preprocess	    154	00.541197	(00.003514 +- 00.000717)	[00.002700,00.006182]
03_undistortion         	    152	00.140953	(00.000927 +- 00.000190)	[00.000666,00.002160]
04_sampling             	    151	00.101759	(00.000674 +- 00.000254)	[00.000392,00.002124]
04b_intensity_sampling  	    151	00.133025	(00.000881 +- 00.000195)	[00.000621,00.001617]
05_registration         	    151	00.811940	(00.005377 +- 00.001389)	[00.002632,00.010183]
06_map                  	    151	00.154666	(00.001024 +- 00.000173)	[00.000702,00.003131]
07_imu_opt              	    151	00.181029	(00.001199 +- 00.000374)	[00.000002,00.003554]
08_publish              	    151	01.961802	(00.012992 +- 00.002812)	[00.009492,00.022598]
step                    	    154	04.113943	(00.026714 +- 00.005734)	[00.005045,00.047284]

INFO  Timings:
SM Timing
-----------
00_conversion_livox     	    156	01.840924	(00.011801 +- 00.002404)	[00.007809,00.020918]
01_filter               	    155	00.057274	(00.000370 +- 00.000068)	[00.000232,00.002236]
02_preint               	    153	00.005565	(00.000036 +- 00.000008)	[00.000027,00.000063]
02a_intensity_preprocess	    155	00.544068	(00.003510 +- 00.000720)	[00.002700,00.006182]
03_undistortion         	    153	00.141869	(00.000927 +- 00.000190)	[00.000666,00.002160]
04_sampling             	    152	00.102357	(00.000673 +- 00.000254)	[00.000392,00.002124]
04b_intensity_sampling  	    152	00.133925	(00.000881 +- 00.000195)	[00.000621,00.001617]
05_registration         	    152	00.816193	(00.005370 +- 00.001389)	[00.002632,00.010183]
06_map                  	    152	00.155471	(00.001023 +- 00.000174)	[00.000702,00.003131]
07_imu_opt              	    152	00.182771	(00.001202 +- 00.000376)	[00.000002,00.003554]
08_publish              	    152	01.972181	(00.012975 +- 00.002827)	[00.009492,00.022598]
step                    	    155	04.136873	(00.026690 +- 00.005748)	[00.005045,00.047284]

INFO  Timings:
SM Timing
-----------
00_conversion_livox     	    156	01.840924	(00.011801 +- 00.002404)	[00.007809,00.020918]
01_filter               	    156	00.057565	(00.000369 +- 00.000069)	[00.000232,00.002236]
02_preint               	    154	00.005609	(00.000036 +- 00.000008)	[00.000027,00.000063]
02a_intensity_preprocess	    156	00.547518	(00.003510 +- 00.000720)	[00.002700,00.006182]
03_undistortion         	    154	00.143036	(00.000929 +- 00.000192)	[00.000666,00.002160]
04_sampling             	    153	00.102916	(00.000673 +- 00.000254)	[00.000392,00.002124]
04b_intensity_sampling  	    153	00.134800	(00.000881 +- 00.000195)	[00.000621,00.001617]
05_registration         	    153	00.819050	(00.005353 +- 00.001405)	[00.002632,00.010183]
06_map                  	    153	00.156347	(00.001022 +- 00.000173)	[00.000702,00.003131]
07_imu_opt              	    153	00.184131	(00.001203 +- 00.000376)	[00.000002,00.003554]
08_publish              	    153	01.982260	(00.012956 +- 00.002820)	[00.009492,00.022598]
step                    	    156	04.158510	(00.026657 +- 00.005749)	[00.005045,00.047284]

INFO  Timings:
SM Timing
-----------
00_conversion_livox     	    158	01.861696	(00.011783 +- 00.002395)	[00.007809,00.020918]
01_filter               	    157	00.057863	(00.000369 +- 00.000070)	[00.000232,00.002236]
02_preint               	    155	00.005647	(00.000036 +- 00.000008)	[00.000027,00.000063]
02a_intensity_preprocess	    157	00.550505	(00.003506 +- 00.000713)	[00.002700,00.006182]
03_undistortion         	    155	00.143920	(00.000929 +- 00.000191)	[00.000666,00.002160]
04_sampling             	    154	00.103407	(00.000671 +- 00.000254)	[00.000392,00.002124]
04b_intensity_sampling  	    154	00.135584	(00.000880 +- 00.000189)	[00.000621,00.001617]
05_registration         	    154	00.822804	(00.005343 +- 00.001390)	[00.002632,00.010183]
06_map                  	    154	00.157171	(00.001021 +- 00.000165)	[00.000702,00.003131]
07_imu_opt              	    154	00.186472	(00.001211 +- 00.000375)	[00.000002,00.003554]
08_publish              	    154	01.992414	(00.012938 +- 00.002747)	[00.009492,00.022598]
step                    	    157	04.181138	(00.026631 +- 00.005607)	[00.005045,00.047284]

INFO  Timings:
SM Timing
-----------
00_conversion_livox     	    159	01.872484	(00.011777 +- 00.002240)	[00.007809,00.020918]
01_filter               	    158	00.058200	(00.000368 +- 00.000069)	[00.000232,00.002236]
02_preint               	    156	00.005681	(00.000036 +- 00.000007)	[00.000027,00.000063]
02a_intensity_preprocess	    158	00.553406	(00.003503 +- 00.000586)	[00.002700,00.006182]
03_undistortion         	    156	00.144793	(00.000928 +- 00.000132)	[00.000666,00.002160]
04_sampling             	    155	00.103853	(00.000670 +- 00.000248)	[00.000392,00.002124]
04b_intensity_sampling  	    155	00.136372	(00.000880 +- 00.000162)	[00.000621,00.001617]
05_registration         	    155	00.826714	(00.005334 +- 00.001189)	[00.002632,00.010183]
06_map                  	    155	00.158055	(00.001020 +- 00.000147)	[00.000702,00.003131]
07_imu_opt              	    155	00.187893	(00.001212 +- 00.000359)	[00.000002,00.003554]
08_publish              	    155	02.002528	(00.012920 +- 00.002328)	[00.009492,00.022598]
step                    	    158	04.202924	(00.026601 +- 00.004678)	[00.005045,00.047284]

INFO  Timings:
SM Timing
-----------
00_conversion_livox     	    160	01.883141	(00.011770 +- 00.001773)	[00.007809,00.020918]
01_filter               	    159	00.058454	(00.000368 +- 00.000068)	[00.000232,00.002236]
02_preint               	    157	00.005711	(00.000036 +- 00.000007)	[00.000027,00.000063]
02a_intensity_preprocess	    159	00.556242	(00.003498 +- 00.000461)	[00.002700,00.006182]
03_undistortion         	    157	00.145608	(00.000927 +- 00.000130)	[00.000666,00.002160]
04_sampling             	    156	00.104270	(00.000668 +- 00.000244)	[00.000392,00.002124]
04b_intensity_sampling  	    156	00.137108	(00.000879 +- 00.000148)	[00.000621,00.001617]
05_registration         	    156	00.829281	(00.005316 +- 00.000893)	[00.002567,00.010183]
06_map                  	    156	00.158849	(00.001018 +- 00.000132)	[00.000702,00.003131]
07_imu_opt              	    156	00.189211	(00.001213 +- 00.000297)	[00.000002,00.003554]
08_publish              	    156	02.012613	(00.012901 +- 00.001845)	[00.009492,00.022598]
step                    	    159	04.222849	(00.026559 +- 00.003590)	[00.005045,00.047284]

INFO  Timings:
SM Timing
-----------
00_conversion_livox     	    161	01.893749	(00.011762 +- 00.001408)	[00.007809,00.020918]
01_filter               	    160	00.058699	(00.000367 +- 00.000046)	[00.000232,00.002236]
02_preint               	    158	00.005748	(00.000036 +- 00.000005)	[00.000027,00.000063]
02a_intensity_preprocess	    160	00.559014	(00.003494 +- 00.000366)	[00.002700,00.006182]
03_undistortion         	    158	00.146386	(00.000926 +- 00.000130)	[00.000666,00.002160]
04_sampling             	    157	00.104733	(00.000667 +- 00.000242)	[00.000392,00.002124]
04b_intensity_sampling  	    157	00.137931	(00.000879 +- 00.000129)	[00.000621,00.001617]
05_registration         	    157	00.832032	(00.005300 +- 00.000768)	[00.002567,00.010183]
06_map                  	    157	00.159705	(00.001017 +- 00.000121)	[00.000702,00.003131]
07_imu_opt              	    157	00.190689	(00.001215 +- 00.000292)	[00.000002,00.003554]
08_publish              	    157	02.022430	(00.012882 +- 00.001486)	[00.009492,00.022598]
step                    	    160	04.242948	(00.026518 +- 00.002892)	[00.005045,00.047284]

INFO  Timings:
SM Timing
-----------
00_conversion_livox     	    162	01.903998	(00.011753 +- 00.001145)	[00.007809,00.020918]
01_filter               	    161	00.058939	(00.000366 +- 00.000044)	[00.000232,00.002236]
02_preint               	    159	00.005785	(00.000036 +- 00.000005)	[00.000027,00.000063]
02a_intensity_preprocess	    161	00.561757	(00.003489 +- 00.000282)	[00.002700,00.006182]
03_undistortion         	    159	00.147304	(00.000926 +- 00.000125)	[00.000666,00.002160]
04_sampling             	    158	00.105279	(00.000666 +- 00.000240)	[00.000392,00.002124]
04b_intensity_sampling  	    158	00.138918	(00.000879 +- 00.000110)	[00.000621,00.001617]
05_registration         	    158	00.835659	(00.005289 +- 00.000730)	[00.002567,00.010183]
06_map                  	    158	00.160426	(00.001015 +- 00.000112)	[00.000702,00.003131]
07_imu_opt              	    158	00.192025	(00.001215 +- 00.000264)	[00.000002,00.003554]
08_publish              	    158	02.032137	(00.012862 +- 00.001045)	[00.009492,00.022598]
step                    	    161	04.263892	(00.026484 +- 00.002206)	[00.005045,00.047284]

INFO  Timings:
SM Timing
-----------
00_conversion_livox     	    163	01.914257	(00.011744 +- 00.000957)	[00.007809,00.020918]
01_filter               	    162	00.059186	(00.000365 +- 00.000044)	[00.000232,00.002236]
02_preint               	    160	00.005819	(00.000036 +- 00.000004)	[00.000027,00.000063]
02a_intensity_preprocess	    162	00.564495	(00.003485 +- 00.000214)	[00.002700,00.006182]
03_undistortion         	    160	00.148027	(00.000925 +- 00.000125)	[00.000666,00.002160]
04_sampling             	    159	00.105703	(00.000665 +- 00.000239)	[00.000392,00.002124]
04b_intensity_sampling  	    159	00.139608	(00.000878 +- 00.000102)	[00.000621,00.001617]
05_registration         	    159	00.838442	(00.005273 +- 00.000707)	[00.002567,00.010183]
06_map                  	    159	00.161123	(00.001013 +- 00.000111)	[00.000697,00.003131]
07_imu_opt              	    159	00.193547	(00.001217 +- 00.000263)	[00.000002,00.003554]
08_publish              	    159	02.042307	(00.012845 +- 00.000911)	[00.009492,00.022598]
step                    	    162	04.283995	(00.026444 +- 00.001939)	[00.005045,00.047284]

INFO  Timings:
SM Timing
-----------
00_conversion_livox     	    164	01.926171	(00.011745 +- 00.000904)	[00.007809,00.020918]
01_filter               	    163	00.059413	(00.000364 +- 00.000046)	[00.000227,00.002236]
02_preint               	    161	00.005855	(00.000036 +- 00.000004)	[00.000027,00.000063]
02a_intensity_preprocess	    163	00.567222	(00.003480 +- 00.000191)	[00.002700,00.006182]
03_undistortion         	    161	00.148898	(00.000925 +- 00.000124)	[00.000666,00.002160]
04_sampling             	    160	00.106092	(00.000663 +- 00.000241)	[00.000389,00.002124]
04b_intensity_sampling  	    160	00.140386	(00.000877 +- 00.000099)	[00.000621,00.001617]
05_registration         	    160	00.840983	(00.005256 +- 00.000733)	[00.002541,00.010183]
06_map                  	    160	00.162011	(00.001013 +- 00.000111)	[00.000697,00.003131]
07_imu_opt              	    160	00.195046	(00.001219 +- 00.000263)	[00.000002,00.003554]
08_publish              	    160	02.052245	(00.012827 +- 00.000857)	[00.009492,00.022598]
step                    	    163	04.303963	(00.026405 +- 00.001898)	[00.005045,00.047284]

INFO  Timings:
SM Timing
-----------
00_conversion_livox     	    165	01.936806	(00.011738 +- 00.000890)	[00.007809,00.020918]
01_filter               	    164	00.059650	(00.000364 +- 00.000048)	[00.000227,00.002236]
02_preint               	    162	00.005891	(00.000036 +- 00.000004)	[00.000027,00.000063]
02a_intensity_preprocess	    164	00.569967	(00.003475 +- 00.000192)	[00.002700,00.006182]
03_undistortion         	    162	00.149666	(00.000924 +- 00.000117)	[00.000666,00.002160]
04_sampling             	    161	00.106642	(00.000662 +- 00.000241)	[00.000389,00.002124]
04b_intensity_sampling  	    161	00.141181	(00.000877 +- 00.000100)	[00.000621,00.001617]
05_registration         	    161	00.844044	(00.005243 +- 00.000741)	[00.002541,00.010183]
06_map                  	    161	00.162948	(00.001012 +- 00.000111)	[00.000697,00.003131]
07_imu_opt              	    161	00.196477	(00.001220 +- 00.000263)	[00.000002,00.003554]
08_publish              	    161	02.062080	(00.012808 +- 00.000870)	[00.009492,00.022598]
step                    	    164	04.324452	(00.026369 +- 00.001922)	[00.005045,00.047284]

INFO  Timings:
SM Timing
-----------
00_conversion_livox     	    166	01.946914	(00.011728 +- 00.000888)	[00.007809,00.020918]
01_filter               	    165	00.059892	(00.000363 +- 00.000050)	[00.000227,00.002236]
02_preint               	    163	00.005928	(00.000036 +- 00.000004)	[00.000027,00.000063]
02a_intensity_preprocess	    165	00.572686	(00.003471 +- 00.000197)	[00.002700,00.006182]
03_undistortion         	    163	00.150378	(00.000923 +- 00.000119)	[00.000666,00.002160]
04_sampling             	    162	00.107203	(00.000662 +- 00.000241)	[00.000389,00.002124]
04b_intensity_sampling  	    162	00.141939	(00.000876 +- 00.000101)	[00.000621,00.001617]
05_registration         	    162	00.847527	(00.005232 +- 00.000743)	[00.002541,00.010183]
06_map                  	    162	00.163682	(00.001010 +- 00.000113)	[00.000697,00.003131]
07_imu_opt              	    162	00.197848	(00.001221 +- 00.000262)	[00.000002,00.003554]
08_publish              	    162	02.071815	(00.012789 +- 00.000891)	[00.009492,00.022598]
step                    	    165	04.344874	(00.026333 +- 00.001960)	[00.005045,00.047284]

INFO  Timings:
SM Timing
-----------
00_conversion_livox     	    167	01.957130	(00.011719 +- 00.000887)	[00.007809,00.020918]
01_filter               	    166	00.060121	(00.000362 +- 00.000052)	[00.000227,00.002236]
02_preint               	    164	00.005957	(00.000036 +- 00.000004)	[00.000027,00.000063]
02a_intensity_preprocess	    166	00.575324	(00.003466 +- 00.000204)	[00.002638,00.006182]
03_undistortion         	    164	00.151141	(00.000922 +- 00.000120)	[00.000666,00.002160]
04_sampling             	    163	00.107626	(00.000660 +- 00.000241)	[00.000389,00.002124]
04b_intensity_sampling  	    163	00.142679	(00.000875 +- 00.000102)	[00.000621,00.001617]
05_registration         	    163	00.850791	(00.005220 +- 00.000744)	[00.002541,00.010183]
06_map                  	    163	00.164371	(00.001008 +- 00.000116)	[00.000689,00.003131]
07_imu_opt              	    163	00.199009	(00.001221 +- 00.000263)	[00.000002,00.003554]
08_publish              	    163	02.081351	(00.012769 +- 00.000916)	[00.009492,00.022598]
step                    	    166	04.364426	(00.026292 +- 00.002017)	[00.005045,00.047284]

INFO  Timings:
SM Timing
-----------
00_conversion_livox     	    168	01.967322	(00.011710 +- 00.000889)	[00.007809,00.020918]
01_filter               	    167	00.060355	(00.000361 +- 00.000054)	[00.000227,00.002236]
02_preint               	    165	00.005992	(00.000036 +- 00.000004)	[00.000027,00.000063]
02a_intensity_preprocess	    167	00.577996	(00.003461 +- 00.000210)	[00.002638,00.006182]
03_undistortion         	    165	00.151919	(00.000921 +- 00.000121)	[00.000666,00.002160]
04_sampling             	    164	00.108154	(00.000659 +- 00.000241)	[00.000389,00.002124]
04b_intensity_sampling  	    164	00.143608	(00.000876 +- 00.000100)	[00.000621,00.001617]
05_registration         	    164	00.853770	(00.005206 +- 00.000757)	[00.002541,00.010183]
06_map                  	    164	00.165114	(00.001007 +- 00.000117)	[00.000689,00.003131]
07_imu_opt              	    164	00.200355	(00.001222 +- 00.000263)	[00.000002,00.003554]
08_publish              	    164	02.091065	(00.012750 +- 00.000936)	[00.009492,00.022598]
step                    	    167	04.384438	(00.026254 +- 00.002062)	[00.005045,00.047284]

INFO  Timings:
SM Timing
-----------
00_conversion_livox     	    169	01.977727	(00.011703 +- 00.000887)	[00.007809,00.020918]
01_filter               	    168	00.060647	(00.000361 +- 00.000054)	[00.000227,00.002236]
02_preint               	    166	00.006029	(00.000036 +- 00.000004)	[00.000027,00.000063]
02a_intensity_preprocess	    168	00.580641	(00.003456 +- 00.000216)	[00.002638,00.006182]
03_undistortion         	    166	00.152702	(00.000920 +- 00.000121)	[00.000666,00.002160]
04_sampling             	    165	00.108600	(00.000658 +- 00.000240)	[00.000389,00.002124]
04b_intensity_sampling  	    165	00.144378	(00.000875 +- 00.000097)	[00.000621,00.001617]
05_registration         	    165	00.856258	(00.005189 +- 00.000784)	[00.002487,00.010183]
06_map                  	    165	00.165761	(00.001005 +- 00.000121)	[00.000647,00.003131]
07_imu_opt              	    165	00.201639	(00.001222 +- 00.000262)	[00.000002,00.003554]
08_publish              	    165	02.100557	(00.012731 +- 00.000955)	[00.009492,00.022598]
step                    	    168	04.403398	(00.026211 +- 00.002127)	[00.005045,00.047284]

INFO  Timings:
SM Timing
-----------
00_conversion_livox     	    170	01.988123	(00.011695 +- 00.000888)	[00.007809,00.020918]
01_filter               	    169	00.060879	(00.000360 +- 00.000056)	[00.000227,00.002236]
02_preint               	    167	00.006065	(00.000036 +- 00.000004)	[00.000027,00.000063]
02a_intensity_preprocess	    169	00.583138	(00.003451 +- 00.000227)	[00.002497,00.006182]
03_undistortion         	    167	00.153657	(00.000920 +- 00.000122)	[00.000666,00.002160]
04_sampling             	    166	00.109063	(00.000657 +- 00.000240)	[00.000389,00.002124]
04b_intensity_sampling  	    166	00.145067	(00.000874 +- 00.000098)	[00.000621,00.001617]
05_registration         	    166	00.859212	(00.005176 +- 00.000791)	[00.002487,00.010183]
06_map                  	    166	00.166608	(00.001004 +- 00.000121)	[00.000647,00.003131]
07_imu_opt              	    166	00.202797	(00.001222 +- 00.000264)	[00.000002,00.003554]
08_publish              	    166	02.109646	(00.012709 +- 00.000988)	[00.009089,00.022598]
step                    	    169	04.422430	(00.026168 +- 00.002180)	[00.005045,00.047284]

INFO  Timings:
SM Timing
-----------
00_conversion_livox     	    171	01.998243	(00.011686 +- 00.000890)	[00.007809,00.020918]
01_filter               	    170	00.061135	(00.000360 +- 00.000057)	[00.000227,00.002236]
02_preint               	    168	00.006094	(00.000036 +- 00.000004)	[00.000027,00.000063]
02a_intensity_preprocess	    170	00.585706	(00.003445 +- 00.000234)	[00.002497,00.006182]
03_undistortion         	    168	00.154438	(00.000919 +- 00.000122)	[00.000666,00.002160]
04_sampling             	    167	00.109600	(00.000656 +- 00.000239)	[00.000389,00.002124]
04b_intensity_sampling  	    167	00.145783	(00.000873 +- 00.000098)	[00.000621,00.001617]
05_registration         	    167	00.861496	(00.005159 +- 00.000820)	[00.002284,00.010183]
06_map                  	    167	00.167345	(00.001002 +- 00.000121)	[00.000647,00.003131]
07_imu_opt              	    167	00.204017	(00.001222 +- 00.000264)	[00.000002,00.003554]
08_publish              	    167	02.118813	(00.012688 +- 00.001014)	[00.009089,00.022598]
step                    	    170	04.440791	(00.026122 +- 00.002268)	[00.005045,00.047284]

INFO  Timings:
SM Timing
-----------
00_conversion_livox     	    172	02.008600	(00.011678 +- 00.000890)	[00.007809,00.020918]
01_filter               	    171	00.061381	(00.000359 +- 00.000058)	[00.000227,00.002236]
02_preint               	    169	00.006121	(00.000036 +- 00.000004)	[00.000026,00.000063]
02a_intensity_preprocess	    171	00.588262	(00.003440 +- 00.000239)	[00.002497,00.006182]
03_undistortion         	    169	00.155202	(00.000918 +- 00.000122)	[00.000666,00.002160]
04_sampling             	    168	00.110078	(00.000655 +- 00.000238)	[00.000389,00.002124]
04b_intensity_sampling  	    168	00.146604	(00.000873 +- 00.000097)	[00.000621,00.001617]
05_registration         	    168	00.863882	(00.005142 +- 00.000846)	[00.002284,00.010183]
06_map                  	    168	00.168099	(00.001001 +- 00.000121)	[00.000647,00.003131]
07_imu_opt              	    168	00.205154	(00.001221 +- 00.000265)	[00.000002,00.003554]
08_publish              	    168	02.128044	(00.012667 +- 00.001041)	[00.009089,00.022598]
step                    	    171	04.459264	(00.026078 +- 00.002343)	[00.005045,00.047284]

INFO  Timings:
SM Timing
-----------
00_conversion_livox     	    173	02.018936	(00.011670 +- 00.000890)	[00.007809,00.020918]
01_filter               	    172	00.061629	(00.000358 +- 00.000059)	[00.000227,00.002236]
02_preint               	    170	00.006156	(00.000036 +- 00.000004)	[00.000026,00.000063]
02a_intensity_preprocess	    172	00.590911	(00.003436 +- 00.000243)	[00.002497,00.006182]
03_undistortion         	    170	00.156140	(00.000918 +- 00.000121)	[00.000666,00.002160]
04_sampling             	    169	00.110478	(00.000654 +- 00.000238)	[00.000389,00.002124]
04b_intensity_sampling  	    169	00.147316	(00.000872 +- 00.000097)	[00.000621,00.001617]
05_registration         	    169	00.866379	(00.005127 +- 00.000863)	[00.002284,00.010183]
06_map                  	    169	00.168816	(00.000999 +- 00.000122)	[00.000647,00.003131]
07_imu_opt              	    169	00.206361	(00.001221 +- 00.000266)	[00.000002,00.003554]
08_publish              	    169	02.137329	(00.012647 +- 00.001067)	[00.009089,00.022598]
step                    	    172	04.478007	(00.026035 +- 00.002403)	[00.005045,00.047284]

INFO  Timings:
SM Timing
-----------
00_conversion_livox     	    174	02.029787	(00.011665 +- 00.000550)	[00.007809,00.020918]
01_filter               	    173	00.061890	(00.000358 +- 00.000059)	[00.000227,00.002236]
02_preint               	    171	00.006193	(00.000036 +- 00.000004)	[00.000026,00.000063]
02a_intensity_preprocess	    173	00.593736	(00.003432 +- 00.000243)	[00.002497,00.006182]
03_undistortion         	    171	00.156905	(00.000918 +- 00.000122)	[00.000666,00.002160]
04_sampling             	    170	00.111015	(00.000653 +- 00.000238)	[00.000389,00.002124]
04b_intensity_sampling  	    170	00.148119	(00.000871 +- 00.000097)	[00.000621,00.001617]
05_registration         	    170	00.868898	(00.005111 +- 00.000866)	[00.002284,00.010183]
06_map                  	    170	00.169593	(00.000998 +- 00.000122)	[00.000647,00.003131]
07_imu_opt              	    170	00.207620	(00.001221 +- 00.000264)	[00.000002,00.003554]
08_publish              	    170	02.147212	(00.012631 +- 00.001069)	[00.009089,00.022598]
step                    	    173	04.497742	(00.025999 +- 00.002410)	[00.005045,00.047284]

INFO  Timings:
SM Timing
-----------
00_conversion_livox     	    175	02.041222	(00.011664 +- 00.000563)	[00.007809,00.020918]
01_filter               	    174	00.062156	(00.000357 +- 00.000059)	[00.000227,00.002236]
02_preint               	    172	00.006233	(00.000036 +- 00.000004)	[00.000026,00.000063]
02a_intensity_preprocess	    174	00.596555	(00.003428 +- 00.000241)	[00.002497,00.006182]
03_undistortion         	    172	00.157637	(00.000916 +- 00.000123)	[00.000666,00.002160]
04_sampling             	    171	00.111565	(00.000652 +- 00.000237)	[00.000389,00.002124]
04b_intensity_sampling  	    171	00.148898	(00.000871 +- 00.000096)	[00.000621,00.001617]
05_registration         	    171	00.871598	(00.005097 +- 00.000878)	[00.002284,00.010183]
06_map                  	    171	00.170540	(00.000997 +- 00.000121)	[00.000647,00.003131]
07_imu_opt              	    171	00.209022	(00.001222 +- 00.000262)	[00.000002,00.003554]
08_publish              	    171	02.157302	(00.012616 +- 00.001068)	[00.009089,00.022598]
step                    	    174	04.518155	(00.025966 +- 00.002410)	[00.005045,00.047284]

INFO  Timings:
SM Timing
-----------
00_conversion_livox     	    176	02.052715	(00.011663 +- 00.000580)	[00.007809,00.020918]
01_filter               	    175	00.062427	(00.000357 +- 00.000059)	[00.000227,00.002236]
02_preint               	    173	00.006275	(00.000036 +- 00.000004)	[00.000026,00.000063]
02a_intensity_preprocess	    175	00.599459	(00.003425 +- 00.000239)	[00.002497,00.006182]
03_undistortion         	    173	00.158439	(00.000916 +- 00.000121)	[00.000666,00.002160]
04_sampling             	    172	00.112038	(00.000651 +- 00.000237)	[00.000389,00.002124]
04b_intensity_sampling  	    172	00.149636	(00.000870 +- 00.000098)	[00.000621,00.001617]
05_registration         	    172	00.875070	(00.005088 +- 00.000866)	[00.002284,00.010183]
06_map                  	    172	00.171272	(00.000996 +- 00.000122)	[00.000647,00.003131]
07_imu_opt              	    172	00.210449	(00.001224 +- 00.000261)	[00.000002,00.003554]
08_publish              	    172	02.167405	(00.012601 +- 00.001074)	[00.009089,00.022598]
step                    	    175	04.539197	(00.025938 +- 00.002421)	[00.005045,00.047284]

INFO  Timings:
SM Timing
-----------
00_conversion_livox     	    177	02.064356	(00.011663 +- 00.000600)	[00.007809,00.020918]
01_filter               	    176	00.062725	(00.000356 +- 00.000059)	[00.000227,00.002236]
02_preint               	    174	00.006321	(00.000036 +- 00.000004)	[00.000026,00.000063]
02a_intensity_preprocess	    176	00.602454	(00.003423 +- 00.000239)	[00.002497,00.006182]
03_undistortion         	    174	00.159261	(00.000915 +- 00.000121)	[00.000666,00.002160]
04_sampling             	    173	00.112539	(00.000651 +- 00.000236)	[00.000389,00.002124]
04b_intensity_sampling  	    173	00.150430	(00.000870 +- 00.000098)	[00.000621,00.001617]
05_registration         	    173	00.877872	(00.005074 +- 00.000851)	[00.002284,00.010183]
06_map                  	    173	00.172165	(00.000995 +- 00.000121)	[00.000647,00.003131]
07_imu_opt              	    173	00.211961	(00.001225 +- 00.000262)	[00.000002,00.003554]
08_publish              	    173	02.178072	(00.012590 +- 00.001073)	[00.009089,00.022598]
step                    	    176	04.560611	(00.025913 +- 00.002416)	[00.005045,00.047284]

INFO  Timings:
SM Timing
-----------
00_conversion_livox     	    178	02.075904	(00.011662 +- 00.000616)	[00.007809,00.020918]
01_filter               	    177	00.063039	(00.000356 +- 00.000059)	[00.000227,00.002236]
02_preint               	    175	00.006365	(00.000036 +- 00.000004)	[00.000026,00.000063]
02a_intensity_preprocess	    177	00.605366	(00.003420 +- 00.000239)	[00.002497,00.006182]
03_undistortion         	    175	00.160049	(00.000915 +- 00.000116)	[00.000666,00.002160]
04_sampling             	    174	00.112972	(00.000649 +- 00.000237)	[00.000389,00.002124]
04b_intensity_sampling  	    174	00.151278	(00.000869 +- 00.000098)	[00.000621,00.001617]
05_registration         	    174	00.880198	(00.005059 +- 00.000872)	[00.002284,00.010183]
06_map                  	    174	00.172955	(00.000994 +- 00.000121)	[00.000647,00.003131]
07_imu_opt              	    174	00.213397	(00.001226 +- 00.000261)	[00.000002,00.003554]
08_publish              	    174	02.188579	(00.012578 +- 00.001067)	[00.009089,00.022598]
step                    	    177	04.581072	(00.025882 +- 00.002423)	[00.005045,00.047284]

INFO  Timings:
SM Timing
-----------
00_conversion_livox     	    179	02.087530	(00.011662 +- 00.000630)	[00.007809,00.020918]
01_filter               	    178	00.063340	(00.000356 +- 00.000059)	[00.000227,00.002236]
02_preint               	    176	00.006401	(00.000036 +- 00.000004)	[00.000026,00.000063]
02a_intensity_preprocess	    178	00.608182	(00.003417 +- 00.000240)	[00.002497,00.006182]
03_undistortion         	    176	00.160857	(00.000914 +- 00.000116)	[00.000666,00.002160]
04_sampling             	    175	00.113410	(00.000648 +- 00.000238)	[00.000389,00.002124]
04b_intensity_sampling  	    175	00.152027	(00.000869 +- 00.000099)	[00.000621,00.001617]
05_registration         	    175	00.882875	(00.005045 +- 00.000881)	[00.002284,00.010183]
06_map                  	    175	00.173766	(00.000993 +- 00.000121)	[00.000647,00.003131]
07_imu_opt              	    175	00.214742	(00.001227 +- 00.000261)	[00.000002,00.003554]
08_publish              	    175	02.199168	(00.012567 +- 00.001060)	[00.009089,00.022598]
step                    	    178	04.601725	(00.025852 +- 00.002427)	[00.005045,00.047284]

INFO  Timings:
SM Timing
-----------
00_conversion_livox     	    180	02.098979	(00.011661 +- 00.000638)	[00.007809,00.020918]
01_filter               	    179	00.063607	(00.000355 +- 00.000059)	[00.000227,00.002236]
02_preint               	    177	00.006440	(00.000036 +- 00.000004)	[00.000026,00.000063]
02a_intensity_preprocess	    179	00.611076	(00.003414 +- 00.000239)	[00.002497,00.006182]
03_undistortion         	    177	00.161661	(00.000913 +- 00.000102)	[00.000666,00.002160]
04_sampling             	    176	00.113993	(00.000648 +- 00.000236)	[00.000389,00.002124]
04b_intensity_sampling  	    176	00.153072	(00.000870 +- 00.000102)	[00.000621,00.001617]
05_registration         	    176	00.885855	(00.005033 +- 00.000861)	[00.002284,00.010183]
06_map                  	    176	00.174629	(00.000992 +- 00.000120)	[00.000647,00.003131]
07_imu_opt              	    176	00.216103	(00.001228 +- 00.000261)	[00.000002,00.003554]
08_publish              	    176	02.209608	(00.012555 +- 00.001042)	[00.009089,00.022598]
step                    	    179	04.623100	(00.025827 +- 00.002372)	[00.005045,00.047284]

INFO  Timings:
SM Timing
-----------
00_conversion_livox     	    181	02.110092	(00.011658 +- 00.000642)	[00.007809,00.020918]
01_filter               	    180	00.063861	(00.000355 +- 00.000059)	[00.000227,00.002236]
02_preint               	    178	00.006478	(00.000036 +- 00.000004)	[00.000026,00.000063]
02a_intensity_preprocess	    180	00.613862	(00.003410 +- 00.000234)	[00.002497,00.006182]
03_undistortion         	    178	00.162515	(00.000913 +- 00.000102)	[00.000666,00.002160]
04_sampling             	    177	00.114424	(00.000646 +- 00.000237)	[00.000389,00.002124]
04b_intensity_sampling  	    177	00.153919	(00.000870 +- 00.000098)	[00.000621,00.001617]
05_registration         	    177	00.888590	(00.005020 +- 00.000862)	[00.002284,00.010183]
06_map                  	    177	00.175357	(00.000991 +- 00.000118)	[00.000647,00.003131]
07_imu_opt              	    177	00.217365	(00.001228 +- 00.000261)	[00.000002,00.003554]
08_publish              	    177	02.219900	(00.012542 +- 00.001017)	[00.009089,00.022598]
step                    	    180	04.643408	(00.025797 +- 00.002343)	[00.005045,00.047284]

INFO  Timings:
SM Timing
-----------
00_conversion_livox     	    182	02.120607	(00.011652 +- 00.000640)	[00.007809,00.020918]
01_filter               	    181	00.064130	(00.000354 +- 00.000059)	[00.000227,00.002236]
02_preint               	    179	00.006517	(00.000036 +- 00.000004)	[00.000026,00.000063]
02a_intensity_preprocess	    181	00.616640	(00.003407 +- 00.000232)	[00.002497,00.006182]
03_undistortion         	    179	00.163399	(00.000913 +- 00.000098)	[00.000666,00.002160]
04_sampling             	    178	00.114897	(00.000645 +- 00.000236)	[00.000389,00.002124]
04b_intensity_sampling  	    178	00.154733	(00.000869 +- 00.000097)	[00.000621,00.001617]
05_registration         	    178	00.891002	(00.005006 +- 00.000854)	[00.002284,00.010183]
06_map                  	    178	00.176066	(00.000989 +- 00.000118)	[00.000647,00.003131]
07_imu_opt              	    178	00.218678	(00.001229 +- 00.000261)	[00.000002,00.003554]
08_publish              	    178	02.230303	(00.012530 +- 00.000980)	[00.009089,00.022598]
step                    	    181	04.663578	(00.025766 +- 00.002281)	[00.005045,00.047284]

INFO  Timings:
SM Timing
-----------
00_conversion_livox     	    183	02.131338	(00.011647 +- 00.000640)	[00.007809,00.020918]
01_filter               	    182	00.064386	(00.000354 +- 00.000057)	[00.000227,00.002236]
02_preint               	    180	00.006556	(00.000036 +- 00.000004)	[00.000026,00.000063]
02a_intensity_preprocess	    182	00.619529	(00.003404 +- 00.000226)	[00.002497,00.006182]
03_undistortion         	    180	00.164140	(00.000912 +- 00.000099)	[00.000666,00.002160]
04_sampling             	    179	00.115359	(00.000644 +- 00.000235)	[00.000389,00.002124]
04b_intensity_sampling  	    179	00.155517	(00.000869 +- 00.000097)	[00.000621,00.001617]
05_registration         	    179	00.893661	(00.004993 +- 00.000858)	[00.002284,00.010183]
06_map                  	    179	00.176968	(00.000989 +- 00.000118)	[00.000647,00.003131]
07_imu_opt              	    179	00.219969	(00.001229 +- 00.000262)	[00.000002,00.003554]
08_publish              	    179	02.240654	(00.012518 +- 00.000947)	[00.009089,00.022598]
step                    	    182	04.684025	(00.025736 +- 00.002250)	[00.005045,00.047284]

INFO  Timings:
SM Timing
-----------
00_conversion_livox     	    184	02.141918	(00.011641 +- 00.000639)	[00.007809,00.020918]
01_filter               	    183	00.064639	(00.000353 +- 00.000057)	[00.000227,00.002236]
02_preint               	    181	00.006593	(00.000036 +- 00.000004)	[00.000026,00.000063]
02a_intensity_preprocess	    183	00.622366	(00.003401 +- 00.000221)	[00.002497,00.006182]
03_undistortion         	    181	00.164968	(00.000911 +- 00.000099)	[00.000666,00.002160]
04_sampling             	    180	00.115775	(00.000643 +- 00.000236)	[00.000389,00.002124]
04b_intensity_sampling  	    180	00.156281	(00.000868 +- 00.000096)	[00.000621,00.001617]
05_registration         	    180	00.896127	(00.004978 +- 00.000849)	[00.002284,00.010183]
06_map                  	    180	00.177783	(00.000988 +- 00.000118)	[00.000647,00.003131]
07_imu_opt              	    180	00.221221	(00.001229 +- 00.000262)	[00.000002,00.003554]
08_publish              	    180	02.250947	(00.012505 +- 00.000910)	[00.009089,00.022598]
step                    	    183	04.704066	(00.025705 +- 00.002205)	[00.005045,00.047284]

INFO  Timings:
SM Timing
-----------
00_conversion_livox     	    185	02.152415	(00.011635 +- 00.000519)	[00.007809,00.020918]
01_filter               	    184	00.064964	(00.000353 +- 00.000057)	[00.000227,00.002236]
02_preint               	    182	00.006638	(00.000036 +- 00.000004)	[00.000026,00.000063]
02a_intensity_preprocess	    184	00.625100	(00.003397 +- 00.000216)	[00.002497,00.006182]
03_undistortion         	    182	00.165748	(00.000911 +- 00.000099)	[00.000666,00.002160]
04_sampling             	    181	00.116196	(00.000642 +- 00.000237)	[00.000389,00.002124]
04b_intensity_sampling  	    181	00.157053	(00.000868 +- 00.000097)	[00.000621,00.001617]
05_registration         	    181	00.899376	(00.004969 +- 00.000831)	[00.002284,00.010183]
06_map                  	    181	00.178837	(00.000988 +- 00.000121)	[00.000647,00.003131]
07_imu_opt              	    181	00.222759	(00.001231 +- 00.000262)	[00.000002,00.003554]
08_publish              	    181	02.261241	(00.012493 +- 00.000863)	[00.009089,00.022598]
step                    	    184	04.725383	(00.025681 +- 00.002144)	[00.005045,00.047284]

INFO  Timings:
SM Timing
-----------
00_conversion_livox     	    186	02.163627	(00.011632 +- 00.000526)	[00.007809,00.020918]
01_filter               	    185	00.065209	(00.000352 +- 00.000057)	[00.000227,00.002236]
02_preint               	    183	00.006675	(00.000036 +- 00.000004)	[00.000026,00.000063]
02a_intensity_preprocess	    185	00.627917	(00.003394 +- 00.000208)	[00.002497,00.006182]
03_undistortion         	    183	00.166824	(00.000912 +- 00.000105)	[00.000666,00.002160]
04_sampling             	    182	00.116838	(00.000642 +- 00.000237)	[00.000389,00.002124]
04b_intensity_sampling  	    182	00.157839	(00.000867 +- 00.000093)	[00.000621,00.001617]
05_registration         	    182	00.902414	(00.004958 +- 00.000783)	[00.002284,00.010183]
06_map                  	    182	00.179671	(00.000987 +- 00.000121)	[00.000647,00.003131]
07_imu_opt              	    182	00.224034	(00.001231 +- 00.000178)	[00.000002,00.003554]
08_publish              	    182	02.271289	(00.012480 +- 00.000832)	[00.009089,00.022598]
step                    	    185	04.746278	(00.025656 +- 00.001978)	[00.005045,00.047284]

INFO  Timings:
SM Timing
-----------
00_conversion_livox     	    187	02.173948	(00.011625 +- 00.000524)	[00.007809,00.020918]
01_filter               	    186	00.065443	(00.000352 +- 00.000057)	[00.000227,00.002236]
02_preint               	    184	00.006712	(00.000036 +- 00.000004)	[00.000026,00.000063]
02a_intensity_preprocess	    186	00.630612	(00.003390 +- 00.000203)	[00.002497,00.006182]
03_undistortion         	    184	00.167617	(00.000911 +- 00.000103)	[00.000666,00.002160]
04_sampling             	    183	00.117288	(00.000641 +- 00.000237)	[00.000389,00.002124]
04b_intensity_sampling  	    183	00.158582	(00.000867 +- 00.000093)	[00.000621,00.001617]
05_registration         	    183	00.905338	(00.004947 +- 00.000773)	[00.002284,00.010183]
06_map                  	    183	00.180363	(00.000986 +- 00.000123)	[00.000647,00.003131]
07_imu_opt              	    183	00.225270	(00.001231 +- 00.000178)	[00.000002,00.003554]
08_publish              	    183	02.280931	(00.012464 +- 00.000820)	[00.009089,00.022598]
step                    	    186	04.765792	(00.025623 +- 00.001957)	[00.005045,00.047284]

INFO  Timings:
SM Timing
-----------
00_conversion_livox     	    188	02.184166	(00.011618 +- 00.000522)	[00.007809,00.020918]
01_filter               	    187	00.065678	(00.000351 +- 00.000050)	[00.000227,00.002236]
02_preint               	    185	00.006747	(00.000036 +- 00.000004)	[00.000026,00.000063]
02a_intensity_preprocess	    187	00.633332	(00.003387 +- 00.000202)	[00.002497,00.006182]
03_undistortion         	    185	00.168460	(00.000911 +- 00.000101)	[00.000666,00.002160]
04_sampling             	    184	00.117748	(00.000640 +- 00.000237)	[00.000389,00.002124]
04b_intensity_sampling  	    184	00.159308	(00.000866 +- 00.000094)	[00.000621,00.001617]
05_registration         	    184	00.908008	(00.004935 +- 00.000757)	[00.002284,00.010183]
06_map                  	    184	00.181146	(00.000984 +- 00.000123)	[00.000647,00.003131]
07_imu_opt              	    184	00.226544	(00.001231 +- 00.000178)	[00.000002,00.003554]
08_publish              	    184	02.290801	(00.012450 +- 00.000796)	[00.009089,00.022598]
step                    	    187	04.785470	(00.025591 +- 00.001912)	[00.005045,00.047284]

INFO  Timings:
SM Timing
-----------
00_conversion_livox     	    189	02.194551	(00.011611 +- 00.000519)	[00.007809,00.020918]
01_filter               	    188	00.065940	(00.000351 +- 00.000049)	[00.000227,00.002236]
02_preint               	    186	00.006784	(00.000036 +- 00.000004)	[00.000026,00.000063]
02a_intensity_preprocess	    188	00.636101	(00.003384 +- 00.000200)	[00.002497,00.006182]
03_undistortion         	    186	00.169298	(00.000910 +- 00.000099)	[00.000666,00.002160]
04_sampling             	    185	00.118165	(00.000639 +- 00.000238)	[00.000389,00.002124]
04b_intensity_sampling  	    185	00.160102	(00.000865 +- 00.000093)	[00.000621,00.001617]
05_registration         	    185	00.912233	(00.004931 +- 00.000752)	[00.002284,00.010183]
06_map                  	    185	00.181889	(00.000983 +- 00.000123)	[00.000647,00.003131]
07_imu_opt              	    185	00.227848	(00.001232 +- 00.000179)	[00.000002,00.003554]
08_publish              	    185	02.300760	(00.012437 +- 00.000788)	[00.009089,00.022598]
step                    	    188	04.806879	(00.025569 +- 00.001879)	[00.005045,00.047284]

INFO  Timings:
SM Timing
-----------
00_conversion_livox     	    190	02.205156	(00.011606 +- 00.000505)	[00.007809,00.020918]
01_filter               	    189	00.066188	(00.000350 +- 00.000047)	[00.000227,00.002236]
02_preint               	    187	00.006816	(00.000036 +- 00.000004)	[00.000026,00.000063]
02a_intensity_preprocess	    189	00.638755	(00.003380 +- 00.000202)	[00.002497,00.006182]
03_undistortion         	    187	00.170083	(00.000910 +- 00.000099)	[00.000666,00.002160]
04_sampling             	    186	00.118598	(00.000638 +- 00.000238)	[00.000389,00.002124]
04b_intensity_sampling  	    186	00.161011	(00.000866 +- 00.000090)	[00.000621,00.001617]
05_registration         	    186	00.916158	(00.004926 +- 00.000733)	[00.002284,00.010183]
06_map                  	    186	00.182822	(00.000983 +- 00.000124)	[00.000647,00.003131]
07_imu_opt              	    186	00.229356	(00.001233 +- 00.000179)	[00.000002,00.003554]
08_publish              	    186	02.310468	(00.012422 +- 00.000785)	[00.009089,00.022598]
step                    	    189	04.828107	(00.025546 +- 00.001841)	[00.005045,00.047284]

INFO  Timings:
SM Timing
-----------
00_conversion_livox     	    191	02.216027	(00.011602 +- 00.000494)	[00.007809,00.020918]
01_filter               	    190	00.066426	(00.000350 +- 00.000047)	[00.000227,00.002236]
02_preint               	    188	00.006853	(00.000036 +- 00.000004)	[00.000026,00.000063]
02a_intensity_preprocess	    190	00.641513	(00.003376 +- 00.000201)	[00.002497,00.006182]
03_undistortion         	    188	00.170882	(00.000909 +- 00.000099)	[00.000666,00.002160]
04_sampling             	    187	00.119191	(00.000637 +- 00.000239)	[00.000389,00.002124]
04b_intensity_sampling  	    187	00.161788	(00.000865 +- 00.000090)	[00.000621,00.001617]
05_registration         	    187	00.918984	(00.004914 +- 00.000731)	[00.002284,00.010183]
06_map                  	    187	00.183725	(00.000982 +- 00.000124)	[00.000647,00.003131]
07_imu_opt              	    187	00.230845	(00.001234 +- 00.000179)	[00.000002,00.003554]
08_publish              	    187	02.320177	(00.012407 +- 00.000780)	[00.009089,00.022598]
step                    	    190	04.848310	(00.025517 +- 00.001830)	[00.005045,00.047284]

INFO  Timings:
SM Timing
-----------
00_conversion_livox     	    192	02.226771	(00.011598 +- 00.000477)	[00.007809,00.020918]
01_filter               	    191	00.066687	(00.000349 +- 00.000046)	[00.000227,00.002236]
02_preint               	    189	00.006889	(00.000036 +- 00.000004)	[00.000026,00.000063]
02a_intensity_preprocess	    191	00.644272	(00.003373 +- 00.000200)	[00.002497,00.006182]
03_undistortion         	    189	00.171646	(00.000908 +- 00.000100)	[00.000666,00.002160]
04_sampling             	    188	00.119676	(00.000637 +- 00.000239)	[00.000389,00.002124]
04b_intensity_sampling  	    188	00.162775	(00.000866 +- 00.000093)	[00.000621,00.001617]
05_registration         	    188	00.922104	(00.004905 +- 00.000699)	[00.002284,00.010183]
06_map                  	    188	00.184496	(00.000981 +- 00.000124)	[00.000647,00.003131]
07_imu_opt              	    188	00.232140	(00.001235 +- 00.000179)	[00.000002,00.003554]
08_publish              	    188	02.329556	(00.012391 +- 00.000768)	[00.009089,00.022598]
step                    	    191	04.868241	(00.025488 +- 00.001791)	[00.005045,00.047284]

INFO  Timings:
SM Timing
-----------
00_conversion_livox     	    193	02.237241	(00.011592 +- 00.000472)	[00.007809,00.020918]
01_filter               	    192	00.066941	(00.000349 +- 00.000046)	[00.000227,00.002236]
02_preint               	    190	00.006929	(00.000036 +- 00.000004)	[00.000026,00.000063]
02a_intensity_preprocess	    192	00.646959	(00.003370 +- 00.000199)	[00.002497,00.006182]
03_undistortion         	    190	00.172459	(00.000908 +- 00.000097)	[00.000666,00.002160]
04_sampling             	    189	00.120131	(00.000636 +- 00.000239)	[00.000389,00.002124]
04b_intensity_sampling  	    189	00.163655	(00.000866 +- 00.000088)	[00.000621,00.001617]
05_registration         	    189	00.924605	(00.004892 +- 00.000694)	[00.002284,00.010183]
06_map                  	    189	00.185471	(00.000981 +- 00.000125)	[00.000647,00.003131]
07_imu_opt              	    189	00.233459	(00.001235 +- 00.000179)	[00.000002,00.003554]
08_publish              	    189	02.338998	(00.012376 +- 00.000732)	[00.009089,00.022598]
step                    	    192	04.887672	(00.025457 +- 00.001745)	[00.005045,00.047284]

INFO  Timings:
SM Timing
-----------
00_conversion_livox     	    194	02.247805	(00.011587 +- 00.000472)	[00.007809,00.020918]
01_filter               	    193	00.067231	(00.000348 +- 00.000044)	[00.000227,00.002236]
02_preint               	    191	00.006965	(00.000036 +- 00.000004)	[00.000026,00.000063]
02a_intensity_preprocess	    193	00.649746	(00.003367 +- 00.000193)	[00.002497,00.006182]
03_undistortion         	    191	00.173222	(00.000907 +- 00.000096)	[00.000666,00.002160]
04_sampling             	    190	00.120644	(00.000635 +- 00.000238)	[00.000389,00.002124]
04b_intensity_sampling  	    190	00.164396	(00.000865 +- 00.000089)	[00.000621,00.001617]
05_registration         	    190	00.927713	(00.004883 +- 00.000652)	[00.002284,00.010183]
06_map                  	    190	00.186420	(00.000981 +- 00.000126)	[00.000647,00.003131]
07_imu_opt              	    190	00.234771	(00.001236 +- 00.000179)	[00.000002,00.003554]
08_publish              	    190	02.348852	(00.012362 +- 00.000696)	[00.009089,00.022598]
step                    	    193	04.908109	(00.025431 +- 00.001654)	[00.005045,00.047284]

INFO  Timings:
SM Timing
-----------
00_conversion_livox     	    195	02.258743	(00.011583 +- 00.000472)	[00.007809,00.020918]
01_filter               	    194	00.067524	(00.000348 +- 00.000043)	[00.000227,00.002236]
02_preint               	    192	00.007002	(00.000036 +- 00.000004)	[00.000026,00.000063]
02a_intensity_preprocess	    194	00.652387	(00.003363 +- 00.000192)	[00.002497,00.006182]
03_undistortion         	    192	00.173987	(00.000906 +- 00.000096)	[00.000666,00.002160]
04_sampling             	    191	00.121179	(00.000634 +- 00.000238)	[00.000389,00.002124]
04b_intensity_sampling  	    191	00.165100	(00.000864 +- 00.000079)	[00.000621,00.001617]
05_registration         	    191	00.929981	(00.004869 +- 00.000660)	[00.002268,00.010183]
06_map                  	    191	00.187122	(00.000980 +- 00.000127)	[00.000647,00.003131]
07_imu_opt              	    191	00.235927	(00.001235 +- 00.000181)	[00.000002,00.003554]
08_publish              	    191	02.358185	(00.012347 +- 00.000677)	[00.009089,00.022598]
step                    	    194	04.926624	(00.025395 +- 00.001655)	[00.005045,00.047284]

INFO  Timings:
SM Timing
-----------
00_conversion_livox     	    196	02.269128	(00.011577 +- 00.000472)	[00.007809,00.020918]
01_filter               	    195	00.067788	(00.000348 +- 00.000042)	[00.000227,00.002236]
02_preint               	    193	00.007040	(00.000036 +- 00.000004)	[00.000026,00.000063]
02a_intensity_preprocess	    195	00.655099	(00.003359 +- 00.000189)	[00.002497,00.006182]
03_undistortion         	    193	00.174767	(00.000906 +- 00.000096)	[00.000666,00.002160]
04_sampling             	    192	00.121705	(00.000634 +- 00.000072)	[00.000389,00.002124]
04b_intensity_sampling  	    192	00.165896	(00.000864 +- 00.000079)	[00.000621,00.001617]
05_registration         	    192	00.932499	(00.004857 +- 00.000642)	[00.002268,00.010183]
06_map                  	    192	00.188085	(00.000980 +- 00.000128)	[00.000647,00.003131]
07_imu_opt              	    192	00.237322	(00.001236 +- 00.000180)	[00.000002,00.003554]
08_publish              	    192	02.368064	(00.012334 +- 00.000631)	[00.009089,00.022598]
step                    	    195	04.946566	(00.025367 +- 00.001521)	[00.005045,00.047284]

INFO  Timings:
SM Timing
-----------
00_conversion_livox     	    197	02.279881	(00.011573 +- 00.000471)	[00.007809,00.020918]
01_filter               	    196	00.068054	(00.000347 +- 00.000040)	[00.000227,00.002236]
02_preint               	    194	00.007086	(00.000037 +- 00.000004)	[00.000026,00.000063]
02a_intensity_preprocess	    196	00.657799	(00.003356 +- 00.000187)	[00.002497,00.006182]
03_undistortion         	    194	00.175512	(00.000905 +- 00.000095)	[00.000666,00.002160]
04_sampling             	    193	00.122136	(00.000633 +- 00.000072)	[00.000389,00.002124]
04b_intensity_sampling  	    193	00.166599	(00.000863 +- 00.000080)	[00.000621,00.001617]
05_registration         	    193	00.935238	(00.004846 +- 00.000620)	[00.002268,00.010183]
06_map                  	    193	00.188863	(00.000979 +- 00.000128)	[00.000647,00.003131]
07_imu_opt              	    193	00.238629	(00.001236 +- 00.000179)	[00.000002,00.003554]
08_publish              	    193	02.377860	(00.012321 +- 00.000590)	[00.009089,00.022598]
step                    	    196	04.966150	(00.025337 +- 00.001464)	[00.005045,00.047284]

INFO  Timings:
SM Timing
-----------
00_conversion_livox     	    198	02.290274	(00.011567 +- 00.000473)	[00.007809,00.020918]
01_filter               	    197	00.068316	(00.000347 +- 00.000039)	[00.000227,00.002236]
02_preint               	    195	00.007117	(00.000036 +- 00.000004)	[00.000026,00.000063]
02a_intensity_preprocess	    197	00.660414	(00.003352 +- 00.000185)	[00.002497,00.006182]
03_undistortion         	    195	00.176368	(00.000904 +- 00.000094)	[00.000666,00.002160]
04_sampling             	    194	00.122613	(00.000632 +- 00.000072)	[00.000389,00.002124]
04b_intensity_sampling  	    194	00.167432	(00.000863 +- 00.000080)	[00.000621,00.001617]
05_registration         	    194	00.938416	(00.004837 +- 00.000553)	[00.002268,00.010183]
06_map                  	    194	00.189616	(00.000977 +- 00.000128)	[00.000647,00.003131]
07_imu_opt              	    194	00.239781	(00.001236 +- 00.000182)	[00.000002,00.003554]
08_publish              	    194	02.387312	(00.012306 +- 00.000552)	[00.009089,00.022598]
step                    	    197	04.985823	(00.025309 +- 00.001366)	[00.005045,00.047284]

INFO  Timings:
SM Timing
-----------
00_conversion_livox     	    199	02.300512	(00.011560 +- 00.000474)	[00.007809,00.020918]
01_filter               	    198	00.068554	(00.000346 +- 00.000038)	[00.000227,00.002236]
02_preint               	    196	00.007144	(00.000036 +- 00.000004)	[00.000026,00.000063]
02a_intensity_preprocess	    198	00.663005	(00.003349 +- 00.000185)	[00.002497,00.006182]
03_undistortion         	    196	00.177087	(00.000904 +- 00.000095)	[00.000666,00.002160]
04_sampling             	    195	00.123057	(00.000631 +- 00.000072)	[00.000389,00.002124]
04b_intensity_sampling  	    195	00.168154	(00.000862 +- 00.000081)	[00.000621,00.001617]
05_registration         	    195	00.942686	(00.004834 +- 00.000578)	[00.002268,00.010183]
06_map                  	    195	00.190361	(00.000976 +- 00.000129)	[00.000647,00.003131]
07_imu_opt              	    195	00.241109	(00.001236 +- 00.000182)	[00.000002,00.003554]
08_publish              	    195	02.397109	(00.012293 +- 00.000529)	[00.009089,00.022598]
step                    	    198	05.006780	(00.025287 +- 00.001346)	[00.005045,00.047284]

INFO  Timings:
SM Timing
-----------
00_conversion_livox     	    200	02.311147	(00.011556 +- 00.000470)	[00.007809,00.020918]
01_filter               	    199	00.068811	(00.000346 +- 00.000037)	[00.000227,00.002236]
02_preint               	    197	00.007176	(00.000036 +- 00.000004)	[00.000026,00.000063]
02a_intensity_preprocess	    199	00.665754	(00.003345 +- 00.000180)	[00.002497,00.006182]
03_undistortion         	    197	00.177864	(00.000903 +- 00.000088)	[00.000666,00.002160]
04_sampling             	    196	00.123561	(00.000630 +- 00.000072)	[00.000389,00.002124]
04b_intensity_sampling  	    196	00.169105	(00.000863 +- 00.000083)	[00.000621,00.001617]
05_registration         	    196	00.946739	(00.004830 +- 00.000564)	[00.002268,00.010183]
06_map                  	    196	00.191076	(00.000975 +- 00.000129)	[00.000647,00.003131]
07_imu_opt              	    196	00.242405	(00.001237 +- 00.000182)	[00.000002,00.003554]
08_publish              	    196	02.406779	(00.012279 +- 00.000494)	[00.009089,00.022598]
step                    	    199	05.027875	(00.025266 +- 00.001244)	[00.005045,00.047284]

INFO  Timings:
SM Timing
-----------
00_conversion_livox     	    201	02.321344	(00.011549 +- 00.000474)	[00.007809,00.020918]
01_filter               	    200	00.069052	(00.000345 +- 00.000035)	[00.000227,00.002236]
02_preint               	    198	00.007212	(00.000036 +- 00.000004)	[00.000026,00.000063]
02a_intensity_preprocess	    200	00.668423	(00.003342 +- 00.000176)	[00.002497,00.006182]
03_undistortion         	    198	00.178691	(00.000902 +- 00.000088)	[00.000666,00.002160]
04_sampling             	    197	00.124002	(00.000629 +- 00.000071)	[00.000389,00.002124]
04b_intensity_sampling  	    197	00.169912	(00.000862 +- 00.000083)	[00.000621,00.001617]
05_registration         	    197	00.950360	(00.004824 +- 00.000561)	[00.002268,00.010183]
06_map                  	    197	00.191889	(00.000974 +- 00.000128)	[00.000647,00.003131]
07_imu_opt              	    197	00.243682	(00.001237 +- 00.000182)	[00.000002,00.003554]
08_publish              	    197	02.416214	(00.012265 +- 00.000478)	[00.009089,00.022598]
step                    	    200	05.048112	(00.025241 +- 00.001200)	[00.005045,00.047284]

INFO  Timings:
SM Timing
-----------
00_conversion_livox     	    202	02.331680	(00.011543 +- 00.000473)	[00.007809,00.020918]
01_filter               	    201	00.069515	(00.000346 +- 00.000043)	[00.000227,00.002236]
02_preint               	    199	00.007254	(00.000036 +- 00.000004)	[00.000026,00.000063]
02a_intensity_preprocess	    201	00.671142	(00.003339 +- 00.000171)	[00.002497,00.006182]
03_undistortion         	    199	00.179531	(00.000902 +- 00.000083)	[00.000666,00.002160]
04_sampling             	    198	00.124452	(00.000629 +- 00.000060)	[00.000389,00.002124]
04b_intensity_sampling  	    198	00.170811	(00.000863 +- 00.000080)	[00.000621,00.001617]
05_registration         	    198	00.952753	(00.004812 +- 00.000554)	[00.002268,00.010183]
06_map                  	    198	00.192599	(00.000973 +- 00.000101)	[00.000647,00.003131]
07_imu_opt              	    198	00.244954	(00.001237 +- 00.000182)	[00.000002,00.003554]
08_publish              	    198	02.425552	(00.012250 +- 00.000448)	[00.009089,00.022598]
step                    	    201	05.067322	(00.025211 +- 00.001093)	[00.005045,00.047284]

INFO  Timings:
SM Timing
-----------
00_conversion_livox     	    203	02.342104	(00.011537 +- 00.000468)	[00.007809,00.020918]
01_filter               	    202	00.069781	(00.000345 +- 00.000042)	[00.000227,00.002236]
02_preint               	    200	00.007289	(00.000036 +- 00.000004)	[00.000026,00.000063]
02a_intensity_preprocess	    202	00.673838	(00.003336 +- 00.000165)	[00.002497,00.006182]
03_undistortion         	    200	00.180342	(00.000902 +- 00.000083)	[00.000666,00.002160]
04_sampling             	    199	00.124929	(00.000628 +- 00.000059)	[00.000389,00.002124]
04b_intensity_sampling  	    199	00.171604	(00.000862 +- 00.000080)	[00.000621,00.001617]
05_registration         	    199	00.955021	(00.004799 +- 00.000561)	[00.002268,00.010183]
06_map                  	    199	00.193388	(00.000972 +- 00.000091)	[00.000647,00.003131]
07_imu_opt              	    199	00.246277	(00.001238 +- 00.000182)	[00.000002,00.003554]
08_publish              	    199	02.435160	(00.012237 +- 00.000423)	[00.009089,00.022598]
step                    	    202	05.086447	(00.025180 +- 00.001051)	[00.005045,00.047284]

INFO  Timings:
SM Timing
-----------
00_conversion_livox     	    204	02.353740	(00.011538 +- 00.000485)	[00.007809,00.020918]
01_filter               	    203	00.070145	(00.000346 +- 00.000043)	[00.000227,00.002236]
02_preint               	    201	00.007339	(00.000037 +- 00.000005)	[00.000026,00.000063]
02a_intensity_preprocess	    203	00.677462	(00.003337 +- 00.000199)	[00.002497,00.006182]
03_undistortion         	    201	00.181246	(00.000902 +- 00.000084)	[00.000666,00.002160]
04_sampling             	    200	00.125400	(00.000627 +- 00.000059)	[00.000389,00.002124]
04b_intensity_sampling  	    200	00.172490	(00.000862 +- 00.000080)	[00.000621,00.001617]
05_registration         	    200	00.958622	(00.004793 +- 00.000562)	[00.002268,00.010183]
06_map                  	    200	00.194340	(00.000972 +- 00.000092)	[00.000647,00.003131]
07_imu_opt              	    200	00.248102	(00.001241 +- 00.000193)	[00.000002,00.003554]
08_publish              	    200	02.446320	(00.012232 +- 00.000442)	[00.009089,00.022598]
step                    	    203	05.110365	(00.025174 +- 00.001135)	[00.005045,00.047284]

INFO  Timings:
SM Timing
-----------
00_conversion_livox     	    205	02.365271	(00.011538 +- 00.000500)	[00.007809,00.020918]
01_filter               	    204	00.070415	(00.000345 +- 00.000041)	[00.000227,00.002236]
02_preint               	    202	00.007384	(00.000037 +- 00.000005)	[00.000026,00.000063]
02a_intensity_preprocess	    204	00.680380	(00.003335 +- 00.000188)	[00.002497,00.006182]
03_undistortion         	    202	00.182122	(00.000902 +- 00.000084)	[00.000666,00.002160]
04_sampling             	    201	00.125942	(00.000627 +- 00.000058)	[00.000389,00.002124]
04b_intensity_sampling  	    201	00.173444	(00.000863 +- 00.000083)	[00.000621,00.001617]
05_registration         	    201	00.961910	(00.004786 +- 00.000561)	[00.002268,00.010183]
06_map                  	    201	00.195277	(00.000972 +- 00.000094)	[00.000647,00.003131]
07_imu_opt              	    201	00.249454	(00.001241 +- 00.000193)	[00.000002,00.003554]
08_publish              	    201	02.456495	(00.012221 +- 00.000428)	[00.009089,00.022598]
step                    	    204	05.131823	(00.025156 +- 00.001111)	[00.005045,00.047284]

INFO  Timings:
SM Timing
-----------
00_conversion_livox     	    206	02.376181	(00.011535 +- 00.000500)	[00.007809,00.020918]
01_filter               	    205	00.070744	(00.000345 +- 00.000041)	[00.000227,00.002236]
02_preint               	    203	00.007425	(00.000037 +- 00.000005)	[00.000026,00.000063]
02a_intensity_preprocess	    205	00.683220	(00.003333 +- 00.000188)	[00.002497,00.006182]
03_undistortion         	    203	00.183051	(00.000902 +- 00.000084)	[00.000666,00.002160]
04_sampling             	    202	00.126396	(00.000626 +- 00.000055)	[00.000389,00.002124]
04b_intensity_sampling  	    202	00.174249	(00.000863 +- 00.000082)	[00.000621,00.001617]
05_registration         	    202	00.965045	(00.004777 +- 00.000532)	[00.002268,00.010183]
06_map                  	    202	00.196177	(00.000971 +- 00.000094)	[00.000647,00.003131]
07_imu_opt              	    202	00.250740	(00.001241 +- 00.000186)	[00.000002,00.003554]
08_publish              	    202	02.466834	(00.012212 +- 00.000427)	[00.009089,00.022598]
step                    	    205	05.152960	(00.025136 +- 00.001055)	[00.005045,00.047284]

INFO  Timings:
SM Timing
-----------
00_conversion_livox     	    207	02.387152	(00.011532 +- 00.000499)	[00.007809,00.020918]
01_filter               	    206	00.071022	(00.000345 +- 00.000041)	[00.000227,00.002236]
02_preint               	    204	00.007468	(00.000037 +- 00.000005)	[00.000026,00.000063]
02a_intensity_preprocess	    206	00.686051	(00.003330 +- 00.000162)	[00.002497,00.006182]
03_undistortion         	    204	00.183905	(00.000901 +- 00.000069)	[00.000666,00.002160]
04_sampling             	    203	00.126921	(00.000625 +- 00.000055)	[00.000389,00.002124]
04b_intensity_sampling  	    203	00.175100	(00.000863 +- 00.000082)	[00.000621,00.001617]
05_registration         	    203	00.971979	(00.004788 +- 00.000768)	[00.002268,00.010183]
06_map                  	    203	00.196987	(00.000970 +- 00.000094)	[00.000647,00.003131]
07_imu_opt              	    203	00.252171	(00.001242 +- 00.000186)	[00.000002,00.003554]
08_publish              	    203	02.477395	(00.012204 +- 00.000436)	[00.009089,00.022598]
step                    	    206	05.178161	(00.025137 +- 00.001245)	[00.005045,00.047284]

INFO  Timings:
SM Timing
-----------
00_conversion_livox     	    208	02.398334	(00.011530 +- 00.000482)	[00.007809,00.020918]
01_filter               	    207	00.071328	(00.000345 +- 00.000041)	[00.000227,00.002236]
02_preint               	    205	00.007505	(00.000037 +- 00.000005)	[00.000026,00.000063]
02a_intensity_preprocess	    207	00.688817	(00.003328 +- 00.000159)	[00.002497,00.006182]
03_undistortion         	    205	00.184808	(00.000902 +- 00.000069)	[00.000666,00.002160]
04_sampling             	    204	00.127325	(00.000624 +- 00.000056)	[00.000389,00.002124]
04b_intensity_sampling  	    204	00.175880	(00.000862 +- 00.000082)	[00.000621,00.001617]
05_registration         	    204	00.974354	(00.004776 +- 00.000767)	[00.002268,00.010183]
06_map                  	    204	00.197953	(00.000970 +- 00.000096)	[00.000647,00.003131]
07_imu_opt              	    204	00.253522	(00.001243 +- 00.000123)	[00.000002,00.003554]
08_publish              	    204	02.487436	(00.012193 +- 00.000435)	[00.009089,00.022598]
step                    	    207	05.198155	(00.025112 +- 00.001204)	[00.005045,00.047284]

INFO  Timings:
SM Timing
-----------
00_conversion_livox     	    209	02.408983	(00.011526 +- 00.000482)	[00.007809,00.020918]
01_filter               	    208	00.071598	(00.000344 +- 00.000040)	[00.000227,00.002236]
02_preint               	    206	00.007542	(00.000037 +- 00.000005)	[00.000026,00.000063]
02a_intensity_preprocess	    208	00.691705	(00.003326 +- 00.000159)	[00.002497,00.006182]
03_undistortion         	    206	00.185735	(00.000902 +- 00.000070)	[00.000666,00.002160]
04_sampling             	    205	00.127833	(00.000624 +- 00.000056)	[00.000389,00.002124]
04b_intensity_sampling  	    205	00.176666	(00.000862 +- 00.000082)	[00.000621,00.001617]
05_registration         	    205	00.977223	(00.004767 +- 00.000757)	[00.002268,00.010183]
06_map                  	    205	00.198673	(00.000969 +- 00.000097)	[00.000647,00.003131]
07_imu_opt              	    205	00.254878	(00.001243 +- 00.000122)	[00.000002,00.003554]
08_publish              	    205	02.497522	(00.012183 +- 00.000435)	[00.009089,00.022598]
step                    	    208	05.218680	(00.025090 +- 00.001187)	[00.005045,00.047284]

INFO  Timings:
SM Timing
-----------
00_conversion_livox     	    210	02.419662	(00.011522 +- 00.000482)	[00.007809,00.020918]
01_filter               	    209	00.071854	(00.000344 +- 00.000040)	[00.000227,00.002236]
02_preint               	    207	00.007582	(00.000037 +- 00.000005)	[00.000026,00.000063]
02a_intensity_preprocess	    209	00.694554	(00.003323 +- 00.000159)	[00.002497,00.006182]
03_undistortion         	    207	00.186646	(00.000902 +- 00.000072)	[00.000666,00.002160]
04_sampling             	    206	00.128274	(00.000623 +- 00.000055)	[00.000389,00.002124]
04b_intensity_sampling  	    206	00.177461	(00.000861 +- 00.000081)	[00.000621,00.001617]
05_registration         	    206	00.979834	(00.004756 +- 00.000756)	[00.002268,00.010183]
06_map                  	    206	00.199450	(00.000968 +- 00.000097)	[00.000647,00.003131]
07_imu_opt              	    206	00.256191	(00.001244 +- 00.000122)	[00.000002,00.003554]
08_publish              	    206	02.507583	(00.012173 +- 00.000435)	[00.009089,00.022598]
step                    	    209	05.238828	(00.025066 +- 00.001186)	[00.005045,00.047284]

INFO  Timings:
SM Timing
-----------
00_conversion_livox     	    211	02.430333	(00.011518 +- 00.000482)	[00.007809,00.020918]
01_filter               	    210	00.072120	(00.000343 +- 00.000039)	[00.000227,00.002236]
02_preint               	    208	00.007625	(00.000037 +- 00.000005)	[00.000026,00.000063]
02a_intensity_preprocess	    210	00.697253	(00.003320 +- 00.000159)	[00.002497,00.006182]
03_undistortion         	    208	00.187553	(00.000902 +- 00.000072)	[00.000666,00.002160]
04_sampling             	    207	00.128650	(00.000621 +- 00.000057)	[00.000376,00.002124]
04b_intensity_sampling  	    207	00.178157	(00.000861 +- 00.000083)	[00.000621,00.001617]
05_registration         	    207	00.982316	(00.004745 +- 00.000759)	[00.002268,00.010183]
06_map                  	    207	00.200162	(00.000967 +- 00.000098)	[00.000647,00.003131]
07_imu_opt              	    207	00.257470	(00.001244 +- 00.000121)	[00.000002,00.003554]
08_publish              	    207	02.517261	(00.012161 +- 00.000436)	[00.009089,00.022598]
step                    	    210	05.258040	(00.025038 +- 00.001196)	[00.005045,00.047284]

INFO  Timings:
SM Timing
-----------
00_conversion_livox     	    212	02.440765	(00.011513 +- 00.000479)	[00.007809,00.020918]
01_filter               	    211	00.072373	(00.000343 +- 00.000039)	[00.000227,00.002236]
02_preint               	    209	00.007675	(00.000037 +- 00.000005)	[00.000026,00.000063]
02a_intensity_preprocess	    211	00.699938	(00.003317 +- 00.000160)	[00.002497,00.006182]
03_undistortion         	    209	00.188435	(00.000902 +- 00.000071)	[00.000666,00.002160]
04_sampling             	    208	00.129239	(00.000621 +- 00.000058)	[00.000376,00.002124]
04b_intensity_sampling  	    208	00.179141	(00.000861 +- 00.000083)	[00.000621,00.001617]
05_registration         	    208	00.985949	(00.004740 +- 00.000759)	[00.002268,00.010183]
06_map                  	    208	00.200879	(00.000966 +- 00.000098)	[00.000647,00.003131]
07_imu_opt              	    208	00.258715	(00.001244 +- 00.000122)	[00.000002,00.003554]
08_publish              	    208	02.527044	(00.012149 +- 00.000435)	[00.009089,00.022598]
step                    	    211	05.278973	(00.025019 +- 00.001196)	[00.005045,00.047284]

INFO  Timings:
SM Timing
-----------
00_conversion_livox     	    213	02.451205	(00.011508 +- 00.000476)	[00.007809,00.020918]
01_filter               	    212	00.072627	(00.000343 +- 00.000039)	[00.000227,00.002236]
02_preint               	    210	00.007712	(00.000037 +- 00.000005)	[00.000026,00.000063]
02a_intensity_preprocess	    212	00.702610	(00.003314 +- 00.000160)	[00.002497,00.006182]
03_undistortion         	    210	00.189181	(00.000901 +- 00.000071)	[00.000666,00.002160]
04_sampling             	    209	00.129856	(00.000621 +- 00.000061)	[00.000376,00.002124]
04b_intensity_sampling  	    209	00.180159	(00.000862 +- 00.000086)	[00.000621,00.001617]
05_registration         	    209	00.988512	(00.004730 +- 00.000761)	[00.002268,00.010183]
06_map                  	    209	00.201627	(00.000965 +- 00.000097)	[00.000647,00.003131]
07_imu_opt              	    209	00.259926	(00.001244 +- 00.000120)	[00.000002,00.003554]
08_publish              	    209	02.536969	(00.012139 +- 00.000434)	[00.009089,00.022598]
step                    	    212	05.298824	(00.024994 +- 00.001197)	[00.005045,00.047284]

INFO  Timings:
SM Timing
-----------
00_conversion_livox     	    214	02.462125	(00.011505 +- 00.000446)	[00.007809,00.020918]
01_filter               	    213	00.072850	(00.000342 +- 00.000039)	[00.000223,00.002236]
02_preint               	    211	00.007747	(00.000037 +- 00.000005)	[00.000026,00.000063]
02a_intensity_preprocess	    213	00.705343	(00.003311 +- 00.000160)	[00.002497,00.006182]
03_undistortion         	    211	00.189982	(00.000900 +- 00.000071)	[00.000666,00.002160]
04_sampling             	    210	00.130330	(00.000621 +- 00.000059)	[00.000376,00.002124]
04b_intensity_sampling  	    210	00.181106	(00.000862 +- 00.000088)	[00.000621,00.001617]
05_registration         	    210	00.991472	(00.004721 +- 00.000758)	[00.002268,00.010183]
06_map                  	    210	00.202555	(00.000965 +- 00.000098)	[00.000647,00.003131]
07_imu_opt              	    210	00.261133	(00.001243 +- 00.000118)	[00.000002,00.003554]
08_publish              	    210	02.546649	(00.012127 +- 00.000435)	[00.009089,00.022598]
step                    	    213	05.318889	(00.024971 +- 00.001196)	[00.005045,00.047284]

INFO  Timings:
SM Timing
-----------
00_conversion_livox     	    215	02.472565	(00.011500 +- 00.000448)	[00.007809,00.020918]
01_filter               	    214	00.073096	(00.000342 +- 00.000039)	[00.000223,00.002236]
02_preint               	    212	00.007785	(00.000037 +- 00.000005)	[00.000026,00.000063]
02a_intensity_preprocess	    214	00.708041	(00.003309 +- 00.000161)	[00.002497,00.006182]
03_undistortion         	    212	00.190783	(00.000900 +- 00.000070)	[00.000666,00.002160]
04_sampling             	    211	00.130795	(00.000620 +- 00.000059)	[00.000376,00.002124]
04b_intensity_sampling  	    211	00.181902	(00.000862 +- 00.000088)	[00.000621,00.001617]
05_registration         	    211	00.994540	(00.004713 +- 00.000758)	[00.002268,00.010183]
06_map                  	    211	00.203285	(00.000963 +- 00.000096)	[00.000647,00.003131]
07_imu_opt              	    211	00.262346	(00.001243 +- 00.000118)	[00.000002,00.003554]
08_publish              	    211	02.555999	(00.012114 +- 00.000441)	[00.009089,00.022598]
step                    	    214	05.338379	(00.024946 +- 00.001201)	[00.005045,00.047284]

INFO  Timings:
SM Timing
-----------
00_conversion_livox     	    216	02.482963	(00.011495 +- 00.000442)	[00.007809,00.020918]
01_filter               	    215	00.073367	(00.000341 +- 00.000039)	[00.000223,00.002236]
02_preint               	    213	00.007821	(00.000037 +- 00.000005)	[00.000026,00.000063]
02a_intensity_preprocess	    215	00.710611	(00.003305 +- 00.000163)	[00.002497,00.006182]
03_undistortion         	    213	00.191602	(00.000900 +- 00.000069)	[00.000666,00.002160]
04_sampling             	    212	00.131228	(00.000619 +- 00.000058)	[00.000376,00.002124]
04b_intensity_sampling  	    212	00.182607	(00.000861 +- 00.000089)	[00.000621,00.001617]
05_registration         	    212	00.996690	(00.004701 +- 00.000765)	[00.002150,00.010183]
06_map                  	    212	00.204076	(00.000963 +- 00.000096)	[00.000647,00.003131]
07_imu_opt              	    212	00.263531	(00.001243 +- 00.000119)	[00.000002,00.003554]
08_publish              	    212	02.564546	(00.012097 +- 00.000479)	[00.008547,00.022598]
step                    	    215	05.355955	(00.024911 +- 00.001259)	[00.005045,00.047284]

INFO  Timings:
SM Timing
-----------
00_conversion_livox     	    217	02.493090	(00.011489 +- 00.000444)	[00.007809,00.020918]
01_filter               	    216	00.073600	(00.000341 +- 00.000039)	[00.000223,00.002236]
02_preint               	    214	00.007848	(00.000037 +- 00.000005)	[00.000026,00.000063]
02a_intensity_preprocess	    216	00.712977	(00.003301 +- 00.000171)	[00.002365,00.006182]
03_undistortion         	    214	00.192451	(00.000899 +- 00.000068)	[00.000666,00.002160]
04_sampling             	    213	00.131719	(00.000618 +- 00.000057)	[00.000376,00.002124]
04b_intensity_sampling  	    213	00.183341	(00.000861 +- 00.000089)	[00.000621,00.001617]
05_registration         	    213	00.998699	(00.004689 +- 00.000775)	[00.002009,00.010183]
06_map                  	    213	00.204809	(00.000962 +- 00.000095)	[00.000647,00.003131]
07_imu_opt              	    213	00.264640	(00.001242 +- 00.000121)	[00.000002,00.003554]
08_publish              	    213	02.572732	(00.012079 +- 00.000531)	[00.008185,00.022598]
step                    	    216	05.372761	(00.024874 +- 00.001344)	[00.005045,00.047284]

INFO  Timings:
SM Timing
-----------
00_conversion_livox     	    218	02.503151	(00.011482 +- 00.000447)	[00.007809,00.020918]
01_filter               	    217	00.073818	(00.000340 +- 00.000039)	[00.000218,00.002236]
02_preint               	    215	00.007885	(00.000037 +- 00.000005)	[00.000026,00.000063]
02a_intensity_preprocess	    217	00.715346	(00.003297 +- 00.000179)	[00.002365,00.006182]
03_undistortion         	    215	00.193162	(00.000898 +- 00.000070)	[00.000666,00.002160]
04_sampling             	    214	00.132167	(00.000618 +- 00.000057)	[00.000376,00.002124]
04b_intensity_sampling  	    214	00.183982	(00.000860 +- 00.000091)	[00.000621,00.001617]
05_registration         	    214	01.001447	(00.004680 +- 00.000776)	[00.002009,00.010183]
06_map                  	    214	00.205693	(00.000961 +- 00.000095)	[00.000647,00.003131]
07_imu_opt              	    214	00.265775	(00.001242 +- 00.000123)	[00.000002,00.003554]
08_publish              	    214	02.580690	(00.012059 +- 00.000592)	[00.007958,00.022598]
step                    	    217	05.389968	(00.024839 +- 00.001407)	[00.005045,00.047284]

INFO  Timings:
SM Timing
-----------
00_conversion_livox     	    219	02.512683	(00.011473 +- 00.000475)	[00.007809,00.020918]
01_filter               	    218	00.074031	(00.000340 +- 00.000040)	[00.000213,00.002236]
02_preint               	    216	00.007922	(00.000037 +- 00.000005)	[00.000026,00.000063]
02a_intensity_preprocess	    218	00.717677	(00.003292 +- 00.000188)	[00.002331,00.006182]
03_undistortion         	    216	00.193854	(00.000897 +- 00.000072)	[00.000666,00.002160]
04_sampling             	    215	00.132606	(00.000617 +- 00.000057)	[00.000376,00.002124]
04b_intensity_sampling  	    215	00.184759	(00.000859 +- 00.000091)	[00.000621,00.001617]
05_registration         	    215	01.004296	(00.004671 +- 00.000773)	[00.002009,00.010183]
06_map                  	    215	00.206415	(00.000960 +- 00.000093)	[00.000647,00.003131]
07_imu_opt              	    215	00.267201	(00.001243 +- 00.000124)	[00.000002,00.003554]
08_publish              	    215	02.588263	(00.012038 +- 00.000668)	[00.007573,00.022598]
step                    	    218	05.407101	(00.024803 +- 00.001459)	[00.005045,00.047284]

INFO  Timings:
SM Timing
-----------
00_conversion_livox     	    220	02.522384	(00.011465 +- 00.000494)	[00.007809,00.020918]
01_filter               	    219	00.074283	(00.000339 +- 00.000040)	[00.000213,00.002236]
02_preint               	    217	00.007957	(00.000037 +- 00.000005)	[00.000026,00.000063]
02a_intensity_preprocess	    219	00.720081	(00.003288 +- 00.000190)	[00.002331,00.006182]
03_undistortion         	    217	00.194774	(00.000898 +- 00.000071)	[00.000666,00.002160]
04_sampling             	    216	00.133137	(00.000616 +- 00.000058)	[00.000376,00.002124]
04b_intensity_sampling  	    216	00.185521	(00.000859 +- 00.000089)	[00.000621,00.001617]
05_registration         	    216	01.007978	(00.004667 +- 00.000780)	[00.002009,00.010183]
06_map                  	    216	00.207137	(00.000959 +- 00.000094)	[00.000647,00.003131]
07_imu_opt              	    216	00.268383	(00.001243 +- 00.000124)	[00.000002,00.003554]
08_publish              	    216	02.595855	(00.012018 +- 00.000728)	[00.007573,00.022598]
step                    	    219	05.425265	(00.024773 +- 00.001476)	[00.005045,00.047284]

INFO  Timings:
SM Timing
-----------
00_conversion_livox     	    221	02.532147	(00.011458 +- 00.000504)	[00.007809,00.020918]
01_filter               	    220	00.074523	(00.000339 +- 00.000040)	[00.000213,00.002236]
02_preint               	    218	00.007994	(00.000037 +- 00.000005)	[00.000026,00.000063]
02a_intensity_preprocess	    220	00.722443	(00.003284 +- 00.000196)	[00.002331,00.006182]
03_undistortion         	    218	00.195480	(00.000897 +- 00.000072)	[00.000666,00.002160]
04_sampling             	    217	00.133577	(00.000616 +- 00.000058)	[00.000376,00.002124]
04b_intensity_sampling  	    217	00.186178	(00.000858 +- 00.000091)	[00.000621,00.001617]
05_registration         	    217	01.010588	(00.004657 +- 00.000775)	[00.002009,00.010183]
06_map                  	    217	00.207814	(00.000958 +- 00.000095)	[00.000647,00.003131]
07_imu_opt              	    217	00.269584	(00.001242 +- 00.000124)	[00.000002,00.003554]
08_publish              	    217	02.603935	(00.012000 +- 00.000759)	[00.007573,00.022598]
step                    	    220	05.442348	(00.024738 +- 00.001516)	[00.005045,00.047284]

INFO  Timings:
SM Timing
-----------
00_conversion_livox     	    222	02.542214	(00.011451 +- 00.000510)	[00.007809,00.020918]
01_filter               	    221	00.074766	(00.000338 +- 00.000040)	[00.000213,00.002236]
02_preint               	    219	00.008031	(00.000037 +- 00.000005)	[00.000026,00.000063]
02a_intensity_preprocess	    221	00.724983	(00.003280 +- 00.000197)	[00.002331,00.006182]
03_undistortion         	    219	00.196199	(00.000896 +- 00.000073)	[00.000666,00.002160]
04_sampling             	    218	00.134071	(00.000615 +- 00.000058)	[00.000376,00.002124]
04b_intensity_sampling  	    218	00.186859	(00.000857 +- 00.000093)	[00.000621,00.001617]
05_registration         	    218	01.013142	(00.004647 +- 00.000773)	[00.002009,00.010183]
06_map                  	    218	00.208466	(00.000956 +- 00.000097)	[00.000647,00.003131]
07_imu_opt              	    218	00.270755	(00.001242 +- 00.000123)	[00.000002,00.003554]
08_publish              	    218	02.611896	(00.011981 +- 00.000795)	[00.007573,00.022598]
step                    	    221	05.459467	(00.024703 +- 00.001555)	[00.005045,00.047284]

INFO  Timings:
SM Timing
-----------
00_conversion_livox     	    223	02.552222	(00.011445 +- 00.000516)	[00.007809,00.020918]
01_filter               	    222	00.074995	(00.000338 +- 00.000040)	[00.000213,00.002236]
02_preint               	    220	00.008068	(00.000037 +- 00.000005)	[00.000026,00.000063]
02a_intensity_preprocess	    222	00.727459	(00.003277 +- 00.000200)	[00.002331,00.006182]
03_undistortion         	    220	00.196916	(00.000895 +- 00.000073)	[00.000666,00.002160]
04_sampling             	    219	00.134419	(00.000614 +- 00.000059)	[00.000348,00.002124]
04b_intensity_sampling  	    219	00.187550	(00.000856 +- 00.000093)	[00.000621,00.001617]
05_registration         	    219	01.016074	(00.004640 +- 00.000770)	[00.002009,00.010183]
06_map                  	    219	00.209357	(00.000956 +- 00.000097)	[00.000647,00.003131]
07_imu_opt              	    219	00.271871	(00.001241 +- 00.000125)	[00.000002,00.003554]
08_publish              	    219	02.620043	(00.011964 +- 00.000822)	[00.007573,00.022598]
step                    	    222	05.477104	(00.024672 +- 00.001581)	[00.005045,00.047284]

INFO  Timings:
SM Timing
-----------
00_conversion_livox     	    224	02.562194	(00.011438 +- 00.000524)	[00.007809,00.020918]
01_filter               	    223	00.075229	(00.000337 +- 00.000040)	[00.000213,00.002236]
02_preint               	    221	00.008105	(00.000037 +- 00.000005)	[00.000026,00.000063]
02a_intensity_preprocess	    223	00.729986	(00.003273 +- 00.000201)	[00.002331,00.006182]
03_undistortion         	    221	00.197654	(00.000894 +- 00.000073)	[00.000666,00.002160]
04_sampling             	    220	00.134824	(00.000613 +- 00.000060)	[00.000348,00.002124]
04b_intensity_sampling  	    220	00.188399	(00.000856 +- 00.000093)	[00.000621,00.001617]
05_registration         	    220	01.018276	(00.004629 +- 00.000775)	[00.002009,00.010183]
06_map                  	    220	00.210039	(00.000955 +- 00.000099)	[00.000647,00.003131]
07_imu_opt              	    220	00.273067	(00.001241 +- 00.000126)	[00.000002,00.003554]
08_publish              	    220	02.628073	(00.011946 +- 00.000852)	[00.007573,00.022598]
step                    	    223	05.494074	(00.024637 +- 00.001636)	[00.005045,00.047284]

INFO  Timings:
SM Timing
-----------
00_conversion_livox     	    225	02.572209	(00.011432 +- 00.000519)	[00.007809,00.020918]
01_filter               	    224	00.075464	(00.000337 +- 00.000041)	[00.000213,00.002236]
02_preint               	    222	00.008140	(00.000037 +- 00.000005)	[00.000026,00.000063]
02a_intensity_preprocess	    224	00.732363	(00.003269 +- 00.000206)	[00.002331,00.006182]
03_undistortion         	    222	00.198390	(00.000894 +- 00.000073)	[00.000666,00.002160]
04_sampling             	    221	00.135260	(00.000612 +- 00.000059)	[00.000348,00.002124]
04b_intensity_sampling  	    221	00.189080	(00.000856 +- 00.000095)	[00.000621,00.001617]
05_registration         	    221	01.020945	(00.004620 +- 00.000776)	[00.002009,00.010183]
06_map                  	    221	00.210690	(00.000953 +- 00.000099)	[00.000647,00.003131]
07_imu_opt              	    221	00.274499	(00.001242 +- 00.000127)	[00.000002,00.003554]
08_publish              	    221	02.635799	(00.011927 +- 00.000889)	[00.007573,00.022598]
step                    	    224	05.511138	(00.024603 +- 00.001682)	[00.005045,00.047284]

INFO  Timings:
SM Timing
-----------
00_conversion_livox     	    226	02.581924	(00.011424 +- 00.000519)	[00.007809,00.020918]
01_filter               	    225	00.075706	(00.000336 +- 00.000041)	[00.000213,00.002236]
02_preint               	    223	00.008169	(00.000037 +- 00.000005)	[00.000026,00.000063]
02a_intensity_preprocess	    225	00.734748	(00.003266 +- 00.000210)	[00.002331,00.006182]
03_undistortion         	    223	00.199139	(00.000893 +- 00.000074)	[00.000666,00.002160]
04_sampling             	    222	00.135709	(00.000611 +- 00.000059)	[00.000348,00.002124]
04b_intensity_sampling  	    222	00.189692	(00.000854 +- 00.000098)	[00.000611,00.001617]
05_registration         	    222	01.023878	(00.004612 +- 00.000772)	[00.002009,00.010183]
06_map                  	    222	00.211473	(00.000953 +- 00.000099)	[00.000647,00.003131]
07_imu_opt              	    222	00.275778	(00.001242 +- 00.000126)	[00.000002,00.003554]
08_publish              	    222	02.643353	(00.011907 +- 00.000929)	[00.007555,00.022598]
step                    	    225	05.528213	(00.024570 +- 00.001718)	[00.005045,00.047284]

INFO  Timings:
SM Timing
-----------
00_conversion_livox     	    227	02.591516	(00.011416 +- 00.000515)	[00.007809,00.020918]
01_filter               	    226	00.075937	(00.000336 +- 00.000041)	[00.000213,00.002236]
02_preint               	    224	00.008204	(00.000037 +- 00.000005)	[00.000026,00.000063]
02a_intensity_preprocess	    226	00.737067	(00.003261 +- 00.000212)	[00.002319,00.006182]
03_undistortion         	    224	00.199943	(00.000893 +- 00.000074)	[00.000666,00.002160]
04_sampling             	    223	00.136195	(00.000611 +- 00.000059)	[00.000348,00.002124]
04b_intensity_sampling  	    223	00.190359	(00.000854 +- 00.000100)	[00.000611,00.001617]
05_registration         	    223	01.027038	(00.004606 +- 00.000772)	[00.002009,00.010183]
06_map                  	    223	00.212113	(00.000951 +- 00.000100)	[00.000640,00.003131]
07_imu_opt              	    223	00.276997	(00.001242 +- 00.000123)	[00.000002,00.003554]
08_publish              	    223	02.651054	(00.011888 +- 00.000949)	[00.007555,00.022598]
step                    	    226	05.545544	(00.024538 +- 00.001735)	[00.005045,00.047284]

INFO  Timings:
SM Timing
-----------
00_conversion_livox     	    228	02.601418	(00.011410 +- 00.000502)	[00.007809,00.020918]
01_filter               	    227	00.076229	(00.000336 +- 00.000040)	[00.000213,00.002236]
02_preint               	    225	00.008232	(00.000037 +- 00.000005)	[00.000026,00.000063]
02a_intensity_preprocess	    227	00.739376	(00.003257 +- 00.000217)	[00.002309,00.006182]
03_undistortion         	    225	00.200651	(00.000892 +- 00.000075)	[00.000666,00.002160]
04_sampling             	    224	00.136641	(00.000610 +- 00.000059)	[00.000348,00.002124]
04b_intensity_sampling  	    224	00.191012	(00.000853 +- 00.000102)	[00.000611,00.001617]
05_registration         	    224	01.030076	(00.004599 +- 00.000767)	[00.002009,00.010183]
06_map                  	    224	00.212788	(00.000950 +- 00.000102)	[00.000640,00.003131]
07_imu_opt              	    224	00.278295	(00.001242 +- 00.000121)	[00.000002,00.003554]
08_publish              	    224	02.658767	(00.011869 +- 00.000967)	[00.007555,00.022598]
step                    	    227	05.562761	(00.024506 +- 00.001766)	[00.005045,00.047284]

INFO  Timings:
SM Timing
-----------
00_conversion_livox     	    229	02.611421	(00.011404 +- 00.000481)	[00.007809,00.020918]
01_filter               	    228	00.076480	(00.000335 +- 00.000040)	[00.000213,00.002236]
02_preint               	    226	00.008258	(00.000037 +- 00.000005)	[00.000026,00.000063]
02a_intensity_preprocess	    228	00.741718	(00.003253 +- 00.000221)	[00.002309,00.006182]
03_undistortion         	    226	00.201556	(00.000892 +- 00.000076)	[00.000666,00.002160]
04_sampling             	    225	00.137074	(00.000609 +- 00.000059)	[00.000348,00.002124]
04b_intensity_sampling  	    225	00.191713	(00.000852 +- 00.000102)	[00.000611,00.001617]
05_registration         	    225	01.032116	(00.004587 +- 00.000777)	[00.002009,00.010183]
06_map                  	    225	00.213514	(00.000949 +- 00.000102)	[00.000640,00.003131]
07_imu_opt              	    225	00.279535	(00.001242 +- 00.000121)	[00.000002,00.003554]
08_publish              	    225	02.666373	(00.011851 +- 00.000984)	[00.007555,00.022598]
step                    	    228	05.579086	(00.024470 +- 00.001819)	[00.005045,00.047284]

INFO  Timings:
SM Timing
-----------
00_conversion_livox     	    230	02.621409	(00.011397 +- 00.000465)	[00.007809,00.020918]
01_filter               	    229	00.076710	(00.000335 +- 00.000040)	[00.000213,00.002236]
02_preint               	    227	00.008285	(00.000036 +- 00.000005)	[00.000026,00.000063]
02a_intensity_preprocess	    229	00.744099	(00.003249 +- 00.000222)	[00.002309,00.006182]
03_undistortion         	    227	00.202335	(00.000891 +- 00.000076)	[00.000666,00.002160]
04_sampling             	    226	00.137443	(00.000608 +- 00.000059)	[00.000348,00.002124]
04b_intensity_sampling  	    226	00.192285	(00.000851 +- 00.000101)	[00.000571,00.001617]
05_registration         	    226	01.033974	(00.004575 +- 00.000793)	[00.001858,00.010183]
06_map                  	    226	00.214140	(00.000948 +- 00.000105)	[00.000627,00.003131]
07_imu_opt              	    226	00.280676	(00.001242 +- 00.000123)	[00.000002,00.003554]
08_publish              	    226	02.673869	(00.011831 +- 00.001005)	[00.007497,00.022598]
step                    	    229	05.594639	(00.024431 +- 00.001883)	[00.005045,00.047284]

INFO  Timings:
SM Timing
-----------
00_conversion_livox     	    231	02.631451	(00.011392 +- 00.000459)	[00.007809,00.020918]
01_filter               	    230	00.076934	(00.000334 +- 00.000041)	[00.000213,00.002236]
02_preint               	    228	00.008322	(00.000036 +- 00.000005)	[00.000026,00.000063]
02a_intensity_preprocess	    230	00.746394	(00.003245 +- 00.000227)	[00.002295,00.006182]
03_undistortion         	    228	00.202960	(00.000890 +- 00.000081)	[00.000625,00.002160]
04_sampling             	    227	00.137814	(00.000607 +- 00.000060)	[00.000348,00.002124]
04b_intensity_sampling  	    227	00.192831	(00.000849 +- 00.000106)	[00.000546,00.001617]
05_registration         	    227	01.037798	(00.004572 +- 00.000801)	[00.001858,00.010183]
06_map                  	    227	00.214772	(00.000946 +- 00.000107)	[00.000627,00.003131]
07_imu_opt              	    227	00.281913	(00.001242 +- 00.000123)	[00.000002,00.003554]
08_publish              	    227	02.681094	(00.011811 +- 00.001035)	[00.007225,00.022598]
step                    	    230	05.611716	(00.024399 +- 00.001908)	[00.005045,00.047284]

INFO  Timings:
SM Timing
-----------
00_conversion_livox     	    232	02.641475	(00.011386 +- 00.000462)	[00.007809,00.020918]
01_filter               	    231	00.077157	(00.000334 +- 00.000041)	[00.000213,00.002236]
02_preint               	    229	00.008359	(00.000037 +- 00.000005)	[00.000026,00.000063]
02a_intensity_preprocess	    231	00.748566	(00.003241 +- 00.000236)	[00.002172,00.006182]
03_undistortion         	    229	00.203509	(00.000889 +- 00.000088)	[00.000550,00.002160]
04_sampling             	    228	00.138209	(00.000606 +- 00.000061)	[00.000348,00.002124]
04b_intensity_sampling  	    228	00.193385	(00.000848 +- 00.000110)	[00.000546,00.001617]
05_registration         	    228	01.039960	(00.004561 +- 00.000806)	[00.001858,00.010183]
06_map                  	    228	00.215362	(00.000945 +- 00.000110)	[00.000590,00.003131]
07_imu_opt              	    228	00.283513	(00.001243 +- 00.000130)	[00.000002,00.003554]
08_publish              	    228	02.687687	(00.011788 +- 00.001084)	[00.006593,00.022598]
step                    	    231	05.626719	(00.024358 +- 00.001999)	[00.005045,00.047284]

INFO  Timings:
SM Timing
-----------
00_conversion_livox     	    233	02.651162	(00.011378 +- 00.000471)	[00.007809,00.020918]
01_filter               	    232	00.077405	(00.000334 +- 00.000041)	[00.000213,00.002236]
02_preint               	    230	00.008385	(00.000036 +- 00.000005)	[00.000026,00.000063]
02a_intensity_preprocess	    232	00.750582	(00.003235 +- 00.000249)	[00.002016,00.006182]
03_undistortion         	    230	00.204105	(00.000887 +- 00.000092)	[00.000550,00.002160]
04_sampling             	    229	00.138591	(00.000605 +- 00.000062)	[00.000348,00.002124]
04b_intensity_sampling  	    229	00.193929	(00.000847 +- 00.000115)	[00.000544,00.001617]
05_registration         	    229	01.041614	(00.004549 +- 00.000826)	[00.001654,00.010183]
06_map                  	    229	00.215991	(00.000943 +- 00.000110)	[00.000590,00.003131]
07_imu_opt              	    229	00.285016	(00.001245 +- 00.000134)	[00.000002,00.003554]
08_publish              	    229	02.693694	(00.011763 +- 00.001156)	[00.006007,00.022598]
step                    	    232	05.640379	(00.024312 +- 00.002139)	[00.005045,00.047284]

INFO  Timings:
SM Timing
-----------
00_conversion_livox     	    234	02.661104	(00.011372 +- 00.000475)	[00.007809,00.020918]
01_filter               	    233	00.077619	(00.000333 +- 00.000042)	[00.000213,00.002236]
02_preint               	    231	00.008413	(00.000036 +- 00.000006)	[00.000026,00.000063]
02a_intensity_preprocess	    233	00.752492	(00.003230 +- 00.000266)	[00.001910,00.006182]
03_undistortion         	    231	00.204725	(00.000886 +- 00.000095)	[00.000550,00.002160]
04_sampling             	    230	00.138981	(00.000604 +- 00.000062)	[00.000348,00.002124]
04b_intensity_sampling  	    230	00.194444	(00.000845 +- 00.000120)	[00.000515,00.001617]
05_registration         	    230	01.044150	(00.004540 +- 00.000825)	[00.001654,00.010183]
06_map                  	    230	00.216547	(00.000942 +- 00.000115)	[00.000556,00.003131]
07_imu_opt              	    230	00.286497	(00.001246 +- 00.000136)	[00.000002,00.003554]
08_publish              	    230	02.699463	(00.011737 +- 00.001231)	[00.005769,00.022598]
step                    	    233	05.654453	(00.024268 +- 00.002249)	[00.005045,00.047284]

INFO  Timings:
SM Timing
-----------
00_conversion_livox     	    235	02.670948	(00.011366 +- 00.000480)	[00.007809,00.020918]
01_filter               	    234	00.077825	(00.000333 +- 00.000041)	[00.000207,00.002236]
02_preint               	    232	00.008449	(00.000036 +- 00.000005)	[00.000026,00.000063]
02a_intensity_preprocess	    234	00.754366	(00.003224 +- 00.000284)	[00.001874,00.006182]
03_undistortion         	    232	00.205125	(00.000884 +- 00.000110)	[00.000400,00.002160]
04_sampling             	    231	00.139279	(00.000603 +- 00.000066)	[00.000298,00.002124]
04b_intensity_sampling  	    231	00.194917	(00.000844 +- 00.000127)	[00.000473,00.001617]
05_registration         	    231	01.045830	(00.004527 +- 00.000843)	[00.001654,00.010183]
06_map                  	    231	00.217094	(00.000940 +- 00.000112)	[00.000547,00.003131]
07_imu_opt              	    231	00.287646	(00.001245 +- 00.000133)	[00.000002,00.003554]
08_publish              	    231	02.704736	(00.011709 +- 00.001320)	[00.005273,00.022598]
step                    	    234	05.666445	(00.024216 +- 00.002429)	[00.005045,00.047284]

INFO  Timings:
SM Timing
-----------
00_conversion_livox     	    236	02.681276	(00.011361 +- 00.000465)	[00.007809,00.020918]
01_filter               	    235	00.078077	(00.000332 +- 00.000041)	[00.000207,00.002236]
02_preint               	    233	00.008476	(00.000036 +- 00.000006)	[00.000026,00.000063]
02a_intensity_preprocess	    235	00.756090	(00.003217 +- 00.000307)	[00.001724,00.006182]
03_undistortion         	    233	00.205688	(00.000883 +- 00.000107)	[00.000400,00.002160]
04_sampling             	    232	00.139674	(00.000602 +- 00.000062)	[00.000298,00.002124]
04b_intensity_sampling  	    232	00.195556	(00.000843 +- 00.000128)	[00.000473,00.001617]
05_registration         	    232	01.048530	(00.004520 +- 00.000843)	[00.001654,00.010183]
06_map                  	    232	00.217704	(00.000938 +- 00.000114)	[00.000547,00.003131]
07_imu_opt              	    232	00.288892	(00.001245 +- 00.000134)	[00.000002,00.003554]
08_publish              	    232	02.709790	(00.011680 +- 00.001413)	[00.005054,00.022598]
step                    	    235	05.679718	(00.024169 +- 00.002531)	[00.005045,00.047284]

INFO  Timings:
SM Timing
-----------
00_conversion_livox     	    236	02.681276	(00.011361 +- 00.000465)	[00.007809,00.020918]
01_filter               	    236	00.078286	(00.000332 +- 00.000042)	[00.000207,00.002236]
02_preint               	    234	00.008503	(00.000036 +- 00.000006)	[00.000026,00.000063]
02a_intensity_preprocess	    236	00.757946	(00.003212 +- 00.000322)	[00.001724,00.006182]
03_undistortion         	    234	00.206159	(00.000881 +- 00.000115)	[00.000400,00.002160]
04_sampling             	    233	00.139944	(00.000601 +- 00.000067)	[00.000270,00.002124]
04b_intensity_sampling  	    233	00.195938	(00.000841 +- 00.000138)	[00.000382,00.001617]
05_registration         	    233	01.049797	(00.004506 +- 00.000875)	[00.001267,00.010183]
06_map                  	    233	00.218177	(00.000936 +- 00.000120)	[00.000474,00.003131]
07_imu_opt              	    233	00.289983	(00.001245 +- 00.000136)	[00.000002,00.003554]
08_publish              	    233	02.714932	(00.011652 +- 00.001495)	[00.005054,00.022598]
step                    	    236	05.690972	(00.024114 +- 00.002732)	[00.005045,00.047284]

INFO  Timings:
SM Timing
-----------
00_conversion_livox     	    238	02.700711	(00.011348 +- 00.000488)	[00.007809,00.020918]
01_filter               	    237	00.078504	(00.000331 +- 00.000042)	[00.000207,00.002236]
02_preint               	    235	00.008531	(00.000036 +- 00.000006)	[00.000026,00.000063]
02a_intensity_preprocess	    237	00.759660	(00.003205 +- 00.000341)	[00.001714,00.006182]
03_undistortion         	    235	00.206520	(00.000879 +- 00.000128)	[00.000361,00.002160]
04_sampling             	    234	00.140194	(00.000599 +- 00.000073)	[00.000251,00.002124]
04b_intensity_sampling  	    234	00.196369	(00.000839 +- 00.000145)	[00.000382,00.001617]
05_registration         	    234	01.051138	(00.004492 +- 00.000901)	[00.001267,00.010183]
06_map                  	    234	00.218650	(00.000934 +- 00.000126)	[00.000473,00.003131]
07_imu_opt              	    234	00.291353	(00.001245 +- 00.000137)	[00.000002,00.003554]
08_publish              	    234	02.719662	(00.011622 +- 00.001584)	[00.004730,00.022598]
step                    	    237	05.701943	(00.024059 +- 00.002923)	[00.005045,00.047284]

INFO  Timings:
SM Timing
-----------
00_conversion_livox     	    239	02.710747	(00.011342 +- 00.000490)	[00.007809,00.020918]
01_filter               	    238	00.078737	(00.000331 +- 00.000042)	[00.000207,00.002236]
02_preint               	    236	00.008555	(00.000036 +- 00.000006)	[00.000024,00.000063]
02a_intensity_preprocess	    238	00.761177	(00.003198 +- 00.000367)	[00.001517,00.006182]
03_undistortion         	    236	00.206901	(00.000877 +- 00.000138)	[00.000361,00.002160]
04_sampling             	    235	00.140529	(00.000598 +- 00.000075)	[00.000251,00.002124]
04b_intensity_sampling  	    235	00.196928	(00.000838 +- 00.000147)	[00.000382,00.001617]
05_registration         	    235	01.054111	(00.004486 +- 00.000880)	[00.001267,00.010183]
06_map                  	    235	00.219232	(00.000933 +- 00.000129)	[00.000473,00.003131]
07_imu_opt              	    235	00.292596	(00.001245 +- 00.000137)	[00.000002,00.003554]
08_publish              	    235	02.723756	(00.011590 +- 00.001691)	[00.004094,00.022598]
step                    	    238	05.713949	(00.024008 +- 00.003019)	[00.005045,00.047284]

INFO  Timings:
SM Timing
-----------
00_conversion_livox     	    240	02.719885	(00.011333 +- 00.000516)	[00.007809,00.020918]
01_filter               	    239	00.078960	(00.000330 +- 00.000042)	[00.000207,00.002236]
02_preint               	    237	00.008581	(00.000036 +- 00.000006)	[00.000024,00.000063]
02a_intensity_preprocess	    239	00.762647	(00.003191 +- 00.000394)	[00.001470,00.006182]
03_undistortion         	    237	00.207254	(00.000874 +- 00.000149)	[00.000353,00.002160]
04_sampling             	    236	00.140781	(00.000597 +- 00.000079)	[00.000251,00.002124]
04b_intensity_sampling  	    236	00.197375	(00.000836 +- 00.000150)	[00.000382,00.001617]
05_registration         	    236	01.055837	(00.004474 +- 00.000879)	[00.001267,00.010183]
06_map                  	    236	00.219756	(00.000931 +- 00.000130)	[00.000473,00.003131]
07_imu_opt              	    236	00.293636	(00.001244 +- 00.000138)	[00.000002,00.003554]
08_publish              	    236	02.727438	(00.011557 +- 00.001808)	[00.003682,00.022598]
step                    	    239	05.723757	(00.023949 +- 00.003203)	[00.005045,00.047284]

INFO  Timings:
SM Timing
-----------
00_conversion_livox     	    241	02.728935	(00.011323 +- 00.000537)	[00.007809,00.020918]
01_filter               	    240	00.079180	(00.000330 +- 00.000042)	[00.000207,00.002236]
02_preint               	    238	00.008608	(00.000036 +- 00.000006)	[00.000024,00.000063]
02a_intensity_preprocess	    240	00.764102	(00.003184 +- 00.000417)	[00.001454,00.006182]
03_undistortion         	    238	00.207663	(00.000873 +- 00.000156)	[00.000353,00.002160]
04_sampling             	    237	00.141023	(00.000595 +- 00.000081)	[00.000242,00.002124]
04b_intensity_sampling  	    237	00.197727	(00.000834 +- 00.000159)	[00.000353,00.001617]
05_registration         	    237	01.057587	(00.004462 +- 00.000891)	[00.001267,00.010183]
06_map                  	    237	00.220133	(00.000929 +- 00.000137)	[00.000376,00.003131]
07_imu_opt              	    237	00.294739	(00.001244 +- 00.000137)	[00.000002,00.003554]
08_publish              	    237	02.731204	(00.011524 +- 00.001907)	[00.003682,00.022598]
step                    	    240	05.733509	(00.023890 +- 00.003383)	[00.005045,00.047284]

INFO  Timings:
SM Timing
-----------
00_conversion_livox     	    241	02.728935	(00.011323 +- 00.000537)	[00.007809,00.020918]
01_filter               	    241	00.079352	(00.000329 +- 00.000044)	[00.000172,00.002236]
02_preint               	    239	00.008634	(00.000036 +- 00.000006)	[00.000024,00.000063]
02a_intensity_preprocess	    241	00.765630	(00.003177 +- 00.000434)	[00.001454,00.006182]
03_undistortion         	    239	00.208066	(00.000871 +- 00.000162)	[00.000353,00.002160]
04_sampling             	    238	00.141248	(00.000593 +- 00.000086)	[00.000226,00.002124]
04b_intensity_sampling  	    238	00.198071	(00.000832 +- 00.000163)	[00.000344,00.001617]
05_registration         	    238	01.058920	(00.004449 +- 00.000912)	[00.001267,00.010183]
06_map                  	    238	00.220548	(00.000927 +- 00.000144)	[00.000376,00.003131]
07_imu_opt              	    238	00.295833	(00.001243 +- 00.000140)	[00.000002,00.003554]
08_publish              	    238	02.734974	(00.011491 +- 00.001998)	[00.003682,00.022598]
step                    	    241	05.742869	(00.023829 +- 00.003563)	[00.005045,00.047284]

INFO  Timings:
SM Timing
-----------
00_conversion_livox     	    243	02.747977	(00.011309 +- 00.000551)	[00.007809,00.020918]
01_filter               	    242	00.079524	(00.000329 +- 00.000045)	[00.000172,00.002236]
02_preint               	    240	00.008670	(00.000036 +- 00.000006)	[00.000024,00.000063]
02a_intensity_preprocess	    242	00.767133	(00.003170 +- 00.000451)	[00.001454,00.006182]
03_undistortion         	    240	00.208382	(00.000868 +- 00.000172)	[00.000316,00.002160]
04_sampling             	    239	00.141516	(00.000592 +- 00.000089)	[00.000226,00.002124]
04b_intensity_sampling  	    239	00.198582	(00.000831 +- 00.000163)	[00.000344,00.001617]
05_registration         	    239	01.060663	(00.004438 +- 00.000922)	[00.001267,00.010183]
06_map                  	    239	00.221021	(00.000925 +- 00.000143)	[00.000376,00.003131]
07_imu_opt              	    239	00.296926	(00.001242 +- 00.000142)	[00.000002,00.003554]
08_publish              	    239	02.738695	(00.011459 +- 00.002081)	[00.003682,00.022598]
step                    	    242	05.752756	(00.023772 +- 00.003707)	[00.005045,00.047284]

INFO  Timings:
SM Timing
-----------
00_conversion_livox     	    244	02.757532	(00.011301 +- 00.000556)	[00.007809,00.020918]
01_filter               	    243	00.079721	(00.000328 +- 00.000046)	[00.000172,00.002236]
02_preint               	    241	00.008695	(00.000036 +- 00.000006)	[00.000024,00.000063]
02a_intensity_preprocess	    243	00.768610	(00.003163 +- 00.000466)	[00.001454,00.006182]
03_undistortion         	    241	00.208752	(00.000866 +- 00.000178)	[00.000316,00.002160]
04_sampling             	    240	00.141767	(00.000591 +- 00.000092)	[00.000226,00.002124]
04b_intensity_sampling  	    240	00.198970	(00.000829 +- 00.000168)	[00.000344,00.001617]
05_registration         	    240	01.061807	(00.004424 +- 00.000946)	[00.001143,00.010183]
06_map                  	    240	00.221429	(00.000923 +- 00.000145)	[00.000376,00.003131]
07_imu_opt              	    240	00.298140	(00.001242 +- 00.000142)	[00.000002,00.003554]
08_publish              	    240	02.742258	(00.011426 +- 00.002153)	[00.003563,00.022598]
step                    	    243	05.761860	(00.023711 +- 00.003852)	[00.005045,00.047284]

INFO  Timings:
SM Timing
-----------
00_conversion_livox     	    245	02.766901	(00.011293 +- 00.000558)	[00.007809,00.020918]
01_filter               	    244	00.079907	(00.000327 +- 00.000046)	[00.000172,00.002236]
02_preint               	    242	00.008721	(00.000036 +- 00.000007)	[00.000024,00.000063]
02a_intensity_preprocess	    244	00.770048	(00.003156 +- 00.000482)	[00.001438,00.006182]
03_undistortion         	    242	00.209141	(00.000864 +- 00.000184)	[00.000316,00.002160]
04_sampling             	    241	00.142087	(00.000590 +- 00.000091)	[00.000226,00.002124]
04b_intensity_sampling  	    241	00.199449	(00.000828 +- 00.000171)	[00.000344,00.001617]
05_registration         	    241	01.062995	(00.004411 +- 00.000968)	[00.001143,00.010183]
06_map                  	    241	00.221918	(00.000921 +- 00.000148)	[00.000376,00.003131]
07_imu_opt              	    241	00.299480	(00.001243 +- 00.000141)	[00.000002,00.003554]
08_publish              	    241	02.745715	(00.011393 +- 00.002229)	[00.003457,00.022598]
step                    	    244	05.771239	(00.023653 +- 00.003993)	[00.005045,00.047284]

INFO  Timings:
SM Timing
-----------
00_conversion_livox     	    246	02.776351	(00.011286 +- 00.000565)	[00.007809,00.020918]
01_filter               	    245	00.080107	(00.000327 +- 00.000047)	[00.000172,00.002236]
02_preint               	    243	00.008746	(00.000036 +- 00.000007)	[00.000024,00.000063]
02a_intensity_preprocess	    245	00.771515	(00.003149 +- 00.000495)	[00.001438,00.006182]
03_undistortion         	    243	00.209546	(00.000862 +- 00.000188)	[00.000316,00.002160]
04_sampling             	    242	00.142417	(00.000588 +- 00.000091)	[00.000226,00.002124]
04b_intensity_sampling  	    242	00.199904	(00.000826 +- 00.000173)	[00.000344,00.001617]
05_registration         	    242	01.064596	(00.004399 +- 00.000979)	[00.001143,00.010183]
06_map                  	    242	00.222431	(00.000919 +- 00.000145)	[00.000376,00.003131]
07_imu_opt              	    242	00.300523	(00.001242 +- 00.000144)	[00.000002,00.003554]
08_publish              	    242	02.749134	(00.011360 +- 00.002289)	[00.003418,00.022598]
step                    	    245	05.780750	(00.023595 +- 00.004099)	[00.005045,00.047284]

INFO  Timings:
SM Timing
-----------
00_conversion_livox     	    247	02.785844	(00.011279 +- 00.000566)	[00.007809,00.020918]
01_filter               	    246	00.080285	(00.000326 +- 00.000047)	[00.000172,00.002236]
02_preint               	    244	00.008773	(00.000036 +- 00.000007)	[00.000024,00.000063]
02a_intensity_preprocess	    246	00.772895	(00.003142 +- 00.000510)	[00.001380,00.006182]
03_undistortion         	    244	00.209952	(00.000860 +- 00.000192)	[00.000316,00.002160]
04_sampling             	    243	00.142699	(00.000587 +- 00.000093)	[00.000226,00.002124]
04b_intensity_sampling  	    243	00.200275	(00.000824 +- 00.000179)	[00.000344,00.001617]
05_registration         	    243	01.066149	(00.004387 +- 00.000991)	[00.001143,00.010183]
06_map                  	    243	00.222934	(00.000917 +- 00.000147)	[00.000376,00.003131]
07_imu_opt              	    243	00.301946	(00.001243 +- 00.000145)	[00.000002,00.003554]
08_publish              	    243	02.752295	(00.011326 +- 00.002350)	[00.003162,00.022598]
step                    	    246	05.790089	(00.023537 +- 00.004204)	[00.005045,00.047284]

INFO  Timings:
SM Timing
-----------
00_conversion_livox     	    248	02.795238	(00.011271 +- 00.000573)	[00.007809,00.020918]
01_filter               	    247	00.080447	(00.000326 +- 00.000049)	[00.000161,00.002236]
02_preint               	    245	00.008800	(00.000036 +- 00.000007)	[00.000024,00.000063]
02a_intensity_preprocess	    247	00.774188	(00.003134 +- 00.000527)	[00.001293,00.006182]
03_undistortion         	    245	00.210229	(00.000858 +- 00.000199)	[00.000278,00.002160]
04_sampling             	    244	00.142963	(00.000586 +- 00.000094)	[00.000226,00.002124]
04b_intensity_sampling  	    244	00.200697	(00.000823 +- 00.000180)	[00.000344,00.001617]
05_registration         	    244	01.067937	(00.004377 +- 00.000994)	[00.001143,00.010183]
06_map                  	    244	00.223243	(00.000915 +- 00.000155)	[00.000310,00.003131]
07_imu_opt              	    244	00.303548	(00.001244 +- 00.000152)	[00.000002,00.003554]
08_publish              	    244	02.755169	(00.011292 +- 00.002420)	[00.002873,00.022598]
step                    	    247	05.799154	(00.023478 +- 00.004304)	[00.005045,00.047284]

INFO  Timings:
SM Timing
-----------
00_conversion_livox     	    249	02.804485	(00.011263 +- 00.000585)	[00.007809,00.020918]
01_filter               	    248	00.080649	(00.000325 +- 00.000049)	[00.000161,00.002236]
02_preint               	    246	00.008828	(00.000036 +- 00.000007)	[00.000024,00.000063]
02a_intensity_preprocess	    248	00.775518	(00.003127 +- 00.000541)	[00.001293,00.006182]
03_undistortion         	    246	00.210554	(00.000856 +- 00.000205)	[00.000278,00.002160]
04_sampling             	    245	00.143236	(00.000585 +- 00.000096)	[00.000226,00.002124]
04b_intensity_sampling  	    245	00.201078	(00.000821 +- 00.000185)	[00.000344,00.001617]
05_registration         	    245	01.069883	(00.004367 +- 00.000968)	[00.001143,00.010183]
06_map                  	    245	00.223543	(00.000912 +- 00.000164)	[00.000299,00.003131]
07_imu_opt              	    245	00.305282	(00.001246 +- 00.000165)	[00.000002,00.003554]
08_publish              	    245	02.758240	(00.011258 +- 00.002467)	[00.002873,00.022598]
step                    	    248	05.808800	(00.023423 +- 00.004349)	[00.005045,00.047284]

INFO  Timings:
SM Timing
-----------
00_conversion_livox     	    250	02.813716	(00.011255 +- 00.000592)	[00.007809,00.020918]
01_filter               	    249	00.080820	(00.000325 +- 00.000050)	[00.000161,00.002236]
02_preint               	    247	00.008864	(00.000036 +- 00.000007)	[00.000024,00.000063]
02a_intensity_preprocess	    249	00.776942	(00.003120 +- 00.000548)	[00.001293,00.006182]
03_undistortion         	    247	00.210925	(00.000854 +- 00.000209)	[00.000278,00.002160]
04_sampling             	    246	00.143489	(00.000583 +- 00.000097)	[00.000226,00.002124]
04b_intensity_sampling  	    246	00.201454	(00.000819 +- 00.000184)	[00.000344,00.001617]
05_registration         	    246	01.071965	(00.004358 +- 00.000946)	[00.001143,00.010183]
06_map                  	    246	00.224000	(00.000911 +- 00.000166)	[00.000299,00.003131]
07_imu_opt              	    246	00.306712	(00.001247 +- 00.000166)	[00.000002,00.003554]
08_publish              	    246	02.761827	(00.011227 +- 00.002493)	[00.002873,00.022598]
step                    	    249	05.819044	(00.023370 +- 00.004362)	[00.005045,00.047284]

INFO  Timings:
SM Timing
-----------
00_conversion_livox     	    251	02.823581	(00.011249 +- 00.000592)	[00.007809,00.020918]
01_filter               	    250	00.081018	(00.000324 +- 00.000050)	[00.000161,00.002236]
02_preint               	    248	00.008894	(00.000036 +- 00.000007)	[00.000024,00.000063]
02a_intensity_preprocess	    250	00.778587	(00.003114 +- 00.000550)	[00.001293,00.006182]
03_undistortion         	    248	00.211492	(00.000853 +- 00.000208)	[00.000278,00.002160]
04_sampling             	    247	00.143773	(00.000582 +- 00.000098)	[00.000226,00.002124]
04b_intensity_sampling  	    247	00.201947	(00.000818 +- 00.000184)	[00.000344,00.001617]
05_registration         	    247	01.073720	(00.004347 +- 00.000938)	[00.001143,00.010183]
06_map                  	    247	00.224507	(00.000909 +- 00.000166)	[00.000299,00.003131]
07_imu_opt              	    247	00.308206	(00.001248 +- 00.000168)	[00.000002,00.003554]
08_publish              	    247	02.766043	(00.011199 +- 00.002502)	[00.002873,00.022598]
step                    	    250	05.830293	(00.023321 +- 00.004361)	[00.005045,00.047284]

INFO  Timings:
SM Timing
-----------
00_conversion_livox     	    252	02.833621	(00.011245 +- 00.000590)	[00.007809,00.020918]
01_filter               	    251	00.081209	(00.000324 +- 00.000039)	[00.000161,00.002236]
02_preint               	    249	00.008930	(00.000036 +- 00.000006)	[00.000024,00.000063]
02a_intensity_preprocess	    251	00.780278	(00.003109 +- 00.000550)	[00.001293,00.006182]
03_undistortion         	    249	00.211939	(00.000851 +- 00.000208)	[00.000278,00.002160]
04_sampling             	    248	00.144113	(00.000581 +- 00.000098)	[00.000226,00.002124]
04b_intensity_sampling  	    248	00.202539	(00.000817 +- 00.000180)	[00.000344,00.001617]
05_registration         	    248	01.076370	(00.004340 +- 00.000938)	[00.001143,00.010183]
06_map                  	    248	00.225032	(00.000907 +- 00.000166)	[00.000299,00.003131]
07_imu_opt              	    248	00.309513	(00.001248 +- 00.000168)	[00.000002,00.003554]
08_publish              	    248	02.770656	(00.011172 +- 00.002501)	[00.002873,00.022598]
step                    	    251	05.842764	(00.023278 +- 00.004353)	[00.005045,00.047284]

INFO  Timings:
SM Timing
-----------
00_conversion_livox     	    253	02.844140	(00.011242 +- 00.000592)	[00.007809,00.020918]
01_filter               	    252	00.081433	(00.000323 +- 00.000039)	[00.000161,00.002236]
02_preint               	    250	00.008957	(00.000036 +- 00.000007)	[00.000024,00.000063]
02a_intensity_preprocess	    252	00.782034	(00.003103 +- 00.000548)	[00.001293,00.006182]
03_undistortion         	    250	00.212323	(00.000849 +- 00.000210)	[00.000278,00.002160]
04_sampling             	    249	00.144442	(00.000580 +- 00.000098)	[00.000226,00.002124]
04b_intensity_sampling  	    249	00.203108	(00.000816 +- 00.000179)	[00.000344,00.001617]
05_registration         	    249	01.078849	(00.004333 +- 00.000938)	[00.001143,00.010183]
06_map                  	    249	00.225675	(00.000906 +- 00.000165)	[00.000299,00.003131]
07_imu_opt              	    249	00.310580	(00.001247 +- 00.000171)	[00.000002,00.003554]
08_publish              	    249	02.775616	(00.011147 +- 00.002485)	[00.002873,00.022598]
step                    	    252	05.855247	(00.023235 +- 00.004342)	[00.005045,00.047284]

INFO  Timings:
SM Timing
-----------
00_conversion_livox     	    254	02.854344	(00.011238 +- 00.000547)	[00.007809,00.020918]
01_filter               	    253	00.081699	(00.000323 +- 00.000035)	[00.000161,00.002236]
02_preint               	    251	00.008983	(00.000036 +- 00.000006)	[00.000024,00.000063]
02a_intensity_preprocess	    253	00.783838	(00.003098 +- 00.000509)	[00.001293,00.006182]
03_undistortion         	    251	00.212773	(00.000848 +- 00.000208)	[00.000278,00.002160]
04_sampling             	    250	00.144768	(00.000579 +- 00.000098)	[00.000226,00.002124]
04b_intensity_sampling  	    250	00.203600	(00.000814 +- 00.000176)	[00.000344,00.001617]
05_registration         	    250	01.081270	(00.004325 +- 00.000924)	[00.001143,00.010183]
06_map                  	    250	00.226177	(00.000905 +- 00.000160)	[00.000299,00.003131]
07_imu_opt              	    250	00.312109	(00.001248 +- 00.000157)	[00.000002,00.003554]
08_publish              	    250	02.780843	(00.011123 +- 00.002415)	[00.002873,00.022598]
step                    	    253	05.868367	(00.023195 +- 00.004177)	[00.005045,00.047284]

INFO  Timings:
SM Timing
-----------
00_conversion_livox     	    255	02.864548	(00.011234 +- 00.000503)	[00.007809,00.020918]
01_filter               	    254	00.081963	(00.000323 +- 00.000035)	[00.000161,00.002236]
02_preint               	    252	00.009009	(00.000036 +- 00.000006)	[00.000024,00.000063]
02a_intensity_preprocess	    254	00.785664	(00.003093 +- 00.000498)	[00.001293,00.006182]
03_undistortion         	    252	00.213176	(00.000846 +- 00.000208)	[00.000278,00.002160]
04_sampling             	    251	00.145142	(00.000578 +- 00.000095)	[00.000226,00.002124]
04b_intensity_sampling  	    251	00.204050	(00.000813 +- 00.000171)	[00.000344,00.001617]
05_registration         	    251	01.083848	(00.004318 +- 00.000916)	[00.001143,00.010183]
06_map                  	    251	00.226681	(00.000903 +- 00.000156)	[00.000299,00.003131]
07_imu_opt              	    251	00.313293	(00.001248 +- 00.000157)	[00.000002,00.003554]
08_publish              	    251	02.786175	(00.011100 +- 00.002370)	[00.002873,00.022598]
step                    	    254	05.881386	(00.023155 +- 00.004089)	[00.005045,00.047284]

INFO  Timings:
SM Timing
-----------
00_conversion_livox     	    256	02.874907	(00.011230 +- 00.000488)	[00.007809,00.020918]
01_filter               	    255	00.082167	(00.000322 +- 00.000032)	[00.000161,00.002236]
02_preint               	    253	00.009037	(00.000036 +- 00.000006)	[00.000024,00.000063]
02a_intensity_preprocess	    255	00.787572	(00.003089 +- 00.000488)	[00.001293,00.006182]
03_undistortion         	    253	00.213633	(00.000844 +- 00.000204)	[00.000278,00.002160]
04_sampling             	    252	00.145501	(00.000577 +- 00.000095)	[00.000226,00.002124]
04b_intensity_sampling  	    252	00.204646	(00.000812 +- 00.000169)	[00.000344,00.001617]
05_registration         	    252	01.087012	(00.004314 +- 00.000917)	[00.001143,00.010183]
06_map                  	    252	00.228333	(00.000906 +- 00.000209)	[00.000299,00.003131]
07_imu_opt              	    252	00.314600	(00.001248 +- 00.000157)	[00.000002,00.003554]
08_publish              	    252	02.791688	(00.011078 +- 00.002314)	[00.002873,00.022598]
step                    	    255	05.896643	(00.023124 +- 00.003994)	[00.005045,00.047284]

INFO  Timings:
SM Timing
-----------
00_conversion_livox     	    257	02.884506	(00.011224 +- 00.000470)	[00.007809,00.020918]
01_filter               	    256	00.082420	(00.000322 +- 00.000031)	[00.000161,00.002236]
02_preint               	    254	00.009064	(00.000036 +- 00.000006)	[00.000024,00.000063]
02a_intensity_preprocess	    256	00.789569	(00.003084 +- 00.000476)	[00.001293,00.006182]
03_undistortion         	    254	00.214136	(00.000843 +- 00.000202)	[00.000278,00.002160]
04_sampling             	    253	00.145862	(00.000577 +- 00.000093)	[00.000226,00.002124]
04b_intensity_sampling  	    253	00.205204	(00.000811 +- 00.000165)	[00.000344,00.001617]
05_registration         	    253	01.088534	(00.004303 +- 00.000665)	[00.001143,00.010183]
06_map                  	    253	00.228864	(00.000905 +- 00.000208)	[00.000299,00.003131]
07_imu_opt              	    253	00.315795	(00.001248 +- 00.000156)	[00.000002,00.003554]
08_publish              	    253	02.797395	(00.011057 +- 00.002242)	[00.002873,00.022598]
step                    	    256	05.909365	(00.023083 +- 00.003721)	[00.005045,00.047284]

INFO  Timings:
SM Timing
-----------
00_conversion_livox     	    258	02.893869	(00.011217 +- 00.000442)	[00.007809,00.020918]
01_filter               	    257	00.082669	(00.000322 +- 00.000029)	[00.000161,00.002236]
02_preint               	    255	00.009101	(00.000036 +- 00.000006)	[00.000024,00.000063]
02a_intensity_preprocess	    257	00.791527	(00.003080 +- 00.000466)	[00.001293,00.006182]
03_undistortion         	    255	00.214726	(00.000842 +- 00.000197)	[00.000278,00.002160]
04_sampling             	    254	00.146258	(00.000576 +- 00.000093)	[00.000226,00.002124]
04b_intensity_sampling  	    254	00.205870	(00.000811 +- 00.000164)	[00.000344,00.001617]
05_registration         	    254	01.090455	(00.004293 +- 00.000667)	[00.001143,00.010183]
06_map                  	    254	00.229523	(00.000904 +- 00.000203)	[00.000299,00.003131]
07_imu_opt              	    254	00.316930	(00.001248 +- 00.000157)	[00.000002,00.003554]
08_publish              	    254	02.803608	(00.011038 +- 00.002181)	[00.002873,00.022598]
step                    	    257	05.923243	(00.023048 +- 00.003642)	[00.005045,00.047284]

INFO  Timings:
SM Timing
-----------
00_conversion_livox     	    259	02.903992	(00.011212 +- 00.000431)	[00.007809,00.020918]
01_filter               	    258	00.082916	(00.000321 +- 00.000029)	[00.000161,00.002236]
02_preint               	    256	00.009137	(00.000036 +- 00.000006)	[00.000024,00.000063]
02a_intensity_preprocess	    258	00.793691	(00.003076 +- 00.000450)	[00.001293,00.006182]
03_undistortion         	    256	00.215313	(00.000841 +- 00.000191)	[00.000278,00.002160]
04_sampling             	    255	00.146716	(00.000575 +- 00.000091)	[00.000226,00.002124]
04b_intensity_sampling  	    255	00.206589	(00.000810 +- 00.000163)	[00.000344,00.001617]
05_registration         	    255	01.092125	(00.004283 +- 00.000668)	[00.001143,00.010183]
06_map                  	    255	00.230088	(00.000902 +- 00.000202)	[00.000299,00.003131]
07_imu_opt              	    255	00.318133	(00.001248 +- 00.000157)	[00.000002,00.003554]
08_publish              	    255	02.810721	(00.011022 +- 00.002117)	[00.002873,00.022598]
step                    	    258	05.938078	(00.023016 +- 00.003540)	[00.005045,00.047284]

INFO  Timings:
SM Timing
-----------
00_conversion_livox     	    260	02.914621	(00.011210 +- 00.000429)	[00.007809,00.020918]
01_filter               	    259	00.083147	(00.000321 +- 00.000029)	[00.000161,00.002236]
02_preint               	    257	00.009170	(00.000036 +- 00.000006)	[00.000024,00.000063]
02a_intensity_preprocess	    259	00.795951	(00.003073 +- 00.000437)	[00.001293,00.006182]
03_undistortion         	    257	00.215943	(00.000840 +- 00.000186)	[00.000278,00.002160]
04_sampling             	    256	00.147191	(00.000575 +- 00.000092)	[00.000226,00.002124]
04b_intensity_sampling  	    256	00.207216	(00.000809 +- 00.000160)	[00.000344,00.001617]
05_registration         	    256	01.094358	(00.004275 +- 00.000667)	[00.001143,00.010183]
06_map                  	    256	00.230784	(00.000902 +- 00.000201)	[00.000299,00.003131]
07_imu_opt              	    256	00.319420	(00.001248 +- 00.000157)	[00.000002,00.003554]
08_publish              	    256	02.818315	(00.011009 +- 00.002056)	[00.002873,00.022598]
step                    	    259	05.954216	(00.022989 +- 00.003453)	[00.005045,00.047284]

INFO  Timings:
SM Timing
-----------
00_conversion_livox     	    261	02.924656	(00.011206 +- 00.000415)	[00.007809,00.020918]
01_filter               	    260	00.083394	(00.000321 +- 00.000028)	[00.000161,00.002236]
02_preint               	    258	00.009206	(00.000036 +- 00.000005)	[00.000024,00.000063]
02a_intensity_preprocess	    260	00.798374	(00.003071 +- 00.000430)	[00.001293,00.006182]
03_undistortion         	    258	00.216677	(00.000840 +- 00.000181)	[00.000278,00.002160]
04_sampling             	    257	00.147591	(00.000574 +- 00.000092)	[00.000226,00.002124]
04b_intensity_sampling  	    257	00.207926	(00.000809 +- 00.000160)	[00.000344,00.001617]
05_registration         	    257	01.096795	(00.004268 +- 00.000667)	[00.001143,00.010183]
06_map                  	    257	00.231411	(00.000900 +- 00.000201)	[00.000299,00.003131]
07_imu_opt              	    257	00.320659	(00.001248 +- 00.000157)	[00.000002,00.003554]
08_publish              	    257	02.826803	(00.010999 +- 00.002022)	[00.002873,00.022598]
step                    	    260	05.971628	(00.022968 +- 00.003411)	[00.005045,00.047284]

INFO  Timings:
SM Timing
-----------
00_conversion_livox     	    262	02.934719	(00.011201 +- 00.000409)	[00.007809,00.020918]
01_filter               	    261	00.083647	(00.000320 +- 00.000028)	[00.000161,00.002236]
02_preint               	    259	00.009244	(00.000036 +- 00.000005)	[00.000024,00.000063]
02a_intensity_preprocess	    261	00.800850	(00.003068 +- 00.000424)	[00.001293,00.006182]
03_undistortion         	    259	00.217392	(00.000839 +- 00.000177)	[00.000278,00.002160]
04_sampling             	    258	00.148004	(00.000574 +- 00.000087)	[00.000226,00.002124]
04b_intensity_sampling  	    258	00.208614	(00.000809 +- 00.000151)	[00.000344,00.001617]
05_registration         	    258	01.100182	(00.004264 +- 00.000658)	[00.001143,00.010183]
06_map                  	    258	00.232235	(00.000900 +- 00.000203)	[00.000299,00.003131]
07_imu_opt              	    258	00.321941	(00.001248 +- 00.000157)	[00.000002,00.003554]
08_publish              	    258	02.835743	(00.010991 +- 00.001995)	[00.002873,00.022598]
step                    	    261	05.990746	(00.022953 +- 00.003349)	[00.005045,00.047284]

INFO  Timings:
SM Timing
-----------
00_conversion_livox     	    263	02.945497	(00.011200 +- 00.000420)	[00.007809,00.020918]
01_filter               	    262	00.083941	(00.000320 +- 00.000029)	[00.000161,00.002236]
02_preint               	    260	00.009285	(00.000036 +- 00.000005)	[00.000024,00.000063]
02a_intensity_preprocess	    262	00.803406	(00.003066 +- 00.000421)	[00.001293,00.006182]
03_undistortion         	    260	00.218176	(00.000839 +- 00.000178)	[00.000278,00.002160]
04_sampling             	    259	00.148357	(00.000573 +- 00.000080)	[00.000226,00.002124]
04b_intensity_sampling  	    259	00.209359	(00.000808 +- 00.000140)	[00.000344,00.001617]
05_registration         	    259	01.102052	(00.004255 +- 00.000659)	[00.001143,00.010183]
06_map                  	    259	00.232977	(00.000900 +- 00.000203)	[00.000299,00.003131]
07_imu_opt              	    259	00.323162	(00.001248 +- 00.000157)	[00.000002,00.003554]
08_publish              	    259	02.844341	(00.010982 +- 00.001954)	[00.002873,00.022598]
step                    	    262	06.008019	(00.022931 +- 00.003281)	[00.005045,00.047284]

INFO  Timings:
SM Timing
-----------
00_conversion_livox     	    264	02.955869	(00.011196 +- 00.000400)	[00.007809,00.020918]
01_filter               	    263	00.084228	(00.000320 +- 00.000031)	[00.000161,00.002236]
02_preint               	    261	00.009326	(00.000036 +- 00.000005)	[00.000024,00.000063]
02a_intensity_preprocess	    263	00.805881	(00.003064 +- 00.000414)	[00.001293,00.006182]
03_undistortion         	    261	00.218853	(00.000839 +- 00.000176)	[00.000278,00.002160]
04_sampling             	    260	00.148783	(00.000572 +- 00.000079)	[00.000226,00.002124]
04b_intensity_sampling  	    260	00.210074	(00.000808 +- 00.000131)	[00.000344,00.001617]
05_registration         	    260	01.105476	(00.004252 +- 00.000672)	[00.001143,00.010183]
06_map                  	    260	00.233712	(00.000899 +- 00.000199)	[00.000299,00.003131]
07_imu_opt              	    260	00.324431	(00.001248 +- 00.000156)	[00.000002,00.003554]
08_publish              	    260	02.852826	(00.010972 +- 00.001917)	[00.002873,00.022598]
step                    	    263	06.026634	(00.022915 +- 00.003235)	[00.005045,00.047284]

INFO  Timings:
SM Timing
-----------
00_conversion_livox     	    265	02.966435	(00.011194 +- 00.000404)	[00.007809,00.020918]
01_filter               	    264	00.084499	(00.000320 +- 00.000031)	[00.000161,00.002236]
02_preint               	    262	00.009364	(00.000036 +- 00.000005)	[00.000024,00.000063]
02a_intensity_preprocess	    264	00.808231	(00.003061 +- 00.000405)	[00.001293,00.006182]
03_undistortion         	    262	00.219443	(00.000838 +- 00.000173)	[00.000278,00.002160]
04_sampling             	    261	00.149174	(00.000572 +- 00.000078)	[00.000226,00.002124]
04b_intensity_sampling  	    261	00.210746	(00.000807 +- 00.000128)	[00.000344,00.001617]
05_registration         	    261	01.107263	(00.004242 +- 00.000666)	[00.001143,00.010183]
06_map                  	    261	00.234355	(00.000898 +- 00.000198)	[00.000299,00.003131]
07_imu_opt              	    261	00.325677	(00.001248 +- 00.000156)	[00.000002,00.003554]
08_publish              	    261	02.860393	(00.010959 +- 00.001873)	[00.002873,00.022598]
step                    	    264	06.042258	(00.022887 +- 00.003152)	[00.005045,00.047284]

INFO  Timings:
SM Timing
-----------
00_conversion_livox     	    266	02.976045	(00.011188 +- 00.000399)	[00.007809,00.020918]
01_filter               	    265	00.084765	(00.000320 +- 00.000031)	[00.000161,00.002236]
02_preint               	    263	00.009405	(00.000036 +- 00.000005)	[00.000024,00.000063]
02a_intensity_preprocess	    265	00.810397	(00.003058 +- 00.000398)	[00.001293,00.006182]
03_undistortion         	    263	00.220141	(00.000837 +- 00.000170)	[00.000278,00.002160]
04_sampling             	    262	00.149580	(00.000571 +- 00.000078)	[00.000226,00.002124]
04b_intensity_sampling  	    262	00.211539	(00.000807 +- 00.000131)	[00.000344,00.001617]
05_registration         	    262	01.109137	(00.004233 +- 00.000668)	[00.001143,00.010183]
06_map                  	    262	00.235056	(00.000897 +- 00.000197)	[00.000299,00.003131]
07_imu_opt              	    262	00.326825	(00.001247 +- 00.000157)	[00.000002,00.003554]
08_publish              	    262	02.867128	(00.010943 +- 00.001842)	[00.002873,00.022598]
step                    	    265	06.057159	(00.022857 +- 00.003114)	[00.005045,00.047284]

INFO  Timings:
SM Timing
-----------
00_conversion_livox     	    267	02.985361	(00.011181 +- 00.000404)	[00.007809,00.020918]
01_filter               	    266	00.084999	(00.000320 +- 00.000031)	[00.000161,00.002236]
02_preint               	    264	00.009435	(00.000036 +- 00.000005)	[00.000024,00.000063]
02a_intensity_preprocess	    266	00.812452	(00.003054 +- 00.000394)	[00.001293,00.006182]
03_undistortion         	    264	00.220786	(00.000836 +- 00.000166)	[00.000278,00.002160]
04_sampling             	    263	00.150055	(00.000571 +- 00.000077)	[00.000226,00.002124]
04b_intensity_sampling  	    263	00.212333	(00.000807 +- 00.000133)	[00.000344,00.001617]
05_registration         	    263	01.112038	(00.004228 +- 00.000673)	[00.001143,00.010183]
06_map                  	    263	00.235752	(00.000896 +- 00.000197)	[00.000299,00.003131]
07_imu_opt              	    263	00.328045	(00.001247 +- 00.000155)	[00.000002,00.003554]
08_publish              	    263	02.873792	(00.010927 +- 00.001819)	[00.002873,00.022598]
step                    	    266	06.072949	(00.022831 +- 00.003099)	[00.005045,00.047284]

INFO  Timings:
SM Timing
-----------
00_conversion_livox     	    268	02.994769	(00.011175 +- 00.000407)	[00.007809,00.020918]
01_filter               	    267	00.085259	(00.000319 +- 00.000031)	[00.000161,00.002236]
02_preint               	    265	00.009469	(00.000036 +- 00.000005)	[00.000024,00.000063]
02a_intensity_preprocess	    267	00.814651	(00.003051 +- 00.000392)	[00.001293,00.006182]
03_undistortion         	    265	00.221343	(00.000835 +- 00.000165)	[00.000278,00.002160]
04_sampling             	    264	00.150509	(00.000570 +- 00.000077)	[00.000226,00.002124]
04b_intensity_sampling  	    264	00.212923	(00.000807 +- 00.000132)	[00.000344,00.001617]
05_registration         	    264	01.113846	(00.004219 +- 00.000672)	[00.001143,00.010183]
06_map                  	    264	00.236348	(00.000895 +- 00.000193)	[00.000299,00.003131]
07_imu_opt              	    264	00.329514	(00.001248 +- 00.000157)	[00.000002,00.003554]
08_publish              	    264	02.880777	(00.010912 +- 00.001804)	[00.002873,00.022598]
step                    	    267	06.087964	(00.022801 +- 00.003069)	[00.005045,00.047284]

INFO  Timings:
SM Timing
-----------
00_conversion_livox     	    269	03.004254	(00.011168 +- 00.000408)	[00.007809,00.020918]
01_filter               	    268	00.085494	(00.000319 +- 00.000031)	[00.000161,00.002236]
02_preint               	    266	00.009497	(00.000036 +- 00.000005)	[00.000024,00.000063]
02a_intensity_preprocess	    268	00.816848	(00.003048 +- 00.000390)	[00.001293,00.006182]
03_undistortion         	    266	00.222068	(00.000835 +- 00.000165)	[00.000278,00.002160]
04_sampling             	    265	00.150958	(00.000570 +- 00.000077)	[00.000226,00.002124]
04b_intensity_sampling  	    265	00.213569	(00.000806 +- 00.000130)	[00.000344,00.001617]
05_registration         	    265	01.116678	(00.004214 +- 00.000672)	[00.001143,00.010183]
06_map                  	    265	00.236977	(00.000894 +- 00.000192)	[00.000299,00.003131]
07_imu_opt              	    265	00.331420	(00.001251 +- 00.000179)	[00.000002,00.003554]
08_publish              	    265	02.888236	(00.010899 +- 00.001802)	[00.002873,00.022598]
step                    	    268	06.105151	(00.022780 +- 00.003070)	[00.005045,00.047284]

INFO  Timings:
SM Timing
-----------
00_conversion_livox     	    270	03.013387	(00.011161 +- 00.000419)	[00.007809,00.020918]
01_filter               	    269	00.085797	(00.000319 +- 00.000033)	[00.000161,00.002236]
02_preint               	    267	00.009527	(00.000036 +- 00.000005)	[00.000024,00.000063]
02a_intensity_preprocess	    269	00.819159	(00.003045 +- 00.000388)	[00.001293,00.006182]
03_undistortion         	    267	00.222751	(00.000834 +- 00.000158)	[00.000278,00.002160]
04_sampling             	    266	00.151336	(00.000569 +- 00.000074)	[00.000226,00.002124]
04b_intensity_sampling  	    266	00.214283	(00.000806 +- 00.000128)	[00.000344,00.001617]
05_registration         	    266	01.118470	(00.004205 +- 00.000643)	[00.001143,00.010183]
06_map                  	    266	00.237615	(00.000893 +- 00.000192)	[00.000299,00.003131]
07_imu_opt              	    266	00.332618	(00.001250 +- 00.000178)	[00.000002,00.003554]
08_publish              	    266	02.896506	(00.010889 +- 00.001816)	[00.002873,00.022598]
step                    	    269	06.123008	(00.022762 +- 00.003062)	[00.005045,00.047284]

INFO  Timings:
SM Timing
-----------
00_conversion_livox     	    271	03.023780	(00.011158 +- 00.000427)	[00.007809,00.020918]
01_filter               	    270	00.086057	(00.000319 +- 00.000033)	[00.000161,00.002236]
02_preint               	    268	00.009564	(00.000036 +- 00.000005)	[00.000024,00.000063]
02a_intensity_preprocess	    270	00.821625	(00.003043 +- 00.000390)	[00.001293,00.006182]
03_undistortion         	    268	00.223411	(00.000834 +- 00.000158)	[00.000278,00.002160]
04_sampling             	    267	00.151719	(00.000568 +- 00.000073)	[00.000226,00.002124]
04b_intensity_sampling  	    267	00.215020	(00.000805 +- 00.000130)	[00.000344,00.001617]
05_registration         	    267	01.121078	(00.004199 +- 00.000643)	[00.001143,00.010183]
06_map                  	    267	00.238366	(00.000893 +- 00.000192)	[00.000299,00.003131]
07_imu_opt              	    267	00.333961	(00.001251 +- 00.000178)	[00.000002,00.003554]
08_publish              	    267	02.905172	(00.010881 +- 00.001831)	[00.002873,00.022598]
step                    	    270	06.141004	(00.022744 +- 00.003083)	[00.005045,00.047284]

INFO  Timings:
SM Timing
-----------
00_conversion_livox     	    272	03.034371	(00.011156 +- 00.000439)	[00.007809,00.020918]
01_filter               	    271	00.086305	(00.000318 +- 00.000033)	[00.000161,00.002236]
02_preint               	    269	00.009601	(00.000036 +- 00.000005)	[00.000024,00.000063]
02a_intensity_preprocess	    271	00.824161	(00.003041 +- 00.000390)	[00.001293,00.006182]
03_undistortion         	    269	00.224168	(00.000833 +- 00.000159)	[00.000278,00.002160]
04_sampling             	    268	00.152187	(00.000568 +- 00.000072)	[00.000226,00.002124]
04b_intensity_sampling  	    268	00.215756	(00.000805 +- 00.000131)	[00.000344,00.001617]
05_registration         	    268	01.123746	(00.004193 +- 00.000644)	[00.001143,00.010183]
06_map                  	    268	00.239143	(00.000892 +- 00.000194)	[00.000299,00.003131]
07_imu_opt              	    268	00.335270	(00.001251 +- 00.000177)	[00.000002,00.003554]
08_publish              	    268	02.913708	(00.010872 +- 00.001845)	[00.002873,00.022598]
step                    	    271	06.159149	(00.022727 +- 00.003108)	[00.005045,00.047284]

INFO  Timings:
SM Timing
-----------
00_conversion_livox     	    273	03.044713	(00.011153 +- 00.000444)	[00.007809,00.020918]
01_filter               	    272	00.086590	(00.000318 +- 00.000034)	[00.000161,00.002236]
02_preint               	    270	00.009641	(00.000036 +- 00.000005)	[00.000024,00.000063]
02a_intensity_preprocess	    272	00.826763	(00.003040 +- 00.000394)	[00.001293,00.006182]
03_undistortion         	    270	00.225071	(00.000834 +- 00.000164)	[00.000278,00.002160]
04_sampling             	    269	00.152649	(00.000567 +- 00.000074)	[00.000226,00.002124]
04b_intensity_sampling  	    269	00.216463	(00.000805 +- 00.000131)	[00.000344,00.001617]
05_registration         	    269	01.126639	(00.004188 +- 00.000643)	[00.001143,00.010183]
06_map                  	    269	00.239951	(00.000892 +- 00.000192)	[00.000299,00.003131]
07_imu_opt              	    269	00.336639	(00.001251 +- 00.000176)	[00.000002,00.003554]
08_publish              	    269	02.922087	(00.010863 +- 00.001851)	[00.002873,00.022598]
step                    	    272	06.177752	(00.022712 +- 00.003133)	[00.005045,00.047284]

INFO  Timings:
SM Timing
-----------
00_conversion_livox     	    274	03.055018	(00.011150 +- 00.000448)	[00.007809,00.020918]
01_filter               	    273	00.086915	(00.000318 +- 00.000036)	[00.000161,00.002236]
02_preint               	    271	00.009679	(00.000036 +- 00.000005)	[00.000024,00.000063]
02a_intensity_preprocess	    273	00.829156	(00.003037 +- 00.000390)	[00.001293,00.006182]
03_undistortion         	    271	00.225866	(00.000833 +- 00.000166)	[00.000278,00.002160]
04_sampling             	    270	00.153051	(00.000567 +- 00.000074)	[00.000226,00.002124]
04b_intensity_sampling  	    270	00.217091	(00.000804 +- 00.000126)	[00.000344,00.001617]
05_registration         	    270	01.129043	(00.004182 +- 00.000644)	[00.001143,00.010183]
06_map                  	    270	00.240818	(00.000892 +- 00.000195)	[00.000299,00.003131]
07_imu_opt              	    270	00.337963	(00.001252 +- 00.000175)	[00.000002,00.003554]
08_publish              	    270	02.930265	(00.010853 +- 00.001854)	[00.002873,00.022598]
step                    	    273	06.195175	(00.022693 +- 00.003142)	[00.005045,00.047284]

INFO  Timings:
SM Timing
-----------
00_conversion_livox     	    275	03.065209	(00.011146 +- 00.000450)	[00.007809,00.020918]
01_filter               	    274	00.087178	(00.000318 +- 00.000037)	[00.000161,00.002236]
02_preint               	    272	00.009717	(00.000036 +- 00.000005)	[00.000024,00.000063]
02a_intensity_preprocess	    274	00.831659	(00.003035 +- 00.000393)	[00.001293,00.006182]
03_undistortion         	    272	00.226836	(00.000834 +- 00.000174)	[00.000278,00.002160]
04_sampling             	    271	00.153449	(00.000566 +- 00.000073)	[00.000226,00.002124]
04b_intensity_sampling  	    271	00.217787	(00.000804 +- 00.000126)	[00.000344,00.001617]
05_registration         	    271	01.131314	(00.004175 +- 00.000641)	[00.001143,00.010183]
06_map                  	    271	00.241637	(00.000892 +- 00.000197)	[00.000299,00.003131]
07_imu_opt              	    271	00.339257	(00.001252 +- 00.000174)	[00.000002,00.003554]
08_publish              	    271	02.938607	(00.010844 +- 00.001867)	[00.002873,00.022598]
step                    	    274	06.212865	(00.022675 +- 00.003156)	[00.005045,00.047284]

INFO  Timings:
SM Timing
-----------
00_conversion_livox     	    276	03.075464	(00.011143 +- 00.000453)	[00.007809,00.020918]
01_filter               	    275	00.087477	(00.000318 +- 00.000038)	[00.000161,00.002236]
02_preint               	    273	00.009761	(00.000036 +- 00.000006)	[00.000024,00.000063]
02a_intensity_preprocess	    275	00.834042	(00.003033 +- 00.000393)	[00.001293,00.006182]
03_undistortion         	    273	00.227648	(00.000834 +- 00.000175)	[00.000278,00.002160]
04_sampling             	    272	00.153875	(00.000566 +- 00.000073)	[00.000226,00.002124]
04b_intensity_sampling  	    272	00.218499	(00.000803 +- 00.000127)	[00.000344,00.001617]
05_registration         	    272	01.133703	(00.004168 +- 00.000633)	[00.001143,00.010183]
06_map                  	    272	00.242407	(00.000891 +- 00.000197)	[00.000299,00.003131]
07_imu_opt              	    272	00.340558	(00.001252 +- 00.000174)	[00.000002,00.003554]
08_publish              	    272	02.947038	(00.010835 +- 00.001885)	[00.002873,00.022598]
step                    	    275	06.230519	(00.022656 +- 00.003168)	[00.005045,00.047284]

INFO  Timings:
SM Timing
-----------
00_conversion_livox     	    277	03.085853	(00.011140 +- 00.000457)	[00.007809,00.020918]
01_filter               	    276	00.087815	(00.000318 +- 00.000040)	[00.000161,00.002236]
02_preint               	    274	00.009805	(00.000036 +- 00.000006)	[00.000024,00.000063]
02a_intensity_preprocess	    276	00.836513	(00.003031 +- 00.000396)	[00.001293,00.006182]
03_undistortion         	    274	00.228482	(00.000834 +- 00.000176)	[00.000278,00.002160]
04_sampling             	    273	00.154336	(00.000565 +- 00.000072)	[00.000226,00.002124]
04b_intensity_sampling  	    273	00.219348	(00.000803 +- 00.000132)	[00.000344,00.001617]
05_registration         	    273	01.136969	(00.004165 +- 00.000636)	[00.001143,00.010183]
06_map                  	    273	00.243297	(00.000891 +- 00.000200)	[00.000299,00.003131]
07_imu_opt              	    273	00.342107	(00.001253 +- 00.000178)	[00.000002,00.003554]
08_publish              	    273	02.955893	(00.010827 +- 00.001912)	[00.002873,00.022598]
step                    	    276	06.250152	(00.022645 +- 00.003231)	[00.005045,00.047284]

INFO  Timings:
SM Timing
-----------
00_conversion_livox     	    278	03.096246	(00.011138 +- 00.000462)	[00.007809,00.020918]
01_filter               	    277	00.088154	(00.000318 +- 00.000042)	[00.000161,00.002236]
02_preint               	    275	00.009845	(00.000036 +- 00.000006)	[00.000024,00.000063]
02a_intensity_preprocess	    277	00.839098	(00.003029 +- 00.000403)	[00.001293,00.006182]
03_undistortion         	    275	00.229338	(00.000834 +- 00.000179)	[00.000278,00.002160]
04_sampling             	    274	00.154843	(00.000565 +- 00.000074)	[00.000226,00.002124]
04b_intensity_sampling  	    274	00.220136	(00.000803 +- 00.000135)	[00.000344,00.001617]
05_registration         	    274	01.140486	(00.004162 +- 00.000652)	[00.001143,00.010183]
06_map                  	    274	00.244186	(00.000891 +- 00.000204)	[00.000299,00.003131]
07_imu_opt              	    274	00.343464	(00.001254 +- 00.000178)	[00.000002,00.003554]
08_publish              	    274	02.965517	(00.010823 +- 00.001962)	[00.002873,00.022598]
step                    	    277	06.270738	(00.022638 +- 00.003329)	[00.005045,00.047284]

INFO  Timings:
SM Timing
-----------
00_conversion_livox     	    279	03.106892	(00.011136 +- 00.000474)	[00.007809,00.020918]
01_filter               	    278	00.088408	(00.000318 +- 00.000042)	[00.000161,00.002236]
02_preint               	    276	00.009896	(00.000036 +- 00.000006)	[00.000024,00.000063]
02a_intensity_preprocess	    278	00.841964	(00.003029 +- 00.000418)	[00.001293,00.006182]
03_undistortion         	    276	00.230194	(00.000834 +- 00.000178)	[00.000278,00.002160]
04_sampling             	    275	00.155349	(00.000565 +- 00.000076)	[00.000226,00.002124]
04b_intensity_sampling  	    275	00.221042	(00.000804 +- 00.000142)	[00.000344,00.001617]
05_registration         	    275	01.143371	(00.004158 +- 00.000659)	[00.001143,00.010183]
06_map                  	    275	00.244922	(00.000891 +- 00.000204)	[00.000299,00.003131]
07_imu_opt              	    275	00.344830	(00.001254 +- 00.000178)	[00.000002,00.003554]
08_publish              	    275	02.975375	(00.010820 +- 00.002020)	[00.002873,00.022598]
step                    	    278	06.291114	(00.022630 +- 00.003429)	[00.005045,00.047284]

INFO  Timings:
SM Timing
-----------
00_conversion_livox     	    280	03.117354	(00.011133 +- 00.000480)	[00.007809,00.020918]
01_filter               	    279	00.088657	(00.000318 +- 00.000042)	[00.000161,00.002236]
02_preint               	    277	00.009934	(00.000036 +- 00.000006)	[00.000024,00.000063]
02a_intensity_preprocess	    279	00.844739	(00.003028 +- 00.000429)	[00.001293,00.006182]
03_undistortion         	    277	00.230999	(00.000834 +- 00.000178)	[00.000278,00.002160]
04_sampling             	    276	00.155837	(00.000565 +- 00.000078)	[00.000226,00.002124]
04b_intensity_sampling  	    276	00.221890	(00.000804 +- 00.000146)	[00.000344,00.001617]
05_registration         	    276	01.146017	(00.004152 +- 00.000659)	[00.001143,00.010183]
06_map                  	    276	00.245776	(00.000890 +- 00.000206)	[00.000299,00.003131]
07_imu_opt              	    276	00.346332	(00.001255 +- 00.000178)	[00.000002,00.003554]
08_publish              	    276	02.985168	(00.010816 +- 00.002075)	[00.002873,00.022598]
step                    	    279	06.311171	(00.022621 +- 00.003520)	[00.005045,00.047284]

INFO  Timings:
SM Timing
-----------
00_conversion_livox     	    281	03.127814	(00.011131 +- 00.000486)	[00.007809,00.020918]
01_filter               	    280	00.088875	(00.000317 +- 00.000042)	[00.000161,00.002236]
02_preint               	    278	00.009970	(00.000036 +- 00.000006)	[00.000024,00.000063]
02a_intensity_preprocess	    280	00.847608	(00.003027 +- 00.000444)	[00.001293,00.006182]
03_undistortion         	    278	00.231834	(00.000834 +- 00.000182)	[00.000278,00.002160]
04_sampling             	    277	00.156283	(00.000564 +- 00.000078)	[00.000226,00.002124]
04b_intensity_sampling  	    277	00.222718	(00.000804 +- 00.000150)	[00.000344,00.001617]
05_registration         	    277	01.148809	(00.004147 +- 00.000624)	[00.001143,00.010183]
06_map                  	    277	00.246538	(00.000890 +- 00.000207)	[00.000299,00.003131]
07_imu_opt              	    277	00.347567	(00.001255 +- 00.000178)	[00.000002,00.003554]
08_publish              	    277	02.995134	(00.010813 +- 00.002136)	[00.002873,00.022598]
step                    	    280	06.331244	(00.022612 +- 00.003591)	[00.005045,00.047284]

INFO  Timings:
SM Timing
-----------
00_conversion_livox     	    282	03.138591	(00.011130 +- 00.000500)	[00.007809,00.020918]
01_filter               	    281	00.089115	(00.000317 +- 00.000042)	[00.000161,00.002236]
02_preint               	    279	00.010011	(00.000036 +- 00.000006)	[00.000024,00.000063]
02a_intensity_preprocess	    281	00.850403	(00.003026 +- 00.000456)	[00.001293,00.006182]
03_undistortion         	    279	00.232628	(00.000834 +- 00.000184)	[00.000278,00.002160]
04_sampling             	    278	00.156756	(00.000564 +- 00.000080)	[00.000226,00.002124]
04b_intensity_sampling  	    278	00.223519	(00.000804 +- 00.000152)	[00.000344,00.001617]
05_registration         	    278	01.151190	(00.004141 +- 00.000625)	[00.001143,00.010183]
06_map                  	    278	00.247512	(00.000890 +- 00.000212)	[00.000299,00.003131]
07_imu_opt              	    278	00.348843	(00.001255 +- 00.000174)	[00.000002,00.003554]
08_publish              	    278	03.005069	(00.010810 +- 00.002196)	[00.002873,00.022598]
step                    	    281	06.351040	(00.022602 +- 00.003669)	[00.005045,00.047284]

INFO  Timings:
SM Timing
-----------
00_conversion_livox     	    283	03.149288	(00.011128 +- 00.000509)	[00.007809,00.020918]
01_filter               	    282	00.089349	(00.000317 +- 00.000042)	[00.000161,00.002236]
02_preint               	    280	00.010055	(00.000036 +- 00.000007)	[00.000024,00.000063]
02a_intensity_preprocess	    282	00.853381	(00.003026 +- 00.000475)	[00.001293,00.006182]
03_undistortion         	    280	00.233414	(00.000834 +- 00.000187)	[00.000278,00.002160]
04_sampling             	    279	00.157203	(00.000563 +- 00.000080)	[00.000226,00.002124]
04b_intensity_sampling  	    279	00.224350	(00.000804 +- 00.000155)	[00.000344,00.001617]
05_registration         	    279	01.154499	(00.004138 +- 00.000637)	[00.001143,00.010183]
06_map                  	    279	00.248347	(00.000890 +- 00.000214)	[00.000299,00.003131]
07_imu_opt              	    279	00.350173	(00.001255 +- 00.000171)	[00.000002,00.003554]
08_publish              	    279	03.015006	(00.010806 +- 00.002252)	[00.002873,00.022598]
step                    	    282	06.371852	(00.022595 +- 00.003772)	[00.005045,00.047284]

INFO  Timings:
SM Timing
-----------
00_conversion_livox     	    284	03.160015	(00.011127 +- 00.000520)	[00.007809,00.020918]
01_filter               	    283	00.089627	(00.000317 +- 00.000042)	[00.000161,00.002236]
02_preint               	    281	00.010097	(00.000036 +- 00.000007)	[00.000024,00.000063]
02a_intensity_preprocess	    283	00.856056	(00.003025 +- 00.000482)	[00.001293,00.006182]
03_undistortion         	    281	00.234150	(00.000833 +- 00.000188)	[00.000278,00.002160]
04_sampling             	    280	00.157763	(00.000563 +- 00.000084)	[00.000226,00.002124]
04b_intensity_sampling  	    280	00.225219	(00.000804 +- 00.000159)	[00.000344,00.001617]
05_registration         	    280	01.156906	(00.004132 +- 00.000636)	[00.001143,00.010183]
06_map                  	    280	00.249352	(00.000891 +- 00.000219)	[00.000299,00.003131]
07_imu_opt              	    280	00.351498	(00.001255 +- 00.000169)	[00.000002,00.003554]
08_publish              	    280	03.024450	(00.010802 +- 00.002289)	[00.002873,00.022598]
step                    	    283	06.391262	(00.022584 +- 00.003830)	[00.005045,00.047284]

INFO  Timings:
SM Timing
-----------
00_conversion_livox     	    285	03.170520	(00.011125 +- 00.000525)	[00.007809,00.020918]
01_filter               	    284	00.089952	(00.000317 +- 00.000044)	[00.000161,00.002236]
02_preint               	    282	00.010138	(00.000036 +- 00.000007)	[00.000024,00.000063]
02a_intensity_preprocess	    284	00.858717	(00.003024 +- 00.000488)	[00.001293,00.006182]
03_undistortion         	    282	00.234881	(00.000833 +- 00.000187)	[00.000278,00.002160]
04_sampling             	    281	00.158235	(00.000563 +- 00.000085)	[00.000226,00.002124]
04b_intensity_sampling  	    281	00.226013	(00.000804 +- 00.000160)	[00.000344,00.001617]
05_registration         	    281	01.159688	(00.004127 +- 00.000635)	[00.001143,00.010183]
06_map                  	    281	00.250148	(00.000890 +- 00.000219)	[00.000299,00.003131]
07_imu_opt              	    281	00.352823	(00.001256 +- 00.000168)	[00.000002,00.003554]
08_publish              	    281	03.033743	(00.010796 +- 00.002315)	[00.002873,00.022598]
step                    	    284	06.410547	(00.022572 +- 00.003861)	[00.005045,00.047284]

INFO  Timings:
SM Timing
-----------
00_conversion_livox     	    286	03.180703	(00.011121 +- 00.000524)	[00.007809,00.020918]
01_filter               	    285	00.090208	(00.000317 +- 00.000044)	[00.000161,00.002236]
02_preint               	    283	00.010167	(00.000036 +- 00.000007)	[00.000024,00.000063]
02a_intensity_preprocess	    285	00.861141	(00.003022 +- 00.000488)	[00.001293,00.006182]
03_undistortion         	    283	00.235658	(00.000833 +- 00.000188)	[00.000278,00.002160]
04_sampling             	    282	00.158691	(00.000563 +- 00.000085)	[00.000226,00.002124]
04b_intensity_sampling  	    282	00.226661	(00.000804 +- 00.000160)	[00.000344,00.001617]
05_registration         	    282	01.162288	(00.004122 +- 00.000634)	[00.001143,00.010183]
06_map                  	    282	00.250827	(00.000889 +- 00.000219)	[00.000299,00.003131]
07_imu_opt              	    282	00.353981	(00.001255 +- 00.000169)	[00.000002,00.003554]
08_publish              	    282	03.042492	(00.010789 +- 00.002324)	[00.002873,00.022598]
step                    	    285	06.428385	(00.022556 +- 00.003876)	[00.005045,00.047284]

INFO  Timings:
SM Timing
-----------
00_conversion_livox     	    287	03.190634	(00.011117 +- 00.000523)	[00.007809,00.020918]
01_filter               	    286	00.090684	(00.000317 +- 00.000054)	[00.000161,00.002236]
02_preint               	    284	00.010210	(00.000036 +- 00.000007)	[00.000024,00.000063]
02a_intensity_preprocess	    286	00.863697	(00.003020 +- 00.000490)	[00.001293,00.006182]
03_undistortion         	    284	00.236508	(00.000833 +- 00.000191)	[00.000278,00.002160]
04_sampling             	    283	00.159152	(00.000562 +- 00.000085)	[00.000226,00.002124]
04b_intensity_sampling  	    283	00.227487	(00.000804 +- 00.000158)	[00.000344,00.001617]
05_registration         	    283	01.164800	(00.004116 +- 00.000618)	[00.001143,00.010183]
06_map                  	    283	00.251548	(00.000889 +- 00.000218)	[00.000299,00.003131]
07_imu_opt              	    283	00.355254	(00.001255 +- 00.000166)	[00.000002,00.003554]
08_publish              	    283	03.051618	(00.010783 +- 00.002339)	[00.002873,00.022598]
step                    	    286	06.447313	(00.022543 +- 00.003878)	[00.005045,00.047284]

INFO  Timings:
SM Timing
-----------
00_conversion_livox     	    288	03.201403	(00.011116 +- 00.000525)	[00.007809,00.020918]
01_filter               	    287	00.090960	(00.000317 +- 00.000054)	[00.000161,00.002236]
02_preint               	    285	00.010257	(00.000036 +- 00.000007)	[00.000024,00.000063]
02a_intensity_preprocess	    287	00.866624	(00.003020 +- 00.000500)	[00.001293,00.006182]
03_undistortion         	    285	00.237279	(00.000833 +- 00.000189)	[00.000278,00.002160]
04_sampling             	    284	00.159728	(00.000562 +- 00.000087)	[00.000226,00.002124]
04b_intensity_sampling  	    284	00.228427	(00.000804 +- 00.000161)	[00.000344,00.001617]
05_registration         	    284	01.169002	(00.004116 +- 00.000658)	[00.001143,00.010183]
06_map                  	    284	00.252411	(00.000889 +- 00.000218)	[00.000299,00.003131]
07_imu_opt              	    284	00.356795	(00.001256 +- 00.000170)	[00.000002,00.003554]
08_publish              	    284	03.063025	(00.010785 +- 00.002411)	[00.002873,00.022598]
step                    	    287	06.470950	(00.022547 +- 00.004010)	[00.005045,00.047284]

INFO  Timings:
SM Timing
-----------
00_conversion_livox     	    289	03.214213	(00.011122 +- 00.000655)	[00.007809,00.020918]
01_filter               	    288	00.091257	(00.000317 +- 00.000055)	[00.000161,00.002236]
02_preint               	    286	00.010309	(00.000036 +- 00.000007)	[00.000024,00.000063]
02a_intensity_preprocess	    288	00.869943	(00.003021 +- 00.000518)	[00.001293,00.006182]
03_undistortion         	    286	00.237933	(00.000832 +- 00.000186)	[00.000278,00.002160]
04_sampling             	    285	00.160241	(00.000562 +- 00.000088)	[00.000226,00.002124]
04b_intensity_sampling  	    285	00.229364	(00.000805 +- 00.000166)	[00.000344,00.001617]
05_registration         	    285	01.172656	(00.004115 +- 00.000677)	[00.001143,00.010183]
06_map                  	    285	00.253378	(00.000889 +- 00.000221)	[00.000299,00.003131]
07_imu_opt              	    285	00.358480	(00.001258 +- 00.000177)	[00.000002,00.003554]
08_publish              	    285	03.074920	(00.010789 +- 00.002478)	[00.002873,00.022598]
step                    	    288	06.495011	(00.022552 +- 00.004159)	[00.005045,00.047284]

INFO  Timings:
SM Timing
-----------
00_conversion_livox     	    290	03.226667	(00.011126 +- 00.000722)	[00.007809,00.020918]
01_filter               	    289	00.091540	(00.000317 +- 00.000055)	[00.000161,00.002236]
02_preint               	    287	00.010352	(00.000036 +- 00.000007)	[00.000024,00.000063]
02a_intensity_preprocess	    289	00.873135	(00.003021 +- 00.000527)	[00.001293,00.006182]
03_undistortion         	    287	00.238804	(00.000832 +- 00.000185)	[00.000278,00.002160]
04_sampling             	    286	00.160768	(00.000562 +- 00.000087)	[00.000226,00.002124]
04b_intensity_sampling  	    286	00.230152	(00.000805 +- 00.000165)	[00.000344,00.001617]
05_registration         	    286	01.176994	(00.004115 +- 00.000725)	[00.001143,00.010183]
06_map                  	    286	00.254207	(00.000889 +- 00.000221)	[00.000299,00.003131]
07_imu_opt              	    286	00.360268	(00.001260 +- 00.000185)	[00.000002,00.003554]
08_publish              	    286	03.085958	(00.010790 +- 00.002493)	[00.002873,00.022598]
step                    	    289	06.518767	(00.022556 +- 00.004227)	[00.005045,00.047284]

INFO  Timings:
SM Timing
-----------
00_conversion_livox     	    291	03.238149	(00.011128 +- 00.000729)	[00.007809,00.020918]
01_filter               	    290	00.091772	(00.000316 +- 00.000055)	[00.000161,00.002236]
02_preint               	    288	00.010392	(00.000036 +- 00.000007)	[00.000024,00.000063]
02a_intensity_preprocess	    290	00.876117	(00.003021 +- 00.000527)	[00.001293,00.006182]
03_undistortion         	    288	00.239553	(00.000832 +- 00.000183)	[00.000278,00.002160]
04_sampling             	    287	00.161271	(00.000562 +- 00.000086)	[00.000226,00.002124]
04b_intensity_sampling  	    287	00.230982	(00.000805 +- 00.000161)	[00.000344,00.001617]
05_registration         	    287	01.179541	(00.004110 +- 00.000718)	[00.001143,00.010183]
06_map                  	    287	00.255139	(00.000889 +- 00.000219)	[00.000299,00.003131]
07_imu_opt              	    287	00.361616	(00.001260 +- 00.000182)	[00.000002,00.003554]
08_publish              	    287	03.096230	(00.010788 +- 00.002482)	[00.002873,00.022598]
step                    	    290	06.539280	(00.022549 +- 00.004182)	[00.005045,00.047284]

INFO  Timings:
SM Timing
-----------
00_conversion_livox     	    292	03.248825	(00.011126 +- 00.000728)	[00.007809,00.020918]
01_filter               	    291	00.092030	(00.000316 +- 00.000053)	[00.000161,00.002236]
02_preint               	    289	00.010435	(00.000036 +- 00.000007)	[00.000024,00.000063]
02a_intensity_preprocess	    291	00.878934	(00.003020 +- 00.000523)	[00.001293,00.006182]
03_undistortion         	    289	00.240301	(00.000831 +- 00.000181)	[00.000278,00.002160]
04_sampling             	    288	00.161820	(00.000562 +- 00.000084)	[00.000226,00.002124]
04b_intensity_sampling  	    288	00.232561	(00.000808 +- 00.000200)	[00.000344,00.001617]
05_registration         	    288	01.182451	(00.004106 +- 00.000704)	[00.001143,00.010183]
06_map                  	    288	00.255887	(00.000888 +- 00.000215)	[00.000299,00.003131]
07_imu_opt              	    288	00.363004	(00.001260 +- 00.000178)	[00.000002,00.003554]
08_publish              	    288	03.106141	(00.010785 +- 00.002456)	[00.002873,00.022598]
step                    	    291	06.560325	(00.022544 +- 00.004124)	[00.005045,00.047284]

INFO  Timings:
SM Timing
-----------
00_conversion_livox     	    293	03.259550	(00.011125 +- 00.000722)	[00.007809,00.020918]
01_filter               	    292	00.092282	(00.000316 +- 00.000052)	[00.000161,00.002236]
02_preint               	    290	00.010474	(00.000036 +- 00.000007)	[00.000024,00.000063]
02a_intensity_preprocess	    292	00.881718	(00.003020 +- 00.000516)	[00.001293,00.006182]
03_undistortion         	    290	00.241186	(00.000832 +- 00.000177)	[00.000278,00.002160]
04_sampling             	    289	00.162378	(00.000562 +- 00.000084)	[00.000226,00.002124]
04b_intensity_sampling  	    289	00.233263	(00.000807 +- 00.000198)	[00.000344,00.001617]
05_registration         	    289	01.185086	(00.004101 +- 00.000696)	[00.001143,00.010183]
06_map                  	    289	00.256633	(00.000888 +- 00.000212)	[00.000299,00.003131]
07_imu_opt              	    289	00.364586	(00.001262 +- 00.000178)	[00.000002,00.003554]
08_publish              	    289	03.115743	(00.010781 +- 00.002416)	[00.002873,00.022598]
step                    	    292	06.580208	(00.022535 +- 00.004048)	[00.005045,00.047284]

INFO  Timings:
SM Timing
-----------
00_conversion_livox     	    294	03.270187	(00.011123 +- 00.000718)	[00.007809,00.020918]
01_filter               	    293	00.092534	(00.000316 +- 00.000051)	[00.000161,00.002236]
02_preint               	    291	00.010510	(00.000036 +- 00.000007)	[00.000024,00.000063]
02a_intensity_preprocess	    293	00.884352	(00.003018 +- 00.000505)	[00.001293,00.006182]
03_undistortion         	    291	00.241892	(00.000831 +- 00.000173)	[00.000278,00.002160]
04_sampling             	    290	00.162885	(00.000562 +- 00.000081)	[00.000226,00.002124]
04b_intensity_sampling  	    290	00.234046	(00.000807 +- 00.000194)	[00.000344,00.001617]
05_registration         	    290	01.187345	(00.004094 +- 00.000670)	[00.001143,00.010183]
06_map                  	    290	00.257415	(00.000888 +- 00.000208)	[00.000299,00.003131]
07_imu_opt              	    290	00.365924	(00.001262 +- 00.000177)	[00.000002,00.003554]
08_publish              	    290	03.125094	(00.010776 +- 00.002361)	[00.002873,00.022598]
step                    	    293	06.598938	(00.022522 +- 00.003916)	[00.005045,00.047284]

INFO  Timings:
SM Timing
-----------
00_conversion_livox     	    295	03.281133	(00.011122 +- 00.000713)	[00.007809,00.020918]
01_filter               	    294	00.092789	(00.000316 +- 00.000050)	[00.000161,00.002236]
02_preint               	    292	00.010546	(00.000036 +- 00.000007)	[00.000024,00.000063]
02a_intensity_preprocess	    294	00.887037	(00.003017 +- 00.000492)	[00.001293,00.006182]
03_undistortion         	    292	00.242618	(00.000831 +- 00.000168)	[00.000278,00.002160]
04_sampling             	    291	00.163314	(00.000561 +- 00.000080)	[00.000226,00.002124]
04b_intensity_sampling  	    291	00.234778	(00.000807 +- 00.000191)	[00.000344,00.001617]
05_registration         	    291	01.190123	(00.004090 +- 00.000644)	[00.001143,00.010183]
06_map                  	    291	00.258164	(00.000887 +- 00.000206)	[00.000299,00.003131]
07_imu_opt              	    291	00.367264	(00.001262 +- 00.000177)	[00.000002,00.003554]
08_publish              	    291	03.134598	(00.010772 +- 00.002297)	[00.002873,00.022598]
step                    	    294	06.618230	(00.022511 +- 00.003787)	[00.005045,00.047284]

INFO  Timings:
SM Timing
-----------
00_conversion_livox     	    296	03.292045	(00.011122 +- 00.000708)	[00.007809,00.020918]
01_filter               	    295	00.093087	(00.000316 +- 00.000050)	[00.000161,00.002236]
02_preint               	    293	00.010582	(00.000036 +- 00.000006)	[00.000024,00.000063]
02a_intensity_preprocess	    295	00.889716	(00.003016 +- 00.000478)	[00.001293,00.006182]
03_undistortion         	    293	00.243362	(00.000831 +- 00.000164)	[00.000278,00.002160]
04_sampling             	    292	00.163798	(00.000561 +- 00.000079)	[00.000226,00.002124]
04b_intensity_sampling  	    292	00.235537	(00.000807 +- 00.000188)	[00.000344,00.001617]
05_registration         	    292	01.192586	(00.004084 +- 00.000630)	[00.001143,00.010183]
06_map                  	    292	00.258909	(00.000887 +- 00.000203)	[00.000299,00.003131]
07_imu_opt              	    292	00.368559	(00.001262 +- 00.000171)	[00.000002,00.003554]
08_publish              	    292	03.144166	(00.010768 +- 00.002224)	[00.002873,00.022598]
step                    	    295	06.637382	(00.022500 +- 00.003647)	[00.005045,00.047284]

INFO  Timings:
SM Timing
-----------
00_conversion_livox     	    297	03.303490	(00.011123 +- 00.000716)	[00.007809,00.020918]
01_filter               	    296	00.093371	(00.000315 +- 00.000049)	[00.000161,00.002236]
02_preint               	    294	00.010619	(00.000036 +- 00.000006)	[00.000024,00.000063]
02a_intensity_preprocess	    296	00.892349	(00.003015 +- 00.000458)	[00.001293,00.006182]
03_undistortion         	    294	00.244149	(00.000830 +- 00.000161)	[00.000278,00.002160]
04_sampling             	    293	00.164385	(00.000561 +- 00.000080)	[00.000226,00.002124]
04b_intensity_sampling  	    293	00.236423	(00.000807 +- 00.000183)	[00.000344,00.001617]
05_registration         	    293	01.196482	(00.004084 +- 00.000640)	[00.001143,00.010183]
06_map                  	    293	00.259704	(00.000886 +- 00.000201)	[00.000299,00.003131]
07_imu_opt              	    293	00.369823	(00.001262 +- 00.000171)	[00.000002,00.003554]
08_publish              	    293	03.153525	(00.010763 +- 00.002127)	[00.002873,00.022598]
step                    	    296	06.658004	(00.022493 +- 00.003504)	[00.005045,00.047284]

INFO  Timings:
SM Timing
-----------
00_conversion_livox     	    298	03.314673	(00.011123 +- 00.000712)	[00.007809,00.020918]
01_filter               	    297	00.093686	(00.000315 +- 00.000047)	[00.000161,00.002236]
02_preint               	    295	00.010652	(00.000036 +- 00.000006)	[00.000024,00.000063]
02a_intensity_preprocess	    297	00.895060	(00.003014 +- 00.000433)	[00.001293,00.006182]
03_undistortion         	    295	00.244876	(00.000830 +- 00.000150)	[00.000278,00.002160]
04_sampling             	    294	00.164881	(00.000561 +- 00.000076)	[00.000226,00.002124]
04b_intensity_sampling  	    294	00.237262	(00.000807 +- 00.000178)	[00.000344,00.001617]
05_registration         	    294	01.199116	(00.004079 +- 00.000629)	[00.001143,00.010183]
06_map                  	    294	00.260342	(00.000886 +- 00.000192)	[00.000299,00.003131]
07_imu_opt              	    294	00.371109	(00.001262 +- 00.000168)	[00.000002,00.003554]
08_publish              	    294	03.162970	(00.010758 +- 00.002004)	[00.002873,00.022598]
step                    	    297	06.677211	(00.022482 +- 00.003306)	[00.005045,00.047284]

INFO  Timings:
SM Timing
-----------
00_conversion_livox     	    299	03.325810	(00.011123 +- 00.000700)	[00.007809,00.020918]
01_filter               	    298	00.093942	(00.000315 +- 00.000046)	[00.000161,00.002236]
02_preint               	    296	00.010689	(00.000036 +- 00.000006)	[00.000024,00.000063]
02a_intensity_preprocess	    298	00.897613	(00.003012 +- 00.000404)	[00.001293,00.006182]
03_undistortion         	    296	00.245560	(00.000830 +- 00.000140)	[00.000278,00.002160]
04_sampling             	    295	00.165282	(00.000560 +- 00.000073)	[00.000226,00.002124]
04b_intensity_sampling  	    295	00.238046	(00.000807 +- 00.000171)	[00.000344,00.001617]
05_registration         	    295	01.201329	(00.004072 +- 00.000625)	[00.001143,00.010183]
06_map                  	    295	00.261263	(00.000886 +- 00.000183)	[00.000299,00.003131]
07_imu_opt              	    295	00.372329	(00.001262 +- 00.000160)	[00.000002,00.003554]
08_publish              	    295	03.172123	(00.010753 +- 00.001871)	[00.002873,00.022598]
step                    	    298	06.695499	(00.022468 +- 00.003107)	[00.005045,00.047284]

INFO  Timings:
SM Timing
-----------
00_conversion_livox     	    300	03.336287	(00.011121 +- 00.000679)	[00.007809,00.020918]
01_filter               	    299	00.094256	(00.000315 +- 00.000045)	[00.000161,00.002236]
02_preint               	    297	00.010730	(00.000036 +- 00.000006)	[00.000024,00.000063]
02a_intensity_preprocess	    299	00.900045	(00.003010 +- 00.000377)	[00.001293,00.006182]
03_undistortion         	    297	00.246300	(00.000829 +- 00.000132)	[00.000278,00.002160]
04_sampling             	    296	00.165791	(00.000560 +- 00.000068)	[00.000226,00.002124]
04b_intensity_sampling  	    296	00.238956	(00.000807 +- 00.000165)	[00.000344,00.001617]
05_registration         	    296	01.204194	(00.004068 +- 00.000621)	[00.001143,00.010183]
06_map                  	    296	00.261970	(00.000885 +- 00.000178)	[00.000299,00.003131]
07_imu_opt              	    296	00.373711	(00.001263 +- 00.000159)	[00.000002,00.003554]
08_publish              	    296	03.181080	(00.010747 +- 00.001749)	[00.002873,00.022598]
step                    	    299	06.714409	(00.022456 +- 00.002921)	[00.005045,00.047284]

INFO  Timings:
SM Timing
-----------
00_conversion_livox     	    301	03.347098	(00.011120 +- 00.000676)	[00.007809,00.020918]
01_filter               	    300	00.094483	(00.000315 +- 00.000044)	[00.000161,00.002236]
02_preint               	    298	00.010758	(00.000036 +- 00.000006)	[00.000024,00.000063]
02a_intensity_preprocess	    300	00.902617	(00.003009 +- 00.000359)	[00.001293,00.006182]
03_undistortion         	    298	00.247009	(00.000829 +- 00.000131)	[00.000278,00.002160]
04_sampling             	    297	00.166276	(00.000560 +- 00.000064)	[00.000226,00.002124]
04b_intensity_sampling  	    297	00.239709	(00.000807 +- 00.000161)	[00.000344,00.001617]
05_registration         	    297	01.206483	(00.004062 +- 00.000610)	[00.001143,00.010183]
06_map                  	    297	00.262768	(00.000885 +- 00.000174)	[00.000299,00.003131]
07_imu_opt              	    297	00.374988	(00.001263 +- 00.000158)	[00.000002,00.003554]
08_publish              	    297	03.190106	(00.010741 +- 00.001647)	[00.002873,00.022598]
step                    	    300	06.732656	(00.022442 +- 00.002762)	[00.005045,00.047284]

INFO  Timings:
SM Timing
-----------
00_conversion_livox     	    302	03.358196	(00.011120 +- 00.000678)	[00.007809,00.020918]
01_filter               	    301	00.094804	(00.000315 +- 00.000043)	[00.000161,00.002236]
02_preint               	    299	00.010791	(00.000036 +- 00.000006)	[00.000024,00.000063]
02a_intensity_preprocess	    301	00.905190	(00.003007 +- 00.000341)	[00.001293,00.006182]
03_undistortion         	    299	00.247771	(00.000829 +- 00.000125)	[00.000278,00.002160]
04_sampling             	    298	00.166753	(00.000560 +- 00.000063)	[00.000226,00.002124]
04b_intensity_sampling  	    298	00.240500	(00.000807 +- 00.000159)	[00.000344,00.001617]
05_registration         	    298	01.209121	(00.004057 +- 00.000610)	[00.001143,00.010183]
06_map                  	    298	00.263601	(00.000885 +- 00.000171)	[00.000299,00.003131]
07_imu_opt              	    298	00.376309	(00.001263 +- 00.000158)	[00.000002,00.003554]
08_publish              	    298	03.198831	(00.010734 +- 00.001551)	[00.002873,00.022598]
step                    	    301	06.751206	(00.022429 +- 00.002645)	[00.005045,00.047284]

INFO  Timings:
SM Timing
-----------
00_conversion_livox     	    303	03.368827	(00.011118 +- 00.000679)	[00.007809,00.020918]
01_filter               	    302	00.095062	(00.000315 +- 00.000043)	[00.000161,00.002236]
02_preint               	    300	00.010820	(00.000036 +- 00.000006)	[00.000024,00.000063]
02a_intensity_preprocess	    302	00.907676	(00.003006 +- 00.000324)	[00.001293,00.006182]
03_undistortion         	    300	00.248519	(00.000828 +- 00.000116)	[00.000278,00.002160]
04_sampling             	    299	00.167237	(00.000559 +- 00.000060)	[00.000226,00.002124]
04b_intensity_sampling  	    299	00.241296	(00.000807 +- 00.000157)	[00.000344,00.001617]
05_registration         	    299	01.212238	(00.004054 +- 00.000613)	[00.001143,00.010183]
06_map                  	    299	00.264397	(00.000884 +- 00.000170)	[00.000299,00.003131]
07_imu_opt              	    299	00.377488	(00.001263 +- 00.000155)	[00.000002,00.003554]
08_publish              	    299	03.207158	(00.010726 +- 00.001464)	[00.002873,00.022598]
step                    	    302	06.769494	(00.022416 +- 00.002517)	[00.005045,00.047284]

INFO  Timings:
SM Timing
-----------
00_conversion_livox     	    304	03.378933	(00.011115 +- 00.000679)	[00.007809,00.020918]
01_filter               	    303	00.095301	(00.000315 +- 00.000043)	[00.000161,00.002236]
02_preint               	    301	00.010859	(00.000036 +- 00.000006)	[00.000024,00.000063]
02a_intensity_preprocess	    303	00.910110	(00.003004 +- 00.000308)	[00.001293,00.006182]
03_undistortion         	    301	00.249092	(00.000828 +- 00.000111)	[00.000278,00.002160]
04_sampling             	    300	00.167607	(00.000559 +- 00.000059)	[00.000226,00.002124]
04b_intensity_sampling  	    300	00.241914	(00.000806 +- 00.000153)	[00.000344,00.001617]
05_registration         	    300	01.215333	(00.004051 +- 00.000614)	[00.001143,00.010183]
06_map                  	    300	00.265107	(00.000884 +- 00.000166)	[00.000299,00.003131]
07_imu_opt              	    300	00.378768	(00.001263 +- 00.000153)	[00.000002,00.003554]
08_publish              	    300	03.215399	(00.010718 +- 00.001382)	[00.002873,00.022598]
step                    	    303	06.787180	(00.022400 +- 00.002408)	[00.005045,00.047284]

INFO  Timings:
SM Timing
-----------
00_conversion_livox     	    305	03.389137	(00.011112 +- 00.000679)	[00.007809,00.020918]
01_filter               	    304	00.095527	(00.000314 +- 00.000043)	[00.000161,00.002236]
02_preint               	    302	00.010892	(00.000036 +- 00.000006)	[00.000024,00.000063]
02a_intensity_preprocess	    304	00.912525	(00.003002 +- 00.000292)	[00.001293,00.006182]
03_undistortion         	    302	00.249718	(00.000827 +- 00.000102)	[00.000278,00.002160]
04_sampling             	    301	00.168040	(00.000558 +- 00.000057)	[00.000226,00.002124]
04b_intensity_sampling  	    301	00.242632	(00.000806 +- 00.000147)	[00.000344,00.001617]
05_registration         	    301	01.217233	(00.004044 +- 00.000624)	[00.001143,00.010183]
06_map                  	    301	00.265893	(00.000883 +- 00.000161)	[00.000299,00.003131]
07_imu_opt              	    301	00.380014	(00.001263 +- 00.000152)	[00.000002,00.003554]
08_publish              	    301	03.223187	(00.010708 +- 00.001304)	[00.002873,00.022598]
step                    	    304	06.803405	(00.022380 +- 00.002305)	[00.005045,00.047284]

INFO  Timings:
SM Timing
-----------
00_conversion_livox     	    306	03.399243	(00.011109 +- 00.000681)	[00.007809,00.020918]
01_filter               	    305	00.095768	(00.000314 +- 00.000043)	[00.000161,00.002236]
02_preint               	    303	00.010921	(00.000036 +- 00.000006)	[00.000024,00.000063]
02a_intensity_preprocess	    305	00.914818	(00.002999 +- 00.000280)	[00.001293,00.006182]
03_undistortion         	    303	00.250399	(00.000826 +- 00.000095)	[00.000278,00.002160]
04_sampling             	    302	00.168467	(00.000558 +- 00.000056)	[00.000226,00.002124]
04b_intensity_sampling  	    302	00.243335	(00.000806 +- 00.000145)	[00.000344,00.001617]
05_registration         	    302	01.220126	(00.004040 +- 00.000621)	[00.001143,00.010183]
06_map                  	    302	00.266516	(00.000883 +- 00.000105)	[00.000299,00.003131]
07_imu_opt              	    302	00.381187	(00.001262 +- 00.000154)	[00.000002,00.003554]
08_publish              	    302	03.230889	(00.010698 +- 00.001229)	[00.002873,00.022598]
step                    	    305	06.820251	(00.022361 +- 00.002272)	[00.005045,00.047284]

INFO  Timings:
SM Timing
-----------
00_conversion_livox     	    307	03.409275	(00.011105 +- 00.000673)	[00.007809,00.020918]
01_filter               	    306	00.096056	(00.000314 +- 00.000043)	[00.000161,00.002236]
02_preint               	    304	00.010961	(00.000036 +- 00.000005)	[00.000024,00.000063]
02a_intensity_preprocess	    306	00.917133	(00.002997 +- 00.000271)	[00.001293,00.006182]
03_undistortion         	    304	00.250976	(00.000826 +- 00.000092)	[00.000278,00.002160]
04_sampling             	    303	00.168856	(00.000557 +- 00.000055)	[00.000226,00.002124]
04b_intensity_sampling  	    303	00.243998	(00.000805 +- 00.000142)	[00.000344,00.001617]
05_registration         	    303	01.222524	(00.004035 +- 00.000600)	[00.001143,00.010183]
06_map                  	    303	00.267313	(00.000882 +- 00.000100)	[00.000299,00.003131]
07_imu_opt              	    303	00.382458	(00.001262 +- 00.000153)	[00.000002,00.003554]
08_publish              	    303	03.238270	(00.010687 +- 00.001166)	[00.002873,00.022598]
step                    	    306	06.836448	(00.022341 +- 00.002145)	[00.005045,00.047284]

INFO  Timings:
SM Timing
-----------
00_conversion_livox     	    308	03.419353	(00.011102 +- 00.000656)	[00.007809,00.020918]
01_filter               	    307	00.096283	(00.000314 +- 00.000043)	[00.000161,00.002236]
02_preint               	    305	00.010998	(00.000036 +- 00.000005)	[00.000024,00.000063]
02a_intensity_preprocess	    307	00.919363	(00.002995 +- 00.000261)	[00.001293,00.006182]
03_undistortion         	    305	00.251540	(00.000825 +- 00.000093)	[00.000278,00.002160]
04_sampling             	    304	00.169297	(00.000557 +- 00.000054)	[00.000226,00.002124]
04b_intensity_sampling  	    304	00.244689	(00.000805 +- 00.000142)	[00.000344,00.001617]
05_registration         	    304	01.225206	(00.004030 +- 00.000590)	[00.001143,00.010183]
06_map                  	    304	00.267855	(00.000881 +- 00.000104)	[00.000299,00.003131]
07_imu_opt              	    304	00.383783	(00.001262 +- 00.000150)	[00.000002,00.003554]
08_publish              	    304	03.245367	(00.010676 +- 00.001133)	[00.002873,00.022598]
step                    	    307	06.852360	(00.022320 +- 00.002074)	[00.005045,00.047284]

INFO  Timings:
SM Timing
-----------
00_conversion_livox     	    309	03.429270	(00.011098 +- 00.000659)	[00.007809,00.020918]
01_filter               	    308	00.096528	(00.000313 +- 00.000043)	[00.000161,00.002236]
02_preint               	    306	00.011034	(00.000036 +- 00.000005)	[00.000024,00.000063]
02a_intensity_preprocess	    308	00.921473	(00.002992 +- 00.000263)	[00.001293,00.006182]
03_undistortion         	    306	00.252203	(00.000824 +- 00.000091)	[00.000278,00.002160]
04_sampling             	    305	00.169695	(00.000556 +- 00.000055)	[00.000226,00.002124]
04b_intensity_sampling  	    305	00.245372	(00.000804 +- 00.000142)	[00.000344,00.001617]
05_registration         	    305	01.227452	(00.004024 +- 00.000576)	[00.001143,00.010183]
06_map                  	    305	00.268439	(00.000880 +- 00.000103)	[00.000299,00.003131]
07_imu_opt              	    305	00.385057	(00.001262 +- 00.000149)	[00.000002,00.003554]
08_publish              	    305	03.251862	(00.010662 +- 00.001154)	[00.002873,00.022598]
step                    	    308	06.867181	(00.022296 +- 00.002074)	[00.005045,00.047284]

INFO  Timings:
SM Timing
-----------
00_conversion_livox     	    310	03.439070	(00.011094 +- 00.000666)	[00.007809,00.020918]
01_filter               	    309	00.096750	(00.000313 +- 00.000043)	[00.000161,00.002236]
02_preint               	    307	00.011070	(00.000036 +- 00.000005)	[00.000024,00.000063]
02a_intensity_preprocess	    309	00.923408	(00.002988 +- 00.000274)	[00.001293,00.006182]
03_undistortion         	    307	00.252795	(00.000823 +- 00.000092)	[00.000278,00.002160]
04_sampling             	    306	00.170151	(00.000556 +- 00.000055)	[00.000226,00.002124]
04b_intensity_sampling  	    306	00.246074	(00.000804 +- 00.000141)	[00.000344,00.001617]
05_registration         	    306	01.229094	(00.004017 +- 00.000591)	[00.001143,00.010183]
06_map                  	    306	00.269515	(00.000881 +- 00.000111)	[00.000299,00.003131]
07_imu_opt              	    306	00.386308	(00.001262 +- 00.000149)	[00.000002,00.003554]
08_publish              	    306	03.257903	(00.010647 +- 00.001207)	[00.002873,00.022598]
step                    	    309	06.881194	(00.022269 +- 00.002145)	[00.005045,00.047284]

INFO  Timings:
SM Timing
-----------
00_conversion_livox     	    311	03.449350	(00.011091 +- 00.000664)	[00.007809,00.020918]
01_filter               	    310	00.097190	(00.000314 +- 00.000049)	[00.000161,00.002236]
02_preint               	    308	00.011106	(00.000036 +- 00.000005)	[00.000024,00.000063]
02a_intensity_preprocess	    310	00.925453	(00.002985 +- 00.000283)	[00.001293,00.006182]
03_undistortion         	    308	00.253306	(00.000822 +- 00.000097)	[00.000278,00.002160]
04_sampling             	    307	00.170489	(00.000555 +- 00.000057)	[00.000226,00.002124]
04b_intensity_sampling  	    307	00.246589	(00.000803 +- 00.000146)	[00.000344,00.001617]
05_registration         	    307	01.230760	(00.004009 +- 00.000608)	[00.001143,00.010183]
06_map                  	    307	00.270166	(00.000880 +- 00.000111)	[00.000299,00.003131]
07_imu_opt              	    307	00.387802	(00.001263 +- 00.000150)	[00.000002,00.003554]
08_publish              	    307	03.263669	(00.010631 +- 00.001279)	[00.002873,00.022598]
step                    	    310	06.894725	(00.022241 +- 00.002252)	[00.005045,00.047284]

INFO  Timings:
SM Timing
-----------
00_conversion_livox     	    312	03.459513	(00.011088 +- 00.000662)	[00.007809,00.020918]
01_filter               	    311	00.097430	(00.000313 +- 00.000049)	[00.000161,00.002236]
02_preint               	    309	00.011140	(00.000036 +- 00.000005)	[00.000024,00.000063]
02a_intensity_preprocess	    311	00.927400	(00.002982 +- 00.000294)	[00.001293,00.006182]
03_undistortion         	    309	00.253839	(00.000821 +- 00.000101)	[00.000278,00.002160]
04_sampling             	    308	00.170764	(00.000554 +- 00.000062)	[00.000226,00.002124]
04b_intensity_sampling  	    308	00.247127	(00.000802 +- 00.000149)	[00.000344,00.001617]
05_registration         	    308	01.232091	(00.004000 +- 00.000628)	[00.001143,00.010183]
06_map                  	    308	00.270705	(00.000879 +- 00.000115)	[00.000299,00.003131]
07_imu_opt              	    308	00.389307	(00.001264 +- 00.000152)	[00.000002,00.003554]
08_publish              	    308	03.269132	(00.010614 +- 00.001358)	[00.002873,00.022598]
step                    	    311	06.907195	(00.022210 +- 00.002400)	[00.005045,00.047284]

INFO  Timings:
SM Timing
-----------
00_conversion_livox     	    313	03.469396	(00.011084 +- 00.000667)	[00.007809,00.020918]
01_filter               	    312	00.097679	(00.000313 +- 00.000049)	[00.000161,00.002236]
02_preint               	    310	00.011169	(00.000036 +- 00.000006)	[00.000024,00.000063]
02a_intensity_preprocess	    312	00.929240	(00.002978 +- 00.000310)	[00.001293,00.006182]
03_undistortion         	    310	00.254371	(00.000821 +- 00.000105)	[00.000278,00.002160]
04_sampling             	    309	00.171248	(00.000554 +- 00.000061)	[00.000226,00.002124]
04b_intensity_sampling  	    309	00.247603	(00.000801 +- 00.000154)	[00.000344,00.001617]
05_registration         	    309	01.234513	(00.003995 +- 00.000619)	[00.001143,00.010183]
06_map                  	    309	00.271243	(00.000878 +- 00.000120)	[00.000299,00.003131]
07_imu_opt              	    309	00.390649	(00.001264 +- 00.000151)	[00.000002,00.003554]
08_publish              	    309	03.274282	(00.010596 +- 00.001444)	[00.002873,00.022598]
step                    	    312	06.920345	(00.022181 +- 00.002504)	[00.005045,00.047284]

INFO  Timings:
SM Timing
-----------
00_conversion_livox     	    314	03.479506	(00.011081 +- 00.000668)	[00.007809,00.020918]
01_filter               	    313	00.097891	(00.000313 +- 00.000050)	[00.000161,00.002236]
02_preint               	    311	00.011199	(00.000036 +- 00.000006)	[00.000024,00.000063]
02a_intensity_preprocess	    313	00.931059	(00.002975 +- 00.000325)	[00.001293,00.006182]
03_undistortion         	    311	00.254899	(00.000820 +- 00.000108)	[00.000278,00.002160]
04_sampling             	    310	00.171580	(00.000553 +- 00.000063)	[00.000226,00.002124]
04b_intensity_sampling  	    310	00.248098	(00.000800 +- 00.000159)	[00.000344,00.001617]
05_registration         	    310	01.236448	(00.003989 +- 00.000617)	[00.001143,00.010183]
06_map                  	    310	00.271782	(00.000877 +- 00.000124)	[00.000299,00.003131]
07_imu_opt              	    310	00.391868	(00.001264 +- 00.000151)	[00.000002,00.003554]
08_publish              	    310	03.279272	(00.010578 +- 00.001530)	[00.002873,00.022598]
step                    	    313	06.932541	(00.022149 +- 00.002642)	[00.005045,00.047284]

INFO  Timings:
SM Timing
-----------
00_conversion_livox     	    315	03.489646	(00.011078 +- 00.000670)	[00.007809,00.020918]
01_filter               	    314	00.098144	(00.000313 +- 00.000050)	[00.000161,00.002236]
02_preint               	    312	00.011228	(00.000036 +- 00.000006)	[00.000024,00.000063]
02a_intensity_preprocess	    314	00.932849	(00.002971 +- 00.000339)	[00.001293,00.006182]
03_undistortion         	    312	00.255442	(00.000819 +- 00.000109)	[00.000278,00.002160]
04_sampling             	    311	00.171946	(00.000553 +- 00.000064)	[00.000226,00.002124]
04b_intensity_sampling  	    311	00.248583	(00.000799 +- 00.000163)	[00.000344,00.001617]
05_registration         	    311	01.237829	(00.003980 +- 00.000630)	[00.001143,00.010183]
06_map                  	    311	00.272344	(00.000876 +- 00.000126)	[00.000299,00.003131]
07_imu_opt              	    311	00.393068	(00.001264 +- 00.000152)	[00.000002,00.003554]
08_publish              	    311	03.284157	(00.010560 +- 00.001608)	[00.002873,00.022598]
step                    	    314	06.944094	(00.022115 +- 00.002777)	[00.005045,00.047284]

INFO  Timings:
SM Timing
-----------
00_conversion_livox     	    316	03.499686	(00.011075 +- 00.000662)	[00.007809,00.020918]
01_filter               	    315	00.098355	(00.000312 +- 00.000051)	[00.000161,00.002236]
02_preint               	    313	00.011256	(00.000036 +- 00.000006)	[00.000024,00.000063]
02a_intensity_preprocess	    315	00.934573	(00.002967 +- 00.000353)	[00.001293,00.006182]
03_undistortion         	    313	00.256071	(00.000818 +- 00.000110)	[00.000278,00.002160]
04_sampling             	    312	00.172268	(00.000552 +- 00.000066)	[00.000226,00.002124]
04b_intensity_sampling  	    312	00.249266	(00.000799 +- 00.000163)	[00.000344,00.001617]
05_registration         	    312	01.239488	(00.003973 +- 00.000636)	[00.001143,00.010183]
06_map                  	    312	00.272850	(00.000875 +- 00.000130)	[00.000299,00.003131]
07_imu_opt              	    312	00.394417	(00.001264 +- 00.000149)	[00.000002,00.003554]
08_publish              	    312	03.288779	(00.010541 +- 00.001679)	[00.002873,00.022598]
step                    	    315	06.955883	(00.022082 +- 00.002880)	[00.005045,00.047284]

INFO  Timings:
SM Timing
-----------
00_conversion_livox     	    317	03.509499	(00.011071 +- 00.000648)	[00.007809,00.020918]
01_filter               	    316	00.098551	(00.000312 +- 00.000052)	[00.000161,00.002236]
02_preint               	    314	00.011283	(00.000036 +- 00.000006)	[00.000024,00.000063]
02a_intensity_preprocess	    316	00.936258	(00.002963 +- 00.000366)	[00.001293,00.006182]
03_undistortion         	    314	00.256410	(00.000817 +- 00.000122)	[00.000278,00.002160]
04_sampling             	    313	00.172572	(00.000551 +- 00.000069)	[00.000226,00.002124]
04b_intensity_sampling  	    313	00.249752	(00.000798 +- 00.000167)	[00.000344,00.001617]
05_registration         	    313	01.241012	(00.003965 +- 00.000652)	[00.001143,00.010183]
06_map                  	    313	00.273343	(00.000873 +- 00.000135)	[00.000299,00.003131]
07_imu_opt              	    313	00.395544	(00.001264 +- 00.000152)	[00.000002,00.003554]
08_publish              	    313	03.293307	(00.010522 +- 00.001750)	[00.002873,00.022598]
step                    	    316	06.966652	(00.022046 +- 00.003037)	[00.005045,00.047284]

INFO  Timings:
SM Timing
-----------
00_conversion_livox     	    318	03.519419	(00.011067 +- 00.000635)	[00.007809,00.020918]
01_filter               	    317	00.098770	(00.000312 +- 00.000052)	[00.000161,00.002236]
02_preint               	    315	00.011319	(00.000036 +- 00.000006)	[00.000024,00.000063]
02a_intensity_preprocess	    317	00.937918	(00.002959 +- 00.000381)	[00.001293,00.006182]
03_undistortion         	    315	00.256797	(00.000815 +- 00.000128)	[00.000278,00.002160]
04_sampling             	    314	00.172860	(00.000551 +- 00.000073)	[00.000226,00.002124]
04b_intensity_sampling  	    314	00.250226	(00.000797 +- 00.000170)	[00.000344,00.001617]
05_registration         	    314	01.242615	(00.003957 +- 00.000658)	[00.001143,00.010183]
06_map                  	    314	00.273888	(00.000872 +- 00.000137)	[00.000299,00.003131]
07_imu_opt              	    314	00.396709	(00.001263 +- 00.000153)	[00.000002,00.003554]
08_publish              	    314	03.297773	(00.010502 +- 00.001824)	[00.002873,00.022598]
step                    	    317	06.977565	(00.022011 +- 00.003166)	[00.005045,00.047284]

INFO  Timings:
SM Timing
-----------
00_conversion_livox     	    319	03.529603	(00.011065 +- 00.000620)	[00.007809,00.020918]
01_filter               	    318	00.098952	(00.000311 +- 00.000053)	[00.000161,00.002236]
02_preint               	    316	00.011355	(00.000036 +- 00.000006)	[00.000024,00.000063]
02a_intensity_preprocess	    318	00.939574	(00.002955 +- 00.000396)	[00.001293,00.006182]
03_undistortion         	    316	00.257161	(00.000814 +- 00.000137)	[00.000278,00.002160]
04_sampling             	    315	00.173152	(00.000550 +- 00.000076)	[00.000226,00.002124]
04b_intensity_sampling  	    315	00.250594	(00.000796 +- 00.000178)	[00.000344,00.001617]
05_registration         	    315	01.244305	(00.003950 +- 00.000668)	[00.001143,00.010183]
06_map                  	    315	00.274369	(00.000871 +- 00.000141)	[00.000299,00.003131]
07_imu_opt              	    315	00.397846	(00.001263 +- 00.000133)	[00.000002,00.003554]
08_publish              	    315	03.302112	(00.010483 +- 00.001905)	[00.002873,00.022598]
step                    	    318	06.988178	(00.021975 +- 00.003321)	[00.005045,00.047284]

INFO  Timings:
SM Timing
-----------
00_conversion_livox     	    320	03.539866	(00.011062 +- 00.000589)	[00.007809,00.020918]
01_filter               	    319	00.099187	(00.000311 +- 00.000053)	[00.000161,00.002236]
02_preint               	    317	00.011392	(00.000036 +- 00.000006)	[00.000024,00.000063]
02a_intensity_preprocess	    319	00.941285	(00.002951 +- 00.000409)	[00.001293,00.006182]
03_undistortion         	    317	00.257529	(00.000812 +- 00.000145)	[00.000278,00.002160]
04_sampling             	    316	00.173466	(00.000549 +- 00.000078)	[00.000226,00.002124]
04b_intensity_sampling  	    316	00.251104	(00.000795 +- 00.000181)	[00.000344,00.001617]
05_registration         	    316	01.246070	(00.003943 +- 00.000669)	[00.001143,00.010183]
06_map                  	    316	00.274912	(00.000870 +- 00.000143)	[00.000299,00.003131]
07_imu_opt              	    316	00.399054	(00.001263 +- 00.000133)	[00.000002,00.003554]
08_publish              	    316	03.306281	(00.010463 +- 00.001990)	[00.002873,00.022598]
step                    	    319	06.999095	(00.021941 +- 00.003453)	[00.005045,00.047284]

INFO  Timings:
SM Timing
-----------
00_conversion_livox     	    320	03.539866	(00.011062 +- 00.000589)	[00.007809,00.020918]
01_filter               	    320	00.099403	(00.000311 +- 00.000054)	[00.000161,00.002236]
02_preint               	    318	00.011429	(00.000036 +- 00.000006)	[00.000024,00.000063]
02a_intensity_preprocess	    320	00.942999	(00.002947 +- 00.000422)	[00.001293,00.006182]
03_undistortion         	    318	00.257814	(00.000811 +- 00.000156)	[00.000278,00.002160]
04_sampling             	    317	00.173720	(00.000548 +- 00.000081)	[00.000226,00.002124]
04b_intensity_sampling  	    317	00.251517	(00.000793 +- 00.000186)	[00.000344,00.001617]
05_registration         	    317	01.247440	(00.003935 +- 00.000689)	[00.001143,00.010183]
06_map                  	    317	00.275338	(00.000869 +- 00.000150)	[00.000299,00.003131]
07_imu_opt              	    317	00.400223	(00.001263 +- 00.000134)	[00.000002,00.003554]
08_publish              	    317	03.310443	(00.010443 +- 00.002067)	[00.002873,00.022598]
step                    	    320	07.009202	(00.021904 +- 00.003604)	[00.005045,00.047284]

INFO  Timings:
SM Timing
-----------
00_conversion_livox     	    322	03.560933	(00.011059 +- 00.000591)	[00.007809,00.020918]
01_filter               	    321	00.099653	(00.000310 +- 00.000054)	[00.000161,00.002236]
02_preint               	    319	00.011466	(00.000036 +- 00.000006)	[00.000024,00.000063]
02a_intensity_preprocess	    321	00.944667	(00.002943 +- 00.000435)	[00.001293,00.006182]
03_undistortion         	    319	00.258136	(00.000809 +- 00.000164)	[00.000278,00.002160]
04_sampling             	    318	00.173987	(00.000547 +- 00.000085)	[00.000226,00.002124]
04b_intensity_sampling  	    318	00.251960	(00.000792 +- 00.000191)	[00.000344,00.001617]
05_registration         	    318	01.249467	(00.003929 +- 00.000692)	[00.001143,00.010183]
06_map                  	    318	00.275751	(00.000867 +- 00.000156)	[00.000299,00.003131]
07_imu_opt              	    318	00.401795	(00.001264 +- 00.000139)	[00.000002,00.003554]
08_publish              	    318	03.314719	(00.010424 +- 00.002134)	[00.002873,00.022598]
step                    	    321	07.020543	(00.021871 +- 00.003699)	[00.005045,00.047284]

INFO  Timings:
SM Timing
-----------
00_conversion_livox     	    323	03.571368	(00.011057 +- 00.000590)	[00.007809,00.020918]
01_filter               	    322	00.099859	(00.000310 +- 00.000054)	[00.000161,00.002236]
02_preint               	    320	00.011501	(00.000036 +- 00.000006)	[00.000024,00.000063]
02a_intensity_preprocess	    322	00.946354	(00.002939 +- 00.000445)	[00.001293,00.006182]
03_undistortion         	    320	00.258511	(00.000808 +- 00.000166)	[00.000278,00.002160]
04_sampling             	    319	00.174284	(00.000546 +- 00.000087)	[00.000226,00.002124]
04b_intensity_sampling  	    319	00.252385	(00.000791 +- 00.000195)	[00.000344,00.001617]
05_registration         	    319	01.250982	(00.003922 +- 00.000704)	[00.001143,00.010183]
06_map                  	    319	00.276259	(00.000866 +- 00.000159)	[00.000299,00.003131]
07_imu_opt              	    319	00.403458	(00.001265 +- 00.000146)	[00.000002,00.003554]
08_publish              	    319	03.319166	(00.010405 +- 00.002191)	[00.002873,00.022598]
step                    	    322	07.031760	(00.021838 +- 00.003788)	[00.005045,00.047284]

INFO  Timings:
SM Timing
-----------
00_conversion_livox     	    324	03.581404	(00.011054 +- 00.000594)	[00.007809,00.020918]
01_filter               	    323	00.100100	(00.000310 +- 00.000054)	[00.000161,00.002236]
02_preint               	    321	00.011530	(00.000036 +- 00.000006)	[00.000024,00.000063]
02a_intensity_preprocess	    323	00.948041	(00.002935 +- 00.000456)	[00.001293,00.006182]
03_undistortion         	    321	00.258861	(00.000806 +- 00.000171)	[00.000278,00.002160]
04_sampling             	    320	00.174698	(00.000546 +- 00.000087)	[00.000226,00.002124]
04b_intensity_sampling  	    320	00.252806	(00.000790 +- 00.000199)	[00.000344,00.001617]
05_registration         	    320	01.252254	(00.003913 +- 00.000724)	[00.001143,00.010183]
06_map                  	    320	00.276819	(00.000865 +- 00.000159)	[00.000299,00.003131]
07_imu_opt              	    320	00.404876	(00.001265 +- 00.000147)	[00.000002,00.003554]
08_publish              	    320	03.323575	(00.010386 +- 00.002246)	[00.002873,00.022598]
step                    	    323	07.042622	(00.021804 +- 00.003886)	[00.005045,00.047284]

INFO  Timings:
SM Timing
-----------
00_conversion_livox     	    325	03.591375	(00.011050 +- 00.000597)	[00.007809,00.020918]
01_filter               	    324	00.100317	(00.000310 +- 00.000054)	[00.000161,00.002236]
02_preint               	    322	00.011560	(00.000036 +- 00.000006)	[00.000024,00.000063]
02a_intensity_preprocess	    324	00.949788	(00.002931 +- 00.000464)	[00.001293,00.006182]
03_undistortion         	    322	00.259269	(00.000805 +- 00.000168)	[00.000278,00.002160]
04_sampling             	    321	00.175050	(00.000545 +- 00.000088)	[00.000226,00.002124]
04b_intensity_sampling  	    321	00.253376	(00.000789 +- 00.000200)	[00.000344,00.001617]
05_registration         	    321	01.253634	(00.003905 +- 00.000739)	[00.001143,00.010183]
06_map                  	    321	00.277344	(00.000864 +- 00.000161)	[00.000299,00.003131]
07_imu_opt              	    321	00.405997	(00.001265 +- 00.000150)	[00.000002,00.003554]
08_publish              	    321	03.328004	(00.010368 +- 00.002295)	[00.002873,00.022598]
step                    	    324	07.053449	(00.021770 +- 00.003978)	[00.005045,00.047284]

INFO  Timings:
SM Timing
-----------
00_conversion_livox     	    326	03.601355	(00.011047 +- 00.000601)	[00.007809,00.020918]
01_filter               	    325	00.100551	(00.000309 +- 00.000054)	[00.000161,00.002236]
02_preint               	    323	00.011588	(00.000036 +- 00.000006)	[00.000024,00.000063]
02a_intensity_preprocess	    325	00.951525	(00.002928 +- 00.000472)	[00.001293,00.006182]
03_undistortion         	    323	00.259640	(00.000804 +- 00.000171)	[00.000278,00.002160]
04_sampling             	    322	00.175375	(00.000545 +- 00.000089)	[00.000226,00.002124]
04b_intensity_sampling  	    322	00.253837	(00.000788 +- 00.000203)	[00.000344,00.001617]
05_registration         	    322	01.255969	(00.003901 +- 00.000739)	[00.001143,00.010183]
06_map                  	    322	00.277830	(00.000863 +- 00.000164)	[00.000299,00.003131]
07_imu_opt              	    322	00.407526	(00.001266 +- 00.000152)	[00.000002,00.003554]
08_publish              	    322	03.332541	(00.010350 +- 00.002338)	[00.002873,00.022598]
step                    	    325	07.065559	(00.021740 +- 00.004030)	[00.005045,00.047284]

INFO  Timings:
SM Timing
-----------
00_conversion_livox     	    327	03.611214	(00.011043 +- 00.000608)	[00.007809,00.020918]
01_filter               	    326	00.100783	(00.000309 +- 00.000053)	[00.000161,00.002236]
02_preint               	    324	00.011625	(00.000036 +- 00.000006)	[00.000024,00.000063]
02a_intensity_preprocess	    326	00.953263	(00.002924 +- 00.000480)	[00.001293,00.006182]
03_undistortion         	    324	00.260028	(00.000803 +- 00.000172)	[00.000278,00.002160]
04_sampling             	    323	00.175667	(00.000544 +- 00.000091)	[00.000226,00.002124]
04b_intensity_sampling  	    323	00.254422	(00.000788 +- 00.000203)	[00.000344,00.001617]
05_registration         	    323	01.257389	(00.003893 +- 00.000743)	[00.001143,00.010183]
06_map                  	    323	00.278381	(00.000862 +- 00.000163)	[00.000299,00.003131]
07_imu_opt              	    323	00.408653	(00.001265 +- 00.000152)	[00.000002,00.003554]
08_publish              	    323	03.337133	(00.010332 +- 00.002372)	[00.002873,00.022598]
step                    	    326	07.076604	(00.021707 +- 00.004084)	[00.005045,00.047284]

INFO  Timings:
SM Timing
-----------
00_conversion_livox     	    328	03.620923	(00.011039 +- 00.000618)	[00.007809,00.020918]
01_filter               	    327	00.101014	(00.000309 +- 00.000052)	[00.000161,00.002236]
02_preint               	    325	00.011662	(00.000036 +- 00.000006)	[00.000024,00.000063]
02a_intensity_preprocess	    327	00.954940	(00.002920 +- 00.000487)	[00.001293,00.006182]
03_undistortion         	    325	00.260359	(00.000801 +- 00.000174)	[00.000278,00.002160]
04_sampling             	    324	00.176048	(00.000543 +- 00.000090)	[00.000226,00.002124]
04b_intensity_sampling  	    324	00.254948	(00.000787 +- 00.000204)	[00.000344,00.001617]
05_registration         	    324	01.259621	(00.003888 +- 00.000727)	[00.001143,00.010183]
06_map                  	    324	00.278794	(00.000860 +- 00.000166)	[00.000299,00.003131]
07_imu_opt              	    324	00.410101	(00.001266 +- 00.000153)	[00.000002,00.003554]
08_publish              	    324	03.341508	(00.010313 +- 00.002397)	[00.002873,00.022598]
step                    	    327	07.088314	(00.021677 +- 00.004096)	[00.005045,00.047284]

INFO  Timings:
SM Timing
-----------
00_conversion_livox     	    329	03.630489	(00.011035 +- 00.000631)	[00.007809,00.020918]
01_filter               	    328	00.101222	(00.000309 +- 00.000052)	[00.000161,00.002236]
02_preint               	    326	00.011698	(00.000036 +- 00.000005)	[00.000024,00.000063]
02a_intensity_preprocess	    328	00.956619	(00.002917 +- 00.000488)	[00.001293,00.006182]
03_undistortion         	    326	00.260756	(00.000800 +- 00.000174)	[00.000278,00.002160]
04_sampling             	    325	00.176414	(00.000543 +- 00.000090)	[00.000226,00.002124]
04b_intensity_sampling  	    325	00.255510	(00.000786 +- 00.000203)	[00.000344,00.001617]
05_registration         	    325	01.261290	(00.003881 +- 00.000730)	[00.001143,00.010183]
06_map                  	    325	00.279268	(00.000859 +- 00.000169)	[00.000299,00.003131]
07_imu_opt              	    325	00.411271	(00.001265 +- 00.000154)	[00.000002,00.003554]
08_publish              	    325	03.345955	(00.010295 +- 00.002411)	[00.002873,00.022598]
step                    	    328	07.099377	(00.021644 +- 00.004121)	[00.005045,00.047284]

INFO  Timings:
SM Timing
-----------
00_conversion_livox     	    330	03.640378	(00.011031 +- 00.000636)	[00.007809,00.020918]
01_filter               	    329	00.101407	(00.000308 +- 00.000053)	[00.000161,00.002236]
02_preint               	    327	00.011728	(00.000036 +- 00.000005)	[00.000024,00.000063]
02a_intensity_preprocess	    329	00.958316	(00.002913 +- 00.000491)	[00.001293,00.006182]
03_undistortion         	    327	00.261111	(00.000799 +- 00.000175)	[00.000278,00.002160]
04_sampling             	    326	00.176712	(00.000542 +- 00.000091)	[00.000226,00.002124]
04b_intensity_sampling  	    326	00.255924	(00.000785 +- 00.000205)	[00.000344,00.001617]
05_registration         	    326	01.263190	(00.003875 +- 00.000731)	[00.001143,00.010183]
06_map                  	    326	00.279770	(00.000858 +- 00.000169)	[00.000299,00.003131]
07_imu_opt              	    326	00.412631	(00.001266 +- 00.000153)	[00.000002,00.003554]
08_publish              	    326	03.350393	(00.010277 +- 00.002422)	[00.002873,00.022598]
step                    	    329	07.110604	(00.021613 +- 00.004139)	[00.005045,00.047284]

INFO  Timings:
SM Timing
-----------
00_conversion_livox     	    331	03.650411	(00.011028 +- 00.000639)	[00.007809,00.020918]
01_filter               	    330	00.101647	(00.000308 +- 00.000053)	[00.000161,00.002236]
02_preint               	    328	00.011764	(00.000036 +- 00.000005)	[00.000024,00.000063]
02a_intensity_preprocess	    330	00.959939	(00.002909 +- 00.000491)	[00.001293,00.006182]
03_undistortion         	    328	00.261503	(00.000797 +- 00.000174)	[00.000278,00.002160]
04_sampling             	    327	00.177060	(00.000541 +- 00.000091)	[00.000226,00.002124]
04b_intensity_sampling  	    327	00.256324	(00.000784 +- 00.000208)	[00.000344,00.001617]
05_registration         	    327	01.264865	(00.003868 +- 00.000734)	[00.001143,00.010183]
06_map                  	    327	00.280298	(00.000857 +- 00.000170)	[00.000299,00.003131]
07_imu_opt              	    327	00.413840	(00.001266 +- 00.000153)	[00.000002,00.003554]
08_publish              	    327	03.354635	(00.010259 +- 00.002429)	[00.002873,00.022598]
step                    	    330	07.121358	(00.021580 +- 00.004161)	[00.005045,00.047284]

INFO  Timings:
SM Timing
-----------
00_conversion_livox     	    332	03.660218	(00.011025 +- 00.000643)	[00.007809,00.020918]
01_filter               	    331	00.101863	(00.000308 +- 00.000053)	[00.000161,00.002236]
02_preint               	    329	00.011791	(00.000036 +- 00.000006)	[00.000024,00.000063]
02a_intensity_preprocess	    331	00.961473	(00.002905 +- 00.000495)	[00.001293,00.006182]
03_undistortion         	    329	00.261851	(00.000796 +- 00.000175)	[00.000278,00.002160]
04_sampling             	    328	00.177306	(00.000541 +- 00.000094)	[00.000226,00.002124]
04b_intensity_sampling  	    328	00.256768	(00.000783 +- 00.000209)	[00.000344,00.001617]
05_registration         	    328	01.266329	(00.003861 +- 00.000744)	[00.001143,00.010183]
06_map                  	    328	00.280766	(00.000856 +- 00.000167)	[00.000299,00.003131]
07_imu_opt              	    328	00.415132	(00.001266 +- 00.000153)	[00.000002,00.003554]
08_publish              	    328	03.358488	(00.010239 +- 00.002441)	[00.002873,00.022598]
step                    	    331	07.131322	(00.021545 +- 00.004200)	[00.005045,00.047284]

INFO  Timings:
SM Timing
-----------
00_conversion_livox     	    333	03.669894	(00.011021 +- 00.000651)	[00.007809,00.020918]
01_filter               	    332	00.102046	(00.000307 +- 00.000054)	[00.000161,00.002236]
02_preint               	    330	00.011817	(00.000036 +- 00.000006)	[00.000024,00.000063]
02a_intensity_preprocess	    332	00.962989	(00.002901 +- 00.000492)	[00.001293,00.006182]
03_undistortion         	    330	00.262186	(00.000795 +- 00.000176)	[00.000278,00.002160]
04_sampling             	    329	00.177682	(00.000540 +- 00.000094)	[00.000226,00.002124]
04b_intensity_sampling  	    329	00.257197	(00.000782 +- 00.000210)	[00.000344,00.001617]
05_registration         	    329	01.268721	(00.003856 +- 00.000730)	[00.001143,00.010183]
06_map                  	    329	00.281116	(00.000854 +- 00.000171)	[00.000299,00.003131]
07_imu_opt              	    329	00.416403	(00.001266 +- 00.000153)	[00.000002,00.003554]
08_publish              	    329	03.362179	(00.010219 +- 00.002450)	[00.002873,00.022598]
step                    	    332	07.141940	(00.021512 +- 00.004189)	[00.005045,00.047284]

INFO  Timings:
SM Timing
-----------
00_conversion_livox     	    334	03.679759	(00.011017 +- 00.000654)	[00.007809,00.020918]
01_filter               	    333	00.102230	(00.000307 +- 00.000055)	[00.000161,00.002236]
02_preint               	    331	00.011845	(00.000036 +- 00.000006)	[00.000024,00.000063]
02a_intensity_preprocess	    333	00.964528	(00.002896 +- 00.000496)	[00.001293,00.006182]
03_undistortion         	    331	00.262494	(00.000793 +- 00.000179)	[00.000278,00.002160]
04_sampling             	    330	00.177933	(00.000539 +- 00.000094)	[00.000226,00.002124]
04b_intensity_sampling  	    330	00.257540	(00.000780 +- 00.000213)	[00.000343,00.001617]
05_registration         	    330	01.270567	(00.003850 +- 00.000733)	[00.001143,00.010183]
06_map                  	    330	00.281460	(00.000853 +- 00.000169)	[00.000299,00.003131]
07_imu_opt              	    330	00.417811	(00.001266 +- 00.000153)	[00.000002,00.003554]
08_publish              	    330	03.365784	(00.010199 +- 00.002468)	[00.002873,00.022598]
step                    	    333	07.151850	(00.021477 +- 00.004219)	[00.005045,00.047284]

INFO  Timings:
SM Timing
-----------
00_conversion_livox     	    335	03.689604	(00.011014 +- 00.000658)	[00.007809,00.020918]
01_filter               	    334	00.102438	(00.000307 +- 00.000054)	[00.000161,00.002236]
02_preint               	    332	00.011881	(00.000036 +- 00.000006)	[00.000024,00.000063]
02a_intensity_preprocess	    334	00.966054	(00.002892 +- 00.000499)	[00.001293,00.006182]
03_undistortion         	    332	00.262774	(00.000791 +- 00.000182)	[00.000278,00.002160]
04_sampling             	    331	00.178188	(00.000538 +- 00.000096)	[00.000226,00.002124]
04b_intensity_sampling  	    331	00.257869	(00.000779 +- 00.000216)	[00.000329,00.001617]
05_registration         	    331	01.271677	(00.003842 +- 00.000747)	[00.001110,00.010183]
06_map                  	    331	00.281814	(00.000851 +- 00.000172)	[00.000299,00.003131]
07_imu_opt              	    331	00.419024	(00.001266 +- 00.000154)	[00.000002,00.003554]
08_publish              	    331	03.369259	(00.010179 +- 00.002486)	[00.002873,00.022598]
step                    	    334	07.160697	(00.021439 +- 00.004270)	[00.005045,00.047284]

INFO  Timings:
SM Timing
-----------
00_conversion_livox     	    336	03.699224	(00.011010 +- 00.000666)	[00.007809,00.020918]
01_filter               	    335	00.102633	(00.000306 +- 00.000055)	[00.000161,00.002236]
02_preint               	    333	00.011909	(00.000036 +- 00.000006)	[00.000024,00.000063]
02a_intensity_preprocess	    335	00.967539	(00.002888 +- 00.000506)	[00.001293,00.006182]
03_undistortion         	    333	00.263060	(00.000790 +- 00.000183)	[00.000278,00.002160]
04_sampling             	    332	00.178466	(00.000538 +- 00.000097)	[00.000226,00.002124]
04b_intensity_sampling  	    332	00.258237	(00.000778 +- 00.000219)	[00.000329,00.001617]
05_registration         	    332	01.272818	(00.003834 +- 00.000760)	[00.001110,00.010183]
06_map                  	    332	00.282292	(00.000850 +- 00.000173)	[00.000299,00.003131]
07_imu_opt              	    332	00.420169	(00.001266 +- 00.000155)	[00.000002,00.003554]
08_publish              	    332	03.372613	(00.010158 +- 00.002512)	[00.002873,00.022598]
step                    	    335	07.169511	(00.021402 +- 00.004336)	[00.005045,00.047284]

INFO  Timings:
SM Timing
-----------
00_conversion_livox     	    337	03.708657	(00.011005 +- 00.000676)	[00.007809,00.020918]
01_filter               	    336	00.102826	(00.000306 +- 00.000045)	[00.000161,00.002236]
02_preint               	    334	00.011944	(00.000036 +- 00.000005)	[00.000024,00.000063]
02a_intensity_preprocess	    336	00.969000	(00.002884 +- 00.000510)	[00.001293,00.006182]
03_undistortion         	    334	00.263343	(00.000788 +- 00.000181)	[00.000278,00.002160]
04_sampling             	    333	00.178722	(00.000537 +- 00.000098)	[00.000226,00.002124]
04b_intensity_sampling  	    333	00.258611	(00.000777 +- 00.000220)	[00.000329,00.001617]
05_registration         	    333	01.274208	(00.003826 +- 00.000768)	[00.001110,00.010183]
06_map                  	    333	00.282757	(00.000849 +- 00.000174)	[00.000299,00.003131]
07_imu_opt              	    333	00.421287	(00.001265 +- 00.000157)	[00.000002,00.003554]
08_publish              	    333	03.375715	(00.010137 +- 00.002532)	[00.002873,00.022598]
step                    	    336	07.178278	(00.021364 +- 00.004377)	[00.005045,00.047284]

INFO  Timings:
SM Timing
-----------
00_conversion_livox     	    338	03.718172	(00.011001 +- 00.000684)	[00.007809,00.020918]
01_filter               	    337	00.103023	(00.000306 +- 00.000045)	[00.000161,00.002236]
02_preint               	    335	00.011980	(00.000036 +- 00.000005)	[00.000024,00.000063]
02a_intensity_preprocess	    337	00.970434	(00.002880 +- 00.000505)	[00.001293,00.006182]
03_undistortion         	    335	00.263606	(00.000787 +- 00.000182)	[00.000262,00.002160]
04_sampling             	    334	00.179003	(00.000536 +- 00.000096)	[00.000226,00.002124]
04b_intensity_sampling  	    334	00.258960	(00.000775 +- 00.000219)	[00.000329,00.001617]
05_registration         	    334	01.275611	(00.003819 +- 00.000719)	[00.001110,00.010183]
06_map                  	    334	00.283168	(00.000848 +- 00.000173)	[00.000299,00.003131]
07_imu_opt              	    334	00.422443	(00.001265 +- 00.000156)	[00.000002,00.003554]
08_publish              	    334	03.378774	(00.010116 +- 00.002477)	[00.002873,00.022598]
step                    	    337	07.186910	(00.021326 +- 00.004262)	[00.005045,00.047284]

INFO  Timings:
SM Timing
-----------
00_conversion_livox     	    339	03.727946	(00.010997 +- 00.000590)	[00.007809,00.020918]
01_filter               	    338	00.103199	(00.000305 +- 00.000045)	[00.000161,00.002236]
02_preint               	    336	00.012017	(00.000036 +- 00.000004)	[00.000024,00.000063]
02a_intensity_preprocess	    338	00.971880	(00.002875 +- 00.000480)	[00.001293,00.006182]
03_undistortion         	    336	00.263891	(00.000785 +- 00.000184)	[00.000262,00.002160]
04_sampling             	    335	00.179345	(00.000535 +- 00.000094)	[00.000226,00.002124]
04b_intensity_sampling  	    335	00.259346	(00.000774 +- 00.000216)	[00.000329,00.001617]
05_registration         	    335	01.276947	(00.003812 +- 00.000694)	[00.001110,00.010183]
06_map                  	    335	00.283501	(00.000846 +- 00.000170)	[00.000299,00.003131]
07_imu_opt              	    335	00.423921	(00.001265 +- 00.000148)	[00.000002,00.003554]
08_publish              	    335	03.381801	(00.010095 +- 00.002387)	[00.002873,00.022598]
step                    	    338	07.195817	(00.021289 +- 00.004093)	[00.005045,00.047284]

INFO  Timings:
SM Timing
-----------
00_conversion_livox     	    340	03.738118	(00.010994 +- 00.000501)	[00.007809,00.020918]
01_filter               	    339	00.103375	(00.000305 +- 00.000046)	[00.000161,00.002236]
02_preint               	    337	00.012052	(00.000036 +- 00.000004)	[00.000024,00.000063]
02a_intensity_preprocess	    339	00.973224	(00.002871 +- 00.000461)	[00.001293,00.006182]
03_undistortion         	    337	00.264186	(00.000784 +- 00.000180)	[00.000262,00.002160]
04_sampling             	    336	00.179583	(00.000534 +- 00.000094)	[00.000226,00.002124]
04b_intensity_sampling  	    336	00.259688	(00.000773 +- 00.000217)	[00.000329,00.001617]
05_registration         	    336	01.279214	(00.003807 +- 00.000616)	[00.001110,00.010183]
06_map                  	    336	00.283849	(00.000845 +- 00.000171)	[00.000299,00.003131]
07_imu_opt              	    336	00.425283	(00.001266 +- 00.000132)	[00.000002,00.003554]
08_publish              	    336	03.384674	(00.010073 +- 00.002324)	[00.002873,00.022598]
step                    	    339	07.205154	(00.021254 +- 00.003900)	[00.005045,00.047284]

INFO  Timings:
SM Timing
-----------
00_conversion_livox     	    341	03.747732	(00.010990 +- 00.000475)	[00.007809,00.020918]
01_filter               	    340	00.103535	(00.000305 +- 00.000047)	[00.000160,00.002236]
02_preint               	    338	00.012088	(00.000036 +- 00.000004)	[00.000024,00.000063]
02a_intensity_preprocess	    340	00.974589	(00.002866 +- 00.000447)	[00.001293,00.006182]
03_undistortion         	    338	00.264452	(00.000782 +- 00.000179)	[00.000262,00.002160]
04_sampling             	    337	00.179791	(00.000534 +- 00.000095)	[00.000208,00.002124]
04b_intensity_sampling  	    337	00.260036	(00.000772 +- 00.000217)	[00.000329,00.001617]
05_registration         	    337	01.280546	(00.003800 +- 00.000619)	[00.001110,00.010183]
06_map                  	    337	00.284235	(00.000843 +- 00.000166)	[00.000299,00.003131]
07_imu_opt              	    337	00.426831	(00.001267 +- 00.000136)	[00.000002,00.003554]
08_publish              	    337	03.387481	(00.010052 +- 00.002283)	[00.002807,00.022598]
step                    	    340	07.213669	(00.021217 +- 00.003844)	[00.005045,00.047284]

INFO  Timings:
SM Timing
-----------
00_conversion_livox     	    342	03.757360	(00.010986 +- 00.000476)	[00.007809,00.020918]
01_filter               	    341	00.103727	(00.000304 +- 00.000047)	[00.000160,00.002236]
02_preint               	    339	00.012120	(00.000036 +- 00.000004)	[00.000024,00.000063]
02a_intensity_preprocess	    341	00.976029	(00.002862 +- 00.000437)	[00.001293,00.006182]
03_undistortion         	    339	00.264779	(00.000781 +- 00.000177)	[00.000262,00.002160]
04_sampling             	    338	00.180061	(00.000533 +- 00.000093)	[00.000208,00.002124]
04b_intensity_sampling  	    338	00.260421	(00.000770 +- 00.000166)	[00.000329,00.001617]
05_registration         	    338	01.282713	(00.003795 +- 00.000607)	[00.001110,00.010183]
06_map                  	    338	00.284671	(00.000842 +- 00.000166)	[00.000299,00.003131]
07_imu_opt              	    338	00.429468	(00.001271 +- 00.000231)	[00.000002,00.003554]
08_publish              	    338	03.390524	(00.010031 +- 00.002239)	[00.002807,00.022598]
step                    	    341	07.224679	(00.021187 +- 00.003704)	[00.005045,00.047284]

INFO  Timings:
SM Timing
-----------
00_conversion_livox     	    343	03.767070	(00.010983 +- 00.000474)	[00.007809,00.020918]
01_filter               	    342	00.103942	(00.000304 +- 00.000047)	[00.000160,00.002236]
02_preint               	    340	00.012147	(00.000036 +- 00.000004)	[00.000024,00.000063]
02a_intensity_preprocess	    342	00.977502	(00.002858 +- 00.000424)	[00.001293,00.006182]
03_undistortion         	    340	00.265040	(00.000780 +- 00.000171)	[00.000261,00.002160]
04_sampling             	    339	00.180275	(00.000532 +- 00.000091)	[00.000208,00.002124]
04b_intensity_sampling  	    339	00.260722	(00.000769 +- 00.000168)	[00.000300,00.001617]
05_registration         	    339	01.284830	(00.003790 +- 00.000600)	[00.001110,00.010183]
06_map                  	    339	00.285105	(00.000841 +- 00.000165)	[00.000299,00.003131]
07_imu_opt              	    339	00.430796	(00.001271 +- 00.000228)	[00.000002,00.003554]
08_publish              	    339	03.393725	(00.010011 +- 00.002194)	[00.002807,00.022598]
step                    	    342	07.234290	(00.021153 +- 00.003616)	[00.005045,00.047284]

INFO  Timings:
SM Timing
-----------
00_conversion_livox     	    344	03.776858	(00.010979 +- 00.000471)	[00.007809,00.020918]
01_filter               	    343	00.104128	(00.000304 +- 00.000048)	[00.000160,00.002236]
02_preint               	    341	00.012183	(00.000036 +- 00.000004)	[00.000024,00.000063]
02a_intensity_preprocess	    343	00.979014	(00.002854 +- 00.000415)	[00.001293,00.006182]
03_undistortion         	    341	00.265388	(00.000778 +- 00.000169)	[00.000261,00.002160]
04_sampling             	    340	00.180564	(00.000531 +- 00.000089)	[00.000208,00.002124]
04b_intensity_sampling  	    340	00.261237	(00.000768 +- 00.000165)	[00.000300,00.001617]
05_registration         	    340	01.286786	(00.003785 +- 00.000599)	[00.001110,00.010183]
06_map                  	    340	00.285573	(00.000840 +- 00.000163)	[00.000299,00.003131]
07_imu_opt              	    340	00.432674	(00.001273 +- 00.000241)	[00.000002,00.003554]
08_publish              	    340	03.397211	(00.009992 +- 00.002144)	[00.002807,00.022598]
step                    	    343	07.245035	(00.021123 +- 00.003539)	[00.005045,00.047284]

INFO  Timings:
SM Timing
-----------
00_conversion_livox     	    345	03.786604	(00.010976 +- 00.000460)	[00.007809,00.020918]
01_filter               	    344	00.104350	(00.000303 +- 00.000047)	[00.000160,00.002236]
02_preint               	    342	00.012210	(00.000036 +- 00.000004)	[00.000024,00.000063]
02a_intensity_preprocess	    344	00.980615	(00.002851 +- 00.000402)	[00.001293,00.006182]
03_undistortion         	    342	00.265684	(00.000777 +- 00.000166)	[00.000261,00.002160]
04_sampling             	    341	00.180852	(00.000530 +- 00.000089)	[00.000208,00.002124]
04b_intensity_sampling  	    341	00.261761	(00.000768 +- 00.000163)	[00.000300,00.001617]
05_registration         	    341	01.288828	(00.003780 +- 00.000588)	[00.001110,00.010183]
06_map                  	    341	00.286083	(00.000839 +- 00.000161)	[00.000299,00.003131]
07_imu_opt              	    341	00.433829	(00.001272 +- 00.000242)	[00.000002,00.003554]
08_publish              	    341	03.401074	(00.009974 +- 00.002075)	[00.002807,00.022598]
step                    	    344	07.255623	(00.021092 +- 00.003434)	[00.005045,00.047284]

INFO  Timings:
SM Timing
-----------
00_conversion_livox     	    346	03.796397	(00.010972 +- 00.000447)	[00.007809,00.020918]
01_filter               	    345	00.104572	(00.000303 +- 00.000046)	[00.000160,00.002236]
02_preint               	    343	00.012251	(00.000036 +- 00.000004)	[00.000024,00.000063]
02a_intensity_preprocess	    345	00.982314	(00.002847 +- 00.000385)	[00.001293,00.006182]
03_undistortion         	    343	00.266022	(00.000776 +- 00.000162)	[00.000261,00.002160]
04_sampling             	    342	00.181147	(00.000530 +- 00.000087)	[00.000208,00.002124]
04b_intensity_sampling  	    342	00.262174	(00.000767 +- 00.000161)	[00.000300,00.001617]
05_registration         	    342	01.290383	(00.003773 +- 00.000587)	[00.001110,00.010183]
06_map                  	    342	00.286522	(00.000838 +- 00.000159)	[00.000299,00.003131]
07_imu_opt              	    342	00.435324	(00.001273 +- 00.000243)	[00.000002,00.003554]
08_publish              	    342	03.405635	(00.009958 +- 00.001987)	[00.002807,00.022598]
step                    	    345	07.266738	(00.021063 +- 00.003316)	[00.005045,00.047284]

INFO  Timings:
SM Timing
-----------
00_conversion_livox     	    347	03.806318	(00.010969 +- 00.000403)	[00.007809,00.020918]
01_filter               	    346	00.104796	(00.000303 +- 00.000046)	[00.000160,00.002236]
02_preint               	    344	00.012283	(00.000036 +- 00.000004)	[00.000024,00.000063]
02a_intensity_preprocess	    346	00.984307	(00.002845 +- 00.000369)	[00.001293,00.006182]
03_undistortion         	    344	00.266407	(00.000774 +- 00.000155)	[00.000261,00.002160]
04_sampling             	    343	00.181475	(00.000529 +- 00.000080)	[00.000208,00.002124]
04b_intensity_sampling  	    343	00.262718	(00.000766 +- 00.000152)	[00.000300,00.001617]
05_registration         	    343	01.292690	(00.003769 +- 00.000520)	[00.001110,00.010183]
06_map                  	    343	00.287137	(00.000837 +- 00.000156)	[00.000299,00.003131]
07_imu_opt              	    343	00.436628	(00.001273 +- 00.000243)	[00.000002,00.003554]
08_publish              	    343	03.411071	(00.009945 +- 00.001898)	[00.002807,00.022598]
step                    	    346	07.279986	(00.021040 +- 00.003113)	[00.005045,00.047284]

INFO  Timings:
SM Timing
-----------
00_conversion_livox     	    348	03.816745	(00.010968 +- 00.000374)	[00.007809,00.020918]
01_filter               	    347	00.105030	(00.000303 +- 00.000044)	[00.000160,00.002236]
02_preint               	    345	00.012321	(00.000036 +- 00.000004)	[00.000024,00.000063]
02a_intensity_preprocess	    347	00.986430	(00.002843 +- 00.000350)	[00.001293,00.006182]
03_undistortion         	    345	00.266993	(00.000774 +- 00.000151)	[00.000261,00.002160]
04_sampling             	    344	00.181849	(00.000529 +- 00.000077)	[00.000208,00.002124]
04b_intensity_sampling  	    344	00.263346	(00.000766 +- 00.000147)	[00.000300,00.001617]
05_registration         	    344	01.295367	(00.003766 +- 00.000522)	[00.001110,00.010183]
06_map                  	    344	00.287739	(00.000836 +- 00.000155)	[00.000299,00.003131]
07_imu_opt              	    344	00.438795	(00.001276 +- 00.000269)	[00.000002,00.003554]
08_publish              	    344	03.417313	(00.009934 +- 00.001803)	[00.002807,00.022598]
step                    	    347	07.295717	(00.021025 +- 00.002998)	[00.005045,00.047284]

INFO  Timings:
SM Timing
-----------
00_conversion_livox     	    349	03.826844	(00.010965 +- 00.000340)	[00.007809,00.020918]
01_filter               	    348	00.105266	(00.000302 +- 00.000044)	[00.000160,00.002236]
02_preint               	    346	00.012356	(00.000036 +- 00.000004)	[00.000024,00.000063]
02a_intensity_preprocess	    348	00.988552	(00.002841 +- 00.000338)	[00.001293,00.006182]
03_undistortion         	    346	00.267587	(00.000773 +- 00.000149)	[00.000261,00.002160]
04_sampling             	    345	00.182265	(00.000528 +- 00.000077)	[00.000208,00.002124]
04b_intensity_sampling  	    345	00.263892	(00.000765 +- 00.000142)	[00.000300,00.001617]
05_registration         	    345	01.297933	(00.003762 +- 00.000528)	[00.001110,00.010183]
06_map                  	    345	00.289199	(00.000838 +- 00.000195)	[00.000299,00.003131]
07_imu_opt              	    345	00.439995	(00.001275 +- 00.000269)	[00.000002,00.003554]
08_publish              	    345	03.424086	(00.009925 +- 00.001725)	[00.002807,00.022598]
step                    	    348	07.311742	(00.021011 +- 00.002925)	[00.005045,00.047284]

INFO  Timings:
SM Timing
-----------
00_conversion_livox     	    350	03.836974	(00.010963 +- 00.000334)	[00.007809,00.020918]
01_filter               	    349	00.105492	(00.000302 +- 00.000042)	[00.000160,00.002236]
02_preint               	    347	00.012398	(00.000036 +- 00.000004)	[00.000024,00.000063]
02a_intensity_preprocess	    349	00.990812	(00.002839 +- 00.000332)	[00.001293,00.006182]
03_undistortion         	    347	00.268142	(00.000773 +- 00.000144)	[00.000261,00.002160]
04_sampling             	    346	00.182701	(00.000528 +- 00.000075)	[00.000208,00.002124]
04b_intensity_sampling  	    346	00.264489	(00.000764 +- 00.000131)	[00.000300,00.001617]
05_registration         	    346	01.300514	(00.003759 +- 00.000519)	[00.001110,00.010183]
06_map                  	    346	00.289914	(00.000838 +- 00.000195)	[00.000299,00.003131]
07_imu_opt              	    346	00.441268	(00.001275 +- 00.000270)	[00.000002,00.003554]
08_publish              	    346	03.430921	(00.009916 +- 00.001653)	[00.002807,00.022598]
step                    	    349	07.327334	(00.020995 +- 00.002810)	[00.005045,00.047284]

INFO  Timings:
SM Timing
-----------
00_conversion_livox     	    351	03.846986	(00.010960 +- 00.000314)	[00.007809,00.020918]
01_filter               	    350	00.105717	(00.000302 +- 00.000042)	[00.000160,00.002236]
02_preint               	    348	00.012436	(00.000036 +- 00.000004)	[00.000024,00.000063]
02a_intensity_preprocess	    350	00.993049	(00.002837 +- 00.000320)	[00.001293,00.006182]
03_undistortion         	    348	00.268772	(00.000772 +- 00.000141)	[00.000261,00.002160]
04_sampling             	    347	00.183125	(00.000528 +- 00.000073)	[00.000208,00.002124]
04b_intensity_sampling  	    347	00.265063	(00.000764 +- 00.000126)	[00.000300,00.001617]
05_registration         	    347	01.302037	(00.003752 +- 00.000519)	[00.001110,00.010183]
06_map                  	    347	00.290523	(00.000837 +- 00.000192)	[00.000299,00.003131]
07_imu_opt              	    347	00.442556	(00.001275 +- 00.000270)	[00.000002,00.003554]
08_publish              	    347	03.437351	(00.009906 +- 00.001564)	[00.002807,00.022598]
step                    	    350	07.341378	(00.020975 +- 00.002690)	[00.005045,00.047284]

INFO  Timings:
SM Timing
-----------
00_conversion_livox     	    352	03.856578	(00.010956 +- 00.000277)	[00.007809,00.020918]
01_filter               	    351	00.105938	(00.000302 +- 00.000040)	[00.000160,00.002236]
02_preint               	    349	00.012473	(00.000036 +- 00.000004)	[00.000024,00.000063]
02a_intensity_preprocess	    351	00.995026	(00.002835 +- 00.000302)	[00.001293,00.006182]
03_undistortion         	    349	00.269365	(00.000772 +- 00.000135)	[00.000261,00.002160]
04_sampling             	    348	00.183497	(00.000527 +- 00.000070)	[00.000208,00.002124]
04b_intensity_sampling  	    348	00.265668	(00.000763 +- 00.000121)	[00.000300,00.001617]
05_registration         	    348	01.304906	(00.003750 +- 00.000527)	[00.001110,00.010183]
06_map                  	    348	00.291072	(00.000836 +- 00.000188)	[00.000299,00.003131]
07_imu_opt              	    348	00.443747	(00.001275 +- 00.000270)	[00.000002,00.003554]
08_publish              	    348	03.442943	(00.009894 +- 00.001471)	[00.002807,00.022598]
step                    	    351	07.355463	(00.020956 +- 00.002547)	[00.005045,00.047284]

INFO  Timings:
SM Timing
-----------
00_conversion_livox     	    353	03.866301	(00.010953 +- 00.000262)	[00.007809,00.020918]
01_filter               	    352	00.106165	(00.000302 +- 00.000039)	[00.000160,00.002236]
02_preint               	    350	00.012515	(00.000036 +- 00.000004)	[00.000024,00.000063]
02a_intensity_preprocess	    352	00.996879	(00.002832 +- 00.000285)	[00.001293,00.006182]
03_undistortion         	    350	00.269799	(00.000771 +- 00.000127)	[00.000261,00.002160]
04_sampling             	    349	00.183775	(00.000527 +- 00.000067)	[00.000208,00.002124]
04b_intensity_sampling  	    349	00.266115	(00.000763 +- 00.000113)	[00.000300,00.001617]
05_registration         	    349	01.306998	(00.003745 +- 00.000499)	[00.001110,00.010183]
06_map                  	    349	00.291595	(00.000836 +- 00.000184)	[00.000299,00.003131]
07_imu_opt              	    349	00.444925	(00.001275 +- 00.000270)	[00.000002,00.003554]
08_publish              	    349	03.447581	(00.009878 +- 00.001387)	[00.002807,00.022598]
step                    	    352	07.367236	(00.020930 +- 00.002388)	[00.005045,00.047284]

INFO  Timings:
SM Timing
-----------
00_conversion_livox     	    354	03.876122	(00.010949 +- 00.000262)	[00.007809,00.020918]
01_filter               	    353	00.106409	(00.000301 +- 00.000040)	[00.000160,00.002236]
02_preint               	    351	00.012549	(00.000036 +- 00.000004)	[00.000024,00.000063]
02a_intensity_preprocess	    353	00.998389	(00.002828 +- 00.000272)	[00.001293,00.006182]
03_undistortion         	    351	00.270085	(00.000769 +- 00.000127)	[00.000261,00.002160]
04_sampling             	    350	00.184013	(00.000526 +- 00.000068)	[00.000208,00.002124]
04b_intensity_sampling  	    350	00.266486	(00.000761 +- 00.000113)	[00.000300,00.001617]
05_registration         	    350	01.309497	(00.003741 +- 00.000477)	[00.001110,00.010183]
06_map                  	    350	00.291997	(00.000834 +- 00.000184)	[00.000299,00.003131]
07_imu_opt              	    350	00.446089	(00.001275 +- 00.000272)	[00.000002,00.003554]
08_publish              	    350	03.451217	(00.009861 +- 00.001306)	[00.002807,00.022598]
step                    	    353	07.377677	(00.020900 +- 00.002252)	[00.005045,00.047284]

INFO  Timings:
SM Timing
-----------
00_conversion_livox     	    355	03.886005	(00.010946 +- 00.000259)	[00.007809,00.020918]
01_filter               	    354	00.106609	(00.000301 +- 00.000040)	[00.000160,00.002236]
02_preint               	    352	00.012585	(00.000036 +- 00.000004)	[00.000024,00.000063]
02a_intensity_preprocess	    354	00.999752	(00.002824 +- 00.000262)	[00.001293,00.006182]
03_undistortion         	    352	00.270351	(00.000768 +- 00.000125)	[00.000261,00.002160]
04_sampling             	    351	00.184292	(00.000525 +- 00.000067)	[00.000208,00.002124]
04b_intensity_sampling  	    351	00.266826	(00.000760 +- 00.000110)	[00.000300,00.001617]
05_registration         	    351	01.311059	(00.003735 +- 00.000479)	[00.001110,00.010183]
06_map                  	    351	00.292310	(00.000833 +- 00.000183)	[00.000299,00.003131]
07_imu_opt              	    351	00.447511	(00.001275 +- 00.000271)	[00.000002,00.003554]
08_publish              	    351	03.454118	(00.009841 +- 00.001255)	[00.002807,00.022598]
step                    	    354	07.386400	(00.020866 +- 00.002202)	[00.005045,00.047284]

INFO  Timings:
SM Timing
-----------
00_conversion_livox     	    356	03.895553	(00.010943 +- 00.000264)	[00.007809,00.020918]
01_filter               	    355	00.106766	(00.000301 +- 00.000041)	[00.000157,00.002236]
02_preint               	    353	00.012621	(00.000036 +- 00.000004)	[00.000024,00.000063]
02a_intensity_preprocess	    355	01.001043	(00.002820 +- 00.000257)	[00.001292,00.006182]
03_undistortion         	    353	00.270614	(00.000767 +- 00.000121)	[00.000261,00.002160]
04_sampling             	    352	00.184516	(00.000524 +- 00.000067)	[00.000208,00.002124]
04b_intensity_sampling  	    352	00.267137	(00.000759 +- 00.000109)	[00.000300,00.001617]
05_registration         	    352	01.312540	(00.003729 +- 00.000459)	[00.001110,00.010183]
06_map                  	    352	00.292713	(00.000832 +- 00.000183)	[00.000299,00.003131]
07_imu_opt              	    352	00.448628	(00.001275 +- 00.000272)	[00.000002,00.003554]
08_publish              	    352	03.456434	(00.009819 +- 00.001216)	[00.002316,00.022598]
step                    	    355	07.394059	(00.020828 +- 00.002144)	[00.005045,00.047284]

INFO  Timings:
SM Timing
-----------
00_conversion_livox     	    357	03.905196	(00.010939 +- 00.000266)	[00.007809,00.020918]
01_filter               	    356	00.106932	(00.000300 +- 00.000040)	[00.000157,00.002236]
02_preint               	    354	00.012658	(00.000036 +- 00.000004)	[00.000024,00.000063]
02a_intensity_preprocess	    356	01.002277	(00.002815 +- 00.000252)	[00.001234,00.006182]
03_undistortion         	    354	00.270853	(00.000765 +- 00.000121)	[00.000239,00.002160]
04_sampling             	    353	00.184763	(00.000523 +- 00.000067)	[00.000208,00.002124]
04b_intensity_sampling  	    353	00.267419	(00.000758 +- 00.000108)	[00.000283,00.001617]
05_registration         	    353	01.314199	(00.003723 +- 00.000453)	[00.001110,00.010183]
06_map                  	    353	00.293069	(00.000830 +- 00.000181)	[00.000299,00.003131]
07_imu_opt              	    353	00.449740	(00.001274 +- 00.000274)	[00.000002,00.003554]
08_publish              	    353	03.458395	(00.009797 +- 00.001197)	[00.001960,00.022598]
step                    	    356	07.401415	(00.020790 +- 00.002112)	[00.005045,00.047284]

INFO  Timings:
SM Timing
-----------
00_conversion_livox     	    358	03.914864	(00.010935 +- 00.000267)	[00.007809,00.020918]
01_filter               	    357	00.107093	(00.000300 +- 00.000041)	[00.000157,00.002236]
02_preint               	    355	00.012690	(00.000036 +- 00.000004)	[00.000024,00.000063]
02a_intensity_preprocess	    357	01.003413	(00.002811 +- 00.000253)	[00.001136,00.006182]
03_undistortion         	    355	00.271100	(00.000764 +- 00.000120)	[00.000239,00.002160]
04_sampling             	    354	00.184901	(00.000522 +- 00.000069)	[00.000138,00.002124]
04b_intensity_sampling  	    354	00.267638	(00.000756 +- 00.000109)	[00.000218,00.001617]
05_registration         	    354	01.315221	(00.003715 +- 00.000451)	[00.001022,00.010183]
06_map                  	    354	00.293311	(00.000829 +- 00.000185)	[00.000242,00.003131]
07_imu_opt              	    354	00.450881	(00.001274 +- 00.000275)	[00.000002,00.003554]
08_publish              	    354	03.460109	(00.009774 +- 00.001191)	[00.001714,00.022598]
step                    	    357	07.407685	(00.020750 +- 00.002122)	[00.005045,00.047284]

INFO  Timings:
SM Timing
-----------
00_conversion_livox     	    359	03.924692	(00.010932 +- 00.000268)	[00.007809,00.020918]
01_filter               	    358	00.107241	(00.000300 +- 00.000042)	[00.000147,00.002236]
02_preint               	    356	00.012722	(00.000036 +- 00.000004)	[00.000024,00.000063]
02a_intensity_preprocess	    358	01.004546	(00.002806 +- 00.000257)	[00.001133,00.006182]
03_undistortion         	    356	00.271389	(00.000762 +- 00.000115)	[00.000239,00.002160]
04_sampling             	    355	00.185037	(00.000521 +- 00.000072)	[00.000137,00.002124]
04b_intensity_sampling  	    355	00.267922	(00.000755 +- 00.000107)	[00.000218,00.001617]
05_registration         	    355	01.316832	(00.003709 +- 00.000447)	[00.001022,00.010183]
06_map                  	    355	00.293595	(00.000827 +- 00.000187)	[00.000242,00.003131]
07_imu_opt              	    355	00.452052	(00.001273 +- 00.000276)	[00.000002,00.003554]
08_publish              	    355	03.461603	(00.009751 +- 00.001212)	[00.001494,00.022598]
step                    	    358	07.414314	(00.020710 +- 00.002145)	[00.005045,00.047284]

INFO  Timings:
SM Timing
-----------
00_conversion_livox     	    360	03.934824	(00.010930 +- 00.000269)	[00.007809,00.020918]
01_filter               	    359	00.107389	(00.000299 +- 00.000043)	[00.000147,00.002236]
02_preint               	    357	00.012759	(00.000036 +- 00.000004)	[00.000024,00.000063]
02a_intensity_preprocess	    359	01.005633	(00.002801 +- 00.000266)	[00.001088,00.006182]
03_undistortion         	    357	00.271581	(00.000761 +- 00.000114)	[00.000192,00.002160]
04_sampling             	    356	00.185164	(00.000520 +- 00.000073)	[00.000127,00.002124]
04b_intensity_sampling  	    356	00.268177	(00.000753 +- 00.000104)	[00.000218,00.001617]
05_registration         	    356	01.318215	(00.003703 +- 00.000450)	[00.001022,00.010183]
06_map                  	    356	00.293900	(00.000826 +- 00.000170)	[00.000242,00.003131]
07_imu_opt              	    356	00.453246	(00.001273 +- 00.000277)	[00.000002,00.003554]
08_publish              	    356	03.462910	(00.009727 +- 00.001249)	[00.001307,00.022598]
step                    	    359	07.420408	(00.020670 +- 00.002204)	[00.005045,00.047284]

INFO  Timings:
SM Timing
-----------
00_conversion_livox     	    361	03.944989	(00.010928 +- 00.000266)	[00.007809,00.020918]
01_filter               	    360	00.107532	(00.000299 +- 00.000029)	[00.000142,00.002236]
02_preint               	    358	00.012794	(00.000036 +- 00.000004)	[00.000024,00.000063]
02a_intensity_preprocess	    360	01.006668	(00.002796 +- 00.000273)	[00.001034,00.006182]
03_undistortion         	    358	00.271767	(00.000759 +- 00.000115)	[00.000186,00.002160]
04_sampling             	    357	00.185291	(00.000519 +- 00.000077)	[00.000127,00.002124]
04b_intensity_sampling  	    357	00.268419	(00.000752 +- 00.000108)	[00.000218,00.001617]
05_registration         	    357	01.319638	(00.003696 +- 00.000453)	[00.001022,00.010183]
06_map                  	    357	00.294156	(00.000824 +- 00.000171)	[00.000242,00.003131]
07_imu_opt              	    357	00.455771	(00.001277 +- 00.000322)	[00.000002,00.003554]
08_publish              	    357	03.464226	(00.009704 +- 00.001285)	[00.001307,00.022598]
step                    	    360	07.427755	(00.020633 +- 00.002220)	[00.005045,00.047284]

INFO  Timings:
SM Timing
-----------
00_conversion_livox     	    362	03.955082	(00.010926 +- 00.000265)	[00.007809,00.020918]
01_filter               	    361	00.107672	(00.000298 +- 00.000030)	[00.000140,00.002236]
02_preint               	    359	00.012830	(00.000036 +- 00.000004)	[00.000024,00.000063]
02a_intensity_preprocess	    361	01.007771	(00.002792 +- 00.000279)	[00.001034,00.006182]
03_undistortion         	    359	00.271919	(00.000757 +- 00.000117)	[00.000152,00.002160]
04_sampling             	    358	00.185384	(00.000518 +- 00.000082)	[00.000093,00.002124]
04b_intensity_sampling  	    358	00.268602	(00.000750 +- 00.000112)	[00.000183,00.001617]
05_registration         	    358	01.320896	(00.003690 +- 00.000454)	[00.001022,00.010183]
06_map                  	    358	00.294315	(00.000822 +- 00.000177)	[00.000159,00.003131]
07_imu_opt              	    358	00.456939	(00.001276 +- 00.000323)	[00.000002,00.003554]
08_publish              	    358	03.465365	(00.009680 +- 00.001329)	[00.001140,00.022598]
step                    	    361	07.433238	(00.020591 +- 00.002319)	[00.005045,00.047284]

INFO  Timings:
SM Timing
-----------
00_conversion_livox     	    363	03.965329	(00.010924 +- 00.000269)	[00.007809,00.020918]
01_filter               	    362	00.107828	(00.000298 +- 00.000030)	[00.000140,00.002236]
02_preint               	    360	00.012864	(00.000036 +- 00.000004)	[00.000024,00.000063]
02a_intensity_preprocess	    362	01.008856	(00.002787 +- 00.000286)	[00.001034,00.006182]
03_undistortion         	    360	00.272106	(00.000756 +- 00.000116)	[00.000152,00.002160]
04_sampling             	    359	00.185500	(00.000517 +- 00.000081)	[00.000093,00.002124]
04b_intensity_sampling  	    359	00.268854	(00.000749 +- 00.000115)	[00.000183,00.001617]
05_registration         	    359	01.322156	(00.003683 +- 00.000450)	[00.001022,00.010183]
06_map                  	    359	00.294539	(00.000820 +- 00.000180)	[00.000159,00.003131]
07_imu_opt              	    359	00.458475	(00.001277 +- 00.000324)	[00.000002,00.003554]
08_publish              	    359	03.466519	(00.009656 +- 00.001372)	[00.001140,00.022598]
step                    	    362	07.439302	(00.020551 +- 00.002370)	[00.005045,00.047284]

INFO  Timings:
SM Timing
-----------
00_conversion_livox     	    364	03.976092	(00.010923 +- 00.000293)	[00.007809,00.020918]
01_filter               	    363	00.107980	(00.000297 +- 00.000031)	[00.000140,00.002236]
02_preint               	    361	00.012902	(00.000036 +- 00.000004)	[00.000024,00.000063]
02a_intensity_preprocess	    363	01.009867	(00.002782 +- 00.000295)	[00.001012,00.006182]
03_undistortion         	    361	00.272306	(00.000754 +- 00.000116)	[00.000152,00.002160]
04_sampling             	    360	00.185589	(00.000516 +- 00.000085)	[00.000089,00.002124]
04b_intensity_sampling  	    360	00.269078	(00.000747 +- 00.000118)	[00.000183,00.001617]
05_registration         	    360	01.324698	(00.003680 +- 00.000463)	[00.001022,00.010183]
06_map                  	    360	00.294763	(00.000819 +- 00.000183)	[00.000159,00.003131]
07_imu_opt              	    360	00.460019	(00.001278 +- 00.000324)	[00.000002,00.003554]
08_publish              	    360	03.467519	(00.009632 +- 00.001419)	[00.001000,00.022598]
step                    	    363	07.446391	(00.020513 +- 00.002399)	[00.005045,00.047284]

INFO  Timings:
SM Timing
-----------
00_conversion_livox     	    365	03.986990	(00.010923 +- 00.000322)	[00.007809,00.020918]
01_filter               	    364	00.108129	(00.000297 +- 00.000031)	[00.000140,00.002236]
02_preint               	    362	00.012940	(00.000036 +- 00.000004)	[00.000024,00.000063]
02a_intensity_preprocess	    364	01.010840	(00.002777 +- 00.000306)	[00.000972,00.006182]
03_undistortion         	    362	00.272536	(00.000753 +- 00.000113)	[00.000152,00.002160]
04_sampling             	    361	00.185701	(00.000514 +- 00.000088)	[00.000089,00.002124]
04b_intensity_sampling  	    361	00.269285	(00.000746 +- 00.000121)	[00.000183,00.001617]
05_registration         	    361	01.326036	(00.003673 +- 00.000464)	[00.001022,00.010183]
06_map                  	    361	00.294978	(00.000817 +- 00.000185)	[00.000159,00.003131]
07_imu_opt              	    361	00.461210	(00.001278 +- 00.000324)	[00.000002,00.003554]
08_publish              	    361	03.468383	(00.009608 +- 00.001466)	[00.000864,00.022598]
step                    	    364	07.451764	(00.020472 +- 00.002488)	[00.005045,00.047284]

INFO  Timings:
SM Timing
-----------
00_conversion_livox     	    366	03.997114	(00.010921 +- 00.000322)	[00.007809,00.020918]
01_filter               	    365	00.108280	(00.000297 +- 00.000032)	[00.000140,00.002236]
02_preint               	    363	00.012970	(00.000036 +- 00.000004)	[00.000024,00.000063]
02a_intensity_preprocess	    365	01.011848	(00.002772 +- 00.000314)	[00.000972,00.006182]
03_undistortion         	    363	00.272752	(00.000751 +- 00.000107)	[00.000152,00.002160]
04_sampling             	    362	00.185816	(00.000513 +- 00.000090)	[00.000089,00.002124]
04b_intensity_sampling  	    362	00.269475	(00.000744 +- 00.000119)	[00.000183,00.001617]
05_registration         	    362	01.327854	(00.003668 +- 00.000463)	[00.001022,00.010183]
06_map                  	    362	00.295167	(00.000815 +- 00.000189)	[00.000159,00.003131]
07_imu_opt              	    362	00.462674	(00.001278 +- 00.000324)	[00.000002,00.003554]
08_publish              	    362	03.469237	(00.009584 +- 00.001512)	[00.000854,00.022598]
step                    	    365	07.457853	(00.020432 +- 00.002541)	[00.005045,00.047284]

INFO  Timings:
SM Timing
-----------
00_conversion_livox     	    367	04.007238	(00.010919 +- 00.000323)	[00.007809,00.020918]
01_filter               	    366	00.108431	(00.000296 +- 00.000032)	[00.000140,00.002236]
02_preint               	    364	00.013006	(00.000036 +- 00.000004)	[00.000024,00.000063]
02a_intensity_preprocess	    366	01.012793	(00.002767 +- 00.000325)	[00.000945,00.006182]
03_undistortion         	    364	00.272908	(00.000750 +- 00.000110)	[00.000152,00.002160]
04_sampling             	    363	00.185899	(00.000512 +- 00.000094)	[00.000083,00.002124]
04b_intensity_sampling  	    363	00.269650	(00.000743 +- 00.000122)	[00.000176,00.001617]
05_registration         	    363	01.329661	(00.003663 +- 00.000462)	[00.001022,00.010183]
06_map                  	    363	00.295357	(00.000814 +- 00.000192)	[00.000159,00.003131]
07_imu_opt              	    363	00.464045	(00.001278 +- 00.000323)	[00.000002,00.003554]
08_publish              	    363	03.470169	(00.009560 +- 00.001552)	[00.000854,00.022598]
step                    	    366	07.463777	(00.020393 +- 00.002603)	[00.005045,00.047284]

INFO  Timings:
SM Timing
-----------
00_conversion_livox     	    368	04.017175	(00.010916 +- 00.000323)	[00.007809,00.020918]
01_filter               	    367	00.108575	(00.000296 +- 00.000033)	[00.000140,00.002236]
02_preint               	    365	00.013034	(00.000036 +- 00.000004)	[00.000024,00.000063]
02a_intensity_preprocess	    367	01.013770	(00.002762 +- 00.000333)	[00.000945,00.006182]
03_undistortion         	    365	00.273065	(00.000748 +- 00.000112)	[00.000152,00.002160]
04_sampling             	    364	00.186011	(00.000511 +- 00.000096)	[00.000083,00.002124]
04b_intensity_sampling  	    364	00.269853	(00.000741 +- 00.000125)	[00.000176,00.001617]
05_registration         	    364	01.330979	(00.003657 +- 00.000466)	[00.001022,00.010183]
06_map                  	    364	00.295570	(00.000812 +- 00.000194)	[00.000159,00.003131]
07_imu_opt              	    364	00.465163	(00.001278 +- 00.000323)	[00.000002,00.003554]
08_publish              	    364	03.471212	(00.009536 +- 00.001584)	[00.000854,00.022598]
step                    	    367	07.469142	(00.020352 +- 00.002676)	[00.005045,00.047284]

INFO  Timings:
SM Timing
-----------
00_conversion_livox     	    369	04.027153	(00.010914 +- 00.000321)	[00.007809,00.020918]
01_filter               	    368	00.108735	(00.000295 +- 00.000033)	[00.000140,00.002236]
02_preint               	    366	00.013066	(00.000036 +- 00.000004)	[00.000024,00.000063]
02a_intensity_preprocess	    368	01.014758	(00.002757 +- 00.000341)	[00.000945,00.006182]
03_undistortion         	    366	00.273288	(00.000747 +- 00.000113)	[00.000152,00.002160]
04_sampling             	    365	00.186170	(00.000510 +- 00.000097)	[00.000083,00.002124]
04b_intensity_sampling  	    365	00.270096	(00.000740 +- 00.000127)	[00.000176,00.001617]
05_registration         	    365	01.332766	(00.003651 +- 00.000466)	[00.001022,00.010183]
06_map                  	    365	00.295810	(00.000810 +- 00.000196)	[00.000159,00.003131]
07_imu_opt              	    365	00.466345	(00.001278 +- 00.000323)	[00.000002,00.003554]
08_publish              	    365	03.472255	(00.009513 +- 00.001615)	[00.000854,00.022598]
step                    	    368	07.475260	(00.020313 +- 00.002723)	[00.005045,00.047284]

INFO  Timings:
SM Timing
-----------
00_conversion_livox     	    370	04.036809	(00.010910 +- 00.000320)	[00.007809,00.020918]
01_filter               	    369	00.108873	(00.000295 +- 00.000034)	[00.000138,00.002236]
02_preint               	    367	00.013102	(00.000036 +- 00.000004)	[00.000024,00.000063]
02a_intensity_preprocess	    369	01.015740	(00.002753 +- 00.000347)	[00.000945,00.006182]
03_undistortion         	    367	00.273444	(00.000745 +- 00.000115)	[00.000152,00.002160]
04_sampling             	    366	00.186260	(00.000509 +- 00.000100)	[00.000083,00.002124]
04b_intensity_sampling  	    366	00.270281	(00.000738 +- 00.000129)	[00.000176,00.001617]
05_registration         	    366	01.334224	(00.003645 +- 00.000468)	[00.001022,00.010183]
06_map                  	    366	00.295986	(00.000809 +- 00.000198)	[00.000159,00.003131]
07_imu_opt              	    366	00.467474	(00.001277 +- 00.000324)	[00.000002,00.003554]
08_publish              	    366	03.473283	(00.009490 +- 00.001645)	[00.000854,00.022598]
step                    	    369	07.480678	(00.020273 +- 00.002784)	[00.005045,00.047284]

INFO  Timings:
SM Timing
-----------
00_conversion_livox     	    371	04.046347	(00.010907 +- 00.000301)	[00.007809,00.020918]
01_filter               	    370	00.109014	(00.000295 +- 00.000035)	[00.000138,00.002236]
02_preint               	    368	00.013133	(00.000036 +- 00.000004)	[00.000024,00.000063]
02a_intensity_preprocess	    370	01.016761	(00.002748 +- 00.000351)	[00.000945,00.006182]
03_undistortion         	    368	00.273595	(00.000743 +- 00.000117)	[00.000151,00.002160]
04_sampling             	    367	00.186341	(00.000508 +- 00.000103)	[00.000081,00.002124]
04b_intensity_sampling  	    367	00.270478	(00.000737 +- 00.000131)	[00.000176,00.001617]
05_registration         	    367	01.336156	(00.003641 +- 00.000465)	[00.001022,00.010183]
06_map                  	    367	00.296249	(00.000807 +- 00.000200)	[00.000159,00.003131]
07_imu_opt              	    367	00.468648	(00.001277 +- 00.000324)	[00.000002,00.003554]
08_publish              	    367	03.474128	(00.009466 +- 00.001677)	[00.000844,00.022598]
step                    	    370	07.486568	(00.020234 +- 00.002832)	[00.005045,00.047284]

INFO  Timings:
SM Timing
-----------
00_conversion_livox     	    372	04.055912	(00.010903 +- 00.000301)	[00.007809,00.020918]
01_filter               	    371	00.109138	(00.000294 +- 00.000035)	[00.000123,00.002236]
02_preint               	    369	00.013170	(00.000036 +- 00.000004)	[00.000024,00.000063]
02a_intensity_preprocess	    371	01.017689	(00.002743 +- 00.000359)	[00.000928,00.006182]
03_undistortion         	    369	00.273767	(00.000742 +- 00.000119)	[00.000151,00.002160]
04_sampling             	    368	00.186426	(00.000507 +- 00.000105)	[00.000081,00.002124]
04b_intensity_sampling  	    368	00.270638	(00.000735 +- 00.000134)	[00.000160,00.001617]
05_registration         	    368	01.337871	(00.003636 +- 00.000464)	[00.001022,00.010183]
06_map                  	    368	00.296422	(00.000805 +- 00.000203)	[00.000159,00.003131]
07_imu_opt              	    368	00.469961	(00.001277 +- 00.000322)	[00.000002,00.003554]
08_publish              	    368	03.474876	(00.009443 +- 00.001707)	[00.000748,00.022598]
step                    	    371	07.492085	(00.020194 +- 00.002875)	[00.005045,00.047284]

INFO  Timings:
SM Timing
-----------
00_conversion_livox     	    373	04.065386	(00.010899 +- 00.000296)	[00.007809,00.020918]
01_filter               	    372	00.109270	(00.000294 +- 00.000036)	[00.000123,00.002236]
02_preint               	    370	00.013206	(00.000036 +- 00.000004)	[00.000024,00.000063]
02a_intensity_preprocess	    372	01.018645	(00.002738 +- 00.000364)	[00.000928,00.006182]
03_undistortion         	    370	00.273919	(00.000740 +- 00.000121)	[00.000151,00.002160]
04_sampling             	    369	00.186525	(00.000505 +- 00.000107)	[00.000081,00.002124]
04b_intensity_sampling  	    369	00.270818	(00.000734 +- 00.000137)	[00.000160,00.001617]
05_registration         	    369	01.339618	(00.003630 +- 00.000462)	[00.001022,00.010183]
06_map                  	    369	00.296614	(00.000804 +- 00.000204)	[00.000159,00.003131]
07_imu_opt              	    369	00.471096	(00.001277 +- 00.000321)	[00.000002,00.003554]
08_publish              	    369	03.475706	(00.009419 +- 00.001729)	[00.000748,00.022598]
step                    	    372	07.497596	(00.020155 +- 00.002915)	[00.005045,00.047284]

INFO  Timings:
SM Timing
-----------
00_conversion_livox     	    374	04.074647	(00.010895 +- 00.000308)	[00.007809,00.020918]
01_filter               	    373	00.109397	(00.000293 +- 00.000036)	[00.000123,00.002236]
02_preint               	    371	00.013243	(00.000036 +- 00.000004)	[00.000024,00.000063]
02a_intensity_preprocess	    373	01.019569	(00.002733 +- 00.000369)	[00.000924,00.006182]
03_undistortion         	    371	00.274070	(00.000739 +- 00.000123)	[00.000151,00.002160]
04_sampling             	    370	00.186609	(00.000504 +- 00.000107)	[00.000081,00.002124]
04b_intensity_sampling  	    370	00.271035	(00.000733 +- 00.000138)	[00.000160,00.001617]
05_registration         	    370	01.340946	(00.003624 +- 00.000461)	[00.001022,00.010183]
06_map                  	    370	00.296791	(00.000802 +- 00.000206)	[00.000159,00.003131]
07_imu_opt              	    370	00.472170	(00.001276 +- 00.000323)	[00.000002,00.003554]
08_publish              	    370	03.476524	(00.009396 +- 00.001749)	[00.000748,00.022598]
step                    	    373	07.502589	(00.020114 +- 00.002968)	[00.004993,00.047284]

INFO  Timings:
SM Timing
-----------
00_conversion_livox     	    375	04.083930	(00.010890 +- 00.000318)	[00.007809,00.020918]
01_filter               	    374	00.109525	(00.000293 +- 00.000036)	[00.000123,00.002236]
02_preint               	    372	00.013280	(00.000036 +- 00.000004)	[00.000024,00.000063]
02a_intensity_preprocess	    374	01.020457	(00.002728 +- 00.000374)	[00.000888,00.006182]
03_undistortion         	    372	00.274231	(00.000737 +- 00.000123)	[00.000151,00.002160]
04_sampling             	    371	00.186714	(00.000503 +- 00.000107)	[00.000081,00.002124]
04b_intensity_sampling  	    371	00.271197	(00.000731 +- 00.000138)	[00.000160,00.001617]
05_registration         	    371	01.342328	(00.003618 +- 00.000461)	[00.001022,00.010183]
06_map                  	    371	00.296988	(00.000801 +- 00.000207)	[00.000159,00.003131]
07_imu_opt              	    371	00.473223	(00.001276 +- 00.000324)	[00.000002,00.003554]
08_publish              	    371	03.477331	(00.009373 +- 00.001766)	[00.000748,00.022598]
step                    	    374	07.507548	(00.020074 +- 00.003017)	[00.004959,00.047284]

INFO  Timings:
SM Timing
-----------
00_conversion_livox     	    376	04.093165	(00.010886 +- 00.000329)	[00.007809,00.020918]
01_filter               	    375	00.109659	(00.000292 +- 00.000036)	[00.000123,00.002236]
02_preint               	    373	00.013316	(00.000036 +- 00.000004)	[00.000024,00.000063]
02a_intensity_preprocess	    375	01.021397	(00.002724 +- 00.000377)	[00.000888,00.006182]
03_undistortion         	    373	00.274371	(00.000736 +- 00.000125)	[00.000140,00.002160]
04_sampling             	    372	00.186793	(00.000502 +- 00.000108)	[00.000080,00.002124]
04b_intensity_sampling  	    372	00.271353	(00.000729 +- 00.000140)	[00.000156,00.001617]
05_registration         	    372	01.343561	(00.003612 +- 00.000460)	[00.001022,00.010183]
06_map                  	    372	00.297139	(00.000799 +- 00.000209)	[00.000151,00.003131]
07_imu_opt              	    372	00.474409	(00.001275 +- 00.000324)	[00.000002,00.003554]
08_publish              	    372	03.478173	(00.009350 +- 00.001777)	[00.000748,00.022598]
step                    	    375	07.512504	(00.020033 +- 00.003039)	[00.004956,00.047284]

INFO  Timings:
SM Timing
-----------
00_conversion_livox     	    377	04.102658	(00.010882 +- 00.000332)	[00.007809,00.020918]
01_filter               	    376	00.109791	(00.000292 +- 00.000036)	[00.000123,00.002236]
02_preint               	    374	00.013354	(00.000036 +- 00.000004)	[00.000024,00.000063]
02a_intensity_preprocess	    376	01.022313	(00.002719 +- 00.000380)	[00.000888,00.006182]
03_undistortion         	    374	00.274529	(00.000734 +- 00.000126)	[00.000140,00.002160]
04_sampling             	    373	00.186916	(00.000501 +- 00.000109)	[00.000080,00.002124]
04b_intensity_sampling  	    373	00.271547	(00.000728 +- 00.000137)	[00.000156,00.001617]
05_registration         	    373	01.344401	(00.003604 +- 00.000475)	[00.000841,00.010183]
06_map                  	    373	00.297303	(00.000797 +- 00.000210)	[00.000151,00.003131]
07_imu_opt              	    373	00.475517	(00.001275 +- 00.000324)	[00.000002,00.003554]
08_publish              	    373	03.478831	(00.009327 +- 00.001788)	[00.000658,00.022598]
step                    	    376	07.516903	(00.019992 +- 00.003089)	[00.004399,00.047284]

INFO  Timings:
SM Timing
-----------
00_conversion_livox     	    378	04.112246	(00.010879 +- 00.000334)	[00.007809,00.020918]
01_filter               	    377	00.109922	(00.000292 +- 00.000036)	[00.000123,00.002236]
02_preint               	    375	00.013389	(00.000036 +- 00.000004)	[00.000024,00.000063]
02a_intensity_preprocess	    377	01.023208	(00.002714 +- 00.000383)	[00.000888,00.006182]
03_undistortion         	    375	00.274683	(00.000732 +- 00.000127)	[00.000140,00.002160]
04_sampling             	    374	00.186982	(00.000500 +- 00.000109)	[00.000066,00.002124]
04b_intensity_sampling  	    374	00.271717	(00.000727 +- 00.000137)	[00.000156,00.001617]
05_registration         	    374	01.345565	(00.003598 +- 00.000477)	[00.000841,00.010183]
06_map                  	    374	00.297459	(00.000795 +- 00.000212)	[00.000151,00.003131]
07_imu_opt              	    374	00.476905	(00.001275 +- 00.000324)	[00.000002,00.003554]
08_publish              	    374	03.479421	(00.009303 +- 00.001801)	[00.000590,00.022598]
step                    	    377	07.521718	(00.019952 +- 00.003110)	[00.004399,00.047284]

INFO  Timings:
SM Timing
-----------
00_conversion_livox     	    379	04.122004	(00.010876 +- 00.000332)	[00.007809,00.020918]
01_filter               	    378	00.110093	(00.000291 +- 00.000036)	[00.000123,00.002236]
02_preint               	    376	00.013425	(00.000036 +- 00.000004)	[00.000024,00.000063]
02a_intensity_preprocess	    378	01.024102	(00.002709 +- 00.000386)	[00.000888,00.006182]
03_undistortion         	    376	00.274834	(00.000731 +- 00.000127)	[00.000140,00.002160]
04_sampling             	    375	00.187077	(00.000499 +- 00.000108)	[00.000066,00.002124]
04b_intensity_sampling  	    375	00.271873	(00.000725 +- 00.000135)	[00.000156,00.001617]
05_registration         	    375	01.346327	(00.003590 +- 00.000495)	[00.000762,00.010183]
06_map                  	    375	00.297601	(00.000794 +- 00.000214)	[00.000141,00.003131]
07_imu_opt              	    375	00.478016	(00.001275 +- 00.000325)	[00.000002,00.003554]
08_publish              	    375	03.479967	(00.009280 +- 00.001811)	[00.000546,00.022598]
step                    	    378	07.525818	(00.019910 +- 00.003156)	[00.004100,00.047284]

INFO  Timings:
SM Timing
-----------
00_conversion_livox     	    380	04.131580	(00.010873 +- 00.000334)	[00.007809,00.020918]
01_filter               	    379	00.110262	(00.000291 +- 00.000036)	[00.000123,00.002236]
02_preint               	    377	00.013456	(00.000036 +- 00.000004)	[00.000024,00.000063]
02a_intensity_preprocess	    379	01.025001	(00.002704 +- 00.000388)	[00.000888,00.006182]
03_undistortion         	    377	00.274981	(00.000729 +- 00.000128)	[00.000140,00.002160]
04_sampling             	    376	00.187186	(00.000498 +- 00.000108)	[00.000066,00.002124]
04b_intensity_sampling  	    376	00.272051	(00.000724 +- 00.000136)	[00.000156,00.001617]
05_registration         	    376	01.347373	(00.003583 +- 00.000503)	[00.000762,00.010183]
06_map                  	    376	00.297785	(00.000792 +- 00.000215)	[00.000141,00.003131]
07_imu_opt              	    376	00.479506	(00.001275 +- 00.000325)	[00.000002,00.003554]
08_publish              	    376	03.480536	(00.009257 +- 00.001817)	[00.000546,00.022598]
step                    	    379	07.530700	(00.019870 +- 00.003172)	[00.004100,00.047284]

INFO  Timings:
SM Timing
-----------
00_conversion_livox     	    381	04.141050	(00.010869 +- 00.000336)	[00.007809,00.020918]
01_filter               	    380	00.110415	(00.000291 +- 00.000035)	[00.000123,00.002236]
02_preint               	    378	00.013492	(00.000036 +- 00.000004)	[00.000024,00.000063]
02a_intensity_preprocess	    380	01.025878	(00.002700 +- 00.000391)	[00.000877,00.006182]
03_undistortion         	    378	00.275148	(00.000728 +- 00.000128)	[00.000140,00.002160]
04_sampling             	    377	00.187300	(00.000497 +- 00.000107)	[00.000066,00.002124]
04b_intensity_sampling  	    377	00.272264	(00.000722 +- 00.000137)	[00.000156,00.001617]
05_registration         	    377	01.348170	(00.003576 +- 00.000518)	[00.000762,00.010183]
06_map                  	    377	00.297964	(00.000790 +- 00.000215)	[00.000141,00.003131]
07_imu_opt              	    377	00.480589	(00.001275 +- 00.000327)	[00.000002,00.003554]
08_publish              	    377	03.481113	(00.009234 +- 00.001823)	[00.000546,00.022598]
step                    	    380	07.534943	(00.019829 +- 00.003206)	[00.004100,00.047284]

INFO  Timings:
SM Timing
-----------
00_conversion_livox     	    382	04.150495	(00.010865 +- 00.000340)	[00.007809,00.020918]
01_filter               	    381	00.110545	(00.000290 +- 00.000035)	[00.000123,00.002236]
02_preint               	    379	00.013520	(00.000036 +- 00.000004)	[00.000024,00.000063]
02a_intensity_preprocess	    381	01.026714	(00.002695 +- 00.000395)	[00.000836,00.006182]
03_undistortion         	    379	00.275310	(00.000726 +- 00.000129)	[00.000140,00.002160]
04_sampling             	    378	00.187374	(00.000496 +- 00.000109)	[00.000066,00.002124]
04b_intensity_sampling  	    378	00.272406	(00.000721 +- 00.000138)	[00.000142,00.001617]
05_registration         	    378	01.348919	(00.003569 +- 00.000533)	[00.000749,00.010183]
06_map                  	    378	00.298123	(00.000789 +- 00.000216)	[00.000141,00.003131]
07_imu_opt              	    378	00.481679	(00.001274 +- 00.000329)	[00.000002,00.003554]
08_publish              	    378	03.481668	(00.009211 +- 00.001833)	[00.000546,00.022598]
step                    	    381	07.538918	(00.019787 +- 00.003252)	[00.003975,00.047284]

INFO  Timings:
SM Timing
-----------
00_conversion_livox     	    383	04.159813	(00.010861 +- 00.000346)	[00.007809,00.020918]
01_filter               	    382	00.110683	(00.000290 +- 00.000036)	[00.000123,00.002236]
02_preint               	    380	00.013555	(00.000036 +- 00.000004)	[00.000024,00.000063]
02a_intensity_preprocess	    382	01.027587	(00.002690 +- 00.000399)	[00.000836,00.006182]
03_undistortion         	    380	00.275452	(00.000725 +- 00.000129)	[00.000140,00.002160]
04_sampling             	    379	00.187458	(00.000495 +- 00.000107)	[00.000066,00.002124]
04b_intensity_sampling  	    379	00.272556	(00.000719 +- 00.000139)	[00.000142,00.001617]
05_registration         	    379	01.350092	(00.003562 +- 00.000526)	[00.000749,00.010183]
06_map                  	    379	00.298264	(00.000787 +- 00.000218)	[00.000141,00.003131]
07_imu_opt              	    379	00.482771	(00.001274 +- 00.000330)	[00.000002,00.003554]
08_publish              	    379	03.482201	(00.009188 +- 00.001844)	[00.000533,00.022598]
step                    	    382	07.543331	(00.019747 +- 00.003274)	[00.003975,00.047284]

INFO  Timings:
SM Timing
-----------
00_conversion_livox     	    384	04.169193	(00.010857 +- 00.000351)	[00.007809,00.020918]
01_filter               	    383	00.110819	(00.000289 +- 00.000036)	[00.000123,00.002236]
02_preint               	    381	00.013583	(00.000036 +- 00.000004)	[00.000024,00.000063]
02a_intensity_preprocess	    383	01.028440	(00.002685 +- 00.000402)	[00.000836,00.006182]
03_undistortion         	    381	00.275587	(00.000723 +- 00.000131)	[00.000135,00.002160]
04_sampling             	    380	00.187522	(00.000493 +- 00.000108)	[00.000064,00.002124]
04b_intensity_sampling  	    380	00.272697	(00.000718 +- 00.000140)	[00.000141,00.001617]
05_registration         	    380	01.352125	(00.003558 +- 00.000529)	[00.000749,00.010183]
06_map                  	    380	00.298421	(00.000785 +- 00.000219)	[00.000141,00.003131]
07_imu_opt              	    380	00.484159	(00.001274 +- 00.000330)	[00.000002,00.003554]
08_publish              	    380	03.482737	(00.009165 +- 00.001854)	[00.000533,00.022598]
step                    	    383	07.548859	(00.019710 +- 00.003281)	[00.003975,00.047284]

INFO  Timings:
SM Timing
-----------
00_conversion_livox     	    385	04.178688	(00.010854 +- 00.000353)	[00.007809,00.020918]
01_filter               	    384	00.110953	(00.000289 +- 00.000036)	[00.000123,00.002236]
02_preint               	    382	00.013611	(00.000036 +- 00.000004)	[00.000024,00.000063]
02a_intensity_preprocess	    384	01.029286	(00.002680 +- 00.000405)	[00.000836,00.006182]
03_undistortion         	    382	00.275741	(00.000722 +- 00.000131)	[00.000135,00.002160]
04_sampling             	    381	00.187585	(00.000492 +- 00.000109)	[00.000063,00.002124]
04b_intensity_sampling  	    381	00.272971	(00.000716 +- 00.000140)	[00.000141,00.001617]
05_registration         	    381	01.352958	(00.003551 +- 00.000535)	[00.000749,00.010183]
06_map                  	    381	00.298571	(00.000784 +- 00.000221)	[00.000141,00.003131]
07_imu_opt              	    381	00.485711	(00.001275 +- 00.000331)	[00.000002,00.003554]
08_publish              	    381	03.483276	(00.009142 +- 00.001864)	[00.000533,00.022598]
step                    	    384	07.553487	(00.019671 +- 00.003311)	[00.003975,00.047284]

INFO  Timings:
SM Timing
-----------
00_conversion_livox     	    386	04.188111	(00.010850 +- 00.000356)	[00.007809,00.020918]
01_filter               	    385	00.111086	(00.000289 +- 00.000036)	[00.000123,00.002236]
02_preint               	    383	00.013641	(00.000036 +- 00.000004)	[00.000024,00.000063]
02a_intensity_preprocess	    385	01.030141	(00.002676 +- 00.000408)	[00.000836,00.006182]
03_undistortion         	    383	00.275887	(00.000720 +- 00.000132)	[00.000135,00.002160]
04_sampling             	    382	00.187672	(00.000491 +- 00.000109)	[00.000063,00.002124]
04b_intensity_sampling  	    382	00.273129	(00.000715 +- 00.000141)	[00.000141,00.001617]
05_registration         	    382	01.354185	(00.003545 +- 00.000534)	[00.000749,00.010183]
06_map                  	    382	00.298730	(00.000782 +- 00.000221)	[00.000141,00.003131]
07_imu_opt              	    382	00.486908	(00.001275 +- 00.000331)	[00.000002,00.003554]
08_publish              	    382	03.483826	(00.009120 +- 00.001873)	[00.000533,00.022598]
step                    	    385	07.558075	(00.019631 +- 00.003339)	[00.003975,00.047284]

INFO  Timings:
SM Timing
-----------
00_conversion_livox     	    387	04.197438	(00.010846 +- 00.000358)	[00.007809,00.020918]
01_filter               	    386	00.111222	(00.000288 +- 00.000036)	[00.000123,00.002236]
02_preint               	    384	00.013667	(00.000036 +- 00.000004)	[00.000024,00.000063]
02a_intensity_preprocess	    386	01.030961	(00.002671 +- 00.000411)	[00.000820,00.006182]
03_undistortion         	    384	00.276031	(00.000719 +- 00.000133)	[00.000135,00.002160]
04_sampling             	    383	00.187761	(00.000490 +- 00.000110)	[00.000063,00.002124]
04b_intensity_sampling  	    383	00.273305	(00.000714 +- 00.000142)	[00.000141,00.001617]
05_registration         	    383	01.355189	(00.003538 +- 00.000540)	[00.000749,00.010183]
06_map                  	    383	00.298888	(00.000780 +- 00.000222)	[00.000141,00.003131]
07_imu_opt              	    383	00.487963	(00.001274 +- 00.000332)	[00.000002,00.003554]
08_publish              	    383	03.484342	(00.009097 +- 00.001884)	[00.000516,00.022598]
step                    	    386	07.562261	(00.019591 +- 00.003373)	[00.003975,00.047284]

INFO  Timings:
SM Timing
-----------
00_conversion_livox     	    388	04.206538	(00.010842 +- 00.000369)	[00.007809,00.020918]
01_filter               	    387	00.111338	(00.000288 +- 00.000037)	[00.000116,00.002236]
02_preint               	    385	00.013694	(00.000036 +- 00.000004)	[00.000024,00.000063]
02a_intensity_preprocess	    387	01.031741	(00.002666 +- 00.000415)	[00.000780,00.006182]
03_undistortion         	    385	00.276173	(00.000717 +- 00.000134)	[00.000135,00.002160]
04_sampling             	    384	00.187824	(00.000489 +- 00.000110)	[00.000063,00.002124]
04b_intensity_sampling  	    384	00.273443	(00.000712 +- 00.000143)	[00.000138,00.001617]
05_registration         	    384	01.356455	(00.003532 +- 00.000541)	[00.000749,00.010183]
06_map                  	    384	00.299023	(00.000779 +- 00.000223)	[00.000135,00.003131]
07_imu_opt              	    384	00.490129	(00.001276 +- 00.000350)	[00.000002,00.003554]
08_publish              	    384	03.484811	(00.009075 +- 00.001894)	[00.000469,00.022598]
step                    	    387	07.567614	(00.019555 +- 00.003386)	[00.003975,00.047284]

INFO  Timings:
SM Timing
-----------
00_conversion_livox     	    389	04.215661	(00.010837 +- 00.000380)	[00.007809,00.020918]
01_filter               	    388	00.111488	(00.000287 +- 00.000037)	[00.000116,00.002236]
02_preint               	    386	00.013722	(00.000036 +- 00.000004)	[00.000024,00.000063]
02a_intensity_preprocess	    388	01.032551	(00.002661 +- 00.000418)	[00.000780,00.006182]
03_undistortion         	    386	00.276323	(00.000716 +- 00.000135)	[00.000135,00.002160]
04_sampling             	    385	00.187937	(00.000488 +- 00.000108)	[00.000063,00.002124]
04b_intensity_sampling  	    385	00.273620	(00.000711 +- 00.000144)	[00.000138,00.001617]
05_registration         	    385	01.357870	(00.003527 +- 00.000541)	[00.000749,00.010183]
06_map                  	    385	00.299228	(00.000777 +- 00.000223)	[00.000135,00.003131]
07_imu_opt              	    385	00.491855	(00.001278 +- 00.000354)	[00.000002,00.003554]
08_publish              	    385	03.485273	(00.009053 +- 00.001904)	[00.000462,00.022598]
step                    	    388	07.572895	(00.019518 +- 00.003397)	[00.003975,00.047284]

INFO  Timings:
SM Timing
-----------
00_conversion_livox     	    390	04.224629	(00.010832 +- 00.000391)	[00.007809,00.020918]
01_filter               	    389	00.111609	(00.000287 +- 00.000037)	[00.000116,00.002236]
02_preint               	    387	00.013749	(00.000036 +- 00.000004)	[00.000024,00.000063]
02a_intensity_preprocess	    389	01.033359	(00.002656 +- 00.000421)	[00.000780,00.006182]
03_undistortion         	    387	00.276449	(00.000714 +- 00.000136)	[00.000126,00.002160]
04_sampling             	    386	00.188002	(00.000487 +- 00.000108)	[00.000063,00.002124]
04b_intensity_sampling  	    386	00.273743	(00.000709 +- 00.000145)	[00.000123,00.001617]
05_registration         	    386	01.358807	(00.003520 +- 00.000541)	[00.000749,00.010183]
06_map                  	    386	00.299376	(00.000776 +- 00.000225)	[00.000135,00.003131]
07_imu_opt              	    386	00.493266	(00.001278 +- 00.000354)	[00.000002,00.003554]
08_publish              	    386	03.485775	(00.009031 +- 00.001912)	[00.000462,00.022598]
step                    	    389	07.577211	(00.019479 +- 00.003416)	[00.003975,00.047284]

INFO  Timings:
SM Timing
-----------
00_conversion_livox     	    391	04.233928	(00.010828 +- 00.000395)	[00.007809,00.020918]
01_filter               	    390	00.111725	(00.000286 +- 00.000038)	[00.000116,00.002236]
02_preint               	    388	00.013776	(00.000036 +- 00.000004)	[00.000024,00.000063]
02a_intensity_preprocess	    390	01.034218	(00.002652 +- 00.000423)	[00.000780,00.006182]
03_undistortion         	    388	00.276584	(00.000713 +- 00.000136)	[00.000126,00.002160]
04_sampling             	    387	00.188074	(00.000486 +- 00.000109)	[00.000063,00.002124]
04b_intensity_sampling  	    387	00.273890	(00.000708 +- 00.000146)	[00.000123,00.001617]
05_registration         	    387	01.360571	(00.003516 +- 00.000540)	[00.000749,00.010183]
06_map                  	    387	00.299534	(00.000774 +- 00.000225)	[00.000135,00.003131]
07_imu_opt              	    387	00.494620	(00.001278 +- 00.000353)	[00.000002,00.003554]
08_publish              	    387	03.486429	(00.009009 +- 00.001919)	[00.000462,00.022598]
step                    	    390	07.582548	(00.019442 +- 00.003425)	[00.003975,00.047284]

INFO  Timings:
SM Timing
-----------
00_conversion_livox     	    392	04.243365	(00.010825 +- 00.000397)	[00.007809,00.020918]
01_filter               	    391	00.111875	(00.000286 +- 00.000038)	[00.000116,00.002236]
02_preint               	    389	00.013813	(00.000036 +- 00.000004)	[00.000024,00.000063]
02a_intensity_preprocess	    391	01.035170	(00.002647 +- 00.000423)	[00.000780,00.006182]
03_undistortion         	    389	00.276741	(00.000711 +- 00.000136)	[00.000126,00.002160]
04_sampling             	    388	00.188165	(00.000485 +- 00.000108)	[00.000063,00.002124]
04b_intensity_sampling  	    388	00.274054	(00.000706 +- 00.000146)	[00.000123,00.001617]
05_registration         	    388	01.361320	(00.003509 +- 00.000547)	[00.000749,00.010183]
06_map                  	    388	00.299716	(00.000772 +- 00.000225)	[00.000135,00.003131]
07_imu_opt              	    388	00.495715	(00.001278 +- 00.000304)	[00.000002,00.003554]
08_publish              	    388	03.487287	(00.008988 +- 00.001919)	[00.000462,00.022598]
step                    	    391	07.587031	(00.019404 +- 00.003409)	[00.003975,00.047284]

INFO  Timings:
SM Timing
-----------
00_conversion_livox     	    393	04.252666	(00.010821 +- 00.000401)	[00.007809,00.020918]
01_filter               	    392	00.112009	(00.000286 +- 00.000037)	[00.000116,00.002236]
02_preint               	    390	00.013850	(00.000036 +- 00.000004)	[00.000024,00.000063]
02a_intensity_preprocess	    392	01.036127	(00.002643 +- 00.000422)	[00.000780,00.006182]
03_undistortion         	    390	00.276956	(00.000710 +- 00.000136)	[00.000126,00.002160]
04_sampling             	    389	00.188298	(00.000484 +- 00.000108)	[00.000063,00.002124]
04b_intensity_sampling  	    389	00.274315	(00.000705 +- 00.000146)	[00.000123,00.001617]
05_registration         	    389	01.363098	(00.003504 +- 00.000542)	[00.000749,00.010183]
06_map                  	    389	00.299995	(00.000771 +- 00.000224)	[00.000135,00.003131]
07_imu_opt              	    389	00.496743	(00.001277 +- 00.000306)	[00.000002,00.003554]
08_publish              	    389	03.488368	(00.008968 +- 00.001914)	[00.000462,00.022598]
step                    	    392	07.592983	(00.019370 +- 00.003396)	[00.003975,00.047284]

INFO  Timings:
SM Timing
-----------
00_conversion_livox     	    394	04.261764	(00.010817 +- 00.000410)	[00.007809,00.020918]
01_filter               	    393	00.112152	(00.000285 +- 00.000037)	[00.000116,00.002236]
02_preint               	    391	00.013887	(00.000036 +- 00.000004)	[00.000024,00.000063]
02a_intensity_preprocess	    393	01.037109	(00.002639 +- 00.000420)	[00.000780,00.006182]
03_undistortion         	    391	00.277133	(00.000709 +- 00.000136)	[00.000126,00.002160]
04_sampling             	    390	00.188418	(00.000483 +- 00.000107)	[00.000063,00.002124]
04b_intensity_sampling  	    390	00.274524	(00.000704 +- 00.000142)	[00.000123,00.001617]
05_registration         	    390	01.365249	(00.003501 +- 00.000546)	[00.000749,00.010183]
06_map                  	    390	00.300194	(00.000770 +- 00.000224)	[00.000135,00.003131]
07_imu_opt              	    390	00.497781	(00.001276 +- 00.000298)	[00.000002,00.003554]
08_publish              	    390	03.489776	(00.008948 +- 00.001901)	[00.000462,00.022598]
step                    	    393	07.599503	(00.019337 +- 00.003359)	[00.003975,00.047284]

INFO  Timings:
SM Timing
-----------
00_conversion_livox     	    395	04.271107	(00.010813 +- 00.000413)	[00.007809,00.020918]
01_filter               	    394	00.112301	(00.000285 +- 00.000036)	[00.000116,00.002236]
02_preint               	    392	00.013916	(00.000036 +- 00.000004)	[00.000024,00.000063]
02a_intensity_preprocess	    394	01.038233	(00.002635 +- 00.000415)	[00.000780,00.006182]
03_undistortion         	    392	00.277367	(00.000708 +- 00.000136)	[00.000126,00.002160]
04_sampling             	    391	00.188566	(00.000482 +- 00.000105)	[00.000063,00.002124]
04b_intensity_sampling  	    391	00.274774	(00.000703 +- 00.000137)	[00.000123,00.001617]
05_registration         	    391	01.367091	(00.003496 +- 00.000543)	[00.000749,00.010183]
06_map                  	    391	00.300485	(00.000769 +- 00.000221)	[00.000135,00.003131]
07_imu_opt              	    391	00.498898	(00.001276 +- 00.000299)	[00.000002,00.003554]
08_publish              	    391	03.491481	(00.008930 +- 00.001879)	[00.000462,00.022598]
step                    	    394	07.606449	(00.019306 +- 00.003321)	[00.003975,00.047284]

INFO  Timings:
SM Timing
-----------
00_conversion_livox     	    396	04.280710	(00.010810 +- 00.000413)	[00.007809,00.020918]
01_filter               	    395	00.112472	(00.000285 +- 00.000035)	[00.000116,00.002236]
02_preint               	    393	00.013956	(00.000036 +- 00.000004)	[00.000024,00.000063]
02a_intensity_preprocess	    395	01.039443	(00.002632 +- 00.000408)	[00.000780,00.006182]
03_undistortion         	    393	00.277572	(00.000706 +- 00.000135)	[00.000126,00.002160]
04_sampling             	    392	00.188686	(00.000481 +- 00.000103)	[00.000063,00.002124]
04b_intensity_sampling  	    392	00.275206	(00.000702 +- 00.000138)	[00.000123,00.001617]
05_registration         	    392	01.368887	(00.003492 +- 00.000544)	[00.000749,00.010183]
06_map                  	    392	00.300767	(00.000767 +- 00.000220)	[00.000135,00.003131]
07_imu_opt              	    392	00.499989	(00.001275 +- 00.000299)	[00.000002,00.003554]
08_publish              	    392	03.493457	(00.008912 +- 00.001838)	[00.000462,00.022598]
step                    	    395	07.613826	(00.019276 +- 00.003270)	[00.003975,00.047284]

INFO  Timings:
SM Timing
-----------
00_conversion_livox     	    397	04.290347	(00.010807 +- 00.000412)	[00.007809,00.020918]
01_filter               	    396	00.112629	(00.000284 +- 00.000034)	[00.000116,00.002236]
02_preint               	    394	00.013992	(00.000036 +- 00.000004)	[00.000024,00.000063]
02a_intensity_preprocess	    396	01.040641	(00.002628 +- 00.000390)	[00.000780,00.006182]
03_undistortion         	    394	00.277825	(00.000705 +- 00.000133)	[00.000126,00.002160]
04_sampling             	    393	00.188849	(00.000481 +- 00.000100)	[00.000063,00.002124]
04b_intensity_sampling  	    393	00.275476	(00.000701 +- 00.000132)	[00.000123,00.001617]
05_registration         	    393	01.370079	(00.003486 +- 00.000536)	[00.000749,00.010183]
06_map                  	    393	00.301074	(00.000766 +- 00.000215)	[00.000135,00.003131]
07_imu_opt              	    393	00.501365	(00.001276 +- 00.000299)	[00.000002,00.003554]
08_publish              	    393	03.495555	(00.008895 +- 00.001762)	[00.000462,00.022598]
step                    	    396	07.620931	(00.019245 +- 00.003144)	[00.003975,00.047284]

INFO  Timings:
SM Timing
-----------
00_conversion_livox     	    398	04.299734	(00.010803 +- 00.000399)	[00.007809,00.020918]
01_filter               	    397	00.112792	(00.000284 +- 00.000032)	[00.000116,00.002236]
02_preint               	    395	00.014029	(00.000036 +- 00.000004)	[00.000024,00.000063]
02a_intensity_preprocess	    397	01.041946	(00.002625 +- 00.000364)	[00.000780,00.006182]
03_undistortion         	    395	00.278100	(00.000704 +- 00.000123)	[00.000126,00.002160]
04_sampling             	    394	00.189072	(00.000480 +- 00.000095)	[00.000063,00.002124]
04b_intensity_sampling  	    394	00.275803	(00.000700 +- 00.000121)	[00.000123,00.001617]
05_registration         	    394	01.371760	(00.003482 +- 00.000512)	[00.000749,00.010183]
06_map                  	    394	00.301446	(00.000765 +- 00.000211)	[00.000135,00.003131]
07_imu_opt              	    394	00.502492	(00.001275 +- 00.000273)	[00.000002,00.003554]
08_publish              	    394	03.497959	(00.008878 +- 00.001642)	[00.000462,00.022598]
step                    	    397	07.628903	(00.019216 +- 00.002880)	[00.003975,00.047284]

INFO  Timings:
SM Timing
-----------
00_conversion_livox     	    399	04.309007	(00.010800 +- 00.000398)	[00.007809,00.020918]
01_filter               	    398	00.112985	(00.000284 +- 00.000030)	[00.000116,00.002236]
02_preint               	    396	00.014075	(00.000036 +- 00.000004)	[00.000024,00.000063]
02a_intensity_preprocess	    398	01.043291	(00.002621 +- 00.000336)	[00.000780,00.006182]
03_undistortion         	    396	00.278613	(00.000704 +- 00.000119)	[00.000126,00.002160]
04_sampling             	    395	00.190571	(00.000482 +- 00.000210)	[00.000063,00.002124]
04b_intensity_sampling  	    395	00.276132	(00.000699 +- 00.000114)	[00.000123,00.001617]
05_registration         	    395	01.374369	(00.003479 +- 00.000513)	[00.000749,00.010183]
06_map                  	    395	00.301825	(00.000764 +- 00.000126)	[00.000135,00.003131]
07_imu_opt              	    395	00.503659	(00.001275 +- 00.000273)	[00.000002,00.003554]
08_publish              	    395	03.500627	(00.008862 +- 00.001476)	[00.000462,00.022598]
step                    	    398	07.639704	(00.019195 +- 00.002622)	[00.003975,00.047284]

INFO  Timings:
SM Timing
-----------
00_conversion_livox     	    400	04.318814	(00.010797 +- 00.000393)	[00.007809,00.020918]
01_filter               	    399	00.113147	(00.000284 +- 00.000028)	[00.000116,00.002236]
02_preint               	    397	00.014112	(00.000036 +- 00.000004)	[00.000024,00.000063]
02a_intensity_preprocess	    399	01.044611	(00.002618 +- 00.000294)	[00.000780,00.006182]
03_undistortion         	    397	00.278883	(00.000702 +- 00.000109)	[00.000126,00.002160]
04_sampling             	    396	00.190792	(00.000482 +- 00.000206)	[00.000063,00.002124]
04b_intensity_sampling  	    396	00.276457	(00.000698 +- 00.000103)	[00.000123,00.001617]
05_registration         	    396	01.375496	(00.003473 +- 00.000494)	[00.000749,00.010183]
06_map                  	    396	00.302180	(00.000763 +- 00.000109)	[00.000135,00.003131]
07_imu_opt              	    396	00.504793	(00.001275 +- 00.000273)	[00.000002,00.003554]
08_publish              	    396	03.503106	(00.008846 +- 00.001275)	[00.000462,00.022598]
step                    	    399	07.647197	(00.019166 +- 00.002288)	[00.003975,00.047284]

INFO  Timings:
SM Timing
-----------
00_conversion_livox     	    401	04.328442	(00.010794 +- 00.000389)	[00.007809,00.020918]
01_filter               	    400	00.113324	(00.000283 +- 00.000027)	[00.000116,00.002236]
02_preint               	    398	00.014142	(00.000036 +- 00.000004)	[00.000024,00.000063]
02a_intensity_preprocess	    400	01.045879	(00.002615 +- 00.000244)	[00.000780,00.006182]
03_undistortion         	    398	00.279119	(00.000701 +- 00.000091)	[00.000126,00.002160]
04_sampling             	    397	00.190990	(00.000481 +- 00.000203)	[00.000063,00.002124]
04b_intensity_sampling  	    397	00.276746	(00.000697 +- 00.000091)	[00.000123,00.001617]
05_registration         	    397	01.378217	(00.003472 +- 00.000523)	[00.000749,00.010183]
06_map                  	    397	00.302475	(00.000762 +- 00.000096)	[00.000135,00.003131]
07_imu_opt              	    397	00.506220	(00.001275 +- 00.000274)	[00.000002,00.003554]
08_publish              	    397	03.505453	(00.008830 +- 00.001067)	[00.000462,00.022598]
step                    	    400	07.656224	(00.019141 +- 00.002048)	[00.003975,00.047284]

INFO  Timings:
SM Timing
-----------
00_conversion_livox     	    402	04.338422	(00.010792 +- 00.000392)	[00.007809,00.020918]
01_filter               	    401	00.113514	(00.000283 +- 00.000025)	[00.000116,00.002236]
02_preint               	    399	00.014179	(00.000036 +- 00.000004)	[00.000024,00.000063]
02a_intensity_preprocess	    401	01.047124	(00.002611 +- 00.000208)	[00.000780,00.006182]
03_undistortion         	    399	00.279425	(00.000700 +- 00.000074)	[00.000126,00.002160]
04_sampling             	    398	00.191204	(00.000480 +- 00.000201)	[00.000063,00.002124]
04b_intensity_sampling  	    398	00.277091	(00.000696 +- 00.000076)	[00.000123,00.001617]
05_registration         	    398	01.379490	(00.003466 +- 00.000487)	[00.000749,00.010183]
06_map                  	    398	00.302897	(00.000761 +- 00.000089)	[00.000135,00.003131]
07_imu_opt              	    398	00.508607	(00.001278 +- 00.000315)	[00.000002,00.003554]
08_publish              	    398	03.507662	(00.008813 +- 00.000889)	[00.000462,00.022598]
step                    	    401	07.664923	(00.019115 +- 00.001756)	[00.003975,00.047284]

INFO  Timings:
SM Timing
-----------
00_conversion_livox     	    403	04.348214	(00.010790 +- 00.000392)	[00.007809,00.020918]
01_filter               	    402	00.113677	(00.000283 +- 00.000023)	[00.000116,00.002236]
02_preint               	    400	00.014214	(00.000036 +- 00.000004)	[00.000024,00.000063]
02a_intensity_preprocess	    402	01.048357	(00.002608 +- 00.000175)	[00.000780,00.006182]
03_undistortion         	    400	00.279688	(00.000699 +- 00.000067)	[00.000126,00.002160]
04_sampling             	    399	00.191405	(00.000480 +- 00.000200)	[00.000063,00.002124]
04b_intensity_sampling  	    399	00.277389	(00.000695 +- 00.000070)	[00.000123,00.001617]
05_registration         	    399	01.380944	(00.003461 +- 00.000479)	[00.000749,00.010183]
06_map                  	    399	00.303270	(00.000760 +- 00.000082)	[00.000135,00.003131]
07_imu_opt              	    399	00.510654	(00.001280 +- 00.000332)	[00.000002,00.003554]
08_publish              	    399	03.509930	(00.008797 +- 00.000764)	[00.000462,00.022598]
step                    	    402	07.673314	(00.019088 +- 00.001598)	[00.003975,00.047284]

INFO  Timings:
SM Timing
-----------
00_conversion_livox     	    404	04.357996	(00.010787 +- 00.000392)	[00.007809,00.020918]
01_filter               	    403	00.113841	(00.000282 +- 00.000019)	[00.000116,00.002236]
02_preint               	    401	00.014240	(00.000036 +- 00.000004)	[00.000024,00.000063]
02a_intensity_preprocess	    403	01.049657	(00.002605 +- 00.000165)	[00.000780,00.006182]
03_undistortion         	    401	00.279954	(00.000698 +- 00.000067)	[00.000126,00.002160]
04_sampling             	    400	00.191630	(00.000479 +- 00.000200)	[00.000063,00.002124]
04b_intensity_sampling  	    400	00.277710	(00.000694 +- 00.000068)	[00.000123,00.001617]
05_registration         	    400	01.383554	(00.003459 +- 00.000484)	[00.000749,00.010183]
06_map                  	    400	00.303649	(00.000759 +- 00.000081)	[00.000135,00.003131]
07_imu_opt              	    400	00.512025	(00.001280 +- 00.000331)	[00.000002,00.003554]
08_publish              	    400	03.512190	(00.008780 +- 00.000699)	[00.000462,00.022598]
step                    	    403	07.682287	(00.019063 +- 00.001530)	[00.003975,00.047284]

INFO  Timings:
SM Timing
-----------
00_conversion_livox     	    405	04.367550	(00.010784 +- 00.000391)	[00.007809,00.020918]
01_filter               	    404	00.114070	(00.000282 +- 00.000021)	[00.000116,00.002236]
02_preint               	    402	00.014280	(00.000036 +- 00.000004)	[00.000024,00.000063]
02a_intensity_preprocess	    404	01.051139	(00.002602 +- 00.000171)	[00.000780,00.006182]
03_undistortion         	    402	00.280460	(00.000698 +- 00.000079)	[00.000126,00.002160]
04_sampling             	    401	00.191842	(00.000478 +- 00.000199)	[00.000063,00.002124]
04b_intensity_sampling  	    401	00.278056	(00.000693 +- 00.000069)	[00.000123,00.001617]
05_registration         	    401	01.385119	(00.003454 +- 00.000484)	[00.000749,00.010183]
06_map                  	    401	00.304068	(00.000758 +- 00.000084)	[00.000135,00.003131]
07_imu_opt              	    401	00.513371	(00.001280 +- 00.000331)	[00.000002,00.003554]
08_publish              	    401	03.514712	(00.008765 +- 00.000683)	[00.000462,00.022598]
step                    	    404	07.691019	(00.019037 +- 00.001530)	[00.003975,00.047284]

INFO  Timings:
SM Timing
-----------
00_conversion_livox     	    406	04.377119	(00.010781 +- 00.000391)	[00.007809,00.020918]
01_filter               	    405	00.114297	(00.000282 +- 00.000023)	[00.000116,00.002236]
02_preint               	    403	00.014312	(00.000036 +- 00.000004)	[00.000024,00.000063]
02a_intensity_preprocess	    405	01.052547	(00.002599 +- 00.000175)	[00.000780,00.006182]
03_undistortion         	    403	00.280911	(00.000697 +- 00.000086)	[00.000126,00.002160]
04_sampling             	    402	00.192066	(00.000478 +- 00.000199)	[00.000063,00.002124]
04b_intensity_sampling  	    402	00.278366	(00.000692 +- 00.000069)	[00.000123,00.001617]
05_registration         	    402	01.386631	(00.003449 +- 00.000484)	[00.000749,00.010183]
06_map                  	    402	00.304356	(00.000757 +- 00.000081)	[00.000135,00.003131]
07_imu_opt              	    402	00.514623	(00.001280 +- 00.000330)	[00.000002,00.003554]
08_publish              	    402	03.517237	(00.008749 +- 00.000690)	[00.000462,00.022598]
step                    	    405	07.699313	(00.019011 +- 00.001546)	[00.003975,00.047284]

INFO  Timings:
SM Timing
-----------
00_conversion_livox     	    407	04.386629	(00.010778 +- 00.000391)	[00.007809,00.020918]
01_filter               	    406	00.114489	(00.000282 +- 00.000024)	[00.000116,00.002236]
02_preint               	    404	00.014345	(00.000036 +- 00.000004)	[00.000024,00.000063]
02a_intensity_preprocess	    406	01.053948	(00.002596 +- 00.000181)	[00.000780,00.006182]
03_undistortion         	    404	00.281219	(00.000696 +- 00.000087)	[00.000126,00.002160]
04_sampling             	    403	00.192276	(00.000477 +- 00.000199)	[00.000063,00.002124]
04b_intensity_sampling  	    403	00.278680	(00.000692 +- 00.000069)	[00.000123,00.001617]
05_registration         	    403	01.387760	(00.003444 +- 00.000486)	[00.000749,00.010183]
06_map                  	    403	00.304670	(00.000756 +- 00.000080)	[00.000135,00.003131]
07_imu_opt              	    403	00.516058	(00.001281 +- 00.000329)	[00.000002,00.003554]
08_publish              	    403	03.519852	(00.008734 +- 00.000710)	[00.000462,00.022598]
step                    	    406	07.707333	(00.018984 +- 00.001559)	[00.003975,00.047284]

INFO  Timings:
SM Timing
-----------
00_conversion_livox     	    408	04.395802	(00.010774 +- 00.000396)	[00.007809,00.020918]
01_filter               	    407	00.114662	(00.000282 +- 00.000024)	[00.000116,00.002236]
02_preint               	    405	00.014372	(00.000035 +- 00.000004)	[00.000024,00.000063]
02a_intensity_preprocess	    407	01.055252	(00.002593 +- 00.000184)	[00.000780,00.006182]
03_undistortion         	    405	00.281513	(00.000695 +- 00.000088)	[00.000126,00.002160]
04_sampling             	    404	00.192528	(00.000477 +- 00.000199)	[00.000063,00.002124]
04b_intensity_sampling  	    404	00.278998	(00.000691 +- 00.000071)	[00.000123,00.001617]
05_registration         	    404	01.388862	(00.003438 +- 00.000485)	[00.000749,00.010183]
06_map                  	    404	00.304970	(00.000755 +- 00.000081)	[00.000135,00.003131]
07_imu_opt              	    404	00.518143	(00.001283 +- 00.000344)	[00.000002,00.003554]
08_publish              	    404	03.522307	(00.008719 +- 00.000728)	[00.000462,00.022598]
step                    	    407	07.715702	(00.018957 +- 00.001591)	[00.003975,00.047284]

INFO  Timings:
SM Timing
-----------
00_conversion_livox     	    409	04.404931	(00.010770 +- 00.000401)	[00.007809,00.020918]
01_filter               	    408	00.114849	(00.000281 +- 00.000025)	[00.000116,00.002236]
02_preint               	    406	00.014406	(00.000035 +- 00.000004)	[00.000024,00.000063]
02a_intensity_preprocess	    408	01.056653	(00.002590 +- 00.000191)	[00.000780,00.006182]
03_undistortion         	    406	00.281808	(00.000694 +- 00.000088)	[00.000126,00.002160]
04_sampling             	    405	00.192765	(00.000476 +- 00.000200)	[00.000063,00.002124]
04b_intensity_sampling  	    405	00.279363	(00.000690 +- 00.000073)	[00.000123,00.001617]
05_registration         	    405	01.390134	(00.003432 +- 00.000485)	[00.000749,00.010183]
06_map                  	    405	00.305358	(00.000754 +- 00.000083)	[00.000135,00.003131]
07_imu_opt              	    405	00.520283	(00.001285 +- 00.000361)	[00.000002,00.003554]
08_publish              	    405	03.524942	(00.008704 +- 00.000753)	[00.000462,00.022598]
step                    	    408	07.724702	(00.018933 +- 00.001639)	[00.003975,00.047284]

INFO  Timings:
SM Timing
-----------
00_conversion_livox     	    410	04.414368	(00.010767 +- 00.000394)	[00.007809,00.020918]
01_filter               	    409	00.115057	(00.000281 +- 00.000026)	[00.000116,00.002236]
02_preint               	    407	00.014436	(00.000035 +- 00.000004)	[00.000024,00.000063]
02a_intensity_preprocess	    409	01.058077	(00.002587 +- 00.000198)	[00.000780,00.006182]
03_undistortion         	    407	00.282105	(00.000693 +- 00.000089)	[00.000126,00.002160]
04_sampling             	    406	00.193005	(00.000475 +- 00.000200)	[00.000063,00.002124]
04b_intensity_sampling  	    406	00.279709	(00.000689 +- 00.000074)	[00.000123,00.001617]
05_registration         	    406	01.391739	(00.003428 +- 00.000485)	[00.000749,00.010183]
06_map                  	    406	00.305700	(00.000753 +- 00.000084)	[00.000135,00.003131]
07_imu_opt              	    406	00.521601	(00.001285 +- 00.000360)	[00.000002,00.003554]
08_publish              	    406	03.527903	(00.008689 +- 00.000789)	[00.000462,00.022598]
step                    	    409	07.733539	(00.018908 +- 00.001679)	[00.003975,00.047284]

INFO  Timings:
SM Timing
-----------
00_conversion_livox     	    411	04.423926	(00.010764 +- 00.000386)	[00.007809,00.020918]
01_filter               	    410	00.115263	(00.000281 +- 00.000027)	[00.000116,00.002236]
02_preint               	    408	00.014474	(00.000035 +- 00.000004)	[00.000024,00.000063]
02a_intensity_preprocess	    410	01.059638	(00.002584 +- 00.000210)	[00.000780,00.006182]
03_undistortion         	    408	00.282434	(00.000692 +- 00.000090)	[00.000126,00.002160]
04_sampling             	    407	00.193283	(00.000475 +- 00.000201)	[00.000063,00.002124]
04b_intensity_sampling  	    407	00.280126	(00.000688 +- 00.000079)	[00.000123,00.001617]
05_registration         	    407	01.393721	(00.003424 +- 00.000491)	[00.000749,00.010183]
06_map                  	    407	00.306198	(00.000752 +- 00.000092)	[00.000135,00.003131]
07_imu_opt              	    407	00.522890	(00.001285 +- 00.000320)	[00.000002,00.003554]
08_publish              	    407	03.531464	(00.008677 +- 00.000850)	[00.000462,00.022598]
step                    	    410	07.743770	(00.018887 +- 00.001763)	[00.003975,00.047284]

INFO  Timings:
SM Timing
-----------
00_conversion_livox     	    412	04.433767	(00.010762 +- 00.000380)	[00.007809,00.020918]
01_filter               	    411	00.115509	(00.000281 +- 00.000030)	[00.000116,00.002236]
02_preint               	    409	00.014505	(00.000035 +- 00.000004)	[00.000024,00.000063]
02a_intensity_preprocess	    411	01.061355	(00.002582 +- 00.000230)	[00.000780,00.006182]
03_undistortion         	    409	00.283080	(00.000692 +- 00.000108)	[00.000126,00.002160]
04_sampling             	    408	00.193548	(00.000474 +- 00.000201)	[00.000063,00.002124]
04b_intensity_sampling  	    408	00.280565	(00.000688 +- 00.000084)	[00.000123,00.001617]
05_registration         	    408	01.395930	(00.003421 +- 00.000500)	[00.000749,00.010183]
06_map                  	    408	00.306713	(00.000752 +- 00.000099)	[00.000135,00.003131]
07_imu_opt              	    408	00.524135	(00.001285 +- 00.000319)	[00.000002,00.003554]
08_publish              	    408	03.535825	(00.008666 +- 00.000949)	[00.000462,00.022598]
step                    	    411	07.755524	(00.018870 +- 00.001916)	[00.003975,00.047284]

INFO  Timings:
SM Timing
-----------
00_conversion_livox     	    413	04.443889	(00.010760 +- 00.000376)	[00.007809,00.020918]
01_filter               	    412	00.115718	(00.000281 +- 00.000030)	[00.000116,00.002236]
02_preint               	    410	00.014547	(00.000035 +- 00.000005)	[00.000024,00.000063]
02a_intensity_preprocess	    412	01.063246	(00.002581 +- 00.000257)	[00.000780,00.006182]
03_undistortion         	    410	00.283473	(00.000691 +- 00.000110)	[00.000126,00.002160]
04_sampling             	    409	00.193896	(00.000474 +- 00.000203)	[00.000063,00.002124]
04b_intensity_sampling  	    409	00.281111	(00.000687 +- 00.000094)	[00.000123,00.001617]
05_registration         	    409	01.405698	(00.003437 +- 00.001260)	[00.000749,00.010183]
06_map                  	    409	00.307249	(00.000751 +- 00.000107)	[00.000135,00.003131]
07_imu_opt              	    409	00.525919	(00.001286 +- 00.000324)	[00.000002,00.003554]
08_publish              	    409	03.541099	(00.008658 +- 00.001091)	[00.000462,00.022598]
step                    	    412	07.776388	(00.018875 +- 00.002781)	[00.003975,00.047284]

INFO  Timings:
SM Timing
-----------
00_conversion_livox     	    414	04.454786	(00.010760 +- 00.000385)	[00.007809,00.020918]
01_filter               	    413	00.115951	(00.000281 +- 00.000032)	[00.000116,00.002236]
02_preint               	    411	00.014585	(00.000035 +- 00.000005)	[00.000024,00.000063]
02a_intensity_preprocess	    413	01.065278	(00.002579 +- 00.000288)	[00.000780,00.006182]
03_undistortion         	    411	00.284005	(00.000691 +- 00.000118)	[00.000126,00.002160]
04_sampling             	    410	00.194201	(00.000474 +- 00.000203)	[00.000063,00.002124]
04b_intensity_sampling  	    410	00.281571	(00.000687 +- 00.000099)	[00.000123,00.001617]
05_registration         	    410	01.407378	(00.003433 +- 00.001253)	[00.000749,00.010183]
06_map                  	    410	00.307712	(00.000751 +- 00.000110)	[00.000135,00.003131]
07_imu_opt              	    410	00.528278	(00.001288 +- 00.000353)	[00.000002,00.003554]
08_publish              	    410	03.546460	(00.008650 +- 00.001216)	[00.000462,00.022598]
step                    	    413	07.789898	(00.018862 +- 00.002938)	[00.003975,00.047284]

INFO  Timings:
SM Timing
-----------
00_conversion_livox     	    415	04.465188	(00.010759 +- 00.000356)	[00.007809,00.020918]
01_filter               	    414	00.116228	(00.000281 +- 00.000036)	[00.000116,00.002236]
02_preint               	    412	00.014620	(00.000035 +- 00.000005)	[00.000024,00.000063]
02a_intensity_preprocess	    414	01.067173	(00.002578 +- 00.000308)	[00.000780,00.006182]
03_undistortion         	    412	00.284601	(00.000691 +- 00.000129)	[00.000126,00.002160]
04_sampling             	    411	00.194543	(00.000473 +- 00.000204)	[00.000063,00.002124]
04b_intensity_sampling  	    411	00.282298	(00.000687 +- 00.000119)	[00.000123,00.001617]
05_registration         	    411	01.409097	(00.003428 +- 00.001253)	[00.000749,00.010183]
06_map                  	    411	00.308250	(00.000750 +- 00.000117)	[00.000135,00.003131]
07_imu_opt              	    411	00.530499	(00.001291 +- 00.000372)	[00.000002,00.003554]
08_publish              	    411	03.551685	(00.008642 +- 00.001314)	[00.000462,00.022598]
step                    	    414	07.803544	(00.018849 +- 00.003079)	[00.003975,00.047284]

INFO  Timings:
SM Timing
-----------
00_conversion_livox     	    416	04.475373	(00.010758 +- 00.000358)	[00.007809,00.020918]
01_filter               	    415	00.116498	(00.000281 +- 00.000039)	[00.000116,00.002236]
02_preint               	    413	00.014656	(00.000035 +- 00.000005)	[00.000024,00.000063]
02a_intensity_preprocess	    415	01.069147	(00.002576 +- 00.000330)	[00.000780,00.006182]
03_undistortion         	    413	00.285177	(00.000691 +- 00.000137)	[00.000126,00.002160]
04_sampling             	    412	00.194912	(00.000473 +- 00.000206)	[00.000063,00.002124]
04b_intensity_sampling  	    412	00.282826	(00.000686 +- 00.000124)	[00.000123,00.001617]
05_registration         	    412	01.411506	(00.003426 +- 00.001257)	[00.000749,00.010183]
06_map                  	    412	00.308785	(00.000749 +- 00.000122)	[00.000135,00.003131]
07_imu_opt              	    412	00.531980	(00.001291 +- 00.000372)	[00.000002,00.003554]
08_publish              	    412	03.557189	(00.008634 +- 00.001414)	[00.000462,00.022598]
step                    	    415	07.817297	(00.018837 +- 00.003216)	[00.003975,00.047284]

INFO  Timings:
SM Timing
-----------
00_conversion_livox     	    417	04.485915	(00.010758 +- 00.000376)	[00.007809,00.020918]
01_filter               	    416	00.116738	(00.000281 +- 00.000040)	[00.000116,00.002236]
02_preint               	    414	00.014689	(00.000035 +- 00.000005)	[00.000024,00.000063]
02a_intensity_preprocess	    416	01.071082	(00.002575 +- 00.000346)	[00.000780,00.006182]
03_undistortion         	    414	00.285734	(00.000690 +- 00.000143)	[00.000126,00.002160]
04_sampling             	    413	00.195227	(00.000473 +- 00.000206)	[00.000063,00.002124]
04b_intensity_sampling  	    413	00.283321	(00.000686 +- 00.000127)	[00.000123,00.001617]
05_registration         	    413	01.413081	(00.003422 +- 00.001257)	[00.000749,00.010183]
06_map                  	    413	00.309306	(00.000749 +- 00.000127)	[00.000135,00.003131]
07_imu_opt              	    413	00.533339	(00.001291 +- 00.000372)	[00.000002,00.003554]
08_publish              	    413	03.562424	(00.008626 +- 00.001490)	[00.000462,00.022598]
step                    	    416	07.829643	(00.018821 +- 00.003290)	[00.003975,00.047284]

INFO  Timings:
SM Timing
-----------
00_conversion_livox     	    418	04.496160	(00.010756 +- 00.000384)	[00.007809,00.020918]
01_filter               	    417	00.116984	(00.000281 +- 00.000042)	[00.000116,00.002236]
02_preint               	    415	00.014726	(00.000035 +- 00.000004)	[00.000024,00.000063]
02a_intensity_preprocess	    417	01.072950	(00.002573 +- 00.000359)	[00.000780,00.006182]
03_undistortion         	    415	00.286263	(00.000690 +- 00.000147)	[00.000126,00.002160]
04_sampling             	    414	00.195578	(00.000472 +- 00.000207)	[00.000063,00.002124]
04b_intensity_sampling  	    414	00.283757	(00.000685 +- 00.000129)	[00.000123,00.001617]
05_registration         	    414	01.414891	(00.003418 +- 00.001256)	[00.000749,00.010183]
06_map                  	    414	00.309931	(00.000749 +- 00.000135)	[00.000135,00.003131]
07_imu_opt              	    414	00.534647	(00.001291 +- 00.000370)	[00.000002,00.003554]
08_publish              	    414	03.567350	(00.008617 +- 00.001546)	[00.000462,00.022598]
step                    	    417	07.841845	(00.018805 +- 00.003348)	[00.003975,00.047284]

INFO  Timings:
SM Timing
-----------
00_conversion_livox     	    419	04.506054	(00.010754 +- 00.000383)	[00.007809,00.020918]
01_filter               	    418	00.117193	(00.000280 +- 00.000042)	[00.000116,00.002236]
02_preint               	    416	00.014764	(00.000035 +- 00.000005)	[00.000024,00.000063]
02a_intensity_preprocess	    418	01.074822	(00.002571 +- 00.000370)	[00.000780,00.006182]
03_undistortion         	    416	00.286776	(00.000689 +- 00.000151)	[00.000126,00.002160]
04_sampling             	    415	00.195894	(00.000472 +- 00.000208)	[00.000063,00.002124]
04b_intensity_sampling  	    415	00.284191	(00.000685 +- 00.000131)	[00.000123,00.001617]
05_registration         	    415	01.417360	(00.003415 +- 00.001261)	[00.000749,00.010183]
06_map                  	    415	00.310486	(00.000748 +- 00.000140)	[00.000135,00.003131]
07_imu_opt              	    415	00.536288	(00.001292 +- 00.000370)	[00.000002,00.003554]
08_publish              	    415	03.571967	(00.008607 +- 00.001586)	[00.000462,00.022598]
step                    	    418	07.854583	(00.018791 +- 00.003422)	[00.003975,00.047284]

INFO  Timings:
SM Timing
-----------
00_conversion_livox     	    420	04.515953	(00.010752 +- 00.000385)	[00.007809,00.020918]
01_filter               	    419	00.117406	(00.000280 +- 00.000042)	[00.000116,00.002236]
02_preint               	    417	00.014804	(00.000036 +- 00.000005)	[00.000024,00.000063]
02a_intensity_preprocess	    419	01.076547	(00.002569 +- 00.000376)	[00.000780,00.006182]
03_undistortion         	    417	00.287116	(00.000689 +- 00.000150)	[00.000126,00.002160]
04_sampling             	    416	00.196174	(00.000472 +- 00.000208)	[00.000063,00.002124]
04b_intensity_sampling  	    416	00.284612	(00.000684 +- 00.000131)	[00.000123,00.001617]
05_registration         	    416	01.421466	(00.003417 +- 00.001305)	[00.000749,00.010183]
06_map                  	    416	00.310863	(00.000747 +- 00.000139)	[00.000135,00.003131]
07_imu_opt              	    416	00.538604	(00.001295 +- 00.000390)	[00.000002,00.003554]
08_publish              	    416	03.576327	(00.008597 +- 00.001613)	[00.000462,00.022598]
step                    	    419	07.868861	(00.018780 +- 00.003533)	[00.003975,00.047284]

INFO  Timings:
SM Timing
-----------
00_conversion_livox     	    421	04.526297	(00.010751 +- 00.000399)	[00.007809,00.020918]
01_filter               	    420	00.117602	(00.000280 +- 00.000042)	[00.000116,00.002236]
02_preint               	    418	00.014842	(00.000036 +- 00.000005)	[00.000024,00.000063]
02a_intensity_preprocess	    420	01.078270	(00.002567 +- 00.000382)	[00.000780,00.006182]
03_undistortion         	    418	00.287423	(00.000688 +- 00.000150)	[00.000126,00.002160]
04_sampling             	    417	00.196399	(00.000471 +- 00.000207)	[00.000063,00.002124]
04b_intensity_sampling  	    417	00.285024	(00.000684 +- 00.000132)	[00.000123,00.001617]
05_registration         	    417	01.423653	(00.003414 +- 00.001306)	[00.000749,00.010183]
06_map                  	    417	00.311302	(00.000747 +- 00.000141)	[00.000135,00.003131]
07_imu_opt              	    417	00.540803	(00.001297 +- 00.000403)	[00.000002,00.003554]
08_publish              	    417	03.580414	(00.008586 +- 00.001628)	[00.000462,00.022598]
step                    	    420	07.880741	(00.018764 +- 00.003569)	[00.003975,00.047284]

INFO  Timings:
SM Timing
-----------
00_conversion_livox     	    422	04.536726	(00.010751 +- 00.000416)	[00.007809,00.020918]
01_filter               	    421	00.117808	(00.000280 +- 00.000042)	[00.000116,00.002236]
02_preint               	    419	00.014880	(00.000036 +- 00.000005)	[00.000024,00.000063]
02a_intensity_preprocess	    421	01.079942	(00.002565 +- 00.000384)	[00.000780,00.006182]
03_undistortion         	    419	00.287776	(00.000687 +- 00.000149)	[00.000126,00.002160]
04_sampling             	    418	00.196656	(00.000470 +- 00.000206)	[00.000063,00.002124]
04b_intensity_sampling  	    418	00.285466	(00.000683 +- 00.000132)	[00.000123,00.001617]
05_registration         	    418	01.427096	(00.003414 +- 00.001327)	[00.000749,00.010183]
06_map                  	    418	00.311656	(00.000746 +- 00.000140)	[00.000135,00.003131]
07_imu_opt              	    418	00.542282	(00.001297 +- 00.000402)	[00.000002,00.003554]
08_publish              	    418	03.584246	(00.008575 +- 00.001633)	[00.000462,00.022598]
step                    	    421	07.892882	(00.018748 +- 00.003601)	[00.003975,00.047284]

INFO  Timings:
SM Timing
-----------
00_conversion_livox     	    423	04.547318	(00.010750 +- 00.000437)	[00.007809,00.020918]
01_filter               	    422	00.118009	(00.000280 +- 00.000042)	[00.000116,00.002236]
02_preint               	    420	00.014934	(00.000036 +- 00.000005)	[00.000024,00.000063]
02a_intensity_preprocess	    422	01.081551	(00.002563 +- 00.000385)	[00.000780,00.006182]
03_undistortion         	    420	00.288099	(00.000686 +- 00.000148)	[00.000126,00.002160]
04_sampling             	    419	00.196910	(00.000470 +- 00.000206)	[00.000063,00.002124]
04b_intensity_sampling  	    419	00.285835	(00.000682 +- 00.000132)	[00.000123,00.001617]
05_registration         	    419	01.428746	(00.003410 +- 00.001327)	[00.000749,00.010183]
06_map                  	    419	00.312010	(00.000745 +- 00.000139)	[00.000135,00.003131]
07_imu_opt              	    419	00.543559	(00.001297 +- 00.000401)	[00.000002,00.003554]
08_publish              	    419	03.587649	(00.008562 +- 00.001630)	[00.000462,00.022598]
step                    	    422	07.902455	(00.018726 +- 00.003590)	[00.003975,00.047284]

INFO  Timings:
SM Timing
-----------
00_conversion_livox     	    424	04.557940	(00.010750 +- 00.000455)	[00.007809,00.020918]
01_filter               	    423	00.118218	(00.000279 +- 00.000042)	[00.000116,00.002236]
02_preint               	    421	00.014973	(00.000036 +- 00.000005)	[00.000024,00.000063]
02a_intensity_preprocess	    423	01.083113	(00.002561 +- 00.000384)	[00.000780,00.006182]
03_undistortion         	    421	00.288407	(00.000685 +- 00.000147)	[00.000126,00.002160]
04_sampling             	    420	00.197156	(00.000469 +- 00.000205)	[00.000063,00.002124]
04b_intensity_sampling  	    420	00.286233	(00.000682 +- 00.000132)	[00.000123,00.001617]
05_registration         	    420	01.431114	(00.003407 +- 00.001328)	[00.000749,00.010183]
06_map                  	    420	00.312400	(00.000744 +- 00.000138)	[00.000135,00.003131]
07_imu_opt              	    420	00.545021	(00.001298 +- 00.000397)	[00.000002,00.003554]
08_publish              	    420	03.590781	(00.008549 +- 00.001622)	[00.000462,00.022598]
step                    	    423	07.912640	(00.018706 +- 00.003573)	[00.003975,00.047284]

INFO  Timings:
SM Timing
-----------
00_conversion_livox     	    425	04.568425	(00.010749 +- 00.000466)	[00.007809,00.020918]
01_filter               	    424	00.118423	(00.000279 +- 00.000041)	[00.000116,00.002236]
02_preint               	    422	00.015012	(00.000036 +- 00.000005)	[00.000024,00.000063]
02a_intensity_preprocess	    424	01.084605	(00.002558 +- 00.000382)	[00.000780,00.006182]
03_undistortion         	    422	00.288780	(00.000684 +- 00.000146)	[00.000126,00.002160]
04_sampling             	    421	00.197740	(00.000470 +- 00.000211)	[00.000063,00.002124]
04b_intensity_sampling  	    421	00.286662	(00.000681 +- 00.000131)	[00.000123,00.001617]
05_registration         	    421	01.434049	(00.003406 +- 00.001336)	[00.000749,00.010183]
06_map                  	    421	00.312732	(00.000743 +- 00.000137)	[00.000135,00.003131]
07_imu_opt              	    421	00.546285	(00.001298 +- 00.000394)	[00.000002,00.003554]
08_publish              	    421	03.593676	(00.008536 +- 00.001610)	[00.000462,00.022598]
step                    	    424	07.923250	(00.018687 +- 00.003558)	[00.003975,00.047284]

INFO  Timings:
SM Timing
-----------
00_conversion_livox     	    426	04.578992	(00.010749 +- 00.000477)	[00.007809,00.020918]
01_filter               	    425	00.118640	(00.000279 +- 00.000041)	[00.000116,00.002236]
02_preint               	    423	00.015049	(00.000036 +- 00.000005)	[00.000024,00.000063]
02a_intensity_preprocess	    425	01.086070	(00.002555 +- 00.000379)	[00.000780,00.006182]
03_undistortion         	    423	00.289078	(00.000683 +- 00.000145)	[00.000126,00.002160]
04_sampling             	    422	00.197987	(00.000469 +- 00.000210)	[00.000063,00.002124]
04b_intensity_sampling  	    422	00.286972	(00.000680 +- 00.000129)	[00.000123,00.001617]
05_registration         	    422	01.435216	(00.003401 +- 00.001337)	[00.000749,00.010183]
06_map                  	    422	00.313212	(00.000742 +- 00.000137)	[00.000135,00.003131]
07_imu_opt              	    422	00.547511	(00.001297 +- 00.000393)	[00.000002,00.003554]
08_publish              	    422	03.596453	(00.008522 +- 00.001597)	[00.000462,00.022598]
step                    	    425	07.931535	(00.018662 +- 00.003526)	[00.003975,00.047284]

INFO  Timings:
SM Timing
-----------
00_conversion_livox     	    427	04.589170	(00.010747 +- 00.000480)	[00.007809,00.020918]
01_filter               	    426	00.118844	(00.000279 +- 00.000041)	[00.000116,00.002236]
02_preint               	    424	00.015085	(00.000036 +- 00.000005)	[00.000024,00.000063]
02a_intensity_preprocess	    426	01.087554	(00.002553 +- 00.000376)	[00.000780,00.006182]
03_undistortion         	    424	00.289466	(00.000683 +- 00.000144)	[00.000126,00.002160]
04_sampling             	    423	00.198212	(00.000469 +- 00.000210)	[00.000063,00.002124]
04b_intensity_sampling  	    423	00.287355	(00.000679 +- 00.000129)	[00.000123,00.001617]
05_registration         	    423	01.437999	(00.003400 +- 00.001336)	[00.000749,00.010183]
06_map                  	    423	00.313639	(00.000741 +- 00.000136)	[00.000135,00.003131]
07_imu_opt              	    423	00.548706	(00.001297 +- 00.000392)	[00.000002,00.003554]
08_publish              	    423	03.599446	(00.008509 +- 00.001581)	[00.000462,00.022598]
step                    	    426	07.941735	(00.018643 +- 00.003488)	[00.003975,00.047284]

INFO  Timings:
SM Timing
-----------
00_conversion_livox     	    428	04.599195	(00.010746 +- 00.000481)	[00.007809,00.020918]
01_filter               	    427	00.119083	(00.000279 +- 00.000041)	[00.000116,00.002236]
02_preint               	    425	00.015121	(00.000036 +- 00.000005)	[00.000024,00.000063]
02a_intensity_preprocess	    427	01.089060	(00.002550 +- 00.000373)	[00.000780,00.006182]
03_undistortion         	    425	00.289759	(00.000682 +- 00.000142)	[00.000126,00.002160]
04_sampling             	    424	00.198479	(00.000468 +- 00.000209)	[00.000063,00.002124]
04b_intensity_sampling  	    424	00.287771	(00.000679 +- 00.000128)	[00.000123,00.001617]
05_registration         	    424	01.439238	(00.003394 +- 00.001335)	[00.000749,00.010183]
06_map                  	    424	00.314099	(00.000741 +- 00.000135)	[00.000135,00.003131]
07_imu_opt              	    424	00.550204	(00.001298 +- 00.000392)	[00.000002,00.003554]
08_publish              	    424	03.602898	(00.008497 +- 00.001566)	[00.000462,00.022598]
step                    	    427	07.951212	(00.018621 +- 00.003451)	[00.003975,00.047284]

INFO  Timings:
SM Timing
-----------
00_conversion_livox     	    429	04.609165	(00.010744 +- 00.000482)	[00.007809,00.020918]
01_filter               	    428	00.119293	(00.000279 +- 00.000041)	[00.000116,00.002236]
02_preint               	    426	00.015157	(00.000036 +- 00.000005)	[00.000024,00.000063]
02a_intensity_preprocess	    428	01.090717	(00.002548 +- 00.000371)	[00.000780,00.006182]
03_undistortion         	    426	00.290190	(00.000681 +- 00.000142)	[00.000126,00.002160]
04_sampling             	    425	00.198879	(00.000468 +- 00.000209)	[00.000063,00.002124]
04b_intensity_sampling  	    425	00.288177	(00.000678 +- 00.000126)	[00.000123,00.001617]
05_registration         	    425	01.441388	(00.003392 +- 00.001326)	[00.000749,00.010183]
06_map                  	    425	00.314542	(00.000740 +- 00.000133)	[00.000135,00.003131]
07_imu_opt              	    425	00.551391	(00.001297 +- 00.000391)	[00.000002,00.003554]
08_publish              	    425	03.607120	(00.008487 +- 00.001560)	[00.000462,00.022598]
step                    	    428	07.962419	(00.018604 +- 00.003409)	[00.003975,00.047284]

INFO  Timings:
SM Timing
-----------
00_conversion_livox     	    430	04.619147	(00.010742 +- 00.000483)	[00.007809,00.020918]
01_filter               	    429	00.119486	(00.000279 +- 00.000041)	[00.000116,00.002236]
02_preint               	    427	00.015193	(00.000036 +- 00.000005)	[00.000024,00.000063]
02a_intensity_preprocess	    429	01.092417	(00.002546 +- 00.000369)	[00.000780,00.006182]
03_undistortion         	    427	00.290529	(00.000680 +- 00.000140)	[00.000126,00.002160]
04_sampling             	    426	00.199182	(00.000468 +- 00.000208)	[00.000063,00.002124]
04b_intensity_sampling  	    426	00.288614	(00.000677 +- 00.000125)	[00.000123,00.001617]
05_registration         	    426	01.442780	(00.003387 +- 00.001322)	[00.000749,00.010183]
06_map                  	    426	00.315029	(00.000740 +- 00.000133)	[00.000135,00.003131]
07_imu_opt              	    426	00.552576	(00.001297 +- 00.000393)	[00.000002,00.003554]
08_publish              	    426	03.611546	(00.008478 +- 00.001556)	[00.000462,00.022598]
step                    	    429	07.972988	(00.018585 +- 00.003373)	[00.003975,00.047284]

INFO  Timings:
SM Timing
-----------
00_conversion_livox     	    431	04.628907	(00.010740 +- 00.000481)	[00.007809,00.020918]
01_filter               	    430	00.119697	(00.000278 +- 00.000041)	[00.000116,00.002236]
02_preint               	    428	00.015230	(00.000036 +- 00.000005)	[00.000024,00.000063]
02a_intensity_preprocess	    430	01.094182	(00.002545 +- 00.000367)	[00.000780,00.006182]
03_undistortion         	    428	00.290889	(00.000680 +- 00.000139)	[00.000126,00.002160]
04_sampling             	    427	00.199569	(00.000467 +- 00.000209)	[00.000063,00.002124]
04b_intensity_sampling  	    427	00.289068	(00.000677 +- 00.000125)	[00.000123,00.001617]
05_registration         	    427	01.444686	(00.003383 +- 00.001313)	[00.000749,00.010183]
06_map                  	    427	00.315585	(00.000739 +- 00.000134)	[00.000135,00.003131]
07_imu_opt              	    427	00.554615	(00.001299 +- 00.000397)	[00.000002,00.003554]
08_publish              	    427	03.616067	(00.008469 +- 00.001550)	[00.000462,00.022598]
step                    	    430	07.985283	(00.018570 +- 00.003342)	[00.003975,00.047284]

INFO  Timings:
SM Timing
-----------
00_conversion_livox     	    432	04.638533	(00.010737 +- 00.000480)	[00.007809,00.020918]
01_filter               	    431	00.119915	(00.000278 +- 00.000040)	[00.000116,00.002236]
02_preint               	    429	00.015266	(00.000036 +- 00.000005)	[00.000024,00.000063]
02a_intensity_preprocess	    431	01.095903	(00.002543 +- 00.000362)	[00.000780,00.006182]
03_undistortion         	    429	00.291278	(00.000679 +- 00.000137)	[00.000126,00.002160]
04_sampling             	    428	00.199972	(00.000467 +- 00.000208)	[00.000063,00.002124]
04b_intensity_sampling  	    428	00.289507	(00.000676 +- 00.000123)	[00.000123,00.001617]
05_registration         	    428	01.446110	(00.003379 +- 00.001304)	[00.000749,00.010183]
06_map                  	    428	00.316098	(00.000739 +- 00.000133)	[00.000135,00.003131]
07_imu_opt              	    428	00.555758	(00.001299 +- 00.000396)	[00.000002,00.003554]
08_publish              	    428	03.620463	(00.008459 +- 00.001537)	[00.000462,00.022598]
step                    	    431	07.996027	(00.018552 +- 00.003271)	[00.003975,00.047284]

INFO  Timings:
SM Timing
-----------
00_conversion_livox     	    433	04.648246	(00.010735 +- 00.000475)	[00.007809,00.020918]
01_filter               	    432	00.120151	(00.000278 +- 00.000040)	[00.000116,00.002236]
02_preint               	    430	00.015303	(00.000036 +- 00.000005)	[00.000024,00.000063]
02a_intensity_preprocess	    432	01.097586	(00.002541 +- 00.000357)	[00.000780,00.006182]
03_undistortion         	    430	00.291663	(00.000678 +- 00.000135)	[00.000126,00.002160]
04_sampling             	    429	00.200356	(00.000467 +- 00.000208)	[00.000063,00.002124]
04b_intensity_sampling  	    429	00.290325	(00.000677 +- 00.000137)	[00.000123,00.001617]
05_registration         	    429	01.448572	(00.003377 +- 00.001301)	[00.000749,00.010183]
06_map                  	    429	00.316517	(00.000738 +- 00.000129)	[00.000135,00.003131]
07_imu_opt              	    429	00.556956	(00.001298 +- 00.000394)	[00.000002,00.003554]
08_publish              	    429	03.624763	(00.008449 +- 00.001517)	[00.000462,00.022598]
step                    	    432	08.008020	(00.018537 +- 00.003224)	[00.003975,00.047284]

INFO  Timings:
SM Timing
-----------
00_conversion_livox     	    434	04.658074	(00.010733 +- 00.000472)	[00.007809,00.020918]
01_filter               	    433	00.120422	(00.000278 +- 00.000041)	[00.000116,00.002236]
02_preint               	    431	00.015343	(00.000036 +- 00.000005)	[00.000024,00.000063]
02a_intensity_preprocess	    433	01.099366	(00.002539 +- 00.000352)	[00.000780,00.006182]
03_undistortion         	    431	00.292024	(00.000678 +- 00.000133)	[00.000126,00.002160]
04_sampling             	    430	00.200641	(00.000467 +- 00.000206)	[00.000063,00.002124]
04b_intensity_sampling  	    430	00.290954	(00.000677 +- 00.000139)	[00.000123,00.001617]
05_registration         	    430	01.449913	(00.003372 +- 00.001304)	[00.000749,00.010183]
06_map                  	    430	00.316970	(00.000737 +- 00.000126)	[00.000135,00.003131]
07_imu_opt              	    430	00.558196	(00.001298 +- 00.000396)	[00.000002,00.003554]
08_publish              	    430	03.628800	(00.008439 +- 00.001490)	[00.000462,00.022598]
step                    	    433	08.018533	(00.018519 +- 00.003183)	[00.003975,00.047284]

INFO  Timings:
SM Timing
-----------
00_conversion_livox     	    435	04.667739	(00.010730 +- 00.000471)	[00.007809,00.020918]
01_filter               	    434	00.120623	(00.000278 +- 00.000040)	[00.000116,00.002236]
02_preint               	    432	00.015379	(00.000036 +- 00.000005)	[00.000024,00.000063]
02a_intensity_preprocess	    434	01.101061	(00.002537 +- 00.000345)	[00.000780,00.006182]
03_undistortion         	    432	00.292363	(00.000677 +- 00.000130)	[00.000126,00.002160]
04_sampling             	    431	00.200904	(00.000466 +- 00.000204)	[00.000063,00.002124]
04b_intensity_sampling  	    431	00.291323	(00.000676 +- 00.000138)	[00.000123,00.001617]
05_registration         	    431	01.451363	(00.003367 +- 00.001296)	[00.000749,00.010183]
06_map                  	    431	00.317408	(00.000736 +- 00.000123)	[00.000135,00.003131]
07_imu_opt              	    431	00.559359	(00.001298 +- 00.000398)	[00.000002,00.003554]
08_publish              	    431	03.632857	(00.008429 +- 00.001458)	[00.000462,00.022598]
step                    	    434	08.028608	(00.018499 +- 00.003110)	[00.003975,00.047284]

INFO  Timings:
SM Timing
-----------
00_conversion_livox     	    436	04.679248	(00.010732 +- 00.000526)	[00.007809,00.020918]
01_filter               	    435	00.120842	(00.000278 +- 00.000039)	[00.000116,00.002236]
02_preint               	    433	00.015418	(00.000036 +- 00.000005)	[00.000024,00.000063]
02a_intensity_preprocess	    435	01.103071	(00.002536 +- 00.000344)	[00.000780,00.006182]
03_undistortion         	    433	00.292694	(00.000676 +- 00.000128)	[00.000126,00.002160]
04_sampling             	    432	00.201194	(00.000466 +- 00.000202)	[00.000063,00.002124]
04b_intensity_sampling  	    432	00.291839	(00.000676 +- 00.000136)	[00.000123,00.001617]
05_registration         	    432	01.452760	(00.003363 +- 00.001295)	[00.000749,00.010183]
06_map                  	    432	00.317890	(00.000736 +- 00.000119)	[00.000135,00.003131]
07_imu_opt              	    432	00.560556	(00.001298 +- 00.000398)	[00.000002,00.003554]
08_publish              	    432	03.637227	(00.008420 +- 00.001428)	[00.000462,00.022598]
step                    	    435	08.039534	(00.018482 +- 00.003036)	[00.003975,00.047284]

INFO  Timings:
SM Timing
-----------
00_conversion_livox     	    437	04.690322	(00.010733 +- 00.000550)	[00.007809,00.020918]
01_filter               	    436	00.121047	(00.000278 +- 00.000038)	[00.000116,00.002236]
02_preint               	    434	00.015473	(00.000036 +- 00.000006)	[00.000024,00.000063]
02a_intensity_preprocess	    436	01.105011	(00.002534 +- 00.000338)	[00.000780,00.006182]
03_undistortion         	    434	00.293140	(00.000675 +- 00.000125)	[00.000126,00.002160]
04_sampling             	    433	00.201560	(00.000465 +- 00.000201)	[00.000063,00.002124]
04b_intensity_sampling  	    433	00.292468	(00.000675 +- 00.000138)	[00.000123,00.001617]
05_registration         	    433	01.454532	(00.003359 +- 00.001287)	[00.000749,00.010183]
06_map                  	    433	00.318471	(00.000735 +- 00.000118)	[00.000135,00.003131]
07_imu_opt              	    433	00.562281	(00.001299 +- 00.000395)	[00.000002,00.003554]
08_publish              	    433	03.641825	(00.008411 +- 00.001396)	[00.000462,00.022598]
step                    	    436	08.051929	(00.018468 +- 00.002958)	[00.003975,00.047284]

INFO  Timings:
SM Timing
-----------
00_conversion_livox     	    438	04.701921	(00.010735 +- 00.000591)	[00.007809,00.020918]
01_filter               	    437	00.121232	(00.000277 +- 00.000037)	[00.000116,00.002236]
02_preint               	    435	00.015507	(00.000036 +- 00.000005)	[00.000024,00.000063]
02a_intensity_preprocess	    437	01.106592	(00.002532 +- 00.000323)	[00.000780,00.006182]
03_undistortion         	    435	00.293461	(00.000675 +- 00.000122)	[00.000126,00.002160]
04_sampling             	    434	00.201821	(00.000465 +- 00.000199)	[00.000063,00.002124]
04b_intensity_sampling  	    434	00.292869	(00.000675 +- 00.000133)	[00.000123,00.001617]
05_registration         	    434	01.456008	(00.003355 +- 00.001285)	[00.000749,00.010183]
06_map                  	    434	00.318953	(00.000735 +- 00.000113)	[00.000135,00.003131]
07_imu_opt              	    434	00.563451	(00.001298 +- 00.000385)	[00.000002,00.003554]
08_publish              	    434	03.646442	(00.008402 +- 00.001357)	[00.000462,00.022598]
step                    	    437	08.062520	(00.018450 +- 00.002891)	[00.003975,00.047284]

INFO  Timings:
SM Timing
-----------
00_conversion_livox     	    439	04.711393	(00.010732 +- 00.000583)	[00.007809,00.020918]
01_filter               	    438	00.121417	(00.000277 +- 00.000036)	[00.000116,00.002236]
02_preint               	    436	00.015544	(00.000036 +- 00.000005)	[00.000024,00.000063]
02a_intensity_preprocess	    438	01.108153	(00.002530 +- 00.000308)	[00.000780,00.006182]
03_undistortion         	    436	00.294057	(00.000674 +- 00.000124)	[00.000126,00.002160]
04_sampling             	    435	00.202113	(00.000465 +- 00.000197)	[00.000063,00.002124]
04b_intensity_sampling  	    435	00.293336	(00.000674 +- 00.000130)	[00.000123,00.001617]
05_registration         	    435	01.459298	(00.003355 +- 00.001295)	[00.000749,00.010183]
06_map                  	    435	00.319373	(00.000734 +- 00.000110)	[00.000135,00.003131]
07_imu_opt              	    435	00.564619	(00.001298 +- 00.000385)	[00.000002,00.003554]
08_publish              	    435	03.650095	(00.008391 +- 00.001299)	[00.000462,00.022598]
step                    	    438	08.074256	(00.018434 +- 00.002825)	[00.003975,00.047284]

INFO  Timings:
SM Timing
-----------
00_conversion_livox     	    440	04.721202	(00.010730 +- 00.000568)	[00.007809,00.020918]
01_filter               	    439	00.121633	(00.000277 +- 00.000034)	[00.000116,00.002236]
02_preint               	    437	00.015582	(00.000036 +- 00.000005)	[00.000024,00.000063]
02a_intensity_preprocess	    439	01.109667	(00.002528 +- 00.000291)	[00.000780,00.006182]
03_undistortion         	    437	00.294552	(00.000674 +- 00.000121)	[00.000126,00.002160]
04_sampling             	    436	00.202619	(00.000465 +- 00.000197)	[00.000063,00.002124]
04b_intensity_sampling  	    436	00.293721	(00.000674 +- 00.000124)	[00.000123,00.001617]
05_registration         	    436	01.462116	(00.003353 +- 00.001290)	[00.000749,00.010183]
06_map                  	    436	00.319923	(00.000734 +- 00.000105)	[00.000135,00.003131]
07_imu_opt              	    436	00.566009	(00.001298 +- 00.000385)	[00.000002,00.003554]
08_publish              	    436	03.654591	(00.008382 +- 00.001246)	[00.000462,00.022598]
step                    	    439	08.086739	(00.018421 +- 00.002724)	[00.003975,00.047284]

INFO  Timings:
SM Timing
-----------
00_conversion_livox     	    441	04.731774	(00.010730 +- 00.000567)	[00.007809,00.020918]
01_filter               	    440	00.121859	(00.000277 +- 00.000032)	[00.000116,00.002236]
02_preint               	    438	00.015632	(00.000036 +- 00.000005)	[00.000024,00.000063]
02a_intensity_preprocess	    440	01.111681	(00.002527 +- 00.000283)	[00.000780,00.006182]
03_undistortion         	    438	00.294952	(00.000673 +- 00.000117)	[00.000126,00.002160]
04_sampling             	    437	00.202926	(00.000464 +- 00.000195)	[00.000063,00.002124]
04b_intensity_sampling  	    437	00.294245	(00.000673 +- 00.000120)	[00.000123,00.001617]
05_registration         	    437	01.464117	(00.003350 +- 00.001290)	[00.000749,00.010183]
06_map                  	    437	00.320303	(00.000733 +- 00.000099)	[00.000135,00.003131]
07_imu_opt              	    437	00.567254	(00.001298 +- 00.000386)	[00.000002,00.003554]
08_publish              	    437	03.658365	(00.008372 +- 00.001185)	[00.000462,00.022598]
step                    	    440	08.097732	(00.018404 +- 00.002637)	[00.003975,00.047284]

INFO  Timings:
SM Timing
-----------
00_conversion_livox     	    442	04.743146	(00.010731 +- 00.000596)	[00.007809,00.020918]
01_filter               	    441	00.122072	(00.000277 +- 00.000032)	[00.000116,00.002236]
02_preint               	    439	00.015669	(00.000036 +- 00.000005)	[00.000024,00.000063]
02a_intensity_preprocess	    441	01.113173	(00.002524 +- 00.000270)	[00.000780,00.006182]
03_undistortion         	    439	00.295298	(00.000673 +- 00.000113)	[00.000126,00.002160]
04_sampling             	    438	00.203204	(00.000464 +- 00.000193)	[00.000063,00.002124]
04b_intensity_sampling  	    438	00.294603	(00.000673 +- 00.000115)	[00.000123,00.001617]
05_registration         	    438	01.466086	(00.003347 +- 00.001276)	[00.000749,00.010183]
06_map                  	    438	00.320738	(00.000732 +- 00.000093)	[00.000135,00.003131]
07_imu_opt              	    438	00.568582	(00.001298 +- 00.000383)	[00.000002,00.003554]
08_publish              	    438	03.662532	(00.008362 +- 00.001130)	[00.000462,00.022598]
step                    	    441	08.108416	(00.018386 +- 00.002502)	[00.003975,00.047284]

INFO  Timings:
SM Timing
-----------
00_conversion_livox     	    443	04.752822	(00.010729 +- 00.000589)	[00.007809,00.020918]
01_filter               	    442	00.122272	(00.000277 +- 00.000030)	[00.000116,00.002236]
02_preint               	    440	00.015706	(00.000036 +- 00.000005)	[00.000024,00.000063]
02a_intensity_preprocess	    442	01.114644	(00.002522 +- 00.000256)	[00.000780,00.006182]
03_undistortion         	    440	00.295595	(00.000672 +- 00.000111)	[00.000126,00.002160]
04_sampling             	    439	00.203438	(00.000463 +- 00.000191)	[00.000063,00.002124]
04b_intensity_sampling  	    439	00.294934	(00.000672 +- 00.000114)	[00.000123,00.001617]
05_registration         	    439	01.467570	(00.003343 +- 00.001278)	[00.000749,00.010183]
06_map                  	    439	00.321159	(00.000732 +- 00.000091)	[00.000135,00.003131]
07_imu_opt              	    439	00.569715	(00.001298 +- 00.000381)	[00.000002,00.003554]
08_publish              	    439	03.665750	(00.008350 +- 00.001077)	[00.000462,00.022598]
step                    	    442	08.117306	(00.018365 +- 00.002430)	[00.003975,00.047284]

INFO  Timings:
SM Timing
-----------
00_conversion_livox     	    444	04.764042	(00.010730 +- 00.000599)	[00.007809,00.020918]
01_filter               	    443	00.122449	(00.000276 +- 00.000029)	[00.000116,00.002236]
02_preint               	    441	00.015745	(00.000036 +- 00.000005)	[00.000024,00.000063]
02a_intensity_preprocess	    443	01.115993	(00.002519 +- 00.000244)	[00.000780,00.006182]
03_undistortion         	    441	00.296120	(00.000671 +- 00.000109)	[00.000126,00.002160]
04_sampling             	    440	00.203716	(00.000463 +- 00.000190)	[00.000063,00.002124]
04b_intensity_sampling  	    440	00.295284	(00.000671 +- 00.000110)	[00.000123,00.001617]
05_registration         	    440	01.468917	(00.003338 +- 00.001282)	[00.000749,00.010183]
06_map                  	    440	00.321531	(00.000731 +- 00.000085)	[00.000135,00.003131]
07_imu_opt              	    440	00.570829	(00.001297 +- 00.000380)	[00.000002,00.003554]
08_publish              	    440	03.668836	(00.008338 +- 00.001035)	[00.000462,00.022598]
step                    	    443	08.126003	(00.018343 +- 00.002377)	[00.003975,00.047284]

INFO  Timings:
SM Timing
-----------
00_conversion_livox     	    445	04.773217	(00.010726 +- 00.000603)	[00.007809,00.020918]
01_filter               	    444	00.122629	(00.000276 +- 00.000028)	[00.000116,00.002236]
02_preint               	    442	00.015776	(00.000036 +- 00.000005)	[00.000024,00.000063]
02a_intensity_preprocess	    444	01.117226	(00.002516 +- 00.000240)	[00.000780,00.006182]
03_undistortion         	    442	00.296401	(00.000671 +- 00.000108)	[00.000126,00.002160]
04_sampling             	    441	00.203982	(00.000463 +- 00.000188)	[00.000063,00.002124]
04b_intensity_sampling  	    441	00.295631	(00.000670 +- 00.000108)	[00.000123,00.001617]
05_registration         	    441	01.470479	(00.003334 +- 00.001284)	[00.000749,00.010183]
06_map                  	    441	00.321987	(00.000730 +- 00.000083)	[00.000135,00.003131]
07_imu_opt              	    441	00.571930	(00.001297 +- 00.000380)	[00.000002,00.003554]
08_publish              	    441	03.671158	(00.008325 +- 00.001016)	[00.000462,00.022598]
step                    	    444	08.133844	(00.018319 +- 00.002354)	[00.003975,00.047284]

INFO  Timings:
SM Timing
-----------
00_conversion_livox     	    446	04.782493	(00.010723 +- 00.000610)	[00.007809,00.020918]
01_filter               	    445	00.122809	(00.000276 +- 00.000028)	[00.000116,00.002236]
02_preint               	    443	00.015805	(00.000036 +- 00.000005)	[00.000024,00.000063]
02a_intensity_preprocess	    445	01.118441	(00.002513 +- 00.000240)	[00.000780,00.006182]
03_undistortion         	    443	00.296621	(00.000670 +- 00.000108)	[00.000126,00.002160]
04_sampling             	    442	00.204286	(00.000462 +- 00.000186)	[00.000063,00.002124]
04b_intensity_sampling  	    442	00.295985	(00.000670 +- 00.000109)	[00.000123,00.001617]
05_registration         	    442	01.472244	(00.003331 +- 00.001284)	[00.000749,00.010183]
06_map                  	    442	00.322306	(00.000729 +- 00.000082)	[00.000135,00.003131]
07_imu_opt              	    442	00.573037	(00.001296 +- 00.000380)	[00.000002,00.003554]
08_publish              	    442	03.673344	(00.008311 +- 00.001010)	[00.000462,00.022598]
step                    	    445	08.141592	(00.018296 +- 00.002344)	[00.003975,00.047284]

INFO  Timings:
SM Timing
-----------
00_conversion_livox     	    447	04.791821	(00.010720 +- 00.000615)	[00.007809,00.020918]
01_filter               	    446	00.122965	(00.000276 +- 00.000028)	[00.000116,00.002236]
02_preint               	    444	00.015842	(00.000036 +- 00.000005)	[00.000024,00.000063]
02a_intensity_preprocess	    446	01.119611	(00.002510 +- 00.000241)	[00.000780,00.006182]
03_undistortion         	    444	00.296867	(00.000669 +- 00.000108)	[00.000126,00.002160]
04_sampling             	    443	00.204439	(00.000461 +- 00.000187)	[00.000063,00.002124]
04b_intensity_sampling  	    443	00.296214	(00.000669 +- 00.000110)	[00.000123,00.001617]
05_registration         	    443	01.473396	(00.003326 +- 00.001285)	[00.000749,00.010183]
06_map                  	    443	00.322547	(00.000728 +- 00.000085)	[00.000135,00.003131]
07_imu_opt              	    443	00.574072	(00.001296 +- 00.000384)	[00.000002,00.003554]
08_publish              	    443	03.675334	(00.008296 +- 00.001013)	[00.000462,00.022598]
step                    	    446	08.148044	(00.018269 +- 00.002365)	[00.003975,00.047284]

INFO  Timings:
SM Timing
-----------
00_conversion_livox     	    448	04.801096	(00.010717 +- 00.000618)	[00.007809,00.020918]
01_filter               	    447	00.123154	(00.000276 +- 00.000027)	[00.000116,00.002236]
02_preint               	    445	00.015869	(00.000036 +- 00.000006)	[00.000024,00.000063]
02a_intensity_preprocess	    447	01.120685	(00.002507 +- 00.000248)	[00.000780,00.006182]
03_undistortion         	    445	00.297120	(00.000668 +- 00.000109)	[00.000126,00.002160]
04_sampling             	    444	00.204609	(00.000461 +- 00.000187)	[00.000063,00.002124]
04b_intensity_sampling  	    444	00.296597	(00.000668 +- 00.000109)	[00.000123,00.001617]
05_registration         	    444	01.476201	(00.003325 +- 00.001288)	[00.000749,00.010183]
06_map                  	    444	00.322860	(00.000727 +- 00.000086)	[00.000135,00.003131]
07_imu_opt              	    444	00.575134	(00.001295 +- 00.000386)	[00.000002,00.003554]
08_publish              	    444	03.677158	(00.008282 +- 00.001030)	[00.000462,00.022598]
step                    	    447	08.156203	(00.018247 +- 00.002361)	[00.003975,00.047284]

INFO  Timings:
SM Timing
-----------
00_conversion_livox     	    449	04.810410	(00.010714 +- 00.000617)	[00.007809,00.020918]
01_filter               	    448	00.123335	(00.000275 +- 00.000027)	[00.000116,00.002236]
02_preint               	    446	00.015896	(00.000036 +- 00.000006)	[00.000024,00.000063]
02a_intensity_preprocess	    448	01.121774	(00.002504 +- 00.000256)	[00.000780,00.006182]
03_undistortion         	    446	00.297326	(00.000667 +- 00.000110)	[00.000126,00.002160]
04_sampling             	    445	00.204741	(00.000460 +- 00.000082)	[00.000063,00.002124]
04b_intensity_sampling  	    445	00.296867	(00.000667 +- 00.000111)	[00.000123,00.001617]
05_registration         	    445	01.478466	(00.003322 +- 00.001286)	[00.000749,00.010183]
06_map                  	    445	00.323132	(00.000726 +- 00.000088)	[00.000135,00.003131]
07_imu_opt              	    445	00.576189	(00.001295 +- 00.000387)	[00.000002,00.003554]
08_publish              	    445	03.679034	(00.008267 +- 00.001050)	[00.000462,00.022598]
step                    	    448	08.163637	(00.018222 +- 00.002401)	[00.003975,00.047284]

INFO  Timings:
SM Timing
-----------
00_conversion_livox     	    450	04.819793	(00.010711 +- 00.000623)	[00.007809,00.020918]
01_filter               	    449	00.123491	(00.000275 +- 00.000028)	[00.000116,00.002236]
02_preint               	    447	00.015922	(00.000036 +- 00.000006)	[00.000024,00.000063]
02a_intensity_preprocess	    449	01.122863	(00.002501 +- 00.000262)	[00.000780,00.006182]
03_undistortion         	    447	00.297490	(00.000666 +- 00.000113)	[00.000126,00.002160]
04_sampling             	    446	00.204845	(00.000459 +- 00.000085)	[00.000063,00.002124]
04b_intensity_sampling  	    446	00.297170	(00.000666 +- 00.000111)	[00.000123,00.001617]
05_registration         	    446	01.479402	(00.003317 +- 00.001289)	[00.000749,00.010183]
06_map                  	    446	00.323426	(00.000725 +- 00.000090)	[00.000135,00.003131]
07_imu_opt              	    446	00.577211	(00.001294 +- 00.000390)	[00.000002,00.003554]
08_publish              	    446	03.680756	(00.008253 +- 00.001071)	[00.000462,00.022598]
step                    	    449	08.169511	(00.018195 +- 00.002451)	[00.003975,00.047284]

INFO  Timings:
SM Timing
-----------
00_conversion_livox     	    451	04.828947	(00.010707 +- 00.000632)	[00.007809,00.020918]
01_filter               	    450	00.123637	(00.000275 +- 00.000029)	[00.000116,00.002236]
02_preint               	    448	00.015947	(00.000036 +- 00.000006)	[00.000024,00.000063]
02a_intensity_preprocess	    450	01.123818	(00.002497 +- 00.000273)	[00.000780,00.006182]
03_undistortion         	    448	00.297683	(00.000664 +- 00.000114)	[00.000126,00.002160]
04_sampling             	    447	00.205009	(00.000459 +- 00.000086)	[00.000063,00.002124]
04b_intensity_sampling  	    447	00.297455	(00.000665 +- 00.000111)	[00.000123,00.001617]
05_registration         	    447	01.480422	(00.003312 +- 00.001294)	[00.000749,00.010183]
06_map                  	    447	00.323695	(00.000724 +- 00.000091)	[00.000135,00.003131]
07_imu_opt              	    447	00.578222	(00.001294 +- 00.000394)	[00.000002,00.003554]
08_publish              	    447	03.682028	(00.008237 +- 00.001105)	[00.000462,00.022598]
step                    	    450	08.175093	(00.018167 +- 00.002537)	[00.003975,00.047284]

INFO  Timings:
SM Timing
-----------
00_conversion_livox     	    452	04.837913	(00.010703 +- 00.000649)	[00.007809,00.020918]
01_filter               	    451	00.123775	(00.000274 +- 00.000030)	[00.000116,00.002236]
02_preint               	    449	00.015972	(00.000036 +- 00.000006)	[00.000024,00.000063]
02a_intensity_preprocess	    451	01.124734	(00.002494 +- 00.000284)	[00.000780,00.006182]
03_undistortion         	    449	00.297852	(00.000663 +- 00.000117)	[00.000126,00.002160]
04_sampling             	    448	00.205143	(00.000458 +- 00.000088)	[00.000063,00.002124]
04b_intensity_sampling  	    448	00.297685	(00.000664 +- 00.000114)	[00.000123,00.001617]
05_registration         	    448	01.481433	(00.003307 +- 00.001297)	[00.000749,00.010183]
06_map                  	    448	00.323985	(00.000723 +- 00.000092)	[00.000135,00.003131]
07_imu_opt              	    448	00.579255	(00.001293 +- 00.000374)	[00.000002,00.003554]
08_publish              	    448	03.683233	(00.008222 +- 00.001137)	[00.000462,00.022598]
step                    	    451	08.180288	(00.018138 +- 00.002629)	[00.003975,00.047284]

INFO  Timings:
SM Timing
-----------
00_conversion_livox     	    453	04.847294	(00.010700 +- 00.000654)	[00.007809,00.020918]
01_filter               	    452	00.123913	(00.000274 +- 00.000031)	[00.000116,00.002236]
02_preint               	    450	00.015998	(00.000036 +- 00.000006)	[00.000024,00.000063]
02a_intensity_preprocess	    452	01.125692	(00.002490 +- 00.000293)	[00.000780,00.006182]
03_undistortion         	    450	00.298046	(00.000662 +- 00.000119)	[00.000126,00.002160]
04_sampling             	    449	00.205268	(00.000457 +- 00.000090)	[00.000063,00.002124]
04b_intensity_sampling  	    449	00.297908	(00.000663 +- 00.000116)	[00.000123,00.001617]
05_registration         	    449	01.482458	(00.003302 +- 00.001303)	[00.000749,00.010183]
06_map                  	    449	00.324228	(00.000722 +- 00.000096)	[00.000135,00.003131]
07_imu_opt              	    449	00.580282	(00.001292 +- 00.000367)	[00.000002,00.003554]
08_publish              	    449	03.684419	(00.008206 +- 00.001171)	[00.000462,00.022598]
step                    	    452	08.185488	(00.018109 +- 00.002712)	[00.003975,00.047284]

INFO  Timings:
SM Timing
-----------
00_conversion_livox     	    454	04.856559	(00.010697 +- 00.000661)	[00.007809,00.020918]
01_filter               	    453	00.124060	(00.000274 +- 00.000031)	[00.000116,00.002236]
02_preint               	    451	00.016024	(00.000036 +- 00.000006)	[00.000024,00.000063]
02a_intensity_preprocess	    453	01.126628	(00.002487 +- 00.000303)	[00.000780,00.006182]
03_undistortion         	    451	00.298249	(00.000661 +- 00.000120)	[00.000126,00.002160]
04_sampling             	    450	00.205409	(00.000456 +- 00.000091)	[00.000063,00.002124]
04b_intensity_sampling  	    450	00.298139	(00.000663 +- 00.000118)	[00.000123,00.001617]
05_registration         	    450	01.485479	(00.003301 +- 00.001308)	[00.000749,00.010183]
06_map                  	    450	00.324467	(00.000721 +- 00.000099)	[00.000135,00.003131]
07_imu_opt              	    450	00.582009	(00.001293 +- 00.000370)	[00.000002,00.003554]
08_publish              	    450	03.685654	(00.008190 +- 00.001201)	[00.000462,00.022598]
step                    	    453	08.193462	(00.018087 +- 00.002725)	[00.003975,00.047284]

INFO  Timings:
SM Timing
-----------
00_conversion_livox     	    455	04.865969	(00.010694 +- 00.000663)	[00.007809,00.020918]
01_filter               	    454	00.124211	(00.000274 +- 00.000032)	[00.000116,00.002236]
02_preint               	    452	00.016051	(00.000036 +- 00.000006)	[00.000024,00.000063]
02a_intensity_preprocess	    454	01.127643	(00.002484 +- 00.000312)	[00.000780,00.006182]
03_undistortion         	    452	00.298441	(00.000660 +- 00.000121)	[00.000126,00.002160]
04_sampling             	    451	00.205538	(00.000456 +- 00.000093)	[00.000063,00.002124]
04b_intensity_sampling  	    451	00.298381	(00.000662 +- 00.000120)	[00.000123,00.001617]
05_registration         	    451	01.487786	(00.003299 +- 00.001306)	[00.000749,00.010183]
06_map                  	    451	00.324735	(00.000720 +- 00.000101)	[00.000135,00.003131]
07_imu_opt              	    451	00.583347	(00.001293 +- 00.000370)	[00.000002,00.003554]
08_publish              	    451	03.687006	(00.008175 +- 00.001230)	[00.000462,00.022598]
step                    	    454	08.200536	(00.018063 +- 00.002753)	[00.003975,00.047284]

INFO  Timings:
SM Timing
-----------
00_conversion_livox     	    456	04.875382	(00.010692 +- 00.000665)	[00.007809,00.020918]
01_filter               	    455	00.124384	(00.000273 +- 00.000032)	[00.000116,00.002236]
02_preint               	    453	00.016076	(00.000035 +- 00.000006)	[00.000024,00.000063]
02a_intensity_preprocess	    455	01.128604	(00.002480 +- 00.000321)	[00.000780,00.006182]
03_undistortion         	    453	00.298623	(00.000659 +- 00.000122)	[00.000126,00.002160]
04_sampling             	    452	00.205630	(00.000455 +- 00.000096)	[00.000063,00.002124]
04b_intensity_sampling  	    452	00.298584	(00.000661 +- 00.000122)	[00.000123,00.001617]
05_registration         	    452	01.489152	(00.003295 +- 00.001308)	[00.000749,00.010183]
06_map                  	    452	00.324966	(00.000719 +- 00.000103)	[00.000135,00.003131]
07_imu_opt              	    452	00.584403	(00.001293 +- 00.000373)	[00.000002,00.003554]
08_publish              	    452	03.688361	(00.008160 +- 00.001258)	[00.000462,00.022598]
step                    	    455	08.206233	(00.018036 +- 00.002812)	[00.003975,00.047284]

INFO  Timings:
SM Timing
-----------
00_conversion_livox     	    457	04.885251	(00.010690 +- 00.000662)	[00.007809,00.020918]
01_filter               	    456	00.124542	(00.000273 +- 00.000033)	[00.000116,00.002236]
02_preint               	    454	00.016113	(00.000035 +- 00.000006)	[00.000024,00.000063]
02a_intensity_preprocess	    456	01.129609	(00.002477 +- 00.000329)	[00.000780,00.006182]
03_undistortion         	    454	00.298858	(00.000658 +- 00.000123)	[00.000126,00.002160]
04_sampling             	    453	00.205772	(00.000454 +- 00.000098)	[00.000063,00.002124]
04b_intensity_sampling  	    453	00.298856	(00.000660 +- 00.000123)	[00.000123,00.001617]
05_registration         	    453	01.490986	(00.003291 +- 00.001301)	[00.000749,00.010183]
06_map                  	    453	00.325252	(00.000718 +- 00.000103)	[00.000135,00.003131]
07_imu_opt              	    453	00.585470	(00.001292 +- 00.000375)	[00.000002,00.003554]
08_publish              	    453	03.689909	(00.008145 +- 00.001280)	[00.000462,00.022598]
step                    	    456	08.212863	(00.018011 +- 00.002840)	[00.003975,00.047284]

INFO  Timings:
SM Timing
-----------
00_conversion_livox     	    458	04.894955	(00.010688 +- 00.000654)	[00.007809,00.020918]
01_filter               	    457	00.124689	(00.000273 +- 00.000033)	[00.000116,00.002236]
02_preint               	    455	00.016143	(00.000035 +- 00.000006)	[00.000024,00.000063]
02a_intensity_preprocess	    457	01.130698	(00.002474 +- 00.000333)	[00.000780,00.006182]
03_undistortion         	    455	00.299050	(00.000657 +- 00.000125)	[00.000126,00.002160]
04_sampling             	    454	00.205921	(00.000454 +- 00.000099)	[00.000063,00.002124]
04b_intensity_sampling  	    454	00.299093	(00.000659 +- 00.000125)	[00.000123,00.001617]
05_registration         	    454	01.492434	(00.003287 +- 00.001297)	[00.000749,00.010183]
06_map                  	    454	00.325508	(00.000717 +- 00.000104)	[00.000135,00.003131]
07_imu_opt              	    454	00.586560	(00.001292 +- 00.000364)	[00.000002,00.003554]
08_publish              	    454	03.691693	(00.008131 +- 00.001294)	[00.000462,00.022598]
step                    	    457	08.219342	(00.017985 +- 00.002875)	[00.003975,00.047284]

INFO  Timings:
SM Timing
-----------
00_conversion_livox     	    459	04.904442	(00.010685 +- 00.000646)	[00.007809,00.020918]
01_filter               	    458	00.124858	(00.000273 +- 00.000034)	[00.000116,00.002236]
02_preint               	    456	00.016169	(00.000035 +- 00.000007)	[00.000024,00.000063]
02a_intensity_preprocess	    458	01.131835	(00.002471 +- 00.000337)	[00.000780,00.006182]
03_undistortion         	    456	00.299263	(00.000656 +- 00.000126)	[00.000126,00.002160]
04_sampling             	    455	00.206097	(00.000453 +- 00.000100)	[00.000063,00.002124]
04b_intensity_sampling  	    455	00.299395	(00.000658 +- 00.000125)	[00.000123,00.001617]
05_registration         	    455	01.493456	(00.003282 +- 00.001301)	[00.000749,00.010183]
06_map                  	    455	00.325735	(00.000716 +- 00.000107)	[00.000135,00.003131]
07_imu_opt              	    455	00.587662	(00.001292 +- 00.000349)	[00.000002,00.003554]
08_publish              	    455	03.693640	(00.008118 +- 00.001305)	[00.000462,00.022598]
step                    	    458	08.225733	(00.017960 +- 00.002917)	[00.003975,00.047284]

INFO  Timings:
SM Timing
-----------
00_conversion_livox     	    460	04.913950	(00.010683 +- 00.000645)	[00.007809,00.020918]
01_filter               	    459	00.125019	(00.000272 +- 00.000034)	[00.000116,00.002236]
02_preint               	    457	00.016204	(00.000035 +- 00.000007)	[00.000024,00.000063]
02a_intensity_preprocess	    459	01.132982	(00.002468 +- 00.000340)	[00.000780,00.006182]
03_undistortion         	    457	00.299475	(00.000655 +- 00.000128)	[00.000126,00.002160]
04_sampling             	    456	00.206247	(00.000452 +- 00.000101)	[00.000063,00.002124]
04b_intensity_sampling  	    456	00.299735	(00.000657 +- 00.000125)	[00.000123,00.001617]
05_registration         	    456	01.495291	(00.003279 +- 00.001300)	[00.000749,00.010183]
06_map                  	    456	00.326177	(00.000715 +- 00.000107)	[00.000135,00.003131]
07_imu_opt              	    456	00.588792	(00.001291 +- 00.000350)	[00.000002,00.003554]
08_publish              	    456	03.695544	(00.008104 +- 00.001320)	[00.000462,00.022598]
step                    	    459	08.233151	(00.017937 +- 00.002936)	[00.003975,00.047284]

INFO  Timings:
SM Timing
-----------
00_conversion_livox     	    461	04.923455	(00.010680 +- 00.000646)	[00.007809,00.020918]
01_filter               	    460	00.125177	(00.000272 +- 00.000035)	[00.000116,00.002236]
02_preint               	    458	00.016240	(00.000035 +- 00.000006)	[00.000024,00.000063]
02a_intensity_preprocess	    460	01.134094	(00.002465 +- 00.000344)	[00.000780,00.006182]
03_undistortion         	    458	00.299722	(00.000654 +- 00.000128)	[00.000126,00.002160]
04_sampling             	    457	00.206385	(00.000452 +- 00.000103)	[00.000063,00.002124]
04b_intensity_sampling  	    457	00.300123	(00.000657 +- 00.000125)	[00.000123,00.001617]
05_registration         	    457	01.497065	(00.003276 +- 00.001300)	[00.000749,00.010183]
06_map                  	    457	00.326496	(00.000714 +- 00.000107)	[00.000135,00.003131]
07_imu_opt              	    457	00.589840	(00.001291 +- 00.000353)	[00.000002,00.003554]
08_publish              	    457	03.697352	(00.008090 +- 00.001337)	[00.000462,00.022598]
step                    	    460	08.240230	(00.017914 +- 00.002964)	[00.003975,00.047284]

INFO  Timings:
SM Timing
-----------
00_conversion_livox     	    462	04.932826	(00.010677 +- 00.000651)	[00.007809,00.020918]
01_filter               	    461	00.125327	(00.000272 +- 00.000035)	[00.000116,00.002236]
02_preint               	    459	00.016277	(00.000035 +- 00.000006)	[00.000024,00.000063]
02a_intensity_preprocess	    461	01.135230	(00.002463 +- 00.000346)	[00.000780,00.006182]
03_undistortion         	    459	00.299908	(00.000653 +- 00.000123)	[00.000126,00.002160]
04_sampling             	    458	00.206486	(00.000451 +- 00.000105)	[00.000063,00.002124]
04b_intensity_sampling  	    458	00.300345	(00.000656 +- 00.000128)	[00.000123,00.001617]
05_registration         	    458	01.498390	(00.003272 +- 00.001304)	[00.000749,00.010183]
06_map                  	    458	00.326768	(00.000713 +- 00.000108)	[00.000135,00.003131]
07_imu_opt              	    458	00.590972	(00.001290 +- 00.000354)	[00.000002,00.003554]
08_publish              	    458	03.699114	(00.008077 +- 00.001346)	[00.000462,00.022598]
step                    	    461	08.246593	(00.017888 +- 00.002993)	[00.003975,00.047284]

INFO  Timings:
SM Timing
-----------
00_conversion_livox     	    463	04.942237	(00.010674 +- 00.000656)	[00.007809,00.020918]
01_filter               	    462	00.125494	(00.000272 +- 00.000035)	[00.000116,00.002236]
02_preint               	    460	00.016304	(00.000035 +- 00.000006)	[00.000024,00.000063]
02a_intensity_preprocess	    462	01.136410	(00.002460 +- 00.000344)	[00.000780,00.006182]
03_undistortion         	    460	00.300195	(00.000653 +- 00.000123)	[00.000126,00.002160]
04_sampling             	    459	00.206652	(00.000450 +- 00.000105)	[00.000063,00.002124]
04b_intensity_sampling  	    459	00.300614	(00.000655 +- 00.000127)	[00.000123,00.001617]
05_registration         	    459	01.500187	(00.003268 +- 00.000696)	[00.000749,00.010183]
06_map                  	    459	00.327103	(00.000713 +- 00.000106)	[00.000135,00.003131]
07_imu_opt              	    459	00.592117	(00.001290 +- 00.000349)	[00.000002,00.003554]
08_publish              	    459	03.701129	(00.008063 +- 00.001326)	[00.000462,00.022598]
step                    	    462	08.254037	(00.017866 +- 00.002561)	[00.003975,00.047284]

INFO  Timings:
SM Timing
-----------
00_conversion_livox     	    464	04.951914	(00.010672 +- 00.000643)	[00.007809,00.020918]
01_filter               	    463	00.125698	(00.000271 +- 00.000034)	[00.000116,00.002236]
02_preint               	    461	00.016336	(00.000035 +- 00.000006)	[00.000024,00.000063]
02a_intensity_preprocess	    463	01.137707	(00.002457 +- 00.000335)	[00.000780,00.006182]
03_undistortion         	    461	00.300457	(00.000652 +- 00.000120)	[00.000126,00.002160]
04_sampling             	    460	00.206885	(00.000450 +- 00.000105)	[00.000063,00.002124]
04b_intensity_sampling  	    460	00.300981	(00.000654 +- 00.000127)	[00.000123,00.001617]
05_registration         	    460	01.501740	(00.003265 +- 00.000697)	[00.000749,00.010183]
06_map                  	    460	00.327476	(00.000712 +- 00.000106)	[00.000135,00.003131]
07_imu_opt              	    460	00.593436	(00.001290 +- 00.000316)	[00.000002,00.003554]
08_publish              	    460	03.703500	(00.008051 +- 00.001294)	[00.000462,00.022598]
step                    	    463	08.262122	(00.017845 +- 00.002506)	[00.003975,00.047284]

INFO  Timings:
SM Timing
-----------
00_conversion_livox     	    465	04.961985	(00.010671 +- 00.000640)	[00.007809,00.020918]
01_filter               	    464	00.125888	(00.000271 +- 00.000032)	[00.000116,00.002236]
02_preint               	    462	00.016374	(00.000035 +- 00.000007)	[00.000024,00.000063]
02a_intensity_preprocess	    464	01.139253	(00.002455 +- 00.000329)	[00.000780,00.006182]
03_undistortion         	    462	00.300805	(00.000651 +- 00.000114)	[00.000126,00.002160]
04_sampling             	    461	00.207189	(00.000449 +- 00.000104)	[00.000063,00.002124]
04b_intensity_sampling  	    461	00.301497	(00.000654 +- 00.000119)	[00.000123,00.001617]
05_registration         	    461	01.504114	(00.003263 +- 00.000700)	[00.000749,00.010183]
06_map                  	    461	00.328038	(00.000712 +- 00.000107)	[00.000135,00.003131]
07_imu_opt              	    461	00.595849	(00.001293 +- 00.000328)	[00.000002,00.003554]
08_publish              	    461	03.706929	(00.008041 +- 00.001261)	[00.000462,00.022598]
step                    	    464	08.273903	(00.017832 +- 00.002456)	[00.003975,00.047284]

INFO  Timings:
SM Timing
-----------
00_conversion_livox     	    466	04.972112	(00.010670 +- 00.000640)	[00.007809,00.020918]
01_filter               	    465	00.126135	(00.000271 +- 00.000031)	[00.000116,00.002236]
02_preint               	    463	00.016404	(00.000035 +- 00.000007)	[00.000024,00.000063]
02a_intensity_preprocess	    465	01.141088	(00.002454 +- 00.000325)	[00.000780,00.006182]
03_undistortion         	    463	00.301305	(00.000651 +- 00.000111)	[00.000126,00.002160]
04_sampling             	    462	00.207520	(00.000449 +- 00.000104)	[00.000063,00.002124]
04b_intensity_sampling  	    462	00.301939	(00.000654 +- 00.000117)	[00.000123,00.001617]
05_registration         	    462	01.505918	(00.003260 +- 00.000697)	[00.000749,00.010183]
06_map                  	    462	00.328560	(00.000711 +- 00.000106)	[00.000135,00.003131]
07_imu_opt              	    462	00.597451	(00.001293 +- 00.000330)	[00.000002,00.003554]
08_publish              	    462	03.711727	(00.008034 +- 00.001237)	[00.000462,00.022598]
step                    	    465	08.286081	(00.017820 +- 00.002410)	[00.003975,00.047284]

INFO  Timings:
SM Timing
-----------
00_conversion_livox     	    467	04.981931	(00.010668 +- 00.000634)	[00.007809,00.020918]
01_filter               	    466	00.126383	(00.000271 +- 00.000032)	[00.000116,00.002236]
02_preint               	    464	00.016444	(00.000035 +- 00.000007)	[00.000024,00.000063]
02a_intensity_preprocess	    466	01.143770	(00.002454 +- 00.000362)	[00.000780,00.006182]
03_undistortion         	    464	00.301867	(00.000651 +- 00.000111)	[00.000126,00.002160]
04_sampling             	    463	00.207887	(00.000449 +- 00.000105)	[00.000063,00.002124]
04b_intensity_sampling  	    463	00.302554	(00.000653 +- 00.000121)	[00.000123,00.001617]
05_registration         	    463	01.507710	(00.003256 +- 00.000695)	[00.000749,00.010183]
06_map                  	    463	00.329178	(00.000711 +- 00.000109)	[00.000135,00.003131]
07_imu_opt              	    463	00.598735	(00.001293 +- 00.000329)	[00.000002,00.003554]
08_publish              	    463	03.717806	(00.008030 +- 00.001272)	[00.000462,00.022598]
step                    	    466	08.300427	(00.017812 +- 00.002475)	[00.003975,00.047284]

INFO  Timings:
SM Timing
-----------
00_conversion_livox     	    468	04.992310	(00.010667 +- 00.000636)	[00.007809,00.020918]
01_filter               	    467	00.126608	(00.000271 +- 00.000031)	[00.000116,00.002236]
02_preint               	    465	00.016481	(00.000035 +- 00.000007)	[00.000024,00.000063]
02a_intensity_preprocess	    467	01.145943	(00.002454 +- 00.000372)	[00.000780,00.006182]
03_undistortion         	    465	00.302428	(00.000650 +- 00.000112)	[00.000126,00.002160]
04_sampling             	    464	00.208327	(00.000449 +- 00.000107)	[00.000063,00.002124]
04b_intensity_sampling  	    464	00.303320	(00.000654 +- 00.000132)	[00.000123,00.001617]
05_registration         	    464	01.509495	(00.003253 +- 00.000695)	[00.000749,00.010183]
06_map                  	    464	00.329790	(00.000711 +- 00.000109)	[00.000135,00.003131]
07_imu_opt              	    464	00.600428	(00.001294 +- 00.000334)	[00.000002,00.003554]
08_publish              	    464	03.724613	(00.008027 +- 00.001350)	[00.000462,00.022598]
step                    	    467	08.315608	(00.017806 +- 00.002575)	[00.003975,00.047284]

INFO  Timings:
SM Timing
-----------
00_conversion_livox     	    469	05.002255	(00.010666 +- 00.000636)	[00.007809,00.020918]
01_filter               	    468	00.126856	(00.000271 +- 00.000032)	[00.000116,00.002236]
02_preint               	    466	00.016514	(00.000035 +- 00.000007)	[00.000024,00.000063]
02a_intensity_preprocess	    468	01.148201	(00.002453 +- 00.000384)	[00.000780,00.006182]
03_undistortion         	    466	00.303034	(00.000650 +- 00.000116)	[00.000126,00.002160]
04_sampling             	    465	00.208739	(00.000449 +- 00.000109)	[00.000063,00.002124]
04b_intensity_sampling  	    465	00.304047	(00.000654 +- 00.000140)	[00.000123,00.001617]
05_registration         	    465	01.512458	(00.003253 +- 00.000707)	[00.000749,00.010183]
06_map                  	    465	00.330631	(00.000711 +- 00.000124)	[00.000135,00.003131]
07_imu_opt              	    465	00.601901	(00.001294 +- 00.000331)	[00.000002,00.003554]
08_publish              	    465	03.731966	(00.008026 +- 00.001460)	[00.000462,00.022598]
step                    	    468	08.332614	(00.017805 +- 00.002747)	[00.003975,00.047284]

INFO  Timings:
SM Timing
-----------
00_conversion_livox     	    470	05.012850	(00.010666 +- 00.000643)	[00.007809,00.020918]
01_filter               	    469	00.127097	(00.000271 +- 00.000032)	[00.000116,00.002236]
02_preint               	    467	00.016553	(00.000035 +- 00.000007)	[00.000024,00.000063]
02a_intensity_preprocess	    469	01.150497	(00.002453 +- 00.000400)	[00.000780,00.006182]
03_undistortion         	    467	00.303676	(00.000650 +- 00.000124)	[00.000126,00.002160]
04_sampling             	    466	00.209180	(00.000449 +- 00.000112)	[00.000063,00.002124]
04b_intensity_sampling  	    466	00.304611	(00.000654 +- 00.000142)	[00.000123,00.001617]
05_registration         	    466	01.514776	(00.003251 +- 00.000636)	[00.000749,00.010183]
06_map                  	    466	00.331204	(00.000711 +- 00.000126)	[00.000135,00.003131]
07_imu_opt              	    466	00.603679	(00.001295 +- 00.000306)	[00.000002,00.003554]
08_publish              	    466	03.739178	(00.008024 +- 00.001557)	[00.000462,00.022598]
step                    	    469	08.348789	(00.017801 +- 00.002824)	[00.003975,00.047284]

INFO  Timings:
SM Timing
-----------
00_conversion_livox     	    471	05.023624	(00.010666 +- 00.000651)	[00.007809,00.020918]
01_filter               	    470	00.127325	(00.000271 +- 00.000033)	[00.000116,00.002236]
02_preint               	    468	00.016591	(00.000035 +- 00.000007)	[00.000024,00.000063]
02a_intensity_preprocess	    470	01.152657	(00.002452 +- 00.000410)	[00.000780,00.006182]
03_undistortion         	    468	00.304397	(00.000650 +- 00.000136)	[00.000126,00.002160]
04_sampling             	    467	00.209546	(00.000449 +- 00.000113)	[00.000063,00.002124]
04b_intensity_sampling  	    467	00.305285	(00.000654 +- 00.000147)	[00.000123,00.001617]
05_registration         	    467	01.516874	(00.003248 +- 00.000635)	[00.000749,00.010183]
06_map                  	    467	00.331784	(00.000710 +- 00.000128)	[00.000135,00.003131]
07_imu_opt              	    467	00.605161	(00.001296 +- 00.000280)	[00.000002,00.003554]
08_publish              	    467	03.745533	(00.008020 +- 00.001612)	[00.000462,00.022598]
step                    	    470	08.363571	(00.017795 +- 00.002899)	[00.003975,00.047284]

INFO  Timings:
SM Timing
-----------
00_conversion_livox     	    472	05.034336	(00.010666 +- 00.000656)	[00.007809,00.020918]
01_filter               	    471	00.127543	(00.000271 +- 00.000033)	[00.000116,00.002236]
02_preint               	    469	00.016625	(00.000035 +- 00.000007)	[00.000024,00.000063]
02a_intensity_preprocess	    471	01.154475	(00.002451 +- 00.000411)	[00.000780,00.006182]
03_undistortion         	    469	00.304812	(00.000650 +- 00.000136)	[00.000126,00.002160]
04_sampling             	    468	00.209808	(00.000448 +- 00.000113)	[00.000063,00.002124]
04b_intensity_sampling  	    468	00.305760	(00.000653 +- 00.000147)	[00.000123,00.001617]
05_registration         	    468	01.519797	(00.003247 +- 00.000613)	[00.000749,00.010183]
06_map                  	    468	00.332264	(00.000710 +- 00.000128)	[00.000135,00.003131]
07_imu_opt              	    468	00.607509	(00.001298 +- 00.000316)	[00.000002,00.003554]
08_publish              	    468	03.750274	(00.008013 +- 00.001623)	[00.000462,00.022598]
step                    	    471	08.377337	(00.017786 +- 00.002935)	[00.003975,00.047284]

INFO  Timings:
SM Timing
-----------
00_conversion_livox     	    473	05.044862	(00.010666 +- 00.000655)	[00.007809,00.020918]
01_filter               	    472	00.127742	(00.000271 +- 00.000033)	[00.000116,00.002236]
02_preint               	    470	00.016654	(00.000035 +- 00.000006)	[00.000024,00.000063]
02a_intensity_preprocess	    472	01.156028	(00.002449 +- 00.000411)	[00.000780,00.006182]
03_undistortion         	    470	00.305119	(00.000649 +- 00.000136)	[00.000126,00.002160]
04_sampling             	    469	00.210030	(00.000448 +- 00.000113)	[00.000063,00.002124]
04b_intensity_sampling  	    469	00.306112	(00.000653 +- 00.000147)	[00.000123,00.001617]
05_registration         	    469	01.521661	(00.003244 +- 00.000613)	[00.000749,00.010183]
06_map                  	    469	00.332581	(00.000709 +- 00.000129)	[00.000135,00.003131]
07_imu_opt              	    469	00.609221	(00.001299 +- 00.000321)	[00.000002,00.003554]
08_publish              	    469	03.753481	(00.008003 +- 00.001623)	[00.000462,00.022598]
step                    	    472	08.387166	(00.017769 +- 00.002935)	[00.003975,00.047284]

INFO  Timings:
SM Timing
-----------
00_conversion_livox     	    474	05.055344	(00.010665 +- 00.000652)	[00.007809,00.020918]
01_filter               	    473	00.127917	(00.000270 +- 00.000033)	[00.000116,00.002236]
02_preint               	    471	00.016691	(00.000035 +- 00.000006)	[00.000024,00.000063]
02a_intensity_preprocess	    473	01.157389	(00.002447 +- 00.000411)	[00.000780,00.006182]
03_undistortion         	    471	00.305385	(00.000648 +- 00.000137)	[00.000126,00.002160]
04_sampling             	    470	00.210256	(00.000447 +- 00.000113)	[00.000063,00.002124]
04b_intensity_sampling  	    470	00.306426	(00.000652 +- 00.000148)	[00.000123,00.001617]
05_registration         	    470	01.524195	(00.003243 +- 00.000616)	[00.000749,00.010183]
06_map                  	    470	00.333055	(00.000709 +- 00.000129)	[00.000135,00.003131]
07_imu_opt              	    470	00.610488	(00.001299 +- 00.000320)	[00.000002,00.003554]
08_publish              	    470	03.755892	(00.007991 +- 00.001628)	[00.000462,00.022598]
step                    	    473	08.396299	(00.017751 +- 00.002936)	[00.003975,00.047284]

INFO  Timings:
SM Timing
-----------
00_conversion_livox     	    475	05.066001	(00.010665 +- 00.000656)	[00.007809,00.020918]
01_filter               	    474	00.128079	(00.000270 +- 00.000033)	[00.000116,00.002236]
02_preint               	    472	00.016727	(00.000035 +- 00.000006)	[00.000024,00.000063]
02a_intensity_preprocess	    474	01.158699	(00.002445 +- 00.000412)	[00.000780,00.006182]
03_undistortion         	    472	00.305626	(00.000648 +- 00.000137)	[00.000126,00.002160]
04_sampling             	    471	00.210418	(00.000447 +- 00.000104)	[00.000063,00.002124]
04b_intensity_sampling  	    471	00.306730	(00.000651 +- 00.000148)	[00.000123,00.001617]
05_registration         	    471	01.525789	(00.003239 +- 00.000598)	[00.000749,00.010183]
06_map                  	    471	00.333341	(00.000708 +- 00.000129)	[00.000135,00.003131]
07_imu_opt              	    471	00.612045	(00.001299 +- 00.000322)	[00.000002,00.003554]
08_publish              	    471	03.758009	(00.007979 +- 00.001636)	[00.000462,00.022598]
step                    	    474	08.404129	(00.017730 +- 00.002944)	[00.003975,00.047284]

INFO  Timings:
SM Timing
-----------
00_conversion_livox     	    476	05.076367	(00.010665 +- 00.000653)	[00.007809,00.020918]
01_filter               	    475	00.128233	(00.000270 +- 00.000034)	[00.000116,00.002236]
02_preint               	    473	00.016764	(00.000035 +- 00.000006)	[00.000024,00.000063]
02a_intensity_preprocess	    475	01.159954	(00.002442 +- 00.000413)	[00.000780,00.006182]
03_undistortion         	    473	00.305867	(00.000647 +- 00.000138)	[00.000126,00.002160]
04_sampling             	    472	00.210586	(00.000446 +- 00.000105)	[00.000063,00.002124]
04b_intensity_sampling  	    472	00.307046	(00.000651 +- 00.000148)	[00.000123,00.001617]
05_registration         	    472	01.526765	(00.003235 +- 00.000602)	[00.000749,00.010183]
06_map                  	    472	00.333635	(00.000707 +- 00.000130)	[00.000135,00.003131]
07_imu_opt              	    472	00.613484	(00.001300 +- 00.000322)	[00.000002,00.003554]
08_publish              	    472	03.759993	(00.007966 +- 00.001644)	[00.000462,00.022598]
step                    	    475	08.411057	(00.017707 +- 00.002962)	[00.003975,00.047284]

INFO  Timings:
SM Timing
-----------
00_conversion_livox     	    477	05.086213	(00.010663 +- 00.000652)	[00.007809,00.020918]
01_filter               	    476	00.128403	(00.000270 +- 00.000034)	[00.000116,00.002236]
02_preint               	    474	00.016792	(00.000035 +- 00.000006)	[00.000024,00.000063]
02a_intensity_preprocess	    476	01.161108	(00.002439 +- 00.000416)	[00.000780,00.006182]
03_undistortion         	    474	00.306242	(00.000646 +- 00.000138)	[00.000126,00.002160]
04_sampling             	    473	00.210918	(00.000446 +- 00.000105)	[00.000063,00.002124]
04b_intensity_sampling  	    473	00.307407	(00.000650 +- 00.000148)	[00.000123,00.001617]
05_registration         	    473	01.528926	(00.003232 +- 00.000589)	[00.000749,00.010183]
06_map                  	    473	00.334120	(00.000706 +- 00.000131)	[00.000135,00.003131]
07_imu_opt              	    473	00.614583	(00.001299 +- 00.000323)	[00.000002,00.003554]
08_publish              	    473	03.761974	(00.007953 +- 00.001654)	[00.000462,00.022598]
step                    	    476	08.419271	(00.017688 +- 00.002967)	[00.003975,00.047284]

INFO  Timings:
SM Timing
-----------
00_conversion_livox     	    478	05.095870	(00.010661 +- 00.000653)	[00.007809,00.020918]
01_filter               	    477	00.128554	(00.000270 +- 00.000033)	[00.000116,00.002236]
02_preint               	    475	00.016829	(00.000035 +- 00.000006)	[00.000024,00.000063]
02a_intensity_preprocess	    477	01.162319	(00.002437 +- 00.000417)	[00.000780,00.006182]
03_undistortion         	    475	00.306483	(00.000645 +- 00.000138)	[00.000126,00.002160]
04_sampling             	    474	00.211144	(00.000445 +- 00.000105)	[00.000063,00.002124]
04b_intensity_sampling  	    474	00.307708	(00.000649 +- 00.000149)	[00.000123,00.001617]
05_registration         	    474	01.530567	(00.003229 +- 00.000584)	[00.000749,00.010183]
06_map                  	    474	00.334412	(00.000706 +- 00.000131)	[00.000135,00.003131]
07_imu_opt              	    474	00.616157	(00.001300 +- 00.000324)	[00.000002,00.003554]
08_publish              	    474	03.764046	(00.007941 +- 00.001662)	[00.000462,00.022598]
step                    	    477	08.427070	(00.017667 +- 00.002977)	[00.003975,00.047284]

INFO  Timings:
SM Timing
-----------
00_conversion_livox     	    479	05.105482	(00.010659 +- 00.000654)	[00.007809,00.020918]
01_filter               	    478	00.128739	(00.000269 +- 00.000033)	[00.000116,00.002236]
02_preint               	    476	00.016866	(00.000035 +- 00.000006)	[00.000024,00.000063]
02a_intensity_preprocess	    478	01.163644	(00.002434 +- 00.000417)	[00.000780,00.006182]
03_undistortion         	    476	00.306733	(00.000644 +- 00.000138)	[00.000126,00.002160]
04_sampling             	    475	00.211369	(00.000445 +- 00.000103)	[00.000063,00.002124]
04b_intensity_sampling  	    475	00.308016	(00.000648 +- 00.000149)	[00.000123,00.001617]
05_registration         	    475	01.531835	(00.003225 +- 00.000587)	[00.000749,00.010183]
06_map                  	    475	00.334751	(00.000705 +- 00.000132)	[00.000135,00.003131]
07_imu_opt              	    475	00.617488	(00.001300 +- 00.000324)	[00.000002,00.003554]
08_publish              	    475	03.766392	(00.007929 +- 00.001660)	[00.000462,00.022598]
step                    	    478	08.434742	(00.017646 +- 00.002978)	[00.003975,00.047284]

INFO  Timings:
SM Timing
-----------
00_conversion_livox     	    480	05.115174	(00.010657 +- 00.000655)	[00.007809,00.020918]
01_filter               	    479	00.128912	(00.000269 +- 00.000033)	[00.000116,00.002236]
02_preint               	    477	00.016901	(00.000035 +- 00.000006)	[00.000024,00.000063]
02a_intensity_preprocess	    479	01.164954	(00.002432 +- 00.000416)	[00.000780,00.006182]
03_undistortion         	    477	00.307042	(00.000644 +- 00.000138)	[00.000126,00.002160]
04_sampling             	    476	00.211589	(00.000445 +- 00.000103)	[00.000063,00.002124]
04b_intensity_sampling  	    476	00.308360	(00.000648 +- 00.000150)	[00.000123,00.001617]
05_registration         	    476	01.533700	(00.003222 +- 00.000584)	[00.000749,00.010183]
06_map                  	    476	00.335098	(00.000704 +- 00.000131)	[00.000135,00.003131]
07_imu_opt              	    476	00.619307	(00.001301 +- 00.000330)	[00.000002,00.003554]
08_publish              	    476	03.768797	(00.007918 +- 00.001654)	[00.000462,00.022598]
step                    	    479	08.443623	(00.017628 +- 00.002975)	[00.003975,00.047284]

INFO  Timings:
SM Timing
-----------
00_conversion_livox     	    481	05.124765	(00.010654 +- 00.000656)	[00.007809,00.020918]
01_filter               	    480	00.129094	(00.000269 +- 00.000033)	[00.000116,00.002236]
02_preint               	    478	00.016927	(00.000035 +- 00.000006)	[00.000024,00.000063]
02a_intensity_preprocess	    480	01.166173	(00.002430 +- 00.000415)	[00.000780,00.006182]
03_undistortion         	    478	00.307296	(00.000643 +- 00.000138)	[00.000126,00.002160]
04_sampling             	    477	00.211803	(00.000444 +- 00.000101)	[00.000063,00.002124]
04b_intensity_sampling  	    477	00.308682	(00.000647 +- 00.000150)	[00.000123,00.001617]
05_registration         	    477	01.535248	(00.003219 +- 00.000585)	[00.000749,00.010183]
06_map                  	    477	00.335486	(00.000703 +- 00.000129)	[00.000135,00.003131]
07_imu_opt              	    477	00.620816	(00.001302 +- 00.000316)	[00.000002,00.003554]
08_publish              	    477	03.770956	(00.007906 +- 00.001647)	[00.000462,00.022598]
step                    	    480	08.451495	(00.017607 +- 00.002953)	[00.003975,00.047284]

INFO  Timings:
SM Timing
-----------
00_conversion_livox     	    482	05.134075	(00.010652 +- 00.000661)	[00.007809,00.020918]
01_filter               	    481	00.129302	(00.000269 +- 00.000033)	[00.000116,00.002236]
02_preint               	    479	00.016963	(00.000035 +- 00.000006)	[00.000024,00.000063]
02a_intensity_preprocess	    481	01.167419	(00.002427 +- 00.000414)	[00.000780,00.006182]
03_undistortion         	    479	00.307547	(00.000642 +- 00.000138)	[00.000126,00.002160]
04_sampling             	    478	00.212010	(00.000444 +- 00.000099)	[00.000063,00.002124]
04b_intensity_sampling  	    478	00.308976	(00.000646 +- 00.000150)	[00.000123,00.001617]
05_registration         	    478	01.536229	(00.003214 +- 00.000594)	[00.000749,00.010183]
06_map                  	    478	00.335802	(00.000703 +- 00.000129)	[00.000135,00.003131]
07_imu_opt              	    478	00.621915	(00.001301 +- 00.000316)	[00.000002,00.003554]
08_publish              	    478	03.773003	(00.007893 +- 00.001643)	[00.000462,00.022598]
step                    	    481	08.458221	(00.017585 +- 00.002968)	[00.003975,00.047284]

INFO  Timings:
SM Timing
-----------
00_conversion_livox     	    483	05.143502	(00.010649 +- 00.000664)	[00.007809,00.020918]
01_filter               	    482	00.129462	(00.000269 +- 00.000032)	[00.000116,00.002236]
02_preint               	    480	00.016991	(00.000035 +- 00.000006)	[00.000024,00.000063]
02a_intensity_preprocess	    482	01.168638	(00.002425 +- 00.000413)	[00.000780,00.006182]
03_undistortion         	    480	00.307808	(00.000641 +- 00.000138)	[00.000126,00.002160]
04_sampling             	    479	00.212166	(00.000443 +- 00.000097)	[00.000063,00.002124]
04b_intensity_sampling  	    479	00.309222	(00.000646 +- 00.000138)	[00.000123,00.001617]
05_registration         	    479	01.537529	(00.003210 +- 00.000591)	[00.000749,00.010183]
06_map                  	    479	00.336143	(00.000702 +- 00.000129)	[00.000135,00.003131]
07_imu_opt              	    479	00.623014	(00.001301 +- 00.000317)	[00.000002,00.003554]
08_publish              	    479	03.774934	(00.007881 +- 00.001641)	[00.000462,00.022598]
step                    	    482	08.465027	(00.017562 +- 00.002961)	[00.003975,00.047284]

INFO  Timings:
SM Timing
-----------
00_conversion_livox     	    484	05.152802	(00.010646 +- 00.000669)	[00.007809,00.020918]
01_filter               	    483	00.129630	(00.000268 +- 00.000030)	[00.000116,00.002236]
02_preint               	    481	00.017021	(00.000035 +- 00.000006)	[00.000024,00.000063]
02a_intensity_preprocess	    483	01.169802	(00.002422 +- 00.000411)	[00.000780,00.006182]
03_undistortion         	    481	00.308006	(00.000640 +- 00.000139)	[00.000126,00.002160]
04_sampling             	    480	00.212275	(00.000442 +- 00.000099)	[00.000063,00.002124]
04b_intensity_sampling  	    480	00.309463	(00.000645 +- 00.000135)	[00.000123,00.001617]
05_registration         	    480	01.538845	(00.003206 +- 00.000591)	[00.000749,00.010183]
06_map                  	    480	00.336430	(00.000701 +- 00.000130)	[00.000135,00.003131]
07_imu_opt              	    480	00.624198	(00.001300 +- 00.000318)	[00.000002,00.003554]
08_publish              	    480	03.776689	(00.007868 +- 00.001643)	[00.000462,00.022598]
step                    	    483	08.471546	(00.017539 +- 00.002977)	[00.003975,00.047284]

INFO  Timings:
SM Timing
-----------
00_conversion_livox     	    485	05.162270	(00.010644 +- 00.000671)	[00.007809,00.020918]
01_filter               	    484	00.129782	(00.000268 +- 00.000030)	[00.000116,00.002236]
02_preint               	    482	00.017058	(00.000035 +- 00.000006)	[00.000024,00.000063]
02a_intensity_preprocess	    484	01.170895	(00.002419 +- 00.000412)	[00.000780,00.006182]
03_undistortion         	    482	00.308258	(00.000640 +- 00.000140)	[00.000126,00.002160]
04_sampling             	    481	00.212453	(00.000442 +- 00.000099)	[00.000063,00.002124]
04b_intensity_sampling  	    481	00.309756	(00.000644 +- 00.000135)	[00.000123,00.001617]
05_registration         	    481	01.540567	(00.003203 +- 00.000589)	[00.000749,00.010183]
06_map                  	    481	00.336748	(00.000700 +- 00.000130)	[00.000135,00.003131]
07_imu_opt              	    481	00.625638	(00.001301 +- 00.000317)	[00.000002,00.003554]
08_publish              	    481	03.778148	(00.007855 +- 00.001649)	[00.000462,00.022598]
step                    	    484	08.478544	(00.017518 +- 00.002987)	[00.003975,00.047284]

INFO  Timings:
SM Timing
-----------
00_conversion_livox     	    486	05.171571	(00.010641 +- 00.000635)	[00.007809,00.020918]
01_filter               	    485	00.129958	(00.000268 +- 00.000030)	[00.000116,00.002236]
02_preint               	    483	00.017104	(00.000035 +- 00.000006)	[00.000024,00.000063]
02a_intensity_preprocess	    485	01.171929	(00.002416 +- 00.000405)	[00.000780,00.006182]
03_undistortion         	    483	00.308441	(00.000639 +- 00.000141)	[00.000126,00.002160]
04_sampling             	    482	00.212548	(00.000441 +- 00.000100)	[00.000063,00.002124]
04b_intensity_sampling  	    482	00.309963	(00.000643 +- 00.000135)	[00.000123,00.001617]
05_registration         	    482	01.541235	(00.003198 +- 00.000607)	[00.000667,00.010183]
06_map                  	    482	00.337002	(00.000699 +- 00.000130)	[00.000135,00.003131]
07_imu_opt              	    482	00.626923	(00.001301 +- 00.000317)	[00.000002,00.003554]
08_publish              	    482	03.779466	(00.007841 +- 00.001650)	[00.000462,00.022598]
step                    	    485	08.483868	(00.017493 +- 00.003017)	[00.003975,00.047284]

INFO  Timings:
SM Timing
-----------
00_conversion_livox     	    487	05.180793	(00.010638 +- 00.000616)	[00.007809,00.020918]
01_filter               	    486	00.130106	(00.000268 +- 00.000030)	[00.000116,00.002236]
02_preint               	    484	00.017140	(00.000035 +- 00.000006)	[00.000024,00.000063]
02a_intensity_preprocess	    486	01.172961	(00.002414 +- 00.000400)	[00.000780,00.006182]
03_undistortion         	    484	00.308714	(00.000638 +- 00.000140)	[00.000126,00.002160]
04_sampling             	    483	00.212700	(00.000440 +- 00.000099)	[00.000063,00.002124]
04b_intensity_sampling  	    483	00.310285	(00.000642 +- 00.000130)	[00.000123,00.001617]
05_registration         	    483	01.542272	(00.003193 +- 00.000616)	[00.000667,00.010183]
06_map                  	    483	00.337314	(00.000698 +- 00.000128)	[00.000135,00.003131]
07_imu_opt              	    483	00.627979	(00.001300 +- 00.000314)	[00.000002,00.003554]
08_publish              	    483	03.780753	(00.007828 +- 00.001644)	[00.000462,00.022598]
step                    	    486	08.489575	(00.017468 +- 00.003007)	[00.003975,00.047284]

INFO  Timings:
SM Timing
-----------
00_conversion_livox     	    488	05.189828	(00.010635 +- 00.000570)	[00.007809,00.020918]
01_filter               	    487	00.130253	(00.000267 +- 00.000031)	[00.000116,00.002236]
02_preint               	    485	00.017177	(00.000035 +- 00.000006)	[00.000024,00.000063]
02a_intensity_preprocess	    487	01.174019	(00.002411 +- 00.000401)	[00.000780,00.006182]
03_undistortion         	    485	00.308926	(00.000637 +- 00.000141)	[00.000126,00.002160]
04_sampling             	    484	00.212807	(00.000440 +- 00.000100)	[00.000063,00.002124]
04b_intensity_sampling  	    484	00.310509	(00.000642 +- 00.000131)	[00.000123,00.001617]
05_registration         	    484	01.543426	(00.003189 +- 00.000620)	[00.000667,00.010183]
06_map                  	    484	00.337589	(00.000697 +- 00.000127)	[00.000135,00.003131]
07_imu_opt              	    484	00.629526	(00.001301 +- 00.000315)	[00.000002,00.003554]
08_publish              	    484	03.781989	(00.007814 +- 00.001637)	[00.000462,00.022598]
step                    	    487	08.495643	(00.017445 +- 00.003018)	[00.003975,00.047284]

INFO  Timings:
SM Timing
-----------
00_conversion_livox     	    489	05.199351	(00.010633 +- 00.000569)	[00.007809,00.020918]
01_filter               	    488	00.130400	(00.000267 +- 00.000031)	[00.000116,00.002236]
02_preint               	    486	00.017205	(00.000035 +- 00.000006)	[00.000024,00.000063]
02a_intensity_preprocess	    488	01.175028	(00.002408 +- 00.000402)	[00.000780,00.006182]
03_undistortion         	    486	00.309106	(00.000636 +- 00.000136)	[00.000126,00.002160]
04_sampling             	    485	00.212939	(00.000439 +- 00.000100)	[00.000063,00.002124]
04b_intensity_sampling  	    485	00.310749	(00.000641 +- 00.000131)	[00.000123,00.001617]
05_registration         	    485	01.544658	(00.003185 +- 00.000584)	[00.000667,00.010183]
06_map                  	    485	00.337861	(00.000697 +- 00.000128)	[00.000135,00.003131]
07_imu_opt              	    485	00.630640	(00.001300 +- 00.000316)	[00.000002,00.003554]
08_publish              	    485	03.783061	(00.007800 +- 00.001647)	[00.000462,00.022598]
step                    	    488	08.501120	(00.017420 +- 00.003018)	[00.003975,00.047284]

INFO  Timings:
SM Timing
-----------
00_conversion_livox     	    490	05.208838	(00.010630 +- 00.000570)	[00.007809,00.020918]
01_filter               	    489	00.130557	(00.000267 +- 00.000031)	[00.000116,00.002236]
02_preint               	    487	00.017232	(00.000035 +- 00.000006)	[00.000024,00.000063]
02a_intensity_preprocess	    489	01.176015	(00.002405 +- 00.000404)	[00.000780,00.006182]
03_undistortion         	    487	00.309278	(00.000635 +- 00.000134)	[00.000126,00.002160]
04_sampling             	    486	00.213026	(00.000438 +- 00.000093)	[00.000063,00.002124]
04b_intensity_sampling  	    486	00.310939	(00.000640 +- 00.000133)	[00.000123,00.001617]
05_registration         	    486	01.545719	(00.003180 +- 00.000569)	[00.000667,00.010183]
06_map                  	    486	00.338037	(00.000696 +- 00.000128)	[00.000135,00.003131]
07_imu_opt              	    486	00.631985	(00.001300 +- 00.000315)	[00.000002,00.003554]
08_publish              	    486	03.784118	(00.007786 +- 00.001641)	[00.000462,00.022598]
step                    	    489	08.506433	(00.017396 +- 00.002998)	[00.003975,00.047284]

INFO  Timings:
SM Timing
-----------
00_conversion_livox     	    491	05.218454	(00.010628 +- 00.000558)	[00.007809,00.020918]
01_filter               	    490	00.130685	(00.000267 +- 00.000031)	[00.000116,00.002236]
02_preint               	    488	00.017269	(00.000035 +- 00.000005)	[00.000024,00.000063]
02a_intensity_preprocess	    490	01.176987	(00.002402 +- 00.000395)	[00.000780,00.006182]
03_undistortion         	    488	00.309493	(00.000634 +- 00.000133)	[00.000126,00.002160]
04_sampling             	    487	00.213261	(00.000438 +- 00.000092)	[00.000063,00.002124]
04b_intensity_sampling  	    487	00.311198	(00.000639 +- 00.000131)	[00.000123,00.001617]
05_registration         	    487	01.546833	(00.003176 +- 00.000572)	[00.000667,00.010183]
06_map                  	    487	00.338332	(00.000695 +- 00.000129)	[00.000135,00.003131]
07_imu_opt              	    487	00.633687	(00.001301 +- 00.000320)	[00.000002,00.003554]
08_publish              	    487	03.785165	(00.007772 +- 00.001646)	[00.000462,00.022598]
step                    	    490	08.512501	(00.017372 +- 00.002991)	[00.003975,00.047284]

INFO  Timings:
SM Timing
-----------
00_conversion_livox     	    492	05.227848	(00.010626 +- 00.000509)	[00.007809,00.020918]
01_filter               	    491	00.130845	(00.000266 +- 00.000030)	[00.000116,00.002236]
02_preint               	    489	00.017295	(00.000035 +- 00.000005)	[00.000024,00.000063]
02a_intensity_preprocess	    491	01.177953	(00.002399 +- 00.000397)	[00.000780,00.006182]
03_undistortion         	    489	00.309699	(00.000633 +- 00.000134)	[00.000126,00.002160]
04_sampling             	    488	00.213398	(00.000437 +- 00.000092)	[00.000063,00.002124]
04b_intensity_sampling  	    488	00.311449	(00.000638 +- 00.000131)	[00.000123,00.001617]
05_registration         	    488	01.548911	(00.003174 +- 00.000573)	[00.000667,00.010183]
06_map                  	    488	00.338666	(00.000694 +- 00.000128)	[00.000135,00.003131]
07_imu_opt              	    488	00.634850	(00.001301 +- 00.000321)	[00.000002,00.003554]
08_publish              	    488	03.786293	(00.007759 +- 00.001641)	[00.000462,00.022598]
step                    	    491	08.518997	(00.017350 +- 00.002982)	[00.003975,00.047284]

INFO  Timings:
SM Timing
-----------
00_conversion_livox     	    493	05.237154	(00.010623 +- 00.000512)	[00.007809,00.020918]
01_filter               	    492	00.131007	(00.000266 +- 00.000030)	[00.000116,00.002236]
02_preint               	    490	00.017342	(00.000035 +- 00.000005)	[00.000024,00.000063]
02a_intensity_preprocess	    492	01.179081	(00.002397 +- 00.000397)	[00.000780,00.006182]
03_undistortion         	    490	00.309911	(00.000632 +- 00.000134)	[00.000126,00.002160]
04_sampling             	    489	00.213530	(00.000437 +- 00.000092)	[00.000063,00.002124]
04b_intensity_sampling  	    489	00.311712	(00.000637 +- 00.000132)	[00.000123,00.001617]
05_registration         	    489	01.550373	(00.003170 +- 00.000574)	[00.000667,00.010183]
06_map                  	    489	00.338896	(00.000693 +- 00.000129)	[00.000135,00.003131]
07_imu_opt              	    489	00.635950	(00.001301 +- 00.000321)	[00.000002,00.003554]
08_publish              	    489	03.787637	(00.007746 +- 00.001645)	[00.000462,00.022598]
step                    	    492	08.525136	(00.017328 +- 00.002994)	[00.003975,00.047284]

INFO  Timings:
SM Timing
-----------
00_conversion_livox     	    494	05.246682	(00.010621 +- 00.000463)	[00.007809,00.020918]
01_filter               	    493	00.131191	(00.000266 +- 00.000030)	[00.000116,00.002236]
02_preint               	    491	00.017370	(00.000035 +- 00.000005)	[00.000024,00.000063]
02a_intensity_preprocess	    493	01.180172	(00.002394 +- 00.000398)	[00.000780,00.006182]
03_undistortion         	    491	00.310114	(00.000632 +- 00.000130)	[00.000126,00.002160]
04_sampling             	    490	00.213624	(00.000436 +- 00.000093)	[00.000063,00.002124]
04b_intensity_sampling  	    490	00.311993	(00.000637 +- 00.000132)	[00.000123,00.001617]
05_registration         	    490	01.551316	(00.003166 +- 00.000581)	[00.000667,00.010183]
06_map                  	    490	00.339166	(00.000692 +- 00.000130)	[00.000135,00.003131]
07_imu_opt              	    490	00.637104	(00.001300 +- 00.000321)	[00.000002,00.003554]
08_publish              	    490	03.789069	(00.007733 +- 00.001648)	[00.000462,00.022598]
step                    	    493	08.530876	(00.017304 +- 00.003012)	[00.003975,00.047284]

INFO  Timings:
SM Timing
-----------
00_conversion_livox     	    495	05.256682	(00.010620 +- 00.000460)	[00.007809,00.020918]
01_filter               	    494	00.131365	(00.000266 +- 00.000030)	[00.000116,00.002236]
02_preint               	    492	00.017399	(00.000035 +- 00.000005)	[00.000024,00.000063]
02a_intensity_preprocess	    494	01.181295	(00.002391 +- 00.000398)	[00.000780,00.006182]
03_undistortion         	    492	00.310336	(00.000631 +- 00.000130)	[00.000126,00.002160]
04_sampling             	    491	00.213729	(00.000435 +- 00.000093)	[00.000063,00.002124]
04b_intensity_sampling  	    491	00.312276	(00.000636 +- 00.000132)	[00.000123,00.001617]
05_registration         	    491	01.552569	(00.003162 +- 00.000583)	[00.000667,00.010183]
06_map                  	    491	00.339504	(00.000691 +- 00.000129)	[00.000135,00.003131]
07_imu_opt              	    491	00.638729	(00.001301 +- 00.000322)	[00.000002,00.003554]
08_publish              	    491	03.790598	(00.007720 +- 00.001652)	[00.000462,00.022598]
step                    	    494	08.537623	(00.017283 +- 00.003018)	[00.003975,00.047284]

INFO  Timings:
SM Timing
-----------
00_conversion_livox     	    496	05.266830	(00.010619 +- 00.000461)	[00.007809,00.020918]
01_filter               	    495	00.131536	(00.000266 +- 00.000030)	[00.000116,00.002236]
02_preint               	    493	00.017436	(00.000035 +- 00.000005)	[00.000024,00.000063]
02a_intensity_preprocess	    495	01.182373	(00.002389 +- 00.000399)	[00.000780,00.006182]
03_undistortion         	    493	00.310602	(00.000630 +- 00.000130)	[00.000126,00.002160]
04_sampling             	    492	00.213863	(00.000435 +- 00.000092)	[00.000063,00.002124]
04b_intensity_sampling  	    492	00.312555	(00.000635 +- 00.000132)	[00.000123,00.001617]
05_registration         	    492	01.553405	(00.003157 +- 00.000594)	[00.000667,00.010183]
06_map                  	    492	00.339861	(00.000691 +- 00.000129)	[00.000135,00.003131]
07_imu_opt              	    492	00.639892	(00.001301 +- 00.000321)	[00.000002,00.003554]
08_publish              	    492	03.792128	(00.007708 +- 00.001657)	[00.000462,00.022598]
step                    	    495	08.543540	(00.017260 +- 00.003033)	[00.003975,00.047284]

INFO  Timings:
SM Timing
-----------
00_conversion_livox     	    497	05.276289	(00.010616 +- 00.000460)	[00.007809,00.020918]
01_filter               	    496	00.131703	(00.000266 +- 00.000030)	[00.000116,00.002236]
02_preint               	    494	00.017472	(00.000035 +- 00.000005)	[00.000024,00.000063]
02a_intensity_preprocess	    496	01.183464	(00.002386 +- 00.000400)	[00.000780,00.006182]
03_undistortion         	    494	00.310876	(00.000629 +- 00.000130)	[00.000126,00.002160]
04_sampling             	    493	00.214022	(00.000434 +- 00.000092)	[00.000063,00.002124]
04b_intensity_sampling  	    493	00.312898	(00.000635 +- 00.000132)	[00.000123,00.001617]
05_registration         	    493	01.555512	(00.003155 +- 00.000594)	[00.000667,00.010183]
06_map                  	    493	00.340219	(00.000690 +- 00.000128)	[00.000135,00.003131]
07_imu_opt              	    493	00.640952	(00.001300 +- 00.000320)	[00.000002,00.003554]
08_publish              	    493	03.794097	(00.007696 +- 00.001657)	[00.000462,00.022598]
step                    	    496	08.551149	(00.017240 +- 00.003025)	[00.003975,00.047284]

INFO  Timings:
SM Timing
-----------
00_conversion_livox     	    498	05.285602	(00.010614 +- 00.000459)	[00.007809,00.020918]
01_filter               	    497	00.131875	(00.000265 +- 00.000030)	[00.000116,00.002236]
02_preint               	    495	00.017498	(00.000035 +- 00.000006)	[00.000024,00.000063]
02a_intensity_preprocess	    497	01.184571	(00.002383 +- 00.000400)	[00.000780,00.006182]
03_undistortion         	    495	00.311111	(00.000629 +- 00.000130)	[00.000126,00.002160]
04_sampling             	    494	00.214263	(00.000434 +- 00.000092)	[00.000063,00.002124]
04b_intensity_sampling  	    494	00.313185	(00.000634 +- 00.000132)	[00.000123,00.001617]
05_registration         	    494	01.557045	(00.003152 +- 00.000570)	[00.000667,00.010183]
06_map                  	    494	00.340543	(00.000689 +- 00.000128)	[00.000135,00.003131]
07_imu_opt              	    494	00.642226	(00.001300 +- 00.000318)	[00.000002,00.003554]
08_publish              	    494	03.796509	(00.007685 +- 00.001655)	[00.000462,00.022598]
step                    	    497	08.558817	(00.017221 +- 00.003025)	[00.003975,00.047284]

INFO  Timings:
SM Timing
-----------
00_conversion_livox     	    499	05.294810	(00.010611 +- 00.000461)	[00.007809,00.020918]
01_filter               	    498	00.132029	(00.000265 +- 00.000030)	[00.000116,00.002236]
02_preint               	    496	00.017539	(00.000035 +- 00.000006)	[00.000024,00.000063]
02a_intensity_preprocess	    498	01.185984	(00.002381 +- 00.000399)	[00.000780,00.006182]
03_undistortion         	    496	00.311372	(00.000628 +- 00.000130)	[00.000126,00.002160]
04_sampling             	    495	00.214462	(00.000433 +- 00.000092)	[00.000063,00.002124]
04b_intensity_sampling  	    495	00.313532	(00.000633 +- 00.000131)	[00.000123,00.001617]
05_registration         	    495	01.559473	(00.003150 +- 00.000574)	[00.000667,00.010183]
06_map                  	    495	00.340862	(00.000689 +- 00.000127)	[00.000135,00.003131]
07_imu_opt              	    495	00.643311	(00.001300 +- 00.000318)	[00.000002,00.003554]
08_publish              	    495	03.798932	(00.007675 +- 00.001653)	[00.000462,00.022598]
step                    	    498	08.567544	(00.017204 +- 00.003026)	[00.003975,00.047284]

INFO  Timings:
SM Timing
-----------
00_conversion_livox     	    500	05.304467	(00.010609 +- 00.000459)	[00.007809,00.020918]
01_filter               	    499	00.132183	(00.000265 +- 00.000030)	[00.000116,00.002236]
02_preint               	    497	00.017574	(00.000035 +- 00.000005)	[00.000024,00.000063]
02a_intensity_preprocess	    499	01.187305	(00.002379 +- 00.000398)	[00.000780,00.006182]
03_undistortion         	    497	00.311669	(00.000627 +- 00.000129)	[00.000126,00.002160]
04_sampling             	    496	00.214714	(00.000433 +- 00.000091)	[00.000063,00.002124]
04b_intensity_sampling  	    496	00.313876	(00.000633 +- 00.000131)	[00.000123,00.001617]
05_registration         	    496	01.561270	(00.003148 +- 00.000566)	[00.000667,00.010183]
06_map                  	    496	00.341220	(00.000688 +- 00.000127)	[00.000135,00.003131]
07_imu_opt              	    496	00.644418	(00.001299 +- 00.000316)	[00.000002,00.003554]
08_publish              	    496	03.801372	(00.007664 +- 00.001650)	[00.000462,00.022598]
step                    	    499	08.575708	(00.017186 +- 00.003009)	[00.003975,00.047284]

INFO  Timings:
SM Timing
-----------
00_conversion_livox     	    501	05.314230	(00.010607 +- 00.000453)	[00.007809,00.020918]
01_filter               	    500	00.132368	(00.000265 +- 00.000030)	[00.000116,00.002236]
02_preint               	    498	00.017611	(00.000035 +- 00.000005)	[00.000024,00.000063]
02a_intensity_preprocess	    500	01.188645	(00.002377 +- 00.000395)	[00.000780,00.006182]
03_undistortion         	    498	00.311952	(00.000626 +- 00.000128)	[00.000126,00.002160]
04_sampling             	    497	00.214963	(00.000433 +- 00.000092)	[00.000063,00.002124]
04b_intensity_sampling  	    497	00.314206	(00.000632 +- 00.000131)	[00.000123,00.001617]
05_registration         	    497	01.563213	(00.003145 +- 00.000561)	[00.000667,00.010183]
06_map                  	    497	00.341609	(00.000687 +- 00.000126)	[00.000135,00.003131]
07_imu_opt              	    497	00.645524	(00.001299 +- 00.000314)	[00.000002,00.003554]
08_publish              	    497	03.803886	(00.007654 +- 00.001642)	[00.000462,00.022598]
step                    	    500	08.584148	(00.017168 +- 00.002987)	[00.003975,00.047284]

INFO  Timings:
SM Timing
-----------
00_conversion_livox     	    502	05.323754	(00.010605 +- 00.000441)	[00.007809,00.020918]
01_filter               	    501	00.132525	(00.000265 +- 00.000030)	[00.000116,00.002236]
02_preint               	    499	00.017639	(00.000035 +- 00.000005)	[00.000024,00.000063]
02a_intensity_preprocess	    501	01.189836	(00.002375 +- 00.000392)	[00.000780,00.006182]
03_undistortion         	    499	00.312203	(00.000626 +- 00.000127)	[00.000126,00.002160]
04_sampling             	    498	00.215158	(00.000432 +- 00.000091)	[00.000063,00.002124]
04b_intensity_sampling  	    498	00.314482	(00.000631 +- 00.000130)	[00.000123,00.001617]
05_registration         	    498	01.564641	(00.003142 +- 00.000554)	[00.000667,00.010183]
06_map                  	    498	00.341904	(00.000687 +- 00.000126)	[00.000135,00.003131]
07_imu_opt              	    498	00.646593	(00.001298 +- 00.000314)	[00.000002,00.003554]
08_publish              	    498	03.805926	(00.007642 +- 00.001634)	[00.000462,00.022598]
step                    	    501	08.591118	(00.017148 +- 00.002962)	[00.003975,00.047284]

INFO  Timings:
SM Timing
-----------
00_conversion_livox     	    503	05.333293	(00.010603 +- 00.000439)	[00.007809,00.020918]
01_filter               	    502	00.132879	(00.000265 +- 00.000038)	[00.000116,00.002236]
02_preint               	    500	00.017668	(00.000035 +- 00.000005)	[00.000024,00.000063]
02a_intensity_preprocess	    502	01.190951	(00.002372 +- 00.000390)	[00.000780,00.006182]
03_undistortion         	    500	00.312416	(00.000625 +- 00.000127)	[00.000126,00.002160]
04_sampling             	    499	00.215309	(00.000431 +- 00.000091)	[00.000063,00.002124]
04b_intensity_sampling  	    499	00.314736	(00.000631 +- 00.000130)	[00.000123,00.001617]
05_registration         	    499	01.566624	(00.003140 +- 00.000548)	[00.000667,00.010183]
06_map                  	    499	00.342136	(00.000686 +- 00.000127)	[00.000135,00.003131]
07_imu_opt              	    499	00.647749	(00.001298 +- 00.000312)	[00.000002,00.003554]
08_publish              	    499	03.807678	(00.007631 +- 00.001627)	[00.000462,00.022598]
step                    	    502	08.598417	(00.017128 +- 00.002934)	[00.003975,00.047284]

INFO  Timings:
SM Timing
-----------
00_conversion_livox     	    504	05.343122	(00.010601 +- 00.000435)	[00.007809,00.020918]
01_filter               	    503	00.133023	(00.000264 +- 00.000038)	[00.000116,00.002236]
02_preint               	    501	00.017705	(00.000035 +- 00.000005)	[00.000024,00.000063]
02a_intensity_preprocess	    503	01.192082	(00.002370 +- 00.000387)	[00.000780,00.006182]
03_undistortion         	    501	00.312620	(00.000624 +- 00.000127)	[00.000126,00.002160]
04_sampling             	    500	00.215450	(00.000431 +- 00.000091)	[00.000063,00.002124]
04b_intensity_sampling  	    500	00.314980	(00.000630 +- 00.000130)	[00.000123,00.001617]
05_registration         	    500	01.567833	(00.003136 +- 00.000518)	[00.000667,00.010183]
06_map                  	    500	00.342412	(00.000685 +- 00.000126)	[00.000135,00.003131]
07_imu_opt              	    500	00.649333	(00.001299 +- 00.000309)	[00.000002,00.003554]
08_publish              	    500	03.809163	(00.007618 +- 00.001624)	[00.000462,00.022598]
step                    	    503	08.604928	(00.017107 +- 00.002944)	[00.003975,00.047284]

INFO  Timings:
SM Timing
-----------
00_conversion_livox     	    505	05.352952	(00.010600 +- 00.000432)	[00.007809,00.020918]
01_filter               	    504	00.133172	(00.000264 +- 00.000038)	[00.000116,00.002236]
02_preint               	    502	00.017742	(00.000035 +- 00.000005)	[00.000024,00.000063]
02a_intensity_preprocess	    504	01.193182	(00.002367 +- 00.000386)	[00.000780,00.006182]
03_undistortion         	    502	00.312829	(00.000623 +- 00.000127)	[00.000126,00.002160]
04_sampling             	    501	00.215569	(00.000430 +- 00.000091)	[00.000063,00.002124]
04b_intensity_sampling  	    501	00.315334	(00.000629 +- 00.000129)	[00.000123,00.001617]
05_registration         	    501	01.569216	(00.003132 +- 00.000510)	[00.000667,00.010183]
06_map                  	    501	00.342721	(00.000684 +- 00.000125)	[00.000135,00.003131]
07_imu_opt              	    501	00.650505	(00.001298 +- 00.000310)	[00.000002,00.003554]
08_publish              	    501	03.810414	(00.007606 +- 00.001625)	[00.000462,00.022598]
step                    	    504	08.611067	(00.017085 +- 00.002954)	[00.003975,00.047284]

INFO  Timings:
SM Timing
-----------
00_conversion_livox     	    506	05.362799	(00.010598 +- 00.000430)	[00.007809,00.020918]
01_filter               	    505	00.133327	(00.000264 +- 00.000039)	[00.000116,00.002236]
02_preint               	    503	00.017779	(00.000035 +- 00.000005)	[00.000024,00.000063]
02a_intensity_preprocess	    505	01.194189	(00.002365 +- 00.000385)	[00.000780,00.006182]
03_undistortion         	    503	00.313006	(00.000622 +- 00.000127)	[00.000126,00.002160]
04_sampling             	    502	00.215655	(00.000430 +- 00.000091)	[00.000063,00.002124]
04b_intensity_sampling  	    502	00.315561	(00.000629 +- 00.000129)	[00.000123,00.001617]
05_registration         	    502	01.570328	(00.003128 +- 00.000514)	[00.000667,00.010183]
06_map                  	    502	00.342988	(00.000683 +- 00.000125)	[00.000135,00.003131]
07_imu_opt              	    502	00.651633	(00.001298 +- 00.000309)	[00.000002,00.003554]
08_publish              	    502	03.811554	(00.007593 +- 00.001628)	[00.000462,00.022598]
step                    	    505	08.616459	(00.017062 +- 00.002960)	[00.003975,00.047284]

INFO  Timings:
SM Timing
-----------
00_conversion_livox     	    507	05.372400	(00.010596 +- 00.000430)	[00.007809,00.020918]
01_filter               	    506	00.133479	(00.000264 +- 00.000039)	[00.000116,00.002236]
02_preint               	    504	00.017807	(00.000035 +- 00.000005)	[00.000024,00.000063]
02a_intensity_preprocess	    506	01.195158	(00.002362 +- 00.000386)	[00.000780,00.006182]
03_undistortion         	    504	00.313190	(00.000621 +- 00.000127)	[00.000126,00.002160]
04_sampling             	    503	00.215754	(00.000429 +- 00.000092)	[00.000063,00.002124]
04b_intensity_sampling  	    503	00.315833	(00.000628 +- 00.000129)	[00.000123,00.001617]
05_registration         	    503	01.571062	(00.003123 +- 00.000528)	[00.000667,00.010183]
06_map                  	    503	00.343199	(00.000682 +- 00.000126)	[00.000135,00.003131]
07_imu_opt              	    503	00.652728	(00.001298 +- 00.000308)	[00.000002,00.003554]
08_publish              	    503	03.812545	(00.007580 +- 00.001636)	[00.000462,00.022598]
step                    	    506	08.621235	(00.017038 +- 00.002990)	[00.003975,00.047284]

INFO  Timings:
SM Timing
-----------
00_conversion_livox     	    508	05.381957	(00.010594 +- 00.000431)	[00.007809,00.020918]
01_filter               	    507	00.133606	(00.000264 +- 00.000039)	[00.000116,00.002236]
02_preint               	    505	00.017844	(00.000035 +- 00.000005)	[00.000024,00.000063]
02a_intensity_preprocess	    507	01.196110	(00.002359 +- 00.000388)	[00.000780,00.006182]
03_undistortion         	    505	00.313350	(00.000620 +- 00.000128)	[00.000126,00.002160]
04_sampling             	    504	00.215840	(00.000428 +- 00.000093)	[00.000063,00.002124]
04b_intensity_sampling  	    504	00.316020	(00.000627 +- 00.000130)	[00.000123,00.001617]
05_registration         	    504	01.573103	(00.003121 +- 00.000531)	[00.000667,00.010183]
06_map                  	    504	00.343436	(00.000681 +- 00.000126)	[00.000135,00.003131]
07_imu_opt              	    504	00.654060	(00.001298 +- 00.000306)	[00.000002,00.003554]
08_publish              	    504	03.813360	(00.007566 +- 00.001650)	[00.000462,00.022598]
step                    	    507	08.627263	(00.017016 +- 00.002996)	[00.003975,00.047284]

INFO  Timings:
SM Timing
-----------
00_conversion_livox     	    509	05.391649	(00.010593 +- 00.000429)	[00.007809,00.020918]
01_filter               	    508	00.133742	(00.000263 +- 00.000040)	[00.000116,00.002236]
02_preint               	    506	00.017874	(00.000035 +- 00.000005)	[00.000024,00.000063]
02a_intensity_preprocess	    508	01.196999	(00.002356 +- 00.000392)	[00.000780,00.006182]
03_undistortion         	    506	00.313518	(00.000620 +- 00.000129)	[00.000126,00.002160]
04_sampling             	    505	00.215927	(00.000428 +- 00.000094)	[00.000063,00.002124]
04b_intensity_sampling  	    505	00.316177	(00.000626 +- 00.000132)	[00.000123,00.001617]
05_registration         	    505	01.574033	(00.003117 +- 00.000533)	[00.000667,00.010183]
06_map                  	    505	00.343610	(00.000680 +- 00.000128)	[00.000135,00.003131]
07_imu_opt              	    505	00.655198	(00.001297 +- 00.000305)	[00.000002,00.003554]
08_publish              	    505	03.814046	(00.007553 +- 00.001667)	[00.000462,00.022598]
step                    	    508	08.631710	(00.016992 +- 00.003031)	[00.003975,00.047284]

INFO  Timings:
SM Timing
-----------
00_conversion_livox     	    510	05.401316	(00.010591 +- 00.000428)	[00.007809,00.020918]
01_filter               	    509	00.133869	(00.000263 +- 00.000040)	[00.000116,00.002236]
02_preint               	    507	00.017901	(00.000035 +- 00.000005)	[00.000024,00.000063]
02a_intensity_preprocess	    509	01.197882	(00.002353 +- 00.000395)	[00.000780,00.006182]
03_undistortion         	    507	00.313674	(00.000619 +- 00.000129)	[00.000126,00.002160]
04_sampling             	    506	00.216014	(00.000427 +- 00.000095)	[00.000063,00.002124]
04b_intensity_sampling  	    506	00.316333	(00.000625 +- 00.000134)	[00.000123,00.001617]
05_registration         	    506	01.575107	(00.003113 +- 00.000538)	[00.000667,00.010183]
06_map                  	    506	00.343745	(00.000679 +- 00.000131)	[00.000135,00.003131]
07_imu_opt              	    506	00.656292	(00.001297 +- 00.000306)	[00.000002,00.003554]
08_publish              	    506	03.814705	(00.007539 +- 00.001683)	[00.000462,00.022598]
step                    	    509	08.636153	(00.016967 +- 00.003073)	[00.003975,00.047284]

INFO  Timings:
SM Timing
-----------
00_conversion_livox     	    511	05.411046	(00.010589 +- 00.000427)	[00.007809,00.020918]
01_filter               	    510	00.134000	(00.000263 +- 00.000041)	[00.000116,00.002236]
02_preint               	    508	00.017928	(00.000035 +- 00.000005)	[00.000024,00.000063]
02a_intensity_preprocess	    510	01.198827	(00.002351 +- 00.000398)	[00.000780,00.006182]
03_undistortion         	    508	00.313832	(00.000618 +- 00.000130)	[00.000126,00.002160]
04_sampling             	    507	00.216100	(00.000426 +- 00.000096)	[00.000063,00.002124]
04b_intensity_sampling  	    507	00.316522	(00.000624 +- 00.000136)	[00.000123,00.001617]
05_registration         	    507	01.575904	(00.003108 +- 00.000548)	[00.000667,00.010183]
06_map                  	    507	00.343923	(00.000678 +- 00.000133)	[00.000135,00.003131]
07_imu_opt              	    507	00.657657	(00.001297 +- 00.000303)	[00.000002,00.003554]
08_publish              	    507	03.815570	(00.007526 +- 00.001695)	[00.000462,00.022598]
step                    	    510	08.640955	(00.016943 +- 00.003104)	[00.003975,00.047284]

INFO  Timings:
SM Timing
-----------
00_conversion_livox     	    512	05.420584	(00.010587 +- 00.000425)	[00.007809,00.020918]
01_filter               	    511	00.134170	(00.000263 +- 00.000040)	[00.000116,00.002236]
02_preint               	    509	00.017964	(00.000035 +- 00.000005)	[00.000024,00.000063]
02a_intensity_preprocess	    511	01.199795	(00.002348 +- 00.000400)	[00.000780,00.006182]
03_undistortion         	    509	00.314065	(00.000617 +- 00.000130)	[00.000126,00.002160]
04_sampling             	    508	00.216227	(00.000426 +- 00.000096)	[00.000063,00.002124]
04b_intensity_sampling  	    508	00.316772	(00.000624 +- 00.000135)	[00.000123,00.001617]
05_registration         	    508	01.577248	(00.003105 +- 00.000548)	[00.000667,00.010183]
06_map                  	    508	00.344233	(00.000678 +- 00.000133)	[00.000135,00.003131]
07_imu_opt              	    508	00.658747	(00.001297 +- 00.000304)	[00.000002,00.003554]
08_publish              	    508	03.816637	(00.007513 +- 00.001703)	[00.000462,00.022598]
step                    	    511	08.646593	(00.016921 +- 00.003114)	[00.003975,00.047284]

INFO  Timings:
SM Timing
-----------
00_conversion_livox     	    513	05.430045	(00.010585 +- 00.000424)	[00.007809,00.020918]
01_filter               	    512	00.134309	(00.000262 +- 00.000041)	[00.000116,00.002236]
02_preint               	    510	00.017991	(00.000035 +- 00.000005)	[00.000024,00.000063]
02a_intensity_preprocess	    512	01.200871	(00.002345 +- 00.000401)	[00.000780,00.006182]
03_undistortion         	    510	00.314273	(00.000616 +- 00.000130)	[00.000126,00.002160]
04_sampling             	    509	00.216330	(00.000425 +- 00.000096)	[00.000063,00.002124]
04b_intensity_sampling  	    509	00.316998	(00.000623 +- 00.000136)	[00.000123,00.001617]
05_registration         	    509	01.578802	(00.003102 +- 00.000547)	[00.000667,00.010183]
06_map                  	    509	00.344441	(00.000677 +- 00.000134)	[00.000135,00.003131]
07_imu_opt              	    509	00.659820	(00.001296 +- 00.000305)	[00.000002,00.003554]
08_publish              	    509	03.818285	(00.007502 +- 00.001705)	[00.000462,00.022598]
step                    	    512	08.652910	(00.016900 +- 00.003122)	[00.003975,00.047284]

INFO  Timings:
SM Timing
-----------
00_conversion_livox     	    514	05.439619	(00.010583 +- 00.000424)	[00.007809,00.020918]
01_filter               	    513	00.134467	(00.000262 +- 00.000041)	[00.000116,00.002236]
02_preint               	    511	00.018028	(00.000035 +- 00.000005)	[00.000024,00.000063]
02a_intensity_preprocess	    513	01.202201	(00.002343 +- 00.000401)	[00.000780,00.006182]
03_undistortion         	    511	00.314510	(00.000615 +- 00.000131)	[00.000126,00.002160]
04_sampling             	    510	00.216541	(00.000425 +- 00.000096)	[00.000063,00.002124]
04b_intensity_sampling  	    510	00.317274	(00.000622 +- 00.000136)	[00.000123,00.001617]
05_registration         	    510	01.581687	(00.003101 +- 00.000577)	[00.000667,00.010183]
06_map                  	    510	00.344790	(00.000676 +- 00.000134)	[00.000135,00.003131]
07_imu_opt              	    510	00.660932	(00.001296 +- 00.000307)	[00.000002,00.003554]
08_publish              	    510	03.821041	(00.007492 +- 00.001706)	[00.000462,00.022598]
step                    	    513	08.662311	(00.016886 +- 00.003128)	[00.003975,00.047284]

INFO  Timings:
SM Timing
-----------
00_conversion_livox     	    515	05.449619	(00.010582 +- 00.000423)	[00.007809,00.020918]
01_filter               	    514	00.134665	(00.000262 +- 00.000041)	[00.000116,00.002236]
02_preint               	    512	00.018068	(00.000035 +- 00.000005)	[00.000024,00.000063]
02a_intensity_preprocess	    514	01.203902	(00.002342 +- 00.000403)	[00.000780,00.006182]
03_undistortion         	    512	00.314870	(00.000615 +- 00.000131)	[00.000126,00.002160]
04_sampling             	    511	00.216849	(00.000424 +- 00.000096)	[00.000063,00.002124]
04b_intensity_sampling  	    511	00.317698	(00.000622 +- 00.000134)	[00.000123,00.001617]
05_registration         	    511	01.585529	(00.003103 +- 00.000649)	[00.000667,00.010183]
06_map                  	    511	00.345210	(00.000676 +- 00.000131)	[00.000135,00.003131]
07_imu_opt              	    511	00.662205	(00.001296 +- 00.000266)	[00.000002,00.003554]
08_publish              	    511	03.825511	(00.007486 +- 00.001725)	[00.000462,00.022598]
step                    	    514	08.675413	(00.016878 +- 00.003165)	[00.003975,00.047284]

INFO  Timings:
SM Timing
-----------
00_conversion_livox     	    516	05.460018	(00.010581 +- 00.000430)	[00.007809,00.020918]
01_filter               	    515	00.134900	(00.000262 +- 00.000040)	[00.000116,00.002236]
02_preint               	    513	00.018113	(00.000035 +- 00.000005)	[00.000024,00.000063]
02a_intensity_preprocess	    515	01.205912	(00.002342 +- 00.000409)	[00.000780,00.006182]
03_undistortion         	    513	00.315281	(00.000615 +- 00.000128)	[00.000126,00.002160]
04_sampling             	    512	00.217192	(00.000424 +- 00.000097)	[00.000063,00.002124]
04b_intensity_sampling  	    512	00.318312	(00.000622 +- 00.000139)	[00.000123,00.001617]
05_registration         	    512	01.587521	(00.003101 +- 00.000650)	[00.000667,00.010183]
06_map                  	    512	00.345792	(00.000675 +- 00.000133)	[00.000135,00.003131]
07_imu_opt              	    512	00.663493	(00.001296 +- 00.000264)	[00.000002,00.003554]
08_publish              	    512	03.830932	(00.007482 +- 00.001745)	[00.000462,00.022598]
step                    	    515	08.688443	(00.016871 +- 00.003190)	[00.003975,00.047284]

INFO  Timings:
SM Timing
-----------
00_conversion_livox     	    517	05.470170	(00.010581 +- 00.000433)	[00.007809,00.020918]
01_filter               	    516	00.135162	(00.000262 +- 00.000041)	[00.000116,00.002236]
02_preint               	    514	00.018154	(00.000035 +- 00.000005)	[00.000024,00.000063]
02a_intensity_preprocess	    516	01.207971	(00.002341 +- 00.000374)	[00.000780,00.006182]
03_undistortion         	    514	00.315878	(00.000615 +- 00.000130)	[00.000126,00.002160]
04_sampling             	    513	00.217521	(00.000424 +- 00.000096)	[00.000063,00.002124]
04b_intensity_sampling  	    513	00.318941	(00.000622 +- 00.000140)	[00.000123,00.001617]
05_registration         	    513	01.589524	(00.003098 +- 00.000652)	[00.000667,00.010183]
06_map                  	    513	00.346281	(00.000675 +- 00.000129)	[00.000135,00.003131]
07_imu_opt              	    513	00.664786	(00.001296 +- 00.000264)	[00.000002,00.003554]
08_publish              	    513	03.836926	(00.007479 +- 00.001741)	[00.000462,00.022598]
step                    	    516	08.702202	(00.016865 +- 00.003167)	[00.003975,00.047284]

INFO  Timings:
SM Timing
-----------
00_conversion_livox     	    518	05.480650	(00.010580 +- 00.000436)	[00.007809,00.020918]
01_filter               	    517	00.135421	(00.000262 +- 00.000042)	[00.000116,00.002236]
02_preint               	    515	00.018198	(00.000035 +- 00.000005)	[00.000024,00.000063]
02a_intensity_preprocess	    517	01.210392	(00.002341 +- 00.000387)	[00.000780,00.006182]
03_undistortion         	    515	00.316466	(00.000614 +- 00.000131)	[00.000126,00.002160]
04_sampling             	    514	00.217864	(00.000424 +- 00.000091)	[00.000063,00.002124]
04b_intensity_sampling  	    514	00.319559	(00.000622 +- 00.000132)	[00.000123,00.001617]
05_registration         	    514	01.592127	(00.003098 +- 00.000666)	[00.000667,00.010183]
06_map                  	    514	00.347060	(00.000675 +- 00.000138)	[00.000135,00.003131]
07_imu_opt              	    514	00.667365	(00.001298 +- 00.000313)	[00.000002,00.003554]
08_publish              	    514	03.844402	(00.007479 +- 00.001777)	[00.000462,00.022598]
step                    	    517	08.719987	(00.016867 +- 00.003303)	[00.003975,00.047284]

INFO  Timings:
SM Timing
-----------
00_conversion_livox     	    519	05.491381	(00.010581 +- 00.000456)	[00.007809,00.020918]
01_filter               	    518	00.135713	(00.000262 +- 00.000044)	[00.000116,00.002236]
02_preint               	    516	00.018238	(00.000035 +- 00.000006)	[00.000024,00.000063]
02a_intensity_preprocess	    518	01.212933	(00.002342 +- 00.000403)	[00.000780,00.006182]
03_undistortion         	    516	00.317391	(00.000615 +- 00.000153)	[00.000126,00.002160]
04_sampling             	    515	00.218392	(00.000424 +- 00.000098)	[00.000063,00.002124]
04b_intensity_sampling  	    515	00.320371	(00.000622 +- 00.000137)	[00.000123,00.001617]
05_registration         	    515	01.596905	(00.003101 +- 00.000777)	[00.000667,00.010183]
06_map                  	    515	00.347764	(00.000675 +- 00.000129)	[00.000135,00.003131]
07_imu_opt              	    515	00.669648	(00.001300 +- 00.000339)	[00.000002,00.003554]
08_publish              	    515	03.853023	(00.007482 +- 00.001855)	[00.000462,00.022598]
step                    	    518	08.741614	(00.016876 +- 00.003602)	[00.003975,00.047284]

INFO  Timings:
SM Timing
-----------
00_conversion_livox     	    520	05.501930	(00.010581 +- 00.000455)	[00.007809,00.020918]
01_filter               	    519	00.135990	(00.000262 +- 00.000045)	[00.000116,00.002236]
02_preint               	    517	00.018280	(00.000035 +- 00.000006)	[00.000024,00.000063]
02a_intensity_preprocess	    519	01.215753	(00.002342 +- 00.000435)	[00.000780,00.006182]
03_undistortion         	    517	00.318148	(00.000615 +- 00.000159)	[00.000126,00.002160]
04_sampling             	    516	00.218836	(00.000424 +- 00.000098)	[00.000063,00.002124]
04b_intensity_sampling  	    516	00.321039	(00.000622 +- 00.000141)	[00.000123,00.001617]
05_registration         	    516	01.599698	(00.003100 +- 00.000787)	[00.000667,00.010183]
06_map                  	    516	00.348407	(00.000675 +- 00.000132)	[00.000135,00.003131]
07_imu_opt              	    516	00.671331	(00.001301 +- 00.000337)	[00.000002,00.003554]
08_publish              	    516	03.862408	(00.007485 +- 00.001988)	[00.000462,00.022598]
step                    	    519	08.761195	(00.016881 +- 00.003781)	[00.003975,00.047284]

INFO  Timings:
SM Timing
-----------
00_conversion_livox     	    521	05.513348	(00.010582 +- 00.000490)	[00.007809,00.020918]
01_filter               	    520	00.136327	(00.000262 +- 00.000050)	[00.000116,00.002236]
02_preint               	    518	00.018340	(00.000035 +- 00.000007)	[00.000024,00.000063]
02a_intensity_preprocess	    520	01.218520	(00.002343 +- 00.000466)	[00.000780,00.006182]
03_undistortion         	    518	00.318955	(00.000616 +- 00.000164)	[00.000126,00.002160]
04_sampling             	    517	00.219285	(00.000424 +- 00.000102)	[00.000063,00.002124]
04b_intensity_sampling  	    517	00.321777	(00.000622 +- 00.000145)	[00.000123,00.001617]
05_registration         	    517	01.604898	(00.003104 +- 00.000926)	[00.000667,00.010183]
06_map                  	    517	00.349209	(00.000675 +- 00.000143)	[00.000135,00.003131]
07_imu_opt              	    517	00.672883	(00.001302 +- 00.000338)	[00.000002,00.003554]
08_publish              	    517	03.872719	(00.007491 +- 00.002207)	[00.000462,00.022598]
step                    	    520	08.784300	(00.016893 +- 00.004222)	[00.003975,00.047284]

INFO  Timings:
SM Timing
-----------
00_conversion_livox     	    522	05.525461	(00.010585 +- 00.000575)	[00.007809,00.020918]
01_filter               	    521	00.136606	(00.000262 +- 00.000052)	[00.000116,00.002236]
02_preint               	    519	00.018389	(00.000035 +- 00.000007)	[00.000024,00.000063]
02a_intensity_preprocess	    521	01.221392	(00.002344 +- 00.000510)	[00.000780,00.006182]
03_undistortion         	    519	00.319777	(00.000616 +- 00.000179)	[00.000126,00.002160]
04_sampling             	    518	00.219768	(00.000424 +- 00.000109)	[00.000063,00.002124]
04b_intensity_sampling  	    518	00.322604	(00.000623 +- 00.000160)	[00.000123,00.001617]
05_registration         	    518	01.608649	(00.003105 +- 00.000954)	[00.000667,00.010183]
06_map                  	    518	00.350095	(00.000676 +- 00.000160)	[00.000135,00.003131]
07_imu_opt              	    518	00.674272	(00.001302 +- 00.000307)	[00.000002,00.003554]
08_publish              	    518	03.882906	(00.007496 +- 00.002436)	[00.000462,00.022598]
step                    	    521	08.805922	(00.016902 +- 00.004552)	[00.003975,00.047284]

INFO  Timings:
SM Timing
-----------
00_conversion_livox     	    523	05.536947	(00.010587 +- 00.000613)	[00.007809,00.020918]
01_filter               	    522	00.136873	(00.000262 +- 00.000053)	[00.000116,00.002236]
02_preint               	    520	00.018432	(00.000035 +- 00.000007)	[00.000024,00.000063]
02a_intensity_preprocess	    522	01.224374	(00.002346 +- 00.000559)	[00.000780,00.006182]
03_undistortion         	    520	00.320603	(00.000617 +- 00.000194)	[00.000126,00.002160]
04_sampling             	    519	00.220256	(00.000424 +- 00.000116)	[00.000063,00.002124]
04b_intensity_sampling  	    519	00.323430	(00.000623 +- 00.000174)	[00.000123,00.001617]
05_registration         	    519	01.613575	(00.003109 +- 00.001051)	[00.000667,00.010183]
06_map                  	    519	00.350833	(00.000676 +- 00.000169)	[00.000135,00.003131]
07_imu_opt              	    519	00.675666	(00.001302 +- 00.000302)	[00.000002,00.003554]
08_publish              	    519	03.893451	(00.007502 +- 00.002674)	[00.000462,00.022598]
step                    	    522	08.829107	(00.016914 +- 00.004989)	[00.003975,00.047284]

INFO  Timings:
SM Timing
-----------
00_conversion_livox     	    524	05.548468	(00.010589 +- 00.000651)	[00.007809,00.020918]
01_filter               	    523	00.137156	(00.000262 +- 00.000055)	[00.000116,00.002236]
02_preint               	    521	00.018478	(00.000035 +- 00.000007)	[00.000024,00.000063]
02a_intensity_preprocess	    523	01.227461	(00.002347 +- 00.000608)	[00.000780,00.006182]
03_undistortion         	    521	00.321460	(00.000617 +- 00.000208)	[00.000126,00.002160]
04_sampling             	    520	00.220693	(00.000424 +- 00.000121)	[00.000063,00.002124]
04b_intensity_sampling  	    520	00.324270	(00.000624 +- 00.000187)	[00.000123,00.001617]
05_registration         	    520	01.616384	(00.003108 +- 00.001055)	[00.000667,00.010183]
06_map                  	    520	00.351873	(00.000677 +- 00.000193)	[00.000135,00.003131]
07_imu_opt              	    520	00.677060	(00.001302 +- 00.000302)	[00.000002,00.003554]
08_publish              	    520	03.904260	(00.007508 +- 00.002899)	[00.000462,00.022598]
step                    	    523	08.850798	(00.016923 +- 00.005303)	[00.003975,00.047284]

INFO  Timings:
SM Timing
-----------
00_conversion_livox     	    525	05.560033	(00.010591 +- 00.000684)	[00.007809,00.020918]
01_filter               	    524	00.137453	(00.000262 +- 00.000057)	[00.000116,00.002236]
02_preint               	    522	00.018518	(00.000035 +- 00.000007)	[00.000024,00.000063]
02a_intensity_preprocess	    524	01.230429	(00.002348 +- 00.000646)	[00.000780,00.006182]
03_undistortion         	    522	00.322470	(00.000618 +- 00.000229)	[00.000126,00.002160]
04_sampling             	    521	00.221171	(00.000425 +- 00.000126)	[00.000063,00.002124]
04b_intensity_sampling  	    521	00.325084	(00.000624 +- 00.000197)	[00.000123,00.001617]
05_registration         	    521	01.619876	(00.003109 +- 00.001079)	[00.000667,00.010183]
06_map                  	    521	00.352820	(00.000677 +- 00.000208)	[00.000135,00.003131]
07_imu_opt              	    521	00.678458	(00.001302 +- 00.000301)	[00.000002,00.003554]
08_publish              	    521	03.915196	(00.007515 +- 00.003103)	[00.000462,00.022598]
step                    	    524	08.873317	(00.016934 +- 00.005623)	[00.003975,00.047284]

INFO  Timings:
SM Timing
-----------
00_conversion_livox     	    526	05.571524	(00.010592 +- 00.000718)	[00.007809,00.020918]
01_filter               	    525	00.137720	(00.000262 +- 00.000058)	[00.000116,00.002236]
02_preint               	    523	00.018561	(00.000035 +- 00.000007)	[00.000024,00.000063]
02a_intensity_preprocess	    525	01.233486	(00.002349 +- 00.000685)	[00.000780,00.006182]
03_undistortion         	    523	00.323413	(00.000618 +- 00.000244)	[00.000126,00.002160]
04_sampling             	    522	00.221729	(00.000425 +- 00.000135)	[00.000063,00.002124]
04b_intensity_sampling  	    522	00.325974	(00.000624 +- 00.000210)	[00.000123,00.001617]
05_registration         	    522	01.623298	(00.003110 +- 00.001092)	[00.000667,00.010183]
06_map                  	    522	00.353697	(00.000678 +- 00.000219)	[00.000135,00.003131]
07_imu_opt              	    522	00.679942	(00.001303 +- 00.000301)	[00.000002,00.003554]
08_publish              	    522	03.926232	(00.007522 +- 00.003288)	[00.000462,00.022598]
step                    	    525	08.895990	(00.016945 +- 00.005910)	[00.003975,00.047284]

INFO  Timings:
SM Timing
-----------
00_conversion_livox     	    527	05.583111	(00.010594 +- 00.000755)	[00.007809,00.020918]
01_filter               	    526	00.137983	(00.000262 +- 00.000058)	[00.000116,00.002236]
02_preint               	    524	00.018607	(00.000036 +- 00.000007)	[00.000024,00.000063]
02a_intensity_preprocess	    526	01.236531	(00.002351 +- 00.000717)	[00.000780,00.006182]
03_undistortion         	    524	00.324226	(00.000619 +- 00.000252)	[00.000126,00.002160]
04_sampling             	    523	00.222285	(00.000425 +- 00.000142)	[00.000063,00.002124]
04b_intensity_sampling  	    523	00.326682	(00.000625 +- 00.000215)	[00.000123,00.001617]
05_registration         	    523	01.626009	(00.003109 +- 00.001097)	[00.000667,00.010183]
06_map                  	    523	00.354554	(00.000678 +- 00.000228)	[00.000135,00.003131]
07_imu_opt              	    523	00.681492	(00.001303 +- 00.000301)	[00.000002,00.003554]
08_publish              	    523	03.936384	(00.007527 +- 00.003418)	[00.000462,00.022598]
step                    	    526	08.916761	(00.016952 +- 00.006105)	[00.003975,00.047284]

INFO  Timings:
SM Timing
-----------
00_conversion_livox     	    528	05.593836	(00.010594 +- 00.000762)	[00.007809,00.020918]
01_filter               	    527	00.138243	(00.000262 +- 00.000059)	[00.000116,00.002236]
02_preint               	    525	00.018655	(00.000036 +- 00.000007)	[00.000024,00.000063]
02a_intensity_preprocess	    527	01.239286	(00.002352 +- 00.000737)	[00.000780,00.006182]
03_undistortion         	    525	00.325006	(00.000619 +- 00.000258)	[00.000126,00.002160]
04_sampling             	    524	00.222719	(00.000425 +- 00.000145)	[00.000063,00.002124]
04b_intensity_sampling  	    524	00.327441	(00.000625 +- 00.000221)	[00.000123,00.001617]
05_registration         	    524	01.630147	(00.003111 +- 00.001139)	[00.000667,00.010183]
06_map                  	    524	00.355441	(00.000678 +- 00.000237)	[00.000135,00.003131]
07_imu_opt              	    524	00.683106	(00.001304 +- 00.000302)	[00.000002,00.003554]
08_publish              	    524	03.946018	(00.007531 +- 00.003518)	[00.000462,00.022598]
step                    	    527	08.938161	(00.016960 +- 00.006303)	[00.003975,00.047284]

INFO  Timings:
SM Timing
-----------
00_conversion_livox     	    529	05.604679	(00.010595 +- 00.000770)	[00.007809,00.020918]
01_filter               	    528	00.138496	(00.000262 +- 00.000060)	[00.000116,00.002236]
02_preint               	    526	00.018698	(00.000036 +- 00.000007)	[00.000024,00.000063]
02a_intensity_preprocess	    528	01.241926	(00.002352 +- 00.000752)	[00.000780,00.006182]
03_undistortion         	    526	00.325798	(00.000619 +- 00.000264)	[00.000126,00.002160]
04_sampling             	    525	00.223219	(00.000425 +- 00.000150)	[00.000063,00.002124]
04b_intensity_sampling  	    525	00.328326	(00.000625 +- 00.000231)	[00.000123,00.001617]
05_registration         	    525	01.632500	(00.003110 +- 00.001135)	[00.000667,00.010183]
06_map                  	    525	00.356219	(00.000679 +- 00.000242)	[00.000135,00.003131]
07_imu_opt              	    525	00.684418	(00.001304 +- 00.000302)	[00.000002,00.003554]
08_publish              	    525	03.955553	(00.007534 +- 00.003608)	[00.000462,00.022598]
step                    	    528	08.957337	(00.016965 +- 00.006415)	[00.003975,00.047284]

INFO  Timings:
SM Timing
-----------
00_conversion_livox     	    530	05.615681	(00.010596 +- 00.000782)	[00.007809,00.020918]
01_filter               	    529	00.138764	(00.000262 +- 00.000060)	[00.000116,00.002236]
02_preint               	    527	00.018739	(00.000036 +- 00.000007)	[00.000024,00.000063]
02a_intensity_preprocess	    529	01.244494	(00.002353 +- 00.000764)	[00.000780,00.006182]
03_undistortion         	    527	00.326601	(00.000620 +- 00.000271)	[00.000126,00.002160]
04_sampling             	    526	00.223740	(00.000425 +- 00.000155)	[00.000063,00.002124]
04b_intensity_sampling  	    526	00.329086	(00.000626 +- 00.000236)	[00.000123,00.001617]
05_registration         	    526	01.635995	(00.003110 +- 00.001154)	[00.000667,00.010183]
06_map                  	    526	00.357207	(00.000679 +- 00.000254)	[00.000135,00.003131]
07_imu_opt              	    526	00.685713	(00.001304 +- 00.000294)	[00.000002,00.003554]
08_publish              	    526	03.964664	(00.007537 +- 00.003678)	[00.000462,00.022598]
step                    	    529	08.977263	(00.016970 +- 00.006545)	[00.003975,00.047284]

INFO  Timings:
SM Timing
-----------
00_conversion_livox     	    531	05.626080	(00.010595 +- 00.000782)	[00.007809,00.020918]
01_filter               	    530	00.139073	(00.000262 +- 00.000062)	[00.000116,00.002236]
02_preint               	    528	00.018785	(00.000036 +- 00.000007)	[00.000024,00.000063]
02a_intensity_preprocess	    530	01.247111	(00.002353 +- 00.000775)	[00.000780,00.006182]
03_undistortion         	    528	00.327264	(00.000620 +- 00.000273)	[00.000126,00.002160]
04_sampling             	    527	00.224236	(00.000425 +- 00.000159)	[00.000063,00.002124]
04b_intensity_sampling  	    527	00.329780	(00.000626 +- 00.000239)	[00.000123,00.001617]
05_registration         	    527	01.639642	(00.003111 +- 00.001173)	[00.000667,00.010183]
06_map                  	    527	00.358066	(00.000679 +- 00.000260)	[00.000135,00.003131]
07_imu_opt              	    527	00.687033	(00.001304 +- 00.000293)	[00.000002,00.003554]
08_publish              	    527	03.974115	(00.007541 +- 00.003749)	[00.000462,00.022598]
step                    	    530	08.997486	(00.016976 +- 00.006667)	[00.003975,00.047284]

INFO  Timings:
SM Timing
-----------
00_conversion_livox     	    532	05.637578	(00.010597 +- 00.000801)	[00.007809,00.020918]
01_filter               	    531	00.139350	(00.000262 +- 00.000063)	[00.000116,00.002236]
02_preint               	    529	00.018831	(00.000036 +- 00.000008)	[00.000024,00.000063]
02a_intensity_preprocess	    531	01.249900	(00.002354 +- 00.000791)	[00.000780,00.006182]
03_undistortion         	    529	00.327984	(00.000620 +- 00.000275)	[00.000126,00.002160]
04_sampling             	    528	00.224681	(00.000426 +- 00.000161)	[00.000063,00.002124]
04b_intensity_sampling  	    528	00.330929	(00.000627 +- 00.000259)	[00.000123,00.001617]
05_registration         	    528	01.642481	(00.003111 +- 00.001166)	[00.000667,00.010183]
06_map                  	    528	00.358883	(00.000680 +- 00.000264)	[00.000135,00.003131]
07_imu_opt              	    528	00.688486	(00.001304 +- 00.000291)	[00.000002,00.003554]
08_publish              	    528	03.983811	(00.007545 +- 00.003819)	[00.000462,00.022598]
step                    	    531	09.017772	(00.016983 +- 00.006766)	[00.003975,00.047284]

INFO  Timings:
SM Timing
-----------
00_conversion_livox     	    533	05.648963	(00.010598 +- 00.000817)	[00.007809,00.020918]
01_filter               	    532	00.139680	(00.000263 +- 00.000065)	[00.000116,00.002236]
02_preint               	    530	00.018879	(00.000036 +- 00.000008)	[00.000024,00.000063]
02a_intensity_preprocess	    532	01.252571	(00.002354 +- 00.000801)	[00.000780,00.006182]
03_undistortion         	    530	00.328753	(00.000620 +- 00.000279)	[00.000126,00.002160]
04_sampling             	    529	00.225153	(00.000426 +- 00.000163)	[00.000063,00.002124]
04b_intensity_sampling  	    529	00.331686	(00.000627 +- 00.000261)	[00.000123,00.001617]
05_registration         	    529	01.644626	(00.003109 +- 00.001160)	[00.000667,00.010183]
06_map                  	    529	00.359762	(00.000680 +- 00.000270)	[00.000135,00.003131]
07_imu_opt              	    529	00.689775	(00.001304 +- 00.000289)	[00.000002,00.003554]
08_publish              	    529	03.992905	(00.007548 +- 00.003865)	[00.000462,00.022598]
step                    	    532	09.036320	(00.016986 +- 00.006813)	[00.003975,00.047284]

INFO  Timings:
SM Timing
-----------
00_conversion_livox     	    534	05.660124	(00.010599 +- 00.000821)	[00.007809,00.020918]
01_filter               	    533	00.140026	(00.000263 +- 00.000068)	[00.000116,00.002236]
02_preint               	    531	00.018920	(00.000036 +- 00.000008)	[00.000024,00.000063]
02a_intensity_preprocess	    533	01.255144	(00.002355 +- 00.000807)	[00.000780,00.006182]
03_undistortion         	    531	00.329490	(00.000621 +- 00.000281)	[00.000126,00.002160]
04_sampling             	    530	00.225580	(00.000426 +- 00.000164)	[00.000063,00.002124]
04b_intensity_sampling  	    530	00.332391	(00.000627 +- 00.000262)	[00.000123,00.001617]
05_registration         	    530	01.647388	(00.003108 +- 00.001158)	[00.000667,00.010183]
06_map                  	    530	00.360492	(00.000680 +- 00.000271)	[00.000135,00.003131]
07_imu_opt              	    530	00.691088	(00.001304 +- 00.000289)	[00.000002,00.003554]
08_publish              	    530	04.001677	(00.007550 +- 00.003895)	[00.000462,00.022598]
step                    	    533	09.054816	(00.016988 +- 00.006847)	[00.003975,00.047284]

INFO  Timings:
SM Timing
-----------
00_conversion_livox     	    535	05.670778	(00.010600 +- 00.000818)	[00.007809,00.020918]
01_filter               	    534	00.140277	(00.000263 +- 00.000068)	[00.000116,00.002236]
02_preint               	    532	00.018958	(00.000036 +- 00.000008)	[00.000024,00.000063]
02a_intensity_preprocess	    534	01.257593	(00.002355 +- 00.000809)	[00.000780,00.006182]
03_undistortion         	    532	00.330209	(00.000621 +- 00.000282)	[00.000126,00.002160]
04_sampling             	    531	00.225992	(00.000426 +- 00.000164)	[00.000063,00.002124]
04b_intensity_sampling  	    531	00.333063	(00.000627 +- 00.000262)	[00.000123,00.001617]
05_registration         	    531	01.649488	(00.003106 +- 00.001156)	[00.000667,00.010183]
06_map                  	    531	00.361168	(00.000680 +- 00.000271)	[00.000135,00.003131]
07_imu_opt              	    531	00.692294	(00.001304 +- 00.000289)	[00.000002,00.003554]
08_publish              	    531	04.009836	(00.007551 +- 00.003903)	[00.000462,00.022598]
step                    	    534	09.071578	(00.016988 +- 00.006850)	[00.003975,00.047284]

INFO  Timings:
SM Timing
-----------
00_conversion_livox     	    536	05.680468	(00.010598 +- 00.000812)	[00.007809,00.020918]
01_filter               	    535	00.140497	(00.000263 +- 00.000068)	[00.000116,00.002236]
02_preint               	    533	00.018994	(00.000036 +- 00.000007)	[00.000024,00.000063]
02a_intensity_preprocess	    535	01.259919	(00.002355 +- 00.000807)	[00.000780,00.006182]
03_undistortion         	    533	00.330932	(00.000621 +- 00.000283)	[00.000126,00.002160]
04_sampling             	    532	00.226414	(00.000426 +- 00.000164)	[00.000063,00.002124]
04b_intensity_sampling  	    532	00.333743	(00.000627 +- 00.000261)	[00.000123,00.001617]
05_registration         	    532	01.651610	(00.003105 +- 00.001136)	[00.000667,00.010183]
06_map                  	    532	00.361772	(00.000680 +- 00.000270)	[00.000135,00.003131]
07_imu_opt              	    532	00.693467	(00.001304 +- 00.000290)	[00.000002,00.003554]
08_publish              	    532	04.017667	(00.007552 +- 00.003899)	[00.000462,00.022598]
step                    	    535	09.087802	(00.016987 +- 00.006812)	[00.003975,00.047284]

INFO  Timings:
SM Timing
-----------
00_conversion_livox     	    537	05.690395	(00.010597 +- 00.000801)	[00.007809,00.020918]
01_filter               	    536	00.140777	(00.000263 +- 00.000068)	[00.000116,00.002236]
02_preint               	    534	00.019032	(00.000036 +- 00.000007)	[00.000024,00.000063]
02a_intensity_preprocess	    536	01.262140	(00.002355 +- 00.000802)	[00.000780,00.006182]
03_undistortion         	    534	00.331528	(00.000621 +- 00.000282)	[00.000126,00.002160]
04_sampling             	    533	00.226803	(00.000426 +- 00.000163)	[00.000063,00.002124]
04b_intensity_sampling  	    533	00.334441	(00.000627 +- 00.000262)	[00.000123,00.001617]
05_registration         	    533	01.653918	(00.003103 +- 00.001123)	[00.000667,00.010183]
06_map                  	    533	00.362481	(00.000680 +- 00.000270)	[00.000135,00.003131]
07_imu_opt              	    533	00.694646	(00.001303 +- 00.000288)	[00.000002,00.003554]
08_publish              	    533	04.025098	(00.007552 +- 00.003885)	[00.000462,00.022598]
step                    	    536	09.103716	(00.016985 +- 00.006771)	[00.003975,00.047284]

INFO  Timings:
SM Timing
-----------
00_conversion_livox     	    538	05.700275	(00.010595 +- 00.000785)	[00.007809,00.020918]
01_filter               	    537	00.141050	(00.000263 +- 00.000068)	[00.000116,00.002236]
02_preint               	    535	00.019069	(00.000036 +- 00.000007)	[00.000024,00.000063]
02a_intensity_preprocess	    537	01.264350	(00.002354 +- 00.000798)	[00.000780,00.006182]
03_undistortion         	    535	00.332097	(00.000621 +- 00.000281)	[00.000126,00.002160]
04_sampling             	    534	00.227235	(00.000426 +- 00.000163)	[00.000063,00.002124]
04b_intensity_sampling  	    534	00.335137	(00.000628 +- 00.000261)	[00.000123,00.001617]
05_registration         	    534	01.656240	(00.003102 +- 00.001113)	[00.000667,00.010183]
06_map                  	    534	00.363079	(00.000680 +- 00.000268)	[00.000135,00.003131]
07_imu_opt              	    534	00.695849	(00.001303 +- 00.000287)	[00.000002,00.003554]
08_publish              	    534	04.032204	(00.007551 +- 00.003861)	[00.000462,00.022598]
step                    	    537	09.119237	(00.016982 +- 00.006727)	[00.003975,00.047284]

INFO  Timings:
SM Timing
-----------
00_conversion_livox     	    539	05.710088	(00.010594 +- 00.000781)	[00.007809,00.020918]
01_filter               	    538	00.141384	(00.000263 +- 00.000069)	[00.000116,00.002236]
02_preint               	    536	00.019106	(00.000036 +- 00.000007)	[00.000024,00.000063]
02a_intensity_preprocess	    538	01.266492	(00.002354 +- 00.000791)	[00.000780,00.006182]
03_undistortion         	    536	00.332885	(00.000621 +- 00.000281)	[00.000126,00.002160]
04_sampling             	    535	00.227633	(00.000425 +- 00.000162)	[00.000063,00.002124]
04b_intensity_sampling  	    535	00.335771	(00.000628 +- 00.000259)	[00.000123,00.001617]
05_registration         	    535	01.658351	(00.003100 +- 00.001103)	[00.000667,00.010183]
06_map                  	    535	00.363700	(00.000680 +- 00.000267)	[00.000135,00.003131]
07_imu_opt              	    535	00.696990	(00.001303 +- 00.000286)	[00.000002,00.003554]
08_publish              	    535	04.039189	(00.007550 +- 00.003829)	[00.000462,00.022598]
step                    	    538	09.134493	(00.016979 +- 00.006662)	[00.003975,00.047284]

INFO  Timings:
SM Timing
-----------
00_conversion_livox     	    540	05.720033	(00.010593 +- 00.000775)	[00.007809,00.020918]
01_filter               	    539	00.141602	(00.000263 +- 00.000068)	[00.000116,00.002236]
02_preint               	    537	00.019135	(00.000036 +- 00.000007)	[00.000024,00.000063]
02a_intensity_preprocess	    539	01.268584	(00.002354 +- 00.000782)	[00.000780,00.006182]
03_undistortion         	    537	00.333500	(00.000621 +- 00.000278)	[00.000126,00.002160]
04_sampling             	    536	00.228014	(00.000425 +- 00.000160)	[00.000063,00.002124]
04b_intensity_sampling  	    536	00.336332	(00.000627 +- 00.000256)	[00.000123,00.001617]
05_registration         	    536	01.660905	(00.003099 +- 00.001090)	[00.000667,00.010183]
06_map                  	    536	00.364401	(00.000680 +- 00.000263)	[00.000135,00.003131]
07_imu_opt              	    536	00.698131	(00.001302 +- 00.000288)	[00.000002,00.003554]
08_publish              	    536	04.045730	(00.007548 +- 00.003790)	[00.000462,00.022598]
step                    	    539	09.149393	(00.016975 +- 00.006585)	[00.003975,00.047284]

INFO  Timings:
SM Timing
-----------
00_conversion_livox     	    541	05.730025	(00.010592 +- 00.000771)	[00.007809,00.020918]
01_filter               	    540	00.141815	(00.000263 +- 00.000067)	[00.000116,00.002236]
02_preint               	    538	00.019171	(00.000036 +- 00.000007)	[00.000024,00.000063]
02a_intensity_preprocess	    540	01.270624	(00.002353 +- 00.000772)	[00.000780,00.006182]
03_undistortion         	    538	00.334121	(00.000621 +- 00.000276)	[00.000126,00.002160]
04_sampling             	    537	00.228415	(00.000425 +- 00.000160)	[00.000063,00.002124]
04b_intensity_sampling  	    537	00.336942	(00.000627 +- 00.000254)	[00.000123,00.001617]
05_registration         	    537	01.663564	(00.003098 +- 00.001078)	[00.000667,00.010183]
06_map                  	    537	00.364973	(00.000680 +- 00.000261)	[00.000135,00.003131]
07_imu_opt              	    537	00.699292	(00.001302 +- 00.000283)	[00.000002,00.003554]
08_publish              	    537	04.052058	(00.007546 +- 00.003745)	[00.000462,00.022598]
step                    	    540	09.164115	(00.016971 +- 00.006518)	[00.003975,00.047284]

INFO  Timings:
SM Timing
-----------
00_conversion_livox     	    542	05.740035	(00.010590 +- 00.000763)	[00.007809,00.020918]
01_filter               	    541	00.142018	(00.000263 +- 00.000066)	[00.000116,00.002236]
02_preint               	    539	00.019208	(00.000036 +- 00.000007)	[00.000024,00.000063]
02a_intensity_preprocess	    541	01.272663	(00.002352 +- 00.000762)	[00.000780,00.006182]
03_undistortion         	    539	00.334688	(00.000621 +- 00.000274)	[00.000126,00.002160]
04_sampling             	    538	00.228728	(00.000425 +- 00.000158)	[00.000063,00.002124]
04b_intensity_sampling  	    538	00.337488	(00.000627 +- 00.000251)	[00.000123,00.001617]
05_registration         	    538	01.666207	(00.003097 +- 00.001078)	[00.000667,00.010183]
06_map                  	    538	00.365511	(00.000679 +- 00.000260)	[00.000135,00.003131]
07_imu_opt              	    538	00.700432	(00.001302 +- 00.000284)	[00.000002,00.003554]
08_publish              	    538	04.058311	(00.007543 +- 00.003698)	[00.000462,00.022598]
step                    	    541	09.178440	(00.016966 +- 00.006453)	[00.003975,00.047284]

INFO  Timings:
SM Timing
-----------
00_conversion_livox     	    543	05.749789	(00.010589 +- 00.000754)	[00.007809,00.020918]
01_filter               	    542	00.142234	(00.000262 +- 00.000066)	[00.000116,00.002236]
02_preint               	    540	00.019240	(00.000036 +- 00.000007)	[00.000024,00.000063]
02a_intensity_preprocess	    542	01.274783	(00.002352 +- 00.000754)	[00.000780,00.006182]
03_undistortion         	    540	00.335244	(00.000621 +- 00.000271)	[00.000126,00.002160]
04_sampling             	    539	00.229120	(00.000425 +- 00.000157)	[00.000063,00.002124]
04b_intensity_sampling  	    539	00.338084	(00.000627 +- 00.000248)	[00.000123,00.001617]
05_registration         	    539	01.669281	(00.003097 +- 00.001075)	[00.000667,00.010183]
06_map                  	    539	00.366190	(00.000679 +- 00.000257)	[00.000135,00.003131]
07_imu_opt              	    539	00.701603	(00.001302 +- 00.000283)	[00.000002,00.003554]
08_publish              	    539	04.065205	(00.007542 +- 00.003656)	[00.000462,00.022598]
step                    	    542	09.194243	(00.016964 +- 00.006383)	[00.003975,00.047284]

INFO  Timings:
SM Timing
-----------
00_conversion_livox     	    544	05.759906	(00.010588 +- 00.000747)	[00.007809,00.020918]
01_filter               	    543	00.142514	(00.000262 +- 00.000066)	[00.000116,00.002236]
02_preint               	    541	00.019277	(00.000036 +- 00.000007)	[00.000024,00.000063]
02a_intensity_preprocess	    543	01.277138	(00.002352 +- 00.000748)	[00.000780,00.006182]
03_undistortion         	    541	00.335870	(00.000621 +- 00.000267)	[00.000126,00.002160]
04_sampling             	    540	00.229495	(00.000425 +- 00.000154)	[00.000063,00.002124]
04b_intensity_sampling  	    540	00.338712	(00.000627 +- 00.000246)	[00.000123,00.001617]
05_registration         	    540	01.671463	(00.003095 +- 00.001056)	[00.000667,00.010183]
06_map                  	    540	00.366811	(00.000679 +- 00.000254)	[00.000135,00.003131]
07_imu_opt              	    540	00.702947	(00.001302 +- 00.000282)	[00.000002,00.003554]
08_publish              	    540	04.072903	(00.007542 +- 00.003620)	[00.000462,00.022598]
step                    	    543	09.210465	(00.016962 +- 00.006300)	[00.003975,00.047284]

INFO  Timings:
SM Timing
-----------
00_conversion_livox     	    545	05.770525	(00.010588 +- 00.000748)	[00.007809,00.020918]
01_filter               	    544	00.142728	(00.000262 +- 00.000066)	[00.000116,00.002236]
02_preint               	    542	00.019308	(00.000036 +- 00.000007)	[00.000024,00.000063]
02a_intensity_preprocess	    544	01.279541	(00.002352 +- 00.000741)	[00.000780,00.006182]
03_undistortion         	    542	00.336564	(00.000621 +- 00.000265)	[00.000126,00.002160]
04_sampling             	    541	00.229966	(00.000425 +- 00.000152)	[00.000063,00.002124]
04b_intensity_sampling  	    541	00.339378	(00.000627 +- 00.000244)	[00.000123,00.001617]
05_registration         	    541	01.673727	(00.003094 +- 00.001043)	[00.000667,00.010183]
06_map                  	    541	00.367549	(00.000679 +- 00.000253)	[00.000135,00.003131]
07_imu_opt              	    541	00.704178	(00.001302 +- 00.000278)	[00.000002,00.003554]
08_publish              	    541	04.080868	(00.007543 +- 00.003585)	[00.000462,00.022598]
step                    	    544	09.227229	(00.016962 +- 00.006238)	[00.003975,00.047284]

INFO  Timings:
SM Timing
-----------
00_conversion_livox     	    546	05.780724	(00.010587 +- 00.000748)	[00.007809,00.020918]
01_filter               	    545	00.143020	(00.000262 +- 00.000066)	[00.000116,00.002236]
02_preint               	    543	00.019341	(00.000036 +- 00.000007)	[00.000024,00.000063]
02a_intensity_preprocess	    545	01.281947	(00.002352 +- 00.000733)	[00.000780,00.006182]
03_undistortion         	    543	00.337518	(00.000622 +- 00.000269)	[00.000126,00.002160]
04_sampling             	    542	00.230513	(00.000425 +- 00.000153)	[00.000063,00.002124]
04b_intensity_sampling  	    542	00.340037	(00.000627 +- 00.000242)	[00.000123,00.001617]
05_registration         	    542	01.678904	(00.003098 +- 00.001087)	[00.000667,00.010183]
06_map                  	    542	00.368220	(00.000679 +- 00.000252)	[00.000135,00.003131]
07_imu_opt              	    542	00.705496	(00.001302 +- 00.000278)	[00.000002,00.003554]
08_publish              	    542	04.089142	(00.007545 +- 00.003548)	[00.000462,00.022598]
step                    	    545	09.247705	(00.016968 +- 00.006204)	[00.003975,00.047284]

INFO  Timings:
SM Timing
-----------
00_conversion_livox     	    547	05.791470	(00.010588 +- 00.000741)	[00.007809,00.020918]
01_filter               	    546	00.143291	(00.000262 +- 00.000065)	[00.000116,00.002236]
02_preint               	    544	00.019379	(00.000036 +- 00.000007)	[00.000024,00.000063]
02a_intensity_preprocess	    546	01.284485	(00.002353 +- 00.000725)	[00.000780,00.006182]
03_undistortion         	    544	00.338104	(00.000622 +- 00.000267)	[00.000126,00.002160]
04_sampling             	    543	00.230956	(00.000425 +- 00.000152)	[00.000063,00.002124]
04b_intensity_sampling  	    543	00.340720	(00.000627 +- 00.000241)	[00.000123,00.001617]
05_registration         	    543	01.681494	(00.003097 +- 00.001086)	[00.000667,00.010183]
06_map                  	    543	00.368941	(00.000679 +- 00.000251)	[00.000135,00.003131]
07_imu_opt              	    543	00.706841	(00.001302 +- 00.000275)	[00.000002,00.003554]
08_publish              	    543	04.097196	(00.007545 +- 00.003514)	[00.000462,00.022598]
step                    	    546	09.265065	(00.016969 +- 00.006150)	[00.003975,00.047284]

INFO  Timings:
SM Timing
-----------
00_conversion_livox     	    548	05.802041	(00.010588 +- 00.000729)	[00.007809,00.020918]
01_filter               	    547	00.143584	(00.000262 +- 00.000065)	[00.000116,00.002236]
02_preint               	    545	00.019422	(00.000036 +- 00.000007)	[00.000024,00.000063]
02a_intensity_preprocess	    547	01.286953	(00.002353 +- 00.000716)	[00.000780,00.006182]
03_undistortion         	    545	00.338751	(00.000622 +- 00.000263)	[00.000126,00.002160]
04_sampling             	    544	00.231345	(00.000425 +- 00.000151)	[00.000063,00.002124]
04b_intensity_sampling  	    544	00.341305	(00.000627 +- 00.000238)	[00.000123,00.001617]
05_registration         	    544	01.683288	(00.003094 +- 00.001082)	[00.000667,00.010183]
06_map                  	    544	00.369607	(00.000679 +- 00.000249)	[00.000135,00.003131]
07_imu_opt              	    544	00.708094	(00.001302 +- 00.000275)	[00.000002,00.003554]
08_publish              	    544	04.104866	(00.007546 +- 00.003482)	[00.000462,00.022598]
step                    	    547	09.280953	(00.016967 +- 00.006081)	[00.003975,00.047284]

INFO  Timings:
SM Timing
-----------
00_conversion_livox     	    549	05.812444	(00.010587 +- 00.000711)	[00.007809,00.020918]
01_filter               	    548	00.143851	(00.000263 +- 00.000065)	[00.000116,00.002236]
02_preint               	    546	00.019463	(00.000036 +- 00.000007)	[00.000024,00.000063]
02a_intensity_preprocess	    548	01.289347	(00.002353 +- 00.000711)	[00.000780,00.006182]
03_undistortion         	    546	00.339363	(00.000622 +- 00.000260)	[00.000126,00.002160]
04_sampling             	    545	00.231772	(00.000425 +- 00.000150)	[00.000063,00.002124]
04b_intensity_sampling  	    545	00.341945	(00.000627 +- 00.000236)	[00.000123,00.001617]
05_registration         	    545	01.685278	(00.003092 +- 00.001084)	[00.000667,00.010183]
06_map                  	    545	00.370210	(00.000679 +- 00.000246)	[00.000135,00.003131]
07_imu_opt              	    545	00.709470	(00.001302 +- 00.000274)	[00.000002,00.003554]
08_publish              	    545	04.112128	(00.007545 +- 00.003443)	[00.000462,00.022598]
step                    	    548	09.296629	(00.016965 +- 00.006028)	[00.003975,00.047284]

INFO  Timings:
SM Timing
-----------
00_conversion_livox     	    550	05.822919	(00.010587 +- 00.000704)	[00.007809,00.020918]
01_filter               	    549	00.144100	(00.000262 +- 00.000063)	[00.000116,00.002236]
02_preint               	    547	00.019500	(00.000036 +- 00.000007)	[00.000024,00.000063]
02a_intensity_preprocess	    549	01.291648	(00.002353 +- 00.000704)	[00.000780,00.006182]
03_undistortion         	    547	00.340089	(00.000622 +- 00.000258)	[00.000126,00.002160]
04_sampling             	    546	00.232267	(00.000425 +- 00.000151)	[00.000063,00.002124]
04b_intensity_sampling  	    546	00.342654	(00.000628 +- 00.000234)	[00.000123,00.001617]
05_registration         	    546	01.689380	(00.003094 +- 00.001101)	[00.000667,00.010183]
06_map                  	    546	00.370963	(00.000679 +- 00.000245)	[00.000135,00.003131]
07_imu_opt              	    546	00.710844	(00.001302 +- 00.000272)	[00.000002,00.003554]
08_publish              	    546	04.119405	(00.007545 +- 00.003402)	[00.000462,00.022598]
step                    	    549	09.314733	(00.016967 +- 00.005977)	[00.003975,00.047284]

INFO  Timings:
SM Timing
-----------
00_conversion_livox     	    551	05.833514	(00.010587 +- 00.000699)	[00.007809,00.020918]
01_filter               	    550	00.144337	(00.000262 +- 00.000063)	[00.000116,00.002236]
02_preint               	    548	00.019550	(00.000036 +- 00.000007)	[00.000024,00.000063]
02a_intensity_preprocess	    550	01.293953	(00.002353 +- 00.000697)	[00.000780,00.006182]
03_undistortion         	    548	00.340729	(00.000622 +- 00.000255)	[00.000126,00.002160]
04_sampling             	    547	00.232785	(00.000426 +- 00.000152)	[00.000063,00.002124]
04b_intensity_sampling  	    547	00.343290	(00.000628 +- 00.000232)	[00.000123,00.001617]
05_registration         	    547	01.692752	(00.003095 +- 00.001104)	[00.000667,00.010183]
06_map                  	    547	00.371555	(00.000679 +- 00.000243)	[00.000135,00.003131]
07_imu_opt              	    547	00.712124	(00.001302 +- 00.000270)	[00.000002,00.003554]
08_publish              	    547	04.126637	(00.007544 +- 00.003359)	[00.000462,00.022598]
step                    	    550	09.331693	(00.016967 +- 00.005914)	[00.003975,00.047284]

INFO  Timings:
SM Timing
-----------
00_conversion_livox     	    552	05.843905	(00.010587 +- 00.000688)	[00.007809,00.020918]
01_filter               	    551	00.144582	(00.000262 +- 00.000062)	[00.000116,00.002236]
02_preint               	    549	00.019592	(00.000036 +- 00.000007)	[00.000024,00.000063]
02a_intensity_preprocess	    551	01.296203	(00.002352 +- 00.000684)	[00.000780,00.006182]
03_undistortion         	    549	00.341339	(00.000622 +- 00.000251)	[00.000126,00.002160]
04_sampling             	    548	00.233149	(00.000425 +- 00.000150)	[00.000063,00.002124]
04b_intensity_sampling  	    548	00.343843	(00.000627 +- 00.000228)	[00.000123,00.001617]
05_registration         	    548	01.695581	(00.003094 +- 00.001091)	[00.000667,00.010183]
06_map                  	    548	00.372103	(00.000679 +- 00.000239)	[00.000135,00.003131]
07_imu_opt              	    548	00.713419	(00.001302 +- 00.000268)	[00.000002,00.003554]
08_publish              	    548	04.133885	(00.007544 +- 00.003301)	[00.000462,00.022598]
step                    	    551	09.347751	(00.016965 +- 00.005805)	[00.003975,00.047284]

INFO  Timings:
SM Timing
-----------
00_conversion_livox     	    553	05.854286	(00.010586 +- 00.000677)	[00.007809,00.020918]
01_filter               	    552	00.144806	(00.000262 +- 00.000060)	[00.000116,00.002236]
02_preint               	    550	00.019637	(00.000036 +- 00.000007)	[00.000024,00.000063]
02a_intensity_preprocess	    552	01.298577	(00.002352 +- 00.000670)	[00.000780,00.006182]
03_undistortion         	    550	00.341906	(00.000622 +- 00.000246)	[00.000126,00.002160]
04_sampling             	    549	00.233554	(00.000425 +- 00.000147)	[00.000063,00.002124]
04b_intensity_sampling  	    549	00.344483	(00.000627 +- 00.000223)	[00.000123,00.001617]
05_registration         	    549	01.698400	(00.003094 +- 00.001088)	[00.000667,00.010183]
06_map                  	    549	00.372668	(00.000679 +- 00.000233)	[00.000135,00.003131]
07_imu_opt              	    549	00.714766	(00.001302 +- 00.000266)	[00.000002,00.003554]
08_publish              	    549	04.141096	(00.007543 +- 00.003230)	[00.000462,00.022598]
step                    	    552	09.364030	(00.016964 +- 00.005698)	[00.003975,00.047284]

INFO  Timings:
SM Timing
-----------
00_conversion_livox     	    554	05.864731	(00.010586 +- 00.000672)	[00.007809,00.020918]
01_filter               	    553	00.145035	(00.000262 +- 00.000058)	[00.000116,00.002236]
02_preint               	    551	00.019681	(00.000036 +- 00.000007)	[00.000024,00.000063]
02a_intensity_preprocess	    553	01.300719	(00.002352 +- 00.000654)	[00.000780,00.006182]
03_undistortion         	    551	00.342520	(00.000622 +- 00.000239)	[00.000126,00.002160]
04_sampling             	    550	00.233889	(00.000425 +- 00.000144)	[00.000063,00.002124]
04b_intensity_sampling  	    550	00.344953	(00.000627 +- 00.000218)	[00.000123,00.001617]
05_registration         	    550	01.700464	(00.003092 +- 00.001072)	[00.000667,00.010183]
06_map                  	    550	00.373269	(00.000679 +- 00.000229)	[00.000135,00.003131]
07_imu_opt              	    550	00.716106	(00.001302 +- 00.000264)	[00.000002,00.003554]
08_publish              	    550	04.147924	(00.007542 +- 00.003144)	[00.000462,00.022598]
step                    	    553	09.378743	(00.016960 +- 00.005558)	[00.003975,00.047284]

INFO  Timings:
SM Timing
-----------
00_conversion_livox     	    555	05.874977	(00.010586 +- 00.000667)	[00.007809,00.020918]
01_filter               	    554	00.145291	(00.000262 +- 00.000057)	[00.000116,00.002236]
02_preint               	    552	00.019713	(00.000036 +- 00.000007)	[00.000024,00.000063]
02a_intensity_preprocess	    554	01.302845	(00.002352 +- 00.000635)	[00.000780,00.006182]
03_undistortion         	    552	00.343124	(00.000622 +- 00.000233)	[00.000126,00.002160]
04_sampling             	    551	00.234249	(00.000425 +- 00.000139)	[00.000063,00.002124]
04b_intensity_sampling  	    551	00.345570	(00.000627 +- 00.000215)	[00.000123,00.001617]
05_registration         	    551	01.702708	(00.003090 +- 00.001058)	[00.000667,00.010183]
06_map                  	    551	00.373798	(00.000678 +- 00.000225)	[00.000135,00.003131]
07_imu_opt              	    551	00.717597	(00.001302 +- 00.000264)	[00.000002,00.003554]
08_publish              	    551	04.154316	(00.007540 +- 00.003044)	[00.000462,00.022598]
step                    	    554	09.393524	(00.016956 +- 00.005397)	[00.003975,00.047284]

INFO  Timings:
SM Timing
-----------
00_conversion_livox     	    556	05.885353	(00.010585 +- 00.000662)	[00.007809,00.020918]
01_filter               	    555	00.145517	(00.000262 +- 00.000056)	[00.000116,00.002236]
02_preint               	    553	00.019753	(00.000036 +- 00.000007)	[00.000024,00.000063]
02a_intensity_preprocess	    555	01.304944	(00.002351 +- 00.000613)	[00.000780,00.006182]
03_undistortion         	    553	00.343683	(00.000621 +- 00.000225)	[00.000126,00.002160]
04_sampling             	    552	00.234627	(00.000425 +- 00.000133)	[00.000063,00.002124]
04b_intensity_sampling  	    552	00.346107	(00.000627 +- 00.000209)	[00.000123,00.001617]
05_registration         	    552	01.705476	(00.003090 +- 00.001035)	[00.000667,00.010183]
06_map                  	    552	00.374348	(00.000678 +- 00.000219)	[00.000135,00.003131]
07_imu_opt              	    552	00.718875	(00.001302 +- 00.000262)	[00.000002,00.003554]
08_publish              	    552	04.160513	(00.007537 +- 00.002934)	[00.000462,00.022598]
step                    	    555	09.408261	(00.016952 +- 00.005197)	[00.003975,00.047284]

INFO  Timings:
SM Timing
-----------
00_conversion_livox     	    557	05.895656	(00.010585 +- 00.000651)	[00.007809,00.020918]
01_filter               	    556	00.145765	(00.000262 +- 00.000054)	[00.000116,00.002236]
02_preint               	    554	00.019792	(00.000036 +- 00.000006)	[00.000024,00.000063]
02a_intensity_preprocess	    556	01.307086	(00.002351 +- 00.000586)	[00.000780,00.006182]
03_undistortion         	    554	00.344224	(00.000621 +- 00.000216)	[00.000126,00.002160]
04_sampling             	    553	00.235042	(00.000425 +- 00.000127)	[00.000063,00.002124]
04b_intensity_sampling  	    553	00.346640	(00.000627 +- 00.000203)	[00.000123,00.001617]
05_registration         	    553	01.707665	(00.003088 +- 00.000999)	[00.000667,00.010183]
06_map                  	    553	00.374907	(00.000678 +- 00.000211)	[00.000135,00.003131]
07_imu_opt              	    553	00.720158	(00.001302 +- 00.000260)	[00.000002,00.003554]
08_publish              	    553	04.166216	(00.007534 +- 00.002813)	[00.000462,00.022598]
step                    	    556	09.421978	(00.016946 +- 00.004962)	[00.003975,00.047284]

INFO  Timings:
SM Timing
-----------
00_conversion_livox     	    558	05.905576	(00.010583 +- 00.000643)	[00.007809,00.020918]
01_filter               	    557	00.145995	(00.000262 +- 00.000051)	[00.000116,00.002236]
02_preint               	    555	00.019823	(00.000036 +- 00.000007)	[00.000024,00.000063]
02a_intensity_preprocess	    557	01.308964	(00.002350 +- 00.000559)	[00.000780,00.006182]
03_undistortion         	    555	00.344716	(00.000621 +- 00.000207)	[00.000126,00.002160]
04_sampling             	    554	00.235316	(00.000425 +- 00.000121)	[00.000063,00.002124]
04b_intensity_sampling  	    554	00.347150	(00.000627 +- 00.000194)	[00.000123,00.001617]
05_registration         	    554	01.709274	(00.003085 +- 00.001006)	[00.000667,00.010183]
06_map                  	    554	00.375522	(00.000678 +- 00.000204)	[00.000135,00.003131]
07_imu_opt              	    554	00.721282	(00.001302 +- 00.000262)	[00.000002,00.003554]
08_publish              	    554	04.171517	(00.007530 +- 00.002680)	[00.000462,00.022598]
step                    	    557	09.434111	(00.016937 +- 00.004787)	[00.003975,00.047284]

INFO  Timings:
SM Timing
-----------
00_conversion_livox     	    559	05.916288	(00.010584 +- 00.000634)	[00.007809,00.020918]
01_filter               	    558	00.146232	(00.000262 +- 00.000049)	[00.000116,00.002236]
02_preint               	    556	00.019871	(00.000036 +- 00.000007)	[00.000024,00.000063]
02a_intensity_preprocess	    558	01.311159	(00.002350 +- 00.000524)	[00.000780,00.006182]
03_undistortion         	    556	00.345137	(00.000621 +- 00.000199)	[00.000126,00.002160]
04_sampling             	    555	00.235628	(00.000425 +- 00.000113)	[00.000063,00.002124]
04b_intensity_sampling  	    555	00.347605	(00.000626 +- 00.000184)	[00.000123,00.001617]
05_registration         	    555	01.711714	(00.003084 +- 00.000974)	[00.000667,00.010183]
06_map                  	    555	00.376059	(00.000678 +- 00.000193)	[00.000135,00.003131]
07_imu_opt              	    555	00.722802	(00.001302 +- 00.000261)	[00.000002,00.003554]
08_publish              	    555	04.177714	(00.007527 +- 00.002520)	[00.000462,00.022598]
step                    	    558	09.448522	(00.016933 +- 00.004494)	[00.003975,00.047284]

INFO  Timings:
SM Timing
-----------
00_conversion_livox     	    560	05.928718	(00.010587 +- 00.000678)	[00.007809,00.020918]
01_filter               	    559	00.146489	(00.000262 +- 00.000046)	[00.000116,00.002236]
02_preint               	    557	00.019926	(00.000036 +- 00.000007)	[00.000024,00.000063]
02a_intensity_preprocess	    559	01.313683	(00.002350 +- 00.000486)	[00.000780,00.006182]
03_undistortion         	    557	00.345562	(00.000620 +- 00.000189)	[00.000126,00.002160]
04_sampling             	    556	00.236051	(00.000425 +- 00.000105)	[00.000063,00.002124]
04b_intensity_sampling  	    556	00.348175	(00.000626 +- 00.000172)	[00.000123,00.001617]
05_registration         	    556	01.713905	(00.003083 +- 00.000948)	[00.000667,00.010183]
06_map                  	    556	00.376549	(00.000677 +- 00.000180)	[00.000135,00.003131]
07_imu_opt              	    556	00.724403	(00.001303 +- 00.000261)	[00.000002,00.003554]
08_publish              	    556	04.183560	(00.007524 +- 00.002347)	[00.000462,00.022598]
step                    	    559	09.462986	(00.016928 +- 00.004171)	[00.003975,00.047284]

INFO  Timings:
SM Timing
-----------
00_conversion_livox     	    561	05.940920	(00.010590 +- 00.000706)	[00.007809,00.020918]
01_filter               	    560	00.146764	(00.000262 +- 00.000042)	[00.000116,00.002236]
02_preint               	    558	00.019968	(00.000036 +- 00.000006)	[00.000024,00.000063]
02a_intensity_preprocess	    560	01.315742	(00.002350 +- 00.000446)	[00.000780,00.006182]
03_undistortion         	    558	00.345943	(00.000620 +- 00.000180)	[00.000126,00.002160]
04_sampling             	    557	00.236353	(00.000424 +- 00.000096)	[00.000063,00.002124]
04b_intensity_sampling  	    557	00.348684	(00.000626 +- 00.000161)	[00.000123,00.001617]
05_registration         	    557	01.716101	(00.003081 +- 00.000909)	[00.000667,00.010183]
06_map                  	    557	00.377064	(00.000677 +- 00.000168)	[00.000135,00.003131]
07_imu_opt              	    557	00.725774	(00.001303 +- 00.000261)	[00.000002,00.003554]
08_publish              	    557	04.188543	(00.007520 +- 00.002183)	[00.000462,00.022598]
step                    	    560	09.475702	(00.016921 +- 00.003862)	[00.003975,00.047284]

INFO  Timings:
SM Timing
-----------
00_conversion_livox     	    562	05.952043	(00.010591 +- 00.000693)	[00.007809,00.020918]
01_filter               	    561	00.147005	(00.000262 +- 00.000040)	[00.000116,00.002236]
02_preint               	    559	00.020008	(00.000036 +- 00.000006)	[00.000024,00.000063]
02a_intensity_preprocess	    561	01.317692	(00.002349 +- 00.000405)	[00.000780,00.006182]
03_undistortion         	    559	00.346320	(00.000620 +- 00.000175)	[00.000126,00.002160]
04_sampling             	    558	00.236770	(00.000424 +- 00.000087)	[00.000063,00.002124]
04b_intensity_sampling  	    558	00.349336	(00.000626 +- 00.000150)	[00.000123,00.001617]
05_registration         	    558	01.718345	(00.003079 +- 00.000889)	[00.000667,00.010183]
06_map                  	    558	00.377575	(00.000677 +- 00.000162)	[00.000135,00.003131]
07_imu_opt              	    558	00.727063	(00.001303 +- 00.000258)	[00.000002,00.003554]
08_publish              	    558	04.193582	(00.007515 +- 00.002015)	[00.000462,00.022598]
step                    	    561	09.488531	(00.016914 +- 00.003570)	[00.003975,00.047284]

INFO  Timings:
SM Timing
-----------
00_conversion_livox     	    563	05.962740	(00.010591 +- 00.000673)	[00.007809,00.020918]
01_filter               	    562	00.147319	(00.000262 +- 00.000038)	[00.000116,00.002236]
02_preint               	    560	00.020045	(00.000036 +- 00.000006)	[00.000024,00.000063]
02a_intensity_preprocess	    562	01.319686	(00.002348 +- 00.000365)	[00.000780,00.006182]
03_undistortion         	    560	00.346723	(00.000619 +- 00.000167)	[00.000126,00.002160]
04_sampling             	    559	00.237082	(00.000424 +- 00.000076)	[00.000063,00.002124]
04b_intensity_sampling  	    559	00.349808	(00.000626 +- 00.000140)	[00.000123,00.001617]
05_registration         	    559	01.720447	(00.003078 +- 00.000876)	[00.000667,00.010183]
06_map                  	    559	00.378122	(00.000676 +- 00.000149)	[00.000135,00.003131]
07_imu_opt              	    559	00.728273	(00.001303 +- 00.000256)	[00.000002,00.003554]
08_publish              	    559	04.199371	(00.007512 +- 00.001849)	[00.000462,00.022598]
step                    	    562	09.501782	(00.016907 +- 00.003282)	[00.003975,00.047284]

INFO  Timings:
SM Timing
-----------
00_conversion_livox     	    564	05.973171	(00.010591 +- 00.000656)	[00.007809,00.020918]
01_filter               	    563	00.147585	(00.000262 +- 00.000035)	[00.000116,00.002236]
02_preint               	    561	00.020083	(00.000036 +- 00.000006)	[00.000024,00.000063]
02a_intensity_preprocess	    563	01.321924	(00.002348 +- 00.000334)	[00.000780,00.006182]
03_undistortion         	    561	00.347422	(00.000619 +- 00.000156)	[00.000126,00.002160]
04_sampling             	    560	00.237427	(00.000424 +- 00.000071)	[00.000063,00.002124]
04b_intensity_sampling  	    560	00.350407	(00.000626 +- 00.000129)	[00.000123,00.001617]
05_registration         	    560	01.723112	(00.003077 +- 00.000877)	[00.000667,00.010183]
06_map                  	    560	00.378816	(00.000676 +- 00.000141)	[00.000135,00.003131]
07_imu_opt              	    560	00.729507	(00.001303 +- 00.000254)	[00.000002,00.003554]
08_publish              	    560	04.206399	(00.007511 +- 00.001716)	[00.000462,00.022598]
step                    	    563	09.517641	(00.016905 +- 00.003103)	[00.003975,00.047284]

INFO  Timings:
SM Timing
-----------
00_conversion_livox     	    565	05.983413	(00.010590 +- 00.000652)	[00.007809,00.020918]
01_filter               	    564	00.147878	(00.000262 +- 00.000034)	[00.000116,00.002236]
02_preint               	    562	00.020114	(00.000036 +- 00.000006)	[00.000024,00.000063]
02a_intensity_preprocess	    564	01.324358	(00.002348 +- 00.000319)	[00.000780,00.006182]
03_undistortion         	    562	00.348012	(00.000619 +- 00.000151)	[00.000126,00.002160]
04_sampling             	    561	00.237832	(00.000424 +- 00.000070)	[00.000063,00.002124]
04b_intensity_sampling  	    561	00.351072	(00.000626 +- 00.000125)	[00.000123,00.001617]
05_registration         	    561	01.725116	(00.003075 +- 00.000872)	[00.000667,00.010183]
06_map                  	    561	00.379528	(00.000677 +- 00.000136)	[00.000135,00.003131]
07_imu_opt              	    561	00.730653	(00.001302 +- 00.000256)	[00.000002,00.003554]
08_publish              	    561	04.214324	(00.007512 +- 00.001653)	[00.000462,00.022598]
step                    	    564	09.533913	(00.016904 +- 00.003053)	[00.003975,00.047284]

INFO  Timings:
SM Timing
-----------
00_conversion_livox     	    566	05.993294	(00.010589 +- 00.000660)	[00.007809,00.020918]
01_filter               	    565	00.148127	(00.000262 +- 00.000034)	[00.000116,00.002236]
02_preint               	    563	00.020151	(00.000036 +- 00.000006)	[00.000024,00.000063]
02a_intensity_preprocess	    565	01.326773	(00.002348 +- 00.000314)	[00.000780,00.006182]
03_undistortion         	    563	00.348726	(00.000619 +- 00.000147)	[00.000126,00.002160]
04_sampling             	    562	00.238261	(00.000424 +- 00.000069)	[00.000063,00.002124]
04b_intensity_sampling  	    562	00.351845	(00.000626 +- 00.000126)	[00.000123,00.001617]
05_registration         	    562	01.728723	(00.003076 +- 00.000871)	[00.000667,00.010183]
06_map                  	    562	00.380410	(00.000677 +- 00.000138)	[00.000135,00.003131]
07_imu_opt              	    562	00.731836	(00.001302 +- 00.000257)	[00.000002,00.003554]
08_publish              	    562	04.222961	(00.007514 +- 00.001623)	[00.000462,00.022598]
step                    	    565	09.552928	(00.016908 +- 00.003005)	[00.003975,00.047284]

INFO  Timings:
SM Timing
-----------
00_conversion_livox     	    567	06.003712	(00.010589 +- 00.000657)	[00.007809,00.020918]
01_filter               	    566	00.148412	(00.000262 +- 00.000034)	[00.000116,00.002236]
02_preint               	    564	00.020182	(00.000036 +- 00.000006)	[00.000024,00.000063]
02a_intensity_preprocess	    566	01.329252	(00.002349 +- 00.000310)	[00.000780,00.006182]
03_undistortion         	    564	00.349456	(00.000620 +- 00.000146)	[00.000126,00.002160]
04_sampling             	    563	00.238697	(00.000424 +- 00.000068)	[00.000063,00.002124]
04b_intensity_sampling  	    563	00.352550	(00.000626 +- 00.000125)	[00.000123,00.001617]
05_registration         	    563	01.731013	(00.003075 +- 00.000867)	[00.000667,00.010183]
06_map                  	    563	00.381116	(00.000677 +- 00.000135)	[00.000135,00.003131]
07_imu_opt              	    563	00.733172	(00.001302 +- 00.000256)	[00.000002,00.003554]
08_publish              	    563	04.231813	(00.007517 +- 00.001607)	[00.000462,00.022598]
step                    	    566	09.570864	(00.016910 +- 00.002964)	[00.003975,00.047284]

INFO  Timings:
SM Timing
-----------
00_conversion_livox     	    568	06.014068	(00.010588 +- 00.000658)	[00.007809,00.020918]
01_filter               	    567	00.148707	(00.000262 +- 00.000034)	[00.000116,00.002236]
02_preint               	    565	00.020217	(00.000036 +- 00.000006)	[00.000024,00.000063]
02a_intensity_preprocess	    567	01.331655	(00.002349 +- 00.000310)	[00.000780,00.006182]
03_undistortion         	    565	00.350140	(00.000620 +- 00.000146)	[00.000126,00.002160]
04_sampling             	    564	00.239107	(00.000424 +- 00.000067)	[00.000063,00.002124]
04b_intensity_sampling  	    564	00.353220	(00.000626 +- 00.000125)	[00.000123,00.001617]
05_registration         	    564	01.735061	(00.003076 +- 00.000883)	[00.000667,00.010183]
06_map                  	    564	00.381907	(00.000677 +- 00.000135)	[00.000135,00.003131]
07_imu_opt              	    564	00.734314	(00.001302 +- 00.000191)	[00.000002,00.003554]
08_publish              	    564	04.240804	(00.007519 +- 00.001613)	[00.000462,00.022598]
step                    	    567	09.590407	(00.016914 +- 00.002979)	[00.003975,00.047284]

INFO  Timings:
SM Timing
-----------
00_conversion_livox     	    569	06.024529	(00.010588 +- 00.000659)	[00.007809,00.020918]
01_filter               	    568	00.149011	(00.000262 +- 00.000034)	[00.000116,00.002236]
02_preint               	    566	00.020254	(00.000036 +- 00.000006)	[00.000024,00.000063]
02a_intensity_preprocess	    568	01.334141	(00.002349 +- 00.000310)	[00.000780,00.006182]
03_undistortion         	    566	00.350920	(00.000620 +- 00.000142)	[00.000126,00.002160]
04_sampling             	    565	00.239514	(00.000424 +- 00.000065)	[00.000063,00.002124]
04b_intensity_sampling  	    565	00.353885	(00.000626 +- 00.000124)	[00.000123,00.001617]
05_registration         	    565	01.738319	(00.003077 +- 00.000841)	[00.000667,00.010183]
06_map                  	    565	00.382636	(00.000677 +- 00.000135)	[00.000135,00.003131]
07_imu_opt              	    565	00.735534	(00.001302 +- 00.000136)	[00.000002,00.003554]
08_publish              	    565	04.250332	(00.007523 +- 00.001626)	[00.000462,00.022598]
step                    	    568	09.609879	(00.016919 +- 00.002933)	[00.003975,00.047284]

INFO  Timings:
SM Timing
-----------
00_conversion_livox     	    570	06.034944	(00.010588 +- 00.000660)	[00.007809,00.020918]
01_filter               	    569	00.149234	(00.000262 +- 00.000035)	[00.000116,00.002236]
02_preint               	    567	00.020284	(00.000036 +- 00.000007)	[00.000024,00.000063]
02a_intensity_preprocess	    569	01.336678	(00.002349 +- 00.000305)	[00.000780,00.006182]
03_undistortion         	    567	00.351765	(00.000620 +- 00.000144)	[00.000126,00.002160]
04_sampling             	    566	00.239936	(00.000424 +- 00.000065)	[00.000063,00.002124]
04b_intensity_sampling  	    566	00.354577	(00.000626 +- 00.000124)	[00.000123,00.001617]
05_registration         	    566	01.740858	(00.003076 +- 00.000842)	[00.000667,00.010183]
06_map                  	    566	00.383443	(00.000677 +- 00.000136)	[00.000135,00.003131]
07_imu_opt              	    566	00.736764	(00.001302 +- 00.000127)	[00.000002,00.003554]
08_publish              	    566	04.259811	(00.007526 +- 00.001627)	[00.000462,00.022598]
step                    	    569	09.628752	(00.016922 +- 00.002924)	[00.003975,00.047284]

INFO  Timings:
SM Timing
-----------
00_conversion_livox     	    571	06.045034	(00.010587 +- 00.000655)	[00.007809,00.020918]
01_filter               	    570	00.149490	(00.000262 +- 00.000033)	[00.000116,00.002236]
02_preint               	    568	00.020319	(00.000036 +- 00.000006)	[00.000024,00.000063]
02a_intensity_preprocess	    570	01.339333	(00.002350 +- 00.000303)	[00.000780,00.006182]
03_undistortion         	    568	00.352529	(00.000621 +- 00.000143)	[00.000126,00.002160]
04_sampling             	    567	00.240374	(00.000424 +- 00.000065)	[00.000063,00.002124]
04b_intensity_sampling  	    567	00.355396	(00.000627 +- 00.000125)	[00.000123,00.001617]
05_registration         	    567	01.743569	(00.003075 +- 00.000771)	[00.000667,00.010183]
06_map                  	    567	00.384318	(00.000678 +- 00.000138)	[00.000135,00.003131]
07_imu_opt              	    567	00.738004	(00.001302 +- 00.000122)	[00.000002,00.003554]
08_publish              	    567	04.269517	(00.007530 +- 00.001612)	[00.000462,00.022598]
step                    	    570	09.648339	(00.016927 +- 00.002825)	[00.003975,00.047284]

INFO  Timings:
SM Timing
-----------
00_conversion_livox     	    572	06.055096	(00.010586 +- 00.000625)	[00.007809,00.020918]
01_filter               	    571	00.149773	(00.000262 +- 00.000033)	[00.000116,00.002236]
02_preint               	    569	00.020352	(00.000036 +- 00.000006)	[00.000024,00.000063]
02a_intensity_preprocess	    571	01.342036	(00.002350 +- 00.000299)	[00.000780,00.006182]
03_undistortion         	    569	00.353388	(00.000621 +- 00.000144)	[00.000126,00.002160]
04_sampling             	    568	00.240831	(00.000424 +- 00.000065)	[00.000063,00.002124]
04b_intensity_sampling  	    568	00.356120	(00.000627 +- 00.000123)	[00.000123,00.001617]
05_registration         	    568	01.747451	(00.003076 +- 00.000775)	[00.000667,00.010183]
06_map                  	    568	00.385024	(00.000678 +- 00.000135)	[00.000135,00.003131]
07_imu_opt              	    568	00.739262	(00.001302 +- 00.000122)	[00.000002,00.003554]
08_publish              	    568	04.279715	(00.007535 +- 00.001612)	[00.000462,00.022598]
step                    	    571	09.669520	(00.016934 +- 00.002812)	[00.003975,00.047284]

INFO  Timings:
SM Timing
-----------
00_conversion_livox     	    573	06.064923	(00.010585 +- 00.000620)	[00.007809,00.020918]
01_filter               	    572	00.150071	(00.000262 +- 00.000033)	[00.000116,00.002236]
02_preint               	    570	00.020382	(00.000036 +- 00.000006)	[00.000024,00.000063]
02a_intensity_preprocess	    572	01.344778	(00.002351 +- 00.000291)	[00.000780,00.006182]
03_undistortion         	    570	00.354627	(00.000622 +- 00.000163)	[00.000126,00.002160]
04_sampling             	    569	00.241310	(00.000424 +- 00.000064)	[00.000063,00.002124]
04b_intensity_sampling  	    569	00.356941	(00.000627 +- 00.000123)	[00.000123,00.001617]
05_registration         	    569	01.751099	(00.003078 +- 00.000722)	[00.000667,00.010183]
06_map                  	    569	00.385992	(00.000678 +- 00.000140)	[00.000135,00.003131]
07_imu_opt              	    569	00.740489	(00.001301 +- 00.000121)	[00.000002,00.003554]
08_publish              	    569	04.290269	(00.007540 +- 00.001612)	[00.000462,00.022598]
step                    	    572	09.691614	(00.016943 +- 00.002770)	[00.003975,00.047284]

INFO  Timings:
SM Timing
-----------
00_conversion_livox     	    574	06.074843	(00.010583 +- 00.000611)	[00.007809,00.020918]
01_filter               	    573	00.150372	(00.000262 +- 00.000034)	[00.000116,00.002236]
02_preint               	    571	00.020412	(00.000036 +- 00.000006)	[00.000024,00.000063]
02a_intensity_preprocess	    573	01.347712	(00.002352 +- 00.000285)	[00.000780,00.006182]
03_undistortion         	    571	00.355498	(00.000623 +- 00.000164)	[00.000126,00.002160]
04_sampling             	    570	00.241806	(00.000424 +- 00.000065)	[00.000063,00.002124]
04b_intensity_sampling  	    570	00.357666	(00.000627 +- 00.000121)	[00.000123,00.001617]
05_registration         	    570	01.754163	(00.003077 +- 00.000724)	[00.000667,00.010183]
06_map                  	    570	00.386869	(00.000679 +- 00.000134)	[00.000135,00.003131]
07_imu_opt              	    570	00.741640	(00.001301 +- 00.000122)	[00.000002,00.003554]
08_publish              	    570	04.300767	(00.007545 +- 00.001602)	[00.000462,00.022598]
step                    	    573	09.712614	(00.016950 +- 00.002749)	[00.003975,00.047284]

INFO  Timings:
SM Timing
-----------
00_conversion_livox     	    575	06.084106	(00.010581 +- 00.000618)	[00.007809,00.020918]
01_filter               	    574	00.150682	(00.000263 +- 00.000034)	[00.000116,00.002236]
02_preint               	    572	00.020438	(00.000036 +- 00.000006)	[00.000024,00.000063]
02a_intensity_preprocess	    574	01.350620	(00.002353 +- 00.000283)	[00.000780,00.006182]
03_undistortion         	    572	00.356377	(00.000623 +- 00.000159)	[00.000126,00.002160]
04_sampling             	    571	00.242286	(00.000424 +- 00.000065)	[00.000063,00.002124]
04b_intensity_sampling  	    571	00.358398	(00.000628 +- 00.000120)	[00.000123,00.001617]
05_registration         	    571	01.757302	(00.003078 +- 00.000718)	[00.000667,00.010183]
06_map                  	    571	00.387706	(00.000679 +- 00.000131)	[00.000135,00.003131]
07_imu_opt              	    571	00.742793	(00.001301 +- 00.000123)	[00.000002,00.003554]
08_publish              	    571	04.311781	(00.007551 +- 00.001605)	[00.000462,00.022598]
step                    	    574	09.734181	(00.016959 +- 00.002716)	[00.003975,00.047284]

INFO  Timings:
SM Timing
-----------
00_conversion_livox     	    576	06.093695	(00.010579 +- 00.000613)	[00.007809,00.020918]
01_filter               	    575	00.150987	(00.000263 +- 00.000035)	[00.000116,00.002236]
02_preint               	    573	00.020475	(00.000036 +- 00.000006)	[00.000024,00.000063]
02a_intensity_preprocess	    575	01.353527	(00.002354 +- 00.000276)	[00.000780,00.006182]
03_undistortion         	    573	00.357174	(00.000623 +- 00.000156)	[00.000126,00.002160]
04_sampling             	    572	00.242758	(00.000424 +- 00.000063)	[00.000063,00.002124]
04b_intensity_sampling  	    572	00.359109	(00.000628 +- 00.000115)	[00.000123,00.001617]
05_registration         	    572	01.760465	(00.003078 +- 00.000714)	[00.000667,00.010183]
06_map                  	    572	00.388704	(00.000680 +- 00.000135)	[00.000135,00.003131]
07_imu_opt              	    572	00.743976	(00.001301 +- 00.000120)	[00.000002,00.003554]
08_publish              	    572	04.322963	(00.007558 +- 00.001611)	[00.000462,00.022598]
step                    	    575	09.756042	(00.016967 +- 00.002685)	[00.003975,00.047284]

INFO  Timings:
SM Timing
-----------
00_conversion_livox     	    577	06.103035	(00.010577 +- 00.000610)	[00.007809,00.020918]
01_filter               	    576	00.151328	(00.000263 +- 00.000036)	[00.000116,00.002236]
02_preint               	    574	00.020512	(00.000036 +- 00.000006)	[00.000024,00.000063]
02a_intensity_preprocess	    576	01.356370	(00.002355 +- 00.000268)	[00.000780,00.006182]
03_undistortion         	    574	00.358089	(00.000624 +- 00.000158)	[00.000126,00.002160]
04_sampling             	    573	00.243302	(00.000425 +- 00.000062)	[00.000063,00.002124]
04b_intensity_sampling  	    573	00.359904	(00.000628 +- 00.000117)	[00.000123,00.001617]
05_registration         	    573	01.763499	(00.003078 +- 00.000715)	[00.000667,00.010183]
06_map                  	    573	00.389575	(00.000680 +- 00.000135)	[00.000135,00.003131]
07_imu_opt              	    573	00.745183	(00.001300 +- 00.000114)	[00.000002,00.003554]
08_publish              	    573	04.333828	(00.007563 +- 00.001633)	[00.000462,00.022598]
step                    	    576	09.777580	(00.016975 +- 00.002708)	[00.003975,00.047284]

INFO  Timings:
SM Timing
-----------
00_conversion_livox     	    578	06.113243	(00.010577 +- 00.000609)	[00.007809,00.020918]
01_filter               	    577	00.151665	(00.000263 +- 00.000037)	[00.000116,00.002236]
02_preint               	    575	00.020549	(00.000036 +- 00.000006)	[00.000024,00.000063]
02a_intensity_preprocess	    577	01.359259	(00.002356 +- 00.000272)	[00.000780,00.006182]
03_undistortion         	    575	00.358931	(00.000624 +- 00.000159)	[00.000126,00.002160]
04_sampling             	    574	00.243860	(00.000425 +- 00.000065)	[00.000063,00.002124]
04b_intensity_sampling  	    574	00.360689	(00.000628 +- 00.000117)	[00.000123,00.001617]
05_registration         	    574	01.768442	(00.003081 +- 00.000754)	[00.000667,00.010183]
06_map                  	    574	00.390338	(00.000680 +- 00.000133)	[00.000135,00.003131]
07_imu_opt              	    574	00.746317	(00.001300 +- 00.000105)	[00.000002,00.003554]
08_publish              	    574	04.345052	(00.007570 +- 00.001680)	[00.000462,00.022598]
step                    	    577	09.801184	(00.016986 +- 00.002792)	[00.003975,00.047284]

INFO  Timings:
SM Timing
-----------
00_conversion_livox     	    579	06.123148	(00.010575 +- 00.000609)	[00.007809,00.020918]
01_filter               	    578	00.152023	(00.000263 +- 00.000039)	[00.000116,00.002236]
02_preint               	    576	00.020578	(00.000036 +- 00.000006)	[00.000024,00.000063]
02a_intensity_preprocess	    578	01.362202	(00.002357 +- 00.000281)	[00.000780,00.006182]
03_undistortion         	    576	00.359730	(00.000625 +- 00.000159)	[00.000126,00.002160]
04_sampling             	    575	00.244420	(00.000425 +- 00.000067)	[00.000063,00.002124]
04b_intensity_sampling  	    575	00.361570	(00.000629 +- 00.000117)	[00.000123,00.001617]
05_registration         	    575	01.771722	(00.003081 +- 00.000756)	[00.000667,00.010183]
06_map                  	    575	00.391081	(00.000680 +- 00.000133)	[00.000135,00.003131]
07_imu_opt              	    575	00.747567	(00.001300 +- 00.000105)	[00.000002,00.003554]
08_publish              	    575	04.356165	(00.007576 +- 00.001724)	[00.000462,00.022598]
step                    	    578	09.823222	(00.016995 +- 00.002859)	[00.003975,00.047284]

INFO  Timings:
SM Timing
-----------
00_conversion_livox     	    580	06.133128	(00.010574 +- 00.000605)	[00.007809,00.020918]
01_filter               	    579	00.152368	(00.000263 +- 00.000041)	[00.000116,00.002236]
02_preint               	    577	00.020608	(00.000036 +- 00.000006)	[00.000024,00.000063]
02a_intensity_preprocess	    579	01.365094	(00.002358 +- 00.000288)	[00.000780,00.006182]
03_undistortion         	    577	00.360804	(00.000625 +- 00.000168)	[00.000126,00.002160]
04_sampling             	    576	00.245004	(00.000425 +- 00.000069)	[00.000063,00.002124]
04b_intensity_sampling  	    576	00.362423	(00.000629 +- 00.000119)	[00.000123,00.001617]
05_registration         	    576	01.775171	(00.003082 +- 00.000755)	[00.000667,00.010183]
06_map                  	    576	00.391905	(00.000680 +- 00.000128)	[00.000135,00.003131]
07_imu_opt              	    576	00.748782	(00.001300 +- 00.000105)	[00.000002,00.003554]
08_publish              	    576	04.367023	(00.007582 +- 00.001763)	[00.000462,00.022598]
step                    	    579	09.845442	(00.017004 +- 00.002919)	[00.003975,00.047284]

INFO  Timings:
SM Timing
-----------
00_conversion_livox     	    581	06.143458	(00.010574 +- 00.000605)	[00.007809,00.020918]
01_filter               	    580	00.152685	(00.000263 +- 00.000041)	[00.000116,00.002236]
02_preint               	    578	00.020646	(00.000036 +- 00.000006)	[00.000024,00.000063]
02a_intensity_preprocess	    580	01.367967	(00.002359 +- 00.000294)	[00.000780,00.006182]
03_undistortion         	    578	00.361544	(00.000626 +- 00.000168)	[00.000126,00.002160]
04_sampling             	    577	00.245669	(00.000426 +- 00.000076)	[00.000063,00.002124]
04b_intensity_sampling  	    577	00.363325	(00.000630 +- 00.000124)	[00.000123,00.001617]
05_registration         	    577	01.778328	(00.003082 +- 00.000747)	[00.000667,00.010183]
06_map                  	    577	00.392933	(00.000681 +- 00.000134)	[00.000135,00.003131]
07_imu_opt              	    577	00.750061	(00.001300 +- 00.000105)	[00.000002,00.003554]
08_publish              	    577	04.377505	(00.007587 +- 00.001785)	[00.000462,00.022598]
step                    	    580	09.867027	(00.017012 +- 00.002951)	[00.003975,00.047284]

INFO  Timings:
SM Timing
-----------
00_conversion_livox     	    582	06.153522	(00.010573 +- 00.000583)	[00.007809,00.020918]
01_filter               	    581	00.152933	(00.000263 +- 00.000041)	[00.000116,00.002236]
02_preint               	    579	00.020676	(00.000036 +- 00.000006)	[00.000024,00.000063]
02a_intensity_preprocess	    581	01.370688	(00.002359 +- 00.000293)	[00.000780,00.006182]
03_undistortion         	    579	00.362400	(00.000626 +- 00.000170)	[00.000126,00.002160]
04_sampling             	    578	00.246157	(00.000426 +- 00.000077)	[00.000063,00.002124]
04b_intensity_sampling  	    578	00.364148	(00.000630 +- 00.000106)	[00.000123,00.001617]
05_registration         	    578	01.780967	(00.003081 +- 00.000747)	[00.000667,00.010183]
06_map                  	    578	00.393727	(00.000681 +- 00.000134)	[00.000135,00.003131]
07_imu_opt              	    578	00.751223	(00.001300 +- 00.000102)	[00.000002,00.003554]
08_publish              	    578	04.387658	(00.007591 +- 00.001794)	[00.000462,00.022598]
step                    	    581	09.887014	(00.017017 +- 00.002946)	[00.003975,00.047284]

INFO  Timings:
SM Timing
-----------
00_conversion_livox     	    583	06.163841	(00.010573 +- 00.000563)	[00.007809,00.020918]
01_filter               	    582	00.153192	(00.000263 +- 00.000040)	[00.000116,00.002236]
02_preint               	    580	00.020715	(00.000036 +- 00.000006)	[00.000024,00.000063]
02a_intensity_preprocess	    582	01.373682	(00.002360 +- 00.000302)	[00.000780,00.006182]
03_undistortion         	    580	00.363916	(00.000627 +- 00.000205)	[00.000126,00.002160]
04_sampling             	    579	00.246695	(00.000426 +- 00.000078)	[00.000063,00.002124]
04b_intensity_sampling  	    579	00.364925	(00.000630 +- 00.000106)	[00.000123,00.001617]
05_registration         	    579	01.783966	(00.003081 +- 00.000742)	[00.000667,00.010183]
06_map                  	    579	00.394526	(00.000681 +- 00.000132)	[00.000135,00.003131]
07_imu_opt              	    579	00.752506	(00.001300 +- 00.000102)	[00.000002,00.003554]
08_publish              	    579	04.397644	(00.007595 +- 00.001809)	[00.000462,00.022598]
step                    	    582	09.908280	(00.017025 +- 00.002992)	[00.003975,00.047284]

INFO  Timings:
SM Timing
-----------
00_conversion_livox     	    584	06.174497	(00.010573 +- 00.000552)	[00.007809,00.020918]
01_filter               	    583	00.153472	(00.000263 +- 00.000039)	[00.000116,00.002236]
02_preint               	    581	00.020754	(00.000036 +- 00.000006)	[00.000024,00.000063]
02a_intensity_preprocess	    583	01.376452	(00.002361 +- 00.000305)	[00.000780,00.006182]
03_undistortion         	    581	00.364619	(00.000628 +- 00.000205)	[00.000126,00.002160]
04_sampling             	    580	00.247110	(00.000426 +- 00.000078)	[00.000063,00.002124]
04b_intensity_sampling  	    580	00.365727	(00.000631 +- 00.000108)	[00.000123,00.001617]
05_registration         	    580	01.786704	(00.003081 +- 00.000742)	[00.000667,00.010183]
06_map                  	    580	00.395305	(00.000682 +- 00.000132)	[00.000135,00.003131]
07_imu_opt              	    580	00.753740	(00.001300 +- 00.000102)	[00.000002,00.003554]
08_publish              	    580	04.407428	(00.007599 +- 00.001822)	[00.000462,00.022598]
step                    	    583	09.927883	(00.017029 +- 00.003003)	[00.003975,00.047284]

INFO  Timings:
SM Timing
-----------
00_conversion_livox     	    585	06.184994	(00.010573 +- 00.000550)	[00.007809,00.020918]
01_filter               	    584	00.153700	(00.000263 +- 00.000039)	[00.000116,00.002236]
02_preint               	    582	00.020791	(00.000036 +- 00.000006)	[00.000024,00.000063]
02a_intensity_preprocess	    584	01.379210	(00.002362 +- 00.000308)	[00.000780,00.006182]
03_undistortion         	    582	00.365379	(00.000628 +- 00.000205)	[00.000126,00.002160]
04_sampling             	    581	00.247587	(00.000426 +- 00.000078)	[00.000063,00.002124]
04b_intensity_sampling  	    581	00.366489	(00.000631 +- 00.000108)	[00.000123,00.001617]
05_registration         	    581	01.790181	(00.003081 +- 00.000742)	[00.000667,00.010183]
06_map                  	    581	00.396055	(00.000682 +- 00.000132)	[00.000135,00.003131]
07_imu_opt              	    581	00.754950	(00.001299 +- 00.000102)	[00.000002,00.003554]
08_publish              	    581	04.416963	(00.007602 +- 00.001833)	[00.000462,00.022598]
step                    	    584	09.947948	(00.017034 +- 00.003023)	[00.003975,00.047284]

INFO  Timings:
SM Timing
-----------
00_conversion_livox     	    586	06.195456	(00.010572 +- 00.000544)	[00.007809,00.020918]
01_filter               	    585	00.153937	(00.000263 +- 00.000039)	[00.000116,00.002236]
02_preint               	    583	00.020824	(00.000036 +- 00.000006)	[00.000024,00.000063]
02a_intensity_preprocess	    585	01.381962	(00.002362 +- 00.000311)	[00.000780,00.006182]
03_undistortion         	    583	00.366123	(00.000628 +- 00.000205)	[00.000126,00.002160]
04_sampling             	    582	00.248068	(00.000426 +- 00.000079)	[00.000063,00.002124]
04b_intensity_sampling  	    582	00.367234	(00.000631 +- 00.000109)	[00.000123,00.001617]
05_registration         	    582	01.792597	(00.003080 +- 00.000737)	[00.000667,00.010183]
06_map                  	    582	00.396851	(00.000682 +- 00.000132)	[00.000135,00.003131]
07_imu_opt              	    582	00.756177	(00.001299 +- 00.000101)	[00.000002,00.003554]
08_publish              	    582	04.426884	(00.007606 +- 00.001849)	[00.000462,00.022598]
step                    	    585	09.967400	(00.017038 +- 00.003029)	[00.003975,00.047284]

INFO  Timings:
SM Timing
-----------
00_conversion_livox     	    587	06.206326	(00.010573 +- 00.000547)	[00.007809,00.020918]
01_filter               	    586	00.154201	(00.000263 +- 00.000039)	[00.000116,00.002236]
02_preint               	    584	00.020872	(00.000036 +- 00.000006)	[00.000024,00.000063]
02a_intensity_preprocess	    586	01.384777	(00.002363 +- 00.000314)	[00.000780,00.006182]
03_undistortion         	    584	00.366876	(00.000628 +- 00.000205)	[00.000126,00.002160]
04_sampling             	    583	00.248585	(00.000426 +- 00.000079)	[00.000063,00.002124]
04b_intensity_sampling  	    583	00.367957	(00.000631 +- 00.000109)	[00.000123,00.001617]
05_registration         	    583	01.795840	(00.003080 +- 00.000736)	[00.000667,00.010183]
06_map                  	    583	00.397745	(00.000682 +- 00.000135)	[00.000135,00.003131]
07_imu_opt              	    583	00.757524	(00.001299 +- 00.000101)	[00.000002,00.003554]
08_publish              	    583	04.437016	(00.007611 +- 00.001866)	[00.000462,00.022598]
step                    	    586	09.988215	(00.017045 +- 00.003053)	[00.003975,00.047284]

INFO  Timings:
SM Timing
-----------
00_conversion_livox     	    588	06.217084	(00.010573 +- 00.000547)	[00.007809,00.020918]
01_filter               	    587	00.154447	(00.000263 +- 00.000039)	[00.000116,00.002236]
02_preint               	    585	00.020908	(00.000036 +- 00.000006)	[00.000024,00.000063]
02a_intensity_preprocess	    587	01.387516	(00.002364 +- 00.000314)	[00.000780,00.006182]
03_undistortion         	    585	00.367608	(00.000628 +- 00.000204)	[00.000126,00.002160]
04_sampling             	    584	00.248994	(00.000426 +- 00.000079)	[00.000063,00.002124]
04b_intensity_sampling  	    584	00.368714	(00.000631 +- 00.000110)	[00.000123,00.001617]
05_registration         	    584	01.798898	(00.003080 +- 00.000733)	[00.000667,00.010183]
06_map                  	    584	00.398612	(00.000683 +- 00.000136)	[00.000135,00.003131]
07_imu_opt              	    584	00.758818	(00.001299 +- 00.000101)	[00.000002,00.003554]
08_publish              	    584	04.446874	(00.007615 +- 00.001872)	[00.000462,00.022598]
step                    	    587	10.008288	(00.017050 +- 00.003055)	[00.003975,00.047284]

INFO  Timings:
SM Timing
-----------
00_conversion_livox     	    589	06.227765	(00.010573 +- 00.000544)	[00.007809,00.020918]
01_filter               	    588	00.154696	(00.000263 +- 00.000038)	[00.000116,00.002236]
02_preint               	    586	00.020945	(00.000036 +- 00.000006)	[00.000024,00.000063]
02a_intensity_preprocess	    588	01.390232	(00.002364 +- 00.000313)	[00.000780,00.006182]
03_undistortion         	    586	00.368347	(00.000629 +- 00.000204)	[00.000126,00.002160]
04_sampling             	    585	00.249458	(00.000426 +- 00.000079)	[00.000063,00.002124]
04b_intensity_sampling  	    585	00.369551	(00.000632 +- 00.000112)	[00.000123,00.001617]
05_registration         	    585	01.802887	(00.003082 +- 00.000742)	[00.000667,00.010183]
06_map                  	    585	00.399322	(00.000683 +- 00.000136)	[00.000135,00.003131]
07_imu_opt              	    585	00.760059	(00.001299 +- 00.000100)	[00.000002,00.003554]
08_publish              	    585	04.456855	(00.007619 +- 00.001877)	[00.000462,00.022598]
step                    	    588	10.029328	(00.017057 +- 00.003066)	[00.003975,00.047284]

INFO  Timings:
SM Timing
-----------
00_conversion_livox     	    590	06.238602	(00.010574 +- 00.000544)	[00.007809,00.020918]
01_filter               	    589	00.154945	(00.000263 +- 00.000037)	[00.000116,00.002236]
02_preint               	    587	00.020981	(00.000036 +- 00.000006)	[00.000024,00.000063]
02a_intensity_preprocess	    589	01.393061	(00.002365 +- 00.000312)	[00.000780,00.006182]
03_undistortion         	    587	00.369100	(00.000629 +- 00.000203)	[00.000126,00.002160]
04_sampling             	    586	00.250128	(00.000427 +- 00.000085)	[00.000063,00.002124]
04b_intensity_sampling  	    586	00.370355	(00.000632 +- 00.000112)	[00.000123,00.001617]
05_registration         	    586	01.805583	(00.003081 +- 00.000741)	[00.000667,00.010183]
06_map                  	    586	00.400180	(00.000683 +- 00.000137)	[00.000135,00.003131]
07_imu_opt              	    586	00.761286	(00.001299 +- 00.000098)	[00.000002,00.003554]
08_publish              	    586	04.466925	(00.007623 +- 00.001874)	[00.000462,00.022598]
step                    	    589	10.049595	(00.017062 +- 00.003053)	[00.003975,00.047284]

INFO  Timings:
SM Timing
-----------
00_conversion_livox     	    591	06.249182	(00.010574 +- 00.000542)	[00.007809,00.020918]
01_filter               	    590	00.155192	(00.000263 +- 00.000036)	[00.000116,00.002236]
02_preint               	    588	00.021019	(00.000036 +- 00.000006)	[00.000024,00.000063]
02a_intensity_preprocess	    590	01.395880	(00.002366 +- 00.000308)	[00.000780,00.006182]
03_undistortion         	    588	00.370007	(00.000629 +- 00.000205)	[00.000126,00.002160]
04_sampling             	    587	00.250585	(00.000427 +- 00.000085)	[00.000063,00.002124]
04b_intensity_sampling  	    587	00.371164	(00.000632 +- 00.000113)	[00.000123,00.001617]
05_registration         	    587	01.808656	(00.003081 +- 00.000740)	[00.000667,00.010183]
06_map                  	    587	00.401004	(00.000683 +- 00.000136)	[00.000135,00.003131]
07_imu_opt              	    587	00.762484	(00.001299 +- 00.000098)	[00.000002,00.003554]
08_publish              	    587	04.476666	(00.007626 +- 00.001858)	[00.000462,00.022598]
step                    	    590	10.069786	(00.017067 +- 00.003032)	[00.003975,00.047284]

INFO  Timings:
SM Timing
-----------
00_conversion_livox     	    592	06.259796	(00.010574 +- 00.000541)	[00.007809,00.020918]
01_filter               	    591	00.155423	(00.000263 +- 00.000036)	[00.000116,00.002236]
02_preint               	    589	00.021048	(00.000036 +- 00.000006)	[00.000024,00.000063]
02a_intensity_preprocess	    591	01.398584	(00.002366 +- 00.000302)	[00.000780,00.006182]
03_undistortion         	    589	00.370988	(00.000630 +- 00.000207)	[00.000126,00.002160]
04_sampling             	    588	00.251096	(00.000427 +- 00.000084)	[00.000063,00.002124]
04b_intensity_sampling  	    588	00.371960	(00.000633 +- 00.000113)	[00.000123,00.001617]
05_registration         	    588	01.811983	(00.003082 +- 00.000742)	[00.000667,00.010183]
06_map                  	    588	00.401794	(00.000683 +- 00.000134)	[00.000135,00.003131]
07_imu_opt              	    588	00.763623	(00.001299 +- 00.000098)	[00.000002,00.003554]
08_publish              	    588	04.486733	(00.007630 +- 00.001843)	[00.000462,00.022598]
step                    	    591	10.090466	(00.017074 +- 00.003003)	[00.003975,00.047284]

INFO  Timings:
SM Timing
-----------
00_conversion_livox     	    593	06.270218	(00.010574 +- 00.000533)	[00.007809,00.020918]
01_filter               	    592	00.155647	(00.000263 +- 00.000035)	[00.000116,00.002236]
02_preint               	    590	00.021085	(00.000036 +- 00.000006)	[00.000024,00.000063]
02a_intensity_preprocess	    592	01.401315	(00.002367 +- 00.000298)	[00.000780,00.006182]
03_undistortion         	    590	00.371787	(00.000630 +- 00.000206)	[00.000126,00.002160]
04_sampling             	    589	00.251583	(00.000427 +- 00.000083)	[00.000063,00.002124]
04b_intensity_sampling  	    589	00.372718	(00.000633 +- 00.000112)	[00.000123,00.001617]
05_registration         	    589	01.814916	(00.003081 +- 00.000741)	[00.000667,00.010183]
06_map                  	    589	00.402568	(00.000683 +- 00.000134)	[00.000135,00.003131]
07_imu_opt              	    589	00.764777	(00.001298 +- 00.000098)	[00.000002,00.003554]
08_publish              	    589	04.497039	(00.007635 +- 00.001843)	[00.000462,00.022598]
step                    	    592	10.110726	(00.017079 +- 00.002996)	[00.003975,00.047284]

INFO  Timings:
SM Timing
-----------
00_conversion_livox     	    594	06.280240	(00.010573 +- 00.000534)	[00.007809,00.020918]
01_filter               	    593	00.155952	(00.000263 +- 00.000036)	[00.000116,00.002236]
02_preint               	    591	00.021119	(00.000036 +- 00.000006)	[00.000024,00.000063]
02a_intensity_preprocess	    593	01.404274	(00.002368 +- 00.000303)	[00.000780,00.006182]
03_undistortion         	    591	00.372986	(00.000631 +- 00.000215)	[00.000126,00.002160]
04_sampling             	    590	00.252063	(00.000427 +- 00.000083)	[00.000063,00.002124]
04b_intensity_sampling  	    590	00.373466	(00.000633 +- 00.000112)	[00.000123,00.001617]
05_registration         	    590	01.818113	(00.003082 +- 00.000735)	[00.000667,00.010183]
06_map                  	    590	00.403323	(00.000684 +- 00.000133)	[00.000135,00.003131]
07_imu_opt              	    590	00.766064	(00.001298 +- 00.000097)	[00.000002,00.003554]
08_publish              	    590	04.507602	(00.007640 +- 00.001857)	[00.000462,00.022598]
step                    	    593	10.132343	(00.017087 +- 00.003015)	[00.003975,00.047284]

INFO  Timings:
SM Timing
-----------
00_conversion_livox     	    595	06.290633	(00.010572 +- 00.000533)	[00.007809,00.020918]
01_filter               	    594	00.156176	(00.000263 +- 00.000036)	[00.000116,00.002236]
02_preint               	    592	00.021151	(00.000036 +- 00.000006)	[00.000024,00.000063]
02a_intensity_preprocess	    594	01.407122	(00.002369 +- 00.000305)	[00.000780,00.006182]
03_undistortion         	    592	00.373841	(00.000631 +- 00.000216)	[00.000126,00.002160]
04_sampling             	    591	00.252546	(00.000427 +- 00.000083)	[00.000063,00.002124]
04b_intensity_sampling  	    591	00.374182	(00.000633 +- 00.000112)	[00.000123,00.001617]
05_registration         	    591	01.822269	(00.003083 +- 00.000748)	[00.000667,00.010183]
06_map                  	    591	00.404166	(00.000684 +- 00.000134)	[00.000135,00.003131]
07_imu_opt              	    591	00.767306	(00.001298 +- 00.000097)	[00.000002,00.003554]
08_publish              	    591	04.517848	(00.007644 +- 00.001867)	[00.000462,00.022598]
step                    	    594	10.154059	(00.017094 +- 00.003040)	[00.003975,00.047284]

INFO  Timings:
SM Timing
-----------
00_conversion_livox     	    596	06.301157	(00.010572 +- 00.000533)	[00.007809,00.020918]
01_filter               	    595	00.156396	(00.000263 +- 00.000036)	[00.000116,00.002236]
02_preint               	    593	00.021183	(00.000036 +- 00.000006)	[00.000024,00.000063]
02a_intensity_preprocess	    595	01.409888	(00.002370 +- 00.000306)	[00.000780,00.006182]
03_undistortion         	    593	00.374541	(00.000632 +- 00.000214)	[00.000126,00.002160]
04_sampling             	    592	00.252984	(00.000427 +- 00.000082)	[00.000063,00.002124]
04b_intensity_sampling  	    592	00.374940	(00.000633 +- 00.000112)	[00.000123,00.001617]
05_registration         	    592	01.825283	(00.003083 +- 00.000679)	[00.000667,00.010183]
06_map                  	    592	00.404873	(00.000684 +- 00.000134)	[00.000135,00.003131]
07_imu_opt              	    592	00.768538	(00.001298 +- 00.000097)	[00.000002,00.003554]
08_publish              	    592	04.527744	(00.007648 +- 00.001873)	[00.000462,00.022598]
step                    	    595	10.173898	(00.017099 +- 00.003033)	[00.003975,00.047284]

INFO  Timings:
SM Timing
-----------
00_conversion_livox     	    597	06.311069	(00.010571 +- 00.000535)	[00.007809,00.020918]
01_filter               	    596	00.156679	(00.000263 +- 00.000036)	[00.000116,00.002236]
02_preint               	    594	00.021219	(00.000036 +- 00.000006)	[00.000024,00.000063]
02a_intensity_preprocess	    596	01.412615	(00.002370 +- 00.000307)	[00.000780,00.006182]
03_undistortion         	    594	00.375267	(00.000632 +- 00.000213)	[00.000126,00.002160]
04_sampling             	    593	00.253549	(00.000428 +- 00.000083)	[00.000063,00.002124]
04b_intensity_sampling  	    593	00.375704	(00.000634 +- 00.000112)	[00.000123,00.001617]
05_registration         	    593	01.829381	(00.003085 +- 00.000696)	[00.000667,00.010183]
06_map                  	    593	00.405815	(00.000684 +- 00.000137)	[00.000135,00.003131]
07_imu_opt              	    593	00.769793	(00.001298 +- 00.000096)	[00.000002,00.003554]
08_publish              	    593	04.537766	(00.007652 +- 00.001878)	[00.000462,00.022598]
step                    	    596	10.195408	(00.017106 +- 00.003057)	[00.003975,00.047284]

INFO  Timings:
SM Timing
-----------
00_conversion_livox     	    598	06.321167	(00.010571 +- 00.000536)	[00.007809,00.020918]
01_filter               	    597	00.156914	(00.000263 +- 00.000036)	[00.000116,00.002236]
02_preint               	    595	00.021256	(00.000036 +- 00.000006)	[00.000024,00.000063]
02a_intensity_preprocess	    597	01.415367	(00.002371 +- 00.000308)	[00.000780,00.006182]
03_undistortion         	    595	00.376062	(00.000632 +- 00.000212)	[00.000126,00.002160]
04_sampling             	    594	00.254232	(00.000428 +- 00.000089)	[00.000063,00.002124]
04b_intensity_sampling  	    594	00.376420	(00.000634 +- 00.000111)	[00.000123,00.001617]
05_registration         	    594	01.831873	(00.003084 +- 00.000680)	[00.000667,00.010183]
06_map                  	    594	00.406575	(00.000684 +- 00.000137)	[00.000135,00.003131]
07_imu_opt              	    594	00.770960	(00.001298 +- 00.000097)	[00.000002,00.003554]
08_publish              	    594	04.547160	(00.007655 +- 00.001872)	[00.000462,00.022598]
step                    	    597	10.214511	(00.017110 +- 00.003032)	[00.003975,00.047284]

INFO  Timings:
SM Timing
-----------
00_conversion_livox     	    599	06.331413	(00.010570 +- 00.000536)	[00.007809,00.020918]
01_filter               	    598	00.157185	(00.000263 +- 00.000036)	[00.000116,00.002236]
02_preint               	    596	00.021292	(00.000036 +- 00.000006)	[00.000024,00.000063]
02a_intensity_preprocess	    598	01.418057	(00.002371 +- 00.000307)	[00.000780,00.006182]
03_undistortion         	    596	00.376739	(00.000632 +- 00.000212)	[00.000126,00.002160]
04_sampling             	    595	00.254791	(00.000428 +- 00.000090)	[00.000063,00.002124]
04b_intensity_sampling  	    595	00.377181	(00.000634 +- 00.000111)	[00.000123,00.001617]
05_registration         	    595	01.835169	(00.003084 +- 00.000666)	[00.000667,00.010183]
06_map                  	    595	00.407356	(00.000685 +- 00.000135)	[00.000135,00.003131]
07_imu_opt              	    595	00.772156	(00.001298 +- 00.000096)	[00.000002,00.003554]
08_publish              	    595	04.556550	(00.007658 +- 00.001860)	[00.000462,00.022598]
step                    	    598	10.234243	(00.017114 +- 00.003005)	[00.003975,00.047284]

INFO  Timings:
SM Timing
-----------
00_conversion_livox     	    600	06.341441	(00.010569 +- 00.000538)	[00.007809,00.020918]
01_filter               	    599	00.157473	(00.000263 +- 00.000036)	[00.000116,00.002236]
02_preint               	    597	00.021328	(00.000036 +- 00.000006)	[00.000024,00.000063]
02a_intensity_preprocess	    599	01.420705	(00.002372 +- 00.000305)	[00.000780,00.006182]
03_undistortion         	    597	00.377461	(00.000632 +- 00.000212)	[00.000126,00.002160]
04_sampling             	    596	00.255205	(00.000428 +- 00.000090)	[00.000063,00.002124]
04b_intensity_sampling  	    596	00.377820	(00.000634 +- 00.000112)	[00.000123,00.001617]
05_registration         	    596	01.838286	(00.003084 +- 00.000648)	[00.000667,00.010183]
06_map                  	    596	00.408072	(00.000685 +- 00.000136)	[00.000135,00.003131]
07_imu_opt              	    596	00.773341	(00.001298 +- 00.000095)	[00.000002,00.003554]
08_publish              	    596	04.566052	(00.007661 +- 00.001848)	[00.000462,00.022598]
step                    	    599	10.253587	(00.017118 +- 00.003005)	[00.003975,00.047284]

INFO  Timings:
SM Timing
-----------
00_conversion_livox     	    601	06.351329	(00.010568 +- 00.000541)	[00.007809,00.020918]
01_filter               	    600	00.157683	(00.000263 +- 00.000037)	[00.000116,00.002236]
02_preint               	    598	00.021358	(00.000036 +- 00.000005)	[00.000024,00.000063]
02a_intensity_preprocess	    600	01.423190	(00.002372 +- 00.000303)	[00.000780,00.006182]
03_undistortion         	    598	00.378965	(00.000634 +- 00.000236)	[00.000126,00.002160]
04_sampling             	    597	00.255681	(00.000428 +- 00.000090)	[00.000063,00.002124]
04b_intensity_sampling  	    597	00.378546	(00.000634 +- 00.000111)	[00.000123,00.001617]
05_registration         	    597	01.840836	(00.003083 +- 00.000648)	[00.000667,00.010183]
06_map                  	    597	00.408799	(00.000685 +- 00.000134)	[00.000135,00.003131]
07_imu_opt              	    597	00.774502	(00.001297 +- 00.000096)	[00.000002,00.003554]
08_publish              	    597	04.575121	(00.007664 +- 00.001832)	[00.000462,00.022598]
step                    	    600	10.272601	(00.017121 +- 00.002994)	[00.003975,00.047284]

INFO  Timings:
SM Timing
-----------
00_conversion_livox     	    602	06.361584	(00.010567 +- 00.000542)	[00.007809,00.020918]
01_filter               	    601	00.157918	(00.000263 +- 00.000037)	[00.000116,00.002236]
02_preint               	    599	00.021390	(00.000036 +- 00.000005)	[00.000024,00.000063]
02a_intensity_preprocess	    601	01.425631	(00.002372 +- 00.000300)	[00.000780,00.006182]
03_undistortion         	    599	00.379631	(00.000634 +- 00.000235)	[00.000126,00.002160]
04_sampling             	    598	00.256063	(00.000428 +- 00.000089)	[00.000063,00.002124]
04b_intensity_sampling  	    598	00.379212	(00.000634 +- 00.000109)	[00.000123,00.001617]
05_registration         	    598	01.843640	(00.003083 +- 00.000648)	[00.000667,00.010183]
06_map                  	    598	00.409460	(00.000685 +- 00.000131)	[00.000135,00.003131]
07_imu_opt              	    598	00.775688	(00.001297 +- 00.000096)	[00.000002,00.003554]
08_publish              	    598	04.583710	(00.007665 +- 00.001816)	[00.000462,00.022598]
step                    	    601	10.290346	(00.017122 +- 00.002972)	[00.003975,00.047284]

INFO  Timings:
SM Timing
-----------
00_conversion_livox     	    603	06.371900	(00.010567 +- 00.000542)	[00.007809,00.020918]
01_filter               	    602	00.158143	(00.000263 +- 00.000037)	[00.000116,00.002236]
02_preint               	    600	00.021427	(00.000036 +- 00.000005)	[00.000024,00.000063]
02a_intensity_preprocess	    602	01.427997	(00.002372 +- 00.000300)	[00.000780,00.006182]
03_undistortion         	    600	00.380289	(00.000634 +- 00.000234)	[00.000126,00.002160]
04_sampling             	    599	00.256479	(00.000428 +- 00.000089)	[00.000063,00.002124]
04b_intensity_sampling  	    599	00.379916	(00.000634 +- 00.000109)	[00.000123,00.001617]
05_registration         	    599	01.845969	(00.003082 +- 00.000654)	[00.000667,00.010183]
06_map                  	    599	00.410246	(00.000685 +- 00.000129)	[00.000135,00.003131]
07_imu_opt              	    599	00.777076	(00.001297 +- 00.000097)	[00.000002,00.003554]
08_publish              	    599	04.591991	(00.007666 +- 00.001801)	[00.000462,00.022598]
step                    	    602	10.307606	(00.017122 +- 00.002958)	[00.003975,00.047284]

INFO  Timings:
SM Timing
-----------
00_conversion_livox     	    604	06.382287	(00.010567 +- 00.000542)	[00.007809,00.020918]
01_filter               	    603	00.158438	(00.000263 +- 00.000037)	[00.000116,00.002236]
02_preint               	    601	00.021457	(00.000036 +- 00.000005)	[00.000024,00.000063]
02a_intensity_preprocess	    603	01.430367	(00.002372 +- 00.000295)	[00.000780,00.006182]
03_undistortion         	    601	00.380908	(00.000634 +- 00.000234)	[00.000126,00.002160]
04_sampling             	    600	00.256889	(00.000428 +- 00.000088)	[00.000063,00.002124]
04b_intensity_sampling  	    600	00.381345	(00.000636 +- 00.000144)	[00.000123,00.001617]
05_registration         	    600	01.850230	(00.003084 +- 00.000667)	[00.000667,00.010183]
06_map                  	    600	00.410944	(00.000685 +- 00.000127)	[00.000135,00.003131]
07_imu_opt              	    600	00.778614	(00.001298 +- 00.000104)	[00.000002,00.003554]
08_publish              	    600	04.600350	(00.007667 +- 00.001776)	[00.000462,00.022598]
step                    	    603	10.327689	(00.017127 +- 00.002902)	[00.003975,00.047284]

INFO  Timings:
SM Timing
-----------
00_conversion_livox     	    605	06.392761	(00.010567 +- 00.000542)	[00.007809,00.020918]
01_filter               	    604	00.158759	(00.000263 +- 00.000037)	[00.000116,00.002236]
02_preint               	    602	00.021495	(00.000036 +- 00.000005)	[00.000024,00.000063]
02a_intensity_preprocess	    604	01.432920	(00.002372 +- 00.000287)	[00.000780,00.006182]
03_undistortion         	    602	00.381542	(00.000634 +- 00.000234)	[00.000126,00.002160]
04_sampling             	    601	00.257564	(00.000429 +- 00.000091)	[00.000063,00.002124]
04b_intensity_sampling  	    601	00.382026	(00.000636 +- 00.000143)	[00.000123,00.001617]
05_registration         	    601	01.852891	(00.003083 +- 00.000660)	[00.000667,00.010183]
06_map                  	    601	00.411557	(00.000685 +- 00.000125)	[00.000135,00.003131]
07_imu_opt              	    601	00.780621	(00.001299 +- 00.000145)	[00.000002,00.003554]
08_publish              	    601	04.608649	(00.007668 +- 00.001739)	[00.000462,00.022598]
step                    	    604	10.346253	(00.017130 +- 00.002840)	[00.003975,00.047284]

INFO  Timings:
SM Timing
-----------
00_conversion_livox     	    606	06.403306	(00.010567 +- 00.000542)	[00.007809,00.020918]
01_filter               	    605	00.159072	(00.000263 +- 00.000037)	[00.000116,00.002236]
02_preint               	    603	00.021538	(00.000036 +- 00.000005)	[00.000024,00.000063]
02a_intensity_preprocess	    605	01.435496	(00.002373 +- 00.000278)	[00.000780,00.006182]
03_undistortion         	    603	00.382247	(00.000634 +- 00.000232)	[00.000126,00.002160]
04_sampling             	    602	00.258053	(00.000429 +- 00.000091)	[00.000063,00.002124]
04b_intensity_sampling  	    602	00.382728	(00.000636 +- 00.000141)	[00.000123,00.001617]
05_registration         	    602	01.855661	(00.003082 +- 00.000660)	[00.000667,00.010183]
06_map                  	    602	00.412289	(00.000685 +- 00.000121)	[00.000135,00.003131]
07_imu_opt              	    602	00.782293	(00.001299 +- 00.000156)	[00.000002,00.003554]
08_publish              	    602	04.617096	(00.007670 +- 00.001692)	[00.000462,00.022598]
step                    	    605	10.364781	(00.017132 +- 00.002774)	[00.003975,00.047284]

INFO  Timings:
SM Timing
-----------
00_conversion_livox     	    607	06.413486	(00.010566 +- 00.000543)	[00.007809,00.020918]
01_filter               	    606	00.159389	(00.000263 +- 00.000038)	[00.000116,00.002236]
02_preint               	    604	00.021574	(00.000036 +- 00.000005)	[00.000024,00.000063]
02a_intensity_preprocess	    606	01.437966	(00.002373 +- 00.000271)	[00.000780,00.006182]
03_undistortion         	    604	00.382976	(00.000634 +- 00.000230)	[00.000126,00.002160]
04_sampling             	    603	00.258467	(00.000429 +- 00.000091)	[00.000063,00.002124]
04b_intensity_sampling  	    603	00.383382	(00.000636 +- 00.000138)	[00.000123,00.001617]
05_registration         	    603	01.857944	(00.003081 +- 00.000657)	[00.000667,00.010183]
06_map                  	    603	00.412916	(00.000685 +- 00.000120)	[00.000135,00.003131]
07_imu_opt              	    603	00.783852	(00.001300 +- 00.000161)	[00.000002,00.003554]
08_publish              	    603	04.625197	(00.007670 +- 00.001627)	[00.000462,00.022598]
step                    	    606	10.382050	(00.017132 +- 00.002678)	[00.003975,00.047284]

INFO  Timings:
SM Timing
-----------
00_conversion_livox     	    608	06.423439	(00.010565 +- 00.000542)	[00.007809,00.020918]
01_filter               	    607	00.159703	(00.000263 +- 00.000038)	[00.000116,00.002236]
02_preint               	    605	00.021616	(00.000036 +- 00.000005)	[00.000024,00.000063]
02a_intensity_preprocess	    607	01.440540	(00.002373 +- 00.000249)	[00.000780,00.006182]
03_undistortion         	    605	00.383820	(00.000634 +- 00.000226)	[00.000126,00.002160]
04_sampling             	    604	00.258947	(00.000429 +- 00.000086)	[00.000063,00.002124]
04b_intensity_sampling  	    604	00.384178	(00.000636 +- 00.000135)	[00.000123,00.001617]
05_registration         	    604	01.860109	(00.003080 +- 00.000638)	[00.000667,00.010183]
06_map                  	    604	00.413865	(00.000685 +- 00.000121)	[00.000135,00.003131]
07_imu_opt              	    604	00.785458	(00.001300 +- 00.000167)	[00.000002,00.003554]
08_publish              	    604	04.633414	(00.007671 +- 00.001537)	[00.000462,00.022598]
step                    	    607	10.400111	(00.017134 +- 00.002487)	[00.003975,00.047284]

INFO  Timings:
SM Timing
-----------
00_conversion_livox     	    609	06.433325	(00.010564 +- 00.000544)	[00.007809,00.020918]
01_filter               	    608	00.160014	(00.000263 +- 00.000038)	[00.000116,00.002236]
02_preint               	    606	00.021659	(00.000036 +- 00.000005)	[00.000024,00.000063]
02a_intensity_preprocess	    608	01.443011	(00.002373 +- 00.000243)	[00.000780,00.006182]
03_undistortion         	    606	00.384600	(00.000635 +- 00.000220)	[00.000126,00.002160]
04_sampling             	    605	00.259444	(00.000429 +- 00.000083)	[00.000063,00.002124]
04b_intensity_sampling  	    605	00.384890	(00.000636 +- 00.000128)	[00.000123,00.001617]
05_registration         	    605	01.862540	(00.003079 +- 00.000638)	[00.000667,00.010183]
06_map                  	    605	00.414676	(00.000685 +- 00.000116)	[00.000135,00.003131]
07_imu_opt              	    605	00.786989	(00.001301 +- 00.000167)	[00.000002,00.003554]
08_publish              	    605	04.641711	(00.007672 +- 00.001481)	[00.000462,00.022598]
step                    	    608	10.418079	(00.017135 +- 00.002395)	[00.003975,00.047284]

INFO  Timings:
SM Timing
-----------
00_conversion_livox     	    610	06.443674	(00.010563 +- 00.000455)	[00.007809,00.020918]
01_filter               	    609	00.160382	(00.000263 +- 00.000040)	[00.000116,00.002236]
02_preint               	    607	00.021698	(00.000036 +- 00.000004)	[00.000024,00.000063]
02a_intensity_preprocess	    609	01.445454	(00.002373 +- 00.000244)	[00.000780,00.006182]
03_undistortion         	    607	00.385365	(00.000635 +- 00.000214)	[00.000126,00.002160]
04_sampling             	    606	00.259915	(00.000429 +- 00.000083)	[00.000063,00.002124]
04b_intensity_sampling  	    606	00.385620	(00.000636 +- 00.000126)	[00.000123,00.001617]
05_registration         	    606	01.865079	(00.003078 +- 00.000631)	[00.000667,00.010183]
06_map                  	    606	00.415539	(00.000686 +- 00.000110)	[00.000135,00.003131]
07_imu_opt              	    606	00.788346	(00.001301 +- 00.000161)	[00.000002,00.003554]
08_publish              	    606	04.650211	(00.007674 +- 00.001402)	[00.000462,00.022598]
step                    	    609	10.436231	(00.017137 +- 00.002297)	[00.003975,00.047284]

INFO  Timings:
SM Timing
-----------
00_conversion_livox     	    611	06.454224	(00.010563 +- 00.000367)	[00.007809,00.020918]
01_filter               	    610	00.160686	(00.000263 +- 00.000040)	[00.000116,00.002236]
02_preint               	    608	00.021745	(00.000036 +- 00.000004)	[00.000024,00.000063]
02a_intensity_preprocess	    610	01.448021	(00.002374 +- 00.000230)	[00.000780,00.006182]
03_undistortion         	    608	00.386103	(00.000635 +- 00.000206)	[00.000126,00.002160]
04_sampling             	    607	00.260324	(00.000429 +- 00.000080)	[00.000063,00.002124]
04b_intensity_sampling  	    607	00.386387	(00.000637 +- 00.000121)	[00.000123,00.001617]
05_registration         	    607	01.867719	(00.003077 +- 00.000622)	[00.000667,00.010183]
06_map                  	    607	00.416343	(00.000686 +- 00.000103)	[00.000135,00.003131]
07_imu_opt              	    607	00.789833	(00.001301 +- 00.000163)	[00.000002,00.003554]
08_publish              	    607	04.659011	(00.007675 +- 00.001260)	[00.000462,00.022598]
step                    	    610	10.454881	(00.017139 +- 00.002089)	[00.003975,00.047284]

INFO  Timings:
SM Timing
-----------
00_conversion_livox     	    612	06.464797	(00.010563 +- 00.000349)	[00.007809,00.020918]
01_filter               	    611	00.161024	(00.000264 +- 00.000040)	[00.000116,00.002236]
02_preint               	    609	00.021786	(00.000036 +- 00.000004)	[00.000024,00.000063]
02a_intensity_preprocess	    611	01.450562	(00.002374 +- 00.000208)	[00.000780,00.006182]
03_undistortion         	    609	00.386822	(00.000635 +- 00.000197)	[00.000126,00.002160]
04_sampling             	    608	00.260733	(00.000429 +- 00.000080)	[00.000063,00.002124]
04b_intensity_sampling  	    608	00.387180	(00.000637 +- 00.000120)	[00.000123,00.001617]
05_registration         	    608	01.870664	(00.003077 +- 00.000612)	[00.000667,00.010183]
06_map                  	    608	00.417120	(00.000686 +- 00.000095)	[00.000135,00.003131]
07_imu_opt              	    608	00.791326	(00.001302 +- 00.000166)	[00.000002,00.003554]
08_publish              	    608	04.667847	(00.007677 +- 00.001098)	[00.000462,00.022598]
step                    	    611	10.473851	(00.017142 +- 00.001856)	[00.003975,00.047284]

INFO  Timings:
SM Timing
-----------
00_conversion_livox     	    613	06.475846	(00.010564 +- 00.000361)	[00.007809,00.020918]
01_filter               	    612	00.161342	(00.000264 +- 00.000041)	[00.000116,00.002236]
02_preint               	    610	00.021829	(00.000036 +- 00.000005)	[00.000024,00.000063]
02a_intensity_preprocess	    612	01.453194	(00.002375 +- 00.000185)	[00.000780,00.006182]
03_undistortion         	    610	00.387513	(00.000635 +- 00.000189)	[00.000126,00.002160]
04_sampling             	    609	00.261110	(00.000429 +- 00.000078)	[00.000063,00.002124]
04b_intensity_sampling  	    609	00.387918	(00.000637 +- 00.000113)	[00.000123,00.001617]
05_registration         	    609	01.873728	(00.003077 +- 00.000597)	[00.000667,00.010183]
06_map                  	    609	00.417842	(00.000686 +- 00.000089)	[00.000135,00.003131]
07_imu_opt              	    609	00.792899	(00.001302 +- 00.000170)	[00.000002,00.003554]
08_publish              	    609	04.676398	(00.007679 +- 00.000973)	[00.000462,00.022598]
step                    	    612	10.492647	(00.017145 +- 00.001617)	[00.003975,00.047284]

INFO  Timings:
SM Timing
-----------
00_conversion_livox     	    614	06.486200	(00.010564 +- 00.000360)	[00.007809,00.020918]
01_filter               	    613	00.161629	(00.000264 +- 00.000040)	[00.000116,00.002236]
02_preint               	    611	00.021875	(00.000036 +- 00.000005)	[00.000024,00.000063]
02a_intensity_preprocess	    613	01.455679	(00.002375 +- 00.000176)	[00.000780,00.006182]
03_undistortion         	    611	00.388167	(00.000635 +- 00.000190)	[00.000126,00.002160]
04_sampling             	    610	00.261507	(00.000429 +- 00.000076)	[00.000063,00.002124]
04b_intensity_sampling  	    610	00.388546	(00.000637 +- 00.000113)	[00.000123,00.001617]
05_registration         	    610	01.875970	(00.003075 +- 00.000606)	[00.000667,00.010183]
06_map                  	    610	00.418532	(00.000686 +- 00.000089)	[00.000135,00.003131]
07_imu_opt              	    610	00.794362	(00.001302 +- 00.000172)	[00.000002,00.003554]
08_publish              	    610	04.684600	(00.007680 +- 00.000925)	[00.000462,00.022598]
step                    	    613	10.509805	(00.017145 +- 00.001563)	[00.003975,00.047284]

INFO  Timings:
SM Timing
-----------
00_conversion_livox     	    615	06.496477	(00.010563 +- 00.000360)	[00.007809,00.020918]
01_filter               	    614	00.161936	(00.000264 +- 00.000041)	[00.000116,00.002236]
02_preint               	    612	00.021913	(00.000036 +- 00.000005)	[00.000024,00.000063]
02a_intensity_preprocess	    614	01.458094	(00.002375 +- 00.000177)	[00.000780,00.006182]
03_undistortion         	    612	00.388827	(00.000635 +- 00.000189)	[00.000126,00.002160]
04_sampling             	    611	00.261928	(00.000429 +- 00.000076)	[00.000063,00.002124]
04b_intensity_sampling  	    611	00.389303	(00.000637 +- 00.000112)	[00.000123,00.001617]
05_registration         	    611	01.878612	(00.003075 +- 00.000590)	[00.000667,00.010183]
06_map                  	    611	00.419252	(00.000686 +- 00.000089)	[00.000135,00.003131]
07_imu_opt              	    611	00.795773	(00.001302 +- 00.000171)	[00.000002,00.003554]
08_publish              	    611	04.692625	(00.007680 +- 00.000922)	[00.000462,00.022598]
step                    	    614	10.527289	(00.017145 +- 00.001516)	[00.003975,00.047284]

INFO  Timings:
SM Timing
-----------
00_conversion_livox     	    616	06.506470	(00.010562 +- 00.000358)	[00.007809,00.020918]
01_filter               	    615	00.162229	(00.000264 +- 00.000040)	[00.000116,00.002236]
02_preint               	    613	00.021950	(00.000036 +- 00.000005)	[00.000024,00.000063]
02a_intensity_preprocess	    615	01.460502	(00.002375 +- 00.000177)	[00.000780,00.006182]
03_undistortion         	    613	00.389519	(00.000635 +- 00.000189)	[00.000126,00.002160]
04_sampling             	    612	00.262402	(00.000429 +- 00.000075)	[00.000063,00.002124]
04b_intensity_sampling  	    612	00.390206	(00.000638 +- 00.000113)	[00.000123,00.001617]
05_registration         	    612	01.880648	(00.003073 +- 00.000602)	[00.000667,00.010183]
06_map                  	    612	00.419937	(00.000686 +- 00.000090)	[00.000135,00.003131]
07_imu_opt              	    612	00.797214	(00.001303 +- 00.000171)	[00.000002,00.003554]
08_publish              	    612	04.700684	(00.007681 +- 00.000937)	[00.000462,00.022598]
step                    	    615	10.544397	(00.017145 +- 00.001560)	[00.003975,00.047284]

INFO  Timings:
SM Timing
-----------
00_conversion_livox     	    617	06.516439	(00.010561 +- 00.000360)	[00.007809,00.020918]
01_filter               	    616	00.162483	(00.000264 +- 00.000041)	[00.000116,00.002236]
02_preint               	    614	00.021994	(00.000036 +- 00.000005)	[00.000024,00.000063]
02a_intensity_preprocess	    616	01.463000	(00.002375 +- 00.000177)	[00.000780,00.006182]
03_undistortion         	    614	00.390192	(00.000635 +- 00.000190)	[00.000126,00.002160]
04_sampling             	    613	00.262940	(00.000429 +- 00.000076)	[00.000063,00.002124]
04b_intensity_sampling  	    613	00.391002	(00.000638 +- 00.000113)	[00.000123,00.001617]
05_registration         	    613	01.883420	(00.003072 +- 00.000594)	[00.000667,00.010183]
06_map                  	    613	00.420710	(00.000686 +- 00.000089)	[00.000135,00.003131]
07_imu_opt              	    613	00.798489	(00.001303 +- 00.000171)	[00.000002,00.003554]
08_publish              	    613	04.709351	(00.007682 +- 00.000940)	[00.000462,00.022598]
step                    	    616	10.562771	(00.017147 +- 00.001551)	[00.003975,00.047284]

INFO  Timings:
SM Timing
-----------
00_conversion_livox     	    618	06.527518	(00.010562 +- 00.000378)	[00.007809,00.020918]
01_filter               	    617	00.162771	(00.000264 +- 00.000041)	[00.000116,00.002236]
02_preint               	    615	00.022043	(00.000036 +- 00.000005)	[00.000024,00.000063]
02a_intensity_preprocess	    617	01.465627	(00.002375 +- 00.000172)	[00.000780,00.006182]
03_undistortion         	    615	00.390836	(00.000636 +- 00.000190)	[00.000126,00.002160]
04_sampling             	    614	00.263564	(00.000429 +- 00.000077)	[00.000063,00.002124]
04b_intensity_sampling  	    614	00.391716	(00.000638 +- 00.000112)	[00.000123,00.001617]
05_registration         	    614	01.886240	(00.003072 +- 00.000577)	[00.000667,00.010183]
06_map                  	    614	00.421422	(00.000686 +- 00.000089)	[00.000135,00.003131]
07_imu_opt              	    614	00.799925	(00.001303 +- 00.000171)	[00.000002,00.003554]
08_publish              	    614	04.718728	(00.007685 +- 00.000937)	[00.000462,00.022598]
step                    	    617	10.582153	(00.017151 +- 00.001551)	[00.003975,00.047284]

INFO  Timings:
SM Timing
-----------
00_conversion_livox     	    619	06.538525	(00.010563 +- 00.000391)	[00.007809,00.020918]
01_filter               	    618	00.163243	(00.000264 +- 00.000048)	[00.000116,00.002236]
02_preint               	    616	00.022081	(00.000036 +- 00.000005)	[00.000024,00.000063]
02a_intensity_preprocess	    618	01.468242	(00.002376 +- 00.000170)	[00.000780,00.006182]
03_undistortion         	    616	00.391548	(00.000636 +- 00.000191)	[00.000126,00.002160]
04_sampling             	    615	00.265326	(00.000431 +- 00.000194)	[00.000063,00.002124]
04b_intensity_sampling  	    615	00.392431	(00.000638 +- 00.000112)	[00.000123,00.001617]
05_registration         	    615	01.888866	(00.003071 +- 00.000579)	[00.000667,00.010183]
06_map                  	    615	00.422061	(00.000686 +- 00.000092)	[00.000135,00.003131]
07_imu_opt              	    615	00.801220	(00.001303 +- 00.000170)	[00.000002,00.003554]
08_publish              	    615	04.728034	(00.007688 +- 00.000938)	[00.000462,00.022598]
step                    	    618	10.602387	(00.017156 +- 00.001551)	[00.003975,00.047284]

INFO  Timings:
SM Timing
-----------
00_conversion_livox     	    620	06.549334	(00.010563 +- 00.000397)	[00.007809,00.020918]
01_filter               	    619	00.163534	(00.000264 +- 00.000048)	[00.000116,00.002236]
02_preint               	    617	00.022114	(00.000036 +- 00.000005)	[00.000024,00.000063]
02a_intensity_preprocess	    619	01.470814	(00.002376 +- 00.000170)	[00.000780,00.006182]
03_undistortion         	    617	00.392403	(00.000636 +- 00.000191)	[00.000126,00.002160]
04_sampling             	    616	00.265988	(00.000432 +- 00.000194)	[00.000063,00.002124]
04b_intensity_sampling  	    616	00.393336	(00.000639 +- 00.000113)	[00.000123,00.001617]
05_registration         	    616	01.891600	(00.003071 +- 00.000577)	[00.000667,00.010183]
06_map                  	    616	00.422887	(00.000687 +- 00.000092)	[00.000135,00.003131]
07_imu_opt              	    616	00.802439	(00.001303 +- 00.000170)	[00.000002,00.003554]
08_publish              	    616	04.737645	(00.007691 +- 00.000938)	[00.000462,00.022598]
step                    	    619	10.622167	(00.017160 +- 00.001545)	[00.003975,00.047284]

INFO  Timings:
SM Timing
-----------
00_conversion_livox     	    621	06.560220	(00.010564 +- 00.000405)	[00.007809,00.020918]
01_filter               	    620	00.163803	(00.000264 +- 00.000048)	[00.000116,00.002236]
02_preint               	    618	00.022149	(00.000036 +- 00.000005)	[00.000024,00.000063]
02a_intensity_preprocess	    620	01.473426	(00.002376 +- 00.000170)	[00.000780,00.006182]
03_undistortion         	    618	00.393179	(00.000636 +- 00.000191)	[00.000126,00.002160]
04_sampling             	    617	00.266553	(00.000432 +- 00.000194)	[00.000063,00.002124]
04b_intensity_sampling  	    617	00.394081	(00.000639 +- 00.000113)	[00.000123,00.001617]
05_registration         	    617	01.893941	(00.003070 +- 00.000583)	[00.000667,00.010183]
06_map                  	    617	00.423590	(00.000687 +- 00.000092)	[00.000135,00.003131]
07_imu_opt              	    617	00.803627	(00.001302 +- 00.000171)	[00.000002,00.003554]
08_publish              	    617	04.747025	(00.007694 +- 00.000938)	[00.000462,00.022598]
step                    	    620	10.640874	(00.017163 +- 00.001553)	[00.003975,00.047284]

INFO  Timings:
SM Timing
-----------
00_conversion_livox     	    622	06.570446	(00.010563 +- 00.000404)	[00.007809,00.020918]
01_filter               	    621	00.164027	(00.000264 +- 00.000048)	[00.000116,00.002236]
02_preint               	    619	00.022186	(00.000036 +- 00.000005)	[00.000024,00.000063]
02a_intensity_preprocess	    621	01.475962	(00.002377 +- 00.000171)	[00.000780,00.006182]
03_undistortion         	    619	00.393921	(00.000636 +- 00.000191)	[00.000126,00.002160]
04_sampling             	    618	00.267010	(00.000432 +- 00.000194)	[00.000063,00.002124]
04b_intensity_sampling  	    618	00.394857	(00.000639 +- 00.000112)	[00.000123,00.001617]
05_registration         	    618	01.897876	(00.003071 +- 00.000584)	[00.000667,00.010183]
06_map                  	    618	00.424362	(00.000687 +- 00.000091)	[00.000135,00.003131]
07_imu_opt              	    618	00.804734	(00.001302 +- 00.000173)	[00.000002,00.003554]
08_publish              	    618	04.756315	(00.007696 +- 00.000934)	[00.000462,00.022598]
step                    	    621	10.660824	(00.017167 +- 00.001542)	[00.003975,00.047284]

INFO  Timings:
SM Timing
-----------
00_conversion_livox     	    623	06.580797	(00.010563 +- 00.000398)	[00.007809,00.020918]
01_filter               	    622	00.164339	(00.000264 +- 00.000048)	[00.000116,00.002236]
02_preint               	    620	00.022216	(00.000036 +- 00.000005)	[00.000024,00.000063]
02a_intensity_preprocess	    622	01.478642	(00.002377 +- 00.000171)	[00.000780,00.006182]
03_undistortion         	    620	00.394722	(00.000637 +- 00.000181)	[00.000126,00.002160]
04_sampling             	    619	00.267509	(00.000432 +- 00.000194)	[00.000063,00.002124]
04b_intensity_sampling  	    619	00.395660	(00.000639 +- 00.000112)	[00.000123,00.001617]
05_registration         	    619	01.901324	(00.003072 +- 00.000581)	[00.000667,00.010183]
06_map                  	    619	00.425214	(00.000687 +- 00.000088)	[00.000135,00.003131]
07_imu_opt              	    619	00.805924	(00.001302 +- 00.000173)	[00.000002,00.003554]
08_publish              	    619	04.765962	(00.007699 +- 00.000922)	[00.000462,00.022598]
step                    	    622	10.681136	(00.017172 +- 00.001509)	[00.003975,00.047284]

INFO  Timings:
SM Timing
-----------
00_conversion_livox     	    624	06.591253	(00.010563 +- 00.000394)	[00.007809,00.020918]
01_filter               	    623	00.164580	(00.000264 +- 00.000049)	[00.000116,00.002236]
02_preint               	    621	00.022252	(00.000036 +- 00.000005)	[00.000024,00.000063]
02a_intensity_preprocess	    623	01.481281	(00.002378 +- 00.000167)	[00.000780,00.006182]
03_undistortion         	    621	00.395487	(00.000637 +- 00.000181)	[00.000126,00.002160]
04_sampling             	    620	00.268071	(00.000432 +- 00.000194)	[00.000063,00.002124]
04b_intensity_sampling  	    620	00.396495	(00.000640 +- 00.000112)	[00.000123,00.001617]
05_registration         	    620	01.903731	(00.003071 +- 00.000587)	[00.000667,00.010183]
06_map                  	    620	00.425934	(00.000687 +- 00.000087)	[00.000135,00.003131]
07_imu_opt              	    620	00.807046	(00.001302 +- 00.000174)	[00.000002,00.003554]
08_publish              	    620	04.775479	(00.007702 +- 00.000912)	[00.000462,00.022598]
step                    	    623	10.700053	(00.017175 +- 00.001504)	[00.003975,00.047284]

INFO  Timings:
SM Timing
-----------
00_conversion_livox     	    625	06.601565	(00.010563 +- 00.000364)	[00.007809,00.020918]
01_filter               	    624	00.164801	(00.000264 +- 00.000049)	[00.000116,00.002236]
02_preint               	    622	00.022288	(00.000036 +- 00.000005)	[00.000024,00.000063]
02a_intensity_preprocess	    624	01.483987	(00.002378 +- 00.000164)	[00.000780,00.006182]
03_undistortion         	    622	00.396222	(00.000637 +- 00.000180)	[00.000126,00.002160]
04_sampling             	    621	00.268495	(00.000432 +- 00.000194)	[00.000063,00.002124]
04b_intensity_sampling  	    621	00.397168	(00.000640 +- 00.000113)	[00.000123,00.001617]
05_registration         	    621	01.907411	(00.003072 +- 00.000594)	[00.000667,00.010183]
06_map                  	    621	00.427252	(00.000688 +- 00.000115)	[00.000135,00.003131]
07_imu_opt              	    621	00.808415	(00.001302 +- 00.000173)	[00.000002,00.003554]
08_publish              	    621	04.785025	(00.007705 +- 00.000885)	[00.000462,00.022598]
step                    	    624	10.720821	(00.017181 +- 00.001489)	[00.003975,00.047284]

INFO  Timings:
SM Timing
-----------
00_conversion_livox     	    626	06.611854	(00.010562 +- 00.000347)	[00.007809,00.020918]
01_filter               	    625	00.165033	(00.000264 +- 00.000050)	[00.000116,00.002236]
02_preint               	    623	00.022318	(00.000036 +- 00.000005)	[00.000024,00.000063]
02a_intensity_preprocess	    625	01.486656	(00.002379 +- 00.000160)	[00.000780,00.006182]
03_undistortion         	    623	00.396929	(00.000637 +- 00.000181)	[00.000126,00.002160]
04_sampling             	    622	00.268923	(00.000432 +- 00.000195)	[00.000063,00.002124]
04b_intensity_sampling  	    622	00.397815	(00.000640 +- 00.000114)	[00.000123,00.001617]
05_registration         	    622	01.911024	(00.003072 +- 00.000600)	[00.000667,00.010183]
06_map                  	    622	00.427951	(00.000688 +- 00.000112)	[00.000135,00.003131]
07_imu_opt              	    622	00.809574	(00.001302 +- 00.000173)	[00.000002,00.003554]
08_publish              	    622	04.794860	(00.007709 +- 00.000853)	[00.000462,00.022598]
step                    	    625	10.740910	(00.017185 +- 00.001458)	[00.003975,00.047284]

INFO  Timings:
SM Timing
-----------
00_conversion_livox     	    627	06.622558	(00.010562 +- 00.000318)	[00.007809,00.020918]
01_filter               	    626	00.165276	(00.000264 +- 00.000049)	[00.000116,00.002236]
02_preint               	    624	00.022349	(00.000036 +- 00.000005)	[00.000024,00.000063]
02a_intensity_preprocess	    626	01.489349	(00.002379 +- 00.000158)	[00.000780,00.006182]
03_undistortion         	    624	00.397701	(00.000637 +- 00.000180)	[00.000126,00.002160]
04_sampling             	    623	00.269439	(00.000432 +- 00.000195)	[00.000063,00.002124]
04b_intensity_sampling  	    623	00.398536	(00.000640 +- 00.000114)	[00.000123,00.001617]
05_registration         	    623	01.914101	(00.003072 +- 00.000600)	[00.000667,00.010183]
06_map                  	    623	00.428726	(00.000688 +- 00.000111)	[00.000135,00.003131]
07_imu_opt              	    623	00.811040	(00.001302 +- 00.000174)	[00.000002,00.003554]
08_publish              	    623	04.804001	(00.007711 +- 00.000829)	[00.000462,00.022598]
step                    	    626	10.760420	(00.017189 +- 00.001435)	[00.003975,00.047284]

INFO  Timings:
SM Timing
-----------
00_conversion_livox     	    628	06.633150	(00.010562 +- 00.000318)	[00.007809,00.020918]
01_filter               	    627	00.165506	(00.000264 +- 00.000049)	[00.000116,00.002236]
02_preint               	    625	00.022384	(00.000036 +- 00.000005)	[00.000024,00.000063]
02a_intensity_preprocess	    627	01.491809	(00.002379 +- 00.000157)	[00.000780,00.006182]
03_undistortion         	    625	00.398352	(00.000637 +- 00.000181)	[00.000126,00.002160]
04_sampling             	    624	00.269858	(00.000432 +- 00.000195)	[00.000063,00.002124]
04b_intensity_sampling  	    624	00.399216	(00.000640 +- 00.000115)	[00.000123,00.001617]
05_registration         	    624	01.916684	(00.003072 +- 00.000536)	[00.000667,00.010183]
06_map                  	    624	00.429535	(00.000688 +- 00.000111)	[00.000135,00.003131]
07_imu_opt              	    624	00.812160	(00.001302 +- 00.000174)	[00.000002,00.003554]
08_publish              	    624	04.812340	(00.007712 +- 00.000800)	[00.000462,00.022598]
step                    	    627	10.777826	(00.017190 +- 00.001354)	[00.003975,00.047284]

INFO  Timings:
SM Timing
-----------
00_conversion_livox     	    629	06.643516	(00.010562 +- 00.000310)	[00.007809,00.020918]
01_filter               	    628	00.165771	(00.000264 +- 00.000048)	[00.000116,00.002236]
02_preint               	    626	00.022420	(00.000036 +- 00.000005)	[00.000024,00.000063]
02a_intensity_preprocess	    628	01.494187	(00.002379 +- 00.000156)	[00.000780,00.006182]
03_undistortion         	    626	00.399036	(00.000637 +- 00.000182)	[00.000126,00.002160]
04_sampling             	    625	00.270333	(00.000433 +- 00.000195)	[00.000063,00.002124]
04b_intensity_sampling  	    625	00.399857	(00.000640 +- 00.000115)	[00.000123,00.001617]
05_registration         	    625	01.919753	(00.003072 +- 00.000534)	[00.000667,00.010183]
06_map                  	    625	00.430409	(00.000689 +- 00.000112)	[00.000135,00.003131]
07_imu_opt              	    625	00.813323	(00.001301 +- 00.000175)	[00.000002,00.003554]
08_publish              	    625	04.820261	(00.007712 +- 00.000784)	[00.000462,00.022598]
step                    	    628	10.795405	(00.017190 +- 00.001332)	[00.003975,00.047284]

INFO  Timings:
SM Timing
-----------
00_conversion_livox     	    630	06.653402	(00.010561 +- 00.000313)	[00.007809,00.020918]
01_filter               	    629	00.166071	(00.000264 +- 00.000047)	[00.000116,00.002236]
02_preint               	    627	00.022457	(00.000036 +- 00.000005)	[00.000024,00.000063]
02a_intensity_preprocess	    629	01.496470	(00.002379 +- 00.000160)	[00.000780,00.006182]
03_undistortion         	    627	00.399697	(00.000637 +- 00.000178)	[00.000126,00.002160]
04_sampling             	    626	00.270695	(00.000432 +- 00.000196)	[00.000063,00.002124]
04b_intensity_sampling  	    626	00.400442	(00.000640 +- 00.000117)	[00.000123,00.001617]
05_registration         	    626	01.921753	(00.003070 +- 00.000546)	[00.000667,00.010183]
06_map                  	    626	00.431052	(00.000689 +- 00.000113)	[00.000135,00.003131]
07_imu_opt              	    626	00.814556	(00.001301 +- 00.000175)	[00.000002,00.003554]
08_publish              	    626	04.827768	(00.007712 +- 00.000789)	[00.000462,00.022598]
step                    	    629	10.811097	(00.017188 +- 00.001373)	[00.003975,00.047284]

INFO  Timings:
SM Timing
-----------
00_conversion_livox     	    631	06.663533	(00.010560 +- 00.000315)	[00.007809,00.020918]
01_filter               	    630	00.166379	(00.000264 +- 00.000047)	[00.000116,00.002236]
02_preint               	    628	00.022493	(00.000036 +- 00.000005)	[00.000024,00.000063]
02a_intensity_preprocess	    630	01.498788	(00.002379 +- 00.000161)	[00.000780,00.006182]
03_undistortion         	    628	00.400376	(00.000638 +- 00.000178)	[00.000126,00.002160]
04_sampling             	    627	00.271104	(00.000432 +- 00.000195)	[00.000063,00.002124]
04b_intensity_sampling  	    627	00.401174	(00.000640 +- 00.000116)	[00.000123,00.001617]
05_registration         	    627	01.924589	(00.003070 +- 00.000545)	[00.000667,00.010183]
06_map                  	    627	00.431666	(00.000688 +- 00.000110)	[00.000135,00.003131]
07_imu_opt              	    627	00.816094	(00.001302 +- 00.000178)	[00.000002,00.003554]
08_publish              	    627	04.835366	(00.007712 +- 00.000800)	[00.000462,00.022598]
step                    	    630	10.828271	(00.017188 +- 00.001366)	[00.003975,00.047284]

INFO  Timings:
SM Timing
-----------
00_conversion_livox     	    632	06.673779	(00.010560 +- 00.000313)	[00.007809,00.020918]
01_filter               	    631	00.166628	(00.000264 +- 00.000047)	[00.000116,00.002236]
02_preint               	    629	00.022534	(00.000036 +- 00.000005)	[00.000024,00.000063]
02a_intensity_preprocess	    631	01.501081	(00.002379 +- 00.000167)	[00.000780,00.006182]
03_undistortion         	    629	00.400909	(00.000637 +- 00.000181)	[00.000126,00.002160]
04_sampling             	    628	00.271418	(00.000432 +- 00.000197)	[00.000063,00.002124]
04b_intensity_sampling  	    628	00.401700	(00.000640 +- 00.000120)	[00.000123,00.001617]
05_registration         	    628	01.926905	(00.003068 +- 00.000550)	[00.000667,00.010183]
06_map                  	    628	00.432284	(00.000688 +- 00.000112)	[00.000135,00.003131]
07_imu_opt              	    628	00.817269	(00.001301 +- 00.000177)	[00.000002,00.003554]
08_publish              	    628	04.842640	(00.007711 +- 00.000829)	[00.000462,00.022598]
step                    	    631	10.843688	(00.017185 +- 00.001462)	[00.003975,00.047284]

INFO  Timings:
SM Timing
-----------
00_conversion_livox     	    633	06.683627	(00.010559 +- 00.000322)	[00.007809,00.020918]
01_filter               	    632	00.166898	(00.000264 +- 00.000047)	[00.000116,00.002236]
02_preint               	    630	00.022572	(00.000036 +- 00.000005)	[00.000024,00.000063]
02a_intensity_preprocess	    632	01.503312	(00.002379 +- 00.000166)	[00.000780,00.006182]
03_undistortion         	    630	00.401531	(00.000637 +- 00.000147)	[00.000126,00.002160]
04_sampling             	    629	00.271839	(00.000432 +- 00.000198)	[00.000063,00.002124]
04b_intensity_sampling  	    629	00.402324	(00.000640 +- 00.000121)	[00.000123,00.001617]
05_registration         	    629	01.929006	(00.003067 +- 00.000562)	[00.000667,00.010183]
06_map                  	    629	00.433097	(00.000689 +- 00.000112)	[00.000135,00.003131]
07_imu_opt              	    629	00.818485	(00.001301 +- 00.000178)	[00.000002,00.003554]
08_publish              	    629	04.849953	(00.007711 +- 00.000856)	[00.000462,00.022598]
step                    	    632	10.859391	(00.017183 +- 00.001506)	[00.003975,00.047284]

INFO  Timings:
SM Timing
-----------
00_conversion_livox     	    634	06.694086	(00.010558 +- 00.000320)	[00.007809,00.020918]
01_filter               	    633	00.167131	(00.000264 +- 00.000047)	[00.000116,00.002236]
02_preint               	    631	00.022613	(00.000036 +- 00.000005)	[00.000024,00.000063]
02a_intensity_preprocess	    633	01.505696	(00.002379 +- 00.000166)	[00.000780,00.006182]
03_undistortion         	    631	00.402017	(00.000637 +- 00.000152)	[00.000126,00.002160]
04_sampling             	    630	00.272285	(00.000432 +- 00.000197)	[00.000063,00.002124]
04b_intensity_sampling  	    630	00.402982	(00.000640 +- 00.000121)	[00.000123,00.001617]
05_registration         	    630	01.931679	(00.003066 +- 00.000562)	[00.000667,00.010183]
06_map                  	    630	00.433750	(00.000688 +- 00.000114)	[00.000135,00.003131]
07_imu_opt              	    630	00.819829	(00.001301 +- 00.000178)	[00.000002,00.003554]
08_publish              	    630	04.857434	(00.007710 +- 00.000877)	[00.000462,00.022598]
step                    	    633	10.875860	(00.017181 +- 00.001545)	[00.003975,00.047284]

INFO  Timings:
SM Timing
-----------
00_conversion_livox     	    635	06.704662	(00.010559 +- 00.000321)	[00.007809,00.020918]
01_filter               	    634	00.167356	(00.000264 +- 00.000047)	[00.000116,00.002236]
02_preint               	    632	00.022655	(00.000036 +- 00.000005)	[00.000024,00.000063]
02a_intensity_preprocess	    634	01.508043	(00.002379 +- 00.000168)	[00.000780,00.006182]
03_undistortion         	    632	00.402611	(00.000637 +- 00.000153)	[00.000126,00.002160]
04_sampling             	    631	00.272705	(00.000432 +- 00.000198)	[00.000063,00.002124]
04b_intensity_sampling  	    631	00.403597	(00.000640 +- 00.000123)	[00.000123,00.001617]
05_registration         	    631	01.936061	(00.003068 +- 00.000594)	[00.000667,00.010183]
06_map                  	    631	00.434401	(00.000688 +- 00.000115)	[00.000135,00.003131]
07_imu_opt              	    631	00.821169	(00.001301 +- 00.000177)	[00.000002,00.003554]
08_publish              	    631	04.864880	(00.007710 +- 00.000900)	[00.000462,00.022598]
step                    	    634	10.894027	(00.017183 +- 00.001541)	[00.003975,00.047284]

INFO  Timings:
SM Timing
-----------
00_conversion_livox     	    636	06.714904	(00.010558 +- 00.000321)	[00.007809,00.020918]
01_filter               	    635	00.167594	(00.000264 +- 00.000047)	[00.000116,00.002236]
02_preint               	    633	00.022693	(00.000036 +- 00.000005)	[00.000024,00.000063]
02a_intensity_preprocess	    635	01.510337	(00.002378 +- 00.000170)	[00.000780,00.006182]
03_undistortion         	    633	00.403440	(00.000637 +- 00.000154)	[00.000126,00.002160]
04_sampling             	    632	00.273158	(00.000432 +- 00.000198)	[00.000063,00.002124]
04b_intensity_sampling  	    632	00.404226	(00.000640 +- 00.000124)	[00.000123,00.001617]
05_registration         	    632	01.939311	(00.003069 +- 00.000592)	[00.000667,00.010183]
06_map                  	    632	00.435088	(00.000688 +- 00.000115)	[00.000135,00.003131]
07_imu_opt              	    632	00.822739	(00.001302 +- 00.000180)	[00.000002,00.003554]
08_publish              	    632	04.872088	(00.007709 +- 00.000922)	[00.000462,00.022598]
step                    	    635	10.911290	(00.017183 +- 00.001556)	[00.003975,00.047284]

INFO  Timings:
SM Timing
-----------
00_conversion_livox     	    637	06.725327	(00.010558 +- 00.000314)	[00.007809,00.020918]
01_filter               	    636	00.167822	(00.000264 +- 00.000047)	[00.000116,00.002236]
02_preint               	    634	00.022729	(00.000036 +- 00.000005)	[00.000024,00.000063]
02a_intensity_preprocess	    636	01.512613	(00.002378 +- 00.000171)	[00.000780,00.006182]
03_undistortion         	    634	00.404025	(00.000637 +- 00.000156)	[00.000126,00.002160]
04_sampling             	    633	00.273608	(00.000432 +- 00.000198)	[00.000063,00.002124]
04b_intensity_sampling  	    633	00.404953	(00.000640 +- 00.000124)	[00.000123,00.001617]
05_registration         	    633	01.941969	(00.003068 +- 00.000591)	[00.000667,00.010183]
06_map                  	    633	00.435712	(00.000688 +- 00.000115)	[00.000135,00.003131]
07_imu_opt              	    633	00.824084	(00.001302 +- 00.000180)	[00.000002,00.003554]
08_publish              	    633	04.879247	(00.007708 +- 00.000936)	[00.000462,00.022598]
step                    	    636	10.927441	(00.017182 +- 00.001577)	[00.003975,00.047284]

INFO  Timings:
SM Timing
-----------
00_conversion_livox     	    638	06.735968	(00.010558 +- 00.000311)	[00.007809,00.020918]
01_filter               	    637	00.168054	(00.000264 +- 00.000048)	[00.000116,00.002236]
02_preint               	    635	00.022769	(00.000036 +- 00.000005)	[00.000024,00.000063]
02a_intensity_preprocess	    637	01.514877	(00.002378 +- 00.000174)	[00.000780,00.006182]
03_undistortion         	    635	00.404635	(00.000637 +- 00.000157)	[00.000126,00.002160]
04_sampling             	    634	00.273957	(00.000432 +- 00.000199)	[00.000063,00.002124]
04b_intensity_sampling  	    634	00.405612	(00.000640 +- 00.000124)	[00.000123,00.001617]
05_registration         	    634	01.947288	(00.003071 +- 00.000680)	[00.000667,00.010183]
06_map                  	    634	00.436316	(00.000688 +- 00.000116)	[00.000135,00.003131]
07_imu_opt              	    634	00.825401	(00.001302 +- 00.000180)	[00.000002,00.003554]
08_publish              	    634	04.886061	(00.007707 +- 00.000967)	[00.000462,00.022598]
step                    	    637	10.945739	(00.017183 +- 00.001568)	[00.003975,00.047284]

INFO  Timings:
SM Timing
-----------
00_conversion_livox     	    639	06.746245	(00.010558 +- 00.000309)	[00.007809,00.020918]
01_filter               	    638	00.168272	(00.000264 +- 00.000048)	[00.000116,00.002236]
02_preint               	    636	00.022801	(00.000036 +- 00.000005)	[00.000024,00.000063]
02a_intensity_preprocess	    638	01.516898	(00.002378 +- 00.000187)	[00.000780,00.006182]
03_undistortion         	    636	00.405189	(00.000637 +- 00.000159)	[00.000126,00.002160]
04_sampling             	    635	00.274257	(00.000432 +- 00.000200)	[00.000063,00.002124]
04b_intensity_sampling  	    635	00.406061	(00.000639 +- 00.000130)	[00.000123,00.001617]
05_registration         	    635	01.951034	(00.003072 +- 00.000673)	[00.000667,00.010183]
06_map                  	    635	00.436876	(00.000688 +- 00.000119)	[00.000135,00.003131]
07_imu_opt              	    635	00.826621	(00.001302 +- 00.000180)	[00.000002,00.003554]
08_publish              	    635	04.892092	(00.007704 +- 00.001025)	[00.000462,00.022598]
step                    	    638	10.960930	(00.017180 +- 00.001610)	[00.003975,00.047284]

INFO  Timings:
SM Timing
-----------
00_conversion_livox     	    640	06.756109	(00.010556 +- 00.000309)	[00.007809,00.020918]
01_filter               	    639	00.168478	(00.000264 +- 00.000049)	[00.000116,00.002236]
02_preint               	    637	00.022838	(00.000036 +- 00.000005)	[00.000024,00.000063]
02a_intensity_preprocess	    639	01.518742	(00.002377 +- 00.000206)	[00.000780,00.006182]
03_undistortion         	    637	00.405753	(00.000637 +- 00.000161)	[00.000126,00.002160]
04_sampling             	    636	00.274565	(00.000432 +- 00.000201)	[00.000063,00.002124]
04b_intensity_sampling  	    636	00.406602	(00.000639 +- 00.000132)	[00.000123,00.001617]
05_registration         	    636	01.953330	(00.003071 +- 00.000679)	[00.000667,00.010183]
06_map                  	    636	00.437493	(00.000688 +- 00.000120)	[00.000135,00.003131]
07_imu_opt              	    636	00.827779	(00.001302 +- 00.000181)	[00.000002,00.003554]
08_publish              	    636	04.897237	(00.007700 +- 00.001122)	[00.000462,00.022598]
step                    	    639	10.973720	(00.017173 +- 00.001788)	[00.003975,00.047284]

INFO  Timings:
SM Timing
-----------
00_conversion_livox     	    641	06.765810	(00.010555 +- 00.000321)	[00.007809,00.020918]
01_filter               	    640	00.168685	(00.000264 +- 00.000050)	[00.000116,00.002236]
02_preint               	    638	00.022875	(00.000036 +- 00.000005)	[00.000024,00.000063]
02a_intensity_preprocess	    640	01.520440	(00.002376 +- 00.000231)	[00.000780,00.006182]
03_undistortion         	    638	00.406109	(00.000637 +- 00.000167)	[00.000126,00.002160]
04_sampling             	    637	00.274897	(00.000432 +- 00.000202)	[00.000063,00.002124]
04b_intensity_sampling  	    637	00.407056	(00.000639 +- 00.000137)	[00.000123,00.001617]
05_registration         	    637	01.956073	(00.003071 +- 00.000679)	[00.000667,00.010183]
06_map                  	    637	00.437898	(00.000687 +- 00.000128)	[00.000135,00.003131]
07_imu_opt              	    637	00.828913	(00.001301 +- 00.000182)	[00.000002,00.003554]
08_publish              	    637	04.901626	(00.007695 +- 00.001256)	[00.000462,00.022598]
step                    	    640	10.985514	(00.017165 +- 00.002002)	[00.003975,00.047284]

INFO  Timings:
SM Timing
-----------
00_conversion_livox     	    642	06.775526	(00.010554 +- 00.000329)	[00.007809,00.020918]
01_filter               	    641	00.168887	(00.000263 +- 00.000050)	[00.000116,00.002236]
02_preint               	    639	00.022911	(00.000036 +- 00.000004)	[00.000024,00.000063]
02a_intensity_preprocess	    641	01.522050	(00.002374 +- 00.000260)	[00.000780,00.006182]
03_undistortion         	    639	00.406462	(00.000636 +- 00.000171)	[00.000126,00.002160]
04_sampling             	    638	00.275160	(00.000431 +- 00.000204)	[00.000063,00.002124]
04b_intensity_sampling  	    638	00.407438	(00.000639 +- 00.000144)	[00.000123,00.001617]
05_registration         	    638	01.957402	(00.003068 +- 00.000713)	[00.000667,00.010183]
06_map                  	    638	00.438266	(00.000687 +- 00.000138)	[00.000135,00.003131]
07_imu_opt              	    638	00.830001	(00.001301 +- 00.000183)	[00.000002,00.003554]
08_publish              	    638	04.905547	(00.007689 +- 00.001390)	[00.000462,00.022598]
step                    	    641	10.995122	(00.017153 +- 00.002316)	[00.003975,00.047284]

INFO  Timings:
SM Timing
-----------
00_conversion_livox     	    643	06.784958	(00.010552 +- 00.000351)	[00.007809,00.020918]
01_filter               	    642	00.169092	(00.000263 +- 00.000051)	[00.000116,00.002236]
02_preint               	    640	00.022937	(00.000036 +- 00.000005)	[00.000024,00.000063]
02a_intensity_preprocess	    642	01.523600	(00.002373 +- 00.000287)	[00.000780,00.006182]
03_undistortion         	    640	00.406827	(00.000636 +- 00.000177)	[00.000126,00.002160]
04_sampling             	    639	00.275491	(00.000431 +- 00.000205)	[00.000063,00.002124]
04b_intensity_sampling  	    639	00.408073	(00.000639 +- 00.000144)	[00.000123,00.001617]
05_registration         	    639	01.959120	(00.003066 +- 00.000733)	[00.000667,00.010183]
06_map                  	    639	00.438712	(00.000687 +- 00.000144)	[00.000135,00.003131]
07_imu_opt              	    639	00.831047	(00.001301 +- 00.000186)	[00.000002,00.003554]
08_publish              	    639	04.909407	(00.007683 +- 00.001499)	[00.000462,00.022598]
step                    	    642	11.005388	(00.017142 +- 00.002540)	[00.003975,00.047284]

INFO  Timings:
SM Timing
-----------
00_conversion_livox     	    644	06.794532	(00.010551 +- 00.000364)	[00.007809,00.020918]
01_filter               	    643	00.169300	(00.000263 +- 00.000051)	[00.000116,00.002236]
02_preint               	    641	00.022968	(00.000036 +- 00.000005)	[00.000024,00.000063]
02a_intensity_preprocess	    643	01.525241	(00.002372 +- 00.000299)	[00.000780,00.006182]
03_undistortion         	    641	00.407141	(00.000635 +- 00.000170)	[00.000126,00.002160]
04_sampling             	    640	00.275848	(00.000431 +- 00.000206)	[00.000063,00.002124]
04b_intensity_sampling  	    640	00.408478	(00.000638 +- 00.000150)	[00.000123,00.001617]
05_registration         	    640	01.961673	(00.003065 +- 00.000733)	[00.000667,00.010183]
06_map                  	    640	00.439247	(00.000686 +- 00.000146)	[00.000135,00.003131]
07_imu_opt              	    640	00.832478	(00.001301 +- 00.000186)	[00.000002,00.003554]
08_publish              	    640	04.913534	(00.007677 +- 00.001570)	[00.000462,00.022598]
step                    	    643	11.017055	(00.017134 +- 00.002629)	[00.003975,00.047284]

INFO  Timings:
SM Timing
-----------
00_conversion_livox     	    645	06.804568	(00.010550 +- 00.000365)	[00.007809,00.020918]
01_filter               	    644	00.169517	(00.000263 +- 00.000051)	[00.000116,00.002236]
02_preint               	    642	00.023005	(00.000036 +- 00.000005)	[00.000024,00.000063]
02a_intensity_preprocess	    644	01.526883	(00.002371 +- 00.000312)	[00.000780,00.006182]
03_undistortion         	    642	00.407664	(00.000635 +- 00.000170)	[00.000126,00.002160]
04_sampling             	    641	00.276162	(00.000431 +- 00.000207)	[00.000063,00.002124]
04b_intensity_sampling  	    641	00.408928	(00.000638 +- 00.000154)	[00.000123,00.001617]
05_registration         	    641	01.963493	(00.003063 +- 00.000724)	[00.000667,00.010183]
06_map                  	    641	00.439660	(00.000686 +- 00.000151)	[00.000135,00.003131]
07_imu_opt              	    641	00.833642	(00.001301 +- 00.000187)	[00.000002,00.003554]
08_publish              	    641	04.917745	(00.007672 +- 00.001632)	[00.000462,00.022598]
step                    	    644	11.027928	(00.017124 +- 00.002733)	[00.003975,00.047284]

INFO  Timings:
SM Timing
-----------
00_conversion_livox     	    646	06.814559	(00.010549 +- 00.000365)	[00.007809,00.020918]
01_filter               	    645	00.169731	(00.000263 +- 00.000051)	[00.000116,00.002236]
02_preint               	    643	00.023049	(00.000036 +- 00.000005)	[00.000024,00.000063]
02a_intensity_preprocess	    645	01.528640	(00.002370 +- 00.000320)	[00.000780,00.006182]
03_undistortion         	    643	00.408000	(00.000635 +- 00.000176)	[00.000126,00.002160]
04_sampling             	    642	00.276434	(00.000431 +- 00.000209)	[00.000063,00.002124]
04b_intensity_sampling  	    642	00.409328	(00.000638 +- 00.000159)	[00.000123,00.001617]
05_registration         	    642	01.964975	(00.003061 +- 00.000747)	[00.000667,00.010183]
06_map                  	    642	00.440054	(00.000685 +- 00.000157)	[00.000135,00.003131]
07_imu_opt              	    642	00.834941	(00.001301 +- 00.000187)	[00.000002,00.003554]
08_publish              	    642	04.921829	(00.007666 +- 00.001699)	[00.000462,00.022598]
step                    	    645	11.038251	(00.017114 +- 00.002889)	[00.003975,00.047284]

INFO  Timings:
SM Timing
-----------
00_conversion_livox     	    647	06.824310	(00.010548 +- 00.000369)	[00.007809,00.020918]
01_filter               	    646	00.169936	(00.000263 +- 00.000052)	[00.000116,00.002236]
02_preint               	    644	00.023080	(00.000036 +- 00.000005)	[00.000024,00.000063]
02a_intensity_preprocess	    646	01.530342	(00.002369 +- 00.000329)	[00.000780,00.006182]
03_undistortion         	    644	00.408330	(00.000634 +- 00.000182)	[00.000126,00.002160]
04_sampling             	    643	00.276794	(00.000430 +- 00.000209)	[00.000063,00.002124]
04b_intensity_sampling  	    643	00.409770	(00.000637 +- 00.000163)	[00.000123,00.001617]
05_registration         	    643	01.969381	(00.003063 +- 00.000759)	[00.000667,00.010183]
06_map                  	    643	00.440531	(00.000685 +- 00.000157)	[00.000135,00.003131]
07_imu_opt              	    643	00.836228	(00.001301 +- 00.000187)	[00.000002,00.003554]
08_publish              	    643	04.926001	(00.007661 +- 00.001748)	[00.000462,00.022598]
step                    	    646	11.051727	(00.017108 +- 00.002873)	[00.003975,00.047284]

INFO  Timings:
SM Timing
-----------
00_conversion_livox     	    648	06.834240	(00.010547 +- 00.000371)	[00.007809,00.020918]
01_filter               	    647	00.170142	(00.000263 +- 00.000052)	[00.000116,00.002236]
02_preint               	    645	00.023123	(00.000036 +- 00.000005)	[00.000024,00.000063]
02a_intensity_preprocess	    647	01.532050	(00.002368 +- 00.000337)	[00.000780,00.006182]
03_undistortion         	    645	00.408665	(00.000634 +- 00.000187)	[00.000126,00.002160]
04_sampling             	    644	00.277074	(00.000430 +- 00.000208)	[00.000063,00.002124]
04b_intensity_sampling  	    644	00.410186	(00.000637 +- 00.000167)	[00.000123,00.001617]
05_registration         	    644	01.971237	(00.003061 +- 00.000769)	[00.000667,00.010183]
06_map                  	    644	00.440907	(00.000685 +- 00.000162)	[00.000135,00.003131]
07_imu_opt              	    644	00.837994	(00.001301 +- 00.000195)	[00.000002,00.003554]
08_publish              	    644	04.930172	(00.007656 +- 00.001803)	[00.000462,00.022598]
step                    	    647	11.062978	(00.017099 +- 00.002974)	[00.003975,00.047284]

INFO  Timings:
SM Timing
-----------
00_conversion_livox     	    649	06.843974	(00.010545 +- 00.000379)	[00.007809,00.020918]
01_filter               	    648	00.170366	(00.000263 +- 00.000053)	[00.000116,00.002236]
02_preint               	    646	00.023158	(00.000036 +- 00.000005)	[00.000024,00.000063]
02a_intensity_preprocess	    648	01.533739	(00.002367 +- 00.000344)	[00.000780,00.006182]
03_undistortion         	    646	00.409045	(00.000633 +- 00.000191)	[00.000126,00.002160]
04_sampling             	    645	00.277440	(00.000430 +- 00.000208)	[00.000063,00.002124]
04b_intensity_sampling  	    645	00.410828	(00.000637 +- 00.000166)	[00.000123,00.001617]
05_registration         	    645	01.972988	(00.003059 +- 00.000779)	[00.000667,00.010183]
06_map                  	    645	00.441465	(00.000684 +- 00.000163)	[00.000135,00.003131]
07_imu_opt              	    645	00.839304	(00.001301 +- 00.000194)	[00.000002,00.003554]
08_publish              	    645	04.934518	(00.007650 +- 00.001844)	[00.000462,00.022598]
step                    	    648	11.074351	(00.017090 +- 00.003048)	[00.003975,00.047284]

INFO  Timings:
SM Timing
-----------
00_conversion_livox     	    650	06.853700	(00.010544 +- 00.000385)	[00.007809,00.020918]
01_filter               	    649	00.170568	(00.000263 +- 00.000053)	[00.000116,00.002236]
02_preint               	    647	00.023199	(00.000036 +- 00.000005)	[00.000024,00.000063]
02a_intensity_preprocess	    649	01.535513	(00.002366 +- 00.000349)	[00.000780,00.006182]
03_undistortion         	    647	00.409424	(00.000633 +- 00.000194)	[00.000126,00.002160]
04_sampling             	    646	00.277890	(00.000430 +- 00.000208)	[00.000063,00.002124]
04b_intensity_sampling  	    646	00.411413	(00.000637 +- 00.000167)	[00.000123,00.001617]
05_registration         	    646	01.975302	(00.003058 +- 00.000780)	[00.000667,00.010183]
06_map                  	    646	00.441968	(00.000684 +- 00.000165)	[00.000135,00.003131]
07_imu_opt              	    646	00.840869	(00.001302 +- 00.000195)	[00.000002,00.003554]
08_publish              	    646	04.938945	(00.007645 +- 00.001873)	[00.000462,00.022598]
step                    	    649	11.086667	(00.017083 +- 00.003089)	[00.003975,00.047284]

INFO  Timings:
SM Timing
-----------
00_conversion_livox     	    651	06.863413	(00.010543 +- 00.000389)	[00.007809,00.020918]
01_filter               	    650	00.170808	(00.000263 +- 00.000053)	[00.000116,00.002236]
02_preint               	    648	00.023233	(00.000036 +- 00.000005)	[00.000024,00.000063]
02a_intensity_preprocess	    650	01.537242	(00.002365 +- 00.000357)	[00.000780,00.006182]
03_undistortion         	    648	00.409904	(00.000633 +- 00.000151)	[00.000126,00.002160]
04_sampling             	    647	00.278226	(00.000430 +- 00.000209)	[00.000063,00.002124]
04b_intensity_sampling  	    647	00.411868	(00.000637 +- 00.000169)	[00.000123,00.001617]
05_registration         	    647	01.978283	(00.003058 +- 00.000780)	[00.000667,00.010183]
06_map                  	    647	00.442454	(00.000684 +- 00.000167)	[00.000135,00.003131]
07_imu_opt              	    647	00.842079	(00.001302 +- 00.000194)	[00.000002,00.003554]
08_publish              	    647	04.943370	(00.007640 +- 00.001906)	[00.000462,00.022598]
step                    	    650	11.099092	(00.017076 +- 00.003126)	[00.003975,00.047284]

INFO  Timings:
SM Timing
-----------
00_conversion_livox     	    652	06.874039	(00.010543 +- 00.000392)	[00.007809,00.020918]
01_filter               	    651	00.171055	(00.000263 +- 00.000053)	[00.000116,00.002236]
02_preint               	    649	00.023268	(00.000036 +- 00.000005)	[00.000024,00.000063]
02a_intensity_preprocess	    651	01.538936	(00.002364 +- 00.000366)	[00.000780,00.006182]
03_undistortion         	    649	00.410280	(00.000632 +- 00.000155)	[00.000126,00.002160]
04_sampling             	    648	00.278590	(00.000430 +- 00.000209)	[00.000063,00.002124]
04b_intensity_sampling  	    648	00.412299	(00.000636 +- 00.000172)	[00.000123,00.001617]
05_registration         	    648	01.980164	(00.003056 +- 00.000789)	[00.000667,00.010183]
06_map                  	    648	00.442962	(00.000684 +- 00.000168)	[00.000135,00.003131]
07_imu_opt              	    648	00.843646	(00.001302 +- 00.000195)	[00.000002,00.003554]
08_publish              	    648	04.947946	(00.007636 +- 00.001937)	[00.000462,00.022598]
step                    	    651	11.110833	(00.017067 +- 00.003192)	[00.003975,00.047284]

INFO  Timings:
SM Timing
-----------
00_conversion_livox     	    653	06.883912	(00.010542 +- 00.000396)	[00.007809,00.020918]
01_filter               	    652	00.171254	(00.000263 +- 00.000053)	[00.000116,00.002236]
02_preint               	    650	00.023303	(00.000036 +- 00.000005)	[00.000024,00.000063]
02a_intensity_preprocess	    652	01.540592	(00.002363 +- 00.000375)	[00.000780,00.006182]
03_undistortion         	    650	00.410672	(00.000632 +- 00.000157)	[00.000126,00.002160]
04_sampling             	    649	00.278985	(00.000430 +- 00.000209)	[00.000063,00.002124]
04b_intensity_sampling  	    649	00.412861	(00.000636 +- 00.000173)	[00.000123,00.001617]
05_registration         	    649	01.982223	(00.003054 +- 00.000793)	[00.000667,00.010183]
06_map                  	    649	00.443469	(00.000683 +- 00.000169)	[00.000135,00.003131]
07_imu_opt              	    649	00.844993	(00.001302 +- 00.000195)	[00.000002,00.003554]
08_publish              	    649	04.951856	(00.007630 +- 00.001988)	[00.000462,00.022598]
step                    	    652	11.121976	(00.017058 +- 00.003273)	[00.003975,00.047284]

INFO  Timings:
SM Timing
-----------
00_conversion_livox     	    654	06.893689	(00.010541 +- 00.000400)	[00.007809,00.020918]
01_filter               	    653	00.171450	(00.000263 +- 00.000054)	[00.000116,00.002236]
02_preint               	    651	00.023339	(00.000036 +- 00.000005)	[00.000024,00.000063]
02a_intensity_preprocess	    653	01.542236	(00.002362 +- 00.000384)	[00.000780,00.006182]
03_undistortion         	    651	00.410992	(00.000631 +- 00.000163)	[00.000126,00.002160]
04_sampling             	    650	00.279280	(00.000430 +- 00.000210)	[00.000063,00.002124]
04b_intensity_sampling  	    650	00.413360	(00.000636 +- 00.000135)	[00.000123,00.001617]
05_registration         	    650	01.984247	(00.003053 +- 00.000768)	[00.000667,00.010183]
06_map                  	    650	00.443889	(00.000683 +- 00.000172)	[00.000135,00.003131]
07_imu_opt              	    650	00.846330	(00.001302 +- 00.000193)	[00.000002,00.003554]
08_publish              	    650	04.955568	(00.007624 +- 00.002039)	[00.000462,00.022598]
step                    	    653	11.132530	(00.017048 +- 00.003324)	[00.003975,00.047284]

INFO  Timings:
SM Timing
-----------
00_conversion_livox     	    655	06.903796	(00.010540 +- 00.000399)	[00.007809,00.020918]
01_filter               	    654	00.171690	(00.000263 +- 00.000053)	[00.000116,00.002236]
02_preint               	    652	00.023368	(00.000036 +- 00.000005)	[00.000024,00.000063]
02a_intensity_preprocess	    654	01.543795	(00.002361 +- 00.000393)	[00.000780,00.006182]
03_undistortion         	    652	00.411297	(00.000631 +- 00.000168)	[00.000126,00.002160]
04_sampling             	    651	00.279569	(00.000429 +- 00.000209)	[00.000063,00.002124]
04b_intensity_sampling  	    651	00.413785	(00.000636 +- 00.000138)	[00.000123,00.001617]
05_registration         	    651	01.986034	(00.003051 +- 00.000778)	[00.000667,00.010183]
06_map                  	    651	00.444255	(00.000682 +- 00.000177)	[00.000135,00.003131]
07_imu_opt              	    651	00.847725	(00.001302 +- 00.000170)	[00.000002,00.003554]
08_publish              	    651	04.959132	(00.007618 +- 00.002091)	[00.000462,00.022598]
step                    	    654	11.142580	(00.017038 +- 00.003410)	[00.003975,00.047284]

INFO  Timings:
SM Timing
-----------
00_conversion_livox     	    656	06.914205	(00.010540 +- 00.000397)	[00.007809,00.020918]
01_filter               	    655	00.171924	(00.000262 +- 00.000053)	[00.000116,00.002236]
02_preint               	    653	00.023408	(00.000036 +- 00.000005)	[00.000024,00.000063]
02a_intensity_preprocess	    655	01.545425	(00.002359 +- 00.000398)	[00.000780,00.006182]
03_undistortion         	    653	00.411583	(00.000630 +- 00.000172)	[00.000126,00.002160]
04_sampling             	    652	00.279857	(00.000429 +- 00.000210)	[00.000063,00.002124]
04b_intensity_sampling  	    652	00.414199	(00.000635 +- 00.000141)	[00.000123,00.001617]
05_registration         	    652	01.988076	(00.003049 +- 00.000783)	[00.000667,00.010183]
06_map                  	    652	00.444646	(00.000682 +- 00.000180)	[00.000135,00.003131]
07_imu_opt              	    652	00.849207	(00.001302 +- 00.000164)	[00.000002,00.003554]
08_publish              	    652	04.962679	(00.007611 +- 00.002136)	[00.000462,00.022598]
step                    	    655	11.152979	(00.017027 +- 00.003475)	[00.003975,00.047284]

INFO  Timings:
SM Timing
-----------
00_conversion_livox     	    657	06.924946	(00.010540 +- 00.000404)	[00.007809,00.020918]
01_filter               	    656	00.172107	(00.000262 +- 00.000053)	[00.000116,00.002236]
02_preint               	    654	00.023444	(00.000036 +- 00.000005)	[00.000024,00.000063]
02a_intensity_preprocess	    656	01.546964	(00.002358 +- 00.000406)	[00.000780,00.006182]
03_undistortion         	    654	00.411924	(00.000630 +- 00.000175)	[00.000126,00.002160]
04_sampling             	    653	00.280153	(00.000429 +- 00.000210)	[00.000063,00.002124]
04b_intensity_sampling  	    653	00.414612	(00.000635 +- 00.000144)	[00.000123,00.001617]
05_registration         	    653	01.990553	(00.003048 +- 00.000781)	[00.000667,00.010183]
06_map                  	    653	00.445089	(00.000682 +- 00.000183)	[00.000135,00.003131]
07_imu_opt              	    653	00.850536	(00.001303 +- 00.000161)	[00.000002,00.003554]
08_publish              	    653	04.965934	(00.007605 +- 00.002189)	[00.000462,00.022598]
step                    	    656	11.163359	(00.017017 +- 00.003548)	[00.003975,00.047284]

INFO  Timings:
SM Timing
-----------
00_conversion_livox     	    658	06.935322	(00.010540 +- 00.000403)	[00.007809,00.020918]
01_filter               	    657	00.172321	(00.000262 +- 00.000053)	[00.000116,00.002236]
02_preint               	    655	00.023486	(00.000036 +- 00.000005)	[00.000024,00.000063]
02a_intensity_preprocess	    657	01.548455	(00.002357 +- 00.000414)	[00.000780,00.006182]
03_undistortion         	    655	00.412254	(00.000629 +- 00.000174)	[00.000126,00.002160]
04_sampling             	    654	00.280423	(00.000429 +- 00.000212)	[00.000063,00.002124]
04b_intensity_sampling  	    654	00.414967	(00.000635 +- 00.000147)	[00.000123,00.001617]
05_registration         	    654	01.991984	(00.003046 +- 00.000797)	[00.000667,00.010183]
06_map                  	    654	00.445431	(00.000681 +- 00.000182)	[00.000135,00.003131]
07_imu_opt              	    654	00.851958	(00.001303 +- 00.000157)	[00.000002,00.003554]
08_publish              	    654	04.968953	(00.007598 +- 00.002243)	[00.000462,00.022598]
step                    	    657	11.172351	(00.017005 +- 00.003650)	[00.003975,00.047284]

INFO  Timings:
SM Timing
-----------
00_conversion_livox     	    659	06.945280	(00.010539 +- 00.000401)	[00.007809,00.020918]
01_filter               	    658	00.172530	(00.000262 +- 00.000052)	[00.000116,00.002236]
02_preint               	    656	00.023524	(00.000036 +- 00.000005)	[00.000024,00.000063]
02a_intensity_preprocess	    658	01.549898	(00.002355 +- 00.000423)	[00.000780,00.006182]
03_undistortion         	    656	00.412564	(00.000629 +- 00.000175)	[00.000126,00.002160]
04_sampling             	    655	00.280677	(00.000429 +- 00.000213)	[00.000063,00.002124]
04b_intensity_sampling  	    655	00.415292	(00.000634 +- 00.000152)	[00.000123,00.001617]
05_registration         	    655	01.994320	(00.003045 +- 00.000798)	[00.000667,00.010183]
06_map                  	    655	00.445827	(00.000681 +- 00.000183)	[00.000135,00.003131]
07_imu_opt              	    655	00.853166	(00.001303 +- 00.000155)	[00.000002,00.003554]
08_publish              	    655	04.971678	(00.007590 +- 00.002299)	[00.000462,00.022598]
step                    	    658	11.181661	(00.016993 +- 00.003730)	[00.003975,00.047284]

INFO  Timings:
SM Timing
-----------
00_conversion_livox     	    660	06.954908	(00.010538 +- 00.000410)	[00.007809,00.020918]
01_filter               	    659	00.172701	(00.000262 +- 00.000051)	[00.000116,00.002236]
02_preint               	    657	00.023558	(00.000036 +- 00.000005)	[00.000024,00.000063]
02a_intensity_preprocess	    659	01.551240	(00.002354 +- 00.000435)	[00.000780,00.006182]
03_undistortion         	    657	00.412863	(00.000628 +- 00.000176)	[00.000126,00.002160]
04_sampling             	    656	00.280990	(00.000428 +- 00.000213)	[00.000063,00.002124]
04b_intensity_sampling  	    656	00.415762	(00.000634 +- 00.000152)	[00.000123,00.001617]
05_registration         	    656	01.995889	(00.003043 +- 00.000811)	[00.000667,00.010183]
06_map                  	    656	00.446171	(00.000680 +- 00.000184)	[00.000135,00.003131]
07_imu_opt              	    656	00.854347	(00.001302 +- 00.000156)	[00.000002,00.003554]
08_publish              	    656	04.974130	(00.007583 +- 00.002354)	[00.000462,00.022598]
step                    	    659	11.189904	(00.016980 +- 00.003834)	[00.003975,00.047284]

INFO  Timings:
SM Timing
-----------
00_conversion_livox     	    661	06.964398	(00.010536 +- 00.000420)	[00.007809,00.020918]
01_filter               	    660	00.172906	(00.000262 +- 00.000050)	[00.000116,00.002236]
02_preint               	    658	00.023596	(00.000036 +- 00.000004)	[00.000024,00.000063]
02a_intensity_preprocess	    660	01.552556	(00.002352 +- 00.000444)	[00.000780,00.006182]
03_undistortion         	    658	00.413124	(00.000628 +- 00.000178)	[00.000126,00.002160]
04_sampling             	    657	00.281224	(00.000428 +- 00.000215)	[00.000063,00.002124]
04b_intensity_sampling  	    657	00.416095	(00.000633 +- 00.000155)	[00.000123,00.001617]
05_registration         	    657	01.997911	(00.003041 +- 00.000816)	[00.000667,00.010183]
06_map                  	    657	00.446798	(00.000680 +- 00.000182)	[00.000135,00.003131]
07_imu_opt              	    657	00.855546	(00.001302 +- 00.000155)	[00.000002,00.003554]
08_publish              	    657	04.976488	(00.007575 +- 00.002399)	[00.000462,00.022598]
step                    	    660	11.198545	(00.016967 +- 00.003903)	[00.003975,00.047284]

INFO  Timings:
SM Timing
-----------
00_conversion_livox     	    662	06.973977	(00.010535 +- 00.000426)	[00.007809,00.020918]
01_filter               	    661	00.173064	(00.000262 +- 00.000050)	[00.000116,00.002236]
02_preint               	    659	00.023638	(00.000036 +- 00.000005)	[00.000024,00.000063]
02a_intensity_preprocess	    661	01.553859	(00.002351 +- 00.000453)	[00.000780,00.006182]
03_undistortion         	    659	00.413397	(00.000627 +- 00.000180)	[00.000126,00.002160]
04_sampling             	    658	00.281431	(00.000428 +- 00.000217)	[00.000063,00.002124]
04b_intensity_sampling  	    658	00.416433	(00.000633 +- 00.000156)	[00.000123,00.001617]
05_registration         	    658	02.000941	(00.003041 +- 00.000817)	[00.000667,00.010183]
06_map                  	    658	00.447125	(00.000680 +- 00.000185)	[00.000135,00.003131]
07_imu_opt              	    658	00.856775	(00.001302 +- 00.000154)	[00.000002,00.003554]
08_publish              	    658	04.978755	(00.007566 +- 00.002439)	[00.000462,00.022598]
step                    	    661	11.207778	(00.016956 +- 00.003936)	[00.003975,00.047284]

INFO  Timings:
SM Timing
-----------
00_conversion_livox     	    663	06.983714	(00.010534 +- 00.000412)	[00.007809,00.020918]
01_filter               	    662	00.173243	(00.000262 +- 00.000049)	[00.000116,00.002236]
02_preint               	    660	00.023680	(00.000036 +- 00.000004)	[00.000024,00.000063]
02a_intensity_preprocess	    662	01.555124	(00.002349 +- 00.000459)	[00.000780,00.006182]
03_undistortion         	    660	00.413654	(00.000627 +- 00.000183)	[00.000126,00.002160]
04_sampling             	    659	00.281611	(00.000427 +- 00.000219)	[00.000063,00.002124]
04b_intensity_sampling  	    659	00.416744	(00.000632 +- 00.000159)	[00.000123,00.001617]
05_registration         	    659	02.003261	(00.003040 +- 00.000815)	[00.000667,00.010183]
06_map                  	    659	00.447429	(00.000679 +- 00.000188)	[00.000135,00.003131]
07_imu_opt              	    659	00.858431	(00.001303 +- 00.000157)	[00.000002,00.003554]
08_publish              	    659	04.980938	(00.007558 +- 00.002480)	[00.000462,00.022598]
step                    	    662	11.216544	(00.016943 +- 00.003977)	[00.003975,00.047284]

INFO  Timings:
SM Timing
-----------
00_conversion_livox     	    664	06.993295	(00.010532 +- 00.000418)	[00.007809,00.020918]
01_filter               	    663	00.173404	(00.000262 +- 00.000050)	[00.000116,00.002236]
02_preint               	    661	00.023709	(00.000036 +- 00.000004)	[00.000024,00.000063]
02a_intensity_preprocess	    663	01.556314	(00.002347 +- 00.000470)	[00.000780,00.006182]
03_undistortion         	    661	00.413914	(00.000626 +- 00.000186)	[00.000126,00.002160]
04_sampling             	    660	00.281823	(00.000427 +- 00.000221)	[00.000063,00.002124]
04b_intensity_sampling  	    660	00.417043	(00.000632 +- 00.000164)	[00.000123,00.001617]
05_registration         	    660	02.004642	(00.003037 +- 00.000831)	[00.000667,00.010183]
06_map                  	    660	00.447729	(00.000678 +- 00.000192)	[00.000135,00.003131]
07_imu_opt              	    660	00.859585	(00.001302 +- 00.000157)	[00.000002,00.003554]
08_publish              	    660	04.982848	(00.007550 +- 00.002529)	[00.000462,00.022598]
step                    	    663	11.223501	(00.016928 +- 00.004094)	[00.003975,00.047284]

INFO  Timings:
SM Timing
-----------
00_conversion_livox     	    665	07.002812	(00.010531 +- 00.000427)	[00.007809,00.020918]
01_filter               	    664	00.173589	(00.000261 +- 00.000049)	[00.000116,00.002236]
02_preint               	    662	00.023747	(00.000036 +- 00.000004)	[00.000024,00.000063]
02a_intensity_preprocess	    664	01.557545	(00.002346 +- 00.000479)	[00.000780,00.006182]
03_undistortion         	    662	00.414182	(00.000626 +- 00.000188)	[00.000126,00.002160]
04_sampling             	    661	00.282033	(00.000427 +- 00.000223)	[00.000063,00.002124]
04b_intensity_sampling  	    661	00.417366	(00.000631 +- 00.000165)	[00.000123,00.001617]
05_registration         	    661	02.006551	(00.003036 +- 00.000836)	[00.000667,00.010183]
06_map                  	    661	00.448027	(00.000678 +- 00.000195)	[00.000135,00.003131]
07_imu_opt              	    661	00.860871	(00.001302 +- 00.000156)	[00.000002,00.003554]
08_publish              	    661	04.984843	(00.007541 +- 00.002571)	[00.000462,00.022598]
step                    	    664	11.231308	(00.016915 +- 00.004166)	[00.003975,00.047284]

INFO  Timings:
SM Timing
-----------
00_conversion_livox     	    666	07.012468	(00.010529 +- 00.000432)	[00.007809,00.020918]
01_filter               	    665	00.173755	(00.000261 +- 00.000050)	[00.000116,00.002236]
02_preint               	    663	00.023789	(00.000036 +- 00.000004)	[00.000024,00.000063]
02a_intensity_preprocess	    665	01.558841	(00.002344 +- 00.000484)	[00.000780,00.006182]
03_undistortion         	    663	00.414425	(00.000625 +- 00.000189)	[00.000126,00.002160]
04_sampling             	    662	00.282224	(00.000426 +- 00.000224)	[00.000063,00.002124]
04b_intensity_sampling  	    662	00.417655	(00.000631 +- 00.000162)	[00.000123,00.001617]
05_registration         	    662	02.008354	(00.003034 +- 00.000840)	[00.000667,00.010183]
06_map                  	    662	00.448267	(00.000677 +- 00.000200)	[00.000135,00.003131]
07_imu_opt              	    662	00.862224	(00.001302 +- 00.000155)	[00.000002,00.003554]
08_publish              	    662	04.986780	(00.007533 +- 00.002608)	[00.000462,00.022598]
step                    	    665	11.238917	(00.016901 +- 00.004239)	[00.003975,00.047284]

INFO  Timings:
SM Timing
-----------
00_conversion_livox     	    667	07.022110	(00.010528 +- 00.000436)	[00.007809,00.020918]
01_filter               	    666	00.173920	(00.000261 +- 00.000050)	[00.000116,00.002236]
02_preint               	    664	00.023822	(00.000036 +- 00.000004)	[00.000024,00.000063]
02a_intensity_preprocess	    666	01.560051	(00.002342 +- 00.000490)	[00.000780,00.006182]
03_undistortion         	    664	00.414637	(00.000624 +- 00.000192)	[00.000126,00.002160]
04_sampling             	    663	00.282389	(00.000426 +- 00.000226)	[00.000063,00.002124]
04b_intensity_sampling  	    663	00.417917	(00.000630 +- 00.000163)	[00.000123,00.001617]
05_registration         	    663	02.009185	(00.003030 +- 00.000873)	[00.000667,00.010183]
06_map                  	    663	00.448495	(00.000676 +- 00.000203)	[00.000135,00.003131]
07_imu_opt              	    663	00.863749	(00.001303 +- 00.000158)	[00.000002,00.003554]
08_publish              	    663	04.988576	(00.007524 +- 00.002630)	[00.000462,00.022598]
step                    	    666	11.245402	(00.016885 +- 00.004314)	[00.003975,00.047284]

INFO  Timings:
SM Timing
-----------
00_conversion_livox     	    668	07.031792	(00.010527 +- 00.000418)	[00.007809,00.020918]
01_filter               	    667	00.174106	(00.000261 +- 00.000050)	[00.000116,00.002236]
02_preint               	    665	00.023859	(00.000036 +- 00.000004)	[00.000024,00.000063]
02a_intensity_preprocess	    667	01.561288	(00.002341 +- 00.000489)	[00.000780,00.006182]
03_undistortion         	    665	00.414888	(00.000624 +- 00.000193)	[00.000126,00.002160]
04_sampling             	    664	00.282670	(00.000426 +- 00.000224)	[00.000063,00.002124]
04b_intensity_sampling  	    664	00.418235	(00.000630 +- 00.000164)	[00.000123,00.001617]
05_registration         	    664	02.010268	(00.003028 +- 00.000894)	[00.000667,00.010183]
06_map                  	    664	00.448848	(00.000676 +- 00.000204)	[00.000135,00.003131]
07_imu_opt              	    664	00.866173	(00.001304 +- 00.000222)	[00.000002,00.003554]
08_publish              	    664	04.990313	(00.007516 +- 00.002627)	[00.000462,00.022598]
step                    	    667	11.253394	(00.016872 +- 00.004306)	[00.003975,00.047284]

INFO  Timings:
SM Timing
-----------
00_conversion_livox     	    669	07.041713	(00.010526 +- 00.000397)	[00.007809,00.020918]
01_filter               	    668	00.174288	(00.000261 +- 00.000036)	[00.000116,00.002236]
02_preint               	    666	00.023894	(00.000036 +- 00.000004)	[00.000024,00.000063]
02a_intensity_preprocess	    668	01.562612	(00.002339 +- 00.000486)	[00.000780,00.006182]
03_undistortion         	    666	00.415159	(00.000623 +- 00.000193)	[00.000126,00.002160]
04_sampling             	    665	00.282906	(00.000425 +- 00.000107)	[00.000063,00.002124]
04b_intensity_sampling  	    665	00.418606	(00.000629 +- 00.000163)	[00.000123,00.001617]
05_registration         	    665	02.011495	(00.003025 +- 00.000911)	[00.000667,00.010183]
06_map                  	    665	00.449237	(00.000676 +- 00.000205)	[00.000135,00.003131]
07_imu_opt              	    665	00.867400	(00.001304 +- 00.000222)	[00.000002,00.003554]
08_publish              	    665	04.992140	(00.007507 +- 00.002615)	[00.000462,00.022598]
step                    	    668	11.260600	(00.016857 +- 00.004280)	[00.003975,00.047284]

INFO  Timings:
SM Timing
-----------
00_conversion_livox     	    670	07.051380	(00.010524 +- 00.000386)	[00.007809,00.020918]
01_filter               	    669	00.174470	(00.000261 +- 00.000035)	[00.000116,00.002236]
02_preint               	    667	00.023935	(00.000036 +- 00.000004)	[00.000024,00.000063]
02a_intensity_preprocess	    669	01.563891	(00.002338 +- 00.000483)	[00.000780,00.006182]
03_undistortion         	    667	00.415412	(00.000623 +- 00.000187)	[00.000126,00.002160]
04_sampling             	    666	00.283126	(00.000425 +- 00.000099)	[00.000063,00.002124]
04b_intensity_sampling  	    666	00.418987	(00.000629 +- 00.000155)	[00.000123,00.001617]
05_registration         	    666	02.013342	(00.003023 +- 00.000914)	[00.000667,00.010183]
06_map                  	    666	00.449535	(00.000675 +- 00.000204)	[00.000135,00.003131]
07_imu_opt              	    666	00.868858	(00.001305 +- 00.000223)	[00.000002,00.003554]
08_publish              	    666	04.994188	(00.007499 +- 00.002579)	[00.000462,00.022598]
step                    	    669	11.268674	(00.016844 +- 00.004232)	[00.003975,00.047284]

INFO  Timings:
SM Timing
-----------
00_conversion_livox     	    671	07.061136	(00.010523 +- 00.000369)	[00.007809,00.020918]
01_filter               	    670	00.174647	(00.000261 +- 00.000035)	[00.000116,00.002236]
02_preint               	    668	00.023966	(00.000036 +- 00.000004)	[00.000024,00.000063]
02a_intensity_preprocess	    670	01.565262	(00.002336 +- 00.000476)	[00.000780,00.006182]
03_undistortion         	    668	00.415689	(00.000622 +- 00.000183)	[00.000126,00.002160]
04_sampling             	    667	00.283337	(00.000425 +- 00.000096)	[00.000063,00.002124]
04b_intensity_sampling  	    667	00.419337	(00.000629 +- 00.000153)	[00.000123,00.001617]
05_registration         	    667	02.015530	(00.003022 +- 00.000915)	[00.000667,00.010183]
06_map                  	    667	00.449865	(00.000674 +- 00.000204)	[00.000135,00.003131]
07_imu_opt              	    667	00.870015	(00.001304 +- 00.000223)	[00.000002,00.003554]
08_publish              	    667	04.996450	(00.007491 +- 00.002537)	[00.000462,00.022598]
step                    	    670	11.277069	(00.016831 +- 00.004196)	[00.003975,00.047284]

INFO  Timings:
SM Timing
-----------
00_conversion_livox     	    672	07.070903	(00.010522 +- 00.000369)	[00.007809,00.020918]
01_filter               	    671	00.174903	(00.000261 +- 00.000035)	[00.000116,00.002236]
02_preint               	    669	00.024006	(00.000036 +- 00.000004)	[00.000024,00.000063]
02a_intensity_preprocess	    671	01.566665	(00.002335 +- 00.000469)	[00.000780,00.006182]
03_undistortion         	    669	00.415966	(00.000622 +- 00.000180)	[00.000126,00.002160]
04_sampling             	    668	00.283588	(00.000425 +- 00.000095)	[00.000063,00.002124]
04b_intensity_sampling  	    668	00.419686	(00.000628 +- 00.000150)	[00.000123,00.001617]
05_registration         	    668	02.017087	(00.003020 +- 00.000897)	[00.000667,00.010183]
06_map                  	    668	00.450198	(00.000674 +- 00.000203)	[00.000135,00.003131]
07_imu_opt              	    668	00.871857	(00.001305 +- 00.000232)	[00.000002,00.003554]
08_publish              	    668	04.998913	(00.007483 +- 00.002485)	[00.000462,00.022598]
step                    	    671	11.285900	(00.016820 +- 00.004101)	[00.003975,00.047284]

INFO  Timings:
SM Timing
-----------
00_conversion_livox     	    673	07.080906	(00.010521 +- 00.000366)	[00.007809,00.020918]
01_filter               	    672	00.175087	(00.000261 +- 00.000033)	[00.000116,00.002236]
02_preint               	    670	00.024046	(00.000036 +- 00.000004)	[00.000024,00.000063]
02a_intensity_preprocess	    672	01.568102	(00.002333 +- 00.000455)	[00.000780,00.006182]
03_undistortion         	    670	00.416317	(00.000621 +- 00.000173)	[00.000126,00.002160]
04_sampling             	    669	00.283849	(00.000424 +- 00.000092)	[00.000063,00.002124]
04b_intensity_sampling  	    669	00.420056	(00.000628 +- 00.000144)	[00.000123,00.001617]
05_registration         	    669	02.020494	(00.003020 +- 00.000896)	[00.000667,00.010183]
06_map                  	    669	00.450529	(00.000673 +- 00.000199)	[00.000135,00.003131]
07_imu_opt              	    669	00.873420	(00.001306 +- 00.000233)	[00.000002,00.003554]
08_publish              	    669	05.001625	(00.007476 +- 00.002406)	[00.000462,00.022598]
step                    	    672	11.296652	(00.016810 +- 00.003952)	[00.003975,00.047284]

INFO  Timings:
SM Timing
-----------
00_conversion_livox     	    674	07.091063	(00.010521 +- 00.000361)	[00.007809,00.020918]
01_filter               	    673	00.175265	(00.000260 +- 00.000033)	[00.000116,00.002236]
02_preint               	    671	00.024088	(00.000036 +- 00.000004)	[00.000024,00.000063]
02a_intensity_preprocess	    673	01.569682	(00.002332 +- 00.000439)	[00.000780,00.006182]
03_undistortion         	    671	00.416662	(00.000621 +- 00.000166)	[00.000126,00.002160]
04_sampling             	    670	00.284113	(00.000424 +- 00.000086)	[00.000063,00.002124]
04b_intensity_sampling  	    670	00.420418	(00.000627 +- 00.000136)	[00.000123,00.001617]
05_registration         	    670	02.022269	(00.003018 +- 00.000900)	[00.000667,00.010183]
06_map                  	    670	00.450872	(00.000673 +- 00.000197)	[00.000135,00.003131]
07_imu_opt              	    670	00.874716	(00.001306 +- 00.000231)	[00.000002,00.003554]
08_publish              	    670	05.004661	(00.007470 +- 00.002316)	[00.000462,00.022598]
step                    	    673	11.305951	(00.016799 +- 00.003859)	[00.003975,00.047284]

INFO  Timings:
SM Timing
-----------
00_conversion_livox     	    675	07.101194	(00.010520 +- 00.000359)	[00.007809,00.020918]
01_filter               	    674	00.175457	(00.000260 +- 00.000033)	[00.000116,00.002236]
02_preint               	    672	00.024131	(00.000036 +- 00.000004)	[00.000024,00.000063]
02a_intensity_preprocess	    674	01.571252	(00.002331 +- 00.000419)	[00.000780,00.006182]
03_undistortion         	    672	00.417040	(00.000621 +- 00.000160)	[00.000126,00.002160]
04_sampling             	    671	00.284396	(00.000424 +- 00.000085)	[00.000063,00.002124]
04b_intensity_sampling  	    671	00.420761	(00.000627 +- 00.000135)	[00.000123,00.001617]
05_registration         	    671	02.023947	(00.003016 +- 00.000885)	[00.000667,00.010183]
06_map                  	    671	00.451242	(00.000672 +- 00.000160)	[00.000135,00.003131]
07_imu_opt              	    671	00.875996	(00.001306 +- 00.000231)	[00.000002,00.003554]
08_publish              	    671	05.008002	(00.007463 +- 00.002211)	[00.000462,00.022598]
step                    	    674	11.315501	(00.016789 +- 00.003671)	[00.003975,00.047284]

INFO  Timings:
SM Timing
-----------
00_conversion_livox     	    676	07.111020	(00.010519 +- 00.000357)	[00.007809,00.020918]
01_filter               	    675	00.175672	(00.000260 +- 00.000033)	[00.000116,00.002236]
02_preint               	    673	00.024172	(00.000036 +- 00.000004)	[00.000024,00.000063]
02a_intensity_preprocess	    675	01.572906	(00.002330 +- 00.000398)	[00.000780,00.006182]
03_undistortion         	    673	00.417443	(00.000620 +- 00.000155)	[00.000126,00.002160]
04_sampling             	    672	00.284704	(00.000424 +- 00.000083)	[00.000063,00.002124]
04b_intensity_sampling  	    672	00.421178	(00.000627 +- 00.000132)	[00.000123,00.001617]
05_registration         	    672	02.025677	(00.003014 +- 00.000870)	[00.000667,00.010183]
06_map                  	    672	00.451658	(00.000672 +- 00.000157)	[00.000135,00.003131]
07_imu_opt              	    672	00.877598	(00.001306 +- 00.000232)	[00.000002,00.003554]
08_publish              	    672	05.011090	(00.007457 +- 00.002081)	[00.000462,00.022598]
step                    	    675	11.325433	(00.016778 +- 00.003489)	[00.003975,00.047284]

INFO  Timings:
SM Timing
-----------
00_conversion_livox     	    677	07.120761	(00.010518 +- 00.000343)	[00.007809,00.020918]
01_filter               	    676	00.175907	(00.000260 +- 00.000033)	[00.000116,00.002236]
02_preint               	    674	00.024214	(00.000036 +- 00.000004)	[00.000024,00.000063]
02a_intensity_preprocess	    676	01.574464	(00.002329 +- 00.000374)	[00.000780,00.006182]
03_undistortion         	    674	00.417793	(00.000620 +- 00.000146)	[00.000126,00.002160]
04_sampling             	    673	00.284992	(00.000423 +- 00.000078)	[00.000063,00.002124]
04b_intensity_sampling  	    673	00.421537	(00.000626 +- 00.000128)	[00.000123,00.001617]
05_registration         	    673	02.027827	(00.003013 +- 00.000863)	[00.000667,00.010183]
06_map                  	    673	00.452093	(00.000672 +- 00.000151)	[00.000135,00.003131]
07_imu_opt              	    673	00.879326	(00.001307 +- 00.000237)	[00.000002,00.003554]
08_publish              	    673	05.014038	(00.007450 +- 00.001972)	[00.000462,00.022598]
step                    	    676	11.335614	(00.016769 +- 00.003310)	[00.003975,00.047284]

INFO  Timings:
SM Timing
-----------
00_conversion_livox     	    678	07.130387	(00.010517 +- 00.000335)	[00.007809,00.020918]
01_filter               	    677	00.176116	(00.000260 +- 00.000033)	[00.000116,00.002236]
02_preint               	    675	00.024249	(00.000036 +- 00.000004)	[00.000024,00.000063]
02a_intensity_preprocess	    677	01.576046	(00.002328 +- 00.000358)	[00.000780,00.006182]
03_undistortion         	    675	00.418175	(00.000620 +- 00.000142)	[00.000126,00.002160]
04_sampling             	    674	00.285245	(00.000423 +- 00.000077)	[00.000063,00.002124]
04b_intensity_sampling  	    674	00.421894	(00.000626 +- 00.000125)	[00.000123,00.001617]
05_registration         	    674	02.029937	(00.003012 +- 00.000862)	[00.000667,00.010183]
06_map                  	    674	00.452547	(00.000671 +- 00.000143)	[00.000135,00.003131]
07_imu_opt              	    674	00.880680	(00.001307 +- 00.000235)	[00.000002,00.003554]
08_publish              	    674	05.017198	(00.007444 +- 00.001886)	[00.000462,00.022598]
step                    	    677	11.345598	(00.016759 +- 00.003207)	[00.003975,00.047284]

INFO  Timings:
SM Timing
-----------
00_conversion_livox     	    679	07.140089	(00.010516 +- 00.000331)	[00.007809,00.020918]
01_filter               	    678	00.176325	(00.000260 +- 00.000032)	[00.000116,00.002236]
02_preint               	    676	00.024293	(00.000036 +- 00.000004)	[00.000024,00.000063]
02a_intensity_preprocess	    678	01.577783	(00.002327 +- 00.000344)	[00.000780,00.006182]
03_undistortion         	    676	00.418562	(00.000619 +- 00.000136)	[00.000126,00.002160]
04_sampling             	    675	00.285557	(00.000423 +- 00.000074)	[00.000063,00.002124]
04b_intensity_sampling  	    675	00.422321	(00.000626 +- 00.000122)	[00.000123,00.001617]
05_registration         	    675	02.032365	(00.003011 +- 00.000855)	[00.000667,00.010183]
06_map                  	    675	00.453150	(00.000671 +- 00.000132)	[00.000135,00.003131]
07_imu_opt              	    675	00.882174	(00.001307 +- 00.000233)	[00.000002,00.003554]
08_publish              	    675	05.021428	(00.007439 +- 00.001805)	[00.000462,00.022598]
step                    	    678	11.357544	(00.016752 +- 00.003083)	[00.003975,00.047284]

INFO  Timings:
SM Timing
-----------
00_conversion_livox     	    680	07.149879	(00.010515 +- 00.000331)	[00.007809,00.020918]
01_filter               	    679	00.176634	(00.000260 +- 00.000032)	[00.000116,00.002236]
02_preint               	    677	00.024335	(00.000036 +- 00.000004)	[00.000024,00.000063]
02a_intensity_preprocess	    679	01.579820	(00.002327 +- 00.000337)	[00.000780,00.006182]
03_undistortion         	    677	00.419080	(00.000619 +- 00.000132)	[00.000126,00.002160]
04_sampling             	    676	00.285927	(00.000423 +- 00.000074)	[00.000063,00.002124]
04b_intensity_sampling  	    676	00.422766	(00.000625 +- 00.000121)	[00.000123,00.001617]
05_registration         	    676	02.036014	(00.003012 +- 00.000876)	[00.000667,00.010183]
06_map                  	    676	00.453763	(00.000671 +- 00.000131)	[00.000135,00.003131]
07_imu_opt              	    676	00.884231	(00.001308 +- 00.000251)	[00.000002,00.003554]
08_publish              	    676	05.027214	(00.007437 +- 00.001754)	[00.000462,00.022598]
step                    	    679	11.373453	(00.016750 +- 00.003090)	[00.003975,00.047284]

INFO  Timings:
SM Timing
-----------
00_conversion_livox     	    681	07.160088	(00.010514 +- 00.000332)	[00.007809,00.020918]
01_filter               	    680	00.176907	(00.000260 +- 00.000031)	[00.000116,00.002236]
02_preint               	    678	00.024375	(00.000036 +- 00.000004)	[00.000024,00.000063]
02a_intensity_preprocess	    680	01.582197	(00.002327 +- 00.000339)	[00.000780,00.006182]
03_undistortion         	    678	00.419715	(00.000619 +- 00.000130)	[00.000126,00.002160]
04_sampling             	    677	00.286336	(00.000423 +- 00.000074)	[00.000063,00.002124]
04b_intensity_sampling  	    677	00.423348	(00.000625 +- 00.000115)	[00.000123,00.001617]
05_registration         	    677	02.039339	(00.003012 +- 00.000885)	[00.000667,00.010183]
06_map                  	    677	00.454405	(00.000671 +- 00.000132)	[00.000135,00.003131]
07_imu_opt              	    677	00.885640	(00.001308 +- 00.000250)	[00.000002,00.003554]
08_publish              	    677	05.034661	(00.007437 +- 00.001748)	[00.000462,00.022598]
step                    	    680	11.390650	(00.016751 +- 00.003090)	[00.003975,00.047284]

INFO  Timings:
SM Timing
-----------
00_conversion_livox     	    682	07.170378	(00.010514 +- 00.000333)	[00.007809,00.020918]
01_filter               	    681	00.177172	(00.000260 +- 00.000031)	[00.000116,00.002236]
02_preint               	    679	00.024418	(00.000036 +- 00.000004)	[00.000024,00.000063]
02a_intensity_preprocess	    681	01.584632	(00.002327 +- 00.000345)	[00.000780,00.006182]
03_undistortion         	    679	00.420548	(00.000619 +- 00.000143)	[00.000126,00.002160]
04_sampling             	    678	00.286765	(00.000423 +- 00.000076)	[00.000063,00.002124]
04b_intensity_sampling  	    678	00.423972	(00.000625 +- 00.000118)	[00.000123,00.001617]
05_registration         	    678	02.042932	(00.003013 +- 00.000903)	[00.000667,00.010183]
06_map                  	    678	00.455172	(00.000671 +- 00.000137)	[00.000135,00.003131]
07_imu_opt              	    678	00.886992	(00.001308 +- 00.000248)	[00.000002,00.003554]
08_publish              	    678	05.042579	(00.007437 +- 00.001774)	[00.000462,00.022598]
step                    	    681	11.408986	(00.016753 +- 00.003194)	[00.003975,00.047284]

INFO  Timings:
SM Timing
-----------
00_conversion_livox     	    683	07.180126	(00.010513 +- 00.000334)	[00.007809,00.020918]
01_filter               	    682	00.177537	(00.000260 +- 00.000037)	[00.000116,00.002236]
02_preint               	    680	00.024457	(00.000036 +- 00.000004)	[00.000024,00.000063]
02a_intensity_preprocess	    682	01.587120	(00.002327 +- 00.000355)	[00.000780,00.006182]
03_undistortion         	    680	00.421401	(00.000620 +- 00.000153)	[00.000126,00.002160]
04_sampling             	    679	00.287255	(00.000423 +- 00.000078)	[00.000063,00.002124]
04b_intensity_sampling  	    679	00.424667	(00.000625 +- 00.000120)	[00.000123,00.001617]
05_registration         	    679	02.046837	(00.003014 +- 00.000929)	[00.000667,00.010183]
06_map                  	    679	00.456032	(00.000672 +- 00.000140)	[00.000135,00.003131]
07_imu_opt              	    679	00.888985	(00.001309 +- 00.000261)	[00.000002,00.003554]
08_publish              	    679	05.050747	(00.007439 +- 00.001810)	[00.000462,00.022598]
step                    	    682	11.428946	(00.016758 +- 00.003363)	[00.003975,00.047284]

INFO  Timings:
SM Timing
-----------
00_conversion_livox     	    684	07.189946	(00.010512 +- 00.000326)	[00.007809,00.020918]
01_filter               	    683	00.177878	(00.000260 +- 00.000041)	[00.000116,00.002236]
02_preint               	    681	00.024501	(00.000036 +- 00.000004)	[00.000024,00.000063]
02a_intensity_preprocess	    683	01.589574	(00.002327 +- 00.000358)	[00.000780,00.006182]
03_undistortion         	    681	00.422268	(00.000620 +- 00.000166)	[00.000126,00.002160]
04_sampling             	    680	00.287660	(00.000423 +- 00.000077)	[00.000063,00.002124]
04b_intensity_sampling  	    680	00.425299	(00.000625 +- 00.000119)	[00.000123,00.001617]
05_registration         	    680	02.049809	(00.003014 +- 00.000932)	[00.000667,00.010183]
06_map                  	    680	00.456913	(00.000672 +- 00.000149)	[00.000135,00.003131]
07_imu_opt              	    680	00.890294	(00.001309 +- 00.000261)	[00.000002,00.003554]
08_publish              	    680	05.058839	(00.007439 +- 00.001835)	[00.000462,00.022598]
step                    	    683	11.447032	(00.016760 +- 00.003419)	[00.003975,00.047284]

INFO  Timings:
SM Timing
-----------
00_conversion_livox     	    685	07.200230	(00.010511 +- 00.000316)	[00.007809,00.020918]
01_filter               	    684	00.178227	(00.000261 +- 00.000045)	[00.000116,00.002236]
02_preint               	    682	00.024544	(00.000036 +- 00.000004)	[00.000024,00.000063]
02a_intensity_preprocess	    684	01.591938	(00.002327 +- 00.000359)	[00.000780,00.006182]
03_undistortion         	    682	00.423103	(00.000620 +- 00.000175)	[00.000126,00.002160]
04_sampling             	    681	00.288108	(00.000423 +- 00.000078)	[00.000063,00.002124]
04b_intensity_sampling  	    681	00.426069	(00.000626 +- 00.000125)	[00.000123,00.001617]
05_registration         	    681	02.052899	(00.003015 +- 00.000893)	[00.000667,00.010183]
06_map                  	    681	00.457786	(00.000672 +- 00.000158)	[00.000135,00.003131]
07_imu_opt              	    681	00.891587	(00.001309 +- 00.000261)	[00.000002,00.003554]
08_publish              	    681	05.067226	(00.007441 +- 00.001875)	[00.000462,00.022598]
step                    	    684	11.465567	(00.016763 +- 00.003434)	[00.003975,00.047284]

INFO  Timings:
SM Timing
-----------
00_conversion_livox     	    686	07.210407	(00.010511 +- 00.000315)	[00.007809,00.020918]
01_filter               	    685	00.178518	(00.000261 +- 00.000046)	[00.000116,00.002236]
02_preint               	    683	00.024581	(00.000036 +- 00.000004)	[00.000024,00.000063]
02a_intensity_preprocess	    685	01.594446	(00.002328 +- 00.000367)	[00.000780,00.006182]
03_undistortion         	    683	00.424185	(00.000621 +- 00.000190)	[00.000126,00.002160]
04_sampling             	    682	00.288754	(00.000423 +- 00.000089)	[00.000063,00.002124]
04b_intensity_sampling  	    682	00.426748	(00.000626 +- 00.000127)	[00.000123,00.001617]
05_registration         	    682	02.056955	(00.003016 +- 00.000916)	[00.000667,00.010183]
06_map                  	    682	00.458570	(00.000672 +- 00.000161)	[00.000135,00.003131]
07_imu_opt              	    682	00.892869	(00.001309 +- 00.000261)	[00.000002,00.003554]
08_publish              	    682	05.076495	(00.007444 +- 00.001964)	[00.000462,00.022598]
step                    	    685	11.486264	(00.016768 +- 00.003581)	[00.003975,00.047284]

INFO  Timings:
SM Timing
-----------
00_conversion_livox     	    687	07.220657	(00.010510 +- 00.000310)	[00.007809,00.020918]
01_filter               	    686	00.178865	(00.000261 +- 00.000050)	[00.000116,00.002236]
02_preint               	    684	00.024621	(00.000036 +- 00.000004)	[00.000024,00.000063]
02a_intensity_preprocess	    686	01.597172	(00.002328 +- 00.000387)	[00.000780,00.006182]
03_undistortion         	    684	00.425003	(00.000621 +- 00.000197)	[00.000126,00.002160]
04_sampling             	    683	00.289321	(00.000424 +- 00.000094)	[00.000063,00.002124]
04b_intensity_sampling  	    683	00.427492	(00.000626 +- 00.000128)	[00.000123,00.001617]
05_registration         	    683	02.060846	(00.003017 +- 00.000940)	[00.000667,00.010183]
06_map                  	    683	00.459442	(00.000673 +- 00.000169)	[00.000135,00.003131]
07_imu_opt              	    683	00.894535	(00.001310 +- 00.000263)	[00.000002,00.003554]
08_publish              	    683	05.086444	(00.007447 +- 00.002086)	[00.000462,00.022598]
step                    	    686	11.507963	(00.016775 +- 00.003802)	[00.003975,00.047284]

INFO  Timings:
SM Timing
-----------
00_conversion_livox     	    688	07.230703	(00.010510 +- 00.000293)	[00.007809,00.020918]
01_filter               	    687	00.179215	(00.000261 +- 00.000053)	[00.000116,00.002236]
02_preint               	    685	00.024666	(00.000036 +- 00.000004)	[00.000024,00.000063]
02a_intensity_preprocess	    687	01.600060	(00.002329 +- 00.000414)	[00.000780,00.006182]
03_undistortion         	    685	00.425918	(00.000622 +- 00.000207)	[00.000126,00.002160]
04_sampling             	    684	00.289879	(00.000424 +- 00.000100)	[00.000063,00.002124]
04b_intensity_sampling  	    684	00.428386	(00.000626 +- 00.000139)	[00.000123,00.001617]
05_registration         	    684	02.065982	(00.003020 +- 00.000929)	[00.000667,00.010183]
06_map                  	    684	00.460356	(00.000673 +- 00.000179)	[00.000135,00.003131]
07_imu_opt              	    684	00.896173	(00.001310 +- 00.000265)	[00.000002,00.003554]
08_publish              	    684	05.096999	(00.007452 +- 00.002242)	[00.000462,00.022598]
step                    	    687	11.531962	(00.016786 +- 00.004077)	[00.003975,00.047284]

INFO  Timings:
SM Timing
-----------
00_conversion_livox     	    689	07.241464	(00.010510 +- 00.000313)	[00.007809,00.020918]
01_filter               	    688	00.179578	(00.000261 +- 00.000056)	[00.000116,00.002236]
02_preint               	    686	00.024717	(00.000036 +- 00.000005)	[00.000024,00.000063]
02a_intensity_preprocess	    688	01.603071	(00.002330 +- 00.000451)	[00.000780,00.006182]
03_undistortion         	    686	00.427032	(00.000622 +- 00.000228)	[00.000126,00.002160]
04_sampling             	    685	00.290388	(00.000424 +- 00.000103)	[00.000063,00.002124]
04b_intensity_sampling  	    685	00.429032	(00.000626 +- 00.000142)	[00.000123,00.001617]
05_registration         	    685	02.073195	(00.003027 +- 00.001136)	[00.000667,00.010183]
06_map                  	    685	00.461171	(00.000673 +- 00.000185)	[00.000135,00.003131]
07_imu_opt              	    685	00.897624	(00.001310 +- 00.000264)	[00.000002,00.003554]
08_publish              	    685	05.108163	(00.007457 +- 00.002432)	[00.000462,00.022598]
step                    	    688	11.558390	(00.016800 +- 00.004545)	[00.003975,00.047284]

INFO  Timings:
SM Timing
-----------
00_conversion_livox     	    690	07.252489	(00.010511 +- 00.000350)	[00.007809,00.020918]
01_filter               	    689	00.179944	(00.000261 +- 00.000059)	[00.000116,00.002236]
02_preint               	    687	00.024761	(00.000036 +- 00.000005)	[00.000024,00.000063]
02a_intensity_preprocess	    689	01.606070	(00.002331 +- 00.000485)	[00.000780,00.006182]
03_undistortion         	    687	00.427942	(00.000623 +- 00.000237)	[00.000126,00.002160]
04_sampling             	    686	00.290917	(00.000424 +- 00.000107)	[00.000063,00.002124]
04b_intensity_sampling  	    686	00.429863	(00.000627 +- 00.000151)	[00.000123,00.001617]
05_registration         	    686	02.078563	(00.003030 +- 00.001207)	[00.000667,00.010183]
06_map                  	    686	00.461950	(00.000673 +- 00.000189)	[00.000135,00.003131]
07_imu_opt              	    686	00.899278	(00.001311 +- 00.000263)	[00.000002,00.003554]
08_publish              	    686	05.119247	(00.007462 +- 00.002608)	[00.000462,00.022598]
step                    	    689	11.583048	(00.016811 +- 00.004880)	[00.003975,00.047284]

INFO  Timings:
SM Timing
-----------
00_conversion_livox     	    691	07.263359	(00.010511 +- 00.000372)	[00.007809,00.020918]
01_filter               	    690	00.180272	(00.000261 +- 00.000061)	[00.000116,00.002236]
02_preint               	    688	00.024817	(00.000036 +- 00.000005)	[00.000024,00.000063]
02a_intensity_preprocess	    690	01.609021	(00.002332 +- 00.000513)	[00.000780,00.006182]
03_undistortion         	    688	00.428887	(00.000623 +- 00.000247)	[00.000126,00.002160]
04_sampling             	    687	00.291554	(00.000424 +- 00.000116)	[00.000063,00.002124]
04b_intensity_sampling  	    687	00.430581	(00.000627 +- 00.000155)	[00.000123,00.001617]
05_registration         	    687	02.083456	(00.003033 +- 00.001252)	[00.000667,00.010183]
06_map                  	    687	00.462832	(00.000674 +- 00.000196)	[00.000135,00.003131]
07_imu_opt              	    687	00.900699	(00.001311 +- 00.000259)	[00.000002,00.003554]
08_publish              	    687	05.130204	(00.007468 +- 00.002763)	[00.000462,00.022598]
step                    	    690	11.606902	(00.016822 +- 00.005145)	[00.003975,00.047284]

INFO  Timings:
SM Timing
-----------
00_conversion_livox     	    692	07.274707	(00.010513 +- 00.000419)	[00.007809,00.020918]
01_filter               	    691	00.180596	(00.000261 +- 00.000062)	[00.000116,00.002236]
02_preint               	    689	00.024861	(00.000036 +- 00.000005)	[00.000024,00.000063]
02a_intensity_preprocess	    691	01.612070	(00.002333 +- 00.000543)	[00.000780,00.006182]
03_undistortion         	    689	00.429573	(00.000623 +- 00.000248)	[00.000126,00.002160]
04_sampling             	    688	00.292197	(00.000425 +- 00.000123)	[00.000063,00.002124]
04b_intensity_sampling  	    688	00.431419	(00.000627 +- 00.000162)	[00.000123,00.001617]
05_registration         	    688	02.088572	(00.003036 +- 00.001290)	[00.000667,00.010183]
06_map                  	    688	00.463631	(00.000674 +- 00.000200)	[00.000135,00.003131]
07_imu_opt              	    688	00.902207	(00.001311 +- 00.000255)	[00.000002,00.003554]
08_publish              	    688	05.141823	(00.007474 +- 00.002932)	[00.000462,00.022598]
step                    	    691	11.631616	(00.016833 +- 00.005408)	[00.003975,00.047284]

INFO  Timings:
SM Timing
-----------
00_conversion_livox     	    693	07.285999	(00.010514 +- 00.000450)	[00.007809,00.020918]
01_filter               	    692	00.180882	(00.000261 +- 00.000062)	[00.000116,00.002236]
02_preint               	    690	00.024908	(00.000036 +- 00.000005)	[00.000024,00.000063]
02a_intensity_preprocess	    692	01.614966	(00.002334 +- 00.000563)	[00.000780,00.006182]
03_undistortion         	    690	00.430651	(00.000624 +- 00.000262)	[00.000126,00.002160]
04_sampling             	    689	00.292789	(00.000425 +- 00.000128)	[00.000063,00.002124]
04b_intensity_sampling  	    689	00.432253	(00.000627 +- 00.000168)	[00.000123,00.001617]
05_registration         	    689	02.094602	(00.003040 +- 00.001368)	[00.000667,00.010183]
06_map                  	    689	00.464440	(00.000674 +- 00.000204)	[00.000135,00.003131]
07_imu_opt              	    689	00.903716	(00.001312 +- 00.000248)	[00.000002,00.003554]
08_publish              	    689	05.152268	(00.007478 +- 00.003036)	[00.000462,00.022598]
step                    	    692	11.656245	(00.016844 +- 00.005645)	[00.003975,00.047284]

INFO  Timings:
SM Timing
-----------
00_conversion_livox     	    694	07.297494	(00.010515 +- 00.000490)	[00.007809,00.020918]
01_filter               	    693	00.181218	(00.000261 +- 00.000064)	[00.000116,00.002236]
02_preint               	    691	00.024956	(00.000036 +- 00.000005)	[00.000024,00.000063]
02a_intensity_preprocess	    693	01.617858	(00.002335 +- 00.000581)	[00.000780,00.006182]
03_undistortion         	    691	00.431758	(00.000625 +- 00.000276)	[00.000126,00.002160]
04_sampling             	    690	00.293380	(00.000425 +- 00.000133)	[00.000063,00.002124]
04b_intensity_sampling  	    690	00.432997	(00.000628 +- 00.000172)	[00.000123,00.001617]
05_registration         	    690	02.101384	(00.003045 +- 00.001482)	[00.000667,00.010183]
06_map                  	    690	00.465361	(00.000674 +- 00.000212)	[00.000135,00.003131]
07_imu_opt              	    690	00.905487	(00.001312 +- 00.000252)	[00.000002,00.003554]
08_publish              	    690	05.162244	(00.007482 +- 00.003117)	[00.000462,00.022598]
step                    	    693	11.681507	(00.016856 +- 00.005896)	[00.003975,00.047284]

INFO  Timings:
SM Timing
-----------
00_conversion_livox     	    695	07.308862	(00.010516 +- 00.000523)	[00.007809,00.020918]
01_filter               	    694	00.181522	(00.000262 +- 00.000064)	[00.000116,00.002236]
02_preint               	    692	00.025009	(00.000036 +- 00.000005)	[00.000024,00.000063]
02a_intensity_preprocess	    694	01.620715	(00.002335 +- 00.000597)	[00.000780,00.006182]
03_undistortion         	    692	00.432589	(00.000625 +- 00.000280)	[00.000126,00.002160]
04_sampling             	    691	00.293951	(00.000425 +- 00.000136)	[00.000063,00.002124]
04b_intensity_sampling  	    691	00.433715	(00.000628 +- 00.000175)	[00.000123,00.001617]
05_registration         	    691	02.106421	(00.003048 +- 00.001508)	[00.000667,00.010183]
06_map                  	    691	00.466329	(00.000675 +- 00.000220)	[00.000135,00.003131]
07_imu_opt              	    691	00.907063	(00.001313 +- 00.000249)	[00.000002,00.003554]
08_publish              	    691	05.172095	(00.007485 +- 00.003189)	[00.000462,00.022598]
step                    	    694	11.704355	(00.016865 +- 00.006034)	[00.003975,00.047284]

INFO  Timings:
SM Timing
-----------
00_conversion_livox     	    696	07.320083	(00.010517 +- 00.000546)	[00.007809,00.020918]
01_filter               	    695	00.181845	(00.000262 +- 00.000065)	[00.000116,00.002236]
02_preint               	    693	00.025062	(00.000036 +- 00.000006)	[00.000024,00.000063]
02a_intensity_preprocess	    695	01.623580	(00.002336 +- 00.000613)	[00.000780,00.006182]
03_undistortion         	    693	00.433474	(00.000626 +- 00.000284)	[00.000126,00.002160]
04_sampling             	    692	00.294533	(00.000426 +- 00.000139)	[00.000063,00.002124]
04b_intensity_sampling  	    692	00.434373	(00.000628 +- 00.000176)	[00.000123,00.001617]
05_registration         	    692	02.116825	(00.003059 +- 00.001828)	[00.000667,00.010404]
06_map                  	    692	00.467148	(00.000675 +- 00.000223)	[00.000135,00.003131]
07_imu_opt              	    692	00.908604	(00.001313 +- 00.000248)	[00.000002,00.003554]
08_publish              	    692	05.182530	(00.007489 +- 00.003272)	[00.000462,00.022598]
step                    	    695	11.732981	(00.016882 +- 00.006374)	[00.003975,00.047284]

INFO  Timings:
SM Timing
-----------
00_conversion_livox     	    697	07.331587	(00.010519 +- 00.000578)	[00.007809,00.020918]
01_filter               	    696	00.182152	(00.000262 +- 00.000066)	[00.000116,00.002236]
02_preint               	    694	00.025208	(00.000036 +- 00.000016)	[00.000024,00.000146]
02a_intensity_preprocess	    696	01.626480	(00.002337 +- 00.000628)	[00.000780,00.006182]
03_undistortion         	    694	00.434328	(00.000626 +- 00.000287)	[00.000126,00.002160]
04_sampling             	    693	00.295161	(00.000426 +- 00.000144)	[00.000063,00.002124]
04b_intensity_sampling  	    693	00.435062	(00.000628 +- 00.000177)	[00.000123,00.001617]
05_registration         	    693	02.121750	(00.003062 +- 00.001837)	[00.000667,00.010404]
06_map                  	    693	00.468202	(00.000676 +- 00.000234)	[00.000135,00.003131]
07_imu_opt              	    693	00.909997	(00.001313 +- 00.000247)	[00.000002,00.003554]
08_publish              	    693	05.193217	(00.007494 +- 00.003356)	[00.000462,00.022598]
step                    	    696	11.756649	(00.016892 +- 00.006519)	[00.003975,00.047284]

INFO  Timings:
SM Timing
-----------
00_conversion_livox     	    698	07.342491	(00.010519 +- 00.000586)	[00.007809,00.020918]
01_filter               	    697	00.182481	(00.000262 +- 00.000067)	[00.000116,00.002236]
02_preint               	    695	00.025252	(00.000036 +- 00.000016)	[00.000024,00.000146]
02a_intensity_preprocess	    697	01.629425	(00.002338 +- 00.000643)	[00.000780,00.006182]
03_undistortion         	    695	00.435390	(00.000626 +- 00.000295)	[00.000126,00.002160]
04_sampling             	    694	00.295771	(00.000426 +- 00.000147)	[00.000063,00.002124]
04b_intensity_sampling  	    694	00.435734	(00.000628 +- 00.000178)	[00.000123,00.001617]
05_registration         	    694	02.125553	(00.003063 +- 00.001832)	[00.000667,00.010404]
06_map                  	    694	00.469039	(00.000676 +- 00.000236)	[00.000135,00.003131]
07_imu_opt              	    694	00.911341	(00.001313 +- 00.000244)	[00.000002,00.003554]
08_publish              	    694	05.203310	(00.007498 +- 00.003417)	[00.000462,00.022598]
step                    	    697	11.778495	(00.016899 +- 00.006595)	[00.003975,00.047284]

INFO  Timings:
SM Timing
-----------
00_conversion_livox     	    699	07.352916	(00.010519 +- 00.000584)	[00.007809,00.020918]
01_filter               	    698	00.182796	(00.000262 +- 00.000067)	[00.000116,00.002236]
02_preint               	    696	00.025292	(00.000036 +- 00.000016)	[00.000024,00.000146]
02a_intensity_preprocess	    698	01.632268	(00.002338 +- 00.000654)	[00.000780,00.006182]
03_undistortion         	    696	00.436273	(00.000627 +- 00.000298)	[00.000126,00.002160]
04_sampling             	    695	00.296272	(00.000426 +- 00.000148)	[00.000063,00.002124]
04b_intensity_sampling  	    695	00.436314	(00.000628 +- 00.000178)	[00.000123,00.001617]
05_registration         	    695	02.130271	(00.003065 +- 00.001836)	[00.000667,00.010404]
06_map                  	    695	00.469896	(00.000676 +- 00.000239)	[00.000135,00.003131]
07_imu_opt              	    695	00.913134	(00.001314 +- 00.000247)	[00.000002,00.003554]
08_publish              	    695	05.213429	(00.007501 +- 00.003474)	[00.000462,00.022598]
step                    	    698	11.801236	(00.016907 +- 00.006685)	[00.003975,00.047284]

INFO  Timings:
SM Timing
-----------
00_conversion_livox     	    700	07.363536	(00.010519 +- 00.000584)	[00.007809,00.020918]
01_filter               	    699	00.183112	(00.000262 +- 00.000067)	[00.000116,00.002236]
02_preint               	    697	00.025330	(00.000036 +- 00.000016)	[00.000024,00.000146]
02a_intensity_preprocess	    699	01.635022	(00.002339 +- 00.000662)	[00.000780,00.006182]
03_undistortion         	    697	00.437039	(00.000627 +- 00.000299)	[00.000126,00.002160]
04_sampling             	    696	00.297021	(00.000427 +- 00.000157)	[00.000063,00.002124]
04b_intensity_sampling  	    696	00.436902	(00.000628 +- 00.000178)	[00.000123,00.001617]
05_registration         	    696	02.135435	(00.003068 +- 00.001854)	[00.000667,00.010404]
06_map                  	    696	00.470727	(00.000676 +- 00.000242)	[00.000135,00.003131]
07_imu_opt              	    696	00.914459	(00.001314 +- 00.000248)	[00.000002,00.003554]
08_publish              	    696	05.223454	(00.007505 +- 00.003525)	[00.000462,00.022598]
step                    	    699	11.823867	(00.016915 +- 00.006772)	[00.003975,00.047284]

INFO  Timings:
SM Timing
-----------
00_conversion_livox     	    701	07.373715	(00.010519 +- 00.000580)	[00.007809,00.020918]
01_filter               	    700	00.183347	(00.000262 +- 00.000067)	[00.000116,00.002236]
02_preint               	    698	00.025373	(00.000036 +- 00.000016)	[00.000024,00.000146]
02a_intensity_preprocess	    700	01.637908	(00.002340 +- 00.000673)	[00.000780,00.006182]
03_undistortion         	    698	00.437843	(00.000627 +- 00.000301)	[00.000126,00.002160]
04_sampling             	    697	00.297659	(00.000427 +- 00.000161)	[00.000063,00.002124]
04b_intensity_sampling  	    697	00.437556	(00.000628 +- 00.000179)	[00.000123,00.001617]
05_registration         	    697	02.138707	(00.003068 +- 00.001853)	[00.000667,00.010404]
06_map                  	    697	00.471634	(00.000677 +- 00.000246)	[00.000135,00.003131]
07_imu_opt              	    697	00.916049	(00.001314 +- 00.000246)	[00.000002,00.003554]
08_publish              	    697	05.233811	(00.007509 +- 00.003580)	[00.000462,00.022598]
step                    	    700	11.845323	(00.016922 +- 00.006828)	[00.003975,00.047284]

INFO  Timings:
SM Timing
-----------
00_conversion_livox     	    702	07.384231	(00.010519 +- 00.000578)	[00.007809,00.020918]
01_filter               	    701	00.183646	(00.000262 +- 00.000068)	[00.000116,00.002236]
02_preint               	    699	00.025428	(00.000036 +- 00.000016)	[00.000024,00.000146]
02a_intensity_preprocess	    701	01.641255	(00.002341 +- 00.000697)	[00.000780,00.006182]
03_undistortion         	    699	00.438687	(00.000628 +- 00.000302)	[00.000126,00.002160]
04_sampling             	    698	00.298238	(00.000427 +- 00.000163)	[00.000063,00.002124]
04b_intensity_sampling  	    698	00.438258	(00.000628 +- 00.000180)	[00.000123,00.001617]
05_registration         	    698	02.142942	(00.003070 +- 00.001849)	[00.000667,00.010404]
06_map                  	    698	00.472443	(00.000677 +- 00.000248)	[00.000135,00.003131]
07_imu_opt              	    698	00.917755	(00.001315 +- 00.000247)	[00.000002,00.003554]
08_publish              	    698	05.243974	(00.007513 +- 00.003627)	[00.000462,00.022598]
step                    	    701	11.868143	(00.016930 +- 00.006900)	[00.003975,00.047284]

INFO  Timings:
SM Timing
-----------
00_conversion_livox     	    703	07.394786	(00.010519 +- 00.000578)	[00.007809,00.020918]
01_filter               	    702	00.183961	(00.000262 +- 00.000068)	[00.000116,00.002236]
02_preint               	    700	00.025472	(00.000036 +- 00.000016)	[00.000024,00.000146]
02a_intensity_preprocess	    702	01.644002	(00.002342 +- 00.000701)	[00.000780,00.006182]
03_undistortion         	    700	00.439411	(00.000628 +- 00.000302)	[00.000126,00.002160]
04_sampling             	    699	00.298783	(00.000427 +- 00.000164)	[00.000063,00.002124]
04b_intensity_sampling  	    699	00.438937	(00.000628 +- 00.000182)	[00.000123,00.001617]
05_registration         	    699	02.147962	(00.003073 +- 00.001857)	[00.000667,00.010404]
06_map                  	    699	00.473237	(00.000677 +- 00.000249)	[00.000135,00.003131]
07_imu_opt              	    699	00.920022	(00.001316 +- 00.000270)	[00.000002,00.003554]
08_publish              	    699	05.254146	(00.007517 +- 00.003663)	[00.000462,00.022598]
step                    	    702	11.891553	(00.016940 +- 00.006971)	[00.003975,00.047284]

INFO  Timings:
SM Timing
-----------
00_conversion_livox     	    704	07.405551	(00.010519 +- 00.000580)	[00.007809,00.020918]
01_filter               	    703	00.184255	(00.000262 +- 00.000068)	[00.000116,00.002236]
02_preint               	    701	00.025517	(00.000036 +- 00.000016)	[00.000024,00.000146]
02a_intensity_preprocess	    703	01.646804	(00.002343 +- 00.000706)	[00.000780,00.006182]
03_undistortion         	    701	00.440218	(00.000628 +- 00.000301)	[00.000126,00.002160]
04_sampling             	    700	00.299384	(00.000428 +- 00.000166)	[00.000063,00.002124]
04b_intensity_sampling  	    700	00.439475	(00.000628 +- 00.000182)	[00.000123,00.001617]
05_registration         	    700	02.152673	(00.003075 +- 00.001858)	[00.000667,00.010404]
06_map                  	    700	00.474181	(00.000677 +- 00.000252)	[00.000135,00.003131]
07_imu_opt              	    700	00.922210	(00.001317 +- 00.000285)	[00.000002,00.003554]
08_publish              	    700	05.264848	(00.007521 +- 00.003704)	[00.000462,00.022598]
step                    	    703	11.915261	(00.016949 +- 00.007032)	[00.003975,00.047284]

INFO  Timings:
SM Timing
-----------
00_conversion_livox     	    705	07.416781	(00.010520 +- 00.000596)	[00.007809,00.020918]
01_filter               	    704	00.184540	(00.000262 +- 00.000068)	[00.000116,00.002236]
02_preint               	    702	00.025554	(00.000036 +- 00.000016)	[00.000024,00.000146]
02a_intensity_preprocess	    704	01.649775	(00.002343 +- 00.000712)	[00.000780,00.006182]
03_undistortion         	    702	00.440944	(00.000628 +- 00.000299)	[00.000126,00.002160]
04_sampling             	    701	00.299973	(00.000428 +- 00.000167)	[00.000063,00.002124]
04b_intensity_sampling  	    701	00.440108	(00.000628 +- 00.000182)	[00.000123,00.001617]
05_registration         	    701	02.156517	(00.003076 +- 00.001845)	[00.000667,00.010404]
06_map                  	    701	00.475055	(00.000678 +- 00.000253)	[00.000135,00.003131]
07_imu_opt              	    701	00.923815	(00.001318 +- 00.000285)	[00.000002,00.003554]
08_publish              	    701	05.275509	(00.007526 +- 00.003737)	[00.000462,00.022598]
step                    	    704	11.937564	(00.016957 +- 00.007046)	[00.003975,00.047284]

INFO  Timings:
SM Timing
-----------
00_conversion_livox     	    706	07.427280	(00.010520 +- 00.000596)	[00.007809,00.020918]
01_filter               	    705	00.184811	(00.000262 +- 00.000068)	[00.000116,00.002236]
02_preint               	    703	00.025597	(00.000036 +- 00.000016)	[00.000024,00.000146]
02a_intensity_preprocess	    705	01.652802	(00.002344 +- 00.000720)	[00.000780,00.006182]
03_undistortion         	    703	00.441742	(00.000628 +- 00.000297)	[00.000126,00.002160]
04_sampling             	    702	00.300577	(00.000428 +- 00.000169)	[00.000063,00.002124]
04b_intensity_sampling  	    702	00.440713	(00.000628 +- 00.000181)	[00.000123,00.001617]
05_registration         	    702	02.159899	(00.003077 +- 00.001835)	[00.000667,00.010404]
06_map                  	    702	00.476044	(00.000678 +- 00.000256)	[00.000135,00.003131]
07_imu_opt              	    702	00.925452	(00.001318 +- 00.000285)	[00.000002,00.003554]
08_publish              	    702	05.286495	(00.007531 +- 00.003771)	[00.000462,00.022598]
step                    	    705	11.959967	(00.016964 +- 00.007059)	[00.003975,00.047284]

INFO  Timings:
SM Timing
-----------
00_conversion_livox     	    707	07.438031	(00.010521 +- 00.000597)	[00.007809,00.020918]
01_filter               	    706	00.185142	(00.000262 +- 00.000068)	[00.000116,00.002236]
02_preint               	    704	00.025637	(00.000036 +- 00.000016)	[00.000024,00.000146]
02a_intensity_preprocess	    706	01.655861	(00.002345 +- 00.000726)	[00.000780,00.006182]
03_undistortion         	    704	00.442492	(00.000629 +- 00.000296)	[00.000126,00.002160]
04_sampling             	    703	00.301160	(00.000428 +- 00.000170)	[00.000063,00.002124]
04b_intensity_sampling  	    703	00.441277	(00.000628 +- 00.000180)	[00.000123,00.001617]
05_registration         	    703	02.163460	(00.003077 +- 00.001830)	[00.000667,00.010404]
06_map                  	    703	00.476902	(00.000678 +- 00.000256)	[00.000135,00.003131]
07_imu_opt              	    703	00.926852	(00.001318 +- 00.000285)	[00.000002,00.003554]
08_publish              	    703	05.297603	(00.007536 +- 00.003797)	[00.000462,00.022598]
step                    	    706	11.982306	(00.016972 +- 00.007062)	[00.003975,00.047284]

INFO  Timings:
SM Timing
-----------
00_conversion_livox     	    708	07.447873	(00.010520 +- 00.000599)	[00.007809,00.020918]
01_filter               	    707	00.185440	(00.000262 +- 00.000067)	[00.000116,00.002236]
02_preint               	    705	00.025674	(00.000036 +- 00.000016)	[00.000024,00.000146]
02a_intensity_preprocess	    707	01.658791	(00.002346 +- 00.000726)	[00.000780,00.006182]
03_undistortion         	    705	00.443477	(00.000629 +- 00.000298)	[00.000126,00.002160]
04_sampling             	    704	00.301858	(00.000429 +- 00.000172)	[00.000063,00.002124]
04b_intensity_sampling  	    704	00.441968	(00.000628 +- 00.000180)	[00.000123,00.001617]
05_registration         	    704	02.167308	(00.003079 +- 00.001807)	[00.000667,00.010404]
06_map                  	    704	00.477831	(00.000679 +- 00.000256)	[00.000135,00.003131]
07_imu_opt              	    704	00.928550	(00.001319 +- 00.000285)	[00.000002,00.003554]
08_publish              	    704	05.308812	(00.007541 +- 00.003814)	[00.000462,00.022598]
step                    	    707	12.005732	(00.016981 +- 00.007049)	[00.003975,00.047284]

INFO  Timings:
SM Timing
-----------
00_conversion_livox     	    709	07.458236	(00.010519 +- 00.000598)	[00.007809,00.020918]
01_filter               	    708	00.185744	(00.000262 +- 00.000067)	[00.000116,00.002236]
02_preint               	    706	00.025715	(00.000036 +- 00.000016)	[00.000024,00.000146]
02a_intensity_preprocess	    708	01.661843	(00.002347 +- 00.000727)	[00.000780,00.006182]
03_undistortion         	    706	00.444169	(00.000629 +- 00.000294)	[00.000126,00.002160]
04_sampling             	    705	00.302458	(00.000429 +- 00.000172)	[00.000063,00.002124]
04b_intensity_sampling  	    705	00.442686	(00.000628 +- 00.000179)	[00.000123,00.001617]
05_registration         	    705	02.171325	(00.003080 +- 00.001801)	[00.000667,00.010404]
06_map                  	    705	00.478662	(00.000679 +- 00.000255)	[00.000135,00.003131]
07_imu_opt              	    705	00.929952	(00.001319 +- 00.000282)	[00.000002,00.003554]
08_publish              	    705	05.320448	(00.007547 +- 00.003828)	[00.000462,00.022598]
step                    	    708	12.029098	(00.016990 +- 00.007030)	[00.003975,00.047284]

INFO  Timings:
SM Timing
-----------
00_conversion_livox     	    710	07.468958	(00.010520 +- 00.000594)	[00.007809,00.020918]
01_filter               	    709	00.185999	(00.000262 +- 00.000066)	[00.000116,00.002236]
02_preint               	    707	00.025753	(00.000036 +- 00.000016)	[00.000024,00.000146]
02a_intensity_preprocess	    709	01.664797	(00.002348 +- 00.000723)	[00.000780,00.006182]
03_undistortion         	    707	00.445029	(00.000629 +- 00.000292)	[00.000126,00.002160]
04_sampling             	    706	00.303035	(00.000429 +- 00.000172)	[00.000063,00.002124]
04b_intensity_sampling  	    706	00.443263	(00.000628 +- 00.000179)	[00.000123,00.001617]
05_registration         	    706	02.174732	(00.003080 +- 00.001779)	[00.000667,00.010404]
06_map                  	    706	00.479567	(00.000679 +- 00.000253)	[00.000135,00.003131]
07_imu_opt              	    706	00.931448	(00.001319 +- 00.000278)	[00.000002,00.003554]
08_publish              	    706	05.330919	(00.007551 +- 00.003803)	[00.000462,00.022598]
step                    	    709	12.050882	(00.016997 +- 00.006950)	[00.003975,00.047284]

INFO  Timings:
SM Timing
-----------
00_conversion_livox     	    711	07.478876	(00.010519 +- 00.000586)	[00.007809,00.020918]
01_filter               	    710	00.186313	(00.000262 +- 00.000066)	[00.000116,00.002236]
02_preint               	    708	00.025792	(00.000036 +- 00.000016)	[00.000024,00.000146]
02a_intensity_preprocess	    710	01.667700	(00.002349 +- 00.000715)	[00.000780,00.006182]
03_undistortion         	    708	00.445830	(00.000630 +- 00.000288)	[00.000126,00.002160]
04_sampling             	    707	00.303666	(00.000430 +- 00.000172)	[00.000063,00.002124]
04b_intensity_sampling  	    707	00.444882	(00.000629 +- 00.000231)	[00.000123,00.001619]
05_registration         	    707	02.179188	(00.003082 +- 00.001769)	[00.000667,00.010404]
06_map                  	    707	00.480603	(00.000680 +- 00.000258)	[00.000135,00.003131]
07_imu_opt              	    707	00.933423	(00.001320 +- 00.000280)	[00.000002,00.003554]
08_publish              	    707	05.343373	(00.007558 +- 00.003812)	[00.000462,00.022598]
step                    	    710	12.077164	(00.017010 +- 00.006953)	[00.003975,00.047284]

INFO  Timings:
SM Timing
-----------
00_conversion_livox     	    712	07.490758	(00.010521 +- 00.000618)	[00.007809,00.020918]
01_filter               	    711	00.186652	(00.000263 +- 00.000064)	[00.000116,00.002236]
02_preint               	    709	00.025849	(00.000036 +- 00.000016)	[00.000024,00.000146]
02a_intensity_preprocess	    711	01.671787	(00.002351 +- 00.000743)	[00.000780,00.006182]
03_undistortion         	    709	00.446708	(00.000630 +- 00.000284)	[00.000126,00.002160]
04_sampling             	    708	00.304328	(00.000430 +- 00.000171)	[00.000063,00.002124]
04b_intensity_sampling  	    708	00.445516	(00.000629 +- 00.000228)	[00.000123,00.001619]
05_registration         	    708	02.182507	(00.003083 +- 00.001767)	[00.000667,00.010404]
06_map                  	    708	00.481459	(00.000680 +- 00.000255)	[00.000135,00.003131]
07_imu_opt              	    708	00.935505	(00.001321 +- 00.000285)	[00.000002,00.003554]
08_publish              	    708	05.355899	(00.007565 +- 00.003810)	[00.000462,00.022598]
step                    	    711	12.102690	(00.017022 +- 00.006937)	[00.003975,00.047284]

INFO  Timings:
SM Timing
-----------
00_conversion_livox     	    713	07.501275	(00.010521 +- 00.000613)	[00.007809,00.020918]
01_filter               	    712	00.186976	(00.000263 +- 00.000063)	[00.000116,00.002236]
02_preint               	    710	00.025890	(00.000036 +- 00.000016)	[00.000024,00.000146]
02a_intensity_preprocess	    712	01.674621	(00.002352 +- 00.000729)	[00.000780,00.006182]
03_undistortion         	    710	00.447618	(00.000630 +- 00.000280)	[00.000126,00.002160]
04_sampling             	    709	00.304986	(00.000430 +- 00.000168)	[00.000063,00.002124]
04b_intensity_sampling  	    709	00.446061	(00.000629 +- 00.000225)	[00.000123,00.001619]
05_registration         	    709	02.187002	(00.003085 +- 00.001761)	[00.000667,00.010404]
06_map                  	    709	00.482307	(00.000680 +- 00.000250)	[00.000135,00.003131]
07_imu_opt              	    709	00.937632	(00.001322 +- 00.000295)	[00.000002,00.003554]
08_publish              	    709	05.366487	(00.007569 +- 00.003755)	[00.000462,00.022598]
step                    	    712	12.126166	(00.017031 +- 00.006855)	[00.003975,00.047284]

INFO  Timings:
SM Timing
-----------
00_conversion_livox     	    714	07.511689	(00.010521 +- 00.000603)	[00.007809,00.020918]
01_filter               	    713	00.187297	(00.000263 +- 00.000062)	[00.000116,00.002236]
02_preint               	    711	00.025937	(00.000036 +- 00.000016)	[00.000024,00.000146]
02a_intensity_preprocess	    713	01.677533	(00.002353 +- 00.000712)	[00.000780,00.006182]
03_undistortion         	    711	00.448461	(00.000631 +- 00.000274)	[00.000126,00.002160]
04_sampling             	    710	00.305704	(00.000431 +- 00.000168)	[00.000063,00.002124]
04b_intensity_sampling  	    710	00.446716	(00.000629 +- 00.000221)	[00.000123,00.001619]
05_registration         	    710	02.191090	(00.003086 +- 00.001731)	[00.000667,00.010404]
06_map                  	    710	00.483219	(00.000681 +- 00.000245)	[00.000135,00.003131]
07_imu_opt              	    710	00.939151	(00.001323 +- 00.000289)	[00.000002,00.003554]
08_publish              	    710	05.377412	(00.007574 +- 00.003688)	[00.000462,00.022598]
step                    	    713	12.149217	(00.017040 +- 00.006695)	[00.003975,00.047284]

INFO  Timings:
SM Timing
-----------
00_conversion_livox     	    715	07.522229	(00.010521 +- 00.000591)	[00.007809,00.020918]
01_filter               	    714	00.187632	(00.000263 +- 00.000061)	[00.000116,00.002236]
02_preint               	    712	00.025979	(00.000036 +- 00.000015)	[00.000024,00.000146]
02a_intensity_preprocess	    714	01.680539	(00.002354 +- 00.000695)	[00.000780,00.006182]
03_undistortion         	    712	00.449394	(00.000631 +- 00.000270)	[00.000126,00.002160]
04_sampling             	    711	00.306426	(00.000431 +- 00.000167)	[00.000063,00.002124]
04b_intensity_sampling  	    711	00.447385	(00.000629 +- 00.000218)	[00.000123,00.001619]
05_registration         	    711	02.194922	(00.003087 +- 00.001712)	[00.000667,00.010404]
06_map                  	    711	00.484259	(00.000681 +- 00.000242)	[00.000135,00.003131]
07_imu_opt              	    711	00.940527	(00.001323 +- 00.000287)	[00.000002,00.003554]
08_publish              	    711	05.388252	(00.007578 +- 00.003612)	[00.000462,00.022598]
step                    	    714	12.172094	(00.017048 +- 00.006544)	[00.003975,00.047284]

INFO  Timings:
SM Timing
-----------
00_conversion_livox     	    716	07.532964	(00.010521 +- 00.000583)	[00.007809,00.020918]
01_filter               	    715	00.187986	(00.000263 +- 00.000059)	[00.000116,00.002236]
02_preint               	    713	00.026027	(00.000037 +- 00.000015)	[00.000024,00.000146]
02a_intensity_preprocess	    715	01.683533	(00.002355 +- 00.000679)	[00.000780,00.006182]
03_undistortion         	    713	00.450623	(00.000632 +- 00.000271)	[00.000126,00.002160]
04_sampling             	    712	00.307093	(00.000431 +- 00.000163)	[00.000063,00.002124]
04b_intensity_sampling  	    712	00.447994	(00.000629 +- 00.000214)	[00.000123,00.001619]
05_registration         	    712	02.198252	(00.003087 +- 00.001690)	[00.000667,00.010404]
06_map                  	    712	00.485298	(00.000682 +- 00.000236)	[00.000135,00.003131]
07_imu_opt              	    712	00.941867	(00.001323 +- 00.000288)	[00.000002,00.003554]
08_publish              	    712	05.399520	(00.007584 +- 00.003530)	[00.000462,00.022598]
step                    	    715	12.195033	(00.017056 +- 00.006369)	[00.003975,00.047284]

INFO  Timings:
SM Timing
-----------
00_conversion_livox     	    717	07.543294	(00.010521 +- 00.000573)	[00.007809,00.020918]
01_filter               	    716	00.188270	(00.000263 +- 00.000057)	[00.000116,00.002236]
02_preint               	    714	00.026065	(00.000037 +- 00.000015)	[00.000024,00.000146]
02a_intensity_preprocess	    716	01.686640	(00.002356 +- 00.000659)	[00.000780,00.006182]
03_undistortion         	    714	00.451672	(00.000633 +- 00.000265)	[00.000126,00.002160]
04_sampling             	    713	00.307761	(00.000432 +- 00.000158)	[00.000063,00.002124]
04b_intensity_sampling  	    713	00.448628	(00.000629 +- 00.000208)	[00.000123,00.001619]
05_registration         	    713	02.203065	(00.003090 +- 00.001641)	[00.000667,00.010404]
06_map                  	    713	00.486239	(00.000682 +- 00.000225)	[00.000135,00.003131]
07_imu_opt              	    713	00.943213	(00.001323 +- 00.000289)	[00.000002,00.003554]
08_publish              	    713	05.410929	(00.007589 +- 00.003434)	[00.000462,00.022598]
step                    	    716	12.219407	(00.017066 +- 00.006147)	[00.003975,00.047284]

INFO  Timings:
SM Timing
-----------
00_conversion_livox     	    718	07.553546	(00.010520 +- 00.000564)	[00.007809,00.020918]
01_filter               	    717	00.188567	(00.000263 +- 00.000055)	[00.000116,00.002236]
02_preint               	    715	00.026110	(00.000037 +- 00.000015)	[00.000024,00.000146]
02a_intensity_preprocess	    717	01.689603	(00.002356 +- 00.000635)	[00.000780,00.006182]
03_undistortion         	    715	00.452528	(00.000633 +- 00.000256)	[00.000126,00.002160]
04_sampling             	    714	00.308379	(00.000432 +- 00.000155)	[00.000063,00.002124]
04b_intensity_sampling  	    714	00.449260	(00.000629 +- 00.000204)	[00.000123,00.001619]
05_registration         	    714	02.210026	(00.003095 +- 00.001648)	[00.000667,00.010404]
06_map                  	    714	00.487215	(00.000682 +- 00.000220)	[00.000135,00.003131]
07_imu_opt              	    714	00.944955	(00.001323 +- 00.000265)	[00.000002,00.003554]
08_publish              	    714	05.422514	(00.007595 +- 00.003324)	[00.000462,00.022598]
step                    	    717	12.246175	(00.017080 +- 00.006006)	[00.003975,00.047284]

INFO  Timings:
SM Timing
-----------
00_conversion_livox     	    719	07.564161	(00.010520 +- 00.000559)	[00.007809,00.020918]
01_filter               	    718	00.188887	(00.000263 +- 00.000053)	[00.000116,00.002236]
02_preint               	    716	00.026152	(00.000037 +- 00.000015)	[00.000024,00.000146]
02a_intensity_preprocess	    718	01.692710	(00.002358 +- 00.000614)	[00.000780,00.006182]
03_undistortion         	    716	00.453353	(00.000633 +- 00.000247)	[00.000126,00.002160]
04_sampling             	    715	00.309124	(00.000432 +- 00.000153)	[00.000063,00.002124]
04b_intensity_sampling  	    715	00.449973	(00.000629 +- 00.000201)	[00.000123,00.001619]
05_registration         	    715	02.213560	(00.003096 +- 00.001601)	[00.000667,00.010404]
06_map                  	    715	00.488141	(00.000683 +- 00.000214)	[00.000135,00.003131]
07_imu_opt              	    715	00.946333	(00.001324 +- 00.000262)	[00.000002,00.003554]
08_publish              	    715	05.434128	(00.007600 +- 00.003203)	[00.000462,00.022598]
step                    	    718	12.269470	(00.017088 +- 00.005745)	[00.003975,00.047284]

INFO  Timings:
SM Timing
-----------
00_conversion_livox     	    720	07.574351	(00.010520 +- 00.000549)	[00.007809,00.020918]
01_filter               	    719	00.189195	(00.000263 +- 00.000051)	[00.000116,00.002236]
02_preint               	    717	00.026188	(00.000037 +- 00.000015)	[00.000024,00.000146]
02a_intensity_preprocess	    719	01.695701	(00.002358 +- 00.000586)	[00.000780,00.006182]
03_undistortion         	    717	00.454211	(00.000633 +- 00.000236)	[00.000126,00.002160]
04_sampling             	    716	00.309866	(00.000433 +- 00.000150)	[00.000063,00.002124]
04b_intensity_sampling  	    716	00.450916	(00.000630 +- 00.000202)	[00.000123,00.001619]
05_registration         	    716	02.220568	(00.003101 +- 00.001622)	[00.000667,00.010404]
06_map                  	    716	00.489111	(00.000683 +- 00.000205)	[00.000135,00.003131]
07_imu_opt              	    716	00.947725	(00.001324 +- 00.000262)	[00.000002,00.003554]
08_publish              	    716	05.446411	(00.007607 +- 00.003087)	[00.000462,00.022598]
step                    	    719	12.297108	(00.017103 +- 00.005571)	[00.003975,00.047284]

INFO  Timings:
SM Timing
-----------
00_conversion_livox     	    721	07.585060	(00.010520 +- 00.000541)	[00.007809,00.020918]
01_filter               	    720	00.189495	(00.000263 +- 00.000048)	[00.000116,00.002236]
02_preint               	    718	00.026236	(00.000037 +- 00.000015)	[00.000024,00.000146]
02a_intensity_preprocess	    720	01.698994	(00.002360 +- 00.000565)	[00.000780,00.006182]
03_undistortion         	    718	00.455001	(00.000634 +- 00.000225)	[00.000126,00.002160]
04_sampling             	    717	00.310628	(00.000433 +- 00.000146)	[00.000063,00.002124]
04b_intensity_sampling  	    717	00.451659	(00.000630 +- 00.000199)	[00.000123,00.001619]
05_registration         	    717	02.226356	(00.003105 +- 00.001614)	[00.000667,00.010404]
06_map                  	    717	00.490148	(00.000684 +- 00.000197)	[00.000135,00.003131]
07_imu_opt              	    717	00.949293	(00.001324 +- 00.000256)	[00.000002,00.003554]
08_publish              	    717	05.458635	(00.007613 +- 00.002962)	[00.000462,00.022598]
step                    	    720	12.323725	(00.017116 +- 00.005354)	[00.003975,00.047284]

INFO  Timings:
SM Timing
-----------
00_conversion_livox     	    722	07.595938	(00.010521 +- 00.000534)	[00.007809,00.020918]
01_filter               	    721	00.189833	(00.000263 +- 00.000048)	[00.000116,00.002236]
02_preint               	    719	00.026282	(00.000037 +- 00.000015)	[00.000024,00.000146]
02a_intensity_preprocess	    721	01.702405	(00.002361 +- 00.000544)	[00.000780,00.006182]
03_undistortion         	    719	00.456738	(00.000635 +- 00.000250)	[00.000126,00.002160]
04_sampling             	    718	00.311366	(00.000434 +- 00.000142)	[00.000063,00.002124]
04b_intensity_sampling  	    718	00.452328	(00.000630 +- 00.000194)	[00.000123,00.001619]
05_registration         	    718	02.230112	(00.003106 +- 00.001570)	[00.000667,00.010404]
06_map                  	    718	00.491219	(00.000684 +- 00.000188)	[00.000135,00.003131]
07_imu_opt              	    718	00.950658	(00.001324 +- 00.000255)	[00.000002,00.003554]
08_publish              	    718	05.470323	(00.007619 +- 00.002818)	[00.000462,00.022598]
step                    	    721	12.348625	(00.017127 +- 00.005094)	[00.003975,00.047284]

INFO  Timings:
SM Timing
-----------
00_conversion_livox     	    723	07.605982	(00.010520 +- 00.000533)	[00.007809,00.020918]
01_filter               	    722	00.190157	(00.000263 +- 00.000045)	[00.000116,00.002236]
02_preint               	    720	00.026328	(00.000037 +- 00.000015)	[00.000024,00.000146]
02a_intensity_preprocess	    722	01.705556	(00.002362 +- 00.000515)	[00.000780,00.006182]
03_undistortion         	    720	00.457568	(00.000636 +- 00.000241)	[00.000126,00.002160]
04_sampling             	    719	00.312059	(00.000434 +- 00.000137)	[00.000063,00.002124]
04b_intensity_sampling  	    719	00.453007	(00.000630 +- 00.000190)	[00.000123,00.001619]
05_registration         	    719	02.234874	(00.003108 +- 00.001567)	[00.000667,00.010404]
06_map                  	    719	00.492214	(00.000685 +- 00.000176)	[00.000135,00.003131]
07_imu_opt              	    719	00.952010	(00.001324 +- 00.000257)	[00.000002,00.003554]
08_publish              	    719	05.482427	(00.007625 +- 00.002673)	[00.000462,00.022598]
step                    	    722	12.373651	(00.017138 +- 00.004894)	[00.003975,00.047284]

INFO  Timings:
SM Timing
-----------
00_conversion_livox     	    724	07.619366	(00.010524 +- 00.000666)	[00.007809,00.020918]
01_filter               	    723	00.190491	(00.000263 +- 00.000042)	[00.000116,00.002236]
02_preint               	    721	00.026377	(00.000037 +- 00.000015)	[00.000024,00.000146]
02a_intensity_preprocess	    723	01.708744	(00.002363 +- 00.000491)	[00.000780,00.006182]
03_undistortion         	    721	00.458403	(00.000636 +- 00.000231)	[00.000126,00.002160]
04_sampling             	    720	00.312810	(00.000434 +- 00.000133)	[00.000063,00.002124]
04b_intensity_sampling  	    720	00.453712	(00.000630 +- 00.000185)	[00.000123,00.001619]
05_registration         	    720	02.239465	(00.003110 +- 00.001526)	[00.000667,00.010404]
06_map                  	    720	00.493113	(00.000685 +- 00.000162)	[00.000135,00.003131]
07_imu_opt              	    720	00.953395	(00.001324 +- 00.000255)	[00.000002,00.003554]
08_publish              	    720	05.494185	(00.007631 +- 00.002518)	[00.000462,00.022598]
step                    	    723	12.398236	(00.017148 +- 00.004587)	[00.003975,00.047284]

INFO  Timings:
SM Timing
-----------
00_conversion_livox     	    725	07.629581	(00.010524 +- 00.000665)	[00.007809,00.020918]
01_filter               	    724	00.190834	(00.000264 +- 00.000039)	[00.000116,00.002236]
02_preint               	    722	00.026423	(00.000037 +- 00.000015)	[00.000024,00.000146]
02a_intensity_preprocess	    724	01.711885	(00.002364 +- 00.000462)	[00.000780,00.006182]
03_undistortion         	    722	00.459221	(00.000636 +- 00.000222)	[00.000126,00.002160]
04_sampling             	    721	00.313437	(00.000435 +- 00.000126)	[00.000063,00.002124]
04b_intensity_sampling  	    721	00.454462	(00.000630 +- 00.000180)	[00.000123,00.001619]
05_registration         	    721	02.245644	(00.003115 +- 00.001498)	[00.000667,00.010404]
06_map                  	    721	00.494030	(00.000685 +- 00.000147)	[00.000135,00.003131]
07_imu_opt              	    721	00.955057	(00.001325 +- 00.000252)	[00.000002,00.003554]
08_publish              	    721	05.506124	(00.007637 +- 00.002360)	[00.000462,00.022598]
step                    	    724	12.424760	(00.017161 +- 00.004283)	[00.003975,00.047284]

INFO  Timings:
SM Timing
-----------
00_conversion_livox     	    726	07.639875	(00.010523 +- 00.000658)	[00.007809,00.020918]
01_filter               	    725	00.191162	(00.000264 +- 00.000036)	[00.000116,00.002236]
02_preint               	    723	00.026466	(00.000037 +- 00.000015)	[00.000024,00.000146]
02a_intensity_preprocess	    725	01.715036	(00.002366 +- 00.000433)	[00.000780,00.006182]
03_undistortion         	    723	00.460007	(00.000636 +- 00.000213)	[00.000126,00.002160]
04_sampling             	    722	00.314136	(00.000435 +- 00.000121)	[00.000063,00.002124]
04b_intensity_sampling  	    722	00.455115	(00.000630 +- 00.000176)	[00.000123,00.001619]
05_registration         	    722	02.250069	(00.003116 +- 00.001448)	[00.000667,00.010404]
06_map                  	    722	00.494853	(00.000685 +- 00.000133)	[00.000135,00.003131]
07_imu_opt              	    722	00.956473	(00.001325 +- 00.000253)	[00.000002,00.003554]
08_publish              	    722	05.518209	(00.007643 +- 00.002164)	[00.000462,00.022598]
step                    	    725	12.449237	(00.017171 +- 00.003919)	[00.003975,00.047284]

INFO  Timings:
SM Timing
-----------
00_conversion_livox     	    727	07.649881	(00.010523 +- 00.000653)	[00.007809,00.020918]
01_filter               	    726	00.191496	(00.000264 +- 00.000035)	[00.000116,00.002236]
02_preint               	    724	00.026508	(00.000037 +- 00.000015)	[00.000024,00.000146]
02a_intensity_preprocess	    726	01.718150	(00.002367 +- 00.000394)	[00.000780,00.006182]
03_undistortion         	    724	00.460856	(00.000637 +- 00.000200)	[00.000126,00.002160]
04_sampling             	    723	00.314906	(00.000436 +- 00.000116)	[00.000063,00.002124]
04b_intensity_sampling  	    723	00.455791	(00.000630 +- 00.000170)	[00.000123,00.001619]
05_registration         	    723	02.253741	(00.003117 +- 00.001414)	[00.000667,00.010404]
06_map                  	    723	00.495734	(00.000686 +- 00.000118)	[00.000135,00.003131]
07_imu_opt              	    723	00.957826	(00.001325 +- 00.000254)	[00.000002,00.003554]
08_publish              	    723	05.529806	(00.007648 +- 00.001913)	[00.000462,00.022598]
step                    	    726	12.472612	(00.017180 +- 00.003505)	[00.003975,00.047284]

INFO  Timings:
SM Timing
-----------
00_conversion_livox     	    728	07.659867	(00.010522 +- 00.000644)	[00.007809,00.020918]
01_filter               	    727	00.191842	(00.000264 +- 00.000032)	[00.000116,00.002236]
02_preint               	    725	00.026555	(00.000037 +- 00.000015)	[00.000024,00.000146]
02a_intensity_preprocess	    727	01.721273	(00.002368 +- 00.000350)	[00.000780,00.006182]
03_undistortion         	    725	00.461714	(00.000637 +- 00.000188)	[00.000126,00.002160]
04_sampling             	    724	00.316727	(00.000437 +- 00.000200)	[00.000063,00.002124]
04b_intensity_sampling  	    724	00.456437	(00.000630 +- 00.000163)	[00.000123,00.001619]
05_registration         	    724	02.260509	(00.003122 +- 00.001405)	[00.000667,00.010404]
06_map                  	    724	00.496796	(00.000686 +- 00.000105)	[00.000135,00.003131]
07_imu_opt              	    724	00.959679	(00.001326 +- 00.000255)	[00.000002,00.003554]
08_publish              	    724	05.542148	(00.007655 +- 00.001638)	[00.000462,00.022598]
step                    	    727	12.501567	(00.017196 +- 00.003108)	[00.003975,00.047284]

INFO  Timings:
SM Timing
-----------
00_conversion_livox     	    729	07.670169	(00.010521 +- 00.000633)	[00.007809,00.020918]
01_filter               	    728	00.192243	(00.000264 +- 00.000031)	[00.000116,00.002236]
02_preint               	    726	00.026605	(00.000037 +- 00.000015)	[00.000024,00.000146]
02a_intensity_preprocess	    728	01.724500	(00.002369 +- 00.000310)	[00.000780,00.006182]
03_undistortion         	    726	00.462612	(00.000637 +- 00.000175)	[00.000126,00.002160]
04_sampling             	    725	00.317441	(00.000438 +- 00.000195)	[00.000063,00.002124]
04b_intensity_sampling  	    725	00.457222	(00.000631 +- 00.000159)	[00.000123,00.001619]
05_registration         	    725	02.265035	(00.003124 +- 00.001371)	[00.000667,00.010404]
06_map                  	    725	00.497804	(00.000687 +- 00.000098)	[00.000135,00.003131]
07_imu_opt              	    725	00.961127	(00.001326 +- 00.000255)	[00.000002,00.003554]
08_publish              	    725	05.554244	(00.007661 +- 00.001387)	[00.000462,00.022598]
step                    	    728	12.526813	(00.017207 +- 00.002680)	[00.003975,00.047284]

INFO  Timings:
SM Timing
-----------
00_conversion_livox     	    730	07.680358	(00.010521 +- 00.000625)	[00.007809,00.020918]
01_filter               	    729	00.192563	(00.000264 +- 00.000031)	[00.000116,00.002236]
02_preint               	    727	00.026647	(00.000037 +- 00.000015)	[00.000024,00.000146]
02a_intensity_preprocess	    729	01.727608	(00.002370 +- 00.000283)	[00.000780,00.006182]
03_undistortion         	    727	00.463349	(00.000637 +- 00.000169)	[00.000126,00.002160]
04_sampling             	    726	00.318285	(00.000438 +- 00.000193)	[00.000063,00.002124]
04b_intensity_sampling  	    726	00.458037	(00.000631 +- 00.000156)	[00.000123,00.001619]
05_registration         	    726	02.269447	(00.003126 +- 00.001363)	[00.000667,00.010404]
06_map                  	    726	00.498656	(00.000687 +- 00.000090)	[00.000135,00.003131]
07_imu_opt              	    726	00.962495	(00.001326 +- 00.000248)	[00.000002,00.003554]
08_publish              	    726	05.566172	(00.007667 +- 00.001211)	[00.000462,00.022598]
step                    	    729	12.551336	(00.017217 +- 00.002461)	[00.003975,00.047284]

INFO  Timings:
SM Timing
-----------
00_conversion_livox     	    731	07.690486	(00.010521 +- 00.000626)	[00.007809,00.020918]
01_filter               	    730	00.192869	(00.000264 +- 00.000030)	[00.000116,00.002236]
02_preint               	    728	00.026691	(00.000037 +- 00.000015)	[00.000024,00.000146]
02a_intensity_preprocess	    730	01.730835	(00.002371 +- 00.000274)	[00.000780,00.006182]
03_undistortion         	    728	00.464183	(00.000638 +- 00.000165)	[00.000126,00.002160]
04_sampling             	    727	00.318912	(00.000439 +- 00.000190)	[00.000063,00.002124]
04b_intensity_sampling  	    727	00.458623	(00.000631 +- 00.000156)	[00.000123,00.001619]
05_registration         	    727	02.274182	(00.003128 +- 00.001350)	[00.000667,00.010404]
06_map                  	    727	00.499741	(00.000687 +- 00.000086)	[00.000135,00.003131]
07_imu_opt              	    727	00.963860	(00.001326 +- 00.000248)	[00.000002,00.003554]
08_publish              	    727	05.578048	(00.007673 +- 00.001123)	[00.000462,00.022598]
step                    	    730	12.576086	(00.017228 +- 00.002292)	[00.003975,00.047284]

INFO  Timings:
SM Timing
-----------
00_conversion_livox     	    732	07.700240	(00.010519 +- 00.000636)	[00.007809,00.020918]
01_filter               	    731	00.193214	(00.000264 +- 00.000029)	[00.000116,00.002236]
02_preint               	    729	00.026736	(00.000037 +- 00.000015)	[00.000024,00.000146]
02a_intensity_preprocess	    731	01.733985	(00.002372 +- 00.000264)	[00.000780,00.006182]
03_undistortion         	    729	00.465170	(00.000638 +- 00.000166)	[00.000126,00.002160]
04_sampling             	    728	00.319632	(00.000439 +- 00.000188)	[00.000063,00.002124]
04b_intensity_sampling  	    728	00.459321	(00.000631 +- 00.000156)	[00.000123,00.001619]
05_registration         	    728	02.278053	(00.003129 +- 00.001346)	[00.000667,00.010404]
06_map                  	    728	00.500799	(00.000688 +- 00.000086)	[00.000135,00.003131]
07_imu_opt              	    728	00.965162	(00.001326 +- 00.000249)	[00.000002,00.003554]
08_publish              	    728	05.589972	(00.007679 +- 00.001051)	[00.000462,00.022598]
step                    	    731	12.600280	(00.017237 +- 00.002161)	[00.003975,00.047284]

INFO  Timings:
SM Timing
-----------
00_conversion_livox     	    733	07.710459	(00.010519 +- 00.000627)	[00.007809,00.020918]
01_filter               	    732	00.193553	(00.000264 +- 00.000029)	[00.000116,00.002236]
02_preint               	    730	00.026781	(00.000037 +- 00.000015)	[00.000024,00.000146]
02a_intensity_preprocess	    732	01.737202	(00.002373 +- 00.000256)	[00.000780,00.006182]
03_undistortion         	    730	00.466079	(00.000638 +- 00.000165)	[00.000126,00.002160]
04_sampling             	    729	00.320278	(00.000439 +- 00.000186)	[00.000063,00.002124]
04b_intensity_sampling  	    729	00.460144	(00.000631 +- 00.000156)	[00.000123,00.001619]
05_registration         	    729	02.283857	(00.003133 +- 00.001350)	[00.000667,00.010404]
06_map                  	    729	00.501841	(00.000688 +- 00.000088)	[00.000135,00.003131]
07_imu_opt              	    729	00.967045	(00.001327 +- 00.000246)	[00.000002,00.003554]
08_publish              	    729	05.602399	(00.007685 +- 00.000993)	[00.000462,00.022598]
step                    	    732	12.627507	(00.017251 +- 00.002140)	[00.003975,00.047284]

INFO  Timings:
SM Timing
-----------
00_conversion_livox     	    734	07.720626	(00.010519 +- 00.000620)	[00.007809,00.020918]
01_filter               	    733	00.193878	(00.000264 +- 00.000028)	[00.000116,00.002236]
02_preint               	    731	00.026820	(00.000037 +- 00.000015)	[00.000024,00.000146]
02a_intensity_preprocess	    733	01.740503	(00.002374 +- 00.000247)	[00.000780,00.006182]
03_undistortion         	    731	00.466905	(00.000639 +- 00.000166)	[00.000126,00.002160]
04_sampling             	    730	00.320955	(00.000440 +- 00.000183)	[00.000063,00.002124]
04b_intensity_sampling  	    730	00.460857	(00.000631 +- 00.000156)	[00.000123,00.001619]
05_registration         	    730	02.287911	(00.003134 +- 00.001330)	[00.000667,00.010404]
06_map                  	    730	00.502802	(00.000689 +- 00.000088)	[00.000135,00.003131]
07_imu_opt              	    730	00.968353	(00.001327 +- 00.000246)	[00.000002,00.003554]
08_publish              	    730	05.614319	(00.007691 +- 00.000907)	[00.000462,00.022598]
step                    	    733	12.651720	(00.017260 +- 00.001968)	[00.003975,00.047284]

INFO  Timings:
SM Timing
-----------
00_conversion_livox     	    735	07.730476	(00.010518 +- 00.000627)	[00.007809,00.020918]
01_filter               	    734	00.194246	(00.000265 +- 00.000029)	[00.000116,00.002236]
02_preint               	    732	00.026864	(00.000037 +- 00.000015)	[00.000024,00.000146]
02a_intensity_preprocess	    734	01.743717	(00.002376 +- 00.000230)	[00.000780,00.006182]
03_undistortion         	    732	00.467817	(00.000639 +- 00.000166)	[00.000126,00.002160]
04_sampling             	    731	00.321648	(00.000440 +- 00.000180)	[00.000063,00.002124]
04b_intensity_sampling  	    731	00.461674	(00.000632 +- 00.000157)	[00.000123,00.001619]
05_registration         	    731	02.292779	(00.003136 +- 00.001308)	[00.000667,00.010404]
06_map                  	    731	00.503641	(00.000689 +- 00.000088)	[00.000135,00.003131]
07_imu_opt              	    731	00.969673	(00.001327 +- 00.000245)	[00.000002,00.003554]
08_publish              	    731	05.626484	(00.007697 +- 00.000831)	[00.000462,00.022598]
step                    	    734	12.677062	(00.017271 +- 00.001808)	[00.003975,00.047284]

INFO  Timings:
SM Timing
-----------
00_conversion_livox     	    736	07.740413	(00.010517 +- 00.000631)	[00.007809,00.020918]
01_filter               	    735	00.194580	(00.000265 +- 00.000029)	[00.000116,00.002236]
02_preint               	    733	00.026901	(00.000037 +- 00.000015)	[00.000024,00.000146]
02a_intensity_preprocess	    735	01.747088	(00.002377 +- 00.000222)	[00.000780,00.006182]
03_undistortion         	    733	00.468562	(00.000639 +- 00.000165)	[00.000126,00.002160]
04_sampling             	    732	00.322376	(00.000440 +- 00.000180)	[00.000063,00.002124]
04b_intensity_sampling  	    732	00.462362	(00.000632 +- 00.000157)	[00.000123,00.001619]
05_registration         	    732	02.297679	(00.003139 +- 00.001304)	[00.000667,00.010404]
06_map                  	    732	00.504525	(00.000689 +- 00.000086)	[00.000135,00.003131]
07_imu_opt              	    732	00.970984	(00.001326 +- 00.000245)	[00.000002,00.003554]
08_publish              	    732	05.638779	(00.007703 +- 00.000799)	[00.000462,00.022598]
step                    	    735	12.702436	(00.017282 +- 00.001742)	[00.003975,00.047284]

INFO  Timings:
SM Timing
-----------
00_conversion_livox     	    737	07.750156	(00.010516 +- 00.000641)	[00.007809,00.020918]
01_filter               	    736	00.194915	(00.000265 +- 00.000028)	[00.000116,00.002236]
02_preint               	    734	00.026934	(00.000037 +- 00.000015)	[00.000024,00.000146]
02a_intensity_preprocess	    736	01.750263	(00.002378 +- 00.000217)	[00.000780,00.006182]
03_undistortion         	    734	00.469437	(00.000640 +- 00.000164)	[00.000126,00.002160]
04_sampling             	    733	00.323114	(00.000441 +- 00.000180)	[00.000063,00.002124]
04b_intensity_sampling  	    733	00.463002	(00.000632 +- 00.000157)	[00.000123,00.001619]
05_registration         	    733	02.301912	(00.003140 +- 00.001300)	[00.000667,00.010404]
06_map                  	    733	00.505493	(00.000690 +- 00.000086)	[00.000135,00.003131]
07_imu_opt              	    733	00.972404	(00.001327 +- 00.000245)	[00.000002,00.003554]
08_publish              	    733	05.650982	(00.007709 +- 00.000788)	[00.000462,00.022598]
step                    	    736	12.727128	(00.017292 +- 00.001702)	[00.003975,00.047284]

INFO  Timings:
SM Timing
-----------
00_conversion_livox     	    738	07.760144	(00.010515 +- 00.000642)	[00.007809,00.020918]
01_filter               	    737	00.195175	(00.000265 +- 00.000029)	[00.000116,00.002236]
02_preint               	    735	00.026977	(00.000037 +- 00.000015)	[00.000024,00.000146]
02a_intensity_preprocess	    737	01.753420	(00.002379 +- 00.000216)	[00.000780,00.006182]
03_undistortion         	    735	00.470308	(00.000640 +- 00.000164)	[00.000126,00.002160]
04_sampling             	    734	00.323837	(00.000441 +- 00.000179)	[00.000063,00.002124]
04b_intensity_sampling  	    734	00.463723	(00.000632 +- 00.000155)	[00.000123,00.001619]
05_registration         	    734	02.307918	(00.003144 +- 00.001310)	[00.000667,00.010404]
06_map                  	    734	00.506642	(00.000690 +- 00.000092)	[00.000135,00.003131]
07_imu_opt              	    734	00.973739	(00.001327 +- 00.000247)	[00.000002,00.003554]
08_publish              	    734	05.663883	(00.007716 +- 00.000812)	[00.000462,00.022598]
step                    	    737	12.754356	(00.017306 +- 00.001747)	[00.003975,00.047284]

INFO  Timings:
SM Timing
-----------
00_conversion_livox     	    739	07.770594	(00.010515 +- 00.000642)	[00.007809,00.020918]
01_filter               	    738	00.195530	(00.000265 +- 00.000029)	[00.000116,00.002236]
02_preint               	    736	00.027022	(00.000037 +- 00.000015)	[00.000024,00.000146]
02a_intensity_preprocess	    738	01.757323	(00.002381 +- 00.000246)	[00.000780,00.006182]
03_undistortion         	    736	00.471307	(00.000640 +- 00.000162)	[00.000126,00.002160]
04_sampling             	    735	00.324486	(00.000441 +- 00.000177)	[00.000063,00.002124]
04b_intensity_sampling  	    735	00.464399	(00.000632 +- 00.000154)	[00.000123,00.001619]
05_registration         	    735	02.312366	(00.003146 +- 00.001266)	[00.000667,00.010404]
06_map                  	    735	00.507739	(00.000691 +- 00.000094)	[00.000135,00.003131]
07_imu_opt              	    735	00.975167	(00.001327 +- 00.000247)	[00.000002,00.003554]
08_publish              	    735	05.677967	(00.007725 +- 00.000898)	[00.000462,00.022598]
step                    	    738	12.782124	(00.017320 +- 00.001787)	[00.003975,00.047284]

INFO  Timings:
SM Timing
-----------
00_conversion_livox     	    740	07.783775	(00.010519 +- 00.000736)	[00.007809,00.020918]
01_filter               	    739	00.195883	(00.000265 +- 00.000029)	[00.000116,00.002236]
02_preint               	    737	00.027076	(00.000037 +- 00.000015)	[00.000024,00.000146]
02a_intensity_preprocess	    739	01.761357	(00.002383 +- 00.000279)	[00.000780,00.006182]
03_undistortion         	    737	00.472145	(00.000641 +- 00.000162)	[00.000126,00.002160]
04_sampling             	    736	00.325383	(00.000442 +- 00.000179)	[00.000063,00.002124]
04b_intensity_sampling  	    736	00.465301	(00.000632 +- 00.000156)	[00.000123,00.001619]
05_registration         	    736	02.318022	(00.003149 +- 00.001269)	[00.000667,00.010404]
06_map                  	    736	00.509019	(00.000692 +- 00.000103)	[00.000135,00.003131]
07_imu_opt              	    736	00.977672	(00.001328 +- 00.000280)	[00.000002,00.003554]
08_publish              	    736	05.694387	(00.007737 +- 00.001139)	[00.000462,00.022598]
step                    	    739	12.815186	(00.017341 +- 00.002154)	[00.003975,00.047284]

INFO  Timings:
SM Timing
-----------
00_conversion_livox     	    741	07.797477	(00.010523 +- 00.000852)	[00.007809,00.020918]
01_filter               	    740	00.196224	(00.000265 +- 00.000029)	[00.000116,00.002236]
02_preint               	    738	00.027130	(00.000037 +- 00.000015)	[00.000024,00.000146]
02a_intensity_preprocess	    740	01.765271	(00.002386 +- 00.000300)	[00.000780,00.006182]
03_undistortion         	    738	00.472975	(00.000641 +- 00.000162)	[00.000126,00.002160]
04_sampling             	    737	00.326189	(00.000443 +- 00.000179)	[00.000063,00.002124]
04b_intensity_sampling  	    737	00.466159	(00.000633 +- 00.000157)	[00.000123,00.001619]
05_registration         	    737	02.323646	(00.003153 +- 00.001275)	[00.000667,00.010404]
06_map                  	    737	00.510426	(00.000693 +- 00.000122)	[00.000135,00.003131]
07_imu_opt              	    737	00.979606	(00.001329 +- 00.000284)	[00.000002,00.003554]
08_publish              	    737	05.709295	(00.007747 +- 00.001232)	[00.000462,00.022598]
step                    	    740	12.845957	(00.017359 +- 00.002315)	[00.003975,00.047284]

INFO  Timings:
SM Timing
-----------
00_conversion_livox     	    742	07.809084	(00.010524 +- 00.000857)	[00.007809,00.020918]
01_filter               	    741	00.196677	(00.000265 +- 00.000034)	[00.000116,00.002236]
02_preint               	    739	00.027180	(00.000037 +- 00.000015)	[00.000024,00.000146]
02a_intensity_preprocess	    741	01.769160	(00.002388 +- 00.000318)	[00.000780,00.006182]
03_undistortion         	    739	00.473966	(00.000641 +- 00.000160)	[00.000126,00.002160]
04_sampling             	    738	00.326844	(00.000443 +- 00.000179)	[00.000063,00.002124]
04b_intensity_sampling  	    738	00.466848	(00.000633 +- 00.000156)	[00.000123,00.001619]
05_registration         	    738	02.328010	(00.003154 +- 00.001275)	[00.000667,00.010404]
06_map                  	    738	00.511396	(00.000693 +- 00.000120)	[00.000135,00.003131]
07_imu_opt              	    738	00.981061	(00.001329 +- 00.000285)	[00.000002,00.003554]
08_publish              	    738	05.722104	(00.007754 +- 00.001244)	[00.000462,00.022598]
step                    	    741	12.872370	(00.017372 +- 00.002326)	[00.003975,00.047284]

INFO  Timings:
SM Timing
-----------
00_conversion_livox     	    743	07.819510	(00.010524 +- 00.000853)	[00.007809,00.020918]
01_filter               	    742	00.196972	(00.000265 +- 00.000034)	[00.000116,00.002236]
02_preint               	    740	00.027230	(00.000037 +- 00.000015)	[00.000024,00.000146]
02a_intensity_preprocess	    742	01.772481	(00.002389 +- 00.000317)	[00.000780,00.006182]
03_undistortion         	    740	00.474904	(00.000642 +- 00.000158)	[00.000126,00.002160]
04_sampling             	    739	00.327606	(00.000443 +- 00.000179)	[00.000063,00.002124]
04b_intensity_sampling  	    739	00.467494	(00.000633 +- 00.000155)	[00.000123,00.001619]
05_registration         	    739	02.331829	(00.003155 +- 00.001270)	[00.000667,00.010404]
06_map                  	    739	00.512824	(00.000694 +- 00.000135)	[00.000135,00.003131]
07_imu_opt              	    739	00.982473	(00.001329 +- 00.000285)	[00.000002,00.003554]
08_publish              	    739	05.734802	(00.007760 +- 00.001242)	[00.000462,00.022598]
step                    	    742	12.897802	(00.017382 +- 00.002327)	[00.003975,00.047284]

INFO  Timings:
SM Timing
-----------
00_conversion_livox     	    744	07.829871	(00.010524 +- 00.000846)	[00.007809,00.020918]
01_filter               	    743	00.197295	(00.000266 +- 00.000034)	[00.000116,00.002236]
02_preint               	    741	00.027277	(00.000037 +- 00.000015)	[00.000024,00.000146]
02a_intensity_preprocess	    743	01.775811	(00.002390 +- 00.000316)	[00.000780,00.006182]
03_undistortion         	    741	00.475925	(00.000642 +- 00.000156)	[00.000126,00.002160]
04_sampling             	    740	00.328518	(00.000444 +- 00.000181)	[00.000063,00.002124]
04b_intensity_sampling  	    740	00.468260	(00.000633 +- 00.000156)	[00.000123,00.001619]
05_registration         	    740	02.336829	(00.003158 +- 00.001237)	[00.000667,00.010404]
06_map                  	    740	00.513926	(00.000694 +- 00.000136)	[00.000135,00.003131]
07_imu_opt              	    740	00.984092	(00.001330 +- 00.000284)	[00.000002,00.003554]
08_publish              	    740	05.747149	(00.007766 +- 00.001222)	[00.000462,00.022598]
step                    	    743	12.924360	(00.017395 +- 00.002339)	[00.003975,00.047284]

INFO  Timings:
SM Timing
-----------
00_conversion_livox     	    745	07.839964	(00.010523 +- 00.000843)	[00.007809,00.020918]
01_filter               	    744	00.197666	(00.000266 +- 00.000035)	[00.000116,00.002236]
02_preint               	    742	00.027321	(00.000037 +- 00.000015)	[00.000024,00.000146]
02a_intensity_preprocess	    744	01.779027	(00.002391 +- 00.000313)	[00.000780,00.006182]
03_undistortion         	    742	00.477008	(00.000643 +- 00.000158)	[00.000126,00.002160]
04_sampling             	    741	00.329171	(00.000444 +- 00.000180)	[00.000063,00.002124]
04b_intensity_sampling  	    741	00.468940	(00.000633 +- 00.000156)	[00.000123,00.001619]
05_registration         	    741	02.342092	(00.003161 +- 00.001238)	[00.000667,00.010404]
06_map                  	    741	00.514883	(00.000695 +- 00.000136)	[00.000135,00.003131]
07_imu_opt              	    741	00.985618	(00.001330 +- 00.000284)	[00.000002,00.003554]
08_publish              	    741	05.759769	(00.007773 +- 00.001200)	[00.000462,00.022598]
step                    	    744	12.950868	(00.017407 +- 00.002333)	[00.003975,00.047284]

INFO  Timings:
SM Timing
-----------
00_conversion_livox     	    746	07.850339	(00.010523 +- 00.000839)	[00.007809,00.020918]
01_filter               	    745	00.197951	(00.000266 +- 00.000035)	[00.000116,00.002236]
02_preint               	    743	00.027367	(00.000037 +- 00.000015)	[00.000024,00.000146]
02a_intensity_preprocess	    745	01.783134	(00.002393 +- 00.000337)	[00.000780,00.006182]
03_undistortion         	    743	00.478013	(00.000643 +- 00.000159)	[00.000126,00.002160]
04_sampling             	    742	00.329823	(00.000445 +- 00.000179)	[00.000063,00.002124]
04b_intensity_sampling  	    742	00.469684	(00.000633 +- 00.000156)	[00.000123,00.001619]
05_registration         	    742	02.346122	(00.003162 +- 00.000937)	[00.000667,00.010404]
06_map                  	    742	00.515994	(00.000695 +- 00.000136)	[00.000135,00.003131]
07_imu_opt              	    742	00.987067	(00.001330 +- 00.000285)	[00.000002,00.003554]
08_publish              	    742	05.772498	(00.007780 +- 00.001192)	[00.000462,00.022598]
step                    	    745	12.977117	(00.017419 +- 00.002280)	[00.003975,00.047284]

INFO  Timings:
SM Timing
-----------
00_conversion_livox     	    747	07.860833	(00.010523 +- 00.000830)	[00.007809,00.020918]
01_filter               	    746	00.198328	(00.000266 +- 00.000036)	[00.000116,00.002236]
02_preint               	    744	00.027416	(00.000037 +- 00.000005)	[00.000024,00.000146]
02a_intensity_preprocess	    746	01.786525	(00.002395 +- 00.000335)	[00.000780,00.006182]
03_undistortion         	    744	00.478945	(00.000644 +- 00.000159)	[00.000126,00.002160]
04_sampling             	    743	00.330420	(00.000445 +- 00.000179)	[00.000063,00.002124]
04b_intensity_sampling  	    743	00.470378	(00.000633 +- 00.000156)	[00.000123,00.001619]
05_registration         	    743	02.351910	(00.003165 +- 00.000951)	[00.000667,00.010404]
06_map                  	    743	00.516868	(00.000696 +- 00.000136)	[00.000135,00.003131]
07_imu_opt              	    743	00.988400	(00.001330 +- 00.000286)	[00.000002,00.003554]
08_publish              	    743	05.784650	(00.007786 +- 00.001183)	[00.000462,00.022598]
step                    	    746	13.003387	(00.017431 +- 00.002282)	[00.003975,00.047284]

INFO  Timings:
SM Timing
-----------
00_conversion_livox     	    748	07.870762	(00.010522 +- 00.000833)	[00.007809,00.020918]
01_filter               	    747	00.198659	(00.000266 +- 00.000036)	[00.000116,00.002236]
02_preint               	    745	00.027465	(00.000037 +- 00.000005)	[00.000024,00.000146]
02a_intensity_preprocess	    747	01.789757	(00.002396 +- 00.000333)	[00.000780,00.006182]
03_undistortion         	    745	00.479896	(00.000644 +- 00.000158)	[00.000126,00.002160]
04_sampling             	    744	00.331137	(00.000445 +- 00.000179)	[00.000063,00.002124]
04b_intensity_sampling  	    744	00.471031	(00.000633 +- 00.000156)	[00.000123,00.001619]
05_registration         	    744	02.356321	(00.003167 +- 00.000945)	[00.000667,00.010404]
06_map                  	    744	00.517847	(00.000696 +- 00.000135)	[00.000135,00.003131]
07_imu_opt              	    744	00.989741	(00.001330 +- 00.000286)	[00.000002,00.003554]
08_publish              	    744	05.796804	(00.007791 +- 00.001157)	[00.000462,00.022598]
step                    	    747	13.028271	(00.017441 +- 00.002239)	[00.003975,00.047284]

INFO  Timings:
SM Timing
-----------
00_conversion_livox     	    749	07.880878	(00.010522 +- 00.000836)	[00.007809,00.020918]
01_filter               	    748	00.199026	(00.000266 +- 00.000036)	[00.000116,00.002236]
02_preint               	    746	00.027509	(00.000037 +- 00.000005)	[00.000024,00.000146]
02a_intensity_preprocess	    748	01.792977	(00.002397 +- 00.000329)	[00.000780,00.006182]
03_undistortion         	    746	00.480819	(00.000645 +- 00.000158)	[00.000126,00.002160]
04_sampling             	    745	00.331782	(00.000445 +- 00.000177)	[00.000063,00.002124]
04b_intensity_sampling  	    745	00.471671	(00.000633 +- 00.000155)	[00.000123,00.001619]
05_registration         	    745	02.360317	(00.003168 +- 00.000949)	[00.000667,00.010404]
06_map                  	    745	00.518927	(00.000697 +- 00.000134)	[00.000135,00.003131]
07_imu_opt              	    745	00.991190	(00.001330 +- 00.000284)	[00.000002,00.003554]
08_publish              	    745	05.809238	(00.007798 +- 00.001132)	[00.000462,00.022598]
step                    	    748	13.053153	(00.017451 +- 00.002216)	[00.003975,00.047284]

INFO  Timings:
SM Timing
-----------
00_conversion_livox     	    750	07.890972	(00.010521 +- 00.000838)	[00.007809,00.020918]
01_filter               	    749	00.199400	(00.000266 +- 00.000037)	[00.000116,00.002236]
02_preint               	    747	00.027553	(00.000037 +- 00.000005)	[00.000024,00.000146]
02a_intensity_preprocess	    749	01.796221	(00.002398 +- 00.000322)	[00.000780,00.006182]
03_undistortion         	    747	00.481783	(00.000645 +- 00.000157)	[00.000126,00.002160]
04_sampling             	    746	00.332436	(00.000446 +- 00.000177)	[00.000063,00.002124]
04b_intensity_sampling  	    746	00.472365	(00.000633 +- 00.000154)	[00.000123,00.001619]
05_registration         	    746	02.364157	(00.003169 +- 00.000951)	[00.000667,00.010404]
06_map                  	    746	00.520099	(00.000697 +- 00.000135)	[00.000135,00.003131]
07_imu_opt              	    746	00.992821	(00.001331 +- 00.000282)	[00.000002,00.003554]
08_publish              	    746	05.821288	(00.007803 +- 00.001099)	[00.000462,00.022598]
step                    	    749	13.077919	(00.017461 +- 00.002189)	[00.003975,00.047284]

INFO  Timings:
SM Timing
-----------
00_conversion_livox     	    751	07.901108	(00.010521 +- 00.000838)	[00.007809,00.020918]
01_filter               	    750	00.199714	(00.000266 +- 00.000035)	[00.000116,00.002236]
02_preint               	    748	00.027596	(00.000037 +- 00.000005)	[00.000024,00.000146]
02a_intensity_preprocess	    750	01.799487	(00.002399 +- 00.000319)	[00.000780,00.006182]
03_undistortion         	    748	00.482834	(00.000646 +- 00.000158)	[00.000126,00.002160]
04_sampling             	    747	00.333012	(00.000446 +- 00.000178)	[00.000063,00.002124]
04b_intensity_sampling  	    747	00.473085	(00.000633 +- 00.000154)	[00.000123,00.001619]
05_registration         	    747	02.368234	(00.003170 +- 00.000936)	[00.000667,00.010404]
06_map                  	    747	00.521021	(00.000697 +- 00.000135)	[00.000135,00.003131]
07_imu_opt              	    747	00.994191	(00.001331 +- 00.000284)	[00.000002,00.003554]
08_publish              	    747	05.833808	(00.007810 +- 00.001078)	[00.000462,00.022598]
step                    	    750	13.102862	(00.017470 +- 00.002127)	[00.003975,00.047284]

INFO  Timings:
SM Timing
-----------
00_conversion_livox     	    752	07.911403	(00.010520 +- 00.000839)	[00.007809,00.020918]
01_filter               	    751	00.200109	(00.000266 +- 00.000036)	[00.000116,00.002236]
02_preint               	    749	00.027644	(00.000037 +- 00.000005)	[00.000024,00.000146]
02a_intensity_preprocess	    751	01.802808	(00.002401 +- 00.000319)	[00.000780,00.006182]
03_undistortion         	    749	00.483775	(00.000646 +- 00.000158)	[00.000126,00.002160]
04_sampling             	    748	00.333631	(00.000446 +- 00.000177)	[00.000063,00.002124]
04b_intensity_sampling  	    748	00.473776	(00.000633 +- 00.000154)	[00.000123,00.001619]
05_registration         	    748	02.372253	(00.003171 +- 00.000938)	[00.000667,00.010404]
06_map                  	    748	00.522013	(00.000698 +- 00.000133)	[00.000135,00.003131]
07_imu_opt              	    748	00.995586	(00.001331 +- 00.000284)	[00.000002,00.003554]
08_publish              	    748	05.845728	(00.007815 +- 00.001046)	[00.000462,00.022598]
step                    	    751	13.127268	(00.017480 +- 00.002104)	[00.003975,00.047284]

INFO  Timings:
SM Timing
-----------
00_conversion_livox     	    753	07.921367	(00.010520 +- 00.000843)	[00.007809,00.020918]
01_filter               	    752	00.200425	(00.000267 +- 00.000036)	[00.000116,00.002236]
02_preint               	    750	00.027686	(00.000037 +- 00.000005)	[00.000024,00.000146]
02a_intensity_preprocess	    752	01.805953	(00.002402 +- 00.000311)	[00.000780,00.006182]
03_undistortion         	    750	00.484798	(00.000646 +- 00.000157)	[00.000126,00.002160]
04_sampling             	    749	00.334283	(00.000446 +- 00.000176)	[00.000063,00.002124]
04b_intensity_sampling  	    749	00.474534	(00.000634 +- 00.000154)	[00.000123,00.001619]
05_registration         	    749	02.376464	(00.003173 +- 00.000937)	[00.000667,00.010404]
06_map                  	    749	00.523109	(00.000698 +- 00.000130)	[00.000135,00.003131]
07_imu_opt              	    749	00.997048	(00.001331 +- 00.000265)	[00.000002,00.003554]
08_publish              	    749	05.857668	(00.007821 +- 00.001011)	[00.000462,00.022598]
step                    	    752	13.152008	(00.017489 +- 00.002090)	[00.003975,00.047284]

INFO  Timings:
SM Timing
-----------
00_conversion_livox     	    754	07.931242	(00.010519 +- 00.000847)	[00.007809,00.020918]
01_filter               	    753	00.200802	(00.000267 +- 00.000036)	[00.000116,00.002236]
02_preint               	    751	00.027731	(00.000037 +- 00.000005)	[00.000024,00.000146]
02a_intensity_preprocess	    753	01.809110	(00.002403 +- 00.000305)	[00.000780,00.006182]
03_undistortion         	    751	00.485801	(00.000647 +- 00.000157)	[00.000126,00.002160]
04_sampling             	    750	00.334911	(00.000447 +- 00.000175)	[00.000063,00.002124]
04b_intensity_sampling  	    750	00.475231	(00.000634 +- 00.000152)	[00.000123,00.001619]
05_registration         	    750	02.382021	(00.003176 +- 00.000947)	[00.000667,00.010404]
06_map                  	    750	00.524174	(00.000699 +- 00.000130)	[00.000135,00.003131]
07_imu_opt              	    750	00.998475	(00.001331 +- 00.000249)	[00.000002,00.003554]
08_publish              	    750	05.870303	(00.007827 +- 00.000995)	[00.000462,00.022598]
step                    	    753	13.178681	(00.017502 +- 00.002088)	[00.003975,00.047284]

INFO  Timings:
SM Timing
-----------
00_conversion_livox     	    755	07.941409	(00.010518 +- 00.000842)	[00.007809,00.020918]
01_filter               	    754	00.201105	(00.000267 +- 00.000036)	[00.000116,00.002236]
02_preint               	    752	00.027777	(00.000037 +- 00.000005)	[00.000024,00.000146]
02a_intensity_preprocess	    754	01.812272	(00.002404 +- 00.000303)	[00.000780,00.006182]
03_undistortion         	    752	00.486751	(00.000647 +- 00.000154)	[00.000126,00.002160]
04_sampling             	    751	00.335603	(00.000447 +- 00.000175)	[00.000063,00.002124]
04b_intensity_sampling  	    751	00.476087	(00.000634 +- 00.000153)	[00.000123,00.001619]
05_registration         	    751	02.386779	(00.003178 +- 00.000941)	[00.000667,00.010404]
06_map                  	    751	00.525213	(00.000699 +- 00.000129)	[00.000135,00.003131]
07_imu_opt              	    751	00.999864	(00.001331 +- 00.000250)	[00.000002,00.003554]
08_publish              	    751	05.882601	(00.007833 +- 00.000974)	[00.000462,00.022598]
step                    	    754	13.204283	(00.017512 +- 00.002045)	[00.003975,00.047284]

INFO  Timings:
SM Timing
-----------
00_conversion_livox     	    756	07.951584	(00.010518 +- 00.000844)	[00.007809,00.020918]
01_filter               	    755	00.201444	(00.000267 +- 00.000035)	[00.000116,00.002236]
02_preint               	    753	00.027822	(00.000037 +- 00.000005)	[00.000024,00.000146]
02a_intensity_preprocess	    755	01.815573	(00.002405 +- 00.000301)	[00.000780,00.006182]
03_undistortion         	    753	00.487670	(00.000648 +- 00.000153)	[00.000126,00.002160]
04_sampling             	    752	00.336359	(00.000447 +- 00.000174)	[00.000063,00.002124]
04b_intensity_sampling  	    752	00.476967	(00.000634 +- 00.000153)	[00.000123,00.001619]
05_registration         	    752	02.391549	(00.003180 +- 00.000925)	[00.000667,00.010404]
06_map                  	    752	00.526314	(00.000700 +- 00.000130)	[00.000135,00.003131]
07_imu_opt              	    752	01.001506	(00.001332 +- 00.000250)	[00.000002,00.003554]
08_publish              	    752	05.895347	(00.007840 +- 00.000963)	[00.000462,00.022598]
step                    	    755	13.230869	(00.017524 +- 00.002009)	[00.003975,00.047284]

INFO  Timings:
SM Timing
-----------
00_conversion_livox     	    757	07.962013	(00.010518 +- 00.000843)	[00.007809,00.020918]
01_filter               	    756	00.201825	(00.000267 +- 00.000035)	[00.000116,00.002236]
02_preint               	    754	00.027866	(00.000037 +- 00.000005)	[00.000024,00.000146]
02a_intensity_preprocess	    756	01.818907	(00.002406 +- 00.000300)	[00.000780,00.006182]
03_undistortion         	    754	00.488556	(00.000648 +- 00.000152)	[00.000126,00.002160]
04_sampling             	    753	00.336936	(00.000447 +- 00.000174)	[00.000063,00.002124]
04b_intensity_sampling  	    753	00.477640	(00.000634 +- 00.000152)	[00.000123,00.001619]
05_registration         	    753	02.395288	(00.003181 +- 00.000921)	[00.000667,00.010404]
06_map                  	    753	00.527393	(00.000700 +- 00.000129)	[00.000135,00.003131]
07_imu_opt              	    753	01.002906	(00.001332 +- 00.000250)	[00.000002,00.003554]
08_publish              	    753	05.907626	(00.007845 +- 00.000951)	[00.000462,00.022598]
step                    	    756	13.255356	(00.017534 +- 00.001965)	[00.003975,00.047284]

INFO  Timings:
SM Timing
-----------
00_conversion_livox     	    758	07.971980	(00.010517 +- 00.000841)	[00.007809,00.020918]
01_filter               	    757	00.202198	(00.000267 +- 00.000035)	[00.000116,00.002236]
02_preint               	    755	00.027906	(00.000037 +- 00.000005)	[00.000024,00.000146]
02a_intensity_preprocess	    757	01.822096	(00.002407 +- 00.000297)	[00.000780,00.006182]
03_undistortion         	    755	00.489556	(00.000648 +- 00.000152)	[00.000126,00.002160]
04_sampling             	    754	00.337789	(00.000448 +- 00.000175)	[00.000063,00.002124]
04b_intensity_sampling  	    754	00.478377	(00.000634 +- 00.000152)	[00.000123,00.001619]
05_registration         	    754	02.399278	(00.003182 +- 00.000919)	[00.000667,00.010404]
06_map                  	    754	00.528371	(00.000701 +- 00.000128)	[00.000135,00.003131]
07_imu_opt              	    754	01.004289	(00.001332 +- 00.000249)	[00.000002,00.003554]
08_publish              	    754	05.919627	(00.007851 +- 00.000941)	[00.000462,00.022598]
step                    	    757	13.279960	(00.017543 +- 00.001948)	[00.003975,00.047284]

INFO  Timings:
SM Timing
-----------
00_conversion_livox     	    759	07.981888	(00.010516 +- 00.000845)	[00.007809,00.020918]
01_filter               	    758	00.202524	(00.000267 +- 00.000035)	[00.000116,00.002236]
02_preint               	    756	00.027949	(00.000037 +- 00.000004)	[00.000024,00.000146]
02a_intensity_preprocess	    758	01.825306	(00.002408 +- 00.000295)	[00.000780,00.006182]
03_undistortion         	    756	00.490346	(00.000649 +- 00.000149)	[00.000126,00.002160]
04_sampling             	    755	00.338440	(00.000448 +- 00.000175)	[00.000063,00.002124]
04b_intensity_sampling  	    755	00.479327	(00.000635 +- 00.000155)	[00.000123,00.001619]
05_registration         	    755	02.404436	(00.003185 +- 00.000918)	[00.000667,00.010404]
06_map                  	    755	00.529365	(00.000701 +- 00.000126)	[00.000135,00.003131]
07_imu_opt              	    755	01.005716	(00.001332 +- 00.000249)	[00.000002,00.003554]
08_publish              	    755	05.931888	(00.007857 +- 00.000937)	[00.000462,00.022598]
step                    	    758	13.305851	(00.017554 +- 00.001925)	[00.003975,00.047284]

INFO  Timings:
SM Timing
-----------
00_conversion_livox     	    760	07.992050	(00.010516 +- 00.000845)	[00.007809,00.020918]
01_filter               	    759	00.202858	(00.000267 +- 00.000033)	[00.000116,00.002236]
02_preint               	    757	00.027992	(00.000037 +- 00.000004)	[00.000024,00.000146]
02a_intensity_preprocess	    759	01.828502	(00.002409 +- 00.000292)	[00.000780,00.006182]
03_undistortion         	    757	00.491166	(00.000649 +- 00.000150)	[00.000126,00.002160]
04_sampling             	    756	00.339063	(00.000448 +- 00.000174)	[00.000063,00.002124]
04b_intensity_sampling  	    756	00.480030	(00.000635 +- 00.000153)	[00.000123,00.001619]
05_registration         	    756	02.408057	(00.003185 +- 00.000912)	[00.000667,00.010404]
06_map                  	    756	00.530481	(00.000702 +- 00.000125)	[00.000135,00.003131]
07_imu_opt              	    756	01.007569	(00.001333 +- 00.000253)	[00.000002,00.003554]
08_publish              	    756	05.944115	(00.007863 +- 00.000903)	[00.000462,00.022598]
step                    	    759	13.330490	(00.017563 +- 00.001853)	[00.003975,00.047284]

INFO  Timings:
SM Timing
-----------
00_conversion_livox     	    761	08.002166	(00.010515 +- 00.000843)	[00.007809,00.020918]
01_filter               	    760	00.203207	(00.000267 +- 00.000033)	[00.000116,00.002236]
02_preint               	    758	00.028037	(00.000037 +- 00.000004)	[00.000024,00.000146]
02a_intensity_preprocess	    760	01.831786	(00.002410 +- 00.000287)	[00.000780,00.006182]
03_undistortion         	    758	00.491969	(00.000649 +- 00.000150)	[00.000126,00.002160]
04_sampling             	    757	00.339667	(00.000449 +- 00.000174)	[00.000063,00.002124]
04b_intensity_sampling  	    757	00.480740	(00.000635 +- 00.000087)	[00.000123,00.001619]
05_registration         	    757	02.413262	(00.003188 +- 00.000915)	[00.000667,00.010404]
06_map                  	    757	00.531744	(00.000702 +- 00.000130)	[00.000135,00.003131]
07_imu_opt              	    757	01.009491	(00.001334 +- 00.000251)	[00.000002,00.003554]
08_publish              	    757	05.956601	(00.007869 +- 00.000903)	[00.000462,00.022598]
step                    	    760	13.357247	(00.017575 +- 00.001858)	[00.003975,00.047284]

INFO  Timings:
SM Timing
-----------
00_conversion_livox     	    762	08.012468	(00.010515 +- 00.000819)	[00.007809,00.020918]
01_filter               	    761	00.203540	(00.000267 +- 00.000033)	[00.000116,00.002236]
02_preint               	    759	00.028081	(00.000037 +- 00.000004)	[00.000024,00.000146]
02a_intensity_preprocess	    761	01.835113	(00.002411 +- 00.000263)	[00.000780,00.006182]
03_undistortion         	    759	00.492806	(00.000649 +- 00.000150)	[00.000126,00.002160]
04_sampling             	    758	00.340251	(00.000449 +- 00.000175)	[00.000063,00.002124]
04b_intensity_sampling  	    758	00.481400	(00.000635 +- 00.000087)	[00.000123,00.001619]
05_registration         	    758	02.417517	(00.003189 +- 00.000896)	[00.000667,00.010404]
06_map                  	    758	00.532789	(00.000703 +- 00.000128)	[00.000135,00.003131]
07_imu_opt              	    758	01.010994	(00.001334 +- 00.000238)	[00.000002,00.003554]
08_publish              	    758	05.968867	(00.007874 +- 00.000902)	[00.000462,00.022598]
step                    	    761	13.382181	(00.017585 +- 00.001861)	[00.003975,00.047284]

INFO  Timings:
SM Timing
-----------
00_conversion_livox     	    763	08.022592	(00.010515 +- 00.000820)	[00.007809,00.020918]
01_filter               	    762	00.203887	(00.000268 +- 00.000033)	[00.000116,00.002236]
02_preint               	    760	00.028131	(00.000037 +- 00.000004)	[00.000024,00.000146]
02a_intensity_preprocess	    762	01.838464	(00.002413 +- 00.000256)	[00.000780,00.006182]
03_undistortion         	    760	00.493775	(00.000650 +- 00.000150)	[00.000126,00.002160]
04_sampling             	    759	00.340952	(00.000449 +- 00.000175)	[00.000063,00.002124]
04b_intensity_sampling  	    759	00.482148	(00.000635 +- 00.000083)	[00.000123,00.001619]
05_registration         	    759	02.421828	(00.003191 +- 00.000897)	[00.000667,00.010404]
06_map                  	    759	00.533876	(00.000703 +- 00.000126)	[00.000135,00.003131]
07_imu_opt              	    759	01.012599	(00.001334 +- 00.000222)	[00.000002,00.003554]
08_publish              	    759	05.981596	(00.007881 +- 00.000872)	[00.000462,00.022598]
step                    	    762	13.408139	(00.017596 +- 00.001836)	[00.003975,00.047284]

INFO  Timings:
SM Timing
-----------
00_conversion_livox     	    764	08.033223	(00.010515 +- 00.000820)	[00.007809,00.020918]
01_filter               	    763	00.204227	(00.000268 +- 00.000033)	[00.000116,00.002236]
02_preint               	    761	00.028173	(00.000037 +- 00.000004)	[00.000024,00.000146]
02a_intensity_preprocess	    763	01.841890	(00.002414 +- 00.000252)	[00.000780,00.006182]
03_undistortion         	    761	00.494679	(00.000650 +- 00.000150)	[00.000126,00.002160]
04_sampling             	    760	00.341697	(00.000450 +- 00.000175)	[00.000063,00.002124]
04b_intensity_sampling  	    760	00.482943	(00.000635 +- 00.000083)	[00.000123,00.001619]
05_registration         	    760	02.427559	(00.003194 +- 00.000905)	[00.000667,00.010404]
06_map                  	    760	00.535042	(00.000704 +- 00.000126)	[00.000135,00.003131]
07_imu_opt              	    760	01.014251	(00.001335 +- 00.000223)	[00.000002,00.003554]
08_publish              	    760	05.994664	(00.007888 +- 00.000856)	[00.000462,00.022598]
step                    	    763	13.436102	(00.017610 +- 00.001827)	[00.003975,00.047284]

INFO  Timings:
SM Timing
-----------
00_conversion_livox     	    765	08.043415	(00.010514 +- 00.000821)	[00.007809,00.020918]
01_filter               	    764	00.204565	(00.000268 +- 00.000033)	[00.000116,00.002236]
02_preint               	    762	00.028211	(00.000037 +- 00.000004)	[00.000024,00.000146]
02a_intensity_preprocess	    764	01.845201	(00.002415 +- 00.000248)	[00.000780,00.006182]
03_undistortion         	    762	00.495698	(00.000651 +- 00.000150)	[00.000126,00.002160]
04_sampling             	    761	00.342539	(00.000450 +- 00.000176)	[00.000063,00.002124]
04b_intensity_sampling  	    761	00.483662	(00.000636 +- 00.000083)	[00.000123,00.001619]
05_registration         	    761	02.433448	(00.003198 +- 00.000910)	[00.000667,00.010404]
06_map                  	    761	00.535977	(00.000704 +- 00.000127)	[00.000135,00.003131]
07_imu_opt              	    761	01.015838	(00.001335 +- 00.000223)	[00.000002,00.003554]
08_publish              	    761	06.007405	(00.007894 +- 00.000830)	[00.000462,00.022598]
step                    	    764	13.463625	(00.017623 +- 00.001797)	[00.003975,00.047284]

INFO  Timings:
SM Timing
-----------
00_conversion_livox     	    766	08.053787	(00.010514 +- 00.000819)	[00.007809,00.020918]
01_filter               	    765	00.204896	(00.000268 +- 00.000033)	[00.000116,00.002236]
02_preint               	    763	00.028258	(00.000037 +- 00.000004)	[00.000024,00.000146]
02a_intensity_preprocess	    765	01.848491	(00.002416 +- 00.000245)	[00.000780,00.006182]
03_undistortion         	    763	00.496462	(00.000651 +- 00.000146)	[00.000126,00.002160]
04_sampling             	    762	00.343128	(00.000450 +- 00.000177)	[00.000063,00.002124]
04b_intensity_sampling  	    762	00.484324	(00.000636 +- 00.000082)	[00.000123,00.001619]
05_registration         	    762	02.438017	(00.003199 +- 00.000887)	[00.000667,00.010404]
06_map                  	    762	00.537114	(00.000705 +- 00.000127)	[00.000135,00.003131]
07_imu_opt              	    762	01.017639	(00.001335 +- 00.000225)	[00.000002,00.003554]
08_publish              	    762	06.020322	(00.007901 +- 00.000818)	[00.000462,00.022598]
step                    	    765	13.489826	(00.017634 +- 00.001749)	[00.003975,00.047284]

INFO  Timings:
SM Timing
-----------
00_conversion_livox     	    767	08.064218	(00.010514 +- 00.000819)	[00.007809,00.020918]
01_filter               	    766	00.205251	(00.000268 +- 00.000032)	[00.000116,00.002236]
02_preint               	    764	00.028297	(00.000037 +- 00.000004)	[00.000024,00.000146]
02a_intensity_preprocess	    766	01.851648	(00.002417 +- 00.000244)	[00.000780,00.006182]
03_undistortion         	    764	00.497266	(00.000651 +- 00.000145)	[00.000126,00.002160]
04_sampling             	    763	00.343713	(00.000450 +- 00.000177)	[00.000063,00.002124]
04b_intensity_sampling  	    763	00.484989	(00.000636 +- 00.000081)	[00.000123,00.001619]
05_registration         	    763	02.441406	(00.003200 +- 00.000908)	[00.000667,00.010404]
06_map                  	    763	00.538307	(00.000706 +- 00.000129)	[00.000135,00.003131]
07_imu_opt              	    763	01.019189	(00.001336 +- 00.000224)	[00.000002,00.003554]
08_publish              	    763	06.032349	(00.007906 +- 00.000807)	[00.000462,00.022598]
step                    	    766	13.513673	(00.017642 +- 00.001760)	[00.003975,00.047284]

INFO  Timings:
SM Timing
-----------
00_conversion_livox     	    768	08.074147	(00.010513 +- 00.000822)	[00.007809,00.020918]
01_filter               	    767	00.205556	(00.000268 +- 00.000032)	[00.000116,00.002236]
02_preint               	    765	00.028341	(00.000037 +- 00.000004)	[00.000024,00.000146]
02a_intensity_preprocess	    767	01.854801	(00.002418 +- 00.000240)	[00.000780,00.006182]
03_undistortion         	    765	00.498042	(00.000651 +- 00.000146)	[00.000126,00.002160]
04_sampling             	    764	00.344398	(00.000451 +- 00.000177)	[00.000063,00.002124]
04b_intensity_sampling  	    764	00.485731	(00.000636 +- 00.000080)	[00.000123,00.001619]
05_registration         	    764	02.447578	(00.003204 +- 00.000876)	[00.000667,00.010404]
06_map                  	    764	00.539374	(00.000706 +- 00.000128)	[00.000135,00.003131]
07_imu_opt              	    764	01.020679	(00.001336 +- 00.000222)	[00.000002,00.003554]
08_publish              	    764	06.045050	(00.007912 +- 00.000799)	[00.000462,00.022598]
step                    	    767	13.540875	(00.017654 +- 00.001765)	[00.003975,00.047284]

INFO  Timings:
SM Timing
-----------
00_conversion_livox     	    769	08.084641	(00.010513 +- 00.000822)	[00.007809,00.020918]
01_filter               	    768	00.205907	(00.000268 +- 00.000032)	[00.000116,00.002236]
02_preint               	    766	00.028386	(00.000037 +- 00.000004)	[00.000024,00.000146]
02a_intensity_preprocess	    768	01.858118	(00.002419 +- 00.000239)	[00.000780,00.006182]
03_undistortion         	    766	00.498941	(00.000651 +- 00.000146)	[00.000126,00.002160]
04_sampling             	    765	00.345148	(00.000451 +- 00.000177)	[00.000063,00.002124]
04b_intensity_sampling  	    765	00.486532	(00.000636 +- 00.000080)	[00.000123,00.001619]
05_registration         	    765	02.451083	(00.003204 +- 00.000877)	[00.000667,00.010404]
06_map                  	    765	00.540447	(00.000706 +- 00.000127)	[00.000135,00.003131]
07_imu_opt              	    765	01.022299	(00.001336 +- 00.000221)	[00.000002,00.003554]
08_publish              	    765	06.056952	(00.007918 +- 00.000794)	[00.000462,00.022598]
step                    	    768	13.565233	(00.017663 +- 00.001740)	[00.003975,00.047284]

INFO  Timings:
SM Timing
-----------
00_conversion_livox     	    770	08.094513	(00.010512 +- 00.000824)	[00.007809,00.020918]
01_filter               	    769	00.206240	(00.000268 +- 00.000031)	[00.000116,00.002236]
02_preint               	    767	00.028425	(00.000037 +- 00.000004)	[00.000024,00.000146]
02a_intensity_preprocess	    769	01.861362	(00.002420 +- 00.000234)	[00.000780,00.006182]
03_undistortion         	    767	00.499793	(00.000652 +- 00.000146)	[00.000126,00.002160]
04_sampling             	    766	00.345839	(00.000451 +- 00.000177)	[00.000063,00.002124]
04b_intensity_sampling  	    766	00.487280	(00.000636 +- 00.000075)	[00.000123,00.001619]
05_registration         	    766	02.456235	(00.003207 +- 00.000818)	[00.000667,00.010404]
06_map                  	    766	00.541441	(00.000707 +- 00.000127)	[00.000135,00.003131]
07_imu_opt              	    766	01.023936	(00.001337 +- 00.000221)	[00.000002,00.003554]
08_publish              	    766	06.069535	(00.007924 +- 00.000794)	[00.000462,00.022598]
step                    	    769	13.591633	(00.017674 +- 00.001724)	[00.003975,00.047284]

INFO  Timings:
SM Timing
-----------
00_conversion_livox     	    771	08.104890	(00.010512 +- 00.000823)	[00.007809,00.020918]
01_filter               	    770	00.206612	(00.000268 +- 00.000031)	[00.000116,00.002236]
02_preint               	    768	00.028473	(00.000037 +- 00.000004)	[00.000024,00.000146]
02a_intensity_preprocess	    770	01.864710	(00.002422 +- 00.000234)	[00.000780,00.006182]
03_undistortion         	    768	00.500768	(00.000652 +- 00.000145)	[00.000126,00.002160]
04_sampling             	    767	00.346520	(00.000452 +- 00.000177)	[00.000063,00.002124]
04b_intensity_sampling  	    767	00.488047	(00.000636 +- 00.000075)	[00.000123,00.001619]
05_registration         	    767	02.460585	(00.003208 +- 00.000805)	[00.000667,00.010404]
06_map                  	    767	00.542668	(00.000708 +- 00.000129)	[00.000135,00.003131]
07_imu_opt              	    767	01.025438	(00.001337 +- 00.000221)	[00.000002,00.003554]
08_publish              	    767	06.082125	(00.007930 +- 00.000793)	[00.000462,00.022598]
step                    	    770	13.617587	(00.017685 +- 00.001721)	[00.003975,00.047284]

INFO  Timings:
SM Timing
-----------
00_conversion_livox     	    772	08.115096	(00.010512 +- 00.000821)	[00.007809,00.020918]
01_filter               	    771	00.207032	(00.000269 +- 00.000033)	[00.000116,00.002236]
02_preint               	    769	00.028514	(00.000037 +- 00.000004)	[00.000024,00.000146]
02a_intensity_preprocess	    771	01.867923	(00.002423 +- 00.000234)	[00.000780,00.006182]
03_undistortion         	    769	00.501762	(00.000652 +- 00.000086)	[00.000126,00.002160]
04_sampling             	    768	00.347242	(00.000452 +- 00.000177)	[00.000063,00.002124]
04b_intensity_sampling  	    768	00.488784	(00.000636 +- 00.000074)	[00.000123,00.001619]
05_registration         	    768	02.464912	(00.003210 +- 00.000796)	[00.000667,00.010404]
06_map                  	    768	00.543736	(00.000708 +- 00.000129)	[00.000135,00.003131]
07_imu_opt              	    768	01.027297	(00.001338 +- 00.000225)	[00.000002,00.003554]
08_publish              	    768	06.094333	(00.007935 +- 00.000786)	[00.000462,00.022598]
step                    	    771	13.643261	(00.017696 +- 00.001716)	[00.003975,00.047284]

INFO  Timings:
SM Timing
-----------
00_conversion_livox     	    773	08.125327	(00.010511 +- 00.000820)	[00.007809,00.020918]
01_filter               	    772	00.207373	(00.000269 +- 00.000033)	[00.000116,00.002236]
02_preint               	    770	00.028558	(00.000037 +- 00.000004)	[00.000024,00.000146]
02a_intensity_preprocess	    772	01.871296	(00.002424 +- 00.000234)	[00.000780,00.006182]
03_undistortion         	    770	00.502644	(00.000653 +- 00.000086)	[00.000126,00.002160]
04_sampling             	    769	00.348009	(00.000453 +- 00.000177)	[00.000063,00.002124]
04b_intensity_sampling  	    769	00.489531	(00.000637 +- 00.000074)	[00.000123,00.001619]
05_registration         	    769	02.470616	(00.003213 +- 00.000808)	[00.000667,00.010404]
06_map                  	    769	00.544899	(00.000709 +- 00.000130)	[00.000135,00.003131]
07_imu_opt              	    769	01.029381	(00.001339 +- 00.000236)	[00.000002,00.003554]
08_publish              	    769	06.107485	(00.007942 +- 00.000790)	[00.000462,00.022598]
step                    	    772	13.671583	(00.017709 +- 00.001744)	[00.003975,00.047284]

INFO  Timings:
SM Timing
-----------
00_conversion_livox     	    774	08.135845	(00.010511 +- 00.000700)	[00.007809,00.020918]
01_filter               	    773	00.207746	(00.000269 +- 00.000033)	[00.000116,00.002236]
02_preint               	    771	00.028600	(00.000037 +- 00.000004)	[00.000024,00.000146]
02a_intensity_preprocess	    773	01.874685	(00.002425 +- 00.000233)	[00.000780,00.006182]
03_undistortion         	    771	00.503550	(00.000653 +- 00.000085)	[00.000126,00.002160]
04_sampling             	    770	00.348617	(00.000453 +- 00.000178)	[00.000063,00.002124]
04b_intensity_sampling  	    770	00.490293	(00.000637 +- 00.000074)	[00.000123,00.001619]
05_registration         	    770	02.474635	(00.003214 +- 00.000814)	[00.000667,00.010404]
06_map                  	    770	00.545899	(00.000709 +- 00.000128)	[00.000135,00.003131]
07_imu_opt              	    770	01.030881	(00.001339 +- 00.000235)	[00.000002,00.003554]
08_publish              	    770	06.119674	(00.007948 +- 00.000784)	[00.000462,00.022598]
step                    	    773	13.696454	(00.017719 +- 00.001740)	[00.003975,00.047284]

INFO  Timings:
SM Timing
-----------
00_conversion_livox     	    775	08.146065	(00.010511 +- 00.000699)	[00.007809,00.020918]
01_filter               	    774	00.208151	(00.000269 +- 00.000034)	[00.000116,00.002236]
02_preint               	    772	00.028642	(00.000037 +- 00.000004)	[00.000024,00.000146]
02a_intensity_preprocess	    774	01.877878	(00.002426 +- 00.000232)	[00.000780,00.006182]
03_undistortion         	    772	00.504384	(00.000653 +- 00.000085)	[00.000126,00.002160]
04_sampling             	    771	00.349336	(00.000453 +- 00.000177)	[00.000063,00.002124]
04b_intensity_sampling  	    771	00.490993	(00.000637 +- 00.000074)	[00.000123,00.001619]
05_registration         	    771	02.478307	(00.003214 +- 00.000798)	[00.000667,00.010404]
06_map                  	    771	00.546896	(00.000709 +- 00.000127)	[00.000135,00.003131]
07_imu_opt              	    771	01.032422	(00.001339 +- 00.000234)	[00.000002,00.003554]
08_publish              	    771	06.132022	(00.007953 +- 00.000780)	[00.000462,00.022598]
step                    	    774	13.721011	(00.017727 +- 00.001749)	[00.003975,00.047284]

INFO  Timings:
SM Timing
-----------
00_conversion_livox     	    776	08.156136	(00.010510 +- 00.000700)	[00.007809,00.020918]
01_filter               	    775	00.208494	(00.000269 +- 00.000034)	[00.000116,00.002236]
02_preint               	    773	00.028688	(00.000037 +- 00.000004)	[00.000024,00.000146]
02a_intensity_preprocess	    775	01.881195	(00.002427 +- 00.000231)	[00.000780,00.006182]
03_undistortion         	    773	00.505305	(00.000654 +- 00.000083)	[00.000126,00.002160]
04_sampling             	    772	00.349964	(00.000453 +- 00.000178)	[00.000063,00.002124]
04b_intensity_sampling  	    772	00.491721	(00.000637 +- 00.000073)	[00.000123,00.001619]
05_registration         	    772	02.482224	(00.003215 +- 00.000804)	[00.000667,00.010404]
06_map                  	    772	00.547904	(00.000710 +- 00.000123)	[00.000135,00.003131]
07_imu_opt              	    772	01.033769	(00.001339 +- 00.000235)	[00.000002,00.003554]
08_publish              	    772	06.144438	(00.007959 +- 00.000778)	[00.000462,00.022598]
step                    	    775	13.745777	(00.017736 +- 00.001745)	[00.003975,00.047284]

INFO  Timings:
SM Timing
-----------
00_conversion_livox     	    777	08.166052	(00.010510 +- 00.000701)	[00.007809,00.020918]
01_filter               	    776	00.208817	(00.000269 +- 00.000034)	[00.000116,00.002236]
02_preint               	    774	00.028732	(00.000037 +- 00.000004)	[00.000024,00.000146]
02a_intensity_preprocess	    776	01.884378	(00.002428 +- 00.000230)	[00.000780,00.006182]
03_undistortion         	    774	00.506172	(00.000654 +- 00.000083)	[00.000126,00.002160]
04_sampling             	    773	00.350625	(00.000454 +- 00.000178)	[00.000063,00.002124]
04b_intensity_sampling  	    773	00.492429	(00.000637 +- 00.000073)	[00.000123,00.001619]
05_registration         	    773	02.486687	(00.003217 +- 00.000793)	[00.000667,00.010404]
06_map                  	    773	00.548939	(00.000710 +- 00.000120)	[00.000135,00.003131]
07_imu_opt              	    773	01.035093	(00.001339 +- 00.000236)	[00.000002,00.003554]
08_publish              	    773	06.156899	(00.007965 +- 00.000767)	[00.000462,00.022598]
step                    	    776	13.770930	(00.017746 +- 00.001710)	[00.003975,00.047284]

INFO  Timings:
SM Timing
-----------
00_conversion_livox     	    778	08.176385	(00.010509 +- 00.000700)	[00.007809,00.020918]
01_filter               	    777	00.209139	(00.000269 +- 00.000034)	[00.000116,00.002236]
02_preint               	    775	00.028775	(00.000037 +- 00.000004)	[00.000024,00.000146]
02a_intensity_preprocess	    777	01.887717	(00.002429 +- 00.000228)	[00.000780,00.006182]
03_undistortion         	    775	00.506973	(00.000654 +- 00.000084)	[00.000126,00.002160]
04_sampling             	    774	00.351323	(00.000454 +- 00.000081)	[00.000063,00.002124]
04b_intensity_sampling  	    774	00.493116	(00.000637 +- 00.000072)	[00.000123,00.001619]
05_registration         	    774	02.491200	(00.003219 +- 00.000733)	[00.000667,00.010404]
06_map                  	    774	00.550028	(00.000711 +- 00.000120)	[00.000135,00.003131]
07_imu_opt              	    774	01.036712	(00.001339 +- 00.000232)	[00.000002,00.003554]
08_publish              	    774	06.170024	(00.007972 +- 00.000770)	[00.000462,00.022598]
step                    	    777	13.797232	(00.017757 +- 00.001657)	[00.003975,00.047284]

INFO  Timings:
SM Timing
-----------
00_conversion_livox     	    779	08.186922	(00.010510 +- 00.000700)	[00.007809,00.020918]
01_filter               	    778	00.209502	(00.000269 +- 00.000034)	[00.000116,00.002236]
02_preint               	    776	00.028821	(00.000037 +- 00.000004)	[00.000024,00.000146]
02a_intensity_preprocess	    778	01.891080	(00.002431 +- 00.000228)	[00.000780,00.006182]
03_undistortion         	    776	00.507903	(00.000655 +- 00.000084)	[00.000126,00.002160]
04_sampling             	    775	00.351932	(00.000454 +- 00.000082)	[00.000063,00.002124]
04b_intensity_sampling  	    775	00.493790	(00.000637 +- 00.000072)	[00.000123,00.001619]
05_registration         	    775	02.496328	(00.003221 +- 00.000737)	[00.000667,00.010404]
06_map                  	    775	00.551016	(00.000711 +- 00.000121)	[00.000135,00.003131]
07_imu_opt              	    775	01.038076	(00.001339 +- 00.000233)	[00.000002,00.003554]
08_publish              	    775	06.182226	(00.007977 +- 00.000769)	[00.000462,00.022598]
step                    	    778	13.822985	(00.017767 +- 00.001654)	[00.003975,00.047284]

INFO  Timings:
SM Timing
-----------
00_conversion_livox     	    780	08.196982	(00.010509 +- 00.000701)	[00.007809,00.020918]
01_filter               	    779	00.209827	(00.000269 +- 00.000033)	[00.000116,00.002236]
02_preint               	    777	00.028868	(00.000037 +- 00.000004)	[00.000024,00.000146]
02a_intensity_preprocess	    779	01.894316	(00.002432 +- 00.000226)	[00.000780,00.006182]
03_undistortion         	    777	00.508723	(00.000655 +- 00.000082)	[00.000126,00.002160]
04_sampling             	    776	00.352673	(00.000454 +- 00.000079)	[00.000063,00.002124]
04b_intensity_sampling  	    776	00.494494	(00.000637 +- 00.000071)	[00.000123,00.001619]
05_registration         	    776	02.500251	(00.003222 +- 00.000743)	[00.000667,00.010404]
06_map                  	    776	00.552083	(00.000711 +- 00.000117)	[00.000135,00.003131]
07_imu_opt              	    776	01.039376	(00.001339 +- 00.000234)	[00.000002,00.003554]
08_publish              	    776	06.194809	(00.007983 +- 00.000764)	[00.000462,00.022598]
step                    	    779	13.847836	(00.017776 +- 00.001649)	[00.003975,00.047284]

INFO  Timings:
SM Timing
-----------
00_conversion_livox     	    781	08.207369	(00.010509 +- 00.000700)	[00.007809,00.020918]
01_filter               	    780	00.210188	(00.000269 +- 00.000033)	[00.000116,00.002236]
02_preint               	    778	00.028917	(00.000037 +- 00.000004)	[00.000024,00.000146]
02a_intensity_preprocess	    780	01.897687	(00.002433 +- 00.000226)	[00.000780,00.006182]
03_undistortion         	    778	00.509600	(00.000655 +- 00.000081)	[00.000126,00.002160]
04_sampling             	    777	00.353392	(00.000455 +- 00.000079)	[00.000063,00.002124]
04b_intensity_sampling  	    777	00.495191	(00.000637 +- 00.000069)	[00.000123,00.001619]
05_registration         	    777	02.505651	(00.003225 +- 00.000751)	[00.000667,00.010404]
06_map                  	    777	00.553139	(00.000712 +- 00.000117)	[00.000135,00.003131]
07_imu_opt              	    777	01.040947	(00.001340 +- 00.000233)	[00.000002,00.003554]
08_publish              	    777	06.207533	(00.007989 +- 00.000758)	[00.000462,00.022598]
step                    	    780	13.874750	(00.017788 +- 00.001646)	[00.003975,00.047284]

INFO  Timings:
SM Timing
-----------
00_conversion_livox     	    782	08.217768	(00.010509 +- 00.000696)	[00.007809,00.020918]
01_filter               	    781	00.210515	(00.000270 +- 00.000033)	[00.000116,00.002236]
02_preint               	    779	00.028961	(00.000037 +- 00.000004)	[00.000024,00.000146]
02a_intensity_preprocess	    781	01.900998	(00.002434 +- 00.000224)	[00.000780,00.006182]
03_undistortion         	    779	00.510460	(00.000655 +- 00.000081)	[00.000126,00.002160]
04_sampling             	    778	00.354508	(00.000456 +- 00.000099)	[00.000063,00.002124]
04b_intensity_sampling  	    778	00.495898	(00.000637 +- 00.000068)	[00.000123,00.001619]
05_registration         	    778	02.509515	(00.003226 +- 00.000751)	[00.000667,00.010404]
06_map                  	    778	00.554274	(00.000712 +- 00.000117)	[00.000135,00.003131]
07_imu_opt              	    778	01.042308	(00.001340 +- 00.000232)	[00.000002,00.003554]
08_publish              	    778	06.220286	(00.007995 +- 00.000752)	[00.000462,00.022598]
step                    	    781	13.900323	(00.017798 +- 00.001628)	[00.003975,00.047284]

INFO  Timings:
SM Timing
-----------
00_conversion_livox     	    783	08.228399	(00.010509 +- 00.000696)	[00.007809,00.020918]
01_filter               	    782	00.210864	(00.000270 +- 00.000033)	[00.000116,00.002236]
02_preint               	    780	00.029006	(00.000037 +- 00.000004)	[00.000024,00.000146]
02a_intensity_preprocess	    782	01.904512	(00.002435 +- 00.000225)	[00.000780,00.006182]
03_undistortion         	    780	00.511296	(00.000656 +- 00.000081)	[00.000126,00.002160]
04_sampling             	    779	00.355802	(00.000457 +- 00.000129)	[00.000063,00.002124]
04b_intensity_sampling  	    779	00.496852	(00.000638 +- 00.000074)	[00.000123,00.001619]
05_registration         	    779	02.516196	(00.003230 +- 00.000787)	[00.000667,00.010404]
06_map                  	    779	00.555270	(00.000713 +- 00.000118)	[00.000135,00.003131]
07_imu_opt              	    779	01.043793	(00.001340 +- 00.000227)	[00.000002,00.003554]
08_publish              	    779	06.234282	(00.008003 +- 00.000776)	[00.000462,00.022598]
step                    	    782	13.930537	(00.017814 +- 00.001724)	[00.003975,00.047284]

INFO  Timings:
SM Timing
-----------
00_conversion_livox     	    784	08.239402	(00.010509 +- 00.000702)	[00.007809,00.020918]
01_filter               	    783	00.211194	(00.000270 +- 00.000033)	[00.000116,00.002236]
02_preint               	    781	00.029051	(00.000037 +- 00.000004)	[00.000024,00.000146]
02a_intensity_preprocess	    783	01.907971	(00.002437 +- 00.000225)	[00.000780,00.006182]
03_undistortion         	    781	00.512181	(00.000656 +- 00.000080)	[00.000126,00.002160]
04_sampling             	    780	00.356427	(00.000457 +- 00.000129)	[00.000063,00.002124]
04b_intensity_sampling  	    780	00.497507	(00.000638 +- 00.000075)	[00.000123,00.001619]
05_registration         	    780	02.520494	(00.003231 +- 00.000784)	[00.000667,00.010404]
06_map                  	    780	00.556320	(00.000713 +- 00.000117)	[00.000135,00.003131]
07_imu_opt              	    780	01.045597	(00.001341 +- 00.000227)	[00.000002,00.003554]
08_publish              	    780	06.247580	(00.008010 +- 00.000775)	[00.000462,00.022598]
step                    	    783	13.957072	(00.017825 +- 00.001704)	[00.003975,00.047284]

INFO  Timings:
SM Timing
-----------
00_conversion_livox     	    785	08.250350	(00.010510 +- 00.000702)	[00.007809,00.020918]
01_filter               	    784	00.211531	(00.000270 +- 00.000033)	[00.000116,00.002236]
02_preint               	    782	00.029096	(00.000037 +- 00.000004)	[00.000024,00.000146]
02a_intensity_preprocess	    784	01.911470	(00.002438 +- 00.000225)	[00.000780,00.006182]
03_undistortion         	    782	00.513083	(00.000656 +- 00.000080)	[00.000126,00.002160]
04_sampling             	    781	00.357312	(00.000458 +- 00.000132)	[00.000063,00.002124]
04b_intensity_sampling  	    781	00.498267	(00.000638 +- 00.000074)	[00.000123,00.001619]
05_registration         	    781	02.526054	(00.003234 +- 00.000794)	[00.000667,00.010404]
06_map                  	    781	00.557385	(00.000714 +- 00.000112)	[00.000135,00.003131]
07_imu_opt              	    781	01.047039	(00.001341 +- 00.000226)	[00.000002,00.003554]
08_publish              	    781	06.261056	(00.008017 +- 00.000779)	[00.000462,00.022598]
step                    	    784	13.985154	(00.017838 +- 00.001723)	[00.003975,00.047284]

INFO  Timings:
SM Timing
-----------
00_conversion_livox     	    786	08.261292	(00.010511 +- 00.000703)	[00.007809,00.020918]
01_filter               	    785	00.211918	(00.000270 +- 00.000033)	[00.000116,00.002236]
02_preint               	    783	00.029145	(00.000037 +- 00.000004)	[00.000024,00.000146]
02a_intensity_preprocess	    785	01.914962	(00.002439 +- 00.000226)	[00.000780,00.006182]
03_undistortion         	    783	00.514028	(00.000656 +- 00.000077)	[00.000126,00.002160]
04_sampling             	    782	00.357951	(00.000458 +- 00.000132)	[00.000063,00.002124]
04b_intensity_sampling  	    782	00.498963	(00.000638 +- 00.000074)	[00.000123,00.001619]
05_registration         	    782	02.529919	(00.003235 +- 00.000801)	[00.000667,00.010404]
06_map                  	    782	00.558496	(00.000714 +- 00.000108)	[00.000135,00.003131]
07_imu_opt              	    782	01.048697	(00.001341 +- 00.000224)	[00.000002,00.003554]
08_publish              	    782	06.273851	(00.008023 +- 00.000777)	[00.000462,00.022598]
step                    	    785	14.010880	(00.017848 +- 00.001720)	[00.003975,00.047284]

INFO  Timings:
SM Timing
-----------
00_conversion_livox     	    787	08.272061	(00.010511 +- 00.000698)	[00.007809,00.020918]
01_filter               	    786	00.212325	(00.000270 +- 00.000034)	[00.000116,00.002236]
02_preint               	    784	00.029195	(00.000037 +- 00.000003)	[00.000024,00.000146]
02a_intensity_preprocess	    786	01.918467	(00.002441 +- 00.000225)	[00.000780,00.006182]
03_undistortion         	    784	00.514916	(00.000657 +- 00.000077)	[00.000126,00.002160]
04_sampling             	    783	00.358766	(00.000458 +- 00.000133)	[00.000063,00.002124]
04b_intensity_sampling  	    783	00.499671	(00.000638 +- 00.000073)	[00.000123,00.001619]
05_registration         	    783	02.535403	(00.003238 +- 00.000808)	[00.000667,00.010404]
06_map                  	    783	00.559677	(00.000715 +- 00.000108)	[00.000135,00.003131]
07_imu_opt              	    783	01.050094	(00.001341 +- 00.000224)	[00.000002,00.003554]
08_publish              	    783	06.286946	(00.008029 +- 00.000776)	[00.000462,00.022598]
step                    	    786	14.038490	(00.017861 +- 00.001719)	[00.003975,00.047284]

INFO  Timings:
SM Timing
-----------
00_conversion_livox     	    788	08.282805	(00.010511 +- 00.000696)	[00.007809,00.020918]
01_filter               	    787	00.212683	(00.000270 +- 00.000032)	[00.000116,00.002236]
02_preint               	    785	00.029239	(00.000037 +- 00.000003)	[00.000024,00.000146]
02a_intensity_preprocess	    787	01.921917	(00.002442 +- 00.000224)	[00.000780,00.006182]
03_undistortion         	    785	00.515822	(00.000657 +- 00.000077)	[00.000126,00.002160]
04_sampling             	    784	00.359639	(00.000459 +- 00.000135)	[00.000063,00.002124]
04b_intensity_sampling  	    784	00.500334	(00.000638 +- 00.000074)	[00.000123,00.001619]
05_registration         	    784	02.539844	(00.003240 +- 00.000785)	[00.000667,00.010404]
06_map                  	    784	00.560712	(00.000715 +- 00.000108)	[00.000135,00.003131]
07_imu_opt              	    784	01.051521	(00.001341 +- 00.000223)	[00.000002,00.003554]
08_publish              	    784	06.299603	(00.008035 +- 00.000776)	[00.000462,00.022598]
step                    	    787	14.064410	(00.017871 +- 00.001713)	[00.003975,00.047284]

INFO  Timings:
SM Timing
-----------
00_conversion_livox     	    789	08.293201	(00.010511 +- 00.000696)	[00.007809,00.020918]
01_filter               	    788	00.213034	(00.000270 +- 00.000032)	[00.000116,00.002236]
02_preint               	    786	00.029279	(00.000037 +- 00.000003)	[00.000024,00.000146]
02a_intensity_preprocess	    788	01.925147	(00.002443 +- 00.000211)	[00.000780,00.006182]
03_undistortion         	    786	00.516744	(00.000657 +- 00.000076)	[00.000126,00.002160]
04_sampling             	    785	00.360277	(00.000459 +- 00.000135)	[00.000063,00.002124]
04b_intensity_sampling  	    785	00.501001	(00.000638 +- 00.000074)	[00.000123,00.001619]
05_registration         	    785	02.543609	(00.003240 +- 00.000794)	[00.000667,00.010404]
06_map                  	    785	00.561734	(00.000716 +- 00.000108)	[00.000135,00.003131]
07_imu_opt              	    785	01.053006	(00.001341 +- 00.000222)	[00.000002,00.003554]
08_publish              	    785	06.312162	(00.008041 +- 00.000751)	[00.000462,00.022598]
step                    	    788	14.089171	(00.017880 +- 00.001710)	[00.003975,00.047284]

INFO  Timings:
SM Timing
-----------
00_conversion_livox     	    790	08.303438	(00.010511 +- 00.000577)	[00.007809,00.020918]
01_filter               	    789	00.213342	(00.000270 +- 00.000033)	[00.000116,00.002236]
02_preint               	    787	00.029328	(00.000037 +- 00.000003)	[00.000024,00.000146]
02a_intensity_preprocess	    789	01.928424	(00.002444 +- 00.000188)	[00.000780,00.006182]
03_undistortion         	    787	00.517538	(00.000658 +- 00.000077)	[00.000126,00.002160]
04_sampling             	    786	00.360987	(00.000459 +- 00.000132)	[00.000063,00.002124]
04b_intensity_sampling  	    786	00.501627	(00.000638 +- 00.000071)	[00.000123,00.001619]
05_registration         	    786	02.549936	(00.003244 +- 00.000817)	[00.000667,00.010404]
06_map                  	    786	00.562797	(00.000716 +- 00.000104)	[00.000135,00.003131]
07_imu_opt              	    786	01.054396	(00.001341 +- 00.000177)	[00.000002,00.003554]
08_publish              	    786	06.325557	(00.008048 +- 00.000539)	[00.000462,00.022598]
step                    	    789	14.117213	(00.017893 +- 00.001424)	[00.003975,00.047284]

INFO  Timings:
SM Timing
-----------
00_conversion_livox     	    791	08.313885	(00.010511 +- 00.000332)	[00.007809,00.020918]
01_filter               	    790	00.213673	(00.000270 +- 00.000033)	[00.000116,00.002236]
02_preint               	    788	00.029362	(00.000037 +- 00.000003)	[00.000024,00.000146]
02a_intensity_preprocess	    790	01.931643	(00.002445 +- 00.000170)	[00.000780,00.006182]
03_undistortion         	    788	00.518424	(00.000658 +- 00.000076)	[00.000126,00.002160]
04_sampling             	    787	00.361687	(00.000460 +- 00.000132)	[00.000063,00.002124]
04b_intensity_sampling  	    787	00.502358	(00.000638 +- 00.000068)	[00.000123,00.001619]
05_registration         	    787	02.554534	(00.003246 +- 00.000805)	[00.000667,00.010404]
06_map                  	    787	00.563848	(00.000716 +- 00.000093)	[00.000135,00.003131]
07_imu_opt              	    787	01.056146	(00.001342 +- 00.000171)	[00.000002,00.003554]
08_publish              	    787	06.338437	(00.008054 +- 00.000431)	[00.000462,00.022598]
step                    	    790	14.143475	(00.017903 +- 00.001254)	[00.003975,00.047284]

INFO  Timings:
SM Timing
-----------
00_conversion_livox     	    792	08.324372	(00.010511 +- 00.000278)	[00.007809,00.020918]
01_filter               	    791	00.214075	(00.000271 +- 00.000030)	[00.000116,00.002236]
02_preint               	    789	00.029406	(00.000037 +- 00.000003)	[00.000024,00.000146]
02a_intensity_preprocess	    791	01.934792	(00.002446 +- 00.000151)	[00.000780,00.006182]
03_undistortion         	    789	00.519328	(00.000658 +- 00.000075)	[00.000126,00.002160]
04_sampling             	    788	00.362362	(00.000460 +- 00.000131)	[00.000063,00.002124]
04b_intensity_sampling  	    788	00.503077	(00.000638 +- 00.000068)	[00.000123,00.001619]
05_registration         	    788	02.558968	(00.003247 +- 00.000804)	[00.000667,00.010404]
06_map                  	    788	00.564751	(00.000717 +- 00.000095)	[00.000135,00.003131]
07_imu_opt              	    788	01.057495	(00.001342 +- 00.000172)	[00.000002,00.003554]
08_publish              	    788	06.351356	(00.008060 +- 00.000433)	[00.000462,00.022598]
step                    	    791	14.169061	(00.017913 +- 00.001253)	[00.003975,00.047284]

INFO  Timings:
SM Timing
-----------
00_conversion_livox     	    793	08.335467	(00.010511 +- 00.000299)	[00.007809,00.020918]
01_filter               	    792	00.214440	(00.000271 +- 00.000029)	[00.000116,00.002236]
02_preint               	    790	00.029449	(00.000037 +- 00.000003)	[00.000024,00.000146]
02a_intensity_preprocess	    792	01.937996	(00.002447 +- 00.000152)	[00.000780,00.006182]
03_undistortion         	    790	00.520135	(00.000658 +- 00.000076)	[00.000126,00.002160]
04_sampling             	    789	00.362957	(00.000460 +- 00.000132)	[00.000063,00.002124]
04b_intensity_sampling  	    789	00.503855	(00.000639 +- 00.000068)	[00.000123,00.001619]
05_registration         	    789	02.563782	(00.003249 +- 00.000797)	[00.000667,00.010404]
06_map                  	    789	00.565832	(00.000717 +- 00.000080)	[00.000135,00.003131]
07_imu_opt              	    789	01.058823	(00.001342 +- 00.000174)	[00.000002,00.003554]
08_publish              	    789	06.363702	(00.008066 +- 00.000434)	[00.000462,00.022598]
step                    	    792	14.194471	(00.017922 +- 00.001254)	[00.003975,00.047284]

INFO  Timings:
SM Timing
-----------
00_conversion_livox     	    794	08.345989	(00.010511 +- 00.000300)	[00.007809,00.020918]
01_filter               	    793	00.214778	(00.000271 +- 00.000029)	[00.000116,00.002236]
02_preint               	    791	00.029502	(00.000037 +- 00.000003)	[00.000024,00.000146]
02a_intensity_preprocess	    793	01.941359	(00.002448 +- 00.000152)	[00.000780,00.006182]
03_undistortion         	    791	00.521692	(00.000660 +- 00.000118)	[00.000126,00.002160]
04_sampling             	    790	00.363602	(00.000460 +- 00.000129)	[00.000063,00.002124]
04b_intensity_sampling  	    790	00.504611	(00.000639 +- 00.000068)	[00.000123,00.001619]
05_registration         	    790	02.567823	(00.003250 +- 00.000799)	[00.000667,00.010404]
06_map                  	    790	00.566810	(00.000717 +- 00.000080)	[00.000135,00.003131]
07_imu_opt              	    790	01.060145	(00.001342 +- 00.000175)	[00.000002,00.003554]
08_publish              	    790	06.376660	(00.008072 +- 00.000436)	[00.000462,00.022598]
step                    	    793	14.220564	(00.017933 +- 00.001251)	[00.003975,00.047284]

INFO  Timings:
SM Timing
-----------
00_conversion_livox     	    795	08.356962	(00.010512 +- 00.000312)	[00.007809,00.020918]
01_filter               	    794	00.215104	(00.000271 +- 00.000029)	[00.000116,00.002236]
02_preint               	    792	00.029546	(00.000037 +- 00.000003)	[00.000024,00.000146]
02a_intensity_preprocess	    794	01.944621	(00.002449 +- 00.000152)	[00.000780,00.006182]
03_undistortion         	    792	00.522629	(00.000660 +- 00.000116)	[00.000126,00.002160]
04_sampling             	    791	00.364358	(00.000461 +- 00.000129)	[00.000063,00.002124]
04b_intensity_sampling  	    791	00.505311	(00.000639 +- 00.000067)	[00.000123,00.001619]
05_registration         	    791	02.572711	(00.003252 +- 00.000795)	[00.000667,00.010404]
06_map                  	    791	00.567902	(00.000718 +- 00.000079)	[00.000135,00.003131]
07_imu_opt              	    791	01.062105	(00.001343 +- 00.000186)	[00.000002,00.003554]
08_publish              	    791	06.389015	(00.008077 +- 00.000437)	[00.000462,00.022598]
step                    	    794	14.246983	(00.017943 +- 00.001250)	[00.003975,00.047284]

INFO  Timings:
SM Timing
-----------
00_conversion_livox     	    796	08.366876	(00.010511 +- 00.000317)	[00.007809,00.020918]
01_filter               	    795	00.215448	(00.000271 +- 00.000028)	[00.000116,00.002236]
02_preint               	    793	00.029591	(00.000037 +- 00.000003)	[00.000024,00.000146]
02a_intensity_preprocess	    795	01.947775	(00.002450 +- 00.000103)	[00.000780,00.006182]
03_undistortion         	    793	00.523483	(00.000660 +- 00.000115)	[00.000126,00.002160]
04_sampling             	    792	00.365137	(00.000461 +- 00.000129)	[00.000063,00.002124]
04b_intensity_sampling  	    792	00.506060	(00.000639 +- 00.000068)	[00.000123,00.001619]
05_registration         	    792	02.577269	(00.003254 +- 00.000791)	[00.000667,00.010404]
06_map                  	    792	00.568916	(00.000718 +- 00.000079)	[00.000135,00.003131]
07_imu_opt              	    792	01.063481	(00.001343 +- 00.000187)	[00.000002,00.003554]
08_publish              	    792	06.401223	(00.008082 +- 00.000440)	[00.000462,00.022598]
step                    	    795	14.272150	(00.017952 +- 00.001253)	[00.003975,00.047284]

INFO  Timings:
SM Timing
-----------
00_conversion_livox     	    797	08.377093	(00.010511 +- 00.000317)	[00.007809,00.020918]
01_filter               	    796	00.215764	(00.000271 +- 00.000028)	[00.000116,00.002236]
02_preint               	    794	00.029635	(00.000037 +- 00.000003)	[00.000024,00.000146]
02a_intensity_preprocess	    796	01.951055	(00.002451 +- 00.000102)	[00.000780,00.006182]
03_undistortion         	    794	00.524259	(00.000660 +- 00.000117)	[00.000126,00.002160]
04_sampling             	    793	00.365889	(00.000461 +- 00.000129)	[00.000063,00.002124]
04b_intensity_sampling  	    793	00.506770	(00.000639 +- 00.000067)	[00.000123,00.001619]
05_registration         	    793	02.582500	(00.003257 +- 00.000778)	[00.000667,00.010404]
06_map                  	    793	00.569973	(00.000719 +- 00.000075)	[00.000135,00.003131]
07_imu_opt              	    793	01.064860	(00.001343 +- 00.000186)	[00.000002,00.003554]
08_publish              	    793	06.414063	(00.008088 +- 00.000437)	[00.000462,00.022598]
step                    	    796	14.298621	(00.017963 +- 00.001255)	[00.003975,00.047284]

INFO  Timings:
SM Timing
-----------
00_conversion_livox     	    798	08.387609	(00.010511 +- 00.000313)	[00.007809,00.020918]
01_filter               	    797	00.216112	(00.000271 +- 00.000028)	[00.000116,00.002236]
02_preint               	    795	00.029678	(00.000037 +- 00.000003)	[00.000024,00.000146]
02a_intensity_preprocess	    797	01.954475	(00.002452 +- 00.000103)	[00.000780,00.006182]
03_undistortion         	    795	00.525146	(00.000661 +- 00.000117)	[00.000126,00.002160]
04_sampling             	    794	00.366607	(00.000462 +- 00.000129)	[00.000063,00.002124]
04b_intensity_sampling  	    794	00.507580	(00.000639 +- 00.000067)	[00.000123,00.001619]
05_registration         	    794	02.589725	(00.003262 +- 00.000859)	[00.000667,00.010404]
06_map                  	    794	00.571113	(00.000719 +- 00.000074)	[00.000135,00.003131]
07_imu_opt              	    794	01.066310	(00.001343 +- 00.000184)	[00.000002,00.003554]
08_publish              	    794	06.427028	(00.008094 +- 00.000436)	[00.000462,00.022598]
step                    	    797	14.327691	(00.017977 +- 00.001322)	[00.003975,00.047284]

INFO  Timings:
SM Timing
-----------
00_conversion_livox     	    799	08.398224	(00.010511 +- 00.000314)	[00.007809,00.020918]
01_filter               	    798	00.216455	(00.000271 +- 00.000028)	[00.000116,00.002236]
02_preint               	    796	00.029721	(00.000037 +- 00.000003)	[00.000024,00.000146]
02a_intensity_preprocess	    798	01.957883	(00.002453 +- 00.000104)	[00.000780,00.006182]
03_undistortion         	    796	00.525986	(00.000661 +- 00.000117)	[00.000126,00.002160]
04_sampling             	    795	00.367337	(00.000462 +- 00.000128)	[00.000063,00.002124]
04b_intensity_sampling  	    795	00.508349	(00.000639 +- 00.000066)	[00.000123,00.001619]
05_registration         	    795	02.596551	(00.003266 +- 00.000905)	[00.000667,00.010404]
06_map                  	    795	00.572137	(00.000720 +- 00.000075)	[00.000135,00.003131]
07_imu_opt              	    795	01.067825	(00.001343 +- 00.000184)	[00.000002,00.003554]
08_publish              	    795	06.440499	(00.008101 +- 00.000451)	[00.000462,00.022598]
step                    	    798	14.356760	(00.017991 +- 00.001380)	[00.003975,00.047284]

INFO  Timings:
SM Timing
-----------
00_conversion_livox     	    800	08.409330	(00.010512 +- 00.000329)	[00.007809,00.020918]
01_filter               	    799	00.216766	(00.000271 +- 00.000028)	[00.000116,00.002236]
02_preint               	    797	00.029769	(00.000037 +- 00.000003)	[00.000024,00.000146]
02a_intensity_preprocess	    799	01.961309	(00.002455 +- 00.000105)	[00.000780,00.006182]
03_undistortion         	    797	00.526907	(00.000661 +- 00.000117)	[00.000126,00.002160]
04_sampling             	    796	00.368053	(00.000462 +- 00.000128)	[00.000063,00.002124]
04b_intensity_sampling  	    796	00.510147	(00.000641 +- 00.000163)	[00.000123,00.001798]
05_registration         	    796	02.600906	(00.003267 +- 00.000898)	[00.000667,00.010404]
06_map                  	    796	00.573143	(00.000720 +- 00.000073)	[00.000135,00.003131]
07_imu_opt              	    796	01.069259	(00.001343 +- 00.000184)	[00.000002,00.003554]
08_publish              	    796	06.453443	(00.008107 +- 00.000446)	[00.000462,00.022598]
step                    	    799	14.383871	(00.018002 +- 00.001375)	[00.003975,00.047284]

INFO  Timings:
SM Timing
-----------
00_conversion_livox     	    801	08.419754	(00.010512 +- 00.000327)	[00.007809,00.020918]
01_filter               	    800	00.217109	(00.000271 +- 00.000027)	[00.000116,00.002236]
02_preint               	    798	00.029804	(00.000037 +- 00.000004)	[00.000024,00.000146]
02a_intensity_preprocess	    800	01.964541	(00.002456 +- 00.000105)	[00.000780,00.006182]
03_undistortion         	    798	00.527802	(00.000661 +- 00.000115)	[00.000126,00.002160]
04_sampling             	    797	00.368784	(00.000463 +- 00.000127)	[00.000063,00.002124]
04b_intensity_sampling  	    797	00.510780	(00.000641 +- 00.000164)	[00.000123,00.001798]
05_registration         	    797	02.604511	(00.003268 +- 00.000907)	[00.000667,00.010404]
06_map                  	    797	00.574251	(00.000721 +- 00.000071)	[00.000135,00.003131]
07_imu_opt              	    797	01.070484	(00.001343 +- 00.000188)	[00.000002,00.003554]
08_publish              	    797	06.465888	(00.008113 +- 00.000446)	[00.000462,00.022598]
step                    	    800	14.408200	(00.018010 +- 00.001388)	[00.003975,00.047284]

INFO  Timings:
SM Timing
-----------
00_conversion_livox     	    802	08.430343	(00.010512 +- 00.000329)	[00.007809,00.020918]
01_filter               	    801	00.217451	(00.000271 +- 00.000027)	[00.000116,00.002236]
02_preint               	    799	00.029835	(00.000037 +- 00.000004)	[00.000024,00.000146]
02a_intensity_preprocess	    801	01.967837	(00.002457 +- 00.000105)	[00.000780,00.006182]
03_undistortion         	    799	00.528744	(00.000662 +- 00.000115)	[00.000126,00.002160]
04_sampling             	    798	00.369493	(00.000463 +- 00.000126)	[00.000063,00.002124]
04b_intensity_sampling  	    798	00.511397	(00.000641 +- 00.000165)	[00.000123,00.001798]
05_registration         	    798	02.609195	(00.003270 +- 00.000901)	[00.000667,00.010404]
06_map                  	    798	00.575309	(00.000721 +- 00.000070)	[00.000135,00.003131]
07_imu_opt              	    798	01.072031	(00.001343 +- 00.000187)	[00.000002,00.003554]
08_publish              	    798	06.478855	(00.008119 +- 00.000437)	[00.000462,00.022598]
step                    	    801	14.434476	(00.018021 +- 00.001367)	[00.003975,00.047284]

INFO  Timings:
SM Timing
-----------
00_conversion_livox     	    803	08.440737	(00.010512 +- 00.000323)	[00.007809,00.020918]
01_filter               	    802	00.217878	(00.000272 +- 00.000029)	[00.000116,00.002236]
02_preint               	    800	00.029871	(00.000037 +- 00.000004)	[00.000024,00.000146]
02a_intensity_preprocess	    802	01.970993	(00.002458 +- 00.000105)	[00.000780,00.006182]
03_undistortion         	    800	00.529582	(00.000662 +- 00.000114)	[00.000126,00.002160]
04_sampling             	    799	00.370234	(00.000463 +- 00.000126)	[00.000063,00.002124]
04b_intensity_sampling  	    799	00.512126	(00.000641 +- 00.000165)	[00.000123,00.001798]
05_registration         	    799	02.613394	(00.003271 +- 00.000901)	[00.000667,00.010404]
06_map                  	    799	00.576406	(00.000721 +- 00.000070)	[00.000135,00.003131]
07_imu_opt              	    799	01.073507	(00.001344 +- 00.000187)	[00.000002,00.003554]
08_publish              	    799	06.491118	(00.008124 +- 00.000428)	[00.000462,00.022598]
step                    	    802	14.459500	(00.018029 +- 00.001362)	[00.003975,00.047284]

INFO  Timings:
SM Timing
-----------
00_conversion_livox     	    804	08.451055	(00.010511 +- 00.000315)	[00.007809,00.020918]
01_filter               	    803	00.218212	(00.000272 +- 00.000028)	[00.000116,00.002236]
02_preint               	    801	00.029902	(00.000037 +- 00.000004)	[00.000024,00.000146]
02a_intensity_preprocess	    803	01.974224	(00.002459 +- 00.000103)	[00.000780,00.006182]
03_undistortion         	    801	00.530477	(00.000662 +- 00.000113)	[00.000126,00.002160]
04_sampling             	    800	00.371721	(00.000465 +- 00.000165)	[00.000063,00.002124]
04b_intensity_sampling  	    800	00.512753	(00.000641 +- 00.000165)	[00.000123,00.001798]
05_registration         	    800	02.617774	(00.003272 +- 00.000895)	[00.000667,00.010404]
06_map                  	    800	00.577344	(00.000722 +- 00.000072)	[00.000135,00.003131]
07_imu_opt              	    800	01.074866	(00.001344 +- 00.000188)	[00.000002,00.003554]
08_publish              	    800	06.504585	(00.008131 +- 00.000442)	[00.000462,00.022598]
step                    	    803	14.486331	(00.018040 +- 00.001363)	[00.003975,00.047284]

INFO  Timings:
SM Timing
-----------
00_conversion_livox     	    805	08.461935	(00.010512 +- 00.000320)	[00.007809,00.020918]
01_filter               	    804	00.218549	(00.000272 +- 00.000028)	[00.000116,00.002236]
02_preint               	    802	00.029943	(00.000037 +- 00.000004)	[00.000024,00.000146]
02a_intensity_preprocess	    804	01.977597	(00.002460 +- 00.000102)	[00.000780,00.006182]
03_undistortion         	    802	00.531422	(00.000663 +- 00.000113)	[00.000126,00.002160]
04_sampling             	    801	00.372357	(00.000465 +- 00.000165)	[00.000063,00.002124]
04b_intensity_sampling  	    801	00.513494	(00.000641 +- 00.000165)	[00.000123,00.001798]
05_registration         	    801	02.621942	(00.003273 +- 00.000898)	[00.000667,00.010404]
06_map                  	    801	00.578244	(00.000722 +- 00.000076)	[00.000135,00.003131]
07_imu_opt              	    801	01.076202	(00.001344 +- 00.000188)	[00.000002,00.003554]
08_publish              	    801	06.516559	(00.008136 +- 00.000450)	[00.000462,00.022598]
step                    	    804	14.510865	(00.018048 +- 00.001380)	[00.003975,00.047284]

INFO  Timings:
SM Timing
-----------
00_conversion_livox     	    806	08.471684	(00.010511 +- 00.000332)	[00.007809,00.020918]
01_filter               	    805	00.218896	(00.000272 +- 00.000028)	[00.000116,00.002236]
02_preint               	    803	00.029987	(00.000037 +- 00.000004)	[00.000024,00.000146]
02a_intensity_preprocess	    805	01.980836	(00.002461 +- 00.000102)	[00.000780,00.006182]
03_undistortion         	    803	00.532285	(00.000663 +- 00.000113)	[00.000126,00.002160]
04_sampling             	    802	00.373055	(00.000465 +- 00.000165)	[00.000063,00.002124]
04b_intensity_sampling  	    802	00.514170	(00.000641 +- 00.000164)	[00.000123,00.001798]
05_registration         	    802	02.629484	(00.003279 +- 00.000982)	[00.000667,00.010404]
06_map                  	    802	00.579306	(00.000722 +- 00.000076)	[00.000135,00.003131]
07_imu_opt              	    802	01.077624	(00.001344 +- 00.000188)	[00.000002,00.003554]
08_publish              	    802	06.529480	(00.008141 +- 00.000452)	[00.000462,00.022598]
step                    	    805	14.539772	(00.018062 +- 00.001432)	[00.003975,00.047284]

INFO  Timings:
SM Timing
-----------
00_conversion_livox     	    807	08.482446	(00.010511 +- 00.000336)	[00.007809,00.020918]
01_filter               	    806	00.219219	(00.000272 +- 00.000027)	[00.000116,00.002236]
02_preint               	    804	00.030027	(00.000037 +- 00.000004)	[00.000024,00.000146]
02a_intensity_preprocess	    806	01.984239	(00.002462 +- 00.000103)	[00.000780,00.006182]
03_undistortion         	    804	00.533016	(00.000663 +- 00.000115)	[00.000126,00.002160]
04_sampling             	    803	00.373789	(00.000465 +- 00.000164)	[00.000063,00.002124]
04b_intensity_sampling  	    803	00.514907	(00.000641 +- 00.000164)	[00.000123,00.001798]
05_registration         	    803	02.633718	(00.003280 +- 00.000974)	[00.000667,00.010404]
06_map                  	    803	00.580327	(00.000723 +- 00.000076)	[00.000135,00.003131]
07_imu_opt              	    803	01.078942	(00.001344 +- 00.000190)	[00.000002,00.003554]
08_publish              	    803	06.542418	(00.008147 +- 00.000449)	[00.000462,00.022598]
step                    	    806	14.565353	(00.018071 +- 00.001415)	[00.003975,00.047284]

INFO  Timings:
SM Timing
-----------
00_conversion_livox     	    808	08.492934	(00.010511 +- 00.000330)	[00.007809,00.020918]
01_filter               	    807	00.219569	(00.000272 +- 00.000027)	[00.000116,00.002236]
02_preint               	    805	00.030066	(00.000037 +- 00.000004)	[00.000024,00.000146]
02a_intensity_preprocess	    807	01.987461	(00.002463 +- 00.000103)	[00.000780,00.006182]
03_undistortion         	    805	00.534234	(00.000664 +- 00.000123)	[00.000126,00.002160]
04_sampling             	    804	00.374545	(00.000466 +- 00.000163)	[00.000063,00.002124]
04b_intensity_sampling  	    804	00.515609	(00.000641 +- 00.000164)	[00.000123,00.001798]
05_registration         	    804	02.638356	(00.003282 +- 00.000968)	[00.000667,00.010404]
06_map                  	    804	00.581353	(00.000723 +- 00.000075)	[00.000135,00.003131]
07_imu_opt              	    804	01.080246	(00.001344 +- 00.000191)	[00.000002,00.003554]
08_publish              	    804	06.555049	(00.008153 +- 00.000438)	[00.000462,00.022598]
step                    	    807	14.591300	(00.018081 +- 00.001397)	[00.003975,00.047284]

INFO  Timings:
SM Timing
-----------
00_conversion_livox     	    809	08.503479	(00.010511 +- 00.000322)	[00.007809,00.020918]
01_filter               	    808	00.219930	(00.000272 +- 00.000027)	[00.000116,00.002236]
02_preint               	    806	00.030100	(00.000037 +- 00.000005)	[00.000024,00.000146]
02a_intensity_preprocess	    808	01.990873	(00.002464 +- 00.000103)	[00.000780,00.006182]
03_undistortion         	    806	00.535090	(00.000664 +- 00.000122)	[00.000126,00.002160]
04_sampling             	    805	00.375467	(00.000466 +- 00.000164)	[00.000063,00.002124]
04b_intensity_sampling  	    805	00.516311	(00.000641 +- 00.000161)	[00.000123,00.001798]
05_registration         	    805	02.642677	(00.003283 +- 00.000969)	[00.000667,00.010404]
06_map                  	    805	00.582403	(00.000723 +- 00.000075)	[00.000135,00.003131]
07_imu_opt              	    805	01.081569	(00.001344 +- 00.000193)	[00.000002,00.003554]
08_publish              	    805	06.567943	(00.008159 +- 00.000434)	[00.000462,00.022598]
step                    	    808	14.617256	(00.018091 +- 00.001396)	[00.003975,00.047284]

INFO  Timings:
SM Timing
-----------
00_conversion_livox     	    810	08.517073	(00.010515 +- 00.000546)	[00.007809,00.020918]
01_filter               	    809	00.220273	(00.000272 +- 00.000027)	[00.000116,00.002236]
02_preint               	    807	00.030138	(00.000037 +- 00.000005)	[00.000024,00.000146]
02a_intensity_preprocess	    809	01.994099	(00.002465 +- 00.000102)	[00.000780,00.006182]
03_undistortion         	    807	00.535911	(00.000664 +- 00.000122)	[00.000126,00.002160]
04_sampling             	    806	00.376167	(00.000467 +- 00.000164)	[00.000063,00.002124]
04b_intensity_sampling  	    806	00.517055	(00.000642 +- 00.000161)	[00.000123,00.001798]
05_registration         	    806	02.649719	(00.003287 +- 00.001006)	[00.000667,00.010404]
06_map                  	    806	00.583394	(00.000724 +- 00.000075)	[00.000135,00.003131]
07_imu_opt              	    806	01.082861	(00.001344 +- 00.000189)	[00.000002,00.003554]
08_publish              	    806	06.580647	(00.008165 +- 00.000428)	[00.000462,00.022598]
step                    	    809	14.645238	(00.018103 +- 00.001399)	[00.003975,00.047284]

INFO  Timings:
SM Timing
-----------
00_conversion_livox     	    811	08.527440	(00.010515 +- 00.000543)	[00.007809,00.020918]
01_filter               	    810	00.220638	(00.000272 +- 00.000027)	[00.000116,00.002236]
02_preint               	    808	00.030175	(00.000037 +- 00.000005)	[00.000024,00.000146]
02a_intensity_preprocess	    810	01.997401	(00.002466 +- 00.000102)	[00.000780,00.006182]
03_undistortion         	    808	00.536688	(00.000664 +- 00.000123)	[00.000126,00.002160]
04_sampling             	    807	00.376774	(00.000467 +- 00.000164)	[00.000063,00.002124]
04b_intensity_sampling  	    807	00.517695	(00.000642 +- 00.000162)	[00.000123,00.001798]
05_registration         	    807	02.653406	(00.003288 +- 00.001017)	[00.000667,00.010404]
06_map                  	    807	00.584484	(00.000724 +- 00.000069)	[00.000135,00.003131]
07_imu_opt              	    807	01.084154	(00.001343 +- 00.000182)	[00.000002,00.003554]
08_publish              	    807	06.592976	(00.008170 +- 00.000431)	[00.000462,00.022598]
step                    	    810	14.669439	(00.018110 +- 00.001427)	[00.003975,00.047284]

INFO  Timings:
SM Timing
-----------
00_conversion_livox     	    812	08.537648	(00.010514 +- 00.000544)	[00.007809,00.020918]
01_filter               	    811	00.220949	(00.000272 +- 00.000028)	[00.000116,00.002236]
02_preint               	    809	00.030216	(00.000037 +- 00.000005)	[00.000024,00.000146]
02a_intensity_preprocess	    811	02.000640	(00.002467 +- 00.000102)	[00.000780,00.006182]
03_undistortion         	    809	00.537492	(00.000664 +- 00.000123)	[00.000126,00.002160]
04_sampling             	    808	00.377401	(00.000467 +- 00.000163)	[00.000063,00.002124]
04b_intensity_sampling  	    808	00.518388	(00.000642 +- 00.000161)	[00.000123,00.001798]
05_registration         	    808	02.660230	(00.003292 +- 00.001052)	[00.000667,00.010404]
06_map                  	    808	00.585506	(00.000725 +- 00.000069)	[00.000135,00.003131]
07_imu_opt              	    808	01.085540	(00.001343 +- 00.000182)	[00.000002,00.003554]
08_publish              	    808	06.605367	(00.008175 +- 00.000428)	[00.000462,00.022598]
step                    	    811	14.696881	(00.018122 +- 00.001425)	[00.003975,00.047284]

INFO  Timings:
SM Timing
-----------
00_conversion_livox     	    813	08.547874	(00.010514 +- 00.000543)	[00.007809,00.020918]
01_filter               	    812	00.221279	(00.000273 +- 00.000028)	[00.000116,00.002236]
02_preint               	    810	00.030263	(00.000037 +- 00.000005)	[00.000024,00.000146]
02a_intensity_preprocess	    812	02.003908	(00.002468 +- 00.000103)	[00.000780,00.006182]
03_undistortion         	    810	00.538287	(00.000665 +- 00.000123)	[00.000126,00.002160]
04_sampling             	    809	00.378053	(00.000467 +- 00.000163)	[00.000063,00.002124]
04b_intensity_sampling  	    809	00.519072	(00.000642 +- 00.000162)	[00.000123,00.001798]
05_registration         	    809	02.665157	(00.003294 +- 00.001049)	[00.000667,00.010404]
06_map                  	    809	00.586551	(00.000725 +- 00.000069)	[00.000135,00.003131]
07_imu_opt              	    809	01.086976	(00.001344 +- 00.000182)	[00.000002,00.003554]
08_publish              	    809	06.618124	(00.008181 +- 00.000429)	[00.000462,00.022598]
step                    	    812	14.722889	(00.018132 +- 00.001424)	[00.003975,00.047284]

INFO  Timings:
SM Timing
-----------
00_conversion_livox     	    814	08.558193	(00.010514 +- 00.000543)	[00.007809,00.020918]
01_filter               	    813	00.221614	(00.000273 +- 00.000028)	[00.000116,00.002236]
02_preint               	    811	00.030309	(00.000037 +- 00.000005)	[00.000024,00.000146]
02a_intensity_preprocess	    813	02.007139	(00.002469 +- 00.000102)	[00.000780,00.006182]
03_undistortion         	    811	00.539191	(00.000665 +- 00.000123)	[00.000126,00.002160]
04_sampling             	    810	00.378761	(00.000468 +- 00.000163)	[00.000063,00.002124]
04b_intensity_sampling  	    810	00.519879	(00.000642 +- 00.000162)	[00.000123,00.001798]
05_registration         	    810	02.668949	(00.003295 +- 00.001052)	[00.000667,00.010404]
06_map                  	    810	00.587548	(00.000725 +- 00.000067)	[00.000135,00.003131]
07_imu_opt              	    810	01.088398	(00.001344 +- 00.000181)	[00.000002,00.003554]
08_publish              	    810	06.630302	(00.008186 +- 00.000433)	[00.000462,00.022598]
step                    	    813	14.747391	(00.018139 +- 00.001426)	[00.003975,00.047284]

INFO  Timings:
SM Timing
-----------
00_conversion_livox     	    815	08.568445	(00.010513 +- 00.000543)	[00.007809,00.020918]
01_filter               	    814	00.221944	(00.000273 +- 00.000028)	[00.000116,00.002236]
02_preint               	    812	00.030349	(00.000037 +- 00.000005)	[00.000024,00.000146]
02a_intensity_preprocess	    814	02.010484	(00.002470 +- 00.000102)	[00.000780,00.006182]
03_undistortion         	    812	00.540099	(00.000665 +- 00.000122)	[00.000126,00.002160]
04_sampling             	    811	00.379563	(00.000468 +- 00.000163)	[00.000063,00.002124]
04b_intensity_sampling  	    811	00.520659	(00.000642 +- 00.000162)	[00.000123,00.001798]
05_registration         	    811	02.677366	(00.003301 +- 00.001158)	[00.000667,00.010404]
06_map                  	    811	00.588629	(00.000726 +- 00.000066)	[00.000135,00.003131]
07_imu_opt              	    811	01.089856	(00.001344 +- 00.000180)	[00.000002,00.003554]
08_publish              	    811	06.643275	(00.008191 +- 00.000434)	[00.000462,00.022598]
step                    	    814	14.777621	(00.018154 +- 00.001522)	[00.003975,00.047284]

INFO  Timings:
SM Timing
-----------
00_conversion_livox     	    816	08.579112	(00.010514 +- 00.000543)	[00.007809,00.020918]
01_filter               	    815	00.222295	(00.000273 +- 00.000028)	[00.000116,00.002236]
02_preint               	    813	00.030395	(00.000037 +- 00.000005)	[00.000024,00.000146]
02a_intensity_preprocess	    815	02.013863	(00.002471 +- 00.000102)	[00.000780,00.006182]
03_undistortion         	    813	00.541030	(00.000665 +- 00.000121)	[00.000126,00.002160]
04_sampling             	    812	00.380164	(00.000468 +- 00.000163)	[00.000063,00.002124]
04b_intensity_sampling  	    812	00.521312	(00.000642 +- 00.000162)	[00.000123,00.001798]
05_registration         	    812	02.681538	(00.003302 +- 00.001161)	[00.000667,00.010404]
06_map                  	    812	00.589777	(00.000726 +- 00.000066)	[00.000135,00.003131]
07_imu_opt              	    812	01.091266	(00.001344 +- 00.000174)	[00.000002,00.003554]
08_publish              	    812	06.655757	(00.008197 +- 00.000434)	[00.000462,00.022598]
step                    	    815	14.802881	(00.018163 +- 00.001529)	[00.003975,00.047284]

INFO  Timings:
SM Timing
-----------
00_conversion_livox     	    817	08.589637	(00.010514 +- 00.000543)	[00.007809,00.020918]
01_filter               	    816	00.222623	(00.000273 +- 00.000028)	[00.000116,00.002236]
02_preint               	    814	00.030445	(00.000037 +- 00.000005)	[00.000024,00.000146]
02a_intensity_preprocess	    816	02.017305	(00.002472 +- 00.000102)	[00.000780,00.006182]
03_undistortion         	    814	00.541948	(00.000666 +- 00.000120)	[00.000126,00.002160]
04_sampling             	    813	00.380891	(00.000469 +- 00.000161)	[00.000063,00.002124]
04b_intensity_sampling  	    813	00.522135	(00.000642 +- 00.000162)	[00.000123,00.001798]
05_registration         	    813	02.687173	(00.003305 +- 00.001146)	[00.000667,00.010404]
06_map                  	    813	00.591137	(00.000727 +- 00.000076)	[00.000135,00.003131]
07_imu_opt              	    813	01.092756	(00.001344 +- 00.000174)	[00.000002,00.003554]
08_publish              	    813	06.668712	(00.008203 +- 00.000425)	[00.000462,00.022598]
step                    	    816	14.830709	(00.018175 +- 00.001504)	[00.003975,00.047284]

INFO  Timings:
SM Timing
-----------
00_conversion_livox     	    818	08.600536	(00.010514 +- 00.000539)	[00.007809,00.020918]
01_filter               	    817	00.222928	(00.000273 +- 00.000028)	[00.000116,00.002236]
02_preint               	    815	00.030495	(00.000037 +- 00.000005)	[00.000024,00.000146]
02a_intensity_preprocess	    817	02.020806	(00.002473 +- 00.000102)	[00.000780,00.006182]
03_undistortion         	    815	00.542794	(00.000666 +- 00.000119)	[00.000126,00.002160]
04_sampling             	    814	00.381739	(00.000469 +- 00.000162)	[00.000063,00.002124]
04b_intensity_sampling  	    814	00.522753	(00.000642 +- 00.000163)	[00.000123,00.001798]
05_registration         	    814	02.692066	(00.003307 +- 00.001132)	[00.000667,00.010404]
06_map                  	    814	00.592210	(00.000728 +- 00.000076)	[00.000135,00.003131]
07_imu_opt              	    814	01.094193	(00.001344 +- 00.000174)	[00.000002,00.003554]
08_publish              	    814	06.681208	(00.008208 +- 00.000426)	[00.000462,00.022598]
step                    	    817	14.856859	(00.018185 +- 00.001500)	[00.003975,00.047284]

INFO  Timings:
SM Timing
-----------
00_conversion_livox     	    819	08.610859	(00.010514 +- 00.000540)	[00.007809,00.020918]
01_filter               	    818	00.223206	(00.000273 +- 00.000029)	[00.000116,00.002236]
02_preint               	    816	00.030541	(00.000037 +- 00.000005)	[00.000024,00.000146]
02a_intensity_preprocess	    818	02.024226	(00.002475 +- 00.000103)	[00.000780,00.006182]
03_undistortion         	    816	00.543692	(00.000666 +- 00.000119)	[00.000126,00.002160]
04_sampling             	    815	00.382379	(00.000469 +- 00.000162)	[00.000063,00.002124]
04b_intensity_sampling  	    815	00.523420	(00.000642 +- 00.000163)	[00.000123,00.001798]
05_registration         	    815	02.697197	(00.003309 +- 00.001115)	[00.000667,00.010404]
06_map                  	    815	00.593359	(00.000728 +- 00.000077)	[00.000135,00.003131]
07_imu_opt              	    815	01.095718	(00.001344 +- 00.000173)	[00.000002,00.003554]
08_publish              	    815	06.694977	(00.008215 +- 00.000434)	[00.000462,00.022598]
step                    	    818	14.884473	(00.018196 +- 00.001484)	[00.003975,00.047284]

INFO  Timings:
SM Timing
-----------
00_conversion_livox     	    820	08.623351	(00.010516 +- 00.000598)	[00.007809,00.020918]
01_filter               	    819	00.223560	(00.000273 +- 00.000029)	[00.000116,00.002236]
02_preint               	    817	00.030598	(00.000037 +- 00.000005)	[00.000024,00.000146]
02a_intensity_preprocess	    819	02.028381	(00.002477 +- 00.000155)	[00.000780,00.006182]
03_undistortion         	    817	00.544658	(00.000667 +- 00.000119)	[00.000126,00.002160]
04_sampling             	    816	00.383204	(00.000470 +- 00.000163)	[00.000063,00.002124]
04b_intensity_sampling  	    816	00.524296	(00.000643 +- 00.000164)	[00.000123,00.001798]
05_registration         	    816	02.703790	(00.003313 +- 00.001139)	[00.000667,00.010404]
06_map                  	    816	00.594709	(00.000729 +- 00.000087)	[00.000135,00.003131]
07_imu_opt              	    816	01.097475	(00.001345 +- 00.000176)	[00.000002,00.003554]
08_publish              	    816	06.710683	(00.008224 +- 00.000598)	[00.000462,00.022598]
step                    	    819	14.917214	(00.018214 +- 00.001730)	[00.003975,00.047284]

INFO  Timings:
SM Timing
-----------
00_conversion_livox     	    821	08.636401	(00.010519 +- 00.000690)	[00.007809,00.020918]
01_filter               	    820	00.223920	(00.000273 +- 00.000029)	[00.000116,00.002236]
02_preint               	    818	00.030654	(00.000037 +- 00.000005)	[00.000024,00.000146]
02a_intensity_preprocess	    820	02.032530	(00.002479 +- 00.000192)	[00.000780,00.006182]
03_undistortion         	    818	00.545561	(00.000667 +- 00.000119)	[00.000126,00.002160]
04_sampling             	    817	00.383962	(00.000470 +- 00.000162)	[00.000063,00.002124]
04b_intensity_sampling  	    817	00.525155	(00.000643 +- 00.000165)	[00.000123,00.001798]
05_registration         	    817	02.710064	(00.003317 +- 00.001151)	[00.000667,00.010404]
06_map                  	    817	00.596066	(00.000730 +- 00.000093)	[00.000135,00.003131]
07_imu_opt              	    817	01.099156	(00.001345 +- 00.000178)	[00.000002,00.003554]
08_publish              	    817	06.725936	(00.008232 +- 00.000687)	[00.000462,00.022598]
step                    	    820	14.948952	(00.018230 +- 00.001876)	[00.003975,00.047284]

INFO  Done with for loop.
INFO  Bag closed
