stamp,candidates,valid_matches,immature_matches,match_ratio,r_abs_p50,r_abs_p75,r_abs_p90,r_abs_p95,r_abs_max,r_signed_median,grad_p50,grad_p75,grad_p90,grad_p95,J_norm_p50,J_norm_p90,J_norm_p99,J_norm_max,Jdof_p90_rx,Jdof_p90_ry,Jdof_p90_rz,Jdof_p90_tx,Jdof_p90_ty,Jdof_p90_tz,H_geo_fro,H_photo_fro,H_photo_trace,b_geo_norm,b_photo_norm,R_H_unscaled,R_b_unscaled,R_H_scaled,lambda_ref,eig1,eig2,eig3,eig4,eig5,eig6,photo_step_t_mm,photo_step_r_deg,lm_iterations,lm_accepted,lm_rejected,reject_rate,lm_initial_cost,lm_final_cost,geo_cost,photo_cost,pose_delta_t_m,pose_delta_r_deg,photo_effective_residuals,fd_samples,fd_median_rel_err,fd_p95_rel_err,fd_done,photometric_scale,fd_level_a_samples,fd_level_a_median,fd_level_a_p95,fd_level_a_sign,fd_level_b_points,fd_level_b_scalars,fd_level_b_median,fd_level_b_p95,fd_level_b_sign,fd_b_rx_med,fd_b_rx_p95,fd_b_ry_med,fd_b_ry_p95,fd_b_rz_med,fd_b_rz_p95,fd_b_tx_med,fd_b_tx_p95,fd_b_ty_med,fd_b_ty_p95,fd_b_tz_med,fd_b_tz_p95,fd_b_analytic_p50,fd_b_analytic_p90,fd_b_analytic_p99,fd_b_numeric_p50,fd_b_numeric_p90,fd_b_numeric_p99,fd_c_voxel_switch,fd_c_cell_switch,fd_c_validity_switch,fd_c_noswitch_samples,fd_c_noswitch_median,fd_c_noswitch_p95,photo_near_fraction,photo_near_r_p50,photo_near_r_p90,photo_far_r_p50,photo_far_r_p90,geo_lambda1,geo_lambda2,geo_lambda3,geo_two_weak_flag,eta_world_x,eta_world_y,eta_world_z,eta_abs_dot_prev,eta_angle_prev_deg,weak_subspace_diff_F,selected_voxel_jaccard,selected_voxel_retention,selected_score_p10,selected_score_p50,selected_score_p90,selected_score_max,candidate_score_p50,candidate_score_p90,candidate_score_p99,q_geo_v1,q_geo_v2,q_photo_v1,q_photo_v2,s_geo_v1,s_geo_v2,s_photo_v1,s_photo_v2,parity_count_serial,parity_count_parallel,parity_cost_rel,parity_H_rel,parity_b_rel,source_near_fraction,photo_near_r_p95,photo_far_r_p95,photo_near_inlier_fraction,photo_far_inlier_fraction,photo_near_grad_p50,photo_near_grad_p90,photo_far_grad_p50,photo_far_grad_p90,photo_near_J_p50,photo_near_J_p90,photo_far_J_p50,photo_far_J_p90,photo_near_H_fraction
1691509832356948442,2999,1532,1437,0.510837,6.29871,11.2534,20.6544,32.9947,208.039,-0.46609,196.556,346.503,631.416,919.186,401.265,1537.69,5078,28341.7,778.999,691.327,817.207,372.309,385.123,189.827,88071.8,1692.45,2754.84,0.00352891,2.67277,0,0,0.0192168,0,41.6258,57.3378,95.0533,452.044,594.75,1514.03,0,0,5,5,6,0.545455,1,2.55911,2.55911,0.275019,0.00534905,0.126813,1532,0,0,0,0,0.001,0,0,0,0,0,0,0,0,0,0,0,0,0,0,0,0,0,0,0,0,0,0,0,0,0,0,0,0,0,0,0,0,0,0.150131,4.61756,11.7216,6.53265,22.0072,82.7078,530.277,635.015,1,0.823275,0.567535,-0.0110433,1,0,0,0,0,366.437,466.622,1002.89,2200.78,26.6433,303.767,936.943,840.196,2670.17,142.567,247.506,3.78874e-05,-0.000768719,-1.1887,-0.40518,0,0,0,0,0,0.0766922,14.7341,38.1781,1,0.99232,143.977,312.37,212.584,663.547,202.02,456.918,476.547,1731.22,0.00874742
1691509832456941785,2946,1976,915,0.67074,7.0248,13.7571,26.9775,51.1849,223.686,-0.513804,238.14,435.569,799.295,1174.04,608.449,2255.15,6045.04,12994,1091.13,987.465,1281.92,439.192,480.372,240.852,113532,2631.26,4349.14,17.5016,5.74527,0,0,0.0231765,0,60.4615,82.4444,117.858,545.246,1368.44,2174.69,0,0,2,1,11,0.916667,1,2.12624,2.12624,0.74306,0.000196265,0.0380736,1976,0,0,0,0,0.001,0,0,0,0,0,0,0,0,0,0,0,0,0,0,0,0,0,0,0,0,0,0,0,0,0,0,0,0,0,0,0,0,0,0.0328947,5.64964,16.3862,7.08837,27.483,84.5462,616.387,677.066,1,0.833892,0.551228,0.0277677,0.999058,2.48774,0.0692641,0.612903,0.76,439.57,589.217,1249.4,2174.4,41.2869,342.616,1044.13,864.26,2823.89,204.391,240.934,-3.66026,-0.578699,1.8072,-0.147039,0,0,0,0,0,0.0220638,22.3545,53.0021,1,0.976975,159.731,574.819,241.174,809.539,220.734,926.125,624.18,2314.32,0.00336099
1691509832556922176,2831,1970,794,0.695867,7.40565,15.2482,35.4898,66.3682,198.156,-0.286648,275.581,549.536,1082.1,1500.17,741.048,3070.14,7277.68,16416.9,1441.59,1346.41,1705.65,582.812,636.092,357.972,101682,4494.14,7542.35,0.593043,4.36361,0,0,0.044198,0,92.1709,135.255,243.135,974.675,2512.82,3584.3,0,0,4,3,9,0.75,1,2.46247,2.46247,0.89621,0.00776642,0.0917721,1970,0,0,0,0,0.001,0,0,0,0,0,0,0,0,0,0,0,0,0,0,0,0,0,0,0,0,0,0,0,0,0,0,0,0,0,0,0,0,0,0.0319797,5.76027,13.9852,7.5076,36.3851,90.1945,649.085,674.72,1,0.837074,0.522587,0.161895,0.99059,7.86646,0.272293,0.709402,0.83,543.003,680.895,1591.96,2716.7,57.4418,391.341,1254.41,840.237,2507.53,332.097,324.268,0.0598567,-0.0894945,1.75988,1.70449,0,0,0,0,0,0.0222536,20.6421,68.7105,1,0.969586,158.699,674.81,278.429,1112.54,227.882,1079.14,768.121,3130.52,0.00264972
1691509832657014955,2704,1986,661,0.734467,7.45563,17.2697,35.1541,65.4552,176.118,-0.0907922,291.708,566.304,1068.6,1495.47,798.695,3274.72,7826.92,16604.5,1413.29,1389.48,1998.41,550.502,637.75,331.757,119229,5636.38,8810.95,0.456731,5.55057,0,0,0.0472735,0,78.4981,125.381,207.006,936.48,2512.26,4951.32,0,0,4,4,8,0.666667,1,2.98727,2.98727,0.865977,0.00234517,0.0652323,1986,0,0,0,0,0.001,0,0,0,0,0,0,0,0,0,0,0,0,0,0,0,0,0,0,0,0,0,0,0,0,0,0,0,0,0,0,0,0,0,0.0181269,5.93372,16.7655,7.5692,35.5763,90.3822,658.182,697.436,1,-0.838079,-0.534387,-0.109791,0.998572,3.06185,0.104921,0.769912,0.87,570.267,706.034,1657.99,3009.63,75.9187,418.613,1337.87,846.129,2635.13,325.239,405.92,0.0435402,0.0124426,-1.4502,0.629221,0,0,0,0,0,0.0133136,27.6598,65.9662,1,0.970256,174.948,651.446,293.835,1080.43,253.701,1009.98,808.13,3308.32,0.00138439
1691509832757141503,2660,1878,752,0.706015,7.91188,17.9315,47.1939,72.6316,199.692,-0.344618,334.622,660.21,1120.05,1479.73,963.311,3383.76,7226.3,19963.4,1612.35,1474.18,2165.86,588.492,740.923,394.251,117856,5573.2,8906.93,16.0276,5.7399,0,0,0.0472883,0,94.3974,115.087,223.077,1213.78,2373.86,4886.73,0,0,1,0,9,1,1,2.94088,2.94088,0.968503,0,0,1878,0,0,0,0,0.001,0,0,0,0,0,0,0,0,0,0,0,0,0,0,0,0,0,0,0,0,0,0,0,0,0,0,0,0,0,0,0,0,0,0.014377,8.48833,20.664,7.88637,47.796,88.6255,679.303,701.072,1,0.837131,0.518551,0.174118,0.997805,3.79682,0.139624,0.709402,0.83,672.478,871.573,1638.18,2757.01,92.3861,479.592,1460.1,843.289,2694.25,284.468,401.826,-4.35825,0.635424,1.04599,1.11139,0,0,0,0,0,0.0101504,29.7438,73.1925,1,0.968666,170.217,708.011,335.666,1125.06,270.39,1084.46,977.33,3414.33,0.0011745
1691509832857243565,2616,1732,836,0.66208,10.3453,25.2413,66.1003,90.7624,176.973,-0.105297,363.341,704.109,1198.9,1542.17,1020.66,3576.94,7620.5,20093.5,1762.35,1676.33,2144.69,656.266,729.848,444.588,95206.4,5593.57,9079.86,6.93676,2.90779,0,0,0.058752,0,106.112,118.567,241.861,1310.93,2463.08,4839.3,0,0,2,1,9,0.9,1,3.34052,3.34052,1.23869,0.00463783,0.027339,1732,0,0,0,0,0.001,0,0,0,0,0,0,0,0,0,0,0,0,0,0,0,0,0,0,0,0,0,0,0,0,0,0,0,0,0,0,0,0,0,0.0155889,6.20553,16.4041,10.5925,66.5898,83.5209,661.772,675.707,1,0.829984,0.490866,0.26491,0.99547,5.4559,0.198196,0.724138,0.84,723.058,954.952,1755.99,2920.23,112.951,522.118,1624.88,805.358,2539.01,309.556,377.984,0.0249941,0.143633,1.49896,0.657241,0,0,0,0,0,0.0103211,24.7444,91.9595,1,0.957771,325.767,742.534,363.415,1201.57,475.688,1216.98,1037.79,3611.03,0.00162769
1691509832957094154,2673,1764,857,0.659933,11.5247,27.293,65.9576,95.2771,243.977,0.394008,392.873,742.905,1206.9,1561.86,1141.87,3781.33,8404.69,26950.5,1912.29,1746.15,2435.38,665.249,767.647,491.421,99198.2,6357.06,10765.2,2.06889,15.7534,0,0,0.0640845,0,157.988,215.682,308.923,1823.67,2943.15,5315.77,0,0,4,4,8,0.666667,1,4.05626,4.05626,1.34944,0.00956596,0.0442664,1764,0,0,0,0,0.001,0,0,0,0,0,0,0,0,0,0,0,0,0,0,0,0,0,0,0,0,0,0,0,0,0,0,0,0,0,0,0,0,0,0.015873,7.24796,19.2076,11.6489,66.3253,86.2504,670.203,681.547,1,0.826456,0.437961,0.353781,0.994645,5.93197,0.196869,0.754386,0.86,781.342,1063.23,1790.95,3061.62,143.805,587.817,1582.32,894.405,2523.1,335.804,517.751,0.3632,-0.0517835,-1.09019,-1.1962,0,0,0,0,0,0.0104751,28.0745,95.8179,1,0.950461,224.542,774.227,392.98,1209.77,325.395,1252.31,1155.79,3795.83,0.00132033
1691509833057097669,2629,1845,759,0.701788,11.7262,27.6171,54.5501,84.5018,196.047,0.513279,418.161,745.098,1190.68,1517.66,1213.98,3809.47,8387.82,64527,1894.58,1585.59,2618.57,654.686,857.765,317.205,110960,10359.4,14839.9,4.33964,9.79885,0,0,0.0933623,0,100.688,144.017,221.628,1352.09,3299.08,9722.45,0,0,2,1,11,0.916667,1,2.76754,2.76754,1.1887,0.0021632,0.0460787,1845,0,0,0,0,0.001,0,0,0,0,0,0,0,0,0,0,0,0,0,0,0,0,0,0,0,0,0,0,0,0,0,0,0,0,0,0,0,0,0,0.0151762,6.37258,12.2155,11.9809,54.911,92.3309,660.349,697.32,1,0.83738,0.543455,0.0587569,0.950856,18.0371,0.607971,0.666667,0.8,775.361,1087.93,1885.94,2544,148.081,559.222,1770.69,912.527,2762.94,520.062,533.761,-0.501483,0.439674,0.392739,0.571518,0,0,0,0,0,0.0106504,13.423,84.9745,1,0.963126,261.921,721.555,419.875,1197.52,411.159,1189.89,1230.71,3869.04,0.00100235
1691509833157069399,2563,1934,610,0.754584,11.8873,27.2136,54.5704,78.1809,235.036,0.874964,407.378,739.383,1196.31,1489.66,1204.15,3844.63,7995.46,15963,1792.38,1573.28,2677.58,664.531,840.802,299.126,117914,7043.45,11142.3,3.97041,11.4656,0,0,0.0597336,0,96.2071,105.351,194.796,1693.72,2836.11,6216.08,0,0,2,1,9,0.9,1,3.21289,3.21289,1.18211,0.00452026,0.0688131,1934,0,0,0,0,0.001,0,0,0,0,0,0,0,0,0,0,0,0,0,0,0,0,0,0,0,0,0,0,0,0,0,0,0,0,0,0,0,0,0,0.0149948,8.05342,17.0738,12.0618,55.2242,93.688,660.259,699.053,1,0.836851,0.543821,0.0627695,0.999992,0.232842,0.00623617,0.818182,0.9,820.178,1093.84,1926.59,2532.03,157.435,563.422,1872.86,934.785,2807.98,330.513,495.429,-0.739773,-0.0814664,-0.144136,1.24395,0,0,0,0,0,0.0113149,20.753,78.634,1,0.970604,235.153,785.045,408.339,1203.13,385.977,1239.16,1225.69,3864.42,0.00144759
1691509833256792964,2590,2074,508,0.800772,11.7837,26.9509,50.1593,76.5464,184.307,1.66757,394.499,714.02,1153.55,1457.59,1215.05,3726.37,7711.62,13748.1,1754.67,1511.78,2541.79,632.792,841.345,261.756,116850,7327.76,11538.8,0.738506,22.0201,0,0,0.0627107,0,103.376,110.926,191.654,1695.95,2953.17,6483.74,0,0,3,3,8,0.727273,1,2.74815,2.74815,1.14242,0.0020651,0.0410666,2074,0,0,0,0,0.001,0,0,0,0,0,0,0,0,0,0,0,0,0,0,0,0,0,0,0,0,0,0,0,0,0,0,0,0,0,0,0,0,0,0.0130183,7.61306,18.0574,11.9258,50.7174,90.4996,668.386,703.115,1,0.837083,0.544045,0.0575053,0.999986,0.30218,0.00832341,0.886792,0.94,860.834,1118.99,1942.08,2339.99,165.277,589.043,1898.53,942.365,2735.5,331.73,533.11,-0.0190075,0.0189599,-1.41953,4.34986,0,0,0,0,0,0.0104247,20.5226,77.3231,1,0.974597,204.474,757.582,395.494,1157,310.384,1216.41,1235.11,3744.27,0.00108745
1691509833356703314,2557,2120,419,0.829097,11.9292,26.4625,47.52,69.9787,219.094,2.66189,392.933,684.745,1112.54,1445.1,1165.38,3523.96,7754.5,16221.2,1681.03,1499.49,2327.52,609.579,777.381,298.402,127645,6942.18,11210.6,15.57,15.6871,0,0,0.0543865,0,90.0405,97.7582,216.875,1780.85,3057.9,5967.16,0,0,1,1,8,0.888889,1,2.92279,2.92279,1.13171,5.6572e-07,0.000125036,2120,0,0,0,0,0.001,0,0,0,0,0,0,0,0,0,0,0,0,0,0,0,0,0,0,0,0,0,0,0,0,0,0,0,0,0,0,0,0,0,0.0127358,7.58607,17.4567,12.0642,47.8721,92.8975,682.727,710.375,1,-0.83979,-0.520539,-0.15425,0.99504,5.70878,0.192722,0.834862,0.91,879.292,1135.36,1959.74,2732.32,175.016,611.612,1823.27,915.61,2688.96,317.924,488.05,-0.671799,2.71919,1.0607,-3.42526,0,0,0,0,0,0.0105592,21.9414,70.3061,1,0.977544,214.024,708.415,394.901,1119.04,324.962,1133.72,1177.81,3549.38,0.000977519
1691509833456853839,2664,2269,386,0.851727,9.77259,22.0859,40.5588,53.571,175.191,2.13102,372.482,683.951,1120.68,1454.13,1145.98,3687.46,8743.13,28425.6,1680.19,1726.77,2327.47,587.724,735.722,445.516,127219,8545.15,14249.1,3.33088,9.19645,0,0,0.0671688,0,128.673,132.318,271.06,2086.35,5135.93,6494.73,0,0,2,1,9,0.9,1,2.46192,2.46192,0.708892,0.00480487,0.0537756,2269,0,0,0,0,0.001,0,0,0,0,0,0,0,0,0,0,0,0,0,0,0,0,0,0,0,0,0,0,0,0,0,0,0,0,0,0,0,0,0,0,0,0,9.77259,40.5588,89.6768,694.472,708.852,1,0.816658,0.339421,0.466759,0.9345,20.8526,0.699057,0.639344,0.78,838.392,1052.97,1673.97,3670.11,195.181,653.195,1619.78,877.297,2563.73,327.964,416.003,0.0211834,0.0275957,0.798831,0.788228,0,0,0,0,0,0,0,53.571,0,0.991626,0,0,372.482,1120.68,0,0,1145.98,3687.46,0
1691509833557372641,2505,2069,422,0.825948,10.9499,24.153,42.2255,60.9732,235.187,2.54649,380.299,734.344,1174.46,1518.55,1148.78,3888.45,8878.34,17640.5,1759.35,1478.99,2781.68,645.589,846.497,290.764,128305,8328.39,13157.3,1.05512,13.1022,0,0,0.0649107,0,71.9657,111.053,210.047,2018.09,3438.16,7308,0,0,3,2,9,0.818182,1,2.20945,2.20945,0.905766,0.00534312,0.029262,2069,0,0,0,0,0.001,0,0,0,0,0,0,0,0,0,0,0,0,0,0,0,0,0,0,0,0,0,0,0,0,0,0,0,0,0,0,0,0,0,0.0140164,6.33454,17.2031,11.0586,43.0456,96.6982,695.634,712.668,1,0.836744,0.506661,0.207737,0.952268,17.7741,0.603363,0.639344,0.78,890.15,1195.1,1885.38,2091.42,187.982,611.757,1776.05,903.532,2675.24,346.651,574.074,-0.0265198,0.0744549,-1.0708,-4.03691,0,0,0,0,0,0.0115768,19.0195,61.4924,1,0.981863,250.549,767.175,381.465,1178.65,363.035,1226.53,1164.29,3923.55,0.00118589
1691509833657102222,2622,2237,377,0.853166,10.228,22.2249,39.9199,54.4798,177.247,3.27184,387.107,687.89,1126.55,1456.43,1236.1,3742.85,8316.62,24961.6,1612.6,1663.84,2451.29,598.061,732.527,429.857,128686,8436.12,14100.6,0.117482,10.1443,0,0,0.0655558,0,127.905,137.031,252.761,2233.31,4759.74,6589.86,0,0,3,2,8,0.8,1,2.15924,2.15924,0.776147,0.000660749,0.0221121,2237,0,0,0,0,0.001,0,0,0,0,0,0,0,0,0,0,0,0,0,0,0,0,0,0,0,0,0,0,0,0,0,0,0,0,0,0,0,0,0,0,0,0,10.228,39.9199,91.9241,702.056,709.02,1,0.824267,0.383788,0.416282,0.970628,13.9211,0.477813,0.724138,0.84,880.86,1122.19,1654.07,2295.24,207.08,666.861,1618.15,880.871,2571.24,330.899,440.771,0.0218446,0.00146704,0.230897,-1.56857,0,0,0,0,0,0,0,54.4798,0,0.988377,0,0,387.107,1126.55,0,0,1236.1,3742.85,0
1691509833757021103,2532,2217,312,0.875592,10.4753,21.4782,36.9572,50.0199,198.929,2.66547,385.43,673.667,1102.54,1358.9,1157.19,3666.7,8778.76,23748,1583.17,1504.15,2527.82,621.828,774.772,270.29,129616,8586.11,13977.4,0.374368,10.8118,0,0,0.0662425,0,74.8713,110.857,252.072,1922.51,4698.13,6918.92,0,0,4,4,11,0.733333,1,2.267,2.267,0.731714,0.00272413,0.0422128,2217,0,0,0,0,0.001,0,0,0,0,0,0,0,0,0,0,0,0,0,0,0,0,0,0,0,0,0,0,0,0,0,0,0,0,0,0,0,0,0,0.0135318,6.42724,22.3796,10.5899,37.2456,93.7826,681.212,710.005,1,-0.837731,-0.53434,-0.112634,0.942475,19.5285,0.658814,0.680672,0.81,915.23,1168.44,1811.18,2637.5,190.088,618.154,1742.28,916.68,2736.68,340.865,482.476,-0.0658682,-0.363001,-0.0354959,-1.75706,0,0,0,0,0,0.0118483,24.4333,50.0308,1,0.987654,220.854,754.843,387.808,1105.18,340.752,1200.53,1169,3673.37,0.000995673
1691509833856895933,2657,2282,349,0.858863,9.34296,19.5096,33.7966,49.2464,199.684,2.21529,363.821,676.132,1078.09,1386.98,1183.38,3657.73,8406.84,22259.6,1635.68,1736.37,2144.94,595.566,669.964,489.697,124570,8157.24,13668.8,2.69829,7.91379,0,0,0.0654829,0,123.656,144.951,250.916,2148.98,4687.84,6312.47,0,0,2,2,8,0.8,1,2.15714,2.15714,0.669701,0.0017725,0.0229318,2282,0,0,0,0,0.001,0,0,0,0,0,0,0,0,0,0,0,0,0,0,0,0,0,0,0,0,0,0,0,0,0,0,0,0,0,0,0,0,0,0,0,0,9.34296,33.7966,95.0695,692.092,706.839,1,0.812477,0.321076,0.486611,0.907011,24.9046,0.819004,0.574803,0.73,865.956,1057.59,1638.73,2077.71,214.604,684.696,1573.55,908.919,2540.27,307.005,400.745,-0.124861,-0.492533,-0.386974,0.315361,0,0,0,0,0,0,0,49.2464,0,0.989483,0,0,363.821,1078.09,0,0,1183.38,3657.73,0
1691509833956938439,2535,2258,268,0.89073,10.6349,20.7321,36.2016,61.4278,181.238,2.42169,383.434,668.401,1079.82,1356.82,1192.55,3620.95,8557.05,23491.8,1496.96,1591.78,2485.75,617.504,699.258,348.014,119657,8056.68,13095.8,2.92071,16.3764,0,0,0.0673315,0,69.1073,102.432,263.369,1717.82,4471.62,6471.41,0,0,2,1,9,0.9,1,2.35339,2.35339,0.893746,0.00289994,0.029975,2258,0,0,0,0,0.001,0,0,0,0,0,0,0,0,0,0,0,0,0,0,0,0,0,0,0,0,0,0,0,0,0,0,0,0,0,0,0,0,0,0,0,0,10.6349,36.2016,91.1941,680.521,702.285,1,0.838284,0.477267,0.263623,0.962607,15.7179,0.539747,0.626016,0.77,899.477,1176.9,1770.87,2050.38,217.283,672.914,1596.36,905.864,2642.02,350.985,434.41,0.330984,-0.46857,1.56326,2.42541,0,0,0,0,0,0,0,61.4278,0,0.982285,0,0,383.434,1079.82,0,0,1192.55,3620.95,0
1691509834056745231,2499,2292,205,0.917167,10.2282,19.8714,34.6364,49.6424,183.118,2.07724,369.47,642.384,1042.46,1356.46,1155.96,3610.97,8323.88,21209.2,1451.91,1477.41,2550.57,596.539,698.892,301.783,127951,8453.84,13764.6,5.54265,16.4725,0,0,0.0660711,0,64.1055,97.4927,268.788,1844.05,4752.88,6737.29,0,0,3,2,11,0.846154,1,2.2569,2.2569,0.762581,7.72264e-05,0.0174901,2292,0,0,0,0,0.001,0,0,0,0,0,0,0,0,0,0,0,0,0,0,0,0,0,0,0,0,0,0,0,0,0,0,0,0,0,0,0,0,0,0,0,0,10.2282,34.6364,91.6645,685.106,704.23,1,0.83741,0.492953,0.236096,0.999498,1.81602,0.0608436,0.904762,0.95,933.767,1190.93,1765.7,2208.04,219.901,673.842,1634.99,964.384,2677.85,362.012,421.954,-1.41082,0.105396,0.45004,2.94338,0,0,0,0,0,0,0,49.6424,0,0.987347,0,0,369.47,1042.46,0,0,1155.96,3610.97,0
1691509834156859117,2486,2248,228,0.904264,10.0788,19.9173,34.0165,49.9344,186.145,2.57965,359.73,644.814,1047.32,1394.99,1120.24,3638.74,8525.25,17508.1,1459.86,1461.92,2509.73,579.968,699.25,298.048,134853,8176.54,13170.3,8.5516,12.6024,0,0,0.0606329,0,71.7706,93.5318,240.841,1715.84,4339.29,6708.98,0,0,2,1,9,0.9,1,2.44126,2.44126,0.753807,0.00129729,0.0557022,2248,0,0,0,0,0.001,0,0,0,0,0,0,0,0,0,0,0,0,0,0,0,0,0,0,0,0,0,0,0,0,0,0,0,0,0,0,0,0,0,0,0,0,10.0788,34.0165,93.8591,688.221,711.92,1,0.839709,0.514178,0.174667,0.997885,3.7268,0.124752,0.869159,0.93,924.578,1177.06,1712.54,2282.55,217.866,658.432,1637.37,930.532,2768.52,336.268,442.222,-0.357028,0.188519,-0.784628,-0.256147,0,0,0,0,0,0,0,49.9344,0,0.986655,0,0,359.73,1047.32,0,0,1120.24,3638.74,0
1691509834256833376,2489,2189,293,0.87947,10.3484,20.3371,37.9112,57.6076,211.704,2.33986,373.293,658.786,1064.25,1426.37,1171.39,3833.73,9103.73,21668.3,1490.38,1655.56,2593.15,615.871,706.717,328.545,129096,8917.8,14534.7,31.5025,16.6678,0,0,0.0690786,0,73.6344,93.724,260.174,1896.94,5298.12,6912.08,0,0,1,1,8,0.888889,1,2.41439,2.41439,0.87609,3.19424e-07,0.000256234,2189,0,0,0,0,0.001,0,0,0,0,0,0,0,0,0,0,0,0,0,0,0,0,0,0,0,0,0,0,0,0,0,0,0,0,0,0,0,0,0,0,0,0,10.3484,37.9112,92.2679,676.172,703.56,1,-0.837555,-0.516573,-0.177914,0.99999,0.26204,0.0133265,0.923077,0.96,921.749,1171.59,1702.3,2207.87,222.545,666.283,1608.72,931.875,2763.7,349.928,433.984,0.66419,2.13161,1.03579,0.239148,0,0,0,0,0,0,0,57.6076,0,0.984468,0,0,373.293,1064.25,0,0,1171.39,3833.73,0
1691509834356921549,2477,2153,322,0.869197,10.5702,20.6577,34.6144,51.0191,181.476,0.964924,376.513,665.697,1088.51,1400.62,1165.83,3833.6,8607.12,20642.7,1442.35,1775.75,2615.85,642.125,676.653,334.581,131802,8913.13,14379.4,3.15883,15.8207,0,0,0.0676253,0,74.3848,93.5006,265.722,1742.66,5136.05,7067.05,0,0,2,1,9,0.9,1,2.07974,2.07974,0.781693,0.00204207,0.0236184,2153,0,0,0,0,0.001,0,0,0,0,0,0,0,0,0,0,0,0,0,0,0,0,0,0,0,0,0,0,0,0,0,0,0,0,0,0,0,0,0,0,0,0,10.5702,34.6144,89.0814,676.059,707.86,1,-0.836169,-0.537161,-0.110813,0.997536,4.02312,0.142914,0.904762,0.95,914.61,1128.44,1700.94,2268.8,225.556,666.748,1650.37,907.968,2826.1,345.682,418.413,-0.11215,0.321415,1.15826,-0.638086,0,0,0,0,0,0,0,51.0191,0,0.982815,0,0,376.513,1088.51,0,0,1165.83,3833.6,0
1691509834457066367,2404,2109,292,0.877288,9.6701,18.8496,32.5113,47.8054,202.534,1.53815,365.949,625.206,1016.45,1328.3,1146.65,3770.75,8263.44,24518.8,1391.87,1670.58,2493.98,589.08,650.979,326.729,131773,7992.83,12903.5,0.237544,11.7609,0,0,0.0606562,0,62.6664,72.4344,226.944,1539.71,4817.37,6184.41,0,0,4,3,8,0.727273,1,2.21767,2.21767,0.642462,0.00290571,0.0513223,2109,0,0,0,0,0.001,0,0,0,0,0,0,0,0,0,0,0,0,0,0,0,0,0,0,0,0,0,0,0,0,0,0,0,0,0,0,0,0,0,0,0,0,9.6701,32.5113,89.7464,672.389,712.864,1,-0.838378,-0.538065,-0.0872243,0.999719,1.35847,0.0475627,0.851852,0.92,926.462,1113.39,1692.36,2278.59,226.397,682.182,1611.56,922.818,2810.89,303.688,354.905,-0.00892056,-0.00921449,1.43521,-0.363147,0,0,0,0,0,0,0,47.8054,0,0.987198,0,0,365.949,1016.45,0,0,1146.65,3770.75,0
1691509834557057710,2386,2125,254,0.890612,9.56586,19.7474,35.9369,56.2101,182.702,2.20623,340.893,573.259,947.614,1299.64,1081.53,3476.62,7784,12634.4,1301.83,1563.54,2315.3,560.356,610.094,311.105,129207,6504.44,10490.6,11.2785,19.7177,0,0,0.0503414,0,69.8239,76.0334,203.668,1388.34,3370.52,5382.17,0,0,3,2,11,0.846154,1,2.08632,2.08632,0.776525,0.000206347,0.0387493,2125,0,0,0,0,0.001,0,0,0,0,0,0,0,0,0,0,0,0,0,0,0,0,0,0,0,0,0,0,0,0,0,0,0,0,0,0,0,0,0,0,0,0,9.56586,35.9369,89.3337,674.292,710.374,1,-0.838982,-0.532829,-0.11046,0.999716,1.36517,0.0437248,0.886792,0.94,921.418,1101.55,1656.6,2252.54,230.897,694.683,1575.41,916.615,2827.07,262.611,351.043,-0.856604,-0.355257,0.223717,-3.12833,0,0,0,0,0,0,0,56.2101,0,0.980706,0,0,340.893,947.614,0,0,1081.53,3476.62,0
1691509834656974614,2334,2098,234,0.898886,10.7504,21.5854,37.9046,62.6068,229.516,1.79176,354.074,613.908,997.257,1321.5,1104.49,3599.87,8234.9,13052.9,1349.79,1685.3,2408.75,591.916,636.389,322.441,129912,6947.86,11323.4,0.339862,25.4337,0,0,0.0534811,0,72.5234,81.7349,252.347,1521.13,3764.1,5631.59,0,0,5,4,12,0.75,1,2.64761,2.64761,0.866469,0.00525936,0.0538188,2098,0,0,0,0,0.001,0,0,0,0,0,0,0,0,0,0,0,0,0,0,0,0,0,0,0,0,0,0,0,0,0,0,0,0,0,0,0,0,0,0,0,0,10.7504,37.9046,90.7782,656.267,698.954,1,-0.837413,-0.533019,-0.120953,0.999944,0.607968,0.025028,0.886792,0.94,916.323,1098.05,1653.28,2435.92,237.211,697.001,1610.61,894.947,2832.39,313.464,365.158,-0.214213,0.0240816,1.99403,-4.71293,0,0,0,0,0,0,0,62.6068,0,0.979028,0,0,354.074,997.257,0,0,1104.49,3599.87,0
1691509834756739660,2312,2102,209,0.90917,11.2124,23.2357,42.1079,63.514,227.597,2.48402,368.823,654.24,1092.56,1413.3,1168.26,3980.47,8625.45,19024.8,1506.09,1917.72,2660.81,640.989,691.321,341.204,130267,8444.58,13460.1,10.6324,27.7642,0,0,0.0648253,0,65.4477,75.7582,258.56,1545.2,4628.99,6886.14,0,0,2,2,8,0.8,1,1.95563,1.95563,0.919379,0.00195429,0.0588387,2102,0,0,0,0,0.001,0,0,0,0,0,0,0,0,0,0,0,0,0,0,0,0,0,0,0,0,0,0,0,0,0,0,0,0,0,0,0,0,0,0,0,0,11.2124,42.1079,92.1645,655.084,708.751,1,-0.837376,-0.539135,-0.0901978,0.999508,1.7967,0.0635851,0.904762,0.95,908.086,1103.23,1682.09,2718.5,236.99,706.554,1635.33,908.657,2849.16,358.946,405.685,-0.0822729,-0.211696,-1.20857,-5.65092,0,0,0,0,0,0,0,63.514,0,0.981446,0,0,368.823,1092.56,0,0,1168.26,3980.47,0
1691509834856624806,2268,2077,190,0.915785,9.37199,18.8658,31.1105,41.5897,205.488,2.22008,353.604,612.106,1039.18,1348.51,1100.09,3590.3,8079.09,26651.6,1452.85,1553.43,2554.75,598.572,673.577,250.342,130429,7782.17,11895.1,10.2372,15.8665,0,0,0.0596659,0,53.5427,78.129,205.125,1568.99,2975.24,7014.08,0,0,2,2,8,0.8,1,1.83253,1.83253,0.470887,0.004149,0.0326597,2077,0,0,0,0,0.001,0,0,0,0,0,0,0,0,0,0,0,0,0,0,0,0,0,0,0,0,0,0,0,0,0,0,0,0,0,0,0,0,0,0,0,0,9.37199,31.1105,89.4226,654.946,710.632,1,0.837533,0.543873,0.052356,0.999273,2.18526,0.0726753,0.869159,0.93,901.91,1128.19,1677.61,2685.84,237.429,712.257,1591.76,908.824,2897.19,301.976,441.161,0.0523918,0.168756,1.82775,4.26461,0,0,0,0,0,0,0,41.5897,0,0.995185,0,0,353.604,1039.18,0,0,1100.09,3590.3,0
1691509834956694336,2210,2011,196,0.909955,9.23998,18.3193,32.0858,43.5038,137.688,1.57756,367.399,657.093,1039.57,1353.58,1131.34,4075.38,8218.75,13025.1,1477.59,1851.66,2677.37,603.413,687.667,351.519,129379,7754.29,12365.8,0.371936,7.73313,0,0,0.0599349,0,59.5425,89.7151,219.607,1564.42,3950.85,6481.71,0,0,4,4,10,0.714286,1,1.86123,1.86123,0.439953,0.00381964,0.047913,2011,0,0,0,0,0.001,0,0,0,0,0,0,0,0,0,0,0,0,0,0,0,0,0,0,0,0,0,0,0,0,0,0,0,0,0,0,0,0,0,0,0,0,9.23998,32.0858,91.9877,653.624,705.389,1,-0.839281,-0.535569,-0.0936596,0.999111,2.41613,0.083762,0.886792,0.94,898.699,1105.65,1627.6,2654.13,243.447,710.721,1544.81,905.282,2819.53,294.568,377.08,0.215149,0.041706,-0.687265,-1.60873,0,0,0,0,0,0,0,43.5038,0,0.997514,0,0,367.399,1039.57,0,0,1131.34,4075.38,0
1691509835057110691,2273,1944,325,0.855257,8.76339,18.9401,33.1792,50.8361,179.152,0.681824,373.473,686.968,1134.3,1383.05,1162.95,4166.89,8889.07,26041.5,1558.5,2001.29,2727.33,608.771,716.397,409.784,127524,8559.25,13709,0.340972,7.71348,0,0,0.0671186,0,74.9939,85.6277,245.547,1647.19,4699.14,6956.46,0,0,6,6,12,0.666667,1,2.00703,2.00703,0.585248,0.00461665,0.068872,1944,0,0,0,0,0.001,0,0,0,0,0,0,0,0,0,0,0,0,0,0,0,0,0,0,0,0,0,0,0,0,0,0,0,0,0,0,0,0,0,0,0,0,8.76339,33.1792,94.2924,656.408,694.299,1,-0.839458,-0.530983,-0.115614,0.999748,1.28509,0.0484498,0.904762,0.95,895.835,1079.23,1597.22,2633.68,247.64,702.283,1518.11,908.793,2812.51,322.569,368.78,0.326131,0.0970835,-1.38702,-1.4418,0,0,0,0,0,0,0,50.8361,0,0.988169,0,0,373.473,1134.3,0,0,1162.95,4166.89,0
1691509835157147455,2165,1927,237,0.890069,10.5822,20.3311,36.3019,59.7373,201.739,1.06331,373.54,648.53,1090.1,1354.43,1167.76,4057.53,8345.26,17337.7,1424.86,1904.52,2733.91,626.377,674.27,374.627,128240,7804.87,12531.2,0.00111992,15.4548,0,0,0.0608614,0,66.7861,69.0211,241.699,1361.5,4780.27,6011.96,0,0,4,4,0,0,1,1.93736,1.93736,0.733247,0.0016484,0.0723344,1927,0,0,0,0,0.001,0,0,0,0,0,0,0,0,0,0,0,0,0,0,0,0,0,0,0,0,0,0,0,0,0,0,0,0,0,0,0,0,0,0,0,0,10.5822,36.3019,91.7915,661.064,703.145,1,-0.837826,-0.538535,-0.0895943,0.999632,1.55517,0.0562227,0.869159,0.93,906.783,1083.01,1595.59,2700.45,247.57,704.771,1509.59,894.675,2863.27,311.565,356.854,-7.92943e-05,0.000309301,-0.281017,-3.42707,0,0,0,0,0,0,0,59.7373,0,0.983394,0,0,373.54,1090.1,0,0,1167.76,4057.53,0
1691509835257153205,2165,1971,193,0.910393,9.27913,18.2481,31.2782,50.8069,188.583,1.09109,339.771,616.99,1038.79,1308.2,1096.49,3843.31,7950.68,12940.9,1376.49,1760.93,2541.94,599.922,622.929,376.962,132551,6632.52,10701.1,0.15372,9.91037,0,0,0.0500376,0,66.5881,73.3737,218.068,1227.11,3896.09,5219.93,0,0,4,3,11,0.785714,1,1.86169,1.86169,0.572216,0.00345499,0.0658401,1971,0,0,0,0,0.001,0,0,0,0,0,0,0,0,0,0,0,0,0,0,0,0,0,0,0,0,0,0,0,0,0,0,0,0,0,0,0,0,0,0,0,0,9.27913,31.2782,90.3131,657.043,701.644,1,-0.837231,-0.537304,-0.101727,0.999925,0.699552,0.0240919,0.904762,0.95,897.105,1086.71,1662.36,2613.6,253.355,708.954,1518.91,925.445,2859.98,284.301,308.776,0.0404015,-0.0489687,-1.05364,-1.74421,0,0,0,0,0,0,0,50.8069,0,0.986809,0,0,339.771,1038.79,0,0,1096.49,3843.31,0
1691509835357194239,2166,1962,203,0.905817,9.1883,17.3909,33.8225,56.7749,201.553,-0.191308,328.065,597.513,1015.27,1288.23,1036.84,3814.64,8009.74,20810.8,1381.43,1762.39,2511.45,542.361,628.691,369.754,130492,6883.21,11186.1,0.452135,12.7081,0,0,0.0527481,0,66.3332,71.432,210.972,1336.05,4302.5,5198.84,0,0,3,2,8,0.8,1,1.81143,1.81143,0.64792,0.0040834,0.0569313,1962,0,0,0,0,0.001,0,0,0,0,0,0,0,0,0,0,0,0,0,0,0,0,0,0,0,0,0,0,0,0,0,0,0,0,0,0,0,0,0,0,0,0,9.1883,33.8225,89.0286,668.107,705.864,1,-0.837927,-0.52941,-0.13268,0.99949,1.83076,0.0632121,0.960784,0.98,901.077,1099.88,1620.06,2664.74,257.082,696.59,1520.6,905.834,2820.71,257.217,307.973,-0.041653,-0.017635,0.389385,-2.3107,0,0,0,0,0,0,0,56.7749,0,0.9842,0,0,328.065,1015.27,0,0,1036.84,3814.64,0
1691509835457090882,2128,1939,188,0.911184,7.89726,16.1233,28.8597,40.8633,213.986,0.866994,315.338,578.537,931.161,1266.27,995.524,3475.6,7577.83,19409.9,1342.76,1503.66,2457.24,548.902,624.611,278.291,127385,5893.49,9226.21,1.03652,8.43532,0,0,0.046265,0,55.192,61.736,167.774,1123.05,2710.71,5107.74,0,0,3,2,9,0.818182,1,1.8953,1.8953,0.422176,0.00537423,0.0564322,1939,0,0,0,0,0.001,0,0,0,0,0,0,0,0,0,0,0,0,0,0,0,0,0,0,0,0,0,0,0,0,0,0,0,0,0,0,0,0,0,0.0170191,4.84761,11.7439,7.91573,29.2448,85.8905,661.854,711.255,1,0.83699,0.543387,0.0646358,0.997587,3.98121,0.137072,0.904762,0.95,885.416,1077.69,1645.96,2667.68,247.868,706.917,1540.41,879.242,2822.63,241.811,307.712,0.153522,0.0451751,0.298947,2.11799,0,0,0,0,0,0.0155075,20.9572,40.9811,1,0.993704,184.18,734.484,317.968,935.864,259.647,1157.91,1011.02,3496.03,0.00133392
1691509835556996802,2109,1880,228,0.891418,8.0096,15.7468,28.3951,43.8842,148.475,-0.0651812,337.364,636.781,1036.67,1307.58,1096.8,3830.99,7898.57,11943.6,1417.49,1822.34,2640.33,574.119,646.815,384.39,133130,6611.23,10594.9,50.6335,8.48156,0,0,0.0496599,0,61.4366,74.8416,193.103,1387.17,3360.95,5517.38,0,0,1,1,8,0.888889,1,2.02659,2.02659,0.455378,1.70757e-06,0.000399179,1880,0,0,0,0,0.001,0,0,0,0,0,0,0,0,0,0,0,0,0,0,0,0,0,0,0,0,0,0,0,0,0,0,0,0,0,0,0,0,0,0,0,0,8.0096,28.3951,86.5767,678.735,705.689,1,0.839258,0.511974,0.183107,0.992486,7.02806,0.23623,0.818182,0.9,891.827,1064.97,1548.97,2501.77,265.418,715.156,1476.86,911.71,2769.76,233.624,324.886,-2.91057,10.3593,-0.112955,1.94292,0,0,0,0,0,0,0,43.8842,0,0.991489,0,0,337.364,1036.67,0,0,1096.8,3830.99,0
1691509835656965975,2055,1762,292,0.857421,8.64239,16.7398,29.3048,40.4844,169.921,0.345131,355.631,627.844,1013.34,1281.38,1085.06,3840.43,7856.48,11064.4,1468.52,1632.84,2600.85,583.22,659.555,317.132,129873,5983.3,9299.49,9.14737e-05,4.47021,0,0,0.0460705,0,56.2193,73.7207,182.1,1204.58,2473.59,5309.28,0,0,5,5,0,0,1,2.22942,2.22942,0.373686,0.00585517,0.0269804,1762,0,0,0,0,0.001,0,0,0,0,0,0,0,0,0,0,0,0,0,0,0,0,0,0,0,0,0,0,0,0,0,0,0,0,0,0,0,0,0,0.0198638,7.17692,17.4117,8.667,29.3785,88.4412,664.63,708.929,1,0.838936,0.539362,0.0726327,0.993523,6.52486,0.222337,0.851852,0.92,897.538,1069.26,1688.83,2607.6,252.825,702.966,1543.08,862.998,2817.03,253.519,304.169,2.82313e-05,5.32642e-05,1.3236,-0.980297,0,0,0,0,0,0.0170316,21.8705,40.6928,1,0.993052,237.125,746.805,357.248,1026.79,334.778,1163.52,1106.58,3872.48,0.00156419
1691509835757143920,2069,1820,249,0.879652,8.29782,16.086,29.1474,40.3591,123.7,0.399672,356.736,642.276,1042.9,1335.43,1095.44,3803.12,8338.39,16662.5,1384.27,1655.81,2701.8,603.063,646.461,298.146,126274,6595.7,10500.2,6.23642,7.61727,0,0,0.052233,0,65.1411,76.9695,214.907,1328.55,3217.13,5597.49,0,0,2,1,8,0.888889,1,1.83978,1.83978,0.370969,0.00391434,0.0780856,1820,0,0,0,0,0.001,0,0,0,0,0,0,0,0,0,0,0,0,0,0,0,0,0,0,0,0,0,0,0,0,0,0,0,0,0,0,0,0,0,0.0181319,4.6734,12.648,8.37102,29.3091,86.8142,659.31,707.876,1,0.836863,0.54313,0.0683371,0.999982,0.348271,0.00786251,0.923077,0.96,877.768,1067.86,1698.59,2722.55,254.397,714.142,1525.04,862.933,2792.94,275.181,322.341,0.162051,0.203445,0.469917,-1.49592,0,0,0,0,0,0.0159497,14.1608,40.7024,1,0.994404,247.989,740.295,357.688,1045.89,346.348,1168.78,1113.42,3871.89,0.00145285
1691509835857281131,2054,1836,218,0.893866,8.02767,15.7223,27.0262,39.4226,139.605,0.238934,342.667,640.525,1048.86,1307.85,1065.72,3744.97,7933.63,17199.7,1451.02,1681.9,2543.42,607.882,629.811,312.184,132017,6153.17,9823.75,1.90934,2.33401,0,0,0.046609,0,60.973,71.5005,202.948,1327.09,2908.56,5252.67,0,0,3,3,7,0.7,1,1.57323,1.57323,0.357323,0.00344946,0.0492639,1836,0,0,0,0,0.001,0,0,0,0,0,0,0,0,0,0,0,0,0,0,0,0,0,0,0,0,0,0,0,0,0,0,0,0,0,0,0,0,0,0.0201525,7.84937,15.9283,8.02877,27.1429,86.7245,667.026,711.25,1,0.839524,0.538132,0.0749292,0.999962,0.497911,0.0125368,0.923077,0.96,866.271,1059.87,1691.3,2700.54,253.596,677.324,1524.13,883.361,2826.95,269.87,316.435,0.00306138,-0.141099,0.268062,0.453905,0,0,0,0,0,0.0180136,19.0682,40.452,1,0.995553,224.322,753.032,343.901,1057.96,334.57,1214.53,1075.68,3807,0.00213395
1691509835957409604,2110,1899,210,0.9,8.04955,15.7033,28.2886,40.2181,140.234,0.997209,343.727,631.188,1023.68,1286.01,1074.19,3872.06,7610.2,14458.8,1467.21,1743.56,2743.6,575.758,667.115,334.2,129762,6581.07,10286.2,0.00669167,4.08411,0,0,0.0507165,0,73.8617,77.7189,210.109,1353.83,2753.33,5817.32,0,0,5,4,1,0.2,1,1.48175,1.48175,0.381737,0.0020487,0.0419713,1899,0,0,0,0,0.001,0,0,0,0,0,0,0,0,0,0,0,0,0,0,0,0,0,0,0,0,0,0,0,0,0,0,0,0,0,0,0,0,0,0.0194839,5.92687,14.4581,8.12718,28.4062,90.3118,668.577,716.112,1,-0.841416,-0.532939,-0.0894156,0.99988,0.88838,0.0296466,0.904762,0.95,862.927,1064.75,1675.58,2678.86,255.365,675.641,1535.69,853.911,2829.75,271.1,330.676,-0.00069668,0.00192348,0.937384,-0.952704,0,0,0,0,0,0.0175355,18.9905,40.4002,1,0.993555,174.823,655.016,346.106,1031.65,261.55,1001.93,1089.55,3888.07,0.00123599
1691509836057722991,2128,1970,156,0.925752,8.73646,17.1279,29.5005,43.8251,202.539,0.858219,328.885,598.56,1045.37,1358.5,1042.34,3954.15,7911.02,14785,1461.02,1718.52,2605.13,581.994,660.852,362.567,131989,6619.34,10753.3,0.164553,4.85439,0,0,0.0501506,0,71.3039,86.585,219.085,1439.06,3533.95,5403.28,0,0,4,3,11,0.785714,1,1.60902,1.60902,0.513834,0.00491943,0.0571756,1970,0,0,0,0,0.001,0,0,0,0,0,0,0,0,0,0,0,0,0,0,0,0,0,0,0,0,0,0,0,0,0,0,0,0,0,0,0,0,0,0.0182741,8.0954,18.0094,8.7511,29.6867,89.3768,676.534,710.089,1,-0.839495,-0.532978,-0.105753,0.999865,0.942509,0.0344145,0.923077,0.96,849.62,1082.94,1659.96,2657.38,259.639,672.01,1531.03,855.574,2801.71,278.735,324.824,-0.111924,0.00638896,-1.68139,-1.2424,0,0,0,0,0,0.0169173,19.2763,45.2981,1,0.989659,187.152,676.266,329.627,1051.04,279.25,1062.21,1057.88,3980.71,0.00133369
1691509836157405918,2145,1947,195,0.907692,9.19629,18.9414,35.0587,52.3688,193.702,0.332043,328.851,623.86,1085.73,1349.96,1021.1,4019.84,7913.38,20459.5,1528.43,1666.38,2704.01,584.379,675.199,314.9,126742,7296.31,11478.4,5.23344,11.7929,0,0,0.0575681,0,65.6823,78.063,264.257,1453.76,3258.77,6357.9,0,0,2,2,8,0.8,1,1.63813,1.63813,0.596423,0.000749761,0.0475465,1947,0,0,0,0,0.001,0,0,0,0,0,0,0,0,0,0,0,0,0,0,0,0,0,0,0,0,0,0,0,0,0,0,0,0,0,0,0,0,0,0.0174628,4.71409,14.1085,9.25767,35.5117,91.3797,664.065,707.556,1,0.838823,0.541209,0.0589008,0.998868,2.72605,0.101672,0.941748,0.97,839.038,1074.75,1714.17,2729.57,255.477,675.687,1527.83,882.898,2807.42,360.718,382.797,-0.0818208,0.321723,-0.657898,2.44176,0,0,0,0,0,0.0158508,20.2587,52.5969,1,0.987977,168.457,674.699,331.698,1093.21,261.022,1106.15,1049.51,4043.81,0.00113703
1691509836257466177,2214,2005,208,0.905601,9.35466,19.1311,35.7538,52.7679,229.54,-0.0294653,319.076,615.352,1030.97,1306.25,998.625,3828.47,7720.41,14073.2,1482.36,1750.99,2657.76,547.999,670.91,339.901,127746,6783.24,10825.9,0.417474,14.0654,0,0,0.0530996,0,64.8583,81.951,221.521,1467.15,3193.97,5796.41,0,0,4,3,11,0.785714,1,1.90198,1.90198,0.635931,0.00373762,0.027231,2005,0,0,0,0,0.001,0,0,0,0,0,0,0,0,0,0,0,0,0,0,0,0,0,0,0,0,0,0,0,0,0,0,0,0,0,0,0,0,0,0.0149626,5.60151,16.5686,9.41277,36.2333,92.3428,675.49,713.167,1,-0.840852,-0.534807,-0.0833665,0.999678,1.45367,0.059282,0.904762,0.95,840.37,1080.67,1684.19,2916.52,256.684,667.15,1527.52,908.255,2819.77,266.224,343.344,-0.00941523,-0.023775,-1.97543,-3.26502,0,0,0,0,0,0.0135501,18.4572,53.2519,1,0.986835,191.34,756.067,320.003,1041.42,281.26,1200.4,1007.47,3850.22,0.00126436
1691509836357458738,2153,1936,212,0.89921,9.67638,19.0781,37.5722,55.5974,202.336,-0.579755,315.278,605.001,1052.58,1313.82,996.412,3763.98,7790.07,12871.7,1505.94,1652.15,2685.05,547.195,674.795,334.649,127480,6573.58,10366,0.365229,15.0484,0,0,0.0515658,0,62.3475,76.7433,194.536,1479.05,2793.98,5759.38,0,0,5,4,9,0.692308,1,1.839,1.839,0.614792,0.00308736,0.0328344,1936,0,0,0,0,0.001,0,0,0,0,0,0,0,0,0,0,0,0,0,0,0,0,0,0,0,0,0,0,0,0,0,0,0,0,0,0,0,0,0,0.0160124,5.07277,16.2056,9.75118,37.8988,91.5784,659.52,716.902,1,0.838327,0.54116,0.0659873,0.999826,1.07005,0.0401218,0.960784,0.98,834.084,1073.59,1703.33,2945.98,257.159,672.447,1567.83,889.604,2818.64,245.774,348.015,0.00885225,0.000781088,1.45437,3.83272,0,0,0,0,0,0.0143985,21.253,55.7962,1,0.991601,190.667,751.72,316.588,1060.18,283.49,1192.26,1012.05,3795.49,0.0013389
1691509836457529213,2148,1931,212,0.898976,10.0343,20.1687,36.9944,57.5536,223.25,-1.14413,315.826,586.949,1011.25,1335.21,978.254,3906.84,7742.15,11912.7,1430.55,1677.72,2675.57,554.652,674.079,323.347,129065,6509.18,10105.2,0.917965,13.6959,0,0,0.0504333,0,55.9025,71.8089,190.399,1343.38,2661.1,5782.63,0,0,2,1,8,0.888889,1,1.73944,1.73944,0.717858,0.0019603,0.0114288,1931,0,0,0,0,0.001,0,0,0,0,0,0,0,0,0,0,0,0,0,0,0,0,0,0,0,0,0,0,0,0,0,0,0,0,0,0,0,0,0,0.0150181,6.75057,18.1283,10.0583,37.5702,88.866,664.513,713.621,1,0.837584,0.542642,0.0631809,0.999995,0.186745,0.00793588,0.941748,0.97,839.711,1077.83,1744.37,2971.75,256.406,665.206,1606.88,900.626,2850.69,237.575,331.538,0.0362784,0.269725,1.44592,2.88237,0,0,0,0,0,0.0135009,20.4408,58.4357,1,0.986856,202.718,762.333,316.318,1012.61,300.664,1227.11,986.089,3983.55,0.00127434
1691509836557365353,2147,1928,209,0.897997,10.0542,20.5763,37.5558,57.6198,223.428,-0.284751,306.259,573.844,973.002,1283.04,923.297,3713.31,7839.34,13677.2,1428.7,1483.16,2598.31,522.897,678.672,314.838,131200,6223.44,9540.99,3.11788,9.4558,0,0,0.0474346,0,54.4025,62.2432,167.775,1259.25,2396.79,5600.53,0,0,3,3,8,0.727273,1,1.87463,1.87463,0.742561,0.00177564,0.0225372,1928,0,0,0,0,0.001,0,0,0,0,0,0,0,0,0,0,0,0,0,0,0,0,0,0,0,0,0,0,0,0,0,0,0,0,0,0,0,0,0,0.0171162,4.64534,15.8251,10.2316,38.0845,91.0868,652.923,717.99,1,0.835291,0.549164,0.0265911,0.999307,2.13366,0.0814717,0.960784,0.98,824.244,1091.51,1785.11,2932.34,252.108,656.17,1568.78,903.961,2892.58,237.729,330.145,-0.0883032,-0.165686,0.82562,1.93349,0,0,0,0,0,0.0153703,18.2037,58.0987,1,0.98153,231.483,726.828,306.324,980.215,343.5,1092.53,931.179,3726.94,0.00146915
1691509836657403615,2114,1925,181,0.910596,11.6231,23.3504,45.1273,70.0236,252.288,-0.555137,310.074,588.419,1006.7,1292,923.442,3856.24,7781.55,11682.4,1365.59,1549.9,2734.17,562.095,656.712,281.938,134707,6309.09,9769.55,0.176807,9.40983,0,0,0.0468356,0,40.7142,58.302,188.678,1372.38,2473.81,5635.67,0,0,4,3,8,0.727273,1,1.98217,1.98217,1.01216,0.0034198,0.0185613,1925,0,0,0,0,0.001,0,0,0,0,0,0,0,0,0,0,0,0,0,0,0,0,0,0,0,0,0,0,0,0,0,0,0,0,0,0,0,0,0,0.0192208,6.54694,18.7192,11.759,45.9416,86.4598,669.457,720.084,1,0.838503,0.54467,0.0157179,0.999926,0.698777,0.0194839,0.960784,0.98,818.912,1110.69,1817.83,2884.54,248.558,651.427,1648.18,913.338,2884.32,276.098,323.69,0.000967718,0.00498092,0.631554,1.89849,0,0,0,0,0,0.0175024,26.211,71.0343,1,0.975106,217.64,746.027,311.753,1018.66,306.453,1179.58,944.487,3905.34,0.00150056
1691509836757230272,2060,1849,198,0.897573,11.8847,25.5721,51.8671,80.4696,241.648,0.0242486,318.678,597.876,1025.12,1324.7,962.37,3852.11,7922.48,11938.9,1382.27,1666.25,2872.6,579.605,674.288,291.447,132625,6395.45,9790.87,0.679468,5.42764,0,0,0.0482222,0,43.3223,58.7303,183.579,1315.17,2422.53,5767.53,0,0,3,2,8,0.8,1,1.73101,1.73101,1.19542,0.000968488,0.0335071,1849,0,0,0,0,0.001,0,0,0,0,0,0,0,0,0,0,0,0,0,0,0,0,0,0,0,0,0,0,0,0,0,0,0,0,0,0,0,0,0,0.01947,5.8697,12.4053,12.0408,52.4251,88.0299,670.311,714.659,1,0.836897,0.54562,0.0436167,0.999609,1.6021,0.0632794,0.923077,0.96,815.026,1103.18,1863.43,3095.91,252.756,656.034,1781.11,874.11,2855.98,264.802,332.523,-0.0316929,0.0660927,0.204819,0.241938,0,0,0,0,0,0.0174757,13.7071,80.8331,1,0.964699,250.655,688.548,319.621,1032.59,362.221,1063.85,979.021,3961.26,0.00152136
1691509836856928737,2059,1891,161,0.918407,12.0088,26.3946,53.5549,76.6649,227.803,-0.0492558,316.555,598.253,976.466,1305.11,1009.42,3708.87,7775.43,12468.4,1449.37,1591.46,2657.94,581.059,657.909,317.933,130875,6333.12,9679.28,0.0110165,7.14957,0,0,0.0483905,0,59.1203,65.3463,178.241,1285.21,2360.15,5731.22,0,0,4,4,0,0,1,1.62845,1.62845,1.13643,0.00377784,0.0663726,1891,0,0,0,0,0.001,0,0,0,0,0,0,0,0,0,0,0,0,0,0,0,0,0,0,0,0,0,0,0,0,0,0,0,0,0,0,0,0,0,0.0222105,7.28851,12.633,12.2589,54.1931,84.9835,663.415,704.602,1,0.837014,0.54605,0.035181,0.999964,0.484004,0.0181554,0.960784,0.98,809.578,1101.09,1935.33,3116.5,252.624,656.789,1783.88,860.266,2821.55,245.14,331.289,-0.00104232,0.000992386,0.0313424,1.01095,0,0,0,0,0,0.0203983,14.2135,77.3376,1,0.968091,209.96,739.623,317.664,995.657,309.118,1166.6,1020.96,3737.51,0.00170353
1691509836956652938,2052,1855,191,0.903996,12.6093,26.3824,52.0458,77.3931,251.308,0.498655,315.017,602.3,1013.22,1314.1,992.87,3766.81,7640.52,11751.3,1490.18,1580.62,2807.83,572.314,688.437,284.297,130693,6132.24,9319.16,38.5075,5.08099,0,0,0.0469208,0,46.6051,54.6091,164.99,1194.65,2306.15,5552.16,0,0,1,1,8,0.888889,1,1.78162,1.78162,1.14468,9.75998e-07,0.000315345,1855,0,0,0,0,0.001,0,0,0,0,0,0,0,0,0,0,0,0,0,0,0,0,0,0,0,0,0,0,0,0,0,0,0,0,0,0,0,0,0,0.0253369,5.38834,18.4574,12.8373,52.9555,84.4588,662.22,707.321,1,0.834558,0.548616,0.0503264,0.999879,0.891313,0.0281551,0.941748,0.97,811.908,1095.2,2095.03,3163.98,251.141,654.148,1792.09,849.99,2884.45,243.948,334.074,0.784584,-6.19563,-0.609919,-0.0394055,0,0,0,0,0,0.0229045,23.0306,79.0758,1,0.967367,196.711,693.409,319.083,1033.72,293.362,1077.24,1036.62,3808.79,0.00172834
1691509837056521232,2043,1830,210,0.895742,12.9,27.8,55.4729,81.4816,219.5,0.296075,315.588,597.194,984.327,1367.65,999.757,3853.55,7358.56,12455.9,1440.47,1614.55,2770.12,593.967,659.275,304.165,133298,6194.4,9444.59,0.225177,5.28259,0,0,0.0464704,0,51.071,60.0771,177.56,1214.07,2339.54,5602.27,0,0,3,3,7,0.7,1,1.44955,1.44955,1.1829,0.0045661,0.0423831,1830,0,0,0,0,0.001,0,0,0,0,0,0,0,0,0,0,0,0,0,0,0,0,0,0,0,0,0,0,0,0,0,0,0,0,0,0,0,0,0,0.0278689,5.55547,15.6771,13.3465,56.1789,90.7622,672.749,715.488,1,-0.836561,-0.543361,-0.0701766,0.999787,1.18212,0.039538,0.941748,0.97,816.444,1071.37,2076.57,3040.55,252.635,646.029,1849.15,846.17,2889.49,269.338,317.687,-0.0705923,0.0363701,-1.7068,-0.671761,0,0,0,0,0,0.0249633,16.7633,83.2813,1,0.969084,161.764,623.302,318.844,1008.96,244.224,958.059,1032.55,3895.9,0.00139711
1691509837156226990,2010,1827,181,0.908955,13.4686,26.7516,51.0473,84.2291,218.601,-0.266147,315.027,593.607,980.155,1299.38,986.562,3729.79,7690.13,10658.9,1417.11,1645.03,2691.94,592.114,645.185,328.428,129052,6107.99,9250.37,0.340507,6.5084,0,0,0.0473296,0,55.7298,68.54,159.485,1143.44,2273.63,5549.54,0,0,3,2,9,0.818182,1,1.48794,1.48794,1.2478,0.00199358,0.057225,1827,0,0,0,0,0.001,0,0,0,0,0,0,0,0,0,0,0,0,0,0,0,0,0,0,0,0,0,0,0,0,0,0,0,0,0,0,0,0,0,0.0229885,5.63021,16.7783,13.793,52.3719,87.071,660.998,694.931,1,-0.833622,-0.54608,-0.0828941,0.999911,0.763919,0.0236795,0.960784,0.98,814.277,1083.27,2078.48,2982.53,260.74,649.542,1966.57,888.951,2830.37,248.149,302.819,0.0248514,0.0196728,-2.15299,-0.0556451,0,0,0,0,0,0.0208955,18.769,85.5747,1,0.959664,158.277,492.599,320.12,988.729,229.96,720.71,1013.47,3770.56,0.00116078
1691509837256050313,1946,1769,175,0.909044,12.9064,26.2588,49.3478,75.8763,229.691,0.429579,315.181,590.641,1016.7,1299.32,995.445,3856.28,7859.83,17878.6,1442.26,1766.34,2816.84,567.447,660.5,352.52,131053,6213.3,9531.74,0.458484,5.65765,0,0,0.0474104,0,61.6653,66.1277,150.704,1149.84,2565.18,5538.22,0,0,3,3,7,0.7,1,1.5104,1.5104,1.07796,0.00518203,0.120784,1769,0,0,0,0,0.001,0,0,0,0,0,0,0,0,0,0,0,0,0,0,0,0,0,0,0,0,0,0,0,0,0,0,0,0,0,0,0,0,0,0.0237422,7.04505,14.5459,13.1104,50.1982,86.5371,668.003,701.46,1,-0.83582,-0.539074,-0.103939,0.999752,1.27707,0.0403856,0.960784,0.98,819.632,1105.13,2075.84,2942.15,265.313,653.016,1971.05,871.128,2813.37,262.485,318.178,-0.139761,-0.190524,-1.18364,0.542807,0,0,0,0,0,0.0215827,16.4836,76.8346,1,0.966416,174.312,491.958,319.534,1022.21,250.591,719.231,1017.37,3906.25,0.00110296
1691509837355912417,2008,1831,169,0.911853,12.8721,26.2796,46.2304,75.8481,222.378,-0.4479,316.622,615.755,1014.65,1285.78,1037.47,3927.97,7750.94,12785.5,1475.06,1875.16,2775.72,581.567,642.553,357.814,130005,6190.53,9624.85,0.101618,4.11647,0,0,0.0476178,0,59.8233,73.3727,176.876,1275.74,2546.12,5492.92,0,0,4,3,1,0.25,1,1.92994,1.92994,1.1094,0.0037378,0.0704785,1831,0,0,0,0,0.001,0,0,0,0,0,0,0,0,0,0,0,0,0,0,0,0,0,0,0,0,0,0,0,0,0,0,0,0,0,0,0,0,0,0.0202075,6.84324,15.6105,12.9801,47.2985,88.102,669.289,706.609,1,-0.838287,-0.532276,-0.11814,0.999873,0.91311,0.0306549,0.941748,0.97,805.26,1068.91,2105.68,2912.97,263.296,653.062,1981.29,883.052,2793.36,260.249,293.5,-0.00417371,0.00853453,-1.24526,-0.462878,0,0,0,0,0,0.0184263,17.1782,76.6413,1,0.967113,155.464,587.736,322.551,1023.52,229.982,908.525,1063.3,3941.9,0.00112698
1691509837455982875,1997,1825,171,0.913871,12.7268,25.7618,45.5883,76.8516,200.073,0.0333766,318.446,616.084,1046.81,1328.85,1036.95,3911.52,7995.82,14703.2,1563.41,1775.65,2843.95,614.863,680.134,336.935,135793,6678.31,10361.3,0.0403578,5.76402,0,0,0.04918,0,59.3479,82.7239,185.321,1360.12,2741.87,5931.9,0,0,4,3,1,0.25,1,1.78929,1.78929,1.0299,0.00541551,0.0918234,1825,0,0,0,0,0.001,0,0,0,0,0,0,0,0,0,0,0,0,0,0,0,0,0,0,0,0,0,0,0,0,0,0,0,0,0,0,0,0,0,0.0158904,5.11221,12.9845,12.9376,45.7958,88.2535,663.486,711.261,1,0.833855,0.549337,0.0539787,0.997786,3.81309,0.130561,0.904762,0.95,791.895,1066.21,2283.83,3044.9,251.799,642.924,2007.33,911.642,2893.54,294.51,346.961,0.00599781,0.000941978,1.69474,0.275529,0,0,0,0,0,0.0145218,13.1111,77.6634,1,0.969933,153.952,632.847,324.909,1053.05,232.372,977.877,1058.16,3946.73,0.000793322
1691509837556572215,2022,1842,174,0.910979,13.1788,27.1327,49.4987,71.7489,228.546,0.134745,317.168,647.621,1136.27,1415.31,1031.15,4243.67,7804.24,16883.2,1579.6,1850.9,3035.76,648.096,682.164,341.388,139378,7199.09,11323.7,0.0719539,6.66806,0,0,0.0516516,0,64.0323,77.6803,223.466,1481.56,3211.12,6265.83,0,0,4,3,1,0.25,1,1.75399,1.75399,1.03929,0.00275871,0.0278601,1842,0,0,0,0,0.001,0,0,0,0,0,0,0,0,0,0,0,0,0,0,0,0,0,0,0,0,0,0,0,0,0,0,0,0,0,0,0,0,0,0.0141151,6.33727,14.1443,13.3132,49.7921,84.8535,670.097,714.049,1,0.835234,0.547901,0.0467906,0.999972,0.427352,0.0128421,0.904762,0.95,799.587,1046.14,2213.46,2952.08,250.609,636.377,2007.61,891.895,2893.82,395.235,351.346,0.00166798,0.00223877,3.32251,-0.708401,0,0,0,0,0,0.0128586,21.0208,73.0046,1,0.971366,204.351,715.66,318.173,1142.09,309.306,1185.18,1046.82,4288.8,0.00102099
1691509837656886829,2003,1828,170,0.912631,13.7432,28.1318,49.2418,72.9502,223.359,-0.361195,329.517,628.518,1040.18,1370.81,1075.75,3916.83,7801.55,13682.2,1593.11,1654.77,2769.48,580.592,681.661,324.102,137007,6457.75,10044.9,0.0944745,5.08377,0,0,0.0471345,0,60.1438,81.3476,185.176,1327.38,2663.6,5727.24,0,0,4,4,0,0,1,2.07109,2.07109,1.06208,0.0037383,0.0656504,1828,0,0,0,0,0.001,0,0,0,0,0,0,0,0,0,0,0,0,0,0,0,0,0,0,0,0,0,0,0,0,0,0,0,0,0,0,0,0,0,0.0109409,9.33471,17.1789,13.7962,49.6389,85.3367,668.095,713.568,1,-0.833946,-0.54621,-0.0786645,0.99949,1.83037,0.0635434,0.923077,0.96,810.361,1074.58,2149.92,3012.29,253.749,635.76,1980.01,877.763,2898.54,280.157,334.886,0.00209187,0.000923709,-2.56109,0.131855,0,0,0,0,0,0.00998502,18.4088,73.1538,1,0.973451,297.129,778.181,329.517,1044.52,477.156,1293.91,1090.08,3934.98,0.00118219
1691509837757182505,1988,1819,159,0.91499,15.2623,29.7621,54.9099,75.9474,218.873,0.0525572,323.637,631.71,1017.69,1378.94,1027.57,3915.68,7702.35,17703,1568.79,1691.51,2836.91,614.371,709.464,308.943,133404,6808.09,10266.6,0.142571,3.46998,0,0,0.0510336,0,46.8209,68.6072,162.142,1296.98,2494.23,6197.87,0,0,4,4,8,0.666667,1,1.67341,1.67341,1.15131,0.00337993,0.0634689,1819,0,0,0,0,0.001,0,0,0,0,0,0,0,0,0,0,0,0,0,0,0,0,0,0,0,0,0,0,0,0,0,0,0,0,0,0,0,0,0,0.0109951,7.60723,16.2793,15.4071,55.4756,86.8972,664.208,721.894,1,0.83339,0.551011,0.0429949,0.999352,2.0625,0.0749297,0.941748,0.97,808.714,1091.11,2162.65,2942.28,248.327,635.283,2011.26,828.153,2912.89,274.665,356.016,-0.0512143,-0.102631,2.11061,-0.757729,0,0,0,0,0,0.0100604,25.7677,76.268,1,0.973874,310.264,708.353,323.637,1025.66,521.023,1107.29,1036.84,3928.38,0.00105396
1691509837857563590,2025,1854,164,0.915556,15.1263,30.1633,55.0947,86.4437,229.46,-1.19847,330.299,625.232,1025.5,1330.97,1107.99,3808.15,7726.16,17457.6,1561.82,1749.34,2876.28,623.754,657.091,321.667,135666,7348.94,11267.1,6.40005,7.47164,0,0,0.0541693,0,54.2779,94.937,194.511,1469.57,2841.32,6612.44,0,0,2,2,8,0.8,1,1.48567,1.48567,1.26949,0.00213514,0.0678867,1854,0,0,0,0,0.001,0,0,0,0,0,0,0,0,0,0,0,0,0,0,0,0,0,0,0,0,0,0,0,0,0,0,0,0,0,0,0,0,0,0.00970874,5.52501,11.2078,15.266,55.4653,82.0069,667.921,727.072,1,0.833814,0.550104,0.0462574,0.999994,0.195535,0.00846342,0.941748,0.97,811.191,1090.49,2170.43,2871.88,249.431,633.268,1987.26,864.369,2904.17,289.326,351.243,-0.161873,-0.4472,1.56987,0.907183,0,0,0,0,0,0.00888889,14.6715,86.5825,1,0.963508,386.288,772.746,330.299,1028.11,602.008,1242,1118.65,3816.6,0.00104113
1691509837957756652,2048,1843,196,0.899902,16.2978,31.1039,56.9567,91.1064,208.792,-0.414165,345.951,660.126,1088.46,1405.74,1142.2,4240.11,7555.09,13988.2,1604.47,1759.37,3196.7,658.035,698.309,352.579,138259,7428.47,11236.2,3.12683,8.48826,0,0,0.0537288,0,52.2205,82.5468,170.864,1433.44,2749.74,6747.41,0,0,2,1,9,0.9,1,1.77069,1.77069,1.44076,0.00332178,0.0180751,1843,0,0,0,0,0.001,0,0,0,0,0,0,0,0,0,0,0,0,0,0,0,0,0,0,0,0,0,0,0,0,0,0,0,0,0,0,0,0,0,0.00705372,9.65887,21.1561,16.3609,57.1391,86.2384,672.287,723.475,1,0.834599,0.548072,0.0553363,0.999956,0.534939,0.0169752,0.869159,0.93,842.064,1095.78,2175.39,2871.93,250.761,634.738,1985.62,867.781,2962.67,310.956,350.971,-0.113158,-0.497732,0.230608,0.878361,0,0,0,0,0,0.00634766,22.1535,91.5799,1,0.954645,519.515,845.204,345.475,1090.46,785.706,1407.63,1147.47,4246.95,0.000913878
1691509838057886358,2010,1788,213,0.889552,16.2284,33.2763,59.1709,87.8523,238.019,-0.587618,344.948,682.21,1105.67,1347.56,1176.21,4194.48,7791.82,17222.2,1714.16,1717.56,3259.99,636.855,760.229,336.302,138934,7813.85,11478.4,3.71103,3.91317,0,0,0.0562413,0,58.8041,81.3698,177.06,1329.81,2579.23,7252.18,0,0,2,2,8,0.8,1,1.73209,1.73209,1.35539,0.00206134,0.0712341,1788,0,0,0,0,0.001,0,0,0,0,0,0,0,0,0,0,0,0,0,0,0,0,0,0,0,0,0,0,0,0,0,0,0,0,0,0,0,0,0,0.00838926,6.7148,18.7687,16.3624,59.502,87.1945,667.03,712.776,1,-0.835647,-0.544299,-0.0737116,0.999824,1.07649,0.0397941,0.923077,0.96,851.233,1148.57,2156.35,2797.22,249.253,636.333,1979.51,855.518,2888.18,281.773,379.5,0.216819,0.228851,-1.63215,0.508547,0,0,0,0,0,0.00746269,21.5709,88.4964,1,0.963339,472.198,766.639,344.131,1108.9,685.548,1315.33,1182.01,4207.05,0.00096911
1691509838158221460,2013,1812,193,0.900149,17.2898,34.415,59.2354,79.6272,209.602,-0.46879,342.53,627.109,1078.98,1363.51,1118.11,4077.88,7518.98,14395.5,1534.02,1646.59,3159.94,681.136,686.28,297.477,141272,7396.71,11002.6,2.51735,4.98196,0,0,0.0523578,0,31.2294,62.3496,190,1310.93,2618.86,6789.21,0,0,2,2,8,0.8,1,1.9625,1.9625,1.29357,0.00863347,0.0612998,1812,0,0,0,0,0.001,0,0,0,0,0,0,0,0,0,0,0,0,0,0,0,0,0,0,0,0,0,0,0,0,0,0,0,0,0,0,0,0,0,0.00607064,9.83371,29.3676,17.3865,59.4662,85.6273,663.712,730.66,1,0.832814,0.553433,0.0114738,0.998017,3.60841,0.124227,0.904762,0.95,831.218,1170.67,2203.33,2837.39,239.675,638.309,1969.3,845.92,2978.91,307.048,343.527,-0.188528,0.830067,3.1482,-1.82104,0,0,0,0,0,0.00546448,31.9832,79.6334,1,0.96613,520.796,719.382,342.164,1082.93,813.457,1238.21,1122.74,4090.28,0.000808161
1691509838257727816,1942,1779,161,0.916066,19.2524,37.2126,62.5171,82.0405,193.594,0,330.601,610.853,1018.35,1320.23,1082.41,3983.18,7596.32,14421.8,1438.39,1706.76,3080.62,686.642,656.741,313.158,135878,6995.31,10470.2,0.484779,2.38088,0,0,0.0514824,0,25.1255,47.1004,151.995,1295.88,2580.7,6369.39,0,0,6,5,12,0.705882,1,1.66922,1.66922,1.34288,0.00758058,0.126213,1779,0,0,0,0,0.001,0,0,0,0,0,0,0,0,0,0,0,0,0,0,0,0,0,0,0,0,0,0,0,0,0,0,0,0,0,0,0,0,0,0.00281057,11.3833,28.8554,19.2604,62.6039,84.5611,658.43,722.009,1,0.833041,0.552792,0.0215533,0.999949,0.578826,0.0145181,0.941748,0.97,846.769,1175.1,2195.91,3052.93,238.741,640.705,1982.7,826.539,2914.55,319.538,304.229,0.231755,-0.303526,1.57964,-0.914331,0,0,0,0,0,0.00257467,31.3447,82.1004,1,0.968997,181.402,1003.44,330.645,1017.44,294.843,1681.24,1083.46,3984.3,0.000535347
1691509838357318563,1884,1701,176,0.902866,19.9032,35.2725,58.2689,78.6655,231.004,0.420841,322.783,636.443,1013.2,1322.32,1119.58,4238.74,8010.84,14611.2,1575.62,1720.16,3199.4,625.46,697.133,303.577,138676,7598.82,11314.5,0.0760649,5.473,0,0,0.0547956,0,28.4435,55.8674,175.816,1374.39,2722.53,6957.45,0,0,4,3,1,0.25,1,1.6699,1.6699,1.22882,0.00547527,0.0178947,1701,0,0,0,0,0.001,0,0,0,0,0,0,0,0,0,0,0,0,0,0,0,0,0,0,0,0,0,0,0,0,0,0,0,0,0,0,0,0,0,0.000587889,2.21874,2.21874,19.9111,58.2712,85.0829,671.245,720.672,1,0.832595,0.553005,0.0311602,0.999954,0.551169,0.0201781,0.980198,0.99,846.344,1167.31,2303.21,3213.09,240.91,637.777,1964.42,832.349,2950.45,267.472,318.85,-0.00259233,0.00554349,-0.105862,-0.691128,0,0,0,0,0,0.000530786,2.21874,78.6666,1,0.971765,168.169,168.169,322.981,1013.39,240.396,240.396,1120.34,4239.12,5.10761e-06
1691509838456850905,1900,1729,161,0.91,18.3909,35.4975,57.2512,76.1392,197.151,-1.72889,318.914,627.373,984.884,1316.97,1071.31,4018.38,8170.12,14254.4,1445.9,1658.74,3156.48,624.198,665.656,283.226,137652,7409.04,10904.2,2.27917,5.27771,0,0,0.0538246,0,28.1281,53.7363,182.319,1218.71,2590.39,6830.93,0,0,2,1,8,0.888889,1,1.69935,1.69935,1.13839,0.00688164,0.0502901,1729,0,0,0,0,0.001,0,0,0,0,0,0,0,0,0,0,0,0,0,0,0,0,0,0,0,0,0,0,0,0,0,0,0,0,0,0,0,0,0,0,0,0,18.3909,57.2512,81.0658,662.017,730.917,1,0.831253,0.555892,-0.00169184,0.999455,1.89119,0.0635571,0.869159,0.93,818.965,1154.03,2295.63,3362.34,239.358,640.608,1966.03,801.626,2949.84,276.833,308.555,-0.177879,0.301446,0.587135,-1.56949,0,0,0,0,0,0,0,76.1392,0,0.979757,0,0,318.914,984.884,0,0,1071.31,4018.38,0
1691509838556365006,1890,1732,155,0.916402,20.4882,37.7484,61.6278,80.8231,200.172,0.166468,314.69,618.209,1021.05,1323.45,1099.38,4171.79,7536.91,13566.2,1436.31,1774.06,3109.91,633.769,642.239,316.616,138357,7089.15,10729.5,0.16116,7.21287,0,0,0.0512382,0,23.2133,63.285,164.379,1313.89,2779.28,6385.44,0,0,3,2,8,0.8,1,1.76891,1.76891,1.29158,0.00717104,0.0516985,1732,0,0,0,0,0.001,0,0,0,0,0,0,0,0,0,0,0,0,0,0,0,0,0,0,0,0,0,0,0,0,0,0,0,0,0,0,0,0,0,0,0,0,20.4882,61.6278,80.8413,665.009,730.15,1,0.831713,0.555134,-0.0089339,0.999973,0.418037,0.0111975,0.941748,0.97,815.703,1152.18,2286,3407.5,237.175,631.917,1943.92,770.799,2962.49,289.724,308.101,0.0368724,-0.0390659,2.81339,-1.98518,0,0,0,0,0,0,0,80.8231,0,0.973441,0,0,314.69,1021.05,0,0,1099.38,4171.79,0
1691509838656244656,1894,1714,173,0.904963,21.9302,38.4486,63.9726,86.2856,190.696,-0.432613,327.242,608.038,962.65,1283.29,1122.81,4068.31,8225.95,14041.8,1461.1,1764.21,2983.54,592.562,674.752,322.214,141014,7141.57,10633.9,0.274899,4.02226,0,0,0.0506445,0,27.8074,53.4225,156.489,1350.75,2493.02,6552.42,0,0,4,4,10,0.714286,1,1.6377,1.6377,1.33983,0.00588782,0.0693734,1714,0,0,0,0,0.001,0,0,0,0,0,0,0,0,0,0,0,0,0,0,0,0,0,0,0,0,0,0,0,0,0,0,0,0,0,0,0,0,0,0,0,0,21.9302,63.9726,83.2397,669.02,733.741,1,0.83022,0.557252,0.0143187,0.999726,1.34055,0.0429165,0.886792,0.94,851.076,1175.68,2273.78,3370.32,241.441,642.329,1913.75,824.161,2978.3,258.957,318.445,-0.219056,-0.0978135,0.265938,-1.36341,0,0,0,0,0,0,0,86.2856,0,0.970828,0,0,327.242,962.65,0,0,1122.81,4068.31,0
1691509838756412272,1930,1779,146,0.921762,20.4932,39.1228,64.5217,87.0103,206.381,0.294848,321.513,599.843,963.926,1274.49,1133.16,4106.94,8041.91,16000.1,1527.92,1721.61,3226.92,575.992,674.365,304.35,141886,7624.58,11243.8,0.00129544,5.31651,0,0,0.0537375,0,26.9977,49.0535,163.808,1286.27,2710.26,7007.44,0,0,4,4,0,0,1,1.66026,1.66026,1.44947,0.00450773,0.0806893,1779,0,0,0,0,0.001,0,0,0,0,0,0,0,0,0,0,0,0,0,0,0,0,0,0,0,0,0,0,0,0,0,0,0,0,0,0,0,0,0,0,0,0,20.4932,64.5217,83.7937,673.918,724.288,1,0.829506,0.557576,0.032083,0.999842,1.01882,0.0364322,0.980198,0.99,856.573,1149.35,2192.97,3377.52,244.204,637.654,1895.88,814.951,3010.23,239.296,312.153,-3.28886e-05,9.13449e-05,1.66698,-1.46959,0,0,0,0,0,0,0,87.0103,0,0.962338,0,0,321.513,963.926,0,0,1133.16,4106.94,0
1691509838856504948,1849,1716,129,0.928069,21.399,38.0543,66.5944,87.5066,201.317,-2.16593,321.143,590.416,932.807,1267.61,1114.86,4081.67,7540.69,16881.2,1471.33,1750.8,3112.46,590.611,624.354,332.963,140857,6672.27,10233.5,0.147508,7.09407,0,0,0.0473693,0,27.3654,48.3197,149.804,1299.98,2790.48,5917.51,0,0,4,4,9,0.692308,1,1.73335,1.73335,1.38037,0.00504223,0.0315573,1716,0,0,0,0,0.001,0,0,0,0,0,0,0,0,0,0,0,0,0,0,0,0,0,0,0,0,0,0,0,0,0,0,0,0,0,0,0,0,0,0,0,0,21.399,66.5944,83.2056,652.739,706.055,1,0.82749,0.559992,0.0408527,0.999957,0.533827,0.0157735,0.941748,0.97,854.405,1121.22,2163.33,3476.94,248.351,641.611,1900.93,782.149,3026.14,219.197,273.293,-0.0747633,-0.126406,0.684962,-0.974142,0,0,0,0,0,0,0,87.5066,0,0.9662,0,0,321.143,932.807,0,0,1114.86,4081.67,0
1691509838956657331,1888,1751,132,0.927436,22.7661,41.0828,73.3414,93.8424,228.267,-1.92722,317.094,618,972.72,1298.01,1140.67,4212,7481.98,16096.3,1610.63,1895.4,3157.6,590.024,636.067,372.756,141815,7117.28,10832.2,2.21735,8.45936,0,0,0.0501872,0,41.8101,53.5429,150.02,1436.67,2744.53,6405.63,0,0,3,2,9,0.818182,1,1.8848,1.8848,1.5979,0.00864303,0.0977013,1751,0,0,0,0,0.001,0,0,0,0,0,0,0,0,0,0,0,0,0,0,0,0,0,0,0,0,0,0,0,0,0,0,0,0,0,0,0,0,0,0,0,0,22.7661,73.3414,82.8707,653.948,726.181,1,0.827442,0.559449,0.0485397,0.99997,0.441537,0.0197535,0.941748,0.97,872.939,1180.27,2162.81,3500.02,250.508,647.347,1966.17,807.723,2983.68,235.376,294.234,0.0791427,-0.0139933,1.47296,-2.17105,0,0,0,0,0,0,0,93.8424,0,0.957738,0,0,317.094,972.72,0,0,1140.67,4212,0
1691509839056916081,1821,1656,161,0.90939,23.4257,41.2235,70.9398,96.8004,205.628,-2.40104,318.213,604.615,966.092,1244.9,1151.71,4255.28,7794.33,35906.7,1458.02,1817.33,3228.25,559.944,646.983,341.451,146887,7584.41,11457,18.2246,5.55182,0,0,0.0516341,0,18.5013,46.0475,138.699,1356.34,3120.82,6776.6,0,0,2,2,8,0.8,1,2.10834,2.10834,1.61515,0.00499618,0.094062,1656,0,0,0,0,0.001,0,0,0,0,0,0,0,0,0,0,0,0,0,0,0,0,0,0,0,0,0,0,0,0,0,0,0,0,0,0,0,0,0,0,0,0,23.4257,70.9398,80.043,649.574,721.383,1,0.826007,0.56358,0.0095103,0.999229,2.25036,0.0938935,0.904762,0.95,870.725,1184.42,2184.91,3504.92,239.405,649.773,1996.67,797.941,3088.08,247.699,312.166,-0.0700509,-0.541614,1.11949,-1.90104,0,0,0,0,0,0,0,96.8004,0,0.951691,0,0,318.213,966.092,0,0,1151.71,4255.28,0
1691509839157272218,1826,1680,141,0.920044,23.8137,42.0279,69.1421,96.8594,195.729,-3.20487,318.296,603.663,1000.8,1270.75,1196.87,4460.6,7932.93,14364.5,1519.11,1853.8,3342.97,556.083,697.979,345.413,145630,7337.42,11162.1,0.00210474,8.30215,0,0,0.0503841,0,24.1192,41.3529,148.576,1402.31,2999.91,6545.79,0,0,5,5,0,0,1,2.02777,2.02777,1.58216,0.000940807,0.143251,1680,0,0,0,0,0.001,0,0,0,0,0,0,0,0,0,0,0,0,0,0,0,0,0,0,0,0,0,0,0,0,0,0,0,0,0,0,0,0,0,0,0,0,23.8137,69.1421,85.909,646.883,725.208,1,0.828573,0.559823,0.00805931,0.999989,0.27361,0.0119606,0.941748,0.97,876.535,1177.65,2177.5,3494.51,242.594,664.406,2005.48,805.491,3082.89,244.298,298.429,-0.000146537,0.000437848,-0.619398,-1.72035,0,0,0,0,0,0,0,96.8594,0,0.954762,0,0,318.296,1000.8,0,0,1196.87,4460.6,0
1691509839257723296,1730,1567,159,0.90578,25.3516,46.5051,77.4616,102.599,194.534,-4.70791,321.884,616.668,964.176,1263.54,1187.11,4130.33,8823.35,39714.8,1480.21,1932.17,3282,614.694,673.127,323.806,142262,8550.33,12249.9,0.530211,9.06836,0,0,0.0601026,0,30.3681,46.2922,178.449,1230.89,2771.66,7992.25,0,0,3,2,10,0.833333,1,1.81623,1.81623,1.70374,0.00397481,0.132998,1567,0,0,0,0,0.001,0,0,0,0,0,0,0,0,0,0,0,0,0,0,0,0,0,0,0,0,0,0,0,0,0,0,0,0,0,0,0,0,0,0,0,0,25.3516,77.4616,81.4135,647.064,724.522,1,0.826761,0.561861,-0.027911,0.999349,2.06697,0.0725186,0.904762,0.95,883.066,1169.09,2234.11,3476.63,246.626,664.818,2010.42,722.607,3109.48,401.428,358.412,0.0199114,-0.113568,2.42232,-2.773,0,0,0,0,0,0,0,102.599,0,0.947033,0,0,321.884,964.176,0,0,1187.11,4130.33,0
1691509839357701013,1841,1681,153,0.913091,25.7951,47.9687,77.9458,100.893,198.838,-0.891474,325.642,598.857,1011.52,1368.62,1248.41,4427.25,8726.02,50555.4,1732.94,1925.28,3277.33,556.707,678.809,351.152,146348,9089.4,13876.3,2.90184,14.6529,0,0,0.0621083,0,43.6104,66.9097,167.07,1811.31,3676.69,8110.73,0,0,2,2,7,0.777778,1,2.02659,2.02659,1.84697,0.00775104,0.0655838,1681,0,0,0,0,0.001,0,0,0,0,0,0,0,0,0,0,0,0,0,0,0,0,0,0,0,0,0,0,0,0,0,0,0,0,0,0,0,0,0,0,0,0,25.7951,77.9458,78.1346,641.462,742.403,1,0.825859,0.563694,-0.0143566,0.999906,0.78539,0.0203462,0.904762,0.95,891.967,1194.51,2178.95,3578.19,242.596,657.416,1996.31,775.182,3116.03,261.599,533.149,-0.121411,0.257763,0.0285206,-3.25034,0,0,0,0,0,0,0,100.893,0,0.94884,0,0,325.642,1011.52,0,0,1248.41,4427.25,0
1691509839457713625,1749,1600,144,0.914808,27.4956,48.2813,75.2382,100.687,216.985,-0.0647823,325.339,620.1,995.093,1336.12,1210.49,4521.99,8542.96,14307.6,1635.42,1981.33,3297.66,578.642,671.975,353.046,150031,7416.29,11093.8,1.78912,5.7709,0,0,0.0494315,0,26.3586,39.445,128.1,1323.13,2868.11,6708.65,0,0,3,2,8,0.8,1,1.97743,1.97743,1.73957,0.0107857,0.0805325,1600,0,0,0,0,0.001,0,0,0,0,0,0,0,0,0,0,0,0,0,0,0,0,0,0,0,0,0,0,0,0,0,0,0,0,0,0,0,0,0,0,0,0,27.4956,75.2382,80.3914,639.678,751.93,1,0.825188,0.564333,-0.0243419,0.99995,0.57457,0.0142781,0.960784,0.98,894.954,1194.87,2102.08,3564.99,245.135,665.609,1981.08,717.227,3111.71,231.291,299.502,-0.146149,-0.116504,1.1768,-0.295509,0,0,0,0,0,0,0,100.687,0,0.94875,0,0,325.339,995.093,0,0,1210.49,4521.99,0
1691509839557487228,1621,1478,142,0.911783,27.5361,48.2116,75.0022,101.082,191.939,-3.80405,318.491,644.315,1048.51,1380.4,1165.29,4679.39,9255.47,64029.6,1647.44,2091.3,3591.09,562.669,703.847,381.895,142028,11583.6,15772.9,1.22764,9.51729,0,0,0.0815581,0,25.078,31.4591,119.182,1352.75,3192.71,11051.7,0,0,3,2,8,0.8,1,1.81021,1.81021,1.66526,0.00640106,0.108367,1478,0,0,0,0,0.001,0,0,0,0,0,0,0,0,0,0,0,0,0,0,0,0,0,0,0,0,0,0,0,0,0,0,0,0,0,0,0,0,0,0,0,0,27.5361,75.0022,76.0958,634.782,742.123,1,0.824896,0.565101,-0.0144012,0.99995,0.571504,0.0194186,0.941748,0.97,910.726,1208.17,2177.76,3560.21,243.268,662.55,2043.5,713.657,3057.09,227.14,434.101,-0.044339,0.0557695,1.42914,-1.79889,0,0,0,0,0,0,0,101.082,0,0.947226,0,0,318.491,1048.51,0,0,1165.29,4679.39,0
1691509839657311964,1628,1465,152,0.899877,27.7733,49.9935,77.7668,101.258,227.158,-4.13097,343.778,632.118,1044.37,1321.91,1334.15,4635.91,8744.33,13568.1,1717.42,2069.84,3465.57,573.151,718.53,365.818,146677,7346.21,10918.6,9.28752,13.4422,0,0,0.0500844,0,21.9299,28.8514,116.873,1426.29,2607.64,6716.97,0,0,2,2,8,0.8,1,1.84867,1.84867,1.69254,0.00380961,0.0722926,1465,0,0,0,0,0.001,0,0,0,0,0,0,0,0,0,0,0,0,0,0,0,0,0,0,0,0,0,0,0,0,0,0,0,0,0,0,0,0,0,0,0,0,27.7733,77.7668,78.8736,624.054,750.073,1,0.822616,0.567853,-0.0290886,0.999886,0.866091,0.0330482,0.923077,0.96,896.114,1227.06,2186.75,3514.76,247.934,682.927,2065.3,703.506,3126.57,191.42,293.415,0.311145,-0.186352,-0.359134,-1.48108,0,0,0,0,0,0,0,101.258,0,0.948805,0,0,343.778,1044.37,0,0,1334.15,4635.91,0
1691509839757541195,1725,1578,140,0.914783,25.0298,45.0772,71.2232,97.2444,225.051,-2.43442,323.493,621.663,1023.94,1375.72,1291.01,4561.16,9040.41,83106.9,1705.22,1965.68,3334.62,593.398,718.122,347.117,149964,12910.2,18250.8,19.3125,13.9449,0,0,0.0860885,0,25.9598,34.0754,287.828,1448.64,4411.45,12042.8,0,0,2,2,8,0.8,1,1.8575,1.8575,1.59438,0.00824402,0.162663,1578,0,0,0,0,0.001,0,0,0,0,0,0,0,0,0,0,0,0,0,0,0,0,0,0,0,0,0,0,0,0,0,0,0,0,0,0,0,0,0,0,0,0,25.0298,71.2232,81.0889,630.702,752.21,1,0.823803,0.56664,-0.0163616,0.999918,0.735665,0.0182698,0.923077,0.96,911.447,1248.93,2201.89,3406.81,242.213,692.359,2056.25,722.073,3075.59,1039.89,431.98,0.679207,-0.639607,-2.48224,-2.72726,0,0,0,0,0,0,0,97.2444,0,0.951838,0,0,323.493,1023.94,0,0,1291.01,4561.16,0
1691509839857726823,1701,1555,132,0.914168,25.8205,48.7496,76.5441,105.364,179.501,-2.05615,333.303,634.116,1033.2,1476.25,1284.47,4677.38,9820.57,19771.7,1761.75,2095.93,3436.53,612.374,739.296,355.97,149079,8253.73,12889.6,0.116162,3.54506,0,0,0.0553649,0,25.987,34.9661,161.084,1654.09,3971.76,7041.68,0,0,5,5,10,0.666667,1,1.94786,1.94786,1.71689,0.0109598,0.0773587,1555,0,0,0,0,0.001,0,0,0,0,0,0,0,0,0,0,0,0,0,0,0,0,0,0,0,0,0,0,0,0,0,0,0,0,0,0,0,0,0,0,0,0,25.8205,76.5441,76.2997,618.938,760.762,1,0.82188,0.569401,-0.0171791,0.999994,0.198359,0.00129468,0.923077,0.96,906.269,1228.87,2175.93,3476.92,245.061,686.458,2070.62,689.986,3095.05,246.284,339.299,0.104532,-0.040724,2.39971,-1.08899,0,0,0,0,0,0,0,105.364,0,0.942765,0,0,333.303,1033.2,0,0,1284.47,4677.38,0
1691509839957766144,1658,1510,141,0.910736,27.8332,47.9115,75.3191,98.9298,196.319,-3.608,333.165,643.68,1081.19,1376.75,1288.52,4743.08,9476.24,16375.4,1748.65,2007.78,3686.79,624.177,726.091,354.114,143123,8036.2,12122.6,0.0587183,3.1345,0,0,0.0561488,0,28.2415,36.6935,146.279,1444.44,3272.39,7194.58,0,0,7,7,9,0.5625,1,1.94412,1.94412,1.62568,0.00451471,0.112371,1510,0,0,0,0,0.001,0,0,0,0,0,0,0,0,0,0,0,0,0,0,0,0,0,0,0,0,0,0,0,0,0,0,0,0,0,0,0,0,0,0,0,0,27.8332,75.3191,76.1594,619.119,756.721,1,0.820575,0.57091,-0.0267903,0.999952,0.562427,0.0137231,0.960784,0.98,920.035,1267.49,2176.77,3407.66,254.211,703.346,2075.16,723.918,3038.53,230.65,316.934,-0.0574975,-0.0117655,1.39642,-0.947469,0,0,0,0,0,0,0,98.9298,0,0.952318,0,0,333.165,1081.19,0,0,1288.52,4743.08,0
1691509840057564526,1632,1473,155,0.902574,30.4046,55.2908,84.8597,104.644,227.566,-7.04909,352.744,690.671,1151.8,1535.97,1426.57,5007.28,10823.3,28832.5,1798.64,2191.88,3939.01,633.387,785.099,370.719,149322,10878.2,15504.7,1.20179,11.277,0,0,0.072851,0,25.6977,40.0676,187.527,1526.03,3562.97,10162.4,0,0,4,4,10,0.714286,1,2.06959,2.06959,1.90674,0.00697552,0.0550155,1473,0,0,0,0,0.001,0,0,0,0,0,0,0,0,0,0,0,0,0,0,0,0,0,0,0,0,0,0,0,0,0,0,0,0,0,0,0,0,0,0,0,0,30.4046,84.8597,72.0385,628.013,762.948,1,0.822549,0.568339,-0.0201096,0.999972,0.425447,0.0114744,0.923077,0.96,913.784,1288.97,2167.12,3418.39,244.104,711.526,2081.1,654.97,3039.2,283.303,427.458,-0.991412,0.279913,3.11729,-2.07345,0,0,0,0,0,0,0,104.644,0,0.944331,0,0,352.744,1151.8,0,0,1426.57,5007.28,0
1691509840157604346,1610,1447,157,0.898758,31.5828,55.2866,80.3113,98.8535,218.303,-5.10586,365.774,668.35,1129.78,1536.9,1393.96,5133.83,10650.3,38943.6,1659.17,2109.2,4091.86,640.857,770.703,334.35,150311,10913.4,15253.2,0.526458,11.3636,0,0,0.0726052,0,26.066,41.2092,134.852,1413.71,3347.84,10289.6,0,0,4,3,10,0.769231,1,2.11878,2.11878,1.7847,0.00748639,0.122141,1447,0,0,0,0,0.001,0,0,0,0,0,0,0,0,0,0,0,0,0,0,0,0,0,0,0,0,0,0,0,0,0,0,0,0,0,0,0,0,0,0,0,0,31.5828,80.3113,75.853,608.995,778.152,1,0.821282,0.570196,-0.0192885,0.999997,0.137099,0.00133279,0.886792,0.94,937.272,1290.71,2193.74,3380.44,253.621,728.774,2067.58,695.754,3061.09,288.787,451.712,0.0624719,0.0347784,1.67435,-1.75091,0,0,0,0,0,0,0,98.8535,0,0.951624,0,0,365.774,1129.78,0,0,1393.96,5133.83,0
1691509840257804589,1595,1405,181,0.880878,34.0618,58.3941,85.7487,108.722,217.623,-9.88133,395.118,716.564,1122.86,1570.53,1589.16,5211.54,10640.5,23526.7,1816.04,2351.17,3998.23,684.164,796.046,350.087,152548,10813.8,15127.2,0.475509,16.0773,0,0,0.0708876,0,20.6855,35.7524,149.678,1442.43,3275.43,10203.2,0,0,5,5,10,0.666667,1,2.06459,2.06459,1.97799,0.0106042,0.13939,1405,0,0,0,0,0.001,0,0,0,0,0,0,0,0,0,0,0,0,0,0,0,0,0,0,0,0,0,0,0,0,0,0,0,0,0,0,0,0,0,0,0,0,34.0618,85.7487,79.4041,629.691,792.904,1,0.822395,0.568176,-0.0290369,0.99995,0.573961,0.0239425,0.960784,0.98,966.046,1294.09,2181.15,3289.86,253.551,739.874,2038.35,716.798,3076.31,304.994,379.192,-0.137863,-0.430978,-0.0609136,-1.73345,0,0,0,0,0,0,0,108.722,0,0.935943,0,0,395.118,1122.86,0,0,1589.16,5211.54,0
1691509840357967613,1502,1303,194,0.86751,34.1817,59.1863,88.2054,112.965,205.334,-5.37407,391.236,723.446,1132.21,1592.75,1650.34,5409.42,11269.8,19694,1793.05,2433.26,4252.08,702.845,775.653,323.679,159526,10135.2,14086.1,1.36628,4.46087,0,0,0.0635332,0,17.485,42.3648,121.215,1191.55,3157.58,9555.92,0,0,4,4,9,0.692308,1,2.16363,2.16363,1.88569,0.00786112,0.0607463,1303,0,0,0,0,0.001,0,0,0,0,0,0,0,0,0,0,0,0,0,0,0,0,0,0,0,0,0,0,0,0,0,0,0,0,0,0,0,0,0,0,0,0,34.1817,88.2054,78.6227,626.083,799.294,1,0.822218,0.568291,-0.0316779,0.999996,0.151803,0.00459156,0.886792,0.94,965.898,1311.09,2174.64,3264.57,252.654,733.883,2049.94,688.746,3050.91,256.661,330.208,0.0721486,0.182738,0.671305,0.723586,0,0,0,0,0,0,0,112.965,0,0.927091,0,0,391.236,1132.21,0,0,1650.34,5409.42,0
1691509840457507220,1442,1233,204,0.855062,30.3533,57.0124,88.2134,112.963,224.505,-4.95017,392.656,720.355,1152.68,1543.04,1667.62,5419.27,11903.3,17610.4,1877.42,2154.07,4397,726.875,817.491,300.932,153327,10258.9,14151.6,1.56544,6.46513,0,0,0.0669088,0,21.9747,34.5569,122.624,1159.71,3104.73,9707.96,0,0,3,2,8,0.8,1,2.09262,2.09262,1.67787,0.00402046,0.136618,1233,0,0,0,0,0.001,0,0,0,0,0,0,0,0,0,0,0,0,0,0,0,0,0,0,0,0,0,0,0,0,0,0,0,0,0,0,0,0,0,0,0,0,30.3533,88.2134,75.2166,626.693,818.09,1,0.820676,0.570477,-0.0323632,0.999996,0.158214,0.00181756,0.886792,0.94,968.61,1307.36,2196.6,3764.66,251.495,741.658,2062.68,704.745,3006.46,277.457,318.913,0.00950204,-0.0523903,-0.532759,-0.657833,0,0,0,0,0,0,0,112.963,0,0.924574,0,0,392.656,1152.68,0,0,1667.62,5419.27,0
1691509840556744459,1424,1181,239,0.829354,30.1423,56.3164,91.0332,120.569,236.042,-3.83434,391.841,699.524,1162.29,1522.88,1605.52,5199.55,9303.34,18677.3,1788.86,2037.53,4168.18,732.927,783.535,291.511,148027,8255.81,11515.6,14.0314,9.76608,0,0,0.0557724,0,17,37.624,122.73,1066.21,2466.99,7805.05,0,0,2,2,8,0.8,1,2.17636,2.17636,1.68841,0.00204367,0.153219,1181,0,0,0,0,0.001,0,0,0,0,0,0,0,0,0,0,0,0,0,0,0,0,0,0,0,0,0,0,0,0,0,0,0,0,0,0,0,0,0,0,0,0,30.1423,91.0332,76.9902,618.004,804.006,1,0.824818,0.564677,-0.0285438,0.999967,0.463334,0.00548857,0.886792,0.94,983.82,1348.03,2190.42,3666.93,250.838,749.801,2073.92,665.507,3014.7,241.154,290.408,0.0517107,-1.40223,0.799951,-1.32002,0,0,0,0,0,0,0,120.569,0,0.917866,0,0,391.841,1162.29,0,0,1605.52,5199.55,0
1691509840656540718,1401,1204,195,0.859386,32.1963,58.6845,93.6408,122.906,193.989,-2.33454,409.237,724.22,1165.91,1581.97,1738.91,5450.94,11985.3,26517.6,1899.05,2150.99,4500.26,765.946,810.408,306.087,159142,10807.2,14846.8,0.509826,5.80044,0,0,0.0679088,0,21.1569,43.9859,139.87,1118.43,3291.77,10231.6,0,0,6,5,13,0.722222,1,2.03001,2.03001,1.8138,0.00448998,0.17232,1204,0,0,0,0,0.001,0,0,0,0,0,0,0,0,0,0,0,0,0,0,0,0,0,0,0,0,0,0,0,0,0,0,0,0,0,0,0,0,0,0,0,0,32.1963,93.6408,76.662,632.695,822.643,1,0.820632,0.570662,-0.0301245,0.999972,0.428176,0.00488676,0.904762,0.95,989.311,1393.27,2217.8,3708.6,250.701,756.611,2112.11,680.578,3081.19,287.465,337.365,0.186681,-0.0727805,1.02914,-0.741545,0,0,0,0,0,0,0,122.906,0,0.912791,0,0,409.237,1165.91,0,0,1738.91,5450.94,0
1691509840756796068,1354,1173,180,0.866322,33.0214,60.0628,95.2544,126.812,227.036,-4.26017,425.12,782.188,1260.5,1545.49,1803.5,5710.71,11164.2,21808.3,2064.37,2269.25,4609.89,807.429,846.248,286.92,155046,9926.19,13539,0.191428,6.69997,0,0,0.0640208,0,15.2672,36.8936,131.778,1182.35,2693.38,9479.35,0,0,4,4,9,0.692308,1,2.19819,2.19819,1.87062,0.0102926,0.0744089,1173,0,0,0,0,0.001,0,0,0,0,0,0,0,0,0,0,0,0,0,0,0,0,0,0,0,0,0,0,0,0,0,0,0,0,0,0,0,0,0,0,0,0,33.0214,95.2544,75.8438,628.498,812.658,1,0.822735,0.567888,-0.024714,0.999979,0.368621,0.00835465,0.923077,0.96,993.621,1395.15,2183.65,3681.79,247.446,749.508,2089.85,690.39,3138.19,266.858,328.942,0.151895,-0.102553,1.73334,1.16171,0,0,0,0,0,0,0,126.812,0,0.907076,0,0,425.12,1260.5,0,0,1803.5,5710.71,0
1691509840856953792,1383,1190,191,0.860448,30.8288,57.8225,97.9407,121.047,213.568,-1.75192,404.362,717.293,1154.18,1567.98,1654.19,5196.96,11747.3,19799.4,2052.16,2101.89,4100.39,712.266,797.669,291.191,154684,9274.24,12899.5,0.332689,8.99701,0,0,0.059956,0,17.6902,43.4891,116.728,1165.3,2789.58,8766.75,0,0,4,4,8,0.666667,1,2.1074,2.1074,1.79304,0.00548643,0.0883089,1190,0,0,0,0,0.001,0,0,0,0,0,0,0,0,0,0,0,0,0,0,0,0,0,0,0,0,0,0,0,0,0,0,0,0,0,0,0,0,0,0,0,0,30.8288,97.9407,75.8562,636.311,803.832,1,0.820641,0.570766,-0.0278356,0.999989,0.271267,0.00459148,0.869159,0.93,981.671,1319.06,2265.73,3745.96,246.76,741.74,2135.18,679.69,3147.7,237.278,308.054,-0.00596661,-0.164479,-0.0218919,-0.444336,0,0,0,0,0,0,0,121.047,0,0.905882,0,0,404.362,1154.18,0,0,1654.19,5196.96,0
1691509840956860304,1382,1191,188,0.861795,31.4291,61.6965,99.9062,125.291,195.696,-4.04874,427.284,779.999,1279.06,1586.56,1669.04,5302.12,11049.1,25073.3,2213.68,2198.2,4294.61,775.75,870.994,334.638,150147,9671.68,13757.5,1.32125,6.3496,0,0,0.0644148,0,19.1347,50.4589,154.435,1402.66,3068.05,9062.8,0,0,3,2,9,0.818182,1,2.14657,2.14657,1.89841,0.00294926,0.184012,1191,0,0,0,0,0.001,0,0,0,0,0,0,0,0,0,0,0,0,0,0,0,0,0,0,0,0,0,0,0,0,0,0,0,0,0,0,0,0,0,0,0,0,31.4291,99.9062,74.7972,632.603,791.6,1,0.824174,0.566177,-0.0134722,0.99988,0.887358,0.0300287,0.886792,0.94,978.959,1328.07,2313.67,3471.99,246.254,740.752,2142.77,702.887,3146.22,278.312,331.232,-0.00648287,-0.128997,-1.27191,0.549048,0,0,0,0,0,0,0,125.291,0,0.900084,0,0,427.284,1279.06,0,0,1669.04,5302.12,0
1691509841056661548,1396,1205,190,0.863181,30.2118,59.5909,97.4855,122.585,198.602,-2.21461,409.488,786.316,1230.13,1571.53,1704.64,5493.69,12040,15631.4,2112.16,2250.24,4547.81,821.305,841.789,329.137,155295,10008.4,14075.8,1.12099,12.6701,0,0,0.0644479,0,16.8584,45.1949,146.895,1228.77,3255.23,9382.89,0,0,4,4,12,0.75,1,2.30446,2.30446,1.84777,0.00294982,0.0754425,1205,0,0,0,0,0.001,0,0,0,0,0,0,0,0,0,0,0,0,0,0,0,0,0,0,0,0,0,0,0,0,0,0,0,0,0,0,0,0,0,0,0,0,30.2118,97.4855,75.6884,641.255,799.057,1,0.819796,0.572565,-0.0101366,0.999964,0.48313,0.00459311,0.886792,0.94,1002.34,1408.76,2338.06,3604.93,246.029,777.559,2147.24,688.085,3152.89,312.464,323.856,0.171722,0.448141,-2.10142,-1.65035,0,0,0,0,0,0,0,122.585,0,0.907884,0,0,409.488,1230.13,0,0,1704.64,5493.69,0
1691509841156831084,1474,1289,184,0.874491,30.8798,64.233,105.299,128.959,200.091,-2.07102,397.605,740.096,1185.17,1498.74,1558.45,5111.12,10262.4,21183.8,1889.48,2116.44,4103.95,770.587,784.675,303.837,160392,9097.73,12962.3,0.029886,3.63547,0,0,0.056722,0,15.2612,47.8873,146.674,1215.56,3055.82,8481.1,0,0,5,4,7,0.636364,1,2.22928,2.22928,2.17007,0.00796226,0.142671,1289,0,0,0,0,0.001,0,0,0,0,0,0,0,0,0,0,0,0,0,0,0,0,0,0,0,0,0,0,0,0,0,0,0,0,0,0,0,0,0,0,0,0,30.8798,105.299,79.4754,643.853,800.672,1,0.823384,0.567397,-0.0099555,0.99998,0.360659,0.00168826,0.869159,0.93,1006.02,1451.74,2320.44,3560.01,243.836,758.048,2154.6,680.874,3268.09,279.461,293.647,-0.00326713,0.000381818,1.233,-0.524835,0,0,0,0,0,0,0,128.959,0,0.891389,0,0,397.605,1185.17,0,0,1558.45,5111.12,0
1691509841257405990,1423,1240,179,0.871398,33.3913,65.7857,104.452,126.926,197.027,-4.79475,375.042,720.5,1203.07,1503.49,1515.17,5443.8,11691.7,24325.7,1946.65,2201.94,4479.31,782.207,783.051,311.61,158670,10447.1,14598.6,16.4236,5.39017,0,0,0.0658414,0,13.098,57.5536,136.232,1129.96,3476.13,9785.65,0,0,2,2,8,0.8,1,2.20018,2.20018,2.14435,0.00368077,0.11883,1240,0,0,0,0,0.001,0,0,0,0,0,0,0,0,0,0,0,0,0,0,0,0,0,0,0,0,0,0,0,0,0,0,0,0,0,0,0,0,0,0,0,0,33.3913,104.452,71.9592,638.944,796.097,1,0.822324,0.569015,-0.00214244,0.999968,0.461174,0.0129504,0.886792,0.94,992.254,1389.33,2312.52,3511.52,243.74,770.822,2133.69,686.346,3277.29,287.438,298.177,0.509774,-0.472106,1.74563,-0.872409,0,0,0,0,0,0,0,126.926,0,0.890323,0,0,375.042,1203.07,0,0,1515.17,5443.8,0
1691509841357585211,1350,1152,197,0.853333,31.8435,64.7104,105.047,122.705,200.746,-0.134248,384.6,727.051,1184.18,1536.73,1552.12,5469.16,11572.8,19217.1,2070.86,2150.68,4166.61,744.678,813.501,324.89,152378,8765.06,12478.8,16.1192,1.59198,0,0,0.0575219,0,8.7889,45.1927,114.368,1235.91,2895.24,8179.31,0,0,2,2,8,0.8,1,2.15773,2.15773,1.93159,0.00584826,0.0873159,1152,0,0,0,0,0.001,0,0,0,0,0,0,0,0,0,0,0,0,0,0,0,0,0,0,0,0,0,0,0,0,0,0,0,0,0,0,0,0,0,0,0,0,31.8435,105.047,75.3922,643.861,828.746,1,0.826145,0.563221,-0.0163164,0.999875,0.904231,0.0277868,0.923077,0.96,1014.93,1495.65,2331.87,3481.52,248.156,768.327,2145.41,664.836,3277.52,236.852,263.245,-0.458313,-0.108708,0.315953,-0.777135,0,0,0,0,0,0,0,122.705,0,0.889757,0,0,384.6,1184.18,0,0,1552.12,5469.16,0
1691509841457440475,1409,1194,213,0.84741,30.4763,63.9641,108.575,133.648,205.853,-1.79278,386.183,730.55,1205.01,1534.75,1563.12,5159.67,12699.1,20447.3,1976.41,2266.98,4329.56,804.825,780.609,294.619,152948,9891.62,13541,0.0018287,6.08577,0,0,0.0646732,0,13.7723,48.2954,137.58,1098.55,2829.52,9413.27,0,0,7,7,7,0.5,1,2.29857,2.29857,2.05396,0.00633236,0.128033,1194,0,0,0,0,0.001,0,0,0,0,0,0,0,0,0,0,0,0,0,0,0,0,0,0,0,0,0,0,0,0,0,0,0,0,0,0,0,0,0,0,0,0,30.4763,108.575,75.505,643.475,811.02,1,0.826283,0.563255,0.000209849,0.999863,0.946929,0.0344008,0.851852,0.92,1022.05,1471.1,2336.26,3550.27,248.955,764.32,2154.62,659.026,3236.31,281.861,275.487,0.000968481,0.000152401,1.92419,-0.712368,0,0,0,0,0,0,0,133.648,0,0.871022,0,0,386.183,1205.01,0,0,1563.12,5159.67,0
1691509841556906613,1381,1168,213,0.845764,32.8936,66.6051,108.276,133.132,226.073,-3.57022,393.038,782.406,1241.34,1548.93,1616.66,5595.91,11890,21577.1,2041.39,2286.47,4469.04,794.684,863.036,310.561,157408,10024.3,14000.1,0.0443903,9.70807,0,0,0.0636839,0,9.53403,44.9146,143.161,1300.55,3039.81,9462.17,0,0,6,5,8,0.615385,1,2.19218,2.19218,2.0939,0.00187585,0.105078,1168,0,0,0,0,0.001,0,0,0,0,0,0,0,0,0,0,0,0,0,0,0,0,0,0,0,0,0,0,0,0,0,0,0,0,0,0,0,0,0,0,0,0,32.8936,108.276,73.0431,645.557,818.4,1,0.825806,0.563936,0.0044614,0.999991,0.248212,0.0059672,0.869159,0.93,1024.05,1516.09,2320.81,3465.67,245.061,772.448,2148.78,668.516,3248,269.23,281.246,0.0102258,0.00404722,0.328949,-0.16873,0,0,0,0,0,0,0,133.132,0,0.878425,0,0,393.038,1241.34,0,0,1616.66,5595.91,0
1691509841656591787,1298,1120,176,0.862866,32.2692,70.4651,108.13,132.638,191.862,-3.85808,408.936,747.186,1194.69,1538.4,1625.26,5652.09,11554.9,22653.2,2098.65,2242.09,4580.17,760.599,833.359,344.498,159102,10104,14195.4,2.80572,3.37817,0,0,0.0635062,0,10.4804,51.664,116.488,1312.05,3217.99,9486.67,0,0,3,2,9,0.818182,1,2.22018,2.22018,2.05302,0.0031301,0.126038,1120,0,0,0,0,0.001,0,0,0,0,0,0,0,0,0,0,0,0,0,0,0,0,0,0,0,0,0,0,0,0,0,0,0,0,0,0,0,0,0,0,0,0,32.2692,108.13,74.6346,643.137,802.229,1,0.826377,0.563096,0.00496044,0.999999,0.0648492,0.00105418,0.834862,0.91,1009.91,1414.92,2283.69,3389.67,245.081,795.665,2128.99,659.066,3313.81,251.753,258.684,0.219818,0.26314,0.739497,-0.685666,0,0,0,0,0,0,0,132.638,0,0.870536,0,0,408.936,1194.69,0,0,1625.26,5652.09,0
1691509841756728333,1329,1177,151,0.885628,29.909,64.9543,111.068,132.675,217.062,0.486794,381.456,742.788,1262.66,1522.04,1523.08,5466.57,12989.1,28158.4,2234.42,2343.74,4282.29,746.596,803.86,381.304,158935,10087.3,15084,0.146449,9.28763,0,0,0.0634678,0,13.3502,55.5908,157.795,1568.38,4302.73,8986.17,0,0,14,13,12,0.48,1,2.37095,2.37095,2.06809,0.00929571,0.085104,1177,0,0,0,0,0.001,0,0,0,0,0,0,0,0,0,0,0,0,0,0,0,0,0,0,0,0,0,0,0,0,0,0,0,0,0,0,0,0,0,0,0,0,29.909,111.068,72.649,645.008,801.343,1,0.828556,0.559888,0.00452473,0.999992,0.223597,0.00268588,0.869159,0.93,979.816,1391.17,2210.63,3422.41,249.753,792.925,2097.56,669.415,3289.42,253.752,259.729,-0.00238103,0.0620073,0.836201,-0.0120803,0,0,0,0,0,0,0,132.675,0,0.870008,0,0,381.456,1262.66,0,0,1523.08,5466.57,0
1691509841857025883,1378,1205,172,0.874456,29.6162,61.5889,106.015,130.678,197.331,2.39188,381.889,730.714,1259.28,1536.7,1484.6,5634.59,10777.4,16344.3,2127.91,2350.12,4441.93,772.542,774.812,355.416,155482,8837.94,13073.4,0.0938888,6.43662,0,0,0.0568423,0,10.927,55.6054,122.089,1621.24,3179.4,8084.19,0,0,4,3,8,0.727273,1,2.31349,2.31349,2.02495,0.0050555,0.0758654,1205,0,0,0,0,0.001,0,0,0,0,0,0,0,0,0,0,0,0,0,0,0,0,0,0,0,0,0,0,0,0,0,0,0,0,0,0,0,0,0,0,0,0,29.6162,106.015,71.7744,645.598,803.628,1,0.826989,0.562192,0.00539918,0.999996,0.167352,0.00547917,0.834862,0.91,962.875,1364.33,2208.1,3398.18,248.866,776.675,1998.07,692.984,3417.7,255.35,256.325,0.0146564,-0.0242216,2.07744,-1.45767,0,0,0,0,0,0,0,130.678,0,0.880498,0,0,381.889,1259.28,0,0,1484.6,5634.59,0
1691509841957266927,1406,1241,163,0.882646,26.2579,59.1366,105.684,130.599,185.636,4.10864,354.035,674.76,1142.99,1478.72,1389.79,5456.53,10620.5,18496.2,2129.26,2187.26,4279.85,635.453,778.34,365.699,158227,9275.19,13234.4,9.30512,6.57404,0,0,0.0586196,0,9.45667,58.9968,127.48,1636.11,2674.21,8728.17,0,0,2,2,8,0.8,1,2.37224,2.37224,1.99723,0.00414916,0.0734494,1241,0,0,0,0,0.001,0,0,0,0,0,0,0,0,0,0,0,0,0,0,0,0,0,0,0,0,0,0,0,0,0,0,0,0,0,0,0,0,0,0,0,0,26.2579,105.684,72.8595,651.927,793.213,1,0.827268,0.561737,-0.00886236,0.999898,0.817705,0.0282751,0.869159,0.93,949.606,1322.44,2256.72,3357.98,241.996,760.994,2024.89,666.171,3370.48,218.129,258.975,0.00941155,0.591158,0.527702,-0.808676,0,0,0,0,0,0,0,130.599,0,0.883159,0,0,354.035,1142.99,0,0,1389.79,5456.53,0
1691509842057438016,1369,1188,176,0.867787,25.6618,57.0759,99.1884,125.024,217.162,0.485684,378.532,733.685,1227.87,1553.84,1511.21,5711.74,12442,29128.4,2110.24,2370.5,4394.73,742.925,764.09,367.452,164398,11147.7,15461.9,20.4355,5.77899,0,0,0.0678094,0,11.2862,63.1698,127.234,1621.29,3037.11,10601.8,0,0,2,1,10,0.909091,1,2.4811,2.4811,1.80109,0.000104559,0.0277275,1188,0,0,0,0,0.001,0,0,0,0,0,0,0,0,0,0,0,0,0,0,0,0,0,0,0,0,0,0,0,0,0,0,0,0,0,0,0,0,0,0,0,0,25.6618,99.1884,72.8801,658.034,785.086,1,0.828573,0.559881,0.000276892,0.999956,0.539539,0.0205508,0.724138,0.84,962.226,1375.94,2276.46,3327.76,243.242,761.598,2118.57,672.566,3462,250.185,275.818,-2.30486,-2.29916,0.910676,0.203038,0,0,0,0,0,0,0,125.024,0,0.90404,0,0,378.532,1227.87,0,0,1511.21,5711.74,0
1691509842157597079,1356,1196,157,0.882006,25.5374,61.6424,101.787,127.114,208.652,2.09763,403.629,732.185,1218.25,1544.24,1646.57,5575.91,12739.4,50546.5,2253.3,2296.03,4395.86,710.813,761.681,383.084,159165,13104.1,17481.7,0.0179724,8.34122,0,0,0.08233,0,9.94842,73.1862,151.849,1678.2,2901.47,12667,0,0,5,4,1,0.2,1,2.63515,2.63515,1.897,0.00631739,0.124992,1196,0,0,0,0,0.001,0,0,0,0,0,0,0,0,0,0,0,0,0,0,0,0,0,0,0,0,0,0,0,0,0,0,0,0,0,0,0,0,0,0,0,0,25.5374,101.787,75.4042,655.786,815.81,1,0.828116,0.560531,0.00529748,0.999987,0.291237,0.0079078,0.785714,0.88,976.51,1465.76,2280.76,3318.73,244.685,767.345,2180.32,709.824,3503.34,288.013,327.94,0.00155931,0.00449858,3.18896,-0.0900672,0,0,0,0,0,0,0,127.114,0,0.894649,0,0,403.629,1218.25,0,0,1646.57,5575.91,0
1691509842257830675,1362,1195,164,0.877386,27.5566,63.2569,102.727,121.08,219.844,3.51835,397.134,732.214,1285,1617.18,1524.17,6150.9,13804.9,30950.1,2282.49,2527.36,4672.79,701.622,797.287,390.246,160562,12696.4,18000.4,7.97694,10.1867,0,0,0.0790742,0,10.6595,60.4305,160.516,1913.24,3939.81,11915.8,0.0288571,0.00466733,6,5,11,0.6875,1,4.38851,2.46682,1.9217,0.0116776,0.0482877,1195,0,0,0,0,0.001,0,0,0,0,0,0,0,0,0,0,0,0,0,0,0,0,0,0,0,0,0,0,0,0,0,0,0,0,0,0,0,0,0,0,0,0,27.5566,102.727,74.7399,668.056,792.204,1,-0.830084,-0.55751,-0.0120019,0.999971,0.43616,0.0111006,0.754386,0.86,963.17,1331.74,2269.82,3271.13,245.367,727.12,2109.81,680.217,3564.64,271.754,309.622,0.322806,-0.824981,-0.0929898,0.815723,0,0,0,0,0,0,0,121.08,0,0.88954,0,0,397.134,1285,0,0,1524.17,6150.9,0
1691509842357671585,1373,1205,165,0.87764,24.2358,51.5335,98.5622,119.387,202.849,4.77573,362.208,721.314,1260.56,1551.82,1341.92,5528.13,12679,22278.2,2305.96,2360.32,4083.4,758.01,764.638,392.939,158857,9194.25,13908.2,26.7914,15.9917,0,0,0.0578777,0,14.053,79.5447,127.983,2055.96,3300.57,8330.1,0.00027162,9.89041e-05,2,2,8,0.8,1,4.12773,2.43708,1.69065,0.00424969,0.0762458,1205,0,0,0,0,0.001,0,0,0,0,0,0,0,0,0,0,0,0,0,0,0,0,0,0,0,0,0,0,0,0,0,0,0,0,0,0,0,0,0,0,0,0,24.2358,98.5622,69.2934,668.298,772.408,1,-0.831338,-0.554906,-0.0309311,0.999817,1.09715,0.0315763,0.709402,0.83,939.672,1286.33,2201.6,3223.82,244.467,717.585,2087.76,696.921,3512.24,256.524,283.887,-1.26176,-3.65182,0.561633,2.39256,0,0,0,0,0,0,0,119.387,0,0.903734,0,0,362.208,1260.56,0,0,1341.92,5528.13,0
1691509842457693354,1367,1212,153,0.886613,26.4875,57.2996,98.8883,121.191,170.127,2.68095,345.069,689.079,1227.65,1522.1,1349.32,5463.82,12719.4,34696,2243.95,2307.2,3998.74,686.641,753.078,380.508,157895,10643.8,15390.3,3.95507,4.05675,0,0,0.0674106,0,12.0316,69.4282,127.277,1856.41,3418.84,9906.31,0.102207,0.00731389,4,3,8,0.727273,1,4.51847,2.75691,1.76156,0.00433563,0.100643,1212,0,0,0,0,0.001,0,0,0,0,0,0,0,0,0,0,0,0,0,0,0,0,0,0,0,0,0,0,0,0,0,0,0,0,0,0,0,0,0,0,0,0,26.4875,98.8883,71.3925,658.024,784.583,1,-0.831455,-0.555094,-0.0235146,0.999972,0.425124,0.0152482,0.818182,0.9,940.291,1215.14,2184.41,3195.78,246.096,718.009,1992.28,660.597,3510.46,216.829,272.545,-0.271222,-1.66636,0.349045,1.6323,0,0,0,0,0,0,0,121.191,0,0.90264,0,0,345.069,1227.65,0,0,1349.32,5463.82,0
1691509842557172819,1405,1230,174,0.875445,22.9397,52.3961,95.0053,113.543,216.764,-0.944974,342.448,690.372,1183.24,1541.34,1309.41,5414.33,12625.4,31403.7,2244.17,2283.57,4004.17,641.704,759.103,401.626,158322,10081.8,14685.3,5.59333,6.53974,0,0,0.063679,0,12.808,84.087,140.51,2051.96,2990.6,9405.37,0.00443042,0.000720874,9,8,16,0.666667,1,4.18691,2.61466,1.57226,0.00321125,0.187588,1230,0,0,0,0,0.001,0,0,0,0,0,0,0,0,0,0,0,0,0,0,0,0,0,0,0,0,0,0,0,0,0,0,0,0,0,0,0,0,0,0,0,0,22.9397,95.0053,69.5866,656.68,742.733,1,-0.827642,-0.56074,-0.0240656,0.999977,0.391629,0.00217112,0.754386,0.86,915.406,1203.57,2192.72,3203.47,242.672,707.363,2011.8,604.668,3544.69,208.711,264.9,1.10732,-0.176987,-1.60568,0.281564,0,0,0,0,0,0,0,113.543,0,0.913821,0,0,342.448,1183.24,0,0,1309.41,5414.33,0
1691509842656674034,1424,1268,156,0.890449,24.1982,50.5183,93.2401,123.623,199.557,0.154113,363.164,729.451,1202.22,1537.15,1446.06,5470.53,11337.8,16680.9,2307.61,2265.84,3975.67,655.734,743.774,459.652,157338,8723.2,13501.5,2.42866,2.31351,0,0,0.0554425,0,13.6465,80.9058,160.428,2083.98,3411.3,7751.24,0.539074,0.00248787,4,4,7,0.636364,1,4.21723,2.49064,1.72659,0.00614643,0.122257,1268,0,0,0,0,0.001,0,0,0,0,0,0,0,0,0,0,0,0,0,0,0,0,0,0,0,0,0,0,0,0,0,0,0,0,0,0,0,0,0,0,0,0,24.1982,93.2401,69.2906,658.46,756.25,1,-0.829522,-0.554773,-0.0641839,0.999176,2.32656,0.0776474,0.724138,0.84,944.289,1288.79,2251.61,3100.71,250.054,748.869,2080.28,618.737,3473.37,229.021,276.583,-0.985422,-0.461274,0.951794,0.438339,0,0,0,0,0,0,0,123.623,0,0.912461,0,0,363.164,1202.22,0,0,1446.06,5470.53,0
1691509842756986788,1446,1272,174,0.879668,24.5863,59.2619,96.3562,116.918,185.819,-4.60237,352.727,661.235,1193.68,1532.2,1396.24,5695.97,12082.4,20223.2,2339.35,2546.52,3795.96,614.473,699.198,463.97,159490,9387.84,14336.8,15.7221,15.5506,0,0,0.0588618,0,13.1019,90.5035,140.787,1988.59,3717.62,8386.19,0.0196228,0.00419157,5,5,8,0.615385,1,4.32785,2.56374,1.76411,0.00950764,0.167142,1272,0,0,0,0,0.001,0,0,0,0,0,0,0,0,0,0,0,0,0,0,0,0,0,0,0,0,0,0,0,0,0,0,0,0,0,0,0,0,0,0,0,0,24.5863,96.3562,70.5518,655.266,739.182,1,-0.83081,-0.551334,-0.0760643,0.999923,0.712482,0.0218181,0.754386,0.86,955.196,1286.4,2234.17,3094.79,252.592,748.291,2142.47,612.602,3407.43,218.376,256.949,-1.99745,-0.978601,1.93703,0.990313,0,0,0,0,0,0,0,116.918,0,0.910377,0,0,352.727,1193.68,0,0,1396.24,5695.97,0
1691509842857453734,1454,1280,170,0.88033,22.3745,45.9582,82,107.602,193.853,1.37016,356.744,724.919,1252.66,1549.44,1368.79,5623.22,12698,25430.4,2697.05,2497.81,3673.05,622.163,822.074,508.609,159729,10190.4,15550.3,1.46281,1.61272,0,0,0.0637983,0,11.9254,93.7182,140.96,2195.6,3996.2,9111.87,0.027595,0.00102581,3,3,7,0.7,1,4.31668,2.89238,1.4243,0.00493504,0.076009,1280,0,0,0,0,0.001,0,0,0,0,0,0,0,0,0,0,0,0,0,0,0,0,0,0,0,0,0,0,0,0,0,0,0,0,0,0,0,0,0,0,0,0,22.3745,82,67.1563,669.393,753.451,1,-0.83321,-0.549447,-0.0621984,0.999899,0.813493,0.0264404,0.709402,0.83,980.329,1333.67,2250.41,3085.27,250.723,742.753,2076.35,615.86,3476.15,217.73,298.793,0.916569,0.0104437,-0.797662,-0.277394,0,0,0,0,0,0,0,107.602,0,0.938281,0,0,356.744,1252.66,0,0,1368.79,5623.22,0
1691509842957380843,1290,1067,221,0.827132,25.5541,60.9999,102.727,129.591,193.956,-2.78331,407.465,722.235,1205.81,1576.17,1425.31,5509.78,11396.4,26604,2206.19,2177.43,3840.96,818.647,671.214,464.336,155675,7937.86,12435.2,5.98081,10.7482,0,0,0.05099,0,11.4778,120.991,186.616,1683.9,3526.51,6905.66,0.00675517,0.00210503,3,3,10,0.769231,1,4.37965,2.67428,1.70537,0.00350792,0.127802,1067,0,0,0,0,0.001,0,0,0,0,0,0,0,0,0,0,0,0,0,0,0,0,0,0,0,0,0,0,0,0,0,0,0,0,0,0,0,0,0,0,0,0,25.5541,102.727,65.0187,665.104,737.877,0,0.980992,-0.19349,-0.0146996,0.710146,44.7532,0.094853,0.481481,0.65,926.529,1196.24,2026.98,2733.83,265.319,763.373,1898.12,602.251,3302.97,268.342,186.44,0.768774,1.84485,-0.41759,-0.919933,0,0,0,0,0,0,0,129.591,0,0.888472,0,0,407.465,1205.81,0,0,1425.31,5509.78,0
1691509843057425463,1270,1076,188,0.847244,29.7021,70.9352,108.75,131.017,191.369,-6.02032,397.1,757.573,1245.51,1538.68,1474.9,5722.24,12457,31009.9,2055.39,2411.25,4251.55,834.604,693.136,464.482,162788,9614.49,13666.2,18.1849,16.9996,0,0,0.0590615,0,12.4159,118.289,161.535,1472.19,2835.97,9065.77,0.00230639,0.000837171,3,3,8,0.727273,1,4.5417,2.60664,1.93505,0.00528003,0.0879772,1076,0,0,0,0,0.001,0,0,0,0,0,0,0,0,0,0,0,0,0,0,0,0,0,0,0,0,0,0,0,0,0,0,0,0,0,0,0,0,0,0,0,0,29.7021,108.75,64.329,658.17,753.501,0,-0.981375,0.191674,0.0127951,0.999996,0.152352,0.0583861,0.666667,0.8,957.679,1246.63,2225.89,2733.62,264.782,784.416,1955.71,606.076,3317.51,266.339,190.309,-1.60151,-2.25625,0.744948,2.29892,0,0,0,0,0,0,0,131.017,0,0.8671,0,0,397.1,1245.51,0,0,1474.9,5722.24,0
1691509843157499871,1512,1346,166,0.890212,21.5344,45.4015,87.4629,111.631,199.082,-0.910581,351.749,720.285,1244.26,1572.62,1344.39,5647.73,11971.7,26494.9,2506.28,2447.4,3713.71,682.305,755.162,550.322,156309,11054.4,16797.9,17.1422,16.9289,0,0,0.0707212,0,13.5425,109.576,158.212,2302.96,4292.07,9921.5,0.0518872,0.00903404,4,3,9,0.75,1,3.99429,2.42456,1.56974,0.0078807,0.141264,1346,0,0,0,0,0.001,0,0,0,0,0,0,0,0,0,0,0,0,0,0,0,0,0,0,0,0,0,0,0,0,0,0,0,0,0,0,0,0,0,0,0,0,21.5344,87.4629,69.9726,677.945,753.083,1,-0.833495,-0.547217,-0.0764109,0.712107,44.5934,0.00546045,0.470588,0.64,975.159,1299.5,2252.39,3085.77,250.086,780.261,2053.52,627.615,3288.66,246.684,298.727,0.722821,-1.19176,-0.882097,1.1314,0,0,0,0,0,0,0,111.631,0,0.926449,0,0,351.749,1244.26,0,0,1344.39,5647.73,0
1691509843257344404,1491,1318,173,0.88397,22.8229,54.0428,96.173,121.576,194.872,-3.63539,361.856,724.676,1266.98,1594.81,1362.8,5413.78,13342.6,26441.2,2586.31,2395.27,3596.3,660.979,769.449,545.353,159008,9555.14,14984.3,13.0428,15.6881,0,0,0.0600922,0,29.8682,134.463,144.881,2295.9,4025.42,8353.77,0.00814911,0.00265558,4,3,12,0.8,1,4.3878,2.552,1.8358,0.00391927,0.180305,1318,0,0,0,0,0.001,0,0,0,0,0,0,0,0,0,0,0,0,0,0,0,0,0,0,0,0,0,0,0,0,0,0,0,0,0,0,0,0,0,0,0,0,22.8229,96.173,69.3772,673.504,734.119,1,0.835452,0.54026,0.100694,0.999679,1.45168,0.04211,0.652893,0.79,964.91,1259.32,2301.69,3017.65,252.634,750.33,2100.7,633.699,3238.3,249.373,282.717,-0.206051,-0.627219,-1.56068,0.825977,0,0,0,0,0,0,0,121.576,0,0.911229,0,0,361.856,1266.98,0,0,1362.8,5413.78,0
1691509843357239210,1382,1159,223,0.83864,28.9989,66.6886,97.1317,117.572,182.781,-0.070246,372.302,739.875,1190.65,1630.68,1280.57,5194.89,12774.9,31494.8,2186.42,2267.61,3331.15,792.343,640.416,534.593,158179,8431.62,12755.2,12.7705,12.369,0,0,0.0533042,0,36.527,138.732,171.337,1735.38,2983.68,7689.49,0.310741,0.00939618,4,3,8,0.727273,1,4.54849,2.75263,1.79586,0.00645314,0.179125,1159,0,0,0,0,0.001,0,0,0,0,0,0,0,0,0,0,0,0,0,0,0,0,0,0,0,0,0,0,0,0,0,0,0,0,0,0,0,0,0,0,0,0,28.9989,97.1317,61.2574,666.775,735.968,0,0.980528,-0.196327,-0.00464226,0.712649,44.5491,0.0195814,0.428571,0.6,922.355,1192.8,2080.1,2881.08,265.965,752.851,1901.73,591.582,3243.33,272.41,180.852,0.958861,1.22432,-0.941415,-1.25818,0,0,0,0,0,0,0,117.572,0,0.907679,0,0,372.302,1190.65,0,0,1280.57,5194.89,0
1691509843456975464,1468,1260,208,0.858311,26.8812,63.4908,101.03,126.997,192.526,-0.82257,381.489,749.67,1231.79,1598.78,1247.67,4853.54,12506.4,35256.2,2225.61,2130.96,3190.19,869.243,602.17,565.523,160892,8583.8,13297.7,12.6536,13.4038,0,0,0.0533515,0,32.932,127.723,226.433,1832.41,3430.58,7647.64,0.16467,0.0119689,4,3,8,0.727273,1,4.76646,2.74007,2.02639,0.00404347,0.205331,1260,0,0,0,0,0.001,0,0,0,0,0,0,0,0,0,0,0,0,0,0,0,0,0,0,0,0,0,0,0,0,0,0,0,0,0,0,0,0,0,0,0,0,26.8812,101.03,63.0201,682.107,726.873,0,0.980136,-0.19808,-0.009919,0.999984,0.319382,0.200555,0.709402,0.83,948.192,1164.46,2025.65,2788.3,261.953,779.287,1899.55,609.068,3190.73,321.02,201.947,0.651677,2.23912,-0.692852,-2.28225,0,0,0,0,0,0,0,126.997,0,0.897619,0,0,381.489,1231.79,0,0,1247.67,4853.54,0
1691509843556626315,1349,1166,182,0.864344,28.7973,64.8497,97.8955,118.652,202.108,-5.39521,375,705.225,1255.8,1618.23,1231.73,5086.46,11121.3,21385.2,2144.55,2123.48,3498.64,763.533,598.583,502.177,154921,7151.39,11266.2,14.6675,14.5989,0,0,0.0461614,0,35.8413,134.114,156.263,1831.88,2784.38,6323.78,0.0798494,0.00617701,6,5,11,0.6875,1,4.33063,2.50662,1.82401,0.00293395,0.063498,1166,0,0,0,0,0.001,0,0,0,0,0,0,0,0,0,0,0,0,0,0,0,0,0,0,0,0,0,0,0,0,0,0,0,0,0,0,0,0,0,0,0,0,28.7973,97.8955,64.1249,670.076,716.8,0,0.979192,-0.20256,-0.0123414,0.999987,0.296778,0.0687661,0.626016,0.77,958.816,1263.24,1995.77,3811.34,270.6,800.895,1895.1,594.773,3156.33,282.533,165.963,1.71242,1.15297,-1.7774,-1.13693,0,0,0,0,0,0,0,118.652,0,0.904803,0,0,375,1255.8,0,0,1231.73,5086.46,0
1691509843656493319,1305,1119,184,0.857471,26.1877,60.2149,99.0241,120.511,193.576,-3.76642,414.732,796.322,1291,1637.23,1405.26,6382.22,13376.9,26252,2450.03,2546.02,4065.76,858.022,716.64,550.06,158948,10809.2,16300.4,15.7905,2.69288,0,0,0.0680048,0,23.0281,122.032,180.156,2018.15,4210.85,9746.14,0.000124912,1.55793e-05,2,2,8,0.8,1,4.15612,2.48972,1.6664,0.00362925,0.124582,1119,0,0,0,0,0.001,0,0,0,0,0,0,0,0,0,0,0,0,0,0,0,0,0,0,0,0,0,0,0,0,0,0,0,0,0,0,0,0,0,0,0,0,26.1877,99.0241,65.4039,665.506,738.09,0,0.97954,-0.200977,-0.0104988,0.999997,0.140604,0.0456724,0.612903,0.76,956.173,1282.41,2365.19,3812.54,268.47,790.461,2023.55,565.39,3155.68,276.107,208.591,0.0431311,1.33052,-0.625537,-0.285876,0,0,0,0,0,0,0,120.511,0,0.903485,0,0,414.732,1291,0,0,1405.26,6382.22,0
1691509843756468756,1298,1111,184,0.855932,26.509,60.1877,101.672,126.911,202.532,-4.00808,402.044,789.355,1344.77,1665.45,1409.32,5058.55,15046.9,27259.3,2196.43,2107.85,3503.28,925.012,644.053,518.12,157218,9384.6,14107.3,15.7152,8.04466,0,0,0.0596915,0,25.8036,131.654,251.353,1774.84,3339.52,8584.12,0.00612005,0.00112271,2,2,9,0.818182,1,4.4999,2.72845,1.77145,6.64546e-05,0.0384836,1111,0,0,0,0,0.001,0,0,0,0,0,0,0,0,0,0,0,0,0,0,0,0,0,0,0,0,0,0,0,0,0,0,0,0,0,0,0,0,0,0,0,0,26.509,101.672,63.7503,654.478,711.772,0,0.97827,-0.207083,-0.0101821,0.999981,0.357794,0.0449328,0.709402,0.83,974.81,1229.11,2050.8,3789.72,270.955,795.329,1945.03,552.765,3222.49,333.488,178.434,0.0971063,-0.015497,-1.61097,-0.0889812,0,0,0,0,0,0,0,126.911,0,0.89649,0,0,402.044,1344.77,0,0,1409.32,5058.55,0
1691509843856798974,1496,1359,137,0.908422,22.0735,46.2903,83.4897,102.975,187.457,-0.183023,365.136,760.185,1305.88,1554.82,1271.35,6114.89,16156.9,41120.3,2720.69,2759.31,3836.11,771.267,730.119,496.559,162285,15995.5,22378.4,10.5957,9.68724,0,0,0.0985642,0,31.6383,84.3922,189.148,1772.64,5322.67,14977.9,0.00904033,0.00163564,3,2,10,0.833333,1,4.26824,2.78419,1.48405,0.00842878,0.110155,1359,0,0,0,0,0.001,0,0,0,0,0,0,0,0,0,0,0,0,0,0,0,0,0,0,0,0,0,0,0,0,0,0,0,0,0,0,0,0,0,0,0,0,22.0735,83.4897,66.3602,653.081,716.559,1,0.836391,0.530138,0.139297,0.707015,45.0074,0.0647309,0.492537,0.66,964.075,1337.79,2271.86,3073.18,267.839,764.267,2016.16,586.142,3187.34,281.686,316.903,-0.746984,1.35274,-0.359553,-2.06712,0,0,0,0,0,0,0,102.975,0,0.943341,0,0,365.136,1305.88,0,0,1271.35,6114.89,0
1691509843956918836,1373,1157,216,0.84268,22.8778,51.1889,90.8171,117.668,204.795,1.09838,352.631,696.788,1205.31,1526.08,1159.41,5214.6,14722.6,32338.1,2048.12,2322.04,3498.06,798.106,565.224,490.719,156574,10784.9,15464.1,5.63466,4.33815,0,0,0.0688801,0,43.1262,95.5681,200.953,1277.76,3860.36,9986.33,0.000678904,0.000206926,3,3,8,0.727273,1,4.28538,2.8045,1.48087,0.00363932,0.0524704,1157,0,0,0,0,0.001,0,0,0,0,0,0,0,0,0,0,0,0,0,0,0,0,0,0,0,0,0,0,0,0,0,0,0,0,0,0,0,0,0,0,0,0,22.8778,90.8171,63.9545,665.965,720.08,0,0.978269,-0.207135,-0.00917264,0.707128,44.9983,0.0388754,0.459854,0.63,951.409,1214.5,2150.02,3791.17,265.8,767.295,1982.71,564.342,3201.72,266.573,169.341,-0.433228,0.68339,0.341458,-0.513566,0,0,0,0,0,0,0,117.668,0,0.923077,0,0,352.631,1205.31,0,0,1159.41,5214.6,0
1691509844057118458,1508,1375,132,0.911804,20.5795,45.293,84.9047,107.26,200.805,-2.78339,361.419,738.789,1240.95,1539.4,1288.92,5304.78,13749,36147.2,2406.03,2386.66,3369.85,755.308,657.549,518.739,152882,11806.6,17432.6,20.1174,10.5068,0,0,0.0772274,0,31.0541,104.515,191.194,1689.4,4736.51,10679.9,0.000199887,6.90251e-05,2,2,8,0.8,1,4.36715,2.82889,1.53826,0.00284079,0.0751975,1375,0,0,0,0,0.001,0,0,0,0,0,0,0,0,0,0,0,0,0,0,0,0,0,0,0,0,0,0,0,0,0,0,0,0,0,0,0,0,0,0,0,0,20.5795,84.9047,65.6016,649.83,730.568,1,-0.839597,-0.536984,-0.0820096,0.709371,44.8162,0.0827349,0.459854,0.63,970.497,1355.32,2315.93,3095.95,255.203,775.701,2050.68,550.568,3202.72,278.074,268.288,-0.471794,-0.661962,1.33697,-0.783866,0,0,0,0,0,0,0,107.26,0,0.936727,0,0,361.419,1240.95,0,0,1288.92,5304.78,0
1691509844157455209,1293,1080,212,0.835267,26.202,59.0594,101.849,123.493,207.98,-0.8233,394.129,770.895,1246.63,1687.77,1274.1,5666.23,15511.2,23499.7,2202.27,2634,3734.11,873.098,604.511,486.577,156119,10068.8,14505.5,8.5856,8.39529,0,0,0.0644944,0,32.3502,102.528,225.811,1360.18,3413.71,9370.93,0.00294091,0.000580292,3,3,10,0.769231,1,4.56559,2.89087,1.67472,0.00531475,0.14291,1080,0,0,0,0,0.001,0,0,0,0,0,0,0,0,0,0,0,0,0,0,0,0,0,0,0,0,0,0,0,0,0,0,0,0,0,0,0,0,0,0.000925926,7.48447,7.48447,26.223,101.852,62.2795,651.043,750.677,0,-0.978264,0.20721,0.00801634,0.709421,44.8122,0.0688759,0.538462,0.7,996.071,1296.02,2348.35,3788.64,269.497,793.916,2083.47,562.655,3252.4,308.242,154.254,-2.20708,0.815006,1.68626,0.257261,0,0,0,0,0,0.00154679,7.48447,123.509,1,0.8962,35.0609,35.0609,394.444,1246.7,51.3009,51.3009,1274.33,5666.84,1.81433e-07
1691509844257480438,1543,1368,173,0.886585,22.8698,49.881,90.9164,117.448,199.455,-3.39997,365.286,730.596,1246.74,1545.43,1247.41,5725.5,15303.8,39566.3,2430.34,2645.74,3868.05,783.93,673.576,502.485,162660,12879.8,19274.9,9.50707,2.82237,0,0,0.0791822,0,24.164,102.736,208.232,1772.75,5814.23,11352.8,0.0123541,0.000795624,3,2,10,0.833333,1,4.60984,2.86966,1.74018,0.00473568,0.126513,1368,0,0,0,0,0.001,0,0,0,0,0,0,0,0,0,0,0,0,0,0,0,0,0,0,0,0,0,0,0,0,0,0,0,0,0,0,0,0,0,0,0,0,22.8698,90.9164,67.6287,643.418,754.953,1,-0.842427,-0.537796,-0.0330583,0.712414,44.5684,0.0346589,0.503759,0.67,982.292,1303.39,2327.38,3108.43,243.108,789.619,2034.19,563.249,3198.71,298.117,238.354,-0.936757,0.460661,0.682467,-0.530671,0,0,0,0,0,0.000648088,0,117.448,0,0.921784,0,0,365.286,1246.74,0,0,1247.41,5725.5,0
1691509844357449406,1406,1153,248,0.820057,25.9123,53.4643,90.9792,123.045,201.689,-0.51085,401.177,745.743,1232.83,1697.11,1172.24,5600.39,15224.7,27244,1994.05,2651.09,3565.87,850.03,551.549,500.964,152465,10577.7,15396.3,3.3788,4.89292,0,0,0.069378,0,41.7647,101.848,211.824,1293.52,4075.17,9672.17,0.000418843,5.24374e-05,2,2,8,0.8,1,4.78579,3.15693,1.62885,0.00602305,0.113398,1153,0,0,0,0,0.001,0,0,0,0,0,0,0,0,0,0,0,0,0,0,0,0,0,0,0,0,0,0,0,0,0,0,0,0,0,0,0,0,0,0.00346921,28.188,33.7278,25.9123,91.129,63.5947,648.81,732.595,0,0.97639,-0.215948,-0.00543094,0.706221,45.0717,0.0605244,0.503759,0.67,979.124,1295.96,2327.58,3775.87,265.239,796.42,2041.61,559.759,3231.04,291.95,164.361,1.48372,0.0978206,-1.89304,-0.225985,0,0,0,0,0,0.0056899,33.8163,123.127,1,0.908616,554.918,759.459,401.177,1234.76,779.118,998.613,1176.8,5619.88,0.000151498
1691509844457112377,1449,1165,279,0.804003,25.987,56.6304,106.719,137.75,201.497,-2.77197,381.764,728.176,1151.05,1549.29,1223.39,5014.52,14332.6,34866.9,2014.23,2477.23,3286.58,821.652,550.691,497.771,146756,10048.3,14618.3,4.10832,4.91077,0,0,0.0684696,0,44.5865,98.5737,196.768,1093.09,4062.92,9122.32,0.00495191,0.000767185,5,5,8,0.615385,1,5.09406,3.20901,1.88504,0.00379485,0.150852,1165,0,0,0,0,0.001,0,0,0,0,0,0,0,0,0,0,0,0,0,0,0,0,0,0,0,0,0,0,0,0,0,0,0,0,0,0,0,0,0,0,0,0,25.987,106.719,62.0827,649.34,715.577,0,0.976294,-0.216345,-0.00673665,0.999999,0.0783835,0.0293362,0.680672,0.81,979.635,1295.23,2193.52,3764.69,257.321,791.894,2055.21,543.812,3113.98,276.504,155.876,-1.03288,-0.816077,0.871964,0.605149,0,0,0,0,0,0,0,137.75,0,0.890129,0,0,381.764,1151.05,0,0,1223.39,5014.52,0
1691509844556647054,1487,1157,326,0.778077,24.9156,54.349,93.021,121.583,195.319,-2.12308,367.458,700.807,1179.41,1550.26,1138.13,5275.29,12505.8,38851.6,1937.36,2304.83,3148.16,771.868,556.621,518.173,146744,10300.5,14843.6,22.2554,5.10789,0,0,0.0701937,0,36.5205,90.0344,188.319,1085.41,4027.62,9415.71,6.08298e-05,3.40996e-05,2,1,9,0.9,1,4.99144,3.36839,1.62305,0.00419849,0.104845,1157,0,0,0,0,0.001,0,0,0,0,0,0,0,0,0,0,0,0,0,0,0,0,0,0,0,0,0,0,0,0,0,0,0,0,0,0,0,0,0,0.00259291,4.39682,4.74672,25.0042,93.0411,55.6983,652.113,698.188,0,0.976159,-0.217021,-0.00394728,0.999996,0.164634,0.0155031,0.666667,0.8,987.683,1295.66,2161.95,3759.46,258.484,787.003,2014.02,546.547,3285.89,272.195,159.372,0.538197,-1.36855,-0.030536,0.120904,0,0,0,0,0,0.00201748,4.79046,121.718,1,0.909879,199.366,202.269,370.191,1179.6,298.243,343.118,1145.77,5277.54,1.50101e-05
1691509844656365791,1368,1109,257,0.810673,25.8918,65.0543,108.161,133.524,215.099,-9.6719,409.466,735.031,1234.13,1669.26,1237.16,6762.61,16889.5,33850.5,2002.74,3001.94,4280.45,836.485,583.524,480.772,154996,11543.1,16983.6,26.7695,22.9408,0,0,0.0744738,0,32.2424,79.2827,199.129,1254.09,5184.23,10234.7,0.0450645,0.00819017,3,2,8,0.8,1,5.00601,3.04491,1.96111,0.00325411,0.147,1109,0,0,0,0,0.001,0,0,0,0,0,0,0,0,0,0,0,0,0,0,0,0,0,0,0,0,0,0,0,0,0,0,0,0,0,0,0,0,0,0.00631199,10.9047,22.9288,26.18,108.41,60.6209,645.19,742.19,0,-0.975329,0.22075,0.00153584,0.99999,0.258814,0.102094,0.652893,0.79,1024.63,1319.65,2304.45,3753.3,260.788,796.874,2112.73,586.551,3367.63,303.957,143.958,-1.14561,2.05325,1.49978,-1.88744,0,0,0,0,0,0.00511696,29.1402,133.655,1,0.872051,170.27,321.77,411.654,1235.72,235.393,484.894,1249.93,6769.96,3.9841e-05
1691509844756413879,1399,1166,230,0.833452,26.6181,60.3984,107.181,131.972,196.392,-8.87641,392.247,745.67,1126.18,1415.62,1120.78,5563.63,14110.2,28684.2,1926.33,2512.33,3332.25,838.578,539.335,475.319,158251,9399.56,14086.4,12.057,11.8858,0,0,0.0593965,0,41.6451,85.4631,194.504,1065.21,4542.76,8156.81,0.230127,0.00805699,7,7,8,0.533333,1,5.34978,3.42825,1.92153,0.00551897,0.148785,1166,0,0,0,0,0.001,0,0,0,0,0,0,0,0,0,0,0,0,0,0,0,0,0,0,0,0,0,0,0,0,0,0,0,0,0,0,0,0,0,0.0240137,30.2107,60.5612,26.5535,108.001,62.4244,671.187,731.389,0,0.97498,-0.222274,-0.00274694,0.999998,0.11333,0.0751612,0.724138,0.84,1037.82,1315.68,2192.3,3771.3,251.649,798.684,2033.62,536.195,3235.43,289.914,120.346,-2.37924,-0.85206,2.38876,0.840439,0,0,0,0,0,0.0200143,63.5771,133.278,1,0.884007,262.534,577.815,397.146,1139.3,426.886,855.267,1156.84,5696.94,0.00053601
1691509844856497612,1430,1176,250,0.822378,26.4971,57.9286,109.971,136.543,206.389,-9.12364,389.343,728.477,1211.3,1639.34,1146.26,6010.15,14925.6,41917.9,2085.97,2636.08,4118.41,836.994,558.177,531.03,157163,12301.4,17687.5,17.0542,21.2619,0,0,0.0782717,0,47.4149,94.4438,251.903,1046.36,5109.86,11137.5,0.000294994,0.000142454,2,2,8,0.8,1,5.47047,3.52423,1.94624,0.0034255,0.0869871,1176,0,0,0,0,0.001,0,0,0,0,0,0,0,0,0,0,0,0,0,0,0,0,0,0,0,0,0,0,0,0,0,0,0,0,0,0,0,0,0,0.0442177,10.2978,31.0855,26.9742,111.508,60.8511,663.659,718.49,0,0.973523,-0.228535,-0.00488958,0.999977,0.388205,0.0507462,0.694915,0.82,1056.29,1293.3,2382.75,3772.21,251.828,810.578,2123.08,533.239,3206.07,306.211,159.573,-1.91961,-2.13624,1.442,1.23015,0,0,0,0,0,0.0363636,36.2271,138.457,1,0.870996,225.353,749.224,396.214,1250.99,308.257,1105.51,1203.51,6172.49,0.00127465
1691509844956437280,1442,1160,278,0.804438,25.7323,60.8791,105.115,130.689,245.58,-7.8923,386.029,738.145,1271.64,1708.71,1131.41,5957.74,16574.4,41711.2,1916.22,2915.87,3797.55,876.564,492.12,506.248,156019,14211,19701.5,15.6456,19.2235,0,0,0.0910849,0,37.2149,83.6183,237.327,1087.14,5001.31,13254.9,0.000150702,6.2782e-05,2,2,8,0.8,1,5.09879,3.22195,1.87684,0.00538816,0.0632455,1160,0,0,0,0,0.001,0,0,0,0,0,0,0,0,0,0,0,0,0,0,0,0,0,0,0,0,0,0,0,0,0,0,0,0,0,0,0,0,0,0.0698276,8.07666,19.9321,29.1745,107.514,59.6678,657.978,710.354,0,0.973373,-0.229208,-0.00275706,0.999997,0.128425,0.067231,0.694915,0.82,1053.19,1350.45,2408.27,3760.56,256.54,823.226,2039.86,551.458,3181.67,322.36,157.889,-1.40219,-1.99853,0.446557,2.55367,0,0,0,0,0,0.056172,25.7371,133.723,1,0.879518,271.065,550.319,404.542,1307.5,354.028,829.098,1239.36,6276.91,0.00103985
1691509845056936200,1497,1189,305,0.794255,23.1945,56.5963,104.801,136.606,215.7,-5.83641,358.909,739.389,1196.9,1613.52,1038.14,5260.24,16227,40370.8,1697.34,2433.02,3587.55,856.308,513.035,453.138,154196,12094.7,17214.1,7.3734,7.37999,0,0,0.0784375,0,46.1708,97.292,258.791,933.648,4834.7,11043.5,0.00357372,0.000748478,6,6,9,0.6,1,5.55519,3.61993,1.93526,0.0104405,0.0579662,1189,0,0,0,0,0.001,0,0,0,0,0,0,0,0,0,0,0,0,0,0,0,0,0,0,0,0,0,0,0,0,0,0,0,0,0,0,0,0,0,0.134567,12.4634,39.5521,26.8173,114.231,60.5484,660.134,720.318,0,-0.971938,0.23522,0.00287085,0.999981,0.354154,0.0336772,0.680672,0.81,1034.45,1318.16,2165.38,3715.47,254.917,810.237,2005.85,518.634,3132.45,327.017,138.525,1.20609,-0.0712916,1.29308,0.638358,0,0,0,0,0,0.10688,69.9022,143.899,0.99375,0.872692,296.194,841.712,375.773,1251.13,392.316,1142.19,1257.45,5640.22,0.00503797
1691509845157435061,1406,1154,250,0.820768,25.8241,62.3701,99.4309,120.522,193.869,-7.06813,400.642,737.711,1198.37,1660.37,1131.71,5812.1,15595.1,32601.6,1741.58,2352.87,3901.92,905.313,506.034,502.188,159628,10876.6,15749.7,12.1847,11.9088,0,0,0.068137,0,37.9038,79.0799,247.479,916.927,4711.92,9756.43,0.0103957,0.00281242,6,5,9,0.642857,1,5.44974,3.66911,1.78062,0.00558394,0.0888618,1154,0,0,0,0,0.001,0,0,0,0,0,0,0,0,0,0,0,0,0,0,0,0,0,0,0,0,0,0,0,0,0,0,0,0,0,0,0,0,0,0.159445,13.0087,36.2913,31.3808,104.422,60.8003,679.181,741.018,0,0.971502,-0.237032,-0.000148717,0.999995,0.189045,0.0311738,0.680672,0.81,1071.59,1327.77,2282.43,3715.42,252.613,844.751,2065.77,494.161,3062.53,336.433,131.985,-0.905371,-0.81191,0.942461,0.817038,0,0,0,0,0,0.130868,54.4329,124.499,1,0.883505,271.922,936.557,429.346,1259.43,392.204,1188.77,1378.95,6408.22,0.00727605
1691509845257314387,1550,1271,276,0.82,26.5239,60.368,97.6813,119.557,201.41,-3.57554,369.101,716.793,1135.53,1495.31,1024.51,5535.55,14520.6,34428.2,1636.83,2612.58,3727.42,854.752,490.43,436.548,159243,11276,16309,13.1767,13.1596,0,0,0.0708102,0,42.6802,76.9158,259.435,851.783,5021.85,10056.3,0.035227,0.00586452,3,3,7,0.7,1,5.79513,3.86601,1.92912,0.0028276,0.0859451,1271,0,0,0,0,0.001,0,0,0,0,0,0,0,0,0,0,0,0,0,0,0,0,0,0,0,0,0,0,0,0,0,0,0,0,0,0,0,0,0,0.131393,11.4855,36.7266,30.3152,100.78,58.0324,678.754,742.213,0,-0.969327,0.245734,-0.00455575,0.999949,0.58029,0.116675,0.680672,0.81,1024.86,1313.87,2167.59,3714.71,255.327,810.496,1932.32,489.965,3129.93,341.383,132.823,-0.0759758,0.566718,0.13579,-0.810963,0,0,0,0,0,0.107742,56.3632,123.563,0.988024,0.895833,292.583,924.361,387.963,1159.09,425.083,1222.22,1168.48,6076.31,0.00724792
1691509845357386851,1440,1188,251,0.825,27.0939,63.0614,106.765,133.958,192.3,-3.59654,362.223,691.301,1266.36,1681.87,1015.33,5953.16,17606.6,30173.4,1792.11,2760.65,3905.24,840.635,512.092,504.569,164268,12848.5,17982.3,9.06043,8.15515,0,0,0.0782167,0,40.094,74.0117,228.354,898.612,4900.55,11840.7,0.00834369,0.0020561,7,6,12,0.666667,1,6.04847,4.03115,2.01732,0.00453775,0.106102,1188,0,0,0,0,0.001,0,0,0,0,0,0,0,0,0,0,0,0,0,0,0,0,0,0,0,0,0,0,0,0,0,0,0,0,0,0,0,0,0,0.133838,8.94308,35.1496,31.5677,113.804,58.1709,685.252,733.577,0,0.96859,-0.248646,-0.00283563,0.999968,0.457136,0.156072,0.680672,0.81,1083.58,1350.35,2145.9,3757.35,258.784,847.23,2027.94,504.464,3008.88,316.443,155.006,-0.489919,-0.5425,-0.298703,0.96923,0,0,0,0,0,0.110417,43.047,138.221,1,0.86103,189.533,696.935,386.56,1318.25,253.039,955.793,1231.79,6415.98,0.00397627
1691509845457258841,1612,1355,255,0.840571,26.9823,56.622,96.7403,126.308,207.458,-2.71397,348.12,662.857,1068.33,1456.65,1039.81,5172.93,12358.1,29089,1569.18,2468.49,3023.91,753.307,449.32,495.548,153877,8715.15,13249.6,7.49629,7.44568,0,0,0.0566371,0,52.5572,158.659,228.248,866.957,4592.78,7350.41,0.00644282,0.00150051,5,4,9,0.692308,1,5.942,3.9216,2.0204,0.00295726,0.131947,1355,0,0,0,0,0.001,0,0,0,0,0,0,0,0,0,0,0,0,0,0,0,0,0,0,0,0,0,0,0,0,0,0,0,0,0,0,0,0,0,0.0929889,11.4537,40.6638,29.444,99.4518,56.8753,687.652,722.472,0,0.968081,-0.250605,0.00404099,0.999974,0.41071,0.092576,0.680672,0.81,1031.7,1335.28,2165.23,3744.74,254.387,825.553,2024.09,467.224,2971.12,286.848,115.617,-1.0728,-0.674522,0.768649,0.768493,0,0,0,0,0,0.0781638,55.8224,132.152,0.992063,0.90236,182.703,646.376,368.539,1080.69,241.583,884.618,1149.45,5492.72,0.00406918
1691509845557120582,1518,1256,261,0.827404,30.7637,61.3425,97.0871,122.975,219.972,-7.36874,389.169,701.905,1204.47,1489.94,1083.41,5325.17,19627.2,40480.8,1520.08,2382.49,3613.73,840.072,464.247,486.323,152899,16466.5,22166.7,71.6067,9.48234,0,0,0.107695,0,42.3644,111.281,239.98,772.326,5502.26,15498.5,0.000149564,5.92094e-05,1,0,9,1,1,5.96696,4.02972,1.93724,0,0,1256,0,0,0,0,0.001,0,0,0,0,0,0,0,0,0,0,0,0,0,0,0,0,0,0,0,0,0,0,0,0,0,0,0,0,0,0,0,0,0,0.0772293,12.9599,43.2397,33.1649,100.404,55.8779,676.019,742.103,0,-0.968662,0.248381,-0.000320288,0.99999,0.250578,0.0258361,0.639344,0.78,1066.63,1362.25,2166.31,3752.03,250.783,857.297,2069.83,475.549,2962.17,329.848,139.489,2.69409,6.41902,-0.773557,1.08602,0,0,0,0,0,0.0638999,51.5869,124.698,1,0.899051,148.973,582.353,414.113,1205.21,193.728,821.188,1238.58,5603.7,0.00198185
1691509845657104011,1474,1207,267,0.81886,30.5762,63.625,98.5215,125.19,227.906,-7.46429,388.341,724.179,1189.67,1585.24,1186.98,5047.6,17149.5,39813,1562.1,2769.89,3168.78,817.154,436.502,555.488,155545,13157.2,19313.2,8.2568,6.66779,0,0,0.084588,0,45.152,115.173,262.565,909.515,6694.11,11286.7,0.00291001,0.000318816,3,3,8,0.727273,1,6.06803,4.09876,1.96927,0.00507671,0.152552,1207,0,0,0,0,0.001,0,0,0,0,0,0,0,0,0,0,0,0,0,0,0,0,0,0,0,0,0,0,0,0,0,0,0,0,0,0,0,0,0,0,0,0,30.5762,98.5215,55.3022,689.594,739.104,0,0.965739,-0.259471,0.00479674,0.999924,0.705404,0.101598,0.666667,0.8,1060.31,1350.95,2372.72,3743.7,249.876,855.419,2024.02,459.92,2928.92,308.307,128.234,-2.99689,-0.421528,2.17034,0.14189,0,0,0,0,0,0,0,125.19,0,0.902237,0,0,388.341,1189.67,0,0,1186.98,5047.6,0
1691509845757603115,1675,1424,250,0.850149,29.8113,54.9091,85.8944,111.348,211.478,-4.18855,388.685,696.268,1145.67,1482.81,1192.89,4923.39,14938.7,30731.7,1557.83,2553.42,3128.55,849.798,444.072,500.834,161043,12312.4,17944.1,14.0954,8.97784,0,0,0.076454,0,48.184,141.847,265.838,996.249,5551.83,10940.1,5.57001e-05,8.73039e-05,3,3,8,0.727273,1,5.96381,4.05353,1.91029,0.00474257,0.135973,1424,0,0,0,0,0.001,0,0,0,0,0,0,0,0,0,0,0,0,0,0,0,0,0,0,0,0,0,0,0,0,0,0,0,0,0,0,0,0,0,0,0,0,29.8113,85.8944,57.0333,691.716,728.251,0,0.964769,-0.263084,0.00262406,0.999991,0.247851,0.0424638,0.754386,0.86,1044.19,1334.61,2149.59,3758.76,251.431,845.942,1965.99,457.997,2910.46,351.555,149.292,-0.0691348,0.826776,-0.0239116,-0.28991,0,0,0,0,0,0,0,111.348,0,0.93118,0,0,388.685,1145.67,0,0,1192.89,4923.39,0
1691509845858200051,1704,1451,251,0.851526,26.6117,54.877,87.6156,113.065,220.77,-6.13341,353.028,665.807,1064.65,1452.51,1026.68,4182.01,13668.3,33812.6,1251.24,2324.4,2578.84,775.127,412.243,507.143,160845,10439,15554,15.3445,5.66924,0,0,0.0649009,0,46.522,126.752,274.665,800.183,5433.96,8871.88,0.00034464,2.83456e-05,2,2,8,0.8,1,5.87152,3.95164,1.91988,0.00433111,0.0827027,1451,0,0,0,0,0.001,0,0,0,0,0,0,0,0,0,0,0,0,0,0,0,0,0,0,0,0,0,0,0,0,0,0,0,0,0,0,0,0,0,0.00275672,10.7415,24.2624,26.6825,87.6263,53.8267,691.694,705.479,0,0.963293,-0.268451,0.000930803,0.999983,0.33336,0.154309,0.666667,0.8,1041.97,1299.92,2042.9,3731.6,250.941,843.651,1960.43,444.986,2831.65,352.881,120.285,-2.90909,1.32851,2.8918,-0.0686448,0,0,0,0,0,0.00234742,26.9983,113.164,1,0.928818,328.064,443.502,353.028,1065.1,451.499,621.644,1028.9,4190.32,6.1723e-05
1691509845958162572,1670,1432,236,0.857485,28.6903,53.4923,88.7185,124.345,196.108,-5.81026,398.519,720.88,1126.41,1434.27,1194.85,5253.64,16223.5,37608.8,1478.23,2654.23,3240.32,847.719,436.852,498.641,156933,13820.1,19933.2,11.5188,11.5597,0,0,0.0880638,0,42.9933,119.117,308.604,909.602,6280.41,12272.5,0.00166062,0.00153806,5,4,9,0.692308,1,5.6667,3.66735,1.99936,0.00476532,0.127357,1432,0,0,0,0,0.001,0,0,0,0,0,0,0,0,0,0,0,0,0,0,0,0,0,0,0,0,0,0,0,0,0,0,0,0,0,0,0,0,0,0.00418994,8.08994,24.0945,28.8686,89.1356,51.805,674.353,708.842,0,-0.961665,0.274221,-0.00184581,0.999982,0.347477,0.238059,0.694915,0.82,1039.02,1349.28,2134.96,3728.66,257.765,846.741,1964.53,448.801,2740.79,380.197,141.086,-0.177691,0.315139,0.178434,-0.323767,0,0,0,0,0,0.00359281,27.2833,124.862,1,0.920757,354.395,461.399,399.82,1127.5,509.848,673.414,1202.1,5258.41,8.91858e-05
1691509846058134389,1731,1490,241,0.860774,27.5672,50.6216,85.8466,116.837,193.277,-6.50713,425.233,684.566,1029.95,1337.72,1100.74,4355.62,16115.6,36522.7,1281.32,2178.2,2755.5,818.273,418.602,449.631,154812,13478.4,19666.4,10.0198,6.76655,0,0,0.087063,0,45.9055,116.697,300.845,721.228,6976.54,11505.2,0.00126506,0.000103025,2,1,9,0.9,1,5.38106,3.47319,1.90787,0.00818087,0.0651572,1490,0,0,0,0,0.001,0,0,0,0,0,0,0,0,0,0,0,0,0,0,0,0,0,0,0,0,0,0,0,0,0,0,0,0,0,0,0,0,0,0.0127517,11.3199,23.5656,27.9107,86.3023,49.4551,670.894,697.651,0,0.959171,-0.282808,0.00317246,0.999959,0.517978,0.0862334,0.724138,0.84,1047.82,1332.14,2012.22,3719.03,267.865,865.917,1918.87,449.259,2832.28,365.486,126.271,-2.83009,0.814037,3.63145,-0.558096,0,0,0,0,0,0.0109763,28.1502,117.46,1,0.926581,240.51,394.872,430.323,1035.13,410.279,605.11,1117.69,4392.07,0.000176689
1691509846158113719,1831,1580,249,0.862916,27.8611,54.2755,88.1562,116.187,203.141,-8.84932,417.897,732.334,1089.56,1415.44,1082.29,4254.55,15702.5,34683.7,1364.66,2247.99,2686.03,855.567,406.245,494.791,156826,13992.4,19728.8,15.0684,13.6948,0,0,0.0892222,0,55.3402,149.868,348.852,843.857,5497,12833.9,0.014,0.00228166,6,5,11,0.6875,1,5.67546,3.53187,2.14359,0.00541542,0.142014,1580,0,0,0,0,0.001,0,0,0,0,0,0,0,0,0,0,0,0,0,0,0,0,0,0,0,0,0,0,0,0,0,0,0,0,0,0,0,0,0,0.0126582,11.0538,23.6002,28.3349,88.5255,47.8443,657.449,720.706,0,-0.958086,0.286462,-0.00313102,0.999993,0.218394,0.134272,0.73913,0.85,1039.96,1334.68,2172.9,3712.3,265.06,851.042,1989.87,439.052,2926.68,424.727,138.668,2.11461,0.165598,-1.6721,-0.190794,0,0,0,0,0,0.010923,25.0681,117.649,1,0.921795,325.748,525.374,419.135,1093.8,521.911,770.617,1103.6,4299.59,0.000335747
1691509846257696361,1897,1672,222,0.881392,26.9416,47.7253,76.8809,107.092,197.996,-8.59467,397.067,672.079,1009.94,1372,1008.23,3876.77,14080.1,37971.5,1321.89,2125.42,2570.71,777.616,354.953,485.256,152862,13440.5,20061.2,14.7195,15.4698,0,0,0.0879256,0,52.8878,140.779,330.516,1004.74,7293.55,11238.7,0.0126069,0.00213089,5,4,9,0.692308,1,5.35928,3.44793,1.91135,0.00219466,0.0889494,1672,0,0,0,0,0.001,0,0,0,0,0,0,0,0,0,0,0,0,0,0,0,0,0,0,0,0,0,0,0,0,0,0,0,0,0,0,0,0,0,0.0251196,11.667,27.8543,27.6418,77.5146,44.4979,637.913,702.589,0,-0.954012,0.299673,-0.007537,0.999895,0.831383,0.0263721,0.73913,0.85,1022.81,1335.51,2012.74,3697.05,264.392,841.718,1898.4,405.625,2977,403.138,133.87,3.41451,-0.0679219,-3.34186,0.0653713,0,0,0,0,0,0.0221402,29.519,107.889,1,0.933129,281.557,484.622,400.851,1020.67,441.613,773.748,1029.49,3998.41,0.000652022
1691509846357047486,2013,1793,217,0.89071,25.7039,47.4022,82.3411,118.048,202.559,-6.73996,409.936,692.729,1016.57,1383.17,1054.48,3964.04,17033,38786.4,1345.04,2020.52,2751.9,809.729,381.364,497.405,150784,15610.1,22468.1,23.6233,7.34837,0,0,0.103526,0,53.914,141.805,368.053,941.281,7097.29,13865.7,0.000242732,4.55221e-05,2,2,8,0.8,1,6.00883,3.8183,2.19052,0.00715058,0.108785,1793,0,0,0,0,0.001,0,0,0,0,0,0,0,0,0,0,0,0,0,0,0,0,0,0,0,0,0,0,0,0,0,0,0,0,0,0,0,0,0,0.0256553,15.8365,33.9929,26.2056,83.8912,42.4312,641.036,700.533,0,-0.954637,0.297765,-0.00222858,0.999984,0.325186,0.0299504,0.724138,0.84,1043.12,1367.46,2022.37,3708.99,269.851,851.378,1910.23,419.42,3027.13,429.504,145.412,0.549362,-0.240372,-1.37376,0.554913,0,0,0,0,0,0.0228515,42.5997,118.956,1,0.926159,315.988,495.334,412.771,1030.36,512.889,796.849,1084.45,4085.24,0.000634479
1691509846456388268,1890,1619,267,0.856614,27.9247,50.4797,81.7104,115.62,188.957,-9.95738,428.873,692.036,1009.76,1309.02,1102.99,3914.58,17116.3,38959,1306.24,2122.38,2489.67,806.883,361.457,512.887,154659,13716.2,19876.3,8.16627,7.12018,0,0,0.0886865,0,46.5321,148.385,338.544,759.855,6575.38,12007.6,0.00422408,0.000918714,3,3,8,0.727273,1,5.61504,3.61113,2.00391,0.0017313,0.103166,1619,0,0,0,0,0.001,0,0,0,0,0,0,0,0,0,0,0,0,0,0,0,0,0,0,0,0,0,0,0,0,0,0,0,0,0,0,0,0,0,0.0315009,18.3842,33.999,28.6211,82.4612,45.6806,632.548,697.771,0,0.953771,-0.300512,0.00364502,0.999995,0.18389,0.0328325,0.785714,0.88,1058.8,1364.94,2007.05,3697.23,269.44,880.357,1905.47,417.986,3364.35,395.981,112.437,-1.05092,-0.0646294,0.906468,-0.389862,0,0,0,0,0,0.0269841,41.4299,116.734,1,0.929209,325.798,477.703,434.179,1017.19,545.506,781.318,1139.65,4025.3,0.000818594
1691509846555962065,1974,1741,228,0.881966,23.52,42.7053,75.6931,101.367,206.978,-2.92822,372.08,669.134,1004.84,1331.94,944.714,3407.31,13593.1,36822.5,1189.62,1702.5,2268.39,822.26,364.548,464.845,145261,10967.3,16398,26.4292,11.7185,0,0,0.0755003,0,53.6276,133.016,343.909,894.357,5583.23,9389.87,0.000776629,0.000234643,2,2,8,0.8,1,5.55008,3.77884,1.77124,0.00159217,0.0626193,1741,0,0,0,0,0.001,0,0,0,0,0,0,0,0,0,0,0,0,0,0,0,0,0,0,0,0,0,0,0,0,0,0,0,0,0,0,0,0,0,0.0689259,14.1636,32.9563,24.2889,77.1264,46.5427,622.04,687.417,0,-0.95344,0.301558,-0.00380993,0.999999,0.0635601,0.041159,0.639344,0.78,1020.44,1292.05,1994.68,3694.61,271.856,848.49,1894.84,404.259,3521.25,403.015,129.434,1.75024,1.71555,-1.79202,-0.451353,0,0,0,0,0,0.0607903,52.8386,101.687,0.983333,0.945713,238.99,480.411,393.379,1031.13,347.686,765.908,1032.53,3650.87,0.00213271
1691509846655915606,1834,1576,258,0.859324,23.7932,44.6397,79.3042,111.091,206.022,-4.98017,402.28,711.799,1076.15,1381.8,1033.52,4028.43,15274.2,32526.3,1270.58,2179.64,2552.68,836.604,360.721,505.152,148597,11152.3,16994.6,37.0356,12.2005,0,0,0.0750501,0,42.708,124.598,355.224,909.892,6706.28,8855.91,0.000222274,8.1845e-05,2,2,8,0.8,1,5.37151,3.59317,1.77835,0.00391089,0.117777,1576,0,0,0,0,0.001,0,0,0,0,0,0,0,0,0,0,0,0,0,0,0,0,0,0,0,0,0,0,0,0,0,0,0,0,0,0,0,0,0,0.0513959,13.8839,29.8464,24.4983,82.8627,46.8659,640.759,699.375,0,-0.954068,0.299559,-0.00442383,0.999998,0.125083,0.0395111,0.709402,0.83,1031.43,1250.69,1925.31,3693.92,267.583,853.91,1827.09,390.406,3408.24,392.743,110.648,1.60685,0.429302,-1.2323,0.369055,0,0,0,0,0,0.044711,36.2668,112.742,1,0.926421,243.827,512.55,415.139,1093.52,345.573,768.735,1090.23,4105.53,0.0026859
1691509846756094546,1789,1549,239,0.865847,23.3568,43.7169,75.4424,112.228,221.266,-5.99648,403.672,708.871,1060.66,1300.78,1043.03,3786.73,14055.3,29041.8,1311.87,1845.7,2491.63,835.943,356.408,492.546,147744,10064.9,14541.7,5.741,5.72611,0,0,0.0681237,0,38.2316,119.262,321.092,818.052,4092.97,9152.12,0.0166357,0.00181552,7,7,9,0.5625,1,4.92657,3.1936,1.73297,0.0072977,0.0479217,1549,0,0,0,0,0.001,0,0,0,0,0,0,0,0,0,0,0,0,0,0,0,0,0,0,0,0,0,0,0,0,0,0,0,0,0,0,0,0,0,0.0271143,8.77249,36.1605,23.7946,76.0512,46.7109,642.068,681.221,0,-0.953029,0.302836,-0.00515571,0.999994,0.201396,0.0475816,0.680672,0.81,1072.61,1283.64,1965.43,3689.9,269.049,885.875,1829.17,388.545,3466.29,397.722,113.98,-0.0339041,0.971792,-0.241924,-0.993556,0,0,0,0,0,0.0234768,107.351,112.372,0.928571,0.934307,342.958,629.092,405.501,1073.32,565.198,1020.12,1074.7,3842.52,0.00140314
1691509846856631690,1952,1719,232,0.880635,20.739,39.8307,66.9082,99.1855,220.129,-3.09651,404.874,708.905,1052.79,1330.11,1061.68,3699.29,14268.8,40037.8,1422.22,1774.41,2594.73,797.623,384.307,541.441,144424,11850.6,17742.8,25.3113,26.0091,0,0,0.0820539,0,49.4062,151.464,335.062,1236.1,5614.99,10355.8,0.00186914,0.00157956,4,3,9,0.75,1,4.68605,3.04516,1.64089,0.00528158,0.118212,1719,0,0,0,0,0.001,0,0,0,0,0,0,0,0,0,0,0,0,0,0,0,0,0,0,0,0,0,0,0,0,0,0,0,0,0,0,0,0,0,0.0372309,12.8679,35.0513,21.1549,67.6255,46.389,648.278,656.333,0,0.954627,-0.297714,0.00732738,0.999983,0.331656,0.270765,0.724138,0.84,1051.09,1241.71,1947.81,3685.02,265.531,868.43,1874.13,392.544,3420.43,402.334,139.027,-1.08868,-1.29,0.870644,1.31243,0,0,0,0,0,0.0327869,36.6102,101.13,1,0.948036,385.946,709.909,406.045,1058.18,650.094,1145.6,1100.08,3780.22,0.00202479
1691509846956674878,1932,1681,249,0.870083,21.9311,40.4896,74.0598,109.4,223.357,-4.52172,430.823,729.874,1114.91,1384.13,1069.18,3775.88,14878.8,41630.2,1461.81,1773.54,2671.66,871.247,389.963,529.567,148975,13501,19801.2,11.1235,11.1101,0,0,0.0906259,0,38.4986,147.209,391.145,1068.78,6236.52,11919,0.0261964,0.00548173,6,5,12,0.705882,1,4.96581,3.2365,1.72932,0.00384714,0.0955789,1681,0,0,0,0,0.001,0,0,0,0,0,0,0,0,0,0,0,0,0,0,0,0,0,0,0,0,0,0,0,0,0,0,0,0,0,0,0,0,0,0.0440214,12.2511,33.7233,22.3087,76.2548,43.4248,656.596,664.979,0,0.952619,-0.304134,0.00445626,0.999973,0.419067,0.611431,0.73913,0.85,1060.9,1264.36,1939.76,3685.82,272.53,878.976,1839.83,377.247,3500.07,450.454,133.817,-0.462398,0.982679,0.147956,-0.984329,0,0,0,0,0,0.0383023,39.2413,111.387,1,0.936528,422.873,607.286,431.405,1125.31,696.999,1003.3,1138.48,3819.92,0.00251976
1691509847056704390,1953,1704,249,0.872504,19.9957,37.5524,66.2182,102.77,212.182,-2.97591,400.374,721.391,1141.48,1345.42,1038.43,3619.19,14924,32929.2,1453.61,1782.04,2533.7,881.786,401.945,529.666,140003,11234.6,16985.4,14.2347,14.3366,0,0,0.0802458,0,39.3921,134.054,369.297,1119.59,5736.63,9586.39,0.0034499,0.00408357,5,5,8,0.615385,1,4.85014,3.35001,1.50013,0.00512797,0.0711592,1704,0,0,0,0,0.001,0,0,0,0,0,0,0,0,0,0,0,0,0,0,0,0,0,0,0,0,0,0,0,0,0,0,0,0,0,0,0,0,0,0.0481221,12.9552,32.3072,20.3629,68.439,43.5487,640.034,661.417,0,-0.954201,0.299124,-0.00493407,0.999986,0.302272,0.234148,0.73913,0.85,1050.8,1269.41,1996.34,3689.16,262.612,897.622,1894.44,377.088,3578.48,443.641,125.819,-0.315273,0.348505,0.343592,-0.368106,0,0,0,0,0,0.0419867,41.9602,104.376,1,0.945129,389.989,642.229,400.374,1165.8,641.064,1023.98,1083.31,3801.34,0.00238346
1691509847157025412,1951,1735,216,0.889288,20.3867,36.5848,64.5245,97.7683,207.504,-1.53115,385.95,728.532,1121.85,1362.15,1038.95,3657.05,12849.9,28285.5,1560.17,1740.59,2425.64,790.515,495.644,583.572,144542,10441.8,16167.9,20.0904,20.3629,0,0,0.072241,0,42.7429,200.914,327.437,1557.43,5031.65,9007.76,0.104611,0.0161954,4,3,8,0.727273,1,5.041,3.54259,1.49841,0.00265898,0.0801126,1735,0,0,0,0,0.001,0,0,0,0,0,0,0,0,0,0,0,0,0,0,0,0,0,0,0,0,0,0,0,0,0,0,0,0,0,0,0,0,0,0.0161383,16.5888,36.8845,20.4551,64.8882,43.3733,644.477,647.149,0,0.953015,-0.302852,0.00649784,0.999991,0.241383,1.33129,0.73913,0.85,1025.66,1237.07,2014.06,3681.05,269.241,877.899,1932.86,349.438,2659.93,401.056,214.742,-0.738577,0.10106,0.724355,-0.133945,0,0,0,0,0,0.0143516,42.2344,97.906,0.964286,0.95372,504.432,663.029,380.754,1126.05,875.603,1150.24,1048.39,3716.65,0.00136205
1691509847257086718,1871,1645,226,0.879209,19.5521,37.3258,64.71,103.417,210.24,-3.70263,388.551,698.861,1086.62,1268.19,967.669,3326.05,12785.9,35991.8,1453.96,1505.45,2225.63,794.748,403.058,519.709,133112,8577.69,13259.8,45.716,6.95428,0,0,0.0644398,0,34.8307,161,282.34,1130.55,4356.07,7294.96,0.00028932,6.10097e-05,2,2,8,0.8,1,4.70604,3.21752,1.48852,0.00238423,0.11896,1645,0,0,0,0,0.001,0,0,0,0,0,0,0,0,0,0,0,0,0,0,0,0,0,0,0,0,0,0,0,0,0,0,0,0,0,0,0,0,0,0.0133739,18.3181,41.0171,19.5521,64.9427,45.2685,623.482,635.25,0,0.950601,-0.310414,-0.000576294,0.999943,0.609235,1.04661,0.724138,0.84,1043.82,1250.59,1995.33,3687.14,268.522,901.458,1907.21,332.341,3593.01,374.217,138.643,-1.52858,-4.26173,1.47854,0.467115,0,0,0,0,0,0.0117584,47.1717,104.481,1,0.945779,430.02,681.527,387.447,1088.49,760.28,1202.94,971.598,3343.54,0.00207917
1691509847356141614,2012,1754,258,0.871769,19.1897,34.9181,64.9253,102.067,191.207,-3.72282,385.995,722.957,1157.07,1408.71,1000.73,3693.41,14342.4,36339.6,1581.34,1622.89,2592.64,806.119,440.786,578.911,139020,11555.7,17853.6,17.8213,13.762,0,0,0.0831226,0,39.4566,187.292,319.161,1489.88,6166.38,9651.46,0.0200427,0.00370521,5,5,8,0.615385,1,4.68738,3.15154,1.53584,0.00338704,0.162443,1754,0,0,0,0,0.001,0,0,0,0,0,0,0,0,0,0,0,0,0,0,0,0,0,0,0,0,0,0,0,0,0,0,0,0,0,0,0,0,0,0.0022805,20.2374,31.1775,19.1897,65.2149,39.1763,601.302,636.521,0,0.952351,-0.304946,0.00599232,0.999962,0.499843,1.28223,0.709402,0.83,1026.23,1246.2,2045.69,3680.97,266.708,909.685,2002.24,365.035,2384.12,429.018,213.341,-2.41817,1.1991,2.36693,-1.27736,0,0,0,0,0,0.00198807,31.3893,102.198,1,0.947429,382.993,484.929,385.995,1159.27,679.359,863.074,1001.67,3696.42,0.000110578
1691509847455579490,2016,1744,271,0.865079,18.4569,34.0467,62.4388,95.6421,207.305,-2.89997,372.077,669.709,1098.76,1354.6,929.928,3372.15,15433.8,37862.4,1481.91,1647.32,2262.54,762.84,432.885,558.961,130760,10821.3,16899.8,6.41245,7.64519,0,0,0.082757,0,39.8101,175.863,341.551,1380.76,6232.26,8729.53,0.101514,0.00374956,4,3,10,0.769231,1,4.9797,3.55639,1.42331,0.00874443,0.171848,1744,0,0,0,0,0.001,0,0,0,0,0,0,0,0,0,0,0,0,0,0,0,0,0,0,0,0,0,0,0,0,0,0,0,0,0,0,0,0,0,0,0,0,18.4569,62.4388,39.0282,574.201,623.771,0,0.950841,-0.309618,0.00609454,0.999988,0.281372,0.0659141,0.724138,0.84,1017.29,1218.67,2046.5,3676.64,266.694,912.579,2025.66,338.006,2432.19,399.189,208.872,-1.9371,0.633377,1.77084,-0.718367,0,0,0,0,0,0,0,95.6421,0,0.952408,0,0,372.077,1098.76,0,0,929.928,3372.15,0
1691509847555082262,2032,1772,259,0.872047,17.4484,34.0853,58.4236,89.7299,223.04,-3.60606,378.151,695.164,1090.68,1390.58,941.566,3609.09,13349.3,28196,1387.54,1632.52,2377.86,817.213,417.181,518.471,136469,10220.7,15979.3,17.9572,18.7389,0,0,0.0748942,0,39.5263,145.391,339.996,1286.35,6010.83,8157.22,0.0432052,0.00792801,3,2,8,0.8,1,4.96108,3.60495,1.35613,0.00294638,0.132296,1772,0,0,0,0,0.001,0,0,0,0,0,0,0,0,0,0,0,0,0,0,0,0,0,0,0,0,0,0,0,0,0,0,0,0,0,0,0,0,0,0,0,0,17.4484,58.4236,42.793,584.11,635.097,0,0.952369,-0.304815,0.00901015,0.999983,0.333647,0.0871633,0.769912,0.87,1030.11,1230.15,2036.09,3675.42,271.121,907.207,2008.06,332.813,2532.49,417.225,186.404,-1.13146,-0.080011,0.997367,0.253934,0,0,0,0,0,0,0,89.7299,0,0.959368,0,0,378.151,1090.68,0,0,941.566,3609.09,0
1691509847655494549,2037,1810,227,0.888562,17.5417,34.5289,58.5274,80.0098,200.725,-2.00766,383.961,725.461,1184.63,1437.05,981.565,3556.52,14202.2,35212.6,1576.45,1449.11,2415.41,814.707,415.272,621.19,136917,11245.2,17209.7,3.16619,3.13692,0,0,0.0821314,0,39.2174,208.749,390.678,1647.93,4992.56,9930.55,0.0022576,0.000539048,4,3,9,0.75,1,4.7507,3.47858,1.27212,0.00423746,0.134033,1810,0,0,0,0,0.001,0,0,0,0,0,0,0,0,0,0,0,0,0,0,0,0,0,0,0,0,0,0,0,0,0,0,0,0,0,0,0,0,0,0,0,0,17.5417,58.5274,43.1409,584.272,641.587,0,0.952076,-0.305772,0.00737402,0.999998,0.109883,0.0828947,0.724138,0.84,1014.78,1227.67,2060.13,3675.96,272.154,893.248,2034.87,340.498,2636.69,439.833,252.157,0.169435,-0.0201237,0.321908,-0.0718661,0,0,0,0,0,0,0,80.0098,0,0.967956,0,0,383.961,1184.63,0,0,981.565,3556.52,0
1691509847756017867,1976,1769,206,0.895243,18.046,33.2177,56.6407,81.7498,180.416,-2.26225,377.477,754.968,1176.56,1435.42,997.412,3627.16,14521.6,60287.5,1718.39,1575.11,2404.12,815.614,452.404,667.194,134219,17907,24984.6,15.321,14.7044,0,0,0.133417,0,157.801,263.591,566.541,1719.09,5258.9,17018.7,0.000489583,0.000270826,3,3,8,0.727273,1,4.29253,3.06175,1.23078,0.00828693,0.0628602,1769,0,0,0,0,0.001,0,0,0,0,0,0,0,0,0,0,0,0,0,0,0,0,0,0,0,0,0,0,0,0,0,0,0,0,0,0,0,0,0,0.00395704,6.92963,33.2776,18.1698,56.6667,42.48,568.837,647.683,0,0.951412,-0.307822,0.00774279,0.999998,0.125298,0.031197,0.724138,0.84,1011.21,1231.37,2151.09,3601.71,270.568,886.889,2055.68,302.832,2562.21,500.437,249.952,-0.133934,1.30169,0.110934,-1.36071,0,0,0,0,0,0.00354251,35.7223,81.9376,1,0.966515,358.349,421.048,377.541,1181.35,638.926,748.191,1001.67,3658.23,8.92122e-05
1691509847857010270,2052,1861,191,0.90692,16.0963,30.6188,52.1486,76.1994,203.291,-1.67261,367.159,694.329,1135.44,1435.14,923.579,3537.12,14627,51454.9,1597.83,1471.05,2366.96,780.429,423.264,629.873,136268,13406.1,20080.1,6.61876,10.3436,0,0,0.0983804,0,38.3291,175.85,395.254,1647.41,5912.66,11910.6,0.00019615,0.000206202,3,3,8,0.727273,1,4.40671,3.20693,1.19978,0.00256512,0.107061,1861,0,0,0,0,0.001,0,0,0,0,0,0,0,0,0,0,0,0,0,0,0,0,0,0,0,0,0,0,0,0,0,0,0,0,0,0,0,0,0,0.00913487,10.7692,37.2642,16.1029,52.2587,43.9385,578.377,649.684,0,0.95221,-0.305225,0.0115353,0.999989,0.267315,0.0294636,0.754386,0.86,982.35,1202.96,2187.79,3713.94,262.893,861.394,2052.48,301.723,2423.99,429.445,266.364,-0.310951,0.594642,0.149758,-0.511112,0,0,0,0,0,0.0082846,37.9351,76.3083,1,0.970716,393.185,513.8,366.543,1138.8,698.352,916.962,930.028,3566.9,0.000414756
1691509847957574503,2031,1849,181,0.910389,16.7009,32.0917,55.5767,80.0815,191.383,-1.45061,348.069,704.492,1109.95,1424.39,923.549,3534.53,13841.5,39896.1,1629.01,1530.87,2328.1,789.492,412.737,613.807,131448,11041.7,16819.1,7.79983,12.4081,0,0,0.0840005,0,33.8833,186.98,342.496,1555.83,4972.82,9727.05,0.000300731,0.000266886,3,2,9,0.818182,1,4.75562,3.56002,1.1956,0.00622411,0.0815989,1849,0,0,0,0,0.001,0,0,0,0,0,0,0,0,0,0,0,0,0,0,0,0,0,0,0,0,0,0,0,0,0,0,0,0,0,0,0,0,0,0.0124392,14.6057,36.5471,16.7041,55.7946,38.7476,571.298,639.954,0,0.953102,-0.302513,0.00910162,0.999993,0.214952,0.0284496,0.769912,0.87,991.345,1247.45,2134.2,3601.44,263.786,863.594,2017.97,306.886,2614.66,402.696,253.618,0.119584,0.669045,-0.129889,-0.739902,0,0,0,0,0,0.0113245,40.4679,80.3845,1,0.97207,425.551,977.934,346.805,1110.9,753.394,1737.82,930.355,3545.85,0.00148507
1691509848058320666,2025,1814,209,0.895802,16.7416,31.8752,54.2991,79.2648,228.165,-1.32383,364.171,748.521,1250.58,1521.33,950.191,3651.12,16318.4,49640.8,1684.64,1580.22,2314.55,835.29,405.463,671.904,134172,15483.7,23805.3,10.8812,13.8126,0,0,0.115402,0,33.6443,194.064,436.494,1741.29,8762.41,12637.4,0.000539602,0.000281033,3,2,9,0.818182,1,4.50084,3.29484,1.206,0.00256276,0.141471,1814,0,0,0,0,0.001,0,0,0,0,0,0,0,0,0,0,0,0,0,0,0,0,0,0,0,0,0,0,0,0,0,0,0,0,0,0,0,0,0,0.016538,13.7028,30.2203,16.8256,54.5892,39.7971,588.851,648.352,0,0.953275,-0.30193,0.0102414,0.999999,0.0740095,0.0188971,0.769912,0.87,1002.21,1214.14,2126.86,3719.97,265.334,857.429,2005.41,292.56,2683.73,464.59,287.846,-1.22754,0.78219,1.18736,-0.687802,0,0,0,0,0,0.0148148,36.003,79.8367,1,0.967489,410.384,769.936,363.106,1259.41,726.169,1385.01,960.142,3662.51,0.00105688
1691509848159610575,2209,2001,207,0.90584,15.5446,29.0849,49.9569,73.9597,176.165,-0.855833,352.215,699.181,1205.3,1463.81,936.024,3477.41,14639.9,43094.7,1646.56,1520.97,2336.03,796.088,386.798,664.286,136206,13608.7,21160.3,7.16836,8.92542,0,0,0.0999126,0,33.7524,175.698,415.056,1706.81,7862.78,10966.2,0.00171115,0.000566012,4,4,8,0.666667,1,4.23378,3.09012,1.14366,0.00420775,0.24489,2001,0,0,0,0,0.001,0,0,0,0,0,0,0,0,0,0,0,0,0,0,0,0,0,0,0,0,0,0,0,0,0,0,0,0,0,0,0,0,0,0.013993,23.6244,64.0712,15.4986,49.956,44.5075,615.306,637.186,0,0.951917,-0.30629,0.00637399,0.999982,0.342865,0.261892,0.724138,0.84,975.248,1191.86,2187.06,3602.61,254.631,806.558,2036.2,313.457,2741.54,467.261,278.473,-0.936571,-0.211341,0.946169,0.21878,0,0,0,0,0,0.0126754,108.983,73.3995,0.928571,0.974658,422.402,853.149,351.727,1207.34,750.123,1520.8,947.005,3547.81,0.00121286
1691509848259931055,2185,1970,215,0.901602,15.9465,31.1083,51.284,75.4589,230.388,0.208304,334.291,661.19,1102.17,1409.96,889.413,3400.48,12233.4,36225.1,1436.34,1402.91,2218.43,738.476,371.883,601.885,135246,9940.43,15052.9,15.4449,17.9321,0,0,0.0734991,0,33.0667,188.239,350.412,1569.57,3922.52,8989.06,0.00319798,0.00105187,3,3,8,0.727273,1,4.02581,2.77774,1.24807,0.00889708,0.0110763,1970,0,0,0,0,0.001,0,0,0,0,0,0,0,0,0,0,0,0,0,0,0,0,0,0,0,0,0,0,0,0,0,0,0,0,0,0,0,0,0,0.0126904,15.4569,50.5049,15.9783,51.1216,40.8546,599.07,649.075,0,0.952333,-0.30493,0.00892882,0.999996,0.167527,0.164988,0.73913,0.85,958.474,1195.02,2191.1,3598.33,258.186,824.023,2037.15,292.045,2695.38,439.019,235.46,-2.54373,0.272017,2.68552,-0.223937,0,0,0,0,0,0.0114416,86.2308,75.2395,0.96,0.973265,432.83,839.76,333.375,1103.78,745.849,1472.33,893.416,3408.05,0.00167642
1691509848359641613,2198,1950,246,0.88717,15.4564,27.8043,46.5677,65.2684,210.006,0.184232,324.059,646.2,1140.65,1458.32,840.837,3144.02,10064.4,34030.6,1461.75,1254.39,1884.14,720.498,342.179,642.452,130298,7017.08,11532.8,24.0492,23.4565,0,0,0.0538542,0,36.225,185.63,358.03,1643.9,3420.78,5888.24,0.0117643,0.00360327,5,5,8,0.615385,1,4.0269,2.95711,1.06979,0.00569885,0.118184,1950,0,0,0,0,0.001,0,0,0,0,0,0,0,0,0,0,0,0,0,0,0,0,0,0,0,0,0,0,0,0,0,0,0,0,0,0,0,0,0,0.0128205,13.7617,31.0325,15.4763,46.9507,36.46,627.674,654.866,0,0.951161,-0.308518,0.0104875,0.999992,0.233975,0.283107,0.709402,0.83,946.594,1122.86,2187.06,3593.61,253.679,798.647,1953.59,262.769,2839.16,419.71,270.619,-3.09626,0.479681,3.13233,-0.515298,0,0,0,0,0,0.011374,34.9374,65.7353,0.96,0.972987,372.973,961.115,322.648,1140.88,640.276,1652.42,847.462,3182.92,0.00207956
1691509848458688819,2184,1916,266,0.877289,16.7623,30.2966,50.1059,70.1865,217.158,0.258704,314.142,667.573,1133.08,1415.91,844.432,3227.15,12399.6,34146.7,1492.04,1363.24,1978.32,743.192,384.17,646.318,133042,8899.29,13883.8,21.1432,18.7924,0,0,0.0668908,0,37.0097,174.938,349.19,1551.91,3966.99,7803.72,0.0392605,0.00627018,3,2,10,0.833333,1,3.98534,2.87525,1.11008,0.00654538,0.111988,1916,0,0,0,0,0.001,0,0,0,0,0,0,0,0,0,0,0,0,0,0,0,0,0,0,0,0,0,0,0,0,0,0,0,0,0,0,0,0,0,0.00208768,10.8327,47.0627,16.777,50.103,38.2618,637.474,655.264,0,0.950104,-0.311751,0.0106691,0.999994,0.195163,0.295627,0.73913,0.85,950.634,1163.99,2206.42,3702.81,255.102,805.197,2024.77,281.909,2890.19,415.849,242.597,-2.77748,1.31852,2.43307,-0.524868,0,0,0,0,0,0.0018315,54.1758,70.2126,1,0.973326,831.098,946.295,313.605,1133.58,1410.19,1629.07,842.373,3228.65,0.000603291
1691509848558008199,2366,2093,270,0.884615,16.6428,30.1336,52.0169,74.4965,170.445,2.51648,309.399,636.132,1123.26,1388.14,837.975,3120,9717.24,31602.3,1397.42,1398.15,1891.24,708.358,438.055,600.519,134106,6876.19,11146.8,19.9599,10.7105,0,0,0.0512743,0,52.1526,154.13,350.92,1555.86,3119.21,5914.58,0.000731059,0.000330626,3,3,8,0.727273,1,4.2129,2.95287,1.26002,0.0120979,0.191092,2093,0,0,0,0,0.001,0,0,0,0,0,0,0,0,0,0,0,0,0,0,0,0,0,0,0,0,0,0,0,0,0,0,0,0,0,0,0,0,0,0.0028667,15.482,33.53,16.6428,52.099,35.1686,660.234,668.597,0,0.950984,-0.308907,0.0143458,0.999989,0.271045,0.53586,0.709402,0.83,919.343,1100.86,1974.24,2784.72,245.06,784.522,1804.01,267.225,3189.39,463.034,186.093,-1.02059,-0.934948,1.04744,-0.00260443,0,0,0,0,0,0.00253593,34.9488,74.5227,1,0.972209,664.198,989.268,308.337,1123.97,1116.89,1696.61,837.458,3124.63,0.000851705
1691509848656857669,2390,2141,247,0.895816,18.0055,31.3865,48.8865,64.6969,170.592,2.432,328.884,655.305,1113.22,1426.18,888.015,3178.4,8312.14,26399.7,1371.96,1442.32,1975.87,685.826,476.415,603.009,139021,6258.04,10426.8,6.83223,6.35332,0,0,0.0450149,0,39.0586,197.232,340.667,1673,2909.99,5266.84,0.0841785,0.00335234,4,3,8,0.727273,1,4.03868,2.88615,1.15253,0.00639447,0.207266,2141,0,0,0,0,0.001,0,0,0,0,0,0,0,0,0,0,0,0,0,0,0,0,0,0,0,0,0,0,0,0,0,0,0,0,0,0,0,0,0,0,0,0,18.0055,48.8865,41.1453,639.605,668.25,0,0.950512,-0.310397,0.0134058,0.999998,0.104502,0.937389,0.785714,0.88,929.734,1115.71,1973.5,2798.72,254.082,795.868,1749.59,310.458,2666.15,436.521,278.972,-2.88529,0.772858,2.87492,-0.735953,0,0,0,0,0,0,0,64.6969,0,0.98085,0,0,328.884,1113.22,0,0,888.015,3178.4,0
1691509848755865752,2115,1894,219,0.895508,18.8719,33.8125,52.2016,73.6835,208.336,2.16856,333.124,646.712,1144.39,1449.46,894.914,3315.16,10657.5,46057.4,1415.14,1688.67,2080.16,713.79,504.298,614.968,142597,8379.64,12757.2,29.1897,19.3653,0,0,0.0587646,0,33.476,164.081,344.711,1574.39,2976.9,7663.6,0.000444744,0.000140178,2,2,8,0.8,1,4.29316,3.06553,1.22763,0.00239202,0.119067,1894,0,0,0,0,0.001,0,0,0,0,0,0,0,0,0,0,0,0,0,0,0,0,0,0,0,0,0,0,0,0,0,0,0,0,0,0,0,0,0,0,0,0,18.8719,52.2016,39.9169,635.909,685.174,0,0.949752,-0.312732,0.0130243,0.999997,0.142374,0.0426789,0.73913,0.85,961.939,1177.99,2065.52,2827.05,257.988,832.403,1930.49,281.404,2661.72,415.916,246.588,-2.93135,0.214121,3.34135,-0.658028,0,0,0,0,0,0,0,73.6835,0,0.974657,0,0,333.124,1144.39,0,0,894.914,3315.16,0
1691509848854639064,2205,1979,225,0.897506,18.3453,32.1365,51.0998,70.0014,211.485,1.97339,343.676,669.794,1191.92,1453.4,923.122,3389.64,10618.2,23920.1,1411.95,1601.69,2062.4,725.43,510.032,611.807,138316,7455.48,11717.4,26.0814,17.3358,0,0,0.0539017,0,33.5768,172.477,347.368,1599.33,2893.78,6670.89,0.000814619,0.000417204,3,3,8,0.727273,1,4.46684,3.21548,1.25135,0.00804821,0.18362,1979,0,0,0,0,0.001,0,0,0,0,0,0,0,0,0,0,0,0,0,0,0,0,0,0,0,0,0,0,0,0,0,0,0,0,0,0,0,0,0,0,0,0,18.3453,51.0998,42.1961,625.538,671.266,0,0.94792,-0.318227,0.0134124,0.999983,0.332629,0.0308177,0.754386,0.86,952.552,1161.73,2062.46,2885.38,256.812,824.666,1888.88,283.566,2547.02,449.255,259.527,-1.35388,-0.752975,1.74551,0.498218,0,0,0,0,0,0,0,70.0014,0,0.976251,0,0,343.676,1191.92,0,0,923.122,3389.64,0
1691509848952963701,2408,2161,247,0.897425,17.7427,31.1023,47.8602,62.7593,217.928,4.08899,307.259,649.458,1123,1417.91,818.755,3125.07,9137.92,31804,1405.64,1519.55,1761.44,691.013,454.768,616.623,130330,7037.25,11799,12.3705,11.8619,0,0,0.0539957,0,44.1974,197.719,354.264,1701.93,3935.97,5564.88,0.00419028,0.00069545,4,3,9,0.75,1,4.11423,2.94488,1.16934,0.00541942,0.188698,2161,0,0,0,0,0.001,0,0,0,0,0,0,0,0,0,0,0,0,0,0,0,0,0,0,0,0,0,0,0,0,0,0,0,0,0,0,0,0,0,0,0,0,17.7427,47.8602,38.9934,613.402,670.604,0,0.948912,-0.315068,0.0172601,0.999987,0.290845,0.0494138,0.769912,0.87,930.907,1132.11,2056.29,2915.09,251.296,815.616,1893.46,276.12,2529.11,429.595,296.716,-3.1286,0.998437,3.38318,-1.02468,0,0,0,0,0,0,0,62.7593,0,0.98149,0,0,307.259,1123,0,0,818.755,3125.07,0
1691509849052300656,2421,2161,259,0.892606,17.5904,31.5841,49.5268,66.315,194.872,3.27868,311.855,636.015,1137.34,1454.09,811.892,3182.81,11399.5,28088.7,1372.56,1591.85,1742.81,702.916,414.341,617.985,130190,8017.73,13237.4,10.0669,9.96473,0,0,0.0615851,0,42.5306,188.763,350.191,1854.45,4316.94,6484.51,0.0885811,0.00404829,5,5,10,0.666667,1,4.16068,2.91602,1.24466,0.00325241,0.0435821,2161,0,0,0,0,0.001,0,0,0,0,0,0,0,0,0,0,0,0,0,0,0,0,0,0,0,0,0,0,0,0,0,0,0,0,0,0,0,0,0,0,0,0,17.5904,49.5268,34.7973,590.006,690.196,0,0.949477,-0.313094,0.0215613,0.999989,0.273093,0.0475428,0.801802,0.89,921.203,1118.55,1965.66,2908.44,246.881,811.709,1677.59,286.951,2634.13,426.659,304.308,-3.06798,0.291209,3.26411,-0.303777,0,0,0,0,0,0,0,66.315,0,0.976863,0,0,311.855,1137.34,0,0,811.892,3182.81,0
1691509849152261788,2336,2058,277,0.880993,16.8355,29.1414,46.4624,58.6064,210.97,4.50155,304.016,636.871,1176.65,1440.3,808.688,3252.57,10817.4,37018.5,1413.64,1702.36,1762.8,709.861,365.525,658.33,124571,8471.38,14018.6,11.9608,12.5533,0,0,0.0680042,0,33.8852,195.386,334.044,1876.06,5063.41,6515.8,0.106466,0.00598254,5,4,10,0.714286,1,3.76985,2.68559,1.08426,0.00389782,0.127092,2058,0,0,0,0,0.001,0,0,0,0,0,0,0,0,0,0,0,0,0,0,0,0,0,0,0,0,0,0,0,0,0,0,0,0,0,0,0,0,0,0,0,0,16.8355,46.4624,35.0124,600.536,689.451,0,0.94876,-0.315399,0.019422,0.999995,0.184829,0.00851154,0.769912,0.87,918.073,1085.08,2120.24,3576.32,253.671,801.691,1825.01,253.814,2627.75,410.364,312.455,-3.16427,0.602402,3.20705,-0.232046,0,0,0,0,0,0,0,58.6064,0,0.980564,0,0,304.016,1176.65,0,0,808.688,3252.57,0
1691509849252717434,2314,2027,287,0.875972,16.5515,29.4786,47.0308,61.5009,210.215,4.55178,312.304,670.094,1148.07,1429.42,813.707,3226.25,10598,45035.9,1363.16,1706.59,1797.03,751.595,349.21,635.807,120038,9011.94,14772.6,10.4663,8.70954,0,0,0.0750759,0,35.7757,167.216,387.084,1697.29,5915.51,6569.77,0.00142744,0.000185343,2,2,8,0.8,1,3.4902,2.42728,1.06291,0.00367928,0.147908,2027,0,0,0,0,0.001,0,0,0,0,0,0,0,0,0,0,0,0,0,0,0,0,0,0,0,0,0,0,0,0,0,0,0,0,0,0,0,0,0,0,0,0,16.5515,47.0308,35.5559,561.866,677.578,0,0.948642,-0.315928,0.016379,0.999995,0.177098,0.0170568,0.818182,0.9,932.145,1094.36,2123.99,3579.58,251.916,818.899,1880.42,243.256,2639.17,437.337,285.792,-3.14269,0.233524,3.32097,-0.719774,0,0,0,0,0,0,0,61.5009,0,0.98076,0,0,312.304,1148.07,0,0,813.707,3226.25,0
1691509849353365921,2181,1906,273,0.873911,16.2861,29.2449,46.598,66.4808,235.493,3.64172,306.879,649.529,1105.32,1397.95,843.336,3108.86,10768.7,45689.8,1351.11,1692.2,1668.45,760.643,333.767,645.261,120954,8708.6,14097.9,19.2922,20.1512,0,0,0.071999,0,31.1885,127.306,338.726,1516.14,5599.75,6484.75,0.0545829,0.00731706,4,3,11,0.785714,1,3.76214,2.71683,1.04532,0.00477354,0.0942699,1906,0,0,0,0,0.001,0,0,0,0,0,0,0,0,0,0,0,0,0,0,0,0,0,0,0,0,0,0,0,0,0,0,0,0,0,0,0,0,0,0,0,0,16.2861,46.598,37.7795,539.852,678.368,0,0.945806,-0.324284,0.0170823,0.999961,0.507158,0.0127031,0.818182,0.9,929.193,1127.71,2137.72,3570.83,245.864,821.11,1970.48,257.252,2553.43,386.497,267.537,-4.30598,0.141349,3.53221,-0.665142,0,0,0,0,0,0,0,66.4808,0,0.978489,0,0,306.879,1105.32,0,0,843.336,3108.86,0
1691509849454261368,2273,2008,265,0.883414,15.4723,27.2007,43.0936,58.8315,204.531,2.16288,313.005,614.618,1054.32,1398.94,807.635,2921.74,12107.4,49793,1230.16,1493.48,1619.99,705.998,340.787,583.231,123479,11649.2,18118.9,10.2741,11.5098,0,0,0.0943415,0,39.5928,150.546,362.936,1560.59,6416.99,9588.26,0.00446358,0.000673096,2,2,8,0.8,1,3.82042,2.85441,0.966011,0.00411906,0.0988411,2008,0,0,0,0,0.001,0,0,0,0,0,0,0,0,0,0,0,0,0,0,0,0,0,0,0,0,0,0,0,0,0,0,0,0,0,0,0,0,0,0,0,0,15.4723,43.0936,33.613,519.711,679.676,0,0.944645,-0.327581,0.0183514,0.999993,0.213088,0.0255282,0.769912,0.87,903.392,1072.66,2136.39,3564.48,256.096,808.166,1973,233.239,2717.43,406.556,238.324,-4.47827,1.0716,3.67829,-0.34262,0,0,0,0,0,0,0,58.8315,0,0.98008,0,0,313.005,1054.32,0,0,807.635,2921.74,0
1691509849555618037,2318,2112,205,0.91113,15.0942,27.8186,44.6511,61.6857,201.511,2.26157,299.268,610.51,1059.5,1348.9,792.457,3072.49,8842.95,42925,1326.73,1663.99,1570.83,700.224,316.255,576.583,121612,7527.19,12095.7,14.7154,14.8594,0,0,0.061895,0,31.1062,121.168,381.139,1268.77,4169.58,6123.92,0.483712,0.0123785,6,5,10,0.666667,1,3.75987,2.76008,0.999791,0.00577236,0.0935271,2112,0,0,0,0,0.001,0,0,0,0,0,0,0,0,0,0,0,0,0,0,0,0,0,0,0,0,0,0,0,0,0,0,0,0,0,0,0,0,0,0,0,0,15.0942,44.6511,32.8941,537.948,670.158,0,0.947055,-0.32051,0.0189989,0.999972,0.429647,0.0225421,0.801802,0.89,906.365,1111.53,2131.56,3568.18,264.854,791.956,1917.01,234.673,2752.58,417.678,249.115,-3.89015,0.00934998,3.85492,-0.000857285,0,0,0,0,0,0,0,61.6857,0,0.982955,0,0,299.268,1059.5,0,0,792.457,3072.49,0
1691509849657167947,2236,2027,206,0.90653,14.9722,27.9352,45.0924,62.8692,196.766,1.516,316.913,634.174,1115.16,1388.38,871.157,3417.92,12501.6,41987.4,1445.85,2034.35,1678.5,723.849,358.201,642.776,131493,9156.44,14681.3,9.43791,9.41572,0,0,0.0696342,0,33.5752,120.687,342.633,1561.02,5418.32,7205.02,0.278097,0.00575836,7,7,10,0.588235,1,3.51144,2.56885,0.942586,0.00581045,0.170029,2027,0,0,0,0,0.001,0,0,0,0,0,0,0,0,0,0,0,0,0,0,0,0,0,0,0,0,0,0,0,0,0,0,0,0,0,0,0,0,0,0.00148002,25.0702,26.6427,14.9272,45.1161,37.0647,526.433,676.503,0,0.943306,-0.331435,0.018001,0.999933,0.664228,0.0514286,0.834862,0.91,917.92,1122.98,1964.07,2981.63,259.849,811.158,1922.9,255.31,2712.73,401.273,278.654,-2.40953,0.184488,2.45841,-0.165449,0,0,0,0,0,0.00134168,26.8392,62.9108,1,0.986166,57.0567,119.02,317.199,1115.87,79.0082,158.829,872.529,3420.76,2.7497e-06
1691509849758297523,2241,2050,190,0.91477,15.2025,28.4736,42.6695,60.634,208.516,0.84229,298.716,588.081,1073.28,1379.79,843.592,3256.47,10520.1,29603.4,1437.73,1910.03,1643.2,707.308,316.163,590.118,123005,7150.43,11545.1,4.45027,5.97494,0,0,0.0581311,0,30.0903,110.084,361.079,1108.57,4519.39,5415.85,0.00884555,0.00160314,4,3,11,0.785714,1,3.43084,2.47131,0.959523,0.00370184,0.1101,2050,0,0,0,0,0.001,0,0,0,0,0,0,0,0,0,0,0,0,0,0,0,0,0,0,0,0,0,0,0,0,0,0,0,0,0,0,0,0,0,0,0,0,15.2025,42.6695,38.4617,538.061,667.477,0,0.940851,-0.338551,0.0135477,0.999962,0.501147,0.0455263,0.769912,0.87,904.208,1093.36,2132.86,3561.58,253.276,779.819,1961.44,233.718,2799.66,407.301,251.365,-2.18147,0.479138,1.07754,-0.511772,0,0,0,0,0,0,0,60.634,0,0.985366,0,0,298.716,1073.28,0,0,843.592,3256.47,0
1691509849860000038,2131,1977,152,0.927733,15.8196,29.6877,45.2351,64.1745,186.599,3.44801,302.422,608.975,1133.34,1422.37,883.674,3621.82,16071.2,60942.4,1465.86,2230.08,1750.34,745.601,347.948,588.135,139338,17087.2,25997.1,28.3613,33.8617,0,0,0.122631,0,34.7224,117.847,370.842,1475.58,11080,12918.1,0.0166177,0.0064376,4,3,10,0.769231,1,3.68059,2.68615,0.99444,0.00790619,0.246441,1977,0,0,0,0,0.001,0,0,0,0,0,0,0,0,0,0,0,0,0,0,0,0,0,0,0,0,0,0,0,0,0,0,0,0,0,0,0,0,0,0,0,0,15.8196,45.2351,35.1665,578.579,663.254,0,0.942524,-0.333635,0.0183599,0.999975,0.405654,0.084498,0.818182,0.9,917.49,1148.64,2136.3,3557.98,258.804,796.144,1948.11,270.772,2901.41,396.891,273.584,-3.2172,-0.023034,2.86092,-0.0907016,0,0,0,0,0,0,0,64.1745,0,0.983814,0,0,302.422,1133.34,0,0,883.674,3621.82,0
1691509849960796825,2108,1962,146,0.93074,16.6684,29.4568,45.6541,61.3179,208.776,3.76855,314.378,640.897,1127.99,1410.49,891.156,3530.5,13476.5,50505.8,1393.92,2432.15,1763.98,740.789,361.442,643.828,133731,14419.7,22107.5,17.1519,12.7631,0,0,0.107826,0,31.6235,118.146,400.133,1462.78,8684.97,11409.8,0.000910844,0.000265179,3,3,8,0.727273,1,3.85479,2.86365,0.991142,0.0106746,0.118537,1962,0,0,0,0,0.001,0,0,0,0,0,0,0,0,0,0,0,0,0,0,0,0,0,0,0,0,0,0,0,0,0,0,0,0,0,0,0,0,0,0,0,0,16.6684,45.6541,30.851,572.66,677.489,0,0.942389,-0.33399,0.0187893,1,0.0328609,0.0116173,0.834862,0.91,920.412,1153.03,2133.74,3561.62,250.524,801.759,1957.95,237.355,2942.88,417.143,276.286,-1.90778,1.06599,1.55591,-1.32381,0,0,0,0,0,0,0,61.3179,0,0.98318,0,0,314.378,1127.99,0,0,891.156,3530.5,0
1691509850062144846,2188,1980,207,0.904936,16.8579,30.4981,45.1692,59.5762,196.771,2.6469,285.076,577.274,1061.72,1311.04,798.786,3339.24,9701.02,47269,1238.48,2002.54,1562.94,696.636,357.17,540.267,131809,11229.5,16717.9,10.5999,12.409,0,0,0.085195,0,28.4474,102.306,345.448,1188.71,5153.65,9899.37,0.00174342,0.000780998,4,4,8,0.666667,1,3.68465,2.72145,0.963194,0.00442728,0.382682,1980,0,0,0,0,0.001,0,0,0,0,0,0,0,0,0,0,0,0,0,0,0,0,0,0,0,0,0,0,0,0,0,0,0,0,0,0,0,0,0,0,0,0,16.8579,45.1692,30.0422,597.676,668.281,0,0.941839,-0.335566,0.0182908,0.999998,0.0998284,0.101808,0.785714,0.88,902.888,1100.35,2156.13,3557.61,252.935,773.544,1969.98,228.794,3067.31,366.344,227.216,-0.0950705,1.28661,0.00376465,-1.34005,0,0,0,0,0,0,0,59.5762,0,0.982828,0,0,285.076,1061.72,0,0,798.786,3339.24,0
1691509850163026071,1962,1775,186,0.904689,17.4268,31.814,51.1968,75.1403,182.216,2.83198,311.81,639.612,1139.7,1393.3,905.671,3767.76,13533.5,143027,1228.87,2585.22,1833.16,741.084,448.372,653.788,137164,25077.5,31758.3,37.1661,14.9436,0,0,0.182829,0,23.6729,106.852,364.811,1084.51,5810.36,24368.1,0.000339568,0.000119897,2,2,8,0.8,1,3.5459,2.4607,1.08521,0.00287341,0.128771,1775,0,0,0,0,0.001,0,0,0,0,0,0,0,0,0,0,0,0,0,0,0,0,0,0,0,0,0,0,0,0,0,0,0,0,0,0,0,0,0,0,0,0,17.4268,51.1968,36.6667,635.272,677.061,0,0.94166,-0.33622,0.0152752,0.999995,0.177092,0.448662,0.754386,0.86,923.019,1120.82,2034.12,3561.92,241.359,782.156,1945.34,201.255,3194.29,367.616,257.021,-2.10847,0.232966,1.35122,-0.199785,0,0,0,0,0,0,0,75.1403,0,0.970704,0,0,311.81,1139.7,0,0,905.671,3767.76,0
1691509850262133390,1960,1755,201,0.895408,18.0729,34.6232,63.0048,92.6459,196.347,4.08122,304.996,595.468,1082.63,1327.88,875.572,3466.5,12569.8,35305.6,1303.31,1973.17,1972.21,684.849,498.595,513.411,140017,8347.94,12727.9,8.47059,7.41257,0,0,0.059621,0,24.7594,95.6204,309.004,901.759,4315.08,7081.65,0.0026557,0.000856592,4,3,12,0.8,1,4.19932,2.78233,1.41699,0.0106678,0.234232,1755,0,0,0,0,0.001,0,0,0,0,0,0,0,0,0,0,0,0,0,0,0,0,0,0,0,0,0,0,0,0,0,0,0,0,0,0,0,0,0,0,0,0,18.0729,63.0048,29.5618,642.335,667.103,0,0.939968,-0.34094,0.0148061,0.999987,0.288546,0.140222,0.851852,0.92,924.045,1134.37,2017.36,3562.75,238.765,777.166,1917.78,206.937,3222.95,321.095,178.139,1.75902,-1.06907,0.637141,-0.287453,0,0,0,0,0,0,0,92.6459,0,0.960684,0,0,304.996,1082.63,0,0,875.572,3466.5,0
1691509850360050296,2192,1965,222,0.896442,18.4397,37.7284,65.7091,90.7208,212.304,4.38907,293.269,607.234,1087.78,1345.98,875.402,3599.94,10219.7,21819.1,1276.76,2138.16,1893.93,647.815,558.113,523.306,134722,7819.87,12439,39.9642,15.5571,0,0,0.0580444,0,25.1818,93.4648,324.596,1076.41,5098.81,5820.57,0.000285444,0.000103173,2,2,8,0.8,1,3.85371,2.30663,1.54708,0.00543087,0.208359,1965,0,0,0,0,0.001,0,0,0,0,0,0,0,0,0,0,0,0,0,0,0,0,0,0,0,0,0,0,0,0,0,0,0,0,0,0,0,0,0,0,0,0,18.4397,65.7091,27.4075,636.589,672.003,0,0.941187,-0.337316,0.0196141,0.999981,0.351963,0.211104,0.851852,0.92,927.12,1123.94,2012.79,3556.9,241.239,775.284,1874.24,193.675,3043.64,350.519,206.394,-0.739311,3.2053,-0.191833,-1.98514,0,0,0,0,0,0,0,90.7208,0,0.96743,0,0,293.269,1087.78,0,0,875.402,3599.94,0
1691509850457496775,2234,2043,189,0.914503,18.3893,33.9481,58.9831,91.3562,202.419,5.05243,290.506,615.087,1062.32,1292.56,830.775,3680.84,10589,32485.1,1237.67,2259.13,1920.14,614.329,569.356,543.728,130336,8842.86,13884.3,17.957,9.72319,0,0,0.0678469,0,25.7181,96.4716,308.155,1223.6,5165.78,7064.62,0.000227039,5.69602e-05,3,3,8,0.727273,1,3.93209,2.36185,1.57024,0.00263783,0.31948,2043,0,0,0,0,0.001,0,0,0,0,0,0,0,0,0,0,0,0,0,0,0,0,0,0,0,0,0,0,0,0,0,0,0,0,0,0,0,0,0,0,0,0,18.3893,58.9831,29.2077,621.609,671.183,0,0.939713,-0.341271,0.0217515,0.999989,0.271081,0.0150891,0.801802,0.89,935.051,1129.65,2007.01,2971.25,250.706,805.091,1821.58,181.341,3003.22,340.143,217.744,-0.876691,1.83405,0.592256,-1.31803,0,0,0,0,0,0,0,91.3562,0,0.958395,0,0,290.506,1062.32,0,0,830.775,3680.84,0
1691509850554548589,2237,2017,217,0.901654,20.245,37.2769,61.7256,81.3837,205.471,4.1791,288.928,555.483,1036.8,1311.94,875.637,3681.54,8810.86,48387.2,1297.61,2079.95,1863.61,606.42,536.403,471.406,130308,8885.53,13657.9,5.65618,5.49073,0,0,0.0681888,0,26.9482,97.345,295.417,1241.39,4362.43,7634.35,0.00206085,0.000381789,5,4,9,0.692308,1,4.39917,2.9175,1.48168,0.0120867,0.410841,2017,0,0,0,0,0.001,0,0,0,0,0,0,0,0,0,0,0,0,0,0,0,0,0,0,0,0,0,0,0,0,0,0,0,0,0,0,0,0,0,0,0,0,20.245,61.7256,28.1175,601.468,661.415,0,0.939714,-0.341493,0.0178756,0.999992,0.222432,0.0227757,0.785714,0.88,931.499,1091.84,1963.15,2953.9,252.97,805.131,1814.1,190.414,2948.49,347.213,196.139,0.8843,0.908588,-0.859393,-0.864809,0,0,0,0,0,0,0,81.3837,0,0.972732,0,0,288.928,1036.8,0,0,875.637,3681.54,0
1691509850651751068,1950,1744,204,0.894359,19.9162,37.6707,74.446,96.6197,218.666,4.68262,272.887,554.609,1010.95,1307.13,819.197,3509.28,8840.8,20535,1199.38,2002.82,1779.01,597.739,497.47,483.692,127002,6313.75,9952.16,9.56372,8.0041,0,0,0.0497139,0,20.5912,60.4774,253.967,764.686,4309.4,4543.04,0.000756724,0.000179541,3,3,8,0.727273,1,4.1855,2.60972,1.57578,0.00984365,0.174985,1744,0,0,0,0,0.001,0,0,0,0,0,0,0,0,0,0,0,0,0,0,0,0,0,0,0,0,0,0,0,0,0,0,0,0,0,0,0,0,0,0,0,0,19.9162,74.446,29.3631,605.511,679.126,0,0.941147,-0.337515,0.0180459,0.999991,0.242451,0.121657,0.785714,0.88,930.967,1114.72,1945.05,2950.13,243.76,797.724,1822.48,184.843,2873.26,281.36,166.127,1.24175,1.20295,-1.312,-1.13785,0,0,0,0,0,0,0,96.6197,0,0.954128,0,0,272.887,1010.95,0,0,819.197,3509.28,0
1691509850749955822,1770,1592,171,0.899435,19.5385,37.5682,74.6668,107.24,186.197,0.809595,295.622,586.287,1041,1359.2,861.566,3833.43,11990.5,41783.8,1285.13,2226.63,2146.16,618.476,537.84,454.76,133518,9640.12,14479.8,8.22244,8.5125,0,0,0.072201,0,22.9562,80.8806,282.539,1122.45,4553.97,8417.04,0.0130943,0.00300525,5,5,8,0.615385,1,3.80504,2.29609,1.50895,0.0138903,0.165358,1592,0,0,0,0,0.001,0,0,0,0,0,0,0,0,0,0,0,0,0,0,0,0,0,0,0,0,0,0,0,0,0,0,0,0,0,0,0,0,0,0,0,0,19.5385,74.6668,30.9239,576.521,691.555,0,0.941482,-0.336678,0.0161042,0.999998,0.122658,0.0956067,0.73913,0.85,947.215,1139.03,1980.96,2937.99,244.995,816.175,1923.56,163.207,2759.64,270.474,148.999,-0.99135,0.721087,0.748691,-0.761223,0,0,0,0,0,0,0,107.24,0,0.938442,0,0,295.622,1041,0,0,861.566,3833.43,0
1691509850848779197,1664,1436,222,0.862981,19.7543,37.3597,76.2871,108.716,212.325,3.11057,286.14,582.671,1053.49,1333.62,838.805,3863.96,14750.2,44140.4,1338.69,2164.26,2030.36,646.788,498.125,517.743,135108,9631.75,14597.6,5.25257,12.2262,0,0,0.0712892,0,32.285,73.2908,205.895,1073.63,5142.55,8069.9,0.000625415,0.000295797,3,3,8,0.727273,1,4.35475,2.89581,1.45894,0.00477937,0.236496,1436,0,0,0,0,0.001,0,0,0,0,0,0,0,0,0,0,0,0,0,0,0,0,0,0,0,0,0,0,0,0,0,0,0,0,0,0,0,0,0,0,0,0,19.7543,76.2871,30.4602,566.307,673.232,0,0.942299,-0.334478,0.0140578,0.999995,0.178378,0.0135355,0.652893,0.79,962.747,1180.56,2110.33,3573.6,246.202,841.141,1962.08,174.09,2733.66,228.872,128.407,-0.422636,0.405415,0.487499,-0.845049,0,0,0,0,0,0,0,108.716,0,0.938022,0,0,286.14,1053.49,0,0,838.805,3863.96,0
1691509850948521212,1822,1569,244,0.861142,20.0314,37.1393,63.85,94.1244,224.136,5.94476,291.892,574.508,1111.53,1291.71,806.562,3386.75,7718.2,34739.4,1194.64,2022.49,1713.73,631.298,415.26,604.098,118212,5894.38,9578.9,7.7605,7.45578,0,0,0.0498628,0,35.6912,81.7357,233.464,1245.84,3193.69,4788.47,0.00326286,0.00143154,5,4,9,0.692308,1,3.2053,1.86399,1.34131,0.00456903,0.225508,1569,0,0,0,0,0.001,0,0,0,0,0,0,0,0,0,0,0,0,0,0,0,0,0,0,0,0,0,0,0,0,0,0,0,0,0,0,0,0,0,0,0,0,20.0314,63.85,23.0057,569.363,674.632,0,0.94092,-0.337572,0.0267193,0.999914,0.750964,0.106662,0.626016,0.77,926.349,1099.23,1906.35,2964.53,233.135,799.636,1753.14,132.177,2889.87,230.108,170.148,-0.156064,-0.362197,0.27336,0.366321,0,0,0,0,0,0,0,94.1244,0,0.957298,0,0,291.892,1111.53,0,0,806.562,3386.75,0
1691509851048815326,1860,1622,231,0.872043,18.3687,35.2488,58.0621,76.8867,209.222,3.48418,287.486,597.787,1093.9,1345.29,820.831,3485.85,7186.7,70932,1332.12,2195.11,1706.79,603.242,397.845,632.832,106047,9040.06,13174.1,5.14216,5.15112,0,0,0.0852462,0,21.4295,76.4808,232.716,1017.88,3599.37,8226.22,0.00297836,0.000639173,3,3,8,0.727273,1,3.39552,2.28919,1.10632,0.00750715,0.0114424,1622,0,0,0,0,0.001,0,0,0,0,0,0,0,0,0,0,0,0,0,0,0,0,0,0,0,0,0,0,0,0,0,0,0,0,0,0,0,0,0,0,0,0,18.3687,58.0621,23.7686,519.327,647.904,0,0.937346,-0.347538,0.0244946,0.999941,0.619845,0.0473865,0.724138,0.84,908.814,1069.01,1919.99,2957.74,234.555,823.031,1837.18,119.985,3084.53,262.791,186.315,-0.423585,1.20556,0.245102,-1.23215,0,0,0,0,0,0,0,76.8867,0,0.974106,0,0,287.486,1093.9,0,0,820.831,3485.85,0
1691509851150552217,1992,1748,242,0.87751,17.4719,30.7435,49.2333,61.4876,210.836,3.69019,304.471,615.988,1112.33,1408.96,901.324,3564.16,8350.6,43942.4,1549.5,2141.65,1700.11,625.832,416.321,646.472,110320,7508.44,11950.3,4.28016,3.79444,0,0,0.0680608,0,14.3333,66.2792,277.893,1107.42,5010.68,5473.71,0.000327041,6.14883e-05,3,3,8,0.727273,1,3.08562,2.15867,0.926944,0.0105573,0.211916,1748,0,0,0,0,0.001,0,0,0,0,0,0,0,0,0,0,0,0,0,0,0,0,0,0,0,0,0,0,0,0,0,0,0,0,0,0,0,0,0,0,0,0,17.4719,49.2333,21.2182,507.832,642.95,0,0.938598,-0.344063,0.0255902,0.999993,0.220757,0.0350251,0.680672,0.81,914.425,1097.93,1914.55,3546.55,231.775,824.433,1844.04,135.405,3101.21,300.443,209.599,-1.31289,0.673017,0.0464207,-0.507638,0,0,0,0,0,0,0,61.4876,0,0.98341,0,0,304.471,1112.33,0,0,901.324,3564.16,0
1691509851253852822,1924,1767,154,0.918399,16.7364,31.8182,50.3627,67.0692,161.365,2.57077,292.38,574.506,1138.08,1395.73,866.023,3815.86,9414.52,31121.2,1870.85,2165.88,1766.32,618.045,450.997,624.227,119757,9115.04,13472.9,5.73903,5.66336,0,0,0.0761126,0,13.3387,76.0056,233.206,1164.41,3775.35,8210.63,0.00190492,0.000496149,7,7,12,0.631579,1,2.92029,1.97724,0.943047,0.00927135,0.319616,1767,0,0,0,0,0.001,0,0,0,0,0,0,0,0,0,0,0,0,0,0,0,0,0,0,0,0,0,0,0,0,0,0,0,0,0,0,0,0,0,0,0,0,16.7364,50.3627,23.7312,557.486,651.783,0,0.940514,-0.339014,0.0224448,0.99998,0.358039,0.0408753,0.709402,0.83,917.699,1124.21,1918.83,2944.48,248.584,815.522,1849.92,136.973,3027.91,276.356,221.985,0.141252,0.250131,0.795072,-0.300324,0,0,0,0,0,0,0,67.0692,0,0.980192,0,0,292.38,1138.08,0,0,866.023,3815.86,0
1691509851358061058,1805,1711,94,0.947922,18.1164,33.2301,55.9169,84.9082,192.355,3.23654,291.729,624.037,1123.28,1390.31,855.987,3832.84,14221.1,33227,2060.96,2153.45,1754.06,617.398,479.73,622.68,129988,10203.7,15798.8,4.86399,5.4153,0,0,0.0784971,0,18.5048,81.1441,248.226,1297.83,6025.76,8127.3,0.010705,0.00190082,7,7,8,0.533333,1,3.36283,2.16457,1.19826,0.0235304,0.272172,1711,0,0,0,0,0.001,0,0,0,0,0,0,0,0,0,0,0,0,0,0,0,0,0,0,0,0,0,0,0,0,0,0,0,0,0,0,0,0,0,0.00233781,13.5333,19.7485,18.1164,55.9295,28.9824,589.099,666.918,0,0.942534,-0.333259,0.0238524,0.99998,0.358678,0.0149575,0.694915,0.82,942.28,1135.26,2021.62,3557.84,248.846,820.694,1831.51,143.91,2919.63,270.914,205.927,-0.874163,0.72897,0.316295,-0.733557,0,0,0,0,0,0.00221607,19.9564,85.0105,1,0.967194,381.605,414.658,291.593,1125.82,657.711,708.62,861.579,3839.86,0.000106485
1691509851462386718,1816,1719,96,0.946586,18.4851,34.7044,54.3203,72.9349,193.211,2.08942,297.984,602.908,1046.36,1312.08,919.395,3766.68,10242.7,46901.1,1783.07,2001.55,1861.72,618.806,492.876,551.871,125055,10209.2,15830,8.33304,9.11419,0,0,0.0816371,0,15.3001,80.9579,240.378,1229.65,6452.48,7811.26,0.00167606,0.000477433,5,4,9,0.692308,1,3.60028,2.45364,1.14664,0.00733212,0.325079,1719,0,0,0,0,0.001,0,0,0,0,0,0,0,0,0,0,0,0,0,0,0,0,0,0,0,0,0,0,0,0,0,0,0,0,0,0,0,0,0,0.00988947,18.3868,43.5788,18.4887,54.4748,29.4932,572.177,665.33,0,0.94069,-0.33873,0.0190857,0.999972,0.428993,0.0357811,0.785714,0.88,952.018,1148.86,2099.44,3561.17,269.814,837.665,1917.75,155.872,2900.72,243.746,176.677,0.0799442,0.693442,0.0230292,-0.816125,0,0,0,0,0,0.00936123,46.5041,73.5304,1,0.967685,380.49,664.731,296.551,1049.75,664.094,1137.72,922.709,3794.11,0.000672497
1691509851566555681,1841,1730,108,0.939707,19.3904,35.1821,59.7651,82.0637,232.039,2.81073,303.787,626.911,1087.12,1369.47,893.618,3915.72,12560.4,46989.9,1799.46,2302.61,1954.8,631.916,478.439,587.513,133653,13660.4,20998.5,4.19028,3.03808,0,0,0.102208,0,47.4756,92.4697,289.04,1381.74,9085.23,10102.5,0.00829409,0.000710664,9,8,12,0.6,1,4.23515,2.99001,1.24514,0.0237801,0.435152,1730,0,0,0,0,0.001,0,0,0,0,0,0,0,0,0,0,0,0,0,0,0,0,0,0,0,0,0,0,0,0,0,0,0,0,0,0,0,0,0,0.0202312,13.1082,38.9538,19.5235,60.9593,28.1557,563.46,667.385,0,0.941805,-0.335432,0.0220831,0.999989,0.263211,0.0191451,0.869159,0.93,950.604,1165.65,2102.25,3559.53,267.562,843.558,1917.95,184.438,3036.71,298.549,204.591,2.01937,0.0205239,-1.31603,0.0662649,0,0,0,0,0,0.0190114,61.1137,82.4504,1,0.966962,295.165,628.591,303.895,1090.94,495.919,1066.76,908.561,4012.73,0.000804416
1691509851668959868,1869,1772,94,0.948101,20.1442,36.8254,60.1297,82.4758,185.935,1.46379,296.793,585.463,1077.58,1367.47,901.299,3970.75,13741.7,76851.6,1520.57,2652.69,1881.21,608.799,441.561,559.339,140976,15708.1,22847.8,12.8624,11.4847,0,0,0.111424,0,35.3065,78.6317,253.134,1478.65,7041.09,13961,0.0111132,0.00307148,8,8,11,0.578947,1,3.6944,2.32868,1.36572,0.0509387,0.21544,1772,0,0,0,0,0.001,0,0,0,0,0,0,0,0,0,0,0,0,0,0,0,0,0,0,0,0,0,0,0,0,0,0,0,0,0,0,0,0,0,0.0276524,17.6207,37.1357,20.201,60.8937,30.5004,582.764,693.735,0,0.942466,-0.333494,0.0232444,0.999997,0.134889,0.00868848,0.869159,0.93,944.702,1168.35,2022.47,2934.54,253.456,814.646,1904.19,183.558,2988.34,269.19,207.868,-0.912195,1.04266,0.920543,-1.214,0,0,0,0,0,0.0262172,48.3618,84.1136,1,0.963436,353.665,674.04,293.944,1086.92,601.99,1158.32,913.978,4147.75,0.00121412
1691509851769490380,1803,1708,90,0.94731,19.966,35.9109,58.8002,78.2233,211.416,2.60808,289.874,577.385,1027.98,1341.01,873.924,4176.9,10677.3,48167.8,1188.81,2827.39,1926.24,601.824,432.243,560.533,151432,10669.8,16216.5,11.4703,11.5553,0,0,0.0704595,0,38.6908,61.8286,236.385,1092.53,6116.37,8670.67,0.0391098,0.00564763,6,5,12,0.705882,1,3.84795,2.63979,1.20816,0.00341609,0.0699845,1708,0,0,0,0,0.001,0,0,0,0,0,0,0,0,0,0,0,0,0,0,0,0,0,0,0,0,0,0,0,0,0,0,0,0,0,0,0,0,0,0.0310304,15.228,41.1733,20.1238,59.2698,25.8632,580.611,700.526,0,0.941625,-0.336121,0.0190827,0.999988,0.286063,0.00841307,0.769912,0.87,958.759,1181.12,1927.76,3564.01,259.471,818.156,1839.15,186.937,2952.65,252.744,184.936,-1.15541,1.40739,1.64179,-1.39266,0,0,0,0,0,0.0293955,46.873,78.7849,1,0.972205,310.558,730.336,289.155,1057.34,546.263,1238.22,899.573,4228,0.00169071
1691509851868252076,1977,1898,72,0.96004,19.8211,35.8605,60.8659,79.2813,204.817,1.79831,291.78,595.065,1060.92,1360.19,915.056,3868.74,11284.6,50634,1314.08,2384.9,1988.31,624.217,504.148,503.911,142724,11054.6,17006.5,10.1133,7.58187,0,0,0.0774544,0,52.7935,77.2362,292.209,1220.45,6542.3,8821.5,0.00203171,0.00088686,4,4,10,0.714286,1,4.5545,3.18981,1.36468,0.015229,0.123221,1898,0,0,0,0,0.001,0,0,0,0,0,0,0,0,0,0,0,0,0,0,0,0,0,0,0,0,0,0,0,0,0,0,0,0,0,0,0,0,0,0.0347734,12.8859,34.0049,20.1688,61.4257,23.7842,598.35,705.866,0,0.940649,-0.338806,0.0197696,0.999996,0.168338,0.0247814,0.73913,0.85,929.552,1166.05,1928.46,2923.36,250.846,797.945,1833.55,177.019,2818.35,299.074,201.068,3.44224,3.6082,-0.0372284,-0.8573,0,0,0,0,0,0.0333839,53.1849,80.0484,1,0.973253,351.843,739.981,290.015,1086.38,602,1247.7,939.725,4033.34,0.00221948
1691509851965310190,1856,1808,46,0.974138,19.1101,34.3324,63.7239,94.118,221.655,3.0775,291.982,575.483,1026.8,1322.11,934.05,4078.99,10488.1,57316,1376.85,2409.4,1920.73,607.363,517.581,506.156,137936,13302.4,19845.5,7.10011,6.51794,0,0,0.0964387,0,33.1335,77.7864,261.303,1324.45,6790.32,11358.5,0.0383397,0.00359206,6,6,10,0.625,1,3.97821,2.52837,1.44983,0.0215525,0.358502,1808,0,0,0,0,0.001,0,0,0,0,0,0,0,0,0,0,0,0,0,0,0,0,0,0,0,0,0,0,0,0,0,0,0,0,0,0,0,0,0,0.0414823,11.6438,40.1235,19.3542,64.5617,30.8121,605.726,695.462,0,0.939832,-0.340989,0.0210165,0.999997,0.151491,0.0600409,0.834862,0.91,955.084,1189.9,1929.33,2923.65,250.258,796.187,1889.98,170.203,2779.89,272.509,186.71,2.43264,1.2068,-2.00434,-1.11753,0,0,0,0,0,0.0404095,52.3772,95.0625,0.986667,0.956145,365.46,760.704,289.552,1040.3,625.558,1216.52,963.32,4189.69,0.00249297
1691509852060702782,1683,1608,59,0.955437,18.697,38.6108,66.0637,92.2926,193.279,1.45545,298.645,585.355,1001.81,1288.98,930.745,4002.88,13222.1,86263.1,1558.57,2225.08,2010.1,593.064,531.151,498.848,145266,14920.7,21440.2,3.45162,2.65217,0,0,0.102713,0,32.0397,80.0053,225.094,1038.95,6853.66,13210.5,0.00212207,0.000296425,7,6,13,0.684211,1,3.34512,2.0035,1.34162,0.0133593,0.408909,1608,0,0,0,0,0.001,0,0,0,0,0,0,0,0,0,0,0,0,0,0,0,0,0,0,0,0,0,0,0,0,0,0,0,0,0,0,0,0,0,0.0646766,15.9709,59.7087,19.0505,66.3446,24.3104,624.057,684.633,0,0.937635,-0.346934,0.0218451,0.99998,0.366178,0.0215122,0.754386,0.86,982.573,1218.52,2109.04,2922.61,253.005,811.558,1928.43,142.143,2790.69,238.125,161.868,-0.63158,1.30148,-0.308294,-0.904536,0,0,0,0,0,0.0724896,97.8761,92.2087,0.951923,0.958777,443.25,1046.52,294.296,998.458,734.408,1592.84,955.59,4229.45,0.00539396
1691509852155263710,1656,1604,52,0.968599,19.9268,36.6791,57.7317,78.6628,240.007,1.60179,278.41,536.716,974.365,1255.42,875.667,3600.58,11886.5,46079.7,1445.55,2082.54,1933.24,577.46,529.034,404.715,143638,12445.2,18373.3,5.76238,6.47433,0,0,0.0866429,0,16.2438,59.6163,220.151,910.155,6760.48,10406.7,0.00251006,0.00122453,5,5,10,0.666667,1,3.52671,2.43567,1.09103,0.00174103,0.380233,1604,0,0,0,0,0.001,0,0,0,0,0,0,0,0,0,0,0,0,0,0,0,0,0,0,0,0,0,0,0,0,0,0,0,0,0,0,0,0,0,0.0473815,11.063,39.4793,20.441,58.8039,23.9393,592.611,681.45,0,0.93822,-0.345571,0.0179708,0.999991,0.237686,0.0407503,0.785714,0.88,955.623,1178.14,2092.62,2912.51,249.884,791.294,1915.26,150.737,2710.1,224.511,110.812,1.34842,0.178182,-0.335348,-0.209256,0,0,0,0,0,0.0458937,50.8746,79.5859,1,0.973822,360.667,692.91,277.323,983.062,600.45,1168.46,895.208,3730.68,0.00211353
1691509852250032178,1544,1484,59,0.96114,19.7939,41.9017,70.591,96.8123,209.17,1.6865,269.201,504.072,888.405,1218.25,816.999,3411.27,14020.5,62266.6,1318.97,1698.62,1856.67,561.503,488.963,362.196,145343,12183.4,17237.6,10.6204,11.9402,0,0,0.0838251,0,26.3856,38.3682,164.043,872.495,5113.89,11022.4,0.0004961,0.000419759,5,4,9,0.692308,1,2.97676,1.6561,1.32066,0.0182504,0.246662,1484,0,0,0,0,0.001,0,0,0,0,0,0,0,0,0,0,0,0,0,0,0,0,0,0,0,0,0,0,0,0,0,0,0,0,0,0,0,0,0,0.06469,19.4632,59.5299,19.8417,71.9171,25.4021,582.477,696.121,0,0.939708,-0.341371,0.0203535,0.999987,0.289514,0.0323076,0.754386,0.86,927.412,1194.61,1929.33,2915.34,237.948,781.274,1829.49,126.853,2664.37,177.245,88.9292,-1.40747,0.190426,0.633197,-0.0308418,0,0,0,0,0,0.0628238,82.3669,96.9786,0.958333,0.955331,465.332,779.675,261.741,891.762,743.684,1276,822.892,3618.56,0.00393334
1691509852345618473,1536,1424,111,0.927083,18.499,40.2736,69.1856,97.9771,219.824,2.22185,267.661,523.389,944.068,1242.26,751.645,3328.77,14042.8,39513.4,1190.88,1750.01,1746.29,561.793,488.172,377.981,128183,7897.37,12183.6,40.4299,13.5856,0,0,0.0616101,0,20.2286,48.7978,165.103,892.089,5075.94,5981.43,0.000311768,0.000160965,2,2,8,0.8,1,3.06786,1.79553,1.27234,0.0102375,0.216278,1424,0,0,0,0,0.001,0,0,0,0,0,0,0,0,0,0,0,0,0,0,0,0,0,0,0,0,0,0,0,0,0,0,0,0,0,0,0,0,0,0.0498596,14.6794,50.5788,18.9577,69.8669,22.0442,554.23,675.726,0,0.936934,-0.34864,0.0245992,0.999961,0.50787,0.0135679,0.694915,0.82,891.387,1086.69,1943.23,3542.69,226.493,747.202,1872.68,116.103,2705.58,174.632,86.8915,-0.495496,-0.343939,0.747377,-0.85921,0,0,0,0,0,0.046224,66.4639,100.412,1,0.949002,348.938,724.145,265.836,961.918,579.48,1217.48,768.018,3434.76,0.00292976
1691509852443430254,1527,1363,164,0.8926,20.2409,42.3206,77.5232,108.998,213.221,-1.13148,275.137,519.344,900.997,1161.93,780.572,3007.98,9099.7,56213.4,1050.61,1700.42,1523.94,556.91,423.258,411.938,116932,8719.9,12943.5,8.00677,7.85826,0,0,0.0745725,0,32.7573,49.5456,169.439,791.481,4438.54,7461.72,0.00873337,0.00307864,11,10,14,0.583333,1,3.39379,1.95681,1.43698,0.0125228,0.118992,1363,0,0,0,0,0.001,0,0,0,0,0,0,0,0,0,0,0,0,0,0,0,0,0,0,0,0,0,0,0,0,0,0,0,0,0,0,0,0,0,0.0469552,21.7581,73.2447,20.2306,77.5822,20.3643,501.588,665.048,0,0.934743,-0.354719,0.020736,0.999972,0.431319,0.0521093,0.73913,0.85,844.647,1058.07,1966.71,3537.49,224.299,741.753,1843.3,112.997,2588.89,179.337,94.3261,-0.398193,0.86869,0.0866776,-0.832479,0,0,0,0,0,0.0425671,140.199,108.359,0.90625,0.937644,486.582,997.946,267.214,897.566,766.109,1612.97,784.893,3065.46,0.00590741
1691509852543560207,1505,1359,144,0.90299,22.201,44.7821,75.3558,102.814,207.182,-3.7051,313.044,586.652,1090.45,1355.3,851.444,3896.75,10590.1,35184.4,1599.97,2489.23,1678.69,580.34,464.917,582.759,119452,6773.26,10396.1,3.03311,3.02495,0,0,0.0567028,0,25.1455,51.0055,179.861,928.502,3476.13,5735.49,0.0753892,0.009284,8,8,9,0.529412,1,3.2801,1.88787,1.39223,0.0178384,0.109859,1359,0,0,0,0,0.001,0,0,0,0,0,0,0,0,0,0,0,0,0,0,0,0,0,0,0,0,0,0,0,0,0,0,0,0,0,0,0,0,0,0.0588668,22.1761,103.269,22.201,74.243,21.6387,506.377,671.985,0,0.938079,-0.345392,0.0266882,0.999933,0.662147,0.0409308,0.587302,0.74,879.351,1088.29,1847.07,3606.86,227.059,770.949,1704.26,125.327,2757.1,189.428,148.768,-0.494425,0.0623813,0.442453,-0.0608832,0,0,0,0,0,0.0578073,118.857,97.0083,0.8875,0.951525,422.661,904.05,301.483,1093.19,670.633,1456.27,870.721,4058.32,0.0070452
1691509852646179595,1502,1364,138,0.908123,21.9152,41.0181,68.6708,89.3176,185.051,-4.55089,273.301,549.859,956.358,1292.63,862.241,3537.05,9396.54,75573.3,1570.52,1910.38,1679.13,529.469,483.632,455.612,123234,10464.8,14164.7,4.6135,4.58901,0,0,0.0849179,0,18.4727,64.031,160.306,923.161,3024.69,9974.02,0.00407142,0.000807159,15,15,14,0.482759,1,3.01292,1.87382,1.1391,0.0156429,0.209767,1364,0,0,0,0,0.001,0,0,0,0,0,0,0,0,0,0,0,0,0,0,0,0,0,0,0,0,0,0,0,0,0,0,0,0,0,0,0,0,0,0.0256598,11.4409,30.7342,22.1878,68.852,22.2012,553.317,674.482,0,0.93884,-0.343571,0.0232124,0.999992,0.228991,0.0353072,0.666667,0.8,865.901,1102.69,1816.51,2919.81,242.009,739.265,1683.69,110.892,2772.04,161.51,129.685,0.567883,-0.646874,0.481751,0.683524,0,0,0,0,0,0.0233023,32.9064,90.0507,1,0.961625,331.034,755.13,272.824,961.476,517.779,1214.12,885.202,3647.22,0.00143448
1691509852750497647,1395,1332,63,0.954839,21.9413,44.8596,78.381,98.65,224.286,-4.87749,301.891,593.643,1067.74,1335.28,922.294,3975.71,12854.8,39615.8,2050.4,2125.1,1819.25,590.363,560.938,483.658,126713,9703.22,14585.7,9.04728,9.65682,0,0,0.0765766,0,31.006,43.1621,160.26,1023.62,5203.81,8123.83,0.00968914,0.00250336,9,8,12,0.6,1,3.57513,2.22696,1.34818,0.00718872,0.231987,1332,0,0,0,0,0.001,0,0,0,0,0,0,0,0,0,0,0,0,0,0,0,0,0,0,0,0,0,0,0,0,0,0,0,0,0,0,0,0,0,0.018018,18.179,66.9117,22.135,78.3982,22.9423,581.004,677.054,0,0.938572,-0.344356,0.0223853,0.999999,0.0671153,0.044258,0.639344,0.78,927.041,1171.68,1952.83,3613.1,252.295,774.88,1844.02,144.131,2819.48,166.382,111.414,0.407567,-1.43919,-0.855462,1.05774,0,0,0,0,0,0.0172043,77.6968,99.0866,1,0.950306,425.66,760.022,297.171,1072.25,697.883,1254.95,923.336,4003.8,0.00116932
1691509852856122195,1359,1307,47,0.961737,23.9122,47.1406,80.4124,98.6197,208.143,-5.16819,309.912,603.458,1039.02,1324.42,973.915,3858.28,10327.5,52619.3,1801.64,1785.63,1777.7,590.861,572.955,446.353,129513,10065.3,15417.3,4.4764,4.4672,0,0,0.0777164,0,49.9923,64.3122,191.042,1001.46,6458.85,7651.59,0.0110937,0.00271274,7,6,11,0.647059,1,3.58811,2.20596,1.38216,0.00438933,0.36136,1307,0,0,0,0,0.001,0,0,0,0,0,0,0,0,0,0,0,0,0,0,0,0,0,0,0,0,0,0,0,0,0,0,0,0,0,0,0,0,0,0.00229533,7.11233,8.08315,24.1683,80.6347,26.5769,585.758,667.666,0,0.937082,-0.348632,0.0182671,0.999981,0.350673,0.0551894,0.73913,0.85,961.913,1225.34,2090.88,3616.24,258.118,814.8,1980.75,134.627,2807.69,190.588,112.375,-0.465725,-0.200163,0.39237,0.200393,0,0,0,0,0,0.00220751,8.2045,98.6988,1,0.95092,264.272,336.604,310.555,1040.14,457.631,575.816,977.389,3860.4,4.0535e-05
1691509852961805403,1379,1314,47,0.952864,22.6379,46.4586,76.0478,100.487,217.718,-8.63803,279.125,543.318,1007.3,1279.22,849.573,4112.88,12160.5,70164.8,1783.81,2377.92,1700.33,575.842,514.735,473.935,134720,10913.1,15311.8,10.896,10.0118,0,0,0.081006,0,35.6355,69.4556,180.581,821.531,4144.37,10060.2,0.000240178,0.00014795,4,4,8,0.666667,1,3.29939,1.92202,1.37737,0.013335,0.367112,1314,0,0,0,0,0.001,0,0,0,0,0,0,0,0,0,0,0,0,0,0,0,0,0,0,0,0,0,0,0,0,0,0,0,0,0,0,0,0,0,0,0,0,22.6379,76.0478,22.1019,557.753,665.145,0,0.937036,-0.348449,0.0233714,0.999987,0.292652,0.0642149,0.73913,0.85,919.272,1178.06,1983.21,3607.77,257.889,800.905,1916.33,116.516,2897.59,183.883,131.984,0.235539,-0.907957,0.157206,0.895141,0,0,0,0,0,0,0,100.487,0,0.946728,0,0,279.125,1007.3,0,0,849.573,4112.88,0
1691509853065933105,1380,1324,56,0.95942,24.3908,44.2577,79.4809,102.502,195.483,-8.44964,283.204,529.45,918.343,1214.17,888.072,3708.27,12866.4,53645.4,1418.74,2423.59,1737.32,533.827,532.247,412.017,150988,13123.2,18881.3,16.7704,20.0653,0,0,0.0869151,0,21.7068,50.5324,154.035,814.9,6430.92,11409.2,0.0080426,0.0085498,6,6,8,0.571429,1,3.39411,1.99511,1.399,0.0183085,0.254824,1324,0,0,0,0,0.001,0,0,0,0,0,0,0,0,0,0,0,0,0,0,0,0,0,0,0,0,0,0,0,0,0,0,0,0,0,0,0,0,0,0,0,0,24.3908,79.4809,24.0331,562.618,689.349,0,0.939562,-0.341471,0.0249188,0.999971,0.434334,0.0120067,0.73913,0.85,919.703,1153.55,2099.6,3611.02,255.82,796.241,1934.59,141.525,2925.96,155.354,101.006,-0.568877,0.0817493,0.0211477,-0.292772,0,0,0,0,0,0,0,102.502,0,0.944864,0,0,283.204,918.343,0,0,888.072,3708.27,0
1691509853167379168,1552,1471,59,0.947809,23.2338,45.3741,77.4091,101.26,213.281,-6.20946,276.575,583.078,967.851,1259.84,894.732,4120.73,11606.9,51626.8,1377.44,2630.99,1778.25,596.499,510.668,456.49,149761,10131.3,15147.6,3.09808,3.2149,0,0,0.0676499,0,36.1512,39.6292,194.584,837.257,5727.55,8312.45,0.00276539,0.000363568,6,6,11,0.647059,1,3.88621,2.37207,1.51414,0.0081477,0.0653565,1471,0,0,0,0,0.001,0,0,0,0,0,0,0,0,0,0,0,0,0,0,0,0,0,0,0,0,0,0,0,0,0,0,0,0,0,0,0,0,0,0,0,0,23.2338,77.4091,20.9775,584.767,702.255,0,0.939614,-0.341372,0.0243143,1,0.0352223,0.00431196,0.680672,0.81,927.106,1179.94,1994.55,2915.76,245.685,791.898,1826.97,120.887,2908.02,202.888,115.547,-0.656621,-0.271966,-0.617307,0.350535,0,0,0,0,0,0,0,101.26,0,0.948334,0,0,276.575,967.851,0,0,894.732,4120.73,0
1691509853266868016,1444,1396,44,0.966759,17.8731,35.273,61.7065,83.8395,233.027,-3.40751,284.831,551.528,1019.47,1240.63,990.135,3794.91,10720.4,21447.6,1450.88,2106.92,2067.73,543.404,547.327,366.437,144891,7393.58,11212.4,11.1516,5.5296,0,0,0.0510286,0,24.9287,46.4193,187.157,671.672,4330.65,5951.6,0.0111872,0.00198066,3,2,10,0.833333,1,3.3549,2.31211,1.04279,0.00651306,0.134973,1396,0,0,0,0,0.001,0,0,0,0,0,0,0,0,0,0,0,0,0,0,0,0,0,0,0,0,0,0,0,0,0,0,0,0,0,0,0,0,0,0,0,0,17.8731,61.7065,22.8268,638.86,697.313,0,0.938044,-0.345674,0.0241467,0.999989,0.262568,0.134353,0.754386,0.86,953.22,1189.34,2098.52,2915.93,241.255,796.355,1885.81,118.463,2881.06,197.868,111.838,-0.312468,-0.0906638,-0.453181,-0.291667,0,0,0,0,0,0,0,83.8395,0,0.971347,0,0,284.831,1019.47,0,0,990.135,3794.91,0
1691509853365053676,1561,1486,66,0.951954,18.6994,37.9729,64.4507,83.7175,175.227,-4.99302,270.687,556.876,954.3,1192.17,937.78,4113.68,11291.7,22112.4,1594.56,2078.56,2163.55,551.03,564.097,378.355,142020,7470.18,11363.1,3.10038,3.05921,0,0,0.0525995,0,17.6028,31.7807,170.498,627.911,5041.77,5473.53,0.0072257,0.000817314,10,10,10,0.5,1,3.00418,1.89215,1.11203,0.0169546,0.207433,1486,0,0,0,0,0.001,0,0,0,0,0,0,0,0,0,0,0,0,0,0,0,0,0,0,0,0,0,0,0,0,0,0,0,0,0,0,0,0,0,0,0,0,18.6994,64.4507,21.7416,643.35,711.908,0,0.938928,-0.343027,0.0273242,0.999991,0.242328,0.111877,0.834862,0.91,951.572,1173.83,1904.05,2921.42,243.612,787.72,1733.27,107.917,2960.92,174.601,99.6241,0.187604,-0.11562,-0.898572,-0.166304,0,0,0,0,0,0,0,83.7175,0,0.973755,0,0,270.687,954.3,0,0,937.78,4113.68,0
1691509853462692193,1565,1413,130,0.902875,20.3589,42.2148,69.9445,83.585,184.484,-5.64272,280.691,512.159,943.037,1187.44,993.343,3758.39,11453.4,25781.9,1605.63,1982.96,2124.2,525.846,544.269,396.262,141519,7716.35,11486.8,44.0666,1.90954,0,0,0.0545253,0,20.9751,56.492,150.849,577.152,4306.83,6374.46,7.84517e-05,1.21432e-05,2,2,8,0.8,1,3.4586,2.32741,1.13119,0.00402553,0.255737,1413,0,0,0,0,0.001,0,0,0,0,0,0,0,0,0,0,0,0,0,0,0,0,0,0,0,0,0,0,0,0,0,0,0,0,0,0,0,0,0,0,0,0,20.3589,69.9445,18.1121,628.55,694.338,0,0.936447,-0.349858,0.0258333,0.999972,0.425087,0.0112106,0.785714,0.88,934.993,1177.25,1929.53,2919.41,244.252,811.271,1769.88,122.33,2976.16,154.61,124.342,1.36505,2.68615,-0.0152638,0.643013,0,0,0,0,0,0,0,83.585,0,0.974522,0,0,280.691,943.037,0,0,993.343,3758.39,0
1691509853559691092,1419,1322,94,0.931642,20.608,41.4512,67.0515,82.7147,194.511,-6.81921,269.158,542.18,910.975,1150.39,1021.65,4028.54,10720.1,29078.1,1856.12,1974.96,2238.57,546.242,560.118,371.86,137923,7506.06,11056.4,8.20822,7.71243,0,0,0.0544223,0,12.7332,23.0118,136.06,447.273,4309.5,6127.8,0.00400661,0.00238058,6,6,11,0.647059,1,2.90126,1.88347,1.0178,0.0145218,0.313159,1322,0,0,0,0,0.001,0,0,0,0,0,0,0,0,0,0,0,0,0,0,0,0,0,0,0,0,0,0,0,0,0,0,0,0,0,0,0,0,0,0,0,0,20.608,67.0515,19.5395,592.079,677.381,0,0.934379,-0.355222,0.0274492,0.999982,0.342186,0.0185164,0.851852,0.92,936.715,1180.69,1963.41,2923.31,252.014,817.243,1866.69,112.504,2848.52,137.193,89.4432,0.234674,0.112587,0.267534,-0.00564279,0,0,0,0,0,0,0,82.7147,0,0.97882,0,0,269.158,910.975,0,0,1021.65,4028.54,0
1691509853655904374,1479,1331,141,0.899932,18.8824,37.8674,64.315,82.1443,177.641,-6.73342,270.196,548.935,958.778,1228.53,1004.73,4095.23,10358.5,26505.2,1892.28,2140.71,2269.49,577.333,586.446,390.971,141359,7194,10752.7,9.89519,5.64276,0,0,0.0508917,0,14.5481,20.7655,159.847,497.622,4367.22,5692.72,0.00483016,0.00322179,3,3,7,0.7,1,2.54007,1.58999,0.950082,0.0066612,0.447291,1331,0,0,0,0,0.001,0,0,0,0,0,0,0,0,0,0,0,0,0,0,0,0,0,0,0,0,0,0,0,0,0,0,0,0,0,0,0,0,0,0,0,0,18.8824,64.315,22.3125,584.981,675.707,0,0.935755,-0.351691,0.0260188,0.999992,0.232109,0.00783857,0.801802,0.89,918.251,1157.99,1863.56,2918.82,252.518,814.168,1721.08,103.586,2873.44,162.153,87.5986,0.411531,0.372822,-0.172689,-0.26106,0,0,0,0,0,0,0,82.1443,0,0.977461,0,0,270.196,958.778,0,0,1004.73,4095.23,0
1691509853751828353,1377,1245,130,0.904139,21.4463,41.4464,65.0531,83.1079,137.979,-7.18176,264.613,535.369,917.219,1235.77,1035.38,3938.64,11214.5,18302.7,1868.42,2105.7,2057.41,552.951,569.542,400.472,148760,6390.88,9430.42,5.75648,5.42428,0,0,0.0429611,0,21.1114,31.4602,149.125,473,3313.78,5441.95,0.0017953,0.000855981,15,15,14,0.482759,1,3.49009,2.58074,0.909355,0.0595638,0.282457,1245,0,0,0,0,0.001,0,0,0,0,0,0,0,0,0,0,0,0,0,0,0,0,0,0,0,0,0,0,0,0,0,0,0,0,0,0,0,0,0,0,0,0,21.4463,65.0531,21.3928,564.428,702.179,0,0.936001,-0.350899,0.0277767,0.999998,0.111353,0.0596973,0.801802,0.89,937.58,1148.57,1906.13,2921.63,251.466,824.367,1819.91,106.924,2841.15,152.686,86.578,1.97957,-0.0548038,0.16165,0.0434665,0,0,0,0,0,0,0,83.1079,0,0.984739,0,0,264.613,917.219,0,0,1035.38,3938.64,0
1691509853848225755,1391,1221,167,0.877786,20.3774,40.7856,63.9099,78.9795,129.066,-4.53099,267.191,516.485,929.632,1172.94,989.594,4174.63,10765.7,26853.8,1620.1,2237.13,2109.94,548.378,531.688,356.158,148804,6534.17,9647.7,2.57284,2.07954,0,0,0.0439112,0,15.3937,19.8418,141.894,428.296,3623.96,5418.31,0.0084722,0.000528604,8,8,13,0.619048,1,2.5588,1.7034,0.855397,0.0320532,0.268378,1221,0,0,0,0,0.001,0,0,0,0,0,0,0,0,0,0,0,0,0,0,0,0,0,0,0,0,0,0,0,0,0,0,0,0,0,0,0,0,0,0,0,0,20.3774,63.9099,19.5732,570.832,717.595,0,0.936956,-0.348442,0.0264765,0.999996,0.16845,0.043505,0.818182,0.9,935.898,1150.91,1903.93,2918.02,250.648,829.71,1808.07,91.9538,2696.97,145.324,80.0043,-1.66654,-0.137005,0.69338,0.161218,0,0,0,0,0,0,0,78.9795,0,0.982801,0,0,267.191,929.632,0,0,989.594,4174.63,0
1691509853945697304,1250,1061,187,0.8488,21.2786,39.2967,73.0439,94.8344,184.07,0.361028,282.13,528.041,863.767,1072.13,1029.69,3862.49,10703.5,20763.3,1591.19,2070.86,2064.63,514.188,498.721,400.522,158006,5261.03,7747.51,1.96933,3.12133,0,0,0.0332964,0,19.0045,23.4161,99.9766,425.055,2665.3,4514.76,0.000380991,7.06373e-05,10,10,9,0.473684,1,2.4498,1.55326,0.896547,0.0467903,0.242568,1061,0,0,0,0,0.001,0,0,0,0,0,0,0,0,0,0,0,0,0,0,0,0,0,0,0,0,0,0,0,0,0,0,0,0,0,0,0,0,0,0,0,0,21.2786,73.0439,21.614,607.447,718.939,0,0.937032,-0.348439,0.0236694,0.999996,0.160896,0.0723055,0.785714,0.88,969.396,1158.54,1902.57,2911.4,247.293,840.134,1757.26,100.444,2675.42,104.357,62.5959,-0.588283,0.198834,-0.722723,-0.228599,0,0,0,0,0,0,0,94.8344,0,0.956645,0,0,282.13,863.767,0,0,1029.69,3862.49,0
1691509854043904209,1150,908,240,0.789565,18.3557,33.6831,54.5104,72.4894,185.626,4.58629,255.98,486.992,846.568,1114.34,774.837,3346.57,11202.3,17887.6,1164.63,1578.25,1669.96,466.529,482.54,346.299,139130,3394.84,5306.89,1.31203,1.38814,0,0,0.0244005,0,13.9226,20.9937,95.4285,485.465,1973.77,2717.3,0.00044349,6.22969e-05,5,5,11,0.6875,1,2.37091,1.82702,0.543884,0.0371798,0.206373,908,0,0,0,0,0.001,0,0,0,0,0,0,0,0,0,0,0,0,0,0,0,0,0,0,0,0,0,0,0,0,0,0,0,0,0,0,0,0,0,0,0,0,18.3557,54.5104,16.9354,549.067,704.998,0,0.937249,-0.347778,0.024811,0.999999,0.0765975,0.0275603,0.666667,0.8,940.061,1084.92,1902.3,2909.19,238.47,820.716,1732.26,99.7306,2595.16,96.0184,47.7154,-1.0787,0.273723,0.249327,0.0568723,0,0,0,0,0,0,0,72.4894,0,0.973568,0,0,255.98,846.568,0,0,774.837,3346.57,0
1691509854144412181,1329,954,373,0.717833,20.2809,35.1009,63.9615,99.0642,172.291,0.642685,266.567,494.38,853.678,1133.5,749.905,2803.17,9474.13,14200.8,1234.96,1434.36,1403.45,493.799,475.552,394.527,112568,2571.46,3949.56,2.63802,2.42636,0,0,0.0228436,0,10.9118,26.9961,86.2988,411.542,1155.68,2258.13,0.00223142,0.000471059,4,4,11,0.733333,1,2.6003,1.79852,0.801785,0.00178036,0.214754,954,0,0,0,0,0.001,0,0,0,0,0,0,0,0,0,0,0,0,0,0,0,0,0,0,0,0,0,0,0,0,0,0,0,0,0,0,0,0,0,0,0,0,20.2809,63.9615,14.4046,473.098,665.497,0,0.933016,-0.358749,0.0279197,0.999926,0.696907,0.0458272,0.639344,0.78,884.873,1042.84,1819.9,2918.22,238.203,803.361,1665.57,80.6786,2445.82,94.2843,53.1404,-0.104898,0.292912,0.394003,-0.379987,0,0,0,0,0,0,0,99.0642,0,0.949686,0,0,266.567,853.678,0,0,749.905,2803.17,0
1691509854226820775,1327,972,353,0.732479,22.1773,41.8959,68.6157,86.3618,214.509,-4.16068,264.221,508.286,843.203,1153.26,832.761,4195.23,9182.44,15686,1605.94,2025.2,1758.42,491.17,455.921,391.93,114931,4082.81,5833.92,4.40658,4.33749,0,0,0.035524,0,3.29549,21.0076,73.1791,405.613,1595.34,3735.49,0.0037801,0.00118289,9,8,14,0.636364,1,2.62317,1.81683,0.806334,0.0221358,0.342459,972,0,0,0,0,0.001,0,0,0,0,0,0,0,0,0,0,0,0,0,0,0,0,0,0,0,0,0,0,0,0,0,0,0,0,0,0,0,0,0,0,0,0,22.1773,68.6157,17.9828,437.026,554.992,0,0.937592,-0.347132,0.0205281,0.999895,0.831366,0.0268278,0.680672,0.81,882.907,1042.02,1703.85,2899.47,255.896,839.335,1690.89,85.7281,2590.08,85.4603,66.7252,-0.0230155,0.177526,0.244676,-0.134668,0,0,0,0,0,0,0,86.3618,0,0.971193,0,0,264.221,843.203,0,0,832.761,4195.23,0
1691509854508768198,1806,1436,303,0.795127,16.3255,30.9421,48.1605,69.9295,157.097,5.33508,218.243,369.474,639.579,886.292,583.099,1956.02,5723.17,12228.4,906.869,844.653,1104.84,341.548,370.224,207.304,58875,2045.36,3008.42,5.58512,2.93267,0,0,0.0347407,0,12.78,37.9656,55.5852,327.912,671.427,1902.75,0.0386181,0.00474021,8,8,10,0.555556,1,6.62463,5.82504,0.799595,0.079594,5.01809,1436,0,0,0,0,0.001,0,0,0,0,0,0,0,0,0,0,0,0,0,0,0,0,0,0,0,0,0,0,0,0,0,0,0,0,0,0,0,0,0,0,0,0,16.3255,48.1605,13.5627,275.181,299.257,0,0.923363,-0.382625,0.0316014,0.999208,2.2811,1.32105,0.234568,0.38,752.617,918.492,1432.48,2806.46,280.132,875.631,1567.04,51.7793,3657.59,64.6834,122.603,-0.380612,1.00901,-0.255435,-1.12866,0,0,0,0,0,0,0,69.9295,0,0.972841,0,0,218.243,639.579,0,0,583.099,1956.02,0
1691509854671920465,1878,1331,543,0.708733,16.1468,28.2379,44.7975,61.4976,154.269,4.6417,191.652,321.655,505.305,695.31,546.529,1734.43,5453.41,25078.6,850.949,666.342,1116.37,277.59,367.273,184.62,126496,1951.97,2802.09,4.74692,3.15403,0,0,0.0154311,0,10.9251,22.6664,38.6446,240.595,673.679,1815.58,0.00154289,0.000465067,8,8,8,0.5,1,2.23493,1.59974,0.635194,0.115809,4.34392,1331,0,0,0,0,0.001,0,0,0,0,0,0,0,0,0,0,0,0,0,0,0,0,0,0,0,0,0,0,0,0,0,0,0,0,0,0,0,0,0,0,0,0,16.1468,44.7975,19.8894,363.874,460.237,0,-0.934641,0.354438,-0.0286353,0.999535,1.74784,0.429072,0.298701,0.46,760.863,905.451,1322.31,3645.37,250.542,769.222,1365.18,78.8766,3360.14,44.2694,85.9345,0.428079,-0.22802,0.24344,-0.374634,0,0,0,0,0,0,0,61.4976,0,0.975958,0,0,191.652,505.305,0,0,546.529,1734.43,0
1691509854773099122,1349,1064,284,0.788732,16.2042,34.0651,68.5293,86.6636,153.407,-4.38409,250.626,488.744,855.438,1159.36,1031.34,4146.25,12383.8,37122.3,1813.19,2055.75,2562.91,520.607,528.634,324.707,167654,8015.65,11627.5,12.4298,4.09068,0,0,0.0478107,0,10.1603,14.349,106.286,250.04,4940.16,6306.46,0.000255163,7.336e-05,3,3,8,0.727273,1,2.61585,1.85698,0.758866,0.00645206,0.293939,1064,0,0,0,0,0.001,0,0,0,0,0,0,0,0,0,0,0,0,0,0,0,0,0,0,0,0,0,0,0,0,0,0,0,0,0,0,0,0,0,0,0,0,16.2042,68.5293,26.7054,646.704,755.591,0,0.937784,-0.346514,0.0221101,0.999942,0.615065,1.40636,0.226994,0.37,996.012,1201.81,1895.26,2902.67,231.85,856.52,1661.09,137.577,2979.55,108.449,60.324,-0.850185,-0.506337,0.760707,-0.141306,0,0,0,0,0,0,0,86.6636,0,0.970865,0,0,250.626,855.438,0,0,1031.34,4146.25,0
1691509854871390451,1445,1127,318,0.779931,15.8798,34.3293,64.1384,83.6812,163.283,-4.45422,249.27,488.768,828.82,1087.33,913.359,3929.43,12523.2,25669.6,1719,1432.89,2513.66,503.639,525.384,295.632,158098,6226.89,9128.62,32.907,2.70168,0,0,0.0393863,0,9.60952,14.3669,104.199,267.221,3838.9,4894.33,0.000138753,2.91378e-05,2,2,8,0.8,1,3.12448,2.38209,0.74239,0.0133724,0.179441,1127,0,0,0,0,0.001,0,0,0,0,0,0,0,0,0,0,0,0,0,0,0,0,0,0,0,0,0,0,0,0,0,0,0,0,0,0,0,0,0,0,0,0,15.8798,64.1384,25.9417,655.817,741.241,0,0.934708,-0.354447,0.0262352,0.999955,0.541769,0.0933906,0.801802,0.89,1012.98,1209.92,1902.68,2910.54,241.358,851.184,1684.93,126.958,2971.35,108.167,50.7613,1.24675,0.371936,-0.0544027,-0.356878,0,0,0,0,0,0,0,83.6812,0,0.981366,0,0,249.27,828.82,0,0,913.359,3929.43,0
1691509854968280317,1453,1103,347,0.759119,17.6085,36.8465,66.8799,83.4432,149.085,-1.81484,262.541,483.403,867.817,1084.3,992.577,3741.4,12047.8,28866.3,1589.32,1594.49,2424.17,515.924,519.007,260.662,152151,6348.08,9229.02,8.61666,8.62288,0,0,0.0417222,0,11.2128,16.3046,97.2447,325.45,3481.48,5297.32,0.0303821,0.00588915,7,7,12,0.631579,1,2.51427,1.75384,0.760423,0.0117413,0.434956,1103,0,0,0,0,0.001,0,0,0,0,0,0,0,0,0,0,0,0,0,0,0,0,0,0,0,0,0,0,0,0,0,0,0,0,0,0,0,0,0,0,0,0,17.6085,66.8799,22.7759,631.8,724.424,0,0.932808,-0.35931,0.0276603,0.999985,0.310073,0.0208426,0.886792,0.94,1019.13,1193.79,1905.15,2914.39,238.573,857.345,1756.01,107.865,2830.22,99.5727,51.1973,-0.0404017,-0.775672,-0.185021,0.736621,0,0,0,0,0,0,0,83.4432,0,0.980054,0,0,262.541,867.817,0,0,992.577,3741.4,0
1691509855063134514,1346,977,366,0.725854,16.6174,36.56,63.8988,83.1901,159.465,-4.00744,252.327,472.95,848.576,1094.86,998.492,3731.73,11908,36683.3,1583.99,1655.91,2323.63,503.878,545.666,275.797,147267,5721.93,8438.14,4.741,4.48841,0,0,0.0388541,0,9.97413,12.7285,90.7862,313.314,3484.6,4526.75,0.0176796,0.0026268,8,8,12,0.6,1,2.46734,1.80585,0.661485,0.00546062,0.443558,977,0,0,0,0,0.001,0,0,0,0,0,0,0,0,0,0,0,0,0,0,0,0,0,0,0,0,0,0,0,0,0,0,0,0,0,0,0,0,0,0,0,0,16.6174,63.8988,26.5259,595.891,712.583,0,0.932248,-0.360708,0.0283487,0.999999,0.0948915,0.0383852,0.869159,0.93,1020.63,1187.57,1819.22,2915.91,254.953,850.671,1640.17,119.479,2614.63,93.9016,40.5523,-0.672268,0.435773,0.321727,-0.479647,0,0,0,0,0,0,0,83.1901,0,0.981576,0,0,252.327,848.576,0,0,998.492,3731.73,0
1691509855157697539,1396,1007,385,0.721347,17.5014,35.4427,62.4687,79.8244,148.606,-3.52741,271.16,499.022,848.616,1117.99,994.943,4008.15,11531.2,22272.4,1570.24,1699.28,2338,482.597,478.948,350.557,141976,5252.65,7830.78,3.86922,3.86663,0,0,0.0369967,0,10.8524,24.8063,92.763,323.496,3334.09,4044.78,0.215144,0.00727431,6,5,8,0.615385,1,2.41286,1.74124,0.671621,0.0093295,0.486092,1007,0,0,0,0,0.001,0,0,0,0,0,0,0,0,0,0,0,0,0,0,0,0,0,0,0,0,0,0,0,0,0,0,0,0,0,0,0,0,0,0,0,0,17.5014,62.4687,21.7839,574.239,708.977,0,0.931954,-0.361272,0.0307356,0.999997,0.141529,0.0174125,0.769912,0.87,999.132,1187.77,1823.18,2921.1,254.173,834.373,1640.69,101.687,2537.66,93.9562,53.6557,0.613985,-0.278751,-0.608824,0.291006,0,0,0,0,0,0,0,79.8244,0,0.975174,0,0,271.16,848.616,0,0,994.943,4008.15,0
1691509855252225861,1303,982,321,0.753645,17.3183,36.1025,66.4472,83.8429,147.295,-5.38087,267.248,475.041,778.808,1041.93,997.59,3813.28,10588.7,20480.4,1385.18,1900.35,2268.46,479.048,470.925,286.851,143662,4831.85,7132.5,8.25359,7.75889,0,0,0.0336335,0,12.4007,16.5221,76.953,276.581,2883.87,3866.17,0.00225447,0.000898041,5,4,13,0.764706,1,2.16484,1.49116,0.673681,0.017176,0.504097,982,0,0,0,0,0.001,0,0,0,0,0,0,0,0,0,0,0,0,0,0,0,0,0,0,0,0,0,0,0,0,0,0,0,0,0,0,0,0,0,0,0,0,17.3183,66.4472,23.5565,555.032,696.411,0,0.930952,-0.363937,0.029637,0.999995,0.174824,0.0166758,0.801802,0.89,985.658,1194.03,1908.73,2918.84,264.572,838.236,1735.87,104.752,2586.61,77.6763,45.9801,-0.773073,-0.95239,-0.198898,0.917191,0,0,0,0,0,0,0,83.8429,0,0.974542,0,0,267.248,778.808,0,0,997.59,3813.28,0
1691509855346502914,1307,987,315,0.755164,18.5781,38.3843,69.4402,88.2691,164.129,-4.1689,263.805,498.082,789.692,1081.4,1023.38,3534.4,10991.9,145884,1360.4,1932.65,2274.29,524.626,500.245,338.737,155970,24800.1,28828.5,9.61813,12.2081,0,0,0.159006,0,17.6468,28.369,99.6929,563.418,3586.68,24532.7,0.0108447,0.00388389,5,5,8,0.615385,1,2.50662,1.7575,0.74912,0.00780728,0.351665,987,0,0,0,0,0.001,0,0,0,0,0,0,0,0,0,0,0,0,0,0,0,0,0,0,0,0,0,0,0,0,0,0,0,0,0,0,0,0,0,0,0,0,18.5781,69.4402,25.2951,559.617,726.088,0,0.933278,-0.35778,0.031395,0.999977,0.390301,0.0331346,0.818182,0.9,1018.52,1225.08,1842.85,2921.15,250.973,861.375,1705.23,103.945,2575.13,222.071,205.796,-0.457037,0.801208,0.453945,-0.921244,0,0,0,0,0,0,0,88.2691,0,0.970618,0,0,263.805,789.692,0,0,1023.38,3534.4,0
1691509855442333177,1240,914,323,0.737097,18.722,38.7266,63.7078,79.6148,150.891,-2.30622,280.917,525.432,873.53,1094.02,1166.43,3825.72,12178.4,23158.6,1489.42,2011.06,2545.25,556.73,503.376,348.024,175436,5512.7,7952.91,10.0074,1.3465,0,0,0.0314228,0,5.65881,27.159,103.85,269.729,2816.53,4729.98,0.000338539,2.3388e-05,5,4,9,0.692308,1,2.28531,1.64961,0.635705,0.045166,0.382129,914,0,0,0,0,0.001,0,0,0,0,0,0,0,0,0,0,0,0,0,0,0,0,0,0,0,0,0,0,0,0,0,0,0,0,0,0,0,0,0,0,0,0,18.722,63.7078,28.3774,598.297,748.326,0,0.934671,-0.354027,0.0324865,0.999991,0.237766,0.0170324,0.769912,0.87,1034.93,1232.72,1901.48,2922.52,247.857,853.123,1738.14,99.5621,2472.32,105.949,46.8896,-1.67771,0.778221,0.609822,-0.291299,0,0,0,0,0,0,0,79.6148,0,0.9814,0,0,280.917,873.53,0,0,1166.43,3825.72,0
1691509855540304974,1188,739,447,0.622054,21.6528,40.4981,69.4097,91.3165,157.491,3.67834,276.534,539.946,869.878,1063,1026.39,4142.63,11904.9,23130.4,1609.13,1762.87,2539.15,533.508,546.558,312.054,162203,4096.12,5955.45,3.28725,2.90026,0,0,0.0252531,0,6.35644,23.8088,82.2119,311.808,1936.13,3595.13,0.00797601,0.00065782,4,3,10,0.769231,1,2.35987,1.72954,0.630334,0.018138,0.0452995,739,0,0,0,0,0.001,0,0,0,0,0,0,0,0,0,0,0,0,0,0,0,0,0,0,0,0,0,0,0,0,0,0,0,0,0,0,0,0,0,0,0,0,21.6528,69.4097,26.095,585.811,759.094,0,0.937624,-0.346362,0.0299037,0.999963,0.493347,0.0117584,0.73913,0.85,985.838,1212.51,1893.12,2914.93,229.094,821.027,1634.47,106.282,2375.85,89.3414,28.2642,-1.37059,-0.0958469,0.93854,-0.163658,0,0,0,0,0,0,0,91.3165,0,0.964817,0,0,276.534,869.878,0,0,1026.39,4142.63,0
1691509855640808982,1573,767,806,0.487603,19.2024,32.2355,54.9119,85.1868,171.106,8.85575,293.251,497.233,793.137,991.282,864.189,2388.75,6822.34,13443.3,1031.27,1112.6,1604.79,488.485,461.36,348.29,125212,1473.84,2500.92,15.1246,3.11833,0,0,0.0117708,0,10.5425,32.7209,70.1882,386.955,912.651,1087.86,0.000119014,3.27808e-05,2,2,8,0.8,1,2.26629,1.72258,0.543706,0.00458604,0.186442,767,0,0,0,0,0.001,0,0,0,0,0,0,0,0,0,0,0,0,0,0,0,0,0,0,0,0,0,0,0,0,0,0,0,0,0,0,0,0,0,0,0,0,19.2024,54.9119,18.6424,498.488,660.869,0,0.932145,-0.360996,0.0280699,0.999876,0.901446,0.0311914,0.41844,0.59,809.547,994.419,1396.76,2216.13,221.831,743.433,1387.77,84.7715,2452.29,75.6496,33.1837,-0.280072,0.111116,0.0558226,0.218273,0,0,0,0,0,0,0,85.1868,0,0.959583,0,0,293.251,793.137,0,0,864.189,2388.75,0
1691509855743364723,1594,835,757,0.523839,20.3449,37.522,60.745,89.8021,168.145,6.2048,279.807,494.41,814.175,1166.09,837.334,2702.02,8681.05,11750.2,1324.14,1358.71,1703.49,464.444,539.207,396.606,105598,2260.35,3327.31,3.20964,3.28805,0,0,0.0214053,0,12.9555,29.8607,70.0333,354.486,763.721,2096.26,0.0569448,0.00475475,5,5,10,0.666667,1,1.79226,1.1521,0.640162,0.0190118,0.306031,835,0,0,0,0,0.001,0,0,0,0,0,0,0,0,0,0,0,0,0,0,0,0,0,0,0,0,0,0,0,0,0,0,0,0,0,0,0,0,0,0,0,0,20.3449,60.745,14.1577,473.801,650.042,0,0.930493,-0.364961,0.0314072,0.999985,0.311668,0.0782883,0.652893,0.79,850.772,1025.03,1497.46,2922.03,224.781,779.31,1437.81,82.81,2469.59,75.1603,39.026,-0.253635,0.271868,0.312765,-0.507707,0,0,0,0,0,0,0,89.8021,0,0.966467,0,0,279.807,814.175,0,0,837.334,2702.02,0
1691509855849431912,1243,841,401,0.676589,20.7302,38.309,69.3904,99.0228,175.231,3.26955,273.399,489.013,810.243,1096.93,904.789,3009.98,11439.3,26186,1521.1,1185.42,1887.83,491.596,490.526,338.72,132671,3959.22,5874.88,3.96197,4.32095,0,0,0.0298425,0,9.5493,22.9313,89.2665,341.763,2031.68,3379.69,0.0126185,0.00160089,7,6,9,0.6,1,2.47827,1.73957,0.738701,0.0107223,0.41128,841,0,0,0,0,0.001,0,0,0,0,0,0,0,0,0,0,0,0,0,0,0,0,0,0,0,0,0,0,0,0,0,0,0,0,0,0,0,0,0,0,0,0,20.7302,69.3904,18.2639,541.08,681.656,0,0.935139,-0.353126,0.0285967,0.999915,0.746051,0.0219756,0.503759,0.67,955.47,1160.39,1759.45,2913.5,247.508,828.026,1660.13,100.436,2654.02,88.6381,34.8069,0.575481,0.32304,-0.592681,-0.351136,0,0,0,0,0,0,0,99.0228,0,0.951249,0,0,273.399,810.243,0,0,904.789,3009.98,0
1691509855958088325,1322,942,379,0.712557,19.4644,35.7801,67.475,87.0008,198.342,1.24191,245.411,451.723,737.981,1049.13,846.802,2889.75,9255.49,18512.1,1327.58,1063.3,1910.68,477.246,424.709,255.71,140651,3119.28,4817.59,7.2772,3.67707,0,0,0.0221774,0,6.5321,31.1561,79.8203,356.783,1886.08,2457.22,0.000140635,6.98952e-05,4,4,8,0.666667,1,2.13903,1.4341,0.704928,0.00549349,0.524189,942,0,0,0,0,0.001,0,0,0,0,0,0,0,0,0,0,0,0,0,0,0,0,0,0,0,0,0,0,0,0,0,0,0,0,0,0,0,0,0,0,0,0,19.4644,67.475,17.7223,543.991,688.287,0,0.933853,-0.356559,0.0280066,0.999993,0.212744,0.034253,0.680672,0.81,934.652,1142.92,1540.07,2912.76,262.249,836.824,1486.65,93.64,2674.4,83.6221,40.0363,0.206157,0.029173,-0.372156,0.169331,0,0,0,0,0,0,0,87.0008,0,0.96603,0,0,245.411,737.981,0,0,846.802,2889.75,0
1691509856065641820,1270,894,374,0.703937,21.4255,40.0222,72.166,92.4029,139.861,3.54448,267.863,513.654,845.696,1150.47,922.695,3285.2,10646.2,29045.6,1555.43,1534.18,1962.69,533.802,482.21,271.334,146416,4020.24,6110.8,3.0398,3.13647,0,0,0.0274577,0,9.07479,28.4728,84.6374,479.939,2141.49,3367.19,0.000446571,7.09997e-05,6,5,9,0.642857,1,2.24312,1.50643,0.736694,0.0272693,0.269079,894,0,0,0,0,0.001,0,0,0,0,0,0,0,0,0,0,0,0,0,0,0,0,0,0,0,0,0,0,0,0,0,0,0,0,0,0,0,0,0,0,0,0,21.4255,72.166,19.8559,547.491,710.653,0,0.933392,-0.357631,0.0296465,0.999998,0.11533,0.00194982,0.709402,0.83,920.331,1122.54,1529.21,2916.37,254.955,823.633,1468.82,100.763,2815.17,90.7969,39.8656,-0.787078,-0.189715,0.697731,0.119335,0,0,0,0,0,0,0,92.4029,0,0.963087,0,0,267.863,845.696,0,0,922.695,3285.2,0
1691509856170541052,1350,1000,350,0.740741,22.1141,39.0912,75.034,92.0107,198.801,3.51566,238.57,463.072,816.913,1042.81,802.015,3019.03,11130.2,26047.9,1276.36,1364.51,1908.33,496.873,420.043,286.774,172701,4768.87,6944.63,4.02619,3.25811,0,0,0.0276135,0,10.152,27.5111,89.3322,426.121,2164.76,4226.76,0.00294772,0.00042111,4,3,11,0.785714,1,2.63245,1.72762,0.904832,0.0157787,0.274,1000,0,0,0,0,0.001,0,0,0,0,0,0,0,0,0,0,0,0,0,0,0,0,0,0,0,0,0,0,0,0,0,0,0,0,0,0,0,0,0,0,0,0,22.1141,75.034,19.8027,578.958,753.239,0,0.935383,-0.352331,0.0303552,0.999984,0.326943,0.0409907,0.639344,0.78,911.995,1078.2,1821.23,2916.78,247.85,807.838,1578.58,104.734,2844.79,93.0139,45.5918,-1.58715,0.05795,1.02694,-0.178399,0,0,0,0,0,0,0,92.0107,0,0.957,0,0,238.57,816.913,0,0,802.015,3019.03,0
1691509856272875352,1365,1065,300,0.78022,19.1504,37.0039,63.6837,92.2897,190.202,5.76148,246.495,454.966,797.987,993.572,882.553,3339.3,10465.5,37469.8,1328.28,1196.7,2252.41,427.603,477.164,236.748,162611,6071.06,8364.54,16.9079,3.65161,0,0,0.037335,0,6.39106,19.7737,85.6849,298.591,2375.96,5578.14,0.000119808,2.09326e-05,2,2,8,0.8,1,2.51388,1.6584,0.855483,0.00488837,0.34534,1065,0,0,0,0,0.001,0,0,0,0,0,0,0,0,0,0,0,0,0,0,0,0,0,0,0,0,0,0,0,0,0,0,0,0,0,0,0,0,0,0,0,0,19.1504,63.6837,17.9889,616.621,744.39,0,0.934443,-0.354997,0.0281759,0.999994,0.204539,0.0427066,0.612903,0.76,938.267,1156.3,1817.82,2912.59,238.626,815.186,1562.72,97.7204,2801.08,86.7779,28.1803,-0.662912,-0.159593,0.336409,0.125824,0,0,0,0,0,0,0,92.2897,0,0.956808,0,0,246.495,797.987,0,0,882.553,3339.3,0
1691509856372616379,1374,1116,257,0.812227,16.2092,29.6351,54.3564,77.9764,196.797,3.83177,242.119,446.922,704.63,907.693,913.575,3087.13,8582.48,21833.2,1461.1,971.863,2321.58,414.141,493.413,221.004,164258,4227.05,6223.67,1.81823,2.23944,0,0,0.0257343,0,5.21313,24.0557,75.0328,261.506,2364.96,3492.89,0.00248363,0.000158536,6,6,8,0.571429,1,2.08414,1.47442,0.609722,0.0128306,0.315722,1116,0,0,0,0,0.001,0,0,0,0,0,0,0,0,0,0,0,0,0,0,0,0,0,0,0,0,0,0,0,0,0,0,0,0,0,0,0,0,0,0,0,0,16.2092,54.3564,20.5829,635.498,756.919,0,0.933243,-0.358104,0.0286208,0.999994,0.192512,0.0496422,0.769912,0.87,942.8,1155.45,1636.93,2914.11,246.297,811.65,1520.16,91.2548,2772.21,76.3819,34.3114,-1.46236,0.323112,1.35278,-0.313224,0,0,0,0,0,0,0,77.9764,0,0.982975,0,0,242.119,704.63,0,0,913.575,3087.13,0
1691509856471247785,1441,1211,228,0.840389,15.7706,31.3801,57.5137,72.116,146.825,-0.539336,249.014,461.602,781.271,1022.13,908.615,3520.95,10797.1,17810.6,1558.14,1280.28,2499.92,480.8,511.092,247.043,168739,5573.11,8026.73,31.625,5.74122,0,0,0.0330279,0,10.6292,23.8056,95.175,337.743,2692.58,4866.8,0.000108191,3.19535e-05,2,2,8,0.8,1,2.14434,1.48104,0.6633,0.00745414,0.185224,1211,0,0,0,0,0.001,0,0,0,0,0,0,0,0,0,0,0,0,0,0,0,0,0,0,0,0,0,0,0,0,0,0,0,0,0,0,0,0,0,0,0,0,15.7706,57.5137,22.0787,644.105,749.816,0,0.932028,-0.360965,0.0320525,0.999989,0.265266,0.0308797,0.785714,0.88,961.883,1155.59,1720.27,2922.06,244.399,811.199,1535.61,98.4804,2741.92,96.2935,43.9685,-0.411851,0.471035,0.981571,0.436055,0,0,0,0,0,0,0,72.116,0,0.985136,0,0,249.014,781.271,0,0,908.615,3520.95,0
1691509856568033452,1317,1077,240,0.817768,14.4809,29.9225,57.7612,75.8411,123.369,-3.78309,252.717,494.13,863.319,1119.39,1008.73,3919.43,10955.6,46462.1,1670.27,1440.75,2693.67,515.234,543.377,262.814,159095,8070.68,11201.2,5.84228,5.86868,0,0,0.0507287,0,13.0295,26.7641,93.5016,398.83,3328.02,7341.08,0.0377958,0.00342498,10,9,15,0.625,1,1.91487,1.35001,0.564859,0.0233148,0.267866,1077,0,0,0,0,0.001,0,0,0,0,0,0,0,0,0,0,0,0,0,0,0,0,0,0,0,0,0,0,0,0,0,0,0,0,0,0,0,0,0,0,0,0,14.4809,57.7612,19.9061,617.256,755.838,0,0.930713,-0.36439,0.0315249,0.999993,0.212375,0.0540282,0.801802,0.89,976.982,1164.13,1653.26,2921.62,247.531,826.151,1542.68,86.827,2665.51,96.8474,48.566,-0.572612,-0.370987,0.834093,0.399527,0,0,0,0,0,0,0,75.8411,0,0.987001,0,0,252.717,863.319,0,0,1008.73,3919.43,0
1691509856663466425,1314,1103,210,0.839422,15.0893,29.4138,54.1396,75.2073,158.103,-2.67369,266.025,488.95,839.453,1133.9,1023.39,4053.1,11604.6,22701.6,1567.23,1687.07,2677.89,518.568,539.285,268.639,151657,6593.05,9367.14,2.16468,2.00623,0,0,0.0434736,0,17.5982,28.6332,87.5881,360.013,3029.15,5844.15,0.00687442,0.000935391,5,4,12,0.75,1,1.87627,1.2994,0.57687,0.00478554,0.510184,1103,0,0,0,0,0.001,0,0,0,0,0,0,0,0,0,0,0,0,0,0,0,0,0,0,0,0,0,0,0,0,0,0,0,0,0,0,0,0,0,0,0,0,15.0893,54.1396,22.0447,602.764,709.192,0,0.930615,-0.36463,0.031636,1,0.0162073,0.00826843,0.801802,0.89,944.472,1145.75,1720.11,2921.7,254.6,832.605,1543.2,88.5022,2593.66,89.2252,58.4752,-0.611456,-0.304772,0.307181,0.290298,0,0,0,0,0,0,0,75.2073,0,0.988214,0,0,266.025,839.453,0,0,1023.39,4053.1,0
1691509856758081121,1273,1057,215,0.830322,14.6053,27.7517,53.8031,73.9666,142.136,-2.34046,255.278,465.276,834.749,1072.72,976.728,3607.63,11823.8,27559.2,1409.77,1710.97,2345.77,523.632,541.829,231.099,149767,6347.96,9093.16,2.58278,2.29175,0,0,0.0423855,0,8.49704,18.4355,82.802,275.318,3282.17,5425.95,0.0775359,0.0015142,3,3,7,0.7,1,1.80581,1.28291,0.522903,0.00416169,0.384508,1057,0,0,0,0,0.001,0,0,0,0,0,0,0,0,0,0,0,0,0,0,0,0,0,0,0,0,0,0,0,0,0,0,0,0,0,0,0,0,0,0,0,0,14.6053,53.8031,20.362,589.965,723.673,0,0.93018,-0.365772,0.0312324,0.999999,0.07371,0.0174407,0.785714,0.88,942.275,1132.3,1614.6,2921.06,258.174,823.624,1498.72,76.1573,2488.57,85.3175,37.5688,-0.599725,0.401838,0.501597,-0.223959,0,0,0,0,0,0,0,73.9666,0,0.988647,0,0,255.278,834.749,0,0,976.728,3607.63,0
1691509856852899252,1389,1182,207,0.850972,15.4161,29.8304,51.2217,71.8834,149.073,-1.16382,248.998,460.253,817.219,1091.52,888.549,3480.98,9778.11,22161.6,1408.2,1705.72,2301.57,513.398,494.44,274.17,159325,5762.86,8157.22,5.98653,6.02342,0,0,0.0361704,0,9.02425,40.8936,94.1407,384.201,2408.81,5220.15,0.073303,0.00460792,5,4,10,0.714286,1,1.97949,1.38964,0.589845,0.00312901,0.479641,1182,0,0,0,0,0.001,0,0,0,0,0,0,0,0,0,0,0,0,0,0,0,0,0,0,0,0,0,0,0,0,0,0,0,0,0,0,0,0,0,0,0,0,15.4161,51.2217,22.261,560.331,721.408,0,0.930685,-0.364314,0.0331644,0.999997,0.141668,0.0194912,0.769912,0.87,933.593,1105.69,1721.94,2924.93,255.911,823.239,1553.39,78.188,2436.37,96.8566,53.4372,-0.614422,-0.141097,0.587969,0.180916,0,0,0,0,0,0,0,71.8834,0,0.988156,0,0,248.998,817.219,0,0,888.549,3480.98,0
1691509856911814762,2092,1254,834,0.599426,13.4375,23.5924,35.873,42.2222,82.78,9.08045,224.304,353.625,536.388,708.532,573.877,1701.11,4206.4,6953.97,548.488,552.606,1279.01,349.62,363.226,151.754,77111.1,1172.86,1647.4,1.90363,0.86,0,0,0.01521,0,7.25553,12.5938,52.8121,150.022,302.984,1121.73,0.00196746,0.000267804,6,6,8,0.571429,1,0.986527,0.700174,0.286352,0.0270147,0.383449,1254,0,0,0,0,0.001,0,0,0,0,0,0,0,0,0,0,0,0,0,0,0,0,0,0,0,0,0,0,0,0,0,0,0,0,0,0,0,0,0,0,0,0,13.4375,35.873,11.9134,309.928,352.159,0,0.923735,-0.381698,0.0319552,0.999824,1.07494,0.0286874,0.123596,0.22,700.238,790.744,992.796,1135.54,288.277,739.384,1022.93,62.8993,2312.33,58.4582,30.9446,-0.0328781,-0.152798,0.0792007,0.0921993,0,0,0,0,0,0,0,42.2222,0,1,0,0,224.304,536.388,0,0,573.877,1701.11,0
1691509857040953877,625,624,0,0.9984,51.8001,108.939,122.166,127.497,171.392,38.4928,69.7599,147.059,327.955,566.967,191.203,1645.14,8243.45,14787.4,581.003,890.685,868.555,181.394,201.531,112.524,48546.5,1374.2,1768.26,1.68565,2.00701,0,0,0.028307,0,0.551706,1.81637,10.318,19.9356,430.952,1304.69,0.0013526,0.000511523,12,12,9,0.428571,1,1.92876,0.188138,1.74062,0.10666,1.84196,624,0,0,0,0,0.001,0,0,0,0,0,0,0,0,0,0,0,0,0,0,0,0,0,0,0,0,0,0,0,0,0,0,0,0,0,0,0,0,0,0.116987,31.2052,125.661,53.2975,122.104,1.12569,62.8087,91.0656,0,0.929313,-0.368307,0.026948,0.999882,0.879273,0.0207827,0,0,176.588,414.51,1251.37,2912.3,203.072,1077.54,1717.93,10.9391,641.477,16.9419,11.4282,-0.00577438,0.101996,-0.0491379,-0.0945714,0,0,0,0,0,0.1168,126.881,128.304,0.739726,0.715064,89.3396,239.727,66.9578,354.492,121.243,320.956,217.019,1763.88,0.00161163
1691509857144725918,1716,1179,533,0.687063,18.4417,33.6301,49.2651,62.3574,139.521,9.87292,217.333,402.761,638.483,934.105,615.054,2129.37,6278.47,21822.3,871.517,808.304,1361.63,378.942,392.084,252.624,143806,1998.38,3314.76,5.50452,6.10091,0,0,0.0138963,0,9.65964,47.5304,78.3983,561.932,959.13,1658.11,0.00842648,0.000934737,9,8,12,0.6,1,1.89864,1.29711,0.601532,0.0290174,0.87572,1179,0,0,0,0,0.001,0,0,0,0,0,0,0,0,0,0,0,0,0,0,0,0,0,0,0,0,0,0,0,0,0,0,0,0,0,0,0,0,0,0,0,0,18.4417,49.2651,19.9659,522.135,633.899,0,0.932426,-0.360127,0.0298377,0.999958,0.528124,0.0569574,0.0471204,0.09,786.601,919.93,1271.43,2377.63,224.338,723.556,1244.81,76.2999,2381.34,82.8407,53.0224,-0.626269,-0.0863921,1.82926,0.063834,0,0,0,0,0,0,0,62.3574,0,0.988126,0,0,217.333,638.483,0,0,615.054,2129.37,0
1691509857243417253,1687,1133,552,0.671606,15.9328,28.9197,47.1205,68.5017,144.845,6.79629,207.133,368.051,600.697,888.87,540.73,1860.33,4487.25,23590.8,764.493,634.789,1279.9,355.533,374.104,203.015,116022,1504,2225.25,2.39693,2.40882,0,0,0.0129631,0,9.94811,31.6701,62.4197,282.976,425.463,1412.78,0.211304,0.0129839,8,8,10,0.555556,1,1.64738,1.06384,0.583534,0.046409,0.247966,1133,0,0,0,0,0.001,0,0,0,0,0,0,0,0,0,0,0,0,0,0,0,0,0,0,0,0,0,0,0,0,0,0,0,0,0,0,0,0,0,0,0,0,15.9328,47.1205,12.1162,458.529,662.355,0,0.928892,-0.369003,0.0315613,0.999953,0.556252,0.0884604,0.587302,0.74,804.875,898.188,1370.66,2922.26,229.591,749.869,1269.95,63.266,2242.88,73.568,32.1634,-0.568094,0.0664242,0.648223,-0.0655792,0,0,0,0,0,0,0,68.5017,0,0.975287,0,0,207.133,600.697,0,0,540.73,1860.33,0
1691509857346936995,1589,1140,449,0.717432,16.1535,33.956,57.9133,77.5338,154.568,2.8508,232.82,436.976,692.818,997.555,716.062,2706.98,11137.1,24284.4,1223.68,1211.07,1783.87,390.419,460.661,263.461,125357,4362.63,6294.79,9.19231,6.34703,0,0,0.0348017,0,11.6476,39.1831,73.8611,435.289,1773.81,3961,0.00207915,0.000850704,4,3,10,0.769231,1,1.90509,1.18343,0.72166,0.00203902,0.222633,1140,0,0,0,0,0.001,0,0,0,0,0,0,0,0,0,0,0,0,0,0,0,0,0,0,0,0,0,0,0,0,0,0,0,0,0,0,0,0,0,0,0,0,16.1535,57.9133,13.5838,492.847,693.569,0,0.929617,-0.366827,0.0353607,0.99999,0.254285,0.0395553,0.587302,0.74,846.661,962.816,1397.32,2930.02,249.018,777.491,1377.05,67.6643,2498.04,77.6033,46.9912,0.210428,-0.325452,0.611103,-0.30616,0,0,0,0,0,0,0,77.5338,0,0.972807,0,0,232.82,692.818,0,0,716.062,2706.98,0
1691509857452823025,1487,1158,329,0.778749,15.7923,30.6997,52.8536,70.395,138.452,2.02923,217.752,424.349,699.349,936.005,749.014,2764.08,8430.88,15875.9,1264.95,943.859,1929.38,405.318,432.125,222.395,141683,3115.58,4628.32,3.30464,3.21513,0,0,0.0219898,0,9.42162,40.1486,73.7285,383.009,1333.85,2788.16,0.024937,0.00230493,5,5,11,0.6875,1,2.09034,1.50299,0.587355,0.0123999,0.433659,1158,0,0,0,0,0.001,0,0,0,0,0,0,0,0,0,0,0,0,0,0,0,0,0,0,0,0,0,0,0,0,0,0,0,0,0,0,0,0,0,0,0,0,15.7923,52.8536,16.0886,538.005,707.906,0,0.929489,-0.367324,0.0335112,0.999998,0.109962,0.00593648,0.587302,0.74,878.242,1019.05,1396.02,2926.15,252.769,786.674,1346.54,73.2071,2474.27,75.7259,41.2497,-0.16788,-0.174052,0.48158,0.185249,0,0,0,0,0,0,0,70.395,0,0.987047,0,0,217.752,699.349,0,0,749.014,2764.08,0
1691509857560709682,1501,1194,307,0.79547,15.1704,28.8254,47.0575,63.5708,142.843,4.43183,225.097,412.477,615.508,827.04,760.389,2584.01,10809.7,32011.3,1129.75,1121.86,1685.47,377.493,421.195,230.43,148948,4871.91,6714.24,3.21829,2.72416,0,0,0.0327087,0,15.6719,32.533,69.1052,367.815,1666.6,4562.52,0.0384415,0.00560094,5,4,8,0.666667,1,1.86971,1.34772,0.521992,0.0192204,0.446583,1194,0,0,0,0,0.001,0,0,0,0,0,0,0,0,0,0,0,0,0,0,0,0,0,0,0,0,0,0,0,0,0,0,0,0,0,0,0,0,0,0,0,0,15.1704,47.0575,12.4428,517.59,692.967,0,0.928621,-0.369526,0.0333699,0.999997,0.13586,0.0482466,0.694915,0.82,877.477,1010.39,1389.58,2926.22,272.204,786.271,1318.21,74.6917,2480.08,72.2481,35.9723,0.0181095,0.0861718,-0.0145718,-0.110625,0,0,0,0,0,0,0,63.5708,0,0.992462,0,0,225.097,615.508,0,0,760.389,2584.01,0
1691509857666775771,1462,1138,323,0.778386,15.9011,29.8443,50.0535,74.9971,198.185,2.8382,229.512,440.59,705.974,920.84,727.399,2631.12,9024.43,28485.2,1233.53,1140.38,1776.86,422.272,438.322,253.228,152883,3635.52,5421.6,5.97429,5.95418,0,0,0.0237798,0,16.4771,39.7879,74.1014,408.475,1692.31,3190.44,0.0135625,0.00396854,7,6,15,0.714286,1,2.10969,1.47952,0.630173,0.00475681,0.279342,1138,0,0,0,0,0.001,0,0,0,0,0,0,0,0,0,0,0,0,0,0,0,0,0,0,0,0,0,0,0,0,0,0,0,0,0,0,0,0,0,0,0,0,15.9011,50.0535,14.0997,512.742,720.158,0,0.930103,-0.365738,0.0338248,0.999992,0.234494,0.0223513,0.709402,0.83,864.557,1007.71,1410.13,2926.55,259.468,789.957,1398.4,71.8354,2468.63,78.5914,44.704,0.17913,-0.349313,-0.0604218,0.344784,0,0,0,0,0,0,0,74.9971,0,0.976274,0,0,229.512,705.974,0,0,727.399,2631.12,0
1691509857771283134,1624,1236,387,0.761084,16.5353,29.504,54.3303,75.2015,146.444,-0.662433,228.605,426.543,700.54,934.757,663.755,2311.54,7436.18,15623.3,990.43,1113.33,1473.91,418.913,402.239,273.624,167713,2659.74,4230.48,4.18075,4.70292,0,0,0.0158589,0,23.1243,45.8622,88.617,438.167,1452.53,2182.18,0.00132926,0.000601615,6,5,12,0.705882,1,2.62391,1.9422,0.681707,0.0267785,0.50844,1236,0,0,0,0,0.001,0,0,0,0,0,0,0,0,0,0,0,0,0,0,0,0,0,0,0,0,0,0,0,0,0,0,0,0,0,0,0,0,0,0,0,0,16.5353,54.3303,14.2793,549.807,730.914,0,0.930228,-0.365574,0.0321231,0.999999,0.0982083,0.0423102,0.639344,0.78,853.831,985.701,1399.04,2922.88,248.778,768.402,1384.27,72.0861,2486.82,94.3644,51.912,-0.570638,-0.075014,0.424638,-0.0372146,0,0,0,0,0,0,0,75.2015,0,0.98301,0,0,228.605,700.54,0,0,663.755,2311.54,0
1691509857784472492,864,863,1,0.998843,22.0713,62.4351,111.621,124.716,173.421,4.57379,70.2306,126.076,294.612,526.514,183.971,1164.82,7182.27,17804.7,414.199,649.425,548.996,131.245,136.968,126.918,51971.7,1474.26,1972.68,4.70348,5.87685,0,0,0.0283666,0,1.20839,3.08685,9.77656,41.7903,549.446,1367.37,0.00246799,0.00108788,5,5,11,0.6875,1,1.60281,0.265171,1.33764,0.00712508,0.556537,863,0,0,0,0,0.001,0,0,0,0,0,0,0,0,0,0,0,0,0,0,0,0,0,0,0,0,0,0,0,0,0,0,0,0,0,0,0,0,0,0.0973349,15.5774,122.107,23.3541,110.887,2.67641,98.3062,135.017,0,0.936551,-0.349811,0.022477,0.999809,1.11912,0.254912,0.0526316,0.1,203.937,309.295,862.952,1522.6,171.866,519.136,1342.76,19.3474,1035.4,11.4624,16.8169,-0.364893,1.49843,0.0917035,-0.308269,0,0,0,0,0,0.0972222,125.156,124.238,0.857143,0.869063,70.8532,137.863,69.6162,325.05,99.4807,185.275,206.976,1293.88,0.000631998
1691509857972953083,1340,1154,186,0.861194,15.7088,29.8736,52.1649,67.1773,118.863,-1.66,212.496,395.678,652.879,919.462,741.14,2813.43,10283.3,15984.9,1461.88,697.672,1986.96,366.418,444.728,216.63,147179,4152.23,5877.68,3.21495,3.16559,0,0,0.0282122,0,3.97403,24.2462,65.9121,243.516,1813.26,3726.77,0.0294451,0.00274611,9,9,11,0.55,1,1.87286,1.33922,0.533641,0.000492414,0.58114,1154,0,0,0,0,0.001,0,0,0,0,0,0,0,0,0,0,0,0,0,0,0,0,0,0,0,0,0,0,0,0,0,0,0,0,0,0,0,0,0,0,0,0,15.7088,52.1649,12.1136,459.773,543.114,0,0.932227,-0.360774,0.0282037,0.999914,0.750705,0.0933398,0.0638298,0.12,846.75,1002.69,1399.77,2913.5,243.407,807.234,1399.03,58.2952,2235.77,67.1401,36.2249,-0.790155,-0.143351,0.523853,0.112069,0,0,0,0,0,0,0,67.1773,0,0.994801,0,0,212.496,652.879,0,0,741.14,2813.43,0
1691509858068440685,1485,1124,358,0.756902,16.2249,31.0507,50.5146,66.0048,168.839,-4.91006,244.73,464.362,739.53,986.198,880.548,3124.09,10028.9,16208.3,1526.62,891.834,2148.7,464.777,492.152,277.193,150424,4209.22,5899.18,4.31101,4.1854,0,0,0.0279823,0,23.0212,37.7769,82.5593,327.008,1517.37,3911.44,0.00985754,0.00168117,7,6,9,0.6,1,2.11041,1.5751,0.535314,0.0135973,0.663922,1124,0,0,0,0,0.001,0,0,0,0,0,0,0,0,0,0,0,0,0,0,0,0,0,0,0,0,0,0,0,0,0,0,0,0,0,0,0,0,0,0.00622776,12.8842,49.9785,16.2849,50.4924,23.4463,589.704,691.85,0,0.929199,-0.368237,0.0314825,0.999962,0.498227,0.0600626,0.481481,0.65,906.269,1070.75,1472.76,2355.19,242.316,811.347,1393.2,69.6826,2609.53,86.7797,50.4521,-0.492739,0.0505448,0.555864,-0.0759105,0,0,0,0,0,0.0047138,58.7014,65.5465,1,0.993733,89.7706,514.182,244.91,742.827,161.099,910.515,880.984,3130.64,0.000301903
1691509858163113271,1431,1046,384,0.730957,15.537,29.1689,46.8669,65.1435,117.361,-2.8206,260.025,482.996,800.854,1057.98,887.132,3092.11,10698.5,23494.5,1408.14,998.985,2209.47,523.717,497.594,330.453,140103,4432.05,6460.04,4.08026,4.65707,0,0,0.0316342,0,24.6263,41.4787,88.2791,343.594,2047.82,3914.25,0.0234339,0.00289531,7,6,12,0.666667,1,1.57121,1.12745,0.443761,0.0114349,0.488038,1046,0,0,0,0,0.001,0,0,0,0,0,0,0,0,0,0,0,0,0,0,0,0,0,0,0,0,0,0,0,0,0,0,0,0,0,0,0,0,0,0.0152964,5.44572,21.1029,15.8872,47.0258,21.2577,591.92,714.822,0,0.928511,-0.370078,0.0301727,0.999997,0.135311,0.0741953,0.769912,0.87,902.201,1053.92,1386.94,2302.1,244.099,787.439,1317.11,68.293,2306.36,92.7919,54.0036,-0.329729,-0.247232,0.826319,0.34683,0,0,0,0,0,0.011181,30.5789,65.3064,1,0.996117,75.1582,529.878,263.784,801.349,132.646,925.279,910.201,3107.1,0.000724397
1691509858257967544,1495,1116,379,0.746488,17.0817,29.9642,48.2771,63.3708,120.387,-0.12215,269.4,506.294,794.97,1033.23,905.294,3141.47,10579.8,21668.6,1534.4,1057,2184.46,480.88,490.096,392.534,149873,4459.96,6643.19,4.41456,4.35023,0,0,0.0297582,0,28.0811,53.7111,84.9712,421.301,2199.73,3855.4,0.0106173,0.001269,14,13,11,0.458333,1,1.82543,1.33114,0.494294,0.00572369,0.406099,1116,0,0,0,0,0.001,0,0,0,0,0,0,0,0,0,0,0,0,0,0,0,0,0,0,0,0,0,0,0,0,0,0,0,0,0,0,0,0,0,0.00716846,1.48258,4.18262,17.2349,48.3072,20.1552,576.98,726.864,0,0.929028,-0.368673,0.0314271,0.999998,0.111875,0.0075642,0.801802,0.89,901.841,1028.66,1354.69,2106.59,254.247,797.806,1274.65,73.2223,2269.02,89.5538,70.43,-0.248793,0.35894,0.572895,-0.32272,0,0,0,0,0,0.00535117,4.50426,63.745,1,0.99639,86.6637,271.767,272.968,796.235,152.382,473.003,911.424,3144.24,0.000178424
1691509858352872609,1323,1034,288,0.781557,16.8822,31.9243,50.6442,69.9275,141.891,-4.24877,265.4,487.01,747.858,1022.47,893.814,3121.4,10913.6,21058.3,1552.73,1187.59,2173.46,487.253,469.618,361.962,165897,4512.82,6551.75,1.74833,4.14154,0,0,0.0272026,0,22.2558,54.6178,79.9923,373.116,1989.7,4032.06,0.012418,0.00184793,4,3,10,0.769231,1,1.77949,1.24673,0.532755,0.00779701,0.395947,1034,0,0,0,0,0.001,0,0,0,0,0,0,0,0,0,0,0,0,0,0,0,0,0,0,0,0,0,0,0,0,0,0,0,0,0,0,0,0,0,0,0,0,16.8822,50.6442,23.0571,552.409,742.534,0,0.931814,-0.361589,0.0312273,0.999971,0.436302,0.032412,0.666667,0.8,932.657,1067.46,1406.38,2920.26,251.34,819.081,1381.05,68.0127,2080.3,86.0671,64.2433,-0.584499,0.0454921,0.26807,-0.241775,0,0,0,0,0,0,0,69.9275,0,0.988395,0,0,265.4,747.858,0,0,893.814,3121.4,0
1691509858448674104,1445,1153,291,0.797924,15.4384,29.4465,47.2456,62.6417,115.88,-0.189771,261.421,474.276,780.515,981.501,844.756,3011.05,10304.3,24132.4,1558.63,1289.85,1907.38,457.274,480.77,378.754,172328,4372.1,6403.82,44.5504,5.15096,0,0,0.0253708,0,22.5944,46.6507,90.2498,427.442,1907.53,3909.35,9.16167e-05,2.93205e-05,2,2,8,0.8,1,1.91267,1.44195,0.47072,0.00781236,0.241245,1153,0,0,0,0,0.001,0,0,0,0,0,0,0,0,0,0,0,0,0,0,0,0,0,0,0,0,0,0,0,0,0,0,0,0,0,0,0,0,0,0,0,0,15.4384,47.2456,20.5045,551.22,768.276,0,0.930229,-0.365316,0.0348941,0.999985,0.313027,0.0540721,0.724138,0.84,912.01,1070.7,1396.95,2928.69,245.372,803.358,1375.05,78.3894,2109.7,93.3007,55.2807,-0.579543,-0.132656,0.615358,-0.645703,0,0,0,0,0,0,0,62.6417,0,0.996531,0,0,261.421,780.515,0,0,844.756,3011.05,0
1691509858545872980,1525,1161,362,0.761311,16.1564,30.7912,46.7573,63.407,140.906,2.99017,235.615,457.231,744.642,926.346,660.286,2309.92,6870.1,27395.2,1303.13,968.251,1424.53,445.803,421.124,330.379,172972,3388.16,5329.38,8.42099,4.15385,0,0,0.0195879,0,24.4096,48.1684,92.198,421.549,2226.26,2516.8,0.00043319,8.52436e-05,4,4,8,0.666667,1,2.0819,1.56164,0.520254,0.0063457,0.336351,1161,0,0,0,0,0.001,0,0,0,0,0,0,0,0,0,0,0,0,0,0,0,0,0,0,0,0,0,0,0,0,0,0,0,0,0,0,0,0,0,0,0,0,16.1564,46.7573,21.764,569.048,761.188,0,0.934224,-0.355002,0.0346395,0.999939,0.63392,0.0384207,0.639344,0.78,897.501,1061.15,1403.73,2371.89,231.832,783.699,1351.27,84.9959,2239.65,95.8177,55.3992,-1.12272,0.000212679,1.08722,-0.324149,0,0,0,0,0,0,0,63.407,0,0.990525,0,0,235.615,744.642,0,0,660.286,2309.92,0
1691509858644080250,2333,1599,734,0.685384,14.8044,27.3669,42.1908,54.7185,135.832,5.38951,238.191,431.479,696.96,910.31,603.269,1911.88,4306.86,9118.76,1032.47,809.873,1140.58,410.193,386.623,342.611,127033,1369.42,2433.46,4.78188,4.92771,0,0,0.01078,0,29.7333,69.0863,112.24,366.395,913.446,942.558,0.00943545,0.00119427,7,7,10,0.588235,1,1.84594,1.25544,0.590508,0.0129752,0.428429,1599,0,0,0,0,0.001,0,0,0,0,0,0,0,0,0,0,0,0,0,0,0,0,0,0,0,0,0,0,0,0,0,0,0,0,0,0,0,0,0,0,0,0,14.8044,42.1908,17.1677,513.365,660.467,0,0.925554,-0.377053,0.0343493,0.999719,1.35773,0.05662,0.41844,0.59,806.539,934.704,1309.85,1699.16,211.728,747.025,1229.54,57.0965,2249.1,123.416,71.0022,-0.422988,0.402864,0.920708,-0.448759,0,0,0,0,0,0,0,54.7185,0,0.991245,0,0,238.191,696.96,0,0,603.269,1911.88,0
1691509858744152536,2242,1520,721,0.677966,13.8599,25.9237,40.3165,50.4254,135.512,3.96552,232.352,405.621,707.057,967.656,593.224,1939.2,4444.24,10500.4,886.073,819.23,1134.49,388.118,383.466,314.303,82319.9,1391.67,2472.54,22.0635,1.43591,0,0,0.0169056,0,32.7708,74.854,97.5205,430.094,764.162,1073.14,2.41219e-05,1.95156e-05,2,2,8,0.8,1,1.98811,1.49925,0.488861,0.0151739,0.407711,1520,0,0,0,0,0.001,0,0,0,0,0,0,0,0,0,0,0,0,0,0,0,0,0,0,0,0,0,0,0,0,0,0,0,0,0,0,0,0,0,0,0,0,13.8599,40.3165,15.3317,441.28,542.388,0,0.923695,-0.381357,0.0368019,0.999986,0.303137,0.0422903,0.680672,0.81,794.217,932.412,1281.67,2935.21,251.365,769.201,1280.61,65.2191,2678.35,106.189,81.815,-0.0342247,-2.32431,-0.0771773,-0.0384287,0,0,0,0,0,0,0,50.4254,0,0.994079,0,0,232.352,707.057,0,0,593.224,1939.2,0
1691509858847143602,1966,1357,607,0.690234,15.9933,29.9047,45.3634,56.8938,140.144,0.78111,247.328,447.32,808.524,1049.14,673.51,2287.85,5803.56,17367,1099.85,1021.82,1468.86,400.726,425.488,420.318,105800,2657.45,4150.66,2.37304,2.33944,0,0,0.0251177,0,23.0689,67.3982,96.8774,570.928,1000.68,2391.71,4.57764,0.00225756,5,4,6,0.6,1,1.54059,1.01396,0.526632,0.017259,0.484828,1357,0,0,0,0,0.001,0,0,0,0,0,0,0,0,0,0,0,0,0,0,0,0,0,0,0,0,0,0,0,0,0,0,0,0,0,0,0,0,0,0,0,0,15.9933,45.3634,12.5245,472.583,582.893,0,0.925619,-0.376772,0.0356645,0.999987,0.292216,0.0153819,0.5625,0.72,825.07,981.176,1349.7,1897.22,257.517,784.667,1302.07,60.2285,2627.26,109.843,93.0401,-0.263421,-0.0711771,0.26166,0.0738231,0,0,0,0,0,0,0,56.8938,0,0.995578,0,0,247.328,808.524,0,0,673.51,2287.85,0
1691509858953671555,1719,1283,433,0.746364,18.4159,31.992,53.5242,74.145,189.059,3.21487,257.049,500.917,848.859,1177.1,783.136,2653.44,6266.57,22718.9,1101.82,1300.56,1746.19,473.594,439.354,454.945,130375,3561,5359.02,1.04333,1.06135,0,0,0.0273135,0,24.2287,72.3448,118.74,689.084,1163.31,3291.3,0.00573497,0.000215236,6,5,13,0.722222,1,2.17125,1.39423,0.777021,0.00312182,0.501059,1283,0,0,0,0,0.001,0,0,0,0,0,0,0,0,0,0,0,0,0,0,0,0,0,0,0,0,0,0,0,0,0,0,0,0,0,0,0,0,0,0,0,0,18.4159,53.5242,16.9653,463.792,656.243,0,0.930514,-0.364755,0.033132,0.999913,0.757523,0.0475691,0.612903,0.76,849.255,1013.87,1394.24,2067.48,253.548,809.204,1376,85.3144,2524.79,136.311,105.187,-0.776498,0.443547,0.623363,-0.536817,0,0,0,0,0,0,0,74.145,0,0.971941,0,0,257.049,848.859,0,0,783.136,2653.44,0
1691509859060722156,1789,1326,462,0.741196,16.8272,29.9592,45.614,61.5615,151.112,2.59281,248.767,461.926,832.155,1091.05,694.649,2455.35,6015.49,18167,895.295,1210.62,1640.62,505.227,421.554,428.369,133633,2812.54,4306.65,5.4647,4.13146,0,0,0.0210467,0,33.0535,78.3539,123.01,558.83,918.924,2594.47,0.0262533,0.00282478,3,3,7,0.7,1,1.83505,1.26041,0.574635,0.00305265,0.360142,1326,0,0,0,0,0.001,0,0,0,0,0,0,0,0,0,0,0,0,0,0,0,0,0,0,0,0,0,0,0,0,0,0,0,0,0,0,0,0,0,0,0,0,16.8272,45.614,17.054,467.73,691.216,0,0.928295,-0.370236,0.0345577,0.999981,0.348545,0.021416,0.639344,0.78,844.391,1005.58,1395.93,2370.24,253.71,793.59,1371.06,71.4233,2470.16,138.239,109.227,-0.64542,-0.052596,0.861341,0.252635,0,0,0,0,0,0,0,61.5615,0,0.992459,0,0,248.767,832.155,0,0,694.649,2455.35,0
1691509859168226750,1974,1487,486,0.753293,13.7392,27.1771,43.6735,55.302,187.389,0.178571,240.382,443.797,795.193,1053.54,635.334,2310.55,6210.64,16460.2,922.191,1021.77,1540.36,480.313,390.589,400.096,143570,2604.41,4465.68,10.6161,4.65814,0,0,0.0181404,0,36.5452,83.6367,129.806,735.815,1455.71,2024.17,0.0158333,0.00275247,3,2,8,0.8,1,1.99831,1.43728,0.561034,0.00613924,0.652366,1487,0,0,0,0,0.001,0,0,0,0,0,0,0,0,0,0,0,0,0,0,0,0,0,0,0,0,0,0,0,0,0,0,0,0,0,0,0,0,0,0,0,0,13.7392,43.6735,14.1874,490.839,669.973,0,0.926367,-0.375122,0.0335823,0.999986,0.306061,0.0464489,0.652893,0.79,801.885,968.197,1367.26,2214.07,242.383,746.363,1295.36,68.2414,2676.74,140.619,122.475,0.446182,-0.30364,-0.316893,0.162447,0,0,0,0,0,0,0,55.302,0,0.99462,0,0,240.382,795.193,0,0,635.334,2310.55,0
1691509859274339673,2052,1552,495,0.756335,14.8044,27.7388,46.3434,60.2325,141.465,0.254891,242.346,451.682,805.714,1102.4,647.094,2426.74,6034.12,37153,1045.11,981.32,1608.37,491.226,390.291,383.56,149217,4526.96,7399.45,4.32587,7.96129,0,0,0.030338,0,37.4009,81.8441,159.572,859,2888.08,3373.56,0.0005175,0.000185921,4,4,8,0.666667,1,2.27507,1.63299,0.642074,0.00934727,0.653761,1552,0,0,0,0,0.001,0,0,0,0,0,0,0,0,0,0,0,0,0,0,0,0,0,0,0,0,0,0,0,0,0,0,0,0,0,0,0,0,0,0,0,0,14.8044,46.3434,17.2481,536.276,662.476,0,0.930559,-0.36462,0.0333404,0.999936,0.648022,0.0218323,0.666667,0.8,793.041,943.765,1349.98,2270.51,237.835,716.67,1249.07,70.0236,2755.75,173.783,117.657,-0.693376,0.895025,0.578671,-1.00664,0,0,0,0,0,0,0,60.2325,0,0.990979,0,0,242.346,805.714,0,0,647.094,2426.74,0
1691509859375755071,2057,1586,471,0.771026,14.1055,25.6938,40.7529,54.6927,152.2,2.98778,250.224,464.151,891.742,1155.23,674.06,2298.54,6096.45,17114,1147.25,816.453,1582.5,533.721,386.38,470.421,139497,2620.36,4520.5,2.33653,2.35798,0,0,0.0187843,0,45.356,126.645,159.107,764.729,1279.96,2144.7,0.0315273,0.00139536,5,4,11,0.733333,1,1.96588,1.39444,0.571448,0.0141183,0.412913,1586,0,0,0,0,0.001,0,0,0,0,0,0,0,0,0,0,0,0,0,0,0,0,0,0,0,0,0,0,0,0,0,0,0,0,0,0,0,0,0,0,0,0,14.1055,40.7529,19.6754,564.939,676.386,0,0.928277,-0.370404,0.0332097,0.999981,0.356358,0.0994406,0.526718,0.69,750.78,885.771,1253.25,2275.83,225.84,699.037,1194.58,61.0747,2605.78,170.678,141.441,-0.789032,0.846105,0.84519,-0.818465,0,0,0,0,0,0,0,54.6927,0,0.989281,0,0,250.224,891.742,0,0,674.06,2298.54,0
1691509859473933282,1593,1307,285,0.820465,14.7681,28.904,44.4665,59.904,151.494,-0.485242,252.297,470.964,940.321,1239.19,713.659,2928.34,6303.78,32376.6,1418.29,672.702,2062.59,533.718,428.497,483.906,159538,4346.83,6155.76,3.83849,3.88715,0,0,0.0272465,0,38.0741,87.2567,139.495,690.812,1039.84,4160.28,0.034291,0.00395743,6,5,11,0.6875,1,2.71035,2.1075,0.602843,0.0134646,0.525741,1307,0,0,0,0,0.001,0,0,0,0,0,0,0,0,0,0,0,0,0,0,0,0,0,0,0,0,0,0,0,0,0,0,0,0,0,0,0,0,0,0,0,0,14.7681,44.4665,25.6013,596.326,725.072,0,0.928312,-0.370393,0.0323432,1,0.0496942,0.0501484,0.459854,0.63,840.56,998.416,1375.89,2278.68,230.172,742.832,1334.44,73.6713,2426.28,153.903,130.214,0.205391,0.799625,-0.0645638,-0.890476,0,0,0,0,0,0,0,59.904,0,0.983933,0,0,252.297,940.321,0,0,713.659,2928.34,0
1691509859569532217,1635,1390,242,0.850153,16.811,32.2903,56.6389,73.2178,151.081,-2.12354,251.294,536.87,1001.96,1262.4,789.988,3105.71,10473.7,25548.1,1437.96,1019.87,2129.81,555.278,518.86,555.415,164756,4982.22,8013.9,5.72671,5.52702,0,0,0.0302399,0,37.9428,117.948,160.09,1164.28,2246.59,4287.05,0.0395926,0.00351825,5,4,10,0.714286,1,2.11971,1.33449,0.785215,0.0157299,0.483767,1390,0,0,0,0,0.001,0,0,0,0,0,0,0,0,0,0,0,0,0,0,0,0,0,0,0,0,0,0,0,0,0,0,0,0,0,0,0,0,0,0,0,0,16.811,56.6389,24.4467,590.469,744.084,0,0.927378,-0.372631,0.0334252,0.999996,0.152162,0.0567851,0.639344,0.78,844.589,998.787,1370.75,2279.63,240.462,749.449,1354.21,79.5166,2390.54,168.466,153.102,-1.2087,0.834906,1.09674,-0.957472,0,0,0,0,0,0,0,73.2178,0,0.985612,0,0,251.294,1001.96,0,0,789.988,3105.71,0
1691509859664101406,1645,1349,295,0.820061,15.4515,30.1102,50.3321,66.2698,171.766,-1.75221,251.088,519.58,992.161,1294.58,789.014,2932.37,8673.87,17105.5,1355.05,1021.33,1940.58,548.197,519.555,505.249,155559,3445.64,5943.73,4.63851,4.52965,0,0,0.0221501,0,41.4935,96.3205,167.774,1020.56,2053.17,2564.42,0.333128,0.0121318,5,4,8,0.666667,1,2.00141,1.31817,0.683237,0.00683056,0.502135,1349,0,0,0,0,0.001,0,0,0,0,0,0,0,0,0,0,0,0,0,0,0,0,0,0,0,0,0,0,0,0,0,0,0,0,0,0,0,0,0,0,0,0,15.4515,50.3321,23.7078,572.264,738.028,0,0.927584,-0.37193,0.035437,0.999998,0.122633,0.015855,0.724138,0.84,877.328,1008.47,1400.72,2930.97,241.457,759.312,1370.27,75.6586,2311.98,189.537,148.852,-0.942417,0.941492,0.938812,-0.993966,0,0,0,0,0,0,0,66.2698,0,0.982209,0,0,251.088,992.161,0,0,789.014,2932.37,0
1691509859757985217,1594,1250,343,0.784191,15.1012,31.0006,50.8501,68.0353,214.601,0.335606,256.195,533.703,1050.86,1300.87,747.11,2808.2,10271.7,30393,1348.8,1036.15,1835.76,591.034,494.652,554.786,163332,4293.07,6888.47,4.90648,5.08392,0,0,0.0262843,0,37.1565,90.5898,161.217,1006.4,1863.64,3729.46,0.129173,0.00589142,8,7,11,0.611111,1,2.05173,1.42592,0.625815,0.00275216,0.467044,1250,0,0,0,0,0.001,0,0,0,0,0,0,0,0,0,0,0,0,0,0,0,0,0,0,0,0,0,0,0,0,0,0,0,0,0,0,0,0,0,0,0,0,15.1012,50.8501,22.4789,588.136,742.385,0,0.92947,-0.367405,0.0331603,0.999985,0.309685,0.0373943,0.73913,0.85,869.417,1015.64,1394.28,2372.46,235.752,766.326,1338.87,75.1105,2388.55,181.898,136.104,-1.02034,0.988622,0.988867,-1.03297,0,0,0,0,0,0,0,68.0353,0,0.992,0,0,256.195,1050.86,0,0,747.11,2808.2,0
1691509859853065115,1881,1542,337,0.819777,15.6543,31.4451,46.7504,59.4677,165.231,-0.418383,247.701,513.086,971.463,1244.9,684.58,2647.12,6995.96,17930.3,1275.04,977.894,1706.72,536.587,462.238,549.957,159330,3061.83,5309.82,16.4989,5.76887,0,0,0.0192169,0,47.1971,115.716,167.117,1158.11,1324.57,2497.11,0.0163,0.0023331,3,2,11,0.846154,1,2.28793,1.61136,0.67657,0.0117351,0.156862,1542,0,0,0,0,0.001,0,0,0,0,0,0,0,0,0,0,0,0,0,0,0,0,0,0,0,0,0,0,0,0,0,0,0,0,0,0,0,0,0,0,0,0,15.6543,46.7504,24.4878,568.591,766.921,0,0.930147,-0.365484,0.0353281,0.999996,0.170435,0.0384019,0.612903,0.76,849.607,995.791,1401.24,2369.71,220.014,747.961,1354.41,80.9299,2310.09,186.54,163.554,-0.773894,-2.01527,0.224579,1.45498,0,0,0,0,0,0,0,59.4677,0,0.990272,0,0,247.701,971.463,0,0,684.58,2647.12,0
1691509859949583992,1986,1624,358,0.817724,14.9014,28.7378,42.9312,55.6784,147.493,1.44766,262.419,529.391,983.069,1280.54,710.831,2706.82,5915.1,15395.6,1315.9,1028.64,1622.38,542.367,435.905,585.083,152487,2729.9,5012.48,2.07291,2.70418,0,0,0.0179026,0,56.2402,164.998,190.062,1193.93,1424.61,1982.65,0.00296548,0.000370409,5,5,8,0.615385,1,2.04133,1.4253,0.616029,0.0140576,0.363671,1624,0,0,0,0,0.001,0,0,0,0,0,0,0,0,0,0,0,0,0,0,0,0,0,0,0,0,0,0,0,0,0,0,0,0,0,0,0,0,0,0.000615764,28.667,28.667,14.8854,42.9469,19.5083,547.012,708.48,0,0.929205,-0.368042,0.0335056,0.999995,0.187869,0.0521246,0.639344,0.78,848.228,990.473,1349.6,2490.99,211.589,748.268,1276.83,82.832,2443.43,201.869,190.331,-0.161788,0.954685,0.380423,-0.660594,0,0,0,0,0,0.000503525,28.667,55.6877,1,0.99199,618.426,618.426,262.072,983.715,1112.18,1112.18,709.693,2707.54,0.000246774
1691509860047060730,2342,1824,516,0.778822,14.5345,28.0436,43.3988,56.0682,147.274,1.27036,242.967,477.815,907.639,1216,620.247,2365.56,5519.67,10848.2,1149.36,842.828,1412.55,524.391,399.406,515.218,128370,2411.14,4418.88,2.30341,2.02657,0,0,0.0187827,0,58.0715,155.589,183.213,1036.58,1159.87,1825.56,0.0157935,0.00168281,6,5,11,0.6875,1,1.86216,1.13459,0.727572,0.00524157,0.10851,1824,0,0,0,0,0.001,0,0,0,0,0,0,0,0,0,0,0,0,0,0,0,0,0,0,0,0,0,0,0,0,0,0,0,0,0,0,0,0,0,0,0,0,14.5345,43.3988,15.8789,526.596,672.525,0,0.92549,-0.377291,0.0334562,0.99995,0.571058,0.0155176,0.626016,0.77,798.562,935.004,1290.64,2543.26,211.562,704.048,1201.29,72.9477,2514.04,220.556,164.066,-0.174156,0.39889,0.073636,-0.373523,0,0,0,0,0,0,0,56.0682,0,0.991228,0,0,242.967,907.639,0,0,620.247,2365.56,0
1691509860147279578,2408,1901,505,0.789452,14.41,26.6423,40.8765,51.6775,150.029,1.1393,255.824,510.797,951.476,1216.37,649.035,2407.53,5519.14,15153,1180.71,929.305,1463.13,513.229,406.931,522.345,122307,2481.01,4661.35,3.33591,3.3847,0,0,0.0202851,0,65.2996,167.104,205.914,1215.79,1302.49,1704.76,0.00388803,0.000583311,5,4,9,0.692308,1,1.6379,0.963134,0.674768,0.00225031,0.166732,1901,0,0,0,0,0.001,0,0,0,0,0,0,0,0,0,0,0,0,0,0,0,0,0,0,0,0,0,0,0,0,0,0,0,0,0,0,0,0,0,0,0,0,14.41,40.8765,17.1512,536.317,658.532,0,0.925394,-0.377645,0.0321074,0.999999,0.0800887,0.0122539,0.724138,0.84,801.117,933.372,1307.2,2571.92,204.873,701.621,1276.09,70.7367,2623.14,232.423,194.109,0.295688,0.292235,-0.339471,-0.332573,0,0,0,0,0,0,0,51.6775,0,0.992109,0,0,255.824,951.476,0,0,649.035,2407.53,0
1691509860249053560,2486,1903,583,0.765487,14.316,25.8496,40.2325,49.9512,144.791,0.109359,240.028,509.588,942.584,1233.8,633.4,2433.53,5396.09,12580.4,1224.78,875.011,1451.1,500.418,432.247,482.033,116583,2462.42,4580.21,3.34574,3.35501,0,0,0.0211216,0,65.6954,154.674,178.43,1135.19,1329.4,1716.82,0.159445,0.005671,4,4,7,0.636364,1,1.6892,1.07281,0.616396,0.0058823,0.167044,1903,0,0,0,0,0.001,0,0,0,0,0,0,0,0,0,0,0,0,0,0,0,0,0,0,0,0,0,0,0,0,0,0,0,0,0,0,0,0,0,0,0,0,14.316,40.2325,14.9982,514.766,643.235,0,0.924896,-0.378825,0.0325489,0.999999,0.0776377,0.0160162,0.709402,0.83,763.518,905.353,1286.96,2612.33,211.599,689.006,1245.75,76.268,2714.37,205.522,180.449,0.338176,1.66354,-0.316257,-1.70053,0,0,0,0,0,0,0,49.9512,0,0.995271,0,0,240.028,942.584,0,0,633.4,2433.53,0
1691509860353199258,2492,1958,534,0.785714,15.4001,27.0573,42.5341,52.9107,144.247,0.481781,252.348,525.981,1001.9,1448.86,644.377,2604.55,5477.92,7723.74,1314.49,935.699,1527.64,537.872,443.085,551.963,124731,2793.24,5134.81,5.02836,2.77426,0,0,0.0223941,0,69.8018,201.451,224.035,976.256,1683.79,1979.48,0.000601128,0.000174318,4,4,8,0.666667,1,1.78046,1.07929,0.701165,0.00732754,0.230188,1958,0,0,0,0,0.001,0,0,0,0,0,0,0,0,0,0,0,0,0,0,0,0,0,0,0,0,0,0,0,0,0,0,0,0,0,0,0,0,0,0,0,0,15.4001,42.5341,18.1067,534.944,672.949,0,0.925213,-0.377982,0.0333212,0.999999,0.0679598,0.012282,0.801802,0.89,762.289,940.224,1344.36,2629.36,211.589,669.603,1283.18,66.6317,2740.18,266.879,227.44,-0.00464362,-0.333811,0.205265,0.382537,0,0,0,0,0,0,0,52.9107,0,0.995403,0,0,252.348,1001.9,0,0,644.377,2604.55,0
1691509860457171616,2348,1853,494,0.789182,14.5775,27.7588,44.1644,56.89,145.504,-0.0385101,239.025,495.16,968.438,1258.29,639.844,2503.68,5356.52,12409.2,1278.55,943.749,1433.55,489.774,387.644,568.43,124746,2384.32,4501.79,4.50238,3.20425,0,0,0.0191134,0,67.549,173.231,190.832,1128.98,1386.68,1554.52,0.0225968,0.0013171,6,5,11,0.6875,1,2.61959,1.9178,0.701786,0.014076,0.253591,1853,0,0,0,0,0.001,0,0,0,0,0,0,0,0,0,0,0,0,0,0,0,0,0,0,0,0,0,0,0,0,0,0,0,0,0,0,0,0,0,0,0,0,14.5775,44.1644,19.0274,527.503,682.469,0,0.927256,-0.373244,0.0297608,0.99998,0.359164,0.00756965,0.785714,0.88,770.967,927.667,1347.75,2354.32,211.543,670.956,1300.9,70.324,2690.81,213.564,209.29,-0.222218,1.42871,0.436979,-1.38806,0,0,0,0,0,0,0,56.89,0,0.994064,0,0,239.025,968.438,0,0,639.844,2503.68,0
1691509860560559042,2047,1691,354,0.826087,16.4914,29.0641,44.6894,56.7273,133.781,1.17724,267.32,548.761,1038.14,1331.72,697.397,2713.86,5502.08,15701.9,1299.72,947.41,1559.33,577.435,434.833,579.896,138896,2663.03,4941.41,3.6168,3.13488,0,0,0.0191729,0,65.8376,160.972,209.333,1208.93,1399.92,1896.41,0.00815483,0.00132801,5,5,8,0.615385,1,1.67145,1.0061,0.665348,0.0185378,0.20641,1691,0,0,0,0,0.001,0,0,0,0,0,0,0,0,0,0,0,0,0,0,0,0,0,0,0,0,0,0,0,0,0,0,0,0,0,0,0,0,0,0,0,0,16.4914,44.6894,16.6324,516.018,704.35,0,0.926717,-0.374412,0.0317986,0.999997,0.138045,0.024893,0.626016,0.77,804.875,965.856,1436.06,2802.57,214.807,702.056,1359.74,68.5685,2598.44,238.685,195.555,-0.390433,-0.48949,0.35417,0.475586,0,0,0,0,0,0,0,56.7273,0,0.995269,0,0,267.32,1038.14,0,0,697.397,2713.86,0
1691509860663405793,2008,1622,383,0.807769,16.9428,29.8804,47.7081,61.1071,170.039,1.03991,278.718,594.656,1118.46,1449.66,747.523,2891.02,5743.54,17526.7,1398.73,1108.86,1661.02,650.634,444.348,633.94,137971,2893.81,5341.79,5.88159,1.03551,0,0,0.020974,0,70.7977,162.17,214.407,1178.83,1810.79,1904.79,4.4293e-05,6.51005e-06,3,3,8,0.727273,1,2.4626,1.69824,0.764358,0.0131497,0.217213,1622,0,0,0,0,0.001,0,0,0,0,0,0,0,0,0,0,0,0,0,0,0,0,0,0,0,0,0,0,0,0,0,0,0,0,0,0,0,0,0,0.00308261,20.8102,32.8286,16.9207,47.7885,15.799,539.341,719.86,0,0.926996,-0.373852,0.0302278,0.999999,0.096864,0.0505461,0.73913,0.85,815.489,976.361,1460.81,2668.86,212.066,707.781,1391.79,79.7009,2546.89,253.93,224.087,0.0995647,0.202135,0.334951,-0.137164,0,0,0,0,0,0.00249004,35.3087,61.1715,1,0.985158,95.3554,389.186,279.667,1119.19,142.567,554.815,752.416,2891.95,0.000120814
1691509860764554828,1984,1630,353,0.821573,15.8575,28.711,47.2121,59.3603,157.041,3.1815,268.796,614.303,1131.46,1429.27,716.151,2872.17,5655.12,34745.4,1452.99,1080.22,1518.37,635.404,435.565,702.07,131287,3439.35,6155.29,2.16234,1.78621,0,0,0.0261972,0,76.8299,173.015,222.549,1302,1714.84,2666.06,0.0634716,0.00162016,3,3,7,0.7,1,2.15601,1.43817,0.717842,0.0109146,0.112343,1630,0,0,0,0,0.001,0,0,0,0,0,0,0,0,0,0,0,0,0,0,0,0,0,0,0,0,0,0,0,0,0,0,0,0,0,0,0,0,0,0.0171779,8.13973,17.5388,16.1148,47.3784,14.2921,530.843,697.865,0,0.925618,-0.377138,0.0316069,0.999993,0.218904,0.0225616,0.769912,0.87,800.834,947.581,1439.95,2678.1,207.472,699.932,1374.24,72.1438,2495.74,238.281,241.576,-0.154019,-1.01113,-0.00566347,0.770292,0,0,0,0,0,0.0141129,23.3537,59.8418,1,0.986891,239.314,589.449,269.509,1139.18,344.826,870.561,726.661,2880.5,0.00117118
1691509860864699105,2087,1654,427,0.792525,15.2197,29.9159,46.3858,65.0647,149.316,3.14156,262.535,580.624,1186.84,1476.82,691.403,2900.87,7059.97,32570.1,1452.59,1020.24,1685.92,644.817,432.525,593.427,130621,4532.06,7894.5,5.75227,4.65087,0,0,0.0346962,0,77.0864,146.222,270.098,1454.38,2406.66,3540.06,0.000147782,0.000109896,3,3,8,0.727273,1,2.15377,1.3705,0.783273,0.00489295,0.128707,1654,0,0,0,0,0.001,0,0,0,0,0,0,0,0,0,0,0,0,0,0,0,0,0,0,0,0,0,0,0,0,0,0,0,0,0,0,0,0,0,0.0302297,12.1983,45.5351,15.4039,46.4419,14.9382,536.075,683.987,0,0.924042,-0.381002,0.0313682,0.999991,0.239478,0.0116711,0.724138,0.84,786.29,935.596,1459.46,2662.42,204.479,686.222,1391.92,76.2107,2534.78,281.374,213.134,0.00843638,-0.152191,-0.146041,0.0385432,0,0,0,0,0,0.0239578,61.6567,64.151,1,0.984414,163.651,447.05,266.611,1192.74,262.104,642.02,719.998,2964.62,0.00131758
1691509860963838025,2140,1648,490,0.770093,16.2368,29.7532,47.0318,62.3607,138.917,1.76788,259.668,585.637,1135.38,1431.7,694.68,2943.21,5876,19790.1,1506.01,1122.74,1551.76,602.122,434.1,682.539,126450,3204.6,5817.01,2.51757,1.78047,0,0,0.0253427,0,76.585,126.463,236.319,1264.62,1797.67,2315.35,0.0977469,0.00142967,3,2,8,0.8,1,1.86977,1.0968,0.77297,0.0103341,0.122743,1648,0,0,0,0,0.001,0,0,0,0,0,0,0,0,0,0,0,0,0,0,0,0,0,0,0,0,0,0,0,0,0,0,0,0,0,0,0,0,0,0,0,0,16.2368,47.0318,14.371,519.124,678.505,0,0.924881,-0.378802,0.0332433,0.999995,0.172461,0.00354426,0.724138,0.84,766.347,915.914,1442.19,2660.34,207.571,690.317,1358.47,70.1059,2510.31,248.807,230.555,0.803255,-0.204465,-0.868895,0.172188,0,0,0,0,0,0,0,62.3607,0,0.98483,0,0,259.668,1135.38,0,0,694.68,2943.21,0
1691509861063432957,2101,1588,513,0.755831,16.4726,29.786,46.0022,61.255,138.816,2.51341,258.029,566.605,1166.17,1429.14,724.669,2964.39,5887.67,18139.3,1410.04,1247.6,1589.7,641.956,409.197,663.312,139506,3179.55,5752.31,4.01985,3.40904,0,0,0.0227915,0,75.741,131.806,221.333,1320.86,1625.45,2377.12,0.00372969,0.000561469,5,4,11,0.733333,1,1.90502,1.17185,0.733171,0.00603323,0.167588,1588,0,0,0,0,0.001,0,0,0,0,0,0,0,0,0,0,0,0,0,0,0,0,0,0,0,0,0,0,0,0,0,0,0,0,0,0,0,0,0,0,0,0,16.4726,46.0022,16.6112,557.654,696.735,0,0.926243,-0.375304,0.0349411,0.999992,0.236059,0.00756978,0.724138,0.84,783.553,926.904,1459.83,2661.44,210.76,674.733,1406.03,81.6155,2548.66,243.886,226.627,-0.834901,0.291952,0.494043,-0.195766,0,0,0,0,0,0,0,61.255,0,0.984887,0,0,258.029,1166.17,0,0,724.669,2964.39,0
1691509861162959649,2077,1672,403,0.805007,15.5108,28.7211,43.6558,57.8018,163.055,4.31264,265.87,541.96,1108.09,1415.96,718.907,2878.39,6578.94,19977.2,1239.79,1327.87,1607.56,669.108,380.4,582.22,135234,3593.73,6187.55,8.328,3.34133,0,0,0.0265741,0,75.2821,127.474,243.27,1120,1639.88,2981.64,0.000632875,7.73728e-05,3,3,8,0.727273,1,2.35939,1.57646,0.782933,0.00970725,0.0628681,1672,0,0,0,0,0.001,0,0,0,0,0,0,0,0,0,0,0,0,0,0,0,0,0,0,0,0,0,0,0,0,0,0,0,0,0,0,0,0,0,0,0,0,15.5108,43.6558,14.1015,558.795,699.104,0,0.925148,-0.378329,0.0311076,0.999987,0.286734,0.0214393,0.694915,0.82,801.887,957.097,1636.03,3074.7,210.562,685.504,1455.44,80.4425,2518.58,267.953,219.135,0.976768,0.862412,-0.493049,-1.15061,0,0,0,0,0,0,0,57.8018,0,0.981459,0,0,265.87,1108.09,0,0,718.907,2878.39,0
1691509861261516653,2051,1703,348,0.830327,15.325,26.8775,42.0422,56.6631,162.993,3.7821,265.084,549.06,1092.54,1381.28,727.708,2900.76,6808.46,26813.9,1320.8,1381.6,1546.83,578.482,417.18,560.803,135034,4068.74,6822.48,3.09738,2.46,0,0,0.0301312,0,81.7059,111.026,222.986,1156.96,1798.12,3451.69,0.00130897,0.000137089,4,3,9,0.75,1,2.07892,1.37891,0.700004,0.00614681,0.245096,1703,0,0,0,0,0.001,0,0,0,0,0,0,0,0,0,0,0,0,0,0,0,0,0,0,0,0,0,0,0,0,0,0,0,0,0,0,0,0,0,0.0023488,29.3512,48.8753,15.2754,42.0132,15.599,558.312,712.089,0,0.925741,-0.3765,0.0353743,0.999989,0.268134,0.0211346,0.785714,0.88,789.293,975.755,1563.98,2656.25,213.166,695.448,1456.26,78.7325,2472.07,249.561,210.402,0.848017,-0.788013,-0.72297,0.794478,0,0,0,0,0,0.00195027,52.8061,56.5879,1,0.986463,977.093,1503.11,264.702,1089.47,1756.98,2689.51,727.471,2902.01,0.00220271
1691509861360083654,2042,1670,371,0.817826,15.7991,28.1457,44.0837,59.4654,166.936,2.99624,263.719,557.461,1080.06,1392.09,734.151,2984.04,7549.27,19780.7,1326.32,1544.61,1545.8,609.846,407.354,559.04,130753,4220.63,7029.81,3.60463,3.60285,0,0,0.0322794,0,70.7087,115.187,238.955,1060.93,1983.13,3560.9,0.00640198,0.000724674,5,5,8,0.615385,1,2.30587,1.56073,0.745142,0.000932799,0.317351,1670,0,0,0,0,0.001,0,0,0,0,0,0,0,0,0,0,0,0,0,0,0,0,0,0,0,0,0,0,0,0,0,0,0,0,0,0,0,0,0,0.000598802,14.0801,14.0801,15.8056,44.0932,17.9174,536.128,688.955,0,0.925411,-0.377338,0.0350732,1,0.0544169,0.00199285,0.769912,0.87,814.064,964.13,1611.75,2648.36,211.189,684.789,1454.8,69.5941,2440.34,277.055,210.237,0.0364993,0.504572,-0.012498,-0.45533,0,0,0,0,0,0.000489716,14.0801,59.4664,1,0.983823,1780.03,1780.03,263.449,1078.12,3151.85,3151.85,733.055,2978.1,0.00141315
1691509861458459488,2110,1769,340,0.838389,15.7911,28.1454,45.5115,63.2554,138.72,4.04324,247.801,517.422,1066.8,1396.44,671.558,3074.23,7615.73,28893.4,1264.32,1608.63,1555.91,578.904,399.077,533.981,135927,5646.11,8617.64,13.1481,8.82635,0,0,0.0415379,0,81.11,109.134,220.091,1169.03,1834.45,5203.82,0.0188178,0.00375312,3,2,10,0.833333,1,2.1585,1.34256,0.81594,0.00875815,0.0462068,1769,0,0,0,0,0.001,0,0,0,0,0,0,0,0,0,0,0,0,0,0,0,0,0,0,0,0,0,0,0,0,0,0,0,0,0,0,0,0,0,0,0,0,15.7911,45.5115,14.1091,527.982,712.909,0,0.925732,-0.376734,0.0330415,0.999998,0.122826,0.0137761,0.754386,0.86,772.716,939.067,1633.86,2637.41,205.486,676.356,1569.13,79.6133,2357.51,250.762,208.879,0.417502,-1.29098,-0.938547,1.27416,0,0,0,0,0,0,0,63.2554,0,0.983607,0,0,247.801,1066.8,0,0,671.558,3074.23,0
1691509861557798090,2066,1729,335,0.836883,15.6755,28.0188,43.6063,57.2293,153.272,4.15168,254.107,490.714,997.425,1351.64,688.266,3000.21,7658.03,20209.2,1171.48,1547.58,1439.21,577.86,380.338,491.508,128403,4121.59,6677.57,5.22413,2.34072,0,0,0.0320989,0,66.1277,74.5681,209.364,939.58,1817.59,3570.34,0.000248067,1.82455e-05,3,3,8,0.727273,1,2.13859,1.37675,0.761847,0.00638806,0.126537,1729,0,0,0,0,0.001,0,0,0,0,0,0,0,0,0,0,0,0,0,0,0,0,0,0,0,0,0,0,0,0,0,0,0,0,0,0,0,0,0,0,0,0,15.6755,43.6063,13.8198,539.332,711.848,0,0.92445,-0.380008,0.0314167,0.999992,0.221924,0.0218616,0.694915,0.82,774.83,935.166,1589.79,2624.94,209.663,679.311,1479.65,73.5884,2398.82,237.195,184.469,0.730585,-0.401794,-1.39501,0.156899,0,0,0,0,0,0,0,57.2293,0,0.983806,0,0,254.107,997.425,0,0,688.266,3000.21,0
1691509861657398135,2131,1764,364,0.82778,14.9523,27.4483,44.149,57.4093,150.912,2.36895,248.44,514.927,1013.56,1397.9,677.874,3120.59,7328.34,25945.9,1289.85,1665.44,1471.76,504.836,445.015,529.46,131352,4433.19,7249.51,3.614,3.89127,0,0,0.0337503,0,73.1205,75.8788,198.64,1174.32,1909.54,3818.01,0.0175744,0.00131581,7,7,12,0.631579,1,2.17441,1.42922,0.745196,0.0057675,0.149609,1764,0,0,0,0,0.001,0,0,0,0,0,0,0,0,0,0,0,0,0,0,0,0,0,0,0,0,0,0,0,0,0,0,0,0,0,0,0,0,0,0,0,0,14.9523,44.149,13.2009,522.795,720.004,0,0.925123,-0.378197,0.0333784,0.999996,0.157755,0.0135293,0.680672,0.81,760.043,928.885,1556.32,2624.48,214.32,673.925,1454.86,68.4035,2360.23,242.159,192.146,0.516056,-0.0891875,-1.37469,0.199374,0,0,0,0,0,0,0,57.4093,0,0.985261,0,0,248.44,1013.56,0,0,677.874,3120.59,0
1691509861757896363,2082,1668,411,0.801153,15.033,26.7977,42.9067,58.2492,145.492,2.46305,256.527,517.473,1056.63,1330.15,712.51,3199.79,7092.79,43880.5,1216.09,1965.14,1491.94,554.08,414.534,552.331,136362,5744.25,8493.79,3.79137,3.76734,0,0,0.0421249,0,64.9117,83.0388,202.68,986.828,1794.37,5361.96,0.0174054,0.00276846,9,8,11,0.578947,1,1.87582,1.1823,0.693519,0.0160322,0.12676,1668,0,0,0,0,0.001,0,0,0,0,0,0,0,0,0,0,0,0,0,0,0,0,0,0,0,0,0,0,0,0,0,0,0,0,0,0,0,0,0,0,0,0,15.033,42.9067,11.4338,529.095,719.471,0,0.923395,-0.382358,0.0338268,0.99999,0.259438,0.00892378,0.639344,0.78,763.51,929.573,1617.48,2620.82,216.529,680.235,1411.52,76.6729,2309.11,214.276,196.647,0.0804905,0.207608,-0.304044,-0.207619,0,0,0,0,0,0,0,58.2492,0,0.985612,0,0,256.527,1056.63,0,0,712.51,3199.79,0
1691509861858752396,2021,1647,372,0.814943,15.9253,28.9669,45.715,57.8988,144.441,3.26074,245.138,494.028,987.805,1305.64,708.227,3278.88,7517.48,24268.1,1183.2,2007.89,1521.35,500.109,399.172,525.001,129539,5174.11,7847.87,8.10592,8.13152,0,0,0.0399424,0,58.2402,91.4777,182.609,917.08,1864.76,4733.7,0.0333906,0.00567736,6,6,8,0.571429,1,2.31902,1.5836,0.735411,0.01587,0.159659,1647,0,0,0,0,0.001,0,0,0,0,0,0,0,0,0,0,0,0,0,0,0,0,0,0,0,0,0,0,0,0,0,0,0,0,0,0,0,0,0,0,0,0,15.9253,45.715,12.4997,511.46,726.04,0,0.923423,-0.382354,0.0331052,1,0.0413776,0.0318095,0.694915,0.82,782.395,934.61,1610.51,2614.13,214.146,694.699,1441.52,71.7899,2374.71,200.859,183.092,0.737397,-0.560388,-0.755972,0.548656,0,0,0,0,0,0,0,57.8988,0,0.986642,0,0,245.138,987.805,0,0,708.227,3278.88,0
1691509861959053600,2055,1609,445,0.782968,17.1426,30.3193,45.8141,59.1724,150.378,2.55004,259.654,530.019,1018.2,1351.67,755.157,3512.35,7965.47,19847.6,1245.02,2062.66,1555.88,541.67,429.906,548.727,131560,4876.19,7591.68,4.17244,4.12281,0,0,0.0370643,0,53.6318,63.9712,201.265,861.43,2102.33,4309.05,0.0430665,0.00364451,6,6,8,0.571429,1,1.85763,1.15162,0.706013,0.0128601,0.196591,1609,0,0,0,0,0.001,0,0,0,0,0,0,0,0,0,0,0,0,0,0,0,0,0,0,0,0,0,0,0,0,0,0,0,0,0,0,0,0,0,0.00124301,35.0836,35.5099,17.1252,45.9594,14.2707,528.615,711.114,0,0.922591,-0.384483,0.0316086,0.999996,0.156535,0.0446989,0.709402,0.83,776.633,938.195,1452.18,2607.31,215.709,681.73,1407.45,76.6285,2311.57,230.605,169.187,0.374483,-0.470689,-0.732426,0.371535,0,0,0,0,0,0.000973236,35.5632,59.1796,1,0.989421,151.148,156.211,259.681,1018.66,245,254.099,755.212,3514.89,1.58475e-05
1691509862059296633,2025,1558,456,0.769383,16.3632,30.1698,44.3127,56.1583,151.879,3.80041,268.545,525.991,1034.8,1392.48,789.415,3615.22,8532.62,28231.7,1414.67,2123.73,1631.86,480.691,437.094,562.578,126163,5568.6,8454.69,4.07839,3.85634,0,0,0.0441381,0,57.0329,83.8327,168.2,884.561,2247.29,5013.78,0.000280309,7.31757e-05,3,3,8,0.727273,1,2.01862,1.37196,0.646659,0.00619112,0.173733,1558,0,0,0,0,0.001,0,0,0,0,0,0,0,0,0,0,0,0,0,0,0,0,0,0,0,0,0,0,0,0,0,0,0,0,0,0,0,0,0,0,0,0,16.3632,44.3127,15.3909,515.551,717.058,0,0.923652,-0.381858,0.0324293,0.999996,0.1689,0.0478815,0.680672,0.81,750.992,935.08,1438.14,2608,211.087,679.964,1313.12,87.3795,2307.77,190.726,184.855,1.19417,0.250387,-0.386063,-0.296825,0,0,0,0,0,0,0,56.1583,0,0.992298,0,0,268.545,1034.8,0,0,789.415,3615.22,0
1691509862159963860,1899,1491,405,0.78515,16.9063,31.5623,47.291,61.5864,153.014,3.53071,257.144,526.363,960.617,1321.3,729.457,3493.64,9575.41,19985,1311.57,2347.41,1485.92,479.071,400.554,575.308,130925,6238.47,9029.67,9.17744,3.72882,0,0,0.0476492,0,49.1165,82.0939,156.576,840.065,2085.46,5816.36,0.00015402,2.76499e-05,2,2,8,0.8,1,2.23369,1.50764,0.726052,0.00660159,0.0597416,1491,0,0,0,0,0.001,0,0,0,0,0,0,0,0,0,0,0,0,0,0,0,0,0,0,0,0,0,0,0,0,0,0,0,0,0,0,0,0,0,0,0,0,16.9063,47.291,14.0982,524.476,723.426,0,0.922958,-0.383546,0.0322503,0.999998,0.10506,0.0124076,0.709402,0.83,781.172,947.801,1437.98,2604.77,211.608,690.696,1360.37,86.4526,2213.55,178.765,181.079,0.997253,-2.29965,-0.811323,0.775022,0,0,0,0,0,0,0,61.5864,0,0.985915,0,0,257.144,960.617,0,0,729.457,3493.64,0
1691509862260333415,1990,1527,458,0.767337,16.1261,29.3226,48.741,65.5575,145.581,3.81097,261.364,527.404,993.087,1316.6,749.343,3342.27,7891.36,10969.4,1289.16,2221.85,1462.73,504.336,427.191,551.952,128706,4258.22,6772.75,5.22635,5.38618,0,0,0.0330847,0,46.0611,79.7313,178.869,816.784,1972.36,3678.94,0.00657368,0.000874047,5,4,9,0.692308,1,2.55434,1.81608,0.738257,0.0032074,0.216741,1527,0,0,0,0,0.001,0,0,0,0,0,0,0,0,0,0,0,0,0,0,0,0,0,0,0,0,0,0,0,0,0,0,0,0,0,0,0,0,0,0.0091683,12.9448,32.1875,16.1566,48.7461,13.3586,509.569,704.072,0,0.923854,-0.381248,0.0338152,0.999996,0.167353,0.0184772,0.652893,0.79,753.553,943.21,1458.32,2606.03,211.674,684.905,1429.02,75.5321,2318.35,197.195,168.196,0.644314,0.0322029,-0.603286,-0.0816223,0,0,0,0,0,0.00703518,42.6747,65.6628,1,0.985459,133.561,305.834,262.36,1003.11,192.147,414.121,760.343,3366.16,0.00017858
1691509862360625933,2003,1492,510,0.744883,16.9068,30.8051,46.9803,62.8912,139.716,2.1345,275.13,546.562,1009.79,1327.48,743.994,3662.51,9073.73,14186.6,1382.79,2197.3,1524.65,544.502,395.307,590.333,132989,5312.48,7960.57,5.61427,2.30484,0,0,0.0399468,0,58.0378,84.5584,173.812,906.492,1842.1,4895.57,0.000161399,6.04426e-05,2,2,8,0.8,1,1.8319,1.12314,0.708764,0.010072,0.112988,1492,0,0,0,0,0.001,0,0,0,0,0,0,0,0,0,0,0,0,0,0,0,0,0,0,0,0,0,0,0,0,0,0,0,0,0,0,0,0,0,0.0435657,11.1462,24.5765,17.1449,47.6588,16.4949,518.144,709.361,0,0.923624,-0.381604,0.0360221,0.999997,0.128762,0.01609,0.754386,0.86,776.455,936.948,1441.12,2610.28,210.232,683.788,1376.65,85.6329,2257.64,189.355,188.954,0.468541,0.370987,0.0296794,0.237049,0,0,0,0,0,0.0324513,31.808,63.7335,1,0.987386,223.573,530.994,277.233,1029.47,320.59,752.596,792.708,3800.45,0.00195019
1691509862462436553,1882,1439,441,0.764612,16.5433,30.2739,46.8756,65.9451,152.329,0.018008,275.843,500.477,991.177,1321.33,766.22,3384.32,8123.44,16364.7,1264.55,1858.02,1498.38,515.612,420.714,532.904,138594,4259.46,6745.54,2.37665,1.5259,0,0,0.0307334,0,47.0459,80.0518,171.475,792.528,1963.92,3690.52,0.00266737,0.000214494,4,4,8,0.666667,1,3.04366,2.31713,0.726531,0.0156318,0.124553,1439,0,0,0,0,0.001,0,0,0,0,0,0,0,0,0,0,0,0,0,0,0,0,0,0,0,0,0,0,0,0,0,0,0,0,0,0,0,0,0,0.0548992,13.1523,32.8579,16.6788,47.8969,15.5423,546.084,714.374,0,0.926174,-0.375576,0.033815,0.999976,0.395765,0.0185693,0.694915,0.82,797.87,953.721,1353.13,2603.65,213.025,683.926,1308.7,87.4048,2282.17,184.754,167.855,0.909999,-0.25176,-0.484328,0.421308,0,0,0,0,0,0.0419766,39.3762,68.8496,1,0.977941,216.642,404.353,280.78,1015.14,323.08,586.754,831.898,3546.52,0.00209729
1691509862562442142,1828,1375,451,0.752188,18.2587,33.5421,53.1647,67.3128,134.209,-0.0425717,291.143,595.422,1018.57,1344.2,884.066,3658.3,8650.17,27918.7,1421.99,2354.89,1706.57,568,483.967,554.513,127337,5121.67,8255.03,41.5392,2.52689,0,0,0.0402215,0,45.9861,93.752,173.178,991.104,2750.92,4200.09,0.000106653,8.56346e-06,2,2,8,0.8,1,2.40811,1.65383,0.754279,0.00519799,0.214709,1375,0,0,0,0,0.001,0,0,0,0,0,0,0,0,0,0,0,0,0,0,0,0,0,0,0,0,0,0,0,0,0,0,0,0,0,0,0,0,0,0,0,0,18.2587,53.1647,14.2515,526.123,705.626,0,0.922433,-0.38431,0.0377296,0.999947,0.588799,0.0130332,0.709402,0.83,815.722,963.97,1447.52,2612.1,216.127,697.737,1334.4,74.6863,2222.29,178.357,176.695,0.192132,1.55618,-1.31989,0.218614,0,0,0,0,0,0,0,67.3128,0,0.984,0,0,291.143,1018.57,0,0,884.066,3658.3,0
1691509862661943683,1673,1277,394,0.763299,17.135,31.9952,50.506,65.3536,157.65,0.9756,291.101,554.849,1007.62,1231.53,842.581,3532.84,9660.37,15632.6,1340.53,2370.63,1566.31,523.405,441.855,570.213,128747,5104.39,7673.96,3.32242,3.34763,0,0,0.0396468,0,43.1631,64.4844,150.431,752.717,2054.74,4608.43,0.0209673,0.00203334,6,6,10,0.625,1,2.10506,1.42951,0.675552,0.0110372,0.298595,1277,0,0,0,0,0.001,0,0,0,0,0,0,0,0,0,0,0,0,0,0,0,0,0,0,0,0,0,0,0,0,0,0,0,0,0,0,0,0,0,0,0,0,17.135,50.506,17.9759,534.78,705.244,0,0.921787,-0.385819,0.0381207,0.999999,0.0966588,0.0178126,0.694915,0.82,798.491,973.042,1389.7,2612.05,220.548,707.408,1318.83,77.5631,2115.11,155.043,155.401,0.31894,-0.532532,-0.466386,0.590577,0,0,0,0,0,0,0,65.3536,0,0.982772,0,0,291.101,1007.62,0,0,842.581,3532.84,0
1691509862761307617,1908,1436,470,0.752621,16.4704,30.3492,48.4485,64.6545,156.517,0.339412,282.333,525.906,928.306,1138.53,770.127,3135.41,8619.79,18087.7,1241.39,1610.45,1612.17,518.509,452.886,452.292,129932,4557.51,6999.62,1.63544,1.69158,0,0,0.0350762,0,39.9034,66.9243,166.633,746.932,1916.41,4062.82,0.00306446,0.000277857,5,5,10,0.666667,1,1.84487,1.13902,0.705852,0.00790077,0.117175,1436,0,0,0,0,0.001,0,0,0,0,0,0,0,0,0,0,0,0,0,0,0,0,0,0,0,0,0,0,0,0,0,0,0,0,0,0,0,0,0,0,0,0,16.4704,48.4485,11.9141,528.376,706.71,0,0.921232,-0.387084,0.0386967,0.999999,0.0857639,0.0049756,0.709402,0.83,794.721,940.005,1483.37,2613.17,214.441,685.377,1340.28,79.4266,2102.34,169.31,126.96,-0.0598227,-0.102685,-0.516563,0.32992,0,0,0,0,0,0,0,64.6545,0,0.985376,0,0,282.333,928.306,0,0,770.127,3135.41,0
1691509862861343743,1843,1461,376,0.792729,16.0504,31.211,50.5424,65.5902,162.02,0.970428,254.444,495.574,867.737,1170.24,724.287,3040.76,8264.75,39450.6,1138.95,1406.53,1594.52,509.546,423.172,432.275,135100,5076.87,7951.84,2.78784,3.28022,0,0,0.0375785,0,40.0414,72.5619,168.836,663.998,2889.42,4116.98,0.00485813,0.00153802,6,5,9,0.642857,1,1.91052,1.17259,0.73793,0.00791616,0.168984,1461,0,0,0,0,0.001,0,0,0,0,0,0,0,0,0,0,0,0,0,0,0,0,0,0,0,0,0,0,0,0,0,0,0,0,0,0,0,0,0,0,0,0,16.0504,50.5424,14.5863,519.624,703.79,0,0.922281,-0.384923,0.0350901,0.999991,0.248294,0.0344267,0.754386,0.86,829.115,962.46,1547.05,2603.82,216.758,698.506,1394.47,81.5215,2186.04,169.502,114.147,0.457288,-0.285745,-0.294525,0.19347,0,0,0,0,0,0,0,65.5902,0,0.982888,0,0,254.444,867.737,0,0,724.287,3040.76,0
1691509862960836822,1738,1417,321,0.815305,16.4078,31.1149,51.8746,70.1594,156.972,-1.31542,257.92,509.89,876.499,1116.01,735.698,2846.16,7706.38,14670.8,1160.92,1278.41,1549.81,520.863,404.53,416.708,128829,3857.62,6011.93,49.809,4.41921,0,0,0.0299437,0,46.036,73.3799,144.291,699.518,1624.66,3424.05,0.000118664,3.18157e-05,2,2,8,0.8,1,2.45384,1.67396,0.779881,0.00762955,0.337671,1417,0,0,0,0,0.001,0,0,0,0,0,0,0,0,0,0,0,0,0,0,0,0,0,0,0,0,0,0,0,0,0,0,0,0,0,0,0,0,0,0,0,0,16.4078,51.8746,14.0671,530.981,692.952,0,0.921683,-0.38605,0.0382877,0.999994,0.197266,0.0518529,0.769912,0.87,830.223,990.654,1600.66,2611.4,217.778,712.547,1521.38,85.207,2180.17,149.061,114.943,0.160761,-0.532773,-0.26609,0.201049,0,0,0,0,0,0,0,70.1594,0,0.978829,0,0,257.92,876.499,0,0,735.698,2846.16,0
1691509863060835870,1774,1458,314,0.821871,16.6576,31.6489,58.2986,80.2354,166.712,-1.05335,254.631,499.02,831.112,1114.33,753.325,2904.24,8444.76,15131.4,1205.78,1315.16,1599.99,449.604,432.043,443.937,126475,4185.27,6528.76,10.233,3.6616,0,0,0.0330916,0,44.0432,73.0366,140.672,641.422,2029.98,3599.61,6.54543e-05,2.13484e-05,3,3,8,0.727273,1,2.55737,1.60401,0.953356,0.0118713,0.257615,1458,0,0,0,0,0.001,0,0,0,0,0,0,0,0,0,0,0,0,0,0,0,0,0,0,0,0,0,0,0,0,0,0,0,0,0,0,0,0,0,0,0,0,16.6576,58.2986,15.7184,538.469,703.812,0,0.922509,-0.384185,0.0371444,0.999997,0.133981,0.0154994,0.680672,0.81,788.525,976.368,1605.45,2608.82,220.061,696.868,1552.16,89.9251,2318.95,137.776,108.254,-0.100154,0.373773,-0.387415,-0.18293,0,0,0,0,0,0,0,80.2354,0,0.973251,0,0,254.631,831.112,0,0,753.325,2904.24,0
1691509863161079865,1700,1453,247,0.854706,16.35,30.1899,54.725,76.1761,171.625,0.89056,259.548,506.333,897.817,1100.38,779.984,3065.72,8660.69,13958.1,1173.31,1241.67,1754.96,473.776,473.524,418.242,129966,4235.12,6778.65,2.76995,2.77819,0,0,0.0325864,0,33.0912,73.1027,134.585,762.008,2317.53,3458.33,0.00778804,0.000608864,6,6,11,0.647059,1,2.84511,1.98438,0.860728,0.0170727,0.126358,1453,0,0,0,0,0.001,0,0,0,0,0,0,0,0,0,0,0,0,0,0,0,0,0,0,0,0,0,0,0,0,0,0,0,0,0,0,0,0,0,0,0,0,16.35,54.725,15.2958,542.944,715.76,0,0.925231,-0.377443,0.0385176,0.999973,0.423972,0.0124039,0.666667,0.8,832.225,979.533,1549.47,2612.2,216.404,718.082,1417.97,93.2578,2188.54,139.335,109.088,0.105998,0.183181,-0.806204,-0.0773617,0,0,0,0,0,0,0,76.1761,0,0.974535,0,0,259.548,897.817,0,0,779.984,3065.72,0
1691509863260156412,1585,1248,335,0.787382,16.4157,32.1653,58.8846,81.0462,166.969,2.62898,266.149,491.689,877.02,1100.35,805.991,3049.09,8731.65,18634.9,1185.5,1111.05,1753.92,498.243,467.09,307.51,128420,3988.55,6134.11,2.30853,1.65036,0,0,0.0310586,0,22.6223,47.611,125.652,574.808,1914.75,3448.66,0.000309575,3.16586e-05,3,2,9,0.818182,1,2.27917,1.45537,0.8238,0.00601643,0.325319,1248,0,0,0,0,0.001,0,0,0,0,0,0,0,0,0,0,0,0,0,0,0,0,0,0,0,0,0,0,0,0,0,0,0,0,0,0,0,0,0,0,0,0,16.4157,58.8846,14.487,554.647,704.866,0,0.923706,-0.381007,0.0400163,0.999991,0.238143,0.0268644,0.709402,0.83,825.298,968.232,1549.34,2615.74,217.703,720.727,1442.48,94.2753,2207.99,126.839,80.0455,0.303881,0.32142,-0.280022,-0.124417,0,0,0,0,0,0,0,81.0462,0,0.967949,0,0,266.149,877.02,0,0,805.991,3049.09,0
1691509863359684829,1705,1265,440,0.741935,15.3604,30.9464,55.2672,80.4532,154.054,3.34841,246.523,484.449,844.641,1112.94,777.41,3211.76,9583.07,13010,1303.43,1118.03,1776.63,460.439,449.694,371.381,133370,4076.46,6272.21,2.52926,2.24611,0,0,0.030565,0,36.7825,57.4534,105.25,712.036,1751.28,3609.41,0.00204787,0.000310087,5,4,11,0.733333,1,2.17983,1.38458,0.795257,0.00828233,0.123471,1265,0,0,0,0,0.001,0,0,0,0,0,0,0,0,0,0,0,0,0,0,0,0,0,0,0,0,0,0,0,0,0,0,0,0,0,0,0,0,0,0,0,0,15.3604,55.2672,12.3275,548.299,711.373,0,0.923395,-0.382086,0.0367612,0.999994,0.197283,0.0138935,0.709402,0.83,816.869,945.912,1573.12,2607.57,211.937,692.359,1440.1,92.202,2357.87,109.812,93.4772,-0.0454946,0.681082,-0.466094,0.267368,0,0,0,0,0,0,0,80.4532,0,0.966008,0,0,246.523,844.641,0,0,777.41,3211.76,0
1691509863459602410,1692,1247,444,0.736998,16.7412,30.0907,56.4493,83.7594,158.444,3.36927,259.406,497.259,873.47,1159.63,819.138,3020.11,9149.79,13163.6,1395.94,1111.72,1699.99,424.868,481.345,453.714,131003,3530.66,5784.54,9.0114,1.23882,0,0,0.026951,0,38.3832,83.593,99.5313,897.992,1716.3,2948.75,0.000197159,2.64743e-05,3,2,9,0.818182,1,2.62055,1.8372,0.783344,0.0105786,0.317965,1247,0,0,0,0,0.001,0,0,0,0,0,0,0,0,0,0,0,0,0,0,0,0,0,0,0,0,0,0,0,0,0,0,0,0,0,0,0,0,0,0,0,0,16.7412,56.4493,12.5274,536.694,701.779,0,0.922749,-0.383356,0.0396464,0.999995,0.184368,0.0160221,0.694915,0.82,804.872,945.918,1550.28,2614.27,205.831,693.341,1345.24,84.9556,2218.29,97.9057,118.851,0.231386,-0.427576,0.061074,0.310164,0,0,0,0,0,0,0,83.7594,0,0.971933,0,0,259.406,873.47,0,0,819.138,3020.11,0
1691509863559614247,1568,1180,384,0.752551,17.4681,34.5785,59.7176,92.0099,187.268,-0.29762,229.655,449.439,810.735,1073.78,758.261,3210.03,9629.94,16548.7,1268.05,1060.96,1762.99,401.832,482.302,323.002,131374,3697.86,5820.19,4.16007,4.36556,0,0,0.0281477,0,21.5705,44.7598,77.3551,700.745,1857.16,3118.6,0.0316165,0.0037008,5,4,12,0.75,1,2.47395,1.59553,0.87842,0.00949937,0.177252,1180,0,0,0,0,0.001,0,0,0,0,0,0,0,0,0,0,0,0,0,0,0,0,0,0,0,0,0,0,0,0,0,0,0,0,0,0,0,0,0,0,0,0,17.4681,59.7176,11.909,551.99,720.101,0,0.921591,-0.38622,0.038773,0.999995,0.183984,0.0392376,0.73913,0.85,817.102,950.968,1556.19,2612.04,218.788,693.265,1440.84,76.0665,2173.03,79.6357,80.7823,0.249036,0.164915,0.235029,-0.0820207,0,0,0,0,0,0,0,92.0099,0,0.95678,0,0,229.655,810.735,0,0,758.261,3210.03,0
1691509863659733466,1398,1007,388,0.720315,19.5241,37.8854,65.6853,91.6479,158.912,1.38915,252.563,458.758,872.896,1243.92,778.776,3526.5,9617.99,18191.5,1280.06,1052.18,2027.18,411.648,486.588,336.147,132662,3618.99,5616.15,5.38345,2.88658,0,0,0.0272799,0,26.8685,34.5046,92.4668,703.711,1582.65,3175.95,0.000209516,6.16778e-05,3,3,8,0.727273,1,2.2043,1.38142,0.822882,0.0165774,0.242503,1007,0,0,0,0,0.001,0,0,0,0,0,0,0,0,0,0,0,0,0,0,0,0,0,0,0,0,0,0,0,0,0,0,0,0,0,0,0,0,0,0,0,0,19.5241,65.6853,15.7814,552.718,708.5,0,0.924278,-0.38002,0.036,0.999973,0.418515,0.0246203,0.709402,0.83,809.269,966.064,1554.67,2605.69,211.897,695.664,1395.52,87.876,2078.65,92.9316,65.1875,0.481489,0.200283,-0.0518017,-0.0931663,0,0,0,0,0,0,0,91.6479,0,0.960278,0,0,252.563,872.896,0,0,778.776,3526.5,0
1691509863760096178,1369,951,417,0.694668,18.9355,37.164,66.1727,93.8346,176.19,-0.831664,249.989,466.903,851.766,1119.77,787.87,3405.4,10766,18306.2,1189.83,1220.62,1927.68,411.569,548.827,282.501,131013,4267.02,6321.96,1.5379,1.2202,0,0,0.0325695,0,19.8741,31.1039,76.9293,584.599,1773.83,3835.62,4.40132e-05,6.85582e-06,3,3,8,0.727273,1,1.91876,1.14149,0.777266,0.00588827,0.262192,951,0,0,0,0,0.001,0,0,0,0,0,0,0,0,0,0,0,0,0,0,0,0,0,0,0,0,0,0,0,0,0,0,0,0,0,0,0,0,0,0.0126183,27.4544,39.0246,18.7747,66.3809,15.1599,554.538,703.302,0,0.921876,-0.385714,0.0370049,0.99998,0.358748,0.0327251,0.666667,0.8,849.336,988.401,1556.09,2607.92,216.257,701.842,1409.53,77.6401,2002.77,78.2952,63.0789,-0.429691,0.21069,-0.294574,-0.0683605,0,0,0,0,0,0.00876552,41.9703,94.5749,1,0.949947,177.753,343.893,251.055,857.067,256.353,464.47,796.897,3441.09,0.000187543
1691509863860141907,1332,979,353,0.734985,19.5043,37.8656,63.8032,91.0512,150.335,-0.361694,249.615,460.14,782.557,1013.91,787.466,3078.8,8938.62,15996.4,1152.92,978.19,1785.58,386.331,539.715,170.544,131893,2954.17,4644.07,5.7131,4.75652,0,0,0.0223983,0,13.9238,22.9622,66.1821,578.658,1462.94,2499.4,0.0157799,0.00353572,3,2,8,0.8,1,2.92128,2.15878,0.762495,0.00531773,0.349481,979,0,0,0,0,0.001,0,0,0,0,0,0,0,0,0,0,0,0,0,0,0,0,0,0,0,0,0,0,0,0,0,0,0,0,0,0,0,0,0,0.0418795,12.7396,44.3918,19.8137,64.5034,16.5128,523.99,699.497,0,0.923044,-0.382626,0.0398236,0.999991,0.248723,0.0118673,0.694915,0.82,832.062,982.189,1555.25,2614.44,211.919,708.71,1406.13,87.1877,1957.34,71.0567,36.843,0.297793,0.0813315,-0.345747,-0.0341707,0,0,0,0,0,0.0307808,52.8215,91.891,1,0.958422,199.932,406.183,259.549,791.009,299.453,573.599,816.308,3145.24,0.00129044
1691509863959420511,1592,1150,440,0.722362,17.1837,32.5281,62.0373,87.9358,157.789,-0.424039,233.526,413.285,723.32,949.504,673.634,2428.74,9369.5,21891.1,1020.85,854.755,1473.54,360.184,548.992,179.815,129451,3324.78,4990.35,4.72837,3.95326,0,0,0.0256838,0,11.8364,27.3688,71.1129,592.609,1275.94,3011.48,0.00137528,0.000264204,4,4,8,0.666667,1,1.91276,1.09279,0.819972,0.0180053,0.331611,1150,0,0,0,0,0.001,0,0,0,0,0,0,0,0,0,0,0,0,0,0,0,0,0,0,0,0,0,0,0,0,0,0,0,0,0,0,0,0,0,0.0382609,12.9513,41.4217,17.4082,63.6309,13.4083,508.337,708.255,0,0.923712,-0.381262,0.0373584,0.999996,0.165907,0.0111263,0.6,0.75,782.532,973.584,1532.83,2608.51,207.919,695.974,1362.92,70.6203,2013.11,71.3306,41.8724,-0.439948,-0.239724,-0.127505,0.174599,0,0,0,0,0,0.0276382,52.3839,89.1377,1,0.961121,191.577,345.847,236.206,737.84,267.196,510.071,696.098,2475.1,0.00102189
1691509864059236580,1645,1192,449,0.72462,18.2876,34.1197,55.0331,79.1252,158.513,0.940182,267.932,486.3,823.199,1087.28,767.466,2961.01,9384.92,19268.3,1288.1,1121.47,1817.69,394.872,638.775,242.81,123344,3631.07,5911.87,3.95014,3.8353,0,0,0.0294386,0,20.6634,30.3988,79.538,921.054,1921.28,2938.93,0.00888443,0.00151343,7,6,12,0.666667,1,2.39346,1.65952,0.733937,0.0157817,0.185768,1192,0,0,0,0,0.001,0,0,0,0,0,0,0,0,0,0,0,0,0,0,0,0,0,0,0,0,0,0,0,0,0,0,0,0,0,0,0,0,0,0,0,0,18.2876,55.0331,12.9716,504.334,697.694,0,0.922921,-0.382774,0.0412437,0.999991,0.243127,0.0203497,0.666667,0.8,790.424,996.471,1555.68,2617.61,208.159,700.441,1406.46,79.855,2138.9,81.5132,50.2626,-0.377478,-0.125329,-0.0890327,0.0182637,0,0,0,0,0,0,0,79.1252,0,0.974832,0,0,267.932,823.199,0,0,767.466,2961.01,0
1691509864159367465,1744,1240,501,0.711009,18.1806,34.5679,57.102,78.9941,161.556,0.0953522,274.227,494.26,816.061,1021.53,804.333,2761.15,8316.39,19643,1160.85,1131.69,1763.17,414.592,593.19,218.896,120724,3364.77,5435.83,10.8336,1.91386,0,0,0.0278717,0,16.1127,29.1195,87.3512,817.843,1702.05,2783.35,7.73702e-05,1.57789e-05,2,2,8,0.8,1,2.22989,1.41941,0.810481,0.0132843,0.0993144,1240,0,0,0,0,0.001,0,0,0,0,0,0,0,0,0,0,0,0,0,0,0,0,0,0,0,0,0,0,0,0,0,0,0,0,0,0,0,0,0,0,0,0,18.1806,57.102,12.6466,489.859,690.495,0,0.921033,-0.387361,0.0406213,0.999988,0.286452,0.0360197,0.724138,0.84,794.441,972.912,1455.57,2615.92,206.9,703.473,1417.78,80.3057,1980.86,94.9839,47.1386,-0.565686,-0.0108603,-0.304658,-0.325482,0,0,0,0,0,0,0,78.9941,0,0.973387,0,0,274.227,816.061,0,0,804.333,2761.15,0
1691509864259568837,1628,1274,351,0.782555,18.228,33.1984,54.7855,83.9319,172.16,0.124125,263.079,494.956,795.624,1051.25,781.927,2822.13,10230.5,16470.5,1185.89,981.725,2037.95,427.267,589.19,194.166,122720,4020.92,6496.43,5.61811,2.50409,0,0,0.032765,0,16.1513,34.2188,83.1894,974.114,2106.52,3282.24,0.000226887,5.72332e-05,3,3,8,0.727273,1,2.07986,1.26418,0.815682,0.00972605,0.238615,1274,0,0,0,0,0.001,0,0,0,0,0,0,0,0,0,0,0,0,0,0,0,0,0,0,0,0,0,0,0,0,0,0,0,0,0,0,0,0,0,0,0,0,18.228,54.7855,15.8501,497.352,700.798,0,0.921874,-0.385334,0.040823,0.999998,0.126229,0.0382898,0.73913,0.85,839.606,1015.85,1476.56,2616.44,211.401,722.963,1436.6,80.1083,2155.82,91.0764,50.1816,-0.255368,-0.497244,-0.122365,-0.18266,0,0,0,0,0,0,0,83.9319,0,0.973312,0,0,263.079,795.624,0,0,781.927,2822.13,0
1691509864360325569,1632,1299,332,0.795956,17.4001,32.5789,54.4434,80.8084,157.015,1.19853,257.999,454.254,852.595,1172.42,807.403,2909.01,11314.9,24922.9,1179.82,1044.67,2057.79,399.117,592.498,202.273,123795,4667.74,7541.81,8.07557,7.64411,0,0,0.0377053,0,21.7761,35.7519,82.4238,1076.18,2608.75,3716.92,0.0394297,0.00629842,3,3,7,0.7,1,2.04769,1.21657,0.831124,0.0124836,0.231728,1299,0,0,0,0,0.001,0,0,0,0,0,0,0,0,0,0,0,0,0,0,0,0,0,0,0,0,0,0,0,0,0,0,0,0,0,0,0,0,0,0,0,0,17.4001,54.4434,10.4281,526.921,703.651,0,0.920351,-0.389278,0.0376329,0.999986,0.303406,0.0101122,0.724138,0.84,840.041,1003,1689.31,2608.61,209.909,735.1,1465.09,70.0728,2216.51,90.4377,54.981,0.278485,-0.217958,-0.381183,0.46932,0,0,0,0,0,0,0,80.8084,0,0.966898,0,0,257.999,852.595,0,0,807.403,2909.01,0
1691509864461816436,1467,1238,228,0.843899,16.8491,30.5834,58.3407,82.5546,166.989,1.80323,254.325,439.846,761.185,1120.39,799.51,3001.71,10556.9,33480.3,1149.57,984.342,2091.94,382.132,571.953,198.096,129656,4766.16,7380.8,5.34038,5.27068,0,0,0.03676,0,14.6265,26.637,90.0317,856.805,2318.92,4073.79,0.00285429,0.00121748,10,10,9,0.473684,1,2.13968,1.34297,0.796712,0.0149852,0.442559,1238,0,0,0,0,0.001,0,0,0,0,0,0,0,0,0,0,0,0,0,0,0,0,0,0,0,0,0,0,0,0,0,0,0,0,0,0,0,0,0,0,0,0,16.8491,58.3407,13.8654,540.099,677.036,0,0.921029,-0.387633,0.0380256,0.999998,0.104364,0.0346831,0.694915,0.82,872.382,1046.77,1597.94,2609.41,216.779,762.108,1476.03,66.9456,2260.61,93.2917,42.9324,-0.965052,-0.179094,-0.344721,-0.102943,0,0,0,0,0,0,0,82.5546,0,0.970113,0,0,254.325,761.185,0,0,799.51,3001.71,0
1691509864563464207,1651,1403,247,0.849788,17.682,32.2424,54.703,75.0586,178.672,1.37788,251.159,457.527,785.199,1054.9,748.181,2938.98,8047.91,17021.8,1176.76,916.379,2010.21,392.327,606.209,174.761,141920,3896.52,6445.43,3.26274,3.17809,0,0,0.0274558,0,17.7085,33.5639,86.0213,1007.92,2413.48,2886.73,0.105813,0.00690652,11,10,11,0.52381,1,2.01847,1.18488,0.83359,0.0296367,0.327458,1403,0,0,0,0,0.001,0,0,0,0,0,0,0,0,0,0,0,0,0,0,0,0,0,0,0,0,0,0,0,0,0,0,0,0,0,0,0,0,0,0,0,0,17.682,54.703,14.8319,547.136,696.032,0,0.922312,-0.384618,0.0375471,0.999995,0.189748,0.0375836,0.666667,0.8,826.079,971.462,1577.21,2608.5,211.467,720.044,1458.93,60.2524,2263.54,94.6615,49.474,-0.372334,0.561241,0.378103,-0.630803,0,0,0,0,0,0,0,75.0586,0,0.977904,0,0,251.159,785.199,0,0,748.181,2938.98,0
1691509864664699553,1692,1383,308,0.817376,18.1578,33.5386,55.3428,75.6288,164.76,1.22175,253.553,441.503,732.357,1069.02,743.143,2581.72,8506.23,18742.6,1127.36,921.847,1861.35,383.132,579.91,175.174,150661,3580.96,5917.54,6.6004,3.15297,0,0,0.0237683,0,16.0249,27.5722,76.6903,928.98,2206.81,2661.46,0.00600148,0.0012266,3,2,10,0.833333,1,2.12743,1.30047,0.826957,0.00373438,0.350891,1383,0,0,0,0,0.001,0,0,0,0,0,0,0,0,0,0,0,0,0,0,0,0,0,0,0,0,0,0,0,0,0,0,0,0,0,0,0,0,0,0,0,0,18.1578,55.3428,15.9635,577.324,699.713,0,0.921555,-0.386307,0.038788,0.999998,0.127686,0.0660073,0.680672,0.81,811.366,955.233,1469.51,2611.39,212.169,677.053,1343.97,73.8814,2343.8,86.3167,38.7806,-0.133639,0.316883,-0.423134,0.0939074,0,0,0,0,0,0,0,75.6288,0,0.979754,0,0,253.553,732.357,0,0,743.143,2581.72,0
1691509864766530943,1609,1302,306,0.809198,16.2222,29.0889,46.3629,65.1089,158.039,0.60761,240.446,430.344,743.032,1071.53,760.196,2897.06,7589.09,16337.1,1295.68,805.401,2165.11,336.405,600.597,173.091,142733,3509.11,5809.65,53.223,2.55667,0,0,0.024585,0,11.4881,28.5988,75.5391,911.696,2248.61,2533.72,0.000109577,1.72601e-05,2,1,9,0.9,1,1.92998,1.28863,0.641353,0.00723007,0.369291,1302,0,0,0,0,0.001,0,0,0,0,0,0,0,0,0,0,0,0,0,0,0,0,0,0,0,0,0,0,0,0,0,0,0,0,0,0,0,0,0,0,0,0,16.2222,46.3629,15.0294,611.431,708.539,0,0.922446,-0.384517,0.035211,0.999992,0.234785,0.0920708,0.626016,0.77,868.069,987.168,1583.51,2602.7,212.407,703.089,1423.98,63.8595,2405.01,81.9382,35.4756,-0.540317,2.79523,0.037993,0.0459734,0,0,0,0,0,0,0,65.1089,0,0.981567,0,0,240.446,743.032,0,0,760.196,2897.06,0
1691509864867664613,1571,1310,261,0.833864,16.6348,29.493,48.2463,60.7133,141.503,-2.64843,244.074,429.415,761.773,1071.5,789.02,3303.67,9335.07,24602.6,1303.87,883.003,2347.8,408.714,534.399,186.857,146224,4279.89,6974.26,3.6375,5.6298,0,0,0.0292694,0,10.828,30.7772,62.8123,1008.64,2687.48,3173.73,0.0192147,0.00348721,3,2,8,0.8,1,1.86662,1.29427,0.572345,0.00568991,0.236689,1310,0,0,0,0,0.001,0,0,0,0,0,0,0,0,0,0,0,0,0,0,0,0,0,0,0,0,0,0,0,0,0,0,0,0,0,0,0,0,0,0,0,0,16.6348,48.2463,14.0716,637.579,722.35,0,0.921025,-0.387479,0.0396621,0.999985,0.316952,0.0424976,0.73913,0.85,862.141,1050,1632.06,2613.26,216.79,729.988,1468.06,71.6659,2529.19,66.8482,38.9828,-0.137373,0.379716,0.106714,-0.515971,0,0,0,0,0,0,0,60.7133,0,0.99542,0,0,244.074,761.773,0,0,789.02,3303.67,0
1691509864967146289,1578,1330,248,0.842839,15.7993,27.9888,46.1457,61.0055,182.607,-1.91624,242.514,413.316,766.519,1158,779.112,3329.7,10911.5,99003,1241.78,932.794,2394,485.164,550.97,162.976,140754,11783.2,15345,18.9769,8.50611,0,0,0.083715,0,8.91311,28.4084,58.9438,1127,2710.13,11411.6,9.12417e-05,0.000207618,3,3,10,0.769231,1,2.1327,1.57535,0.557355,0.010273,0.383919,1330,0,0,0,0,0.001,0,0,0,0,0,0,0,0,0,0,0,0,0,0,0,0,0,0,0,0,0,0,0,0,0,0,0,0,0,0,0,0,0,0,0,0,15.7993,46.1457,14.4585,635.882,699.66,0,0.920934,-0.387604,0.0405422,1,0.0511965,0.000790546,0.801802,0.89,863.975,1043.73,1592,2615.27,216.607,747.316,1437.99,63.5644,2394.12,60.8301,33.9025,0.453057,-1.01226,0.0316776,-0.0857218,0,0,0,0,0,0,0,61.0055,0,0.991729,0,0,242.514,766.519,0,0,779.112,3329.7,0
1691509865063978836,1475,1223,251,0.829153,15.2488,28.0708,47.3069,66.3114,172.712,-1.88068,235.542,442.758,833.059,1154.91,854.421,3306.63,11325.2,17635.7,1145.92,1145.13,2331.83,540.425,561.324,137.895,135094,4841.66,7754.07,2.06701,2.05986,0,0,0.0358393,0,8.26788,30.7818,62.2599,1100.05,2660.85,3891.86,0.0191247,0.00237588,7,7,11,0.611111,1,1.74387,1.1778,0.566061,0.0106434,0.558984,1223,0,0,0,0,0.001,0,0,0,0,0,0,0,0,0,0,0,0,0,0,0,0,0,0,0,0,0,0,0,0,0,0,0,0,0,0,0,0,0,0,0,0,15.2488,47.3069,13.1137,627.729,682.158,0,0.921491,-0.386453,0.0388332,0.999998,0.1223,0.00784195,0.785714,0.88,848.467,1031.41,1643.24,2611.22,223.481,740.45,1555.35,63.6133,2435.54,62.2482,38.8768,-0.227791,0.0676937,0.117124,-0.0576595,0,0,0,0,0,0,0,66.3114,0,0.990188,0,0,235.542,833.059,0,0,854.421,3306.63,0
1691509865160279256,1471,1228,243,0.834806,16.4193,30.1367,57.3633,80.8545,148.432,0.595124,249.951,456.251,781.463,1077.73,884.3,3246.4,10805.8,24944.6,1144.61,1204.48,2435.53,558.769,511.603,149.474,137284,5147.79,7941.68,2.79415,2.57956,0,0,0.0374974,0,8.12482,29.7463,60.6756,1148.63,2170.91,4523.6,0.00823022,0.00110168,5,5,10,0.666667,1,1.94963,1.21591,0.733722,0.0107996,0.433864,1228,0,0,0,0,0.001,0,0,0,0,0,0,0,0,0,0,0,0,0,0,0,0,0,0,0,0,0,0,0,0,0,0,0,0,0,0,0,0,0,0,0,0,16.4193,57.3633,14.4676,594.123,692.41,0,0.919644,-0.390779,0.039321,0.999989,0.27095,0.118307,0.769912,0.87,863.331,1031.13,1651.85,2612.14,227.439,750.016,1541.86,65.7243,2286.63,62.0647,39.272,-0.930731,-0.336426,0.448493,0.383921,0,0,0,0,0,0,0,80.8545,0,0.980456,0,0,249.951,781.463,0,0,884.3,3246.4,0
1691509865255728415,1545,1345,200,0.87055,16.7035,30.7633,52.3221,66.7833,139.55,-2.43815,239.153,439.645,823.801,1177.55,820.845,3298.29,10544.6,20707.4,1213.96,1160.29,2423.43,534.407,555.108,156.423,143541,5164.52,7870.06,2.29453,2.69276,0,0,0.0359795,0,6.43047,27.9041,68.5141,1226.54,1896.99,4643.68,0.0257608,0.00289609,5,5,10,0.666667,1,1.85539,1.19363,0.661762,0.0180982,0.431951,1345,0,0,0,0,0.001,0,0,0,0,0,0,0,0,0,0,0,0,0,0,0,0,0,0,0,0,0,0,0,0,0,0,0,0,0,0,0,0,0,0,0,0,16.7035,52.3221,17.449,573.765,697.786,0,0.920663,-0.388262,0.0404073,0.999996,0.167555,0.0402253,0.834862,0.91,851.243,1015.35,1625.65,2614.78,227.395,751.825,1542.77,54.6873,2257.65,76.4641,34.2432,-0.609241,0.208436,-0.111384,0.00665281,0,0,0,0,0,0,0,66.7833,0,0.988848,0,0,239.153,823.801,0,0,820.845,3298.29,0
1691509865352292872,1626,1402,223,0.862239,16.5412,30.7929,48.8942,68.8313,137.17,-1.36965,242.109,452.455,796.753,1111.4,827.334,3168.03,10260.8,21079.1,1233.37,1056.12,2266.97,442.598,560.887,196.795,149613,5142.3,7915.12,2.84164,2.66279,0,0,0.0343708,0,7.1017,32.4303,68.7872,1201.77,2041.56,4563.46,0.017673,0.00384199,2,2,7,0.777778,1,1.82036,1.15753,0.662833,0.00759208,0.116927,1402,0,0,0,0,0.001,0,0,0,0,0,0,0,0,0,0,0,0,0,0,0,0,0,0,0,0,0,0,0,0,0,0,0,0,0,0,0,0,0,0,0,0,16.5412,48.8942,15.1342,592.258,736.608,0,0.920785,-0.388178,0.0383846,0.999998,0.116198,0.0157637,0.769912,0.87,847.148,1031.96,1633.07,2660.33,226.945,718.484,1547.75,62.4171,2368.11,72.9259,38.6919,-0.0340597,-0.174606,0.184313,0.00369335,0,0,0,0,0,0,0,68.8313,0,0.992154,0,0,242.109,796.753,0,0,827.334,3168.03,0
1691509865449422535,1612,1370,242,0.849876,17.2272,30.2748,49.9053,67.3987,166.26,1.15232,241.248,435.429,769.733,1065.91,733.359,2943.14,10244.1,19384.5,1273.34,906.854,2083.99,396.045,537.263,242.306,144017,4455.36,7270.25,4.27729,3.99313,0,0,0.0309364,0,10.7179,29.979,66.2608,1082.51,2736.21,3344.57,0.0177087,0.00454556,7,7,8,0.533333,1,2.26009,1.56357,0.696523,0.0185127,0.381131,1370,0,0,0,0,0.001,0,0,0,0,0,0,0,0,0,0,0,0,0,0,0,0,0,0,0,0,0,0,0,0,0,0,0,0,0,0,0,0,0,0,0,0,17.2272,49.9053,9.1338,628.954,710.912,0,0.918873,-0.392684,0.038364,0.999988,0.280442,0.0984602,0.754386,0.86,842.401,1004.96,1598.81,2649.87,225.755,716.273,1510.05,55.8312,2506.99,69.7844,42.6142,-0.0192729,0.387629,-0.0795056,-0.290177,0,0,0,0,0,0,0,67.3987,0,0.982482,0,0,241.248,769.733,0,0,733.359,2943.14,0
1691509865548571806,1742,1375,364,0.789323,15.429,29.6382,46.661,63.0566,148.666,1.42999,226.743,425.584,819.447,1153.59,648.139,2616.85,6376.61,20400.6,1238.15,757.673,1802.92,344.918,623.451,260.934,128928,3224.08,5388.71,19.6331,6.42496,0,0,0.0250069,0,10.0588,33.3301,61.4094,927.574,2035.87,2320.47,0.000165957,4.58465e-05,2,1,9,0.9,1,2.37555,1.74914,0.626407,0.00362928,0.153546,1375,0,0,0,0,0.001,0,0,0,0,0,0,0,0,0,0,0,0,0,0,0,0,0,0,0,0,0,0,0,0,0,0,0,0,0,0,0,0,0,0,0,0,15.429,46.661,12.8398,563.545,682.615,0,0.920278,-0.38915,0.0406284,0.99999,0.25359,0.0221419,0.538462,0.7,773.933,928.472,1445.73,2647.68,221.717,677.713,1347.35,56.9966,2378.86,65.3715,45.1698,-0.392078,-0.0553951,0.242237,-0.515106,0,0,0,0,0,0,0,63.0566,0,0.989818,0,0,226.743,819.447,0,0,648.139,2616.85,0
1691509865648150103,1918,1503,410,0.783629,15.6037,27.373,44.5622,62.0033,170.923,4.02437,237,445.174,830.995,1084.63,654.005,2529.86,5833.26,18024.1,1145.21,891.6,1473.58,336.85,584.423,311.891,113165,2563.92,4379.82,4.34929,2.90261,0,0,0.0226564,0,12.5419,51.6358,74.3505,847.252,1487.58,1906.46,0.0100392,0.00175408,3,3,9,0.75,1,2.55819,1.87086,0.687336,0.0116347,0.111223,1503,0,0,0,0,0.001,0,0,0,0,0,0,0,0,0,0,0,0,0,0,0,0,0,0,0,0,0,0,0,0,0,0,0,0,0,0,0,0,0,0.00199601,1.52548,8.76225,15.6148,44.6316,13.9527,493.845,675.202,0,0.921108,-0.387055,0.0418092,0.999997,0.145763,0.143018,0.574803,0.73,760.456,925.858,1594.83,2618.13,212.914,658.663,1539.36,71.2725,2446.56,83.6803,70.2829,-0.739078,0.342005,-0.232586,0.100798,0,0,0,0,0,0.00156413,9.66684,62.0665,1,0.981333,43.9821,62.2173,237.059,832.111,79.0642,111.275,655.301,2533.14,5.04422e-06
1691509865750681344,1775,1451,323,0.817465,16.1495,28.8429,45.6588,60.7999,152.525,-1.36497,224.544,432.817,785.824,1151.48,638.254,2644.81,6635.97,22190,1125.83,890.332,1754.06,369.105,556.361,301.191,110140,3349.84,5670.88,2.09653,2.47923,0,0,0.0304145,0,6.99391,47.5528,60.2694,1143.91,1911.63,2500.53,0.00114315,0.000329946,9,8,13,0.619048,1,1.59869,0.962248,0.636445,0.0312046,0.391918,1451,0,0,0,0,0.001,0,0,0,0,0,0,0,0,0,0,0,0,0,0,0,0,0,0,0,0,0,0,0,0,0,0,0,0,0,0,0,0,0,0.0179187,6.69235,12.968,16.447,45.9212,16.6023,528.328,644.07,0,0.922193,-0.385081,0.0356636,0.999979,0.375031,0.0102448,0.680672,0.81,774.829,970.388,1604.32,2603.48,228.002,711.98,1485.79,61.4365,2519.61,67.3079,61.0168,-0.129292,-0.113324,0.0258982,0.131222,0,0,0,0,0,0.0146479,17.078,61.2446,1,0.987368,126.443,371.303,225.405,786.492,219.99,647.82,649.805,2671.2,0.00109938
1691509865855367623,1596,1382,213,0.865915,15.5181,28.4721,45.281,57.6729,159.726,-3.0861,232.075,451.176,811.501,1127.1,684.92,2948.73,7634.35,17282.4,1249.61,827.144,2018.13,394.406,636.349,250.877,108573,3399.96,5551.48,4.57908,4.48743,0,0,0.0313148,0,5.27945,45.1171,63.8299,1019.34,1594.33,2823.59,0.0181228,0.00325135,6,6,9,0.6,1,1.91649,1.36812,0.548366,0.00752313,0.325111,1382,0,0,0,0,0.001,0,0,0,0,0,0,0,0,0,0,0,0,0,0,0,0,0,0,0,0,0,0,0,0,0,0,0,0,0,0,0,0,0,0.0347323,8.49241,35.7787,15.7964,45.7545,11.9119,545.126,644.962,0,0.922853,-0.383261,0.0381163,0.999995,0.179051,0.00444464,0.666667,0.8,831.051,1035.7,1647.43,2500.15,236.898,738.098,1586.03,63.1859,2493.34,68.7316,49.1915,0.157864,0.164293,-0.165915,-0.158302,0,0,0,0,0,0.0300752,44.7931,57.8935,1,0.992504,100.765,769.275,235.115,822.196,170.394,1283.49,707.868,3046.39,0.00331648
1691509865961650195,1618,1438,180,0.888752,15.619,27.5068,43.2245,54.8816,144.782,-3.08891,223.218,440.876,807.206,1131.1,676.867,2808.92,7029.49,16034.4,1097.39,810.902,2002.44,391.305,578.703,238.767,113969,3361.09,5615.47,7.86117,1.38613,0,0,0.0294912,0,3.65225,44.7039,76.8245,978.513,1978.92,2532.86,0.000640623,9.92699e-05,3,3,8,0.727273,1,1.96539,1.39502,0.57037,0.00733159,0.551366,1438,0,0,0,0,0.001,0,0,0,0,0,0,0,0,0,0,0,0,0,0,0,0,0,0,0,0,0,0,0,0,0,0,0,0,0,0,0,0,0,0.038943,6.67427,27.9854,16.0411,43.5427,16.4668,519.721,647.812,0,0.923131,-0.382671,0.0373079,0.999999,0.0595097,0.0199287,0.754386,0.86,823.107,973.598,1585.29,2495.79,238.283,737.784,1497.34,63.0707,2581.01,83.8578,50.4639,0.463924,0.297015,-0.25558,-0.334174,0,0,0,0,0,0.0346106,34.5968,55.6377,1,0.991317,114.44,809.884,226.073,805.528,190.044,1351.31,708.342,2893.93,0.00431881
1691509866067299109,1712,1542,170,0.900701,15.3813,29.2179,49.2936,66.7498,154.756,-0.994686,219.956,400.475,729.222,999.274,609.854,2379.59,5736.93,17112.8,1039.33,690.819,1788.5,332.416,540.617,217.686,131970,2543.77,4237.76,2.79303,2.74772,0,0,0.0192753,0,6.61875,40.8504,70.4747,879.313,1150.95,2089.55,0.0285156,0.00342611,6,5,11,0.6875,1,2.37207,1.63856,0.733516,0.0067999,0.511222,1542,0,0,0,0,0.001,0,0,0,0,0,0,0,0,0,0,0,0,0,0,0,0,0,0,0,0,0,0,0,0,0,0,0,0,0,0,0,0,0,0.0479896,6.941,36.6008,16.041,50.6435,16.4776,553.821,650.701,0,0.922276,-0.38464,0.0382087,0.999997,0.13339,0.0106187,0.724138,0.84,793.952,965.475,1540.57,2445.29,233.126,693.031,1423.57,58.5361,2538.16,75.5673,40.041,0.217118,0.0259103,-0.267234,-0.00411063,0,0,0,0,0,0.0432243,40.7252,68.847,1,0.983651,112.518,773.138,224.606,727.593,189.445,1305.06,635.778,2470.64,0.00676043
1691509866171698549,1686,1527,157,0.905694,16.2047,29.3757,49.1701,65.3791,157.837,0.338309,227.837,416.272,764.011,1046.77,625.707,2595.58,6712.88,20911.7,1176.65,639.538,1827.38,332.635,551.695,194.683,144560,3074.34,5215.05,5.57068,4.48873,0,0,0.0212669,0,9.12144,43.9695,71.9505,974.602,1943.12,2172.28,0.00963391,0.00135729,4,3,10,0.769231,1,1.87623,1.14445,0.731781,0.00934868,0.48435,1527,0,0,0,0,0.001,0,0,0,0,0,0,0,0,0,0,0,0,0,0,0,0,0,0,0,0,0,0,0,0,0,0,0,0,0,0,0,0,0,0.0517354,5.06005,31.6874,16.7768,49.7877,17.2821,575.901,694.817,0,0.922435,-0.384509,0.0355819,0.999997,0.150969,0.022807,0.724138,0.84,806.234,969.073,1583.72,2603.2,232.414,692.179,1378.57,62.3999,2581.11,76.6432,44.6827,-0.386909,0.231883,0.0129542,0.0136983,0,0,0,0,0,0.0468565,45.0983,68.0831,1,0.986188,112.49,863.36,230.923,741.605,186.378,1434.89,657.439,2732.34,0.00832794
1691509866273432588,1574,1454,120,0.923761,14.8654,27.101,44.3031,59.1584,175.777,-1.51344,228.1,422.926,777.571,968.45,677.415,2544.62,8546.89,21957.9,1232.27,669.112,1864.98,413.957,526.952,180.748,145681,3875.27,6319.84,13.3417,3.14811,0,0,0.026601,0,7.95133,40.7079,75.1455,957.533,2187.67,3050.83,9.76205e-05,2.16861e-05,2,2,8,0.8,1,2.05515,1.44803,0.607112,0.00445616,0.17853,1454,0,0,0,0,0.001,0,0,0,0,0,0,0,0,0,0,0,0,0,0,0,0,0,0,0,0,0,0,0,0,0,0,0,0,0,0,0,0,0,0.0618982,6.97584,28.5043,15.7563,44.8811,13.8588,605.258,721.883,0,0.922753,-0.38323,0.0407688,0.999986,0.306626,0.0470645,0.709402,0.83,848.851,1002.24,1665.21,2388.83,228.826,719.571,1542,63.8047,2485.37,77.6874,42.463,0.622147,0.152463,-0.262844,0.053243,0,0,0,0,0,0.0571792,37.0474,61.4256,1,0.987537,117.07,872.795,231.414,743.78,196.574,1476.97,705.025,2686.8,0.00871059
1691509866371598367,1561,1471,89,0.942345,15.6516,29.4695,49.5213,69.5833,173.917,-5.30914,231.572,444.757,761.791,1004.06,708.114,2712.69,9647.3,94143.7,1122.19,862.14,2037.47,469.187,525.791,191.535,141395,13066.7,15942.1,9.93385,10.4295,0,0,0.0924133,0,7.97347,41.4306,84.9761,905.463,2025.59,12876.6,0.0409121,0.00583519,5,5,9,0.642857,1,1.97167,1.23549,0.736181,0.0133921,0.51124,1471,0,0,0,0,0.001,0,0,0,0,0,0,0,0,0,0,0,0,0,0,0,0,0,0,0,0,0,0,0,0,0,0,0,0,0,0,0,0,0,0.0700204,8.98532,29.7025,16.2737,52.1586,12.2285,588.402,692.369,0,0.920118,-0.389407,0.0417859,0.999977,0.389116,0.00943481,0.801802,0.89,848.494,1012.97,1594.47,1956.76,235.471,727.32,1414.86,68.5984,2506.95,89.129,41.8232,-0.715091,-0.146496,1.24181,0.284023,0,0,0,0,0,0.0659833,39.593,73.827,1,0.982456,188.841,933.899,232.769,723.738,322.503,1627.23,725.43,2892.38,0.00497048
1691509866467621520,1568,1439,129,0.91773,15.2449,29.0345,48.3973,66.9278,136.998,-3.26038,225.314,431.04,708.262,1015.25,681.755,2621.32,6343.62,19435.4,1027.26,918.487,1976.84,456.718,463.609,192.51,133974,3251.79,5207.67,3.49113,4.14687,0,0,0.0242719,0,5.33186,45.7634,74.5557,867.391,1424.48,2790.16,0.000170096,5.79432e-05,3,3,8,0.727273,1,1.94078,1.28558,0.655191,0.0046224,0.521205,1439,0,0,0,0,0.001,0,0,0,0,0,0,0,0,0,0,0,0,0,0,0,0,0,0,0,0,0,0,0,0,0,0,0,0,0,0,0,0,0,0.0701876,8.89844,32.405,16.3371,49.2255,15.4752,582.575,690.95,0,0.920559,-0.388437,0.0410863,0.999999,0.0730212,0.00683698,0.785714,0.88,843.909,982.676,1539.19,2023.93,232.411,726.947,1345.44,68.5999,2453.6,79.3528,43.2836,-0.0501729,0.769979,0.436587,-0.464835,0,0,0,0,0,0.0644133,36.6184,67.5364,1,0.986547,214.549,1011.26,226.168,667.525,357.824,1714.39,703.612,2804.92,0.0158961
1691509866562543111,1770,1650,118,0.932203,15.555,28.4889,47.5765,66.5859,149.612,-2.99833,226.848,412.977,715.409,969.269,668.359,2362.92,6805.97,25504.5,946.794,889.956,1774.53,450.814,455.898,203.848,136806,3946.84,6060.33,6.0661,6.12391,0,0,0.0288498,0,9.57164,50.5419,78.4033,891.961,1484.52,3545.33,0.067269,0.00582758,8,7,9,0.5625,1,2.20124,1.47783,0.723411,0.0153197,0.313532,1650,0,0,0,0,0.001,0,0,0,0,0,0,0,0,0,0,0,0,0,0,0,0,0,0,0,0,0,0,0,0,0,0,0,0,0,0,0,0,0,0.0660606,8.47966,32.409,15.9706,49.1873,15.9226,587.61,695.467,0,0.922589,-0.383369,0.0431037,0.999983,0.33348,0.0368266,0.709402,0.83,803.353,956.367,1461.06,2033.77,229.317,711.542,1337.38,81.4105,2486.62,86.1859,49.2302,0.597895,-0.0231244,-0.579195,0.0162105,0,0,0,0,0,0.0615819,39.7048,67.0864,1,0.992862,313.203,962.003,223.802,689.427,530.529,1651.31,671.932,2490.92,0.0162874
1691509866657950765,1747,1609,137,0.921007,14.2018,28.2135,44.7322,64.6444,126.637,-0.485396,226.61,413.246,699.6,928.302,662.626,2239.16,5414.8,24875.4,940.969,861.61,1702.8,459.113,453.341,179.154,134773,3091.95,4597.42,8.53336,6.33304,0,0,0.022942,0,4.46499,44.3297,68.4474,766.189,839.755,2874.24,0.00887933,0.00191915,3,2,10,0.833333,1,2.00503,1.34674,0.658283,0.0102916,0.204695,1609,0,0,0,0,0.001,0,0,0,0,0,0,0,0,0,0,0,0,0,0,0,0,0,0,0,0,0,0,0,0,0,0,0,0,0,0,0,0,0,0.0627719,10.483,30.926,14.7865,45.3504,14.5074,576.214,701.279,0,0.922372,-0.384081,0.0413853,0.999998,0.107289,0.0138594,0.680672,0.81,776.058,942.266,1334.47,2072.84,227.782,708.818,1307.66,68.94,2413.67,88.3669,36.07,1.15734,0.815503,-0.50992,-0.53031,0,0,0,0,0,0.0578134,39.483,65.7928,1,0.993369,255.468,928.524,226.518,668.1,435.23,1623.76,675.957,2309.53,0.0167916
1691509866753083029,1647,1524,123,0.925319,16.2239,28.5357,46.7327,64.3719,117.474,-1.68762,243.152,438.121,733.152,965.039,695.866,2537.72,7121.64,18685.1,1005.27,892.05,1833.46,480.831,471.061,194.18,135692,3658.71,5878.63,6.09235,4.06873,0,0,0.0269634,0,8.72071,42.6487,103.528,716.394,2101.42,2905.92,0.0010126,0.000220298,5,5,8,0.615385,1,1.8213,1.17304,0.648264,0.00675602,0.501379,1524,0,0,0,0,0.001,0,0,0,0,0,0,0,0,0,0,0,0,0,0,0,0,0,0,0,0,0,0,0,0,0,0,0,0,0,0,0,0,0,0.0636483,8.29838,35.9741,16.6089,46.8363,14.1129,600.554,678.333,0,0.921453,-0.386399,0.0402411,0.999996,0.157211,0.105895,0.694915,0.82,828.57,982.505,1546.71,2614.35,230.813,734.411,1388.65,67.9056,2403.34,109.846,43.9763,0.169963,-0.236771,-0.180208,0.273575,0,0,0,0,0,0.058895,48.8199,65.9125,1,0.991591,206.806,935.851,244.296,701.078,356.986,1605.21,714.608,2678.13,0.0132403
1691509866849008466,1732,1585,146,0.915127,15.5539,28.1688,46.7089,63.6519,134.52,-1.31602,230.819,425.865,692.942,926.636,677.7,2341.73,7069.63,50701.9,1115.05,690.219,1827.2,440.231,454.839,184.266,142814,5294.06,7546.8,5.32452,4.93046,0,0,0.0370696,0,9.45074,48.9742,90.5776,736.96,1704.1,4956.75,0.00435578,0.000612566,5,5,8,0.615385,1,2.37387,1.68574,0.688136,0.00409237,0.254397,1585,0,0,0,0,0.001,0,0,0,0,0,0,0,0,0,0,0,0,0,0,0,0,0,0,0,0,0,0,0,0,0,0,0,0,0,0,0,0,0,0.0630915,8.7149,42.255,16.0847,47.03,14.1207,614.086,715.793,0,0.921245,-0.386678,0.0422761,0.999998,0.11829,0.0577442,0.785714,0.88,811.398,947.002,1482.63,2329.65,226.443,728.937,1362.52,75.2282,2378.56,94.4564,40.8039,1.32954,0.199914,-1.3328,-0.258783,0,0,0,0,0,0.0577367,52.4154,64.6884,1,0.990572,161.104,849.697,233.483,686.746,275.939,1452.58,703.259,2438.66,0.00799714
1691509866946753233,1583,1423,160,0.898926,13.2937,25.7934,43.2922,58.856,137.774,-2.56395,236.345,436.96,749.371,940.671,666.581,2273.23,5913.91,21073.8,1078.44,556.79,1756.45,418.475,483.015,202.19,137390,2517.31,3770.27,1.87163,1.57421,0,0,0.0183223,0,3.89054,48.3101,81.7813,559.173,738.302,2338.81,0.00825929,0.000555758,3,2,9,0.818182,1,1.94454,1.41298,0.531561,0.0163167,0.13264,1423,0,0,0,0,0.001,0,0,0,0,0,0,0,0,0,0,0,0,0,0,0,0,0,0,0,0,0,0,0,0,0,0,0,0,0,0,0,0,0,0.0962755,7.99467,34.3696,13.7462,44.949,11.715,627.073,714.212,0,0.919564,-0.390662,0.0422435,0.999991,0.247729,0.0397513,0.709402,0.83,833.469,973.804,1437.44,2164.91,228.688,733.176,1319.65,56.549,2352.17,94.7383,40.1667,-0.190038,0.12279,-0.612882,-0.28651,0,0,0,0,0,0.0865445,43.7209,60.9916,1,0.989891,173.837,910.415,238.354,704.156,298.643,1533.66,679.306,2375.09,0.0275098
1691509867046626048,1746,1523,222,0.872279,15.4859,29.5768,48.4113,71.2588,182.94,0.990084,250.087,439.362,757.122,955.138,682.598,2252.11,5410.29,68657.8,1107.94,600.739,1688.95,423.513,454.24,252.04,136282,6479.75,8532.83,5.15257,6.09456,0,0,0.0475467,0,5.69285,65.9741,91.2819,586.975,1509.96,6272.95,0.0691718,0.00311871,3,2,8,0.8,1,2.08013,1.29373,0.786403,0.00868442,0.0904835,1523,0,0,0,0,0.001,0,0,0,0,0,0,0,0,0,0,0,0,0,0,0,0,0,0,0,0,0,0,0,0,0,0,0,0,0,0,0,0,0,0.0925804,11.5485,43.2093,15.958,49.4122,12.7874,591.311,699.901,0,0.921661,-0.385647,0.0426351,0.999985,0.312236,0.0106633,0.6,0.75,813.307,917.903,1428.55,2175.22,226.372,727.476,1325.21,75.9846,2392.22,97.2436,55.7065,0.596927,0.351347,-0.577699,-0.35889,0,0,0,0,0,0.080756,47.6,74.8936,1,0.97974,244.785,965.279,250.158,698.045,419.789,1597.64,700.949,2344.71,0.012877
1691509867148344569,1774,1474,300,0.830891,15.2184,28.759,47.6726,65.5245,146.75,0.207295,211.59,383.905,638.765,862.095,528.539,1665.55,4762.48,26059.6,781.015,584.546,1095.61,391.543,363.94,215.254,121317,2027.31,3079.37,2.62401,3.21065,0,0,0.0167109,0,3.4475,51.3004,75.7067,468.48,605.453,1874.98,0.00116242,0.000467934,5,5,8,0.615385,1,1.87276,1.17087,0.701885,0.0216082,0.174294,1474,0,0,0,0,0.001,0,0,0,0,0,0,0,0,0,0,0,0,0,0,0,0,0,0,0,0,0,0,0,0,0,0,0,0,0,0,0,0,0,0.12076,8.64017,31.4508,16.4528,50.2156,14.6479,556.743,666.609,0,0.921164,-0.386902,0.0419986,0.999999,0.0855047,0.00944371,0.639344,0.78,793.02,906.022,1330.11,2175.78,227.498,717.766,1303.44,78.2814,2454.42,92.6144,43.1348,0.264202,-0.0410411,-0.292362,-0.152926,0,0,0,0,0,0.100338,41.091,70.8488,1,0.98071,215.562,889.072,211.325,600.961,350.811,1498.33,552.102,1722.4,0.0381915
1691509867253090316,1720,1415,305,0.822674,17.4828,31.1813,50.6788,71.094,140.405,-2.20518,224.829,423.402,716.237,960.66,566.558,1771.51,4855.64,16107.4,811.461,642.437,1146.21,450.07,371.747,287.581,125475,1560.79,2593.39,1.16496,1.28625,0,0,0.0124391,0,4.31653,63.7628,97.5196,482.262,587.166,1358.36,0.0123917,0.00121802,4,4,8,0.666667,1,1.81447,1.06839,0.746076,0.00674437,0.354356,1415,0,0,0,0,0.001,0,0,0,0,0,0,0,0,0,0,0,0,0,0,0,0,0,0,0,0,0,0,0,0,0,0,0,0,0,0,0,0,0,0.161131,10.5193,37.1848,18.8917,53.7261,16.3276,573.274,644.398,0,0.919334,-0.391116,0.0430374,0.999989,0.269879,0.025289,0.639344,0.78,797.251,935.524,1409.21,2125.62,234.518,722.502,1371.64,74.8078,2820.88,108.381,61.6471,-0.17533,0.15482,0.281461,-0.0809633,0,0,0,0,0,0.132558,45.9531,74.4736,1,0.976411,296.854,1027.32,221.252,615.136,476.185,1642.37,574.169,1855.67,0.0722199
1691509867358738370,1770,1526,244,0.862147,18.5138,33.6644,57.7294,83.1655,159.524,-2.78918,234.066,437.545,745.27,897.957,596.19,1881.45,5745.38,110415,886.958,630.541,1293.99,464.885,388.391,286.607,134309,13392.6,15152,8.4531,8.55165,0,0,0.0997147,0,4.61836,65.0684,106.106,509.065,1132.86,13334.3,0.0490728,0.00602054,5,4,12,0.75,1,2.42053,1.4137,1.00684,0.00921221,0.190609,1526,0,0,0,0,0.001,0,0,0,0,0,0,0,0,0,0,0,0,0,0,0,0,0,0,0,0,0,0,0,0,0,0,0,0,0,0,0,0,0,0.164482,12.4533,35.4082,20.0314,64.1508,14.7899,585.346,666.864,0,0.921544,-0.385902,0.0428572,0.999984,0.32467,0.0509544,0.666667,0.8,802.743,925.739,1373.19,2089.54,226.357,717.654,1305.66,82.6881,2858.07,120.379,65.4967,0.0399993,0.286047,-0.0192582,-0.265898,0,0,0,0,0,0.141808,44.0203,88.4057,1,0.964706,331.935,902.887,229.007,655.968,544.051,1431.84,605.888,1979.31,0.0132876
1691509867464025088,1680,1469,206,0.874405,19.6048,34.3578,57.6614,85.1955,165.073,-1.15131,231.242,451.223,720.505,931.919,606.238,1894.1,4946.13,17223.5,818.288,691.365,1335.78,484.13,385.957,270.503,139140,1796.32,2810.06,1.76861,1.75767,0,0,0.0129101,0,3.78282,56.5542,94.6357,429.04,587.244,1638.8,14.8004,0.00379047,6,5,1,0.166667,1,2.42765,1.42761,1.00005,0.00926619,0.232197,1469,0,0,0,0,0.001,0,0,0,0,0,0,0,0,0,0,0,0,0,0,0,0,0,0,0,0,0,0,0,0,0,0,0,0,0,0,0,0,0,0.16678,13.4521,42.1349,21.125,62.3629,16.7624,610.006,676.232,0,0.921553,-0.385872,0.0429334,1,0.00470701,0.0144041,0.639344,0.78,820.875,995.718,1428.69,2024.79,234.192,732.275,1322.54,85.3282,2810.04,117.915,56.9187,1.20083,0.219395,-1.20068,-0.206362,0,0,0,0,0,0.146429,49.0066,92.2192,1,0.959967,339.138,917.203,222.858,635.691,529.215,1452.97,615.248,1960.47,0.0640583
1691509867567888891,1723,1551,170,0.900174,18.3425,35.3887,62.7532,86.2739,155.488,-1.6328,230.631,464.568,742.819,923.642,634.076,2008.81,5616.87,30814.8,939.587,710.904,1386.26,511.561,414.161,261.071,137765,3188.61,4890.91,25.5987,6.87388,0,0,0.0231454,0,14.1218,60.3324,111.904,468.765,1424.99,2810.79,0.000236642,4.63948e-05,2,2,8,0.8,1,2.41227,1.31142,1.10086,0.0041383,0.226467,1551,0,0,0,0,0.001,0,0,0,0,0,0,0,0,0,0,0,0,0,0,0,0,0,0,0,0,0,0,0,0,0,0,0,0,0,0,0,0,0,0.144423,11.7768,47.3825,19.6433,68.038,13.1238,610.828,688.048,0,0.920019,-0.389785,0.0404088,0.999988,0.280927,0.0400871,0.694915,0.82,819.301,994.478,1449.98,2614.59,233.511,716.01,1383.01,77.7068,2858.19,125.398,66.1331,0.888996,1.12818,-1.57912,0.448269,0,0,0,0,0,0.130006,55.6908,90.344,1,0.963075,392.742,940.237,224.278,677.502,626.06,1487.87,634.125,2141.29,0.0368971
1691509867670288670,1771,1563,208,0.882552,15.9029,32.1862,52.4854,71.4597,141.478,0.172939,248.675,447.224,762.798,965.129,633.839,2057.41,5069.89,23008.6,1007.82,783.942,1501.67,450.657,408.167,288.627,137373,2533.29,4204.47,2.28866,2.67841,0,0,0.018441,0,13.7577,71.8865,113.129,558.761,1452.83,1994.1,0.0104723,0.000578888,4,3,12,0.8,1,2.29687,1.43929,0.857585,0.00378243,0.106652,1563,0,0,0,0,0.001,0,0,0,0,0,0,0,0,0,0,0,0,0,0,0,0,0,0,0,0,0,0,0,0,0,0,0,0,0,0,0,0,0,0.122841,12.7359,43.8996,16.1579,54.2279,13.2523,593.486,693.261,0,0.919621,-0.390515,0.0423683,0.999998,0.12194,0.00110767,0.680672,0.81,809.875,935.672,1441.5,1946.56,234.435,723.627,1330.72,74.02,2734.28,121.821,77.6329,1.28576,0.525428,-1.48084,-0.467353,0,0,0,0,0,0.108413,59.0285,75.2718,1,0.978118,358.269,924.389,239.579,707.443,561.719,1435.05,635.039,2175.95,0.0356592
1691509867770621262,1847,1647,199,0.891716,15.1859,29.7795,48.1917,70.3271,171.748,0.179911,254.344,449.714,728.398,906.196,682.479,1961.37,4690.74,14277.2,926.332,701.95,1498.75,448.523,398.478,279.827,134427,2061.47,3147.47,2.81205,2.23289,0,0,0.0153352,0,7.55664,64.8031,102.346,388.996,681.277,1902.49,0.00183965,0.000230341,4,4,11,0.733333,1,2.35814,1.46796,0.890185,0.00794564,0.118947,1647,0,0,0,0,0.001,0,0,0,0,0,0,0,0,0,0,0,0,0,0,0,0,0,0,0,0,0,0,0,0,0,0,0,0,0,0,0,0,0,0.123254,12.1387,40.5204,15.7448,49.9301,14.7314,593.19,703.079,0,0.921357,-0.386508,0.041377,0.99999,0.256551,0.02888,0.709402,0.83,810.381,958.066,1400.32,1910.77,229.951,715.018,1308.6,67.181,2659.39,131.342,66.2351,1.0564,0.00923791,-0.606772,-0.111772,0,0,0,0,0,0.109908,48.219,80.1102,1,0.968837,349.159,893.084,247.356,651.255,558.176,1421.95,701.949,2070.55,0.0472477
1691509867869596337,1699,1526,172,0.898175,13.7031,27.4803,48.2936,67.98,183.595,-1.02114,240.614,442.858,782.833,984.959,647.431,2121.89,5333.05,71051,933.319,616.026,1581.87,457.497,404.107,287.975,134744,6792.56,8904.22,4.55106,4.58939,0,0,0.0504108,0,8.94062,54.2632,114.535,349.887,1852,6524.6,0.073402,0.00563729,5,4,8,0.666667,1,2.07839,1.32891,0.749471,0.0166531,0.0617431,1526,0,0,0,0,0.001,0,0,0,0,0,0,0,0,0,0,0,0,0,0,0,0,0,0,0,0,0,0,0,0,0,0,0,0,0,0,0,0,0,0.14941,10.7359,35.8047,14.4027,49.6494,11.7661,613.267,709.967,0,0.920806,-0.387819,0.041384,0.999999,0.0814615,0.0349007,0.694915,0.82,846.465,979.947,1426.95,2391.55,231.604,742.152,1311.64,59.2125,2543.12,130.055,68.3273,0.191707,0.286852,-0.182493,-0.281645,0,0,0,0,0,0.134197,49.4005,73.8067,1,0.979199,371.804,963.286,229.272,715.36,578.168,1519.3,663.205,2351.61,0.0202522
1691509867967717889,1836,1664,172,0.906318,14.9456,28.6646,51.5438,70.6394,157.241,0.19417,244.032,475.032,795.835,967.716,662.424,2267.81,5570.19,13845.5,931.089,714.964,1634.78,504.713,429.291,324.201,135303,2760.7,4103.97,6.59549,6.57484,0,0,0.0204037,0,5.64796,66.0913,125.317,392.996,959.122,2554.8,35.6083,0.0199323,5,4,1,0.2,1,2.7141,1.83952,0.874584,0.0190392,0.146794,1664,0,0,0,0,0.001,0,0,0,0,0,0,0,0,0,0,0,0,0,0,0,0,0,0,0,0,0,0,0,0,0,0,0,0,0,0,0,0,0,0.134014,12.7865,47.4221,15.1277,53.1738,14.5568,592.529,727.914,0,0.921329,-0.386358,0.0433684,0.999997,0.144311,0.0613002,0.754386,0.86,837.675,983.156,1446.83,2385.37,228.126,728.897,1310.6,75.6473,2623.16,152.616,77.0049,2.5161,0.57912,-2.5181,-0.572382,0,0,0,0,0,0.12146,51.5737,75.6394,1,0.977793,375.58,927.213,230.429,746.465,621.264,1473.97,666.376,2483.57,0.0438965
1691509868065546455,1967,1748,219,0.888663,14.3842,27.1197,45.8306,63.107,201.243,-0.1815,239.286,484.941,768.667,958.454,683.423,2188.49,5704.68,22011.3,878.291,755.587,1597.41,495.438,451.955,336.238,131604,3018.5,4542.47,3.32883,3.81691,0,0,0.0229362,0,16.2186,69.9123,129.73,415.44,1159.3,2751.87,0.000203073,8.72041e-05,3,2,9,0.818182,1,2.03217,1.26862,0.763543,0.0180989,0.113874,1748,0,0,0,0,0.001,0,0,0,0,0,0,0,0,0,0,0,0,0,0,0,0,0,0,0,0,0,0,0,0,0,0,0,0,0,0,0,0,0,0.136728,12.9076,37.6886,14.697,46.8732,13.4693,588.71,716.821,0,0.920996,-0.387121,0.0436334,1,0.0500217,0.0177257,0.694915,0.82,833.409,960.116,1309.41,2365.63,229.305,729.752,1254.06,55.7309,2650.21,168.368,80.735,0.294347,0.224262,-0.355055,-0.0155472,0,0,0,0,0,0.122013,47.1119,66.1868,1,0.986746,472.814,914.977,222.738,698.298,743,1485.43,668.92,2333.53,0.0460639
1691509868162860972,1935,1692,242,0.874419,15.9413,30.4981,54.3628,77.1457,168.217,0.617431,245.162,487.616,799.352,968.084,713.787,2241.53,6038.77,14302,892.964,887.123,1642.46,494.437,489.876,335.102,133674,3155.8,4365.51,4.06668,3.24473,0,0,0.0236082,0,1.58116,54.055,120.952,368.337,790.603,3029.98,0.0999574,0.0043185,3,2,8,0.8,1,2.45578,1.46956,0.986219,0.00708084,0.0511407,1692,0,0,0,0,0.001,0,0,0,0,0,0,0,0,0,0,0,0,0,0,0,0,0,0,0,0,0,0,0,0,0,0,0,0,0,0,0,0,0,0.146572,12.191,40.0994,17.0971,58.2758,14.5049,576.152,718.343,0,0.920737,-0.387857,0.0425435,0.999999,0.0767979,0.0103188,0.818182,0.9,853.506,969.151,1384.04,2362.71,231.635,754.059,1300.74,83.1249,2589.82,161.696,77.4417,1.04763,0.195578,-1.04239,-0.300336,0,0,0,0,0,0.128682,46.3996,85.4698,1,0.965374,349.329,930.262,236.558,751.81,575.235,1494.65,743.704,2598.28,0.0435014
1691509868260663869,1961,1735,224,0.884753,15.9435,30.2068,50.8563,72.2419,165.635,-0.957256,240.326,485.35,831.211,1019.81,693.018,2182.19,6192.66,62361.3,777.728,937.829,1594.38,483.885,523.554,360.462,127910,6189.27,8472.38,7.85634,7.85076,0,0,0.0483877,0,2.66871,57.8119,136.555,496.927,1916.11,5862.31,0.00851719,0.00104077,5,4,9,0.692308,1,2.70535,1.76727,0.938084,0.0116428,0.120839,1735,0,0,0,0,0.001,0,0,0,0,0,0,0,0,0,0,0,0,0,0,0,0,0,0,0,0,0,0,0,0,0,0,0,0,0,0,0,0,0,0.13487,12.6136,39.0785,16.6468,52.8087,11.9254,576.011,708.064,0,0.920242,-0.388821,0.0444116,0.999998,0.123735,0.00140912,0.754386,0.86,861.079,978.151,1302.28,2357.15,240.163,757.708,1292.7,83.2599,2692.32,162.606,87.4377,2.70007,-0.0869919,-2.52469,-0.0778015,0,0,0,0,0,0.119327,45.3989,76.2388,1,0.974684,400.643,933.433,231.707,787.999,644.79,1515.3,698.627,2464.08,0.0234339
1691509868357876098,2061,1800,257,0.873362,16.3628,29.9935,48.4721,71.6237,157.471,-0.496309,261.57,500.058,806.206,994.467,713.142,2260.35,5763.31,15377.7,761.423,919.717,1674.22,500.26,511.065,338.232,123465,3196.05,4557.17,3.0766,3.19733,0,0,0.0258862,0,7.33034,58.4976,136.824,343.907,997.395,3013.22,0.198543,0.0124453,4,4,9,0.692308,1,2.40731,1.46508,0.942226,0.0130494,0.294951,1800,0,0,0,0,0.001,0,0,0,0,0,0,0,0,0,0,0,0,0,0,0,0,0,0,0,0,0,0,0,0,0,0,0,0,0,0,0,0,0,0.139444,11.0144,38.8608,17.1885,49.6255,11.4173,564.191,695.392,0,0.921019,-0.387025,0.0439917,0.999998,0.114671,0.0331714,0.73913,0.85,855.854,980.171,1297.6,2354.29,249.615,746.71,1293.74,68.5065,2688.08,178.061,83.2477,0.660303,0.172812,-0.61757,-0.110009,0,0,0,0,0,0.121786,54.0891,74.9659,1,0.976114,378.051,896.307,246.676,777.972,636.965,1480.68,728.237,2457.93,0.0431066
1691509868455444807,2112,1878,233,0.889205,17.0463,30.5802,49.0142,67.5132,162.963,0.862096,245.106,504.119,856.991,1058.1,692.69,2406.85,5962.04,13751,842.485,910.706,1769.61,495.131,499.372,380.755,125957,3411.11,4712.06,4.29527,4.29296,0,0,0.0270816,0,0.339013,66.8714,143.733,413.137,802.211,3285.77,1.63828,0.0134461,5,5,8,0.615385,1,2.47658,1.48286,0.993715,0.00856961,0.243924,1878,0,0,0,0,0.001,0,0,0,0,0,0,0,0,0,0,0,0,0,0,0,0,0,0,0,0,0,0,0,0,0,0,0,0,0,0,0,0,0,0.119808,10.8126,35.068,17.9823,51.4717,10.4935,572.072,711.434,0,0.919498,-0.390644,0.0438226,0.999992,0.225155,0.00563885,0.785714,0.88,850.296,979.131,1306.44,2362.71,245.206,748.575,1286.73,63.8108,2757.41,180.344,112.503,1.37337,0.095384,-1.35373,-0.100064,0,0,0,0,0,0.106534,47.4363,72.3766,1,0.973987,399.721,942.538,236.575,814.116,626.687,1529.55,698.604,2582.53,0.042818
1691509868553060655,2096,1861,232,0.887882,17.152,31.1666,49.5778,71.4222,152.602,0.927985,242.83,512.931,855.676,1098.75,673.788,2471.2,6065.03,27411.4,904.024,932.666,1643.81,505.746,528.401,372.368,130448,3634.71,5588.19,2.37123,3.13683,0,0,0.0278632,0,3.84518,72.5235,145.046,525,1650.26,3191.52,0.0167804,0.00285772,3,2,8,0.8,1,2.54701,1.54211,1.00491,0.0124552,0.275224,1861,0,0,0,0,0.001,0,0,0,0,0,0,0,0,0,0,0,0,0,0,0,0,0,0,0,0,0,0,0,0,0,0,0,0,0,0,0,0,0,0.1295,11.3669,36.0164,18.1608,51.897,12.1403,581.22,702.64,0,0.918136,-0.393846,0.0437232,0.999994,0.199439,0.0278747,0.785714,0.88,857.188,989.211,1357.04,2377.92,245.51,750.138,1286.12,73.8586,2639.52,180.84,119.747,-0.019533,0.143614,-0.0236738,-0.155855,0,0,0,0,0,0.114981,47.3797,77.4399,1,0.977778,279.39,941.378,241.363,834.528,451.273,1503.74,694.09,2620.64,0.0353928
1691509868651444861,1997,1763,227,0.882824,17.8569,33.3807,50.9089,78.8199,174.901,0.48715,247.766,533.775,871.946,1034.27,747.512,2536.19,6550.06,50603.9,978.886,925.625,1820.75,526.794,502.688,356.86,138380,5636.11,7879.12,5.3801,6.73812,0,0,0.0407293,0,2.81055,63.158,143.8,580.678,1772.44,5316.23,9.54562e-05,4.59083e-05,3,3,8,0.727273,1,2.59112,1.50929,1.08183,0.010896,0.188015,1763,0,0,0,0,0.001,0,0,0,0,0,0,0,0,0,0,0,0,0,0,0,0,0,0,0,0,0,0,0,0,0,0,0,0,0,0,0,0,0,0.131594,11.571,37.1703,18.9201,53.4972,12.6278,610.615,718.757,0,0.919331,-0.391072,0.0435027,0.999995,0.173523,0.014192,0.769912,0.87,869.294,994.933,1377.22,2380.99,240.815,766.6,1290.07,80.7774,2823.12,172.849,95.9189,1.25646,-0.861604,-0.492829,0.313065,0,0,0,0,0,0.116174,50.358,84.1985,1,0.968648,339.696,916.314,245.347,844.339,523.62,1492.21,786.87,2727.18,0.0206603
1691509868751603622,1922,1697,225,0.882934,15.4261,31.8166,54.4851,80.2295,184.205,-0.482418,245.084,518.571,833.274,1040.06,708.6,2348.28,5898.25,14011.9,925.995,820.726,1611.49,538.378,435.12,400.371,136680,2751.19,4156.41,7.40299,4.73289,0,0,0.0201287,0,2.79562,58.8511,143.77,416.599,1017.07,2517.33,0.00246554,0.000542057,3,3,9,0.75,1,2.30907,1.27874,1.03033,0.000945358,0.188554,1697,0,0,0,0,0.001,0,0,0,0,0,0,0,0,0,0,0,0,0,0,0,0,0,0,0,0,0,0,0,0,0,0,0,0,0,0,0,0,0,0.164408,10.6072,40.5971,16.5642,58.9085,12.8153,631.788,729.397,0,0.919706,-0.39008,0.0444697,0.999999,0.0822243,0.026847,0.801802,0.89,891.956,1021.77,1444.75,2375.98,236.136,767.359,1291.72,75.8991,2709.64,172.155,106.855,0.910949,0.0433526,-0.924917,-0.0953436,0,0,0,0,0,0.145161,46.6049,87.493,0.996416,0.968265,318.644,936.411,241.403,823.074,508.324,1470.58,747.358,2564.52,0.0476268
1691509868853159393,1944,1665,272,0.856481,17.206,36.56,60.2605,81.0986,149.918,2.46298,245.273,490.843,835.059,1021.15,700.608,2154.35,5827.65,21190.8,859.312,709.512,1671.63,502.57,392.423,322.559,133343,2884.67,4292.38,3.68569,4.52921,0,0,0.0216336,0,2.45038,56.0276,138.548,367.4,1084.49,2643.46,0.00121072,0.00025209,4,3,9,0.75,1,2.33611,1.22252,1.11359,0.00513855,0.114998,1665,0,0,0,0,0.001,0,0,0,0,0,0,0,0,0,0,0,0,0,0,0,0,0,0,0,0,0,0,0,0,0,0,0,0,0,0,0,0,0,0.15976,10.0311,34.7239,19.0075,63.5018,12.3872,628.165,722.448,0,0.920161,-0.389175,0.0429651,0.999998,0.103914,0.0519516,0.754386,0.86,878.817,999.731,1420.6,2373.51,236.021,768.054,1305.73,62.7403,2587.07,168.842,81.7992,0.616841,0.818781,-0.606045,-0.739812,0,0,0,0,0,0.136831,48.7617,84.7323,1,0.966405,236.053,884.676,247.436,809.922,367.009,1377,748.345,2402.68,0.0375855
1691509868956165721,1821,1496,322,0.821527,16.8192,33.1204,53.4677,76.2991,185.006,1.73741,256.252,529.497,865.464,1041.48,712.664,2271.44,6481.97,56285.2,858.795,869.59,1730.61,553.19,400.26,351.092,133937,4755.5,6686.75,8.03939,7.97294,0,0,0.0355055,0,2.64282,54.8696,128.84,403.885,1661.11,4435.4,0.0379196,0.00316289,6,5,13,0.722222,1,2.6292,1.70928,0.919925,0.0117244,0.1709,1496,0,0,0,0,0.001,0,0,0,0,0,0,0,0,0,0,0,0,0,0,0,0,0,0,0,0,0,0,0,0,0,0,0,0,0,0,0,0,0,0.175134,10.1117,37.9072,18.5859,57.7761,14.9641,608.699,692.337,0,0.919644,-0.390082,0.0457375,0.999996,0.169736,0.0901593,0.724138,0.84,910.165,1016.23,1412,2381.55,249.029,771.246,1309.9,83.6488,2564.9,159.718,77.257,2.2268,0.820863,-1.84655,-0.646348,0,0,0,0,0,0.143877,44.9106,83.0239,1,0.970827,202.503,884.157,262.917,860.443,316.834,1349.94,789.265,2603.61,0.0221247
1691509869059792324,1795,1507,286,0.839554,16.6438,31.0553,54.5665,73.701,187.451,3.73066,247.917,518.625,827.967,1010.78,702.968,2194.89,6290.03,11851.5,856.766,805.984,1587.45,561.99,396.951,353.137,136190,2827.15,4001.05,1.55454,1.58701,0,0,0.0207588,0,1.87408,46.3051,137.627,297.482,838.058,2679.71,0.0342203,0.00083458,5,4,10,0.714286,1,2.08419,1.17438,0.909813,0.00590528,0.158774,1507,0,0,0,0,0.001,0,0,0,0,0,0,0,0,0,0,0,0,0,0,0,0,0,0,0,0,0,0,0,0,0,0,0,0,0,0,0,0,0,0.167883,9.84257,30.3862,18.5646,57.2548,18.1229,590.75,700.127,0,0.921186,-0.386774,0.0426817,0.999989,0.27272,0.0401312,0.818182,0.9,897.096,1039.06,1410.29,2379.83,246.592,780.232,1311.3,71.9314,2593.08,159.152,79.7049,0.762437,0.355037,-0.854737,-0.342334,0,0,0,0,0,0.140947,46.5635,81.3659,1,0.9689,272.86,938.243,238.106,788.484,434.25,1421.57,737.227,2476.32,0.0424488
1691509869163162197,1849,1554,288,0.840454,18.4339,35.2765,54.4528,72.5369,166.929,5.51797,262.685,542.471,870.376,1070.13,735.325,2455.38,6199.25,38312.6,907.342,869.132,1735.72,587.112,430.122,377.118,133166,3937.56,5811.54,2.29805,2.29775,0,0,0.0295687,0,11.8988,80.6764,155.968,510.287,1420,3632.71,3.40416,0.0068192,5,4,1,0.2,1,2.1677,1.21536,0.952344,0.00578279,0.0773427,1554,0,0,0,0,0.001,0,0,0,0,0,0,0,0,0,0,0,0,0,0,0,0,0,0,0,0,0,0,0,0,0,0,0,0,0,0,0,0,0,0.144144,8.70208,35.38,20.3026,57.3751,15.4954,580.291,702.214,0,0.919665,-0.390064,0.0454538,0.99999,0.261414,0.0728758,0.785714,0.88,909.809,1013.01,1367.32,2387.29,243.447,783.872,1314.21,66.9981,2464.96,175.192,94.6421,0.21414,0.422838,-0.213945,-0.422603,0,0,0,0,0,0.121147,43.0844,75.5667,1,0.972932,210.17,840.919,267.361,875.867,324.256,1307.29,801.351,2644.05,0.0210335
1691509869265538016,1806,1584,219,0.877076,18.2097,35.2083,54.5916,73.518,201.006,4.30842,256.346,537.216,890.215,1054.27,720.092,2320.94,6337.75,18684.6,872.741,899.297,1588.29,589.226,374.709,403.664,135867,3095.41,4357.77,7.69192,6.33673,0,0,0.0227827,0,6.84466,62.9411,148.699,411.028,760.375,2967.88,0.00069819,8.78691e-05,3,3,8,0.727273,1,3.36488,2.432,0.932889,0.0130604,0.182076,1584,0,0,0,0,0.001,0,0,0,0,0,0,0,0,0,0,0,0,0,0,0,0,0,0,0,0,0,0,0,0,0,0,0,0,0,0,0,0,0,0.142045,11.1186,41.5192,19.4324,56.3698,18.6876,580.32,696.993,0,0.919617,-0.390477,0.0428098,0.999996,0.153356,0.0869093,0.73913,0.85,911.868,1045.03,1409.56,2396.58,243.982,789.464,1330.45,96.544,2508.01,169.9,109.616,2.9415,-0.315342,-2.28602,0.392309,0,0,0,0,0,0.124585,50.2146,77.1026,1,0.977925,199.853,955.917,262.554,871.637,317.538,1447.44,761.29,2572.27,0.033232
1691509869367551943,1771,1527,242,0.862225,17.6308,32.8302,52.7406,68.0753,179.933,5.59161,264.872,573.494,930.53,1074.24,720.937,2462.91,6318.57,20580.5,954.032,1006.21,1719.41,605.821,441.306,401.578,137420,3151.07,4701.35,2.05372,2.36914,0,0,0.0229302,0,5.39873,58.5014,158.438,434.636,1146.61,2897.77,0.000568311,7.58225e-05,4,4,8,0.666667,1,2.2594,1.37632,0.883082,0.014676,0.203899,1527,0,0,0,0,0.001,0,0,0,0,0,0,0,0,0,0,0,0,0,0,0,0,0,0,0,0,0,0,0,0,0,0,0,0,0,0,0,0,0,0.11002,11.406,35.9084,18.4812,54.9977,17.1193,591.516,698.365,0,0.91794,-0.394478,0.0421163,0.99999,0.251721,0.0393232,0.818182,0.9,911.83,1063.28,1426.77,2398.12,244.18,796.924,1332.79,71.6704,2449.41,178.369,93.2644,-0.283131,0.624449,-0.0966175,-0.532066,0,0,0,0,0,0.0948617,48.2145,72.0423,1,0.976453,363.315,975.246,260.106,909.132,540.576,1500.68,745.74,2678.59,0.027691
1691509869468333340,1969,1769,193,0.898426,17.7835,33.4474,53.7545,72.5894,199.681,4.11715,256.843,514.044,880.054,1069.12,728.138,2321.23,6924.81,13116.7,891.42,945.503,1692.4,569.233,401.698,354.126,142987,3435.19,5153.58,1.8155,1.65811,0,0,0.0240245,0,16.7003,57.8681,173.814,543.173,1191.56,3170.47,0.00471988,5.9672e-05,5,4,12,0.75,1,2.83949,1.79313,1.04636,0.0187184,0.0853828,1769,0,0,0,0,0.001,0,0,0,0,0,0,0,0,0,0,0,0,0,0,0,0,0,0,0,0,0,0,0,0,0,0,0,0,0,0,0,0,0,0.114189,9.19798,39.0964,18.6729,55.5767,17.7152,580.624,723.661,0,0.919996,-0.389489,0.0436608,0.999984,0.321591,0.0429522,0.754386,0.86,902.694,1065.9,1424.13,2451.13,242.777,802.564,1332.64,70.7332,2252.31,197.875,108.48,1.45663,0.829677,-1.43183,-0.698272,0,0,0,0,0,0.10259,51.0103,76.3403,1,0.973197,217.669,947.461,259.111,873.834,361.123,1413.31,764.418,2470.66,0.0257016
1691509869567911230,1992,1774,211,0.890562,18.4909,35.3614,61.574,92.417,171.404,5.31511,247.282,529.4,899.849,1089.69,705.619,2325.1,6283,12865.8,873.942,1031.77,1571.24,601.198,392.504,349.287,140777,3254.55,4842.87,8.02718,8.06405,0,0,0.0231185,0,3.91131,59.7024,173.23,518.208,1060.33,3027.49,1.10979,0.00739066,7,7,9,0.5625,1,3.59642,2.27442,1.32201,0.0344117,0.0886474,1774,0,0,0,0,0.001,0,0,0,0,0,0,0,0,0,0,0,0,0,0,0,0,0,0,0,0,0,0,0,0,0,0,0,0,0,0,0,0,0,0.110485,10.446,48.6256,19.67,63.9232,15.3994,567.126,717.475,0,0.918511,-0.392882,0.0445123,0.999993,0.217742,0.0331588,0.785714,0.88,910.998,1065.59,1410.71,2399.2,240.84,798.413,1317.09,104.574,2260.63,206.348,98.9145,5.22825,0.112107,-5.37075,-0.103617,0,0,0,0,0,0.0983936,62.1577,96.7489,1,0.95564,164.634,986.8,253.216,891.098,253.936,1528.19,738.625,2477.85,0.0277428
1691509869666679142,1952,1782,168,0.91291,19.312,36.4274,62.2411,94.0179,162.554,7.37491,246.934,516.251,865.763,1058.54,724.799,2417.43,6355.47,10732.7,923.946,1066.53,1668.28,539.179,423.899,360.486,148646,3499.27,5118.82,10.3378,10.3152,0,0,0.0235409,0,15.1509,50.5891,153.817,554.035,1061.09,3284.14,1.05036,0.015489,7,7,13,0.65,1,3.12355,1.76207,1.36148,0.00516826,0.146403,1782,0,0,0,0,0.001,0,0,0,0,0,0,0,0,0,0,0,0,0,0,0,0,0,0,0,0,0,0,0,0,0,0,0,0,0,0,0,0,0,0.0948373,11.899,44.4901,20.4942,63.0019,14.6998,575.439,726.861,0,0.918542,-0.392834,0.0442952,1,0.0128654,0.0674054,0.785714,0.88,915.687,1057.04,1426.13,2940.89,238.068,793.783,1324.01,105.846,2252.64,178.743,94.516,3.57085,-0.590607,-3.52104,0.595872,0,0,0,0,0,0.0865779,66.8489,97.4704,0.994083,0.951643,175.99,931.752,250.25,850.571,259.162,1407.56,764.148,2630.05,0.0205643
1691509869764638742,1985,1775,199,0.894207,18.6459,36.6248,63.7249,89.1998,168.716,6.80994,251.795,518.641,882.712,1100.71,770.491,2793.9,7241.1,35470.6,945.771,1085.08,1987.14,540.438,457.08,339.204,146489,4983.56,7322.15,5.79006,6.35194,0,0,0.0340201,0,24.502,60.751,162.188,630.384,1872.5,4571.83,0.00206274,0.000299465,8,8,13,0.619048,1,2.69643,1.38927,1.30716,0.0164972,0.114847,1775,0,0,0,0,0.001,0,0,0,0,0,0,0,0,0,0,0,0,0,0,0,0,0,0,0,0,0,0,0,0,0,0,0,0,0,0,0,0,0,0.0794366,9.6266,40.3632,19.9435,65.5766,13.2893,583.218,728.492,0,0.919046,-0.391586,0.0448866,0.999999,0.0842149,0.0568418,0.785714,0.88,921.163,1055.02,1427.97,3022.03,238.491,784.286,1325.89,81.7297,2258.53,182.384,101.325,0.897434,0.0292256,-2.0297,-0.0523626,0,0,0,0,0,0.0710327,58.749,90.3464,1,0.962056,156.611,835.252,256.525,900.465,227.891,1282.13,811.408,2882.01,0.00984614
1691509869862358948,2086,1867,213,0.895014,17.2966,33.7888,53.9212,75.8771,170.393,4.8695,251.872,513.394,846.837,1055.21,727.326,2546.06,7307.43,38031.1,900.927,1096.9,1830.76,543.187,450.02,325.375,144162,4863.55,7600.07,3.63719,3.74688,0,0,0.0337367,0,40.8644,64.8215,203.499,725.81,2407.91,4157.16,0.162953,0.00707104,11,11,13,0.541667,1,2.69625,1.53698,1.15927,0.0136077,0.136946,1867,0,0,0,0,0.001,0,0,0,0,0,0,0,0,0,0,0,0,0,0,0,0,0,0,0,0,0,0,0,0,0,0,0,0,0,0,0,0,0,0.0696304,9.84767,39.2073,17.9045,54.7802,16.183,575.981,741.836,0,0.918844,-0.391809,0.0470188,0.999998,0.123372,0.0404818,0.754386,0.86,920.05,1060.63,1482.72,2405.37,229.187,780.783,1398.44,88.6819,2341.89,315.874,151.2,1.43,-0.356342,-1.643,0.318326,0,0,0,0,0,0.0623202,47.0935,78.5065,1,0.970063,206.803,832.985,252.886,849.465,299.672,1293.33,740.015,2642.3,0.0103944
1691509869960715243,2177,1965,204,0.902618,15.9469,31.5371,51.8759,79.6182,175.796,4.02311,243.971,503.744,894.264,1126.25,722.683,2842.74,6896.19,14943,971.218,1057.13,1795.67,523.685,472.609,352.325,143104,4536.37,6816.07,4.07682,3.61621,0,0,0.0316998,0,25.8829,64.3984,159.901,849.103,1538.08,4178.7,0.0134713,0.000924085,6,5,9,0.642857,1,3.30911,2.11331,1.1958,0.00532205,0.170367,1965,0,0,0,0,0.001,0,0,0,0,0,0,0,0,0,0,0,0,0,0,0,0,0,0,0,0,0,0,0,0,0,0,0,0,0,0,0,0,0,0.0513995,9.77776,34.7009,16.3448,53.3709,20.9094,578.404,731.687,0,0.920952,-0.387195,0.0439049,0.999982,0.341045,0.00712116,0.769912,0.87,907.455,1052.82,1532.59,2391.9,231.979,779.141,1396.06,106.506,2398.27,179.436,124.766,1.19395,-0.742137,-1.28569,0.709391,0,0,0,0,0,0.0463941,38.2827,81.1845,1,0.968348,234.998,934.55,244.174,890.805,359.292,1403.06,731.188,2947.25,0.0108453
1691509870059697623,2211,1911,270,0.864315,17.6649,33.5531,60.0906,86.238,174.27,4.64762,253.442,529.432,917.256,1185.36,753.942,2844.77,7162.76,38576.7,1113.39,1087,1969.41,548.033,524.923,366.936,138220,5570.33,8370.91,5.80253,5.76755,0,0,0.0403004,0,49.3391,100.75,231.26,824.091,2064.29,5101.18,0.0210784,0.00154011,6,6,8,0.571429,1,3.2136,1.91122,1.30238,0.0115384,0.14988,1911,0,0,0,0,0.001,0,0,0,0,0,0,0,0,0,0,0,0,0,0,0,0,0,0,0,0,0,0,0,0,0,0,0,0,0,0,0,0,0,0.0470958,7.26781,28.0361,18.5787,60.9374,20.4245,609,724.575,0,0.919612,-0.390159,0.0457209,0.999993,0.21345,0.0609054,0.785714,0.88,929.531,1092.66,1568.38,2392.97,228.484,785.225,1458.91,137.117,2425.28,258.431,150.522,0.442713,-0.592864,-1.77579,0.690346,0,0,0,0,0,0.0407056,38.9833,87.4538,1,0.969248,167.805,872.842,254.791,925.471,270.957,1377.73,774.212,2986.17,0.0063417
1691509870159422286,2272,1940,303,0.853873,18.6087,34.0721,56.9376,79.0553,162.394,4.71376,246.676,510.65,896.868,1149.02,730.13,2750.33,7205.86,11224,1065.87,1169.19,1954.23,555.004,519.601,329.747,141627,4858.97,6946.5,5.16021,5.18446,0,0,0.0343081,0,41.2644,67.6107,168.366,809.836,1233.73,4625.69,1.3074,0.0131911,8,8,11,0.578947,1,3.44473,2.21008,1.23465,0.0145731,0.0807033,1940,0,0,0,0,0.001,0,0,0,0,0,0,0,0,0,0,0,0,0,0,0,0,0,0,0,0,0,0,0,0,0,0,0,0,0,0,0,0,0,0.0283505,9.67278,35.1882,18.9733,57.6643,13.212,585.833,728.955,0,0.919894,-0.389389,0.0465988,0.999999,0.0688147,0.0709274,0.818182,0.9,937.945,1095.29,1529.24,2391.39,238.304,803.735,1435.62,95.203,2402.45,195.035,126.781,1.04417,-0.856891,-1.04873,0.856026,0,0,0,0,0,0.0242077,42.856,79.9266,1,0.974005,193.21,962.747,248.675,892.811,310.045,1657.36,737.346,2785.47,0.00618072
1691509870259145546,2183,1903,261,0.871736,19.4386,36.1158,58.4991,78.3552,204.546,2.94166,255.737,529.895,939.773,1232.8,736.846,2924.48,8130.56,43762.2,1085.7,1214.84,1971.81,585.053,555.337,350.009,139749,6676.89,9748.11,4.58812,4.10893,0,0,0.0477776,0,51.1045,143.215,225.767,880.496,2217.38,6230.15,0.00312109,0.000466944,6,6,11,0.647059,1,3.93997,2.63978,1.30019,0.00933185,0.118598,1903,0,0,0,0,0.001,0,0,0,0,0,0,0,0,0,0,0,0,0,0,0,0,0,0,0,0,0,0,0,0,0,0,0,0,0,0,0,0,0,0.0220704,9.47441,29.6591,19.7621,58.8219,14.9625,584.559,727.479,0,0.920953,-0.387444,0.0416148,0.999985,0.312487,0.00398578,0.801802,0.89,958.384,1103.69,1639.91,2388.23,228.278,806.595,1465.07,121.124,2421.83,300.935,202.635,2.14657,-0.642033,0.447897,0.995248,0,0,0,0,0,0.0192396,42.4453,79.7974,1,0.971521,161.424,1038.68,256.342,934.781,244.424,1570.38,738.289,2951.44,0.00406412
1691509870359354174,2217,1937,270,0.873703,18.3993,33.409,51.3927,66.6304,145.953,4.76655,245.637,532.854,941.394,1150.4,750.576,2709.44,7532.84,75170.9,1035.62,1284.08,1958.28,576.251,550.218,370.821,140888,9202.12,12416.3,6.46173,5.37884,0,0,0.0653151,0,45.9555,90.9687,191.396,771.766,2495.26,8821,0.00531068,0.000866171,6,6,11,0.647059,1,3.5883,2.54089,1.04741,0.0121516,0.103731,1937,0,0,0,0,0.001,0,0,0,0,0,0,0,0,0,0,0,0,0,0,0,0,0,0,0,0,0,0,0,0,0,0,0,0,0,0,0,0,0,0.0144553,10.0579,25.7266,18.6601,51.5279,12.4136,582.805,739.781,0,0.919406,-0.390993,0.0426215,0.999992,0.22917,0.00828512,0.801802,0.89,930.201,1098.25,1526.1,2390.22,234.625,789.093,1440.2,194.457,2462.66,211.505,126.257,4.02125,0.20344,-1.08924,0.500427,0,0,0,0,0,0.0126297,30.8653,67.0561,1,0.984285,364.823,937.265,245.564,940.579,594.849,1536.89,751.454,2738.97,0.00201119
1691509870460473970,2125,1922,202,0.904471,18.4222,32.8983,50.0473,61.703,157.249,2.53305,237.648,515.912,886.709,1085.79,751.925,2583.6,7042.23,12334.6,1017.49,1132.66,1809.99,510.343,551.649,311.124,134701,4630.55,6592.58,4.97404,2.54767,0,0,0.0343766,0,24.1851,42.6369,158.381,744.541,1222.08,4400.75,0.000538598,4.16773e-05,3,3,8,0.727273,1,3.05227,2.08722,0.965046,0.0123839,0.24004,1922,0,0,0,0,0.001,0,0,0,0,0,0,0,0,0,0,0,0,0,0,0,0,0,0,0,0,0,0,0,0,0,0,0,0,0,0,0,0,0,0.00780437,33.5016,83.0128,18.38,49.6524,14.6745,587.97,713.356,0,0.92001,-0.389528,0.0430187,0.999999,0.0935734,0.063074,0.851852,0.92,931.226,1094.44,1503.77,2554.35,239.398,806.779,1445.69,112.387,2527.6,180.054,97.3898,0.261914,-0.555874,-0.610903,0.532423,0,0,0,0,0,0.00705882,87.809,61.375,1,0.987939,110.99,916.307,238.36,883.872,177.465,1513.78,754.007,2603.43,0.00160493
1691509870561585306,2174,1964,204,0.903404,16.2745,29.8493,48.0139,63.6993,166.486,3.31596,233.407,478.406,860.235,1095.87,682.833,2651.05,6633.59,13371.3,1080.83,1129.63,1723.5,488.484,536.301,303.962,124922,4555.25,6574.1,3.90499,3.3122,0,0,0.0364647,0,26.3581,51.3407,132.711,858.98,1196.63,4308.08,0.0158856,0.00142729,6,5,10,0.666667,1,2.85976,1.95756,0.902198,0.00985011,0.0498699,1964,0,0,0,0,0.001,0,0,0,0,0,0,0,0,0,0,0,0,0,0,0,0,0,0,0,0,0,0,0,0,0,0,0,0,0,0,0,0,0,0.0137475,46.0095,106.858,16.1508,46.4235,18.1571,592.681,701.162,0,0.919568,-0.390477,0.0438538,0.999999,0.0767204,0.0269926,0.818182,0.9,933.534,1095.54,1471.96,2435.94,233.061,800.767,1371.9,84.1567,2503.49,154.152,103.493,0.783567,-0.274329,-0.60377,-0.200344,0,0,0,0,0,0.0147194,114.595,60.3687,0.814815,0.990707,350.362,1222.61,231.956,846.221,592.623,2026.61,686.537,2676.39,0.00554776
1691509870662271685,2170,1938,222,0.893088,15.9907,30.3598,47.4685,60.0582,190.056,2.8522,243.674,512.518,893.089,1148.49,749.555,2732.06,7763.27,12602.2,1102.4,1145.63,1805.15,506.617,577.168,342.891,127359,5037.68,7242.81,2.11542,2.31351,0,0,0.0395551,0,22.2079,70.1867,161.047,969.297,1237.09,4782.99,0.00134294,0.000122655,4,4,8,0.666667,1,2.71062,1.82188,0.888737,0.0054362,0.165196,1938,0,0,0,0,0.001,0,0,0,0,0,0,0,0,0,0,0,0,0,0,0,0,0,0,0,0,0,0,0,0,0,0,0,0,0,0,0,0,0,0.0103199,43.2878,111.575,15.8668,47.1422,11.029,584.189,701.782,0,0.919845,-0.389546,0.0462598,0.999997,0.148656,0.0314234,0.785714,0.88,925.188,1088.19,1510.89,2383.9,242.294,782.492,1453.4,81.7505,2531.88,188.081,114.426,-0.824399,0.986089,0.759149,-0.578585,0,0,0,0,0,0.0129032,118.408,59.5528,0.85,0.989051,508.737,1150.4,242.383,886.912,827.664,1809.81,747.068,2761.06,0.00317068
1691509870763042895,2235,1977,249,0.884564,16.3987,29.7857,45.2753,57.603,166.438,1.36784,241.989,507.443,895.287,1134.84,732.434,2706.21,7141.78,14372.9,1110.64,1258.7,1901.13,463.338,563.754,383.216,122869,4781.08,7087.43,5.95167,1.32524,0,0,0.0389121,0,40.802,122.106,215.379,900.047,1305.66,4503.43,0.000140919,5.29741e-06,2,2,8,0.8,1,3.14671,2.35004,0.796664,0.00553913,0.141474,1977,0,0,0,0,0.001,0,0,0,0,0,0,0,0,0,0,0,0,0,0,0,0,0,0,0,0,0,0,0,0,0,0,0,0,0,0,0,0,0,0.00758725,38.5803,68.4152,16.3321,44.759,13.2496,573.488,688.262,0,0.920365,-0.388462,0.0450077,0.999998,0.0994419,0.00370513,0.834862,0.91,922.239,1064.02,1506.68,2380.79,235.78,777.05,1456.29,88.0938,2476.37,243.166,155.623,1.41384,0.691465,-0.241779,-1.06307,0,0,0,0,0,0.00894855,76.6639,56.6644,1,0.994903,795.257,1122.7,238.737,889.76,1262.15,1555.3,729.845,2721.46,0.00317573
1691509870863850717,2119,1905,209,0.899009,16.3786,29.7671,46.6519,57.4161,161.122,1.65171,243.374,514.749,877.481,1106.2,715.177,2735.91,6599.33,12491.9,1083.97,1138.46,1787.83,428.189,547.997,368.664,119564,4249.04,6413.21,11.3301,3.59358,0,0,0.0355376,0,29.3652,85.0536,170.572,810.189,1390.15,3927.88,0.000101838,2.63824e-05,2,2,8,0.8,1,2.23313,1.45303,0.780106,0.00524188,0.213577,1905,0,0,0,0,0.001,0,0,0,0,0,0,0,0,0,0,0,0,0,0,0,0,0,0,0,0,0,0,0,0,0,0,0,0,0,0,0,0,0,0.0125984,31.9608,99.6501,16.2719,46.2111,15.2156,561.842,676.942,0,0.921639,-0.385384,0.0453954,0.999994,0.192194,0.00607935,0.801802,0.89,874.719,1071.85,1539.28,2647.26,246.435,790.528,1484.78,64.0722,2455.58,186.686,144.484,-0.151869,-0.0278812,0.252965,-0.642467,0,0,0,0,0,0.0132138,113.113,56.4808,0.875,0.997342,471.121,739.918,242.26,878.464,788.585,1244.11,713.368,2767.54,0.00295594
1691509870964546176,2171,1961,196,0.90327,16.9084,29.7613,45.9306,59.7183,154.143,0.84138,237.339,485.051,869.48,1089.61,736.617,2749.57,7663.41,12587.8,1157.6,1075.04,1848.74,444.024,492.575,339.585,119597,4757.22,7025.63,2.23464,1.62332,0,0,0.0397772,0,25.4584,130.123,161.408,876.082,1365.37,4467.19,0.000481009,3.89139e-05,6,6,12,0.666667,1,2.54764,1.697,0.850646,0.0215403,0.0923324,1961,0,0,0,0,0.001,0,0,0,0,0,0,0,0,0,0,0,0,0,0,0,0,0,0,0,0,0,0,0,0,0,0,0,0,0,0,0,0,0,0.0045895,20.0868,49.5757,16.905,45.9104,11.6077,563.247,692.145,0,0.919794,-0.389412,0.0483348,0.999986,0.304643,0.0267747,0.818182,0.9,864.301,1054.61,1520.57,2839.06,246.089,771.763,1467.13,61.39,2521.4,186.823,155.453,1.78055,0.445325,0.814769,-0.252331,0,0,0,0,0,0.00460617,50.8954,59.732,1,0.991291,535.964,736.247,237.29,870.112,878.703,1195.96,734.644,2750.07,0.000831048
1691509871064917473,2154,1938,201,0.899721,15.3157,28.0751,41.5953,57.7937,149.941,2.40531,236.889,486.885,844.125,1124.47,745.727,2811.04,7113.43,12733.2,1218.98,973.449,1905.98,449.262,475.105,361.068,121260,5118.58,7350.1,1.89053,2.11845,0,0,0.0422114,0,18.8915,42.9472,140.097,848.131,1474.69,4825.35,0.000298613,2.63798e-05,3,2,9,0.818182,1,2.23082,1.46026,0.770565,0.0104279,0.0863119,1938,0,0,0,0,0.001,0,0,0,0,0,0,0,0,0,0,0,0,0,0,0,0,0,0,0,0,0,0,0,0,0,0,0,0,0,0,0,0,0,0.00206398,10.6448,13.2178,15.3567,41.6841,11.0326,569.726,683.242,0,0.918975,-0.391542,0.0466901,0.999996,0.161167,0.0216194,0.818182,0.9,867.383,1074.04,1474.51,2379.13,246.628,775.847,1430.16,69.9709,2461.33,155.834,105.849,0.401734,0.0705581,0.190208,-0.464757,0,0,0,0,0,0.00185701,13.4765,57.8774,1,0.99121,94.6607,109.71,238.065,846.836,146.858,157.899,749.616,2812.87,1.11954e-05
1691509871164901978,2123,1953,159,0.919925,16.0779,29.2707,43.6855,57.5188,125.125,2.96324,227.376,506.371,881.191,1117.72,726.431,2927.25,7289.7,12856.8,1236.19,868.331,2064.5,476.331,459.314,364.268,121997,5376.72,7615.88,4.29553,1.58451,0,0,0.0440727,0,22.8662,66.8279,146.145,826.042,1443.56,5110.43,0.000110652,3.29597e-05,2,2,8,0.8,1,2.36051,1.57785,0.782661,0.012213,0.0342077,1953,0,0,0,0,0.001,0,0,0,0,0,0,0,0,0,0,0,0,0,0,0,0,0,0,0,0,0,0,0,0,0,0,0,0,0,0,0,0,0,0.00256016,8.88351,17.9175,16.1292,43.7109,10.9867,564.941,700.072,0,0.920065,-0.389136,0.0453263,0.999996,0.170329,0.0174872,0.834862,0.91,905.689,1085.63,1516.69,2376.19,243.161,776.703,1462.75,70.162,2333.06,162.467,117.391,1.9095,0.285509,-0.18789,-0.106295,0,0,0,0,0,0.00235516,18.5742,57.5318,1,0.991786,58.7891,83.3291,227.7,881.912,94.7082,140.025,730.511,2938.63,6.61334e-06
1691509871264344540,2138,1992,141,0.931712,16.4641,29.7773,45.3454,57.0832,158.268,2.80264,241.363,505.939,881.519,1092.19,778.599,2987.23,7556.89,52358.2,1165.89,873.465,1997.16,469.469,482.454,348.174,134440,7409.13,10344.8,7.23862,7.33654,0,0,0.0551108,0,31.969,76.2278,149.825,1014.15,2018.25,7054.36,0.0084056,0.00207048,8,8,14,0.636364,1,2.07029,1.22555,0.844732,0.0119481,0.144867,1992,0,0,0,0,0.001,0,0,0,0,0,0,0,0,0,0,0,0,0,0,0,0,0,0,0,0,0,0,0,0,0,0,0,0,0,0,0,0,0,0.00351406,6.08353,10.5598,16.4861,45.4849,10.2888,560.427,710.284,0,0.91932,-0.390818,0.0459616,0.999998,0.111554,0.0542728,0.869159,0.93,909.798,1088.65,1473.01,2399.95,249.002,776.077,1450.12,61.1481,2380.86,160.471,126.563,-0.334415,0.538233,0.966406,-0.59246,0,0,0,0,0,0.00327409,11.5759,57.0864,1,0.992947,55.0338,233.114,242.012,882.994,75.9474,357.189,782.078,2990.17,2.7891e-05
1691509871363588060,2090,1958,130,0.936842,15.3118,27.1237,41.8123,54.8711,141.754,2.45855,234.47,494.859,887.48,1106.98,766.367,2982.93,7159.06,13369.2,1237.77,927.188,2005.51,517.638,517.081,322.172,132459,5399.44,7920.27,3.69918,1.08522,0,0,0.0407631,0,21.4606,45.543,157.887,972.636,1690.62,5032.13,0.000106979,4.18681e-06,2,1,9,0.9,1,2.43582,1.70534,0.730486,0.00848262,0.0677681,1958,0,0,0,0,0.001,0,0,0,0,0,0,0,0,0,0,0,0,0,0,0,0,0,0,0,0,0,0,0,0,0,0,0,0,0,0,0,0,0,0.00357508,7.95536,10.6592,15.3824,41.9287,10.5131,563.738,711.749,0,0.918052,-0.393755,0.046227,0.999995,0.183877,0.0203935,0.869159,0.93,909.778,1098.38,1472.19,2376.9,248.529,780.878,1442.38,73.4327,2375.93,175.157,107.585,0.182154,-0.134274,0.801925,0.395937,0,0,0,0,0,0.00334928,12.2766,55.2415,1,0.991799,111.667,217.421,234.882,890.722,190.438,276.337,768.449,2984.92,3.50913e-05
1691509871462659014,2205,1968,228,0.892517,14.8983,26.7995,43.403,57.7124,184.816,3.73756,243.374,503.071,899.183,1141.43,780.824,3036.06,7833.39,37413.8,1412.68,1047.29,1938.17,533.403,514.957,376.375,129098,6653,10081.5,2.65874,1.79615,0,0,0.0515344,0,32.433,132.299,171.073,1117.64,2619.3,6008.72,0.016083,0.000683342,4,4,9,0.692308,1,2.48448,1.65402,0.83046,0.0180414,0.122653,1968,0,0,0,0,0.001,0,0,0,0,0,0,0,0,0,0,0,0,0,0,0,0,0,0,0,0,0,0,0,0,0,0,0,0,0,0,0,0,0,0.0050813,7.99929,15.0324,14.9593,43.4635,11.1183,554.13,713.751,0,0.919085,-0.391356,0.0460765,0.999997,0.149914,0.0176258,0.769912,0.87,895.762,1085.27,1509.82,2997.38,242.181,779.643,1450.65,65.0715,2358.56,172.828,172.058,1.08257,-0.363354,1.03819,-0.312463,0,0,0,0,0,0.00453515,16.6912,57.733,1,0.988253,89.9791,149.362,244.545,899.528,128.697,191.474,785.606,3040.23,1.90567e-05
1691509871561860651,2089,1936,139,0.926759,14.9013,26.7831,42.653,54.5805,174.853,1.86243,239.918,507.924,900.167,1112.94,760.773,3110.83,8215.95,13022.8,1374.39,1062.52,1876.51,532.358,492.894,375.225,123294,6022.28,8528.33,3.04293,2.97311,0,0,0.0488448,0,25.1956,52.1319,137.364,852.989,1769.8,5690.85,0.00829426,0.00058769,7,6,12,0.666667,1,1.84061,1.08927,0.75134,0.0211845,0.124238,1936,0,0,0,0,0.001,0,0,0,0,0,0,0,0,0,0,0,0,0,0,0,0,0,0,0,0,0,0,0,0,0,0,0,0,0,0,0,0,0,0.00516529,4.55247,11.5261,14.9699,42.7478,11.2235,544.922,695.854,0,0.918519,-0.392707,0.0458816,0.999999,0.0846807,0.0113404,0.818182,0.9,912.553,1101.56,1506.42,3175.98,248.932,782.49,1450.43,61.0512,2360.54,154.933,123.923,0.390433,-0.46294,1.20342,0.520096,0,0,0,0,0,0.00478698,14.7645,54.6928,1,0.991693,117.778,252.911,241.068,903.155,178.994,373.761,765.866,3130.19,0.000237333
1691509871660703973,2056,1879,176,0.913911,13.9479,26.5111,42.2341,55.4931,188.349,2.40182,237.824,514.743,868.376,1088.22,775.509,2954.99,8187.36,12537.2,1375.75,1037.07,1937.68,513.167,471.328,387.659,122758,5438.5,7757.81,2.54917,2.48618,0,0,0.0443025,0,22.347,53.7543,130.685,807.182,1616.15,5127.7,0.0416812,0.00436017,9,8,14,0.636364,1,1.9823,1.27804,0.704259,0.0436925,0.18304,1879,0,0,0,0,0.001,0,0,0,0,0,0,0,0,0,0,0,0,0,0,0,0,0,0,0,0,0,0,0,0,0,0,0,0,0,0,0,0,0,0.00851517,7.60563,20.5891,13.9777,42.3216,15.718,534.205,693.077,0,0.918532,-0.392182,0.0499195,0.999992,0.233296,0.0043665,0.834862,0.91,902.21,1061.34,1470.36,2372.94,247.306,783.228,1435.94,55.4775,2355.39,141.26,118.41,0.464673,0.406242,-0.393771,-0.41191,0,0,0,0,0,0.0077821,20.8522,55.5104,1,0.993559,64.581,130.41,239.538,868.914,89.3259,182.937,784.09,2982.44,2.78098e-05
1691509871760334028,2136,1932,189,0.904494,15.56,27.1822,43.256,59.1647,187.358,2.52255,245.329,485.037,809.367,1086.99,781.035,2722.56,6996.84,12135,1198.74,1057.58,1778.49,477.519,455.271,364.664,119791,4596.83,6873.83,2.66933,2.83584,0,0,0.0383739,0,21.2603,50.7564,133.231,892.792,1540.1,4235.69,0.00039206,0.000174686,4,3,9,0.75,1,2.74269,1.93957,0.803115,0.0164988,0.0990833,1932,0,0,0,0,0.001,0,0,0,0,0,0,0,0,0,0,0,0,0,0,0,0,0,0,0,0,0,0,0,0,0,0,0,0,0,0,0,0,0,0.00776398,8.83516,20.3039,15.6214,43.4559,13.482,554.37,692.148,0,0.918556,-0.392753,0.0447158,0.999986,0.299943,0.00216959,0.851852,0.92,903.421,1100.42,1491.85,2372.73,248.23,783.766,1455.99,64.5076,2301.37,150.157,124.493,-0.00681389,0.238996,0.237387,-0.200173,0,0,0,0,0,0.00702247,22.5323,59.2135,1,0.991132,71.5366,162.091,247.019,812.102,103.955,211.808,788.815,2754.3,3.78076e-05
1691509871859886441,1980,1800,179,0.909091,15.8788,27.5909,42.6641,55.6404,190.089,2.46904,251.33,528.987,858.682,1136.17,815.169,3154.88,7869.68,13928.8,1268.77,1283.64,2192.82,445.102,526.101,407.155,126162,5442.39,8047.33,3.34822,3.05014,0,0,0.0431381,0,14.3168,46.5239,120.327,1027.17,1812.98,5026.02,0.000901428,0.00021411,4,4,10,0.714286,1,2.2181,1.45266,0.765438,0.0202817,0.145327,1800,0,0,0,0,0.001,0,0,0,0,0,0,0,0,0,0,0,0,0,0,0,0,0,0,0,0,0,0,0,0,0,0,0,0,0,0,0,0,0,0,0,0,15.8788,42.6641,13.3166,577.901,691.782,0,0.920047,-0.389205,0.0450852,0.999993,0.22152,0.0338475,0.769912,0.87,934.037,1106.42,1474.49,2477.45,254.124,814.988,1444.88,53.355,2405,134.633,115.148,0.328783,-0.222357,0.567731,0.327876,0,0,0,0,0,0,0,55.6404,0,0.988333,0,0,251.33,858.682,0,0,815.169,3154.88,0
1691509871960299400,1744,1431,312,0.820528,16.8501,30.3736,44.1757,60.9089,158.004,3.14285,260.771,526.226,879.233,1144.6,893.96,3271.54,8098.4,14235.1,1097.24,1316.42,2218.77,489.25,507.802,356.361,125362,4548.5,6503.71,9.79897,1.81424,0,0,0.0362828,0,0.785392,34.255,105.444,860.539,1202.76,4299.93,8.83352e-05,1.22184e-05,2,2,8,0.8,1,2.11843,1.46309,0.655339,0.012376,0.0708098,1431,0,0,0,0,0.001,0,0,0,0,0,0,0,0,0,0,0,0,0,0,0,0,0,0,0,0,0,0,0,0,0,0,0,0,0,0,0,0,0,0,0,0,16.8501,44.1757,11.6521,567.53,694.818,0,0.919756,-0.389932,0.0447442,1,0.0489533,0.0114373,0.680672,0.81,982.379,1117.91,1475.62,2367.48,249.549,875.96,1443.87,55.8833,2329.27,118.211,79.9687,-0.342582,0.488072,0.374178,0.353217,0,0,0,0,0,0,0,60.9089,0,0.98812,0,0,260.771,879.233,0,0,893.96,3271.54,0
1691509872060656029,1729,1354,375,0.783112,16.4949,28.7461,43.3044,60.1214,162.788,5.16016,251.563,521.993,912.555,1111.97,839.602,3292.47,6931.2,12972.3,1007.15,1297.11,2304.78,476.477,542.289,334.552,129644,3917.55,5721.11,4.05488,4.1327,0,0,0.0302178,0,1.99667,27.5078,105.343,774.913,1148.64,3662.71,0.000128482,0.000221833,4,4,8,0.666667,1,2.24161,1.64531,0.596305,0.0310908,0.100034,1354,0,0,0,0,0.001,0,0,0,0,0,0,0,0,0,0,0,0,0,0,0,0,0,0,0,0,0,0,0,0,0,0,0,0,0,0,0,0,0,0,0,0,16.4949,43.3044,11.6886,581.399,714.912,0,0.92018,-0.389015,0.0440001,0.999999,0.0719188,0.00515859,0.785714,0.88,1016.48,1138.26,1515.41,2365.43,252.501,865.75,1458.73,64.0235,2308.28,114.458,69.8005,0.978198,0.286625,-0.082678,-0.0905683,0,0,0,0,0,0,0,60.1214,0,0.988183,0,0,251.563,912.555,0,0,839.602,3292.47,0
1691509872160947093,1773,1392,376,0.78511,16.6849,28.6675,45.2925,59.509,158.779,7.01908,267.592,545.348,878.263,1080.05,891.275,3313.12,7533.52,11154.9,963.445,1301.66,2294.88,505.281,514.009,319.281,136772,4302.4,6241.53,4.54847,3.99629,0,0,0.0314568,0,0.618114,31.6506,110.56,770.514,1302.3,4025.89,0.01583,0.00209905,3,2,8,0.8,1,1.8277,1.20145,0.626259,0.0105842,0.192495,1392,0,0,0,0,0.001,0,0,0,0,0,0,0,0,0,0,0,0,0,0,0,0,0,0,0,0,0,0,0,0,0,0,0,0,0,0,0,0,0,0,0,0,16.6849,45.2925,14.5778,595.474,717.949,0,0.919673,-0.390118,0.0448302,0.999999,0.0842764,0.0225911,0.834862,0.91,1020.32,1143.72,1522.88,2365.98,266.276,882.974,1457.31,71.0106,2271.28,123.717,73.5758,0.486415,-0.24124,-0.120447,0.220918,0,0,0,0,0,0,0,59.509,0,0.988506,0,0,267.592,878.263,0,0,891.275,3313.12,0
1691509872261084218,1809,1422,387,0.78607,15.4016,26.1934,39.2284,49.6822,111.041,5.50784,268.901,533.257,905.638,1138.23,934.975,3299.95,7824.58,12271.7,965.355,1321.58,2187.15,538.238,510.629,333.877,141609,4647.09,6640.46,1.67697,1.90043,0,0,0.0328164,0,0.874411,30.7574,116.694,915.7,1176.68,4399.75,0.0124198,0.00111053,5,5,10,0.666667,1,2.0262,1.57847,0.447726,0.0105889,0.0398025,1422,0,0,0,0,0.001,0,0,0,0,0,0,0,0,0,0,0,0,0,0,0,0,0,0,0,0,0,0,0,0,0,0,0,0,0,0,0,0,0,0,0,0,15.4016,39.2284,13.4768,602.829,734.694,0,0.919565,-0.390202,0.0462892,0.999999,0.0839632,0.0209076,0.904762,0.95,1016.08,1147.07,1534.83,2366.09,264.777,876.713,1483.8,58.3092,2278.73,130.982,70.7012,0.840791,-0.114256,-0.577444,-0.0649807,0,0,0,0,0,0,0,49.6822,0,0.994374,0,0,268.901,905.638,0,0,934.975,3299.95,0
1691509872361266662,1815,1451,361,0.799449,16.2145,27.0104,37.2983,47.8136,122.251,2.79025,265.09,510.645,862.567,1107.03,913.501,3257.29,7469.02,11106.1,948.041,1348.14,2370.91,499.432,536.794,358.344,138815,4471.01,6552.08,5.16751,4.95059,0,0,0.0322085,0,1.0912,41.1376,104.192,898.952,1337.83,4168.87,0.00406388,0.00122442,6,6,10,0.625,1,2.14415,1.70048,0.443671,0.0186373,0.0899537,1451,0,0,0,0,0.001,0,0,0,0,0,0,0,0,0,0,0,0,0,0,0,0,0,0,0,0,0,0,0,0,0,0,0,0,0,0,0,0,0,0,0,0,16.2145,37.2983,15.744,611.044,715.212,0,0.91851,-0.392768,0.0455206,0.999996,0.164924,0.0188473,0.869159,0.93,1001.09,1155.98,1512.18,2367.48,272.064,855.754,1455.81,62.1687,2259.35,117.505,83.056,1.36823,-0.631401,-0.188993,0.423087,0,0,0,0,0,0,0,47.8136,0,0.997932,0,0,265.09,862.567,0,0,913.501,3257.29,0
1691509872461102391,1889,1568,319,0.830069,14.6872,25.2133,36.4597,44.6215,116.928,3.50044,269.363,533.559,921.759,1156.8,938.402,3405.34,9858.06,14334.4,1022.51,1341.91,2384.72,534.995,584.456,366.909,136605,5766.73,8246.33,1.27984,4.99821,0,0,0.0422145,0,0.754485,50.1221,130.097,1003.79,1620.91,5440.66,0.00920245,0.00136258,3,2,10,0.833333,1,1.5032,1.06562,0.437581,0.00990484,0.112892,1568,0,0,0,0,0.001,0,0,0,0,0,0,0,0,0,0,0,0,0,0,0,0,0,0,0,0,0,0,0,0,0,0,0,0,0,0,0,0,0,0,0,0,14.6872,36.4597,11.1916,609.887,732.922,0,0.920577,-0.387815,0.0462253,0.999985,0.310116,0.0092039,0.851852,0.92,979.403,1139.92,1513.72,2363.15,267.454,845.363,1454.28,60.1511,2189.71,150.169,90.8175,-0.00412652,0.123644,-0.802478,0.234412,0,0,0,0,0,0,0,44.6215,0,0.999362,0,0,269.363,921.759,0,0,938.402,3405.34,0
1691509872561244406,1868,1547,321,0.828158,15.7223,26.3859,36.3527,46.5423,114.208,3.93603,266.196,518.906,871.351,1091.91,905.766,3400.72,8210.88,13233.8,1026.29,1465.88,2237.75,504.306,563.911,324.287,138113,5001.27,7307.18,6.96036,3.57031,0,0,0.0362115,0,0.454437,32.5575,116.666,906.448,1602.6,4648.45,5.53455e-05,2.80581e-05,2,2,8,0.8,1,1.88977,1.40066,0.489111,0.00495824,0.141828,1547,0,0,0,0,0.001,0,0,0,0,0,0,0,0,0,0,0,0,0,0,0,0,0,0,0,0,0,0,0,0,0,0,0,0,0,0,0,0,0,0,0,0,15.7223,36.3527,11.6348,585.405,713.96,0,0.920382,-0.388379,0.0453723,0.999999,0.0596437,0.0467689,0.904762,0.95,979.509,1140.17,1598.25,2363.34,274.368,868.076,1462.53,67.3151,2272.77,125.816,83.719,0.153567,0.474574,-0.305787,-0.190518,0,0,0,0,0,0.000535332,0,46.5423,0,0.993536,0,0,266.196,871.351,0,0,905.766,3400.72,0
1691509872661501177,1913,1575,338,0.823314,14.6351,25.497,36.3679,47.6276,106.623,3.77134,273.443,531.872,882.833,1112.69,955.618,3327.7,8305.77,13402.5,1171.2,1466.61,2149.87,500.655,549.484,377.445,131968,5288.43,7712.83,3.52969,3.50463,0,0,0.0400736,0,10.7489,32.4602,111.336,964.879,1670.9,4922.5,0.00815191,0.00107629,3,2,11,0.846154,1,1.63094,1.18734,0.443597,0.00664981,0.0746193,1575,0,0,0,0,0.001,0,0,0,0,0,0,0,0,0,0,0,0,0,0,0,0,0,0,0,0,0,0,0,0,0,0,0,0,0,0,0,0,0,0.00126984,45.0998,60.284,14.6174,36.2342,12.8151,573.544,718.641,0,0.919411,-0.390781,0.0444304,0.999996,0.157959,0.0108917,0.834862,0.91,967.306,1119.64,1595.55,2364.54,271.093,851.757,1481.76,61.7511,2342.19,123.409,92.122,0.726956,-0.218017,-0.603105,0.242935,0,0,0,0,0,0.00104548,62.182,47.5698,1,0.998093,294.682,492.194,273.443,883.613,403.091,682.056,956.461,3327.87,7.3664e-05
1691509872761797945,1766,1458,308,0.825595,16.1727,27.2571,40.1841,50.4866,114.099,4.63512,254.782,518.19,891.064,1156.55,884.759,3376.6,7641.29,14767.7,1196.29,1448.3,2090.78,500.324,548.92,341.622,124584,4851.95,7090.59,66.1641,4.50628,0,0,0.0389453,0,0.707157,30.6852,106.36,904.925,1537.07,4510.84,0.00016584,3.11479e-05,1,0,9,1,1,1.57552,1.07023,0.505282,0,0,1458,0,0,0,0,0.001,0,0,0,0,0,0,0,0,0,0,0,0,0,0,0,0,0,0,0,0,0,0,0,0,0,0,0,0,0,0,0,0,0,0.00137174,42.7508,48.252,16.1694,40.1594,11.183,573.089,689.728,0,0.919461,-0.390668,0.04439,1,0.00746165,0.0517688,0.869159,0.93,990.559,1129.82,1591.49,2367.63,274.465,856.35,1487.01,48.6534,2376.52,123.043,76.6479,0.153948,-0.133348,-0.815723,0.160587,0,0,0,0,0,0.0011325,48.9397,50.522,1,0.994505,770.028,1056.95,254.743,887.987,914.972,1218.48,884.759,3376.96,0.000276736
1691509872861446954,1900,1574,326,0.828421,16.5056,28.3452,40.098,50.8019,176.609,3.5096,264.71,539.488,908.667,1148.84,916.763,3430.84,8885.71,15000.1,1319.71,1590.02,2120.07,526.127,552.091,373.641,124722,5383.03,8049.04,6.3225,6.24685,0,0,0.0431601,0,17.4031,50.5134,115.343,1040.84,1897.95,4926.99,0.0108313,0.00219207,6,5,11,0.6875,1,2.03002,1.4933,0.536718,0.0133856,0.255236,1574,0,0,0,0,0.001,0,0,0,0,0,0,0,0,0,0,0,0,0,0,0,0,0,0,0,0,0,0,0,0,0,0,0,0,0,0,0,0,0,0,0,0,16.5056,40.098,12.8464,575.824,684.329,0,0.919171,-0.39115,0.0461028,0.999998,0.10329,0.00948753,0.869159,0.93,965.373,1107.52,1584.66,2367.34,279.889,836.444,1487.08,64.48,2394.1,132.281,87.5731,1.38998,-0.208832,-0.700819,0.0614863,0,0,0,0,0,0,0,50.8019,0,0.997459,0,0,264.71,908.667,0,0,916.763,3430.84,0
1691509872961397681,1806,1505,300,0.833333,16.579,29.4722,42.2332,52.2992,165.231,1.65955,276.632,526.237,869.562,1114.78,957.534,3223.23,9175.86,15194.8,1413.79,1450.85,2116.23,492.749,529.205,359.525,125259,5231.22,7724.87,4.6718,3.82163,0,0,0.0417632,0,5.80513,29.8909,117.175,930.945,1831.8,4809.25,0.000133961,2.98731e-05,2,2,8,0.8,1,1.76421,1.2111,0.553106,0.00860365,0.153324,1505,0,0,0,0,0.001,0,0,0,0,0,0,0,0,0,0,0,0,0,0,0,0,0,0,0,0,0,0,0,0,0,0,0,0,0,0,0,0,0,0.000664452,66.8795,66.8795,16.5772,42.1954,12.4082,576.833,681.759,0,0.920029,-0.389409,0.043671,0.999995,0.178277,0.0175683,0.886792,0.94,966.188,1112.48,1585.84,2364.75,273.548,822.915,1483.76,61.469,2445.49,134.046,72.3452,0.206308,-0.0970215,-0.910439,0.237296,0,0,0,0,0,0.00110742,66.8795,52.216,1,0.995346,360.387,360.387,276.396,869.705,441.04,441.04,957.855,3224,2.51806e-05
1691509873062288377,2036,1695,341,0.832515,16.266,27.7226,39.9045,49.0426,89.9832,2.20917,262.539,495.561,832.601,1079.27,890.259,3135.61,8255.83,14708.3,1396.15,1301.43,2047.07,510.089,453.029,326.058,129712,5294.76,7836.14,2.16165,2.17897,0,0,0.0408195,0,16.0163,26.6497,115.585,937.893,1882.26,4857.74,0.00874354,0.000739017,5,5,13,0.722222,1,1.87345,1.34025,0.533202,0.0156813,0.275798,1695,0,0,0,0,0.001,0,0,0,0,0,0,0,0,0,0,0,0,0,0,0,0,0,0,0,0,0,0,0,0,0,0,0,0,0,0,0,0,0,0,0,0,16.266,39.9045,13.9112,589.768,696.321,0,0.919731,-0.389811,0.0462835,0.999996,0.152411,0.000436978,0.834862,0.91,932.469,1099.97,1576.69,2364.01,261.416,793.588,1457.73,51.2257,2489.9,122.261,85.6787,-0.123271,-0.17906,-0.817312,-0.0030538,0,0,0,0,0,0.000491159,0,49.0426,0,1,0,0,262.539,832.601,0,0,890.259,3135.61,0
1691509873162549745,2027,1703,324,0.840158,16.3279,28.2083,41.6691,52.1219,114.771,2.05195,251.319,487.723,821.263,1096.01,841.605,3102.22,7822.14,15278.9,1454.8,1206.38,2007.61,507.958,417.008,331.311,127239,5193.24,7765.92,2.7873,2.9983,0,0,0.0408149,0,17.4338,29.8541,111.489,940.432,1946.05,4720.66,0.0278577,0.00236619,4,3,9,0.75,1,2.05556,1.46696,0.588608,0.00271317,0.168189,1703,0,0,0,0,0.001,0,0,0,0,0,0,0,0,0,0,0,0,0,0,0,0,0,0,0,0,0,0,0,0,0,0,0,0,0,0,0,0,0,0,0,0,16.3279,41.6691,11.7433,598.172,682.084,0,0.920401,-0.388214,0.0463901,0.999998,0.0994228,0.0248003,0.886792,0.94,934.396,1086.76,1510.63,2362.38,264.016,793.601,1457.43,55.8796,2461.23,122.814,86.7478,0.657035,-0.558926,-0.825097,0.395939,0,0,0,0,0,0,0,52.1219,0,0.99589,0,0,251.319,821.263,0,0,841.605,3102.22,0
1691509873262945963,1971,1700,270,0.862506,16.4807,28.754,40.3758,50.4369,120.393,3.26739,267.245,525.468,853.489,1105.39,922.864,3392.57,9083.38,16329.6,1448.17,1201.06,2318.15,594.278,400.377,320.074,127020,6148.09,9000.66,3.274,2.60348,0,0,0.0484026,0,17.3729,39.9985,111.189,1079.53,2064.07,5688.5,0.0124498,0.00104954,3,2,11,0.846154,1,2.0786,1.50035,0.578251,0.00209869,0.0608054,1700,0,0,0,0,0.001,0,0,0,0,0,0,0,0,0,0,0,0,0,0,0,0,0,0,0,0,0,0,0,0,0,0,0,0,0,0,0,0,0,0,0,0,16.4807,40.3758,14.7132,590.768,699.519,0,0.921747,-0.385107,0.0455575,0.999994,0.199807,0.0406057,0.886792,0.94,952.986,1101.11,1507.47,2359.22,262.419,809.442,1453.91,65.1452,2489.09,117.916,83.8833,0.771046,-0.227147,-0.822806,0.234073,0,0,0,0,0,0,0,50.4369,0,0.998235,0,0,267.245,853.489,0,0,922.864,3392.57,0
1691509873363668654,1982,1699,282,0.857215,15.1491,27.2483,41.011,50.1928,105.07,2.67101,250.955,497.091,853.7,1080.11,872.463,3329.68,8390.2,15185.9,1460.11,987.458,2148.66,513.451,474.11,332.516,128558,5537.65,8194.57,3.16359,3.25958,0,0,0.0430753,0,14.8411,29.4507,119.696,957.901,1999.92,5072.76,0.00626584,0.000589985,8,8,13,0.619048,1,1.70798,1.1675,0.540475,0.0120173,0.235265,1699,0,0,0,0,0.001,0,0,0,0,0,0,0,0,0,0,0,0,0,0,0,0,0,0,0,0,0,0,0,0,0,0,0,0,0,0,0,0,0,0,0,0,15.1491,41.011,14.7503,589.263,697.987,0,0.921115,-0.386702,0.0448131,0.999998,0.107173,0.0207072,0.851852,0.92,938.336,1099.24,1504.08,2359.4,254.119,788.575,1452.92,51.5621,2393.85,131.733,79.3807,-0.0444713,0.393419,-1.13558,-0.160181,0,0,0,0,0,0,0,50.1928,0,0.998823,0,0,250.955,853.7,0,0,872.463,3329.68,0
1691509873464288170,1883,1623,260,0.861922,16.5112,27.3675,40.4987,55.1794,122.6,1.18688,257.205,514.767,853.763,1082.98,890.466,3534.54,8984.49,13612.1,1472.18,992.364,2289.58,526.114,461.751,303.866,133511,5797.77,8575.75,8.83637,1.65618,0,0,0.0434255,0,15.6574,26.8157,112.786,1017.17,2095.23,5308.09,0.00012099,9.08765e-06,2,2,8,0.8,1,2.17705,1.61566,0.561394,0.00735921,0.126204,1623,0,0,0,0,0.001,0,0,0,0,0,0,0,0,0,0,0,0,0,0,0,0,0,0,0,0,0,0,0,0,0,0,0,0,0,0,0,0,0,0,0,0,16.5112,40.4987,11.2042,611.263,715.533,0,0.919132,-0.391496,0.0438965,0.999986,0.301823,0.00767443,0.886792,0.94,956.967,1097.33,1497.7,2361.32,249.661,805.352,1449.6,68.9859,2432.02,123.807,72.6922,1.24001,-1.5308,-0.982345,-0.02935,0,0,0,0,0,0,0,55.1794,0,0.996919,0,0,257.205,853.763,0,0,890.466,3534.54,0
1691509873564230856,1850,1569,280,0.848108,16.0785,28.1099,43.6938,53.2028,164.293,0.79632,260.585,510.402,854.546,1085.77,915.961,3341.52,8996.73,34627.6,1581.82,1013.87,2272.61,538.37,507.254,310.045,139675,6131.6,9047.17,3.31114,2.90149,0,0,0.0438992,0,4.23164,35.9863,107.7,1048.37,2242.24,5608.65,0.0202535,0.00128458,3,2,8,0.8,1,1.82192,1.28321,0.538711,0.00737419,0.050133,1569,0,0,0,0,0.001,0,0,0,0,0,0,0,0,0,0,0,0,0,0,0,0,0,0,0,0,0,0,0,0,0,0,0,0,0,0,0,0,0,0,0,0,16.0785,43.6938,13.1748,628.101,748.724,0,0.919729,-0.389857,0.0459294,0.999996,0.153463,0.0281941,0.904762,0.95,959.859,1097.41,1498.44,2359.52,247.941,808.123,1428.79,58.1738,2438.38,120.375,68.5724,0.668145,-0.0632455,-0.644229,-0.0357464,0,0,0,0,0,0,0,53.2028,0,0.998725,0,0,260.585,854.546,0,0,915.961,3341.52,0
1691509873663420736,1854,1577,277,0.850593,16.2992,27.5665,40.0655,48.9042,106.005,0.0286577,256.629,499.009,835.519,1093.25,912.868,3387.6,9401.93,16964.5,1452.83,1141.52,2218.05,549.071,503.274,279.327,138672,5842.9,8587.34,31.8277,2.71404,0,0,0.0421348,0,2.52039,28.6447,101.489,1033.69,2048.53,5372.46,8.54944e-05,1.71238e-05,2,2,8,0.8,1,1.81095,1.31472,0.496233,0.00423641,0.216351,1577,0,0,0,0,0.001,0,0,0,0,0,0,0,0,0,0,0,0,0,0,0,0,0,0,0,0,0,0,0,0,0,0,0,0,0,0,0,0,0,0,0,0,16.2992,40.0655,12.8641,621.316,732.82,0,0.919148,-0.391302,0.0452764,0.999999,0.0967672,0.00309116,0.886792,0.94,960.741,1107.16,1497.68,2360.04,253.746,814.714,1448.43,64.3385,2408.2,117.522,61.0925,0.969267,-0.073546,-0.565203,0.482272,0,0,0,0,0,0,0,48.9042,0,0.999366,0,0,256.629,835.519,0,0,912.868,3387.6,0
1691509873762474293,1828,1547,281,0.84628,15.7095,26.9329,42.0387,53.7566,109.947,2.35506,270.143,510.788,862.208,1076.39,921.805,3466.6,9767.47,17441.6,1654.76,1210.27,2263.97,576.152,538.012,279.771,143328,6065.61,8737.59,15.7027,2.26977,0,0,0.0423197,0,9.00459,23.8103,105.333,938.672,2019.98,5640.78,0.000100036,1.31706e-05,2,2,8,0.8,1,1.74958,1.21742,0.532158,0.00240725,0.109486,1547,0,0,0,0,0.001,0,0,0,0,0,0,0,0,0,0,0,0,0,0,0,0,0,0,0,0,0,0,0,0,0,0,0,0,0,0,0,0,0,0,0,0,15.7095,42.0387,12.6215,620.998,749.381,0,0.920602,-0.388138,0.0429046,0.999991,0.241386,0.00627517,0.886792,0.94,965.273,1099.31,1500.18,2357.21,256.233,827.791,1445.69,61.2466,2398.13,120.196,56.3505,0.151308,0.440231,-0.866636,0.232111,0,0,0,0,0,0,0,53.7566,0,0.998707,0,0,270.143,862.208,0,0,921.805,3466.6,0
1691509873862542554,1926,1659,267,0.861371,15.0079,27.1139,42.0286,53.0711,109.095,1.42761,261.182,496.042,876.511,1090.56,867.367,3215.11,9209.23,17427.1,1627.56,1184.83,2072.33,531.851,521.122,294.505,136216,5918.09,8738.33,1.50771,1.21227,0,0,0.0434462,0,12.5316,42.2252,111.582,984.792,2172.37,5414.82,0.00161503,0.000209121,4,4,10,0.714286,1,1.92977,1.38291,0.546866,0.00656579,0.198276,1659,0,0,0,0,0.001,0,0,0,0,0,0,0,0,0,0,0,0,0,0,0,0,0,0,0,0,0,0,0,0,0,0,0,0,0,0,0,0,0,0,0,0,15.0079,42.0286,14.5921,599.423,715.984,0,0.919121,-0.391558,0.0435791,0.999993,0.216984,0.0477908,0.801802,0.89,943.082,1094.8,1472.29,2359.42,266.974,807.829,1411.89,54.5902,2350.05,118.284,78.2561,1.17302,-0.20918,-0.204072,0.254258,0,0,0,0,0,0,0,53.0711,0,0.998192,0,0,261.182,876.511,0,0,867.367,3215.11,0
1691509873962139413,1739,1495,243,0.859689,16.6558,28.9204,43.6469,56.5683,158.218,-0.346809,263.294,513.211,828.25,1070.01,873.293,3494.09,9341.49,17872.3,1644,1285.57,2097.91,511.568,492.988,319.102,132993,5540.05,8237.49,1.56458,2.90481,0,0,0.0416566,0,7.71249,23.993,102.775,845.314,2281.76,4975.94,0.00992989,0.00119173,2,1,8,0.888889,1,1.84318,1.28232,0.560861,0.0102451,0.0723613,1495,0,0,0,0,0.001,0,0,0,0,0,0,0,0,0,0,0,0,0,0,0,0,0,0,0,0,0,0,0,0,0,0,0,0,0,0,0,0,0,0,0,0,16.6558,43.6469,13.6903,580.613,705.696,0,0.919411,-0.390703,0.0451115,0.999998,0.101909,0.0506879,0.834862,0.91,963.922,1104.13,1502.59,2358.65,272.531,842.066,1452.25,70.5975,2391.97,108.234,68.0247,0.106599,0.131554,-0.312628,0.0476465,0,0,0,0,0,0.000575043,0,56.5683,0,0.996656,0,0,263.294,828.25,0,0,873.293,3494.09,0
1691509874061441256,1869,1626,243,0.869984,16.011,28.1723,43.6585,53.6689,162.368,0.845074,271.073,505.098,845.01,1119.65,878.759,3275.92,8921.19,18433.2,1623.32,1276.65,2031.44,477.109,537.118,320.693,134426,5349.81,8368.4,3.26303,3.06257,0,0,0.0397973,0,11.9802,39.1787,105.824,1101.3,2526.02,4584.1,0.00843185,0.00119924,3,2,11,0.846154,1,1.774,1.20467,0.569325,0.00806975,0.124448,1626,0,0,0,0,0.001,0,0,0,0,0,0,0,0,0,0,0,0,0,0,0,0,0,0,0,0,0,0,0,0,0,0,0,0,0,0,0,0,0,0.000615006,35.9638,35.9638,16.0082,43.6995,12.7339,578.612,708.654,0,0.920099,-0.388943,0.0462781,0.999998,0.127227,0.00408003,0.818182,0.9,959.836,1091.81,1484.64,2357.21,266.053,826.63,1453.46,67.3825,2311.84,112.205,78.3333,0.455257,-0.0652732,-0.652144,0.244272,0,0,0,0,0,0.000535045,35.9638,53.6738,1,0.999385,1146.01,1146.01,271.007,844.656,1287.37,1287.37,877.822,3276.07,0.000198047
1691509874160975657,1808,1549,258,0.856748,16.158,30.0678,44.1623,53.6408,131.116,-0.0514158,255.188,481.349,812.083,1091.39,808.178,3257.27,8782.34,17746.3,1497.56,1115.03,1972.1,448.295,572.979,283.843,132663,4832.27,7471.57,1.92205,1.99519,0,0,0.0364253,0,9.00796,30.3849,95.83,952.448,2177.94,4205.96,0.0809813,0.00152463,7,7,10,0.588235,1,1.87959,1.30487,0.574715,0.00517888,0.128455,1549,0,0,0,0,0.001,0,0,0,0,0,0,0,0,0,0,0,0,0,0,0,0,0,0,0,0,0,0,0,0,0,0,0,0,0,0,0,0,0,0.000645578,86.7198,86.7198,16.1373,44.1087,12.214,581.217,713.569,0,0.91915,-0.391122,0.0467729,0.999997,0.139089,0.030976,0.818182,0.9,962.248,1094.33,1486.93,2358.82,260.923,829.51,1443.89,58.387,2346.98,104.529,66.1978,0.568239,-0.344329,-0.760125,0.293602,0,0,0,0,0,0.000553097,86.7198,53.3788,1,0.996124,640.603,640.603,254.675,812.181,928.081,928.081,806.86,3259.11,0.000115281
1691509874260352211,1752,1531,219,0.873858,16.7169,30.181,45.8086,56.6309,122.483,-0.449508,261.247,504.807,855.623,1095.29,860.183,3394.07,8367.1,17324.7,1545.31,1206.52,1990.12,448.061,588.133,299.945,130154,4717.67,7474.64,2.10323,3.50447,0,0,0.0362469,0,10.1126,34.4189,99.7869,1036.95,2320.03,3973.33,0.000342191,7.04205e-05,3,2,9,0.818182,1,1.88169,1.27138,0.610312,0.0085725,0.144826,1531,0,0,0,0,0.001,0,0,0,0,0,0,0,0,0,0,0,0,0,0,0,0,0,0,0,0,0,0,0,0,0,0,0,0,0,0,0,0,0,0.000653168,95.3265,95.3265,16.7125,45.7546,11.31,587.376,699.314,0,0.917946,-0.393962,0.0465801,0.999995,0.177088,0.0555809,0.851852,0.92,957.993,1094.46,1491.77,2360.77,273.283,818.246,1453.58,60.5962,2314.19,105.594,73.0049,-0.155608,-0.395546,-0.613566,0.184846,0,0,0,0,0,0.000570776,95.3265,56.5978,1,0.996078,605.235,605.235,261.094,855.868,699.628,699.628,860.871,3395.41,6.54853e-05
1691509874360915533,1817,1563,253,0.860209,15.6848,28.8003,44.143,55.5312,131.489,0.169681,246.656,472.511,831.003,1071.74,800.91,3191.75,8044.93,15891.1,1384.81,1048.93,1971.85,399.833,567.643,268.491,134100,4293.29,6799.4,2.13477,1.35061,0,0,0.0320155,0,7.86685,25.3554,88.9903,986.19,2052.6,3638.4,0.00139913,0.000132032,5,5,8,0.615385,1,1.95592,1.36462,0.591302,0.0165944,0.189535,1563,0,0,0,0,0.001,0,0,0,0,0,0,0,0,0,0,0,0,0,0,0,0,0,0,0,0,0,0,0,0,0,0,0,0,0,0,0,0,0,0,0,0,15.6848,44.143,15.7908,560.922,711.287,0,0.920508,-0.388013,0.0459365,0.999979,0.37297,0.0293686,0.818182,0.9,950.988,1080.4,1455.6,2355.89,267.662,828.448,1404.32,58.8839,2400.27,97.459,61.0124,0.189296,0.17069,-0.584696,-0.0439666,0,0,0,0,0,0.00110072,0,55.5312,0,0.994882,0,0,246.656,831.003,0,0,800.91,3191.75,0
1691509874461471880,1822,1597,225,0.876509,17.8862,31.5229,45.4461,56.8019,136.706,2.29526,251.594,475.648,841.256,1050.76,825.149,3039.28,9120.63,22996.7,1334.32,1126.48,1991.91,407.508,541.113,245.146,140256,5778.07,8556.27,4.4135,3.91139,0,0,0.0411965,0,10.0868,26.2091,92.6315,936.479,2254.93,5235.94,0.0135401,0.00207982,5,4,11,0.733333,1,1.70129,1.0296,0.671693,0.012139,0.0279167,1597,0,0,0,0,0.001,0,0,0,0,0,0,0,0,0,0,0,0,0,0,0,0,0,0,0,0,0,0,0,0,0,0,0,0,0,0,0,0,0,0.000626174,48.6844,48.6844,17.8805,45.414,11.6561,569.793,717.551,0,0.919697,-0.38973,0.0476202,0.999997,0.145413,0.007429,0.851852,0.92,957.432,1090.34,1458.45,2357.11,265.616,829.842,1408.96,62.5206,2378.93,101.547,62.4902,0.121808,-0.221318,-0.601864,0.410406,0,0,0,0,0,0.00164654,48.6844,56.8061,1,0.994987,1817.15,1817.15,251.463,840.384,2199.59,2199.59,823.79,3039.77,0.000565455
1691509874562345206,1773,1558,215,0.878737,17.2759,32.801,50.3521,67.7284,165.477,1.10289,251.85,477.123,847.317,1086.42,757.874,3280.46,7487.1,18504,1277.06,1089.52,1915.54,404.305,566.886,244.161,144082,4708.22,7377.21,1.73566,1.74874,0,0,0.0326774,0,13.7425,22.7406,99.4076,989.293,2222.11,4029.92,0.0332787,0.00197065,10,9,16,0.64,1,1.88856,1.04773,0.840835,0.0193121,0.115197,1558,0,0,0,0,0.001,0,0,0,0,0,0,0,0,0,0,0,0,0,0,0,0,0,0,0,0,0,0,0,0,0,0,0,0,0,0,0,0,0,0.000641849,8.36568,8.36568,17.2988,50.354,14.7862,571.925,725.289,0,0.920661,-0.387625,0.0461638,0.999996,0.156733,0.0441561,0.869159,0.93,952.305,1088.65,1478.82,2354.71,261.505,828.251,1442.7,61.1164,2468.07,109.216,59.592,0.207552,-0.0745393,-0.3001,0.0834914,0,0,0,0,0,0.000564016,8.36568,67.742,1,0.982017,0,0,251.863,847.361,0,0,759.076,3280.82,0
1691509874662913280,1840,1605,234,0.872283,19.7018,36.1337,56.6633,71.0306,188.224,0.086857,253.551,457.183,817.862,1059.19,773.652,3212.76,7624.58,18215.1,1066.96,1242.13,1831.66,417.177,525.429,241.311,139990,4410.18,7075.04,4.20447,4.25159,0,0,0.0315036,0,9.56754,24.5086,96.7316,996.234,2358.46,3589.54,0.370806,0.00738007,4,3,9,0.75,1,2.52955,1.49268,1.03688,0.00694171,0.0500338,1605,0,0,0,0,0.001,0,0,0,0,0,0,0,0,0,0,0,0,0,0,0,0,0,0,0,0,0,0,0,0,0,0,0,0,0,0,0,0,0,0,0,0,19.7018,56.6633,12.6093,570.212,731.178,0,0.920131,-0.388811,0.0467506,0.999999,0.0816714,0.0148751,0.724138,0.84,933.333,1073.87,1412.72,2355.19,259.122,820.987,1395.91,72.3652,2423.09,113.975,61.0955,0.236009,0.142219,-0.241381,-0.131246,0,0,0,0,0,0,0,71.0306,0,0.976947,0,0,253.551,817.862,0,0,773.652,3212.76,0
1691509874763446121,1755,1534,221,0.874074,18.5347,33.9198,57.2507,78.9003,186.41,3.22628,256.828,474.224,865.422,1161,819.605,3509.81,8157.76,20492,1078.35,1307.94,2089.05,436.092,575.214,209.885,143769,5412.66,8189,3.89698,3.89887,0,0,0.0376484,0,0.184544,21.2073,87.6933,1057.71,2185.51,4836.69,0.292942,0.0109432,8,8,10,0.555556,1,2.16012,1.17712,0.982998,0.00509443,0.0874383,1534,0,0,0,0,0.001,0,0,0,0,0,0,0,0,0,0,0,0,0,0,0,0,0,0,0,0,0,0,0,0,0,0,0,0,0,0,0,0,0,0,0,0,18.5347,57.2507,17.9498,586.197,729.853,0,0.920416,-0.387944,0.0483202,0.999998,0.10402,0.0112117,0.785714,0.88,963.117,1094.9,1466.15,2354.54,260.36,826.838,1406.67,60.305,2386.68,107.265,47.4291,0.573424,0.0493809,-0.594726,-0.0513944,0,0,0,0,0,0,0,78.9003,0,0.973272,0,0,256.828,865.422,0,0,819.605,3509.81,0
1691509874863710505,1689,1457,231,0.862641,15.9497,30.6044,46.5707,62.7064,151.136,3.58333,243.823,451.089,835.949,1143.26,839.649,3226.56,10074.4,19645.8,1159.08,1331,1909.34,451.584,552.068,179.702,140263,5007.31,7679.76,1.45559,1.51377,0,0,0.0356993,0,0.781471,18.2649,81.5989,962.882,2247.03,4369.2,0.00830281,0.000657648,10,9,13,0.590909,1,1.78251,1.11415,0.668365,0.0155889,0.0820362,1457,0,0,0,0,0.001,0,0,0,0,0,0,0,0,0,0,0,0,0,0,0,0,0,0,0,0,0,0,0,0,0,0,0,0,0,0,0,0,0,0,0,0,15.9497,46.5707,10.4639,587.754,736.783,0,0.919887,-0.389376,0.0468507,0.999998,0.121419,0.00461867,0.818182,0.9,962.98,1094.49,1498.05,2355.19,260.301,846.919,1439.91,59.863,2330.11,94.1969,46.7807,-0.152295,0.218902,-0.459245,-0.206169,0,0,0,0,0,0,0,62.7064,0,0.988332,0,0,243.823,835.949,0,0,839.649,3226.56,0
1691509874962992199,1697,1479,218,0.871538,15.5991,31.9528,49.1887,62.6914,144.308,-0.155621,267.289,474.363,827.672,1150.58,865.01,3496.25,8426.6,21581.7,1222.81,1415.65,2112.4,482.805,543.993,197.405,137644,4995.35,8009.53,5.97136,5.99529,0,0,0.0362919,0,0.935075,24.6043,86.7575,1105.19,2822.4,3969.64,0.0113554,0.0019414,5,5,12,0.705882,1,2.42066,1.70063,0.720033,0.0152169,0.323234,1479,0,0,0,0,0.001,0,0,0,0,0,0,0,0,0,0,0,0,0,0,0,0,0,0,0,0,0,0,0,0,0,0,0,0,0,0,0,0,0,0,0,0,15.5991,49.1887,15.2856,588.637,735.078,0,0.920997,-0.387026,0.0444473,0.999994,0.202835,0.0036233,0.801802,0.89,959,1087.89,1452.17,2353.2,254.031,843.503,1404.97,55.3105,2379.15,98.9811,50.2632,0.398632,-0.473326,0.137151,0.399575,0,0,0,0,0,0,0,62.6914,0,0.98783,0,0,267.289,827.672,0,0,865.01,3496.25,0
1691509875060663098,1587,1369,215,0.862634,15.8716,32.3282,50.7705,64.9922,150.155,-1.80799,247.161,468.241,815.567,1079.07,828.907,3336.24,9313.15,22026.8,1233.06,1421.08,2091.7,478.697,535.044,167.576,133975,4847.93,7618.46,2.30742,3.19326,0,0,0.0361853,0,0.562521,16.9584,68.3482,873.456,2799.24,3859.89,0.0150289,0.00239305,4,3,11,0.785714,1,1.61837,0.956102,0.662271,0.0116511,0.356935,1369,0,0,0,0,0.001,0,0,0,0,0,0,0,0,0,0,0,0,0,0,0,0,0,0,0,0,0,0,0,0,0,0,0,0,0,0,0,0,0,0,0,0,15.8716,50.7705,12.7621,602.761,733.477,0,0.920077,-0.3892,0.0445052,0.999997,0.135313,0.00431253,0.834862,0.91,974.175,1095.04,1469.55,2354.89,255.424,849.5,1413.37,46.1644,2288.85,74.8381,45.8325,0.285388,-0.122275,-0.116269,0.169497,0,0,0,0,0,0,0,64.9922,0,0.989774,0,0,247.161,815.567,0,0,828.907,3336.24,0
1691509875158651725,1613,1310,300,0.812151,16.1415,31.7235,51.6283,67.8511,171.994,-1.51549,245.935,445.141,775.989,1063.9,788.091,3079.93,8888.65,29143.1,1035.98,1238.91,1896.68,438.709,502.31,139.328,139069,4376.53,6768.16,2.59416,2.20967,0,0,0.0314703,0,1.40371,19.906,62.373,787.974,2191.8,3704.71,0.00345138,0.000314977,5,4,9,0.692308,1,1.88295,1.18735,0.695606,0.005798,0.295375,1310,0,0,0,0,0.001,0,0,0,0,0,0,0,0,0,0,0,0,0,0,0,0,0,0,0,0,0,0,0,0,0,0,0,0,0,0,0,0,0,0,0,0,16.1415,51.6283,10.8778,595.193,735.929,0,0.9203,-0.388459,0.0463369,0.999998,0.113945,0.00926069,0.801802,0.89,960.77,1093.66,1423.85,2354.35,250.178,843.006,1378.32,57.0082,2348.06,71.4677,35.0878,-0.325419,0.190411,0.117554,-0.200198,0,0,0,0,0,0,0,67.8511,0,0.987023,0,0,245.935,775.989,0,0,788.091,3079.93,0
1691509875256610089,1579,1286,292,0.81444,17.8321,34.9823,56.6508,70.5468,140.698,0.0472003,259.029,450.549,769.223,1080.24,829.26,3109.65,7878.28,15352.8,1019.84,1125.07,1995.67,468.223,533.244,130.309,133923,4002.81,6076.11,2.07649,2.62508,0,0,0.0298888,0,2.14828,12.5146,73.6252,776.05,1648.46,3563.32,0.0140081,0.00180485,3,2,8,0.8,1,1.67817,0.961899,0.716266,0.00837891,0.147808,1286,0,0,0,0,0.001,0,0,0,0,0,0,0,0,0,0,0,0,0,0,0,0,0,0,0,0,0,0,0,0,0,0,0,0,0,0,0,0,0,0,0,0,17.8321,56.6508,11.5905,601.38,733.03,0,0.918353,-0.393141,0.0454674,0.999987,0.294785,0.0172167,0.754386,0.86,959.745,1092.3,1403.47,1888.46,249.401,831.557,1332.12,49.8935,2264.01,88.6261,25.7387,-0.164604,-0.115724,0.146324,0.0912753,0,0,0,0,0,0,0,70.5468,0,0.989891,0,0,259.029,769.223,0,0,829.26,3109.65,0
1691509875355634164,1428,1095,333,0.766807,20.1413,36.5297,58.7119,79.3592,142.85,3.48012,256.053,423.933,704.221,1075.39,809.779,2939.61,7103.02,73016.3,1014.86,983.915,1780.05,360.514,528.307,134.757,137645,6397.81,8610.72,7.03752,9.05453,0,0,0.0464807,0,0.918405,22.3495,49.4729,743.763,1660.93,6133.29,0.000138505,6.0018e-05,3,2,9,0.818182,1,1.82929,1.09602,0.733274,0.00908554,0.144512,1095,0,0,0,0,0.001,0,0,0,0,0,0,0,0,0,0,0,0,0,0,0,0,0,0,0,0,0,0,0,0,0,0,0,0,0,0,0,0,0,0,0,0,20.1413,58.7119,11.6045,588.363,735.032,0,0.918644,-0.392509,0.0450574,1,0.0462588,0.0306468,0.73913,0.85,969.08,1086.25,1402.62,2357.45,253.556,862.029,1309.33,48.586,2207.15,52.8935,28.9339,0.611055,-0.646379,-0.18047,0.588973,0,0,0,0,0,0,0,79.3592,0,0.978082,0,0,256.053,704.221,0,0,809.779,2939.61,0
1691509875455378598,1462,1036,426,0.708618,20.2581,39.5147,69.5951,110.667,183.18,5.60582,241.717,431.748,791.497,1041.19,720.222,2814.79,6769.17,20156.3,1060.71,978.568,1695.3,356.062,550.697,152.238,136738,2307.92,3686.59,2.22785,3.07609,0,0,0.0168784,0,1.79056,12.3139,47.0042,591.006,1086.63,1947.84,0.000498927,0.000167163,4,3,9,0.75,1,2.14528,1.15716,0.988113,0.00302595,0.103392,1036,0,0,0,0,0.001,0,0,0,0,0,0,0,0,0,0,0,0,0,0,0,0,0,0,0,0,0,0,0,0,0,0,0,0,0,0,0,0,0,0,0,0,20.2581,69.5951,9.21695,539.292,712.491,0,0.919581,-0.390261,0.0454708,0.999997,0.141513,0.0161584,0.709402,0.83,956.672,1064.83,1329.58,1837.92,254.036,848.327,1310.65,56.5153,2262.72,56.6045,18.9461,-0.0440045,0.134376,0.100074,-0.141617,0,0,0,0,0,0,0,110.667,0,0.935328,0,0,241.717,791.497,0,0,720.222,2814.79,0
1691509875555580872,1455,1033,421,0.709966,19.9292,37.2077,69.5487,91.5533,163.275,-0.866783,248.245,461.388,824.88,1092.75,745.577,3195.85,8250.02,12927.2,1307.59,1054.85,1797.08,403.062,594.083,218.416,131188,2614.23,4297.52,5.32569,5.31074,0,0,0.0199275,0,1.02356,9.28812,52.3024,663.924,1699.88,1871.1,0.695879,0.0127803,10,9,13,0.590909,1,1.71962,0.879665,0.839951,0.0115473,0.132627,1033,0,0,0,0,0.001,0,0,0,0,0,0,0,0,0,0,0,0,0,0,0,0,0,0,0,0,0,0,0,0,0,0,0,0,0,0,0,0,0,0,0,0,19.9292,69.5487,10.8428,511.562,704.595,0,0.919906,-0.389391,0.0463397,0.999999,0.0729121,0.00974146,0.709402,0.83,953.47,1052.64,1332.17,1887.49,261.033,862.578,1282.2,57.0545,2324.5,60.9369,34.4079,0.418013,-0.012822,-0.424499,0.0115077,0,0,0,0,0,0,0,91.5533,0,0.961278,0,0,248.245,824.88,0,0,745.577,3195.85,0
1691509875656430503,1597,1244,352,0.778961,17.9075,32.8062,55.5847,70.6694,172.307,-0.130722,244.487,436.253,780.294,1018.79,775.88,2960.2,7659.38,17110.9,1441.67,1002.25,1779.74,413.056,523.028,187.982,119494,3195.28,5126.79,4.06978,2.13764,0,0,0.0267401,0,0.839023,10.6176,55.1341,766.883,1698.19,2595.13,0.000191342,3.40601e-05,3,3,8,0.727273,1,1.98798,1.27413,0.713851,0.00936248,0.188565,1244,0,0,0,0,0.001,0,0,0,0,0,0,0,0,0,0,0,0,0,0,0,0,0,0,0,0,0,0,0,0,0,0,0,0,0,0,0,0,0,0,0,0,17.9075,55.5847,11.5468,556.667,711.786,0,0.919192,-0.390961,0.0472728,0.999998,0.112396,0.0169165,0.724138,0.84,965.865,1073.48,1354.58,1886.2,252.958,866.289,1329.2,47.6526,2355.44,63.7605,32.3061,0.532646,0.686845,-0.0348452,-0.252917,0,0,0,0,0,0,0,70.6694,0,0.982315,0,0,244.487,780.294,0,0,775.88,2960.2,0
1691509875758373444,1668,1279,388,0.766787,16.8135,31.0149,51.0989,65.3299,141.742,-2.08592,252.234,439.019,764.285,1069.24,792.465,2913.81,6895.89,15603.4,1389.52,1094.13,1796.72,460.516,505.911,223.24,131822,2858.71,4639.19,1.97547,2.70266,0,0,0.0216862,0,0.422085,13.5167,61.9074,772.613,1455.77,2334.96,0.000141999,5.57325e-05,3,2,9,0.818182,1,1.70617,1.0862,0.619966,0.0141913,0.23092,1279,0,0,0,0,0.001,0,0,0,0,0,0,0,0,0,0,0,0,0,0,0,0,0,0,0,0,0,0,0,0,0,0,0,0,0,0,0,0,0,0,0,0,16.8135,51.0989,9.28671,590.504,711.21,0,0.918958,-0.391596,0.0465668,1,0.0560248,0.0155401,0.851852,0.92,957.627,1068.58,1398.58,1886.27,255.712,843.908,1335.14,48.8695,2313.48,67.7198,31.5159,0.136565,-0.407779,-0.177431,0.290127,0,0,0,0,0,0,0,65.3299,0,0.990618,0,0,252.234,764.285,0,0,792.465,2913.81,0
1691509875861698272,1604,1275,328,0.794888,16.743,31.2286,54.5382,70.5966,140.212,-1.89197,255.733,439.343,805.946,1158.76,829.964,3149.64,8431.62,17996.8,1415.03,1025.54,1975.53,474.2,527.199,208.043,144725,3581.23,5727.15,4.45858,4.45187,0,0,0.024745,0,0.750068,14.1273,65.7332,865.695,1823.42,2957.42,0.0245016,0.00349537,8,8,10,0.555556,1,1.91986,1.2594,0.660456,0.0197982,0.394216,1275,0,0,0,0,0.001,0,0,0,0,0,0,0,0,0,0,0,0,0,0,0,0,0,0,0,0,0,0,0,0,0,0,0,0,0,0,0,0,0,0,0,0,16.743,54.5382,13.5491,599.557,706.894,0,0.920175,-0.388745,0.0464253,0.999995,0.177809,0.0237109,0.851852,0.92,947.069,1058.54,1396.8,1885.91,253.839,832.682,1315.48,48.6574,2451.92,72.9739,34.2344,-0.210596,-0.345726,-0.123169,0.356851,0,0,0,0,0,0,0,70.5966,0,0.988235,0,0,255.733,805.946,0,0,829.964,3149.64,0
1691509875965712493,1592,1273,319,0.799623,16.544,30.4106,51.6271,68.3668,120.972,-2.14936,247.123,420.86,741.73,1076.15,753.881,2934.39,7370.47,14889.7,1239.23,920.464,1827.18,440.009,497.585,147.726,141552,2973.61,4871.69,2.73675,1.73762,0,0,0.0210073,0,4.84097,9.33484,58.8925,764.618,1774.54,2259.46,0.000198308,3.28812e-05,5,5,8,0.615385,1,1.8309,1.24855,0.582344,0.0221577,0.4626,1273,0,0,0,0,0.001,0,0,0,0,0,0,0,0,0,0,0,0,0,0,0,0,0,0,0,0,0,0,0,0,0,0,0,0,0,0,0,0,0,0,0,0,16.544,51.6271,13.5384,601.833,693.629,0,0.920387,-0.388123,0.0474129,0.999999,0.0679791,0.0284306,0.769912,0.87,934.203,1050.3,1398.71,1885.11,249.446,825.363,1338.37,46.322,2479.01,63.3275,31.3097,-0.625728,-0.358535,-0.167758,0.0324011,0,0,0,0,0,0,0,68.3668,0,0.996858,0,0,247.123,741.73,0,0,753.881,2934.39,0
1691509876069795020,1466,1181,285,0.805593,16.9518,31.8674,59.0332,76.2182,133.721,-2.93305,245.143,425.462,748.393,1001.76,824.63,3034.33,7415.74,10280.4,1244.9,939.668,2021.64,428.146,494.921,97.3322,141176,2708.08,4438.22,4.10313,4.057,0,0,0.0191823,0,5.32652,13.7378,59.4449,713.323,1529.06,2117.33,0.00970066,0.00123464,3,2,11,0.846154,1,2.00691,1.33399,0.672918,0.00904622,0.466253,1181,0,0,0,0,0.001,0,0,0,0,0,0,0,0,0,0,0,0,0,0,0,0,0,0,0,0,0,0,0,0,0,0,0,0,0,0,0,0,0,0,0,0,16.9518,59.0332,13.6323,581.823,674.544,0,0.920911,-0.387132,0.045291,0.999997,0.13748,0.00887816,0.754386,0.86,930.521,1045.83,1373.18,1884.89,261.361,848.427,1326.96,52.5436,2542.22,64.4541,28.5035,0.605626,-0.25482,-0.629616,0.00689545,0,0,0,0,0,0,0,76.2182,0,0.986452,0,0,245.143,748.393,0,0,824.63,3034.33,0
1691509876171851495,1422,1178,242,0.828411,18.45,34.137,65.1698,86.1451,174.134,-1.63796,238.982,419.801,672.185,965.972,765.908,2795.79,7740.53,12196.2,1152.43,869.282,1899.43,387.06,490.348,108.154,149186,2730.59,4440.43,35.8263,2.21342,0,0,0.0183033,0,3.90239,10.3838,49.2867,634.169,1717.13,2025.56,4.023e-05,1.37815e-05,2,2,8,0.8,1,1.80481,0.974884,0.829925,0.0113943,0.304994,1178,0,0,0,0,0.001,0,0,0,0,0,0,0,0,0,0,0,0,0,0,0,0,0,0,0,0,0,0,0,0,0,0,0,0,0,0,0,0,0,0,0,0,18.45,65.1698,14.6098,568.48,700.91,0,0.921134,-0.3865,0.0461608,0.999999,0.0629276,0.0460033,0.801802,0.89,922.735,1049.12,1452.9,1884.45,262.55,832.431,1406.94,52.722,2431.89,53.8804,27.205,0.0587262,-0.114497,0.29253,-0.215758,0,0,0,0,0,0,0,86.1451,0,0.978778,0,0,238.982,672.185,0,0,765.908,2795.79,0
1691509876272304703,1430,1173,256,0.82028,19.3741,36.5294,69.4739,88.4377,168.032,-1.59173,238.368,403.394,685.161,966.994,769.679,2895.48,7603.49,13561.5,1162.95,873.6,1929.77,319.381,513.447,148.381,153985,3033.57,4677.22,1.23055,0.982749,0,0,0.0197005,0,2.90022,7.69123,49.6572,616.394,1360.85,2639.73,0.00418897,0.000209668,5,4,13,0.764706,1,1.81166,0.897208,0.914454,0.019097,0.118566,1173,0,0,0,0,0.001,0,0,0,0,0,0,0,0,0,0,0,0,0,0,0,0,0,0,0,0,0,0,0,0,0,0,0,0,0,0,0,0,0,0,0,0,19.3741,69.4739,10.7401,587.645,692.615,0,0.92006,-0.389002,0.0465541,0.999996,0.15764,0.0161051,0.818182,0.9,927.92,1048.87,1451.62,1884.47,267.622,832.442,1397.18,58.0078,2584.96,49.9989,23.3935,0.201835,0.0592059,0.552995,-0.0159254,0,0,0,0,0,0,0,88.4377,0,0.966752,0,0,238.368,685.161,0,0,769.679,2895.48,0
1691509876371721117,1503,1236,267,0.822355,19.6159,39.4653,64.4442,84.7155,181.909,-2.65233,249.235,443.764,754.845,1040.47,801.334,3139.73,9774.51,18508.2,1082.73,1010.97,2158.67,346.766,555.676,173.932,153536,4008.5,6194.57,2.15515,2.0426,0,0,0.0261079,0,4.75515,10.3971,63.2894,638.347,2167.31,3310.48,0.01727,0.000921411,7,7,13,0.65,1,1.89979,0.951251,0.948544,0.00978473,0.133891,1236,0,0,0,0,0.001,0,0,0,0,0,0,0,0,0,0,0,0,0,0,0,0,0,0,0,0,0,0,0,0,0,0,0,0,0,0,0,0,0,0,0,0,19.6159,64.4442,9.3828,627.821,714.796,0,0.919422,-0.390293,0.04831,0.999997,0.130099,0.0314871,0.869159,0.93,923.799,1067.88,1469.38,2087.43,255.665,825.508,1403.71,47.8132,2642.04,65.4356,35.2287,0.00637237,0.146693,-0.328092,-0.0539365,0,0,0,0,0,0,0,84.7155,0,0.970874,0,0,249.235,754.845,0,0,801.334,3139.73,0
1691509876470287666,1615,1380,234,0.854489,18.0706,34.1279,57.3449,76.5833,175.681,0.00834726,241.407,426.508,687.747,967.931,775.631,2952.64,8386.38,21944.1,1035.79,1035.34,2057.61,393.117,517.369,153.963,149947,4208.27,6291.35,15.1631,2.68281,0,0,0.028065,0,1.75945,6.98443,59.8893,695.014,1777.67,3750.03,0.000153313,1.29987e-05,2,2,8,0.8,1,2.25869,1.38013,0.878564,0.0101864,0.11317,1380,0,0,0,0,0.001,0,0,0,0,0,0,0,0,0,0,0,0,0,0,0,0,0,0,0,0,0,0,0,0,0,0,0,0,0,0,0,0,0,0,0,0,18.0706,57.3449,11.5438,646.429,743.027,0,0.921318,-0.386004,0.0466321,0.999988,0.285371,0.00947133,0.801802,0.89,908.187,1083.34,1507.57,2088.49,249.254,817.143,1416.97,55.3171,2632.83,65.4129,25.7376,0.319722,1.89665,-0.721526,-0.326536,0,0,0,0,0,0,0,76.5833,0,0.975362,0,0,241.407,687.747,0,0,775.631,2952.64,0
1691509876568943300,1584,1343,241,0.847854,18.8022,34.3962,56.5817,75.3151,134.022,-0.806725,242.455,411.764,688.582,992.636,802.126,2777.49,8255.51,24487.7,1006.95,1012.67,2078.53,433.674,500.636,142.968,140471,3965.63,5986.71,6.58446,6.79484,0,0,0.028231,0,5.48439,21.6576,60.4355,669.081,1721.24,3508.81,0.00525379,0.000982847,5,4,11,0.733333,1,1.77966,0.986889,0.792768,0.01714,0.348716,1343,0,0,0,0,0.001,0,0,0,0,0,0,0,0,0,0,0,0,0,0,0,0,0,0,0,0,0,0,0,0,0,0,0,0,0,0,0,0,0,0,0,0,18.8022,56.5817,11.7145,618.91,718.376,0,0.919936,-0.389062,0.0484522,0.999993,0.218742,0.00584371,0.724138,0.84,899.036,1040.83,1426.49,2043.69,243.072,806.093,1340.72,48.8322,2664.42,65.7079,28.6297,0.0792963,-0.00782982,-0.456953,-0.0682158,0,0,0,0,0,0,0,75.3151,0,0.985853,0,0,242.455,688.582,0,0,802.126,2777.49,0
1691509876666635932,1579,1281,298,0.811273,17.1934,32.3444,53.2298,70.2255,122.796,-0.715226,238.313,435.543,714.605,975.488,827.665,2850.21,8586.48,11985.2,967.835,1218.31,2041.84,477.424,455.758,145.463,131031,3433.83,5462.92,4.68331,4.6464,0,0,0.0262063,0,7.83333,10.7421,55.0206,664.932,2057.28,2667.11,0.0897934,0.00769884,5,5,7,0.583333,1,1.60261,0.939047,0.663563,0.00612301,0.309077,1281,0,0,0,0,0.001,0,0,0,0,0,0,0,0,0,0,0,0,0,0,0,0,0,0,0,0,0,0,0,0,0,0,0,0,0,0,0,0,0,0,0,0,17.1934,53.2298,10.831,608.653,693.516,0,0.920596,-0.3876,0.0476278,0.999998,0.103344,0.0042813,0.818182,0.9,902.041,1040.1,1376.67,2019.8,251.631,806.609,1317.79,52.5732,2595.11,60.0492,33.2648,0.470252,0.335956,-0.495909,-0.326355,0,0,0,0,0,0,0,70.2255,0,0.98829,0,0,238.313,714.605,0,0,827.665,2850.21,0
1691509876763070147,1656,1386,270,0.836957,15.4706,30.4737,52.7254,66.5495,130.566,-0.989588,237.031,419.974,652.127,875.536,760.126,2834.36,6592.36,17806.5,838.096,1093.17,1939.02,504.613,394.527,120.554,127457,3240.39,4974.56,2.89971,2.89951,0,0,0.0254234,0,1.78649,15.5314,58.2824,647.596,1404.55,2846.81,0.0197585,0.0027228,11,11,14,0.56,1,1.65483,0.983937,0.670893,0.030955,0.410376,1386,0,0,0,0,0.001,0,0,0,0,0,0,0,0,0,0,0,0,0,0,0,0,0,0,0,0,0,0,0,0,0,0,0,0,0,0,0,0,0,0,0,0,15.4706,52.7254,11.2852,582.455,667.26,0,0.921405,-0.385705,0.0473732,0.999998,0.118927,0.00619928,0.754386,0.86,887.884,1023.34,1308.91,2019.58,257.8,779.802,1284.05,48.7864,2682.81,62.7476,25.991,-0.147382,-0.060189,-0.262767,0.0444601,0,0,0,0,0,0,0,66.5495,0,0.992063,0,0,237.031,652.127,0,0,760.126,2834.36,0
1691509876859968643,1512,1294,216,0.85582,16.6493,31.8064,51.7789,66.7098,135.242,-1.33684,250.505,440.453,791.725,1041.57,834.004,3025.31,7150.4,15834.3,896.219,1316.35,2096.44,582.607,383.237,99.2768,127752,3140.25,5053.21,3.6723,3.70001,0,0,0.0245808,0,1.19298,11.5359,66.7369,752.896,1673.42,2547.43,0.0166785,0.00188429,10,9,13,0.590909,1,2.03292,1.39509,0.637833,0.0152791,0.190018,1294,0,0,0,0,0.001,0,0,0,0,0,0,0,0,0,0,0,0,0,0,0,0,0,0,0,0,0,0,0,0,0,0,0,0,0,0,0,0,0,0,0,0,16.6493,51.7789,14.6522,570.179,682.168,0,0.921423,-0.385674,0.0472822,1,0.00560348,0.0436444,0.801802,0.89,901.652,1018.69,1414.29,1995.56,259.357,797.808,1341.63,57.1382,2526.23,73.1147,25.5323,0.284179,0.352584,0.219808,-0.300816,0,0,0,0,0,0,0,66.7098,0,0.989181,0,0,250.505,791.725,0,0,834.004,3025.31,0
1691509876956422762,1456,1271,185,0.87294,15.6648,30.4043,48.9294,61.1997,121.034,-1.09163,236.45,437.288,760.731,1012.14,841.397,3139.47,6934.97,12182.1,938.303,1284.84,2154.72,590.82,362.135,127.521,130556,3231.19,5015.66,2.19247,1.3685,0,0,0.0247495,0,2.35484,13.0878,47.6858,793.971,1317.4,2841.16,0.0184307,0.00150729,3,3,7,0.7,1,1.45523,0.914759,0.540472,0.0183443,0.388693,1271,0,0,0,0,0.001,0,0,0,0,0,0,0,0,0,0,0,0,0,0,0,0,0,0,0,0,0,0,0,0,0,0,0,0,0,0,0,0,0,0,0,0,15.6648,48.9294,10.3141,542.63,665.056,0,0.91966,-0.389928,0.0467063,0.999989,0.265889,0.00704969,0.834862,0.91,903.55,1003.94,1348.13,2002.76,272.606,812.954,1327.85,56.108,2476.07,54.9901,22.3982,0.25708,-0.0864231,-0.125483,0.0630315,0,0,0,0,0,0,0,61.1997,0,0.99764,0,0,236.45,760.731,0,0,841.397,3139.47,0
1691509877053516369,1617,1423,193,0.880025,15.4668,29.2982,46.6018,60.5238,131.111,-0.56322,234.895,426.898,751.86,1090.65,804.898,3029.49,6722.3,26155.2,842.059,1311.21,2130.45,585.817,327.729,127.593,129581,3829.49,5889.2,5.11983,4.82151,0,0,0.0295529,0,0.555842,18.2495,53.5686,926.651,1484.31,3405.86,0.00466394,0.00147893,5,4,11,0.733333,1,1.48222,0.899059,0.583161,0.00474631,0.291706,1423,0,0,0,0,0.001,0,0,0,0,0,0,0,0,0,0,0,0,0,0,0,0,0,0,0,0,0,0,0,0,0,0,0,0,0,0,0,0,0,0,0,0,15.4668,46.6018,10.3255,544.288,681.386,0,0.919783,-0.389614,0.0469126,1,0.0226517,0.0390815,0.869159,0.93,901.627,1024.78,1366.53,2012.53,268.923,805.575,1317.91,46.1664,2458.21,61.5355,27.6347,0.112041,0.338063,-0.318604,-0.169015,0,0,0,0,0,0,0,60.5238,0,0.995784,0,0,234.895,751.86,0,0,804.898,3029.49,0
1691509877151556038,1619,1396,223,0.862261,16.8171,31.3182,47.4271,62.896,119.541,-1.39306,240.493,423.408,758.413,1072.09,815.717,3165.33,7838.13,15525.5,1040.42,1391.68,2236.85,582.36,336.481,183.342,128155,4026.34,6127.18,2.87952,2.87365,0,0,0.0314176,0,0.281074,23.4316,54.2456,999.903,1415.54,3633.78,0.0430122,0.00529489,5,5,9,0.642857,1,1.50443,0.898951,0.605477,0.0054552,0.256803,1396,0,0,0,0,0.001,0,0,0,0,0,0,0,0,0,0,0,0,0,0,0,0,0,0,0,0,0,0,0,0,0,0,0,0,0,0,0,0,0,0,0,0,16.8171,47.4271,9.56354,568.33,677.107,0,0.92036,-0.388356,0.0460116,0.999999,0.0946443,0.0354526,0.869159,0.93,902.703,1034.91,1383.33,2020.31,271.11,799.076,1342.39,47.6454,2600.9,62.4356,28.8139,0.203074,0.0379712,-0.131791,-0.0648625,0,0,0,0,0,0,0,62.896,0,0.995702,0,0,240.493,758.413,0,0,815.717,3165.33,0
1691509877250208973,1615,1367,247,0.84644,14.8458,28.6878,49.0802,62.0628,136.752,-2.1481,227.066,416.836,709.892,1014.78,793.364,3220.61,7127.31,16376.5,902.036,1399.3,2135.23,531.639,377.551,186.525,133656,3568.25,5665.26,2.66146,2.66883,0,0,0.0266972,0,0.621434,9.92589,52.137,836.552,1803.25,2962.78,0.00192438,0.00037305,4,4,8,0.666667,1,1.52669,0.967988,0.558702,0.00402344,0.291775,1367,0,0,0,0,0.001,0,0,0,0,0,0,0,0,0,0,0,0,0,0,0,0,0,0,0,0,0,0,0,0,0,0,0,0,0,0,0,0,0,0,0,0,14.8458,49.0802,10.0765,575.336,683.587,0,0.920992,-0.386869,0.045898,0.999999,0.0927594,0.0240885,0.834862,0.91,904.395,1039.34,1417.11,2026.6,266.792,810.012,1339.26,45.1566,2624.14,59.1977,24.6078,0.237891,-0.070408,-0.314077,0.0853667,0,0,0,0,0,0,0,62.0628,0,0.994148,0,0,227.066,709.892,0,0,793.364,3220.61,0
1691509877349463288,1684,1466,216,0.870546,16.4567,32.4445,52.3935,68.5547,157.3,0.483716,247.276,431.385,697.52,1069.76,820.495,3153.05,7232.3,19059,1055.88,1443.63,2073.73,503.269,436.763,248.798,142693,4172.3,6461.1,6.96378,6.94247,0,0,0.0292397,0,0.495347,18.4787,52.0202,987.444,1743.31,3659.35,0.0730418,0.00811646,5,4,8,0.666667,1,1.76443,0.972822,0.791605,0.0117026,0.328596,1466,0,0,0,0,0.001,0,0,0,0,0,0,0,0,0,0,0,0,0,0,0,0,0,0,0,0,0,0,0,0,0,0,0,0,0,0,0,0,0,0,0,0,16.4567,52.3935,10.4125,603.357,688.231,0,0.920378,-0.388264,0.0464228,0.999999,0.0923022,0.048643,0.801802,0.89,915.939,1051.71,1422.8,2017.9,271.803,801.208,1336.62,46.7181,2717.59,58.5457,26.6544,0.208172,-0.290772,-0.240214,0.298036,0,0,0,0,0,0,0,68.5547,0,0.984311,0,0,247.276,697.52,0,0,820.495,3153.05,0
1691509877450393258,1679,1425,251,0.848719,16.3487,32.0679,50.4669,67.2159,198.46,0.815314,238.03,435.475,730.211,1042.86,784.91,3208.87,8362.75,14216.7,1064.06,1347.51,2247.37,458.358,469.28,252.752,148147,4091.55,6345.22,7.3914,7.75898,0,0,0.0276182,0,1.93016,20.7852,54.114,942.659,1749.88,3575.86,0.00890544,0.00248801,3,2,10,0.833333,1,1.70224,0.979171,0.723072,0.00146755,0.0959124,1425,0,0,0,0,0.001,0,0,0,0,0,0,0,0,0,0,0,0,0,0,0,0,0,0,0,0,0,0,0,0,0,0,0,0,0,0,0,0,0,0,0,0,16.3487,50.4669,11.8284,629.857,729.315,0,0.921338,-0.38595,0.0466709,0.999997,0.144198,0.0318094,0.869159,0.93,911.017,1066.98,1401.77,2018.86,248.877,781.921,1308.78,53.3266,2707.05,58.8156,26.4468,0.139374,-0.0187295,-0.0889005,-0.365702,0,0,0,0,0,0,0,67.2159,0,0.987368,0,0,238.03,730.211,0,0,784.91,3208.87,0
1691509877552405181,1646,1387,258,0.842649,20.8114,38.7105,58.8807,84.1034,182.665,3.75468,268.535,459.919,795.759,1132.02,916.445,3366.8,7916.02,14348.5,1361.77,1420.56,2324.68,420.103,514.454,312.102,144745,3905.09,6481.88,14.1065,3.37821,0,0,0.0269791,0,0.574338,23.2234,66.3806,1172.68,2255.56,2963.45,0.00010272,2.22558e-05,2,2,8,0.8,1,2.21662,1.15082,1.0658,0.00823763,0.266968,1387,0,0,0,0,0.001,0,0,0,0,0,0,0,0,0,0,0,0,0,0,0,0,0,0,0,0,0,0,0,0,0,0,0,0,0,0,0,0,0,0,0,0,20.8114,58.8807,11.0921,643.03,728.878,0,0.920029,-0.389119,0.0461714,0.999994,0.198521,0.0321652,0.851852,0.92,910.045,1082.84,1420.68,2014.45,242.206,759.518,1338.08,55.6464,2634.47,72.116,28.7082,-0.0394869,-0.378008,-0.545373,-0.325448,0,0,0,0,0,0,0,84.1034,0,0.966835,0,0,268.535,795.759,0,0,916.445,3366.8,0
1691509877655897086,1526,1225,301,0.802752,18.0957,35.4365,60.8622,85.5561,152.239,5.88439,232.874,432.949,764.883,1112.59,688.393,2739.17,6162.08,11949.3,1308.93,960.284,1785.03,289.634,598.297,306.896,134297,2175.98,3575.02,3.30896,3.30286,0,0,0.0162027,0,1.72673,18.4621,43.4226,716.304,1001.78,1793.32,0.0112872,0.00265623,4,4,10,0.714286,1,2.09588,1.19792,0.897965,0.00390216,0.245362,1225,0,0,0,0,0.001,0,0,0,0,0,0,0,0,0,0,0,0,0,0,0,0,0,0,0,0,0,0,0,0,0,0,0,0,0,0,0,0,0,0,0,0,18.0957,60.8622,9.94546,598.369,702.685,0,0.920645,-0.387514,0.0473967,0.999998,0.120991,0.0346685,0.709402,0.83,881.921,1069.76,1458.85,2015.56,236.382,764.617,1354.13,52.086,2734.45,53.7887,14.7533,0.0565699,0.281626,-0.10863,-0.297469,0,0,0,0,0,0,0,85.5561,0,0.961633,0,0,232.874,764.883,0,0,688.393,2739.17,0
1691509877760248674,1500,1188,310,0.792,19.2077,35.6726,57.0371,88.1202,158.342,5.20809,239.772,431.077,775.562,1088.93,758.221,3166.87,6575.11,12094,1313.28,1172.1,2046.07,267.266,585.557,301.298,124812,2641.25,4154.08,6.25556,4.22141,0,0,0.0211617,0,1.17464,24.1601,32.5755,699.295,1100.04,2296.83,0.000119798,4.07322e-05,2,2,8,0.8,1,1.90746,1.02238,0.885086,0.00843064,0.161502,1188,0,0,0,0,0.001,0,0,0,0,0,0,0,0,0,0,0,0,0,0,0,0,0,0,0,0,0,0,0,0,0,0,0,0,0,0,0,0,0,0,0,0,19.2077,57.0371,9.78374,573.955,694.261,0,0.921375,-0.385642,0.0484531,0.999997,0.130026,0.00592613,0.709402,0.83,916.176,1076.47,1425.15,2015.04,251.693,802.166,1363.48,54.901,2668.19,36.8625,21.1371,0.00181941,-0.312175,0.0664914,-0.251243,0,0,0,0,0,0,0,88.1202,0,0.958754,0,0,239.772,775.562,0,0,758.221,3166.87,0
1691509877864473237,1652,1421,231,0.860169,18.8942,36.8968,55.3276,72.6734,149.231,2.41519,236.517,426.532,829.051,1128.57,767.595,3435.38,7651.12,12070.4,1478.04,1208.13,2311.82,334.212,635.99,289.947,125027,3984.4,6409.67,3.75267,2.53583,0,0,0.0318682,0,3.6345,25.0062,57.7258,1120.87,1865.53,3336.9,0.000124607,0.000155671,5,4,9,0.692308,1,1.63474,0.800842,0.833894,0.0181823,0.142534,1421,0,0,0,0,0.001,0,0,0,0,0,0,0,0,0,0,0,0,0,0,0,0,0,0,0,0,0,0,0,0,0,0,0,0,0,0,0,0,0,0,0,0,18.8942,55.3276,8.55529,595.51,691.934,0,0.920106,-0.388643,0.0485882,0.999995,0.186829,0.00986301,0.818182,0.9,913.453,1069.14,1455.2,2009.74,257.352,801.335,1380.36,47.6733,2810.01,62.2458,29.3541,0.250999,0.178314,-0.0127431,-0.097374,0,0,0,0,0,0,0,72.6734,0,0.988037,0,0,236.517,829.051,0,0,767.595,3435.38,0
1691509877967616025,1800,1592,207,0.884444,18.0306,33.573,51.2194,60.836,126.956,2.29221,244.954,436.418,820.704,1143.2,841.516,3405.61,8259.34,13362.5,1482.37,1139.2,2453.11,368.433,610.541,267.103,127077,4922.9,7475.31,3.64583,3.66019,0,0,0.0387396,0,2.73586,25.98,59.7937,1225.48,1711.73,4449.59,0.00109317,0.00054915,4,4,8,0.666667,1,1.79372,1.03807,0.755645,0.0143114,0.260701,1592,0,0,0,0,0.001,0,0,0,0,0,0,0,0,0,0,0,0,0,0,0,0,0,0,0,0,0,0,0,0,0,0,0,0,0,0,0,0,0,0,0,0,18.0306,51.2194,8.30171,608.344,688.354,0,0.921719,-0.384905,0.047772,0.999991,0.237916,0.0576085,0.818182,0.9,909.56,1092.24,1454.17,2047.31,256.024,808.857,1397.48,45.723,2777.94,62.9921,29.0092,0.138905,-0.0173191,-0.169633,0.022637,0,0,0,0,0,0,0,60.836,0,0.994975,0,0,244.954,820.704,0,0,841.516,3405.61,0
1691509878070460242,1713,1515,198,0.884413,15.9219,31.0712,47.9293,60.0137,150.144,0.327979,237.31,438.006,815.52,1192.8,829.458,3373.73,7482.99,16459.9,1383.73,1038.07,2487.42,390.166,625.492,201.286,133274,4787.26,7089.63,3.32126,2.96976,0,0,0.0359204,0,3.05841,26.3907,52.7999,1234.71,1348.81,4423.86,0.0188202,0.00191852,4,4,10,0.714286,1,1.92689,1.27602,0.650871,0.00610543,0.249594,1515,0,0,0,0,0.001,0,0,0,0,0,0,0,0,0,0,0,0,0,0,0,0,0,0,0,0,0,0,0,0,0,0,0,0,0,0,0,0,0,0,0,0,15.9219,47.9293,7.2077,596.755,679.037,0,0.920205,-0.38835,0.0490662,0.999992,0.227993,0.00969273,0.754386,0.86,911.66,1092.87,1447.41,2044.53,259.869,821.489,1360.34,50.3271,2674.01,57.6955,26.4659,0.579585,-0.61224,-0.240086,0.429023,0,0,0,0,0,0,0,60.0137,0,0.991419,0,0,237.31,815.52,0,0,829.458,3373.73,0
1691509878172418639,1728,1475,253,0.853588,15.8118,28.9275,46.7615,61.1361,118.842,-0.208254,228.307,415.749,774.062,1059.39,791.771,3221.63,7062.3,12553.6,1297.05,978.96,2314.17,386.572,621.991,130,132602,3880.4,5727.16,2.32097,2.33244,0,0,0.0292635,0,2.56476,23.5992,46.2054,956.359,1103.72,3594.72,0.00777671,0.000999988,14,14,14,0.5,1,1.53852,0.936034,0.602481,0.0271576,0.374453,1475,0,0,0,0,0.001,0,0,0,0,0,0,0,0,0,0,0,0,0,0,0,0,0,0,0,0,0,0,0,0,0,0,0,0,0,0,0,0,0,0,0,0,15.8118,46.7615,10.8305,589.227,681.942,0,0.921464,-0.385499,0.0479111,0.999994,0.190414,0.0106275,0.834862,0.91,903.789,1096.83,1430.9,2048.79,257.295,811.379,1355.8,45.0875,2546.52,52.1477,21.2885,0.0504929,-0.0546222,-0.256432,0.0519878,0,0,0,0,0,0,0,61.1361,0,0.99661,0,0,228.307,774.062,0,0,791.771,3221.63,0
1691509878273361659,1602,1392,207,0.868914,16.768,31.3825,48.3253,61.5154,138.498,1.68038,235.568,429.77,808.017,1148.55,814.735,3411.28,7848.88,13738.3,1381.25,1011.98,2600.5,413.76,664.622,121.941,137292,4073.08,6024.98,3.98961,3.09452,0,0,0.0296672,0,1.13312,23.2196,49.8381,1014.15,1169.62,3767.02,0.00348924,0.000749235,6,6,10,0.625,1,1.71931,1.07387,0.645439,0.0102752,0.222348,1392,0,0,0,0,0.001,0,0,0,0,0,0,0,0,0,0,0,0,0,0,0,0,0,0,0,0,0,0,0,0,0,0,0,0,0,0,0,0,0,0,0,0,16.768,48.3253,10.4397,548.469,692.092,0,0.921388,-0.38553,0.0490987,0.999999,0.0682025,0.0448431,0.851852,0.92,924.035,1088.19,1449.6,2052.84,256.852,835.514,1381.66,67.6666,2559.61,55.3137,20.3589,0.0757418,-0.341494,-0.318485,0.382996,0,0,0,0,0,0,0,61.5154,0,0.990661,0,0,235.568,808.017,0,0,814.735,3411.28,0
1691509878374269798,1559,1301,258,0.834509,18.0345,36.033,56.8089,71.5693,144.634,2.29832,230.965,424.696,815.353,1131.16,844.348,3411.18,8022.3,16470,1416.92,991.991,2644.9,314.728,663.188,183.45,138762,3960.01,6104.81,2.10566,2.0194,0,0,0.0285382,0,2.49413,28.3304,46.8702,1068.06,1420.82,3538.24,0.0113309,0.000647778,4,3,11,0.785714,1,1.8784,1.08477,0.793625,0.0134944,0.457705,1301,0,0,0,0,0.001,0,0,0,0,0,0,0,0,0,0,0,0,0,0,0,0,0,0,0,0,0,0,0,0,0,0,0,0,0,0,0,0,0,0,0,0,18.0345,56.8089,12.4839,579.574,687.942,0,0.921441,-0.385418,0.0489888,1,0.00948118,0.03721,0.818182,0.9,902.495,1068.7,1484.23,2188.17,248.436,806.711,1398.88,50.1603,2587.06,48.9092,26.9669,0.20583,0.530589,-0.328207,-0.439332,0,0,0,0,0,0,0,71.5693,0,0.978478,0,0,230.965,815.353,0,0,844.348,3411.18,0
1691509878474483325,1463,1215,247,0.830485,18.6148,37.7976,62.8881,77.8347,178.547,2.59863,228.066,424.932,876.044,1256.35,812.199,3759.02,9737.3,13340.3,1589.75,1034.99,2796.49,266.243,776.501,246.334,152573,4355.31,6697.6,2.96016,2.86247,0,0,0.0285458,0,0.823131,28.6431,40.028,1147.71,1593.1,3887.3,0.00425052,0.000660676,7,6,11,0.647059,1,2.29127,1.44958,0.841693,0.0104614,0.293952,1215,0,0,0,0,0.001,0,0,0,0,0,0,0,0,0,0,0,0,0,0,0,0,0,0,0,0,0,0,0,0,0,0,0,0,0,0,0,0,0,0,0,0,18.6148,62.8881,10.1731,596.712,711.115,0,0.921179,-0.386424,0.0458993,0.999995,0.186771,0.0242384,0.801802,0.89,901.5,1089.73,1413.56,2289.1,249.508,808.225,1350,56.7393,2803.58,37.9672,29.7562,0.678446,-0.127897,-0.339761,0.126983,0,0,0,0,0,0,0,77.8347,0,0.978601,0,0,228.066,876.044,0,0,812.199,3759.02,0
1691509878573108307,1585,1297,287,0.818297,17.3604,33.4012,61.3908,86.1842,147.619,5.81982,233.268,426.551,787.753,1106.62,871.841,3333.82,8816.59,13499.1,1246.02,982.526,2474.46,313.584,607.04,210.467,141516,3984.64,6371.3,2.51729,2.48398,0,0,0.0281568,0,0.673844,24.356,52.0435,999.865,1991.75,3302.62,0.114082,0.0123647,6,6,7,0.538462,1,2.51362,1.62009,0.893532,0.0217756,0.14276,1297,0,0,0,0,0.001,0,0,0,0,0,0,0,0,0,0,0,0,0,0,0,0,0,0,0,0,0,0,0,0,0,0,0,0,0,0,0,0,0,0,0,0,17.3604,61.3908,11.9909,615.415,713.594,0,0.92109,-0.386853,0.0440285,0.999998,0.110091,0.027079,0.769912,0.87,883.461,1078.4,1395.63,2237.98,233,768.305,1329.02,53.9621,2806.31,56.5857,26.3879,0.0785328,0.0356293,-0.0755847,-0.0601952,0,0,0,0,0,0,0,86.1842,0,0.965305,0,0,233.268,787.753,0,0,871.841,3333.82,0
1691509878670540095,1642,1374,268,0.836784,14.5299,26.9804,48.3687,66.8097,189.24,2.5204,236.501,423.118,735.501,1154.22,841.736,3308.65,8132.93,16031.3,1305.29,1041.69,2406.71,392.183,586.988,221.02,143824,4092.27,6527.99,7.76629,1.05801,0,0,0.0284533,0,1.61927,28.88,53.4703,1087.27,1899.47,3457.28,1.60976e-05,7.04144e-06,2,2,8,0.8,1,1.72306,1.04411,0.678944,0.00639622,0.181649,1374,0,0,0,0,0.001,0,0,0,0,0,0,0,0,0,0,0,0,0,0,0,0,0,0,0,0,0,0,0,0,0,0,0,0,0,0,0,0,0,0,0,0,14.5299,48.3687,8.57928,630.279,735.141,0,0.919986,-0.389204,0.0463351,0.999994,0.199015,0.0414208,0.754386,0.86,902.091,1100.9,1439.2,2213.71,236.678,784.916,1339.98,57.1054,2848.43,54.6612,29.7325,0.167132,-0.013788,0.0735365,-0.0653013,0,0,0,0,0,0,0,66.8097,0,0.981805,0,0,236.501,735.501,0,0,841.736,3308.65,0
1691509878767579054,1729,1421,307,0.821862,16.6184,31.2884,53.8412,75.7975,126.288,-0.596505,240.034,423.934,773.452,1227.91,841.779,3493.9,8962.96,20408.1,1343.08,980.766,2589.25,442.437,552.111,207.149,138560,5593.8,7869.95,0.782844,1.44091,0,0,0.0403708,0,0.302563,28.0332,45.7733,1140.91,1347.31,5307.62,0.000575443,0.000220758,3,3,10,0.769231,1,1.90414,1.14165,0.762496,0.00526142,0.287633,1421,0,0,0,0,0.001,0,0,0,0,0,0,0,0,0,0,0,0,0,0,0,0,0,0,0,0,0,0,0,0,0,0,0,0,0,0,0,0,0,0,0,0,16.6184,53.8412,11.2315,634.311,733.457,0,0.921231,-0.386141,0.0472165,0.999994,0.196061,0.051677,0.754386,0.86,940.324,1093.2,1410.82,2106.43,234.065,832.245,1351.82,56.1355,2833.64,48.6607,27.2083,-0.0956024,0.0026269,-0.138032,-0.009306,0,0,0,0,0,0,0,75.7975,0,0.98874,0,0,240.034,773.452,0,0,841.779,3493.9,0
1691509878864962454,1799,1430,367,0.794886,17.3938,30.7467,49.3341,65.5725,120.838,-0.700949,233.462,421.004,796.303,1118.74,850.888,3387.96,8280.15,17647.2,1178.69,1044.05,2553.41,527.488,523.918,185.341,134471,4778.68,6880.26,10.9413,2.42752,0,0,0.0355369,0,0.277051,24.9211,45.4806,1012.96,1316.11,4480.5,3.06081e-05,1.74409e-05,2,2,8,0.8,1,1.82751,1.17764,0.649877,0.00571494,0.173571,1430,0,0,0,0,0.001,0,0,0,0,0,0,0,0,0,0,0,0,0,0,0,0,0,0,0,0,0,0,0,0,0,0,0,0,0,0,0,0,0,0,0,0,17.3938,49.3341,8.9423,628.891,732.167,0,0.919729,-0.389913,0.0454675,0.99999,0.253293,0.0158772,0.785714,0.88,942.438,1082.72,1427.27,2065.06,232.276,832.336,1338.5,50.3441,2688.05,48.7263,23.8837,-0.099542,-0.071887,-0.0798095,0.116973,0,0,0,0,0,0,0,65.5725,0,0.992308,0,0,233.462,796.303,0,0,850.888,3387.96,0
1691509878963288801,1672,1319,353,0.788876,16.3265,30.8573,50.3814,63.3742,140.467,-0.656854,241.036,463.144,882.663,1353.4,854.642,3804.73,8898.83,15980.4,1205.95,1424.43,2842.49,663.323,539.97,153.577,128546,4937.61,7253.39,3.08228,3.08125,0,0,0.0384112,0,0.321772,30.2497,52.2335,1214.63,1371.07,4584.88,0.00899978,0.00123762,6,6,11,0.647059,1,1.5597,0.969536,0.59016,0.00314951,0.0851494,1319,0,0,0,0,0.001,0,0,0,0,0,0,0,0,0,0,0,0,0,0,0,0,0,0,0,0,0,0,0,0,0,0,0,0,0,0,0,0,0,0,0,0,16.3265,50.3814,10.5946,591.071,710.335,0,0.920969,-0.386716,0.0476103,0.999992,0.231691,0.0386734,0.801802,0.89,965.834,1096.55,1421.67,2070.68,239.105,850.226,1344.94,56.9713,2430.8,54.6701,27.222,-0.105143,0.243816,-0.506294,-0.185224,0,0,0,0,0,0,0,63.3742,0,0.993177,0,0,241.036,882.663,0,0,854.642,3804.73,0
1691509879060069672,1665,1341,324,0.805405,16.4991,30.2799,47.5995,62.8503,132.432,-1.35341,237.627,427.757,776.193,1171.49,863.71,3083.04,8924.23,21893.5,972.878,1214.06,2328.12,572.124,446.44,100.149,122863,4794.09,6752.27,2.87517,2.55297,0,0,0.0390198,0,0.394806,24.2964,39.2159,1000.77,1140.09,4547.5,0.00683463,0.00247711,9,8,9,0.529412,1,1.41914,0.819992,0.599144,0.0208701,0.432166,1341,0,0,0,0,0.001,0,0,0,0,0,0,0,0,0,0,0,0,0,0,0,0,0,0,0,0,0,0,0,0,0,0,0,0,0,0,0,0,0,0,0,0,16.4991,47.5995,11.3547,580.638,663.007,0,0.921232,-0.386286,0.0459796,0.999999,0.0977787,0.0545894,0.834862,0.91,966.304,1110.25,1458.04,2083.73,241.823,866.405,1371.79,62.2598,2304.61,43.0875,22.8305,-0.006044,-0.0824691,-0.0128426,0.140958,0,0,0,0,0,0,0,62.8503,0,0.991051,0,0,237.627,776.193,0,0,863.71,3083.04,0
1691509879156609043,1697,1352,345,0.7967,16.3973,29.6963,47.7585,61.9851,188.992,-0.786273,239.081,423.77,796.211,1191.79,839.33,3410.42,8315.8,25645.7,941.052,1380.8,2471.7,625.863,443.749,81.3464,123548,4921.14,6867.01,4.55063,2.3205,0,0,0.0398317,0,0.518055,14.6015,40.377,907.208,1225.55,4678.75,0.000641108,0.000117694,6,5,12,0.705882,1,1.60335,0.998776,0.604576,0.0330524,0.489707,1352,0,0,0,0,0.001,0,0,0,0,0,0,0,0,0,0,0,0,0,0,0,0,0,0,0,0,0,0,0,0,0,0,0,0,0,0,0,0,0,0,0,0,16.3973,47.7585,12.1025,538.029,653.869,0,0.92215,-0.384216,0.0449208,0.999997,0.143246,0.0605961,0.769912,0.87,951.242,1102.76,1525.08,2136.34,244.678,865.547,1419.77,49.8754,2374.92,45.8492,20.0567,0.400639,-0.373647,0.0723345,0.401166,0,0,0,0,0,0,0,61.9851,0,0.990385,0,0,239.081,796.211,0,0,839.33,3410.42,0
1691509879254522384,1682,1312,369,0.780024,16.1058,31.045,48.7592,63.5737,195.074,-0.0333582,236.603,446.995,813.939,1182.82,823.842,3458.31,8674.32,12171.9,1067.17,1387.94,2521.03,604.349,494.479,93.6577,128054,4501.98,6349.83,5.17601,5.22976,0,0,0.0351569,0,1.08747,18.5835,47.2661,891.734,1124.31,4266.85,0.00107059,0.00076538,4,4,8,0.666667,1,1.42465,0.813101,0.611548,0.013948,0.146575,1312,0,0,0,0,0.001,0,0,0,0,0,0,0,0,0,0,0,0,0,0,0,0,0,0,0,0,0,0,0,0,0,0,0,0,0,0,0,0,0,0,0,0,16.1058,48.7592,12.4461,553.707,686.847,0,0.921382,-0.385993,0.0454439,0.999998,0.114911,0.0349473,0.818182,0.9,977.254,1111.29,1530.25,2204.66,240.284,858.051,1425.53,55.1829,2232.81,52.4346,15.0887,-0.0683993,0.0312673,0.0761877,-0.057103,0,0,0,0,0,0,0,63.5737,0,0.990854,0,0,236.603,813.939,0,0,823.842,3458.31,0
1691509879352614569,1673,1318,354,0.787806,15.5215,28.8513,47.4112,61.5957,189.787,-0.317214,244.508,423.619,813.518,1179.72,817.073,3401.01,8239.85,15548.4,1046.89,1249.03,2422.82,542.492,502.519,117.354,133214,4542.37,6328.45,5.28883,2.3091,0,0,0.0340983,0,0.832865,19.1607,42.7097,787.72,1156.92,4321.11,0.00865487,0.00198196,3,2,8,0.8,1,1.58518,0.95045,0.634733,0.0116497,0.291476,1318,0,0,0,0,0.001,0,0,0,0,0,0,0,0,0,0,0,0,0,0,0,0,0,0,0,0,0,0,0,0,0,0,0,0,0,0,0,0,0,0,0,0,15.5215,47.4112,11.7115,562.57,700.719,0,0.922071,-0.38409,0.0475333,0.999996,0.166679,0.0237441,0.834862,0.91,991.411,1111.52,1526.96,2200.45,232.282,869.452,1454.54,47.9017,2303.51,49.0925,19.9858,0.130221,-0.310919,-0.112604,0.28816,0,0,0,0,0,0,0,61.5957,0,0.986343,0,0,244.508,813.518,0,0,817.073,3401.01,0
1691509879451739887,1629,1294,335,0.794352,17.7321,31.2621,50.7017,65.9264,176.573,0.689864,239.911,406.821,811.82,1214.92,822.044,3315.35,8758.11,25241.4,1194.7,1187.71,2423.07,523.403,550.303,137.653,137966,5033.67,7260.59,2.25962,2.26268,0,0,0.0364848,0,0.550084,19.7936,54.6202,1061.34,1410.7,4713.59,0.0400263,0.00770513,5,5,10,0.666667,1,1.68028,1.04788,0.632393,0.00992989,0.251325,1294,0,0,0,0,0.001,0,0,0,0,0,0,0,0,0,0,0,0,0,0,0,0,0,0,0,0,0,0,0,0,0,0,0,0,0,0,0,0,0,0,0,0,17.7321,50.7017,12.3671,586.613,713.02,0,0.921513,-0.385527,0.0467256,0.999998,0.09972,0.00892111,0.818182,0.9,972.162,1123.48,1520.38,2202.67,230.594,870.05,1391.06,47.5656,2255.31,57.8684,18.8126,-0.267879,-0.19074,0.111841,0.224652,0,0,0,0,0,0,0,65.9264,0,0.992272,0,0,239.911,811.82,0,0,822.044,3315.35,0
1691509879551516871,1461,1144,316,0.783025,18.1666,33.5906,55.2788,67.8778,184.92,1.07266,237.229,428.181,812.07,1209.93,784.791,3208.37,8659.44,18707.2,1280.49,917.758,2314.9,403.546,581.969,167.171,137627,3842.55,6073.65,11.0328,2.62217,0,0,0.02792,0,0.574945,18.1111,42.6224,1050.04,1660.09,3302.21,7.42246e-05,1.79236e-05,2,2,8,0.8,1,1.60716,0.96962,0.637537,0.00617517,0.097022,1144,0,0,0,0,0.001,0,0,0,0,0,0,0,0,0,0,0,0,0,0,0,0,0,0,0,0,0,0,0,0,0,0,0,0,0,0,0,0,0,0,0,0,18.1666,55.2788,10.4515,594.488,737.061,0,0.919939,-0.388996,0.0489294,0.99999,0.252144,0.0103019,0.769912,0.87,961.862,1114.81,1526.18,2209.35,217.424,847.234,1421.42,50.9985,2088.11,45.054,19.6545,0.341699,0.0361924,-0.250988,0.218275,0,0,0,0,0,0,0,67.8778,0,0.987762,0,0,237.229,812.07,0,0,784.791,3208.37,0
1691509879652938714,1432,1032,399,0.72067,19.639,35.0991,54.9125,76.2337,186.365,4.93306,236.576,411.82,791.194,1063.9,685.694,2742.85,5322.03,13125.1,1172.22,641.084,1925.01,349.752,591.323,149.854,126016,1810.61,3011.36,2.52511,1.69742,0,0,0.0143681,0,1.5712,18.8862,36.3727,677.129,803.403,1474,0.000831528,0.000104196,4,4,8,0.666667,1,1.62575,0.944392,0.681354,0.0180373,0.187164,1032,0,0,0,0,0.001,0,0,0,0,0,0,0,0,0,0,0,0,0,0,0,0,0,0,0,0,0,0,0,0,0,0,0,0,0,0,0,0,0,0,0,0,19.639,54.9125,9.97608,564.977,708.047,0,0.91911,-0.390876,0.04952,0.999998,0.122501,0.0199767,0.639344,0.78,906.061,1098.93,1516.74,2162.42,210.078,799.332,1428.69,46.9708,2118.69,40.026,13.7465,-0.287711,0.155216,-0.0864766,-0.0133685,0,0,0,0,0,0,0,76.2337,0,0.982558,0,0,236.576,791.194,0,0,685.694,2742.85,0
1691509879755587321,1569,1101,467,0.701721,19.2637,33.7764,53.7339,82.4854,169.599,4.46524,240.849,429.233,731.88,1090.44,709.133,2550.29,6879.52,19690.5,1189.51,821.113,1856,310.58,614.608,164.759,127048,2632.34,4109.83,4.76142,4.97417,0,0,0.0207192,0,3.26736,14.8881,40.2942,788.84,930.213,2332.33,0.0891864,0.0105554,4,3,8,0.727273,1,1.53747,0.824316,0.71315,0.00436936,0.179142,1101,0,0,0,0,0.001,0,0,0,0,0,0,0,0,0,0,0,0,0,0,0,0,0,0,0,0,0,0,0,0,0,0,0,0,0,0,0,0,0,0,0,0,19.2637,53.7339,10.0353,525.52,712.444,0,0.919008,-0.391032,0.0501822,1,0.0394221,0.0245498,0.666667,0.8,876.405,1049.02,1463.09,2177.26,206.448,764.432,1418.58,49.2567,2116.3,48.5269,10.6188,-0.419574,-0.218587,0.421493,0.205104,0,0,0,0,0,0,0,82.4854,0,0.970027,0,0,240.849,731.88,0,0,709.133,2550.29,0
1691509879859040032,1656,1275,381,0.769928,21.5341,37.1479,55.3709,74.3202,151.684,5.16895,234.526,415.539,736.276,1009.88,725.608,2746.62,6978.64,15375.2,1192.18,843.009,1916.91,317.585,576.634,196.891,123474,2730.51,4376.93,4.01063,4.24549,0,0,0.0221141,0,3.06534,24.7902,46.8892,908.147,1038.09,2355.95,0.0589323,0.0074832,3,2,8,0.8,1,1.87862,1.04798,0.830634,0.00989975,0.174721,1275,0,0,0,0,0.001,0,0,0,0,0,0,0,0,0,0,0,0,0,0,0,0,0,0,0,0,0,0,0,0,0,0,0,0,0,0,0,0,0,0,0,0,21.5341,55.3709,9.91294,518.095,698.993,0,0.91968,-0.389673,0.0484201,0.999997,0.133197,0.010381,0.666667,0.8,897.31,1086.58,1466.03,2162.44,218.217,798.621,1374.12,52.8142,2292.71,52.2619,20.717,-0.0716677,-0.173959,0.0314598,0.202871,0,0,0,0,0,0,0,74.3202,0,0.980392,0,0,234.526,736.276,0,0,725.608,2746.62,0
1691509879961797041,1575,1223,351,0.776508,19.6008,37.7827,57.3049,72.4034,152.814,2.69738,225.897,399.287,772.424,1143.96,746.304,2874.99,7053.77,17864.2,1416.04,816.978,2023.34,357.947,584.239,182.966,121345,3270.91,5001.5,2.72855,2.68239,0,0,0.0269555,0,0.0898731,16.2654,39.3341,950.476,1045.75,2949.58,0.0157483,0.00160284,4,4,10,0.714286,1,1.60847,0.883128,0.725346,0.0120293,0.104248,1223,0,0,0,0,0.001,0,0,0,0,0,0,0,0,0,0,0,0,0,0,0,0,0,0,0,0,0,0,0,0,0,0,0,0,0,0,0,0,0,0,0,0,19.6008,57.3049,8.43656,565.676,694.888,0,0.920267,-0.388448,0.0470819,0.999998,0.109247,0.0642463,0.626016,0.77,903.959,1117.84,1523.9,2118.45,220.755,798.248,1387.1,50.8213,2276.95,45.8203,16.6647,-0.0833885,0.239642,-0.201731,-0.132778,0,0,0,0,0,0,0,72.4034,0,0.990188,0,0,225.897,772.424,0,0,746.304,2874.99,0
1691509880064353128,1686,1429,257,0.847568,20.9345,34.5924,54.2421,65.491,141.086,1.90351,241.86,424.646,715.648,1091.18,855.115,2844.07,8825.04,15550.8,1336.95,812.607,2224.28,388.878,577.269,149.2,122106,4647.93,6520.61,18.4721,3.22165,0,0,0.0380648,0,0.188641,14.5871,49.0539,963.668,1075.51,4417.6,7.58482e-05,2.37304e-05,2,2,8,0.8,1,1.68151,0.928719,0.752796,0.0079845,0.11959,1429,0,0,0,0,0.001,0,0,0,0,0,0,0,0,0,0,0,0,0,0,0,0,0,0,0,0,0,0,0,0,0,0,0,0,0,0,0,0,0,0,0,0,20.9345,54.2421,8.81641,579.349,676.834,0,0.919405,-0.39024,0.0490709,0.999996,0.161118,0.0483968,0.709402,0.83,905.517,1102.69,1399.26,2137.27,239.148,792.775,1359.14,45.3063,2219.92,58.1944,16.7043,0.319375,0.631977,-0.427339,-0.200602,0,0,0,0,0,0,0,65.491,0,0.995101,0,0,241.86,715.648,0,0,855.115,2844.07,0
1691509880167530110,1753,1525,227,0.869937,18.3528,32.881,49.5087,66.2066,155.271,0.330182,236.103,384.361,697.2,1090.37,815.933,2844.49,7099.33,19444.8,1261.2,797.194,2276.85,382.544,551.207,151.366,128518,4625.44,6452.48,6.13632,6.18737,0,0,0.0359907,0,2.81345,19.4543,46.0872,895.11,1082.23,4406.78,0.0140111,0.00201356,5,5,12,0.705882,1,1.70058,0.95646,0.744115,0.0215097,0.398538,1525,0,0,0,0,0.001,0,0,0,0,0,0,0,0,0,0,0,0,0,0,0,0,0,0,0,0,0,0,0,0,0,0,0,0,0,0,0,0,0,0,0,0,18.3528,49.5087,10.7855,563.828,668.387,0,0.919493,-0.389862,0.0504055,0.999999,0.0796343,0.0690574,0.785714,0.88,896.223,1086.04,1396.98,2144.33,231.847,776.962,1339.7,48.0057,2307.82,54.4644,17.9865,0.191615,0.252728,-0.992983,-0.174247,0,0,0,0,0,0,0,66.2066,0,0.992787,0,0,236.103,697.2,0,0,815.933,2844.49,0
1691509880269767199,1677,1462,214,0.871795,18.4843,32.1306,47.2933,66.0284,169.071,0.869023,242.558,416.995,736.407,1085.81,878.915,3050.22,8339.25,24187.4,1293.09,838.01,2393.2,412.05,570.665,126.027,132379,5306.26,7232.01,5.76504,5.76008,0,0,0.0400837,0,1.92353,17.6162,44.6365,1004.4,1062.9,5100.54,0.018577,0.00249036,13,12,15,0.555556,1,1.83079,1.13576,0.695031,0.0547423,0.329168,1462,0,0,0,0,0.001,0,0,0,0,0,0,0,0,0,0,0,0,0,0,0,0,0,0,0,0,0,0,0,0,0,0,0,0,0,0,0,0,0,0,0,0,18.4843,47.2933,11.592,565.585,703.823,0,0.920269,-0.388096,0.0498735,0.999998,0.114637,0.033688,0.869159,0.93,898.434,1091.46,1356.94,2205.91,227.751,777.081,1317.78,48.9668,2272.02,53.6184,17.5408,0.265419,-0.0774198,-0.486294,0.0305811,0,0,0,0,0,0,0,66.0284,0,0.991108,0,0,242.558,736.407,0,0,878.915,3050.22,0
1691509880370551832,1645,1442,203,0.876596,17.3102,30.7714,46.8259,62.1067,136.075,-0.0915189,242.162,416.021,749.34,1101.35,863.715,2893.35,8440.92,17188.4,1274.57,856.509,2265.04,417.125,580.481,118.347,127642,4771.53,6905.78,5.96873,7.10616,0,0,0.0373822,0,1.85605,15.7143,49.6901,1040.24,1338.26,4460.02,0.000944306,0.000406475,5,5,8,0.615385,1,1.82469,1.19046,0.634234,0.0343951,0.208438,1442,0,0,0,0,0.001,0,0,0,0,0,0,0,0,0,0,0,0,0,0,0,0,0,0,0,0,0,0,0,0,0,0,0,0,0,0,0,0,0,0,0,0,17.3102,46.8259,13.5693,552.778,708.652,0,0.921061,-0.386196,0.0499984,0.999998,0.118171,0.0030308,0.869159,0.93,884.336,1053.42,1429.21,2237.13,227.271,761.543,1361.62,51.4798,2169.16,56.9057,16.9784,-0.133779,-0.296368,-0.0101899,0.0833431,0,0,0,0,0,0,0,62.1067,0,0.994452,0,0,242.162,749.34,0,0,863.715,2893.35,0
1691509880471137598,1641,1462,178,0.89092,16.8858,32.4946,53.9336,68.5416,141.16,1.13936,250.952,426.868,724.439,1117.3,878.431,2974.42,7913.6,18237.2,1220.28,884.077,2263.11,395.281,582.001,126.82,128004,4230.28,6127.1,2.97653,2.30983,0,0,0.033048,0,0.299055,27.6553,54.8254,1018.68,1059.33,3966.31,6.53058e-05,3.43478e-05,4,4,8,0.666667,1,1.88826,1.08788,0.800385,0.0185971,0.297006,1462,0,0,0,0,0.001,0,0,0,0,0,0,0,0,0,0,0,0,0,0,0,0,0,0,0,0,0,0,0,0,0,0,0,0,0,0,0,0,0,0,0,0,16.8858,53.9336,10.5952,556.826,681.579,0,0.919855,-0.388947,0.0508558,0.999995,0.178998,0.00917517,0.851852,0.92,898.709,1053.38,1436.39,2295.53,241.72,757.148,1373.61,49.5895,2176.23,70.1365,25.461,0.0487156,0.124481,-0.0425972,-0.214377,0,0,0,0,0,0,0,68.5416,0,0.983584,0,0,250.952,724.439,0,0,878.431,2974.42,0
1691509880570731642,1574,1416,158,0.899619,19.3862,34.0884,55.3184,72.4331,148.638,1.89111,249.077,456.268,810.605,1170.03,914.494,2974.71,8916.96,18295.5,1253.13,940.66,2337.62,436.503,640.782,111.578,136613,5247.96,7100.39,4.33213,4.24399,0,0,0.0384147,0,0.307978,19.998,66.3164,914.22,1037.54,5062.01,0.00218342,0.000589826,5,4,9,0.692308,1,1.90859,1.09337,0.815217,0.00905508,0.0830643,1416,0,0,0,0,0.001,0,0,0,0,0,0,0,0,0,0,0,0,0,0,0,0,0,0,0,0,0,0,0,0,0,0,0,0,0,0,0,0,0,0,0,0,19.3862,55.3184,9.93903,547.545,704.516,0,0.920619,-0.387144,0.0507989,0.999998,0.112214,0.0195199,0.834862,0.91,892.936,1054.75,1460.22,2284.57,235.32,758.825,1398.09,50.197,2124.23,82.5172,18.5614,0.142716,-0.0998929,-0.138599,0.160162,0,0,0,0,0,0,0,72.4331,0,0.985876,0,0,249.077,810.605,0,0,914.494,2974.71,0
1691509880670715738,1473,1335,138,0.906314,19.5104,34.4094,59.4011,83.8346,151.569,4.0465,246.597,425.109,712.701,973.279,851.625,2767.07,8568.63,15318.1,1132.41,766.203,2262.64,351.59,566.589,115.166,149211,3895.75,5428.67,4.12855,3.82214,0,0,0.0261091,0,0.956879,19.7621,54.557,768.713,865.291,3719.39,0.0210388,0.00142814,4,3,11,0.785714,1,1.89888,1.00447,0.894407,0.00432668,0.303977,1335,0,0,0,0,0.001,0,0,0,0,0,0,0,0,0,0,0,0,0,0,0,0,0,0,0,0,0,0,0,0,0,0,0,0,0,0,0,0,0,0,0,0,19.5104,59.4011,9.98487,549.593,701.422,0,0.920471,-0.387593,0.0500394,1,0.0512422,0.00529314,0.754386,0.86,883.499,1049.71,1476.2,2288.15,232.932,753.727,1411.17,45.5889,2140.63,66.5771,16.1372,0.48819,0.0926626,-0.839478,-0.142332,0,0,0,0,0,0,0,83.8346,0,0.975281,0,0,246.597,712.701,0,0,851.625,2767.07,0
1691509880769101362,1426,1228,197,0.86115,20.1236,37.1174,60.0099,80.9668,182.848,0.712952,254.193,436.745,758.778,978.715,821.525,2524.64,7657.72,15670.8,1045.18,853.347,1905.51,380.583,571.106,129.541,139719,2746.09,4148.59,5.04189,5.01832,0,0,0.0196544,0,0.169755,27.1421,57.6147,742.104,803.503,2518.06,0.160303,0.0186689,6,5,8,0.615385,1,2.91315,2.0221,0.891046,0.009772,0.202842,1228,0,0,0,0,0.001,0,0,0,0,0,0,0,0,0,0,0,0,0,0,0,0,0,0,0,0,0,0,0,0,0,0,0,0,0,0,0,0,0,0,0,0,20.1236,60.0099,13.752,555.879,732.369,0,0.922051,-0.38375,0.0505747,0.999991,0.240028,0.00605769,0.652893,0.79,853.605,1014.63,1415.34,2275.23,224.197,746.548,1338.13,56.5223,2043.74,77.0016,21.7059,-0.0133626,0.051233,0.0136971,-0.0510705,0,0,0,0,0,0,0,80.9668,0,0.973127,0,0,254.193,758.778,0,0,821.525,2524.64,0
1691509880866259017,1379,1226,150,0.88905,18.8983,34.9465,53.667,82.4074,176.405,2.33827,252.606,459.045,787.743,958.294,857.184,2686.42,8174.14,22127.9,1110.22,759.858,2072.6,378.433,595.884,113.949,136918,3387.73,5050.71,2.89599,2.89401,0,0,0.0247429,0,0.16002,25.9015,62.5311,791.868,1048.39,3121.86,0.588661,0.0102577,6,6,9,0.6,1,1.7634,0.97139,0.792013,0.0139791,0.205289,1226,0,0,0,0,0.001,0,0,0,0,0,0,0,0,0,0,0,0,0,0,0,0,0,0,0,0,0,0,0,0,0,0,0,0,0,0,0,0,0,0,0,0,18.8983,53.667,8.24186,581.859,716.9,0,0.919409,-0.390108,0.0500363,0.999976,0.395688,0.0385828,0.666667,0.8,863.353,1029.04,1511.18,2267.01,231.546,753.007,1464.9,49.0457,2014.66,73.6005,22.3743,0.6048,0.070504,-0.628475,-0.085483,0,0,0,0,0,0,0,82.4074,0,0.971452,0,0,252.606,787.743,0,0,857.184,2686.42,0
1691509880964291742,1519,1316,202,0.866359,16.9411,31.274,51.8702,73.5295,160.113,2.07143,252.138,446.692,755.819,1020.74,896.121,2799.73,7635.96,16069.4,1223.76,714.036,2246.84,391.008,566.982,106.105,132466,4110.79,5294.77,3.96585,3.87433,0,0,0.0310329,0,0.697983,22.1249,44.2779,438.553,776.53,4012.58,0.00426775,0.00102786,3,3,10,0.769231,1,1.73494,0.999311,0.735633,0.0131896,0.124524,1316,0,0,0,0,0.001,0,0,0,0,0,0,0,0,0,0,0,0,0,0,0,0,0,0,0,0,0,0,0,0,0,0,0,0,0,0,0,0,0,0,0,0,16.9411,51.8702,10.4105,586.881,720.709,0,0.920723,-0.387095,0.0492699,0.999994,0.193393,0.0212817,0.769912,0.87,885.27,1040.67,1519.81,2023.18,226.926,776.347,1472.87,49.1884,2072.84,84.5275,20.1451,-0.110676,0.134274,-0.401688,0.00397663,0,0,0,0,0,0,0,73.5295,0,0.978723,0,0,252.138,755.819,0,0,896.121,2799.73,0
1691509881062295474,1523,1330,191,0.873276,16.1038,29.6119,50.4815,68.1662,142.052,0.576521,254.338,460.62,795.447,1080.15,867.072,2953.23,7272.97,14426.7,1249.9,724.5,2413.19,413.062,595.673,107.384,137660,4070.32,5201.93,13.9303,5.40809,0,0,0.0295679,0,0.379867,18.5302,40.4424,452.114,708.025,3982.44,4.55378e-05,3.49897e-05,2,2,8,0.8,1,1.54512,0.890831,0.654286,0.00774406,0.123026,1330,0,0,0,0,0.001,0,0,0,0,0,0,0,0,0,0,0,0,0,0,0,0,0,0,0,0,0,0,0,0,0,0,0,0,0,0,0,0,0,0,0,0,16.1038,50.4815,10.3147,589.755,730.931,0,0.919935,-0.38891,0.0496927,0.999998,0.115907,0.0268926,0.801802,0.89,889.877,1051.04,1523.6,2093.16,227.077,781.808,1507.48,45.909,2074.04,94.8264,15.669,0.0559167,-0.333952,-0.291455,-0.114579,0,0,0,0,0,0,0,68.1662,0,0.986466,0,0,254.338,795.447,0,0,867.072,2953.23,0
1691509881160467775,1514,1321,193,0.872523,16.0316,30.7312,49.805,70.7059,138.192,1.00562,258.283,443.59,806.229,1065.07,875.024,2953.01,8540.45,15952.8,1260.91,746.298,2409.01,433.581,601.423,111.082,136802,4559.55,6115.35,2.41079,2.58902,0,0,0.0333296,0,0.75169,20.3162,67.1043,689.717,927.366,4410.09,0.049663,0.00608807,5,4,11,0.733333,1,1.55103,0.894917,0.656118,0.00660974,0.078852,1321,0,0,0,0,0.001,0,0,0,0,0,0,0,0,0,0,0,0,0,0,0,0,0,0,0,0,0,0,0,0,0,0,0,0,0,0,0,0,0,0,0,0,16.0316,49.805,8.59805,603.515,737.887,0,0.91923,-0.390526,0.0500558,0.999998,0.103154,0.0116342,0.818182,0.9,885.606,1041.63,1564.18,2129.85,224.78,782.591,1514.38,44.9405,2086.8,82.9617,17.2839,0.0358757,-0.111164,-0.111337,0.0472071,0,0,0,0,0,0,0,70.7059,0,0.989402,0,0,258.283,806.229,0,0,875.024,2953.01,0
1691509881259041990,1543,1336,206,0.865846,17.2223,32.1261,56.8848,75.7806,117.19,-0.544779,251.152,435.54,838.097,1169.95,852.931,3037.88,8565.13,18622.6,1347.74,744.401,2454.38,431.812,617.892,110.604,139027,5451.16,6697.46,4.58228,4.60438,0,0,0.0392095,0,1.78746,25.6523,52.2454,467.621,774.976,5375.18,0.0163077,0.00215925,5,4,13,0.764706,1,1.72135,1.00292,0.718429,0.00401985,0.21905,1336,0,0,0,0,0.001,0,0,0,0,0,0,0,0,0,0,0,0,0,0,0,0,0,0,0,0,0,0,0,0,0,0,0,0,0,0,0,0,0,0,0,0,17.2223,56.8848,9.59391,603.122,737.284,0,0.919987,-0.388841,0.0492614,0.999998,0.115189,0.00256256,0.769912,0.87,895.63,1051.49,1604.91,2176.05,230.299,790.518,1532.13,44.7373,2087.42,78.8448,19.8579,0.184741,0.0295284,-0.282438,-0.099701,0,0,0,0,0,0,0,75.7806,0,0.989521,0,0,251.152,838.097,0,0,852.931,3037.88,0
1691509881357637548,1664,1435,229,0.86238,15.4458,29.8911,50.6248,69.5038,141.607,0.410723,251.457,438.222,839.12,1166.25,832.688,2979.61,7729.57,16749.7,1288.38,736.728,2400.89,447.905,587.945,122.953,138205,4711.58,6180.83,4.75087,3.32416,0,0,0.0340913,0,1.2611,34.756,73.9192,651.302,828.018,4591.57,0.00241456,0.000520416,3,3,9,0.75,1,1.69896,1.01432,0.684648,0.00368329,0.18045,1435,0,0,0,0,0.001,0,0,0,0,0,0,0,0,0,0,0,0,0,0,0,0,0,0,0,0,0,0,0,0,0,0,0,0,0,0,0,0,0,0.00696864,12.2589,52.682,15.5217,50.5588,8.37751,609.078,727.545,0,0.918839,-0.391853,0.0467517,0.999992,0.234035,0.0243772,0.754386,0.86,859.358,1017.56,1620.86,2253.27,228.292,753.323,1543.63,43.8571,2104.6,99.5373,28.5163,0.453903,-1.46514,-0.658085,0.158217,0,0,0,0,0,0.00600962,60.5376,69.6319,1,0.989474,861.794,1324.08,249.569,833.609,1436.41,2237.08,831.82,2995.17,0.00382911
1691509881456546575,1540,1361,179,0.883766,16.1224,28.6296,46.1572,63.025,136.339,0.758595,234.954,415.174,826.1,1146.92,814.674,2878.83,9185.87,15795,1282.37,657.67,2168.83,404.56,558.809,137.604,139905,4942.89,6119.46,4.47352,3.58983,0,0,0.0353304,0,2.88653,30.6454,66.4875,435.792,712.366,4871.28,9.69771e-05,2.26661e-05,2,2,8,0.8,1,1.55303,0.957706,0.595329,0.0115384,0.0568545,1361,0,0,0,0,0.001,0,0,0,0,0,0,0,0,0,0,0,0,0,0,0,0,0,0,0,0,0,0,0,0,0,0,0,0,0,0,0,0,0,0.0337987,14.5947,38.8212,16.2181,46.4331,9.9707,603.883,738.146,0,0.918309,-0.392727,0.0497348,0.999995,0.180667,0.0296957,0.834862,0.91,846.682,1024.55,1609.02,2008.03,225.279,758.04,1519.42,45.5468,2063.74,92.8604,26.4673,0.385122,0.122742,-0.812794,0.204569,0,0,0,0,0,0.0298701,41.5048,63.5292,1,0.992395,542.521,1209.66,234.148,788.545,892.946,1950.92,814.674,2924.59,0.0111592
1691509881556426534,1694,1437,256,0.848288,14.856,28.6481,45.1983,57.3561,140.456,0.737405,237.886,415.125,769.734,1071.27,755.96,2622.69,6542.35,14803.7,1178.58,606.453,2054.7,400.953,525.949,128.516,133400,3714.44,4761.8,2.37146,3.08201,0,0,0.0278443,0,8.78323,26.3353,51.5398,304.714,744.645,3625.78,0.000343149,5.74481e-05,4,3,9,0.75,1,1.6394,1.07612,0.563282,0.00566168,0.284599,1437,0,0,0,0,0.001,0,0,0,0,0,0,0,0,0,0,0,0,0,0,0,0,0,0,0,0,0,0,0,0,0,0,0,0,0,0,0,0,0,0.0494085,11.8725,48.0135,15.1121,45.0377,9.47033,584.069,717.461,0,0.919993,-0.388977,0.0480495,0.99999,0.254507,0.0428711,0.724138,0.84,839.591,1003.06,1676.66,2395.65,217.513,748.636,1586.57,52.5666,2011.79,95.2293,27.2247,0.534467,0.0237848,-0.424848,-0.178733,0,0,0,0,0,0.0419126,56.3736,58.5417,1,0.993411,525.312,1173.63,234.83,698.002,856.527,1903.68,752.945,2663.15,0.0199619
1691509881656437680,1667,1352,312,0.811038,16.451,32.5828,49.5624,62.6637,164.088,1.54868,236.156,421.428,792.247,1135.31,701.762,2450.44,5262.01,13548.6,1164.75,656.761,1862.85,407.585,538.551,135.176,131843,2400.57,3435.78,3.80519,3.70886,0,0,0.0182078,0,10.649,28.0382,55.0706,333.375,755.442,2253.21,0.00977696,0.00130325,5,4,13,0.764706,1,1.80601,1.14085,0.66516,0.019874,0.124812,1352,0,0,0,0,0.001,0,0,0,0,0,0,0,0,0,0,0,0,0,0,0,0,0,0,0,0,0,0,0,0,0,0,0,0,0,0,0,0,0,0.0673077,18.537,50.0492,16.2938,49.3795,7.87623,547.376,686.748,0,0.917591,-0.394243,0.0509887,0.999979,0.371929,0.0309938,0.626016,0.77,822.621,990.25,1659.16,2506.22,222.34,738.809,1514.13,43.8073,1927.21,106.922,34.4495,-0.181589,0.327533,-0.211621,-0.368803,0,0,0,0,0,0.0545891,60.6189,62.7722,0.989011,0.985726,399.024,1308.62,232.549,717.702,678.467,2047.47,702.601,2601.11,0.035648
1691509881758292473,1735,1356,377,0.781556,18.8828,32.8409,51.8513,63.4452,138.287,3.98583,250.325,458.826,798.115,1146.58,724.376,2343.64,5384.48,9682.12,1114.87,757.861,1776.28,476.741,562.86,143.016,132485,1964.15,3113.91,1.82305,1.84911,0,0,0.0148254,0,9.91152,29.0461,68.1051,460.033,827.574,1719.24,0.0338021,0.00330799,4,4,7,0.636364,1,1.62132,0.92478,0.696543,0.0140021,0.176243,1356,0,0,0,0,0.001,0,0,0,0,0,0,0,0,0,0,0,0,0,0,0,0,0,0,0,0,0,0,0,0,0,0,0,0,0,0,0,0,0,0.0759587,10.9039,44.6514,19.4664,51.9073,9.84304,541.908,689.249,0,0.919171,-0.390879,0.0483476,0.99999,0.261237,0.015011,0.709402,0.83,816.839,973.467,1685.78,2608.15,225.135,739.898,1563.95,45.4848,2009.7,120.04,32.0701,-0.309311,0.0622778,0.151295,0.0158736,0,0,0,0,0,0.059366,53.8795,63.7356,1,0.984038,417.346,1245.37,247.302,737.559,623.037,1845.01,736.439,2408.25,0.0363358
1691509881861283584,1681,1249,431,0.74301,17.8913,32.1114,50.4305,66.0495,181.992,3.76186,235.206,433.846,832.077,1142.97,667.665,2314.98,5539.47,9120.32,1092.32,842.088,1606.62,451.601,532.238,170.905,133965,1758.64,2877.86,1.06028,1.06149,0,0,0.0131276,0,12.0827,39.1461,72.282,483.934,764.836,1505.57,0.0222353,0.000934509,4,3,8,0.727273,1,1.49468,0.818765,0.67592,0.00820933,0.26169,1249,0,0,0,0,0.001,0,0,0,0,0,0,0,0,0,0,0,0,0,0,0,0,0,0,0,0,0,0,0,0,0,0,0,0,0,0,0,0,0,0.0936749,9.02715,47.964,18.5775,50.8365,7.54934,533.496,682.954,0,0.919458,-0.390078,0.0493515,0.999999,0.0753893,0.0325087,0.639344,0.78,806.079,968.596,1673.18,2605.52,226.453,747.04,1492.9,42.3546,2045.31,110.712,36.2379,-0.048973,0.101515,0.0509118,-0.113395,0,0,0,0,0,0.0696014,57.6772,66.8138,1,0.982332,238.616,1238.24,235.099,755.377,354.892,1837.85,681.919,2400.04,0.0390841
1691509881964796081,1696,1243,451,0.732901,17.5709,31.2018,52.5528,65.4182,159.958,2.8478,229.876,415.698,825.486,1132.07,665.068,2275.96,5129.06,17723.4,1115.68,750.408,1516.49,453.203,496.355,195.562,135981,1928.39,3094.55,3.86748,3.86306,0,0,0.0141814,0,11.0871,52.8525,87.5833,591.981,630.572,1720.48,0.281453,0.00222071,4,4,7,0.636364,1,1.51989,0.899152,0.620737,0.00398016,0.284513,1243,0,0,0,0,0.001,0,0,0,0,0,0,0,0,0,0,0,0,0,0,0,0,0,0,0,0,0,0,0,0,0,0,0,0,0,0,0,0,0,0.102977,10.954,44.4846,18.3077,52.6415,9.25642,544.778,684.965,0,0.920993,-0.386282,0.0505719,0.999991,0.24484,0.0130801,0.73913,0.85,808.365,947.769,1714.01,2595.85,220.381,737.315,1514.02,49.8862,2005.87,117.702,47.8306,0.510817,-0.126117,-0.497497,0.120435,0,0,0,0,0,0.0754717,55.4016,66.4955,1,0.986547,275.685,1492.28,229.573,701.069,404.282,2175.21,684.245,2303.26,0.0518071
1691509882067865380,1696,1262,434,0.744104,16.524,30.2004,47.7091,62.0101,173.737,3.19634,235.474,418.695,874.11,1181.02,680.591,2483.56,5731.82,8607.34,1163.5,706.14,1822.48,452.886,531.211,179.458,136922,2134.95,3177.91,1.01554,1.34361,0,0,0.0155925,0,7.60217,40.6146,71.7407,386.938,689.645,1981.37,0.00561563,0.00048811,3,3,10,0.769231,1,1.37766,0.797446,0.580216,0.00692395,0.264802,1262,0,0,0,0,0.001,0,0,0,0,0,0,0,0,0,0,0,0,0,0,0,0,0,0,0,0,0,0,0,0,0,0,0,0,0,0,0,0,0,0.0966719,11.8967,42.5611,17.2192,48.4083,7.95162,560.392,707.656,0,0.918823,-0.391332,0.0512169,0.999985,0.317077,0.0276525,0.709402,0.83,849.137,989.162,1756.08,2557.86,226.937,744.696,1684.01,42.4255,1991.97,126.409,36.7533,-0.163988,0.321623,-0.337092,-0.0527172,0,0,0,0,0,0.071934,52.8932,62.1374,0.991803,0.987719,335.487,1363.09,232.115,765.104,499.477,2032.45,691.636,2636,0.0490627
1691509882171038920,1636,1375,259,0.840465,16.8133,31.4949,49.9376,69.668,154.364,4.45093,234.463,420.078,869.065,1316.25,758.009,2912.82,7724.61,16596.6,1362.23,638.937,2147,419.811,575.805,169.412,140896,4320.54,5452.97,2.63709,2.65743,0,0,0.0306647,0,2.34133,59.4355,69.657,386.514,688.178,4246.85,0.00039221,5.02999e-05,4,3,9,0.75,1,1.69749,0.967989,0.729505,0.00605124,0.382634,1375,0,0,0,0,0.001,0,0,0,0,0,0,0,0,0,0,0,0,0,0,0,0,0,0,0,0,0,0,0,0,0,0,0,0,0,0,0,0,0,0.0923636,10.6888,43.378,17.3129,50.675,8.81634,624.567,696.617,0,0.918297,-0.392706,0.0501297,0.999998,0.104814,0.209601,0.709402,0.83,855.843,1023.54,1769.11,2457.54,229.133,749.013,1595.7,42.5562,2176.6,130.363,60.2709,0.175996,0.669768,-0.171105,-0.516124,0,0,0,0,0,0.0776284,57.2035,71.56,1,0.978365,325.781,1638.22,232.012,765.264,489.003,2447.16,768.162,3024.41,0.0392545
1691509882272230062,1659,1427,232,0.860157,16.2453,31.4961,48.7025,62.0972,142.169,2.1558,229.559,421.552,835.839,1225.86,752.729,2605.37,7548.89,19972.1,1278.04,660.607,2037.59,426.566,551.715,149.466,141914,4576.86,5599.63,6.49026,6.6491,0,0,0.0322509,0,3.54526,46.4739,79.3693,385.784,559.238,4525.22,0.0816631,0.011181,4,4,7,0.636364,1,2.19614,1.5393,0.656844,0.0104237,0.188064,1427,0,0,0,0,0.001,0,0,0,0,0,0,0,0,0,0,0,0,0,0,0,0,0,0,0,0,0,0,0,0,0,0,0,0,0,0,0,0,0,0.0960056,9.21785,40.2007,16.9427,49.6653,12.2808,607.72,720.999,0,0.922104,-0.383605,0.0507112,0.999951,0.566214,0.171034,0.785714,0.88,849.984,1040.55,1765.53,2382.45,233.223,751.791,1616.72,51.3073,2164.06,135.452,40.9787,0.0388402,-0.0155143,-0.0234825,0.0128029,0,0,0,0,0,0.0825799,49.5879,63.6254,1,0.991473,308.429,1493.48,228.854,671.668,474.622,2310.22,758.022,2758.06,0.0430828
1691509882371204962,1680,1428,251,0.85,15.5222,29.467,47.4326,67.4379,116.102,-0.453672,224.977,412.165,827.277,1164.35,705.388,2797.25,7909,17694.7,1215,828.353,2054.03,467.313,556.546,157.617,141445,4696.73,5704.92,4.6546,4.67035,0,0,0.0332054,0,4.03895,46.9333,77.255,419.776,507.467,4649.45,0.0181439,0.00255428,4,4,12,0.75,1,1.6446,0.990262,0.654336,0.0151722,0.0441494,1428,0,0,0,0,0.001,0,0,0,0,0,0,0,0,0,0,0,0,0,0,0,0,0,0,0,0,0,0,0,0,0,0,0,0,0,0,0,0,0,0.0819328,12.1781,42.4778,15.6978,47.8757,9.20438,621.211,729.585,0,0.919857,-0.388791,0.0520127,0.999983,0.332309,0.022346,0.769912,0.87,847.464,1040.24,1733.92,2207.66,228.417,749.66,1550.82,56.1682,2099.32,117.259,46.918,0.252627,-0.044418,-0.340157,0.0490862,0,0,0,0,0,0.0696429,56.8015,69.0443,1,0.985507,318.927,1543.76,219.736,684.403,500.074,2483.13,710.717,2926.12,0.0409198
1691509882469421477,1829,1579,249,0.863313,14.4995,28.4866,44.6402,62.959,158.641,-0.41593,217.797,382.68,774.749,1116.03,704.862,2533.97,7502.62,17693.6,991.827,887.658,1937.97,452.717,475.647,168.27,139840,4569.47,5536.69,1.97327,1.99827,0,0,0.0326765,0,6.11805,55.9592,81.896,325.713,542.667,4524.34,0.254601,0.00373745,5,4,8,0.666667,1,1.71445,1.03613,0.678317,0.00647274,0.148266,1579,0,0,0,0,0.001,0,0,0,0,0,0,0,0,0,0,0,0,0,0,0,0,0,0,0,0,0,0,0,0,0,0,0,0,0,0,0,0,0,0.0462318,9.82569,30.5247,14.6811,44.7489,6.47754,613.685,714.837,0,0.918759,-0.391712,0.0494279,0.999992,0.232196,0.0247792,0.785714,0.88,843.46,1014.72,1717.74,2173.03,231.3,736.542,1517.93,56.8907,2244.81,108.479,60.6437,-0.226706,0.585112,0.233875,-0.56785,0,0,0,0,0,0.0404593,54.3282,64.0407,0.986301,0.990704,462.742,1372.77,215.502,724.168,767.053,2260.4,704.784,2551.11,0.0220763
1691509882567752895,1877,1606,270,0.855621,15.342,28.2473,43.691,55.9819,125.848,0.625014,224.844,386.772,802.471,1207.93,705.292,2590.79,7346.15,16003.2,889.075,965.782,2031.44,504.678,496.445,177.033,134769,4812.92,5886.44,4.28937,3.76064,0,0,0.0357124,0,4.87287,46.8921,94.045,362.868,619.909,4757.86,0.0321748,0.00179835,3,2,8,0.8,1,1.555,0.960831,0.594168,0.00346937,0.105727,1606,0,0,0,0,0.001,0,0,0,0,0,0,0,0,0,0,0,0,0,0,0,0,0,0,0,0,0,0,0,0,0,0,0,0,0,0,0,0,0,0.0273973,9.77205,47.9607,15.4058,43.4479,12.5403,609.624,703.836,0,0.922406,-0.383082,0.0491475,0.999956,0.537056,0.0153347,0.785714,0.88,844.544,1027.54,1681.27,2267.22,225.393,731.074,1504.63,55.2555,2278.27,115.381,53.8528,-0.0235106,-0.245498,0.104575,0.251303,0,0,0,0,0,0.0234417,53.2424,55.9931,1,0.996799,352.033,1423.85,223.632,753.326,601.284,2424.54,708.415,2636.54,0.0131561
1691509882665104563,1807,1512,291,0.836746,15.9248,29.938,47.362,63.5314,176.894,-1.52042,231.604,408.953,838.002,1252.13,744.653,3002.9,8125.05,18675.9,909.572,1229.09,2193.14,561.494,454.572,172.986,128399,5319.82,6451.63,7.49156,3.77717,0,0,0.041432,0,9.11985,46.2926,98.9223,330.102,705.898,5261.29,0.00019584,7.94472e-05,3,3,8,0.727273,1,1.67772,1.0114,0.666318,0.00937853,0.305935,1512,0,0,0,0,0.001,0,0,0,0,0,0,0,0,0,0,0,0,0,0,0,0,0,0,0,0,0,0,0,0,0,0,0,0,0,0,0,0,0,0.00529101,30.5246,38.9582,15.7661,47.4944,9.58911,600.453,683.957,0,0.921538,-0.385009,0.0503534,0.999997,0.139433,0.00339035,0.785714,0.88,843.75,1010.75,1605.21,2266.48,230.637,749.058,1507.96,55.3717,2329.44,121.263,62.4106,-0.0495963,-0.2409,0.317025,0.250967,0,0,0,0,0,0.00442723,40.0952,63.5598,1,0.994016,914.328,1288.34,231.202,804.08,1623.59,2282.49,743.401,3013.21,0.00317004
1691509882762718586,1838,1531,307,0.832971,15.4141,30.0013,45.7158,61.5113,152.174,-0.969939,231.947,407.065,865.01,1222.04,727.023,3090.89,7599.88,15179.7,882.459,1275.61,2388.7,567.803,461.092,163.074,127855,5036.93,6233.34,3.05033,2.3958,0,0,0.0393956,0,5.91001,43.5561,98.7857,352.716,768.022,4964.35,0.000136915,4.91652e-05,3,2,9,0.818182,1,1.72246,1.06676,0.655695,0.00742587,0.0743626,1531,0,0,0,0,0.001,0,0,0,0,0,0,0,0,0,0,0,0,0,0,0,0,0,0,0,0,0,0,0,0,0,0,0,0,0,0,0,0,0,0,0,0,15.4141,45.7158,9.08101,584.826,690.093,0,0.92166,-0.384646,0.050885,1,0.0375472,0.010336,0.818182,0.9,839.024,1012.13,1518.82,2259.36,232.449,733.487,1442.67,61.4698,2369.99,115.661,67.4867,-0.00558857,0.00418833,-0.0567552,-0.114139,0,0,0,0,0,0,0,61.5113,0,0.994775,0,0,231.947,865.01,0,0,727.023,3090.89,0
1691509882859771160,1774,1466,308,0.826381,15.2654,28.3899,47.5857,65.5848,143.675,-0.635624,224.466,410.465,804.427,1266.35,734.183,3277.19,7481.47,20533.8,914.347,1311.8,2434.28,549.077,412.596,175.314,126729,5114.5,6503.35,1.63683,1.6488,0,0,0.0403578,0,3.12419,43.6487,88.9913,457.699,896.37,5013.51,0.021053,0.0021371,6,6,11,0.647059,1,2.00383,1.34216,0.661667,0.00813878,0.400533,1466,0,0,0,0,0.001,0,0,0,0,0,0,0,0,0,0,0,0,0,0,0,0,0,0,0,0,0,0,0,0,0,0,0,0,0,0,0,0,0,0,0,0,15.2654,47.5857,12.1263,571.992,667.882,0,0.923486,-0.38019,0.0512684,0.999988,0.276792,0.0251824,0.73913,0.85,838.843,1015.96,1504.43,2255.19,233.521,732.696,1405.14,52.0462,2360.71,103.315,60.3685,0.023506,-0.0886407,0.031112,0.0887367,0,0,0,0,0,0,0,65.5848,0,0.99045,0,0,224.466,804.427,0,0,734.183,3277.19,0
1691509882955894083,1813,1531,280,0.844457,14.1371,28.2526,44.6647,57.2603,127.716,0.476538,230.397,409.403,824.959,1245.29,760.774,3114.4,7765.51,16351.8,884.398,1286.38,2324.73,543.066,467.354,157.649,126769,4912.61,6302.79,1.96261,1.96989,0,0,0.0387525,0,4.92004,50.1261,94.6014,473.979,868.391,4810.77,0.0375606,0.00676021,9,9,13,0.590909,1,1.54484,0.911824,0.633017,0.0140353,0.390819,1531,0,0,0,0,0.001,0,0,0,0,0,0,0,0,0,0,0,0,0,0,0,0,0,0,0,0,0,0,0,0,0,0,0,0,0,0,0,0,0,0,0,0,14.1371,44.6647,11.0387,575.41,661.551,0,0.921026,-0.386233,0.0503487,0.999978,0.377496,0.0708909,0.801802,0.89,809.351,1022.96,1469.66,2248.7,240.502,735.641,1430.18,50.4214,2298.6,118.739,56.9633,-0.0613563,0.0778523,-0.0744706,-0.07359,0,0,0,0,0,0,0,57.2603,0,0.989549,0,0,230.397,824.959,0,0,760.774,3114.4,0
1691509883053607845,1671,1434,236,0.858169,15.1225,28.6129,48.7269,66.5781,120.705,-2.21868,223.197,406.348,852.911,1269.78,787.286,3307.14,7992.59,18969.3,911.331,1326.96,2447.92,548.727,485.501,142.734,133719,5186.69,6585.72,6.53078,6.16543,0,0,0.0387879,0,1.90465,42.6209,94.4202,469.098,890.672,5087.01,0.036699,0.0074339,3,2,8,0.8,1,1.55498,0.913714,0.641269,0.0098057,0.0920621,1434,0,0,0,0,0.001,0,0,0,0,0,0,0,0,0,0,0,0,0,0,0,0,0,0,0,0,0,0,0,0,0,0,0,0,0,0,0,0,0,0,0,0,15.1225,48.7269,10.658,584.076,705.266,0,0.919787,-0.389039,0.0513769,0.999995,0.185393,0.0042617,0.818182,0.9,813.917,1021.03,1514.63,2246.75,239.858,730.303,1467.42,58.2815,2340.98,109.681,60.322,0.118547,0.206008,-0.232078,-0.279525,0,0,0,0,0,0,0,66.5781,0,0.992329,0,0,223.197,852.911,0,0,787.286,3307.14,0
1691509883152876203,1662,1364,297,0.820698,16.6546,30.7645,52.9208,70.4012,188.313,-0.213808,215.565,404.566,782.984,1153.51,770.185,3088.46,8463.81,14412.4,928.977,1184.99,2354.18,482.878,491.089,121.999,136593,4774.73,6018.25,2.47696,3.07576,0,0,0.034956,0,2.23442,34.5634,70.9485,397.068,828.608,4684.83,0.000576203,0.000166912,4,3,9,0.75,1,2.0459,1.34939,0.696515,0.0107371,0.06293,1364,0,0,0,0,0.001,0,0,0,0,0,0,0,0,0,0,0,0,0,0,0,0,0,0,0,0,0,0,0,0,0,0,0,0,0,0,0,0,0,0.00439883,10.7084,27.0902,16.6668,52.9246,9.32433,575.553,715.123,0,0.918273,-0.392398,0.0529047,0.999992,0.228555,0.0163138,0.724138,0.84,805.095,967.789,1524.44,2249.73,240.314,719.15,1450.79,58.1957,2233.88,86.4837,47.596,0.378735,0.208362,-0.380554,-0.271807,0,0,0,0,0,0.00361011,31.0495,70.6396,1,0.991163,112.18,191.35,216.96,784.672,155.411,251.613,773.38,3093.63,3.33833e-05
1691509883253972182,1526,1175,351,0.769987,15.861,30.732,53.7787,75.3134,134.658,0.416031,222.885,418.519,788.63,1264.46,778.48,3577.26,8271.84,14938.6,1214.46,1258.66,2652.86,472.762,520.758,121.423,140187,5062.6,6299.64,1.8091,1.92937,0,0,0.0361132,0,1.90481,32.8962,79.1897,402.369,801.481,4981.8,0.000487105,0.000243181,5,4,9,0.692308,1,1.7968,1.18884,0.607958,0.0138877,0.0957194,1175,0,0,0,0,0.001,0,0,0,0,0,0,0,0,0,0,0,0,0,0,0,0,0,0,0,0,0,0,0,0,0,0,0,0,0,0,0,0,0,0.0144681,6.72084,17.7647,16.211,54.0452,9.53547,562.916,740.549,0,0.919782,-0.388985,0.0518826,0.999993,0.221697,0.0303382,0.694915,0.82,852.976,1032.2,1526.08,2253.31,242.796,746.958,1464.52,55.1984,2035.42,82.9626,46.5898,0.179096,0.00419153,-0.0932486,-0.00957734,0,0,0,0,0,0.0111402,23.0198,75.4188,1,0.990501,211.142,396.396,223.568,796.608,337.021,625.696,792.537,3641.8,0.000392769
1691509883354957006,1403,1029,374,0.733428,17.1375,29.2527,48.9243,62.3726,149.453,6.40596,242.219,440.081,804.213,1236.04,837.169,3042.22,7754.23,16001,1100.18,955.826,2287.55,484.138,508.658,177.873,143084,3180.64,4212.69,1.16398,1.31655,0,0,0.0222292,0,2.7946,36.1348,68.8153,353.106,661.919,3089.92,0.0059653,0.000361722,6,6,8,0.571429,1,1.58265,1.11119,0.471456,0.0102668,0.309903,1029,0,0,0,0,0.001,0,0,0,0,0,0,0,0,0,0,0,0,0,0,0,0,0,0,0,0,0,0,0,0,0,0,0,0,0,0,0,0,0,0.0223518,16.7039,30.4384,17.1506,49.2939,12.3791,571.772,726.849,0,0.920357,-0.387569,0.0522881,0.999999,0.0906176,0.0322409,0.754386,0.86,855.978,1041.02,1520.29,2252.28,234.476,740.554,1447.46,56.3624,2075.27,100.724,39.616,-0.506557,0.0563528,0.532237,-0.0574048,0,0,0,0,0,0.0163934,32.853,63.0562,1,0.987078,214.377,366.367,242.944,810.698,296.429,578.624,878.902,3087.45,0.000680893
1691509883457014279,1633,1080,551,0.661359,16.2572,29.4014,46.9366,60.7653,189.933,5.66217,225.842,409.118,750.99,1143.89,632.78,2476.41,6155.65,17353.5,941.125,812.116,1763.18,389.493,464.443,215.346,129586,1862.9,2870.3,2.19621,2.2694,0,0,0.0143758,0,7.19446,35.5924,65.947,364.465,719.567,1677.54,0.00352632,0.000469683,5,4,13,0.764706,1,1.42453,0.87729,0.547239,0.0124112,0.212705,1080,0,0,0,0,0.001,0,0,0,0,0,0,0,0,0,0,0,0,0,0,0,0,0,0,0,0,0,0,0,0,0,0,0,0,0,0,0,0,0,0,0,0,16.2572,46.9366,9.85042,533.912,685.237,0,0.918418,-0.392109,0.052516,0.999988,0.283171,0.0155691,0.503759,0.67,792.078,980.093,1507.72,2249.88,226.328,715.551,1415.08,51.2393,2107.59,88.3708,43.4691,0.16833,-0.0672529,-0.493251,0.0666136,0,0,0,0,0,0,0,60.7653,0,0.983333,0,0,225.842,750.99,0,0,632.78,2476.41,0
1691509883559774702,1984,1238,744,0.623992,16.0646,27.7057,43.4285,55.2862,143.788,6.42489,228.751,416.077,776.852,1082.02,632.609,2211.05,5791.9,11626.1,927.633,864.062,1492.92,415.671,461.709,248.053,116662,1771.78,2918.56,2.94018,3.19529,0,0,0.0151873,0,11.3264,36.2699,66.9851,392.185,1017.38,1394.42,0.0028321,0.000599631,3,2,10,0.833333,1,1.29384,0.794728,0.499116,0.00678565,0.165429,1238,0,0,0,0,0.001,0,0,0,0,0,0,0,0,0,0,0,0,0,0,0,0,0,0,0,0,0,0,0,0,0,0,0,0,0,0,0,0,0,0.00969305,17.9101,37.4552,16.0646,43.5,9.42856,470.406,665.166,0,0.918252,-0.392224,0.0545357,0.999998,0.116302,0.0880224,0.587302,0.74,765.161,946.164,1431.69,2249.97,222.517,696.939,1377.33,58.4043,2050,106.778,47.3876,-0.309634,0.490058,-0.479727,0.118914,0,0,0,0,0,0.00604839,38.9219,55.4098,1,0.989396,159.952,271.644,229.514,790.148,221.418,380.724,640.393,2217.72,0.000407221
1691509883662841781,1920,1255,662,0.653646,16.0396,29.0639,45.9715,57.7516,138.148,2.98033,225.875,412.489,806.958,1188.07,645.826,2886.73,6430.93,17258.7,1148.57,886.718,1872.15,368.192,537.123,277.417,108593,2716.62,4075.38,2.29279,2.40321,0,0,0.0250165,0,12.9631,36.5973,76.8263,473.457,993.183,2482.35,0.00757848,0.00112627,7,6,12,0.666667,1,1.65851,1.087,0.57151,0.00656368,0.346083,1255,0,0,0,0,0.001,0,0,0,0,0,0,0,0,0,0,0,0,0,0,0,0,0,0,0,0,0,0,0,0,0,0,0,0,0,0,0,0,0,0,0,0,16.0396,45.9715,9.35398,478.473,633.173,0,0.921491,-0.385233,0.0494937,0.999958,0.527592,0.015706,0.694915,0.82,804.846,992.386,1447.45,2120.01,228.416,749.045,1400.56,58.6703,2197.82,94.7781,46.8311,0.445257,0.0208006,-0.28462,0.00398333,0,0,0,0,0,0,0,57.7516,0,0.981673,0,0,225.875,806.958,0,0,645.826,2886.73,0
1691509883766229698,1810,1262,547,0.697238,15.0568,27.8353,42.4546,54.5581,133.302,2.09613,244.737,447.826,853.758,1272.27,741.541,3023.11,8330.66,12602.3,1246.49,937.465,2129.11,455.855,549.251,253.842,119585,3849.9,5580.79,4.9113,4.82256,0,0,0.0321939,0,13.0309,47.1273,82.2545,630.196,1209.07,3599.11,0.102335,0.00795327,4,4,7,0.636364,1,1.37656,0.941342,0.435221,0.00690893,0.390223,1262,0,0,0,0,0.001,0,0,0,0,0,0,0,0,0,0,0,0,0,0,0,0,0,0,0,0,0,0,0,0,0,0,0,0,0,0,0,0,0,0,0,0,15.0568,42.4546,10.7109,520.194,648.095,0,0.922726,-0.381841,0.0526628,0.999988,0.275211,0.0103665,0.709402,0.83,865.076,1029.74,1565.98,2260.28,233.155,761.139,1514.66,47.9777,2148.95,104.277,59.9595,0.255602,-0.0730627,-0.178559,0.0837311,0,0,0,0,0,0,0,54.5581,0,0.998415,0,0,244.737,853.758,0,0,741.541,3023.11,0
1691509883869932973,1775,1268,506,0.714366,16.168,30.1774,44.9923,59.0726,117.436,1.38152,241.196,460.632,867.113,1230.43,792.867,3354.35,8924.93,17402.9,1420.06,882.337,2520.09,400.351,603.519,248.804,123374,4438.39,6101.03,18.8483,10.2256,0,0,0.0359752,0,13.5034,41.1125,86.2094,616.417,1085.7,4258.08,6.29006e-05,0.00015203,3,3,8,0.727273,1,1.48675,0.984917,0.501835,0.00739407,0.364826,1268,0,0,0,0,0.001,0,0,0,0,0,0,0,0,0,0,0,0,0,0,0,0,0,0,0,0,0,0,0,0,0,0,0,0,0,0,0,0,0,0,0,0,16.168,44.9923,11.713,552.865,662.422,0,0.921854,-0.38413,0.0512671,0.999996,0.161524,0.0413243,0.709402,0.83,896.18,1082.61,1744.39,2260.18,234.457,785.962,1601.44,56.2795,2245.47,100.639,48.632,0.514084,-0.32078,-0.167567,0.0944733,0,0,0,0,0,0,0,59.0726,0,0.994479,0,0,241.196,867.113,0,0,792.867,3354.35,0
1691509883972577319,1789,1257,532,0.702627,15.755,28.2142,44.7235,58.8805,135.768,2.35146,248.04,464.864,868.898,1306.02,761.626,3189.7,9022.55,23088.3,1321.17,982.807,2379.7,423.187,557.67,262.777,137121,4820.41,6713.28,6.96147,6.62381,0,0,0.0351543,0,17.8846,44.528,90.4503,700.409,1261.85,4598.16,0.00710877,0.00191699,7,6,9,0.6,1,1.66581,1.15298,0.512829,0.0119855,0.371417,1257,0,0,0,0,0.001,0,0,0,0,0,0,0,0,0,0,0,0,0,0,0,0,0,0,0,0,0,0,0,0,0,0,0,0,0,0,0,0,0,0,0,0,15.755,44.7235,9.27502,536.887,694.838,0,0.921272,-0.385482,0.0515956,0.999999,0.0863832,0.0114377,0.769912,0.87,879.4,1063.27,1677.92,2262.72,227.379,771.392,1582.77,44.5018,2194.71,108.996,56.2288,0.149232,-0.118917,-0.0947897,0.144116,0,0,0,0,0,0,0,58.8805,0,0.99284,0,0,248.04,868.898,0,0,761.626,3189.7,0
1691509884073693529,1837,1211,625,0.659227,16.1827,28.6494,44.4316,56.9777,136.708,2.50105,232.184,442.641,831.938,1177.69,682.288,2859.45,7481.3,12464.6,1094.59,1053.04,1937.34,426.778,488.094,250.626,146433,3030.63,4575.3,2.4932,2.51261,0,0,0.0206964,0,15.2701,36.8462,85.4944,518.679,1176.1,2742.91,0.0238619,0.00379227,4,4,11,0.733333,1,1.7732,1.27968,0.493516,0.0125051,0.151953,1211,0,0,0,0,0.001,0,0,0,0,0,0,0,0,0,0,0,0,0,0,0,0,0,0,0,0,0,0,0,0,0,0,0,0,0,0,0,0,0,0,0,0,16.1827,44.4316,10.0003,551.867,726.133,0,0.919907,-0.388789,0.051122,0.999993,0.206792,0.0169701,0.639344,0.78,867.385,1009.89,1541.94,2110.53,224.8,733.249,1446.16,52.6135,2209.29,107.901,53.8951,-0.0501268,-0.327393,0.207309,0.346706,0,0,0,0,0,0,0,56.9777,0,0.989265,0,0,232.184,831.938,0,0,682.288,2859.45,0
1691509884173295282,1837,1317,517,0.71693,16.6622,30.0453,47.4123,62.7019,166.622,4.00454,247.161,467.377,930.702,1300.68,756.662,3330.99,9406.11,16131.6,1257.83,985.187,2455.63,460.948,578.684,198.992,144270,4673.54,6486.36,2.21897,2.33105,0,0,0.0323944,0,15.03,40.998,91.1756,759.73,1103.06,4476.37,0.0403972,0.00485592,3,3,9,0.75,1,1.50175,0.81695,0.684797,0.00602786,0.134241,1317,0,0,0,0,0.001,0,0,0,0,0,0,0,0,0,0,0,0,0,0,0,0,0,0,0,0,0,0,0,0,0,0,0,0,0,0,0,0,0,0,0,0,16.6622,47.4123,10.4191,557.66,721.921,0,0.919878,-0.388977,0.0502066,1,0.0535619,0.0330182,0.680672,0.81,893.265,1093.21,1674.32,2367.87,220.247,783.549,1596.93,50.8269,2222.69,118.947,50.8825,0.0579398,0.376105,-0.0265134,-0.28026,0,0,0,0,0,0,0,62.7019,0,0.974943,0,0,247.161,930.702,0,0,756.662,3330.99,0
1691509884271292450,1731,1282,449,0.740612,16.4304,32.7844,56.4608,81.6013,145.822,3.53157,247.694,531.124,1023.66,1369.97,865.624,3528.63,8867.36,20094.4,1278.97,1075.67,2477.92,552.32,642.163,206.833,139344,5043.97,6975.11,4.18472,4.13546,0,0,0.0361979,0,10.2145,40.4105,100.949,810.285,1177.21,4836.04,0.0698161,0.00849277,5,4,8,0.666667,1,1.96747,1.19026,0.777218,0.0109774,0.245076,1282,0,0,0,0,0.001,0,0,0,0,0,0,0,0,0,0,0,0,0,0,0,0,0,0,0,0,0,0,0,0,0,0,0,0,0,0,0,0,0,0,0,0,16.4304,56.4608,9.46457,613.131,714.404,0,0.918925,-0.390939,0.0523721,0.999995,0.176098,0.0507474,0.652893,0.79,960.577,1124.81,1724.74,2368.97,228.962,827.718,1691.15,51.7211,2247.46,144.134,49.9386,-0.0155601,0.0750128,0.0221514,-0.0691564,0,0,0,0,0,0,0,81.6013,0,0.978159,0,0,247.694,1023.66,0,0,865.624,3528.63,0
1691509884369330274,1952,1482,469,0.759221,17.5372,31.3206,49.2579,67.1074,171.183,2.71752,246.111,496.738,977.613,1324.03,806.554,3327.53,8483.03,12647.9,1169.08,1105.58,2614.36,585.67,643.425,234.386,138621,5080.14,7155.58,2.07662,2.07702,0,0,0.0366478,0,16.0295,46.6692,103.345,865.429,1288.16,4835.95,0.0172224,0.00175406,4,4,7,0.636364,1,1.95326,1.22074,0.732527,0.0142709,0.207478,1482,0,0,0,0,0.001,0,0,0,0,0,0,0,0,0,0,0,0,0,0,0,0,0,0,0,0,0,0,0,0,0,0,0,0,0,0,0,0,0,0,0,0,17.5372,49.2579,9.8257,609.584,724.59,0,0.920463,-0.387191,0.0531967,0.999991,0.236854,0.0106446,0.818182,0.9,956.559,1110,1759.06,2385.93,224.801,812.821,1724.42,50.0113,2311.36,145.471,53.1979,0.11808,0.0554184,-0.0705334,-0.0730569,0,0,0,0,0,0,0,67.1074,0,0.991228,0,0,246.111,977.613,0,0,806.554,3327.53,0
1691509884466863958,2103,1560,543,0.741797,16.3899,30.1098,47.0988,59.6874,142.755,1.62305,250.725,475.022,927.362,1333.44,801.291,3417.59,8990.26,14897.6,1088.66,1116.93,2482.67,595.628,573.204,221.746,135274,5442.94,7768.09,12.1991,3.23598,0,0,0.0402363,0,24.0889,49.9938,110.369,913.109,1528.52,5142,7.14129e-05,2.10153e-05,2,2,8,0.8,1,1.58123,0.935018,0.646209,0.00807123,0.141817,1560,0,0,0,0,0.001,0,0,0,0,0,0,0,0,0,0,0,0,0,0,0,0,0,0,0,0,0,0,0,0,0,0,0,0,0,0,0,0,0,0,0,0,16.3899,47.0988,9.52415,607.676,704.8,0,0.918821,-0.391278,0.0516668,0.999989,0.26715,0.00640096,0.754386,0.86,939.255,1105.98,1746.68,2384.68,222.696,797.574,1716.71,54.2064,2257.15,132.233,69.0041,-0.00320171,-0.114914,-0.250957,-0.199758,0,0,0,0,0,0,0,59.6874,0,0.994231,0,0,250.725,927.362,0,0,801.291,3417.59,0
1691509884564201831,2049,1531,518,0.747194,15.3281,28.3851,47.1643,61.119,156.862,1.28844,247.824,503.54,957.475,1254.64,808.522,3383.53,9108.28,17082.6,1183.97,1164.85,2469.04,574.389,585.751,209.642,130207,5456.93,7709.29,2.07975,3.28498,0,0,0.0419096,0,20.2197,48.3386,102.782,975.531,1373.27,5189.15,0.000216806,7.07343e-05,3,3,8,0.727273,1,1.75849,1.11992,0.638575,0.0101568,0.328682,1531,0,0,0,0,0.001,0,0,0,0,0,0,0,0,0,0,0,0,0,0,0,0,0,0,0,0,0,0,0,0,0,0,0,0,0,0,0,0,0,0.00457218,3.936,6.58283,15.3996,47.171,11.9744,591.333,692.693,0,0.920467,-0.387247,0.0527244,0.99999,0.256755,0.00651147,0.818182,0.9,936.878,1103.45,1741.29,2387.26,222.767,803.097,1708.9,56.0242,2246.69,137.453,58.594,0.00677735,-0.707538,0.19596,0.377939,0,0,0,0,0,0.0034163,6.8731,61.1517,1,0.992126,65.6951,316.033,248.206,958.28,117.558,565.265,812.876,3402.18,9.20252e-05
1691509884660313398,2023,1539,484,0.760751,15.1982,28.8866,46.7955,58.767,122.392,1.48724,248.601,512.499,945.764,1228.49,787.388,3382.73,9011.64,16756.2,1138.07,1183.91,2522.16,579.576,579.375,208.209,133607,5400.22,7755.9,2.87294,1.73301,0,0,0.0404188,0,19.2649,58.1447,110.812,977.804,1495.35,5094.53,0.00728506,0.00126094,3,2,8,0.8,1,1.6936,1.10205,0.591546,0.013678,0.440823,1539,0,0,0,0,0.001,0,0,0,0,0,0,0,0,0,0,0,0,0,0,0,0,0,0,0,0,0,0,0,0,0,0,0,0,0,0,0,0,0,0.0175439,9.52165,18.7877,15.4214,46.9804,12.5871,566.765,674.648,0,0.919016,-0.390659,0.0528726,0.999993,0.212651,0.026111,0.801802,0.89,924.496,1105.12,1748.86,2380.18,233.438,823.688,1729.89,47.3179,2176.11,143.203,66.7562,0.245981,-0.253245,-0.186339,0.190722,0,0,0,0,0,0.0133465,38.3361,59.0581,1,0.998677,79.6642,599.741,251.996,948.611,138.446,1046.42,810.539,3439.44,0.00128888
1691509884757084789,2207,1744,462,0.790213,16.4732,30.3438,48.4737,62.7416,124.062,1.73264,245.248,487.388,920.77,1234.99,800.65,3199.49,8587.51,22877.5,1266.31,1225.78,2311.3,590.813,566.904,270.216,132393,5892.4,8629.19,1.39552,1.40014,0,0,0.0445067,0,17.6975,82.1666,131.457,1270.91,1603.38,5523.59,0.0238294,0.00158933,8,7,9,0.5625,1,1.98524,1.20508,0.780159,0.00737828,0.274067,1744,0,0,0,0,0.001,0,0,0,0,0,0,0,0,0,0,0,0,0,0,0,0,0,0,0,0,0,0,0,0,0,0,0,0,0,0,0,0,0,0.0315367,15.0705,34.0929,16.5284,48.7049,10.3071,555.442,702.251,0,0.920031,-0.388506,0.0510462,0.999995,0.171911,0.0285438,0.754386,0.86,891.611,1065.21,1744.43,2366.11,229.129,799.906,1705.46,53.6197,2140.18,159.025,76.7309,-0.156439,-0.190192,0.114615,0.200618,0,0,0,0,0,0.0249207,45.6867,62.9637,1,0.988751,379.735,1149.82,244.099,901.077,675.062,1935.06,804.749,3304.25,0.00730031
1691509884855057319,2029,1692,337,0.833908,16.9199,31.8847,46.0596,57.8529,171.504,2.50662,246.126,500.4,987.065,1290.44,825.391,3363.36,9507.39,22342.9,1341.86,1188.47,2568.45,621.515,624.985,287.487,132595,6363.71,9104.36,3.4477,2.87439,0,0,0.0479934,0,25.2388,86.8971,135.504,1292.96,1524.3,6039.46,0.0106591,0.00121649,2,1,8,0.888889,1,1.71385,0.990589,0.723261,0.00431346,0.041845,1692,0,0,0,0,0.001,0,0,0,0,0,0,0,0,0,0,0,0,0,0,0,0,0,0,0,0,0,0,0,0,0,0,0,0,0,0,0,0,0,0.0484634,13.4804,41.0071,17.1634,46.3018,10.1183,550.179,705.703,0,0.918397,-0.392182,0.0523456,0.999991,0.242217,0.0230819,0.769912,0.87,933.559,1103.67,1753.25,2361.04,233.456,817.829,1719.26,47.3775,2001.86,174.752,84.0412,0.105057,-0.201184,0.193767,0.142662,0,0,0,0,0,0.040414,60.3515,57.7248,1,0.992547,381.627,1159.64,244.898,939.841,664.758,1999.12,837.225,3411.2,0.012758
1691509884953702640,1986,1664,321,0.837865,17.4057,32.292,49.9094,63.8144,131.041,2.86628,251.182,485.157,967.651,1239.13,820.659,3209.53,9211.05,16191.9,1322.56,1090.04,2323.82,564.796,571.182,293.345,139764,5651.3,8274.18,16.3997,8.66757,0,0,0.0404346,0,19.2824,93.7959,124.185,1248.28,1482.31,5306.33,0.000115399,5.38541e-05,2,2,8,0.8,1,1.87411,1.06479,0.809325,0.0122381,0.238178,1664,0,0,0,0,0.001,0,0,0,0,0,0,0,0,0,0,0,0,0,0,0,0,0,0,0,0,0,0,0,0,0,0,0,0,0,0,0,0,0,0.0679087,9.81983,39.5582,17.9207,50.5402,10.0928,554.108,715.799,0,0.917578,-0.39397,0.0532775,0.999998,0.124707,0.0276817,0.754386,0.86,912.351,1109.73,1757.9,2375.64,227.224,786.647,1717.9,47.8226,1958.37,150.392,78.0459,-0.0806482,-0.866398,-0.456208,0.510403,0,0,0,0,0,0.0568983,50.5118,65.785,1,0.987105,337.424,1134.01,250.473,898.659,556.986,1914.36,833.05,3371.64,0.0168064
1691509885053152512,1867,1579,288,0.845742,17.8882,30.969,45.9924,60.6114,166.062,5.67974,261.388,500.746,972.699,1236.26,818.152,3279.88,8531.69,20997.1,1369.85,951.178,2375.63,530.422,581.022,356.788,139030,4960.05,7681.86,4.06348,2.66862,0,0,0.035676,0,27.6518,94.2837,123.788,1422.11,1511.95,4502.07,0.000143314,5.1833e-05,3,3,8,0.727273,1,1.86461,1.10813,0.756487,0.00750819,0.195272,1579,0,0,0,0,0.001,0,0,0,0,0,0,0,0,0,0,0,0,0,0,0,0,0,0,0,0,0,0,0,0,0,0,0,0,0,0,0,0,0,0.0778974,7.98603,40.2464,18.4918,46.1193,9.16538,593.68,725.154,0,0.917336,-0.394673,0.0522223,0.999999,0.0739411,0.077425,0.724138,0.84,901.64,1118.57,1758.59,2364.53,220.263,776.874,1705.01,44.5277,2043.17,146.807,82.5166,-0.177979,-0.122479,0.199875,0.343507,0,0,0,0,0,0.0658811,53.3666,61.0554,1,0.98283,155.918,1227.9,266.104,939.67,269.158,2072.22,844.022,3384.63,0.019308
1691509885154439386,1943,1547,395,0.796191,15.5698,29.2536,44.6718,61.2992,174.211,4.24118,264.413,487.193,914.868,1228.1,710.115,2847.89,7047,13246.8,1395.33,810.371,2082.55,466.02,563.68,325.724,133347,3537.99,5406.24,4.31141,4.28577,0,0,0.0265323,0,28.6909,92.1419,109.118,683.236,1262.76,3230.29,0.0746895,0.0119783,8,7,11,0.611111,1,1.8051,1.05492,0.75018,0.0119234,0.1037,1547,0,0,0,0,0.001,0,0,0,0,0,0,0,0,0,0,0,0,0,0,0,0,0,0,0,0,0,0,0,0,0,0,0,0,0,0,0,0,0,0.0749838,10.2859,40.1563,15.9552,44.8855,12.6245,590.928,718.447,0,0.919075,-0.390354,0.054078,0.999987,0.287157,0.00676247,0.639344,0.78,863.978,1104.18,1759.59,2280.72,208.368,744.963,1694.22,47.2244,2036.94,133.812,75.1187,0.0789911,0.2198,-0.0955601,-0.220128,0,0,0,0,0,0.0597015,51.814,63.024,1,0.979036,200.915,1217.49,267.685,882.903,340.801,2107.2,723.557,2948.21,0.0295979
1691509885255678669,2172,1613,559,0.742634,15.1114,29.196,48.588,67.0322,154.445,4.5087,265.854,502.806,916.608,1195.09,701.67,2625.23,6091.8,12535.4,1155.31,896.485,1841.57,464.761,546.746,341.334,123571,2765.08,4578.24,2.26999,2.16079,0,0,0.0223764,0,30.7597,87.3548,121.515,939.787,1005.47,2393.36,0.02171,0.00228353,3,2,8,0.8,1,1.60095,0.843502,0.757452,0.0131209,0.226184,1613,0,0,0,0,0.001,0,0,0,0,0,0,0,0,0,0,0,0,0,0,0,0,0,0,0,0,0,0,0,0,0,0,0,0,0,0,0,0,0,0.0526968,9.66433,46.9245,15.3432,48.558,9.07605,524.227,691.697,0,0.918164,-0.392645,0.0529596,0.999996,0.155126,0.0471436,0.639344,0.78,793.433,1025.43,1741.09,2362.8,200.449,713.637,1728.57,44.2105,2010.66,149.214,76.5029,0.155036,-0.00100452,-0.344663,0.17778,0,0,0,0,0,0.0391344,56.5399,68.036,1,0.986257,396.162,1110.01,264.409,871.703,667.702,1905.89,701.788,2660.77,0.026147
1691509885357344711,2234,1747,485,0.782005,15.3517,28.8785,44.4722,54.2904,162.357,3.94892,249.604,513.68,940.707,1222.02,712.456,2697.51,6549.35,10995.6,1175.79,1008.65,1773.22,460.968,529.372,381.427,115132,3169.6,5420.39,5.62389,3.61283,0,0,0.0275301,0,23.7028,105.111,131.047,1196.15,1378.6,2585.78,0.000566395,8.45185e-05,3,3,8,0.727273,1,1.99147,1.32232,0.669148,0.011686,0.350005,1747,0,0,0,0,0.001,0,0,0,0,0,0,0,0,0,0,0,0,0,0,0,0,0,0,0,0,0,0,0,0,0,0,0,0,0,0,0,0,0,0.0309101,6.6045,46.5802,15.5514,44.4486,9.80939,481.699,632.492,0,0.918718,-0.391241,0.0537413,0.999999,0.0973781,0.0185083,0.709402,0.83,790.038,1054.78,1726.3,2361.57,216.738,745.753,1707.19,53.7743,2309.55,169.417,90.9948,0.0593911,-0.446463,-0.322005,0.204476,0,0,0,0,0,0.0241719,54.9141,53.6014,1,0.992912,165.904,1138.55,250.904,922.704,289.148,1974.88,719.397,2734.99,0.0138137
1691509885459088867,2100,1804,294,0.859048,16.3252,30.9014,47.7139,61.5139,145.248,2.34931,252.432,531.244,1018.03,1332.77,780.129,3145.94,8558.23,13965.4,1274.17,1142.6,2162.55,519.307,602.683,382.496,115658,5197.13,8107.02,4.14808,2.94037,0,0,0.0449355,0,25.2199,115.252,153.162,1323.58,1802.32,4687.5,0.00882466,0.00114437,3,2,11,0.846154,1,1.70026,0.926654,0.77361,0.0133678,0.144089,1804,0,0,0,0,0.001,0,0,0,0,0,0,0,0,0,0,0,0,0,0,0,0,0,0,0,0,0,0,0,0,0,0,0,0,0,0,0,0,0,0.0210643,4.81736,29.5109,16.6643,48.0857,5.81734,544.587,650.596,0,0.91925,-0.390163,0.0524664,0.999998,0.100437,0.0147615,0.680672,0.81,876.213,1124.17,1864.64,2355.99,226.835,768.349,1823.63,45.7791,2368.92,189.05,99.514,0.107027,0.021518,-0.626864,-0.0112255,0,0,0,0,0,0.0180952,36.541,61.5714,1,0.994337,72.1333,697.534,254.934,1022.68,128.386,1227.14,791.63,3157.59,0.00282597
1691509885561770190,2189,1937,252,0.884879,15.4025,29.352,45.7416,56.6313,145.644,0.743402,250.342,562.707,1042.42,1300.52,780.845,3144.67,8596.35,14256.9,1179.73,1394.69,2247.54,585.876,605.797,389.595,141358,5823.24,9095.79,8.39618,6.16036,0,0,0.041195,0,28.3253,137.349,193.48,1632.91,1826.29,5277.44,0.00015161,0.000120979,3,2,9,0.818182,1,1.83676,1.11105,0.725712,0.0100858,0.275009,1937,0,0,0,0,0.001,0,0,0,0,0,0,0,0,0,0,0,0,0,0,0,0,0,0,0,0,0,0,0,0,0,0,0,0,0,0,0,0,0,0.0041301,5.06625,10.906,15.4817,45.8677,8.04484,553.966,689.99,0,0.919991,-0.388286,0.053393,0.999998,0.12719,0.0053296,0.801802,0.89,892.198,1184.35,1849.91,2348.14,230.014,779.477,1745.16,50.9916,2226.74,235.269,124.585,-0.231703,0.190556,0.249444,0.0924092,0,0,0,0,0,0.00365464,12.1432,56.6762,1,0.997926,40.4466,86.629,251.823,1044.98,72.5619,155.274,783.956,3148.02,8.83856e-06
1691509885664324179,2131,1870,260,0.877522,16.2793,29.0134,46.5442,59.508,164.081,0.334848,266.617,585.811,1044.19,1339.63,852.476,3225,8297.8,16249.4,994.728,1471.28,2279.19,629.314,622.68,375.291,151111,5577.44,8722.01,2.87395,3.25285,0,0,0.0369097,0,28.1159,141.483,195.045,1590.37,1706.66,5060.34,0.0062531,0.0012808,4,4,10,0.714286,1,2.11576,1.34624,0.769528,0.00560972,0.195325,1870,0,0,0,0,0.001,0,0,0,0,0,0,0,0,0,0,0,0,0,0,0,0,0,0,0,0,0,0,0,0,0,0,0,0,0,0,0,0,0,0,0,0,16.2793,46.5442,11.8648,578.611,719.524,0,0.919699,-0.388958,0.0535286,1,0.0427004,0.00550523,0.801802,0.89,887.258,1173.47,1950.53,2390.53,228.229,746.854,1778.1,48.9741,2319.87,232.741,126.605,0.407461,0.46211,0.246505,-0.461469,0,0,0,0,0,0,0,59.508,0,0.996257,0,0,266.617,1044.19,0,0,852.476,3225,0
1691509885767456304,2181,1957,224,0.897295,16.2062,28.9774,45.8139,58.9434,140.479,-1.12161,252.395,577.57,1040.54,1323.15,835.113,3222.02,8437.89,19441.1,914.688,1562.07,2208.81,623.05,615.478,394.792,154871,6347.45,9493.82,3.05201,2.21065,0,0,0.0409855,0,27.2334,150.023,186.561,1335.24,1888.64,5906.12,0.0253378,0.000809087,4,3,10,0.769231,1,2.32664,1.53,0.796636,0.0141378,0.284792,1957,0,0,0,0,0.001,0,0,0,0,0,0,0,0,0,0,0,0,0,0,0,0,0,0,0,0,0,0,0,0,0,0,0,0,0,0,0,0,0,0,0,0,16.2062,45.8139,11.103,567.716,715.182,0,0.920248,-0.387259,0.0563415,0.999994,0.190915,0.0341886,0.801802,0.89,869.451,1142.32,1864.58,2530.09,237.668,746.974,1764.89,58.5629,2280.16,228.107,129.191,0.422246,0.653679,-0.390434,-0.527642,0,0,0,0,0,0,0,58.9434,0,0.993868,0,0,252.395,1040.54,0,0,835.113,3222.02,0
1691509885871409744,2074,1889,185,0.9108,17.0376,29.4924,45.7493,59.621,149.264,0.15937,247.87,560.585,1069.99,1342.52,823.219,3232.22,7201.99,14640.9,878.482,1549.93,2225.71,625.366,595.43,393.501,151533,4983.2,7995.93,3.76437,3.69563,0,0,0.0328851,0,34.7255,164.398,179.144,1358.77,1837.39,4421.51,0.0100002,0.00153698,6,6,9,0.6,1,2.30767,1.48855,0.819111,0.00759407,0.571991,1889,0,0,0,0,0.001,0,0,0,0,0,0,0,0,0,0,0,0,0,0,0,0,0,0,0,0,0,0,0,0,0,0,0,0,0,0,0,0,0,0,0,0,17.0376,45.7493,13.7112,557.968,686.321,0,0.922031,-0.383618,0.051931,0.999982,0.343222,0.0183785,0.818182,0.9,884.41,1137.02,1870.77,2620.53,240.69,745.143,1730.9,58.5885,2211.07,233.544,149.698,0.499339,-0.591676,-0.055415,0.349178,0,0,0,0,0,0,0,59.621,0,0.992059,0,0,247.87,1069.99,0,0,823.219,3232.22,0
1691509885974218835,2120,1866,253,0.880189,16.1321,29.3032,46.2933,60.9456,121.412,-1.16505,237.82,555.956,1089.63,1353.76,793.549,3127.66,7606.22,15626.3,930.501,1478.85,2182.07,672.404,636.028,384.014,151330,5184.39,7946.38,8.56305,3.06565,0,0,0.0342588,0,30.3375,154.837,195.013,1128.08,1666.99,4771.11,0.0180122,0.00155406,3,2,8,0.8,1,2.05352,1.28893,0.764598,0.00937303,0.326185,1866,0,0,0,0,0.001,0,0,0,0,0,0,0,0,0,0,0,0,0,0,0,0,0,0,0,0,0,0,0,0,0,0,0,0,0,0,0,0,0,0,0,0,16.1321,46.2933,12.326,588.586,712.088,0,0.919863,-0.388912,0.0509809,0.999983,0.332237,0.0223696,0.801802,0.89,881.103,1159.15,1893.49,2684.7,232.02,714.149,1738.54,52.7437,2333.6,249.41,136.766,0.19038,-0.213117,-0.133808,0.260833,0,0,0,0,0,0,0,60.9456,0,0.994641,0,0,237.82,1089.63,0,0,793.549,3127.66,0
1691509886075402165,2172,1912,259,0.880295,15.3453,28.0663,46.311,61.463,162.386,-0.667176,248.397,585.428,1101.88,1356.75,838.003,3210.78,7880.32,15254.8,1088.67,1494.04,2343.37,667.726,616.759,400.195,148242,5596.6,8783.66,1.85901,2.25168,0,0,0.0377531,0,30.5517,161.433,216.319,1524.68,1773.42,5077.25,0.00233692,0.000331277,4,4,8,0.666667,1,1.91906,1.11379,0.805277,0.0124102,0.208332,1912,0,0,0,0,0.001,0,0,0,0,0,0,0,0,0,0,0,0,0,0,0,0,0,0,0,0,0,0,0,0,0,0,0,0,0,0,0,0,0,0,0,0,15.3453,46.311,10.2625,599.205,711.532,0,0.920554,-0.387221,0.0513785,0.999998,0.10714,0.00476972,0.801802,0.89,869.609,1101.47,1883.92,2753.81,232.665,722.183,1708.67,52.0015,2485.6,257.974,138.782,-0.104582,-0.18602,0.0951368,0.269483,0,0,0,0,0,0,0,61.463,0,0.992155,0,0,248.397,1101.88,0,0,838.003,3210.78,0
1691509886175389984,2289,1983,303,0.866317,15.8704,31.3832,49.1972,64.6975,139.644,0.0302782,248.067,572.198,1073.78,1392.66,864.454,3364.97,8766.14,15031.1,1252.94,1604.51,2276.62,660.529,572.677,474.978,143568,6870.54,10180.1,2.00252,1.98488,0,0,0.0478557,0,39.0182,175.683,221.124,1574.18,1711.29,6458.83,0.000830743,9.4798e-05,4,4,8,0.666667,1,2.04088,1.08317,0.957708,0.00738708,0.148956,1983,0,0,0,0,0.001,0,0,0,0,0,0,0,0,0,0,0,0,0,0,0,0,0,0,0,0,0,0,0,0,0,0,0,0,0,0,0,0,0,0,0,0,15.8704,49.1972,9.4846,591.211,689.305,0,0.919529,-0.389557,0.0520687,0.999997,0.151458,0.0751163,0.851852,0.92,862.187,1102.66,2017.83,2873.12,232.443,699.084,1738.2,46.9142,2621.19,282.292,141.596,0.0865099,0.0142882,-0.0423208,-0.0698895,0,0,0,0,0,0,0,64.6975,0,0.988401,0,0,248.067,1073.78,0,0,864.454,3364.97,0
1691509886274384045,2271,1979,289,0.871422,17.2397,33.9177,59.7709,80.0457,162.4,-0.631645,234.547,525.13,1031.6,1330.58,826.689,3187.85,8006.76,15371.5,1304.86,1569.23,2151.68,576.511,491.839,471.494,151334,5987.57,8955.38,3.54782,3.24698,0,0,0.0395652,0,25.5742,174.946,207.187,1396.15,1544.1,5607.44,0.0584428,0.00205824,3,3,7,0.7,1,2.43206,1.14711,1.28495,0.0146743,0.236095,1979,0,0,0,0,0.001,0,0,0,0,0,0,0,0,0,0,0,0,0,0,0,0,0,0,0,0,0,0,0,0,0,0,0,0,0,0,0,0,0,0,0,0,17.2397,59.7709,11.066,594.967,688.967,0,0.919522,-0.389709,0.0510427,0.999999,0.0594327,0.0282117,0.869159,0.93,859.892,1099.25,1844.01,2933.36,230.27,706.754,1734.5,55.0172,2737.65,261.204,144.73,0.165591,-0.233918,-0.222284,0.198218,0,0,0,0,0,0,0,80.0457,0,0.979282,0,0,234.547,1031.6,0,0,826.689,3187.85,0
1691509886373445169,2346,2006,339,0.855072,18.2675,34.9295,60.0395,81.6362,181.111,0.285293,231.425,502.609,1016.47,1333.17,845.467,3254.48,8242.66,15491.7,1276.45,1529.9,2230.7,578.127,513.702,457.188,157602,6688.41,9808.11,3.55258,3.53403,0,0,0.0424387,0,25.5678,158.369,219.033,1276.59,1828.8,6299.75,0.00955955,0.000817748,5,4,12,0.75,1,2.64037,1.27306,1.36731,0.0141515,0.343212,2006,0,0,0,0,0.001,0,0,0,0,0,0,0,0,0,0,0,0,0,0,0,0,0,0,0,0,0,0,0,0,0,0,0,0,0,0,0,0,0,0.000498504,9.16299,9.16299,18.282,60.0666,10.5035,615.372,715.125,0,0.920009,-0.388624,0.0505344,0.999999,0.0741046,0.0114717,0.785714,0.88,830.12,1099.65,1734.2,2962.38,228.431,684.379,1670.99,51.7435,2857.44,253.042,136.764,0.156741,0.337577,0.275896,-0.269843,0,0,0,0,0,0.000426257,9.16299,81.6366,1,0.976559,70.5224,70.5224,231.476,1016.6,115.328,115.328,845.624,3255.18,1.35608e-06
1691509886471330442,2152,1876,275,0.871747,16.6601,31.7545,53.3709,69.7358,200.115,-1.28856,234.269,535.006,1045.72,1339.94,801.664,3171.69,7779.7,15310.4,1266.52,1508.55,2168.69,654.297,550.315,457.95,144026,6192.12,8769.18,3.71415,3.67661,0,0,0.042993,0,28.3834,146.265,207.759,1136.4,1312.01,5938.36,0.818327,0.00409344,5,5,0,0,1,2.36132,1.38905,0.972275,0.0139315,0.326502,1876,0,0,0,0,0.001,0,0,0,0,0,0,0,0,0,0,0,0,0,0,0,0,0,0,0,0,0,0,0,0,0,0,0,0,0,0,0,0,0,0.00159915,2.63519,5.70326,16.7767,53.3959,10.7682,626.776,712.456,0,0.920859,-0.386457,0.0516749,0.999997,0.148496,0.0973253,0.818182,0.9,834.252,1108.3,1733.25,3006.74,227.374,690.081,1662.76,48.4835,2775.77,276.86,121.664,-0.0762873,0.790456,0.103307,-0.793136,0,0,0,0,0,0.00139405,6.08677,69.7572,1,0.991458,23.8745,29.8281,234.492,1045.83,40.3778,51.3024,807.79,3173.08,5.40638e-07
1691509886568857226,2107,1812,290,0.859991,15.7539,31.3129,52.7306,69.5263,210.387,-3.30438,236.484,554.295,1064.21,1363.56,759.306,3178.97,8657.08,15539.1,1256.96,1250.94,2212.96,596.736,608.503,463.834,128627,6073.1,8607.29,2.68325,2.70165,0,0,0.0472146,0,32.5325,142.35,199.488,1110.31,1300.46,5822.15,0.00768321,0.00114815,4,4,7,0.636364,1,2.16099,1.23923,0.921758,0.00258636,0.36824,1812,0,0,0,0,0.001,0,0,0,0,0,0,0,0,0,0,0,0,0,0,0,0,0,0,0,0,0,0,0,0,0,0,0,0,0,0,0,0,0,0.00110375,3.65181,4.85705,15.7809,52.7759,10.0907,595.397,679.513,0,0.919633,-0.38963,0.0496366,0.999992,0.227208,0.00724567,0.801802,0.89,809.812,1072.53,1722.72,3026.52,231.09,701.973,1664.85,47.8273,2637.88,266.301,151.317,-0.236163,-0.197789,0.125455,0.106592,0,0,0,0,0,0.000949217,5.0077,69.5357,1,0.992265,79.8518,79.9662,236.741,1064.35,128.714,128.845,759.712,3179.72,3.84958e-06
1691509886666533066,2004,1744,254,0.870259,15.9066,29.989,48.9154,63.9584,166.916,-2.51001,239.849,532.558,1050.69,1334.56,755.625,3034.49,7880.07,15234.5,1202.23,1083.21,2123.96,496.017,604.302,470.268,123062,5061.88,7575.08,3.87866,3.87165,0,0,0.0411327,0,19.6501,117.76,209.333,982.55,1526.92,4718.86,0.0351704,0.00468671,6,6,12,0.666667,1,1.97228,1.16992,0.802362,0.00456514,0.367392,1744,0,0,0,0,0.001,0,0,0,0,0,0,0,0,0,0,0,0,0,0,0,0,0,0,0,0,0,0,0,0,0,0,0,0,0,0,0,0,0,0,0,0,15.9066,48.9154,8.8423,558.117,665.04,0,0.918206,-0.39232,0.0546167,0.999983,0.334423,0.101703,0.869159,0.93,797.807,1077.88,1674.06,3010.94,237.056,712.053,1654.77,43.5517,2638.29,255.699,146.113,0.0959945,0.245973,0.0594737,-0.240675,0,0,0,0,0,0,0,63.9584,0,0.991399,0,0,239.849,1050.69,0,0,755.625,3034.49,0
1691509886763816879,2020,1793,222,0.887624,15.5502,28.889,48.2985,65.6677,161.118,-2.61916,240.408,495.881,992.884,1336.83,748.645,2969.64,7527.23,13758.6,1085.65,1067.07,2114.4,464.885,573.114,379.366,122385,4787.17,7303.45,2.85422,2.85575,0,0,0.0391158,0,31.8482,126.733,188.428,1016.96,1522.08,4417.41,0.0402594,0.00315311,4,3,8,0.727273,1,1.7397,0.933021,0.806679,0.00796164,0.393374,1793,0,0,0,0,0.001,0,0,0,0,0,0,0,0,0,0,0,0,0,0,0,0,0,0,0,0,0,0,0,0,0,0,0,0,0,0,0,0,0,0,0,0,15.5502,48.2985,8.58021,562.907,657.513,0,0.918538,-0.391998,0.0512323,0.999994,0.195718,0.028252,0.818182,0.9,797.2,1072.68,1723.13,3028.49,243.884,713.929,1661.71,43.9125,2507.16,234.676,139.643,0.349052,0.000555478,-0.343217,-0.00159193,0,0,0,0,0,0,0,65.6677,0,0.99275,0,0,240.408,992.884,0,0,748.645,2969.64,0
1691509886860896908,1962,1777,183,0.905708,15.1831,28.7349,48.1221,67.8095,149.929,-2.92064,244.094,554.851,1079.75,1323.94,796.458,3063.96,8089.39,15751.7,1054.16,1207.21,2276.72,483.794,656.084,411.951,129660,5306.87,8163.87,1.70915,1.23981,0,0,0.0409291,0,20.8344,141.53,202.882,1294.06,1628.71,4875.86,0.0125495,0.00145231,3,3,7,0.7,1,2.00408,1.1709,0.833179,0.00671417,0.354679,1777,0,0,0,0,0.001,0,0,0,0,0,0,0,0,0,0,0,0,0,0,0,0,0,0,0,0,0,0,0,0,0,0,0,0,0,0,0,0,0,0,0,0,15.1831,48.1221,10.0661,550.983,690.951,0,0.919664,-0.389129,0.052882,0.999994,0.200295,0.103471,0.818182,0.9,834.146,1097.1,1724.45,3068.92,242.997,724.094,1661.75,44.7718,2360.32,251.925,134.927,0.317684,-0.169626,-0.207821,0.0177643,0,0,0,0,0,0,0,67.8095,0,0.986494,0,0,244.094,1079.75,0,0,796.458,3063.96,0
1691509886958667414,2023,1925,97,0.951557,15.2138,29.1536,48.2932,63.5084,140.196,-2.21314,244.416,526.655,1073.16,1395.8,794.907,3068.44,8251.17,17219.2,984.068,1306.18,2250.42,503.017,596.477,398.64,127146,6024.65,9038.37,2.75891,2.66521,0,0,0.0473838,0,27.8082,167.336,184.181,1345.39,1697.38,5616.28,0.0800226,0.0046423,4,4,7,0.636364,1,1.99194,1.15406,0.83788,0.0059933,0.309661,1925,0,0,0,0,0.001,0,0,0,0,0,0,0,0,0,0,0,0,0,0,0,0,0,0,0,0,0,0,0,0,0,0,0,0,0,0,0,0,0,0,0,0,15.2138,48.2932,9.78753,534.331,693.881,0,0.919859,-0.388555,0.0537012,0.999999,0.0583735,0.0256889,0.818182,0.9,863.448,1137.07,1792.16,3076.81,251.253,742.119,1723.49,49.3703,2404.63,239.469,150.597,0.280321,-0.0779148,-0.293234,0.105991,0,0,0,0,0,0,0,63.5084,0,0.993766,0,0,244.416,1073.16,0,0,794.907,3068.44,0
1691509887055997467,2122,1996,126,0.940622,16.3727,30.4548,50.3374,64.73,164.729,0.132407,240.108,546.337,1116.41,1384.2,751.202,3134.78,7705.96,16235.4,1046.92,1418.53,2268.67,534.948,628.87,380.795,130655,5512.75,8600.41,5.01079,4.89769,0,0,0.0421931,0,26.4538,158.417,201.156,1447.98,1749.89,5016.52,0.106961,0.0148019,4,3,8,0.727273,1,2.02229,1.04742,0.974868,0.0163427,0.444197,1996,0,0,0,0,0.001,0,0,0,0,0,0,0,0,0,0,0,0,0,0,0,0,0,0,0,0,0,0,0,0,0,0,0,0,0,0,0,0,0,0,0,0,16.3727,50.3374,9.55763,581.971,673.471,0,0.920967,-0.386206,0.0516219,0.999994,0.190615,0.0646981,0.834862,0.91,871.952,1146.86,1912.34,3125.62,250.259,757.415,1782.74,45.1034,2353.93,285.528,146.72,0.314057,0.00433806,-0.332423,0.0265048,0,0,0,0,0,0,0,64.73,0,0.986473,0,0,240.108,1116.41,0,0,751.202,3134.78,0
1691509887153893603,2043,1939,103,0.949094,14.8437,28.357,45.9998,59.2479,137.122,0.156963,251.985,559.796,1069.09,1428.56,793.834,3143.54,8378.22,19091.7,1205.6,1340.76,2253,591.665,643.787,414.765,137779,6014.31,9030.77,2.3941,2.38944,0,0,0.0436518,0,28.1221,159.758,209.535,1314.69,1711.02,5607.65,0.0233908,0.00610044,5,4,10,0.714286,1,1.81953,1.05823,0.761309,0.0133374,0.360313,1939,0,0,0,0,0.001,0,0,0,0,0,0,0,0,0,0,0,0,0,0,0,0,0,0,0,0,0,0,0,0,0,0,0,0,0,0,0,0,0,0,0,0,14.8437,45.9998,8.51434,586.945,689.54,0,0.919073,-0.390727,0.0513526,0.999988,0.281226,0.00814652,0.785714,0.88,939.435,1232.58,2022.51,3141.44,247.641,768.109,1837.47,43.9112,2488.86,266.872,143.107,-0.0180742,0.117143,0.0319321,-0.119293,0,0,0,0,0,0,0,59.2479,0,0.994327,0,0,251.985,1069.09,0,0,793.834,3143.54,0
1691509887253119327,2202,2083,118,0.945958,15.6938,28.8895,44.7963,59.5437,196.271,-0.50104,240.001,537.967,1108.55,1418.13,746.308,3082.93,7392.97,17272.9,1225.85,1208.26,2191.1,669.051,630.636,450.313,147806,5755.39,8729.86,3.21305,3.21347,0,0,0.0389388,0,32.5935,168.968,225.411,1159.4,1813.18,5330.31,5.53555,0.0127938,6,6,0,0,1,1.91108,1.00998,0.9011,0.0312232,0.22248,2083,0,0,0,0,0.001,0,0,0,0,0,0,0,0,0,0,0,0,0,0,0,0,0,0,0,0,0,0,0,0,0,0,0,0,0,0,0,0,0,0,0,0,15.6938,44.7963,7.65841,611.373,718.969,0,0.919003,-0.39084,0.0517369,1,0.0233063,0.0089842,0.769912,0.87,859.239,1186.29,1940.81,3218.05,238.701,713.547,1780.19,41.8174,2496.96,282.394,156.669,0.203587,-0.880901,-0.203553,0.880912,0,0,0,0,0,0,0,59.5437,0,0.989918,0,0,240.001,1108.55,0,0,746.308,3082.93,0
1691509887353061688,2088,1984,104,0.950192,15.7609,29.6003,46.4824,58.7775,153.636,0.953728,250.534,597.685,1189.35,1468.93,741.425,3095.14,8922.91,16911.5,1475.97,1060.2,2196.97,651.818,632.025,539.43,158676,5832.44,9228.53,4.26739,4.26819,0,0,0.0367569,0,29.5312,190.473,252.603,1576.18,1907.95,5271.79,0.806202,0.0174012,5,5,0,0,1,2.12525,1.27198,0.853272,0.0145983,0.313601,1984,0,0,0,0,0.001,0,0,0,0,0,0,0,0,0,0,0,0,0,0,0,0,0,0,0,0,0,0,0,0,0,0,0,0,0,0,0,0,0,0,0,0,15.7609,46.4824,7.83491,643.858,735.308,0,0.917933,-0.393309,0.0520189,0.999996,0.155024,0.0507889,0.801802,0.89,906.753,1199.45,1891.89,3230.52,234.431,726.25,1760.43,48.8247,2543.61,299.73,186.798,0.0910547,-0.718203,-0.0911182,0.718147,0,0,0,0,0,0,0,58.7775,0,0.990423,0,0,250.534,1189.35,0,0,741.425,3095.14,0
1691509887455089064,2217,2001,216,0.902571,15.0405,26.1395,40.6963,56.8239,169.209,3.2126,243.271,549.402,1160.92,1446.52,646.777,2860.86,5597.09,13240.1,1418.9,825.749,1807.71,548.24,522.495,561.665,139907,3457.21,5828.03,3.30816,3.27497,0,0,0.0247108,0,29.9225,168.829,213.937,876.839,1633.15,2905.35,0.088953,0.00942399,4,3,10,0.769231,1,1.8244,1.0634,0.761008,0.0104779,0.183305,2001,0,0,0,0,0.001,0,0,0,0,0,0,0,0,0,0,0,0,0,0,0,0,0,0,0,0,0,0,0,0,0,0,0,0,0,0,0,0,0,0,0,0,15.0405,40.6963,6.17028,603.628,730.202,0,0.917438,-0.394382,0.052638,0.999999,0.0764179,0.0578474,0.5625,0.72,791.406,1051.78,1711.16,3270.88,225.202,644.426,1656.74,38.8357,2384.14,272.215,198.058,0.104268,0.147973,-0.0560035,-0.144183,0,0,0,0,0,0,0,56.8239,0,0.989505,0,0,243.271,1160.92,0,0,646.777,2860.86,0
1691509887557519342,2285,2078,207,0.909409,14.6746,25.8214,41.2568,54.1447,172.625,2.57771,246.089,540.503,1168.35,1435.91,664.28,2770.49,5555.3,16769.8,1344.27,1001.98,1780.08,555.205,539.209,510.213,117713,3683.36,6198.45,1.5047,2.30698,0,0,0.0312911,0,28.3757,170.512,239.361,1050.11,1553.56,3156.53,0.00234554,0.000380617,4,4,8,0.666667,1,1.86968,1.0687,0.800975,0.0222727,0.145973,2078,0,0,0,0,0.001,0,0,0,0,0,0,0,0,0,0,0,0,0,0,0,0,0,0,0,0,0,0,0,0,0,0,0,0,0,0,0,0,0,0,0,0,14.6746,41.2568,7.85843,526.615,693.526,0,0.919066,-0.390554,0.0527738,0.999991,0.238436,0.120847,0.785714,0.88,791.263,1061.61,1779.25,3314.3,235.327,680.05,1686.88,48.0362,2533.53,328.258,179.736,0.231248,0.412385,-0.128938,-0.44399,0,0,0,0,0,0,0,54.1447,0,0.986044,0,0,246.089,1168.35,0,0,664.28,2770.49,0
1691509887660576678,2313,2241,72,0.968872,15.8421,29.6853,48.8757,63.8552,158.575,0.574597,238.598,544.191,1148.41,1448.9,691.095,2900.29,6418.79,18754.9,1280.47,1111.85,1935.35,611.819,626.309,453.585,122255,5394.1,8342.3,6.63676,6.54856,0,0,0.0441218,0,29.8993,184.205,253.78,1135.58,1788.02,4950.81,0.00816502,0.00232782,6,5,11,0.6875,1,2.20562,1.17043,1.03519,0.0190837,0.169242,2241,0,0,0,0,0.001,0,0,0,0,0,0,0,0,0,0,0,0,0,0,0,0,0,0,0,0,0,0,0,0,0,0,0,0,0,0,0,0,0,0,0,0,15.8421,48.8757,8.78827,573.395,675.817,0,0.91965,-0.389177,0.0527818,0.999999,0.0857114,0.0173681,0.652893,0.79,905.139,1213.24,1968.57,3371.64,244.587,753.256,1807.59,50.0943,2725.95,317.057,159.906,-0.0281603,0.574604,-0.131669,-0.457842,0,0,0,0,0,0,0,63.8552,0,0.989737,0,0,238.598,1148.41,0,0,691.095,2900.29,0
1691509887764128032,2294,2232,62,0.972973,15.4186,27.9993,44.0239,57.968,162.198,-0.520866,236.882,517.301,1141.29,1388.98,715.634,2901.99,6753.01,15693.3,999.634,1210.78,1985.24,603.051,648.568,454.92,150362,5168.23,8064.18,2.54427,3.38592,0,0,0.034372,0,35.934,183.749,255.479,1183.54,1670.68,4734.8,0.000390296,5.68397e-05,3,2,9,0.818182,1,2.1558,1.27901,0.876785,0.0179834,0.148426,2232,0,0,0,0,0.001,0,0,0,0,0,0,0,0,0,0,0,0,0,0,0,0,0,0,0,0,0,0,0,0,0,0,0,0,0,0,0,0,0,0,0,0,15.4186,44.0239,6.8567,611.579,734.564,0,0.919306,-0.390181,0.0513389,0.999998,0.102621,0.0633008,0.818182,0.9,922.938,1217.63,1979.43,3419.62,245.123,739.156,1755.73,48.4226,2622.67,318.759,171.176,0.288325,0.475738,-1.12442,-0.268555,0,0,0,0,0,0,0,57.968,0,0.993728,0,0,236.882,1141.29,0,0,715.634,2901.99,0
1691509887867769201,2253,2182,70,0.968486,14.0128,27.1115,45.1607,58.7157,162.088,-2.09452,235.408,546.696,1193.03,1448.48,722.818,2993.15,6950.85,14405.4,805.709,1391.94,2124.17,625.522,668.427,439.768,160458,5471.58,8337.38,4.3229,4.15052,0,0,0.0340998,0,32.7309,190.187,266.99,948.616,1847.45,5051.41,0.0198713,0.00213119,4,4,7,0.636364,1,2.34792,1.47654,0.871379,0.0110126,0.192845,2182,0,0,0,0,0.001,0,0,0,0,0,0,0,0,0,0,0,0,0,0,0,0,0,0,0,0,0,0,0,0,0,0,0,0,0,0,0,0,0,0,0,0,14.0128,45.1607,12.5392,658.867,765.594,0,0.920575,-0.387083,0.052033,0.999994,0.195897,0.0274046,0.851852,0.92,942.229,1230.8,1870.09,3450.68,235.071,736.496,1721.09,56.0441,2719.8,319.964,175.539,0.0276435,0.0518768,-0.0752128,-0.0762922,0,0,0,0,0,0,0,58.7157,0,0.991292,0,0,235.408,1193.03,0,0,722.818,2993.15,0
1691509887970152065,2204,2141,62,0.971416,13.8293,25.8307,42.4653,53.3568,115.101,-0.614341,229.216,529.978,1153.61,1431.76,726.493,3079.18,7339.54,15500.9,864.535,1338.06,2239.76,522.434,584.179,413.941,150838,5690.43,8774.5,2.43411,2.47782,0,0,0.0377255,0,28.0868,189.644,259.521,1391.11,1651.07,5255.07,0.054281,0.00535335,6,5,11,0.6875,1,1.96862,1.28987,0.678743,0.0107166,0.101405,2141,0,0,0,0,0.001,0,0,0,0,0,0,0,0,0,0,0,0,0,0,0,0,0,0,0,0,0,0,0,0,0,0,0,0,0,0,0,0,0,0,0,0,13.8293,42.4653,8.94593,634.189,718.865,0,0.91936,-0.38981,0.0531544,0.999995,0.182723,0.0353503,0.869159,0.93,896.632,1214.33,1862.32,3469.94,249.482,740.721,1718.22,43.5227,2611.71,311.275,172.998,0.0255743,0.192353,-0.131807,-0.175283,0,0,0,0,0,0,0,53.3568,0,0.999066,0,0,229.216,1153.61,0,0,726.493,3079.18,0
1691509888071873517,2234,2178,56,0.974933,14.1353,24.5493,39.563,51.8811,150.992,0.241296,235.046,532.601,1144.97,1452.99,697.362,3174.07,6886.75,12458.5,1008.43,1412.24,2245.36,527.05,577.983,418.514,146702,5289.81,8243.62,4.72871,2.82549,0,0,0.0360582,0,32.7955,194.009,253.26,1133.61,1795.76,4834.19,0.0465986,0.00328989,3,2,8,0.8,1,1.9679,1.30433,0.663571,0.00710583,0.218596,2178,0,0,0,0,0.001,0,0,0,0,0,0,0,0,0,0,0,0,0,0,0,0,0,0,0,0,0,0,0,0,0,0,0,0,0,0,0,0,0,0,0,0,14.1353,39.563,9.20547,606.087,697.707,0,0.920714,-0.386817,0.0515663,0.999993,0.209073,0.0125944,0.923077,0.96,896.405,1195.51,1871.48,3473.18,253.626,741.331,1733.08,49.9457,2556.52,308.847,181.888,-0.418796,-0.300576,0.41691,0.213452,0,0,0,0,0,0,0,51.8811,0,0.997245,0,0,235.046,1144.97,0,0,697.362,3174.07,0
1691509888172742806,2153,2117,36,0.983279,13.4738,24.9562,39.594,53.1634,139.052,-1.2754,225.118,537.598,1154.16,1451.32,703.614,3131.67,7639.67,14321.1,1134.98,1401.74,2255.51,576.101,634.746,426.743,144540,5679.43,8801.78,4.39784,3.21824,0,0,0.0392933,0,39.1371,186.624,245.326,1295.17,1824.74,5210.78,0.0012676,0.0003801,4,4,8,0.666667,1,1.76171,1.08784,0.673872,0.0143635,0.189704,2117,0,0,0,0,0.001,0,0,0,0,0,0,0,0,0,0,0,0,0,0,0,0,0,0,0,0,0,0,0,0,0,0,0,0,0,0,0,0,0,0,0,0,13.4738,39.594,7.53451,605.047,688.419,0,0.919265,-0.390274,0.0513614,0.999993,0.21512,0.0124604,0.869159,0.93,933.311,1210.73,1981.39,3468.85,263.937,751.049,1752.27,44.535,2512.65,310.602,171.451,-0.0970164,0.00126518,-0.147739,0.0504106,0,0,0,0,0,0,0,53.1634,0,0.997166,0,0,225.118,1154.16,0,0,703.614,3131.67,0
1691509888273031955,2177,2128,49,0.977492,11.5326,23.1953,39.3692,52.2955,144.911,-0.887494,228.862,551.41,1148.62,1447.39,716.686,3147.56,7198.67,16172,1236.3,1175.51,2160.04,619.007,654.129,410.603,146120,5295.67,8580.06,4.93437,4.72753,0,0,0.036242,0,20.2547,196.656,275.794,1553.73,1822.72,4710.9,0.00955583,0.0013279,4,3,11,0.785714,1,1.82706,1.19149,0.635574,0.00443552,0.377692,2128,0,0,0,0,0.001,0,0,0,0,0,0,0,0,0,0,0,0,0,0,0,0,0,0,0,0,0,0,0,0,0,0,0,0,0,0,0,0,0,0,0,0,11.5326,39.3692,10.9157,590.206,686.878,0,0.922196,-0.383021,0.0533869,0.999967,0.46301,0.0327815,0.869159,0.93,918.328,1196.7,1974.72,3467.41,255.878,743.313,1759.9,46.4167,2584.3,332.605,180.775,-0.0980609,0.473197,0.213088,-0.471721,0,0,0,0,0,0,0,52.2955,0,0.99765,0,0,228.862,1148.62,0,0,716.686,3147.56,0
1691509888373999750,2217,2167,50,0.977447,12.2209,22.9986,37.1814,48.8999,95.6424,0.125776,219.759,558.619,1158.3,1421.72,718.04,3094.35,7534.9,16879.3,1340.96,1080.71,2163.73,632.402,668.097,424.527,144038,5944.87,9303.92,5.08975,5.18324,0,0,0.041273,0,30.4614,202.001,244.552,1389.74,2037.39,5399.77,0.0222243,0.00335665,4,3,8,0.727273,1,1.69865,1.11943,0.579226,0.00933973,0.446887,2167,0,0,0,0,0.001,0,0,0,0,0,0,0,0,0,0,0,0,0,0,0,0,0,0,0,0,0,0,0,0,0,0,0,0,0,0,0,0,0,0,0,0,12.2209,37.1814,10.9417,581.802,703.256,0,0.92199,-0.383809,0.0512401,0.999997,0.131556,0.0227976,0.851852,0.92,876.529,1201.64,1974.31,3467.4,251.776,717.909,1803.06,43.886,2446.52,305.04,181.506,-0.0559278,0.758722,0.0453518,-0.740415,0,0,0,0,0,0,0,48.8999,0,1,0,0,219.759,1158.3,0,0,718.04,3094.35,0
1691509888473138152,2116,2069,47,0.977788,12.5063,22.9505,39.6357,53.2771,111.623,-0.870632,235.442,605.561,1187.5,1494.65,780.312,3263.39,7778.12,15357,1433.35,1152.22,2397.96,688.154,695.679,467.667,145404,6451.4,9868.98,2.95755,3.1802,0,0,0.0443687,0,24.1423,205.641,256.111,1310.42,2137.53,5935.13,0.000330578,9.46413e-05,3,3,8,0.727273,1,1.70942,1.09472,0.614698,0.00769419,0.110721,2069,0,0,0,0,0.001,0,0,0,0,0,0,0,0,0,0,0,0,0,0,0,0,0,0,0,0,0,0,0,0,0,0,0,0,0,0,0,0,0,0,0,0,12.5063,39.6357,7.04222,589.225,720.733,0,0.919072,-0.390603,0.0523001,0.999972,0.427985,0.0105648,0.834862,0.91,939.744,1219.27,1982.99,3474.52,253.227,735.28,1837.13,51.2097,2365.78,329.66,185.459,0.16434,0.133294,-0.0669681,-0.363819,0,0,0,0,0,0,0,53.2771,0,0.998067,0,0,235.442,1187.5,0,0,780.312,3263.39,0
1691509888570465685,2085,2044,41,0.980336,11.9988,23.4168,42.2143,53.6424,162.547,-0.538286,228.041,568.193,1183.61,1505,775.699,3463.67,8866.13,20793.7,1423.82,1057.11,2426.64,713.683,684.155,437.004,149830,7138.3,10712.8,4.12443,5.45649,0,0,0.0476425,0,28.8247,193.978,234.683,1476.36,2137.04,6641.93,0.0397207,0.00388056,3,2,10,0.833333,1,1.85755,1.21484,0.642705,0.00788839,0.174974,2044,0,0,0,0,0.001,0,0,0,0,0,0,0,0,0,0,0,0,0,0,0,0,0,0,0,0,0,0,0,0,0,0,0,0,0,0,0,0,0,0,0,0,11.9988,42.2143,7.37016,594.892,732.738,0,0.917632,-0.393891,0.0529278,0.999993,0.208822,0.00690464,0.923077,0.96,949.339,1213.77,1981.01,3476.82,248.909,730.136,1830.87,44.0567,2285.37,306.546,177.336,-0.412342,-0.412977,0.314548,0.419369,0,0,0,0,0,0,0,53.6424,0,0.995597,0,0,228.041,1183.61,0,0,775.699,3463.67,0
1691509888668056369,2039,2001,38,0.981363,12.8136,24.592,40.7846,55.8408,134.756,-1.4356,229.653,551.279,1169.63,1496.8,759.754,3432.52,8293.64,18855.4,1612.01,904.811,2481.34,669.697,673.094,421.806,155572,7093.86,10643.4,1.76577,1.17279,0,0,0.0455985,0,20.5899,203.902,231.333,1504.42,2076.08,6607.11,3.7286e-05,5.52378e-06,2,2,8,0.8,1,1.52067,0.889276,0.631394,0.0147806,0.0979942,2001,0,0,0,0,0.001,0,0,0,0,0,0,0,0,0,0,0,0,0,0,0,0,0,0,0,0,0,0,0,0,0,0,0,0,0,0,0,0,0,0,0,0,12.8136,40.7846,9.36097,601.543,759.096,0,0.918432,-0.392033,0.0528432,0.999998,0.116023,0.0139021,0.869159,0.93,951.16,1211.27,1980.69,3488.53,249.288,738.796,1742.15,44.8384,2230.76,293.039,182.343,-0.17954,0.892882,0.368542,0.0737997,0,0,0,0,0,0,0,55.8408,0,0.997001,0,0,229.653,1169.63,0,0,759.754,3432.52,0
1691509888766019927,2020,1993,27,0.986634,11.3432,23.1374,39.2452,52.1118,114.451,-1.13837,219.62,554.11,1199.24,1470.37,737.85,3581.13,8322.25,16574.2,1659.1,827.732,2569.68,640.254,647.012,369.514,154431,6918.26,10489.3,2.64085,2.6512,0,0,0.0447983,0,17.7429,201.522,239.339,1565.87,2054.58,6410.21,0.948768,0.00242816,7,6,8,0.571429,1,1.53671,0.975718,0.560996,0.00771901,0.140847,1993,0,0,0,0,0.001,0,0,0,0,0,0,0,0,0,0,0,0,0,0,0,0,0,0,0,0,0,0,0,0,0,0,0,0,0,0,0,0,0,0,0,0,11.3432,39.2452,7.80858,598.697,763.494,0,0.917401,-0.394496,0.0524309,0.999996,0.154789,0.00410282,0.851852,0.92,955.202,1218.15,1871.63,3494.04,252.937,751.386,1754.14,45.2635,2188.29,304.782,165.075,0.205661,-0.278058,-0.200168,0.250007,0,0,0,0,0,0,0,52.1118,0,0.998495,0,0,219.62,1199.24,0,0,737.85,3581.13,0
1691509888864034826,2030,1994,36,0.982266,13.7371,25.178,41.0488,52.7258,155.04,-0.966932,225.727,531.706,1142.33,1489.9,743.694,3506.77,7446.3,14822.3,1460.77,843.811,2486.13,585.102,559.719,365.362,143996,5836.41,9219.7,5.90753,7.32658,0,0,0.0405317,0,18.1869,187.926,241.05,1517.56,1992,5262.98,0.0143649,0.0032072,3,2,8,0.8,1,2.06027,1.41812,0.64215,0.0102756,0.2253,1994,0,0,0,0,0.001,0,0,0,0,0,0,0,0,0,0,0,0,0,0,0,0,0,0,0,0,0,0,0,0,0,0,0,0,0,0,0,0,0,0,0,0,13.7371,41.0488,8.71619,586.249,733.035,0,0.917599,-0.394129,0.0517132,1,0.0475745,0.00627486,0.834862,0.91,938.312,1193.63,1868.71,3500.9,252.922,732.211,1693.96,40.0566,2161.25,301.717,162.29,-0.028861,0.436424,0.0814326,-0.284515,0,0,0,0,0,0,0,52.7258,0,0.996991,0,0,225.727,1142.33,0,0,743.694,3506.77,0
1691509888961815942,1876,1851,25,0.986674,12.91,25.245,44.2549,59.1112,146.209,-0.44884,241.155,541.551,1150.08,1462.58,760.65,3513.71,8859.45,13260.1,1271.19,1017.79,2502.07,657.562,501.236,413.179,134572,5970.27,9062.03,2.64611,3.48268,0,0,0.0443648,0,27.5171,156.904,233.493,1417.32,1684.38,5542.41,0.00533103,0.000519048,4,4,9,0.692308,1,1.96537,1.28022,0.68515,0.0144339,0.170055,1851,0,0,0,0,0.001,0,0,0,0,0,0,0,0,0,0,0,0,0,0,0,0,0,0,0,0,0,0,0,0,0,0,0,0,0,0,0,0,0,0,0,0,12.91,44.2549,7.73288,512.27,711.997,0,0.919148,-0.390525,0.0515537,0.999992,0.224887,0.0235259,0.818182,0.9,905.96,1195.12,1873.46,3509.65,243.492,734.113,1741.76,44.4215,2206.82,300.272,162.983,-0.252092,-0.897032,1.38522,0.56091,0,0,0,0,0,0,0,59.1112,0,0.993517,0,0,241.155,1150.08,0,0,760.65,3513.71,0
1691509889062223760,1848,1841,7,0.996212,13.7089,26.1059,45.4841,58.4728,184.265,-1.82777,217.772,505.715,1151.11,1437.36,692.96,3202.44,7493.2,14945.1,1224.9,1122.35,2180.34,683.769,442.237,434.167,127046,4860.99,7666.2,3.52991,3.53767,0,0,0.0382615,0,27.607,146.632,228.245,1246.6,1612.49,4404.63,0.0156057,0.00274659,4,3,10,0.769231,1,1.84316,1.11055,0.73261,0.00360436,0.306975,1841,0,0,0,0,0.001,0,0,0,0,0,0,0,0,0,0,0,0,0,0,0,0,0,0,0,0,0,0,0,0,0,0,0,0,0,0,0,0,0,0.00543183,7.80941,11.7423,13.8002,45.5284,8.78411,470.595,699.621,0,0.921235,-0.385645,0.0510291,0.999986,0.305602,0.0234097,0.769912,0.87,849.139,1188.47,1883.68,3517.6,243.806,714.699,1769.13,42.7141,2334.77,304.806,169.369,-0.490715,0.243983,0.372823,-0.444631,0,0,0,0,0,0.00541126,13.7983,58.6789,1,0.990715,58.2503,114.691,219.632,1154.83,101.757,197.316,696.703,3208.74,2.18955e-05
1691509889162755250,1788,1772,15,0.991051,14.4562,26.1847,44.5253,60.7982,164.8,-2.42184,218.917,559.231,1148.42,1477.59,694.749,3450.95,9286.97,18783.9,1065.69,1240.9,2349.9,714.489,490.727,476.256,125640,6020.65,9176.49,4.6936,4.69376,0,0,0.0479201,0,25.7546,114.642,231.682,1258.69,2022.51,5523.22,1.588,0.0231632,7,7,0,0,1,1.67553,0.97041,0.705116,0.0242458,0.209169,1772,0,0,0,0,0.001,0,0,0,0,0,0,0,0,0,0,0,0,0,0,0,0,0,0,0,0,0,0,0,0,0,0,0,0,0,0,0,0,0,0.0180587,5.97829,21.2199,14.6118,44.9953,5.98731,497.797,686.215,0,0.919534,-0.389794,0.0501819,0.99999,0.26144,0.0363821,0.785714,0.88,820.443,1169.68,1856.49,3518.46,247.5,693.979,1698.07,41.7416,2327.63,310.374,177.458,-0.0607835,1.12466,0.0607662,-1.12457,0,0,0,0,0,0.0178971,26.8086,61.0578,1,0.993103,106.62,1007.59,221.688,1158.47,176.1,1675.41,709.722,3477.85,0.00198956
1691509889263985722,1856,1820,34,0.980603,15.5753,28.9075,49.2904,65.6823,161.333,-3.16208,226.729,545.2,1138.63,1439.24,705.694,3312.94,7446.91,14333.8,1062.48,1325.79,2327.51,686.748,565.637,460.95,130056,5234.32,8004.1,7.69362,4.1944,0,0,0.0402468,0,27.7097,141.094,210.447,1159.4,1637.76,4827.7,0.0290277,0.00512423,3,2,8,0.8,1,1.89332,1.0333,0.860015,0.00587225,0.2476,1820,0,0,0,0,0.001,0,0,0,0,0,0,0,0,0,0,0,0,0,0,0,0,0,0,0,0,0,0,0,0,0,0,0,0,0,0,0,0,0,0.0252747,6.61287,35.8784,15.8158,49.3292,10.7512,531.222,693.026,0,0.920779,-0.386646,0.0516767,0.999993,0.212012,0.023467,0.724138,0.84,849.065,1190.94,1976.13,3523.34,252.436,700.626,1822.26,43.8523,2401.88,295.107,169.476,-0.147006,0.511879,0.128173,-0.423274,0,0,0,0,0,0.0247845,48.9074,65.8168,1,0.988162,110.164,1149.48,230.887,1137.38,183.038,1983.58,721.865,3360.36,0.00495043
1691509889365887498,1884,1847,36,0.980361,14.7221,28.411,50.4817,68.9046,152.575,-1.9373,231.493,558.869,1201.42,1438.61,751.816,3634.72,8510.45,12129.8,1123.32,1499.77,2471.23,705.543,618.182,462.036,134951,5743.29,9076.66,5.83524,5.82535,0,0,0.0425583,0,26.1245,174.8,223.572,1586.63,1885.66,5179.87,0.0634057,0.0109853,7,6,13,0.684211,1,1.91165,1.04289,0.868762,0.00818471,0.331416,1847,0,0,0,0,0.001,0,0,0,0,0,0,0,0,0,0,0,0,0,0,0,0,0,0,0,0,0,0,0,0,0,0,0,0,0,0,0,0,0,0.0324851,7.24169,32.6161,15.038,50.9961,9.59159,548.148,700.26,0,0.918662,-0.391447,0.0531983,0.999985,0.313009,0.0281628,0.769912,0.87,854.034,1179.87,1859.73,3533.14,259.881,716.964,1741.85,43.3639,2410.08,301.502,178.016,-0.167589,1.10699,0.306664,-1.10286,0,0,0,0,0,0.0318471,43.9363,69.4372,1,0.98657,137.012,1302.71,234.975,1195.04,220.467,2152.99,760.116,3677.13,0.00845858
1691509889469026836,1975,1944,31,0.984304,14.6865,29.4384,50.4118,67.6493,184.684,-0.073492,226.085,531.031,1121.5,1408,713.855,3504.76,7334.02,14943.2,918.19,1402.3,2411.77,674.781,581.741,461.509,130529,5295.48,8328.69,4.37125,4.44556,0,0,0.0405693,0,23.7678,169.141,220.821,1187.84,1962.45,4764.67,0.0103569,0.00140944,6,6,10,0.625,1,2.45651,1.4967,0.959811,0.00691911,0.489346,1944,0,0,0,0,0.001,0,0,0,0,0,0,0,0,0,0,0,0,0,0,0,0,0,0,0,0,0,0,0,0,0,0,0,0,0,0,0,0,0,0.0380658,7.23271,36.9566,15.1036,51.1337,9.84707,561.428,697.725,0,0.921196,-0.385772,0.050772,0.999978,0.382269,0.00986042,0.769912,0.87,930.468,1191.21,1882.62,3536.4,261.887,734.782,1745.32,47.8937,2411.41,317.136,177.642,-0.300516,0.292413,0.774524,-0.374752,0,0,0,0,0,0.0374684,40.4806,68.7211,1,0.987701,184.647,1291.2,226.701,1108.19,298.155,2076.9,723.216,3550.53,0.010883
1691509889572625732,2110,2082,28,0.98673,14.7268,28.5814,47.3982,62.1573,172.849,0.324846,230.914,534.057,1121.89,1427.47,719.292,3282.54,7393.17,14605,1063.69,1466.27,2179.99,647.989,590.138,459.332,129764,5381.89,8781.93,8.00886,7.99528,0,0,0.0414745,0,21.882,190.65,246.071,1513.63,2102.88,4706.82,0.0594105,0.00960673,7,7,11,0.611111,1,2.26085,1.30043,0.960419,0.00824945,0.506573,2082,0,0,0,0,0.001,0,0,0,0,0,0,0,0,0,0,0,0,0,0,0,0,0,0,0,0,0,0,0,0,0,0,0,0,0,0,0,0,0,0.037464,11.8838,44.7013,14.838,47.4631,10.7917,572.349,681.859,0,0.921306,-0.385146,0.0534631,0.999996,0.158434,0.0280863,0.834862,0.91,934.497,1211.2,1882.55,3552.62,266.759,739.896,1740.02,49.1521,2460.9,311.27,175.49,-0.193944,0.386469,0.276174,-0.370072,0,0,0,0,0,0.0369668,65.3812,61.714,1,0.984531,290.781,1179.12,230.131,1120.2,475.773,1990.41,722.804,3377.28,0.0127465
1691509889674953714,2211,2189,22,0.99005,14.8658,27.9243,43.9298,56.1852,176.095,1.16298,226.357,502.078,1095.11,1426.7,679.51,3166.29,6881.78,12713.3,1138.42,1367.78,2068.98,603.882,506.021,462.897,137048,5159.53,8411.21,5.79747,5.78735,0,0,0.0376475,0,26.1818,176.537,253.449,1375.97,2066.98,4512.09,0.397998,0.0106923,8,7,10,0.588235,1,1.98464,1.12334,0.861303,0.013085,0.304722,2189,0,0,0,0,0.001,0,0,0,0,0,0,0,0,0,0,0,0,0,0,0,0,0,0,0,0,0,0,0,0,0,0,0,0,0,0,0,0,0,0.0310644,11.7736,42.6673,14.9653,44.1665,8.3263,583.539,690.135,0,0.918896,-0.390892,0.0532377,0.999981,0.357244,0.0314739,0.886792,0.94,937.249,1231.32,1968.23,3550.65,269.874,748.123,1776.38,47.3877,2492.46,330.343,174.805,-0.470742,-1.48808,0.444924,1.48964,0,0,0,0,0,0.0307553,45.8499,56.2143,1,0.990099,188.009,1412.97,226.885,1071.4,320.799,2408.39,685.331,3200.85,0.0142488
1691509889775852707,2437,2419,18,0.992614,14.273,26.3384,42.0615,54.452,154.865,1.56055,230.049,540.657,1141.93,1420.8,732.936,3385.45,7637.22,14325.8,1369.32,1391.66,2328.54,552.556,553.484,476.41,141097,7029.9,10761,6.85048,7.34193,0,0,0.0498231,0,25.0625,178.005,275.444,1555.16,2264.91,6462.43,0.000349245,4.7712e-05,2,2,8,0.8,1,2.25583,1.43858,0.817258,0.00628941,0.278698,2419,0,0,0,0,0.001,0,0,0,0,0,0,0,0,0,0,0,0,0,0,0,0,0,0,0,0,0,0,0,0,0,0,0,0,0,0,0,0,0,0.00744109,9.29179,31.4916,14.3202,42.0734,8.30377,604.871,711.825,0,0.917797,-0.393523,0.0528137,0.999996,0.165188,0.00505848,0.834862,0.91,957.641,1250.07,1972.74,3543.82,264.231,753.468,1875.86,48.2283,2637.15,340.814,158.271,-0.472306,0.63462,0.532188,0.485232,0,0,0,0,0,0.00738613,39.63,54.4706,1,0.996668,172.897,1348.1,230.869,1141.7,310.1,2407.96,734.769,3386.24,0.00335134
1691509889875393191,2500,2478,21,0.9912,12.6645,23.6959,36.8429,46.4988,155.232,-0.398919,217.45,486.683,1053.4,1354.7,693.608,3275.82,7817.24,15288.3,1337.25,1256.36,2208.23,475.422,558.373,452.071,149377,7024.56,10429.1,7.07043,7.08194,0,0,0.0470256,0,38.9914,151.407,226.973,1439.25,2000.08,6572.42,0.000378679,6.78974e-05,3,3,8,0.727273,1,1.84699,1.19533,0.651664,0.0127983,0.249305,2478,0,0,0,0,0.001,0,0,0,0,0,0,0,0,0,0,0,0,0,0,0,0,0,0,0,0,0,0,0,0,0,0,0,0,0,0,0,0,0,0,0,0,12.6645,36.8429,7.72547,635.887,719.387,0,0.917862,-0.393487,0.0519426,1,0.0500931,0.0248262,0.869159,0.93,965.823,1244.09,1950.07,3535.16,262.815,743.87,1777.49,42.9756,2655.68,283.313,127.811,-0.310218,-0.0466139,0.237016,0.169088,0,0,0,0,0,0,0,46.4988,0,0.997579,0,0,217.45,1053.4,0,0,693.608,3275.82,0
1691509889973187591,2499,2472,26,0.989196,12.4133,22.6804,35.8787,47.5302,106.227,0.536156,222.89,506.658,1066.9,1391.48,728.715,3259.8,7549.42,11799.1,1411.88,1098.73,2205.46,547.186,600.235,457.272,158194,6747.16,10383.7,3.04224,3.07029,0,0,0.0426513,0,32.4538,158.692,265.304,1602.12,2136.82,6188.27,10.2283,0.0213121,6,5,1,0.166667,1,1.61392,1.01539,0.598531,0.0166037,0.36992,2472,0,0,0,0,0.001,0,0,0,0,0,0,0,0,0,0,0,0,0,0,0,0,0,0,0,0,0,0,0,0,0,0,0,0,0,0,0,0,0,0,0,0,12.4133,35.8787,11.3313,665.432,739.237,0,0.920257,-0.387929,0.0513666,0.999982,0.348342,0.0963414,0.886792,0.94,967.13,1233.19,1970.9,3525.93,261.159,739.443,1736.37,43.0431,2686.5,311.187,158.276,-0.303573,-0.269036,0.301153,0.282772,0,0,0,0,0,0,0,47.5302,0,0.999595,0,0,222.89,1066.9,0,0,728.715,3259.8,0
1691509890070363472,2341,2325,16,0.993165,13.479,24.2965,39.2252,49.6414,152.965,-0.360302,230.745,538.187,1138.76,1457.34,768.832,3413.67,8349.32,13889.1,1568.69,981.69,2441.53,641.575,681.956,443.162,162480,7634.89,11537.7,4.00587,4.05911,0,0,0.0469898,0,38.9478,177.48,292.401,1738,2196.8,7094.11,7.93473,0.0205233,5,4,1,0.2,1,1.79135,1.11224,0.679115,0.00653219,0.281892,2325,0,0,0,0,0.001,0,0,0,0,0,0,0,0,0,0,0,0,0,0,0,0,0,0,0,0,0,0,0,0,0,0,0,0,0,0,0,0,0,0,0,0,13.479,39.2252,10.8852,672.25,751.865,0,0.919094,-0.39044,0.053125,0.999995,0.187861,0.0385339,0.851852,0.92,992.747,1236.6,1966.63,3524.89,263.596,753.678,1813.46,44.2801,2746.28,341.983,161.729,-0.249433,-0.0475597,0.245475,0.0693691,0,0,0,0,0,0,0,49.6414,0,0.997849,0,0,230.745,1138.76,0,0,768.832,3413.67,0
1691509890168246643,2123,2101,21,0.989637,14.2429,25.4934,42.2474,52.6831,110.205,-0.925735,224.507,541.406,1131.06,1436.13,737.397,3485.08,8640.5,25079.4,1598.14,1037.67,2342.87,647.332,655.814,409.439,156739,7155.81,10735.9,4.28012,4.44222,0,0,0.0456543,0,38.7742,156.66,244.986,1527.41,2109.46,6658.58,0.0277276,0.00291049,7,7,9,0.5625,1,2.16249,1.48092,0.68157,0.00182131,0.213407,2101,0,0,0,0,0.001,0,0,0,0,0,0,0,0,0,0,0,0,0,0,0,0,0,0,0,0,0,0,0,0,0,0,0,0,0,0,0,0,0,0,0,0,14.2429,42.2474,10.223,652.514,752.263,0,0.919725,-0.389055,0.0523707,0.999999,0.0973041,0.0559927,0.869159,0.93,992.491,1225.33,1975.23,3518.79,259.466,749.426,1870.9,43.1815,2635.41,275.162,167.835,-0.38117,0.67422,1.08892,-0.335583,0,0,0,0,0,0,0,52.6831,0,0.999048,0,0,224.507,1131.06,0,0,737.397,3485.08,0
1691509890265537179,2069,2054,15,0.99275,13.7669,25.7656,39.697,50.9455,142.402,-1.72868,224.489,582.056,1185.67,1454.6,775.201,3671.76,8427.34,14097.1,1686.6,1159.13,2408.92,651.78,720.657,423.804,142204,6990.78,10886,2.16485,2.20434,0,0,0.0491602,0,37.1433,168.67,277.065,1683.57,2370.42,6349.1,0.0212736,0.00269764,4,3,8,0.727273,1,2.03493,1.36882,0.66611,0.00755932,0.545484,2054,0,0,0,0,0.001,0,0,0,0,0,0,0,0,0,0,0,0,0,0,0,0,0,0,0,0,0,0,0,0,0,0,0,0,0,0,0,0,0,0,0,0,13.7669,39.697,12.3809,608.307,680.312,0,0.921108,-0.385825,0.0519483,0.999994,0.2028,0.102622,0.801802,0.89,943.105,1195.78,1975.91,3512.26,261.641,756.922,1839.74,47.7138,2546.68,306.593,189.833,-0.0793022,0.177412,0.139648,-0.218094,0,0,0,0,0,0,0,50.9455,0,0.996592,0,0,224.489,1185.67,0,0,775.201,3671.76,0
1691509890362091350,2081,2062,19,0.99087,15.1151,26.7082,41.0271,53.0657,148.13,-2.65198,230.632,592.501,1203.89,1472.22,843.145,3827.56,8688.72,12460.8,1620.71,1146.61,2615.45,674.757,742.069,397.576,138848,7117.28,11185.6,1.29639,1.28823,0,0,0.0512595,0,38.7948,174.939,266.901,1820.5,2471.05,6413.43,0.013992,0.002174,8,8,10,0.555556,1,2.0905,1.37721,0.71328,0.00638636,0.460103,2062,0,0,0,0,0.001,0,0,0,0,0,0,0,0,0,0,0,0,0,0,0,0,0,0,0,0,0,0,0,0,0,0,0,0,0,0,0,0,0,0,0,0,15.1151,41.0271,12.2265,557.481,682.293,0,0.921207,-0.385637,0.0515939,1,0.0236511,0.081157,0.801802,0.89,886.684,1193.07,1965.62,3508.59,260.667,715.13,1782.43,48.3299,2358.12,309.712,180.875,0.0958525,0.0767095,-0.0511312,-0.0826905,0,0,0,0,0,0,0,53.0657,0,0.994665,0,0,230.632,1203.89,0,0,843.145,3827.56,0
1691509890459353515,1996,1982,14,0.992986,14.6728,27.156,43.1237,56.1939,146.12,-1.63667,230.562,566.041,1202.05,1489.73,813.846,3797.14,8225.2,15452.8,1638.8,1232.14,2372.7,667.495,729.587,415.144,143126,6781.39,10736.4,2.13939,2.11943,0,0,0.0473804,0,36.0046,171.42,270.518,1629.69,2582.29,6046.42,0.0240963,0.00129032,4,3,11,0.785714,1,1.84418,1.12012,0.724064,0.0151193,0.307773,1982,0,0,0,0,0.001,0,0,0,0,0,0,0,0,0,0,0,0,0,0,0,0,0,0,0,0,0,0,0,0,0,0,0,0,0,0,0,0,0,0,0,0,14.6728,43.1237,8.79205,549.688,708.52,0,0.919799,-0.389032,0.0512184,0.999993,0.211682,0.0846087,0.851852,0.92,926.292,1200.97,1965.96,3503.67,264.941,751.987,1770.27,39.013,2387.39,308.663,179.085,-0.375467,0.621439,0.435581,-0.613793,0,0,0,0,0,0,0,56.1939,0,0.995459,0,0,230.562,1202.05,0,0,813.846,3797.14,0
1691509890556309925,1974,1950,24,0.987842,15.4081,27.2207,42.4789,57.9315,125.265,-3.73578,219.273,540.506,1170.06,1442.47,785.423,3754.12,8904.73,13300.1,1546.23,1307.19,2458.93,675.35,711.554,369.316,151799,7125.6,10837.2,2.07303,2.07344,0,0,0.0469409,0,41.0424,137.973,255.075,1530.72,2316.59,6555.81,0.0857443,0.00216397,6,6,9,0.6,1,1.78034,1.05373,0.726605,0.0071221,0.370254,1950,0,0,0,0,0.001,0,0,0,0,0,0,0,0,0,0,0,0,0,0,0,0,0,0,0,0,0,0,0,0,0,0,0,0,0,0,0,0,0,0,0,0,15.4081,42.4789,13.5246,574.532,725.943,0,0.920619,-0.387028,0.0516682,0.999998,0.126716,0.0352498,0.869159,0.93,936.505,1223.62,1963.79,3501.81,258.822,724.533,1847.33,47.0309,2518.76,272.037,162.643,-0.0380071,0.299374,0.0187272,-0.294604,0,0,0,0,0,0,0,57.9315,0,0.994872,0,0,219.273,1170.06,0,0,785.423,3754.12,0
1691509890653824978,1883,1873,10,0.994689,16.2927,28.1212,42.9791,53.8951,111.778,-2.0305,221.715,555.195,1179.48,1473.18,792.744,3802.6,8377.99,11496.3,1460.29,1397.97,2432.65,648.345,658.433,415.749,161155,6603.8,10161.2,1.70643,1.81009,0,0,0.0409779,0,39.3899,153.042,251.872,1361.1,2339.5,6016.3,0.00868403,0.00105642,7,6,10,0.625,1,1.7619,1.07694,0.684957,0.0284827,0.176465,1873,0,0,0,0,0.001,0,0,0,0,0,0,0,0,0,0,0,0,0,0,0,0,0,0,0,0,0,0,0,0,0,0,0,0,0,0,0,0,0,0,0,0,16.2927,42.9791,8.85404,585.857,760.289,0,0.920803,-0.386475,0.0525243,0.999999,0.0593477,0.0188787,0.801802,0.89,945.723,1208.63,1975.03,3498.83,259.58,735.863,1850.76,46.491,2286.56,288.164,163.065,0.0194958,0.0613678,0.570797,-0.147443,0,0,0,0,0,0,0,53.8951,0,0.998398,0,0,221.715,1179.48,0,0,792.744,3802.6,0
1691509890753125245,1747,1733,14,0.991986,15.8537,28.7239,44.4998,58.9122,138.334,-2.92604,205.91,549.389,1187.65,1429.61,717.199,3573.44,8429.98,22446.1,1246.07,1390,2225.42,664.693,521.853,424.946,154731,6134.84,9174.81,5.32609,6.24446,0,0,0.0396484,0,37.3882,112.315,250.555,970.525,2146.14,5657.89,0.000540006,0.000218706,3,2,9,0.818182,1,1.71419,0.999346,0.714842,0.00920349,0.108797,1733,0,0,0,0,0.001,0,0,0,0,0,0,0,0,0,0,0,0,0,0,0,0,0,0,0,0,0,0,0,0,0,0,0,0,0,0,0,0,0,0,0,0,15.8537,44.4998,8.43238,565.674,713.894,0,0.918539,-0.391831,0.0524728,0.999983,0.333187,0.0599487,0.769912,0.87,931.885,1201.66,1864.64,3494.43,259.125,729.748,1747.82,44.0217,2355.66,288.103,137.423,0.0644468,0.0601577,0.207262,-0.0468278,0,0,0,0,0,0,0,58.9122,0,0.991922,0,0,205.91,1187.65,0,0,717.199,3573.44,0
1691509890853989181,1828,1823,4,0.997265,16.4599,29.2971,47.2601,59.9599,136.995,-1.98868,218.008,509.657,1109.87,1378.76,725.294,3398.7,8310.36,11543.5,1040.47,1341.66,2119.42,577.646,474.73,476.969,129977,5440,8308.73,3.66221,2.98544,0,0,0.0418536,0,28.9318,109.952,234.975,689.971,2438.14,4806.75,0.000161168,2.2046e-05,3,2,9,0.818182,1,1.77844,1.02195,0.75648,0.011692,0.306267,1823,0,0,0,0,0.001,0,0,0,0,0,0,0,0,0,0,0,0,0,0,0,0,0,0,0,0,0,0,0,0,0,0,0,0,0,0,0,0,0,0,0,0,16.4599,47.2601,7.07398,470.445,633.481,0,0.919572,-0.389459,0.0520558,0.999997,0.150173,0.0185113,0.587302,0.74,798.395,1078.27,1745.63,3492.16,232.57,695.082,1706.01,41.8211,2269.06,273.513,150.947,-0.197566,0.296582,0.101564,-0.0267859,0,0,0,0,0,0,0,59.9599,0,0.994515,0,0,218.008,1109.87,0,0,725.294,3398.7,0
1691509890956039973,1889,1881,6,0.995765,16.729,30.617,47.2546,60.8761,152.934,-0.582773,217.516,508.982,1002.98,1439.22,675.822,3221.36,7916,12811.5,882.785,1235.58,2185.09,548.635,494.103,427.226,110282,5396.5,8179.61,2.40235,2.42556,0,0,0.0489339,0,29.8875,106.582,205.806,715.292,2297.25,4824.79,0.0204128,0.00280443,7,6,11,0.647059,1,1.80678,0.983457,0.82332,0.0190554,0.22003,1881,0,0,0,0,0.001,0,0,0,0,0,0,0,0,0,0,0,0,0,0,0,0,0,0,0,0,0,0,0,0,0,0,0,0,0,0,0,0,0,0,0,0,16.729,47.2546,10.107,401.446,544.447,0,0.920658,-0.387043,0.0508589,0.999996,0.166537,0.0531075,0.666667,0.8,712.563,1060.33,1746.15,3485.51,222.718,685.479,1774.59,40.8141,2357.25,255.694,152.289,-0.124385,-0.0748627,0.203639,0.0764716,0,0,0,0,0,0,0,60.8761,0,0.993089,0,0,217.516,1002.98,0,0,675.822,3221.36,0
1691509891059485215,1616,1610,6,0.996287,16.1501,30.4772,52.7907,67.8867,174.877,-2.54073,192.281,427.115,962.904,1294.3,602.12,2838.31,8232.77,18091.8,796.278,844.552,2190.38,549.102,519.103,301.771,119463,4970.98,6763.1,1.70871,1.45399,0,0,0.0416109,0,24.7973,59.4484,142.32,500.857,1254.22,4781.45,0.0284105,0.00147059,3,3,7,0.7,1,1.83843,1.00145,0.836982,0.0114821,0.277544,1610,0,0,0,0,0.001,0,0,0,0,0,0,0,0,0,0,0,0,0,0,0,0,0,0,0,0,0,0,0,0,0,0,0,0,0,0,0,0,0,0,0,0,16.1501,52.7907,10.1274,469.237,609.636,0,0.921788,-0.384137,0.0523935,0.999994,0.199104,0.0201064,0.626016,0.77,758.128,1054.03,1887.6,3293.8,235.846,681.837,1827.96,43.9934,2459.67,167.086,77.692,-0.218198,0.514582,0.360562,-0.564558,0,0,0,0,0,0,0,67.8867,0,0.988199,0,0,192.281,962.904,0,0,602.12,2838.31,0
1691509891163528193,1723,1712,11,0.993616,15.0593,27.5995,47.8034,67.179,183.379,-2.03565,207.532,458.51,995.64,1327.17,670.474,3084.35,9161.59,13251.2,955.885,897.41,2290.39,583.446,549.081,294.95,129130,5833.63,8126.86,1.16927,1.31245,0,0,0.0451764,0,30.3892,80.6137,174.993,1012,1217.59,5611.28,0.0158717,0.000482545,5,5,13,0.722222,1,2.19663,1.33312,0.863511,0.00988132,0.156725,1712,0,0,0,0,0.001,0,0,0,0,0,0,0,0,0,0,0,0,0,0,0,0,0,0,0,0,0,0,0,0,0,0,0,0,0,0,0,0,0,0,0,0,15.0593,47.8034,7.44306,494.535,668.022,0,0.920192,-0.388002,0.0519762,0.999991,0.240762,0.0188486,0.694915,0.82,792.568,1091.43,1960.46,3470.92,259.648,683.016,1836.25,46.9497,2465.85,197.005,70.7852,-0.205162,0.0692451,0.959171,-0.0765136,0,0,0,0,0,0,0,67.179,0,0.978972,0,0,207.532,995.64,0,0,670.474,3084.35,0
1691509891269186893,1622,1609,12,0.991985,16.4561,31.8358,55.5274,82.2062,205.148,-2.52302,211.297,487.461,1066.5,1369.9,725.303,3328.53,9002.4,13700.1,1203.33,1216.55,2306.1,630.54,591.187,365.149,127777,5400.38,7815.81,2.92009,2.93819,0,0,0.042264,0,35.5872,105.502,185.939,1099.93,1258.12,5130.74,0.110874,0.0019301,9,9,13,0.590909,1,3.50173,2.4508,1.05093,0.0125334,0.614254,1609,0,0,0,0,0.001,0,0,0,0,0,0,0,0,0,0,0,0,0,0,0,0,0,0,0,0,0,0,0,0,0,0,0,0,0,0,0,0,0,0,0,0,16.4561,55.5274,13.5946,526.389,678.016,0,0.923859,-0.379009,0.0532651,0.999952,0.5613,0.0138617,0.626016,0.77,878.505,1158.7,1914.32,3295.37,257.602,717.147,1852.12,51.175,2381.12,213.371,92.6751,-0.761192,0.730354,0.849212,-0.750293,0,0,0,0,0,0,0,82.2062,0,0.970168,0,0,211.297,1066.5,0,0,725.303,3328.53,0
1691509891373517271,1707,1703,3,0.997657,17.7581,36.2603,63.0479,87.3027,170.402,-2.59026,225.211,507.59,1086.57,1371.46,751.395,3442.42,8968.93,13278.6,1203.45,1564.79,2334.4,658.109,554.976,410.281,136406,6031.13,9075.76,2.63669,2.63737,0,0,0.0442145,0,27.7606,105.164,209.491,1307.52,1837.04,5588.78,3.86959,0.023091,7,7,6,0.461538,1,2.80939,1.58735,1.22204,0.0197648,0.367709,1703,0,0,0,0,0.001,0,0,0,0,0,0,0,0,0,0,0,0,0,0,0,0,0,0,0,0,0,0,0,0,0,0,0,0,0,0,0,0,0,0,0,0,17.7581,63.0479,12.8684,530.541,677.59,0,0.920913,-0.386376,0.0512994,0.999967,0.46834,0.0274111,0.785714,0.88,935.859,1200.21,1909.63,3469.37,258.819,755.362,1820.13,47.8186,2412.22,223.718,108.137,-0.14827,0.390185,0.147971,-0.393909,0,0,0,0,0,0,0,87.3027,0,0.971227,0,0,225.211,1086.57,0,0,751.395,3442.42,0
1691509891476325742,1847,1841,5,0.996751,17.2189,33.124,53.8971,78.2559,182.171,-1.41141,223.612,530.495,1099.97,1385.25,727.512,3698.1,8248.38,13295.7,1225.21,1835.74,2492.75,657.833,559.51,476.934,142869,6415.49,9891.08,5.47399,3.73051,0,0,0.0449047,0,27.4172,113.844,225.289,1368.46,2351.68,5804.38,0.0142556,0.00163357,4,3,10,0.769231,1,2.8178,1.68556,1.13224,0.0111124,0.375675,1841,0,0,0,0,0.001,0,0,0,0,0,0,0,0,0,0,0,0,0,0,0,0,0,0,0,0,0,0,0,0,0,0,0,0,0,0,0,0,0,0,0,0,17.2189,53.8971,9.06886,559.305,673.626,0,0.920441,-0.38732,0.0526452,0.999999,0.0979985,0.0277923,0.801802,0.89,928.512,1207.06,1962.55,3472.83,261.422,768.303,1887.84,47.4856,2552.58,260.476,119.334,-0.738076,-0.0305516,0.924216,0.10278,0,0,0,0,0,0,0,78.2559,0,0.972298,0,0,223.612,1099.97,0,0,727.512,3698.1,0
1691509891577988415,2021,2013,8,0.996042,18.1923,32.3966,52.2284,69.0317,178.324,-2.3762,230.521,554.669,1136.59,1390.37,740.577,3657.35,8363.45,12069.9,1050.27,2014.6,2207.53,645.011,501.501,550.453,143310,6325.76,10330.8,4.74331,4.95527,0,0,0.0441405,0,33.6585,132.657,266.551,1259.34,3602.62,5035.94,0.0137582,0.00185947,6,5,9,0.642857,1,2.89155,1.80592,1.08563,0.0111184,0.38167,2013,0,0,0,0,0.001,0,0,0,0,0,0,0,0,0,0,0,0,0,0,0,0,0,0,0,0,0,0,0,0,0,0,0,0,0,0,0,0,0,0,0,0,18.1923,52.2284,10.4843,557.637,662.879,0,0.920316,-0.387893,0.0505703,0.999998,0.123533,0.0348991,0.73913,0.85,905.124,1201.75,1959.51,3466.87,258.122,742.452,1890.11,50.4849,2740.37,313.142,173.241,-0.699282,0.112305,0.798212,-0.175801,0,0,0,0,0,0,0,69.0317,0,0.987581,0,0,230.521,1136.59,0,0,740.577,3657.35,0
1691509891677172240,2143,2142,1,0.999533,17.1907,29.3828,43.9098,56.2676,135.83,-1.52643,236.916,548.147,1067.65,1370.31,826.276,3700.54,9064.23,12015.9,1319.09,2023.89,2406.61,571.306,552.438,504.359,148325,7895.85,11898,7.19681,7.19307,0,0,0.0532334,0,33.654,87.6316,263.643,1501.37,2781.54,7230.15,0.130446,0.0155069,8,8,10,0.555556,1,2.16882,1.33657,0.832249,0.0216311,0.205325,2142,0,0,0,0,0.001,0,0,0,0,0,0,0,0,0,0,0,0,0,0,0,0,0,0,0,0,0,0,0,0,0,0,0,0,0,0,0,0,0,0,0,0,17.1907,43.9098,9.46589,591.632,696.902,0,0.920276,-0.387959,0.0507891,1,0.0132933,0.0482675,0.724138,0.84,979.081,1267.21,1971.58,3474.95,262.908,780.817,1874.71,44.1839,2767.04,278.74,124.966,-0.307935,0.319386,0.241324,-0.320815,0,0,0,0,0,0,0,56.2676,0,0.996732,0,0,236.916,1067.65,0,0,826.276,3700.54,0
1691509891775228717,2136,2136,0,1,17.6381,30.6427,45.5227,54.0877,143.37,-0.446662,233.829,546.615,1133.06,1410.8,831.925,3841.58,9487.26,15582.9,1457.2,1897.55,2524.03,543.424,605.194,512.734,154120,9393.67,13735.1,17.9445,3.97825,0,0,0.0609503,0,38.8178,108.004,253.042,1676.53,2880.53,8778.14,0.00020455,2.25321e-05,2,2,8,0.8,1,2.26803,1.44672,0.82131,0.00895193,0.276374,2136,0,0,0,0,0.001,0,0,0,0,0,0,0,0,0,0,0,0,0,0,0,0,0,0,0,0,0,0,0,0,0,0,0,0,0,0,0,0,0,0,0,0,17.6381,45.5227,11.6818,635.294,716.025,0,0.920647,-0.387056,0.0509644,1,0.0568105,0.103591,0.886792,0.94,1027.16,1268.17,1971.67,3473.23,262.862,786.474,1867.22,51.0537,2728.3,268.289,137.262,-0.126797,0.876629,0.181203,0.236179,0,0,0,0,0,0,0,54.0877,0,0.998596,0,0,233.829,1133.06,0,0,831.925,3841.58,0
1691509891872794736,2007,2001,6,0.99701,19.4421,33.1731,47.1969,58.0673,177.053,-0.953393,230.18,537.443,1122.84,1409.42,881.613,3805.79,9079.47,14830.5,1444.58,1809.09,2500.78,586.027,646.604,456.975,161668,8325.53,12452.4,5.63491,5.54287,0,0,0.0514976,0,40.3385,108.36,236.438,1614.57,2775.99,7676.73,0.039785,0.00360115,8,7,9,0.5625,1,2.59177,1.70905,0.882723,0.0115133,0.272703,2001,0,0,0,0,0.001,0,0,0,0,0,0,0,0,0,0,0,0,0,0,0,0,0,0,0,0,0,0,0,0,0,0,0,0,0,0,0,0,0,0,0,0,19.4421,47.1969,12.9675,669.213,742.82,0,0.921676,-0.384663,0.0504731,0.999996,0.151889,0.0369687,0.834862,0.91,1029.88,1285.08,1995.76,3469.43,255.156,790.638,1871.73,52.4158,2785.52,247.531,132.197,-0.394652,0.741452,0.399904,-0.683199,0,0,0,0,0,0,0,58.0673,0,0.996002,0,0,230.18,1122.84,0,0,881.613,3805.79,0
1691509891969866220,1944,1939,5,0.997428,19.0726,33.5475,50.0255,65.3523,150.506,-0.0689634,225.406,530.861,1150.24,1433.39,862.889,4134.39,9492.19,16113.9,1478.88,1657.94,2747.55,655.331,681.129,426.72,164168,9281.62,13646.3,4.68377,5.08298,0,0,0.0565372,0,31.9424,109.561,236.697,1674.88,2961.76,8631.46,0.000475688,8.14961e-05,4,3,9,0.75,1,2.34795,1.38897,0.958985,0.0138646,0.334596,1939,0,0,0,0,0.001,0,0,0,0,0,0,0,0,0,0,0,0,0,0,0,0,0,0,0,0,0,0,0,0,0,0,0,0,0,0,0,0,0,0,0,0,19.0726,50.0255,11.836,672.777,740.387,0,0.921567,-0.384866,0.0509166,1,0.0286469,0.0777621,0.834862,0.91,1010.91,1265.61,1993.75,3463.03,254.798,786.398,1855.97,49.6656,2787.55,243.425,134.174,-0.225464,0.525825,0.562318,-0.379072,0,0,0,0,0,0,0,65.3523,0,0.992264,0,0,225.406,1150.24,0,0,862.889,4134.39,0
1691509892066753459,1741,1736,5,0.997128,18.3786,32.7029,49.7469,60.6869,147.693,-1.29047,240.718,548.693,1145.11,1393.37,900.742,4305.62,10257.6,19676.7,1378.9,1552.99,2887.22,716.853,649.344,404.701,158168,9323.81,13451.5,2.86438,2.90029,0,0,0.0589489,0,33.9738,99.0384,206.159,1569.14,2788.69,8754.49,0.000850452,0.000153831,5,4,9,0.692308,1,2.10383,1.30176,0.802067,0.00720397,0.270249,1736,0,0,0,0,0.001,0,0,0,0,0,0,0,0,0,0,0,0,0,0,0,0,0,0,0,0,0,0,0,0,0,0,0,0,0,0,0,0,0,0,0,0,18.3786,49.7469,12.0322,669.988,741.979,0,0.920575,-0.387291,0.0504645,0.999996,0.152298,0.0643134,0.869159,0.93,1025.32,1262.1,1990.71,3461.16,256.324,790.665,1826.45,48.0125,2652.79,225.842,121.527,-0.186274,0.683322,0.425642,-0.702966,0,0,0,0,0,0,0,60.6869,0,0.994816,0,0,240.718,1145.11,0,0,900.742,4305.62,0
1691509892163595285,1719,1713,6,0.99651,17.9423,31.9851,49.8288,63.0978,123.141,-0.604388,233.783,493.189,1112.18,1462.41,934.833,4100.49,9475.01,17578.6,1318.31,1430.44,2802.86,701.98,667.033,317.53,149731,8309.57,11899.2,6.33906,2.26358,0,0,0.0554965,0,23.7255,81.5267,216.428,1414.94,2310.54,7852.02,0.000119919,1.36807e-05,3,3,8,0.727273,1,2.46994,1.68299,0.786956,0.00835267,0.383229,1713,0,0,0,0,0.001,0,0,0,0,0,0,0,0,0,0,0,0,0,0,0,0,0,0,0,0,0,0,0,0,0,0,0,0,0,0,0,0,0,0,0,0,17.9423,49.8288,11.9811,636.787,701.232,0,0.922275,-0.383308,0.0498432,0.99999,0.250657,0.0550446,0.886792,0.94,1012.85,1263.14,1964.97,3457.33,249.672,794.006,1823.16,48.6848,2524.95,236.647,101.616,-0.493776,0.386768,0.637482,-0.550208,0,0,0,0,0,0,0,63.0978,0,0.995914,0,0,233.783,1112.18,0,0,934.833,4100.49,0
1691509892259351809,1661,1661,0,1,18.7406,33.264,52.4608,64.4775,118.189,-2.55381,240.368,535.195,1150.25,1429.53,948.165,4449.36,10241.2,17023.5,1504.12,1595.88,2912.83,684.707,687.538,344.092,149624,8260.76,12428,3.12482,3.10926,0,0,0.0552101,0,25.761,104.731,195.203,1605.62,2954.66,7542.04,0.0242331,0.00433258,8,8,12,0.6,1,2.10515,1.26479,0.840352,0.0103474,0.597873,1661,0,0,0,0,0.001,0,0,0,0,0,0,0,0,0,0,0,0,0,0,0,0,0,0,0,0,0,0,0,0,0,0,0,0,0,0,0,0,0,0,0,0,18.7406,52.4608,12.5162,601.504,678.98,0,0.921771,-0.384471,0.0501981,0.999999,0.0754189,0.0356511,0.904762,0.95,1011.16,1251.6,1962.96,3456.77,251.372,830.09,1829.77,49.0042,2365.48,203.955,111.352,-0.304102,0.239999,0.0585413,-0.229509,0,0,0,0,0,0,0,64.4775,0,0.993377,0,0,240.368,1150.25,0,0,948.165,4449.36,0
1691509892356843889,1636,1635,1,0.999389,18.3121,32.1976,52.094,69.0878,112.786,-2.67178,219.682,488.078,1083.53,1409.21,863.082,4246.37,9371.8,16779.9,1292.49,1489.68,2955.92,642.174,653.911,272.589,157507,7801.88,11154.5,3.26253,3.23671,0,0,0.0495335,0,23.8682,86.1235,166.323,1387.36,2111.93,7378.94,0.00537208,0.000670228,6,6,11,0.647059,1,1.90285,1.10143,0.801428,0.00995001,0.0984067,1635,0,0,0,0,0.001,0,0,0,0,0,0,0,0,0,0,0,0,0,0,0,0,0,0,0,0,0,0,0,0,0,0,0,0,0,0,0,0,0,0,0,0,18.3121,52.094,9.82737,618.216,738.957,0,0.917877,-0.393657,0.0503524,0.99995,0.571727,0.0471543,0.834862,0.91,1002.43,1259.79,1966.74,3456.75,258.6,794.477,1806.43,49.2228,2368.62,176.279,101.412,-0.410198,0.594593,0.880603,-0.52255,0,0,0,0,0,0,0,69.0878,0,0.996942,0,0,219.682,1083.53,0,0,863.082,4246.37,0
1691509892455014121,1586,1585,1,0.999369,17.4229,32.2871,53.5608,72.2081,165.997,-2.77816,234.296,550.484,1186.54,1527.41,945.261,4615.54,10494.3,15491.6,1511.29,1736.75,3000.7,662.99,654.738,354.041,163922,8335.2,12411.4,5.1232,4.29461,0,0,0.0508486,0,28.9904,99.3909,191.511,1550.99,2875.32,7665.19,0.033147,0.00286061,3,3,7,0.7,1,2.18334,1.32914,0.854198,0.00849446,0.370805,1585,0,0,0,0,0.001,0,0,0,0,0,0,0,0,0,0,0,0,0,0,0,0,0,0,0,0,0,0,0,0,0,0,0,0,0,0,0,0,0,0,0,0,17.4229,53.5608,13.3792,660.778,767.843,0,0.920848,-0.386557,0.0511158,0.99997,0.443115,0.0135831,0.818182,0.9,1039.25,1264.62,1961.7,3456.09,258.338,810.034,1808.76,47.0621,2478.01,205.575,122.726,-0.256927,1.31014,0.277505,-1.15442,0,0,0,0,0,0,0,72.2081,0,0.988013,0,0,234.296,1186.54,0,0,945.261,4615.54,0
1691509892553869081,1515,1509,6,0.99604,18.2992,36.1211,59.937,74.5187,139.441,-2.39853,242.096,543.311,1147.54,1480.83,985.971,4699.28,9925.21,17673.5,1680.89,1763.45,3352.05,561.035,587.171,367.637,157018,8463.79,12443,5.136,5.12738,0,0,0.0539034,0,22.5839,98.2801,174.14,1414.12,2918.71,7815.15,0.0524958,0.00262113,4,4,7,0.636364,1,2.13891,1.19938,0.93952,0.00369409,0.201672,1509,0,0,0,0,0.001,0,0,0,0,0,0,0,0,0,0,0,0,0,0,0,0,0,0,0,0,0,0,0,0,0,0,0,0,0,0,0,0,0,0,0,0,18.2992,59.937,10.0012,651.642,758.357,0,0.91982,-0.389018,0.0509599,0.999996,0.153052,0.00978445,0.851852,0.92,1038.45,1262.67,1984.59,3454.7,259.401,817.293,1828.75,46.1062,2374.66,188.865,117.46,-0.605665,0.320994,0.614289,-0.298785,0,0,0,0,0,0,0,74.5187,0,0.983433,0,0,242.096,1147.54,0,0,985.971,4699.28,0
1691509892654304651,1375,1371,4,0.997091,18.9776,36.2648,59.8887,78.8124,165.075,-0.748254,232.513,598.532,1207.61,1484.96,912.66,4539.96,10698.9,17538,1490.46,1754,3014.96,562.336,628.322,390.328,144636,7401.26,10995.8,2.41244,2.43959,0,0,0.0511715,0,22.9535,87.8977,180.273,1067.12,2927,6710.58,0.00299921,0.000277764,4,3,13,0.8125,1,2.12946,1.23162,0.897841,0.0101488,0.136264,1371,0,0,0,0,0.001,0,0,0,0,0,0,0,0,0,0,0,0,0,0,0,0,0,0,0,0,0,0,0,0,0,0,0,0,0,0,0,0,0,0,0,0,18.9776,59.8887,7.56429,592.674,716.761,0,0.918968,-0.391372,0.0482266,0.999993,0.212356,0.0213592,0.666667,0.8,959.264,1228.5,1964.57,3446.64,246.292,773.218,1819.99,42.0566,2334.7,197.622,117.952,0.0969002,0.324714,0.964151,-0.518115,0,0,0,0,0,0,0,78.8124,0,0.981036,0,0,232.513,1207.61,0,0,912.66,4539.96,0
1691509892756407349,1385,1380,5,0.99639,18.5444,35.2652,60.7194,78.4189,168.166,-3.63804,218.814,461.164,1046.14,1369.15,831.397,3800.39,9795.55,17602.8,1017.47,1323.64,2535.95,463.269,511.362,316.798,136360,6049.81,8627.51,5.31924,4.81374,0,0,0.0443664,0,17.753,73.9944,144.186,771.981,1945.87,5673.73,0.0288983,0.00420366,4,3,11,0.785714,1,2.27353,1.35296,0.920568,0.012884,0.27662,1380,0,0,0,0,0.001,0,0,0,0,0,0,0,0,0,0,0,0,0,0,0,0,0,0,0,0,0,0,0,0,0,0,0,0,0,0,0,0,0,0,0,0,18.5444,60.7194,11.9808,562.106,699.913,0,0.920449,-0.387601,0.0503938,0.999989,0.263244,0.0154942,0.652893,0.79,867.211,1121.1,1914.1,3451.05,238.295,707.272,1769.54,45.979,2385.26,152.976,86.2806,-0.366532,0.45659,0.503253,-0.464741,0,0,0,0,0,0,0,78.4189,0,0.976812,0,0,218.814,1046.14,0,0,831.397,3800.39,0
1691509892859177421,1483,1482,1,0.999326,16.2499,30.9064,52.5408,68.6039,184.044,-2.09086,245.9,517.74,1123.21,1424.31,939.714,4398.85,10643.2,16796.7,1557.59,1306.03,3214.55,571.841,655.087,364.607,133225,8498.47,11898.3,2.42358,2.41373,0,0,0.0637905,0,24.9354,88.6657,132.732,1534.11,2004.57,8113.32,13.0077,0.0103425,7,6,1,0.142857,1,2.00691,1.23551,0.7714,0.0365908,0.220534,1482,0,0,0,0,0.001,0,0,0,0,0,0,0,0,0,0,0,0,0,0,0,0,0,0,0,0,0,0,0,0,0,0,0,0,0,0,0,0,0,0,0,0,16.2499,52.5408,9.6338,599.499,691.867,0,0.91982,-0.389159,0.0498587,0.999998,0.101038,0.114221,0.626016,0.77,993.562,1251.74,1963.29,3459.33,259.445,801.491,1843.68,39.8872,2543.24,135.44,93.0685,-0.451921,0.675796,0.45295,-0.66283,0,0,0,0,0,0,0,68.6039,0,0.987179,0,0,245.9,1123.21,0,0,939.714,4398.85,0
1691509892962502276,1731,1728,3,0.998267,16.214,31.6529,53.9426,72.806,139.422,-2.71836,236.511,501.319,1070.34,1410.47,897.627,4327.81,9546.9,18005.1,1573.62,1405.33,3033.25,630.92,702.661,371.431,147429,7961.54,11996.4,5.40888,4.50565,0,0,0.0540024,0,27.0215,86.018,196.153,1490.18,2962.02,7235.01,0.106663,0.00393047,3,3,7,0.7,1,2.10386,1.1915,0.912363,0.00672389,0.343016,1728,0,0,0,0,0.001,0,0,0,0,0,0,0,0,0,0,0,0,0,0,0,0,0,0,0,0,0,0,0,0,0,0,0,0,0,0,0,0,0,0,0,0,16.214,53.9426,15.6967,608.497,705.806,0,0.921816,-0.384374,0.0501208,0.999987,0.297469,0.0709547,0.834862,0.91,1003.34,1254.08,1960.11,3459.17,243.829,807.163,1845.6,45.899,2700.27,206.602,112.874,-0.11993,0.785914,0.524673,-0.885081,0,0,0,0,0,0,0,72.806,0,0.988426,0,0,236.511,1070.34,0,0,897.627,4327.81,0
1691509893067390177,1759,1758,1,0.999431,16.368,31.5377,53.0923,68.2807,110.973,-4.56941,224.042,489.577,1146.61,1421.79,878.865,4560.9,9783.04,16585.3,1734.49,1379.05,3013.13,642.671,673.099,386.689,155843,8636.33,13291.9,4.30397,3.97734,0,0,0.0554168,0,21.2978,93.3709,191.686,1532.66,3908.86,7544.01,0.0113268,0.00119265,11,10,9,0.473684,1,2.06325,1.23305,0.830198,0.0248783,0.40218,1758,0,0,0,0,0.001,0,0,0,0,0,0,0,0,0,0,0,0,0,0,0,0,0,0,0,0,0,0,0,0,0,0,0,0,0,0,0,0,0,0,0,0,16.368,53.0923,13.4217,632.971,731.608,0,0.922876,-0.381889,0.049607,0.999996,0.157566,0.0403961,0.869159,0.93,1003.75,1253.2,1958.35,3456.47,255.208,786.362,1811.81,47.8466,2815.6,194.1,133.066,-0.00840911,0.780758,0.136891,-0.6572,0,0,0,0,0,0,0,68.2807,0,0.997725,0,0,224.042,1146.61,0,0,878.865,4560.9,0
1691509893172206237,1786,1782,4,0.99776,16.2207,30.3941,51.8607,68.2871,136.136,-5.71383,231.22,492.454,1131.89,1424.28,934.577,4463.5,9937.25,15771.8,1515.3,1512.74,2987.66,682.283,686.413,385.555,154785,8639.47,13042,5.81203,4.93244,0,0,0.0558158,0,22.8018,82.2142,191.891,1506,3478.26,7760.8,0.00188563,0.000368795,4,4,8,0.666667,1,2.08777,1.26068,0.827088,0.00740944,0.550041,1782,0,0,0,0,0.001,0,0,0,0,0,0,0,0,0,0,0,0,0,0,0,0,0,0,0,0,0,0,0,0,0,0,0,0,0,0,0,0,0,0,0,0,16.2207,51.8607,16.137,651.841,713.022,0,0.923593,-0.380041,0.050441,0.999998,0.123222,0.0772433,0.904762,0.95,1007.03,1244.81,1956.16,3484.66,253.491,787.132,1809.15,52.3026,2868.1,206.973,119.247,-0.402107,0.832817,0.45039,-0.806169,0,0,0,0,0,0,0,68.2871,0,0.996072,0,0,231.22,1131.89,0,0,934.577,4463.5,0
1691509893275777388,1765,1763,2,0.998867,16.4166,30.6657,54.0844,70.2566,141.128,-3.99248,222.925,466.777,1108.57,1363.98,891.966,4200.42,10016.2,17434.6,1511.67,1499.73,2878.11,630.67,656.082,330.883,150364,8558.12,12883,2.8582,2.82497,0,0,0.0569159,0,14.8897,92.3547,168.261,1514.15,3380.89,7712.42,0.0185995,0.00214707,7,6,12,0.666667,1,2.02717,1.1679,0.859268,0.0143074,0.339819,1763,0,0,0,0,0.001,0,0,0,0,0,0,0,0,0,0,0,0,0,0,0,0,0,0,0,0,0,0,0,0,0,0,0,0,0,0,0,0,0,0,0,0,16.4166,54.0844,15.0789,643.501,724.42,0,0.920496,-0.387282,0.0519665,0.999968,0.459656,0.0878628,0.869159,0.93,1011.71,1252.33,1982.64,3485.44,248.588,787.12,1853.75,46.8734,2704,175.565,117.789,0.339003,0.194229,-0.258883,-0.191387,0,0,0,0,0,0,0,70.2566,0,0.994895,0,0,222.925,1108.57,0,0,891.966,4200.42,0
1691509893377119846,1709,1708,1,0.999415,16.2558,30.8831,51.2346,69.4282,127.929,-2.7296,228.44,533.469,1101.3,1437.24,901.547,4231.18,10430.9,21102.9,1458.33,1327.41,2902.49,605.879,649.871,308.578,146610,8536.88,12950.4,4.29901,4.08676,0,0,0.0582285,0,15.2688,96.0915,191.705,1522.83,3484.34,7640.19,0.00637246,0.00127212,4,3,11,0.785714,1,1.92554,1.08922,0.836317,0.00649393,0.215279,1708,0,0,0,0,0.001,0,0,0,0,0,0,0,0,0,0,0,0,0,0,0,0,0,0,0,0,0,0,0,0,0,0,0,0,0,0,0,0,0,0,0,0,16.2558,51.2346,9.69315,635.015,719.292,0,0.919983,-0.388585,0.051317,0.999999,0.088449,0.0153558,0.869159,0.93,1015.05,1243.48,1958.04,3482.74,257.044,803.581,1809.77,47.2739,2728.43,204.911,127.396,-0.101077,0.33108,-0.246443,-0.296559,0,0,0,0,0,0,0,69.4282,0,0.991218,0,0,228.44,1101.3,0,0,901.547,4231.18,0
1691509893476337130,1739,1736,2,0.998275,18.9373,32.1699,51.6524,66.0617,172.955,-0.347435,231.993,518.053,1137.23,1417.2,930.049,4258.55,10057.3,15219.6,1355.89,1372.83,3026.19,630.504,612.252,315.553,137622,8796.47,13162.2,0.993125,1.46918,0,0,0.0639179,0,21.1504,91.5635,198.595,1537.54,3314.71,7998.65,0.015293,0.000296521,7,7,10,0.588235,1,1.91452,1.0127,0.901823,0.00567583,0.266525,1736,0,0,0,0,0.001,0,0,0,0,0,0,0,0,0,0,0,0,0,0,0,0,0,0,0,0,0,0,0,0,0,0,0,0,0,0,0,0,0,0,0,0,18.9373,51.6524,7.65911,586.542,704.799,0,0.919221,-0.39056,0.0499529,0.999997,0.144292,0.090669,0.851852,0.92,987.662,1241.88,1958.35,3478.41,251.349,805.963,1849.33,42.2644,2481.84,215.311,120.997,-0.501848,0.174507,1.20812,-0.167591,0,0,0,0,0,0,0,66.0617,0,0.989055,0,0,231.993,1137.23,0,0,930.049,4258.55,0
1691509893573801581,1559,1557,2,0.998717,17.9907,35.3471,59.7167,80.2304,154.591,-0.21104,244.768,582.638,1169.35,1451.29,1004.13,4381.3,10059.4,17719.4,1485.12,1406.49,3065.92,653.019,601.823,320.398,140450,8082.35,12150.1,6.95728,6.94964,0,0,0.057546,0,27.0409,97.8384,199.621,1400.9,3093.98,7330.69,3.78496,0.0178404,5,4,1,0.2,1,2.18091,1.14998,1.03092,0.00741564,0.20733,1557,0,0,0,0,0.001,0,0,0,0,0,0,0,0,0,0,0,0,0,0,0,0,0,0,0,0,0,0,0,0,0,0,0,0,0,0,0,0,0,0,0,0,17.9907,59.7167,7.30706,600.225,701.468,0,0.919159,-0.390551,0.0511566,0.999999,0.0690608,0.0277394,0.886792,0.94,998.543,1233.19,1958.24,3479.73,259.152,810.868,1843.5,43.9192,2395.48,217.953,123.374,-0.0790617,-0.737892,0.0786915,0.739398,0,0,0,0,0,0,0,80.2304,0,0.976236,0,0,244.768,1169.35,0,0,1004.13,4381.3,0
1691509893670353466,1466,1462,4,0.997271,18.6957,35.9872,62.7583,87.8788,162.876,-2.32364,247.387,560.053,1208.5,1468.29,994.518,4461.68,10307.3,20622.2,1443.35,1405.79,3003.99,548.032,569.728,389.828,143126,7629.38,11701,10.006,6.77971,0,0,0.0533055,0,25.6676,100.592,205.47,1340.32,3272.61,6756.33,0.000399351,0.000131464,4,4,8,0.666667,1,2.1146,1.04329,1.07131,0.0109255,0.197706,1462,0,0,0,0,0.001,0,0,0,0,0,0,0,0,0,0,0,0,0,0,0,0,0,0,0,0,0,0,0,0,0,0,0,0,0,0,0,0,0,0,0,0,18.6957,62.7583,8.76122,595.548,705.691,0,0.920375,-0.387673,0.0511806,0.999995,0.17901,0.012224,0.851852,0.92,979.441,1238.63,1955.33,3470.55,261.19,804.737,1842.66,42.9693,2361.43,207.971,127.779,-0.302264,0.692579,0.775635,-0.552065,0,0,0,0,0,0,0,87.8788,0,0.967852,0,0,247.387,1208.5,0,0,994.518,4461.68,0
1691509893767584242,1461,1452,9,0.99384,19.3006,35.647,63.1076,91.3083,178.544,-2.23503,237.022,558.248,1148.25,1383.19,905.898,4254.82,8730.22,16930.9,1396.63,1681.57,2787.7,539.074,573.876,396.059,144376,6366.1,9934.95,6.19434,5.90233,0,0,0.0440938,0,24.466,86.0468,187.366,1140.28,3006.2,5490.59,0.107782,0.0125865,3,2,8,0.8,1,2.20975,1.13033,1.07942,0.00299473,0.0854648,1452,0,0,0,0,0.001,0,0,0,0,0,0,0,0,0,0,0,0,0,0,0,0,0,0,0,0,0,0,0,0,0,0,0,0,0,0,0,0,0,0,0,0,19.3006,63.1076,8.5888,608.952,716.46,0,0.920093,-0.38845,0.050343,0.999999,0.0674355,0.010768,0.785714,0.88,963.127,1234.38,1954.02,3467,262.608,793.273,1821.94,48.924,2474.25,205.218,124.494,-0.289696,1.41884,0.285223,-1.40385,0,0,0,0,0,0,0,91.3083,0,0.966253,0,0,237.022,1148.25,0,0,905.898,4254.82,0
1691509893864234363,1503,1498,5,0.996673,18.1222,33.0655,57.8275,80.1908,181.855,0.0132335,225.738,510.052,1069.02,1393.75,831.531,3861.7,9052.67,13236.6,1189.96,1608.77,2562.7,572.934,502.502,422.96,149791,5447.49,8663.94,5.77657,5.76792,0,0,0.0363673,0,17.9815,81.5396,186.435,974.853,2901.6,4501.53,0.0753809,0.00514538,4,4,7,0.636364,1,1.99592,1.01609,0.979833,0.0109037,0.247622,1498,0,0,0,0,0.001,0,0,0,0,0,0,0,0,0,0,0,0,0,0,0,0,0,0,0,0,0,0,0,0,0,0,0,0,0,0,0,0,0,0,0,0,18.1222,57.8275,8.99891,576.168,732.834,0,0.920496,-0.387412,0.0509879,0.999999,0.0737373,0.0661008,0.769912,0.87,962.867,1229.78,1952.14,3466.42,255.069,787.79,1829.91,49.2361,2427.51,217.232,115.573,-0.591559,0.451039,0.502386,-0.427429,0,0,0,0,0,0,0,80.1908,0,0.977971,0,0,225.738,1069.02,0,0,831.531,3861.7,0
1691509893962081277,1518,1515,2,0.998024,19.2158,33.3463,55.2954,70.9989,184.267,-1.57032,220.983,493.23,1098.85,1417.15,795.526,3848.03,8431.72,13139.9,1282.41,1542.28,2304.54,559.167,536.879,349.178,148290,5258.7,8281.69,6.25822,5.69653,0,0,0.0354623,0,22.5641,75.4339,165.488,907.848,2684.08,4426.27,0.0341242,0.00325217,4,3,10,0.769231,1,2.7048,1.82264,0.88216,0.0114834,0.0925795,1515,0,0,0,0,0.001,0,0,0,0,0,0,0,0,0,0,0,0,0,0,0,0,0,0,0,0,0,0,0,0,0,0,0,0,0,0,0,0,0,0,0,0,19.2158,55.2954,9.9782,593.318,726.704,0,0.921331,-0.385406,0.0511096,0.999998,0.124684,0.0503852,0.694915,0.82,921.81,1212.08,1895.69,3465,259.171,779.387,1754.99,49.0085,2469.66,201.621,112.408,-0.747377,0.211081,0.962923,-0.241814,0,0,0,0,0,0,0,70.9989,0,0.985479,0,0,220.983,1098.85,0,0,795.526,3848.03,0
1691509894058899269,1534,1527,6,0.995437,17.4102,31.8974,51.4672,67.7607,162.448,-0.186823,236.188,554.667,1171.93,1457.83,822.48,4030.65,9203.93,14334.4,1324.47,1693.8,2493.65,596.653,544.29,412.213,149310,6317.76,9983.13,3.16063,1.70646,0,0,0.0423132,0,23.5856,99.599,213.721,1111.88,3217.37,5316.97,0.0423199,0.00367165,3,3,7,0.7,1,1.92538,1.12786,0.797527,0.0149385,0.27663,1527,0,0,0,0,0.001,0,0,0,0,0,0,0,0,0,0,0,0,0,0,0,0,0,0,0,0,0,0,0,0,0,0,0,0,0,0,0,0,0,0,0,0,17.4102,51.4672,10.0949,569.237,728.668,0,0.920181,-0.388305,0.0498562,0.999994,0.192588,0.0184389,0.73913,0.85,962.185,1236.36,1949.95,3460.61,255.133,778.312,1835.44,50.449,2376.23,236.176,136.94,-0.25228,0.212508,0.267739,0.0199791,0,0,0,0,0,0,0,67.7607,0,0.984938,0,0,236.188,1171.93,0,0,822.48,4030.65,0
1691509894158581200,1640,1630,6,0.993902,16.997,31.4161,50.0521,65.4962,179.311,-0.0375323,233.849,567.701,1159.44,1446.24,822.56,3779.07,9026.03,15971.3,1297.62,1754.57,2372.33,594.851,569.167,443.866,147701,6164.4,9739.01,4.46436,4.18801,0,0,0.0417357,0,33.6872,103.569,217.402,1069.42,3102,5212.93,0.00117477,0.000468997,6,6,8,0.571429,1,2.00286,1.19375,0.80911,0.0118453,0.258244,1630,0,0,0,0,0.001,0,0,0,0,0,0,0,0,0,0,0,0,0,0,0,0,0,0,0,0,0,0,0,0,0,0,0,0,0,0,0,0,0,0,0,0,16.997,50.0521,11.4673,546.884,727.648,0,0.922022,-0.383669,0.05171,0.999986,0.304911,0.0310694,0.818182,0.9,943.349,1216.03,1887.21,3462.9,254.119,776.835,1801.12,48.0817,2311.36,245.085,148.003,-0.130307,0.216903,0.425106,-0.120941,0,0,0,0,0,0,0,65.4962,0,0.991411,0,0,233.849,1159.44,0,0,822.56,3779.07,0
1691509894259168640,1699,1693,6,0.996469,16.7567,30.4777,47.5583,59.3796,133.969,0.361185,239.883,599.871,1182.61,1435.96,861.018,3889.87,8629.68,17238.7,1422.58,1465.93,2357.05,661.805,594.452,389.667,149313,5987.9,9452.09,3.00912,3.11345,0,0,0.040103,0,27.7896,107.129,228.158,1156,2744.21,5188.8,0.00926815,0.00130742,6,5,9,0.642857,1,2.2705,1.51378,0.756728,0.0105959,0.284155,1693,0,0,0,0,0.001,0,0,0,0,0,0,0,0,0,0,0,0,0,0,0,0,0,0,0,0,0,0,0,0,0,0,0,0,0,0,0,0,0,0,0,0,16.7567,47.5583,11.9749,539.565,731.46,0,0.921457,-0.38539,0.0489021,0.999994,0.191438,0.0117406,0.680672,0.81,917.65,1215.2,1955.57,3453.79,253.79,732.913,1790.91,50.9924,2358.41,272.183,137.4,-0.39626,0.357443,0.213425,-0.403713,0,0,0,0,0,0,0,59.3796,0,0.992321,0,0,239.883,1182.61,0,0,861.018,3889.87,0
1691509894359668461,1670,1667,3,0.998204,17.1968,30.6998,44.8922,56.5827,141.518,-0.707788,235.475,611.611,1127.34,1396.14,887.03,3888.02,8346.62,11061.9,1350.27,1576.95,2477.06,670.753,563.522,436.348,150842,5732.93,9068.55,5.91365,4.74331,0,0,0.0380062,0,34.4569,106.311,233.491,1049.51,2709.59,4935.19,0.000201449,3.67833e-05,3,3,8,0.727273,1,1.72177,1.02377,0.698,0.00990512,0.24228,1667,0,0,0,0,0.001,0,0,0,0,0,0,0,0,0,0,0,0,0,0,0,0,0,0,0,0,0,0,0,0,0,0,0,0,0,0,0,0,0,0,0,0,17.1968,44.8922,9.6713,541.349,738.98,0,0.920023,-0.38831,0.0526515,0.999988,0.284436,0.0244321,0.666667,0.8,961.284,1230.63,1960.4,3462.48,259.922,778.967,1847.79,47.6434,2265.26,268.605,141.091,-0.27256,-0.217006,0.656971,0.486073,0,0,0,0,0,0,0,56.5827,0,0.992801,0,0,235.475,1127.34,0,0,887.03,3888.02,0
1691509894461900250,1730,1725,4,0.99711,17.7266,30.5916,43.9499,55.5141,138.983,-2.16478,238.444,575.147,1193.75,1459.59,866.801,3745.55,8061.07,11053.7,1368.34,1496.38,2353.18,634.804,530.398,467.476,146212,5747.95,9179.79,3.95417,3.8042,0,0,0.0393126,0,32.3627,107.66,240.328,1143.44,2743.11,4912.89,2.58868,0.0161033,4,3,7,0.7,1,3.53613,2.85107,0.68506,0.0146147,0.200615,1725,0,0,0,0,0.001,0,0,0,0,0,0,0,0,0,0,0,0,0,0,0,0,0,0,0,0,0,0,0,0,0,0,0,0,0,0,0,0,0,0,0,0,17.7266,43.9499,12.3829,565.183,730.434,0,0.923428,-0.380359,0.0510602,0.999961,0.503889,0.0402056,0.785714,0.88,925.464,1224.42,1877.54,3452.45,259.734,768.115,1796.96,56.2584,2456.86,271.164,151.498,-0.361587,0.482117,0.360015,-0.48384,0,0,0,0,0,0,0,55.5141,0,0.995942,0,0,238.444,1193.75,0,0,866.801,3745.55,0
1691509894563102079,1739,1735,4,0.9977,16.2258,28.8571,44.6443,56.4949,132.659,-1.27183,228.008,544.184,1124.7,1389.11,796.481,3657.55,8655.96,13858.6,1231.95,1504.48,2331.04,607.885,554.457,415.652,148960,5773.05,9006.66,2.67521,2.71061,0,0,0.0387558,0,28.276,100.182,220.746,1055.98,2523.58,5077.89,0.0253912,0.00331067,8,7,10,0.588235,1,1.85114,1.16544,0.685699,0.0216011,0.223721,1735,0,0,0,0,0.001,0,0,0,0,0,0,0,0,0,0,0,0,0,0,0,0,0,0,0,0,0,0,0,0,0,0,0,0,0,0,0,0,0,0,0,0,16.2258,44.6443,11.2624,533.885,712.852,0,0.919097,-0.390269,0.0543265,0.999936,0.647285,0.0184946,0.785714,0.88,918.094,1183.29,1960.68,3460.05,257.531,754.432,1817.43,43.2996,2349.04,247.741,144.972,0.101187,-0.274052,0.0527864,0.246805,0,0,0,0,0,0,0,56.4949,0,0.994813,0,0,228.008,1124.7,0,0,796.481,3657.55,0
1691509894665616310,1806,1798,8,0.99557,16.2007,29.5987,43.1963,54.9315,137.383,-1.15997,227.519,564.963,1097.94,1407.88,763.019,3600.68,9229.02,13176.9,1257.81,1364.59,2290.22,598.632,558.629,407.908,149110,6330.82,9723.93,2.51283,2.50872,0,0,0.0424575,0,31.0469,114.747,213.74,1157.13,2522.35,5684.91,0.0582544,0.00246412,8,7,11,0.611111,1,1.68299,0.964697,0.71829,0.0146849,0.196761,1798,0,0,0,0,0.001,0,0,0,0,0,0,0,0,0,0,0,0,0,0,0,0,0,0,0,0,0,0,0,0,0,0,0,0,0,0,0,0,0,0,0,0,16.2007,43.1963,7.64782,548.81,709.542,0,0.918561,-0.391873,0.0517892,0.999995,0.174718,0.0327016,0.769912,0.87,924.533,1182.16,1956.37,3450.43,266.491,774.123,1767.33,42.0533,2384.5,246.58,150.901,0.0263683,0.549855,0.0349133,-0.555244,0,0,0,0,0,0,0,54.9315,0,0.991101,0,0,227.519,1097.94,0,0,763.019,3600.68,0
1691509894766763794,1770,1766,4,0.99774,16.0202,27.8435,42.5672,55.9576,139.67,0.071633,223.241,518.371,1073.29,1364.4,772.484,3330.66,7769.15,13729.5,1151,1234.89,2188.99,596.585,488.985,385.64,149486,5069.12,7828.84,1.20498,1.14456,0,0,0.0339103,0,32.5242,101.658,230.597,912.812,1983.58,4567.67,0.0818365,0.00109116,6,5,8,0.615385,1,1.68062,1.02769,0.652923,0.00957211,0.249761,1766,0,0,0,0,0.001,0,0,0,0,0,0,0,0,0,0,0,0,0,0,0,0,0,0,0,0,0,0,0,0,0,0,0,0,0,0,0,0,0,0,0,0,16.0202,42.5672,6.65425,545.325,729.021,0,0.919119,-0.390341,0.0534292,0.999997,0.132499,0.0245243,0.724138,0.84,912.585,1196.22,1958.11,3450.65,262.527,749.622,1840.86,44.4563,2367.59,267.774,127.929,0.00932592,0.289747,0.00347389,-0.285621,0,0,0,0,0,0,0,55.9576,0,0.997735,0,0,223.241,1073.29,0,0,772.484,3330.66,0
1691509894868240152,1813,1797,16,0.991175,14.7619,27.6969,43.5314,56.4357,133.37,-0.193626,221.349,523.269,1115.59,1378.96,786.403,3258.97,7878.19,11994.7,1149.73,1194,2232.24,626.288,508.623,391.937,142137,5123.35,8027.34,0.830354,3.83726,0,0,0.0360452,0,28.8686,126.664,233.899,1074.82,1961.53,4601.55,3.88892e-05,1.36193e-05,3,3,8,0.727273,1,3.54434,2.86219,0.682154,0.0297093,0.0937199,1797,0,0,0,0,0.001,0,0,0,0,0,0,0,0,0,0,0,0,0,0,0,0,0,0,0,0,0,0,0,0,0,0,0,0,0,0,0,0,0,0,0,0,14.7619,43.5314,15.6469,537.888,728.466,0,0.925484,-0.375333,0.0510359,0.999864,0.944063,0.0341128,0.801802,0.89,918.863,1208.27,1944.63,3439.06,260.776,750.81,1837.24,58.2633,2462.27,270.81,135.851,-0.357181,-0.67072,0.126062,0.303995,0,0,0,0,0,0,0,56.4357,0,0.994992,0,0,221.349,1115.59,0,0,786.403,3258.97,0
1691509894967481228,1784,1778,6,0.996637,14.8345,28.2369,45.3176,56.6649,141.358,-0.726192,221.421,547.063,1118.15,1367.49,762.827,3614.61,8301.02,13825.3,1202.09,1373.29,2415.71,569.76,567.75,459.148,145390,5814.65,8869.96,2.30391,1.92432,0,0,0.0399935,0,29.8684,128.196,198.955,1057.97,2170.94,5284.03,0.113418,0.00129726,3,3,7,0.7,1,1.82039,1.13816,0.682229,0.0153362,0.237217,1778,0,0,0,0,0.001,0,0,0,0,0,0,0,0,0,0,0,0,0,0,0,0,0,0,0,0,0,0,0,0,0,0,0,0,0,0,0,0,0,0,0,0,14.8345,45.3176,10.6784,517.486,703.835,0,0.920748,-0.386641,0.0522584,0.999924,0.705917,0.0184998,0.709402,0.83,860.07,1159.92,1868.05,3441.91,258.375,724.378,1796.56,48.1283,2433.76,236.508,157.178,-0.37449,-0.429438,0.315203,0.458048,0,0,0,0,0,0,0,56.6649,0,0.993813,0,0,221.421,1118.15,0,0,762.827,3614.61,0
1691509895068761615,1761,1740,21,0.988075,15.0142,26.6812,43.1636,55.973,128.845,0.183252,227.716,549.331,1141.09,1452.23,805.473,3423.66,7706.19,15177.7,1297.76,1221.27,2394.48,644.176,519.105,435.737,149116,5355.81,8287,2.83774,2.85347,0,0,0.0359171,0,28.8335,127.343,236.331,1094.21,1935.11,4865.17,0.182695,0.00635226,5,5,9,0.642857,1,1.99116,1.33849,0.652663,0.0052171,0.30631,1740,0,0,0,0,0.001,0,0,0,0,0,0,0,0,0,0,0,0,0,0,0,0,0,0,0,0,0,0,0,0,0,0,0,0,0,0,0,0,0,0,0,0,15.0142,43.1636,12.4124,535.06,712.527,0,0.920568,-0.387072,0.0522552,1,0.0267787,0.0118974,0.709402,0.83,879.079,1149.77,1863.8,3439.29,272.674,729.493,1774.49,56.0748,2315.11,277.573,149.265,-0.0889333,0.908015,0.136383,-0.965954,0,0,0,0,0,0,0,55.973,0,0.99023,0,0,227.716,1141.09,0,0,805.473,3423.66,0
1691509895168156925,1754,1742,12,0.993158,14.5084,26.9369,43.5942,59.0385,136.057,-1.47827,224.367,565.96,1196.46,1463.56,770.438,3496.32,7669.78,12871.9,1215.53,1187.85,2365.98,676.97,524.772,451.179,151087,5171.07,8058.32,1.87446,1.85889,0,0,0.0342257,0,39.037,147.517,235.284,1085.79,1856.43,4694.26,0.0115115,0.00126286,7,6,11,0.647059,1,1.70992,1.02435,0.685575,0.010448,0.2885,1742,0,0,0,0,0.001,0,0,0,0,0,0,0,0,0,0,0,0,0,0,0,0,0,0,0,0,0,0,0,0,0,0,0,0,0,0,0,0,0,0,0,0,14.5084,43.5942,9.15399,537.732,727.114,0,0.919989,-0.388511,0.0517645,0.999999,0.0932198,0.00890993,0.785714,0.88,879.16,1159.85,1866.53,3434.3,268.064,724.299,1760.5,50.9036,2236.89,287.721,168.583,-0.549708,-0.0295385,0.302156,0.066328,0,0,0,0,0,0,0,59.0385,0,0.992537,0,0,224.367,1196.46,0,0,770.438,3496.32,0
1691509895267256541,1779,1764,15,0.991568,14.6539,26.9448,43.1419,56.7794,136.009,0.0369308,219.459,547.028,1078.5,1383.29,703.196,3058.64,7743.06,13191.9,1189.01,1036.52,2040.33,659.555,500.798,415.712,144061,4617.03,7258.08,2.99831,2.80091,0,0,0.032049,0,26.7061,139.588,205.452,1011.73,1717.56,4157.04,0.0743777,0.00244494,3,2,8,0.8,1,2.3957,1.69792,0.697781,0.0119618,0.104393,1764,0,0,0,0,0.001,0,0,0,0,0,0,0,0,0,0,0,0,0,0,0,0,0,0,0,0,0,0,0,0,0,0,0,0,0,0,0,0,0,0,0,0,14.6539,43.1419,10.5244,510.499,705.977,0,0.921656,-0.384253,0.0538394,0.999987,0.287718,0.0171658,0.709402,0.83,857.7,1182.61,1951.3,3436.84,268.483,717.361,1853.88,50.1822,2254.37,257.007,153.455,0.204227,0.780508,-0.233421,-0.75041,0,0,0,0,0,0,0,56.7794,0,0.988095,0,0,219.459,1078.5,0,0,703.196,3058.64,0
1691509895366006726,1754,1740,14,0.992018,14.8165,27.1109,44.6225,56.0406,138.267,-2.15926,223.759,542.935,1169.57,1436.89,685.774,3263.57,8245.91,14307.6,1245.33,1182.88,2164.8,630.205,488.272,435.85,136719,4924.41,7830.64,2.52098,2.53266,0,0,0.0360184,0,23.2394,154.192,206.502,1128.02,1945.35,4373.33,0.317164,0.0161594,4,3,7,0.7,1,1.66808,1.01119,0.656892,0.0119854,0.138578,1740,0,0,0,0,0.001,0,0,0,0,0,0,0,0,0,0,0,0,0,0,0,0,0,0,0,0,0,0,0,0,0,0,0,0,0,0,0,0,0,0,0,0,14.8165,44.6225,7.71898,492.37,680.911,0,0.920033,-0.388469,0.0512976,0.999987,0.297011,0.00761414,0.851852,0.92,869.335,1157.53,1857.96,3429.57,268.979,750.745,1821.85,44.4078,2240.91,254.551,171.889,0.0226897,-0.663801,-0.0195926,0.665093,0,0,0,0,0,0,0,56.0406,0,0.993678,0,0,223.759,1169.57,0,0,685.774,3263.57,0
1691509895465685208,1799,1780,17,0.989439,15.0882,26.6215,44.5653,59.5987,125.087,-2.63858,228.335,510.994,1066.38,1416.04,726.901,3187.18,6698.21,14537.1,1152.37,998.605,2071.72,639.274,438.614,462.215,135820,4387.58,6911.33,2.7142,2.70073,0,0,0.0323044,0,29.5687,138.101,219.241,1036.11,1509.54,3978.76,0.448488,0.0116613,7,6,8,0.571429,1,1.60078,0.918584,0.6822,0.00868606,0.322702,1780,0,0,0,0,0.001,0,0,0,0,0,0,0,0,0,0,0,0,0,0,0,0,0,0,0,0,0,0,0,0,0,0,0,0,0,0,0,0,0,0,0,0,15.0882,44.5653,7.48217,504.335,669.183,0,0.920377,-0.387584,0.0518168,0.999999,0.0620237,0.00377805,0.851852,0.92,863.88,1161.56,1857.62,3431.73,267.977,721.052,1822.73,44.7012,2175.48,278.85,158.345,-0.0456792,0.338008,0.0414576,-0.338424,0,0,0,0,0,0,0,59.5987,0,0.994382,0,0,228.335,1066.38,0,0,726.901,3187.18,0
1691509895565290815,1816,1803,13,0.992841,14.0592,25.1418,42.5691,56.5971,171.367,-1.61575,228.824,566.599,1068.54,1379.82,732.595,3160.03,7209.84,11658.2,1161.83,1002.4,2164.57,612.365,484.281,479.605,140084,4932.01,7552.91,1.01452,0.803214,0,0,0.0352075,0,41.9139,146.212,225.493,1095.92,1474.34,4569.03,0.00428983,0.000263093,4,4,9,0.692308,1,1.66372,1.02978,0.633944,0.00515354,0.15733,1803,0,0,0,0,0.001,0,0,0,0,0,0,0,0,0,0,0,0,0,0,0,0,0,0,0,0,0,0,0,0,0,0,0,0,0,0,0,0,0,0,0,0,14.0592,42.5691,6.8377,511.194,691.968,0,0.919581,-0.389449,0.0519636,0.999998,0.116502,0.00565671,0.886792,0.94,862.455,1164.7,1852.92,3434.89,279.394,733.246,1809.75,51.7876,2228.29,274.247,159.636,0.0581433,-0.646709,0.126788,0.323426,0,0,0,0,0,0,0,56.5971,0,0.995008,0,0,228.824,1068.54,0,0,732.595,3160.03,0
1691509895664711594,1778,1758,20,0.988751,14.7351,27.4584,43.2687,56.9864,127.891,-1.46503,228.922,579.726,1121.59,1395.38,716.77,3074.41,7357.1,15220,1155.44,984.646,2099.83,704.542,448.407,493.624,137871,4915.69,7327.02,3.17061,4.17529,0,0,0.0356542,0,33.8606,140.596,235.866,1031.73,1253.32,4631.65,0.000497253,7.72952e-05,3,3,8,0.727273,1,1.78557,1.14862,0.636954,0.0127785,0.156773,1758,0,0,0,0,0.001,0,0,0,0,0,0,0,0,0,0,0,0,0,0,0,0,0,0,0,0,0,0,0,0,0,0,0,0,0,0,0,0,0,0,0,0,14.7351,43.2687,8.45346,514.4,688.146,0,0.921019,-0.385982,0.0523537,0.999993,0.216226,0.00667189,0.851852,0.92,852.567,1168.33,1844.79,3434.02,273.067,712.214,1730.1,58.0191,2136.79,284.907,167.305,-0.241448,1.39738,-0.0918385,-1.41637,0,0,0,0,0,0,0,56.9864,0,0.997156,0,0,228.922,1121.59,0,0,716.77,3074.41,0
1691509895763316399,1820,1807,13,0.992857,15.2944,28.8324,45.0639,59.0785,160.001,-0.849955,230.942,559.904,1138.46,1403.05,729.504,3020.49,9045.49,12859.7,1146.48,938.827,2041.77,691.862,462.583,497.118,136206,5095.92,7855.54,2.51796,2.52483,0,0,0.0374133,0,32.8912,133.293,268.041,1017.62,1729.02,4674.68,0.219991,0.00218964,6,6,7,0.538462,1,1.98555,1.27072,0.714831,0.0181858,0.260875,1807,0,0,0,0,0.001,0,0,0,0,0,0,0,0,0,0,0,0,0,0,0,0,0,0,0,0,0,0,0,0,0,0,0,0,0,0,0,0,0,0,0,0,15.2944,45.0639,10.6064,498.4,677.993,0,0.921564,-0.384595,0.0529767,0.999999,0.0925701,0.0107556,0.904762,0.95,849.548,1170.48,1849.78,3441.71,273.82,713.804,1744.11,49.4343,2216.93,295.279,179.677,0.140091,-0.872719,-0.146097,0.871399,0,0,0,0,0,0,0,59.0785,0,0.993913,0,0,230.942,1138.46,0,0,729.504,3020.49,0
1691509895864678948,1645,1612,31,0.979939,15.3293,28.1116,45.7456,60.1353,111.543,-1.51782,236.211,531.569,1150.54,1446.75,734.11,2981.37,7135.58,15933.4,1211.95,819.243,2096.63,614.844,485.11,442.125,138811,3930.32,6172.14,6.32438,2.439,0,0,0.0283141,0,19.3085,127.005,209.315,1020.78,1205.05,3590.68,0.0241095,0.00263165,3,2,8,0.8,1,1.54925,0.920691,0.628559,0.0159743,0.336231,1612,0,0,0,0,0.001,0,0,0,0,0,0,0,0,0,0,0,0,0,0,0,0,0,0,0,0,0,0,0,0,0,0,0,0,0,0,0,0,0,0,0,0,15.3293,45.7456,9.48497,509.415,686.1,0,0.922306,-0.383201,0.0500861,0.999995,0.188709,0.0222821,0.785714,0.88,877.209,1166.89,1938.4,3446.21,275.887,719.236,1818.5,46.8033,2163.06,253.002,133.447,0.496477,0.643398,-0.474658,-0.538979,0,0,0,0,0,0,0,60.1353,0,0.997519,0,0,236.211,1150.54,0,0,734.11,2981.37,0
1691509895965376288,1728,1693,35,0.979745,15.7746,28.8302,47.821,60.998,169.276,-1.46171,241.28,594.511,1162.93,1454.62,766.637,3057.34,7871.24,16239.2,1209.45,841.445,2162.39,700.433,506.591,479.359,143209,4733.83,7060.21,2.73802,3.60138,0,0,0.0330554,0,32.0681,132.101,250.666,964.382,1218.63,4462.37,0.00765859,0.00094479,4,4,10,0.714286,1,1.62994,0.89435,0.735593,0.00270142,0.171768,1693,0,0,0,0,0.001,0,0,0,0,0,0,0,0,0,0,0,0,0,0,0,0,0,0,0,0,0,0,0,0,0,0,0,0,0,0,0,0,0,0,0,0,15.7746,47.821,8.58306,517.814,703.603,0,0.921655,-0.384431,0.0525785,0.999996,0.163564,0.0201728,0.834862,0.91,850.228,1152.69,1858.86,3462.49,281.063,712.96,1724.34,55.7398,2215.73,297.856,148.635,0.259942,0.652367,-0.814051,-0.758812,0,0,0,0,0,0,0,60.998,0,0.991731,0,0,241.28,1162.93,0,0,766.637,3057.34,0
1691509896065793016,1552,1516,35,0.976804,16.6315,30.6081,48.9595,65.0545,148.759,0.477418,242.787,566.548,1128.04,1396.61,798.405,3004.41,8613.59,15120.9,1143.84,742.796,2132.62,691.974,466.905,420.965,141625,4319.84,6438.59,1.79028,1.79251,0,0,0.0305019,0,20.2568,98.7421,218.738,812.864,1236.72,4051.27,0.436936,0.0137431,7,7,9,0.5625,1,1.87874,1.17086,0.707886,0.0060573,0.219377,1516,0,0,0,0,0.001,0,0,0,0,0,0,0,0,0,0,0,0,0,0,0,0,0,0,0,0,0,0,0,0,0,0,0,0,0,0,0,0,0,0,0,0,16.6315,48.9595,11.9429,509.421,701.636,0,0.923437,-0.380177,0.0522415,0.999989,0.265007,0.00666568,0.785714,0.88,882.875,1164.28,1864.48,3475.27,274.591,735.794,1727.54,54.8857,2292.78,256.799,129.737,0.247955,0.728664,-0.235131,-0.735039,0,0,0,0,0,0,0,65.0545,0,0.993404,0,0,242.787,1128.04,0,0,798.405,3004.41,0
1691509896165543107,1723,1693,29,0.982589,16.7369,30.516,49.9132,63.9855,152.978,-2.25699,220.115,530.823,1145.12,1446.67,704.763,3059.22,8673.51,15566.9,1127.37,785.635,2037.73,638.36,468.658,450.519,135209,4947.91,7441.42,1.8409,1.50085,0,0,0.0365946,0,31.9578,101.973,244.825,864.954,1606.12,4591.59,0.00128401,0.000175489,5,5,11,0.6875,1,1.9383,1.16461,0.773695,0.00564928,0.141434,1693,0,0,0,0,0.001,0,0,0,0,0,0,0,0,0,0,0,0,0,0,0,0,0,0,0,0,0,0,0,0,0,0,0,0,0,0,0,0,0,0,0,0,16.7369,49.9132,6.57533,497.913,672.512,0,0.920396,-0.387497,0.0521315,0.999969,0.454257,0.0112769,0.801802,0.89,832.301,1131.46,1872.81,3498.1,289.257,717.467,1751.55,53.8727,2292.85,263.608,153.948,0.537712,0.621035,-0.185564,-0.188097,0,0,0,0,0,0,0,63.9855,0,0.994684,0,0,220.115,1145.12,0,0,704.763,3059.22,0
1691509896266317581,1658,1592,65,0.960193,17.8031,30.0906,45.845,61.0698,208.733,0.0845434,231.13,577.881,1156.73,1465.36,717.77,3129.9,7529.22,11730.3,1157.1,743.663,2176.11,626.565,561.763,461.565,127814,4183.8,6095.5,3.28195,3.20742,0,0,0.0327336,0,27.2116,87.1607,221.625,710.798,1075.77,3972.93,0.00176113,0.00019581,4,3,9,0.75,1,2.22409,1.52809,0.696004,0.0144409,0.284485,1592,0,0,0,0,0.001,0,0,0,0,0,0,0,0,0,0,0,0,0,0,0,0,0,0,0,0,0,0,0,0,0,0,0,0,0,0,0,0,0,0,0,0,17.8031,45.845,9.04498,490.544,647.411,0,0.92161,-0.38458,0.0522812,0.999995,0.181265,0.0237416,0.851852,0.92,830.366,1120.5,1823.41,3520.61,284.427,719.278,1720.43,51.7462,2346.5,261.212,142.865,-0.0498297,0.474103,0.0710589,-0.563344,0,0,0,0,0,0,0,61.0698,0,0.995603,0,0,231.13,1156.73,0,0,717.77,3129.9,0
1691509896366913602,1720,1671,49,0.971512,18.9013,32.4748,52.191,66.5501,126.93,0.342872,225.318,546.69,1117.67,1449.51,710.421,2958.15,8880.1,14482,1148.29,759.381,2146.06,551.44,512.601,408.693,127872,4740.52,6901.45,9.90979,1.95732,0,0,0.0370725,0,25.9204,96.0045,225.097,704.681,1374.77,4474.97,0.000161241,1.14876e-05,2,2,8,0.8,1,1.71524,0.869168,0.846072,0.0121259,0.24878,1671,0,0,0,0,0.001,0,0,0,0,0,0,0,0,0,0,0,0,0,0,0,0,0,0,0,0,0,0,0,0,0,0,0,0,0,0,0,0,0,0,0,0,18.9013,52.191,9.01819,484.441,646.541,0,0.922145,-0.383035,0.0541532,0.999997,0.142414,0.0197409,0.801802,0.89,804.023,1148.13,1957.48,3539.36,282.758,714.737,1858.71,54.1745,2251.34,235.944,146.089,0.0501812,1.51409,-0.955753,-0.66298,0,0,0,0,0,0,0,66.5501,0,0.992819,0,0,225.318,1117.67,0,0,710.421,2958.15,0
1691509896467769095,1675,1581,94,0.943881,18.6967,30.5742,47.0336,61.2532,142.575,0.764804,228.074,591.798,1194.13,1464.37,694.959,3208.05,7434.47,17768.9,1244.1,893.601,2335.58,599.472,645.84,470.748,132061,4590.43,6819.42,5.19182,5.2247,0,0,0.0347599,0,26.4946,98.198,213.676,777.313,1412.16,4291.58,0.0643528,0.00996261,8,7,12,0.631579,1,1.72813,0.984937,0.743196,0.0112327,0.262375,1581,0,0,0,0,0.001,0,0,0,0,0,0,0,0,0,0,0,0,0,0,0,0,0,0,0,0,0,0,0,0,0,0,0,0,0,0,0,0,0,0,0,0,18.6967,47.0336,6.54298,498.199,668.258,0,0.92166,-0.38454,0.051701,0.999996,0.167173,0.0237998,0.769912,0.87,831.28,1142.95,1955.41,3541.9,287.33,726.169,1838.14,46.4083,2236.18,230.022,137.978,0.23275,0.649649,-0.201238,-0.64692,0,0,0,0,0,0,0,61.2532,0,0.99241,0,0,228.074,1194.13,0,0,694.959,3208.05,0
1691509896567385216,1732,1643,89,0.948614,18.6501,33.5413,51.5202,65.2361,157.959,-0.882391,244.343,568.571,1160.28,1469.78,737.205,3049.83,8633.89,19157.3,1184.17,943.725,2096.92,610.252,483.911,495.806,130946,5274.26,7828.73,3.72333,3.05641,0,0,0.040278,0,35.4141,93.216,243.926,709.066,1876.25,4870.86,0.0147438,0.00159332,3,3,7,0.7,1,1.95611,1.13054,0.825567,0.0144503,0.355186,1643,0,0,0,0,0.001,0,0,0,0,0,0,0,0,0,0,0,0,0,0,0,0,0,0,0,0,0,0,0,0,0,0,0,0,0,0,0,0,0,0,0,0,18.6501,51.5202,11.1329,482.599,633.268,0,0.924334,-0.377619,0.054866,0.999967,0.462179,0.0111686,0.818182,0.9,823.399,1147.05,1960.24,3557.21,289.136,737.335,1880.14,50.5193,2298.37,255.4,164.394,-0.180641,0.474307,0.197425,-0.323457,0,0,0,0,0,0,0,65.2361,0,0.993305,0,0,244.343,1160.28,0,0,737.205,3049.83,0
1691509896666761218,1826,1717,109,0.940307,17.7305,31.0192,49.599,63.6292,151.811,0.829266,224.528,559.47,1193.96,1502.6,707.565,3132.71,7089.23,16742,1227.98,870.87,2221.85,613.141,508.731,478.977,128228,4553,6840.74,2.17064,2.19654,0,0,0.035507,0,24.9772,107.341,255.633,594.93,1675.71,4182.15,0.00515528,0.000884446,5,5,8,0.615385,1,2.00595,1.21187,0.794079,0.00300048,0.208826,1717,0,0,0,0,0.001,0,0,0,0,0,0,0,0,0,0,0,0,0,0,0,0,0,0,0,0,0,0,0,0,0,0,0,0,0,0,0,0,0,0,0,0,17.7305,49.599,6.50718,476.176,617.317,0,0.921269,-0.385425,0.0520719,0.999961,0.506507,0.0234661,0.724138,0.84,788.743,1130.36,1907.79,3556.48,290.346,715.291,1816.74,55.5362,2321.97,285.688,166.324,0.111936,0.310419,-0.0907229,-0.298665,0,0,0,0,0,0,0,63.6292,0,0.995923,0,0,224.528,1193.96,0,0,707.565,3132.71,0
1691509896767417362,1787,1676,111,0.937885,17.0738,30.9395,48.918,59.9624,130.218,-0.535653,235.67,614.202,1173.57,1480.33,706.677,3053.1,6434.92,16129.2,1197.16,1057.74,2150.85,727.577,477.707,517.519,132825,4444.49,6368.53,6.34418,3.25391,0,0,0.0334613,0,24.0475,80.5212,257.867,495.543,1297.31,4213.24,0.000121411,2.41592e-05,3,3,8,0.727273,1,2.01246,1.28431,0.728151,0.00901416,0.268224,1676,0,0,0,0,0.001,0,0,0,0,0,0,0,0,0,0,0,0,0,0,0,0,0,0,0,0,0,0,0,0,0,0,0,0,0,0,0,0,0,0,0,0,17.0738,48.918,7.83953,492.715,645.445,0,0.920907,-0.386249,0.0523556,1,0.0540364,0.00565692,0.680672,0.81,833.74,1146.07,1955.88,3562.72,299.056,763.485,1869.63,52.7481,2405.03,305.877,163.102,0.0470799,0.690182,-0.246382,-0.582081,0,0,0,0,0,0,0,59.9624,0,0.997613,0,0,235.67,1173.57,0,0,706.677,3053.1,0
1691509896866664332,1764,1647,117,0.933673,16.6797,31.0231,49.2928,62.0285,125.076,0.165444,239.957,570.83,1166.21,1518.04,716.222,3262.39,6800.52,24282.3,1100.82,1100.21,2292.01,602.352,521.681,476.421,135742,4826.21,7271.63,3.4071,3.27561,0,0,0.0355543,0,32.2381,98.033,251.732,682.523,1782.87,4424.23,0.00145923,0.00019164,3,3,8,0.727273,1,1.86511,1.15056,0.714548,0.00134737,0.150338,1647,0,0,0,0,0.001,0,0,0,0,0,0,0,0,0,0,0,0,0,0,0,0,0,0,0,0,0,0,0,0,0,0,0,0,0,0,0,0,0,0,0,0,16.6797,49.2928,8.25574,469.711,646.033,0,0.921842,-0.384288,0.050312,0.999996,0.170898,0.0334985,0.73913,0.85,846.768,1142.82,1919.26,3555.46,287.977,778.866,1799.61,54.9712,2413.36,277.351,160.922,0.421774,0.99385,-0.457168,-0.895055,0,0,0,0,0,0,0,62.0285,0,0.996357,0,0,239.957,1166.21,0,0,716.222,3262.39,0
1691509896966651820,1817,1661,156,0.914144,17.4351,31.9966,50.6969,64.2093,117.407,2.43727,247.527,630.181,1206.63,1477.37,730.903,3412.43,7269.49,17395.8,1203.15,1212.17,2356.15,639.811,623.019,430.371,135255,5036.72,7298.93,17.4786,8.94685,0,0,0.0372386,0,33.4404,91.0579,251.519,601.39,1587,4734.52,0.000351101,6.11376e-05,2,2,8,0.8,1,2.04246,1.28476,0.757698,0.01406,0.1092,1661,0,0,0,0,0.001,0,0,0,0,0,0,0,0,0,0,0,0,0,0,0,0,0,0,0,0,0,0,0,0,0,0,0,0,0,0,0,0,0,0,0,0,17.4351,50.6969,12.6858,486.951,655.364,0,0.921963,-0.383422,0.0545109,0.999991,0.245737,0.0161655,0.785714,0.88,847.563,1144.86,1930.73,3566.37,274.331,780.442,1790.95,64.1891,2365.04,261.875,158.66,0.048852,0.490752,-0.738299,-1.28655,0,0,0,0,0,0,0,64.2093,0,0.996388,0,0,247.527,1206.63,0,0,730.903,3412.43,0
1691509897065578660,1787,1600,187,0.895355,16.7688,29.8545,46.5958,60.5202,118.319,1.14528,237.816,598.474,1135.45,1467.91,706.041,3269.65,7228.96,11755.9,1067.21,1213.89,2133.98,604.323,551.828,480.891,135457,4050.53,6242.8,8.25367,7.54137,0,0,0.0299027,0,28.7379,77.7785,219.041,549.971,1776.53,3590.74,0.0107525,0.00185716,6,6,10,0.625,1,1.69851,1.04385,0.65466,0.00634291,0.225331,1600,0,0,0,0,0.001,0,0,0,0,0,0,0,0,0,0,0,0,0,0,0,0,0,0,0,0,0,0,0,0,0,0,0,0,0,0,0,0,0,0,0,0,16.7688,46.5958,11.0323,485.924,641.043,0,0.922361,-0.382684,0.0529346,0.999998,0.102285,0.00709571,0.769912,0.87,908.79,1153.69,1927.04,3560.5,285.914,821.657,1844.76,61.003,2288.74,242.386,154.566,0.232686,1.83789,-0.117431,-0.713642,0,0,0,0,0,0,0,60.5202,0,0.996875,0,0,237.816,1135.45,0,0,706.041,3269.65,0
1691509897165601336,1761,1509,252,0.856899,15.7919,28.773,44.244,54.8631,121.954,0.900634,260.839,689.903,1222.7,1503.14,762.934,3445.95,6411.66,15835.3,1134.4,1395.61,2149.58,642.638,594.591,566.07,133552,4008.5,6352.73,4.80112,4.61196,0,0,0.0300145,0,29.042,87.1016,203.017,622.158,2002.25,3409.16,0.00210538,0.000286379,5,5,8,0.615385,1,1.6577,1.10541,0.552288,0.0179082,0.179843,1509,0,0,0,0,0.001,0,0,0,0,0,0,0,0,0,0,0,0,0,0,0,0,0,0,0,0,0,0,0,0,0,0,0,0,0,0,0,0,0,0,0,0,15.7919,44.244,7.3684,483.469,645.162,0,0.91951,-0.389618,0.0519527,0.999971,0.433201,0.0147821,0.73913,0.85,896.611,1159.45,1812.97,3555.57,275.072,821.425,1751.62,58.9938,2336.63,233.488,176.85,0.129871,0.868694,-0.273589,-0.875497,0,0,0,0,0,0,0,54.8631,0,0.998012,0,0,260.839,1222.7,0,0,762.934,3445.95,0
1691509897265789384,1758,1496,260,0.850967,17.3456,31.3251,48.3229,58.6309,175.822,-0.308737,236.662,656.439,1202.86,1493.21,740.896,3438.41,6822.53,17445.8,1009.83,1274.6,2270.32,611.183,602.731,557.87,134897,4400.46,6768.25,10.3869,10.4836,0,0,0.032621,0,17.5541,71.9997,212.138,545.448,2098.52,3822.59,0.188024,0.0250021,3,3,7,0.7,1,2.14306,1.4948,0.648254,0.0112748,0.0438672,1496,0,0,0,0,0.001,0,0,0,0,0,0,0,0,0,0,0,0,0,0,0,0,0,0,0,0,0,0,0,0,0,0,0,0,0,0,0,0,0,0,0,0,17.3456,48.3229,9.50799,492.42,652.072,0,0.921876,-0.384144,0.0507819,0.999982,0.348209,0.0139723,0.801802,0.89,913.77,1162.28,1923.74,3549.8,282.567,834.772,1825.57,60.3358,2273.77,247.17,152.676,0.369414,0.602456,-0.572875,-0.714523,0,0,0,0,0,0,0,58.6309,0,0.995989,0,0,236.662,1202.86,0,0,740.896,3438.41,0
1691509897366258090,1852,1524,324,0.822894,16.7101,30.0644,47.713,60.0627,121.351,-0.446435,242.481,646.35,1195.86,1473.09,740.024,3404.88,7923.81,18895.3,992.244,1240.34,2353.69,572.011,647.398,539.185,136569,5450.29,7585.62,7.97519,7.96115,0,0,0.0399086,0,11.9443,68.2701,214.742,578.92,1512.52,5199.22,0.0964493,0.0129622,8,8,7,0.466667,1,1.91311,1.26737,0.645748,0.0188856,0.205894,1524,0,0,0,0,0.001,0,0,0,0,0,0,0,0,0,0,0,0,0,0,0,0,0,0,0,0,0,0,0,0,0,0,0,0,0,0,0,0,0,0,0,0,16.7101,47.713,9.05972,506.719,644.221,0,0.92007,-0.388173,0.0528476,0.999988,0.279287,0.00673242,0.769912,0.87,935.179,1194.18,1947.09,3552.83,282.38,853.109,1873.6,62.0545,2251,230.749,130.491,0.0602024,0.121709,-0.191495,-0.104635,0,0,0,0,0,0,0,60.0627,0,0.995407,0,0,242.481,1195.86,0,0,740.024,3404.88,0
1691509897467061971,1798,1538,260,0.855395,16.1526,29.888,45.8991,58.0725,117.593,0.846467,256.713,687.99,1189.91,1504.89,773.184,3592.62,7641.41,16786,1016.75,1464.75,2344.13,630.854,655.501,538.54,138300,5292.64,7959.58,7.71102,5.87007,0,0,0.0382693,0,19.4652,76.0053,229.28,679.933,2191.82,4763.08,0.000222334,4.25257e-05,2,2,8,0.8,1,1.6897,1.09619,0.593514,0.00912963,0.100127,1538,0,0,0,0,0.001,0,0,0,0,0,0,0,0,0,0,0,0,0,0,0,0,0,0,0,0,0,0,0,0,0,0,0,0,0,0,0,0,0,0,0,0,16.1526,45.8991,13.825,508.334,668.841,0,0.920697,-0.386411,0.0548055,0.999996,0.155124,0.00872339,0.73913,0.85,1007.03,1222.67,1943.71,3554.96,271.896,882.279,1872.14,65.8291,2182.68,254.552,164.855,-0.111984,0.522221,-0.407272,-0.419864,0,0,0,0,0,0,0,58.0725,0,0.9987,0,0,256.713,1189.91,0,0,773.184,3592.62,0
1691509897565288637,1766,1457,309,0.825028,16.2298,30.2219,48.5134,59.4307,154.637,1.66671,253.296,662.796,1223.89,1516.09,776.436,3564.1,7143.94,14201.3,954.205,1474.19,2251.51,657.11,613.038,578.322,139756,4807.94,7175.53,5.83518,5.80115,0,0,0.0344025,0,12.891,69.6586,197.147,581.52,1974.16,4340.15,0.00615266,0.000970589,7,7,13,0.65,1,1.65593,1.06773,0.588202,0.018616,0.665845,1457,0,0,0,0,0.001,0,0,0,0,0,0,0,0,0,0,0,0,0,0,0,0,0,0,0,0,0,0,0,0,0,0,0,0,0,0,0,0,0,0,0,0,16.2298,48.5134,18.1364,510.714,614.15,0,0.924521,-0.377082,0.0554013,0.999949,0.578652,0.0552668,0.834862,0.91,1020.68,1252.1,1933.84,3552.01,270.121,950.056,1849.35,59.1102,2222.87,219.333,164.593,-0.000819818,1.19865,-0.897924,-1.01305,0,0,0,0,0,0,0,59.4307,0,0.998627,0,0,253.296,1223.89,0,0,776.436,3564.1,0
1691509897664622637,1687,1393,292,0.825726,15.8702,30.5833,46.5696,56.6496,114.781,0.812219,255.53,684.365,1276.25,1527.05,794.74,3676.57,7462.3,16267.7,1056.3,1697.24,2360.85,648.266,635.254,568.122,137649,4974.37,7297.19,5.07272,5.84569,0,0,0.0361382,0,12.656,64.5401,201.126,523.94,1956.52,4538.4,0.00346438,0.000658405,3,3,10,0.769231,1,1.49167,0.942025,0.549645,0.0105214,0.244021,1393,0,0,0,0,0.001,0,0,0,0,0,0,0,0,0,0,0,0,0,0,0,0,0,0,0,0,0,0,0,0,0,0,0,0,0,0,0,0,0,0,0,0,15.8702,46.5696,9.44197,503.033,639.525,0,0.921414,-0.384594,0.0555292,0.999967,0.465823,0.0153303,0.709402,0.83,1071.63,1266.68,1958.47,3550.48,274.884,968.026,1911.35,56.7959,2205.78,222.199,143.432,-0.0125587,0.838496,-0.698515,-0.537501,0,0,0,0,0,0,0,56.6496,0,0.997128,0,0,255.53,1276.25,0,0,794.74,3676.57,0
1691509897765263129,1720,1439,281,0.836628,14.7649,28.4531,45.7288,55,127.792,1.90806,248.844,610.161,1224.56,1490.57,734.916,3400.29,7065.78,15924.5,930.419,1454.91,2265.22,613.655,575.14,513.167,135873,4321.51,6700.81,6.48681,6.42314,0,0,0.0318055,0,16.9842,65.5176,187.364,537.414,2246.74,3646.79,0.0126181,0.00158444,4,4,10,0.714286,1,1.58089,1.05842,0.522473,0.00595483,0.118673,1439,0,0,0,0,0.001,0,0,0,0,0,0,0,0,0,0,0,0,0,0,0,0,0,0,0,0,0,0,0,0,0,0,0,0,0,0,0,0,0,0,0,0,14.7649,45.7288,9.81694,478.367,638.816,0,0.922787,-0.381509,0.0539952,0.999993,0.212496,0.0454555,0.769912,0.87,1054.44,1306.59,1956.1,3544.8,272.492,951.124,1922.3,60.5995,2162.93,213.183,154.108,0.499883,0.161639,-1.29454,-0.0691336,0,0,0,0,0,0,0,55,0,0.997915,0,0,248.844,1224.56,0,0,734.916,3400.29,0
1691509897865139934,1725,1459,265,0.845797,15.2787,30.0605,46.1478,57.4153,159.482,1.56471,244.03,661.821,1271.26,1536.61,737.17,3625.47,7632.23,20912.1,895.887,1561.23,2485.02,619.391,647.847,535.177,141678,5078.98,7520.15,3.92717,3.92436,0,0,0.0358487,0,20.6088,76.0122,198.01,550.8,2078.15,4596.58,0.292097,0.0248242,9,8,8,0.5,1,1.61252,1.02573,0.586792,0.0159201,0.168817,1459,0,0,0,0,0.001,0,0,0,0,0,0,0,0,0,0,0,0,0,0,0,0,0,0,0,0,0,0,0,0,0,0,0,0,0,0,0,0,0,0,0,0,15.2787,46.1478,7.67325,496.414,639.913,0,0.921517,-0.384555,0.0540629,0.999995,0.189115,0.0100495,0.801802,0.89,1086.61,1334.53,1929.52,3543.76,282.714,976.5,1872.12,57.4208,2180.53,230.185,151.265,0.0128908,0.736291,-0.0155781,-0.736762,0,0,0,0,0,0,0,57.4153,0,0.993831,0,0,244.03,1271.26,0,0,737.17,3625.47,0
1691509897965341749,1718,1427,291,0.830617,15.4247,29.7661,45.7478,57.2672,161.053,2.46968,282.954,691.054,1313.41,1582.49,801.297,3957.01,7779.22,16898.3,1033.08,1587.99,2553.13,614.713,682.173,541.884,137787,5313.53,7976.02,8.06281,8.06049,0,0,0.0385633,0,15.1599,78.5797,204.928,609.453,2343.12,4724.78,0.10465,0.0158866,7,7,8,0.533333,1,1.51931,0.969224,0.550086,0.00539875,0.0790702,1427,0,0,0,0,0.001,0,0,0,0,0,0,0,0,0,0,0,0,0,0,0,0,0,0,0,0,0,0,0,0,0,0,0,0,0,0,0,0,0,0,0,0,15.4247,45.7478,9.0026,490.755,636.242,0,0.92231,-0.382321,0.0563456,0.999995,0.188581,0.00643778,0.834862,0.91,1106.74,1347.58,1959.84,3546.83,268.051,1002.18,1939.84,55.6093,2169.87,228.108,156.537,0.337358,0.788162,-0.326449,-0.788287,0,0,0,0,0,0,0,57.2672,0,0.997197,0,0,282.954,1313.41,0,0,801.297,3957.01,0
1691509898065722458,1674,1375,298,0.821386,14.5297,27.6533,42.2533,53.6116,127.53,1.73506,266.488,648.875,1265.11,1495.28,771.565,3732.08,6663.06,13748.9,890.106,1406.12,2424.83,644.315,618.051,481.041,137306,4248.36,6367.99,5.63082,5.71776,0,0,0.0309408,0,11.4003,67.0213,189.041,469.728,1831.89,3798.91,0.0357848,0.00440228,6,6,11,0.647059,1,1.40615,0.945076,0.461078,0.0119038,0.101762,1375,0,0,0,0,0.001,0,0,0,0,0,0,0,0,0,0,0,0,0,0,0,0,0,0,0,0,0,0,0,0,0,0,0,0,0,0,0,0,0,0,0,0,14.5297,42.2533,7.50321,501.255,635.241,0,0.920866,-0.386109,0.054079,0.999989,0.266138,0.0242486,0.869159,0.93,1140.06,1385.55,1989.79,3538.82,271.729,1008.91,1945.52,57.7558,2250.57,216.793,134.343,0.31211,0.29967,-0.827768,-0.252275,0,0,0,0,0,0,0,53.6116,0,0.997818,0,0,266.488,1265.11,0,0,771.565,3732.08,0
1691509898165307380,1581,1301,280,0.822897,15.334,27.6169,43.6934,54.3314,117.042,0.947542,290.062,721.756,1333.31,1606.52,870.358,3971.96,8052.76,19109.2,1072.25,1802.68,2643.76,656.307,706.66,602.27,139034,5361.87,7839.43,8.34241,8.35156,0,0,0.0385652,0,17.3389,68.6122,199.477,594.317,2042.3,4917.38,0.0512746,0.00718913,4,3,10,0.769231,1,1.45166,0.99902,0.452644,0.00362608,0.0857673,1301,0,0,0,0,0.001,0,0,0,0,0,0,0,0,0,0,0,0,0,0,0,0,0,0,0,0,0,0,0,0,0,0,0,0,0,0,0,0,0,0,0,0,15.334,43.6934,8.96252,508.553,645.485,0,0.920692,-0.386414,0.0548635,1,0.049255,0.0109722,0.869159,0.93,1155.03,1435.36,1989.53,3539.51,278.271,1025.91,1957.36,56.1634,2300.21,213.704,154.848,-0.0723546,1.10459,-0.0234095,-1.27591,0,0,0,0,0,0,0,54.3314,0,0.996925,0,0,290.062,1333.31,0,0,870.358,3971.96,0
1691509898265656997,1602,1286,316,0.802747,14.8852,29.0347,44.1213,56.9031,117.733,1.394,273.728,660.901,1307.69,1565.31,844.693,3856.4,7695.69,17772,1015.52,1618.98,2530.02,652.261,661.369,485.801,138473,4701.75,7248.93,5.70044,5.77567,0,0,0.0339542,0,23.7937,75.9973,190.466,587.44,2342.26,4028.97,0.04476,0.00586077,5,5,10,0.666667,1,1.45241,0.969437,0.482976,0.010853,0.0767149,1286,0,0,0,0,0.001,0,0,0,0,0,0,0,0,0,0,0,0,0,0,0,0,0,0,0,0,0,0,0,0,0,0,0,0,0,0,0,0,0,0,0,0,14.8852,44.1213,7.9778,518.406,657.616,0,0.920144,-0.387751,0.0546357,0.999999,0.0837794,0.00732106,0.851852,0.92,1162.36,1453.24,2104.94,3537.23,287.84,1008.93,2050.27,57.2695,2320.72,204.864,159.021,0.0940203,0.457391,-0.624806,-0.53811,0,0,0,0,0,0,0,56.9031,0,0.99689,0,0,273.728,1307.69,0,0,844.693,3856.4,0
1691509898365745475,1583,1200,383,0.758054,15.3831,30.048,45.6105,58.481,172.299,1.36992,277.884,697.245,1281.06,1540.32,853.76,4025.35,7967.01,17965.6,1026.31,1750.13,2684.01,640.111,674.912,513.27,138530,4849.55,7059.81,3.19115,3.25616,0,0,0.0350073,0,21.5233,62.2199,171.862,543.963,1789.77,4470.47,0.0176766,0.00118274,7,6,13,0.684211,1,1.51953,1.0407,0.478832,0.0121416,0.0833731,1200,0,0,0,0,0.001,0,0,0,0,0,0,0,0,0,0,0,0,0,0,0,0,0,0,0,0,0,0,0,0,0,0,0,0,0,0,0,0,0,0,0,0,15.3831,45.6105,10.9146,533.546,668.539,0,0.920273,-0.387388,0.0550196,1,0.0311537,0.0218056,0.801802,0.89,1201.87,1489.34,2150.15,3536.47,286.755,1039.92,2073.74,55.6577,2311.53,185.721,135.382,-0.0498713,0.832969,-0.668501,-0.570076,0,0,0,0,0,0,0,58.481,0,0.998333,0,0,277.884,1281.06,0,0,853.76,4025.35,0
1691509898465781686,1714,1271,443,0.74154,15.812,28.7332,50.1247,64.2639,179.628,2.46322,269.138,685.944,1304.17,1618.61,823.839,4192.31,7597.73,18409,1048.45,1906.76,2749.83,636.079,687.277,527.25,142648,5190.12,7918.97,4.38638,4.38144,0,0,0.0363841,0,35.0029,81.6605,190.38,606.651,2505.59,4499.69,0.148552,0.0230275,9,9,12,0.571429,1,1.64245,1.0722,0.570252,0.0143367,0.157185,1271,0,0,0,0,0.001,0,0,0,0,0,0,0,0,0,0,0,0,0,0,0,0,0,0,0,0,0,0,0,0,0,0,0,0,0,0,0,0,0,0,0,0,15.812,50.1247,11.1997,534.195,692.605,0,0.919836,-0.388327,0.0557217,0.999999,0.0716819,0.0125489,0.834862,0.91,1171.18,1471.76,2185.33,3535.97,278.516,1023.62,2079.92,59.0403,2255.57,215.339,156.872,0.225693,0.0951597,-0.324434,-0.0912009,0,0,0,0,0,0,0,64.2639,0,0.991345,0,0,269.138,1304.17,0,0,823.839,4192.31,0
1691509898565143722,1546,1152,393,0.745149,15.4641,28.1501,45.3454,59.5128,147.301,0.451194,282.647,708.857,1282.32,1566.63,897.743,4021.11,8002.28,19447.1,1208.2,1927.63,2697.81,681.172,658.647,558.825,145819,4839.84,7385.22,3.38453,3.86285,0,0,0.0331908,0,20.8375,72.7817,175.527,590.717,2327.7,4197.66,0.000417109,6.87365e-05,4,4,8,0.666667,1,1.39564,0.948661,0.446975,0.0120998,0.274268,1152,0,0,0,0,0.001,0,0,0,0,0,0,0,0,0,0,0,0,0,0,0,0,0,0,0,0,0,0,0,0,0,0,0,0,0,0,0,0,0,0,0,0,15.4641,45.3454,15.7131,541.413,696.874,0,0.923055,-0.380705,0.0550796,0.999966,0.475488,0.0142,0.785714,0.88,1213.98,1608.8,2197.83,3530.63,276.137,1045.69,2159.24,59.1755,2286.37,203.711,136.551,0.105762,0.443459,-0.562201,-0.454145,0,0,0,0,0,0,0,59.5128,0,0.99566,0,0,282.647,1282.32,0,0,897.743,4021.11,0
1691509898664138950,1569,1206,363,0.768642,15.6198,28.7298,45.5462,57.0381,129.87,2.49858,285.229,667.895,1271.62,1588.71,920.645,3981.17,8520.83,15398.1,1269.19,1694.25,2688.85,658.482,707.371,448.827,148384,5183.2,7652.88,4.006,2.98062,0,0,0.0349309,0,23.9829,74.744,185.822,631.976,2001.37,4734.98,0.011813,0.00119422,9,8,12,0.6,1,1.5327,1.06013,0.472567,0.00789446,0.127585,1206,0,0,0,0,0.001,0,0,0,0,0,0,0,0,0,0,0,0,0,0,0,0,0,0,0,0,0,0,0,0,0,0,0,0,0,0,0,0,0,0,0,0,15.6198,45.5462,12.1119,524.85,713.039,0,0.922518,-0.382004,0.0550672,0.999999,0.0805649,0.0247275,0.818182,0.9,1190.9,1579.3,2263.19,3528.41,274.278,1018.12,2188.6,61.3418,2294.76,204.737,126.525,-0.198399,-0.00780673,-0.219264,-0.0387608,0,0,0,0,0,0,0,57.0381,0,0.995025,0,0,285.229,1271.62,0,0,920.645,3981.17,0
1691509898763106358,1486,1203,283,0.809556,14.6773,26.6561,41.7293,53.0188,176.854,-0.173137,295.833,699.325,1234.99,1547.98,944.067,4168.72,8178.44,17710.6,1425.18,1681.22,2712.99,637.31,714.375,508.044,140098,4757.33,7318.31,4.20611,3.82701,0,0,0.0339571,0,30.2257,84.0865,165.065,634.969,2283.17,4120.79,0.00135552,0.000264698,4,3,11,0.785714,1,1.37797,0.974002,0.403972,0.00382499,0.179832,1203,0,0,0,0,0.001,0,0,0,0,0,0,0,0,0,0,0,0,0,0,0,0,0,0,0,0,0,0,0,0,0,0,0,0,0,0,0,0,0,0,0,0,14.6773,41.7293,9.16904,509.211,695.62,0,0.920924,-0.386029,0.0536628,0.99999,0.260767,0.00656985,0.754386,0.86,1162.88,1492.09,2238.85,3523.59,279.426,1013.78,2183.6,55.5913,2238.88,176.175,134.412,-0.506228,-0.479515,-0.404077,0.109298,0,0,0,0,0,0,0,53.0188,0,0.995844,0,0,295.833,1234.99,0,0,944.067,4168.72,0
1691509898863374186,1592,1155,437,0.725503,14.724,27.7559,46.985,56.4136,124.068,-0.261311,332.56,815.176,1354.65,1561.64,1134.27,4358.28,8487.28,14262.7,1660.92,1774.24,2998.94,795.611,720.746,581.746,137287,5491.97,8357.92,5.56615,3.91313,0,0,0.0400035,0,27.2217,86.836,203.524,695.789,2519.73,4824.82,0.000363227,7.25686e-05,3,3,8,0.727273,1,1.57541,1.12175,0.453654,0.00721031,0.276575,1155,0,0,0,0,0.001,0,0,0,0,0,0,0,0,0,0,0,0,0,0,0,0,0,0,0,0,0,0,0,0,0,0,0,0,0,0,0,0,0,0,0,0,14.724,46.985,8.16609,501.578,684.256,0,0.920819,-0.385939,0.0560582,0.999997,0.137474,0.0133229,0.709402,0.83,1258.01,1591.99,2286.57,3528.54,280.796,1085.74,2274.36,58.9198,2280.86,235.147,163.704,0.161993,0.076873,-0.296501,0.0340912,0,0,0,0,0,0,0,56.4136,0,0.994805,0,0,332.56,1354.65,0,0,1134.27,4358.28,0
1691509898963552418,1446,995,450,0.688105,15.8474,28.7457,44.3283,57.11,113.495,-0.186753,329.001,879.847,1404.68,1666.56,1081.83,4569.39,9023.79,20807.1,1881.85,2108.62,3166.51,841.452,758.325,653.303,140959,5594.36,8175.61,1.87081,3.45789,0,0,0.0396879,0,32.688,79.5173,186.307,689.725,2020.5,5166.87,0.00109469,0.000140644,3,3,10,0.769231,1,1.39963,1.02665,0.37298,0.00898279,0.0904117,995,0,0,0,0,0.001,0,0,0,0,0,0,0,0,0,0,0,0,0,0,0,0,0,0,0,0,0,0,0,0,0,0,0,0,0,0,0,0,0,0,0,0,15.8474,44.3283,9.25434,497.654,702.092,0,0.921324,-0.384943,0.0545981,0.999998,0.105309,0.014489,0.785714,0.88,1260.16,1598.52,2281.62,3523.39,284.217,1116.08,2220,53.2872,2360.49,227.973,135.663,-0.350393,0.415093,-1.11435,-0.660788,0,0,0,0,0,0,0,57.11,0,0.99799,0,0,329.001,1404.68,0,0,1081.83,4569.39,0
1691509899064719951,1458,1035,419,0.709877,15.4883,27.6802,49.4224,63.1751,129.461,-0.527787,300.906,821.257,1361.12,1572.88,1023.74,4568.59,8649.99,17786.6,1895.27,1880.02,3106.3,784.297,743.055,568.179,142193,5013.12,7492.02,4.73352,4.67041,0,0,0.0352559,0,24.5687,74.1071,182.38,561.101,2170.19,4479.68,0.00638467,0.000915075,5,5,10,0.666667,1,1.34287,0.897692,0.445174,0.0117891,0.14408,1035,0,0,0,0,0.001,0,0,0,0,0,0,0,0,0,0,0,0,0,0,0,0,0,0,0,0,0,0,0,0,0,0,0,0,0,0,0,0,0,0,0,0,15.4883,49.4224,8.83731,521.856,703.307,0,0.921688,-0.384179,0.0538267,0.999999,0.0656276,0.0101233,0.869159,0.93,1254.21,1630.78,2322.84,3519.84,283.875,1133.66,2219.48,60.2973,2340.66,215.24,136.964,0.0296941,0.667902,-0.695822,-0.475991,0,0,0,0,0,0,0,63.1751,0,0.995169,0,0,300.906,1361.12,0,0,1023.74,4568.59,0
1691509899165777428,1489,1085,403,0.728677,15.8531,29.8171,48.1658,60.5918,199.82,-1.70561,340.036,856.247,1364.84,1576.85,1088.05,4512.83,8588.44,18060.7,1905.12,1772.07,3086.67,857.254,733.481,580.387,143376,5518.18,8476.53,10.1652,6.54737,0,0,0.0384873,0,23.0345,106.414,208.858,754.484,2559.22,4824.52,0.000153932,4.31659e-05,2,2,8,0.8,1,1.41279,0.943013,0.46978,0.00508229,0.114293,1085,0,0,0,0,0.001,0,0,0,0,0,0,0,0,0,0,0,0,0,0,0,0,0,0,0,0,0,0,0,0,0,0,0,0,0,0,0,0,0,0,0,0,15.8531,48.1658,10.2486,530.809,708.943,0,0.920756,-0.386152,0.0556263,0.999996,0.16204,0.00714047,0.801802,0.89,1284.52,1622.89,2307.02,3522.89,280.82,1140.23,2253.71,56.2766,2335.59,252.655,135.093,0.0567301,-0.245363,-0.960837,-0.221887,0,0,0,0,0,0,0,60.5918,0,0.991705,0,0,340.036,1364.84,0,0,1088.05,4512.83,0
1691509899267373574,1565,1157,405,0.739297,15.7179,28.0591,44.2827,57.7861,150.281,0.482697,316.804,782.846,1309.73,1537.29,977.826,4391.55,7531.23,15894.8,1851.75,1837.94,2959.74,785.201,708.975,528.728,148328,4606.2,7279.72,5.1928,5.22746,0,0,0.031054,0,18.9628,104.988,190.225,770.803,2264.32,3930.42,0.00947837,0.0011703,5,5,10,0.666667,1,1.49078,1.01766,0.473114,0.0123686,0.227654,1157,0,0,0,0,0.001,0,0,0,0,0,0,0,0,0,0,0,0,0,0,0,0,0,0,0,0,0,0,0,0,0,0,0,0,0,0,0,0,0,0,0,0,15.7179,44.2827,8.66325,551.464,700.873,0,0.920147,-0.38797,0.0530029,0.999995,0.186178,0.00291385,0.818182,0.9,1261.79,1570.89,2258.39,3514.4,279.419,1116.2,2191.95,60.2074,2338.78,224.373,141.337,-0.528956,-0.0168772,-0.538376,0.195907,0,0,0,0,0,0,0,57.7861,0,0.99395,0,0,316.804,1309.73,0,0,977.826,4391.55,0
1691509899369330858,1637,1200,436,0.733048,15.6765,28.9928,45.6827,57.212,164.742,1.26413,338.75,786.383,1293.48,1543.85,1034.44,4261.9,8090.41,20965.9,1852.48,1847.05,2724.23,718.692,765.474,511.207,148298,4798.06,7688.69,5.1295,5.0092,0,0,0.0323542,0,22.7036,108.873,194.498,941.647,2353.15,4067.82,0.00939661,0.00141465,4,4,7,0.636364,1,1.63343,1.09184,0.541592,0.0112364,0.209462,1200,0,0,0,0,0.001,0,0,0,0,0,0,0,0,0,0,0,0,0,0,0,0,0,0,0,0,0,0,0,0,0,0,0,0,0,0,0,0,0,0,0,0,15.6765,45.6827,10.0701,590.88,709.049,0,0.921739,-0.384079,0.0536719,0.999991,0.243904,0.045364,0.785714,0.88,1322.61,1621.23,2202.48,3514.24,284.552,1135.16,2181.93,63.7293,2461.72,215.356,140.043,-0.564711,-0.308327,-0.142213,0.14638,0,0,0,0,0,0,0,57.212,0,0.985,0,0,338.75,1293.48,0,0,1034.44,4261.9,0
1691509899471137885,1723,1245,477,0.722577,15.6966,27.5399,42.5346,57.6423,155.526,1.72594,361.145,832.918,1335.2,1566.07,1104.37,4414.85,7814.41,19074.9,1906.27,1842.1,3032.48,777.552,838.49,432.76,148237,5323.43,8588.29,13.0445,6.92377,0,0,0.0359116,0,22.783,117.138,227.233,1212.33,2445.72,4563.09,0.014337,0.00170024,3,2,10,0.833333,1,1.85859,1.32547,0.533115,0.00985242,0.269374,1245,0,0,0,0,0.001,0,0,0,0,0,0,0,0,0,0,0,0,0,0,0,0,0,0,0,0,0,0,0,0,0,0,0,0,0,0,0,0,0,0,0,0,15.6966,42.5346,10.7501,623.502,708.748,0,0.921874,-0.383915,0.0525055,0.999999,0.0679313,0.0147552,0.886792,0.94,1309.39,1619.18,2209.33,3508.43,272.73,1117.32,2182.83,68.0893,2467.78,256.763,143.513,0.316586,-0.632008,-0.0298168,0.168975,0,0,0,0,0,0,0,57.6423,0,0.983936,0,0,361.145,1335.2,0,0,1104.37,4414.85,0
1691509899571658981,1885,1348,537,0.715119,15.1168,28.8351,44.6524,53.6417,187.533,1.82414,380.075,785.529,1286.63,1560.07,1198.26,4235.83,7979.23,13731.7,1701.07,1804.82,2720.15,782.671,736.759,423.251,151911,5407.21,8815.87,5.18401,5.18643,0,0,0.0355947,0,27.9138,149.848,254.954,1251.74,2527.85,4603.56,8.59904,0.00688228,8,7,1,0.125,1,1.66887,1.13833,0.530541,0.0125742,0.058057,1348,0,0,0,0,0.001,0,0,0,0,0,0,0,0,0,0,0,0,0,0,0,0,0,0,0,0,0,0,0,0,0,0,0,0,0,0,0,0,0,0,0,0,15.1168,44.6524,9.74415,634.787,717.469,0,0.918795,-0.391004,0.0541478,0.999969,0.452709,0.0272906,0.834862,0.91,1323.73,1653.84,2232.84,3511.49,283.605,1122.87,2168.81,56.6982,2452.81,285.499,146.73,0.482263,-0.397035,-0.482219,0.39635,0,0,0,0,0,0,0,53.6417,0,0.992582,0,0,380.075,1286.63,0,0,1198.26,4235.83,0
1691509899671066679,1738,1329,408,0.764672,15.4544,26.9113,39.3597,47.5062,113.489,1.93785,371.982,806.586,1300.86,1571.99,1175.28,4214.34,7366.96,14698.1,1514.02,1917.4,3122.38,853.227,767.412,451.037,157686,5330.42,8518.95,4.31742,5.37457,0,0,0.033804,0,22.0694,135.506,256.695,1269.07,2122.56,4713.05,0.000406817,5.4519e-05,3,3,8,0.727273,1,1.36238,0.958656,0.403724,0.0154488,0.145706,1329,0,0,0,0,0.001,0,0,0,0,0,0,0,0,0,0,0,0,0,0,0,0,0,0,0,0,0,0,0,0,0,0,0,0,0,0,0,0,0,0,0,0,15.4544,39.3597,11.0494,656.776,727.175,0,0.920658,-0.386508,0.0547768,0.999988,0.281127,0.0463422,0.886792,0.94,1317.64,1631.69,2181.83,3509.95,281.947,1124.1,2142.51,62.8716,2528.96,312.411,125.144,-0.360772,-0.0108054,-1.15247,0.293777,0,0,0,0,0,0,0,47.5062,0,0.997743,0,0,371.982,1300.86,0,0,1175.28,4214.34,0
1691509899770597141,1779,1393,386,0.783024,14.9323,25.9053,39.7299,48.2757,90.4703,1.44014,374.291,798.448,1336.55,1611.54,1144.97,4358.12,8882.61,19581,1472.8,2087.88,3019.26,834.632,820.191,473.362,157899,6632.3,10427.8,7.76929,7.30669,0,0,0.0420034,0,25.7037,154.723,266.137,1359.84,2748.84,5872.54,0.000734424,0.000116363,3,3,8,0.727273,1,1.53098,1.12185,0.409133,0.0111071,0.183437,1393,0,0,0,0,0.001,0,0,0,0,0,0,0,0,0,0,0,0,0,0,0,0,0,0,0,0,0,0,0,0,0,0,0,0,0,0,0,0,0,0,0,0,14.9323,39.7299,9.62278,656.289,746.088,0,0.923589,-0.379666,0.0532692,0.999971,0.435162,0.0119774,0.923077,0.96,1307.78,1609.28,2183.46,3502.15,282.653,1084.62,2087,64.2208,2614.05,306.267,161.715,0.163846,-0.190979,-0.807638,0.376969,0,0,0,0,0,0,0,48.2757,0,1,0,0,374.291,1336.55,0,0,1144.97,4358.12,0
1691509899869397498,1728,1358,369,0.78588,15.3577,27.0119,39.8347,48.7014,149.536,2.91633,342.527,753.441,1247.39,1502.57,1077.58,4185.72,7968.89,17272.5,1393.76,1963.71,2984.89,764.789,805.34,455.559,156650,5558.21,8532.47,6.95913,7.06597,0,0,0.0354818,0,19.63,125.434,225.423,1086.78,2018.32,5056.88,0.0381147,0.00402641,11,11,10,0.47619,1,1.60617,1.17371,0.43246,0.00834175,0.130462,1358,0,0,0,0,0.001,0,0,0,0,0,0,0,0,0,0,0,0,0,0,0,0,0,0,0,0,0,0,0,0,0,0,0,0,0,0,0,0,0,0,0,0,15.3577,39.8347,9.69849,661.918,717.383,0,0.92183,-0.38405,0.0523025,0.999988,0.276282,0.0397624,0.923077,0.96,1307.18,1607.16,2181.79,3497.32,294.052,1115.96,2081.4,61.4007,2620.98,265.976,124.787,-0.177792,-0.0325622,-1.31347,0.134191,0,0,0,0,0,0,0,48.7014,0,0.996318,0,0,342.527,1247.39,0,0,1077.58,4185.72,0
1691509899967830834,1769,1413,354,0.798756,14.2876,25.8657,38.16,48.5357,90.9788,1.03938,323.04,728.847,1208.62,1501.12,1033.45,4263.19,7350.27,12810.3,1415.01,2087.66,2755.2,705.304,744.828,520.983,151581,5264.92,8661.27,5.69905,5.59308,0,0,0.0347335,0,31.9715,145.811,201.379,1301.53,2596.32,4384.25,0.00650962,0.000734531,6,6,8,0.571429,1,1.8004,1.39202,0.408376,0.0216507,0.0926207,1413,0,0,0,0,0.001,0,0,0,0,0,0,0,0,0,0,0,0,0,0,0,0,0,0,0,0,0,0,0,0,0,0,0,0,0,0,0,0,0,0,0,0,14.2876,38.16,8.4371,626.572,687.991,0,0.921206,-0.385315,0.0539625,0.999998,0.124803,0.0133537,0.923077,0.96,1275.16,1531.78,2082.38,3500.29,312.822,1105.4,2055.14,57.7523,2686.79,234.121,140.185,-0.316716,-0.260768,0.180123,0.324909,0,0,0,0,0,0,0,48.5357,0,1,0,0,323.04,1208.62,0,0,1033.45,4263.19,0
1691509900065423319,1669,1374,295,0.823247,14.9819,25.7569,39.472,50.1574,129.184,-0.127298,328.715,756.527,1294.35,1541.5,1015.99,4300.2,8708.04,18025.1,1371.39,2164.69,2888.67,691.452,815.22,532.968,142631,5749.01,9233.63,7.92418,7.90657,0,0,0.0403068,0,23.4192,143.994,220.058,1273.23,2627.66,4945.26,0.269441,0.035865,5,4,10,0.714286,1,1.89233,1.47633,0.415996,0.00670177,0.327415,1374,0,0,0,0,0.001,0,0,0,0,0,0,0,0,0,0,0,0,0,0,0,0,0,0,0,0,0,0,0,0,0,0,0,0,0,0,0,0,0,0,0,0,14.9819,39.472,12.7448,613.042,661.213,0,0.923755,-0.379153,0.0540365,0.999978,0.382105,0.0667455,0.923077,0.96,1282.26,1551.06,2091.97,3498.15,319.571,1133.65,2078.24,61.628,2670.88,276.42,142.425,0.262548,-0.210794,-0.254304,0.208561,0,0,0,0,0,0,0,50.1574,0,0.998544,0,0,328.715,1294.35,0,0,1015.99,4300.2,0
1691509900161929398,1610,1301,309,0.808075,14.0082,24.6758,38.3162,47.0291,151.256,0.376338,335.375,735.077,1264.16,1485.7,1072.47,4134.57,7991.54,15764.8,1194.63,2021.29,2940.97,689.556,788.811,510.301,143034,5070.27,8103.71,8.57253,8.55003,0,0,0.035448,0,20.8762,122.021,208.39,1037.23,2351.08,4364.11,0.0886456,0.0174604,5,5,10,0.666667,1,1.60424,1.21862,0.385616,0.0114821,0.356232,1301,0,0,0,0,0.001,0,0,0,0,0,0,0,0,0,0,0,0,0,0,0,0,0,0,0,0,0,0,0,0,0,0,0,0,0,0,0,0,0,0,0,0,14.0082,38.3162,15.1646,599.643,652.192,0,0.923052,-0.380836,0.0542164,0.999998,0.105033,0.0269479,0.886792,0.94,1256.73,1497.44,2078.2,3497.4,315.868,1120.41,2004.38,56.7471,2591.54,249.833,129.514,-0.217482,0.410659,0.127934,-0.418444,0,0,0,0,0,0,0,47.0291,0,0.996157,0,0,335.375,1264.16,0,0,1072.47,4134.57,0
1691509900258715024,1669,1385,284,0.829838,13.8093,24.5871,38.8754,47.7234,164.011,0.0185581,329.544,748.106,1259.1,1537.01,1087.5,4170.52,7762.66,14204.7,1182.81,2008.25,2968.28,721.493,795.858,522.236,148537,5564.15,8649.95,2.99809,2.94199,0,0,0.0374596,0,23.5576,134.158,219.117,1065.52,2228.46,4979.14,0.061303,0.00478586,3,3,7,0.7,1,1.44589,1.02838,0.41751,0.0110282,0.298415,1385,0,0,0,0,0.001,0,0,0,0,0,0,0,0,0,0,0,0,0,0,0,0,0,0,0,0,0,0,0,0,0,0,0,0,0,0,0,0,0,0,0,0,13.8093,38.8754,14.5631,588.309,676.128,0,0.924878,-0.376522,0.0532253,0.999989,0.274366,0.0783369,0.886792,0.94,1266.75,1461.25,2027.16,3492.99,312.073,1102.22,1955.69,60.9895,2559.22,272.095,148.314,-0.530937,-0.173458,0.194574,0.231049,0,0,0,0,0,0,0,47.7234,0,0.997112,0,0,329.544,1259.1,0,0,1087.5,4170.52,0
1691509900356823953,1615,1390,225,0.860681,15.0889,24.7573,38.3653,49.1691,156.713,-0.99049,334.777,761.631,1286.11,1522.75,1113.26,4157.24,7319.37,20778,1263.23,2016.01,2910.37,748.776,771.7,526.646,150454,5822.74,9165.35,6.32916,5.75922,0,0,0.038701,0,22.9344,144.649,222.246,1182.72,2453.02,5139.78,0.000354264,4.32275e-05,2,2,8,0.8,1,1.68684,1.22875,0.45809,0.0068664,0.155842,1390,0,0,0,0,0.001,0,0,0,0,0,0,0,0,0,0,0,0,0,0,0,0,0,0,0,0,0,0,0,0,0,0,0,0,0,0,0,0,0,0,0,0,15.0889,38.3653,9.66768,589.422,677.91,0,0.921539,-0.38427,0.0556948,0.999961,0.503654,0.0499422,0.923077,0.96,1260.47,1461.85,2030.41,3500.46,313.995,1114.02,1955.67,65.9554,2506.05,270.451,156.004,-0.587158,-0.489011,0.679959,-0.0633213,0,0,0,0,0,0,0,49.1691,0,0.992806,0,0,334.777,1286.11,0,0,1113.26,4157.24,0
1691509900455328221,1586,1339,246,0.844262,14.0201,26.3929,37.67,46.1247,143.789,-0.950742,329.128,745.024,1270.21,1486.08,1032.83,4029.71,8436.79,12781,1361.34,1763.11,3186.92,774.157,789.857,484.64,154664,5296.2,8350.09,3.79989,3.79189,0,0,0.0342432,0,22.9943,148.589,212.773,1183.69,2052.61,4729.43,1.20618,0.0206035,5,4,9,0.692308,1,1.47574,1.0878,0.387943,0.0109081,0.203,1339,0,0,0,0,0.001,0,0,0,0,0,0,0,0,0,0,0,0,0,0,0,0,0,0,0,0,0,0,0,0,0,0,0,0,0,0,0,0,0,0,0,0,14.0201,37.67,11.7351,593.569,715.695,0,0.922462,-0.382475,0.0527016,0.999993,0.206814,0.028706,0.941748,0.97,1258.89,1453.1,2025.47,3492.52,308.248,1080.3,1921,63.3142,2538.26,271.346,133.367,-0.40094,-0.0478546,0.394073,0.0476934,0,0,0,0,0,0,0,46.1247,0,0.996266,0,0,329.128,1270.21,0,0,1032.83,4029.71,0
1691509900555457660,1560,1320,240,0.846154,15.206,28.2075,40.8956,50.0152,121.42,-0.682507,334.193,781.151,1251.94,1508.16,1126.79,4222.67,9242.62,20289.1,1377.9,1871.07,3053.8,750.666,757.918,533.083,166901,5982.09,9211.11,8.34761,2.25486,0,0,0.0358421,0,23.8883,134.531,221.211,1180.9,2235.06,5415.52,0.000129524,9.86924e-06,2,2,8,0.8,1,1.70483,1.25404,0.450794,0.00796817,0.149007,1320,0,0,0,0,0.001,0,0,0,0,0,0,0,0,0,0,0,0,0,0,0,0,0,0,0,0,0,0,0,0,0,0,0,0,0,0,0,0,0,0,0,0,15.206,40.8956,7.78501,609.051,744.164,0,0.920371,-0.387345,0.053677,0.999985,0.308745,0.0544743,0.886792,0.94,1252.99,1492.2,2026.5,3496.43,300.04,1065.05,1935.69,62.3312,2509.83,263.211,139.443,-0.923218,0.337713,1.01051,-0.15589,0,0,0,0,0,0,0,50.0152,0,0.995455,0,0,334.193,1251.94,0,0,1126.79,4222.67,0
1691509900656674214,1571,1355,216,0.862508,15.4275,27.4416,41.4845,50.8156,145.04,-1.13151,301.339,720.569,1243.57,1510.53,960.613,4108.81,9332.22,18174.2,1592.84,1634.08,2945.95,730.507,677.889,488.833,161654,5827.1,9099.18,4.37132,4.58974,0,0,0.0360469,0,19.0561,141.924,220.795,1181.47,2337.09,5198.84,0.0904272,0.00416365,3,3,7,0.7,1,1.53772,1.08406,0.453658,0.00751105,0.182751,1355,0,0,0,0,0.001,0,0,0,0,0,0,0,0,0,0,0,0,0,0,0,0,0,0,0,0,0,0,0,0,0,0,0,0,0,0,0,0,0,0,0,0,15.4275,41.4845,10.9352,602.656,749.409,0,0.92101,-0.385676,0.054723,0.999998,0.118634,0.00264069,0.923077,0.96,1244.42,1436.8,1992.6,3499.1,292.972,1048.65,1858.39,65.5192,2367.99,264.889,153.302,0.113572,-0.385643,-0.159482,0.449626,0,0,0,0,0,0,0,50.8156,0,0.998524,0,0,301.339,1243.57,0,0,960.613,4108.81,0
1691509900758233538,1484,1319,165,0.888814,14.9185,28.2598,43.1902,54.1466,119.603,-0.0674028,294.192,698.552,1220.26,1461.35,967.114,4083.86,8325.03,16244.5,1674.09,1464.8,2990.78,710.965,629.857,549.243,156797,5482.6,8405.71,11.1659,4.29766,0,0,0.0349663,0,20.2449,131.728,189.142,1066.07,2019.53,4978.99,0.00067841,7.43921e-05,3,2,9,0.818182,1,1.42823,0.966541,0.461694,0.00654289,0.13972,1319,0,0,0,0,0.001,0,0,0,0,0,0,0,0,0,0,0,0,0,0,0,0,0,0,0,0,0,0,0,0,0,0,0,0,0,0,0,0,0,0,0,0,14.9185,43.1902,7.07905,590.319,720.602,0,0.919636,-0.388934,0.0547691,0.999994,0.202618,0.0144227,0.923077,0.96,1243.47,1434.34,2017.38,3500.82,305.011,1048.77,1900.61,50.0167,2332.61,228.526,149.002,-0.0761252,0.272508,-0.0342964,0.0524019,0,0,0,0,0,0,0,54.1466,0,0.996967,0,0,294.192,1220.26,0,0,967.114,4083.86,0
1691509900860773527,1416,1327,89,0.937147,14.1476,26.7602,41.4572,52.7021,132.202,1.08202,285.716,708.973,1276.11,1487.51,897.982,4121.8,7775.59,15457.5,1802.13,1295.66,2870.16,713.335,669.916,492.657,145759,4958.09,7695.48,4.02341,3.70166,0,0,0.0340156,0,14.0745,121.283,185.983,1006.34,1909.92,4457.87,0.0326167,0.00480089,4,3,8,0.727273,1,1.42757,0.97137,0.456197,0.00740252,0.216951,1327,0,0,0,0,0.001,0,0,0,0,0,0,0,0,0,0,0,0,0,0,0,0,0,0,0,0,0,0,0,0,0,0,0,0,0,0,0,0,0,0,0,0,14.1476,41.4572,9.18826,563.564,688.248,0,0.920416,-0.386992,0.0554158,0.999998,0.125549,0.0330913,0.769912,0.87,1181.54,1406.01,2013.79,3502.37,292.508,1037.28,1951.33,56.9942,2383.15,245.586,137.875,-0.179593,0.215072,0.190886,-0.234822,0,0,0,0,0,0,0,52.7021,0,0.996986,0,0,285.716,1276.11,0,0,897.982,4121.8,0
1691509900964688244,1400,1318,82,0.941429,16.0987,29.4143,45.5064,61.2725,148.224,1.75234,276.38,648.44,1204.41,1484.83,872.979,4161.64,7450.96,13715.4,1853.29,1174.16,2647.41,601.023,616.473,530.088,143755,4676.82,7412.19,3.0983,1.82953,0,0,0.0325332,0,16.9329,107.189,182.298,1082.03,1890.7,4133.05,0.0215613,0.0023172,4,4,9,0.692308,1,1.53235,0.961297,0.571055,0.00709842,0.15825,1318,0,0,0,0,0.001,0,0,0,0,0,0,0,0,0,0,0,0,0,0,0,0,0,0,0,0,0,0,0,0,0,0,0,0,0,0,0,0,0,0,0,0,16.0987,45.5064,6.57095,533.228,665.201,0,0.920475,-0.387031,0.0541558,0.999999,0.0723045,0.0317049,0.754386,0.86,1162.73,1372.38,2014.29,3500.05,297.747,1030.83,1937.35,47.4038,2397.78,209.929,150.033,0.107718,-0.430015,-0.0365243,-0.0656217,0,0,0,0,0,0,0,61.2725,0,0.990137,0,0,276.38,1204.41,0,0,872.979,4161.64,0
1691509901068319437,1381,1303,70,0.943519,13.5997,25.8778,43.7387,63.5472,153.564,2.08395,245.327,680.9,1233.8,1483.08,797.863,3971.94,8291.17,14605.4,1862.36,1141.38,2667.23,732.038,621.749,545.383,131162,4631.94,7257.86,4.48699,4.48115,0,0,0.0353146,0,13.4572,96.1175,178.139,965.537,1894.64,4109.96,0.749415,0.0127569,7,7,7,0.5,1,3.61449,3.09546,0.51903,0.0195457,0.694001,1303,0,0,0,0,0.001,0,0,0,0,0,0,0,0,0,0,0,0,0,0,0,0,0,0,0,0,0,0,0,0,0,0,0,0,0,0,0,0,0,0,0,0,13.5997,43.7387,8.44679,551.196,623.357,0,0.921283,-0.384954,0.0552158,0.999997,0.141387,0.0814971,0.818182,0.9,1180.26,1371.68,1996.86,3502.83,303.203,1053.2,1926.09,53.6683,2376.89,217.886,142.139,-0.0800976,-0.202477,0.0780096,0.202834,0,0,0,0,0,0,0,63.5472,0,0.99079,0,0,245.327,1233.8,0,0,797.863,3971.94,0
1691509901173830509,1466,1286,180,0.877217,14.4224,26.7688,48.2283,64.0617,156.445,1.67212,288.673,701.311,1264.8,1487.82,912.706,4215.27,9497.5,19421.3,1799.16,1395.67,2985.06,769.075,570.602,583.955,143161,5246.33,8351.44,3.41832,3.38348,0,0,0.0366463,0,20.3937,136.793,188.659,1298.23,2071.2,4636.16,0.0175676,0.00148311,5,5,9,0.642857,1,1.65089,1.08159,0.569302,0.0179171,0.463239,1286,0,0,0,0,0.001,0,0,0,0,0,0,0,0,0,0,0,0,0,0,0,0,0,0,0,0,0,0,0,0,0,0,0,0,0,0,0,0,0,0,0,0,14.4224,48.2283,9.80825,600.664,685.527,0,0.923916,-0.378606,0.055099,0.999976,0.393813,0.0299609,0.709402,0.83,1257.83,1455.92,2056.82,3502.08,312.95,1085.19,1979.46,51.8076,2443.82,250.512,144.756,-0.418246,0.147071,-0.346708,-0.0532167,0,0,0,0,0,0,0,64.0617,0,0.986003,0,0,288.673,1264.8,0,0,912.706,4215.27,0
1691509901275440819,1464,1299,165,0.887295,14.5049,26.2243,43.2713,57.3323,155.998,1.33594,288.229,709.1,1304.56,1546.73,936.417,4113.82,9014.38,19162.9,1637.27,1421.7,2967.09,755.165,616.532,528.117,149826,5905.23,9036.6,2.59938,2.63228,0,0,0.039414,0,18.915,127.286,198.795,1238.09,2067.64,5385.88,0.0892828,0.0088382,5,5,7,0.583333,1,1.5704,1.07761,0.492785,0.00956943,0.0924856,1299,0,0,0,0,0.001,0,0,0,0,0,0,0,0,0,0,0,0,0,0,0,0,0,0,0,0,0,0,0,0,0,0,0,0,0,0,0,0,0,0,0,0,14.5049,43.2713,8.9153,603.389,699.696,0,0.921061,-0.385455,0.0554103,0.999972,0.425548,0.0161211,0.923077,0.96,1252.9,1476.37,2044.55,3502.53,311.066,1079.05,1968.67,49.3577,2365.67,267.656,140.654,0.309047,0.131194,-0.273759,-0.0906585,0,0,0,0,0,0,0,57.3323,0,0.993072,0,0,288.229,1304.56,0,0,936.417,4113.82,0
1691509901375111567,1476,1335,141,0.904472,14.3009,26.7583,44.744,59.5341,142.603,0.455289,284.426,752.571,1268.66,1458.93,910.48,4026.45,9131.55,14244.2,1740.79,1551.53,2789.15,753.424,666.352,513.328,147964,5173.96,8292.02,8.4157,8.5228,0,0,0.0349677,0,19.5958,155.342,191.081,1264.25,2122.36,4539.4,0.00978832,0.0015345,5,4,11,0.733333,1,1.45397,0.955512,0.498454,0.00587558,0.183476,1335,0,0,0,0,0.001,0,0,0,0,0,0,0,0,0,0,0,0,0,0,0,0,0,0,0,0,0,0,0,0,0,0,0,0,0,0,0,0,0,0,0,0,14.3009,44.744,10.8177,612.434,708.748,0,0.92169,-0.384198,0.0536655,0.999997,0.128367,0.006936,0.941748,0.97,1253.18,1469.77,2037.03,3498.02,311.817,1090.24,1956.58,51.449,2481.4,243.759,162.35,0.291403,0.365517,-1.06554,-0.688227,0,0,0,0,0,0,0,59.5341,0,0.995506,0,0,284.426,1268.66,0,0,910.48,4026.45,0
1691509901473277353,1516,1375,141,0.906992,14.3922,27.8987,49.5924,61.3191,142.605,0.234111,270.098,719.692,1286.17,1540.17,872.706,4178.61,8739.48,17409.6,1622.08,1435.93,2952.18,714.164,710.403,528.939,158406,5818.17,8842.15,4.62511,4.50039,0,0,0.0367294,0,20.3996,153.704,208.444,1235.73,1856.31,5367.56,0.000160476,2.3572e-05,2,2,8,0.8,1,1.71613,1.13365,0.582474,0.0096315,0.163179,1375,0,0,0,0,0.001,0,0,0,0,0,0,0,0,0,0,0,0,0,0,0,0,0,0,0,0,0,0,0,0,0,0,0,0,0,0,0,0,0,0,0,0,14.3922,49.5924,9.65952,630.402,730.938,0,0.920524,-0.387074,0.053004,0.999995,0.181764,0.0346774,0.941748,0.97,1253.28,1450.57,2031.78,3498.38,302.766,1066.48,1931.93,56.6963,2422.73,274.557,151.306,-0.322727,-0.00754151,-0.037643,0.13426,0,0,0,0,0,0,0,61.3191,0,0.993455,0,0,270.098,1286.17,0,0,872.706,4178.61,0
1691509901571284044,1559,1422,136,0.912123,15.5357,28.388,43.0403,55.6829,124.888,0.956526,289.485,738.163,1271.02,1523.03,924.533,4070.48,9136.21,20613.7,1574.15,1548.01,2907.98,782.596,747.164,533.149,158847,5929.37,9131.05,19.4707,5.35571,0,0,0.0373277,0,17.2443,155.697,227.381,1299.91,2014.98,5415.84,0.000227964,2.89482e-05,2,2,8,0.8,1,1.75872,1.23954,0.51918,0.00233294,0.111304,1422,0,0,0,0,0.001,0,0,0,0,0,0,0,0,0,0,0,0,0,0,0,0,0,0,0,0,0,0,0,0,0,0,0,0,0,0,0,0,0,0,0,0,15.5357,43.0403,8.00623,645.213,724.78,0,0.921304,-0.385099,0.0538257,0.999997,0.130472,0.0273431,0.941748,0.97,1248.2,1445.16,2035.58,3502.41,304.734,1063.53,1978.42,53.6555,2560.29,277.217,160.12,0.137143,0.313573,-0.249459,-0.119552,0,0,0,0,0,0,0,55.6829,0,0.999297,0,0,289.485,1271.02,0,0,924.533,4070.48,0
1691509901669164420,1648,1513,135,0.918083,15.9436,29.1381,47.1569,58.5311,136.338,1.59168,287.967,727.072,1243.62,1508.97,866.592,4081.93,8969.33,13746.7,1464.01,1660.99,2873.98,733.327,748.739,495.441,155604,5883,9249.8,6.33726,6.33964,0,0,0.0378074,0,26.4425,168.902,221.32,1418.91,2120.8,5293.42,0.292494,0.0220698,3,3,7,0.7,1,1.92117,1.33197,0.589196,0.00430617,0.0996601,1513,0,0,0,0,0.001,0,0,0,0,0,0,0,0,0,0,0,0,0,0,0,0,0,0,0,0,0,0,0,0,0,0,0,0,0,0,0,0,0,0,0,0,15.9436,47.1569,7.66408,644.112,713.224,0,0.920817,-0.386118,0.0548562,0.999999,0.0876393,0.0856054,0.904762,0.95,1248.04,1440.52,2027.51,3504.87,313.116,1061.97,1937.76,61.744,2609.64,282.803,167.782,-0.560658,-0.528445,0.669197,0.601707,0,0,0,0,0,0,0,58.5311,0,0.998017,0,0,287.967,1243.62,0,0,866.592,4081.93,0
1691509901766891351,1590,1475,115,0.927673,16.5778,31.0039,47.7975,59.2685,161.141,0.8169,279.056,709.168,1216.19,1453.16,877.588,3890.93,7981.17,18584.8,1243.36,1671.81,2642.4,714.039,746.015,539.69,150246,5577.44,8676.65,5.36775,5.32059,0,0,0.0371221,0,24.1102,152.565,208.813,1451,1755.59,5084.57,0.224522,0.0211927,4,4,7,0.636364,1,2.00424,1.384,0.620233,0.00933758,0.0566736,1475,0,0,0,0,0.001,0,0,0,0,0,0,0,0,0,0,0,0,0,0,0,0,0,0,0,0,0,0,0,0,0,0,0,0,0,0,0,0,0,0,0,0,16.5778,47.7975,9.33012,628.998,698.672,0,0.922195,-0.38293,0.0540403,0.999994,0.204412,0.0894326,0.869159,0.93,1255.57,1454.38,2025.49,3505.32,309.802,1082.94,1953.2,56.9479,2562.94,264.312,146.784,-0.270177,-0.170304,0.284744,0.147354,0,0,0,0,0,0,0,59.2685,0,0.994576,0,0,279.056,1216.19,0,0,877.588,3890.93,0
1691509901864514657,1580,1475,105,0.933544,15.7515,29.6655,46.099,58.228,109.774,1.71859,288.681,717.594,1281.59,1529.1,887.879,4118.13,8725.83,19059.5,1278.58,1834.68,2758.5,692.155,790.622,549.989,143304,6397.66,10062,4.84457,5.14538,0,0,0.0446438,0,23.7884,171.196,215.326,1636.12,2268.21,5747.36,0.0839351,0.0108987,3,2,8,0.8,1,1.65191,1.07274,0.579171,0.00523597,0.101592,1475,0,0,0,0,0.001,0,0,0,0,0,0,0,0,0,0,0,0,0,0,0,0,0,0,0,0,0,0,0,0,0,0,0,0,0,0,0,0,0,0,0,0,15.7515,46.099,10.7034,592.71,679.586,0,0.923141,-0.380565,0.0546023,0.999997,0.14945,0.013733,0.834862,0.91,1236.78,1438.54,2024.91,3509.92,307.707,1080.89,1976.94,56.2947,2585.73,278.871,174.384,-0.15218,-0.243903,0.073908,0.254367,0,0,0,0,0,0,0,58.228,0,0.997966,0,0,288.681,1281.59,0,0,887.879,4118.13,0
1691509901961888902,1580,1468,112,0.929114,15.4954,29.8169,49.2191,62.0977,138.907,0.419481,270.349,727.606,1271.29,1498.89,847.879,3979.95,9055.3,24233.7,1154.84,1801.22,2716.09,670.458,729.994,519.624,137578,6164.13,9540.34,6.32698,6.57055,0,0,0.0448048,0,18.3862,176.274,214.09,1449,2065.26,5617.33,0.000837408,0.000127046,4,4,8,0.666667,1,1.68977,1.03354,0.656225,0.00425881,0.268963,1468,0,0,0,0,0.001,0,0,0,0,0,0,0,0,0,0,0,0,0,0,0,0,0,0,0,0,0,0,0,0,0,0,0,0,0,0,0,0,0,0,0,0,15.4954,49.2191,10.5389,589.707,658.754,0,0.923596,-0.379665,0.0531477,0.999998,0.101418,0.0468306,0.869159,0.93,1237.79,1438.54,2021.01,3508.99,304.296,1081.75,1980.53,51.4702,2621.65,285.708,159.779,0.068206,0.563122,-0.134549,-0.534104,0,0,0,0,0,0,0,62.0977,0,0.987057,0,0,270.349,1271.29,0,0,847.879,3979.95,0
1691509902058722652,1643,1545,97,0.940353,15.1279,28.3594,45.9003,57.7109,145.22,0.581171,278.091,716.49,1223.07,1478.64,883.176,3865.17,9965.5,18700.3,1159.32,1686.99,2759.25,648.233,728.602,519.419,132639,6289.96,9910.24,6.94457,6.79782,0,0,0.0474215,0,22.8311,157.473,199.508,1627,2275.53,5627.9,0.162927,0.0249327,4,4,7,0.636364,1,1.72187,1.12361,0.598264,0.0017989,0.400407,1545,0,0,0,0,0.001,0,0,0,0,0,0,0,0,0,0,0,0,0,0,0,0,0,0,0,0,0,0,0,0,0,0,0,0,0,0,0,0,0,0,0,0,15.1279,45.9003,15.0168,587.347,632.637,0,0.923762,-0.379095,0.0543266,0.999999,0.0756392,0.0503175,0.818182,0.9,1216.29,1433.44,2022.25,3516.7,301.756,1079.51,1998.42,51.6271,2620.55,265.728,151.125,0.0232291,-0.171475,-0.0458871,0.102412,0,0,0,0,0,0,0,57.7109,0,0.994822,0,0,278.091,1223.07,0,0,883.176,3865.17,0
1691509902156015344,1599,1513,86,0.946216,15.6728,28.5658,45.7589,58.749,109.302,0.586179,279.401,707.906,1254.39,1512.95,883.315,3937.81,7372.96,19180.9,1263.1,1707.71,2760.11,655.369,782.748,560.681,139344,5517.57,8640.74,8.47594,8.47491,0,0,0.0395966,0,23.8181,159.967,207.237,1297.86,1971.63,4980.24,0.184877,0.0293407,4,4,7,0.636364,1,1.67817,1.08744,0.590736,0.00749656,0.134111,1513,0,0,0,0,0.001,0,0,0,0,0,0,0,0,0,0,0,0,0,0,0,0,0,0,0,0,0,0,0,0,0,0,0,0,0,0,0,0,0,0,0,0,15.6728,45.7589,10.3468,581.546,671.107,0,0.92158,-0.384216,0.0553843,0.999984,0.324654,0.146316,0.834862,0.91,1233.34,1445.5,2022.82,3521.48,308.664,1064.13,1995.26,51.3384,2484.45,282.38,173.438,-0.0851113,0.0796264,0.177688,-0.0849749,0,0,0,0,0,0,0,58.749,0,0.994052,0,0,279.401,1254.39,0,0,883.315,3937.81,0
1691509902254531903,1572,1459,113,0.928117,15.9484,29.1393,49.2118,63.1468,154.981,0.0579256,270.908,720.329,1241.81,1526.03,880.067,3978.49,8329.19,17067.1,1608.87,1732.93,2760.41,669.818,771.225,589.681,140765,5422.64,8802.31,5.01963,5.03003,0,0,0.0385227,0,23.9352,181.135,192.743,1661.28,1986.12,4757.1,0.106183,0.012506,7,7,8,0.533333,1,1.8859,1.24434,0.641564,0.00434832,0.155483,1459,0,0,0,0,0.001,0,0,0,0,0,0,0,0,0,0,0,0,0,0,0,0,0,0,0,0,0,0,0,0,0,0,0,0,0,0,0,0,0,0,0,0,15.9484,49.2118,10.0327,573.183,676.785,0,0.922999,-0.380975,0.0541363,0.999993,0.214969,0.0048174,0.869159,0.93,1234.33,1435.67,2025.87,3522.9,308.451,1060.63,1982.59,57.159,2442.77,277.854,170.85,-0.423171,0.262671,0.397036,-0.25598,0,0,0,0,0,0,0,63.1468,0,0.993146,0,0,270.908,1241.81,0,0,880.067,3978.49,0
1691509902354113894,1613,1508,105,0.934904,15.821,28.0733,42.6922,54.7113,107.062,-1.089,281.885,745.549,1277.48,1561.63,904.107,4261.01,9301.43,18157.4,1665.42,1608.32,2902.92,740.732,795.259,570.078,143226,6599.98,10431.8,4.23202,4.00159,0,0,0.0460809,0,27.3791,193.742,222.287,1828.06,2231.49,5928.8,0.0546867,0.00655958,3,3,7,0.7,1,1.85843,1.31279,0.545635,0.00394896,0.177486,1508,0,0,0,0,0.001,0,0,0,0,0,0,0,0,0,0,0,0,0,0,0,0,0,0,0,0,0,0,0,0,0,0,0,0,0,0,0,0,0,0,0,0,15.821,42.6922,11.4878,580.605,686.907,0,0.922198,-0.383115,0.0526683,0.999996,0.155626,0.00436925,0.834862,0.91,1229.95,1420.83,2018.67,3519.71,300.89,1049.86,1974.25,53.0513,2456.24,290.337,195.637,-0.160031,0.236897,0.0404505,-0.270357,0,0,0,0,0,0,0,54.7113,0,0.998011,0,0,281.885,1277.48,0,0,904.107,4261.01,0
1691509902455069307,1561,1465,96,0.938501,15.003,27.9038,46.6009,59.8676,129.066,-1.23427,262.589,680.316,1157.33,1506.81,877.347,3902.25,7578.01,14965.4,1692.3,1331.07,2707.16,683.198,696.719,507.51,152257,4958.93,7953.72,5.42307,5.38518,0,0,0.0325694,0,18.5943,160.294,189.687,1353.64,1834.97,4396.53,0.0643984,0.0118794,5,5,10,0.666667,1,1.67268,1.11185,0.560828,0.0161371,0.133124,1465,0,0,0,0,0.001,0,0,0,0,0,0,0,0,0,0,0,0,0,0,0,0,0,0,0,0,0,0,0,0,0,0,0,0,0,0,0,0,0,0,0,0,15.003,46.6009,10.6781,596.01,706.312,0,0.920772,-0.386712,0.0513125,0.999992,0.234923,0.00773193,0.834862,0.91,1228.99,1418.75,2009.06,3519.06,292.524,1053.94,1915.97,53.7165,2434.17,258.049,156.428,-0.0427892,0.960434,0.183966,-0.89522,0,0,0,0,0,0,0,59.8676,0,0.99727,0,0,262.589,1157.33,0,0,877.347,3902.25,0
1691509902556222605,1436,1338,98,0.931755,14.6206,28.8052,46.3841,59.0736,110.4,-1.15201,268.977,725.325,1265.8,1543.3,945.317,4242.19,8109.27,12453,1760.98,1360.13,3036.24,743.804,705.67,537.86,155746,5270.41,8202.87,7.46796,7.70745,0,0,0.0338398,0,21.1306,153.336,192.85,1239.45,1810.51,4785.59,0.00412858,0.000908988,4,4,8,0.666667,1,1.81766,1.29839,0.519265,0.0104884,0.074084,1338,0,0,0,0,0.001,0,0,0,0,0,0,0,0,0,0,0,0,0,0,0,0,0,0,0,0,0,0,0,0,0,0,0,0,0,0,0,0,0,0,0,0,14.6206,46.3841,8.97777,614.082,735.941,0,0.920127,-0.388061,0.0526756,0.999998,0.115905,0.0182073,0.869159,0.93,1224.32,1392.31,2005.83,3523.83,284.681,1039.48,1900.35,50.5622,2430.74,281.239,161.401,0.308034,0.295387,-0.269289,-0.363597,0,0,0,0,0,0,0,59.0736,0,0.997758,0,0,268.977,1265.8,0,0,945.317,4242.19,0
1691509902658603175,1488,1392,96,0.935484,15.8133,29.4705,50.0887,63.1358,133.777,-1.40082,257.096,720.122,1320.37,1577.9,897.701,4316.08,8664.31,14991.6,1840.63,1377.13,2829.01,740.816,612.53,545.048,150882,5722.84,9189.25,3.13743,2.99415,0,0,0.0379294,0,23.8101,159.494,177.804,1736.82,2040.12,5051.21,0.00262145,0.000445023,5,4,9,0.692308,1,1.71481,1.09522,0.61959,0.00280721,0.102517,1392,0,0,0,0,0.001,0,0,0,0,0,0,0,0,0,0,0,0,0,0,0,0,0,0,0,0,0,0,0,0,0,0,0,0,0,0,0,0,0,0,0,0,15.8133,50.0887,10.9275,613.717,716.356,0,0.920485,-0.387209,0.0526949,1,0.0529261,0.0182326,0.769912,0.87,1205.88,1392.22,2016.01,3525.12,289.572,1021.61,1948.31,52.2501,2396.95,261.088,170.908,-0.071692,0.821117,0.00357075,-0.77575,0,0,0,0,0,0,0,63.1358,0,0.996408,0,0,257.096,1320.37,0,0,897.701,4316.08,0
1691509902761361295,1392,1324,68,0.951149,15.7519,28.4115,43.7941,59.2616,148.173,-0.0930883,265.563,693.313,1254.5,1526.63,893.219,4342.26,8542.62,14433.3,1765.09,1255.02,2899.01,724.248,537.378,542.511,145903,5274.23,8605.8,0.738461,0.763498,0,0,0.0361489,0,21.2582,141.756,184.644,1779.11,1896.24,4582.79,0.124388,0.00572366,4,3,9,0.75,1,1.62828,1.11977,0.508511,0.0104725,0.0952252,1324,0,0,0,0,0.001,0,0,0,0,0,0,0,0,0,0,0,0,0,0,0,0,0,0,0,0,0,0,0,0,0,0,0,0,0,0,0,0,0,0,0,0,15.7519,43.7941,13.9981,602.802,698.2,0,0.920093,-0.387631,0.0563179,0.999993,0.210189,0.0464264,0.869159,0.93,1204.93,1374.07,2020.89,3539.06,277.266,1033.33,1959.5,50.6621,2383.52,253.681,169.483,-0.080119,-0.152751,0.0871207,0.154366,0,0,0,0,0,0,0,59.2616,0,0.996224,0,0,265.563,1254.5,0,0,893.219,4342.26,0
1691509902863783989,1587,1542,45,0.971645,15.824,28.9906,46.9292,60.3741,155.625,-0.744894,242.754,644.579,1230.14,1490.48,818.896,3991.67,8297.8,17101.3,1864.54,1068.89,2859.93,698.41,598.523,486.2,139230,5765.97,8944.21,2.12032,2.12289,0,0,0.0414132,0,16.7779,161.214,179.366,1383.13,1969.66,5234.06,0.033512,0.00707645,6,6,10,0.625,1,1.85407,1.19656,0.657508,0.00681119,0.192938,1542,0,0,0,0,0.001,0,0,0,0,0,0,0,0,0,0,0,0,0,0,0,0,0,0,0,0,0,0,0,0,0,0,0,0,0,0,0,0,0,0,0,0,15.824,46.9292,12.2964,553.63,680.074,0,0.920614,-0.386362,0.0565253,0.999999,0.0794921,0.0245787,0.639344,0.78,1114.11,1328.46,2016.3,3540.67,262.656,935.5,1948.91,52.0718,2295.8,258.984,154.43,0.011694,0.133674,0.00893691,-0.119798,0,0,0,0,0,0,0,60.3741,0,0.992866,0,0,242.754,1230.14,0,0,818.896,3991.67,0
1691509902966309032,1504,1456,48,0.968085,16.3971,30.2673,50.7262,70.7967,145.889,-0.965219,247.558,662.632,1216.32,1498.67,815.669,3969.88,8479.54,14788.9,1833.42,1151.24,2841.69,659.395,588.907,518.575,134470,5377.99,8720.3,8.23198,2.69079,0,0,0.0399942,0,22.7497,141.457,191.051,1734.72,1923.06,4707.27,0.0027168,0.000361073,3,3,9,0.75,1,1.76732,1.02698,0.740347,0.00908404,0.257941,1456,0,0,0,0,0.001,0,0,0,0,0,0,0,0,0,0,0,0,0,0,0,0,0,0,0,0,0,0,0,0,0,0,0,0,0,0,0,0,0,0,0,0,16.3971,50.7262,13.7741,535.087,671.139,0,0.922298,-0.382681,0.0540591,0.999989,0.271592,0.0150784,0.709402,0.83,1139.1,1360.36,2004.68,3535.29,272.148,997.616,1988.45,55.4702,2272.88,242.943,165.296,0.326773,0.150392,-0.0672278,-0.236636,0,0,0,0,0,0,0,70.7967,0,0.98283,0,0,247.558,1216.32,0,0,815.669,3969.88,0
1691509903069454216,1614,1564,50,0.969021,15.9942,29.5113,49.0246,68.5699,134.66,0.192921,231.151,611.097,1159.3,1472.83,756.703,3903.68,7107.05,13596.2,1730.28,1135.6,2583.7,704.099,489.589,504.816,132328,4834.09,7818.29,4.93873,4.50105,0,0,0.036531,0,23.7608,150.908,184.635,1324.64,1896.44,4237.91,0.0526386,0.00550639,3,2,8,0.8,1,2.04805,1.30694,0.741118,0.0106153,0.414269,1564,0,0,0,0,0.001,0,0,0,0,0,0,0,0,0,0,0,0,0,0,0,0,0,0,0,0,0,0,0,0,0,0,0,0,0,0,0,0,0,0.00191816,4.56153,6.24087,16.0334,49.1603,16.4528,543.536,671.011,0,0.923733,-0.379242,0.0537896,0.999993,0.214077,0.00930453,0.680672,0.81,1102.3,1329.23,2010.72,3537.6,272.83,990.43,1954.44,52.5437,2302.24,260.871,153.638,-0.193823,-0.25168,0.244065,0.0432678,0,0,0,0,0,0.00185874,6.45079,68.6233,1,0.987828,29.2011,99.6523,231.343,1159.75,51.7637,129.82,760.652,3913.8,3.29146e-06
1691509903171938374,1580,1517,63,0.960127,16.0813,30.1022,49.4731,63.633,159.168,-1.54391,255.931,715.163,1242.49,1534.51,830.627,4070.95,8221.21,15066.7,1896.85,1136.52,2744.77,731.071,589.397,530.106,135580,5260.08,8752.83,5.91879,5.96269,0,0,0.0387968,0,31.1919,173.688,186.741,1652.12,2266.66,4442.43,0.0013718,0.000323029,4,3,9,0.75,1,2.00188,1.31146,0.690417,0.00764037,0.208821,1517,0,0,0,0,0.001,0,0,0,0,0,0,0,0,0,0,0,0,0,0,0,0,0,0,0,0,0,0,0,0,0,0,0,0,0,0,0,0,0,0.00725115,7.45816,11.6033,16.1822,49.5609,13.0791,546.465,691.455,0,0.922579,-0.382128,0.0531604,0.999995,0.181696,0.0101239,0.652893,0.79,1174.06,1365.91,2007.83,3539.54,280.928,1005,1978.09,51.444,2237.37,263.186,176.542,0.168764,0.543403,-0.239883,-0.542343,0,0,0,0,0,0.00696203,12.9357,63.9133,1,0.992696,45.3744,105.299,256.424,1244.58,76.0084,143.282,847.415,4079.65,1.07516e-05
1691509903273106853,1676,1622,53,0.96778,15.3966,28.651,48.286,62.4848,154.99,-0.148987,254.061,659.583,1177.92,1448.82,799.573,4023.16,8186.02,14366.3,1725.77,1118.3,2668,659.059,594.582,492.539,135631,5500.25,9122.88,5.0796,5.06733,0,0,0.040553,0,26.4025,158.613,189.88,1809.45,2276.55,4661.98,0.066235,0.0100645,3,2,8,0.8,1,1.93161,1.22682,0.704789,0.00976976,0.219692,1622,0,0,0,0,0.001,0,0,0,0,0,0,0,0,0,0,0,0,0,0,0,0,0,0,0,0,0,0,0,0,0,0,0,0,0,0,0,0,0,0.0104809,5.74769,14.6346,15.5642,48.3252,18.642,575.501,690.857,0,0.921599,-0.384423,0.0536058,0.999997,0.145243,0.0312307,0.754386,0.86,1188.23,1361.31,2009.09,3542.75,281.025,1011.23,1967.48,42.2657,2334.08,273.854,146.254,0.129821,0.398052,-0.119738,-0.279674,0,0,0,0,0,0.0101432,28.8059,62.4836,1,0.990654,62.6576,122.127,255.409,1179.06,97.2226,166.311,820.258,4048.92,4.52023e-05
1691509903373505841,1653,1583,70,0.957653,15.3913,27.6114,43.3551,56.2636,150.359,-0.307037,249.555,645.13,1194.93,1441.71,831.783,3886.74,7748.19,14758.6,1851.01,1054.22,2631.34,703.607,606.386,464.377,138522,5105.03,8321.52,7.44072,7.04668,0,0,0.0368535,0,19.4454,152.941,198.649,1419.49,2113.06,4417.94,0.0918576,0.0163023,4,3,8,0.727273,1,2.23152,1.63484,0.596676,0.00624622,0.14769,1583,0,0,0,0,0.001,0,0,0,0,0,0,0,0,0,0,0,0,0,0,0,0,0,0,0,0,0,0,0,0,0,0,0,0,0,0,0,0,0,0.013266,6.16578,13.474,15.6027,43.488,10.6845,625.872,699.444,0,0.921222,-0.385229,0.0543032,0.999999,0.0648105,0.0423164,0.754386,0.86,1218.95,1431.44,2010.05,3545.94,295.749,1030.01,1981.06,51.8468,2408.97,268.846,134.689,-0.227104,0.601753,0.229612,-0.501391,0,0,0,0,0,0.0127042,14.8002,56.3048,1,0.992318,59.6928,138.964,258.844,1205.84,97.5843,241.815,856.935,3898.57,6.12832e-05
1691509903473048901,1677,1614,63,0.962433,14.7856,27.2362,40.7156,50.1753,118.415,0.0601368,244.053,662.599,1217.71,1436.79,780.997,3959.34,9075.25,15662.5,1837.24,1057.75,2662.48,645.639,618.618,480.881,143591,5898.83,9333.06,5.72218,5.69966,0,0,0.0410807,0,24.8177,168.567,206.789,1506.98,2150.68,5275.22,0.138127,0.0195078,4,4,7,0.636364,1,1.58037,1.06362,0.516748,0.00694242,0.159055,1614,0,0,0,0,0.001,0,0,0,0,0,0,0,0,0,0,0,0,0,0,0,0,0,0,0,0,0,0,0,0,0,0,0,0,0,0,0,0,0,0.0185874,5.21978,28.3511,14.9078,41.2569,12.3736,646.536,702.091,0,0.921261,-0.385092,0.054606,1,0.0191849,0.0585759,0.834862,0.91,1221.63,1478.79,2022.74,3547.28,296.171,1038.43,1991.69,60.5169,2501.17,265.025,147.745,-0.472806,0.527971,0.504339,-0.467414,0,0,0,0,0,0.0178891,31.4026,50.3961,1,0.998737,63.1385,550.687,252.135,1222.55,95.3079,939.993,801.779,3983.99,0.000955798
1691509903571805575,1795,1744,51,0.971588,14.4207,26.0331,41.7376,54.3837,122.975,0.263978,238.507,644.831,1189.93,1457.1,820.38,4113.05,8393.09,16096.9,1816.81,989.755,2812.41,661.98,634.432,483.959,147487,6371.27,10232.4,3.38033,3.39388,0,0,0.0431989,0,23.1341,165.908,206.721,1847.05,2383.27,5606.31,0.148526,0.0145341,5,4,8,0.666667,1,1.73378,1.13454,0.599244,0.00662058,0.204314,1744,0,0,0,0,0.001,0,0,0,0,0,0,0,0,0,0,0,0,0,0,0,0,0,0,0,0,0,0,0,0,0,0,0,0,0,0,0,0,0,0.0206422,5.7926,23.5975,14.7477,41.9698,15.7857,664.962,709.253,0,0.921011,-0.385965,0.0526295,0.999998,0.124635,0.166077,0.73913,0.85,1172.54,1385.52,2016.05,3542.69,276.338,1003.16,1957.6,62.0783,2629.29,269.96,152.094,-0.573243,-0.0539462,0.566064,0.0479167,0,0,0,0,0,0.0200557,33.8931,54.8074,1,0.997658,82.9697,778.249,243.455,1200.37,137.326,1323.61,829.856,4149.7,0.0013956
1691509903670145875,1704,1643,61,0.964202,14.8049,26.6418,40.0297,53.4643,129.745,-0.0858627,256.407,665.672,1246.2,1540.44,792.237,4133.59,8733.39,15306.7,1836.21,948.578,2913.79,690.177,691.557,525.613,155355,6174.86,9771,4.14265,4.1446,0,0,0.0397466,0,19.7188,160.143,223.046,1397.61,2512.91,5457.56,0.369213,0.0206476,5,4,8,0.666667,1,1.67977,1.14709,0.532678,0.00535094,0.166818,1643,0,0,0,0,0.001,0,0,0,0,0,0,0,0,0,0,0,0,0,0,0,0,0,0,0,0,0,0,0,0,0,0,0,0,0,0,0,0,0,0.0273889,7.09216,46.453,14.8796,39.9652,14.5765,682.219,734.204,0,0.92146,-0.384848,0.0529518,0.999999,0.0714558,0.00956653,0.769912,0.87,1217.8,1453.85,2010,3545.23,284.151,1021.65,1947.99,54.6098,2633.81,280.506,160.087,-0.511214,-0.0591609,0.506507,0.0591088,0,0,0,0,0,0.0264085,59.7367,52.7884,0.977778,0.997497,106.574,1015.53,259.102,1250.8,157.583,1545.59,823.409,4203.6,0.00258522
1691509903767957818,1692,1637,55,0.967494,13.8164,25.588,40.7244,56.5928,132.729,0.0416964,259.731,700.928,1242.9,1527.87,873.336,4218.05,9280.75,15837.8,1892.2,1155.86,3084.55,758.976,700.228,526.136,153006,6580.38,10785.4,4.61612,4.61725,0,0,0.0430072,0,26.1929,167.219,232.863,2051.15,2654.06,5653.96,2.71322,0.0237317,5,5,7,0.583333,1,1.87465,1.34535,0.529295,0.00469931,0.214152,1637,0,0,0,0,0.001,0,0,0,0,0,0,0,0,0,0,0,0,0,0,0,0,0,0,0,0,0,0,0,0,0,0,0,0,0,0,0,0,0,0.033598,8.0795,41.1182,14.1989,40.6384,11.4223,673.473,741.105,0,0.921044,-0.385828,0.0530584,0.999999,0.0613302,0.0843501,0.801802,0.89,1217.08,1434.47,1988.05,3547.74,278.423,1023.08,1924.9,56.6462,2470.37,311.792,168.001,-1.34982,-0.0119509,1.35368,0.0127215,0,0,0,0,0,0.0325059,50.7317,56.635,1,0.998104,110.109,1016.09,267.847,1253.35,191.665,1568.32,897.356,4285.46,0.00441045
1691509903865590814,1656,1612,44,0.97343,14.972,25.6724,42.0504,54.9721,110.136,-0.597124,247.594,692.543,1218.01,1482.15,851.271,4119.59,9245.57,13217.7,1844.72,1084.27,2701.59,687.642,732.931,509.082,153074,6441.17,10111.6,2.03804,2.08468,0,0,0.0420787,0,25.6938,166.697,218.02,1536.55,2390.94,5773.66,0.0844534,0.00288167,3,2,8,0.8,1,1.79697,1.26547,0.531495,0.00498121,0.113559,1612,0,0,0,0,0.001,0,0,0,0,0,0,0,0,0,0,0,0,0,0,0,0,0,0,0,0,0,0,0,0,0,0,0,0,0,0,0,0,0,0.0397022,8.54927,37.0228,15.1444,42.3274,12.0488,648.114,746.837,0,0.920034,-0.388512,0.0509576,0.999994,0.203665,0.176893,0.818182,0.9,1219.86,1427.77,1982.59,3543.96,281.052,1029.09,1925.54,63.5999,2308.69,269.92,159.209,-1.09736,-0.0773865,1.01198,0.0965451,0,0,0,0,0,0.0386473,46.0856,55.4556,0.984375,0.998708,250.921,1336.23,247.594,1212.02,402.234,2076.52,859.195,4189.43,0.00811956
1691509903963199130,1563,1511,49,0.966731,15.7771,29.2186,44.9967,62.1814,118.929,-1.24376,258.823,691.059,1194.4,1498.42,890.624,4155.42,8685.71,14172.9,1852.06,1154.48,3040.72,720.651,746.481,507.626,150723,5941.56,9234.71,4.92652,7.5037,0,0,0.0394203,0,16.0874,144.909,195.818,1259.82,2286.22,5331.85,0.000314956,9.70636e-05,3,3,8,0.727273,1,1.91698,1.2976,0.619377,0.0056804,0.245661,1511,0,0,0,0,0.001,0,0,0,0,0,0,0,0,0,0,0,0,0,0,0,0,0,0,0,0,0,0,0,0,0,0,0,0,0,0,0,0,0,0.0231635,12.6578,37.541,15.8687,45.006,15.1612,611.794,735.045,0,0.922078,-0.383526,0.0517635,0.999985,0.312165,0.0109212,0.785714,0.88,1210.56,1438.55,1987.6,3547.46,278.31,1004.56,1935.3,62.6281,2306.61,270.408,145.632,0.287295,1.1419,-0.430744,-1.02396,0,0,0,0,0,0.0223928,48.3009,62.2308,1,0.99458,801.932,1142.61,257.051,1194.87,1167.48,1895.45,881.779,4191.2,0.00584135
1691509904060932463,1714,1673,41,0.976079,15.6028,27.6368,45.14,59.516,111.279,-1.31644,239.451,636.36,1227.02,1466.11,807.033,4217.53,9787.06,18813.9,1904.31,1132.92,2930.67,695.402,706.875,481.701,151575,7148.89,11315.4,18.7209,8.10858,0,0,0.0471639,0,30.5085,165.523,223.204,1926.23,2602.39,6367.55,7.03546e-05,4.56868e-05,2,2,8,0.8,1,1.99959,1.32632,0.67327,0.0105245,0.228808,1673,0,0,0,0,0.001,0,0,0,0,0,0,0,0,0,0,0,0,0,0,0,0,0,0,0,0,0,0,0,0,0,0,0,0,0,0,0,0,0,0.0603706,11.2937,48.9458,15.9138,44.7176,13.7915,617.176,727.033,0,0.920836,-0.386557,0.0513318,0.999995,0.189304,0.00565486,0.785714,0.88,1199.01,1420.63,1983.54,3547.55,279.467,1019.35,1934.05,68.3735,2282.79,262.6,162.684,0.163213,-0.873533,-0.231911,-0.118088,0,0,0,0,0,0.0589265,69.8887,58.9943,1,0.994911,311.185,1263.84,238.323,1214.52,494.056,1941.13,825.833,4366.17,0.0113245
1691509904159292390,1677,1608,67,0.958855,15.5192,29.2713,46.8714,65.0565,116.284,-1.90392,253.536,705.891,1240.7,1526.34,908.586,4408.11,8211.81,15558.4,1965.13,1182.03,3038.3,731.134,701.573,560.998,152434,6614.86,10531.3,11.5082,11.5094,0,0,0.0433949,0,27.8871,158.477,224.766,1657.71,2630.35,5832.08,8.66406,0.0211625,4,4,0,0,1,1.8728,1.19761,0.675191,0.0031256,0.116742,1608,0,0,0,0,0.001,0,0,0,0,0,0,0,0,0,0,0,0,0,0,0,0,0,0,0,0,0,0,0,0,0,0,0,0,0,0,0,0,0,0.0845771,8.37451,44.8941,16.1231,47.7076,13.7783,612.738,732.484,0,0.920805,-0.386671,0.0510307,1,0.0185283,0.0257987,0.769912,0.87,1198,1411.68,1988.2,3546.92,282.326,1006.07,1932.87,52.5538,2282.67,296.272,179.718,-0.354745,0.2258,0.354648,-0.225793,0,0,0,0,0,0.0810972,57.4713,65.2942,1,0.995924,163.015,1238.09,254.928,1239.83,237.417,1749.08,947.729,4494.44,0.0121026
1691509904258687999,1619,1581,38,0.976529,16.5024,30.1256,48.9298,62.4908,115.398,-1.56542,259.708,688.234,1211.17,1502.21,911.811,4344.13,8806.32,14187.4,1946.51,1202.19,3038.55,714.67,699.296,472.216,153699,6631.5,10421.5,6.30365,6.09156,0,0,0.0431459,0,21.4032,155.831,202.573,1628.36,2493.86,5919.47,0.00251616,0.000723155,5,4,9,0.692308,1,1.96967,1.29094,0.67873,0.0119816,0.104708,1581,0,0,0,0,0.001,0,0,0,0,0,0,0,0,0,0,0,0,0,0,0,0,0,0,0,0,0,0,0,0,0,0,0,0,0,0,0,0,0,0.0860215,9.67715,39.6435,17.1005,49.5395,10.2723,622.782,731.946,0,0.919279,-0.39031,0.0508414,0.999992,0.226391,0.0435833,0.754386,0.86,1190.35,1421.31,1984.68,3547.57,277.91,1007.14,1882.61,64.4234,2301.25,255.111,146.514,0.161137,-0.442936,-0.0807592,0.441296,0,0,0,0,0,0.0840025,51.8572,63.6365,1,0.99654,146.405,1099.44,262.853,1225.61,218.648,1562.14,952.717,4520.08,0.0102583
1691509904358962661,1638,1589,48,0.970085,16.0733,29.3431,48.2873,61.4803,113.37,1.20326,241.218,606.815,1142.14,1392.95,836.951,3978.05,9967.83,13989.4,1705.59,1160.27,2742.97,648.009,586.966,423.431,149354,6170.83,9666.37,13.4053,5.83562,0,0,0.0413167,0,22.0485,136.399,176.4,1469.17,2356.04,5506.32,0.000123856,3.50432e-05,2,2,8,0.8,1,1.82448,1.17198,0.652507,0.00333681,0.136914,1589,0,0,0,0,0.001,0,0,0,0,0,0,0,0,0,0,0,0,0,0,0,0,0,0,0,0,0,0,0,0,0,0,0,0,0,0,0,0,0,0.0887351,9.41311,51.7077,16.9188,47.6732,14.5509,594.157,728.292,0,0.92006,-0.388192,0.0528758,0.999995,0.174142,0.013842,0.754386,0.86,1189.24,1391.47,1985.19,3553.02,270.27,994.516,1933.41,63.2533,2145.31,237.774,131.529,-0.289552,-0.81535,0.194077,0.293194,0,0,0,0,0,0.0860806,61.4058,61.4858,0.992908,0.997238,130.639,1103.07,248.553,1151.19,177.175,1498.56,901.89,4159.65,0.0101754
1691509904460286398,1760,1730,30,0.982955,15.6455,30.6577,51.1888,65.8366,156.999,-1.23603,249.035,668.395,1185.76,1471.24,846.272,4298.31,9733.1,19087.1,1907.34,1191.84,2866.96,675.758,616.479,451.132,151377,7491.28,11980.4,2.9886,3.09373,0,0,0.0494875,0,19.08,156.077,218.322,1949.33,3115.16,6522.49,0.000870279,0.000151241,4,3,9,0.75,1,2.10966,1.31156,0.798096,0.00319021,0.146184,1730,0,0,0,0,0.001,0,0,0,0,0,0,0,0,0,0,0,0,0,0,0,0,0,0,0,0,0,0,0,0,0,0,0,0,0,0,0,0,0,0.0786127,9.83789,45.8902,16.1726,51.7071,13.008,601.945,711.047,0,0.917932,-0.393052,0.0539417,0.999985,0.31008,0.0172576,0.769912,0.87,1148.46,1394.06,1980.68,3556.12,278.226,987.147,1933.9,52.0325,2114.39,265.336,153.191,-0.283588,-0.0279838,0.476782,0.0252907,0,0,0,0,0,0.0772727,55.0573,66.1408,1,0.993726,128.988,1119.59,255.111,1196.82,174.649,1502.95,909.78,4440.51,0.00713474
1691509904562238871,1756,1721,35,0.980068,15.3423,27.2933,44.8951,61.911,155.227,-0.586251,238.664,632.474,1178.94,1473.56,801.982,4163.32,8635.86,14128.6,1784.92,1229.4,2805.12,704.602,587.076,465.482,146305,6319.5,10195.9,4.74413,4.42395,0,0,0.0431939,0,21.1863,156.28,209.313,1646.67,2694.97,5467.45,0.0118262,0.00167011,3,2,11,0.846154,1,2.0788,1.38725,0.691541,0.00838623,0.0869866,1721,0,0,0,0,0.001,0,0,0,0,0,0,0,0,0,0,0,0,0,0,0,0,0,0,0,0,0,0,0,0,0,0,0,0,0,0,0,0,0,0.0825102,9.61529,39.9214,15.835,45.1519,13.3794,599.059,702.562,0,0.919956,-0.388297,0.0539032,0.999987,0.296106,0.0218922,0.694915,0.82,1141.6,1385.4,1990.27,3556,273.656,980.08,1934.47,61.0294,2071.57,294.839,159.777,0.527494,0.0731448,0.573215,-0.111256,0,0,0,0,0,0.0808656,48.8847,62.4032,1,0.9924,128.62,1218.51,243.692,1157.83,173.158,1729.03,861.556,4312.57,0.0113541
1691509904664682313,1850,1823,26,0.985405,16.2761,29.4189,49.6842,64.7712,159.647,-0.397148,231.802,594.628,1151.37,1413.69,779.168,4020.87,8708.69,11676.1,1713.28,1159.18,2803.32,647.454,581.459,423.267,142436,6329.65,10003.7,4.29995,4.24241,0,0,0.0444387,0,19.2761,134.337,219.882,1318.9,2791.93,5519.36,0.0194814,0.00224484,8,7,12,0.631579,1,2.25576,1.46276,0.792995,0.00570472,0.116377,1823,0,0,0,0,0.001,0,0,0,0,0,0,0,0,0,0,0,0,0,0,0,0,0,0,0,0,0,0,0,0,0,0,0,0,0,0,0,0,0,0.0724081,9.65247,47.7705,16.7715,49.7636,17.178,590.371,702.451,0,0.920507,-0.386803,0.055221,0.999998,0.118443,0.0624398,0.694915,0.82,1127.2,1321.81,1984.09,3558.29,268.967,959.812,1936.56,52.5528,2080.8,287.105,145.157,-0.481634,0.398239,0.603968,-0.379347,0,0,0,0,0,0.0713514,53.0875,65.547,1,0.99586,153.032,1276.91,235.944,1131.39,204.572,1690.61,813.362,4128.88,0.0107285
1691509904767346143,1851,1821,28,0.983793,16.5901,29.5605,48.5668,63.3312,179.132,-1.20531,230.862,638.444,1246.61,1531.18,782.81,4400,9647.4,13937.9,1899.06,1378.6,2788.71,699.673,581.865,470.143,142090,7579.71,12262.5,9.59222,9.96363,0,0,0.0533444,0,25.3973,165.025,238.469,1844.37,3567.45,6421.75,0.33178,0.00854803,4,3,8,0.727273,1,2.98631,2.09594,0.890372,0.0106399,0.199355,1821,0,0,0,0,0.001,0,0,0,0,0,0,0,0,0,0,0,0,0,0,0,0,0,0,0,0,0,0,0,0,0,0,0,0,0,0,0,0,0,0.0713893,10.9301,52.0238,17.0277,48.1386,22.258,578.044,707.698,0,0.922379,-0.382597,0.0532497,0.999987,0.286917,0.0449881,0.818182,0.9,1135.84,1323.13,1986.97,3551.3,264.732,948.485,1931.9,91.0436,2023.8,303.03,183.742,-4.22152,-0.370967,4.17988,0.40157,0,0,0,0,0,0.0702323,65.4275,62.3974,0.992308,0.985807,147.057,1304.24,234.23,1245.22,200.246,1751.96,814.707,4521.1,0.00932933
1691509904869386016,1696,1655,41,0.975825,14.7533,27.6561,45.7201,57.1554,163.879,-0.839484,247.92,663.99,1248.78,1535.37,884.082,4344.02,8925.27,15557.4,1861.35,1349.36,2982.48,692.647,601.308,451.115,142702,6853.46,10983.4,5.91634,5.92818,0,0,0.0480263,0,28.9943,148.682,220.486,1629.91,3038.52,5916.85,5.96197,0.032564,6,5,1,0.166667,1,2.53447,1.90695,0.627525,0.0204612,0.0653069,1655,0,0,0,0,0.001,0,0,0,0,0,0,0,0,0,0,0,0,0,0,0,0,0,0,0,0,0,0,0,0,0,0,0,0,0,0,0,0,0,0.0839879,10.7212,49.8161,15.1549,45.5802,14.9121,575.702,710.386,0,0.920368,-0.387298,0.054063,0.999987,0.296621,0.0223219,0.724138,0.84,1149.71,1355.73,1987.73,3552.84,273.6,1001.89,1966.89,106.945,2107.1,290.783,159.427,-0.556898,0.204441,0.55562,-0.20434,0,0,0,0,0,0.0819575,59.7219,56.9918,1,0.994063,116.267,1144.01,252.933,1252.11,159.154,1581.91,941.254,4564.25,0.0102575
1691509904970552010,1785,1744,40,0.977031,15.0005,26.4828,42.8339,57.7382,124.335,-0.441349,243.239,650.402,1246.44,1507.37,856.326,4375.53,10039.3,14469.1,1862.61,1282.75,3051.92,669.027,609.551,454.918,151615,8033.96,12572,2.87765,2.98551,0,0,0.0529891,0,19.7722,139.634,250.213,1621.53,3498.79,7042.09,0.000319675,0.000154874,4,4,8,0.666667,1,2.11591,1.49786,0.618051,0.00460158,0.0681358,1744,0,0,0,0,0.001,0,0,0,0,0,0,0,0,0,0,0,0,0,0,0,0,0,0,0,0,0,0,0,0,0,0,0,0,0,0,0,0,0,0.0550459,14.8629,53.0199,15.0005,41.7072,16.7994,576.864,723.336,0,0.920234,-0.387769,0.0529597,0.999999,0.0691549,0.0122107,0.694915,0.82,1114.45,1320.93,1981.29,3549.36,260.285,970.299,1929.25,92.4931,2142.62,313.571,161.04,-0.0638105,0.125539,0.0245242,-0.256157,0,0,0,0,0,0.0537815,57.8675,57.7063,0.989583,0.995752,226.782,1314.7,243.534,1231.56,309.069,1798.51,891.337,4459.12,0.00910486
1691509905070776344,1791,1768,23,0.987158,14.4589,27.2128,41.9001,55.1386,155.287,-0.589217,227.442,631.442,1196.99,1499.89,788.911,4263.15,8447.79,12594.5,1886.59,1389.19,2935.09,663.65,592.162,435.886,155924,7025.06,11090.2,4.06133,4.23149,0,0,0.0450542,0,26.9626,134.678,227.851,1504.32,3060.14,6136.22,0.0350485,0.00291118,4,3,11,0.785714,1,1.99508,1.34547,0.649615,0.00173625,0.0294837,1768,0,0,0,0,0.001,0,0,0,0,0,0,0,0,0,0,0,0,0,0,0,0,0,0,0,0,0,0,0,0,0,0,0,0,0,0,0,0,0,0.0825792,8.90904,41.7187,14.9763,41.9273,12.5681,589.849,747.583,0,0.920302,-0.387631,0.0527924,1,0.0130027,0.0460268,0.754386,0.86,1130.19,1345.35,1986.07,3547.52,275.408,941.031,1948.69,67.727,2134.4,293.034,162.064,-0.78317,0.627719,0.829418,-0.602418,0,0,0,0,0,0.0815187,52.6815,55.3112,0.993151,0.993218,109.52,1166.93,232.204,1197.63,155.038,1596.55,864.492,4411.67,0.0107477
1691509905169947389,1663,1636,27,0.983764,14.4504,26.3226,42.7213,56.1465,177.762,-0.411764,239.37,630.956,1177.04,1448.14,846.086,4163.61,9479.75,19031.3,1881.77,1293.69,2848.81,655.754,577.513,474.264,153147,6762.54,11126.3,3.45862,3.45555,0,0,0.0441572,0,23.0942,130.216,212.154,1728.35,3544.32,5488.17,0.252675,0.012544,7,7,10,0.588235,1,1.84671,1.23342,0.613287,0.00464616,0.102397,1636,0,0,0,0,0.001,0,0,0,0,0,0,0,0,0,0,0,0,0,0,0,0,0,0,0,0,0,0,0,0,0,0,0,0,0,0,0,0,0,0.0892421,11.0576,45.4568,14.6819,42.5678,15.3238,592.547,737.129,0,0.92118,-0.385581,0.0524907,0.999997,0.128937,0.00988216,0.724138,0.84,1138.1,1353.74,1985.45,3545.17,269.101,958.942,1926.99,65.8615,2103.63,254.692,149.876,-0.833709,0.391492,0.815382,-0.387475,0,0,0,0,0,0.0877931,52.1149,56.6169,1,0.990604,119.006,1155.88,244.046,1183.33,171.234,1609.88,904.79,4370.89,0.00963204
1691509905268847032,1707,1676,29,0.981839,14.164,25.9299,41.2205,54.5958,107.433,-1.02645,240.897,680.787,1244.59,1510.38,876.221,4466.67,9510.17,15681.4,1972.71,1339.31,3083.31,700.46,663.161,448.266,154210,7273.65,11899.9,11.8061,3.26354,0,0,0.0471672,0,27.3821,145.004,253.367,1721.32,3804.36,5948.43,0.000110134,1.75128e-05,2,2,8,0.8,1,2.21661,1.66131,0.555294,0.00569835,0.097146,1676,0,0,0,0,0.001,0,0,0,0,0,0,0,0,0,0,0,0,0,0,0,0,0,0,0,0,0,0,0,0,0,0,0,0,0,0,0,0,0,0.0793556,9.01527,42.4264,14.7136,41.0625,16.572,607.898,738.53,0,0.922328,-0.383056,0.0507843,0.999995,0.186609,0.0108545,0.769912,0.87,1132.23,1320.17,1983.02,3538.97,265.461,947.418,1924.02,67.9205,2145.93,322.621,170.559,-0.31036,0.706617,0.677244,-0.118276,0,0,0,0,0,0.0779145,51.4871,55.031,1,0.998056,143.918,1315.65,244.987,1236.19,217.91,1860.88,933.547,4667.18,0.0128338
1691509905367258502,1685,1659,26,0.98457,14.7404,27.5689,42.4227,56.9273,115.007,-0.227848,244.701,659.044,1225.68,1476.9,874.264,4326.15,9646.47,12172.6,1922.43,1229.09,3114.91,689.609,647.855,463.228,155554,7184.67,11294.2,1.90408,1.90966,0,0,0.0461875,0,26.084,118.408,233.06,1335.38,3400.13,6181.13,6.83925,0.0113185,4,3,1,0.25,1,1.75083,1.16442,0.586411,0.00616549,0.0927469,1659,0,0,0,0,0.001,0,0,0,0,0,0,0,0,0,0,0,0,0,0,0,0,0,0,0,0,0,0,0,0,0,0,0,0,0,0,0,0,0,0.0759494,13.7039,52.7486,14.8172,41.4338,18.0745,597.757,751.169,0,0.921671,-0.384147,0.054342,0.999993,0.216511,0.00662235,0.73913,0.85,1128.42,1333.16,1982.23,3547.06,262.358,947.603,1928.45,61.5572,2134.18,287.783,161.732,-0.355235,-0.116786,0.358864,0.118784,0,0,0,0,0,0.0747774,62.7799,54.8544,1,0.996738,170.368,1276.7,247.938,1221.84,275.518,1871.29,920.012,4460.05,0.0120607
1691509905465609503,1623,1591,32,0.980283,14.2586,26.8394,41.3512,55.0249,147.919,-0.81777,244.732,688.829,1165.75,1418.42,904.643,4205.72,8565.08,12300.3,1959.54,1264.39,2865.79,685.759,663.719,502.026,156257,6383.2,10113,4.04116,3.28542,0,0,0.0408507,0,29.4832,128.395,227.833,1339.09,2833.64,5554.57,0.000154676,5.38956e-05,3,3,8,0.727273,1,1.76611,1.20993,0.556183,0.00980452,0.0922357,1591,0,0,0,0,0.001,0,0,0,0,0,0,0,0,0,0,0,0,0,0,0,0,0,0,0,0,0,0,0,0,0,0,0,0,0,0,0,0,0,0.0678818,11.4446,52.996,14.3557,40.302,12.7061,607.772,737.522,0,0.920465,-0.38741,0.0515563,0.99999,0.255349,0.0296862,0.724138,0.84,1177.39,1415.84,1972.33,3538.46,268.838,956.386,1873.71,55.1193,2129.49,275.387,141.095,-0.27941,-0.401739,0.35124,0.218343,0,0,0,0,0,0.0665434,67.6665,53.1967,0.990741,0.997303,199.335,1232.38,245.544,1157.96,295.456,1913.44,929.286,4304.67,0.0128292
1691509905564141393,1588,1563,25,0.984257,15.5553,28.0774,42.7753,57.2507,138.029,-1.14946,235.278,623.522,1149.91,1414.85,863.12,4134.93,8181.94,13354.8,1844.36,1337.61,2736.62,630.972,616.162,419.538,161738,6018.56,9456.6,3.03229,2.94953,0,0,0.0372117,0,30.0907,110.914,206.553,1209.42,2626.46,5273.15,0.00514105,0.000630107,3,2,10,0.833333,1,2.0283,1.44172,0.586586,0.00402229,0.0690266,1563,0,0,0,0,0.001,0,0,0,0,0,0,0,0,0,0,0,0,0,0,0,0,0,0,0,0,0,0,0,0,0,0,0,0,0,0,0,0,0,0.0607806,13.2557,51.9022,15.7522,42.3449,15.205,596.19,741.605,0,0.920796,-0.386402,0.0531836,0.999998,0.111302,0.0330536,0.73913,0.85,1169.43,1408.45,1979.23,3541.16,266.409,999.285,1879.94,66.3293,2106.86,246.693,130.921,-0.220871,-0.224821,0.623658,0.081576,0,0,0,0,0,0.0598237,59.2032,57.0394,1,0.995232,199.563,1256.95,235.827,1122.59,307.368,2002.66,888.433,4211.24,0.0130511
1691509905662771720,1581,1555,26,0.983555,14.0827,27.5119,44.9719,58.3819,144.513,-2.46954,242.961,665.811,1180.54,1414.44,882.521,4449.62,8873.6,14802.5,1985.72,1352.52,3036.3,637.462,661.79,450.725,155534,6859.28,10674.9,2.95157,2.96475,0,0,0.0441014,0,32.5276,109.509,222.013,1308.85,2958.86,6043.13,0.0483744,0.00250725,6,5,11,0.6875,1,1.76919,1.18009,0.589095,0.0120446,0.0488156,1555,0,0,0,0,0.001,0,0,0,0,0,0,0,0,0,0,0,0,0,0,0,0,0,0,0,0,0,0,0,0,0,0,0,0,0,0,0,0,0,0.0488746,9.27192,38.2793,14.4172,45.1943,16.2394,591.42,747.341,0,0.922255,-0.383005,0.052471,0.999993,0.215712,0.00697364,0.709402,0.83,1129.3,1337.58,1981.15,3537.48,267.834,958.005,1929.54,60.8719,2027.07,243.711,139.442,-0.0609217,0.582298,0.0428869,-0.580896,0,0,0,0,0,0.0480708,57.7391,58.3716,1,0.995943,246.923,1187.2,242.961,1176.59,396.944,1916.65,908.463,4512.19,0.00879515
1691509905762767688,1587,1558,29,0.981727,14.6567,26.8252,41.9757,54.5649,112.583,-2.26259,262.841,705.929,1243.85,1476.45,1006.54,4458.56,9391.63,14961.6,2070.04,1617.74,2868.06,688.224,660.879,527.536,159643,7200.66,11613.1,3.18354,5.5584,0,0,0.0451047,0,37.1604,109.451,257.008,1462.4,3842.01,5905.12,7.59199e-05,8.71395e-05,3,3,8,0.727273,1,2.02508,1.49706,0.528018,0.0110275,0.17518,1558,0,0,0,0,0.001,0,0,0,0,0,0,0,0,0,0,0,0,0,0,0,0,0,0,0,0,0,0,0,0,0,0,0,0,0,0,0,0,0,0.0237484,5.77261,34.6544,14.8417,41.9785,17.4318,580.486,757.082,0,0.921372,-0.384948,0.0537526,0.999997,0.142621,0.00828157,0.666667,0.8,1154.06,1396.04,1982.99,3539.89,265.633,960.279,1945.09,68.5694,2093.28,289.437,167.411,-0.0649015,0.123303,0.0729259,-0.237682,0,0,0,0,0,0.0233144,46.5716,54.5566,1,0.99737,100.649,975.187,266.249,1245.99,165.792,1631.6,1028.77,4512.16,0.00264304
1691509905863252577,1599,1563,36,0.977486,15.8694,29.1272,43.9802,56.9991,131.971,-2.42317,258.549,674.862,1195.58,1462.87,1001.71,4325.06,9903.6,14919.3,1955.44,1513.46,2827.78,691.748,688.3,482.606,155293,7052.51,11235,3.55115,3.60044,0,0,0.0454141,0,29.2145,109.66,236.725,1492.59,3346.95,6019.88,0.00905272,0.000829719,5,5,10,0.666667,1,1.86586,1.27365,0.592212,0.00329487,0.0455669,1563,0,0,0,0,0.001,0,0,0,0,0,0,0,0,0,0,0,0,0,0,0,0,0,0,0,0,0,0,0,0,0,0,0,0,0,0,0,0,0,0.0121561,7.95951,18.7128,16.075,44.2464,15.0278,584.045,731.927,0,0.921055,-0.38575,0.0534226,1,0.0529258,0.0335511,0.694915,0.82,1140.74,1398.11,1981.19,3537.54,264.234,966.093,1958.26,64.6412,2035.27,274.725,147.524,-0.432853,-0.0786714,1.02511,0.101434,0,0,0,0,0,0.0118824,38.4974,56.9936,1,0.996762,95.6675,878.611,260.071,1199.16,159.098,1537.59,1014.07,4343.61,0.000974552
1691509905964107850,1652,1622,30,0.98184,15.5997,30.0339,47.3527,58.1975,137.079,-3.04654,240.903,660.388,1257.43,1493.22,925.137,4517.63,10098.6,18370.1,1900.2,1545.85,3064.57,661.981,723.886,425.435,161275,8268.01,12910.7,2.57413,2.38431,0,0,0.0512666,0,37.003,134.053,239.476,1808.43,3363.95,7327.81,0.0692369,0.00503979,3,2,8,0.8,1,2.29597,1.63184,0.664123,0.00447867,0.0606066,1622,0,0,0,0,0.001,0,0,0,0,0,0,0,0,0,0,0,0,0,0,0,0,0,0,0,0,0,0,0,0,0,0,0,0,0,0,0,0,0,0,0,0,15.5997,47.3527,18.8845,578.572,749.544,0,0.920775,-0.386301,0.0542726,0.999999,0.0602154,0.00318807,0.754386,0.86,1122.37,1354.84,1976.62,3268.51,260.377,944.394,1934.11,65.382,2057.2,268.211,148.052,-0.788555,0.434971,0.85891,-0.266955,0,0,0,0,0,0,0,58.1975,0,0.995684,0,0,240.903,1257.43,0,0,925.137,4517.63,0
1691509906064832149,1563,1525,38,0.975688,15.1878,28.4157,42.6719,56.1815,127.297,-2.91101,240.165,667.743,1173.26,1453.12,900.368,4314.51,9782.03,15374.5,1974.44,1453.61,2809.56,656.6,669.311,475.817,162811,6866.88,10987.5,3.91378,3.61292,0,0,0.0421769,0,28.9209,120.962,214.596,1551.9,3204.75,5866.32,0.0101524,0.00197938,7,6,9,0.6,1,1.79066,1.2463,0.544365,0.0108866,0.14235,1525,0,0,0,0,0.001,0,0,0,0,0,0,0,0,0,0,0,0,0,0,0,0,0,0,0,0,0,0,0,0,0,0,0,0,0,0,0,0,0,0,0,0,15.1878,42.6719,16.1411,599.447,752.412,0,0.91998,-0.388421,0.0525982,0.999996,0.161346,0.0145743,0.694915,0.82,1185.41,1436.16,1976.99,3533,270.232,998.717,1943.18,55.7939,2076.51,230.733,140.167,0.0313505,0.325248,0.025729,-0.272676,0,0,0,0,0,0,0,56.1815,0,0.99541,0,0,240.165,1173.26,0,0,900.368,4314.51,0
1691509906165301773,1628,1593,35,0.978501,14.9727,28.1309,41.2832,53.33,150.299,-3.14016,249.665,675.255,1213.92,1487,943.716,4277.18,9325.76,14004.9,1861.47,1498.89,2713.33,703.702,700.003,520.297,162750,7140.91,11424.9,5.65862,5.66517,0,0,0.0438766,0,41.751,116.069,237.267,1582.75,3346.57,6100.53,0.203186,0.00534083,4,4,9,0.692308,1,1.92958,1.38413,0.54545,0.00311198,0.0555486,1593,0,0,0,0,0.001,0,0,0,0,0,0,0,0,0,0,0,0,0,0,0,0,0,0,0,0,0,0,0,0,0,0,0,0,0,0,0,0,0,0,0,0,14.9727,41.2832,16.2242,591.083,758.693,0,0.921371,-0.384935,0.0538604,0.999992,0.226913,0.0389649,0.769912,0.87,1163.31,1397.37,1980.7,3534.52,267.425,964.501,1947.69,63.505,2069.08,268.843,160.122,-0.519649,0.423129,0.553322,-0.411868,0,0,0,0,0,0,0,53.33,0,0.998745,0,0,249.665,1213.92,0,0,943.716,4277.18,0
1691509906266624471,1552,1503,49,0.968428,15.6054,28.4963,42.8127,52.6867,105.974,-1.48869,250.663,667.007,1208.95,1468.23,944.653,4150.81,10235.2,20911.2,1871.7,1481.77,2753.4,733.249,718.226,444.212,164014,6826.77,10972.8,1.72102,2.1091,0,0,0.041623,0,35.2593,110.303,223.087,1500.4,3357.92,5745.85,0.0383728,0.00093967,3,3,7,0.7,1,1.65133,1.14243,0.508893,0.00503289,0.141701,1503,0,0,0,0,0.001,0,0,0,0,0,0,0,0,0,0,0,0,0,0,0,0,0,0,0,0,0,0,0,0,0,0,0,0,0,0,0,0,0,0,0,0,15.6054,42.8127,12.2687,615.108,753.623,0,0.921301,-0.38549,0.0510037,0.999996,0.166795,0.00711882,0.73913,0.85,1194.49,1420.99,1978.83,3525.77,263.392,992.004,1947.05,62.6112,2138.22,249.447,140.331,-0.357412,0.351571,0.401864,-0.292282,0,0,0,0,0,0,0,52.6867,0,0.998004,0,0,250.663,1208.95,0,0,944.653,4150.81,0
1691509906367398965,1600,1566,34,0.97875,15.9256,28.321,44.8021,53.7402,130.006,-0.686621,249.514,662.838,1191.26,1424.72,898.124,4051.8,9649.01,13492.9,1942.61,1524.56,2556.78,704.262,740.407,450.029,159710,6612.62,10567.3,3.21362,3.14778,0,0,0.0414039,0,30.1621,103.483,229.511,1470.67,3069.96,5663.47,0.0209098,0.00315562,3,2,8,0.8,1,1.72413,1.1639,0.560224,0.00390249,0.0590015,1566,0,0,0,0,0.001,0,0,0,0,0,0,0,0,0,0,0,0,0,0,0,0,0,0,0,0,0,0,0,0,0,0,0,0,0,0,0,0,0,0,0,0,15.9256,44.8021,14.8293,618.567,748.604,0,0.921426,-0.384899,0.0531708,0.999997,0.128902,0.00738351,0.818182,0.9,1199.62,1415.32,1979.26,3529.79,259.581,969.493,1951.84,67.302,2191.92,254.553,126.245,0.0296309,-0.335176,-0.0502225,0.271034,0,0,0,0,0,0,0,53.7402,0,0.996169,0,0,249.514,1191.26,0,0,898.124,4051.8,0
1691509906467618040,1640,1611,29,0.982317,16.6827,29.1966,45.0792,58.444,135.278,-1.67206,253.677,701.076,1297.5,1524.24,956.791,4510.44,9993.94,15618.7,2041.42,1631.48,2851.61,778.783,819.701,467.885,163076,7696.45,12086.6,3.00344,2.99334,0,0,0.0471954,0,39.5566,97.6708,268.081,1608.76,3328.05,6744.5,0.0213455,0.00342608,5,4,8,0.666667,1,1.75634,1.13488,0.621458,0.00700583,0.0498475,1611,0,0,0,0,0.001,0,0,0,0,0,0,0,0,0,0,0,0,0,0,0,0,0,0,0,0,0,0,0,0,0,0,0,0,0,0,0,0,0,0,0,0,16.6827,45.0792,15.0395,619.473,745.488,0,0.921426,-0.384697,0.0546026,0.999999,0.082847,0.0151485,0.769912,0.87,1154.41,1387.19,1978.62,3531.92,258.11,949.39,1927.42,66.4945,2276.93,294.998,142.407,-0.0365377,0.0606318,-0.0867969,-0.0528769,0,0,0,0,0,0,0,58.444,0,0.997517,0,0,253.677,1297.5,0,0,956.791,4510.44,0
1691509906567739088,1655,1613,42,0.974622,16.1101,29.682,45.2258,59.1276,111.047,-3.04591,255.241,688.96,1217.51,1487.48,982.469,4347.04,9759.42,15822.2,2009.79,1550.16,2835.23,738.87,773.573,458.096,160450,7305.73,11616.2,4.82687,4.84315,0,0,0.0455328,0,36.7889,101.204,262.254,1580.72,3338.35,6296.83,0.0532951,0.00414535,4,3,8,0.727273,1,1.77738,1.12894,0.648446,0.00494798,0.0735442,1613,0,0,0,0,0.001,0,0,0,0,0,0,0,0,0,0,0,0,0,0,0,0,0,0,0,0,0,0,0,0,0,0,0,0,0,0,0,0,0,0,0,0,16.1101,45.2258,13.9772,615.614,743.409,0,0.921968,-0.383723,0.0522637,0.999997,0.148467,0.0243455,0.785714,0.88,1159.05,1412,1990.17,3524.09,252.599,943.264,1958.84,63.9102,2241.92,280.015,134.073,0.0912904,0.331269,-0.0828389,-0.334713,0,0,0,0,0,0,0,59.1276,0,0.9938,0,0,255.241,1217.51,0,0,982.469,4347.04,0
1691509906666896436,1591,1563,28,0.982401,16.4835,29.8277,44.0629,54.0694,136.413,-2.84629,259.955,686.49,1222.56,1471.02,964.403,4173.35,9902.56,14997.4,1980.43,1518.71,2677.25,723.955,753.887,457.915,159676,6904.66,11202.3,2.07703,2.08739,0,0,0.0432417,0,41.0088,97.2141,236.896,1388.44,3966.34,5472.43,0.324556,0.00252271,9,9,9,0.5,1,1.68958,1.11511,0.574464,0.00809342,0.140255,1563,0,0,0,0,0.001,0,0,0,0,0,0,0,0,0,0,0,0,0,0,0,0,0,0,0,0,0,0,0,0,0,0,0,0,0,0,0,0,0,0,0,0,16.4835,44.0629,15.4804,618.744,747.776,0,0.921232,-0.385245,0.0540215,0.999997,0.139757,0.00510269,0.769912,0.87,1182.35,1420.37,1995.48,3527.23,254.121,957.965,1966.74,66.7063,2197.94,258.051,158.784,-0.231625,-0.270144,0.212135,0.271168,0,0,0,0,0,0,0,54.0694,0,0.996161,0,0,259.955,1222.56,0,0,964.403,4173.35,0
1691509906766409242,1579,1543,36,0.977201,18.2119,30.7638,46.6407,58.387,142.242,-2.5059,260.547,640.355,1193.03,1459.2,910.533,4174.18,9576.76,14678.1,1879.87,1543.09,2634.36,708.534,738.252,432.965,158019,6863.72,10953.7,4.56988,4.82245,0,0,0.043436,0,47.1445,89.3766,228.51,1489.42,3239.81,5859.48,0.0433574,0.00640384,4,3,8,0.727273,1,1.70794,1.04233,0.665611,0.00722794,0.123072,1543,0,0,0,0,0.001,0,0,0,0,0,0,0,0,0,0,0,0,0,0,0,0,0,0,0,0,0,0,0,0,0,0,0,0,0,0,0,0,0,0,0,0,18.2119,46.6407,14.8858,609.461,727.654,0,0.920232,-0.38774,0.0532058,0.999996,0.160951,0.0179003,0.801802,0.89,1179.22,1430.45,1973.27,3523.81,260.769,973.749,1938.55,63.3114,2240.02,236.508,133.326,-0.11165,-0.358029,0.119933,0.449827,0,0,0,0,0,0,0,58.387,0,0.994815,0,0,260.547,1193.03,0,0,910.533,4174.18,0
1691509906865926555,1572,1533,39,0.975191,17.2534,29.115,44.4189,57.7553,139.875,-1.57857,256.205,663.475,1217.07,1511.79,945.646,4236.89,9607.33,15637,1940.66,1555.81,2642.68,721.43,781.604,447.764,159894,6818.06,10776.5,3.80736,3.51491,0,0,0.0426411,0,35.7668,93.1167,242.416,1319,3239.62,5846.56,0.00382416,0.00106057,3,2,9,0.818182,1,1.71949,1.10951,0.609982,0.00712649,0.117062,1533,0,0,0,0,0.001,0,0,0,0,0,0,0,0,0,0,0,0,0,0,0,0,0,0,0,0,0,0,0,0,0,0,0,0,0,0,0,0,0,0,0,0,17.2534,44.4189,11.7797,603.951,736.269,0,0.919998,-0.38838,0.0525886,1,0.0526716,0.00495009,0.785714,0.88,1160.56,1448.18,1994.87,3520.92,248.63,935.369,1965.97,66.7931,2183.53,268.586,143.827,-0.111968,-0.166656,-0.0640156,-0.290907,0,0,0,0,0,0,0,57.7553,0,0.994781,0,0,256.205,1217.07,0,0,945.646,4236.89,0
1691509906966065682,1550,1514,36,0.976774,17.8388,30.4664,47.197,60.2345,136.259,-3.08864,252.927,614.085,1121.38,1475.15,934.428,4099.99,9177.83,13566.1,1952.58,1637.62,2489.34,677.077,693.578,462.651,158034,6076.96,9759.97,2.79458,2.81033,0,0,0.0384534,0,43.0398,88.295,208.655,1274.03,3054.46,5091.5,0.0513618,0.00598988,5,4,10,0.714286,1,2.0073,1.35674,0.650558,0.00467888,0.198963,1514,0,0,0,0,0.001,0,0,0,0,0,0,0,0,0,0,0,0,0,0,0,0,0,0,0,0,0,0,0,0,0,0,0,0,0,0,0,0,0,0,0,0,17.8388,47.197,16.1251,580.72,720.155,0,0.921803,-0.383897,0.0538728,0.999987,0.286538,0.01007,0.785714,0.88,1150.22,1429.8,1990.03,3522.26,252.554,965.402,1968.8,69.1456,2268.58,223.9,130.819,-0.369489,0.273134,0.293996,-0.255999,0,0,0,0,0,0,0,60.2345,0,0.993395,0,0,252.927,1121.38,0,0,934.428,4099.99,0
1691509907065881864,1471,1441,30,0.979606,17.6345,30.8244,46.8909,58.5659,130.699,-3.74707,275.458,697.712,1241.47,1516.18,992.144,4334.26,9525.86,20629.5,1941.87,1829.3,2685.24,760.468,808.722,465.65,153837,6751.92,10947.2,1.74775,1.78588,0,0,0.04389,0,45.7297,92.7961,234.513,1388.9,3753.18,5432.07,0.00554391,0.00061328,6,6,8,0.571429,1,1.70682,1.08603,0.620799,0.0155403,0.224275,1441,0,0,0,0,0.001,0,0,0,0,0,0,0,0,0,0,0,0,0,0,0,0,0,0,0,0,0,0,0,0,0,0,0,0,0,0,0,0,0,0,0,0,17.6345,46.8909,13.6897,571.077,701.233,0,0.921598,-0.384654,0.0519572,0.999998,0.118602,0.0156681,0.818182,0.9,1149.46,1425.23,1985.72,3516.08,247.075,965.095,1969.52,58.2468,2187.75,257.317,132.148,0.160579,0.0782946,0.121235,-0.0977279,0,0,0,0,0,0,0,58.5659,0,0.995142,0,0,275.458,1241.47,0,0,992.144,4334.26,0
1691509907165629089,1519,1480,39,0.974325,17.7439,31.7699,49.1954,61.0249,138.561,-5.23915,259.232,645.644,1177.96,1450.28,957.759,4256.83,8191.97,13756.5,1861.31,1690.43,2725.73,692.564,725.65,438.84,155716,6048.21,9573.88,2.24553,1.95315,0,0,0.0388412,0,43.8228,85.9977,219.68,1267.69,2701.3,5255.4,0.000487204,9.49044e-05,3,3,8,0.727273,1,1.99665,1.30817,0.688489,0.00506874,0.106905,1480,0,0,0,0,0.001,0,0,0,0,0,0,0,0,0,0,0,0,0,0,0,0,0,0,0,0,0,0,0,0,0,0,0,0,0,0,0,0,0,0,0,0,17.7439,49.1954,9.65012,567.991,708.359,0,0.919623,-0.389322,0.0521736,0.999987,0.290679,0.018658,0.769912,0.87,1148.17,1418.88,1973.54,3516.26,252.952,958.234,1961.49,65.9755,2241.47,231.557,119.205,-0.492824,0.335572,0.242006,-0.317658,0,0,0,0,0,0,0,61.0249,0,0.992568,0,0,259.232,1177.96,0,0,957.759,4256.83,0
1691509907265441950,1466,1424,42,0.971351,16.8099,30.4859,47.8449,58.6846,130.811,-2.5215,250.266,668.701,1197.74,1419.25,907.802,4276.73,9825.59,15014.5,1716.52,1784.01,2692.49,737.619,770.691,375.911,156598,5962.46,9522.93,4.38242,4.43355,0,0,0.0380749,0,42.3955,67.3194,206.642,1235.89,2934.48,5036.2,0.0265222,0.00166407,4,3,10,0.769231,1,1.85021,1.25545,0.594767,0.00828854,0.202298,1424,0,0,0,0,0.001,0,0,0,0,0,0,0,0,0,0,0,0,0,0,0,0,0,0,0,0,0,0,0,0,0,0,0,0,0,0,0,0,0,0,0,0,16.8099,47.8449,10.4154,559.683,703.902,0,0.919862,-0.388881,0.0512467,0.999999,0.0603908,0.000699561,0.73913,0.85,1149.51,1422.08,1975.2,3512.43,258.75,985.205,1961.48,64.7088,2184.66,219.495,120.091,-0.0743973,0.217594,0.00695089,-0.213531,0,0,0,0,0,0,0,58.6846,0,0.99368,0,0,250.266,1197.74,0,0,907.802,4276.73,0
1691509907364312442,1493,1450,43,0.971199,16.0896,29.2176,47.1129,57.4983,149.748,-3.06152,249.554,635.304,1173.18,1485.37,888.762,4388.34,10144.7,13471,1714.56,1717.64,2769.97,730.375,736.615,392.899,157949,6638.71,10386.8,8.03684,2.96709,0,0,0.0420308,0,42.3285,71.9039,196.95,1332.14,2952.66,5790.85,4.78133e-05,1.58802e-05,2,2,8,0.8,1,1.59851,1.0193,0.579216,0.0112191,0.107709,1450,0,0,0,0,0.001,0,0,0,0,0,0,0,0,0,0,0,0,0,0,0,0,0,0,0,0,0,0,0,0,0,0,0,0,0,0,0,0,0,0,0,0,16.0896,47.1129,12.4801,579.393,710.127,0,0.920137,-0.388084,0.0523295,0.999999,0.0786322,0.0270656,0.834862,0.91,1149.89,1432.42,1983.3,3514.05,260.485,990.751,1961.53,58.6463,2228.3,219.094,114.404,-0.151734,0.926694,-0.17397,0.0804956,0,0,0,0,0,0,0,57.4983,0,0.993793,0,0,249.554,1173.18,0,0,888.762,4388.34,0
1691509907464352179,1463,1427,36,0.975393,17.4298,31.248,45.3012,54.9852,138.242,-1.37691,245.621,685.435,1224.11,1488.51,913.452,4359.97,10615.2,16743,1805.57,1867.14,2580.47,748.129,773.156,429.923,160710,6843.41,11119.6,4.22786,4.22727,0,0,0.0425822,0,51.688,70.6844,211.91,1369.18,4172.55,5243.55,2.53025,0.0189091,5,5,0,0,1,1.8147,1.24036,0.574344,0.00650887,0.0821301,1427,0,0,0,0,0.001,0,0,0,0,0,0,0,0,0,0,0,0,0,0,0,0,0,0,0,0,0,0,0,0,0,0,0,0,0,0,0,0,0,0,0,0,17.4298,45.3012,11.1184,571.166,727.715,0,0.919715,-0.389267,0.0509376,0.999998,0.107431,0.0184223,0.754386,0.86,1181.23,1441.15,1984.57,3510.05,259.88,991.711,1960.01,65.1836,2197.3,224.92,128.057,-0.155266,0.652192,0.155146,-0.652088,0,0,0,0,0,0,0,54.9852,0,0.997898,0,0,245.621,1224.11,0,0,913.452,4359.97,0
1691509907565426490,1444,1396,48,0.966759,18.8614,31.5881,49.0399,59.4092,141.61,-2.25122,248.984,619.989,1147.22,1438.66,944.985,4143.16,9338.46,25762.8,1635.91,1684.77,2630.64,713.147,725.767,376.045,160404,6451.69,9932.13,1.28566,1.78161,0,0,0.0402216,0,37.6029,60.8139,192.325,1252.59,2640.8,5747.99,0.0562167,0.00315997,3,3,7,0.7,1,1.78615,1.1612,0.624951,0.00188575,0.220416,1396,0,0,0,0,0.001,0,0,0,0,0,0,0,0,0,0,0,0,0,0,0,0,0,0,0,0,0,0,0,0,0,0,0,0,0,0,0,0,0,0,0,0,18.8614,49.0399,13.6403,582.712,717.647,0,0.919423,-0.389747,0.0525181,0.999999,0.096108,0.000923902,0.834862,0.91,1192.06,1429.99,1995.73,3513.14,252.995,988.593,1959.84,57.4948,2113.36,207.905,97.9505,-0.160424,0.33459,0.323821,-0.3395,0,0,0,0,0,0,0,59.4092,0,0.994269,0,0,248.984,1147.22,0,0,944.985,4143.16,0
1691509907666979028,1385,1347,38,0.972563,17.3663,31.602,48.5129,60.4023,122.024,-2.2621,239.32,643.255,1203.93,1511.76,857.343,4259.28,9761.64,15973.3,1686.22,1745.05,2792.06,724.605,724.025,375.841,159337,6124.69,9645.56,2.48584,2.0316,0,0,0.0384387,0,45.4193,69.1049,175.537,1358.53,2647.03,5349.94,0.00284471,0.000739105,5,4,9,0.692308,1,1.77299,1.19268,0.580312,0.00799346,0.0643633,1347,0,0,0,0,0.001,0,0,0,0,0,0,0,0,0,0,0,0,0,0,0,0,0,0,0,0,0,0,0,0,0,0,0,0,0,0,0,0,0,0,0,0,17.3663,48.5129,10.2893,571.454,720.257,0,0.920234,-0.388129,0.050248,0.999996,0.166354,0.0142357,0.801802,0.89,1189.99,1415.86,1977.63,3506.11,265.757,1032.99,1957.65,57.4872,2204.58,180.489,109.168,-0.0315934,-0.152966,-0.0543124,-0.281611,0,0,0,0,0,0,0,60.4023,0,0.99703,0,0,239.32,1203.93,0,0,857.343,4259.28,0
1691509907767613004,1438,1407,31,0.978442,17.3412,32.846,50.3201,62.5706,141.747,-3.78299,253.234,630.25,1167.95,1420.79,918.608,4141.57,10015.8,15310.9,1538.41,1752.2,2770.43,716.9,730.599,376.938,155755,6378.6,10104.5,3.80667,3.77779,0,0,0.0409527,0,46.3813,70.8738,188.57,1305.8,3047.74,5445.18,0.0105713,0.00132031,5,5,12,0.705882,1,1.72823,1.07736,0.65087,0.00557533,0.121695,1407,0,0,0,0,0.001,0,0,0,0,0,0,0,0,0,0,0,0,0,0,0,0,0,0,0,0,0,0,0,0,0,0,0,0,0,0,0,0,0,0,0,0,17.3412,50.3201,8.55328,595.276,703.17,0,0.919577,-0.389696,0.0501559,0.999999,0.0975012,0.0614788,0.724138,0.84,1145.97,1430.4,1980.84,3505.35,263.337,991.081,1959.16,55.6772,2127.45,200.348,112.681,0.284518,-0.133029,-0.0883382,0.132989,0,0,0,0,0,0,0,62.5706,0,0.996446,0,0,253.234,1167.95,0,0,918.608,4141.57,0
1691509907867783434,1418,1395,23,0.98378,16.7245,31.98,49.2873,62.846,107.873,-3.44461,242.932,586.591,1209.46,1449.61,923.604,4316.66,11441.7,24438,1599.68,1677.23,2853.6,738.133,729.55,318.722,157206,7383.35,11343.5,16.8178,6.45559,0,0,0.0469661,0,33.9246,69.5271,178.917,1325.57,3235.5,6500.02,0.000119351,3.45764e-05,2,2,8,0.8,1,1.74111,1.1316,0.609507,0.00631989,0.137738,1395,0,0,0,0,0.001,0,0,0,0,0,0,0,0,0,0,0,0,0,0,0,0,0,0,0,0,0,0,0,0,0,0,0,0,0,0,0,0,0,0,0,0,16.7245,49.2873,7.43498,592.088,703.477,0,0.91917,-0.390746,0.0494297,0.999999,0.0768077,0.0295687,0.680672,0.81,1191.72,1462.03,1978.31,3502.91,259.053,1010.2,1957.99,52.1373,2125.63,194.189,97.8361,-0.0455309,0.67715,-0.409924,-1.02436,0,0,0,0,0,0,0,62.846,0,0.998566,0,0,242.932,1209.46,0,0,923.604,4316.66,0
1691509907967606521,1458,1422,36,0.975309,17.3931,31.6915,51.0635,62.5871,123.68,-4.2584,250.96,619.825,1123.77,1383.28,886.816,4090.78,9562.58,15797.7,1487.88,1735.24,2938.5,731.753,691.999,326.451,156536,6505.26,9902.4,5.43519,2.15999,0,0,0.0415577,0,35.5708,56.2415,178.052,1285.79,2471.17,5875.57,3.44353e-05,1.17098e-05,2,2,8,0.8,1,1.69702,1.04722,0.649805,0.0035214,0.0685577,1422,0,0,0,0,0.001,0,0,0,0,0,0,0,0,0,0,0,0,0,0,0,0,0,0,0,0,0,0,0,0,0,0,0,0,0,0,0,0,0,0,0,0,17.3931,51.0635,9.93782,591.763,707.299,0,0.919782,-0.389173,0.0504621,0.999998,0.113386,0.0260753,0.754386,0.86,1170.74,1433.46,1978.1,3504.8,261.561,975.44,1958.55,51.505,2013.03,194.755,86.2167,-0.124032,-0.0331792,-0.272811,0.230272,0,0,0,0,0,0,0,62.5871,0,0.995077,0,0,250.96,1123.77,0,0,886.816,4090.78,0
1691509908067498056,1284,1258,26,0.979751,19.2676,34.807,55.0268,68.4679,124.782,-4.54223,231.113,600.359,1143.18,1405.75,894.016,4291.43,10120.4,15654.1,1557.24,1814.23,2724.59,700.668,711.068,380.886,155986,5854.83,9294.79,13.1807,2.43115,0,0,0.0375343,0,37.8062,63.6868,149.299,1150.63,3004.68,4888.69,0.00010583,1.18773e-05,2,1,9,0.9,1,1.69782,1.01352,0.684299,0.00356797,0.09817,1258,0,0,0,0,0.001,0,0,0,0,0,0,0,0,0,0,0,0,0,0,0,0,0,0,0,0,0,0,0,0,0,0,0,0,0,0,0,0,0,0,0,0,19.2676,55.0268,10.6036,579.07,702.327,0,0.921191,-0.385863,0.0501694,0.999993,0.206774,0.00735735,0.834862,0.91,1170.69,1408.33,1976.87,3503.13,260.493,980.573,1961.26,53.4483,2006.79,159.37,90.6265,0.0023815,0.411764,-0.41754,-0.761074,0,0,0,0,0,0,0,68.4679,0,0.988076,0,0,231.113,1143.18,0,0,894.016,4291.43,0
1691509908167535003,1259,1227,32,0.974583,17.3937,33.8671,56.1878,72.6461,132.07,-3.50824,228.126,577.638,1080.73,1378.4,907.643,4151.82,8849.05,16612,1455.36,1659.49,3078.18,651.905,703.93,304.548,154943,5298.43,8124.18,1.59109,1.5461,0,0,0.0341961,0,32.9128,60.834,148.415,1092.59,2015.47,4773.96,0.0503247,0.00224477,4,4,7,0.636364,1,1.66559,0.988049,0.677542,0.00297826,0.0606153,1227,0,0,0,0,0.001,0,0,0,0,0,0,0,0,0,0,0,0,0,0,0,0,0,0,0,0,0,0,0,0,0,0,0,0,0,0,0,0,0,0,0,0,17.3937,56.1878,7.99153,583.058,699.95,0,0.919451,-0.389716,0.052257,0.999989,0.270116,0.00627205,0.851852,0.92,1180.57,1408.72,2023.58,3508.83,262.233,1011.58,1962.36,49.9921,1979.27,159.481,78.907,0.357697,0.253409,-0.385318,-0.228526,0,0,0,0,0,0,0,72.6461,0,0.987775,0,0,228.126,1080.73,0,0,907.643,4151.82,0
1691509908267430666,1381,1345,36,0.973932,16.9095,32.5768,55.433,71.5947,142.038,-4.26063,242.653,581.124,1159.37,1443.61,929.191,4474.68,9201.98,17121.3,1559.97,1619.88,3206.77,736.87,736.78,271.404,157657,6637.68,9995.63,3.84212,3.85489,0,0,0.042102,0,35.6907,62.0416,157.796,1388.56,2274.92,6076.62,0.0173339,0.00257475,9,9,9,0.5,1,1.80737,1.07635,0.731014,0.00456396,0.0207221,1345,0,0,0,0,0.001,0,0,0,0,0,0,0,0,0,0,0,0,0,0,0,0,0,0,0,0,0,0,0,0,0,0,0,0,0,0,0,0,0,0,0,0,16.9095,55.433,8.49688,573.868,700.635,0,0.918973,-0.39103,0.0508404,0.999998,0.114066,0.0394832,0.851852,0.92,1179.53,1412.46,1973.68,3505.19,259.936,1004.62,1956.48,51.4462,2080.63,167.189,86.9892,-0.121145,0.248028,-0.245212,-0.261674,0,0,0,0,0,0,0,71.5947,0,0.991822,0,0,242.653,1159.37,0,0,929.191,4474.68,0
1691509908367235573,1382,1348,34,0.975398,17.8612,33.1782,56.311,74.7791,201.426,-3.60036,236.201,551.214,1063.24,1383.9,859.587,4015.83,9412.7,21518.9,1464.77,1596.71,2926.75,637.124,671.584,279.299,156167,5967.16,9274.94,1.24169,1.34358,0,0,0.0382101,0,32.7978,59.948,141.33,1159.61,2679.55,5201.7,0.00125662,5.33225e-05,4,4,12,0.75,1,1.79627,1.03323,0.763035,0.0117679,0.0412785,1348,0,0,0,0,0.001,0,0,0,0,0,0,0,0,0,0,0,0,0,0,0,0,0,0,0,0,0,0,0,0,0,0,0,0,0,0,0,0,0,0,0,0,17.8612,56.311,7.65373,584.573,704.773,0,0.919634,-0.389759,0.0485961,0.999996,0.15256,0.00180775,0.818182,0.9,1167.33,1398.04,1961.68,3498.94,261.376,1008.68,1943.42,51.5215,1983.1,155.73,81.9447,-0.295856,0.609319,-0.760561,-0.594071,0,0,0,0,0,0,0,74.7791,0,0.988872,0,0,236.201,1063.24,0,0,859.587,4015.83,0
1691509908466644877,1301,1272,29,0.977709,18.7275,34.7626,59.7972,74.2557,142.978,-5.80871,240.493,579.727,1108.12,1423.57,966.113,4139.65,10079,16315.5,1482.14,1616.42,3073.14,669.878,701.019,319.697,155637,6253.49,9094.46,1.32988,1.32148,0,0,0.04018,0,25.6231,53.0945,142.83,1222.15,1785.58,5865.18,0.0098885,0.000780346,5,5,8,0.615385,1,1.79336,1.03902,0.754338,0.00718491,0.0771686,1272,0,0,0,0,0.001,0,0,0,0,0,0,0,0,0,0,0,0,0,0,0,0,0,0,0,0,0,0,0,0,0,0,0,0,0,0,0,0,0,0,0,0,18.7275,59.7972,7.6322,577.628,706.74,0,0.919191,-0.39055,0.0505745,0.999998,0.124682,0.0269308,0.801802,0.89,1183.47,1424.99,1968.98,3503.78,265.847,1009.28,1947.51,50.8206,1954.71,162.981,67.5779,-0.0873059,0.459918,-0.186941,-0.426375,0,0,0,0,0,0,0,74.2557,0,0.98978,0,0,240.493,1108.12,0,0,966.113,4139.65,0
1691509908565820716,1308,1278,30,0.977064,18.1871,35.3215,63.9112,79.7753,168.484,-4.79385,234.517,600.086,1100.63,1421.75,875.52,4287.04,10018.6,16049.8,1574.39,1629.13,3203.21,677.911,688.965,315.681,150925,6527.03,9729.44,4.66216,4.98612,0,0,0.0432468,0,29.0341,58.3275,140.087,1195.45,2329.85,5976.7,0.044877,0.00327966,3,3,7,0.7,1,1.88596,1.02867,0.857289,0.0035612,0.120453,1278,0,0,0,0,0.001,0,0,0,0,0,0,0,0,0,0,0,0,0,0,0,0,0,0,0,0,0,0,0,0,0,0,0,0,0,0,0,0,0,0,0,0,18.1871,63.9112,6.9093,568.004,688.087,0,0.919994,-0.38873,0.050005,0.999998,0.118553,0.00810392,0.785714,0.88,1178.43,1437.45,1966.54,3501.76,262.008,1002.55,1951.48,45.4228,2003.98,151.253,81.0521,-0.512164,0.529317,0.335074,-0.63602,0,0,0,0,0,0,0,79.7753,0,0.978873,0,0,234.517,1100.63,0,0,875.52,4287.04,0
1691509908665227656,1283,1252,31,0.975838,19.4063,36.0819,61.3877,74.0404,142.282,-6.47892,226.001,540.927,1034.55,1315.78,848.572,4023.53,9722.38,16921.6,1303.68,1539.36,2963.92,672.99,673.668,302.059,151258,5950.14,8644.56,1.12611,1.70411,0,0,0.0393378,0,26.1095,54.3345,124.884,1022.52,1859.61,5557.09,0.00844519,0.000439026,5,5,8,0.615385,1,1.86539,1.06299,0.802404,0.0257578,0.0409646,1252,0,0,0,0,0.001,0,0,0,0,0,0,0,0,0,0,0,0,0,0,0,0,0,0,0,0,0,0,0,0,0,0,0,0,0,0,0,0,0,0.000798722,84.8021,84.8021,19.4008,61.0003,5.6787,563.273,692.048,0,0.918567,-0.392074,0.0501216,0.999993,0.208406,0.00738804,0.834862,0.91,1161.88,1405.93,1961.12,3502.16,259.758,978.172,1948.04,47.9319,1977.67,131.408,66.148,-0.234473,0.396915,-0.57088,-0.434576,0,0,0,0,0,0.000779423,84.8021,73.6791,1,0.982414,142.543,142.543,226.139,1034.63,248.82,248.82,848.582,4024.38,7.16188e-06
1691509908765215078,1270,1234,36,0.971654,19.1943,35.4315,62.895,82.0845,152.42,-5.76126,239.219,546.344,1049.83,1321.32,910.478,4334.38,9843.3,23972.5,1466.62,1600.27,3359.62,633.38,646.84,290.175,152214,6339.5,9381.94,2.4384,2.66662,0,0,0.0416485,0,28.3553,56.8651,102.43,1165.4,2199.91,5828.97,0.0181767,0.00178966,3,2,8,0.8,1,1.85302,1.00706,0.84596,0.003054,0.0555631,1234,0,0,0,0,0.001,0,0,0,0,0,0,0,0,0,0,0,0,0,0,0,0,0,0,0,0,0,0,0,0,0,0,0,0,0,0,0,0,0,0.00243112,34.779,46.2568,19.1906,62.9381,5.78053,574.404,682.815,0,0.918282,-0.392638,0.0509218,0.999999,0.0584345,0.00620343,0.818182,0.9,1179.49,1411.33,1958.21,3504.1,265.206,1017.72,1946.79,44.903,1965.45,107.523,71.6731,-0.146805,0.0842981,0.205581,0.0100753,0,0,0,0,0,0.0023622,47.6915,82.1268,1,0.97563,879.251,1041.35,237.701,1047.92,1020.86,1182.2,909.763,4360.05,0.000336859
1691509908865286046,1233,1199,34,0.972425,19.526,36.8413,65.4035,81.1502,134.646,-3.94746,220.281,568.402,1076.21,1456.95,872.785,4477.48,11215.8,17955,1473.46,1567,3382.74,699.831,724.774,268.032,153102,6783.56,9902.61,1.99176,2.71773,0,0,0.0443075,0,26.2654,46.9146,127.772,1165.92,2241.94,6293.79,0.000135206,3.04622e-05,3,3,8,0.727273,1,1.86446,1.03906,0.825397,0.00516923,0.0744944,1199,0,0,0,0,0.001,0,0,0,0,0,0,0,0,0,0,0,0,0,0,0,0,0,0,0,0,0,0,0,0,0,0,0,0,0,0,0,0,0,0.00667223,26.2748,41.572,19.4835,65.5735,5.70598,590.151,687.143,0,0.918419,-0.392385,0.0504032,1,0.0339771,0.0569477,0.834862,0.91,1186.71,1459.12,1957.71,3502.55,259.89,1003.63,1942.5,46.4973,2017.23,139.925,64.1289,-0.310724,0.266674,0.137326,-0.379051,0,0,0,0,0,0.00648824,41.8081,81.1872,1,0.979849,824.588,1395.44,217.388,1073.9,1114.4,1586.91,871.956,4481.06,0.00110299
1691509908965160209,1236,1206,30,0.975728,19.1037,36.8726,71.0772,86.9527,152.91,-4.15636,221.462,569.753,1124.8,1370.01,817.572,4488.68,10533.1,16772.9,1354.98,1575,3330.75,703.03,735.429,276.053,158449,6239.95,9300.21,2.38427,2.37735,0,0,0.0393815,0,25.2472,51.8667,131.489,1051.94,2362.78,5676.88,0.0236618,0.00183105,9,9,9,0.5,1,1.99146,1.07343,0.918023,0.00316513,0.0704619,1206,0,0,0,0,0.001,0,0,0,0,0,0,0,0,0,0,0,0,0,0,0,0,0,0,0,0,0,0,0,0,0,0,0,0,0,0,0,0,0,0.0124378,36.4061,48.5539,18.7358,71.5051,5.70866,580.452,699.839,0,0.918829,-0.391393,0.0506404,0.999999,0.0629922,0.0319503,0.851852,0.92,1185.57,1438.87,1958.34,3503.01,264.133,1002.01,1941.29,45.2561,1988.16,141.96,66.516,-0.353342,0.506672,0.480418,-0.505478,0,0,0,0,0,0.0121359,50.133,87.3565,1,0.975651,724.707,1296.89,220.615,1112.27,974.061,1571.3,811.581,4568.79,0.0019365
1691509909065147026,1193,1162,31,0.974015,21.1131,37.508,68.7029,87.6688,158.246,-4.66986,218.197,549.223,1118.7,1433.48,837.496,4719.42,10691.6,17916.5,1368.86,1673.77,3297.47,702.239,700.581,296.869,159091,6335.6,9283.88,1.78933,1.82751,0,0,0.0398238,0,24.5471,53.6294,134.825,1081.02,2120.02,5869.84,0.0451356,0.00161218,5,4,11,0.733333,1,1.90592,1.02359,0.882328,0.00178356,0.060754,1162,0,0,0,0,0.001,0,0,0,0,0,0,0,0,0,0,0,0,0,0,0,0,0,0,0,0,0,0,0,0,0,0,0,0,0,0,0,0,0,0.0163511,31.8228,50.3932,20.8897,69.2386,7.08243,579.322,690.595,0,0.91995,-0.388832,0.0500112,0.999996,0.164176,0.0322364,0.851852,0.92,1192.5,1416.33,1960.49,3500.79,262.047,1010.97,1938.08,47.9315,2002.02,141.669,65.1553,-0.444186,0.598175,0.589634,-0.580321,0,0,0,0,0,0.0159262,55.6364,87.7307,1,0.975503,699.38,1191.59,217.559,1110.85,778.951,1779.63,844.661,4751.42,0.00220602
1691509909165617474,1229,1201,28,0.977217,20.1939,36.9333,63.5444,79.8854,172.337,-4.535,217.481,483.144,1023.01,1317.73,827.43,4229.8,9433.71,21771.2,1356.37,1441.89,3113.46,591.111,667.737,283.439,157829,5790.07,8569.23,7.58907,7.56854,0,0,0.0366858,0,22.6874,51.3494,111.178,1031.15,2031.16,5321.71,0.00820183,0.00232852,9,8,9,0.529412,1,1.80316,0.98324,0.819925,0.0352818,0.0702793,1201,0,0,0,0,0.001,0,0,0,0,0,0,0,0,0,0,0,0,0,0,0,0,0,0,0,0,0,0,0,0,0,0,0,0,0,0,0,0,0,0.0266445,31.5799,57.6332,19.8533,63.937,9.06695,585.866,695.067,0,0.919493,-0.389688,0.0517194,0.999998,0.112563,0.00627377,0.769912,0.87,1139.25,1392.24,1960.23,3505.22,261.996,973.721,1932.45,41.1555,1875.54,117.735,61.4626,-0.333848,0.220013,0.340862,-0.219381,0,0,0,0,0,0.0260374,61.5742,80.5532,1,0.980325,328.058,1055.04,215.571,1019.51,494.18,1558.26,839.372,4346.39,0.00279728
1691509909266258298,1236,1203,32,0.973301,19.3786,35.7972,64.1112,85.4121,153.253,-2.32168,215.979,502.686,1042.31,1362.92,808.924,4177.88,9216.8,18361,1256.53,1449.1,3035.34,623.291,650.301,275.825,153948,5420.19,7784.25,3.57297,3.6076,0,0,0.035208,0,23.0913,47.3361,120.46,978.829,1500.74,5113.79,0.041592,0.00459244,6,6,10,0.625,1,1.80002,0.943591,0.856429,0.0138849,0.066153,1203,0,0,0,0,0.001,0,0,0,0,0,0,0,0,0,0,0,0,0,0,0,0,0,0,0,0,0,0,0,0,0,0,0,0,0,0,0,0,0,0.0340815,27.3721,51.252,19.0854,64.8011,8.7604,605.878,692.362,0,0.918695,-0.39185,0.0495355,0.999995,0.1819,0.0211995,0.834862,0.91,1160.88,1397.62,1957.14,3499.53,257.454,998.276,1917.7,47.4832,1930.09,125.614,61.0998,-0.0490979,-0.164499,-0.00478038,0.236934,0,0,0,0,0,0.0331715,60.9192,85.8576,1,0.971601,337.601,1199.43,214.502,1038.09,408.689,1419.29,822.304,4233.45,0.00363814
1691509909366736450,1140,1095,45,0.960526,19.6959,37.4722,66.1903,85.9285,188.146,-4.4097,233.996,577.834,1064.53,1365.16,854.244,4609.39,10632.2,16707.5,1465.12,1472.37,3348.49,686.634,709.078,262.529,156921,5905.92,8479.93,1.60186,1.60175,0,0,0.0376362,0,23.7227,40.4504,116.11,1013.82,1733.11,5552.72,5.26073,0.000436927,4,4,0,0,1,1.79812,1.00389,0.794231,0.00147737,0.083718,1095,0,0,0,0,0.001,0,0,0,0,0,0,0,0,0,0,0,0,0,0,0,0,0,0,0,0,0,0,0,0,0,0,0,0,0,0,0,0,0,0.0420091,22.5599,48.2382,19.6041,66.8439,8.48356,597.376,700.141,0,0.919052,-0.390823,0.051004,0.999998,0.104675,0.0123406,0.769912,0.87,1194.53,1457.6,1958.18,3503.14,258.763,1009.01,1913.14,45.7335,1949.35,115.851,57.4856,-0.231013,0.429103,0.230965,-0.428748,0,0,0,0,0,0.0403509,56.3856,87.5982,1,0.972355,258.685,1105.79,233.212,1054.96,390.875,1439.82,870.289,4698.71,0.00374091
1691509909467129398,1150,1124,26,0.977391,18.9633,35.9089,67.6385,88.2934,171.619,-4.42787,220.071,501.057,1054.54,1248.06,817.413,4072.66,9962.54,15598.7,1298.31,1445.22,3122.51,632.686,664.412,288.878,157103,5248.71,7803.21,2.45649,2.46555,0,0,0.0334094,0,20.4554,44.6187,98.1682,935.593,1905.24,4799.13,0.159091,0.00783247,9,8,8,0.5,1,1.93071,1.10746,0.823254,0.0103762,0.0825258,1124,0,0,0,0,0.001,0,0,0,0,0,0,0,0,0,0,0,0,0,0,0,0,0,0,0,0,0,0,0,0,0,0,0,0,0,0,0,0,0,0.0435943,18.4156,42.5374,18.9669,68.7469,9.44316,592.369,707.188,0,0.919518,-0.389681,0.0513265,0.999999,0.073056,0.0312653,0.834862,0.91,1181.27,1419.25,1936.37,3503.61,255.758,1000.75,1885.74,49.8112,1937.97,107.721,55.1954,0.0277471,0.321114,-0.0225191,-0.349936,0,0,0,0,0,0.0426087,53.4414,88.5588,1,0.974884,249.774,1112.41,218.861,1046.3,336.066,1240.67,840.397,4100.07,0.00324304
1691509909566968456,1149,1128,21,0.981723,18.8613,35.8384,66.6969,90.1048,151.562,-3.08862,227.468,534.403,1147.01,1417,849.025,4511.95,11121,18153.3,1428.75,1587.67,3124.19,682.605,729.246,319.016,156137,6013.57,8840.64,3.66672,3.33061,0,0,0.0385146,0,25.1722,49.1239,116.092,1066.32,2024,5559.94,0.0165895,0.00140411,3,3,9,0.75,1,2.07413,1.22313,0.850997,0.00262075,0.0593611,1128,0,0,0,0,0.001,0,0,0,0,0,0,0,0,0,0,0,0,0,0,0,0,0,0,0,0,0,0,0,0,0,0,0,0,0,0,0,0,0,0.0478723,12.8093,34.7403,19.4034,68.2653,9.3001,593.728,695.972,0,0.919434,-0.389832,0.0516867,1,0.0228814,0.033088,0.801802,0.89,1137.25,1406.88,1953.23,3504.37,247.728,982.122,1892.55,48.5859,1940.76,136.493,63.6109,-0.294081,-0.0432113,0.594279,0.0405232,0,0,0,0,0,0.0469974,48.1082,91.0478,1,0.968343,267.778,1017.37,226.973,1157.32,337.457,1396.57,872.716,4673.72,0.00388659
1691509909666701706,1158,1131,27,0.976684,17.7311,34.647,64.3859,82.2833,188.137,-3.12347,232.944,542.816,1103.05,1350.59,898.448,4745.02,11202.5,19158,1440.95,1599.94,3438.08,672.44,672.105,307.727,158418,6849.26,10084.6,4.31167,4.31144,0,0,0.0432353,0,23.1968,41.8133,109.827,1032.09,2646.27,6231.37,0.426675,0.00427012,8,8,9,0.529412,1,1.71224,0.957006,0.755238,0.00671625,0.0694853,1131,0,0,0,0,0.001,0,0,0,0,0,0,0,0,0,0,0,0,0,0,0,0,0,0,0,0,0,0,0,0,0,0,0,0,0,0,0,0,0,0.0574713,14.9192,37.5584,18.3994,66.8458,9.85363,596.408,690.739,0,0.917902,-0.393431,0.0516585,0.999992,0.224149,0.00564103,0.754386,0.86,1163.84,1395.83,1949.86,3504.52,255.389,995.968,1888.95,44.9094,1898.47,120.613,60.5127,0.0629164,0.120956,-0.0664673,-0.121104,0,0,0,0,0,0.0561313,42.6145,83.0055,1,0.9803,292.073,1138.2,232.443,1091.28,407.945,1388.16,937.749,4833.91,0.00422479
1691509909766351081,1147,1122,25,0.978204,19.0352,37.4353,66.9855,85.4141,181.206,-3.75886,231.393,576.921,1085.09,1311.67,894.806,4895.15,10583.1,19423,1371.99,1624.53,3432.4,670.533,652.986,320.224,160197,7013.27,9789.74,4.64016,4.65554,0,0,0.043779,0,24.7413,43.8649,110.595,1004.15,1944.4,6662,0.0647326,0.00509737,4,3,8,0.727273,1,1.91859,1.0923,0.82629,0.00628297,0.0623858,1122,0,0,0,0,0.001,0,0,0,0,0,0,0,0,0,0,0,0,0,0,0,0,0,0,0,0,0,0,0,0,0,0,0,0,0,0,0,0,0,0.0579323,14.8602,46.0572,19.2002,68.2441,9.11415,612.147,697.739,0,0.920356,-0.387708,0.0512588,0.999981,0.357524,0.0168455,0.769912,0.87,1109.6,1332.91,1953.82,3502.65,252.884,961.594,1882.48,48.7951,1936.85,114.212,63.5888,-0.13423,0.186627,0.125218,-0.180054,0,0,0,0,0,0.0566696,53.5394,86.7569,1,0.971618,432.78,1167.67,230.58,1060.48,516.563,1489.25,932.482,5015.86,0.00506324
1691509909866041328,1149,1126,23,0.979983,20.0864,39.0183,64.027,82.3733,159.799,-3.71243,215.406,492.832,1034.47,1323.1,827.744,4671.64,9976.93,16489.2,1410.26,1496.99,3215.24,659.323,630.499,307.607,152575,5910.2,8681.63,2.51452,1.95274,0,0,0.0387365,0,24.2879,39.1712,118.283,885.908,2203.37,5410.61,0.0150055,0.00114475,3,2,8,0.8,1,1.8619,1.06322,0.798677,0.00975103,0.0627924,1126,0,0,0,0,0.001,0,0,0,0,0,0,0,0,0,0,0,0,0,0,0,0,0,0,0,0,0,0,0,0,0,0,0,0,0,0,0,0,0,0.0568384,22.1854,50.6054,19.9908,65.2343,12.1209,608.157,704.722,0,0.919609,-0.389388,0.0519282,0.999998,0.112126,0.0485735,0.801802,0.89,1129.77,1390.62,1952.82,3504.49,244.729,960.893,1902.18,46.0139,1967.44,125.067,60.7316,0.0744392,0.548621,-0.0554809,-0.353644,0,0,0,0,0,0.0557006,59.9211,82.7108,1,0.977401,398.96,1212.7,211.491,1016.86,546.208,1455.49,849.983,4829.13,0.00608734
1691509909966070727,1154,1129,25,0.978336,19.2223,35.9577,62.3708,86.0098,151.891,-1.59676,223.115,523.342,1083.3,1341.83,776.679,4747.57,11436.4,17394.2,1453.31,1433.8,3391.83,674.085,681.474,263.941,153033,6296.76,9102.4,3.01221,2.83345,0,0,0.0411464,0,24.915,36.4976,108.526,1024.12,2041.62,5866.72,0.0115032,0.000847124,3,2,11,0.846154,1,1.75228,0.966412,0.785866,0.00474543,0.0749861,1129,0,0,0,0,0.001,0,0,0,0,0,0,0,0,0,0,0,0,0,0,0,0,0,0,0,0,0,0,0,0,0,0,0,0,0,0,0,0,0,0.0735164,15.3185,47.5601,19.4001,64.1931,6.44056,601.1,701.46,0,0.919329,-0.390153,0.0511388,0.999999,0.0649833,0.0147214,0.818182,0.9,1135.55,1390.09,1952.15,3502.28,249.273,962.337,1903.54,45.7196,1937.73,111.512,66.0743,-0.171707,0.308699,-0.022609,-0.379244,0,0,0,0,0,0.0719237,60.0017,86.5104,1,0.974187,410.232,1158.48,215.193,1073.33,572.869,1551.86,789.125,4921.62,0.00717335
1691509910065766389,1157,1140,17,0.985307,19.4678,36.0098,61.6928,82.8124,136.481,-2.0682,208.399,499.417,1082.01,1379.96,776.788,4348.59,9881.82,15766.8,1307.42,1566.21,3117.8,653.073,653.611,288.368,156394,5586.53,8182.46,1.41225,2.06619,0,0,0.0357208,0,26.8357,38.2899,122.994,988.419,1818.68,5187.24,0.00323549,0.000432414,6,5,9,0.642857,1,1.84364,1.07575,0.767886,0.0124858,0.0763793,1140,0,0,0,0,0.001,0,0,0,0,0,0,0,0,0,0,0,0,0,0,0,0,0,0,0,0,0,0,0,0,0,0,0,0,0,0,0,0,0,0.0763158,19.7715,46.9494,19.4598,61.8301,6.99508,590.148,706.857,0,0.919092,-0.390584,0.0520953,0.999999,0.0616193,0.0607857,0.785714,0.88,1119.93,1452.18,1951.62,3504.64,256.852,960.399,1906.72,50.0743,2071.33,124.323,63.909,-0.349283,0.109124,0.369278,-0.148805,0,0,0,0,0,0.0751945,61.0774,85.9102,0.988506,0.973409,419.484,1286.08,203.549,1047.75,507.023,1652,803.395,4478.6,0.00946073
1691509910165746591,1192,1169,23,0.980705,19.3738,36.586,62.5664,86.7436,147.323,-0.65898,217.279,496.958,1005.75,1338.43,805.182,4176.24,10779,18641.4,1387.44,1471.16,3186.07,609.446,656.325,280.473,156183,6032.75,8877.97,3.57323,3.57691,0,0,0.0386263,0,25.0385,35.3009,105.563,1009.67,2163.28,5539.12,0.17573,0.00532342,7,6,14,0.7,1,1.89986,1.08294,0.816918,0.00434768,0.0895258,1169,0,0,0,0,0.001,0,0,0,0,0,0,0,0,0,0,0,0,0,0,0,0,0,0,0,0,0,0,0,0,0,0,0,0,0,0,0,0,0,0.0761334,15.6231,48.2774,19.5917,65.0597,9.62428,601.236,712.14,0,0.91955,-0.389543,0.051811,0.999999,0.0671423,0.00817405,0.851852,0.92,1121.9,1403.41,1952.28,3503.69,247.717,958.901,1900.88,46.8289,1976.92,106.956,57.691,-0.000787142,0.675007,-0.0280646,-0.676747,0,0,0,0,0,0.0746644,64.1291,88.6487,1,0.972222,540.193,1196,207.812,989.826,677.918,1564.49,835.466,4378.55,0.00875827
1691509910265758935,1201,1180,21,0.982515,19.4818,34.951,65.9823,86.0893,157.385,-1.72408,220.147,511.287,1033.7,1340.15,865.651,4349.85,11217.6,18413.1,1302.85,1407.57,3155.77,630.013,634.871,275.547,156255,6568.17,9165.58,3.417,3.43212,0,0,0.042035,0,24.2163,43.4124,105.838,1028.12,1706.32,6257.68,0.0089125,0.000931372,10,10,8,0.444444,1,1.99383,1.15542,0.838408,0.00532217,0.0405783,1180,0,0,0,0,0.001,0,0,0,0,0,0,0,0,0,0,0,0,0,0,0,0,0,0,0,0,0,0,0,0,0,0,0,0,0,0,0,0,0,0.0788136,15.8526,51.287,19.6562,66.4322,7.88498,614.175,704.94,0,0.918499,-0.391972,0.052123,0.999996,0.152664,0.0722428,0.724138,0.84,1097.03,1347.52,1933.23,3504.59,246.665,933.03,1832.31,48.5911,2081.14,110.826,61.0573,-0.085129,0.81022,-0.313024,-0.855665,0,0,0,0,0,0.0774355,72.2826,87.3165,1,0.977001,507.754,1237.57,213.513,972.752,661.676,1639.37,889.577,4552.22,0.00984792
1691509910365908389,1230,1201,29,0.976423,18.6078,34.4695,61.4106,81.9455,144.935,0.171482,226.831,561.49,1099.63,1329.62,847.313,4438.9,11257.1,20753.7,1393.49,1528.25,3098.44,620.541,668.641,291.808,159620,6159.16,9444.83,3.93244,3.99536,0,0,0.0385865,0,27.9739,42.8699,118.986,1114.44,2739.47,5401.09,0.0416988,0.00280133,3,3,7,0.7,1,1.88783,1.10571,0.782127,0.00237689,0.0892454,1201,0,0,0,0,0.001,0,0,0,0,0,0,0,0,0,0,0,0,0,0,0,0,0,0,0,0,0,0,0,0,0,0,0,0,0,0,0,0,0,0.0849292,17.5652,56.6089,18.7046,63.3414,10.6525,617.878,722.47,0,0.919301,-0.390097,0.0520627,0.999998,0.116863,0.0506901,0.785714,0.88,1114.2,1401.11,1931.86,3504.08,244.945,958.504,1857.04,52.1057,1938.64,121.386,67.4877,-0.275857,0.443078,0.137989,-0.539351,0,0,0,0,0,0.0829268,66.2554,82.9933,1,0.980892,572.216,1226.08,216.595,1041.81,738.157,1671.21,860.409,4658.05,0.0101692
1691509910466245469,1259,1239,20,0.984114,20.0463,35.1051,62.6402,76.7283,138.077,-2.17283,223.391,570.75,1128.67,1350.34,873.531,4448.84,10123.3,16941.3,1485.55,1597.08,3183.8,673.14,699.278,342.288,154326,6331.24,9239.69,5.06146,5.06096,0,0,0.0410251,0,27.5664,44.549,129.224,1178.64,1956.48,5903.23,0.130736,0.00561396,13,12,11,0.478261,1,1.78972,1.01929,0.770431,0.01025,0.0447278,1239,0,0,0,0,0.001,0,0,0,0,0,0,0,0,0,0,0,0,0,0,0,0,0,0,0,0,0,0,0,0,0,0,0,0,0,0,0,0,0,0.0807103,19.2059,58.6663,20.0991,63.475,10.1746,628.179,714.646,0,0.919814,-0.389261,0.0491666,0.999995,0.175209,0.0526543,0.785714,0.88,1098.38,1361.26,1951.72,3496.28,244.288,935.5,1885.14,46.9051,2024.85,131.993,71.0161,-0.339637,0.236243,0.353855,-0.235248,0,0,0,0,0,0.0794281,66.9618,77.8205,1,0.988586,552.997,1329.94,217.763,1073.55,751.29,1689,894.233,4585.86,0.0115269
1691509910566386124,1240,1221,19,0.984677,19.0778,35.5043,61.9841,77.6901,132.209,1.58975,225.736,536.035,1067.98,1333.3,837.067,4258.94,10846.2,21583.2,1375.62,1441.77,2962.13,625.596,640.146,300.065,159589,6281.67,9307.49,1.77904,1.68642,0,0,0.0393616,0,28.0269,44.8103,115.495,1001.03,2402.38,5715.75,0.00324734,0.000603559,6,5,12,0.705882,1,2.06501,1.27342,0.791591,0.00800714,0.16632,1221,0,0,0,0,0.001,0,0,0,0,0,0,0,0,0,0,0,0,0,0,0,0,0,0,0,0,0,0,0,0,0,0,0,0,0,0,0,0,0,0.0786241,15.4319,62.6458,19.1531,61.9754,9.84971,618.925,716.226,0,0.920929,-0.386425,0.0506568,0.999994,0.194347,0.0143866,0.818182,0.9,1093.79,1377.07,1928.56,3499.67,243.526,936.286,1858.53,53.8405,2044.29,119.656,69.8283,-0.579823,0.246168,-0.0043831,-0.273349,0,0,0,0,0,0.0774194,68.3334,78.3366,0.96875,0.983111,581.223,1310.99,216.155,1033.82,735.271,1737.12,843.269,4444.53,0.0106733
1691509910665837328,1227,1214,13,0.989405,18.7645,35.8682,61.4404,78.7498,150.45,-0.367367,222.557,483.34,1121.61,1383.7,785.204,4212.51,10275.3,19891.9,1364.72,1331.57,3070.59,618.707,669.231,240.527,162437,5882.44,8581.9,0.572103,0.570067,0,0,0.0362136,0,17.1338,35.8822,129.431,1042.79,1884.3,5472.37,0.0674383,0.000998354,6,6,11,0.647059,1,1.9698,1.19446,0.775342,0.00777532,0.0812232,1214,0,0,0,0,0.001,0,0,0,0,0,0,0,0,0,0,0,0,0,0,0,0,0,0,0,0,0,0,0,0,0,0,0,0,0,0,0,0,0,0.0799012,19.9794,45.2861,18.6476,63.0358,9.17814,643.334,739.488,0,0.918687,-0.391684,0.0509671,0.999984,0.328034,0.0162641,0.818182,0.9,1086.8,1317.16,1949.48,3500.86,241.313,926.593,1870.27,47.8176,2019.31,134.259,54.382,-0.11351,0.257263,0.0468734,-0.271848,0,0,0,0,0,0.0790546,66.8849,79.8103,0.989691,0.984781,482.612,1346.53,216.289,1046.3,638.667,1749.46,795.072,4479.24,0.0115812
1691509910765373510,1296,1292,4,0.996914,20.5893,38.5917,63.277,79.8848,129.081,-1.05367,235.318,538.573,1073.57,1387.58,869.348,4279.99,10699.1,18469.9,1492.54,1391.35,3047.21,554.336,646.873,282.638,163314,6971.62,9895.58,5.24318,4.93595,0,0,0.0426884,0,17.9637,53.0633,118.823,1173.16,1941.69,6590.88,0.0254364,0.00174822,6,5,12,0.705882,1,1.95632,1.08628,0.870047,0.00423214,0.131912,1292,0,0,0,0,0.001,0,0,0,0,0,0,0,0,0,0,0,0,0,0,0,0,0,0,0,0,0,0,0,0,0,0,0,0,0,0,0,0,0,0.0727554,14.5169,49.781,21.0478,63.7954,11.0144,652.135,754.851,0,0.9192,-0.390498,0.0508235,0.999999,0.074461,0.00179678,0.785714,0.88,1074.56,1326.25,1950.26,3500.03,239.799,858.041,1860.88,49.7116,2021.25,128.187,69.325,0.00645929,0.486019,-0.0463965,-0.487662,0,0,0,0,0,0.0725309,60.9565,81.6217,1,0.98414,480.02,1333.56,230.033,1010.7,728.719,1839.78,877.647,4610.43,0.0117883
1691509910865235069,1296,1289,7,0.994599,20.1481,38.1333,60.3065,72.3922,144.627,-3.01061,221.44,500.675,1155.8,1400.38,824.251,4472.48,10763.9,17471.7,1577.46,1471.32,3123.85,571.653,693.891,279.19,161546,7146.99,10231,8.58531,1.57212,0,0,0.0442412,0,22.897,40.576,137.859,1246.62,2053.44,6729.61,3.25193e-05,4.44791e-06,2,2,8,0.8,1,2.05385,1.23677,0.817085,0.00585592,0.121527,1289,0,0,0,0,0.001,0,0,0,0,0,0,0,0,0,0,0,0,0,0,0,0,0,0,0,0,0,0,0,0,0,0,0,0,0,0,0,0,0,0.0729247,19.1271,47.9153,20.2228,60.8887,10.7199,658.943,756.337,0,0.919211,-0.390538,0.0503038,1,0.0298728,0.00984919,0.785714,0.88,1080.73,1315.71,1950.02,3498.64,239.564,870.454,1837.68,47.8962,1984.08,142.59,65.497,-0.142513,-0.383912,0.570114,0.193918,0,0,0,0,0,0.0725309,56.512,73.6409,0.989362,0.986611,359.844,1292.65,216.418,1100.89,525.033,1876.09,837.681,4651.37,0.0117339
1691509910965916767,1304,1297,7,0.994632,21.7771,38.9929,60.8268,72.4911,139.198,-1.54101,233.94,521.209,1106.79,1410.95,904.285,4470.45,11576.2,16311.6,1576.47,1360.54,3055.6,545.86,662.732,295.865,157772,6862.63,10310,11.8925,6.36127,0,0,0.0434971,0,24.3885,33.8055,142.434,1225.88,2693.45,6190.01,8.48297e-05,3.29233e-05,3,3,8,0.727273,1,2.34119,1.50008,0.841112,0.01111,0.148094,1297,0,0,0,0,0.001,0,0,0,0,0,0,0,0,0,0,0,0,0,0,0,0,0,0,0,0,0,0,0,0,0,0,0,0,0,0,0,0,0,0.0724749,15.8717,52.3805,22.2102,62.014,12.7158,657.89,739.394,0,0.919786,-0.389015,0.0515771,0.999998,0.118403,0.0755895,0.851852,0.92,1081.26,1328.46,1951.26,3501.51,239.694,873.177,1884.16,51.9455,2058.42,147.836,73.1997,-0.592169,0.213332,0.171656,-0.436532,0,0,0,0,0,0.0720859,59.4792,74.7541,1,0.985869,563.587,1301.73,229.067,1077.17,825.013,1911.94,927.08,4604.75,0.0120182
1691509911066085279,1280,1278,2,0.998437,19.7776,37.1924,59.2199,74.234,137.747,-1.57664,222.478,531.853,1136.69,1468.86,867.659,4336.77,10374.3,20553.7,1516.39,1425.08,2992.19,517.462,623.488,325.455,158307,7125.35,10256.1,2.58972,2.62596,0,0,0.0450098,0,24.6499,40.4013,151.002,1162.56,2203.93,6673.59,0.130257,0.00439226,7,6,11,0.647059,1,1.84944,1.0606,0.788836,0.0126351,0.12505,1278,0,0,0,0,0.001,0,0,0,0,0,0,0,0,0,0,0,0,0,0,0,0,0,0,0,0,0,0,0,0,0,0,0,0,0,0,0,0,0,0.0743349,15.7538,52.6498,20.0063,60.199,10.0481,635.285,751.667,0,0.919192,-0.390477,0.0511263,0.999999,0.0940275,0.120614,0.769912,0.87,1048.03,1277.16,1936.77,3500.36,236.005,839.424,1816.64,54.4201,1981.96,167.438,65.2866,-0.0437425,0.731109,0.0102152,-0.734982,0,0,0,0,0,0.0742188,65.8734,74.4862,1,0.983939,590.589,1364.92,213.423,1087.6,917.483,2106.74,862.971,4609.03,0.0154596
1691509911166347197,1310,1306,4,0.996947,18.8463,37.877,60.6807,78.3481,169.753,-0.757421,224.91,543.273,1175.61,1441.5,835.877,4527.2,10545.2,18931.9,1550.48,1398.05,2983.07,474.867,673.011,320.448,152595,7273.77,10714.8,6.55541,6.88496,0,0,0.0476673,0,18.5648,50.1014,137.621,1300.62,2506.07,6701.79,0.0296976,0.00403022,2,2,7,0.777778,1,2.07263,1.21146,0.861171,0.00388375,0.030708,1306,0,0,0,0,0.001,0,0,0,0,0,0,0,0,0,0,0,0,0,0,0,0,0,0,0,0,0,0,0,0,0,0,0,0,0,0,0,0,0,0.0727412,13.2879,60.5466,19.3949,60.6147,11.0697,640.812,738.119,0,0.919111,-0.390649,0.0512661,1,0.0135213,0.0216881,0.834862,0.91,1047.85,1312.06,1949.78,3500.63,236.061,839.615,1853.89,46.3424,2079.89,142.257,80.3843,-0.197436,0.9387,0.210151,-1.04328,0,0,0,0,0,0.0725191,67.0211,78.9775,1,0.983485,557.608,1322.58,215.736,1124.19,890.375,2113.32,827.303,4696.71,0.0148999
1691509911265856528,1291,1290,1,0.999225,19.7666,39.1386,62.7535,79.9993,137.568,-2.21116,214.535,511.875,1153.34,1462.97,851.591,4220.3,11347,19007.2,1375.23,1276.06,2747.46,440.311,599.597,350.536,149149,6499.62,9830.82,4.40142,4.69877,0,0,0.043578,0,25.5627,55.5599,137.142,1123.36,2674.98,5814.21,0.0545989,0.00529356,5,5,12,0.705882,1,2.2387,1.34101,0.897692,0.0051614,0.203974,1290,0,0,0,0,0.001,0,0,0,0,0,0,0,0,0,0,0,0,0,0,0,0,0,0,0,0,0,0,0,0,0,0,0,0,0,0,0,0,0,0.0713178,14.1511,40.8982,19.9412,64.277,8.98808,614.767,736.245,0,0.92019,-0.388301,0.0497279,0.999995,0.172315,0.0537022,0.769912,0.87,1010.7,1255.22,1885.85,3496.27,233.803,814.305,1706.62,55.3436,2033.46,148.362,85.4756,0.179027,0.629716,0.312107,-0.894105,0,0,0,0,0,0.0712626,49.4646,81.96,1,0.974958,674.536,1310.24,208.589,1100.1,1110.06,2168.5,831.09,4391.49,0.0184271
1691509911366022085,1318,1312,6,0.995448,19.0362,39.6159,67.8194,88.4243,156.246,-1.27799,216.842,424.567,1055.91,1362.12,768.358,3788.33,8685.58,14610.8,1261.7,1086.84,2637.45,386.207,571.183,290.633,150847,4790.7,7471.48,4.63804,4.68564,0,0,0.0317587,0,9.24112,40.8213,127.064,773.107,2528.52,3992.72,0.0115702,0.00154697,7,6,12,0.666667,1,2.09228,1.06415,1.02814,0.0141177,0.193438,1312,0,0,0,0,0.001,0,0,0,0,0,0,0,0,0,0,0,0,0,0,0,0,0,0,0,0,0,0,0,0,0,0,0,0,0,0,0,0,0,0.0564024,15.1736,40.7843,19.4371,69.802,14.0967,567.767,727.137,0,0.92065,-0.386779,0.0529729,0.999993,0.207049,0.0109576,0.666667,0.8,976.921,1206.8,1735.4,3504.3,227.011,805.647,1663.85,50.6234,2079.88,133.275,70.9597,-0.141529,0.16373,0.675741,-0.201767,0,0,0,0,0,0.0561457,46.4432,89.3529,1,0.969305,362.779,1299.7,215.15,994.428,632.477,2259.54,775.546,3904.94,0.0164553
1691509911466590255,1292,1288,4,0.996904,17.0589,34.4726,62.8754,82.403,180.285,-2.62322,225.852,531.674,1168.19,1455.23,753.152,4068.44,10967.4,17250.5,1343.89,1020.76,2570.39,457.168,594.593,418.167,146750,5940,9353.11,3.82673,3.80759,0,0,0.0404771,0,21.5108,61.9582,140.627,1141.31,2980.15,5007.56,0.0109456,0.00152006,5,5,10,0.666667,1,2.20413,1.35121,0.852924,0.0115137,0.139949,1288,0,0,0,0,0.001,0,0,0,0,0,0,0,0,0,0,0,0,0,0,0,0,0,0,0,0,0,0,0,0,0,0,0,0,0,0,0,0,0,0.00232919,8.66384,15.2186,17.1294,62.9358,12.3558,518.989,713.655,0,0.920621,-0.387189,0.0504186,0.999997,0.148238,0.0400928,0.680672,0.81,967.605,1222.23,1935.15,3497.55,223.004,793.824,1876.5,51.267,1983.95,144.796,92.0114,-0.300183,0.316029,-0.0377683,-0.4841,0,0,0,0,0,0.00232198,16.038,82.4191,1,0.975097,667.436,1448.89,225.845,1165.28,1200.51,2603.92,752.606,4072.02,0.00109197
1691509911567281964,1312,1309,3,0.997713,17.0052,33.9282,62.1594,83.2725,182.145,-0.3552,215.276,463.584,997.049,1319.35,771.391,3480.07,8713.01,20207,1131.26,820.604,2362.5,432.082,533.757,269.676,142587,4566.28,6834.27,3.63752,2.43361,0,0,0.0320246,0,14.5479,44.3417,124.363,614.91,1960.26,4075.85,0.000237436,3.99016e-05,5,5,8,0.615385,1,2.14262,1.23594,0.906679,0.0218183,0.190202,1309,0,0,0,0,0.001,0,0,0,0,0,0,0,0,0,0,0,0,0,0,0,0,0,0,0,0,0,0,0,0,0,0,0,0,0,0,0,0,0,0,0,0,17.0052,62.1594,12.4213,528.343,718.236,0,0.920679,-0.387026,0.0505954,1,0.0141735,0.0170038,0.680672,0.81,951.076,1188.29,1689.99,3497.66,227.59,776.146,1646.71,59.1893,2010.08,135.101,62.2443,-0.369327,0.540431,0.376978,-0.439068,0,0,0,0,0,0,0,83.2725,0,0.970206,0,0,215.276,997.049,0,0,771.391,3480.07,0
1691509911667756942,1248,1243,5,0.995994,17.19,34.0878,63.098,84.8891,164.877,-0.96517,212.618,447.279,1057.22,1367.16,759.232,3680.75,10252.4,18426.6,1222.04,809.517,2313.31,453.818,497.782,328.901,141306,5130.05,7904.92,4.94743,4.66514,0,0,0.0363046,0,13.938,47.0645,120.219,674.893,2816.51,4232.3,0.00488808,0.00105611,5,4,13,0.764706,1,1.95859,1.04096,0.917624,0.0104752,0.144997,1243,0,0,0,0,0.001,0,0,0,0,0,0,0,0,0,0,0,0,0,0,0,0,0,0,0,0,0,0,0,0,0,0,0,0,0,0,0,0,0,0,0,0,17.19,63.098,10.3252,532.768,703.907,0,0.920219,-0.38812,0.0505901,0.999999,0.0679762,0.00835009,0.680672,0.81,962.958,1199.52,1688.03,3497.83,231.051,800.081,1658.12,54.2161,1976.73,120.384,79.696,0.101373,0.160473,-0.305882,-0.283997,0,0,0,0,0,0,0,84.8891,0,0.960579,0,0,212.618,1057.22,0,0,759.232,3680.75,0
1691509911769472220,1250,1249,1,0.9992,19.1157,37.8045,69.6379,93.4854,169.435,-2.40314,221.022,488.824,1139.64,1387.51,790.514,3594.61,10985.4,17817.8,1310.17,936.556,2488.25,482.459,563.072,302.238,144362,5353.47,8123.23,8.07454,1.94218,0,0,0.0370837,0,13.4825,55.2535,135.883,982.153,2123.6,4812.86,0.0204531,0.00176609,3,2,8,0.8,1,2.43068,1.40226,1.02843,0.0161448,0.359035,1249,0,0,0,0,0.001,0,0,0,0,0,0,0,0,0,0,0,0,0,0,0,0,0,0,0,0,0,0,0,0,0,0,0,0,0,0,0,0,0,0,0,0,19.1157,69.6379,16.3422,577.997,707.661,0,0.922616,-0.382366,0.0507476,0.999981,0.35726,0.0419487,0.694915,0.82,996.769,1244.5,1938.48,3497.39,233.085,829.348,1830.78,54.4317,2075.74,145.756,70.9055,0.0950997,0.0633689,-0.280897,-0.213021,0,0,0,0,0,0,0,93.4854,0,0.959167,0,0,221.022,1139.64,0,0,790.514,3594.61,0
1691509911869889928,1238,1235,3,0.997577,20.3167,42.3198,78.9224,98.0287,175.423,-4.16519,230.442,512.216,1103.16,1368.5,831.862,4282.15,12549.3,26051.6,1402.43,1266.63,2669.84,461.706,550.752,353.282,148095,7159.76,11011.8,2.73663,3.78298,0,0,0.0483457,0,13.0415,58.3828,135.688,1095.94,3648.34,6060.42,0.108531,0.00903532,5,4,8,0.666667,1,2.23867,1.06834,1.17033,0.0146517,0.274222,1235,0,0,0,0,0.001,0,0,0,0,0,0,0,0,0,0,0,0,0,0,0,0,0,0,0,0,0,0,0,0,0,0,0,0,0,0,0,0,0,0,0,0,20.3167,78.9224,11.5279,572.951,708.521,0,0.91937,-0.390111,0.0507195,0.999965,0.481179,0.0150179,0.754386,0.86,1033.31,1279.5,1938.09,3504.59,233.186,833.606,1836.3,47.5468,2050.98,138.625,75.5892,0.0591442,0.160605,-0.0483614,-0.15831,0,0,0,0,0,0,0,98.0287,0,0.954656,0,0,230.442,1103.16,0,0,831.862,4282.15,0
1691509911971224382,1411,1408,1,0.997874,19.3234,39.3964,61.4522,75.9143,158.758,-2.55868,207.588,452.585,1023.02,1377.9,740.89,3709.71,9416.59,16275.5,1353.92,1024.98,2334.05,442.275,494.522,330.687,152732,5347.81,8494.85,4.33122,4.31627,0,0,0.0350143,0,12.3273,49.9892,143.271,972.347,3002.02,4314.9,0.00296422,0.00123503,6,5,10,0.666667,1,2.15361,1.1828,0.970817,0.0100498,0.306977,1408,0,0,0,0,0.001,0,0,0,0,0,0,0,0,0,0,0,0,0,0,0,0,0,0,0,0,0,0,0,0,0,0,0,0,0,0,0,0,0,0,0,0,19.3234,61.4522,17.9831,578.87,708.147,0,0.922887,-0.381649,0.0512187,0.999958,0.525815,0.0131983,0.709402,0.83,993.569,1229.5,1939.09,3504.67,231.573,809.211,1836.5,54.4303,2168.86,150.892,81.9683,0.0938193,-0.166432,-0.245741,-0.0703841,0,0,0,0,0,0,0,75.9143,0,0.978693,0,0,207.588,1023.02,0,0,740.89,3709.71,0
1691509912072191527,1404,1404,0,1,19.6543,37.6692,58.3648,80.0105,177.75,-2.97103,221.29,462.698,1057.44,1349.67,768.501,3761.12,9424.63,17561.3,1358.39,1341.7,2467.63,483.144,524.176,331.272,152468,5360.72,8642.72,3.97415,4.2282,0,0,0.0351596,0,17.8287,40.8465,156.726,1022.6,3348.72,4056,0.0246094,0.00363988,4,3,10,0.769231,1,2.04307,1.08962,0.953452,0.0084354,0.162287,1404,0,0,0,0,0.001,0,0,0,0,0,0,0,0,0,0,0,0,0,0,0,0,0,0,0,0,0,0,0,0,0,0,0,0,0,0,0,0,0,0,0,0,19.6543,58.3648,12.8157,602.883,712.301,0,0.920236,-0.388124,0.0502497,0.999975,0.404697,0.0237133,0.754386,0.86,1033.35,1264.4,1895.02,3502.87,220.257,810.506,1707.97,50.5069,2225.73,166.405,66.1905,-0.00695341,0.499603,-0.246566,-0.483475,0,0,0,0,0,0,0,80.0105,0,0.981481,0,0,221.29,1057.44,0,0,768.501,3761.12,0
1691509912172804203,1596,1595,1,0.999373,18.4959,33.8961,52.9248,66.3854,132.566,-1.13259,210.448,469.083,1099.23,1416.93,738.724,3807.52,11208.7,19739.6,1517.89,1358.28,2589.92,445.627,638.088,354.167,154690,7037.2,11076.2,4.90256,5.17188,0,0,0.0454923,0,14.5931,44.9363,172.319,1329.23,3649.81,5865.34,0.109245,0.0117019,3,3,7,0.7,1,2.1183,1.28076,0.837546,0.00639596,0.208208,1595,0,0,0,0,0.001,0,0,0,0,0,0,0,0,0,0,0,0,0,0,0,0,0,0,0,0,0,0,0,0,0,0,0,0,0,0,0,0,0,0,0,0,18.4959,52.9248,14.0538,641.828,733.118,0,0.922077,-0.383612,0.0511459,0.999988,0.283925,0.00714046,0.818182,0.9,1052.35,1312.12,1996.37,3504.55,223.475,849.802,1885.46,51.4723,2258.77,186.618,74.1414,-0.188513,-0.259175,0.532507,0.178266,0,0,0,0,0,0,0,66.3854,0,0.989969,0,0,210.448,1099.23,0,0,738.724,3807.52,0
1691509912273362281,1567,1564,3,0.998086,17.2794,31.9244,50.7836,64.2443,128.307,0.177886,216.515,476.575,1059.78,1369.32,755.104,3835.99,10601.5,14419.9,1462.93,1461.46,2591.54,540.749,637.004,368.148,164691,6696.66,10160.5,6.14964,6.1528,0,0,0.040662,0,13.7194,45.9221,141.356,1353.29,2577.1,6029.1,0.279062,0.039489,5,5,10,0.666667,1,2.50804,1.76217,0.745864,0.00365914,0.288001,1564,0,0,0,0,0.001,0,0,0,0,0,0,0,0,0,0,0,0,0,0,0,0,0,0,0,0,0,0,0,0,0,0,0,0,0,0,0,0,0,0,0,0,17.2794,50.7836,13.3815,675.68,765.938,0,0.921173,-0.385881,0.0503667,0.999997,0.146905,0.0672329,0.834862,0.91,1074.76,1350.04,1996.39,3502.69,226.966,846.423,1858.51,56.6956,2373.44,161.158,61.927,0.20372,0.403211,-0.235862,-0.394589,0,0,0,0,0,0,0,64.2443,0,0.992967,0,0,216.515,1059.78,0,0,755.104,3835.99,0
1691509912372765085,1557,1556,0,0.999358,18.3,33.9396,53.5217,68.1928,139.837,-0.883821,216.529,502.025,1095.87,1401.52,775.68,3904.31,10169,19855.2,1528.87,1511.53,2783.22,582.02,647.109,411.028,160975,6533,10315.1,8.92482,7.36918,0,0,0.0405839,0,15.7926,60.8576,149.135,1417.88,3101.45,5569.97,0.139336,0.0163081,3,3,7,0.7,1,2.84469,2.01752,0.827171,0.00894844,0.240491,1556,0,0,0,0,0.001,0,0,0,0,0,0,0,0,0,0,0,0,0,0,0,0,0,0,0,0,0,0,0,0,0,0,0,0,0,0,0,0,0,0,0,0,18.3,53.5217,12.5348,663.52,757.945,0,0.920988,-0.386367,0.0500171,1,0.0358987,0.00868206,0.801802,0.89,1080.16,1359.44,1999.85,3501.61,220.007,870.492,1870.41,56.095,2401.38,160.7,70.721,-0.471953,0.368609,0.466426,-0.303075,0,0,0,0,0,0,0,68.1928,0,0.991003,0,0,216.529,1095.87,0,0,775.68,3904.31,0
1691509912470561144,1685,1685,0,1,16.9492,32.5918,51.2444,66.9614,126.435,-4.01775,216.198,487.352,1032.03,1317.07,715.149,3644.96,9852.91,22107.7,1506.41,1410.35,2347.63,576.957,617.322,385.082,150044,6630.07,10447.6,3.97816,3.63993,0,0,0.0441875,0,17.0036,70.3902,157.87,1378.07,3168.16,5656.09,0.00105506,0.000154622,4,4,8,0.666667,1,2.24192,1.44057,0.801346,0.0163975,0.346715,1685,0,0,0,0,0.001,0,0,0,0,0,0,0,0,0,0,0,0,0,0,0,0,0,0,0,0,0,0,0,0,0,0,0,0,0,0,0,0,0,0,0,0,16.9492,51.2444,12.1834,631.745,711.071,0,0.921541,-0.385028,0.0501655,0.999999,0.0834299,0.0491132,0.709402,0.83,1052.74,1279.99,1943.46,3504.92,215.613,841.673,1816.74,54.195,2435.09,164.408,74.8843,-0.101632,0.508469,0.123261,-0.310361,0,0,0,0,0,0,0,66.9614,0,0.994065,0,0,216.198,1032.03,0,0,715.149,3644.96,0
1691509912568478363,1672,1671,1,0.999402,18.6916,34.4361,54.0286,69.5302,130.762,-4.31395,208.29,443.796,1036.24,1339.99,741.006,3574.15,9943.45,15335.8,1529.07,1284.34,2368.66,633.008,582.026,318.289,143039,6982.36,10271.8,5.55615,5.56834,0,0,0.0488144,0,17.0866,47.6994,148.491,1447.55,2119.32,6491.68,0.0256415,0.00268163,10,9,11,0.55,1,2.73073,1.85315,0.877583,0.00547504,0.176558,1671,0,0,0,0,0.001,0,0,0,0,0,0,0,0,0,0,0,0,0,0,0,0,0,0,0,0,0,0,0,0,0,0,0,0,0,0,0,0,0,0,0,0,18.6916,54.0286,7.99029,612.105,699.905,0,0.919804,-0.389045,0.0510374,0.99999,0.255702,0.0301271,0.818182,0.9,1028.05,1234.98,1897.09,3507.51,220.443,845.933,1781.78,51.6869,2343.28,160.072,62.9565,-0.0587738,0.153758,0.295622,-0.200092,0,0,0,0,0,0,0,69.5302,0,0.997606,0,0,208.29,1036.24,0,0,741.006,3574.15,0
1691509912665691134,1716,1714,2,0.998834,18.593,32.4838,51.5569,67.1926,118.374,-2.61134,215.871,460.464,1037.08,1344.4,765.748,3376.64,9775.06,19175.5,1229.24,1419.13,2463.13,623.155,515.532,261.696,138316,6648.75,9939.47,3.32462,4.64235,0,0,0.0480693,0,13.0523,62.1451,149.317,1411.45,2187.91,6115.59,0.000104484,4.35121e-05,3,3,8,0.727273,1,2.77706,1.92156,0.855509,0.00377848,0.385271,1714,0,0,0,0,0.001,0,0,0,0,0,0,0,0,0,0,0,0,0,0,0,0,0,0,0,0,0,0,0,0,0,0,0,0,0,0,0,0,0,0,0,0,18.593,51.5569,11.945,597.267,665.788,0,0.920724,-0.386826,0.0513038,0.999997,0.138482,0.0590573,0.754386,0.86,969.084,1214.68,1898.51,3507.94,210.527,798.63,1803.29,58.639,2271.97,164.093,73.6054,0.225835,0.122501,-0.40425,-0.246343,0,0,0,0,0,0,0,67.1926,0,0.991832,0,0,215.871,1037.08,0,0,765.748,3376.64,0
1691509912762907506,1556,1555,1,0.999357,17.0785,32.143,52.5062,68.2243,122.263,-3.183,214.696,459.437,1002.4,1300.4,737.529,3492.39,9442.47,16154.6,1166.71,1272.73,2366.48,568.188,480.437,220.872,137755,5455.21,8331.05,10.0173,7.26651,0,0,0.0396008,0,11.8203,58.1238,134.238,1182.6,2018.21,4926.06,0.0173429,0.00415104,3,2,8,0.8,1,2.56926,1.77577,0.793488,0.00484981,0.250053,1555,0,0,0,0,0.001,0,0,0,0,0,0,0,0,0,0,0,0,0,0,0,0,0,0,0,0,0,0,0,0,0,0,0,0,0,0,0,0,0,0,0,0,17.0785,52.5062,10.9859,580.456,684.558,0,0.920131,-0.388124,0.0521339,0.999999,0.09458,0.0953158,0.801802,0.89,991.37,1224.06,1901.08,3510.13,214.835,797.974,1801.62,58.8766,2171.44,140.595,68.891,0.126728,0.543172,-0.0537058,-0.541137,0,0,0,0,0,0,0,68.2243,0,0.989711,0,0,214.696,1002.4,0,0,737.529,3492.39,0
1691509912860295868,1527,1526,1,0.999345,17.1132,31.1044,51.5606,74.1443,124.52,-2.47531,225.439,491.327,987.342,1307.51,848.403,3641.15,9389.2,16267.6,1222.79,1334.18,2606.26,620.31,514.735,203.989,134616,6086.58,8938.74,14.4336,9.1899,0,0,0.0452145,0,10.2716,56.6282,132.44,1203.41,1873.02,5662.97,0.00638398,0.00170292,4,3,10,0.769231,1,2.14566,1.35244,0.793219,0.0102941,0.38662,1526,0,0,0,0,0.001,0,0,0,0,0,0,0,0,0,0,0,0,0,0,0,0,0,0,0,0,0,0,0,0,0,0,0,0,0,0,0,0,0,0,0,0,17.1132,51.5606,12.4236,581.367,673.209,0,0.922866,-0.381887,0.0497946,0.999974,0.41257,0.00937275,0.834862,0.91,994.359,1241.7,1896.14,3503.14,216.439,815.186,1804.55,55.1118,2110.86,141.557,63.1071,0.198055,0.2342,1.15168,-0.35177,0,0,0,0,0,0,0,74.1443,0,0.985583,0,0,225.439,987.342,0,0,848.403,3641.15,0
1691509912957838831,1456,1452,4,0.997253,18.0808,33.8386,52.749,71.1019,139.791,-6.92314,212.175,484.848,1080.95,1355.5,773.082,3878.63,9971.92,15624.5,1434.08,1320.11,2646.14,616.686,619.119,231.239,139551,5874.12,8816.89,2.90186,2.93489,0,0,0.042093,0,10.5645,53.1092,132.786,1247.12,1991.56,5381.74,0.00826516,0.0013607,9,8,12,0.6,1,2.22004,1.4506,0.769448,0.00659782,0.180436,1452,0,0,0,0,0.001,0,0,0,0,0,0,0,0,0,0,0,0,0,0,0,0,0,0,0,0,0,0,0,0,0,0,0,0,0,0,0,0,0,0,0,0,18.0808,52.749,8.31428,558.044,689.642,0,0.920168,-0.388313,0.0500406,0.999976,0.399533,0.0106341,0.851852,0.92,991.772,1224.53,1890.58,3504.35,223.153,832.739,1754.04,47.2377,1997.44,147.147,69.9703,-0.216298,0.209092,-0.399318,-0.472868,0,0,0,0,0,0,0,71.1019,0,0.990358,0,0,212.175,1080.95,0,0,773.082,3878.63,0
1691509913056866592,1407,1406,1,0.999289,18.9123,35.8291,55.9887,73.9509,146.231,-4.46313,219.921,474.253,1054.21,1355.29,836.551,3827.84,9930.77,17795.4,1504.89,1279.27,2643.89,587.501,643.7,218.877,145757,5743.41,9050.41,5.23,3.06438,0,0,0.0394039,0,16.764,53.28,144.803,1176.5,2769.37,4889.69,0.000677833,0.000158519,4,3,9,0.75,1,2.40909,1.58705,0.822041,0.0142029,0.156354,1406,0,0,0,0,0.001,0,0,0,0,0,0,0,0,0,0,0,0,0,0,0,0,0,0,0,0,0,0,0,0,0,0,0,0,0,0,0,0,0,0,0,0,18.9123,55.9887,9.15246,550.112,721.736,0,0.920507,-0.387884,0.04703,0.999995,0.175311,0.031337,0.801802,0.89,980.251,1224.95,1886.03,3496.48,220.955,815.73,1751.89,56.8153,1951.66,147.558,62.9865,0.145764,0.291754,-0.158856,-0.107241,0,0,0,0,0,0,0,73.9509,0,0.987198,0,0,219.921,1054.21,0,0,836.551,3827.84,0
1691509913155706320,1329,1328,1,0.999248,19.3605,34.2436,54.2959,72.6279,126.614,-3.88971,222.72,508.875,1101.35,1400.95,875.905,3942.09,10739.5,17784.8,1494.98,1316.34,2610.23,605.968,690.288,264.386,154738,6353.05,9611.67,1.87221,1.79529,0,0,0.0410568,0,8.75913,53.1766,140.146,1137.08,2582.46,5690.05,0.0669179,0.00304584,5,4,8,0.666667,1,2.22001,1.48645,0.733563,0.00365027,0.375587,1328,0,0,0,0,0.001,0,0,0,0,0,0,0,0,0,0,0,0,0,0,0,0,0,0,0,0,0,0,0,0,0,0,0,0,0,0,0,0,0,0,0,0,19.3605,54.2959,13.0728,563.421,723.506,0,0.922441,-0.38297,0.0493499,0.999983,0.330484,0.016595,0.73913,0.85,996.236,1228.45,1939.12,3501.91,228.244,829.719,1844.33,54.1453,1957.35,147.355,57.4083,-0.0549195,-0.333212,0.0680351,0.331441,0,0,0,0,0,0,0,72.6279,0,0.991717,0,0,222.72,1101.35,0,0,875.905,3942.09,0
1691509913255147981,1227,1224,3,0.997555,21.0746,36.0936,56.7838,70.4276,111.921,-4.12486,232.617,535.691,1138.83,1394.24,907.122,4287.36,11809.3,18478.7,1587.96,1338.89,2943.69,605.875,672.527,280.879,164358,6723.49,10349.8,3.6793,3.67999,0,0,0.0409077,0,17.95,51.7735,140.14,1024.1,3421.07,5694.75,0.163937,0.0101792,5,5,7,0.583333,1,2.10653,1.41053,0.696002,0.00599884,0.253037,1224,0,0,0,0,0.001,0,0,0,0,0,0,0,0,0,0,0,0,0,0,0,0,0,0,0,0,0,0,0,0,0,0,0,0,0,0,0,0,0,0,0,0,21.0746,56.7838,12.6503,613.598,763.751,0,0.921928,-0.384259,0.0489205,0.999999,0.0832118,0.00940678,0.769912,0.87,1014.69,1229.45,1894.75,3500.95,228.904,814.844,1739.22,53.0267,1954.89,150.592,61.5362,-0.169599,0.208172,0.179479,-0.206951,0,0,0,0,0,0,0,70.4276,0,0.996732,0,0,232.617,1138.83,0,0,907.122,4287.36,0
1691509913356202344,1114,1112,2,0.998205,19.1811,36.2246,63.2638,80.1833,186.167,-2.85802,226.066,430.23,1046.76,1338.52,880.06,3895.39,12404.7,21179.1,1078.03,1160.12,2592.7,414.204,590.926,237.46,147218,5976.02,9134.92,1.98565,2.18632,0,0,0.040593,0,10.1168,48.8232,89.9254,620.155,3780.81,4585.09,0.00375585,0.000256158,11,10,16,0.615385,1,1.75228,1.00111,0.751178,0.0176935,0.224389,1112,0,0,0,0,0.001,0,0,0,0,0,0,0,0,0,0,0,0,0,0,0,0,0,0,0,0,0,0,0,0,0,0,0,0,0,0,0,0,0,0,0,0,19.1811,63.2638,21.3931,550.752,683.855,0,0.922414,-0.383218,0.0479171,0.999999,0.087391,0.0137001,0.680672,0.81,960.634,1211.33,1739.86,3498.11,211.352,803.509,1692.1,48.8047,2006.21,104.505,59.9307,0.132806,-0.141935,1.02091,0.102555,0,0,0,0,0,0,0,80.1833,0,0.979317,0,0,226.066,1046.76,0,0,880.06,3895.39,0
1691509913459343872,1229,1224,5,0.995932,17.5005,34.4764,56.5664,74.4181,146.387,0.261868,208.617,382.783,836.795,1244.14,740.494,3154.26,10057,14830.2,676.881,778.313,2220.23,291.367,518.224,178.756,135021,4310.34,6234.85,2.05241,2.03323,0,0,0.0319234,0,6.66342,28.6991,65.5414,291.359,2078.36,3764.22,0.0272684,0.00861421,7,7,12,0.631579,1,1.7875,1.05857,0.728926,0.00701265,0.251325,1224,0,0,0,0,0.001,0,0,0,0,0,0,0,0,0,0,0,0,0,0,0,0,0,0,0,0,0,0,0,0,0,0,0,0,0,0,0,0,0,0,0,0,17.5005,56.5664,10.8846,518.683,661.432,0,0.920629,-0.387429,0.048375,0.999989,0.263361,0.00644343,0.6,0.75,881.231,1148.88,1706.18,3499.71,205.512,768.261,1678.67,50.3862,1963.11,79.2412,46.3608,0.150898,-0.0326969,-0.0116523,0.0402248,0,0,0,0,0,0,0,74.4181,0,0.982843,0,0,208.617,836.795,0,0,740.494,3154.26,0
1691509913562886931,1484,1480,4,0.997305,17.1532,31.5641,49.703,64.3749,179.503,-3.93535,205.984,390.053,781.021,1178.73,690.358,3222.11,7121.98,12338.9,712.115,743.095,2415.56,277.224,594.088,182.129,120878,4510.6,6055.94,1.17279,1.07539,0,0,0.0373152,0,6.39492,40.9804,72.8205,607.146,965.344,4363.25,0.177957,0.00173253,5,4,8,0.666667,1,1.68897,0.983669,0.7053,0.0193331,0.187057,1480,0,0,0,0,0.001,0,0,0,0,0,0,0,0,0,0,0,0,0,0,0,0,0,0,0,0,0,0,0,0,0,0,0,0,0,0,0,0,0,0,0,0,17.1532,49.703,10.4988,492.142,625.36,0,0.920607,-0.387455,0.0485912,1,0.0125373,0.0460648,0.626016,0.77,819.547,1057.98,1642.44,2413.14,199.473,734.776,1628.22,42.6858,2068.75,75.671,40.1147,0.157281,0.247873,-0.154936,-0.240214,0,0,0,0,0,0,0,64.3749,0,0.993919,0,0,205.984,781.021,0,0,690.358,3222.11,0
1691509913666498219,1415,1411,4,0.997173,18.6504,32.49,50.1426,64.0513,155.156,-2.72863,208.711,382.732,823.681,1191.06,718.152,3222.13,8617.18,15049.3,782.054,785.563,2259.32,317.043,516.093,156.031,124698,4507.7,6748.6,3.23432,2.8177,0,0,0.0361488,0,7.32727,33.646,75.4547,614.275,2053.02,3964.88,0.128623,0.00376677,4,3,8,0.727273,1,1.71243,1.01988,0.692555,0.00760895,0.292563,1411,0,0,0,0,0.001,0,0,0,0,0,0,0,0,0,0,0,0,0,0,0,0,0,0,0,0,0,0,0,0,0,0,0,0,0,0,0,0,0,0,0,0,18.6504,50.1426,13.1375,538.838,661.025,0,0.921608,-0.385087,0.0484511,0.999997,0.147521,0.068741,0.639344,0.78,850.595,1112.4,1751.65,3499.53,210.671,742.157,1678.9,38.9268,2130.14,77.9083,48.9058,-0.0625384,0.439402,0.0620854,-0.509717,0,0,0,0,0,0,0,64.0513,0,0.991495,0,0,208.711,823.681,0,0,718.152,3222.13,0
1691509913770990246,1329,1328,1,0.999248,18.6575,33.6347,53.3804,66.1562,180.724,-3.56605,226.139,425.761,979.316,1281.95,795.709,3516.02,9219.34,15738.1,1027.78,873.229,2532.91,414.026,616.046,155.405,128348,4868.05,7536.34,3.02174,2.96751,0,0,0.0379286,0,3.25569,22.0914,101.367,951.823,2246.67,4211.14,0.0128632,0.00234761,8,7,10,0.588235,1,2.65333,1.95094,0.702382,0.0237726,0.418893,1328,0,0,0,0,0.001,0,0,0,0,0,0,0,0,0,0,0,0,0,0,0,0,0,0,0,0,0,0,0,0,0,0,0,0,0,0,0,0,0,0,0,0,18.6575,53.3804,13.5532,558.684,668.763,0,0.923537,-0.380239,0.0499736,0.999985,0.311448,0.0245454,0.626016,0.77,957.515,1211.37,1886.32,3502.78,214.734,791.789,1773.27,46.8761,2056.45,107.948,44.1866,0.130245,-0.19032,0.133706,0.139535,0,0,0,0,0,0,0,66.1562,0,0.990964,0,0,226.139,979.316,0,0,795.709,3516.02,0
1691509913874867288,1367,1362,5,0.996342,19.0763,32.8974,55.8532,72.4278,157.595,-0.116341,218.994,409.551,857.549,1265.61,773.133,3387.15,9263.77,16945,990.043,850.855,2345.24,349.848,565.645,190.004,134920,4744.44,7425.05,3.98767,3.85961,0,0,0.0351648,0,9.10053,32.9242,90.4604,856.301,2492.05,3944.21,0.00311127,0.000660151,6,5,9,0.642857,1,3.6101,2.79219,0.817913,0.00980235,0.486922,1362,0,0,0,0,0.001,0,0,0,0,0,0,0,0,0,0,0,0,0,0,0,0,0,0,0,0,0,0,0,0,0,0,0,0,0,0,0,0,0,0,0,0,19.0763,55.8532,21.5229,539.784,680.693,0,0.925469,-0.375593,0.0493604,0.999987,0.29042,0.00869718,0.834862,0.91,922.64,1201.42,1854.91,3500.37,216.656,797.897,1752.12,64.035,2006.77,97.3918,50.4846,-0.250686,0.682215,0.286071,-0.674873,0,0,0,0,0,0,0,72.4278,0,0.979442,0,0,218.994,857.549,0,0,773.133,3387.15,0
1691509913976755819,1445,1438,6,0.995156,18.9886,34.1508,57.7739,74.1796,166.82,-0.0291468,213.972,414.267,897.559,1203.32,750.76,3551.75,9613.95,17817.9,995.13,1198.27,2502.83,311.439,544.648,275.353,145868,5002.07,7597.88,9.12451,1.279,0,0,0.0342918,0,5.73071,48.5386,92.5975,779.081,2300.25,4371.69,7.17001e-05,6.20457e-06,3,3,8,0.727273,1,2.42621,1.51352,0.912689,0.0431885,0.142914,1438,0,0,0,0,0.001,0,0,0,0,0,0,0,0,0,0,0,0,0,0,0,0,0,0,0,0,0,0,0,0,0,0,0,0,0,0,0,0,0,0,0,0,18.9886,57.7739,23.7001,546.768,706.532,0,0.921643,-0.384833,0.0497784,0.99995,0.573538,0.0800272,0.724138,0.84,907.89,1162.88,1701.93,3502.76,215.727,767.075,1616.74,64.1587,2115.59,97.0499,56.3627,-0.461241,-0.410093,-0.413273,0.529877,0,0,0,0,0,0,0,74.1796,0,0.975661,0,0,213.972,897.559,0,0,750.76,3551.75,0
1691509914077942955,1423,1420,3,0.997892,18.9189,35.5342,58.2657,78.5385,162.269,-0.517853,196.565,373.967,841.247,1228.14,708.79,3362.31,9349.71,16601.8,983.019,1129.05,2258.79,289.165,500.647,270.329,212021,4679.93,7386.39,7.17693,7.18546,0,0,0.0220729,0,8.72877,36.7715,98.8436,785.468,2764.68,3691.9,0.116751,0.00514768,10,10,15,0.6,1,2.2471,1.38099,0.866112,0.0107916,0.458471,1420,0,0,0,0,0.001,0,0,0,0,0,0,0,0,0,0,0,0,0,0,0,0,0,0,0,0,0,0,0,0,0,0,0,0,0,0,0,0,0,0,0,0,18.9189,58.2657,19.9419,603.26,709.798,0,0.922379,-0.382989,0.0503616,0.999998,0.118595,0.0369009,0.612903,0.76,982.078,1212.21,1847.55,3504.03,213.866,813.992,1708.64,52.9429,2212.92,103.663,46.4704,-0.129187,0.379819,0.301223,-0.407465,0,0,0,0,0,0,0,78.5385,0,0.985211,0,0,196.565,841.247,0,0,708.79,3362.31,0
1691509914177866800,1552,1547,4,0.996778,17.003,32.5206,52.2693,69.735,126.983,0.524838,212.643,423.864,878.933,1227.88,789.924,3668.44,10060.6,16754.9,1277.2,1077.49,2552.22,347.674,584.24,269.78,157011,6275.22,9523,4.1526,4.03838,0,0,0.0399669,0,10.058,35.1525,99.033,1206.35,2583.22,5589.18,0.124917,0.0157771,5,4,10,0.714286,1,2.62284,1.84784,0.774996,0.0085798,0.37258,1547,0,0,0,0,0.001,0,0,0,0,0,0,0,0,0,0,0,0,0,0,0,0,0,0,0,0,0,0,0,0,0,0,0,0,0,0,0,0,0,0,0,0,17.003,52.2693,14.6171,630.394,742.989,0,0.922583,-0.382309,0.051771,0.999999,0.0904131,0.0431119,0.680672,0.81,995.008,1237.39,1895.84,3507.58,216.668,816.522,1734.62,56.8964,2329.51,105.084,38.9457,-0.083746,0.246855,0.0975779,-0.281587,0,0,0,0,0,0,0,69.735,0,0.992889,0,0,212.643,878.933,0,0,789.924,3668.44,0
1691509914275434328,1421,1418,3,0.997889,17.7937,33.8829,51.6537,67.7879,132.099,-1.71522,218.555,411.703,959.993,1331.28,830.66,3933.5,9631.74,14927.7,1477,1305.46,2674.32,489.49,614.97,297.167,162134,5986.88,8899.98,3.52547,2.14966,0,0,0.0369255,0,10.6783,34.6659,88.4698,1222.49,2056.38,5487.3,0.00334875,0.00027975,3,3,10,0.769231,1,2.48751,1.77446,0.713051,0.00546079,0.181485,1418,0,0,0,0,0.001,0,0,0,0,0,0,0,0,0,0,0,0,0,0,0,0,0,0,0,0,0,0,0,0,0,0,0,0,0,0,0,0,0,0,0,0,17.7937,51.6537,13.4232,675.079,751.498,0,0.919852,-0.389239,0.04863,0.999967,0.463191,0.107002,0.73913,0.85,1035.62,1224.26,1889.34,3500.32,222.46,839.423,1722.93,51.1205,2365.16,96.996,39.3336,-0.15593,-0.694449,0.444605,0.501774,0,0,0,0,0,0,0,67.7879,0,0.995063,0,0,218.555,959.993,0,0,830.66,3933.5,0
1691509914372716405,1389,1385,3,0.99712,18.2917,32.705,59.7714,73.9036,159.679,-3.24851,223.999,427.758,906.146,1207.67,834.054,3915.74,9187.68,20120,1297.12,1111.77,2738.56,493.833,588.047,239.559,159397,5719.81,8218.23,1.09147,1.33413,0,0,0.0358841,0,5.91992,32.3834,72.3969,1102.44,1637.23,5367.87,0.0070598,0.00060074,4,4,11,0.733333,1,2.14733,1.36475,0.782585,0.0134151,0.142364,1385,0,0,0,0,0.001,0,0,0,0,0,0,0,0,0,0,0,0,0,0,0,0,0,0,0,0,0,0,0,0,0,0,0,0,0,0,0,0,0,0,0,0,18.2917,59.7714,11.8489,653.745,747.406,0,0.918475,-0.392348,0.0496733,0.999994,0.203792,0.0342665,0.851852,0.92,1034.24,1221.84,1884.93,3503.41,225.688,832.181,1712.63,56.7027,2272.94,77.4019,31.0116,-0.429385,0.076589,-0.456766,0.0364844,0,0,0,0,0,0,0,73.9036,0,0.992058,0,0,223.999,906.146,0,0,834.054,3915.74,0
1691509914470060847,1562,1557,5,0.996799,17.5201,33.5371,53.9075,74.1262,141.111,-2.4882,219.153,415.306,886.439,1255.46,777.495,3648.8,8579.28,17467.1,1258.07,1141.84,2584.56,548.863,544.076,190.386,151017,5812.22,8942.55,5.15418,5.16807,0,0,0.0384871,0,13.4518,39.3663,81.1661,1286.42,2377.7,5144.44,0.0510715,0.00532929,8,7,14,0.666667,1,2.25277,1.40504,0.847734,0.00384092,0.100316,1557,0,0,0,0,0.001,0,0,0,0,0,0,0,0,0,0,0,0,0,0,0,0,0,0,0,0,0,0,0,0,0,0,0,0,0,0,0,0,0,0,0,0,17.5201,53.9075,10.6994,635.001,737.3,0,0.920934,-0.386593,0.0492552,0.99998,0.359407,0.00922641,0.709402,0.83,997.54,1192.82,1732.65,2408.56,223.627,817.892,1693.34,53.3748,2295.87,85.6123,38.0761,0.0396446,-0.519972,-0.245041,0.552542,0,0,0,0,0,0,0,74.1262,0,0.989082,0,0,219.153,886.439,0,0,777.495,3648.8,0
1691509914566881785,1552,1548,4,0.997423,16.6064,32.825,53.179,71.9239,154.767,-2.3963,218.667,413.996,833.67,1264.81,778.83,3560.9,8176.73,19263.9,1193.06,1171.54,2581.36,539.322,514.989,140.407,142891,5230.13,7667.59,1.29621,1.25178,0,0,0.0366022,0,5.4234,40.2384,88.4428,1180.68,1477.63,4875.18,0.00174108,0.000188735,7,6,9,0.6,1,2.11144,1.25887,0.852576,0.0137102,0.244389,1548,0,0,0,0,0.001,0,0,0,0,0,0,0,0,0,0,0,0,0,0,0,0,0,0,0,0,0,0,0,0,0,0,0,0,0,0,0,0,0,0,0,0,16.6064,53.179,12.0707,595.67,706.259,0,0.919769,-0.389106,0.0512089,0.999994,0.194218,0.0316723,0.754386,0.86,992.049,1199.97,1886.27,3507,224.244,826.554,1725.67,48.6779,2277.45,89.9988,42.6506,0.293776,0.215809,-0.275045,-0.211689,0,0,0,0,0,0,0,71.9239,0,0.98385,0,0,218.667,833.67,0,0,778.83,3560.9,0
1691509914662914684,1594,1593,1,0.999373,15.8415,32.7183,54.5408,72.7996,138.614,-3.46991,213.063,399.496,863.69,1285.32,764.24,3507.53,8379.96,12855.9,1055.9,1184.1,2445.45,557.283,471.338,125.008,141368,4883.17,7552.09,5.22596,5.34235,0,0,0.0345423,0,4.76728,45.7522,83.8785,1253.36,1804.32,4360.01,0.0456104,0.00593646,8,8,12,0.6,1,2.72574,1.90497,0.820764,0.0120128,0.488023,1593,0,0,0,0,0.001,0,0,0,0,0,0,0,0,0,0,0,0,0,0,0,0,0,0,0,0,0,0,0,0,0,0,0,0,0,0,0,0,0,0,0,0,15.8415,54.5408,16.6763,559.803,684.52,0,0.921744,-0.384323,0.0518126,0.999986,0.298473,0.011749,0.754386,0.86,979.658,1194.34,1886.44,3507.98,225.446,821.051,1746.6,65.0733,2274.28,89.914,43.5782,0.195339,0.00690054,-0.0707144,-0.000124759,0,0,0,0,0,0,0,72.7996,0,0.993095,0,0,213.063,863.69,0,0,764.24,3507.53,0
1691509914758743498,1557,1557,0,1,18.0659,34.5018,55.1054,72.3526,156.135,-6.45383,207.547,382.939,862.179,1295.38,736.104,3729.79,8319.84,16663.2,1241.23,1191.61,2738.45,550.282,552.758,157.282,143107,5623.46,8195.52,2.90178,2.90281,0,0,0.0392955,0,5.97142,40.7022,79.4155,1361.16,1448.6,5259.66,0.076883,0.01198,7,7,7,0.5,1,2.21597,1.34012,0.875849,0.0124285,0.385598,1557,0,0,0,0,0.001,0,0,0,0,0,0,0,0,0,0,0,0,0,0,0,0,0,0,0,0,0,0,0,0,0,0,0,0,0,0,0,0,0,0,0,0,18.0659,55.1054,15.7697,567.704,689.526,0,0.921037,-0.38625,0.0500143,0.999996,0.156324,0.0427971,0.818182,0.9,979.758,1180.14,1841.12,3232.37,216.876,822.663,1730.79,55.393,2270,83.5091,38.4906,0.0161834,-0.148573,0.00364753,0.147739,0,0,0,0,0,0,0,72.3526,0,0.990366,0,0,207.547,862.179,0,0,736.104,3729.79,0
1691509914856103825,1457,1453,4,0.997255,15.9541,33.8866,56.056,75.7283,144.187,-5.38488,210.942,391.797,849.371,1210.95,744.704,3456.67,8563.07,19924.3,1259.35,1243.17,2477.25,508.315,499.114,188.187,153845,4722.54,7405.62,1.71216,1.92326,0,0,0.0306968,0,5.83223,41.3246,71.1211,1124.11,2071.86,4091.37,0.0119296,0.000965586,10,9,9,0.5,1,1.96777,1.16444,0.803335,0.0104919,0.105891,1453,0,0,0,0,0.001,0,0,0,0,0,0,0,0,0,0,0,0,0,0,0,0,0,0,0,0,0,0,0,0,0,0,0,0,0,0,0,0,0,0,0,0,15.9541,56.056,10.561,589.258,721.181,0,0.919782,-0.389269,0.049705,0.999995,0.188171,0.0207319,0.73913,0.85,984.358,1181.55,1766.19,2402.82,220.444,826.716,1594.46,52.7899,2312.53,70.0364,39.7183,0.147189,-0.051092,-0.561412,-0.15734,0,0,0,0,0,0,0,75.7283,0,0.988988,0,0,210.942,849.371,0,0,744.704,3456.67,0
1691509914953906508,1426,1423,3,0.997896,17.6936,32.9974,54.4152,69.9768,135.314,-4.61531,209.079,401.8,848.227,1275.78,757.729,3480.16,9087.98,16816.3,1192.19,1038.97,2405.7,528.029,540.322,195.103,185656,4992.78,7719.54,6.47628,6.5942,0,0,0.0268926,0,2.31363,36.8431,92.9378,1074.17,2126.89,4386.38,0.00480241,0.00150385,6,5,14,0.736842,1,2.05838,1.29858,0.759801,0.0183633,0.433821,1423,0,0,0,0,0.001,0,0,0,0,0,0,0,0,0,0,0,0,0,0,0,0,0,0,0,0,0,0,0,0,0,0,0,0,0,0,0,0,0,0,0,0,17.6936,54.4152,13.8387,617.908,725.253,0,0.922198,-0.383622,0.0488253,0.999981,0.355484,0.0478081,0.724138,0.84,986.464,1197.85,1887.2,3500.16,217.167,823.572,1777.25,58.6803,2314.36,92.8222,33.9009,0.470891,-0.211988,0.0993078,0.169806,0,0,0,0,0,0,0,69.9768,0,0.988756,0,0,209.079,848.227,0,0,757.729,3480.16,0
1691509915052549368,1332,1332,0,1,18.6771,37.4509,62.941,81.0442,148.712,-4.87575,214.128,402.725,936.165,1303.54,734.843,3893.16,9434.63,15835.1,1334.19,1152.59,2643.2,451.693,601.618,224.401,160287,5388.69,8306.46,4.28687,4.52643,0,0,0.0336191,0,8.40683,48.202,79.966,1116.2,2321.42,4732.26,0.00146651,0.000537303,6,5,9,0.642857,1,2.0437,1.13604,0.907656,0.0162483,0.146045,1332,0,0,0,0,0.001,0,0,0,0,0,0,0,0,0,0,0,0,0,0,0,0,0,0,0,0,0,0,0,0,0,0,0,0,0,0,0,0,0,0,0,0,18.6771,62.941,12.1028,630.942,745.955,0,0.920266,-0.388385,0.0476137,0.999986,0.30257,0.0946341,0.769912,0.87,987.582,1207.17,1879.46,3497.6,214.549,817.806,1775.51,53.2739,2314.19,81.6213,44.7821,0.125072,-0.289407,-0.150475,0.335833,0,0,0,0,0,0,0,81.0442,0,0.97973,0,0,214.128,936.165,0,0,734.843,3893.16,0
1691509915154110419,1349,1343,5,0.995552,18.3193,37.4408,60.7335,78.2005,136.001,-3.41752,208.997,389.139,799.737,1218.82,694.155,3400.75,9163.6,19311,845.991,880.008,2441.6,329.31,544.54,214.384,147875,4600.67,7104.85,3.59858,4.10908,0,0,0.031112,0,1.57901,42.0397,68.0068,615.021,2719.63,3658.57,0.00506049,0.000631508,6,5,12,0.705882,1,2.09716,1.23192,0.865244,0.0243201,0.169251,1343,0,0,0,0,0.001,0,0,0,0,0,0,0,0,0,0,0,0,0,0,0,0,0,0,0,0,0,0,0,0,0,0,0,0,0,0,0,0,0,0,0,0,18.3193,60.7335,14.1737,584.427,688.399,0,0.920992,-0.386265,0.0507232,0.999993,0.219619,0.0188089,0.626016,0.77,937.232,1097.37,1522.99,3234.12,202.142,800.425,1461.93,53.8047,2333.28,73.2984,35.7008,0.302138,0.171584,-0.761496,-0.0118254,0,0,0,0,0,0,0,78.2005,0,0.98064,0,0,208.997,799.737,0,0,694.155,3400.75,0
1691509915256889691,1362,1361,1,0.999266,17.4246,37.7977,59.35,71.2096,148.74,-3.17417,211.577,382.928,766.493,1200.53,674.253,3284.14,8866.09,17224.1,652.423,1047.06,2359.43,264.375,562.261,219.239,137505,4364.91,6680.75,1.76089,1.88583,0,0,0.0317437,0,3.17548,37.0198,53.2105,560.684,2477.83,3548.83,0.00627632,0.000700674,5,4,12,0.75,1,2.01032,1.20595,0.80437,0.00508825,0.20203,1361,0,0,0,0,0.001,0,0,0,0,0,0,0,0,0,0,0,0,0,0,0,0,0,0,0,0,0,0,0,0,0,0,0,0,0,0,0,0,0,0,0,0,17.4246,59.35,12.9509,526.617,657.432,0,0.920551,-0.387404,0.0500334,0.999999,0.0803689,0.0132077,0.652893,0.79,884.152,1067.07,1497.82,2317.27,200.129,757.278,1468.86,55.3502,2375.91,59.9898,30.1148,0.058624,0.0522929,-0.471902,-0.0641303,0,0,0,0,0,0,0,71.2096,0,0.990448,0,0,211.577,766.493,0,0,674.253,3284.14,0
1691509915360466618,1611,1611,0,1,17.4058,32.917,54.9119,69.8405,161.647,-3.00134,202.668,357.141,673.619,1048.33,614.251,2741.71,7592.74,16155.4,624.053,865.881,2041.46,225.318,542.893,206.02,116774,3901.08,5634.64,2.70984,2.72222,0,0,0.033407,0,6.27238,31.077,49.7849,390.512,1639.06,3517.94,0.00522965,0.00122721,7,7,13,0.65,1,1.87871,1.03829,0.840421,0.00778717,0.31313,1611,0,0,0,0,0.001,0,0,0,0,0,0,0,0,0,0,0,0,0,0,0,0,0,0,0,0,0,0,0,0,0,0,0,0,0,0,0,0,0,0,0,0,17.4058,54.9119,10.0094,479.472,565.519,0,0.919658,-0.389677,0.0487887,0.999996,0.157071,0.07401,0.639344,0.78,828.004,1009.93,1464.02,2401.34,204.051,758.237,1460.54,45.1403,2519.13,54.9866,29.1117,-0.0841343,0.111625,-0.255201,-0.161382,0,0,0,0,0,0,0,69.8405,0,0.994413,0,0,202.668,673.619,0,0,614.251,2741.71,0
1691509915464238720,1591,1590,1,0.999371,16.5575,32.6253,52.738,66.0703,158.232,-3.06649,208.322,354.925,641.623,965.884,653.587,2601.21,7444.2,11230.9,813.08,714.468,1962.45,231.315,514.49,169.794,131581,3470.76,5205.67,5.23095,5.24756,0,0,0.0263775,0,5.85686,19.7399,46.9476,557.965,1491.91,3083.25,0.00926863,0.00188653,7,6,12,0.666667,1,1.77533,0.966408,0.808922,0.00197471,0.32968,1590,0,0,0,0,0.001,0,0,0,0,0,0,0,0,0,0,0,0,0,0,0,0,0,0,0,0,0,0,0,0,0,0,0,0,0,0,0,0,0,0,0,0,16.5575,52.738,9.51363,512.183,639.304,0,0.920159,-0.388483,0.0488632,0.999999,0.0743136,0.0798954,0.73913,0.85,842.358,1006.21,1451.34,2173.72,208.479,748.101,1426.63,41.2149,2508.99,49.8015,21.266,-0.116827,0.215168,-0.15263,-0.233074,0,0,0,0,0,0,0,66.0703,0,0.989937,0,0,208.322,641.623,0,0,653.587,2601.21,0
1691509915568043687,1482,1479,2,0.997976,17.0592,35.2489,59.3035,72.6497,192.934,-2.87425,212.167,374.162,775.111,1194.12,694.275,3321.42,8929.75,14630.8,1149.25,772.763,2439.25,329.355,545.872,162.633,126237,4495.98,6944.91,4.68224,3.37804,0,0,0.0356155,0,3.83427,42.7857,59.3315,1005.69,1871.73,3961.53,0.00121354,0.000253547,4,4,8,0.666667,1,1.9765,1.03391,0.942589,0.019378,0.191669,1479,0,0,0,0,0.001,0,0,0,0,0,0,0,0,0,0,0,0,0,0,0,0,0,0,0,0,0,0,0,0,0,0,0,0,0,0,0,0,0,0,0,0,17.0592,59.3035,10.6249,545.846,607.529,0,0.921337,-0.38566,0.0490465,0.999995,0.175589,0.217048,0.666667,0.8,886.485,1057.38,1550.96,2401.94,215.824,774.156,1482.23,50.4225,2605.56,64.6366,37.2905,-0.267592,0.162208,-0.24474,-0.17104,0,0,0,0,0,0,0,72.6497,0,0.975659,0,0,212.167,775.111,0,0,694.275,3321.42,0
1691509915671936422,1314,1311,2,0.997717,16.493,32.9915,59.0668,75.4594,182.586,-2.96692,206.432,378.341,760.94,1213.55,688.079,3376.26,8992.32,14556.7,1129.72,878.753,2234.62,362.679,536.489,140.935,136437,4079.86,6342.37,4.11083,4.11788,0,0,0.0299028,0,5.84676,30.2892,60.8505,942.297,1731.94,3571.15,0.0114577,0.00158453,10,10,14,0.583333,1,1.96353,1.14932,0.814207,0.0425212,0.26422,1311,0,0,0,0,0.001,0,0,0,0,0,0,0,0,0,0,0,0,0,0,0,0,0,0,0,0,0,0,0,0,0,0,0,0,0,0,0,0,0,0,0,0,16.493,59.0668,11.2579,560.419,659.323,0,0.920878,-0.386728,0.0492511,0.999999,0.067611,0.107094,0.680672,0.81,940.746,1119.77,1729.57,3501.61,215.593,799.96,1591.99,54.2036,2511.06,66.9045,26.3854,-0.0712246,-0.161838,-0.432658,0.0923161,0,0,0,0,0,0,0,75.4594,0,0.979405,0,0,206.432,760.94,0,0,688.079,3376.26,0
1691509915775014209,1370,1369,1,0.99927,17.5289,35.6058,57.5551,75.1137,183.238,-2.83406,212.598,377.949,778.737,1226.1,714.978,3308.72,9171.56,16423.9,1123.48,893.947,2197.87,345.83,543.964,159.303,136602,4456.44,6970.66,4.17861,3.77378,0,0,0.0326234,0,3.88729,41.4046,73.538,972.431,2038.76,3840.64,0.0103737,0.00116276,4,3,11,0.785714,1,1.88201,1.02377,0.858241,0.00847243,0.26569,1369,0,0,0,0,0.001,0,0,0,0,0,0,0,0,0,0,0,0,0,0,0,0,0,0,0,0,0,0,0,0,0,0,0,0,0,0,0,0,0,0,0,0,17.5289,57.5551,16.5677,535.609,671.823,0,0.921573,-0.38503,0.0495444,0.999998,0.106437,0.0448844,0.785714,0.88,931.188,1106.42,1779.72,3502.16,215.892,804.199,1715.81,49.9888,2370.73,77.7554,31.8243,0.138604,-0.232979,-0.454517,0.270958,0,0,0,0,0,0,0,75.1137,0,0.981008,0,0,212.598,778.737,0,0,714.978,3308.72,0
1691509915876250644,1276,1273,3,0.997649,19.4003,37.8873,59.4365,77.8727,178.638,-3.5298,210.699,383.014,781.995,1147.3,702.245,3224.87,9257.39,20941.5,1011.96,1145.62,2176.71,357.394,521.221,221.906,141984,4155.62,6482.25,3.68189,3.83858,0,0,0.0292683,0,3.53425,42.6972,62.0473,823.337,2006.92,3543.71,0.00143976,0.000304119,4,4,10,0.714286,1,1.86504,1.00216,0.862883,0.0166542,0.166034,1273,0,0,0,0,0.001,0,0,0,0,0,0,0,0,0,0,0,0,0,0,0,0,0,0,0,0,0,0,0,0,0,0,0,0,0,0,0,0,0,0,0,0,19.4003,59.4365,13.9067,535.126,689.967,0,0.922019,-0.384066,0.0487301,0.999999,0.0766943,0.0318654,0.724138,0.84,922.458,1136.99,1647.59,3499.92,216.396,800.089,1591.37,52.3433,2409.96,63.9003,36.9322,-0.123349,0.334513,-0.786747,-0.0826684,0,0,0,0,0,0,0,77.8727,0,0.981932,0,0,210.699,781.995,0,0,702.245,3224.87,0
1691509915977373932,1317,1314,2,0.997722,19.5731,35.5373,57.4581,72.3094,183.427,-3.95638,211.999,394.903,915.117,1281.27,701.001,3589.45,8627.64,22023.4,1281.54,1288.11,2434.35,271.707,649.903,286.005,160198,4544.56,7177.41,5.97349,5.74295,0,0,0.0283684,0,1.49745,42.3568,61.7071,1018.23,2224.49,3829.13,0.00955058,0.00138063,6,5,9,0.642857,1,1.96697,1.11236,0.854603,0.0341337,0.447518,1314,0,0,0,0,0.001,0,0,0,0,0,0,0,0,0,0,0,0,0,0,0,0,0,0,0,0,0,0,0,0,0,0,0,0,0,0,0,0,0,0,0,0,19.5731,57.4581,19.3335,610.271,707.396,0,0.922871,-0.382081,0.0481974,0.999998,0.127449,0.0258958,0.626016,0.77,974.561,1138.01,1591.34,3498.21,215.352,795.159,1484.28,49.2939,2572.31,62.673,35.0243,0.291402,-0.0134898,-0.526088,0.240471,0,0,0,0,0,0,0,72.3094,0,0.978691,0,0,211.999,915.117,0,0,701.001,3589.45,0
1691509916076329321,1430,1430,0,1,17.7454,36.5393,59.325,76.3124,204.732,-1.12184,219.378,419.448,879.457,1257.83,782.241,3725.43,9947.86,23733,1284.17,1289.85,2483.15,294.506,616.796,327.208,157784,6122.63,9673.21,6.6631,6.67545,0,0,0.0388039,0,6.45061,52.5073,68.1788,1208.37,3375.03,4962.68,0.0623414,0.00367154,6,6,11,0.647059,1,2.62144,1.67887,0.942571,0.00906261,0.240457,1430,0,0,0,0,0.001,0,0,0,0,0,0,0,0,0,0,0,0,0,0,0,0,0,0,0,0,0,0,0,0,0,0,0,0,0,0,0,0,0,0,0,0,17.7454,59.325,11.3369,623.778,730.886,0,0.920495,-0.387986,0.0464389,0.999978,0.378342,0.0382319,0.666667,0.8,987.236,1167.71,1871.37,3494.4,212.083,825.267,1714.01,53.5849,2644.24,67.7262,45.1305,0.166359,-0.250939,-0.36578,0.20353,0,0,0,0,0,0,0,76.3124,0,0.979021,0,0,219.378,879.457,0,0,782.241,3725.43,0
1691509916174930257,1553,1547,5,0.996137,17.0255,31.0401,52.193,64.0142,142.011,-1.4665,210.414,431.337,894.852,1287.59,781.104,3695.94,9173.04,18154.5,1352.51,1416.91,2439.95,335.618,627.475,341.686,168586,5903.54,9056.41,5.81501,5.79274,0,0,0.035018,0,7.47379,39.6592,85.0154,1324.71,2348.67,5250.88,0.0215299,0.0024518,11,11,15,0.576923,1,2.31466,1.60161,0.713042,0.0453149,0.107228,1547,0,0,0,0,0.001,0,0,0,0,0,0,0,0,0,0,0,0,0,0,0,0,0,0,0,0,0,0,0,0,0,0,0,0,0,0,0,0,0,0,0,0,17.0255,52.193,10.0301,671.335,734.635,0,0.920426,-0.388095,0.04689,1,0.0268865,0.0639165,0.769912,0.87,1012.95,1212.52,1872.53,3224.55,215.839,827.714,1723.78,55.2472,2684.45,93.0782,35.5695,0.156094,-0.182049,-0.572791,0.182744,0,0,0,0,0,0,0,64.0142,0,0.996122,0,0,210.414,894.852,0,0,781.104,3695.94,0
1691509916272807198,1465,1463,2,0.998635,17.4681,32.9112,54.1812,69.0745,168.38,-1.63879,220.963,420.083,901.909,1328.62,781.144,3675.25,9888.7,17481.3,1467.64,1340.99,2490.9,430.19,616.824,324.949,164967,6116.51,9167.84,6.4144,6.42057,0,0,0.0370771,0,5.79278,35.6125,64.333,1334.74,2165.36,5562.01,0.0282714,0.00269271,6,5,14,0.736842,1,2.64501,1.88226,0.762759,0.00303165,0.198474,1463,0,0,0,0,0.001,0,0,0,0,0,0,0,0,0,0,0,0,0,0,0,0,0,0,0,0,0,0,0,0,0,0,0,0,0,0,0,0,0,0,0,0,17.4681,54.1812,11.6373,673.116,760.246,0,0.921114,-0.386451,0.0469528,0.999998,0.102219,0.0373815,0.869159,0.93,1013.8,1210.98,1837.87,3495.52,217.888,825.831,1718.94,56.8285,2791.13,70.8425,33.2536,0.200273,-0.4329,-0.536939,0.473003,0,0,0,0,0,0,0,69.0745,0,0.991798,0,0,220.963,901.909,0,0,781.144,3675.25,0
1691509916370532401,1498,1497,1,0.999332,17.1966,32.9005,52.9164,66.5962,170.833,-3.57603,207.691,389.706,842.321,1216.45,785.153,3249.96,8705.11,20530.3,1121.72,1179.92,2238.33,464.033,524.681,251.697,162464,5267.42,7716.23,4.74366,4.32146,0,0,0.032422,0,1.7488,36.4658,62.3633,1151.26,1570.72,4893.66,0.108705,0.00970651,3,3,7,0.7,1,2.63385,1.88988,0.743972,0.00706051,0.225361,1497,0,0,0,0,0.001,0,0,0,0,0,0,0,0,0,0,0,0,0,0,0,0,0,0,0,0,0,0,0,0,0,0,0,0,0,0,0,0,0,0,0,0,17.1966,52.9164,12.0803,675.092,748.828,0,0.92024,-0.388391,0.0480728,0.999997,0.137819,0.013273,0.801802,0.89,991.127,1166.74,1779.47,3227.48,222.294,816.462,1623.96,53.4098,2795.26,71.4874,33.8272,0.333821,-0.541109,-0.449685,0.367509,0,0,0,0,0,0,0,66.5962,0,0.99332,0,0,207.691,842.321,0,0,785.153,3249.96,0
1691509916467897367,1407,1406,1,0.999289,17.4042,33.3703,55.7122,70.9119,123.508,-5.17651,223.931,414.228,839.177,1215.83,811.522,3564.08,9119.54,15530.4,1275.17,1239.07,2423.38,522.474,529.84,208.798,153865,5182.96,7777.83,38.0158,4.98463,0,0,0.0336852,0,3.42828,37.2439,69.25,1080.9,1880.31,4706.69,0.000137505,2.72609e-05,2,2,8,0.8,1,2.25695,1.53418,0.722768,0.00980389,0.221842,1406,0,0,0,0,0.001,0,0,0,0,0,0,0,0,0,0,0,0,0,0,0,0,0,0,0,0,0,0,0,0,0,0,0,0,0,0,0,0,0,0,0,0,17.4042,55.7122,12.6697,637.717,723.613,0,0.920588,-0.387731,0.0467202,0.999999,0.0885268,0.0611654,0.834862,0.91,986.473,1176.44,1719.2,3224.12,227.337,827.98,1616.54,50.9545,2664.38,77.4312,32.757,0.0637977,-0.470454,-0.257622,0.314195,0,0,0,0,0,0,0,70.9119,0,0.996444,0,0,223.931,839.177,0,0,811.522,3564.08,0
1691509916564908577,1303,1301,2,0.998465,18.6293,34.7223,58.7313,71.7732,146.533,-6.89116,222.963,451.504,838.548,1187.68,901.961,3739.67,10949.6,15827.1,1127.32,1532.66,2691.09,552.824,496.354,176.71,152428,5535.71,8425.35,8.2337,4.31521,0,0,0.0363169,0,3.97492,43.0414,60.2604,1051.28,2382.34,4884.45,0.0004123,7.49217e-05,3,2,9,0.818182,1,2.01547,1.26047,0.754995,0.018281,0.448369,1301,0,0,0,0,0.001,0,0,0,0,0,0,0,0,0,0,0,0,0,0,0,0,0,0,0,0,0,0,0,0,0,0,0,0,0,0,0,0,0,0,0,0,18.6293,58.7313,14.4147,612.145,705.44,0,0.922303,-0.383695,0.0462049,0.99999,0.252949,0.0170955,0.869159,0.93,979.73,1148.99,1636.88,2400.59,222.567,829.85,1608.2,48.5397,2500.98,65.0351,39.3464,-0.0604006,0.194464,-0.784572,-0.0119878,0,0,0,0,0,0,0,71.7732,0,0.986164,0,0,222.963,838.548,0,0,901.961,3739.67,0
1691509916662137883,1322,1321,1,0.999244,18.0957,34.4693,57.2217,70.9641,141.152,-6.80084,218.48,457.153,859.647,1168.36,873.475,3988.02,10084.6,24977.3,1261.38,1492.7,2763.66,580.845,495.145,181.475,154931,6404.19,9581.82,4.88127,4.56176,0,0,0.0413357,0,6.10353,45.1144,60.3467,1164.26,2547.12,5758.88,0.000358651,0.00016896,5,5,8,0.615385,1,2.03819,1.29726,0.740929,0.0190985,0.257612,1321,0,0,0,0,0.001,0,0,0,0,0,0,0,0,0,0,0,0,0,0,0,0,0,0,0,0,0,0,0,0,0,0,0,0,0,0,0,0,0,0,0,0,18.0957,57.2217,11.9334,568.595,706.472,0,0.921168,-0.386214,0.0478427,0.999995,0.184004,0.0609578,0.818182,0.9,975.028,1133.87,1681.14,2166.08,229.821,830.485,1612.02,48.1504,2475.75,64.2103,41.3482,0.0364982,-0.0256179,0.281207,-0.162379,0,0,0,0,0,0,0,70.9641,0,0.990159,0,0,218.48,859.647,0,0,873.475,3988.02,0
1691509916759716446,1289,1289,0,1,17.9499,33.918,59.4558,73.6212,132.777,-5.80282,224.021,470.105,869.434,1262.43,920.667,3914.25,10154.7,18156.7,1281.72,1443.15,2712.7,554.993,517.582,165.638,143371,5468.7,8399.19,3.77615,3.81939,0,0,0.0381436,0,6.10079,40.679,56.6595,1147.56,2341.92,4806.27,0.0268839,0.00302106,6,6,8,0.571429,1,2.09459,1.34358,0.751011,0.00231568,0.394996,1289,0,0,0,0,0.001,0,0,0,0,0,0,0,0,0,0,0,0,0,0,0,0,0,0,0,0,0,0,0,0,0,0,0,0,0,0,0,0,0,0,0,0,17.9499,59.4558,12.5765,564.253,700.171,0,0.922167,-0.383745,0.0484472,0.999996,0.156478,0.0152763,0.818182,0.9,985.913,1171.45,1773.29,2400.1,234.362,852.451,1685.24,47.4686,2420.12,59.7594,39.7839,0.00814279,-0.14365,-0.336379,-0.0201407,0,0,0,0,0,0,0,73.6212,0,0.988363,0,0,224.021,869.434,0,0,920.667,3914.25,0
1691509916856974642,1288,1288,0,1,18.0663,33.9316,55.2876,73.4709,118.409,-5.78814,218.942,457.971,854.336,1184,901.934,3803.75,9820.35,19252.7,1303.17,1480.66,2683.04,534.161,545.689,144.134,155282,5511.95,8120.69,4.30206,4.29875,0,0,0.0354964,0,6.03839,34.5778,57.8458,1049.27,1910.89,5062.06,0.237483,0.0177031,4,4,9,0.692308,1,2.20456,1.5057,0.698858,0.00599321,0.204258,1288,0,0,0,0,0.001,0,0,0,0,0,0,0,0,0,0,0,0,0,0,0,0,0,0,0,0,0,0,0,0,0,0,0,0,0,0,0,0,0,0,0,0,18.0663,55.2876,9.90114,575.513,715.586,0,0.920886,-0.387082,0.0462214,0.999991,0.241243,0.0199062,0.851852,0.92,977.498,1162.59,1729.1,2399.65,235.346,839.407,1707.75,49.8039,2425.89,61.2125,34.1082,0.0454843,0.93251,-0.0749932,-0.88029,0,0,0,0,0,0,0,73.4709,0,0.993012,0,0,218.942,854.336,0,0,901.934,3803.75,0
1691509916956168220,1216,1212,4,0.996711,18.3606,32.0606,51.941,65.7737,161.58,-6.38806,228.6,455.346,836.968,1193,930.428,3891.2,10679.2,12977.1,1577.76,1598.66,2409.45,480.058,558.927,208.099,163360,5321.69,8267.77,6.00473,6.23129,0,0,0.0325764,0,7.19108,47.2772,57.4626,1008.49,2636.79,4510.56,0.0153578,0.0022144,5,4,8,0.666667,1,1.92238,1.31478,0.607604,0.0152435,0.140343,1212,0,0,0,0,0.001,0,0,0,0,0,0,0,0,0,0,0,0,0,0,0,0,0,0,0,0,0,0,0,0,0,0,0,0,0,0,0,0,0,0,0,0,18.3606,51.941,13.6248,578.195,756.18,0,0.920504,-0.38777,0.0480306,0.999998,0.113058,0.00290848,0.73913,0.85,989.451,1194.29,1787.65,3498.49,233.23,844.785,1709.22,52.1158,2413.9,62.1041,41.6911,-0.125263,-0.388967,0.403871,0.33716,0,0,0,0,0,0,0,65.7737,0,0.992574,0,0,228.6,836.968,0,0,930.428,3891.2,0
1691509917057025414,1198,1193,5,0.995826,19.8742,35.1599,54.1839,72.5055,171.402,-5.5385,230.156,468.586,942.203,1268.79,908.634,4224.41,10773.9,24801.4,1543.13,1766.17,2865.04,465.128,616.595,242.947,169584,6950.83,10565.3,4.92002,5.39902,0,0,0.0409875,0,4.05621,51.9921,63.9603,1071.29,3417.33,5956.63,0.00563435,0.00158809,6,5,9,0.642857,1,1.94856,1.26026,0.688301,0.00820711,0.102826,1193,0,0,0,0,0.001,0,0,0,0,0,0,0,0,0,0,0,0,0,0,0,0,0,0,0,0,0,0,0,0,0,0,0,0,0,0,0,0,0,0,0,0,19.8742,54.1839,10.3311,586.074,758.595,0,0.919797,-0.3895,0.0475659,0.999998,0.110302,0.00379093,0.754386,0.86,988.154,1181.85,1872.52,3497.45,225.754,823.425,1738.94,46.4207,2424.25,69.3454,45.131,-0.213959,-0.298063,0.399556,0.353953,0,0,0,0,0,0,0,72.5055,0,0.989941,0,0,230.156,942.203,0,0,908.634,4224.41,0
1691509917157708573,1226,1222,3,0.996737,20.3025,34.9934,54.2767,71.4172,155.17,-4.35564,219.014,440.153,801.087,1111.11,791.033,3385.3,9716.05,16986.4,1088.37,1401.24,2276.55,386.114,528.367,289.393,147227,4493.36,7163.36,2.574,2.63584,0,0,0.03052,0,3.52219,49.5303,73.8783,835.887,2739.54,3461,0.0266903,0.0026805,6,6,10,0.625,1,1.92973,1.23473,0.695,0.0383203,0.415624,1222,0,0,0,0,0.001,0,0,0,0,0,0,0,0,0,0,0,0,0,0,0,0,0,0,0,0,0,0,0,0,0,0,0,0,0,0,0,0,0,0,0,0,20.3025,54.2767,8.76427,565.724,683.512,0,0.919852,-0.389594,0.0456966,0.999998,0.107288,0.0110688,0.574803,0.73,904.847,1101.24,1788.48,3221.59,199.108,791.693,1713.25,41.0301,2548.65,79.0439,46.0706,-0.130259,0.223034,0.430448,-0.25275,0,0,0,0,0,0,0,71.4172,0,0.990998,0,0,219.014,801.087,0,0,791.033,3385.3,0
1691509917260174164,1330,1325,4,0.996241,19.2266,35.5115,57.4673,76.162,132.758,-4.88178,226.551,417.272,728.219,965.506,743.628,3189.26,8674.18,16019.3,773.931,1385.47,1942.91,325.925,514.669,285.532,139881,3854.47,6105.01,34.1028,4.95777,0,0,0.0275553,0,6.02806,42.2682,65.5325,673.727,2298.69,3018.76,0.000198426,3.56996e-05,2,2,8,0.8,1,1.70618,0.916132,0.790044,0.00276736,0.313055,1325,0,0,0,0,0.001,0,0,0,0,0,0,0,0,0,0,0,0,0,0,0,0,0,0,0,0,0,0,0,0,0,0,0,0,0,0,0,0,0,0,0,0,19.2266,57.4673,14.5986,517.522,647.879,0,0.92163,-0.38522,0.0469445,0.999988,0.279816,0.00844244,0.612903,0.76,870.734,1058.87,1547.79,1985.16,203.771,762.731,1457.77,44.1467,2668.79,71.0432,49.1228,0.0155678,0.881455,0.256685,-0.457585,0,0,0,0,0,0,0,76.162,0,0.98717,0,0,226.551,728.219,0,0,743.628,3189.26,0
1691509917363578184,1379,1377,2,0.99855,18.0651,32.5468,50.6241,62.8046,146.419,-5.47454,215.642,390.653,650.276,878.484,667.71,2687.5,6731.64,14554.5,696.773,1173.53,1801.45,323.955,467.29,227.941,118414,2817.51,4431.96,1.37413,1.37597,0,0,0.0237937,0,4.7703,28.4397,62.8163,399.389,1854.57,2081.98,0.251985,0.00642354,9,9,12,0.571429,1,1.96907,1.30272,0.666348,0.0194493,0.190874,1377,0,0,0,0,0.001,0,0,0,0,0,0,0,0,0,0,0,0,0,0,0,0,0,0,0,0,0,0,0,0,0,0,0,0,0,0,0,0,0,0,0,0,18.0651,50.6241,9.50503,464.109,578.386,0,0.920293,-0.388424,0.0467824,0.999994,0.199139,0.0223857,0.612903,0.76,826.694,988.514,1429.34,1957.85,215.468,753.407,1417.88,40.8306,2673.59,70.0995,37.6923,-0.1383,0.403146,0.155517,-0.405605,0,0,0,0,0,0,0,62.8046,0,0.994916,0,0,215.642,650.276,0,0,667.71,2687.5,0
1691509917466811822,1506,1503,3,0.998008,19.7805,37.2584,57.0312,70.7976,138.062,-8.36804,216.412,407.668,692.446,934.235,703.593,2858.69,7286.15,12295.4,1033.71,1199.69,1809.18,359.677,478.383,255.898,125580,3579.53,5507.37,18.6392,1.74164,0,0,0.0285041,0,5.31947,14.1444,80.9482,430.22,2143.99,2832.75,9.05818e-05,1.33403e-05,2,2,8,0.8,1,2.01465,1.1459,0.868751,0.0118471,0.185734,1503,0,0,0,0,0.001,0,0,0,0,0,0,0,0,0,0,0,0,0,0,0,0,0,0,0,0,0,0,0,0,0,0,0,0,0,0,0,0,0,0,0,0,19.7805,57.0312,12.2055,459.217,572.577,0,0.920913,-0.387091,0.0456059,0.999998,0.107867,0.0783433,0.694915,0.82,823.834,982.451,1476.71,1931.57,209.685,750.298,1460.73,44.8096,2844.53,92.9792,52.1746,-0.264943,0.732658,0.411556,0.00404641,0,0,0,0,0,0,0,70.7976,0,0.989355,0,0,216.412,692.446,0,0,703.593,2858.69,0
1691509917570419796,1365,1364,1,0.999267,20.3925,37.6751,57.4597,73.006,195.587,-6.39389,224.172,437.786,698.648,941.101,762.987,2915.86,7037.05,20360.9,1254.82,1135.26,1878.55,395.361,467.958,265.31,130418,3537.64,5645.32,3.07399,3.17392,0,0,0.0271253,0,12.9531,35.3558,64.2144,649.988,2153.39,2729.43,0.0490436,0.00473931,10,10,13,0.565217,1,2.07165,1.24929,0.822358,0.0231608,0.409559,1364,0,0,0,0,0.001,0,0,0,0,0,0,0,0,0,0,0,0,0,0,0,0,0,0,0,0,0,0,0,0,0,0,0,0,0,0,0,0,0,0,0,0,20.3925,57.4597,17.8865,510.958,610.156,0,0.923707,-0.380115,0.0477376,0.999969,0.447557,0.0112206,0.6,0.75,870.792,1057.38,1588.01,1981.76,203.392,780.606,1525.97,46.9335,2775.59,69.2871,52.4813,0.106013,-0.305388,0.33801,0.237368,0,0,0,0,0,0,0,73.006,0,0.992669,0,0,224.172,698.648,0,0,762.987,2915.86,0
1691509917673044792,1194,1191,3,0.997487,20.2228,38.322,58.5419,73.5436,163.621,-7.30346,223.297,430.136,727.162,1006.75,796.063,3131.71,9240.62,21136.1,1405.35,1250.06,2003.44,401.081,486.685,275.544,133031,4344.86,6780.65,2.80554,2.8087,0,0,0.0326606,0,7.2234,38.5921,69.7498,707.472,2420.07,3537.54,0.0225235,0.00302196,11,10,14,0.583333,1,1.81695,1.06996,0.746984,0.0297803,0.2079,1191,0,0,0,0,0.001,0,0,0,0,0,0,0,0,0,0,0,0,0,0,0,0,0,0,0,0,0,0,0,0,0,0,0,0,0,0,0,0,0,0,0,0,20.2228,58.5419,8.10209,539.832,652.066,0,0.919526,-0.390218,0.0469146,0.99994,0.628235,0.0316195,0.694915,0.82,912.485,1087.17,1613.75,2398.66,213.383,815.014,1544.03,41.7289,2699.95,74.751,43.5136,-0.125069,-0.180471,0.190474,0.180776,0,0,0,0,0,0,0,73.5436,0,0.989924,0,0,223.297,727.162,0,0,796.063,3131.71,0
1691509917774745761,1172,1165,7,0.994027,20.3869,40.242,65.664,80.2504,176.704,-5.79169,240.491,458.129,842.752,1127.54,887.152,3794.85,10081.5,18645.9,1499.23,1424.72,2403.26,424.118,499.767,279.307,147433,5026.15,7842.64,6.17392,6.17397,0,0,0.034091,0,7.43597,40.053,67.2659,828.1,2830.74,4069.05,0.510142,0.0110642,8,7,1,0.125,1,2.62615,1.74926,0.87689,0.00622862,0.197076,1165,0,0,0,0,0.001,0,0,0,0,0,0,0,0,0,0,0,0,0,0,0,0,0,0,0,0,0,0,0,0,0,0,0,0,0,0,0,0,0,0,0,0,20.3869,65.664,13.4639,545.994,709.542,0,0.920831,-0.387125,0.0469514,0.999994,0.192327,0.0310045,0.680672,0.81,961.726,1101.74,1773.6,2312.38,224.714,833.445,1652.14,48.9466,2541.08,74.4728,50.7918,-0.00963548,0.118847,0.00978477,-0.118884,0,0,0,0,0,0,0,80.2504,0,0.977682,0,0,240.491,842.752,0,0,887.152,3794.85,0
1691509917876448305,1387,1385,2,0.998558,19.8352,39.5254,63.6034,85.3563,182.224,-3.59709,214.201,411.408,790.707,1137.39,761.271,3506.1,10200.2,14340.2,1330.6,1244.03,2130.23,373.695,488.313,262.199,152342,4900.71,7678.67,3.55677,3.57088,0,0,0.0321691,0,5.93166,47.1064,67.299,965.094,2477.06,4116.19,0.0210198,0.00328574,14,13,16,0.551724,1,2.34192,1.2791,1.06282,0.0115325,0.500783,1385,0,0,0,0,0.001,0,0,0,0,0,0,0,0,0,0,0,0,0,0,0,0,0,0,0,0,0,0,0,0,0,0,0,0,0,0,0,0,0,0,0,0,19.8352,63.6034,24.9569,577.591,695.452,0,0.924138,-0.379216,0.0465096,0.999963,0.491838,0.0435105,0.801802,0.89,932.564,1101.85,1644.52,2400.21,215.723,797.967,1497.93,47.02,2528.62,74.898,50.3224,-0.0757642,-0.250184,0.149016,0.239479,0,0,0,0,0,0,0,85.3563,0,0.974007,0,0,214.201,790.707,0,0,761.271,3506.1,0
1691509917976154315,1277,1276,1,0.999217,20.515,40.0061,64.8208,87.7013,174.379,-4.75722,213.009,435.002,862.46,1159.43,820.981,3721.95,10860.4,18416,1384.66,1434.66,2170.09,369.903,550.362,311.246,156389,5302.57,8440.6,3.57009,3.44191,0,0,0.0339062,0,6.22676,51.6092,67.2458,1039.41,3109.51,4166.6,0.00908312,0.00313016,5,4,11,0.733333,1,2.09135,1.03111,1.06024,0.0132725,0.24404,1276,0,0,0,0,0.001,0,0,0,0,0,0,0,0,0,0,0,0,0,0,0,0,0,0,0,0,0,0,0,0,0,0,0,0,0,0,0,0,0,0,0,0,20.515,64.8208,11.5663,614.537,729.897,0,0.920893,-0.387241,0.0447281,0.999961,0.506333,0.0270447,0.709402,0.83,964.496,1138.29,1771.98,2399.1,227.186,814.929,1660.85,43.4191,2558.4,70.9489,63.0169,-0.0354563,-0.0570583,0.0900487,0.0470952,0,0,0,0,0,0,0,87.7013,0,0.960815,0,0,213.009,862.46,0,0,820.981,3721.95,0
1691509918075107547,1330,1325,5,0.996241,20.337,39.1925,66.4199,84.8264,151.558,-4.20333,223.57,428.068,886.857,1153.32,841.751,3707.72,10808.9,20843.3,1318.83,1328.47,2618.15,339.167,574.211,256.463,165531,6113.27,9197.55,4.49851,4.54007,0,0,0.0369313,0,3.53543,52.266,65.4858,1036.69,2610.36,5429.22,0.0070615,0.00183114,5,4,11,0.733333,1,2.35424,1.34518,1.00906,0.00702841,0.152051,1325,0,0,0,0,0.001,0,0,0,0,0,0,0,0,0,0,0,0,0,0,0,0,0,0,0,0,0,0,0,0,0,0,0,0,0,0,0,0,0,0,0,0,20.337,66.4199,8.35605,620.922,730.722,0,0.920616,-0.38783,0.045325,1,0.0505918,0.00302512,0.680672,0.81,988.881,1178.91,1785.47,3220.66,227.477,846.22,1720.18,46.444,2617.19,74.4207,45.451,0.096802,0.178511,0.112273,-0.201795,0,0,0,0,0,0,0,84.8264,0,0.970566,0,0,223.57,886.857,0,0,841.751,3707.72,0
1691509918173291655,1435,1433,2,0.998606,18.1367,35.4121,57.8392,70.7153,151.947,-3.04776,217.174,428.37,850.128,1177.25,847.301,3581.61,10098.8,23728.4,1128,1154.04,2349.94,380.809,545.727,239.642,164845,6405.21,9217.88,3.80911,3.84054,0,0,0.0388561,0,2.01403,43.8716,69.9747,988.89,2168.37,5944.76,0.0317237,0.00332364,10,10,8,0.444444,1,2.09113,1.27727,0.813866,0.0343631,0.0432147,1433,0,0,0,0,0.001,0,0,0,0,0,0,0,0,0,0,0,0,0,0,0,0,0,0,0,0,0,0,0,0,0,0,0,0,0,0,0,0,0,0,0,0,18.1367,57.8392,10.6703,649.366,741.964,0,0.920639,-0.387654,0.046351,0.999999,0.0596524,0.0767987,0.785714,0.88,986.142,1164.69,1776.61,2397.89,227.154,822.847,1704.35,41.8913,2608.41,75.0103,48.2725,0.0615891,0.0113845,0.0960592,0.125574,0,0,0,0,0,0,0,70.7153,0,0.991626,0,0,217.174,850.128,0,0,847.301,3581.61,0
1691509918271218525,1471,1470,1,0.99932,16.5857,31.3588,50.0281,64.8262,166.071,-3.8157,219.198,417.419,876.668,1183.07,769.032,3701.56,10668.6,23257.6,1288.47,1397.38,2326.73,425.221,530.133,280.589,163442,6351.48,9808.51,1.79843,1.80173,0,0,0.0388608,0,5.08775,57.0066,72.6447,1149.06,3105.41,5419.3,0.00807996,0.000757516,9,8,13,0.619048,1,1.81609,1.14174,0.674355,0.0209419,0.253392,1470,0,0,0,0,0.001,0,0,0,0,0,0,0,0,0,0,0,0,0,0,0,0,0,0,0,0,0,0,0,0,0,0,0,0,0,0,0,0,0,0,0,0,16.5857,50.0281,12.1388,670.394,764.467,0,0.920508,-0.388054,0.0455895,1,0.0498354,0.0285707,0.785714,0.88,984.028,1156.09,1784.93,3221.33,225.892,818.726,1620.14,49.1481,2530.31,75.4009,58.7032,0.255458,0.352248,0.445912,-0.312388,0,0,0,0,0,0,0,64.8262,0,0.995918,0,0,219.198,876.668,0,0,769.032,3701.56,0
1691509918368799099,1416,1412,4,0.997175,17.3211,30.72,50.4009,66.5397,100.786,-4.73098,220.067,420.416,884.032,1174.76,826.125,3652.13,9981.46,16965.4,1349.71,1393.74,2447.3,490.863,545.707,244.671,165329,6240.8,9044.38,4.06624,4.06641,0,0,0.0377477,0,4.07037,36.1312,66.2759,1076.75,2075.36,5785.79,0.0223383,0.00313268,6,6,11,0.647059,1,1.88429,1.24158,0.642712,0.00656789,0.290388,1412,0,0,0,0,0.001,0,0,0,0,0,0,0,0,0,0,0,0,0,0,0,0,0,0,0,0,0,0,0,0,0,0,0,0,0,0,0,0,0,0,0,0,17.3211,50.4009,12.6431,668.118,756.239,0,0.920464,-0.388107,0.046035,1,0.0258275,0.0205934,0.769912,0.87,998.829,1189.75,1784.15,3493.25,226.291,858.597,1642.42,47.1966,2635.74,70.897,45.118,0.0216597,-0.0113914,0.129505,-0.00514728,0,0,0,0,0,0,0,66.5397,0,0.998584,0,0,220.067,884.032,0,0,826.125,3652.13,0
1691509918466393884,1436,1434,2,0.998607,16.2827,32.287,49.2004,63.1734,129.072,-5.96322,221.671,452.502,907.612,1311.96,867.535,3779.26,11353.3,16558.6,1281.54,1360.78,2771.6,509.534,578.043,223.637,161260,6826.23,9692.85,6.3264,6.35648,0,0,0.0423306,0,5.40637,38.5516,70.1617,1236.44,1905.6,6436.69,0.0439599,0.00582001,5,4,12,0.75,1,2.21414,1.56026,0.653873,0.00819847,0.122809,1434,0,0,0,0,0.001,0,0,0,0,0,0,0,0,0,0,0,0,0,0,0,0,0,0,0,0,0,0,0,0,0,0,0,0,0,0,0,0,0,0,0,0,16.2827,49.2004,11.4706,645.854,756.676,0,0.920596,-0.387605,0.0475898,0.999999,0.0939027,0.0323301,0.801802,0.89,987.134,1177.93,1773.46,2397.83,226.005,845.747,1618.08,53.9625,2562.12,75.5996,44.3143,-0.0345112,0.220913,-0.0348972,-0.219183,0,0,0,0,0,0,0,63.1734,0,0.997211,0,0,221.671,907.612,0,0,867.535,3779.26,0
1691509918563929375,1443,1439,4,0.997228,18.3245,32.6001,51.3016,69.5774,130.101,-4.91614,219.183,442.548,902.273,1211.62,815.917,3694.31,10507,16933.2,1495,1585.68,2373.12,526.324,552.659,248.664,152871,6233.09,9371.37,6.78646,3.98845,0,0,0.0407736,0,5.40717,47.2525,70.8599,1148.19,2513.03,5586.64,0.00248645,0.000476302,3,3,10,0.769231,1,2.23309,1.50539,0.727697,0.00852602,0.181623,1439,0,0,0,0,0.001,0,0,0,0,0,0,0,0,0,0,0,0,0,0,0,0,0,0,0,0,0,0,0,0,0,0,0,0,0,0,0,0,0,0,0,0,18.3245,51.3016,11.1251,604.106,730.769,0,0.921111,-0.386428,0.0471929,0.999999,0.0770676,0.0211897,0.785714,0.88,980.209,1132.61,1735.54,2352.49,227.418,844.13,1619.62,53.5929,2542.88,79.0173,54.7035,-0.00937521,0.172078,0.48565,-0.163364,0,0,0,0,0,0,0,69.5774,0,0.993051,0,0,219.183,902.273,0,0,815.917,3694.31,0
1691509918662011758,1428,1426,2,0.998599,17.052,31.4139,48.3689,65.5477,147.167,-4.58457,225.237,448.187,860.457,1140.79,869.206,3495.24,10044,20335.3,1510.55,1688.89,2281.99,499.314,542.109,271.906,154461,5860.44,8709.48,4.55001,4.59341,0,0,0.0379413,0,5.64161,43.3847,64.4044,1016.74,2276.06,5303.25,0.0243274,0.00345606,6,5,11,0.6875,1,1.87856,1.2172,0.661365,0.0101552,0.193543,1426,0,0,0,0,0.001,0,0,0,0,0,0,0,0,0,0,0,0,0,0,0,0,0,0,0,0,0,0,0,0,0,0,0,0,0,0,0,0,0,0,0,0,17.052,48.3689,9.98688,587.125,719.888,0,0.920434,-0.388116,0.0465502,0.999998,0.110515,0.0360559,0.754386,0.86,975.365,1117.03,1627.36,2353.73,226.071,835.013,1592.42,48.3884,2404.77,68.6249,57.5263,0.0514328,0.216742,-0.0357964,-0.209848,0,0,0,0,0,0,0,65.5477,0,0.99439,0,0,225.237,860.457,0,0,869.206,3495.24,0
1691509918759564594,1321,1320,1,0.999243,17.7309,32.385,49.7594,64.5586,148.053,-6.06835,227.117,460.692,872.598,1166.59,858.576,3753.59,9457.42,18414,1448.49,1684.73,2525.74,519.336,540.403,261.501,157883,5468.89,8226.52,1.40376,1.56356,0,0,0.0346389,0,6.27093,44.4386,70.4555,1020.89,2170.24,4914.23,0.01096,0.000935565,7,7,10,0.588235,1,1.96752,1.34074,0.626772,0.0151066,0.406626,1320,0,0,0,0,0.001,0,0,0,0,0,0,0,0,0,0,0,0,0,0,0,0,0,0,0,0,0,0,0,0,0,0,0,0,0,0,0,0,0,0,0,0,17.7309,49.7594,15.2618,594.771,714.967,0,0.922685,-0.382836,0.0456957,0.999983,0.332481,0.0279915,0.73913,0.85,979.185,1155.06,1723.67,2398.66,221.417,862.326,1648.2,52.3078,2439.93,76.5198,54.8889,0.122512,0.0025159,0.645798,0.0647576,0,0,0,0,0,0,0,64.5586,0,0.993939,0,0,227.117,872.598,0,0,858.576,3753.59,0
1691509918858203323,1448,1446,2,0.998619,17.0178,30.8206,50.1373,63.8432,114.891,-6.147,216.312,425.183,842.404,1110.96,845.025,3725.24,9547.23,15577.2,1321.77,1553.76,2275.67,452.432,491.605,238.561,165163,5597.57,8413.4,7.72939,6.98771,0,0,0.0338912,0,8.56254,39.9099,67.5514,895.204,2450.28,4951.9,0.00737396,0.00184001,4,4,11,0.733333,1,1.74626,1.11627,0.629992,0.00674611,0.118032,1446,0,0,0,0,0.001,0,0,0,0,0,0,0,0,0,0,0,0,0,0,0,0,0,0,0,0,0,0,0,0,0,0,0,0,0,0,0,0,0,0,0,0,17.0178,50.1373,10.4991,569.702,749.799,0,0.920187,-0.388796,0.0457667,0.999979,0.37028,0.0369344,0.680672,0.81,959.879,1099.67,1705.42,2353.93,222.351,812.444,1598.27,45.09,2297.52,74.904,62.3691,0.0676944,0.737779,0.223526,0.482331,0,0,0,0,0,0,0,63.8432,0,0.997234,0,0,216.312,842.404,0,0,845.025,3725.24,0
1691509918957924781,1186,1185,1,0.999157,19.8557,34.4604,54.0128,64.7358,160.581,-9.8286,226.757,474.182,920.602,1215.83,922.293,4146.74,11124,32327.9,1447.39,1801.61,2577.5,512.078,547.539,288.411,162956,7035.5,10139.1,2.04327,1.80719,0,0,0.0431742,0,10.4496,57.5263,95.5391,954.563,2524.88,6496.11,0.00146599,0.000277435,9,8,12,0.6,1,1.68953,1.05807,0.63146,0.00384329,0.124289,1185,0,0,0,0,0.001,0,0,0,0,0,0,0,0,0,0,0,0,0,0,0,0,0,0,0,0,0,0,0,0,0,0,0,0,0,0,0,0,0,0,0,0,19.8557,54.0128,9.84239,595.646,753.511,0,0.920732,-0.38751,0.0457044,0.999999,0.0800591,0.00326894,0.769912,0.87,980.98,1161.52,1706.4,1972.78,225.758,849.224,1593.2,50.5484,2327.16,100.2,58.5456,-0.169506,0.250816,-0.156092,-0.261716,0,0,0,0,0,0,0,64.7358,0,0.992405,0,0,226.757,920.602,0,0,922.293,4146.74,0
1691509919057890465,1310,1307,3,0.99771,19.2819,33.9574,52.577,65.0126,108.709,-7.99918,228.92,446.408,859.207,1202.81,835.912,4097.36,10291.3,14658,1342.22,1978.54,2385.72,464.655,484.807,322.476,165048,6390.45,9220.94,5.10247,5.11247,0,0,0.0387187,0,8.90878,41.6837,78.688,804.608,2434.01,5853.04,0.106701,0.0129907,7,7,12,0.631579,1,1.69164,1.05436,0.637281,0.0127779,0.112802,1307,0,0,0,0,0.001,0,0,0,0,0,0,0,0,0,0,0,0,0,0,0,0,0,0,0,0,0,0,0,0,0,0,0,0,0,0,0,0,0,0,0,0,19.2819,52.577,10.763,606.777,755.46,0,0.919851,-0.389704,0.0447783,0.999997,0.145475,0.00377888,0.709402,0.83,957.861,1102.63,1730.05,3490.15,217.733,773.709,1591.12,41.1374,2317.71,82.5187,62.7503,-0.112508,-0.161148,0.18152,0.147468,0,0,0,0,0,0,0,65.0126,0,0.997705,0,0,228.92,859.207,0,0,835.912,4097.36,0
1691509919158303425,1480,1480,0,1,19.5106,33.2917,51.4785,61.8878,165.357,-5.84296,217.574,438.439,773.914,1000.2,755.012,3073.52,9755.82,19389.1,835.484,1858.47,1818.92,432.356,411.869,374.419,135287,5820.71,8611.38,2.37533,2.36832,0,0,0.043025,0,7.77106,45.74,89.7811,609.105,2785.44,5073.54,0.106393,0.00337716,4,4,9,0.692308,1,1.68705,0.954791,0.732262,0.00391416,0.183065,1480,0,0,0,0,0.001,0,0,0,0,0,0,0,0,0,0,0,0,0,0,0,0,0,0,0,0,0,0,0,0,0,0,0,0,0,0,0,0,0,0,0,0,19.5106,51.4785,11.1521,543.56,686.288,0,0.920059,-0.388973,0.0468081,0.999998,0.124197,0.0177929,0.550388,0.71,864.464,1043.28,1604.08,2351.9,203.717,721.699,1494.45,43.3637,2413.04,95.1718,79.8558,0.141087,-0.498909,-0.0771807,0.471645,0,0,0,0,0,0,0,61.8878,0,0.993919,0,0,217.574,773.914,0,0,755.012,3073.52,0
1691509919259576853,1698,1698,0,1,18.467,33.173,50.599,62.1252,119.62,-2.98907,216.003,459.273,801.502,989.702,653.54,2904.81,9470.63,20344.1,854.297,1712.23,1668.61,446.396,400.8,423.004,118230,5217.97,7996.8,3.94886,3.8803,0,0,0.044134,0,16.3735,56.8972,114.298,594.774,2961.98,4252.48,0.00359009,0.00115122,6,6,8,0.571429,1,1.79729,1.01176,0.785527,0.0246816,0.236438,1698,0,0,0,0,0.001,0,0,0,0,0,0,0,0,0,0,0,0,0,0,0,0,0,0,0,0,0,0,0,0,0,0,0,0,0,0,0,0,0,0,0,0,18.467,50.599,8.79391,447.487,619.719,0,0.920491,-0.388103,0.0455234,0.999999,0.0922928,0.0118273,0.639344,0.78,796.015,994.558,1498.57,2350.82,213.308,718.102,1476.02,47.6875,2299.35,120.894,101.579,0.0553777,-0.234091,0.163991,0.249703,0,0,0,0,0,0,0,62.1252,0,0.9947,0,0,216.003,801.502,0,0,653.54,2904.81,0
1691509919361434193,1934,1934,0,1,17.3277,31.3591,48.2232,60.8629,116.482,-4.71712,215.906,433.471,747.117,969.485,693.355,2606.55,7873.16,14368.3,878.988,1557.16,1569.57,452.956,378.581,390.804,100774,4961.92,7323.53,3.55251,3.46861,0,0,0.049238,0,18.1289,33.4165,112.434,369.116,2553.97,4236.46,0.00939682,0.00122824,6,5,9,0.642857,1,1.82497,0.988702,0.836271,0.00878869,0.363485,1934,0,0,0,0,0.001,0,0,0,0,0,0,0,0,0,0,0,0,0,0,0,0,0,0,0,0,0,0,0,0,0,0,0,0,0,0,0,0,0,0,0,0,17.3277,48.2232,9.45707,371.773,523.77,0,0.921955,-0.384749,0.044349,0.999993,0.220195,0.0410974,0.652893,0.79,722.708,940.064,1394.45,2347.91,205.204,717.477,1402.12,44.9149,2445.83,125.43,110.075,-0.0642711,0.286461,0.0355917,-0.326234,0,0,0,0,0,0,0,60.8629,0,0.998449,0,0,215.906,747.117,0,0,693.355,2606.55,0
1691509919464166588,1768,1764,3,0.997738,18.3351,32.683,48.8725,59.0139,177.163,-5.27999,217.617,458.315,741.051,909.752,677.499,2793.01,7282.66,13744.6,1093.88,1681.59,1577.07,478.624,356.327,435.052,120925,4096.63,6225.3,2.79259,2.63671,0,0,0.0338774,0,15.4078,33.2831,116.758,372.434,2366.6,3320.83,0.0217842,0.00212513,4,4,10,0.714286,1,1.96742,1.1915,0.775922,0.010629,0.193757,1764,0,0,0,0,0.001,0,0,0,0,0,0,0,0,0,0,0,0,0,0,0,0,0,0,0,0,0,0,0,0,0,0,0,0,0,0,0,0,0,0,0,0,18.3351,48.8725,8.31754,394.064,558.618,0,0.920664,-0.387907,0.0436638,0.999994,0.199373,0.0617644,0.73913,0.85,746.225,963.521,1447.58,2350.36,213.018,727.28,1455.63,47.6408,2539.15,132.922,101.229,0.130563,-0.15132,0.148024,0.142318,0,0,0,0,0,0,0,59.0139,0,0.997732,0,0,217.617,741.051,0,0,677.499,2793.01,0
1691509919567135997,1635,1635,0,1,19.6901,34.4852,51.2938,63.3394,135.993,-5.38288,206.989,434.69,767.63,966.77,713.737,2959.16,6776.55,14486,1338.11,1312.61,1755.08,450.849,370.368,399.943,127875,4185.51,6226.86,3.99445,3.97254,0,0,0.0327313,0,9.61284,24.211,109.427,347.995,2183.69,3551.93,0.00903691,0.00152919,5,5,9,0.642857,1,1.68675,0.895937,0.790817,0.0130655,0.283995,1635,0,0,0,0,0.001,0,0,0,0,0,0,0,0,0,0,0,0,0,0,0,0,0,0,0,0,0,0,0,0,0,0,0,0,0,0,0,0,0,0,0,0,19.6901,51.2938,12.4814,475.951,584.568,0,0.921785,-0.385396,0.0422184,0.999995,0.177988,0.0651506,0.639344,0.78,846.873,983.16,1499.1,2348.46,212.738,751.1,1478.93,48.9,2424.64,126.355,87.5407,-0.0982652,0.430564,-0.155053,-0.115654,0,0,0,0,0,0,0,63.3394,0,0.99633,0,0,206.989,767.63,0,0,713.737,2959.16,0
1691509919670287512,1652,1650,2,0.998789,18.4772,32.8671,50.322,62.6163,159.58,-1.63326,210.436,455.542,801.427,1000.58,772.461,2967.96,8575.84,15114.8,1397.95,1302.81,1888.23,449.803,403.08,399.307,128767,5090.83,7334,2.16433,2.1982,0,0,0.0395353,0,11.9466,37.3625,107.524,550.741,1963.14,4663.29,0.0035821,0.0005213,6,5,11,0.6875,1,1.74736,0.966811,0.780548,0.0162779,0.262852,1650,0,0,0,0,0.001,0,0,0,0,0,0,0,0,0,0,0,0,0,0,0,0,0,0,0,0,0,0,0,0,0,0,0,0,0,0,0,0,0,0,0,0,18.4772,50.322,15.2781,523.087,618.635,0,0.922158,-0.384106,0.0456893,0.999993,0.213236,0.0597205,0.801802,0.89,854.056,985.608,1499.08,2347.66,208.768,744.508,1455.98,45.4599,2576.78,117.918,88.0254,-0.336107,-0.0529727,-0.172521,0.0321856,0,0,0,0,0,0,0,62.6163,0,0.995758,0,0,210.436,801.427,0,0,772.461,2967.96,0
1691509919773126030,1639,1626,10,0.992068,18.3608,34.0444,51.6966,65.3503,182.412,-2.04707,237.184,509.293,849.851,1067.28,891.294,3161,8570.67,13504.4,1398,1501.12,1845.43,499.839,452.061,417.37,134221,5209.6,7732.4,2.01935,1.92595,0,0,0.0388135,0,11.4345,49.6444,119.299,834.85,1968.28,4748.89,0.0166908,0.00156866,5,4,12,0.75,1,1.90601,1.06641,0.839609,0.0101839,0.250118,1626,0,0,0,0,0.001,0,0,0,0,0,0,0,0,0,0,0,0,0,0,0,0,0,0,0,0,0,0,0,0,0,0,0,0,0,0,0,0,0,0,0,0,18.3608,51.6966,16.5636,512.578,653.858,0,0.921466,-0.385789,0.0454665,0.999998,0.105058,0.0674721,0.754386,0.86,869.631,995.544,1526.11,2348.23,211.478,756.568,1496.06,46.5308,2396.51,132.951,93.9478,0.306525,0.434524,-0.36931,-0.417309,0,0,0,0,0,0,0,65.3503,0,0.99139,0,0,237.184,849.851,0,0,891.294,3161,0
1691509919875011981,1582,1582,0,1,18.3496,30.977,48.1089,62.8411,180.906,0.0290109,214.877,454.117,806.359,1022.66,772.484,2910.06,8123.53,15505.1,1163.87,1563.03,1758.08,441.815,387.581,393.976,138374,4588.08,6924.76,4.64854,3.1601,0,0,0.0331572,0,10.6082,45.8726,98.972,664.815,2061.25,4043.24,0.000531403,0.000181622,4,4,8,0.666667,1,2.01262,1.20507,0.807551,0.0186555,0.283734,1582,0,0,0,0,0.001,0,0,0,0,0,0,0,0,0,0,0,0,0,0,0,0,0,0,0,0,0,0,0,0,0,0,0,0,0,0,0,0,0,0,0,0,18.3496,48.1089,13.3978,528.491,684.111,0,0.921416,-0.385888,0.045642,1,0.0118807,0.00937918,0.709402,0.83,876.916,1011.43,1538.7,2347.35,200.271,752.28,1499.89,45.54,2487.82,107.34,94.0088,0.529168,-0.471794,0.0453383,0.365584,0,0,0,0,0,0,0,62.8411,0,0.985461,0,0,214.877,806.359,0,0,772.484,2910.06,0
1691509919976594625,1625,1622,3,0.998154,18.4772,32.8389,50.4488,70.0076,182.199,1.6537,210.032,462.306,838.718,1054.67,776.683,3209.32,9165.58,15782.8,1083.37,1626.05,1936.83,425.059,460.384,404.481,149877,5703.77,8554.51,5.33153,5.34096,0,0,0.0380563,0,17.3847,61.435,100.381,858.388,2429.93,5086.99,0.0184641,0.00350892,6,5,10,0.666667,1,2.53365,1.57629,0.957361,0.00846484,0.497722,1622,0,0,0,0,0.001,0,0,0,0,0,0,0,0,0,0,0,0,0,0,0,0,0,0,0,0,0,0,0,0,0,0,0,0,0,0,0,0,0,0,0,0,18.4772,50.4488,14.3399,585.291,715.369,0,0.921891,-0.384717,0.0459308,0.999999,0.0742428,0.00592785,0.709402,0.83,890.852,1044.77,1504.53,2345.88,213.312,759.248,1445.38,51.9683,2551.48,107.917,87.8892,-0.186937,-0.00403339,0.128153,-0.186362,0,0,0,0,0,0,0,70.0076,0,0.978422,0,0,210.032,838.718,0,0,776.683,3209.32,0
1691509920076417757,1684,1683,1,0.999406,16.9032,31.5447,55.4962,72.8532,149.056,2.41477,228.338,484.843,894.365,1167.25,890.953,3586.5,8988.84,16958.2,1057.38,1729.29,2167.33,415.576,522.542,434.699,162924,6902.16,9890.43,15.1213,2.08418,0,0,0.0423643,0,9.68086,62.5494,106.146,1149.54,2085.27,6477.24,0.000149488,9.24186e-06,2,2,8,0.8,1,2.04991,1.12326,0.926648,0.00887099,0.189051,1683,0,0,0,0,0.001,0,0,0,0,0,0,0,0,0,0,0,0,0,0,0,0,0,0,0,0,0,0,0,0,0,0,0,0,0,0,0,0,0,0,0,0,16.9032,55.4962,11.2276,603.028,725.744,0,0.920782,-0.387218,0.0471468,0.999996,0.171532,0.055624,0.724138,0.84,920.108,1102.41,1659.53,2346.71,213.182,772.585,1574.44,46.8547,2523.71,115.226,89.3372,0.210102,-1.24847,1.14714,-0.39509,0,0,0,0,0,0,0,72.8532,0,0.984551,0,0,228.338,894.365,0,0,890.953,3586.5,0
1691509920174897480,1714,1708,6,0.996499,19.2638,33.5394,49.9951,63.2821,150.788,4.81397,223.482,470.243,882.883,1143.49,866.08,3590.53,9498.46,17701.6,977.528,1633.73,2286.45,435.573,489.156,412.938,169825,7121.45,9940.31,3.08438,3.12335,0,0,0.041934,0,14.0124,50.9606,106.137,1023.75,1984.07,6761.39,0.0324979,0.00295493,7,7,10,0.588235,1,2.33437,1.49758,0.836794,0.028434,0.21455,1708,0,0,0,0,0.001,0,0,0,0,0,0,0,0,0,0,0,0,0,0,0,0,0,0,0,0,0,0,0,0,0,0,0,0,0,0,0,0,0,0,0,0,19.2638,49.9951,14.146,646.134,751.72,0,0.921388,-0.385889,0.0461886,0.999998,0.1001,0.030855,0.709402,0.83,969.503,1151.51,1644.94,2344.84,209.808,783.29,1587.39,51.5144,2512.47,115.262,84.2828,-0.166028,0.471709,0.558559,-0.454424,0,0,0,0,0,0,0,63.2821,0,0.994731,0,0,223.482,882.883,0,0,866.08,3590.53,0
1691509920272266870,1802,1799,3,0.998335,18.5964,32.7479,49.7738,63.4046,114.344,2.9666,215.734,447.487,840.355,1065.79,848.141,3236.46,9164.34,14189.4,875.937,1500.09,2249.71,421.731,489.992,378.317,163878,6728.76,9279.26,5.68373,5.64654,0,0,0.0410596,0,0.81427,42.1609,100.975,879.698,1846.05,6409.56,0.0419977,0.00241797,9,9,8,0.470588,1,2.39483,1.55967,0.835159,0.0193499,0.30109,1799,0,0,0,0,0.001,0,0,0,0,0,0,0,0,0,0,0,0,0,0,0,0,0,0,0,0,0,0,0,0,0,0,0,0,0,0,0,0,0,0,0,0,18.5964,49.7738,12.3226,672.305,737.372,0,0.920881,-0.387306,0.0443981,0.999997,0.134029,0.0561662,0.73913,0.85,937.257,1095.53,1619.44,2343.64,214.714,782.227,1498.18,51.6984,2574.69,110.806,78.7596,-0.38359,-0.125772,0.532524,0.135423,0,0,0,0,0,0,0,63.4046,0,0.997221,0,0,215.734,840.355,0,0,848.141,3236.46,0
1691509920370763075,1760,1758,1,0.998864,17.8785,32.7733,47.8758,58.2622,109.917,1.92249,219.409,467.643,841.944,1105.12,851.401,3273.04,8686.18,13452.9,980.953,1260.63,2140.17,482.162,505.084,360.098,164729,6448.3,8886.82,2.90405,2.80009,0,0,0.0391449,0,12.692,56.8301,109.839,945.577,1584.47,6177.41,0.0191853,0.00248807,5,5,8,0.615385,1,2.25147,1.48887,0.762602,0.00685202,0.401354,1758,0,0,0,0,0.001,0,0,0,0,0,0,0,0,0,0,0,0,0,0,0,0,0,0,0,0,0,0,0,0,0,0,0,0,0,0,0,0,0,0.000568828,60.5819,60.5819,17.8776,47.8222,18.6838,661.001,752.315,0,0.921522,-0.385819,0.0440648,0.999999,0.094744,0.0314912,0.818182,0.9,944.695,1117.97,1621.41,2341.77,214.802,772.375,1508.02,58.1765,2418.79,113.82,90.1509,0.110121,-0.0428526,0.155257,0.0989001,0,0,0,0,0,0.000568182,60.5819,58.2132,1,0.997154,622.326,622.326,219.23,841.962,793.628,793.628,852.093,3276.05,7.08741e-05
1691509920468795346,1648,1647,1,0.999393,18.4403,32.757,51.1527,64.4789,153.677,1.91146,222.347,480.356,889.949,1118,866.005,3460.75,9953.64,22557.8,1050.45,1388.94,2448.58,507.396,536.877,350.008,157473,7207.49,10336.9,4.39258,4.42333,0,0,0.0457697,0,13.8962,79.6319,96.1617,1078.88,2337.48,6730.85,0.0594375,0.00700696,13,13,13,0.5,1,2.00168,1.19837,0.803307,0.0344173,0.350733,1647,0,0,0,0,0.001,0,0,0,0,0,0,0,0,0,0,0,0,0,0,0,0,0,0,0,0,0,0,0,0,0,0,0,0,0,0,0,0,0,0,0,0,18.4403,51.1527,13.2988,654.501,732.2,0,0.921437,-0.385857,0.0454734,0.999999,0.080884,0.0905755,0.769912,0.87,969.046,1149.32,1644.52,2340.21,218.808,793.584,1535.41,48.5229,2384.57,102.338,92.8577,-0.307173,-0.240238,0.408577,0.248435,0,0,0,0,0,0,0,64.4789,0,0.993321,0,0,222.347,889.949,0,0,866.005,3460.75,0
1691509920566569408,1757,1756,1,0.999431,19.3839,33.784,51.67,63.2419,123.551,3.11009,218.532,506.457,914.7,1175.12,856.49,3481.83,9797.53,15366.3,1124.39,1372.86,2618.06,515.779,570.677,360.266,151396,7511.4,10234.9,3.35632,3.4437,0,0,0.0496143,0,15.38,56.3426,116.521,1054.02,1770.62,7222.06,0.00589534,0.000539178,8,8,12,0.6,1,2.01139,1.13136,0.880024,0.0135032,0.152789,1756,0,0,0,0,0.001,0,0,0,0,0,0,0,0,0,0,0,0,0,0,0,0,0,0,0,0,0,0,0,0,0,0,0,0,0,0,0,0,0,0,0,0,19.3839,51.67,11.7473,580.158,713.094,0,0.919107,-0.39128,0.04629,0.999982,0.341382,0.117642,0.754386,0.86,918.515,1091.76,1543.46,2343.54,217.595,781.041,1486.29,47.6211,2326.02,129.211,99.7545,-0.104827,0.477926,0.975076,-0.549027,0,0,0,0,0,0,0,63.2419,0,0.994305,0,0,218.532,914.7,0,0,856.49,3481.83,0
1691509920664529164,1881,1880,1,0.999468,20.1831,36.8704,54.8175,68.1217,116.85,1.47843,222.523,480.103,858.705,1122.82,836.262,3222.6,8848.55,17239,1113.33,1335.76,2426.91,488.067,535.1,348.427,144497,6492.03,9311.93,6.28826,6.28793,0,0,0.0449284,0,17.685,68.7518,117.956,1167,1820.9,6119.63,0.566845,0.0301005,6,6,8,0.571429,1,2.14815,1.12504,1.02311,0.00612239,0.264652,1880,0,0,0,0,0.001,0,0,0,0,0,0,0,0,0,0,0,0,0,0,0,0,0,0,0,0,0,0,0,0,0,0,0,0,0,0,0,0,0,0,0,0,20.1831,54.8175,13.3091,541.749,709.941,0,0.920742,-0.387423,0.0462404,0.999991,0.24005,0.00653335,0.869159,0.93,896.888,1080.05,1541.48,2338.85,221.812,770.794,1491.04,49.2373,2275.1,127.413,101.666,-0.19816,0.0977926,0.204359,-0.0979105,0,0,0,0,0,0,0,68.1217,0,0.996277,0,0,222.523,858.705,0,0,836.262,3222.6,0
1691509920761323194,1896,1894,2,0.998945,20.0264,37.2668,57.8937,69.6276,137.226,1.75667,231.783,482.146,848.833,1072.44,829.013,3231.5,8301.8,15054,990.018,1315.67,2336.13,486.369,529.528,338.539,146880,6348.71,9230.2,4.17478,6.23796,0,0,0.0432239,0,11.4612,70.1084,125.07,969.827,2167.62,5886.11,4.16425e-05,3.84538e-05,6,6,8,0.571429,1,2.60948,1.50242,1.10706,0.0179223,0.603137,1894,0,0,0,0,0.001,0,0,0,0,0,0,0,0,0,0,0,0,0,0,0,0,0,0,0,0,0,0,0,0,0,0,0,0,0,0,0,0,0,0,0,0,20.0264,57.8937,15.6558,567.64,681.704,0,0.922659,-0.382687,0.0474418,0.999986,0.300708,0.0661263,0.869159,0.93,906.433,1084.38,1536.73,2333.97,211.934,778.069,1488.66,54.5337,2344.97,142.013,104.491,-0.387542,0.316557,0.0256335,-0.15976,0,0,0,0,0,0,0,69.6276,0,0.991024,0,0,231.783,848.833,0,0,829.013,3231.5,0
1691509920858409228,1706,1702,3,0.997655,20.8793,36.5116,58.5903,71.1248,180.213,1.10491,229.362,507.286,920.756,1144.38,838.063,3507.65,8957.34,22112.7,967.605,1368.23,2637.46,528.024,554.649,363.482,160805,6482.22,9269.72,6.11845,6.22486,0,0,0.040311,0,20.6697,82.4485,123.503,1069.13,1858.42,6115.55,0.0174095,0.00260824,4,4,11,0.733333,1,2.15213,1.14708,1.00506,0.0157812,0.23678,1702,0,0,0,0,0.001,0,0,0,0,0,0,0,0,0,0,0,0,0,0,0,0,0,0,0,0,0,0,0,0,0,0,0,0,0,0,0,0,0,0,0,0,20.8793,58.5903,9.04591,599.369,735.585,0,0.919199,-0.391027,0.0465951,0.999959,0.519575,0.0225505,0.754386,0.86,954.639,1117.85,1648.74,2334.64,213.824,782.517,1519.57,49.6941,2393.77,133.805,97.1382,0.00395696,-0.242457,-0.521246,0.308175,0,0,0,0,0,0,0,71.1248,0,0.992362,0,0,229.362,920.756,0,0,838.063,3507.65,0
1691509920956965854,1794,1791,3,0.998328,19.3362,35.9982,52.9474,67.3756,165.06,1.25362,223.457,498.722,906.497,1180.28,827.151,3359.36,9221.62,15571.6,950.404,1385.84,2585.53,536.741,527.155,379.071,162108,6919.44,9445.79,27.6529,2.85472,0,0,0.0426841,0,16.5202,62.746,119.396,1002.65,1585.59,6658.89,0.000292751,4.77185e-05,2,2,8,0.8,1,2.02456,1.04663,0.977922,0.00912044,0.268686,1791,0,0,0,0,0.001,0,0,0,0,0,0,0,0,0,0,0,0,0,0,0,0,0,0,0,0,0,0,0,0,0,0,0,0,0,0,0,0,0,0,0,0,19.3362,52.9474,10.345,596.592,730.063,0,0.919988,-0.389149,0.0467511,0.999998,0.117026,0.0109691,0.754386,0.86,922,1116.71,1617.42,2330.35,214.968,769.438,1540.15,46.3251,2398.49,134.346,101.845,-0.2938,-1.04639,0.325928,0.534396,0,0,0,0,0,0,0,67.3756,0,0.992183,0,0,223.457,906.497,0,0,827.151,3359.36,0
1691509921056024812,1812,1812,0,1,19.1411,37.2708,58.1935,72.9776,190.744,3.08791,222.077,486.326,906.977,1135.54,776.462,3201.15,9140.04,18786.6,793.74,1206.21,2415.05,482.907,492.973,378.722,166323,6222.88,8937.12,3.2126,3.23423,0,0,0.0374145,0,22.0383,87.0932,128.769,1011.45,1828.24,5859.53,0.0785281,0.00648837,7,7,12,0.631579,1,2.39084,1.2843,1.10653,0.00617578,0.260222,1812,0,0,0,0,0.001,0,0,0,0,0,0,0,0,0,0,0,0,0,0,0,0,0,0,0,0,0,0,0,0,0,0,0,0,0,0,0,0,0,0.00551876,19.274,46.9575,19.1411,58.2446,11.7077,610.571,751.721,0,0.920342,-0.388325,0.0466346,1,0.0518076,0.0628497,0.801802,0.89,907.801,1095.07,1617.76,2327.08,208.123,731.563,1496.38,55.1891,2420.93,142.425,103.174,-0.188323,-0.685986,0.000562465,0.718049,0,0,0,0,0,0.00551876,47.7368,73.0104,1,0.988901,148.165,640.431,222.077,910.119,253.605,1120.15,780.862,3211.77,0.00046467
1691509921157048122,1902,1902,0,1,19.1931,36.7464,55.2134,67.664,140.117,2.22992,214.531,482.194,858.947,1103.44,665.246,2969.08,7217.72,15009.1,611.948,1105.53,2171.11,460.831,437.175,381.951,141647,5084.56,7335.79,2.34761,2.31598,0,0,0.0358959,0,17.2895,79.7278,123.939,873.513,1448.73,4792.59,0.0145113,0.00178872,8,8,12,0.6,1,2.28273,1.23545,1.04728,0.00948011,0.243389,1902,0,0,0,0,0.001,0,0,0,0,0,0,0,0,0,0,0,0,0,0,0,0,0,0,0,0,0,0,0,0,0,0,0,0,0,0,0,0,0,0.00893796,14.8425,29.5251,19.2873,55.2385,14.0308,580.103,681.867,0,0.920127,-0.388945,0.0456885,0.999999,0.0659538,0.0120449,0.666667,0.8,843.644,1020.48,1498.91,2324.82,205.181,712.529,1449.3,49.3474,2524.27,137.001,110.652,-0.44233,-0.465619,0.165503,0.475871,0,0,0,0,0,0.00893796,39.1446,67.568,1,0.994164,370.145,833.974,212.687,858.605,651.645,1474.98,665.413,2975.5,0.00229612
1691509921259067682,2091,2091,0,1,19.5247,35.5611,54.7555,66.7829,147.529,2.61738,207.973,452.151,796.328,1020.72,622.509,2542.5,6917.9,19564,630.62,988.787,1781.01,403.482,409.632,378.995,137729,4566.83,6599.63,5.71952,5.43284,0,0,0.033158,0,12.457,65.47,128.995,734.923,1364.41,4293.38,0.00127409,0.000312084,3,3,8,0.727273,1,2.42159,1.28996,1.13164,0.00352101,0.175522,2091,0,0,0,0,0.001,0,0,0,0,0,0,0,0,0,0,0,0,0,0,0,0,0,0,0,0,0,0,0,0,0,0,0,0,0,0,0,0,0,0.0047824,9.70817,33.1572,19.5742,54.7639,9.64195,524.564,690.794,0,0.920314,-0.388448,0.0461647,1,0.0408437,0.0290046,0.680672,0.81,788.327,979.321,1437.99,2320.33,203.9,682.839,1419.53,48.406,2472.08,146.164,106.584,-0.604454,-0.603723,0.617658,0.781916,0,0,0,0,0,0.0047824,35.4724,66.8183,1,0.992311,124.196,711.617,208.93,796.328,218.137,1250.94,624.127,2542.51,0.000799442
1691509921361864175,2159,2156,3,0.99861,18.4791,35.4487,57.2652,70.8405,155.029,1.16624,205.645,459.373,834.187,1042.8,605.284,2665.38,7568.8,49026.4,775.789,938.649,1914.51,420.794,470.405,365.177,119565,7151.8,9436.63,5.34181,5.66415,0,0,0.0598152,0,19.5963,78.6166,140.85,794.878,1445.68,6957.01,0.0143624,0.00220348,5,5,11,0.6875,1,2.23352,1.02506,1.20846,0.00251557,0.227964,2156,0,0,0,0,0.001,0,0,0,0,0,0,0,0,0,0,0,0,0,0,0,0,0,0,0,0,0,0,0,0,0,0,0,0,0,0,0,0,0,0.00231911,4.07824,27.1742,18.4882,57.3284,12.2324,486.428,594.339,0,0.922922,-0.382386,0.0446664,0.999977,0.38774,0.0795646,0.769912,0.87,759.661,974.628,1425.94,2311.75,205.043,694.635,1417.61,49.4138,2509.05,153.057,114.481,-0.0275944,-0.0765518,0.686441,0.100964,0,0,0,0,0,0.00231589,33.2585,70.8569,1,0.993491,603.21,867.639,205.619,833.963,1084.88,1554.03,603.929,2677.19,0.000622147
1691509921465397487,2219,2216,3,0.998648,18.0403,35.2866,57.0556,69.164,123.104,1.68557,204.459,468.451,815.541,1038.98,600.934,2552.88,7259.73,30795.3,876.238,840.654,1776.24,460.798,459.33,381.995,127939,5528.31,7620.08,30.0366,1.80011,0,0,0.0432106,0,18.505,81.3434,138.743,742.41,1326.28,5312.79,5.2036e-05,1.06736e-05,2,2,8,0.8,1,2.35975,1.1725,1.18725,0.00778997,0.193786,2216,0,0,0,0,0.001,0,0,0,0,0,0,0,0,0,0,0,0,0,0,0,0,0,0,0,0,0,0,0,0,0,0,0,0,0,0,0,0,0,0.000451264,63.9223,63.9223,18.0354,57.0101,13.3306,466.333,622.336,0,0.92187,-0.384944,0.0444198,0.999996,0.159077,0.0079511,0.818182,0.9,746.351,973.807,1392.5,2309.04,208.098,689.198,1387.81,51.8875,2317.31,153.724,116.552,0.427072,0.169731,-0.0804962,-0.414953,0,0,0,0,0,0.000450653,63.9223,69.177,1,0.995034,523.457,523.457,204.068,815.683,941.932,941.932,600.363,2553.4,0.000116434
1691509921569174529,2053,2053,0,1,19.1521,34.5005,57.8972,73.7519,127.208,1.19774,205.236,468.172,819.874,1044.45,650.608,2485.29,7138.9,21374.4,1006.97,686.272,1709,468.481,437.911,401.992,131685,4330.95,6373.17,4.54676,4.71908,0,0,0.0328887,0,22.1926,100.61,125.378,821.656,1238.69,4064.64,0.00197066,0.000705073,5,4,13,0.764706,1,2.16114,1.00132,1.15982,0.0146767,0.501473,2053,0,0,0,0,0.001,0,0,0,0,0,0,0,0,0,0,0,0,0,0,0,0,0,0,0,0,0,0,0,0,0,0,0,0,0,0,0,0,0,0,0,0,19.1521,57.8972,21.1634,493.435,630.402,0,0.923301,-0.381198,0.0469444,0.999989,0.271487,0.0421071,0.639344,0.78,804.599,974.412,1385.3,2295.16,206.746,711.118,1356.74,48.1808,2411,139.055,118.029,0.115213,-0.139697,-0.551293,0.118448,0,0,0,0,0,0,0,73.7519,0,0.991719,0,0,205.236,819.874,0,0,650.608,2485.29,0
1691509921672325951,2087,2085,2,0.999042,19.9731,36.1629,60.5979,75.068,171.656,0.369012,208.398,463.78,837.872,1064.17,628.861,2607.18,6755.94,10578.7,975.032,714.327,1900.08,427.154,464.59,364.663,133797,4210.16,6077.06,3.19628,2.26322,0,0,0.0314668,0,16.5224,92.6596,121.705,707.504,1155.42,3983.24,0.0115934,0.000743521,4,3,11,0.785714,1,2.35966,1.04892,1.31074,0.00459813,0.148208,2085,0,0,0,0,0.001,0,0,0,0,0,0,0,0,0,0,0,0,0,0,0,0,0,0,0,0,0,0,0,0,0,0,0,0,0,0,0,0,0,0,0,0,19.9731,60.5979,13.6036,497.179,653.218,0,0.921839,-0.384911,0.0453564,0.999991,0.246092,0.0481465,0.73913,0.85,803.675,985.185,1349.56,2294.35,210.457,706.16,1336.26,54.0611,2417.27,140.969,104.674,0.315879,-0.563425,0.227689,0.503678,0,0,0,0,0,0,0,75.068,0,0.988969,0,0,208.398,837.872,0,0,628.861,2607.18,0
1691509921774717900,2100,2088,12,0.994286,19.702,34.985,58.051,72.1843,152.9,0.410886,216.602,468.899,840.844,1073.33,626.764,2620.82,6187.05,9545.28,1002.19,747.914,1803.5,429.616,483.083,390.355,137038,3974.73,5805.08,4.73083,4.75307,0,0,0.0290045,0,21.004,86.0707,119.72,863.006,958.607,3756.67,0.023722,0.00232174,6,6,9,0.6,1,2.3571,1.13302,1.22407,0.0110644,0.290658,2088,0,0,0,0,0.001,0,0,0,0,0,0,0,0,0,0,0,0,0,0,0,0,0,0,0,0,0,0,0,0,0,0,0,0,0,0,0,0,0,0.00143678,14.237,67.2925,19.7044,57.9701,18.407,518.679,653.914,0,0.923163,-0.381666,0.0458449,0.999994,0.202729,0.0314329,0.785714,0.88,814.063,990.147,1387.14,2284.3,209.029,707.928,1320.8,47.6298,2474.36,142.572,107.579,0.232487,-0.816221,-0.127078,0.739001,0,0,0,0,0,0.00142857,73.9244,72.1208,1,0.98753,43.5116,516.425,216.924,841.5,78.0324,930.023,627.703,2622.14,0.000226279
1691509921876033172,2147,2142,5,0.997671,18.2662,36.5017,60.2716,75.7004,180.16,-0.068435,210.04,465.507,789.279,1031.11,614.594,2562.45,6385.55,23111.6,897.884,852.513,1934.38,381.086,499.274,375.153,151269,4711.32,6720.25,2.33142,1.2464,0,0,0.0311453,0,2.34284,82.0673,112.827,880.36,1165.69,4476.97,0.000546566,6.37924e-05,5,4,9,0.692308,1,2.56819,1.216,1.35219,0.0156661,0.194565,2142,0,0,0,0,0.001,0,0,0,0,0,0,0,0,0,0,0,0,0,0,0,0,0,0,0,0,0,0,0,0,0,0,0,0,0,0,0,0,0,0.00887021,18.2777,67.3678,18.2618,60.2553,14.3269,552.572,705.101,0,0.920361,-0.388346,0.0460703,0.999974,0.415223,0.0751071,0.652893,0.79,786.761,989.998,1391.44,2276.59,206.139,695.813,1282.74,50.3205,2544.54,127.062,89.5197,-0.146789,0.408865,-0.47182,-0.221001,0,0,0,0,0,0.00884956,70.0909,75.6951,1,0.983514,38.3335,193.554,210.908,793.501,68.338,342.918,619.921,2594.79,0.000188193
1691509921975538306,1974,1966,8,0.995947,18.5841,36.7203,57.9252,71.3068,134.611,0.186799,213.067,455.728,875.928,1147.26,646.437,2665.52,7759.86,13847.9,907.008,974.149,1957.1,413.711,495.54,377.829,147583,4724.21,6648.78,3.81128,3.79523,0,0,0.0320105,0,1.86753,76.113,118.524,846.427,1089.86,4515.98,0.00568233,0.000925603,7,7,12,0.631579,1,2.28908,1.15634,1.13274,0.0151041,0.201198,1966,0,0,0,0,0.001,0,0,0,0,0,0,0,0,0,0,0,0,0,0,0,0,0,0,0,0,0,0,0,0,0,0,0,0,0,0,0,0,0,0.0193286,23.8461,67.7517,18.4729,57.3434,8.15472,588.006,668.839,0,0.91869,-0.392431,0.044792,0.999989,0.263257,0.0547839,0.6,0.75,836.247,1004.43,1462.43,2271.58,212.049,713.064,1391.8,46.8618,2711.6,140.638,89.3398,0.318165,0.37351,0.120213,-0.432839,0,0,0,0,0,0.0192503,71.7838,71.3012,1,0.989108,62.7869,852.426,214.661,876.337,110.67,1491.62,656.912,2678.79,0.00304927
1691509922074517018,1918,1914,4,0.997914,18.8945,35.1645,56.0756,71.3308,171.736,-0.503405,216.193,479.375,828.659,1079.91,668.179,2713.5,8672.76,16714.2,918.267,1045.41,2081.12,389.575,536.469,395.2,158299,5733.06,7693.93,1.69242,1.85402,0,0,0.0362168,0,0.752216,73.3861,107.9,750.093,1209.79,5552.01,0.00416578,0.000399346,6,6,8,0.571429,1,2.25448,1.13979,1.11469,0.0201505,0.148682,1914,0,0,0,0,0.001,0,0,0,0,0,0,0,0,0,0,0,0,0,0,0,0,0,0,0,0,0,0,0,0,0,0,0,0,0,0,0,0,0,0.0496343,22.255,65.7799,18.551,55.739,14.6736,615.768,705.558,0,0.920911,-0.387135,0.0452746,0.999983,0.330185,0.0176507,0.680672,0.81,873.249,1021.89,1496.6,2258.06,212.654,729.2,1385.2,46.5286,2695.2,126.136,73.3653,-0.0221548,-0.221328,0.469753,0.0324285,0,0,0,0,0,0.0495308,74.7413,70.8861,1,0.985706,125.373,870.623,219.977,819.791,217.388,1510.34,700.916,2804.68,0.00789451
1691509922173210676,1924,1918,6,0.996881,19.2412,35.225,60.4404,72.3935,180.363,0.205247,215.569,460.808,821.902,1025.31,675.111,2676.03,7181.2,20473.8,851.055,980.275,1961.15,432.785,500.08,343.638,170743,4870.81,6684.53,1.81299,1.93527,0,0,0.028527,0,2.48045,64.1738,110.14,786.373,1027.23,4694.14,0.012581,0.000818767,7,7,11,0.611111,1,2.37077,1.24308,1.12769,0.0121335,0.0486067,1918,0,0,0,0,0.001,0,0,0,0,0,0,0,0,0,0,0,0,0,0,0,0,0,0,0,0,0,0,0,0,0,0,0,0,0,0,0,0,0,0.0740355,19.1227,68.1496,19.2412,59.6959,11.3903,662.338,736.271,0,0.91872,-0.392567,0.0429552,0.99998,0.360942,0.10343,0.769912,0.87,895.455,1042.69,1456.43,2251.82,218.958,732.354,1322.6,48.2506,2672.93,129.163,61.9562,-0.195591,0.24277,0.613413,-0.328175,0,0,0,0,0,0.0738046,74.5025,72.2831,1,0.990991,133.55,742.184,220.365,831.134,226.679,1242.02,697.746,2761.24,0.00996327
1691509922271158435,1801,1798,3,0.998334,19.9086,38.5298,63.5139,76.1683,160.296,-1.43032,205.975,454.79,811.973,1027.44,645.229,2511.07,6139.84,13589.9,799.959,976.166,1941.9,436.071,518.696,339.24,169887,3971.33,5392.25,0.618228,0.892164,0,0,0.0233763,0,0.547376,52.9954,98.4498,505.969,901.507,3832.79,0.0170368,0.000685328,7,6,11,0.647059,1,2.70988,1.54613,1.16375,0.0115509,0.18521,1798,0,0,0,0,0.001,0,0,0,0,0,0,0,0,0,0,0,0,0,0,0,0,0,0,0,0,0,0,0,0,0,0,0,0,0,0,0,0,0,0.083426,20.1905,62.6514,19.9086,63.5612,13.4517,675.303,752.245,0,0.92223,-0.384147,0.0438458,0.999958,0.525152,0.0226511,0.73913,0.85,901.756,1061.21,1500.41,2227.2,223.469,731.876,1383.29,51.7044,2679.6,121.742,56.882,-0.178536,0.208016,0.240475,-0.298518,0,0,0,0,0,0.0832871,78.3197,75.9684,0.98,0.991505,270.858,789.312,205.201,812.363,459.626,1315.52,658.148,2662.14,0.0171233
1691509922368729347,1718,1716,2,0.998836,21.4238,39.7218,62.4207,77.4828,178.392,-1.09602,219.302,489.73,808.782,1037.14,653.248,2691.21,6573.14,13932.6,769.557,935.983,2142.02,439.257,536.067,316.33,173765,3975.26,5570.46,26.7534,2.08063,0,0,0.0228773,0,2.06025,54.1555,97.5671,777.26,832.428,3806.99,6.3922e-05,1.1119e-05,2,2,8,0.8,1,2.95436,1.78374,1.17062,0.00787818,0.188192,1716,0,0,0,0,0.001,0,0,0,0,0,0,0,0,0,0,0,0,0,0,0,0,0,0,0,0,0,0,0,0,0,0,0,0,0,0,0,0,0,0.0839161,23.3237,62.3035,21.2115,62.3572,12.1146,671.341,759.544,0,0.920667,-0.387889,0.0437541,0.999992,0.232428,0.0349489,0.73913,0.85,900.342,1054.13,1448.85,2202.59,221.662,738.069,1354.5,50.5081,2687.03,123.284,59.5395,0.106067,-1.09151,-0.00456177,-0.150368,0,0,0,0,0,0.0838184,68.9756,78.0119,1,0.985369,374.198,827.73,211.192,806.625,623.891,1359.51,661.068,2789.81,0.0191609
1691509922466287153,1628,1623,5,0.996929,20.3032,39.2047,65.6304,80.4264,136.971,-2.00984,223.079,465.662,796.428,1033.48,721.367,2690.53,6905.83,53785.6,825.799,883.299,2041.81,453.557,521.164,296.135,167162,5908.99,9128.02,3.59516,2.86293,0,0,0.0353488,0,11.8763,55.0905,97.6229,859.337,3237.52,4866.57,7.80734e-05,1.77494e-05,4,4,8,0.666667,1,2.62556,1.48813,1.13743,0.0129517,0.276234,1623,0,0,0,0,0.001,0,0,0,0,0,0,0,0,0,0,0,0,0,0,0,0,0,0,0,0,0,0,0,0,0,0,0,0,0,0,0,0,0,0.0924214,17.2056,55.9715,20.7581,66.1379,12.0908,648.66,737.249,0,0.920065,-0.389261,0.044235,0.999999,0.090121,0.00668768,0.801802,0.89,900.991,1037.77,1438.2,2185.09,223.079,749.465,1325.29,49.3639,2616.94,107.552,79.7224,-0.0597239,0.166732,0.42775,-0.125122,0,0,0,0,0,0.0921376,72.0826,80.7103,0.993333,0.984386,356.215,816.36,217.431,786.039,562.51,1334.23,735.246,2801.85,0.0123273
1691509922564437244,1591,1586,5,0.996857,19.649,38.3235,65.6746,80.0392,173.745,-0.827589,227.725,480.102,804.239,1008,679.678,2497.84,7945.15,18857.5,795.33,894.795,2005.53,467.307,526.914,321.186,169167,3925.78,5972.11,14.5129,2.71175,0,0,0.0232065,0,8.37573,57.4472,95.9904,793.163,1463.51,3553.62,5.92562e-05,1.4786e-05,2,2,8,0.8,1,2.24692,1.14583,1.10109,0.0118736,0.117711,1586,0,0,0,0,0.001,0,0,0,0,0,0,0,0,0,0,0,0,0,0,0,0,0,0,0,0,0,0,0,0,0,0,0,0,0,0,0,0,0,0.115385,16.366,61.518,20.2467,66.7638,10.4333,632.025,745.541,0,0.918967,-0.39189,0.043834,0.999996,0.164853,0.0411316,0.680672,0.81,878.258,1027.42,1425.7,2163.98,223.769,731.417,1311.08,48.3824,2565.32,114.494,65.4999,0.0835055,0.52404,-0.212395,-0.288992,0,0,0,0,0,0.115022,83.9937,79.6047,0.978142,0.984319,328.088,758.582,219.89,814.544,528.146,1248.87,711.412,2684.22,0.017752
1691509922663067480,1500,1491,9,0.994,20.2339,38.6923,64.3738,79.1696,143.871,-2.34936,236.536,492.71,804.687,1013.94,695.817,2660.24,7039.45,16342.2,773.873,860.98,2154,484.427,547.005,298.811,165142,3878.97,5069.79,31.9569,5.32991,0,0,0.0234886,0,3.14416,44.4377,84.9143,410.4,743.184,3783.71,0.000177656,2.8813e-05,2,2,8,0.8,1,2.45048,1.41108,1.0394,0.0072893,0.158832,1491,0,0,0,0,0.001,0,0,0,0,0,0,0,0,0,0,0,0,0,0,0,0,0,0,0,0,0,0,0,0,0,0,0,0,0,0,0,0,0,0.131455,15.0997,48.2259,21.5139,67.6562,15.5601,605.993,724.447,0,0.921207,-0.386625,0.0435696,0.999984,0.328142,0.0261902,0.709402,0.83,872.08,1020.87,1363.23,2138.58,233.749,742.67,1316.7,51.0175,2503.83,99.1294,56.426,-0.277433,0.344584,0.111483,-0.605847,0,0,0,0,0,0.130667,55.8014,80.1934,0.994898,0.982239,333.944,756.275,226.301,827.515,517.883,1189.87,729.885,2860.81,0.0233406
1691509922761896288,1515,1514,1,0.99934,20.8692,40.174,63.7752,79.532,163.366,-1.54688,228.407,442.09,798.499,973.177,656.048,2638.69,7230.23,12584.9,810.155,867.183,2022.4,452.981,525.979,274.382,168675,3368.11,4832.99,2.17906,2.04225,0,0,0.019968,0,7.54188,46.5079,80.563,687.066,818.621,3192.69,0.0179831,0.00183821,3,3,7,0.7,1,2.40128,1.32627,1.07501,0.00350174,0.238554,1514,0,0,0,0,0.001,0,0,0,0,0,0,0,0,0,0,0,0,0,0,0,0,0,0,0,0,0,0,0,0,0,0,0,0,0,0,0,0,0,0.125495,13.7743,50.2492,22.4242,65.6718,11.9428,593.714,736.343,0,0.921043,-0.387086,0.0429409,1,0.0456212,0.00190067,0.694915,0.82,868.804,1012.03,1287.55,2103.18,227.41,734.255,1253.11,47.5876,2515.23,98.0653,54.0635,-0.0373656,0.199082,-0.0298159,-0.355512,0,0,0,0,0,0.125413,64.0127,81.7696,1,0.975076,310.107,695.634,219.227,815.701,498.834,1085.9,692.61,2782.63,0.0182228
1691509922861773263,1457,1454,3,0.997941,20.5886,39.7911,63.483,76.0772,183.639,-3.11654,222.345,466.528,768.884,979.242,658.494,2721.12,8122.98,20069.1,778.193,824.01,2218.17,460.694,519.722,256.668,164990,3982.68,5518.09,6.62345,6.63062,0,0,0.0241389,0,11.6067,50.1179,78.4983,703.856,847.985,3826.02,0.12536,0.0135788,7,6,11,0.647059,1,2.08818,1.0921,0.996077,0.00330566,0.147602,1454,0,0,0,0,0.001,0,0,0,0,0,0,0,0,0,0,0,0,0,0,0,0,0,0,0,0,0,0,0,0,0,0,0,0,0,0,0,0,0,0.147868,12.9552,47.1009,22.0001,65.2307,14.7995,604.153,742.048,0,0.92104,-0.387087,0.0430022,1,0.00352047,0.00402931,0.680672,0.81,865.265,1008.75,1402.88,2046.77,224.81,732.332,1274.37,50.5785,2431.71,92.654,52.8051,0.133245,0.153566,-0.159633,-0.153447,0,0,0,0,0,0.147563,59.5411,77.0721,0.981395,0.983858,239.356,668.717,220.813,792.153,378.3,1043.31,732.659,2907.68,0.017162
1691509922961484574,1533,1529,3,0.997391,19.6074,37.4811,60.4446,72.1312,142.832,-2.18569,210.988,408.209,736.968,938.184,578.81,2411.9,6498.1,15643.3,726.108,789.061,1960.62,414.38,482.879,260.416,172557,3307.57,4611.2,3.4422,3.44599,0,0,0.019168,0,3.62489,45.6883,74.328,632.215,682.51,3172.83,0.136538,0.00999513,6,6,9,0.6,1,2.03326,1.0819,0.951359,0.00896469,0.293636,1529,0,0,0,0,0.001,0,0,0,0,0,0,0,0,0,0,0,0,0,0,0,0,0,0,0,0,0,0,0,0,0,0,0,0,0,0,0,0,0,0.145193,12.4848,45.6247,21.4488,62.4742,16.0277,637.716,750.256,0,0.921678,-0.38552,0.0434006,0.999998,0.0996216,0.0202506,0.666667,0.8,845.95,988.618,1255.24,2005.85,222.639,720.23,1240.91,43.4862,2452.71,86.5612,52.5685,0.0450498,0.444598,-0.070945,-0.448987,0,0,0,0,0,0.144814,56.2577,76.1696,1,0.985463,246.137,720.77,207.219,737.174,403.276,1123.17,608.74,2607.62,0.0241317
1691509923061574897,1339,1331,8,0.994025,21.451,38.6916,59.3711,74.4802,125.96,1.04607,215.724,431.899,707.62,928.108,647.553,2551.06,9400.55,19683.4,760.218,741.264,2103.77,403.942,482.914,258.533,173231,3999.21,5713.31,6.35578,5.37677,0,0,0.023086,0,3.25012,42.6637,71.5144,599.408,1244.23,3752.24,4.96548e-05,2.99338e-05,2,2,8,0.8,1,2.02167,1.18709,0.834584,0.00442896,0.122245,1331,0,0,0,0,0.001,0,0,0,0,0,0,0,0,0,0,0,0,0,0,0,0,0,0,0,0,0,0,0,0,0,0,0,0,0,0,0,0,0,0.120962,10.0229,35.0821,23.2631,61.0495,11.9409,653.069,744.99,0,0.920095,-0.38934,0.0428833,0.999991,0.238776,0.072195,0.709402,0.83,872.544,1001.37,1445.97,1963.49,221.72,728.996,1248.14,53.8329,2508.36,75.0691,43.9691,-0.0733408,0.315744,0.397319,-0.301749,0,0,0,0,0,0.120239,51.1808,76.3693,0.993789,0.993162,211.545,825.302,216.398,680.429,334.452,1355.74,675.71,2678.73,0.0184586
1691509923162648880,1363,1356,6,0.994864,20.1047,38.4364,60.6214,75.3925,138.147,1.56818,217.037,427.473,716.316,906.117,643.668,2428.12,8125.15,14849,751.702,824.443,1939.58,378.999,484.204,266.933,172365,3094.64,4525.67,7.55565,2.36723,0,0,0.017954,0,14.0037,43.2121,60.1388,593.308,922.118,2892.89,0.000167304,3.87725e-05,2,2,8,0.8,1,2.17875,1.30141,0.877341,0.00638562,0.131797,1356,0,0,0,0,0.001,0,0,0,0,0,0,0,0,0,0,0,0,0,0,0,0,0,0,0,0,0,0,0,0,0,0,0,0,0,0,0,0,0,0.10177,10.7613,30.2637,22.1663,63.1673,11.894,626.253,758.853,0,0.91952,-0.390673,0.0431045,0.999999,0.0841939,0.1067,0.680672,0.81,855.379,1001.53,1500.59,2620.99,222.827,719.44,1248.07,51.9375,2472.29,71.8412,47.7928,-0.319891,-0.312038,-0.243886,-0.489527,0,0,0,0,0,0.101247,44.3668,77.3224,1,0.986043,212.659,854.51,217.465,709.497,342.081,1374.52,670.146,2570.61,0.01692
1691509923264294173,1513,1502,11,0.99273,18.4732,34.8934,56.3366,67.7487,134.62,-1.5867,200.806,417.808,688.437,868.87,615.239,2326.03,7312.09,15491.8,787.807,817.355,1839.55,341.502,459.893,266.588,159930,3251.31,5141.22,9.1393,3.172,0,0,0.0203296,0,23.8681,57.3436,70.9962,623.736,1614.63,2750.64,0.000128281,5.94157e-05,3,3,8,0.727273,1,1.92724,1.12789,0.799346,0.00860386,0.194524,1502,0,0,0,0,0.001,0,0,0,0,0,0,0,0,0,0,0,0,0,0,0,0,0,0,0,0,0,0,0,0,0,0,0,0,0,0,0,0,0,0.0832224,9.11869,23.9786,19.8212,57.2499,14.1414,614.096,724.763,0,0.921309,-0.386367,0.0437022,0.999989,0.26936,0.00904697,0.6,0.75,810.467,981.619,1264.69,2195.65,211.353,681.279,1232.32,47.4494,2529.18,76.0656,59.2634,-0.0263026,0.413822,0.0412359,-0.203495,0,0,0,0,0,0.0826173,35.8367,69.8698,1,0.994916,130.631,738.039,203.609,680.277,224.213,1219.09,644.733,2577.81,0.0114116
1691509923365608768,1584,1575,9,0.994318,18.5241,34.2801,54.3652,70.18,156.939,-0.716246,199.711,402.372,704.011,849.249,588.925,2317.61,7577.41,23258.5,701.194,877.163,1869.23,369.003,438.177,277.733,159104,4070.13,6246.49,3.2511,3.26982,0,0,0.0255816,0,21.3388,53.6088,79.3607,519.461,2170.37,3402.35,0.034719,0.00286095,12,12,15,0.555556,1,2.09566,1.22134,0.874325,0.0250198,0.0651715,1575,0,0,0,0,0.001,0,0,0,0,0,0,0,0,0,0,0,0,0,0,0,0,0,0,0,0,0,0,0,0,0,0,0,0,0,0,0,0,0,0.0768254,9.31127,27.4674,19.4927,56.0706,12.466,593.496,719.038,0,0.920774,-0.387788,0.042381,0.999998,0.115329,0.00490829,0.694915,0.82,776.463,947.66,1232.41,1933.47,211.701,661.349,1223.29,54.2721,2660.69,84.6679,59.5887,-0.346566,0.253116,0.493831,-0.258295,0,0,0,0,0,0.0763889,34.3802,71.6934,1,0.98762,131.389,807.437,201.944,680.486,217.067,1364.9,605.259,2499.86,0.0101329
1691509923467204258,1672,1666,6,0.996411,18.0948,33.3855,51.8512,64.5687,135.403,-0.083378,194.459,379.389,666.892,824.531,586.498,2180.18,6043.33,15843.8,729.508,748.57,1644.76,323.574,451.959,259.249,152042,2741.19,4257.59,3.5238,3.52671,0,0,0.0180292,0,19.2967,52.3658,72.1124,564.384,1108.36,2441.08,0.0139905,0.00245114,7,7,15,0.681818,1,1.81861,0.993908,0.824699,0.0111559,0.0760298,1666,0,0,0,0,0.001,0,0,0,0,0,0,0,0,0,0,0,0,0,0,0,0,0,0,0,0,0,0,0,0,0,0,0,0,0,0,0,0,0,0.0546218,9.39546,26.3232,18.8478,52.8663,13.4677,552.049,693.483,0,0.920143,-0.389419,0.0411138,0.999998,0.123705,0.00990527,0.694915,0.82,761.03,915.061,1228.05,1919.04,207.707,657.35,1217.57,58.9174,2573.8,77.7249,53.1099,0.0990974,0.105453,0.190443,-0.102254,0,0,0,0,0,0.0544258,31.0626,65.5004,1,0.991746,126.094,740.897,196.045,660.764,216.157,1271.81,606.76,2242.66,0.00977877
1691509923569291278,1734,1733,1,0.999423,17.7697,32.1891,50.5872,65.0035,155.002,-1.41056,188.712,380.092,641.195,825.541,546.741,2180.85,6454.13,13634.3,669.818,793.682,1667.36,326.979,446.779,257.131,145957,3119.08,4629.82,2.21123,2.85175,0,0,0.0213699,0,18.797,57.6418,76.4508,519.033,1079.69,2878.2,0.000367156,0.000168781,5,4,9,0.692308,1,2.18113,1.34764,0.833493,0.0102303,0.2507,1733,0,0,0,0,0.001,0,0,0,0,0,0,0,0,0,0,0,0,0,0,0,0,0,0,0,0,0,0,0,0,0,0,0,0,0,0,0,0,0,0.033468,14.4664,32.1831,18.0016,51.1084,13.613,544.788,647.599,0,0.923,-0.38271,0.0400499,0.999973,0.42224,0.132566,0.801802,0.89,751.083,910.837,1244.93,1920.47,213.646,671.577,1225.5,55.8546,2781.39,78.9879,60.9523,-0.085396,0.181909,-0.217385,-0.159641,0,0,0,0,0,0.0334487,34.9038,65.4245,1,0.99403,111.04,666.316,189.507,638.561,194.224,1162.33,555.817,2225.07,0.00589785
1691509923670371443,1608,1602,6,0.996269,19.1473,33.8359,50.009,64.3244,182.769,-1.20954,207.558,381.642,660.589,858.194,624.798,2438.35,5868.74,11494.7,828.719,782.981,1844.72,315.251,468.822,264.604,149986,2638.83,4024.79,7.95265,6.68407,0,0,0.0175939,0,15.4821,49.5318,62.0045,527.655,978.094,2392.02,0.00587448,0.000960457,4,4,9,0.692308,1,1.95817,1.18745,0.770721,0.00842702,0.242277,1602,0,0,0,0,0.001,0,0,0,0,0,0,0,0,0,0,0,0,0,0,0,0,0,0,0,0,0,0,0,0,0,0,0,0,0,0,0,0,0,0,0,0,19.1473,50.009,11.7406,551.005,673.254,0,0.921748,-0.385556,0.0415736,0.999994,0.198395,0.0674106,0.709402,0.83,742.935,897.728,1228.33,1921.65,212.795,662.665,1209.1,56.6266,2674.41,58.3143,62.2849,0.473379,1.82204,0.212432,-1.01826,0,0,0,0,0,0,0,64.3244,0,0.996879,0,0,207.558,660.589,0,0,624.798,2438.35,0
1691509923771493295,1485,1480,5,0.996633,18.8588,32.7971,51.6693,70.4257,182.544,-0.367067,209.027,393.489,638.806,809.771,659.75,2474.16,6112.56,28969.9,721.041,651.175,1917.16,318.313,512.242,200.648,148524,3164.45,5030.95,3.91657,4.14251,0,0,0.021306,0,17.8076,38.7261,55.6705,600.727,1755.71,2562.31,0.0157465,0.00225392,3,3,7,0.7,1,1.96551,1.19071,0.774805,0.0101019,0.166468,1480,0,0,0,0,0.001,0,0,0,0,0,0,0,0,0,0,0,0,0,0,0,0,0,0,0,0,0,0,0,0,0,0,0,0,0,0,0,0,0,0,0,0,18.8588,51.6693,12.0607,561.733,674.206,0,0.92076,-0.387951,0.0411619,0.999997,0.150308,0.0200081,0.73913,0.85,755.271,897.271,1233.22,1921.54,215.119,664.317,1214.09,52.515,2641.48,58.299,44.3733,-0.115262,0.0679837,0.358987,-0.0446389,0,0,0,0,0,0,0,70.4257,0,0.993243,0,0,209.027,638.806,0,0,659.75,2474.16,0
1691509923872911473,1446,1434,12,0.991701,17.4675,31.8575,50.7619,63.3703,139.534,0.428349,203.903,384.158,645.301,808.998,653.696,2422.82,6694.25,14680.2,765.035,666.112,1808.31,310.889,480.55,221.501,146633,2691.14,4106.95,2.47289,2.42854,0,0,0.0183529,0,16.114,42.2668,51.6916,605.116,947.775,2443.99,0.0430966,0.00478158,7,6,11,0.647059,1,1.828,1.14076,0.687238,0.0130497,0.264832,1434,0,0,0,0,0.001,0,0,0,0,0,0,0,0,0,0,0,0,0,0,0,0,0,0,0,0,0,0,0,0,0,0,0,0,0,0,0,0,0,0,0,0,17.4675,50.7619,13.612,563.866,680.522,0,0.921508,-0.386194,0.0409449,0.999998,0.1101,0.0122646,0.73913,0.85,760.712,918.644,1234.09,1919.12,214.067,667.32,1212.34,50.9355,2633.86,53.744,42.184,-0.175643,0.327408,-0.0203525,-0.305724,0,0,0,0,0,0,0,63.3703,0,0.993724,0,0,203.903,645.301,0,0,653.696,2422.82,0
1691509923974154678,1467,1467,0,1,18.3082,32.4589,51.317,64.2269,177.421,-0.979946,217.678,412.209,663.293,875.716,682.41,2542.71,6493.41,17053.4,978.025,843.202,1832.9,309.108,507.326,265.219,149008,2885.26,4757.45,2.13735,2.08823,0,0,0.0193632,0,15.201,49.8658,55.2861,744.415,1639.49,2253.19,0.00637013,0.000750365,6,5,13,0.722222,1,2.01894,1.29187,0.727071,0.00812825,0.30356,1467,0,0,0,0,0.001,0,0,0,0,0,0,0,0,0,0,0,0,0,0,0,0,0,0,0,0,0,0,0,0,0,0,0,0,0,0,0,0,0,0,0,0,18.3082,51.317,13.8865,549.111,694.003,0,0.922686,-0.383436,0.0403539,0.999995,0.175154,0.0736197,0.769912,0.87,748.647,914.754,1288.68,1953.56,215.6,658.929,1233.26,61.1326,2574.94,56.3798,56.5165,-0.512533,0.131042,0.0528026,-0.0565928,0,0,0,0,0,0,0,64.2269,0,0.993183,0,0,217.678,663.293,0,0,682.41,2542.71,0
1691509924074538661,1591,1591,0,1,18.7383,32.3794,48.2941,60.5155,101.349,-2.00718,205.532,397.151,665.417,878.329,692.766,2788.14,6693.44,18560.4,895.123,945.469,1966.14,311.877,505.256,277.688,155071,3619.83,5743.32,18.1949,2.20108,0,0,0.0233431,0,13.537,44.145,57.6783,739.286,1895.87,2992.8,4.57691e-05,1.40802e-05,2,2,8,0.8,1,1.80454,1.0976,0.706942,0.00715418,0.315016,1591,0,0,0,0,0.001,0,0,0,0,0,0,0,0,0,0,0,0,0,0,0,0,0,0,0,0,0,0,0,0,0,0,0,0,0,0,0,0,0,0,0,0,18.7383,48.2941,11.8121,569.649,733.539,0,0.920741,-0.387997,0.041162,0.999987,0.287853,0.00963053,0.709402,0.83,755.777,924.363,1306.76,2327.1,214.619,649.025,1232.78,58.8759,2497.3,61.5958,52.5316,-0.0485895,-0.825127,-0.207831,0.318065,0,0,0,0,0,0,0,60.5155,0,0.998114,0,0,205.532,665.417,0,0,692.766,2788.14,0
1691509924174371386,1468,1466,2,0.998638,19.356,34.6525,56.4066,71.3892,184.347,0.586213,204.833,409.983,731.15,973.378,682.748,2900.91,8839.96,20596,1170.8,902.518,2159.84,289.16,562.428,313.298,150779,4704.33,7076.75,4.08333,4.01034,0,0,0.0312001,0,7.9331,33.5758,48.2784,884.051,1884.64,4218.27,0.00601178,0.00100464,4,3,10,0.769231,1,1.90989,1.07543,0.83446,0.00745694,0.256031,1466,0,0,0,0,0.001,0,0,0,0,0,0,0,0,0,0,0,0,0,0,0,0,0,0,0,0,0,0,0,0,0,0,0,0,0,0,0,0,0,0,0,0,19.356,56.4066,13.2322,609.049,702.718,0,0.921242,-0.386644,0.0426672,0.999998,0.119455,0.0333027,0.626016,0.77,805.127,974.768,1449.53,1958.08,213.584,680.938,1235.26,59.8059,2590.18,48.5295,41.23,-0.226565,0.270189,-0.104558,-0.344363,0,0,0,0,0,0,0,71.3892,0,0.99045,0,0,204.833,731.15,0,0,682.748,2900.91,0
1691509924274410457,1392,1390,2,0.998563,20.7273,37.9554,56.6545,71.6344,148.232,-0.19964,206.746,412.334,738.913,1002.88,738.336,3049.61,10032,23399.7,1256.24,893.486,2300.25,334.63,545.924,286.969,163841,4948.76,7655.67,2.58046,2.53413,0,0,0.0302047,0,11.2875,40.9924,60.6372,866.135,2488.03,4188.59,0.0216037,0.00255756,7,7,10,0.588235,1,2.40478,1.56828,0.8365,0.0143213,0.257956,1390,0,0,0,0,0.001,0,0,0,0,0,0,0,0,0,0,0,0,0,0,0,0,0,0,0,0,0,0,0,0,0,0,0,0,0,0,0,0,0,0,0,0,20.7273,56.6545,14.7725,655.5,749.727,0,0.921002,-0.387351,0.0413962,0.999999,0.0844627,0.0294196,0.666667,0.8,839.987,997.522,1535.8,2024.39,220.056,686.835,1310.87,61.6512,2640.53,62.5431,45.4277,-0.497857,-0.314605,0.162929,0.308748,0,0,0,0,0,0,0,71.6344,0,0.991367,0,0,206.746,738.913,0,0,738.336,3049.61,0
1691509924372852199,1423,1419,3,0.997189,21.0097,37.3939,56.7587,71.6803,129.565,-1.74039,224.48,447.7,780.514,1079.98,798.528,3212.31,8506.85,16694.1,1365.18,968.141,2535.22,395.401,517.632,323.139,167223,4661.2,7226.5,2.53488,2.51515,0,0,0.0278741,0,20.8379,48.1648,65.8217,985.283,2027.31,4079.08,0.00549018,0.00038987,7,7,8,0.533333,1,2.52975,1.66107,0.868689,0.0286005,0.234312,1419,0,0,0,0,0.001,0,0,0,0,0,0,0,0,0,0,0,0,0,0,0,0,0,0,0,0,0,0,0,0,0,0,0,0,0,0,0,0,0,0,0,0,21.0097,56.7587,13.0071,657.023,754.97,0,0.921176,-0.386788,0.0427831,0.999999,0.0863477,0.00987018,0.754386,0.86,836.591,995.072,1599.47,2620.5,225.801,690.612,1344.13,69.9403,2578.93,67.3989,53.6546,0.048138,1.13614,-0.488405,-1.05635,0,0,0,0,0,0,0,71.6803,0,0.987315,0,0,224.48,780.514,0,0,798.528,3212.31,0
1691509924470991585,1324,1322,2,0.998489,21.1834,37.3112,59.8825,75.9638,128.155,-3.4682,216.769,428.551,755.167,1027.84,762.532,3107.27,9431.87,15589.2,1194.12,946.279,2396.29,428.146,500.685,249.411,163949,4367.4,6789.47,3.94716,1.95864,0,0,0.0266388,0,19.5048,32.7053,61.6635,813.024,2149.27,3713.3,0.000355719,2.73634e-05,3,3,8,0.727273,1,2.69057,1.86207,0.828502,0.0125199,0.213394,1322,0,0,0,0,0.001,0,0,0,0,0,0,0,0,0,0,0,0,0,0,0,0,0,0,0,0,0,0,0,0,0,0,0,0,0,0,0,0,0,0,0,0,21.1834,59.8825,18.1613,682.898,769.94,0,0.923264,-0.381787,0.0426951,0.999985,0.310514,0.0333858,0.724138,0.84,863.006,1015.07,1716.7,2620.52,226.699,698.085,1464.3,66.0833,2524.69,64.9586,36.6866,-0.467315,0.880259,-0.618053,-0.778644,0,0,0,0,0,0,0,75.9638,0,0.991679,0,0,216.769,755.167,0,0,762.532,3107.27,0
1691509924569205386,1405,1402,3,0.997865,22.8158,39.2683,60.3289,76.1585,129.154,-1.85937,205.204,432.946,725.588,982.368,732.159,3293.36,8490.59,20122.1,1279.75,936.895,2361.51,439.752,473.999,252.873,166207,4482.31,7035.16,2.23976,2.3315,0,0,0.0269683,0,18.8374,33.5656,61.5722,821.296,2414.73,3685.16,0.0197378,0.00191187,10,9,16,0.64,1,2.23947,1.31022,0.929254,0.0126842,0.27071,1402,0,0,0,0,0.001,0,0,0,0,0,0,0,0,0,0,0,0,0,0,0,0,0,0,0,0,0,0,0,0,0,0,0,0,0,0,0,0,0,0,0,0,22.8158,60.3289,11.2229,638.79,765.987,0,0.920047,-0.389593,0.041607,0.999964,0.487704,0.068449,0.801802,0.89,849.671,1001.72,1744.72,2617.52,231.75,697.466,1528.99,60.0842,2406.9,62.5785,41.7795,-0.193986,0.411845,0.442096,-0.4142,0,0,0,0,0,0,0,76.1585,0,0.989301,0,0,205.204,725.588,0,0,732.159,3293.36,0
1691509924667783752,1345,1343,2,0.998513,22.7081,40.0054,63.257,79.4611,123.481,-3.83333,215.889,440.025,740.86,1021.56,821.455,3241.53,9036.49,16949.6,1332.31,1027.49,2312.81,499.238,470.641,210.84,156984,4459.69,6962.6,3.78588,3.64371,0,0,0.0284086,0,22.6931,42.0647,63.4285,800.858,2295.91,3737.64,0.0137744,0.00163003,5,4,11,0.733333,1,3.5009,2.56422,0.936687,0.0187412,0.116104,1343,0,0,0,0,0.001,0,0,0,0,0,0,0,0,0,0,0,0,0,0,0,0,0,0,0,0,0,0,0,0,0,0,0,0,0,0,0,0,0,0,0,0,22.7081,63.257,19.0872,618.634,724.278,0,0.923587,-0.381063,0.0421686,0.999957,0.530116,0.0159682,0.769912,0.87,847.643,1005.11,1715.24,2329.41,232.358,697.9,1472.85,77.2523,2320.88,68.892,42.7693,-0.257329,0.431664,0.151704,-0.448905,0,0,0,0,0,0,0,79.4611,0,0.988831,0,0,215.889,740.86,0,0,821.455,3241.53,0
1691509924765289120,1361,1355,6,0.995591,23.1653,39.6131,63.2356,76.8404,128.966,-5.53672,208.732,427.085,777.765,999.004,761.579,3671.09,9653.36,18850.6,1231.96,1247.17,2449.54,487.406,453.557,223.171,154910,5442.01,8401.42,4.29731,4.31233,0,0,0.0351302,0,29.0802,47.0752,63.4384,781.154,3026.91,4453.77,0.00052047,0.000233007,4,4,8,0.666667,1,2.23582,1.29486,0.940961,0.0435939,0.312398,1355,0,0,0,0,0.001,0,0,0,0,0,0,0,0,0,0,0,0,0,0,0,0,0,0,0,0,0,0,0,0,0,0,0,0,0,0,0,0,0,0,0,0,23.1653,63.2356,12.5783,605.415,709.006,0,0.920845,-0.387842,0.0402735,0.999971,0.432837,0.0110844,0.785714,0.88,841.415,1000.07,1730.69,2614.48,233.416,699.825,1573.53,60.1348,2247.57,61.1058,60.9322,-1.06659,0.0588324,-0.250976,0.0714983,0,0,0,0,0,0,0,76.8404,0,0.98524,0,0,208.732,777.765,0,0,761.579,3671.09,0
1691509924863518371,1353,1349,4,0.997044,21.8755,40.6469,62.7946,74.9471,130.265,-5.74823,221.208,420.317,736.296,1030.51,829.109,3222.2,9029.66,18084.4,1128.79,1271.25,2412.25,506.737,452.779,208.192,156274,4644.09,7252.52,2.21774,3.96673,0,0,0.0297177,0,17.5787,32.9462,64.7398,796.776,2527.49,3812.99,0.000230263,7.01492e-05,3,3,8,0.727273,1,2.23615,1.32102,0.91513,0.00801548,0.202905,1349,0,0,0,0,0.001,0,0,0,0,0,0,0,0,0,0,0,0,0,0,0,0,0,0,0,0,0,0,0,0,0,0,0,0,0,0,0,0,0,0,0,0,21.8755,62.7946,13.4601,611.869,721.671,0,0.921405,-0.386636,0.0390635,0.999998,0.103,0.00966386,0.769912,0.87,828.327,995.927,1722.99,2611.64,228.039,685.231,1560.54,63.076,2237.97,66.6165,40.111,-0.437243,0.10976,-0.449088,-0.404136,0,0,0,0,0,0,0,74.9471,0,0.991105,0,0,221.208,736.296,0,0,829.109,3222.2,0
1691509924961546058,1371,1368,3,0.997812,21.064,37.5435,58.9564,72.3259,150.404,-7.37724,203.894,406.124,761.534,1009.98,769.913,3477.56,9985.42,17098.5,1284.14,1339.71,2270.65,497.273,444.836,228.281,159923,5284.88,8202.05,5.2285,5.2464,0,0,0.0330463,0,25.0685,39.6249,61.8612,752.35,3140.16,4182.98,0.0104104,0.00245939,6,5,10,0.666667,1,3.17987,2.35479,0.825078,0.0243799,0.394871,1368,0,0,0,0,0.001,0,0,0,0,0,0,0,0,0,0,0,0,0,0,0,0,0,0,0,0,0,0,0,0,0,0,0,0,0,0,0,0,0,0,0,0,21.064,58.9564,15.3274,632.629,696.044,0,0.922775,-0.383235,0.040228,0.999993,0.22045,0.122878,0.818182,0.9,824.96,989.919,1711.5,2614.59,223.139,684.927,1484.71,68.0042,2297.68,62.481,50.7368,-0.168106,0.407133,-0.243604,-0.469836,0,0,0,0,0,0,0,72.3259,0,0.99269,0,0,203.894,761.534,0,0,769.913,3477.56,0
1691509925059091869,1363,1354,9,0.993397,21.7085,39.2862,61.2761,74.9537,135.253,-6.59213,212.777,418.061,744.729,955.252,772.148,3375.8,9147.29,16174,1267.56,1407.59,2359.44,444.438,479.265,231.384,167238,4696.48,7107.85,1.94538,1.81675,0,0,0.0280826,0,17.5859,37.0321,60.7835,700.535,2206.08,4085.83,0.0073541,0.00069048,5,5,8,0.615385,1,2.33926,1.47065,0.868611,0.0176471,0.316077,1354,0,0,0,0,0.001,0,0,0,0,0,0,0,0,0,0,0,0,0,0,0,0,0,0,0,0,0,0,0,0,0,0,0,0,0,0,0,0,0,0,0,0,21.7085,61.2761,12.0495,635.841,751.11,0,0.922039,-0.385091,0.0393543,0.999998,0.124895,0.106611,0.769912,0.87,840.467,994.479,1710.12,2612.37,222.497,687.482,1528.97,71.4647,2353.89,59.451,44.882,-0.675318,0.474546,0.0628876,-0.164159,0,0,0,0,0,0,0,74.9537,0,0.994092,0,0,212.777,744.729,0,0,772.148,3375.8,0
1691509925158253477,1343,1339,4,0.997022,20.246,39.3828,63.0949,77.8115,132.883,-4.5589,211.589,414.295,778.227,1030.32,786.391,3756.06,9489.44,18591.1,1192.04,1284.28,2644.16,410.733,521.68,236.65,168156,5865.18,8524.26,13.9678,5.88087,0,0,0.0348794,0,12.4661,36.1917,76.322,689.037,2406.95,5303.29,0.00720967,0.00138009,3,3,9,0.75,1,2.17664,1.29797,0.878676,0.0109079,0.23759,1339,0,0,0,0,0.001,0,0,0,0,0,0,0,0,0,0,0,0,0,0,0,0,0,0,0,0,0,0,0,0,0,0,0,0,0,0,0,0,0,0,0,0,20.246,63.0949,13.8322,626.589,756.579,0,0.920101,-0.389725,0.0390989,0.999987,0.288141,0.0122402,0.769912,0.87,833.291,996.087,1709.59,2611.5,214.961,666.363,1588.64,75.8482,2372.68,80.2188,41.4678,-0.448631,0.929848,-0.375524,0.103192,0,0,0,0,0,0,0,77.8115,0,0.992532,0,0,211.589,778.227,0,0,786.391,3756.06,0
1691509925258670656,1308,1308,0,1,19.8032,36.2232,58.8654,70.9535,179.116,-4.17456,211.613,417.795,741.909,995.05,744.763,3460.29,8943.03,18644.8,979.225,1058.8,2324.11,369.336,510.078,226.795,150200,5278.87,7950.67,2.19249,2.09683,0,0,0.0351457,0,18.5659,28.6796,72.5496,653.267,2673.84,4503.76,0.00970353,0.00105018,5,5,11,0.6875,1,2.0703,1.29634,0.773956,0.00755363,0.306395,1308,0,0,0,0,0.001,0,0,0,0,0,0,0,0,0,0,0,0,0,0,0,0,0,0,0,0,0,0,0,0,0,0,0,0,0,0,0,0,0,0,0,0,19.8032,58.8654,9.61424,587.776,695.609,0,0.921177,-0.386988,0.040916,0.999994,0.198069,0.0398551,0.801802,0.89,822.706,977.018,1699.45,2615.99,215.461,691.36,1519.48,62.8817,2412.7,76.4432,46.489,-0.788671,0.0769436,0.510981,-0.0499619,0,0,0,0,0,0,0,70.9535,0,0.990826,0,0,211.613,741.909,0,0,744.763,3460.29,0
1691509925360860338,1203,1198,5,0.995844,21.8441,40.0469,67.1963,83.0203,145.304,-5.09299,218.801,404.986,712.26,982.941,787.936,3426.6,10002,16609,789.395,1132.18,2286.7,346.307,503.117,207.632,145604,4819.82,7424.15,3.56371,1.68805,0,0,0.0331023,0,23.144,29.3294,71.0932,642.078,2761.75,3896.75,0.000110482,3.32107e-05,3,3,8,0.727273,1,2.11443,1.24603,0.868396,0.00922074,0.253709,1198,0,0,0,0,0.001,0,0,0,0,0,0,0,0,0,0,0,0,0,0,0,0,0,0,0,0,0,0,0,0,0,0,0,0,0,0,0,0,0,0,0,0,21.8441,67.1963,14.5383,565.252,710.21,0,0.92223,-0.38452,0.0404587,0.999996,0.155939,0.00910519,0.785714,0.88,819.742,972.3,1591.62,2614.97,211.182,689.437,1342.22,61.539,2437.25,73.779,54.8939,0.176188,0.100287,0.236914,-0.0389537,0,0,0,0,0,0,0,83.0203,0,0.984975,0,0,218.801,712.26,0,0,787.936,3426.6,0
1691509925464690420,1242,1238,4,0.996779,21.481,38.02,60.6943,84.2008,179.94,-5.76775,221.949,413.999,688.456,929.544,810.892,3164.08,8389.91,18791.8,722.989,1167.69,2280.1,339.03,540.377,205.76,139613,3804.22,5919.76,1.50251,3.09331,0,0,0.0272484,0,14.2723,32.7299,71.1905,543.956,2211.28,3046.33,0.0117416,0.00191221,3,2,8,0.8,1,2.0869,1.18326,0.903639,0.00595972,0.276324,1238,0,0,0,0,0.001,0,0,0,0,0,0,0,0,0,0,0,0,0,0,0,0,0,0,0,0,0,0,0,0,0,0,0,0,0,0,0,0,0,0,0,0,21.481,60.6943,18.3823,534.971,702.646,0,0.922588,-0.383658,0.0404767,1,0.0534912,0.024175,0.785714,0.88,800.629,935.356,1519.56,2614.91,218.338,689.087,1322.47,56.6297,2326.3,72.853,36.8429,-0.210503,-0.0954389,0.183031,-0.0296693,0,0,0,0,0,0,0,84.2008,0,0.980614,0,0,221.949,688.456,0,0,810.892,3164.08,0
1691509925568545381,1229,1224,5,0.995932,21.4644,38.8002,63.0333,84.886,157.765,-6.81529,216.98,431.697,801.21,1032.56,776.786,3839.59,11172.7,18271.4,937.403,1292.95,2561.92,357.336,570.349,248.095,143336,5573.56,8672.5,3.02041,2.63882,0,0,0.0388845,0,27.6937,30.4447,71.8533,736.485,3747.63,4058.39,0.0012142,0.000356749,5,5,8,0.615385,1,2.08898,1.1743,0.914684,0.0161564,0.158121,1224,0,0,0,0,0.001,0,0,0,0,0,0,0,0,0,0,0,0,0,0,0,0,0,0,0,0,0,0,0,0,0,0,0,0,0,0,0,0,0,0,0,0,21.4644,63.0333,10.5888,537.846,720.565,0,0.921164,-0.386954,0.0415173,0.999993,0.214162,0.0105937,0.801802,0.89,803.546,961.658,1618.82,2617,213.441,680.906,1462.05,56.4468,2348.92,72.8477,60.8391,-0.304055,0.110365,-0.256631,-0.125274,0,0,0,0,0,0,0,84.886,0,0.972222,0,0,216.98,801.21,0,0,776.786,3839.59,0
1691509925672052374,1269,1268,1,0.999212,21.2359,37.7721,61.1123,77.4594,159.829,-9.04809,212.853,430.828,774.959,1029.11,752.885,3594.54,9816.6,27034.2,931.323,1256.56,2427.19,337.127,550.162,258.6,144400,5153.91,7916.5,3.90135,3.89652,0,0,0.0356918,0,25.804,31.3926,74.8522,654.324,2970.09,4160.04,0.00996271,0.00131031,7,6,9,0.6,1,3.35973,2.47658,0.883148,0.0209044,0.187843,1268,0,0,0,0,0.001,0,0,0,0,0,0,0,0,0,0,0,0,0,0,0,0,0,0,0,0,0,0,0,0,0,0,0,0,0,0,0,0,0,0,0,0,21.2359,61.1123,16.415,556.484,709.101,0,0.923478,-0.381573,0.0398731,0.999981,0.348556,0.00824724,0.769912,0.87,818.241,968.136,1515.68,2613.25,222.294,684.293,1318.17,62.6473,2431.35,77.3596,51.6154,-0.632422,0.224733,0.647777,-0.226293,0,0,0,0,0,0,0,77.4594,0,0.979495,0,0,212.853,774.959,0,0,752.885,3594.54,0
1691509925774022355,1403,1401,2,0.998574,21.5445,38.0586,60.1225,75.1205,157.701,-7.15659,217.861,427.835,777.699,1025.5,759.828,3584.06,9985.09,21323.7,864.29,1467.82,2626.02,371.694,557.383,285.436,145542,5917.3,9218.02,4.17962,4.1611,0,0,0.0406571,0,29.5274,31.5622,90.8603,841.058,3626.97,4598.04,0.00425638,0.000874962,5,5,11,0.6875,1,2.7676,1.84406,0.923538,0.00444915,0.087198,1401,0,0,0,0,0.001,0,0,0,0,0,0,0,0,0,0,0,0,0,0,0,0,0,0,0,0,0,0,0,0,0,0,0,0,0,0,0,0,0,0,0,0,21.5445,60.1225,13.6764,576.11,717.213,0,0.922373,-0.38405,0.0416376,0.999995,0.185395,0.0125573,0.834862,0.91,813.314,962.016,1589.88,2617.27,218.702,681.152,1285.76,68.3637,2491.75,90.5173,57.9233,-0.619044,0.670303,0.190936,-0.635842,0,0,0,0,0,0,0,75.1205,0,0.983583,0,0,217.861,777.699,0,0,759.828,3584.06,0
1691509925876684480,1528,1526,2,0.998691,22.5835,39.7092,56.27,72.073,152.363,-3.51051,201.203,386.937,744.465,964.469,734.035,3252.24,9897.82,20317,962.585,1407.06,2254.48,322.595,467.577,297.088,148975,5770.95,8850.99,4.6036,6.3692,0,0,0.0387378,0,33.0245,39.7653,75.8914,667.335,3483.81,4551.17,0.000368128,0.000281601,7,7,8,0.533333,1,3.50656,2.53745,0.969112,0.0343891,0.555298,1526,0,0,0,0,0.001,0,0,0,0,0,0,0,0,0,0,0,0,0,0,0,0,0,0,0,0,0,0,0,0,0,0,0,0,0,0,0,0,0,0,0,0,22.5835,56.27,20.8887,595.315,705.796,0,0.925037,-0.37754,0.0420649,0.999975,0.403784,0.0185656,0.818182,0.9,828.49,973.099,1693.82,2618.52,215.201,679.613,1484.38,66.8338,2650.58,77.3324,65.5558,-0.967675,0.563751,0.0796751,-0.394557,0,0,0,0,0,0,0,72.073,0,0.990826,0,0,201.203,744.465,0,0,734.035,3252.24,0
1691509925978888431,1527,1525,1,0.99869,21.4215,37.394,55.6081,70.3131,125.928,-2.36069,205.045,390.506,789.459,994.658,734.575,3411.78,9602.65,14987.1,1055.13,1314.25,2407.25,341.429,498.629,296.97,163069,5411.33,8383.26,2.61772,3.23157,0,0,0.0331843,0,23.3,34.9232,84.263,755.313,3156.58,4328.88,8.50156e-05,2.16271e-05,4,4,8,0.666667,1,3.64189,2.76322,0.878667,0.0309362,0.526677,1525,0,0,0,0,0.001,0,0,0,0,0,0,0,0,0,0,0,0,0,0,0,0,0,0,0,0,0,0,0,0,0,0,0,0,0,0,0,0,0,0,0,0,21.4215,55.6081,19.1343,639.456,732.409,0,0.923936,-0.380425,0.0402384,0.999994,0.20556,0.0659392,0.834862,0.91,841.375,984.099,1719.58,2614.02,220.084,686.975,1579.55,68.8043,2612.43,85.351,55.5751,-1.2631,-0.040743,0.262699,0.0438746,0,0,0,0,0,0,0,70.3131,0,0.992787,0,0,205.045,789.459,0,0,734.575,3411.78,0
1691509926078321024,1409,1408,1,0.99929,20.2702,36.986,58.3444,68.9254,139.479,-4.30756,204.814,432.749,788.168,1144.97,764.893,3815.94,11168.7,18842,1275.59,1366.17,2662.47,380.891,532.405,292.323,170113,7123.94,10638.7,2.28772,2.31227,0,0,0.0418777,0,32.973,35.0578,78.7172,918.207,3360.17,6213.55,0.0121251,0.00100909,7,6,14,0.7,1,2.02253,1.22446,0.79807,0.038352,0.463093,1408,0,0,0,0,0.001,0,0,0,0,0,0,0,0,0,0,0,0,0,0,0,0,0,0,0,0,0,0,0,0,0,0,0,0,0,0,0,0,0,0,0,0,20.2702,58.3444,13.4059,662.425,747.169,0,0.923057,-0.382392,0.0417348,0.999997,0.150301,0.0352762,0.801802,0.89,855.246,1002.73,1708.62,2617.37,220.249,721.447,1479.95,57.7168,2585.49,77.4666,64.6274,-0.0375744,-0.0306767,-0.368905,0.052738,0,0,0,0,0,0,0,68.9254,0,0.995739,0,0,204.814,788.168,0,0,764.893,3815.94,0
1691509926177300064,1314,1310,4,0.996956,21.4889,38.3175,61.1965,72.5073,106.33,-7.46312,201.824,433.145,828.945,1006.36,788.592,3822.1,10953.2,19472.7,1566.99,1089.07,2596,450.052,553.987,245.51,166423,6366.08,9761.49,1.99772,2.01777,0,0,0.0382523,0,27.1617,35.8312,67.2499,821.68,3683.35,5126.22,0.0264163,0.00137026,8,7,12,0.631579,1,2.11902,1.31419,0.804829,0.0110939,0.112019,1310,0,0,0,0,0.001,0,0,0,0,0,0,0,0,0,0,0,0,0,0,0,0,0,0,0,0,0,0,0,0,0,0,0,0,0,0,0,0,0,0,0,0,21.4889,61.1965,14.1833,636.094,776.722,0,0.92142,-0.386421,0.0407942,0.99999,0.254922,0.0792249,0.818182,0.9,849.251,989.824,1704,2614.83,222.103,700.161,1476.06,57.5869,2322.54,70.2846,65.0425,-0.0418469,0.0924399,0.276977,-0.0690262,0,0,0,0,0,0,0,72.5073,0,0.99542,0,0,201.824,828.945,0,0,788.592,3822.1,0
1691509926275583253,1403,1402,1,0.999287,21.0277,35.7208,57.9538,71.7801,132.599,-6.29003,208.595,451.304,831.814,1049.85,810.884,3808.9,10732.6,14838,1480.53,1188.73,2507.41,531.227,523.986,202.587,160735,6117.54,9471.74,1.69936,1.58167,0,0,0.0380599,0,34.4477,38.1515,91.601,829.783,3610.97,4866.79,6.33314,0.00871231,5,4,8,0.666667,1,2.62507,1.82357,0.801505,0.0250154,0.0959428,1402,0,0,0,0,0.001,0,0,0,0,0,0,0,0,0,0,0,0,0,0,0,0,0,0,0,0,0,0,0,0,0,0,0,0,0,0,0,0,0,0,0,0,21.0277,57.9538,17.574,593.906,763.52,0,0.922961,-0.382698,0.0410387,0.999992,0.231276,0.029457,0.904762,0.95,839.378,976.141,1699.86,2615.37,224.555,719.919,1496.11,62.1045,2278.48,91.2859,62.4854,-0.667177,-0.0949559,0.669642,0.0738208,0,0,0,0,0,0,0,71.7801,0,0.994294,0,0,208.595,831.814,0,0,810.884,3808.9,0
1691509926371008526,1341,1339,2,0.998509,21.0498,38.3942,59.6655,76.6125,132.494,-7.86416,203.08,431.254,807.874,1083.35,791.587,4049.01,11075.3,29666.2,1502.5,1477.23,2687.82,493.052,481.802,241.717,159768,6599.39,9958.06,3.67302,3.67023,0,0,0.0413061,0,32.5876,41.1025,82.0865,789.23,3433.67,5579.38,0.0173201,0.00186054,10,10,9,0.473684,1,2.35383,1.50861,0.845221,0.0219247,0.746446,1339,0,0,0,0,0.001,0,0,0,0,0,0,0,0,0,0,0,0,0,0,0,0,0,0,0,0,0,0,0,0,0,0,0,0,0,0,0,0,0,0,0,0,21.0498,59.6655,20.5447,615.396,690.06,0,0.926107,-0.375196,0.0394138,0.999966,0.475288,0.113997,0.818182,0.9,839.168,995.801,1691.92,2611.57,223.382,722.465,1506.4,65.7282,2445.21,84.9122,61.8617,0.119058,-0.136925,0.0707122,0.143983,0,0,0,0,0,0,0,76.6125,0,0.988051,0,0,203.08,807.874,0,0,791.587,4049.01,0
1691509926466892713,1327,1320,7,0.994725,20.2065,36.9833,57.8064,72.2074,133.881,-7.49907,209.432,408.994,786.458,1033.4,831.596,3950.79,10152.1,15638.4,1402.57,1399.11,2408.19,493.636,452.789,223.396,161254,5570.62,8610.14,4.49147,4.46296,0,0,0.0345457,0,25.3064,39.8966,84.8244,665.037,3582.47,4212.6,0.0956923,0.00253561,5,4,10,0.714286,1,2.16287,1.40723,0.755642,0.0087097,0.231633,1320,0,0,0,0,0.001,0,0,0,0,0,0,0,0,0,0,0,0,0,0,0,0,0,0,0,0,0,0,0,0,0,0,0,0,0,0,0,0,0,0,0,0,20.2065,57.8064,12.2613,607.905,755.833,0,0.922909,-0.382985,0.0395051,0.999965,0.482457,0.103347,0.801802,0.89,841.003,999.576,1709.43,2941.16,224.088,711.772,1538.42,66.2491,2429.44,88.4153,70.1627,-0.0922218,0.557527,0.0596199,-0.550959,0,0,0,0,0,0,0,72.2074,0,0.996212,0,0,209.432,786.458,0,0,831.596,3950.79,0
1691509926563516264,1280,1279,1,0.999219,22.0071,37.7604,57.3224,74.5027,126.081,-6.2281,204.231,448.422,860.852,1158.7,848.906,4095.17,11201.2,15033.9,1651.78,1622.45,2663.95,511.996,522.232,274.915,164930,6495.35,9980.27,5.87382,6.84803,0,0,0.0393824,0,27.2496,41.1851,106.066,735.168,4036.58,5034.02,0.0197442,0.00213188,5,4,13,0.764706,1,2.34287,1.56278,0.780085,0.0129978,0.18291,1279,0,0,0,0,0.001,0,0,0,0,0,0,0,0,0,0,0,0,0,0,0,0,0,0,0,0,0,0,0,0,0,0,0,0,0,0,0,0,0,0,0,0,22.0071,57.3224,12.5838,609.509,739.907,0,0.921943,-0.38524,0.0401382,0.999997,0.145143,0.0389375,0.851852,0.92,821.515,969.694,1692.15,2612.61,222.012,698.986,1471.2,59.7767,2358.53,111.832,68.8607,-0.298226,-0.524736,0.105641,0.543827,0,0,0,0,0,0,0,74.5027,0,0.992181,0,0,204.231,860.852,0,0,848.906,4095.17,0
1691509926660792755,1336,1333,2,0.997754,22.2256,41.2184,62.0367,73.8568,124.606,-5.38803,205.281,437.307,843.524,1162.5,815.659,4362.53,11772.2,16304.8,1560.69,1706.01,2690.72,475.047,510.105,272.051,165273,7296.01,11165.4,1.32941,2.01682,0,0,0.0441452,0,42.0797,46.8201,103.272,743.952,4699.33,5529.91,0.00152859,0.000177692,5,5,11,0.6875,1,2.73638,1.85445,0.881933,0.0087943,0.302595,1333,0,0,0,0,0.001,0,0,0,0,0,0,0,0,0,0,0,0,0,0,0,0,0,0,0,0,0,0,0,0,0,0,0,0,0,0,0,0,0,0,0,0,22.2256,62.0367,15.6691,617.763,754.568,0,0.92274,-0.383302,0.0403726,0.999998,0.120813,0.00536863,0.851852,0.92,820.791,979.043,1690.36,2612.85,215.247,695.595,1449.2,61.5359,2386.88,104.751,82.118,-0.0802214,-0.207161,-0.624085,0.276842,0,0,0,0,0,0,0,73.8568,0,0.990998,0,0,205.281,843.524,0,0,815.659,4362.53,0
1691509926758438771,1343,1340,1,0.997766,21.2311,37.93,59.4788,71.3473,127.884,-2.91541,207.525,459.689,862.474,1196.44,843.672,4462.42,11964.7,17794.5,1433.81,2087.62,2685.8,452.753,520.89,324.745,168086,7226.76,10981.4,6.4137,6.42658,0,0,0.0429944,0,22.6263,46.7453,111.834,786.636,4153.3,5860.22,0.01023,0.00194883,14,13,13,0.5,1,2.04739,1.23948,0.807907,0.0497258,0.267577,1340,0,0,0,0,0.001,0,0,0,0,0,0,0,0,0,0,0,0,0,0,0,0,0,0,0,0,0,0,0,0,0,0,0,0,0,0,0,0,0,0,0,0,21.2311,59.4788,9.74534,610.118,760.137,0,0.921161,-0.3871,0.0402017,0.999992,0.235847,0.0179011,0.886792,0.94,819.183,989.027,1698.38,2611.56,211.924,689.677,1468.26,56.0665,2382.58,114.611,85.7355,-0.160317,-0.347101,-0.52325,0.278965,0,0,0,0,0,0,0,71.3473,0,0.993284,0,0,207.525,862.474,0,0,843.672,4462.42,0
1691509926858408579,1415,1414,1,0.999293,22.3891,37.4646,61.2368,72.0857,150.503,-3.64207,206.293,429.399,852.463,1154.67,780.733,4150.13,10874.1,24369.2,951.236,1649.8,2601.78,420.876,533.056,278.675,157902,6884.83,10557.1,3.34633,3.04226,0,0,0.0436019,0,35.6433,39.9028,106.392,812.21,4073.7,5489.26,0.00113544,0.000164499,4,3,9,0.75,1,2.23167,1.33085,0.900815,0.0032438,0.16671,1414,0,0,0,0,0.001,0,0,0,0,0,0,0,0,0,0,0,0,0,0,0,0,0,0,0,0,0,0,0,0,0,0,0,0,0,0,0,0,0,0,0,0,22.3891,61.2368,10.0884,589.715,739.197,0,0.921087,-0.387167,0.0412263,0.999999,0.0589832,0.0317722,0.801802,0.89,784.718,956.704,1647.88,2613.72,207.521,687.37,1431.92,62.1145,2420.04,105.696,78.6629,-0.131019,-0.362321,0.0262705,0.412214,0,0,0,0,0,0,0,72.0857,0,0.989392,0,0,206.293,852.463,0,0,780.733,4150.13,0
1691509926959706239,1398,1392,5,0.995708,21.1307,38.0943,62.2566,74.8794,144.888,-4.71728,212.724,439.332,851.19,1192.74,795.836,3671.09,10737,19318,935.194,1935.23,2323.45,402.519,485.528,329.561,151515,6334.79,9776.26,5.36846,4.82447,0,0,0.0418098,0,39.7259,48.9757,112.003,765.67,3805.01,5004.87,0.000468246,0.000121845,3,3,10,0.769231,1,2.45674,1.53933,0.917405,0.0143839,0.17896,1392,0,0,0,0,0.001,0,0,0,0,0,0,0,0,0,0,0,0,0,0,0,0,0,0,0,0,0,0,0,0,0,0,0,0,0,0,0,0,0,0,0,0,21.1307,62.2566,11.9108,567.091,729.998,0,0.922231,-0.38446,0.0409842,0.999996,0.168929,0.0128961,0.754386,0.86,773.856,941.027,1437.94,2612.89,210.511,678.283,1352.47,57.9195,2356.93,117.078,103.075,-0.265401,1.34299,0.602252,-0.0700938,0,0,0,0,0,0,0,74.8794,0,0.989224,0,0,212.724,851.19,0,0,795.836,3671.09,0
1691509927061772643,1463,1459,3,0.997266,21.6772,37.0718,59.9895,75.7137,148.244,-3.24886,218.154,450.854,886.634,1231.24,789.171,4076.5,9514.98,15852.4,941.457,2292.13,2448.12,397.242,544.15,341.941,145960,6528.3,10116.2,4.58881,4.52163,0,0,0.0447266,0,34.3533,50.1029,116.604,855.843,3884.22,5175.11,0.000381709,0.00024942,4,4,8,0.666667,1,2.0673,1.10764,0.959652,0.0147977,0.166227,1459,0,0,0,0,0.001,0,0,0,0,0,0,0,0,0,0,0,0,0,0,0,0,0,0,0,0,0,0,0,0,0,0,0,0,0,0,0,0,0,0,0,0,21.6772,59.9895,8.22009,529.181,722.599,0,0.920157,-0.389527,0.0397507,0.999984,0.32154,0.0155059,0.73913,0.85,771.967,910.781,1437.14,2609.01,207.943,681.899,1337.75,62.4185,2383.88,115.655,123.396,-0.219384,0.0206368,0.103425,0.180849,0,0,0,0,0,0,0,75.7137,0,0.984236,0,0,218.154,886.634,0,0,789.171,4076.5,0
1691509927166077675,1413,1410,3,0.997877,21.3409,36.5968,60.629,75.9571,147.837,-2.36214,211.45,460.478,919.246,1205.79,739.422,4158.59,10842.6,13694,1008.97,2177.39,2286.82,389.006,511.439,386.356,142975,6245.64,9619.24,2.34094,2.96619,0,0,0.0436834,0,38.8636,54.9647,118.004,745.452,3653.06,5008.9,0.00744363,0.00139081,4,3,11,0.785714,1,2.14483,1.24263,0.902195,0.00839621,0.262797,1410,0,0,0,0,0.001,0,0,0,0,0,0,0,0,0,0,0,0,0,0,0,0,0,0,0,0,0,0,0,0,0,0,0,0,0,0,0,0,0,0,0,0,21.3409,60.629,14.3943,519.925,717.681,0,0.923032,-0.382436,0.0418838,0.999968,0.455145,0.0123115,0.754386,0.86,773.308,923.842,1437.9,2614,213.032,680.891,1352.19,53.9466,2407.42,118.75,117.601,-0.497001,0.0876442,0.0863937,-0.0630318,0,0,0,0,0,0.000707714,0,75.9571,0,0.985106,0,0,211.45,919.246,0,0,739.422,4158.59,0
1691509927271121349,1492,1489,3,0.997989,21.2948,38.1147,62.1656,78.897,153.637,-3.87569,202.133,431.585,859.76,1127.85,732.487,3716.61,9782.7,16023.5,1109.23,2130.42,1996.34,351.838,516.646,390.734,143884,5813.12,9186.71,6.82372,6.82149,0,0,0.0404013,0,43.3983,55.726,102.843,881.94,3758.78,4344.02,0.0277908,0.00409264,9,9,12,0.571429,1,2.32678,1.27633,1.05045,0.0176577,0.228343,1489,0,0,0,0,0.001,0,0,0,0,0,0,0,0,0,0,0,0,0,0,0,0,0,0,0,0,0,0,0,0,0,0,0,0,0,0,0,0,0,0,0,0,21.2948,62.1656,14.9002,525.096,710.004,0,0.923219,-0.382144,0.0404046,0.999999,0.0870369,0.038841,0.818182,0.9,768.802,916.975,1361.11,2609.8,218.137,669.879,1298.09,49.8432,2341.41,102.428,106.552,-0.297948,-0.911548,0.128454,0.926997,0,0,0,0,0,0,0,78.897,0,0.976494,0,0,202.133,859.76,0,0,732.487,3716.61,0
1691509927376062468,1420,1419,1,0.999296,19.7408,37.8451,57.8993,76.3277,150.292,-0.43204,210.056,448.742,912.563,1180.31,750.637,3700.24,8977.23,13669,1109.23,1793.46,2249.22,376.307,496.073,354.347,152540,5396.5,8491.74,5.25694,4.1539,0,0,0.0353776,0,50.6934,54.409,110.158,765.762,3359.94,4150.78,0.00752094,0.00120745,5,4,10,0.714286,1,3.20113,2.29278,0.908348,0.0191064,0.571435,1419,0,0,0,0,0.001,0,0,0,0,0,0,0,0,0,0,0,0,0,0,0,0,0,0,0,0,0,0,0,0,0,0,0,0,0,0,0,0,0,0,0,0,19.7408,57.8993,18.6474,582.087,703.266,0,0.924684,-0.378605,0.0402139,0.999993,0.219729,0.031191,0.694915,0.82,785.326,966.218,1587.83,2608.77,217.069,678.514,1432.1,55.0539,2470.52,110.565,118.278,-0.729919,-0.505596,0.228628,0.281251,0,0,0,0,0,0,0,76.3277,0,0.982382,0,0,210.056,912.563,0,0,750.637,3700.24,0
1691509927480140114,1531,1529,2,0.998694,20.7594,36.6591,55.0824,69.1465,147.463,-1.03779,213.786,471.989,910.147,1225.12,817.676,4128.48,10038.3,15566.3,1192.63,2128.66,2495.85,374.072,512.615,420.872,152246,6395.97,10076.4,30.5983,7.93005,0,0,0.0420107,0,44.0452,60.5588,118.441,928.36,4146.89,4778.1,0.000100594,5.28022e-05,2,2,8,0.8,1,2.39258,1.4897,0.902879,0.0154996,0.468036,1529,0,0,0,0,0.001,0,0,0,0,0,0,0,0,0,0,0,0,0,0,0,0,0,0,0,0,0,0,0,0,0,0,0,0,0,0,0,0,0,0,0,0,20.7594,55.0824,10.3091,590.775,688.915,0,0.921308,-0.386763,0.0400739,0.999961,0.505925,0.040008,0.73913,0.85,808.873,992.896,1541.6,2607.69,212.95,688.277,1361.16,55.2837,2450.61,121.432,132.445,-0.400234,1.26972,-0.0775218,0.40006,0,0,0,0,0,0,0,69.1465,0,0.987574,0,0,213.786,910.147,0,0,817.676,4128.48,0
1691509927581726019,1434,1432,2,0.998605,19.9123,34.91,51.6986,63.1174,150.851,0.311828,215.332,482.988,902.937,1179.07,853.847,4176.75,9512.51,15166.5,1606.43,2175.59,2433.61,406.599,510.916,481.397,170667,6085.98,9415.78,3.77347,0.720986,0,0,0.0356599,0,41.8405,59.1517,121.634,795.44,3448.65,4949.06,0.000801511,9.09146e-05,3,3,9,0.75,1,1.99548,1.25647,0.739003,0.014803,0.209039,1432,0,0,0,0,0.001,0,0,0,0,0,0,0,0,0,0,0,0,0,0,0,0,0,0,0,0,0,0,0,0,0,0,0,0,0,0,0,0,0,0,0,0,19.9123,51.6986,11.4408,639.226,743.333,0,0.919927,-0.39004,0.0400398,0.999994,0.203735,0.0397836,0.754386,0.86,860.137,1019.5,1800.65,2606.8,212.994,711.387,1517.22,53.8052,2437.4,125.048,102.199,-0.64384,2.01109,-0.213453,0.0240507,0,0,0,0,0,0,0,63.1174,0,0.993017,0,0,215.332,902.937,0,0,853.847,4176.75,0
1691509927681188290,1447,1445,2,0.998618,19.9654,32.7738,53.5707,65.9852,121.849,-2.84233,209.971,446.631,947.269,1238.23,857.483,3799.34,9074.01,18858.6,1451.97,1892.72,2227.09,431.493,527.922,448.196,164631,5921.26,9393.18,2.67114,4.27017,0,0,0.0359668,0,47.0976,79.5707,127.045,863.954,3982.64,4292.88,0.000676312,0.000210003,5,5,8,0.615385,1,2.72301,1.99477,0.728234,0.00548119,0.205893,1445,0,0,0,0,0.001,0,0,0,0,0,0,0,0,0,0,0,0,0,0,0,0,0,0,0,0,0,0,0,0,0,0,0,0,0,0,0,0,0,0,0,0,19.9654,53.5707,13.7218,637.678,752.6,0,0.921796,-0.385618,0.0398833,0.999988,0.275176,0.02179,0.818182,0.9,848.848,1005.97,1584.99,2606.16,216.481,693.263,1351.67,50.4701,2361.86,127.304,116.027,-0.115629,0.364555,-0.200783,-0.123615,0,0,0,0,0,0,0,65.9852,0,0.995156,0,0,209.971,947.269,0,0,857.483,3799.34,0
1691509927778185911,1437,1423,13,0.990257,19.5554,34.5665,54.1604,67.5322,125.284,-4.00001,216.747,476.61,985.381,1297.28,864.266,4259.94,8910.62,19345.5,1684.1,1961.06,2423.63,453.79,564.899,499.67,167327,6195.49,9745.04,5.09099,5.20248,0,0,0.0370263,0,38.1424,64.2905,141.75,883.624,3834.66,4782.57,0.0175711,0.00406993,8,8,10,0.555556,1,2.18308,1.42415,0.758924,0.0274913,0.262739,1423,0,0,0,0,0.001,0,0,0,0,0,0,0,0,0,0,0,0,0,0,0,0,0,0,0,0,0,0,0,0,0,0,0,0,0,0,0,0,0,0,0,0,19.5554,54.1604,16.8096,623.835,761.355,0,0.923391,-0.381708,0.0406057,0.999991,0.245496,0.00778554,0.834862,0.91,866.403,1008.78,1697.16,2607.43,217.556,709.857,1466.38,53.5305,2308.39,143.388,120.702,-0.429911,0.125855,-0.167431,0.216594,0,0,0,0,0,0,0,67.5322,0,0.990864,0,0,216.747,985.381,0,0,864.266,4259.94,0
1691509927874382745,1401,1396,5,0.996431,19.1898,35.6901,52.4285,67.8147,144.304,-4.25297,215.818,480.107,996.76,1306.25,847.467,4427.91,10357.4,18820,1925.03,1944.43,2330.65,479.951,569.225,516.037,168614,7026.77,10924.5,2.08187,2.0858,0,0,0.0416736,0,42.0296,75.6195,145.756,890.86,4242.9,5527.29,0.012145,0.00089699,4,4,7,0.636364,1,2.24427,1.50267,0.741601,0.0135845,0.169353,1396,0,0,0,0,0.001,0,0,0,0,0,0,0,0,0,0,0,0,0,0,0,0,0,0,0,0,0,0,0,0,0,0,0,0,0,0,0,0,0,0,0,0,19.1898,52.4285,12.4985,626.414,762.088,0,0.922956,-0.382815,0.0400566,0.999999,0.0750319,0.018178,0.801802,0.89,855.088,1038.02,1683.38,2605.64,219.7,694.248,1437.29,55.9075,2332.81,148.633,133.751,-0.601323,-0.224371,0.284195,0.250385,0,0,0,0,0,0,0,67.8147,0,0.99212,0,0,215.818,996.76,0,0,847.467,4427.91,0
1691509927971459599,1415,1410,4,0.996466,20.3611,35.8926,57.2174,70.1528,123.67,-4.0669,212.659,454.93,899.768,1249.59,823.608,3952.57,9930.2,16045.8,1831.79,1628.46,2255.99,463.297,520.132,460.036,164768,5599.07,8774.26,1.26014,0.671375,0,0,0.0339815,0,34.6717,68.4981,121.562,801.92,3293.67,4453.94,0.00211414,0.000127522,8,8,11,0.578947,1,2.13968,1.33659,0.803096,0.0175906,0.184487,1410,0,0,0,0,0.001,0,0,0,0,0,0,0,0,0,0,0,0,0,0,0,0,0,0,0,0,0,0,0,0,0,0,0,0,0,0,0,0,0,0,0,0,20.3611,57.2174,14.4424,590.279,763.278,0,0.923196,-0.382232,0.0400882,1,0.036153,0.0155332,0.801802,0.89,846.314,1005.15,1584.38,2604.52,216.975,705.445,1419.82,51.4954,2281.54,122.484,130.257,-0.0717931,-0.603171,-0.214312,0.0598738,0,0,0,0,0,0,0,70.1528,0,0.99078,0,0,212.659,899.768,0,0,823.608,3952.57,0
1691509928068497075,1515,1512,2,0.99802,19.0423,37.3201,59.8963,73.9335,132.495,-1.93847,202.499,445.185,909.228,1219.08,789.045,3980.97,9270.53,17460.3,1626.53,1665.77,2228.27,442.329,520.892,397.755,169067,5827.28,9100.98,6.05241,6.11187,0,0,0.0344672,0,40.5048,66.9906,131.837,811.209,3365.35,4685.09,0.0161507,0.00321599,5,4,12,0.75,1,2.8545,1.91884,0.935658,0.0183539,0.403404,1512,0,0,0,0,0.001,0,0,0,0,0,0,0,0,0,0,0,0,0,0,0,0,0,0,0,0,0,0,0,0,0,0,0,0,0,0,0,0,0,0,0,0,19.0423,59.8963,20.5218,608.552,727.926,0,0.924767,-0.378707,0.037246,0.999989,0.274604,0.0478161,0.801802,0.89,813.891,979.711,1455.24,2596.8,217.027,694.31,1348.43,49.0431,2453.1,134.865,125.617,0.0703604,-0.0126114,-0.388605,-0.0476523,0,0,0,0,0,0,0,73.9335,0,0.987434,0,0,202.499,909.228,0,0,789.045,3980.97,0
1691509928164916055,1404,1396,8,0.994302,19.034,35.7807,62.045,75.1022,141.323,-1.12588,214.979,491.303,1011.42,1355.65,868.651,4399.57,10411.7,19744.6,1630.88,1943.97,2461.86,475.828,541.812,496.752,169820,6859.1,10609.3,2.24755,1.75221,0,0,0.0403904,0,41.7231,68.0728,154.585,864.232,3925.45,5555.27,0.0110152,0.00107333,3,2,8,0.8,1,2.218,1.34907,0.868935,0.0102043,0.242256,1396,0,0,0,0,0.001,0,0,0,0,0,0,0,0,0,0,0,0,0,0,0,0,0,0,0,0,0,0,0,0,0,0,0,0,0,0,0,0,0,0,0,0,19.034,62.045,10.8744,623.515,760.61,0,0.921789,-0.385661,0.0396446,0.999969,0.454693,0.0215081,0.73913,0.85,853.629,1005.77,1458.7,2601.33,216.244,710.113,1349,51.9112,2513.74,155.917,147.347,-0.114131,-0.228895,0.0124119,0.468389,0,0,0,0,0,0,0,75.1022,0,0.989255,0,0,214.979,1011.42,0,0,868.651,4399.57,0
1691509928262798044,1418,1407,11,0.992243,19.6145,39.7998,61.4072,73.6776,139.648,-1.64085,214.735,452.043,980.682,1292.34,798.076,3980.49,9987.43,32370.2,1358.54,1826.01,2400.52,437.311,544.242,425.319,167749,6421.5,9970.98,2.97581,1.11811,0,0,0.0382803,0,39.5773,75.2184,147.628,830.423,3695.29,5182.85,0.000189251,1.81828e-05,3,3,8,0.727273,1,2.67145,1.78133,0.890111,0.0105514,0.147782,1407,0,0,0,0,0.001,0,0,0,0,0,0,0,0,0,0,0,0,0,0,0,0,0,0,0,0,0,0,0,0,0,0,0,0,0,0,0,0,0,0,0,0,19.6145,61.4072,10.5565,637.384,745.06,0,0.921009,-0.387695,0.037873,0.999996,0.160879,0.0392603,0.851852,0.92,854.711,1013.83,1567.59,2595.95,210.687,707.118,1350.56,48.5549,2603.14,151.121,124.579,-0.225877,-0.587785,0.442188,0.213089,0,0,0,0,0,0,0,73.6776,0,0.991471,0,0,214.735,980.682,0,0,798.076,3980.49,0
1691509928361290642,1596,1592,4,0.997494,22.0623,40.4788,61.3399,76.6264,138.831,-0.805717,220.748,465.647,979.071,1266.81,810.019,3889.09,9163.98,17518.9,1230.18,1872.99,2387.59,436.321,504.31,437.301,170290,6448.12,10167.4,4.94514,5.32206,0,0,0.0378655,0,36.4006,70.2817,154.207,969.169,3889.38,5047.93,0.141139,0.0126277,4,3,8,0.727273,1,3.08109,2.00036,1.08073,0.00344202,0.386316,1592,0,0,0,0,0.001,0,0,0,0,0,0,0,0,0,0,0,0,0,0,0,0,0,0,0,0,0,0,0,0,0,0,0,0,0,0,0,0,0,0,0,0,22.0623,61.3399,13.3608,596.703,757.936,0,0.922428,-0.384299,0.0379424,0.999993,0.210886,0.0709956,0.724138,0.84,798.716,961.316,1561.98,2937.99,206.238,681.767,1348,51.3032,2550.23,155.53,147.228,0.263896,-0.110833,-0.287412,0.0890888,0,0,0,0,0,0,0,76.6264,0,0.989322,0,0,220.748,979.071,0,0,810.019,3889.09,0
1691509928460896176,1573,1564,8,0.994278,20.9692,39.699,59.4654,72.5292,147.799,0.408187,214.173,468.92,970.255,1296.92,726.656,3843.05,8312.66,15186.5,1076.81,1811.51,2206.97,433.656,463.267,459.673,152740,5302.24,8462.51,1.75489,1.79591,0,0,0.034714,0,28.7038,78.336,162.211,834.012,3288.69,4070.55,0.000897286,8.75184e-05,11,11,12,0.521739,1,2.51177,1.47339,1.03838,0.0115667,0.127714,1564,0,0,0,0,0.001,0,0,0,0,0,0,0,0,0,0,0,0,0,0,0,0,0,0,0,0,0,0,0,0,0,0,0,0,0,0,0,0,0,0,0,0,20.9692,59.4654,13.6413,584.989,698.37,0,0.921689,-0.38609,0.0377282,0.999998,0.111692,0.0125522,0.754386,0.86,775.881,949.544,1454.87,2937.73,205.38,686.466,1347.56,56.8251,2546.88,164.388,153.513,-0.749845,-0.649822,-0.688782,0.494335,0,0,0,0,0,0,0,72.5292,0,0.983376,0,0,214.173,970.255,0,0,726.656,3843.05,0
1691509928561992355,1671,1662,9,0.994614,20.5679,37.6406,60.5076,74.1783,153.714,0.126221,225.666,462.728,943.087,1258.09,765.223,3652.35,8302.12,17522,910.124,1947.32,2117.76,421.037,448.021,457.934,145932,5227.38,8274.04,14.0305,3.9623,0,0,0.0358206,0,37.983,62.599,158.912,717.072,3371.07,3926.4,0.000289268,9.1459e-05,2,2,8,0.8,1,2.60174,1.502,1.09974,0.00750936,0.105248,1662,0,0,0,0,0.001,0,0,0,0,0,0,0,0,0,0,0,0,0,0,0,0,0,0,0,0,0,0,0,0,0,0,0,0,0,0,0,0,0,0,0,0,20.5679,60.5076,12.6563,519.228,685.116,0,0.921978,-0.385316,0.0385743,0.999999,0.0677838,0.0616486,0.754386,0.86,746.906,904.966,1356.42,2593.67,204.656,667.759,1285.86,53.8027,2491.75,163.256,150.003,-0.213194,2.32083,0.590732,0.331548,0,0,0,0,0,0,0,74.1783,0,0.980746,0,0,225.666,943.087,0,0,765.223,3652.35,0
1691509928663997036,1853,1844,7,0.995143,19.4164,35.7277,55.6307,68.1453,134.583,-0.927632,205.075,433.869,950.904,1269.16,652.377,3452.18,7928.25,12227.7,864.453,1880.55,2069.63,407.588,436.517,455.302,135905,5133.33,8161.63,4.46526,5.36302,0,0,0.0377715,0,35.7581,69.6683,166.21,729.014,3310.2,3850.78,0.0030797,0.000810054,5,5,8,0.615385,1,2.14973,1.13263,1.0171,0.00926403,0.297222,1844,0,0,0,0,0.001,0,0,0,0,0,0,0,0,0,0,0,0,0,0,0,0,0,0,0,0,0,0,0,0,0,0,0,0,0,0,0,0,0,0,0,0,19.4164,55.6307,10.6572,489.09,633.253,0,0.92078,-0.388124,0.0390428,0.999995,0.176987,0.0291434,0.818182,0.9,731.039,897.333,1356.76,2593.07,198.46,664.758,1325.37,51.4778,2460.71,169.819,166.956,-0.644522,-0.734178,-0.0416303,0.899649,0,0,0,0,0,0,0,68.1453,0,0.99295,0,0,205.075,950.904,0,0,652.377,3452.18,0
1691509928767319639,1712,1702,9,0.994159,21.2836,37.1847,54.9854,67.2563,163.03,-1.01007,200.843,446.8,931.429,1245.04,694.33,3378.17,7969.26,9790.9,1013.37,1985.76,2055.68,385.362,433.55,466.37,137483,4738.51,7564.66,4.09157,2.96469,0,0,0.034466,0,34.0104,55.0602,141.822,722.348,3144.47,3466.95,0.000295354,6.12013e-05,4,3,9,0.75,1,2.19308,1.213,0.980084,0.0151303,0.278703,1702,0,0,0,0,0.001,0,0,0,0,0,0,0,0,0,0,0,0,0,0,0,0,0,0,0,0,0,0,0,0,0,0,0,0,0,0,0,0,0,0,0,0,21.2836,54.9854,12.8191,533.48,640.701,0,0.922778,-0.383389,0.0386459,0.999987,0.295358,0.087459,0.785714,0.88,762.451,929.561,1371.61,2590.61,199.969,670.902,1345.62,49.5294,2515.74,147.625,162.686,-0.454478,-0.575068,0.0045871,0.770975,0,0,0,0,0,0,0,67.2563,0,0.991774,0,0,200.843,931.429,0,0,694.33,3378.17,0
1691509928870341404,1606,1601,4,0.996887,22.3021,37.452,55.6768,69.1901,151.387,-1.47989,205.028,434.016,898.694,1267.82,701.718,3434.8,7595.61,17224.7,1101.82,1881.6,2064.16,406.589,432.109,456.757,147354,4408.52,7182.17,3.77646,4.27394,0,0,0.0299179,0,43.1368,57.0424,153.764,815.554,2884.88,3227.79,0.027519,0.00266671,7,7,8,0.533333,1,2.02953,1.05675,0.97278,0.0211858,0.224,1601,0,0,0,0,0.001,0,0,0,0,0,0,0,0,0,0,0,0,0,0,0,0,0,0,0,0,0,0,0,0,0,0,0,0,0,0,0,0,0,0,0,0,22.3021,55.6768,12.102,550.596,680.302,0,0.921615,-0.386209,0.0383207,0.999995,0.175789,0.0482604,0.769912,0.87,758.209,907.765,1363.75,2587.9,207.392,664.925,1331.38,49.0183,2546.94,161.044,140.254,0.118405,-0.38202,-0.0899334,0.449978,0,0,0,0,0,0,0,69.1901,0,0.988132,0,0,205.028,898.694,0,0,701.718,3434.8,0
1691509928973803880,1527,1515,10,0.992141,22.717,39.1552,62.8911,78.0011,147.551,-2.48788,211.299,451.426,920.8,1205.45,782.141,3704.23,8306.09,13213.1,1273.2,2126.95,1981.5,429.981,412.914,512.251,154142,4824.31,7688.49,3.71449,3.04496,0,0,0.0312979,0,44.1263,69.8162,129.453,772.317,2894.26,3778.52,0.000505712,5.16281e-05,3,3,8,0.727273,1,2.39119,1.35777,1.03342,0.0119712,0.281455,1515,0,0,0,0,0.001,0,0,0,0,0,0,0,0,0,0,0,0,0,0,0,0,0,0,0,0,0,0,0,0,0,0,0,0,0,0,0,0,0,0,0,0,22.717,62.8911,15.7503,553.512,714.737,0,0.923291,-0.382269,0.0374728,0.99999,0.250076,0.0329516,0.724138,0.84,772.377,936.879,1451.68,2583.91,206.871,683.541,1364.66,48.4306,2422.22,134.389,148.784,-0.19444,-0.221425,0.724268,-0.339781,0,0,0,0,0,0,0,78.0011,0,0.985479,0,0,211.299,920.8,0,0,782.141,3704.23,0
1691509929076400088,1498,1488,10,0.993324,23.7662,39.0459,58.647,75.1867,170.538,-0.419297,218.097,478.414,1002.18,1322.74,807.42,3706.03,8879.32,20654.4,1220.62,2174.05,2115.62,465.346,416.561,550.991,160831,5333.14,8414.83,5.65555,6.59634,0,0,0.0331599,0,47.9962,82.889,166.121,841.139,2856.35,4420.34,0.0425507,0.00445755,7,7,8,0.533333,1,3.00794,1.99435,1.01359,0.0205932,0.129434,1488,0,0,0,0,0.001,0,0,0,0,0,0,0,0,0,0,0,0,0,0,0,0,0,0,0,0,0,0,0,0,0,0,0,0,0,0,0,0,0,0,0,0,23.7662,58.647,15.7596,567.303,718.937,0,0.922988,-0.382894,0.0385506,0.999999,0.0734513,0.0183604,0.834862,0.91,799.766,961.198,1452.87,2583.15,214.35,693.455,1348.18,60.1652,2443.84,169.883,154.763,-0.387077,0.0121885,-0.48144,0.378417,0,0,0,0,0,0,0,75.1867,0,0.984543,0,0,218.097,1002.18,0,0,807.42,3706.03,0
1691509929177019210,1480,1464,14,0.989189,20.7811,38.3265,58.7046,76.0123,127.211,1.26861,207.354,497.024,980.915,1348.13,768.119,3663.84,8063.81,27687.8,1246.73,2096.89,2309.33,440.337,423.455,616.034,160357,5170.83,8213.03,28.2203,3.90652,0,0,0.0322457,0,40.9908,65.5497,161.408,781.444,3114.93,4048.7,0.00018077,2.05023e-05,2,2,8,0.8,1,2.85776,1.95141,0.906343,0.00880684,0.118817,1464,0,0,0,0,0.001,0,0,0,0,0,0,0,0,0,0,0,0,0,0,0,0,0,0,0,0,0,0,0,0,0,0,0,0,0,0,0,0,0,0,0,0,20.7811,58.7046,15.9974,600.668,734.335,0,0.923429,-0.381844,0.0383852,0.999999,0.0659033,0.0257011,0.709402,0.83,790.709,953.597,1520.92,2580.45,209.834,695.583,1344.69,58.1089,2519.26,170.005,152.453,-0.294392,0.0926851,-0.858088,-0.114284,0,0,0,0,0,0,0,76.0123,0,0.99112,0,0,207.354,980.915,0,0,768.119,3663.84,0
1691509929278051169,1559,1536,22,0.985247,20.4888,37.3846,57.6571,68.9293,154.3,1.29021,226.619,465.586,967.299,1318.32,816.156,3473.83,7284.66,11946.6,1154.09,1895.04,2137.54,458.122,421.138,569.789,162085,4206.49,6901.62,5.38187,3.84119,0,0,0.0259525,0,38.5096,80.4965,177.112,811.35,2572.39,3221.76,0.0143128,0.00129693,4,3,10,0.769231,1,2.966,2.08766,0.878336,0.00741607,0.370717,1536,0,0,0,0,0.001,0,0,0,0,0,0,0,0,0,0,0,0,0,0,0,0,0,0,0,0,0,0,0,0,0,0,0,0,0,0,0,0,0,0,0,0,20.4888,57.6571,19.5173,614.627,738.856,0,0.92531,-0.377441,0.0366008,0.999987,0.292798,0.0116744,0.709402,0.83,812.023,958.021,1448.19,2934.24,199.927,677.911,1330.18,60.2117,2572.54,184.745,151.404,-0.0350893,-0.0858677,-0.435557,-0.426032,0,0,0,0,0,0,0,68.9293,0,0.996094,0,0,226.619,967.299,0,0,816.156,3473.83,0
1691509929378612094,1686,1668,16,0.989324,20.4992,35.7872,54.7786,67.3532,135.759,1.14068,214.953,427.262,939.006,1215.2,806.878,3356.43,7521.2,17149,978.066,1605.02,2056.97,415.499,422.325,507.354,164517,4514.87,7324.18,4.11362,4.67527,0,0,0.0274431,0,41.1954,78.2897,155.307,790.847,2862.8,3395.75,0.0178956,0.00183558,6,6,8,0.571429,1,3.82844,2.93195,0.896489,0.0321518,0.308603,1668,0,0,0,0,0.001,0,0,0,0,0,0,0,0,0,0,0,0,0,0,0,0,0,0,0,0,0,0,0,0,0,0,0,0,0,0,0,0,0,0,0,0,20.4992,54.7786,17.8713,650.992,739.137,0,0.925444,-0.376988,0.0378507,0.999999,0.0765583,0.0644481,0.834862,0.91,810.922,942.888,1354.03,2574.78,203.864,685.898,1280.98,61.6551,2619.42,159.251,142.575,-1.02502,0.980092,-0.223044,-0.43309,0,0,0,0,0,0,0,67.3532,0,0.997002,0,0,214.953,939.006,0,0,806.878,3356.43,0
1691509929477929763,1672,1652,20,0.988038,19.5188,36.3306,56.9129,69.404,140.625,0.923639,224.242,476.353,959.43,1285.56,819.429,3550.22,7924.45,20772.1,1030.93,1769.49,2130.04,448.105,479.026,569.817,177328,5429.01,8689.64,3.44631,4.57606,0,0,0.0306157,0,48.4033,96.5462,180.65,867.94,3209.15,4286.95,0.00109848,0.000195347,4,4,8,0.666667,1,2.87238,1.97916,0.893223,0.0206642,0.231053,1652,0,0,0,0,0.001,0,0,0,0,0,0,0,0,0,0,0,0,0,0,0,0,0,0,0,0,0,0,0,0,0,0,0,0,0,0,0,0,0,0,0,0,19.5188,56.9129,13.6236,674.785,773.591,0,0.921762,-0.385901,0.0378744,0.999953,0.552554,0.0148216,0.818182,0.9,828.303,964.64,1448.08,2571.7,206.747,685.183,1342.81,53.6494,2618.61,183.856,161.754,-0.214114,0.112993,0.150479,0.00717579,0,0,0,0,0,0,0,69.404,0,0.996368,0,0,224.242,959.43,0,0,819.429,3550.22,0
1691509929576793468,1491,1478,12,0.991281,21.1432,37.7026,55.9855,71.0222,135.075,0.198642,224.526,509.399,973.172,1219.74,817.98,3628.37,8080.37,19696.5,1384.05,1560.18,2160.54,441.512,511.428,606.299,178308,4639.24,7547.49,5.6365,6.93755,0,0,0.0260181,0,39.1085,88.067,153.698,866.964,2839.11,3560.54,0.00654205,0.0016465,6,5,9,0.642857,1,2.96229,2.08709,0.875198,0.0144052,0.208352,1478,0,0,0,0,0.001,0,0,0,0,0,0,0,0,0,0,0,0,0,0,0,0,0,0,0,0,0,0,0,0,0,0,0,0,0,0,0,0,0,0,0,0,21.1432,55.9855,15.1014,683.468,772.431,0,0.922512,-0.384133,0.0376032,0.999998,0.111149,0.0140485,0.769912,0.87,856.915,1001.8,1484.87,2568.02,210.319,702.736,1338.49,58.5953,2604.13,160.169,143.056,0.0362498,0.419252,-0.625898,-0.538261,0,0,0,0,0,0,0,71.0222,0,0.989851,0,0,224.526,973.172,0,0,817.98,3628.37,0
1691509929675523633,1543,1517,24,0.98315,21.1074,36.7292,58.3882,72.1035,116.649,-0.660152,213.566,504.515,1006.98,1252.92,769.332,3423.67,7921.33,15401.9,1458.5,1350.93,2102.24,500.592,579.505,548.805,174212,4489.44,7360.64,28.1484,4.86808,0,0,0.0257699,0,41.7254,79.8118,174.41,858.573,2856.62,3349.5,0.000231922,2.34918e-05,2,2,8,0.8,1,3.87354,2.95843,0.915103,0.0169893,0.0763654,1517,0,0,0,0,0.001,0,0,0,0,0,0,0,0,0,0,0,0,0,0,0,0,0,0,0,0,0,0,0,0,0,0,0,0,0,0,0,0,0,0,0,0,21.1074,58.3882,20.8021,664.696,765.502,0,0.924248,-0.380018,0.0367797,0.99999,0.260207,0.0266913,0.818182,0.9,853.889,1000.63,1443.91,2563.03,211.088,689.535,1342.78,59.5914,2450.77,181.348,149.766,-0.205272,-3.27863,0.23938,-0.551281,0,0,0,0,0,0,0,72.1035,0,0.988794,0,0,213.566,1006.98,0,0,769.332,3423.67,0
1691509929771714851,1502,1493,9,0.994008,22.6508,39.0838,60.5167,77.5473,161.886,-0.46016,219.467,506.612,986.492,1312.56,817.806,3492.93,7925.98,26289.2,1288.2,1564.34,2130.72,483.864,558.263,573.322,169979,5043.61,8001.56,5.76059,6.22209,0,0,0.0296719,0,37.6283,76.1404,179.045,829.609,2715.27,4163.87,0.00590506,0.000846609,7,7,8,0.533333,1,3.80115,2.78997,1.01119,0.0288899,0.648076,1493,0,0,0,0,0.001,0,0,0,0,0,0,0,0,0,0,0,0,0,0,0,0,0,0,0,0,0,0,0,0,0,0,0,0,0,0,0,0,0,0,0,0,22.6508,60.5167,22.3505,644.031,713.619,0,0.925752,-0.376269,0.0374683,0.999992,0.234745,0.0967938,0.73913,0.85,846.183,979.509,1411.14,2560.86,215.092,705.294,1336.24,56.5373,2440.68,186.083,149.423,-0.349092,0.349032,-0.00528826,-0.466573,0,0,0,0,0,0,0,77.5473,0,0.986604,0,0,219.467,986.492,0,0,817.806,3492.93,0
1691509929868251145,1562,1545,17,0.989117,21.0289,37.5169,60.2217,72.2433,164.369,-2.05528,220.633,517.316,1008.6,1311.08,804.714,3506.31,7149.69,14407.3,1301.04,1479.55,2136.38,500.158,546.956,540.718,170868,4316.81,7108.99,2.8494,2.82713,0,0,0.025264,0,44.5865,85.9954,192.791,830.725,2687.83,3267.07,0.0303965,0.00230733,6,6,8,0.571429,1,2.90618,1.95381,0.952376,0.0068207,0.145277,1545,0,0,0,0,0.001,0,0,0,0,0,0,0,0,0,0,0,0,0,0,0,0,0,0,0,0,0,0,0,0,0,0,0,0,0,0,0,0,0,0,0,0,21.0289,60.2217,13.4489,616.771,764.78,0,0.922878,-0.383264,0.0374936,0.999971,0.433291,0.14058,0.801802,0.89,822.827,991.193,1397.7,2556.85,208.894,701.934,1277.23,55.1302,2314.57,195.541,160.266,0.0472911,-0.816248,0.00621016,0.740273,0,0,0,0,0,0,0,72.2433,0,0.99288,0,0,220.633,1008.6,0,0,804.714,3506.31,0
1691509929964787978,1682,1665,17,0.989893,21.0346,37.8949,58.6145,73.6709,150.385,-0.332366,210.646,482.799,951.864,1238.96,725.926,3212.81,8190.65,21368.4,1130.05,1487.05,1992.96,444.242,494.475,504.835,178950,5095.37,8289.67,37.151,4.72807,0,0,0.0284738,0,48.9764,102.053,154.071,942.76,3171.69,3870.11,0.000105454,2.53006e-05,2,2,8,0.8,1,3.03038,2.00351,1.02688,0.0111036,0.34746,1665,0,0,0,0,0.001,0,0,0,0,0,0,0,0,0,0,0,0,0,0,0,0,0,0,0,0,0,0,0,0,0,0,0,0,0,0,0,0,0,0,0,0,21.0346,58.6145,13.6441,626.274,779.082,0,0.922654,-0.38384,0.0371045,1,0.0418585,0.0239712,0.818182,0.9,803.131,950.678,1403.1,2551.06,201.248,666.194,1318.99,56.473,2316.38,160.814,167.773,-0.292155,1.15141,-0.507652,-0.222095,0,0,0,0,0,0,0,73.6709,0,0.994595,0,0,210.646,951.864,0,0,725.926,3212.81,0
1691509930063050560,1690,1677,13,0.992308,21.3424,37.928,61.1479,76.5839,150.606,-0.426635,199.127,480.907,946.687,1225.51,699.803,3089.67,7526.14,22296.7,1049.58,1346.84,1879.08,460.271,468.454,486.299,171621,4463.74,7285.41,5.62926,3.5723,0,0,0.0260094,0,41.5349,80.7455,170.335,909.409,2513.98,3569.4,0.003982,0.000499192,4,3,12,0.8,1,3.33416,2.2444,1.08976,0.0141985,0.158749,1677,0,0,0,0,0.001,0,0,0,0,0,0,0,0,0,0,0,0,0,0,0,0,0,0,0,0,0,0,0,0,0,0,0,0,0,0,0,0,0,0,0,0,21.3424,61.1479,20.3298,636.144,742.526,0,0.924947,-0.378299,0.0369101,0.999982,0.343823,0.0111935,0.754386,0.86,802.925,947.255,1368.34,2544.79,206.476,682.253,1273.53,61.6711,2338.78,174.525,164.569,-0.598477,2.33441,-0.0183878,-0.69899,0,0,0,0,0,0,0,76.5839,0,0.989267,0,0,199.127,946.687,0,0,699.803,3089.67,0
1691509930161562150,1829,1799,29,0.983598,21.6751,38.5448,59.8421,74.3415,149.896,0.071638,221.091,477.732,956.539,1245.98,724.984,3076.22,7909.24,20746.7,879.687,1352.81,2022.29,444.882,443.754,487.828,162173,5175.44,8395.08,9.57057,9.54733,0,0,0.031913,0,50.6875,101.56,221.239,939.324,2923.95,4158.31,4.29137,0.0127028,5,4,1,0.2,1,2.96953,1.81318,1.15636,0.00866981,0.166475,1799,0,0,0,0,0.001,0,0,0,0,0,0,0,0,0,0,0,0,0,0,0,0,0,0,0,0,0,0,0,0,0,0,0,0,0,0,0,0,0,0,0,0,21.6751,59.8421,12.8282,621.284,735.887,0,0.922154,-0.384996,0.0375379,0.999973,0.417319,0.0102665,0.724138,0.84,778.682,950.734,1378.05,2539.57,200.541,666.784,1289.61,55.1113,2283.47,238.156,167.991,0.215752,-0.165915,-0.213991,0.167674,0,0,0,0,0,0,0,74.3415,0,0.986103,0,0,221.091,956.539,0,0,724.984,3076.22,0
1691509930262837547,1828,1796,30,0.982495,19.6778,36.234,57.2068,74.3323,178.934,0.361752,211.789,436.788,899.613,1174.79,705.71,2862.19,7133.06,15550.5,877.165,1333.39,1866.97,399.293,410.965,443.461,159269,4235.85,6909.84,4.47115,4.87394,0,0,0.0265956,0,40.3657,77.2753,183.337,846.057,2342.67,3420.13,0.0351747,0.00404743,7,7,8,0.533333,1,3.03235,1.94313,1.08922,0.0221835,0.356822,1796,0,0,0,0,0.001,0,0,0,0,0,0,0,0,0,0,0,0,0,0,0,0,0,0,0,0,0,0,0,0,0,0,0,0,0,0,0,0,0,0,0,0,19.6778,57.2068,18.8122,609.802,698.385,0,0.925337,-0.377427,0.0360561,0.999965,0.478028,0.0391394,0.754386,0.86,763.317,924.75,1351.04,2528.46,199.667,664.499,1271.78,51.186,2336.26,192.05,144.794,0.231011,0.0699337,0.589398,0.187392,0,0,0,0,0,0,0,74.3323,0,0.986637,0,0,211.789,899.613,0,0,705.71,2862.19,0
1691509930364808063,1879,1847,32,0.98297,17.9509,34.4953,54.6858,66.5413,145.828,0.195216,223.44,481.208,933.33,1211.99,758.494,3177.91,7252.79,14924.3,972.034,1422.03,1901.93,454.819,423.086,492.447,156975,4550.64,7441.28,1.56041,1.58947,0,0,0.0289896,0,52.0566,83.9335,188.697,869.998,2678.27,3568.32,9.37827e-05,3.00897e-05,4,3,9,0.75,1,3.38492,2.40909,0.975827,0.0121443,0.0982536,1847,0,0,0,0,0.001,0,0,0,0,0,0,0,0,0,0,0,0,0,0,0,0,0,0,0,0,0,0,0,0,0,0,0,0,0,0,0,0,0,0,0,0,17.9509,54.6858,12.0832,575.485,717.432,0,0.922947,-0.383071,0.0377492,0.99998,0.364291,0.0915377,0.801802,0.89,748.961,920.44,1348,2526.26,195.735,654.225,1272.87,59.7363,2205.74,201.242,172.21,0.293387,-0.149892,0.258818,0.0574266,0,0,0,0,0,0,0,66.5413,0,0.991879,0,0,223.44,933.33,0,0,758.494,3177.91,0
1691509930465752913,1891,1859,31,0.983078,16.8604,31.4206,51.6759,67.0858,133.168,-1.14542,200.857,416.327,851.397,1111.98,655.281,2785.54,6289.73,19491,878.878,1170.08,1837.81,425.403,368.88,434.803,136854,3707.14,5997.93,2.38251,2.47405,0,0,0.0270883,0,36.8983,55.8436,169.239,653.364,2113.17,2969.41,0.0163967,0.00131108,6,5,8,0.615385,1,2.64713,1.78794,0.859198,0.01112,0.247488,1859,0,0,0,0,0.001,0,0,0,0,0,0,0,0,0,0,0,0,0,0,0,0,0,0,0,0,0,0,0,0,0,0,0,0,0,0,0,0,0,0,0,0,16.8604,51.6759,12.5524,517.302,637.146,0,0.922881,-0.383289,0.0371534,1,0.0365507,0.0301841,0.680672,0.81,708.968,880.842,1341.36,2517.01,190.222,624.655,1308.12,50.5641,2269.16,180.295,153.051,-0.0184048,-0.0656129,0.623292,-0.170453,0,0,0,0,0,0,0,67.0858,0,0.995159,0,0,200.857,851.397,0,0,655.281,2785.54,0
1691509930567388153,1984,1974,10,0.99496,18.2209,32.836,52.2518,65.2979,132.25,-1.52726,198.547,412.211,831.266,1113.93,615.871,2717.9,6055.32,15025,1016.12,1022.56,1674.25,404.71,387.813,393.698,144694,3301.47,5502.32,4.25046,3.37261,0,0,0.022817,0,43.8748,55.1004,151.621,757.68,1931.23,2562.82,0.000857302,0.000119574,4,4,8,0.666667,1,2.38329,1.43206,0.951225,0.0113223,0.230969,1974,0,0,0,0,0.001,0,0,0,0,0,0,0,0,0,0,0,0,0,0,0,0,0,0,0,0,0,0,0,0,0,0,0,0,0,0,0,0,0,0,0,0,18.2209,52.2518,11.5426,495.072,597.386,0,0.922608,-0.384161,0.0348452,0.999997,0.142234,0.0194873,0.769912,0.87,688.673,876.71,1317.75,2500.11,196.497,641.11,1311.05,47.4205,2337.27,159.62,149.976,0.00285828,0.367989,0.828899,-0.527338,0,0,0,0,0,0,0,65.2979,0,0.996454,0,0,198.547,831.266,0,0,615.871,2717.9,0
1691509930670173004,1857,1848,9,0.995153,17.1847,33.8427,56.4469,70.2449,137.886,-0.060414,209.048,434.437,848.79,1168.96,669.869,2766.64,5905.66,9395.42,1083.03,1098.12,1770.16,460.955,377.623,446.831,145836,3219.57,5385.97,1.90359,1.51087,0,0,0.0220767,0,41.1941,73.8618,173.685,688.308,1944.43,2464.5,0.0784425,0.000912786,5,4,8,0.666667,1,2.65608,1.67329,0.982786,0.00487817,0.291008,1848,0,0,0,0,0.001,0,0,0,0,0,0,0,0,0,0,0,0,0,0,0,0,0,0,0,0,0,0,0,0,0,0,0,0,0,0,0,0,0,0,0,0,17.1847,56.4469,12.2928,515.379,635.328,0,0.924351,-0.379656,0.0378964,0.999984,0.327366,0.0249395,0.694915,0.82,712.089,875.253,1315.26,2497.55,193.923,636.565,1276.63,54.281,2302.68,189.326,156.67,-0.0179964,-0.0512599,0.00265755,0.0792534,0,0,0,0,0,0,0,70.2449,0,0.991883,0,0,209.048,848.79,0,0,669.869,2766.64,0
1691509930773842040,1755,1725,28,0.982906,17.867,33.4159,53.3656,69.6332,171.402,0.401481,210.023,429.931,869.111,1129.13,677.225,2760.25,6239.76,9389.99,1103.08,1101.96,1850.05,446.896,365.772,493.551,144959,3112.81,5176.31,5.82845,5.1527,0,0,0.0214738,0,38.4521,64.6871,166.555,707.34,1688,2511.28,0.000450903,0.000235877,5,5,8,0.615385,1,2.85243,1.93129,0.921139,0.0104979,0.541927,1725,0,0,0,0,0.001,0,0,0,0,0,0,0,0,0,0,0,0,0,0,0,0,0,0,0,0,0,0,0,0,0,0,0,0,0,0,0,0,0,0,0,0,17.867,53.3656,22.1408,539.706,644.153,0,0.927415,-0.372237,0.0366286,0.999967,0.465578,0.0913768,0.709402,0.83,723.167,888.755,1311.13,2482.34,195.427,658.833,1268.21,59.1288,2459.18,175.288,135.819,-0.11301,0.346075,-0.335593,-0.378891,0,0,0,0,0,0,0,69.6332,0,0.990725,0,0,210.023,869.111,0,0,677.225,2760.25,0
1691509930875400805,1716,1680,36,0.979021,16.4568,30.6617,49.6283,66.0066,194.917,0.622385,193.547,446.825,880.776,1165.93,652.843,2734,6982.71,14169.8,1110.42,1067.97,1706.13,481.537,355.278,515.936,155159,3323.19,5561.29,2.64919,3.16024,0,0,0.021418,0,45.5326,59.3654,164.816,726.996,2102.53,2462.05,0.0144481,0.000949323,4,4,10,0.714286,1,2.37551,1.59728,0.77823,0.0200074,0.187571,1680,0,0,0,0,0.001,0,0,0,0,0,0,0,0,0,0,0,0,0,0,0,0,0,0,0,0,0,0,0,0,0,0,0,0,0,0,0,0,0,0,0,0,16.4568,49.6283,14.1333,551.781,680.086,0,0.924294,-0.380002,0.0357743,0.999965,0.481959,0.108337,0.694915,0.82,725.721,890.233,1301.01,2466.15,198.273,661.59,1246.59,49.1321,2227.14,172.652,153.091,0.755865,-0.374373,0.952262,0.55673,0,0,0,0,0,0,0,66.0066,0,0.992857,0,0,193.547,880.776,0,0,652.843,2734,0
1691509930977974312,1549,1513,35,0.976759,19.398,35.9486,58.2276,76.4219,178.811,-1.05608,219.08,452.221,891.609,1145.71,746.018,3139.02,7944.12,16849.3,1123.06,1224.79,1828.76,430.682,399.167,483.666,154043,3873.05,6331.34,1.08233,1.22542,0,0,0.0251426,0,46.1241,71.0497,129.138,802.78,2204.57,3077.67,0.00549695,0.000375087,7,6,11,0.647059,1,3.01998,2.06905,0.950938,0.00816798,0.586801,1513,0,0,0,0,0.001,0,0,0,0,0,0,0,0,0,0,0,0,0,0,0,0,0,0,0,0,0,0,0,0,0,0,0,0,0,0,0,0,0,0.000660939,12.5712,12.5712,19.4222,58.2415,16.5677,562.816,691.616,0,0.925171,-0.377843,0.0359624,0.999997,0.133918,0.0128967,0.709402,0.83,733.577,905.589,1267.27,2455.26,198.512,667.316,1222.29,58.9266,2199.94,138.456,130.807,0.0601591,0.112504,0.436999,-0.148315,0,0,0,0,0,0.000645578,12.5712,76.4243,1,0.982143,729.581,729.581,218.88,892.012,1294.54,1294.54,745.527,3139.88,0.000264688
1691509931078934130,1609,1572,36,0.977004,19.1967,34.7484,55.6731,67.4422,120.502,0.330105,212.598,467.598,942.513,1169.12,715.759,3079.57,6674.05,12429.8,1085.23,1470.36,1842.6,472.856,386.329,524.613,165291,3550.82,5962.28,23.5334,3.85861,0,0,0.0214822,0,42.0931,83.2984,158.44,820.764,2202.7,2654.99,8.22831e-05,2.18296e-05,2,2,8,0.8,1,3.9816,3.13706,0.844537,0.0138274,0.174241,1572,0,0,0,0,0.001,0,0,0,0,0,0,0,0,0,0,0,0,0,0,0,0,0,0,0,0,0,0,0,0,0,0,0,0,0,0,0,0,0,0.0108142,10.505,18.1343,19.3628,55.8906,17.434,586.664,714.902,0,0.925554,-0.376892,0.0360756,0.999999,0.0591299,0.0478413,0.73913,0.85,742.413,929.448,1268.72,2443.35,205.855,669.893,1226.94,65.3728,2203.06,170.031,141.677,-0.585418,0.915034,0.0901296,-0.800861,0,0,0,0,0,0.0105656,23.9868,67.6178,1,0.994212,496.302,773.827,212.414,944.172,880.485,1326.88,714.604,3094.46,0.00211302
1691509931177041543,1559,1516,42,0.972418,19.2018,36.0041,56.889,75.8949,143.9,-0.644266,214.669,510.369,923.432,1222.02,737.869,3244.49,7807.86,20322.6,1050.38,1319.54,2103.56,428.124,452.75,524.788,159886,4399.64,7051.53,52.8367,2.54281,0,0,0.0275173,0,44.1847,78.4998,156.99,912.247,2116.07,3743.54,4.71966e-05,1.52497e-05,2,1,9,0.9,1,3.05451,2.15323,0.90128,0.0072807,0.319241,1516,0,0,0,0,0.001,0,0,0,0,0,0,0,0,0,0,0,0,0,0,0,0,0,0,0,0,0,0,0,0,0,0,0,0,0,0,0,0,0,0.0184697,9.23436,22.1439,19.4836,57.4162,23.213,624.274,725.513,0,0.925712,-0.376412,0.0370317,0.999999,0.0619644,0.0101618,0.666667,0.8,777.192,984.553,1379.24,2429.45,203.326,674.272,1273.89,57.7102,2206.81,166.049,133.898,0.527954,-2.34774,0.409234,0.146517,0,0,0,0,0,0.0179602,29.7759,76.2238,1,0.987903,205.796,641.441,215.772,930.079,333.036,1069.17,749.602,3258.84,0.00176654
1691509931274417387,1434,1403,31,0.978382,20.7769,38.8138,64.5908,82.0599,171.705,-0.545486,224.583,501.999,942.959,1222.97,804.192,3372.1,7449.28,23311.9,1062.67,1719.44,2124.48,475.48,451,537.674,161935,5135.2,7939.37,3.47736,3.31021,0,0,0.0317115,0,41.2538,63.5518,159.604,747.116,2519.64,4408.2,0.00345644,0.000791329,11,11,13,0.541667,1,3.17214,2.16122,1.01092,0.0265477,0.132145,1403,0,0,0,0,0.001,0,0,0,0,0,0,0,0,0,0,0,0,0,0,0,0,0,0,0,0,0,0,0,0,0,0,0,0,0,0,0,0,0,0.00926586,10.8136,21.809,21.0504,64.8618,19.1465,618.905,722.949,0,0.92371,-0.381251,0.0375153,0.999986,0.301305,0.00848602,0.709402,0.83,797.391,974.983,1296.32,2412.94,207.991,693.034,1225.21,58.5188,2081.5,165.61,140.927,0.809434,0.497738,0.031261,-0.480305,0,0,0,0,0,0.00906555,24.565,82.328,1,0.979856,232.099,767.795,224.319,947.057,387.227,1222.58,811.709,3380.89,0.000798929
1691509931372496426,1458,1414,42,0.969822,21.8847,37.8678,60.5743,77.5266,137.464,-0.509976,219.853,475.265,913.953,1190.68,783.959,3273.2,8347.79,14248.2,1104.52,1348.6,2063.71,442.171,462.254,518.527,158750,4158.01,6660.28,2.64526,1.89252,0,0,0.0261922,0,37.0472,73.2158,157.062,763.656,2170.45,3458.86,0.00082163,0.000254319,5,4,11,0.733333,1,3.86316,2.93413,0.929033,0.0272408,0.229491,1414,0,0,0,0,0.001,0,0,0,0,0,0,0,0,0,0,0,0,0,0,0,0,0,0,0,0,0,0,0,0,0,0,0,0,0,0,0,0,0,0.0176803,12.2349,24.0166,22.1321,61.4584,28.4433,632.038,733.518,0,0.925993,-0.375619,0.0380373,0.999981,0.349458,0.0312818,0.754386,0.86,798.129,986.498,1348.71,2397.25,205.196,681.127,1274.36,56.9232,2048.26,163.556,122.026,0.534267,0.364344,0.0659757,-0.223092,0,0,0,0,0,0.0171468,26.5891,77.8203,1,0.986321,260.285,714.802,219.576,915.893,405.543,1192.88,791.103,3301.79,0.00199503
1691509931469971231,1460,1433,26,0.981507,20.527,38.4484,61.5941,77.0911,189.98,-1.36368,233.993,511.469,957.298,1225.45,859.944,3254.19,7963.8,26116.2,960.516,1386.86,1960.78,476.715,466.508,559.377,166976,4579.48,7076.05,4.68865,4.60098,0,0,0.027426,0,39.1278,65.5427,150.824,791.059,1980.37,4049.13,0.0309983,0.00475846,10,10,13,0.565217,1,4.23217,3.27532,0.956855,0.0127629,0.27839,1433,0,0,0,0,0.001,0,0,0,0,0,0,0,0,0,0,0,0,0,0,0,0,0,0,0,0,0,0,0,0,0,0,0,0,0,0,0,0,0,0.0209351,7.33685,24.676,20.8508,62.1755,26.8597,648.313,720.827,0,0.928138,-0.370628,0.0345779,0.999979,0.368986,0.100644,0.724138,0.84,800.058,982.105,1289.09,2370.53,213.508,683.375,1211.42,66.6609,2107.31,161.235,137.449,0.795463,0.422476,-0.424836,-0.38268,0,0,0,0,0,0.0205479,28.2404,77.2661,1,0.987883,344.532,745.063,233.225,977.331,555.124,1133.72,865.546,3310.9,0.00209747
1691509931567305201,1367,1340,24,0.980249,21.675,42.0686,68.2073,84.1564,141.536,-2.42749,248.052,545.18,1018.67,1258.03,865.356,3351.75,8314.36,31489.2,1152.59,1662.58,2171.49,485.911,456.818,639.124,171382,5363.05,8137.45,4.14881,3.21548,0,0,0.031293,0,39.0861,76.0031,163.264,785.045,2293.85,4780.19,0.000268216,3.79128e-05,4,3,9,0.75,1,4.65111,3.60751,1.0436,0.00762078,0.240487,1340,0,0,0,0,0.001,0,0,0,0,0,0,0,0,0,0,0,0,0,0,0,0,0,0,0,0,0,0,0,0,0,0,0,0,0,0,0,0,0,0.0246269,9.99383,15.9419,22.5805,68.3537,27.9453,663.845,717.209,0,0.928019,-0.370916,0.0346663,1,0.0185236,0.0923509,0.73913,0.85,836.315,982.577,1283.66,2354.45,209.78,700.815,1208.28,69.2454,2169.56,173.212,136.481,0.0784506,0.890238,0.327698,-0.993478,0,0,0,0,0,0.0241405,19.4493,84.7908,1,0.975516,186.202,728.908,249.738,1023.52,316.338,1142.02,882.11,3419.47,0.00170224
1691509931666686050,1376,1344,32,0.976744,20.3988,40.5047,68.0317,85.7471,154.23,-2.27854,229.147,511.696,916.801,1146.11,833.609,3394.33,8190.94,25840.2,1066.1,1375.78,2296.64,465.69,458.554,571.012,165624,4552.89,7065.69,2.46962,2.2479,0,0,0.0274894,0,36.3519,81.4573,141.188,681.97,2202.2,3922.52,0.0095973,0.00127568,8,7,12,0.631579,1,4.15988,3.11213,1.04774,0.0114302,0.318762,1344,0,0,0,0,0.001,0,0,0,0,0,0,0,0,0,0,0,0,0,0,0,0,0,0,0,0,0,0,0,0,0,0,0,0,0,0,0,0,0,0.0267857,9.86717,20.9949,21.0608,69.1987,29.0134,643.898,732.088,0,0.928767,-0.36914,0.033587,0.999998,0.126526,0.0467652,0.818182,0.9,815.094,965.971,1304.02,2335.02,209.512,692.653,1256.03,70.3499,2119.01,148.146,116.883,1.05675,-0.233362,-0.119207,-0.058051,0,0,0,0,0,0.0261628,26.5215,87.6722,1,0.970948,334.224,699.963,227.548,918.808,527.928,1189.7,851.007,3431.75,0.00240402
1691509931765533350,1386,1342,42,0.968254,20.647,41.7113,72.9242,87.3355,134.872,-0.670222,234.88,534.14,955.337,1207.36,810.892,3353.3,8805.65,32688.2,1021.68,1476.75,2279.65,514.718,485.487,542.529,166115,6516.55,9410.98,8.98069,8.63033,0,0,0.0392292,0,34.9794,73.3119,150.456,758.814,2375.23,6018.2,0.0327259,0.00488715,8,7,11,0.611111,1,5.26633,4.20674,1.05959,0.0156635,0.349378,1342,0,0,0,0,0.001,0,0,0,0,0,0,0,0,0,0,0,0,0,0,0,0,0,0,0,0,0,0,0,0,0,0,0,0,0,0,0,0,0,0.0290611,7.44378,18.99,21.2962,73.7654,27.1126,637.561,705.326,0,0.92631,-0.374928,0.0371324,0.999974,0.413569,0.0235193,0.666667,0.8,837.706,1019.97,1520.96,2326.8,209.774,698.099,1371.14,71.6927,2141.78,167.437,118.633,0.273974,0.800811,0.200157,-0.744538,0,0,0,0,0,0.0281385,25.7473,87.8289,1,0.977744,253.626,581.31,234.726,967.886,379.513,937.5,833.39,3419.45,0.00140116
1691509931864056137,1436,1401,35,0.975627,21.6068,40.314,69.4701,87.1072,151.499,-1.40149,234.365,477.114,892.065,1178.74,819.88,3430.52,7903.69,20289.8,914.985,1569.64,2345.79,465.217,469.086,522.118,161049,4694.66,7152.42,3.5311,8.43044,0,0,0.0291506,0,35.0338,56.4471,147.457,681.492,2083.91,4148.08,0.000510264,0.000129764,3,3,8,0.727273,1,4.15213,3.04642,1.10571,0.0171282,0.255362,1401,0,0,0,0,0.001,0,0,0,0,0,0,0,0,0,0,0,0,0,0,0,0,0,0,0,0,0,0,0,0,0,0,0,0,0,0,0,0,0,0.0278373,11.3496,18.3557,22.2724,70.6337,20.1696,645.026,711.804,0,0.925762,-0.376452,0.0353333,0.999997,0.138717,0.0944723,0.666667,0.8,810.542,996.493,1368.49,2309.33,213.541,688.825,1271.51,62.4237,2121,152.641,115.348,0.666872,0.340041,-0.242447,-0.325463,0,0,0,0,0,0.0271588,22.7035,88.1818,1,0.970631,277.964,616.09,232.759,901.055,469.418,906.634,842.148,3486.35,0.00187806
1691509931964078122,1330,1306,21,0.981955,21.8653,42.7083,72.9361,89.6316,152.898,-2.51213,238.048,505.066,924.2,1244.85,831.049,3376.25,8015.56,25111.1,947.008,1498.54,2438.47,512.605,464.451,534.596,165803,4628.12,7029.84,8.34255,8.31562,0,0,0.0279134,0,31.0765,77.1265,150.875,656.019,1993.33,4121.42,0.00554184,0.00211622,10,10,15,0.6,1,4.24402,3.14108,1.10295,0.00751844,0.127185,1306,0,0,0,0,0.001,0,0,0,0,0,0,0,0,0,0,0,0,0,0,0,0,0,0,0,0,0,0,0,0,0,0,0,0,0,0,0,0,0,0.0336907,7.05115,21.0136,22.6461,73.9709,26.7599,634.383,714.857,0,0.926996,-0.373185,0.0375608,0.999991,0.237366,0.0744883,0.680672,0.81,830.505,974.815,1382.88,2293.17,210.636,693.452,1284.61,69.283,2129.7,154.256,110.115,1.11297,0.273577,0.257013,-0.34577,0,0,0,0,0,0.0330827,24.4802,90.33,1,0.969097,272.941,603.043,236.092,948.155,449.851,956.082,856.144,3428.41,0.0018977
1691509932064578478,1472,1446,26,0.982337,21.222,38.7404,65.2081,81.9901,145.926,0.923119,228.007,508.69,892.491,1182.2,845.849,3274.35,8344.49,24592.4,951.383,1518.66,2168.65,482.391,448.034,516.17,154389,4980.11,7785.97,20.1333,4.21779,0,0,0.0322569,0,38.1811,77.9291,143.298,804.542,2485.4,4236.62,0.000134771,2.93709e-05,2,2,8,0.8,1,3.86657,2.83845,1.02812,0.0104494,0.0671232,1446,0,0,0,0,0.001,0,0,0,0,0,0,0,0,0,0,0,0,0,0,0,0,0,0,0,0,0,0,0,0,0,0,0,0,0,0,0,0,0,0.0255878,8.52199,20.0518,21.8571,65.4826,20.3373,605.043,698.619,0,0.925456,-0.377122,0.0361902,0.99999,0.254636,0.0917555,0.612903,0.76,774.98,946.524,1376.5,2276.19,211.63,678.336,1277.56,72.275,2055.81,149.002,128.227,1.16571,1.07173,-0.719983,0.0888882,0,0,0,0,0,0.0251359,21.1978,82.2097,1,0.982967,225.172,506.294,228.32,894.872,364.231,783.054,872.259,3316.08,0.00101334
1691509932166418694,1398,1363,33,0.974964,23.0617,44.4628,71.92,85.5487,204.118,-0.0932806,207.421,457.796,904.762,1137.28,804.572,3463.54,9330.4,59290.5,908.395,1566.33,2273.18,419.463,424.787,532.966,156385,7302.95,11183.2,11.7772,7.59321,0,0,0.0466985,0,35.5127,80.5344,124.731,752.441,4452.4,5737.56,0.00126594,0.000279927,4,4,8,0.666667,1,5.40599,4.24676,1.15923,0.0273284,0.301157,1363,0,0,0,0,0.001,0,0,0,0,0,0,0,0,0,0,0,0,0,0,0,0,0,0,0,0,0,0,0,0,0,0,0,0,0,0,0,0,0,0,0,0,23.0617,71.92,31.4508,620.702,706.848,0,0.928295,-0.370051,0.0364856,0.999971,0.436847,0.0977012,0.680672,0.81,786.026,968.058,1382.76,2263.48,209.703,672.23,1288.94,90.652,2152.24,126.312,137.833,0.681638,0.314539,-0.133671,-0.559113,0,0,0,0,0,0,0,85.5487,0,0.973588,0,0,207.421,904.762,0,0,804.572,3463.54,0
1691509932267268097,1317,1272,43,0.965831,21.5583,40.9816,71.59,85.7685,140.532,-1.74048,219.941,504.24,922.369,1128.23,800.141,3460.19,7502.1,14497.6,923.744,1591.64,2354.02,494.786,432.713,539.029,161244,3859.75,6085.86,13.5738,6.17422,0,0,0.0239373,0,31.9268,45.3469,133.812,623.741,2033.51,3217.52,0.00111228,0.000344093,4,4,8,0.666667,1,4.37035,3.35229,1.01806,0.0288097,0.244672,1272,0,0,0,0,0.001,0,0,0,0,0,0,0,0,0,0,0,0,0,0,0,0,0,0,0,0,0,0,0,0,0,0,0,0,0,0,0,0,0,0,0,0,21.5583,71.59,25.5148,613.079,685.406,0,0.925459,-0.377614,0.0305412,0.99995,0.574601,0.0767738,0.652893,0.79,789.251,941.505,1380.54,2801.41,209.307,682.097,1261.5,78.8342,2080.71,141.896,123.187,1.08606,-0.313597,0.298571,0.180524,0,0,0,0,0,0,0,85.7685,0,0.974057,0,0,219.941,922.369,0,0,800.141,3460.19,0
1691509932368184268,1332,1295,35,0.972222,22.2912,40.0609,65.4654,80.5238,145.278,-3.42217,222.766,450.648,894.419,1179.48,813.951,3259.34,7373.27,27852.8,910.448,1344.12,2134.01,425.445,407.548,474.826,145778,4003.44,6398.7,15.6063,5.00286,0,0,0.0274626,0,30.9056,52.7359,125.94,602.412,2653.01,2933.69,0.000132062,2.97902e-05,2,2,8,0.8,1,4.26217,3.32458,0.937586,0.00828227,0.147985,1295,0,0,0,0,0.001,0,0,0,0,0,0,0,0,0,0,0,0,0,0,0,0,0,0,0,0,0,0,0,0,0,0,0,0,0,0,0,0,0,0,0,0,22.2912,65.4654,23.2391,592.386,677.375,0,0.925389,-0.377347,0.035559,0.999987,0.287934,0.0291073,0.694915,0.82,789.366,932.359,1287.13,2225.69,210.809,672.729,1255.47,68.7095,1986.15,127.858,105.725,0.772533,0.140689,-0.4529,-0.369709,0,0,0,0,0,0,0,80.5238,0,0.987645,0,0,222.766,894.419,0,0,813.951,3259.34,0
1691509932469811158,1313,1278,32,0.973343,20.9878,40.2985,69.6649,89.9872,155.286,-2.37452,213.193,459.109,885.947,1175.76,799.96,3395.35,8380.19,24198.9,1062.5,1523.45,2213.74,464.92,418.476,488.629,153690,4002.75,6478.49,4.57803,4.45308,0,0,0.0260443,0,29.673,72.028,129.833,712.445,2470.56,3063.95,0.0539979,0.00337344,5,5,8,0.615385,1,4.2873,3.25307,1.03423,0.00430562,0.228408,1278,0,0,0,0,0.001,0,0,0,0,0,0,0,0,0,0,0,0,0,0,0,0,0,0,0,0,0,0,0,0,0,0,0,0,0,0,0,0,0,0,0,0,20.9878,69.6649,26.0826,589.398,676.52,0,0.926286,-0.375325,0.0335554,0.999996,0.170996,0.0477056,0.724138,0.84,776.406,945.566,1391.77,2807.08,209.073,672.709,1264.96,76.8627,2098.79,133.245,105.73,-0.000810491,0.407024,0.140878,-0.350291,0,0,0,0,0,0,0,89.9872,0,0.971049,0,0,213.193,885.947,0,0,799.96,3395.35,0
1691509932571236177,1305,1291,14,0.989272,22.0924,42.4529,70.7184,83.9047,184.969,-1.46139,222.91,480.484,815.818,1114.26,833.979,3305.14,9056.85,22419.7,1084.27,1440.27,2282.69,413.478,465.14,476.655,147361,4501.61,7031.82,4.49257,3.53298,0,0,0.0305481,0,28.0675,73.7635,103.639,709.763,2338.07,3778.52,0.00298149,0.000572026,6,6,11,0.647059,1,3.94686,2.90604,1.04082,0.0134284,0.127009,1291,0,0,0,0,0.001,0,0,0,0,0,0,0,0,0,0,0,0,0,0,0,0,0,0,0,0,0,0,0,0,0,0,0,0,0,0,0,0,0,0,0,0,22.0924,70.7184,28.7439,609.075,690.181,0,0.928301,-0.370325,0.0334154,0.999985,0.30897,0.0782791,0.73913,0.85,785.575,934.3,1251.28,2810.49,208.543,673.831,1226.58,71.5986,2051.62,110.576,93.6624,2.10775,-0.644129,-0.172625,-0.468382,0,0,0,0,0,0,0,83.9047,0,0.977537,0,0,222.91,815.818,0,0,833.979,3305.14,0
1691509932672209420,1314,1288,21,0.980213,22.8597,42.3419,67.7273,85.5141,144.422,-0.615501,215.623,466.448,866.079,1145.12,850.6,3354.63,8534.2,20964.4,989.873,1472.78,2304.89,456.301,436.537,445.263,153843,4000.47,6249.44,17.0728,6.37378,0,0,0.0260036,0,27.9914,57.7967,113.588,619.52,2060.46,3370.09,0.000208595,0.000104262,3,3,8,0.727273,1,4.36107,3.31307,1.048,0.0149731,0.0672665,1288,0,0,0,0,0.001,0,0,0,0,0,0,0,0,0,0,0,0,0,0,0,0,0,0,0,0,0,0,0,0,0,0,0,0,0,0,0,0,0,0,0,0,22.8597,67.7273,26.8844,623.736,691.379,0,0.925848,-0.376723,0.0297346,0.99997,0.445679,0.0213834,0.694915,0.82,787.942,929.991,1264.16,2802.54,209.152,668.826,1236.97,86.5716,2128.89,120.14,101.665,0.906355,-0.70705,0.29508,0.0675274,0,0,0,0,0,0,0,85.5141,0,0.971273,0,0,215.623,866.079,0,0,850.6,3354.63,0
1691509932772737328,1314,1286,27,0.978691,22.7076,42.6894,69.5044,81.5083,187.038,-2.50278,219.819,496.075,881.517,1136.62,863.792,3495.5,8483.66,26891.2,1149.45,1507.76,2574.6,411.777,495.775,475.896,159821,4473.15,6838.29,11.7542,4.65265,0,0,0.0279886,0,26.3835,50.0385,116.527,702.386,2012.4,3930.55,0.000732544,0.00015238,3,3,10,0.769231,1,4.62784,3.61777,1.01007,0.0085947,0.184121,1286,0,0,0,0,0.001,0,0,0,0,0,0,0,0,0,0,0,0,0,0,0,0,0,0,0,0,0,0,0,0,0,0,0,0,0,0,0,0,0,0,0,0,22.7076,69.5044,25.1827,633.579,685.239,0,0.923474,-0.381782,0.0379264,0.999951,0.568155,0.0681701,0.666667,0.8,805.917,968.215,1290.2,2180.92,208.593,681.948,1242.44,83.583,2156.6,123.116,93.3377,2.02733,-1.32927,0.20266,-0.323015,0,0,0,0,0,0,0,81.5083,0,0.982115,0,0,219.819,881.517,0,0,863.792,3495.5,0
1691509932873276647,1285,1252,31,0.974319,21.7982,42.9259,72.768,88.7284,138.843,-2.22391,216.916,490.86,862.584,1204.73,875.416,3367.76,8751.49,14476.6,1132.33,1634.61,2275.52,461.778,427.684,530.977,160340,3881.68,6221.79,9.62373,2.55747,0,0,0.024209,0,29.9426,59.6989,114.298,682.156,2249.67,3086.02,0.0021471,0.000210906,4,3,12,0.8,1,4.87414,3.81213,1.062,0.00968626,0.149982,1252,0,0,0,0,0.001,0,0,0,0,0,0,0,0,0,0,0,0,0,0,0,0,0,0,0,0,0,0,0,0,0,0,0,0,0,0,0,0,0,0,0,0,21.7982,72.768,26.9483,628.617,682.435,0,0.924027,-0.380271,0.0396132,0.999997,0.133564,0.0471428,0.574803,0.73,774.152,928.319,1369.85,2831.81,204.917,671.502,1232.43,77.3312,2138.89,120.124,103.374,0.906327,-2.60655,1.10398,-0.142094,0,0,0,0,0,0,0,88.7284,0,0.970447,0,0,216.916,862.584,0,0,875.416,3367.76,0
1691509932972473069,1195,1167,26,0.976569,24.0514,41.5478,70.8987,84.7298,151.216,-3.90301,218.9,514.734,877.208,1208.56,869.884,3613.38,9788.28,19872.8,1023.68,1736.7,2458.83,491.655,449.023,516.543,152507,4425.34,6810.47,14.1516,5.80058,0,0,0.0290173,0,26.53,51.5603,118.3,689.112,2085.33,3839.64,0.000243677,9.56017e-05,3,3,8,0.727273,1,4.73683,3.78448,0.952353,0.0105548,0.144573,1167,0,0,0,0,0.001,0,0,0,0,0,0,0,0,0,0,0,0,0,0,0,0,0,0,0,0,0,0,0,0,0,0,0,0,0,0,0,0,0,0,0,0,24.0514,70.8987,22.3881,633.793,696.819,0,0.926091,-0.375282,0.0389701,0.999985,0.311518,0.0195009,0.626016,0.77,832.565,988.421,1360.45,2827.55,210.943,690.55,1275.78,87.2029,2134.97,125.17,102.175,-0.704755,1.27765,0.239094,-0.237557,0,0,0,0,0,0,0,84.7298,0,0.978578,0,0,218.9,877.208,0,0,869.884,3613.38,0
1691509933071210230,1251,1219,31,0.97442,22.7571,42.1917,72.0832,89.7453,162.12,-2.17411,227.732,513.108,885.68,1144.47,863.917,3628.6,8575.94,18574.4,1102.46,1513.39,2457.23,453.043,480.329,473.186,147244,4411.73,6633.93,27.2635,6.14965,0,0,0.029962,0,24.2007,45.7216,102.244,685.103,1816.88,3959.78,0.000118802,3.81257e-05,2,2,8,0.8,1,4.41452,3.39391,1.02062,0.00784311,0.0765485,1219,0,0,0,0,0.001,0,0,0,0,0,0,0,0,0,0,0,0,0,0,0,0,0,0,0,0,0,0,0,0,0,0,0,0,0,0,0,0,0,0,0,0,22.7571,72.0832,29.7551,620.266,679.979,0,0.927794,-0.371502,0.0344099,0.999981,0.353105,0.0405961,0.724138,0.84,812.246,932.376,1251.76,2162.87,207.428,680.328,1215.67,86.89,2106.2,108.337,96.9582,1.15984,-0.193464,0.326303,-0.223908,0,0,0,0,0,0,0,89.7453,0,0.971288,0,0,227.732,885.68,0,0,863.917,3628.6,0
1691509933170352383,1282,1258,24,0.981279,21.8991,40.7911,71.8306,86.7648,142.853,-2.99731,221.805,481.433,851.849,1097.74,896.181,3453.28,7778.98,12089.2,1054.15,1444.8,2387.1,407.692,443.436,457.046,150285,3735.73,5844.98,2.42641,2.32745,0,0,0.0248577,0,29.2525,53.6149,106.145,635.56,1826.64,3193.77,0.00166072,0.000274079,5,4,12,0.75,1,4.81728,3.79732,1.01997,0.0134416,0.0576943,1258,0,0,0,0,0.001,0,0,0,0,0,0,0,0,0,0,0,0,0,0,0,0,0,0,0,0,0,0,0,0,0,0,0,0,0,0,0,0,0,0,0,0,21.8991,71.8306,28.5013,632.379,686.12,0,0.927224,-0.372613,0.0376207,0.999994,0.197385,0.104845,0.680672,0.81,769.304,926.367,1254.18,2821.84,205.38,671.817,1213.33,94.5928,2168.3,108.387,96.3421,1.38306,0.035819,-0.185263,0.102626,0,0,0,0,0,0,0,86.7648,0,0.975358,0,0,221.805,851.849,0,0,896.181,3453.28,0
1691509933269395925,1266,1240,24,0.979463,21.822,41.3497,68.8746,90.3835,143.098,-1.31429,217.766,468.56,873.042,1146.36,899.652,3590.86,8063.6,35670.8,1042.54,1603.95,2360.15,384.138,431.866,484.223,144465,4532.83,7154.76,6.75315,3.52601,0,0,0.0313768,0,29.2241,65.1608,100.148,612.948,3096.88,3250.4,5.28452e-05,9.69809e-06,7,7,12,0.631579,1,4.42863,3.41127,1.01736,0.0880799,0.0607856,1240,0,0,0,0,0.001,0,0,0,0,0,0,0,0,0,0,0,0,0,0,0,0,0,0,0,0,0,0,0,0,0,0,0,0,0,0,0,0,0,0,0,0,21.822,68.8746,24.7995,636.678,675.523,0,0.924346,-0.379663,0.0379522,0.999971,0.436697,0.111484,0.709402,0.83,769.057,925.816,1243.44,2166.17,207.821,666.906,1204.46,87.039,2224.24,103.203,100.432,3.15829,-0.37787,0.827512,0.485649,0,0,0,0,0,0,0,90.3835,0,0.968548,0,0,217.766,873.042,0,0,899.652,3590.86,0
1691509933369320247,1289,1262,26,0.979054,22.5504,42.3756,68.8597,85.5372,137.301,-3.16536,203.994,439.857,835.377,1081.65,832.353,3292.48,7707.95,30740.8,920.051,1533.09,2212.41,398.736,404.491,420.84,152940,4150.92,6582.55,3.42307,2.48829,0,0,0.0271409,0,28.5726,47.1046,94.3385,630.961,2659.74,3121.84,0.000507492,9.22992e-05,16,16,16,0.5,1,4.69891,3.69457,1.00433,0.186337,0.135375,1262,0,0,0,0,0.001,0,0,0,0,0,0,0,0,0,0,0,0,0,0,0,0,0,0,0,0,0,0,0,0,0,0,0,0,0,0,0,0,0,0,0,0,22.5504,68.8597,27.3069,639.607,681.086,0,0.925882,-0.37608,0.0361504,0.999991,0.246033,0.0397759,0.680672,0.81,766.964,924.491,1207.01,2159.57,209.144,668.264,1168.8,93.7623,2286.35,96.7602,99.9261,2.03855,-0.399446,-0.578207,0.365986,0,0,0,0,0,0,0,85.5372,0,0.975436,0,0,203.994,835.377,0,0,832.353,3292.48,0
1691509933469076638,1269,1246,23,0.981875,21.1297,42.7111,71.0682,86.7598,129.175,-3.8418,230.624,467.505,846.305,1104.1,856.219,3542.84,9390.35,48157,1067.91,1521.2,2425.63,413.969,479.992,439.656,154272,6314.01,9164.92,25.122,3.03333,0,0,0.0409277,0,29.7288,46.9294,104.247,660.956,2615.69,5707.37,0.00012648,1.63024e-05,2,2,8,0.8,1,5.53792,4.54113,0.99679,0.00851276,0.0753791,1246,0,0,0,0,0.001,0,0,0,0,0,0,0,0,0,0,0,0,0,0,0,0,0,0,0,0,0,0,0,0,0,0,0,0,0,0,0,0,0,0,0,0,21.1297,71.0682,24.6863,612.705,671.609,0,0.926344,-0.375094,0.0345162,0.999998,0.112544,0.255394,0.73913,0.85,790.487,940.695,1247.14,2152.49,207.216,678.361,1205.91,102.577,2081.35,111.009,94.0974,2.01225,0.185639,-0.587496,-0.441561,0,0,0,0,0,0,0,86.7598,0,0.981541,0,0,230.624,846.305,0,0,856.219,3542.84,0
1691509933569826932,1253,1226,25,0.978452,21.2371,40.996,65.7665,83.3029,131.144,-5.09633,206.26,459.074,798.133,1142.05,816.95,3317.91,8098.09,18357.9,1046.38,1473.84,2446.78,386.261,465.193,436.192,152646,4540.28,6680.48,11.7497,3.61446,0,0,0.0297439,0,26.9432,41.7045,91.2859,687.231,1668.19,4165.12,0.000228745,7.60013e-05,3,2,9,0.818182,1,5.11996,4.2064,0.913557,0.0284764,0.106446,1226,0,0,0,0,0.001,0,0,0,0,0,0,0,0,0,0,0,0,0,0,0,0,0,0,0,0,0,0,0,0,0,0,0,0,0,0,0,0,0,0,0,0,21.2371,65.7665,28.2506,618.154,667.596,0,0.927834,-0.37154,0.0329017,0.999991,0.239351,0.092297,0.73913,0.85,774.596,930.522,1204.04,2145.75,209.735,678.185,1173.12,142.415,2200.58,98.9825,86.2984,2.91996,-0.486339,-0.309817,-0.475149,0,0,0,0,0,0,0,83.3029,0,0.977162,0,0,206.26,798.133,0,0,816.95,3317.91,0
1691509933669961236,1340,1303,34,0.972388,22.0125,43.5918,72.7358,88.0523,149.372,-5.15665,212.258,428.533,811.093,1126.34,856.738,3375.6,7532.31,18629.3,956.62,1507.68,2419.7,374.319,448.812,400.921,153567,4269.68,6530.4,41.045,2.22007,0,0,0.0278034,0,28.5891,42.0066,96.6515,647.781,2001.57,3713.8,0.00011666,2.35715e-05,2,2,8,0.8,1,5.35366,4.2473,1.10636,0.0172379,0.0931356,1303,0,0,0,0,0.001,0,0,0,0,0,0,0,0,0,0,0,0,0,0,0,0,0,0,0,0,0,0,0,0,0,0,0,0,0,0,0,0,0,0,0,0,22.0125,72.7358,29.5007,627.705,671.794,0,0.929598,-0.367027,0.0337403,0.999988,0.281761,0.0532964,0.724138,0.84,768.423,924.79,1199.69,2144.08,208.596,671.48,1177.01,151.979,2280.21,101.493,90.9698,3.61764,-1.62246,0.554113,-0.0730756,0,0,0,0,0,0,0,88.0523,0,0.973906,0,0,212.258,811.093,0,0,856.738,3375.6,0
1691509933769978819,1279,1252,24,0.97889,22.2,42.8384,72.3704,88.7528,147.042,-5.78554,195.456,464.944,860.111,1129.16,804.455,3460.46,7768.04,22757.5,1033.98,1596.56,2307.28,392.737,446.108,515.541,147622,4322.93,6825.59,4.74432,1.10521,0,0,0.0292838,0,27.7951,61.5636,94.5705,619.609,2730.14,3291.91,0.000114077,1.72808e-05,8,7,13,0.65,1,4.99709,3.937,1.06009,0.118982,0.0867821,1252,0,0,0,0,0.001,0,0,0,0,0,0,0,0,0,0,0,0,0,0,0,0,0,0,0,0,0,0,0,0,0,0,0,0,0,0,0,0,0,0,0,0,22.2,72.3704,32.894,629.465,661.641,0,0.931816,-0.361766,0.0290459,0.999973,0.423545,0.0865249,0.652893,0.79,775.491,928.586,1201.35,2130.65,206.527,656.033,1183.07,124.087,2324.22,97.0901,104.572,4.02822,1.18724,0.0754943,0.337672,0,0,0,0,0,0,0,88.7528,0,0.969649,0,0,195.456,860.111,0,0,804.455,3460.46,0
1691509933869803321,1258,1238,14,0.984102,20.1021,42.9618,67.7661,84.3896,143.42,-3.83878,198.109,457.057,829.077,1071.29,767.977,3324.73,7624.74,59725.9,979.721,1528.47,2187.85,342.081,418.556,515.602,155423,6364.45,9094.75,11.5226,3.22574,0,0,0.0409493,0,25.1564,74.8565,108.875,569.403,2487.57,5828.89,8.97724e-05,1.78287e-05,12,12,9,0.428571,1,4.36142,3.36154,0.99988,0.242179,0.194461,1238,0,0,0,0,0.001,0,0,0,0,0,0,0,0,0,0,0,0,0,0,0,0,0,0,0,0,0,0,0,0,0,0,0,0,0,0,0,0,0,0,0,0,20.1021,67.7661,30.8239,629.855,658.321,0,0.930509,-0.364817,0.0325834,0.999988,0.277957,0.0577497,0.694915,0.82,784.837,933.321,1300.66,3071.88,207.972,665.356,1238.88,159.405,2215.55,144.144,109.856,1.50653,0.648986,-0.871321,0.158342,0,0,0,0,0,0,0,84.3896,0,0.971729,0,0,198.109,829.077,0,0,767.977,3324.73,0
1691509933969395974,1260,1242,12,0.985714,22.1493,45.1823,71.1901,88.6822,148.672,-5.67565,214.232,448.707,841.627,1125.28,825.14,3417.37,8158.34,20829.9,956.705,1479.29,2452.77,388.212,445.687,505.46,156269,4197.25,6563,5.40985,2.59487,0,0,0.0268592,0,27.8975,56.4738,98.5639,600.438,2369.91,3409.72,0.00111738,0.000251805,11,11,13,0.541667,1,4.47535,3.39098,1.08437,0.118257,0.0802557,1242,0,0,0,0,0.001,0,0,0,0,0,0,0,0,0,0,0,0,0,0,0,0,0,0,0,0,0,0,0,0,0,0,0,0,0,0,0,0,0,0,0,0,22.1493,71.1901,32.6048,623.078,665.317,0,0.931898,-0.361486,0.0298895,0.99999,0.258035,0.0364875,0.694915,0.82,807.999,957.761,1292.14,3066.6,205.582,697.956,1235.18,170.956,2261.66,101.891,100.644,4.91123,-0.982548,-0.163238,0.0900556,0,0,0,0,0,0,0,88.6822,0,0.968599,0,0,214.232,841.627,0,0,825.14,3417.37,0
1691509934069145255,1246,1216,24,0.975923,21.7014,41.9501,67.3662,87.0054,157.975,-5.36786,217.48,482.95,871.354,1077.73,837.997,3188.19,7505.45,19566.3,978.108,1445.16,2158.09,432.22,408.01,514.268,162948,3567.11,5691.28,4.77696,2.94996,0,0,0.0218912,0,27.4804,53.596,101.049,606.176,2049.38,2853.6,0.00129119,0.000641203,14,13,17,0.566667,1,3.86005,2.88834,0.971713,0.200984,0.0396145,1216,0,0,0,0,0.001,0,0,0,0,0,0,0,0,0,0,0,0,0,0,0,0,0,0,0,0,0,0,0,0,0,0,0,0,0,0,0,0,0,0,0,0,21.7014,67.3662,34.053,625.495,665.452,0,0.92888,-0.36908,0.0309999,0.999966,0.472504,0.0775156,0.73913,0.85,810.155,947.458,1252.66,3071.81,206.359,684.89,1229,185.703,2156.53,104.503,100.815,0.919025,-0.210489,0.015792,0.244525,0,0,0,0,0,0,0,87.0054,0,0.972039,0,0,217.48,871.354,0,0,837.997,3188.19,0
1691509934169576621,1267,1238,25,0.977111,21.7358,41.042,65.1988,83.386,158.943,-4.89741,219.022,498.954,849.411,1107.13,809.504,3414,7042.03,20539.9,958.08,1275.21,2433.18,457.354,480.464,453.081,156713,3670.64,5812.53,4.07264,1.99561,0,0,0.0234227,0,24.9486,52.6743,115.442,554.916,2129.74,2934.81,0.000967826,0.000147028,10,9,13,0.590909,1,4.06911,3.13632,0.932789,0.122011,0.100046,1238,0,0,0,0,0.001,0,0,0,0,0,0,0,0,0,0,0,0,0,0,0,0,0,0,0,0,0,0,0,0,0,0,0,0,0,0,0,0,0,0,0,0,21.7358,65.1988,36.1089,615.762,652.129,0,0.930673,-0.364429,0.0322477,0.999987,0.294432,0.0421857,0.666667,0.8,797.33,948.349,1277.68,3072.16,205.34,675.517,1237.42,195.081,2135.5,119.85,90.0062,3.33805,0.107447,0.595522,-0.0718701,0,0,0,0,0,0,0,83.386,0,0.977383,0,0,219.022,849.411,0,0,809.504,3414,0
1691509934269252945,1365,1343,18,0.983883,19.8057,41.6663,67.5378,85.0403,155.365,-4.05445,210.492,439.364,802.254,1051.94,730.989,3100.19,6582.3,21341.1,926.975,1128.63,2105.15,428.739,404.061,404.339,155988,3632.69,5711.19,3.62154,5.28799,0,0,0.0232883,0,26.5506,72.3396,106.986,599.083,1826.77,3079.46,2.94842e-05,8.70017e-06,8,8,9,0.529412,1,4.34766,3.31762,1.03004,0.133096,0.0600946,1343,0,0,0,0,0.001,0,0,0,0,0,0,0,0,0,0,0,0,0,0,0,0,0,0,0,0,0,0,0,0,0,0,0,0,0,0,0,0,0,0,0,0,19.8057,67.5378,38.1533,611.789,658.058,0,0.932083,-0.360849,0.0317776,0.999992,0.222065,0.0179047,0.694915,0.82,779.005,932.534,1237.79,2109.64,205.784,661.791,1184.12,186.254,2097.13,111.774,102.016,1.26394,0.36681,0.436801,-0.882653,0,0,0,0,0,0,0,85.0403,0,0.976917,0,0,210.492,802.254,0,0,730.989,3100.19,0
1691509934369802643,1361,1345,13,0.988244,20.0276,43.2395,72.0525,89.8847,143.722,-4.0721,205.722,427.597,841.884,1108.03,722.365,2957.52,6894.42,12583.9,920.387,1119.14,2114.82,421.594,433.424,382.458,150847,3112.41,4785.21,5.64867,3.65075,0,0,0.0206329,0,22.8265,45.9021,108.384,606.025,1195.69,2806.38,0.00383453,0.000736523,9,9,8,0.470588,1,4.57782,3.45681,1.121,0.117462,0.101362,1345,0,0,0,0,0.001,0,0,0,0,0,0,0,0,0,0,0,0,0,0,0,0,0,0,0,0,0,0,0,0,0,0,0,0,0,0,0,0,0,0.00297398,7.3967,13.0084,20.0647,72.0885,37.7842,621.649,667.567,0,0.933561,-0.357224,0.0292285,0.999989,0.267665,0.0150797,0.709402,0.83,773.958,935.515,1283.26,3127.31,198.297,667.929,1225.65,183.539,2117.71,114.422,99.8917,0.476931,0.479488,-0.145722,-0.673563,0,0,0,0,0,0.00293902,14.1104,89.8979,1,0.970172,303.719,440.86,205.626,843.401,509.215,780.151,723.174,2958.02,0.000262294
1691509934469995587,1282,1254,25,0.978159,22.5946,44.9676,71.1232,96.8936,161.112,-5.3273,207.291,445.669,875.395,1076.22,723.205,3193.56,7579.74,20099.1,936.196,1096.27,2189.98,412.704,434.526,380.688,152679,3683.24,5694.56,1.84448,3.10376,0,0,0.0241241,0,22.1229,48.095,100.543,523.347,1876.85,3123.59,0.00180035,0.000210186,7,6,9,0.6,1,4.46885,3.29961,1.16924,0.103278,0.0454232,1254,0,0,0,0,0.001,0,0,0,0,0,0,0,0,0,0,0,0,0,0,0,0,0,0,0,0,0,0,0,0,0,0,0,0,0,0,0,0,0,0.0127592,6.88286,15.3654,23.097,71.5288,40.7766,620.035,662.189,0,0.933058,-0.358596,0.0284773,0.999999,0.0941279,0.124625,0.626016,0.77,800.94,941.277,1231.99,2083.33,197.315,668.318,1172.23,209.813,2206.46,107.775,93.6482,0.758802,-0.120163,0.863735,-0.368437,0,0,0,0,0,0.0124805,18.559,97.0871,1,0.954766,229.15,522.887,206.838,879.557,346.327,820.02,732.047,3216.33,0.000690219
1691509934570957874,1464,1436,25,0.980874,20.5173,42.5051,67.3889,85.8475,155.814,-4.23948,190.148,412.676,809.034,1064.51,664.571,3019.33,6909.71,12722.3,891.657,963.325,2137.19,362.969,429.933,345.57,160123,3487.42,5075.81,6.0523,7.45677,0,0,0.0217797,0,28.238,33.0369,104.368,587.881,1051.49,3270.8,0.00040166,0.000130465,5,5,8,0.615385,1,4.88573,3.70631,1.17942,0.0493895,0.253762,1436,0,0,0,0,0.001,0,0,0,0,0,0,0,0,0,0,0,0,0,0,0,0,0,0,0,0,0,0,0,0,0,0,0,0,0,0,0,0,0,0.020195,11.1041,18.6238,20.9919,67.9709,44.7292,636.952,684.319,0,0.933171,-0.35795,0.0326102,0.999991,0.239766,0.108472,0.666667,0.8,757.352,902.903,1222.61,2080.17,200.114,648.684,1168.69,209.678,2166.28,113.136,89.8372,1.2235,1.07399,-0.689926,-0.986694,0,0,0,0,0,0.0198087,26.3313,86.6975,1,0.963753,218.006,710.007,189.931,811.305,327.182,1073.49,670.034,3040.24,0.0025425
1691509934670862117,1429,1401,25,0.980406,21.4233,44.6234,69.5172,89.4385,146.674,-4.70385,201.237,431,813.169,1038.52,713.248,2876.52,6769.02,27068.2,807.843,920.43,2087.58,385.316,442.031,305.429,154004,3908.98,6042.88,7.53787,6.19373,0,0,0.0253824,0,20.2546,57.723,103.667,558.669,1982.35,3320.22,0.000374864,0.000115241,6,6,8,0.571429,1,4.39048,3.21274,1.17774,0.0910664,0.191136,1401,0,0,0,0,0.001,0,0,0,0,0,0,0,0,0,0,0,0,0,0,0,0,0,0,0,0,0,0,0,0,0,0,0,0,0,0,0,0,0,0.0271235,9.07933,20.2375,22.5103,69.8933,36.6061,593.026,654.368,0,0.931688,-0.362371,0.0253679,0.999963,0.493553,0.121436,0.709402,0.83,756.129,930.074,1183.28,3122.89,201.618,652.093,1169.14,252.682,1968.42,109.04,84.7544,1.63689,0.652608,-0.0633201,-1.01139,0,0,0,0,0,0.026592,24.513,90.6195,1,0.972854,306.332,1003.23,197.181,809.813,469.638,1528.9,723.572,2907.47,0.00464067
1691509934770646879,1353,1318,34,0.974132,21.8766,41.9654,65.0934,81.1129,148.876,-4.62475,193.13,410.664,826.5,1089.79,626.702,2853.09,7312.3,45687,899.78,952.373,2011.18,383.029,455.629,371.089,158278,5120.74,7825.51,16.5874,5.63077,0,0,0.0323528,0,22.3342,60.5277,99.9368,600.723,2795.66,4246.33,0.000180809,4.77364e-05,2,2,8,0.8,1,4.46791,3.43307,1.03484,0.0324651,0.0999826,1318,0,0,0,0,0.001,0,0,0,0,0,0,0,0,0,0,0,0,0,0,0,0,0,0,0,0,0,0,0,0,0,0,0,0,0,0,0,0,0,0.0379363,10.547,34.1096,22.2663,66.128,38.5418,586.08,656.378,0,0.932355,-0.360297,0.030005,0.999987,0.293548,0.0282958,0.709402,0.83,750.157,932.202,1254.61,2034.36,198.374,657.561,1186.17,228.517,2058.34,102.737,93.9408,5.58949,0.150883,0.742115,-0.681731,0,0,0,0,0,0.0369549,48.285,82.757,1,0.971609,277.617,772.549,191.246,828.323,451.069,1211.76,640.828,2881.45,0.00314838
1691509934870403148,1409,1390,14,0.986515,21.9442,40.5876,64.4001,80.7278,151.882,-3.92119,189.969,384.732,779.564,1008.24,605.613,2837.02,7068.43,18343.7,848.512,786.612,1972.5,325.208,426.466,324.015,158607,3346.25,5199.14,4.17455,2.68007,0,0,0.0210977,0,23.9558,59.1346,93.9693,625.406,1447.33,2949.34,0.00117884,0.000171033,7,7,14,0.666667,1,4.9384,3.88927,1.04913,0.0655888,0.163758,1390,0,0,0,0,0.001,0,0,0,0,0,0,0,0,0,0,0,0,0,0,0,0,0,0,0,0,0,0,0,0,0,0,0,0,0,0,0,0,0,0.0625899,10.1554,33.5711,23.3412,65.2512,44.7637,594.89,668.346,0,0.932607,-0.359555,0.0310599,0.999999,0.075297,0.0368587,0.694915,0.82,741.235,907.665,1224.44,2012.74,196.151,640.387,1168.83,243.996,2041.94,94.6143,86.6917,2.68283,0.971705,0.662947,-0.422452,0,0,0,0,0,0.0617459,42.7263,82.3224,1,0.969302,281.967,756.51,184.683,778.528,427.352,1176.52,628.337,2913.8,0.00840911
1691509934969943026,1408,1371,35,0.973722,21.7535,42.6781,68.5562,85.2567,153.052,-5.13516,186.022,389.092,766.196,1016.51,656.4,2704.78,7592.54,26486.8,878.192,821.565,2057.11,325.282,439.126,320.26,158911,4163.83,6351.17,3.00419,2.71662,0,0,0.0262023,0,23.6087,52.2283,86.2421,607.113,1960.65,3621.33,0.0118726,0.00132433,8,8,13,0.619048,1,5.30323,4.17302,1.1302,0.0733166,0.102028,1371,0,0,0,0,0.001,0,0,0,0,0,0,0,0,0,0,0,0,0,0,0,0,0,0,0,0,0,0,0,0,0,0,0,0,0,0,0,0,0,0.0539752,12.2715,54.5291,22.4871,68.6187,45.7777,593.597,651.625,0,0.932298,-0.360556,0.0286487,0.999997,0.15062,0.00976347,0.694915,0.82,744.503,933.007,1221.03,3127.58,202.56,653.114,1179.73,275.874,1996.5,86.8495,78.1734,1.34038,0.835067,-0.568287,-0.507924,0,0,0,0,0,0.0525568,80.8791,85.3732,0.986486,0.970702,354.561,761.93,182.444,767.074,556.226,1212.46,668.097,2809.47,0.00685543
1691509935069691552,1380,1353,25,0.980435,21.6317,41.2515,63.1131,82.9571,140.612,-4.84093,199.854,434.338,833.209,1089.85,672.071,3011.69,7492.82,34502.7,1044.59,871.007,2318.1,373.347,473.436,330.378,160805,4445.2,7088.79,49.549,5.44483,0,0,0.0276434,0,28.2577,69.3437,106.524,684.608,2936.06,3264,6.55685e-05,3.0546e-05,2,2,8,0.8,1,5.03074,4.04402,0.986715,0.0179974,0.104251,1353,0,0,0,0,0.001,0,0,0,0,0,0,0,0,0,0,0,0,0,0,0,0,0,0,0,0,0,0,0,0,0,0,0,0,0,0,0,0,0,0.0583888,11.4781,42.4318,22.3133,63.6966,48.7917,623.243,649.965,0,0.934248,-0.355877,0.0230954,0.999972,0.43081,0.310821,0.639344,0.78,750.654,897.149,1220.45,1920.38,201.45,653.581,1180.21,267.029,2256.53,111.377,93.8326,3.37605,-2.86445,0.00457403,-0.440773,0,0,0,0,0,0.0572464,65.9271,83.2922,0.987342,0.974882,276.524,925.756,196.196,824.926,426.882,1432.79,685.411,3161.7,0.00707477
1691509935170026994,1423,1395,23,0.980323,21.2682,42.298,68.0071,86.303,164.214,-6.24084,201.754,427.267,814.126,1032.72,653.75,2886.47,7672.56,25182.8,947.348,823.914,2171.64,371.307,468.355,308.392,162392,3915.94,6044.76,4.39091,4.46586,0,0,0.0241142,0,24.4726,67.4975,103.93,664.239,1744.58,3440.04,0.00757086,0.00131767,4,4,8,0.666667,1,4.61164,3.46569,1.14594,0.0236504,0.148972,1395,0,0,0,0,0.001,0,0,0,0,0,0,0,0,0,0,0,0,0,0,0,0,0,0,0,0,0,0,0,0,0,0,0,0,0,0,0,0,0,0.065233,10.9445,55.8774,22.2652,68.9461,49.0297,599.484,662.486,0,0.93477,-0.354044,0.029297,0.999979,0.371713,0.294124,0.724138,0.84,753.441,919.399,1184.82,1883.09,204.964,653.227,1168.26,300.904,1977.82,107.563,74.9131,1.04462,0.384461,0.0806741,-0.438926,0,0,0,0,0,0.0646521,64.1757,88.9199,1,0.962423,269.411,871.503,199.799,806.163,436.162,1383.01,673.48,3032.49,0.00899776
1691509935270160861,1472,1447,23,0.983016,20.8574,40.4471,70.5193,90.1415,153.45,-4.92886,191.7,424.52,809.332,985.933,617.312,2697.57,6710.86,16137.4,943.436,703.091,2114.87,348.986,456.259,315.666,158289,3527.23,5091.28,10.0951,4.35355,0,0,0.0222835,0,27.9999,68.6456,86.489,587.311,988.106,3332.73,0.000121815,3.44562e-05,2,2,8,0.8,1,5.25115,4.023,1.22815,0.0190554,0.114004,1447,0,0,0,0,0.001,0,0,0,0,0,0,0,0,0,0,0,0,0,0,0,0,0,0,0,0,0,0,0,0,0,0,0,0,0,0,0,0,0,0.0808569,15.3896,66.1476,21.3638,70.6137,45.9686,613.134,646.897,0,0.935458,-0.352221,0.0292963,0.999998,0.111664,0.33445,0.709402,0.83,744.464,906.674,1265.44,1821.1,201.385,647.689,1186.18,332.044,2349.91,92.4477,85.035,4.55379,0.320315,-0.0822095,-0.140332,0,0,0,0,0,0.0794837,83.3968,91.5709,0.982906,0.956391,369.283,868.746,184.466,804.87,591.564,1372.25,618.386,2870.63,0.0153506
1691509935370058679,1448,1435,11,0.991022,20.1703,40.2829,66.269,89.4222,149.219,-7.15805,192.759,434.356,806.631,1036.61,646.871,2753.7,6487.06,25296.5,892.486,687.033,2282.57,404.475,484.032,281.797,157358,4228.08,6688.35,147.859,3.13529,0,0,0.0268693,0,21.0899,47.3081,114.59,686.32,2430.33,3388.71,0.000113659,1.22663e-05,1,1,8,0.888889,1,5.48721,4.3393,1.14791,1.24339e-06,0.000860748,1435,0,0,0,0,0.001,0,0,0,0,0,0,0,0,0,0,0,0,0,0,0,0,0,0,0,0,0,0,0,0,0,0,0,0,0,0,0,0,0,0.0905923,14.3208,57.5954,20.9892,66.5368,48.1114,614.863,654.026,0,0.93527,-0.352835,0.0278751,0.999999,0.0893523,0.137594,0.73913,0.85,744.815,934.093,1353.49,3123.48,205.432,647.792,1276.45,311.661,2177.46,115.458,70.2806,4.51407,-2.41762,-0.203949,-0.348097,0,0,0,0,0,0.089779,80.8182,90.4621,0.992308,0.962452,308.292,787.833,183.633,820.8,496.635,1244.43,663.206,3037.24,0.0110693
1691509935470327278,1520,1495,25,0.983553,20.5917,40.2788,66.6446,81.4026,139.602,-7.21093,196.415,402.628,793.671,1033.27,585.255,2804.09,7413.42,25539.8,940.004,655.06,1982.56,359.7,429.78,315.98,159691,3759.32,5992.2,7.74771,4.93066,0,0,0.0235412,0,27.1313,75.1165,94.1438,662.962,2064.08,3068.76,4.57092e-05,1.36954e-05,2,2,8,0.8,1,5.54166,4.45435,1.08731,0.0201241,0.0726881,1495,0,0,0,0,0.001,0,0,0,0,0,0,0,0,0,0,0,0,0,0,0,0,0,0,0,0,0,0,0,0,0,0,0,0,0,0,0,0,0,0.119064,14.1908,65.0696,21.212,66.6741,46.508,621.076,655.416,0,0.934846,-0.354026,0.0269954,0.999999,0.0882379,0.0491055,0.709402,0.83,744.147,913.069,1256.15,1711.01,206.767,651.483,1184.79,313.001,2278.5,95.3472,90.4689,4.0803,-0.26735,0.072424,-0.744353,0,0,0,0,0,0.117105,79.8882,81.3605,0.977528,0.983295,298.94,766.394,186.382,803.326,480.535,1240.24,611.389,3012.1,0.0161708
1691509935570230634,1351,1331,17,0.985196,20.9789,41.1587,69.1454,90.3461,142.627,-7.09461,201.617,408.108,794.198,1033.57,662.466,2722.81,6816.23,11486.8,927.631,711.251,2145.76,368.763,460.343,313.871,159340,2815.97,4206.41,6.26006,4.94963,0,0,0.0176727,0,23.316,50.0336,79.2929,524.123,923.265,2606.38,0.00178553,0.000440623,4,3,11,0.785714,1,5.32758,4.25266,1.07492,0.0206507,0.10317,1331,0,0,0,0,0.001,0,0,0,0,0,0,0,0,0,0,0,0,0,0,0,0,0,0,0,0,0,0,0,0,0,0,0,0,0,0,0,0,0,0.0886551,14.545,63.9322,21.6267,70.0356,51.2704,629.983,652.746,0,0.937421,-0.347238,0.025842,0.999973,0.421142,0.33173,0.754386,0.86,755.296,930.476,1268.13,1660.37,208.802,654.117,1235.07,320.477,2636.71,86.5707,68.8571,2.10371,-1.44997,0.0959565,0.755697,0,0,0,0,0,0.0873427,79.0731,91.751,0.991525,0.962077,335.258,783.878,194.48,793.779,555.337,1285.24,687.951,2814.52,0.0191454
1691509935670543100,1375,1347,25,0.979636,20.3286,39.6947,64.1705,80.8333,149.472,-6.64504,208.02,419.51,754.586,1010.61,651.257,2664.07,6180.95,19432.6,913.035,664.606,2100.51,361.162,453.515,338.568,157845,2972.11,4775.2,40.1774,1.80345,0,0,0.0188293,0,19.3103,52.5027,84.8638,651.55,1468.62,2498.35,0.00014653,8.32939e-06,2,2,8,0.8,1,5.36164,4.41239,0.94925,0.00677621,0.0959138,1347,0,0,0,0,0.001,0,0,0,0,0,0,0,0,0,0,0,0,0,0,0,0,0,0,0,0,0,0,0,0,0,0,0,0,0,0,0,0,0,0.0861173,18.5564,69.2512,20.6735,63.5554,46.1639,601.505,654.331,0,0.937106,-0.348062,0.026174,1,0.053988,0.484017,0.73913,0.85,739.24,914.184,1297.46,1707.51,207.839,654.891,1258.68,332.349,2024.88,86.7046,65.2658,1.88222,-2.30409,-0.650836,-1.02912,0,0,0,0,0,0.0843636,82.1072,80.7579,0.982759,0.983753,366.329,826.629,195.138,743.047,601.592,1366.94,655.199,2832.71,0.0186199
1691509935770112986,1493,1464,28,0.980576,20.8194,40.5421,62.0401,81.7647,143.016,-8.45357,206.689,432.927,762.676,997.164,652.63,2722.44,6681.57,24516.9,876.787,662.663,2077.15,360.639,495.542,354.735,160143,3389.11,5249.98,36.841,3.49756,0,0,0.021163,0,18.1199,56.5913,81.6023,671.755,1421.02,3000.89,0.000406648,5.21134e-05,2,2,8,0.8,1,5.92384,4.87958,1.04426,0.00462671,0.0960479,1464,0,0,0,0,0.001,0,0,0,0,0,0,0,0,0,0,0,0,0,0,0,0,0,0,0,0,0,0,0,0,0,0,0,0,0,0,0,0,0,0.090847,24.9954,78.8793,20.5092,59.9859,48.6498,602.86,646.49,0,0.936556,-0.349664,0.0244658,0.999997,0.137846,0.079703,0.639344,0.78,718.895,894.735,1267.42,1704.56,207.507,644.062,1189.32,364.597,2076.82,83.9992,70.1054,1.35124,0.386125,-1.19116,-0.601279,0,0,0,0,0,0.0890824,93.6683,78.7742,0.977444,0.978212,430.36,978.663,195.037,726.774,711.44,1614.54,645.819,2817.36,0.0251212
1691509935869711326,1360,1325,35,0.974265,19.3248,37.6439,64.1642,82.7342,143.218,-8.86815,207.743,436.024,788.781,1036.02,664.942,2876.64,6636.59,25633.2,1006.75,641.049,2132.79,395.359,505.335,365.077,158317,3270.76,5191.61,15.1965,2.83413,0,0,0.0206596,0,22.4312,61.8144,84.5167,665.149,1566.81,2790.89,0.00014557,1.38933e-05,2,2,8,0.8,1,5.98812,5.04035,0.947777,0.00971766,0.0838134,1325,0,0,0,0,0.001,0,0,0,0,0,0,0,0,0,0,0,0,0,0,0,0,0,0,0,0,0,0,0,0,0,0,0,0,0,0,0,0,0,0.0837736,17.8717,77.0354,19.5719,62.9899,47.0869,605.152,639.761,0,0.939222,-0.342408,0.0248795,0.99997,0.443546,0.110293,0.652893,0.79,766.093,909.465,1258.08,1703.89,210.189,655.616,1194.43,362.652,2186.67,89.4713,72.0299,-1.53696,0.529244,-0.911479,-0.794245,0,0,0,0,0,0.0816176,92.0461,81.7646,0.954955,0.975288,384.172,882.887,201.158,778.419,655.632,1485.39,668.004,3027.02,0.0180172
1691509935970184653,1458,1418,37,0.972565,18.7439,36.9563,63.6737,84.1113,163.624,-6.50163,196.912,433.018,761.124,988.27,615.95,2908.04,6886.41,24951.8,937.827,634.695,2057.23,364.323,474.216,337.454,158190,3983.04,6082.56,6.06451,2.53135,0,0,0.0251789,0,22.4437,63.825,93.4332,583.763,1833.67,3485.43,0.00465209,0.000341701,4,3,11,0.785714,1,5.94353,4.9666,0.976925,0.0204015,0.132831,1418,0,0,0,0,0.001,0,0,0,0,0,0,0,0,0,0,0,0,0,0,0,0,0,0,0,0,0,0,0,0,0,0,0,0,0,0,0,0,0,0.0578279,18.6374,65.923,18.7439,63.1784,51.8407,596.709,638.45,0,0.938213,-0.345072,0.0261203,0.999995,0.178019,0.0727048,0.724138,0.84,760.307,911.332,1260.74,1657.42,209.535,657.118,1197.53,406.845,2126.05,94.3743,69.5445,-0.368401,-0.662911,-1.16021,-0.327111,0,0,0,0,0,0.0562414,75.4529,84.4008,1,0.977545,380.062,868.983,192.443,746.53,641.587,1494.29,614.494,2973.33,0.0103937
1691509936069770639,1486,1450,34,0.975774,20.5581,39.0782,66.0935,84.0517,149.101,-7.72079,205.857,433.606,782.358,995.877,643.457,2787.71,7235.92,24178.5,988.921,701.964,2091.44,364.729,483.338,354.35,156343,3839.06,6110.7,3.54136,4.34696,0,0,0.0245554,0,21.0041,63.5868,84.8388,757.988,1992.09,3191.19,0.00394243,0.000455066,5,4,11,0.733333,1,6.26638,5.1913,1.07508,0.0129708,0.128655,1450,0,0,0,0,0.001,0,0,0,0,0,0,0,0,0,0,0,0,0,0,0,0,0,0,0,0,0,0,0,0,0,0,0,0,0,0,0,0,0,0.0524138,15.0193,50.3601,20.7343,66.7937,49.3888,609.338,639.273,0,0.937639,-0.346743,0.0245414,0.999997,0.135738,0.111399,0.694915,0.82,736.635,889.261,1240.33,1704.19,212.15,646.618,1170.96,368.814,2218.92,87.0207,80.7288,0.607505,0.848525,-1.30714,-0.725556,0,0,0,0,0,0.051144,61.6574,84.314,0.986842,0.97671,337.58,901.104,199.214,773.178,586.583,1554.74,647.826,2851.56,0.0110354
1691509936170195742,1528,1478,46,0.967277,18.2934,39.8976,68.511,86.6627,151.746,-7.71543,202.19,410.385,746.888,1005.84,615.042,2635.63,6966.09,36747.2,853.484,716.125,1908.81,351.945,463.522,351.588,154969,3810.58,6236.92,19.7155,4.20879,0,0,0.0245893,0,21.2638,69.6533,92.8183,793.596,2479.51,2780.08,0.000564593,6.42347e-05,2,2,8,0.8,1,6.10041,4.96744,1.13297,0.0106082,0.105193,1478,0,0,0,0,0.001,0,0,0,0,0,0,0,0,0,0,0,0,0,0,0,0,0,0,0,0,0,0,0,0,0,0,0,0,0,0,0,0,0,0.0270636,17.2921,43.5438,18.3921,68.9328,51.3269,595.714,641.959,0,0.938047,-0.345642,0.0244971,0.999999,0.0673232,0.120375,0.694915,0.82,735.108,876.691,1222.55,1649.69,213.971,632.088,1174.11,430.012,2031.02,95.7825,80.3178,-1.36153,1.72563,-1.45286,-0.825884,0,0,0,0,0,0.026178,49.8226,88.1621,1,0.970793,397.748,891.385,198.717,741.994,704.849,1566.15,615.042,2662.51,0.00608467
1691509936270472236,1559,1506,52,0.966004,19.6878,39.4258,69.1913,84.8283,146.113,-8.04453,211.436,448.694,813.969,1051.87,649.914,2958.67,8278.66,22440.8,1063.78,853.9,2087.5,362.518,496.131,420.577,156396,4655.9,7344.78,10.8239,3.48475,0,0,0.0297699,0,24.1642,83.1596,93.7623,803.313,2493.57,3846.81,0.000178925,1.39048e-05,3,2,12,0.857143,1,6.8258,5.68608,1.13971,0.0228301,0.127662,1506,0,0,0,0,0.001,0,0,0,0,0,0,0,0,0,0,0,0,0,0,0,0,0,0,0,0,0,0,0,0,0,0,0,0,0,0,0,0,0,0.00199203,72.6541,84.5569,19.6676,69.0407,47.9022,595.411,647.687,0,0.937617,-0.34667,0.0263348,0.999998,0.123129,0.0562292,0.754386,0.86,742.643,899.832,1255.11,1706.45,216.962,654.749,1223.21,404.824,1986.78,99.1866,92.8881,-2.14165,1.63451,-1.84248,-0.528144,0,0,0,0,0,0.00192431,86.0447,84.7297,1,0.972721,445.627,592.201,210.862,814.025,801.884,1066.66,648.71,2959.55,0.000326048
1691509936370962988,1581,1503,75,0.950664,18.7715,35.9627,63.0411,88.7515,150.44,-6.71272,185.081,387.696,747.297,964.323,569.694,2458.61,6992.27,13327,905.38,679.404,1813.51,325.462,449.941,334.576,155197,2912.21,4324.39,3.10915,3.31834,0,0,0.0187645,0,20.1521,66.1423,79.6026,355.789,1155.38,2647.32,0.0349308,0.00271448,11,11,13,0.541667,1,6.22631,5.15599,1.07032,0.0502036,0.120322,1503,0,0,0,0,0.001,0,0,0,0,0,0,0,0,0,0,0,0,0,0,0,0,0,0,0,0,0,0,0,0,0,0,0,0,0,0,0,0,0,0,0,0,18.7715,63.0411,48.2847,618.028,642.687,0,0.93714,-0.347899,0.0271171,0.999999,0.0878456,0.43661,0.666667,0.8,758.883,925.586,1237.82,1660.31,217.527,656.944,1203.83,458.474,2612.99,88.1649,74.4699,0.980157,0.382243,-1.47042,-0.433922,0,0,0,0,0,0,0,88.7515,0,0.973387,0,0,185.081,747.297,0,0,569.694,2458.61,0
1691509936470653174,1562,1480,74,0.947503,19.4032,37.3048,67.0299,87.39,165.928,-7.43995,195.311,416.609,744.389,978.161,619.603,2634.59,8322.28,29284,954.387,742.457,1942.95,355.471,465.506,380.169,156157,3904.13,6085.74,5.0917,5.39213,0,0,0.0250013,0,15.7952,67.5198,80.8421,760.223,1764.23,3397.12,0.0119222,0.0013951,8,7,11,0.611111,1,6.09182,5.00544,1.08638,0.0357787,0.198948,1480,0,0,0,0,0.001,0,0,0,0,0,0,0,0,0,0,0,0,0,0,0,0,0,0,0,0,0,0,0,0,0,0,0,0,0,0,0,0,0,0,0,0,19.4032,67.0299,53.5372,599.956,639.506,0,0.938089,-0.345809,0.020114,0.999973,0.422248,0.343321,0.694915,0.82,755.013,909.343,1234.74,1697.13,219.108,657.089,1178.95,415.538,2101.61,84.5934,87.6363,0.60839,0.315626,-1.69639,-0.535397,0,0,0,0,0,0,0,87.39,0,0.973649,0,0,195.311,744.389,0,0,619.603,2634.59,0
1691509936570270831,1481,1378,102,0.930452,18.5525,36.1725,66.1581,88.7753,146.149,-4.99195,209.253,434.062,802.331,1039.59,683.024,2798.19,7160.6,21266.5,1113.21,917.55,1891.86,354.336,514.033,418.763,154930,3309.6,5155.57,3.29643,3.30198,0,0,0.0213619,0,16.7656,63.2606,75.8325,645.254,1453.9,2900.56,1.97183,0.0166386,10,10,8,0.444444,1,6.53451,5.54059,0.993913,0.0356185,0.125672,1378,0,0,0,0,0.001,0,0,0,0,0,0,0,0,0,0,0,0,0,0,0,0,0,0,0,0,0,0,0,0,0,0,0,0,0,0,0,0,0,0,0,0,18.5525,66.1581,51.2194,586.248,633.533,0,0.936202,-0.350445,0.0267168,0.999966,0.474729,0.0967669,0.694915,0.82,760.603,911.861,1266.25,1706.27,218.872,664.619,1202.29,465.259,1986.98,81.4021,85.8167,1.93714,0.985325,-1.94285,-0.985768,0,0,0,0,0,0,0,88.7753,0,0.970972,0,0,209.253,802.331,0,0,683.024,2798.19,0
1691509936669971207,1500,1411,89,0.940667,19.1045,37.2776,66.9449,86.9252,147.007,-5.14706,200.19,416.092,754.97,1027.79,660.171,2644.69,8445.87,26098.8,997.18,820.492,1932.9,337.504,470.583,382.099,154360,4359.48,7052.09,6.22109,6.29446,0,0,0.0282423,0,14.9036,64.2486,103.014,855.906,2712.61,3301.4,0.0390524,0.00329288,11,10,13,0.565217,1,6.3595,5.31811,1.04139,0.0297603,0.196918,1411,0,0,0,0,0.001,0,0,0,0,0,0,0,0,0,0,0,0,0,0,0,0,0,0,0,0,0,0,0,0,0,0,0,0,0,0,0,0,0,0,0,0,19.1045,66.9449,49.2651,593.11,631.625,0,0.937286,-0.347894,0.0215737,0.999983,0.33476,0.158421,0.724138,0.84,777.424,920.356,1264.05,1697.85,217.626,676.875,1242.91,443.951,2192.45,112.522,80.2775,1.23569,0.897813,-1.61293,-0.911249,0,0,0,0,0,0,0,86.9252,0,0.970943,0,0,200.19,754.97,0,0,660.171,2644.69,0
1691509936769540620,1555,1422,126,0.914469,19.0513,37.847,65.9471,85.7263,138.515,-6.28479,214.247,435.019,759.442,959.765,687.262,2832.78,8208.58,14847.3,936.648,865.905,2069.74,393.044,462.653,390.862,147586,3531.96,5380.72,2.42596,3.14928,0,0,0.0239316,0,16.024,63.7484,80.8799,569.321,1511.42,3139.33,0.00609117,0.000338976,5,5,8,0.615385,1,6.66325,5.62677,1.03648,0.0395378,0.096833,1422,0,0,0,0,0.001,0,0,0,0,0,0,0,0,0,0,0,0,0,0,0,0,0,0,0,0,0,0,0,0,0,0,0,0,0,0,0,0,0,0,0,0,19.0513,65.9471,51.7497,603.87,635.38,0,0.938342,-0.344827,0.0246736,0.99999,0.257071,0.814747,0.769912,0.87,773.488,913.692,1261.83,1701.29,220.918,654.396,1220.68,467.422,3665.12,89.3611,95.4094,-0.575148,-0.614347,-1.90883,0.759158,0,0,0,0,0,0,0,85.7263,0,0.971167,0,0,214.247,759.442,0,0,687.262,2832.78,0
1691509936869247346,1602,1458,143,0.910112,20.765,40.8408,70.0424,90.8927,150.177,-5.00306,200.609,437.012,760.831,999.436,660.296,2836.15,9626.91,24762.1,968.048,921.572,2017.82,360.045,486.623,379.364,150770,4815.48,7461.84,4.7915,4.91982,0,0,0.0319393,0,22.2064,71.7129,77.23,785.27,2415.93,4089.49,0.00406998,0.000484025,7,6,13,0.684211,1,6.74729,5.52732,1.21997,0.0347415,0.140126,1458,0,0,0,0,0.001,0,0,0,0,0,0,0,0,0,0,0,0,0,0,0,0,0,0,0,0,0,0,0,0,0,0,0,0,0,0,0,0,0,0,0,0,20.765,70.0424,49.7627,601.642,631.595,0,0.935895,-0.351425,0.0245137,0.999975,0.403344,0.0683283,0.769912,0.87,774.092,921.062,1256.52,1659.92,234.21,679.934,1226.22,518.3,3537.48,78.5065,101.577,-1.58453,0.468645,-1.67068,-0.559803,0,0,0,0,0,0,0,90.8927,0,0.962277,0,0,200.609,760.831,0,0,660.296,2836.15,0
1691509936969466626,1652,1489,163,0.901332,20.4214,38.9417,66.0873,84.6169,144.614,-5.81181,211.644,439.177,733.309,1002.56,703.169,2720.9,7973.74,23978.7,933.007,794.689,2109.09,371.235,484.235,358.284,149792,4792.86,7480.83,3.51121,3.58472,0,0,0.0319967,0,19.6394,66.0677,115.85,705.06,2636.7,3937.51,0.577785,0.0127656,8,8,8,0.5,1,6.21743,5.08852,1.12891,0.0537041,0.13134,1489,0,0,0,0,0.001,0,0,0,0,0,0,0,0,0,0,0,0,0,0,0,0,0,0,0,0,0,0,0,0,0,0,0,0,0,0,0,0,0,0,0,0,20.4214,66.0873,51.8743,601.611,626.515,0,0.936287,-0.350698,0.0194414,0.999987,0.294458,0.332387,0.801802,0.89,769.944,914.869,1260.68,1648.9,233.664,677.473,1234.76,506.61,2876.89,114.407,85.0425,1.10236,-0.247116,-1.09269,0.260936,0,0,0,0,0,0,0,84.6169,0,0.969107,0,0,211.644,733.309,0,0,703.169,2720.9,0
1691509937069769315,1533,1324,199,0.863666,21.5763,39.2384,68.7509,85.0216,145.679,-4.6758,219.753,451.618,723.419,990.645,723.857,2936.22,8035.11,16396.9,938.733,944.213,2223.23,396.345,465.008,381.148,147299,3832.24,5634.23,7.26348,6.75379,0,0,0.0260167,0,15.7368,58.1007,76.0837,504.213,1484.62,3495.47,0.00286901,0.000716406,6,5,12,0.705882,1,6.81078,5.77642,1.03437,0.0379258,0.145709,1324,0,0,0,0,0.001,0,0,0,0,0,0,0,0,0,0,0,0,0,0,0,0,0,0,0,0,0,0,0,0,0,0,0,0,0,0,0,0,0,0,0,0,21.5763,68.7509,53.2538,599.891,630.855,0,0.937359,-0.347704,0.0214645,0.999993,0.215914,0.358083,0.724138,0.84,801.262,957.331,1281.37,1703.2,231.095,687.247,1258.87,531.559,3604.16,79.8146,77.0055,0.208248,-0.192878,-0.804553,0.0773244,0,0,0,0,0,0,0,85.0216,0,0.972054,0,0,219.753,723.419,0,0,723.857,2936.22,0
1691509937169755830,1629,1392,236,0.854512,21.5063,40.5369,67.3229,85.7901,148.683,-5.13522,230.882,462.091,744.997,982.506,769.016,2926.46,8942.15,17891.1,1053.35,918.857,2098.29,371.003,500.75,401.687,148900,4247.45,6386.57,4.42297,5.78546,0,0,0.0285255,0,17.0682,70.3747,80.0554,696.217,1690.56,3832.29,0.000519165,0.0001015,4,4,8,0.666667,1,6.54086,5.44565,1.09521,0.0435564,0.134885,1392,0,0,0,0,0.001,0,0,0,0,0,0,0,0,0,0,0,0,0,0,0,0,0,0,0,0,0,0,0,0,0,0,0,0,0,0,0,0,0,0,0,0,21.5063,67.3229,53.7298,597.022,624.248,0,0.938122,-0.34578,0.019061,0.999995,0.181768,0.340557,0.754386,0.86,781.794,949.738,1313.59,1686.06,229.834,668.061,1256.4,518.413,3008.95,77.8234,92.9127,-1.26227,-1.2285,-1.20151,0.205021,0,0,0,0,0,0,0,85.7901,0,0.974138,0,0,230.882,744.997,0,0,769.016,2926.46,0
1691509937270509393,1682,1465,214,0.870987,22.2176,42.1424,69.5826,86.0328,142.766,-4.09917,217.565,432.645,741.121,947.232,738.596,2882.89,9426.38,29487.8,896.751,1001.21,2231.4,379.76,463.449,368.864,151184,5501.46,8583.93,7.13453,6.61453,0,0,0.0363891,0,17.8256,61.0032,89.1661,800.624,3252.43,4362.88,0.000102665,2.40867e-05,6,6,9,0.6,1,7.08097,5.87467,1.20629,0.0479202,0.108887,1465,0,0,0,0,0.001,0,0,0,0,0,0,0,0,0,0,0,0,0,0,0,0,0,0,0,0,0,0,0,0,0,0,0,0,0,0,0,0,0,0.01843,16.4052,40.1313,22.3912,70.5333,54.8726,605.807,638.32,0,0.937902,-0.346289,0.0206137,0.999999,0.0944708,0.528659,0.785714,0.88,783.804,958.222,1295.01,1679.19,227.756,691.086,1254.9,517.947,4009.22,88.0327,103.497,0.287509,0.323629,-1.23495,-0.205056,0,0,0,0,0,0.0160523,42.8577,86.5673,1,0.972184,122.812,631.613,218.563,743.859,201.579,1037.7,752.874,2908.71,0.00111348
1691509937370481957,1646,1382,262,0.839611,22.1286,43.1616,71.055,89.0771,135.574,-1.11193,234.903,458.176,778.908,1033.3,795.561,2883.06,8906.44,26907.8,1005.58,1060.11,2152.3,426.29,454.83,391.685,147278,4489.44,6975.42,6.09395,5.37875,0,0,0.0304828,0,20.1151,58.6399,89.2815,751.444,2240.12,3815.81,0.00384422,0.000547266,10,9,14,0.608696,1,7.56413,6.38835,1.17578,0.0234298,0.145462,1382,0,0,0,0,0.001,0,0,0,0,0,0,0,0,0,0,0,0,0,0,0,0,0,0,0,0,0,0,0,0,0,0,0,0,0,0,0,0,0,0.0166425,26.1538,39.591,21.9674,71.5799,56.5069,597.686,614.807,0,0.93941,-0.342291,0.018586,0.999989,0.270959,0.666901,0.785714,0.88,790.558,945.58,1346.82,1836.81,232.259,707.971,1290.76,554.707,2680.95,98.666,69.7546,-2.67485,0.86839,-1.61016,-0.517059,0,0,0,0,0,0.0139733,45.2353,89.4631,1,0.961001,223.6,725.135,235.277,779.092,376.92,1218.64,799.393,2919.24,0.00223996
1691509937470535825,1649,1399,248,0.848393,23.5893,46.5942,75.9841,92.8952,146.936,0.00999989,234.04,452.826,709.961,975.274,837.585,2946.98,9123.75,14783.3,937.526,1072.32,2125.11,384.142,473.797,364.498,142625,4267.32,6540.41,6.6123,6.41934,0,0,0.0299198,0,19.3051,59.5621,75.4093,609.851,2131.26,3645.02,0.00823321,0.00120059,12,11,10,0.47619,1,7.70709,6.39755,1.30954,0.0561511,0.115987,1399,0,0,0,0,0.001,0,0,0,0,0,0,0,0,0,0,0,0,0,0,0,0,0,0,0,0,0,0,0,0,0,0,0,0,0,0,0,0,0,0.0207291,15.2883,41.3106,23.7105,77.5673,56.5961,588.088,611.316,0,0.939544,-0.341916,0.0187068,1,0.0238472,0.0287085,0.818182,0.9,781.803,999.292,1350.49,2022.24,228.42,709.517,1321.2,560.502,2657.48,88.15,74.498,1.70057,0.432403,-1.66034,-0.471717,0,0,0,0,0,0.0175864,43.1438,93.7259,1,0.962774,154.187,793.637,234.672,708.398,244.034,1266.65,851.936,2968.34,0.00208595
1691509937570795277,1573,1302,264,0.827718,23.7274,47.1997,77.6826,95.5568,141.263,-0.411866,264.412,475.644,769.582,992.024,898.208,3117.84,10540.8,45398.3,1007.77,1062.6,2336.94,401.356,488.9,382.318,143170,6788.81,10454.7,4.57509,4.57575,0,0,0.0474179,0,22.8116,62.2353,98.0212,811.735,4150.97,5308.91,0.164027,0.010251,11,11,13,0.541667,1,7.97969,6.73827,1.24142,0.0354026,0.223457,1302,0,0,0,0,0.001,0,0,0,0,0,0,0,0,0,0,0,0,0,0,0,0,0,0,0,0,0,0,0,0,0,0,0,0,0,0,0,0,0,0.0537634,19.7517,35.8541,24.3836,78.3191,57.1632,577.485,619.352,0,0.937957,-0.345982,0.0230628,0.999981,0.353318,0.635686,0.785714,0.88,816.752,1002.06,1350.66,2178.31,236.294,723.541,1334.05,596.015,1846.24,137.583,96.7345,-0.0909256,1.52484,-0.0133957,-1.52515,0,0,0,0,0,0.044501,42.7186,97.194,1,0.955357,157.479,598.262,271.052,771.657,240.944,954.344,945.137,3212.36,0.00189692
1691509937670034756,1586,1319,265,0.831652,27.0935,51.8573,77.1536,94.3062,146.5,1.53895,261.514,484.068,786.634,974.184,864.896,3041.19,9035.57,30987.1,892.981,1231.99,2282.68,434.278,492.827,402.3,141085,4811.3,7493.87,3.64685,2.49197,0,0,0.0341021,0,29.5566,57.1355,85.6157,670.759,2791.29,3859.52,0.000153366,2.11592e-05,8,8,9,0.529412,1,7.98066,6.59054,1.39012,0.050426,0.143565,1319,0,0,0,0,0.001,0,0,0,0,0,0,0,0,0,0,0,0,0,0,0,0,0,0,0,0,0,0,0,0,0,0,0,0,0,0,0,0,0,0.0439727,21.7993,37.5062,28.0696,77.7326,58.0024,587.906,616.092,0,0.938619,-0.344507,0.0175985,0.999984,0.326499,0.225579,0.769912,0.87,835.122,1020.54,1371.88,1908.71,232.568,740.319,1340.24,560.004,2021.71,94.9561,81.7804,-0.275217,1.05595,-0.0346976,-0.937265,0,0,0,0,0,0.03657,46.2059,95.5574,1,0.95797,188.899,577.576,262.881,791.884,281.683,866.878,918.033,3082.71,0.00242649
1691509937770085957,1618,1362,251,0.84178,27.6554,48.8297,76.2254,92.7419,154.616,3.41299,271.297,492.039,834.282,1086.08,920.569,3080.36,10049.3,29595.1,1040.55,1397.33,2099.69,452.069,475.906,432.402,144635,5331.51,8368.23,12.9983,4.99945,0,0,0.0368617,0,29.931,75.1626,109.887,755.052,3214.52,4183.68,0.00261051,0.000648453,5,4,9,0.692308,1,8.56219,7.18481,1.37738,0.0265017,0.168093,1362,0,0,0,0,0.001,0,0,0,0,0,0,0,0,0,0,0,0,0,0,0,0,0,0,0,0,0,0,0,0,0,0,0,0,0,0,0,0,0,0,0,0,27.6554,76.2254,58.3382,584.992,602.67,0,0.939863,-0.340608,0.0253943,0.999961,0.504492,0.71901,0.73913,0.85,841.641,1009.93,1369.38,1759.87,233.324,759.644,1345.39,653.326,3258.72,120.494,90.7866,-1.14674,-2.1655,-0.0574052,0.994784,0,0,0,0,0,0,0,92.7419,0,0.964023,0,0,271.297,834.282,0,0,920.569,3080.36,0
1691509937869988404,1612,1347,260,0.835608,28.9153,48.4687,70.7526,85.356,144.837,1.9128,271.526,499.723,783.234,1021.79,957.251,2996.17,9288.83,28625.8,923.043,1467.63,2153.49,444.488,458.315,455.979,145787,4908.38,7681.73,4.45817,6.1292,0,0,0.0336681,0,32.2698,71.8385,111.787,691.896,2816.16,3957.77,0.0945059,0.00362401,8,8,8,0.5,1,8.13055,6.87594,1.25461,0.0655131,0.0772849,1347,0,0,0,0,0.001,0,0,0,0,0,0,0,0,0,0,0,0,0,0,0,0,0,0,0,0,0,0,0,0,0,0,0,0,0,0,0,0,0,0,0,0,28.9153,70.7526,59.7858,600.187,623.027,0,0.938622,-0.344131,0.0237406,0.999992,0.23405,0.426584,0.801802,0.89,860.275,1023.37,1347.96,1718.01,237.213,763.395,1329.53,584.686,3775.85,116.257,97.7153,0.602056,-0.0156575,-0.776997,-0.0732304,0,0,0,0,0,0,0,85.356,0,0.976244,0,0,271.526,783.234,0,0,957.251,2996.17,0
1691509937969926658,1834,1576,257,0.859324,25.5431,45.4458,63.3399,77.5455,128.51,-0.738773,335.661,604.87,955.708,1184.57,1137.63,4049.35,10672.6,15694.8,1379.6,2339.91,2457.71,432.2,513.291,671.793,142603,7269.1,11601.6,12.3377,8.03672,0,0,0.0509745,0,52.2506,116.421,233.331,1449.59,3622.84,6127.22,0.00838487,0.00100746,4,3,9,0.75,1,8.19119,6.98501,1.20618,0.0254414,0.0981027,1576,0,0,0,0,0.001,0,0,0,0,0,0,0,0,0,0,0,0,0,0,0,0,0,0,0,0,0,0,0,0,0,0,0,0,0,0,0,0,0,0,0,0,25.5431,63.3399,61.9855,596.828,609.187,1,0.874365,0.298704,-0.382441,0.708825,44.8606,0.243382,0.369863,0.54,999.928,1204.7,1745.69,2267.37,270.411,851.577,1712.86,620.317,3456.2,118.388,217.344,-0.258766,-0.463824,-1.95867,1.05243,0,0,0,0,0,0,0,77.5455,0,0.986675,0,0,335.661,955.708,0,0,1137.63,4049.35,0
1691509938069962628,1605,1376,226,0.857321,29.7796,52.0012,73.8815,92.3474,150.567,0.351267,302.13,523.499,829.491,1043.66,950.968,3152.37,9934.94,21601,1029.61,1532.89,2289.17,461.866,492.257,465.162,142520,5396.84,8578.83,17.9635,7.97125,0,0,0.0378673,0,30.125,78.5378,120.769,819.646,3560.14,3969.62,0.000391633,4.39196e-05,2,2,8,0.8,1,9.22005,7.80748,1.41257,0.0195011,0.0562808,1376,0,0,0,0,0.001,0,0,0,0,0,0,0,0,0,0,0,0,0,0,0,0,0,0,0,0,0,0,0,0,0,0,0,0,0,0,0,0,0,0,0,0,29.7796,73.8815,58.2787,590.014,606.707,0,0.940626,-0.338386,0.0267898,0.711128,44.6732,0.525593,0.369863,0.54,882.306,1055.02,1352.43,1766.07,241.026,798.243,1341.12,622.062,3915.51,137.136,114.474,-4.91036,-2.05916,-2.79739,-1.15581,0,0,0,0,0,0,0,92.3474,0,0.965116,0,0,302.13,829.491,0,0,950.968,3152.37,0
1691509938170253820,1755,1530,220,0.871795,28.5526,49.456,71.3209,86.2163,164.155,-6.83793,309.944,592.912,951.866,1156.8,1062.5,4222.98,11587.5,28498.9,1342.6,2233.2,2677.06,386.649,614.59,609.728,147319,8415.14,13258.5,9.26488,6.36834,0,0,0.0571218,0,35.8865,99.5531,179.163,1251.07,5196.52,6496.33,9.34869e-05,1.06807e-05,7,7,9,0.5625,1,9.15047,7.72816,1.42231,0.0450508,0.0459305,1530,0,0,0,0,0.001,0,0,0,0,0,0,0,0,0,0,0,0,0,0,0,0,0,0,0,0,0,0,0,0,0,0,0,0,0,0,0,0,0,0,0,0,28.5526,71.3209,62.9498,602.085,643.965,1,0.904471,0.41059,-0.115539,0.708735,44.8679,0.0485718,0.369863,0.54,969.357,1129.77,1550.2,1880.87,251.81,845.464,1515.19,702.594,3982.38,96.8916,205.057,0.800131,0.703376,-1.1223,-1.17483,0,0,0,0,0,0,0,86.2163,0,0.981699,0,0,309.944,951.866,0,0,1062.5,4222.98,0
1691509938270334348,1564,1330,231,0.850384,31.274,52.0408,78.2763,92.8047,150.193,-7.31569,305.783,565.225,923.526,1193.19,1071.42,4204.02,12772.9,26146.5,1199.9,2310.18,2823,407.385,581.22,581.283,146389,7934.05,12424.2,5.09949,1.44249,0,0,0.0541985,0,33.1218,95.4072,143.689,1043.18,5302.01,5806.79,0.00166847,0.000143788,9,8,13,0.619048,1,8.53814,7.11814,1.42001,0.0461901,0.174706,1330,0,0,0,0,0.001,0,0,0,0,0,0,0,0,0,0,0,0,0,0,0,0,0,0,0,0,0,0,0,0,0,0,0,0,0,0,0,0,0,0,0,0,31.274,78.2763,62.5172,595.579,621.904,1,0.903472,0.400878,-0.151775,0.999296,2.15031,0.0734234,0.818182,0.9,979.283,1152.74,1573.37,1942.3,256.652,855.767,1510.92,667.897,3899.8,94.8062,179.117,-4.10951,-1.38537,0.0448671,0.09341,0,0,0,0,0,0,0,92.8047,0,0.97218,0,0,305.783,923.526,0,0,1071.42,4204.02,0
1691509938370525676,1528,1213,310,0.793848,30.0946,53.993,80.5728,95.3715,149.715,-10.3288,290.743,521.38,863.366,1111.18,1022.08,4129.71,10385.2,17698.2,1230.16,2295.47,2824.04,328.204,585.835,501.374,143173,6018.42,9367.75,2.84628,3.94711,0,0,0.0420361,0,20.0838,73.2331,101.934,985.336,3166.34,5020.82,0.0071087,0.00052283,12,11,10,0.47619,1,9.2373,7.89156,1.34574,0.0586285,0.0602944,1213,0,0,0,0,0.001,0,0,0,0,0,0,0,0,0,0,0,0,0,0,0,0,0,0,0,0,0,0,0,0,0,0,0,0,0,0,0,0,0,0.0016488,30.044,40.825,30.0946,80.6258,61.6772,581.906,626.417,1,0.901497,0.401974,-0.160375,0.99996,0.509474,0.012383,0.834862,0.91,970.213,1152.07,1532.15,1798.18,264.055,864.803,1517.38,677.29,3824.58,76.6662,160.642,1.3418,1.09958,-1.31495,-1.20227,0,0,0,0,0,0.0013089,42.1726,95.4355,1,0.966144,732.95,1095.39,290.743,862.323,1062.65,1682.6,1022.08,4132.16,0.000369301
1691509938470560082,1594,1320,269,0.828105,29.9927,54.2096,77.167,91.2149,171.309,-10.0532,297.217,526.211,901.796,1114.74,1025.3,4198.96,12265.8,26653.3,1254.56,2427.52,2688.13,367.017,576.454,522.858,147630,8328.79,12910.6,7.68362,7.96325,0,0,0.0564168,0,26.2915,80.1337,122.443,1103.31,5047.84,6530.6,0.000218678,8.19141e-05,3,3,8,0.727273,1,9.28629,7.88785,1.39844,0.0140982,0.0997202,1320,0,0,0,0,0.001,0,0,0,0,0,0,0,0,0,0,0,0,0,0,0,0,0,0,0,0,0,0,0,0,0,0,0,0,0,0,0,0,0,0.0106061,19.45,36.5218,30.431,77.2654,61.7723,591.117,626.11,1,0.903208,0.411185,-0.123057,0.99926,2.20466,0.0784501,0.818182,0.9,974.705,1178.78,1621.73,1894,253.914,858.601,1574.65,715.453,3907.47,83.891,170.034,-2.29151,-0.255482,-0.83247,-0.13332,0,0,0,0,0,0.00878294,46.0745,91.3692,1,0.976263,224.033,795.121,297.33,902.595,334.966,1232.57,1043.66,4210.39,0.000614855
1691509938570270802,1702,1350,349,0.793184,30.4687,54.6711,80.5739,97.5251,147.037,0.648671,291.021,497.242,805.626,1080.43,990.982,3151.09,9244.49,47430,1047.44,1479.18,2190.24,463.1,450.731,398.5,137770,6558.57,10032.1,28.1543,8.20686,0,0,0.0476053,0,31.7645,72.2275,124.717,812.525,3516.89,5473.97,0.00113086,0.000152581,2,2,8,0.8,1,9.74152,8.22695,1.51457,0.018028,0.0754446,1350,0,0,0,0,0.001,0,0,0,0,0,0,0,0,0,0,0,0,0,0,0,0,0,0,0,0,0,0,0,0,0,0,0,0,0,0,0,0,0,0,0,0,30.4687,80.5739,57.3357,592.243,639.422,0,0.942688,-0.333125,0.0191439,0.712112,44.593,0.106546,0.360544,0.53,922.61,1074.17,1392.08,2344.68,252.706,798.599,1363.21,689.338,3759.68,129.849,113.837,-7.85137,-2.4823,-3.0745,0.0938007,0,0,0,0,0,0,0,97.5251,0,0.96,0,0,291.021,805.626,0,0,990.982,3151.09,0
1691509938670022859,1477,1193,277,0.807718,31.8514,58.3005,82.0669,97.99,166.519,-10.0804,289.924,543.24,960.161,1147.94,1077.31,4776.66,12827.2,26004.1,1303.52,2382.15,3138.08,394.539,669.577,489.384,144566,8134.2,12650.6,9.60971,5.57126,0,0,0.0562665,0,24.4411,84.6325,105.257,1054.86,5326.3,6055.09,0.00010223,2.33181e-05,3,3,11,0.785714,1,9.64566,8.21113,1.43453,0.0327017,0.186039,1193,0,0,0,0,0.001,0,0,0,0,0,0,0,0,0,0,0,0,0,0,0,0,0,0,0,0,0,0,0,0,0,0,0,0,0,0,0,0,0,0.00838223,37.3672,58.9261,31.6387,82.1981,63.686,575.749,657.565,1,-0.90321,-0.4255,0.0562345,0.708624,44.8769,0.0337336,0.369863,0.54,1010.24,1178.53,1585.89,2062.79,248.405,864.688,1537.37,720.054,3750.98,87.7778,176.051,5.98161,-0.451403,0.693213,0.747705,0,0,0,0,0,0.00677048,61.7214,98.2885,1,0.954353,387.408,1101.29,287.064,957.14,560.903,1311.63,1080.96,4793.95,0.000507056
1691509938770076722,1446,1153,287,0.797372,29.4357,54.0701,82.1859,96.3563,162.624,-7.51124,301.388,595.436,952.889,1249.97,1082.52,4955.64,13778.6,20265.2,1363.97,2729.65,3439.43,427.857,661.441,498.729,154484,8390.52,12998.4,12.4738,7.92995,0,0,0.0543132,0,30.5225,94.7767,122.835,995.497,5492.09,6262.72,0.000315237,0.00021346,4,3,9,0.75,1,9.22917,7.92721,1.30196,0.0466525,0.0938761,1153,0,0,0,0,0.001,0,0,0,0,0,0,0,0,0,0,0,0,0,0,0,0,0,0,0,0,0,0,0,0,0,0,0,0,0,0,0,0,0,0.0225499,23.6287,52.2312,29.6361,82.6624,63.482,587.674,652.844,1,0.90119,0.425906,-0.0803805,0.999706,1.38853,0.0565603,0.818182,0.9,1007.19,1190.52,1611.27,2097.99,246.365,873.157,1572.25,663.814,3652.1,121.486,173.612,-5.53491,0.0554813,-0.45878,0.0904221,0,0,0,0,0,0.0179806,56.9323,96.6729,1,0.956522,290.603,784.321,301.765,961.65,405.596,1016.31,1112.48,5046.86,0.000731505
1691509938870572784,1484,1119,361,0.754043,29.275,56.4296,82.3839,102.973,168.883,-1.24787,280.587,560.921,934.882,1123.94,1026.45,4789.11,13291.4,18977.9,1360.85,2697.03,3081.63,405.126,617.242,493.037,150835,7767.94,11979.6,9.41136,9.36373,0,0,0.0514994,0,26.0774,88.0528,92.662,953.687,4743.3,6075.8,0.00140809,0.00101571,6,6,13,0.684211,1,9.32205,7.98442,1.33763,0.0232947,0.1812,1119,0,0,0,0,0.001,0,0,0,0,0,0,0,0,0,0,0,0,0,0,0,0,0,0,0,0,0,0,0,0,0,0,0,0,0,0,0,0,0,0,0,0,29.275,82.3839,67.6565,578.577,656.766,1,0.903756,0.416989,-0.0966757,0.999824,1.07442,0.0352628,0.801802,0.89,1021.99,1210.93,1596.54,2107.58,250.815,881.674,1562.85,684.835,3616.54,98.7801,153.932,-4.43189,1.05343,0.279005,-0.572378,0,0,0,0,0,0,0,102.973,0,0.944593,0,0,280.587,934.882,0,0,1026.45,4789.11,0
1691509938970440281,1462,1087,375,0.743502,29.2553,51.3724,78.6472,98.1533,166.035,-1.43279,301.14,604.119,1008.27,1231.61,1148.2,4668.85,12787.4,27134.6,1315.3,2281.23,3200.43,421.102,688.578,440.758,151712,7557.25,11445.4,3.40992,4.51336,0,0,0.0498132,0,22.6424,71.2353,104.832,881.743,4041.8,6323.12,0.0043073,0.000565897,6,6,11,0.647059,1,9.09753,7.8878,1.20973,0.0300354,0.210791,1087,0,0,0,0,0.001,0,0,0,0,0,0,0,0,0,0,0,0,0,0,0,0,0,0,0,0,0,0,0,0,0,0,0,0,0,0,0,0,0,0,0,0,29.2553,78.6472,61.4997,593.83,663.67,1,0.899477,0.427776,-0.0891598,0.999904,0.792175,0.0205774,0.851852,0.92,1034.13,1254.15,1620.29,2174.3,249.302,872.342,1588.9,677.924,3494.03,108.017,173.638,-0.183435,0.787976,-1.09757,-0.770515,0,0,0,0,0,0,0,98.1533,0,0.954922,0,0,301.14,1008.27,0,0,1148.2,4668.85,0
1691509939070847026,1445,1025,413,0.709343,28.3908,52.5538,81.3504,105.043,159.297,-3.85028,287.269,584.595,952.22,1195.72,1095.98,4867.57,12813.4,26115.3,1280.3,2293.27,3197.89,389.575,661.643,419.869,152537,7045.61,10913,3.31458,3.79746,0,0,0.0461894,0,19.4532,74.777,97.538,912.545,4317.93,5490.72,0.00262404,0.000741123,8,7,14,0.666667,1,9.22094,8.03345,1.18749,0.0267247,0.192003,1025,0,0,0,0,0.001,0,0,0,0,0,0,0,0,0,0,0,0,0,0,0,0,0,0,0,0,0,0,0,0,0,0,0,0,0,0,0,0,0,0,0,0,28.3908,81.3504,65.9032,581.853,684.244,1,0.902995,0.424449,-0.0666615,0.999735,1.31859,0.0461729,0.834862,0.91,1042.79,1268.93,1638.59,2069.44,251.999,888.343,1587.51,686.367,3559.04,98.8611,159.41,-0.855391,0.254406,-0.454531,-0.255806,0,0,0,0,0,0,0,105.043,0,0.936585,0,0,287.269,952.22,0,0,1095.98,4867.57,0
1691509939170858797,1534,1084,446,0.706649,27.9412,49.3327,67.9943,85.424,159.874,-1.92802,299.3,579.058,928.322,1131.29,1099.77,4442.92,13418,22574.7,1278.25,2149.23,3190.84,373.492,678.136,439.81,161366,7043.57,10851.3,89.4455,7.18099,0,0,0.0436495,0,24.1467,73.2944,93.7494,939.044,4004.53,5716.56,8.75904e-05,3.94267e-05,2,1,9,0.9,1,9.49934,8.48908,1.01026,0.0177023,0.155962,1084,0,0,0,0,0.001,0,0,0,0,0,0,0,0,0,0,0,0,0,0,0,0,0,0,0,0,0,0,0,0,0,0,0,0,0,0,0,0,0,0,0,0,27.9412,67.9943,68.0499,588.081,692.869,1,0.899073,0.433346,-0.0622803,0.999943,0.611008,0.0109365,0.869159,0.93,1048.22,1301.44,1708.21,2192.68,246.914,873.823,1611.14,711.379,3513.01,79.5308,177.885,-6.87416,-6.39452,-0.752048,0.33106,0,0,0,0,0,0,0,85.424,0,0.971402,0,0,299.3,928.322,0,0,1099.77,4442.92,0
1691509939270598313,1483,1009,460,0.680378,25.4123,44.9588,66.7689,81.2214,152.187,-2.13561,295.372,630.745,995.64,1271.63,1129.95,5165.67,12569.3,28500.6,1407.56,2194.06,3353.85,432.664,646.678,499.238,160395,7663.9,11683.1,7.27376,7.23993,0,0,0.0477816,0,26.7875,79.3755,95.0426,863.534,4415.21,6203.19,0.0498963,0.00471751,11,11,13,0.541667,1,9.10186,8.24335,0.858512,0.0588394,0.125121,1009,0,0,0,0,0.001,0,0,0,0,0,0,0,0,0,0,0,0,0,0,0,0,0,0,0,0,0,0,0,0,0,0,0,0,0,0,0,0,0,0,0,0,25.4123,66.7689,73.21,584.945,700.845,1,-0.901339,-0.43098,0.0429461,0.999808,1.12358,0.0388757,0.851852,0.92,1066.96,1270.05,1716.63,2588.73,242.492,887.086,1575.9,734.112,3592.5,93.2208,159.434,-0.330425,-1.15,0.563599,1.05895,0,0,0,0,0,0,0,81.2214,0,0.975223,0,0,295.372,995.64,0,0,1129.95,5165.67,0
1691509939370530419,1562,1053,504,0.674136,25.6063,44.6704,65.0172,80.6083,141.321,-1.21321,276.041,580.733,944.488,1175.71,1040.39,4239.73,12125.9,19871.9,1295.34,2077.41,2945.82,408.209,673.96,426.049,157680,6192.84,9615.03,53.5473,3.91238,0,0,0.0392748,0,16.953,59.0372,79.4426,890.782,3638.14,4930.68,0.000313014,6.17461e-05,2,2,10,0.833333,1,8.90665,8.05059,0.856068,0.000344167,0.0588445,1053,0,0,0,0,0.001,0,0,0,0,0,0,0,0,0,0,0,0,0,0,0,0,0,0,0,0,0,0,0,0,0,0,0,0,0,0,0,0,0,0,0,0,25.6063,65.0172,70.1104,589.434,707.456,1,-0.895167,-0.443752,0.0419545,0.999899,0.814726,0.00295942,0.886792,0.94,1083.88,1312.85,1680.35,2678.65,241.675,909.568,1636.23,736.804,3510.57,83.4948,161.921,7.1894,10.9799,0.331697,-0.157453,0,0,0,0,0,0.00320102,0,80.6083,0,0.976258,0,0,276.041,944.488,0,0,1040.39,4239.73,0
1691509939470402816,1555,1091,459,0.701608,25.1858,43.752,63.7177,76.0219,140.116,-2.01051,292.916,565.657,961.813,1153.91,1021.75,4336.93,11199.4,18465.9,1348.86,1951.86,2842.71,410.562,628.268,425.305,164932,5936.24,9228.73,12.7815,4.32221,0,0,0.035992,0,36.3389,70.5243,84.2283,864.46,3352.48,4820.7,0.000400313,0.000157886,5,5,8,0.615385,1,8.45848,7.61371,0.844773,0.0440226,0.0911662,1091,0,0,0,0,0.001,0,0,0,0,0,0,0,0,0,0,0,0,0,0,0,0,0,0,0,0,0,0,0,0,0,0,0,0,0,0,0,0,0,0.0394134,9.89695,53.8888,25.9313,63.9575,72.6222,586.895,726.483,1,-0.889638,-0.455982,0.0249919,0.999766,1.23938,0.0383994,0.869159,0.93,1068.28,1310.1,1676.83,3019.11,238.649,908.135,1623.21,712.765,3583.96,87.3254,150.436,2.66961,0.216152,-0.500808,0.16431,0,0,0,0,0,0.0282958,61.3251,76.1341,1,0.979962,230.274,824.215,295.125,962.361,316.27,1178.92,1079.89,4374.28,0.00228097
1691509939570354390,1621,1158,461,0.714374,24.744,47.2452,68.5462,87.5938,142.468,-6.18676,300.722,601.366,985.956,1250.38,1039.02,4648.34,11861.3,18436.1,1359.97,2042.83,3185.11,472.155,689.23,487.042,167799,7071.62,10960.4,7.32925,5.4319,0,0,0.0421435,0,31.2592,80.0676,121.94,956.078,4068.73,5702.36,0.000947901,0.00027379,9,8,13,0.619048,1,8.94051,7.91188,1.02863,0.0271013,0.124738,1158,0,0,0,0,0.001,0,0,0,0,0,0,0,0,0,0,0,0,0,0,0,0,0,0,0,0,0,0,0,0,0,0,0,0,0,0,0,0,0,0.0483592,12.4476,33.0572,25.5781,69.0812,71.3465,586.074,715.58,1,0.886012,0.45956,-0.0615513,0.999319,2.11505,0.0706419,0.834862,0.91,1074.31,1299.62,1706.98,3090.2,245.331,904.219,1610.54,707.67,3568.23,124.983,182.132,-5.06143,-0.421146,-0.415659,0.0557391,0,0,0,0,0,0.0357804,48.4659,90.0645,1,0.967332,329.484,938.555,295.935,985.817,475.863,1603.98,1113.74,4940.11,0.00557142
1691509939670523569,1641,1151,478,0.701402,24.8759,46.5316,68.8458,86.895,135.679,-3.85025,279.101,548.792,968.426,1247.85,944.407,4043.8,12058.2,25331.3,1341.15,1916.16,2803.58,419.015,636.144,467.958,163501,6786.47,10709.1,5.18498,5.19927,0,0,0.0415073,0,36.2903,67.5319,97.7166,1046.29,4423.73,5037.53,0.000828654,0.00026184,8,8,13,0.619048,1,8.21392,7.21174,1.00219,0.0251458,0.121251,1151,0,0,0,0,0.001,0,0,0,0,0,0,0,0,0,0,0,0,0,0,0,0,0,0,0,0,0,0,0,0,0,0,0,0,0,0,0,0,0,0.0990443,11.7643,52.3736,26.1042,69.8016,78.7391,581.248,717.013,1,-0.880213,-0.472221,0.047248,0.999801,1.14381,0.026748,0.801802,0.89,1084.58,1258.17,1714.82,3040,247.264,920.957,1633.68,709.521,3549.26,101.647,157.185,1.79691,-0.685587,0.0411149,0.367496,0,0,0,0,0,0.0694698,73.6089,87.0731,0.982456,0.972035,288.713,883.45,276.573,969.669,441.34,1189.4,1051.78,4427.17,0.0079743
1691509939770700673,1658,1170,486,0.705669,23.2381,42.5876,64.4079,80.5404,137.355,-1.13666,276.827,530.51,936.417,1158.68,902.309,3860.52,12653.3,18869.4,1337.91,1787.53,2747.03,402.413,609.323,424.953,165594,6233.14,9721.33,15.4663,3.23538,0,0,0.0376411,0,22.1807,66.6442,103.118,902.749,3676.12,4950.52,3.63853e-05,1.69985e-05,2,1,9,0.9,1,7.93955,7.043,0.896549,0.0175382,0.0604138,1170,0,0,0,0,0.001,0,0,0,0,0,0,0,0,0,0,0,0,0,0,0,0,0,0,0,0,0,0,0,0,0,0,0,0,0,0,0,0,0,0.0991453,16.3508,36.1578,25.0167,66.0343,80.9097,601.347,735.744,1,-0.87821,-0.4774,0.0289386,0.999817,1.09625,0.0482765,0.851852,0.92,1072.5,1227.48,1720.14,3364.72,235.031,904.708,1651.94,737.822,3407.92,102.002,170.672,7.62715,-2.4488,0.373495,0.0217474,0,0,0,0,0,0.0699638,41.6794,82.1691,1,0.975332,242.991,756.92,281.475,953.711,327.742,1001.85,1024.15,4016.77,0.00480962
1691509939870681895,1714,1219,494,0.711202,23.9275,45.1662,70.1814,89.1937,146.575,-2.60828,296.085,546.771,926.256,1201.39,958.395,3763.16,10509.3,20078.8,1261.06,1926.32,2558.48,434.427,620.711,427.174,167846,5785.18,9103.92,47.0985,3.21595,0,0,0.0344672,0,35.2679,78.8921,107.162,900.473,3366.03,4616.1,0.000279324,5.72259e-05,2,2,8,0.8,1,8.29879,7.20826,1.09054,0.0234969,0.106437,1219,0,0,0,0,0.001,0,0,0,0,0,0,0,0,0,0,0,0,0,0,0,0,0,0,0,0,0,0,0,0,0,0,0,0,0,0,0,0,0,0.0598852,13.8916,32.982,25.0269,71.4379,82.7559,606.04,741.204,1,-0.877895,-0.477979,0.028921,1,0.0378162,0.00595118,0.851852,0.92,1080.82,1294.16,1709.66,3286.79,232.776,910.853,1653.32,740.875,3547.19,115.008,169.945,13.49,0.56968,0.0251123,0.836,0,0,0,0,0,0.0425904,35.8232,89.9416,1,0.965969,242.166,720.094,298.68,941.508,356.523,1004.96,1043.95,3943.53,0.00290067
1691509939970458476,1758,1268,483,0.721274,23.6234,47.0223,71.7892,88.8821,173.543,-3.95975,290.356,607.228,996.445,1227.8,952.469,3820.37,12045.5,22216.3,1279.44,1638.59,2698.91,496.503,640.441,467.685,166647,7054.8,10984.4,11.0774,5.0702,0,0,0.0423338,0,54.47,75.3289,131.706,950.744,4147.01,5625.17,0.000374303,7.4983e-05,2,2,8,0.8,1,7.76445,6.60355,1.1609,0.0182807,0.0572179,1268,0,0,0,0,0.001,0,0,0,0,0,0,0,0,0,0,0,0,0,0,0,0,0,0,0,0,0,0,0,0,0,0,0,0,0,0,0,0,0,0.04653,16.2344,37.4493,24.2265,73.4399,86.8539,605.724,739.422,1,-0.870765,-0.490311,0.0369328,0.999866,0.936409,0.0107832,0.818182,0.9,1057.16,1292,1708.59,3119.33,233.641,909.393,1655.68,711.634,3377.87,148.044,187.976,8.44825,0.0837356,0.495807,0.0964334,0,0,0,0,0,0.0335609,43.7671,89.6709,1,0.969396,193.609,769.99,295.692,1003.28,256.864,960.368,1006.75,4017.83,0.00162716
1691509940070642557,1733,1264,460,0.729371,26.9073,50.4952,76.3654,97.5866,185.347,-6.33941,325.819,631.357,1032.62,1326.49,1044.68,4057.24,11094.5,20495.6,1331.43,1823.24,2719.06,494.64,648.365,544.948,169823,6806.01,10839.6,10.5739,6.43509,0,0,0.0400771,0,47.8755,86.3985,137.443,1065.49,4680.01,4822.38,0.00252814,0.000328639,4,4,8,0.666667,1,7.96891,6.62647,1.34244,0.0430517,0.0986574,1264,0,0,0,0,0.001,0,0,0,0,0,0,0,0,0,0,0,0,0,0,0,0,0,0,0,0,0,0,0,0,0,0,0,0,0,0,0,0,0,0.0039557,22.6915,29.0121,26.9246,76.4277,81.18,607.746,761.074,1,-0.868854,-0.494011,0.0323292,0.999981,0.355666,0.00683984,0.801802,0.89,1067.29,1299.78,1756.99,2890.96,236.913,899.922,1641.61,683.878,3465.51,148.871,185.686,2.74949,-1.24205,2.34059,0.713165,0,0,0,0,0,0.00288517,30.9586,97.7404,1,0.957903,556.571,879.104,325.696,1032.01,723.97,1244.4,1049.69,4064.64,0.000367364
1691509940170620725,1746,1264,479,0.72394,24.5523,46.4917,71.3749,90.0951,145.242,-3.84012,311.607,601.636,1017.83,1309.16,1015.82,4220.44,14471.2,22692.4,1329.86,1831.84,2975.62,431.903,691.537,518.128,172433,8525.17,12945,7.24447,6.12427,0,0,0.0494405,0,38.8024,79.911,115.753,987.488,4643.5,7079.55,0.0043721,0.000885116,7,7,16,0.695652,1,7.84235,6.70409,1.13826,0.0234368,0.117574,1264,0,0,0,0,0.001,0,0,0,0,0,0,0,0,0,0,0,0,0,0,0,0,0,0,0,0,0,0,0,0,0,0,0,0,0,0,0,0,0,0.00158228,31.3789,32.4413,24.5056,71.4121,79.2527,600.469,737.278,1,-0.868235,-0.495566,0.0241239,0.999965,0.479805,0.0157733,0.851852,0.92,1068.93,1261.98,1756.18,3391.1,229.472,894.538,1659.67,743.977,3434.43,126.158,215.596,4.64465,0.634747,1.38702,-0.0373604,0,0,0,0,0,0.00114548,32.5741,90.1053,1,0.967512,1343.02,1812.67,311.342,1014.61,1938.01,2417.89,1013.79,4224.8,0.000635878
1691509940270294274,1727,1266,455,0.733063,25.0353,48.2144,71.6895,86.4919,175.483,-4.6546,310.558,633.872,1000.19,1252.71,992.794,4203.81,12049,22230.2,1410.58,1880.66,2837.28,497.9,664.051,538.273,179100,7483.57,11710.9,12.5405,4.26559,0,0,0.0417843,0,38.0038,87.4411,120.699,1163.23,4265.89,6035.66,0.000108158,2.75468e-05,3,3,8,0.727273,1,8.02134,6.85709,1.16425,0.024062,0.111713,1266,0,0,0,0,0.001,0,0,0,0,0,0,0,0,0,0,0,0,0,0,0,0,0,0,0,0,0,0,0,0,0,0,0,0,0,0,0,0,0,0,0,0,25.0353,71.6895,82.3542,608.422,739.223,1,-0.8623,-0.506324,0.00860188,0.999804,1.13427,0.0329188,0.851852,0.92,1060.3,1249.81,1766.6,3319.59,223.551,890.07,1664.46,780.266,3385.87,145.766,196.579,3.90075,0.8108,0.449837,0.610471,0,0,0,0,0,0,0,86.4919,0,0.972354,0,0,310.558,1000.19,0,0,992.794,4203.81,0
1691509940370322498,1675,1188,478,0.709254,24.2522,46.2039,70.4139,83.0285,176.503,-5.0159,321.077,615.448,975.321,1192.46,974.807,4562.18,11483.6,20947.5,1349.61,2188.09,2920.36,466.205,654.507,525.284,186334,7054,10840,7.06307,8.7128,0,0,0.0378567,0,40.997,80.5212,105.81,886.636,3953.17,5772.86,0.00619957,0.00105459,6,6,12,0.666667,1,8.06938,7.05482,1.01456,0.0209828,0.154277,1188,0,0,0,0,0.001,0,0,0,0,0,0,0,0,0,0,0,0,0,0,0,0,0,0,0,0,0,0,0,0,0,0,0,0,0,0,0,0,0,0,0,0,24.2522,70.4139,78.9781,598.53,738.492,1,-0.86076,-0.509009,0.00143122,0.99997,0.447495,0.0152851,0.818182,0.9,1046,1249.57,1741.18,3166.03,240.27,892.5,1668.17,733.909,3555.56,113.274,179.421,0.646415,-1.45761,1.14466,2.11808,0,0,0,0,0,0,0,83.0285,0,0.983165,0,0,321.077,975.321,0,0,974.807,4562.18,0
1691509940470568244,1663,1237,423,0.743836,25.0415,47.0581,70.2926,86.4729,145.258,-2.7086,312.342,658.694,1053.17,1308.4,1091.13,4420.02,13654.2,24238.4,1504.58,2277.19,3005.11,468.396,719.697,556.379,180665,8000.27,12521.5,3.88619,3.13545,0,0,0.0442823,0,28.7703,93.3357,136.054,1260.26,4538.57,6464.47,0.0035363,0.000462816,5,5,8,0.615385,1,8.03563,6.94675,1.08888,0.0136087,0.0970647,1237,0,0,0,0,0.001,0,0,0,0,0,0,0,0,0,0,0,0,0,0,0,0,0,0,0,0,0,0,0,0,0,0,0,0,0,0,0,0,0,0,0,0,25.0415,70.2926,84.1409,601.483,751.376,1,-0.855342,-0.517986,0.00892357,0.999917,0.738379,0.0139804,0.769912,0.87,1023.59,1236.33,1837.62,3071.47,240.47,883.536,1680.26,781.518,3531.46,147.211,200.91,0.0869392,-1.16209,0.271925,0.636113,0,0,0,0,0,0,0,86.4729,0,0.974939,0,0,312.342,1053.17,0,0,1091.13,4420.02,0
1691509940569885685,1908,1436,467,0.752621,25.7948,46.2796,69.9664,83.7353,135.282,-4.12793,314.585,614.612,1010.16,1255.57,1031.79,4357.98,10444.7,22047.8,1440.48,2127.43,2762.47,422.014,678.742,554.497,187538,7712.08,12243.6,53.1918,3.84468,0,0,0.0411228,0,45.8557,96.0722,127.783,1278.03,4793.42,5902.4,0.000159352,1.98786e-05,2,2,8,0.8,1,7.88371,6.66269,1.22102,0.0101991,0.124261,1436,0,0,0,0,0.001,0,0,0,0,0,0,0,0,0,0,0,0,0,0,0,0,0,0,0,0,0,0,0,0,0,0,0,0,0,0,0,0,0,0,0,0,25.7948,69.9664,83.7333,624.882,753.385,1,-0.852689,-0.52233,-0.00968475,0.999814,1.10536,0.0411655,0.818182,0.9,996.699,1194.88,1758.18,2838.85,239.243,838.665,1619.18,710.6,3597.62,148.342,210.891,4.32516,2.81634,0.518609,1.47522,0,0,0,0,0,0,0,83.7353,0,0.981198,0,0,314.585,1010.16,0,0,1031.79,4357.98,0
1691509940669639141,1887,1450,436,0.768415,26.3456,46.3859,69.5608,81.5318,136.116,-5.32278,317.996,599.107,982.591,1223.66,1031.44,4179.11,10835.5,18190.4,1399.62,2157.57,2703.39,485.737,626.852,528.926,178914,6904.54,11051.1,7.18916,5.27643,0,0,0.0385914,0,42.2172,101.723,142.726,1170.81,4443.01,5150.64,0.00251828,0.000485664,5,5,10,0.666667,1,8.17432,6.95666,1.21766,0.0376815,0.0689703,1450,0,0,0,0,0.001,0,0,0,0,0,0,0,0,0,0,0,0,0,0,0,0,0,0,0,0,0,0,0,0,0,0,0,0,0,0,0,0,0,0,0,0,26.3456,69.5608,84.9514,617.049,753,1,-0.853686,-0.520695,-0.00984388,0.999998,0.110085,0.00138583,0.851852,0.92,998.386,1223.58,1771.93,2910.59,241.189,839.876,1658.84,766.728,3527.18,175.648,197.4,3.79033,-0.627469,0.284394,1.28344,0,0,0,0,0,0,0,81.5318,0,0.982069,0,0,317.996,982.591,0,0,1031.44,4179.11,0
1691509940769914214,1828,1408,420,0.770241,24.1862,45.5358,66.2639,76.7804,135.824,-5.1443,306.316,644.014,1012.9,1316.18,993.388,4465.12,12382.1,24071.6,1441.25,2329.91,2709.34,478.249,686.717,575.066,180786,8681.92,13541.4,5.37445,4.48292,0,0,0.0480233,0,36.4993,110.695,149.801,1377.41,4702.7,7164.29,0.00140717,0.000239754,5,4,13,0.764706,1,8.19867,7.11979,1.07888,0.0132516,0.102063,1408,0,0,0,0,0.001,0,0,0,0,0,0,0,0,0,0,0,0,0,0,0,0,0,0,0,0,0,0,0,0,0,0,0,0,0,0,0,0,0,0,0,0,24.1862,66.2639,82.6516,608.248,755.1,1,-0.854015,-0.520243,-0.00237112,0.999972,0.429355,0.0157707,0.869159,0.93,986.274,1224.94,1775.4,3175.94,241.812,837.788,1684.85,715.772,3694.06,157.059,219.237,3.84617,-0.896242,0.263723,0.958663,0,0,0,0,0,0,0,76.7804,0,0.986506,0,0,306.316,1012.9,0,0,993.388,4465.12,0
1691509940869985132,1801,1356,442,0.752915,27.4732,48.8997,71.8841,84.7572,154.018,-6.09921,324.922,652.693,1043.57,1278.87,1089.78,4427.95,12573,20025.8,1501.52,2101.36,2972.07,481.683,659.094,534.689,188332,7263.14,11759.5,6.7,3.91161,0,0,0.0385657,0,53.6032,103.963,138.046,1390.42,4878.81,5194.66,0.00318078,0.000902251,5,5,12,0.705882,1,8.38856,7.14852,1.24003,0.0268979,0.106216,1356,0,0,0,0,0.001,0,0,0,0,0,0,0,0,0,0,0,0,0,0,0,0,0,0,0,0,0,0,0,0,0,0,0,0,0,0,0,0,0,0,0,0,27.4732,71.8841,83.9325,633.048,754.02,1,-0.850532,-0.524914,-0.0325626,0.999527,1.76183,0.0571528,0.851852,0.92,983.149,1228.77,1751.87,2942.22,241.617,815.187,1647.34,740.001,3618.78,166.363,213.551,2.53798,0.950694,0.572098,-0.0574475,0,0,0,0,0,0,0,84.7572,0,0.979351,0,0,324.922,1043.57,0,0,1089.78,4427.95,0
1691509940970313784,1833,1376,455,0.750682,26.1781,45.8392,69.1503,82.8024,140.162,-5.22005,329.74,636.829,1017.25,1316.11,1081.15,4343.39,11559.1,24840,1477.9,2243.67,2710.78,504.064,684.313,519.373,184917,7911.05,12608,5.99702,4.42512,0,0,0.0427816,0,49.5749,99.018,135.093,1405.43,4763.63,6155.22,0.000269955,4.49505e-05,4,4,11,0.733333,1,8.07238,6.88813,1.18425,0.0159923,0.141536,1376,0,0,0,0,0.001,0,0,0,0,0,0,0,0,0,0,0,0,0,0,0,0,0,0,0,0,0,0,0,0,0,0,0,0,0,0,0,0,0,0,0,0,26.1781,69.1503,82.2204,629.054,773.726,1,-0.848055,-0.529858,0.00732883,0.999189,2.30762,0.0792221,0.851852,0.92,1007.11,1230.27,1774.5,2872.34,242.233,810.595,1665.89,755.208,3621.39,152.667,209.069,4.29066,-1.53097,0.386191,-0.356721,0,0,0,0,0,0,0,82.8024,0,0.976017,0,0,329.74,1017.25,0,0,1081.15,4343.39,0
1691509941071066925,1928,1470,453,0.762448,24.2814,46.6286,68.5279,79.8449,136.652,-6.18794,327.815,612.849,994.272,1287.3,1036.73,4322.21,10675.7,16939,1411.59,2088.44,2658.13,472.919,679.287,534.658,187103,6467.39,10555.7,7.98332,4.80441,0,0,0.0345659,0,48.6158,105.557,142.162,1373.27,3981.45,4904.65,0.000959612,0.000249858,4,4,10,0.714286,1,8.44344,7.22957,1.21388,0.0201819,0.0522057,1470,0,0,0,0,0.001,0,0,0,0,0,0,0,0,0,0,0,0,0,0,0,0,0,0,0,0,0,0,0,0,0,0,0,0,0,0,0,0,0,0.00204082,15.0932,17.1915,24.35,68.5447,82.8446,621.347,786.808,1,-0.849118,-0.528126,0.00900763,0.999997,0.151017,0.00241414,0.904762,0.95,996.833,1229.59,1781.89,2797.36,249.405,815.244,1667.84,765.001,3632.02,153.708,227.307,2.19688,1.64146,0.289513,-0.70035,0,0,0,0,0,0.00155602,17.4538,79.8771,1,0.978187,515.269,735.789,326.993,995.094,728.591,1147.12,1037.27,4324.62,0.000233196
1691509941171252935,1818,1421,394,0.781628,24.1707,45.0006,69.3277,83.5673,202.783,-4.04589,313.378,616.198,996.513,1310.95,995.982,4434.25,10934.5,23813.4,1514.2,2165.01,2598.26,433.71,657.232,569.694,190197,7643.84,12087.9,11.0703,3.2549,0,0,0.0401891,0,60.8231,85.314,136.857,1351.15,4243.98,6209.8,0.000877715,0.000115984,3,2,9,0.818182,1,8.83766,7.61766,1.21999,0.0114839,0.0867302,1421,0,0,0,0,0.001,0,0,0,0,0,0,0,0,0,0,0,0,0,0,0,0,0,0,0,0,0,0,0,0,0,0,0,0,0,0,0,0,0,0.0119634,8.10195,18.4839,24.5018,69.3536,80.887,652.474,795.639,1,-0.847568,-0.530616,-0.00862037,0.99984,1.02391,0.0379379,0.886792,0.94,1001.85,1209.93,1718.66,2767.33,247.751,819.206,1679.62,787.871,3638.48,140.591,212.474,2.01703,0.722218,-0.468809,-0.2367,0,0,0,0,0,0.00935094,23.1657,83.5789,1,0.970085,367.558,538.571,312.853,998.905,543.729,812.016,1012.39,4439.92,0.000405603
1691509941271230211,1911,1457,448,0.762428,24.3288,46.3732,67.0509,81.6684,141.117,-5.54162,319.757,635.268,978.251,1253.34,1030.57,4307.1,11339.4,23764.7,1583.19,2451.67,2542.42,453.62,689.897,558.202,182633,8477.68,13199.8,25.0204,6.66803,0,0,0.0464193,0,39.5738,105.853,147.253,1488.88,4220.65,7197.64,6.99253e-05,2.83127e-05,2,1,9,0.9,1,9.34535,8.15651,1.18884,0.0103002,0.101866,1457,0,0,0,0,0.001,0,0,0,0,0,0,0,0,0,0,0,0,0,0,0,0,0,0,0,0,0,0,0,0,0,0,0,0,0,0,0,0,0,0,0,0,24.3288,67.0509,86.8722,632.105,785.023,1,-0.848648,-0.528899,-0.00790986,0.999998,0.123139,0.00183377,0.869159,0.93,978.753,1197.72,1855.35,3355.44,259.101,815.017,1683.23,730.463,3753.2,146.589,223.363,3.7445,-0.439066,0.409467,0.567243,0,0,0,0,0,0,0,81.6684,0,0.97941,0,0,319.757,978.251,0,0,1030.57,4307.1,0
1691509941370829557,1858,1421,436,0.764801,22.972,41.5617,64.4056,82.622,192.73,-3.93663,317.481,618.94,993.05,1251.2,973.995,3983.56,10399.6,24268.7,1486.82,1945.1,2530.59,438.832,706.757,512.977,187760,7151.98,11298.1,55.5879,7.08001,0,0,0.038091,0,29.3418,81.8024,140.825,1299.27,3889.98,5856.91,2.90249e-05,3.32648e-05,2,1,9,0.9,1,9.11527,8.00525,1.11002,0.0161912,0.0931903,1421,0,0,0,0,0.001,0,0,0,0,0,0,0,0,0,0,0,0,0,0,0,0,0,0,0,0,0,0,0,0,0,0,0,0,0,0,0,0,0,0,0,0,22.972,64.4056,83.3486,643.639,790.012,1,-0.849366,-0.527805,0.000408587,0.999965,0.482475,0.0152995,0.834862,0.91,1002.41,1210.33,1817.59,3369.96,260.944,815.638,1685.58,788.683,3813.25,131.526,227.359,7.03433,6.89366,0.305158,0.0130867,0,0,0,0,0,0,0,82.622,0,0.973962,0,0,317.481,993.05,0,0,973.995,3983.56,0
1691509941470815059,1827,1356,464,0.7422,23.9336,43.916,63.6399,76.8279,140.463,-3.7613,330.952,615.542,992.178,1297.76,1024.94,4261.49,10936.6,26583.6,1485.85,2094.18,2554.04,461.794,668.43,507.963,185734,6825.73,11010,12.6601,3.2484,0,0,0.03675,0,25.4431,91.7484,134.914,1320.68,4338.62,5098.58,0.000592817,8.12749e-05,4,4,8,0.666667,1,9.13998,8.10709,1.03289,0.0289955,0.058688,1356,0,0,0,0,0.001,0,0,0,0,0,0,0,0,0,0,0,0,0,0,0,0,0,0,0,0,0,0,0,0,0,0,0,0,0,0,0,0,0,0,0,0,23.9336,63.6399,84.8076,659.548,782.644,1,-0.844428,-0.534837,-0.0298389,0.999506,1.80171,0.0615949,0.834862,0.91,997.001,1193.18,1844.71,3487.03,265.944,822.846,1638.45,767.624,3924,172.558,213.5,2.85573,-1.23089,0.323974,1.06608,0,0,0,0,0,0,0,76.8279,0,0.979351,0,0,330.952,992.178,0,0,1024.94,4261.49,0
1691509941570425215,1815,1393,421,0.767493,22.6047,42.2136,65.636,81.1877,216.968,-3.12721,304.962,575.254,942.629,1226.52,932.532,3612.95,11123.1,26357.2,1433.81,1805.17,2262.65,438.89,647.191,465.443,188034,6354.02,10177.3,20.1852,2.80849,0,0,0.0337919,0,19.0331,91.3534,144.725,1204.8,3689.5,5027.91,0.000116068,1.45729e-05,2,2,8,0.8,1,9.77805,8.70261,1.07543,0.010073,0.102091,1393,0,0,0,0,0.001,0,0,0,0,0,0,0,0,0,0,0,0,0,0,0,0,0,0,0,0,0,0,0,0,0,0,0,0,0,0,0,0,0,0,0,0,22.6047,65.636,87.204,659.449,795.347,1,-0.846761,-0.531421,-0.0242385,0.999976,0.398953,0.0118969,0.869159,0.93,1009.96,1198.87,1789.85,3457.32,265.257,818.267,1687.62,755.784,3943.02,139.261,195.167,4.35588,-2.86741,-0.553363,1.00877,0,0,0,0,0,0,0,81.1877,0,0.977028,0,0,304.962,942.629,0,0,932.532,3612.95,0
1691509941670194779,1796,1353,440,0.753341,22.4683,43.8578,67.8917,83.2747,154.956,-2.47794,293.595,574.396,967.707,1265.43,921.697,4044.95,10357.6,24463,1397.92,1963.82,2370.05,429.867,668.127,444.64,195155,6134.5,9915.28,11.1794,4.49947,0,0,0.031434,0,11.7917,85.4537,132.345,1213.74,3884.58,4587.38,0.000504836,0.000117556,4,4,11,0.733333,1,9.62196,8.52848,1.09348,0.0233471,0.038915,1353,0,0,0,0,0.001,0,0,0,0,0,0,0,0,0,0,0,0,0,0,0,0,0,0,0,0,0,0,0,0,0,0,0,0,0,0,0,0,0,0,0,0,22.4683,67.8917,86.8696,658.416,798.714,1,-0.843319,-0.537396,-0.00435338,0.999779,1.20592,0.0369574,0.834862,0.91,1000.27,1220.54,1756.73,3464.88,263.191,827.622,1680.49,800.721,4018.57,130.16,200.47,3.88552,0.0389492,-0.959473,0.28956,0,0,0,0,0,0,0,83.2747,0,0.972653,0,0,293.595,967.707,0,0,921.697,4044.95,0
1691509941770199928,1730,1283,443,0.741618,22.245,43.0224,67.0923,84.0863,194.957,-1.59137,310.795,609.487,980.244,1275.58,1011.5,3801.61,13540,26719.8,1494.31,1939.96,2378.31,457.951,686.02,499.661,193132,7702.3,12347.9,49.2631,9.31778,0,0,0.039881,0,14.3274,91.4894,139.61,1710.21,4106.87,6285.4,0.00148701,0.000742316,3,3,10,0.769231,1,9.57116,8.53943,1.03173,0.000334392,0.0510888,1283,0,0,0,0,0.001,0,0,0,0,0,0,0,0,0,0,0,0,0,0,0,0,0,0,0,0,0,0,0,0,0,0,0,0,0,0,0,0,0,0,0,0,22.245,67.0923,88.6965,663.668,788.636,1,-0.845324,-0.534179,-0.00897043,0.999982,0.342256,0.00968438,0.851852,0.92,1007.78,1206.32,1802.29,2957.02,261.624,829.451,1687.68,779.986,4107.63,148.843,219.058,6.03,-13.0528,0.407285,-0.676135,0,0,0,0,0,0,0,84.0863,0,0.968823,0,0,310.795,980.244,0,0,1011.5,3801.61,0
1691509941870282313,1712,1279,431,0.747079,21.6985,43.9119,70.1841,87.3874,146.465,-2.04929,325.992,630.422,1014.66,1280.39,1066.78,3708.56,11642,24387.5,1599.06,1964.5,2355.01,452.505,712.146,522.952,190403,6787.27,10492.5,43.3352,5.26086,0,0,0.0356469,0,20.9652,93.6024,147.254,1090.48,3329.93,5810.21,5.49144e-05,2.40605e-05,2,2,8,0.8,1,10.2089,9.1191,1.0898,0.0143548,0.0925574,1279,0,0,0,0,0.001,0,0,0,0,0,0,0,0,0,0,0,0,0,0,0,0,0,0,0,0,0,0,0,0,0,0,0,0,0,0,0,0,0,0,0,0,21.6985,70.1841,85.5246,656.435,802.04,1,-0.845302,-0.53424,-0.00719213,0.999998,0.101955,0.00376952,0.834862,0.91,1017.69,1207.57,1853.6,2838.88,278.662,822.286,1693.66,776.524,4099.98,129.027,214.912,3.20363,-2.21585,0.636301,-0.199364,0,0,0,0,0,0,0,87.3874,0,0.968726,0,0,325.992,1014.66,0,0,1066.78,3708.56,0
1691509941970713692,1828,1397,430,0.764223,20.8229,42.7253,67.3245,84.9387,226.076,-3.26335,313.128,590.357,1001.34,1270.2,949.134,3531.12,11018,22775.3,1504.45,1898.94,2224.25,473.019,662.5,502.037,188995,5901.56,9453.14,2.0151,3.8333,0,0,0.031226,0,40.9177,98.2418,151.642,1067.57,3379.65,4715.11,0.000111236,8.42179e-05,5,5,8,0.615385,1,10.48,9.33438,1.14558,0.0343932,0.141103,1397,0,0,0,0,0.001,0,0,0,0,0,0,0,0,0,0,0,0,0,0,0,0,0,0,0,0,0,0,0,0,0,0,0,0,0,0,0,0,0,0,0,0,20.8229,67.3245,87.2513,656.337,807.412,1,-0.842182,-0.539104,-0.00985531,0.99998,0.364606,0.00725015,0.834862,0.91,996.473,1215.57,1877.67,2791.03,279.13,818.546,1706.87,789.407,4241.98,137.955,213.003,1.54227,0.331353,-0.0180238,0.259955,0,0,0,0,0,0,0,84.9387,0,0.969936,0,0,313.128,1001.34,0,0,949.134,3531.12,0
1691509942071003930,1866,1441,422,0.77224,21.3362,41.4264,67.0334,84.6692,192.168,-2.50692,318.572,614.214,1010.96,1312.03,990.787,3668.05,12757,28677.3,1683.78,1910.84,2419.93,473.757,711.876,513.036,195532,8298.83,12710.8,117.888,4.88675,0,0,0.0424424,0,43.3233,121.724,161.841,1167.48,4098.21,7118.23,5.79815e-05,2.40259e-05,1,1,8,0.888889,1,10.5549,9.43698,1.11791,5.62137e-07,0.000562882,1441,0,0,0,0,0.001,0,0,0,0,0,0,0,0,0,0,0,0,0,0,0,0,0,0,0,0,0,0,0,0,0,0,0,0,0,0,0,0,0,0,0,0,21.3362,67.0334,89.222,665.535,808.243,1,-0.838359,-0.545026,-0.0100221,0.999975,0.403989,0.00889872,0.886792,0.94,983.009,1234.32,1830.02,3021.56,284.458,830.217,1686.31,785.191,4357.45,161.714,236.446,3.48847,-3.26689,-0.229288,-0.265895,0,0,0,0,0,0,0,84.6692,0,0.975017,0,0,318.572,1010.96,0,0,990.787,3668.05,0
1691509942170908134,1853,1390,456,0.750135,21.8513,43.6779,66.4415,79.6209,166.938,-1.53837,291.692,597.093,962.204,1252.2,956.456,3504.06,10634.9,26447.6,1571.69,1802.19,2273.97,474.46,653.458,427.177,193619,6433.59,10044.1,3.58513,2.42382,0,0,0.0332281,0,20.1639,99.7183,134.108,1100.98,3249.04,5440.07,0.00384111,0.000487497,6,5,13,0.722222,1,10.5822,9.46761,1.11461,0.0236158,0.0687981,1390,0,0,0,0,0.001,0,0,0,0,0,0,0,0,0,0,0,0,0,0,0,0,0,0,0,0,0,0,0,0,0,0,0,0,0,0,0,0,0,0,0,0,21.8513,66.4415,83.5644,654.856,809.58,1,-0.839307,-0.543459,-0.0147112,0.999987,0.288451,0.00707028,0.851852,0.92,980.169,1263.49,1836.74,2801.57,284.425,834.475,1664.21,800.621,4300.94,140.706,211.099,1.80563,-0.0185844,-0.743611,-0.120808,0,0,0,0,0,0,0,79.6209,0,0.976259,0,0,291.692,962.204,0,0,956.456,3504.06,0
1691509942270793325,1792,1283,506,0.71596,22.7946,43.8262,68.9592,86.5536,154.688,-2.57401,319.818,649.606,1037.33,1300,1013.59,3858.4,12216.4,23372.3,1721.73,1876.83,2403.27,467.882,739.598,545.473,189478,7054.52,11006.2,36.5443,6.29337,0,0,0.0372313,0,30.8269,87.3686,170.454,1102.98,3736.69,5877.86,0.000510786,8.05978e-05,2,2,8,0.8,1,10.8093,9.72184,1.08741,0.0128334,0.158511,1283,0,0,0,0,0.001,0,0,0,0,0,0,0,0,0,0,0,0,0,0,0,0,0,0,0,0,0,0,0,0,0,0,0,0,0,0,0,0,0,0,0,0,22.7946,68.9592,88.3919,655.756,808.852,1,-0.83751,-0.546381,-0.00672614,0.999962,0.49796,0.0119862,0.818182,0.9,1005.15,1254.08,1845.11,2789.39,285.633,833.689,1689.16,835.718,4474.71,122.835,237.783,6.29531,-0.588762,1.29623,1.22091,0,0,0,0,0,0,0,86.5536,0,0.970382,0,0,319.818,1037.33,0,0,1013.59,3858.4,0
1691509942370194049,1753,1265,486,0.72162,22.1093,44.1162,70.2397,90.0308,168.528,-2.57653,333.35,629.916,1004.36,1282.41,1057.45,3684.07,10514.2,29361.2,1631.5,1756.15,2401.45,511.631,706.492,471.864,190905,6474.65,10207,64.0567,7.61671,0,0,0.0339156,0,29.1126,108.632,152.208,1004.7,3694.46,5217.94,0.000134382,3.43566e-05,2,2,8,0.8,1,11.3325,10.2282,1.10433,0.0139541,0.136862,1265,0,0,0,0,0.001,0,0,0,0,0,0,0,0,0,0,0,0,0,0,0,0,0,0,0,0,0,0,0,0,0,0,0,0,0,0,0,0,0,0,0,0,22.1093,70.2397,87.003,652.955,804.042,1,-0.835026,-0.550209,-0.000730341,0.999972,0.431708,0.0137716,0.869159,0.93,1013.61,1244.2,1882.78,3052.44,296.446,832.662,1690.66,811.572,4540.27,149.565,219.161,7.06938,5.22891,1.43836,-0.0853728,0,0,0,0,0,0,0,90.0308,0,0.964427,0,0,333.35,1004.36,0,0,1057.45,3684.07,0
1691509942470480581,1851,1309,540,0.707185,21.3063,42.3875,66.2905,81.6468,193.268,0.411939,327.898,593.502,972.283,1238.12,1032.08,3575.76,10896.8,20514,1448.08,1809.68,2388.06,486.608,661.34,430.951,184903,5388.94,8628.2,49.1479,4.9427,0,0,0.0291447,0,25.6985,103.24,139.643,902.112,3287.82,4169.69,0.000102518,2.41885e-05,2,2,8,0.8,1,11.4859,10.4225,1.06342,0.0176665,0.148299,1309,0,0,0,0,0.001,0,0,0,0,0,0,0,0,0,0,0,0,0,0,0,0,0,0,0,0,0,0,0,0,0,0,0,0,0,0,0,0,0,0,0,0,21.3063,66.2905,89.6749,651.72,795.605,1,-0.839195,-0.54373,-0.0104627,0.999923,0.711206,0.0160445,0.869159,0.93,1021.66,1249.34,1890.83,3217.3,298.971,839.809,1661.11,796.04,4455.22,149.023,200.097,5.9493,-2.94782,0.123059,-0.940209,0,0,0,0,0,0,0,81.6468,0,0.977846,0,0,327.898,972.283,0,0,1032.08,3575.76,0
1691509942570226947,1830,1333,495,0.728415,21.5454,42.5008,65.4548,84.114,194.099,-0.291195,310.386,598.533,957.592,1193.38,977.843,3557.82,10507.6,29712.8,1539.34,1742.14,2310.87,470.71,660.255,442.659,182248,6295.67,9910.87,30.5465,5.20732,0,0,0.0345446,0,21.6247,103.455,128.686,935.622,3769.02,4952.46,8.99978e-05,2.47542e-05,2,2,8,0.8,1,11.3611,10.3215,1.03966,0.0229355,0.0930976,1333,0,0,0,0,0.001,0,0,0,0,0,0,0,0,0,0,0,0,0,0,0,0,0,0,0,0,0,0,0,0,0,0,0,0,0,0,0,0,0,0,0,0,21.5454,65.4548,91.9629,650.936,806.101,1,-0.836066,-0.548621,0.00305303,0.999892,0.842828,0.0228888,0.904762,0.95,1026.71,1272.52,1807.76,3188.41,297.95,831.767,1697.51,791.619,4570.08,137.106,211.196,8.65625,-4.39865,0.937751,0.474427,0,0,0,0,0,0,0,84.114,0,0.977494,0,0,310.386,957.592,0,0,977.843,3557.82,0
1691509942671072866,1881,1336,539,0.71026,21.1679,42.868,68.1267,88.0425,175.188,-1.93496,324.387,624.068,970.364,1272.51,1019.9,3760.38,9709.57,26817.5,1686.3,1908.26,2472.37,461.573,705.472,454.814,179997,6998.79,10921.7,49.3632,7.74321,0,0,0.0388827,0,31.0376,107.106,161.343,1114.87,3634.15,5873.21,0.000103593,3.75731e-05,2,2,8,0.8,1,11.2591,10.1683,1.0908,0.020741,0.147828,1336,0,0,0,0,0.001,0,0,0,0,0,0,0,0,0,0,0,0,0,0,0,0,0,0,0,0,0,0,0,0,0,0,0,0,0,0,0,0,0,0,0,0,21.1679,68.1267,89.3073,642.67,789.022,1,-0.838473,-0.544824,-0.0113949,0.999886,0.866971,0.025027,0.886792,0.94,1032.09,1264.39,1805.76,3033.84,297.889,828.932,1684.23,778.731,4577.92,146.347,226.72,6.29757,-6.06561,0.748186,0.612497,0,0,0,0,0,0,0,88.0425,0,0.970808,0,0,324.387,970.364,0,0,1019.9,3760.38,0
1691509942770841390,1831,1299,526,0.709448,21.4431,42.8907,70.7532,90.159,151.515,0,327.02,602.97,1006.24,1238.2,1025.03,3459.11,10879.4,31401.5,1596.36,1836.1,2147.22,473.509,691.377,494.108,187468,6063.88,9503.15,6.44604,3.59204,0,0,0.0323462,0,31.3335,110.936,151.092,912.427,3288.8,5008.57,0.00273048,0.000386844,4,3,11,0.785714,1,11.9193,10.839,1.08033,0.0320163,0.0740216,1299,0,0,0,0,0.001,0,0,0,0,0,0,0,0,0,0,0,0,0,0,0,0,0,0,0,0,0,0,0,0,0,0,0,0,0,0,0,0,0,0,0,0,21.4431,70.7532,87.8138,651.537,815.65,1,-0.83563,-0.548882,-0.0212148,0.99994,0.630223,0.0257065,0.851852,0.92,1024.74,1261.7,1791.02,3022.98,302.392,831.156,1655.63,850.423,4789.89,143.509,204.001,4.29179,1.8522,0.594499,-1.02094,0,0,0,0,0,0,0,90.159,0,0.975366,0,0,327.02,1006.24,0,0,1025.03,3459.11,0
1691509942871347276,1826,1292,530,0.707558,21.4263,45.8228,71.9178,92.7135,250.701,-0.695427,320.866,641.123,1001.28,1190.18,1032.13,3736.29,12163.7,25964.9,1681.79,2118.5,2249.37,492.836,654.722,574.814,182743,6678.54,10161.6,5.80522,3.11772,0,0,0.0365461,0,58.7682,113.598,159.014,828.151,3205.51,5796.56,0.000541417,7.08476e-05,3,3,8,0.727273,1,11.5603,10.3153,1.24496,0.0197366,0.0423191,1292,0,0,0,0,0.001,0,0,0,0,0,0,0,0,0,0,0,0,0,0,0,0,0,0,0,0,0,0,0,0,0,0,0,0,0,0,0,0,0,0,0,0,21.4263,71.9178,89.3809,650.955,815.664,1,-0.836011,-0.548711,0.00139113,0.999744,1.29547,0.046496,0.785714,0.88,1015.35,1228.18,1797.31,3093.92,308.015,823.195,1683.95,852.278,4777.16,151.75,171.664,2.84492,-0.635239,0.841862,0.612363,0,0,0,0,0,0,0,92.7135,0,0.9613,0,0,320.866,1001.28,0,0,1032.13,3736.29,0
1691509942971323567,1845,1307,536,0.708401,23.785,46.7589,72.2315,87.3377,196.798,-0.347975,338.25,640.937,996.896,1245.51,1042.9,3898.17,8863.17,27423.4,1577.93,1918.32,2344.14,527.141,689.854,482.773,187425,5412.31,8710.99,4.96482,3.11576,0,0,0.0288772,0,50.3107,108.803,136.561,951.7,3231,4232.62,0.00099186,0.000176066,6,5,13,0.722222,1,11.836,10.6632,1.17282,0.0104445,0.136465,1307,0,0,0,0,0.001,0,0,0,0,0,0,0,0,0,0,0,0,0,0,0,0,0,0,0,0,0,0,0,0,0,0,0,0,0,0,0,0,0,0,0,0,23.785,72.2315,92.8003,661.118,826.081,1,-0.837435,-0.546206,0.0190292,0.99984,1.02399,0.0332558,0.869159,0.93,1027.89,1247.22,1832.56,2980.13,308.088,825.74,1665.74,834.806,4626.86,147.223,207.73,3.95513,0.444776,0.0384983,-0.0192096,0,0,0,0,0,0,0,87.3377,0,0.970926,0,0,338.25,996.896,0,0,1042.9,3898.17,0
1691509943070937653,1884,1346,535,0.714437,24.235,45.8443,71.198,89.9583,192.363,-0.572372,330.1,646.461,1027.28,1271.6,1026.99,3978.6,9312.04,22303.9,1760.36,2026.57,2358.1,505.008,679.768,516.721,183935,5893.66,9370.83,16.439,9.2789,0,0,0.032042,0,53.0836,107.826,158.87,912.99,3457.48,4680.58,0.000603461,0.000323928,3,3,8,0.727273,1,11.7314,10.4962,1.23522,0.0235661,0.0873453,1346,0,0,0,0,0.001,0,0,0,0,0,0,0,0,0,0,0,0,0,0,0,0,0,0,0,0,0,0,0,0,0,0,0,0,0,0,0,0,0,0,0,0,24.235,71.198,86.3134,674.652,816.034,1,-0.838376,-0.545,-0.01006,0.999576,1.66905,0.0537598,0.834862,0.91,1033.79,1259.62,1794.82,2948.21,302.871,814.353,1700.36,850.168,4790.91,150.201,209.587,5.47013,1.68071,0.580859,0.559644,0,0,0,0,0,0,0,89.9583,0,0.961367,0,0,330.1,1027.28,0,0,1026.99,3978.6,0
1691509943170531190,1880,1322,555,0.703191,21.5102,42.3869,67.7417,87.5663,205.179,-0.0260628,333.579,638.726,984.277,1241.76,1063.62,3837.21,11261.7,29367.5,1742.38,1925.18,2373.75,514.591,667.267,516.434,181717,6748.87,10392.5,49.0185,7.69232,0,0,0.0371395,0,58.5917,114.149,148.485,836.941,3575.02,5659.29,0.000479244,0.000193227,2,2,8,0.8,1,11.6928,10.5642,1.12856,0.0156796,0.0776357,1322,0,0,0,0,0.001,0,0,0,0,0,0,0,0,0,0,0,0,0,0,0,0,0,0,0,0,0,0,0,0,0,0,0,0,0,0,0,0,0,0,0,0,21.5102,67.7417,87.9689,664.587,804.444,1,-0.837279,-0.546217,-0.0247124,0.999891,0.84476,0.0351015,0.851852,0.92,1050.62,1277.73,1807.45,2932.2,307.999,817.822,1708.18,828.584,4728.2,154.155,198.114,5.13532,-5.43169,0.422682,0.793132,0,0,0,0,0,0,0,87.5663,0,0.967474,0,0,333.579,984.277,0,0,1063.62,3837.21,0
1691509943270099212,1849,1282,565,0.693348,21.1194,42.6218,66.8682,84.1867,151.446,1.34942,348.112,654.412,1019.73,1275.73,1072.36,3883.33,10157.7,28438.9,1769.67,1852.23,2477.41,517.526,680.448,458.895,183994,5906.52,9384.33,30.1213,7.13848,0,0,0.0321018,0,46.8144,127.474,181.855,911.967,3327.58,4788.64,0.000162305,3.14384e-05,2,2,8,0.8,1,11.5318,10.5402,0.991565,0.0223489,0.05109,1282,0,0,0,0,0.001,0,0,0,0,0,0,0,0,0,0,0,0,0,0,0,0,0,0,0,0,0,0,0,0,0,0,0,0,0,0,0,0,0,0.00312012,6.40441,14.2627,21.2541,66.9963,88.7111,673.302,823.987,1,-0.835588,-0.5493,-0.00795836,0.999853,0.980861,0.0391491,0.834862,0.91,1042.92,1246.62,1837.04,2900.05,299.979,814.738,1669.82,845.936,4711.32,167.922,208.338,9.47,1.5427,1.26879,1.54705,0,0,0,0,0,0.00216333,15.8348,84.2896,1,0.967136,106.492,167.917,349.51,1020.61,177.262,232.836,1080.41,3894.46,1.3711e-05
1691509943369438922,1837,1267,568,0.689711,21.8223,43.8048,71.1476,91.3287,206.213,0.551232,337.47,613.301,961.718,1205.79,1041.51,3703.57,10840.7,30083,1661.44,1830.36,2317.13,523.615,634.342,475.285,186500,6530.46,9995.38,6.86255,8.35118,0,0,0.0350158,0,58.9046,108.768,139.121,758.645,3424.6,5505.34,0.0017081,0.000375011,6,5,9,0.642857,1,11.9834,10.8519,1.13149,0.0617624,0.144563,1267,0,0,0,0,0.001,0,0,0,0,0,0,0,0,0,0,0,0,0,0,0,0,0,0,0,0,0,0,0,0,0,0,0,0,0,0,0,0,0,0.00868193,10.3428,21.3571,21.9654,71.3744,89.3331,664.515,827.152,1,-0.834451,-0.551021,0.00817339,0.999868,0.931816,0.0281982,0.818182,0.9,1043.95,1267.3,1821.22,3017.75,302.807,815.586,1664.27,813.787,4697.34,135.765,188.928,2.45151,-0.843438,-0.486361,1.43715,0,0,0,0,0,0.00598802,39.0542,91.4548,1,0.960191,90.9949,345.308,338.73,966.804,146.392,479.908,1058.07,3721,8.71848e-05
1691509943469447399,1920,1357,561,0.706771,21.0976,42.4424,64.4442,88.1693,171.775,0.989701,317.794,582.257,922.554,1158.18,985.946,3446.61,8357.57,31876.7,1534.27,1534.12,2204.66,490.09,637.506,390.958,174031,6476.89,9600.65,4.44165,4.87057,0,0,0.0372169,0,35.163,103.579,111.04,768.992,2789.23,5792.64,0.00520528,0.000980101,4,4,8,0.666667,1,11.7878,10.6817,1.10604,0.0244403,0.0884796,1357,0,0,0,0,0.001,0,0,0,0,0,0,0,0,0,0,0,0,0,0,0,0,0,0,0,0,0,0,0,0,0,0,0,0,0,0,0,0,0,0.0132646,8.51591,21.822,21.2746,64.5146,90.7258,660.191,844.083,1,-0.833453,-0.552542,0.00725306,0.999998,0.116822,0.00468136,0.886792,0.94,1061.99,1282.79,1814.53,3133.34,296.888,816.075,1671.43,841.227,4574.08,127.606,185.143,1.56997,-0.600079,-0.430001,0.363527,0,0,0,0,0,0.009375,24.6541,88.457,1,0.964899,109.389,236.545,321.482,925.05,167.723,348.11,1000.83,3475.92,9.53107e-05
1691509943570247104,1870,1285,581,0.687166,21.4079,40.7634,67.0695,86.2323,171.753,1.3627,329.816,597.416,940.056,1172.62,1011.66,3520.88,8973.53,32244.7,1727.75,1554.25,2270.32,483.799,665.756,398.439,174828,6558.16,9770,12.8926,9.24697,0,0,0.0375121,0,33.0394,98.8618,132.266,789.042,2880.68,5836.11,0.00074632,0.000403511,4,3,9,0.75,1,10.8378,9.78935,1.04849,0.027811,0.238556,1285,0,0,0,0,0.001,0,0,0,0,0,0,0,0,0,0,0,0,0,0,0,0,0,0,0,0,0,0,0,0,0,0,0,0,0,0,0,0,0,0,0,0,21.4079,67.0695,86.568,651.694,849.738,1,-0.832095,-0.554621,0.00378818,0.999991,0.244244,0.00695725,0.869159,0.93,1062.74,1289.91,1802.58,3228.98,298.524,829.789,1670.29,798.284,4616.08,123.4,190.195,0.752473,-0.350028,-0.162887,-0.0268648,0,0,0,0,0,0,0,86.2323,0,0.96965,0,0,329.816,940.056,0,0,1011.66,3520.88,0
1691509943670530176,1829,1274,553,0.696555,21.7306,44.6518,69.1288,88.1235,213.483,1.96549,325.648,608.839,966.121,1195.98,1084.87,3829.9,8679.85,29316.2,1810.63,1688.92,2445.89,530.937,638.249,425.617,173232,5359.52,8476.28,3.35905,3.30352,0,0,0.0309385,0,28.9862,95.8579,131.12,786.35,3244.21,4189.75,0.0312147,0.00121999,7,6,14,0.7,1,12.1305,11.0104,1.12006,0.012377,0.19819,1274,0,0,0,0,0.001,0,0,0,0,0,0,0,0,0,0,0,0,0,0,0,0,0,0,0,0,0,0,0,0,0,0,0,0,0,0,0,0,0,0,0,0,21.7306,69.1288,85.8879,665.401,820.711,1,-0.827178,-0.561726,-0.0154967,0.999777,1.2108,0.0391433,0.818182,0.9,1051.02,1286.81,1789.83,3406.6,296.897,823.112,1646.94,825.511,4675.54,132.498,197.856,-0.91957,0.0285236,1.07379,-0.000781907,0,0,0,0,0,0,0,88.1235,0,0.969388,0,0,325.648,966.121,0,0,1084.87,3829.9,0
1691509943770616571,1819,1224,591,0.672897,23.0849,43.7092,66.6092,86.5696,239.768,3.39383,344.819,647.172,1053.11,1268.78,1135.79,3803.11,7384.71,15002,1739.33,1683.83,2631.14,552.859,707.329,401.171,168236,4304.33,6971.25,4.73531,8.98294,0,0,0.0255851,0,23.3012,106.357,111.784,755.52,2779.67,3194.61,0.00134827,0.000380531,4,3,9,0.75,1,11.8356,10.7889,1.04667,0.0294521,0.0604277,1224,0,0,0,0,0.001,0,0,0,0,0,0,0,0,0,0,0,0,0,0,0,0,0,0,0,0,0,0,0,0,0,0,0,0,0,0,0,0,0,0,0,0,23.0849,66.6092,89.4826,666.794,839.724,1,-0.832148,-0.554545,-0.00300412,0.999884,0.873331,0.022323,0.834862,0.91,1065.34,1311.95,1783.62,3569.33,307.544,845.786,1681.47,851.958,4538.05,156.769,197.074,1.26979,1.25279,1.48824,-0.218887,0,0,0,0,0,0,0,86.5696,0,0.968954,0,0,344.819,1053.11,0,0,1135.79,3803.11,0
1691509943870598524,1892,1269,622,0.670719,24.1434,46.5212,68.3499,90.3367,221.311,4.61326,324.272,634.171,985.426,1228.39,1065.97,3747.66,9135.4,31819,1711.12,1790.81,2459.86,538.098,643.893,449.265,165428,6553.26,9905.4,10.8162,6.56174,0,0,0.039614,0,42.6995,102.555,128.824,757.647,3217.99,5655.69,0.000764191,0.000143303,8,8,13,0.619048,1,12.1751,10.9897,1.18534,0.0204665,0.134995,1269,0,0,0,0,0.001,0,0,0,0,0,0,0,0,0,0,0,0,0,0,0,0,0,0,0,0,0,0,0,0,0,0,0,0,0,0,0,0,0,0,0,0,24.1434,68.3499,90.5781,651.481,822.941,1,-0.831472,-0.555563,-0.00176069,0.999998,0.099892,0.00184097,0.869159,0.93,1064.71,1323.22,1861.81,3769,306.664,830.69,1739.28,830.636,4457.04,150.35,187.382,8.55339,1.85743,1.01978,-0.250029,0,0,0,0,0,0,0,90.3367,0,0.963751,0,0,324.272,985.426,0,0,1065.97,3747.66,0
1691509943971035167,1848,1295,550,0.700758,24.1543,43.5834,68.6055,83.4169,220.77,4.05576,322.847,588.355,1010.79,1213.2,1044.17,3719.05,7523.22,30035.7,1813.17,1612.31,2411.72,537.186,636.893,407.796,164136,5102.68,7976.07,10.8611,7.853,0,0,0.0310881,0,25.9334,96.8017,110.043,829.657,2611.93,4301.71,0.00069126,0.000178597,3,3,8,0.727273,1,11.9607,10.8923,1.06839,0.036121,0.162401,1295,0,0,0,0,0.001,0,0,0,0,0,0,0,0,0,0,0,0,0,0,0,0,0,0,0,0,0,0,0,0,0,0,0,0,0,0,0,0,0,0,0,0,24.1543,68.6055,86.7408,660.549,826.71,1,-0.834833,-0.55044,0.0083796,0.99993,0.678826,0.0201304,0.818182,0.9,1072.39,1323.28,2013.2,3810.12,303.106,835.564,1770.77,821.452,4453.04,155.607,181.129,4.34521,-0.934217,-0.226226,0.105552,0,0,0,0,0,0,0,83.4169,0,0.97529,0,0,322.847,1010.79,0,0,1044.17,3719.05,0
1691509944071217888,1798,1235,560,0.686874,24.3795,47.8189,74.4486,93.0499,188.511,3.12706,337.252,597.534,951.773,1138.28,1096.83,3668.43,9007.13,18885.1,1644.14,1587.09,2353.06,527.744,617.962,413.861,162091,4770.87,7486.94,5.45532,9.36275,0,0,0.0294333,0,26.2943,83.3939,131.447,684.801,2670.64,3890.37,0.00138951,0.000441985,4,4,8,0.666667,1,12.5922,11.4101,1.18208,0.0327469,0.151825,1235,0,0,0,0,0.001,0,0,0,0,0,0,0,0,0,0,0,0,0,0,0,0,0,0,0,0,0,0,0,0,0,0,0,0,0,0,0,0,0,0,0,0,24.3795,74.4486,87.9001,649.297,830.803,1,-0.830258,-0.557279,-0.0105163,0.999788,1.18087,0.0425269,0.869159,0.93,1091.52,1330.91,2016.73,3902.17,300.848,831.56,1751.91,865.147,4536.65,122.357,172.737,1.65746,1.30695,1.31145,-0.318313,0,0,0,0,0,0,0,93.0499,0,0.963563,0,0,337.252,951.773,0,0,1096.83,3668.43,0
1691509944171373034,1714,1190,522,0.694282,26.041,48.8835,75.2698,97.6457,225.123,2.57117,356.186,632.535,1028.84,1262.67,1146.38,3726.44,9309.12,28859.9,1782.16,1567.22,2501.68,573.445,672.965,408.68,164745,5716.33,8763.38,17.1068,6.29186,0,0,0.0346981,0,34.2414,103.171,114.333,651.014,3113.91,4746.71,0.00120295,0.000125719,3,2,11,0.846154,1,12.804,11.5204,1.28354,0.0197726,0.0571026,1190,0,0,0,0,0.001,0,0,0,0,0,0,0,0,0,0,0,0,0,0,0,0,0,0,0,0,0,0,0,0,0,0,0,0,0,0,0,0,0,0,0,0,26.041,75.2698,88.7943,649.558,845.647,1,-0.827395,-0.561614,-0.00273038,0.999956,0.536283,0.0193469,0.834862,0.91,1134.5,1405.84,2058.24,3969.29,298.285,853.899,1874.92,811.417,4540.95,166.133,175.956,7.00154,-3.22057,2.54192,0.329534,0,0,0,0,0,0,0,97.6457,0,0.956303,0,0,356.186,1028.84,0,0,1146.38,3726.44,0
1691509944271192324,1843,1246,591,0.676072,26.3161,48.0691,75.2803,92.4606,221.394,3.0363,352.625,638.212,1048.64,1336.3,1109.44,3778.32,8624.75,30726,1828.73,1779.29,2523.33,576.484,690.926,425.754,164187,5658.06,8730.48,14.3736,10.4836,0,0,0.034461,0,44.7502,103.254,137.016,764.142,2866.75,4814.57,0.000178355,6.47209e-05,4,4,12,0.75,1,12.3019,11.0222,1.27975,0.0230931,0.135474,1246,0,0,0,0,0.001,0,0,0,0,0,0,0,0,0,0,0,0,0,0,0,0,0,0,0,0,0,0,0,0,0,0,0,0,0,0,0,0,0,0,0,0,26.3161,75.2803,89.7217,664.771,842.507,1,0.830524,0.556637,-0.019647,0.999732,1.32567,0.0393953,0.834862,0.91,1128.11,1400.71,2059.67,4120.13,298.473,848.015,1856.01,808.715,4569.33,212.161,201.409,-11.7439,-0.356835,-1.01147,0.743276,0,0,0,0,0,0,0,92.4606,0,0.960674,0,0,352.625,1048.64,0,0,1109.44,3778.32,0
1691509944371310352,1866,1315,549,0.704716,28.5591,49.6999,74.8194,90.179,239.58,8.43304,364.397,637.373,978.583,1246.38,1169.95,3607.37,7549.69,27891.1,1607.9,1728.6,2402.63,581.371,654.518,374.441,167267,4917.55,7771.92,3.63043,1.53883,0,0,0.0293994,0,32.6918,85.247,117.995,797.691,2728.27,4010.02,0.00149075,0.000120581,6,5,12,0.705882,1,12.7193,11.3814,1.33791,0.0479513,0.213195,1315,0,0,0,0,0.001,0,0,0,0,0,0,0,0,0,0,0,0,0,0,0,0,0,0,0,0,0,0,0,0,0,0,0,0,0,0,0,0,0,0,0,0,28.5591,74.8194,86.4624,644.794,850.743,1,0.828655,0.559529,-0.0160358,0.999988,0.285894,0.00701068,0.834862,0.91,1156.97,1405.81,1991.88,3994.77,304.18,874.624,1855.28,808.741,4705.22,191.066,205.187,-2.98082,-1.42811,-0.809287,0.0374769,0,0,0,0,0,0,0,90.179,0,0.974144,0,0,364.397,978.583,0,0,1169.95,3607.37,0
1691509944472421234,1896,1338,553,0.705696,25.1493,46.8483,69.3765,85.6913,181.305,8.21053,367.326,646.578,975.058,1223.65,1135.15,3761.67,7890.72,27180.9,1942.24,1524.73,2379.78,547.846,677.847,405.667,154148,4785.65,7660.84,2.25679,2.26288,0,0,0.0310457,0,33.6461,89.7824,162.254,744.374,2909.66,3721.11,0.00910707,0.000873451,8,7,12,0.631579,1,12.7186,11.5433,1.17529,0.0497601,0.275203,1338,0,0,0,0,0.001,0,0,0,0,0,0,0,0,0,0,0,0,0,0,0,0,0,0,0,0,0,0,0,0,0,0,0,0,0,0,0,0,0,0,0,0,25.1493,69.3765,88.5963,635.118,840.285,1,-0.825693,-0.564072,-0.00733784,0.999712,1.37482,0.0503585,0.869159,0.93,1148,1414.82,1952.21,3859.3,299.472,857.529,1811.95,822.22,4609.6,190.968,207.138,0.363517,-0.254842,0.0919719,0.368451,0,0,0,0,0,0,0,85.6913,0,0.971599,0,0,367.326,975.058,0,0,1135.15,3761.67,0
1691509944573393575,1915,1338,570,0.698695,26.6187,49.1017,73.1316,91.0216,211.117,7.57689,354.624,622.252,973.955,1187.71,1120.22,3593.89,8132.39,32862.7,1738.23,1508.76,2305.61,587.915,615.836,409.265,152627,5647.94,8542.16,4.35781,4.43344,0,0,0.0370048,0,47.1422,88.9508,131.536,749.812,2537.84,4986.87,0.0119393,0.00109196,7,6,15,0.714286,1,13.137,11.8206,1.31639,0.0241107,0.149011,1338,0,0,0,0,0.001,0,0,0,0,0,0,0,0,0,0,0,0,0,0,0,0,0,0,0,0,0,0,0,0,0,0,0,0,0,0,0,0,0,0,0,0,26.6187,73.1316,86.1799,637.314,844.506,1,-0.828809,-0.559462,-0.00882565,0.999983,0.329999,0.00409668,0.834862,0.91,1164.47,1424.39,2009.76,3692.29,295.255,855.063,1817.87,786.016,4489.64,174.408,190.606,0.812382,-0.993051,0.831741,0.769069,0,0,0,0,0,0,0,91.0216,0,0.967115,0,0,354.624,973.955,0,0,1120.22,3593.89,0
1691509944672877272,1944,1372,568,0.705761,27.8737,49.1266,72.5041,88.2369,205.429,8.36693,359.986,631.839,943.461,1217.07,1134.16,3552.93,7914.5,31843.3,1857.22,1446.58,2253.88,603.042,625.028,429.504,152740,5801.48,8881.94,2.83531,7.55679,0,0,0.0379827,0,42.38,80.8881,146.244,862.045,2681.42,5068.96,0.000482705,0.000215912,4,3,9,0.75,1,13.1162,11.7844,1.33185,0.0303687,0.218493,1372,0,0,0,0,0.001,0,0,0,0,0,0,0,0,0,0,0,0,0,0,0,0,0,0,0,0,0,0,0,0,0,0,0,0,0,0,0,0,0,0,0,0,27.8737,72.5041,85.831,648.32,831.849,1,-0.828508,-0.559966,-0.0035502,0.999986,0.304127,0.0113312,0.851852,0.92,1170.1,1410.22,2007.94,4052.47,297.797,863.105,1867.88,846.876,4707.21,207.705,209.104,1.59591,0.0555849,0.831435,-0.250184,0,0,0,0,0,0,0,88.2369,0,0.968659,0,0,359.986,943.461,0,0,1134.16,3552.93,0
1691509944772556844,2018,1463,545,0.724975,24.159,44.6411,68.8706,85.9318,239.125,5.37756,362.176,636.459,974.969,1277.53,1128.65,3495.93,7287.11,32247,1799.48,1338.71,2271.16,563.811,667.012,402.42,147553,5216.39,8222.8,7.00945,5.75815,0,0,0.0353528,0,46.2342,86.2421,147.67,884.799,2665.84,4392.02,0.00641648,0.000707826,6,6,10,0.625,1,13.4235,12.1052,1.31833,0.0364829,0.0979503,1463,0,0,0,0,0.001,0,0,0,0,0,0,0,0,0,0,0,0,0,0,0,0,0,0,0,0,0,0,0,0,0,0,0,0,0,0,0,0,0,0,0,0,24.159,68.8706,85.6494,626.885,823.466,1,0.823891,0.566743,-0.00226102,0.999949,0.575859,0.0089049,0.886792,0.94,1154.85,1370.5,1928.46,3905.09,303.747,871.992,1871.05,802.347,4648.75,216.823,228.434,-3.50677,-1.01033,1.55585,0.527874,0,0,0,0,0,0,0,85.9318,0,0.968558,0,0,362.176,974.969,0,0,1128.65,3495.93,0
1691509944872266405,1973,1440,526,0.729853,23.9342,44.133,67.136,85.2418,193.667,5.83025,332.329,617.984,967.857,1212.8,1073.62,3389.44,7134.4,13690.9,1878.77,1155.58,2203.75,553.408,648.482,365.702,143979,3932.74,6412.28,7.88286,2.68179,0,0,0.0273146,0,34.6499,77.5349,131.064,774.639,2314.95,3079.44,0.000484305,5.13257e-05,3,3,8,0.727273,1,12.9496,11.709,1.24065,0.036404,0.0979176,1440,0,0,0,0,0.001,0,0,0,0,0,0,0,0,0,0,0,0,0,0,0,0,0,0,0,0,0,0,0,0,0,0,0,0,0,0,0,0,0,0,0,0,23.9342,67.136,89.3557,627.083,813.561,1,0.820887,0.570967,-0.0118521,0.999941,0.624635,0.0172248,0.886792,0.94,1137,1388.37,2073.28,4044.94,300.55,865.368,1892.56,807.851,4666.53,198.144,211.046,-4.46408,-1.85478,-1.2162,-0.125642,0,0,0,0,0,0,0,85.2418,0,0.971528,0,0,332.329,967.857,0,0,1073.62,3389.44,0
1691509944972020666,1875,1328,540,0.708267,24.4048,44.0883,68.2076,78.9187,247.37,6.91335,360.643,644.199,934.505,1144.48,1128.16,3512.65,7398.22,35964.5,1866.92,1193.99,2497.44,594.371,618.265,391.761,140487,4703.07,7562.98,8.08976,8.30591,0,0,0.033477,0,26.359,73.5823,134.135,781.251,3118.12,3429.53,0.00185022,0.000570724,3,3,8,0.727273,1,13.0149,11.8712,1.14369,0.0358462,0.108599,1328,0,0,0,0,0.001,0,0,0,0,0,0,0,0,0,0,0,0,0,0,0,0,0,0,0,0,0,0,0,0,0,0,0,0,0,0,0,0,0,0,0,0,24.4048,68.2076,89.8238,631.223,818.953,1,0.825197,0.56478,-0.00851129,0.999966,0.472511,0.00550887,0.886792,0.94,1158.74,1384.79,2015.52,3950.72,303.463,874.5,1865.24,749.884,4527.13,235.452,236.873,-5.6701,-1.94446,0.16841,1.27347,0,0,0,0,0,0,0,78.9187,0,0.974398,0,0,360.643,934.505,0,0,1128.16,3512.65,0
1691509945071288786,1920,1319,595,0.686979,22.4088,44.5042,70.4734,88.6018,224.301,5.47323,351.365,627.524,987.701,1222.23,1150.69,3607.06,6409.09,28452.4,1960.43,1200,2355.29,630.881,626.323,394.903,140097,4567.15,7054.91,41.3342,4.25611,0,0,0.0325998,0,41.7598,71.8726,123.35,686.255,2180.64,3951.03,0.000273463,7.76315e-05,2,2,8,0.8,1,12.9586,11.7919,1.16665,0.0229798,0.0813026,1319,0,0,0,0,0.001,0,0,0,0,0,0,0,0,0,0,0,0,0,0,0,0,0,0,0,0,0,0,0,0,0,0,0,0,0,0,0,0,0,0,0,0,22.4088,70.4734,86.7908,627.493,780.716,1,-0.822406,-0.568693,-0.0153738,0.999703,1.39598,0.0483483,0.886792,0.94,1140.04,1382.42,2069.44,3952.65,306.291,886.901,1826.36,792.922,4536,181.591,198.807,11.5191,-2.61527,0.243854,-0.177331,0,0,0,0,0,0,0,88.6018,0,0.9674,0,0,351.365,987.701,0,0,1150.69,3607.06,0
1691509945170276282,1882,1340,540,0.712009,22.9665,44.4623,70.3568,88.9793,213.602,4.4638,329.692,629.82,967.784,1228.94,1078.91,3526.02,7306.6,16381.3,1713.65,1123.49,2441.09,652.347,597.419,332.815,134486,4059.82,6404.69,21.3129,4.25876,0,0,0.0301877,0,25.5742,59.7036,108.536,792.718,1947.65,3470.5,0.000692137,6.72238e-05,4,4,8,0.666667,1,13.4175,12.1963,1.22124,0.0574033,0.174339,1340,0,0,0,0,0.001,0,0,0,0,0,0,0,0,0,0,0,0,0,0,0,0,0,0,0,0,0,0,0,0,0,0,0,0,0,0,0,0,0,0,0,0,22.9665,70.3568,85.4784,616.989,770.532,1,0.822636,0.568566,-0.00163881,0.999855,0.974877,0.0338958,0.886792,0.94,1149.46,1375.96,1931.45,3859.97,299.389,875.821,1752.64,810.338,4443.74,169.848,217.676,-6.90177,-2.27893,0.119913,2.13722,0,0,0,0,0,0,0,88.9793,0,0.966418,0,0,329.692,967.784,0,0,1078.91,3526.02,0
1691509945269269577,1953,1429,519,0.731695,22.1307,44.1612,68.7219,85.8698,240.298,6.89604,324.083,579.328,929.514,1189.67,1037.99,3477.42,7136.63,16006.6,1597.34,1076.61,2417.02,642.795,574.614,309.262,132742,4277.08,6680.6,5.64326,5.1093,0,0,0.032221,0,34.9407,64.4526,92.6036,829.095,1941.76,3717.75,0.00466534,0.000618687,8,8,14,0.636364,1,13.5239,12.2453,1.27862,0.041031,0.242244,1429,0,0,0,0,0.001,0,0,0,0,0,0,0,0,0,0,0,0,0,0,0,0,0,0,0,0,0,0,0,0,0,0,0,0,0,0,0,0,0,0,0,0,22.1307,68.7219,86.3466,613.915,774.738,1,0.820928,0.571026,0.00244708,0.999987,0.290224,0.0110066,0.869159,0.93,1110.34,1372.99,1944.34,3694.55,295.568,862.818,1783.92,784.617,4332.51,187.56,230.442,-2.54134,-0.800766,-1.5638,0.464906,0,0,0,0,0,0,0,85.8698,0,0.96641,0,0,324.083,929.514,0,0,1037.99,3477.42,0
1691509945368933726,1873,1392,475,0.743193,22.7322,43.8762,66.9321,77.8975,193.794,5.44648,335.51,601.141,961.666,1230.71,1101.3,3573.08,7090.9,24329.9,1800.67,1086.33,2348.46,609.322,619.656,308.618,137187,4945.53,7499.58,8.68807,8.00239,0,0,0.0360496,0,32.8642,56.2632,141.878,786.19,2056.88,4425.5,0.0142641,0.0022571,7,7,13,0.65,1,12.0867,11.0102,1.07656,0.0480216,0.207968,1392,0,0,0,0,0.001,0,0,0,0,0,0,0,0,0,0,0,0,0,0,0,0,0,0,0,0,0,0,0,0,0,0,0,0,0,0,0,0,0,0.00215517,9.38479,15.3126,22.8161,66.9878,87.8223,618.64,780.538,1,-0.820832,-0.571116,-0.00781633,0.999986,0.307728,0.0099584,0.869159,0.93,1115.75,1398.71,1944.03,3658.44,299.839,862.516,1867.45,792.714,4562.21,191.519,216.34,3.34419,0.422909,-1.14332,0.270506,0,0,0,0,0,0.00160171,16.0535,77.9041,1,0.982721,254.386,548.939,335.802,962.034,367.166,871.819,1102.81,3579.81,0.000164807
1691509945470178423,1942,1441,497,0.742019,21.0769,42.955,72.7968,96.0136,205.157,3.45042,323.591,570.369,874.951,1187.42,1075.85,3368.19,6785.17,12194,1695.71,1048.35,2354.44,620.495,559.244,305.377,130238,4171.57,6486.96,10.3207,12.3882,0,0,0.0320304,0,32.5214,63.5199,90.1194,808.134,1837.76,3654.91,0.000972054,0.000292225,5,5,8,0.615385,1,11.9271,10.565,1.36208,0.0397024,0.284236,1441,0,0,0,0,0.001,0,0,0,0,0,0,0,0,0,0,0,0,0,0,0,0,0,0,0,0,0,0,0,0,0,0,0,0,0,0,0,0,0,0.0055517,15.5689,39.0114,21.1485,72.823,84.7609,600.721,776.518,1,0.817174,0.576317,0.00920127,0.999979,0.372875,0.00439268,0.869159,0.93,1114.99,1354.51,1944.2,3608.41,293.451,860.207,1762.08,745.622,4352.63,181.793,209.729,-1.0418,-0.723749,0.930711,0.795803,0,0,0,0,0,0.00411946,45.8682,96.0284,1,0.956734,301.694,683.709,325.303,873.852,471.178,988.819,1086.6,3369.56,0.00050961
1691509945571359689,1952,1437,509,0.736168,24.0509,47.3618,75.7835,96.6348,254.94,5.90579,329.734,579.816,904.801,1171.73,1127.32,3308.41,7218.16,18571.7,1732.59,1017.34,2314.47,584.473,570.796,293.697,132674,4491.69,6985.15,10.5509,10.1387,0,0,0.0338552,0,31.7062,65.0053,127.997,730.969,2165.6,3863.87,0.00335284,0.00101407,4,3,9,0.75,1,10.735,9.21997,1.51504,0.0438143,0.0925887,1437,0,0,0,0,0.001,0,0,0,0,0,0,0,0,0,0,0,0,0,0,0,0,0,0,0,0,0,0,0,0,0,0,0,0,0,0,0,0,0,0.00835073,17.5576,28.6305,24.0768,76.1042,90.4078,612.774,769.818,1,0.823404,0.567449,-0.00268535,0.999871,0.921659,0.0248424,0.754386,0.86,1136.13,1382.51,2005.7,3532.34,289.694,857.714,1829.22,701.198,4500.02,197.991,200.892,-2.89287,-0.168207,-0.728779,-0.597585,0,0,0,0,0,0.00614754,30.7854,96.7873,1,0.953684,199.873,420.786,330.87,908.957,264.171,533.534,1136.05,3319.47,0.000228668
1691509945671529708,1961,1511,446,0.770525,23.165,45.7269,72.4636,94.9432,192.062,6.0891,332.153,592.272,954.085,1240.55,1094.84,3488.52,7099.49,13149.3,1658.77,1087.73,2528.02,649.191,550.067,304.675,134387,4535.87,7028.09,8.9913,8.43385,0,0,0.0337523,0,33.671,65.943,137.015,823.164,1968.78,3999.52,0.00249873,0.00113965,3,3,8,0.727273,1,10.6689,9.21769,1.45119,0.033474,0.116637,1511,0,0,0,0,0.001,0,0,0,0,0,0,0,0,0,0,0,0,0,0,0,0,0,0,0,0,0,0,0,0,0,0,0,0,0,0,0,0,0,0.010589,25.0288,61.6246,23.1297,72.741,85.3035,626.479,774.218,1,0.821934,0.569242,-0.0197022,0.999853,0.98402,0.0317527,0.886792,0.94,1140.13,1373.31,1979.99,3523.07,287.431,852.276,1798.67,748.45,4634.3,208.609,235.779,-3.94169,2.15297,-0.205283,0.117091,0,0,0,0,0,0.0081591,65.8469,95.1401,1,0.95786,225.896,547.984,333.1,955.022,317.506,909.869,1101.81,3502.46,0.00105423
1691509945771360825,1885,1469,415,0.77931,22.2092,42.2054,66.8399,81.5334,210.574,7.01794,326.847,567.338,872.977,1147.68,1094.27,3336.8,6616.75,20503.6,1673.98,1108.96,2207.8,582.438,577.006,300.014,131616,4183.92,6454.74,7.95625,8.45423,0,0,0.0317888,0,28.5814,55.2631,130.326,679.777,1896.92,3663.87,0.0247317,0.00323104,5,5,8,0.615385,1,10.9223,9.74308,1.1792,0.0474444,0.228644,1469,0,0,0,0,0.001,0,0,0,0,0,0,0,0,0,0,0,0,0,0,0,0,0,0,0,0,0,0,0,0,0,0,0,0,0,0,0,0,0,0.0122532,21.0119,61.7574,22.2965,66.8152,85.054,614.011,760.935,1,0.823449,0.567321,-0.0088453,0.999938,0.637661,0.0245925,0.886792,0.94,1159.05,1383.82,1962.12,3506.55,292.971,869.577,1857.3,754.887,4664.87,233.203,180.075,0.0698472,0.201619,-0.762468,-0.525276,0,0,0,0,0,0.00954907,68.9917,81.7995,1,0.979325,218.422,351.13,331.235,875.196,301.467,589.348,1123.75,3348.31,0.000382247
1691509945872157548,1948,1516,418,0.778234,24.2121,44.471,68.6327,87.0624,206.903,6.52497,342.823,601.522,958.793,1211.84,1111.87,3603.88,7851.75,17859.5,1758,1253.51,2497.44,634.701,589.191,302.074,131016,5393.11,8340.9,4.76678,4.84139,0,0,0.0411639,0,46.5781,68.316,151.314,823.911,2603.09,4647.69,0.00196218,0.000193419,6,5,12,0.705882,1,10.5935,9.22479,1.36871,0.0451196,0.388065,1516,0,0,0,0,0.001,0,0,0,0,0,0,0,0,0,0,0,0,0,0,0,0,0,0,0,0,0,0,0,0,0,0,0,0,0,0,0,0,0,0.0211082,24.8926,46.7793,24.154,68.7803,85.8239,600.396,778.78,1,0.813494,0.581414,-0.0136326,0.99984,1.02594,0.0103399,0.834862,0.91,1153.58,1351.15,1906.64,3730.79,295.159,865.776,1693.87,735.213,4822.85,244.052,236.363,-2.46207,-1.13024,1.9598,0.906269,0,0,0,0,0,0.0164271,51.7954,87.6767,1,0.969003,307.744,577.339,344.315,959.697,386.001,983.322,1137.03,3690.54,0.00174714
1691509945972440971,1953,1581,368,0.809524,23.3294,42.4191,67.4648,87.1883,250.706,7.71366,358.124,607.841,967.955,1243.81,1156.07,3633.4,7543.98,18725.6,1690.36,1396.68,2583.25,666.103,594.814,303.404,133953,5784.52,8712.11,8.18525,4.297,0,0,0.0431832,0,42.2129,66.99,139.989,888.056,2380.87,5194,0.00207302,0.000449118,4,3,9,0.75,1,10.0035,8.6195,1.38402,0.0360108,0.111744,1581,0,0,0,0,0.001,0,0,0,0,0,0,0,0,0,0,0,0,0,0,0,0,0,0,0,0,0,0,0,0,0,0,0,0,0,0,0,0,0,0.0215054,17.9771,55.543,23.5013,67.4794,84.1855,629.654,775.161,1,0.822419,0.568755,0.0120517,0.99955,1.71854,0.0500392,0.818182,0.9,1144.71,1366.52,1899.42,3656.55,293.115,870.497,1707.24,725.754,4638.63,240.368,252.796,-2.61597,-0.317282,0.425571,0.371747,0,0,0,0,0,0.0174091,78.7087,87.9305,0.970588,0.970911,253.823,830.121,362.194,971.608,352.021,1160.61,1187.25,3652.96,0.0035089
1691509946072157008,1987,1630,352,0.820332,22.4219,42.6296,67.5108,85.7928,223.191,7.3823,361.862,604.131,916.032,1188.25,1172.25,3309.76,7265.66,23446.1,1480.57,1481.17,2337.36,654.966,546.333,310.735,131557,5340.85,8262.96,9.61161,9.60532,0,0,0.0405971,0,49.4707,82.1977,155.471,788.921,2582.71,4604.18,0.270723,0.00512589,6,5,10,0.666667,1,8.84183,7.39758,1.44424,0.0382075,0.0824407,1630,0,0,0,0,0.001,0,0,0,0,0,0,0,0,0,0,0,0,0,0,0,0,0,0,0,0,0,0,0,0,0,0,0,0,0,0,0,0,0,0.0226994,29.5961,76.023,22.3002,67.3606,90.31,612.504,766.186,1,0.822858,0.56821,-0.0064565,0.999828,1.06121,0.0356694,0.869159,0.93,1136.75,1392.57,1773.61,3629.37,298.519,870.3,1671.89,738.414,4703.85,220.927,242.068,-0.572479,0.983292,0.559702,-0.966916,0,0,0,0,0,0.018621,103.253,85.5371,0.945946,0.967985,310.807,1339.62,361.945,912.352,430.027,2146.53,1212.82,3311.21,0.00547095
1691509946171560761,1942,1664,277,0.856849,21.501,40.0387,62.7163,79.0267,236.487,6.70186,349.624,584.12,936.201,1182.99,1190.98,3383.35,7832.36,16566.6,1471.36,1542.35,2438.35,648.318,575.074,275.746,135199,5488.89,8351.71,14.2599,9.7073,0,0,0.0405985,0,31.4273,63.7121,117.01,988.819,2240.29,4910.45,0.00108942,0.000282598,3,3,8,0.727273,1,8.98164,7.66616,1.31547,0.028941,0.0519148,1664,0,0,0,0,0.001,0,0,0,0,0,0,0,0,0,0,0,0,0,0,0,0,0,0,0,0,0,0,0,0,0,0,0,0,0,0,0,0,0,0.00901442,73.2162,207.348,21.4232,61.4435,86.6489,624.052,742.299,1,0.82128,0.570484,-0.00683488,0.999996,0.160098,0.0010827,0.785714,0.88,1096.9,1342.07,1714.41,3642.37,297.217,867.749,1673.72,740.594,4927.77,214.18,289.983,-3.58281,-0.785939,-1.66738,0.74205,0,0,0,0,0,0.007724,217.291,77.6414,0.666667,0.973924,959.944,1857.44,346.395,926.976,1382.27,2959.25,1186.64,3390.29,0.0062446
1691509946270732629,1912,1666,246,0.871339,21.1545,39.4578,62.8302,77.5734,246.411,8.26962,331.078,574.032,898.949,1110.01,1184.74,3371.48,7456.39,20890,1423.15,1546.33,2385.6,624.615,561.849,265.223,133270,5598.58,8478.58,5.67192,5.47471,0,0,0.0420092,0,40.5127,55.6101,134.578,801.524,2507.71,4938.64,0.042382,0.00247203,5,5,8,0.615385,1,9.01901,7.80659,1.21242,0.0288744,0.251016,1666,0,0,0,0,0.001,0,0,0,0,0,0,0,0,0,0,0,0,0,0,0,0,0,0,0,0,0,0,0,0,0,0,0,0,0,0,0,0,0,0.0060024,78.623,232.509,21.0114,62.3912,86.6166,632.227,738.157,1,0.821787,0.569718,0.00933486,0.999869,0.927963,0.0356733,0.769912,0.87,1095.71,1315.4,1671.68,2485.8,297.599,871.849,1619.49,749.657,4797.38,239.339,225.561,2.16073,-0.912004,-2.27231,0.883606,0,0,0,0,0,0.00523013,239.46,76.7896,0.7,0.98128,1345.67,1961.06,330.601,885.05,2080.84,3013.97,1180.66,3371.48,0.00516
1691509946370876088,1966,1678,284,0.85351,21.675,39.4985,64.6432,86.8988,198.33,8.70995,330.281,561.597,877.012,1107.82,1141.09,3383.24,7352.72,17520.5,1252.18,1573.38,2407.97,590.212,574.89,300.125,136831,5264.7,7882.33,19.1184,7.89686,0,0,0.0384758,0,33.0944,65.5434,121.303,843.704,2042.24,4776.45,0.000511541,0.000174678,3,3,8,0.727273,1,8.44319,7.03945,1.40374,0.0183201,0.284293,1678,0,0,0,0,0.001,0,0,0,0,0,0,0,0,0,0,0,0,0,0,0,0,0,0,0,0,0,0,0,0,0,0,0,0,0,0,0,0,0,0.0107271,65.0117,162.201,21.5605,63.8757,83.7646,616.138,731.097,1,0.818584,0.574368,0.00476686,0.999974,0.416144,0.00687038,0.724138,0.84,1059.45,1277.36,1698.38,2577.8,291.823,854.909,1602.36,792.856,4950.9,192.706,239.135,-0.25448,-0.248727,-1.09288,0.588534,0,0,0,0,0,0.0101729,181.966,85.496,0.666667,0.972289,961.741,1922.72,328.671,856.972,1387.74,3050.74,1138,3390.1,0.00732039
1691509946471183708,1824,1493,319,0.818531,23.5403,44.9222,74.021,102.293,195.246,4.37401,310.032,551.521,840.126,1082.15,1113.39,3225.59,6877.06,14232.3,1103.84,1471.68,2409.94,572.375,554.935,251.484,128134,4250.77,6264.75,7.51793,7.56161,0,0,0.0331743,0,25.054,53.5307,97.4474,683.536,1481.77,3923.41,0.0311074,0.00363942,5,5,10,0.666667,1,9.00337,7.49847,1.50489,0.0128988,0.168834,1493,0,0,0,0,0.001,0,0,0,0,0,0,0,0,0,0,0,0,0,0,0,0,0,0,0,0,0,0,0,0,0,0,0,0,0,0,0,0,0,0.0140656,112.081,185.482,23.2656,70.9305,87.2016,610.023,731.775,1,0.817484,0.575894,-0.00810156,0.999915,0.74515,0.0244548,0.652893,0.79,1117.22,1313.94,1674.46,3669.01,289.149,904.582,1590.02,756.648,4722.99,167.896,204.673,0.645783,-1.48228,-0.860918,1.75551,0,0,0,0,0,0.0115132,189.406,95.8387,0.47619,0.953804,704.907,1799.89,306.579,831.638,1041.38,2884.26,1114.76,3226.24,0.00784945
1691509946571670249,1766,1403,361,0.794451,27.2255,50.2052,80.5096,105.358,183.662,10.1008,367.378,605.252,971.407,1239.91,1252.24,3709.04,7532.61,22981.6,1160.08,1735.2,2685.98,601.568,631.686,287.589,124539,5621.36,8358.46,15.0621,14.4732,0,0,0.0451375,0,36.5282,100.694,142.833,867.491,2053.57,5157.34,0.0216257,0.00515145,4,4,10,0.714286,1,9.07848,7.40424,1.67424,0.0101587,0.172936,1403,0,0,0,0,0.001,0,0,0,0,0,0,0,0,0,0,0,0,0,0,0,0,0,0,0,0,0,0,0,0,0,0,0,0,0,0,0,0,0,0.0185317,40.267,130.354,27.0468,79.4314,85.5363,603.948,728.515,1,0.814487,0.580049,-0.0123873,0.999978,0.38268,0.0118904,0.818182,0.9,1171.88,1369.58,1781.8,3803.53,290.973,932.822,1644.6,767.948,4576.04,223.965,237.257,0.6572,0.917175,-1.27799,-0.602945,0,0,0,0,0,0.0147225,162.783,104.951,0.846154,0.943355,873.595,1744.35,357.82,946.935,1282.8,2655.77,1252.24,3752.52,0.00815193
1691509946670652822,1839,1478,352,0.803698,27.0421,48.5016,75.0572,96.058,213.274,7.54114,352.098,607.285,910.617,1226.53,1215.09,3207.88,7189.89,12072.7,1243.15,1585.56,2420.81,584.015,603.987,301.71,119767,4416.64,6954.9,4.93652,4.40564,0,0,0.0368771,0,42.4734,107.679,147.147,892.264,1868.76,3896.57,0.0682527,0.00343122,7,7,10,0.588235,1,8.55723,6.96816,1.58907,0.025995,0.582768,1478,0,0,0,0,0.001,0,0,0,0,0,0,0,0,0,0,0,0,0,0,0,0,0,0,0,0,0,0,0,0,0,0,0,0,0,0,0,0,0,0.0196211,38.8249,180.399,26.9008,73.9933,90.5847,608.45,741.965,1,0.819427,0.573179,-0.00210546,0.999911,0.762952,0.0186891,0.801802,0.89,1153.36,1355.55,1747.23,3745.44,285.419,915.351,1611.84,689.556,4361.72,195.301,239.424,1.74643,-0.894945,-1.21406,0.882246,0,0,0,0,0,0.0157694,202.74,92.9484,0.689655,0.960663,791.07,2163.15,347.675,889.61,1232.31,3236.1,1214.57,3206.65,0.0176183
1691509946769270669,1806,1481,323,0.820044,26.4695,48.0379,74.4346,95.9715,204.087,7.6338,365.681,615.9,985.436,1239.22,1246.8,3544.93,7715.84,16776.2,1315.78,1585.66,2501.13,603.525,659.586,329.727,124456,5324.98,8138.3,3.67692,4.74338,0,0,0.042786,0,44.699,94.5093,165.83,1028.23,1969.77,4835.26,0.00815612,0.000983987,4,3,11,0.785714,1,8.48969,6.92772,1.56196,0.00384623,0.141732,1481,0,0,0,0,0.001,0,0,0,0,0,0,0,0,0,0,0,0,0,0,0,0,0,0,0,0,0,0,0,0,0,0,0,0,0,0,0,0,0,0.0189061,53.0786,188.788,26.006,72.9635,84.7826,626.609,724.608,1,0.817675,0.575663,-0.00448292,0.999993,0.221107,0.00422834,0.851852,0.92,1144.97,1326.02,1771.17,3755.82,288.009,905.468,1630.92,764.825,4515.78,198.043,266.17,1.02754,0.689683,-1.20539,-0.534367,0,0,0,0,0,0.0155039,198.112,90.7291,0.714286,0.960771,924.545,2097.08,359.767,951.468,1432.45,2927.85,1244.67,3546.62,0.0103277
1691509946869484547,1872,1496,359,0.799145,26.497,48.4667,75.2939,101.261,237.302,6.2221,364.795,624.2,967.519,1172.59,1262.38,3645.21,7497.72,16613.6,1396.9,1604.85,2596.87,571.762,634.935,391.943,125455,5414.87,8335.17,7.80446,8.90955,0,0,0.0431618,0,51.7947,122.287,163.687,1075.35,2018.36,4903.69,0.0162169,0.00295531,6,5,9,0.642857,1,8.61985,6.93083,1.68902,0.00652222,0.298338,1496,0,0,0,0,0.001,0,0,0,0,0,0,0,0,0,0,0,0,0,0,0,0,0,0,0,0,0,0,0,0,0,0,0,0,0,0,0,0,0,0.019385,91.6583,197.952,26.177,73.2674,85.8155,611.192,737.993,1,0.815666,0.578472,-0.00773692,0.999989,0.271851,0.0108122,0.754386,0.86,1141.74,1322.8,1780.07,3754.95,284.801,915.523,1697.53,723.357,4583.87,209.342,231.939,1.34678,-0.584816,-1.24982,0.485748,0,0,0,0,0,0.0154915,207.089,93.902,0.517241,0.956374,905.488,1934.26,359.557,951.541,1229.73,2988.32,1263.22,3663.14,0.00878535
1691509946968866650,1763,1460,303,0.828134,26.8755,49.341,79.4102,102.426,183.915,7.31912,360.639,601.708,924.509,1154.11,1203.11,3320.19,7277.62,11352.6,1344.42,1480.4,2393.63,583.929,592.949,349.745,131213,4202.59,6605.36,3.74168,3.67092,0,0,0.0320287,0,50.1161,112.696,143.629,857.269,1699.75,3741.9,0.00968346,0.00124567,5,5,8,0.615385,1,8.3092,6.68732,1.62188,0.00742507,0.257451,1460,0,0,0,0,0.001,0,0,0,0,0,0,0,0,0,0,0,0,0,0,0,0,0,0,0,0,0,0,0,0,0,0,0,0,0,0,0,0,0,0.0246575,57.7868,149.09,26.3172,77.1103,90.4127,642.985,754.602,1,0.822587,0.568432,-0.0153529,0.999897,0.82375,0.0144957,0.818182,0.9,1161.17,1343,1788.65,3739.74,283.82,902.957,1673.68,770.501,4718.03,200.783,195.266,-0.323241,-0.159768,0.170422,0.258597,0,0,0,0,0,0.0204197,167.702,100.371,0.75,0.948736,951.072,2046.32,354.474,882.414,1380.18,2883.98,1194.51,3322.41,0.0168122
1691509947068320869,1743,1338,392,0.767642,28.685,53.4727,87.0569,108.234,213.146,7.67862,339.779,611.475,982.283,1264.5,1209.41,3503.89,7342.75,19921.3,1360.35,1595.23,2558.41,572.411,632.098,374.121,136499,4733.19,7061.87,7.68775,6.8566,0,0,0.0346758,0,44.6712,96.7231,127.677,846.221,1562.88,4383.69,0.00143393,0.000381317,3,3,8,0.727273,1,9.08084,7.36922,1.71162,0.00927218,0.16087,1338,0,0,0,0,0.001,0,0,0,0,0,0,0,0,0,0,0,0,0,0,0,0,0,0,0,0,0,0,0,0,0,0,0,0,0,0,0,0,0,0.0186846,105.755,177.675,28.1266,82.8038,89.2313,652.41,758.358,1,0.822282,0.569072,-0.00326482,0.999927,0.693788,0.0276159,0.818182,0.9,1162.41,1357.66,1910.86,3705.15,287.994,905.858,1659,788.67,4705.74,170.972,198.656,-1.26682,-1.00197,0.562265,0.226673,0,0,0,0,0,0.0143431,181.033,101.352,0.48,0.94821,1225.9,1972.55,331.741,927.379,1579.02,2473.99,1184.05,3540.64,0.00958308
1691509947167495589,1703,1379,324,0.809748,26.2565,48.9576,76.0132,96.505,196.58,5.55032,357.46,621.915,927.661,1242.84,1192.09,3410.23,7702.09,18930.7,1386.08,1538.36,2529.45,556.698,612.127,411.786,132482,4705.46,7301.79,2.94584,4.29429,0,0,0.0355177,0,59.0028,117.748,155.271,913.024,1819.19,4237.56,0.00731347,0.00138754,4,4,8,0.666667,1,8.52646,7.09192,1.43453,0.0112374,0.198633,1379,0,0,0,0,0.001,0,0,0,0,0,0,0,0,0,0,0,0,0,0,0,0,0,0,0,0,0,0,0,0,0,0,0,0,0,0,0,0,0,0.0253807,55.155,141.923,25.9818,73.9949,90.2513,647.422,748.327,1,0.826051,0.563356,-0.0164142,0.99989,0.849437,0.0281105,0.851852,0.92,1151.05,1365.64,1894.67,3716.6,283.963,913.642,1694.7,743.127,4764.27,187.253,198.782,-0.158747,0.393434,-0.0399832,-0.268923,0,0,0,0,0,0.020552,160.484,95.041,0.8,0.958333,1094.73,2007.68,349.577,887.256,1301.42,2592.47,1183.67,3485.66,0.0159686
1691509947267507815,1753,1473,268,0.840274,25.5209,45.7086,73.3621,90.2194,164.88,6.65779,352.221,589.897,896.899,1102.57,1170.08,3423.84,6742.51,20389.8,1288.29,1471.79,2547.1,508.172,608.767,349.849,138150,4757.14,7079.69,5.76218,3.2938,0,0,0.0344346,0,49.392,109.336,123.543,856.77,1517.56,4423.08,0.000874079,0.000143561,2,2,8,0.8,1,8.76353,7.38252,1.38101,0.00452205,0.037526,1473,0,0,0,0,0.001,0,0,0,0,0,0,0,0,0,0,0,0,0,0,0,0,0,0,0,0,0,0,0,0,0,0,0,0,0,0,0,0,0,0.0176511,69.7249,135.9,24.8028,70.2178,89.0352,656.559,751.406,1,0.820558,0.571258,-0.0186835,0.999951,0.566532,0.00842765,0.801802,0.89,1132.5,1343.5,1756.3,2483.38,286.291,914.559,1673.36,759.56,4844.06,171.122,194.021,-0.436124,-0.531735,-0.371581,0.956578,0,0,0,0,0,0.0148317,156.764,88.3853,0.615385,0.972357,1261.89,1817.79,344.86,877.422,1524.16,2564.79,1163.48,3463.95,0.00996008
1691509947368017561,1741,1390,348,0.798392,22.8142,43.8034,75.8798,97.0565,181.181,5.94104,353.822,618.195,978.549,1305.7,1223.62,3869.25,8153.51,15853.2,1467.08,1579.12,2823.15,516.583,657.845,423.48,139464,5364.78,8399.33,12.255,12.1264,0,0,0.0384672,0,56.9178,117.937,198.673,1309.38,1865.8,4850.62,0.502946,0.00767862,5,4,8,0.666667,1,9.39541,8.06765,1.32776,0.00352499,0.0849138,1390,0,0,0,0,0.001,0,0,0,0,0,0,0,0,0,0,0,0,0,0,0,0,0,0,0,0,0,0,0,0,0,0,0,0,0,0,0,0,0,0.0179856,77.6618,154.499,22.5218,72.9609,92.6829,662.25,773.067,1,0.825928,0.563494,-0.0178257,0.999955,0.543059,0.0104831,0.801802,0.89,1134.85,1367.93,1776.85,2476.4,284.711,914.682,1646.34,818.997,4963.49,171.106,233.03,-0.886943,-0.548184,0.870298,0.547377,0,0,0,0,0,0.0143596,172.354,93.69,0.64,0.96044,1332.41,1683.45,348.084,937.268,1537.33,2170.86,1213.21,3888.57,0.00747347
1691509947468473688,1716,1335,370,0.777972,25.1748,45.2326,70.238,90.3628,180.496,6.80162,348.796,584.213,937.234,1233.65,1234.21,3683.36,7159.75,15650.6,1271.28,1519.09,2890.5,556.731,601.155,365.97,135230,4678.76,7195.72,33.9977,6.19939,0,0,0.0345984,0,57.405,109.165,154.946,997.541,1598.76,4277.9,0.00123958,0.000328236,2,2,8,0.8,1,9.27124,8.05661,1.21463,0.00911603,0.115748,1335,0,0,0,0,0.001,0,0,0,0,0,0,0,0,0,0,0,0,0,0,0,0,0,0,0,0,0,0,0,0,0,0,0,0,0,0,0,0,0,0.0179775,55.6497,109.361,25.0327,69.0632,90.2334,654.334,763.432,1,0.825847,0.563618,-0.0176295,1,0.0140561,0.00247907,0.869159,0.93,1131.9,1341.56,1728.41,2474.92,283.171,925.265,1654.44,825.922,4844.13,162.724,212.728,1.78881,4.17815,-0.807489,0.730647,0,0,0,0,0,0.013986,142.278,88.7126,0.875,0.965675,1178.27,2791.82,344.776,903.2,1476.95,3563.19,1223.95,3669.21,0.0140095
1691509947569729516,1685,1401,282,0.831454,23.2235,44.9611,75.5715,95.5585,174.223,5.06584,357.56,600.254,964.505,1251.19,1249.75,3919.63,7724.13,33511.9,1458.51,1542.94,2987.09,519.23,653.62,362.989,147343,6671.23,9706.86,20.2296,15.3934,0,0,0.0452769,0,48.4459,128.075,140.556,1084.07,2055.34,6250.37,9.80811e-05,6.70707e-05,3,3,8,0.727273,1,8.78489,7.45057,1.33431,0.0024157,0.144053,1401,0,0,0,0,0.001,0,0,0,0,0,0,0,0,0,0,0,0,0,0,0,0,0,0,0,0,0,0,0,0,0,0,0,0,0,0,0,0,0,0.0142755,54.3232,134.967,22.9418,75.0344,85.1813,662.748,758.071,1,0.82658,0.562532,-0.0179954,0.999999,0.0779205,0.00500128,0.801802,0.89,1123.51,1345.45,1807.75,2472.26,281.287,922.52,1675.18,829.559,5000.91,174.453,222.784,-1.22806,-0.135595,0.836829,0.538424,0,0,0,0,0,0.0118694,137.036,95.0713,0.8,0.96307,1248.24,1629.63,352.262,922.442,1381.2,1986.26,1242.32,3927.98,0.00442803
1691509947670904593,1710,1395,312,0.815789,23.525,44.3513,74.5425,100.43,167.145,6.28499,357.347,582.063,926.574,1242.02,1217.05,3613.19,8941.25,20014.6,1273.17,1507.1,2748.71,516.804,651.739,337.872,142921,5276.45,7986.39,9.46111,9.47039,0,0,0.0369186,0,51.931,124.014,141.098,988.677,1838.71,4841.96,0.00872988,0.00207223,6,5,9,0.642857,1,9.57429,8.23583,1.33847,0.00255483,0.0634986,1395,0,0,0,0,0.001,0,0,0,0,0,0,0,0,0,0,0,0,0,0,0,0,0,0,0,0,0,0,0,0,0,0,0,0,0,0,0,0,0,0.0193548,63.2563,129.402,22.9513,72.0304,90.4972,674.083,765.42,1,0.823439,0.567404,-0.000497329,0.99983,1.05617,0.0382434,0.851852,0.92,1135.94,1327.32,1777.84,3721.76,273.012,916.316,1660.52,801.81,5088.58,182.262,210.194,-0.0904245,-1.35354,-0.0772243,1.27817,0,0,0,0,0,0.0157895,145.274,97.4448,0.814815,0.951754,1231.28,1916.85,351.945,881.469,1285.54,2245.33,1214.51,3656.54,0.00808368
1691509947771569969,1699,1374,323,0.808711,22.7123,43.8629,77.5942,103.413,173.113,6.63461,339.465,587.52,944.664,1268.94,1190.04,3755.61,7956.19,19916.6,1366.13,1444.76,2905.06,515.069,673.471,338.611,135030,4973.06,7684.55,4.52792,5.26491,0,0,0.0368294,0,47.6688,122.914,138.056,997.741,1893.16,4485.02,0.00205754,0.00040625,3,3,8,0.727273,1,9.02503,7.66204,1.36298,0.0106619,0.0621471,1374,0,0,0,0,0.001,0,0,0,0,0,0,0,0,0,0,0,0,0,0,0,0,0,0,0,0,0,0,0,0,0,0,0,0,0,0,0,0,0,0.0167394,45.8641,132.38,22.4058,76.4326,88.0454,657.631,756.323,1,0.824933,0.564314,-0.03217,0.999493,1.82542,0.0655485,0.834862,0.91,1119.66,1306.5,1723.38,2493.72,283.969,931.695,1651.1,865.615,4912.69,172.443,207.889,1.64323,0.736913,-1.27832,0.0859237,0,0,0,0,0,0.0135374,136.55,99.4557,0.73913,0.950407,1117.93,2033.01,334.652,912.539,1235.38,2773.46,1189.7,3773.78,0.00862
1691509947872125582,1643,1344,295,0.818016,23.2589,43.5893,73.3284,105.324,193.525,5.73483,329.813,572.048,908.527,1180.06,1141.95,3622.23,7926.99,16942.2,1210.13,1554.31,2687.98,507.804,621.532,335.735,141060,4784.15,7325.55,5.142,8.40382,0,0,0.0339156,0,51.4718,96.1926,110.05,885.832,1872.23,4309.77,0.000388936,0.000435082,3,2,9,0.818182,1,9.01014,7.66184,1.34831,0.00456387,0.0385736,1344,0,0,0,0,0.001,0,0,0,0,0,0,0,0,0,0,0,0,0,0,0,0,0,0,0,0,0,0,0,0,0,0,0,0,0,0,0,0,0,0.0178571,50.1987,99.981,22.8007,72.5734,86.1074,670.779,758.114,1,0.827889,0.560632,-0.0170525,0.999875,0.907436,0.0323059,0.869159,0.93,1125.65,1324.04,1708.81,2464.33,284.718,928.697,1622.55,846.346,4946.13,170.109,191.432,-0.707816,-0.668022,-0.241314,0.303562,0,0,0,0,0,0.0146074,116.656,105.218,0.875,0.940909,1047.36,1988.97,324.563,870.401,1209.96,2791.32,1140.98,3680.43,0.00877537
1691509947972249880,1646,1338,302,0.81288,21.3128,43.3513,70.081,91.5836,155.945,5.20237,351.483,603.54,935.16,1205.06,1232.92,3943.84,9105.15,20897.6,1401.99,1573.26,2890.65,481.503,690.559,353.529,140280,5543.76,8362.32,6.2786,6.27992,0,0,0.0395193,0,45.8637,102.775,112.28,974.846,2086.15,5040.4,0.0749458,0.00324159,6,6,0,0,1,8.54542,7.3977,1.14772,0.00241196,0.036383,1338,0,0,0,0,0.001,0,0,0,0,0,0,0,0,0,0,0,0,0,0,0,0,0,0,0,0,0,0,0,0,0,0,0,0,0,0,0,0,0,0.0171898,65.8324,111.725,20.8953,69.0532,89.4559,665.405,775.139,1,0.825024,0.564472,-0.0265823,0.999943,0.611144,0.0196773,0.834862,0.91,1104.74,1290.73,1689.03,2498.11,281.765,921.633,1609.98,836.258,4913.53,146.028,241.154,0.0399766,-0.0768646,-0.0403312,0.076806,0,0,0,0,0,0.0139733,120.597,91.5213,0.869565,0.96654,1129.42,2079.99,344.898,881.931,1437.51,2899.78,1219.26,3975.92,0.010014
1691509948072286757,1644,1370,272,0.833333,20.6828,41.2696,67.8435,87.7308,178.923,4.34589,329.056,570.877,880.281,1176.83,1219.91,3599.12,8058.58,14221,1196.03,1458.3,2746.88,487.406,622.326,288.011,138581,5098.21,7387.21,6.94465,7.81481,0,0,0.0367885,0,50.8723,67.2315,104.904,847.828,1529.31,4787.07,0.000180987,0.000134715,2,2,8,0.8,1,8.51418,7.34041,1.17376,0.00223063,0.01901,1370,0,0,0,0,0.001,0,0,0,0,0,0,0,0,0,0,0,0,0,0,0,0,0,0,0,0,0,0,0,0,0,0,0,0,0,0,0,0,0,0.0160584,62.2522,123.935,20.3261,66.9415,87.8896,674.281,765.829,1,0.823918,0.565757,-0.0328207,0.999979,0.370387,0.014092,0.769912,0.87,1074.63,1266.47,1658.03,2508.35,274.884,913.427,1625.84,838.117,4893,140.033,213.48,-0.224853,-1.05318,0.25327,0.518015,0,0,0,0,0,0.013382,137.429,85.1736,0.772727,0.965875,1129.01,1533.72,326.903,840.993,1465.73,2025.44,1208.34,3624.28,0.00692401
1691509948172130659,1676,1426,242,0.850835,21.454,41.4443,70.5624,91.3891,200.811,5.06713,315.523,556.292,863.444,1130.31,1212.03,3591.59,7437.97,16177.1,1294.84,1513.15,2786.27,467.408,619.91,318.057,139809,5083.61,7581,7.68318,7.52347,0,0,0.0363611,0,46.0244,64.343,102.487,813.29,1920.63,4634.23,0.000382425,0.000141903,3,2,9,0.818182,1,8.64642,7.38398,1.26244,0.00404657,0.0578772,1426,0,0,0,0,0.001,0,0,0,0,0,0,0,0,0,0,0,0,0,0,0,0,0,0,0,0,0,0,0,0,0,0,0,0,0,0,0,0,0,0.013324,59.784,125.027,21.208,68.9869,87.1114,668.537,776.352,1,0.824625,0.564874,-0.0301899,0.999996,0.16408,0.00508942,0.801802,0.89,1077.52,1267.62,1651.41,2501.51,278.818,917.515,1595.12,808.175,4920.44,143.795,199.284,0.494598,1.30206,-0.702801,-0.849093,0,0,0,0,0,0.0113365,128.548,90.215,0.736842,0.966596,1391.05,1784.63,311.34,838.99,1545.36,2444.29,1204.35,3610.37,0.00760461
1691509948271867002,1673,1451,220,0.867304,20.1596,40.5941,70.3142,91.0008,172.44,3.24817,305.366,567.125,881.295,1134.18,1147.98,3562.86,8348.95,29914.8,1255.07,1479.75,2642.47,480.945,593.256,289.574,144122,6334.81,9129.96,14.1222,4.66204,0,0,0.0439544,0,54.1096,65.4657,110.05,856.993,2147.05,5896.29,0.103888,0.00337318,2,1,8,0.888889,1,8.73869,7.51351,1.22518,0.00279388,0.0317825,1451,0,0,0,0,0.001,0,0,0,0,0,0,0,0,0,0,0,0,0,0,0,0,0,0,0,0,0,0,0,0,0,0,0,0,0,0,0,0,0,0.0144728,47.5579,108.806,19.671,68.7708,89.9059,676.672,766.423,1,0.826765,0.562469,-0.00940298,0.999779,1.20522,0.0434587,0.869159,0.93,1076.18,1295.56,1668.91,2594.81,279.412,919.871,1585.7,857.138,4968.17,137.339,203.872,1.05422,0.265041,-1.14239,0.192217,0,0,0,0,0,0.0125523,149.329,90.4538,0.809524,0.965035,1340.9,1638.47,301.553,838.702,1645.47,2420.87,1133.94,3574.8,0.00646063
1691509948371550666,1687,1452,227,0.860699,19.668,39.8308,73.224,92.3635,154.999,2.55386,314.531,556.634,911.635,1198.82,1115.08,3617.73,8222.39,21178.5,1240.89,1558.73,2757.05,494.003,639.073,271.783,142168,5683.82,8229.76,6.13869,7.06829,0,0,0.0399797,0,46.889,76.1012,126.052,864.587,1795.28,5320.85,0.00510202,0.00130013,4,4,8,0.666667,1,8.94241,7.74421,1.1982,0.00298528,0.0253083,1452,0,0,0,0,0.001,0,0,0,0,0,0,0,0,0,0,0,0,0,0,0,0,0,0,0,0,0,0,0,0,0,0,0,0,0,0,0,0,0,0.0158402,56.9296,104.362,19.1766,72.863,85.5956,677.056,760.349,1,0.827775,0.56055,-0.0239124,0.999892,0.840566,0.0279216,0.904762,0.95,1078.74,1298.19,1688.9,2503.26,276.997,902.799,1623.57,824.85,5041.03,164.844,216.374,0.333347,0.182853,-0.740484,-0.19223,0,0,0,0,0,0.0136337,114.523,91.8426,0.869565,0.96781,1159.88,1510.82,311.17,865.274,1472.79,2076.9,1098.58,3654.48,0.00674543
1691509948471258601,1726,1502,222,0.87022,18.7921,37.3154,67.4297,87.1436,176.693,1.44184,307.58,548.953,896.511,1188.79,1061.96,3622.43,8063.4,38481.5,1229.25,1455.2,2760.57,465.699,635.246,279.812,139204,7228.46,10331.6,6.19689,9.49579,0,0,0.051927,0,48.9896,58.4787,125.09,790.653,2619.41,6689,0.000597586,0.000485918,3,2,9,0.818182,1,8.90769,7.77487,1.13282,0.00274156,0.0482562,1502,0,0,0,0,0.001,0,0,0,0,0,0,0,0,0,0,0,0,0,0,0,0,0,0,0,0,0,0,0,0,0,0,0,0,0,0,0,0,0,0.0139814,52.0342,114.42,18.5835,66.855,91.075,682.734,763.191,1,0.825431,0.563278,-0.0371693,0.999906,0.78702,0.0258284,0.886792,0.94,1071.22,1291,1676.47,2508.68,278.132,894.614,1607.96,811.142,4882.52,153.196,222.012,0.164867,0.781855,-0.350907,-0.4733,0,0,0,0,0,0.0121669,126.033,85.7785,0.761905,0.972991,1190.58,1584.67,301.183,852.505,1395.76,2157.9,1059.4,3673.61,0.00487984
1691509948570915139,1834,1573,249,0.857688,18.4202,37.6418,70.4269,87.8572,173.682,2.12873,317.606,546.444,843.584,1107.37,1120.49,3579.79,7501.49,17943.7,1262.79,1422.04,2833.51,462.114,636.76,279.188,139669,5617.78,8133.97,9.6602,4.12054,0,0,0.0402222,0,41.6658,57.0109,121.481,835.949,1837.04,5240.82,0.000265353,4.63375e-05,2,2,8,0.8,1,8.7797,7.56433,1.21537,0.00386343,0.019726,1573,0,0,0,0,0.001,0,0,0,0,0,0,0,0,0,0,0,0,0,0,0,0,0,0,0,0,0,0,0,0,0,0,0,0,0,0,0,0,0,0.0133503,35.644,130.379,18.3748,70.3912,88.4896,669.281,759.23,1,0.825552,0.563722,-0.0260966,0.999939,0.634973,0.0206887,0.869159,0.93,1061.11,1270.31,1673.09,2489.81,279.338,887.897,1575.23,799.36,4952.55,156.389,228.659,0.261969,0.985636,-1.15341,-0.494649,0,0,0,0,0,0.0114504,132.447,86.8815,0.857143,0.971649,1026.39,1583.13,315.089,824.745,1157.3,2221.33,1120.27,3591.18,0.00559581
1691509948670986080,1775,1565,210,0.88169,18.7409,39.1973,69.5805,92.2661,171.374,2.07905,318.73,555.451,826.417,1091.27,1104.31,3327.31,7164.35,16568.9,1081.04,1470.59,2481.33,467.065,602.876,282.693,143809,4981.17,7446.67,8.21858,8.24639,0,0,0.0346374,0,46.6147,63.8146,106.958,832.74,1848.64,4547.91,0.0694105,0.00356354,3,3,10,0.769231,1,8.78254,7.52543,1.25711,0.00243071,0.0701689,1565,0,0,0,0,0.001,0,0,0,0,0,0,0,0,0,0,0,0,0,0,0,0,0,0,0,0,0,0,0,0,0,0,0,0,0,0,0,0,0,0.0166134,57.8242,124.108,18.5012,67.821,89.6818,675.255,761.063,1,0.829939,0.557554,-0.0182715,0.999941,0.623757,0.0147776,0.886792,0.94,1059.24,1262.19,1688.73,2476.13,277.711,880.902,1588.13,870.721,4972.85,168.14,207.693,0.426096,0.335337,-0.299861,-0.277966,0,0,0,0,0,0.0146479,130.855,91.0086,0.769231,0.97076,1042.69,1516.33,311.998,804.621,1287.76,2159.67,1100.85,3367.42,0.00730413
1691509948770825938,1900,1668,220,0.877895,17.5198,35.1058,65.969,83.9519,193.416,2.18191,300.492,561.242,899.806,1107.88,1033.42,3538.88,7023.56,14423.3,1264.28,1539.59,2606.06,472.5,624.013,290.885,142099,5307.4,8072.91,8.42906,8.52436,0,0,0.0373499,0,50.0164,75.1877,119.535,941.492,2111.73,4774.96,0.0199481,0.00369398,5,4,13,0.764706,1,8.33101,7.1735,1.15751,0.00296336,0.0673575,1668,0,0,0,0,0.001,0,0,0,0,0,0,0,0,0,0,0,0,0,0,0,0,0,0,0,0,0,0,0,0,0,0,0,0,0,0,0,0,0,0.014988,38.5521,94.3631,17.3216,65.144,90.377,670.497,777.126,1,0.826647,0.561828,-0.0316931,0.999895,0.828817,0.0257736,0.818182,0.9,1053.75,1244.44,1642.43,2496.31,276.82,872.081,1586.47,860.037,5052.02,159.803,235.698,-1.1671,-0.726888,0.793433,0.888532,0,0,0,0,0,0.0131579,110.604,83.3257,0.92,0.97748,1163.07,1781.39,297.418,872.872,1206.96,2419.04,1027.14,3554.4,0.00717765
1691509948870954452,1771,1591,179,0.898363,18.0921,37.0293,64.3767,84.4083,144.031,2.36151,319.311,575,936.336,1219.78,1136.2,3876.27,8817.71,31451.1,1309.37,1577.13,2978.34,483.57,649.082,322.215,141554,7462.03,11081.8,11.9629,11.7472,0,0,0.052715,0,54.4878,76.5987,147.952,1016.5,3058.41,6727.85,0.00109492,0.00110719,5,4,12,0.75,1,8.50879,7.40137,1.10741,0.000620136,0.0317209,1591,0,0,0,0,0.001,0,0,0,0,0,0,0,0,0,0,0,0,0,0,0,0,0,0,0,0,0,0,0,0,0,0,0,0,0,0,0,0,0,0.0169705,52.8072,83.083,17.6449,63.0836,88.7148,668.436,769.849,1,0.82793,0.560166,-0.0273265,0.999988,0.277617,0.00964032,0.904762,0.95,1059.37,1271.33,1703.87,2488.43,274.751,865.382,1624.25,886.637,4883.97,182.192,246.44,-2.5126,-1.58098,0.065526,-0.105019,0,0,0,0,0,0.0152456,90.2206,84.1372,1,0.976343,1123.36,1950.78,315.279,898.304,1358.69,2670.28,1129.03,3930.27,0.00759162
1691509948971149547,1809,1649,154,0.911553,17.3098,34.8379,64.2167,84.4156,185.676,2.15829,307.066,550.304,878.014,1141.78,1099.74,3529.64,7773.84,16117.9,1217.33,1548.15,2663.2,483.546,613.588,278.964,139012,5661.39,8424.97,11.2921,5.31831,0,0,0.0407258,0,42.1943,72.4677,114.415,919.141,2103.64,5173.11,0.000103827,4.3033e-05,2,2,8,0.8,1,8.54679,7.43747,1.10931,0.00387299,0.05721,1649,0,0,0,0,0.001,0,0,0,0,0,0,0,0,0,0,0,0,0,0,0,0,0,0,0,0,0,0,0,0,0,0,0,0,0,0,0,0,0,0.0151607,54.0057,92.7873,17.1708,62.6668,89.0742,663.812,777.114,1,0.823862,0.566583,-0.0153626,0.9999,0.812029,0.020064,0.886792,0.94,1049.42,1240.57,1667.85,2469.42,272.95,846.773,1599.09,886.328,4953.6,170.377,229.876,-1.1874,0.261555,0.549072,-0.46328,0,0,0,0,0,0.0138198,96.1404,83.3067,0.96,0.974138,966.503,1827.61,303.376,854.77,1173.41,2664.62,1098.05,3560.43,0.00802907
1691509949071200866,1768,1592,176,0.900452,17.3137,34.8097,62.2411,81.6489,199.606,2.19814,291.655,540.295,884.369,1199.07,1039.43,3468.5,7791.69,14313.1,1208.36,1536.46,2523.72,460.093,628.415,283.698,138252,5078.2,7555.79,9.02154,9.06741,0,0,0.0367315,0,40.24,77.3221,110.317,895.254,1753.91,4678.75,0.299425,0.00474589,4,4,6,0.6,1,9.0346,7.93985,1.09475,0.00249288,0.0452609,1592,0,0,0,0,0.001,0,0,0,0,0,0,0,0,0,0,0,0,0,0,0,0,0,0,0,0,0,0,0,0,0,0,0,0,0,0,0,0,0,0.0163317,54.1782,98.5462,16.988,61.108,91.4605,665.29,765.25,1,0.823886,0.566745,-0.00359925,0.999931,0.674061,0.0230005,0.869159,0.93,1047.46,1250.58,1702.25,2452.27,268.123,842.541,1625.6,838.102,4905.86,166.928,229.819,-0.134408,0.594219,0.138935,-0.608915,0,0,0,0,0,0.0147059,112.739,80.3305,0.884615,0.974457,1036.17,1818.9,286.662,859.263,1219.37,2403.15,1038.59,3481.84,0.00898244
1691509949171376098,1767,1627,138,0.92077,17.1765,33.7217,62.9282,83.2516,180.337,1.42181,288.368,547.845,872.585,1127.22,1053.18,3469.77,6853.6,31428.3,1196.93,1516.23,2461.73,467.61,613.861,281.032,139054,5600.67,8525.05,80.588,12.3413,0,0,0.0402769,0,50.0161,71.3041,139.206,843.641,2466.65,4954.24,0.000286506,7.85677e-05,1,1,8,0.888889,1,8.39483,7.29212,1.10271,5.51784e-07,0.000456085,1627,0,0,0,0,0.001,0,0,0,0,0,0,0,0,0,0,0,0,0,0,0,0,0,0,0,0,0,0,0,0,0,0,0,0,0,0,0,0,0,0.0159803,48.7181,102.918,16.7187,61.536,90.9397,653.219,777.842,1,0.822596,0.568383,-0.0166382,0.999913,0.756577,0.0257757,0.923077,0.96,1050.52,1242.68,1725.38,2471.07,269.13,840.928,1655.48,821.769,4985.99,170.097,219.482,1.72224,-3.16336,-1.93275,-1.56061,0,0,0,0,0,0.0147142,103.736,82.1737,0.846154,0.973142,972.866,1686.6,284.654,828.841,1247.35,2358.58,1048.36,3478.06,0.00619091
1691509949271461466,1824,1657,165,0.908443,18.428,36.0217,68.6349,88.788,193.246,1.33635,303.799,531.879,862.082,1119.77,1064.29,3483.96,8156.64,14071.4,1190.75,1468.67,2584.06,458.73,616.523,293.277,137418,5789.35,8434.58,16.3845,18.0888,0,0,0.0421294,0,48.5163,74.901,127.113,915.582,1868.04,5400.42,0.00103164,0.000393221,3,3,8,0.727273,1,9.04332,7.75788,1.28544,0.00345718,0.0513071,1657,0,0,0,0,0.001,0,0,0,0,0,0,0,0,0,0,0,0,0,0,0,0,0,0,0,0,0,0,0,0,0,0,0,0,0,0,0,0,0,0.0138805,39.2129,91.3505,18.1544,67.8519,87.1934,665.717,771.09,1,0.827133,0.561763,-0.0164961,0.999968,0.459932,0.00351134,0.886792,0.94,1040.28,1245.65,1711.9,2465.22,275.259,834.097,1561.78,827.249,4893.16,166.504,234.197,1.56745,2.32025,-1.81653,-1.77571,0,0,0,0,0,0.0126096,110.94,88.5188,0.913043,0.966952,1173.45,1793.23,298.1,827.127,1297.95,2462.77,1058.8,3510.15,0.00688668
1691509949371929620,1776,1638,137,0.922297,17.9093,35.0671,66.2852,86.7131,182.207,1.70028,300.742,537.438,865.817,1121.27,1107.54,3444.93,7232.13,11554.6,1178.28,1515.1,2612.66,455.791,626.641,299.545,135951,5036.39,7627.92,33.6459,11.9924,0,0,0.0370456,0,54.0291,90.0389,121.346,959.799,1801.18,4601.52,0.00521915,0.00111416,3,2,12,0.857143,1,8.60083,7.39823,1.2026,0.000126455,0.0367693,1638,0,0,0,0,0.001,0,0,0,0,0,0,0,0,0,0,0,0,0,0,0,0,0,0,0,0,0,0,0,0,0,0,0,0,0,0,0,0,0,0.0152625,51.8701,83.1666,17.6627,65.9691,91.3541,662.668,760.978,1,0.823707,0.566696,-0.0190588,0.999979,0.374143,0.00465359,0.923077,0.96,1033.48,1244.88,1726.18,2472.3,265.636,834.67,1568.83,836.73,4935.41,156.42,229.8,-0.547434,-0.394574,-2.40808,-1.13421,0,0,0,0,0,0.0140766,100.447,86.3336,0.92,0.970862,1275.12,1983.19,296.452,829.372,1514.24,2801.96,1094.89,3450,0.0112314
1691509949472375443,1777,1681,94,0.945976,17.3925,35.7875,66.8749,88.7203,171.133,1.933,306.821,554.419,899.418,1153.4,1092.53,3679.11,7538.84,19086.4,1173.32,1561.77,2740.28,460.987,626.574,311.932,136405,5760.84,8441.02,16.5787,16.2954,0,0,0.0422335,0,53.6182,87.4143,121.211,933.352,1884.49,5360.94,0.0111565,0.00267007,3,2,11,0.846154,1,9.04324,7.79745,1.24578,0.00258245,0.0226662,1681,0,0,0,0,0.001,0,0,0,0,0,0,0,0,0,0,0,0,0,0,0,0,0,0,0,0,0,0,0,0,0,0,0,0,0,0,0,0,0,0.0148721,45.1917,93.1092,17.1575,66.5085,88.1734,666.037,758.79,1,0.823998,0.565826,-0.029449,0.999946,0.597629,0.0209241,0.834862,0.91,1041.82,1257.9,1734.97,2491.4,271.677,839.657,1581.06,833.131,4970.38,152.792,238.782,1.58286,1.57125,-2.09851,-1.27927,0,0,0,0,0,0.0140687,96.4615,86.8946,0.96,0.970411,1216.95,1745.09,301.958,858.288,1528.17,2443.61,1081.93,3697.44,0.0087141
1691509949572001419,1743,1601,139,0.918531,17.9294,36.4445,69.134,92.6092,185.21,1.18222,301.372,528.517,885.714,1083.72,1040.77,3380.61,6923.19,14123.8,1085.86,1553.86,2466.07,439.463,614.872,294.164,140385,4892.86,7300.15,11.4705,11.4741,0,0,0.0348531,0,39.3425,68.5996,119.887,763.452,1843.77,4465.1,1.68226,0.00799012,4,4,0,0,1,8.73428,7.42112,1.31317,0.00255077,0.0330284,1601,0,0,0,0,0.001,0,0,0,0,0,0,0,0,0,0,0,0,0,0,0,0,0,0,0,0,0,0,0,0,0,0,0,0,0,0,0,0,0,0.0149906,36.6982,112.106,17.7019,68.7324,87.689,667.237,766.074,1,0.825626,0.563388,-0.0306017,0.999995,0.180487,0.00263424,0.869159,0.93,1042.48,1265.23,1714.22,2492.54,271.184,856.116,1578.86,846.611,4957.74,148.175,209.264,1.26988,1.06808,-1.27046,-1.06824,0,0,0,0,0,0.0137694,123.235,91.2841,0.875,0.958148,935.471,1512.54,296.921,852.133,1083.25,1938.99,1039.11,3429.69,0.00495904
1691509949671978581,1682,1591,91,0.945898,18.5583,36.3102,72.1817,96.017,192.444,1.08363,284.642,529.799,867.088,1141.76,1013.68,3476.08,7823.24,31649.7,1134.36,1449.86,2540.93,425.175,627.594,297.039,143356,5734.75,8499.14,11.5686,11.9411,0,0,0.0400037,0,45.5583,79.943,115.918,919.026,2073.63,5265.06,0.016607,0.00297278,4,4,8,0.666667,1,8.89869,7.55186,1.34683,0.00497614,0.0149524,1591,0,0,0,0,0.001,0,0,0,0,0,0,0,0,0,0,0,0,0,0,0,0,0,0,0,0,0,0,0,0,0,0,0,0,0,0,0,0,0,0.0144563,45.2541,98.6727,18.3057,72.1078,85.7205,665.862,763.417,1,0.82578,0.563644,-0.0198235,0.999942,0.617787,0.01611,0.886792,0.94,1029.6,1244.26,1726.3,2472.88,268.125,851.032,1631.29,887.846,5056.01,141.52,236.009,1.19498,1.20702,-1.28976,-1.31533,0,0,0,0,0,0.0136742,104.877,95.7687,0.913043,0.958546,973.211,1707.89,280.048,839.141,1213.15,2298.93,996.71,3506.24,0.00617169
1691509949771987933,1730,1621,107,0.936994,18.6379,38.4638,70.2672,95.2641,184.578,2.45732,286.014,537.608,859.265,1073.23,1029.15,3352.48,6994.54,16033.4,1174.25,1475.59,2440.83,447.737,595.624,298.694,139509,4799.8,7303.77,12.2828,12.2703,0,0,0.034405,0,43.6709,76.8674,113.539,907.581,1814.58,4347.53,0.0675108,0.0065045,7,6,9,0.6,1,9.24985,7.88184,1.36802,0.00293233,0.0469542,1621,0,0,0,0,0.001,0,0,0,0,0,0,0,0,0,0,0,0,0,0,0,0,0,0,0,0,0,0,0,0,0,0,0,0,0,0,0,0,0,0.0148057,25.7259,94.4736,18.5017,69.5916,91.6415,663.272,765.087,1,0.825671,0.563999,-0.0131425,0.999978,0.383383,0.0160326,0.941748,0.97,1019.88,1241.29,1697.66,2462.66,266.942,843.638,1567.44,924.651,4930.39,149.052,204.57,0.850003,0.552332,-0.796704,-0.55087,0,0,0,0,0,0.0138728,113.08,93.7471,0.916667,0.959925,1019.46,1764.95,281.556,831.517,1336.09,2277.89,1021.84,3374.17,0.00793761
1691509949871789172,1665,1598,67,0.95976,17.8683,36.8562,70.5428,91.6339,196.245,1.75835,284.88,521.874,899.581,1139.01,1024.67,3505.2,7749.34,19810,1176.19,1543.93,2584.35,448.827,628.035,303.895,133874,5196.96,7827.07,7.98846,8.00268,0,0,0.0388197,0,50.6956,82.0987,121.368,873.63,1974.69,4724.58,0.548058,0.00832593,8,7,1,0.125,1,8.18232,6.89285,1.28947,0.00223552,0.0594407,1598,0,0,0,0,0.001,0,0,0,0,0,0,0,0,0,0,0,0,0,0,0,0,0,0,0,0,0,0,0,0,0,0,0,0,0,0,0,0,0,0.0156446,35.6408,88.7517,17.5713,69.5242,88.5485,666.077,760.375,1,0.825671,0.563311,-0.0307903,0.999844,1.01193,0.0331315,0.923077,0.96,1041.89,1261.64,1734.43,2492.4,266.281,844.093,1584.11,891.371,4892.73,158.933,219.403,0.477778,0.319173,-0.479661,-0.324565,0,0,0,0,0,0.015015,94.6922,91.4588,0.96,0.963764,1140.59,1621.01,279.274,862.875,1441.51,2301.99,1016.04,3528.79,0.00833131
1691509949971469135,1715,1622,93,0.945773,17.5666,34.6937,64.3465,88.6699,186.909,3.18908,278.55,509.266,836.656,1068.33,946.05,3162.18,6364.81,20182.1,1106.23,1360.76,2295.6,435.581,580.823,269.725,136233,4252.9,6564,9.3309,9.44142,0,0,0.0312179,0,51.0053,74.569,111.598,796.463,1730.85,3799.52,0.00128113,0.000349423,4,4,11,0.733333,1,8.30839,7.09274,1.21566,0.0029794,0.0836082,1622,0,0,0,0,0.001,0,0,0,0,0,0,0,0,0,0,0,0,0,0,0,0,0,0,0,0,0,0,0,0,0,0,0,0,0,0,0,0,0,0.0147965,33.6149,80.8567,17.4027,63.8959,87.9217,659.473,760.605,1,0.827494,0.560242,-0.0371864,0.999973,0.419682,0.0177823,0.904762,0.95,1020.83,1243.16,1735.96,2500.02,266.765,837.982,1589.89,873.492,4954.22,133.768,198.475,2.31274,1.21939,-1.40692,-1.06857,0,0,0,0,0,0.0139942,103.41,88.6163,0.916667,0.961827,1268.71,1715.37,275.896,789.724,1547.24,2328.45,933.072,3195.69,0.0105323
1691509950071455772,1720,1636,83,0.951163,17.1774,34.351,66.1586,86.7398,199.538,2.31933,284.104,531.892,861.835,1100.37,1003.17,3225.86,7167.21,18161.7,1105.33,1427.6,2437.52,456.816,602.445,299.455,135734,4967.49,7351.04,12.7773,12.9613,0,0,0.0365973,0,51.4859,75.2768,110.282,839.469,1676.81,4597.72,0.00338399,0.00172881,4,3,9,0.75,1,8.54998,7.35039,1.19959,0.00749096,0.033617,1636,0,0,0,0,0.001,0,0,0,0,0,0,0,0,0,0,0,0,0,0,0,0,0,0,0,0,0,0,0,0,0,0,0,0,0,0,0,0,0,0.0152812,36.116,109.377,16.9266,65.7082,85.1837,667.431,748.385,1,0.82631,0.563129,-0.00988444,0.999622,1.57452,0.0578778,0.941748,0.97,999.849,1241.38,1731.68,2459.83,264.439,820.745,1567.01,848.982,4980.07,142.897,223.91,0.625081,0.704916,-0.632694,-0.769757,0,0,0,0,0,0.0145349,132.48,86.3594,0.88,0.968343,1138.15,1879.33,279.311,829.76,1390.01,2369.3,990.286,3238.27,0.00964567
1691509950171395456,1724,1638,85,0.950116,16.7817,35.2273,63.3845,87.0354,193.467,1.58376,287.586,532.496,858.979,1115.72,1004.48,3473.22,7572.71,12644.7,1197.01,1482.03,2597.14,438.898,631.085,290.744,134936,5031.77,7467.42,15.5157,7.21715,0,0,0.0372899,0,45.3965,80.6668,116.191,849.765,1729.68,4645.72,0.000381428,7.75264e-05,2,2,8,0.8,1,8.38447,7.20726,1.17721,0.00435753,0.0373821,1638,0,0,0,0,0.001,0,0,0,0,0,0,0,0,0,0,0,0,0,0,0,0,0,0,0,0,0,0,0,0,0,0,0,0,0,0,0,0,0,0.0140415,35.3451,103.26,16.6476,62.2935,91.448,659.279,750.273,1,0.825128,0.56446,-0.0234165,0.999907,0.782011,0.0238592,0.941748,0.97,1008.55,1251.16,1741.85,2480.31,266.591,820.123,1583.25,857.682,4867.16,145.434,223.17,2.05117,2.11027,-0.198546,-1.84329,0,0,0,0,0,0.0133411,117.242,85.9826,0.869565,0.971517,1050.42,1835.12,281.773,821.332,1229.91,2604.37,997.316,3523.04,0.00774929
1691509950271351631,1707,1636,71,0.958407,16.1018,34.3276,65.4591,84.9001,184.961,1.41771,291.578,550.134,894.009,1116.29,1010.69,3655.36,7957.5,18876.8,1214.75,1526.36,2755.62,455.191,649.185,314.112,131634,5724.46,8410.79,13.4799,13.4642,0,0,0.0434876,0,50.1118,80.4189,110.493,953.993,1904.3,5311.48,0.000597146,0.000271694,2,1,9,0.9,1,8.57652,7.39449,1.18203,0.00293021,0.0246194,1636,0,0,0,0,0.001,0,0,0,0,0,0,0,0,0,0,0,0,0,0,0,0,0,0,0,0,0,0,0,0,0,0,0,0,0,0,0,0,0,0.0146699,36.0201,88.6759,15.9542,64.7782,90.1257,668.153,753.721,1,0.825302,0.564253,-0.022254,0.999999,0.0683776,0.00408408,0.923077,0.96,1014.04,1237.29,1778.99,2475.98,266.333,828.961,1639.07,848.561,4919.91,139.862,243.117,0.634882,0.447966,-1.15431,-1.04808,0,0,0,0,0,0.0140598,96.643,84.462,0.958333,0.967122,1232.76,2000.09,286.696,872.804,1511.77,2725.41,1002.7,3669.57,0.00886496
1691509950371078399,1775,1707,68,0.96169,16.0625,34.2495,63.1364,88.5262,188.248,1.66925,293.783,543.423,850.45,1094.3,1011.18,3334.51,6986.17,17706,1131.2,1433.52,2578.71,467.984,618.44,270.857,133577,5302.27,7756.37,14.5048,14.6095,0,0,0.0396946,0,44.0857,73.9525,119.206,881.715,1692.75,4944.66,0.00118431,0.000798996,3,2,9,0.818182,1,8.54574,7.26833,1.27741,0.00294406,0.0226684,1707,0,0,0,0,0.001,0,0,0,0,0,0,0,0,0,0,0,0,0,0,0,0,0,0,0,0,0,0,0,0,0,0,0,0,0,0,0,0,0,0.0128881,36.5751,70.9543,15.9584,62.7776,92.1971,667.34,739.463,1,0.826588,0.562134,-0.0275477,0.999983,0.334927,0.00924915,0.851852,0.92,986.035,1225.62,1746.8,2485.91,262.261,809.385,1594.98,918.667,4926.35,159.075,234.001,0.570088,0.656428,-0.662423,-0.78271,0,0,0,0,0,0.0123944,116.989,88.0947,0.909091,0.962018,929.088,1811.41,290.826,832.403,1124.26,2173.35,1009.42,3359.79,0.00636651
1691509950471443283,1767,1712,54,0.968874,17.4239,34.5669,65.4534,92.5035,207.692,2.18032,291.322,524.571,830.125,1056.38,1031.7,3284.27,6964.84,15968.5,1027.76,1494.9,2483.79,464.134,567.814,276.023,136114,4945.1,7359.64,8.39846,8.23454,0,0,0.0363305,0,47.6902,67.4666,119.012,774.192,1822.09,4529.19,0.0084843,0.0021142,5,5,8,0.615385,1,8.99533,7.65474,1.34059,0.00273709,0.0350642,1712,0,0,0,0,0.001,0,0,0,0,0,0,0,0,0,0,0,0,0,0,0,0,0,0,0,0,0,0,0,0,0,0,0,0,0,0,0,0,0,0.0134346,44.1909,90.3647,17.179,64.9817,88.3362,673.791,757.873,1,0.827718,0.560579,-0.0251802,0.999995,0.174724,0.00894883,0.904762,0.95,1007.53,1234.71,1756.52,2479.5,266.846,821.321,1607.37,882.215,4838.8,160.45,209.592,0.362101,0.677682,-0.29877,-0.664035,0,0,0,0,0,0.0130164,102.516,92.4239,0.913043,0.9627,1185.63,1627.72,288.909,816.564,1270.48,2319.1,1013.84,3293.53,0.00734529
1691509950571080905,1790,1740,50,0.972067,16.9952,35.1396,66.1266,90.2458,192.071,2.04066,286.789,526.821,862.25,1095.99,1005.84,3346.83,6658.16,19099.1,1066.88,1516.87,2498.34,460.796,603.957,276.511,138334,5078.9,7745.46,16.0683,11.2636,0,0,0.0367148,0,44.4073,79.7129,131.697,812.57,2151.61,4525.47,0.000224214,0.000119232,2,2,8,0.8,1,8.83926,7.45315,1.38611,0.00125473,0.0502227,1740,0,0,0,0,0.001,0,0,0,0,0,0,0,0,0,0,0,0,0,0,0,0,0,0,0,0,0,0,0,0,0,0,0,0,0,0,0,0,0,0.0143678,43.2719,74.138,16.8409,66.0319,89.7842,663.473,752.743,1,0.830067,0.557655,-0.00315929,0.999751,1.2799,0.0407159,0.923077,0.96,1015.39,1231.79,1734.85,2443.9,264.631,823.785,1616.85,875.909,4883.03,165.077,217.129,-0.00394688,0.521152,0.331257,-0.709995,0,0,0,0,0,0.0139665,83.6533,90.2564,0.96,0.959767,949.031,1573.98,283.03,816.229,1280.63,2098.12,991.538,3355.45,0.00646245
1691509950671085201,1786,1746,39,0.977604,16.2983,34.3774,64.0789,87.7809,229.206,1.81269,291.532,544.735,869.357,1099.65,1046.3,3537.26,7422.33,23759.7,1143.86,1471.96,2683.59,465.718,610.891,287.567,133859,5812.25,8812.86,45.8837,10.6992,0,0,0.0434206,0,53.1172,84.1305,156.019,933.946,2360.22,5225.43,6.17398e-05,7.17967e-05,1,1,8,0.888889,1,9.00877,7.66062,1.34816,6.30499e-07,0.000277177,1746,0,0,0,0,0.001,0,0,0,0,0,0,0,0,0,0,0,0,0,0,0,0,0,0,0,0,0,0,0,0,0,0,0,0,0,0,0,0,0,0.0126002,41.9369,86.7669,16.1813,63.4369,92.8003,674.09,755.11,1,0.827884,0.560241,-0.0271496,0.999707,1.38819,0.0463142,0.904762,0.95,1015.49,1229.52,1749.33,2478.36,266.205,819.098,1600.03,851.667,4815.49,176.417,235.818,0.421664,3.80291,-0.271969,0.438437,0,0,0,0,0,0.012318,118.444,86.7359,0.909091,0.960557,921.87,1780.84,288.087,847.645,1250.15,2523.42,1045.3,3549.08,0.00625038
1691509950771083020,1749,1700,49,0.971984,16.6045,35.2824,65.2738,90.8343,176.492,1.61474,298.263,553.908,876.433,1103.21,1047.61,3451.21,7365.22,16234.8,1114.33,1527.56,2612.55,488.005,612.66,278.817,136713,5321.35,7857.37,11.4952,11.5718,0,0,0.0389235,0,41.7663,87.5907,119.181,862.413,1825.26,4921.16,0.21908,0.0100801,4,4,7,0.636364,1,8.94304,7.64238,1.30066,0.00218537,0.0597179,1700,0,0,0,0,0.001,0,0,0,0,0,0,0,0,0,0,0,0,0,0,0,0,0,0,0,0,0,0,0,0,0,0,0,0,0,0,0,0,0,0.0147059,50.7538,85.1957,16.3959,64.7924,92.0322,678.182,753.786,1,0.827539,0.561362,-0.00718784,0.9998,1.14572,0.0376571,0.904762,0.95,1025.57,1244.14,1741.49,2447.97,265.748,807.817,1607.31,901.658,4923.41,164.186,230.346,-0.0447119,0.99978,0.098443,-0.989304,0,0,0,0,0,0.0142939,94.3986,90.5164,0.96,0.962985,966.176,1661.91,291.379,852.191,1228.78,2162.65,1041.43,3467.09,0.00693578
1691509950871187227,1756,1708,47,0.972665,16.4946,36.3446,66.8002,89.5205,188.497,1.27288,299.075,565.785,899.512,1146.05,1033.44,3430.98,7635.74,15735.1,1122.54,1548.56,2537.21,492.293,624.03,281.812,136379,5307.11,8042.13,71.5658,12.2263,0,0,0.0389143,0,50.0701,82.3358,133.785,868.335,2125.89,4781.71,0.000289004,7.93876e-05,1,0,9,1,1,8.8759,7.54542,1.33048,0,0,1708,0,0,0,0,0.001,0,0,0,0,0,0,0,0,0,0,0,0,0,0,0,0,0,0,0,0,0,0,0,0,0,0,0,0,0,0,0,0,0,0.0152225,41.5404,85.3366,16.3907,65.6783,91.1596,675.541,756.3,1,0.827117,0.561993,-0.00645395,0.999999,0.0604997,0.00133807,0.904762,0.95,1019.7,1253.91,1745.09,2448.13,265.777,816.563,1610.52,922.104,4886.38,180.942,243.22,-1.77192,-2.69129,1.0287,-2.21959,0,0,0,0,0,0.0148064,92.4229,89.3625,1,0.964328,973.099,1571.93,294.102,866.398,1224.16,2019.05,1021.86,3435.85,0.00658364
1691509950971264214,1763,1712,50,0.971072,17.4681,35.4085,67.6764,90.2997,207.12,1.62869,285.803,546.012,884.656,1101.38,988.765,3300.91,7678.7,14703.4,1031.63,1592.72,2387.07,500.89,587.725,282.652,139107,4903.05,7431.71,13.5632,10.8497,0,0,0.0352466,0,38.2747,80.7172,122.081,772.43,2020.89,4397.32,0.00133558,0.000810396,3,2,11,0.846154,1,8.95832,7.59155,1.36678,0.00276159,0.0527643,1712,0,0,0,0,0.001,0,0,0,0,0,0,0,0,0,0,0,0,0,0,0,0,0,0,0,0,0,0,0,0,0,0,0,0,0,0,0,0,0,0.0128505,35.9139,85.6029,17.2337,66.9371,91.2362,676.309,755.455,1,0.825058,0.564933,-0.0114088,0.999981,0.350571,0.00800512,0.960784,0.98,1022.29,1251.69,1743.35,2458.71,266.545,816.483,1651.1,938.169,4869.69,181.399,200.942,-1.26809,0.926645,0.106946,-0.445105,0,0,0,0,0,0.0124787,88.2814,90.3137,0.954545,0.963905,975.041,1598.77,281.9,861.734,1329.3,2036.22,974.859,3308.27,0.0065835
