stamp,candidates,valid_matches,immature_matches,match_ratio,r_abs_p50,r_abs_p75,r_abs_p90,r_abs_p95,r_abs_max,r_signed_median,grad_p50,grad_p75,grad_p90,grad_p95,J_norm_p50,J_norm_p90,J_norm_p99,J_norm_max,Jdof_p90_rx,Jdof_p90_ry,Jdof_p90_rz,Jdof_p90_tx,Jdof_p90_ty,Jdof_p90_tz,H_geo_fro,H_photo_fro,H_photo_trace,b_geo_norm,b_photo_norm,R_H_unscaled,R_b_unscaled,R_H_scaled,lambda_ref,eig1,eig2,eig3,eig4,eig5,eig6,photo_step_t_mm,photo_step_r_deg,lm_iterations,lm_accepted,lm_rejected,reject_rate,lm_initial_cost,lm_final_cost,geo_cost,photo_cost,pose_delta_t_m,pose_delta_r_deg,photo_effective_residuals,fd_samples,fd_median_rel_err,fd_p95_rel_err,fd_done,photometric_scale,fd_level_a_samples,fd_level_a_median,fd_level_a_p95,fd_level_a_sign,fd_level_b_points,fd_level_b_scalars,fd_level_b_median,fd_level_b_p95,fd_level_b_sign,fd_b_rx_med,fd_b_rx_p95,fd_b_ry_med,fd_b_ry_p95,fd_b_rz_med,fd_b_rz_p95,fd_b_tx_med,fd_b_tx_p95,fd_b_ty_med,fd_b_ty_p95,fd_b_tz_med,fd_b_tz_p95,fd_b_analytic_p50,fd_b_analytic_p90,fd_b_analytic_p99,fd_b_numeric_p50,fd_b_numeric_p90,fd_b_numeric_p99,fd_c_voxel_switch,fd_c_cell_switch,fd_c_validity_switch,fd_c_noswitch_samples,fd_c_noswitch_median,fd_c_noswitch_p95,photo_near_fraction,photo_near_r_p50,photo_near_r_p90,photo_far_r_p50,photo_far_r_p90,geo_lambda1,geo_lambda2,geo_lambda3,geo_two_weak_flag,eta_world_x,eta_world_y,eta_world_z,eta_abs_dot_prev,eta_angle_prev_deg,weak_subspace_diff_F,selected_voxel_jaccard,selected_voxel_retention,selected_score_p10,selected_score_p50,selected_score_p90,selected_score_max,candidate_score_p50,candidate_score_p90,candidate_score_p99,q_geo_v1,q_geo_v2,q_photo_v1,q_photo_v2,s_geo_v1,s_geo_v2,s_photo_v1,s_photo_v2,parity_count_serial,parity_count_parallel,parity_cost_rel,parity_H_rel,parity_b_rel,source_near_fraction,photo_near_r_p95,photo_far_r_p95,photo_near_inlier_fraction,photo_far_inlier_fraction,photo_near_grad_p50,photo_near_grad_p90,photo_far_grad_p50,photo_far_grad_p90,photo_near_J_p50,photo_near_J_p90,photo_far_J_p50,photo_far_J_p90,photo_near_H_fraction
1691509832356948442,2999,1532,1437,0.510837,6.29871,11.2534,20.6544,32.9947,208.039,-0.46609,196.556,346.503,631.416,919.186,401.265,1537.69,5078,28341.7,778.999,691.327,817.207,372.309,385.123,189.827,88071.8,1692.45,2754.84,0.00352891,2.67277,0,0,0.0192168,0,41.6258,57.3378,95.0533,452.044,594.75,1514.03,0,0,5,5,6,0.545455,1,2.55911,2.55911,0.275019,0.00534905,0.126813,1532,0,0,0,0,0.001,0,0,0,0,0,0,0,0,0,0,0,0,0,0,0,0,0,0,0,0,0,0,0,0,0,0,0,0,0,0,0,0,0,0.150131,4.61756,11.7216,6.53265,22.0072,82.7247,532.254,635.021,1,0.823045,0.567868,-0.0110945,1,0,0,0,0,366.32,466.629,1003.2,2200.76,26.6595,303.457,936.245,840.089,2670.32,142.577,247.495,3.75744e-05,-0.000768643,-1.18887,-0.404668,0,0,0,0,0,0.0766922,14.7341,38.1781,1,0.99232,143.977,312.37,212.584,663.547,202.02,456.918,476.547,1731.22,0.00874742
1691509832456941785,2946,1976,915,0.67074,7.0248,13.7571,26.9775,51.1849,223.686,-0.513804,238.14,435.569,799.295,1174.04,608.449,2255.15,6045.04,12994,1091.13,987.465,1281.92,439.192,480.372,240.852,113532,2631.26,4349.14,17.5016,5.74527,0,0,0.0231765,0,60.4615,82.4444,117.858,545.246,1368.44,2174.69,0,0,2,1,11,0.916667,1,2.12624,2.12624,0.74306,0.000196265,0.0380736,1976,0,0,0,0,0.001,0,0,0,0,0,0,0,0,0,0,0,0,0,0,0,0,0,0,0,0,0,0,0,0,0,0,0,0,0,0,0,0,0,0.0328947,5.64964,16.3862,7.08837,27.483,84.5554,616.405,679.039,1,0.83384,0.551405,0.0257711,0.999127,2.39471,0.0652206,0.612903,0.76,439.574,589.296,1249.67,2174.09,41.2837,342.896,1041.83,864.398,2825.34,204.39,240.89,-3.65959,-0.588552,1.80725,-0.147786,0,0,0,0,0,0.0220638,22.3545,53.0021,1,0.976975,159.731,574.819,241.174,809.539,220.734,926.125,624.18,2314.32,0.00336099
1691509832556922176,2835,1984,785,0.699824,7.24522,14.7282,34.3687,63.9514,198.156,-0.258914,270.355,533.172,1048.58,1443.2,732.426,3042.76,6865.46,16416.9,1413.88,1295.73,1666.03,564.279,624.596,328.065,101682,4416.37,7285.79,0.593043,3.75629,0,0,0.0434331,0,75.225,130.826,198.88,866.227,2457.86,3556.77,0,0,4,3,9,0.75,1,2.46247,2.46247,0.880978,0.00776642,0.0917721,1984,0,0,0,0,0.001,0,0,0,0,0,0,0,0,0,0,0,0,0,0,0,0,0,0,0,0,0,0,0,0,0,0,0,0,0,0,0,0,0,0.031754,5.76027,13.9852,7.30036,35.3514,90.2551,651.143,675.602,1,-0.83744,-0.526284,-0.147374,0.992284,7.12204,0.246903,0.724138,0.84,540.948,681.071,1578.17,2689.72,57.3824,391.289,1234.87,840.347,2514.55,290.159,323.861,-0.0598786,0.0903288,-1.25973,-1.60341,0,0,0,0,0,0.0222222,20.6421,64.6521,1,0.969287,158.699,674.81,275.357,1065.96,227.882,1079.14,749.085,3063.07,0.00274303
1691509832657014955,2704,1986,661,0.734467,7.45563,17.2697,35.1541,65.4552,176.118,-0.0907922,291.708,566.304,1068.6,1495.47,798.695,3274.72,7826.92,16604.5,1413.29,1389.48,1998.41,550.502,637.75,331.757,119229,5636.38,8810.95,0.456731,5.55057,0,0,0.0472735,0,78.4981,125.381,207.006,936.48,2512.26,4951.32,0,0,4,4,8,0.666667,1,2.98727,2.98727,0.865977,0.00234517,0.0652323,1986,0,0,0,0,0.001,0,0,0,0,0,0,0,0,0,0,0,0,0,0,0,0,0,0,0,0,0,0,0,0,0,0,0,0,0,0,0,0,0,0.0181269,5.93372,16.7655,7.5692,35.5763,90.387,658.23,698.383,1,-0.838074,-0.535131,-0.106151,0.999111,2.41615,0.0824308,0.769912,0.87,569.4,706.376,1661.75,3002.43,75.4081,416.561,1338.33,846.196,2637.27,325.237,406.067,0.0435584,0.0115775,-1.45018,0.628875,0,0,0,0,0,0.0133136,27.6598,65.9662,1,0.970256,174.948,651.446,293.835,1080.43,253.701,1009.98,808.13,3308.32,0.00138439
1691509832757141503,2660,1878,752,0.706015,7.91188,17.9315,47.1939,72.6316,199.692,-0.344618,334.622,660.21,1120.05,1479.73,963.311,3383.76,7226.3,19963.4,1612.35,1474.18,2165.86,588.492,740.923,394.251,117856,5573.2,8906.93,16.0276,5.7399,0,0,0.0472883,0,94.3974,115.087,223.077,1213.78,2373.86,4886.73,0,0,1,0,9,1,1,2.94088,2.94088,0.968503,0,0,1878,0,0,0,0,0.001,0,0,0,0,0,0,0,0,0,0,0,0,0,0,0,0,0,0,0,0,0,0,0,0,0,0,0,0,0,0,0,0,0,0.014377,8.48833,20.664,7.88637,47.796,88.6346,680.201,701.164,1,0.83686,0.515846,0.183214,0.996844,4.55329,0.166087,0.709402,0.83,671.422,872.503,1627.14,2776.29,92.6268,480.683,1463.17,843.223,2687.79,284.465,400.907,-4.35797,0.584197,1.04616,1.11138,0,0,0,0,0,0.0101504,29.7438,73.1925,1,0.968666,170.217,708.011,335.666,1125.06,270.39,1084.46,977.33,3414.33,0.0011745
1691509832857243565,2617,1732,823,0.661827,10.3453,25.2413,66.1003,90.7624,176.973,-0.105297,363.341,704.109,1198.9,1542.17,1020.66,3576.94,7620.5,20093.5,1762.35,1676.33,2144.69,656.266,729.848,444.588,95206.4,5593.57,9079.86,6.93676,2.90779,0,0,0.058752,0,106.112,118.567,241.861,1310.93,2463.08,4839.3,0,0,2,1,9,0.9,1,3.34052,3.34052,1.23869,0.00463783,0.027339,1732,0,0,0,0,0.001,0,0,0,0,0,0,0,0,0,0,0,0,0,0,0,0,0,0,0,0,0,0,0,0,0,0,0,0,0,0,0,0,0,0.0155889,6.20553,16.4041,10.5925,66.5898,83.5236,661.973,676.503,1,0.830708,0.499005,0.246817,0.997817,3.78689,0.139819,0.724138,0.84,717.937,951.143,1736.08,2881.13,112.616,526.531,1627.9,805.409,2554.12,309.557,380.756,0.0249177,0.173433,1.49907,0.62691,0,0,0,0,0,0.0103172,24.7444,91.9595,1,0.957771,325.767,742.534,363.415,1201.57,475.688,1216.98,1037.79,3611.03,0.00162769
1691509832957094154,2614,1764,797,0.674828,11.5848,27.6883,65.9576,95.2771,243.977,0.159868,392.342,742.905,1207.45,1561.86,1111.3,3781.33,8404.69,26950.5,1886.09,1640.89,2472.69,670.563,777.814,441.585,99198.2,6385.05,10657.2,2.06889,16.7749,0,0,0.0643666,0,142.889,210.757,307.606,1672.17,2902.86,5420.94,0,0,4,4,8,0.666667,1,4.05626,4.05626,1.35887,0.00956596,0.0442664,1764,0,0,0,0,0.001,0,0,0,0,0,0,0,0,0,0,0,0,0,0,0,0,0,0,0,0,0,0,0,0,0,0,0,0,0,0,0,0,0,0.015873,7.24796,19.2076,11.6667,66.3253,86.2575,670.725,683.018,1,0.829916,0.464635,0.308793,0.997489,4.06158,0.132213,0.801802,0.89,788.43,1077.86,1854.59,2969.2,143.734,587.176,1595.02,894.499,2551.33,341.547,549.291,0.363191,-0.0482047,-1.2864,-1.13149,0,0,0,0,0,0.0107116,28.0745,95.8179,1,0.950461,224.542,774.227,392.79,1210.71,325.395,1252.31,1130.36,3795.83,0.0013337
1691509833057097669,2629,1845,759,0.701788,11.7262,27.6171,54.5501,84.5018,196.047,0.513279,418.161,745.098,1190.68,1517.66,1213.98,3809.47,8387.82,64527,1894.58,1585.59,2618.57,654.686,857.765,317.205,110960,10359.4,14839.9,4.33964,9.79885,0,0,0.0933623,0,100.688,144.017,221.628,1352.09,3299.08,9722.45,0,0,2,1,11,0.916667,1,2.76754,2.76754,1.1887,0.0021632,0.0460787,1845,0,0,0,0,0.001,0,0,0,0,0,0,0,0,0,0,0,0,0,0,0,0,0,0,0,0,0,0,0,0,0,0,0,0,0,0,0,0,0,0.0151762,6.37258,12.2155,11.9809,54.911,94.1866,664.183,698.63,1,-0.836919,-0.542678,-0.0711814,0.9687,14.373,0.487605,0.724138,0.84,777.165,1089.24,1884.06,2540.36,150.614,561.546,1769.04,911.699,2754.74,520.202,532.398,0.501285,-0.450949,-0.393398,-0.572207,0,0,0,0,0,0.0106504,13.423,84.9745,1,0.963126,261.921,721.555,419.875,1197.52,411.159,1189.89,1230.71,3869.04,0.00100235
1691509833157069399,2561,1963,579,0.766497,11.9039,27.4114,54.26,77.1902,235.036,0.925449,407.706,739.037,1194.34,1489.33,1212.77,3851.21,7859.51,12182.1,1793.15,1556.87,2692.61,668.309,838.221,288.832,117914,7124.24,11110.7,3.97041,11.3625,0,0,0.0604188,0,97.817,113.522,181.255,1583.3,2768.77,6366.05,0,0,2,1,9,0.9,1,3.21289,3.21289,1.19323,0.00452026,0.0688131,1963,0,0,0,0,0.001,0,0,0,0,0,0,0,0,0,0,0,0,0,0,0,0,0,0,0,0,0,0,0,0,0,0,0,0,0,0,0,0,0,0.0147733,8.05342,17.0738,12.0658,54.9338,93.7707,662.256,701.974,1,0.837084,0.543982,0.0580925,0.999913,0.753714,0.0297203,0.834862,0.91,823.849,1102.71,1927.31,2533.24,157.715,578.891,1871.78,935.275,2811.74,338.832,506.143,-0.739279,-0.0897118,-0.0898145,1.10229,0,0,0,0,0,0.0113237,20.753,78.1809,1,0.971044,235.153,785.045,408.633,1200.97,385.977,1239.16,1227.49,3872.77,0.0014517
1691509833256792964,2588,2072,508,0.800618,11.6408,26.9001,50.1639,76.5711,184.307,1.66757,395.285,715.335,1153.89,1457.78,1222.13,3731.23,7711.98,13748.1,1763.57,1513.05,2566.93,631.886,842.203,260.866,116850,7359.76,11575.4,0.738506,21.8616,0,0,0.0629845,0,103.3,110.874,191.813,1695.29,2954.78,6519.32,0,0,3,3,8,0.727273,1,2.74815,2.74815,1.14052,0.0020651,0.0410666,2072,0,0,0,0,0.001,0,0,0,0,0,0,0,0,0,0,0,0,0,0,0,0,0,0,0,0,0,0,0,0,0,0,0,0,0,0,0,0,0,0.0130309,7.61306,18.0574,11.7764,50.7386,91.9747,671.701,705.325,1,0.83715,0.543399,0.0624261,0.99999,0.250563,0.0208313,0.923077,0.96,870.835,1119.56,1939.18,2338.2,166.459,591.481,1896.77,941.721,2731.03,331.339,535.113,-0.0188712,0.0177192,-1.44087,4.27629,0,0,0,0,0,0.0104328,20.5226,77.4111,1,0.974572,204.474,757.582,396.522,1157.08,310.384,1216.41,1243.09,3745.35,0.00108402
1691509833356703314,2557,2120,419,0.829097,11.9292,26.4625,47.52,69.9787,219.094,2.66189,392.933,684.745,1112.54,1445.1,1165.38,3523.96,7754.5,16221.2,1681.03,1499.49,2327.52,609.579,777.381,298.402,127645,6942.18,11210.6,15.57,15.6871,0,0,0.0543865,0,90.0405,97.7582,216.875,1780.85,3057.9,5967.16,0,0,1,1,8,0.888889,1,2.92279,2.92279,1.13171,5.6572e-07,0.000125036,2120,0,0,0,0,0.001,0,0,0,0,0,0,0,0,0,0,0,0,0,0,0,0,0,0,0,0,0,0,0,0,0,0,0,0,0,0,0,0,0,0.0127358,7.58607,17.4567,12.0642,47.8721,92.9074,683.701,710.391,1,-0.839663,-0.519802,-0.157389,0.99521,5.61049,0.188149,0.851852,0.92,878.61,1136.8,1956.62,2738.19,175.322,613.051,1822.2,915.549,2686.73,317.916,487.443,-0.671292,2.7068,1.06011,-3.42109,0,0,0,0,0,0.0105592,21.9414,70.3061,1,0.977544,214.024,708.415,394.901,1119.04,324.962,1133.72,1177.81,3549.38,0.000977519
1691509833456853839,2676,2269,398,0.847907,10.0828,23.1057,41.295,55.3255,217.343,2.21318,375.892,696.319,1124.24,1454.13,1176.01,3718.26,8743.13,28425.6,1689.43,1726.47,2418.26,596.152,742.134,439.629,127219,8704.55,14465.2,3.33088,9.57924,0,0,0.0684217,0,128.498,132.145,273.259,2072.55,5204.67,6654.05,0,0,2,1,9,0.9,1,2.46192,2.46192,0.764066,0.00480487,0.0537756,2269,0,0,0,0,0.001,0,0,0,0,0,0,0,0,0,0,0,0,0,0,0,0,0,0,0,0,0,0,0,0,0,0,0,0,0,0,0,0,0,0,0,0,10.0828,41.295,90.7701,697.809,712.421,1,0.819069,0.353771,0.451633,0.942715,19.4874,0.656734,0.666667,0.8,870.764,1086.64,1695.66,3645.22,196.381,660.673,1653.42,877.161,2564.04,334.652,425.773,0.0212478,0.0406338,0.782442,0.911487,0,0,0,0,0,0,0,55.3255,0,0.990745,0,0,375.892,1124.24,0,0,1176.01,3718.26,0
1691509833557372641,2505,2069,422,0.825948,10.9499,24.153,42.2255,60.9732,235.187,2.54649,380.299,734.344,1174.46,1518.55,1148.78,3888.45,8878.34,17640.5,1759.35,1478.99,2781.68,645.589,846.497,290.764,128305,8328.39,13157.3,1.05512,13.1022,0,0,0.0649107,0,71.9657,111.053,210.047,2018.09,3438.16,7308,0,0,3,2,9,0.818182,1,2.20945,2.20945,0.905766,0.00534312,0.029262,2069,0,0,0,0,0.001,0,0,0,0,0,0,0,0,0,0,0,0,0,0,0,0,0,0,0,0,0,0,0,0,0,0,0,0,0,0,0,0,0,0.0140164,6.33454,17.2031,11.0586,43.0456,96.6982,695.634,712.668,1,0.836744,0.506661,0.207737,0.958413,16.5818,0.565342,0.666667,0.8,890.15,1195.1,1885.38,2091.42,187.982,611.757,1776.05,903.532,2675.24,346.651,574.074,-0.0265198,0.0744549,-1.0708,-4.03691,0,0,0,0,0,0.0115768,19.0195,61.4924,1,0.981863,250.549,767.175,381.465,1178.65,363.035,1226.53,1164.29,3923.55,0.00118589
1691509833657102222,2590,2212,370,0.854054,10.3012,22.0677,39.6588,53.8358,177.247,3.35804,388.214,688.272,1125.63,1456.54,1224.84,3752.84,8325.61,24961.6,1610.18,1656.67,2472.93,603.367,744.214,417.102,128686,8392.9,13989.2,0.117482,10.0994,0,0,0.06522,0,119.283,136.442,246.898,2205.18,4679.22,6602.2,0,0,3,2,8,0.8,1,2.15924,2.15924,0.763253,0.000660749,0.0221121,2212,0,0,0,0,0.001,0,0,0,0,0,0,0,0,0,0,0,0,0,0,0,0,0,0,0,0,0,0,0,0,0,0,0,0,0,0,0,0,0,0,0,0,10.3012,39.6588,92.3326,704.241,711.426,1,0.828363,0.409224,0.382558,0.979937,11.4965,0.398346,0.769912,0.87,871.933,1146.35,1684.06,2246.25,205.518,664.374,1618.87,880.07,2581.34,330.721,448.553,0.0218273,0.000381912,0.180049,-1.75637,0,0,0,0,0,0,0,53.8358,0,0.988246,0,0,388.214,1125.63,0,0,1224.84,3752.84,0
1691509833757021103,2535,2231,301,0.880079,10.5792,21.632,36.8768,49.8612,198.929,2.79198,385.788,675.873,1102.14,1356.3,1156.64,3657.36,8772.27,23748,1582.96,1500.82,2519.88,623.171,774.083,268.146,129616,8604.22,14011.3,0.374368,10.8698,0,0,0.0663822,0,74.8663,110.968,253.031,1929.51,4714.87,6928.03,0,0,4,4,11,0.733333,1,2.267,2.267,0.73596,0.00272413,0.0422128,2231,0,0,0,0,0.001,0,0,0,0,0,0,0,0,0,0,0,0,0,0,0,0,0,0,0,0,0,0,0,0,0,0,0,0,0,0,0,0,0,0.0134469,6.42724,22.3796,10.6248,37.21,94.3428,688.17,715.487,1,-0.837969,-0.530051,-0.129821,0.960716,16.113,0.551707,0.73913,0.85,914.287,1177,1806.58,2677.79,191.205,618.484,1737.79,917.112,2723.89,342.324,484.478,-0.0657047,-0.364448,-0.0761676,-1.8207,0,0,0,0,0,0.0118343,24.4333,50.0289,1,0.987733,220.854,754.843,387.998,1104.7,340.752,1200.53,1168,3671.03,0.000993262
1691509833856895933,2569,2179,365,0.84819,9.87998,20.8245,37.4296,56.1675,202.198,2.12341,381.716,701.975,1130.48,1444.52,1187.03,3794.97,8985.57,22259.6,1635.13,1654.51,2375.61,625.377,743.452,419.34,124570,8446.43,14013,2.69829,11.7306,0,0,0.0678045,0,80.0829,140.766,256.134,2189.49,4652.18,6694.31,0,0,2,2,8,0.8,1,2.15714,2.15714,0.818104,0.0017725,0.0229318,2179,0,0,0,0,0.001,0,0,0,0,0,0,0,0,0,0,0,0,0,0,0,0,0,0,0,0,0,0,0,0,0,0,0,0,0,0,0,0,0,0,0,0,9.87998,37.4296,95.3827,698.928,713.69,1,0.828284,0.417464,0.373725,0.963871,15.4484,0.524266,0.73913,0.85,878.752,1104.47,1700.6,2007.52,211.987,668.105,1617.69,910.264,2561.93,327.214,445.734,-0.124287,-0.527027,-1.13819,0.762685,0,0,0,0,0,0,0,56.1675,0,0.983938,0,0,381.716,1130.48,0,0,1187.03,3794.97,0
1691509833956938439,2535,2258,268,0.89073,10.6349,20.7321,36.2016,61.4278,181.238,2.42169,383.434,668.401,1079.82,1356.82,1192.55,3620.95,8557.05,23491.8,1496.96,1591.78,2485.75,617.504,699.258,348.014,119657,8056.68,13095.8,2.92071,16.3764,0,0,0.0673315,0,69.1073,102.432,263.369,1717.82,4471.62,6471.41,0,0,2,1,9,0.9,1,2.35339,2.35339,0.893746,0.00289994,0.029975,2258,0,0,0,0,0.001,0,0,0,0,0,0,0,0,0,0,0,0,0,0,0,0,0,0,0,0,0,0,0,0,0,0,0,0,0,0,0,0,0,0,0,0,10.6349,36.2016,91.807,683.22,703.973,1,0.836816,0.47338,0.275046,0.993531,6.52043,0.227249,0.834862,0.91,897.989,1181.04,1765.28,2059.98,217.327,675.828,1588.59,905.675,2633.14,350.997,431.847,0.330242,-0.471959,1.56707,2.38862,0,0,0,0,0,0,0,61.4278,0,0.982285,0,0,383.434,1079.82,0,0,1192.55,3620.95,0
1691509834056745231,2499,2292,205,0.917167,10.2282,19.8714,34.6364,49.6424,183.118,2.07724,369.47,642.384,1042.46,1356.46,1155.96,3610.97,8323.88,21209.2,1451.91,1477.41,2550.57,596.539,698.892,301.783,127951,8453.84,13764.6,5.54265,16.4725,0,0,0.0660711,0,64.1055,97.4927,268.788,1844.05,4752.88,6737.29,0,0,3,2,11,0.846154,1,2.2569,2.2569,0.762581,7.72264e-05,0.0174901,2292,0,0,0,0,0.001,0,0,0,0,0,0,0,0,0,0,0,0,0,0,0,0,0,0,0,0,0,0,0,0,0,0,0,0,0,0,0,0,0,0,0,0,10.2282,34.6364,93.2204,688.419,708.361,1,0.838897,0.498407,0.218727,0.998099,3.53366,0.119616,0.904762,0.95,927.532,1193.49,1773.63,2188.28,219.401,664.56,1635.21,963.624,2689.82,362.066,424.34,-1.41076,0.107862,0.448142,3.00182,0,0,0,0,0,0,0,49.6424,0,0.987347,0,0,369.47,1042.46,0,0,1155.96,3610.97,0
1691509834156859117,2487,2247,230,0.903498,10.2057,19.9571,34.1481,49.9395,186.145,2.6193,358.454,645.734,1047.43,1395.4,1118,3638.97,8525.93,17508.1,1469.06,1448.82,2511.66,578.202,700.553,298.084,134853,8167.59,13162.1,8.5516,12.572,0,0,0.0605666,0,71.91,94.0752,240.235,1726.32,4324.69,6704.83,0,0,2,1,9,0.9,1,2.44126,2.44126,0.755864,0.00129729,0.0557022,2247,0,0,0,0,0.001,0,0,0,0,0,0,0,0,0,0,0,0,0,0,0,0,0,0,0,0,0,0,0,0,0,0,0,0,0,0,0,0,0,0,0,0,10.2057,34.1481,93.8725,689.125,712.002,1,0.839664,0.511515,0.182528,0.999259,2.20641,0.073571,0.886792,0.94,922.669,1175.45,1720.33,2294.51,218.304,658.615,1634.81,930.625,2762.45,334.311,442.198,-0.357044,0.192763,-0.833215,-0.199888,0,0,0,0,0,0,0,49.9395,0,0.986649,0,0,358.454,1047.43,0,0,1118,3638.97,0
1691509834256833376,2489,2189,293,0.87947,10.3484,20.3371,37.9112,57.6076,211.704,2.33986,373.293,658.786,1064.25,1426.37,1171.39,3833.73,9103.73,21668.3,1490.38,1655.56,2593.15,615.871,706.717,328.545,129096,8917.8,14534.7,31.5025,16.6678,0,0,0.0690786,0,73.6344,93.724,260.174,1896.94,5298.12,6912.08,0,0,1,1,8,0.888889,1,2.41439,2.41439,0.87609,3.19424e-07,0.000256234,2189,0,0,0,0,0.001,0,0,0,0,0,0,0,0,0,0,0,0,0,0,0,0,0,0,0,0,0,0,0,0,0,0,0,0,0,0,0,0,0,0,0,0,10.3484,37.9112,92.6154,680.801,705.584,1,0.836966,0.510793,0.196415,0.9999,0.811603,0.0342432,0.923077,0.96,916.202,1179.51,1692.34,2186.88,225.003,673.131,1595.88,931.892,2750.86,349.911,432.098,-0.665285,-2.13678,-1.03608,-0.27318,0,0,0,0,0,0,0,57.6076,0,0.984468,0,0,373.293,1064.25,0,0,1171.39,3833.73,0
1691509834356921549,2476,2158,313,0.871567,10.6518,20.7085,34.5782,50.8543,181.476,0.968742,376.082,666.014,1087.96,1400.16,1168.69,3836.79,8600.02,20642.7,1467.82,1798.84,2605.21,641.047,677.618,335.111,131802,8928.82,14427,3.15883,15.8091,0,0,0.0677443,0,76.2499,93.8302,265.667,1757.45,5190.22,7043.55,0,0,2,1,9,0.9,1,2.07974,2.07974,0.783269,0.00204207,0.0236184,2158,0,0,0,0,0.001,0,0,0,0,0,0,0,0,0,0,0,0,0,0,0,0,0,0,0,0,0,0,0,0,0,0,0,0,0,0,0,0,0,0,0,0,10.6518,34.5782,89.5024,677.008,709.49,1,-0.83639,-0.538387,-0.102917,0.995248,5.5878,0.196053,0.904762,0.95,915.519,1124.22,1690.05,2275.81,225.099,665.094,1652.1,907.476,2831.63,345.419,419.239,-0.1125,0.318509,1.15126,-0.644279,0,0,0,0,0,0,0,50.8543,0,0.982854,0,0,376.082,1087.96,0,0,1168.69,3836.79,0
1691509834457066367,2386,2081,302,0.872171,9.71387,18.9958,32.6413,48.629,202.534,1.54857,366.433,630.942,1024.74,1332.36,1149.59,3784.5,8305.33,24518.8,1396.21,1689.26,2530.23,592.54,651.972,329.216,131773,7968.01,12860.6,0.237544,11.7518,0,0,0.0604679,0,62.3883,70.0696,225.47,1536.96,4795.81,6169.89,0,0,4,3,8,0.727273,1,2.21767,2.21767,0.641548,0.00290571,0.0513223,2081,0,0,0,0,0.001,0,0,0,0,0,0,0,0,0,0,0,0,0,0,0,0,0,0,0,0,0,0,0,0,0,0,0,0,0,0,0,0,0,0,0,0,9.71387,32.6413,89.9194,675.58,716.5,1,-0.838232,-0.539755,-0.0776662,0.999679,1.45274,0.0525813,0.869159,0.93,926.795,1114.45,1702.82,2286.64,224.883,683.442,1614.04,923.101,2818.7,302.525,352.263,-0.0089265,-0.00900241,1.43002,-0.367762,0,0,0,0,0,0,0,48.629,0,0.987025,0,0,366.433,1024.74,0,0,1149.59,3784.5,0
1691509834557057710,2375,2114,254,0.890105,9.53856,19.7963,36.1402,56.5217,182.702,2.17817,344.289,577.751,959.882,1300.09,1088.09,3486.25,7788.61,12634.4,1305.37,1569.06,2315.56,574.987,614.298,312.921,129207,6492.64,10482,11.2785,19.7463,0,0,0.05025,0,71.7433,76.4434,207.676,1388.54,3368.95,5368.64,0,0,3,2,11,0.846154,1,2.08632,2.08632,0.776007,0.000206347,0.0387493,2114,0,0,0,0,0.001,0,0,0,0,0,0,0,0,0,0,0,0,0,0,0,0,0,0,0,0,0,0,0,0,0,0,0,0,0,0,0,0,0,0,0,0,9.53856,36.1402,89.666,676.179,714.155,1,-0.838551,-0.533628,-0.109873,0.999463,1.87861,0.0635004,0.886792,0.94,923.627,1110.17,1663.29,2253.28,230.839,697.074,1590.07,915.51,2827.26,266.266,351.022,-0.860378,-0.354564,0.257887,-3.11685,0,0,0,0,0,0,0,56.5217,0,0.980605,0,0,344.289,959.882,0,0,1088.09,3486.25,0
1691509834656974614,2334,2098,234,0.898886,10.7504,21.5854,37.9046,62.6068,229.516,1.79176,354.074,613.908,997.257,1321.5,1104.49,3599.87,8234.9,13052.9,1349.79,1685.3,2408.75,591.916,636.389,322.441,129912,6947.86,11323.4,0.339862,25.4337,0,0,0.0534811,0,72.5234,81.7349,252.347,1521.13,3764.1,5631.59,0,0,5,4,12,0.75,1,2.64761,2.64761,0.866469,0.00525936,0.0538188,2098,0,0,0,0,0.001,0,0,0,0,0,0,0,0,0,0,0,0,0,0,0,0,0,0,0,0,0,0,0,0,0,0,0,0,0,0,0,0,0,0,0,0,10.7504,37.9046,90.9066,660.013,704.081,1,-0.837273,-0.53304,-0.121832,0.999928,0.689914,0.025687,0.904762,0.95,916.26,1097.92,1653.13,2435.07,239.29,695.105,1605.29,895.349,2832.03,313.449,365.129,-0.214305,0.0240132,1.99408,-4.71184,0,0,0,0,0,0,0,62.6068,0,0.979028,0,0,354.074,997.257,0,0,1104.49,3599.87,0
1691509834756739660,2312,2102,209,0.90917,11.2124,23.2357,42.1079,63.514,227.597,2.48402,368.823,654.24,1092.56,1413.3,1168.26,3980.47,8625.45,19024.8,1506.09,1917.72,2660.81,640.989,691.321,341.204,130267,8444.58,13460.1,10.6324,27.7642,0,0,0.0648253,0,65.4477,75.7582,258.56,1545.2,4628.99,6886.14,0,0,2,2,8,0.8,1,1.95563,1.95563,0.919379,0.00195429,0.0588387,2102,0,0,0,0,0.001,0,0,0,0,0,0,0,0,0,0,0,0,0,0,0,0,0,0,0,0,0,0,0,0,0,0,0,0,0,0,0,0,0,0,0,0,11.2124,42.1079,92.5302,658.66,714.81,1,-0.836709,-0.540871,-0.0858832,0.999323,2.10839,0.0740574,0.904762,0.95,909.155,1100.18,1687.03,2723.18,237.5,704.411,1636.15,908.599,2853.3,358.95,405.77,-0.0825046,-0.211765,-1.21407,-5.66977,0,0,0,0,0,0,0,63.514,0,0.981446,0,0,368.823,1092.56,0,0,1168.26,3980.47,0
1691509834856624806,2268,2077,190,0.915785,9.37199,18.8658,31.1105,41.5897,205.488,2.22008,353.604,612.106,1039.18,1348.51,1100.09,3590.3,8079.09,26651.6,1452.85,1553.43,2554.75,598.572,673.577,250.342,130429,7782.17,11895.1,10.2372,15.8665,0,0,0.0596659,0,53.5427,78.129,205.125,1568.99,2975.24,7014.08,0,0,2,2,8,0.8,1,1.83253,1.83253,0.470887,0.004149,0.0326597,2077,0,0,0,0,0.001,0,0,0,0,0,0,0,0,0,0,0,0,0,0,0,0,0,0,0,0,0,0,0,0,0,0,0,0,0,0,0,0,0,0,0,0,9.37199,31.1105,89.4815,655.89,711.628,1,0.837737,0.543544,0.0525014,0.999439,1.91975,0.0630549,0.869159,0.93,901.658,1128.21,1677.55,2685.67,237.493,710.802,1591.28,909.085,2897.03,301.972,441.157,0.0522296,0.16873,1.82598,4.26519,0,0,0,0,0,0,0,41.5897,0,0.995185,0,0,353.604,1039.18,0,0,1100.09,3590.3,0
1691509834956694336,2230,2038,189,0.913901,9.22531,18.3038,31.6299,43.4052,137.688,1.56694,368.95,658.25,1045.22,1352.96,1141.98,4075.82,8215.99,13025.1,1489.21,1872.39,2643.68,603.032,685.518,385.637,129379,7819.52,12519.9,0.371936,7.72659,0,0,0.060439,0,75.0162,92.1385,221.176,1587.81,4052.23,6491.54,0,0,4,4,10,0.714286,1,1.86123,1.86123,0.442038,0.00381964,0.047913,2038,0,0,0,0,0.001,0,0,0,0,0,0,0,0,0,0,0,0,0,0,0,0,0,0,0,0,0,0,0,0,0,0,0,0,0,0,0,0,0,0,0,0,9.22531,31.6299,92.2256,658.242,707.532,1,-0.838909,-0.534655,-0.101858,0.998742,2.87448,0.100048,0.886792,0.94,900.235,1108.35,1625.94,2645.56,245.011,708.651,1543.16,905.048,2812.99,295.864,379.71,0.215183,0.0449648,-0.722279,-1.5997,0,0,0,0,0,0,0,43.4052,0,0.997547,0,0,368.95,1045.22,0,0,1141.98,4075.82,0
1691509835057110691,2307,1988,315,0.861725,8.60031,18.1548,31.7179,47.6707,179.152,0.571979,359.422,652.44,1066.42,1333.36,1081.09,3878.99,8344.16,26041.5,1481.49,1711.95,2615.66,602.825,689.799,340.424,127524,7863.49,12512.1,0.340972,7.00826,0,0,0.0616626,0,63.8527,79.7767,233.516,1452.09,4201.36,6481.47,0,0,6,6,12,0.666667,1,2.00703,2.00703,0.546194,0.00461665,0.068872,1988,0,0,0,0,0.001,0,0,0,0,0,0,0,0,0,0,0,0,0,0,0,0,0,0,0,0,0,0,0,0,0,0,0,0,0,0,0,0,0,0.0181087,5.10752,17.1375,8.65988,32.148,94.3583,658.228,706.414,1,0.838593,0.540234,0.0700692,0.999479,1.84933,0.0628343,0.923077,0.96,897.649,1085.63,1605.96,2681.38,240.983,704.205,1518.79,909.734,2847.76,323.251,354.75,-0.326162,-0.0980047,1.42559,1.52825,0,0,0,0,0,0.0156047,19.9265,48.3886,1,0.989754,228.054,736.107,361.011,1075.39,320.945,1191.08,1093.52,3918.85,0.00130234
1691509835157147455,2176,1940,235,0.891544,10.3907,19.8534,34.7614,55.9053,201.739,1.113,367.644,637.627,1077.81,1338.38,1137.97,3954.21,8237.1,17337.7,1420.58,1822.73,2720.92,616.669,667.469,354.861,128240,7471.42,11954.7,0.00111992,15.2913,0,0,0.0582612,0,66.2017,68.7319,234.152,1353.08,4228.93,6003.62,0,0,4,4,0,0,1,1.93736,1.93736,0.703931,0.0016484,0.0723344,1940,0,0,0,0,0.001,0,0,0,0,0,0,0,0,0,0,0,0,0,0,0,0,0,0,0,0,0,0,0,0,0,0,0,0,0,0,0,0,0,0,0,0,10.3907,34.7614,92.0034,662.926,706.07,1,-0.837167,-0.540216,-0.0855422,0.999879,0.890297,0.0298289,0.886792,0.94,908.628,1081.59,1599.06,2704.27,247.049,707.128,1508.46,894.438,2867.09,309.116,358.074,-7.8943e-05,0.000308512,-0.341408,-3.4306,0,0,0,0,0,0,0,55.9053,0,0.983505,0,0,367.644,1077.81,0,0,1137.97,3954.21,0
1691509835257153205,2143,1947,195,0.908539,9.25278,18.0844,30.6421,47.56,188.583,1.37752,336.238,609.993,1021.48,1288.86,1066.3,3782.84,7874.99,12940.9,1369.12,1681,2555.04,599.636,625.048,345.374,132551,6372.63,10191,0.15372,10.6974,0,0,0.048077,0,54.6874,69.4145,206.884,1184.03,3465.88,5210.14,0,0,4,3,11,0.785714,1,1.86169,1.86169,0.528327,0.00345499,0.0658401,1947,0,0,0,0,0.001,0,0,0,0,0,0,0,0,0,0,0,0,0,0,0,0,0,0,0,0,0,0,0,0,0,0,0,0,0,0,0,0,0,0,0,0,9.25278,30.6421,90.6489,659.251,704.1,1,-0.837441,-0.538255,-0.0947312,0.999956,0.538572,0.0192244,0.941748,0.97,897.699,1087.98,1670.53,2620.97,252.317,706.826,1520.19,925.303,2865.17,281.688,306.903,0.0404738,-0.0476856,-1.16118,-1.6806,0,0,0,0,0,0,0,47.56,0,0.989214,0,0,336.238,1021.48,0,0,1066.3,3782.84,0
1691509835357194239,2166,1962,203,0.905817,9.1883,17.3909,33.8225,56.7749,201.553,-0.191308,328.065,597.513,1015.27,1288.23,1036.84,3814.64,8009.74,20810.8,1381.43,1762.39,2511.45,542.361,628.691,369.754,130492,6883.21,11186.1,0.452135,12.7081,0,0,0.0527481,0,66.3332,71.432,210.972,1336.05,4302.5,5198.84,0,0,3,2,8,0.8,1,1.81143,1.81143,0.64792,0.0040834,0.0569313,1962,0,0,0,0,0.001,0,0,0,0,0,0,0,0,0,0,0,0,0,0,0,0,0,0,0,0,0,0,0,0,0,0,0,0,0,0,0,0,0,0,0,0,9.1883,33.8225,89.1284,669.028,706.843,1,-0.837642,-0.53,-0.132124,0.999267,2.1942,0.0754163,0.941748,0.97,900.656,1099.78,1620.81,2665.25,257.116,695.408,1520.41,905.707,2821.38,257.206,307.979,-0.0416621,-0.0176672,0.388179,-2.31215,0,0,0,0,0,0,0,56.7749,0,0.9842,0,0,328.065,1015.27,0,0,1036.84,3814.64,0
1691509835457090882,2128,1939,188,0.911184,7.89726,16.1233,28.8597,40.8633,213.986,0.866994,315.338,578.537,931.161,1266.27,995.524,3475.6,7577.83,19409.9,1342.76,1503.66,2457.24,548.902,624.611,278.291,127385,5893.49,9226.21,1.03652,8.43532,0,0,0.046265,0,55.192,61.736,167.774,1123.05,2710.71,5107.74,0,0,3,2,9,0.818182,1,1.8953,1.8953,0.422176,0.00537423,0.0564322,1939,0,0,0,0,0.001,0,0,0,0,0,0,0,0,0,0,0,0,0,0,0,0,0,0,0,0,0,0,0,0,0,0,0,0,0,0,0,0,0,0.0170191,4.84761,11.7439,7.91573,29.2448,86.0792,665.573,713.348,1,0.837842,0.541295,0.0708589,0.998059,3.56998,0.123502,0.904762,0.95,884.322,1076.85,1640.7,2662.12,249.083,707.043,1539.43,880.052,2816.82,241.824,307.747,0.15347,0.0455028,0.295789,2.11236,0,0,0,0,0,0.0155075,20.9572,40.9811,1,0.993704,184.18,734.484,317.968,935.864,259.647,1157.91,1011.02,3496.03,0.00133392
1691509835556996802,2118,1889,228,0.891879,8.07851,15.9628,28.6073,44.5349,148.475,-0.153568,338.919,630.398,1034.18,1298.83,1109.65,3817.13,7833.03,11943.6,1414.76,1775.85,2598.56,573.972,644.896,381.658,133130,6526.58,10465.6,50.6335,8.7858,0,0,0.0490242,0,60.6103,74.7526,192.054,1344.53,3377.41,5416.22,0,0,1,1,8,0.888889,1,2.02659,2.02659,0.460375,1.70757e-06,0.000399179,1889,0,0,0,0,0.001,0,0,0,0,0,0,0,0,0,0,0,0,0,0,0,0,0,0,0,0,0,0,0,0,0,0,0,0,0,0,0,0,0,0,0,0,8.07851,28.6073,86.8644,679.67,707.465,1,0.839125,0.513824,0.178475,0.993831,6.36738,0.215199,0.834862,0.91,898.961,1069.15,1598.61,2507.41,265.213,715.56,1499.1,911.03,2772.77,237.697,319.646,-2.90269,10.3948,-0.214605,2.01761,0,0,0,0,0,0,0,44.5349,0,0.99153,0,0,338.919,1034.18,0,0,1109.65,3817.13,0
1691509835656965975,2049,1740,308,0.849195,8.62857,16.5449,29.127,40.6862,169.921,0.10387,356.461,630.578,1020.24,1284.78,1087.87,3861.34,7872.57,11064.4,1480.14,1641.58,2645.72,589.028,663.021,318.542,129873,5953.92,9261.01,9.14737e-05,4.37733,0,0,0.0458443,0,56.1504,73.6665,181.694,1202.4,2467.66,5279.44,0,0,5,5,0,0,1,2.22942,2.22942,0.369466,0.00585517,0.0269804,1740,0,0,0,0,0.001,0,0,0,0,0,0,0,0,0,0,0,0,0,0,0,0,0,0,0,0,0,0,0,0,0,0,0,0,0,0,0,0,0,0.0201149,7.17692,17.4117,8.64513,29.3592,89.2382,666.689,710.073,1,0.839033,0.539195,0.0727469,0.994089,6.23284,0.212495,0.851852,0.92,897.563,1069.3,1688.67,2607.54,252.913,704.819,1543.21,862.681,2816.61,252.39,302.42,2.81952e-05,5.33072e-05,1.30702,-0.968445,0,0,0,0,0,0.0170815,21.8705,41.111,1,0.992962,237.125,746.805,360.18,1032.7,334.778,1163.52,1114.08,3898.32,0.00157069
1691509835757143920,2069,1820,249,0.879652,8.29782,16.086,29.1474,40.3591,123.7,0.399672,356.736,642.276,1042.9,1335.43,1095.44,3803.12,8338.39,16662.5,1384.27,1655.81,2701.8,603.063,646.461,298.146,126274,6595.7,10500.2,6.23642,7.61727,0,0,0.052233,0,65.1411,76.9695,214.907,1328.55,3217.13,5597.49,0,0,2,1,8,0.888889,1,1.83978,1.83978,0.370969,0.00391434,0.0780856,1820,0,0,0,0,0.001,0,0,0,0,0,0,0,0,0,0,0,0,0,0,0,0,0,0,0,0,0,0,0,0,0,0,0,0,0,0,0,0,0,0.0181319,4.6734,12.648,8.37102,29.3091,86.9575,660.726,711.317,1,0.836476,0.543432,0.0706372,0.999986,0.308235,0.00433761,0.923077,0.96,877.678,1067.74,1696.04,2720.08,254.236,711.625,1521.99,862.715,2791.39,275.142,322.408,0.16221,0.203356,0.468741,-1.49494,0,0,0,0,0,0.0159497,14.1608,40.7024,1,0.994404,247.989,740.295,357.688,1045.89,346.348,1168.78,1113.42,3871.89,0.00145285
1691509835857281131,2064,1846,218,0.89438,7.93346,15.7114,26.8771,38.8881,139.605,0.251258,342.826,640.863,1055.01,1327.31,1060.23,3786.16,7927.52,17199.7,1478.05,1677.35,2597.68,604.476,634.771,308.945,132017,6330.87,10032.3,1.90934,2.4207,0,0,0.0479551,0,61.2703,71.7368,204.572,1325.35,2910.12,5459.28,0,0,3,3,7,0.7,1,1.57323,1.57323,0.350723,0.00344946,0.0492639,1846,0,0,0,0,0.001,0,0,0,0,0,0,0,0,0,0,0,0,0,0,0,0,0,0,0,0,0,0,0,0,0,0,0,0,0,0,0,0,0,0.0200433,7.84937,15.9283,7.94066,27.046,87.9084,670.854,714.237,1,-0.839747,-0.537619,-0.0760973,0.999963,0.493883,0.0105928,0.941748,0.97,869.38,1060.45,1689.97,2699.48,254.011,683.942,1521.8,883.486,2825.84,269.35,325.016,-0.00312095,0.140571,-0.20863,-0.460279,0,0,0,0,0,0.0179264,19.0682,39.2457,1,0.995578,224.322,753.032,343.939,1065.27,334.57,1214.53,1072.34,3824.31,0.00208958
1691509835957409604,2113,1890,222,0.894463,8.04085,15.5836,28.2323,40.2642,140.234,0.912633,342.465,626.632,1021.83,1282.74,1074.22,3871.77,7614.37,14458.8,1463.92,1706.89,2755.51,575.539,667.41,305.242,129762,6580.98,10223,0.00669167,4.08241,0,0,0.0507158,0,60.2736,77.1243,206.616,1341.65,2685.33,5852.01,0,0,5,4,1,0.2,1,1.48175,1.48175,0.379477,0.0020487,0.0419713,1890,0,0,0,0,0.001,0,0,0,0,0,0,0,0,0,0,0,0,0,0,0,0,0,0,0,0,0,0,0,0,0,0,0,0,0,0,0,0,0,0.0195767,5.92687,14.4581,8.11871,28.3659,91.0561,670.237,717.707,1,-0.8416,-0.533663,-0.0831486,0.999966,0.475243,0.0135954,0.923077,0.96,864.66,1068.99,1682.78,2685.38,253.474,678.433,1537.4,854.681,2835.27,268.936,332.2,-0.000696684,0.00191217,0.852462,-0.979324,0,0,0,0,0,0.0175106,18.9905,40.6821,1,0.993524,174.823,655.016,344.729,1026.45,261.55,1001.93,1090.19,3940.59,0.00124363
1691509836057722991,2154,1998,154,0.927577,8.79341,17.6178,31.1468,49.5923,202.539,0.644405,332.413,604.634,1048.01,1354.35,1057.41,4019.16,7906.19,14785,1447.49,1802.83,2594.35,588.77,655.37,387.284,131989,6846.06,11153.2,0.164553,5.18847,0,0,0.0518683,0,72.6466,86.7365,226.168,1452.21,3849.43,5466.04,0,0,4,3,11,0.785714,1,1.60902,1.60902,0.593169,0.00491943,0.0571756,1998,0,0,0,0,0.001,0,0,0,0,0,0,0,0,0,0,0,0,0,0,0,0,0,0,0,0,0,0,0,0,0,0,0,0,0,0,0,0,0,0.018018,8.0954,18.0094,8.83844,31.6843,89.3873,677.453,710.16,1,-0.839439,-0.531977,-0.111093,0.999606,1.60885,0.0590683,0.904762,0.95,849.394,1081.86,1653.58,2651.61,260.71,672.166,1530.45,855.499,2797.73,286.132,325.737,-0.111925,0.00672558,-1.50721,-1.26474,0,0,0,0,0,0.0167131,19.2763,50.6749,1,0.986239,187.152,676.266,333.206,1058.03,279.25,1062.21,1076.45,4068.94,0.00128586
1691509836157405918,2145,1947,195,0.907692,9.19629,18.9414,35.0587,52.3688,193.702,0.332043,328.851,623.86,1085.73,1349.96,1021.1,4019.84,7913.38,20459.5,1528.43,1666.38,2704.01,584.379,675.199,314.9,126742,7296.31,11478.4,5.23344,11.7929,0,0,0.0575681,0,65.6823,78.063,264.257,1453.76,3258.77,6357.9,0,0,2,2,8,0.8,1,1.63813,1.63813,0.596423,0.000749761,0.0475465,1947,0,0,0,0,0.001,0,0,0,0,0,0,0,0,0,0,0,0,0,0,0,0,0,0,0,0,0,0,0,0,0,0,0,0,0,0,0,0,0,0.0174628,4.71409,14.1085,9.25767,35.5117,91.6841,666.792,709.524,1,-0.83839,-0.540182,-0.0728415,0.999234,2.24248,0.0837262,0.923077,0.96,839.447,1074.62,1698.56,2715.61,256.157,673.59,1522.2,881.987,2796.74,360.756,383.204,0.0816629,-0.328479,0.654805,-2.43842,0,0,0,0,0,0.0158508,20.2587,52.5969,1,0.987977,168.457,674.699,331.698,1093.21,261.022,1106.15,1049.51,4043.81,0.00113703
1691509836257466177,2214,2005,208,0.905601,9.35466,19.1311,35.7538,52.7679,229.54,-0.0294653,319.076,615.352,1030.97,1306.25,998.625,3828.47,7720.41,14073.2,1482.36,1750.99,2657.76,547.999,670.91,339.901,127746,6783.24,10825.9,0.417474,14.0654,0,0,0.0530996,0,64.8583,81.951,221.521,1467.15,3193.97,5796.41,0,0,4,3,11,0.785714,1,1.90198,1.90198,0.635931,0.00373762,0.027231,2005,0,0,0,0,0.001,0,0,0,0,0,0,0,0,0,0,0,0,0,0,0,0,0,0,0,0,0,0,0,0,0,0,0,0,0,0,0,0,0,0.0149626,5.60151,16.5686,9.41277,36.2333,92.495,680.112,713.393,1,-0.840486,-0.532007,-0.102718,0.999518,1.77886,0.0696504,0.904762,0.95,845.658,1084.96,1661.4,2894.69,258.32,666.437,1522.89,907.741,2805.81,266.202,343.456,-0.00942691,-0.0253738,-1.97928,-3.23805,0,0,0,0,0,0.0135501,18.4572,53.2519,1,0.986835,191.34,756.067,320.003,1041.42,281.26,1200.4,1007.47,3850.22,0.00126436
1691509836357458738,2153,1936,212,0.89921,9.67638,19.0781,37.5722,55.5974,202.336,-0.579755,315.278,605.001,1052.58,1313.82,996.412,3763.98,7790.07,12871.7,1505.94,1652.15,2685.05,547.195,674.795,334.649,127480,6573.58,10366,0.365229,15.0484,0,0,0.0515658,0,62.3475,76.7433,194.536,1479.05,2793.98,5759.38,0,0,5,4,9,0.692308,1,1.839,1.839,0.614792,0.00308736,0.0328344,1936,0,0,0,0,0.001,0,0,0,0,0,0,0,0,0,0,0,0,0,0,0,0,0,0,0,0,0,0,0,0,0,0,0,0,0,0,0,0,0,0.0160124,5.07277,16.2056,9.75118,37.8988,91.7599,661.789,718.451,1,0.838616,0.540347,0.0689045,0.999392,1.99841,0.0734221,0.960784,0.98,833.652,1072.51,1700.06,2943.04,257.986,672.028,1567.25,889.706,2816.19,245.776,348.076,0.00885258,0.000644649,1.45273,3.8301,0,0,0,0,0,0.0143985,21.253,55.7962,1,0.991601,190.667,751.72,316.588,1060.18,283.49,1192.26,1012.05,3795.49,0.0013389
1691509836457529213,2135,1915,215,0.896956,9.98176,20.0128,36.2313,56.4168,223.25,-1.09082,312.967,581.242,1001.11,1334.63,969.175,3770.35,7673.91,11912.7,1433.04,1576.34,2690.83,554.524,674.69,309.53,129065,6348.88,9664.89,0.917965,13.4829,0,0,0.0491913,0,55.6945,68.006,178.912,1271.88,2324.21,5766.19,0,0,2,1,8,0.888889,1,1.73944,1.73944,0.696762,0.0019603,0.0114288,1915,0,0,0,0,0.001,0,0,0,0,0,0,0,0,0,0,0,0,0,0,0,0,0,0,0,0,0,0,0,0,0,0,0,0,0,0,0,0,0,0.0151436,6.75057,18.1283,10.0008,36.5728,88.9559,665.507,715.537,1,0.837703,0.542849,0.0597362,0.999954,0.547016,0.0213319,0.941748,0.97,840.696,1079.28,1745.06,2975.44,256.671,665.342,1608.59,901.061,2853.5,234.894,331.201,0.0362601,0.268751,1.67639,2.82885,0,0,0,0,0,0.0135831,20.4408,56.7478,1,0.987275,202.718,762.333,313.982,1007.35,300.664,1227.11,977.355,3799.02,0.0013324
1691509836557365353,2158,1940,208,0.898981,10.2566,20.8615,39.1074,58.6066,223.428,-0.373829,306.521,578.458,979.786,1284.78,926.018,3718.6,7834.25,13677.2,1423.59,1493.79,2611.19,529.758,679.854,309.775,131200,6315.55,9653.92,3.11788,10.4062,0,0,0.0481367,0,54.4985,62.3521,169.687,1261.73,2408.47,5697.18,0,0,3,3,8,0.727273,1,1.87463,1.87463,0.759219,0.00177564,0.0225372,1940,0,0,0,0,0.001,0,0,0,0,0,0,0,0,0,0,0,0,0,0,0,0,0,0,0,0,0,0,0,0,0,0,0,0,0,0,0,0,0,0.0170103,4.64534,15.8251,10.3287,39.5397,91.6209,660.528,720.851,1,0.836352,0.547025,0.0357743,0.999703,1.3958,0.0545411,0.980198,0.99,827.622,1100.95,1811.95,2924.15,253.111,656.628,1596.86,903.959,2884.5,243.584,333.884,-0.0881807,-0.162738,0.797783,2.14809,0,0,0,0,0,0.0152919,18.2037,59.0034,1,0.981647,231.483,726.828,306.674,985.939,343.5,1092.53,933.041,3728.42,0.00145196
1691509836657403615,2114,1925,181,0.910596,11.6231,23.3504,45.1273,70.0236,252.288,-0.555137,310.074,588.419,1006.7,1292,923.442,3856.24,7781.55,11682.4,1365.59,1549.9,2734.17,562.095,656.712,281.938,134707,6309.09,9769.55,0.176807,9.40983,0,0,0.0468356,0,40.7142,58.302,188.678,1372.38,2473.81,5635.67,0,0,4,3,8,0.727273,1,1.98217,1.98217,1.01216,0.0034198,0.0185613,1925,0,0,0,0,0.001,0,0,0,0,0,0,0,0,0,0,0,0,0,0,0,0,0,0,0,0,0,0,0,0,0,0,0,0,0,0,0,0,0,0.0192208,6.54694,18.7192,11.759,45.9416,86.4657,669.465,721.069,1,0.838461,0.544768,0.0145213,0.999769,1.23053,0.0415446,0.960784,0.98,818.826,1110.67,1818.18,2885.64,248.219,651.308,1648.69,913.432,2885.4,276.09,323.657,0.000966689,0.00499733,0.631502,1.89962,0,0,0,0,0,0.0175024,26.211,71.0343,1,0.975106,217.64,746.027,311.753,1018.66,306.453,1179.58,944.487,3905.34,0.00150056
1691509836757230272,2060,1849,198,0.897573,11.8847,25.5721,51.8671,80.4696,241.648,0.0242486,318.678,597.876,1025.12,1324.7,962.37,3852.11,7922.48,11938.9,1382.27,1666.25,2872.6,579.605,674.288,291.447,132625,6395.45,9790.87,0.679468,5.42764,0,0,0.0482222,0,43.3223,58.7303,183.579,1315.17,2422.53,5767.53,0,0,3,2,8,0.8,1,1.73101,1.73101,1.19542,0.000968488,0.0335071,1849,0,0,0,0,0.001,0,0,0,0,0,0,0,0,0,0,0,0,0,0,0,0,0,0,0,0,0,0,0,0,0,0,0,0,0,0,0,0,0,0.01947,5.8697,12.4053,12.0408,52.4251,88.0894,672.241,714.67,1,0.837254,0.544886,0.0458827,0.999507,1.79829,0.0704488,0.923077,0.96,818.061,1103.45,1863.16,3093.75,251.989,655.971,1780.16,874.317,2853.85,264.818,332.562,-0.0317269,0.0662607,0.204651,0.238866,0,0,0,0,0,0.0174757,13.7071,80.8331,1,0.964699,250.655,688.548,319.621,1032.59,362.221,1063.85,979.021,3961.26,0.00152136
1691509836856928737,2059,1891,161,0.918407,12.0088,26.3946,53.5549,76.6649,227.803,-0.0492558,316.555,598.253,976.466,1305.11,1009.42,3708.87,7775.43,12468.4,1449.37,1591.46,2657.94,581.059,657.909,317.933,130875,6333.12,9679.28,0.0110165,7.14957,0,0,0.0483905,0,59.1203,65.3463,178.241,1285.21,2360.15,5731.22,0,0,4,4,0,0,1,1.62845,1.62845,1.13643,0.00377784,0.0663726,1891,0,0,0,0,0.001,0,0,0,0,0,0,0,0,0,0,0,0,0,0,0,0,0,0,0,0,0,0,0,0,0,0,0,0,0,0,0,0,0,0.0222105,7.28851,12.633,12.2589,54.1931,85.1654,666.312,709.523,1,0.836646,0.546884,0.0306824,0.999882,0.879092,0.0328519,0.960784,0.98,809.189,1101.64,1936.42,3120.99,252.206,654.908,1784.54,860.603,2825.58,245.092,330.999,-0.00104141,0.000987653,0.0315976,1.01311,0,0,0,0,0,0.0203983,14.2135,77.3376,1,0.968091,209.96,739.623,317.664,995.657,309.118,1166.6,1020.96,3737.51,0.00170353
1691509836956652938,2052,1855,191,0.903996,12.6093,26.3824,52.0458,77.3931,251.308,0.498655,315.017,602.3,1013.22,1314.1,992.87,3766.81,7640.52,11751.3,1490.18,1580.62,2807.83,572.314,688.437,284.297,130693,6132.24,9319.16,38.5075,5.08099,0,0,0.0469208,0,46.6051,54.6091,164.99,1194.65,2306.15,5552.16,0,0,1,1,8,0.888889,1,1.78162,1.78162,1.14468,9.75998e-07,0.000315345,1855,0,0,0,0,0.001,0,0,0,0,0,0,0,0,0,0,0,0,0,0,0,0,0,0,0,0,0,0,0,0,0,0,0,0,0,0,0,0,0,0.0253369,5.38834,18.4574,12.8373,52.9555,85.1173,663.389,707.494,1,0.83418,0.548752,0.0549082,0.999702,1.39934,0.0479513,0.941748,0.97,812.556,1094.9,2091.78,3158.35,250.556,653.683,1790.33,849.305,2880.89,243.949,334.226,0.780552,-6.21342,-0.609924,-0.0392629,0,0,0,0,0,0.0229045,23.0306,79.0758,1,0.967367,196.711,693.409,319.083,1033.72,293.362,1077.24,1036.62,3808.79,0.00172834
1691509837056521232,2059,1850,206,0.898494,12.8526,27.7149,55.1778,80.8603,219.5,0.21904,313.341,595.594,981.579,1348.35,983.092,3839.48,7349.11,12455.9,1440.47,1568.38,2738.11,587.409,659.275,298.494,133298,6181.19,9408.04,0.225177,5.69231,0,0,0.0463713,0,49.4471,59.3469,174.78,1216.89,2306.84,5600.74,0,0,3,3,7,0.7,1,1.44955,1.44955,1.18387,0.0045661,0.0423831,1850,0,0,0,0,0.001,0,0,0,0,0,0,0,0,0,0,0,0,0,0,0,0,0,0,0,0,0,0,0,0,0,0,0,0,0,0,0,0,0,0.0275676,5.55547,15.6771,13.1771,55.7778,90.7858,675.001,718.213,1,0.836034,0.546179,0.0523081,0.999992,0.234955,0.007245,0.960784,0.98,820.116,1078.39,2090.8,3060.39,249.781,646.468,1860.65,846.283,2903.24,267.404,319.688,0.0705912,-0.0376476,1.86994,0.751426,0,0,0,0,0,0.0247693,16.7633,81.6749,1,0.969427,161.764,623.302,315.366,999.142,244.224,958.059,1009.95,3886.11,0.00140254
1691509837156226990,1996,1813,181,0.908317,13.3897,26.6993,51.2411,84.6825,218.601,-0.0703733,311.827,585.758,968.771,1293.07,975.116,3717.15,7698.17,10658.9,1396.31,1603.76,2709.78,593,651.562,294.143,129052,6085.34,9132.29,0.340507,6.25773,0,0,0.0471541,0,49.3231,56.9103,155.932,1146.54,2150.08,5573.51,0,0,3,2,9,0.818182,1,1.48794,1.48794,1.24344,0.00199358,0.057225,1813,0,0,0,0,0.001,0,0,0,0,0,0,0,0,0,0,0,0,0,0,0,0,0,0,0,0,0,0,0,0,0,0,0,0,0,0,0,0,0,0.023166,5.63021,16.7783,13.6699,52.4156,87.105,662.095,698.8,1,-0.833551,-0.547769,-0.0717064,0.999808,1.12422,0.036984,0.980198,0.99,811.651,1083.48,2087.61,2995.42,259.619,649.839,1964.26,889.368,2838.29,247.69,301.902,0.0247684,0.022619,-2.16551,-0.00625548,0,0,0,0,0,0.0210421,18.769,86.248,1,0.959345,158.277,492.599,316.55,978.404,229.96,720.71,999.221,3742.84,0.00117579
1691509837256050313,1964,1789,173,0.910896,12.9403,26.5346,49.4861,75.8763,229.691,0.429579,317.722,593.896,1020.68,1313.75,1007.9,3904.73,7880.36,17878.6,1438.35,1813.09,2803.7,572.108,648.855,364.714,131053,6328.34,9889.62,0.458484,5.99575,0,0,0.0482883,0,61.8436,69.5697,178.131,1195.76,2882.71,5501.6,0,0,3,3,7,0.7,1,1.5104,1.5104,1.07697,0.00518203,0.120784,1789,0,0,0,0,0.001,0,0,0,0,0,0,0,0,0,0,0,0,0,0,0,0,0,0,0,0,0,0,0,0,0,0,0,0,0,0,0,0,0,0.0234768,7.04505,14.5459,13.1503,50.3763,86.8603,668.121,702.019,1,-0.836017,-0.537638,-0.109639,0.999226,2.25412,0.0743184,0.941748,0.97,820.077,1103.28,2073.26,2935.36,265.529,654.712,1967.86,871.785,2809.66,268.288,314.355,-0.139852,-0.192277,-1.21572,0.842328,0,0,0,0,0,0.0213849,16.4836,76.8346,1,0.967373,174.312,491.958,321.781,1025.24,250.591,719.231,1027.87,3949.2,0.00106305
1691509837355912417,1993,1812,173,0.909182,12.7449,26.1699,46.2166,75.8271,222.378,-0.40271,316.256,613.651,1010.59,1285.69,1027.25,3860.6,7716.55,12785.5,1475.39,1802.07,2780.32,572.186,643.948,345.375,130005,6085.72,9380.16,0.101618,4.04339,0,0,0.0468116,0,57.4754,73.3385,164.699,1249.91,2376.87,5457.87,0,0,4,3,1,0.25,1,1.92994,1.92994,1.09807,0.0037378,0.0704785,1812,0,0,0,0,0.001,0,0,0,0,0,0,0,0,0,0,0,0,0,0,0,0,0,0,0,0,0,0,0,0,0,0,0,0,0,0,0,0,0,0.0204194,6.84324,15.6105,12.9024,47.2617,88.8651,673.919,710.215,1,-0.836806,-0.537192,-0.105737,0.999992,0.229506,0.00752387,0.923077,0.96,802.452,1059.64,2118.22,2927.08,261.337,652.816,1983.02,882.943,2802.84,255.374,292.936,-0.00416389,0.00888266,-1.3011,-0.448928,0,0,0,0,0,0.018565,17.1782,76.572,1,0.966761,155.464,587.736,320.753,1019.76,229.982,908.525,1051.59,3925.53,0.00115638
1691509837455982875,1997,1825,171,0.913871,12.7268,25.7618,45.5883,76.8516,200.073,0.0333766,318.446,616.084,1046.81,1328.85,1036.95,3911.52,7995.82,14703.2,1563.41,1775.65,2843.95,614.863,680.134,336.935,135793,6678.31,10361.3,0.0403578,5.76402,0,0,0.04918,0,59.3479,82.7239,185.321,1360.12,2741.87,5931.9,0,0,4,3,1,0.25,1,1.78929,1.78929,1.0299,0.00541551,0.0918234,1825,0,0,0,0,0.001,0,0,0,0,0,0,0,0,0,0,0,0,0,0,0,0,0,0,0,0,0,0,0,0,0,0,0,0,0,0,0,0,0,0.0158904,5.11221,12.9845,12.9376,45.7958,88.6507,670.982,711.367,1,-0.835431,-0.54538,-0.0679407,0.999251,2.21734,0.0749108,0.904762,0.95,792.074,1064.16,2273.13,3030.82,254.52,640.141,1997.77,912.492,2883.21,294.542,347.12,-0.00599403,-0.000832967,-1.6939,-0.265981,0,0,0,0,0,0.0145218,13.1111,77.6634,1,0.969933,153.952,632.847,324.909,1053.05,232.372,977.877,1058.16,3946.73,0.000793322
1691509837556572215,2022,1842,174,0.910979,13.1788,27.1327,49.4987,71.7489,228.546,0.134745,317.168,647.621,1136.27,1415.31,1031.15,4243.67,7804.24,16883.2,1579.6,1850.9,3035.76,648.096,682.164,341.388,139378,7199.09,11323.7,0.0719539,6.66806,0,0,0.0516516,0,64.0323,77.6803,223.466,1481.56,3211.12,6265.83,0,0,4,3,1,0.25,1,1.75399,1.75399,1.03929,0.00275871,0.0278601,1842,0,0,0,0,0.001,0,0,0,0,0,0,0,0,0,0,0,0,0,0,0,0,0,0,0,0,0,0,0,0,0,0,0,0,0,0,0,0,0,0.0141151,6.33727,14.1443,13.3132,49.7921,84.9262,672.117,715.957,1,0.835445,0.547733,0.0449501,0.999733,1.32417,0.0453357,0.904762,0.95,799.029,1046.27,2214.83,2954.01,250.47,636.088,2005.62,892.343,2895.18,395.225,351.248,0.00166619,0.00224565,3.32247,-0.703934,0,0,0,0,0,0.0128586,21.0208,73.0046,1,0.971366,204.351,715.66,318.173,1142.09,309.306,1185.18,1046.82,4288.8,0.00102099
1691509837656886829,2003,1828,170,0.912631,13.7432,28.1318,49.2418,72.9502,223.359,-0.361195,329.517,628.518,1040.18,1370.81,1075.75,3916.83,7801.55,13682.2,1593.11,1654.77,2769.48,580.592,681.661,324.102,137007,6457.75,10044.9,0.0944745,5.08377,0,0,0.0471345,0,60.1438,81.3476,185.176,1327.38,2663.6,5727.24,0,0,4,4,0,0,1,2.07109,2.07109,1.06208,0.0037383,0.0656504,1828,0,0,0,0,0.001,0,0,0,0,0,0,0,0,0,0,0,0,0,0,0,0,0,0,0,0,0,0,0,0,0,0,0,0,0,0,0,0,0,0.0109409,9.33471,17.1789,13.7962,49.6389,85.3679,669.747,713.885,1,-0.833838,-0.544953,-0.0879778,0.999069,2.47235,0.0865818,0.923077,0.96,810.689,1073.79,2142.96,3001.86,254.538,634.524,1974.87,877.572,2891.61,280.157,335.004,0.0020917,0.000984534,-2.56109,0.138832,0,0,0,0,0,0.00998502,18.4088,73.1538,1,0.973451,297.129,778.181,329.517,1044.52,477.156,1293.91,1090.08,3934.98,0.00118219
1691509837757182505,1988,1819,159,0.91499,15.2623,29.7621,54.9099,75.9474,218.873,0.0525572,323.637,631.71,1017.69,1378.94,1027.57,3915.68,7702.35,17703,1568.79,1691.51,2836.91,614.371,709.464,308.943,133404,6808.09,10266.6,0.142571,3.46998,0,0,0.0510336,0,46.8209,68.6072,162.142,1296.98,2494.23,6197.87,0,0,4,4,8,0.666667,1,1.67341,1.67341,1.15131,0.00337993,0.0634689,1819,0,0,0,0,0.001,0,0,0,0,0,0,0,0,0,0,0,0,0,0,0,0,0,0,0,0,0,0,0,0,0,0,0,0,0,0,0,0,0,0.0109951,7.60723,16.2793,15.4071,55.4756,86.8999,664.224,722.876,1,0.833352,0.551179,0.0415353,0.998902,2.68515,0.0968852,0.941748,0.97,808.79,1091.61,2163.79,2943.66,248.278,635.217,2011.98,828.215,2914.06,274.659,355.962,-0.0512129,-0.102697,2.1106,-0.757701,0,0,0,0,0,0.0100604,25.7677,76.268,1,0.973874,310.264,708.353,323.637,1025.66,521.023,1107.29,1036.84,3928.38,0.00105396
1691509837857563590,2042,1874,161,0.917728,14.8664,29.8087,54.6707,85.7862,229.46,-1.23696,323.009,621.405,1025.5,1330.97,1077.2,3787.33,7714.43,17457.6,1552.04,1726.99,2876.28,618.078,657.239,314.803,135666,7382.13,11273.2,6.40005,7.91965,0,0,0.054414,0,49.6006,95.0652,194.975,1479.75,2781.42,6672.36,0,0,2,2,8,0.8,1,1.48567,1.48567,1.26605,0.00213514,0.0678867,1874,0,0,0,0,0.001,0,0,0,0,0,0,0,0,0,0,0,0,0,0,0,0,0,0,0,0,0,0,0,0,0,0,0,0,0,0,0,0,0,0.00960512,5.52501,11.2078,14.995,55.0357,82.0094,667.941,728.049,1,0.833774,0.550296,0.0446685,0.999995,0.188062,0.00821071,0.941748,0.97,811.211,1090.78,2171.77,2873.36,249.386,633.567,1987.58,864.43,2905.42,290.77,353.775,-0.16189,-0.446842,1.45708,0.966271,0,0,0,0,0,0.00881489,14.6715,86.4298,1,0.963901,386.288,772.746,322.316,1028.11,602.008,1242,1089.74,3807.19,0.00104057
1691509837957756652,2048,1843,196,0.899902,16.2978,31.1039,56.9567,91.1064,208.792,-0.414165,345.951,660.126,1088.46,1405.74,1142.2,4240.11,7555.09,13988.2,1604.47,1759.37,3196.7,658.035,698.309,352.579,138259,7428.47,11236.2,3.12683,8.48826,0,0,0.0537288,0,52.2205,82.5468,170.864,1433.44,2749.74,6747.41,0,0,2,1,9,0.9,1,1.77069,1.77069,1.44076,0.00332178,0.0180751,1843,0,0,0,0,0.001,0,0,0,0,0,0,0,0,0,0,0,0,0,0,0,0,0,0,0,0,0,0,0,0,0,0,0,0,0,0,0,0,0,0.00705372,9.65887,21.1561,16.3609,57.1391,86.2412,672.311,724.448,1,0.834555,0.548337,0.0533283,0.99996,0.51068,0.0161255,0.869159,0.93,841.85,1095.87,2176.9,2873.85,249.837,634.791,1985.65,867.844,2964.37,310.949,350.866,-0.113153,-0.498149,0.230615,0.878523,0,0,0,0,0,0.00634766,22.1535,91.5799,1,0.954645,519.515,845.204,345.475,1090.46,785.706,1407.63,1147.47,4246.95,0.000913878
1691509838057886358,2010,1788,213,0.889552,16.2284,33.2763,59.1709,87.8523,238.019,-0.587618,344.948,682.21,1105.67,1347.56,1176.21,4194.48,7791.82,17222.2,1714.16,1717.56,3259.99,636.855,760.229,336.302,138934,7813.85,11478.4,3.71103,3.91317,0,0,0.0562413,0,58.8041,81.3698,177.06,1329.81,2579.23,7252.18,0,0,2,2,8,0.8,1,1.73209,1.73209,1.35539,0.00206134,0.0712341,1788,0,0,0,0,0.001,0,0,0,0,0,0,0,0,0,0,0,0,0,0,0,0,0,0,0,0,0,0,0,0,0,0,0,0,0,0,0,0,0,0.00838926,6.7148,18.7687,16.3624,59.502,87.2931,668.971,714.736,1,-0.835369,-0.544608,-0.0745748,0.999767,1.23685,0.0459967,0.923077,0.96,851.156,1148.7,2156.01,2796.49,248.947,636.52,1979.41,855.096,2887.65,281.767,379.536,0.216919,0.228836,-1.63187,0.509388,0,0,0,0,0,0.00746269,21.5709,88.4964,1,0.963339,472.198,766.639,344.131,1108.9,685.548,1315.33,1182.01,4207.05,0.00096911
1691509838158221460,2030,1827,195,0.9,17.8231,35.3513,61.0502,84.3582,209.602,-0.675268,341.362,627.069,1075.84,1347.62,1115.8,4073.89,7513.15,14395.5,1527.66,1643.26,3158.77,683.688,685.787,297.382,141272,7423.41,11032.8,2.51735,5.28865,0,0,0.0525468,0,31.191,62.3987,190.5,1308.42,2623.19,6817.1,0,0,2,2,8,0.8,1,1.9625,1.9625,1.37039,0.00863347,0.0612998,1827,0,0,0,0,0.001,0,0,0,0,0,0,0,0,0,0,0,0,0,0,0,0,0,0,0,0,0,0,0,0,0,0,0,0,0,0,0,0,0,0.0060208,9.83371,29.3676,17.9264,61.1462,85.6356,664.934,732.431,1,0.83264,0.553759,0.00785627,0.997729,3.86238,0.133427,0.923077,0.96,837.508,1180.46,2205.65,2837.48,239.859,639.586,1968.94,845.849,2982.11,309.484,343.315,-0.188444,0.829767,3.30241,-1.73905,0,0,0,0,0,0.00541872,31.9832,84.4233,1,0.962004,520.796,719.382,341.262,1078.69,813.457,1238.21,1116.36,4077.26,0.000805948
1691509838257727816,1942,1779,161,0.916066,19.2524,37.2126,62.5171,82.0405,193.594,0,330.601,610.853,1018.35,1320.23,1082.41,3983.18,7596.32,14421.8,1438.39,1706.76,3080.62,686.642,656.741,313.158,135878,6995.31,10470.2,0.484779,2.38088,0,0,0.0514824,0,25.1255,47.1004,151.995,1295.88,2580.7,6369.39,0,0,6,5,12,0.705882,1,1.66922,1.66922,1.34288,0.00758058,0.126213,1779,0,0,0,0,0.001,0,0,0,0,0,0,0,0,0,0,0,0,0,0,0,0,0,0,0,0,0,0,0,0,0,0,0,0,0,0,0,0,0,0.00281057,11.3833,28.8554,19.2604,62.6039,84.9092,660.384,724.707,1,0.833462,0.552171,0.0211774,0.99991,0.770097,0.0210167,0.941748,0.97,846.612,1174.85,2195.64,3054.31,238.833,640.261,1982.42,826.127,2913.98,319.698,304.176,0.232239,-0.303471,1.58065,-0.913254,0,0,0,0,0,0.00257467,31.3447,82.1004,1,0.968997,181.402,1003.44,330.645,1017.44,294.843,1681.24,1083.46,3984.3,0.000535347
1691509838357318563,1884,1701,176,0.902866,19.9032,35.2725,58.2689,78.6655,231.004,0.420841,322.783,636.443,1013.2,1322.32,1119.58,4238.74,8010.84,14611.2,1575.62,1720.16,3199.4,625.46,697.133,303.577,138676,7598.82,11314.5,0.0760649,5.473,0,0,0.0547956,0,28.4435,55.8674,175.816,1374.39,2722.53,6957.45,0,0,4,3,1,0.25,1,1.6699,1.6699,1.22882,0.00547527,0.0178947,1701,0,0,0,0,0.001,0,0,0,0,0,0,0,0,0,0,0,0,0,0,0,0,0,0,0,0,0,0,0,0,0,0,0,0,0,0,0,0,0,0.000587889,2.21874,2.21874,19.9111,58.2712,85.4236,673.164,723.413,1,0.832367,0.553301,0.0319857,0.99994,0.625799,0.0223974,0.980198,0.99,846.261,1167.46,2302.67,3213.08,240.868,637.406,1963.94,831.45,2949.62,267.491,318.956,-0.00260015,0.00556748,-0.10664,-0.690035,0,0,0,0,0,0.000530786,2.21874,78.6666,1,0.971765,168.169,168.169,322.981,1013.39,240.396,240.396,1120.34,4239.12,5.10761e-06
1691509838456850905,1888,1709,169,0.905191,18.3597,35.5794,57.6053,76.4496,197.151,-1.82154,318.914,628.985,990.623,1318.76,1078.98,4036.81,8188.79,14254.4,1455.79,1666.42,3177.47,624.761,667.172,283.813,137652,7394.45,10882.1,2.27917,5.24455,0,0,0.0537186,0,28.0076,53.6984,181.369,1216.28,2585.18,6817.54,0,0,2,1,8,0.888889,1,1.69935,1.69935,1.13179,0.00688164,0.0502901,1709,0,0,0,0,0.001,0,0,0,0,0,0,0,0,0,0,0,0,0,0,0,0,0,0,0,0,0,0,0,0,0,0,0,0,0,0,0,0,0,0,0,0,18.3597,57.6053,81.0944,663.982,731.923,1,0.831079,0.556154,-0.000536428,0.999466,1.87208,0.0642183,0.886792,0.94,823.104,1157.4,2295.18,3362.41,239.373,641.527,1964.83,801.499,2949.18,274.778,307.466,-0.17776,0.301612,0.535179,-1.55522,0,0,0,0,0,0,0,76.4496,0,0.97952,0,0,318.914,990.623,0,0,1078.98,4036.81,0
1691509838556365006,1869,1697,167,0.907972,20.5915,38.0043,62.0248,81.0853,200.172,0.162192,317.585,623.866,1036.03,1330.46,1106.62,4296.91,7555.02,13566.2,1449.25,1792.31,3129.21,640.144,646.654,318.645,138357,7076.79,10709.8,0.16116,6.99424,0,0,0.0511489,0,23.4218,63.3246,163.919,1315.82,2766.38,6376.94,0,0,3,2,8,0.8,1,1.76891,1.76891,1.28151,0.00717104,0.0516985,1697,0,0,0,0,0.001,0,0,0,0,0,0,0,0,0,0,0,0,0,0,0,0,0,0,0,0,0,0,0,0,0,0,0,0,0,0,0,0,0,0,0,0,20.5915,62.0248,81.0666,667.886,735.048,1,0.832212,0.554374,-0.00967896,0.999956,0.5376,0.0154782,0.960784,0.98,821.202,1155.86,2287.22,3407.33,237.082,634.196,1939.85,771.738,2963,288.084,306.86,0.0368872,-0.0389817,2.89574,-1.90632,0,0,0,0,0,0,0,81.0853,0,0.972893,0,0,317.585,1036.03,0,0,1106.62,4296.91,0
1691509838656244656,1894,1714,173,0.904963,21.9302,38.4486,63.9726,86.2856,190.696,-0.432613,327.242,608.038,962.65,1283.29,1122.81,4068.31,8225.95,14041.8,1461.1,1764.21,2983.54,592.562,674.752,322.214,141014,7141.57,10633.9,0.274899,4.02226,0,0,0.0506445,0,27.8074,53.4225,156.489,1350.75,2493.02,6552.42,0,0,4,4,10,0.714286,1,1.6377,1.6377,1.33983,0.00588782,0.0693734,1714,0,0,0,0,0.001,0,0,0,0,0,0,0,0,0,0,0,0,0,0,0,0,0,0,0,0,0,0,0,0,0,0,0,0,0,0,0,0,0,0,0,0,21.9302,63.9726,83.4245,670.117,737.459,1,0.829789,0.557908,0.013756,0.999716,1.36502,0.0439871,0.923077,0.96,850.738,1176.03,2273.34,3370.42,241.335,641.945,1910.85,823.888,2979.19,258.92,318.449,-0.219132,-0.0976215,0.264943,-1.36375,0,0,0,0,0,0,0,86.2856,0,0.970828,0,0,327.242,962.65,0,0,1122.81,4068.31,0
1691509838756412272,1930,1779,146,0.921762,20.4932,39.1228,64.5217,87.0103,206.381,0.294848,321.513,599.843,963.926,1274.49,1133.16,4106.94,8041.91,16000.1,1527.92,1721.61,3226.92,575.992,674.365,304.35,141886,7624.58,11243.8,0.00129544,5.31651,0,0,0.0537375,0,26.9977,49.0535,163.808,1286.27,2710.26,7007.44,0,0,4,4,0,0,1,1.66026,1.66026,1.44947,0.00450773,0.0806893,1779,0,0,0,0,0.001,0,0,0,0,0,0,0,0,0,0,0,0,0,0,0,0,0,0,0,0,0,0,0,0,0,0,0,0,0,0,0,0,0,0,0,0,20.4932,64.5217,83.8415,674.867,724.291,1,0.829323,0.557801,0.0328796,0.999817,1.09606,0.0393956,0.980198,0.99,856.612,1149.53,2192.78,3377.5,243.904,637.331,1894.58,814.759,3009.74,239.283,312.197,-3.28563e-05,9.13974e-05,1.66645,-1.4702,0,0,0,0,0,0,0,87.0103,0,0.962338,0,0,321.513,963.926,0,0,1133.16,4106.94,0
1691509838856504948,1816,1683,129,0.926762,21.4266,38.4459,66.2112,88.1569,201.317,-2.62654,316.619,589.279,927.756,1268.97,1111.79,4087.74,7557.29,16881.2,1428.21,1730.25,3130.91,590.691,631.876,310.815,140857,6622.72,10105.7,0.147508,7.38527,0,0,0.0470175,0,24.04,48.087,145.37,1248.84,2745.37,5894.05,0,0,4,4,9,0.692308,1,1.73335,1.73335,1.36097,0.00504223,0.0315573,1683,0,0,0,0,0.001,0,0,0,0,0,0,0,0,0,0,0,0,0,0,0,0,0,0,0,0,0,0,0,0,0,0,0,0,0,0,0,0,0,0,0,0,21.4266,66.2112,83.7893,653.808,711.403,1,0.827629,0.559971,0.0382467,0.999982,0.345627,0.01006,0.960784,0.98,857.372,1136.18,2164.89,3477.17,248.446,642.564,1899.51,781.8,3027.81,213.729,270.729,-0.0747093,-0.126394,0.410888,-0.851722,0,0,0,0,0,0,0,88.1569,0,0.965538,0,0,316.619,927.756,0,0,1111.79,4087.74,0
1691509838956657331,1888,1751,132,0.927436,22.7661,41.0828,73.3414,93.8424,228.267,-1.92722,317.094,618,972.72,1298.01,1140.67,4212,7481.98,16096.3,1610.63,1895.4,3157.6,590.024,636.067,372.756,141815,7117.28,10832.2,2.21735,8.45936,0,0,0.0501872,0,41.8101,53.5429,150.02,1436.67,2744.53,6405.63,0,0,3,2,9,0.818182,1,1.8848,1.8848,1.5979,0.00864303,0.0977013,1751,0,0,0,0,0.001,0,0,0,0,0,0,0,0,0,0,0,0,0,0,0,0,0,0,0,0,0,0,0,0,0,0,0,0,0,0,0,0,0,0,0,0,22.7661,73.3414,83.0837,657.715,729.202,1,0.827441,0.559406,0.049052,0.999941,0.62004,0.0243676,0.941748,0.97,872.944,1180.53,2162.79,3499.95,249.818,644.7,1965.66,807.838,2983.37,235.364,294.256,0.0790843,-0.0141631,1.47295,-2.17096,0,0,0,0,0,0,0,93.8424,0,0.957738,0,0,317.094,972.72,0,0,1140.67,4212,0
1691509839056916081,1836,1671,161,0.910131,23.4631,41.1195,70.2779,95.4889,205.628,-2.58792,317.822,611.742,977.014,1250.83,1149.85,4246.74,7764.8,35906.7,1481.48,1805.61,3216.75,559.569,657.376,347.383,146887,7601.88,11527.1,18.2246,5.35082,0,0,0.0517531,0,21.548,46.2803,139.763,1408.82,3129.13,6781.61,0,0,2,2,8,0.8,1,2.10834,2.10834,1.6004,0.00499618,0.094062,1671,0,0,0,0,0.001,0,0,0,0,0,0,0,0,0,0,0,0,0,0,0,0,0,0,0,0,0,0,0,0,0,0,0,0,0,0,0,0,0,0,0,0,23.4631,70.2779,80.4433,656.486,725.071,1,0.826439,0.562552,0.0231154,0.999658,1.4981,0.0669191,0.923077,0.96,870.547,1190.49,2176.34,3504.62,242.121,650.29,1986.07,797.694,3076.11,249.708,317.602,-0.0697982,-0.546854,1.07787,-1.79637,0,0,0,0,0,0,0,95.4889,0,0.954518,0,0,317.822,977.014,0,0,1149.85,4246.74,0
1691509839157272218,1834,1699,130,0.92639,23.9698,42.0728,68.9653,96.2021,195.729,-2.83053,320.973,606.05,998.093,1265.1,1210.41,4444.77,7927.69,14364.5,1506.82,1846.05,3382.44,555.235,696.982,344.393,145630,7409.98,11266.5,0.00210474,8.49372,0,0,0.0508823,0,24.1326,44.9399,153.079,1406.2,3022.18,6615.95,0,0,5,5,0,0,1,2.02777,2.02777,1.59705,0.000940807,0.143251,1699,0,0,0,0,0.001,0,0,0,0,0,0,0,0,0,0,0,0,0,0,0,0,0,0,0,0,0,0,0,0,0,0,0,0,0,0,0,0,0,0,0,0,23.9698,68.9653,86.2737,651.255,731.471,1,0.828163,0.560314,0.0139159,0.999954,0.551389,0.0128573,0.923077,0.96,880.036,1180.64,2174.52,3494.55,244.342,664.169,1994.5,805.462,3078.61,245.908,301.693,-0.000145796,0.000440501,-0.589963,-1.74048,0,0,0,0,0,0,0,96.2021,0,0.955268,0,0,320.973,998.093,0,0,1210.41,4444.77,0
1691509839257723296,1759,1598,157,0.908471,25.4072,46.1075,76.8755,101.947,194.534,-4.18351,318.229,614.808,973.514,1303.21,1164.69,4175.98,8803.31,39714.8,1503.14,1907.44,3296.87,597.183,678.627,327.583,142262,8624.85,12468.1,0.530211,9.00375,0,0,0.0606264,0,30.3386,47.6372,178.604,1388.94,2778.85,8043.75,0,0,3,2,10,0.833333,1,1.81623,1.81623,1.71566,0.00397481,0.132998,1598,0,0,0,0,0.001,0,0,0,0,0,0,0,0,0,0,0,0,0,0,0,0,0,0,0,0,0,0,0,0,0,0,0,0,0,0,0,0,0,0,0,0,25.4072,76.8755,81.6388,650.857,730.504,1,0.826325,0.562731,-0.0228036,0.999321,2.11117,0.0733287,0.941748,0.97,890.159,1169.13,2232.76,3477.29,246.673,663.999,2003.32,722.245,3105.78,401.495,375.389,0.0197756,-0.113729,2.44143,-2.87309,0,0,0,0,0,0,0,101.947,0,0.94806,0,0,318.229,973.514,0,0,1164.69,4175.98,0
1691509839357701013,1841,1681,153,0.913091,25.7951,47.9687,77.9458,100.893,198.838,-0.891474,325.642,598.857,1011.52,1368.62,1248.41,4427.25,8726.02,50555.4,1732.94,1925.28,3277.33,556.707,678.809,351.152,146348,9089.4,13876.3,2.90184,14.6529,0,0,0.0621083,0,43.6104,66.9097,167.07,1811.31,3676.69,8110.73,0,0,2,2,7,0.777778,1,2.02659,2.02659,1.84697,0.00775104,0.0655838,1681,0,0,0,0,0.001,0,0,0,0,0,0,0,0,0,0,0,0,0,0,0,0,0,0,0,0,0,0,0,0,0,0,0,0,0,0,0,0,0,0,0,0,25.7951,77.9458,78.2055,642.413,745.381,1,0.825606,0.564052,-0.0148338,0.999967,0.464703,0.011213,0.923077,0.96,892.134,1194.41,2179.54,3578.12,242.372,657.175,1993.8,775.171,3116.83,261.542,533.29,-0.121328,0.2579,0.0277354,-3.25226,0,0,0,0,0,0,0,100.893,0,0.94884,0,0,325.642,1011.52,0,0,1248.41,4427.25,0
1691509839457713625,1749,1600,144,0.914808,27.4956,48.2813,75.2382,100.687,216.985,-0.0647823,325.339,620.1,995.093,1336.12,1210.49,4521.99,8542.96,14307.6,1635.42,1981.33,3297.66,578.642,671.975,353.046,150031,7416.29,11093.8,1.78912,5.7709,0,0,0.0494315,0,26.3586,39.445,128.1,1323.13,2868.11,6708.65,0,0,3,2,8,0.8,1,1.97743,1.97743,1.73957,0.0107857,0.0805325,1600,0,0,0,0,0.001,0,0,0,0,0,0,0,0,0,0,0,0,0,0,0,0,0,0,0,0,0,0,0,0,0,0,0,0,0,0,0,0,0,0,0,0,27.4956,75.2382,80.5383,643.019,758.443,1,0.824527,0.565143,-0.0277265,0.999916,0.743919,0.0195284,0.960784,0.98,892.647,1193.92,2101.69,3564.47,245.169,662.136,1975.8,717.158,3115.34,231.172,298.994,-0.14643,-0.115066,1.17744,-0.303519,0,0,0,0,0,0,0,100.687,0,0.94875,0,0,325.339,995.093,0,0,1210.49,4521.99,0
1691509839557487228,1621,1478,142,0.911783,27.5361,48.2116,75.0022,101.082,191.939,-3.80405,318.491,644.315,1048.51,1380.4,1165.29,4679.39,9255.47,64029.6,1647.44,2091.3,3591.09,562.669,703.847,381.895,142028,11583.6,15772.9,1.22764,9.51729,0,0,0.0815581,0,25.078,31.4591,119.182,1352.75,3192.71,11051.7,0,0,3,2,8,0.8,1,1.81021,1.81021,1.66526,0.00640106,0.108367,1478,0,0,0,0,0.001,0,0,0,0,0,0,0,0,0,0,0,0,0,0,0,0,0,0,0,0,0,0,0,0,0,0,0,0,0,0,0,0,0,0,0,0,27.5361,75.0022,77.255,640.594,744.151,1,0.824595,0.565554,-0.01386,0.999904,0.794856,0.0285326,0.941748,0.97,910.813,1207.28,2177.83,3560.24,242.042,659.797,2041.69,713.348,3056.8,227.193,434.149,-0.0443019,0.0557597,1.42818,-1.80008,0,0,0,0,0,0,0,101.082,0,0.947226,0,0,318.491,1048.51,0,0,1165.29,4679.39,0
1691509839657311964,1611,1448,152,0.898821,27.6756,50.0128,77.975,101.735,227.158,-5.23481,350.639,629.202,1028.07,1318.32,1366.95,4603.51,8749.9,13568.1,1649.2,2079.91,3502.17,581.062,711.184,353.745,146677,7371.77,10868.6,9.28752,13.5013,0,0,0.0502587,0,21.0135,28.3956,116.504,1345.78,2587.93,6769.03,0,0,2,2,8,0.8,1,1.84867,1.84867,1.67979,0.00380961,0.0722926,1448,0,0,0,0,0.001,0,0,0,0,0,0,0,0,0,0,0,0,0,0,0,0,0,0,0,0,0,0,0,0,0,0,0,0,0,0,0,0,0,0,0,0,27.6756,77.975,78.8758,624.055,752.069,1,0.82261,0.567856,-0.0291846,0.999878,0.895144,0.0346197,0.923077,0.96,896.579,1240.99,2186.8,3514.75,248.119,685.483,2065.31,703.55,3126.72,191.338,288.667,0.311089,-0.186212,-0.353135,-1.45914,0,0,0,0,0,0,0,101.735,0,0.948204,0,0,350.639,1028.07,0,0,1366.95,4603.51,0
1691509839757541195,1698,1551,140,0.913428,25.7025,46.0881,71.8688,97.7313,225.051,-3.62769,333.737,632.931,1036.36,1379.4,1337.29,4573.62,9046.01,83106.9,1725.98,2009.65,3341.19,588.661,720.674,365.833,149964,12930.5,18327.3,19.3125,14.3001,0,0,0.0862238,0,25.381,33.2962,289.378,1455.6,4488.41,12035.3,0,0,2,2,8,0.8,1,1.8575,1.8575,1.59967,0.00824402,0.162663,1551,0,0,0,0,0.001,0,0,0,0,0,0,0,0,0,0,0,0,0,0,0,0,0,0,0,0,0,0,0,0,0,0,0,0,0,0,0,0,0,0,0,0,25.7025,71.8688,81.1859,632.19,755.624,1,0.82353,0.567103,-0.0138866,0.999882,0.879162,0.0225727,0.941748,0.97,912.585,1248.86,2201.12,3406.98,242.574,694.846,2053.3,721.843,3073.62,1039.19,431.823,0.679089,-0.633134,-2.57256,-2.83074,0,0,0,0,0,0,0,97.7313,0,0.950999,0,0,333.737,1036.36,0,0,1337.29,4573.62,0
1691509839857726823,1701,1555,132,0.914168,25.8205,48.7496,76.5441,105.364,179.501,-2.05615,333.303,634.116,1033.2,1476.25,1284.47,4677.38,9820.57,19771.7,1761.75,2095.93,3436.53,612.374,739.296,355.97,149079,8253.73,12889.6,0.116162,3.54506,0,0,0.0553649,0,25.987,34.9661,161.084,1654.09,3971.76,7041.68,0,0,5,5,10,0.666667,1,1.94786,1.94786,1.71689,0.0109598,0.0773587,1555,0,0,0,0,0.001,0,0,0,0,0,0,0,0,0,0,0,0,0,0,0,0,0,0,0,0,0,0,0,0,0,0,0,0,0,0,0,0,0,0,0,0,25.8205,76.5441,76.3045,618.941,761.754,1,0.82187,0.569409,-0.0173875,0.99999,0.258338,0.00638699,0.923077,0.96,906.232,1228.65,2176.04,3476.89,245.86,686.28,2070.51,690.028,3095.32,246.274,339.258,0.104528,-0.0407131,2.39972,-1.08908,0,0,0,0,0,0,0,105.364,0,0.942765,0,0,333.303,1033.2,0,0,1284.47,4677.38,0
1691509839957766144,1635,1483,145,0.907034,28.256,48.6239,77.4021,99.2961,196.319,-3.74825,340.495,653.456,1094.36,1393.61,1324.91,4761.33,9536.9,16375.4,1768.38,2037.96,3727.95,624.686,731.412,357.298,143123,8035.49,12121.5,0.0587183,3.20798,0,0,0.0561439,0,27.4092,36.1114,145.481,1442.84,3278.06,7191.56,0,0,7,7,9,0.5625,1,1.94412,1.94412,1.62853,0.00451471,0.112371,1483,0,0,0,0,0.001,0,0,0,0,0,0,0,0,0,0,0,0,0,0,0,0,0,0,0,0,0,0,0,0,0,0,0,0,0,0,0,0,0,0,0,0,28.256,77.4021,76.3482,620.677,758.975,1,0.820131,0.571657,-0.0243726,0.999972,0.432081,0.010267,0.960784,0.98,923.199,1272.15,2176.11,3407.81,254.253,704.397,2073.74,723.463,3037.02,231.569,316.789,-0.0575084,-0.0117115,1.47456,-1.00306,0,0,0,0,0,0,0,99.2961,0,0.95145,0,0,340.495,1094.36,0,0,1324.91,4761.33,0
1691509840057564526,1632,1473,155,0.902574,30.4046,55.2908,84.8597,104.644,227.566,-7.04909,352.744,690.671,1151.8,1535.97,1426.57,5007.28,10823.3,28832.5,1798.64,2191.88,3939.01,633.387,785.099,370.719,149322,10878.2,15504.7,1.20179,11.277,0,0,0.072851,0,25.6977,40.0676,187.527,1526.03,3562.97,10162.4,0,0,4,4,10,0.714286,1,2.06959,2.06959,1.90674,0.00697552,0.0550155,1473,0,0,0,0,0.001,0,0,0,0,0,0,0,0,0,0,0,0,0,0,0,0,0,0,0,0,0,0,0,0,0,0,0,0,0,0,0,0,0,0,0,0,30.4046,84.8597,72.0385,628.013,762.948,1,0.822549,0.568339,-0.0201096,0.999982,0.33911,0.0113551,0.941748,0.97,913.784,1288.97,2167.12,3418.39,244.104,711.526,2081.1,654.97,3039.2,283.303,427.458,-0.991412,0.279913,3.11729,-2.07345,0,0,0,0,0,0,0,104.644,0,0.944331,0,0,352.744,1151.8,0,0,1426.57,5007.28,0
1691509840157604346,1610,1447,157,0.898758,31.5828,55.2866,80.3113,98.8535,218.303,-5.10586,365.774,668.35,1129.78,1536.9,1393.96,5133.83,10650.3,38943.6,1659.17,2109.2,4091.86,640.857,770.703,334.35,150311,10913.4,15253.2,0.526458,11.3636,0,0,0.0726052,0,26.066,41.2092,134.852,1413.71,3347.84,10289.6,0,0,4,3,10,0.769231,1,2.11878,2.11878,1.7847,0.00748639,0.122141,1447,0,0,0,0,0.001,0,0,0,0,0,0,0,0,0,0,0,0,0,0,0,0,0,0,0,0,0,0,0,0,0,0,0,0,0,0,0,0,0,0,0,0,31.5828,80.3113,75.8923,611.96,779.148,1,0.82095,0.570673,-0.0193372,0.999996,0.168049,0.00141676,0.886792,0.94,937.479,1290.92,2193,3380.3,252.866,728.505,2066.73,695.47,3061.49,288.728,451.76,0.062512,0.0346991,1.67335,-1.75193,0,0,0,0,0,0,0,98.8535,0,0.951624,0,0,365.774,1129.78,0,0,1393.96,5133.83,0
1691509840257804589,1629,1438,181,0.88275,33.8163,58.08,85.6308,108.742,217.623,-9.25067,396.698,719.341,1128.14,1558.9,1581.11,5182.2,10586.1,23526.7,1821.04,2332.94,3973.94,687.074,785.077,365.938,152548,10855.8,15254.3,0.475509,16.0635,0,0,0.0711633,0,21.365,44.2417,153.749,1472.12,3340.48,10222.4,0,0,5,5,10,0.666667,1,2.06459,2.06459,2.00859,0.0106042,0.13939,1438,0,0,0,0,0.001,0,0,0,0,0,0,0,0,0,0,0,0,0,0,0,0,0,0,0,0,0,0,0,0,0,0,0,0,0,0,0,0,0,0,0,0,33.8163,85.6308,79.4468,631.595,793.958,1,0.822252,0.568444,-0.0277986,0.999961,0.506866,0.0213293,0.960784,0.98,968.688,1293.87,2180.69,3289.93,253.659,740.211,2038.48,716.624,3075.52,313.365,379.608,-0.137994,-0.43079,-0.160332,-1.69994,0,0,0,0,0,0,0,108.742,0,0.936022,0,0,396.698,1128.14,0,0,1581.11,5182.2,0
1691509840357967613,1502,1303,194,0.86751,34.1817,59.1863,88.2054,112.965,205.334,-5.37407,391.236,723.446,1132.21,1592.75,1650.34,5409.42,11269.8,19694,1793.05,2433.26,4252.08,702.845,775.653,323.679,159526,10135.2,14086.1,1.36628,4.46087,0,0,0.0635332,0,17.485,42.3648,121.215,1191.55,3157.58,9555.92,0,0,4,4,9,0.692308,1,2.16363,2.16363,1.88569,0.00786112,0.0607463,1303,0,0,0,0,0.001,0,0,0,0,0,0,0,0,0,0,0,0,0,0,0,0,0,0,0,0,0,0,0,0,0,0,0,0,0,0,0,0,0,0,0,0,34.1817,88.2054,78.6248,626.083,800.292,1,0.822217,0.568292,-0.0316728,0.999992,0.222157,0.00554879,0.904762,0.95,965.896,1311.09,2174.64,3264.56,252.335,733.321,2049.92,688.77,3050.94,256.656,330.203,0.0722015,0.182691,0.671306,0.723584,0,0,0,0,0,0,0,112.965,0,0.927091,0,0,391.236,1132.21,0,0,1650.34,5409.42,0
1691509840457507220,1442,1233,204,0.855062,30.3533,57.0124,88.2134,112.963,224.505,-4.95017,392.656,720.355,1152.68,1543.04,1667.62,5419.27,11903.3,17610.4,1877.42,2154.07,4397,726.875,817.491,300.932,153327,10258.9,14151.6,1.56544,6.46513,0,0,0.0669088,0,21.9747,34.5569,122.624,1159.71,3104.73,9707.96,0,0,3,2,8,0.8,1,2.09262,2.09262,1.67787,0.00402046,0.136618,1233,0,0,0,0,0.001,0,0,0,0,0,0,0,0,0,0,0,0,0,0,0,0,0,0,0,0,0,0,0,0,0,0,0,0,0,0,0,0,0,0,0,0,30.3533,88.2134,75.3081,627.609,819.082,1,0.82039,0.570891,-0.0323031,0.999995,0.185586,0.00180981,0.886792,0.94,968.381,1307.89,2196.68,3765.49,251.476,750.204,2061.5,704.477,3006.79,277.423,318.936,0.00946899,-0.052393,-0.532979,-0.6576,0,0,0,0,0,0,0,112.963,0,0.924574,0,0,392.656,1152.68,0,0,1667.62,5419.27,0
1691509840556744459,1424,1181,239,0.829354,30.1423,56.3164,91.0332,120.569,236.042,-3.83434,391.841,699.524,1162.29,1522.88,1605.52,5199.55,9303.34,18677.3,1788.86,2037.53,4168.18,732.927,783.535,291.511,148027,8255.81,11515.6,14.0314,9.76608,0,0,0.0557724,0,17,37.624,122.73,1066.21,2466.99,7805.05,0,0,2,2,8,0.8,1,2.17636,2.17636,1.68841,0.00204367,0.153219,1181,0,0,0,0,0.001,0,0,0,0,0,0,0,0,0,0,0,0,0,0,0,0,0,0,0,0,0,0,0,0,0,0,0,0,0,0,0,0,0,0,0,0,30.1423,91.0332,77.1201,620.898,805.982,1,0.824352,0.565379,-0.0281033,0.999968,0.457344,0.00605333,0.886792,0.94,984.95,1347.72,2189.36,3667.8,251.331,748.481,2074.33,664.913,3014.89,241.163,290.465,0.0506547,-1.40289,0.798766,-1.32038,0,0,0,0,0,0,0,120.569,0,0.917866,0,0,391.841,1162.29,0,0,1605.52,5199.55,0
1691509840656540718,1401,1204,195,0.859386,32.1963,58.6845,93.6408,122.906,193.989,-2.33454,409.237,724.22,1165.91,1581.97,1738.91,5450.94,11985.3,26517.6,1899.05,2150.99,4500.26,765.946,810.408,306.087,159142,10807.2,14846.8,0.509826,5.80044,0,0,0.0679088,0,21.1569,43.9859,139.87,1118.43,3291.77,10231.6,0,0,6,5,13,0.722222,1,2.03001,2.03001,1.8138,0.00448998,0.17232,1204,0,0,0,0,0.001,0,0,0,0,0,0,0,0,0,0,0,0,0,0,0,0,0,0,0,0,0,0,0,0,0,0,0,0,0,0,0,0,0,0,0,0,32.1963,93.6408,76.6783,633.692,826.63,1,0.820572,0.570755,-0.0299872,0.999977,0.391703,0.00404826,0.904762,0.95,989.262,1393.31,2217.81,3708.59,250.631,756.41,2111.68,680.604,3081.31,287.451,337.357,0.186661,-0.0727977,1.02915,-0.74169,0,0,0,0,0,0,0,122.906,0,0.912791,0,0,409.237,1165.91,0,0,1738.91,5450.94,0
1691509840756796068,1354,1166,187,0.861152,32.6763,59.702,95.1005,126.889,227.036,-3.74696,424.472,782.029,1259.51,1546.86,1804.76,5708.86,11164.4,21808.3,2060.93,2277.71,4608.86,808.861,846.096,287.198,155046,9820.01,13426.3,0.191428,6.70897,0,0,0.0633359,0,15.2522,36.8775,131.604,1181.38,2692.75,9368.41,0,0,4,4,9,0.692308,1,2.19819,2.19819,1.84835,0.0102926,0.0744089,1166,0,0,0,0,0.001,0,0,0,0,0,0,0,0,0,0,0,0,0,0,0,0,0,0,0,0,0,0,0,0,0,0,0,0,0,0,0,0,0,0,0,0,32.6763,95.1005,76.8296,631.271,815.899,1,0.822825,0.567735,-0.0252252,0.999982,0.34791,0.00760195,0.923077,0.96,1002.16,1395.31,2183.89,3682.34,248.134,749.865,2090.12,690.412,3138.35,266.493,326.234,0.151914,-0.102525,1.67092,1.21447,0,0,0,0,0,0,0,126.889,0,0.907376,0,0,424.472,1259.51,0,0,1804.76,5708.86,0
1691509840856953792,1383,1190,191,0.860448,30.8288,57.8225,97.9407,121.047,213.568,-1.75192,404.362,717.293,1154.18,1567.98,1654.19,5196.96,11747.3,19799.4,2052.16,2101.89,4100.39,712.266,797.669,291.191,154684,9274.24,12899.5,0.332689,8.99701,0,0,0.059956,0,17.6902,43.4891,116.728,1165.3,2789.58,8766.75,0,0,4,4,8,0.666667,1,2.1074,2.1074,1.79304,0.00548643,0.0883089,1190,0,0,0,0,0.001,0,0,0,0,0,0,0,0,0,0,0,0,0,0,0,0,0,0,0,0,0,0,0,0,0,0,0,0,0,0,0,0,0,0,0,0,30.8288,97.9407,75.8852,637.371,805.743,1,0.820835,0.570536,-0.0267839,0.999993,0.216156,0.00233082,0.851852,0.92,981.915,1319.52,2265.96,3743.76,247.081,743.964,2134.15,679.877,3146.79,237.271,308.14,-0.00591523,-0.164372,-0.0217081,-0.442887,0,0,0,0,0,0,0,121.047,0,0.905882,0,0,404.362,1154.18,0,0,1654.19,5196.96,0
1691509840956860304,1382,1191,188,0.861795,31.4291,61.6965,99.9062,125.291,195.696,-4.04874,427.284,779.999,1279.06,1586.56,1669.04,5302.12,11049.1,25073.3,2213.68,2198.2,4294.61,775.75,870.994,334.638,150147,9671.68,13757.5,1.32125,6.3496,0,0,0.0644148,0,19.1347,50.4589,154.435,1402.66,3068.05,9062.8,0,0,3,2,9,0.818182,1,2.14657,2.14657,1.89841,0.00294926,0.184012,1191,0,0,0,0,0.001,0,0,0,0,0,0,0,0,0,0,0,0,0,0,0,0,0,0,0,0,0,0,0,0,0,0,0,0,0,0,0,0,0,0,0,0,31.4291,99.9062,74.8021,633.599,792.599,1,0.824105,0.566276,-0.0134712,0.999897,0.822495,0.027956,0.886792,0.94,978.949,1328.14,2313.65,3472.23,246.266,739.843,2142.45,702.822,3146.31,278.31,331.23,-0.00650047,-0.128994,-1.27183,0.549185,0,0,0,0,0,0,0,125.291,0,0.900084,0,0,427.284,1279.06,0,0,1669.04,5302.12,0
1691509841056661548,1396,1205,190,0.863181,30.2118,59.5909,97.4855,122.585,198.602,-2.21461,409.488,786.316,1230.13,1571.53,1704.64,5493.69,12040,15631.4,2112.16,2250.24,4547.81,821.305,841.789,329.137,155295,10008.4,14075.8,1.12099,12.6701,0,0,0.0644479,0,16.8584,45.1949,146.895,1228.77,3255.23,9382.89,0,0,4,4,12,0.75,1,2.30446,2.30446,1.84777,0.00294982,0.0754425,1205,0,0,0,0,0.001,0,0,0,0,0,0,0,0,0,0,0,0,0,0,0,0,0,0,0,0,0,0,0,0,0,0,0,0,0,0,0,0,0,0,0,0,30.2118,97.4855,75.6911,641.258,800.051,1,0.819789,0.572573,-0.0103339,0.999966,0.472897,0.00444811,0.886792,0.94,1002.42,1408.82,2338.05,3605.26,246.002,777.31,2147.25,688.104,3153.09,312.46,323.841,0.171794,0.447799,-2.10137,-1.65063,0,0,0,0,0,0,0,122.585,0,0.907884,0,0,409.488,1230.13,0,0,1704.64,5493.69,0
1691509841156831084,1474,1289,184,0.874491,30.8798,64.233,105.299,128.959,200.091,-2.07102,397.605,740.096,1185.17,1498.74,1558.45,5111.12,10262.4,21183.8,1889.48,2116.44,4103.95,770.587,784.675,303.837,160392,9097.73,12962.3,0.029886,3.63547,0,0,0.056722,0,15.2612,47.8873,146.674,1215.56,3055.82,8481.1,0,0,5,4,7,0.636364,1,2.22928,2.22928,2.17007,0.00796226,0.142671,1289,0,0,0,0,0.001,0,0,0,0,0,0,0,0,0,0,0,0,0,0,0,0,0,0,0,0,0,0,0,0,0,0,0,0,0,0,0,0,0,0,0,0,30.8798,105.299,79.6344,645.703,803.663,1,0.822836,0.568186,-0.0102221,0.999986,0.306097,0.00141073,0.869159,0.93,1006.23,1452.22,2321.02,3562.46,244.194,752.007,2152.82,680.321,3268.98,279.446,293.619,-0.00326675,0.000384848,1.23256,-0.526258,0,0,0,0,0,0,0,128.959,0,0.891389,0,0,397.605,1185.17,0,0,1558.45,5111.12,0
1691509841257405990,1404,1226,174,0.873219,33.8505,67.769,105.895,127.817,197.027,-5.72542,378.468,725.932,1209.26,1504.01,1529.46,5467.27,11787.5,24325.7,1953.67,2247.02,4503.89,788.177,783.837,315.282,158670,10441.5,14601.7,16.4236,5.64718,0,0,0.065806,0,12.8591,54.3306,135.85,1134.68,3489.67,9774.31,0,0,2,2,8,0.8,1,2.20018,2.20018,2.17827,0.00368077,0.11883,1226,0,0,0,0,0.001,0,0,0,0,0,0,0,0,0,0,0,0,0,0,0,0,0,0,0,0,0,0,0,0,0,0,0,0,0,0,0,0,0,0,0,0,33.8505,105.895,72.0231,640.597,799.38,1,0.822109,0.56933,-0.000249685,0.999949,0.576637,0.0172755,0.886792,0.94,992.183,1388.99,2312.32,3509.43,243.652,770.779,2132.45,686.109,3276.05,287.119,297.845,0.509578,-0.471845,1.70664,-0.717723,0,0,0,0,0,0,0,127.817,0,0.884992,0,0,378.468,1209.26,0,0,1529.46,5467.27,0
1691509841357585211,1350,1152,197,0.853333,31.8435,64.7104,105.047,122.705,200.746,-0.134248,384.6,727.051,1184.18,1536.73,1552.12,5469.16,11572.8,19217.1,2070.86,2150.68,4166.61,744.678,813.501,324.89,152378,8765.06,12478.8,16.1192,1.59198,0,0,0.0575219,0,8.7889,45.1927,114.368,1235.91,2895.24,8179.31,0,0,2,2,8,0.8,1,2.15773,2.15773,1.93159,0.00584826,0.0873159,1152,0,0,0,0,0.001,0,0,0,0,0,0,0,0,0,0,0,0,0,0,0,0,0,0,0,0,0,0,0,0,0,0,0,0,0,0,0,0,0,0,0,0,31.8435,105.047,75.3933,643.862,829.744,1,0.826142,0.563224,-0.0164108,0.999843,1.01648,0.0316882,0.904762,0.95,1014.9,1495.67,2331.86,3481.67,247.819,768.056,2145.34,664.846,3277.62,236.85,263.231,-0.458325,-0.108655,0.315961,-0.777175,0,0,0,0,0,0,0,122.705,0,0.889757,0,0,384.6,1184.18,0,0,1552.12,5469.16,0
1691509841457440475,1409,1194,213,0.84741,30.4763,63.9641,108.575,133.648,205.853,-1.79278,386.183,730.55,1205.01,1534.75,1563.12,5159.67,12699.1,20447.3,1976.41,2266.98,4329.56,804.825,780.609,294.619,152948,9891.62,13541,0.0018287,6.08577,0,0,0.0646732,0,13.7723,48.2954,137.58,1098.55,2829.52,9413.27,0,0,7,7,7,0.5,1,2.29857,2.29857,2.05396,0.00633236,0.128033,1194,0,0,0,0,0.001,0,0,0,0,0,0,0,0,0,0,0,0,0,0,0,0,0,0,0,0,0,0,0,0,0,0,0,0,0,0,0,0,0,0,0,0,30.4763,108.575,75.6423,645.434,816.924,1,0.825831,0.563917,-0.00111185,0.999883,0.877657,0.0312491,0.851852,0.92,1021.55,1471.88,2335.88,3554,248.394,764.066,2151.21,658.673,3238.16,281.807,275.428,0.000968617,0.000151564,1.92362,-0.713692,0,0,0,0,0,0,0,133.648,0,0.871022,0,0,386.183,1205.01,0,0,1563.12,5159.67,0
1691509841556906613,1377,1164,213,0.845316,32.7527,66.5009,108.003,133.557,226.073,-3.21656,390.237,774.048,1238.58,1537.67,1602.63,5586.22,11769.7,21577.1,2040.19,2256.75,4455.81,795.694,860.655,300.161,157408,9911.05,13778.8,0.0443903,10.269,0,0,0.0629643,0,9.49534,43.8062,135.158,1283.41,2926.14,9380.79,0,0,6,5,8,0.615385,1,2.19218,2.19218,2.07753,0.00187585,0.105078,1164,0,0,0,0,0.001,0,0,0,0,0,0,0,0,0,0,0,0,0,0,0,0,0,0,0,0,0,0,0,0,0,0,0,0,0,0,0,0,0,0,0,0,32.7527,108.003,73.5105,652.009,820.48,1,0.826413,0.563023,0.00687518,0.999968,0.461692,0.0125204,0.886792,0.94,1036.44,1516.22,2319.14,3459.65,245.623,772.857,2146.04,669.291,3245.67,268.563,279.454,0.0102224,0.0040617,0.33931,-0.0537155,0,0,0,0,0,0,0,133.557,0,0.879725,0,0,390.237,1238.58,0,0,1602.63,5586.22,0
1691509841656591787,1298,1120,176,0.862866,32.2692,70.4651,108.13,132.638,191.862,-3.85808,408.936,747.186,1194.69,1538.4,1625.26,5652.09,11554.9,22653.2,2098.65,2242.09,4580.17,760.599,833.359,344.498,159102,10104,14195.4,2.80572,3.37817,0,0,0.0635062,0,10.4804,51.664,116.488,1312.05,3217.99,9486.67,0,0,3,2,9,0.818182,1,2.22018,2.22018,2.05302,0.0031301,0.126038,1120,0,0,0,0,0.001,0,0,0,0,0,0,0,0,0,0,0,0,0,0,0,0,0,0,0,0,0,0,0,0,0,0,0,0,0,0,0,0,0,0,0,0,32.2692,108.13,74.7375,644.689,807.574,1,0.825966,0.563718,0.00144366,0.999985,0.314788,0.012032,0.834862,0.91,1010.53,1415.82,2285.3,3396.52,244.354,795.387,2130.01,658.802,3317.25,251.724,258.264,0.22022,0.260284,0.738651,-0.681367,0,0,0,0,0,0,0,132.638,0,0.870536,0,0,408.936,1194.69,0,0,1625.26,5652.09,0
1691509841756728333,1335,1173,161,0.878652,29.8598,64.9543,111.111,132.937,217.062,0.133381,381.456,743.607,1263.76,1523.78,1513.2,5459.24,12994.4,28158.4,2210.85,2333.74,4247.12,747.781,804.899,381.377,158935,10016.6,14981.7,0.146449,8.88839,0,0,0.0630232,0,12.7948,55.463,157.201,1563.77,4268.36,8924.12,0,0,14,13,12,0.48,1,2.37095,2.37095,2.0631,0.00929571,0.085104,1173,0,0,0,0,0.001,0,0,0,0,0,0,0,0,0,0,0,0,0,0,0,0,0,0,0,0,0,0,0,0,0,0,0,0,0,0,0,0,0,0,0,0,29.8598,111.111,72.722,648.811,804.467,1,0.828143,0.560516,0.00127624,0.999992,0.222054,0.001644,0.886792,0.94,985.656,1391.44,2210.22,3428.92,249.178,793.228,2097.11,669.041,3292.7,253.615,258.722,-0.00231788,0.0613728,0.81674,-0.0657225,0,0,0,0,0,0,0,132.937,0,0.869565,0,0,381.456,1263.76,0,0,1513.2,5459.24,0
1691509841857025883,1378,1205,172,0.874456,29.6162,61.5889,106.015,130.678,197.331,2.39188,381.889,730.714,1259.28,1536.7,1484.6,5634.59,10777.4,16344.3,2127.91,2350.12,4441.93,772.542,774.812,355.416,155482,8837.94,13073.4,0.0938888,6.43662,0,0,0.0568423,0,10.927,55.6054,122.089,1621.24,3179.4,8084.19,0,0,4,3,8,0.727273,1,2.31349,2.31349,2.02495,0.0050555,0.0758654,1205,0,0,0,0,0.001,0,0,0,0,0,0,0,0,0,0,0,0,0,0,0,0,0,0,0,0,0,0,0,0,0,0,0,0,0,0,0,0,0,0,0,0,29.6162,106.015,72.7576,645.619,804.623,1,0.827109,0.562017,0.00519023,0.999991,0.247368,0.0112769,0.834862,0.91,962.933,1364.38,2207.9,3398.04,248.853,776.517,1997.98,693.167,3417.75,255.357,256.28,0.0146596,-0.0242093,2.07771,-1.45699,0,0,0,0,0,0,0,130.678,0,0.880498,0,0,381.889,1259.28,0,0,1484.6,5634.59,0
1691509841957266927,1406,1241,163,0.882646,26.2579,59.1366,105.684,130.599,185.636,4.10864,354.035,674.76,1142.99,1478.72,1389.79,5456.53,10620.5,18496.2,2129.26,2187.26,4279.85,635.453,778.34,365.699,158227,9275.19,13234.4,9.30512,6.57404,0,0,0.0586196,0,9.45667,58.9968,127.48,1636.11,2674.21,8728.17,0,0,2,2,8,0.8,1,2.37224,2.37224,1.99723,0.00414916,0.0734494,1241,0,0,0,0,0.001,0,0,0,0,0,0,0,0,0,0,0,0,0,0,0,0,0,0,0,0,0,0,0,0,0,0,0,0,0,0,0,0,0,0,0,0,26.2579,105.684,73.0855,655.194,796.72,1,0.827817,0.560981,-0.00441202,0.999953,0.554848,0.0190966,0.869159,0.93,951.595,1325.06,2257.97,3349.58,242.296,758.641,2022.62,666.761,3366.19,218.149,259.509,0.00898856,0.59301,0.528146,-0.814758,0,0,0,0,0,0,0,130.599,0,0.883159,0,0,354.035,1142.99,0,0,1389.79,5456.53,0
1691509842057438016,1369,1188,176,0.867787,25.6618,57.0759,99.1884,125.024,217.162,0.485684,378.532,733.685,1227.87,1553.84,1511.21,5711.74,12442,29128.4,2110.24,2370.5,4394.73,742.925,764.09,367.452,164398,11147.7,15461.9,20.4355,5.77899,0,0,0.0678094,0,11.2862,63.1698,127.234,1621.29,3037.11,10601.8,0,0,2,1,10,0.909091,1,2.4811,2.4811,1.80109,0.000104559,0.0277275,1188,0,0,0,0,0.001,0,0,0,0,0,0,0,0,0,0,0,0,0,0,0,0,0,0,0,0,0,0,0,0,0,0,0,0,0,0,0,0,0,0,0,0,25.6618,99.1884,73.0541,659.989,789.957,1,0.828428,0.560094,-0.00100952,0.999994,0.204479,0.00920227,0.724138,0.84,961.898,1375.83,2277,3330.17,243.655,761.232,2118.4,672.456,3463.42,250.173,275.66,-2.30528,-2.29952,0.910673,0.203376,0,0,0,0,0,0,0,125.024,0,0.90404,0,0,378.532,1227.87,0,0,1511.21,5711.74,0
1691509842157597079,1356,1196,157,0.882006,25.5374,61.6424,101.787,127.114,208.652,2.09763,403.629,732.185,1218.25,1544.24,1646.57,5575.91,12739.4,50546.5,2253.3,2296.03,4395.86,710.813,761.681,383.084,159165,13104.1,17481.7,0.0179724,8.34122,0,0,0.08233,0,9.94842,73.1862,151.849,1678.2,2901.47,12667,0,0,5,4,1,0.2,1,2.63515,2.63515,1.897,0.00631739,0.124992,1196,0,0,0,0,0.001,0,0,0,0,0,0,0,0,0,0,0,0,0,0,0,0,0,0,0,0,0,0,0,0,0,0,0,0,0,0,0,0,0,0,0,0,25.5374,101.787,75.6285,656.576,821.796,1,0.828213,0.560374,0.00660184,0.999971,0.436568,0.013645,0.785714,0.88,976.693,1465.58,2280.97,3316.41,245.65,762.641,2178.2,709.828,3501.8,288.016,328.151,0.00155775,0.00450409,3.18927,-0.091322,0,0,0,0,0,0,0,127.114,0,0.894649,0,0,403.629,1218.25,0,0,1646.57,5575.91,0
1691509842257830675,1362,1195,164,0.877386,27.5566,63.2569,102.727,121.08,219.844,3.51835,397.134,732.214,1285,1617.18,1524.17,6150.9,13804.9,30950.1,2282.49,2527.36,4672.79,701.622,797.287,390.246,160562,12696.4,18000.4,7.97694,10.1867,0,0,0.0790742,0,10.6595,60.4305,160.516,1913.24,3939.81,11915.8,0.0288571,0.00466733,6,5,11,0.6875,1,4.38851,2.46682,1.9217,0.0116776,0.0482877,1195,0,0,0,0,0.001,0,0,0,0,0,0,0,0,0,0,0,0,0,0,0,0,0,0,0,0,0,0,0,0,0,0,0,0,0,0,0,0,0,0,0,0,27.5566,102.727,74.789,669.004,792.207,1,-0.83029,-0.557195,-0.0123143,0.999976,0.393023,0.00888627,0.754386,0.86,963.131,1331.99,2269.74,3269.89,245.439,727.094,2109.38,680.488,3564.07,271.757,309.673,0.323117,-0.824559,-0.0932999,0.815341,0,0,0,0,0,0,0,121.08,0,0.88954,0,0,397.134,1285,0,0,1524.17,6150.9,0
1691509842357671585,1373,1205,165,0.87764,24.2358,51.5335,98.5622,119.387,202.849,4.77573,362.208,721.314,1260.56,1551.82,1341.92,5528.13,12679,22278.2,2305.96,2360.32,4083.4,758.01,764.638,392.939,158857,9194.25,13908.2,26.7914,15.9917,0,0,0.0578777,0,14.053,79.5447,127.983,2055.96,3300.57,8330.1,0.00027162,9.89041e-05,2,2,8,0.8,1,4.12773,2.43708,1.69065,0.00424969,0.0762458,1205,0,0,0,0,0.001,0,0,0,0,0,0,0,0,0,0,0,0,0,0,0,0,0,0,0,0,0,0,0,0,0,0,0,0,0,0,0,0,0,0,0,0,24.2358,98.5622,69.3908,669.226,776.383,1,-0.831055,-0.555405,-0.029524,0.99985,0.992339,0.0279732,0.709402,0.83,938.888,1286.95,2201.7,3227.16,243.575,717.328,2084,696.604,3514.08,256.484,283.67,-1.26366,-3.65035,0.562849,2.39203,0,0,0,0,0,0,0,119.387,0,0.903734,0,0,362.208,1260.56,0,0,1341.92,5528.13,0
1691509842457693354,1367,1212,153,0.886613,26.4875,57.2996,98.8883,121.191,170.127,2.68095,345.069,689.079,1227.65,1522.1,1349.32,5463.82,12719.4,34696,2243.95,2307.2,3998.74,686.641,753.078,380.508,157895,10643.8,15390.3,3.95507,4.05675,0,0,0.0674106,0,12.0316,69.4282,127.277,1856.41,3418.84,9906.31,0.102207,0.00731389,4,3,8,0.727273,1,4.51847,2.75691,1.76156,0.00433563,0.100643,1212,0,0,0,0,0.001,0,0,0,0,0,0,0,0,0,0,0,0,0,0,0,0,0,0,0,0,0,0,0,0,0,0,0,0,0,0,0,0,0,0,0,0,26.4875,98.8883,71.6288,661.776,785.595,1,-0.831511,-0.554968,-0.0245087,0.999987,0.289621,0.010171,0.818182,0.9,940.033,1215.21,2184.35,3194,246.476,717.96,1991.32,660.681,3509.51,216.831,272.715,-0.271089,-1.66676,0.348911,1.63263,0,0,0,0,0,0,0,121.191,0,0.90264,0,0,345.069,1227.65,0,0,1349.32,5463.82,0
1691509842557172819,1407,1232,174,0.875622,22.9693,52.3785,94.622,112.894,216.706,-0.705906,351.128,700.375,1216.32,1575.84,1344.11,5481.16,13430.8,31394.6,2297.84,2300.58,4049.88,642.031,766.323,426.684,158436,10508.9,15629.9,6.1529,6.85882,0,0,0.0663292,0,16.0684,84.4762,156.473,2112.31,3628.45,9632.14,0.0130862,0.00166675,6,5,9,0.642857,1,4.18458,2.62057,1.56401,0.00320297,0.18663,1232,0,0,0,0,0.001,0,0,0,0,0,0,0,0,0,0,0,0,0,0,0,0,0,0,0,0,0,0,0,0,0,0,0,0,0,0,0,0,0,0,0,0,22.9693,94.622,69.5925,656.723,747.684,1,-0.82761,-0.560924,-0.020656,0.999967,0.463804,0.0073516,0.754386,0.86,915.584,1203.02,2194,3208.94,242.955,706.066,2008,604.462,3548.43,209.692,269.78,1.16637,-0.257555,-1.38631,0.337577,0,0,0,0,0,0,0,112.894,0,0.915584,0,0,351.128,1216.32,0,0,1344.11,5481.16,0
1691509842656674034,1424,1269,155,0.891152,24.1899,50.642,93.2546,123.563,199.518,0.175958,364.211,732.754,1200.72,1536.24,1456.94,5479.2,11340.5,16675.3,2305.73,2273.42,4001.42,655.672,743.804,459.337,157503,8770.23,13563.8,3.51941,2.58402,0,0,0.0556828,0,13.6424,80.8738,160.559,2081.11,3431.6,7795.99,0.564919,0.00266905,5,4,8,0.666667,1,4.21595,2.48889,1.72706,0.00615936,0.122122,1269,0,0,0,0,0.001,0,0,0,0,0,0,0,0,0,0,0,0,0,0,0,0,0,0,0,0,0,0,0,0,0,0,0,0,0,0,0,0,0,0,0,0,24.1899,93.2546,69.3825,659.399,758.218,1,-0.829258,-0.555321,-0.0628385,0.999093,2.44011,0.0819538,0.724138,0.84,943.807,1289.45,2251.98,3100.75,250.133,748.239,2080.13,618.393,3473.26,229.858,276.506,-0.99276,-0.556572,0.995639,0.474206,0,0,0,0,0,0,0,123.563,0,0.91253,0,0,364.211,1200.72,0,0,1456.94,5479.2,0
1691509842756986788,1446,1273,173,0.88036,24.5844,59.2146,95.9204,116.888,185.739,-4.57754,351.975,660.762,1195.61,1533.21,1392.75,5687.66,12065.8,20250.7,2344.91,2536.33,3797.64,613.323,698.216,463.623,159369,9346.08,14289.5,16.6131,15.2236,0,0,0.0586442,0,12.8823,91.042,141.591,1996.36,3704.09,8343.56,0.00227217,0.000795109,4,3,9,0.75,1,4.32432,2.56034,1.76398,0.00947863,0.17049,1273,0,0,0,0,0.001,0,0,0,0,0,0,0,0,0,0,0,0,0,0,0,0,0,0,0,0,0,0,0,0,0,0,0,0,0,0,0,0,0,0,0,0,24.5844,95.9204,70.704,658.294,745.002,1,-0.831079,-0.551652,-0.0706268,0.999961,0.504206,0.0133541,0.754386,0.86,954.73,1287.83,2230.35,3104.08,251.047,750.733,2141.33,612.492,3411.45,218.178,255.821,-1.97867,-0.941769,1.97733,0.98449,0,0,0,0,0,0,0,116.888,0,0.910448,0,0,351.975,1195.61,0,0,1392.75,5687.66,0
1691509842857453734,1258,1037,217,0.824324,24.5585,52.9742,94.872,123.039,193.848,-0.498849,392.976,737.781,1247.72,1612.99,1462.64,5505.73,14422.8,21398.8,2426.69,2291.33,3967.1,756.28,746.847,485.49,159094,8996.58,13052.6,1.52129,4.86819,0,0,0.056549,0,7.09139,97.6496,133.602,1528.25,2914.61,8371.41,0.000554121,8.58546e-05,3,3,8,0.727273,1,4.28134,2.87484,1.40649,0.00479969,0.0756203,1037,0,0,0,0,0.001,0,0,0,0,0,0,0,0,0,0,0,0,0,0,0,0,0,0,0,0,0,0,0,0,0,0,0,0,0,0,0,0,0,0,0,0,24.5585,94.872,66.9578,669.582,753.461,0,-0.98038,0.196689,0.0130169,0.70535,45.1422,0.0144798,0.515152,0.68,974.691,1252.24,2360.57,2892.33,268.838,778.357,2010.96,611.591,3444.93,239.512,204.202,1.03495,0.320382,-1.17642,-0.602259,0,0,0,0,0,0,0,123.039,0,0.910318,0,0,392.976,1247.72,0,0,1462.64,5505.73,0
1691509842957380843,1290,1067,221,0.827132,25.563,60.9665,102.308,129.598,194.048,-2.78819,402.329,712.49,1204.35,1558.51,1388.08,5476.99,11321.3,26663.8,2215.72,2146.89,3790.48,804.541,676.372,459.936,155712,7669.5,12041.7,6.05088,7.92255,0,0,0.0492543,0,11.4031,118.181,182.297,1618.84,3468.37,6642.56,0.00876085,0.00216991,4,3,11,0.785714,1,4.35794,2.65926,1.69867,0.00347595,0.129583,1067,0,0,0,0,0.001,0,0,0,0,0,0,0,0,0,0,0,0,0,0,0,0,0,0,0,0,0,0,0,0,0,0,0,0,0,0,0,0,0,0,0,0,25.563,102.308,64.9415,666.849,737.21,0,0.980913,-0.19385,-0.0152138,0.999993,0.207943,0.106356,0.666667,0.8,926.385,1196.7,2027.01,2733.96,265.132,763.431,1899.75,600.282,3294.05,253.657,183.83,0.723061,1.79464,-0.321856,-0.815193,0,0,0,0,0,0,0,129.598,0,0.888472,0,0,402.329,1204.35,0,0,1388.08,5476.99,0
1691509843057425463,1272,1073,192,0.843553,29.5247,70.7607,108.666,131.398,190.344,-5.45524,394.577,756.198,1250.38,1572.92,1477.13,5751.37,12534.4,30842.4,2070.62,2420.28,4246.95,837.563,698.012,460.876,163103,9714.06,13924.3,15.2648,15.1708,0,0,0.0595578,0,12.7702,124.029,172.353,1589.58,2891.64,9133.97,0.0226266,0.00393175,6,5,12,0.705882,1,4.54464,2.60888,1.93576,0.00458651,0.0880842,1073,0,0,0,0,0.001,0,0,0,0,0,0,0,0,0,0,0,0,0,0,0,0,0,0,0,0,0,0,0,0,0,0,0,0,0,0,0,0,0,0,0,0,29.5247,108.666,64.4155,659.145,755.439,0,-0.981471,0.191191,0.0126419,0.999993,0.214336,0.0735442,0.680672,0.81,958.916,1251.82,2226.45,2733.85,264.556,784.293,1959.28,607.018,3317.95,274.133,188.967,-1.24855,-2.40137,0.506489,2.41549,0,0,0,0,0,0,0,131.398,0,0.864865,0,0,394.577,1250.38,0,0,1477.13,5751.37,0
1691509843157499871,1511,1349,162,0.892786,21.702,45.7416,88.3838,111.785,198.971,-0.930118,350.33,728.921,1242.17,1550.87,1373.16,5626.69,12299.3,26695,2477.66,2376.83,3747.76,689.53,762.69,558.539,156208,11068.5,16752.8,18.2828,15.6304,0,0,0.0708574,0,13.342,108.192,160.851,2272.66,4224.89,9972.88,0.000575155,0.000310166,3,3,8,0.727273,1,4.02594,2.43089,1.59505,0.00744734,0.143814,1349,0,0,0,0,0.001,0,0,0,0,0,0,0,0,0,0,0,0,0,0,0,0,0,0,0,0,0,0,0,0,0,0,0,0,0,0,0,0,0,0,0,0,21.702,88.3838,69.9729,678.806,758.221,1,-0.833959,-0.546881,-0.0737178,0.713016,44.5192,0.00817956,0.492537,0.66,966.675,1294.83,2252.48,3088.08,249.925,775.624,2054.72,635.99,3290.74,245.817,296.31,0.779436,-1.28734,-0.689822,1.02763,0,0,0,0,0,0,0,111.785,0,0.925871,0,0,350.33,1242.17,0,0,1373.16,5626.69,0
1691509843257344404,1491,1317,174,0.8833,22.9305,54.2714,96.3505,121.89,195.107,-3.68796,361.746,721.755,1223.42,1578.5,1347.53,5381.42,13249.7,26823.2,2561.03,2393.26,3489.01,647.141,765.062,543.88,159449,9403.21,14723.2,10.5582,13.927,0,0,0.0589733,0,29.8901,129.342,141.016,2257.81,3927.28,8237.82,0.00248934,0.000998707,3,3,10,0.769231,1,4.38387,2.55009,1.83378,0.00407125,0.180081,1317,0,0,0,0,0.001,0,0,0,0,0,0,0,0,0,0,0,0,0,0,0,0,0,0,0,0,0,0,0,0,0,0,0,0,0,0,0,0,0,0,0,0,22.9305,96.3505,69.8739,673.785,738.342,1,0.835741,0.540818,0.0951486,0.99975,1.28018,0.0361367,0.652893,0.79,958.095,1260.19,2277.87,3027.92,252.245,744.691,2088.65,634.913,3243.09,233.161,277.716,-0.383919,-0.66702,-1.09435,0.745161,0,0,0,0,0,0,0,121.89,0,0.910402,0,0,361.746,1223.42,0,0,1347.53,5381.42,0
1691509843357239210,1411,1187,223,0.841247,30.3976,68.3352,96.9299,116.998,182.478,0.894086,385.627,726.946,1195.88,1605.2,1271.09,5144.29,12738.5,30847.8,2159.47,2207.83,3329.73,791.465,641.872,532.083,157635,8515.82,12902.1,27.8413,13.2194,0,0,0.0540224,0,39.4962,140.396,183.285,1721.15,3064.81,7753,0.000227388,8.65961e-05,2,2,8,0.8,1,4.63597,2.75593,1.88004,0.00719533,0.172576,1187,0,0,0,0,0.001,0,0,0,0,0,0,0,0,0,0,0,0,0,0,0,0,0,0,0,0,0,0,0,0,0,0,0,0,0,0,0,0,0,0,0,0,30.3976,96.9299,61.235,666.836,737.929,0,0.980396,-0.196986,-0.00455041,0.71239,44.5703,0.0074688,0.438849,0.61,916.148,1186.95,2078.29,2885.38,265.224,752.753,1901.06,595.711,3236.2,291.041,181.022,0.857171,2.33333,-1.02012,-1.3169,0,0,0,0,0,0,0,116.998,0,0.909014,0,0,385.627,1195.88,0,0,1271.09,5144.29,0
1691509843456975464,1425,1218,207,0.854737,28.7593,65.213,101.439,127.043,192.478,-1.16127,393.394,762.232,1255.45,1630.45,1244.1,5022.95,12788.9,51080.1,2263.6,2186.32,3277.17,872.829,616.42,569.459,160331,9502.69,14307.6,15.3127,15.315,0,0,0.0592691,0,33.4806,126.284,227.008,1820.46,3432.16,8668.26,1.7266,0.014869,5,5,0,0,1,4.76456,2.74737,2.01719,0.00358413,0.212825,1218,0,0,0,0,0.001,0,0,0,0,0,0,0,0,0,0,0,0,0,0,0,0,0,0,0,0,0,0,0,0,0,0,0,0,0,0,0,0,0,0,0,0,28.7593,101.439,62.6325,685.904,728.463,0,0.979906,-0.199251,-0.00913522,0.999987,0.294334,0.209543,0.694915,0.82,947.603,1165.1,2030.53,2788.63,263.302,773.176,1898.88,605.789,3181,319.685,207.142,0.743433,2.43906,-0.742944,-2.43977,0,0,0,0,0,0,0,127.043,0,0.89491,0,0,393.394,1255.45,0,0,1244.1,5022.95,0
1691509843556626315,1355,1164,191,0.859041,28.7502,64.9252,97.3405,118.648,201.922,-5.31885,373.687,709.071,1245.62,1578.17,1228.08,5035.51,11253.9,21737.6,2132.73,2142.66,3462.45,753.016,591.945,498.105,154449,7161.24,11273.4,15.7216,15.5142,0,0,0.0463663,0,35.6581,131.679,158.675,1818.57,2794.49,6334.28,0.596079,0.00937527,3,3,7,0.7,1,4.35065,2.52947,1.82119,0.00242223,0.0570992,1164,0,0,0,0,0.001,0,0,0,0,0,0,0,0,0,0,0,0,0,0,0,0,0,0,0,0,0,0,0,0,0,0,0,0,0,0,0,0,0,0,0,0,28.7502,97.3405,64.1008,671.094,716.805,0,0.979126,-0.20288,-0.0123559,0.999988,0.281572,0.0697172,0.639344,0.78,952.057,1263.82,2000.08,3811.28,270.924,797.547,1898.42,596.246,3163.68,281.218,164.812,1.84118,1.53244,-1.8522,-1.35659,0,0,0,0,0,0,0,118.648,0,0.905498,0,0,373.687,1245.62,0,0,1228.08,5035.51,0
1691509843656493319,1301,1119,180,0.860108,26.0514,59.962,99.9169,121.282,193.781,-3.60129,413.099,800.407,1294.19,1635.64,1403.36,6451.51,13638.4,32804.9,2433.68,2532.96,4159.97,826.829,707.712,559.779,158615,11052.1,16462.7,2.4805,1.65884,0,0,0.0696787,0,21.1001,122.902,180.364,2029.79,4016.64,10091.9,0.0198237,0.000369203,3,2,8,0.8,1,4.18313,2.50502,1.67811,0.00381598,0.128635,1119,0,0,0,0,0.001,0,0,0,0,0,0,0,0,0,0,0,0,0,0,0,0,0,0,0,0,0,0,0,0,0,0,0,0,0,0,0,0,0,0,0,0,26.0514,99.9169,66.1255,667.235,738.64,0,0.979518,-0.201106,-0.010085,0.999996,0.166645,0.0610515,0.612903,0.76,952.512,1277.2,2364.95,3811.94,268.912,795.008,2023.84,569.5,3149,266.871,210.519,0.626707,0.666788,-0.438683,-0.601581,0,0,0,0,0,0,0,121.282,0,0.899911,0,0,413.099,1294.19,0,0,1403.36,6451.51,0
1691509843756468756,1301,1113,187,0.855496,26.4919,61.2955,99.938,126.205,202.94,-4.672,400.961,769.612,1312.53,1648.22,1372.22,5126.22,15077.2,31569.6,2141.06,2191.19,3600.06,889.86,626.441,483.738,157271,9937.06,14628.7,60.0485,9.58828,0,0,0.0631844,0,24.7305,124.296,248.643,1673.19,3361.97,9195.92,0.000209703,5.88292e-05,1,1,8,0.888889,1,4.54531,2.75915,1.78616,7.75291e-07,0.000436971,1113,0,0,0,0,0.001,0,0,0,0,0,0,0,0,0,0,0,0,0,0,0,0,0,0,0,0,0,0,0,0,0,0,0,0,0,0,0,0,0,0,0,0,26.4919,99.938,64.5769,662.746,717.677,0,0.97815,-0.207624,-0.0106961,0.999978,0.383177,0.00131812,0.73913,0.85,984.013,1234.3,2063.26,3785.91,272.645,798.378,1970.48,547.433,3225.78,329.963,180.893,1.64522,0.116751,-1.88414,-0.109556,0,0,0,0,0,0,0,126.205,0,0.90027,0,0,400.961,1312.53,0,0,1372.22,5126.22,0
1691509843856798974,1493,1345,148,0.900871,22.2308,45.9017,83.2528,102.515,187.011,-0.347533,365.354,747.662,1299.71,1555.8,1300.61,6257.38,16167.7,40892.8,2783.38,2761.19,3815.3,766.12,739.393,504.295,163795,15714,22051.4,8.46338,6.78545,0,0,0.0959372,0,29.2378,75.9303,190.563,1748.56,5329.74,14677.3,0.0296328,0.00353768,3,2,8,0.8,1,4.23674,2.77443,1.46231,0.00782812,0.117093,1345,0,0,0,0,0.001,0,0,0,0,0,0,0,0,0,0,0,0,0,0,0,0,0,0,0,0,0,0,0,0,0,0,0,0,0,0,0,0,0,0,0,0,22.2308,83.2528,66.7151,660.257,721.027,1,0.837118,0.528787,0.140064,0.70754,44.9649,0.0301324,0.492537,0.66,959.247,1338.26,2272.32,3073.18,264.179,757.83,2009.65,576.672,3225.07,286.034,313.472,-0.119618,1.39183,0.377577,-1.59173,0,0,0,0,0,0,0,102.515,0,0.942751,0,0,365.354,1299.71,0,0,1300.61,6257.38,0
1691509843956918836,1334,1124,210,0.842579,22.076,50.9057,92.9349,119.761,199.851,0.315224,343.843,696.904,1229.64,1538.27,1177.55,5488.21,15669.4,33388.8,2036.82,2341.51,3662.64,840.317,601.859,473.024,157083,10613.3,15410.4,3.50179,3.59366,0,0,0.0675649,0,31.4108,88.0866,203.175,1237.78,4172.69,9677.25,0.00992768,0.00113065,4,4,8,0.666667,1,4.26489,2.80953,1.45536,0.00472559,0.0614783,1124,0,0,0,0,0.001,0,0,0,0,0,0,0,0,0,0,0,0,0,0,0,0,0,0,0,0,0,0,0,0,0,0,0,0,0,0,0,0,0,0,0,0,22.076,92.9349,64.0322,668.017,722.951,0,0.978418,-0.206433,-0.00913646,0.708612,44.8779,0.0472118,0.481481,0.65,947.885,1216.48,2163.67,3786.9,263.822,770.723,1990.09,556.192,3211.39,278.128,165.94,-0.804005,0.158858,1.08622,-0.0372664,0,0,0,0,0,0,0,119.761,0,0.921708,0,0,343.843,1229.64,0,0,1177.55,5488.21,0
1691509844057118458,1528,1370,158,0.896597,20.4012,45.0654,80.7791,105.778,200.225,-2.72769,365.262,744.881,1272.92,1551.81,1313.12,5380.76,14298.2,36604.9,2446.12,2384.19,3363.89,730.893,673.419,531.475,153292,12686.8,18373.2,9.45617,9.46202,0,0,0.082762,0,30.699,97.9465,201.372,1693.77,4683.07,11666.3,0.0589873,0.00774838,3,2,8,0.8,1,4.34428,2.85351,1.49077,0.0046305,0.0801472,1370,0,0,0,0,0.001,0,0,0,0,0,0,0,0,0,0,0,0,0,0,0,0,0,0,0,0,0,0,0,0,0,0,0,0,0,0,0,0,0,0,0,0,20.4012,80.7791,65.5187,652.884,731.597,1,0.839321,0.537262,0.0830089,0.70954,44.8025,0.0760508,0.470588,0.64,969.069,1338.61,2299.77,3095.66,254.969,768.019,2048.94,544.393,3200.5,288.427,278.703,0.490169,-0.62816,-0.442898,0.675043,0,0,0,0,0,0,0,105.778,0,0.939416,0,0,365.262,1272.92,0,0,1313.12,5380.76,0
1691509844157455209,1276,1061,214,0.831505,26.0673,59.3343,101.836,123.733,207.99,-0.711238,400.371,775.571,1272.77,1689.69,1316.56,5620.94,15342.3,25926.3,2210.39,2537.24,3884.03,869.574,598.146,507.087,156690,10264.1,14587.2,7.77123,8.41054,0,0,0.0655054,0,32.84,98.4975,225.733,1301.79,3299.97,9628.32,0.000677958,0.00015638,3,3,8,0.727273,1,4.57836,2.93061,1.64775,0.00505088,0.133246,1061,0,0,0,0,0.001,0,0,0,0,0,0,0,0,0,0,0,0,0,0,0,0,0,0,0,0,0,0,0,0,0,0,0,0,0,0,0,0,0,0.000942507,0.237475,0.237475,26.0881,101.841,61.7037,656.722,752.574,0,-0.978165,0.207686,0.00772781,0.708771,44.865,0.0699938,0.538462,0.7,996.708,1300.84,2207.08,3784.38,265.878,799.838,2032.1,556.398,3251.55,307.138,154.142,-1.7134,0.127937,1.50058,0.199001,0,0,0,0,0,0.0015674,0.237475,123.758,1,0.895283,26.7222,26.7222,400.591,1272.89,44.3896,44.3896,1319.35,5623.37,1.3508e-07
1691509844257480438,1559,1371,186,0.87941,22.8773,49.4236,89.4477,113.934,199.418,-2.8543,377.593,766.294,1276.63,1578.24,1276.41,5890.63,15295.6,39673.1,2495.97,2727.73,3923.2,799.882,675.951,521.104,162597,13248.6,19834,5.79317,3.82348,0,0,0.0814814,0,24.6956,104.659,219.598,1800.2,6027.33,11657.5,0.00481868,0.000678663,3,2,10,0.833333,1,4.58063,2.87115,1.70948,0.0052792,0.128039,1371,0,0,0,0,0.001,0,0,0,0,0,0,0,0,0,0,0,0,0,0,0,0,0,0,0,0,0,0,0,0,0,0,0,0,0,0,0,0,0,0,0,0,22.8773,89.4477,67.7915,650.772,758.436,1,-0.842842,-0.536567,-0.0413881,0.712682,44.5465,0.0176945,0.515152,0.68,992.755,1307.68,2230.08,3096.23,243.331,782.379,2030.88,564.454,3193.96,316.273,242.66,-0.748695,0.612698,0.914785,-0.338847,0,0,0,0,0,0.000641437,0,113.934,0,0.920496,0,0,377.593,1276.63,0,0,1276.41,5890.63,0
1691509844357449406,1384,1123,255,0.811416,25.9924,54.4427,90.3665,121.593,201.988,-1.46443,411.12,772.268,1274.29,1675.56,1275.5,5672.77,15453.8,27270.8,2129.21,2669.31,3808.99,896.25,577.08,524.953,150824,10710.2,15447.5,3.6634,3.79623,0,0,0.0710115,0,41.1128,97.2711,212.386,1207.03,4052.26,9837.41,0.0175376,0.000811999,3,2,10,0.833333,1,4.74086,3.15397,1.58688,0.00573722,0.117174,1123,0,0,0,0,0.001,0,0,0,0,0,0,0,0,0,0,0,0,0,0,0,0,0,0,0,0,0,0,0,0,0,0,0,0,0,0,0,0,0,0.00356189,28.2559,33.6593,25.9924,90.4367,63.686,651.4,735.914,0,0.976375,-0.215999,-0.00604565,0.706782,45.0263,0.0531449,0.503759,0.67,981.959,1293.11,2298.3,3772.67,265.192,790.036,2034.31,558.946,3222.86,301.509,167.012,1.42922,-0.0897862,-1.90583,-0.126507,0,0,0,0,0,0.00578035,33.7186,121.689,1,0.912422,556.028,759.565,411.12,1276.68,780.626,998.67,1286.86,5691.72,0.000151784
1691509844457112377,1455,1180,270,0.810997,25.496,55.8065,106.506,137.604,201.443,-2.69033,379.995,739.069,1200.7,1556.81,1222.56,5164.92,14470.5,34815,1997.85,2489.16,3383.14,854.967,553.255,503.175,148128,10248.1,14936.7,4.59769,6.38829,0,0,0.0691844,0,47.3742,96.768,207.676,1135.52,4152.02,9297.37,0.00165023,0.000327304,4,4,8,0.666667,1,5.08289,3.21186,1.87103,0.003967,0.156045,1180,0,0,0,0,0.001,0,0,0,0,0,0,0,0,0,0,0,0,0,0,0,0,0,0,0,0,0,0,0,0,0,0,0,0,0,0,0,0,0,0.0127119,5.33909,28.9806,25.7233,106.738,62.2515,652.265,717.484,0,0.97641,-0.215828,-0.00646395,1,0.0259799,0.0193039,0.709402,0.83,987.06,1294.58,2198.08,3760.41,258.941,787.409,2054.27,543.199,3119.93,293.111,153,-0.786659,-0.209146,1.24045,0.883739,0,0,0,0,0,0.0116838,32.8399,137.929,1,0.886695,154.84,432.237,383.518,1208.09,272.258,682.322,1237.55,5180.38,0.000270225
1691509844556647054,1464,1157,303,0.790301,24.9032,54.5903,92.5741,122.081,195.599,-2.23799,375.796,715.948,1196.07,1570.89,1124.44,5408.68,12299.7,47906.6,1967.93,2333.9,3198.5,825.69,571.571,516.971,147038,10468.7,15327.6,18.9356,7.99494,0,0,0.0711971,0,35.9169,87.404,204.103,1091.74,4542.89,9365.55,0.000208088,0.000157017,2,2,8,0.8,1,4.93522,3.31382,1.6214,0.00424776,0.101975,1157,0,0,0,0,0.001,0,0,0,0,0,0,0,0,0,0,0,0,0,0,0,0,0,0,0,0,0,0,0,0,0,0,0,0,0,0,0,0,0,0.00259291,4.58221,5.13437,24.9106,92.6708,56.7434,653.385,700.872,0,0.976278,-0.216484,-0.00392824,0.999997,0.150257,0.00685939,0.652893,0.79,989.027,1292.43,2166.21,3755.54,257.633,789.517,2019.22,541.013,3252.86,287.576,157.776,0.511361,-1.13583,0.161719,-0.0456397,0,0,0,0,0,0.00204918,5.20339,122.134,1,0.911612,209.859,218.948,378.481,1200.75,317.735,379.209,1133.9,5421.3,1.74251e-05
1691509844656365791,1385,1146,236,0.827437,25.2685,63.0711,107.568,132.943,214.856,-8.60403,407.226,742.231,1251.92,1690.38,1222.95,6703.2,16570.4,33861.9,2074.65,3072.73,4231.09,860.567,595.142,513.644,154787,11809.2,17439.1,25.2809,20.1262,0,0,0.0762935,0,32.0243,80.5728,204.146,1384.17,5256.93,10481.3,0.0455129,0.0080224,3,2,8,0.8,1,4.9815,3.0208,1.9607,0.0032793,0.141995,1146,0,0,0,0,0.001,0,0,0,0,0,0,0,0,0,0,0,0,0,0,0,0,0,0,0,0,0,0,0,0,0,0,0,0,0,0,0,0,0,0.0061082,10.7676,23.16,25.3893,107.835,60.6093,646.34,746.051,0,-0.975378,0.22054,0.000773753,0.999986,0.298887,0.0817166,0.652893,0.79,1025.14,1326.45,2341.43,3748.19,260.799,796.69,2115.75,586.577,3362.45,306.411,149.772,-0.996631,1.82022,1.16629,-1.56033,0,0,0,0,0,0.00505415,29.452,133.054,1,0.878841,173.431,343.127,409.088,1256.52,243.088,522.233,1236.32,6718.37,4.39013e-05
1691509844756413879,1386,1157,224,0.834776,26.7227,59.3532,106.377,131.866,196.111,-8.84698,391.017,745.731,1152.38,1456.68,1163.76,5659.67,13528.9,28661.7,1926.66,2479.12,3500.29,878.226,546.941,485.474,158108,9422.33,14100.7,11.2325,11.3042,0,0,0.0595944,0,43.235,90.3398,197.411,1089.63,4449.11,8231,0.177343,0.00621788,6,6,8,0.571429,1,5.35231,3.45837,1.89393,0.00497258,0.125331,1157,0,0,0,0,0.001,0,0,0,0,0,0,0,0,0,0,0,0,0,0,0,0,0,0,0,0,0,0,0,0,0,0,0,0,0,0,0,0,0,0.0242005,31.1872,60.5989,26.6771,107.608,62.5321,673.165,733.303,0,0.975119,-0.22167,-0.00234791,0.999998,0.112024,0.0720128,0.73913,0.85,1042.86,1316.49,2193.06,3727.71,255.72,796.576,2030.64,536.546,3267.83,298.424,121.679,-2.10411,-1.0914,2.04209,0.836982,0,0,0,0,0,0.020202,63.6404,132.409,1,0.883082,215.721,588.861,396.549,1158.04,359.15,894.376,1186.88,5687.05,0.000553596
1691509844856497612,1463,1219,241,0.833219,25.3348,55.1532,108.341,134.956,206.517,-8.63599,385.395,715.781,1179.14,1655.61,1148.25,5871.71,14984.5,41532.4,2035.76,2575.18,3980.64,843.317,545.913,519.19,158097,12132.9,17457.1,20.6856,23.2574,0,0,0.0767434,0,44.6813,88.322,264.017,1036.36,5039.28,10984.5,0.031947,0.00846191,3,2,10,0.833333,1,5.49338,3.53299,1.96039,0.00322935,0.0927102,1219,0,0,0,0,0.001,0,0,0,0,0,0,0,0,0,0,0,0,0,0,0,0,0,0,0,0,0,0,0,0,0,0,0,0,0,0,0,0,0,0.0426579,11.3051,34.2533,26.5845,110.369,61.0601,664.303,721.637,0,0.973513,-0.228598,-0.00401156,0.999973,0.418475,0.0519869,0.724138,0.84,1043.94,1294.79,2369.39,3727.81,252.36,810.265,2117.29,541.696,3208.62,319.85,153.177,-1.39292,-1.60356,1.00742,1.28392,0,0,0,0,0,0.0355434,36.4703,137.108,1,0.874893,223.017,808.754,388.503,1195.98,280.288,1138.16,1209.79,6025.34,0.00132403
1691509844956437280,1429,1170,257,0.818754,24.7158,58.5844,102.728,127.911,245.694,-6.77505,405.051,744.495,1274.81,1669.66,1141.01,5920.43,16552.4,41686.7,1938.49,2823.02,3747.43,886.458,553.229,522.015,156162,14476.1,19987.5,15.8265,21.4546,0,0,0.0926991,0,40.6185,87.9411,243.402,1073.76,5002.63,13539.2,0.000280911,0.000127365,2,1,9,0.9,1,5.0878,3.24955,1.83825,0.00433208,0.0415567,1170,0,0,0,0,0.001,0,0,0,0,0,0,0,0,0,0,0,0,0,0,0,0,0,0,0,0,0,0,0,0,0,0,0,0,0,0,0,0,0,0.0700855,8.53439,20.466,28.4105,104.934,59.8597,659.115,709.025,0,0.973265,-0.229667,-0.00296369,0.999999,0.0869211,0.0611956,0.709402,0.83,1046.27,1320.59,2396.28,3718.37,257.038,817.857,2040.16,544.885,3181.92,331.732,165.742,-1.37502,-1.96709,0.324482,2.64052,0,0,0,0,0,0.0573828,24.3524,133.039,1,0.886029,262.236,545.725,423.19,1298.72,357.483,824.71,1248.36,6247.9,0.00102916
1691509845056936200,1512,1237,271,0.818122,22.5439,56.6108,102.572,134.984,215.065,-6.30692,354.722,728.064,1247.53,1638.82,1005.46,5290.66,16150.4,39780.1,1649.25,2447.35,3581.43,896.723,505.031,482.829,155752,12360.4,17679.6,7.90727,7.78758,0,0,0.0793599,0,47.8431,100.132,284.749,947.988,5070.31,11228.5,0.00731173,0.00137348,7,7,11,0.611111,1,5.58649,3.61983,1.96667,0.0114178,0.0680655,1237,0,0,0,0,0.001,0,0,0,0,0,0,0,0,0,0,0,0,0,0,0,0,0,0,0,0,0,0,0,0,0,0,0,0,0,0,0,0,0,0.130154,12.6195,42.2745,25.7424,112.414,60.8982,662.503,726.599,0,-0.972134,0.234409,0.00266294,0.999988,0.279862,0.0357963,0.680672,0.81,1016.65,1330.46,2166.35,3674.55,255.085,815.865,2020.44,508.957,3136.97,366.034,136.525,0.61596,-0.286218,1.2303,0.622772,0,0,0,0,0,0.106481,70.1348,140.878,0.987578,0.877323,275.105,822.892,373.169,1280.81,382.831,1159.55,1193.15,5642.95,0.00495539
1691509845157435061,1363,1126,234,0.826119,25.9088,62.194,100.129,119.971,193.48,-7.15872,407.528,753.089,1276.38,1658.38,1166.6,5921.01,15734.6,32838.9,1762.13,2509.93,4149.46,931.902,539.387,501.307,159190,11583.5,16594.6,24.0137,9.18996,0,0,0.0727651,0,41.4793,80.7754,248.612,911.191,4824.37,10488.2,0.000112483,5.67665e-05,2,1,9,0.9,1,5.51839,3.77138,1.74701,0.00463944,0.0695165,1126,0,0,0,0,0.001,0,0,0,0,0,0,0,0,0,0,0,0,0,0,0,0,0,0,0,0,0,0,0,0,0,0,0,0,0,0,0,0,0,0.16341,13.268,38.3293,32.1333,105.133,61.139,688.436,746.425,0,0.97141,-0.237407,0.000231505,0.999991,0.242329,0.010208,0.666667,0.8,1084.86,1396.34,2399.96,3673.85,254.431,839.349,2162.14,495.755,3063.9,341.841,137.952,0.0464566,-0.502086,0.802464,0.467522,0,0,0,0,0,0.134996,52.9014,123.992,1,0.878981,269.05,877.046,436.408,1353.39,397.086,1170.94,1414.37,6472.37,0.00647476
1691509845257314387,1558,1307,249,0.838896,25.9874,57.9908,97.7579,117.96,200.366,-3.75437,364.078,727.708,1149.65,1532.67,1013.81,5478.61,14037.5,34278.1,1673.58,2621.5,3640.72,862.77,517.921,448.409,160149,11458.4,16644.6,36.2506,11.9002,0,0,0.0715481,0,41.177,80.3163,261.483,946.312,5103.96,10211.3,0.000130924,7.35154e-05,2,1,9,0.9,1,5.79198,3.8443,1.94768,0.00277446,0.0714446,1307,0,0,0,0,0.001,0,0,0,0,0,0,0,0,0,0,0,0,0,0,0,0,0,0,0,0,0,0,0,0,0,0,0,0,0,0,0,0,0,0.127008,10.6868,36.3185,30.0564,101.001,58.5966,683.348,740.056,0,-0.969178,0.246316,-0.00466867,0.999948,0.584437,0.0911522,0.666667,0.8,1019.04,1309.68,2157.59,3673.66,259.028,805.854,1960.51,490.749,3122.22,345,148.213,-0.621829,0.764962,0.416037,-0.970384,0,0,0,0,0,0.106547,53.7641,121.815,0.987952,0.895706,288.232,908.56,376.897,1174.83,417.975,1135.44,1191.05,6007.54,0.0065165
1691509845357386851,1454,1204,250,0.828061,26.4879,61.846,106.999,133.011,188.85,-2.71466,349.214,679.807,1249.2,1674.82,977.214,5860.93,17678.9,42465,1768.66,2778.92,3744.66,859.682,519.263,497.186,165053,13975.8,18825,11.1371,11.2347,0,0,0.0846747,0,39.673,76.6818,223.523,859.048,4386.43,13239.6,0.0363576,0.00506036,4,3,9,0.75,1,6.03314,4.05224,1.9809,0.00375904,0.104104,1204,0,0,0,0,0.001,0,0,0,0,0,0,0,0,0,0,0,0,0,0,0,0,0,0,0,0,0,0,0,0,0,0,0,0,0,0,0,0,0,0.13289,9.00992,35.7781,30.5555,112.576,58.1607,686.672,735.168,0,0.968592,-0.248633,-0.00325306,0.999966,0.474081,0.136432,0.680672,0.81,1078.7,1329.03,2139.73,3717.57,258.848,835.331,2012.79,507.654,3046.42,327.056,159.805,-0.183479,-1.10568,0.158667,1.2082,0,0,0,0,0,0.110041,43.9437,136.127,1,0.866858,194.084,627.925,371.009,1301.97,262.74,896.313,1210.66,6225.94,0.00364619
1691509845457258841,1598,1340,257,0.838548,26.6802,55.8435,96.8042,128.288,207.784,-3.11247,350.577,655.589,1065.28,1436.69,1005.46,5118.06,12321.6,28863.6,1577.59,2418.96,3141.35,766.787,472.993,497.959,155417,8574.02,12990.1,10.508,7.31363,0,0,0.0551679,0,49.1251,128.045,216.963,876.712,4443.71,7275.49,0.000563001,0.000186861,3,2,9,0.818182,1,5.91739,3.93161,1.98578,0.00289784,0.132756,1340,0,0,0,0,0.001,0,0,0,0,0,0,0,0,0,0,0,0,0,0,0,0,0,0,0,0,0,0,0,0,0,0,0,0,0,0,0,0,0,0.0940299,11.3722,39.102,28.3556,99.9588,56.7581,688.161,726.081,0,-0.967817,0.251628,-0.0037719,0.999971,0.439808,0.0994571,0.694915,0.82,1050.66,1328.67,2130.2,3703.75,256.178,827.268,2009.13,475.172,2985.52,276.858,119.839,0.906036,1.08431,-0.825596,-0.786975,0,0,0,0,0,0.0788486,51.9769,132.178,0.992063,0.899506,185.081,598.243,369.308,1080.84,242.748,849.881,1117.31,5488.96,0.0038411
1691509845557120582,1552,1276,276,0.822165,29.6154,60.8503,96.9309,120.256,208.504,-5.51222,383.621,728.714,1236.33,1518.2,1108.07,5665.54,21837.5,70250.4,1723.63,2495.26,3920.56,896.377,502.507,488.774,153474,24409.4,30840.3,16.3037,2.74377,0,0,0.159046,0,50.0768,111.999,273.87,897.721,5820.09,23686.5,0.000699756,0.000100536,3,3,11,0.785714,1,6.01059,4.06961,1.94097,0.000278469,0.0363446,1276,0,0,0,0,0.001,0,0,0,0,0,0,0,0,0,0,0,0,0,0,0,0,0,0,0,0,0,0,0,0,0,0,0,0,0,0,0,0,0,0.0760188,13.5644,43.2166,32.8783,100.11,58.2617,682.212,748.526,0,-0.968129,0.250451,-5.05748e-05,0.999992,0.22434,0.00715526,0.639344,0.78,1093.79,1341.04,2164.89,3710.48,251.349,860.339,2074.36,476.386,2969.02,357.263,221.589,3.42994,5.24639,-0.433224,0.811619,0,0,0,0,0,0.0625,51.6378,124.023,1,0.899067,143.481,604.775,411.118,1242.47,201.55,841.914,1245.77,5993.49,0.00141948
1691509845657104011,1507,1246,259,0.826808,30.8367,63.6461,97.1369,124.366,227.854,-7.01594,391.241,743.806,1259.72,1604.81,1190.5,5257.44,17838.6,39181.9,1709.41,2714.68,3566.08,829.886,486.864,567.718,155304,14507.9,21141.3,7.10697,7.06835,0,0,0.0934164,0,64.2609,151.878,272.961,1030,6912.54,12709.6,6.11656,0.0114451,5,5,0,0,1,6.09867,4.07873,2.01994,0.00639471,0.153551,1246,0,0,0,0,0.001,0,0,0,0,0,0,0,0,0,0,0,0,0,0,0,0,0,0,0,0,0,0,0,0,0,0,0,0,0,0,0,0,0,0,0,0,30.8367,97.1369,56,691.558,745.442,0,0.965608,-0.25995,0.00519611,0.999938,0.635614,0.0616374,0.680672,0.81,1064.07,1331.53,2382.76,3700.61,249.617,860.477,2034.04,462.457,2932.35,322.345,159.111,-2.66562,0.0604643,2.65472,-0.0575069,0,0,0,0,0,0,0,124.366,0,0.907705,0,0,391.241,1259.72,0,0,1190.5,5257.44,0
1691509845757603115,1632,1351,280,0.827819,29.9755,56.4873,88.1544,112.78,211.15,-5.26107,395.478,702.342,1198.4,1550.21,1232.63,5269.23,15173.7,30719.2,1649.56,2830.56,3473.49,868.081,453.244,491.74,161348,12308.4,17885.6,9.51882,9.07321,0,0,0.0762848,0,46.4773,137.795,263.646,952.653,5538.73,10946.3,0.00616255,0.00201921,4,4,10,0.714286,1,5.92349,4.05078,1.8727,0.00486379,0.14045,1351,0,0,0,0,0.001,0,0,0,0,0,0,0,0,0,0,0,0,0,0,0,0,0,0,0,0,0,0,0,0,0,0,0,0,0,0,0,0,0,0,0,0,29.9755,88.1544,57.2544,692.037,729.708,0,0.965095,-0.261882,0.00293132,0.999995,0.173082,0.0112286,0.754386,0.86,1056.87,1316.71,2063.62,3714.55,252.89,849.76,2004.3,458.384,2916.98,354.042,139.219,-0.0237016,0.694789,-0.24949,-0.362204,0,0,0,0,0,0,0,112.78,0,0.925981,0,0,395.478,1198.4,0,0,1232.63,5269.23,0
1691509845858200051,1708,1455,251,0.851874,26.6476,54.0962,86.1223,112.432,221.006,-4.97328,357.102,657.882,1074.46,1441.37,1013.59,4229.44,15298.7,35838.3,1262.83,2307.97,2641.39,752.553,426.777,503.845,161725,11139.7,16345.7,7.4677,8.56332,0,0,0.068881,0,54.2019,135.172,263.994,854.807,5259.47,9778.06,0.0116775,0.00145181,4,4,10,0.714286,1,5.79246,3.90557,1.88689,0.005298,0.0994254,1455,0,0,0,0,0.001,0,0,0,0,0,0,0,0,0,0,0,0,0,0,0,0,0,0,0,0,0,0,0,0,0,0,0,0,0,0,0,0,0,0.00274914,11.2132,24.8437,26.6514,86.3201,53.9182,694.187,708.895,0,0.963277,-0.268509,0.00107926,0.999975,0.407799,0.0594744,0.694915,0.82,1064.42,1284.16,2040.74,3685.66,251.254,844.087,1998.96,459.626,2824.66,335.395,136.635,-2.36223,0.093262,2.02333,0.147224,0,0,0,0,0,0.00234192,27.6614,112.449,1,0.929704,386.915,549.092,357.102,1075.64,527.02,751.655,1013.92,4230.38,8.10949e-05
1691509845958162572,1685,1444,240,0.856973,28.8949,53.2335,86.5008,124.062,195.164,-4.92541,403.021,709.742,1141.32,1505.03,1174.38,5192.24,16380.3,40240.5,1463.17,2510.81,3324.7,858.312,451.043,514.195,158489,14185.6,20585.1,11.1045,10.1191,0,0,0.0895051,0,52.3915,126.457,323.278,891.801,6752.96,12438.2,0.00242466,0.00156706,3,2,10,0.833333,1,5.61973,3.62277,1.99695,0.0036617,0.11925,1444,0,0,0,0,0.001,0,0,0,0,0,0,0,0,0,0,0,0,0,0,0,0,0,0,0,0,0,0,0,0,0,0,0,0,0,0,0,0,0,0.00415512,6.48439,23.6641,28.9669,86.6358,51.6367,674.107,708.256,0,-0.961753,0.273902,-0.00283485,0.999983,0.336466,0.171668,0.724138,0.84,1044.99,1325.56,2030.33,3681.87,260.257,847.693,1978.7,453.974,2745.92,400.192,145.096,-0.204437,-0.945959,-0.461274,-0.382569,0,0,0,0,0,0.00356083,26.8501,124.168,1,0.923505,314.336,415.943,403.547,1142.92,469.072,614.928,1183.21,5196.13,6.71627e-05
1691509846058134389,1694,1455,239,0.858914,28.3648,51.2606,88.7299,117.942,193.046,-6.97498,424.264,693.524,1041.99,1419.26,1106.03,4496.14,16069.4,36650.9,1302.21,2332.7,2905.59,835.513,429.775,457.533,155854,14279.9,20591.4,6.17098,8.91221,0,0,0.0916235,0,43.9025,116.048,307.861,698.027,7006.98,12418.6,0.0149616,0.0010978,3,3,10,0.769231,1,5.41552,3.49032,1.9252,0.00677582,0.0775121,1455,0,0,0,0,0.001,0,0,0,0,0,0,0,0,0,0,0,0,0,0,0,0,0,0,0,0,0,0,0,0,0,0,0,0,0,0,0,0,0,0.0130584,12.2945,23.0834,28.5736,89.0056,50.2919,672.514,704.194,0,0.959186,-0.282744,0.00416875,0.999957,0.533059,0.0727845,0.754386,0.86,1058.61,1320.19,2020.86,3669.47,265.446,871.259,1971.76,456.092,2826.92,377.25,125.365,-3.07996,0.663907,4.22238,-0.860361,0,0,0,0,0,0.0112161,27.7751,118.235,1,0.920613,228.974,397.995,427.923,1049.36,364.536,592.994,1128.83,4589.89,0.000166956
1691509846158113719,1845,1603,241,0.868835,28.2793,54.4672,87.5637,115,203.388,-8.99637,421.195,718.305,1088.81,1393.65,1098.75,4402.46,15411.1,45670,1410.32,2328.75,2777.38,849.076,412.192,497.994,156505,14710.2,21403.1,25.1307,18.4691,0,0,0.0939918,0,53.0176,146.059,340.21,950.371,7034.9,12878.5,0.000300041,9.93136e-05,2,2,8,0.8,1,5.72991,3.56525,2.16466,0.00456369,0.126648,1603,0,0,0,0,0.001,0,0,0,0,0,0,0,0,0,0,0,0,0,0,0,0,0,0,0,0,0,0,0,0,0,0,0,0,0,0,0,0,0,0.0124766,11.0035,23.6476,28.5969,87.7094,48.5019,664.324,724.174,0,-0.958219,0.286011,-0.00380494,0.999994,0.196297,0.115468,0.73913,0.85,1033.53,1326.12,2049.31,3663.66,264.068,841.727,1989.93,451.135,2902.23,416.873,141.013,2.62417,-0.489734,-1.18708,-0.770655,0,0,0,0,0,0.0108401,24.9208,115.212,1,0.921036,342.295,515.35,421.897,1095.27,541.26,777.888,1110.71,4420.88,0.000318045
1691509846257696361,1936,1719,215,0.887913,26.8367,46.4085,75.9028,106.906,197.523,-7.51735,412.381,671.411,1018.21,1333.93,1045.52,4126.33,13706.6,36360.2,1393.95,2118.37,2542.38,782.771,382.928,508.52,154874,13139.7,19159.1,16.9014,15.7678,0,0,0.0848409,0,52.0465,147.27,313.407,1085.61,5851.27,11709.5,0.0084346,0.00151836,4,4,10,0.714286,1,5.39175,3.48114,1.91061,0.00374818,0.093148,1719,0,0,0,0,0.001,0,0,0,0,0,0,0,0,0,0,0,0,0,0,0,0,0,0,0,0,0,0,0,0,0,0,0,0,0,0,0,0,0,0.017452,18.0158,28.232,27.1896,76.3894,45.0505,641.483,705.466,0,-0.954514,0.298098,-0.00639467,0.999917,0.739414,0.02538,0.724138,0.84,1023.18,1336.49,2014.02,3652.08,266.578,839.311,1926.19,404.723,2992.88,385.457,147.582,2.68099,0.608111,-3.34968,-0.39346,0,0,0,0,0,0.0154959,31.0748,107.023,1,0.937241,305.705,488.106,413.599,1025.93,495.676,784.025,1076.61,4187.56,0.000491881
1691509846357047486,2027,1803,222,0.889492,25.5971,47.4346,81.9505,115.698,203.524,-5.74482,406.217,690.666,1013.39,1288.01,1042.06,4146.83,16914.2,41323,1330.24,2058.12,2716.56,808.158,383.202,491.242,150274,16051,22854.7,3.66903,4.55341,0,0,0.106812,0,55.0717,138.471,352.297,935.09,6932.35,14441.5,0.0014598,0.000226336,3,3,8,0.727273,1,6.04222,3.84618,2.19605,0.00564515,0.133782,1803,0,0,0,0,0.001,0,0,0,0,0,0,0,0,0,0,0,0,0,0,0,0,0,0,0,0,0,0,0,0,0,0,0,0,0,0,0,0,0,0.025513,16.0166,35.5742,25.7572,84.0232,42.2376,642.737,706.026,0,-0.955373,0.295392,-0.00249576,0.999988,0.276354,0.00567416,0.709402,0.83,1050.57,1342.68,2015.28,3659.23,268.462,847.87,1962.32,424.54,3013.87,421.004,149.137,0.987977,-0.449473,-1.11854,0.204945,0,0,0,0,0,0.0226936,42.4239,116.698,1,0.92601,310.631,500.216,409.949,1030.02,516.387,845.848,1071.82,4253.2,0.000632447
1691509846456388268,1965,1732,229,0.881425,25.5757,46.905,78.9809,111.787,190.604,-6.95122,419.413,680.643,994.433,1277.59,1062.81,3802.93,16800.6,39171.9,1320.12,1984.26,2443.62,773.917,376.376,502.239,156098,13812.1,20119.2,5.88205,5.93285,0,0,0.0884835,0,44.0257,160.949,339.84,881.711,6594.66,12098,0.0478081,0.00229769,5,5,10,0.666667,1,5.58101,3.59958,1.98143,0.00259054,0.107114,1732,0,0,0,0,0.001,0,0,0,0,0,0,0,0,0,0,0,0,0,0,0,0,0,0,0,0,0,0,0,0,0,0,0,0,0,0,0,0,0,0.0294457,18.353,35.1339,26.0903,79.6894,43.9913,636.065,703.944,0,-0.953856,0.300246,-0.00338736,0.999987,0.295846,0.0263835,0.769912,0.87,1058.57,1343.71,2012.31,3644.85,271.003,878.763,1927.28,436.564,3326.32,397.508,124.855,0.783749,-0.290865,-0.897069,0.335651,0,0,0,0,0,0.0259542,42.4714,112.827,1,0.935753,331.656,477.797,425.104,1003.32,553.609,789.869,1092.54,3883.37,0.000776243
1691509846555962065,1970,1749,218,0.887817,24.3107,45.0427,77.4151,101.08,206.697,-4.2838,385.116,676.058,1006.94,1338.03,1026.45,3631.11,13815.7,36437,1270.53,1978.12,2327.34,799.896,388.88,504.317,147172,11805.8,17986.7,22.2375,10.3945,0,0,0.0802178,0,56.7608,138.577,338.401,1086.65,6746.05,9620.27,0.000271448,6.87991e-05,2,2,8,0.8,1,5.61298,3.76999,1.84299,0.00131959,0.0591473,1749,0,0,0,0,0.001,0,0,0,0,0,0,0,0,0,0,0,0,0,0,0,0,0,0,0,0,0,0,0,0,0,0,0,0,0,0,0,0,0,0.0308748,15.8525,52.6694,24.74,77.5839,45.3099,621.299,685.391,0,-0.95381,0.300384,-0.00405275,1,0.0390202,0.0306326,0.694915,0.82,1013.87,1290.47,1998.67,3647.33,274.87,847.741,1885.17,411.907,3523.75,391.404,143.724,1.62953,1.79611,-2.10505,-0.645072,0,0,0,0,0,0.0274112,87.8894,101.175,0.962963,0.948083,202.453,469.802,392.639,1022.72,340.478,736.667,1058.55,3678.99,0.000760992
1691509846655915606,1795,1549,246,0.862953,24.8239,45.4685,81.1763,111.006,205.868,-5.9389,420.905,721.132,1088.55,1364.55,1089.1,4148.28,15171.3,32291.9,1378.93,2210.09,2632.57,820.69,382.94,538.543,147627,11079.2,17015,36.5886,11.6405,0,0,0.0750486,0,44.131,136.786,340.756,1007.04,6825.33,8660.94,0.000250675,7.83924e-05,2,2,8,0.8,1,5.38052,3.57874,1.80178,0.00358141,0.129065,1549,0,0,0,0,0.001,0,0,0,0,0,0,0,0,0,0,0,0,0,0,0,0,0,0,0,0,0,0,0,0,0,0,0,0,0,0,0,0,0,0.0142027,16.5151,34.6036,25.0117,82.7353,46.2835,645.525,705.192,0,-0.953604,0.301019,-0.0051732,0.999999,0.0747267,0.039442,0.709402,0.83,1037.74,1278.43,1945.93,3644.04,269.801,849.107,1830.03,390.774,3405.75,378.5,108.747,1.60535,0.522513,-1.22875,0.089067,0,0,0,0,0,0.0128134,36.6252,112.052,1,0.926654,386.182,565.547,424.676,1097.63,623.741,949.344,1102.34,4265.64,0.00052949
1691509846756094546,1814,1582,229,0.872106,22.5697,42.7372,73.1733,113.045,221.359,-2.90685,406.637,715.276,1070.2,1353.75,1085.48,3922.45,13811.7,29721,1393.51,1887.32,2488.79,832.342,392.234,509.287,149845,10340.1,15123.5,3.61711,3.69619,0,0,0.0690048,0,39.3111,130.671,326.775,968.271,4321.5,9336.95,0.232033,0.00515271,7,6,12,0.666667,1,4.91013,3.18943,1.7207,0.00702999,0.0415196,1582,0,0,0,0,0.001,0,0,0,0,0,0,0,0,0,0,0,0,0,0,0,0,0,0,0,0,0,0,0,0,0,0,0,0,0,0,0,0,0,0.0259166,8.2796,34.409,23.2104,73.9344,46.2384,642.755,682.007,0,-0.952956,0.30306,-0.0055013,0.999998,0.124133,0.0407493,0.680672,0.81,1089.25,1301.87,1969.56,3640.99,272.28,878.956,1833.92,392.137,3503.41,413.503,126.684,0.388133,0.751331,-0.416563,-0.754629,0,0,0,0,0,0.022602,59.0385,113.751,0.95122,0.935756,392.867,617.77,406.865,1077.13,627.824,988.38,1122.01,3994.34,0.00135504
1691509846856631690,1926,1679,245,0.871755,21.2659,40.6735,68.3216,101.453,220.488,-2.87077,403.889,711.932,1024.67,1338.58,1044.19,3765,13968.2,38051.6,1395.03,1717.38,2753.7,797.599,403.049,518.199,143839,11829,17600.5,23.6118,23.7237,0,0,0.0822376,0,49.6821,158.295,338.538,1110.72,5578.36,10364.9,0.00405182,0.00348658,6,5,9,0.642857,1,4.72108,3.07157,1.64952,0.0055195,0.100825,1679,0,0,0,0,0.001,0,0,0,0,0,0,0,0,0,0,0,0,0,0,0,0,0,0,0,0,0,0,0,0,0,0,0,0,0,0,0,0,0,0.0381179,12.7366,34.5185,21.7616,70.2846,45.6873,648.435,657.878,0,0.953803,-0.300355,0.00690573,0.999995,0.181257,0.193666,0.724138,0.84,1069.46,1279.35,1968.82,3635.06,264.089,871.202,1910.5,389.578,3458.89,403.484,150.77,-0.934695,-0.539106,0.955133,0.550005,0,0,0,0,0,0.0332295,37.9799,102.837,1,0.947368,383.055,684.898,404.315,1046.22,622.22,1138.96,1097.53,3912.67,0.00197825
1691509846956674878,1907,1647,257,0.86366,22.82,41.5803,75.1141,110.897,223.234,-5.44428,438.844,733.576,1096.5,1385.2,1066.16,3752.28,15424.1,41630.1,1411.89,1697.48,2659.89,862.933,400.119,535.997,148589,13540.9,19763.5,11.9658,9.84214,0,0,0.0911302,0,42.2178,156.136,386.499,1052.64,6079.9,12046.1,0.00486873,0.00153137,5,5,8,0.615385,1,4.96981,3.22225,1.74756,0.00522982,0.0994682,1647,0,0,0,0,0.001,0,0,0,0,0,0,0,0,0,0,0,0,0,0,0,0,0,0,0,0,0,0,0,0,0,0,0,0,0,0,0,0,0,0.0449302,11.9194,31.8136,23.2335,77.2443,43.0208,657.764,665.215,0,0.952622,-0.304118,0.00476978,0.99999,0.256987,0.566956,0.754386,0.86,1062.38,1252.76,1946.53,3636.22,270.256,880.731,1864.98,380.202,3553.33,442.45,143.421,-0.0841862,0.86783,-0.232635,-1.26191,0,0,0,0,0,0.0388044,37.6962,112.409,1,0.935156,416.743,611.788,439.406,1112.11,690.768,1005.34,1131.71,3879.32,0.00258019
1691509847056704390,1901,1648,253,0.866912,20.2019,40.6867,70.1463,106.556,215.958,-3.66877,409.134,752.227,1124.78,1384.14,1096.88,3607.84,14708.5,41083.2,1406,1861.25,2629.66,906.48,404.218,531.691,142634,13680.7,19395.3,10.1517,16.1567,0,0,0.0959145,0,42.0377,144.075,352.94,1051.37,5201.09,12603.8,0.000402657,0.00098875,3,3,8,0.727273,1,5.06276,3.45237,1.61039,0.00453374,0.0572128,1648,0,0,0,0,0.001,0,0,0,0,0,0,0,0,0,0,0,0,0,0,0,0,0,0,0,0,0,0,0,0,0,0,0,0,0,0,0,0,0,0.0424757,10.866,29.272,21.4211,72.0181,44.6539,639.677,662.669,0,-0.954446,0.298359,-0.00380123,0.999981,0.350568,0.291539,0.754386,0.86,1047.82,1278.37,1999.44,3642.15,262.654,887.117,1906.3,379.866,3641.92,451.903,149.709,-0.00234197,-0.0756804,0.0588288,-0.361809,0,0,0,0,0,0.0368227,41.5667,108.412,1,0.93853,379.156,637.93,415.446,1146.32,630.025,1035.61,1145.22,3781.24,0.00185264
1691509847157025412,1782,1588,194,0.891134,20.9456,38.7775,70.9634,105.764,207.462,-4.30154,420.959,762.023,1101.05,1324.49,1112.07,3501.15,14147.4,28084.3,1496.47,1659.39,2492.97,830.767,471.165,559.141,146906,10561.9,15725.6,22.7435,20.0635,0,0,0.0718955,0,39.2308,141.346,334.238,1082.64,4778.59,9349.5,0.000217871,0.000136076,2,2,8,0.8,1,5.18054,3.62007,1.56047,0.00354975,0.065957,1588,0,0,0,0,0.001,0,0,0,0,0,0,0,0,0,0,0,0,0,0,0,0,0,0,0,0,0,0,0,0,0,0,0,0,0,0,0,0,0,0.018262,16.4874,36.0864,21.1395,71.5732,43.8982,648.998,653.104,0,0.952929,-0.303161,0.00455634,0.999987,0.291777,0.450873,0.724138,0.84,1042.88,1282.61,2007.42,3634.64,271.067,897.481,1926.15,352.449,3577.76,404.971,148.039,-0.898742,-1.69283,1.28096,0.681332,0,0,0,0,0,0.0162738,42.053,105.847,0.965517,0.942271,496.682,641.21,416.622,1107,870.251,1128.77,1129.86,3537.69,0.0013201
1691509847257086718,1780,1572,207,0.883146,19.9669,38.0251,65.1452,104.247,212.589,-4.542,405.571,713.986,1079.07,1296.81,1001.95,3282.89,13171.6,38419.2,1395.59,1506.12,2248.59,852.628,390.358,511.409,133948,8730.32,13302.6,5.71751,5.03906,0,0,0.0651771,0,33.0608,150.165,294.48,983.426,4334.8,7506.7,0.0223064,0.00170134,4,3,10,0.769231,1,4.72542,3.25248,1.47294,0.00368398,0.155673,1572,0,0,0,0,0.001,0,0,0,0,0,0,0,0,0,0,0,0,0,0,0,0,0,0,0,0,0,0,0,0,0,0,0,0,0,0,0,0,0,0.0139949,14.1055,40.8803,20.0343,65.8101,45.9381,626.756,637.306,0,0.950657,-0.310245,-0.000167143,0.999961,0.504939,0.200107,0.754386,0.86,1047.89,1272.37,1952.06,3638.43,268.632,903.413,1906.71,333.198,3515.32,387.907,133.371,-1.73968,-0.428096,1.16663,-0.0139008,0,0,0,0,0,0.0123596,46.9705,105.003,1,0.943226,439.569,640.986,404.454,1086.19,739.819,1077.93,1014.35,3284.61,0.00185494
1691509847356141614,2028,1811,217,0.892998,18.9759,34.9471,64.025,101.903,215.422,-3.42421,398.155,725.821,1125.2,1368.55,979.027,3639.69,15359.8,37756.7,1590.85,1669.32,2514.9,827.47,432.687,564.397,139067,13412.4,20451.3,17.8274,12.4261,0,0,0.0964451,0,43.1711,186.086,373.102,1426.48,7212.76,11209.7,0.0501852,0.00564987,7,6,9,0.6,1,4.80156,3.19997,1.6016,0.00339799,0.160076,1811,0,0,0,0,0.001,0,0,0,0,0,0,0,0,0,0,0,0,0,0,0,0,0,0,0,0,0,0,0,0,0,0,0,0,0,0,0,0,0,0.0165654,13.5876,32.8826,19.0278,65.3835,39.1506,603.939,636.911,0,0.951941,-0.306236,0.00527844,0.999976,0.394387,1.20628,0.754386,0.86,1046.16,1293.62,2038.65,3632.93,266.035,928.372,1965.97,369.59,2356.49,456.686,211.061,-2.52301,1.49487,2.20626,-1.1855,0,0,0,0,0,0.0147929,39.3713,102.086,1,0.947221,383.123,628.838,398.155,1129.56,650.784,1074.75,996.207,3656.67,0.000795155
1691509847455579490,1979,1689,290,0.853461,18.9196,35.1942,63.9465,97.9709,207.239,-3.13689,376.169,680.892,1104.91,1373.7,922.132,3357.46,15227.4,38039.1,1416.91,1643.13,2311.34,823.974,431.434,522.177,130234,10142.8,15948.3,10.0147,8.07978,0,0,0.0778814,0,41.3776,179.786,356.512,1258.02,6176.09,7936.54,0.000707732,0.000169137,3,3,8,0.727273,1,4.98638,3.5533,1.43308,0.00930772,0.158647,1689,0,0,0,0,0.001,0,0,0,0,0,0,0,0,0,0,0,0,0,0,0,0,0,0,0,0,0,0,0,0,0,0,0,0,0,0,0,0,0,0,0,0,18.9196,63.9465,39.0514,584.911,625.038,0,0.950983,-0.309151,0.00755546,0.999993,0.218912,0.084511,0.73913,0.85,1019.98,1262.47,2050.63,3559.57,266.096,905.329,2010.2,339.556,2444.14,414.334,203.523,-1.7338,0.769507,1.40888,-0.897807,0,0,0,0,0,0,0,97.9709,0,0.950858,0,0,376.169,1104.91,0,0,922.132,3357.46,0
1691509847555082262,1992,1731,260,0.868976,17.2419,34.4614,58.6664,90.0215,223.288,-3.85951,385.323,700.218,1081.95,1351.28,962.948,3509.62,13092.1,28313.9,1352.6,1611.69,2272.54,809.024,389.896,523.747,136440,9594.78,15026.2,18.2993,17.8422,0,0,0.0703224,0,37.8192,146.399,337.759,1141.88,5861.77,7500.57,0.12587,0.00932472,3,3,9,0.75,1,4.97502,3.63474,1.34027,0.00323774,0.145197,1731,0,0,0,0,0.001,0,0,0,0,0,0,0,0,0,0,0,0,0,0,0,0,0,0,0,0,0,0,0,0,0,0,0,0,0,0,0,0,0,0,0,0,17.2419,58.6664,41.9779,586.465,638.557,0,0.952075,-0.305658,0.0112779,0.999986,0.299066,0.0239941,0.801802,0.89,1033.82,1241.78,2031.02,3554.43,267.657,893.515,1995.79,334.936,2431.52,411.894,177.454,-0.928986,0.346972,0.706098,-0.229866,0,0,0,0,0,0,0,90.0215,0,0.958983,0,0,385.323,1081.95,0,0,962.948,3509.62,0
1691509847655494549,1973,1760,213,0.892043,17.4849,33.8525,56.8215,79.49,200.674,-1.8029,380.215,734.217,1188.27,1441.15,987.259,3552.17,14460.3,34329.5,1619.59,1434.96,2422.78,857.774,439.524,618.997,134674,11673.8,17645,9.08438,4.2433,0,0,0.0866816,0,41.1912,212.702,361.965,1658.24,4927.07,10443.8,0.000290864,7.01627e-05,3,3,8,0.727273,1,4.71243,3.47819,1.23424,0.00466817,0.1313,1760,0,0,0,0,0.001,0,0,0,0,0,0,0,0,0,0,0,0,0,0,0,0,0,0,0,0,0,0,0,0,0,0,0,0,0,0,0,0,0,0,0,0,17.4849,56.8215,42.8646,586.262,642.874,0,0.951989,-0.306037,0.00766727,0.999993,0.208066,0.0294668,0.694915,0.82,1014.53,1233.83,2057.78,3559.13,269.004,902.98,2016.21,342.148,2613.2,433.555,244.01,0.104165,0.117801,-0.700211,0.370391,0,0,0,0,0,0,0,79.49,0,0.967045,0,0,380.215,1188.27,0,0,987.259,3552.17,0
1691509847756017867,1986,1768,217,0.890232,17.5103,32.8105,55.245,82.3673,180.139,-2.14361,380.156,766.864,1167.39,1419.86,1007.34,3672.13,14443.6,59784.9,1738.94,1557.64,2422.3,826.62,476.084,653.919,134786,15218.2,21452.4,11.8543,14.1021,0,0,0.112907,0,42.2256,196.849,379.613,1696.02,4803.98,14333.7,0.000609234,0.000321495,3,3,8,0.727273,1,4.26143,3.05583,1.2056,0.00747219,0.0809864,1768,0,0,0,0,0.001,0,0,0,0,0,0,0,0,0,0,0,0,0,0,0,0,0,0,0,0,0,0,0,0,0,0,0,0,0,0,0,0,0,0.0050905,4.34465,31.2556,17.5686,55.3141,42.1056,571.916,644.978,0,0.950822,-0.309641,0.00774805,0.999993,0.217108,0.0401473,0.801802,0.89,1011.32,1215.68,2092.92,3556.53,271.054,887.23,2032.42,305.342,2538.92,436.392,247.385,-0.410032,0.810844,0.439422,-1.17921,0,0,0,0,0,0.00453172,34.3848,82.5144,1,0.966458,380.306,421.762,380.005,1168.54,677.794,749.589,1016.52,3680.28,0.000136002
1691509847857010270,2086,1907,177,0.91419,15.9098,30.5454,51.9326,76.2017,203.555,-1.10642,363.006,695.607,1097.29,1430.82,926.79,3443.89,13251.3,51328.6,1525.71,1521.1,2248.58,766.487,409.285,636.328,134742,12716.5,18933.8,12.3437,12.5102,0,0,0.0943769,0,36.4161,182.514,374.819,1615.31,5274.71,11450,0.0521676,0.00566029,5,5,9,0.642857,1,4.37901,3.1705,1.20851,0.00265035,0.110403,1907,0,0,0,0,0.001,0,0,0,0,0,0,0,0,0,0,0,0,0,0,0,0,0,0,0,0,0,0,0,0,0,0,0,0,0,0,0,0,0,0.00891453,10.7115,37.0218,15.9413,52.0193,43.7605,578.398,651.842,0,0.952008,-0.305864,0.0113415,0.999986,0.306315,0.0205963,0.709402,0.83,982.4,1196.74,2107.62,3713.19,262.128,858.515,2038.79,301.787,2463.16,428.724,249.461,-0.326548,0.582166,0.504569,-0.700218,0,0,0,0,0,0.00814957,37.9371,76.3588,1,0.971958,386.653,509.838,362.682,1101.54,683.979,909.918,934.081,3471.73,0.000439949
1691509847957574503,2078,1884,193,0.906641,16.9315,32.1924,53.9872,78.7661,192.711,-1.15685,351.351,705.82,1119.41,1426.23,954.793,3527.48,13705.5,39631.2,1578.77,1516.45,2360.1,788.065,427.805,605.703,130911,11063,16902.7,12.8011,12.6185,0,0,0.0845076,0,36.1703,203.645,359.203,1644.76,4872.92,9786.04,0.0270607,0.00642737,5,4,9,0.692308,1,4.77784,3.58407,1.19377,0.00599476,0.0741879,1884,0,0,0,0,0.001,0,0,0,0,0,0,0,0,0,0,0,0,0,0,0,0,0,0,0,0,0,0,0,0,0,0,0,0,0,0,0,0,0,0.0122081,14.7111,36.7511,16.9559,54.4825,38.2413,571.191,641.567,0,0.952622,-0.304016,0.00921737,0.999996,0.165125,0.0201446,0.754386,0.86,978.52,1220.29,2083.81,3557.81,267.016,865.848,2015.09,302.785,2642.45,422.231,254.28,-0.210051,0.392113,0.251798,-0.411057,0,0,0,0,0,0.0110683,40.4508,78.8303,1,0.974207,420.704,972.713,349.675,1123.93,745.661,1728.51,964.356,3578.01,0.00143841
1691509848058320666,2078,1854,222,0.892204,16.5731,30.6267,51.7686,79.0452,227.755,-1.64952,356.097,725.295,1240.8,1502.39,931.169,3651.56,16301.4,49827.5,1614.28,1584.61,2311.83,839.764,380.715,657.144,134496,15711.8,24103.5,6.81973,13.06,0,0,0.11682,0,34.0374,191.741,434.907,1670.08,9040.03,12732.7,0.000265877,9.69174e-05,3,3,8,0.727273,1,4.53675,3.32567,1.21108,0.00257397,0.141358,1854,0,0,0,0,0.001,0,0,0,0,0,0,0,0,0,0,0,0,0,0,0,0,0,0,0,0,0,0,0,0,0,0,0,0,0,0,0,0,0,0.0161812,12.434,30.6675,16.6087,52.1401,39.799,590.167,651.034,0,0.953299,-0.301841,0.0105932,0.999996,0.152493,0.00352973,0.785714,0.88,997.222,1211.28,2074.29,3719.95,263.737,861.686,1961.19,290.902,2729.85,473.405,280.662,-1.49731,0.497726,1.89588,-0.199738,0,0,0,0,0,0.014437,35.9881,79.1287,1,0.966557,379.973,685.111,354.962,1246.57,678.915,1229.15,937.213,3665.61,0.000912396
1691509848159610575,2156,1951,204,0.904917,16.2176,29.5676,51.1834,76.0348,176.075,-1.19222,352.883,715.691,1193.35,1466.31,955.622,3488.46,15030.4,43107.6,1616.68,1585,2291.58,818.303,383.809,678.76,136445,15114,23542.2,7.89674,7.86051,0,0,0.11077,0,37.2946,176.183,449.621,1781.24,9438.68,11659.1,0.0393725,0.00519537,7,6,9,0.6,1,4.26575,3.11654,1.14921,0.00397383,0.242491,1951,0,0,0,0,0.001,0,0,0,0,0,0,0,0,0,0,0,0,0,0,0,0,0,0,0,0,0,0,0,0,0,0,0,0,0,0,0,0,0,0.0143516,23.856,64.4475,16.1113,51.1637,43.8257,614.732,639.443,0,0.951738,-0.306838,0.00674804,0.999979,0.372167,0.252895,0.724138,0.84,957.379,1210.05,2130.06,3559.37,256.576,822.8,1982.7,309.854,2786.4,478.246,307.706,-0.735243,-0.127186,0.757022,0.176221,0,0,0,0,0,0.012987,108.914,75.3729,0.928571,0.972959,435.374,848.432,351.864,1199.91,759.332,1512.3,964.491,3503.62,0.00106058
1691509848259931055,2158,1947,210,0.902224,15.4841,30.6141,51.445,74.7405,231.306,-0.564424,336.303,674.26,1100.56,1414.29,897.606,3410.11,12993.4,35193.2,1472.68,1454.46,2213.9,750.493,369.844,602.274,134677,10427.9,15575.7,15.0296,15.1148,0,0,0.0774293,0,31.1753,191.147,349.171,1580.66,3884.32,9539.2,2.1728,0.0124467,5,4,8,0.666667,1,4.02678,2.80483,1.22195,0.00842415,0.0188282,1947,0,0,0,0,0.001,0,0,0,0,0,0,0,0,0,0,0,0,0,0,0,0,0,0,0,0,0,0,0,0,0,0,0,0,0,0,0,0,0,0.0133539,15.6817,48.809,15.4517,51.4228,41.3833,605.222,655.394,0,0.952666,-0.303866,0.00962267,0.999991,0.2428,0.174326,0.724138,0.84,960.985,1201.38,2133.55,3555.73,257.826,820.533,2018.35,294.585,2649.17,440.474,236.024,-2.74256,0.38765,2.73251,-0.381066,0,0,0,0,0,0.0120482,84.5801,73.9649,0.961538,0.973451,418.969,827.556,334.395,1102.01,745.649,1450.37,910.329,3423.34,0.00157758
1691509848359641613,2205,1913,290,0.867574,15.2356,27.1248,46.4573,62.3466,209.805,0.131013,327.81,659.444,1141.38,1485.91,872.681,3101.59,9642.76,34008.3,1522.38,1267.84,1856.3,713.314,347.268,669.904,131447,6745.92,11168.3,22.6153,22.6015,0,0,0.0513206,0,33.5694,211.019,359.571,1663.78,3234.36,5665.97,0.108796,0.0106185,6,6,8,0.571429,1,4.00016,2.98264,1.01752,0.00590902,0.119376,1913,0,0,0,0,0.001,0,0,0,0,0,0,0,0,0,0,0,0,0,0,0,0,0,0,0,0,0,0,0,0,0,0,0,0,0,0,0,0,0,0.0130685,13.6757,30.7383,15.2563,46.5626,35.3335,629.05,656.617,0,0.951146,-0.308568,0.0103285,0.999988,0.285998,0.239968,0.694915,0.82,932.363,1149.5,2141.3,3551.27,253.158,814.426,1958.38,259.787,2779.67,415.94,278.799,-3.0305,0.584058,3.07281,-0.585476,0,0,0,0,0,0.0113379,34.392,62.3502,0.96,0.974576,369.792,957.177,327.629,1143.97,641.423,1671.97,875.208,3133.22,0.00227135
1691509848458688819,2162,1891,271,0.874653,16.8749,30.7188,50.2132,70.4292,216.831,0.0582602,321.661,681.032,1157.38,1461.6,878.179,3305.99,12215.8,33391.5,1557.41,1388.08,1998.2,742.356,398.985,666.035,134788,8764.54,13757.5,20.1411,19.1911,0,0,0.0650245,0,36.1429,211.047,347.586,1655.76,3790.93,7716.07,0.00120483,0.000402806,3,2,9,0.818182,1,4.00077,2.88508,1.11569,0.00713249,0.11777,1891,0,0,0,0,0.001,0,0,0,0,0,0,0,0,0,0,0,0,0,0,0,0,0,0,0,0,0,0,0,0,0,0,0,0,0,0,0,0,0,0.00211528,9.85254,47.8311,16.9177,50.1779,38.0422,643.161,657.797,0,0.950263,-0.311278,0.0103178,0.999996,0.163315,0.381236,0.769912,0.87,957.733,1169.84,2207.46,3703.58,254.692,802.695,2023.57,288.406,2903.72,427.662,253.181,-2.79774,1.08583,3.00645,-0.791141,0,0,0,0,0,0.00185014,55.7164,70.4537,1,0.972973,643.289,843.377,321.218,1157.81,1098.34,1471.43,873.662,3311.6,0.00040827
1691509848558008199,2395,2112,281,0.881837,16.6854,31.0788,51.7366,74.3625,167.225,2.29927,321.72,665.085,1120.86,1388.35,874.536,3132.94,9207.24,32092.2,1434.56,1369.5,1933.84,729.485,423.631,630.667,133433,7111.07,11466.9,6.29613,6.30312,0,0,0.0532931,0,36.1376,181.35,337.042,1644.76,3089.38,6178.2,0.392263,0.0130708,5,4,8,0.666667,1,4.23518,2.98128,1.2539,0.0130616,0.208128,2112,0,0,0,0,0.001,0,0,0,0,0,0,0,0,0,0,0,0,0,0,0,0,0,0,0,0,0,0,0,0,0,0,0,0,0,0,0,0,0,0.00284091,12.4321,25.1021,16.6955,51.8199,35.1265,663.98,671.894,0,0.950983,-0.308945,0.0135984,0.999992,0.234313,0.503081,0.73913,0.85,915.446,1133.11,1977.49,2753.43,250.695,787.248,1819.65,267.565,3220.2,451.492,192.969,-1.24334,0.17829,1.27905,-0.176752,0,0,0,0,0,0.00250522,27.6779,74.4568,1,0.973409,506.007,749.477,320.069,1121.84,854.018,1272.88,874.536,3142.91,0.000502681
1691509848656857669,2386,2133,252,0.893965,18.3868,31.4127,48.9988,65.5578,169.52,2.04747,330.239,672.934,1143.38,1394.05,904.7,3167.96,8578.37,26103.4,1357.98,1508.09,1901.43,691.989,467.519,618.371,139298,6242.04,10308.7,5.8966,4.85317,0,0,0.0448106,0,37.3752,198.972,359.671,1647.22,2699.69,5365.73,0.0616556,0.00184373,4,3,9,0.75,1,4.07,2.93279,1.13721,0.00615147,0.205818,2133,0,0,0,0,0.001,0,0,0,0,0,0,0,0,0,0,0,0,0,0,0,0,0,0,0,0,0,0,0,0,0,0,0,0,0,0,0,0,0,0.00234412,25.2768,45.21,18.3797,49.0177,41.6329,641.809,674.558,0,0.950923,-0.309117,0.01384,1,0.0173604,0.96346,0.801802,0.89,926.768,1137.32,1953.23,2763.66,261.094,797.552,1724.96,306.794,2663.09,453.718,278.602,-2.883,1.15445,2.98689,-0.779441,0,0,0,0,0,0.00209556,46.372,65.5736,1,0.981673,731.738,862.973,328.476,1143.82,1189.51,1405.75,899.518,3172.66,0.000730845
1691509848755865752,2095,1864,229,0.889737,19.0275,34.3337,52.4917,74.1222,205.64,2.01928,342.604,659.743,1139.06,1449.03,943.691,3335.9,10765.7,44344.8,1440.57,1686.72,2124.99,704.32,500.977,636.676,142270,9041.62,13386.1,24.6101,23.2194,0,0,0.0635525,0,33.3774,170.239,330.251,1588.19,2834.65,8429.36,0.0416006,0.00675379,3,2,11,0.846154,1,4.33629,3.10943,1.22686,0.00231731,0.108186,1864,0,0,0,0,0.001,0,0,0,0,0,0,0,0,0,0,0,0,0,0,0,0,0,0,0,0,0,0,0,0,0,0,0,0,0,0,0,0,0,0,0,0,19.0275,52.4917,39.7029,636.011,687.286,0,0.949738,-0.312797,0.0124676,0.999992,0.235007,0.0195416,0.754386,0.86,986.514,1195.62,2030.66,2857.95,261.966,816.73,1829.33,286.585,2642.53,399.402,250.47,-3.23504,0.6036,3.34286,-0.47217,0,0,0,0,0,0,0,74.1222,0,0.974249,0,0,342.604,1139.06,0,0,943.691,3335.9,0
1691509848854639064,2246,2004,241,0.892253,18.2517,32.4667,51.7794,72.2746,210.708,2.56047,337.456,674.952,1172.05,1455.11,945.102,3430.87,10004.6,23582.2,1404.59,1620.29,2076.46,724.212,481.092,625.8,140245,7538.47,11781.4,25.2024,14.2059,0,0,0.053752,0,33.3377,176.504,360.697,1543.76,2889.84,6777.3,0.000314538,0.000114129,3,3,8,0.727273,1,4.5323,3.24745,1.28485,0.0068698,0.182634,2004,0,0,0,0,0.001,0,0,0,0,0,0,0,0,0,0,0,0,0,0,0,0,0,0,0,0,0,0,0,0,0,0,0,0,0,0,0,0,0,0,0,0,18.2517,51.7794,41.5739,626.908,672.518,0,0.947651,-0.319027,0.0133703,0.999978,0.380012,0.0222181,0.754386,0.86,957.449,1161.96,1972.4,2899.14,258.123,815.038,1794.12,285.015,2524.01,453.872,266.392,-1.42363,-0.929266,2.12067,0.507977,0,0,0,0,0,0,0,72.2746,0,0.976048,0,0,337.456,1172.05,0,0,945.102,3430.87,0
1691509848952963701,2322,2057,264,0.885874,18.0932,31.892,49.7553,65.8374,225.504,3.34824,312.203,662.023,1146.55,1407.85,855.536,3174.06,9998.43,68627.3,1468.54,1586.2,1752.74,695.669,419.92,628.018,129739,10838.6,17107.4,6.57745,6.42336,0,0,0.0835412,0,42.1796,192.35,342.954,1657.29,6026.7,8845.94,1.86078,0.00533307,5,4,8,0.666667,1,4.16718,2.97722,1.18996,0.00553046,0.189854,2057,0,0,0,0,0.001,0,0,0,0,0,0,0,0,0,0,0,0,0,0,0,0,0,0,0,0,0,0,0,0,0,0,0,0,0,0,0,0,0,0,0,0,18.0932,49.7553,39.6061,617.554,675.84,0,0.94952,-0.313263,0.0166852,0.999976,0.395732,0.0498503,0.785714,0.88,930.14,1140.65,1973.06,2968.05,250.873,801.488,1765.71,281.091,2502.39,506.473,339.93,-2.37718,0.612151,2.38494,-0.608876,0,0,0,0,0,0,0,65.8374,0,0.979582,0,0,312.203,1146.55,0,0,855.536,3174.06,0
1691509849052300656,2364,2074,290,0.877327,18.2102,32.6093,50.7334,67.7603,191.729,3.37763,321.483,642.386,1118.6,1471.18,851.712,3191.22,11376,31141.2,1380.1,1623.64,1744.27,708.208,403.107,645.753,129762,8175.8,13549.2,9.8191,9.72026,0,0,0.063006,0,45.2843,192.828,412.639,1830.93,4524.57,6542.95,0.0294916,0.00282051,5,4,9,0.692308,1,4.14463,2.89001,1.25462,0.00284457,0.0465814,2074,0,0,0,0,0.001,0,0,0,0,0,0,0,0,0,0,0,0,0,0,0,0,0,0,0,0,0,0,0,0,0,0,0,0,0,0,0,0,0,0,0,0,18.2102,50.7334,36.5811,595.821,690.598,0,0.949464,-0.313218,0.0203142,0.999993,0.207967,0.034784,0.785714,0.88,910.114,1139.68,1962.95,2974.35,246.747,798.971,1711.53,286.204,2572.15,462.857,310.459,-2.76256,0.316324,2.77818,0.0556966,0,0,0,0,0,0,0,67.7603,0,0.974928,0,0,321.483,1118.6,0,0,851.712,3191.22,0
1691509849152261788,2340,2026,314,0.865812,16.6676,29.8396,48.3416,60.1497,211.567,3.43201,314.891,655.591,1169.58,1436.7,839.071,3264.07,10179.5,35351.6,1378.66,1699.77,1708.55,741.712,352.134,679.326,124509,7571.25,12744.3,13.3799,12.9157,0,0,0.0608088,0,35.9851,182.592,358.345,1786.72,4979.04,5401.63,0.0011088,0.000280756,4,4,8,0.666667,1,3.8135,2.69166,1.12184,0.00359939,0.121605,2026,0,0,0,0,0.001,0,0,0,0,0,0,0,0,0,0,0,0,0,0,0,0,0,0,0,0,0,0,0,0,0,0,0,0,0,0,0,0,0,0,0,0,16.6676,48.3416,35.7403,603.768,693.492,0,0.948647,-0.315735,0.0194872,0.999996,0.158849,0.0128593,0.801802,0.89,891.857,1125.2,2065.47,3533.83,250.529,794.765,1817.87,259.561,2545.29,431.597,307.394,-2.59611,0.572175,2.72926,-0.295692,0,0,0,0,0,0,0,60.1497,0,0.978776,0,0,314.891,1169.58,0,0,839.071,3264.07,0
1691509849252717434,2235,1895,339,0.847875,16.2044,29.8789,48.3623,64.2218,210.764,4.29473,324.389,685.424,1151.75,1424.67,842.92,3226.07,10488.6,46450.9,1384.59,1919.95,1756.4,750.715,317.718,675.708,120213,10067.6,16062.3,8.58061,8.59309,0,0,0.0837479,0,33.292,155.714,376.172,1603.76,5920.72,7972.66,0.373157,0.00952463,5,4,10,0.714286,1,3.51262,2.49165,1.02097,0.00316899,0.140363,1895,0,0,0,0,0.001,0,0,0,0,0,0,0,0,0,0,0,0,0,0,0,0,0,0,0,0,0,0,0,0,0,0,0,0,0,0,0,0,0,0,0,0,16.2044,48.3623,35.263,562.907,678.83,0,0.948464,-0.316432,0.0169334,0.999996,0.152035,0.0244694,0.724138,0.84,907.639,1126.49,2060.13,3536.11,249.773,795.13,1866.44,243.808,2613.74,409.404,284.943,-3.20567,0.331467,3.26201,-0.343807,0,0,0,0,0,0,0,64.2218,0,0.979947,0,0,324.389,1151.75,0,0,842.92,3226.07,0
1691509849353365921,2168,1877,289,0.865775,16.985,29.6024,47.1532,67.3223,225.473,3.20476,324.571,656.488,1121.1,1425.75,870.737,3112.54,10216.5,45120.1,1355.81,1712.39,1703.62,741.296,335.462,655.15,121642,8946.24,14384.4,15.9995,17.1103,0,0,0.0735459,0,29.5887,154.159,347.866,1544.77,5216.16,7091.89,0.00154246,0.000383289,3,2,9,0.818182,1,3.77671,2.71615,1.06055,0.0055124,0.0880103,1877,0,0,0,0,0.001,0,0,0,0,0,0,0,0,0,0,0,0,0,0,0,0,0,0,0,0,0,0,0,0,0,0,0,0,0,0,0,0,0,0,0,0,16.985,47.1532,37.9767,538.396,682.628,0,0.945172,-0.326074,0.0180573,0.999947,0.587311,0.0164938,0.834862,0.91,924.142,1160.84,2061.53,3525.98,250.291,793.68,1911.21,265.128,2552.61,395.274,265.489,-3.7198,0.400264,3.63607,-0.716873,0,0,0,0,0,0,0,67.3223,0,0.978157,0,0,324.571,1121.1,0,0,870.737,3112.54,0
1691509849454261368,2202,1887,315,0.856948,15.7376,27.8085,44.2314,61.545,199.564,2.3105,317.767,615.549,1071.9,1427.96,858.334,3004.17,12063,48971.7,1279.8,1523,1612.62,747.649,308.587,600.547,124153,10616.6,16534.7,5.26933,12.421,0,0,0.0855123,0,38.0344,140.736,358.603,1455.52,5736.18,8805.66,0.00180514,0.000284636,2,2,8,0.8,1,3.75664,2.80249,0.954145,0.00457001,0.10159,1887,0,0,0,0,0.001,0,0,0,0,0,0,0,0,0,0,0,0,0,0,0,0,0,0,0,0,0,0,0,0,0,0,0,0,0,0,0,0,0,0,0,0,15.7376,44.2314,35.6645,519.236,683.099,0,0.945316,-0.325622,0.0186348,1,0.0428206,0.0261756,0.801802,0.89,910.899,1116.77,2060.49,3523.72,263.586,799.677,1926.52,234.6,2723.15,405.18,234.317,-3.9936,0.63069,4.08417,-0.449754,0,0,0,0,0,0,0,61.545,0,0.978272,0,0,317.767,1071.9,0,0,858.334,3004.17,0
1691509849555618037,2303,2050,252,0.890143,16.1936,28.7412,45.7111,64.2315,196.089,2.66514,305.635,604.129,1058.02,1378.95,813.63,3169.94,9287.55,42287.1,1391.44,1718.36,1522.98,693.037,320.967,606.58,124694,7564.35,12256.9,18.4078,16.0978,0,0,0.0606635,0,28.7074,153.74,367.395,1416.61,4118.96,6171.5,0.00537841,0.00102135,4,3,9,0.75,1,3.97621,2.96559,1.01062,0.00578117,0.0899631,2050,0,0,0,0,0.001,0,0,0,0,0,0,0,0,0,0,0,0,0,0,0,0,0,0,0,0,0,0,0,0,0,0,0,0,0,0,0,0,0,0,0,0,16.1936,45.7111,32.7939,540.876,673.33,0,0.946472,-0.322216,0.0191674,0.999993,0.208315,0.0181139,0.785714,0.88,906.462,1102.64,2059.34,3524.61,267.612,782.937,1879.51,252.227,2716.82,399.845,255.553,-4.08876,0.48789,4.07804,-0.427792,0,0,0,0,0,0,0,64.2315,0,0.981951,0,0,305.635,1058.02,0,0,813.63,3169.94,0
1691509849657167947,2230,2056,173,0.921973,15.9426,28.8315,45.4434,62.9056,196.664,2.0051,315.086,630.186,1106.06,1394.69,878.324,3436.78,12292.2,42353.2,1473.27,2014.08,1655.97,743.476,336.995,638.188,132291,9363.2,15102.4,9.52897,9.42139,0,0,0.0707772,0,34.1161,152.249,360.328,1665.96,5531.84,7357.9,0.00885815,0.00134033,5,5,8,0.615385,1,3.6167,2.6221,0.994603,0.007565,0.16284,2056,0,0,0,0,0.001,0,0,0,0,0,0,0,0,0,0,0,0,0,0,0,0,0,0,0,0,0,0,0,0,0,0,0,0,0,0,0,0,0,0,0,0,15.9426,45.4434,38.1483,533.373,682.479,0,0.943556,-0.330664,0.0190594,0.99996,0.512041,0.046423,0.801802,0.89,908.056,1142.75,1954.28,2973.56,266.032,809.418,1836.49,244.129,2702.28,417.746,282.64,-2.46023,0.27192,2.52736,-0.24848,0,0,0,0,0,0,0,62.9056,0,0.985895,0,0,315.086,1106.06,0,0,878.324,3436.78,0
1691509849758297523,2235,2065,170,0.923937,16.2809,29.411,42.9133,59.5997,208.262,2.22208,302.529,608.286,1100.81,1390.95,852.066,3424.46,10768.1,62641,1466.86,2048.16,1719.72,714.654,333.693,596.217,123061,11053.9,17157.2,6.732,6.60696,0,0,0.0898247,0,33.3738,167.708,375.049,1557.89,5675.3,9347.86,1.93009,0.0195026,5,4,8,0.666667,1,3.40661,2.4195,0.987107,0.003478,0.117018,2065,0,0,0,0,0.001,0,0,0,0,0,0,0,0,0,0,0,0,0,0,0,0,0,0,0,0,0,0,0,0,0,0,0,0,0,0,0,0,0,0,0,0,16.2809,42.9133,38.9881,538.708,672.304,0,0.940955,-0.33823,0.0143007,0.999957,0.533396,0.0432854,0.769912,0.87,901.147,1123.61,2065.53,3518.92,261.381,790.466,1916.64,233.481,2800.46,417.925,271.18,-2.17734,0.549834,2.18635,-0.559105,0,0,0,0,0,0,0,59.5997,0,0.984504,0,0,302.529,1100.81,0,0,852.066,3424.46,0
1691509849860000038,2077,1902,173,0.915744,16.3431,30.5998,47.2882,66.2785,183.969,3.61168,308.006,614.446,1121.98,1428.76,902.943,3687.81,15888.2,57601.6,1500.48,2282,1737.47,733.509,363.05,617.565,139143,16499,25180.4,30.7318,31.7309,0,0,0.118576,0,35.5248,117.389,364.825,1470.11,10903.4,12289.2,0.00394923,0.00218402,4,4,8,0.666667,1,3.6075,2.59217,1.01533,0.00769148,0.251173,1902,0,0,0,0,0.001,0,0,0,0,0,0,0,0,0,0,0,0,0,0,0,0,0,0,0,0,0,0,0,0,0,0,0,0,0,0,0,0,0,0,0,0,16.3431,47.2882,36.1426,577.758,667.1,0,0.943217,-0.331605,0.0195034,0.999962,0.499744,0.0707333,0.818182,0.9,912.262,1173.5,2059.51,3515.04,269.145,782.762,1878.48,261.875,2856.35,387.472,270.441,-2.94616,0.366285,2.69403,-0.0354496,0,0,0,0,0,0,0,66.2785,0,0.981598,0,0,308.006,1121.98,0,0,902.943,3687.81,0
1691509849960796825,2092,1916,175,0.91587,17.0668,29.8413,46.0154,62.1776,208.212,3.84585,316.336,643.679,1149.24,1434.34,930.926,3530.01,13128.1,50232.9,1401.07,2348.99,1802.29,750.245,358.083,652.793,135159,14637.3,22302.2,13.0362,12.121,0,0,0.108297,0,35.489,121.932,407.401,1433.88,8434.65,11868.9,0.00117892,0.000289792,4,3,9,0.75,1,3.80413,2.81302,0.991107,0.0102149,0.110848,1916,0,0,0,0,0.001,0,0,0,0,0,0,0,0,0,0,0,0,0,0,0,0,0,0,0,0,0,0,0,0,0,0,0,0,0,0,0,0,0,0,0,0,17.0668,46.0154,31.5206,574.72,677.759,0,0.942779,-0.332863,0.0192495,0.999999,0.0776942,0.00192141,0.834862,0.91,912.343,1187.99,2046.67,3516.69,256.206,785.298,1899.9,237.881,2898.09,418.41,274.911,-1.79543,1.40693,1.84494,-1.21133,0,0,0,0,0,0,0,62.1776,0,0.981733,0,0,316.336,1149.24,0,0,930.926,3530.01,0
1691509850062144846,2168,1959,207,0.903598,16.9875,31.1351,45.0806,60.4252,196.839,3.07896,298.362,598.452,1034.89,1327.57,838.706,3304.95,9861.51,48369.2,1235.95,2037.2,1568.79,692.456,341.98,549.366,133281,11028.5,16463.4,10.1675,10.1643,0,0,0.0827463,0,29.4263,102.376,339.556,1177.79,5128.67,9685.58,1.14069,0.0219085,8,7,1,0.125,1,3.73021,2.76553,0.964682,0.00532941,0.385504,1959,0,0,0,0,0.001,0,0,0,0,0,0,0,0,0,0,0,0,0,0,0,0,0,0,0,0,0,0,0,0,0,0,0,0,0,0,0,0,0,0,0,0,16.9875,45.0806,28.6983,597.67,669.632,0,0.941979,-0.335107,0.0194726,0.999997,0.137093,0.0884254,0.834862,0.91,900.128,1099.15,2113.01,3510.97,255.081,771.688,1943.5,232.494,3039.22,356.187,227.665,-0.135141,1.05817,0.136137,-1.05329,0,0,0,0,0,0,0,60.4252,0,0.981623,0,0,298.362,1034.89,0,0,838.706,3304.95,0
1691509850163026071,2004,1831,171,0.913673,17.6148,32.9059,55.4615,75.5317,183.778,2.44823,320.049,676.904,1181.06,1418.06,965.889,4023.27,12434,45448.7,1374.1,2679.95,1919.67,741.351,464.037,660.631,139521,11063.8,17030.3,16.6075,13.6292,0,0,0.079298,0,29.1822,98.368,354.165,1277.77,6214.25,9056.55,0.00114709,0.000269315,3,3,8,0.727273,1,3.72245,2.55103,1.17142,0.0033394,0.131898,1831,0,0,0,0,0.001,0,0,0,0,0,0,0,0,0,0,0,0,0,0,0,0,0,0,0,0,0,0,0,0,0,0,0,0,0,0,0,0,0,0,0,0,17.6148,55.4615,36.075,637.716,680.209,0,0.9414,-0.336912,0.0160097,0.999992,0.226183,0.442542,0.73913,0.85,917.955,1137.24,1970.93,3515.02,245.055,769.961,1849.18,190.839,3220.45,373.086,245.92,-2.2224,0.292598,2.14461,-0.308069,0,0,0,0,0,0,0,75.5317,0,0.970508,0,0,320.049,1181.06,0,0,965.889,4023.27,0
1691509850262133390,1952,1757,191,0.900102,18.2449,34.4413,68.3646,95.4564,198.202,4.55444,290.793,592.764,1043.87,1328.24,877.333,3459.34,12562.7,32359.4,1372.04,2053.42,1913.27,658.007,468.992,522.72,140607,9530.67,14421,48.2386,10.6419,0,0,0.0677824,0,22.6281,85.7421,303.034,865.345,5230.47,7913.74,0.00019868,8.07511e-05,2,1,9,0.9,1,4.25354,2.73412,1.51942,0.00926558,0.227733,1757,0,0,0,0,0.001,0,0,0,0,0,0,0,0,0,0,0,0,0,0,0,0,0,0,0,0,0,0,0,0,0,0,0,0,0,0,0,0,0,0,0,0,18.2449,68.3646,29.4316,641.721,666.848,0,0.939504,-0.342181,0.015636,0.999984,0.321555,0.153925,0.785714,0.88,915.847,1149.27,1940.64,3514.91,240.479,766.451,1838.28,201.45,3141.11,310.093,184.628,1.65375,-1.33064,1.00696,-0.662648,0,0,0,0,0,0,0,95.4564,0,0.953899,0,0,290.793,1043.87,0,0,877.333,3459.34,0
1691509850360050296,2210,2003,202,0.906335,18.4598,36.826,65.363,89.7544,219.684,4.95309,290.207,593.498,1037.08,1310.74,887.982,3522.42,9400.9,28368.5,1228.87,2087.9,1871.58,627.519,523.49,531.22,135780,7918.46,12631.5,10.0094,13.693,0,0,0.0583184,0,24.1876,95.3523,318.185,1168.43,5039.9,5985.43,0.0029002,0.000946352,4,3,12,0.8,1,3.78462,2.24651,1.53811,0.00478045,0.238798,2003,0,0,0,0,0.001,0,0,0,0,0,0,0,0,0,0,0,0,0,0,0,0,0,0,0,0,0,0,0,0,0,0,0,0,0,0,0,0,0,0,0,0,18.4598,65.363,28.1647,637.659,672.176,0,0.941384,-0.33676,0.0197167,0.999975,0.403415,0.189217,0.818182,0.9,924.054,1138.12,1901.87,3535.3,242.843,770.43,1823.12,198.946,2987.51,343.297,209.666,-0.858537,2.84714,-0.137712,-1.74916,0,0,0,0,0,0,0,89.7544,0,0.968547,0,0,290.207,1037.08,0,0,887.982,3522.42,0
1691509850457496775,2230,2071,156,0.9287,19.2334,35.2856,60.7045,93.3126,203.879,3.80288,276.989,609.79,1061.72,1320.06,837.772,3659.52,10943.5,32165,1241.74,2260.2,1892.99,609.404,549.924,560.874,132175,8921.07,14014.6,9.93472,9.75089,0,0,0.0674947,0,22.1453,94.4896,311.158,1269.64,5155.66,7161.46,0.0594964,0.0105965,4,3,8,0.727273,1,3.99332,2.3493,1.64402,0.00444005,0.314687,2071,0,0,0,0,0.001,0,0,0,0,0,0,0,0,0,0,0,0,0,0,0,0,0,0,0,0,0,0,0,0,0,0,0,0,0,0,0,0,0,0,0,0,19.2334,60.7045,27.5735,623.749,669.677,0,0.940105,-0.340133,0.0226218,0.999989,0.265402,0.0119374,0.869159,0.93,916.737,1124.24,1876.06,2929.49,254.295,790.412,1788.25,177.18,2993.42,343.257,237.192,-0.649653,1.814,0.653231,-1.71937,0,0,0,0,0,0,0,93.3126,0,0.957508,0,0,276.989,1061.72,0,0,837.772,3659.52,0
1691509850554548589,2273,2062,207,0.907171,19.699,36.9898,62.0184,80.2593,202.936,3.36186,282.95,567.94,1015.7,1306.27,843.736,3548.24,8294.47,47764.4,1390.25,2073.87,1827.25,574.538,534.999,511.03,131683,9039.36,13994,11.363,5.97097,0,0,0.068645,0,29.1633,95.6373,282.686,1345.4,4557.31,7683.82,0.00103238,0.000198332,4,4,8,0.666667,1,4.44343,2.93015,1.51328,0.00899342,0.415706,2062,0,0,0,0,0.001,0,0,0,0,0,0,0,0,0,0,0,0,0,0,0,0,0,0,0,0,0,0,0,0,0,0,0,0,0,0,0,0,0,0,0,0,19.699,62.0184,28.504,603.323,667.173,0,0.93991,-0.340928,0.0183451,0.999991,0.249484,0.0296237,0.785714,0.88,899.128,1097.81,1840.99,2916.56,255.69,801.439,1787.55,188.71,2925.19,331.411,208.826,0.749744,1.73147,-0.742839,-1.18665,0,0,0,0,0,0,0,80.2593,0,0.972357,0,0,282.95,1015.7,0,0,843.736,3548.24,0
1691509850651751068,1998,1795,202,0.898398,19.7522,37.8544,73.8485,97.2411,218.163,3.91792,269.899,557.367,1008.61,1306.17,820.341,3439.18,10103.8,20478.4,1307.94,2042.03,1767.43,580.106,508.555,522.921,128683,6713.04,10599.1,7.37549,7.37398,0,0,0.0521673,0,24.643,69.7392,250.215,886.779,4275.51,5092.2,1.09806,0.0291426,7,6,10,0.625,1,4.21643,2.6148,1.60163,0.0120971,0.18151,1795,0,0,0,0,0.001,0,0,0,0,0,0,0,0,0,0,0,0,0,0,0,0,0,0,0,0,0,0,0,0,0,0,0,0,0,0,0,0,0,0,0,0,19.7522,73.8485,29.657,607.507,679.836,0,0.941382,-0.336884,0.0175814,0.99999,0.250402,0.10378,0.785714,0.88,899.784,1096.91,1866.81,2916.04,243.259,797.777,1816.01,186.989,2838,267.932,187.961,1.23813,1.17949,-1.22574,-1.17876,0,0,0,0,0,0,0,97.2411,0,0.953203,0,0,269.899,1008.61,0,0,820.341,3439.18,0
1691509850749955822,1696,1520,171,0.896226,19.6523,37.8849,78.7128,109.009,188.41,2.17767,296.236,616.03,1092.37,1361.79,878.362,3998.2,12160,39889,1429.97,2408.43,2147.28,642.009,539.758,549.51,133779,8890.73,13691.9,10.5234,9.246,0,0,0.0664584,0,23.4455,71.6923,250.86,1142.66,4834.56,7368.7,0.131974,0.0108977,8,7,9,0.5625,1,3.815,2.30764,1.50736,0.013538,0.170406,1520,0,0,0,0,0.001,0,0,0,0,0,0,0,0,0,0,0,0,0,0,0,0,0,0,0,0,0,0,0,0,0,0,0,0,0,0,0,0,0,0,0,0,19.6523,78.7128,30.5986,583.569,688.833,0,0.941462,-0.336709,0.0166123,1,0.0566094,0.0885623,0.754386,0.86,929.083,1136.63,1937.31,2912.41,240.324,833.014,1855.5,172.399,2736.31,251.656,162.131,-0.980356,1.1627,0.861596,-1.15197,0,0,0,0,0,0,0,109.009,0,0.933553,0,0,296.236,1092.37,0,0,878.362,3998.2,0
1691509850848779197,1720,1495,216,0.869186,20.8534,38.6342,76.9229,108.317,213.702,5.54013,283.864,618.513,1099.57,1407.77,867.081,3878.14,15157.5,36425.6,1494.54,2150.5,2166.75,661.46,515.789,566.313,136906,9247.14,14318.3,6.32871,6.26136,0,0,0.0675438,0,36.1512,70.8823,218.809,1283.13,5120.78,7588.58,0.0185498,0.00247472,7,6,13,0.684211,1,4.63401,3.1087,1.52531,0.00944952,0.237754,1495,0,0,0,0,0.001,0,0,0,0,0,0,0,0,0,0,0,0,0,0,0,0,0,0,0,0,0,0,0,0,0,0,0,0,0,0,0,0,0,0,0,0,20.8534,76.9229,30.7256,570.458,667.817,0,0.943044,-0.332375,0.0139912,0.999986,0.304039,0.00773444,0.666667,0.8,946.369,1163.43,2041.05,3553.27,247.354,840.706,1919.85,183.511,2762.53,238.458,152.979,-1.05945,0.959785,0.749557,-0.98451,0,0,0,0,0,0,0,108.317,0,0.937793,0,0,283.864,1099.57,0,0,867.081,3878.14,0
1691509850948521212,1844,1597,241,0.866052,20.0818,37.5815,62.0697,92.4249,216.084,7.68273,292.014,577.53,1105.35,1342.33,817.405,3448.36,7365.25,44856,1171.64,1988.05,1776.68,613.047,428.412,628.942,118205,6586.99,10713.6,8.55322,8.57411,0,0,0.0557254,0,32.019,77.6563,244.488,1387.62,3727.74,5244.06,0.320332,0.0124086,7,7,10,0.588235,1,3.14366,1.79541,1.34825,0.00409478,0.225215,1597,0,0,0,0,0.001,0,0,0,0,0,0,0,0,0,0,0,0,0,0,0,0,0,0,0,0,0,0,0,0,0,0,0,0,0,0,0,0,0,0,0,0,20.0818,62.0697,25.6515,568.924,671.425,0,0.940953,-0.337447,0.0271423,0.999898,0.81644,0.0953925,0.612903,0.76,930.014,1084.6,1891.5,2931.81,225.625,811.036,1773.11,140.692,2884.88,240.771,166.324,-1.19047,-0.0627686,1.27852,0.0800447,0,0,0,0,0,0,0,92.4249,0,0.95742,0,0,292.014,1105.35,0,0,817.405,3448.36,0
1691509851048815326,1943,1721,218,0.885744,17.2175,32.4818,55.8868,73.5071,210.08,3.91347,288.918,596.593,1092.06,1329.28,836.102,3522.6,7133.68,31731,1334.49,2179.09,1782.88,561.399,451.199,623.452,105838,5838.16,9519.68,11.2642,5.97616,0,0,0.055161,0,40.9,67.2137,285.276,1238.49,3121.11,4766.69,0.000266341,5.76117e-05,2,2,8,0.8,1,3.33619,2.26047,1.07572,0.00709146,0.0304357,1721,0,0,0,0,0.001,0,0,0,0,0,0,0,0,0,0,0,0,0,0,0,0,0,0,0,0,0,0,0,0,0,0,0,0,0,0,0,0,0,0,0,0,17.2175,55.8868,26.0968,521.915,644.988,0,0.938151,-0.345311,0.0251679,0.999963,0.491542,0.0536387,0.680672,0.81,899.634,1057.74,1946.95,3524.08,233.775,816.778,1887.2,123.166,3129.23,296.869,228.93,-0.118583,1.84249,1.22413,-0.852706,0,0,0,0,0,0,0,73.5071,0,0.977339,0,0,288.918,1092.06,0,0,836.102,3522.6,0
1691509851150552217,2076,1861,214,0.896435,17.6806,31.6338,49.0952,61.7333,210.818,4.39929,290.249,620.921,1093.1,1417.46,871.944,3628.66,8158.15,27607.3,1554.77,2166.9,1702.93,613.308,449.941,637.461,110343,6445.89,10155.3,6.45548,5.40171,0,0,0.0584169,0,12.8532,67.6236,247.229,1278.86,2988.42,5560.36,0.00347805,0.000957748,3,3,10,0.769231,1,3.34779,2.37204,0.975748,0.00490881,0.205421,1861,0,0,0,0,0.001,0,0,0,0,0,0,0,0,0,0,0,0,0,0,0,0,0,0,0,0,0,0,0,0,0,0,0,0,0,0,0,0,0,0,0,0,17.6806,49.0952,22.0949,506.698,643.207,0,0.938566,-0.344129,0.0258563,0.999999,0.0819277,0.038339,0.709402,0.83,907.137,1086.31,1887.51,3523.96,233.763,815.054,1830.16,143.849,3072.82,309.068,213.87,0.255061,0.635992,-0.213185,-0.425691,0,0,0,0,0,0,0,61.7333,0,0.984417,0,0,290.249,1093.1,0,0,871.944,3628.66,0
1691509851253852822,2039,1876,163,0.920059,16.6487,31.2625,48.8209,65.0332,161.807,3.17613,291.998,587.275,1103.07,1371.76,877.438,3726.41,9324.15,32225.2,1839.46,2114.85,1773.28,582.886,483.037,620.072,119646,8948.86,13669.7,7.23519,7.18951,0,0,0.0747948,0,13.8052,79.4038,228.301,1331.86,4268.5,7747.87,0.0062985,0.0016962,5,4,11,0.733333,1,2.93635,1.99111,0.94524,0.0094353,0.320684,1876,0,0,0,0,0.001,0,0,0,0,0,0,0,0,0,0,0,0,0,0,0,0,0,0,0,0,0,0,0,0,0,0,0,0,0,0,0,0,0,0,0,0,16.6487,48.8209,25.3754,555.738,649.887,0,0.939863,-0.340797,0.0226887,0.999989,0.273686,0.0412966,0.769912,0.87,930.489,1124.92,1878.61,2907.53,253.609,813.279,1791.89,137.443,3070.99,271.764,224.532,-0.327587,0.325616,0.982159,-0.31084,0,0,0,0,0,0,0,65.0332,0,0.984009,0,0,291.998,1103.07,0,0,877.438,3726.41,0
1691509851358061058,1887,1789,98,0.948066,17.5403,33.2488,53.0474,76.3823,191.579,2.70535,299.724,614.429,1101.72,1376.51,885.777,3841.06,12398.6,33551.3,2061.61,2057.15,1726.72,603.078,510.086,644.185,128649,9806.09,15422,2.65671,4.90687,0,0,0.0762237,0,21.3678,82.798,249.072,1473.51,5930.74,7664.54,0.0103551,0.00176052,6,5,9,0.642857,1,3.34079,2.16214,1.17864,0.0226086,0.27424,1789,0,0,0,0,0.001,0,0,0,0,0,0,0,0,0,0,0,0,0,0,0,0,0,0,0,0,0,0,0,0,0,0,0,0,0,0,0,0,0,0.00279486,15.3805,31.0867,17.5596,53.0557,28.1138,588.837,672.049,0,0.941851,-0.335261,0.0227385,0.999983,0.33705,0.0101628,0.694915,0.82,947.847,1156.37,2034.98,3536.23,247.078,820.872,1861.47,138.741,2915.05,266.379,220.286,-0.886193,0.634072,0.627661,-0.466029,0,0,0,0,0,0.00264971,35.3093,76.5167,1,0.96917,337.41,578.063,299.441,1101.8,585.321,978.068,887.04,3853.42,0.000169003
1691509851462386718,1836,1750,85,0.953159,18.2604,34.3379,53.3416,71.8616,192.545,2.29613,299.283,601.944,1072.7,1326.88,925.285,3705.43,9739.76,46787.9,1881.47,1991.29,1760.49,650.142,484.365,581.016,125748,10244.2,16043.2,8.41481,8.28935,0,0,0.0814658,0,16.9411,83.2471,247.446,1372.98,6702.1,7620.5,0.221397,0.0184442,7,6,10,0.625,1,3.60248,2.48035,1.12213,0.003229,0.326353,1750,0,0,0,0,0.001,0,0,0,0,0,0,0,0,0,0,0,0,0,0,0,0,0,0,0,0,0,0,0,0,0,0,0,0,0,0,0,0,0,0.00971429,19.9326,43.251,18.2411,53.6966,28.4959,572.714,664.79,0,0.939867,-0.340951,0.0200631,0.999978,0.377794,0.0501839,0.818182,0.9,950.281,1176.31,2039.44,3535.9,271.912,840.517,1855.79,161.746,2942.34,249.531,192.632,0.0933154,0.725355,-0.105072,-0.729519,0,0,0,0,0,0.00925926,47.1026,72.0654,1,0.971725,487.734,746.053,296.521,1073.04,818.381,1257.18,937.689,3710.69,0.000758707
1691509851566555681,1836,1704,129,0.928105,18.5182,34.7583,56.3312,77.9458,232.948,2.71799,298.862,580.445,1045.86,1342.71,895.158,3687.28,9709.76,53126.9,1704.82,2270.52,1838.61,608.4,457.117,540.497,131383,13994,21051.7,18.6694,7.79535,0,0,0.106513,0,31.9221,90.6334,245.666,1405.18,7644.03,11634.3,0.00306788,0.0010789,4,4,10,0.714286,1,4.11119,2.95888,1.15231,0.0106373,0.455005,1704,0,0,0,0,0.001,0,0,0,0,0,0,0,0,0,0,0,0,0,0,0,0,0,0,0,0,0,0,0,0,0,0,0,0,0,0,0,0,0,0.0199531,13.8326,33.246,18.539,57.3242,27.8732,568.075,670.052,0,0.94138,-0.336577,0.022817,0.999985,0.308586,0.0367585,0.886792,0.94,940.469,1174.14,2036.9,3535.61,268.416,848.204,1877.48,183.579,3048.02,251.06,186.55,2.5518,1.70127,-0.499899,0.486987,0,0,0,0,0,0.0185185,37.3722,79.3432,1,0.968263,326.261,701.113,298.631,1052.56,561.151,1199.91,907.491,3741.76,0.000832372
1691509851668959868,1813,1745,65,0.962493,19.287,37.7676,61.648,85.4492,191.975,-0.0298624,281.056,571.399,1058,1335.01,879.297,4000.68,12316,49334.7,1459.11,2551.74,1814.23,605.56,442.797,554.143,143060,10658.8,16496.3,13.4532,13.0192,0,0,0.0745061,0,42.8442,66.5236,249.867,1237.13,6740.42,8159.51,0.0125147,0.00432718,6,6,10,0.625,1,4.05772,2.65512,1.4026,0.0226322,0.218879,1745,0,0,0,0,0.001,0,0,0,0,0,0,0,0,0,0,0,0,0,0,0,0,0,0,0,0,0,0,0,0,0,0,0,0,0,0,0,0,0,0.0292264,17.4503,35.9921,19.3443,62.6982,30.808,575.051,689.141,0,0.942,-0.334843,0.0227305,0.999998,0.105636,0.00666255,0.785714,0.88,937.496,1173.47,1935.24,2896.99,256.367,813.266,1859.15,212.572,3062.32,258.286,204.731,-0.00720944,0.969297,-0.395024,-0.953156,0,0,0,0,0,0.0281302,41.3607,88.5921,1,0.958087,398.213,611.968,279.179,1069.02,675.588,1038.47,893.522,4034.83,0.00200289
1691509851769490380,1876,1813,58,0.966418,19.0084,35.4534,57.5769,79.0729,212.399,0.640281,283.975,592.761,1111.48,1382.22,852.738,4363.9,11168.7,35165.9,1291.23,2690.17,1952.33,607.406,467.799,577.975,150161,10531.3,16089.9,5.84754,11.0573,0,0,0.0701337,0,37.6351,78.826,257.436,1429.99,5306.46,8979.51,0.000271008,6.71456e-05,2,2,8,0.8,1,3.93811,2.69506,1.24305,0.00302462,0.0595588,1813,0,0,0,0,0.001,0,0,0,0,0,0,0,0,0,0,0,0,0,0,0,0,0,0,0,0,0,0,0,0,0,0,0,0,0,0,0,0,0,0.0303365,13.1882,41.2328,19.2879,58.1508,25.6134,578.059,701.327,0,0.941041,-0.337585,0.0218402,0.999995,0.1741,0.0183248,0.754386,0.86,947.942,1174.95,1867.27,3175.36,256.701,811.845,1744.16,204.014,2977.35,270.072,201.276,-2.02268,0.686108,1.46595,-1.67894,0,0,0,0,0,0.0293177,50.2981,79.7904,1,0.974403,361.781,668.499,282.079,1132.17,623.987,1132.55,864.297,4505.66,0.00198338
1691509851868252076,1999,1928,62,0.964482,18.526,35.2612,60.016,77.6305,204.648,0.633449,280.665,585.832,1061.27,1355.44,874.093,3818.93,11120.8,50412,1225.74,2368.99,1911.69,622.451,486.517,483.416,145905,10732.4,16595.5,14.5982,6.97076,0,0,0.0735573,0,50.7853,68.7213,296.268,1219.71,6558.38,8401.68,0.00485711,0.00116655,3,3,10,0.769231,1,4.49237,3.14508,1.34728,0.00764127,0.119717,1928,0,0,0,0,0.001,0,0,0,0,0,0,0,0,0,0,0,0,0,0,0,0,0,0,0,0,0,0,0,0,0,0,0,0,0,0,0,0,0,0.0352697,11.5494,27.9028,18.8236,60.8749,23.5288,597.749,706.722,0,0.940711,-0.338532,0.0214155,0.999999,0.0623877,0.0353372,0.769912,0.87,932.452,1165.5,1917.77,2889.64,250.088,790.932,1786.09,179.923,2891.31,307.759,194.252,2.74521,2.37302,-0.442002,-1.26556,0,0,0,0,0,0.034017,47.8011,78.4918,1,0.973118,349.025,777.949,276.642,1073.41,597.034,1309.06,883.675,3925.98,0.00251974
1691509851965310190,1831,1796,34,0.980885,18.7829,35.271,66.4388,95.1916,221.293,0.317395,288.439,585.423,1056.33,1326.96,891.216,4120.95,10790.2,56514.3,1381.63,2572.74,1886.53,645.04,517.235,528.652,141209,12928.9,19519.4,8.02001,8.55688,0,0,0.0915589,0,35.7077,84.0229,269.297,1340.64,7018.49,10771.3,0.0255538,0.00300533,7,6,9,0.6,1,3.96077,2.48537,1.4754,0.0212642,0.365109,1796,0,0,0,0,0.001,0,0,0,0,0,0,0,0,0,0,0,0,0,0,0,0,0,0,0,0,0,0,0,0,0,0,0,0,0,0,0,0,0,0.0406459,11.817,41.5939,18.98,67.4134,29.9073,609.602,694.491,0,0.939776,-0.34116,0.020762,0.999996,0.164137,0.0612498,0.801802,0.89,962.623,1185.44,1922.39,2884.09,252.854,807.837,1831.9,172.724,2820.48,277.552,197.966,2.26534,1.04593,-2.12731,-1.159,0,0,0,0,0,0.0398689,51.6459,95.6656,0.986301,0.955891,376.257,789.367,283.161,1063.73,636.691,1336.38,907.757,4185.66,0.00271233
1691509852060702782,1730,1687,26,0.975145,18.9951,39.0931,68.0058,97.4417,194.834,1.5332,288.064,578.807,996.724,1290.86,876.009,4002.11,12793.7,41396.9,1379.39,2339.35,1957.69,576.844,508.538,490.241,148260,9652.15,14663.3,12.0078,11.3413,0,0,0.0651027,0,29.2343,54.6411,232.075,833.371,6016.19,7497.82,0.00717553,0.00234405,6,5,14,0.736842,1,3.58235,2.09982,1.48253,0.0131862,0.412748,1687,0,0,0,0,0.001,0,0,0,0,0,0,0,0,0,0,0,0,0,0,0,0,0,0,0,0,0,0,0,0,0,0,0,0,0,0,0,0,0,0.0616479,15.5735,60.0139,19.2346,68.0493,24.7783,626.687,684.535,0,0.937025,-0.348546,0.0223346,0.999968,0.460512,0.0495431,0.769912,0.87,981.024,1228.95,2086.49,2885.84,252.175,831.516,1899.29,164.679,2856.46,237.807,155.3,-1.15855,1.48983,0.138744,-1.40935,0,0,0,0,0,0.0705202,99.9225,97.3623,0.942308,0.954517,452.534,980.231,277.143,996.824,752.065,1512.65,888.01,4155.72,0.00781575
1691509852155263710,1689,1635,52,0.968028,19.1826,37.1333,58.5609,80.4465,254.828,2.31124,279.17,563.982,974.251,1264.68,894.967,3905.45,12909.4,41931,1410.99,2139.32,1974.47,585.424,522.114,426.857,146221,11484.3,17299.8,9.38153,4.38403,0,0,0.0785406,0,20.2458,63.9508,205.346,1097.28,6537.55,9375.44,0.000383803,8.92251e-05,3,2,9,0.818182,1,3.56885,2.42159,1.14726,0.00532279,0.373926,1635,0,0,0,0,0.001,0,0,0,0,0,0,0,0,0,0,0,0,0,0,0,0,0,0,0,0,0,0,0,0,0,0,0,0,0,0,0,0,0,0.0458716,11.5237,39.8269,19.9803,59.0745,25.4094,595.246,686.345,0,0.938166,-0.345658,0.0191111,0.99999,0.256448,0.0568698,0.818182,0.9,959.059,1170.76,1989.92,2876.91,253.612,801.816,1845.7,153.104,2754.61,214.844,121.773,1.04699,0.0684604,-0.836533,-0.317825,0,0,0,0,0,0.044997,51.3377,80.9733,1,0.972436,354.412,750.631,276.757,1001.92,597.162,1242.82,917.486,3975.81,0.0025994
1691509852250032178,1528,1462,64,0.956806,20.1455,41.4899,72.706,96.2785,202.746,0.0878744,276.225,524.513,878.769,1182.85,828.515,3556.04,14002.6,59076.3,1335.31,1696.02,1875,550.051,498.73,360.338,147107,9313.36,13609.6,8.92206,4.677,0,0,0.06331,0,26.5629,37.309,157.345,873.633,4303.05,8211.73,0.000101106,4.6345e-05,4,3,9,0.75,1,3.04053,1.70821,1.33232,0.0190526,0.254154,1462,0,0,0,0,0.001,0,0,0,0,0,0,0,0,0,0,0,0,0,0,0,0,0,0,0,0,0,0,0,0,0,0,0,0,0,0,0,0,0,0.0649795,16.6909,60.25,20.1829,73.3669,25.7265,586.984,702.29,0,0.939894,-0.340822,0.0209567,0.999985,0.312682,0.0389055,0.769912,0.87,956.071,1178.3,1918.71,2878.23,242.672,777.386,1787.76,134.036,2723.56,167.483,83.2828,-1.52347,0.0504974,0.307064,-0.317629,0,0,0,0,0,0.0628272,76.5175,96.7616,0.957895,0.953914,457.817,803.509,268.603,895.037,716.364,1301.11,832.836,3687.29,0.00487595
1691509852345618473,1569,1487,81,0.947737,18.5288,40.2239,69.804,97.8553,219.185,2.58022,280.252,513.344,914.134,1254.75,768.588,3346.44,11133.8,38576.8,1245.07,1629.96,1691.98,545.032,508.786,355.581,131647,6950.71,10964.5,38.8472,14.8476,0,0,0.0527981,0,26.8555,52.0497,163.522,1062.26,4331.08,5328.75,0.000179435,0.000108998,2,1,9,0.9,1,3.19348,1.86487,1.32861,0.00948179,0.223704,1487,0,0,0,0,0.001,0,0,0,0,0,0,0,0,0,0,0,0,0,0,0,0,0,0,0,0,0,0,0,0,0,0,0,0,0,0,0,0,0,0.0477471,14.351,52.8646,18.9754,70.8591,23.1227,552.612,674.265,0,0.936496,-0.349794,0.0249071,0.999946,0.594465,0.026072,0.652893,0.79,906.264,1081.35,1861.34,3519.58,227.549,760.625,1773.18,121.651,2742.3,168.935,91.1527,-0.511216,-0.230958,0.891328,-0.852835,0,0,0,0,0,0.0452518,68.0034,100.036,1,0.949859,381.311,748.62,275.29,932.968,595.626,1212.56,781.417,3420.66,0.00349209
1691509852443430254,1539,1385,153,0.899935,20.0849,42.9954,79.5599,108.995,211.429,-1.60421,276.11,545.194,886.31,1160,775.015,3029.39,9155.01,58169.2,1052.23,1666.47,1569.7,552.782,471.874,400.234,118771,8029.48,12227.6,14.1545,14.1697,0,0,0.0676046,0,29.9819,48.5432,158.315,878.944,4572.03,6539.74,0.0030633,0.00208428,7,6,13,0.684211,1,3.41811,1.94138,1.47673,0.00927985,0.126316,1385,0,0,0,0,0.001,0,0,0,0,0,0,0,0,0,0,0,0,0,0,0,0,0,0,0,0,0,0,0,0,0,0,0,0,0,0,0,0,0,0.0447653,18.0036,67.5605,20.1754,79.8029,18.0812,504.478,664.441,0,0.933961,-0.356762,0.0209168,0.999965,0.482473,0.0496514,0.73913,0.85,855.631,1055.77,1924.57,3513.66,227.84,746.794,1833.87,131.779,2607.52,167.545,89.0057,-0.429287,1.07694,-0.422276,-0.805795,0,0,0,0,0,0.0409357,122.409,108.255,0.919355,0.935752,444.223,817.271,270.992,900.148,670.234,1326.4,779.845,3070.4,0.00372343
1691509852543560207,1565,1442,121,0.921406,23.2435,43.7429,72.2534,97.4231,205.189,-3.84748,295.667,578.128,1048.98,1333.47,833.925,3724.98,10910.6,35562.1,1543.28,2179.78,1626.97,589.556,495.142,536.96,121026,7080.27,10905.7,4.6796,3.729,0,0,0.0585022,0,26.7622,55.9918,187.11,995.486,3672.89,5967.43,0.00553752,0.000999575,7,7,11,0.611111,1,3.38779,1.96146,1.42634,0.0109811,0.100759,1442,0,0,0,0,0.001,0,0,0,0,0,0,0,0,0,0,0,0,0,0,0,0,0,0,0,0,0,0,0,0,0,0,0,0,0,0,0,0,0,0.0540915,23.9209,101.49,23.1657,70.6794,21.4376,507.703,671.86,0,0.93717,-0.347958,0.0252365,0.999947,0.591206,0.0494943,0.639344,0.78,906.386,1085.38,1847.33,3585.5,232.992,774.535,1706.7,124.121,2811.41,193.212,137.866,0.254617,0.289511,0.668527,-0.292643,0,0,0,0,0,0.0549521,116.521,95.511,0.897436,0.953812,416.576,1056.03,288.099,1045.7,682.36,1661.75,849.161,3820.8,0.00676335
1691509852646179595,1506,1402,98,0.930943,20.6808,40.4806,68.8431,89.7157,185.847,-4.89624,284.543,557.759,1003.66,1308.96,861.896,3446.2,9311.26,25501,1553.72,1816.43,1618.43,568.418,486.108,501.802,123919,5408.09,8484.83,4.25934,2.56434,0,0,0.043642,0,15.8342,50.1904,168.326,773.982,3160.18,4316.31,0.00477551,0.000414257,5,5,8,0.615385,1,3.20812,2.02942,1.1787,0.0166491,0.215949,1402,0,0,0,0,0.001,0,0,0,0,0,0,0,0,0,0,0,0,0,0,0,0,0,0,0,0,0,0,0,0,0,0,0,0,0,0,0,0,0,0.0313837,15.6321,46.977,20.7095,68.8853,24.7358,555.394,681.871,0,0.939413,-0.342046,0.0225243,0.999976,0.394219,0.0337683,0.666667,0.8,895.794,1106.71,1846.13,2868.96,245.85,768.803,1666.17,119.645,2756.53,177.712,126.746,0.140492,-0.889029,0.17138,0.81692,0,0,0,0,0,0.0325365,85.0642,89.761,0.977273,0.962445,413.08,946.465,281.085,1004.17,680.491,1601.08,866.725,3549.4,0.00569379
1691509852750497647,1398,1319,79,0.943491,21.861,46.4085,80.1037,102.176,223.899,-6.44293,289.139,591.528,1097.04,1392.4,903.74,4119.25,13177,55335.8,2185.88,2205.66,1844.42,587.74,580.808,508.003,125915,11543.3,16842.3,7.21096,7.38474,0,0,0.0916751,0,25.8564,49.112,169.126,1026.95,5448.09,10123.2,0.0273082,0.00515678,4,3,9,0.75,1,3.71017,2.28403,1.42614,0.00566256,0.222135,1319,0,0,0,0,0.001,0,0,0,0,0,0,0,0,0,0,0,0,0,0,0,0,0,0,0,0,0,0,0,0,0,0,0,0,0,0,0,0,0,0.0174375,17.6622,76.7982,21.8899,80.1689,24.6291,576.72,684.651,0,0.939106,-0.342835,0.0233093,0.999999,0.0661685,0.0337965,0.666667,0.8,943.903,1154.72,1924.33,3592.41,253.026,770.933,1805.07,138.293,2736.45,175.566,118.07,0.485805,-0.456056,-0.421484,0.67102,0,0,0,0,0,0.0164521,84.8561,102.359,0.956522,0.943673,459.733,774.496,287.157,1106.81,778.648,1320.29,909.795,4157.08,0.00103386
1691509852856122195,1319,1251,59,0.948446,24.3555,48.9413,81.8061,100.517,205.407,-7.83616,298.679,605.691,1054.09,1319.53,915.959,4142.19,10657.4,36037.2,1878.83,1978.39,1968.08,580.733,577.767,451.776,129659,7985.43,12356.7,8.58034,8.20138,0,0,0.0615879,0,39.0172,60.358,162.603,875.091,5488.9,5730.76,0.0535048,0.0078404,9,8,9,0.529412,1,3.57482,2.19499,1.37983,0.0199606,0.368763,1251,0,0,0,0,0.001,0,0,0,0,0,0,0,0,0,0,0,0,0,0,0,0,0,0,0,0,0,0,0,0,0,0,0,0,0,0,0,0,0,0.00239808,11.3092,19.2756,24.4763,81.8264,26.3721,587.256,670.372,0,0.937422,-0.347681,0.0189406,0.999977,0.386075,0.0648906,0.73913,0.85,965.344,1225.78,1989.3,3595.47,262.388,813.942,1919.16,139.034,2843.21,164.47,110.715,-0.328156,0.460853,0.350751,-0.377326,0,0,0,0,0,0.00227445,20.2714,100.564,1,0.947917,123.829,145.536,298.772,1055.28,220.967,259.651,922.795,4143.07,1.10219e-05
1691509852961805403,1337,1279,43,0.956619,23.2597,47.3395,77.7586,102.354,218.456,-10.9448,285.231,570.127,1011.82,1315.24,900.745,4253.12,11240.6,70188.8,1754.01,2316.52,1817,545.799,529.794,515.281,135570,11166.8,15815.3,13.7212,10.8968,0,0,0.0823695,0,39.3286,72.2911,184.886,841.39,4489.53,10187.9,0.00190434,0.00161524,6,5,9,0.642857,1,3.30619,1.94981,1.35638,0.0317414,0.353151,1279,0,0,0,0,0.001,0,0,0,0,0,0,0,0,0,0,0,0,0,0,0,0,0,0,0,0,0,0,0,0,0,0,0,0,0,0,0,0,0,0,0,0,23.2597,77.7586,25.0905,561.781,678.129,0,0.936939,-0.34867,0.0239529,0.999987,0.294026,0.0474556,0.754386,0.86,950.185,1168.21,1949.67,3586.15,265.055,798.349,1835.45,115.149,2877.61,186.178,135.445,0.400008,0.150235,0.548432,0.0621389,0,0,0,0,0,0,0,102.354,0,0.944488,0,0,285.231,1011.82,0,0,900.745,4253.12,0
1691509853065933105,1371,1309,62,0.954778,23.6358,44.9289,79.0253,103.834,199.385,-10.5961,279.856,550.438,918.247,1250.76,886.472,3718.48,14723,93641.7,1403.31,2668.01,1661.72,541.008,528.148,420.791,151079,16725.5,22408.8,17.9004,21.3318,0,0,0.110707,0,17.7411,48.2278,163.676,804.934,5655.38,15718.8,0.0028601,0.00483549,8,8,11,0.578947,1,3.41172,2.0435,1.36821,0.0397893,0.245529,1309,0,0,0,0,0.001,0,0,0,0,0,0,0,0,0,0,0,0,0,0,0,0,0,0,0,0,0,0,0,0,0,0,0,0,0,0,0,0,0,0,0,0,23.6358,79.0253,25.2112,569.48,696.309,0,0.939831,-0.340619,0.0263846,0.99996,0.509553,0.0143357,0.73913,0.85,929.426,1133.56,1993.57,3588.88,256.152,794.957,1856.18,131.474,2985.55,169.131,104.859,-1.04249,0.555765,-0.330594,-0.585629,0,0,0,0,0,0,0,103.834,0,0.944232,0,0,279.856,918.247,0,0,886.472,3718.48,0
1691509853167379168,1552,1458,80,0.939433,24.1657,45.8445,76.9869,100.664,207.077,-7.66806,285.573,570.962,949.13,1219.58,916.277,4069.42,12208.5,61424.3,1425.44,2403.63,1910.85,572.279,516.958,445.994,150522,11900.8,17604.9,3.53655,4.16258,0,0,0.079064,0,40.7829,80.8961,181.014,883.493,6474.36,9944.4,0.00371271,0.000545334,5,5,8,0.615385,1,3.9923,2.49631,1.496,0.0097941,0.0641549,1458,0,0,0,0,0.001,0,0,0,0,0,0,0,0,0,0,0,0,0,0,0,0,0,0,0,0,0,0,0,0,0,0,0,0,0,0,0,0,0,0,0,0,24.1657,76.9869,20.8277,588.272,702.901,0,0.939436,-0.341823,0.0248555,0.999998,0.113779,0.00197045,0.709402,0.83,931.021,1168.65,1929.44,2868.61,244.74,793.742,1791.55,136.924,2901.39,183.416,133.859,0.259986,0.0998406,-0.841823,-0.199147,0,0,0,0,0,0,0,100.664,0,0.949246,0,0,285.573,949.13,0,0,916.277,4069.42,0
1691509853266868016,1476,1432,42,0.97019,18.167,35.9816,60.3515,78.4657,208.572,-3.93526,283.584,552.652,985.211,1280.43,898.96,3777.48,11431.8,20498.1,1443.96,1921.51,2078.27,527.475,568.909,379.745,146893,7088.59,10920,6.52455,5.47366,0,0,0.0482567,0,23.6563,49.0508,184.916,700.465,4756.79,5205.12,0.000414081,0.000103984,4,3,9,0.75,1,3.22414,2.22006,1.00408,0.00425452,0.133758,1432,0,0,0,0,0.001,0,0,0,0,0,0,0,0,0,0,0,0,0,0,0,0,0,0,0,0,0,0,0,0,0,0,0,0,0,0,0,0,0,0,0,0,18.167,60.3515,22.7061,641.437,698.857,0,0.937887,-0.346065,0.024653,0.99999,0.259,0.16035,0.73913,0.85,950.001,1163.51,2088.03,3586.58,243.803,802.581,1817.05,115.888,2878.48,190.734,115.269,-0.398963,0.446376,0.790104,-0.561614,0,0,0,0,0,0,0,78.4657,0,0.97486,0,0,283.584,985.211,0,0,898.96,3777.48,0
1691509853365053676,1519,1427,84,0.939434,18.4628,37.927,65.8581,85.2527,175.692,-4.49568,261.401,548.41,898.929,1201.26,911.639,3970.3,11805.9,30740.6,1533.53,1956.98,2051.12,540.612,515.914,370,144646,7822.01,11786.6,2.83228,2.78745,0,0,0.0540769,0,22.3545,44.5736,162.786,623.113,4762.41,6171.39,7.70443e-05,6.47861e-05,8,8,9,0.529412,1,2.83495,1.74744,1.08751,0.0130412,0.212931,1427,0,0,0,0,0.001,0,0,0,0,0,0,0,0,0,0,0,0,0,0,0,0,0,0,0,0,0,0,0,0,0,0,0,0,0,0,0,0,0,0,0,0,18.4628,65.8581,20.281,640.87,713.849,0,0.938576,-0.344065,0.0263352,0.999996,0.154859,0.132156,0.818182,0.9,945.03,1158.03,1853.59,3585.67,236.007,796.775,1801.57,118.547,2938.08,163.108,103.74,-0.0324516,0.00589851,0.123052,-0.0211114,0,0,0,0,0,0,0,85.2527,0,0.971969,0,0,261.401,898.929,0,0,911.639,3970.3,0
1691509853462692193,1597,1422,139,0.89042,20.8775,44.5981,73.6771,88.8831,198.309,-7.09785,268.385,529.9,936.812,1251.3,921.328,3879.37,12162.4,22371.8,1682.22,2051.15,2123.87,543.528,571.816,412.681,142871,7661.31,11349.8,7.81181,3.50324,0,0,0.0536241,0,20.1162,52.5256,183.711,537.616,4125.22,6430.57,0.00390213,0.00115789,3,3,10,0.769231,1,3.62383,2.36692,1.25691,0.0115485,0.268475,1422,0,0,0,0,0.001,0,0,0,0,0,0,0,0,0,0,0,0,0,0,0,0,0,0,0,0,0,0,0,0,0,0,0,0,0,0,0,0,0,0,0,0,20.8775,73.6771,18.8512,629.294,701.854,0,0.936567,-0.349527,0.0259459,0.999983,0.334176,0.0154498,0.769912,0.87,929.471,1132.82,1852.34,2869.46,244.22,800.661,1723.19,124.876,2958.1,186.113,124.221,1.0751,0.732217,0.370611,0.158778,0,0,0,0,0,0,0,88.8831,0,0.964838,0,0,268.385,936.812,0,0,921.328,3879.37,0
1691509853559691092,1424,1337,87,0.938904,20.786,43.1225,70.1579,86.6727,202.298,-6.71583,261.835,515.058,863.133,1146.08,997.075,4011.71,10753.9,21242.2,1818.08,2054.64,2216.22,519.846,551.675,390.07,139802,6885.38,10209.4,8.8843,6.29612,0,0,0.0492509,0,15.2277,26.9449,132.56,405.591,4156.73,5472.39,0.00246999,0.00106047,4,3,11,0.785714,1,2.98046,1.88914,1.09132,0.009546,0.299083,1337,0,0,0,0,0.001,0,0,0,0,0,0,0,0,0,0,0,0,0,0,0,0,0,0,0,0,0,0,0,0,0,0,0,0,0,0,0,0,0,0,0,0,20.786,70.1579,18.3536,596.904,679.742,0,0.934652,-0.354476,0.0277802,0.999984,0.321691,0.0107562,0.834862,0.91,930.501,1132.43,1931.66,2873.99,253.645,819.4,1816.85,115.216,2827.73,133.751,94.3845,0.304135,0.291853,0.460709,-0.0357264,0,0,0,0,0,0,0,86.6727,0,0.976066,0,0,261.835,863.133,0,0,997.075,4011.71,0
1691509853655904374,1496,1350,138,0.902406,19.8278,40.0822,66.9617,86.0942,184.123,-6.52881,269.955,520.899,973.453,1217.15,984.016,4506.53,10126.8,20363.2,1895.19,2274.03,2306.65,554.635,551.195,407.183,143907,7225.44,10842.2,5.18342,4.76119,0,0,0.0502091,0,16.9729,23.7374,138.069,649.118,4106.36,5907.92,0.00277019,0.00108813,5,5,8,0.615385,1,2.66236,1.62583,1.03653,0.00812583,0.438464,1350,0,0,0,0,0.001,0,0,0,0,0,0,0,0,0,0,0,0,0,0,0,0,0,0,0,0,0,0,0,0,0,0,0,0,0,0,0,0,0,0,0,0,19.8278,66.9617,21.0394,584.781,676.18,0,0.93581,-0.351522,0.0262846,0.999994,0.200955,0.0066536,0.801802,0.89,930.518,1126.34,1815.96,2869.7,256.937,829.211,1713.4,101.083,2764.85,139.484,95.0151,0.246269,0.431351,0.343738,-0.291065,0,0,0,0,0,0,0,86.0942,0,0.974074,0,0,269.955,973.453,0,0,984.016,4506.53,0
1691509853751828353,1414,1293,121,0.914427,20.2385,42.5195,69.1625,87.9326,131.644,-7.07132,274.189,516.858,911.695,1174.32,1032.77,4109.92,10823.1,17933.2,1806.38,2135.15,2058.91,543.971,547.16,392.171,150462,6291.93,9577.47,7.01964,2.3038,0,0,0.0418173,0,15.5437,19.9734,133.684,568.807,4121.19,4718.27,0.000125011,2.38851e-05,3,3,8,0.727273,1,3.6548,2.63952,1.01528,0.0139996,0.291587,1293,0,0,0,0,0.001,0,0,0,0,0,0,0,0,0,0,0,0,0,0,0,0,0,0,0,0,0,0,0,0,0,0,0,0,0,0,0,0,0,0,0,0,20.2385,69.1625,21.8786,566.309,704.812,0,0.936521,-0.349556,0.0271957,0.999997,0.130653,0.0734126,0.818182,0.9,939.009,1111.03,1829.37,2870.55,253.051,839.536,1741.62,118.849,2798.12,145.769,82.5065,1.59192,-0.1819,0.152382,-0.0519126,0,0,0,0,0,0,0,87.9326,0,0.975251,0,0,274.189,911.695,0,0,1032.77,4109.92,0
1691509853848225755,1303,1187,114,0.910975,18.7005,37.2793,65.5201,83.0405,133.212,-7.33988,259.687,500.32,889.893,1186.12,936.121,4103.27,10708.6,25190.6,1691.62,2307.29,2087.75,471.874,527.895,356.778,151609,6530.8,9677.05,5.48495,0.93821,0,0,0.0430767,0,7.00524,19.3146,130.802,396.683,3906.02,5217.23,0.0195929,0.000263309,3,2,8,0.8,1,2.7149,1.90351,0.811391,0.00570922,0.274159,1187,0,0,0,0,0.001,0,0,0,0,0,0,0,0,0,0,0,0,0,0,0,0,0,0,0,0,0,0,0,0,0,0,0,0,0,0,0,0,0,0,0,0,18.7005,65.5201,17.8765,579.538,724.586,0,0.93672,-0.349144,0.0255687,0.999999,0.096841,0.0270262,0.834862,0.91,942.359,1125.01,1837.68,2866.33,256.016,846.676,1729.24,105.863,2711.06,137.392,70.0051,-0.924315,-0.546867,0.60132,0.242025,0,0,0,0,0,0,0,83.0405,0,0.983993,0,0,259.687,889.893,0,0,936.121,4103.27,0
1691509853945697304,1247,1102,143,0.883721,20.439,38.3653,73.3256,98.4272,195.757,-1.27339,259.553,522.215,865.581,1161.62,912.65,4141.25,11785.4,27341.8,1647.34,2309,2063.13,498.366,520.552,401.593,157141,6204.74,9322.7,5.61984,5.68532,0,0,0.0394852,0,10.0262,22.1137,114.003,473.87,3908.5,4794.19,0.00759646,0.00109305,10,9,13,0.590909,1,2.52656,1.57307,0.953486,0.0474234,0.234887,1102,0,0,0,0,0.001,0,0,0,0,0,0,0,0,0,0,0,0,0,0,0,0,0,0,0,0,0,0,0,0,0,0,0,0,0,0,0,0,0,0,0,0,20.439,73.3256,21.3989,609.61,724.991,0,0.937768,-0.346371,0.0248747,0.999995,0.174416,0.0319987,0.801802,0.89,965.116,1122.8,1840.75,2863.9,244.585,844.591,1717.09,116.402,2668.84,120.004,69.3691,-0.991708,0.603544,-1.42968,-0.771261,0,0,0,0,0,0,0,98.4272,0,0.953721,0,0,259.553,865.581,0,0,912.65,4141.25,0
1691509854043904209,1140,932,208,0.817544,18.7769,34.7471,57.1081,68.6724,142.584,1.0796,250.451,510.549,827.971,1186.78,749.942,3586.64,8373.07,16999.6,1431.57,1758.78,1915.27,456.738,537.614,370.123,140008,3292.31,5201.99,3.95986,3.68744,0,0,0.0235151,0,10.9593,19.8928,76.4265,539.544,1988.52,2566.64,0.00770173,0.00143348,6,5,9,0.642857,1,2.23786,1.68192,0.555942,0.0383447,0.233231,932,0,0,0,0,0.001,0,0,0,0,0,0,0,0,0,0,0,0,0,0,0,0,0,0,0,0,0,0,0,0,0,0,0,0,0,0,0,0,0,0,0,0,18.7769,57.1081,16.6352,556.487,702.877,0,0.936135,-0.350693,0.02579,0.999989,0.269828,0.00645215,0.73913,0.85,936.876,1079.87,1842,2866.11,234.857,841.955,1713.56,113.055,2541.2,80.8446,52.1842,-0.895954,-0.138454,0.450393,0.0154381,0,0,0,0,0,0,0,68.6724,0,0.982833,0,0,250.451,827.971,0,0,749.942,3586.64,0
1691509854144412181,1360,1015,345,0.746324,19.6355,36.187,63.9225,96.2183,175.022,-0.699068,251.034,472.762,805.894,1202.6,691.508,2582.73,8911.95,17569.4,1164.04,1292.77,1305.65,455.3,517.648,365.811,113209,2769.1,4284.15,2.59891,2.95815,0,0,0.02446,0,11.3345,13.8456,85.1493,464.237,1323.59,2385.99,0.000453634,7.12315e-05,3,2,9,0.818182,1,2.49207,1.67454,0.817533,0.00105594,0.207483,1015,0,0,0,0,0.001,0,0,0,0,0,0,0,0,0,0,0,0,0,0,0,0,0,0,0,0,0,0,0,0,0,0,0,0,0,0,0,0,0,0,0,0,19.6355,63.9225,15.3624,478.18,666.458,0,0.933355,-0.357851,0.0281152,0.999968,0.45967,0.0439691,0.612903,0.76,893.637,1006.63,1806.05,2872.65,235.532,805.737,1645.67,74.8219,2484.11,88.847,54.5449,-0.515302,0.391883,0.771524,-0.381065,0,0,0,0,0,0,0,96.2183,0,0.95665,0,0,251.034,805.894,0,0,691.508,2582.73,0
1691509854226820775,1347,1005,331,0.746102,22.3664,42.0055,72.5216,87.6858,211.761,-4.80136,250.072,476.394,912.278,1156.02,773.841,3979.13,9788.06,17103.7,1762.16,2312.61,1617.28,439.116,438.082,461.58,113697,4371.22,6168.69,3.91835,4.23267,0,0,0.0384462,0,4.51927,19.7031,69.5959,419.094,1616.96,4038.82,0.00988878,0.00174081,6,6,8,0.571429,1,2.48576,1.65112,0.834639,0.0445792,0.338453,1005,0,0,0,0,0.001,0,0,0,0,0,0,0,0,0,0,0,0,0,0,0,0,0,0,0,0,0,0,0,0,0,0,0,0,0,0,0,0,0,0,0,0,22.3664,72.5216,18.7349,440.12,562.145,0,0.937371,-0.347662,0.0216064,0.999919,0.729933,0.0268815,0.694915,0.82,905.396,1041.75,1709.48,2856.29,265.707,874.201,1690.63,87.1074,2611.55,79.0022,76.4501,0.525132,0.184799,-0.339122,-0.103347,0,0,0,0,0,0,0,87.6858,0,0.971144,0,0,250.072,912.278,0,0,773.841,3979.13,0
1691509854508768198,1734,1396,284,0.805075,15.4833,28.2665,44.0749,61.8787,156.875,3.99566,199.943,341.656,575.483,775.594,551.351,1770.18,6066.17,12538.9,764.501,768.719,1051.84,325.009,373.132,173.549,61227.2,2311.47,3135.72,20.03,3.5239,0,0,0.0377523,0,14.2158,26.4265,43.7926,269.151,555.162,2226.97,1.74826e-05,4.83693e-06,7,7,9,0.5625,1,6.72615,6.03097,0.695175,0.0672185,4.98081,1396,0,0,0,0,0.001,0,0,0,0,0,0,0,0,0,0,0,0,0,0,0,0,0,0,0,0,0,0,0,0,0,0,0,0,0,0,0,0,0,0,0,0,15.4833,44.0749,14.0488,273.111,301.84,0,0.924127,-0.380702,0.0324811,0.999307,2.13264,1.35328,0.219512,0.36,768.117,939.309,1303.83,2112.84,281.199,880.723,1490.85,67.1154,3656.74,48.5882,124.037,0.0496623,1.07346,0.115691,-0.670889,0,0,0,0,0,0,0,61.8787,0,0.976361,0,0,199.943,575.483,0,0,551.351,1770.18,0
1691509854671920465,1858,1390,467,0.748116,15.2547,26.6515,42.7183,59.0686,154.817,3.6091,191.882,320.706,528.247,709.65,521.22,1776.27,5116.73,8455.99,960.838,616.801,1132.03,251.087,408.483,198.439,124199,1518.71,2288.66,0.654391,1.73352,0,0,0.0122281,0,11.0264,13.8083,43.0889,264.984,576.881,1378.87,0.000153619,2.31082e-05,9,9,9,0.5,1,2.20546,1.60757,0.597884,0.103255,4.29995,1390,0,0,0,0,0.001,0,0,0,0,0,0,0,0,0,0,0,0,0,0,0,0,0,0,0,0,0,0,0,0,0,0,0,0,0,0,0,0,0,0,0,0,15.2547,42.7183,20.2695,369.057,462.674,0,-0.934383,0.355271,-0.0266785,0.999607,1.60595,0.336017,0.351351,0.52,772.316,931.017,1399.13,3645.02,242.359,786.592,1400.13,76.7985,3455.1,45.6193,105.186,-0.0512168,0.0906805,0.375363,-0.474921,0,0,0,0,0,0,0,59.0686,0,0.981295,0,0,191.882,528.247,0,0,521.22,1776.27,0
1691509854773099122,1360,1003,351,0.7375,15.1889,34.3665,67.3949,88.9494,152.512,-3.51449,264.526,475.903,881.201,1185.18,972.848,4117.08,13289.4,33310.7,1868.6,1959.99,2582.17,521.233,525.225,319.135,170247,8084.27,11740.3,2.69177,3.08934,0,0,0.0474857,0,9.65175,13.4834,107.318,283.499,4914.88,6411.48,0.00283109,0.000381282,6,6,13,0.684211,1,2.61836,1.88892,0.729445,0.00820881,0.339701,1003,0,0,0,0,0.001,0,0,0,0,0,0,0,0,0,0,0,0,0,0,0,0,0,0,0,0,0,0,0,0,0,0,0,0,0,0,0,0,0,0,0,0,15.1889,67.3949,25.4419,652.888,761.67,0,0.938412,-0.344925,0.0202511,0.999918,0.735035,1.40809,0.219512,0.36,998.08,1158.8,1857.6,2852.12,226.675,875.437,1678.45,137.51,2938.96,112.081,55.2686,-0.236399,0.0158634,0.997123,0.059601,0,0,0,0,0,0,0,88.9494,0,0.969093,0,0,264.526,881.201,0,0,972.848,4117.08,0
1691509854871390451,1408,1073,334,0.762074,16.2851,35.5469,63.9396,85.1554,169.416,-5.96954,254.283,470.432,783.27,1090.07,854.592,3890.04,11805.5,28545.1,1607.49,1376.29,2477.08,496.194,525.487,288.969,157525,5728.5,8459.36,7.3781,2.81901,0,0,0.0363656,0,10.3382,13.7981,105.676,259.423,3740.54,4329.59,0.000335244,0.000144482,4,3,12,0.8,1,3.01384,2.28434,0.7295,0.0208235,0.180675,1073,0,0,0,0,0.001,0,0,0,0,0,0,0,0,0,0,0,0,0,0,0,0,0,0,0,0,0,0,0,0,0,0,0,0,0,0,0,0,0,0,0,0,16.2851,63.9396,24.659,659.509,743.832,0,0.935039,-0.353586,0.0260517,0.99994,0.627755,0.131199,0.801802,0.89,995.41,1163.53,1858.96,2864.06,235.11,877.569,1687.72,126.017,2910.35,109.258,45.7365,0.994894,0.478458,0.0239723,-0.0590929,0,0,0,0,0,0,0,85.1554,0,0.981361,0,0,254.283,783.27,0,0,854.592,3890.04,0
1691509854968280317,1352,964,383,0.713018,17.5983,40.1182,71.0093,86.186,136.15,-4.12222,263.812,506.82,824.947,1095.31,976.242,3744.97,11451.6,28878.5,1657.96,1653.98,2451.69,504.514,548.318,287.785,151316,5915.38,8623.26,10.0557,9.1465,0,0,0.0390929,0,8.05046,14.9182,86.3797,286.169,3387.85,4839.89,0.00116717,0.000513151,4,3,9,0.75,1,2.37798,1.64963,0.728346,0.0113021,0.431442,964,0,0,0,0,0.001,0,0,0,0,0,0,0,0,0,0,0,0,0,0,0,0,0,0,0,0,0,0,0,0,0,0,0,0,0,0,0,0,0,0,0,0,17.5983,71.0093,21.001,634.167,726.832,0,0.933686,-0.357163,0.0257875,0.999993,0.219627,0.0376429,0.801802,0.89,996.425,1166.75,1840,2863.93,235.259,868.524,1733.73,115.563,2857.07,88.6881,49.2405,-0.0176568,-0.0298732,-0.560314,0.558606,0,0,0,0,0,0,0,86.186,0,0.977178,0,0,263.812,824.947,0,0,976.242,3744.97,0
1691509855063134514,1265,855,405,0.675889,17.8487,39.9726,67.8706,85.656,159.383,-6.50004,255.755,476.562,829.659,1086.48,983.343,3651.8,12154.6,34690.9,1611.51,1720.2,2272.42,508.018,523.782,286.933,147850,5201.33,7688.74,4.6061,4.2971,0,0,0.0351797,0,8.93651,11.3912,77.1617,285.785,3277.81,4027.65,0.00119603,0.000475135,5,5,8,0.615385,1,2.5538,1.91555,0.638253,0.00527109,0.45045,855,0,0,0,0,0.001,0,0,0,0,0,0,0,0,0,0,0,0,0,0,0,0,0,0,0,0,0,0,0,0,0,0,0,0,0,0,0,0,0,0,0,0,17.8487,67.8706,23.8416,601.523,719.635,0,0.932796,-0.359415,0.0266828,0.999997,0.147891,0.0304067,0.886792,0.94,989.836,1167.52,1800.58,2866.07,243.697,866.538,1638.81,110.855,2561.04,81.6626,39.2009,0.122897,0.396312,-0.0369494,-0.346441,0,0,0,0,0,0,0,85.656,0,0.978947,0,0,255.755,829.659,0,0,983.343,3651.8,0
1691509855157697539,1358,948,409,0.698085,17.7189,37.2984,64.7333,80.9226,147.632,-5.24362,264.467,496.326,803.859,1064.63,953.658,4015.86,11557.7,16065.9,1587.11,1826.61,2187.7,474.569,475.557,353.783,140619,4692.21,6940.65,5.4595,5.02336,0,0,0.0333683,0,10.4014,19.7721,85.2017,278.884,2771.36,3775.02,0.000233584,8.19715e-05,4,4,8,0.666667,1,2.44245,1.77095,0.671496,0.012949,0.481381,948,0,0,0,0,0.001,0,0,0,0,0,0,0,0,0,0,0,0,0,0,0,0,0,0,0,0,0,0,0,0,0,0,0,0,0,0,0,0,0,0,0,0,17.7189,64.7333,20.332,573.092,709.577,0,0.933194,-0.358108,0.0301114,0.999993,0.211454,0.0285263,0.694915,0.82,965.708,1164.49,1809.86,2873.17,246.394,848.837,1603.04,110.853,2541.23,84.7986,50.7429,0.910179,-0.244912,-0.709745,0.358398,0,0,0,0,0,0,0,80.9226,0,0.972574,0,0,264.467,803.859,0,0,953.658,4015.86,0
1691509855252225861,1278,917,360,0.717527,17.8663,36.1036,66.7178,84.8023,141.044,-6.81997,275.205,506.027,808.617,1059.67,1066.2,4012.22,11473.7,14444.2,1539.51,2004.49,2421.83,505.494,487.307,297.507,146074,4482.7,6636.26,8.88447,6.99734,0,0,0.0306879,0,10.4176,11.5661,75.5313,275.143,2686.49,3577.11,0.00254927,0.00113791,6,6,8,0.571429,1,2.133,1.48911,0.643889,0.0170889,0.49316,917,0,0,0,0,0.001,0,0,0,0,0,0,0,0,0,0,0,0,0,0,0,0,0,0,0,0,0,0,0,0,0,0,0,0,0,0,0,0,0,0,0,0,17.8663,66.7178,23.0398,553.952,700.008,0,0.932182,-0.360679,0.0307795,0.999996,0.162874,0.0224907,0.818182,0.9,966.08,1173.92,1847.52,2874.71,263.962,866.907,1720.11,104.651,2602.25,78.1849,40.7854,-0.189127,-1.05446,0.0225627,0.725511,0,0,0,0,0,0,0,84.8023,0,0.971647,0,0,275.205,808.617,0,0,1066.2,4012.22,0
1691509855346502914,1234,915,311,0.741491,19.481,39.2448,72.0054,91.2501,163.577,-6.33335,266.445,517.74,776.957,1080.29,1015.27,3995.22,12642.9,44100.9,1461.05,2026.6,2403.67,494.744,515.938,385.747,156419,6086.57,8774.7,3.70357,3.99074,0,0,0.038912,0,11.8355,22.6959,79.9092,345.988,3071.77,5242.5,0.0269968,0.00402195,10,9,16,0.64,1,2.56245,1.82119,0.741259,0.0141371,0.356032,915,0,0,0,0,0.001,0,0,0,0,0,0,0,0,0,0,0,0,0,0,0,0,0,0,0,0,0,0,0,0,0,0,0,0,0,0,0,0,0,0,0,0,19.481,72.0054,24.3896,555.599,731.011,0,0.93372,-0.356706,0.0304775,0.999991,0.244721,0.030407,0.801802,0.89,980.458,1209.96,1847.74,2873,242.739,854.326,1710.48,108.913,2556.54,80.6793,49.1242,-0.0036586,0.177448,-0.294717,-0.120319,0,0,0,0,0,0,0,91.2501,0,0.968306,0,0,266.445,776.957,0,0,1015.27,3995.22,0
1691509855442333177,1127,811,312,0.71961,19.0085,43.1075,70.1193,85.6046,149.96,-6.62723,264.151,517.372,839.196,1082.13,1081.64,3862.61,11708.7,24869.4,1407.52,2048.37,2419.46,535.028,485.284,357.662,175686,4733.68,6913.86,3.25203,3.06754,0,0,0.026944,0,5.02443,23.7823,89.1988,220.193,2683.24,3892.42,0.0343592,0.00118906,6,6,11,0.647059,1,2.29788,1.66359,0.634289,0.0449483,0.38335,811,0,0,0,0,0.001,0,0,0,0,0,0,0,0,0,0,0,0,0,0,0,0,0,0,0,0,0,0,0,0,0,0,0,0,0,0,0,0,0,0,0,0,19.0085,70.1193,27.1599,595.835,752.005,0,0.935485,-0.351972,0.0313699,0.999987,0.293947,0.0241038,0.801802,0.89,1022.05,1220.79,1874.18,2873.72,242.614,868.223,1736.14,108.352,2520.13,89.6807,44.4128,-1.58666,0.320175,0.788875,-0.210891,0,0,0,0,0,0,0,85.6046,0,0.977805,0,0,264.151,839.196,0,0,1081.64,3862.61,0
1691509855540304974,1138,694,439,0.609842,21.6475,41.9255,65.6724,91.093,153.907,1.10249,268.949,534.6,829.864,1084.35,938.19,4359.42,11796.6,30087.2,1713.43,1857.49,2292.87,519.572,526.38,331.838,159947,4363.14,6182.83,3.30075,2.87954,0,0,0.0272786,0,6.12597,18.9931,75.8097,246.52,1931.74,3903.65,0.00327609,0.000435719,3,2,11,0.846154,1,2.41995,1.82617,0.593781,0.011247,0.0544978,694,0,0,0,0,0.001,0,0,0,0,0,0,0,0,0,0,0,0,0,0,0,0,0,0,0,0,0,0,0,0,0,0,0,0,0,0,0,0,0,0,0,0,21.6475,65.6724,20.4984,586.114,763.388,0,0.937218,-0.347554,0.0287892,0.999985,0.309524,0.00711219,0.754386,0.86,974.273,1186.51,1844.73,2866.9,223.364,817.694,1630.54,105.163,2400.95,82.8284,25.3474,-0.999451,0.0640842,0.798967,-0.216473,0,0,0,0,0,0,0,91.093,0,0.962536,0,0,268.949,829.864,0,0,938.19,4359.42,0
1691509855640808982,1581,863,716,0.545857,16.7614,30.8309,51.6078,74.7511,163.656,7.50495,284.145,459.686,675.958,874.705,810.159,2382.73,6511.69,14195.5,894.365,990.056,1650.22,442.895,484.058,257.671,125436,1605.27,2680.06,12.7353,2.17298,0,0,0.0127976,0,6.1423,25.9848,64.1722,403.609,962.323,1217.83,6.83646e-05,1.87303e-05,2,2,8,0.8,1,2.22657,1.68625,0.540325,0.00658529,0.183835,863,0,0,0,0,0.001,0,0,0,0,0,0,0,0,0,0,0,0,0,0,0,0,0,0,0,0,0,0,0,0,0,0,0,0,0,0,0,0,0,0,0,0,16.7614,51.6078,17.691,500.386,664.923,0,0.932259,-0.360832,0.0263167,0.999896,0.824378,0.0211241,0.398601,0.57,815.696,992.856,1419.75,2212.03,215.808,741.103,1396.57,88.4426,2430.62,68.3835,24.9987,-0.515696,-0.802056,0.0424165,0.323054,0,0,0,0,0,0,0,74.7511,0,0.967555,0,0,284.145,675.958,0,0,810.159,2382.73,0
1691509855743364723,1559,812,745,0.520847,18.9794,35.2017,62.2517,90.9936,167.469,3.67019,282.526,491.009,856.453,1178.75,812.043,2730.25,8836.05,23377.2,1464.99,1294.56,1875.66,444.98,512.854,409.339,104617,2911.38,4092.89,2.59032,2.35638,0,0,0.0278288,0,9.7733,27.9189,66.0739,394.392,834.483,2760.25,0.220655,0.00616681,5,4,8,0.666667,1,1.84812,1.22815,0.619966,0.0180305,0.331634,812,0,0,0,0,0.001,0,0,0,0,0,0,0,0,0,0,0,0,0,0,0,0,0,0,0,0,0,0,0,0,0,0,0,0,0,0,0,0,0,0,0,0,18.9794,62.2517,14.3037,473.278,656.419,0,0.931085,-0.36343,0.0315972,0.999982,0.343831,0.072746,0.626016,0.77,846.717,1068.48,1552.75,2876.24,228.756,766.626,1528.77,83.0201,2517.28,68.9179,37.3951,-0.354284,0.308995,0.339412,-0.326777,0,0,0,0,0,0.000641437,0,90.9936,0,0.963054,0,0,282.526,856.453,0,0,812.043,2730.25,0
1691509855849431912,1232,805,426,0.653409,21.307,40.5689,73.8914,101.856,171.184,-1.79019,272.237,502.788,833.52,1075.07,948.933,3363.67,10850,26669.4,1835.44,1358.72,1870.68,470.92,510.955,379.158,131882,4527.63,6518.59,5.8184,5.54679,0,0,0.0343308,0,10.9932,25.9149,74.5998,318.082,2081.72,4007.28,0.0197151,0.00246623,5,4,11,0.733333,1,2.46468,1.7239,0.740778,0.0202354,0.397756,805,0,0,0,0,0.001,0,0,0,0,0,0,0,0,0,0,0,0,0,0,0,0,0,0,0,0,0,0,0,0,0,0,0,0,0,0,0,0,0,0,0,0,21.307,73.8914,19.5753,544.884,685.541,0,0.93488,-0.35381,0.0285904,0.999942,0.617069,0.0189533,0.538462,0.7,944.126,1143.49,1707.96,2867.78,234.045,824.022,1624,103.091,2708.39,74.7147,41.4811,0.281706,0.327292,-0.422437,-0.319176,0,0,0,0,0,0,0,101.856,0,0.946584,0,0,272.237,833.52,0,0,948.933,3363.67,0
1691509855958088325,1285,901,383,0.701167,20.8221,39.8272,74.9587,91.7902,181.661,-1.39657,259.184,442.631,773.567,1004.89,871.522,3124.39,9527.97,19975.7,1576.6,1232.78,1995.02,443.635,438.295,320.713,140687,3652.77,5444.6,6.89495,6.89846,0,0,0.0259639,0,6.6092,31.0411,72.3823,285.609,2020.03,3028.93,0.0113668,0.00701095,6,5,10,0.666667,1,2.2429,1.47906,0.763839,0.00748347,0.537267,901,0,0,0,0,0.001,0,0,0,0,0,0,0,0,0,0,0,0,0,0,0,0,0,0,0,0,0,0,0,0,0,0,0,0,0,0,0,0,0,0,0,0,20.8221,74.9587,19.7741,544.597,689.629,0,0.933489,-0.357451,0.0287369,0.999992,0.22349,0.0428618,0.680672,0.81,933.976,1136.42,1453.83,2868.6,256.686,815.402,1430.18,100.386,2687.48,74.503,40.6355,0.0123834,0.0378341,0.0219816,-0.0311289,0,0,0,0,0,0,0,91.7902,0,0.964484,0,0,259.184,773.567,0,0,871.522,3124.39,0
1691509856065641820,1248,866,380,0.69391,20.2324,40.8597,75.4236,93.7001,140.82,0.616907,248.594,471.89,807.075,1134.49,879.744,3602.32,11071.1,30672.7,1479.38,1529.54,2063.52,516.929,456.728,264.42,145237,4622.59,6711.83,3.99718,2.64525,0,0,0.0318278,0,8.85492,25.5214,77.6075,336.061,2228.8,4034.98,0.000174435,4.00695e-05,4,4,8,0.666667,1,2.4148,1.66994,0.744859,0.0156834,0.268662,866,0,0,0,0,0.001,0,0,0,0,0,0,0,0,0,0,0,0,0,0,0,0,0,0,0,0,0,0,0,0,0,0,0,0,0,0,0,0,0,0,0,0,20.2324,75.4236,20.1422,544.302,708.555,0,0.933024,-0.358528,0.0303999,0.999998,0.116593,0.00574046,0.724138,0.84,929.422,1092.22,1455.71,2872.23,250.51,814.214,1427.54,109.319,2798.48,83.0665,39.4366,-0.43708,0.168735,0.149315,0.0829482,0,0,0,0,0,0,0,93.7001,0,0.963048,0,0,248.594,807.075,0,0,879.744,3602.32,0
1691509856170541052,1348,974,374,0.722552,22.7884,42.1175,75.8448,95.061,187.338,1.18278,248.532,475.033,851.014,1053.03,856.774,3326.03,10850.3,26741,1371.38,1619.45,2079.03,509.769,451.228,305.459,173275,5141.48,7268.43,4.47601,3.44855,0,0,0.0296723,0,11.3496,26.7473,89.8844,339.487,2138.71,4662.26,0.00255973,0.000435777,5,5,8,0.615385,1,2.62735,1.69251,0.934839,0.0287159,0.290019,974,0,0,0,0,0.001,0,0,0,0,0,0,0,0,0,0,0,0,0,0,0,0,0,0,0,0,0,0,0,0,0,0,0,0,0,0,0,0,0,0,0,0,22.7884,75.8448,19.5693,579.8,754.63,0,0.93492,-0.353592,0.0299683,0.999986,0.303972,0.0341983,0.666667,0.8,907.574,1078.06,1807.8,2870.31,240.525,794.503,1534.12,105.277,2841.99,90.852,47.8823,-1.51108,0.0829124,0.883715,-0.268973,0,0,0,0,0,0,0,95.061,0,0.956879,0,0,248.532,851.014,0,0,856.774,3326.03,0
1691509856272875352,1346,977,367,0.725854,20.8865,39.9335,67.1089,94.7191,190.337,6.08017,270.19,482.73,813.873,1010.44,946.349,3721.2,10973.1,32908.8,1473.28,1183.84,2410.73,426.839,516.352,254.546,161533,5897.89,8484.12,6.60414,3.15163,0,0,0.0365121,0,8.33061,20.4324,81.9472,321.338,2963.79,5088.28,0.0180354,0.00185802,3,2,9,0.818182,1,2.43648,1.58386,0.852627,0.00534711,0.349156,977,0,0,0,0,0.001,0,0,0,0,0,0,0,0,0,0,0,0,0,0,0,0,0,0,0,0,0,0,0,0,0,0,0,0,0,0,0,0,0,0,0,0,20.8865,67.1089,16.7043,617.801,746.495,0,0.933858,-0.356466,0.0290017,0.999995,0.184107,0.0573461,0.612903,0.76,940.653,1137.81,1806.34,2868.76,236.898,809.769,1540.68,103.42,2789.36,82.9295,31.0178,-0.825633,0.180518,0.534932,-0.0588686,0,0,0,0,0,0,0,94.7191,0,0.953941,0,0,270.19,813.873,0,0,946.349,3721.2,0
1691509856372616379,1374,1057,316,0.769287,17.712,32.1478,55.7235,79.7747,137.52,4.60555,259.46,444.948,727.928,917.223,941.846,3139.61,10316.8,22919.8,1473.64,1029.22,2160.36,424.272,496.106,232.398,167030,4408.56,6566.29,4.41315,4.35832,0,0,0.0263939,0,5.475,21.802,73.9506,258.087,2880.35,3326.62,0.176232,0.00294259,7,7,12,0.631579,1,2.09917,1.48336,0.615808,0.013398,0.304374,1057,0,0,0,0,0.001,0,0,0,0,0,0,0,0,0,0,0,0,0,0,0,0,0,0,0,0,0,0,0,0,0,0,0,0,0,0,0,0,0,0,0,0,17.712,55.7235,20.4571,635.783,752.76,0,0.93288,-0.358907,0.0303591,0.999996,0.16953,0.0397025,0.754386,0.86,946.585,1129.49,1612.61,2872.09,244.526,810.098,1438.26,98.7305,2810.55,74.7823,35.1526,-1.38155,0.183703,1.27797,-0.24268,0,0,0,0,0,0,0,79.7747,0,0.982025,0,0,259.46,727.928,0,0,941.846,3139.61,0
1691509856471247785,1468,1202,265,0.818801,16.6135,30.3994,53.1645,68.6487,144.84,0.896128,244.733,436.183,733.653,947.572,859.689,3158.06,10138.2,17706.6,1501.75,1108.02,2219.47,457.959,493.15,217.822,168612,4698.16,6949.3,5.40707,4.76759,0,0,0.0278637,0,9.27928,20.5569,90.7574,324.604,2616.86,3887.24,0.000978068,0.000219956,5,4,9,0.692308,1,2.12118,1.50189,0.619292,0.0192287,0.200026,1202,0,0,0,0,0.001,0,0,0,0,0,0,0,0,0,0,0,0,0,0,0,0,0,0,0,0,0,0,0,0,0,0,0,0,0,0,0,0,0,0,0,0,16.6135,53.1645,20.3481,643.105,761.547,0,0.931715,-0.361956,0.0299162,0.999995,0.188743,0.0457383,0.801802,0.89,946.295,1104.91,1612.1,2870.05,234.367,812.813,1442.74,93.1194,2752.71,90.3834,36.0545,-0.581642,-0.336595,0.966757,0.403283,0,0,0,0,0,0,0,68.6487,0,0.985025,0,0,244.733,733.653,0,0,859.689,3158.06,0
1691509856568033452,1268,1023,244,0.806782,16.0818,31.9951,56.9452,76.8978,125.011,-3.56977,253.726,492.91,827.279,1085.44,1003.53,3656.39,12499.9,30442.1,1640.2,1328.22,2481.45,509.138,522.016,243.62,161126,6054.16,8852.22,1.98232,2.54676,0,0,0.0375742,0,10.0325,23.6596,97.5046,362.924,3289.66,5068.44,0.00465437,0.000335595,5,5,11,0.6875,1,1.89935,1.33691,0.562444,0.0142096,0.255805,1023,0,0,0,0,0.001,0,0,0,0,0,0,0,0,0,0,0,0,0,0,0,0,0,0,0,0,0,0,0,0,0,0,0,0,0,0,0,0,0,0,0,0,16.0818,56.9452,19.3453,623.176,759.479,0,0.931666,-0.362047,0.0303314,1,0.0245176,0.0465062,0.818182,0.9,962.813,1138.48,1621.96,2871.07,245.822,847.041,1528.25,95.8637,2596.17,102.503,41.3209,-0.415664,-0.059686,1.19164,0.0761823,0,0,0,0,0,0,0,76.8978,0,0.983382,0,0,253.726,827.279,0,0,1003.53,3656.39,0
1691509856663466425,1313,1020,293,0.776847,15.652,29.7527,51.8296,71.7032,144.688,-2.40877,264.704,502.465,830.304,1070.39,990.642,3879.53,11090.1,30088.6,1628.16,1526.22,2511.48,530.405,509.165,250.49,154174,6307.84,8926.8,0.917821,0.889226,0,0,0.0409137,0,12.5281,27.6714,85.3824,366.181,2790.71,5644.33,0.0771566,0.000588939,4,4,7,0.636364,1,1.85292,1.33576,0.517166,0.00496887,0.514291,1020,0,0,0,0,0.001,0,0,0,0,0,0,0,0,0,0,0,0,0,0,0,0,0,0,0,0,0,0,0,0,0,0,0,0,0,0,0,0,0,0,0,0,15.652,51.8296,21.5837,598.773,707.643,0,0.930927,-0.363824,0.0317317,0.999997,0.136334,0.0140306,0.769912,0.87,958.771,1120.77,1724.13,2874.27,246.072,851.435,1547.59,96.1458,2570.22,87.381,48.2966,-0.747708,-0.241289,0.783501,0.22195,0,0,0,0,0,0,0,71.7032,0,0.987255,0,0,264.704,830.304,0,0,990.642,3879.53,0
1691509856758081121,1316,1067,249,0.81079,14.9596,29.3174,51.0163,73.6941,142.258,-1.50266,260.458,470.804,796.762,1052.59,905.882,3436.12,11951.4,27239,1358.28,1587.59,2246.37,511.05,474.774,219.994,152064,6016.96,8694.21,2.17966,1.53016,0,0,0.0395686,0,7.80416,17.1461,80.4074,313.524,3173.76,5101.56,0.0225058,0.00261426,4,4,7,0.636364,1,1.85111,1.32597,0.525135,0.00440957,0.386941,1067,0,0,0,0,0.001,0,0,0,0,0,0,0,0,0,0,0,0,0,0,0,0,0,0,0,0,0,0,0,0,0,0,0,0,0,0,0,0,0,0,0,0,14.9596,51.0163,19.7872,592.139,727.074,0,0.930177,-0.365684,0.0323427,0.999998,0.120121,0.0267486,0.769912,0.87,957.268,1111.49,1625.13,2875.91,257.64,847.647,1544.24,79.5005,2403.17,82.2292,34.0763,-0.562915,0.448021,0.310449,-0.0372963,0,0,0,0,0,0,0,73.6941,0,0.989691,0,0,260.458,796.762,0,0,905.882,3436.12,0
1691509856852899252,1325,1045,279,0.788679,16.491,29.8854,53.0758,71.5195,147.76,-1.02511,255.718,461.318,782.714,1037.02,927.234,3472.22,10331.7,18217.8,1345.7,1669.84,2179.84,486.203,480.519,232.658,163000,4718.49,6773.02,3.89606,3.89921,0,0,0.0289479,0,8.31024,25.0871,74.3873,306.995,2191.69,4166.55,3.52228,0.00929803,7,7,7,0.5,1,1.96833,1.42344,0.544889,0.00406684,0.477067,1045,0,0,0,0,0.001,0,0,0,0,0,0,0,0,0,0,0,0,0,0,0,0,0,0,0,0,0,0,0,0,0,0,0,0,0,0,0,0,0,0,0,0,16.491,53.0758,22.3197,564.453,726.227,0,0.931024,-0.363468,0.0329326,0.999997,0.140044,0.0108706,0.818182,0.9,950.907,1104.81,1725.55,2876.76,255.746,842.834,1544.19,87.7813,2374.67,77.23,38.1662,-0.730344,-0.229284,0.734203,0.228834,0,0,0,0,0,0,0,71.5195,0,0.985646,0,0,255.718,782.714,0,0,927.234,3472.22,0
1691509856911814762,2061,1128,932,0.547307,14.0822,24.4626,34.8383,42.389,107.854,8.53307,221.06,363.125,536.356,677.995,570.482,1613.53,3968.87,7184.93,592.465,582.304,1274.45,374.24,361.818,153.301,79033.5,984.962,1400.84,0.492582,0.501517,0,0,0.0124626,0,5.21322,11.9794,43.9923,125.418,279.145,935.089,0.0242932,0.0013083,5,5,10,0.666667,1,0.956844,0.689744,0.2671,0.018466,0.38534,1128,0,0,0,0,0.001,0,0,0,0,0,0,0,0,0,0,0,0,0,0,0,0,0,0,0,0,0,0,0,0,0,0,0,0,0,0,0,0,0,0,0,0,14.0822,34.8383,13.4955,309.569,363.936,0,0.926508,-0.374913,0.0319822,0.999924,0.707035,0.0311898,0.149425,0.26,697.327,794.369,1050.32,1309.39,298.725,743.183,1091.34,62.0146,2359.97,53.184,23.225,0.10768,0.0390262,-0.00903058,-0.115102,0,0,0,0,0,0,0,42.389,0,0.999113,0,0,221.06,536.356,0,0,570.482,1613.53,0
1691509857040953877,629,627,2,0.99682,50.2895,107.971,122.151,126.717,171.421,38.5658,67.9274,153.279,357.162,570.133,189.478,1796.98,9357.22,14905.1,660.36,835.04,1016.33,194.253,211.021,97.0588,48428.3,1545.69,2022.46,3.41808,3.28208,0,0,0.0319171,0,0.527415,2.06192,9.26611,14.2546,553.11,1443.24,0.25782,0.0348618,9,8,11,0.578947,1,2.06817,0.348463,1.7197,0.117254,1.8176,627,0,0,0,0,0.001,0,0,0,0,0,0,0,0,0,0,0,0,0,0,0,0,0,0,0,0,0,0,0,0,0,0,0,0,0,0,0,0,0,0.116427,31.4336,124.592,51.5511,122.089,1.70469,65.9052,99.3901,0,0.933294,-0.358566,0.0198366,0.99977,1.22991,0.043915,0,0,189.535,418.498,1217.95,2847.81,207.08,1057.72,1666.85,12.0943,640.456,11.4116,11.9938,-0.0902559,-0.0626048,0.0861621,0.0611172,0,0,0,0,0,0.116057,125.891,128.108,0.712329,0.716606,98.8628,239.1,64.0392,376.573,142.929,322.694,200.299,1973.22,0.00159307
1691509857144725918,1576,1010,565,0.640863,18.6519,34.1612,52.6371,69.5224,140.963,8.27115,220.859,403.325,626.937,849.507,596.838,1906.91,7572.92,11668.6,833.702,767.265,1287.8,436.144,356.517,228.794,144565,1526.98,2504.94,4.24991,4.29029,0,0,0.0105626,0,9.87747,40.5924,70.8476,321.786,812.093,1249.74,0.0234739,0.00144143,9,8,13,0.619048,1,1.89247,1.3046,0.587872,0.0269575,0.847888,1010,0,0,0,0,0.001,0,0,0,0,0,0,0,0,0,0,0,0,0,0,0,0,0,0,0,0,0,0,0,0,0,0,0,0,0,0,0,0,0,0,0,0,18.6519,52.6371,18.9091,525.106,635.985,0,0.932497,-0.359844,0.0310039,0.999937,0.645635,0.0682248,0.0526316,0.1,793.874,962.029,1308.19,2375.64,223.935,742.336,1255.21,91.4701,2390.9,76.1671,35.1015,-0.543348,-0.328674,0.789042,0.321838,0,0,0,0,0,0,0,69.5224,0,0.976238,0,0,220.859,626.937,0,0,596.838,1906.91,0
1691509857243417253,1745,1144,600,0.655587,17.6491,32.5545,53.4991,76.6451,177.366,8.1207,211.949,385.964,617.125,777.951,566.294,1911.91,4153.6,7793.87,742.831,781.871,1250.3,384.431,381.562,210.881,117101,986.566,1673.97,2.58802,3.3063,0,0,0.00842493,0,13.5514,33.3741,60.0584,270.555,482.614,813.813,0.00500464,0.000489393,4,4,12,0.75,1,1.89839,1.20489,0.693501,0.0147791,0.250856,1144,0,0,0,0,0.001,0,0,0,0,0,0,0,0,0,0,0,0,0,0,0,0,0,0,0,0,0,0,0,0,0,0,0,0,0,0,0,0,0,0,0,0,17.6491,53.4991,12.5146,461.452,661.033,0,0.928316,-0.370577,0.0300286,0.999933,0.662349,0.0959517,0.574803,0.73,790.529,921.965,1309.81,2243.64,231.963,742.618,1286.64,73.8086,2192.77,72.3096,26.1032,0.0346673,0.223117,1.33962,-0.347474,0,0,0,0,0,0,0,76.6451,0,0.97028,0,0,211.949,617.125,0,0,566.294,1911.91,0
1691509857346936995,1577,1100,476,0.697527,16.9947,34.8211,56.5953,78.3275,140.213,4.40831,244.185,424.643,724.934,952.432,770.103,2663.66,10641.9,16000.4,1182.45,1393.41,1676.69,399.335,453.195,305.032,126803,3898.44,5654.69,6.27913,6.58343,0,0,0.030744,0,18.7588,31.0987,67.0244,468.345,1504.45,3565.01,0.006865,0.00184239,5,5,8,0.615385,1,1.75379,1.09068,0.663106,0.0179225,0.218466,1100,0,0,0,0,0.001,0,0,0,0,0,0,0,0,0,0,0,0,0,0,0,0,0,0,0,0,0,0,0,0,0,0,0,0,0,0,0,0,0,0,0,0,16.9947,56.5953,14.4024,485.535,691.062,0,0.928979,-0.368561,0.0340706,0.99999,0.261577,0.0649569,0.587302,0.74,844.012,968.299,1374.33,2880.22,240.849,771.085,1335.09,69.1487,2337.16,69.2273,43.9452,-0.0152314,-0.344827,0.569545,0.150825,0,0,0,0,0,0,0,78.3275,0,0.982727,0,0,244.185,724.934,0,0,770.103,2663.66,0
1691509857452823025,1443,1127,315,0.781012,17.4149,34.5584,56.1508,73.9806,154.084,5.82259,247.54,411.468,648.053,826.149,859.703,2812.67,8962.58,16851.5,1314.11,984.03,1966,371.517,451.4,198.05,143494,3540.61,4957.75,4.74281,4.85358,0,0,0.0246743,0,15.8623,19.9414,61.4287,351.274,1195.98,3313.26,0.0172576,0.00209731,5,4,10,0.714286,1,2.03759,1.40181,0.635781,0.0164716,0.425316,1127,0,0,0,0,0.001,0,0,0,0,0,0,0,0,0,0,0,0,0,0,0,0,0,0,0,0,0,0,0,0,0,0,0,0,0,0,0,0,0,0,0,0,17.4149,56.1508,18.8313,540.294,714.875,0,0.931097,-0.36302,0.0357038,0.999981,0.352509,0.0369999,0.574803,0.73,889.484,1029.21,1378.92,2882.74,245.963,805.894,1343.41,82.486,2360.51,64.6672,27.0852,-0.795557,-0.195538,1.14913,0.273008,0,0,0,0,0,0,0,73.9806,0,0.98669,0,0,247.54,648.053,0,0,859.703,2812.67,0
1691509857560709682,1522,1163,359,0.764126,16.8319,31.0462,50.0735,68.8992,158.576,6.5084,231.689,417.31,658.143,891.792,823.401,2790.83,9725.22,30125,1246.26,1215.58,1842.12,368.833,430.58,253.915,146956,4404.67,6553.39,2.45521,2.91121,0,0,0.0299726,0,19.0387,30.6812,62.8835,400.939,2314.51,3725.34,0.0128514,0.000759368,8,7,11,0.611111,1,1.88882,1.30237,0.586449,0.0270398,0.441229,1163,0,0,0,0,0.001,0,0,0,0,0,0,0,0,0,0,0,0,0,0,0,0,0,0,0,0,0,0,0,0,0,0,0,0,0,0,0,0,0,0,0,0,16.8319,50.0735,16.8063,515.608,697.586,0,0.928727,-0.369163,0.0344298,0.999978,0.384242,0.0293961,0.709402,0.83,872.703,997.689,1335.7,2881.09,258.657,799.936,1332.82,75.7557,2401.04,67.0145,40.8583,-0.280817,0.232246,0.944192,-0.192467,0,0,0,0,0,0,0,68.8992,0,0.988822,0,0,231.689,658.143,0,0,823.401,2790.83,0
1691509857666775771,1434,1110,324,0.774059,17.6391,31.7702,53.0695,72.3773,182.402,4.73847,248.801,426.356,656.657,860.91,786.257,2671.91,8912.93,28682.5,1259.05,1127.95,1800.57,368.213,441.4,246.612,154175,3807.21,5816.62,4.78429,4.84994,0,0,0.0246941,0,22.5148,26.5253,61.4418,423.457,2218.74,3063.95,0.019941,0.00267975,7,6,11,0.647059,1,2.10889,1.46521,0.643682,0.0130703,0.285283,1110,0,0,0,0,0.001,0,0,0,0,0,0,0,0,0,0,0,0,0,0,0,0,0,0,0,0,0,0,0,0,0,0,0,0,0,0,0,0,0,0,0,0,17.6391,53.0695,16.7948,514.77,712.435,0,0.930145,-0.36573,0.0327273,0.999992,0.234101,0.0307042,0.652893,0.79,885.853,1027.35,1398.67,2876.75,252.086,808.261,1367.17,78.8212,2382.48,65.3188,36.5521,-0.166011,-0.0723388,0.36685,0.0784655,0,0,0,0,0,0,0,72.3773,0,0.981081,0,0,248.801,656.657,0,0,786.257,2671.91,0
1691509857771283134,1521,1097,423,0.721236,18.8546,34.0659,62.61,78.8773,157.526,0.0443514,257.235,424.236,662.089,906.517,786.616,2659.6,9420.58,15862.5,1051.76,1187.8,1752.8,403.694,421.306,257.008,167476,3471.33,5196.62,16.2777,7.50276,0,0,0.0207274,0,15.3263,25.8313,73.5038,406.65,1648.73,3026.57,5.61503e-05,4.85741e-05,3,3,8,0.727273,1,2.62881,1.90388,0.724929,0.0111335,0.472155,1097,0,0,0,0,0.001,0,0,0,0,0,0,0,0,0,0,0,0,0,0,0,0,0,0,0,0,0,0,0,0,0,0,0,0,0,0,0,0,0,0,0,0,18.8546,62.61,18.0843,549.395,739.521,0,0.929551,-0.367033,0.0349611,0.999996,0.152031,0.0464014,0.550388,0.71,861.604,985.358,1372.61,2881.73,240.453,772.908,1329.25,91.8958,2512.24,80.8544,33.4027,-0.607228,-0.673497,0.169313,0.417166,0,0,0,0,0,0,0,78.8773,0,0.975387,0,0,257.235,662.089,0,0,786.616,2659.6,0
1691509857784472492,969,967,1,0.997936,20.8297,55.8013,107.476,124.189,174.293,6.29841,65.4889,125.524,278.513,429.683,189.489,1152.18,6928.19,14433.7,399.056,666.066,533.565,135.451,125.191,134.146,51317,1257.95,1705.31,4.03055,4.65876,0,0,0.0245133,0,1.19828,2.75831,10.8483,53.8547,471.847,1164.8,0.00152804,0.000546701,6,6,12,0.666667,1,1.64282,0.260939,1.38188,0.0174682,0.570302,967,0,0,0,0,0.001,0,0,0,0,0,0,0,0,0,0,0,0,0,0,0,0,0,0,0,0,0,0,0,0,0,0,0,0,0,0,0,0,0,0.0920372,15.7149,121.298,21.1947,106.786,2.49641,98.5145,136.989,0,0.933739,-0.357024,0.0258117,0.999899,0.813191,0.262988,0.0695187,0.13,204.204,297.361,950.889,1534.99,164.324,564.351,1395.74,19.6227,1036.21,12.6465,17.4342,-0.24679,1.53619,0.0178575,-0.0684455,0,0,0,0,0,0.0918473,125.193,124.016,0.865169,0.882688,71.2074,187.403,65.1691,309.955,99.6085,248.245,211.39,1248.62,0.000991264
1691509857972953083,1303,1124,178,0.862625,16.322,30.5701,54.2724,68.9982,146.551,-1.20779,231.313,407.968,644.55,891.296,816.955,2791.4,9607.64,15907.7,1450.5,722.797,2080.57,392.463,453.134,188.328,148210,4096.65,5769.18,3.5189,4.91771,0,0,0.0276409,0,3.26617,18.3991,62.0748,227.931,1771.1,3686.41,0.00358942,0.00120824,4,3,11,0.785714,1,1.76656,1.20814,0.558417,0.0104028,0.575638,1124,0,0,0,0,0.001,0,0,0,0,0,0,0,0,0,0,0,0,0,0,0,0,0,0,0,0,0,0,0,0,0,0,0,0,0,0,0,0,0,0,0,0,16.322,54.2724,14.364,469.301,539.335,0,0.931861,-0.361544,0.030356,0.999978,0.382666,0.0856339,0.0869565,0.16,856.364,994.103,1412.58,2870.93,234.852,808.36,1406.36,64.8458,2147.18,67.9637,28.6481,-0.560487,-0.205842,0.236262,0.328913,0,0,0,0,0,0,0,68.9982,0,0.991103,0,0,231.313,644.55,0,0,816.955,2791.4,0
1691509858068440685,1508,1208,299,0.801061,16.7088,31.0208,49.5643,63.8598,170.996,-2.03943,279.674,463.973,690.193,883.942,935.98,2985.88,10117.9,26525.7,1482.78,972.976,2205,447.449,469.176,230.026,151045,5519.7,7874.04,3.39858,3.38393,0,0,0.0365434,0,17.4906,26.844,77.8849,450.576,2308.44,4992.8,0.129674,0.0112681,5,5,7,0.583333,1,2.10578,1.54768,0.558103,0.0111748,0.669912,1208,0,0,0,0,0.001,0,0,0,0,0,0,0,0,0,0,0,0,0,0,0,0,0,0,0,0,0,0,0,0,0,0,0,0,0,0,0,0,0,0.00331126,21.2924,56.7168,16.7088,49.5109,24.914,588.946,695.14,0,0.930639,-0.364634,0.0308717,0.999994,0.192679,0.121788,0.515152,0.68,918.402,1064.53,1477.54,2348.11,231.481,814.208,1386.7,72.8224,2438.03,82.8093,38.3801,-0.411848,-0.168731,0.378929,0.178624,0,0,0,0,0,0.00265252,61.0666,63.7109,1,0.995847,212.413,443.603,279.674,690.342,377.923,788.419,940.896,2987.24,0.000144751
1691509858163113271,1426,1086,340,0.761571,15.7474,29.812,48.8279,64.2946,147.326,-0.176821,272.412,477.779,682.293,932.019,918.6,2977.2,10891.9,22222.6,1438.78,957.414,2322.03,459.474,475.184,256.161,142296,4979.5,6948.23,9.68561,7.35408,0,0,0.0349939,0,14.6868,31.2287,72.448,385.607,1830.01,4614.25,0.000523963,0.000195823,4,3,9,0.75,1,1.75711,1.28437,0.472738,0.0134188,0.46938,1086,0,0,0,0,0.001,0,0,0,0,0,0,0,0,0,0,0,0,0,0,0,0,0,0,0,0,0,0,0,0,0,0,0,0,0,0,0,0,0,0.0138122,8.03019,20.3342,15.8696,49.1028,20.9107,592.239,713.85,0,0.92856,-0.370022,0.0293356,0.999982,0.342378,0.0160267,0.754386,0.86,923.801,1067.86,1385.18,2242.25,237.368,805.232,1329.5,82.904,2288.7,75.5183,38.6394,-0.679918,-0.228052,0.714333,0.473173,0,0,0,0,0,0.0105189,30.3103,64.6564,1,0.994398,63.5853,445.537,272.858,684.32,114.38,779.334,936.902,2988.37,0.000378977
1691509858257967544,1545,1180,362,0.763754,17.4752,30.3017,46.3095,62.8461,122.587,-0.201139,265.998,464.937,731.284,933.635,917.885,2841.72,10270.6,19236.7,1426.5,1032.1,1994.46,465.742,460.688,289.918,151494,4593.53,6798.04,5.98641,5.71909,0,0,0.0303216,0,19.5209,39.3074,80.558,432.577,2240.4,3985.67,0.0070437,0.00172099,5,5,8,0.615385,1,1.87989,1.3687,0.511186,0.0108315,0.411128,1180,0,0,0,0,0.001,0,0,0,0,0,0,0,0,0,0,0,0,0,0,0,0,0,0,0,0,0,0,0,0,0,0,0,0,0,0,0,0,0,0.00338983,5.32633,6.45592,17.5389,46.3874,20.838,578.227,719.935,0,0.929725,-0.366826,0.0324012,0.99999,0.262372,0.00760329,0.754386,0.86,896.672,1036,1333.62,2094.05,241.287,783.295,1270.61,74.4059,2207.69,86.4151,51.2965,-0.20793,-0.164486,0.393746,0.302335,0,0,0,0,0,0.002589,6.69381,62.8629,1,0.997449,76.9292,136.007,266.944,731.669,136.327,238.214,922.015,2848.2,1.64314e-05
1691509858352872609,1412,1148,264,0.813031,17.2941,29.5097,51.4797,69.533,135.061,-1.0573,282.021,463.438,731.065,952.064,911.718,3086.87,11654.4,26118.1,1480.65,1386.98,2140.71,452.883,463.028,335.612,168368,5732.3,8084.75,1.60225,3.06807,0,0,0.0340464,0,12.5052,45.6935,84.8579,490.332,2168.76,5282.6,0.00242887,0.000354114,5,4,9,0.692308,1,1.80202,1.23848,0.563541,0.00890817,0.387917,1148,0,0,0,0,0.001,0,0,0,0,0,0,0,0,0,0,0,0,0,0,0,0,0,0,0,0,0,0,0,0,0,0,0,0,0,0,0,0,0,0,0,0,17.2941,51.4797,23.016,552.051,745.933,0,0.93232,-0.36032,0.0308163,0.999974,0.411455,0.0571785,0.666667,0.8,943.327,1066.48,1413.8,2871.75,242.148,802.404,1382.03,83.2111,2036.24,103.981,47.6771,-0.596777,-0.0492589,0.716405,-0.0601527,0,0,0,0,0,0,0,69.533,0,0.989547,0,0,282.021,731.065,0,0,911.718,3086.87,0
1691509858448674104,1369,1111,256,0.811541,15.0804,28.7903,48.3638,63.1827,115.465,-1.17608,272.72,484.21,750.001,995.028,864.954,3045.25,10698,31709,1487.27,1380.98,1863.12,466.276,453.716,370.065,174711,4785.45,7349.26,50.0074,3.67347,0,0,0.0273907,0,19.1166,44.8954,86.8738,513.73,2965.22,3719.43,6.9422e-05,2.08737e-05,2,2,8,0.8,1,1.85882,1.40187,0.456952,0.00766704,0.23702,1111,0,0,0,0,0.001,0,0,0,0,0,0,0,0,0,0,0,0,0,0,0,0,0,0,0,0,0,0,0,0,0,0,0,0,0,0,0,0,0,0,0,0,15.0804,48.3638,22.6694,563.997,778.334,0,0.931332,-0.362541,0.0344143,0.999991,0.248779,0.0256731,0.785714,0.88,929.886,1065.65,1471.02,2879.83,235.62,802.856,1398.58,90.7003,2074.76,89.0933,54.1764,-0.118204,-0.601046,0.551084,-0.308119,0,0,0,0,0,0,0,63.1827,0,0.9982,0,0,272.72,750.001,0,0,864.954,3045.25,0
1691509858545872980,1459,1153,304,0.790267,16.5541,29.7748,48.3663,64.515,143.59,3.67319,245.705,450.445,710.805,895.644,672.128,2253.86,8719.3,16000.7,1246.87,949.584,1430.44,444.546,422.039,328.997,177194,2590.41,4206.31,4.20854,4.37874,0,0,0.0146191,0,19.6146,47.1875,91.379,448.631,1700.19,1899.3,0.00880906,0.0010513,7,7,12,0.631579,1,2.03243,1.50142,0.531006,0.00613357,0.348754,1153,0,0,0,0,0.001,0,0,0,0,0,0,0,0,0,0,0,0,0,0,0,0,0,0,0,0,0,0,0,0,0,0,0,0,0,0,0,0,0,0,0,0,16.5541,48.3663,20.9765,575.093,757.931,0,0.934362,-0.354712,0.0338601,0.999965,0.482013,0.0393801,0.639344,0.78,893.069,1049.1,1397.21,2877.14,226.39,794.804,1353.36,84.2841,2149.09,95.2375,50.0834,-0.934389,0.379899,1.40517,-0.282897,0,0,0,0,0,0,0,64.515,0,0.988725,0,0,245.705,710.805,0,0,672.128,2253.86,0
1691509858644080250,2170,1494,676,0.688479,15.8905,28.4812,45.3009,56.9526,131.697,5.9957,235.206,426.095,656.184,861.026,598.741,1788.48,4566.64,8182.15,916.201,748.758,1089.64,407.78,383.528,318.635,127945,1329.25,2324.3,2.74352,2.63747,0,0,0.0103892,0,16.9247,59.9571,98.8193,367.791,763.225,1017.58,0.0162758,0.00201421,7,7,8,0.533333,1,1.93516,1.31588,0.619279,0.0179412,0.418451,1494,0,0,0,0,0.001,0,0,0,0,0,0,0,0,0,0,0,0,0,0,0,0,0,0,0,0,0,0,0,0,0,0,0,0,0,0,0,0,0,0,0,0,15.8905,45.3009,16.7508,516.298,654.952,0,0.926331,-0.374904,0.0368503,0.999759,1.25681,0.0339907,0.408451,0.58,826.658,934.49,1223.91,1686.94,212.089,749.462,1213,68.4589,2058.24,110.826,61.6972,-0.105996,0.244457,0.125416,-0.240016,0,0,0,0,0,0,0,56.9526,0,0.988621,0,0,235.206,656.184,0,0,598.741,1788.48,0
1691509858744152536,2097,1375,720,0.655699,13.4712,24.9295,39.9041,51.0982,138.297,3.02848,237.479,427.584,689.87,928.988,622.697,1903.5,4557.31,7600.26,826.03,916.119,1091.57,389.406,400.625,359.562,82414,1262.91,2223.81,23.3593,1.65039,0,0,0.0153239,0,21.7706,66.9229,92.9913,372.985,677.723,991.417,0.000385945,6.39295e-05,2,2,8,0.8,1,1.97597,1.52845,0.447521,0.0154352,0.401896,1375,0,0,0,0,0.001,0,0,0,0,0,0,0,0,0,0,0,0,0,0,0,0,0,0,0,0,0,0,0,0,0,0,0,0,0,0,0,0,0,0.00872727,12.7927,35.9333,13.4712,39.9107,14.8972,439.024,536.079,0,0.925159,-0.377603,0.0386927,0.999994,0.198925,0.0286862,0.73913,0.85,825.056,946.791,1294.89,2891.31,251.07,793.654,1295.1,64.8074,2548.41,100.811,71.8211,0.358966,-2.87548,0.0231117,0.186696,0,0,0,0,0,0.00572246,40.7833,51.15,1,0.993397,209.302,430.079,237.479,691.547,289.903,609.119,626.178,1905.13,0.000894602
1691509858847143602,1916,1362,553,0.710856,13.1228,25.6451,40.9693,53.8347,142.495,-1.5114,245.786,441.24,726.711,922.982,691.537,2263.54,6329.25,14404.2,1214.99,841.959,1493.42,413.119,410.11,341.892,103438,2670.43,3993.94,8.08499,4.22291,0,0,0.0258168,0,11.0811,59.9122,97.4439,513.877,828.018,2483.61,0.000936112,0.000450244,4,4,8,0.666667,1,1.45104,1.00328,0.447754,0.017239,0.481303,1362,0,0,0,0,0.001,0,0,0,0,0,0,0,0,0,0,0,0,0,0,0,0,0,0,0,0,0,0,0,0,0,0,0,0,0,0,0,0,0,0,0,0,13.1228,40.9693,15.2449,465.275,583.48,0,0.926355,-0.374811,0.0371867,0.999994,0.19427,0.0242589,0.6,0.75,865.354,971.796,1276.43,1858.98,251.875,816.611,1266.75,70.2425,2529.11,112.661,63.2639,0.162119,-0.450443,-0.0617064,0.425266,0,0,0,0,0,0,0,53.8347,0,0.995595,0,0,245.786,726.711,0,0,691.537,2263.54,0
1691509858953671555,1724,1298,424,0.7529,15.7553,27.9426,44.5788,59.5821,192.041,-0.937783,262.991,501.156,858.459,1122.92,788.754,2761.46,6443.21,28128.9,1155.54,1220.28,1758.28,478.455,431.109,430.349,126911,3439.31,4967.91,23.3348,2.67666,0,0,0.0271002,0,13.4891,70.3014,111.256,496.218,1038.27,3238.38,0.00053486,0.000231176,3,3,8,0.727273,1,1.94636,1.32708,0.619274,0.00254883,0.483699,1298,0,0,0,0,0.001,0,0,0,0,0,0,0,0,0,0,0,0,0,0,0,0,0,0,0,0,0,0,0,0,0,0,0,0,0,0,0,0,0,0,0,0,15.7553,44.5788,17.7893,473.184,659.026,0,0.929998,-0.365889,0.0350514,0.999951,0.565536,0.0174418,0.626016,0.77,887.587,1038.48,1382.4,2008.59,248.876,818.487,1361.07,82.9992,2480.14,124.507,103.091,-0.292669,-0.988414,0.285614,0.0399094,0,0,0,0,0,0,0,59.5821,0,0.983821,0,0,262.991,858.459,0,0,788.754,2761.46,0
1691509859060722156,1837,1429,407,0.777899,14.8719,26.8743,42.3607,55.5679,152.241,-0.410496,242.03,447.337,762.65,1009.96,685.863,2327.47,6073.28,16932.8,927.831,1069.9,1601.85,450.285,417.671,374.857,132655,2825.17,4210.82,7.82756,3.02524,0,0,0.0212972,0,24.2361,66.8272,113.447,544.044,816.245,2646.02,0.000154229,2.48468e-05,3,3,8,0.727273,1,1.82603,1.29798,0.528057,0.00135067,0.390425,1429,0,0,0,0,0.001,0,0,0,0,0,0,0,0,0,0,0,0,0,0,0,0,0,0,0,0,0,0,0,0,0,0,0,0,0,0,0,0,0,0,0,0,14.8719,42.3607,15.6795,474.096,684.225,0,0.927003,-0.373397,0.035205,0.999967,0.463206,0.0127209,0.680672,0.81,862.142,1015.71,1356.04,2368.39,249.445,790.413,1336.17,69.5766,2417.37,127.875,94.9916,-0.463732,-0.320338,0.72047,0.0258799,0,0,0,0,0,0,0,55.5679,0,0.993002,0,0,242.03,762.65,0,0,685.863,2327.47,0
1691509859168226750,1937,1483,454,0.765617,13.5092,27.5869,43.305,57.4499,186.067,-0.109053,243.757,460.334,787.341,1038.73,676.574,2408.03,6280.66,14408.2,926.756,1071.07,1663.96,483.897,420.117,389.218,143348,2923.05,4793.1,4.63244,4.62035,0,0,0.0203912,0,34.6127,81.2831,125.92,704.954,1363.5,2482.83,0.11735,0.014962,5,5,7,0.583333,1,2.10425,1.53465,0.569591,0.00338928,0.658279,1483,0,0,0,0,0.001,0,0,0,0,0,0,0,0,0,0,0,0,0,0,0,0,0,0,0,0,0,0,0,0,0,0,0,0,0,0,0,0,0,0,0,0,13.5092,43.305,14.5583,502.402,668.04,0,0.925683,-0.37674,0.0343279,0.999993,0.211999,0.0418305,0.680672,0.81,839.325,984.238,1331.91,2139.59,245.813,765.104,1305.85,71.7852,2464.13,133.003,110.217,0.0651637,0.0939948,-0.080983,-0.109779,0,0,0,0,0,0,0,57.4499,0,0.993257,0,0,243.757,787.341,0,0,676.574,2408.03,0
1691509859274339673,2129,1607,521,0.754814,13.7555,26.9494,44.613,59.5732,149.156,0.123234,254.394,475.961,828.511,1081.92,696.352,2474.55,6293.18,35553.7,1111.37,855.263,1687.41,481.555,447.652,374.136,150992,3897.81,6353.2,1.71284,4.18812,0,0,0.0258147,0,34.3336,86.816,141.32,1106.35,1620.91,3363.47,0.0470868,0.00148987,3,3,7,0.7,1,2.29164,1.64424,0.647395,0.00449599,0.628279,1607,0,0,0,0,0.001,0,0,0,0,0,0,0,0,0,0,0,0,0,0,0,0,0,0,0,0,0,0,0,0,0,0,0,0,0,0,0,0,0,0,0,0,13.7555,44.613,18.1048,534.935,664.96,0,0.930017,-0.365921,0.0342076,0.999932,0.667821,0.0303276,0.680672,0.81,832.484,946.153,1317.41,2193.05,238.821,720.183,1292.21,77.1905,2648.62,160.532,127.534,-0.883144,0.688802,0.64672,-0.458998,0,0,0,0,0,0,0,59.5732,0,0.990044,0,0,254.394,828.511,0,0,696.352,2474.55,0
1691509859375755071,2063,1567,495,0.759573,13.3097,24.3135,39.8984,50.6359,148.44,1.00954,242.787,449.717,824.116,1131.75,646.977,2216.92,5850.08,25027.5,1061.3,723.694,1382.22,513.2,378.806,422.75,143323,2588.34,4556.4,3.6664,3.39778,0,0,0.0180595,0,44.1434,99.0511,133.221,888.665,1440.92,1950.39,0.0593418,0.00258836,4,3,8,0.727273,1,2.00252,1.49764,0.504888,0.0125704,0.421589,1567,0,0,0,0,0.001,0,0,0,0,0,0,0,0,0,0,0,0,0,0,0,0,0,0,0,0,0,0,0,0,0,0,0,0,0,0,0,0,0,0,0,0,13.3097,39.8984,20.9258,566.35,678.724,0,0.929385,-0.367717,0.0320626,0.999996,0.164316,0.0957705,0.6,0.75,795.564,902.992,1260.61,2178.83,223.013,694.853,1171.36,72.7395,2446.34,150.522,146.568,-0.563081,0.105735,0.553137,-0.184615,0,0,0,0,0,0,0,50.6359,0,0.991066,0,0,242.787,824.116,0,0,646.977,2216.92,0
1691509859473933282,1634,1357,277,0.830477,15.1981,28.3842,43.5557,57.9329,177.287,-2.07438,258.747,485.61,873.866,1201.58,749.768,2831.66,6420.35,44462.5,1321.45,679.105,1973.78,547.832,445.964,423.113,159653,4967.16,7146.37,10.6018,4.92539,0,0,0.0311123,0,44.5559,85.7272,141.523,899.855,1257.47,4717.24,0.0171678,0.0023341,4,3,9,0.75,1,2.76971,2.16541,0.604304,0.0103936,0.515409,1357,0,0,0,0,0.001,0,0,0,0,0,0,0,0,0,0,0,0,0,0,0,0,0,0,0,0,0,0,0,0,0,0,0,0,0,0,0,0,0,0,0,0,15.1981,43.5557,24.073,599.284,733.643,0,0.92933,-0.367752,0.0332439,0.999999,0.0677886,0.0698281,0.470588,0.64,880.296,1019.53,1379.78,2194.16,229.737,761.392,1340.14,83.4274,2202.05,154.302,122.336,0.58085,0.767668,-0.333505,-0.981077,0,0,0,0,0,0,0,57.9329,0,0.983051,0,0,258.747,873.866,0,0,749.768,2831.66,0
1691509859569532217,1639,1434,202,0.874924,15.7199,30.4566,52.0931,71.3658,159.995,-2.71756,246.758,489.411,931.827,1177.84,733.591,3002.31,8489.42,19386.7,1361.97,861.553,2066.6,534.616,496.14,467.995,164420,4657.44,7414.13,3.69537,5.96138,0,0,0.0283265,0,36.4636,84.8906,144.562,1060.67,2041.72,4045.82,0.014916,0.00392367,3,2,8,0.8,1,2.02025,1.25362,0.76663,0.0124343,0.464758,1434,0,0,0,0,0.001,0,0,0,0,0,0,0,0,0,0,0,0,0,0,0,0,0,0,0,0,0,0,0,0,0,0,0,0,0,0,0,0,0,0,0,0,15.7199,52.0931,23.0304,591.786,750.184,0,0.930076,-0.365808,0.0338249,0.999998,0.123879,0.0351717,0.709402,0.83,872.337,1029.68,1371.85,2195.12,237.031,755.471,1305.84,82.2429,2219.41,158.771,132.26,-0.209189,0.171398,0.0570828,-0.501534,0,0,0,0,0,0,0,71.3658,0,0.983264,0,0,246.758,931.827,0,0,733.591,3002.31,0
1691509859664101406,1640,1428,210,0.870732,15.0929,29.497,48.4453,65.5711,177.905,-0.671221,251.044,486.812,951.752,1273.58,742.943,3150.73,9362.92,19796.7,1335.72,963.535,2081.88,523.671,533.345,457.891,153767,4376.75,7122.39,17.8699,6.60622,0,0,0.0284635,0,41.5642,91.1755,152.763,1181.06,1896.93,3758.9,0.000505808,0.000134366,3,3,8,0.727273,1,1.96237,1.27588,0.68649,0.00622261,0.50788,1428,0,0,0,0,0.001,0,0,0,0,0,0,0,0,0,0,0,0,0,0,0,0,0,0,0,0,0,0,0,0,0,0,0,0,0,0,0,0,0,0,0,0,15.0929,48.4453,23.1378,584.772,743.09,0,0.928793,-0.368984,0.0345671,0.999994,0.200838,0.0244916,0.801802,0.89,893.516,1044.72,1403.17,2881.34,236.175,784.809,1365.28,70.7242,2187.72,172.148,145.206,-0.444474,1.92229,0.700171,-1.11121,0,0,0,0,0,0,0,65.5711,0,0.986695,0,0,251.044,951.752,0,0,742.943,3150.73,0
1691509859757985217,1613,1377,236,0.853689,14.7741,29.6171,50.9726,65.0402,217.259,1.57143,235.493,492.853,955.868,1246.09,702.379,2770.69,7889.5,28097.6,1278.08,910.946,1786.48,538.865,495.882,482.903,165840,3855.07,6430.14,6.44532,4.64876,0,0,0.0232457,0,37.0814,87.9178,144.082,1085.77,1915.74,3159.55,0.028082,0.00281383,3,3,7,0.7,1,2.08767,1.428,0.659666,0.00308199,0.464049,1377,0,0,0,0,0.001,0,0,0,0,0,0,0,0,0,0,0,0,0,0,0,0,0,0,0,0,0,0,0,0,0,0,0,0,0,0,0,0,0,0,0,0,14.7741,50.9726,19.9118,594.808,746.281,0,0.929541,-0.367323,0.032067,0.999995,0.177244,0.0401368,0.694915,0.82,882.602,1037.44,1379.4,2373.34,237.915,779.972,1317.51,79.7225,2296.69,170.111,126.396,-0.287904,1.16634,0.594179,-0.996073,0,0,0,0,0,0,0,65.0402,0,0.989833,0,0,235.493,955.868,0,0,702.379,2770.69,0
1691509859853065115,1729,1475,254,0.853094,15.2914,30.0303,44.3168,59.3479,171.269,0.741905,257.665,525.686,981.563,1262.27,692.168,2795.97,6636.33,14658.7,1314.91,979.512,1734.64,560.191,486.666,512.081,159429,2990.93,5006.78,8.17832,3.81863,0,0,0.0187603,0,45.7239,106.158,159.233,923.259,1201,2571.4,0.00011938,2.30389e-05,3,3,8,0.727273,1,2.21666,1.57124,0.64542,0.0157656,0.194658,1475,0,0,0,0,0.001,0,0,0,0,0,0,0,0,0,0,0,0,0,0,0,0,0,0,0,0,0,0,0,0,0,0,0,0,0,0,0,0,0,0,0,0,15.2914,44.3168,20.025,565.759,762.216,0,0.929152,-0.36775,0.0378954,0.999983,0.335577,0.0320723,0.639344,0.78,885.608,1015.61,1380.76,2365.49,225.967,767.016,1333.77,84.9942,2248.7,189.487,150.586,-0.396045,-1.59921,0.157627,1.05452,0,0,0,0,0,0,0,59.3479,0,0.989153,0,0,257.665,981.563,0,0,692.168,2795.97,0
1691509859949583992,2042,1643,399,0.804603,14.3683,26.3824,38.9538,49.7356,147.391,1.9558,242.688,515.41,953.194,1311.14,655.282,2507.82,5632.07,13541.7,1201.3,886.778,1548.14,563.191,435.69,541.853,151323,2481.28,4547.1,3.17123,2.69002,0,0,0.0163972,0,63.0042,126.205,185.5,1087.52,1258.25,1826.62,0.00269526,0.000371046,5,5,8,0.615385,1,1.92992,1.39267,0.537251,0.0153639,0.354104,1643,0,0,0,0,0.001,0,0,0,0,0,0,0,0,0,0,0,0,0,0,0,0,0,0,0,0,0,0,0,0,0,0,0,0,0,0,0,0,0,0.000608643,30.2297,30.2297,14.3617,38.9586,18.1247,557.13,712.746,0,0.92755,-0.372244,0.0329321,0.999976,0.394459,0.0617368,0.526718,0.69,846.976,990.998,1333.9,2388.3,210.78,748.917,1258.31,77.9356,2447.39,219.575,170.616,0.102776,1.12455,-0.163291,-0.798759,0,0,0,0,0,0.000489716,30.2297,49.7389,1,0.994519,861.99,861.99,242.476,953.219,1550.44,1550.44,654.22,2507.85,0.000528661
1691509860047060730,2323,1802,519,0.775721,14.0968,26.7515,42.5296,55.7505,148.852,0.663098,243.553,491.203,888.592,1190.32,619.819,2339.29,5287.82,18518.7,1103.09,860.599,1443.31,525.685,404.837,480.29,128192,2321.45,4271.78,5.22585,3.60423,0,0,0.0181092,0,58.5573,116.165,175.294,1081.14,1157.59,1683.04,0.000212522,8.62217e-05,3,2,9,0.818182,1,1.76434,1.09377,0.670565,0.0102255,0.101561,1802,0,0,0,0,0.001,0,0,0,0,0,0,0,0,0,0,0,0,0,0,0,0,0,0,0,0,0,0,0,0,0,0,0,0,0,0,0,0,0,0,0,0,14.0968,42.5296,19.7467,524.569,672.684,0,0.926245,-0.375509,0.0326094,0.999994,0.202282,0.0195387,0.652893,0.79,811.208,943.338,1274.54,2434.82,206.617,711.935,1213.92,81.7852,2450.93,210.692,151.963,-0.285531,0.54965,0.135139,-0.434716,0,0,0,0,0,0,0,55.7505,0,0.992786,0,0,243.553,888.592,0,0,619.819,2339.29,0
1691509860147279578,2478,1964,513,0.792575,14.5549,25.9826,39.3568,50.3011,171.764,0.820897,243.123,485.767,902.956,1177.2,626.441,2302.96,4981.81,12089.8,1122.7,845.979,1390.76,487.038,415.685,485.475,122177,2265.34,4166.98,2.51695,2.611,0,0,0.0185415,0,67.1843,153.887,185.416,881.815,1167.15,1711.53,0.00305822,0.00046779,4,4,8,0.666667,1,1.59193,0.937318,0.654607,0.00594504,0.17581,1964,0,0,0,0,0.001,0,0,0,0,0,0,0,0,0,0,0,0,0,0,0,0,0,0,0,0,0,0,0,0,0,0,0,0,0,0,0,0,0,0,0,0,14.5549,39.3568,18.3433,527.271,660.386,0,0.923833,-0.381224,0.03465,0.999979,0.374167,0.00848838,0.73913,0.85,801.147,934.257,1377.57,2476.06,204.595,708.738,1256.33,88.3352,2586.42,202.309,191.214,0.433629,0.0175441,-0.525534,-0.0174303,0,0,0,0,0,0,0,50.3011,0,0.994399,0,0,243.123,902.956,0,0,626.441,2302.96,0
1691509860249053560,2523,1953,568,0.774078,13.9074,25.4925,39.3254,47.7333,138.354,0.816443,244.22,487.998,926.893,1279.41,627.921,2370.66,5233.12,8826.73,1135.86,798.687,1493.43,528.38,427.696,458.096,116721,2347.32,4289.5,5.22962,4.23016,0,0,0.0201105,0,64.8521,147.2,179.35,892.171,1240.16,1765.76,0.0156786,0.00141474,3,3,10,0.769231,1,1.67333,1.10346,0.569865,0.00566691,0.157858,1953,0,0,0,0,0.001,0,0,0,0,0,0,0,0,0,0,0,0,0,0,0,0,0,0,0,0,0,0,0,0,0,0,0,0,0,0,0,0,0,0,0,0,13.9074,39.3254,18.5907,515.174,646.235,0,0.923579,-0.382014,0.032662,0.999998,0.123433,0.0279319,0.785714,0.88,769.398,934.596,1301.88,2519.74,206.301,692.603,1258.05,69.276,2656.15,222.475,178.45,0.722544,1.48922,-0.642152,-1.1828,0,0,0,0,0,0,0,47.7333,0,0.997952,0,0,244.22,926.893,0,0,627.921,2370.66,0
1691509860353199258,2470,1913,556,0.774494,14.9354,26.1818,40.6182,50.0689,151.523,0.279161,247.666,506.633,1009.25,1394.24,625.185,2470.23,5275.54,11629.8,1244.82,882.592,1483.12,543.346,418.067,577.688,127260,2658.58,4743.31,1.47956,1.76484,0,0,0.0208909,0,68.6754,186.797,199.824,762.105,1453.35,2072.56,0.00122606,0.000157333,4,4,8,0.666667,1,1.70029,1.0579,0.642396,0.00943395,0.242763,1913,0,0,0,0,0.001,0,0,0,0,0,0,0,0,0,0,0,0,0,0,0,0,0,0,0,0,0,0,0,0,0,0,0,0,0,0,0,0,0,0,0,0,14.9354,40.6182,20.3726,530.674,672.954,0,0.925359,-0.37753,0.0343705,0.999987,0.293246,0.0176628,0.801802,0.89,775.352,942.036,1351.01,2561.99,212.743,686.932,1268.63,72.1473,2641.22,250.495,226.204,-0.106628,-0.642529,0.0804626,0.436667,0,0,0,0,0,0,0,50.0689,0,0.99425,0,0,247.666,1009.25,0,0,625.185,2470.23,0
1691509860457171616,2337,1794,541,0.767651,15.6663,27.9606,44.4053,56.6884,151.066,0.0747573,246.205,534.518,1020.83,1314.35,665.761,2594.83,5151.49,16498.3,1316.93,951.095,1522.3,553.656,399.588,604.877,128442,2543.16,4691.01,1.90414,1.92621,0,0,0.0198001,0,76.0212,156.244,193.898,969.09,1525.96,1769.79,0.0268897,0.00126098,6,6,10,0.625,1,2.66869,1.97204,0.696657,0.014758,0.261673,1794,0,0,0,0,0.001,0,0,0,0,0,0,0,0,0,0,0,0,0,0,0,0,0,0,0,0,0,0,0,0,0,0,0,0,0,0,0,0,0,0,0,0,15.6663,44.4053,18.8022,526.918,690.28,0,0.926897,-0.374167,0.0293252,0.99998,0.358408,0.00887982,0.754386,0.86,763.596,951.676,1360.03,2578.85,204.571,674.901,1320.7,83.2257,2626.43,239.532,217.071,-0.148241,1.09226,0.294887,-1.12556,0,0,0,0,0,0,0,56.6884,0,0.993868,0,0,246.205,1020.83,0,0,665.761,2594.83,0
1691509860560559042,2084,1656,423,0.794626,15.8864,28.5604,42.8529,55.8228,137.567,1.24677,260.189,561.918,1010.41,1303.14,678.764,2563,5566.87,19276.9,1280.04,960.511,1577.68,595.629,421.811,565.902,142338,2935.15,5249.38,5.48374,5.61264,0,0,0.0206211,0,65.0564,149.87,189.239,1099.84,1467.07,2278.31,0.00135178,0.000263756,6,6,13,0.684211,1,1.65445,1.03148,0.622974,0.0132892,0.188941,1656,0,0,0,0,0.001,0,0,0,0,0,0,0,0,0,0,0,0,0,0,0,0,0,0,0,0,0,0,0,0,0,0,0,0,0,0,0,0,0,0,0,0,15.8864,42.8529,16.0161,518.323,707.661,0,0.926122,-0.375834,0.0323709,0.999994,0.203832,0.0178678,0.694915,0.82,773.98,959.592,1384.13,2603.66,217.407,684.407,1350.62,75.5796,2572.77,218.744,194.384,-0.155647,-0.57123,-1.15573,0.85854,0,0,0,0,0,0,0,55.8228,0,0.993961,0,0,260.189,1010.41,0,0,678.764,2563,0
1691509860663405793,2003,1632,368,0.814778,16.2881,28.491,45.1858,59.0347,172.677,1.83886,284.505,601.444,1090.98,1430.87,763.491,2969.44,5639.01,20284,1580.11,1168.13,1609.44,564.318,445.317,718.243,142780,3114.18,5630.97,3.46443,3.26577,0,0,0.021811,0,75.3542,150.621,188.755,1199.23,1755.71,2261.29,0.00206046,0.000497356,4,4,8,0.666667,1,2.53532,1.79867,0.736647,0.00664075,0.20601,1632,0,0,0,0,0.001,0,0,0,0,0,0,0,0,0,0,0,0,0,0,0,0,0,0,0,0,0,0,0,0,0,0,0,0,0,0,0,0,0,0,0,0,16.2881,45.1858,14.6052,537.56,724.835,0,0.927544,-0.372455,0.0306513,0.999992,0.231982,0.0447656,0.724138,0.84,791.864,973.093,1427.79,2624.62,214.518,687.91,1391.69,73.7188,2551.93,217.343,236.867,-0.468361,0.0620123,0.552179,-0.0494235,0,0,0,0,0,0,0,59.0347,0,0.985294,0,0,284.505,1090.98,0,0,763.491,2969.44,0
1691509860764554828,2112,1710,399,0.809659,16.0708,27.7504,44.6344,56.7343,155.241,4.85046,268.768,608.798,1097.39,1413.94,719.138,2806.34,6106.92,16433.9,1397.39,1151.77,1620.67,605.272,404.621,651.885,137368,3138.38,5655.49,2.73417,2.1885,0,0,0.0228466,0,73.1652,144.918,231.119,1106.39,1784.44,2315.46,0.0238981,0.00133293,3,2,8,0.8,1,2.19928,1.5023,0.696972,0.0120285,0.112141,1710,0,0,0,0,0.001,0,0,0,0,0,0,0,0,0,0,0,0,0,0,0,0,0,0,0,0,0,0,0,0,0,0,0,0,0,0,0,0,0,0,0,0,16.0708,44.6344,14.3046,525.46,702.235,0,0.924756,-0.379178,0.0324054,0.999972,0.428909,0.0252944,0.769912,0.87,777.221,940.882,1449.25,2629.87,203.699,690.234,1412.35,75.9374,2433.48,257.494,243.059,-0.358214,-0.835975,0.253979,0.650703,0,0,0,0,0,0,0,56.7343,0,0.989474,0,0,268.768,1097.39,0,0,719.138,2806.34,0
1691509860864699105,2117,1697,414,0.801606,16.0333,28.487,45.0814,58.0588,148.234,3.22272,264.362,573.215,1116.96,1401.48,723.194,2927.79,6304.94,27398.6,1407.45,1181.71,1633.76,612.247,443.243,615.475,132707,3935.5,6871.64,3.75924,3.77151,0,0,0.0296555,0,68.1466,131.821,234.792,1243.55,2161.21,3032.12,0.0778276,0.00714724,5,4,12,0.75,1,2.2028,1.45998,0.742824,0.00657889,0.133099,1697,0,0,0,0,0.001,0,0,0,0,0,0,0,0,0,0,0,0,0,0,0,0,0,0,0,0,0,0,0,0,0,0,0,0,0,0,0,0,0,0,0,0,16.0333,45.0814,15.6715,530.197,693.132,0,0.925507,-0.37739,0.0318348,0.999998,0.115827,0.00728607,0.754386,0.86,774.535,936.977,1445.73,2618.93,204.859,666.535,1366.19,84.797,2500.64,257.429,221.82,0.175051,-0.552109,-0.209169,0.54332,0,0,0,0,0,0,0,58.0588,0,0.985268,0,0,264.362,1116.96,0,0,723.194,2927.79,0
1691509860963838025,2173,1724,447,0.793373,15.6413,28.9029,46.5046,60.6216,143.51,4.00724,260.733,519.301,1045.25,1376.65,701.396,2862.02,6165.48,16625.6,1396.98,1197.49,1517.37,588.686,378.594,567.365,128449,3119.45,5579.2,2.01563,2.02129,0,0,0.0242854,0,71.2196,133.643,205.007,1016.83,2004.14,2148.37,4.68451,0.00576011,5,4,1,0.2,1,1.9307,1.16539,0.76531,0.0128188,0.119417,1724,0,0,0,0,0.001,0,0,0,0,0,0,0,0,0,0,0,0,0,0,0,0,0,0,0,0,0,0,0,0,0,0,0,0,0,0,0,0,0,0,0,0,15.6413,46.5046,15.5132,520.054,683.433,0,0.923899,-0.381204,0.0330604,0.999991,0.247357,0.013743,0.754386,0.86,767.28,922.389,1409.56,2615.26,209.292,671.059,1302.94,77.9398,2535.37,230.892,223.707,0.354241,0.236552,-0.35406,-0.236346,0,0,0,0,0,0,0,60.6216,0,0.986659,0,0,260.733,1045.25,0,0,701.396,2862.02,0
1691509861063432957,2119,1717,399,0.810288,15.6007,28.4518,44.3718,57.7851,147.9,3.70055,259.12,535.893,1067.57,1424.79,723.304,2964.23,6701.48,17702.9,1378.25,1432.57,1587.8,581.315,411.665,601.467,142289,3561.26,6164.36,2.94589,2.94759,0,0,0.0250284,0,76.8038,116.747,213.111,1103.9,1792.98,2860.82,4.82347,0.00109455,7,7,0,0,1,1.82929,1.1049,0.724392,0.00588208,0.180191,1717,0,0,0,0,0.001,0,0,0,0,0,0,0,0,0,0,0,0,0,0,0,0,0,0,0,0,0,0,0,0,0,0,0,0,0,0,0,0,0,0,0,0,15.6007,44.3718,17.9458,556.179,705.876,0,0.925175,-0.378129,0.0327156,0.999994,0.191759,0.00477246,0.694915,0.82,771.561,931.644,1442.39,2611.28,209.067,676.76,1317.36,90.8102,2504.89,241.515,234.826,-0.391543,0.27899,0.39208,-0.278984,0,0,0,0,0,0,0,57.7851,0,0.987769,0,0,259.12,1067.57,0,0,723.304,2964.23,0
1691509861162959649,2150,1728,421,0.803721,14.588,27.7868,43.3015,58.16,213.366,3.74864,255.408,555.912,1142.12,1425.43,692.805,3087.42,7129.54,20436.6,1314.21,1549.18,1552.04,649.499,398.343,594.158,138509,4182.93,7199.87,4.19576,4.19797,0,0,0.0301998,0,79.3938,117.495,220.578,1220.97,2294.6,3266.83,0.383055,0.0029324,4,4,7,0.636364,1,2.40179,1.59034,0.811448,0.00567445,0.0611626,1728,0,0,0,0,0.001,0,0,0,0,0,0,0,0,0,0,0,0,0,0,0,0,0,0,0,0,0,0,0,0,0,0,0,0,0,0,0,0,0,0,0,0,14.588,43.3015,16.7359,560.485,703.779,0,0.924278,-0.380273,0.0332115,0.999997,0.136117,0.0196828,0.724138,0.84,803.464,951.454,1526.19,3230.1,209.097,684.892,1433.89,89.9887,2464.61,256.659,233.84,-0.102074,1.38627,0.0953608,-1.39452,0,0,0,0,0,0,0,58.16,0,0.979167,0,0,255.408,1142.12,0,0,692.805,3087.42,0
1691509861261516653,2101,1684,413,0.801523,14.4643,25.9729,42.6682,56.3269,186.764,2.70608,253.942,531.718,1047.03,1400.03,739.906,3007.08,6825.48,37717,1298.65,1424.39,1537.73,539.372,427.463,576.814,134596,4561.85,7703.36,2.42004,2.43808,0,0,0.0338929,0,77.468,105.16,196.859,1111.28,2773.44,3439.16,0.0574162,0.00481101,6,5,11,0.6875,1,1.99477,1.28476,0.710002,0.00709217,0.251056,1684,0,0,0,0,0.001,0,0,0,0,0,0,0,0,0,0,0,0,0,0,0,0,0,0,0,0,0,0,0,0,0,0,0,0,0,0,0,0,0,0.0023753,27.6881,49.5028,14.4574,42.5493,14.1876,555.651,714.162,0,0.92464,-0.379562,0.0311956,0.999998,0.12421,0.021326,0.785714,0.88,777.27,958.567,1538.8,2603.27,209.768,680.995,1453.85,84.5697,2347.56,215.373,209.237,0.595501,-0.590847,-0.55413,0.707924,0,0,0,0,0,0.00190386,53.3304,56.2488,1,0.983333,916.273,1065.18,252.804,1046.55,1636.17,1911.23,736.993,3007.51,0.00142827
1691509861360083654,2064,1718,342,0.832364,14.8774,26.8982,43.0843,63.1539,168.448,1.73216,257.699,523.91,1033.4,1390.52,711.603,2978.72,6948.93,15068.4,1290.43,1576.45,1551.21,559.636,401.902,570.283,129815,3611.46,6126.96,3.47645,3.4629,0,0,0.02782,0,65.2284,91.9369,209.95,961.939,1874.27,2923.64,0.694573,0.00824449,6,6,7,0.538462,1,2.41284,1.6216,0.791247,0.00572047,0.311895,1718,0,0,0,0,0.001,0,0,0,0,0,0,0,0,0,0,0,0,0,0,0,0,0,0,0,0,0,0,0,0,0,0,0,0,0,0,0,0,0,0,0,0,14.8774,43.0843,14.4924,532.25,697.258,0,0.92495,-0.378516,0.0345424,0.999994,0.201695,0.00543829,0.769912,0.87,796.61,955.21,1613.04,2605.56,210.849,692.509,1418.77,94.7338,2352.63,256.451,211.933,-0.974566,0.3196,0.935531,-0.296064,0,0,0,0,0,0,0,63.1539,0,0.98021,0,0,257.699,1033.4,0,0,711.603,2978.72,0
1691509861458459488,2146,1715,429,0.799161,15.0802,27.2448,45.1062,64.1075,143.5,2.14409,263.96,537.234,1064.41,1390.95,754.053,3050.28,8162.52,25130.1,1291.7,1636.04,1605.16,569.716,413.096,533.438,138105,5210.23,8330.45,3.69091,3.73976,0,0,0.0377267,0,79.0519,103.589,206.869,1188.08,2177.54,4575.32,0.00928996,0.00151574,7,6,9,0.6,1,2.16444,1.35875,0.805686,0.0111143,0.0703227,1715,0,0,0,0,0.001,0,0,0,0,0,0,0,0,0,0,0,0,0,0,0,0,0,0,0,0,0,0,0,0,0,0,0,0,0,0,0,0,0,0,0,0,15.0802,45.1062,15.5795,534.152,723.268,0,0.925452,-0.377482,0.0323417,0.999997,0.142235,0.0151379,0.754386,0.86,783.585,949.378,1652.48,2596.2,206.734,677.236,1547.14,73.9465,2269.24,236.537,210.161,0.364484,-0.759824,-0.379302,0.789489,0,0,0,0,0,0,0,64.1075,0,0.981341,0,0,263.96,1064.41,0,0,754.053,3050.28,0
1691509861557798090,2019,1605,411,0.794948,16.3757,29.0294,45.273,61.9005,149.766,3.91709,260.953,532.028,1044.59,1323.98,706.932,3165.38,8211.96,25266.9,1261.41,1682,1568.52,587.229,405.559,527.265,130531,4441.48,7064.54,5.63873,5.68345,0,0,0.0340262,0,65.6766,78.7714,174.676,920.472,1944.64,3880.31,0.00018052,0.000132773,3,3,8,0.727273,1,2.06603,1.3256,0.740433,0.00587369,0.12857,1605,0,0,0,0,0.001,0,0,0,0,0,0,0,0,0,0,0,0,0,0,0,0,0,0,0,0,0,0,0,0,0,0,0,0,0,0,0,0,0,0,0,0,16.3757,45.273,14.2897,544.385,712.325,0,0.924662,-0.379482,0.0315311,0.999997,0.131648,0.0138098,0.694915,0.82,787.019,972.949,1596.66,2587.49,215.053,690.156,1458.87,72.7336,2303.79,207.311,187.517,0.238959,0.150934,-0.22536,-0.345546,0,0,0,0,0,0,0,61.9005,0,0.984424,0,0,260.953,1044.59,0,0,706.932,3165.38,0
1691509861657398135,2088,1652,434,0.791188,14.9304,26.2047,42.9737,54.0725,168.031,2.1298,253.607,503.627,1027.14,1332.01,711.296,3132.06,7881.77,15008.1,1224.57,1913.19,1486.26,527.133,409.341,567.005,134902,4275.32,6820.37,3.90236,3.97973,0,0,0.0316919,0,56.9915,71.8564,195.584,892.027,1870.82,3733.09,0.0460101,0.00581778,6,5,12,0.705882,1,2.10426,1.43931,0.66495,0.0050197,0.150951,1652,0,0,0,0,0.001,0,0,0,0,0,0,0,0,0,0,0,0,0,0,0,0,0,0,0,0,0,0,0,0,0,0,0,0,0,0,0,0,0,0,0,0,14.9304,42.9737,12.7102,532.636,714.653,0,0.924637,-0.379526,0.0317118,1,0.0107594,0.0047418,0.709402,0.83,786.007,962.509,1536.34,2583.27,213.063,680.622,1378.96,69.4982,2304.86,228.235,195.785,-0.0172442,-0.80706,-0.0603288,0.827924,0,0,0,0,0,0,0,54.0725,0,0.986077,0,0,253.607,1027.14,0,0,711.296,3132.06,0
1691509861757896363,2031,1668,361,0.82127,15.6486,26.7289,43.8731,59.2301,148.952,1.11281,248.625,498.076,1007.45,1352.81,684.16,3304.01,8307.21,24400.7,1337.3,1867.67,1529.06,516.095,420.709,505.962,137594,5215.41,7991.39,31.1864,3.9513,0,0,0.0379042,0,52.8273,69.1833,185.722,884.813,2122.04,4676.8,0.000131882,2.74808e-05,2,2,8,0.8,1,1.96381,1.25361,0.710199,0.00779405,0.103849,1668,0,0,0,0,0.001,0,0,0,0,0,0,0,0,0,0,0,0,0,0,0,0,0,0,0,0,0,0,0,0,0,0,0,0,0,0,0,0,0,0,0,0,15.6486,43.8731,13.8997,530.76,721.34,0,0.924241,-0.380212,0.0349016,0.999995,0.188302,0.02052,0.680672,0.81,786.947,968.113,1570.6,2586.98,215.306,697.601,1436.18,84.1027,2250.53,213.165,188.707,0.694659,-0.373041,-0.845583,-0.447358,0,0,0,0,0,0,0,59.2301,0,0.985012,0,0,248.625,1007.45,0,0,684.16,3304.01,0
1691509861858752396,1985,1650,335,0.831234,15.9706,28.1554,43.8669,57.3934,144.983,2.05048,249.068,512.585,1018.46,1374.97,723.419,3336.27,8176.38,19750.5,1242.84,1991.28,1554.82,538.395,433.688,487.017,130575,5051.91,7890.01,2.92024,2.92297,0,0,0.0386898,0,49.1526,69.8573,183.27,908.529,2255.7,4423.49,0.0324127,0.00644555,5,4,10,0.714286,1,2.2379,1.53601,0.701888,0.00234748,0.140138,1650,0,0,0,0,0.001,0,0,0,0,0,0,0,0,0,0,0,0,0,0,0,0,0,0,0,0,0,0,0,0,0,0,0,0,0,0,0,0,0,0,0,0,15.9706,43.8669,11.9245,518.084,729.991,0,0.924624,-0.379233,0.0353831,0.999999,0.0662243,0.0188741,0.73913,0.85,800.389,962.627,1526.67,2582.88,220.088,705.082,1457.2,74.0762,2311.46,212.834,187.59,0.180144,-0.0801592,-0.207718,0.0559921,0,0,0,0,0,0,0,57.3934,0,0.987273,0,0,249.068,1018.46,0,0,723.419,3336.27,0
1691509861959053600,1971,1571,399,0.797057,16.9819,29.5467,48.0603,64.5491,151.36,1.8456,257.059,517.921,1015.63,1341.71,733.803,3508.41,8437.57,11300.8,1266.81,2224.05,1612.1,535.751,428.177,511.928,137377,5003.8,7712.22,4.08167,4.09415,0,0,0.0364239,0,44.8833,57.7157,170.527,809.34,2225.91,4403.85,0.0288403,0.00197998,8,7,13,0.65,1,1.95781,1.20039,0.757419,0.00338647,0.175554,1571,0,0,0,0,0.001,0,0,0,0,0,0,0,0,0,0,0,0,0,0,0,0,0,0,0,0,0,0,0,0,0,0,0,0,0,0,0,0,0,0,0,0,16.9819,48.0603,12.2411,533.005,723.754,0,0.92322,-0.382852,0.0329953,0.99999,0.261088,0.0288861,0.724138,0.84,799.588,944.575,1495.08,2574.03,219.648,701.39,1363.7,69.7866,2416.02,196.631,167.322,0.277745,0.115124,-0.41098,-0.0994259,0,0,0,0,0,0,0,64.5491,0,0.98536,0,0,257.059,1015.63,0,0,733.803,3508.41,0
1691509862059296633,1993,1615,374,0.810336,16.3911,30.2715,44.7877,59.8086,173.147,4.64445,253.587,491.111,936.326,1312.83,749.241,3186.93,7693.48,13835.9,1208.63,1901.46,1435.75,495.696,436.372,473.868,131057,4613.58,7048.32,33.7573,3.05489,0,0,0.0352028,0,48.476,62.54,145.275,818.221,1815.35,4158.45,0.000386898,6.25825e-05,2,2,8,0.8,1,2.17305,1.41895,0.754105,0.00264662,0.168232,1615,0,0,0,0,0.001,0,0,0,0,0,0,0,0,0,0,0,0,0,0,0,0,0,0,0,0,0,0,0,0,0,0,0,0,0,0,0,0,0,0,0,0,16.3911,44.7877,14.7274,519.076,722.197,0,0.924546,-0.379814,0.0309097,0.999992,0.224399,0.0266876,0.680672,0.81,802.072,964.793,1436.51,2567.16,210.67,692.918,1316.25,81.4143,2381.07,184.034,169.971,0.844534,0.718337,-0.590687,-0.0703412,0,0,0,0,0,0,0,59.8086,0,0.985759,0,0,253.587,936.326,0,0,749.241,3186.93,0
1691509862159963860,1821,1454,364,0.798462,16.8279,30.6092,48.0636,63.0908,151.571,4.0811,274.119,520.754,971.525,1334.8,826.719,3360.56,9627.73,25345.5,1242.3,2173.57,1481.61,513.341,423.909,489.296,135880,6606.14,9468.89,15.0664,4.6306,0,0,0.0486174,0,55.0222,68.768,151.127,849.317,2163.29,6181.37,7.39959e-05,3.31141e-05,2,2,8,0.8,1,2.30886,1.59493,0.713929,0.00698391,0.0470069,1454,0,0,0,0,0.001,0,0,0,0,0,0,0,0,0,0,0,0,0,0,0,0,0,0,0,0,0,0,0,0,0,0,0,0,0,0,0,0,0,0,0,0,16.8279,48.0636,14.2753,524.364,723.361,0,0.924053,-0.380792,0.0335172,0.999996,0.162048,0.0204505,0.680672,0.81,806.063,980.127,1507.56,2571.19,217.146,690.913,1349.09,78.5206,2299.92,173.777,171.286,0.227188,-1.26847,-0.52428,-0.0828726,0,0,0,0,0,0,0,63.0908,0,0.984182,0,0,274.119,971.525,0,0,826.719,3360.56,0
1691509862260333415,2016,1527,484,0.75744,17.0861,31.0528,50.4545,67.4452,149.488,3.3055,271.562,536.053,1021.7,1335.16,757.478,3478.85,9029.79,30058.8,1322.21,2129.33,1543.16,517.652,458.85,498.071,130944,5544.53,8532.57,41.0431,7.26396,0,0,0.0423428,0,58.829,96.8515,172.099,961.123,2291.37,4952.3,0.000257576,4.9922e-05,2,2,8,0.8,1,2.58725,1.77671,0.810537,0.00195691,0.197727,1527,0,0,0,0,0.001,0,0,0,0,0,0,0,0,0,0,0,0,0,0,0,0,0,0,0,0,0,0,0,0,0,0,0,0,0,0,0,0,0,0.0255403,15.9859,42.6801,17.1824,50.6492,12.8677,510.499,712.633,0,0.923962,-0.380949,0.0342407,1,0.0427386,0.00491244,0.652893,0.79,782.132,956.394,1514.32,2571.42,212.077,681.13,1368.9,68.8831,2351.18,198.49,230.267,-0.418766,0.040598,-0.00122433,0.385249,0,0,0,0,0,0.0193452,47.8802,68.4368,1,0.981183,144.864,415.419,276.657,1023.99,226.959,589.217,781.114,3523.19,0.00062537
1691509862360625933,1940,1448,490,0.746392,17.402,30.6657,48.8568,65.5359,149.606,2.31545,273.188,541.189,965.966,1321,773.442,3612.33,8603.3,14152.2,1327.13,2006.97,1563.22,523.341,447.257,517.198,133356,4825.49,7514.57,1.61114,1.55757,0,0,0.036185,0,49.7954,86.27,162.455,871.627,2085.13,4259.29,0.00873156,0.00144503,5,5,9,0.642857,1,1.80514,1.05667,0.748468,0.011689,0.117545,1448,0,0,0,0,0.001,0,0,0,0,0,0,0,0,0,0,0,0,0,0,0,0,0,0,0,0,0,0,0,0,0,0,0,0,0,0,0,0,0,0.0324586,8.91022,24.3754,17.8267,48.9803,14.6106,525.767,711.623,0,0.924088,-0.380558,0.0351786,0.999999,0.0586555,0.0303382,0.785714,0.88,801.264,970.072,1436.66,2572.44,213.147,686.815,1295.62,68.0497,2335.82,177.023,178.822,-0.245531,-0.175528,0.230377,0.1559,0,0,0,0,0,0.0242268,33.6048,66.0325,0.978723,0.983583,305.663,631.163,272.14,989.808,458.816,922.689,793.974,3747.71,0.00210354
1691509862462436553,1839,1362,476,0.74062,16.2191,29.6604,45.358,61.5104,147.779,1.00207,284.039,533.555,998.934,1313.23,833.652,3401.54,8822.16,129703,1379.59,2033.09,1573.86,516.254,450.065,560.061,136326,20678.9,24207,4.28114,4.39153,0,0,0.151687,0,49.6772,110.79,163.675,957.254,2411.02,20514.5,0.00990704,0.0016001,6,6,10,0.625,1,2.8595,2.22239,0.637109,0.0161159,0.134287,1362,0,0,0,0,0.001,0,0,0,0,0,0,0,0,0,0,0,0,0,0,0,0,0,0,0,0,0,0,0,0,0,0,0,0,0,0,0,0,0,0,0,0,16.2191,45.358,15.3669,542.393,717.24,0,0.924873,-0.378737,0.0341854,0.999998,0.127097,0.0271783,0.754386,0.86,807.618,1003.01,1435.49,2569.15,212.439,705.539,1280.94,81.249,2225.39,345.669,268.059,0.19116,0.276828,0.272797,-0.334872,0,0,0,0,0,0,0,61.5104,0,0.982379,0,0,284.039,998.934,0,0,833.652,3401.54,0
1691509862562442142,1813,1332,478,0.734694,17.5518,32.0185,49.1615,65.6257,148.33,-0.475468,277.618,542.556,963.845,1216.3,780.701,3386.85,9195.22,52963.3,1215.86,1899.43,1593.38,535.88,471.196,487.202,126374,6271.36,9784.02,9.55605,8.90488,0,0,0.0496254,0,37.2355,65.4018,151.173,747.764,4094.07,4688.37,0.0243597,0.00368183,8,7,13,0.65,1,2.24348,1.54199,0.701489,0.0104259,0.246258,1332,0,0,0,0,0.001,0,0,0,0,0,0,0,0,0,0,0,0,0,0,0,0,0,0,0,0,0,0,0,0,0,0,0,0,0,0,0,0,0,0,0,0,17.5518,49.1615,11.0445,528.254,707.701,0,0.920627,-0.388796,0.0358276,0.999939,0.632652,0.0153654,0.724138,0.84,813.836,1022.96,1517.54,2571.81,222.167,702.666,1398.68,64.6996,2273.06,159.702,129.758,-0.0762835,-0.133711,-0.132249,-0.0754964,0,0,0,0,0,0,0,65.6257,0,0.982733,0,0,277.618,963.845,0,0,780.701,3386.85,0
1691509862661943683,1770,1264,504,0.714124,16.8191,31.3133,48.822,64.1016,174.111,0.367204,270.913,556.44,1024.06,1218.63,776.082,3534.78,9458.95,20565.7,1379.39,1967.68,1607.4,531.772,472.768,521.471,126214,5273.11,7918.89,2.00248,1.3153,0,0,0.0417793,0,40.0803,69.2257,138.56,801.652,2103.65,4765.72,0.00837029,0.00106,8,7,9,0.5625,1,2.02906,1.38057,0.648487,0.00745847,0.304046,1264,0,0,0,0,0.001,0,0,0,0,0,0,0,0,0,0,0,0,0,0,0,0,0,0,0,0,0,0,0,0,0,0,0,0,0,0,0,0,0,0,0,0,16.8191,48.822,11.9059,537.514,711.58,0,0.920011,-0.390228,0.0360903,0.999999,0.0905754,0.00255392,0.709402,0.83,798.955,1004.45,1475.87,2571.36,219.373,700.219,1394.87,70.6364,2190.44,147.068,144.827,0.0424758,-0.337464,-0.0773827,0.182821,0,0,0,0,0,0,0,64.1016,0,0.984177,0,0,270.913,1024.06,0,0,776.082,3534.78,0
1691509862761307617,1885,1399,483,0.742175,16.2867,31.445,47.3648,63.9978,155.981,1.4688,290.255,534.792,948.708,1218.79,822.789,3137.75,8498.48,16077.2,1314.45,1840.04,1611.87,515.688,465.074,461.389,126222,4581.12,7168.05,7.44785,1.81944,0,0,0.0362942,0,50.683,84.9177,181.912,841.333,1960.4,4048.8,0.000100664,1.38731e-05,2,2,8,0.8,1,1.73195,1.06012,0.671825,0.00694062,0.103598,1399,0,0,0,0,0.001,0,0,0,0,0,0,0,0,0,0,0,0,0,0,0,0,0,0,0,0,0,0,0,0,0,0,0,0,0,0,0,0,0,0.0100071,9.0995,40.4582,16.3987,47.5616,11.1964,526.744,712.06,0,0.921,-0.387687,0.0381769,0.999994,0.196714,0.0170239,0.724138,0.84,810.284,1020.68,1509.27,2576.39,213.031,694.398,1422.99,74.0433,2118.58,185.073,137.367,-0.38249,0.238991,-0.0280951,0.266574,0,0,0,0,0,0.00742706,46.3722,64.4412,1,0.98556,135.918,360.703,291.552,948.981,194.775,510.409,829.795,3142.99,0.000164564
1691509862861343743,1865,1424,439,0.763539,16.573,31.9284,49.0228,64.1911,160.153,1.66548,275.299,502.383,916.829,1176.87,759.228,3030.6,8995.53,29762.8,1079.38,1520.74,1531.36,506.312,425.997,452.15,134209,4787.49,7583.53,4.77341,3.57349,0,0,0.035672,0,38.5811,72.1385,166.764,743.353,2649.46,3913.23,0.00577193,0.000819968,3,2,10,0.833333,1,1.95855,1.22985,0.728708,0.00795842,0.172569,1424,0,0,0,0,0.001,0,0,0,0,0,0,0,0,0,0,0,0,0,0,0,0,0,0,0,0,0,0,0,0,0,0,0,0,0,0,0,0,0,0.0266854,6.81547,23.249,16.9882,49.3569,12.9984,527.823,706.179,0,0.922716,-0.383813,0.0358203,0.999988,0.277795,0.0186959,0.694915,0.82,824.401,1015.91,1647.69,2570.39,214.544,703.258,1520.94,71.8264,2199.12,167.52,112.86,-0.104995,0.359969,0.64206,0.217482,0,0,0,0,0,0.0203753,28.9507,64.6539,1,0.981962,179.288,333.132,283.539,926.44,258.909,455.27,783.874,3167.52,0.000490603
1691509862960836822,1789,1386,400,0.774734,17.5554,32.3751,51.9259,67.9047,155.514,-0.670614,269.141,506.023,915.409,1194.74,778.974,2786.91,9226.28,14615.9,1138.64,1246.85,1600.96,536.464,445.553,375.962,128762,4145.72,6512.85,6.39707,6.38226,0,0,0.0321969,0,35.671,74.164,159.726,741.521,1893.51,3608.25,0.0885898,0.00947262,5,4,9,0.692308,1,2.37234,1.58415,0.788187,0.00814723,0.34049,1386,0,0,0,0,0.001,0,0,0,0,0,0,0,0,0,0,0,0,0,0,0,0,0,0,0,0,0,0,0,0,0,0,0,0,0,0,0,0,0,0,0,0,17.5554,51.9259,14.0029,525.839,701.158,0,0.920679,-0.388571,0.0369127,0.999986,0.303036,0.0123282,0.724138,0.84,812.008,1013.92,1586.38,2572.7,215.124,712.433,1488.1,75.2317,2235.38,163.747,109.173,-0.205725,-0.0249391,0.120103,0.0388789,0,0,0,0,0,0,0,67.9047,0,0.976912,0,0,269.141,915.409,0,0,778.974,2786.91,0
1691509863060835870,1874,1515,357,0.808431,15.2485,32.0939,54.3409,75.095,160.481,0.872775,264.559,486.789,844.135,1137.15,742.613,2873.91,9451.51,15804.3,1132.22,1139.91,1607.46,466.79,478.332,365.019,129118,4608.67,7295.21,4.22955,2.9643,0,0,0.0356935,0,32.8042,68.7646,146.406,810.292,2374.74,3862.21,0.000114716,2.37742e-05,3,3,8,0.727273,1,2.52596,1.59566,0.930303,0.0108859,0.260833,1515,0,0,0,0,0.001,0,0,0,0,0,0,0,0,0,0,0,0,0,0,0,0,0,0,0,0,0,0,0,0,0,0,0,0,0,0,0,0,0,0,0,0,15.2485,54.3409,17.6293,534.691,704.679,0,0.923178,-0.382528,0.0376085,0.999978,0.376755,0.0149748,0.639344,0.78,812.003,1011.09,1649.32,2574.43,220.394,698.816,1512.91,73.2999,2318.79,147.954,102.841,-0.249989,0.11169,0.767611,-0.0598909,0,0,0,0,0,0,0,75.095,0,0.972277,0,0,264.559,844.135,0,0,742.613,2873.91,0
1691509863161079865,1780,1458,318,0.819101,16.1331,29.5997,54.4429,76.3466,181.098,2.15314,272.502,526.246,850.228,1091,806.765,2921.41,8700.03,14835.8,1219.2,1209.05,1796.03,480.894,497.498,362.203,130264,4382.55,7056.45,3.64959,3.64889,0,0,0.0336435,0,36.7032,66.4282,124.527,807.621,2560.05,3461.12,7.47073,0.0112072,5,5,0,0,1,2.87425,2.00974,0.864511,0.0169263,0.112589,1458,0,0,0,0,0.001,0,0,0,0,0,0,0,0,0,0,0,0,0,0,0,0,0,0,0,0,0,0,0,0,0,0,0,0,0,0,0,0,0,0,0,0,16.1331,54.4429,13.8402,542.513,725.647,0,0.924736,-0.378732,0.0377476,0.999992,0.23523,0.009326,0.724138,0.84,842.706,1021.84,1552.19,2574.82,216.658,720.138,1469.69,88.8441,2304.75,131.19,97.0922,0.563128,0.106363,-0.563091,-0.106554,0,0,0,0,0,0,0,76.3466,0,0.972565,0,0,272.502,850.228,0,0,806.765,2921.41,0
1691509863260156412,1596,1315,281,0.823935,15.6293,29.1495,51.6699,74.155,169.77,3.37398,274.45,492.446,845.376,1123.72,810.356,2988.07,8797.52,19982.5,1269.11,1066.18,1826.04,417.4,513.143,302.996,129621,3948.3,6367.82,2.3473,1.67297,0,0,0.0304604,0,25.5259,52.8318,113.955,780.789,2243.75,3150.96,0.0221429,0.00162547,3,2,8,0.8,1,2.10075,1.35845,0.742302,0.00678522,0.324907,1315,0,0,0,0,0.001,0,0,0,0,0,0,0,0,0,0,0,0,0,0,0,0,0,0,0,0,0,0,0,0,0,0,0,0,0,0,0,0,0,0,0,0,15.6293,51.6699,14.5972,556.623,699.78,0,0.921865,-0.385435,0.0400693,0.999971,0.438452,0.0165432,0.724138,0.84,863.888,1030.52,1507.25,2580.14,226.127,760.184,1446.35,72.1491,2331.41,116.103,76.7674,0.37622,0.396129,-0.486469,-0.229694,0,0,0,0,0,0,0,74.155,0,0.974905,0,0,274.45,845.376,0,0,810.356,2988.07,0
1691509863359684829,1748,1378,370,0.78833,15.2664,29.2323,50.1093,74.4395,152.844,4.13981,255.702,480.048,847.04,1127.67,772.467,2955.71,9311.93,15627.7,1209.37,1055.13,1810.89,440.842,505.256,323.365,132724,4272.16,6748.96,7.32021,2.48679,0,0,0.0321883,0,31.7902,55.523,111.174,947.934,1895.16,3707.38,0.000407619,4.38202e-05,3,3,11,0.785714,1,2.15529,1.3585,0.796786,0.00867426,0.112639,1378,0,0,0,0,0.001,0,0,0,0,0,0,0,0,0,0,0,0,0,0,0,0,0,0,0,0,0,0,0,0,0,0,0,0,0,0,0,0,0,0,0,0,15.2664,50.1093,12.625,550.88,712.495,0,0.923592,-0.381186,0.0409132,0.999989,0.267187,0.0259731,0.680672,0.81,822.442,1029.55,1499.51,2582.44,218.239,714.415,1453.2,82.6502,2352.45,116.38,90.767,-0.579134,0.470402,-0.337096,-0.305829,0,0,0,0,0,0,0,74.4395,0,0.967344,0,0,255.702,847.04,0,0,772.467,2955.71,0
1691509863459602410,1750,1316,433,0.752,16.301,29.6123,52.383,81.842,162.351,3.69022,237.773,454.602,789.847,1104.82,720.263,2850.33,9284.47,17017.5,1157.66,998.264,1728.48,408.603,482.475,283.16,128221,3872.55,6160.86,1.24459,2.4574,0,0,0.0302021,0,29.2359,48.5733,95.3306,807.548,1913.65,3266.52,0.0097391,0.000908044,5,5,10,0.666667,1,2.6889,1.90802,0.780881,0.0126171,0.320659,1316,0,0,0,0,0.001,0,0,0,0,0,0,0,0,0,0,0,0,0,0,0,0,0,0,0,0,0,0,0,0,0,0,0,0,0,0,0,0,0,0,0,0,16.301,52.383,12.3265,532.386,712.287,0,0.923053,-0.382628,0.039614,0.999998,0.11543,0.0260831,0.724138,0.84,829.03,1010.92,1564.77,2578.79,213.594,722.89,1467.75,77.2135,2259.18,98.4051,80.7779,0.171807,0.584779,0.474073,-0.391706,0,0,0,0,0,0,0,81.842,0,0.973404,0,0,237.773,789.847,0,0,720.263,2850.33,0
1691509863559614247,1584,1183,400,0.746843,16.7852,32.1399,56.3948,91.717,183.713,1.45958,227.873,475.405,805.115,1021.97,733.99,3320.02,11049.9,48616.1,1196.26,1012.35,1821.84,416.237,515.448,284.123,128916,6276.48,8819.23,10.4283,10.4105,0,0,0.0486867,0,23.2404,40.1771,73.506,690.419,2128.48,5863.41,0.0647098,0.00865973,8,7,14,0.666667,1,2.33545,1.49716,0.838297,0.0084278,0.181107,1183,0,0,0,0,0.001,0,0,0,0,0,0,0,0,0,0,0,0,0,0,0,0,0,0,0,0,0,0,0,0,0,0,0,0,0,0,0,0,0,0,0,0,16.7852,56.3948,12.8642,556.591,715.545,0,0.922069,-0.385055,0.0390006,0.999996,0.154071,0.00785515,0.73913,0.85,824.198,1003.5,1582.6,2576.99,222.363,720.105,1489.68,69.2405,2220.54,79.3797,67.4997,-0.391194,0.874764,0.344875,-0.87055,0,0,0,0,0,0,0,91.717,0,0.956889,0,0,227.873,805.115,0,0,733.99,3320.02,0
1691509863659733466,1595,1148,446,0.719749,16.9261,34.2202,61.7103,82.5071,153.756,1.28163,254.719,435.89,811.886,1118.17,736.033,3179.11,9923.16,15220.4,1028.13,1041.33,1813.39,349.877,493.599,246.632,130569,3758.93,5895.64,2.34399,1.35112,0,0,0.0287889,0,22.3601,45.3638,84.2913,774.735,1718.04,3250.85,0.00050887,3.03745e-05,6,5,9,0.642857,1,2.06778,1.28705,0.780728,0.0220489,0.266639,1148,0,0,0,0,0.001,0,0,0,0,0,0,0,0,0,0,0,0,0,0,0,0,0,0,0,0,0,0,0,0,0,0,0,0,0,0,0,0,0,0,0,0,16.9261,61.7103,14.094,556.217,710.689,0,0.923012,-0.382752,0.0393671,0.999997,0.144121,0.0200632,0.724138,0.84,819.809,1005.07,1550.8,2577.6,221.002,693.751,1451.84,67.8312,2077.99,85.9772,60.8044,0.65464,0.264919,-0.540464,-0.323348,0,0,0,0,0,0,0,82.5071,0,0.972125,0,0,254.719,811.886,0,0,736.033,3179.11,0
1691509863760096178,1398,1026,368,0.733906,18.3546,33.8653,60.2955,88.1773,154.711,-1.10462,240.984,450.505,813.979,1055.51,742.698,2822.1,11169.5,18998.7,1153.47,924.159,1785.29,362.853,524.987,179.529,130358,3903.99,5859.66,3.11331,1.74109,0,0,0.0299482,0,14.8316,26.3222,71.9867,571.479,1716.33,3458.71,6.95191e-05,1.17205e-05,2,1,9,0.9,1,2.00377,1.25229,0.751486,0.00288274,0.272365,1026,0,0,0,0,0.001,0,0,0,0,0,0,0,0,0,0,0,0,0,0,0,0,0,0,0,0,0,0,0,0,0,0,0,0,0,0,0,0,0,0.00584795,22.3037,32.0204,18.2967,60.369,14.538,556.306,707.156,0,0.923141,-0.382465,0.0391331,1,0.0224772,0.0277731,0.680672,0.81,840.227,1033.25,1558.04,2577.25,223.893,729.133,1497.33,78.4446,2095.94,72.2036,52.6828,-0.462478,0.236789,-0.126517,-0.112107,0,0,0,0,0,0.00429185,32.3833,88.2705,1,0.957843,144.854,379.278,241.416,815.469,205.655,512.369,748.206,2830.18,0.000113426
1691509863860141907,1366,1044,319,0.764275,18.2529,36.0424,62.1521,91.1903,163.83,-1.22305,259.586,474.427,777.116,999.586,782.705,3040.32,9460.4,15608.8,1261.49,988.627,1870.53,375.108,576.784,190.722,129633,3280.47,5175.42,2.36983,2.10847,0,0,0.0253058,0,12.1846,21.5026,69.4061,634.477,1715.82,2722.03,0.000763744,0.000100146,4,3,9,0.75,1,2.80815,2.02005,0.78811,0.00542664,0.349688,1044,0,0,0,0,0.001,0,0,0,0,0,0,0,0,0,0,0,0,0,0,0,0,0,0,0,0,0,0,0,0,0,0,0,0,0,0,0,0,0,0.0153257,14.5381,42.0272,18.2626,62.6026,17.7509,525.92,710.329,0,0.924022,-0.380117,0.0411587,0.999995,0.184671,0.0294977,0.709402,0.83,839.719,1031.9,1505.01,2581.96,218.462,705.458,1462.75,81.8177,2070.38,70.8802,39.8058,0.178211,0.414706,0.0139423,-0.371639,0,0,0,0,0,0.011713,45.8596,91.6365,1,0.960117,164.507,383.661,262.432,783.719,229.654,522.939,799.904,3046.35,0.000318682
1691509863959420511,1501,1130,370,0.752831,18.3415,35.148,64.8306,103.087,146.202,-1.06355,246.599,437.161,726.312,891.123,698.832,2431.54,9424.36,14524.3,1038.17,892.438,1621.95,371.931,525.579,183.354,131938,2807.88,4441.68,3.38353,1.21496,0,0,0.0212818,0,12.5263,22.3836,73.6537,633.477,1287.17,2412.47,0.00193727,0.000102192,4,3,12,0.8,1,2.08921,1.17898,0.910233,0.0104906,0.326841,1130,0,0,0,0,0.001,0,0,0,0,0,0,0,0,0,0,0,0,0,0,0,0,0,0,0,0,0,0,0,0,0,0,0,0,0,0,0,0,0,0.0309735,10.2495,33.7173,18.661,67.3655,11.6626,507.406,703.932,0,0.922231,-0.384899,0.0366474,0.999977,0.390399,0.0120019,0.639344,0.78,809.064,981.76,1512.32,2570.38,217.701,690.659,1420.87,65.0241,1995.61,76.7145,40.3131,-0.0846753,0.362197,-0.699609,-0.115266,0,0,0,0,0,0.0233178,46.1503,103.763,1,0.946119,246.875,539.25,246.513,732.763,324.018,728.343,717.467,2522.4,0.00155723
1691509864059236580,1523,1108,415,0.727511,19.078,34.9505,57.2499,85.1471,151.646,-0.702577,275.68,507.794,840.188,1061.79,768.658,2952.08,9890.07,19249.1,1331.82,1206.02,1813.3,393.618,621.78,264.471,127704,3948,6311.22,4.93376,4.93458,0,0,0.0309153,0,15.5735,30.16,73.4015,924.613,1980.99,3286.48,0.00033026,9.672e-05,4,3,9,0.75,1,2.46948,1.72566,0.743826,0.0127743,0.176559,1108,0,0,0,0,0.001,0,0,0,0,0,0,0,0,0,0,0,0,0,0,0,0,0,0,0,0,0,0,0,0,0,0,0,0,0,0,0,0,0,0,0,0,19.078,57.2499,13.6694,506.95,698.381,0,0.923255,-0.381992,0.0410021,0.999986,0.305681,0.0182009,0.666667,0.8,817.057,1056.15,1575.86,2581.39,215.998,694.805,1490.74,72.8427,2094.53,78.8476,59.3684,-0.057874,0.199446,-0.35872,-0.263283,0,0,0,0,0,0,0,85.1471,0,0.973827,0,0,275.68,840.188,0,0,768.658,2952.08,0
1691509864159367465,1652,1217,434,0.736683,18.1536,34.0696,57.9319,74.6246,155.165,-1.27155,282.379,513.233,812.498,1048.5,769.447,3051.73,9984.18,17997.5,1271.15,1248.88,1823.91,409.24,599.803,269.835,122887,4188.2,6592.41,2.03121,2.4594,0,0,0.0340817,0,16.9269,30.9561,92.3461,922.09,1931.37,3598.72,0.00413648,0.000333222,5,4,11,0.733333,1,2.09591,1.28457,0.81134,0.00741701,0.106728,1217,0,0,0,0,0.001,0,0,0,0,0,0,0,0,0,0,0,0,0,0,0,0,0,0,0,0,0,0,0,0,0,0,0,0,0,0,0,0,0,0,0,0,18.1536,57.9319,10.755,490.07,696.175,0,0.920256,-0.389038,0.042162,0.99997,0.443726,0.0374789,0.709402,0.83,788.175,989.494,1437.8,2583.53,210.402,686.588,1404.24,69.7744,2034.57,94.6285,56.8749,-0.116541,-0.364397,-1.26399,-0.214156,0,0,0,0,0,0,0,74.6246,0,0.972884,0,0,282.379,812.498,0,0,769.447,3051.73,0
1691509864259568837,1549,1260,287,0.813428,19.5446,36.5792,59.4886,88.7607,150.683,-0.966637,267.091,476.244,806.673,1027.7,749.673,2756.6,9214.03,16958.4,1206.28,1010.44,1806.33,426.186,573.65,219.258,123084,3545.66,5759.78,4.51492,4.50559,0,0,0.0288068,0,12.2529,26.466,85.8034,906.07,1835.48,2893.7,0.0178355,0.0037563,11,10,18,0.642857,1,2.12244,1.21469,0.907749,0.00555603,0.22742,1260,0,0,0,0,0.001,0,0,0,0,0,0,0,0,0,0,0,0,0,0,0,0,0,0,0,0,0,0,0,0,0,0,0,0,0,0,0,0,0,0,0,0,19.5446,59.4886,15.3557,499.726,699.919,0,0.92099,-0.387565,0.0396339,0.999995,0.172838,0.0417549,0.754386,0.86,818.542,1046.9,1513.01,2577.38,215.582,699.175,1461.14,78.1759,2131.02,93.7781,41.3502,0.462903,-0.237291,-0.35512,0.20043,0,0,0,0,0,0,0,88.7607,0,0.965873,0,0,267.091,806.673,0,0,749.673,2756.6,0
1691509864360325569,1511,1285,225,0.85043,18.7043,36.2838,59.8002,86.4835,166.006,0.0472167,253.431,465.047,817.632,1084.24,756.695,3030.4,9767,19847.1,1246.09,985.631,1872.62,386.918,630.015,196.34,124048,4051.55,6505.48,3.68726,4.96052,0,0,0.0326611,0,12.588,31.1564,75.6458,997.851,2024.82,3363.42,0.00138817,0.000789205,5,5,11,0.6875,1,2.12723,1.16352,0.963708,0.00753164,0.223669,1285,0,0,0,0,0.001,0,0,0,0,0,0,0,0,0,0,0,0,0,0,0,0,0,0,0,0,0,0,0,0,0,0,0,0,0,0,0,0,0,0,0,0,18.7043,59.8002,13.0013,531.48,705.519,0,0.920489,-0.389104,0.0360443,0.999992,0.225609,0.0106693,0.73913,0.85,837.136,1048.36,1644.6,2568.29,217.915,723.129,1458.06,66.3338,2202.74,80.7008,46.2956,-0.524829,1.17463,0.00233079,0.397471,0,0,0,0,0,0,0,86.4835,0,0.959533,0,0,253.431,817.632,0,0,756.695,3030.4,0
1691509864461816436,1407,1210,196,0.859986,18.4651,34.1913,60.5,91.9724,188.904,-0.36578,263.754,487.305,842.746,1161.22,853.686,3382.05,10940.2,23990.2,1316.55,1028.71,2208.92,419.928,612.385,225.57,128513,4975.27,7812.99,2.47533,2.4906,0,0,0.0387142,0,16.1968,34.3864,67.3986,1037.99,2459.03,4197.98,0.0322852,0.00208889,7,7,12,0.631579,1,2.35823,1.45262,0.905606,0.0239835,0.418856,1210,0,0,0,0,0.001,0,0,0,0,0,0,0,0,0,0,0,0,0,0,0,0,0,0,0,0,0,0,0,0,0,0,0,0,0,0,0,0,0,0,0,0,18.4651,60.5,13.5057,539.867,676.627,0,0.921146,-0.387446,0.0370789,0.999998,0.118109,0.0124,0.724138,0.84,863.985,1066.09,1645.26,2571,219.052,750.777,1490.93,73.4006,2185.56,79.2455,58.3446,-0.00756151,-0.269687,-0.367342,0.153048,0,0,0,0,0,0,0,91.9724,0,0.959504,0,0,263.754,842.746,0,0,853.686,3382.05,0
1691509864563464207,1502,1261,241,0.839547,20.6834,35.3561,63.3664,86.4637,146.393,-1.08322,261.37,479.945,843.029,1138.97,821.417,3403.38,11083.7,18238,1341.47,1053.39,2192.87,395.113,630,204.274,144477,5009.03,7809.26,4.41692,4.44205,0,0,0.0346702,0,19.5023,35.0596,72.2451,1026.04,2359.48,4296.94,0.00873471,0.00175092,9,9,13,0.590909,1,2.08932,1.18356,0.905764,0.0245803,0.315825,1261,0,0,0,0,0.001,0,0,0,0,0,0,0,0,0,0,0,0,0,0,0,0,0,0,0,0,0,0,0,0,0,0,0,0,0,0,0,0,0,0,0,0,20.6834,63.3664,18.0891,540.826,700.084,0,0.923004,-0.383015,0.03691,0.999988,0.275484,0.00906375,0.666667,0.8,835.351,1024.71,1498.98,2570.64,221.826,704.353,1439.86,71.4206,2289.94,79.0371,65.5836,-0.461001,-0.56645,-0.647545,0.567444,0,0,0,0,0,0,0,86.4637,0,0.970658,0,0,261.37,843.029,0,0,821.417,3403.38,0
1691509864664699553,1542,1293,248,0.838521,18.297,35.474,58.577,77.4224,153.688,0.612054,253.412,464.593,773.587,1064.48,760.357,2895.49,10015.2,18755,1171.71,1012.68,1949.99,371.673,602.941,173.917,144226,4326.41,6960.04,4.58959,3.70915,0,0,0.0299974,0,12.4402,36.284,73.7398,1018.12,2300.9,3518.55,0.000180161,6.97388e-05,3,2,9,0.818182,1,2.28286,1.4543,0.828554,0.00835064,0.334114,1293,0,0,0,0,0.001,0,0,0,0,0,0,0,0,0,0,0,0,0,0,0,0,0,0,0,0,0,0,0,0,0,0,0,0,0,0,0,0,0,0,0,0,18.297,58.577,16.7814,585.205,716.014,0,0.921937,-0.385679,0.0358379,0.999995,0.17555,0.0885983,0.709402,0.83,821.426,1017.43,1491.93,2567.64,211.61,650.921,1371.19,68.3031,2409.81,84.4929,48.8141,-0.0120274,-0.376266,-0.396733,0.21078,0,0,0,0,0,0,0,77.4224,0,0.975251,0,0,253.412,773.587,0,0,760.357,2895.49,0
1691509864766530943,1592,1360,232,0.854271,17.3439,32.4861,51.9018,69.8957,168.185,2.90456,249.605,445.387,759.624,1081.25,793.399,3118.85,8598.89,15549.4,1330.06,740.272,2350.88,363.758,628.074,177.989,140777,3736.44,6038.08,2.76896,2.94306,0,0,0.0265415,0,8.21502,29.0433,70.7942,1015.62,1806.1,3108.3,0.00323406,0.000326978,5,5,10,0.666667,1,2.02687,1.25294,0.773932,0.0136217,0.405887,1360,0,0,0,0,0.001,0,0,0,0,0,0,0,0,0,0,0,0,0,0,0,0,0,0,0,0,0,0,0,0,0,0,0,0,0,0,0,0,0,0,0,0,17.3439,51.9018,17.0634,609.032,721.905,0,0.923342,-0.38237,0.0351147,0.999993,0.210146,0.0330211,0.626016,0.77,837.709,1029.09,1574.36,2565.99,211.787,687.903,1467.51,73.9925,2461.11,79.4151,32.4121,-0.252614,0.780368,-1.10913,0.270103,0,0,0,0,0,0,0,69.8957,0,0.977206,0,0,249.605,759.624,0,0,793.399,3118.85,0
1691509864867664613,1588,1366,222,0.860202,16.7889,29.6501,51.1514,64.4897,119.561,-3.40305,240.264,436.749,780.954,1106.24,835.833,3346.84,9080.78,16730,1437.98,806.417,2495.44,430.06,618.714,182.878,143291,4841.61,7649.62,11.8368,8.91399,0,0,0.0337887,0,10.6482,28.124,77.967,1137.8,2278,4117.07,9.03383e-05,6.42932e-05,2,2,8,0.8,1,1.8637,1.24209,0.62161,0.00458398,0.241645,1366,0,0,0,0,0.001,0,0,0,0,0,0,0,0,0,0,0,0,0,0,0,0,0,0,0,0,0,0,0,0,0,0,0,0,0,0,0,0,0,0,0,0,16.7889,51.1514,15.5885,638.25,728.162,0,0.921206,-0.387194,0.0382002,0.999981,0.350198,0.0509241,0.724138,0.84,879.049,1041.82,1570.43,2213.01,217.285,700.412,1428.95,62.0765,2565.46,85.2974,35.2063,-0.0247382,-0.940073,-0.357444,0.577453,0,0,0,0,0,0,0,64.4897,0,0.994876,0,0,240.264,780.954,0,0,835.833,3346.84,0
1691509864967146289,1482,1309,173,0.883266,16.3082,29.6922,54.2497,69.3389,139.308,-4.70118,246.329,461.25,786.052,1155.15,842.492,3490.84,12456.3,36819.6,1438.48,969.043,2602.7,508.057,560.67,176.989,134551,6747.9,10151.1,2.39838,2.65,0,0,0.0501513,0,11.8299,31.3154,72.4783,1162.52,2885.42,5987.55,0.00653764,0.000934866,6,5,11,0.6875,1,2.12129,1.48315,0.638141,0.0121577,0.382715,1309,0,0,0,0,0.001,0,0,0,0,0,0,0,0,0,0,0,0,0,0,0,0,0,0,0,0,0,0,0,0,0,0,0,0,0,0,0,0,0,0,0,0,16.3082,54.2497,16.1425,627.063,700.795,0,0.921921,-0.385309,0.0399879,0.999996,0.154405,0.0259029,0.818182,0.9,886.171,1035.98,1571.13,2577.72,219.066,723.926,1431.65,63.6367,2566.13,80.063,41.8663,-0.264864,-0.448825,-0.173534,0.287989,0,0,0,0,0,0,0,69.3389,0,0.991597,0,0,246.329,786.052,0,0,842.492,3490.84,0
1691509865063978836,1437,1244,191,0.865692,17.4281,31.9986,58.0307,77.4356,171.623,-4.70763,251.208,439.146,760.254,1026.58,887.265,3235.14,10121.1,19521.1,1231.43,1070.22,2435.83,490.309,504.773,143.195,133248,4481.97,6993.68,4.40982,3.33687,0,0,0.0336363,0,7.39416,21.1255,58.0399,932.998,2159.84,3814.28,0.0025437,0.000347628,5,5,11,0.6875,1,1.82929,1.09087,0.738417,0.00928751,0.566864,1244,0,0,0,0,0.001,0,0,0,0,0,0,0,0,0,0,0,0,0,0,0,0,0,0,0,0,0,0,0,0,0,0,0,0,0,0,0,0,0,0,0,0,17.4281,58.0307,19.0847,624.727,685.188,0,0.920916,-0.387742,0.0396314,0.999996,0.152231,0.0068809,0.851852,0.92,880.988,1034.96,1599.85,2576.69,220.958,729.494,1481.85,63.5825,2382.08,64.0366,28.5552,-0.10122,-0.758203,-0.254669,-0.134946,0,0,0,0,0,0,0,77.4356,0,0.979904,0,0,251.208,760.254,0,0,887.265,3235.14,0
1691509865160279256,1402,1236,164,0.881598,17.1924,33.4933,58.6524,75.0382,161.713,-1.80926,256.008,456.606,806.72,1162.14,887.137,3576.2,12112.7,63157.1,1181.92,1207.84,2421.87,548.453,520.95,150.4,133048,8768.88,12424.3,4.71306,4.76359,0,0,0.0659076,0,9.8591,32.1896,66.4251,1105.77,3072.04,8138.03,0.0373135,0.00508343,6,6,11,0.647059,1,2.09341,1.35205,0.741359,0.0138697,0.422959,1236,0,0,0,0,0.001,0,0,0,0,0,0,0,0,0,0,0,0,0,0,0,0,0,0,0,0,0,0,0,0,0,0,0,0,0,0,0,0,0,0,0,0,17.1924,58.6524,17.5041,591.454,705.041,0,0.920183,-0.389542,0.0389868,0.999998,0.117341,0.0912065,0.834862,0.91,892.467,1046.72,1514.78,2574.97,223.369,744.23,1428.49,64.1651,2372.74,69.8639,44.0696,0.336515,0.231146,-0.126406,-0.0726741,0,0,0,0,0,0,0,75.0382,0,0.986246,0,0,256.008,806.72,0,0,887.137,3576.2,0
1691509865255728415,1397,1218,179,0.871868,17.2799,33.8996,57.8668,75.6725,164.953,-2.64048,252.527,455.336,846.884,1146.58,902.523,3911.31,10724.3,21356,1336.83,1276.07,2651.17,522.459,543.714,189.54,141661,5739.3,8664.08,6.23945,6.27866,0,0,0.0405144,0,6.96768,22.7538,69.9066,1053.06,2411.31,5100.08,0.0099072,0.00173427,8,8,11,0.578947,1,1.82325,1.10831,0.714939,0.0138872,0.429046,1218,0,0,0,0,0.001,0,0,0,0,0,0,0,0,0,0,0,0,0,0,0,0,0,0,0,0,0,0,0,0,0,0,0,0,0,0,0,0,0,0,0,0,17.2799,57.8668,17.7288,578.344,714.927,0,0.920925,-0.387892,0.0378995,0.999998,0.120983,0.0214872,0.869159,0.93,887.228,1039.47,1565.83,2572.52,227.461,722.707,1466.68,63.2045,2270.97,73.8249,34.3694,0.408496,0.17548,-0.730479,-0.180429,0,0,0,0,0,0,0,75.6725,0,0.985222,0,0,252.527,846.884,0,0,902.523,3911.31,0
1691509865352292872,1475,1291,183,0.875254,17.034,33.9405,59.8913,77.0636,168.889,-2.57701,250.174,472.81,867.539,1174.69,904.41,3755.45,11936.1,64765.9,1336.01,1180.65,2631.6,517.837,540.569,233.162,144036,8102.5,11676.7,2.61115,2.68701,0,0,0.0562534,0,9.57976,35.0557,66.5379,1295.14,2765.92,7504.48,0.0290327,0.00251853,9,9,11,0.55,1,1.96236,1.15714,0.805222,0.0185166,0.111542,1291,0,0,0,0,0.001,0,0,0,0,0,0,0,0,0,0,0,0,0,0,0,0,0,0,0,0,0,0,0,0,0,0,0,0,0,0,0,0,0,0,0,0,17.034,59.8913,15.5609,594.286,743.154,0,0.920262,-0.389447,0.0380729,0.999999,0.0973837,0.0314395,0.818182,0.9,869.136,1034.46,1603.05,2572.84,226.953,699.304,1480.3,68.611,2255.78,65.1825,52.2507,0.476389,0.330141,-0.915639,-0.240177,0,0,0,0,0,0,0,77.0636,0,0.982184,0,0,250.174,867.539,0,0,904.41,3755.45,0
1691509865449422535,1449,1213,234,0.837129,16.7754,34.1319,55.6807,72.0221,173.468,2.7746,246.646,461.413,847.697,1163.17,807.919,3442.72,11704.2,25797.8,1361.3,1032.29,2359.69,425,602.85,267.199,138150,5018.6,8048.83,3.14124,2.56007,0,0,0.0363271,0,14.2881,29.8473,64.9094,1158.53,2740.19,4041.07,0.00349883,0.000367553,4,4,11,0.733333,1,2.30101,1.59593,0.705079,0.0130901,0.363415,1213,0,0,0,0,0.001,0,0,0,0,0,0,0,0,0,0,0,0,0,0,0,0,0,0,0,0,0,0,0,0,0,0,0,0,0,0,0,0,0,0,0,0,16.7754,55.6807,16.246,621.161,702.593,0,0.919852,-0.390218,0.0400399,0.999998,0.123304,0.106163,0.851852,0.92,868.42,1031.58,1548.37,2216.87,226.485,700.958,1435.4,63.7706,2422.28,67.3876,47.8099,0.0313493,0.464792,-0.443178,-0.559675,0,0,0,0,0,0,0,72.0221,0,0.983512,0,0,246.646,847.697,0,0,807.919,3442.72,0
1691509865548571806,1769,1344,424,0.759751,16.0878,31.2359,50.1643,68.5508,147.287,1.46466,233.859,421.49,820.356,1133.51,664.256,2675.15,7572.18,19617.9,1222.87,816.368,1784.44,334.881,585.432,290.43,130343,3468.8,5750.64,2.75144,2.85821,0,0,0.026613,0,13.2071,32.7024,64.2019,1044.36,1865.58,2730.59,0.00319937,0.00044129,5,4,12,0.75,1,2.40918,1.73554,0.673635,0.014964,0.196395,1344,0,0,0,0,0.001,0,0,0,0,0,0,0,0,0,0,0,0,0,0,0,0,0,0,0,0,0,0,0,0,0,0,0,0,0,0,0,0,0,0,0,0,16.0878,50.1643,14.0088,575.358,685.633,0,0.920012,-0.389776,0.0406412,1,0.0437202,0.0327719,0.470588,0.64,721.207,903.822,1286.86,2002.54,218.241,645.071,1236.54,73.5412,2386.48,64.3647,48.5197,0.209108,0.2329,-0.382099,-0.258299,0,0,0,0,0,0,0,68.5508,0,0.987351,0,0,233.859,820.356,0,0,664.256,2675.15,0
1691509865648150103,1912,1323,586,0.691946,16.0805,28.4477,45.239,60.9729,159.224,3.93051,240.574,457.887,855.258,1274.16,654.213,2628.64,5930.18,16610.2,1251.17,862.656,1646.3,309.98,587.052,316.621,114300,2329.71,3975.66,3.17394,3.34542,0,0,0.0203824,0,8.52548,41.9655,64.5775,828.337,1253.33,1778.93,0.000477847,9.03009e-05,3,2,9,0.818182,1,2.62501,2.01429,0.610714,0.0119934,0.105817,1323,0,0,0,0,0.001,0,0,0,0,0,0,0,0,0,0,0,0,0,0,0,0,0,0,0,0,0,0,0,0,0,0,0,0,0,0,0,0,0,0,0,0,16.0805,45.239,15.607,508.005,679.388,0,0.924852,-0.378146,0.0406775,0.999921,0.721775,0.146679,0.587302,0.74,694.036,847.735,1366.33,2579.68,212.264,640.376,1299.54,96.865,2420.46,68.4876,68.2621,1.09878,0.0884765,0.0150311,-0.0777937,0,0,0,0,0,0,0,60.9729,0,0.980348,0,0,240.574,855.258,0,0,654.213,2628.64,0
1691509865750681344,1667,1306,361,0.783443,16.4139,29.7507,49.202,66.9343,167.801,1.11644,232.106,444.888,829.387,1145.73,676.282,2873.71,7199.63,21861.2,1228.28,1004.62,1939.84,330.054,650.289,309.289,110002,3861.3,6169.69,4.81562,3.65291,0,0,0.0351022,0,7.972,37.2211,57.6005,1200.48,1532.45,3333.96,0.00403695,0.00122459,5,4,11,0.733333,1,1.71205,1.06267,0.64938,0.0207609,0.393585,1306,0,0,0,0,0.001,0,0,0,0,0,0,0,0,0,0,0,0,0,0,0,0,0,0,0,0,0,0,0,0,0,0,0,0,0,0,0,0,0,0,0,0,16.4139,49.202,15.8504,532.39,647.76,0,0.922698,-0.383402,0.0404041,0.999984,0.325825,0.0165369,0.6,0.75,767.822,953.473,1435.45,2578.7,229.411,674.026,1339.65,62.6617,2441.64,62.5523,53.0083,-0.721782,0.660301,-0.330919,0.0481177,0,0,0,0,0,0,0,66.9343,0,0.98392,0,0,232.106,829.387,0,0,676.282,2873.71,0
1691509865855367623,1520,1315,205,0.865132,17.0925,30.907,47.1638,63.8113,125.036,-2.29541,237.945,448.92,839.825,1228.01,743.194,3334.61,6760.51,17853.2,1446.11,905.073,2235.6,360.106,651.574,240,111375,3546.94,5818.35,3.8341,3.78674,0,0,0.0318468,0,5.6158,35.0281,61.8183,1262.57,1496.73,2956.59,0.00909566,0.00164719,8,7,13,0.65,1,1.92926,1.33014,0.599116,0.0119458,0.335139,1315,0,0,0,0,0.001,0,0,0,0,0,0,0,0,0,0,0,0,0,0,0,0,0,0,0,0,0,0,0,0,0,0,0,0,0,0,0,0,0,0,0,0,17.0925,47.1638,13.6489,541.24,652.111,0,0.923112,-0.382451,0.0399437,0.999999,0.0650051,0.0175809,0.639344,0.78,797.521,989.791,1577.09,2577.62,232.381,711.436,1469.71,63.6407,2518.26,62.9882,52.9408,-0.481061,0.111763,0.0941066,-0.163536,0,0,0,0,0,0,0,63.8113,0,0.992395,0,0,237.945,839.825,0,0,743.194,3334.61,0
1691509865961650195,1455,1256,199,0.86323,16.2101,28.4101,45.7524,63.1722,150.408,-1.44893,228.616,438.214,834.466,1196.45,736.66,3143.02,7329.55,21553.1,1300.23,853.116,2118.42,377.387,624.46,215.584,116812,3503,5814.43,3.97746,4.28243,0,0,0.0299884,0,9.16874,31.224,56.9375,1001.46,2088.39,2627.24,0.00878007,0.00198747,4,3,10,0.769231,1,1.9204,1.35333,0.567067,0.00840683,0.540325,1256,0,0,0,0,0.001,0,0,0,0,0,0,0,0,0,0,0,0,0,0,0,0,0,0,0,0,0,0,0,0,0,0,0,0,0,0,0,0,0,0,0,0,16.2101,45.7524,17.2216,516.67,651.109,0,0.922548,-0.383784,0.0401888,0.999999,0.0841079,0.0191879,0.73913,0.85,784.879,939.839,1403.84,2001.46,228.48,689.872,1354.4,67.747,2461.7,58.278,46.8591,-0.0317292,1.049,-0.10719,-0.63887,0,0,0,0,0,0,0,63.1722,0,0.988057,0,0,228.616,834.466,0,0,736.66,3143.02,0
1691509866067299109,1519,1264,253,0.832126,17.3056,32.5327,54.9545,75.0443,161.218,-1.65151,221.267,395.999,719.718,1068.54,699.488,2856.02,6557.57,14929.8,1203.77,757.534,1993.01,315.26,553.352,181.47,131198,2753.03,4541.09,5.57899,5.27772,0,0,0.0209838,0,13.2914,25.3275,51.7022,911.279,1279.21,2260.28,0.00922487,0.00195066,8,7,13,0.65,1,2.08458,1.35701,0.727571,0.0105577,0.538461,1264,0,0,0,0,0.001,0,0,0,0,0,0,0,0,0,0,0,0,0,0,0,0,0,0,0,0,0,0,0,0,0,0,0,0,0,0,0,0,0,0,0,0,17.3056,54.9545,15.8469,549.637,652.516,0,0.923516,-0.381351,0.0411143,0.999996,0.159115,0.0195853,0.724138,0.84,744.192,918.007,1443.17,2003.41,227.433,650.946,1325.8,57.7751,2478.61,58.3917,33.5268,-0.451871,0.0432828,0.154409,-0.0466588,0,0,0,0,0,0,0,75.0443,0,0.981013,0,0,221.267,719.718,0,0,699.488,2856.02,0
1691509866171698549,1635,1411,223,0.862997,17.6572,29.4684,49.4359,67.5848,148.731,3.74192,216.614,363.367,640.121,964.128,657.364,2412.44,7123.32,19186.1,1129.17,578.454,1657.41,288.351,481.354,156.437,143088,3055.07,5100.38,4.17219,2.33176,0,0,0.021351,0,16.5706,22.6641,52.9197,878.746,1939.51,2189.96,0.0319879,0.00322655,3,2,8,0.8,1,1.82245,1.14489,0.677561,0.00746982,0.481724,1411,0,0,0,0,0.001,0,0,0,0,0,0,0,0,0,0,0,0,0,0,0,0,0,0,0,0,0,0,0,0,0,0,0,0,0,0,0,0,0,0.0347271,12.4072,61.5126,17.9502,49.0839,18.5752,565.263,689.162,0,0.923538,-0.381157,0.042396,0.999999,0.0742801,0.0544029,0.652893,0.79,734.523,913.396,1352.53,2006.21,226.95,642.779,1228.61,61.8492,2607.43,55.7539,32.9179,0.326646,0.194026,-0.335697,0.0197351,0,0,0,0,0,0.0299694,75.3161,67.2927,1,0.991189,111.6,440.392,218.81,654.658,185.339,723.486,678.045,2471.86,0.00186139
1691509866273432588,1299,1188,109,0.91455,17.3833,32.2127,56.861,72.7777,156.459,0.119391,223.649,406.573,765.139,1091.4,797.988,3201.21,9045.27,20298.7,1398.72,806.641,2288.32,385.733,576.761,126.048,142719,3906.95,6194.57,3.8267,3.39515,0,0,0.0273751,0,7.08081,16.7959,43.712,989.061,1832.53,3305.39,0.0109393,0.00181796,5,4,11,0.733333,1,1.93727,1.25549,0.681777,0.00968683,0.163391,1188,0,0,0,0,0.001,0,0,0,0,0,0,0,0,0,0,0,0,0,0,0,0,0,0,0,0,0,0,0,0,0,0,0,0,0,0,0,0,0,0,0,0,17.3833,56.861,11.8667,592.269,721.865,0,0.921183,-0.386938,0.0412331,0.99998,0.363793,0.0234756,0.574803,0.73,795.282,987.506,1585.69,2580.4,230.213,686.472,1487.99,65.991,2552,45.7022,28.6742,-0.307865,0.095018,0.151233,-0.111685,0,0,0,0,0,0,0,72.7777,0,0.983165,0,0,223.649,765.139,0,0,797.988,3201.21,0
1691509866371598367,1293,1202,90,0.929621,18.4962,34.6966,60.9153,80.4715,189.51,-4.38002,238.609,415.559,773.696,1127.48,828.072,3476.32,10715,17550.8,1343.3,1072.97,2592.99,467.055,572.052,107.716,137377,4792.95,7402.15,3.20929,1.52561,0,0,0.034889,0,7.13318,16.9716,46.1907,923.286,2314.73,4093.84,0.00102829,0.000205919,5,4,9,0.692308,1,2.27735,1.50036,0.776989,0.0370376,0.501799,1202,0,0,0,0,0.001,0,0,0,0,0,0,0,0,0,0,0,0,0,0,0,0,0,0,0,0,0,0,0,0,0,0,0,0,0,0,0,0,0,0,0,0,18.4962,60.9153,16.1724,586.094,691.734,0,0.920881,-0.388061,0.0372383,0.999991,0.23839,0.0468024,0.818182,0.9,817.836,1002.19,1543.21,2570.5,227.389,694.796,1464.46,74.6464,2380.16,45.7223,30.149,0.970602,0.461301,-0.236972,-0.132841,0,0,0,0,0,0,0,80.4715,0,0.976705,0,0,238.609,773.696,0,0,828.072,3476.32,0
1691509866467621520,1348,1213,134,0.899852,16.5958,31.527,57.9494,73.7361,128.135,-3.51759,233.028,419.207,731.029,1143.59,821.601,3330.69,9393.22,20024.7,1140.14,1171.19,2383.32,505.364,512.449,118.232,136026,4146.83,6614.96,1.79538,3.18786,0,0,0.0304855,0,6.35474,18.2947,51.9168,986.823,2139.66,3411.92,0.00257435,0.000833926,5,4,11,0.733333,1,1.94557,1.29527,0.6503,0.0281369,0.508536,1213,0,0,0,0,0.001,0,0,0,0,0,0,0,0,0,0,0,0,0,0,0,0,0,0,0,0,0,0,0,0,0,0,0,0,0,0,0,0,0,0,0,0,16.5958,57.9494,14.5269,578.375,702.098,0,0.920989,-0.387884,0.0363984,1,0.0495779,0.0337319,0.754386,0.86,792.197,990.159,1513.54,2568.44,227.123,687.145,1463.12,71.9103,2473.52,54.5981,27.4304,0.549381,-0.00742067,-0.162776,0.129772,0,0,0,0,0,0,0,73.7361,0,0.990107,0,0,233.028,731.029,0,0,821.601,3330.69,0
1691509866562543111,1339,1223,114,0.913368,16.8988,30.6043,54.6098,73.3111,134.826,-2.95614,225.118,409.238,709.012,1047.73,781.687,3109.97,7536.38,19188.8,1053.92,1112.97,2269.15,490.408,480.159,96.3546,129456,3684.18,5989.48,1.44481,3.98107,0,0,0.028459,0,7.80209,21.6885,51.7597,886.865,2213.69,2807.67,0.000423157,0.000228755,4,3,9,0.75,1,2.2016,1.55784,0.64376,0.014364,0.325173,1223,0,0,0,0,0.001,0,0,0,0,0,0,0,0,0,0,0,0,0,0,0,0,0,0,0,0,0,0,0,0,0,0,0,0,0,0,0,0,0,0,0,0,16.8988,54.6098,15.7075,590.689,702.604,0,0.919483,-0.390847,0.0422926,0.999977,0.387729,0.0801638,0.73913,0.85,797.902,960.158,1462.15,2582.77,221.908,684.282,1350.57,92.0647,2432.72,52.4562,33.2625,0.361034,0.00384203,-0.157442,-0.101014,0,0,0,0,0,0,0,73.3111,0,0.987735,0,0,225.118,709.012,0,0,781.687,3109.97,0
1691509866657950765,1425,1308,116,0.917895,16.8773,30.9427,51.1366,68.3083,135.064,-1.58176,236.613,382.771,673.299,927.077,785.165,2825.73,6482.22,25889.8,968.507,1069.91,2208.85,457.145,449.864,82.9539,136312,4085.87,5624.74,2.44092,2.22884,0,0,0.0299743,0,4.24953,12.9173,49.2978,811.795,829.191,3917.29,0.00301505,0.000762568,10,9,17,0.653846,1,2.10308,1.44787,0.655209,0.0256093,0.196026,1308,0,0,0,0,0.001,0,0,0,0,0,0,0,0,0,0,0,0,0,0,0,0,0,0,0,0,0,0,0,0,0,0,0,0,0,0,0,0,0,0,0,0,16.8773,51.1366,14.6594,581.327,704.013,0,0.921418,-0.386676,0.0383488,0.999982,0.347075,0.0434905,0.801802,0.89,781.597,952.642,1366.41,2213.01,225.016,682.924,1301.33,72.4742,2444.31,52.8437,17.1976,0.989454,-0.160979,-0.19666,0.198024,0,0,0,0,0,0,0,68.3083,0,0.990061,0,0,236.613,673.299,0,0,785.165,2825.73,0
1691509866753083029,1384,1282,102,0.926301,18.1077,31.8612,51.6687,70.209,129.786,-0.840883,233.619,393.962,653.341,911.083,814.141,3082.28,7856.59,23617.4,1176.47,1010.22,2286.02,431.604,453.597,105.602,135903,4270.24,6524.86,4.30025,4.7079,0,0,0.0314212,0,5.46207,18.3148,49.4535,738.463,2029.93,3683.23,0.0270574,0.00215553,6,5,13,0.722222,1,2.03108,1.39131,0.639774,0.00916522,0.492117,1282,0,0,0,0,0.001,0,0,0,0,0,0,0,0,0,0,0,0,0,0,0,0,0,0,0,0,0,0,0,0,0,0,0,0,0,0,0,0,0,0,0,0,18.1077,51.6687,15.7236,607.025,679.252,0,0.920325,-0.388719,0.0435859,0.999984,0.328114,0.0970284,0.754386,0.86,779.178,962.736,1462.71,2586.25,225.491,681.651,1361.36,69.9311,2488.93,50.4744,25.3222,0.298487,0.139377,-0.125749,-0.126799,0,0,0,0,0,0,0,70.209,0,0.9883,0,0,233.619,653.341,0,0,814.141,3082.28,0
1691509866849008466,1404,1229,173,0.875356,18.3955,30.7112,50.5317,72.2672,136.89,-1.93828,230.613,376.503,663.112,928.846,782.569,2758.28,7593.31,20775.2,1179.54,747.103,2124.72,377.145,516.514,99.0548,142316,3896.88,5881.27,2.53904,2.48027,0,0,0.0273819,0,4.7604,16.2293,48.5651,748.736,1581.35,3481.63,0.0159222,0.0012734,4,4,12,0.75,1,2.07942,1.43788,0.641537,0.00413362,0.222081,1229,0,0,0,0,0.001,0,0,0,0,0,0,0,0,0,0,0,0,0,0,0,0,0,0,0,0,0,0,0,0,0,0,0,0,0,0,0,0,0,0,0,0,18.3955,50.5317,16.0147,628.188,719.797,0,0.920177,-0.38905,0.0437607,1,0.023089,0.0223088,0.785714,0.88,789.549,950.087,1424.53,2586.48,220.078,672.908,1304.18,85.9635,2426.91,49.9279,20.4276,0.390754,0.168668,-0.157747,-0.218275,0,0,0,0,0,0,0,72.2672,0,0.986168,0,0,230.613,663.112,0,0,782.569,2758.28,0
1691509866946753233,1354,1170,183,0.864106,16.3388,29.8751,48.416,68.6772,135.189,0.10676,218.058,366.292,615.782,825.341,723.737,2655.69,6763.5,12933.2,1136.84,538.571,2120.15,332.084,475.732,83.6274,136942,2568.03,3749.68,3.27391,3.84963,0,0,0.0187527,0,2.35751,9.15097,40.1892,571.425,732.966,2393.59,0.0137776,0.00168981,3,2,10,0.833333,1,1.68911,1.12579,0.563324,0.00568158,0.139999,1170,0,0,0,0,0.001,0,0,0,0,0,0,0,0,0,0,0,0,0,0,0,0,0,0,0,0,0,0,0,0,0,0,0,0,0,0,0,0,0,0,0,0,16.3388,48.416,14.1415,635.347,729.512,0,0.9222,-0.384546,0.0408899,0.999984,0.327255,0.0265405,0.724138,0.84,789.53,910.965,1459.68,2003.19,219.076,676.97,1309.03,62.7739,2370.69,47.872,6.57479,0.262576,-0.228868,0.11221,-0.118834,0,0,0,0,0,0,0,68.6772,0,0.987179,0,0,218.058,615.782,0,0,723.737,2655.69,0
1691509867046626048,1386,1109,277,0.800144,15.9901,29.5642,47.5686,67.06,131.272,5.23973,229.229,382.214,645.644,931.94,748.911,2742.29,6349.08,12145,1240.27,501.173,2176.5,285.372,573.749,94.6396,133224,2558.66,3515.12,2.73189,2.67148,0,0,0.0192057,0,3.37436,15.5227,26.893,373.041,650.059,2446.23,0.0310091,0.00349614,8,7,11,0.611111,1,1.96122,1.44131,0.519915,0.00828076,0.0686286,1109,0,0,0,0,0.001,0,0,0,0,0,0,0,0,0,0,0,0,0,0,0,0,0,0,0,0,0,0,0,0,0,0,0,0,0,0,0,0,0,0,0,0,15.9901,47.5686,14.4498,598.174,699.376,0,0.919112,-0.391506,0.04423,0.999965,0.476385,0.0355249,0.639344,0.78,772.23,920.19,1453.76,2587.43,219.103,661.251,1327.35,71.5777,2484.02,40.8404,6.659,0.436245,-0.200347,-0.278239,0.165638,0,0,0,0,0,0,0,67.06,0,0.989179,0,0,229.229,645.644,0,0,748.911,2742.29,0
1691509867148344569,1441,1047,392,0.726579,18.3105,31.7134,45.4335,80.4435,164.426,6.41662,215.202,338.966,516.609,779.453,642.274,1898.51,4715.6,9599.3,829.868,562.769,1518.97,307.264,425.254,89.9575,128024,1280.99,1917.05,3.01078,3.35378,0,0,0.0100059,0,3.04707,11.514,30.7526,205.558,509.415,1156.76,0.00180363,0.000486542,5,5,8,0.615385,1,1.93116,1.32536,0.605798,0.0107762,0.188785,1047,0,0,0,0,0.001,0,0,0,0,0,0,0,0,0,0,0,0,0,0,0,0,0,0,0,0,0,0,0,0,0,0,0,0,0,0,0,0,0,0,0,0,18.3105,45.4335,15.2565,564.279,673.465,0,0.919807,-0.390048,0.0426233,0.999997,0.130534,0.00232391,0.587302,0.74,719.524,843.406,1284.38,1917.95,219.216,647.251,1206.03,83.9772,2504.54,37.1077,6.10505,0.228813,0.0618388,-0.174865,-0.08324,0,0,0,0,0,0,0,80.4435,0,0.972302,0,0,215.202,516.609,0,0,642.274,1898.51,0
1691509867253090316,1322,996,325,0.753404,20.2215,37.8805,65.9523,88.8813,142.651,7.3395,214.268,344.72,576.607,873.425,620.902,2092.23,7055.35,21983.7,895.857,571.292,1558.81,284.219,450.544,118.238,126027,1956.74,2909.66,35.9614,3.15125,0,0,0.0155263,0,5.35567,16.027,39.2517,490.105,545.211,1813.71,4.71563e-05,2.48538e-05,2,2,8,0.8,1,1.87469,1.0983,0.776393,0.00630788,0.343024,996,0,0,0,0,0.001,0,0,0,0,0,0,0,0,0,0,0,0,0,0,0,0,0,0,0,0,0,0,0,0,0,0,0,0,0,0,0,0,0,0,0,0,20.2215,65.9523,13.8798,582.947,655.173,0,0.920339,-0.38894,0.0412467,0.999998,0.105724,0.0193665,0.587302,0.74,726.884,874.409,1333.31,1892.65,225.746,649.872,1191.27,63.4215,2671.76,39.9299,11.9991,-0.32593,-0.657557,0.0558873,-0.101593,0,0,0,0,0,0,0,88.8813,0,0.966867,0,0,214.268,576.607,0,0,620.902,2092.23,0
1691509867358738370,1291,975,315,0.755229,24.3956,48.5186,89.0155,105.815,162.538,2.62108,223.123,380.273,606.374,885.717,673.468,2664.59,7072.52,18793.6,1018.5,709.301,2051.73,289.938,474.831,118.414,131539,2361.82,3522.29,1.32628,2.58472,0,0,0.0179553,0,4.40709,14.169,34.5042,420.744,910.566,2137.9,0.000397185,0.000186548,5,5,8,0.615385,1,2.7598,1.65922,1.10058,0.0655365,0.195279,975,0,0,0,0,0.001,0,0,0,0,0,0,0,0,0,0,0,0,0,0,0,0,0,0,0,0,0,0,0,0,0,0,0,0,0,0,0,0,0,0,0,0,24.3956,89.0155,15.2483,585.431,673.32,0,0.919919,-0.38969,0.043482,0.999997,0.137207,0.0146643,0.5625,0.72,742.167,904.686,1394.53,2008.68,225.08,670.401,1296.01,76.3778,2716.99,38.0578,13.195,0.659343,-0.278199,-0.0294996,0.153462,0,0,0,0,0,0,0,105.815,0,0.93641,0,0,223.123,606.374,0,0,673.468,2664.59,0
1691509867464025088,1172,976,196,0.832765,26.2042,47.0885,84.4041,112.69,146.619,1.99024,237.695,395.166,624.926,896.599,716.284,2952.92,7447.59,22302.8,1095.51,737.861,2259.89,310.953,520.687,118.229,137924,3060.82,4707.47,6.45263,5.8111,0,0,0.022192,0,3.52857,10.364,41.8465,389.156,1875.83,2386.75,0.0042944,0.00164763,6,5,11,0.6875,1,2.55995,1.4569,1.10304,0.0113015,0.261001,976,0,0,0,0,0.001,0,0,0,0,0,0,0,0,0,0,0,0,0,0,0,0,0,0,0,0,0,0,0,0,0,0,0,0,0,0,0,0,0,0,0,0,26.2042,84.4041,15.8954,635.177,680.927,0,0.920731,-0.387662,0.0444135,0.999997,0.136083,0.139007,0.626016,0.77,793.053,949.729,1469.59,2588.09,226.03,675.083,1342.43,67.4746,2723.24,44.5676,18.9135,-0.00514178,1.62698,-0.40178,-0.428811,0,0,0,0,0,0,0,112.69,0,0.929303,0,0,237.695,624.926,0,0,716.284,2952.92,0
1691509867567888891,1148,939,209,0.817944,25.5717,48.5749,78.9894,101.476,154.345,2.46142,217.31,363.643,587.083,831.077,755.996,2513.12,8127.5,15410.3,1046.97,672.086,1920.14,274.462,487.696,123.602,138414,2384.04,3410.27,3.46478,2.91494,0,0,0.0172239,0,3.51109,12.8668,30.0307,313.067,843.167,2207.63,0.000458887,0.000259793,9,9,15,0.625,1,2.74807,1.74817,0.999906,0.0447001,0.234277,939,0,0,0,0,0.001,0,0,0,0,0,0,0,0,0,0,0,0,0,0,0,0,0,0,0,0,0,0,0,0,0,0,0,0,0,0,0,0,0,0,0,0,25.5717,78.9894,16.348,609.225,695.427,0,0.920338,-0.388591,0.0444474,0.999999,0.0578774,0.20889,0.73913,0.85,789.052,952.799,1455.27,2010.86,219.71,673.186,1337.13,90.7166,2720.96,32.8766,16.2933,1.84505,-0.242278,0.137996,0.191831,0,0,0,0,0,0,0,101.476,0,0.947817,0,0,217.31,587.083,0,0,755.996,2513.12,0
1691509867670288670,1098,873,225,0.795082,22.6063,42.7871,71.121,93.0996,150.062,4.39271,224.661,387.326,608.851,884.21,808.808,2813.65,9150.83,27169.3,1203.61,665.203,2227.33,266.211,506.086,103.432,141746,3334.81,5047.33,3.24939,3.15033,0,0,0.0235266,0,3.89457,9.57105,29.289,341.866,2073.79,2588.93,0.00265968,0.00120878,5,5,11,0.6875,1,1.92306,1.13359,0.78947,0.0123523,0.0898112,873,0,0,0,0,0.001,0,0,0,0,0,0,0,0,0,0,0,0,0,0,0,0,0,0,0,0,0,0,0,0,0,0,0,0,0,0,0,0,0,0,0,0,22.6063,71.121,17.9936,618.576,694.43,0,0.920409,-0.388576,0.0430881,0.999999,0.0779953,0.147911,0.754386,0.86,790.814,940.513,1346.85,1895.87,225.82,664.899,1272.66,70.1082,2695.86,31.0397,20.9494,0.743626,0.519524,0.0978467,-0.22128,0,0,0,0,0,0,0,93.0996,0,0.958763,0,0,224.661,608.851,0,0,808.808,2813.65,0
1691509867770621262,1190,929,259,0.780672,22.3755,40.1184,70.6706,92.1956,157.282,3.19169,230.771,364.724,571.483,795.139,805.954,2667.09,8579.9,22607.4,1202.99,539.216,2101.1,284.579,480.666,91.4527,135665,2821.42,4197.74,1.99607,2.20972,0,0,0.0207969,0,2.37879,7.4413,27.6959,258.571,1575.83,2325.83,0.00579312,0.000642468,10,10,13,0.565217,1,2.12033,1.31921,0.80112,0.0103075,0.115316,929,0,0,0,0,0.001,0,0,0,0,0,0,0,0,0,0,0,0,0,0,0,0,0,0,0,0,0,0,0,0,0,0,0,0,0,0,0,0,0,0,0,0,22.3755,70.6706,15.2875,606.211,716.502,0,0.919712,-0.390025,0.0448499,0.999997,0.136662,0.0900614,0.694915,0.82,762.062,927.119,1323.99,1899.05,220.537,634.255,1202.93,88.3026,2542.27,29.6663,13.961,0.682444,-0.144642,0.688474,0.0651865,0,0,0,0,0,0,0,92.1956,0,0.958019,0,0,230.771,571.483,0,0,805.954,2667.09,0
1691509867869596337,1091,891,199,0.816682,20.0825,40.6763,70.7825,95.3469,172.433,-0.974442,238.368,399.545,639.967,810.981,866.173,2781.39,7226.75,19659.8,1155.33,664.64,2196.02,329.506,513.179,78.9727,139648,2400.35,3504.51,4.42862,5.68528,0,0,0.0171886,0,4.73371,7.73241,31.8246,265.136,1056.23,2138.85,0.00016532,0.000111879,3,3,8,0.727273,1,2.24996,1.45337,0.796591,0.0153154,0.0791477,891,0,0,0,0,0.001,0,0,0,0,0,0,0,0,0,0,0,0,0,0,0,0,0,0,0,0,0,0,0,0,0,0,0,0,0,0,0,0,0,0,0,0,20.0825,70.7825,14.3959,621.459,720.145,0,0.919929,-0.389951,0.0408548,0.999992,0.229279,0.00117064,0.694915,0.82,786.488,947.411,1390.71,1892.06,223.573,658.869,1315.84,87.7075,2502.03,33.0762,13.1577,-0.548489,-0.176117,-0.0188877,0.359915,0,0,0,0,0,0,0,95.3469,0,0.957351,0,0,238.368,639.967,0,0,866.173,2781.39,0
1691509867967717889,1180,959,219,0.812712,22.2571,44.7109,78.7126,98.9004,160.362,-3.47771,220.801,371.751,584.067,787.96,852.675,2758.17,8099.32,17929.2,1077.34,679.938,2054.08,317.207,478.751,67.4026,137594,2770.86,3979.09,5.56001,2.33397,0,0,0.0201379,0,2.56396,7.75787,26.5574,227.567,1254.89,2459.75,0.00348899,0.000519738,3,2,11,0.846154,1,2.35573,1.40656,0.949175,0.0170743,0.130566,959,0,0,0,0,0.001,0,0,0,0,0,0,0,0,0,0,0,0,0,0,0,0,0,0,0,0,0,0,0,0,0,0,0,0,0,0,0,0,0,0,0,0,22.2571,78.7126,11.2691,615.421,732.31,0,0.919884,-0.389895,0.0423674,0.999999,0.086765,0.0362142,0.73913,0.85,812.848,986.342,1453.01,2006.43,220.332,670.113,1292.88,76.5923,2337.23,31.1921,13.0954,1.16636,-0.273027,0.152494,0.332378,0,0,0,0,0,0,0,98.9004,0,0.952033,0,0,220.801,584.067,0,0,852.675,2758.17,0
1691509868065546455,1250,1009,239,0.8072,24.3981,43.2852,67.8519,91.355,177.728,-6.57431,227.38,395.635,570.293,702.092,836.946,2550.48,6350.83,17464.5,1001.46,725.272,2039.22,348.592,452.721,51.4986,138111,2305.85,3296.2,14.7229,2.65261,0,0,0.0166957,0,2.53799,9.38295,34.3197,185.046,991.807,2073.1,8.41196e-05,1.69653e-05,2,2,8,0.8,1,2.4959,1.59185,0.904043,0.016613,0.105986,1009,0,0,0,0,0.001,0,0,0,0,0,0,0,0,0,0,0,0,0,0,0,0,0,0,0,0,0,0,0,0,0,0,0,0,0,0,0,0,0,0,0,0,24.3981,67.8519,12.9919,597.017,724.991,0,0.919928,-0.38984,0.0419138,1,0.0262964,0.00424301,0.724138,0.84,790.476,927.477,1266.77,1894.07,214.696,655.248,1203.48,70.86,2469.55,37.8835,14.0788,0.442151,-0.717833,0.643742,0.138001,0,0,0,0,0,0,0,91.355,0,0.965312,0,0,227.38,570.293,0,0,836.946,2550.48,0
1691509868162860972,1261,998,263,0.791435,27.7782,47.0286,70.6548,90.5178,170.344,-4.81185,226.378,401.077,618.876,819.339,788.19,2719.04,8353.36,13448,1009.09,880.68,2154.6,394.963,472.556,63.7128,136308,2893,3946.67,5.26579,4.59319,0,0,0.0212239,0,1.03978,6.62164,39.1144,206.682,979.069,2714.14,0.00044877,8.53041e-05,2,2,8,0.8,1,2.65417,1.6958,0.958372,0.00696387,0.0699299,998,0,0,0,0,0.001,0,0,0,0,0,0,0,0,0,0,0,0,0,0,0,0,0,0,0,0,0,0,0,0,0,0,0,0,0,0,0,0,0,0,0,0,27.7782,70.6548,10.8487,591.977,732.174,0,0.921248,-0.386835,0.040755,0.999994,0.199436,0.021566,0.801802,0.89,803.867,940.311,1263.18,1892.02,216.038,668.313,1189.19,118.328,2543.53,46.1344,11.2701,-0.0194581,-1.01411,-0.13463,0.0593224,0,0,0,0,0,0,0,90.5178,0,0.95992,0,0,226.378,618.876,0,0,788.19,2719.04,0
1691509868260663869,1230,983,244,0.799187,28.0986,47.6103,69.9141,87.4507,129.586,-9.40822,234.579,387.016,627.152,833.116,836.511,2640.71,7868.37,19220.3,825.036,996.476,2129.29,413.102,414.366,77.4795,131682,3077.28,4485.04,2.95472,3.22248,0,0,0.0233691,0,7.93248,12.0108,33.4096,250.253,1514.74,2666.7,0.0160599,0.00258019,6,5,11,0.6875,1,2.38501,1.47813,0.906879,0.00871003,0.133548,983,0,0,0,0,0.001,0,0,0,0,0,0,0,0,0,0,0,0,0,0,0,0,0,0,0,0,0,0,0,0,0,0,0,0,0,0,0,0,0,0,0,0,28.0986,69.9141,10.8828,579.542,729.575,0,0.920496,-0.388475,0.0421216,0.999997,0.129656,0.00506567,0.785714,0.88,809.898,945.165,1318.68,1894.47,215.96,679.776,1266.54,77.963,2497.84,36.3108,23.377,0.143238,-0.315069,0.0649095,0.327115,0,0,0,0,0,0,0,87.4507,0,0.971516,0,0,234.579,627.152,0,0,836.511,2640.71,0
1691509868357876098,1206,937,266,0.776949,24.9505,44.7099,67.2918,79.8676,136.33,-4.93008,238.299,398.768,656.852,797.069,845.498,2946.37,7243.1,21814.7,856.366,955.207,2380.41,395.243,451.516,93.208,131827,2666.77,3777.82,2.60251,3.47732,0,0,0.0202292,0,8.46768,10.9445,31.8187,240.181,1044.91,2441.5,0.00343005,0.000627112,3,3,10,0.769231,1,2.03466,1.29098,0.743682,0.00859637,0.279294,937,0,0,0,0,0.001,0,0,0,0,0,0,0,0,0,0,0,0,0,0,0,0,0,0,0,0,0,0,0,0,0,0,0,0,0,0,0,0,0,0,0,0,24.9505,67.2918,8.82136,570.053,695.125,0,0.919553,-0.390585,0.0431954,0.999997,0.146017,0.029681,0.754386,0.86,807.723,945.175,1304.81,1896.53,228.52,686.435,1268.67,81.2632,2458.37,35.5873,20.1764,-0.313413,-0.313765,0.0555551,0.27745,0,0,0,0,0,0,0,79.8676,0,0.983991,0,0,238.299,656.852,0,0,845.498,2946.37,0
1691509868455444807,1362,1086,276,0.797357,26.0169,45.7513,67.2744,81.2087,128.101,-4.25903,225.298,385.551,639.791,847.949,816.115,2708.76,7951.28,18674.7,867.64,863.614,2113.76,381.55,449.494,58.8543,132250,3518.49,4758.37,5.54078,4.46112,0,0,0.0266048,0,7.71015,11.6543,36.1415,285.341,1081.9,3335.62,0.01234,0.00168553,3,3,9,0.75,1,2.2249,1.33957,0.885328,0.0128097,0.230156,1086,0,0,0,0,0.001,0,0,0,0,0,0,0,0,0,0,0,0,0,0,0,0,0,0,0,0,0,0,0,0,0,0,0,0,0,0,0,0,0,0,0,0,26.0169,67.2744,10.5332,572.939,715.528,0,0.919312,-0.391154,0.0431714,1,0.035452,0.0157604,0.785714,0.88,809.286,948.436,1311.09,1896.56,225.088,690.71,1265.54,67.0564,2509.68,41.9441,19.1674,0.915855,0.228125,0.568492,0.0987439,0,0,0,0,0,0,0,81.2087,0,0.983425,0,0,225.298,639.791,0,0,816.115,2708.76,0
1691509868553060655,1338,1013,318,0.7571,27.6529,46.9492,69.5687,82.1326,158.62,-9.42869,232.959,390.749,623.524,838.379,818.325,2719.68,7165.23,20359.2,874.292,825.455,2143.28,397.972,449.812,71.5615,133176,2902.62,3881.77,6.1705,6.0616,0,0,0.0217954,0,0.864111,8.32575,35.4912,222.726,847.38,2766.99,0.00170264,0.000331932,5,4,12,0.75,1,2.44935,1.57452,0.874834,0.00750305,0.291373,1013,0,0,0,0,0.001,0,0,0,0,0,0,0,0,0,0,0,0,0,0,0,0,0,0,0,0,0,0,0,0,0,0,0,0,0,0,0,0,0,0,0,0,27.6529,69.5687,10.9073,595.328,710.765,0,0.920331,-0.388858,0.0421872,0.999996,0.154592,0.0573607,0.754386,0.86,808.112,944.414,1313.53,1661.06,225.029,695.263,1260.69,121.764,2396.75,40.1315,22.2993,0.939286,-0.39663,-0.531646,0.605321,0,0,0,0,0,0,0,82.1326,0,0.981244,0,0,232.959,623.524,0,0,818.325,2719.68,0
1691509868651444861,1200,924,273,0.77,24.8426,46.3508,72.7731,87.3234,164.453,-7.775,241.089,406.351,656.224,873.28,881.519,3084.54,11191,22005.3,1061.92,732.911,2538.01,357.473,488.685,92.4327,141162,3871.34,5724.54,3.44938,4.86475,0,0,0.0274248,0,2.08133,13.3715,38.9694,258.928,2332.73,3078.45,0.000419928,8.89767e-05,3,3,8,0.727273,1,2.65695,1.82337,0.833583,0.0153902,0.174649,924,0,0,0,0,0.001,0,0,0,0,0,0,0,0,0,0,0,0,0,0,0,0,0,0,0,0,0,0,0,0,0,0,0,0,0,0,0,0,0,0,0,0,24.8426,72.7731,12.0314,621.903,728.066,0,0.919601,-0.39033,0.0444694,0.999996,0.161135,0.0269919,0.73913,0.85,832.495,964.885,1313.46,1898.78,221.752,702.321,1258.28,144.88,2511.05,40.2226,26.3739,1.57235,-0.316065,0.15244,0.27386,0,0,0,0,0,0,0,87.3234,0,0.974026,0,0,241.089,656.224,0,0,881.519,3084.54,0
1691509868751603622,1268,919,341,0.724763,24.6054,45.4229,71.0364,88.178,145.442,-7.77297,217.215,374.836,646.685,845.493,853.962,3163.46,8709.37,19578.8,1022.48,653.109,2558.08,336.747,481.629,77.0424,144046,3441.99,4830.72,3.77138,3.84625,0,0,0.023895,0,3.33226,7.23635,32.3247,239.053,1424.86,3123.91,0.11331,0.0119283,6,5,10,0.666667,1,2.19139,1.38577,0.80562,0.00233765,0.201583,919,0,0,0,0,0.001,0,0,0,0,0,0,0,0,0,0,0,0,0,0,0,0,0,0,0,0,0,0,0,0,0,0,0,0,0,0,0,0,0,0,0,0,24.6054,71.0364,15.6203,637.443,745.937,0,0.919686,-0.390243,0.0434514,0.999999,0.0587423,0.0455548,0.818182,0.9,832.444,976.703,1450.46,2054.34,218.565,714.155,1330.47,86.8818,2553.04,34.1176,16.3096,0.152158,0.0638379,-0.155638,-0.0978282,0,0,0,0,0,0,0,88.178,0,0.97062,0,0,217.215,646.685,0,0,853.962,3163.46,0
1691509868853159393,1202,877,325,0.729617,23.9789,44.4547,72.1906,87.0932,169.725,-5.78974,229.271,384.954,634.864,862.536,849.815,2985.5,7158.35,21258.2,1100.28,613.464,2420.27,307.991,536.156,83.6047,143538,2752.24,4028.35,5.29131,5.2553,0,0,0.0191743,0,1.04459,7.4734,32.1653,258.276,1338.92,2390.47,0.0303125,0.00390079,8,7,15,0.681818,1,2.14276,1.36909,0.773666,0.0231871,0.106226,877,0,0,0,0,0.001,0,0,0,0,0,0,0,0,0,0,0,0,0,0,0,0,0,0,0,0,0,0,0,0,0,0,0,0,0,0,0,0,0,0,0,0,23.9789,72.1906,14.8978,638.333,735.77,0,0.918915,-0.3921,0.0430447,0.999998,0.117488,0.0877271,0.769912,0.87,809.669,950.939,1332.13,1955.35,215.905,689.027,1260.44,78.547,2391.84,34.2091,14.4919,0.470183,-0.257038,-0.243595,0.245593,0,0,0,0,0,0,0,87.0932,0,0.972634,0,0,229.271,634.864,0,0,849.815,2985.5,0
1691509868956165721,1237,886,348,0.716249,23.883,42.7395,65.878,95.3881,170.089,2.13132,230.518,387.45,614.19,815.002,826.06,2729.61,6641.32,20063.1,979.354,601.252,2246.83,301.585,481.229,56.8864,138035,2430.57,3407.14,1.67753,1.37447,0,0,0.0176084,0,0.844983,6.04987,31.0219,291.855,801.672,2275.7,0.0120011,0.0011622,6,6,8,0.571429,1,2.37757,1.56197,0.815601,0.0334729,0.172731,886,0,0,0,0,0.001,0,0,0,0,0,0,0,0,0,0,0,0,0,0,0,0,0,0,0,0,0,0,0,0,0,0,0,0,0,0,0,0,0,0,0,0,23.883,65.878,16.8162,605.511,721.673,0,0.919805,-0.389976,0.0433241,0.999997,0.132891,0.0786133,0.834862,0.91,806.63,944.702,1345.24,2264.33,219.51,692.791,1304.97,83.4295,2351.21,35.6887,9.35323,0.256313,0.23356,-0.253141,0.172412,0,0,0,0,0,0,0,95.3881,0,0.955982,0,0,230.518,614.19,0,0,826.06,2729.61,0
1691509869059792324,1139,802,336,0.704126,27.2599,46.014,75.8006,107.737,173.896,2.22587,236.594,396.931,617.053,856.987,911.736,2786.23,8561.88,23752.5,1064.52,631.348,2356.37,287.993,515.452,60.702,139890,2541.03,3767.33,2.8301,2.16267,0,0,0.0181645,0,4.85961,6.58335,29.2015,286.744,1241.9,2198.04,0.00716863,0.000895411,3,3,10,0.769231,1,2.75176,1.90025,0.851513,0.0228805,0.160733,802,0,0,0,0,0.001,0,0,0,0,0,0,0,0,0,0,0,0,0,0,0,0,0,0,0,0,0,0,0,0,0,0,0,0,0,0,0,0,0,0,0,0,27.2599,75.8006,13.9477,602.445,711.607,0,0.919054,-0.391787,0.0429303,0.999998,0.114593,0.0460065,0.818182,0.9,805.802,962.208,1451.63,2628.25,221.535,709.697,1335.32,99.2364,2363.15,30.8065,14.9353,2.01626,-0.214409,-0.36677,-0.0833073,0,0,0,0,0,0,0,107.737,0,0.94389,0,0,236.594,617.053,0,0,911.736,2786.23,0
1691509869163162197,1197,841,352,0.70259,28.8268,52.4005,80.3853,96.9688,167.683,7.39556,237.529,405.175,677.574,889.115,925.021,3285.01,8391.21,23906.6,1161.16,738.579,2594.87,320.424,531.621,73.3491,142663,3319.76,4895.6,2.26615,1.19433,0,0,0.02327,0,7.60462,15.1217,36.1208,331.222,1636.47,2869.05,0.0034863,0.000272163,11,10,14,0.583333,1,2.52466,1.56437,0.960291,0.127573,0.0971665,841,0,0,0,0,0.001,0,0,0,0,0,0,0,0,0,0,0,0,0,0,0,0,0,0,0,0,0,0,0,0,0,0,0,0,0,0,0,0,0,0,0,0,28.8268,80.3853,13.5496,586.638,717.812,0,0.920338,-0.388924,0.0414244,0.999994,0.199413,0.0558616,0.801802,0.89,811.127,960.809,1350.71,2726.6,218.068,709.606,1311.77,95.6681,2377.66,36.2957,22.2951,1.70292,-0.188859,-0.000327246,0.18815,0,0,0,0,0,0,0,96.9688,0,0.952438,0,0,237.529,677.574,0,0,925.021,3285.01,0
1691509869265538016,1163,849,311,0.730009,25.7781,50.7847,73.9017,91.9528,178.253,2.37136,242.085,429.009,647.995,849.147,907.037,3193.13,6476.72,25234.3,1158.09,739.571,2431.56,322.469,533.731,74.8725,144170,2617.44,4018.65,6.67714,6.69299,0,0,0.0181553,0,6.6778,7.97111,39.8133,353.005,1485.93,2125.26,0.00915065,0.00123508,9,9,13,0.590909,1,2.39706,1.5315,0.865564,0.0199377,0.171562,849,0,0,0,0,0.001,0,0,0,0,0,0,0,0,0,0,0,0,0,0,0,0,0,0,0,0,0,0,0,0,0,0,0,0,0,0,0,0,0,0,0,0,25.7781,73.9017,16.4431,581.433,730.124,0,0.920824,-0.38781,0.0410647,0.999999,0.0726634,0.0263691,0.754386,0.86,829.038,963.544,1423.97,2610.52,216.529,713.899,1326.48,68.4228,2286.27,40.3302,22.199,0.639462,0.248407,0.249272,-0.231608,0,0,0,0,0,0,0,91.9528,0,0.959953,0,0,242.085,647.995,0,0,907.037,3193.13,0
1691509869367551943,1165,883,279,0.75794,26.0941,46.3918,70.3255,94.1515,173.747,6.60503,258.896,440.625,720.799,944.599,984.692,3493.11,6928.75,23866.9,1280.12,815.241,2712.47,329.728,570.768,65.1986,147432,2927.02,4369.9,2.30892,1.97075,0,0,0.0198533,0,7.72351,10.2737,41.0479,448.119,1258.9,2603.83,0.00890446,0.000752069,5,5,10,0.666667,1,2.42003,1.5668,0.853227,0.0165076,0.20429,883,0,0,0,0,0.001,0,0,0,0,0,0,0,0,0,0,0,0,0,0,0,0,0,0,0,0,0,0,0,0,0,0,0,0,0,0,0,0,0,0,0,0,26.0941,70.3255,16.4992,592.986,727.515,0,0.92133,-0.386484,0.0422095,0.999998,0.104455,0.0313085,0.834862,0.91,823.972,964.85,1339.84,2146.78,216.029,702.909,1310.04,89.9077,2312.9,42.7721,23.2506,1.23198,0.0985767,-0.501558,0.0794578,0,0,0,0,0,0,0,94.1515,0,0.961495,0,0,258.896,720.799,0,0,984.692,3493.11,0
1691509869468333340,1187,884,289,0.744735,23.8484,44.3759,68.4906,88.0479,160.695,1.99364,252.035,419.431,630.109,886.266,919.531,2955.86,6697.65,18070,1122.66,752.214,2399.83,344.055,511.246,52.9529,148314,2443.12,3659.52,2.35122,2.36671,0,0,0.0164726,0,4.36689,8.78371,43.1302,383.695,1045.46,2174.09,0.00466047,0.000403917,8,8,12,0.6,1,2.30357,1.52879,0.774784,0.0232656,0.0684186,884,0,0,0,0,0.001,0,0,0,0,0,0,0,0,0,0,0,0,0,0,0,0,0,0,0,0,0,0,0,0,0,0,0,0,0,0,0,0,0,0,0,0,23.8484,68.4906,14.5993,589.941,745.459,0,0.921501,-0.386145,0.0415642,1,0.0429095,0.0466389,0.801802,0.89,822.272,985.076,1452.85,2250.52,218.858,705.319,1331.29,79.9504,2243.49,48.4222,18.9354,0.922865,-0.288003,0.669493,0.248408,0,0,0,0,0,0,0,88.0479,0,0.969457,0,0,252.035,630.109,0,0,919.531,2955.86,0
1691509869567911230,1166,939,225,0.805317,22.8369,43.2698,66.7393,88.8781,161.081,2.15474,244.662,396.746,629.095,844.772,855.438,2679.79,7151.41,19183.1,959.941,774.363,2146.15,354.949,463.176,68.5792,146828,2521.37,3871.58,2.48889,2.66954,0,0,0.0171722,0,8.25729,12.118,67.3721,324.319,1366.95,2092.56,0.0100708,0.00118433,18,17,13,0.433333,1,2.03122,1.21459,0.816623,0.254631,0.0504621,939,0,0,0,0,0.001,0,0,0,0,0,0,0,0,0,0,0,0,0,0,0,0,0,0,0,0,0,0,0,0,0,0,0,0,0,0,0,0,0,0,0,0,22.8369,66.7393,13.4678,583.628,729.904,0,0.920026,-0.389478,0.0431121,0.999992,0.226882,0.0220594,0.801802,0.89,821.399,979.227,1428.59,2261.49,222.106,708.061,1334.26,105.265,2246.79,74.0431,26.5442,0.921134,-0.0953599,-0.378449,0.0709993,0,0,0,0,0,0,0,88.8781,0,0.962726,0,0,244.662,629.095,0,0,855.438,2679.79,0
1691509869666679142,1190,1018,171,0.855462,23.1313,40.3227,66.4792,84.1833,190,-0.632023,235.679,407.142,654.403,884.026,887.52,2689.3,6798.64,17326,1093.1,796.767,2075.53,389.881,460.715,77.6114,153381,2793.53,4122.48,3.83084,3.6199,0,0,0.018213,0,7.21285,14.1141,65.2122,316.358,1234.67,2484.91,0.004274,0.00064503,19,18,11,0.37931,1,1.88149,1.06748,0.814013,0.234488,0.120815,1018,0,0,0,0,0.001,0,0,0,0,0,0,0,0,0,0,0,0,0,0,0,0,0,0,0,0,0,0,0,0,0,0,0,0,0,0,0,0,0,0,0,0,23.1313,66.4792,12.9135,598.481,752.605,0,0.920599,-0.388224,0.04219,0.999999,0.0950157,0.0233073,0.754386,0.86,825.462,995.425,1354.58,2365.3,221.763,704.208,1292.41,113.955,2198.21,68.2037,26.6473,0.949435,-0.341104,-0.294979,0.202388,0,0,0,0,0,0,0,84.1833,0,0.975442,0,0,235.679,654.403,0,0,887.52,2689.3,0
1691509869764638742,1181,995,184,0.842506,27.4128,48.3403,68.6805,86.3586,195.767,-1.7,240.27,412.44,626.818,858.35,894.942,2882.45,9026.05,18957.5,1051.93,820.31,2332.99,383.367,475.721,58.2552,153568,3403.13,5102.41,5.32021,4.80122,0,0,0.0221605,0,7.55821,23.075,81.8305,355.322,1722.38,2912.25,0.00813996,0.000721408,6,6,12,0.666667,1,3.08738,2.09826,0.989127,0.0130472,0.151926,995,0,0,0,0,0.001,0,0,0,0,0,0,0,0,0,0,0,0,0,0,0,0,0,0,0,0,0,0,0,0,0,0,0,0,0,0,0,0,0,0,0,0,27.4128,68.6805,10.6922,596.31,735.998,0,0.919524,-0.39069,0.0428614,0.999996,0.158895,0.02794,0.869159,0.93,829.078,1011.61,1447.63,2696.36,229.614,712.332,1319.43,118.564,2313.01,83.1195,38.9188,2.8019,-0.191584,-1.65155,-0.00230099,0,0,0,0,0,0,0,86.3586,0,0.964824,0,0,240.27,626.818,0,0,894.942,2882.45,0
1691509869862358948,1275,1098,169,0.861176,27.8465,48.1703,67.504,85.9587,151.771,-3.69299,262.121,454.163,719.269,961.026,930.118,2836.14,9879.42,14764.7,1026.69,850.02,2304.62,452.098,473.442,167.286,156046,3680.32,5332.28,16.6966,8.2395,0,0,0.0235848,0,8.45642,29.486,81.3707,362.019,1519.86,3331.09,0.000152848,4.61622e-05,2,2,8,0.8,1,2.87786,1.88753,0.990326,0.0138559,0.12741,1098,0,0,0,0,0.001,0,0,0,0,0,0,0,0,0,0,0,0,0,0,0,0,0,0,0,0,0,0,0,0,0,0,0,0,0,0,0,0,0,0,0,0,27.8465,67.504,10.9921,596.411,756.597,0,0.920308,-0.388842,0.0428429,0.999998,0.115023,0.0230969,0.754386,0.86,821.702,1005.58,1402.43,3489.89,225.276,707.909,1327.51,100.946,2360.4,94.144,41.6135,1.93397,0.59949,0.446746,-0.0148898,0,0,0,0,0,0,0,85.9587,0,0.968124,0,0,262.121,719.269,0,0,930.118,2836.14,0
1691509869960715243,1309,1123,180,0.857907,30.7425,50.3336,73.4957,90.3205,194.259,-3.61763,254.387,443.092,745.226,1042.33,922.248,3021.8,8786.94,22967.6,1158.14,827.058,2383.6,416.559,486.905,122.3,151407,3703.69,5352.07,5.17351,5.32481,0,0,0.0244617,0,4.11472,48.1213,104.862,310.827,1525.58,3358.56,0.000685919,0.000135583,3,3,8,0.727273,1,3.05957,1.88555,1.17402,0.0362185,0.172071,1123,0,0,0,0,0.001,0,0,0,0,0,0,0,0,0,0,0,0,0,0,0,0,0,0,0,0,0,0,0,0,0,0,0,0,0,0,0,0,0,0,0,0,30.7425,73.4957,10.5719,601.737,748.691,0,0.918276,-0.393844,0.0406802,0.999983,0.333219,0.0258163,0.694915,0.82,830.626,1015.49,1442.97,3662.41,217.312,698.961,1317.74,109.321,2367.17,178.301,96.1553,3.36844,-0.90324,0.09186,0.738013,0,0,0,0,0,0,0,90.3205,0,0.966162,0,0,254.387,745.226,0,0,922.248,3021.8,0
1691509870059697623,1236,1064,166,0.860841,30.3021,49.0752,70.7344,92.4491,185.064,-6.71536,249.468,455.128,781.709,1138.52,926.502,3074.57,8815.04,99309.8,1127.91,920.973,2414.83,488.929,471.873,127.548,154437,12630.6,15656.9,4.35068,5.44065,0,0,0.0817848,0,6.8735,57.7393,332.39,601.099,2249.27,12409.6,0.0055938,0.000678712,4,4,8,0.666667,1,2.85859,1.7803,1.07829,0.00497776,0.147745,1064,0,0,0,0,0.001,0,0,0,0,0,0,0,0,0,0,0,0,0,0,0,0,0,0,0,0,0,0,0,0,0,0,0,0,0,0,0,0,0,0,0,0,30.3021,70.7344,16.7147,627.218,762.067,0,0.920074,-0.38941,0.0427153,0.999986,0.297922,0.00730041,0.769912,0.87,814.294,1007.97,1466.69,3680.95,214.857,698.098,1342.1,85.1422,2347.45,2586.28,79.9853,1.2595,-0.0853013,-1.72433,0.512189,0,0,0,0,0,0,0,92.4491,0,0.964286,0,0,249.468,781.709,0,0,926.502,3074.57,0
1691509870159422286,1309,1171,136,0.894576,31.3625,50.1975,70.522,80.7373,197.563,-8.22423,253.016,432.078,696.238,958.053,928.48,2963.35,8416.19,22218,1065.9,808.044,2270.47,427.114,478.408,168.558,152247,3885.6,5849.39,5.38576,6.98247,0,0,0.0255218,0,11.5573,55.0555,115.901,421.421,1865.66,3379.8,0.000130959,3.68221e-05,3,3,8,0.727273,1,2.85335,1.74049,1.11286,0.0136566,0.115421,1171,0,0,0,0,0.001,0,0,0,0,0,0,0,0,0,0,0,0,0,0,0,0,0,0,0,0,0,0,0,0,0,0,0,0,0,0,0,0,0,0,0,0,31.3625,70.522,11.8157,605.895,757.289,0,0.920999,-0.387201,0.0428557,0.999997,0.137461,0.0114085,0.818182,0.9,824.417,1004.02,1392.66,3521.92,217.845,693.426,1311.62,96.0814,2496.8,100.51,93.5844,1.67359,0.0388412,-0.289078,0.122791,0,0,0,0,0,0,0,80.7373,0,0.982067,0,0,253.016,696.238,0,0,928.48,2963.35,0
1691509870259145546,1287,1141,140,0.886558,31.803,51.7262,72.28,89.3699,184.923,-9.37335,235.46,431.513,712.389,958.93,924.541,2708.69,7104.89,18347.6,1040.86,846.238,2141.02,430.084,476.293,160.577,150700,3043.91,4659.73,7.72218,6.74856,0,0,0.0201985,0,10.6578,57.8933,149.45,454.752,1257,2729.97,3.07454e-05,5.73296e-06,7,7,9,0.5625,1,2.81529,1.65877,1.15652,0.0476957,0.0895563,1141,0,0,0,0,0.001,0,0,0,0,0,0,0,0,0,0,0,0,0,0,0,0,0,0,0,0,0,0,0,0,0,0,0,0,0,0,0,0,0,0,0,0,31.803,72.28,12.6233,608.512,739.865,0,0.920682,-0.388012,0.042322,0.999999,0.0585475,0.00971064,0.834862,0.91,813.021,992.154,1374.31,3446.8,222.747,690.532,1279.47,101.459,2422.66,129.668,108.344,2.77608,-1.43393,-0.955665,0.773996,0,0,0,0,0,0,0,89.3699,0,0.971954,0,0,235.46,712.389,0,0,924.541,2708.69,0
1691509870359354174,1294,1175,113,0.908037,29.2617,49.5679,70.5631,86.6106,160.438,-10.3607,259.698,454.725,820.983,1211,956.553,3211.77,10012.4,17205.7,1109.86,938.023,2484.17,491.332,526.209,255.048,154047,4355.6,7006.33,6.69367,5.97882,0,0,0.0282745,0,21.5518,80.6178,225.709,885.647,2074.63,3718.18,0.000605776,8.65101e-05,4,4,8,0.666667,1,2.97238,1.83533,1.13705,0.0246135,0.136573,1175,0,0,0,0,0.001,0,0,0,0,0,0,0,0,0,0,0,0,0,0,0,0,0,0,0,0,0,0,0,0,0,0,0,0,0,0,0,0,0,0,0,0,29.2617,70.5631,13.3197,602.936,761.744,0,0.920978,-0.387285,0.042543,1,0.0467546,0.00572505,0.818182,0.9,811.936,1008.63,1417.23,3362.5,221.236,694.825,1317.55,87.2716,2517.64,205.547,201.529,2.53974,-1.20035,-0.938529,1.08216,0,0,0,0,0,0,0,86.6106,0,0.971064,0,0,259.698,820.983,0,0,956.553,3211.77,0
1691509870460473970,1397,1257,122,0.899785,28.6694,47.059,67.0413,79.1245,178.062,-6.76594,256.762,452.399,743.724,969.68,882.07,2752.72,7544.25,17913.5,958.362,861.61,2246.09,464.979,476.736,282.775,151026,3483.04,5328.68,3.99577,2.89757,0,0,0.0230625,0,13.2559,72.1973,121.147,508.682,1528.54,3084.85,0.00131942,0.000170659,5,4,11,0.733333,1,3.14889,2.08165,1.06725,0.0182295,0.226738,1257,0,0,0,0,0.001,0,0,0,0,0,0,0,0,0,0,0,0,0,0,0,0,0,0,0,0,0,0,0,0,0,0,0,0,0,0,0,0,0,0.0246619,47.9174,94.5919,28.4107,66.6003,15.6852,602.372,735.943,0,0.9207,-0.388334,0.0388411,0.999993,0.221036,0.0104433,0.801802,0.89,809.896,976.608,1309.87,2515.24,219.072,689.754,1251.46,82.17,2593.58,129.958,89.9257,2.64839,0.16313,-0.0182503,-0.78435,0,0,0,0,0,0.0221904,96.5463,77.5148,0.967742,0.986134,535.377,960.766,253.795,729.524,885.654,1542.42,880.567,2827.45,0.00633743
1691509870561585306,1308,1213,90,0.92737,27.8739,47.4448,65.1872,77.5511,160.129,-6.63461,264.221,465.623,776.331,999.752,842.371,2735.62,6387.57,19862.9,904.951,912.473,2101.42,509.693,481.621,258.86,146886,2787.94,4409.02,10.4495,7.51242,0,0,0.0189804,0,13.0198,78.2383,181.398,520.708,1127.46,2488.2,0.000592388,0.000190291,3,3,10,0.769231,1,3.46509,2.47884,0.98625,0.0170078,0.0446627,1213,0,0,0,0,0.001,0,0,0,0,0,0,0,0,0,0,0,0,0,0,0,0,0,0,0,0,0,0,0,0,0,0,0,0,0,0,0,0,0,0.0420445,25.2772,73.643,28.047,64.382,14.0658,610.653,728.281,0,0.920377,-0.388858,0.0411891,0.999997,0.139077,0.00622757,0.818182,0.9,808.801,970.593,1338.03,2324.14,225.22,689.964,1285,124.13,2718.99,203.208,110.929,2.74777,-0.715017,-0.54067,-0.169379,0,0,0,0,0,0.0389908,78.3726,77.4176,0.980392,0.990534,543.631,921.607,256.084,749.936,882.222,1412.14,840.663,2839.04,0.0112885
1691509870662271685,1377,1282,95,0.931009,27.3765,44.2625,63.158,75.854,151.859,-5.18226,245.083,459.4,782.104,1017.04,799.142,2603.39,6180.06,18982.1,831.362,975.647,1902.21,478.227,447.16,348.023,140273,2758.28,4447.74,3.93622,3.02868,0,0,0.0196637,0,23.479,73.2077,104.852,463.504,1558.18,2224.51,0.00185211,0.000204474,16,15,10,0.4,1,2.62228,1.6419,0.980379,0.176268,0.173044,1282,0,0,0,0,0.001,0,0,0,0,0,0,0,0,0,0,0,0,0,0,0,0,0,0,0,0,0,0,0,0,0,0,0,0,0,0,0,0,0,0.0624025,18.633,50.3081,28.1307,64.0716,11.6024,606.588,708.809,0,0.920176,-0.389283,0.0416501,1,0.0377051,0.0177769,0.754386,0.86,798.335,983.361,1387.71,2089.55,229.661,692.15,1303.67,110.34,2710.39,120.092,85.5326,1.2919,0.608657,0.142894,-0.208288,0,0,0,0,0,0.060276,56.1407,78.3587,1,0.989185,498.636,1020.51,235.275,753.764,791.363,1655.99,799.142,2636.17,0.0234946
1691509870763042895,1344,1245,82,0.926339,24.7819,43.7774,62.8557,77.5809,171.822,-6.87704,249.486,441.529,760.616,1003.1,803.881,2647.7,6009.51,12759.8,723.757,925.968,2058.55,505.112,443.487,273.228,139218,2543.11,3722.8,4.60558,6.22051,0,0,0.0182671,0,13.0925,65.1068,93.0761,455.476,695.347,2400.7,0.00118491,0.000380344,7,6,12,0.666667,1,2.7047,1.78883,0.915878,0.0443576,0.144819,1245,0,0,0,0,0.001,0,0,0,0,0,0,0,0,0,0,0,0,0,0,0,0,0,0,0,0,0,0,0,0,0,0,0,0,0,0,0,0,0,0.064257,29.0277,62.9119,24.6473,62.7167,16.378,588.317,703.305,0,0.921589,-0.385954,0.0413945,0.999993,0.207716,0.0484306,0.709402,0.83,789.116,983.486,1327.03,2064.66,230.919,675.195,1275.95,139.152,2683.99,121.517,68.1384,0.58229,-0.616183,0.259076,0.408955,0,0,0,0,0,0.061756,71.88,77.8963,0.9875,0.9897,420.606,827.676,238.916,733.17,667.831,1356.9,818.458,2686.22,0.0231753
1691509870863850717,1284,1194,77,0.929907,24.2147,42.3112,66.2343,80.8056,205.107,-5.32412,253.572,442.414,711.124,982.603,821.43,2443.71,6285.51,19786.2,640.386,913.046,1943.69,492.185,403.038,235.807,131227,2541.24,4057.33,5.02549,4.41887,0,0,0.0193651,0,15.257,70.0384,90.6376,476.452,1243.83,2161.11,0.00116676,0.000237301,4,4,8,0.666667,1,2.76691,1.8262,0.940709,0.0221936,0.248961,1194,0,0,0,0,0.001,0,0,0,0,0,0,0,0,0,0,0,0,0,0,0,0,0,0,0,0,0,0,0,0,0,0,0,0,0,0,0,0,0,0.0326633,38.1258,85.2556,23.7815,65.2595,16.0904,573.976,689.933,0,0.920678,-0.388219,0.0404641,0.999997,0.149726,0.0166113,0.785714,0.88,782.905,985.697,1450.42,2037.93,236.119,688.64,1344.63,104.312,2668.85,95.7477,61.4575,1.4529,-0.205891,-0.0148333,0.0342365,0,0,0,0,0,0.0303738,93.687,79.6954,0.974359,0.984416,529.542,1009.78,246.826,700.33,803.272,1617.48,825.072,2449.06,0.0155518
1691509870964546176,1307,1227,74,0.938791,24.5762,42.4888,64.7437,78.8503,149.401,-8.31042,245.942,429.168,730.412,970.594,814.449,2544.81,5917.11,14620.6,698.445,844.199,2034.62,505.794,391.62,209.127,133778,2581.47,3901.02,2.53523,4.87487,0,0,0.0192967,0,13.8073,65.6758,74.7567,501.278,869.095,2376.4,0.00789323,0.00124499,4,4,8,0.666667,1,2.7966,1.90246,0.894139,0.013642,0.0502548,1227,0,0,0,0,0.001,0,0,0,0,0,0,0,0,0,0,0,0,0,0,0,0,0,0,0,0,0,0,0,0,0,0,0,0,0,0,0,0,0,0,0,0,24.5762,64.7437,13.6292,574.149,704.221,0,0.920321,-0.389132,0.0398292,0.999999,0.0668941,0.0178005,0.769912,0.87,761.14,950.753,1329.25,2032.24,232.112,676.546,1247.82,80.2234,2636.39,89.5908,52.7451,0.0907808,0.271322,0.56317,-0.107872,0,0,0,0,0,0,0,78.8503,0,0.991035,0,0,245.942,730.412,0,0,814.449,2544.81,0
1691509871064917473,1216,1152,51,0.947368,25.9026,44.9488,65.6965,80.3199,168.707,-8.76648,242.819,432.184,734.636,980.131,848.985,2796.5,6993.18,19321.6,725.054,893.383,2198.61,511.826,367.271,214.385,135419,3023.69,4914.18,6.59289,5.84968,0,0,0.0223283,0,13.2679,93.7929,185.335,538.812,1554.79,2528.17,0.0123662,0.00148225,5,4,11,0.733333,1,2.77847,1.8634,0.91507,0.0218874,0.106945,1152,0,0,0,0,0.001,0,0,0,0,0,0,0,0,0,0,0,0,0,0,0,0,0,0,0,0,0,0,0,0,0,0,0,0,0,0,0,0,0,0,0,0,25.9026,65.6965,14.8718,588.807,704.321,0,0.920506,-0.388625,0.0404764,1,0.0482739,0.0026815,0.709402,0.83,782.852,983.874,1466.56,2056.99,231.709,677.406,1340.39,97.028,2678,125.476,107.378,0.968358,-0.301983,0.495672,-0.400411,0,0,0,0,0,0,0,80.3199,0,0.984375,0,0,242.819,734.636,0,0,848.985,2796.5,0
1691509871164901978,1182,1098,58,0.928934,27.4934,50.6679,71.7223,82.8709,221.457,-10.3481,248.961,432.562,776.361,984.787,881.847,2901.9,8656.61,16758.2,871.461,838.381,2330.61,467.964,389.378,231.106,140465,3360.92,5283.53,3.44612,3.43245,0,0,0.0239271,0,8.77548,60.4143,106.573,537.766,1761.06,2808.94,0.00954856,0.00114269,5,5,8,0.615385,1,2.65316,1.65353,0.999631,0.00726743,0.0652892,1098,0,0,0,0,0.001,0,0,0,0,0,0,0,0,0,0,0,0,0,0,0,0,0,0,0,0,0,0,0,0,0,0,0,0,0,0,0,0,0,0,0,0,27.4934,71.7223,18.597,598.155,730.248,0,0.921506,-0.385961,0.0431427,0.999992,0.223403,0.0173363,0.769912,0.87,811.399,1017.13,1500.91,2585.12,232.452,694.101,1386.43,107.402,2629.05,114.969,61.5844,-0.145692,-0.269816,-0.0305823,0.0274406,0,0,0,0,0,0,0,82.8709,0,0.984517,0,0,248.961,776.361,0,0,881.847,2901.9,0
1691509871264344540,1185,1103,58,0.930802,27.1457,47.2368,68.9704,82.9304,215.509,-12.5179,254.998,474.781,840.544,1192.63,935.177,3439.74,8032.66,17179.8,1203,918.39,2632.83,540.424,449.602,259.055,141848,3799.62,5813,5.04771,3.84033,0,0,0.0267867,0,8.95821,88.1122,107.841,628.472,1588.59,3391.03,0.00343552,0.000413698,3,3,10,0.769231,1,2.27519,1.28757,0.987616,0.0104535,0.0627773,1103,0,0,0,0,0.001,0,0,0,0,0,0,0,0,0,0,0,0,0,0,0,0,0,0,0,0,0,0,0,0,0,0,0,0,0,0,0,0,0,0,0,0,27.1457,68.9704,15.1534,582.288,732.559,0,0.920286,-0.388745,0.0441736,0.999995,0.183857,0.0453061,0.73913,0.85,828.083,1029.67,1504.39,2318.05,233.602,695.508,1423.57,86.9623,2653.05,137.489,70.946,1.42124,0.0323215,0.858912,0.321379,0,0,0,0,0,0,0,82.9304,0,0.979148,0,0,254.998,840.544,0,0,935.177,3439.74,0
1691509871363588060,1181,1119,58,0.947502,28.1649,48.9573,71.7644,82.7977,157.984,-10.2962,244.788,481.525,884.696,1226.74,936.542,3655.37,8813.66,24627,1292.22,1022.59,2811.32,552.886,532.62,279.562,143751,4332.4,6735.36,3.82588,3.85743,0,0,0.0301382,0,7.67012,77.0673,222.568,849.962,1685.83,3892.26,0.00532479,0.00066493,9,9,13,0.590909,1,2.62491,1.62202,1.00289,0.0446064,0.132377,1119,0,0,0,0,0.001,0,0,0,0,0,0,0,0,0,0,0,0,0,0,0,0,0,0,0,0,0,0,0,0,0,0,0,0,0,0,0,0,0,0,0,0,28.1649,71.7644,19.8462,591.417,741.737,0,0.922404,-0.383924,0.0421159,0.999984,0.323927,0.0185383,0.785714,0.88,841.332,1084.27,1646.32,2582.77,231.619,693.016,1490.89,78.9927,2651.42,264.116,110.217,1.11794,-0.0446589,0.048834,-0.0927531,0,0,0,0,0,0,0,82.7977,0,0.981233,0,0,244.788,884.696,0,0,936.542,3655.37,0
1691509871462659014,1231,1170,53,0.950447,28.0245,52.4848,75.8833,93.9825,149.012,-13.4447,215.513,446.876,854.545,1214.08,890.22,3531.48,9109.16,20202.2,1374.73,1037.26,2550.67,512.254,533.713,273.711,138094,4138.22,6620.64,2.66159,2.46886,0,0,0.0299666,0,9.7353,85.5768,99.0446,736.949,2408.62,3280.72,0.000940852,0.000234135,7,7,11,0.611111,1,2.89791,1.67189,1.22603,0.0198046,0.10158,1170,0,0,0,0,0.001,0,0,0,0,0,0,0,0,0,0,0,0,0,0,0,0,0,0,0,0,0,0,0,0,0,0,0,0,0,0,0,0,0,0,0,0,28.0245,75.8833,16.6086,580.989,750.403,0,0.92189,-0.385187,0.0418257,0.999999,0.0799167,0.00758929,0.818182,0.9,842.801,1065.86,1659.57,3092.66,232.911,696.352,1455.21,81.5394,2577.85,114.09,73.0619,0.556594,0.0786217,0.19703,0.104088,0,0,0,0,0,0,0,93.9825,0,0.961538,0,0,215.513,854.545,0,0,890.22,3531.48,0
1691509871561860651,1141,1115,26,0.977213,29.8855,52.1439,75.0997,89.2946,169.354,-12.5249,230.794,431.912,842.761,1166.48,908.423,3459.26,8937.6,20842.4,1271.21,1082.32,2516.5,459.39,519.765,230.245,134548,4098.77,6544.69,5.21539,5.52104,0,0,0.0304632,0,11.5232,80.5792,109.483,616.058,2829.85,2897.2,0.0122858,0.00208284,6,5,9,0.642857,1,2.65729,1.50924,1.14805,0.0489252,0.113313,1115,0,0,0,0,0.001,0,0,0,0,0,0,0,0,0,0,0,0,0,0,0,0,0,0,0,0,0,0,0,0,0,0,0,0,0,0,0,0,0,0,0,0,29.8855,75.0997,20.126,571.897,725.977,0,0.922016,-0.384838,0.0422707,1,0.0331941,0.021341,0.801802,0.89,837.137,1053.54,1699.36,2994.87,232.919,702.124,1570.04,79.8947,2544.38,126.265,75.0776,0.634792,0.583703,-0.0061113,-0.568877,0,0,0,0,0,0,0,89.2946,0,0.9713,0,0,230.794,842.761,0,0,908.423,3459.26,0
1691509871660703973,1082,1052,26,0.972274,32.2176,55.1277,75.3654,90.4367,148.368,-9.01468,227.915,434.162,816.202,1162.34,922.48,3465.73,8889.25,17906.4,1314.78,1055.37,2533.68,405.664,546.88,239.463,131938,3786.53,6066.54,2.88195,1.93606,0,0,0.0286994,0,9.59437,72.3188,83.6387,712.407,2171.64,3016.94,0.00273883,0.000221472,7,6,15,0.714286,1,2.84511,1.68961,1.1555,0.04136,0.160335,1052,0,0,0,0,0.001,0,0,0,0,0,0,0,0,0,0,0,0,0,0,0,0,0,0,0,0,0,0,0,0,0,0,0,0,0,0,0,0,0,0,0,0,32.2176,75.3654,17.9968,567.625,699.378,0,0.922528,-0.383744,0.0410238,0.999998,0.0994865,0.00234887,0.801802,0.89,849.861,1049.99,1655.93,2938.37,238.067,703.407,1503.87,93.9047,2514.92,86.9456,76.1273,1.64224,-1.11773,0.121769,0.962971,0,0,0,0,0,0,0,90.4367,0,0.965779,0,0,227.915,816.202,0,0,922.48,3465.73,0
1691509871760334028,1110,1081,25,0.973874,32.4174,56.1574,77.2449,98.6726,184.81,-9.5245,226.743,422.54,821.814,1223.09,883.662,3442.14,8781.41,23395.6,1172.06,1174.04,2393.3,386.393,547.057,251.577,130888,3647.68,5969.4,4.22709,3.90781,0,0,0.0278687,0,14.0356,64.5587,76.4496,794.944,2327.81,2691.6,0.0386063,0.00206285,6,6,12,0.666667,1,3.35226,2.04835,1.30392,0.0448823,0.129385,1081,0,0,0,0,0.001,0,0,0,0,0,0,0,0,0,0,0,0,0,0,0,0,0,0,0,0,0,0,0,0,0,0,0,0,0,0,0,0,0,0,0,0,32.4174,77.2449,20.4672,575.954,683.579,0,0.922092,-0.384783,0.0410935,0.999999,0.0647143,0.00388162,0.754386,0.86,826.125,1038.36,1658.14,2763.08,236.678,699.789,1554.3,87.8396,2467.7,84.4102,60.903,2.05253,-0.170572,-1.55812,-0.0590701,0,0,0,0,0,0,0,98.6726,0,0.951896,0,0,226.743,821.814,0,0,883.662,3442.14,0
1691509871859886441,1171,1072,86,0.915457,29.597,54.1838,77.1071,88.453,190.997,-7.94666,246.914,477.948,874.833,1291.56,1017.42,3918.74,9544.43,22799.5,1214.05,1383.8,2644.5,392.045,593.141,343.175,131077,4603.91,7440.12,2.09373,1.98108,0,0,0.0351238,0,17.0535,88.5648,107.004,851.353,2939.05,3437.09,0.0332645,0.0020388,8,8,11,0.578947,1,3.27365,2.11723,1.15643,0.0379657,0.143631,1072,0,0,0,0,0.001,0,0,0,0,0,0,0,0,0,0,0,0,0,0,0,0,0,0,0,0,0,0,0,0,0,0,0,0,0,0,0,0,0,0,0,0,29.597,77.1071,19.7621,590.292,678.946,0,0.92277,-0.38318,0.0408492,0.999998,0.100729,0.0435213,0.724138,0.84,860.466,1023.42,1653.28,2744.8,239.474,729.983,1500.04,84.5415,2586.24,116.715,79.6653,0.242189,-0.450137,-0.0585132,0.51257,0,0,0,0,0,0,0,88.453,0,0.968284,0,0,246.914,874.833,0,0,1017.42,3918.74,0
1691509871960299400,1189,1108,80,0.931876,29.8997,50.878,75.5932,89.0496,184.863,-6.35892,225.606,443.252,807.074,1164.72,888.067,3757.62,8914,15264.3,1038.31,1180.19,2468.23,344.308,525.265,256.465,133524,3965.82,6360.6,3.33521,2.15626,0,0,0.0297013,0,14.143,66.7435,80.6028,715.091,2452.16,3031.86,0.00195516,0.000301192,6,6,8,0.571429,1,3.42051,2.27567,1.14484,0.0754722,0.0685942,1108,0,0,0,0,0.001,0,0,0,0,0,0,0,0,0,0,0,0,0,0,0,0,0,0,0,0,0,0,0,0,0,0,0,0,0,0,0,0,0,0,0,0,29.8997,75.5932,21.7762,599.486,685.738,0,0.922886,-0.382956,0.0403232,1,0.0334187,0.0165765,0.769912,0.87,849.031,1052.94,1677.6,2724.87,238.928,724.816,1569.94,76.9656,2581.01,89.7677,67.0107,1.41851,-0.413827,-0.542217,0.200076,0,0,0,0,0,0,0,89.0496,0,0.969314,0,0,225.606,807.074,0,0,888.067,3757.62,0
1691509872060656029,1205,1128,74,0.9361,31.225,53.9099,78.7859,96.6359,206.933,-5.0447,225.042,445.759,896.759,1236.55,902.992,4118.55,10796.5,22903.3,1159.67,1155.42,2827.94,376.317,606.152,199.791,138836,5335.87,8412.35,7.29411,7.71449,0,0,0.038433,0,23.1467,39.8556,92.806,908.191,3109.91,4238.44,0.00395749,0.00120543,8,8,8,0.5,1,4.09256,2.78913,1.30343,0.0901973,0.107961,1128,0,0,0,0,0.001,0,0,0,0,0,0,0,0,0,0,0,0,0,0,0,0,0,0,0,0,0,0,0,0,0,0,0,0,0,0,0,0,0,0,0,0,31.225,78.7859,18.4615,605.774,694.765,0,0.923575,-0.381299,0.0402428,0.999998,0.102937,0.00576877,0.754386,0.86,866.837,1065.48,1653.77,2578.13,229.136,728.222,1524.52,91.4266,2543.07,95.9371,52.1883,0.178189,-0.174042,0.0704768,0.0331235,0,0,0,0,0,0,0,96.6359,0,0.958333,0,0,225.042,896.759,0,0,902.992,4118.55,0
1691509872160947093,1296,1231,62,0.949846,31.4723,52.6722,71.4408,84.5787,164.005,-3.10016,233.162,428.934,845.024,1239.49,932.613,3944.08,9826.83,20735.1,1245.91,1223.54,2594.97,394.052,557.187,251.065,145376,5091.38,8074.15,11.1533,8.41665,0,0,0.0350221,0,22.3687,74.8046,80.8339,889.948,2967.29,4038.9,0.000155304,6.19627e-05,3,3,8,0.727273,1,4.26135,3.0282,1.23315,0.0629908,0.217431,1231,0,0,0,0,0.001,0,0,0,0,0,0,0,0,0,0,0,0,0,0,0,0,0,0,0,0,0,0,0,0,0,0,0,0,0,0,0,0,0,0,0,0,31.4723,71.4408,19.4544,616.689,699.857,0,0.923572,-0.381139,0.0418124,0.999999,0.0903948,0.0389333,0.709402,0.83,895.224,1059.39,1655,2581.88,232.282,751.754,1515.31,85.2844,2630.4,82.9808,74.2187,1.00822,-0.156554,-0.670166,0.0167473,0,0,0,0,0,0,0,84.5787,0,0.974817,0,0,233.162,845.024,0,0,932.613,3944.08,0
1691509872261084218,1255,1207,43,0.961753,27.5853,45.2665,67.1005,77.5842,151.669,-5.9398,236.752,446.491,795.996,1057.53,894.799,3917.2,10433.1,15549.5,1224.1,1106.36,2529.77,404.588,543.52,218.496,142472,5260.13,8281.65,10.7262,8.98766,0,0,0.0369205,0,24.1587,61.8518,73.3626,825.087,3227.91,4069.28,0.00986258,0.00228879,5,4,12,0.75,1,3.37436,2.38453,0.989826,0.0743673,0.0713822,1207,0,0,0,0,0.001,0,0,0,0,0,0,0,0,0,0,0,0,0,0,0,0,0,0,0,0,0,0,0,0,0,0,0,0,0,0,0,0,0,0,0,0,27.5853,67.1005,24.427,627.543,693.03,0,0.925288,-0.376963,0.0417174,0.99999,0.258758,0.059184,0.769912,0.87,910.066,1056.37,1575.13,2581.73,232.637,756.122,1481.18,77.2798,2619.33,70.7538,65.3829,0.883171,0.615484,-0.599462,-0.668106,0,0,0,0,0,0,0,77.5842,0,0.98343,0,0,236.752,795.996,0,0,894.799,3917.2,0
1691509872361266662,1310,1257,52,0.959542,28.5083,46.8851,62.9575,75.0357,170.971,-7.38844,227.722,438.153,821.532,1067.48,878.974,3990.76,10158.8,17355.4,1310.87,1319.39,2692.35,467.579,522.541,188.7,144839,5679.88,8820.96,4.08866,7.22179,0,0,0.039215,0,23.1939,53.2285,80.6458,836.175,3237.33,4590.39,0.000179272,5.18927e-05,4,4,8,0.666667,1,3.88463,2.85719,1.02744,0.0689084,0.0998047,1257,0,0,0,0,0.001,0,0,0,0,0,0,0,0,0,0,0,0,0,0,0,0,0,0,0,0,0,0,0,0,0,0,0,0,0,0,0,0,0,0,0,0,28.5083,62.9575,27.0847,621.331,691.585,0,0.926187,-0.374799,0.0412771,0.999997,0.13663,0.0227415,0.801802,0.89,901.889,1066.43,1641.53,2627.48,232.315,746.497,1492.07,70.6163,2593.48,83.5484,56.1829,0.286975,0.488545,0.133872,-0.605132,0,0,0,0,0,0,0,75.0357,0,0.986476,0,0,227.722,821.532,0,0,878.974,3990.76,0
1691509872461102391,1394,1354,39,0.971306,25.6378,42.8341,63.5007,77.658,175.828,-7.43797,232.201,439.632,792.4,1080.83,853.219,3584.6,9916.08,19132.1,1252.95,1214.96,2488.47,490.88,480.245,201.687,141215,5322.41,8390.79,3.88101,4.14541,0,0,0.0376902,0,25.4444,62.0863,87.9554,851.261,3193.85,4170.19,0.000529279,9.02038e-05,4,4,8,0.666667,1,3.15435,2.12328,1.03106,0.0634411,0.189084,1354,0,0,0,0,0.001,0,0,0,0,0,0,0,0,0,0,0,0,0,0,0,0,0,0,0,0,0,0,0,0,0,0,0,0,0,0,0,0,0,0,0,0,25.6378,63.5007,24.2306,617.352,712.417,0,0.925739,-0.376039,0.0400372,0.999998,0.103691,0.0363041,0.851852,0.92,897.621,1069.91,1654.25,2720.79,231.405,731.778,1574.27,69.6778,2505.86,92.4494,63.4753,0.314021,0.956087,-0.356041,-0.946981,0,0,0,0,0,0,0,77.658,0,0.98449,0,0,232.201,792.4,0,0,853.219,3584.6,0
1691509872561244406,1433,1407,24,0.981856,26.7029,44.0537,63.8846,77.712,152.115,-7.15102,220.458,426.845,805.604,1109.7,810.954,3913.83,10895.3,14563.1,1471.82,1257.96,2558.87,476.236,459.793,220.684,136941,5989.54,9334.81,5.7539,5.74511,0,0,0.0437382,0,30.6503,55.3807,84.3265,945.204,3337.58,4881.66,0.0727469,0.00436765,8,8,8,0.5,1,3.25767,2.14499,1.11269,0.0601638,0.187587,1407,0,0,0,0,0.001,0,0,0,0,0,0,0,0,0,0,0,0,0,0,0,0,0,0,0,0,0,0,0,0,0,0,0,0,0,0,0,0,0,0,0,0,26.7029,63.8846,25.3218,593.897,686.782,0,0.925768,-0.37577,0.0418465,0.999998,0.104808,0.0183667,0.834862,0.91,899.505,1065.74,1653.34,2632.12,229.721,730.383,1566.48,61.5959,2596.41,88.9871,67.8517,0.399934,0.329418,-0.432835,-0.335343,0,0,0,0,0,0,0,77.712,0,0.98081,0,0,220.458,805.604,0,0,810.954,3913.83,0
1691509872661501177,1496,1459,35,0.975267,24.6895,42.5416,62.4571,74.8754,130.696,-3.59402,206.567,401.81,802.96,1090.08,739.731,3547.34,11149.5,17971.8,1205.96,1179.4,2433.58,521.746,409.733,187.158,133653,6636.47,10225.6,4.71117,5.12752,0,0,0.0496543,0,29.3183,69.2278,84.5059,962.19,3571.2,5509.15,0.0146545,0.00218586,6,6,11,0.647059,1,2.83608,1.80188,1.0342,0.0555522,0.126684,1459,0,0,0,0,0.001,0,0,0,0,0,0,0,0,0,0,0,0,0,0,0,0,0,0,0,0,0,0,0,0,0,0,0,0,0,0,0,0,0,0,0,0,24.6895,62.4571,25.6865,581.588,687.726,0,0.926915,-0.372935,0.0418136,0.999995,0.175266,0.0237183,0.851852,0.92,892.839,1057.05,1696.1,2649.91,229.704,741.062,1650.69,70.077,2625.41,83.469,75.2775,-0.419636,0.188842,-0.0575628,-0.312225,0,0,0,0,0,0,0,74.8754,0,0.989034,0,0,206.567,802.96,0,0,739.731,3547.34,0
1691509872761797945,1432,1411,19,0.985335,24.0234,42.6039,64.1461,78.4841,169.974,-5.76631,214.396,411.16,770.349,1007.13,757.753,3677.12,10178.6,17177.3,1310.32,1220.01,2293.29,484.671,396.605,182.22,129252,5629.15,8799.08,1.95698,1.9849,0,0,0.0435516,0,25.9308,75.7482,79.8903,880.979,3171.33,4565.21,0.0584011,0.00679453,6,5,10,0.666667,1,2.8988,1.84554,1.05327,0.0583106,0.10267,1411,0,0,0,0,0.001,0,0,0,0,0,0,0,0,0,0,0,0,0,0,0,0,0,0,0,0,0,0,0,0,0,0,0,0,0,0,0,0,0,0,0,0,24.0234,64.1461,22.349,555.23,664.421,0,0.926263,-0.37449,0.0423485,0.999998,0.101355,0.0354185,0.886792,0.94,892.177,1054.37,1693.53,2638.35,228.133,759.423,1651.28,65.3397,2525.02,81.0251,74.0883,-0.0512291,-0.0813294,0.0417822,0.0818655,0,0,0,0,0,0,0,78.4841,0,0.987952,0,0,214.396,770.349,0,0,757.753,3677.12,0
1691509872861446954,1411,1396,15,0.989369,24.5499,41.2635,61.1778,73.8506,144.618,-3.97209,215.329,417.331,797.98,1057.78,780.136,3560.48,12595.1,22643.2,1557.64,1207.43,2134.83,501.828,385.882,242.591,128284,6585.35,10069.7,2.38568,2.74416,0,0,0.0513341,0,26.7522,87.5606,98.3554,891.501,3395.69,5569.86,0.00775983,0.0013789,7,6,11,0.647059,1,2.74933,1.7931,0.95623,0.0549512,0.197678,1396,0,0,0,0,0.001,0,0,0,0,0,0,0,0,0,0,0,0,0,0,0,0,0,0,0,0,0,0,0,0,0,0,0,0,0,0,0,0,0,0,0,0,24.5499,61.1778,21.615,554.392,666.993,0,0.926513,-0.373981,0.0413652,0.999999,0.065026,0.0814104,0.886792,0.94,891.046,1041.09,1667.7,2598.93,223.215,719.32,1641.47,58.9797,2624.25,105.051,80.8742,-0.121115,-0.389031,-0.0252385,0.477945,0,0,0,0,0,0,0,73.8506,0,0.990688,0,0,215.329,797.98,0,0,780.136,3560.48,0
1691509872961397681,1524,1507,16,0.988845,25.8584,44.231,65.1415,75.8873,119.698,-3.09748,218.565,450.812,848.496,1159.71,836.433,4082.04,11350.2,17285.9,1950.45,1344.19,2410.26,496.562,376.877,339.126,129878,7409.02,11464.5,4.28522,3.75016,0,0,0.0570461,0,37.8582,92.9061,108.652,1032,4132.75,6060.29,0.0109109,0.00094794,9,9,11,0.55,1,2.79624,1.69762,1.09863,0.0572262,0.174736,1507,0,0,0,0,0.001,0,0,0,0,0,0,0,0,0,0,0,0,0,0,0,0,0,0,0,0,0,0,0,0,0,0,0,0,0,0,0,0,0,0,0,0,25.8584,65.1415,23.3301,561.735,667.935,0,0.927007,-0.372711,0.0417613,0.999999,0.0813385,0.0202602,0.834862,0.91,882.144,1035.05,1669.66,2699.38,220.192,718.369,1638.18,62.3443,2665.73,113.323,96.0187,0.426599,0.68184,-1.11909,-0.648108,0,0,0,0,0,0,0,75.8873,0,0.993364,0,0,218.565,848.496,0,0,836.433,4082.04,0
1691509873062288377,1618,1598,18,0.987639,23.3916,39.9678,60.3574,74.726,149.872,1.33806,205.141,408.777,874.909,1152.37,755.629,3756.69,10719.2,17788.9,1716.32,1239.59,2228.5,492.791,313.683,271.232,128554,7219.37,11214.3,6.2551,6.37777,0,0,0.0561585,0,35.2816,105.254,111.844,1060.13,3964.05,5937.76,0.0430874,0.00491548,5,4,10,0.714286,1,3.02226,1.96221,1.06005,0.0571504,0.292673,1598,0,0,0,0,0.001,0,0,0,0,0,0,0,0,0,0,0,0,0,0,0,0,0,0,0,0,0,0,0,0,0,0,0,0,0,0,0,0,0,0,0,0,23.3916,60.3574,21.5876,562.976,661.436,0,0.925247,-0.377051,0.0418352,0.999989,0.268359,0.00694816,0.886792,0.94,866.116,1046.55,1686.5,2707.49,219.971,708.432,1646.75,62.125,2652.97,113.529,104.948,0.971749,-0.251209,-0.800705,0.212512,0,0,0,0,0,0,0,74.726,0,0.990613,0,0,205.141,874.909,0,0,755.629,3756.69,0
1691509873162549745,1512,1500,12,0.992063,23.2727,42.3115,65.0292,77.0131,165.965,0.511553,223.41,460.77,883.249,1115.98,858.149,4135.13,10297,19726.6,1982.64,1239.38,2455.75,525.644,394.845,325.198,130226,6972.91,10875.7,6.8959,6.88115,0,0,0.0535448,0,42.6326,94.2418,124.248,969.659,4066.51,5578.4,0.105255,0.0101252,9,9,11,0.55,1,3.0282,1.92706,1.10115,0.0445931,0.107267,1500,0,0,0,0,0.001,0,0,0,0,0,0,0,0,0,0,0,0,0,0,0,0,0,0,0,0,0,0,0,0,0,0,0,0,0,0,0,0,0,0,0,0,23.2727,65.0292,20.5594,577.465,672.975,0,0.925504,-0.37653,0.04083,0.999999,0.0665135,0.0207547,0.818182,0.9,889.423,1082.02,1692.86,2700.59,218.404,739.012,1642.15,54.7912,2562.81,126.988,100.943,0.700834,-0.72785,-0.602318,0.725674,0,0,0,0,0,0,0,77.0131,0,0.988,0,0,223.41,883.249,0,0,858.149,4135.13,0
1691509873262945963,1501,1484,17,0.988674,23.7421,42.5275,61.6981,79.6236,179.347,-0.307622,208.317,430.554,854.367,1150.76,774.187,3871.53,11488.6,20918.2,1857.81,1071.29,2097.9,448.429,380.587,297.353,133379,7217.35,10868.6,4.74939,5.13039,0,0,0.0541117,0,34.453,111.718,126.623,898.963,3392.76,6304.08,0.0173634,0.00133405,7,7,12,0.631579,1,2.91451,1.77658,1.13794,0.0493955,0.0516923,1484,0,0,0,0,0.001,0,0,0,0,0,0,0,0,0,0,0,0,0,0,0,0,0,0,0,0,0,0,0,0,0,0,0,0,0,0,0,0,0,0,0,0,23.7421,61.6981,19.0087,589.17,689.821,0,0.925204,-0.377296,0.0405759,1,0.0493383,0.00918775,0.851852,0.92,890.273,1073.18,1657.44,2736.9,219.675,741.074,1636.78,60.2477,2565.13,119.631,115.401,0.202589,-0.531729,-1.76803,0.628877,0,0,0,0,0,0,0,79.6236,0,0.981806,0,0,208.317,854.367,0,0,774.187,3871.53,0
1691509873363668654,1466,1455,11,0.992497,24.6274,43.2725,62.4757,77.7066,204.867,-0.184493,219.84,456.041,902.962,1190.05,834.35,4310.84,9888.59,18089.8,2514.33,1191.33,2260.4,449.541,427.713,427.699,135403,6863.23,10712.5,6.04427,5.42365,0,0,0.0506874,0,42.8314,110.011,119.953,918.194,4088.89,5432.63,0.00893199,0.000901651,5,5,8,0.615385,1,2.76014,1.57241,1.18773,0.0448782,0.276128,1455,0,0,0,0,0.001,0,0,0,0,0,0,0,0,0,0,0,0,0,0,0,0,0,0,0,0,0,0,0,0,0,0,0,0,0,0,0,0,0,0,0,0,24.6274,62.4757,15.8215,592.673,697.505,0,0.923117,-0.38245,0.0398416,0.999984,0.321356,0.00863642,0.851852,0.92,885.837,1064.3,1680.57,2731.31,218.415,716.341,1629.45,53.7885,2640.59,123.034,125.596,-0.119127,-0.659043,-1.64486,0.464904,0,0,0,0,0,0,0,77.7066,0,0.97457,0,0,219.84,902.962,0,0,834.35,4310.84,0
1691509873464288170,1492,1487,5,0.996649,24.0898,44.3927,66.281,84.3727,192.209,1.32092,216.471,417.886,868.866,1177.17,811.841,4191.39,10574.6,17664.7,2359.89,1347.75,2288.25,497.617,382.522,414.648,139843,6579.24,10319.1,3.67936,3.60284,0,0,0.0470472,0,39.7877,100.929,113.573,997.546,3772.34,5294.91,0.0875428,0.00798994,5,4,8,0.666667,1,2.83752,1.51988,1.31764,0.050857,0.137314,1487,0,0,0,0,0.001,0,0,0,0,0,0,0,0,0,0,0,0,0,0,0,0,0,0,0,0,0,0,0,0,0,0,0,0,0,0,0,0,0,0,0,0,24.0898,66.281,19.3364,596.309,711.355,0,0.925154,-0.37755,0.039333,0.999986,0.305445,0.0132599,0.869159,0.93,878.372,1067.92,1683.04,2731.01,217.793,714.157,1619.09,59.2748,2697.23,114.773,125.507,0.522254,0.178217,-0.486996,-0.180982,0,0,0,0,0,0,0,84.3727,0,0.971083,0,0,216.471,868.866,0,0,811.841,4191.39,0
1691509873564230856,1391,1383,7,0.994249,24.083,46.0299,67.9341,84.417,208.287,-0.220278,224.382,520.524,1000.9,1218.57,866.968,4556.76,11120.4,45234,2449.28,1630.95,2479.72,520.163,505.497,571.139,146607,9246.27,13489.9,13.0393,13.2028,0,0,0.0630686,0,44.5009,135.813,183.809,977.793,3761.32,8386.64,0.00434326,0.00188492,4,4,8,0.666667,1,2.75153,1.4489,1.30262,0.0450275,0.0422902,1383,0,0,0,0,0.001,0,0,0,0,0,0,0,0,0,0,0,0,0,0,0,0,0,0,0,0,0,0,0,0,0,0,0,0,0,0,0,0,0,0,0,0,24.083,67.9341,22.4364,631.227,735.337,0,0.925054,-0.377814,0.0391393,1,0.0196072,0.00309479,0.801802,0.89,900.374,1069.17,1822.46,2731.25,220.588,734.044,1628.65,60.7978,2649.38,139.306,172.339,0.221422,0.576442,-0.00302099,-0.543573,0,0,0,0,0,0,0,84.417,0,0.968908,0,0,224.382,1000.9,0,0,866.968,4556.76,0
1691509873663420736,1462,1450,11,0.991792,23.1548,42.2879,65.364,79.9701,199.913,-3.08262,220.245,468.805,1003.99,1256.11,813.444,4329.99,9501.54,28685.9,2032.03,1605.52,2410.06,530.428,489.178,488.849,151771,6585.31,10327.8,5.8338,5.8274,0,0,0.0433897,0,44.5136,124.394,148.96,921.767,3776.02,5312.12,8.48471,0.0066842,8,7,1,0.125,1,2.99828,1.77229,1.22599,0.038172,0.203348,1450,0,0,0,0,0.001,0,0,0,0,0,0,0,0,0,0,0,0,0,0,0,0,0,0,0,0,0,0,0,0,0,0,0,0,0,0,0,0,0,0,0,0,23.1548,65.364,19.533,628.652,746.815,0,0.923937,-0.380595,0.0385627,0.999995,0.174876,0.023313,0.869159,0.93,896.485,1063.37,1810.88,2729.06,221.844,693.489,1624.56,71.9118,2706.93,160.253,141.535,-0.485389,-0.725953,0.485173,0.727081,0,0,0,0,0,0,0,79.9701,0,0.974483,0,0,220.245,1003.99,0,0,813.444,4329.99,0
1691509873762474293,1465,1450,14,0.989761,25.5461,44.0217,65.5214,81.8824,200.557,-2.59621,243.327,503.257,984.361,1252.42,894.927,4262.57,10549.8,18489.3,2056.23,1884.92,2370.75,523.624,492.918,579.936,148402,6653.06,10378.8,2.67104,3.8251,0,0,0.0448312,0,43.0493,110.636,148.69,954.598,3635.63,5486.16,0.000603683,9.91523e-05,7,7,8,0.533333,1,2.97773,1.67757,1.30016,0.0530585,0.0960246,1450,0,0,0,0,0.001,0,0,0,0,0,0,0,0,0,0,0,0,0,0,0,0,0,0,0,0,0,0,0,0,0,0,0,0,0,0,0,0,0,0,0,0,25.5461,65.5214,21.2139,619.351,743.435,0,0.925198,-0.377705,0.036695,0.999993,0.209958,0.0376289,0.694915,0.82,881.914,1048.75,1795.77,2703.06,218.601,694.193,1617.72,67.9979,2690.45,153.495,154.073,-0.676846,0.108444,-0.233567,0.0946376,0,0,0,0,0,0,0,81.8824,0,0.968276,0,0,243.327,984.361,0,0,894.927,4262.57,0
1691509873862542554,1497,1491,6,0.995992,24.6849,43.9079,66.2678,78.3582,202.782,-1.98101,241.251,499.587,939.761,1275.59,914.171,4057.95,10190.7,20161.2,1726.24,2063.26,2351.59,506.178,495.15,524.533,143120,6703.52,10396.6,9.5299,9.65917,0,0,0.0468385,0,43.0857,95.166,160.415,1070.5,3287.58,5739.89,0.0692755,0.00576235,5,4,12,0.75,1,2.93021,1.60819,1.32203,0.0351019,0.220937,1491,0,0,0,0,0.001,0,0,0,0,0,0,0,0,0,0,0,0,0,0,0,0,0,0,0,0,0,0,0,0,0,0,0,0,0,0,0,0,0,0,0,0,24.6849,66.2678,19.4645,603.663,720.873,0,0.92388,-0.380858,0.0373238,0.999994,0.199109,0.0252207,0.73913,0.85,864.515,1032.13,1689.08,2705.46,217.76,706.47,1569.09,70.1567,2661.23,169.733,141.167,-0.100872,0.440209,0.0229766,-0.392996,0,0,0,0,0,0,0,78.3582,0,0.975855,0,0,241.251,939.761,0,0,914.171,4057.95,0
1691509873962139413,1646,1635,9,0.993317,24.977,44.2632,66.8544,83.1374,215.73,2.32288,225.597,460.035,927.239,1209.32,844.494,3712.94,7806.82,19768.6,1443.24,1867.78,2207.28,499.116,433.716,495.743,135801,5493.63,8842.05,8.78097,8.87342,0,0,0.0404535,0,41.4225,85.1023,153.319,1050.57,3111.02,4400.61,0.0115446,0.00259754,9,8,12,0.6,1,2.97098,1.44747,1.52351,0.0459612,0.0784486,1635,0,0,0,0,0.001,0,0,0,0,0,0,0,0,0,0,0,0,0,0,0,0,0,0,0,0,0,0,0,0,0,0,0,0,0,0,0,0,0,0,0,0,24.977,66.8544,23.5999,575.405,695.995,0,0.926036,-0.37564,0.0367755,0.999984,0.325016,0.0583717,0.818182,0.9,847.603,1020.95,1631.6,2701.37,216.019,694.736,1527.23,63.9341,2597.77,168.167,155.304,0.485699,0.1422,0.726014,-0.125244,0,0,0,0,0,0,0,83.1374,0,0.970031,0,0,225.597,927.239,0,0,844.494,3712.94,0
1691509874061441256,1733,1728,5,0.997115,23.3989,43.3557,67.0847,81.5828,204.36,3.12208,224.566,476.536,989.545,1258.18,853.868,3635.22,9520.72,19667.4,1452.04,1909.25,2202.96,507.052,436.322,536.965,138917,6474.95,10172,8.35938,5.0967,0,0,0.0466101,0,49.3218,113.694,158.089,1231.28,3040.91,5578.66,0.0187943,0.00322737,5,5,10,0.666667,1,3.08797,1.56073,1.52723,0.0245635,0.0980059,1728,0,0,0,0,0.001,0,0,0,0,0,0,0,0,0,0,0,0,0,0,0,0,0,0,0,0,0,0,0,0,0,0,0,0,0,0,0,0,0,0,0,0,23.3989,67.0847,18.9523,567.081,708.966,0,0.92433,-0.379831,0.0366505,0.99999,0.259326,0.0202692,0.769912,0.87,833.804,1008.59,1594.38,2701.41,212.373,684.863,1465.78,60.3712,2616.53,173.265,178.434,-0.0273524,-0.212674,0.267035,0.132837,0,0,0,0,0,0,0,81.5828,0,0.972801,0,0,224.566,989.545,0,0,853.868,3635.22,0
1691509874160975657,1615,1611,4,0.997523,24.2256,44.4409,68.9524,86.2486,203.319,0.461527,237.907,520.009,1019.14,1345.68,918.156,3559.91,8593.36,36105.4,1478.13,1975.25,2179.72,511.093,435.42,562.69,138019,7357.34,11014.3,4.4798,4.49441,0,0,0.0533067,0,48.5077,155.819,191.431,1153.55,2739.56,6725.42,0.293192,0.0102612,6,5,8,0.615385,1,3.04454,1.54867,1.49587,0.0306681,0.132641,1611,0,0,0,0,0.001,0,0,0,0,0,0,0,0,0,0,0,0,0,0,0,0,0,0,0,0,0,0,0,0,0,0,0,0,0,0,0,0,0,0,0,0,24.2256,68.9524,18.7928,579.968,693.24,0,0.923662,-0.381304,0.0381576,0.999998,0.126682,0.0306446,0.724138,0.84,848.535,1007.09,1466.03,2560.74,211.472,713.42,1387.61,53.4996,2483.14,201.089,203.56,0.101441,0.616858,-0.0982682,-0.618872,0,0,0,0,0,0,0,86.2486,0,0.967722,0,0,237.907,1019.14,0,0,918.156,3559.91,0
1691509874260352211,1696,1689,6,0.995873,23.8856,43.7109,65.7671,79.0386,175.678,0.616695,223.028,480.712,997.609,1268.08,860.617,3437.05,8141.85,17797.3,1389.59,1720.63,2161.87,512.162,429.464,495.982,142952,5401.87,8755.36,22.0992,2.68474,0,0,0.0377879,0,46.4136,102.952,182.057,1154.9,2803.53,4465.5,0.000160355,1.45651e-05,2,2,8,0.8,1,2.99745,1.58969,1.40776,0.0258418,0.11376,1689,0,0,0,0,0.001,0,0,0,0,0,0,0,0,0,0,0,0,0,0,0,0,0,0,0,0,0,0,0,0,0,0,0,0,0,0,0,0,0,0,0,0,23.8856,65.7671,19.7178,581.412,705.87,0,0.924904,-0.378481,0.0361216,0.999993,0.21176,0.0412526,0.834862,0.91,839.832,1013.51,1529.09,2552.22,212.349,707.34,1433.98,60.3389,2499.71,212.146,172.537,0.860049,0.21776,-0.895171,0.755506,0,0,0,0,0,0,0,79.0386,0,0.975133,0,0,223.028,997.609,0,0,860.617,3437.05,0
1691509874360915533,1668,1658,10,0.994005,21.67,43.6174,65.341,81.6855,202.215,0.778311,227.971,461.799,960.852,1278.38,829.363,3227.06,7438.19,28326.7,1318.36,1521.18,2021.79,478.589,437.727,480.423,146994,5155.35,8328.24,4.48442,4.24495,0,0,0.0350719,0,47.2769,103.925,157.731,1174.53,2491.08,4353.7,0.00167855,0.000263603,6,6,8,0.571429,1,2.86035,1.39542,1.46493,0.0363152,0.17179,1658,0,0,0,0,0.001,0,0,0,0,0,0,0,0,0,0,0,0,0,0,0,0,0,0,0,0,0,0,0,0,0,0,0,0,0,0,0,0,0,0,0,0,21.67,65.341,16.1298,567.603,709.267,0,0.924044,-0.380658,0.0352361,0.999997,0.143389,0.0238377,0.73913,0.85,831.235,1003.02,1436.45,2545.14,213.6,719.437,1381.49,59.3338,2453.65,181.436,153.376,0.464466,-0.779077,0.643812,0.712474,0,0,0,0,0,0,0,81.6855,0,0.968637,0,0,227.971,960.852,0,0,829.363,3227.06,0
1691509874461471880,1446,1439,7,0.995159,23.5659,43.5409,66.8594,83.0518,180.546,-1.87058,234.936,510.19,976.816,1325.16,813.205,3261.87,7020.72,24431.5,1349.41,1410.51,2017.51,527.679,436.45,497.225,154025,4522.04,7416.03,11.3318,7.47388,0,0,0.0293592,0,40.5314,108.691,175.461,1102.77,2201.5,3787.07,0.000280428,0.000129304,3,3,8,0.727273,1,2.53312,1.29897,1.23415,0.0231579,0.0883945,1439,0,0,0,0,0.001,0,0,0,0,0,0,0,0,0,0,0,0,0,0,0,0,0,0,0,0,0,0,0,0,0,0,0,0,0,0,0,0,0,0,0,0,23.5659,66.8594,16.9398,588.839,723.222,0,0.924127,-0.380393,0.035926,1,0.0426028,0.00764688,0.639344,0.78,875.922,1026.1,1430.4,2540.76,220.166,738.953,1390.52,64.6994,2487.47,190.506,137.633,0.74033,-0.183645,-0.440333,0.0929087,0,0,0,0,0,0,0,83.0518,0,0.973593,0,0,234.936,976.816,0,0,813.205,3261.87,0
1691509874562345206,1526,1517,9,0.994102,22.3118,44.5085,70.13,86.8022,195.161,-1.80502,232.989,518.361,967.169,1272.36,807.626,3197.78,8181.65,38304.4,1339.48,1433.34,2040.93,514.978,437.372,512.948,160013,6081.71,9817.09,3.16397,3.22052,0,0,0.0380076,0,43.224,117.52,197.124,1201.92,3293.04,4964.26,0.0302943,0.00280148,4,4,7,0.636364,1,2.57735,1.18213,1.39522,0.0227595,0.167993,1517,0,0,0,0,0.001,0,0,0,0,0,0,0,0,0,0,0,0,0,0,0,0,0,0,0,0,0,0,0,0,0,0,0,0,0,0,0,0,0,0,0,0,22.3118,70.13,18.9538,592.043,740.003,0,0.925392,-0.37714,0.0376084,0.999992,0.221994,0.00811223,0.724138,0.84,875.573,1036.61,1427.4,2535.07,215.46,723.933,1375.48,56.903,2484.98,180.991,165.059,0.153264,0.12644,-0.214097,-0.130798,0,0,0,0,0,0,0,86.8022,0,0.963744,0,0,232.989,967.169,0,0,807.626,3197.78,0
1691509874662913280,1547,1540,7,0.995475,22.8522,41.4435,73.5303,99.9807,174.837,1.64985,222.64,497.099,987.02,1279.83,738.252,3376.36,6687.09,18760.4,1306.96,1576.22,1884.16,471.467,435.39,534.784,160087,3904.24,6640.83,5.03998,4.67345,0,0,0.0243882,0,43.0768,118.579,163.399,1056.74,2272.41,2986.63,8.54241e-05,2.59784e-05,2,1,9,0.9,1,2.81522,1.32364,1.49158,0.0111303,0.030527,1540,0,0,0,0,0.001,0,0,0,0,0,0,0,0,0,0,0,0,0,0,0,0,0,0,0,0,0,0,0,0,0,0,0,0,0,0,0,0,0,0,0,0,22.8522,73.5303,15.1105,590.42,755.47,0,0.924336,-0.379866,0.0361121,0.999995,0.188148,0.00764769,0.694915,0.82,868.658,1025.01,1414.36,2518.05,219.546,695.849,1360.89,54.4202,2505.67,176.1,168.38,0.258514,0.854342,0.202578,-0.593353,0,0,0,0,0,0,0,99.9807,0,0.95,0,0,222.64,987.02,0,0,738.252,3376.36,0
1691509874763446121,1628,1621,6,0.9957,23.447,45.4374,70.1471,87.408,198.263,1.5654,248.296,566.499,1007.34,1326.19,828.687,3480.7,8653.63,23212.2,1305.59,1570.93,2109.32,520.794,484.021,600.606,159570,5940.79,9734.92,3.20641,2.94143,0,0,0.0372299,0,52.4964,160.184,171.142,1300.34,3271.36,4779.39,0.0317273,0.00449836,4,3,8,0.727273,1,2.78468,1.22232,1.56236,0.0216461,0.114379,1621,0,0,0,0,0.001,0,0,0,0,0,0,0,0,0,0,0,0,0,0,0,0,0,0,0,0,0,0,0,0,0,0,0,0,0,0,0,0,0,0,0,0,23.447,70.1471,17.7832,597.478,759.739,0,0.925372,-0.377296,0.0365131,0.999996,0.160402,0.00395279,0.724138,0.84,852.452,1018.93,1409.96,2501.71,220.363,710.213,1370.15,48.7659,2475.53,194.05,195.027,-0.00567536,0.148962,0.0376733,-0.138357,0,0,0,0,0,0,0,87.408,0,0.960518,0,0,248.296,1007.34,0,0,828.687,3480.7,0
1691509874863710505,1508,1498,10,0.993369,22.1615,41.8171,70.5987,85.5823,201.276,0.432535,252.513,531.775,954.574,1225.14,823.784,3241.4,7697.77,49012,1204.54,1319.38,2050.12,526.142,505.268,537.929,168873,6065.89,9644.48,12.0334,7.94843,0,0,0.0359198,0,43.486,125.295,185.396,1127.13,3043.82,5119.36,5.88068e-05,4.22257e-05,2,2,8,0.8,1,2.72994,1.3762,1.35374,0.011528,0.0691344,1498,0,0,0,0,0.001,0,0,0,0,0,0,0,0,0,0,0,0,0,0,0,0,0,0,0,0,0,0,0,0,0,0,0,0,0,0,0,0,0,0,0,0,22.1615,70.5987,14.5081,625.491,789.001,0,0.923974,-0.380753,0.0360518,0.999993,0.215258,0.0054445,0.652893,0.79,887.543,1045.47,1443.01,2464.88,220.706,731.517,1407.89,50.303,2421.55,183.86,167.815,0.167842,0.329835,-0.158644,-0.0575863,0,0,0,0,0,0,0,85.5823,0,0.965287,0,0,252.513,954.574,0,0,823.784,3241.4,0
1691509874962992199,1566,1559,7,0.99553,22.3477,41.8493,67.1697,83.8171,200.962,-2.58517,238.72,541.691,964.887,1214.12,807.67,3178.2,9573.38,28839.5,1126.48,1266.09,2080.44,549.851,516.444,524.191,169679,5934.41,9362.58,6.36116,6.3688,0,0,0.0349743,0,48.0079,127.65,168.296,1157.16,2720.36,5141.1,0.04336,0.00300509,6,6,11,0.647059,1,2.63233,1.37377,1.25856,0.0153893,0.277112,1559,0,0,0,0,0.001,0,0,0,0,0,0,0,0,0,0,0,0,0,0,0,0,0,0,0,0,0,0,0,0,0,0,0,0,0,0,0,0,0,0,0,0,22.3477,67.1697,16.5186,629.854,799.627,0,0.924179,-0.380257,0.0360125,1,0.0308096,0.0283605,0.694915,0.82,897.01,1038.24,1421.15,2415.9,212.03,731.42,1373.64,52.0814,2387.07,183.399,153.794,0.566145,-1.73323,0.0644989,1.68505,0,0,0,0,0,0,0,83.8171,0,0.974984,0,0,238.72,964.887,0,0,807.67,3178.2,0
1691509875060663098,1494,1482,9,0.991968,21.1147,40.4255,65.6802,85.7633,207.755,-2.52811,253.379,536.49,928.081,1196.91,793.169,3035.26,8505.84,20193.4,1068.97,1176.78,2189.9,532.861,511.442,485.841,167786,4269.31,6985.07,2.54121,1.66808,0,0,0.0254449,0,40.223,112.433,151.523,1009.43,2098.12,3573.34,0.0104152,0.00125891,4,3,8,0.727273,1,2.40304,1.17547,1.22757,0.0199615,0.3527,1482,0,0,0,0,0.001,0,0,0,0,0,0,0,0,0,0,0,0,0,0,0,0,0,0,0,0,0,0,0,0,0,0,0,0,0,0,0,0,0,0,0,0,21.1147,65.6802,16.7096,637.654,772.636,0,0.92428,-0.380089,0.0352039,1,0.0476739,0.000207153,0.754386,0.86,905.347,1039.1,1422.15,2353.64,219.802,721.796,1346.41,46.5129,2348.07,160.938,136.727,-0.0227586,0.390785,0.276516,-0.394205,0,0,0,0,0,0,0,85.7633,0,0.967611,0,0,253.379,928.081,0,0,793.169,3035.26,0
1691509875158651725,1570,1556,11,0.991083,21.7312,40.3181,64.3558,83.7557,198.3,-4.20506,246.219,518.819,959.929,1293.1,789.652,3082.61,7473.69,18885.8,1182.92,1146.83,2091.37,525.806,501.876,525.618,166456,3988.86,6821.68,7.21309,6.89239,0,0,0.0239635,0,44.2368,118.612,153.815,1237.61,2150.55,3116.86,0.00384663,0.00094831,8,7,12,0.631579,1,2.50843,1.28596,1.22246,0.0174701,0.242544,1556,0,0,0,0,0.001,0,0,0,0,0,0,0,0,0,0,0,0,0,0,0,0,0,0,0,0,0,0,0,0,0,0,0,0,0,0,0,0,0,0,0,0,21.7312,64.3558,15.4467,631.387,776.166,0,0.924005,-0.380781,0.0349327,1,0.0453965,0.0387212,0.769912,0.87,890.4,1033.32,1396.6,2262.78,215.93,708.366,1302.39,50.7054,2302.07,168.968,156.785,0.411635,-1.24527,-0.134826,1.22077,0,0,0,0,0,0,0,83.7557,0,0.97108,0,0,246.219,959.929,0,0,789.652,3082.61,0
1691509875256610089,1482,1475,7,0.995277,20.5901,38.0915,60.6079,75.6929,177.227,-3.83749,237.249,526.593,978.579,1247.64,773.97,3131.13,6807.27,25471.1,1350.88,1064.7,2059.87,510.633,472.9,574.845,169042,3918.58,6583.96,3.79226,2.16882,0,0,0.0231811,0,41.1936,106.23,153.637,1221.24,1817.72,3243.94,0.0170297,0.00118833,3,2,8,0.8,1,2.27998,1.28224,0.99774,0.0151527,0.168456,1475,0,0,0,0,0.001,0,0,0,0,0,0,0,0,0,0,0,0,0,0,0,0,0,0,0,0,0,0,0,0,0,0,0,0,0,0,0,0,0,0,0,0,20.5901,60.6079,14.7889,636.664,757.547,0,0.922485,-0.384513,0.0342368,0.999992,0.234322,0.0766805,0.754386,0.86,890.365,1032.25,1415.29,2882.77,217.786,720.676,1341.79,62.0143,2318.18,150.459,155.414,-0.186765,0.279298,0.489742,-0.29522,0,0,0,0,0,0,0,75.6929,0,0.983729,0,0,237.249,978.579,0,0,773.97,3131.13,0
1691509875355634164,1462,1442,18,0.98632,20.1399,37.6058,61.455,79.7241,156.125,-1.8821,230.712,549.668,967.004,1187.52,744.396,3062.23,8292.31,33722,1313.48,891.695,2063.86,489.142,425.11,558.651,161166,5115.28,8256.05,32.4431,2.16736,0,0,0.0317391,0,42.2754,107.968,138.832,1149.96,2521.06,4295.95,0.000100753,1.05333e-05,2,2,8,0.8,1,2.2191,1.26862,0.950478,0.00417369,0.15282,1442,0,0,0,0,0.001,0,0,0,0,0,0,0,0,0,0,0,0,0,0,0,0,0,0,0,0,0,0,0,0,0,0,0,0,0,0,0,0,0,0,0,0,20.1399,61.455,16.6535,605.291,753.056,0,0.923549,-0.381921,0.0345498,0.999996,0.161507,0.0369618,0.769912,0.87,887.935,1024.86,1432.81,3347.68,218.377,737.826,1400.14,56.2768,2218.74,142.757,137.287,-0.262526,0.858049,0.780286,-0.000156884,0,0,0,0,0,0,0,79.7241,0,0.987517,0,0,230.712,967.004,0,0,744.396,3062.23,0
1691509875455378598,1484,1464,19,0.986523,21.2826,39.9102,63.1086,78.3105,154.783,-1.63227,240.666,541.997,944.737,1131.9,778.824,2866.52,6978.65,31042.1,1276.4,981.872,1857.77,492.882,473.066,512.071,158144,3786.82,6350.94,5.31543,5.10433,0,0,0.0239454,0,41.6124,95.8484,163.85,1011.08,1977.75,3060.8,0.00342837,0.000771475,4,4,8,0.666667,1,2.48562,1.46977,1.01585,0.0109518,0.13181,1464,0,0,0,0,0.001,0,0,0,0,0,0,0,0,0,0,0,0,0,0,0,0,0,0,0,0,0,0,0,0,0,0,0,0,0,0,0,0,0,0,0,0,21.2826,63.1086,13.7103,567.811,725.479,0,0.92245,-0.384543,0.0348392,0.999996,0.163695,0.00461999,0.694915,0.82,864.235,1008.61,1411.8,3347,217.801,723.375,1391.37,50.8068,2175.97,153.955,133.68,-0.180106,-0.546655,-0.673028,0.668072,0,0,0,0,0,0,0,78.3105,0,0.985656,0,0,240.666,944.737,0,0,778.824,2866.52,0
1691509875555580872,1632,1622,10,0.993873,19.887,38.8784,63.662,82.0901,199.61,0.442302,223.542,505.394,867.831,1093.1,675.627,2637.73,6948.1,19978.4,1165.2,1111.4,1694.53,455.959,439.872,497.609,144866,3640.08,6120.24,1.79992,1.81232,0,0,0.0251273,0,40.7645,101.954,150.386,951.352,1977.56,2898.22,0.00399284,0.000469628,6,6,12,0.666667,1,2.309,1.13645,1.17255,0.0149022,0.128959,1622,0,0,0,0,0.001,0,0,0,0,0,0,0,0,0,0,0,0,0,0,0,0,0,0,0,0,0,0,0,0,0,0,0,0,0,0,0,0,0,0.00369914,8.81908,11.5961,19.9422,63.8279,15.1189,524.584,710.297,0,0.923682,-0.381564,0.0349387,0.999995,0.184755,0.0533872,0.587302,0.74,817.074,970.434,1374.39,3347.78,218.253,723.454,1332.91,48.7618,2123.23,147.031,129.097,0.271783,-0.169786,0.492761,-0.0439245,0,0,0,0,0,0.00367647,11.6181,82.3142,1,0.97401,53.4634,83.5058,225.437,870.117,73.6396,128.817,676.987,2640.85,9.24628e-06
1691509875656430503,1704,1690,14,0.991784,21.4259,39.9969,60.9454,80.7549,173.072,-0.827716,239.712,474.181,856.498,1070.08,718.777,2848.34,7726.7,19704,992.042,1274.55,1768.4,473.596,430.033,459.011,137857,4287.63,6704.41,3.38512,3.37057,0,0,0.0311021,0,37.8803,72.4053,145.764,983.075,1624.77,3840.52,0.243894,0.00965632,6,6,7,0.538462,1,2.67872,1.45595,1.22277,0.00472222,0.157612,1690,0,0,0,0,0.001,0,0,0,0,0,0,0,0,0,0,0,0,0,0,0,0,0,0,0,0,0,0,0,0,0,0,0,0,0,0,0,0,0,0.0526627,10.3368,33.0728,22.5454,63.0022,12.396,546.964,709.64,0,0.92452,-0.379528,0.0349573,0.999998,0.12616,0.0144876,0.587302,0.74,879.178,1017.96,1446.72,2883.64,216.001,715.686,1407.95,56.5883,2210.75,137.919,113.778,0.0974626,-0.572214,-0.0706327,0.558638,0,0,0,0,0,0.05223,39.0154,83.3054,1,0.977514,111.665,951.393,244.157,840.103,189.659,1659.94,749.695,2913.33,0.0100668
1691509875758373444,1704,1692,11,0.992958,22.0466,40.3641,61.3343,75.9634,157.245,-1.57,227.831,479.919,832.599,1079.01,763.745,2750.74,8750.44,14804.4,970.346,1391.31,1847.77,507.404,448.805,431.594,145623,4640.81,7134.34,4.15594,4.16774,0,0,0.0318686,0,34.5072,75.1185,145.996,909.779,1787.16,4181.78,0.0577111,0.00524053,9,9,11,0.55,1,2.44136,1.26159,1.17977,0.00886587,0.239236,1692,0,0,0,0,0.001,0,0,0,0,0,0,0,0,0,0,0,0,0,0,0,0,0,0,0,0,0,0,0,0,0,0,0,0,0,0,0,0,0,0.0472813,9.53698,28.122,22.9325,62.692,12.5974,571.428,704.974,0,0.924498,-0.379655,0.0341475,1,0.0469882,0.0265421,0.724138,0.84,886.1,1036.11,1398.29,1892.28,216.914,749.27,1348.68,51.1927,1939.93,144.477,105.078,-0.0479153,-0.367059,0.213706,0.373259,0,0,0,0,0,0.0469484,34.6237,77.9853,1,0.980149,79.0861,756.414,238.244,835.641,133.118,1305.55,795.095,2877.1,0.00418297
1691509875861698272,1817,1812,5,0.997248,23.685,42.1759,60.7713,72.7956,113.584,-3.96405,231.4,445.652,790.276,1011.01,787.168,2956.51,7881.42,17581.6,960.069,1423.03,1801.87,450.161,440.88,410.012,151629,4680.43,7479.53,0.839747,0.841031,0,0,0.0308676,0,36.0076,86.799,119.454,954.577,2355.21,3927.49,0.0609352,0.00265031,4,4,7,0.636364,1,2.53437,1.31243,1.22194,0.0125165,0.46248,1812,0,0,0,0,0.001,0,0,0,0,0,0,0,0,0,0,0,0,0,0,0,0,0,0,0,0,0,0,0,0,0,0,0,0,0,0,0,0,0,0.00386313,23.321,28.4628,23.7051,60.8505,16.2974,579.019,704.684,0,0.926546,-0.374496,0.0355574,0.999984,0.328171,0.0381011,0.709402,0.83,859.924,1010.18,1352.17,1820.01,220.321,750.075,1330.69,62.9212,2020,117.484,110.646,0.172608,-0.240397,-0.146809,0.221927,0,0,0,0,0,0.0038525,28.5548,72.8166,1,0.991136,45.5122,70.3542,232.643,791.062,72.4275,107.914,790.915,2959.7,5.78229e-06
1691509875965712493,1607,1597,9,0.993777,24.5424,44.1365,63.6838,75.7384,161.66,-4.46404,232.178,471.532,782.648,1003.78,848.69,2978.93,8802.44,13144.9,1002.64,1498.9,1993.26,471.568,443.535,410.271,152403,4825.98,7530.23,2.77642,0.791398,0,0,0.0316659,0,35.2774,80.1043,127.065,762.335,2427.75,4097.7,0.0183795,0.000547448,4,3,10,0.769231,1,2.58121,1.40608,1.17513,0.010533,0.49024,1597,0,0,0,0,0.001,0,0,0,0,0,0,0,0,0,0,0,0,0,0,0,0,0,0,0,0,0,0,0,0,0,0,0,0,0,0,0,0,0,0,0,0,24.5424,63.6838,18.3776,557.271,711.351,0,0.928906,-0.368711,0.0344478,0.99998,0.363579,0.0117208,0.694915,0.82,886.295,1033.33,1394.07,2880.93,221.431,753.122,1357.47,59.9019,2021.22,124.678,95.8176,0.565259,-0.176078,-0.399238,0.422104,0,0,0,0,0,0,0,75.7384,0,0.990607,0,0,232.178,782.648,0,0,848.69,2978.93,0
1691509876069795020,1575,1561,14,0.991111,24.1298,42.975,62.6927,77.0525,142.904,-4.76997,236.594,457.087,746.102,954.867,881.413,3003.63,7822.18,17757.3,836.387,1601.45,2039.64,441.696,412.42,386.809,152009,4345.4,6660.22,3.54715,3.07061,0,0,0.0285865,0,36.6596,64.246,111.283,688.316,1930.21,3829.51,0.000728036,0.000176249,5,5,10,0.666667,1,2.71257,1.57369,1.13888,0.0100302,0.524358,1561,0,0,0,0,0.001,0,0,0,0,0,0,0,0,0,0,0,0,0,0,0,0,0,0,0,0,0,0,0,0,0,0,0,0,0,0,0,0,0,0,0,0,24.1298,62.6927,20.0027,562.461,686.537,0,0.926899,-0.373553,0.0362878,0.999985,0.318297,0.0183946,0.801802,0.89,887.817,1031.56,1402.28,2151.37,225.868,785.972,1378.88,55.0048,2139.76,110.102,85.1533,0.64985,-0.529211,-0.121658,0.651054,0,0,0,0,0,0,0,77.0525,0,0.985906,0,0,236.594,746.102,0,0,881.413,3003.63,0
1691509876171851495,1346,1331,11,0.988856,25.3462,43.698,66.3646,80.9652,188.035,-8.61003,249.793,487.203,768.643,961.002,923.798,3240.08,7794.68,14930.8,977.016,1659.45,2223.91,430.685,463.864,374.928,155001,4099.44,6171.07,8.117,1.42879,0,0,0.0264479,0,26.4385,52.7553,98.7819,624.038,1687.19,3681.87,0.000164503,2.27683e-05,3,3,8,0.727273,1,2.38811,1.32828,1.05983,0.0262306,0.293693,1331,0,0,0,0,0.001,0,0,0,0,0,0,0,0,0,0,0,0,0,0,0,0,0,0,0,0,0,0,0,0,0,0,0,0,0,0,0,0,0,0,0,0,25.3462,66.3646,15.9733,562.478,707.548,0,0.926445,-0.374943,0.0334172,0.999995,0.184589,0.0129459,0.73913,0.85,912.698,1088.17,1410.69,2257.32,229.975,791.92,1395.54,67.892,2058.41,99.9664,67.0383,0.969097,-0.594653,-0.188829,0.441543,0,0,0,0,0,0,0,80.9652,0,0.984222,0,0,249.793,768.643,0,0,923.798,3240.08,0
1691509876272304703,1310,1299,11,0.991603,27.7909,49.6836,72.5894,89.8041,167.249,-10.0511,245.335,480.868,785.617,996.72,986.073,3567.15,8717.97,18576.1,1120.95,1579.16,2486.84,410.71,497.651,309.357,160333,5099.26,7800.78,1.98672,1.98525,0,0,0.0318041,0,26.9439,65.5927,90.2465,603.221,2792.59,4222.19,0.0180636,0.00201957,5,5,11,0.6875,1,2.56985,1.32623,1.24362,0.023114,0.121445,1299,0,0,0,0,0.001,0,0,0,0,0,0,0,0,0,0,0,0,0,0,0,0,0,0,0,0,0,0,0,0,0,0,0,0,0,0,0,0,0,0,0,0,27.7909,72.5894,15.8234,592.529,711.647,0,0.927384,-0.372658,0.0329285,0.999997,0.144305,0.019863,0.724138,0.84,925.863,1104.49,1524.1,2878.16,226.396,801.973,1437.57,66.0469,2212.75,91.1001,67.4132,0.082021,0.0420716,-0.10088,-0.00963653,0,0,0,0,0,0,0,89.8041,0,0.973826,0,0,245.335,785.617,0,0,986.073,3567.15,0
1691509876371721117,1230,1218,11,0.990244,29.5313,52.2232,75.855,96.3431,166.528,-11.0628,239.372,454.493,830.732,992.368,982.181,3750.41,9220.65,18411.7,1128.33,1743.59,2483.8,438.746,456.643,322.84,158759,4956.75,7695.17,3.24167,3.2557,0,0,0.0312219,0,25.7586,60.6174,98.1777,550.857,3351.67,3608.09,0.0187763,0.00265653,4,4,10,0.714286,1,2.57457,1.25244,1.32213,0.0111148,0.124535,1218,0,0,0,0,0.001,0,0,0,0,0,0,0,0,0,0,0,0,0,0,0,0,0,0,0,0,0,0,0,0,0,0,0,0,0,0,0,0,0,0,0,0,29.5313,75.855,13.4461,619.269,728.285,0,0.926304,-0.375389,0.0323093,0.999995,0.171972,0.0671708,0.754386,0.86,940.188,1136.14,1682.83,2877.3,226.519,811.772,1496.44,61.732,2272.74,97.6639,63.1995,0.29962,-0.270778,-0.390927,0.314575,0,0,0,0,0,0,0,96.3431,0,0.95977,0,0,239.372,830.732,0,0,982.181,3750.41,0
1691509876470287666,1232,1223,9,0.992695,30.7545,50.5801,69.8565,83.6724,154.653,-9.81201,245.373,477.077,811.477,984.539,1001.68,3694,8654.86,25158.6,1273.24,1665.44,2271.62,467.105,450.039,306.678,163719,5231.46,7964.21,4.14017,4.61926,0,0,0.0319539,0,19.5254,58.5149,110.237,521.107,3009.17,4245.65,0.00693942,0.00152453,4,3,11,0.785714,1,2.90383,1.72148,1.18235,0.0043295,0.0926965,1223,0,0,0,0,0.001,0,0,0,0,0,0,0,0,0,0,0,0,0,0,0,0,0,0,0,0,0,0,0,0,0,0,0,0,0,0,0,0,0,0,0,0,30.7545,69.8565,11.467,645.764,762.769,0,0.924783,-0.37904,0.0332379,0.999992,0.232757,0.0196528,0.769912,0.87,960.734,1156.3,1727.48,2879.63,227.74,819.793,1555.01,68.4957,2467.72,110.139,62.2748,-0.0722581,-0.390684,-0.443508,0.425216,0,0,0,0,0,0,0,83.6724,0,0.976288,0,0,245.373,811.477,0,0,1001.68,3694,0
1691509876568943300,1364,1349,15,0.989003,27.6292,47.46,66.9615,78.3899,134.476,-8.65955,237.373,449.626,769.758,985.724,890.579,3450.8,10135,17526.6,1419.79,1181.15,2135.82,467.388,472.979,236.579,168267,5182.66,7992.29,3.06166,3.45822,0,0,0.0308003,0,22.9678,56.2832,97.4838,526.504,3597.8,3691.26,0.0232517,0.00121162,4,3,10,0.769231,1,2.69881,1.57999,1.11882,0.0134916,0.343702,1349,0,0,0,0,0.001,0,0,0,0,0,0,0,0,0,0,0,0,0,0,0,0,0,0,0,0,0,0,0,0,0,0,0,0,0,0,0,0,0,0,0,0,27.6292,66.9615,12.3854,662.687,773.927,0,0.924618,-0.379507,0.0325068,1,0.0505918,0.0451279,0.834862,0.91,977.764,1167.22,1803.78,2878.17,226.532,823.147,1581.1,78.8691,2498.89,99.8979,59.4011,0.892683,-0.197786,-0.670001,0.1544,0,0,0,0,0,0,0,78.3899,0,0.986657,0,0,237.373,769.758,0,0,890.579,3450.8,0
1691509876666635932,1331,1317,14,0.989482,27.5126,46.969,65.8043,84.1281,139.569,-9.49864,236.241,470.204,785.629,1000.24,888.9,3630.89,8930.05,18865.1,1558.63,1193.39,2242.68,490.891,473.527,301.942,157467,5298.17,8157.96,1.84134,1.48919,0,0,0.0336463,0,20.035,58.73,93.3123,605.547,3212.31,4168.03,0.00370274,0.000330773,6,6,8,0.571429,1,2.4998,1.38857,1.11123,0.00747542,0.291542,1317,0,0,0,0,0.001,0,0,0,0,0,0,0,0,0,0,0,0,0,0,0,0,0,0,0,0,0,0,0,0,0,0,0,0,0,0,0,0,0,0,0,0,27.5126,65.8043,17.3716,625.512,721.116,0,0.926199,-0.375667,0.0320823,0.999991,0.239155,0.0232644,0.869159,0.93,964.324,1146.63,1802.96,2876.61,223.969,823.633,1555.78,68.2759,2460.49,97.2886,67.4763,-0.209311,-0.48658,0.0431116,0.507121,0,0,0,0,0,0,0,84.1281,0,0.984055,0,0,236.241,785.629,0,0,888.9,3630.89,0
1691509876763070147,1370,1361,9,0.993431,29.7424,50.6055,69.7294,84.4887,144.74,-15.1676,245.166,493.11,831.823,1065.12,922.035,3823.82,9906.56,22139.4,1431.57,1308.3,2411.06,533.142,461.29,332.515,145221,6023.58,9206.23,6.42632,6.34961,0,0,0.0414788,0,22.722,65.9919,107.404,801.844,3120.16,5088.11,0.0219793,0.00443945,8,8,11,0.578947,1,2.62341,1.35711,1.2663,0.0211446,0.372505,1361,0,0,0,0,0.001,0,0,0,0,0,0,0,0,0,0,0,0,0,0,0,0,0,0,0,0,0,0,0,0,0,0,0,0,0,0,0,0,0,0,0,0,29.7424,69.7294,14.2264,578.663,696.111,0,0.92696,-0.373755,0.0324393,0.999998,0.11964,0.0679191,0.769912,0.87,943.038,1124.99,1705.34,2877.08,226.707,824.064,1543.26,67.664,2406.32,111.877,78.5089,0.369647,-0.250586,0.101658,0.345952,0,0,0,0,0,0,0,84.4887,0,0.983101,0,0,245.166,831.823,0,0,922.035,3823.82,0
1691509876859968643,1284,1274,9,0.992212,32.4753,53.555,71.2824,81.4547,115.585,-14.267,254.657,472.53,853.306,1103.96,930.705,3928.42,11723.9,18470.4,2038.36,1335.93,2356.16,498.375,445.469,378.839,144004,6620.06,9796.04,2.35635,2.35207,0,0,0.0459713,0,15.032,59.1359,95.5075,533.127,3501.48,5591.76,0.00365463,0.000430692,6,5,12,0.705882,1,3.12422,1.88713,1.23709,0.0159815,0.14689,1274,0,0,0,0,0.001,0,0,0,0,0,0,0,0,0,0,0,0,0,0,0,0,0,0,0,0,0,0,0,0,0,0,0,0,0,0,0,0,0,0,0,0,32.4753,71.2824,12.1996,583.536,714.265,0,0.926592,-0.374775,0.0311478,0.999999,0.0965992,0.0105594,0.785714,0.88,970.462,1148.68,1754.29,2874.32,227.016,852.208,1601.58,73.2938,2393.69,99.6472,81.2836,0.0875617,0.100422,0.674613,0.00542898,0,0,0,0,0,0,0,81.4547,0,0.982732,0,0,254.657,853.306,0,0,930.705,3928.42,0
1691509876956422762,1253,1251,1,0.998404,32.6584,53.8663,73.0734,82.3296,124.008,-14.5639,260.5,500.911,843.482,1094.74,1004.85,4049.31,10689.3,17178.9,2203.41,1315.84,2144.24,482.058,479.886,383.601,142388,6501.67,9530.65,2.72983,2.70428,0,0,0.0456616,0,15.8001,65.7315,115.363,550.925,3091.19,5691.65,0.00524014,0.00111352,7,7,8,0.533333,1,2.57562,1.35975,1.21587,0.0136933,0.432424,1251,0,0,0,0,0.001,0,0,0,0,0,0,0,0,0,0,0,0,0,0,0,0,0,0,0,0,0,0,0,0,0,0,0,0,0,0,0,0,0,0,0,0,32.6584,73.0734,19.1773,540.633,696.189,0,0.929579,-0.367274,0.0315144,0.999967,0.463047,0.0297387,0.818182,0.9,959.994,1134.97,1749.25,2873.97,230.835,860.673,1618.72,63.1508,2365.2,120.433,86.9583,-0.22902,0.418483,0.203355,-0.417934,0,0,0,0,0,0,0,82.3296,0,0.992006,0,0,260.5,843.482,0,0,1004.85,4049.31,0
1691509877053516369,1316,1303,12,0.990122,31.8105,53.3843,68.3677,79.0382,151.237,-10.5872,261.035,501.283,873.162,1144.57,1036.33,3929.04,10839.2,15240.6,2189.1,1503.26,2245.16,492.965,479.524,379.889,139872,6269.6,9364.19,3.65257,3.4312,0,0,0.0448239,0,15.1069,50.3322,122.624,593.218,3265.55,5317.37,0.0154868,0.00119369,7,6,11,0.647059,1,2.69734,1.49858,1.19876,0.00528132,0.291035,1303,0,0,0,0,0.001,0,0,0,0,0,0,0,0,0,0,0,0,0,0,0,0,0,0,0,0,0,0,0,0,0,0,0,0,0,0,0,0,0,0,0,0,31.8105,68.3677,17.1632,545.717,706.119,0,0.928263,-0.370541,0.0320555,0.999994,0.204135,0.0134239,0.834862,0.91,964.1,1145.11,1795,2875.37,226.933,855.089,1683.61,59.8012,2357.41,131.989,83.7707,-0.16416,0.398617,0.103467,-0.414259,0,0,0,0,0,0,0,79.0382,0,0.99079,0,0,261.035,873.162,0,0,1036.33,3929.04,0
1691509877151556038,1355,1349,5,0.995572,32.1188,53.0888,73.0579,83.8395,159.273,-10.7872,253.878,526.312,915.885,1157.01,1055.11,4327.01,10245.2,17277.5,2278.91,1748.95,2334.2,480.298,514.436,440.083,141327,7027.22,10426.8,1.99875,1.5371,0,0,0.049723,0,14.6547,60.526,134.98,733.785,3352.36,6130.5,0.00144399,0.000224631,5,5,8,0.615385,1,2.82975,1.48883,1.34091,0.0129283,0.231616,1349,0,0,0,0,0.001,0,0,0,0,0,0,0,0,0,0,0,0,0,0,0,0,0,0,0,0,0,0,0,0,0,0,0,0,0,0,0,0,0,0,0,0,32.1188,73.0579,17.9484,568.083,706.968,0,0.930571,-0.364917,0.0295554,0.999978,0.376625,0.00838016,0.851852,0.92,953.749,1133.26,1791.72,2868.66,229.719,846.835,1676.1,61.5897,2549.56,143.408,102.015,-0.51801,-0.117128,0.148361,0.0185807,0,0,0,0,0,0,0,83.8395,0,0.988139,0,0,253.878,915.885,0,0,1055.11,4327.01,0
1691509877250208973,1401,1399,2,0.998572,27.5994,48.9292,65.9964,74.6241,134.299,-3.91808,254.728,524.456,943.013,1226.9,1004.74,4152.18,10523.5,15406.8,2177.16,1967.96,2160.56,458.114,550.204,444.266,137718,7257.58,10640.7,3.24172,3.07523,0,0,0.0526988,0,19.4521,62.6168,149.988,599.99,3458.56,6350.13,0.00841274,0.00135282,5,5,10,0.666667,1,2.82961,1.70333,1.12628,0.00626862,0.293437,1399,0,0,0,0,0.001,0,0,0,0,0,0,0,0,0,0,0,0,0,0,0,0,0,0,0,0,0,0,0,0,0,0,0,0,0,0,0,0,0,0,0,0,27.5994,65.9964,16.548,590.394,698.058,0,0.932065,-0.361255,0.0273718,0.99999,0.258811,0.0243875,0.818182,0.9,961.265,1133.18,1794.11,2863.08,231.533,846.956,1705.28,66.8085,2656.97,159.354,116.155,-0.0373232,-0.249028,0.231521,0.269677,0,0,0,0,0,0,0,74.6241,0,0.991422,0,0,254.728,943.013,0,0,1004.74,4152.18,0
1691509877349463288,1630,1625,5,0.996933,26.6344,46.6147,63.1754,75.8295,131.462,-5.06224,254.802,523.576,924.244,1148.98,961.011,4151.51,9116.85,14484.9,1696.42,2247.76,2262.43,519.759,514.347,437.871,138687,6907.76,10353.3,4.51479,3.16174,0,0,0.0498084,0,16.5651,50.3431,174.394,634.081,3651.1,5826.77,0.00290339,0.000428584,4,4,8,0.666667,1,3.91105,2.66292,1.24813,0.00759585,0.324663,1625,0,0,0,0,0.001,0,0,0,0,0,0,0,0,0,0,0,0,0,0,0,0,0,0,0,0,0,0,0,0,0,0,0,0,0,0,0,0,0,0,0,0,26.6344,63.1754,20.6156,616.754,689.63,0,0.934578,-0.354711,0.0272832,0.999975,0.401662,0.0509986,0.801802,0.89,944.061,1129.71,1739.73,2859.71,228.029,809.679,1589.88,76.2587,2793.71,185.608,116.297,-0.192012,0.286649,-0.424497,-0.221358,0,0,0,0,0,0,0,75.8295,0,0.994462,0,0,254.802,924.244,0,0,961.011,4151.51,0
1691509877450393258,1562,1555,6,0.995519,26.159,44.911,63.6014,74.1953,143.156,-3.89677,269.095,565.004,950.68,1246.43,1028.95,4190.17,9476.96,21523.2,1627.21,2672.33,2280.29,561.131,541.124,505.417,145591,7148.63,10771.5,1.899,3.29721,0,0,0.0491007,0,17.5958,63.1465,185.877,948.766,3277.42,6278.73,0.000403084,0.000185278,3,3,8,0.727273,1,4.56876,3.43208,1.13668,0.0167213,0.134962,1555,0,0,0,0,0.001,0,0,0,0,0,0,0,0,0,0,0,0,0,0,0,0,0,0,0,0,0,0,0,0,0,0,0,0,0,0,0,0,0,0,0,0,26.159,63.6014,17.6623,664.343,709.995,0,0.932438,-0.360175,0.0288634,0.999982,0.348162,0.217008,0.754386,0.86,959.152,1135.49,1743.35,2863.31,227.194,796.823,1546.13,69.8685,2917.18,202.836,128.58,-1.46066,0.0239728,0.221133,-0.30773,0,0,0,0,0,0,0,74.1953,0,0.992283,0,0,269.095,950.68,0,0,1028.95,4190.17,0
1691509877552405181,1641,1628,13,0.992078,25.1147,45.2506,66.5739,85.8037,158.446,2.14503,252.981,514.066,921.236,1170.61,846.84,4025.62,8972.25,14293.1,1150.18,2300.06,2259.67,533.061,498.59,422,157347,6213.66,9582.75,47.7822,2.04503,0,0,0.0394902,0,19.9195,68.5701,168.065,917.737,3112.69,5295.77,0.000212186,3.88849e-05,2,2,8,0.8,1,5.14899,3.77298,1.37601,0.00851211,0.218783,1628,0,0,0,0,0.001,0,0,0,0,0,0,0,0,0,0,0,0,0,0,0,0,0,0,0,0,0,0,0,0,0,0,0,0,0,0,0,0,0,0,0,0,25.1147,66.5739,22.1566,684.717,722.126,0,0.932316,-0.360732,0.0256794,0.999995,0.185331,0.0922794,0.851852,0.92,938.975,1135.62,1742.33,2855.8,224.609,774.822,1566.18,103.844,2887.95,187.552,111.143,-0.861047,-2.57316,-0.418275,0.164061,0,0,0,0,0,0,0,85.8037,0,0.973587,0,0,252.981,921.236,0,0,846.84,4025.62,0
1691509877655897086,1451,1444,6,0.995176,24.5102,48.4525,74.1309,104.294,176.27,-0.00631916,249.436,473.292,799.238,1136.62,820.284,3219.4,6647.78,13951.2,1113.52,1603.93,1801.37,434.237,438.904,435.958,143730,3185.32,5399.69,24.28,6.0126,0,0,0.0221619,0,18.4685,59.1109,101.31,1013.4,1747.3,2460.11,0.000778089,0.000223646,3,3,10,0.769231,1,5.05608,3.51936,1.53671,0.0141247,0.261508,1444,0,0,0,0,0.001,0,0,0,0,0,0,0,0,0,0,0,0,0,0,0,0,0,0,0,0,0,0,0,0,0,0,0,0,0,0,0,0,0,0,0,0,24.5102,74.1309,19.4205,633.97,696.609,0,0.931476,-0.362844,0.0263846,0.999997,0.136343,0.268619,0.769912,0.87,918.029,1104.38,1742.73,2856.49,220.919,764.933,1520.57,85.212,2781.95,111.545,81.0479,-1.52809,-0.552862,-0.778974,-0.069573,0,0,0,0,0,0,0,104.294,0,0.943906,0,0,249.436,799.238,0,0,820.284,3219.4,0
1691509877760248674,1631,1616,15,0.990803,27.0673,47.2339,65.6203,79.6619,167.019,-2.60695,251.18,529.213,962.865,1281.29,840.621,3685.32,8257.31,21609,1311.16,2266.15,2033.58,545.852,421.274,537.562,131590,5562.78,8569.21,6.34511,6.0636,0,0,0.0422737,0,16.7214,85.4846,154.753,959.937,2458.92,4893.39,0.00627603,0.00103576,7,6,15,0.714286,1,4.21631,2.77376,1.44255,0.0222802,0.206091,1616,0,0,0,0,0.001,0,0,0,0,0,0,0,0,0,0,0,0,0,0,0,0,0,0,0,0,0,0,0,0,0,0,0,0,0,0,0,0,0,0,0,0,27.0673,65.6203,18.9906,599.073,673.936,0,0.932108,-0.361266,0.0257343,0.999998,0.104249,0.125098,0.769912,0.87,932.572,1117.45,1791.01,2854.51,216.723,785.791,1598.33,78.9869,2732.33,212.45,158.677,-1.87372,-0.388177,-0.286567,0.269844,0,0,0,0,0,0,0,79.6619,0,0.974629,0,0,251.18,962.865,0,0,840.621,3685.32,0
1691509877864473237,1934,1927,7,0.996381,25.5788,45.7917,68.8753,85.4152,191.413,-2.05804,246.94,513.268,985.187,1286.23,807.678,3448.04,7614.38,19901,1538.06,1769.14,1917.04,525.909,428.41,501.344,122785,5707.67,9010.27,37.4956,7.11073,0,0,0.0464852,0,4.03311,88.5007,173.502,1093.36,2806.6,4844.28,0.0002035,5.47775e-05,2,2,8,0.8,1,4.36889,2.67338,1.69552,0.00970236,0.206415,1927,0,0,0,0,0.001,0,0,0,0,0,0,0,0,0,0,0,0,0,0,0,0,0,0,0,0,0,0,0,0,0,0,0,0,0,0,0,0,0,0,0,0,25.5788,68.8753,20.6634,616.19,666.146,0,0.932825,-0.359356,0.0264834,0.999998,0.124503,0.205557,0.652893,0.79,888.42,1084.94,1732.33,2853.8,216.51,761.499,1574.19,107.113,2845.12,240.487,172.386,-1.18133,1.10962,0.785283,-0.272733,0,0,0,0,0,0,0,85.4152,0,0.968864,0,0,246.94,985.187,0,0,807.678,3448.04,0
1691509877967616025,2057,2049,7,0.996111,27.4306,47.4826,69.2089,87.6695,172.675,0.428719,261.701,552.41,1042.48,1286.78,843.403,3499.59,7122.9,12995.6,1739.09,1524.42,1903.94,562.215,489.518,562.155,119829,5304.01,8887,6.2008,6.76471,0,0,0.0442632,0,12.916,101.884,216.524,1410.35,3044.39,4100.94,0.00873676,0.00182259,4,3,11,0.785714,1,5.10142,3.21992,1.8815,0.0182425,0.321702,2049,0,0,0,0,0.001,0,0,0,0,0,0,0,0,0,0,0,0,0,0,0,0,0,0,0,0,0,0,0,0,0,0,0,0,0,0,0,0,0,0,0,0,27.4306,69.2089,20.612,619.173,645.215,0,0.933931,-0.356571,0.0250937,0.999995,0.189268,0.254176,0.785714,0.88,908.413,1060.2,1730.12,2842.41,216.04,770.666,1574.81,89.2018,2918.49,278.008,176.213,-1.5154,0.318633,0.723849,-0.349795,0,0,0,0,0,0,0,87.6695,0,0.967789,0,0,261.701,1042.48,0,0,843.403,3499.59,0
1691509878070460242,2291,2273,16,0.992143,25.1459,46.1793,67.0269,79.3594,184.812,1.71479,261.163,558.941,1031.38,1285.2,802.413,3211.27,6296.99,17218.5,1610.38,1322.75,1910.64,562.281,512.692,517.369,118847,5070.6,8526.45,46.4272,1.99391,0,0,0.0426649,0,12.9951,94.1833,246.755,1232.96,3324.56,3614.99,5.579e-05,1.58381e-05,2,2,8,0.8,1,6.39285,4.48367,1.90918,0.0117072,0.296684,2273,0,0,0,0,0.001,0,0,0,0,0,0,0,0,0,0,0,0,0,0,0,0,0,0,0,0,0,0,0,0,0,0,0,0,0,0,0,0,0,0,0,0,25.1459,67.0269,21.9296,606,644.071,0,0.935536,-0.352282,0.0258715,0.999989,0.266166,0.0800789,0.754386,0.86,861.469,1026.38,1720.66,2837.38,217.757,742.947,1568.05,129.418,2819.84,324.057,196.037,-1.61307,-1.75067,0.106624,0.256906,0,0,0,0,0,0,0,79.3594,0,0.978443,0,0,261.163,1031.38,0,0,802.413,3211.27,0
1691509878172418639,2251,2224,20,0.988005,24.2069,45.6322,65.59,79.5833,174.098,1.79975,246.904,542.449,1004.64,1297.35,752.501,3127.51,6256.08,13275.1,1550.18,1278.76,1760.26,559.962,485.244,529.73,112946,4636.18,7799.36,5.45941,3.80077,0,0,0.0410478,0,15.3226,86.9157,230.649,1126.84,2985.52,3354.12,0.00196881,0.000427925,6,5,15,0.75,1,6.18968,4.39386,1.79582,0.0209024,0.407927,2224,0,0,0,0,0.001,0,0,0,0,0,0,0,0,0,0,0,0,0,0,0,0,0,0,0,0,0,0,0,0,0,0,0,0,0,0,0,0,0,0,0,0,24.2069,65.59,21.7535,590.928,638.319,0,0.93389,-0.356823,0.022942,0.999984,0.323659,0.0995732,0.869159,0.93,874.615,1014.92,1718.04,2818.1,219.265,752.222,1545.15,124.264,2513.31,294.57,215.413,-3.06582,-0.979757,0.288843,0.520648,0,0,0,0,0,0,0,79.5833,0,0.979766,0,0,246.904,1004.64,0,0,752.501,3127.51,0
1691509878273361659,2195,2161,29,0.98451,24.7035,46.4654,69.7556,82.5684,160.644,1.83958,273.684,576.063,1044.56,1303.92,817.215,3078.84,5823.39,13421.1,1545.22,1247.17,1700.98,580.778,457.499,556.776,118934,4463.4,7652.43,9.81494,4.21717,0,0,0.0375284,0,23.0464,116.054,248,1282.28,2601.81,3381.25,0.000202299,3.19818e-05,3,3,11,0.785714,1,6.76522,4.90308,1.86214,0.020071,0.194313,2161,0,0,0,0,0.001,0,0,0,0,0,0,0,0,0,0,0,0,0,0,0,0,0,0,0,0,0,0,0,0,0,0,0,0,0,0,0,0,0,0.000462749,2.23031,2.23031,24.719,69.7572,21.9608,552.721,643.318,0,0.935086,-0.353661,0.0231755,0.999994,0.194131,0.203245,0.769912,0.87,886.984,1040.79,1700.52,2796.73,216.077,756.411,1657.25,167.195,2307.97,324.772,242.611,-2.22289,-0.940966,-1.3068,0.490926,0,0,0,0,0,0.000455581,2.23031,82.5793,1,0.978241,1580.15,1580.15,273.682,1043.41,2022.58,2022.58,816.959,3079.28,0.000534578
1691509878374269798,2311,2236,72,0.967547,24.0836,45.6534,66.3391,80.2283,156.44,0.489527,255.618,539.631,949.897,1222.34,774.637,2804.65,5944.41,16046.7,1279.97,1196.04,1747.22,557.614,371.687,548.905,118861,4120.31,7009.77,14.5246,1.40219,0,0,0.0346648,0,22.5137,128.593,184.219,1256,2131.02,3287.43,0.000179159,6.04945e-06,3,2,9,0.818182,1,7.93461,6.13573,1.79888,0.0248318,0.523445,2236,0,0,0,0,0.001,0,0,0,0,0,0,0,0,0,0,0,0,0,0,0,0,0,0,0,0,0,0,0,0,0,0,0,0,0,0,0,0,0,0,0,0,24.0836,66.3391,25.6341,594.611,624.755,0,0.935714,-0.351966,0.0236572,0.999998,0.10719,0.42048,0.801802,0.89,870.669,1001.69,1697.75,2762.84,213.205,741.441,1673.23,196.839,2605.06,288.352,197.687,-3.80326,-1.63621,-0.19402,1.13859,0,0,0,0,0,0,0,80.2283,0,0.982558,0,0,255.618,949.897,0,0,774.637,2804.65,0
1691509878474483325,2385,2244,133,0.940881,24.3152,43.2964,62.8855,74.5356,171.693,1.35455,267.651,571.513,998.759,1295.97,838.329,2987.33,6449.14,37102.8,1362.94,1280.7,1827.91,566.429,365.204,562.192,126295,5578.88,9380.6,7.8898,6.78798,0,0,0.0441733,0,31.369,167.626,282.619,1855.27,2345.85,4697.86,0.000425425,8.601e-05,8,8,13,0.619048,1,9.71464,8.09301,1.62163,0.0398729,0.396115,2244,0,0,0,0,0.001,0,0,0,0,0,0,0,0,0,0,0,0,0,0,0,0,0,0,0,0,0,0,0,0,0,0,0,0,0,0,0,0,0,0,0,0,24.3152,62.8855,25.5353,620.453,643.012,0,0.937062,-0.348274,0.0248954,0.999992,0.236085,0.47287,0.754386,0.86,875.044,1057.94,1699.24,2696.54,210.672,731.202,1642.9,259.498,2994.12,318.118,259.9,-5.60604,0.810006,0.533866,-0.696412,0,0,0,0,0,0,0,74.5356,0,0.987968,0,0,267.651,998.759,0,0,838.329,2987.33,0
1691509878573108307,2353,2212,140,0.940076,22.6904,41.0982,59.0179,71.6239,154.879,2.5569,263.011,551.588,948.293,1252.95,807.233,2905.84,5899,12592.2,1222.69,1345.72,1809.32,550.514,385.638,521.519,133434,4470.82,7240.44,5.9413,4.41937,0,0,0.0335059,0,25.2785,144.78,181.172,1265.52,1689.5,3934.19,0.00251866,0.000437827,9,9,15,0.625,1,8.75333,7.30001,1.45332,0.041426,0.340757,2212,0,0,0,0,0.001,0,0,0,0,0,0,0,0,0,0,0,0,0,0,0,0,0,0,0,0,0,0,0,0,0,0,0,0,0,0,0,0,0,0,0,0,22.6904,59.0179,33.1515,621.663,655.185,0,0.940355,-0.339141,0.0267617,0.999951,0.566475,0.490892,0.834862,0.91,899.642,1094.09,1648.28,2620.11,205.164,723.182,1578.25,230.053,2613.51,303.495,209.505,-4.66667,-0.934245,0.13509,1.11303,0,0,0,0,0,0,0,71.6239,0,0.98915,0,0,263.011,948.293,0,0,807.233,2905.84,0
1691509878670540095,2432,2206,215,0.907072,22.0789,41.0928,63.6965,78.1159,161.53,0.339873,259.638,566.319,988.452,1257.28,778.855,2897.8,7459.73,14110.8,1269.72,1247.59,1860.56,566.269,464.217,525.936,145779,5281.72,8140.64,7.70335,4.21094,0,0,0.0362311,0,30.1072,171.186,180.358,1263.74,1644.08,4851.17,0.00139691,0.000177527,6,6,13,0.684211,1,9.3954,7.79109,1.60431,0.0152215,0.104068,2206,0,0,0,0,0.001,0,0,0,0,0,0,0,0,0,0,0,0,0,0,0,0,0,0,0,0,0,0,0,0,0,0,0,0,0,0,0,0,0,0.011786,8.52646,20.0645,22.3553,64.0162,30.5366,650.413,701.05,0,0.937874,-0.345969,0.0264053,0.999974,0.416726,0.12704,0.818182,0.9,903.57,1084.25,1681.54,2524.62,204.446,718.566,1570.93,278.493,2695.54,296.225,225.734,-6.73176,0.45723,-1.58954,0.378569,0,0,0,0,0,0.0106908,27.3111,78.5012,1,0.983028,229.279,694.892,259.987,990.354,391.874,1225.08,786.815,2916.61,0.00162826
1691509878767579054,2493,2274,214,0.912154,23.3703,42.5901,62.1521,73.6404,157.925,-0.307764,261.722,545.558,935.752,1195.29,770.087,2862.84,7819.18,13895.2,1272.21,1194.35,1940.24,551.631,492.457,484.775,144152,5135.18,8081.13,9.06666,1.7457,0,0,0.0356234,0,24.1852,123.048,204.511,1319.06,1786.3,4624.04,0.000444951,3.33932e-05,3,3,8,0.727273,1,9.86571,8.28013,1.58558,0.0181912,0.246694,2274,0,0,0,0,0.001,0,0,0,0,0,0,0,0,0,0,0,0,0,0,0,0,0,0,0,0,0,0,0,0,0,0,0,0,0,0,0,0,0,0.0145119,8.65632,24.6228,23.7329,62.5982,34.1277,651.183,708.689,0,0.940559,-0.338727,0.0247546,0.999969,0.452482,0.194386,0.869159,0.93,899.706,1085.21,1682.05,2438.24,204.17,712.403,1578.12,278.792,2711.88,317.899,209.675,-5.42557,-0.941875,0.42377,0.940285,0,0,0,0,0,0.0132371,27.1725,74.1423,1,0.987059,112.597,550.232,263.813,940.664,187.779,964.876,787.253,2870.42,0.00117687
1691509878864962454,2468,2193,271,0.888574,21.678,41.5711,61.1468,75.0777,151.014,-0.135824,261.589,553.921,976.814,1207.73,792.266,3136.47,7314.74,17057.6,1437.96,1119.4,2034.81,547.353,531.158,546.88,136813,6035.55,9196.56,9.29582,2.6047,0,0,0.0441153,0,27.2281,106.003,212.152,1268.51,2057.37,5525.3,0.0002594,4.04622e-05,4,4,11,0.733333,1,9.94589,8.43099,1.51491,0.0150636,0.0581927,2193,0,0,0,0,0.001,0,0,0,0,0,0,0,0,0,0,0,0,0,0,0,0,0,0,0,0,0,0,0,0,0,0,0,0,0,0,0,0,0,0.000455996,9.94731,9.94731,21.6832,61.1528,26.5061,639.435,708.059,0,0.935326,-0.352686,0.0278868,0.999884,0.872762,0.0244744,0.869159,0.93,882.716,1067.55,1755.74,2371.37,203.105,718.441,1624.45,280.567,2628.89,294.307,211.923,-8.48406,-0.886651,-0.514187,-0.0776206,0,0,0,0,0,0.000405186,9.94731,75.0789,1,0.982664,111.762,111.762,261.886,977.035,191.174,191.174,792.333,3136.71,3.97404e-06
1691509878963288801,2424,2114,307,0.872112,21.2062,40.8152,59.964,73.2114,179.415,-0.545606,253.862,551.445,966.304,1211.14,779.573,3229.1,7376.73,15235.9,1515.32,1056.42,2149.84,502.946,544.856,504.013,129648,5502.06,8631.18,8.36034,7.27982,0,0,0.0424385,0,20.8738,83.5507,200.123,1146.15,2338.85,4841.63,0.000894291,0.000418095,7,7,11,0.611111,1,9.7944,8.39299,1.40141,0.0281386,0.0548208,2114,0,0,0,0,0.001,0,0,0,0,0,0,0,0,0,0,0,0,0,0,0,0,0,0,0,0,0,0,0,0,0,0,0,0,0,0,0,0,0,0.00283822,10.8819,15.5902,21.3583,60.0282,25.3591,610.15,680.491,0,0.934795,-0.354283,0.0253325,0.999995,0.175286,0.0649903,0.769912,0.87,876.884,1090.16,1738.18,2326.17,202.024,725.273,1651.47,264.854,2470.39,289.832,187.403,-2.98026,0.700939,-0.432277,-0.652172,0,0,0,0,0,0.00247525,16.4785,73.2789,1,0.985769,239.42,328.623,254.203,967.793,424.646,581.779,781.294,3231.36,0.000123761
1691509879060069672,2453,2105,345,0.858133,21.0799,40.6822,61.4337,75.1006,172.585,-0.509844,276.414,583.541,995.569,1229.74,871.016,3360.17,7919.73,17211.1,1751.9,1135.72,2198.85,490.833,554.423,553.539,122995,6107.21,9739.98,8.02275,9.81227,0,0,0.049654,0,28.1818,86.28,207.029,1417.56,2729.63,5271.29,0.000967708,0.000383711,7,7,12,0.631579,1,10.3665,8.95755,1.40897,0.0409353,0.450353,2105,0,0,0,0,0.001,0,0,0,0,0,0,0,0,0,0,0,0,0,0,0,0,0,0,0,0,0,0,0,0,0,0,0,0,0,0,0,0,0,0.00190024,6.54191,14.3466,21.1244,61.4376,35.8587,580.515,639.627,0,0.941534,-0.33583,0.0270586,0.999806,1.12995,0.0508251,0.769912,0.87,865.535,1115.51,1733.26,2299.96,213.516,751.502,1636.69,268.197,2287.7,285.901,203.014,-4.91101,-0.461763,0.780983,0.522094,0,0,0,0,0,0.00163066,15.7703,75.106,1,0.989053,159.697,287.053,276.703,996.024,274.574,493.8,872.391,3362.89,4.95067e-05
1691509879156609043,2381,2009,371,0.843763,22.6649,42.2725,60.7611,71.8091,120.647,3.48147,268.382,570.426,955.733,1180.02,872.786,3349.47,6773.37,14147.6,1789.29,996.973,2180.38,495.868,533.566,498.881,118213,5404.41,8795.13,7.77526,4.85456,0,0,0.0457174,0,18.3969,55.4646,201.753,1266.85,2833.22,4419.45,0.000535538,0.00010029,15,15,13,0.464286,1,10.528,9.20683,1.32118,0.0934794,0.513595,2009,0,0,0,0,0.001,0,0,0,0,0,0,0,0,0,0,0,0,0,0,0,0,0,0,0,0,0,0,0,0,0,0,0,0,0,0,0,0,0,0,0,0,22.6649,60.7611,30.1465,548.424,616.429,0,0.940234,-0.339485,0.026664,0.999992,0.223405,0.0422189,0.818182,0.9,872.696,1035.35,1671.48,2287.23,223.177,776.148,1625.13,259.783,2360.92,254.712,167.589,-6.01412,0.537397,-0.984281,-0.887833,0,0,0,0,0,0,0,71.8091,0,0.99552,0,0,268.382,955.733,0,0,872.786,3349.47,0
1691509879254522384,2225,1929,295,0.866966,23.0454,42.2692,64.2354,77.6455,143.588,4.21604,268.337,553.558,941.568,1176.98,933.465,3534.73,6898.69,15059.9,1979.44,945.669,2291.84,518.694,520.207,501.43,121169,5877.93,9341.97,6.08638,1.85985,0,0,0.0485101,0,19.6593,44.1426,187.74,1026.89,3343.44,4720.11,0.000972862,6.72175e-05,17,17,11,0.392857,1,10.6791,9.24973,1.42936,0.0924372,0.137349,1929,0,0,0,0,0.001,0,0,0,0,0,0,0,0,0,0,0,0,0,0,0,0,0,0,0,0,0,0,0,0,0,0,0,0,0,0,0,0,0,0,0,0,23.0454,64.2354,25.3788,553.323,650.299,0,0.94007,-0.33997,0.0262562,1,0.0375197,0.0676693,0.851852,0.92,856.833,1035.76,1651.3,2277.99,218.249,750.226,1607.88,233.621,2324.44,235.873,167.954,-6.04336,0.0811161,0.485775,0.0309283,0,0,0,0,0,0,0,77.6455,0,0.984448,0,0,268.337,941.568,0,0,933.465,3534.73,0
1691509879352614569,2025,1794,230,0.885926,25.1526,44.9966,67.4747,83.3703,172.338,4.82565,252.381,575.423,955.709,1203.4,938.506,3659.7,8031.87,25309.6,2182.78,991.991,2207.25,534.739,519.162,540.145,119697,6767.45,10690.9,7.82825,5.15565,0,0,0.056538,0,17.9536,55.5761,267.996,1133.21,3615.53,5600.61,0.00230824,0.000339036,10,10,12,0.545455,1,11.4126,9.91989,1.49271,0.108804,0.213465,1794,0,0,0,0,0.001,0,0,0,0,0,0,0,0,0,0,0,0,0,0,0,0,0,0,0,0,0,0,0,0,0,0,0,0,0,0,0,0,0,0.00222965,30.017,35.1924,24.9364,67.6078,25.5994,561.103,654.297,0,0.941297,-0.336423,0.0279387,0.999992,0.235673,0.0392205,0.785714,0.88,848.526,1036.36,1619.95,2675.95,225.319,709.748,1573.62,266.908,2393.76,290.841,170.81,-6.87538,0.176165,0.615191,-0.303905,0,0,0,0,0,0.00197531,36.0832,83.4897,1,0.980447,251.987,284.379,252.381,956.667,325.544,372.29,941.275,3667.42,3.94349e-05
1691509879451739887,1880,1728,150,0.919149,22.9605,41.6784,64.4646,80.3238,189.028,1.95002,246.145,550.477,937.686,1111.45,881.797,3813.36,7098.15,16909.5,2193.69,1311.76,2056.1,476.688,462.082,552.857,125175,5708.31,8786.8,9.85828,4.45051,0,0,0.0456024,0,24.5667,40.5231,154.355,738.662,3087.03,4741.66,27.7487,0.0173753,20,20,8,0.285714,1,7.59182,6.2305,1.36132,0.367411,0.257055,1728,0,0,0,0,0.001,0,0,0,0,0,0,0,0,0,0,0,0,0,0,0,0,0,0,0,0,0,0,0,0,0,0,0,0,0,0,0,0,0,0,0,0,22.9605,64.4646,26.9279,579.425,681.647,0,0.941992,-0.334914,0.02198,0.999981,0.354432,0.0370187,0.785714,0.88,847.342,1069.01,1606.96,2678.49,216.927,703.607,1573.79,161.982,2190.51,175.041,175.752,-7.70918,0.756955,0.0220259,-0.511472,0,0,0,0,0,0,0,80.3238,0,0.976273,0,0,246.145,937.686,0,0,881.797,3813.36,0
1691509879551516871,1939,1718,221,0.886024,22.5829,43.3399,64.6473,77.6475,168.572,1.68143,244.909,519.392,897.878,1072.46,860.852,3546,7446.7,19696.9,1834.96,1517.64,1988.77,502.359,402.086,499.803,127297,5439.44,8328.31,6.35583,4.5854,0,0,0.0427304,0,23.6845,41.9319,160.982,581.118,3074.05,4446.54,0.000277957,0.000132865,19,19,10,0.344828,1,7.83271,6.55106,1.28165,0.290904,0.114045,1718,0,0,0,0,0.001,0,0,0,0,0,0,0,0,0,0,0,0,0,0,0,0,0,0,0,0,0,0,0,0,0,0,0,0,0,0,0,0,0,0,0,0,22.5829,64.6473,24.5588,608.61,700.831,0,0.940199,-0.339787,0.0239031,0.999985,0.317248,0.0198855,0.73913,0.85,854.923,1033.26,1619.14,2254.47,212.144,715.406,1564.11,141.282,2121.12,184.036,154.813,-5.43543,0.141859,-0.0555851,-0.526559,0,0,0,0,0,0,0,77.6475,0,0.983702,0,0,244.909,897.878,0,0,860.852,3546,0
1691509879652938714,2004,1804,197,0.9002,22.8083,43.4372,69.1323,81.592,166.148,3.25207,272.499,544.671,897.33,1120.62,901.116,3465.21,7695.16,20240.4,1575.12,1799.96,1950.76,535.035,366.742,498.454,121555,5863.8,9053.99,6.48336,1.25828,0,0,0.04824,0,26.677,48.2496,182.662,698.209,3317.73,4780.47,1.60434e-05,1.18026e-06,7,7,9,0.5625,1,9.97437,8.53555,1.43883,0.0689116,0.219748,1804,0,0,0,0,0.001,0,0,0,0,0,0,0,0,0,0,0,0,0,0,0,0,0,0,0,0,0,0,0,0,0,0,0,0,0,0,0,0,0,0.00221729,34.784,44.16,22.7424,69.1756,24.4799,569.86,697.66,0,0.939478,-0.34169,0.0250756,0.999997,0.134558,0.00756159,0.785714,0.88,853.142,992.751,1535.39,2253.97,222.756,720.385,1483.59,201.456,2337.47,205.094,158.993,-4.94319,-0.00282419,-0.0429806,0.654292,0,0,0,0,0,0.00199601,45.5646,81.5953,1,0.982222,175.641,258.884,272.95,898.279,252.385,361.062,902.391,3468.35,3.4314e-05
1691509879755587321,2143,1618,523,0.755016,22.4138,43.1482,64.9794,78.8828,184.466,4.41808,270.97,575.032,946.574,1182.67,937.184,3590.61,8315.58,23621.3,1444.94,2212.46,1948.19,586.506,382.715,506.448,116931,6213.57,9499.16,5.03076,3.83192,0,0,0.053139,0,21.1595,39.1417,172.663,724.318,3384.89,5156.99,0.000432828,6.48152e-05,6,6,11,0.647059,1,8.56215,7.37189,1.19026,0.0374952,0.309801,1618,0,0,0,0,0.001,0,0,0,0,0,0,0,0,0,0,0,0,0,0,0,0,0,0,0,0,0,0,0,0,0,0,0,0,0,0,0,0,0,0,0,0,22.4138,64.9794,24.206,549.65,666.144,0,0.939576,-0.341415,0.0251661,1,0.017481,0.00904209,0.724138,0.84,864.638,1054.8,1629.83,2253.25,223.587,765.44,1558.89,240.138,2647.81,197.695,147.3,-3.48791,0.0438683,-1.20719,0.319608,0,0,0,0,0,0,0,78.8828,0,0.991347,0,0,270.97,946.574,0,0,937.184,3590.61,0
1691509879859040032,2172,1658,509,0.763352,22.8459,42.4828,62.9648,75.8506,194.29,4.30779,268.659,555.675,961.691,1225,913.696,3568.09,8475.04,41840.2,1209.6,2097.37,1813.37,585.296,446.953,470.864,115087,6396.07,10164.5,5.07316,4.99828,0,0,0.0555759,0,29.3503,40.8677,222.076,1404.14,3002.78,5465.3,0.000572574,0.000138783,5,5,11,0.6875,1,8.85228,7.65417,1.19812,0.0278576,0.289468,1658,0,0,0,0,0.001,0,0,0,0,0,0,0,0,0,0,0,0,0,0,0,0,0,0,0,0,0,0,0,0,0,0,0,0,0,0,0,0,0,0,0,0,22.8459,62.9648,28.9065,519.282,658.811,0,0.940122,-0.340023,0.0235603,0.999998,0.125694,0.0536988,0.754386,0.86,848.616,1031.83,1648.77,2248.69,225.967,745.011,1626.53,287.508,2726.74,301.088,149.256,-2.12871,-0.831503,0.777865,0.768095,0,0,0,0,0,0,0,75.8506,0,0.989144,0,0,268.659,961.691,0,0,913.696,3568.09,0
1691509879961797041,1906,1506,397,0.790136,22.9539,43.6519,67.9205,84.8605,192.716,-0.921001,256.398,556.132,962.032,1213.34,897.594,3772.46,8259.09,25292.7,894.972,2284.28,1924.76,555.692,473.563,447.616,109595,5557.99,8858.76,7.11317,7.4219,0,0,0.0507139,0,21.4093,166.698,183.098,881.264,3053.16,4553.13,0.00119232,0.000293583,2,2,8,0.8,1,9.6417,8.43125,1.21046,0.0110712,0.106626,1506,0,0,0,0,0.001,0,0,0,0,0,0,0,0,0,0,0,0,0,0,0,0,0,0,0,0,0,0,0,0,0,0,0,0,0,0,0,0,0,0,0,0,22.9539,67.9205,30.3148,568.644,638.042,0,0.940433,-0.339116,0.0242196,0.999999,0.0666755,0.0792165,0.785714,0.88,852.404,1028.23,1645.59,2390.84,225.675,722.412,1524.83,337.844,2868.33,208.081,196.579,-3.46534,-0.674263,1.20312,-0.138175,0,0,0,0,0,0,0,84.8605,0,0.982072,0,0,256.398,962.032,0,0,897.594,3772.46,0
1691509880064353128,1728,1329,395,0.769097,24.779,42.3439,64.7985,83.8548,139.505,-9.51743,266.271,573.785,988.841,1205.41,913.482,3871.81,8218.22,10848.6,1098.91,2480.31,1811.66,536.753,482.235,494.097,107645,4777.16,7334.66,6.52513,5.87201,0,0,0.0443787,0,17.0595,37.9678,145.281,815.412,2118.07,4200.87,0.000220106,0.000188445,10,10,11,0.52381,1,9.83411,8.80418,1.02993,0.042557,0.193521,1329,0,0,0,0,0.001,0,0,0,0,0,0,0,0,0,0,0,0,0,0,0,0,0,0,0,0,0,0,0,0,0,0,0,0,0,0,0,0,0,0,0,0,24.779,64.7985,27.6703,553.981,638.349,0,0.941239,-0.336899,0.0238442,0.999997,0.136884,0.0599798,0.769912,0.87,853.732,1018.98,1644.06,2665.01,233.919,744.152,1522.82,348.409,2815.76,165.078,118.167,-4.18572,-0.286345,0.29485,0.0145585,0,0,0,0,0,0,0,83.8548,0,0.982694,0,0,266.271,988.841,0,0,913.482,3871.81,0
1691509880167530110,1762,1088,669,0.61748,25.5622,43.6096,65.9561,81.4437,141.103,-13.1213,274.825,578.141,996.565,1167.5,976.199,4190.97,7776.13,14423.6,1243.37,2730.37,1811.73,535.828,521.671,515.357,111443,4058.31,6298.16,4.14488,2.89572,0,0,0.036416,0,14.5364,43.9876,132.886,675.443,1926.9,3504.41,0.000749349,0.000243756,15,15,15,0.5,1,9.24775,8.40751,0.840239,0.0698953,0.390022,1088,0,0,0,0,0.001,0,0,0,0,0,0,0,0,0,0,0,0,0,0,0,0,0,0,0,0,0,0,0,0,0,0,0,0,0,0,0,0,0,0,0,0,25.5622,65.9561,29.7268,557.789,630.485,0,0.942877,-0.33223,0.0246258,0.999987,0.287035,0.0304484,0.73913,0.85,883.068,1109.65,1679.4,2754.41,230.784,773.854,1547.94,312.501,2979.49,153.398,92.9366,-2.96436,0.682664,0.380867,-0.12707,0,0,0,0,0,0,0,81.4437,0,0.98989,0,0,274.825,996.565,0,0,976.199,4190.97,0
1691509880269767199,1922,1122,795,0.583767,26.3811,44.5771,64.4928,74.8388,152.219,-10.9237,279.141,578.357,1016.17,1245.22,918.67,3735.15,8393.07,11875.3,1434.92,2354.09,1757.5,577.274,492.487,514.188,111176,4015.76,6169.12,4.14768,3.76444,0,0,0.0361207,0,10.7933,72.6319,156.411,636.237,1729.05,3563.99,0.00172655,0.000494609,8,7,12,0.631579,1,8.84501,7.99567,0.849335,0.0441448,0.298466,1122,0,0,0,0,0.001,0,0,0,0,0,0,0,0,0,0,0,0,0,0,0,0,0,0,0,0,0,0,0,0,0,0,0,0,0,0,0,0,0,0,0,0,26.3811,64.4928,29.5006,553.651,633.849,0,0.942102,-0.334504,0.0234609,0.999996,0.152995,0.0606045,0.769912,0.87,860.329,1065.87,1696.33,2854.6,227.88,748.699,1681.42,319.248,2943.16,158.19,113.426,-2.28457,0.507113,-0.022094,-0.189612,0,0,0,0,0,0,0,74.8388,0,0.990196,0,0,279.141,1016.17,0,0,918.67,3735.15,0
1691509880370551832,1815,1014,797,0.558678,23.9281,45.7547,64.0313,76.1163,152.169,-11.092,288.641,585.98,1001.63,1234.95,968.426,3800.2,8407.35,11245.2,1492.16,2305.11,1731.67,554.561,485.664,599.885,111206,3380.79,5423.25,8.54374,3.24767,0,0,0.0304013,0,9.62127,122.86,143.334,750.776,1435.09,2961.57,0.00308364,0.000425631,5,5,11,0.6875,1,8.98151,8.22064,0.760868,0.0481858,0.22281,1014,0,0,0,0,0.001,0,0,0,0,0,0,0,0,0,0,0,0,0,0,0,0,0,0,0,0,0,0,0,0,0,0,0,0,0,0,0,0,0,0,0,0,23.9281,64.0313,32.7409,534.24,630.019,0,0.943481,-0.330539,0.0242378,0.999991,0.244602,0.0414067,0.694915,0.82,843.979,1092.53,1806.58,2487.53,235.656,741.453,1721.22,268.881,2717.89,135.014,149.283,-4.28933,0.154269,0.399954,-0.239224,0,0,0,0,0,0,0,76.1163,0,0.989152,0,0,288.641,1001.63,0,0,968.426,3800.2,0
1691509880471137598,1794,1004,788,0.559643,25.1532,43.1169,66.562,78.2103,173.973,-13.5197,322.479,612.728,979.321,1243.11,1021.88,3470.79,9106.17,14275.2,1468.85,2207.59,1615.8,555.183,469.467,580.968,106858,3580.6,5510.34,3.50356,4.11508,0,0,0.0335081,0,12.0103,116.726,149.933,714.29,1241.13,3276.25,0.000279637,5.87902e-05,9,9,9,0.5,1,8.26925,7.50384,0.765409,0.0997908,0.351627,1004,0,0,0,0,0.001,0,0,0,0,0,0,0,0,0,0,0,0,0,0,0,0,0,0,0,0,0,0,0,0,0,0,0,0,0,0,0,0,0,0,0,0,25.1532,66.562,31.1536,524.491,627.355,0,0.941865,-0.335068,0.0248864,0.999988,0.277973,0.0377318,0.73913,0.85,848.316,1012.57,1695.13,2374.43,233.584,746.683,1627.49,265.307,2782.13,144.39,141.145,-3.01956,1.21094,0.380908,-0.850041,0,0,0,0,0,0,0,78.2103,0,0.992032,0,0,322.479,979.321,0,0,1021.88,3470.79,0
1691509880570731642,1629,750,870,0.460405,29.4596,51.9536,76.6283,90.9399,143.354,-16.6573,327.943,629.8,1010.22,1231.61,1095.38,3835.06,9148.44,13525.8,1444.19,2687.42,1734.13,573.156,456.931,597.472,109260,3236.41,4839.47,7.8923,2.75267,0,0,0.0296213,0,14.5145,93.2507,122.406,569.527,1028.36,3011.41,0.000669365,6.73894e-05,3,3,8,0.727273,1,9.05478,8.2785,0.776282,0.0144373,0.124415,750,0,0,0,0,0.001,0,0,0,0,0,0,0,0,0,0,0,0,0,0,0,0,0,0,0,0,0,0,0,0,0,0,0,0,0,0,0,0,0,0,0,0,29.4596,76.6283,28.8658,523.012,631.122,0,0.93971,-0.341225,0.0226133,0.999976,0.395836,0.0110656,0.680672,0.81,845.24,1039,1724.84,2341.96,232.687,739.527,1647.73,307.559,2529.04,136.836,101.08,-2.34625,0.777979,-0.710961,-0.358317,0,0,0,0,0,0,0,90.9399,0,0.968,0,0,327.943,1010.22,0,0,1095.38,3835.06,0
1691509880670715738,1834,829,1000,0.452017,25.4709,52.0698,75.5218,94.6213,181.075,-8.75841,285.536,573.073,969.108,1198.25,953.603,3692.07,11216.9,15231.1,1077.64,2654.33,1795.05,586.683,439.617,525.38,109349,3706.34,5340.07,5.77375,0.885665,0,0,0.0338945,0,16.2849,65.6287,136.692,464.363,1176.65,3480.46,0.00162086,0.000157947,6,5,9,0.642857,1,8.54002,7.67703,0.862997,0.0392197,0.363169,829,0,0,0,0,0.001,0,0,0,0,0,0,0,0,0,0,0,0,0,0,0,0,0,0,0,0,0,0,0,0,0,0,0,0,0,0,0,0,0,0.00120627,1.85882,1.85882,25.485,75.5332,31.3546,511.909,640.736,0,0.942825,-0.332489,0.0230784,0.999957,0.532101,0.0175193,0.626016,0.77,801.237,1015.95,1643.28,2241.96,225.381,714.908,1539,265.611,2586.88,154.44,81.0781,-0.831466,0.862257,-0.190389,-0.124659,0,0,0,0,0,0.000545256,1.85882,94.6238,1,0.967391,20.747,20.747,285.782,970.053,36.7152,36.7152,953.973,3694.09,2.52432e-07
1691509880769101362,1597,837,752,0.524108,26.0766,51.5508,76.5173,88.8408,171.812,-8.89108,288.331,541.882,917.885,1175.09,941.625,3235.79,9353.15,15809.5,1083.99,2001.68,1613.3,573.478,434.142,443.955,122608,3023.22,4443.82,15.0809,6.20593,0,0,0.0246577,0,13.2579,63.2154,97.492,455.006,1001.16,2813.69,0.000155196,0.000140961,3,2,9,0.818182,1,9.5485,8.70033,0.848177,0.0196784,0.265033,837,0,0,0,0,0.001,0,0,0,0,0,0,0,0,0,0,0,0,0,0,0,0,0,0,0,0,0,0,0,0,0,0,0,0,0,0,0,0,0,0,0,0,26.0766,76.5173,38.5029,521.528,640.969,0,0.94143,-0.336615,0.0200022,0.999986,0.30554,0.0339929,0.652893,0.79,832.31,1051.13,1688.13,2237.59,229.186,727.936,1592.39,282.813,2274.75,100.756,66.0362,-1.56744,-2.1553,-0.167478,0.348581,0,0,0,0,0,0,0,88.8408,0,0.968937,0,0,288.331,917.885,0,0,941.625,3235.79,0
1691509880866259017,1670,911,755,0.545509,27.8181,50.4842,75.8949,92.1186,170.437,-6.19045,270.318,526.095,891.454,1140.77,830.115,3541.73,9652.64,12137,1130.88,2078.65,1846.44,497.821,502.276,429.624,125106,3136.55,4815.82,8.85346,2.04368,0,0,0.0250712,0,19.4346,65.5213,82.4513,588.749,1242.61,2817.05,0.000721355,0.000126363,3,3,8,0.727273,1,8.36207,7.44651,0.915562,0.0275214,0.249662,911,0,0,0,0,0.001,0,0,0,0,0,0,0,0,0,0,0,0,0,0,0,0,0,0,0,0,0,0,0,0,0,0,0,0,0,0,0,0,0,0,0,0,27.8181,75.8949,37.1976,538.81,636.993,0,0.942551,-0.33273,0.0298039,0.999944,0.607505,0.00802682,0.666667,0.8,822.682,1046.97,1719.48,2253.24,236.614,712.855,1634.61,256.564,2284.03,84.4573,66.9274,-3.08684,0.312707,-0.572442,-0.203999,0,0,0,0,0,0,0,92.1186,0,0.975851,0,0,270.318,891.454,0,0,830.115,3541.73,0
1691509880964291742,1596,955,640,0.598371,28.5776,53.7071,75.7623,86.2793,132.405,-7.61193,303.314,578.163,1024.39,1289.37,958.422,3695.49,10012.7,24804.6,1289.67,2202.31,2196.28,575.431,584.514,387.986,132773,3925.88,5987.05,7.75336,3.18653,0,0,0.0295684,0,21.3927,48.013,180.989,560.525,1675.19,3500.94,0.0123108,0.00158828,3,3,10,0.769231,1,9.04558,8.07627,0.969305,0.00928551,0.138522,955,0,0,0,0,0.001,0,0,0,0,0,0,0,0,0,0,0,0,0,0,0,0,0,0,0,0,0,0,0,0,0,0,0,0,0,0,0,0,0,0,0,0,28.5776,75.7623,35.0065,557.534,659.459,0,0.939666,-0.341362,0.0223704,0.999931,0.673289,0.0368276,0.666667,0.8,806.976,1071.63,1724.22,2274.92,220.978,701.875,1675.07,314.887,2265.24,219.749,57.1832,-2.26617,-0.419461,0.791982,-0.0205319,0,0,0,0,0,0,0,86.2793,0,0.976963,0,0,303.314,1024.39,0,0,958.422,3695.49,0
1691509881062295474,1563,920,630,0.588612,25.6471,53.3079,76.0558,87.2017,138.548,-7.12203,270.41,525.379,927.961,1169.1,815.748,3242.69,7309.44,78588.4,1223.45,1593.52,2087.8,513.019,576.315,296.896,134124,7481.61,10329.4,4.12491,0.429885,0,0,0.0557814,0,16.7151,42.5813,97.276,1183.73,1833.8,7155.34,0.000101098,1.18969e-05,4,3,9,0.75,1,8.76048,7.86013,0.900349,0.0179684,0.0932882,920,0,0,0,0,0.001,0,0,0,0,0,0,0,0,0,0,0,0,0,0,0,0,0,0,0,0,0,0,0,0,0,0,0,0,0,0,0,0,0,0,0,0,25.6471,76.0558,36.3047,560.511,644.184,0,0.940025,-0.340456,0.0210175,0.999999,0.0955286,0.044807,0.652893,0.79,830.248,1050.03,1774.76,2503.5,232.281,721.408,1675.07,257.305,2251.68,108.465,40.6634,-1.9047,-0.58106,0.128217,-0.039627,0,0,0,0,0,0,0,87.2017,0,0.979348,0,0,270.41,927.961,0,0,815.748,3242.69,0
1691509881160467775,1552,763,767,0.491624,37.5714,61.7056,82.8114,96.5684,145.314,-6.63716,308.534,611.199,1037.54,1322.54,946.407,3570.38,7513.25,16773.1,1388.2,1463.93,2446.33,611.053,716.561,260.229,147640,2415.19,3841.27,3.36403,3.60455,0,0,0.0163587,0,8.60151,19.0175,94.8928,344.353,1610.36,1764.04,0.027988,0.00148706,7,7,11,0.611111,1,9.83483,8.8251,1.00974,0.031812,0.111599,763,0,0,0,0,0.001,0,0,0,0,0,0,0,0,0,0,0,0,0,0,0,0,0,0,0,0,0,0,0,0,0,0,0,0,0,0,0,0,0,0,0,0,37.5714,82.8114,34.5401,574.905,670.555,0,0.939472,-0.341754,0.024447,0.999993,0.212466,0.0417608,0.5625,0.72,853.499,1056.14,1650.65,2565.34,233.183,753.215,1609.34,272.878,2338.54,112.857,23.4839,-2.15658,0.066051,1.3533,0.0542608,0,0,0,0,0,0,0,96.5684,0,0.952818,0,0,308.534,1037.54,0,0,946.407,3570.38,0
1691509881259041990,1591,694,877,0.436204,33.1296,54.8621,76.7844,95.142,202.558,-7.74951,333.81,624.85,961.663,1291.4,976.139,3460.37,9778.56,19522.2,1432.21,1360,2210.58,617.781,664.054,264.314,150305,2683.09,4071.85,5.60659,4.98202,0,0,0.0178509,0,5.87502,11.9184,83.5914,346.011,1310.35,2314.1,0.00466685,0.000749763,6,5,12,0.705882,1,8.99699,8.19759,0.7994,0.0180809,0.181894,694,0,0,0,0,0.001,0,0,0,0,0,0,0,0,0,0,0,0,0,0,0,0,0,0,0,0,0,0,0,0,0,0,0,0,0,0,0,0,0,0,0,0,33.1296,76.7844,33.628,585.673,657.699,0,0.939503,-0.341827,0.0220857,0.999997,0.135371,0.0423979,0.680672,0.81,878.236,1177.47,1777.34,2363.65,234.629,787.322,1691.65,286.953,2371.08,92.8466,23.7394,-2.80785,-0.216145,0.847438,-0.0128266,0,0,0,0,0,0,0,95.142,0,0.961095,0,0,333.81,961.663,0,0,976.139,3460.37,0
1691509881357637548,1551,726,808,0.468085,35.7692,56.9458,82.5178,100.858,181.618,-6.0749,356.913,636.01,990.734,1242.07,1012.35,3765.81,8856.6,24150.3,1329.52,1365.61,2502.34,574.797,702.43,330.609,154120,2990.82,4835.4,5.15394,6.78877,0,0,0.0194058,0,16.3737,33.7806,117.253,520.148,1905.11,2242.73,0.00273491,0.000905847,5,5,12,0.705882,1,9.27963,8.35063,0.929,0.0242242,0.154457,726,0,0,0,0,0.001,0,0,0,0,0,0,0,0,0,0,0,0,0,0,0,0,0,0,0,0,0,0,0,0,0,0,0,0,0,0,0,0,0,0,0,0,35.7692,82.5178,33.1812,585.419,655.399,0,0.937081,-0.348446,0.0215451,0.999975,0.405008,0.0672672,0.666667,0.8,892.092,1202.49,1736.64,2842.78,225.417,769.754,1667.85,298.418,2350.85,155.564,38.8393,-2.84342,-0.512845,0.694722,0.11854,0,0,0,0,0,0,0,100.858,0,0.946281,0,0,356.913,990.734,0,0,1012.35,3765.81,0
1691509881456546575,1646,833,804,0.506075,30.9069,50.9717,71.4391,87.8892,178.385,-5.29955,347.286,647.911,1028.02,1206.73,979.688,3174.84,7865.88,13868.1,1247.02,1327.93,2201.55,600.256,641.227,412.342,155612,2393.43,3930.41,5.23322,3.175,0,0,0.0153808,0,26.9153,62.5813,87.267,444.912,1505.26,1803.48,0.00183452,0.000430472,8,8,13,0.619048,1,8.9477,8.08097,0.866733,0.0557781,0.111138,833,0,0,0,0,0.001,0,0,0,0,0,0,0,0,0,0,0,0,0,0,0,0,0,0,0,0,0,0,0,0,0,0,0,0,0,0,0,0,0,0.00240096,30.4513,30.9821,30.9069,71.4471,32.6192,588.349,655.032,0,0.938796,-0.343746,0.0223791,0.999987,0.290568,0.0664265,0.612903,0.76,873.064,1115.26,1733.46,2299.07,224.569,752.674,1692.35,275.889,2665.5,98.4402,63.3734,-0.531553,-0.907213,-0.0695984,0.0115765,0,0,0,0,0,0.00121507,31.0485,87.9207,1,0.971119,116.894,161.19,348.314,1029.11,187.365,254.628,981.802,3176.19,2.14608e-05
1691509881556426534,1691,1032,653,0.61029,31.0761,55.4634,75.3155,95.3275,179.998,-5.84068,330.299,617.287,994.658,1263.8,845.361,3046.7,7196.35,17377,1071.62,1191.49,2217.13,566.548,618.831,454.551,151365,2673.76,4340.45,6.11588,5.41763,0,0,0.0176643,0,34.1802,74.4034,115.526,495.011,1406.38,2214.95,0.00238865,0.000621723,12,11,14,0.56,1,9.00005,7.84227,1.15778,0.0854189,0.231399,1032,0,0,0,0,0.001,0,0,0,0,0,0,0,0,0,0,0,0,0,0,0,0,0,0,0,0,0,0,0,0,0,0,0,0,0,0,0,0,0,0.00872093,18.3634,30.578,31.4365,75.4999,33.4598,557.191,641.349,0,0.937866,-0.346456,0.0194019,0.999991,0.236705,0.0992531,0.6,0.75,858.133,1155.39,1927.46,2829.56,231.661,784.004,1793.84,237.93,2580.63,120.435,75.6563,-2.36578,0.042991,0.635156,0.0605732,0,0,0,0,0,0.00532229,30.7028,95.4902,1,0.959922,293.423,463.817,331.865,1000.48,452.978,736.83,859.159,3064.82,0.000575881
1691509881656437680,1679,996,678,0.59321,29.2443,52.2066,74.8132,90.1768,178.477,-5.72164,354.149,625.008,1058.38,1350.31,911.409,3151.05,7908.01,10910.4,1086.95,1340.84,2156.65,606.351,643.786,469.591,143055,2645.36,4188.84,3.53922,2.6083,0,0,0.0184919,0,30.3016,99.0129,110.164,445.237,1187.54,2316.59,0.00294234,0.000447682,17,17,10,0.37037,1,8.34553,7.3252,1.02033,0.101924,0.130775,996,0,0,0,0,0.001,0,0,0,0,0,0,0,0,0,0,0,0,0,0,0,0,0,0,0,0,0,0,0,0,0,0,0,0,0,0,0,0,0,0.00502008,3.44257,12.8188,29.275,74.8217,36.5907,548.525,642.884,0,0.940295,-0.339828,0.0190573,0.999975,0.404939,0.0211718,0.652893,0.79,895.336,1176.21,1943.76,3288.54,226.657,760.164,1870.08,250.647,2758.63,141.025,107.205,-0.0403056,0.0256422,-0.618211,-0.198363,0,0,0,0,0,0.00297796,14.2421,90.2028,1,0.965691,126.738,471.033,355.466,1066.22,225.745,734.301,914.258,3163.39,0.000268969
1691509881758292473,1870,1069,794,0.571658,29.1731,49.3513,71.5391,85.3759,147.444,-5.21605,355.208,615.288,982.449,1284.34,937.672,2918.74,8062.03,11213.7,1021.24,1327.08,2008.7,587.853,606.846,399.28,141268,2870.64,4435,3.72909,4.05147,0,0,0.0203205,0,36.2609,82.5588,102.322,492.593,1134.19,2587.07,0.0081021,0.000824884,9,9,14,0.608696,1,8.15994,7.15268,1.00726,0.0328298,0.173385,1069,0,0,0,0,0.001,0,0,0,0,0,0,0,0,0,0,0,0,0,0,0,0,0,0,0,0,0,0,0,0,0,0,0,0,0,0,0,0,0,0.01029,34.3459,44.8042,29.0313,71.7185,28.6462,535.091,627.263,0,0.936821,-0.349181,0.0209575,0.999948,0.581939,0.0138896,0.73913,0.85,877.437,1231.7,2044.7,3325.49,222.946,742.814,1939,245.895,2690.11,137.036,87.1918,-0.189367,-0.129009,-0.812733,0.195271,0,0,0,0,0,0.00588235,54.4204,85.637,1,0.976371,107.362,613.383,358.66,984.611,184.832,1048.52,949.476,2958.62,0.00080615
1691509881861283584,2058,1190,859,0.578231,25.8957,47.3253,67.8993,82.8359,175.953,-5.71049,369.54,607.269,912.378,1119.98,963.592,2830.64,7523.66,10999.2,927.511,1272.83,2048.17,570.489,569.878,381.598,136249,2984.76,4304.66,4.11262,3.84306,0,0,0.0219066,0,24.7547,68.9364,86.2156,403.423,909.6,2811.73,0.0022794,0.000295545,7,7,12,0.631579,1,8.29307,7.24967,1.0434,0.022187,0.292341,1190,0,0,0,0,0.001,0,0,0,0,0,0,0,0,0,0,0,0,0,0,0,0,0,0,0,0,0,0,0,0,0,0,0,0,0,0,0,0,0,0.0109244,14.4309,45.7166,25.9628,68.1835,32.0487,508.102,614.849,0,0.93876,-0.343979,0.0201857,0.999984,0.321151,0.0457693,0.709402,0.83,859.791,1240.84,2026.58,2806.47,230.214,768.3,1936.27,230.289,2767.69,152.846,68.6828,-1.69247,0.172941,-1.4301,-0.179171,0,0,0,0,0,0.00631681,51.5513,82.9608,1,0.97706,233.138,693.968,369.71,912.661,411.76,1024.66,972.254,2837.61,0.00153207
1691509881964796081,2175,1312,860,0.603218,25.9466,47.0721,71.3916,86.1569,160.557,-1.75313,353.994,621.984,972.966,1286.7,952.652,2912.67,6804.67,15299.3,1010.93,1237.59,2048.57,557.027,671.383,394.605,129535,3188.27,4846.14,5.6884,5.62401,0,0,0.0246132,0,34.3138,74.7068,97.7893,640.034,1066.39,2932.91,0.00175631,0.000347711,12,12,14,0.538462,1,8.9641,7.79435,1.16975,0.0726276,0.327208,1312,0,0,0,0,0.001,0,0,0,0,0,0,0,0,0,0,0,0,0,0,0,0,0,0,0,0,0,0,0,0,0,0,0,0,0,0,0,0,0,0.00609756,22.9014,42.7635,25.9466,71.6004,34.2789,524.873,595.848,0,0.939028,-0.343176,0.0213721,0.999999,0.0834929,0.136045,0.709402,0.83,835.987,1127.93,1983.58,2263.14,225.41,744.124,1805.84,239.174,2825.11,174.521,82.6393,-3.31147,-0.191982,-1.43512,-0.054223,0,0,0,0,0,0.00367816,44.8066,86.2782,1,0.978528,241.8,481.389,355.607,976.424,406.899,834.115,957.455,2921.17,0.000464377
1691509882067865380,2167,1304,855,0.601754,29.8208,52.1317,74.3393,94.8138,180.041,-6.70438,340.313,579.025,894.464,1159.29,917.529,2836.16,6900.51,13014.6,935.739,1181.44,2045.68,537.923,626.94,316.213,133250,3241.24,4866.78,19.1003,3.68051,0,0,0.0243244,0,20.1784,38.5632,93.1891,640.459,1092.6,2981.79,0.000218194,2.77276e-05,2,1,9,0.9,1,9.26313,7.86567,1.39746,0.0110179,0.233792,1304,0,0,0,0,0.001,0,0,0,0,0,0,0,0,0,0,0,0,0,0,0,0,0,0,0,0,0,0,0,0,0,0,0,0,0,0,0,0,0,0.0368098,24.4428,77.8387,29.8998,74.3287,31.648,538.885,605.467,0,0.938157,-0.34548,0.0224842,0.999996,0.15483,0.0692469,0.666667,0.8,831.45,1139.63,1911.25,2655.42,224.791,733.077,1777.98,259.756,2855.39,159.937,59.3902,-1.9361,-0.253494,0.684051,0.644775,0,0,0,0,0,0.0221504,102.417,94.749,0.9375,0.963376,295.862,572.659,343.644,911.867,483.668,924.518,955.873,2864.21,0.00300875
1691509882171038920,2163,1387,764,0.641239,30.078,49.1792,70.3969,81.9242,167.809,-1.71309,342.79,594.423,931.274,1195.43,892.222,2924.47,6519.15,13996.9,1113.79,1193.19,1989.7,571.741,650.999,324.688,128083,3251.08,4956.28,8.42318,5.96688,0,0,0.0253826,0,20.8792,67.9832,83.0112,723.259,1085.05,2976.1,0.00319294,0.000580741,4,3,11,0.785714,1,8.9966,7.72056,1.27605,0.00787054,0.417202,1387,0,0,0,0,0.001,0,0,0,0,0,0,0,0,0,0,0,0,0,0,0,0,0,0,0,0,0,0,0,0,0,0,0,0,0,0,0,0,0,0.0439798,27.0318,73.5189,30.1371,69.4592,35.2357,577.637,621.127,0,0.93997,-0.340699,0.0194989,0.999982,0.339241,0.254337,0.724138,0.84,853.801,1111.64,1837.37,2793.22,222.199,735.11,1706.36,263.67,3027.77,194.667,97.3957,-3.27605,-0.407402,0.589178,0.911965,0,0,0,0,0,0.0282016,94.8822,81.394,0.967213,0.981146,130.447,584.104,351.776,937.643,204.504,862.267,953.582,2967.41,0.00333908
1691509882272230062,2185,1501,676,0.686957,28.3468,52.1205,74.6934,90.9805,173.351,-0.373927,327.39,583.67,962.705,1184.98,838.48,2798.02,7659.16,14035.8,999.117,1183.86,1864.76,560.54,601.179,344.068,127988,3731.83,5521.44,7.59586,4.71267,0,0,0.0291576,0,21.8672,51.7459,111.39,599.993,1287.93,3448.52,0.00133441,0.000200352,8,8,9,0.529412,1,10.3925,8.83388,1.55863,0.0872528,0.107336,1501,0,0,0,0,0.001,0,0,0,0,0,0,0,0,0,0,0,0,0,0,0,0,0,0,0,0,0,0,0,0,0,0,0,0,0,0,0,0,0,0.0712858,25.4429,72.7595,28.5949,74.6226,34.5903,608.886,654.523,0,0.938636,-0.344172,0.0225232,0.999989,0.274711,0.0383186,0.652893,0.79,882.388,1130.29,1708.58,2707.38,220.786,727.04,1693.48,269.767,3041.19,193.155,95.9658,-3.88981,-0.507707,0.181507,0.0887381,0,0,0,0,0,0.0489703,83.1746,91.3778,0.981308,0.965567,238.742,612.866,331.989,984.925,385.016,974.401,915.024,2899.7,0.00725409
1691509882371204962,2288,1396,879,0.61014,27.6759,49.8905,70.5835,85.8506,166.861,-0.702532,344.429,578.569,917.342,1181.9,932.325,2758.17,7729.11,12667,1103.59,1128.16,2024.02,554.306,596.932,374.375,134300,3522.6,5095.18,4.48336,4.34112,0,0,0.0262293,0,18.1607,49.2224,113.67,609.639,978.141,3326.35,0.014577,0.00253986,19,18,15,0.454545,1,11.3383,10.0155,1.32283,0.0409132,0.108096,1396,0,0,0,0,0.001,0,0,0,0,0,0,0,0,0,0,0,0,0,0,0,0,0,0,0,0,0,0,0,0,0,0,0,0,0,0,0,0,0,0.0494269,20.4161,72.4638,28.183,70.2814,34.4328,627.506,673.061,0,0.940462,-0.339057,0.0239215,0.999984,0.321308,0.0494747,0.754386,0.86,910.558,1187.21,1952.87,2964.23,228.577,761.673,1774.43,246.884,3049.27,175.244,90.4444,-0.816115,-0.311953,0.195815,0.569056,0,0,0,0,0,0.0301573,89.6969,85.7674,0.956522,0.972118,295.188,707.437,346.134,921.048,492.63,1156.72,965.524,2828.23,0.00708602
1691509882469421477,2631,1562,1057,0.593691,26.0786,47.5303,69.6085,82.4465,202.541,0.990894,329.027,597.767,937.547,1169.74,891.359,2754.81,6404.56,13154.7,1119,1130.49,1819.9,559.898,586.266,397.422,138637,3578.19,5281.49,2.34621,2.59026,0,0,0.0258097,0,26.5241,88.9304,121.752,706.439,970.488,3367.36,0.00073071,0.000143797,4,3,9,0.75,1,9.58722,8.23087,1.35635,0.00634861,0.167674,1562,0,0,0,0,0.001,0,0,0,0,0,0,0,0,0,0,0,0,0,0,0,0,0,0,0,0,0,0,0,0,0,0,0,0,0,0,0,0,0,0.0460948,20.6119,60.0935,26.4586,70.1508,34.5198,635.439,681.041,0,0.939719,-0.3413,0.0210588,0.999993,0.212666,0.0109379,0.73913,0.85,928.567,1143.75,1971.87,2877.45,228.668,753.113,1901.42,267.243,3041.19,218.987,119.082,-0.254649,-0.1139,0.173319,0.00686746,0,0,0,0,0,0.027366,70.3715,82.9214,1,0.981879,352.87,692.776,325.383,945.422,593.585,1139.07,917.526,2814.51,0.00732078
1691509882567752895,2700,1673,1011,0.61963,25.3167,45.354,66.3794,85.8682,168.69,0.939854,365.184,622.834,965.534,1224.94,988.445,2856.2,6318.12,14116.2,1199.54,1248.03,1995.97,563.597,631.54,463.596,131073,3989.47,6132.24,5.80232,4.77474,0,0,0.0304369,0,35.8287,117.332,158.186,871.826,1276.81,3672.25,0.0141108,0.00225665,5,4,9,0.692308,1,9.42007,7.98535,1.43471,0.00871136,0.102786,1673,0,0,0,0,0.001,0,0,0,0,0,0,0,0,0,0,0,0,0,0,0,0,0,0,0,0,0,0,0,0,0,0,0,0,0,0,0,0,0,0.0376569,31.4302,92.3651,25.2028,65.8152,34.4748,638.907,674.618,0,0.94037,-0.339261,0.024608,0.999991,0.237461,0.120715,0.785714,0.88,934.262,1185.24,1972.26,2986.33,225.361,794.016,1708.74,275.779,3114.18,219.647,160.437,-0.548152,-0.531139,0.308384,0.461466,0,0,0,0,0,0.0233333,110.272,84.2386,0.920635,0.97764,358.005,701.339,365.271,981.875,609.121,1196.42,1001.71,2949.79,0.00652391
1691509882665104563,2606,1812,790,0.695318,23.1487,41.0296,62.8611,77.8883,143.939,-1.34918,337.554,565.27,913.143,1208.18,919.702,2800.74,6273.64,14886.6,1119.44,1181.48,1831.74,545.329,526.703,473.781,122841,4061.68,6257.52,5.26748,4.10364,0,0,0.0330646,0,27.0406,101.447,171.879,963.857,1259.49,3733.81,0.033951,0.00341116,5,4,11,0.733333,1,9.12648,7.80446,1.32202,0.0137811,0.290762,1812,0,0,0,0,0.001,0,0,0,0,0,0,0,0,0,0,0,0,0,0,0,0,0,0,0,0,0,0,0,0,0,0,0,0,0,0,0,0,0,0.0320088,30.042,84.5194,22.9461,61.9945,29.3792,604.79,648.83,0,0.937519,-0.347003,0.0254347,0.999966,0.475068,0.0316862,0.769912,0.87,905.636,1162.98,1701.76,2667.8,225.403,785.153,1603.8,261.92,3145.41,195.56,168.611,-1.47901,-0.317779,0.944087,0.542464,0,0,0,0,0,0.0222563,99.3066,77.1589,0.948276,0.983466,309.744,716.81,338.577,928.423,550.157,1263.91,935.164,2848.34,0.00572495
1691509882762718586,2557,1743,807,0.681658,23.9613,42.0678,63.9376,79.5378,196.572,-2.76469,362.805,598.06,955.066,1271.7,980.74,2918.03,6454.77,13566,1306.11,1160.37,1968.06,538.135,555.431,526.144,114916,4101.46,6469.19,5.61076,5.70358,0,0,0.035691,0,22.282,101.688,175.673,877.473,1644.22,3647.85,0.00301031,0.000556735,4,3,13,0.8125,1,9.61816,8.25613,1.36204,0.0110049,0.0873573,1743,0,0,0,0,0.001,0,0,0,0,0,0,0,0,0,0,0,0,0,0,0,0,0,0,0,0,0,0,0,0,0,0,0,0,0,0,0,0,0,0,0,0,23.9613,63.9376,30.4805,592.002,633.518,0,0.938295,-0.345,0.0240373,0.999997,0.146849,0.050319,0.724138,0.84,893.63,1058.5,1604.88,2494.32,227.421,764.619,1577.29,262.804,3087.98,235.681,174.172,-1.58447,-0.56982,0.286377,-0.223369,0,0,0,0,0,0,0,79.5378,0,0.977625,0,0,362.805,955.066,0,0,980.74,2918.03,0
1691509882859771160,2486,1819,658,0.731698,21.7577,39.3192,62.178,77.1566,168.48,-1.67987,353.752,577.061,946.928,1304.6,970.816,2891.15,6701.5,166481,1350.8,1089.08,1823.79,499.472,538.608,510.842,114118,28974.1,34527,7.81922,9.61628,0,0,0.253895,0,20.2018,180.355,185.435,1638.92,3830.29,28671.8,0.00949812,0.00101854,11,11,11,0.5,1,8.57843,7.32703,1.2514,0.0471631,0.364486,1819,0,0,0,0,0.001,0,0,0,0,0,0,0,0,0,0,0,0,0,0,0,0,0,0,0,0,0,0,0,0,0,0,0,0,0,0,0,0,0,0,0,0,21.7577,62.178,27.37,572.542,608.088,0,0.937563,-0.3468,0.026574,0.999995,0.183104,0.236275,0.724138,0.84,865.399,1068.79,1676.76,2499.12,236.324,792.819,1583.86,277.492,3398.15,2034.33,3931.75,-2.21449,0.540017,-1.82608,-2.98442,0,0,0,0,0,0,0,77.1566,0,0.985157,0,0,353.752,946.928,0,0,970.816,2891.15,0
1691509882955894083,2512,1932,576,0.769108,20.6636,38.9497,59.3722,81.2514,203.207,-4.48976,346.602,577.238,925.818,1295.5,936.524,2886.62,6899.04,16406.6,1237.58,1097.83,1935.15,541.463,579.89,437.447,118234,4778.13,7201.08,3.69695,3.93322,0,0,0.0404125,0,38.4703,113.986,224.643,930.439,1441.29,4452.25,0.00178148,0.000371393,4,4,8,0.666667,1,8.11415,6.74765,1.36651,0.00830532,0.427606,1932,0,0,0,0,0.001,0,0,0,0,0,0,0,0,0,0,0,0,0,0,0,0,0,0,0,0,0,0,0,0,0,0,0,0,0,0,0,0,0,0,0,0,20.6636,59.3722,30.3455,580.343,621.312,0,0.93886,-0.343412,0.024688,0.999992,0.234306,0.198003,0.666667,0.8,852.391,1082.73,1706.28,2596.02,231.184,752.708,1654.32,281.438,3126.68,280.952,192.287,-0.154817,-0.231987,0.363977,-0.250338,0,0,0,0,0,0,0,81.2514,0,0.976708,0,0,346.602,925.818,0,0,936.524,2886.62,0
1691509883053607845,2422,1914,502,0.790256,21.8202,39.7184,59.9261,75.865,178.091,-3.53238,339.538,564.593,967.907,1302.81,981.658,3062.58,7309.52,12509.2,1324.07,1069.21,2130.36,588.962,546.685,465.713,118267,5263.59,8033.69,5.66856,3.87603,0,0,0.0445058,0,29.9177,106.868,206.454,1004.57,1878.22,4807.65,0.0220955,0.00191617,7,7,9,0.5625,1,8.75875,7.47249,1.28626,0.0117816,0.112829,1914,0,0,0,0,0.001,0,0,0,0,0,0,0,0,0,0,0,0,0,0,0,0,0,0,0,0,0,0,0,0,0,0,0,0,0,0,0,0,0,0,0,0,21.8202,59.9261,30.3121,595.979,642.709,0,0.938556,-0.344364,0.02294,0.999998,0.115377,0.154875,0.694915,0.82,840.175,1017.88,1597.85,2481.44,230.531,752.006,1537.87,271.956,2902.82,242.586,188.773,-0.376015,-0.533328,-0.989797,0.986693,0,0,0,0,0,0,0,75.865,0,0.983804,0,0,339.538,967.907,0,0,981.658,3062.58,0
1691509883152876203,2324,1897,418,0.816265,21.0435,38.8489,61.0054,76.293,192.086,-1.44203,325.843,524.89,844.876,1185.63,918.818,2874.85,8027.97,18000.1,1242.27,1044,2055.51,501.682,497.313,435.912,121289,5165.89,7818.46,2.91721,2.936,0,0,0.0425916,0,26.8676,79.5123,180.311,850.444,1998.36,4682.96,0.0218621,0.00296725,12,12,9,0.428571,1,8.14423,6.85138,1.29284,0.0569811,0.130146,1897,0,0,0,0,0.001,0,0,0,0,0,0,0,0,0,0,0,0,0,0,0,0,0,0,0,0,0,0,0,0,0,0,0,0,0,0,0,0,0,0,0,0,21.0435,61.0054,28.567,592.936,658.497,0,0.936666,-0.349338,0.0248996,0.999984,0.32487,0.259899,0.694915,0.82,837.141,1026.47,1704.91,2306.88,232.183,731.726,1488.6,278.733,2700.24,216.479,161.786,-0.0996494,0.555153,-0.303216,-0.334274,0,0,0,0,0,0,0,76.293,0,0.983658,0,0,325.843,844.876,0,0,918.818,2874.85,0
1691509883253972182,2204,1830,370,0.830309,23.9029,42.0421,62.1482,82.3245,171.269,0.966978,317.142,548.238,902.465,1299.74,924.653,3161.42,8698.79,17959.1,1272,1152.53,2340.25,537.331,530.437,478.402,121968,6447.22,9265.04,6.83307,1.61787,0,0,0.05286,0,25.5298,87.3267,183.877,1128.62,1738.04,6101.64,0.00126517,0.000104169,4,4,10,0.714286,1,8.29912,6.93308,1.36604,0.0411291,0.0556392,1830,0,0,0,0,0.001,0,0,0,0,0,0,0,0,0,0,0,0,0,0,0,0,0,0,0,0,0,0,0,0,0,0,0,0,0,0,0,0,0,0,0,0,23.9029,62.1482,33.3191,572.294,661.387,0,0.935686,-0.351848,0.0263652,0.999995,0.17578,0.0108791,0.694915,0.82,854.813,1026.28,1718.29,2872.88,233.497,766.911,1591.37,343.815,2780.82,184.294,215.447,-5.88821,-0.142589,0.244581,0.228935,0,0,0,0,0,0,0,82.3245,0,0.985792,0,0,317.142,902.465,0,0,924.653,3161.42,0
1691509883354957006,2083,1792,287,0.860298,22.6253,39.9202,59.7923,76.1385,180.612,-0.188192,329.294,551.365,844.35,1173.99,939.752,3033.93,7475.83,18318.4,1132.75,1183.19,2244.42,495.749,523.726,467.215,119646,4993.32,7462.44,1.91949,1.47042,0,0,0.041734,0,24.7887,84.5294,154.284,944.232,1635.65,4618.96,0.000586586,0.000377911,17,17,13,0.433333,1,7.18469,5.95189,1.23279,0.113591,0.248415,1792,0,0,0,0,0.001,0,0,0,0,0,0,0,0,0,0,0,0,0,0,0,0,0,0,0,0,0,0,0,0,0,0,0,0,0,0,0,0,0,0,0,0,22.6253,59.7923,33.1197,562.217,656.663,0,0.935358,-0.352967,0.0228129,0.999993,0.214211,0.0122507,0.652893,0.79,853.594,1029.37,1704.65,2900.42,233.744,738.859,1457.25,293.147,2567.02,156.279,199.578,-1.25117,-0.226752,-0.0604129,-0.0556987,0,0,0,0,0,0,0,76.1385,0,0.984933,0,0,329.294,844.35,0,0,939.752,3033.93,0
1691509883457014279,1957,1701,254,0.869188,23.1517,41.3753,60.1476,72.1537,126.735,-3.14988,320.207,534.28,835.66,1168.66,885.125,2804.3,7339.94,15517.5,1025.37,1085.31,2009.81,466.774,528.087,434.13,120157,4627.14,6688.75,2.00265,1.72553,0,0,0.0385093,0,25.2717,81.4772,134.129,703.426,1390.5,4353.95,0.00228975,9.86332e-05,19,19,14,0.424242,1,6.56644,5.44438,1.12206,0.143868,0.181859,1701,0,0,0,0,0.001,0,0,0,0,0,0,0,0,0,0,0,0,0,0,0,0,0,0,0,0,0,0,0,0,0,0,0,0,0,0,0,0,0,0,0,0,23.1517,60.1476,33.3914,548.229,639.38,0,0.93631,-0.350417,0.0230665,0.999996,0.156591,0.0457663,0.639344,0.78,864.002,1018.37,1740.89,2650.67,237.22,777.336,1669.92,231.231,2606.47,145.074,135.823,-0.960511,1.02545,-0.314733,-1.24988,0,0,0,0,0,0,0,72.1537,0,0.989418,0,0,320.207,835.66,0,0,885.125,2804.3,0
1691509883559774702,1933,1373,559,0.710295,26.5735,44.685,64.6284,76.4527,128.012,-2.66221,323.389,555.63,966.88,1259.09,928.183,3284.86,8003.48,18660.8,1100.5,1337.61,2352.34,477.23,636.997,407.318,111242,4339.46,6491.59,7.19099,5.44475,0,0,0.0390092,0,22.605,68.2573,116.846,712.133,1606.3,3965.44,0.000602971,0.000527532,9,9,13,0.590909,1,6.96409,5.92874,1.03535,0.0288642,0.22147,1373,0,0,0,0,0.001,0,0,0,0,0,0,0,0,0,0,0,0,0,0,0,0,0,0,0,0,0,0,0,0,0,0,0,0,0,0,0,0,0,0,0,0,26.5735,64.6284,29.3216,506.784,614.894,0,0.935402,-0.352708,0.0249035,0.999995,0.1761,0.124387,0.587302,0.74,875.244,1064.58,1708.07,2471.39,248.922,817.143,1676.87,284.285,2830.92,138.016,100.678,-4.40684,-0.258924,0.257544,0.166793,0,0,0,0,0,0,0,76.4527,0,0.991988,0,0,323.389,966.88,0,0,928.183,3284.86,0
1691509883662841781,1957,1344,613,0.686765,24.3852,43.6587,61.2257,73.7829,112.321,-2.00398,322.209,573.533,872.575,1220.07,964.191,3307.97,8437.8,13709.8,1146.29,1373.68,2396.53,452.571,653.019,339.053,101941,4647.7,6796.18,3.18819,3.70474,0,0,0.0455921,0,22.5876,50.4497,105.457,607.512,1748.75,4261.43,0.000550956,0.000112797,10,10,9,0.473684,1,5.85261,4.93773,0.914877,0.107946,0.319551,1344,0,0,0,0,0.001,0,0,0,0,0,0,0,0,0,0,0,0,0,0,0,0,0,0,0,0,0,0,0,0,0,0,0,0,0,0,0,0,0,0,0,0,24.3852,61.2257,28.713,498.539,568.748,0,0.936202,-0.350933,0.0193019,0.999982,0.339787,0.0313785,0.709402,0.83,872.2,1036.61,1686.66,2521.54,255.727,799.294,1608.08,229.73,2781.78,116.652,85.6617,-1.70405,-0.701905,-0.906484,-0.326106,0,0,0,0,0,0,0,73.7829,0,0.995536,0,0,322.209,872.575,0,0,964.191,3307.97,0
1691509883766229698,1858,1242,613,0.668461,24.3925,42.5481,61.3855,74.1667,133.493,-5.86944,314.771,558.354,914.789,1183.72,982.715,3421.06,7616.04,14782.5,1193.63,1317.79,2422.3,440.85,688.979,342.928,102468,4153.2,6063.12,3.37672,3.18742,0,0,0.0405319,0,16.4672,40.5709,86.6217,639.541,1437.49,3842.43,0.004475,0.000948571,11,11,11,0.5,1,5.98482,5.12682,0.857999,0.0997113,0.382382,1242,0,0,0,0,0.001,0,0,0,0,0,0,0,0,0,0,0,0,0,0,0,0,0,0,0,0,0,0,0,0,0,0,0,0,0,0,0,0,0,0,0,0,24.3925,61.3855,27.9482,520.681,576.371,0,0.933957,-0.356744,0.0213836,0.999978,0.376338,0.0417158,0.754386,0.86,848.785,1041.42,1694.9,2639.07,253.307,782.228,1595.94,252.98,2722.95,96.5702,67.8898,-1.55422,-0.785345,-0.0148271,0.598115,0,0,0,0,0,0,0,74.1667,0,0.992754,0,0,314.771,914.789,0,0,982.715,3421.06,0
1691509883869932973,1816,1247,567,0.686674,23.9947,43.8056,63.4652,76.2642,125.447,-6.03374,303.789,540.896,908.974,1165.97,941.739,3532.77,8245.21,15899.7,1188.8,1332.58,2611.99,441.829,698.056,294.857,102759,4685.15,6732.07,4.559,3.69531,0,0,0.0455935,0,15.9113,32.265,99.8659,675.555,1535.09,4373.38,0.00405728,0.000456898,17,17,13,0.433333,1,5.97209,5.05943,0.912661,0.128158,0.418304,1247,0,0,0,0,0.001,0,0,0,0,0,0,0,0,0,0,0,0,0,0,0,0,0,0,0,0,0,0,0,0,0,0,0,0,0,0,0,0,0,0,0,0,23.9947,63.4652,30.7116,542.759,590.529,0,0.934396,-0.355486,0.023087,0.999998,0.123905,0.0587803,0.851852,0.92,860.269,1023.63,1614.26,2641.45,255.127,774.399,1555.68,259.967,2717.11,115.394,55.1565,-2.40735,-0.773475,0.248884,0.594553,0,0,0,0,0,0,0,76.2642,0,0.987971,0,0,303.789,908.974,0,0,941.739,3532.77,0
1691509883972577319,1832,1164,667,0.635371,24.7264,44.4504,64.0181,75.5591,143.313,-4.11009,299.943,550.359,944.521,1218.91,1020.71,3630.44,9024.19,20794.7,1166.37,1414.29,2716.27,453.935,686.475,290.458,111223,4850,6765.14,4.63052,2.62562,0,0,0.0436062,0,16.3862,28.5866,90.6975,627.161,1403.33,4598.97,0.00223035,0.000283071,13,13,11,0.458333,1,5.74116,4.87399,0.867168,0.115585,0.339644,1164,0,0,0,0,0.001,0,0,0,0,0,0,0,0,0,0,0,0,0,0,0,0,0,0,0,0,0,0,0,0,0,0,0,0,0,0,0,0,0,0,0,0,24.7264,64.0181,28.1521,541.153,619.695,0,0.9325,-0.36043,0.023092,0.999986,0.303394,0.129606,0.73913,0.85,852.704,1050.22,1698.21,2663.18,257.046,771.775,1610.26,228.476,2687.6,107.069,49.6329,-2.21963,-0.630436,-0.387662,0.418597,0,0,0,0,0,0,0,75.5591,0,0.987113,0,0,299.943,944.521,0,0,1020.71,3630.44,0
1691509884073693529,1794,1108,681,0.617614,23.5087,41.3627,61.4259,75.0737,177.289,-1.5247,304.355,551.003,919.317,1192.76,1016.43,3755.3,8594.2,20655.2,1177.89,1436.24,2895.58,445.43,703.898,248.528,112193,4949.78,6870.38,3.79544,2.75061,0,0,0.0441183,0,5.63852,24.1757,83.1493,644.79,1413.92,4698.71,0.00110468,0.000260485,11,11,9,0.45,1,5.02155,4.25701,0.764535,0.0969149,0.195745,1108,0,0,0,0,0.001,0,0,0,0,0,0,0,0,0,0,0,0,0,0,0,0,0,0,0,0,0,0,0,0,0,0,0,0,0,0,0,0,0,0,0,0,23.5087,61.4259,28.8304,561.051,649.119,0,0.932718,-0.359972,0.0213887,0.999998,0.101834,0.0779264,0.754386,0.86,860.914,1073.43,1714.85,2664,253.425,771.963,1646.26,216.293,2575.34,95.2587,44.6112,-1.18501,-0.245567,0.344032,0.366399,0,0,0,0,0,0,0,75.0737,0,0.991877,0,0,304.355,919.317,0,0,1016.43,3755.3,0
1691509884173295282,1864,1160,701,0.622318,26.0449,45.9641,67.9461,79.5122,195.428,-3.61602,313.302,526.101,929.174,1218.74,987.072,3628.22,8293.04,16237.7,1117.6,1293.88,2742.78,478.53,667.276,215.369,118775,4518.64,6407.53,4.77235,3.93815,0,0,0.0380438,0,7.99252,27.4761,94.2904,664.845,1354.92,4258,0.000424193,0.000139342,10,10,13,0.565217,1,5.54226,4.58272,0.959538,0.074474,0.0845584,1160,0,0,0,0,0.001,0,0,0,0,0,0,0,0,0,0,0,0,0,0,0,0,0,0,0,0,0,0,0,0,0,0,0,0,0,0,0,0,0,0,0,0,26.0449,67.9461,29.5291,575.633,663.838,0,0.935985,-0.351601,0.0175644,0.999952,0.559567,0.122636,0.769912,0.87,864.326,1075.43,1608.96,2257.88,247.259,774.08,1489.94,239.629,2627.09,103.972,45.5232,-2.61271,-0.529135,-0.0364103,0.317058,0,0,0,0,0,0,0,79.5122,0,0.987069,0,0,313.302,929.174,0,0,987.072,3628.22,0
1691509884271292450,1713,982,723,0.573263,26.8252,49.1429,75.5159,95.6209,194.235,-1.42539,348.321,592.363,911.111,1205.36,1113.8,3895.23,8846.08,14480.3,1260.54,1421.29,3054.65,523.593,665.112,276.01,125325,4018.25,5934.99,7.53287,6.17986,0,0,0.0320627,0,7.3915,13.8975,76.3749,753.112,1391.35,3692.86,0.00311033,0.000589617,8,7,10,0.588235,1,5.51545,4.45053,1.06493,0.0498565,0.270735,982,0,0,0,0,0.001,0,0,0,0,0,0,0,0,0,0,0,0,0,0,0,0,0,0,0,0,0,0,0,0,0,0,0,0,0,0,0,0,0,0,0,0,26.8252,75.5159,29.3573,623.366,700.277,0,0.938335,-0.345088,0.0210098,0.99997,0.44309,0.0531986,0.666667,0.8,886.892,1112.36,1688.94,2540.08,241.262,779.505,1614.38,246.339,2761.23,102.282,41.8533,-1.55281,-0.779399,-0.96731,0.531873,0,0,0,0,0,0,0,95.6209,0,0.954175,0,0,348.321,911.111,0,0,1113.8,3895.23,0
1691509884369330274,1857,961,891,0.517501,26.3617,50.265,77.5668,94.4892,195.202,-2.5186,375.169,647.484,1056.69,1338.05,1265.4,4002.29,9407.02,16919.4,1550.2,1562.51,3195.94,716.513,726.405,253.075,136927,4364.85,6693.52,2.92273,2.36067,0,0,0.0318773,0,5.00882,18.8034,115.396,882.98,1792.46,3878.88,0.0029414,0.000246173,10,9,12,0.571429,1,5.48452,4.45967,1.02485,0.0754477,0.2138,961,0,0,0,0,0.001,0,0,0,0,0,0,0,0,0,0,0,0,0,0,0,0,0,0,0,0,0,0,0,0,0,0,0,0,0,0,0,0,0,0,0,0,26.3617,77.5668,32.1751,658.54,706.285,0,0.935058,-0.353842,0.021492,0.999956,0.536261,0.177916,0.680672,0.81,956.149,1183.22,1795.32,2732.77,241.462,826.822,1705.12,258.926,2763.38,151.648,44.6495,-1.80404,-0.74673,-0.70405,0.529625,0,0,0,0,0,0,0,94.4892,0,0.956296,0,0,375.169,1056.69,0,0,1265.4,4002.29,0
1691509884466863958,1952,1075,875,0.550717,28.4553,50.8947,78.379,94.4509,184.669,0.297374,397.319,685.238,1024.69,1349.13,1281.01,3776.46,8849.83,15781,1486.22,1489.31,2789.36,715.25,724.388,213.462,134948,4560.94,6883.33,6.36612,3.17864,0,0,0.0337976,0,8.80848,35.1877,111.989,956.739,1615.86,4154.75,0.000285776,2.27134e-05,9,9,9,0.5,1,5.40998,4.23984,1.17014,0.0562622,0.181648,1075,0,0,0,0,0.001,0,0,0,0,0,0,0,0,0,0,0,0,0,0,0,0,0,0,0,0,0,0,0,0,0,0,0,0,0,0,0,0,0,0,0,0,28.4553,78.379,28.4521,659.537,712.011,0,0.936179,-0.350926,0.020483,0.999995,0.18807,0.0356315,0.834862,0.91,939.799,1199.64,1786.76,2204.53,241.945,820.862,1680.81,240.492,2785.78,183.983,48.1652,-2.55167,-0.952518,-1.31049,0.642785,0,0,0,0,0,0,0,94.4509,0,0.95907,0,0,397.319,1024.69,0,0,1281.01,3776.46,0
1691509884564201831,1817,1003,814,0.552009,27.3782,48.524,78.2997,96.712,174.818,-2.37749,377.205,652.874,1028,1328.56,1188.59,3412.69,8369.29,14288.1,1498.22,1460.85,2574.61,705.737,703.096,217.512,126076,3635.74,5628.05,3.89147,3.85368,0,0,0.0288378,0,6.65046,41.7186,93.6455,841.842,1396.07,3248.13,0.00946737,0.00112591,14,13,15,0.535714,1,4.92619,3.85123,1.07496,0.0652333,0.248316,1003,0,0,0,0,0.001,0,0,0,0,0,0,0,0,0,0,0,0,0,0,0,0,0,0,0,0,0,0,0,0,0,0,0,0,0,0,0,0,0,0,0,0,27.3782,78.2997,25.6464,624.621,671.732,0,0.935329,-0.353258,0.0191905,0.999996,0.160342,0.0262231,0.785714,0.88,947.844,1149.98,1713.48,2362.32,245.72,834.638,1637.59,235.538,2759.62,182.026,46.3036,-0.994922,0.0654962,-0.433641,-0.0316083,0,0,0,0,0,0,0,96.712,0,0.953141,0,0,377.205,1028,0,0,1188.59,3412.69,0
1691509884660313398,1863,1082,781,0.580784,24.963,50.4118,74.972,91.3061,178.671,0.237273,373.01,641.833,963.794,1174.8,1163.59,3484.27,7875.86,12582.4,1330.65,1598.46,2626.55,702.481,608.725,226.997,120889,3586.6,5639.44,4.71526,4.00401,0,0,0.0296686,0,7.09132,45.3892,110.6,833.304,1492.09,3150.97,3.34703e-05,1.16488e-05,9,8,10,0.555556,1,4.5246,3.4072,1.1174,0.0318571,0.490142,1082,0,0,0,0,0.001,0,0,0,0,0,0,0,0,0,0,0,0,0,0,0,0,0,0,0,0,0,0,0,0,0,0,0,0,0,0,0,0,0,0,0,0,24.963,74.972,26.3676,594.966,651.666,0,0.938999,-0.34336,0.0196313,0.999944,0.605373,0.113514,0.769912,0.87,909.728,1127.68,1621.62,2437.19,246.765,817.33,1599.66,253.334,2551.08,165.507,47.4789,-0.770909,0.199575,-0.257487,-0.387301,0,0,0,0,0,0,0,91.3061,0,0.961183,0,0,373.01,963.794,0,0,1163.59,3484.27,0
1691509884757084789,1832,1154,676,0.629913,24.7322,48.2822,74.1325,92.6359,158.274,-3.43176,373.628,620.949,945.028,1257.79,1130.09,3349.36,9272.21,16295,1455.71,1412.06,2447.56,709.456,667.076,250.15,123209,4288.35,6663.01,6.4322,4.66162,0,0,0.0348055,0,8.16285,40.625,118.957,883.438,1844.85,3766.98,0.00388486,0.000699635,6,6,8,0.571429,1,5.06695,3.91121,1.15574,0.0311207,0.25676,1154,0,0,0,0,0.001,0,0,0,0,0,0,0,0,0,0,0,0,0,0,0,0,0,0,0,0,0,0,0,0,0,0,0,0,0,0,0,0,0,0,0,0,24.7322,74.1325,21.5974,595.935,664.468,0,0.933956,-0.35702,0.0161989,0.999888,0.857144,0.0286255,0.73913,0.85,892.376,1098.2,1611.86,2404.77,249.785,810.001,1569.8,215.169,2494.83,180.575,49.079,-2.59565,-0.176251,0.863364,-0.168151,0,0,0,0,0,0,0,92.6359,0,0.961872,0,0,373.628,945.028,0,0,1130.09,3349.36,0
1691509884855057319,1683,1050,632,0.623886,28.9894,55.0795,75.7162,90.3325,161.204,-4.58257,364.76,624.977,944.963,1246.88,1190.42,3580.95,9347.72,20144.3,1383.55,1425.55,2770.32,698.072,654.051,198.636,131347,4723.52,6927.67,3.49447,2.84025,0,0,0.0359622,0,6.90116,23.6789,101.169,781.954,1664.32,4349.64,0.000797744,0.000189456,10,10,9,0.473684,1,4.66662,3.55513,1.11148,0.0687518,0.0320272,1050,0,0,0,0,0.001,0,0,0,0,0,0,0,0,0,0,0,0,0,0,0,0,0,0,0,0,0,0,0,0,0,0,0,0,0,0,0,0,0,0,0,0,28.9894,75.7162,26.652,577.919,679.429,0,0.934767,-0.354701,0.0199596,0.99999,0.257373,0.196464,0.785714,0.88,888.089,1097.76,1589.18,2046.16,244.798,813.868,1550.02,193.495,2393.6,161.196,32.3476,-0.944643,-0.0936163,-0.222765,-0.0927733,0,0,0,0,0,0,0,90.3325,0,0.968571,0,0,364.76,944.963,0,0,1190.42,3580.95,0
1691509884953702640,1618,1064,551,0.657602,27.6178,54.8707,83.3446,103.355,201.145,-2.96287,345.414,590.637,983.61,1267.34,1077.48,3616.82,9159.85,16459.6,1321.09,1421.36,2777.5,671.103,663.277,211.109,131459,4574.35,6525.29,4.08303,1.96688,0,0,0.0347967,0,4.56293,19.2965,96.58,717.759,1389.54,4297.55,0.000721111,5.00425e-05,4,4,13,0.764706,1,4.84032,3.52536,1.31496,0.0182614,0.253497,1064,0,0,0,0,0.001,0,0,0,0,0,0,0,0,0,0,0,0,0,0,0,0,0,0,0,0,0,0,0,0,0,0,0,0,0,0,0,0,0,0,0,0,27.6178,83.3446,25.426,582.309,695.265,0,0.934822,-0.354556,0.0199778,1,0.00896494,0.0120914,0.73913,0.85,891.078,1095.39,1589.7,2085.43,240.487,816.677,1532.18,227.573,2479.74,133.659,32.0184,-1.94274,-0.967288,-0.705616,0.689603,0,0,0,0,0,0,0,103.355,0,0.945489,0,0,345.414,983.61,0,0,1077.48,3616.82,0
1691509885053152512,1500,1108,388,0.738667,24.466,48.8496,75.6699,92.7705,168.832,-2.81075,334.225,568.922,938.269,1232.29,1004.21,3523.41,9449.27,23522.5,1283.27,1275.2,2650.14,568.508,627.757,266.151,137783,4954.44,6997.69,1.87495,1.06157,0,0,0.0359582,0,7.30533,47.8577,85.0805,646.406,1551.42,4659.63,0.000978785,8.24017e-05,17,17,13,0.433333,1,4.33969,3.23263,1.10707,0.0925272,0.185492,1108,0,0,0,0,0.001,0,0,0,0,0,0,0,0,0,0,0,0,0,0,0,0,0,0,0,0,0,0,0,0,0,0,0,0,0,0,0,0,0,0,0,0,24.466,75.6699,24.6631,615.476,702.861,0,0.933828,-0.35713,0.0205767,0.999996,0.161787,0.126063,0.694915,0.82,919.087,1103.66,1602.1,2047.02,233.495,812.276,1505.13,221.624,2446.05,97.8069,56.9153,0.100312,-0.160662,-0.510147,-0.0851748,0,0,0,0,0,0,0,92.7705,0,0.959386,0,0,334.225,938.269,0,0,1004.21,3523.41,0
1691509885154439386,1462,1245,217,0.851573,21.6022,43.0409,70.0765,82.124,169.424,-5.79085,334.672,590.752,912.649,1212.09,1006.85,3306.74,9085,24472.8,1149.4,1498.94,2381.95,568.287,627.086,315.712,131869,5254.09,7486.09,5.48381,4.71896,0,0,0.0398434,0,8.22172,67.7809,92.1652,795.36,1574.88,4947.68,8.67959e-06,2.59944e-06,6,6,9,0.6,1,4.56942,3.57246,0.996959,0.0681749,0.197217,1245,0,0,0,0,0.001,0,0,0,0,0,0,0,0,0,0,0,0,0,0,0,0,0,0,0,0,0,0,0,0,0,0,0,0,0,0,0,0,0,0,0,0,21.6022,70.0765,29.1827,599.743,687.074,0,0.933871,-0.357006,0.0207815,1,0.0139324,0.0582981,0.769912,0.87,902.732,1103.76,1684.05,2669.62,237.286,821.404,1606.56,242.984,2482.65,125.871,62.4152,-3.17973,-0.796258,0.501261,0.702455,0,0,0,0,0,0,0,82.124,0,0.97751,0,0,334.672,912.649,0,0,1006.85,3306.74,0
1691509885255678669,1479,1227,252,0.829615,22.8615,42.1932,70.1979,88.5008,191.512,-5.93483,331.619,559.166,901.188,1229.31,950.582,3165.13,8640.35,16143,1192.18,1333.97,2176.96,500.483,652.424,299.62,126847,3998.37,6168.45,3.97761,2.14793,0,0,0.0315212,0,10.0545,58.0805,94.0615,805.006,1651.93,3549.32,0.00071465,8.09633e-05,13,13,14,0.518519,1,4.49063,3.44547,1.04516,0.0719007,0.199767,1227,0,0,0,0,0.001,0,0,0,0,0,0,0,0,0,0,0,0,0,0,0,0,0,0,0,0,0,0,0,0,0,0,0,0,0,0,0,0,0,0,0,0,22.8615,70.1979,22.621,560.904,666.475,0,0.93496,-0.354107,0.0214017,0.999995,0.18097,0.166299,0.666667,0.8,926.806,1112.95,1681.4,1911.13,247.527,831.199,1600.49,198.749,2600.01,124.097,50.882,-0.801518,0.0314728,0.11417,0.308344,0,0,0,0,0,0,0,88.5008,0,0.97066,0,0,331.619,901.188,0,0,950.582,3165.13,0
1691509885357344711,1642,1161,481,0.707065,22.8794,45.5838,70.5208,82.1784,160.367,-3.06236,333.184,586.343,990.583,1283.58,936.015,3589.86,10236,18231.4,1292.69,1272.93,2726.25,486.593,717.585,275.68,119834,5386.26,7700.72,5.30671,5.23417,0,0,0.0449476,0,8.6288,24.0888,95.1769,847.349,1679.28,5046.19,0.00936217,0.00165679,10,10,14,0.583333,1,5.03611,4.08441,0.951696,0.0404797,0.309787,1161,0,0,0,0,0.001,0,0,0,0,0,0,0,0,0,0,0,0,0,0,0,0,0,0,0,0,0,0,0,0,0,0,0,0,0,0,0,0,0,0,0,0,22.8794,70.5208,23.8609,492.132,598.007,0,0.934796,-0.354493,0.0221698,1,0.050154,0.095312,0.612903,0.76,895.787,1102,1622.97,2157.58,258.582,828.673,1583.36,219.43,2728.97,125.08,32.9883,-1.36538,-0.268228,0.916872,0.337023,0,0,0,0,0,0,0,82.1784,0,0.98708,0,0,333.184,990.583,0,0,936.015,3589.86,0
1691509885459088867,1672,1176,494,0.703349,23.9364,45.5729,67.3894,84.4092,177.815,-5.19684,331.28,590.144,954.894,1241.39,965.31,3267.53,9573.25,16358.7,1433.25,1290.32,2527.32,523.914,718.723,261.637,116391,4636.58,6894.02,3.57123,4.80122,0,0,0.0398363,0,3.87924,19.4501,91.6919,1011.68,1498.99,4268.32,0.00102303,0.000382034,6,6,8,0.571429,1,5.36531,4.36172,1.00359,0.0470032,0.160744,1176,0,0,0,0,0.001,0,0,0,0,0,0,0,0,0,0,0,0,0,0,0,0,0,0,0,0,0,0,0,0,0,0,0,0,0,0,0,0,0,0,0,0,23.9364,67.3894,22.734,546.803,607.463,0,0.934872,-0.354319,0.0217239,1,0.0277771,0.0261453,0.724138,0.84,909.4,1111.77,1636.55,2159.4,252.307,829.945,1583.99,227.573,2683.32,125.602,29.8554,-1.22144,-0.515568,-0.0164434,0.450372,0,0,0,0,0,0,0,84.4092,0,0.97534,0,0,331.28,954.894,0,0,965.31,3267.53,0
1691509885561770190,1779,1135,644,0.637999,22.5507,42.275,63.859,77.118,160.914,-5.99933,320.737,574.158,920.886,1231.4,943.05,3271.84,8911.3,18505.1,1281.65,1283.69,2359.03,593.497,667.913,228.31,121212,4206.99,6283.82,5.05578,4.16191,0,0,0.0347078,0,2.45983,16.2935,97.3964,820.805,1507.07,3839.8,0.00308519,0.000530417,6,6,12,0.666667,1,4.88808,4.0829,0.805179,0.0234282,0.31072,1135,0,0,0,0,0.001,0,0,0,0,0,0,0,0,0,0,0,0,0,0,0,0,0,0,0,0,0,0,0,0,0,0,0,0,0,0,0,0,0,0,0,0,22.5507,63.859,26.165,583.085,643.75,0,0.933421,-0.358102,0.0220947,0.999992,0.233124,0.204633,0.785714,0.88,913.521,1122.81,1672.87,2064.07,246.752,819.381,1590.55,253.72,2685.38,139.96,29.0222,-2.58637,-0.285629,-0.664463,0.625285,0,0,0,0,0,0,0,77.118,0,0.992952,0,0,320.737,920.886,0,0,943.05,3271.84,0
1691509885664324179,1796,1178,616,0.655902,20.9582,38.5451,59.8191,71.8725,154.108,-3.64919,333.264,586.731,889.049,1153.23,1028.22,3191.94,8600.72,12656,1410.3,1253.78,2359.24,596.047,657.36,210.698,126016,3938.3,5772.43,3.78125,3.71477,0,0,0.0312524,0,3.23948,13.6622,86.1141,847.792,1153.87,3667.75,0.00563921,0.00103766,13,13,14,0.518519,1,4.67709,3.95137,0.725713,0.0772623,0.185011,1178,0,0,0,0,0.001,0,0,0,0,0,0,0,0,0,0,0,0,0,0,0,0,0,0,0,0,0,0,0,0,0,0,0,0,0,0,0,0,0,0,0,0,20.9582,59.8191,23.6691,604.024,667.307,0,0.934018,-0.356588,0.0213278,0.999998,0.103058,0.0103248,0.73913,0.85,968.043,1179.82,1665.97,2676.82,260.607,836.508,1639.42,214.66,2645.23,141.42,23.3839,-1.74261,0.0473485,0.0330134,0.0640482,0,0,0,0,0,0,0,71.8725,0,0.994058,0,0,333.264,889.049,0,0,1028.22,3191.94,0
1691509885767456304,1836,1185,650,0.645425,21.6689,41.2375,64.3986,75.5721,142.654,-3.53284,343.028,577.064,927.079,1242.1,1036.55,3616.04,9172.18,18880.4,1395.08,1330.34,2708.02,639.672,633.913,184.077,123152,4593.69,6904.44,7.18742,6.79749,0,0,0.0373011,0,2.36451,15.8695,102.868,910.984,1707.56,4164.79,0.000767956,0.000217901,5,5,8,0.615385,1,4.28297,3.48405,0.798924,0.0379524,0.397393,1185,0,0,0,0,0.001,0,0,0,0,0,0,0,0,0,0,0,0,0,0,0,0,0,0,0,0,0,0,0,0,0,0,0,0,0,0,0,0,0,0,0,0,21.6689,64.3986,26.7497,589.075,663.175,0,0.934141,-0.356294,0.0208517,1,0.0328257,0.0354413,0.818182,0.9,949.906,1128.03,1640.33,2677.36,265.348,828.119,1486.96,236.145,2530.12,134.541,32.0184,-2.50424,-0.366658,-0.383394,0.631378,0,0,0,0,0,0,0,75.5721,0,0.995781,0,0,343.028,927.079,0,0,1036.55,3616.04,0
1691509885871409744,1712,1092,620,0.63785,21.9608,40.8805,61.8399,76.4478,138.612,-3.15953,319.348,569.906,894.424,1206.92,987.505,3194.8,10332.4,19710.4,1279.46,1244.56,2517.38,610.545,635.231,168.394,127511,4899.55,7158.85,8.718,8.58984,0,0,0.0384246,0,3.20415,17.1438,99.1911,687.848,1881.16,4470.3,0.000707697,0.000233882,4,4,8,0.666667,1,4.16967,3.43971,0.729966,0.0220923,0.594125,1092,0,0,0,0,0.001,0,0,0,0,0,0,0,0,0,0,0,0,0,0,0,0,0,0,0,0,0,0,0,0,0,0,0,0,0,0,0,0,0,0,0,0,21.9608,61.8399,27.4902,585.959,640.551,0,0.934115,-0.356307,0.0218007,1,0.0543975,0.0117694,0.851852,0.92,938.808,1123.89,1636.54,2677.37,272.717,835.912,1522.99,237.017,2663.72,112.053,32.646,-1.86973,-0.764899,0.0501492,0.5895,0,0,0,0,0,0,0,76.4478,0,0.994505,0,0,319.348,894.424,0,0,987.505,3194.8,0
1691509885974218835,1681,1069,609,0.635931,24.2539,41.5438,63.88,76.2332,118.041,-4.16982,340.549,570.95,913.362,1183.41,1079.05,3505.57,9205.37,19103.3,1421.54,1250.67,2862.98,575.094,667.474,215.286,124654,4795.42,6754.05,9.27945,5.89164,0,0,0.0384699,0,1.72013,10.8585,79.4943,746.719,1386.5,4528.76,0.00122809,0.00109395,4,4,10,0.714286,1,4.20314,3.46433,0.738809,0.0237073,0.323141,1069,0,0,0,0,0.001,0,0,0,0,0,0,0,0,0,0,0,0,0,0,0,0,0,0,0,0,0,0,0,0,0,0,0,0,0,0,0,0,0,0,0,0,24.2539,63.88,26.1628,616.651,669.186,0,0.934048,-0.356687,0.0181537,0.999993,0.210123,0.132835,0.851852,0.92,935.536,1116.52,1641.34,2676.5,265.761,821.632,1462.18,230.586,2680.76,109.412,29.5558,-2.68347,0.12024,-0.0507975,0.168842,0,0,0,0,0,0,0,76.2332,0,0.996258,0,0,340.549,913.362,0,0,1079.05,3505.57,0
1691509886075402165,1786,1139,647,0.637738,24.5764,43.7372,63.7378,77.3922,174.193,-5.9868,333.41,561.918,873.972,1136.76,1021.34,3286.33,8955.43,15254,1387.11,1321.97,2558.74,556.389,616.141,249.106,126304,4318.55,6197.23,3.2778,3.19317,0,0,0.0341918,0,1.42025,10.0312,83.524,699.202,1367.85,4035.21,0.000405844,0.000144551,11,11,16,0.592593,1,4.14225,3.296,0.846254,0.035881,0.194857,1139,0,0,0,0,0.001,0,0,0,0,0,0,0,0,0,0,0,0,0,0,0,0,0,0,0,0,0,0,0,0,0,0,0,0,0,0,0,0,0,0,0,0,24.5764,63.7378,24.6563,622.801,674.543,0,0.934029,-0.356706,0.0187317,1,0.0331518,0.0119302,0.801802,0.89,901.866,1100.15,1643.55,1909.82,257.516,795.127,1494.99,214.392,2760.36,113.967,29.2595,-1.68219,0.160265,-0.316834,-0.124437,0,0,0,0,0,0,0,77.3922,0,0.989464,0,0,333.41,873.972,0,0,1021.34,3286.33,0
1691509886175389984,1862,1239,623,0.665414,28.5747,48.8888,71.4085,93.0462,165.038,-1.87461,329.694,567.406,893.971,1206.4,1013.14,3313.31,10699.1,20500.5,1356.75,1527.55,2348.41,570.472,633.442,318.467,127478,5310.43,7518.72,9.43629,9.27019,0,0,0.0416576,0,3.22733,16.8211,98.8065,802.79,1597.74,4999.33,9.86834e-05,3.6768e-05,8,7,10,0.588235,1,4.41993,3.17576,1.24417,0.0425324,0.181511,1239,0,0,0,0,0.001,0,0,0,0,0,0,0,0,0,0,0,0,0,0,0,0,0,0,0,0,0,0,0,0,0,0,0,0,0,0,0,0,0,0.00242131,62.5578,78.9828,28.5232,71.3061,22.674,616.036,661.29,0,0.93348,-0.358112,0.0192747,0.999999,0.0919097,0.0578524,0.834862,0.91,907.316,1085.31,1520.82,1877.96,255.621,805.005,1456.77,206.396,2967.38,140.479,39.1668,-1.14766,0.235722,0.00510719,-0.311311,0,0,0,0,0,0.00161117,81.036,93.1116,1,0.961974,1074.04,1334.36,329.555,891.112,1758.22,1857.18,1013.12,3314.09,0.00088295
1691509886274384045,2007,1327,678,0.661186,25.1072,46.8386,72.6852,98.3211,164.399,-1.68577,324.08,535.775,854.154,1090.44,974.579,3179.26,9406.27,13518.4,1205.29,1551.96,2274.54,512.663,576.612,336.057,138479,4975.14,6889.21,3.83749,3.75851,0,0,0.0359269,0,1.91861,12.125,92.1063,788.689,1242.89,4751.48,0.00722757,0.00119474,7,6,11,0.647059,1,4.32636,2.99145,1.33491,0.0263022,0.296916,1327,0,0,0,0,0.001,0,0,0,0,0,0,0,0,0,0,0,0,0,0,0,0,0,0,0,0,0,0,0,0,0,0,0,0,0,0,0,0,0,0.00979653,21.7717,74.9988,25.1167,72.5979,24.2962,626.847,669.857,0,0.93501,-0.354164,0.0180323,0.99999,0.252834,0.0791244,0.73913,0.85,906.994,1096.19,1528.92,1940.42,257.121,803.519,1461.72,227.664,3046.17,131.086,38.6561,-0.742217,-0.481823,-0.00590656,0.571469,0,0,0,0,0,0.00647733,81.1185,98.4384,1,0.951294,209.777,306.387,325.859,859.838,274.918,431.826,984.439,3190.01,0.000177231
1691509886373445169,2033,1277,755,0.628136,22.6293,42.0656,64.4482,82.4871,200.556,-0.122081,325.763,554.808,885.925,1158.81,932.246,3214.87,9551.56,19503.1,1259.66,1669.33,2278.75,533.818,552.383,385.822,148027,5205.98,7358.01,2.52913,1.59133,0,0,0.0351692,0,4.33458,12.1942,96.4471,861.811,1462.84,4920.38,0.00292415,0.000293193,7,6,13,0.684211,1,4.08639,3.0471,1.03929,0.0306639,0.379823,1277,0,0,0,0,0.001,0,0,0,0,0,0,0,0,0,0,0,0,0,0,0,0,0,0,0,0,0,0,0,0,0,0,0,0,0,0,0,0,0,0.000783085,6.03951,6.03951,22.6844,64.454,25.1913,650.181,691.628,0,0.934618,-0.355102,0.0197789,0.999998,0.115792,0.165822,0.754386,0.86,926.707,1104.65,1606.65,2679.58,255.616,816.153,1494.16,218.685,3093.02,131.571,35.0162,-1.56514,-0.554766,-0.275074,0.404431,0,0,0,0,0,0.000491884,6.03951,82.4907,1,0.971787,46.9651,46.9651,325.77,886.155,81.6995,81.6995,933.558,3215.14,9.07148e-07
1691509886471330442,1937,1122,813,0.579246,22.9877,39.5193,59.3255,73.7036,200.037,0.134675,339.6,579.619,886.564,1047.18,1027.52,3211.45,8134.36,12778.9,1181.21,1663.49,2222.98,590.661,534.89,348.758,158679,3844.73,5429.99,3.5981,3.58484,0,0,0.0242296,0,0.71839,5.92741,78.5537,678.315,1024.11,3642.37,0.00204597,0.000559712,8,8,12,0.6,1,3.25751,2.47563,0.78188,0.0283787,0.319749,1122,0,0,0,0,0.001,0,0,0,0,0,0,0,0,0,0,0,0,0,0,0,0,0,0,0,0,0,0,0,0,0,0,0,0,0,0,0,0,0,0.00713012,24.6539,59.6782,22.9743,59.3187,24.587,649.573,721.84,0,0.935971,-0.351538,0.0194907,0.999993,0.219036,0.0213016,0.666667,0.8,929.601,1102.72,1500.46,1868.55,253.974,810.925,1466.84,191.021,2957.33,134.185,22.5556,-0.189581,0.229697,-0.330279,-0.167154,0,0,0,0,0,0.00516262,69.9162,73.5648,1,0.982047,31.648,126.579,340.542,887.313,42.2347,172.126,1036.32,3263.98,1.61569e-05
1691509886568857226,1834,1039,795,0.566521,24.8723,41.5554,58.4282,73.2637,145.903,-5.62904,354.973,556.999,843.819,1044.6,1060.74,3396.71,9411.82,15404.6,1215.17,1414.46,2616.81,604.685,527.943,314.874,155102,4363.54,6118.45,4.63207,2.46255,0,0,0.0281334,0,1.842,4.61446,74.8151,716.01,1183.3,4137.87,0.00047256,0.000149602,4,3,12,0.8,1,3.53642,2.8476,0.688818,0.0267579,0.318504,1039,0,0,0,0,0.001,0,0,0,0,0,0,0,0,0,0,0,0,0,0,0,0,0,0,0,0,0,0,0,0,0,0,0,0,0,0,0,0,0,0,0,0,24.8723,58.4282,23.6255,635.262,698.113,0,0.935465,-0.352797,0.0209803,0.999998,0.115448,0.0351838,0.769912,0.87,907.747,1082.45,1495.5,1898.25,267.056,804.627,1441.37,198.318,2918.83,108.21,27.9258,-1.92559,-0.627299,0.364889,0.161023,0,0,0,0,0,0,0,73.2637,0,0.990375,0,0,354.973,843.819,0,0,1060.74,3396.71,0
1691509886666533066,1800,1015,784,0.563889,20.8056,37.3181,56.7256,69.7029,122.555,-6.79843,321.47,512.669,802.967,1006.01,940.539,2801.33,8798.04,16392.5,1211.8,1138.57,2083.23,564.034,513.946,253.151,138438,3326.13,4880.04,2.38378,2.39501,0,0,0.0240261,0,3.08607,7.19541,77.3421,562.403,1167.82,3062.18,0.0182632,0.00137382,14,13,14,0.518519,1,3.25895,2.67245,0.586497,0.0431973,0.362456,1015,0,0,0,0,0.001,0,0,0,0,0,0,0,0,0,0,0,0,0,0,0,0,0,0,0,0,0,0,0,0,0,0,0,0,0,0,0,0,0,0,0,0,20.8056,56.7256,24.9211,582.606,651.473,0,0.934732,-0.354739,0.0208796,0.999998,0.119041,0.060176,0.754386,0.86,855.418,1034.75,1480.81,1991.93,274.266,784.768,1418.1,181.747,2764.47,110.544,19.7443,0.11901,-0.170681,-0.322395,0.185253,0,0,0,0,0,0,0,69.7029,0,0.995074,0,0,321.47,802.967,0,0,940.539,2801.33,0
1691509886763816879,1615,921,694,0.570279,21.4179,36.1028,57.6032,72.4813,106.98,-3.95685,317.999,535.8,826.196,1052.56,973.212,3342.56,9485.98,16202.7,1155.45,1256.36,2637.59,610.526,506.436,184.696,132939,3793.48,5207.79,0.919537,0.973882,0,0,0.0285354,0,5.74028,9.00932,61.1513,549.238,952.561,3630.09,0.000356289,0.000159605,5,4,9,0.692308,1,3.05461,2.52721,0.527405,0.0175458,0.408014,921,0,0,0,0,0.001,0,0,0,0,0,0,0,0,0,0,0,0,0,0,0,0,0,0,0,0,0,0,0,0,0,0,0,0,0,0,0,0,0,0,0,0,21.4179,57.6032,24.4019,580.502,651.096,0,0.935946,-0.351595,0.0196408,0.999994,0.205706,0.0216094,0.801802,0.89,863.778,1017.31,1503.04,2061.98,276.859,777.241,1472.55,186.581,2536.39,86.1729,20.577,-0.0396783,-0.0275459,0.0143288,0.0938431,0,0,0,0,0,0,0,72.4813,0,0.995657,0,0,317.999,826.196,0,0,973.212,3342.56,0
1691509886860896908,1513,922,591,0.609385,18.9919,33.5049,52.4776,69.0748,138.701,-5.57824,292.11,487.631,813.646,1057.95,921.06,3547.23,10107.8,81204.1,1021.06,1325.14,2813.4,620.443,478.696,88.6163,137878,9135.17,12521.2,9.78056,9.76125,0,0,0.0662554,0,0.74072,9.57349,57.21,447.848,3638.94,8366.93,0.0262998,0.00518176,8,8,13,0.619048,1,3.09962,2.59902,0.500594,0.0159311,0.328883,922,0,0,0,0,0.001,0,0,0,0,0,0,0,0,0,0,0,0,0,0,0,0,0,0,0,0,0,0,0,0,0,0,0,0,0,0,0,0,0,0,0,0,18.9919,52.4776,24.4622,586.841,661.697,0,0.935975,-0.351557,0.0189145,1,0.0417036,0.042749,0.785714,0.88,866.384,1007.32,1515.68,1941.36,274.271,768.638,1469.53,197.307,2459.68,144.298,54.3149,-0.599403,-0.482282,0.247688,0.453901,0,0,0,0,0,0,0,69.0748,0,0.989154,0,0,292.11,813.646,0,0,921.06,3547.23,0
1691509886958667414,1534,1019,515,0.664276,19.5323,37.4057,59.3985,74.5226,147.09,-1.22484,263.907,472.684,844.869,1179.12,886.519,3206.56,13555.4,19242.9,1072.21,1132.73,2601.07,621.08,443.61,101.973,132641,5535,7383.34,5.02996,2.00925,0,0,0.0417291,0,1.73619,7.78828,57.1248,485.256,1536.47,5294.97,0.000159277,4.17094e-05,3,3,8,0.727273,1,3.28877,2.6493,0.639474,0.0227904,0.287402,1019,0,0,0,0,0.001,0,0,0,0,0,0,0,0,0,0,0,0,0,0,0,0,0,0,0,0,0,0,0,0,0,0,0,0,0,0,0,0,0,0,0,0,19.5323,59.3985,22.6233,566.527,650.85,0,0.933207,-0.358796,0.01974,0.99997,0.446588,0.0699449,0.694915,0.82,861.118,1021.53,1583.29,1868.75,279.696,779.874,1503.62,185.358,2502.29,74.2172,21.8651,-0.32367,0.406106,-0.277094,0.267234,0,0,0,0,0,0,0,74.5226,0,0.988224,0,0,263.907,844.869,0,0,886.519,3206.56,0
1691509887055997467,1552,1041,511,0.670747,18.609,33.2398,58.8421,71.4438,145.811,4.61762,264.859,456.697,758.331,1070.4,811.537,2939.34,8807.97,16596,1020.89,1048.34,2232.4,596.582,435.531,131.502,128757,3464.39,4972.15,3.82395,3.84402,0,0,0.0269064,0,1.16474,7.79694,56.9553,422.783,1301.17,3182.29,0.0122104,0.00181923,6,6,8,0.571429,1,3.17864,2.58502,0.593624,0.023326,0.460938,1041,0,0,0,0,0.001,0,0,0,0,0,0,0,0,0,0,0,0,0,0,0,0,0,0,0,0,0,0,0,0,0,0,0,0,0,0,0,0,0,0,0,0,18.609,58.8421,24.7014,585.233,650.065,0,0.934769,-0.354766,0.0186243,0.99999,0.255755,0.0985347,0.724138,0.84,838.185,1012.87,1495.86,1938.86,275.541,770.412,1459.74,185.975,2560.57,73.6631,19.481,-0.0444364,0.495037,0.0355342,-0.497851,0,0,0,0,0,0,0,71.4438,0,0.990394,0,0,264.859,758.331,0,0,811.537,2939.34,0
1691509887153893603,1762,1232,529,0.699205,19.2807,34.1696,54.6577,73.7298,143.988,0.383512,285.266,501.396,808.282,1074.38,852.142,3017.36,8496.63,19976.5,1089.51,978.235,2457.31,599.848,509.735,184.224,124959,4498.99,6075.49,7.70655,7.599,0,0,0.0360037,0,1.92412,6.98945,70.0554,547.541,1129.11,4319.87,0.0222715,0.00383358,13,12,16,0.571429,1,3.2515,2.55995,0.691551,0.038206,0.316161,1232,0,0,0,0,0.001,0,0,0,0,0,0,0,0,0,0,0,0,0,0,0,0,0,0,0,0,0,0,0,0,0,0,0,0,0,0,0,0,0,0,0,0,19.2807,54.6577,21.9547,593.983,643.062,0,0.933542,-0.357878,0.0205655,0.999993,0.221569,0.0482709,0.818182,0.9,859.483,1052.1,1532.02,1967.76,267.507,757.112,1497.52,199.8,2559.65,106.074,23.5743,-0.260686,0.103253,-0.126809,-0.0817995,0,0,0,0,0,0,0,73.7298,0,0.989448,0,0,285.266,808.282,0,0,852.142,3017.36,0
1691509887253119327,1790,1222,568,0.682682,20.2534,36.1929,57.5585,71.6316,129.197,1.54459,270.277,470.537,782.488,1043.09,805.577,3073.18,9563.66,17406.6,1102.57,1011.07,2467.08,569.901,511.509,216.108,131531,4899.53,6292.51,2.48912,2.32116,0,0,0.03725,0,2.29934,8.33875,56.8519,567.882,869.236,4787.9,0.000606561,0.000208389,17,17,20,0.540541,1,3.5609,2.82846,0.732446,0.039487,0.238712,1222,0,0,0,0,0.001,0,0,0,0,0,0,0,0,0,0,0,0,0,0,0,0,0,0,0,0,0,0,0,0,0,0,0,0,0,0,0,0,0,0,0,0,20.2534,57.5585,23.2848,615.185,677.53,0,0.934383,-0.355784,0.0186277,0.999996,0.170418,0.0381214,0.769912,0.87,827.892,1041.82,1518.58,1851.86,256.83,740.334,1454.38,209.629,2584.35,74.3357,21.7629,-0.652932,0.0589632,-0.28427,0.15287,0,0,0,0,0,0,0,71.6316,0,0.986088,0,0,270.277,782.488,0,0,805.577,3073.18,0
1691509887353061688,1609,1143,465,0.710379,19.1655,35.8334,56.9148,78.9275,158.833,2.15219,262.117,456.113,792.652,1123.5,760.233,3188.18,10456,19692.3,1119.67,965.659,2606.37,471.08,577.496,265.206,141672,4911.52,6527.34,8.16372,1.85554,0,0,0.0346682,0,1.26231,10.2052,59.748,421.04,1324.77,4710.31,0.000265867,3.90875e-05,3,3,8,0.727273,1,3.59892,2.86322,0.735705,0.0280129,0.313599,1143,0,0,0,0,0.001,0,0,0,0,0,0,0,0,0,0,0,0,0,0,0,0,0,0,0,0,0,0,0,0,0,0,0,0,0,0,0,0,0,0,0,0,19.1655,56.9148,25.4959,653.881,705.623,0,0.934286,-0.356051,0.0183854,1,0.0214033,0.101077,0.801802,0.89,838.41,1094.02,1516.86,1850.64,249.671,739.117,1444.44,196.479,2740.72,69.7431,30.2892,-2.05986,-0.604361,0.0701749,0.202257,0,0,0,0,0,0,0,78.9275,0,0.980752,0,0,262.117,792.652,0,0,760.233,3188.18,0
1691509887455089064,1405,1136,269,0.808541,19.5992,35.5881,59.2644,84.3872,149.669,1.30167,228.203,430.83,818.42,1087.66,681.651,3252.54,11124.1,19421.2,959.353,1227.23,2483.73,357.465,633.998,310.385,140267,5720.5,7078.27,7.08412,6.26431,0,0,0.0407829,0,1.52308,10.6454,44.3128,324.274,1091.71,5605.8,0.0089531,0.00126721,11,10,10,0.5,1,3.60827,2.85028,0.757987,0.0919985,0.164616,1136,0,0,0,0,0.001,0,0,0,0,0,0,0,0,0,0,0,0,0,0,0,0,0,0,0,0,0,0,0,0,0,0,0,0,0,0,0,0,0,0,0,0,19.5992,59.2644,23.6151,613.809,691.576,0,0.933473,-0.358144,0.0190112,0.999997,0.133589,0.0907997,0.587302,0.74,824.348,973.8,1464.26,1845.95,254.95,723.127,1384.75,194.021,2604.01,50.2589,24.3666,-0.161956,-0.867945,-0.280366,0.763635,0,0,0,0,0,0,0,84.3872,0,0.977113,0,0,228.203,818.42,0,0,681.651,3252.54,0
1691509887557519342,1334,1116,218,0.836582,17.9105,32.5194,56.2609,78.8667,149.178,-0.097899,251.035,462.516,799.167,1126.13,765.327,3422.77,11115,16042,857.616,1422.5,2673.63,329.777,644.094,315.449,133720,5262.3,6801.34,6.12478,6.18933,0,0,0.0393531,0,2.11309,11.6997,45.7409,357.918,1296.6,5087.27,0.00524011,0.0012067,7,7,14,0.666667,1,3.77292,3.08243,0.690484,0.0415293,0.16322,1116,0,0,0,0,0.001,0,0,0,0,0,0,0,0,0,0,0,0,0,0,0,0,0,0,0,0,0,0,0,0,0,0,0,0,0,0,0,0,0,0,0,0,17.9105,56.2609,22.0977,535.592,642.31,0,0.93335,-0.358536,0.0175941,0.999999,0.0845206,0.281925,0.666667,0.8,812.613,982.314,1557.13,2672.96,268.295,740.686,1543.16,205.806,2852.77,52.3693,17.5962,-1.31281,-0.469597,-0.413784,0.108536,0,0,0,0,0,0,0,78.8667,0,0.978495,0,0,251.035,799.167,0,0,765.327,3422.77,0
1691509887660576678,1591,1154,435,0.72533,18.7298,36.3582,67.0695,85.4134,152.224,-0.21459,273.29,497.673,885.749,1146.44,805.031,3244.88,9374.91,19730.8,1103.92,1391.96,2447.48,443.372,666.755,304.252,129674,4615.21,6188.99,1.89217,1.58225,0,0,0.0355908,0,2.37012,7.9167,64.4972,581.624,1085.08,4447.5,0.000961259,4.51081e-05,5,5,11,0.6875,1,3.95001,3.13643,0.813579,0.0229944,0.223128,1154,0,0,0,0,0.001,0,0,0,0,0,0,0,0,0,0,0,0,0,0,0,0,0,0,0,0,0,0,0,0,0,0,0,0,0,0,0,0,0,0,0,0,18.7298,67.0695,21.5179,584.583,642.899,0,0.932965,-0.359528,0.0177614,0.999999,0.0617688,0.122244,0.626016,0.77,876.526,1104.3,1551.45,1844.27,263.671,763.799,1521.49,222.962,2989.72,78.375,15.7693,-1.7312,0.244432,-1.02956,0.25311,0,0,0,0,0,0,0,85.4134,0,0.981802,0,0,273.29,885.749,0,0,805.031,3244.88,0
1691509887764128032,1761,1179,582,0.669506,19.0685,33.9606,57.903,71.8526,109.385,0.243161,274.246,510.199,841.587,1112.55,847.332,3279.14,11091.1,20206.3,1195.93,1326.43,2457.29,540.933,627.706,265.085,136905,5710.9,7709.04,8.61356,8.35229,0,0,0.0417142,0,4.12419,14.29,63.32,633.441,1528.2,5465.66,0.000902852,0.000738354,7,7,13,0.65,1,3.69675,3.03567,0.661084,0.0483769,0.0955217,1179,0,0,0,0,0.001,0,0,0,0,0,0,0,0,0,0,0,0,0,0,0,0,0,0,0,0,0,0,0,0,0,0,0,0,0,0,0,0,0,0,0,0,19.0685,57.903,21.9995,627.507,673.493,0,0.933498,-0.358018,0.0201401,0.999996,0.164309,0.13257,0.851852,0.92,885.035,1117.87,1606.23,1841.98,262.755,771.7,1501.73,209.198,2887.15,74.8406,25.4463,-1.57717,-0.69665,0.10927,0.474018,0,0,0,0,0,0,0,71.8526,0,0.99067,0,0,274.246,841.587,0,0,847.332,3279.14,0
1691509887867769201,1803,1191,612,0.660566,18.1408,30.9304,49.7939,64.3566,103.513,0.805393,254.057,464.102,813.077,1102.71,794.89,3292.38,10467.7,17613.8,1077.72,1240.4,2567.31,621.382,495.037,220.301,142302,5411.75,7066.06,2.05278,2.37489,0,0,0.0380301,0,4.11031,12.2487,56.6968,606.339,1129.21,5257.46,0.000586788,8.94981e-05,8,7,13,0.65,1,3.38978,2.84087,0.54891,0.0505631,0.129071,1191,0,0,0,0,0.001,0,0,0,0,0,0,0,0,0,0,0,0,0,0,0,0,0,0,0,0,0,0,0,0,0,0,0,0,0,0,0,0,0,0,0,0,18.1408,49.7939,22.5104,662.493,721.996,0,0.933657,-0.357714,0.0180595,0.999998,0.120819,0.0399185,0.785714,0.88,886.874,1112.4,1636.53,1870.93,251.06,748.689,1509.41,177.818,2772.67,66.1461,23.0215,-0.775203,-0.489381,-0.45432,0.345061,0,0,0,0,0,0,0,64.3566,0,0.998321,0,0,254.057,813.077,0,0,794.89,3292.38,0
1691509887970152065,1783,1156,625,0.648345,18.035,30.2962,46.8734,61.7018,102.68,1.95407,264.84,499.558,890.795,1150.23,901.696,3306.4,10196.5,16064.7,1154.18,1284.69,2419.24,679.077,423.971,212.735,133444,4983.05,6919.24,2.65298,2.38154,0,0,0.0373418,0,4.27397,14.1009,61.1045,630.309,1499.9,4709.55,0.000624659,9.41814e-05,6,6,13,0.684211,1,3.18728,2.68852,0.498763,0.052203,0.102799,1156,0,0,0,0,0.001,0,0,0,0,0,0,0,0,0,0,0,0,0,0,0,0,0,0,0,0,0,0,0,0,0,0,0,0,0,0,0,0,0,0,0,0,18.035,46.8734,20.6043,638.885,685.511,0,0.932346,-0.361116,0.0180518,0.999993,0.208919,0.0114172,0.834862,0.91,887.046,1090.12,1596.26,1982.67,261.384,754.375,1484.35,171.04,2707.54,70.0203,25.4927,-1.24017,-0.267821,-0.172343,0.289575,0,0,0,0,0,0,0,61.7018,0,0.99827,0,0,264.84,890.795,0,0,901.696,3306.4,0
1691509888071873517,1735,1137,598,0.655331,19.1484,32.3779,48.8287,60.1178,114.238,0.31089,267.066,499.151,842.416,1123.01,850.511,3371.55,9761.29,21919.9,1202.34,1174.61,2610.5,677.4,386.878,190.661,128403,4958.97,7013.06,1.36557,1.20831,0,0,0.0386204,0,5.57343,10.2294,67.2737,668.054,1625.22,4636.72,0.000768799,4.57768e-05,5,5,11,0.6875,1,3.24524,2.69987,0.54537,0.036641,0.218992,1137,0,0,0,0,0.001,0,0,0,0,0,0,0,0,0,0,0,0,0,0,0,0,0,0,0,0,0,0,0,0,0,0,0,0,0,0,0,0,0,0,0,0,19.1484,48.8287,22.0446,612.574,665.381,0,0.934347,-0.355996,0.0161896,0.999983,0.332574,0.0571552,0.904762,0.95,886.522,1091.05,1632.1,1897.22,263.652,759.343,1514.84,175.332,2749.02,75.299,28.3424,-1.09251,-0.302179,-0.794355,-0.0113619,0,0,0,0,0,0,0,60.1178,0,0.993843,0,0,267.066,842.416,0,0,850.511,3371.55,0
1691509888172742806,1731,1162,569,0.671288,19.8442,33.5325,53.1271,66.7901,130.575,-0.292507,285.645,514.36,850.065,1098.91,913.107,3364.52,10223,17332,1162.71,1124.82,2703.9,682.859,462.667,189.676,122338,5064.63,6877.41,3.94591,3.48485,0,0,0.0413987,0,2.75085,10.011,63.2849,684.481,1259.86,4857.02,0.00580552,0.000602418,11,10,18,0.642857,1,3.27968,2.67017,0.609511,0.0695694,0.229934,1162,0,0,0,0,0.001,0,0,0,0,0,0,0,0,0,0,0,0,0,0,0,0,0,0,0,0,0,0,0,0,0,0,0,0,0,0,0,0,0,0,0,0,19.8442,53.1271,20.9495,603.666,648.384,0,0.932903,-0.359824,0.0148106,0.999991,0.247366,0.0312757,0.818182,0.9,874.23,1087.27,1665.53,2670.36,267.284,765.253,1547.58,198.198,2754.22,79.4572,30.6158,-1.63317,-0.735498,-0.50772,0.642706,0,0,0,0,0,0,0,66.7901,0,0.993115,0,0,285.645,850.065,0,0,913.107,3364.52,0
1691509888273031955,1609,1107,501,0.688005,19.3813,33.6745,51.4083,67.202,129.671,-3.19852,260.233,500.004,815.135,1054.03,859.974,3187.21,10944.4,18755,1144.77,1156.47,2468.33,656.652,477.433,171.927,123421,4929.01,6737.67,4.3346,3.85926,0,0,0.0399366,0,2.84446,10.7048,61.6178,587.264,1380.5,4694.74,0.00117604,0.000321775,6,6,12,0.666667,1,3.196,2.605,0.591002,0.0713945,0.404449,1107,0,0,0,0,0.001,0,0,0,0,0,0,0,0,0,0,0,0,0,0,0,0,0,0,0,0,0,0,0,0,0,0,0,0,0,0,0,0,0,0,0,0,19.3813,51.4083,21.8939,595.98,663.126,0,0.933935,-0.357097,0.0157382,0.999995,0.175281,0.0699077,0.785714,0.88,844.379,1101.93,1631.75,2675.61,261.968,754.682,1515.64,172.578,2765.2,68.8509,23.1215,-2.18346,-0.262177,-0.566558,0.20347,0,0,0,0,0,0,0,67.202,0,0.985547,0,0,260.233,815.135,0,0,859.974,3187.21,0
1691509888373999750,1592,1154,437,0.724874,19.3239,33.713,49.7731,61.5766,119.691,-2.54585,278.771,497.238,852.37,1123.46,897.444,3379.36,10949.9,16103,1153.61,1163.41,2533.27,635.488,528.322,157.11,125080,4938.87,6787.11,5.06698,4.31227,0,0,0.0394858,0,4.96326,11.0058,73.4779,613.933,1382.94,4700.79,0.00186972,0.00019878,16,16,13,0.448276,1,3.2077,2.64846,0.559236,0.0812945,0.412594,1154,0,0,0,0,0.001,0,0,0,0,0,0,0,0,0,0,0,0,0,0,0,0,0,0,0,0,0,0,0,0,0,0,0,0,0,0,0,0,0,0,0,0,19.3239,49.7731,22.8625,597.289,664.849,0,0.93357,-0.358082,0.0149769,0.999999,0.0743215,0.0838642,0.818182,0.9,842.89,1103.59,1561.45,1876.26,258.324,748.429,1510.76,185.46,2619.79,85.9684,21.2474,-2.96372,-0.246984,-1.48561,0.319871,0,0,0,0,0,0,0,61.5766,0,0.993068,0,0,278.771,852.37,0,0,897.444,3379.36,0
1691509888473138152,1497,1079,418,0.720775,20.0854,35.3211,50.0024,63.11,118.637,-3.87208,257.322,514.623,819.156,1069.55,906.457,3404.33,9129.94,15217.9,1170.34,1202.79,2670.57,602.303,516.242,133.517,128411,4181.93,5820.77,3.93205,2.30864,0,0,0.0325669,0,8.96218,11.9608,53.7945,660.913,1107.41,3977.72,0.00194936,0.000193755,5,5,8,0.615385,1,3.29171,2.74385,0.547852,0.0888242,0.138796,1079,0,0,0,0,0.001,0,0,0,0,0,0,0,0,0,0,0,0,0,0,0,0,0,0,0,0,0,0,0,0,0,0,0,0,0,0,0,0,0,0,0,0,20.0854,50.0024,21.2588,590.443,653.298,0,0.932299,-0.361349,0.0156505,0.999994,0.204512,0.0778661,0.818182,0.9,841.724,1093.9,1606.28,1913.03,263.079,745.942,1498.37,174.505,2464.41,63.9781,22.3471,-1.76122,-0.248156,-0.535566,0.21802,0,0,0,0,0,0,0,63.11,0,0.995366,0,0,257.322,819.156,0,0,906.457,3404.33,0
1691509888570465685,1451,1052,397,0.725017,19.7803,34.321,53.283,68.5003,111.791,-3.659,248.996,463.318,795.772,1075.51,864.571,3443.57,10668.5,15323.3,1241.49,1213.02,2498.64,589.463,527.801,104.134,136618,4735.94,6425.16,4.54595,4.12492,0,0,0.0346655,0,3.96824,12.4081,50.3476,580.988,1245.65,4531.8,0.00263758,0.000292189,8,8,14,0.636364,1,3.40898,2.84193,0.567055,0.0878577,0.222524,1052,0,0,0,0,0.001,0,0,0,0,0,0,0,0,0,0,0,0,0,0,0,0,0,0,0,0,0,0,0,0,0,0,0,0,0,0,0,0,0,0,0,0,19.7803,53.283,24.4852,594.925,662.589,0,0.932263,-0.361461,0.0152342,1,0.0247809,0.0600656,0.818182,0.9,829.97,1077.81,1528.48,1941.02,259.542,737.926,1439.6,181.67,2393.23,59.3038,19.0084,-2.0193,-0.179482,-0.396216,0.235639,0,0,0,0,0,0,0,68.5003,0,0.989544,0,0,248.996,795.772,0,0,864.571,3443.57,0
1691509888668056369,1403,1058,345,0.754098,20.3845,33.6513,46.9363,60.0641,119.822,-4.1271,245.361,452.104,844.64,1091.79,888.723,3593.86,9424.43,14566.3,1270.5,1095.45,2854.7,495.704,571.404,66.0587,135844,4476.89,6144.39,8.99089,8.10757,0,0,0.0329561,0,3.46069,12.457,48.9944,639.367,1165.42,4274.68,0.00291376,0.000665404,5,5,8,0.615385,1,3.25756,2.73199,0.525567,0.101389,0.0793683,1058,0,0,0,0,0.001,0,0,0,0,0,0,0,0,0,0,0,0,0,0,0,0,0,0,0,0,0,0,0,0,0,0,0,0,0,0,0,0,0,0,0,0,20.3845,46.9363,24.7034,601.528,657.769,0,0.932919,-0.359863,0.0126597,0.999995,0.177612,0.0265861,0.851852,0.92,832.396,1057.68,1523.85,1956.75,258.682,730.37,1490.6,164.206,2331.45,55.1478,19.2722,-0.77848,-0.341182,0.0713474,0.348922,0,0,0,0,0,0,0,60.0641,0,0.991493,0,0,245.361,844.64,0,0,888.723,3593.86,0
1691509888766019927,1402,1058,342,0.754636,18.867,34.1017,51.2142,63.3934,113.457,-4.778,251.309,466.735,863.173,1172.91,896.495,3614.08,10189.6,17427.8,1298.75,969.453,2924.02,459.545,661.969,45.382,139254,5223.75,6873.48,7.24106,6.97608,0,0,0.0375124,0,2.4343,11.9297,47.2272,730.338,1008.63,5072.92,0.00501895,0.000944646,15,14,16,0.533333,1,2.90592,2.37917,0.526752,0.135999,0.202395,1058,0,0,0,0,0.001,0,0,0,0,0,0,0,0,0,0,0,0,0,0,0,0,0,0,0,0,0,0,0,0,0,0,0,0,0,0,0,0,0,0,0,0,18.867,51.2142,23.9686,593.458,681.573,0,0.931534,-0.36326,0.0169369,0.999984,0.322862,0.0999764,0.801802,0.89,849.273,1063.32,1588,2663.88,257.618,728.332,1496.58,154.532,2154.05,55.3298,14.7798,-1.87739,-0.470596,-0.307716,0.558335,0,0,0,0,0,0,0,63.3934,0,0.996219,0,0,251.309,863.173,0,0,896.495,3614.08,0
1691509888864034826,1280,972,308,0.759375,18.5837,31.8492,46.3988,59.0606,91.4883,0.369965,257.296,473.681,834.28,1088.42,933.671,3703.41,9560.9,18977.6,1508.21,867.735,2898.17,400.819,708.07,71.4428,138661,4776.82,6550.22,6.29211,6.23167,0,0,0.0344497,0,3.40403,12.8262,48.6466,618.181,1317.8,4549.36,0.00918762,0.00133081,5,4,11,0.733333,1,2.53414,2.12779,0.406346,0.0680984,0.293403,972,0,0,0,0,0.001,0,0,0,0,0,0,0,0,0,0,0,0,0,0,0,0,0,0,0,0,0,0,0,0,0,0,0,0,0,0,0,0,0,0,0,0,18.5837,46.3988,24.8746,582.955,703.17,0,0.93294,-0.359468,0.0201601,0.999987,0.296315,0.0203262,0.801802,0.89,832.814,1066.24,1526.01,1949.58,260.15,714.499,1486.48,121.185,2082.6,51.6587,17.2044,-0.992085,0.239353,-0.417685,0.154459,0,0,0,0,0,0,0,59.0606,0,1,0,0,257.296,834.28,0,0,933.671,3703.41,0
1691509888961815942,1363,979,383,0.718269,16.6735,30.6951,45.1142,58.2316,140.919,-0.629865,243.133,415.347,679.963,863.15,777.351,2570.89,7203.25,18171.4,939.005,761.104,2007.63,369.229,519.792,97.3992,126628,2430.62,3537.7,2.10336,2.12129,0,0,0.019195,0,1.85881,11.0355,41.0347,435.579,792.444,2255.75,0.007346,0.000689519,8,7,15,0.681818,1,2.39765,1.9875,0.410153,0.0849094,0.183602,979,0,0,0,0,0.001,0,0,0,0,0,0,0,0,0,0,0,0,0,0,0,0,0,0,0,0,0,0,0,0,0,0,0,0,0,0,0,0,0,0,0,0,16.6735,45.1142,25.7706,519.448,651.781,0,0.932636,-0.360372,0.0179565,0.999997,0.137569,0.0423566,0.612903,0.76,755.676,920.421,1420.47,1979.94,247.795,691.157,1372.78,67.0512,2096.81,49.6188,12.038,-0.509852,0.0790238,-0.310056,-0.0199203,0,0,0,0,0,0,0,58.2316,0,0.99285,0,0,243.133,679.963,0,0,777.351,2570.89,0
1691509889062223760,1345,915,430,0.680297,16.1893,28.3217,44.8382,61.0966,171.82,-0.00651209,240.555,407.5,677.426,886.81,712.844,2539.76,5277.5,18113.9,855.512,685.009,1924.44,367.445,530.341,102.987,117650,1863.7,2632.23,5.5716,3.18009,0,0,0.015841,0,2.66825,9.64066,27.615,300.127,531.514,1760.67,0.000191841,4.24871e-05,3,3,8,0.727273,1,2.59535,2.15493,0.44042,0.0663983,0.239457,915,0,0,0,0,0.001,0,0,0,0,0,0,0,0,0,0,0,0,0,0,0,0,0,0,0,0,0,0,0,0,0,0,0,0,0,0,0,0,0,0,0,0,16.1893,44.8382,22.1983,467.746,653.055,0,0.932943,-0.359582,0.0178194,1,0.0491868,0.0105523,0.626016,0.77,729.163,866.075,1378.43,1986.56,242.799,679.184,1371.65,105.64,2227.76,49.6835,7.66985,-0.930019,0.355051,-0.126181,-0.203803,0,0,0,0,0,0,0,61.0966,0,0.981421,0,0,240.555,677.426,0,0,712.844,2539.76,0
1691509889162755250,1249,890,358,0.71257,15.8089,28.9656,50.1679,67.8206,161.081,-0.303476,247.6,419.311,694.058,876.071,745.36,2585.26,7255.62,15028.8,834.029,803.734,2061.31,373.288,529.61,128.791,109963,2345.53,3360.83,3.54162,1.61685,0,0,0.0213302,0,4.77354,14.7766,38.534,401.842,698.552,2202.35,6.82737e-05,2.31062e-05,4,4,8,0.666667,1,2.87133,2.42666,0.444666,0.079183,0.181995,890,0,0,0,0,0.001,0,0,0,0,0,0,0,0,0,0,0,0,0,0,0,0,0,0,0,0,0,0,0,0,0,0,0,0,0,0,0,0,0,0,0,0,15.8089,50.1679,21.3299,498.981,642.689,0,0.932503,-0.360698,0.0183389,0.999999,0.0748932,0.0500852,0.73913,0.85,732.158,874.528,1376.18,2036.29,248.02,674.163,1308.92,112.554,2230.14,45.082,11.3647,-1.34635,0.143664,-0.0616021,0.0254466,0,0,0,0,0,0,0,67.8206,0,0.988764,0,0,247.6,694.058,0,0,745.36,2585.26,0
1691509889263985722,1137,877,258,0.771328,18.2429,32.9706,58.9324,82.6322,138.595,-1.95028,252.271,426.894,688.336,970.978,814.017,3174.87,10154.1,27228.6,1175.61,866.603,2584.52,435.272,540.476,132.962,120849,3973.78,5392.66,2.14521,1.28991,0,0,0.0328822,0,3.97574,13.2404,48.3711,497.261,1022.5,3807.31,0.00226644,0.000195508,4,4,8,0.666667,1,2.85828,2.3021,0.55618,0.0446742,0.193615,877,0,0,0,0,0.001,0,0,0,0,0,0,0,0,0,0,0,0,0,0,0,0,0,0,0,0,0,0,0,0,0,0,0,0,0,0,0,0,0,0,0,0,18.2429,58.9324,22.1134,544.473,663.414,0,0.93357,-0.357925,0.0183623,0.999996,0.170229,0.0066631,0.587302,0.74,783.965,934.694,1501.27,2068.53,253.127,692.278,1409.43,128.346,2248.01,52.2012,13.0901,-0.721702,0.052291,0.48412,-0.0850773,0,0,0,0,0,0,0,82.6322,0,0.973774,0,0,252.271,688.336,0,0,814.017,3174.87,0
1691509889365887498,1235,1001,233,0.810526,19.1254,35.2334,57.6724,76.1444,140.468,0.00694843,240.903,425.504,751.575,1011.87,835.896,3517.24,11037,21612.3,1267.98,1208.52,2815.64,499.819,558.956,124.152,136152,5318.25,6861.39,3.39562,4.10838,0,0,0.0390611,0,3.73867,15.3442,38.8308,623.993,992.16,5187.32,0.0064273,0.00109876,5,4,11,0.733333,1,2.76003,2.16182,0.598213,0.0454417,0.328474,1001,0,0,0,0,0.001,0,0,0,0,0,0,0,0,0,0,0,0,0,0,0,0,0,0,0,0,0,0,0,0,0,0,0,0,0,0,0,0,0,0,0,0,19.1254,57.6724,21.8127,581.211,659.976,0,0.933412,-0.35837,0.0176604,1,0.0484689,0.0492869,0.709402,0.83,819.784,934.365,1515.62,2673.28,258.748,705.517,1448.87,129.318,2360.66,46.1419,14.7833,-1.05244,-0.144321,0.34351,-0.0742268,0,0,0,0,0,0,0,76.1444,0,0.987013,0,0,240.903,751.575,0,0,835.896,3517.24,0
1691509889469026836,1244,1035,209,0.831994,18.3588,32.718,52.9306,74.292,132.79,-0.790499,230.931,431.988,758.695,1055.17,792.39,3578.59,10363.3,14627.8,1180.34,1313.64,2691.95,465.668,555.194,159.088,136391,4552.7,6318.72,3.39196,2.62468,0,0,0.0333798,0,2.81106,12.8309,42.8262,628.851,1320.16,4311.24,0.0203504,0.0020764,6,6,8,0.571429,1,3.56894,2.96546,0.603478,0.0489191,0.453294,1035,0,0,0,0,0.001,0,0,0,0,0,0,0,0,0,0,0,0,0,0,0,0,0,0,0,0,0,0,0,0,0,0,0,0,0,0,0,0,0,0,0,0,18.3588,52.9306,23.1939,582.028,638.779,0,0.934483,-0.355614,0.016739,0.999995,0.177449,0.00422745,0.851852,0.92,807.116,937.946,1458.7,2114.75,262.297,723.185,1391.86,135.87,2491.88,47.3403,19.3792,-1.20322,-0.0881464,0.224739,-0.0120612,0,0,0,0,0,0,0,74.292,0,0.97971,0,0,230.931,758.695,0,0,792.39,3578.59,0
1691509889572625732,1252,1047,205,0.836262,21.109,39.1473,63.2974,85.1835,161.035,0.247202,232.922,417.065,751.933,1018.85,781.114,3150.79,10927.8,23760.9,1097.02,1363.25,2285.79,445.4,540.118,226.682,135013,4898.22,6943.21,3.94409,2.63299,0,0,0.0362796,0,1.60298,9.07324,46.368,555.583,1815.57,4515.02,0.00363099,0.000578625,5,4,9,0.692308,1,3.49446,2.71345,0.781009,0.0427453,0.541632,1047,0,0,0,0,0.001,0,0,0,0,0,0,0,0,0,0,0,0,0,0,0,0,0,0,0,0,0,0,0,0,0,0,0,0,0,0,0,0,0,0,0,0,21.109,63.2974,23.6896,597.053,625.257,0,0.935341,-0.353362,0.0165424,0.999997,0.138557,0.346033,0.851852,0.92,808.182,936.774,1571.97,2128.05,262.475,725.086,1478.13,147.565,2670.38,48.2727,36.1168,-0.857687,0.140283,0.185925,-0.186253,0,0,0,0,0,0,0,85.1835,0,0.974212,0,0,232.922,751.933,0,0,781.114,3150.79,0
1691509889674953714,1255,1042,210,0.830279,23.3823,43.4729,70.4831,90.0788,173.821,0.625966,237.545,427.896,744.243,977.912,792.053,3146.56,10285.5,22016.8,1093.01,1471.65,2228.37,395.097,532.354,270.942,147240,4790.76,6764.85,6.5118,6.33779,0,0,0.0325371,0,1.62076,9.70995,52.0515,578.161,1671.18,4452.13,0.0025367,0.000952946,8,8,12,0.6,1,3.25151,2.33349,0.918014,0.0462139,0.31697,1042,0,0,0,0,0.001,0,0,0,0,0,0,0,0,0,0,0,0,0,0,0,0,0,0,0,0,0,0,0,0,0,0,0,0,0,0,0,0,0,0,0,0,23.3823,70.4831,23.6662,601.933,658.401,0,0.93443,-0.355604,0.0196598,0.999992,0.226133,0.211855,0.834862,0.91,798.866,940.181,1620.45,2137.76,259.083,710.593,1516.14,153.007,2662.92,58.4884,21.6587,-1.51478,-0.0652042,-0.0275924,0.144899,0,0,0,0,0,0,0,90.0788,0,0.966411,0,0,237.545,744.243,0,0,792.053,3146.56,0
1691509889775852707,1637,1421,216,0.868051,19.8242,39.1854,65.3955,82.4106,175.606,3.20881,224.678,388.372,768.348,997.894,760.085,3074.01,8523.2,15888.9,1219.66,1395.9,2134.14,320.423,588.507,313.678,154403,5103.74,6815.63,8.65724,8.85156,0,0,0.0330547,0,1.02937,8.70007,49.9117,752.563,1070.56,4932.87,0.0166616,0.00272,7,7,14,0.666667,1,3.56244,2.552,1.01044,0.0247996,0.314174,1421,0,0,0,0,0.001,0,0,0,0,0,0,0,0,0,0,0,0,0,0,0,0,0,0,0,0,0,0,0,0,0,0,0,0,0,0,0,0,0,0,0,0,19.8242,65.3955,22.3484,612.607,680.045,0,0.933624,-0.357799,0.0180563,0.999996,0.162448,0.0910618,0.769912,0.87,765.198,931.767,1523.38,2146.75,255.369,684.714,1400,147.746,2687.6,60.6851,16.8657,-1.85609,0.925943,0.249001,0.414405,0,0,0,0,0,0,0,82.4106,0,0.981703,0,0,224.678,768.348,0,0,760.085,3074.01,0
1691509889875393191,1604,1394,209,0.869077,18.3343,33.55,56.4728,73.6402,172.52,1.83984,215.444,403.903,759.299,1050.92,732.491,3181.4,9255.94,16285.2,1449.75,1233.43,2344.41,318.1,565.612,337.023,141298,5206.33,6873.59,12.0712,11.5049,0,0,0.0368464,0,2.68624,7.41568,49.26,746.052,1017.23,5050.94,0.000130603,4.03175e-05,10,9,10,0.526316,1,3.21402,2.40592,0.808101,0.0752287,0.251393,1394,0,0,0,0,0.001,0,0,0,0,0,0,0,0,0,0,0,0,0,0,0,0,0,0,0,0,0,0,0,0,0,0,0,0,0,0,0,0,0,0,0,0,18.3343,56.4728,21.6919,642.022,695.286,0,0.93198,-0.361943,0.020265,0.999988,0.285071,0.129888,0.818182,0.9,785.722,990.538,1580.4,2145.29,251.543,691.983,1483.19,154.373,2711.48,56.3571,25.9686,-0.803681,-0.315767,0.469823,0.171065,0,0,0,0,0,0,0,73.6402,0,0.984218,0,0,215.444,759.299,0,0,732.491,3181.4,0
1691509889973187591,1609,1414,194,0.878807,17.9891,35.5939,59.7844,76.3081,153.84,-0.0477721,215.322,422.313,812.46,1070.66,754.941,3495.18,8388.61,15469.3,1425.1,1291.7,2697.65,414.8,554.595,307.472,146716,5546.21,7476.75,8.17304,8.09121,0,0,0.0378023,0,3.19804,8.58139,54.2117,800.793,1271.47,5338.49,0.00739712,0.00188615,6,6,8,0.571429,1,3.33058,2.4653,0.865283,0.0605835,0.350909,1414,0,0,0,0,0.001,0,0,0,0,0,0,0,0,0,0,0,0,0,0,0,0,0,0,0,0,0,0,0,0,0,0,0,0,0,0,0,0,0,0,0,0,17.9891,59.7844,24.3677,659.715,712.918,0,0.93437,-0.355766,0.0195589,0.999978,0.381672,0.0180408,0.801802,0.89,785.241,933.834,1614.02,2102.26,248.077,685.354,1455.13,173.633,2830.47,68.3866,28.826,-0.60615,-0.0332907,-0.414434,0.463249,0,0,0,0,0,0,0,76.3081,0,0.988685,0,0,215.322,812.46,0,0,754.941,3495.18,0
1691509890070363472,1484,1308,175,0.881402,20.4496,36.7574,58.9399,73.107,141.652,-1.45461,217.544,402.484,815.678,1232.65,776.098,3517.01,9812.48,17764.4,1471.24,992.287,2676.39,480.372,561.302,285.84,142372,5903.13,7471.78,4.99113,4.41475,0,0,0.0414628,0,3.80282,6.47118,53.2263,728.536,889.994,5789.75,0.00140133,0.000257402,5,5,8,0.615385,1,3.47111,2.64117,0.829945,0.0311624,0.270534,1308,0,0,0,0,0.001,0,0,0,0,0,0,0,0,0,0,0,0,0,0,0,0,0,0,0,0,0,0,0,0,0,0,0,0,0,0,0,0,0,0,0,0,20.4496,58.9399,23.1643,677.457,715.379,0,0.934115,-0.356523,0.0178847,0.999998,0.106301,0.213102,0.801802,0.89,778.945,941.677,1609.63,2058.71,246.278,684.293,1471.17,187.535,2954.04,58.9103,52.6548,-1.12176,-0.673818,-0.02149,0.402481,0,0,0,0,0,0,0,73.107,0,0.985474,0,0,217.544,815.678,0,0,776.098,3517.01,0
1691509890168246643,1360,1218,142,0.895588,21.0742,39.0819,58.4422,75.4032,152.01,-7.1995,221.175,424.082,808.266,1071,822.984,3712.08,10454.2,16388,1442.92,1058.82,3120.42,568.55,504.848,207.567,136327,5938.26,7953.28,5.80399,4.38935,0,0,0.043559,0,1.40155,11.5633,44.3224,715.411,1472.66,5707.91,0.00578246,0.00107103,13,12,13,0.52,1,3.51785,2.6917,0.826145,0.0855965,0.223631,1218,0,0,0,0,0.001,0,0,0,0,0,0,0,0,0,0,0,0,0,0,0,0,0,0,0,0,0,0,0,0,0,0,0,0,0,0,0,0,0,0,0,0,21.0742,58.4422,23.7792,659.015,718.206,0,0.933576,-0.357836,0.0197146,0.999997,0.132679,0.285712,0.851852,0.92,785.765,947.648,1583.9,2033.49,248.355,679.123,1456.29,162.572,2744.52,48.8736,28.3562,-0.460643,-0.566323,0.182321,0.501333,0,0,0,0,0,0,0,75.4032,0,0.985222,0,0,221.175,808.266,0,0,822.984,3712.08,0
1691509890265537179,1196,1090,105,0.911371,20.4815,38.3685,57.8903,77.2388,136.713,-7.71829,224.489,442.054,794.933,1110.8,892.052,3835.22,10415.4,13620,1279.87,1232.74,3146.16,602.549,490.633,137.982,129068,5324.44,7102.81,5.12008,5.11047,0,0,0.0412531,0,7.91817,12.312,46.2883,633.866,1271.18,5131.24,0.0216678,0.00395355,6,6,11,0.647059,1,3.52593,2.80515,0.720785,0.0168889,0.55084,1090,0,0,0,0,0.001,0,0,0,0,0,0,0,0,0,0,0,0,0,0,0,0,0,0,0,0,0,0,0,0,0,0,0,0,0,0,0,0,0,0,0,0,20.4815,57.8903,25.675,616.292,666.033,0,0.936053,-0.3513,0.0198447,0.999976,0.400564,0.0899652,0.818182,0.9,778.831,936.208,1529.68,2005.63,256.396,695.165,1441.96,187.906,2617.25,49.0419,32.6184,0.223812,-0.072606,0.127174,0.0779849,0,0,0,0,0,0,0,77.2388,0,0.982569,0,0,224.489,794.933,0,0,892.052,3835.22,0
1691509890362091350,1163,1075,88,0.924334,22.8232,41.0523,60.1807,77.7058,154.497,-9.78114,234.15,429.569,791.652,1082.52,870.194,3578.17,10439,15151.2,1099.75,1317.23,2892.55,584.627,468.089,94.046,132143,5496.7,6981.76,8.61812,1.39734,0,0,0.0415966,0,4.35388,11.4022,43.6026,523.622,1023.93,5374.85,3.84402e-05,8.54244e-06,3,3,8,0.727273,1,3.96168,3.17865,0.783028,0.0183182,0.463878,1075,0,0,0,0,0.001,0,0,0,0,0,0,0,0,0,0,0,0,0,0,0,0,0,0,0,0,0,0,0,0,0,0,0,0,0,0,0,0,0,0,0,0,22.8232,60.1807,25.2404,597.367,674.393,0,0.936244,-0.350835,0.0190293,1,0.0548667,0.144747,0.818182,0.9,765.352,917.852,1451.57,1985.79,252.337,685.641,1356.96,188.971,2475.18,45.1751,21.9031,-0.521185,-0.538222,0.110593,0.236665,0,0,0,0,0,0,0,77.7058,0,0.980465,0,0,234.15,791.652,0,0,870.194,3578.17,0
1691509890459353515,1051,997,54,0.94862,21.9988,40.8478,63.9874,78.3407,153.716,-11.1709,216.842,445.803,783.884,1107.17,799.449,4163.58,10238.2,13164.2,1243.27,1381.72,3373.39,564.533,514.603,119.377,135470,5415.92,6825.71,2.64001,1.61564,0,0,0.0399787,0,2.98011,9.22669,46.8775,507.661,951.778,5307.19,0.00698214,0.000715211,10,9,14,0.608696,1,3.63766,2.92273,0.714928,0.0931512,0.318453,997,0,0,0,0,0.001,0,0,0,0,0,0,0,0,0,0,0,0,0,0,0,0,0,0,0,0,0,0,0,0,0,0,0,0,0,0,0,0,0,0,0,0,21.9988,63.9874,23.0916,583.502,674.407,0,0.933144,-0.359032,0.0183902,0.999961,0.503451,0.0780363,0.724138,0.84,784.93,961.578,1509.2,1962.67,258.631,701.76,1378.56,197.628,2399.64,52.1508,17.6048,-0.438398,0.12248,-0.0544067,0.00790374,0,0,0,0,0,0,0,78.3407,0,0.984955,0,0,216.842,783.884,0,0,799.449,4163.58,0
1691509890556309925,1146,1097,49,0.957243,24.7377,43.3148,60.9187,76.6821,165.1,-10.7322,230.185,407.336,694.989,1003.72,830.335,3760.19,10037.9,16844,1057.92,1189.52,2952.12,465.667,464.878,131.777,144140,5703.49,7362.77,2.09428,2.0473,0,0,0.0395692,0,3.91502,12.8091,45.4366,578.411,1170.32,5551.88,0.000737751,0.000181468,15,15,9,0.375,1,3.70955,2.89607,0.813484,0.10068,0.371035,1097,0,0,0,0,0.001,0,0,0,0,0,0,0,0,0,0,0,0,0,0,0,0,0,0,0,0,0,0,0,0,0,0,0,0,0,0,0,0,0,0,0,0,24.7377,60.9187,25.2242,605.099,706.677,0,0.935708,-0.352169,0.02069,0.999971,0.439989,0.0106973,0.754386,0.86,763.979,920.438,1453.76,1947.53,253.801,680.432,1360.56,173.966,2451.9,46.7555,22.8093,-0.26503,-0.272275,-0.305647,0.261104,0,0,0,0,0,0,0,76.6821,0,0.98268,0,0,230.185,694.989,0,0,830.335,3760.19,0
1691509890653824978,1111,1034,77,0.930693,25.6293,46.1845,66.5164,86.5428,163.043,-10.647,239.174,434.819,805.945,1058.76,887.276,3711.46,10901.1,20474.8,1329.64,1409.15,3137.73,459.535,519.636,178.474,150066,5331.24,7133.98,11.2486,3.05381,0,0,0.035526,0,4.8501,11.8062,59.957,597.628,1332.89,5126.85,0.000266391,6.62591e-05,3,3,8,0.727273,1,4.22381,3.28918,0.93463,0.0561559,0.0919919,1034,0,0,0,0,0.001,0,0,0,0,0,0,0,0,0,0,0,0,0,0,0,0,0,0,0,0,0,0,0,0,0,0,0,0,0,0,0,0,0,0,0,0,25.6293,66.5164,22.0137,607.566,729.421,0,0.932478,-0.360719,0.0191505,0.999957,0.53109,0.0306591,0.73913,0.85,763.095,916.605,1396.27,1937.14,252.956,667.957,1367.79,183.164,2292.32,67.192,22.8473,-3.77099,-0.41858,0.517931,0.195122,0,0,0,0,0,0,0,86.5428,0,0.970986,0,0,239.174,805.945,0,0,887.276,3711.46,0
1691509890753125245,986,883,103,0.895538,24.6916,43.2221,62.01,76.0622,158.02,-12.9368,251.409,393.031,637.154,937.913,884.113,3189.71,10578.3,18748.1,1456.44,1088.54,2483.39,361.677,478.373,211.831,138331,4145.44,5546.34,7.07877,6.97952,0,0,0.0299676,0,1.47904,3.49493,43.7794,280.332,1286.84,3930.42,0.00455456,0.0011387,10,9,16,0.64,1,2.53246,1.83932,0.693145,0.0225146,0.112827,883,0,0,0,0,0.001,0,0,0,0,0,0,0,0,0,0,0,0,0,0,0,0,0,0,0,0,0,0,0,0,0,0,0,0,0,0,0,0,0,0,0,0,24.6916,62.01,19.9309,582.442,688.627,0,0.93219,-0.361316,0.0217555,0.999996,0.154002,0.0500977,0.538462,0.7,721.5,847.966,1378.04,1924.52,242.477,642.965,1221.93,125.098,2469.34,50.3812,26.5554,-1.05937,-0.64265,-0.0758559,0.536577,0,0,0,0,0,0,0,76.0622,0,0.97735,0,0,251.409,637.154,0,0,884.113,3189.71,0
1691509890853989181,1080,968,112,0.896296,25.1106,44.8322,64.6244,75.5394,204.937,-6.31992,203.716,356.517,628.832,886.128,664.329,2580.61,8118.81,14783.8,791.469,847.648,2019.96,302.525,457.546,193.168,119274,2495.03,3573.67,3.46404,3.24122,0,0,0.0209184,0,5.55228,9.36103,42.1057,252.169,987.542,2276.94,0.00481214,0.000685763,10,9,12,0.571429,1,2.32827,1.53627,0.792006,0.0222792,0.306656,968,0,0,0,0,0.001,0,0,0,0,0,0,0,0,0,0,0,0,0,0,0,0,0,0,0,0,0,0,0,0,0,0,0,0,0,0,0,0,0,0,0,0,25.1106,64.6244,19.9031,491.733,611.364,0,0.932923,-0.359556,0.0193617,0.999995,0.175331,0.0586601,0.5625,0.72,669.251,769.556,1135.48,1931.31,246.608,631.268,1114.87,150.219,2338.19,46.4016,24.4088,-0.940928,-1.16516,-0.474363,0.883561,0,0,0,0,0,0,0,75.5394,0,0.97624,0,0,203.716,628.832,0,0,664.329,2580.61,0
1691509890956039973,1108,1029,79,0.9287,25.869,43.7915,62.4769,76.8777,140.235,-6.60203,201.59,382.923,713.81,918.121,622.944,2686.22,7867.05,10612.8,1013.42,766.762,2156.4,295.423,540.069,228.386,87112.2,2603.99,3591.73,4.65782,3.76058,0,0,0.0298923,0,9.98947,12.1247,37.5853,389.243,652.412,2490.37,0.00192971,0.000428676,8,8,13,0.619048,1,4.41745,3.6058,0.811656,0.0347043,0.261016,1029,0,0,0,0,0.001,0,0,0,0,0,0,0,0,0,0,0,0,0,0,0,0,0,0,0,0,0,0,0,0,0,0,0,0,0,0,0,0,0,0,0,0,25.869,62.4769,20.9457,432.516,523.539,0,0.936235,-0.350954,0.0171693,0.999955,0.54286,0.102025,0.538462,0.7,624.704,742.976,1361.28,2007.72,236.971,605.274,1364.4,203.17,2542.35,42.6192,26.156,-2.74393,-0.792521,-0.195314,0.614465,0,0,0,0,0,0,0,76.8777,0,0.976676,0,0,201.59,713.81,0,0,622.944,2686.22,0
1691509891059485215,1167,1127,39,0.965724,27.1358,48.773,70.6408,82.8581,190.508,-11.9625,195.656,366.313,703.362,911.588,597.505,2796.7,8134.7,13912,1032.06,736.293,2212.7,302.278,520.104,218.842,98464.1,3042.72,4286.01,8.53412,4.29677,0,0,0.0309018,0,4.3842,15.2831,51.9526,415.584,933.213,2865.59,0.000836413,0.000200617,3,3,8,0.727273,1,5.48854,4.41908,1.06946,0.0228703,0.267704,1127,0,0,0,0,0.001,0,0,0,0,0,0,0,0,0,0,0,0,0,0,0,0,0,0,0,0,0,0,0,0,0,0,0,0,0,0,0,0,0,0.00354925,18.008,28.9617,27.272,70.7123,19.6657,494.884,564.451,0,0.934203,-0.356199,0.0196747,0.999981,0.352818,0.010513,0.6,0.75,648.593,803.949,1481.47,1908.5,240.345,609.13,1405.62,229.82,2556.57,56.3029,31.984,-2.99011,0.213774,0.598315,0.257158,0,0,0,0,0,0.00342759,29.943,82.93,1,0.966162,25.1202,34.0055,196.146,703.566,36.9197,50.9994,600.648,2807.27,1.65544e-06
1691509891163528193,1177,1154,23,0.980459,27.3592,46.3568,67.9978,88.8556,161.012,-5.66072,202.459,403.398,730.839,1045.1,611.655,3172.11,8567.29,15739.8,1240.49,932.887,2314.3,439.878,538.714,190.037,112176,3617,5167.29,2.08841,1.81319,0,0,0.0322441,0,7.41042,18.5135,48.093,719.27,962.938,3411.07,6.08729e-05,8.41792e-06,7,7,9,0.5625,1,5.79291,4.74862,1.04429,0.0327346,0.136743,1154,0,0,0,0,0.001,0,0,0,0,0,0,0,0,0,0,0,0,0,0,0,0,0,0,0,0,0,0,0,0,0,0,0,0,0,0,0,0,0,0.0103986,17.6629,32.4462,27.7118,68.2265,20.9194,533.623,621.458,0,0.93487,-0.354443,0.0197045,0.999998,0.107663,0.0188899,0.503759,0.67,658.625,833.136,1375.65,1905.83,233.254,603.773,1359.19,224.028,2479.89,53.342,27.8927,-1.16205,0.196467,0.611471,-0.251177,0,0,0,0,0,0.0101954,33.2398,89.0077,1,0.968476,77.4557,195.174,205.248,734.258,113.419,295.657,617.631,3187.94,0.000114089
1691509891269186893,1322,1309,12,0.990166,26.9,44.4731,65.4832,83.4192,165.534,-3.60414,210.244,394.103,773.734,1025.44,657.187,3294.77,9185.49,16019.5,1160.72,1380.9,2164.06,429.494,514.736,266.296,122952,4533.38,6828.42,5.55891,4.50367,0,0,0.0368711,0,5.52532,23.999,59.3722,686.989,2088.48,3964.06,0.000596903,0.000265686,10,9,13,0.590909,1,6.89427,5.77183,1.12244,0.0504783,0.573559,1309,0,0,0,0,0.001,0,0,0,0,0,0,0,0,0,0,0,0,0,0,0,0,0,0,0,0,0,0,0,0,0,0,0,0,0,0,0,0,0,0.00381971,21.005,29.8128,26.9719,65.7706,23.7781,553.525,616.697,0,0.93477,-0.354661,0.0204926,1,0.0472081,0.0960059,0.538462,0.7,688.276,833.448,1389.37,2680.44,233.432,630.438,1366.33,226.639,2493.25,59.2431,54.8706,-3.24703,0.317897,-0.393773,-0.169412,0,0,0,0,0,0.00378215,32.4327,83.4883,1,0.97546,33.2286,54.1911,212.146,774.112,44.7701,72.1632,659.416,3299.93,2.04585e-06
1691509891373517271,1219,1215,4,0.996719,27.6076,49.1259,71.4435,87.0591,182.417,-3.72972,222.161,415.385,795.176,1145.52,713.162,3247.36,8590.29,22413.3,1179.96,1453.98,2169.66,469.236,521.806,256.435,122446,4740.62,6682.17,6.3251,5.47647,0,0,0.0387161,0,3.40832,21.0456,62.5767,678.71,1457.16,4459.28,0.00265209,0.000338764,6,6,12,0.666667,1,6.63389,5.43033,1.20355,0.0349015,0.405035,1215,0,0,0,0,0.001,0,0,0,0,0,0,0,0,0,0,0,0,0,0,0,0,0,0,0,0,0,0,0,0,0,0,0,0,0,0,0,0,0,0.00576132,23.1922,37.5802,27.715,71.5445,24.5061,586.073,636.421,0,0.936595,-0.349865,0.019605,0.999986,0.298371,0.0333406,0.6,0.75,731.821,902.675,1483.13,2689.43,234.831,651.291,1376.65,236.502,2607.83,68.183,40.9928,-3.98341,-0.277749,-0.455888,0.55957,0,0,0,0,0,0.00574241,38.1559,87.1611,1,0.967715,32.3684,161.344,222.727,803.352,42.5658,213.01,719.113,3254.43,2.51769e-05
1691509891476325742,1461,1448,12,0.991102,28.7802,50.3883,75.6754,95.809,175.258,0.720441,216.111,407.461,793.764,1100.84,651.604,3020.53,7771.63,15771.6,1191.34,1437.4,1923.92,411.945,520.479,319.463,123080,4114.76,6169.97,8.77217,7.99157,0,0,0.0334317,0,6.87765,24.5305,69.9476,877.768,1437.23,3753.61,0.00511283,0.000943072,11,10,14,0.583333,1,7.09106,5.54218,1.54889,0.0336847,0.317255,1448,0,0,0,0,0.001,0,0,0,0,0,0,0,0,0,0,0,0,0,0,0,0,0,0,0,0,0,0,0,0,0,0,0,0,0,0,0,0,0,0,0,0,28.7802,75.6754,24.0716,589.003,633.925,0,0.935048,-0.353934,0.0203716,0.99999,0.253236,0.0825736,0.694915,0.82,718.691,910.606,1454.83,1903.81,232.794,630.82,1379.72,205.63,2711.17,72.7213,58.9038,-3.39828,-0.778023,-0.793734,0.754888,0,0,0,0,0,0,0,95.809,0,0.955801,0,0,216.111,793.764,0,0,651.604,3020.53,0
1691509891577988415,1787,1777,10,0.994404,27.2768,48.1446,68.9662,84.9345,166.206,4.07001,214.562,398.476,710.983,1005.44,629.404,2661.86,7390.85,13709,1006.14,1435.58,1530.73,346.854,444.515,356.36,129903,3872.11,6085.62,2.74251,2.48372,0,0,0.0298077,0,16.8075,31.8292,76.5446,840.97,1793.45,3326.02,0.00264436,0.000579618,11,11,9,0.45,1,7.03137,5.38038,1.651,0.116068,0.418006,1777,0,0,0,0,0.001,0,0,0,0,0,0,0,0,0,0,0,0,0,0,0,0,0,0,0,0,0,0,0,0,0,0,0,0,0,0,0,0,0,0,0,0,27.2768,68.9662,20.5008,573.605,627.894,0,0.93526,-0.353408,0.0198029,1,0.0460205,0.0164547,0.639344,0.78,689.077,863.14,1367.54,1903.46,230.972,609.991,1330.77,182.91,2993.11,80.2873,70.2143,-0.994491,-0.109274,-0.260411,-0.171819,0,0,0,0,0,0,0,84.9345,0,0.969612,0,0,214.562,710.983,0,0,629.404,2661.86,0
1691509891677172240,1677,1669,8,0.99523,24.7591,44.3009,68.311,87.4251,166.374,-3.57551,217.169,401.565,705.31,949.355,667.31,2563.36,6519.64,20270.9,1045.39,1279.02,1589.05,313.842,482.857,354.89,141895,4174.75,5959.75,3.69137,4.21997,0,0,0.0294214,0,6.82844,21.0197,75.3651,669.219,1266.94,3920.38,0.000163381,2.92694e-05,14,14,10,0.416667,1,6.15037,4.68553,1.46484,0.107691,0.195539,1669,0,0,0,0,0.001,0,0,0,0,0,0,0,0,0,0,0,0,0,0,0,0,0,0,0,0,0,0,0,0,0,0,0,0,0,0,0,0,0,0,0,0,24.7591,68.311,22.6269,610.433,676.94,0,0.934376,-0.355657,0.0212,0.999996,0.159903,0.166928,0.526718,0.69,749.958,965.983,1506.23,1904.44,235.398,656.561,1404.5,190.2,2933.41,80.9673,38.8982,-0.325094,-0.767853,-0.776044,0.844764,0,0,0,0,0,0,0,87.4251,0,0.965848,0,0,217.169,705.31,0,0,667.31,2563.36,0
1691509891775228717,1786,1782,4,0.99776,26.1502,42.0493,61.2122,73.0159,175.282,0.735769,226.709,391.967,670.728,913.309,718.218,2681.41,7085.63,18840.7,1101.1,1138.72,1822.52,340.388,451.912,313.894,145989,4472.43,6253.93,6.22544,5.76792,0,0,0.0306354,0,5.98187,15.6268,64.8769,713.941,1207.19,4246.31,0.00533371,0.000815755,11,10,16,0.615385,1,7.1273,5.75602,1.37128,0.0239953,0.321765,1782,0,0,0,0,0.001,0,0,0,0,0,0,0,0,0,0,0,0,0,0,0,0,0,0,0,0,0,0,0,0,0,0,0,0,0,0,0,0,0,0,0,0,26.1502,61.2122,26.8895,662.144,701.966,0,0.936035,-0.351268,0.0212246,0.999989,0.268828,0.2284,0.680672,0.81,764.694,975.842,1456.23,1900.87,238.095,655.265,1331.72,232.954,3173.79,76.9841,38.2868,-2.3475,-1.27396,0.139781,1.09746,0,0,0,0,0,0,0,73.0159,0,0.978676,0,0,226.709,670.728,0,0,718.218,2681.41,0
1691509891872794736,1766,1755,11,0.993771,25.8555,45.984,67.2589,82.9051,202.237,2.52729,251.217,443.395,736.026,983.981,792.426,3066.96,6637.5,22904.4,1164.61,1256.62,2266.43,410.299,503.608,300.658,154194,4702.41,7091.79,5.48578,4.57757,0,0,0.0304968,0,12.3623,32.3186,99.0927,1008.43,1657.29,4282.3,0.00169607,0.000289028,7,6,11,0.647059,1,7.84072,6.22897,1.61175,0.0592541,0.247073,1755,0,0,0,0,0.001,0,0,0,0,0,0,0,0,0,0,0,0,0,0,0,0,0,0,0,0,0,0,0,0,0,0,0,0,0,0,0,0,0,0,0,0,25.8555,67.2589,26.532,685.701,721.767,0,0.93618,-0.350786,0.0227046,0.999999,0.0895672,0.0405506,0.818182,0.9,784.443,1005.62,1513.27,1972.09,242.718,658.13,1401.63,238.845,3332.72,106.807,58.705,-3.12847,-1.02493,0.130309,0.835853,0,0,0,0,0,0,0,82.9051,0,0.967521,0,0,251.217,736.026,0,0,792.426,3066.96,0
1691509891969866220,1751,1745,6,0.996573,24.4309,43.7114,66.0956,83.9398,171.622,3.19708,242.384,451.385,760.048,1053.99,763.717,3146.87,7376.05,19013.8,1123.79,1289.12,2273.66,459.629,508.841,288.107,151420,5170.23,7420.01,4.76742,2.85466,0,0,0.0341451,0,27.0681,34.6408,91.6618,1073.36,1309.12,4884.17,0.000194633,1.59769e-05,14,13,11,0.458333,1,7.67461,6.22746,1.44715,0.0938467,0.313946,1745,0,0,0,0,0.001,0,0,0,0,0,0,0,0,0,0,0,0,0,0,0,0,0,0,0,0,0,0,0,0,0,0,0,0,0,0,0,0,0,0,0,0,24.4309,66.0956,27.7838,695.732,720.484,0,0.93622,-0.350745,0.0216682,0.999999,0.0594704,0.692002,0.785714,0.88,798.104,984.42,1484.09,1899.49,242.147,656.36,1333.29,249.05,3880.4,115.68,131.373,-1.06536,1.0315,0.517382,-1.10879,0,0,0,0,0,0,0,83.9398,0,0.975358,0,0,242.384,760.048,0,0,763.717,3146.87,0
1691509892066753459,1791,1771,20,0.988833,25.9587,44.0133,62.8466,77.7267,170.931,-1.03462,250.632,456.579,778.813,1018,789.655,2935.32,7265.03,20472.5,1029.8,1114.06,2218.65,485.698,502.09,212.003,149065,4764.02,7152.92,5.14684,3.67833,0,0,0.0319593,0,24.0162,31.4333,99.8237,1111.74,1506.57,4379.34,0.000358028,5.3252e-05,4,4,11,0.733333,1,8.08413,6.73025,1.35388,0.0229642,0.218454,1771,0,0,0,0,0.001,0,0,0,0,0,0,0,0,0,0,0,0,0,0,0,0,0,0,0,0,0,0,0,0,0,0,0,0,0,0,0,0,0,0,0,0,25.9587,62.8466,27.1015,684.613,707.286,0,0.934792,-0.354422,0.02345,0.999991,0.248005,0.466894,0.818182,0.9,789.407,972.97,1431.22,1973.29,237.767,651.653,1348.37,287.235,3466.06,123.866,84.3919,-2.10235,-1.5354,-0.66861,0.797541,0,0,0,0,0,0,0,77.7267,0,0.984754,0,0,250.632,778.813,0,0,789.655,2935.32,0
1691509892163595285,1775,1764,11,0.993803,25.8536,43.4101,63.4853,80.4259,181.143,-4.36044,255.202,465.378,733.006,1002.86,779.594,3026.43,7482.52,15107.8,996.184,1086.01,2341.74,503.219,471.654,225.817,138702,4866.45,7084.96,5.43582,5.49795,0,0,0.0350856,0,18.4364,41.7295,97.0211,1154.05,1202.96,4570.76,0.000294576,3.8238e-05,14,14,10,0.416667,1,8.14469,6.7225,1.42219,0.0764989,0.429902,1764,0,0,0,0,0.001,0,0,0,0,0,0,0,0,0,0,0,0,0,0,0,0,0,0,0,0,0,0,0,0,0,0,0,0,0,0,0,0,0,0,0,0,25.8536,63.4853,31.2456,651.713,680.041,0,0.937754,-0.346635,0.0214825,0.999963,0.490513,0.061258,0.785714,0.88,781.729,959.552,1378.61,2037.75,232.024,651.001,1318.79,267.403,3190.21,115.528,81.8132,-1.69129,-1.29237,1.27118,1.08598,0,0,0,0,0,0,0,80.4259,0,0.979592,0,0,255.202,733.006,0,0,779.594,3026.43,0
1691509892259351809,1513,1509,3,0.997356,27.4087,46.4935,66.4865,80.5914,172.417,-7.06981,274.225,502.19,904.08,1246.13,892.714,3563.86,8494.94,17972,1091.53,1277.39,2390.56,559.084,546.762,265.553,142853,5140.06,7859.49,7.16726,7.04374,0,0,0.0359815,0,25.225,53.1159,93.0619,1415,1598.68,4674.41,0.0470921,0.0050929,11,10,14,0.583333,1,7.91657,6.62029,1.29627,0.0439684,0.570055,1509,0,0,0,0,0.001,0,0,0,0,0,0,0,0,0,0,0,0,0,0,0,0,0,0,0,0,0,0,0,0,0,0,0,0,0,0,0,0,0,0,0,0,27.4087,66.4865,30.0321,619.778,664.19,0,0.937607,-0.347073,0.0208199,1,0.0462924,0.210502,0.724138,0.84,830.937,1029.16,1525.64,2037.78,236.896,673.405,1495.73,262.718,2863.58,110.481,84.5532,-1.33506,-1.30905,0.698839,1.24203,0,0,0,0,0,0,0,80.5914,0,0.981445,0,0,274.225,904.08,0,0,892.714,3563.86,0
1691509892356843889,1623,1616,7,0.995687,28.0916,45.772,63.5678,75.1749,176.112,-4.677,275.955,509.273,876.913,1233.28,870.161,3240.47,8123.78,17035.2,1279.31,1098.42,2366.55,531.437,582.683,286.753,157101,5034.26,7696.96,6.96382,7.30858,0,0,0.0320447,0,30.8708,69.8546,94.4234,1296.28,1620.46,4585.06,0.00085933,0.000188243,4,4,8,0.666667,1,7.93375,6.63895,1.2948,0.0317063,0.0968651,1616,0,0,0,0,0.001,0,0,0,0,0,0,0,0,0,0,0,0,0,0,0,0,0,0,0,0,0,0,0,0,0,0,0,0,0,0,0,0,0,0,0,0,28.0916,63.5678,28.4959,634.836,710.668,0,0.934815,-0.354459,0.0219044,0.999968,0.456679,0.280748,0.834862,0.91,819.587,1020.91,1527.81,2039.07,237.902,659.455,1497.01,279.799,2681.6,130.544,77.1891,-3.16605,-0.0379806,0.523706,0.556666,0,0,0,0,0,0,0,75.1749,0,0.990099,0,0,275.955,876.913,0,0,870.161,3240.47,0
1691509892455014121,1611,1608,3,0.998138,24.6539,43.5463,67.3855,81.0952,177.265,-4.49144,272.681,525.263,948.03,1233.11,900.39,3408.54,8496.26,16457.5,1385.91,1010.59,2686.49,531.779,633.531,281.509,166453,5350.38,8283.19,8.98624,8.73815,0,0,0.0321436,0,26.0967,107.3,143.015,1473.87,1672.36,4860.54,0.00563941,0.000885854,6,5,12,0.705882,1,7.35928,6.0929,1.26638,0.0291423,0.359822,1608,0,0,0,0,0.001,0,0,0,0,0,0,0,0,0,0,0,0,0,0,0,0,0,0,0,0,0,0,0,0,0,0,0,0,0,0,0,0,0,0,0,0,24.6539,67.3855,32.9512,667.695,735.353,0,0.937843,-0.346457,0.0204333,0.999962,0.497418,0.0533497,0.754386,0.86,829.277,1021.79,1639.57,2675.51,230.609,649.107,1542.13,273.497,2941.1,142.427,127.823,-2.97378,-1.19324,0.900355,1.30842,0,0,0,0,0,0,0,81.0952,0,0.983209,0,0,272.681,948.03,0,0,900.39,3408.54,0
1691509892553869081,1440,1433,6,0.995139,25.3828,42.5738,63.6023,77.9203,170.024,0.259934,245.743,520.319,942.442,1248.44,805.278,3728.64,8953.62,22294.9,1469.91,1003.79,2727.4,434.346,631.144,260.754,158912,5498.18,8495.44,7.43061,5.98945,0,0,0.0345989,0,25.1709,88.2893,99.6596,1283.54,2072.39,4926.39,0.000167653,4.70863e-05,3,3,8,0.727273,1,6.56037,5.44737,1.113,0.0334221,0.24392,1433,0,0,0,0,0.001,0,0,0,0,0,0,0,0,0,0,0,0,0,0,0,0,0,0,0,0,0,0,0,0,0,0,0,0,0,0,0,0,0,0,0,0,25.3828,63.6023,28.5852,663.747,711.668,0,0.934661,-0.354845,0.0222189,0.999958,0.52412,0.190625,0.769912,0.87,823.542,1023.69,1676.41,2660.14,233.256,651.993,1590.76,254.524,2740.47,108.655,93.5438,-3.31566,-0.910294,-0.195679,0.680437,0,0,0,0,0,0,0,77.9203,0,0.98395,0,0,245.743,942.442,0,0,805.278,3728.64,0
1691509892654304651,1194,1185,8,0.992462,26.4936,44.1575,65.53,78.8319,152.485,-10.2945,239.313,484.925,883.501,1161.93,829.085,3532.5,8429.67,13647.8,1336.5,1128.58,2701.34,359.105,627.375,282.416,144734,4097.92,6033.01,4.47708,3.9202,0,0,0.0283135,0,20.2922,55.7873,64.9895,766.003,1325.88,3800.06,0.00389839,0.000430777,10,10,12,0.545455,1,5.69283,4.74774,0.945092,0.0590798,0.172604,1185,0,0,0,0,0.001,0,0,0,0,0,0,0,0,0,0,0,0,0,0,0,0,0,0,0,0,0,0,0,0,0,0,0,0,0,0,0,0,0,0,0,0,26.4936,65.53,28.692,593.202,664.105,0,0.934647,-0.354933,0.0213844,1,0.0480852,0.102607,0.652893,0.79,790.99,943.093,1635.73,2659.95,229.417,640.085,1510.82,220.603,2462.14,68.2961,60.2012,-2.12912,-0.360607,0.553205,0.319826,0,0,0,0,0,0,0,78.8319,0,0.982278,0,0,239.313,883.501,0,0,829.085,3532.5,0
1691509892756407349,1203,1197,6,0.995012,27.7345,44.088,61.4834,77.2273,162.542,-9.09423,263.9,504.762,863.396,1201.8,879.925,3725.41,9343.98,17526.7,1118.88,1623.47,2730.17,385.903,632.651,336.763,140543,4788.12,7111.61,9.11135,4.70265,0,0,0.0340687,0,20.9246,60.1243,67.0595,773.141,1838.3,4352.06,0.00206276,0.000337229,3,3,8,0.727273,1,6.73154,5.75887,0.972672,0.0137631,0.245619,1197,0,0,0,0,0.001,0,0,0,0,0,0,0,0,0,0,0,0,0,0,0,0,0,0,0,0,0,0,0,0,0,0,0,0,0,0,0,0,0,0,0,0,27.7345,61.4834,28.344,564.785,660.871,0,0.93613,-0.350914,0.0228081,0.99999,0.258641,0.0697263,0.438849,0.61,729.378,914.181,1660.81,2244.57,223.65,619.1,1501.08,233.037,2406.05,71.7583,65.651,-1.94558,0.17713,0.0280136,-0.170663,0,0,0,0,0,0,0,77.2273,0,0.981621,0,0,263.9,863.396,0,0,879.925,3725.41,0
1691509892859177421,1292,1290,2,0.998452,27.8079,45.9659,62.8191,75.4211,164.542,-7.35955,261.882,491.741,811.55,1126.57,879.221,3515.28,9500,13928.1,936.003,1785.92,2243.7,436.355,539.465,359.836,139802,4726.47,7111.05,6.26234,5.93613,0,0,0.0338084,0,24.0401,61.7039,84.6132,488.045,2428.98,4023.67,0.00201243,0.000598288,5,5,11,0.6875,1,7.89241,6.8759,1.01651,0.0320517,0.181613,1290,0,0,0,0,0.001,0,0,0,0,0,0,0,0,0,0,0,0,0,0,0,0,0,0,0,0,0,0,0,0,0,0,0,0,0,0,0,0,0,0,0,0,27.8079,62.8191,28.8763,582.868,631.256,0,0.935538,-0.352543,0.0219413,0.999998,0.111033,0.298515,0.574803,0.73,730.866,911.669,1689.51,2663.39,232.058,635.21,1613.86,253.242,2613.84,74.9051,95.4223,-2.56382,-0.191719,-0.216352,0.288358,0,0,0,0,0,0,0,75.4211,0,0.986047,0,0,261.882,811.55,0,0,879.221,3515.28,0
1691509892962502276,1577,1576,0,0.999366,29.7424,48.2725,64.1342,75.3081,163.627,-10.0372,272.371,504.34,831.754,1115.95,865.291,3429.79,10431.7,17186.4,1224.3,1565.83,2167.94,470.675,506.236,339.309,148931,6320.02,9781.82,4.60983,3.54142,0,0,0.0424359,0,26.426,84.1869,109.848,801.832,3703.32,5056.21,0.00017425,3.93813e-05,8,7,10,0.588235,1,8.18604,6.87998,1.30606,0.027263,0.322435,1576,0,0,0,0,0.001,0,0,0,0,0,0,0,0,0,0,0,0,0,0,0,0,0,0,0,0,0,0,0,0,0,0,0,0,0,0,0,0,0,0,0,0,29.7424,64.1342,25.7964,598.54,665.664,0,0.935992,-0.351243,0.0234173,0.999998,0.115656,0.311829,0.574803,0.73,772.284,939.079,1654.4,2244.73,224.949,653.556,1559.31,248.185,2616.49,115.404,88.9455,-0.282283,-0.827184,0.24353,0.735544,0,0,0,0,0,0,0,75.3081,0,0.989848,0,0,272.371,831.754,0,0,865.291,3429.79,0
1691509893067390177,1653,1650,2,0.998185,29.4858,46.5643,63.4701,73.5102,154.944,-14.3917,262.593,491.418,811.05,1078.06,853.223,3539.71,9418.52,16910.4,1513.95,1752.04,2130.3,458.861,499.409,333.415,155679,6373.36,9710.2,4.2642,4.84472,0,0,0.0409392,0,26.1651,81.9655,114.688,654.794,3653.7,5178.88,0.0541764,0.00310757,8,7,11,0.611111,1,7.62595,6.36013,1.26582,0.0129146,0.422544,1650,0,0,0,0,0.001,0,0,0,0,0,0,0,0,0,0,0,0,0,0,0,0,0,0,0,0,0,0,0,0,0,0,0,0,0,0,0,0,0,0,0,0,29.4858,63.4701,24.4342,627.415,684.151,0,0.937164,-0.348144,0.0227949,0.999994,0.193153,0.0961325,0.709402,0.83,737.744,922.226,1652.28,2243.12,221.702,627.457,1536.75,236.957,2690.32,121.479,98.8828,-0.603938,-1.02145,0.550852,1.05927,0,0,0,0,0,0,0,73.5102,0,0.992727,0,0,262.593,811.05,0,0,853.223,3539.71,0
1691509893172206237,1269,1267,2,0.998424,30.9633,48.1135,64.4697,74.8982,128.987,-16.6795,255.343,463.234,772.416,1049.55,919.005,3801.81,9445.64,15618.2,1419.19,1913.7,2132.88,461.637,453.235,366.602,152985,5341.79,8011.91,3.33757,3.34294,0,0,0.0349171,0,19.4885,66.6909,94.0808,388.439,3143.03,4300.18,0.0333969,0.0037184,11,11,12,0.521739,1,7.57355,6.52179,1.05176,0.0276734,0.541254,1267,0,0,0,0,0.001,0,0,0,0,0,0,0,0,0,0,0,0,0,0,0,0,0,0,0,0,0,0,0,0,0,0,0,0,0,0,0,0,0,0,0,0,30.9633,64.4697,27.4563,642.906,705.638,0,0.93803,-0.345803,0.0228201,0.999997,0.143037,0.105787,0.6,0.75,823.422,947.79,1569.04,2243.12,222.451,664.519,1495.17,273.707,2624.68,100.438,79.7789,-0.192799,-0.2293,0.501099,0.214417,0,0,0,0,0,0,0,74.8982,0,0.992107,0,0,255.343,772.416,0,0,919.005,3801.81,0
1691509893275777388,1190,1188,1,0.998319,30.1115,49.8448,66.4702,78.1838,108.048,-21.2903,261.801,471.624,824.682,1062.29,1008.23,4074.28,9642.27,16456.9,1392.34,2090.35,2479.81,478.876,491.996,329.239,151286,5337.63,8049.07,10.6027,10.6537,0,0,0.0352818,0,7.77476,43.632,88.8947,449.315,3251.79,4207.67,0.0278918,0.00603978,9,8,14,0.636364,1,7.75956,6.74786,1.01169,0.0113296,0.288808,1188,0,0,0,0,0.001,0,0,0,0,0,0,0,0,0,0,0,0,0,0,0,0,0,0,0,0,0,0,0,0,0,0,0,0,0,0,0,0,0,0,0,0,30.1115,66.4702,24.7342,649.145,687.121,0,0.935339,-0.35295,0.0238211,0.99997,0.441294,0.23537,0.73913,0.85,851.21,965.112,1596.1,2245.93,224.121,701.748,1511.32,277.58,2750.72,100.342,65.2927,-0.0714568,-0.15617,-0.164255,0.18122,0,0,0,0,0,0,0,78.1838,0,0.994949,0,0,261.801,824.682,0,0,1008.23,4074.28,0
1691509893377119846,1361,1359,2,0.99853,28.0237,46.2506,65.443,79.354,114.182,-17.5993,264.008,525.029,853.521,1129.03,954.768,3967.41,8732.69,17788,1124.21,2007.26,2497.62,525.997,494.973,327.854,141270,5614.45,8617.41,19.661,3.12068,0,0,0.0397426,0,14.7932,45.4814,113.858,675.721,3219.43,4548.13,0.00116934,0.000223967,3,2,11,0.846154,1,7.46515,6.39705,1.0681,0.0225456,0.202709,1359,0,0,0,0,0.001,0,0,0,0,0,0,0,0,0,0,0,0,0,0,0,0,0,0,0,0,0,0,0,0,0,0,0,0,0,0,0,0,0,0,0,0,28.0237,65.443,26.7119,620.438,672.85,0,0.936132,-0.35095,0.0221666,0.999996,0.1555,0.227302,0.818182,0.9,850.194,978.697,1614.95,2242.52,227.542,716.178,1505.28,258.462,2532.43,130.412,73.7355,2.61974,-0.562498,0.033907,0.293323,0,0,0,0,0,0,0,79.354,0,0.993377,0,0,264.008,853.521,0,0,954.768,3967.41,0
1691509893476337130,1494,1492,2,0.998661,27.3319,47.2258,68.1824,79.806,154.54,-11.1918,257.799,541.539,879.822,1111.94,1022.48,3748.22,9025.34,16022.8,899.93,2121.92,2490.14,526.087,487.71,386.546,133617,5696,8773.36,6.75824,3.7176,0,0,0.0426295,0,18.6278,49.5292,142.157,742.475,3107.35,4713.23,0.000121643,2.29709e-05,3,3,8,0.727273,1,7.57754,6.31903,1.25851,0.0298206,0.322569,1492,0,0,0,0,0.001,0,0,0,0,0,0,0,0,0,0,0,0,0,0,0,0,0,0,0,0,0,0,0,0,0,0,0,0,0,0,0,0,0,0,0,0,27.3319,68.1824,29.2168,596.302,649.481,0,0.937041,-0.348519,0.0221203,0.999997,0.148713,0.0954439,0.818182,0.9,857.015,1026.68,1668.4,2241.87,230.475,740.926,1552.63,236.035,2404.78,162.691,94.6753,0.378258,-0.494075,-0.0949377,0.746572,0,0,0,0,0,0,0,79.806,0,0.985255,0,0,257.799,879.822,0,0,1022.48,3748.22,0
1691509893573801581,1630,1625,5,0.996933,29.6261,50.9205,74.2528,92.286,172.891,-4.62489,273.669,562.164,883.143,1098.39,1023.81,3625.45,8642.66,15476.6,949.736,2010.88,2370.95,561.64,452.424,452.239,137530,5839.45,8996.84,48.1067,3.02302,0,0,0.0424596,0,20.492,63.4563,165.8,773.499,3070.32,4903.28,0.000106911,1.91494e-05,2,2,8,0.8,1,7.66508,6.01227,1.65281,0.0185602,0.176498,1625,0,0,0,0,0.001,0,0,0,0,0,0,0,0,0,0,0,0,0,0,0,0,0,0,0,0,0,0,0,0,0,0,0,0,0,0,0,0,0,0.000615385,24.3271,24.3271,29.6265,74.2741,27.8914,613.306,651.803,0,0.937038,-0.34835,0.0247402,0.999997,0.150418,0.192187,0.834862,0.91,862.938,1033.68,1670.22,2245.3,230.313,737.899,1565.61,240.801,2354.17,193.327,122.122,2.07827,-1.54134,-0.527351,0.731871,0,0,0,0,0,0.000613497,24.3271,92.293,1,0.967365,229.777,229.777,274.055,883.248,327.185,327.185,1024.64,3628.96,1.18986e-05
1691509893670353466,1565,1563,2,0.998722,25.6622,46.3981,68.6436,84.8774,165.348,2.57349,280.864,573.16,924.171,1095.43,910.189,3174.74,8088.5,14514.7,1078.04,1830.77,2077.38,577.708,391.695,505.068,140861,4599.41,7175.74,1.94444,1.92907,0,0,0.032652,0,27.3568,68.6457,164.352,735.022,2228.96,3951.4,0.127376,0.000871603,9,8,11,0.578947,1,7.08827,5.70618,1.38209,0.0341437,0.340041,1563,0,0,0,0,0.001,0,0,0,0,0,0,0,0,0,0,0,0,0,0,0,0,0,0,0,0,0,0,0,0,0,0,0,0,0,0,0,0,0,0.000639795,7.50331,7.50331,25.678,68.6439,26.8198,612.251,651.93,0,0.937762,-0.346217,0.0271385,0.999995,0.188525,0.0308097,0.769912,0.87,852.233,1014.14,1675.25,2249.02,231.111,732.869,1600.18,223.753,2210.74,193.313,136.068,-0.890673,-0.484016,0.823986,0.485798,0,0,0,0,0,0.000638978,7.50331,84.8783,1,0.975672,335.905,335.905,280.804,924.266,506.528,506.528,910.233,3175,3.57553e-05
1691509893767584242,1663,1661,2,0.998797,24.7718,43.2343,64.0563,85.0054,173.101,4.38463,258.768,539.637,939.587,1142.4,765.998,2968.6,6439.03,13689.3,1179.47,1414.38,2002.71,539.788,375.53,530.408,140606,3695.34,5828.54,7.3098,3.8431,0,0,0.0262815,0,24.2897,78.1918,158.409,637.099,1736.36,3194.19,0.000334429,6.75421e-05,3,3,8,0.727273,1,6.68277,5.29548,1.38729,0.0212297,0.100073,1661,0,0,0,0,0.001,0,0,0,0,0,0,0,0,0,0,0,0,0,0,0,0,0,0,0,0,0,0,0,0,0,0,0,0,0,0,0,0,0,0,0,0,24.7718,64.0563,22.2009,607.781,676.018,0,0.935888,-0.351264,0.0269636,0.999985,0.308643,0.153225,0.785714,0.88,850.639,1025.12,1525.75,2242.91,220.319,722.352,1467.95,192.042,2270.76,202.546,151.387,-0.0998759,-0.0662521,-0.0446841,0.120624,0,0,0,0,0,0,0,85.0054,0,0.968694,0,0,258.768,939.587,0,0,765.998,2968.6,0
1691509893864234363,1667,1665,2,0.9988,21.0025,38.6608,61.7605,80.7807,167.902,-2.28409,233.524,512.935,845.669,1035.41,667.672,2396.15,6160.63,17172.6,1099.4,934.271,1474.79,552.762,271.243,500.177,148149,2681.89,4507.26,12.068,3.72762,0,0,0.0181027,0,23.9582,116.293,129.972,757.207,1223.4,2256.43,0.000133069,3.00264e-05,3,3,8,0.727273,1,5.17323,4.0185,1.15474,0.0279851,0.318941,1665,0,0,0,0,0.001,0,0,0,0,0,0,0,0,0,0,0,0,0,0,0,0,0,0,0,0,0,0,0,0,0,0,0,0,0,0,0,0,0,0,0,0,21.0025,61.7605,22.0255,594.266,674.708,0,0.933404,-0.3578,0.0271478,0.999976,0.400773,0.0126256,0.652893,0.79,827.235,992.04,1618.54,2653.58,220.841,689.124,1487.44,181.818,2196.19,188.884,136.934,-0.848451,-0.31634,-0.85613,0.0418797,0,0,0,0,0,0,0,80.7807,0,0.982583,0,0,233.524,845.669,0,0,667.672,2396.15,0
1691509893962081277,1789,1782,7,0.996087,20.1331,36.9809,60.3927,79.1512,156.634,-1.88285,254.935,545.574,914.358,1135.88,710.183,2523.77,6616.85,18271.6,1232.91,1025.99,1455.62,544.068,362.371,550.644,146671,3286.62,5381.44,20.3095,2.07023,0,0,0.0224082,0,28.2937,113.267,155.313,841.148,1396,2847.42,8.90788e-05,7.8431e-06,3,3,8,0.727273,1,7.00837,5.76956,1.23882,0.0359984,0.100699,1782,0,0,0,0,0.001,0,0,0,0,0,0,0,0,0,0,0,0,0,0,0,0,0,0,0,0,0,0,0,0,0,0,0,0,0,0,0,0,0,0,0,0,20.1331,60.3927,26.6991,596.074,693.227,0,0.934786,-0.354263,0.0259552,0.999992,0.228057,0.0093678,0.639344,0.78,804.88,973.247,1527.05,2183.51,221.335,677.155,1431.67,153.498,2221.87,201.711,172.812,-0.0703444,0.256891,-0.946035,-0.104678,0,0,0,0,0,0,0,79.1512,0,0.977553,0,0,254.935,914.358,0,0,710.183,2523.77,0
1691509894058899269,1608,1604,2,0.997512,23.6263,42.7773,71.1014,93.2287,162.925,3.46036,256.359,531.062,858.569,1090.62,731.379,2545.61,6004.83,10263.9,1130.8,1345.93,1512.3,513.387,371.687,519.029,153679,2534.76,4383.99,4.20785,3.29921,0,0,0.0164939,0,20.0411,57.8426,139.912,947.197,1207.32,2011.68,0.000507413,7.41525e-05,4,4,8,0.666667,1,4.82286,3.37414,1.44872,0.0295269,0.436242,1604,0,0,0,0,0.001,0,0,0,0,0,0,0,0,0,0,0,0,0,0,0,0,0,0,0,0,0,0,0,0,0,0,0,0,0,0,0,0,0,0,0,0,23.6263,71.1014,27.3682,597.053,685.579,0,0.93511,-0.353449,0.0253448,0.999999,0.0611736,0.036932,0.666667,0.8,819.697,984.282,1488.09,2099.65,221.516,689.747,1369.4,141.873,2194.83,166.091,130.027,-0.0330643,-0.659511,0.287456,0.495689,0,0,0,0,0,0,0,93.2287,0,0.963217,0,0,256.359,858.569,0,0,731.379,2545.61,0
1691509894158581200,1818,1815,3,0.99835,22.9975,41.7288,64.2628,79.4123,164.105,3.14158,237.377,500.889,858.159,1028.95,751.091,2837,6030.3,14744.2,1098.27,1621.26,1562.57,456.701,404.924,520.645,148865,3521.23,6105.55,3.37077,4.27911,0,0,0.0236538,0,28.7448,74.4839,138.534,1200.91,2158.08,2504.81,0.000925846,0.000255249,4,4,8,0.666667,1,4.36749,2.96704,1.40044,0.0219255,0.161281,1815,0,0,0,0,0.001,0,0,0,0,0,0,0,0,0,0,0,0,0,0,0,0,0,0,0,0,0,0,0,0,0,0,0,0,0,0,0,0,0,0,0,0,22.9975,64.2628,20.7622,550.357,718.881,0,0.932154,-0.361087,0.0265537,0.999966,0.474309,0.0832769,0.6,0.75,815.161,971.015,1443.28,2066.75,217.721,700.765,1414.95,107.643,2332.31,147.053,148.362,-0.498131,0.642559,0.0129939,-0.724932,0,0,0,0,0,0,0,79.4123,0,0.975758,0,0,237.377,858.159,0,0,751.091,2837,0
1691509894259168640,1872,1871,0,0.999466,25.5684,47.4018,68.6274,83.7352,157.743,1.82015,223.607,480.185,841.477,1032.9,783.582,3222.31,6117.88,11089.2,974.721,1711.02,1750.17,440.94,430.107,459.244,145029,3984.64,6594.35,3.59461,2.76043,0,0,0.0274748,0,24.4515,40.3275,135.177,959.673,2427.7,3007.02,0.000639956,0.000156178,9,8,13,0.619048,1,5.05158,3.38376,1.66782,0.0320174,0.344722,1871,0,0,0,0,0.001,0,0,0,0,0,0,0,0,0,0,0,0,0,0,0,0,0,0,0,0,0,0,0,0,0,0,0,0,0,0,0,0,0,0,0,0,25.5684,68.6274,27.6754,542.885,728.439,0,0.933828,-0.356779,0.0259769,0.999989,0.266842,0.0291137,0.680672,0.81,830.396,988.861,1448.09,2052.65,213.215,704.372,1400.68,89.8096,2425.7,140.086,131.364,-1.14724,0.470461,-0.118217,-0.431431,0,0,0,0,0,0,0,83.7352,0,0.975414,0,0,223.607,841.477,0,0,783.582,3222.31,0
1691509894359668461,1624,1623,1,0.999384,27.4997,48.7506,66.4648,79.4186,155.849,-4.43494,219.927,466.355,827.508,1038.58,827.43,3380.82,7732.43,15192,926.127,2027.71,1859.81,395.095,452.061,447.371,145747,4950.81,7701.87,9.42367,4.96875,0,0,0.0339684,0,20.0486,52.1541,108.904,838.118,2485.69,4196.95,0.000122711,3.15209e-05,3,3,8,0.727273,1,3.49326,2.10936,1.3839,0.0298963,0.283279,1623,0,0,0,0,0.001,0,0,0,0,0,0,0,0,0,0,0,0,0,0,0,0,0,0,0,0,0,0,0,0,0,0,0,0,0,0,0,0,0,0,0,0,27.4997,66.4648,25.3279,545.538,725.134,0,0.930393,-0.365386,0.0293478,0.999951,0.565006,0.0140129,0.666667,0.8,838.283,995.811,1430.62,2056.6,222.508,719.579,1397.28,74.8515,2482.58,109.027,107.635,-0.657731,0.832549,0.481478,-0.931085,0,0,0,0,0,0,0,79.4186,0,0.98398,0,0,219.927,827.508,0,0,827.43,3380.82,0
1691509894461900250,1395,1391,4,0.997133,31.147,52.7628,71.5594,82.7042,156.079,-7.72529,226.599,480.652,807.962,1014.11,875.47,3675.96,8752.21,17267.4,948.598,2081.16,2290.33,380.576,526.389,412.237,136967,5047.08,7967.66,10.0008,8.38282,0,0,0.0368488,0,21.7306,48.5722,84.3203,801.957,3157.48,3853.61,0.00012443,0.000182316,4,4,8,0.666667,1,5.55553,4.20088,1.35465,0.0302876,0.32062,1391,0,0,0,0,0.001,0,0,0,0,0,0,0,0,0,0,0,0,0,0,0,0,0,0,0,0,0,0,0,0,0,0,0,0,0,0,0,0,0,0,0,0,31.147,71.5594,30.0315,568.104,719.864,0,0.934495,-0.354687,0.0302629,0.999934,0.65861,0.0182099,0.694915,0.82,852.027,1000.77,1425.94,2055.32,222.446,732.575,1384.45,69.4263,2503.64,85.8629,76.8923,-0.786849,0.267435,0.169333,-0.234556,0,0,0,0,0,0,0,82.7042,0,0.983465,0,0,226.599,807.962,0,0,875.47,3675.96,0
1691509894563102079,1461,1455,5,0.995893,29.5061,52.5738,70.855,83.3714,153.027,-9.58707,222.387,446.649,730.574,970.59,844.344,3318.49,8608.14,13576.9,834.302,1771.66,2170.66,327.794,531.601,298.984,143409,4848.14,7359.96,3.36154,3.35292,0,0,0.0338063,0,16.1975,39.3342,76.5381,549.808,2669.7,4008.38,0.274978,0.0179991,9,9,12,0.571429,1,2.83773,1.44922,1.38851,0.0243885,0.297297,1455,0,0,0,0,0.001,0,0,0,0,0,0,0,0,0,0,0,0,0,0,0,0,0,0,0,0,0,0,0,0,0,0,0,0,0,0,0,0,0,0,0,0,29.5061,70.855,24.1166,535.024,712.86,0,0.928136,-0.370781,0.0329414,0.999847,1.00333,0.0393256,0.73913,0.85,842.808,993.95,1423.48,2061.07,209.93,726.286,1379.68,62.1817,2517.57,78.4497,60.908,-0.707366,0.483165,0.67685,-0.484358,0,0,0,0,0,0,0,83.3714,0,0.986942,0,0,222.387,730.574,0,0,844.344,3318.49,0
1691509894665616310,1445,1440,5,0.99654,29.6063,48.4467,68.7691,80.0211,149.485,-7.38269,221.367,438.378,746.585,988.792,790.301,3523.09,8374.84,13700.8,879.024,1476.66,2120.76,378.517,510.959,315.502,151628,4631.56,7134.33,33.9433,2.61661,0,0,0.0305456,0,18.5002,49.6513,88.8125,584.594,2619.68,3773.09,4.27053e-05,1.59017e-05,2,2,8,0.8,1,2.88245,1.58096,1.30149,0.00320046,0.220387,1440,0,0,0,0,0.001,0,0,0,0,0,0,0,0,0,0,0,0,0,0,0,0,0,0,0,0,0,0,0,0,0,0,0,0,0,0,0,0,0,0,0,0,29.6063,68.7691,14.6291,560.824,737.547,0,0.925399,-0.377647,0.0319408,0.999972,0.427345,0.0132909,0.724138,0.84,866.402,1008.81,1424.23,2060.81,219.04,735.348,1376.65,60.2636,2409.44,93.6371,54.7108,0.10081,0.159418,-0.0404073,-0.0766728,0,0,0,0,0,0,0,80.0211,0,0.977778,0,0,221.367,746.585,0,0,790.301,3523.09,0
1691509894766763794,1260,1256,4,0.996825,27.9795,50.8689,68.7368,83.2275,145.257,-0.564844,234.076,466.725,797.759,1015.69,968.391,3776.83,9825.88,12224.2,969.447,2145.74,2292.16,355.04,503.271,419.216,155139,5049.17,7470.77,4.14416,3.73483,0,0,0.0325461,0,22.9613,51.7589,72.772,633.36,2181.57,4508.34,0.00448812,0.00181589,5,4,9,0.692308,1,2.34145,1.16764,1.17381,0.0139257,0.175145,1256,0,0,0,0,0.001,0,0,0,0,0,0,0,0,0,0,0,0,0,0,0,0,0,0,0,0,0,0,0,0,0,0,0,0,0,0,0,0,0,0,0,0,27.9795,68.7368,16.3159,548.366,757.318,0,0.925999,-0.375987,0.034059,0.999996,0.158002,0.00869221,0.754386,0.86,849.938,991.898,1408.03,2063.86,207.345,731.199,1297.48,63.6385,2281.31,74.4555,70.2872,-0.0770704,0.0162518,-0.0723892,0.156591,0,0,0,0,0,0,0,83.2275,0,0.977707,0,0,234.076,797.759,0,0,968.391,3776.83,0
1691509894868240152,1437,1434,2,0.997912,24.2302,47.1838,66.3017,78.0058,149.714,-4.56297,215.952,438.565,749.262,933.769,806.431,3004.31,7906.31,19635.9,1057.5,1421.83,1833.6,337.026,441.776,420.237,138852,3787.71,6037.17,3.4842,2.52195,0,0,0.0272788,0,28.3906,61.2131,78.7851,658.932,2198.39,3011.46,0.00291619,0.000502132,6,6,10,0.625,1,5.62575,4.44211,1.18364,0.0386571,0.197598,1434,0,0,0,0,0.001,0,0,0,0,0,0,0,0,0,0,0,0,0,0,0,0,0,0,0,0,0,0,0,0,0,0,0,0,0,0,0,0,0,0,0,0,24.2302,66.3017,25.8452,548.447,721.708,0,0.931245,-0.36279,0.0341433,0.999899,0.813703,0.0214301,0.526718,0.69,787.947,933.46,1257.3,2062.34,202.718,668.431,1213.8,61.0875,2012.84,78.021,83.823,-0.575719,-0.6102,-0.141194,0.2341,0,0,0,0,0,0,0,78.0058,0,0.978382,0,0,215.952,749.262,0,0,806.431,3004.31,0
1691509894967481228,1551,1544,6,0.995487,22.2973,44.6621,67.0616,83.2895,153.816,-4.04541,203.51,404.377,745.965,987.517,632.536,2704.68,7376.62,18304,1024.26,1118,1611.01,350.573,410.2,437.842,145786,3395.57,5148.08,2.80279,3.04057,0,0,0.0232914,0,27.9382,53.7789,90.1992,637.945,1246.86,3091.35,0.0055317,0.00115372,6,5,13,0.722222,1,2.71334,1.4672,1.24614,0.0253027,0.439791,1544,0,0,0,0,0.001,0,0,0,0,0,0,0,0,0,0,0,0,0,0,0,0,0,0,0,0,0,0,0,0,0,0,0,0,0,0,0,0,0,0.000647668,1.28809,1.28809,22.3248,67.0752,21.934,541.105,701.961,0,0.927683,-0.371813,0.0340432,0.999953,0.555836,0.0349316,0.639344,0.78,782.775,926.489,1194.06,1803.8,193.149,666.735,1177.26,62.7555,2032.6,89.4899,97.4845,-0.336581,0.458654,-0.241974,-0.56921,0,0,0,0,0,0.000644745,1.28809,83.2941,1,0.978613,102.643,102.643,203.543,746.141,177.657,177.657,632.762,2705.67,6.13086e-06
1691509895068761615,1598,1589,7,0.994368,21.1554,40.2387,64.1964,82.8145,157.274,-4.05497,210.999,459.132,802.865,1004.57,664.624,2522.24,6815.88,26184.6,1079.59,817.882,1777.99,349.524,469.084,448.663,149469,3760.02,6124.68,6.99528,6.97038,0,0,0.0251558,0,32.3214,79.7515,102.888,877.599,1929.33,3102.78,0.017371,0.00405982,9,9,12,0.571429,1,3.40161,2.20117,1.20044,0.0177228,0.353336,1589,0,0,0,0,0.001,0,0,0,0,0,0,0,0,0,0,0,0,0,0,0,0,0,0,0,0,0,0,0,0,0,0,0,0,0,0,0,0,0,0,0,0,21.1554,64.1964,16.1028,561.282,720.616,0,0.925513,-0.377256,0.0332297,0.999982,0.338997,0.0116,0.538462,0.7,758.33,920.928,1215.4,1793.25,196.47,649.25,1196.31,60.7925,2118,106.095,106.236,-0.366371,0.696103,0.119113,-0.677305,0,0,0,0,0,0,0,82.8145,0,0.974827,0,0,210.999,802.865,0,0,664.624,2522.24,0
1691509895168156925,1733,1726,7,0.995961,22.5732,41.911,65.4324,79.9824,155.555,-3.63801,204.069,421.339,744.512,971.605,628.093,2355.25,5593.06,15710.4,957.931,686.997,1604.77,350.446,406.13,420.872,146786,2997.59,4607.03,5.86831,5.89218,0,0,0.0204215,0,30.8254,63.7517,93.7681,753.718,913.886,2751.08,0.125577,0.0190547,8,8,12,0.6,1,2.74923,1.41192,1.33731,0.0136848,0.257557,1726,0,0,0,0,0.001,0,0,0,0,0,0,0,0,0,0,0,0,0,0,0,0,0,0,0,0,0,0,0,0,0,0,0,0,0,0,0,0,0,0,0,0,22.5732,65.4324,21.482,541.794,723.724,0,0.927925,-0.370992,0.0363481,0.999973,0.42409,0.0174576,0.626016,0.77,718.143,896.629,1201.58,1748.9,192.166,617.68,1180.79,54.6364,2250.14,101.419,106.218,0.0875774,0.901781,-0.26509,-0.958432,0,0,0,0,0,0,0,79.9824,0,0.973349,0,0,204.069,744.512,0,0,628.093,2355.25,0
1691509895267256541,1724,1711,12,0.992459,20.8591,39.8897,61.9614,81.2482,143.034,-3.99386,201.424,426.15,749.577,972.835,688.315,2530.69,6671.03,20186.5,973.318,840.149,1745.71,350.18,415.29,418.406,141102,3869.55,5985.4,20.9178,3.76043,0,0,0.0274238,0,34.4267,63.9526,97.664,843.366,1469.01,3476.97,0.00013486,2.47286e-05,2,2,8,0.8,1,3.78813,2.50606,1.28207,0.0190834,0.0832876,1711,0,0,0,0,0.001,0,0,0,0,0,0,0,0,0,0,0,0,0,0,0,0,0,0,0,0,0,0,0,0,0,0,0,0,0,0,0,0,0,0,0,0,20.8591,61.9614,23.2676,534.699,707.034,0,0.92801,-0.370668,0.0374642,0.999999,0.0667675,0.0258994,0.652893,0.79,720.043,890.099,1158.87,1736.02,193.709,608.408,1154.88,55.3334,2411.98,106.432,98.6748,0.573103,-1.65732,-0.0273422,-0.584409,0,0,0,0,0,0,0,81.2482,0,0.969608,0,0,201.424,749.577,0,0,688.315,2530.69,0
1691509895366006726,1850,1837,13,0.992973,21.5283,39.0608,62.7892,74.4623,143.826,-3.57338,192.302,413.085,773.839,957.185,671.597,2745.73,7614.79,26483.3,943.823,1190.54,1985.01,348.601,452.331,334.033,136834,4842.81,7282.09,8.01021,8.0452,0,0,0.0353918,0,33.1183,41.468,92.9563,832.407,1913.11,4369.04,0.132921,0.021682,4,4,7,0.636364,1,2.51641,1.26964,1.24677,0.0109082,0.145316,1837,0,0,0,0,0.001,0,0,0,0,0,0,0,0,0,0,0,0,0,0,0,0,0,0,0,0,0,0,0,0,0,0,0,0,0,0,0,0,0,0,0,0,21.5283,62.7892,15.9197,511.613,676.467,0,0.924399,-0.379492,0.0383592,0.999954,0.54867,0.0162651,0.694915,0.82,692.623,871.772,1156.06,1768.15,196.38,600.572,1147.65,53.9183,2609.26,104.673,90.4178,0.00491408,0.330542,-0.0743408,-0.358898,0,0,0,0,0,0,0,74.4623,0,0.983669,0,0,192.302,773.839,0,0,671.597,2745.73,0
1691509895465685208,1731,1722,9,0.994801,21.7192,37.4468,55.0557,66.2144,131.065,0.333773,181.929,389.178,743.071,939.349,680.982,3156.71,8882.31,16519,923.788,1736.64,1865.07,331.867,462.695,360.327,136389,5487.37,8366.56,5.78809,5.52691,0,0,0.0402331,0,30.0023,54.2869,78.3867,885.39,2532.94,4785.55,0.0847305,0.0102339,4,4,7,0.636364,1,2.23278,1.24076,0.992017,0.0127839,0.37117,1722,0,0,0,0,0.001,0,0,0,0,0,0,0,0,0,0,0,0,0,0,0,0,0,0,0,0,0,0,0,0,0,0,0,0,0,0,0,0,0,0,0,0,21.7192,55.0557,16.0701,494.335,684.595,0,0.923988,-0.380674,0.0365253,0.999998,0.127212,0.0147607,0.626016,0.77,667.824,862.469,1148.84,1627.95,192.96,586.646,1107.42,46.4524,2723.35,84.4757,98.6771,-0.0710284,-0.0259789,0.144024,0.000989158,0,0,0,0,0,0,0,66.2144,0,0.991289,0,0,181.929,743.071,0,0,680.982,3156.71,0
1691509895565290815,1504,1499,5,0.996676,19.9126,36.2178,58.6791,73.5703,158.767,-3.92436,185.948,384.316,714.833,926.596,717.873,3277.76,9246.38,16220.1,925.097,1861.42,1999.64,293.782,465.206,350.918,140723,5508.81,8112.47,4.70803,3.37338,0,0,0.0391464,0,22.5048,32.8301,54.1853,847.821,2158.8,4996.33,0.0017077,0.000261338,7,7,11,0.611111,1,2.26466,1.34126,0.923397,0.0115134,0.183259,1499,0,0,0,0,0.001,0,0,0,0,0,0,0,0,0,0,0,0,0,0,0,0,0,0,0,0,0,0,0,0,0,0,0,0,0,0,0,0,0,0,0,0,19.9126,58.6791,14.497,512.215,684.288,0,0.922652,-0.383419,0.0412762,0.999984,0.323565,0.028542,0.587302,0.74,687.22,865.498,1158.36,1634.15,204.015,607.885,1108.34,55.3809,2800.43,55.042,77.2672,-0.348901,-0.277271,-0.307474,-0.0461422,0,0,0,0,0,0,0,73.5703,0,0.989326,0,0,185.948,714.833,0,0,717.873,3277.76,0
1691509895664711594,1350,1343,7,0.994815,22.5609,39.831,62.3435,77.2528,133.003,-7.10405,186.198,379.631,694.864,943.418,711.516,3310.52,9924.34,15839.9,1031.25,1515.33,2106.29,271.747,478.042,320.456,139410,4771.18,7160.22,3.99253,3.98726,0,0,0.034224,0,12.3237,32.9339,45.161,896.266,1882.34,4291.19,0.0595296,0.00471463,7,7,12,0.631579,1,2.84808,1.89973,0.948351,0.0250246,0.201329,1343,0,0,0,0,0.001,0,0,0,0,0,0,0,0,0,0,0,0,0,0,0,0,0,0,0,0,0,0,0,0,0,0,0,0,0,0,0,0,0,0,0,0,22.5609,62.3435,18.0077,501.507,687.485,0,0.925671,-0.376084,0.0411622,0.999969,0.454555,0.0140221,0.652893,0.79,714.007,849.829,1165.73,1633.92,204.611,614.78,1157.8,57.0964,2644.94,46.8538,64.0842,0.227755,0.758987,-0.102083,-0.76248,0,0,0,0,0,0,0,77.2528,0,0.981385,0,0,186.198,694.864,0,0,711.516,3310.52,0
1691509895763316399,1399,1370,26,0.979271,20.6722,37.985,59.5328,75.2423,142.438,-5.0257,186.893,353.095,677.699,924.037,656.196,2912.72,7937.35,17800.4,1034.38,1009.44,1733.65,291.553,471.686,275.934,139403,3929.71,6101.26,6.37689,7.18331,0,0,0.0281896,0,9.25718,37.8349,47.8343,937.279,1609.13,3459.92,0.00798008,0.00175741,5,5,8,0.615385,1,2.16923,1.27749,0.891744,0.0227638,0.261419,1370,0,0,0,0,0.001,0,0,0,0,0,0,0,0,0,0,0,0,0,0,0,0,0,0,0,0,0,0,0,0,0,0,0,0,0,0,0,0,0,0,0,0,20.6722,59.5328,11.6881,503.858,686.454,0,0.922152,-0.384583,0.0416179,0.999958,0.52772,0.0164289,0.626016,0.77,687.278,861.579,1227.19,1639.39,205.585,618.915,1162.24,55.1679,2703.32,52.0544,60.8395,0.362866,0.534238,-0.141537,-0.571173,0,0,0,0,0,0,0,75.2423,0,0.985401,0,0,186.893,677.699,0,0,656.196,2912.72,0
1691509895864678948,1458,1417,39,0.971879,22.2294,39.2161,60.1146,75.5861,119.207,-7.83717,182.701,367.09,739.709,988.554,674.237,2930.39,6470.72,17889.8,1404.99,838.747,1806.94,254.545,525.728,301.066,140897,2878.71,4781.53,10.2153,9.10387,0,0,0.0204313,0,8.71232,33.2347,49.4752,1024.84,1324.71,2340.56,0.000657371,8.32777e-05,3,3,8,0.727273,1,2.28233,1.35857,0.923756,0.0195999,0.335946,1417,0,0,0,0,0.001,0,0,0,0,0,0,0,0,0,0,0,0,0,0,0,0,0,0,0,0,0,0,0,0,0,0,0,0,0,0,0,0,0,0,0,0,22.2294,60.1146,17.3738,507.696,693.93,0,0.925194,-0.377279,0.0409409,0.999968,0.455026,0.0139094,0.5625,0.72,631.863,788.749,1158.7,1628.55,214.955,579.106,1091.93,47.902,2539.97,34.8772,77.2682,-0.212792,2.04659,-0.191962,-2.34351,0,0,0,0,0,0,0,75.5861,0,0.988709,0,0,182.701,739.709,0,0,674.237,2930.39,0
1691509895965376288,1258,1201,57,0.95469,29.1614,49.9383,72.435,84.794,143.566,-13.8082,190.936,369.563,676.426,941.896,666.645,2425.3,5734.47,9887.1,1162.82,661.617,1765.06,238.547,543.523,254.354,147266,2191.26,3327.22,9.5616,8.82537,0,0,0.0148796,0,6.12133,26.815,33.0715,508.287,763.229,1989.7,0.0315191,0.00426627,3,2,11,0.846154,1,2.33295,1.2202,1.11275,0.0205154,0.242425,1201,0,0,0,0,0.001,0,0,0,0,0,0,0,0,0,0,0,0,0,0,0,0,0,0,0,0,0,0,0,0,0,0,0,0,0,0,0,0,0,0,0,0,29.1614,72.435,14.1199,531.597,699.283,0,0.92238,-0.38401,0.041849,0.999973,0.421278,0.0102745,0.550388,0.71,654.556,795.659,1046.96,1383.37,222.014,582.651,1034.75,53.9075,2587.76,32.8008,50.8196,0.264998,1.80156,-0.15164,-1.80844,0,0,0,0,0,0,0,84.794,0,0.985012,0,0,190.936,676.426,0,0,666.645,2425.3,0
1691509896065793016,1336,1219,116,0.912425,21.8888,39.2588,66.7438,82.1048,144.373,-1.85067,215.773,431.443,776.473,1081.38,710.9,2753.34,7185.48,10244.2,1050.58,801.822,2203.11,262.092,606.42,241.015,143013,3143.47,4241.69,8.29875,8.46976,0,0,0.0219803,0,5.22728,13.302,39.0076,383.411,780.141,3020.6,0.0378507,0.00555754,3,3,7,0.7,1,2.23725,1.32553,0.911724,0.016529,0.183203,1219,0,0,0,0,0.001,0,0,0,0,0,0,0,0,0,0,0,0,0,0,0,0,0,0,0,0,0,0,0,0,0,0,0,0,0,0,0,0,0,0,0,0,21.8888,66.7438,12.0931,510.887,681.02,0,0.921805,-0.385603,0.0398216,0.999997,0.15136,0.00254499,0.538462,0.7,661.609,794.94,1072.12,1639.06,220.826,595.973,1054.63,70.3149,2626.24,40.0296,54.5726,0.0667342,1.3667,-0.0239374,-1.38202,0,0,0,0,0,0,0,82.1048,0,0.981132,0,0,215.773,776.473,0,0,710.9,2753.34,0
1691509896165543107,1450,1250,197,0.862069,24.6881,44.9559,68.5972,85.5758,138.841,-0.447815,212.363,395.745,737.395,1058.34,705.385,3388.51,8363.34,11139.6,794.945,938.575,2860.57,265.089,619.663,208.771,142867,4369.76,5535.4,9.02378,11.1406,0,0,0.0305862,0,2.93547,12.2712,35.8037,267.669,962.963,4253.76,0.000300486,7.39439e-05,2,2,8,0.8,1,2.59662,1.56455,1.03207,0.0140409,0.132857,1250,0,0,0,0,0.001,0,0,0,0,0,0,0,0,0,0,0,0,0,0,0,0,0,0,0,0,0,0,0,0,0,0,0,0,0,0,0,0,0,0,0,0,24.6881,68.5972,11.6677,477.386,658.946,0,0.922759,-0.382894,0.0436872,0.999988,0.275937,0.0142678,0.6,0.75,651.153,820.95,1216.6,1641.99,230.711,600.355,1203.04,80.6425,2574.39,35.5492,39.1603,1.05794,1.62864,0.194811,-1.16266,0,0,0,0,0,0,0,85.5758,0,0.9824,0,0,212.363,737.395,0,0,705.385,3388.51,0
1691509896266317581,1668,1032,632,0.618705,27.7156,48.4442,68.694,81.7976,159.767,-1.43667,203.156,389.665,709.295,1031.02,656.666,3504.8,9765.54,14311.7,576.234,863.191,3150.3,261.569,578.009,208.829,136895,4549.21,5690.58,5.53069,5.49975,0,0,0.0332313,0,7.18604,13.773,26.8885,170.237,1049.35,4423.15,0.0382483,0.00607591,9,8,13,0.619048,1,2.64868,1.74996,0.898726,0.0601613,0.291351,1032,0,0,0,0,0.001,0,0,0,0,0,0,0,0,0,0,0,0,0,0,0,0,0,0,0,0,0,0,0,0,0,0,0,0,0,0,0,0,0,0.0300388,6.50255,23.8629,28.4897,68.9382,19.7538,452.618,621.628,0,0.925094,-0.377015,0.0453961,0.999979,0.375448,0.0130103,0.481481,0.65,653.742,765.473,1159.89,1609.57,235.501,618.775,1140.69,78.9977,2266.9,27.2062,36.6102,0.202085,0.302857,-0.0297613,-0.148004,0,0,0,0,0,0.0227818,77.5197,81.3194,0.935484,0.989011,201.211,525.254,203.765,716.642,287.768,710.712,670.442,3558.81,0.000929258
1691509896366913602,2293,1064,1225,0.464021,21.1561,40.3078,66.1406,80.5251,138.938,1.08343,242.762,411.042,649.216,837.433,616.537,2137.04,8894.09,14433.2,583.833,594.538,1753.19,383.297,472.151,215.43,139322,3580.54,4176.51,3.06353,2.94633,0,0,0.0256999,0,9.7912,29.1587,56.6681,151.036,372.528,3557.32,0.00421389,0.000647483,8,7,13,0.65,1,2.16704,1.38187,0.785165,0.0144034,0.279297,1064,0,0,0,0,0.001,0,0,0,0,0,0,0,0,0,0,0,0,0,0,0,0,0,0,0,0,0,0,0,0,0,0,0,0,0,0,0,0,0,0.105263,7.72367,24.2565,23.7542,69.1153,11.9133,459.912,621.174,0,0.922647,-0.383106,0.0441741,0.999978,0.382577,0.0122901,0.398601,0.57,759.709,917.732,1201.64,1617.66,243.321,700.936,1184.06,91.5757,2214.37,58.4168,20.7282,0.730203,-0.370403,0.467554,0.104323,0,0,0,0,0,0.118186,33.9308,83.0889,1,0.980042,251.05,587.065,241.83,652.665,376.139,873.104,656.603,2376.76,0.00673585
1691509896467769095,2747,1203,1539,0.437932,18.3697,36.5639,63.3266,79.2026,178.506,8.1431,329.476,566.049,828.838,1057.85,813.737,2227.89,6704.79,45937.3,858.671,932.251,1438.82,550.909,489.402,391.75,136979,3515.17,5605.33,2.77945,3.34812,0,0,0.0256621,0,36.2388,65.1197,326.221,489.032,1632.58,3056.14,0.000270087,2.44092e-05,4,4,8,0.666667,1,2.123,1.328,0.794995,0.0186239,0.242339,1203,0,0,0,0,0.001,0,0,0,0,0,0,0,0,0,0,0,0,0,0,0,0,0,0,0,0,0,0,0,0,0,0,0,0,0,0,0,0,0,0.118869,9.90617,27.2324,20.7294,66.4398,14.7139,474.982,580.304,0,0.925551,-0.37618,0.0429335,0.999971,0.436128,0.0290646,0.360544,0.53,916.585,1172.95,1492,1899.37,258.288,834.441,1477.21,96.6896,2086.86,1198.87,65.9176,1.28194,-0.518362,-1.56627,0.316959,0,0,0,0,0,0.165999,31.7777,80.4653,0.993007,0.984906,367.612,863.73,325.254,825.832,535.224,1193.13,857.49,2384.68,0.407394
1691509896567385216,2916,1282,1619,0.439643,21.0858,38.2691,61.5874,76.6901,131.336,11.6023,363.064,642.048,943.097,1193.42,966.365,2708,5608.5,15660.7,1060.23,1531.49,1577.88,611.662,545.875,502.847,126052,2744.09,4239.3,3.90798,3.91116,0,0,0.0217695,0,24.4088,70.3454,171.504,273.491,1312.7,2386.85,0.0450394,0.00513266,6,5,11,0.6875,1,2.30625,1.46448,0.841769,0.0160767,0.381622,1282,0,0,0,0,0.001,0,0,0,0,0,0,0,0,0,0,0,0,0,0,0,0,0,0,0,0,0,0,0,0,0,0,0,0,0,0,0,0,0,0.0842434,11.3614,26.9337,22.2537,63.8767,15.4668,442.137,563.396,0,0.922026,-0.384075,0.0485132,0.999947,0.589581,0.0412561,0.388889,0.56,1020.25,1221.61,1654.25,2514.67,277.672,927.422,1639.84,78.7839,2318.35,176.724,118.215,-0.632065,0.766536,0.578024,-0.98737,0,0,0,0,0,0.113855,38.5698,77.8969,0.990741,0.983816,355.69,1009.2,364.105,935.132,505.228,1430.5,1016.66,2827.05,0.0191876
1691509896666761218,2964,1474,1470,0.497301,19.6757,36.1436,54.7496,66.2785,126.707,8.18638,367.032,637.834,989.977,1215.34,1153.81,3532.07,7131.38,17285.8,936.084,1957.15,2416.68,592.803,587.098,500.681,121186,4985.78,7362.11,2.02074,4.26025,0,0,0.0411416,0,27.473,52.935,208.821,307.541,2425.77,4339.57,3.13235e-05,7.30002e-06,8,8,9,0.529412,1,2.61717,1.81423,0.802933,0.0125764,0.165282,1474,0,0,0,0,0.001,0,0,0,0,0,0,0,0,0,0,0,0,0,0,0,0,0,0,0,0,0,0,0,0,0,0,0,0,0,0,0,0,0,0.0746269,11.9463,28.1378,20.7512,55.8093,14.943,409.689,531.368,0,0.920308,-0.388684,0.0442555,0.999979,0.372746,0.00830598,0.388889,0.56,956.293,1159,1588.66,2560.42,288.785,918.13,1593.25,93.66,2448.74,221.698,130.138,0.146546,0.667927,0.622748,-0.671443,0,0,0,0,0,0.120783,39.4779,67.5152,1,0.98827,225.976,1017.42,380.907,985.691,324.267,1409.38,1230.68,3612.83,0.0140928
1691509896767417362,2607,1653,928,0.634062,18.0916,34.7331,53.9326,67.1958,168.642,2.07831,367.642,602.51,1013.46,1300.26,1253.85,4152.35,8711.25,11913.8,798.075,2196.02,2964.07,569.28,627.161,480.703,121698,7525.85,10884.8,5.8854,4.43248,0,0,0.0618404,0,46.0689,60.2518,244.197,392.46,3491.17,6650.62,0.001084,0.000290668,4,3,9,0.75,1,2.68457,1.78144,0.903127,0.0157638,0.271285,1653,0,0,0,0,0.001,0,0,0,0,0,0,0,0,0,0,0,0,0,0,0,0,0,0,0,0,0,0,0,0,0,0,0,0,0,0,0,0,0,0.0241984,9.44595,29.7494,18.3301,54.3401,12.9068,392.743,513.35,0,0.918658,-0.391104,0.05573,0.99993,0.678526,0.0291342,0.481481,0.65,913.053,1091.39,1632.95,2144.9,316.664,882.653,1668.24,97.4785,2197.6,249.543,137.876,1.05869,-0.523833,0.0219245,0.295781,0,0,0,0,0,0.023015,44.2348,67.4286,0.975,0.989461,260.806,1107.27,372.528,1009.21,356.606,1473.16,1270.81,4159.46,0.00842575
1691509896866664332,1974,1517,447,0.76849,20.9798,39.6326,59.733,71.5944,145.663,-3.37457,351.319,587.98,942.039,1333.63,1294.75,4678.83,12069.8,30670.2,830.365,2302.6,3433.47,532.331,667.028,451.084,122421,11199.6,15572.1,14.0834,3.45236,0,0,0.0914836,0,26.5875,30.8699,241.868,388.736,4753.94,10130.1,0.000109056,2.63754e-05,2,2,8,0.8,1,2.4909,1.5333,0.957597,0.0122647,0.191414,1517,0,0,0,0,0.001,0,0,0,0,0,0,0,0,0,0,0,0,0,0,0,0,0,0,0,0,0,0,0,0,0,0,0,0,0,0,0,0,0,0.0349374,17.7544,48.1087,21.179,59.9568,20.2419,387.563,534.195,0,0.918211,-0.39196,0.0570597,0.999999,0.0941633,0.0493859,0.538462,0.7,875.942,1085.36,1702.46,2221.47,293.461,848.986,1747.42,119.47,2188.37,429.818,110.127,-0.0593072,-1.67759,0.117511,0.0830537,0,0,0,0,0,0.0587639,57.977,71.9052,1,0.990437,301.208,832.211,351.707,949.98,441.152,1127.21,1338.41,4735.94,0.00135231
1691509896966651820,1517,1295,215,0.853659,25.8947,45.8099,67.8506,78.328,124.377,-5.54033,331.856,584.631,977.361,1298.2,1300.45,4475.84,11605,17514.5,787.855,2075.99,3408.32,531.506,586.3,437.416,119733,9607.3,12709.3,3.99094,3.86091,0,0,0.0802396,0,19.0317,38.1302,146.491,278.901,3159.4,9067.38,0.0668652,0.00479171,5,5,9,0.642857,1,2.62262,1.60759,1.01503,0.0115774,0.177908,1295,0,0,0,0,0.001,0,0,0,0,0,0,0,0,0,0,0,0,0,0,0,0,0,0,0,0,0,0,0,0,0,0,0,0,0,0,0,0,0,0,0,0,25.8947,67.8506,14.3071,410.173,531.52,0,0.919651,-0.388812,0.0553792,0.999993,0.220517,0.0110681,0.612903,0.76,867.158,1124.46,1792.91,2609.55,293.45,840.993,1799.9,93.6751,1994.5,149.855,96.7415,-0.0933663,0.59404,0.141479,-0.779339,0,0,0,0,0,0,0,78.328,0,0.990734,0,0,331.856,977.361,0,0,1300.45,4475.84,0
1691509897065578660,1383,1198,180,0.866233,23.9717,46.8519,70.7001,84.9052,132.09,-4.60538,319.001,563.465,944.272,1340.36,1251.85,4562.67,11689.7,27289.3,953.561,2106.25,3487.32,498.803,596.574,474.912,132300,9244.9,12386.9,7.52221,2.71609,0,0,0.0698784,0,14.6671,44.6137,187.913,348.954,3084.82,8705.91,0.000190029,5.28854e-05,3,3,8,0.727273,1,2.75205,1.76879,0.983259,0.0118646,0.170155,1198,0,0,0,0,0.001,0,0,0,0,0,0,0,0,0,0,0,0,0,0,0,0,0,0,0,0,0,0,0,0,0,0,0,0,0,0,0,0,0,0.0141903,18.3649,31.5231,23.999,70.8394,15.9075,409.938,538.155,0,0.918086,-0.391528,0.0618419,0.999974,0.411563,0.0586941,0.587302,0.74,876,1107.73,1917.32,2551.99,281.338,840.166,1920.55,127.157,2072.14,199.837,111.651,0.130071,0.222351,0.109745,-0.318082,0,0,0,0,0,0.0209689,45.9089,84.8813,1,0.986452,468.494,916.292,316.999,942.149,641.354,1246.04,1271.75,4600.42,0.000886147
1691509897165601336,1443,1243,185,0.8614,20.8258,40.0943,65.9358,83.2293,131.249,-2.20325,303.668,545.972,1001.78,1447.75,1196.45,4522.45,13103.6,22238.6,1116.89,2184.68,3408.74,474.792,601.832,505.456,129132,10222.3,13882.1,7.95874,5.14312,0,0,0.079161,0,29.5853,48.0761,124.644,506.824,3632.25,9540.74,0.000968727,0.000347624,3,3,8,0.727273,1,2.6234,1.72302,0.900376,0.0115237,0.215082,1243,0,0,0,0,0.001,0,0,0,0,0,0,0,0,0,0,0,0,0,0,0,0,0,0,0,0,0,0,0,0,0,0,0,0,0,0,0,0,0,0.0185036,7.91054,20.1343,21.2023,66.3743,15.9387,411.328,534.733,0,0.923223,-0.380192,0.0557975,0.999904,0.792735,0.0386824,0.459854,0.63,784.493,961.752,1684.99,2518.5,271.629,762.18,1702.21,108.373,2133.84,124.581,133.779,0.193333,0.908647,0.0863297,-0.531829,0,0,0,0,0,0.020097,23.3298,83.2477,0.956522,0.987705,210.261,798.784,306.258,1001.82,318.92,1110.52,1230.62,4590.6,0.000819215
1691509897265789384,1478,1160,311,0.784844,23.3915,44.2663,72.6196,85.8766,149.579,-5.38673,305.761,535.764,939.072,1364.95,1275.59,4442.39,11305.9,24439.8,971.729,1548.32,3729.42,431.414,661.608,337.598,140021,9029.32,11411.3,7.25732,6.5997,0,0,0.0644855,0,16.653,31.2073,94.394,263.063,2271.57,8734.37,0.000322255,9.0503e-05,4,4,8,0.666667,1,2.74857,1.78747,0.961102,0.0217895,0.144455,1160,0,0,0,0,0.001,0,0,0,0,0,0,0,0,0,0,0,0,0,0,0,0,0,0,0,0,0,0,0,0,0,0,0,0,0,0,0,0,0,0.025,13.3691,38.4245,23.902,73.3454,18.0626,409.433,546.504,0,0.917914,-0.392874,0.0555403,0.999905,0.787868,0.0506412,0.492537,0.66,792.287,994.738,1870.98,2511.73,265.968,768.01,1874.4,104.98,1943.9,96.8688,70.5514,1.44811,0.617998,0.00221755,-0.714157,0,0,0,0,0,0.0270636,44.1082,86.2003,1,0.984969,217.187,812.154,306.547,938.538,302.774,1233.93,1310.96,4627.27,0.00118233
1691509897366258090,1518,1125,360,0.741107,25.6612,48.1368,74.5156,89.1988,175.578,-6.35887,308.147,557.757,966.679,1249.58,1279.43,4857.85,14660,48417.1,1060.44,1239.35,3929.3,453.744,706.179,332.591,142183,12132.7,14615.4,4.60438,5.29657,0,0,0.0853317,0,15.6752,27.9105,89.5469,250.892,2326.91,11904.5,0.0255495,0.00319922,6,5,11,0.6875,1,2.86314,1.83628,1.02686,0.0150022,0.216777,1125,0,0,0,0,0.001,0,0,0,0,0,0,0,0,0,0,0,0,0,0,0,0,0,0,0,0,0,0,0,0,0,0,0,0,0,0,0,0,0,0,0,0,25.6612,74.5156,19.8558,425.669,544.475,0,0.919305,-0.390732,0.0469678,0.99996,0.5125,0.0794302,0.526718,0.69,771.26,1043.51,1857.76,2510.94,260.667,751.058,1858.01,101.994,1733.23,93.0665,63.2045,0.501837,-0.0958034,-0.63287,0.128536,0,0,0,0,0,0,0,89.1988,0,0.980444,0,0,308.147,966.679,0,0,1279.43,4857.85,0
1691509897467061971,1359,1137,211,0.836645,26.7001,48.549,72.859,86.9907,113.402,-4.92059,322.525,576.966,1002.01,1313.5,1359.05,5164.35,14999.1,19708.4,1349.42,1502.51,4384.56,516.483,675.088,425.715,145330,11266,13965.6,5.45153,5.66205,0,0,0.0775197,0,20.338,41.4036,109.077,406.091,2386.5,11002.2,0.00712387,0.00116317,4,4,10,0.714286,1,3.03425,2.03126,1.00299,0.013306,0.214134,1137,0,0,0,0,0.001,0,0,0,0,0,0,0,0,0,0,0,0,0,0,0,0,0,0,0,0,0,0,0,0,0,0,0,0,0,0,0,0,0,0,0,0,26.7001,72.859,17.0247,422.915,559.06,0,0.921713,-0.38383,0.0558519,0.999934,0.659195,0.0610055,0.639344,0.78,804.84,1026.77,1836.92,2512.46,263.971,766.604,1835.82,100.151,1674.82,104.639,114.981,-1.19363,-1.07795,0.44171,0.209265,0,0,0,0,0,0,0,86.9907,0,0.98153,0,0,322.525,1002.01,0,0,1359.05,5164.35,0
1691509897565288637,1529,1190,318,0.778286,27.7606,50.5685,75.3323,86.9596,127.294,-3.86329,338.617,651.501,1133.52,1500.34,1369.51,5331.78,14109.4,21657.9,1323.22,2254.37,4293.3,574.619,650.884,596.116,138404,11299.3,15068.8,8.08931,9.2938,0,0,0.0816403,0,22.519,43.1855,105.621,553.701,3673.09,10670.7,0.00622489,0.0015224,4,3,10,0.769231,1,2.97188,1.85439,1.11749,0.0211669,0.691948,1190,0,0,0,0,0.001,0,0,0,0,0,0,0,0,0,0,0,0,0,0,0,0,0,0,0,0,0,0,0,0,0,0,0,0,0,0,0,0,0,0.00420168,5.81577,14.431,27.883,75.4823,13.5416,446.046,517.413,0,0.917981,-0.392465,0.0572821,0.999955,0.545171,0.128199,0.5625,0.72,808.095,1021.45,1706.41,2550.52,246.029,765.819,1726.41,81.5352,1881.19,96.1746,182.294,-0.093233,-0.991902,0.197764,-0.592144,0,0,0,0,0,0.00327011,16.8078,86.9833,1,0.985654,92.6057,144.093,339.737,1135.86,152.562,222.993,1389.78,5349.46,9.47598e-06
1691509897664622637,1571,1304,247,0.830045,26.5644,47.694,73.458,88.1,180.507,-1.47259,324.56,642.169,1143.6,1569.62,1262.06,5736.82,13280.2,33927,1287.85,2366.56,4470.8,508.385,727.931,594.686,144570,14408.7,18475.7,21.0291,6.66987,0,0,0.0996665,0,25.7536,38.4848,131.058,649.228,3729.22,13901.9,0.000166682,4.50997e-05,2,2,8,0.8,1,2.48595,1.29041,1.19554,0.0162221,0.221042,1304,0,0,0,0,0.001,0,0,0,0,0,0,0,0,0,0,0,0,0,0,0,0,0,0,0,0,0,0,0,0,0,0,0,0,0,0,0,0,0,0,0,0,26.5644,73.458,13.8725,423.974,555.153,0,0.918294,-0.391162,0.061061,0.999992,0.229736,0.145225,0.515152,0.68,789.383,957.957,1983.83,2531.81,243.671,768.695,1983.53,105.265,1858.48,125.602,187.794,-0.112793,-1.73078,0.205333,-0.588332,0,0,0,0,0,0,0,88.1,0,0.976227,0,0,324.56,1143.6,0,0,1262.06,5736.82,0
1691509897765263129,1898,1449,442,0.763435,26.2865,44.4958,69.7725,85.0391,138.997,-0.787797,310.75,642.684,1116.77,1505.27,1318.84,5543.74,13769.9,22346.3,1212.57,2592.77,4205.61,521.601,729.213,535.799,141875,14438,19167.1,10.3925,8.89017,0,0,0.101766,0,29.618,40.215,122.815,547.042,4834.44,13592.9,0.000310226,0.000110783,3,3,8,0.727273,1,2.9572,1.74575,1.21145,0.0139033,0.166438,1449,0,0,0,0,0.001,0,0,0,0,0,0,0,0,0,0,0,0,0,0,0,0,0,0,0,0,0,0,0,0,0,0,0,0,0,0,0,0,0,0,0,0,26.2865,69.7725,14.6074,419.334,537.059,0,0.9171,-0.393431,0.0643385,0.999991,0.238437,0.033313,0.459854,0.63,737.456,938.85,1896.23,2512.65,245.661,717.405,1898.63,123.871,2015.82,121.41,182.295,0.0268642,-0.449565,-0.396396,0.249287,0,0,0,0,0,0,0,85.0391,0,0.982057,0,0,310.75,1116.77,0,0,1318.84,5543.74,0
1691509897865139934,1744,1494,236,0.856651,25.6978,44.2211,70.0524,84.3869,142.188,-1.00316,343.742,679.218,1158.93,1538.95,1420.98,5959.99,14321.8,25859,1536.34,3085.69,3979.83,558.199,665.448,674.66,144075,15781.5,22670.3,12.0824,7.67807,0,0,0.109536,0,34.9813,67.5227,137.52,831.742,8052.49,13546,0.00465556,0.00107324,5,5,8,0.615385,1,2.85375,1.60931,1.24443,0.0294703,0.165263,1494,0,0,0,0,0.001,0,0,0,0,0,0,0,0,0,0,0,0,0,0,0,0,0,0,0,0,0,0,0,0,0,0,0,0,0,0,0,0,0,0,0,0,25.6978,70.0524,12.9425,427.328,542.73,0,0.917978,-0.391844,0.0614339,0.999994,0.19621,0.00240546,0.574803,0.73,752.742,952.417,1888.93,2401.48,254.441,718.374,1894.24,115.38,1806.25,125.328,284.723,0.555938,1.37419,0.748239,-1.08545,0,0,0,0,0,0,0,84.3869,0,0.980589,0,0,343.742,1158.93,0,0,1420.98,5959.99,0
1691509897965341749,1812,1452,334,0.801325,24.7595,43.9894,69.5168,82.0496,137.938,-3.31238,349.068,659.672,1186.75,1548.26,1459.72,6127.36,15153.5,19928.6,1273.94,2815.93,4029.8,529.939,644.318,673.146,138365,14977.3,21433,4.94486,4.77134,0,0,0.108245,0,31.3843,51.8044,122.189,848.377,7367.96,13011.3,0.00246063,0.000571221,5,5,12,0.705882,1,2.75221,1.59088,1.16133,0.0220525,0.115912,1452,0,0,0,0,0.001,0,0,0,0,0,0,0,0,0,0,0,0,0,0,0,0,0,0,0,0,0,0,0,0,0,0,0,0,0,0,0,0,0,0,0,0,24.7595,69.5168,15.0506,429.119,535.831,0,0.918107,-0.391486,0.0617885,1,0.0298019,0.0249532,0.550388,0.71,788.305,969.321,1953.94,2444.29,254.101,740.665,1958.25,112.329,1985.22,119,274.484,1.69536,1.18912,0.0778924,-0.528856,0,0,0,0,0,0,0,82.0496,0,0.981405,0,0,349.068,1186.75,0,0,1459.72,6127.36,0
1691509898065722458,1643,1318,312,0.802191,25.1322,47.2922,71.6206,86.925,169.542,-2.85024,356.329,677.088,1179.61,1633.01,1478.4,6224.43,14802,20875.8,1250.09,3177.82,4398.95,540.203,753.001,656.877,136762,14075.3,19909.3,4.02486,3.82368,0,0,0.102918,0,25.1871,40.9239,133.296,678.412,6640.56,12391,0.00138981,0.000608005,5,4,9,0.692308,1,2.6144,1.42927,1.18513,0.0341486,0.0810185,1318,0,0,0,0,0.001,0,0,0,0,0,0,0,0,0,0,0,0,0,0,0,0,0,0,0,0,0,0,0,0,0,0,0,0,0,0,0,0,0,0,0,0,25.1322,71.6206,12.6914,423.389,541.92,0,0.91708,-0.393595,0.0636183,0.999996,0.17048,0.0329115,0.612903,0.76,814.97,1020.11,1911.88,2492.8,249.454,772.904,1913.33,116.619,2028.09,130.007,213.111,0.309298,0.450372,0.239349,-0.136883,0,0,0,0,0,0,0,86.925,0,0.977238,0,0,356.329,1179.61,0,0,1478.4,6224.43,0
1691509898165307380,1421,1284,136,0.903589,24.1942,46.0644,72.9936,88.7669,133.032,-7.52678,345.806,618.511,1111.38,1424.3,1432.52,5845.09,15379.9,24518.9,1160.42,2939.65,4233.08,523.572,660.735,560.726,140356,14024.3,19519.3,4.01228,6.13904,0,0,0.0999196,0,26.2128,39.2522,135.195,469.386,6359.08,12490.1,0.00267387,0.000938202,3,3,10,0.769231,1,2.57222,1.47246,1.09976,0.0175372,0.103947,1284,0,0,0,0,0.001,0,0,0,0,0,0,0,0,0,0,0,0,0,0,0,0,0,0,0,0,0,0,0,0,0,0,0,0,0,0,0,0,0,0,0,0,24.1942,72.9936,13.1463,438.481,538.373,0,0.917533,-0.392746,0.0623203,0.999999,0.0925941,0.0381858,0.626016,0.77,811.449,1002.08,1934.13,2682.92,252.473,765.791,1934.97,98.485,2099.79,130.88,164.144,0.820757,-0.543711,0.121242,0.513956,0,0,0,0,0,0,0,88.7669,0,0.978972,0,0,345.806,1111.38,0,0,1432.52,5845.09,0
1691509898265656997,1565,1350,203,0.86262,25.5876,45.7794,68.5377,84.5404,136.607,-2.75211,357.485,661.988,1179.54,1585.42,1499.04,5686.8,16088.1,34573.3,1349.11,2621.81,4530.18,533.544,659.85,640.102,144401,17642.1,23984.6,6.95364,6.98721,0,0,0.122174,0,31.8782,62.7262,132.858,771.887,6672.68,16312.6,0.0034467,0.00118711,7,7,13,0.65,1,2.72626,1.61567,1.11059,0.0203794,0.102089,1350,0,0,0,0,0.001,0,0,0,0,0,0,0,0,0,0,0,0,0,0,0,0,0,0,0,0,0,0,0,0,0,0,0,0,0,0,0,0,0,0,0,0,25.5876,68.5377,12.0802,453.766,541.153,0,0.915344,-0.397417,0.0648497,0.999983,0.329173,0.0183672,0.550388,0.71,795.387,1013.8,1944.35,2692.01,244.913,743.703,1939.12,98.1288,2161.92,122.861,234.15,-0.0326677,-0.201127,0.515115,-0.17941,0,0,0,0,0,0,0,84.5404,0,0.983704,0,0,357.485,1179.54,0,0,1499.04,5686.8,0
1691509898365745475,1565,1342,216,0.857508,28.6472,49.9312,78.0591,92.3592,145.001,-5.74966,353.633,680.866,1197.46,1552.87,1565.97,6333.09,19208.6,35437.5,1362.78,3412.45,4580.97,533.107,645.31,685.596,140496,19541,27598,6.5075,6.62864,0,0,0.139086,0,33.347,53.5207,133.446,776.269,9598.75,17002.6,0.00501305,0.00206603,8,7,12,0.631579,1,3.01942,1.67951,1.3399,0.0299501,0.0992741,1342,0,0,0,0,0.001,0,0,0,0,0,0,0,0,0,0,0,0,0,0,0,0,0,0,0,0,0,0,0,0,0,0,0,0,0,0,0,0,0,0.00372578,11.1869,20.3358,28.8572,78.1231,13.0387,449.8,548.161,0,0.91481,-0.397643,0.070734,0.999983,0.338781,0.0477583,0.526718,0.69,759.155,978.874,1921.01,2676.19,247.571,721.007,1918.1,89.3445,2176.94,128.474,248.366,0.697155,0.111233,-0.00142478,0.0154448,0,0,0,0,0,0.0230032,22.242,92.4714,1,0.973822,117.435,390.799,353.902,1202.15,152.05,658.546,1572.97,6337.94,3.33006e-05
1691509898465781686,1739,1261,457,0.725129,24.1401,45.4098,71.1065,89.0015,188.613,-3.82629,345.082,702.093,1244.94,1626.57,1468,6740.52,16123.5,35436.3,1194.07,3604.65,4191.61,545.655,665.562,732.75,137806,15544.1,22542.8,3.52337,3.76798,0,0,0.112797,0,32.7683,47.3273,122.873,783.205,8699.42,12857.2,0.00308745,0.00145894,6,6,8,0.571429,1,2.42991,1.34357,1.08634,0.0244294,0.143388,1261,0,0,0,0,0.001,0,0,0,0,0,0,0,0,0,0,0,0,0,0,0,0,0,0,0,0,0,0,0,0,0,0,0,0,0,0,0,0,0,0,0,0,24.1401,71.1065,14.1676,439.35,561.482,0,0.916228,-0.395803,0.0621801,0.999961,0.507857,0.0081476,0.526718,0.69,747.235,957.44,1937.81,2921.81,236.066,718.515,1920.07,82.7782,1909.2,118.647,237.653,-0.374658,-0.060524,0.263632,0.252986,0,0,0,0,0,0,0,89.0015,0,0.978588,0,0,345.082,1244.94,0,0,1468,6740.52,0
1691509898565143722,1801,1302,452,0.722932,23.1801,41.7954,63.9029,85.0799,160.36,-2.13749,335.575,634.232,1031.62,1425.54,1376.9,5502.62,14298.5,53339.3,995.034,2692.09,4093.03,533.672,628.533,591.712,134217,13433.1,19705.5,3.80433,2.87242,0,0,0.100085,0,23.1559,52.3538,224.637,1023.74,6909.95,11471.6,0.000455833,0.000100677,4,3,9,0.75,1,2.42805,1.41534,1.01272,0.021464,0.278776,1302,0,0,0,0,0.001,0,0,0,0,0,0,0,0,0,0,0,0,0,0,0,0,0,0,0,0,0,0,0,0,0,0,0,0,0,0,0,0,0,0,0,0,23.1801,63.9029,12.7221,487.304,570.974,0,0.912837,-0.402807,0.0668951,0.999959,0.52133,0.0198051,0.526718,0.69,808.583,1021.26,1896.95,2987.02,235.029,742.602,1844.52,72.8295,1843.72,452.085,198.508,-0.390886,-0.374386,0.522616,0.307606,0,0,0,0,0,0.0194336,0,85.0799,0,0.976959,0,0,335.575,1031.62,0,0,1376.9,5502.62,0
1691509898664138950,1796,1352,437,0.752784,23.4646,40.7797,63.9488,81.7708,158.488,-5.12345,372.069,699.481,1166.11,1528.14,1407.42,6167.68,16252.8,23263.3,1345.77,3490.59,3959.7,504.465,652.008,748.771,134560,16556.4,23475.3,2.58055,3.68854,0,0,0.123041,0,36.0607,56.6109,124.094,883.762,7796.36,14578.4,0.000610589,0.000247686,4,4,10,0.714286,1,2.7325,1.73303,0.999467,0.0267635,0.119162,1352,0,0,0,0,0.001,0,0,0,0,0,0,0,0,0,0,0,0,0,0,0,0,0,0,0,0,0,0,0,0,0,0,0,0,0,0,0,0,0,0,0,0,23.4646,63.9488,13.9098,471.569,586.521,0,0.914974,-0.399205,0.0588033,0.999958,0.522063,0.0349094,0.459854,0.63,773.095,963.551,1876.43,2955.16,235.088,729.708,1853.36,92.9747,1953.34,115.316,255.381,-1.29298,0.252368,-0.176949,-0.183824,0,0,0,0,0,0.00668151,0,81.7708,0,0.983728,0,0,372.069,1166.11,0,0,1407.42,6167.68,0
1691509898763106358,1714,1255,427,0.732205,23.9497,42.1738,68.481,85.5413,130.606,-6.06083,363.609,737.84,1180.08,1446.03,1595.68,6255.07,14924.6,27120.8,1498.62,3727.74,4073.62,521.293,693.996,731.889,143082,14257.8,20921.1,3.82032,7.75779,0,0,0.0996482,0,28.8093,46.055,141.167,782.352,8513.34,11409.4,0.0332255,0.00575528,3,3,7,0.7,1,2.53152,1.52655,1.00496,0.0169085,0.1529,1255,0,0,0,0,0.001,0,0,0,0,0,0,0,0,0,0,0,0,0,0,0,0,0,0,0,0,0,0,0,0,0,0,0,0,0,0,0,0,0,0.000796813,15.3416,15.3416,23.9756,68.502,12.5014,453.098,587.4,0,0.915344,-0.397992,0.0612238,0.999996,0.156547,0.00906044,0.550388,0.71,754.254,976.005,1793.29,2942.67,238.349,710.599,1771.96,86.8582,1912.51,137.434,238.181,0.121472,0.288853,-0.501542,0.164929,0,0,0,0,0,0.033839,15.3416,85.5518,1,0.980064,642.759,642.759,362.993,1180.24,1094.01,1094.01,1596.49,6256.47,5.72082e-05
1691509898863374186,1725,1214,488,0.703768,23.8088,45.1659,73.2883,87.8776,155.76,-7.99623,378.13,705.15,1179.86,1507.47,1469.95,6559.31,14384.5,62970.6,1434.98,3148.57,4340.35,528.275,739.264,645.304,141232,16861.8,23171.5,15.7756,3.57041,0,0,0.119391,0,30.2152,40.8769,151.565,739.339,6796.91,15412.6,0.0108144,0.00197288,3,2,9,0.818182,1,2.62185,1.58781,1.03405,0.0204848,0.302262,1214,0,0,0,0,0.001,0,0,0,0,0,0,0,0,0,0,0,0,0,0,0,0,0,0,0,0,0,0,0,0,0,0,0,0,0,0,0,0,0,0,0,0,23.8088,73.2883,11.5588,447.113,578.328,0,0.914014,-0.400095,0.0671049,0.99998,0.365878,0.00611638,0.515152,0.68,788.097,1028.83,1806.96,2740.26,245.11,752.997,1803.32,67.8922,1780.55,152.355,177.368,0.565811,-0.358881,0.241283,-0.468722,0,0,0,0,0,0.0249275,0,87.8776,0,0.981054,0,0,378.13,1179.86,0,0,1469.95,6559.31,0
1691509898963552418,1707,1194,499,0.699473,24.1665,44.9736,74.5114,88.388,158.113,-5.17171,346.025,631.142,1068.98,1455.54,1456.71,5455.65,13480.1,20556.1,1461.34,2585.9,3794.31,540.04,596.187,581.968,138717,10919.2,15116.2,2.05269,5.63543,0,0,0.0787158,0,24.6875,39.5757,144.158,545.233,4373.4,9989.13,0.000402301,9.75888e-05,3,2,9,0.818182,1,2.69216,1.64704,1.04512,0.0232336,0.0841671,1194,0,0,0,0,0.001,0,0,0,0,0,0,0,0,0,0,0,0,0,0,0,0,0,0,0,0,0,0,0,0,0,0,0,0,0,0,0,0,0,0,0,0,24.1665,74.5114,13.8921,450.771,596.337,0,0.914946,-0.398092,0.0663106,0.999997,0.13449,0.0342177,0.526718,0.69,820.065,1002.99,1807.69,2591.2,243.262,776.65,1760.17,110.424,1560.08,141.724,148.8,0.31057,-0.354592,0.747416,0.0294096,0,0,0,0,0,0.0304628,0,88.388,0,0.974874,0,0,346.025,1068.98,0,0,1456.71,5455.65,0
1691509899064719951,1495,1160,321,0.77592,25.8337,47.8395,72.7312,93.1361,141.411,-7.90224,402.704,759.705,1196.75,1522.38,1643.95,6023.95,17419.5,36329.4,1728.54,3405.98,4121.08,571.876,752.491,721.515,136482,15067.2,21845,7.99856,8.28141,0,0,0.110397,0,34.4263,49.8552,150.044,867.654,8015.09,12728,0.000866744,0.000420317,4,3,9,0.75,1,2.39403,1.33395,1.06008,0.0172494,0.201213,1160,0,0,0,0,0.001,0,0,0,0,0,0,0,0,0,0,0,0,0,0,0,0,0,0,0,0,0,0,0,0,0,0,0,0,0,0,0,0,0,0,0,0,25.8337,72.7312,11.1013,424.95,577.949,0,0.915033,-0.396388,0.0747682,0.999963,0.494347,0.00870482,0.639344,0.78,802.827,1022.84,1694.46,2570.04,260.913,776.451,1684.12,79.2633,1598.26,134.555,243.149,-0.406269,-0.282802,-0.0931473,0.27203,0,0,0,0,0,0,0,93.1361,0,0.971552,0,0,402.704,1196.75,0,0,1643.95,6023.95,0
1691509899165777428,1680,1172,493,0.697619,24.9086,48.1448,72.2593,89.7115,143.295,-8.19585,384.229,689.339,1144.69,1475.77,1590.65,6265.76,14487.1,21329.9,1571.21,2668.27,4264.38,558.276,782.831,629.198,135847,12929.4,18233.3,2.64372,3.70448,0,0,0.0951759,0,25.0387,29.7831,150.631,595.09,5992.38,11440.4,0.00905286,0.00173479,3,3,10,0.769231,1,2.51003,1.45799,1.05204,0.0121209,0.0974297,1172,0,0,0,0,0.001,0,0,0,0,0,0,0,0,0,0,0,0,0,0,0,0,0,0,0,0,0,0,0,0,0,0,0,0,0,0,0,0,0,0,0,0,24.9086,72.2593,16.3674,423.706,595.926,0,0.915391,-0.395515,0.0750149,1,0.0558966,0.0196783,0.515152,0.68,834.009,1010.35,1509.31,2629.02,248.158,781.184,1489.24,83.4184,1620.23,139.657,156.888,-0.243107,-0.286462,0.4718,-0.114852,0,0,0,0,0,0,0,89.7115,0,0.976109,0,0,384.229,1144.69,0,0,1590.65,6265.76,0
1691509899267373574,1873,1399,458,0.74693,20.7821,40.3465,70.3443,87.3924,148.52,-2.49316,375.375,689.404,1068.39,1340.11,1418.93,4924.57,14075.9,24810.3,1527.61,2414.03,3461.39,541.081,680.334,656.964,137045,11842.8,17160.4,7.11277,6.31572,0,0,0.0864156,0,35.5226,50.1045,200.747,828.086,5700.61,10345.3,0.00177749,0.000347579,4,4,8,0.666667,1,2.346,1.25748,1.08853,0.016452,0.294279,1399,0,0,0,0,0.001,0,0,0,0,0,0,0,0,0,0,0,0,0,0,0,0,0,0,0,0,0,0,0,0,0,0,0,0,0,0,0,0,0,0,0,0,20.7821,70.3443,12.7296,442.415,576.856,0,0.914543,-0.397364,0.075589,0.999998,0.121111,0.0113429,0.526718,0.69,849.028,1062.85,1495.4,2167.58,241.149,794.946,1483.9,92.2229,1424.33,196.399,196.007,-0.484226,-0.512723,0.466937,0.651929,0,0,0,0,0,0,0,87.3924,0,0.977841,0,0,375.375,1068.39,0,0,1418.93,4924.57,0
1691509899369330858,1661,1239,403,0.745936,22.9157,42.1912,73.34,88.7819,171.365,-4.83701,392.943,679.689,1095.96,1376.69,1507.46,5457.11,12295.4,28909.5,1363.39,2793.51,3694.91,562.913,692.309,572.776,139340,10641.8,15609.6,8.24703,6.48187,0,0,0.0763729,0,31.7207,49.6994,178.678,761.981,5528.27,9059.25,0.00168307,0.000939444,5,5,10,0.666667,1,2.46531,1.40959,1.05572,0.0149989,0.221542,1239,0,0,0,0,0.001,0,0,0,0,0,0,0,0,0,0,0,0,0,0,0,0,0,0,0,0,0,0,0,0,0,0,0,0,0,0,0,0,0,0.00887813,14.1134,28.16,23.0559,73.3962,13.1718,492.941,576.887,0,0.9163,-0.392478,0.0797173,0.999978,0.38008,0.0982454,0.526718,0.69,836.463,1035.44,1504.73,1994.51,245.746,777.896,1477.77,97.1752,1815.23,175.181,164.473,-1.28391,-1.94253,-0.229434,0.395858,0,0,0,0,0,0.0138471,39.3342,88.9228,1,0.972313,427.731,1167.7,392.943,1088.84,563.532,1514.76,1514.46,5467.41,0.00062053
1691509899471137885,1635,1185,436,0.724771,21.4663,44.9738,75.1396,90.3989,142.671,-5.71526,333.319,621.673,1011.06,1325.38,1302.47,5212.13,11799.1,18912.5,1137.22,2165.02,3813.42,516.748,787.736,388.91,137197,9147.38,12773.6,3.09221,2.44452,0,0,0.0666734,0,13.8588,38.5566,168.131,420.122,3845.61,8287.31,0.00237167,0.000198756,6,6,11,0.647059,1,2.63678,1.58531,1.05147,0.0198866,0.379956,1185,0,0,0,0,0.001,0,0,0,0,0,0,0,0,0,0,0,0,0,0,0,0,0,0,0,0,0,0,0,0,0,0,0,0,0,0,0,0,0,0,0,0,21.4663,75.1396,14.0336,502.166,586.801,0,0.916008,-0.393628,0.0773677,0.999997,0.150823,0.0384809,0.5625,0.72,869.934,1050.79,1548.79,2103.34,242.34,808.769,1544.48,121.142,2108.1,174.451,88.2321,0.824621,-0.784908,0.832913,0.498727,0,0,0,0,0,0,0,90.3989,0,0.971308,0,0,333.319,1011.06,0,0,1302.47,5212.13,0
1691509899571658981,1705,1194,492,0.700293,21.3415,43.5319,71.1922,87.0341,167.183,-5.32934,366.119,640.992,1013.59,1340.88,1388.21,4935.86,14304.7,24579.7,1226.6,2278.28,4048.39,505.767,724.149,476.198,132267,10626.1,14160,2.92649,3.92242,0,0,0.0803379,0,16.4158,38.2497,146.106,538.071,3353.67,10067.5,0.000985553,0.000224291,7,7,12,0.631579,1,2.34181,1.35592,0.985887,0.0237063,0.0537297,1194,0,0,0,0,0.001,0,0,0,0,0,0,0,0,0,0,0,0,0,0,0,0,0,0,0,0,0,0,0,0,0,0,0,0,0,0,0,0,0,0.00335008,61.76,68.4008,21.1497,71.2696,12.1363,540.576,586.288,0,0.919124,-0.387063,0.0734408,0.999966,0.473296,0.0654456,0.538462,0.7,910.223,1111.82,1511.37,2066.47,241.293,811.779,1483.8,102.798,1865.29,148.33,111.971,0.300764,-0.495129,0.460939,0.449328,0,0,0,0,0,0.027566,69.33,87.0829,1,0.972269,1.9177e-12,284.912,367.904,1015.5,3.02513e-12,422.218,1391.26,4943.68,2.5693e-05
1691509899671066679,1626,1087,520,0.668512,21.0747,40.1923,70.4307,85.7094,148.352,-4.54671,359.44,650.802,1059.52,1369.91,1342.5,4972.86,13612.4,44428.8,1161.29,2370.11,3946.48,583.053,666.939,508.01,130395,10459.5,13630.3,5.05541,5.04556,0,0,0.0802139,0,34.043,39.1837,145.657,572.48,2770.49,10068.5,0.00404541,0.00153892,9,9,14,0.608696,1,2.26211,1.42946,0.83265,0.0161483,0.111543,1087,0,0,0,0,0.001,0,0,0,0,0,0,0,0,0,0,0,0,0,0,0,0,0,0,0,0,0,0,0,0,0,0,0,0,0,0,0,0,0,0.00459982,48.1996,106.514,21.007,70.0823,12.2586,559.582,624.16,0,0.920892,-0.383448,0.0701768,0.999987,0.296849,0.00780142,0.574803,0.73,955.174,1158.62,1545.13,2516.64,243.476,838.254,1501.19,116.956,2240.92,150.747,138.381,0.341277,-0.0766841,0.396554,0.400163,0,0,0,0,0,0.0178352,119.692,85.6286,0.8,0.980591,935.676,1678.54,358.873,1048.39,1339.57,2491.62,1343.28,4983.85,0.000980981
1691509899770597141,1713,1042,639,0.60829,21.5169,39.6639,66.068,85.5061,174.52,-4.34557,356.4,626.722,1045.25,1348.9,1372.15,5096.58,13177.1,27446.9,1054.19,2208.41,3981.11,575.748,694.698,445.098,139914,9331.13,12395.8,5.38078,4.34849,0,0,0.0666918,0,20.6305,42.5342,128.752,365.384,3017.28,8821.2,0.014994,0.00286756,4,3,11,0.785714,1,2.24271,1.43048,0.812226,0.0204611,0.176475,1042,0,0,0,0,0.001,0,0,0,0,0,0,0,0,0,0,0,0,0,0,0,0,0,0,0,0,0,0,0,0,0,0,0,0,0,0,0,0,0,0.0278311,16.2497,87.0639,21.798,65.4817,9.93004,572.246,634.824,0,0.920705,-0.38217,0.079049,0.99996,0.513705,0.0525223,0.550388,0.71,966.153,1149.34,1592.71,2411.38,243.606,843.833,1559.84,87.1791,2348.86,138.635,82.7327,0.294466,-0.413834,0.252825,0.390076,0,0,0,0,0,0.0647986,121.126,84.3589,0.896552,0.972359,536.237,1669.04,355.197,1009.49,772.584,2531.95,1379.41,5110.21,0.00845496
1691509899869397498,1921,1269,625,0.660593,19.3696,35.7934,60.2145,79.0124,153.268,-2.05394,351.368,666.229,1070.12,1361.91,1281.01,5006.24,14368.6,37232.6,1308.71,2215.12,3896.11,617.659,670.153,542.587,145684,14311.7,17625.3,2.69369,3.61246,0,0,0.0982379,0,32.8701,56.3111,196.206,656.316,2632.96,14050.6,0.0115475,0.00128034,5,4,11,0.733333,1,2.17791,1.35495,0.82296,0.0174205,0.0823439,1269,0,0,0,0,0.001,0,0,0,0,0,0,0,0,0,0,0,0,0,0,0,0,0,0,0,0,0,0,0,0,0,0,0,0,0,0,0,0,0,0.035461,23.0537,67.5574,19.2411,59.6835,10.4208,572.316,624.263,0,0.920119,-0.383836,0.0777836,0.999998,0.124508,0.163723,0.587302,0.74,1030.21,1200.08,1696.98,2126.43,247.192,880.088,1581.65,82.466,2545.02,207.118,134.958,0.175101,-0.841544,-0.889217,0.314969,0,0,0,0,0,0.0369599,104.02,78.6533,0.933333,0.982026,462.534,1457.56,348.345,1067.36,734.905,2112.31,1317.73,5056.73,0.00724631
1691509899967830834,1858,1276,557,0.68676,23.1434,44.2595,67.9705,85.4597,217.588,-0.741224,362.408,686.954,1140.28,1442.26,1399.22,5078.25,11728.2,20498.6,1878.31,1902.65,3603.79,672.919,653.472,582.675,133155,9755.29,13874.8,5.94153,6.31566,0,0,0.0732625,0,26.9554,54.7207,231.355,528.553,4292.2,8741.05,0.00561353,0.001001,5,5,8,0.615385,1,2.5438,1.4584,1.0854,0.0237003,0.0897016,1276,0,0,0,0,0.001,0,0,0,0,0,0,0,0,0,0,0,0,0,0,0,0,0,0,0,0,0,0,0,0,0,0,0,0,0,0,0,0,0,0.0015674,81.6907,146.776,23.1434,67.8786,10.1402,537.425,581.435,0,0.918918,-0.386476,0.0789053,0.999995,0.178187,0.0424011,0.515152,0.68,979.286,1195.15,1727.99,2286.67,262.533,853.594,1704.53,100.322,2571.31,219.785,205.198,-0.0210801,1.6644,0.117014,-1.59327,0,0,0,0,0,0.00269107,154.912,85.3047,0.5,0.977237,167.217,231.133,363.57,1140.54,281.53,401.032,1401.81,5079.1,9.46647e-06
1691509900065423319,1856,1303,541,0.702047,25.3661,45.7249,73.3827,91.1077,194.267,-2.21124,348.55,662.368,1069.98,1371.36,1384.51,5070.25,14151.7,19574.4,2152.22,1592.55,3740.92,656.532,611.773,517.298,128794,10740.8,15089.9,6.78795,7.31948,0,0,0.0833948,0,24.3329,33.723,196.065,421.44,4834.52,9579.85,0.000387441,0.000151378,4,3,9,0.75,1,2.77952,1.5332,1.24633,0.0201893,0.262472,1303,0,0,0,0,0.001,0,0,0,0,0,0,0,0,0,0,0,0,0,0,0,0,0,0,0,0,0,0,0,0,0,0,0,0,0,0,0,0,0,0,0,0,25.3661,73.3827,6.95584,496.332,564.712,0,0.920207,-0.382664,0.0823819,0.999986,0.304723,0.128894,0.5625,0.72,922.838,1178.99,1607.82,2317.04,262.743,871.384,1585.97,93.0159,2439.33,196.404,143.421,0.506853,-0.0576455,-0.392212,0.1838,0,0,0,0,0,0.0150862,0,91.1077,0,0.966232,0,0,348.55,1069.98,0,0,1384.51,5070.25,0
1691509900161929398,1875,1279,583,0.682133,23.3337,44.1624,72.033,90.5713,185.076,-5.15257,356.004,659.121,1049.55,1312.94,1364.32,4595.95,10860,19807.5,2073.25,1708.2,3530.21,615.162,579.697,594.968,131611,8285.67,11981.5,3.14397,2.81372,0,0,0.0629559,0,28.2877,39.4202,179.804,541.218,3910.24,7282.5,0.00281532,0.000391841,5,5,10,0.666667,1,2.53315,1.41024,1.12291,0.0255427,0.293575,1279,0,0,0,0,0.001,0,0,0,0,0,0,0,0,0,0,0,0,0,0,0,0,0,0,0,0,0,0,0,0,0,0,0,0,0,0,0,0,0,0,0,0,23.3337,72.033,9.31727,519.12,546.563,0,0.922545,-0.377648,0.0793261,0.99998,0.362215,0.19831,0.503759,0.67,902.302,1148.04,1662.98,2282.77,271.546,858.972,1650.03,115.32,2420.03,176.845,152.957,0.0603619,0.0613394,-0.505834,-0.171844,0,0,0,0,0,0,0,90.5713,0,0.969507,0,0,356.004,1049.55,0,0,1364.32,4595.95,0
1691509900258715024,1768,1235,521,0.698529,22.8702,43.8844,71.5486,89.5367,199.398,-7.67061,352.884,639.92,1087.23,1381.64,1416.13,5074.65,12930.3,27467.1,1597.99,1994.12,3684.66,631.842,627.827,486.86,140845,10388.5,14310.2,2.11993,2.09192,0,0,0.0737587,0,24.5884,39.1046,170.235,559.945,3909.41,9606.97,0.0117777,0.00115033,6,5,13,0.722222,1,2.96222,1.84222,1.11999,0.0243669,0.306223,1235,0,0,0,0,0.001,0,0,0,0,0,0,0,0,0,0,0,0,0,0,0,0,0,0,0,0,0,0,0,0,0,0,0,0,0,0,0,0,0,0.000809717,16.7505,16.7505,22.8846,71.5491,9.40058,509.205,541.394,0,0.921462,-0.379599,0.0825404,0.999992,0.224194,0.00204665,0.587302,0.74,913.244,1114.41,1566.43,2360.67,287.239,847.861,1540.07,97.5754,2628.3,168.526,137.135,-0.385701,0.354371,0.228269,-0.316553,0,0,0,0,0,0.0282805,16.7505,89.5575,1,0.969206,107.466,107.466,352.937,1088.45,153.867,153.867,1416.26,5076.95,1.65442e-06
1691509900356823953,1862,1271,582,0.682599,21.6391,41.9433,71.6871,86.6036,185.914,-0.256254,352.641,642.904,1059.12,1365.1,1425.05,4766.96,11980.1,26388.7,1674.57,1904.06,3680.84,625.316,656.151,516.224,151565,10387,14338.6,6.41546,6.4212,0,0,0.0685318,0,23.747,35.2718,177.632,447.686,4140.32,9513.91,0.0434355,0.00536801,3,3,7,0.7,1,2.45262,1.3566,1.09602,0.0234417,0.149147,1271,0,0,0,0,0.001,0,0,0,0,0,0,0,0,0,0,0,0,0,0,0,0,0,0,0,0,0,0,0,0,0,0,0,0,0,0,0,0,0,0,0,0,21.6391,71.6871,8.37652,502.732,566.891,0,0.920475,-0.381078,0.0866336,0.99999,0.255705,0.196917,0.587302,0.74,902.867,1094.85,1528.1,2353.49,273.121,828.229,1496.76,90.3872,2385.02,177.095,132.828,0.0116575,-0.424718,0.0289825,0.163111,0,0,0,0,0,0.00644468,0,86.6036,0,0.972463,0,0,352.641,1059.12,0,0,1425.05,4766.96,0
1691509900455328221,1823,1253,560,0.687329,22.9403,42.5433,69.1586,88.3964,183.44,-4.18594,359.486,664.186,1050.72,1344.63,1415.58,4566.99,12009.4,26432.8,1552.39,2114.65,3400.82,604.385,636.247,536.865,154276,8729.1,12938.3,1.78391,1.55014,0,0,0.0565812,0,30.3661,50.4532,215.019,662.311,4585.25,7394.89,0.00685519,0.000320179,9,8,13,0.619048,1,2.5332,1.48645,1.04675,0.0446775,0.199771,1253,0,0,0,0,0.001,0,0,0,0,0,0,0,0,0,0,0,0,0,0,0,0,0,0,0,0,0,0,0,0,0,0,0,0,0,0,0,0,0,0.0103751,19.7333,56.5763,23.0896,69.2284,10.7212,510.479,573.8,0,0.921354,-0.379229,0.085395,0.999997,0.137126,0.0459618,0.526718,0.69,882.986,1112.28,1593.64,2037.39,271.587,830.97,1561.57,106.417,2369.38,210.473,188.949,0.368802,-0.355558,0.742701,0.200784,0,0,0,0,0,0.0126166,71.6086,88.352,1,0.967742,307.807,904.039,359.902,1051.03,389.9,1567.11,1423.5,4586.93,0.000778046
1691509900555457660,1777,1240,517,0.697805,24.386,41.9194,66.2993,81.2984,207.102,-1.93427,383.338,689.527,1102.12,1442.67,1479.52,5403.79,13027,28156.2,1342.58,2388.53,4033.68,657.711,716.743,526.501,153148,12166.7,16443.9,3.58647,3.56475,0,0,0.0794439,0,30.1493,43.0059,188.829,608.824,4156.25,11416.9,0.0505581,0.00235652,5,5,12,0.705882,1,2.53644,1.56314,0.973295,0.0302954,0.113531,1240,0,0,0,0,0.001,0,0,0,0,0,0,0,0,0,0,0,0,0,0,0,0,0,0,0,0,0,0,0,0,0,0,0,0,0,0,0,0,0,0.00241935,92.4006,184.162,24.3417,66.0901,9.4727,520.359,592.168,0,0.922975,-0.375703,0.0834497,0.999991,0.248712,0.0909081,0.538462,0.7,916.109,1101.45,1609.56,2196,278.13,826.033,1602.25,106.309,2452.01,183.83,152.325,-0.333436,-0.373192,0.75228,0.409333,0,0,0,0,0,0.0073157,195.632,80.848,0.666667,0.982215,1827.84,1955.98,382.845,1087.75,2434.06,2634.61,1476.01,5414.79,0.000843503
1691509900656674214,1796,1244,547,0.69265,24.0215,44.1595,71.0155,85.9065,201.924,-4.14782,363.781,659.223,1120.69,1392.24,1495.97,5065.62,12814.5,25073.5,1367.55,2693.16,3675.15,582.577,601.257,614.271,140631,10284.6,14620.8,4.19971,5.8483,0,0,0.0731323,0,24.5309,51.8872,163.258,583.497,4638.81,9158.87,0.00590918,0.00210059,4,3,10,0.769231,1,2.64207,1.57305,1.06902,0.0256847,0.146423,1244,0,0,0,0,0.001,0,0,0,0,0,0,0,0,0,0,0,0,0,0,0,0,0,0,0,0,0,0,0,0,0,0,0,0,0,0,0,0,0,0.0345659,23.9941,107.242,24.0252,69.501,13.18,513.284,597.536,0,0.923956,-0.373142,0.0840878,0.999996,0.161326,0.0533245,0.5625,0.72,891.561,1110.48,1595.9,1836.49,258.598,818.69,1567.48,147.514,2450.91,162.524,175.207,0.786514,-0.825817,0.00616898,0.696222,0,0,0,0,0,0.0345212,139.853,84.627,0.837209,0.982515,472.718,1447.39,360.106,1107.31,729.484,2160.54,1527.25,5169.27,0.00483792
1691509900758233538,1756,1239,503,0.705581,22.0155,43.3773,75.8083,93.0887,184.66,-3.34989,344.213,642.616,1095.2,1335.73,1371.37,4779.6,13372.9,21653.5,1199.99,2837.67,3223.01,566.293,616.681,591.06,131172,9482.68,13894.4,3.74597,6.28434,0,0,0.0722921,0,34.339,96.2942,176.728,700.263,4660.84,8225.92,0.00207035,0.000705802,4,4,10,0.714286,1,2.57058,1.44355,1.12702,0.0234495,0.196294,1239,0,0,0,0,0.001,0,0,0,0,0,0,0,0,0,0,0,0,0,0,0,0,0,0,0,0,0,0,0,0,0,0,0,0,0,0,0,0,0,0.0338983,12.7558,49.8103,22.7177,76.1726,15.7869,494.408,583.805,0,0.92379,-0.372544,0.08845,0.99999,0.252448,0.0899636,0.538462,0.7,891.697,1071.34,1562.82,1827.54,261.674,832.676,1498.18,104.021,2380.26,174.431,164.482,0.271429,-0.889491,-0.12948,0.363111,0,0,0,0,0,0.0267654,57.1792,93.1609,0.952381,0.969925,196.373,753.757,349.188,1096.05,290.853,1082.18,1441.1,4797.89,0.013192
1691509900860773527,1770,1224,526,0.691525,23.8949,46.5426,73.846,85.6612,179.127,-5.60181,328.41,587.508,919.466,1277.83,1284.75,4642.89,11847.4,23686,937.725,2243.25,3359.8,511.927,633.071,414.406,129941,9307.96,12927.7,6.04667,6.35145,0,0,0.0716322,0,24.6564,38.2606,176.522,361.914,3871.4,8454.95,0.000286168,9.45282e-05,4,4,8,0.666667,1,2.35856,1.30882,1.04974,0.025395,0.22008,1224,0,0,0,0,0.001,0,0,0,0,0,0,0,0,0,0,0,0,0,0,0,0,0,0,0,0,0,0,0,0,0,0,0,0,0,0,0,0,0,0.0204248,15.2295,44.3867,24.2025,74.5234,16.3771,501.644,577.979,0,0.921946,-0.376722,0.0899735,0.999988,0.275828,0.00667542,0.515152,0.68,879.211,1064.67,1501.05,1909.23,262.532,805.628,1455.13,88.5627,2440.48,174.393,121.325,0.907804,1.15265,-0.101149,-0.997718,0,0,0,0,0,0.0683616,52.2317,86.4388,1,0.975813,317.717,1055.87,328.584,918.772,523.691,1433.11,1314.44,4672.98,0.00208337
1691509900964688244,1808,1054,726,0.582965,23.3083,47.0576,72.9781,88.3457,148.951,-7.20462,340.042,609.645,937.635,1303.31,1377.13,4729.63,11441.5,18230.3,1165.52,2051.78,3538.42,503.736,696.567,364.929,128320,7234.97,9976.25,7.13716,5.60957,0,0,0.0563823,0,18.7883,29.6639,104.56,359.647,2805.22,6658.38,0.000819584,0.000324234,3,3,11,0.785714,1,2.3085,1.37419,0.934313,0.0172,0.229316,1054,0,0,0,0,0.001,0,0,0,0,0,0,0,0,0,0,0,0,0,0,0,0,0,0,0,0,0,0,0,0,0,0,0,0,0,0,0,0,0,0,0,0,23.3083,72.9781,13.3203,489.128,549.552,0,0.919315,-0.383512,0.0881967,0.999972,0.429491,0.012626,0.492537,0.66,866.912,1027.27,1505.98,1892.84,263.117,811.759,1490.29,89.0006,2335.9,109.856,76.3784,0.963591,-0.463866,0.0333954,0.365541,0,0,0,0,0,0.0403761,0,88.3457,0,0.976281,0,0,340.042,937.635,0,0,1377.13,4729.63,0
1691509901068319437,1719,1070,630,0.622455,22.6083,43.0443,68.5622,82.822,165.443,-5.92361,346.405,615.946,928.204,1166.69,1327.78,4799.44,11455.4,22847.8,1259.4,2289.33,3480.16,509.143,661.678,483.727,130182,7112.68,10258,4.48212,3.51425,0,0,0.0546364,0,18.008,26.2345,121.937,412.428,3505.81,6173.61,0.00321238,0.000796521,12,11,14,0.56,1,2.87089,2.03138,0.839511,0.0486478,0.627148,1070,0,0,0,0,0.001,0,0,0,0,0,0,0,0,0,0,0,0,0,0,0,0,0,0,0,0,0,0,0,0,0,0,0,0,0,0,0,0,0,0,0,0,22.6083,68.5622,12.9011,465.565,523.534,0,0.919475,-0.381694,0.0942052,0.99998,0.359803,0.0922782,0.481481,0.65,892.785,1063.15,1429.21,1919.49,252.529,852.341,1424.69,93.8795,2233.93,124.528,97.0832,0.63723,-0.103684,-0.358861,0.0985156,0,0,0,0,0,0.0157068,0,82.822,0,0.984112,0,0,346.405,928.204,0,0,1327.78,4799.44,0
1691509901173830509,1580,1026,545,0.649367,23.4977,49.0472,80.9153,95.0252,188.615,-3.53923,363.415,622.823,943.588,1176.44,1526.66,4790.92,9633.67,21707.2,1037.93,2274.96,3899.88,514.463,689.668,418.398,121402,7128.39,9784.66,5.34089,4.66724,0,0,0.0587171,0,10.6084,24.4917,117.701,369.852,2659.94,6602.07,0.00317916,0.000559137,5,4,12,0.75,1,3.60168,2.58142,1.02026,0.0162101,0.46837,1026,0,0,0,0,0.001,0,0,0,0,0,0,0,0,0,0,0,0,0,0,0,0,0,0,0,0,0,0,0,0,0,0,0,0,0,0,0,0,0,0.000974659,60.3609,60.3609,23.48,80.9285,17.5866,470.745,523.668,0,0.925107,-0.367924,0.093854,0.999889,0.852652,0.0314243,0.492537,0.66,885.606,1069.98,1512.26,1972.8,264.074,839.974,1507.02,131.638,1819.77,118.571,69.1551,0.152008,-1.21288,-0.549759,0.22432,0,0,0,0,0,0.00253165,60.3609,95.0424,1,0.973659,8.77132e-13,8.77132e-13,363.517,944.562,1.54295e-12,1.54295e-12,1532.87,4795.71,2.4331e-34
1691509901275440819,1811,1160,628,0.64053,22.5985,44.7316,74.0712,89.2441,177.393,-5.56155,360.475,607.587,962.246,1199.46,1421.18,4922.96,11021.1,34302.6,1022.25,2618.16,3357.95,504.673,668.917,500.761,121338,8469.09,11918.9,6.60719,6.16495,0,0,0.0697975,0,22.7766,30.8463,149.493,477.792,3578.54,7659.47,0.00458243,0.00111317,4,3,12,0.8,1,3.17248,2.14396,1.02852,0.0163358,0.0762535,1160,0,0,0,0,0.001,0,0,0,0,0,0,0,0,0,0,0,0,0,0,0,0,0,0,0,0,0,0,0,0,0,0,0,0,0,0,0,0,0,0,0,0,22.5985,74.0712,16.1324,500.631,548.236,0,0.925597,-0.368476,0.0865792,0.999973,0.418954,0.0596579,0.503759,0.67,893.552,1078.39,1553.64,2116.4,262.893,848.127,1548.67,177.265,1877.57,156,117.6,-0.888121,-1.11136,0.134555,-1.23577,0,0,0,0,0,0,0,89.2441,0,0.973276,0,0,360.475,962.246,0,0,1421.18,4922.96,0
1691509901375111567,1574,989,568,0.628335,24.7392,46.731,78.3509,91.4927,171.028,-1.38878,377.789,634.761,1014.11,1248.19,1569.75,5390.77,12753.7,32541.7,1006.85,2757.41,4328.32,522.063,675.256,462.919,121840,8944.19,12128.5,5.57804,5.35108,0,0,0.0734095,0,11.3596,20.9876,147.229,357.6,3278.79,8312.52,0.00121886,0.000243463,5,4,12,0.75,1,2.66143,1.71989,0.941539,0.0219279,0.156394,989,0,0,0,0,0.001,0,0,0,0,0,0,0,0,0,0,0,0,0,0,0,0,0,0,0,0,0,0,0,0,0,0,0,0,0,0,0,0,0,0.00404449,34.1,51.4345,24.7376,78.3639,21.923,523.682,574.395,0,0.927751,-0.362252,0.0897306,0.999973,0.418341,0.0874237,0.587302,0.74,972.472,1129.63,1582.02,2046.56,262.686,879.89,1564.9,176.29,1959.35,163.983,76.469,0.765082,-0.25169,-0.0410592,0.317603,0,0,0,0,0,0.0304956,54.1973,91.5228,1,0.968528,327.378,540.783,377.789,1014.17,409.632,670.67,1575.15,5399.45,7.3915e-05
1691509901473277353,1584,944,624,0.59596,20.559,41.3042,73.071,87.1141,222.087,-5.7721,381.751,705.352,1146.03,1392.31,1591.8,5494.36,12787.1,37058.8,1145.38,2844.38,4316.51,582.1,738.329,565.38,123011,9191.67,13152.3,5.04116,4.4637,0,0,0.0747222,0,20.8873,120.49,200.974,675.304,3792.38,8342.26,0.0158845,0.00263958,7,7,12,0.631579,1,2.60931,1.82439,0.784914,0.0215392,0.226854,944,0,0,0,0,0.001,0,0,0,0,0,0,0,0,0,0,0,0,0,0,0,0,0,0,0,0,0,0,0,0,0,0,0,0,0,0,0,0,0,0.0476695,22.7412,61.8922,20.1973,73.1615,19.0727,531.867,589.06,0,0.925358,-0.366143,0.0982449,0.999953,0.553613,0.103019,0.612903,0.76,984.268,1178.58,1532.05,2016.51,271.707,876.148,1515.25,158.26,2333.76,131.859,357.729,1.38526,0.321074,-0.15929,0.104218,0,0,0,0,0,0.0707071,136.22,86.7389,0.933333,0.978865,502.118,1459.1,381.415,1116,656.486,1970.53,1636.77,5602.25,0.040704
1691509901571284044,1619,1066,536,0.658431,21.1881,40.6681,70.4831,88.5343,164.938,-5.73854,390.797,679.373,1076.7,1394.03,1497.1,5467.73,13219.7,21637.8,1136.41,2836.38,4009.65,581.809,677.524,615.763,130756,9865.64,13455.6,9.41998,4.55279,0,0,0.0754505,0,24.7917,44.2246,200.26,447.626,3545.3,9193.4,0.000119286,2.02653e-05,3,3,8,0.727273,1,2.38549,1.51148,0.874009,0.019991,0.13072,1066,0,0,0,0,0.001,0,0,0,0,0,0,0,0,0,0,0,0,0,0,0,0,0,0,0,0,0,0,0,0,0,0,0,0,0,0,0,0,0,0.0412758,17.0762,67.5169,21.508,70.4636,14.3173,549.366,585.316,0,0.927115,-0.363889,0.0896764,0.999959,0.517529,0.100811,0.550388,0.71,1001.7,1179.48,1598.47,2155.11,279.611,886.883,1563.69,149.232,2487.95,195.875,137.576,0.529971,-1.62143,-1.14125,-0.28303,0,0,0,0,0,0.0370599,115.374,86.6723,0.909091,0.973581,355.111,1870.64,391.766,1061.35,548.826,2683.11,1538.79,5697.13,0.00649699
1691509901669164420,1537,1004,513,0.653221,25.4643,48.9466,80.3807,93.6284,194.809,-4.80153,412.867,712.451,1050.04,1265.89,1629.64,5218.02,13237.2,23979.7,1831.57,2954.91,3718.32,562.964,669.25,624.098,137558,8919.9,12549.4,4.1571,6.91351,0,0,0.0648447,0,26.9715,46.9467,151.924,558.315,3644.69,8120.54,0.0116337,0.00212359,6,6,8,0.571429,1,2.73297,1.68436,1.04861,0.0257496,0.114728,1004,0,0,0,0,0.001,0,0,0,0,0,0,0,0,0,0,0,0,0,0,0,0,0,0,0,0,0,0,0,0,0,0,0,0,0,0,0,0,0,0.0159363,42.3069,104.782,25.1675,78.9406,14.656,547.239,595.105,0,0.926165,-0.36539,0.0933224,0.999992,0.232376,0.0541766,0.538462,0.7,1012.2,1250.54,1588.56,2229.75,290.686,887.889,1571.91,141.056,2849.37,168.311,135.531,0.341269,0.902638,0.22769,-0.510357,0,0,0,0,0,0.0130124,124.053,93.5534,0.875,0.964575,691.671,2191.88,404.574,1032.5,1092.07,3467.99,1639.99,5238.24,0.00572164
1691509901766891351,1808,1270,521,0.702434,21.6991,46.0662,76.4609,92.7887,190.683,-0.0303608,390.96,696.598,1077.61,1382.31,1567.89,5433.1,12235.7,92594.7,2292.44,2680.49,3568.93,590.532,597.245,608.252,132418,19290.9,28037.5,9.37062,12.6045,0,0,0.145682,0,37.4307,75.9943,703.435,1779.43,7985.52,17455.7,0.000603516,0.000268568,3,3,8,0.727273,1,2.9039,1.68847,1.21543,0.0127881,0.0758542,1270,0,0,0,0,0.001,0,0,0,0,0,0,0,0,0,0,0,0,0,0,0,0,0,0,0,0,0,0,0,0,0,0,0,0,0,0,0,0,0,0.00472441,8.56936,34.7025,21.7685,76.4701,15.8408,542.144,579.016,0,0.926638,-0.363553,0.0957633,0.999995,0.177129,0.0290883,0.515152,0.68,972.851,1194,1580.4,2139.5,294.963,867.865,1545.27,115.645,2907.65,2108.91,355.427,0.294656,-1.21851,1.0085,-0.221014,0,0,0,0,0,0.00331858,47.0217,92.9097,1,0.963608,102.567,528.893,391.112,1078.04,157.66,756.957,1571.31,5445.89,4.79935e-05
1691509901864514657,1740,1270,467,0.729885,23.4911,48.3331,77.293,92.4889,192.393,-3.72632,392.34,671.469,1020.42,1272.85,1642.25,5232.69,11516,22825.6,2443.99,2453.46,3291.74,596.054,603.18,589.566,129768,9796.01,14248.1,3.99816,3.81217,0,0,0.0754888,0,28.5226,37.3934,166.036,572.869,5102.5,8340.77,0.00911202,0.00132101,5,4,13,0.764706,1,2.88154,1.63943,1.24211,0.0187839,0.0443531,1270,0,0,0,0,0.001,0,0,0,0,0,0,0,0,0,0,0,0,0,0,0,0,0,0,0,0,0,0,0,0,0,0,0,0,0,0,0,0,0,0,0,0,23.4911,77.293,19.5208,505.989,552.491,0,0.927091,-0.361306,0.0998022,0.999989,0.266086,0.0730945,0.481481,0.65,965.826,1157.24,1527.25,2116.08,283.073,872.201,1502.57,132.705,2741.84,166.047,157.061,-0.69915,-0.0698016,0.543664,0.00424258,0,0,0,0,0,0,0,92.4889,0,0.970079,0,0,392.34,1020.42,0,0,1642.25,5232.69,0
1691509901961888902,1702,1273,415,0.747944,21.9959,42.8228,69.6197,86.0015,187.368,-4.33353,385.093,652.862,1007.96,1222.34,1636.26,5144.32,11940.3,23041.8,2504.87,2506.21,3418.2,599.289,587.602,589.862,126327,10499.8,15062.1,2.49493,2.88152,0,0,0.0831159,0,20.391,31.0344,252.996,570.254,4947.44,9239.98,0.0355929,0.00232989,10,10,14,0.583333,1,2.58192,1.54814,1.03378,0.0300353,0.200494,1273,0,0,0,0,0.001,0,0,0,0,0,0,0,0,0,0,0,0,0,0,0,0,0,0,0,0,0,0,0,0,0,0,0,0,0,0,0,0,0,0,0,0,21.9959,69.6197,19.7605,501.767,533.473,0,0.928164,-0.357773,0.102515,0.99999,0.262519,0.104776,0.550388,0.71,961.047,1161.17,1484,1981.3,292.165,893.479,1470.38,157.083,2731.48,279.715,126.486,-0.121433,-0.2059,1.20868,0.132407,0,0,0,0,0,0,0,86.0015,0,0.977219,0,0,385.093,1007.96,0,0,1636.26,5144.32,0
1691509902058722652,1856,1415,434,0.762392,23.7163,44.1412,71.219,85.2231,178.548,-3.81756,383.615,668.41,981.207,1192.31,1574.17,5259.64,10800.4,19850.9,2353.01,2544.79,3507.81,606.989,585.158,572.031,132708,10514,15107.2,4.60143,6.08996,0,0,0.0792266,0,23.15,29.4666,197.253,506.451,5268.59,9082.32,0.00152809,0.000362919,4,3,9,0.75,1,2.79939,1.57906,1.22033,0.0298254,0.299989,1415,0,0,0,0,0.001,0,0,0,0,0,0,0,0,0,0,0,0,0,0,0,0,0,0,0,0,0,0,0,0,0,0,0,0,0,0,0,0,0,0,0,0,23.7163,71.219,18.5306,494.95,518.519,0,0.926883,-0.360948,0.102979,0.999994,0.19796,0.168542,0.587302,0.74,951.76,1136.82,1481.65,1992.29,293.854,888.57,1468.84,161.599,2736.99,197.754,139.088,0.752794,1.1433,-0.0690738,-1.32438,0,0,0,0,0,0,0,85.2231,0,0.975972,0,0,383.615,981.207,0,0,1574.17,5259.64,0
1691509902156015344,1930,1324,585,0.68601,21.5874,41.0006,67.2785,82.4382,185.043,-3.1201,404.645,685.295,1024.24,1259.12,1717.93,5391.68,12082.7,21785.8,2290.22,2847.93,3481.35,603.233,616.404,586.789,142208,10545.7,15464.3,6.02944,5.99706,0,0,0.0741567,0,26.0762,32.1724,202.86,547.041,6011.33,8644.81,7.36403,0.0140037,5,4,1,0.2,1,2.54688,1.53989,1.00699,0.0264835,0.183837,1324,0,0,0,0,0.001,0,0,0,0,0,0,0,0,0,0,0,0,0,0,0,0,0,0,0,0,0,0,0,0,0,0,0,0,0,0,0,0,0,0,0,0,21.5874,67.2785,18.1661,484.951,531.883,0,0.926424,-0.362558,0.101442,0.999997,0.130175,0.269283,0.574803,0.73,948.079,1128.49,1533.91,1973.17,289.023,897.615,1528.72,134.856,2690.86,197.837,168.043,0.958348,-0.591097,-0.960853,0.591649,0,0,0,0,0,0,0,82.4382,0,0.980363,0,0,404.645,1024.24,0,0,1717.93,5391.68,0
1691509902254531903,1804,1339,455,0.742239,22.8073,44.7442,72.7491,87.5094,173.21,-3.16057,393.503,668.013,950.602,1225.77,1584.18,5006.63,11521.6,22078.1,2044.16,2872.86,3001.42,544.287,599.369,601.148,140078,10245.6,15066.3,6.41227,6.75848,0,0,0.0731422,0,25.4753,32.5591,176.776,547.384,5996.99,8287.15,0.004599,0.00103474,4,4,8,0.666667,1,2.60949,1.42368,1.18581,0.0240208,0.12751,1339,0,0,0,0,0.001,0,0,0,0,0,0,0,0,0,0,0,0,0,0,0,0,0,0,0,0,0,0,0,0,0,0,0,0,0,0,0,0,0,0,0,0,22.8073,72.7491,14.6286,495.052,533.32,0,0.925136,-0.365886,0.101248,0.999994,0.204764,0.0155733,0.526718,0.69,950.217,1130.23,1457.33,1990.59,271.49,891.509,1450.5,124.688,2654.38,178.399,164.993,0.938734,-1.18867,-0.955144,1.13461,0,0,0,0,0,0,0,87.5094,0,0.971621,0,0,393.503,950.602,0,0,1584.18,5006.63,0
1691509902354113894,1736,1310,415,0.754608,23.113,44.9643,67.4316,82.4874,189.67,-3.85599,420.785,690.335,965.531,1249.55,1855.65,5400.81,12331.1,26602.3,1946.25,3621.47,3156.98,526.917,566.837,645.61,137814,11767.8,17179.4,7.00643,3.60815,0,0,0.085389,0,29.2044,36.1975,197.813,540.525,6762.06,9613.64,0.000412095,7.01452e-05,3,2,9,0.818182,1,2.70071,1.5992,1.10152,0.0250127,0.111513,1310,0,0,0,0,0.001,0,0,0,0,0,0,0,0,0,0,0,0,0,0,0,0,0,0,0,0,0,0,0,0,0,0,0,0,0,0,0,0,0,0,0,0,23.113,67.4316,14.0756,494.858,544.066,0,0.925257,-0.366621,0.0974086,0.999992,0.224087,0.0987711,0.5625,0.72,946.451,1102.17,1476.49,1984.19,277.876,898.013,1467.9,121.238,2695.75,198.341,187.224,1.1117,-0.304614,0.951771,0.425365,0,0,0,0,0,0,0,82.4874,0,0.974809,0,0,420.785,965.531,0,0,1855.65,5400.81,0
1691509902455069307,1751,1338,406,0.764135,18.9383,38.0385,61.8618,77.179,167.677,-4.84106,390.702,696.256,1047.6,1296.37,1765.04,5747.97,14047.9,35162.6,1711.95,3844.91,3207.71,583.034,559.05,704.269,138630,13192,19425.2,4.00346,3.46041,0,0,0.0951596,0,22.0346,48.7225,201.887,659.565,8116.24,10376.7,0.000368512,7.28139e-05,3,3,8,0.727273,1,2.68491,1.80345,0.881458,0.0297489,0.10785,1338,0,0,0,0,0.001,0,0,0,0,0,0,0,0,0,0,0,0,0,0,0,0,0,0,0,0,0,0,0,0,0,0,0,0,0,0,0,0,0,0,0,0,18.9383,61.8618,20.4922,501.225,557.283,0,0.927974,-0.360111,0.0958308,0.999974,0.414149,0.0197503,0.5625,0.72,923.03,1099.7,1428.31,1812.21,266.38,865.106,1420.12,129.005,2750.39,200.455,238.79,-0.257882,-0.572372,-0.827678,0.356885,0,0,0,0,0,0,0,77.179,0,0.987294,0,0,390.702,1047.6,0,0,1765.04,5747.97,0
1691509902556222605,1557,1125,420,0.722543,21.6504,42.9699,70.6238,88.3593,164.371,-3.4901,439.451,710.319,1034.05,1313.12,1936.88,5554.07,12806,36663.8,1433.44,3850.31,3185.22,584.776,548.646,716.277,138516,11288.4,16730.6,6.1307,5.30353,0,0,0.0814953,0,24.0111,45.639,187.25,630.123,7060.26,8783.3,0.00276663,0.00153311,5,5,8,0.615385,1,2.68833,1.73929,0.94904,0.0173447,0.123104,1125,0,0,0,0,0.001,0,0,0,0,0,0,0,0,0,0,0,0,0,0,0,0,0,0,0,0,0,0,0,0,0,0,0,0,0,0,0,0,0,0,0,0,21.6504,70.6238,16.6158,504.651,583.734,0,0.925949,-0.362378,0.1063,0.999941,0.624597,0.106406,0.550388,0.71,967.701,1157.53,1458.63,2101.45,281.808,907.059,1446.55,137.961,2751.4,202.965,206.007,0.40288,-0.215343,0.121683,0.227775,0,0,0,0,0,0,0,88.3593,0,0.967111,0,0,439.451,1034.05,0,0,1936.88,5554.07,0
1691509902658603175,1569,1226,335,0.781389,21.8948,40.4937,64.2003,79.2412,167.012,-3.46945,424.578,736.914,1056.32,1285.68,1883.73,5486.55,12118.4,29243,1324.27,4260.47,2801.47,612.926,485.131,745.321,130843,11130.6,16570.9,6.07523,6.00187,0,0,0.085068,0,24.0858,42.4612,190.986,810.803,6520.86,8981.75,0.00707646,0.00156568,11,11,12,0.521739,1,2.46116,1.58524,0.875922,0.0401633,0.160747,1226,0,0,0,0,0.001,0,0,0,0,0,0,0,0,0,0,0,0,0,0,0,0,0,0,0,0,0,0,0,0,0,0,0,0,0,0,0,0,0,0,0,0,21.8948,64.2003,18.7772,512.471,572.752,0,0.923925,-0.368942,0.101215,0.999963,0.489656,0.0689008,0.550388,0.71,950.159,1158.83,1500.9,2296.84,271.177,848.48,1455.37,109.184,2717.11,194.744,240.968,0.612028,-1.01153,-0.227632,1.18209,0,0,0,0,0,0,0,79.2412,0,0.985318,0,0,424.578,1056.32,0,0,1883.73,5486.55,0
1691509902761361295,1801,1275,507,0.70794,23.4426,45.4472,67.841,81.2178,173.322,-6.766,431.265,754.797,1039.06,1229.08,1860.92,5715.9,10439.5,22640.8,1475.27,4353.93,2679.63,656.918,432.572,768.945,130490,10575.7,15878.1,3.36797,4.06771,0,0,0.081046,0,24.1803,45.4349,513.331,799.349,5533.7,8962.09,0.00481965,0.00143814,6,5,12,0.705882,1,2.9798,1.93788,1.04192,0.0202094,0.120525,1275,0,0,0,0,0.001,0,0,0,0,0,0,0,0,0,0,0,0,0,0,0,0,0,0,0,0,0,0,0,0,0,0,0,0,0,0,0,0,0,0.00627451,19.1133,74.113,23.5204,67.7991,17.8768,519.692,561.431,0,0.92592,-0.361269,0.110256,0.999928,0.688962,0.114953,0.481481,0.65,959.925,1185.71,1537.8,2313.85,287.584,866.579,1524.37,134.182,2612.01,514.67,273.371,0.165939,0.115505,-0.382806,0.159608,0,0,0,0,0,0.0172127,91.578,81.1187,0.875,0.982636,517.423,7424.35,429.772,1035.46,662.464,9309.64,1865.66,5706.58,0.033235
1691509902863783989,1739,1275,439,0.73318,21.1217,42.7934,68.8944,84.9132,159.335,-6.80506,435.649,735.027,1100.67,1344.71,1845.15,5379.37,11430.1,18321.6,1655.34,4049.89,2742.88,698.144,346.645,780.205,133848,10197.6,14965.5,3.60026,3.55443,0,0,0.0761883,0,16.1992,54.1642,218.987,777.825,5111.56,8786.78,0.00929783,0.00105198,5,4,12,0.75,1,2.5341,1.53763,0.996472,0.0170249,0.176991,1275,0,0,0,0,0.001,0,0,0,0,0,0,0,0,0,0,0,0,0,0,0,0,0,0,0,0,0,0,0,0,0,0,0,0,0,0,0,0,0,0.000784314,30.8529,30.8529,21.1058,69.0098,16.3676,494.129,545.504,0,0.926876,-0.360957,0.103012,0.999973,0.419002,0.0195457,0.470588,0.64,965.365,1146.31,1445.46,2069.2,287.269,905.759,1439.39,134.407,2565.16,228.187,284.189,0.504703,0.711869,-0.14736,-0.815742,0,0,0,0,0,0.0207016,30.8529,84.9159,1,0.980377,732.043,732.043,435.449,1100.69,940.033,940.033,1846.64,5386.14,5.90466e-05
1691509902966309032,1704,1096,584,0.643192,21.8714,43.1243,70.3699,81.7862,172.786,-9.50555,445.525,733.376,1055.22,1342.39,2050.03,5666.78,12465.4,22400.7,2138.3,3903.69,2845.9,663.916,396.081,749.452,132095,10206,14916,10.1597,9.61769,0,0,0.0772626,0,29.0971,48.294,245.514,788.606,4878.16,8926.36,0.00493965,0.00116635,6,5,12,0.705882,1,2.40044,1.51507,0.885367,0.0188943,0.289745,1096,0,0,0,0,0.001,0,0,0,0,0,0,0,0,0,0,0,0,0,0,0,0,0,0,0,0,0,0,0,0,0,0,0,0,0,0,0,0,0,0,0,0,21.8714,70.3699,19.9856,476.761,530.253,0,0.928267,-0.356434,0.106182,0.999984,0.326356,0.0281887,0.503759,0.67,958.202,1139.52,1527.07,2229.31,289.274,918.514,1523.99,142.597,2368.99,243.583,263.395,-0.0564041,1.68338,-0.599146,-1.96319,0,0,0,0,0,0.0217136,0,81.7862,0,0.981752,0,0,445.525,1055.22,0,0,2050.03,5666.78,0
1691509903069454216,1503,1114,380,0.741184,21.988,43.1434,65.2569,76.201,139.727,-7.87705,437.754,752.586,1122.76,1387.2,1850.63,5783.22,12586.7,66658.5,2365.67,4055.41,2790.66,701.376,423.959,812.211,128851,12977.2,19556.9,8.26594,8.13426,0,0,0.100715,0,29.0639,69.5914,508.007,2081.85,5152.58,11715.8,0.00444849,0.0012294,4,4,8,0.666667,1,2.46827,1.68425,0.784022,0.0157555,0.482692,1114,0,0,0,0,0.001,0,0,0,0,0,0,0,0,0,0,0,0,0,0,0,0,0,0,0,0,0,0,0,0,0,0,0,0,0,0,0,0,0,0,0,0,21.988,65.2569,19.1319,444.4,513.468,0,0.92734,-0.359431,0.104161,0.999993,0.213832,0.0884386,0.515152,0.68,972.811,1150.97,1537.45,2032.47,278.799,943.455,1539.81,158.459,2211.9,1182.88,409.216,-0.38276,0.169107,0.880467,-0.0903294,0,0,0,0,0,0,0,76.201,0,0.98833,0,0,437.754,1122.76,0,0,1850.63,5783.22,0
1691509903171938374,1475,1140,330,0.772881,22.9313,42.8316,65.2154,83.2387,186.262,-7.15686,419.571,724.409,1064.75,1310.52,1890.15,5895.11,11464.9,16361.6,2000.51,4021.42,3224.2,688.263,432.019,704.674,116843,10217.5,15014.8,29.0915,4.96322,0,0,0.0874466,0,14.0059,29.5735,201.149,732.385,5392.28,8645.38,0.000215977,3.64466e-05,2,2,8,0.8,1,2.39218,1.46403,0.928152,0.00862464,0.240466,1140,0,0,0,0,0.001,0,0,0,0,0,0,0,0,0,0,0,0,0,0,0,0,0,0,0,0,0,0,0,0,0,0,0,0,0,0,0,0,0,0,0,0,22.9313,65.2154,17.4712,424.357,528.172,0,0.929237,-0.353903,0.106163,0.999981,0.353959,0.0571037,0.470588,0.64,971.376,1141.65,1504.21,2221.07,279.193,951.233,1508.52,112.013,2006.39,202.848,231.77,-0.471595,-0.31643,1.27047,-0.957032,0,0,0,0,0,0,0,83.2387,0,0.972807,0,0,419.571,1064.75,0,0,1890.15,5895.11,0
1691509903273106853,1528,1102,416,0.721204,23.9163,43.3303,66.6766,83.5874,183.574,-8.78492,437.151,729.465,1142.77,1384.98,1917.82,5601.42,13256.6,16475.6,2051.83,3868.83,3033.79,640.393,520.114,759.759,116633,10327.6,15228,2.75861,2.68933,0,0,0.0885482,0,15.2236,29.305,187.428,671.084,5826.45,8498.55,0.0093912,0.00173924,7,7,11,0.611111,1,2.42588,1.50135,0.924528,0.0275654,0.311376,1102,0,0,0,0,0.001,0,0,0,0,0,0,0,0,0,0,0,0,0,0,0,0,0,0,0,0,0,0,0,0,0,0,0,0,0,0,0,0,0,0,0,0,23.9163,66.6766,20.1193,461.012,525.869,0,0.929857,-0.350011,0.113394,0.999966,0.471855,0.0945126,0.481481,0.65,981.556,1189.78,1645.97,2035.1,276.828,963.86,1640.77,170.803,2201.64,179.664,209.016,-0.367707,0.0938984,-0.327651,-0.105249,0,0,0,0,0,0,0,83.5874,0,0.977314,0,0,437.151,1142.77,0,0,1917.82,5601.42,0
1691509903373505841,1691,1271,418,0.751626,21.3313,41.9509,62.9312,76.3049,146.736,-5.41867,404.765,667.151,1070.73,1310.44,1672.18,5316.64,12626.9,20817.7,1595.04,3620.14,2947.55,606.332,496.561,711.14,125220,9516.63,14279.1,0.926749,0.538817,0,0,0.0759992,0,15.0806,31.5424,182.891,823.336,5520.59,7705.63,0.00659631,0.00057386,6,6,8,0.571429,1,2.3733,1.46776,0.905543,0.0227679,0.159603,1271,0,0,0,0,0.001,0,0,0,0,0,0,0,0,0,0,0,0,0,0,0,0,0,0,0,0,0,0,0,0,0,0,0,0,0,0,0,0,0,0,0,0,21.3313,62.9312,20.1384,488.439,542.423,0,0.930671,-0.348913,0.110055,0.999993,0.206745,0.0561105,0.526718,0.69,978.311,1125.89,1582.94,2132.27,275.466,933.155,1562.71,146.303,2101.35,183.952,213.989,0.731245,-0.292834,0.125898,-0.094147,0,0,0,0,0,0,0,76.3049,0,0.983478,0,0,404.765,1070.73,0,0,1672.18,5316.64,0
1691509903473048901,1548,1139,395,0.735788,24.906,44.5012,69.6336,79.9614,155.516,-8.1476,425.66,725.677,1116.64,1355.11,1871.17,5087.28,13254.2,20849.8,1407.12,3606.02,3366.42,655.972,584.721,662.485,124405,9717.39,14445.1,4.5569,5.39281,0,0,0.0781112,0,8.08577,38.7328,199.393,670.468,5662.32,7866.06,0.0105988,0.00201558,6,6,8,0.571429,1,2.32784,1.39962,0.928215,0.0250244,0.112515,1139,0,0,0,0,0.001,0,0,0,0,0,0,0,0,0,0,0,0,0,0,0,0,0,0,0,0,0,0,0,0,0,0,0,0,0,0,0,0,0,0,0,0,24.906,69.6336,17.681,531.169,557.15,0,0.93156,-0.346802,0.109194,0.999997,0.140179,0.440075,0.503759,0.67,989.502,1159.73,1594.26,2141.26,274.754,906.679,1585.86,144.423,2444.89,192.427,168.408,0.34531,1.24947,0.0934623,-1.36598,0,0,0,0,0,0,0,79.9614,0,0.982441,0,0,425.66,1116.64,0,0,1871.17,5087.28,0
1691509903571805575,1564,1140,411,0.7289,26.8824,47.0381,70.7354,85.1744,179.084,-5.74046,452.085,725.158,1099.38,1367.33,1838.83,5310.88,12465.5,26211.2,1267.25,3718.45,3260.18,639.26,585.782,669.94,128772,9363.87,13950.9,9.02638,8.46434,0,0,0.0727165,0,22.9567,36.7534,212.37,662.793,5392.76,7623.25,0.00105362,0.000751512,4,3,12,0.8,1,2.87111,1.86403,1.00708,0.0225013,0.236226,1140,0,0,0,0,0.001,0,0,0,0,0,0,0,0,0,0,0,0,0,0,0,0,0,0,0,0,0,0,0,0,0,0,0,0,0,0,0,0,0,0,0,0,26.8824,70.7354,19.9786,551.289,600.733,0,0.931132,-0.347008,0.112152,0.999996,0.171644,0.228096,0.515152,0.68,996.763,1178.08,1539.08,2128.52,263.289,888.557,1466.64,146.905,2525.63,198.305,189.104,-0.160666,1.8485,0.270011,-0.620572,0,0,0,0,0,0,0,85.1744,0,0.979825,0,0,452.085,1099.38,0,0,1838.83,5310.88,0
1691509903670145875,1708,1228,470,0.71897,21.1651,40.4186,61.9889,74.7097,147.073,-6.04697,410.223,710.35,1098.35,1353.09,1694.91,5059.39,12003.9,33978.4,1384.13,3740.42,2883.7,558.105,546.694,744.072,128144,11117.4,16747.5,26.7462,5.8111,0,0,0.0867572,0,20.579,45.408,159.602,949.695,6943.34,8628.84,5.84833e-05,4.28916e-05,2,2,8,0.8,1,2.45466,1.61887,0.835788,0.0227665,0.145096,1228,0,0,0,0,0.001,0,0,0,0,0,0,0,0,0,0,0,0,0,0,0,0,0,0,0,0,0,0,0,0,0,0,0,0,0,0,0,0,0,0.00895765,43.2889,128.55,21.1386,61.7591,21.9367,552.439,590.624,0,0.930572,-0.346563,0.118027,0.999982,0.339104,0.0558052,0.515152,0.68,1019.01,1167.02,1559.18,2316.45,290.081,907.097,1494.29,149.162,2580.95,169.368,239.47,0.622633,-3.40608,-0.110855,0.214123,0,0,0,0,0,0.0398126,137.811,74.184,0.818182,0.989318,570.651,1861.08,409.906,1090.62,830.379,2881.56,1704.46,5091.77,0.00148375
1691509903767957818,1827,1278,529,0.699507,24.3361,43.1477,64.5065,78.5505,188.334,-4.88548,438.39,779.344,1213.95,1450.9,1733.44,5424.84,12726.4,247533,1537.18,3615.32,3074.07,656.133,605.047,797.03,136855,47070.4,56943.1,6.65728,21.1164,0,0,0.343944,0,48.2216,133.381,404.172,2209.18,7779.67,46368.4,0.00275823,0.000364392,3,3,8,0.727273,1,2.60706,1.58224,1.02482,0.0251854,0.159233,1278,0,0,0,0,0.001,0,0,0,0,0,0,0,0,0,0,0,0,0,0,0,0,0,0,0,0,0,0,0,0,0,0,0,0,0,0,0,0,0,0.0399061,18.2922,63.3626,24.5759,64.5105,20.9688,556.602,580.429,0,0.930641,-0.34929,0.109104,0.999956,0.534621,0.205999,0.481481,0.65,1026.4,1191.24,1643.92,2534.44,287.239,923.864,1598.29,154.048,2630.79,1058.98,4191.24,0.98102,-0.823935,-3.38263,-6.82457,0,0,0,0,0,0.0437876,90.0983,78.3875,0.941176,0.97555,362.33,1074.48,441.17,1215.65,528.043,1627.52,1815.57,5608.84,0.000978173
1691509903865590814,1843,1330,502,0.721649,23.0518,41.5652,61.3028,74.4267,161.943,-3.1133,413.306,766.478,1187.24,1431.31,1694.49,5602.72,11693.7,47620,1826.45,3790.96,2923.89,621.123,607.077,858.472,146159,12948,19576.9,4.59214,1.86517,0,0,0.0885881,0,32.7273,66.5636,243.235,1361.15,7203.43,10669.7,4.84739e-05,1.07123e-05,3,3,8,0.727273,1,2.81372,1.88886,0.924859,0.0271509,0.0784889,1330,0,0,0,0,0.001,0,0,0,0,0,0,0,0,0,0,0,0,0,0,0,0,0,0,0,0,0,0,0,0,0,0,0,0,0,0,0,0,0,0.0263158,14.2854,24.4406,23.5208,62.0954,23.0683,551.69,579.242,0,0.934343,-0.336969,0.115994,0.999894,0.836145,0.0484624,0.550388,0.71,1041.42,1233.53,1589.91,2490.19,279.828,956.35,1525.11,168.268,2629.82,240.437,325.051,-0.0400014,-0.559381,0.187078,-0.392538,0,0,0,0,0,0.020076,26.7445,75.0637,1,0.989189,327.178,948.067,415.904,1189.05,489.759,1479.57,1751.3,5633.53,0.00114023
1691509903963199130,1658,1099,554,0.662847,24.4185,43.8698,65.4754,78.5215,170.622,-6.15442,419.236,766.857,1227.81,1501.13,1850.35,5904.26,12503.6,37777.4,2019.31,4058.04,3050.41,652.468,577.084,835.409,152890,11407.6,16909.7,4.62577,4.6083,0,0,0.0746132,0,24.9878,96.4755,201.402,960.768,5932.53,9693.57,0.989753,0.0278301,6,5,9,0.642857,1,2.7637,1.91987,0.843829,0.0155678,0.249724,1099,0,0,0,0,0.001,0,0,0,0,0,0,0,0,0,0,0,0,0,0,0,0,0,0,0,0,0,0,0,0,0,0,0,0,0,0,0,0,0,0.00818926,11.7036,55.4824,24.6041,65.4335,16.4567,519.012,579.531,0,0.931754,-0.34345,0.117797,0.999974,0.413007,0.403719,0.515152,0.68,1051.05,1213.21,1691.28,2413.06,281.823,961.065,1599.95,115.886,2379.95,189.066,306.561,0.738548,-1.37791,-0.727521,1.35976,0,0,0,0,0,0.00603136,80.5919,77.9712,0.888889,0.976147,331.26,2741.57,419.307,1221.5,472.805,4307.01,1861.71,5903.99,0.00372975
1691509904060932463,1707,1040,651,0.609256,25.1661,43.2288,63.6879,79.3327,157.167,-5.54389,463.029,812.356,1289.06,1615.02,2050.01,6298.83,14206,21951.8,2457.18,4048.8,3356.92,673.033,655.228,832.841,154279,11716.4,17716.9,8.62614,7.09156,0,0,0.075943,0,28.4895,71.0007,225.4,1113.64,6819.15,9459.2,0.0115134,0.00177037,7,6,12,0.666667,1,2.30529,1.51258,0.792711,0.0234079,0.177716,1040,0,0,0,0,0.001,0,0,0,0,0,0,0,0,0,0,0,0,0,0,0,0,0,0,0,0,0,0,0,0,0,0,0,0,0,0,0,0,0,0,0,0,25.1661,63.6879,19.4484,500.539,568.013,0,0.934179,-0.337014,0.117181,0.999976,0.395641,0.0448319,0.526718,0.69,1053.08,1213.56,1653.38,2877.15,293.604,957.564,1592.57,152.663,2344.08,227.52,298.113,-0.291582,1.11567,-0.91891,-1.80774,0,0,0,0,0,0,0,79.3327,0,0.988462,0,0,463.029,1289.06,0,0,2050.01,6298.83,0
1691509904159292390,1642,1009,620,0.614495,24.9842,44.8665,66.4546,84.8891,152.877,-10.6306,470.944,814.004,1286.53,1551.87,2110.35,6228.62,13235.1,25840.8,2336.9,3952.27,3479.99,680.277,621.105,798.448,163902,10707.8,16322.5,5.37809,4.30807,0,0,0.0653308,0,24.1326,41.7284,201.518,1001.71,7133.83,7919.59,0.00117234,0.000181835,4,3,9,0.75,1,2.51106,1.6543,0.856765,0.0201944,0.131656,1009,0,0,0,0,0.001,0,0,0,0,0,0,0,0,0,0,0,0,0,0,0,0,0,0,0,0,0,0,0,0,0,0,0,0,0,0,0,0,0,0,0,0,24.9842,66.4546,21.7522,509.316,575.932,0,0.933842,-0.337853,0.117445,1,0.0539583,0.0120386,0.538462,0.7,1032.1,1244.38,1613.72,2515.46,291.434,971.317,1602.28,160.099,2323.8,197.423,236.639,-0.214464,0.759785,1.25678,-0.46046,0,0,0,0,0,0,0,84.8891,0,0.973241,0,0,470.944,1286.53,0,0,2110.35,6228.62,0
1691509904258687999,1568,1012,538,0.645408,25.7391,50.7543,78.3857,94.0886,189.284,-11.5178,487.526,846.323,1313.07,1682.58,2057.6,6759.39,16573.3,29332.6,2132.21,4280.8,4219.08,744.99,673.791,779.692,164260,14056.4,21146.2,2.97599,4.3042,0,0,0.0855738,0,32.9834,75.2851,278.054,1016.89,8985.36,10757.6,0.00453507,0.00302454,5,5,10,0.666667,1,2.89728,1.85461,1.04267,0.0183509,0.0575176,1012,0,0,0,0,0.001,0,0,0,0,0,0,0,0,0,0,0,0,0,0,0,0,0,0,0,0,0,0,0,0,0,0,0,0,0,0,0,0,0,0.0167984,29.018,118.564,25.7048,77.7827,19.3051,525.501,590.193,0,0.933951,-0.337586,0.117348,1,0.0174435,0.0192722,0.550388,0.71,1061.3,1227.14,1683.52,2567,290.388,984.426,1648.44,126.397,2128.31,281.93,247.284,-0.277612,-0.160682,0.105029,0.281411,0,0,0,0,0,0.0133929,134.422,92.7841,0.764706,0.964824,632.587,1168.81,484.932,1319.56,923.983,1904.62,2087.46,6793.4,0.00213645
1691509904358962661,1487,845,626,0.568258,28.9566,54.4238,78.1594,91.5499,172.694,-14.3934,464.608,844.638,1313.68,1573.78,1965.39,7025.17,15026.3,20732.8,1920.47,4081.11,4646.5,736.841,658.627,793.543,152659,10561.2,15740.7,7.83328,7.60189,0,0,0.0691818,0,23.3356,52.8022,188.601,597.756,6958.19,7920.01,0.00153261,0.000454076,4,4,10,0.714286,1,2.53031,1.63053,0.89978,0.0199223,0.129905,845,0,0,0,0,0.001,0,0,0,0,0,0,0,0,0,0,0,0,0,0,0,0,0,0,0,0,0,0,0,0,0,0,0,0,0,0,0,0,0,0.0331361,21.6188,90.5924,29.1149,77.3709,15.8212,516.181,579.998,0,0.934331,-0.336313,0.117978,0.999999,0.0842813,0.0187538,0.503759,0.67,1051.93,1207.27,1683.6,2628.37,281.596,997.888,1668.89,109.375,1974.9,185.441,192.581,0.991762,-0.157297,1.10169,-0.780233,0,0,0,0,0,0.0342972,115.636,91.3557,0.928571,0.9694,452.873,1594.19,464.608,1295.54,664.981,2467.55,2056.81,7151.58,0.00406154
1691509904460286398,1686,936,739,0.55516,26.4635,47.5559,72.4431,92.1097,176.117,-10.7078,417.979,766.624,1231.47,1591.58,1729.16,6122.84,14684.9,23856.7,1756.2,3611.82,3953.72,689.27,642.165,670.782,157523,9919.91,14821.8,8.94817,10.612,0,0,0.0629742,0,27.0209,48.6098,193.58,565.677,6656.52,7330.4,0.00143123,0.000521447,4,4,8,0.666667,1,2.89453,1.98534,0.909189,0.0245255,0.14168,936,0,0,0,0,0.001,0,0,0,0,0,0,0,0,0,0,0,0,0,0,0,0,0,0,0,0,0,0,0,0,0,0,0,0,0,0,0,0,0,0.0213675,14.8619,42.7906,26.6899,72.4983,16.0897,512.526,566.384,0,0.934594,-0.334693,0.120477,0.999996,0.1713,0.0891078,0.408451,0.58,1029.03,1229.42,1682.86,2021.09,281.013,946.348,1671.59,114.258,1980.12,187.719,175.271,1.78053,0.282352,-1.07343,0.257001,0,0,0,0,0,0.0462633,48.7776,93.1803,1,0.959607,681.644,2047.53,415.208,1183.65,1022.24,3147.63,1743.4,6169.62,0.00427849
1691509904562238871,1610,882,709,0.547826,30.9591,53.8559,77.3237,90.5248,169.598,-17.7154,429.017,722.523,1185.66,1547.74,1719,5876.27,13558.5,23780,1591.27,3691.01,3940.46,655.426,631.203,652.502,153621,8632.91,12894.4,3.9841,6.08161,0,0,0.0561963,0,21.5704,37.4934,165.149,593.786,5255.4,6821.01,8.12686e-05,3.66741e-05,2,2,8,0.8,1,2.56441,1.58796,0.976447,0.0155372,0.133259,882,0,0,0,0,0.001,0,0,0,0,0,0,0,0,0,0,0,0,0,0,0,0,0,0,0,0,0,0,0,0,0,0,0,0,0,0,0,0,0,0.00113379,22.4441,22.4441,30.9979,77.3367,15.3331,511.704,567.963,0,0.932564,-0.339263,0.123388,0.999983,0.331534,0.0593437,0.470588,0.64,1003.65,1226.87,1781.55,2400.54,270.962,934.469,1761.19,111.612,2078.44,170.969,140.351,1.10635,-0.638196,0.674058,-0.0269502,0,0,0,0,0,0.0111801,22.4441,90.5394,1,0.961407,2.10924e-12,2.10924e-12,429.455,1186.79,2.81877e-12,2.81877e-12,1720.06,5882.1,6.16194e-34
1691509904664682313,1650,888,745,0.538182,27.4714,48.0165,76.2559,88.5426,174.686,-11.7947,439.373,730.053,1161.85,1486.33,1746.4,6006.24,12847.7,26527.1,1699.78,4134.76,3675.8,630.602,578.271,738.147,150093,8206.73,12406.2,2.84105,2.96057,0,0,0.0546777,0,18.4224,36.9464,198.527,682.184,5006.56,6463.61,0.000636859,0.000293852,6,5,12,0.705882,1,2.82146,1.97225,0.849205,0.0184905,0.131076,888,0,0,0,0,0.001,0,0,0,0,0,0,0,0,0,0,0,0,0,0,0,0,0,0,0,0,0,0,0,0,0,0,0,0,0,0,0,0,0,0,0,0,27.4714,76.2559,13.9917,498.896,576.112,0,0.933772,-0.336086,0.122949,0.999994,0.196351,0.0543587,0.41844,0.59,987.919,1192.33,1588.87,2385.66,261.16,910.132,1547.66,124.985,1966.74,210.193,201.931,0.473242,0.241169,-0.0944528,-0.306147,0,0,0,0,0,0,0,88.5426,0,0.976351,0,0,439.373,1161.85,0,0,1746.4,6006.24,0
1691509904767346143,1757,863,874,0.491178,29.825,53.8107,73.9635,89.9688,178.857,-16.5068,480.356,795.723,1216.15,1481.74,2147.37,6397.38,13281,22662.3,1652.22,4213.07,4112.82,660.168,745.658,705.098,148752,9633.66,14426.6,2.88569,2.64681,0,0,0.0647634,0,14.9731,25.3922,249.01,702.897,5714.73,7719.61,0.00250806,0.000488765,5,4,12,0.75,1,2.9831,2.06597,0.917128,0.0175383,0.238204,863,0,0,0,0,0.001,0,0,0,0,0,0,0,0,0,0,0,0,0,0,0,0,0,0,0,0,0,0,0,0,0,0,0,0,0,0,0,0,0,0,0,0,29.825,73.9635,16.8367,502.029,575.135,0,0.933882,-0.337453,0.118278,0.999988,0.278923,0.0186563,0.388889,0.56,990.639,1221.26,1646.46,2485.76,269.004,926.454,1613.87,98.0284,2213.85,266.24,151.936,1.19995,-1.5067,0.541349,0.388217,0,0,0,0,0,0,0,89.9688,0,0.97219,0,0,480.356,1216.15,0,0,2147.37,6397.38,0
1691509904869386016,1640,924,707,0.563415,30.9108,51.9421,78.4331,92.5329,172.911,-13.1131,440.586,754.782,1183.87,1475.54,1972.04,6369.01,13977.7,112804,1318.69,3971.09,4273,639.84,750.828,637.251,145094,22574.6,28198.7,7.04581,6.35791,0,0,0.155587,0,15.9618,22.9059,251.602,460.067,5580.45,21867.7,0.00838256,0.0014834,4,3,12,0.8,1,3.91626,2.89912,1.01714,0.0159133,0.179036,924,0,0,0,0,0.001,0,0,0,0,0,0,0,0,0,0,0,0,0,0,0,0,0,0,0,0,0,0,0,0,0,0,0,0,0,0,0,0,0,0,0,0,30.9108,78.4331,17.4757,486.808,562.716,0,0.934759,-0.333402,0.122754,0.999981,0.349514,0.0895534,0.470588,0.64,1038.88,1237.04,1629.87,2004.59,257.247,968.192,1616.18,93.4834,1947.72,276.78,156.932,1.7531,0.2573,-0.670116,-0.69135,0,0,0,0,0,0,0,92.5329,0,0.962121,0,0,440.586,1183.87,0,0,1972.04,6369.01,0
1691509904970552010,1685,871,798,0.516914,32.2338,52.7954,76.6203,92.1044,162.712,-13.6378,444.421,766.274,1133.7,1426.58,1960.02,6394.59,12811.4,37222,1275.73,3787.04,4883.5,658.999,750.857,604.404,149962,10958.8,15187.2,3.34714,3.15734,0,0,0.0730768,0,12.575,20.69,175.502,330.513,4806.75,9841.19,0.000405637,0.000118868,5,5,11,0.6875,1,2.63576,1.69872,0.937043,0.0164776,0.144055,871,0,0,0,0,0.001,0,0,0,0,0,0,0,0,0,0,0,0,0,0,0,0,0,0,0,0,0,0,0,0,0,0,0,0,0,0,0,0,0,0,0,0,32.2338,76.6203,12.4566,493.577,568.966,0,0.932739,-0.339352,0.121815,0.99998,0.364044,0.0126177,0.428571,0.6,1037.33,1262.06,1629.12,2112.47,285.642,928.484,1627.56,94.2723,2254.31,186.935,105.193,0.842857,1.1562,0.262069,-0.529373,0,0,0,0,0,0,0,92.1044,0,0.966705,0,0,444.421,1133.7,0,0,1960.02,6394.59,0
1691509905070776344,1590,768,804,0.483019,35.8641,58.967,87.5113,103.536,172.45,-21.5675,427.138,740.425,1104.63,1354.34,2018.26,6304.94,15585.1,23219.2,1350.48,3364.27,5138.85,626.974,725.267,547.871,151851,9752.92,13477.1,7.1287,6.02853,0,0,0.0642271,0,13.8098,18.9198,111.038,301.317,4268.82,8763.16,0.0352867,0.00376225,3,3,10,0.769231,1,2.99847,1.93092,1.06755,0.0178089,0.118601,768,0,0,0,0,0.001,0,0,0,0,0,0,0,0,0,0,0,0,0,0,0,0,0,0,0,0,0,0,0,0,0,0,0,0,0,0,0,0,0,0,0,0,35.8641,87.5113,14.832,501.455,566.713,0,0.932987,-0.337518,0.12497,0.999993,0.209623,0.0132035,0.503759,0.67,1064.34,1274.16,1642.19,2106.98,291.397,973.484,1622.25,101.359,2117.23,111.459,79.0865,0.271932,0.680511,-0.0084909,-0.698462,0,0,0,0,0,0,0,103.536,0,0.9375,0,0,427.138,1104.63,0,0,2018.26,6304.94,0
1691509905169947389,1398,719,657,0.514306,32.0546,52.576,73.0152,94.6587,175.202,-12.1462,482.062,825.961,1188.17,1550.17,2044.12,7067.36,15162.1,30853.9,1569.79,3595.69,5413.69,719.127,823.221,560.514,146769,10756.9,14715.4,3.34475,3.03092,0,0,0.0732915,0,12.8264,19.6135,182.717,288.524,4403.27,9808.45,0.0066358,0.00110679,5,4,11,0.733333,1,2.73333,1.94825,0.785082,0.0159008,0.0621033,719,0,0,0,0,0.001,0,0,0,0,0,0,0,0,0,0,0,0,0,0,0,0,0,0,0,0,0,0,0,0,0,0,0,0,0,0,0,0,0,0,0,0,32.0546,73.0152,16.4467,522.225,586.329,0,0.934157,-0.333417,0.127213,0.999988,0.276031,0.0639711,0.449275,0.62,1094.7,1281.31,1708.47,1991.04,261.267,951.28,1682.28,108.708,1953.3,179.46,93.944,-0.0876946,0.522568,-0.346511,-0.597678,0,0,0,0,0,0,0,94.6587,0,0.962448,0,0,482.062,1188.17,0,0,2044.12,7067.36,0
1691509905268847032,1200,578,610,0.481667,34.0092,57.9258,78.1551,92.6651,185.025,-16.0623,466.101,765.978,1180.61,1312.2,2134.95,6795.46,14133.1,49517.5,1544.64,3606.14,5581.3,618.818,760.327,534.951,148222,10632.4,14993.7,2.89902,4.81485,0,0,0.0717328,0,11.0395,16.2798,112.431,275.749,5459.4,9118.84,0.0109914,0.00351874,3,3,10,0.769231,1,2.45003,1.74846,0.701576,0.0131595,0.136389,578,0,0,0,0,0.001,0,0,0,0,0,0,0,0,0,0,0,0,0,0,0,0,0,0,0,0,0,0,0,0,0,0,0,0,0,0,0,0,0,0,0,0,34.0092,78.1551,16.8435,503.362,589.794,0,0.933944,-0.333709,0.12801,1,0.0501342,0.00874983,0.550388,0.71,1108.47,1319.68,1837.63,2293.95,279.441,980.747,1805.69,118.463,1702.38,115.478,82.2964,1.24295,0.0682482,-0.293267,0.216656,0,0,0,0,0,0,0,92.6651,0,0.958478,0,0,466.101,1180.61,0,0,2134.95,6795.46,0
1691509905367258502,1168,562,595,0.481164,35.7334,56.1297,78.9291,98.5752,167.906,-20.3246,424.056,770.365,1193.49,1484.04,2088.28,7508.15,16539.4,53388.7,1277.12,3031.37,5360.7,739.853,791.943,344.177,143207,10447.6,14305.1,25.259,5.659,0,0,0.0729544,0,7.71247,13.3563,147.358,243.542,4440.53,9452.61,0.000126199,3.50056e-05,2,2,8,0.8,1,2.42101,1.71789,0.703127,0.0168093,0.104937,562,0,0,0,0,0.001,0,0,0,0,0,0,0,0,0,0,0,0,0,0,0,0,0,0,0,0,0,0,0,0,0,0,0,0,0,0,0,0,0,0.0106762,34.3717,86.9419,35.7334,78.6218,14.8579,516.488,582.654,0,0.935308,-0.329817,0.128139,0.999991,0.236405,0.0434124,0.470588,0.64,1065.48,1274.06,1711.17,2086.92,281.316,943.051,1704.75,127.689,1769.32,164.516,57.1161,0.130068,0.441279,-0.779959,-0.817643,0,0,0,0,0,0.0282534,107.422,97.1033,0.833333,0.955036,80.4603,1277.59,425.626,1193.45,116.797,1871.21,2102.3,7594.54,0.000619379
1691509905465609503,1470,680,772,0.462585,31.4352,53.9052,74.388,89.4132,177.828,-16.1361,446.404,826.854,1269.25,1604.12,1858.25,6761.78,15711.1,34838.1,1893.49,3125.79,5416.46,754.452,762.346,641.017,152107,9843.23,14451.8,4.09139,4.36535,0,0,0.0647126,0,16.196,44.1939,229.366,372.878,5993.25,7795.9,0.0254055,0.00291999,6,5,11,0.6875,1,2.58167,1.81821,0.763458,0.0165491,0.102687,680,0,0,0,0,0.001,0,0,0,0,0,0,0,0,0,0,0,0,0,0,0,0,0,0,0,0,0,0,0,0,0,0,0,0,0,0,0,0,0,0.0176471,23.0818,43.2531,31.6766,74.5548,10.5866,515.16,581.253,0,0.935274,-0.330813,0.125795,0.999997,0.145971,0.0112566,0.41844,0.59,1005.08,1245.6,1729.86,2071.76,277.27,909.811,1698.34,87.6006,1821.31,230.278,124.935,0.559926,0.462708,-0.724872,-0.244595,0,0,0,0,0,0.047619,86.757,89.0439,0.916667,0.962575,719.92,1464.15,442.374,1266,1090.84,2473.12,1897.41,6770.26,0.00731803
1691509905564141393,1401,748,648,0.533904,31.3051,52.6162,72.5575,87.0425,163.933,-13.7272,442.649,731.377,1105.34,1354.08,1809.84,5904.01,11969.2,32775.7,1773.79,2905.5,4420.07,628.955,664.246,612.704,157181,8050.96,11288.3,1.85554,2.0156,0,0,0.051221,0,11.0978,21.828,139.653,311.018,3623.2,7181.47,0.0105398,0.000793761,5,4,11,0.733333,1,2.31856,1.56052,0.75804,0.0150397,0.0722432,748,0,0,0,0,0.001,0,0,0,0,0,0,0,0,0,0,0,0,0,0,0,0,0,0,0,0,0,0,0,0,0,0,0,0,0,0,0,0,0,0.00802139,5.25652,39.0167,31.5008,72.6701,15.0724,515.74,603.188,0,0.936199,-0.329739,0.121665,0.99999,0.250153,0.0080913,0.481481,0.65,1043.51,1271.23,1649.53,2306.49,264.959,902.385,1622.25,88.656,2014.34,134.851,105.63,-0.0800128,0.258122,0.906805,0.2397,0,0,0,0,0,0.0321199,41.8139,87.1841,1,0.971698,119.906,436.798,444.955,1108.07,193.924,665.852,1844.01,5919.81,0.000109337
1691509905662771720,1697,832,844,0.490277,27.3052,47.371,72.2992,87.5017,184.679,-5.73514,408.193,706.613,1104.25,1441.6,1617.24,5265.32,12350.6,23549.4,1821.11,3007.56,3670.74,632.155,653.764,661.696,149464,6872.77,10181.5,6.51356,6.13915,0,0,0.0459828,0,12.4603,21.9615,154.926,439.438,3942.62,5610.08,0.0131425,0.0025006,4,3,11,0.785714,1,2.422,1.63096,0.791041,0.0129681,0.0843947,832,0,0,0,0,0.001,0,0,0,0,0,0,0,0,0,0,0,0,0,0,0,0,0,0,0,0,0,0,0,0,0,0,0,0,0,0,0,0,0,0.00120192,12.7585,12.7585,27.3175,72.377,18.0889,505.423,594.488,0,0.937083,-0.327688,0.120402,0.999997,0.147013,0.0356929,0.388889,0.56,987.176,1190.12,1638.19,2022.3,246.762,896.896,1633.48,116.635,1927.39,157.064,119.902,0.45717,1.26104,-0.521035,-0.982719,0,0,0,0,0,0.0418385,12.7585,87.5452,1,0.972323,0,0,408.295,1104.87,0,0,1621.99,5266.81,0
1691509905762767688,1448,708,733,0.48895,29.6893,50.961,73.3205,86.6043,161.332,-12.2678,423.15,760.158,1147.51,1469.16,1915.54,6546.94,11910.5,27641.7,2105.62,3273.53,4438.57,707.389,659.283,681.313,154749,7744.96,11306.4,13.8531,2.66512,0,0,0.0500485,0,7.3922,20.6339,190.099,295.235,4497.84,6295.24,0.0131763,0.00131761,2,1,8,0.888889,1,2.33406,1.62798,0.706072,0.0101418,0.242086,708,0,0,0,0,0.001,0,0,0,0,0,0,0,0,0,0,0,0,0,0,0,0,0,0,0,0,0,0,0,0,0,0,0,0,0,0,0,0,0,0,0,0,29.6893,73.3205,13.8926,502.757,616.351,0,0.935209,-0.332942,0.120558,0.999984,0.319711,0.0687747,0.449275,0.62,994.333,1181.36,1623.8,2248.46,236.506,874.838,1556.4,110.335,1917.61,206.913,128.736,0.487042,-0.153313,-0.471262,-0.215627,0,0,0,0,0,0.0234807,0,86.6043,0,0.975989,0,0,423.15,1147.51,0,0,1915.54,6546.94,0
1691509905863252577,1436,650,767,0.452646,33.2629,52.962,81.4832,91.0674,140.585,-17.6658,393.06,711.26,1109.63,1478.8,1759.25,6907.52,13404.7,18013.4,1823.98,2909.59,4879.2,634.906,725.965,541.715,149562,7311.7,10387.1,3.96371,3.49189,0,0,0.0488876,0,6.5473,18.8084,107.134,275.786,3650.75,6328.12,0.00424386,0.000899269,5,4,9,0.692308,1,2.46143,1.74062,0.720818,0.0133906,0.107809,650,0,0,0,0,0.001,0,0,0,0,0,0,0,0,0,0,0,0,0,0,0,0,0,0,0,0,0,0,0,0,0,0,0,0,0,0,0,0,0,0,0,0,33.2629,81.4832,14.8852,511.523,598.592,0,0.938454,-0.322751,0.123028,0.99994,0.628928,0.017613,0.449275,0.62,1027.64,1209.55,1640.37,2378.98,236.932,910.398,1601.25,97.7411,1718.7,108.102,90.9884,0.549754,0.567742,-0.551735,-0.525665,0,0,0,0,0,0.0153203,0,91.0674,0,0.969231,0,0,393.06,1109.63,0,0,1759.25,6907.52,0
1691509905964107850,1469,708,749,0.481961,31.4837,52.0257,82.4168,94.908,187.893,-11.6558,424.232,726.954,1227.11,1425.7,1960.66,5856.71,13505.7,34259.6,2195.93,3116.59,4264.91,695.34,635.638,634.818,152668,7900.52,11481.3,3.11123,3.25566,0,0,0.0517498,0,4.61747,20.4681,140.908,282.735,4662.22,6370.38,0.0127561,0.00103296,10,9,12,0.571429,1,2.68235,1.87783,0.804518,0.0143735,0.0765203,708,0,0,0,0,0.001,0,0,0,0,0,0,0,0,0,0,0,0,0,0,0,0,0,0,0,0,0,0,0,0,0,0,0,0,0,0,0,0,0,0,0,0,31.4837,82.4168,13.8597,506.041,606.1,0,0.9369,-0.325955,0.126383,0.999988,0.280345,0.00711628,0.41844,0.59,1009.56,1181.01,1552.04,2545.52,242.8,893.824,1531.65,123.073,1613.56,137.308,109.911,0.652508,-0.911079,-1.24375,-0.212946,0,0,0,0,0,0,0,94.908,0,0.963277,0,0,424.232,1227.11,0,0,1960.66,5856.71,0
1691509906064832149,1322,706,604,0.534039,26.5515,46.9276,68.0592,84.9257,160.558,-15.6933,454.07,803.938,1277.34,1555.97,1877.34,6272.17,15897,26647,2209.16,3301.74,4577.76,751.988,769.93,666.851,163573,8109.78,11945.3,7.64016,3.79491,0,0,0.0495789,0,8.7513,26.517,171.874,411.041,4821.85,6505.3,3.55359e-05,1.99603e-05,3,3,8,0.727273,1,2.31475,1.67303,0.64172,0.0116727,0.131175,706,0,0,0,0,0.001,0,0,0,0,0,0,0,0,0,0,0,0,0,0,0,0,0,0,0,0,0,0,0,0,0,0,0,0,0,0,0,0,0,0,0,0,26.5515,68.0592,15.6109,507.554,588.835,0,0.937272,-0.325227,0.125494,0.999999,0.0691624,0.105612,0.438849,0.61,992.646,1197.59,1555.56,2856.8,242.28,894.559,1552.43,116.277,1745.08,170.84,112.909,-0.728148,-0.183036,-0.200343,0.276089,0,0,0,0,0,0.00226929,0,84.9257,0,0.970255,0,0,454.07,1277.34,0,0,1877.34,6272.17,0
1691509906165301773,1590,879,685,0.55283,25.5031,46.1359,68.8079,81.2654,165.089,-9.19242,466.232,819.573,1201.26,1553.23,2079.38,6598.77,17220.9,37660,3108.1,3441.37,4620.25,746.992,718.649,769.551,170278,12116.5,17452.1,6.57037,3.70164,0,0,0.0711572,0,10.8328,37.4119,202.07,417.351,6699.03,10085.4,0.0103406,0.00129159,4,4,12,0.75,1,2.92707,2.18235,0.744723,0.0164583,0.0378036,879,0,0,0,0,0.001,0,0,0,0,0,0,0,0,0,0,0,0,0,0,0,0,0,0,0,0,0,0,0,0,0,0,0,0,0,0,0,0,0,0,0,0,25.5031,68.8079,13.3434,489.018,593.638,0,0.93664,-0.32676,0.126227,0.999998,0.103829,0.0635026,0.398601,0.57,980.917,1141.17,1602.82,2070.19,247.668,898.996,1528.66,131.527,1636.12,198.649,217.949,-1.11568,0.409889,-0.952465,-0.357679,0,0,0,0,0,0,0,81.2654,0,0.981797,0,0,466.232,1201.26,0,0,2079.38,6598.77,0
1691509906266624471,1593,837,745,0.525424,23.0795,43.2714,65.2442,77.9052,159.695,-12.164,499.15,874.093,1379.15,1652.37,2224.22,7069.28,16504.3,36602.4,3744,3714.46,4391.71,685.764,649.879,883.281,174959,12608.2,18425.3,11.9877,7.17762,0,0,0.0720641,0,13.1828,59.9447,202.918,494.018,7638.99,10016.2,8.21691e-05,3.51426e-05,2,2,8,0.8,1,1.94185,1.32052,0.62133,0.00823889,0.123325,837,0,0,0,0,0.001,0,0,0,0,0,0,0,0,0,0,0,0,0,0,0,0,0,0,0,0,0,0,0,0,0,0,0,0,0,0,0,0,0,0,0,0,23.0795,65.2442,11.6175,512.063,616.32,0,0.936621,-0.324284,0.132595,0.999977,0.391443,0.0226043,0.449275,0.62,1000.43,1236.01,1686.09,2104.09,237.442,913.729,1662.41,116.643,1737.69,205.033,242.951,-0.350051,-1.76375,0.042905,-0.880481,0,0,0,0,0,0,0,77.9052,0,0.984468,0,0,499.15,1379.15,0,0,2224.22,7069.28,0
1691509906367398965,1540,800,727,0.519481,28.3738,51.7202,72.7884,87.36,138.029,-12.5801,502.547,894.824,1381.71,1680.11,2218.4,7243.47,16386.2,26364.2,4405.85,3737.88,4053.12,757.894,703.432,900.911,174912,11871.2,17045.8,8.4416,8.13789,0,0,0.0678696,0,11.7079,41.227,231.451,469.36,6154.18,10137.8,0.00177105,0.00246278,5,4,10,0.714286,1,2.13932,1.3643,0.775018,0.0114511,0.0917541,800,0,0,0,0,0.001,0,0,0,0,0,0,0,0,0,0,0,0,0,0,0,0,0,0,0,0,0,0,0,0,0,0,0,0,0,0,0,0,0,0,0,0,28.3738,72.7884,9.25929,512.799,604.942,0,-0.935716,0.32619,-0.134294,0.999996,0.155236,0.0868102,0.438849,0.61,974.713,1279.96,1628.16,2434.56,250.724,910.038,1567.85,79.2886,1853.1,225.272,245.045,0.0240458,0.510688,0.0665466,0.0866,0,0,0,0,0,0,0,87.36,0,0.9775,0,0,502.547,1381.71,0,0,2218.4,7243.47,0
1691509906467618040,1472,875,586,0.594429,28.3407,46.9137,71.1207,86.6628,185.49,-11.0254,484.248,888.204,1328.92,1614.63,2283.01,7537.31,18417.5,33990.1,4424.56,3637.42,4321.42,756.446,728.55,817.36,171967,15735.1,22395.4,8.18231,8.06716,0,0,0.0915008,0,12.3406,37.1116,271.745,495.837,8100.33,13478.1,0.00986519,0.00313943,5,4,11,0.733333,1,2.53462,1.72103,0.813584,0.00617603,0.0572908,875,0,0,0,0,0.001,0,0,0,0,0,0,0,0,0,0,0,0,0,0,0,0,0,0,0,0,0,0,0,0,0,0,0,0,0,0,0,0,0,0,0,0,28.3407,71.1207,13.5817,515.049,607.369,0,-0.935701,0.327796,-0.130435,0.999991,0.23948,0.0344043,0.470588,0.64,976.036,1266.69,1627.6,2433.1,240.021,875.648,1586.44,126.408,1851.77,267.706,224.149,0.232714,-1.02927,0.0134539,1.17877,0,0,0,0,0,0,0,86.6628,0,0.977143,0,0,484.248,1328.92,0,0,2283.01,7537.31,0
1691509906567739088,1685,967,691,0.573887,27.2279,46.4057,67.9351,82.0204,160.342,-15.0195,494.323,879.713,1376.48,1680.05,2190.67,7712.2,13069.1,17024.8,4145.74,3379.93,5143.74,790.92,780.743,795.128,169576,12633,18564.9,2.09053,4.00041,0,0,0.0744975,0,16.1725,36.8945,251.413,537.711,7814.57,9908.16,0.0011031,0.00016465,3,3,8,0.727273,1,2.47443,1.63413,0.840297,0.013809,0.06046,967,0,0,0,0,0.001,0,0,0,0,0,0,0,0,0,0,0,0,0,0,0,0,0,0,0,0,0,0,0,0,0,0,0,0,0,0,0,0,0,0,0,0,27.2279,67.9351,11.8531,510.991,589.156,0,-0.937613,0.323062,-0.128503,0.999985,0.31275,0.0631218,0.449275,0.62,987.188,1258.67,1651.35,2128.24,242.465,872.146,1637.47,124.162,1908.59,244.062,219.36,0.296934,-0.286118,0.965611,0.813206,0,0,0,0,0,0,0,82.0204,0,0.981386,0,0,494.323,1376.48,0,0,2190.67,7712.2,0
1691509906666896436,1559,958,569,0.614496,26.5951,46.0825,70.0286,80.7774,147.181,-8.70194,484.955,852.159,1415.4,1732.93,2218.44,7598.89,15181.6,24350.2,4722.24,3071.07,4387.73,742.973,738.944,882.283,173454,14430.4,20731,3.52017,4.48207,0,0,0.0831944,0,13.0068,38.2382,252.908,501.777,7793.09,12132,0.0226969,0.00321797,5,5,12,0.705882,1,2.33033,1.53111,0.799216,0.00798646,0.141567,958,0,0,0,0,0.001,0,0,0,0,0,0,0,0,0,0,0,0,0,0,0,0,0,0,0,0,0,0,0,0,0,0,0,0,0,0,0,0,0,0,0,0,26.5951,70.0286,11.5299,515.389,580.081,0,-0.937471,0.319808,-0.137373,0.999955,0.541395,0.0325975,0.503759,0.67,1001.46,1226.23,1738.42,2180.85,249.863,914.972,1677.89,121.537,1930.01,239.232,257.382,0.141049,-0.494611,-0.245419,0.486346,0,0,0,0,0,0,0,80.7774,0,0.984342,0,0,484.955,1415.4,0,0,2218.44,7598.89,0
1691509906766409242,1503,906,580,0.602794,24.8674,45.1491,66.6878,81.5971,136.011,-14.1374,479.509,864.874,1359.97,1704.64,2320.47,8009.57,15008.1,26787.6,4963.22,3361.86,4242.54,724.974,685.604,900.385,178549,14708.7,21405.5,5.42117,5.73227,0,0,0.0823787,0,11.6346,49.9272,228.595,554.346,8762.88,11798.1,0.00837556,0.00191259,10,9,13,0.590909,1,2.30748,1.59167,0.71581,0.0110865,0.0526349,906,0,0,0,0,0.001,0,0,0,0,0,0,0,0,0,0,0,0,0,0,0,0,0,0,0,0,0,0,0,0,0,0,0,0,0,0,0,0,0,0,0,0,24.8674,66.6878,10.8246,490.061,596.114,0,0.937469,-0.319519,0.138058,1,0.0426004,0.13301,0.481481,0.65,1004.61,1259.79,1706.92,2200,230.934,923.305,1639.97,107.624,1943.34,240.928,253.723,0.104897,0.990292,0.513013,-0.802437,0,0,0,0,0,0,0,81.5971,0,0.987859,0,0,479.509,1359.97,0,0,2320.47,8009.57,0
1691509906865926555,1614,930,665,0.576208,25.5843,45.4471,67.0848,79.9176,157.358,-14.3512,476.937,857.39,1336.94,1690.61,2393.96,7877.37,17905.3,21505.2,5139.58,3219.06,4316.14,683.538,703.675,898.54,175620,15884.2,22774.7,8.93414,8.92729,0,0,0.0904462,0,11.484,41.6501,227.44,527.369,8669.61,13297.1,3.86378,0.025451,7,6,1,0.142857,1,2.09603,1.3367,0.759328,0.0132374,0.0902772,930,0,0,0,0,0.001,0,0,0,0,0,0,0,0,0,0,0,0,0,0,0,0,0,0,0,0,0,0,0,0,0,0,0,0,0,0,0,0,0,0,0,0,25.5843,67.0848,11.0778,498.355,590.568,0,-0.938359,0.318491,-0.134338,0.999992,0.226922,0.0778038,0.449275,0.62,962.812,1201.87,1718.82,2196.15,238.038,903.879,1696.9,90.9862,1863.17,218.29,268.357,-0.358248,0.751554,0.358415,-0.7559,0,0,0,0,0,0,0,79.9176,0,0.98172,0,0,476.937,1336.94,0,0,2393.96,7877.37,0
1691509906966065682,1478,813,649,0.550068,26.2883,47.8144,69.484,83.2869,191.219,-10.4052,548.969,938.756,1410.8,1818.74,2645.26,8763.84,18043.7,25919.1,5963.98,3205.3,4663.1,713.524,782.663,900.279,172836,16591.6,23333.9,1.31737,1.44466,0,0,0.0959958,0,8.88354,33.3068,247.558,510.411,8020.89,14512.8,0.0287514,0.00184811,7,7,8,0.533333,1,2.28425,1.56215,0.722104,0.0140516,0.19905,813,0,0,0,0,0.001,0,0,0,0,0,0,0,0,0,0,0,0,0,0,0,0,0,0,0,0,0,0,0,0,0,0,0,0,0,0,0,0,0,0,0,0,26.2883,69.484,10.202,483.564,580.234,0,-0.939601,0.313789,-0.136698,0.999985,0.309726,0.0237811,0.449275,0.62,1017.57,1262.46,1746.4,2532.43,225.224,924.528,1737.43,94.8584,1913,242.982,281.667,-0.105144,-0.379032,0.0160234,0.423684,0,0,0,0,0,0.0250338,0,83.2869,0,0.98155,0,0,548.969,1410.8,0,0,2645.26,8763.84,0
1691509907065881864,1550,864,663,0.557419,26.0486,49.5735,77.3335,93.2907,151.416,-12.3554,508.438,853.567,1370.74,1686.11,2675.96,8532.39,19131.7,77798.3,5847.38,2865.54,5248.22,717.224,785.709,828.996,163877,22011.2,31379,1.96458,1.59596,0,0,0.134315,0,12.7335,24.2505,244.514,488.501,12499.2,18109.8,0.00268326,0.000246137,6,6,12,0.666667,1,2.29312,1.44709,0.84603,0.0253186,0.192141,864,0,0,0,0,0.001,0,0,0,0,0,0,0,0,0,0,0,0,0,0,0,0,0,0,0,0,0,0,0,0,0,0,0,0,0,0,0,0,0,0,0,0,26.0486,77.3335,11.711,466.234,564.055,0,0.939299,-0.315114,0.135723,0.999999,0.0958186,0.0226933,0.41844,0.59,951.819,1261.78,1723.83,2212.43,226.046,857.955,1707.24,93.7633,1669.57,243.607,246.259,1.00679,0.187489,-0.48579,-0.249671,0,0,0,0,0,0,0,93.2907,0,0.96412,0,0,508.438,1370.74,0,0,2675.96,8532.39,0
1691509907165629089,1546,932,596,0.602846,25.1277,47.1577,71.7233,87.1315,147.702,-12.5606,479.249,836.567,1324.51,1670.86,2304.31,8450.23,17489.9,33913.5,5863.71,2639.14,4623.09,691.335,725.857,838.309,154963,19359.1,26636,4.47689,4.53969,0,0,0.124928,0,12.5759,20.2107,223.973,462.467,8561.07,17355.7,0.0162004,0.00253474,4,3,10,0.769231,1,2.25954,1.40937,0.85017,0.0143977,0.125279,932,0,0,0,0,0.001,0,0,0,0,0,0,0,0,0,0,0,0,0,0,0,0,0,0,0,0,0,0,0,0,0,0,0,0,0,0,0,0,0,0,0,0,25.1277,71.7233,10.7997,452.472,570.729,0,0.939262,-0.315213,0.135749,1,0.00624672,0.0340524,0.503759,0.67,963.469,1227.44,1718.63,2484.48,217.623,845.209,1712.29,117.995,1700.53,228.951,242.566,-0.501433,-0.530253,0.424229,0.417099,0,0,0,0,0,0,0,87.1315,0,0.965665,0,0,479.249,1324.51,0,0,2304.31,8450.23,0
1691509907265441950,1601,823,747,0.514054,29.5031,53.3362,75.4774,92.9894,152.206,-16.8536,537.198,957.605,1401.1,1826.2,2663.1,9333.26,18461.3,30697.3,6477.34,3041.05,5585.44,813.789,746.052,964.975,161503,18820.4,26331.1,2.43308,3.14222,0,0,0.116533,0,15.3604,31.9692,190.562,569.215,9013.14,16510.9,0.0459811,0.0050892,3,3,7,0.7,1,2.17647,1.3153,0.861164,0.0192351,0.145154,823,0,0,0,0,0.001,0,0,0,0,0,0,0,0,0,0,0,0,0,0,0,0,0,0,0,0,0,0,0,0,0,0,0,0,0,0,0,0,0,0,0,0,29.5031,75.4774,7.84719,452.148,569.005,0,0.937197,-0.319395,0.140174,0.999979,0.368356,0.0225969,0.438849,0.61,952.398,1222.3,1727.99,2689.5,216.08,884.537,1715.02,88.078,1714.94,198.471,261.848,0.654604,0.286067,-0.435374,0.0532767,0,0,0,0,0,0,0,92.9894,0,0.970838,0,0,537.198,1401.1,0,0,2663.1,9333.26,0
1691509907364312442,1543,821,695,0.53208,33.2316,56.336,79.4066,92.047,132.618,-20.44,545.921,906.146,1360.79,1705.26,2761.19,8404.21,15573.6,36849.8,5677.81,3098.6,5061.41,761.908,718.608,861.214,169645,16569.8,23288.3,2.42531,2.30007,0,0,0.0976733,0,12.8098,17.6655,196.48,423.205,8311.05,14327.1,0.253577,0.00891664,3,3,7,0.7,1,2.51757,1.58864,0.928932,0.00640214,0.127596,821,0,0,0,0,0.001,0,0,0,0,0,0,0,0,0,0,0,0,0,0,0,0,0,0,0,0,0,0,0,0,0,0,0,0,0,0,0,0,0,0,0,0,33.2316,79.4066,11.9494,466.02,559.031,0,-0.93872,0.314188,-0.141743,0.999984,0.323598,0.0800032,0.481481,0.65,945.532,1249.22,1713.15,2592.78,217.642,853.925,1706.62,119.899,1697.04,181.66,221.623,-1.02382,-0.989953,1.0723,0.928071,0,0,0,0,0,0,0,92.047,0,0.964677,0,0,545.921,1360.79,0,0,2761.19,8404.21,0
1691509907464352179,1485,738,733,0.49697,28.4581,51.1792,81.6959,97.151,136.554,-19.1754,534.847,909.312,1370.19,1724.47,2853.91,9170.81,20411.2,32075.1,5382.5,3560.37,5565.04,754.35,788.753,848.359,172725,17067.7,24234.2,1.57763,2.37344,0,0,0.0988144,0,9.08531,18.0162,165.571,365.967,9505.44,14170.1,0.00768595,0.000511965,5,4,12,0.75,1,2.21489,1.40428,0.810611,0.0185017,0.106728,738,0,0,0,0,0.001,0,0,0,0,0,0,0,0,0,0,0,0,0,0,0,0,0,0,0,0,0,0,0,0,0,0,0,0,0,0,0,0,0,0,0,0,28.4581,81.6959,10.173,464.396,568.431,0,0.940553,-0.308815,0.141398,0.999984,0.325873,0.03648,0.449275,0.62,951.845,1243.65,1814.48,2585.31,216.978,889.817,1808.49,98.449,1617.24,162.967,185.422,-0.0923701,-0.267571,0.689607,0.235222,0,0,0,0,0,0,0,97.151,0,0.95122,0,0,534.847,1370.19,0,0,2853.91,9170.81,0
1691509907565426490,1416,746,654,0.526836,28.0319,52.6254,82.2198,100.342,143.24,-19.5473,506.896,835.707,1299.4,1515.73,2815.62,9208.03,19917.9,31130.2,5494.43,3416.98,5696.44,712.956,666.725,807.925,168552,16661.1,23621.5,12.0315,11.2732,0,0,0.0988484,0,9.60478,16.8532,166.193,381.273,9092.16,13955.4,0.00145856,0.000702876,5,5,8,0.615385,1,2.52942,1.69169,0.83773,0.0140951,0.168835,746,0,0,0,0,0.001,0,0,0,0,0,0,0,0,0,0,0,0,0,0,0,0,0,0,0,0,0,0,0,0,0,0,0,0,0,0,0,0,0,0,0,0,28.0319,82.2198,13.5899,465.651,563.759,0,0.938083,-0.316286,0.14129,0.999969,0.450921,0.032471,0.503759,0.67,972.463,1235.6,1696.41,2330,206.553,884.907,1687.93,114.276,1663.83,163.456,169.675,0.797906,-0.444206,-0.805502,0.694416,0,0,0,0,0,0,0,100.342,0,0.947721,0,0,506.896,1299.4,0,0,2815.62,9208.03,0
1691509907666979028,1443,711,703,0.492723,26.5511,52.4801,81.0435,96.7035,172.725,-18.1498,503.618,931.53,1426.29,1795.76,2763.29,10118.5,19788.8,59619,5796.81,3182.22,7290,843.31,789.158,802.448,153162,22256.2,30791.2,41.3705,3.63126,0,0,0.145311,0,10.214,17.6538,197.417,412.883,10575.1,19577.9,3.09591e-05,2.05006e-05,2,2,8,0.8,1,2.2362,1.45284,0.783365,0.0279519,0.0594877,711,0,0,0,0,0.001,0,0,0,0,0,0,0,0,0,0,0,0,0,0,0,0,0,0,0,0,0,0,0,0,0,0,0,0,0,0,0,0,0,0,0,0,26.5511,81.0435,16.3448,470.145,564.51,0,-0.937774,0.317516,-0.14058,0.999999,0.0832684,0.0601103,0.438849,0.61,975.654,1284.06,1676,2369.93,207.173,900.19,1674.15,104.202,1692.13,195.143,186.909,0.532684,2.54821,-0.0308752,0.316348,0,0,0,0,0,0,0,96.7035,0,0.953586,0,0,503.618,1426.29,0,0,2763.29,10118.5,0
1691509907767613004,1360,672,666,0.494118,26.6227,48.8518,72.9461,91.6046,146.976,-17.4983,444.806,837.946,1298.19,1540.48,2532.05,8857.56,17962.6,38346.8,5388.02,2867.76,6223.38,789.624,725.458,764.186,145616,14798.1,20877.9,8.68236,8.5465,0,0,0.101624,0,7.28778,14.2415,160.874,290.591,7890.17,12514.7,0.0108154,0.00346604,9,8,15,0.652174,1,2.06373,1.42169,0.642041,0.0161273,0.108585,672,0,0,0,0,0.001,0,0,0,0,0,0,0,0,0,0,0,0,0,0,0,0,0,0,0,0,0,0,0,0,0,0,0,0,0,0,0,0,0,0,0,0,26.6227,72.9461,13.3062,468.49,570.204,0,0.941335,-0.307597,0.138824,0.999943,0.612188,0.0275098,0.459854,0.63,916.23,1230.59,1728.18,2567.92,228.733,831.276,1716.12,99.2681,1691.55,187.193,121.596,0.166421,-0.0309814,0.0232169,0.0317102,0,0,0,0,0,0,0,91.6046,0,0.967262,0,0,444.806,1298.19,0,0,2532.05,8857.56,0
1691509907867783434,1436,718,702,0.5,26.6685,49.7725,78.49,91.3557,148.409,-18.5847,504.834,904.347,1357.86,1644.48,2706.08,8645.56,20373,36139.2,5031.32,2642.54,6340.74,843.466,776.416,777.188,138985,16739.3,23269.3,4.93163,4.96786,0,0,0.12044,0,14.7209,18.3542,170.238,362.582,8011.08,14692.3,0.0138989,0.0031018,4,4,11,0.733333,1,2.19583,1.47398,0.72185,0.018575,0.116023,718,0,0,0,0,0.001,0,0,0,0,0,0,0,0,0,0,0,0,0,0,0,0,0,0,0,0,0,0,0,0,0,0,0,0,0,0,0,0,0,0,0,0,26.6685,78.49,10.2619,468.499,558.24,0,0.9407,-0.307582,0.143097,0.999991,0.247536,0.0937394,0.449275,0.62,889.265,1149.91,1633.81,2583.95,238.028,846.182,1628.09,121.551,1619.36,170.88,146.53,-0.191219,-0.410716,-0.322606,0.235258,0,0,0,0,0,0,0,91.3557,0,0.972145,0,0,504.834,1357.86,0,0,2706.08,8645.56,0
1691509907967606521,1445,651,766,0.450519,27.3243,50.8911,80.0614,94.4039,156.823,-17.4932,453.245,831.906,1246.97,1555.33,2447.6,8786.45,17280.5,45936.6,4753.93,2811.82,6307.53,817.481,714.465,689.043,150253,15192.7,20364.1,5.28126,4.28047,0,0,0.101114,0,7.951,14.2488,151.4,292.126,5903.38,13995,5.6059e-05,3.68799e-05,2,1,9,0.9,1,2.06792,1.38547,0.68245,0.0162185,0.0887971,651,0,0,0,0,0.001,0,0,0,0,0,0,0,0,0,0,0,0,0,0,0,0,0,0,0,0,0,0,0,0,0,0,0,0,0,0,0,0,0,0,0,0,27.3243,80.0614,13.804,469.196,550,0,-0.940205,0.308269,-0.144865,0.999998,0.112308,0.0411501,0.438849,0.61,922.385,1170.08,1635.37,2662.16,239.742,869.471,1607.85,122.697,1656.99,141.948,102.556,-0.526014,0.957335,0.119332,-0.255448,0,0,0,0,0,0.033218,0,94.4039,0,0.966206,0,0,453.245,1246.97,0,0,2447.6,8786.45,0
1691509908067498056,1239,562,638,0.453592,33.0746,61.0051,87.2355,100.791,157.067,-23.5493,508.07,978.296,1398.84,1828.97,2659.08,9727.85,18770.4,42872.2,4884.5,3074.82,7300.95,885.826,853.564,750.151,152806,14672.3,19465.3,4.04798,4.01306,0,0,0.096019,0,11.7193,13.1019,171.485,296.793,5291.7,13680.5,0.0072512,0.00365161,6,6,10,0.625,1,2.12466,1.39368,0.730973,0.0103034,0.0720779,562,0,0,0,0,0.001,0,0,0,0,0,0,0,0,0,0,0,0,0,0,0,0,0,0,0,0,0,0,0,0,0,0,0,0,0,0,0,0,0,0,0,0,33.0746,87.2355,13.5239,462.269,555.207,0,-0.938554,0.313842,-0.143593,0.999982,0.340888,0.0225415,0.449275,0.62,952.829,1200.43,1536.71,2087.46,241.96,892.259,1535.93,130.828,1602.5,175.431,109.81,-0.16361,-0.487533,-0.096781,0.479975,0,0,0,0,0,0,0,100.791,0,0.948399,0,0,508.07,1398.84,0,0,2659.08,9727.85,0
1691509908167535003,1200,552,612,0.46,31.9085,59.6294,87.7788,101.702,162.312,-16.8268,511.428,908.897,1320.88,1755.75,2881.82,8962.32,18049.9,69838.1,4493.86,2798.07,6594.6,863.717,816.94,597.189,155509,15145.7,20453.9,5.9053,4.74817,0,0,0.0973943,0,9.79119,12.1093,163.132,335.329,6056.5,13877,0.00191711,0.000515338,4,4,8,0.666667,1,1.89348,1.16955,0.723933,0.021014,0.0911621,552,0,0,0,0,0.001,0,0,0,0,0,0,0,0,0,0,0,0,0,0,0,0,0,0,0,0,0,0,0,0,0,0,0,0,0,0,0,0,0,0,0,0,31.9085,87.7788,11.1357,447.818,568.046,0,0.938909,-0.30906,0.151431,0.999958,0.52645,0.0763226,0.492537,0.66,972.835,1249.6,1662.7,2214.24,237.853,898.357,1657.13,124.317,1476.36,248.586,82.6167,0.164464,0.419579,-0.457247,-0.50254,0,0,0,0,0,0,0,101.702,0,0.942029,0,0,511.428,1320.88,0,0,2881.82,8962.32,0
1691509908267430666,1314,583,718,0.443683,30.3053,57.5854,89.4338,103.123,159.951,-16.7488,468.363,857.936,1393.37,1645.65,2578.76,8459.68,16604.7,20660.1,4744.79,2599.7,6096.1,844.046,753.985,786.535,155449,10921.1,15700.3,1.6913,1.71391,0,0,0.070255,0,7.80583,9.40297,141.961,353.143,6217.88,8970.12,0.0170046,0.00125428,6,6,10,0.625,1,1.89911,1.14632,0.752784,0.0207232,0.0400498,583,0,0,0,0,0.001,0,0,0,0,0,0,0,0,0,0,0,0,0,0,0,0,0,0,0,0,0,0,0,0,0,0,0,0,0,0,0,0,0,0,0,0,30.3053,89.4338,10.3814,448.934,552.685,0,0.938279,-0.311892,0.149516,0.999994,0.199191,0.0339746,0.388889,0.56,965.944,1223.29,1751.54,2290.49,234.772,926.44,1744.1,108.302,1616.93,139.615,124.765,0.273954,0.128762,-0.453195,-0.228685,0,0,0,0,0,0,0,103.123,0,0.943396,0,0,468.363,1393.37,0,0,2578.76,8459.68,0
1691509908367235573,1144,549,583,0.479895,34.0378,62.857,91.4162,101.033,210.408,-20.1027,475.795,913.073,1431.99,1817.5,2349.74,9751.88,19091.9,31762.3,4999.89,3319.78,6213.79,825.194,767.506,676.902,151763,12987.4,18621.5,3.20429,3.29438,0,0,0.0855768,0,10.8301,13.1273,152.726,404.601,7323.1,10717.1,0.191696,0.0112694,4,3,8,0.727273,1,2.26593,1.49834,0.767583,0.024146,0.0689347,549,0,0,0,0,0.001,0,0,0,0,0,0,0,0,0,0,0,0,0,0,0,0,0,0,0,0,0,0,0,0,0,0,0,0,0,0,0,0,0,0,0,0,34.0378,91.4162,13.8314,450.776,548.393,0,0.936312,-0.312889,0.159438,0.999948,0.582353,0.0196963,0.438849,0.61,974.597,1235.77,1691.41,2259.58,225.967,921.123,1687.65,135.541,1609.81,160.962,130.514,-0.698532,-0.492513,0.736929,0.518225,0,0,0,0,0,0,0,101.033,0,0.943534,0,0,475.795,1431.99,0,0,2349.74,9751.88,0
1691509908466644877,1355,526,810,0.388192,36.1709,65.4932,98.0629,114.077,183.545,-20.2253,474.093,914.32,1480.52,1736.1,2433.05,9482.35,20780.4,36055.8,5842.24,3312.59,6358.94,857.114,765.338,798.011,145348,13202.6,18901.8,8.73417,11.1096,0,0,0.0908347,0,8.50633,12.067,163.195,435.296,7275.43,11007.3,0.00113479,0.000526796,4,3,9,0.75,1,2.21078,1.36932,0.84146,0.0234909,0.0629844,526,0,0,0,0,0.001,0,0,0,0,0,0,0,0,0,0,0,0,0,0,0,0,0,0,0,0,0,0,0,0,0,0,0,0,0,0,0,0,0,0,0,0,36.1709,98.0629,15.1197,442.967,544.914,0,0.93791,-0.312009,0.151576,0.999967,0.46242,0.0251427,0.408451,0.58,987.313,1228.58,1663.39,2541.25,228.59,936.683,1660.22,110.463,1435.55,157.528,132.722,0.567694,0.323041,0.390669,-0.592843,0,0,0,0,0,0.0250923,0,114.077,0,0.904943,0,0,474.093,1480.52,0,0,2433.05,9482.35,0
1691509908565820716,1271,540,716,0.424862,33.1908,59.1808,85.6188,100.197,191.626,-15.9261,457.028,842.126,1315.45,1818.35,2212.68,8631.35,19243,24731.3,4179.22,2910.01,5085.05,788.602,762.822,672.159,138488,10593,15032.8,1.8372,6.88134,0,0,0.0764906,0,9.07582,14.7502,141.209,314.969,5515.63,9037.16,0.000122463,3.73311e-05,2,2,8,0.8,1,2.37555,1.66177,0.713779,0.0200374,0.119974,540,0,0,0,0,0.001,0,0,0,0,0,0,0,0,0,0,0,0,0,0,0,0,0,0,0,0,0,0,0,0,0,0,0,0,0,0,0,0,0,0,0,0,33.1908,85.6188,15.2239,443.996,548.78,0,0.938151,-0.310404,0.15337,0.999997,0.138599,0.00535377,0.41844,0.59,1043.4,1256.55,1643.05,2495.66,222.043,964.34,1638.88,165.008,1502.4,146.251,116.466,0.398037,-0.233872,-0.780828,-0.954661,0,0,0,0,0,0,0,100.197,0,0.948148,0,0,457.028,1315.45,0,0,2212.68,8631.35,0
1691509908665227656,1318,596,712,0.4522,30.8774,62.2621,98.1391,119.483,206.601,-10.6719,461.459,813.52,1302.72,1568.54,2211.79,8082.77,18854.6,35004.7,4593.16,2669.11,5432.03,767.746,754.266,663.577,145508,11633.8,16434.8,24.3801,8.31859,0,0,0.0799531,0,9.10946,16.0302,171.634,322.763,5888.37,10026.9,0.000132342,5.76118e-05,2,2,8,0.8,1,2.59129,1.66066,0.930634,0.0154237,0.0601765,596,0,0,0,0,0.001,0,0,0,0,0,0,0,0,0,0,0,0,0,0,0,0,0,0,0,0,0,0,0,0,0,0,0,0,0,0,0,0,0,0,0,0,30.8774,98.1391,11.7269,447.587,551.686,0,0.938413,-0.313853,0.144491,0.999955,0.545943,0.0715089,0.459854,0.63,1038.69,1250.17,1686.08,2444.43,227.091,995.485,1684.75,115.05,1667.71,171.255,127.019,-0.415817,-0.888063,-0.0111392,-1.08202,0,0,0,0,0,0,0,119.483,0,0.899329,0,0,461.459,1302.72,0,0,2211.79,8082.77,0
1691509908765215078,1023,432,586,0.422287,30.9455,59.5871,90.4231,109.42,197.467,-17.1899,518.366,913.393,1343.56,1560.76,2795.42,9769.16,21639.7,44755.4,5571.27,3262.93,6766.47,824.399,758.752,766.537,133842,11716.7,16447.2,5.66172,3.18998,0,0,0.0875411,0,6.18607,7.92123,105.087,339.489,5833.51,10155,0.00292907,0.00044988,3,2,10,0.833333,1,1.88621,1.27721,0.608996,0.0177074,0.0687122,432,0,0,0,0,0.001,0,0,0,0,0,0,0,0,0,0,0,0,0,0,0,0,0,0,0,0,0,0,0,0,0,0,0,0,0,0,0,0,0,0,0,0,30.9455,90.4231,15.503,457.213,546.284,0,-0.93571,0.317966,-0.152787,0.999953,0.552658,0.0119495,0.515152,0.68,1080.22,1253.7,1623.5,2272.93,236.367,995.97,1621.81,109.21,1515.57,103.377,101.014,0.549763,0.75995,0.977365,-0.031724,0,0,0,0,0,0,0,109.42,0,0.928241,0,0,518.366,1343.56,0,0,2795.42,9769.16,0
1691509908865286046,1138,460,656,0.404218,31.4976,63.0337,90.1467,108.282,212.942,-19.1305,430.566,784.075,1286.08,1497.36,2352.75,8075.47,22601.6,66916.7,5357.1,2758.59,5779.64,717.801,673.25,698.137,139443,14255.3,19277.1,7.46574,12.1086,0,0,0.10223,0,5.0083,9.75521,115.874,322.208,5812.11,13012.1,0.000379608,0.000173142,3,3,8,0.727273,1,2.22752,1.55839,0.669137,0.0213903,0.0564509,460,0,0,0,0,0.001,0,0,0,0,0,0,0,0,0,0,0,0,0,0,0,0,0,0,0,0,0,0,0,0,0,0,0,0,0,0,0,0,0,0,0,0,31.4976,90.1467,12.2142,472.263,537.523,0,-0.938859,0.307268,-0.155337,0.999935,0.655422,0.123443,0.388889,0.56,1047.09,1223.49,1640.4,2275.8,240.31,962.85,1635.1,114.606,1630.95,111.329,113.639,-0.0147524,-0.595747,-0.822863,1.07255,0,0,0,0,0,0,0,108.282,0,0.936957,0,0,430.566,1286.08,0,0,2352.75,8075.47,0
1691509908965160209,1170,494,664,0.422222,36.5467,69.5493,111.55,133.409,180.801,-15.5018,481.576,880.665,1378.07,1622.1,2433.32,8703.17,14658.7,25045.9,4754.5,3127.56,5904.45,818.609,760.526,825.109,141423,9342.15,13087.7,8.40575,4.24479,0,0,0.0660584,0,6.3275,15.7881,116.911,312.475,4404.02,8232.18,5.90202e-05,2.63908e-05,2,1,9,0.9,1,2.27161,1.31374,0.957864,0.0187457,0.0734445,494,0,0,0,0,0.001,0,0,0,0,0,0,0,0,0,0,0,0,0,0,0,0,0,0,0,0,0,0,0,0,0,0,0,0,0,0,0,0,0,0,0,0,36.5467,111.55,11.719,465.745,546.536,0,-0.93645,0.312166,-0.160045,0.999974,0.413025,0.110731,0.398601,0.57,1044.05,1226.38,1680.19,2161.5,234.802,981.106,1667.91,124.465,1681.44,121.594,110.172,-0.0337029,1.82914,-0.0201661,-0.280457,0,0,0,0,0,0,0,133.409,0,0.864372,0,0,481.576,1378.07,0,0,2433.32,8703.17,0
1691509909065147026,1055,444,602,0.420853,37.4763,75.0469,119.843,145.572,217.828,-12.0745,433.58,784.903,1167.23,1670.96,1989,7998.75,18780.9,38479.6,4302.47,2948.89,5514.73,731.53,708.144,717.282,135700,8978.75,12510.4,9.40166,10.6217,0,0,0.0661661,0,6.44917,10.6488,106.047,262.652,4186.92,7937.71,0.00281089,0.00115763,6,5,12,0.705882,1,2.32354,1.35247,0.971067,0.0178856,0.0524977,444,0,0,0,0,0.001,0,0,0,0,0,0,0,0,0,0,0,0,0,0,0,0,0,0,0,0,0,0,0,0,0,0,0,0,0,0,0,0,0,0,0,0,37.4763,119.843,11.5797,454.9,550.52,0,0.93859,-0.311672,0.148015,0.999925,0.700647,0.0504168,0.388889,0.56,1032.29,1239.96,1680.42,1971.32,234.197,996.548,1678.57,117.274,1853.34,110.084,102.344,0.0359152,-0.740865,-1.06604,-0.784437,0,0,0,0,0,0,0,145.572,0,0.826577,0,0,433.58,1167.23,0,0,1989,7998.75,0
1691509909165617474,1111,471,627,0.423942,37.2203,69.0991,119.796,144.563,178.153,-5.17266,405.265,788.344,1299,1712.8,2239.81,9069.05,19955,23052.8,4314.55,2868.19,5885.95,775.061,733.469,651.346,132049,9976.3,13674.5,7.63078,8.89514,0,0,0.07555,0,5.62082,10.5998,103.953,185.841,4434.49,8934.01,0.000363332,0.000212391,3,2,9,0.818182,1,2.47225,1.52966,0.942591,0.0191284,0.0523127,471,0,0,0,0,0.001,0,0,0,0,0,0,0,0,0,0,0,0,0,0,0,0,0,0,0,0,0,0,0,0,0,0,0,0,0,0,0,0,0,0,0,0,37.2203,119.796,14.9146,484.168,540.918,0,-0.937712,0.309085,-0.158629,0.99994,0.627967,0.195634,0.428571,0.6,1049.03,1271.56,1807.71,2184.39,230.048,971.967,1802.46,132.062,1718.03,112.178,110.763,0.779052,-0.0826961,-0.580802,0.402625,0,0,0,0,0,0,0,144.563,0,0.864119,0,0,405.265,1299,0,0,2239.81,9069.05,0
1691509909266258298,991,381,578,0.38446,38.8456,72.2861,117.317,154.971,211.818,-10.7556,424.082,772.934,1165.1,1460.97,2169.89,7735.79,15746.4,22828.7,3834.67,3019.42,6045.55,777.31,628.173,624.588,128953,6563.49,8960.49,5.61729,5.18073,0,0,0.0508985,0,4.02194,8.36737,71.8687,134.7,2813.71,5927.82,7.79903e-05,3.4511e-05,3,3,8,0.727273,1,2.25205,1.41425,0.837801,0.0164241,0.04738,381,0,0,0,0,0.001,0,0,0,0,0,0,0,0,0,0,0,0,0,0,0,0,0,0,0,0,0,0,0,0,0,0,0,0,0,0,0,0,0,0,0,0,38.8456,117.317,11.505,467.048,544.447,0,-0.937387,0.311169,-0.156462,0.999995,0.173251,0.133583,0.398601,0.57,1053.18,1275.68,1726.52,2233.33,234.904,971.515,1723.4,122.253,1645.16,86.9369,70.9052,0.764341,-0.052891,0.259141,-0.0719482,0,0,0,0,0,0,0,154.971,0,0.860892,0,0,424.082,1165.1,0,0,2169.89,7735.79,0
1691509909366736450,1081,377,692,0.348751,33.6726,56.9411,98.0549,122.516,182.854,-5.80658,458.858,845.726,1462.81,1822.86,2267.45,8960.22,15962.2,21290.4,3963.28,2989.5,7036.99,880.227,859.266,660.996,131791,7226.01,10036.3,4.31384,4.3156,0,0,0.0548294,0,6.83722,8.75705,108.559,208.83,3257.5,6445.8,3.05065,0.0252867,8,7,1,0.125,1,1.74594,1.15619,0.589753,0.0172283,0.0465073,377,0,0,0,0,0.001,0,0,0,0,0,0,0,0,0,0,0,0,0,0,0,0,0,0,0,0,0,0,0,0,0,0,0,0,0,0,0,0,0,0,0,0,33.6726,98.0549,11.7719,477.476,538.753,0,-0.936167,0.311409,-0.163145,0.999977,0.38946,0.1024,0.428571,0.6,1066.83,1239.35,1673.97,2248.97,240.045,983.513,1671.02,92.4682,1693.44,124.992,77.48,-0.28455,0.0862736,0.28488,-0.0867012,0,0,0,0,0,0,0,122.516,0,0.909814,0,0,458.858,1462.81,0,0,2267.45,8960.22,0
1691509909467129398,990,388,588,0.391919,37.7464,74.1305,131.76,155.234,206.807,-10.6651,469.859,898.721,1328.98,1695.94,2081.61,8580.47,18343.8,36644.6,3253.31,2939.67,6585.28,922.907,780.586,607.165,135157,8391.02,11172.2,3.43609,0.919595,0,0,0.0620834,0,4.29359,9.9816,79.4949,131.241,3186.19,7761.04,0.000256044,1.13595e-05,3,3,8,0.727273,1,2.2824,1.37328,0.909113,0.0275547,0.0785009,388,0,0,0,0,0.001,0,0,0,0,0,0,0,0,0,0,0,0,0,0,0,0,0,0,0,0,0,0,0,0,0,0,0,0,0,0,0,0,0,0,0,0,37.7464,131.76,15.891,466.059,544.05,0,-0.937889,0.311898,-0.151936,0.999936,0.650353,0.107805,0.324503,0.49,1071.77,1284.57,1746.96,3203.91,236.837,1029.21,1735.01,138.803,1708.79,117.985,76.6988,0.89816,0.0683257,-0.706459,0.143115,0,0,0,0,0,0,0,155.234,0,0.832474,0,0,469.859,1328.98,0,0,2081.61,8580.47,0
1691509909566968456,1017,403,593,0.396264,38.6549,77.9002,114.446,125.496,211.329,-3.87183,431.075,846.426,1374.8,1726.98,1918.35,8897.88,20421.3,30051.5,4052.36,2972.9,5989.37,776.968,762.028,679.251,140535,8130.73,11449.4,5.4538,7.75824,0,0,0.0578557,0,6.30441,10.5606,79.7383,225.308,4124.94,7002.59,0.000341805,0.000148715,3,3,8,0.727273,1,2.46221,1.62447,0.837743,0.0230096,0.0668923,403,0,0,0,0,0.001,0,0,0,0,0,0,0,0,0,0,0,0,0,0,0,0,0,0,0,0,0,0,0,0,0,0,0,0,0,0,0,0,0,0,0,0,38.6549,114.446,14.9136,489.096,550.99,0,-0.937812,0.307214,-0.16164,0.999942,0.617397,0.213311,0.438849,0.61,1091.83,1308.36,1862.46,3323.08,215.711,1044.36,1850.3,141.11,1805.13,83.9286,103.066,-0.902031,0.788622,-0.338305,-0.843826,0,0,0,0,0,0,0,125.496,0,0.841191,0,0,431.075,1374.8,0,0,1918.35,8897.88,0
1691509909666701706,1074,439,627,0.408752,32.7185,70.3379,115.079,131.13,195.252,-8.36575,384.484,789.347,1336.65,1694.32,1856.56,8716.52,19759.8,91455.4,3746.59,2508.39,6205.91,796.755,785.895,643.788,135714,15227.6,20789.6,2.09709,0.973492,0,0,0.112204,0,6.40786,8.79719,88.0613,394.56,6551.47,13740.3,0.00059337,0.000210238,4,3,11,0.785714,1,2.39709,1.55282,0.844273,0.0109635,0.0538457,439,0,0,0,0,0.001,0,0,0,0,0,0,0,0,0,0,0,0,0,0,0,0,0,0,0,0,0,0,0,0,0,0,0,0,0,0,0,0,0,0,0,0,32.7185,115.079,11.013,478.497,552.49,0,-0.93768,0.305179,-0.1662,0.999988,0.286183,0.0777609,0.408451,0.58,1059.66,1277.41,1739.07,2955.04,227.13,994.371,1721.16,118.787,1685.38,88.9359,235.917,-1.22288,-0.780201,0.029697,0.137971,0,0,0,0,0,0,0,131.13,0,0.85877,0,0,384.484,1336.65,0,0,1856.56,8716.52,0
1691509909766351081,909,376,522,0.413641,37.1223,71.2341,102.829,121.491,185.109,-22.9738,411.791,774.092,1161.56,1497.89,1965.69,8105.9,22970.2,35089.5,4184.17,3349.37,6087.71,709.614,715.814,654.421,144910,8249.94,11543.8,0.627227,2.17331,0,0,0.0569317,0,3.68736,19.3886,65.0008,180.8,4143.82,7131.13,0.000143649,4.16571e-05,4,4,11,0.733333,1,1.83758,1.16322,0.674365,0.0236328,0.0815063,376,0,0,0,0,0.001,0,0,0,0,0,0,0,0,0,0,0,0,0,0,0,0,0,0,0,0,0,0,0,0,0,0,0,0,0,0,0,0,0,0,0,0,37.1223,102.829,9.20306,492.736,559.061,0,-0.93821,0.307426,-0.158904,0.999971,0.438418,0.00848418,0.408451,0.58,1066.75,1278.58,1771.08,3326.01,238.643,1007.99,1764.4,102.234,1775.75,67.9386,110.842,0.322266,-0.00409781,0.353294,-0.0412255,0,0,0,0,0,0,0,121.491,0,0.888298,0,0,411.791,1161.56,0,0,1965.69,8105.9,0
1691509909866041328,1113,433,657,0.389039,35.4048,70.4055,108.34,123.287,173.179,-20.5365,411.214,806.388,1231.34,1590.94,1996.43,8436.14,14747.1,19485.5,4506.07,2942.99,5204.78,764.147,639.9,723.31,145436,6704.79,9355.18,29.618,7.86317,0,0,0.0461014,0,4.69361,11.9707,102.896,260.467,2971.18,6003.97,0.000594604,0.000235547,2,2,10,0.833333,1,2.352,1.55898,0.793021,0.000379682,0.045273,433,0,0,0,0,0.001,0,0,0,0,0,0,0,0,0,0,0,0,0,0,0,0,0,0,0,0,0,0,0,0,0,0,0,0,0,0,0,0,0,0,0,0,35.4048,108.34,9.20316,484.521,560.276,0,-0.939894,0.300471,-0.162225,0.999969,0.452014,0.0289492,0.351351,0.52,1034.69,1199.81,1715.01,2801.05,232.775,951.498,1700.62,89.5763,1574.36,107.007,104.079,-1.25705,-9.51557,0.60558,-0.887918,0,0,0,0,0,0,0,123.287,0,0.877598,0,0,411.214,1231.34,0,0,1996.43,8436.14,0
1691509909966070727,1150,450,681,0.391304,35.3164,68.227,107.415,144.28,194.564,-13.8617,458.166,797.063,1368.13,1671.74,2510.27,8744.68,20987.7,54190.6,5547.21,3857.57,4909.12,679.779,728.532,755.769,150353,11829.5,16537.5,4.94591,7.05204,0,0,0.0786781,0,6.45093,12.9361,95.197,328.164,5778.18,10316.6,0.0040993,0.00192557,5,4,9,0.692308,1,2.28392,1.45031,0.833617,0.0244591,0.0224687,450,0,0,0,0,0.001,0,0,0,0,0,0,0,0,0,0,0,0,0,0,0,0,0,0,0,0,0,0,0,0,0,0,0,0,0,0,0,0,0,0,0,0,35.3164,107.415,12.695,477.25,563.056,0,-0.939104,0.306329,-0.155713,0.999961,0.503949,0.0507651,0.388889,0.56,985.018,1230.2,1645.1,2529.2,232.248,939.645,1637.41,112.77,1808.52,95.4184,147.71,-1.30573,-0.257561,0.345448,-0.327746,0,0,0,0,0,0,0,144.28,0,0.884444,0,0,458.166,1368.13,0,0,2510.27,8744.68,0
1691509910065766389,1111,488,605,0.439244,29.5925,60.2238,104.804,124.905,175.222,-13.6568,491.438,846.841,1440.99,2021.56,2600.14,8908.91,21101.2,31961,4533.65,3724.71,5354.55,795.389,696.632,843.36,158829,11315.7,16053.7,9.75874,6.31981,0,0,0.0712448,0,6.78134,26.8349,150.759,370.662,5776.97,9721.71,0.000143639,5.52429e-05,3,3,8,0.727273,1,2.01665,1.23732,0.779326,0.0180313,0.0618746,488,0,0,0,0,0.001,0,0,0,0,0,0,0,0,0,0,0,0,0,0,0,0,0,0,0,0,0,0,0,0,0,0,0,0,0,0,0,0,0,0,0,0,29.5925,104.804,12.2042,468.31,558.486,0,-0.941118,0.29731,-0.160947,0.999944,0.608563,0.119215,0.428571,0.6,990.253,1211.83,1628.61,2582.67,236.808,951.401,1603.68,112.959,1712.96,150.669,196.169,-0.238421,-1.12234,-0.705661,0.502066,0,0,0,0,0,0,0,124.905,0,0.887295,0,0,491.438,1440.99,0,0,2600.14,8908.91,0
1691509910165746591,1191,435,740,0.365239,29.8938,58.8973,101.897,129.031,185.979,-13.486,448.902,807.739,1395.94,1728.8,2304.06,9629.39,18851.8,27370.5,5164.47,3901.27,5113.17,790.962,726.577,733.528,160766,9509.27,13404.4,4.53846,4.2421,0,0,0.0591496,0,5.53202,9.83483,107.706,308.234,4730.17,8242.88,0.000106541,7.0252e-05,3,2,9,0.818182,1,2.1354,1.46096,0.674442,0.0179407,0.105785,435,0,0,0,0,0.001,0,0,0,0,0,0,0,0,0,0,0,0,0,0,0,0,0,0,0,0,0,0,0,0,0,0,0,0,0,0,0,0,0,0,0,0,29.8938,101.897,15.8449,482.323,571.832,0,-0.941495,0.295542,-0.161994,0.999998,0.119676,0.0322993,0.398601,0.57,1006.51,1195.25,1618.56,2627.59,226.919,936.244,1598.07,140.8,1755.59,111.815,115.426,0.358563,-0.0499265,0.172123,0.295194,0,0,0,0,0,0,0,129.031,0,0.894253,0,0,448.902,1395.94,0,0,2304.06,9629.39,0
1691509910265758935,967,402,542,0.415719,27.6505,56.5064,81.5511,99.1252,197.71,-14.9997,459.986,835.918,1235.72,1614.63,2417.37,9516.31,19188.1,53181.2,4631.82,3249.65,6432.1,791.758,703.94,665.476,153861,10946.2,15653.8,3.87589,7.94696,0,0,0.0711436,0,4.49115,14.9664,97.5673,488.603,5742.53,9305.65,0.008348,0.00223015,3,2,10,0.833333,1,2.01994,1.54458,0.475357,0.0183982,0.0208544,402,0,0,0,0,0.001,0,0,0,0,0,0,0,0,0,0,0,0,0,0,0,0,0,0,0,0,0,0,0,0,0,0,0,0,0,0,0,0,0,0,0,0,27.6505,81.5511,14.3055,491.276,573.419,0,-0.939472,0.299539,-0.16634,0.999981,0.357661,0.0153725,0.438849,0.61,1028.09,1218.89,1630.16,2579.59,240.949,968.207,1623.14,144.353,1594.45,108.684,133.001,-1.16049,0.150357,0.517709,-0.868891,0,0,0,0,0,0,0,99.1252,0,0.955224,0,0,459.986,1235.72,0,0,2417.37,9516.31,0
1691509910365908389,1077,519,533,0.481894,28.0638,52.2547,80.7411,91.5798,155.727,-19.5421,450.71,820.295,1436.88,1779.73,2305.33,9144.74,19159.3,45466,4909.98,3558.76,5508.82,847.806,726.517,807.982,143780,11984,17230.3,4.04624,1.54211,0,0,0.0833491,0,11.2529,24.379,166.862,387.972,6739.58,9900.23,0.00183559,0.000179195,5,4,9,0.692308,1,1.92691,1.38396,0.542953,0.0162687,0.12343,519,0,0,0,0,0.001,0,0,0,0,0,0,0,0,0,0,0,0,0,0,0,0,0,0,0,0,0,0,0,0,0,0,0,0,0,0,0,0,0,0,0,0,28.0638,80.7411,8.94851,501.253,571.799,0,-0.937985,0.305076,-0.164661,0.999982,0.342281,0.0235935,0.428571,0.6,1042.83,1209.29,1655.62,2583.55,238.092,987.604,1622.83,126.251,1575.4,188.243,154.218,-0.350129,0.0281946,0.550053,0.272157,0,0,0,0,0,0,0,91.5798,0,0.967245,0,0,450.71,1436.88,0,0,2305.33,9144.74,0
1691509910466245469,1105,567,513,0.513122,30.502,63.7704,88.0096,101.73,152.668,-20.8364,477.501,862.875,1504.19,1891.4,2303.59,8820.57,17517.5,26445.2,4638.32,3586.23,5751.15,742.176,752.522,852.834,144369,11234.8,15854.8,12.7883,12.9777,0,0,0.0778198,0,9.48373,38.3754,134.567,355.558,5564.09,9752.69,0.0065249,0.00258477,10,9,16,0.64,1,2.13626,1.37928,0.756986,0.0192351,0.0630241,567,0,0,0,0,0.001,0,0,0,0,0,0,0,0,0,0,0,0,0,0,0,0,0,0,0,0,0,0,0,0,0,0,0,0,0,0,0,0,0,0,0,0,30.502,88.0096,9.69807,506.328,575.974,0,-0.937321,0.301919,-0.173996,0.999951,0.565879,0.138357,0.37931,0.55,1000.02,1227.79,1582.75,1908.84,259.94,918.695,1566.78,118.261,1741.61,143.074,166.194,-0.69277,0.354772,0.305864,-0.390857,0,0,0,0,0,0,0,101.73,0,0.943563,0,0,477.501,1504.19,0,0,2303.59,8820.57,0
1691509910566386124,1215,527,651,0.433745,35.2676,61.371,89.9422,105.626,176.529,-23.8744,489.391,843.395,1324.93,1692.07,2685.62,8888.11,17961.3,57333.3,4435.79,3437.12,6607.48,730.678,736.819,710.125,148840,14112.3,19075.4,4.69992,6.60202,0,0,0.094815,0,9.76259,13.0023,113.528,367.421,5641.96,12929.7,0.00109206,0.000297727,4,4,8,0.666667,1,2.41457,1.65584,0.758724,0.0213783,0.129831,527,0,0,0,0,0.001,0,0,0,0,0,0,0,0,0,0,0,0,0,0,0,0,0,0,0,0,0,0,0,0,0,0,0,0,0,0,0,0,0,0,0,0,35.2676,89.9422,12.2331,502.241,576.526,0,-0.938424,0.299266,-0.172629,0.999995,0.182315,0.0768337,0.388889,0.56,990.33,1194.37,1579.09,1958.89,257.152,860.791,1573.97,111.122,1734.26,127.169,124.454,0.500421,0.779041,1.0618,-0.587968,0,0,0,0,0,0,0,105.626,0,0.933586,0,0,489.391,1324.93,0,0,2685.62,8888.11,0
1691509910665837328,1166,572,569,0.490566,39.0693,62.9547,90.1797,104.406,183.385,-16.9219,426.786,739.015,1233.54,1501.36,2101.48,7761.84,18544.9,31937.4,3013.49,3348.54,5289.78,690.98,774.912,589.713,155873,10652.4,15023.7,10.6699,10.6783,0,0,0.0683404,0,8.37417,11.4333,110.65,266.167,5522.48,9104.58,6.01869,0.0153368,7,6,1,0.142857,1,2.41377,1.58412,0.829654,0.00749793,0.178729,572,0,0,0,0,0.001,0,0,0,0,0,0,0,0,0,0,0,0,0,0,0,0,0,0,0,0,0,0,0,0,0,0,0,0,0,0,0,0,0,0,0,0,39.0693,90.1797,10.4844,521.566,576.95,0,0.941298,-0.293167,0.167364,0.999963,0.490146,0.0868641,0.449275,0.62,1011.99,1179.71,1539.71,1976.31,247.904,885.104,1509.81,103.035,1770.38,109.892,92.9354,0.56752,-1.01023,-0.566648,1.01079,0,0,0,0,0,0,0,104.406,0,0.935315,0,0,426.786,1233.54,0,0,2101.48,7761.84,0
1691509910765373510,1210,561,625,0.463636,33.1245,59.3634,83.1855,95.6824,184.434,-12.1816,448.425,860.378,1375.06,1777.79,2236.92,9112.1,18838.5,131428,3576.64,4439.65,6418.69,766.824,844.855,709.036,160288,27959.2,34223.9,9.43191,7.88437,0,0,0.17443,0,10.3107,15.9024,134.782,404.081,6459.34,27199.5,0.00103565,0.000461336,3,3,8,0.727273,1,2.17918,1.49176,0.687422,0.00689289,0.120358,561,0,0,0,0,0.001,0,0,0,0,0,0,0,0,0,0,0,0,0,0,0,0,0,0,0,0,0,0,0,0,0,0,0,0,0,0,0,0,0,0,0,0,33.1245,83.1855,11.9879,518.32,595.692,0,-0.940233,0.294154,-0.17157,0.99999,0.254939,0.104276,0.459854,0.63,1021.79,1195.08,1565.52,2063.5,259.281,897.181,1522.64,107.207,1582.53,146.641,103.477,0.445064,0.20232,-0.411996,-0.414238,0,0,0,0,0,0,0,95.6824,0,0.960784,0,0,448.425,1375.06,0,0,2236.92,9112.1,0
1691509910865235069,1349,607,694,0.449963,34.2954,56.2305,80.8041,97.6274,158.366,-18.4029,445.322,834.931,1390.26,1669.05,2220.37,10034.1,15338.8,28490.5,3328.52,4313.9,6847.57,747.204,786.131,774.61,172614,12552.1,17143.9,5.90151,5.65493,0,0,0.0727177,0,10.5171,16.5811,123.08,323.613,5294.56,11375.5,0.046862,0.020564,4,3,8,0.727273,1,2.0928,1.36561,0.727187,0.00683073,0.0875019,607,0,0,0,0,0.001,0,0,0,0,0,0,0,0,0,0,0,0,0,0,0,0,0,0,0,0,0,0,0,0,0,0,0,0,0,0,0,0,0,0,0,0,34.2954,80.8041,11.5189,519.828,619.653,0,-0.939816,0.29284,-0.176043,0.999989,0.26819,0.0318287,0.408451,0.58,970.433,1194.47,1555.92,2204.73,259.268,854.999,1538.99,103.316,1757.83,118.426,124.815,0.0928152,0.258272,-0.09866,-0.186268,0,0,0,0,0,0,0,97.6274,0,0.953871,0,0,445.322,1390.26,0,0,2220.37,10034.1,0
1691509910965916767,1344,749,566,0.557292,29.7514,51.9705,77.5462,95.6681,146.407,-9.41604,435.539,800.469,1295.65,1524.45,2056.02,8006.26,19501.8,51861.2,2612.54,4528.77,5388.79,689.963,681.968,784.372,167669,16393.4,23090.2,10.3085,9.06157,0,0,0.0977726,0,17.4937,40.1684,189.632,523.891,8048.06,14271,0.000637242,0.000398559,5,4,9,0.692308,1,2.22788,1.4191,0.808785,0.0124411,0.201592,749,0,0,0,0,0.001,0,0,0,0,0,0,0,0,0,0,0,0,0,0,0,0,0,0,0,0,0,0,0,0,0,0,0,0,0,0,0,0,0,0,0,0,29.7514,77.5462,11.3352,520.709,608.956,0,-0.938454,0.296398,-0.177349,0.999992,0.230773,0.00873989,0.438849,0.61,946.614,1151.76,1500.01,1890.72,249.354,821.867,1468.64,110.595,1801,178.78,173.511,-0.57783,0.358251,0.173399,-0.296597,0,0,0,0,0,0,0,95.6681,0,0.963952,0,0,435.539,1295.65,0,0,2056.02,8006.26,0
1691509911066085279,1140,636,481,0.557895,29.8655,49.0502,67.0135,76.9825,139.403,-11.228,431.583,811.87,1304.52,1574.99,2158.17,8504.64,16629.7,22134.3,2290.02,5822.34,5589.94,607.572,749.808,804.304,159312,11414.7,16465.1,4.14851,3.93494,0,0,0.0716501,0,11.2916,20.6258,104.282,382.885,6748.08,9197.89,0.000576597,0.000288974,5,5,14,0.736842,1,2.16176,1.60625,0.555503,0.0127413,0.155203,636,0,0,0,0,0.001,0,0,0,0,0,0,0,0,0,0,0,0,0,0,0,0,0,0,0,0,0,0,0,0,0,0,0,0,0,0,0,0,0,0,0,0,29.8655,67.0135,11.4532,516.978,608.569,0,-0.94011,0.291325,-0.176981,0.999986,0.306517,0.0957141,0.438849,0.61,899.43,1149.88,1534.22,2194.51,265.78,780.209,1525.14,138.287,1756.56,103.484,137.053,0.971243,-0.144727,0.0679398,0.432571,0,0,0,0,0,0,0,76.9825,0,0.985849,0,0,431.583,1304.52,0,0,2158.17,8504.64,0
1691509911166347197,1148,680,451,0.592334,29.7255,51.1014,68.3608,80.6665,153.051,-17.0084,438.789,827.481,1248.62,1546.79,2300.14,8341.55,18268.3,33806.1,1697.94,5987.51,5343.15,648.602,687.361,786.698,142982,13730.4,19743.4,5.09089,4.31243,0,0,0.0960289,0,15.8079,21.5207,120.312,419.742,8055.72,11110.3,0.0028531,0.000772595,6,6,12,0.666667,1,2.32688,1.68998,0.636898,0.0174295,0.0701818,680,0,0,0,0,0.001,0,0,0,0,0,0,0,0,0,0,0,0,0,0,0,0,0,0,0,0,0,0,0,0,0,0,0,0,0,0,0,0,0,0,0,0,29.7255,68.3608,16.0808,532.431,616.489,0,-0.9387,0.288829,-0.188204,0.999933,0.663712,0.0396954,0.492537,0.66,916.102,1116.39,1549.6,2097.53,261.87,810.371,1540.99,139.137,1792.67,124.329,157.302,-1.54065,-1.7457,0.183958,0.673448,0,0,0,0,0,0,0,80.6665,0,0.975,0,0,438.789,1248.62,0,0,2300.14,8341.55,0
1691509911265856528,1166,761,393,0.652659,29.5093,47.5593,74.7373,86.1427,151.349,-13.8499,392.839,771.984,1247.25,1585.04,1969.62,7921.3,18150.8,30622.7,1443.21,5369.08,4687.87,548.162,622.737,787.612,144265,12954.7,18891.6,1.80544,2.92384,0,0,0.0897974,0,11.0928,26.7206,149.091,443.802,8469.64,9791.24,0.000636839,0.000161985,4,4,8,0.666667,1,2.39188,1.69904,0.692832,0.0117466,0.221625,761,0,0,0,0,0.001,0,0,0,0,0,0,0,0,0,0,0,0,0,0,0,0,0,0,0,0,0,0,0,0,0,0,0,0,0,0,0,0,0,0,0,0,29.5093,74.7373,12.6922,511.703,595.605,0,-0.937179,0.296073,-0.184487,0.999966,0.474582,0.0726386,0.398601,0.57,867.799,1081.21,1511.97,2014.46,261.91,763.605,1481.63,119.073,1969.68,139.26,171.36,0.40369,0.538509,-0.177073,-0.555795,0,0,0,0,0,0,0,86.1427,0,0.978975,0,0,392.839,1247.25,0,0,1969.62,7921.3,0
1691509911366022085,1384,876,470,0.632948,25.9275,43.5091,67.4235,80.6351,157.065,-9.07216,404.633,764.251,1178.16,1431.58,1890.62,7028.93,16165.3,24215.2,1439.34,5031.14,4219.19,617.333,672.008,776.541,151246,12013,17711.9,14.8516,14.2176,0,0,0.079427,0,23.1081,24.3484,157.465,543.904,8239.74,8723.35,0.000562438,0.000250813,4,3,9,0.75,1,2.06421,1.35265,0.711565,0.0148125,0.177676,876,0,0,0,0,0.001,0,0,0,0,0,0,0,0,0,0,0,0,0,0,0,0,0,0,0,0,0,0,0,0,0,0,0,0,0,0,0,0,0,0,0,0,25.9275,67.4235,11.3064,480.269,576.425,0,-0.938226,0.294952,-0.180931,0.999992,0.221931,0.00303291,0.398601,0.57,855.716,1065.55,1460.78,1996.89,273.705,763.402,1444.2,89.4178,1794.27,183.956,157.238,-0.701184,-1.098,-0.96616,0.706842,0,0,0,0,0,0,0,80.6351,0,0.982877,0,0,404.633,1178.16,0,0,1890.62,7028.93,0
1691509911466590255,1547,1043,461,0.674208,22.649,39.1526,59.1294,70.7568,126.126,-6.36499,394.992,704.785,1112.34,1380.85,1628.01,6031.41,14627.4,69031.6,1597.27,3941.48,3397.58,599.512,512.93,780.038,146048,14533,20894.8,14.6741,15.3952,0,0,0.0995086,0,26.3019,37.6938,163.624,604.387,7845.38,12217.4,0.0210015,0.00941326,3,2,8,0.8,1,1.899,1.24392,0.655083,0.0137885,0.239434,1043,0,0,0,0,0.001,0,0,0,0,0,0,0,0,0,0,0,0,0,0,0,0,0,0,0,0,0,0,0,0,0,0,0,0,0,0,0,0,0,0,0,0,22.649,59.1294,12.7749,448.05,546.175,0,-0.93953,0.288826,-0.184017,0.999976,0.400059,0.009314,0.388889,0.56,847.885,1051.89,1470.34,1998.59,263.804,779.456,1468.03,96.0848,1670.94,158.406,201.473,-0.377212,-1.40086,0.337926,1.77996,0,0,0,0,0,0,0,70.7568,0,0.991371,0,0,394.992,1112.34,0,0,1628.01,6031.41,0
1691509911567281964,1382,1024,342,0.740955,22.8174,43.6978,64.0809,73.5611,116.442,-6.41434,401.481,735.501,1167.34,1442.52,1870.89,6665.79,13966.8,40598.6,1945.84,4534.86,4297.03,557.116,585.473,876.457,142745,12979.9,19136,7.60298,7.78395,0,0,0.0909305,0,15.1513,39.7846,133.056,687.792,8334.02,9926.15,0.00128189,0.000573246,5,4,14,0.777778,1,1.99893,1.27504,0.723889,0.0160152,0.252572,1024,0,0,0,0,0.001,0,0,0,0,0,0,0,0,0,0,0,0,0,0,0,0,0,0,0,0,0,0,0,0,0,0,0,0,0,0,0,0,0,0,0,0,22.8174,64.0809,9.73047,390.542,531.728,0,0.941121,-0.288919,0.175549,0.999963,0.49371,0.113198,0.470588,0.64,866.77,1068.55,1505.6,1896.59,266.129,826.776,1546.41,106.504,1767.44,127.87,231.659,0.266416,-0.118619,0.358011,0.331531,0,0,0,0,0,0,0,73.5611,0,0.988281,0,0,401.481,1167.34,0,0,1870.89,6665.79,0
1691509911667756942,1584,1128,419,0.712121,21.9288,40.3407,62.0009,74.5982,125.282,-5.17754,395.298,713.815,1162.14,1417.12,1737.04,6467.38,13221.5,18233.3,2105.4,4585.83,3567.76,561.941,521.958,823.286,134238,11740.8,17381.4,3.64441,3.57037,0,0,0.0874627,0,18.4558,33.87,165.004,692.43,7319.38,9152.3,0.00337962,0.00198676,8,8,13,0.619048,1,1.96724,1.22101,0.74623,0.0193713,0.120405,1128,0,0,0,0,0.001,0,0,0,0,0,0,0,0,0,0,0,0,0,0,0,0,0,0,0,0,0,0,0,0,0,0,0,0,0,0,0,0,0,0,0,0,21.9288,62.0009,9.97016,396.01,527.02,0,0.942245,-0.285985,0.174321,0.999994,0.193243,0.0556553,0.41844,0.59,799.48,1029.27,1441.8,1783.02,248.571,774.362,1444.18,79.2586,1705.31,159.54,234.03,-0.39861,-0.0816733,-0.173172,-0.21346,0,0,0,0,0,0,0,74.5982,0,0.992908,0,0,395.298,1162.14,0,0,1737.04,6467.38,0
1691509911769472220,1472,1054,378,0.716033,21.3801,39.5371,59.9981,75.4008,154.366,-7.1907,418.073,781.101,1236.33,1534.77,1828.5,6696.75,13407.9,17775.3,2301.17,4438.59,4186.11,584.533,592.107,898.202,131417,11862.1,17554.5,8.52669,7.30936,0,0,0.0902627,0,23.0103,35.8451,178.09,686.165,7339.96,9291.38,0.00855226,0.00211635,4,3,10,0.769231,1,1.98999,1.30482,0.685176,0.0131167,0.416823,1054,0,0,0,0,0.001,0,0,0,0,0,0,0,0,0,0,0,0,0,0,0,0,0,0,0,0,0,0,0,0,0,0,0,0,0,0,0,0,0,0,0,0,21.3801,59.9981,11.819,407.384,511.797,0,0.938924,-0.291166,0.183422,0.99994,0.62945,0.00831308,0.459854,0.63,794.151,1022.88,1395.66,1978.09,253.104,765.842,1397.53,83.4732,1343.41,165.328,252.415,0.246487,-0.642444,0.544601,0.796545,0,0,0,0,0,0,0,75.4008,0,0.990512,0,0,418.073,1236.33,0,0,1828.5,6696.75,0
1691509911869889928,1525,1087,412,0.712787,23.8762,45.2848,68.058,81.2714,158.417,-11.6598,404.333,744.735,1178.33,1480,1926.62,6800.23,15148.8,23452.1,2289.59,4289.95,3901.51,549.602,520.632,914.067,143886,13989.8,20334.6,20.9718,12.6472,0,0,0.0972285,0,15.4648,37.8961,122.029,599.318,8357.93,11201.9,0.000257725,0.000100617,3,3,8,0.727273,1,2.81239,1.96337,0.849019,0.0170907,0.190813,1087,0,0,0,0,0.001,0,0,0,0,0,0,0,0,0,0,0,0,0,0,0,0,0,0,0,0,0,0,0,0,0,0,0,0,0,0,0,0,0,0,0,0,23.8762,68.058,15.4181,409.412,519.17,0,0.94005,-0.290035,0.179404,0.999991,0.247676,0.002393,0.470588,0.64,761.491,1003.68,1321.63,2249.4,245.152,747.512,1322.1,111.275,1510.34,116.775,275.373,0.206966,-2.61827,0.406091,1.72138,0,0,0,0,0,0,0,81.2714,0,0.98804,0,0,404.333,1178.33,0,0,1926.62,6800.23,0
1691509911971224382,1710,1184,473,0.692398,22.6152,42.2432,66.3888,80.6902,172.23,-10.1529,390.958,739.72,1188.13,1461.96,1809.6,6266.09,13579.9,25335.4,2000.45,4152.71,3804.3,528.966,603.643,825.886,139833,13351.9,19551.6,6.90684,5.97174,0,0,0.095485,0,22.1134,35.7934,175.109,675.161,7908.22,10735.2,0.000566287,0.000212811,5,5,8,0.615385,1,2.22008,1.3376,0.882479,0.015382,0.283821,1184,0,0,0,0,0.001,0,0,0,0,0,0,0,0,0,0,0,0,0,0,0,0,0,0,0,0,0,0,0,0,0,0,0,0,0,0,0,0,0,0,0,0,22.6152,66.3888,12.6625,437.38,519.957,0,-0.942067,0.28163,-0.182194,0.999959,0.520374,0.0324869,0.41844,0.59,769.168,957.46,1398.89,2215.03,250.672,728.885,1399.13,113.277,1648.85,165.917,246.814,-0.224113,-0.837341,-0.0333869,0.87516,0,0,0,0,0,0,0,80.6902,0,0.984797,0,0,390.958,1188.13,0,0,1809.6,6266.09,0
1691509912072191527,1617,1098,454,0.679035,22.9905,43.2897,66.5271,82.2462,142.427,-10.3034,386.726,735.708,1224.33,1497.75,1771.46,7056.29,15346.1,27803.7,1597.53,4625.35,4134.14,562.296,611.966,810.337,145751,15008.2,21957.1,11.5169,11.73,0,0,0.102971,0,24.3759,29.7423,196.092,532.622,9975.54,11198.7,0.00719114,0.00199044,8,7,15,0.681818,1,2.05688,1.20036,0.856526,0.0229331,0.163116,1098,0,0,0,0,0.001,0,0,0,0,0,0,0,0,0,0,0,0,0,0,0,0,0,0,0,0,0,0,0,0,0,0,0,0,0,0,0,0,0,0,0,0,22.9905,66.5271,11.9332,470.268,514.798,0,-0.940021,0.284928,-0.187554,0.999978,0.379184,0.131083,0.492537,0.66,772.203,1037.79,1492.09,2236.56,251.018,716.148,1487.64,136.384,2005.3,193.659,210.376,-0.241608,-0.267552,-0.911494,0.571345,0,0,0,0,0,0,0,82.2462,0,0.977231,0,0,386.726,1224.33,0,0,1771.46,7056.29,0
1691509912172804203,1759,1248,485,0.709494,19.5553,38.1244,62.1059,75.1425,137.454,-3.95944,402.901,709.677,1126.8,1441.57,1755.75,6069.96,15806.3,23971.1,1263.37,4092.58,3940.29,495.496,633.756,776.721,153006,13445.9,19831.6,50.3489,3.14123,0,0,0.0878784,0,24.3233,36.3277,159.816,737.491,8408.68,10464.9,0.000148273,1.7478e-05,2,2,8,0.8,1,1.97784,1.18389,0.793953,0.0135642,0.174211,1248,0,0,0,0,0.001,0,0,0,0,0,0,0,0,0,0,0,0,0,0,0,0,0,0,0,0,0,0,0,0,0,0,0,0,0,0,0,0,0,0,0,0,19.5553,62.1059,10.8776,501.53,556.592,0,0.941982,-0.278268,0.187714,0.999976,0.397909,0.0256803,0.459854,0.63,783.059,1061.4,1536.88,2088.09,248.976,716.53,1525.33,106.463,2160.32,162.314,213.402,0.72251,0.323473,-1.2848,-0.19851,0,0,0,0,0,0,0,75.1425,0,0.988782,0,0,402.901,1126.8,0,0,1755.75,6069.96,0
1691509912273362281,1528,1139,372,0.745419,20.1344,40.0127,64.5325,78.6681,121.219,-7.57919,379.866,729.751,1219.88,1471.12,1789.06,6572.04,17743.9,42929.1,1428.89,4284.95,3879.76,512.726,643.423,833.05,164797,16549.8,23714,3.25125,4.27636,0,0,0.100425,0,21.8754,40.2265,146.671,652.711,8943.64,13908.9,0.000463101,0.000564909,5,4,9,0.692308,1,2.19058,1.42156,0.76902,0.0127562,0.344394,1139,0,0,0,0,0.001,0,0,0,0,0,0,0,0,0,0,0,0,0,0,0,0,0,0,0,0,0,0,0,0,0,0,0,0,0,0,0,0,0,0,0,0,20.1344,64.5325,9.39087,545.786,586.823,0,0.94108,-0.281384,0.187595,0.999995,0.186013,0.00928397,0.515152,0.68,853.15,1097.89,1597.24,1913.47,245.324,757.577,1563.48,124.151,2337.17,147.046,211.832,0.110014,-0.062142,-0.131903,0.0184064,0,0,0,0,0,0,0,78.6681,0,0.986831,0,0,379.866,1219.88,0,0,1789.06,6572.04,0
1691509912372765085,1509,1008,477,0.667992,21.4432,40.6972,67.9891,84.3943,149.72,-8.57087,403.816,775.457,1207.61,1493.97,1720.14,6817.24,14137,36032.6,2393.44,4396.48,4415,564.82,626.087,857.233,165575,12908.7,18583.2,7.38627,7.33314,0,0,0.0779633,0,17.5479,26.169,156.452,534.378,7048.59,10800.1,0.00920958,0.00450207,8,7,11,0.611111,1,2.50194,1.73938,0.762565,0.018567,0.198919,1008,0,0,0,0,0.001,0,0,0,0,0,0,0,0,0,0,0,0,0,0,0,0,0,0,0,0,0,0,0,0,0,0,0,0,0,0,0,0,0,0,0,0,21.4432,67.9891,9.95017,554.355,608.695,0,-0.940773,0.281619,-0.18878,0.999999,0.0713849,0.0564975,0.515152,0.68,880.914,1134.3,1596.42,1897.12,252.435,772.626,1560.01,132.056,2274.34,154.882,185.709,0.0459982,0.420846,0.0789213,-0.333492,0,0,0,0,0,0,0,84.3943,0,0.985119,0,0,403.816,1207.61,0,0,1720.14,6817.24,0
1691509912470561144,1860,1169,664,0.628495,22.4259,38.544,60.1736,76.3167,146.915,-7.46667,393.823,791.366,1215.75,1493.45,1668.22,6468.86,14825.6,22622.6,2942.06,3616.87,4101.96,624.087,603.97,794.725,165962,13309.8,19547.8,67.5824,5.68187,0,0,0.0801976,0,26.849,56.9808,256.744,755.213,7455.43,10996.6,7.10431e-05,3.36329e-05,2,2,8,0.8,1,2.54907,1.74555,0.803526,0.00724063,0.244785,1169,0,0,0,0,0.001,0,0,0,0,0,0,0,0,0,0,0,0,0,0,0,0,0,0,0,0,0,0,0,0,0,0,0,0,0,0,0,0,0,0,0,0,22.4259,60.1736,8.02839,535.03,566.942,0,0.942397,-0.275347,0.189926,0.999978,0.37694,0.12792,0.428571,0.6,876.101,1143.25,1696.48,2187,250.148,788.841,1652.72,105.942,2152.12,253.023,227.154,-0.179213,-1.65024,0.0332805,0.386409,0,0,0,0,0,0,0,76.3167,0,0.980325,0,0,393.823,1215.75,0,0,1668.22,6468.86,0
1691509912568478363,1892,1157,703,0.611522,23.4934,44.8723,70.4625,85.9819,181.779,-4.32907,412.772,798.83,1241.56,1513.1,1714.15,6387.09,14146.6,25507.7,3420,2968.44,3902.27,627.056,680.387,811.821,175959,12517.7,18488.6,11.5796,11.86,0,0,0.0711399,0,24.087,49.19,296.994,671.309,7317.69,10129.3,0.00938685,0.00417725,5,4,11,0.733333,1,2.50739,1.5148,0.992594,0.00486515,0.196482,1157,0,0,0,0,0.001,0,0,0,0,0,0,0,0,0,0,0,0,0,0,0,0,0,0,0,0,0,0,0,0,0,0,0,0,0,0,0,0,0,0,0,0,23.4934,70.4625,10.6993,492.036,562.265,0,-0.942719,0.271272,-0.194146,0.999983,0.336627,0.278135,0.41844,0.59,898.265,1111.07,1703.77,2476.8,242.382,841.528,1685.9,140.327,2239.75,291.323,228.639,0.234496,-0.187051,0.143165,0.808254,0,0,0,0,0,0,0,85.9819,0,0.968885,0,0,412.772,1241.56,0,0,1714.15,6387.09,0
1691509912665691134,1893,1179,687,0.622821,23.8308,42.4768,66.5938,83.2787,203.326,-5.44105,416.518,836.546,1335.89,1655.9,1818.05,6459.64,13986,24331.9,4117.86,2591.43,3689.11,589.093,780.877,882.188,176210,13813.2,20404.6,49.6188,5.48851,0,0,0.0783902,0,28.6642,59.3172,297.015,824.502,7893.74,11301.3,6.25843e-05,2.83843e-05,2,2,8,0.8,1,2.29369,1.32546,0.968233,0.0071305,0.268926,1179,0,0,0,0,0.001,0,0,0,0,0,0,0,0,0,0,0,0,0,0,0,0,0,0,0,0,0,0,0,0,0,0,0,0,0,0,0,0,0,0,0,0,23.8308,66.5938,8.67969,486.789,526.532,0,-0.942749,0.274529,-0.189364,0.999983,0.331531,0.129911,0.41844,0.59,922.877,1144.28,1736.15,2390.79,265.548,868.998,1729.26,109.66,2067.97,288.25,290.671,-0.242454,-2.20805,0.661259,0.116041,0,0,0,0,0,0,0,83.2787,0,0.974555,0,0,416.518,1335.89,0,0,1818.05,6459.64,0
1691509912762907506,1829,1086,714,0.593767,25.115,45.5829,69.7309,86.8075,214.244,-6.54311,473.646,941.317,1453.56,1709.97,2054.39,7735.24,17066.5,63406.4,4739.31,2751.82,4175.51,665.949,828.387,972.738,172068,19144.6,28532.7,5.35881,6.33995,0,0,0.111262,0,25.2951,94.0239,311.406,1086.13,13121.2,13894.6,0.00186523,0.000539014,5,5,8,0.615385,1,2.46812,1.52733,0.940791,0.0120017,0.244777,1086,0,0,0,0,0.001,0,0,0,0,0,0,0,0,0,0,0,0,0,0,0,0,0,0,0,0,0,0,0,0,0,0,0,0,0,0,0,0,0,0,0,0,25.115,69.7309,10.3058,485.06,534.634,0,0.944044,-0.269955,0.189487,0.999989,0.27248,0.0791979,0.481481,0.65,907.083,1186.7,1786.8,2647.14,263.97,873.639,1783.53,131.561,1903.18,320.177,348.062,-0.337794,-0.766763,0.390499,1.07907,0,0,0,0,0,0,0,86.8075,0,0.978821,0,0,473.646,1453.56,0,0,2054.39,7735.24,0
1691509912860295868,1785,1067,699,0.597759,23.9177,42.5569,61.552,76.0608,156.842,-5.8039,474.958,883.406,1432.98,1706.48,1993.92,7089.37,15036,29857.5,4764.69,2783.31,3891.57,633.878,721.758,997.959,163763,15832.8,22647.3,12.2589,9.99636,0,0,0.096681,0,31.2129,82.7518,240,966.336,7327.61,13999.4,0.00228772,0.00087231,5,5,8,0.615385,1,2.29938,1.53484,0.764548,0.0189188,0.330444,1067,0,0,0,0,0.001,0,0,0,0,0,0,0,0,0,0,0,0,0,0,0,0,0,0,0,0,0,0,0,0,0,0,0,0,0,0,0,0,0,0,0,0,23.9177,61.552,9.28772,468.414,493.299,0,0.944244,-0.269658,0.188911,1,0.0388724,0.435267,0.503759,0.67,915.588,1238.02,1829.28,2572.79,267.349,890.88,1837.81,109.159,2300.66,231.784,271.249,0.940385,-2.38085,0.987827,1.03871,0,0,0,0,0,0,0,76.0608,0,0.989691,0,0,474.958,1432.98,0,0,1993.92,7089.37,0
1691509912957838831,1756,1161,568,0.661162,23.7548,44.8664,69.4999,84.7164,234.836,-5.36549,402.951,859.74,1344.27,1774.64,1843.78,7348.63,16188.7,27229.3,4484.78,2703.47,3945.79,588.294,766.776,948.54,172325,17010.2,24440.1,4.14228,4.24789,0,0,0.0987101,0,21.9631,65.5728,287.354,807.669,8616.21,14641.3,0.00285029,0.000744524,6,6,12,0.666667,1,2.89569,1.9012,0.99449,0.0206619,0.175973,1161,0,0,0,0,0.001,0,0,0,0,0,0,0,0,0,0,0,0,0,0,0,0,0,0,0,0,0,0,0,0,0,0,0,0,0,0,0,0,0,0,0,0,23.7548,69.4999,11.0957,443.122,518.782,0,-0.944856,0.264127,-0.193608,0.999973,0.417191,0.513621,0.470588,0.64,923.324,1175.85,1745.27,2580.22,262.332,888.514,1748.8,102.606,1611.59,274.983,338.52,1.1567,-0.663325,0.411779,0.412039,0,0,0,0,0,0,0,84.7164,0,0.975883,0,0,402.951,1344.27,0,0,1843.78,7348.63,0
1691509913056866592,1738,1055,637,0.60702,26.1999,47.607,73.2615,86.726,227.529,-11.7507,472.163,902.949,1434.06,1830.41,2289.54,8411.43,16517.2,41222.7,4856.41,3120.88,4850.74,708.696,816.289,935.091,177626,19633.8,28577.5,9.35508,9.86729,0,0,0.110534,0,21.7618,51.8113,347.893,803.836,11369,15983.2,0.0156257,0.00482836,6,6,8,0.571429,1,2.42238,1.43343,0.988951,0.019257,0.131943,1055,0,0,0,0,0.001,0,0,0,0,0,0,0,0,0,0,0,0,0,0,0,0,0,0,0,0,0,0,0,0,0,0,0,0,0,0,0,0,0,0,0,0,26.1999,73.2615,10.2702,437.601,533.129,0,-0.945372,0.261882,-0.194137,0.999997,0.135467,0.0460865,0.438849,0.61,918.904,1229.09,1682.4,2183.15,267.067,895.718,1684.89,96.8568,1568.29,339.929,332.691,0.724294,-0.609948,-0.687316,0.648262,0,0,0,0,0,0,0,86.726,0,0.97346,0,0,472.163,1434.06,0,0,2289.54,8411.43,0
1691509913155706320,1659,1021,605,0.615431,27.5949,48.1452,71.5386,85.127,208.912,-11.3485,438.763,830.468,1433.63,1760.16,2085.57,8546.84,21259.9,29764.5,4597.87,3936.88,4504.65,706.335,732.3,899.595,171967,20674.2,29321.2,1.67613,2.03129,0,0,0.120222,0,19.3804,72.6014,294.454,776.205,10188.4,17970.1,0.00711197,0.000646628,5,5,11,0.6875,1,2.47966,1.5344,0.945257,0.0137936,0.351705,1021,0,0,0,0,0.001,0,0,0,0,0,0,0,0,0,0,0,0,0,0,0,0,0,0,0,0,0,0,0,0,0,0,0,0,0,0,0,0,0,0,0,0,27.5949,71.5386,10.9234,433.368,521.708,0,-0.945175,0.260971,-0.196311,0.999997,0.135525,0.0506572,0.428571,0.6,893.884,1209.32,1771.31,2185.6,255.713,850.18,1773.93,97.4658,1615.9,286.789,369.849,0.583881,0.24312,-0.830253,0.0740788,0,0,0,0,0,0,0,85.127,0,0.975514,0,0,438.763,1433.63,0,0,2085.57,8546.84,0
1691509913255147981,1454,878,544,0.603851,26.9901,47.8913,67.8867,82.5492,212.551,-11.9666,457.895,855.624,1320.56,1676.42,2131.09,8028.51,15586.2,85803.3,3280.53,4367.12,4668.31,729.874,624.524,885.014,180258,20457.7,27439.8,11.3744,4.48991,0,0,0.113492,0,10.7295,56.5919,217.004,534.135,7661.07,18960.2,0.000141719,7.08522e-05,3,3,8,0.727273,1,2.29183,1.54674,0.745088,0.0176566,0.294231,878,0,0,0,0,0.001,0,0,0,0,0,0,0,0,0,0,0,0,0,0,0,0,0,0,0,0,0,0,0,0,0,0,0,0,0,0,0,0,0,0,0,0,26.9901,67.8867,11.0948,475.893,536.012,0,-0.942124,0.267728,-0.201799,0.999957,0.528536,0.0148922,0.459854,0.63,948.947,1216.56,1775.73,2148.67,256.826,865.355,1764.74,100.447,1954.61,226.349,289.448,-0.0850566,0.861448,-0.282268,-0.0473576,0,0,0,0,0,0,0,82.5492,0,0.987472,0,0,457.895,1320.56,0,0,2131.09,8028.51,0
1691509913356202344,1497,871,595,0.58183,22.5229,39.8119,62.0391,76.2432,116.792,-10.0874,422.655,808.206,1302.31,1681.4,2121.64,8070.4,19623.9,36266,2373.35,5386.63,4299.78,685.24,566.609,847.819,174568,16492,23732.9,5.95978,1.92821,0,0,0.0944731,0,17.6272,46.543,187.614,655.514,9066.23,13759.4,0.000136899,1.69563e-05,4,4,8,0.666667,1,2.43838,1.85899,0.579382,0.0263745,0.19533,871,0,0,0,0,0.001,0,0,0,0,0,0,0,0,0,0,0,0,0,0,0,0,0,0,0,0,0,0,0,0,0,0,0,0,0,0,0,0,0,0,0,0,22.5229,62.0391,11.3635,494.998,551.639,0,0.943592,-0.262476,0.201842,0.999985,0.312483,0.0226189,0.438849,0.61,926.728,1199.31,1736.24,2076.64,268.91,844.477,1719.78,105.511,1678,181.373,289.615,-0.0815493,-0.598435,-0.567114,0.512132,0,0,0,0,0,0,0,76.2432,0,0.990815,0,0,422.655,1302.31,0,0,2121.64,8070.4,0
1691509913459343872,1518,904,595,0.59552,27.8046,46.3503,69.9878,85.6779,138.499,-17.2945,412.624,815.48,1336.99,1668.95,2149.79,8111.1,18871.9,42689,1884.39,6113.29,4517.01,732.89,596.638,907.23,153841,19711.6,27441.4,2.86059,2.42862,0,0,0.12813,0,11.7753,45.0396,148.621,558.474,9315.69,17361.8,0.00546768,0.000400965,6,5,11,0.6875,1,2.20032,1.42083,0.779494,0.0330196,0.318352,904,0,0,0,0,0.001,0,0,0,0,0,0,0,0,0,0,0,0,0,0,0,0,0,0,0,0,0,0,0,0,0,0,0,0,0,0,0,0,0,0,0,0,27.8046,69.9878,10.9509,460.451,548.599,0,-0.944648,0.261039,-0.198743,0.999994,0.204831,0.0839984,0.342282,0.51,861.148,1124.46,1644.21,2131.46,250.747,826.731,1639.56,112.578,1454.6,141.514,268.629,-0.862089,-0.255961,-1.20179,0.399953,0,0,0,0,0,0,0,85.6779,0,0.984513,0,0,412.624,1336.99,0,0,2149.79,8111.1,0
1691509913562886931,1420,834,529,0.587324,29.7989,49.7737,73.8667,85.7565,133.204,-19.2897,380.318,749.645,1248.59,1555.4,1872.27,8259.64,16265.9,25325,1068.12,5739.38,4777.79,616.177,625.776,803.234,144806,13534,19291.2,6.86637,4.9973,0,0,0.0934624,0,10.1248,20.6869,116.245,375.921,7528.23,11240,0.000249364,9.40971e-05,3,3,8,0.727273,1,2.47588,1.70631,0.769565,0.0155618,0.220697,834,0,0,0,0,0.001,0,0,0,0,0,0,0,0,0,0,0,0,0,0,0,0,0,0,0,0,0,0,0,0,0,0,0,0,0,0,0,0,0,0,0,0,29.7989,73.8667,10.0276,413.65,505.323,0,-0.944293,0.259771,-0.202064,0.999994,0.20465,0.0466113,0.342282,0.51,823.286,1079.79,1492.67,2139.21,253.823,807.363,1494.58,100.72,1560.97,111.61,183.925,-0.926627,-0.071052,0.481462,0.14801,0,0,0,0,0,0,0,85.7565,0,0.98801,0,0,380.318,1248.59,0,0,1872.27,8259.64,0
1691509913666498219,1448,901,514,0.622238,25.918,47.834,73.8342,87.6142,141.701,-15.5041,369.909,668.513,1225.99,1485.92,1801.13,7401.67,14957.5,24067.4,1036.64,4463.08,4910.01,536.915,687.709,678.723,129100,12118.1,17568.2,3.79869,5.36175,0,0,0.0938658,0,12.9693,22.3161,104.462,427.568,7466.45,9534.42,0.000240239,0.000103676,3,3,8,0.727273,1,2.16896,1.35603,0.812924,0.0133743,0.285281,901,0,0,0,0,0.001,0,0,0,0,0,0,0,0,0,0,0,0,0,0,0,0,0,0,0,0,0,0,0,0,0,0,0,0,0,0,0,0,0,0,0,0,25.918,73.8342,11.1069,387.677,461.216,0,-0.944441,0.254712,-0.207733,0.999971,0.43542,0.045041,0.30719,0.47,752.334,968.239,1393.82,2148.99,256.722,768.202,1410.38,126.594,1867.2,100.282,165.172,-1.22404,0.106783,0.373563,-0.0316445,0,0,0,0,0,0,0,87.6142,0,0.971143,0,0,369.909,1225.99,0,0,1801.13,7401.67,0
1691509913770990246,1444,858,554,0.594183,29.0629,48.937,72.6533,86.3146,137.978,-16.1904,346.935,639.868,1138.67,1401.3,1731.86,6449.2,17016.7,25553.2,1285.83,3909.68,4269.74,499.984,677.819,612.313,128504,11613.4,16373.6,10.5026,10.169,0,0,0.0903739,0,11.759,21.5812,92.3659,392.604,5804.85,10050.4,0.0069331,0.00423038,7,7,11,0.611111,1,2.28688,1.48748,0.799408,0.0242657,0.585604,858,0,0,0,0,0.001,0,0,0,0,0,0,0,0,0,0,0,0,0,0,0,0,0,0,0,0,0,0,0,0,0,0,0,0,0,0,0,0,0,0,0,0,29.0629,72.6533,12.9303,392.204,445.865,0,0.944073,-0.255901,0.207945,0.999999,0.0723498,0.175561,0.37931,0.55,722.848,942.277,1437.11,2240.37,254.112,744.683,1486.5,95.7807,1858.44,93.2531,147.781,0.643485,0.791096,0.317139,-0.815345,0,0,0,0,0,0,0,86.3146,0,0.980186,0,0,346.935,1138.67,0,0,1731.86,6449.2,0
1691509913874867288,1513,914,558,0.604098,32.329,52.574,74.5329,88.1659,138.87,-15.2714,339.426,677.241,1155.2,1468.12,1607.35,6679.88,15689,21634.1,1308.87,3939.65,4687.85,501.242,708.51,678.151,119632,11461.9,16327.9,13.5657,5.13453,0,0,0.0958097,0,12.1219,26.9432,81.1025,512.274,5856.15,9839.3,5.42513e-05,0.000111303,3,3,8,0.727273,1,2.56407,1.64256,0.921509,0.0100026,0.594865,914,0,0,0,0,0.001,0,0,0,0,0,0,0,0,0,0,0,0,0,0,0,0,0,0,0,0,0,0,0,0,0,0,0,0,0,0,0,0,0,0,0,0,32.329,74.5329,14.426,392.894,451.68,0,0.946472,-0.252531,0.201043,0.999968,0.461069,0.0573944,0.388889,0.56,722.838,919.962,1436,2377.34,243.069,730.403,1456.63,115.395,1678.86,74.7733,187.36,-1.36266,0.255956,0.115808,-0.0906908,0,0,0,0,0,0,0,88.1659,0,0.97593,0,0,339.426,1155.2,0,0,1607.35,6679.88,0
1691509913976755819,1519,1051,450,0.691903,25.2076,44.8231,73.9034,89.6732,130.503,-10.5034,373.674,655.8,1089.87,1352.72,1562.95,6059.71,13608.6,23751.7,1311.37,3711.81,4052.48,515.654,585.651,739.551,121395,10785.4,16031.7,5.67469,5.401,0,0,0.0888454,0,20.4615,36.1606,127.748,688.258,6896.02,8263.01,0.000702927,0.00100427,5,4,12,0.75,1,3.36143,2.44392,0.917512,0.0151257,0.208537,1051,0,0,0,0,0.001,0,0,0,0,0,0,0,0,0,0,0,0,0,0,0,0,0,0,0,0,0,0,0,0,0,0,0,0,0,0,0,0,0,0,0,0,25.2076,73.9034,16.0691,416.277,485.654,0,0.944739,-0.254687,0.206403,0.999982,0.34558,0.00368697,0.408451,0.58,778.774,936.083,1367.75,1936.15,256.07,768.589,1387.91,128.277,1740.74,120.046,188.855,1.12473,1.63934,0.00553029,-0.153065,0,0,0,0,0,0,0,89.6732,0,0.976213,0,0,373.674,1089.87,0,0,1562.95,6059.71,0
1691509914077942955,1553,1011,508,0.650998,24.493,43.0841,69.8277,81.5099,117.935,-12.4124,391.544,720.702,1201.29,1458.27,1872.23,6956.43,15013,51665.8,1503.1,4332.4,4355.57,549.706,619.799,751.159,127726,14500.8,21318.8,12.5293,12.8814,0,0,0.113531,0,24.711,32.8591,123.124,742.733,9270.88,11124.5,0.009393,0.0031456,5,4,11,0.733333,1,2.98752,2.19583,0.791685,0.015199,0.320744,1011,0,0,0,0,0.001,0,0,0,0,0,0,0,0,0,0,0,0,0,0,0,0,0,0,0,0,0,0,0,0,0,0,0,0,0,0,0,0,0,0,0,0,24.493,69.8277,14.1117,454.582,508.306,0,0.94672,-0.245837,0.208052,0.999958,0.528156,0.0282097,0.398601,0.57,773.351,980.706,1490.77,2052.67,253.983,740.948,1492.14,136.529,1849.34,120.141,181.848,1.93534,0.570163,-0.914496,-1.35905,0,0,0,0,0,0.0167418,0,81.5099,0,0.988131,0,0,391.544,1201.29,0,0,1872.23,6956.43,0
1691509914177866800,1457,962,478,0.660261,26.9096,46.9126,64.9929,78.3058,139.742,-10.0366,360.282,693.357,1135.51,1417.5,1840.12,6785.95,14455.4,24870.8,1319.24,4359.55,4296.08,510.481,666.019,641.261,140549,11547.2,16892.6,8.62645,8.10691,0,0,0.0821583,0,14.4028,22.5923,137.558,465.792,7407.06,8845.21,0.00987013,0.00552995,4,4,11,0.733333,1,2.5509,1.79848,0.752415,0.0260952,0.202645,962,0,0,0,0,0.001,0,0,0,0,0,0,0,0,0,0,0,0,0,0,0,0,0,0,0,0,0,0,0,0,0,0,0,0,0,0,0,0,0,0,0,0,26.9096,64.9929,12.5195,498.137,561.343,0,0.948326,-0.245181,0.201403,0.999976,0.393699,0.00320688,0.449275,0.62,782.767,969.524,1451.68,2021.93,243.412,739.314,1446.18,166.869,1824.6,136.59,138.104,0.667349,-1.11391,-0.0200482,0.784278,0,0,0,0,0,0.0253946,0,78.3058,0,0.994802,0,0,360.282,1135.51,0,0,1840.12,6785.95,0
1691509914275434328,1290,941,343,0.729457,25.3151,46.392,66.3158,79.9143,116.825,-8.6163,336.226,665.553,1132.34,1399.91,1725.06,6554.36,15325.9,28315.3,1588.1,3674.03,4330.48,457.749,584.82,747.264,154174,11924.7,17123.6,2.57453,2.53497,0,0,0.0773458,0,12.0018,22.9136,77.1442,459.014,6697,9855.57,0.0122394,0.00211243,3,3,7,0.7,1,2.44515,1.70346,0.741696,0.0210986,0.197193,941,0,0,0,0,0.001,0,0,0,0,0,0,0,0,0,0,0,0,0,0,0,0,0,0,0,0,0,0,0,0,0,0,0,0,0,0,0,0,0,0,0,0,25.3151,66.3158,13.0108,537.056,599.933,0,0.949627,-0.242727,0.198222,0.999991,0.241978,0.145616,0.550388,0.71,811.534,971.241,1397.59,1805.79,236.36,728.778,1357.25,140.302,2144.03,76.6704,109.102,-0.289035,-0.0214193,0.186947,0.151853,0,0,0,0,0,0,0,79.9143,0,0.986185,0,0,336.226,1132.34,0,0,1725.06,6554.36,0
1691509914372716405,1176,820,341,0.697279,26.3715,44.8446,69.7833,84.673,150.455,-12.077,329.658,666.798,1118.74,1348.5,1644.79,6962.33,17115.5,25148.9,1995.1,3288.39,4569.97,515.488,675.905,613.019,160911,11928.2,16540.6,5.3338,5.47794,0,0,0.0741292,0,13.1022,15.5367,78.6176,382.658,5444.89,10605.8,0.0331395,0.0050439,5,4,10,0.714286,1,2.36146,1.64716,0.714294,0.00365946,0.127963,820,0,0,0,0,0.001,0,0,0,0,0,0,0,0,0,0,0,0,0,0,0,0,0,0,0,0,0,0,0,0,0,0,0,0,0,0,0,0,0,0,0,0,26.3715,69.7833,14.125,568.424,614.451,0,0.946339,-0.246928,0.208494,0.999933,0.663208,0.040966,0.550388,0.71,845.059,1013.67,1364.74,1796.73,236.983,754.119,1330.21,129.676,2207.79,81.718,87.3698,-0.317549,0.550068,0.353883,-0.507806,0,0,0,0,0,0,0,84.673,0,0.981707,0,0,329.658,1118.74,0,0,1644.79,6962.33,0
1691509914470060847,1629,933,663,0.572744,26.3772,46.1731,65.7624,80.8099,138.433,-5.9188,356.674,690.431,1168.52,1492.31,1687.2,6418.67,14371.8,38171.1,2779.68,2614.28,4299.49,566.658,676.302,656.671,168368,11227.9,16513.1,4.57816,5.35613,0,0,0.0666867,0,16.2199,32.4929,147.539,539.058,7088.28,8689.54,0.000213781,0.000119622,3,2,9,0.818182,1,2.21197,1.45519,0.756778,0.0063677,0.0539248,933,0,0,0,0,0.001,0,0,0,0,0,0,0,0,0,0,0,0,0,0,0,0,0,0,0,0,0,0,0,0,0,0,0,0,0,0,0,0,0,0,0,0,26.3772,65.7624,13.9879,534.989,588.024,0,0.946468,-0.250566,0.203508,0.999981,0.353689,0.0715141,0.398601,0.57,850.224,1004.69,1399.41,2109.68,240.794,756.514,1389.47,130.477,2074.98,132.227,164.579,0.155182,-0.201789,-0.354749,0.376875,0,0,0,0,0,0,0,80.8099,0,0.987138,0,0,356.674,1168.52,0,0,1687.2,6418.67,0
1691509914566881785,1566,966,569,0.616858,22.4537,42.4827,68.1095,84.2497,182.372,-3.7957,385.221,679.754,1151.68,1463.77,1761.05,6342.04,18688.5,49894.2,3715.7,2327.46,4123.77,580.006,630.022,689.048,168139,15516.4,22747.5,9.43308,10.2349,0,0,0.0922832,0,18.9045,35.4012,164.581,858.078,9224.68,12445.9,0.0021611,0.00157259,6,6,8,0.571429,1,2.29249,1.53278,0.759707,0.00935968,0.198271,966,0,0,0,0,0.001,0,0,0,0,0,0,0,0,0,0,0,0,0,0,0,0,0,0,0,0,0,0,0,0,0,0,0,0,0,0,0,0,0,0,0,0,22.4537,68.1095,12.2133,512.496,570.291,0,0.94678,-0.24633,0.207193,0.999984,0.322168,0.0286512,0.438849,0.61,872.122,1038.22,1437.86,2024.36,243.904,765.614,1433.41,122.23,2094.7,150.986,191.385,0.332566,0.928351,-0.0762083,-0.57006,0,0,0,0,0,0,0,84.2497,0,0.980331,0,0,385.221,1151.68,0,0,1761.05,6342.04,0
1691509914662914684,1776,1015,738,0.571509,23.0746,46.7977,70.6255,84.3666,215.959,-7.23416,405.207,751.732,1213,1571.19,1897.83,7039.39,16675.3,45077,4579.3,2037.63,4220.9,590.899,627.817,823.929,172535,16431.3,23960.9,3.70683,2.7641,0,0,0.0952343,0,12.6007,45.1681,201.19,652.847,10130.6,12918.6,2.72975e-05,1.35688e-05,3,3,8,0.727273,1,2.37162,1.52213,0.849491,0.0183357,0.374715,1015,0,0,0,0,0.001,0,0,0,0,0,0,0,0,0,0,0,0,0,0,0,0,0,0,0,0,0,0,0,0,0,0,0,0,0,0,0,0,0,0,0,0,23.0746,70.6255,12.9185,471.851,547.231,0,0.9471,-0.241743,0.211095,0.999982,0.345523,0.103282,0.388889,0.56,868.301,1062.3,1509.39,2013.8,246.141,803.333,1500.96,121.145,1854.05,176.765,284.472,0.262379,-1.11606,-0.0120051,0.0235254,0,0,0,0,0,0,0,84.3666,0,0.983251,0,0,405.207,1213,0,0,1897.83,7039.39,0
1691509914758743498,1689,945,710,0.559503,26.7608,49.0109,74.7843,89.54,144.074,-14.7201,426.307,821.451,1301.25,1631.66,2280.16,7874.36,15864.5,35381.6,5419.77,2891.67,4177.84,613.73,655.382,902.626,167404,16272.6,22869.4,5.21502,5.00067,0,0,0.0972059,0,11.42,30.6588,224.479,594.041,7672.64,14336.1,0.0314203,0.00423962,6,5,11,0.6875,1,2.56431,1.68918,0.875138,0.011284,0.432399,945,0,0,0,0,0.001,0,0,0,0,0,0,0,0,0,0,0,0,0,0,0,0,0,0,0,0,0,0,0,0,0,0,0,0,0,0,0,0,0,0,0,0,26.7608,74.7843,10.8847,460.858,520.257,0,0.946091,-0.244124,0.212871,0.999995,0.179761,0.0591949,0.503759,0.67,888.34,1154.32,1511.42,1998.85,247.002,814.012,1511.12,125.246,1759.17,226.583,312.004,0.991887,0.275837,-1.02681,-0.205344,0,0,0,0,0,0,0,89.54,0,0.975661,0,0,426.307,1301.25,0,0,2280.16,7874.36,0
1691509914856103825,1441,785,628,0.544761,30.814,50.8926,76.7233,91.755,136.367,-22.3958,453.748,871.342,1336.85,1742.92,2570.78,8684.31,17421.2,26568.4,6147.84,3841.53,4393.67,674.797,685.43,953.445,170634,16542.4,23244,15.4439,15.175,0,0,0.0969469,0,10.4569,28.5579,158.462,517.636,8135.47,14393.5,0.0102371,0.00386982,5,5,10,0.666667,1,2.38853,1.56917,0.819358,0.0208709,0.226086,785,0,0,0,0,0.001,0,0,0,0,0,0,0,0,0,0,0,0,0,0,0,0,0,0,0,0,0,0,0,0,0,0,0,0,0,0,0,0,0,0,0,0,30.814,76.7233,11.1086,473.51,552.381,0,0.943588,-0.245292,0.222428,0.999951,0.569962,0.167066,0.587302,0.74,899.583,1158.39,1561.13,2020.56,248.311,792.334,1551.71,101.394,1759.65,158.238,261.18,-0.579908,1.38727,-0.0426275,-1.63455,0,0,0,0,0,0,0,91.755,0,0.964331,0,0,453.748,1336.85,0,0,2570.78,8684.31,0
1691509914953906508,1278,718,537,0.561815,29.7321,52.4023,72.6772,86.9298,150.331,-21.6752,414.445,777.052,1271.36,1628.61,2226.21,9325.9,18875.3,77101,5424.04,4792.04,4717.16,680.375,603.61,837.922,169798,17050.7,24510.3,9.36102,9.2944,0,0,0.100417,0,15.2192,27.5639,107.12,615.782,9819.12,13925.5,0.0043429,0.00247352,7,6,9,0.6,1,2.12555,1.43759,0.687965,0.0120218,0.376099,718,0,0,0,0,0.001,0,0,0,0,0,0,0,0,0,0,0,0,0,0,0,0,0,0,0,0,0,0,0,0,0,0,0,0,0,0,0,0,0,0,0,0,29.7321,72.6772,9.00341,479.185,543.812,0,0.94331,-0.245738,0.223111,1,0.0493341,0.0928851,0.538462,0.7,907.299,1181.71,1633.67,2430.57,265.369,842.01,1625.92,106.916,1864.42,109.41,223.233,0.156921,-0.00983332,-0.316473,-0.036626,0,0,0,0,0,0,0,86.9298,0,0.98468,0,0,414.445,1271.36,0,0,2226.21,9325.9,0
1691509915052549368,1256,762,477,0.606688,28.6689,50.8289,73.8809,85.8075,115.637,-22.151,436.031,863.995,1469.04,1792.13,2233.25,10167,19648.2,27587.1,4548.42,5776.94,5469.78,684.896,714.381,909.02,173631,18664.6,26656,8.34201,8.30739,0,0,0.107496,0,14.2542,21.343,146.893,503.152,10654.6,15315.8,0.080657,0.0158612,6,6,12,0.666667,1,2.16158,1.44995,0.71163,0.00637143,0.257514,762,0,0,0,0,0.001,0,0,0,0,0,0,0,0,0,0,0,0,0,0,0,0,0,0,0,0,0,0,0,0,0,0,0,0,0,0,0,0,0,0,0,0,28.6689,73.8809,10.1803,513.406,561.414,0,0.946306,-0.240699,0.2158,0.999956,0.536896,0.0587945,0.481481,0.65,941.262,1164.37,1633.89,2345.51,266.323,887.005,1625.24,84.4439,2177.5,141.984,233.595,-0.673284,-0.843736,0.68639,0.697505,0,0,0,0,0,0,0,85.8075,0,0.990814,0,0,436.031,1469.04,0,0,2233.25,10167,0
1691509915154110419,1374,749,603,0.545124,27.5314,51.6349,72.1301,87.1637,123.518,-22.5577,437.569,846.869,1365.61,1736.97,2479.08,9635.4,21459.2,35836.8,3256.63,5866.18,5415.75,712.038,641.632,935.926,167148,17935.2,25650.9,10.9134,11.2264,0,0,0.107301,0,11.2977,23.7184,126.054,541.076,10222.4,14726.4,0.00452365,0.0021839,3,2,11,0.846154,1,2.02327,1.32065,0.702622,0.00875959,0.176135,749,0,0,0,0,0.001,0,0,0,0,0,0,0,0,0,0,0,0,0,0,0,0,0,0,0,0,0,0,0,0,0,0,0,0,0,0,0,0,0,0,0,0,27.5314,72.1301,8.95653,514.715,568.328,0,0.944791,-0.243256,0.219538,0.999989,0.27362,0.0315609,0.408451,0.58,927.694,1179.9,1611.45,2360.16,257.434,809.23,1594.85,101.861,2117.79,121.719,236.793,0.370585,-0.374713,0.218335,0.0654449,0,0,0,0,0,0,0,87.1637,0,0.975968,0,0,437.569,1365.61,0,0,2479.08,9635.4,0
1691509915256889691,1160,799,352,0.688793,27.322,48.528,72.6649,85.7922,149.3,-15.7336,405.69,752.577,1191.42,1554.56,2180.06,8166.22,18004.1,37574.7,1788.97,5472.51,5040.04,629.247,686.176,779.253,151466,15374.7,22034.6,4.86379,4.84564,0,0,0.101506,0,13.2096,19.2585,118.822,414.098,9041.9,12427.4,0.00533363,0.00158681,6,5,14,0.736842,1,2.44243,1.7184,0.72403,0.0149288,0.233188,799,0,0,0,0,0.001,0,0,0,0,0,0,0,0,0,0,0,0,0,0,0,0,0,0,0,0,0,0,0,0,0,0,0,0,0,0,0,0,0,0,0,0,27.322,72.6649,9.26092,482.854,530.885,0,0.944969,-0.239207,0.223189,0.999985,0.312561,0.0270618,0.470588,0.64,903.634,1147.57,1614.55,2507.35,256.92,832.217,1614.26,118.511,2149.6,125.742,198.637,0.93545,0.404708,-0.308597,-0.301811,0,0,0,0,0,0,0,85.7922,0,0.97622,0,0,405.69,1191.42,0,0,2180.06,8166.22,0
1691509915360466618,1461,1083,373,0.741273,23.2869,43.9701,67.1301,80.3446,130.211,-11.6245,344.121,650.061,1090.1,1408.93,1638.98,6670.08,15207.9,25211.4,1305.57,4019.38,4551.24,522.481,641.917,657.914,145048,13808.4,20036.6,7.46581,7.58434,0,0,0.0951992,0,15.9073,24.0848,124.195,557.891,8275.27,11039.3,0.00605396,0.00245717,6,6,11,0.647059,1,2.23519,1.43772,0.797473,0.0313247,0.286552,1083,0,0,0,0,0.001,0,0,0,0,0,0,0,0,0,0,0,0,0,0,0,0,0,0,0,0,0,0,0,0,0,0,0,0,0,0,0,0,0,0,0,0,23.2869,67.1301,5.80317,420.433,493.764,0,0.948701,-0.23955,0.206357,0.999851,0.988043,0.0836194,0.30719,0.47,746.292,1002.23,1500.02,1916.87,242.563,740.884,1505.6,99.5248,2331.39,128.528,189.437,0.416516,0.244339,0.106478,-0.479131,0,0,0,0,0,0,0,80.3446,0,0.993536,0,0,344.121,1090.1,0,0,1638.98,6670.08,0
1691509915464238720,1574,1108,454,0.703939,20.778,41.0197,63.4978,79.4954,128.082,-8.43074,330.659,586.796,1017.22,1339.37,1458.73,6589.71,15706.6,58833.9,1074.79,4125.14,3847.75,484.797,546.265,614.654,129653,15767.8,22088.5,5.47473,8.86459,0,0,0.121616,0,9.94531,22.6702,97.772,497.423,7723.06,13737.6,0.000453417,0.000197871,3,3,8,0.727273,1,2.23508,1.47267,0.762409,0.00722204,0.330544,1108,0,0,0,0,0.001,0,0,0,0,0,0,0,0,0,0,0,0,0,0,0,0,0,0,0,0,0,0,0,0,0,0,0,0,0,0,0,0,0,0,0,0,20.778,63.4978,6.04754,384.324,439.628,0,0.948082,-0.239494,0.209244,0.999996,0.169209,0.122348,0.30719,0.47,716.974,957.552,1445.59,2020.13,261.243,746.231,1522.01,92.0027,2409.57,95.6426,199.708,-0.170903,0.320419,-0.159853,-1.12712,0,0,0,0,0,0,0,79.4954,0,0.990072,0,0,330.659,1017.22,0,0,1458.73,6589.71,0
1691509915568043687,1482,1018,449,0.68691,25.3865,46.045,70.0072,82.1996,132.785,-12.0418,330.981,615.817,1084.17,1356.41,1505.33,6635.88,13133,64914.1,1129.27,3600.05,4125.01,495.944,577.623,570.703,130086,13338.7,19453.9,5.56669,4.73688,0,0,0.102538,0,11.4707,19.1858,329.36,493.886,7785.72,10814.3,0.00278571,0.000435846,10,9,14,0.608696,1,2.2475,1.42141,0.82609,0.0323089,0.139525,1018,0,0,0,0,0.001,0,0,0,0,0,0,0,0,0,0,0,0,0,0,0,0,0,0,0,0,0,0,0,0,0,0,0,0,0,0,0,0,0,0,0,0,25.3865,70.0072,7.51167,389.105,440.384,0,0.947369,-0.234043,0.21844,0.999943,0.613862,0.0612733,0.333333,0.5,688.619,888.14,1357.15,1877.7,245.255,747.759,1383.25,81.8152,2117.07,632.082,159.159,0.563147,0.0903704,1.13147,-0.808746,0,0,0,0,0,0,0,82.1996,0,0.989194,0,0,330.981,1084.17,0,0,1505.33,6635.88,0
1691509915671936422,1516,1100,406,0.725594,23.6926,41.9636,65.7536,79.2341,152.521,-5.1493,314.589,537.761,1002.1,1378.45,1306.96,5966.22,13711,38326,957.827,3247.06,3742.93,409.192,551.573,557.304,140465,11636,16524.3,9.58449,9.63075,0,0,0.0828392,0,14.497,31.8848,91.3075,534.291,5751.95,10100.3,0.0044319,0.00345011,5,5,11,0.6875,1,2.19323,1.38262,0.810605,0.0179929,0.244944,1100,0,0,0,0,0.001,0,0,0,0,0,0,0,0,0,0,0,0,0,0,0,0,0,0,0,0,0,0,0,0,0,0,0,0,0,0,0,0,0,0,0,0,23.6926,65.7536,10.2295,385.047,434.724,0,0.945252,-0.24162,0.219357,0.999969,0.453809,0.0920109,0.369863,0.54,684.731,831.883,1356.68,2027.38,247.323,707.996,1374.1,111.468,2120.81,94.1112,239.582,-0.299531,0.0342457,0.0529104,-0.223296,0,0,0,0,0,0,0,79.2341,0,0.989091,0,0,314.589,1002.1,0,0,1306.96,5966.22,0
1691509915775014209,1664,1102,530,0.66226,24.6802,44.9939,69.5257,80.0486,135.015,-10.6099,315.613,609.377,1094.68,1454,1395.85,5931.27,16208.2,31730.4,1168.09,3308.85,4147.1,482.132,639.814,648.868,141982,13462.9,19166.9,6.63955,9.85276,0,0,0.094821,0,14.3874,36.1653,108.553,598.444,6814.38,11595,0.00479305,0.00149558,3,3,10,0.769231,1,2.40236,1.51426,0.888103,0.0180521,0.175972,1102,0,0,0,0,0.001,0,0,0,0,0,0,0,0,0,0,0,0,0,0,0,0,0,0,0,0,0,0,0,0,0,0,0,0,0,0,0,0,0,0,0,0,24.6802,69.5257,11.0489,385.309,437.642,0,0.943863,-0.245221,0.221335,0.999991,0.248464,0.11252,0.37931,0.55,687.878,917.338,1321.05,1991.39,247.257,706.39,1348.48,95.8973,1985.69,100.229,213.434,1.2019,0.0830825,0.203746,0.0556103,0,0,0,0,0,0,0,80.0486,0,0.982759,0,0,315.613,1094.68,0,0,1395.85,5931.27,0
1691509915876250644,1805,1110,667,0.614958,25.3641,48.4552,74.6924,88.1607,144.11,-7.53154,352.425,648.053,1101.34,1424.22,1557.39,6048.63,13987.6,21535.8,1426.55,3910.74,4249.35,464.946,596.419,711.274,147460,11505.3,16993.7,3.04241,2.32115,0,0,0.0780233,0,14.8387,30.9255,116.111,597.269,7784.41,8450.11,0.000606801,0.000386152,3,2,11,0.846154,1,2.38052,1.37747,1.00305,0.0248834,0.156644,1110,0,0,0,0,0.001,0,0,0,0,0,0,0,0,0,0,0,0,0,0,0,0,0,0,0,0,0,0,0,0,0,0,0,0,0,0,0,0,0,0,0,0,25.3641,74.6924,10.7161,408.694,475.59,0,0.944383,-0.241492,0.223207,0.999991,0.240913,0.105571,0.333333,0.5,708.834,898.853,1355.78,2077.37,244.183,706.849,1385.53,95.5323,1923.21,108.486,207.305,0.928066,0.344678,0.0612299,-0.18094,0,0,0,0,0,0,0,88.1607,0,0.987387,0,0,352.425,1101.34,0,0,1557.39,6048.63,0
1691509915977373932,1534,1116,382,0.72751,25.2299,44.5997,68.4105,82.1627,135.686,-7.3937,344.195,648.368,1100.35,1467.14,1524.14,6327.72,15181.7,46623.6,1420.39,3949.61,3960.72,451.791,582.598,739.372,141849,14010.1,20692.5,5.18572,5.20148,0,0,0.0987678,0,17.2674,26.5319,124.554,849.38,8838.17,10836.6,0.00646584,0.00193702,7,7,12,0.631579,1,2.37613,1.48515,0.890975,0.0191765,0.262818,1116,0,0,0,0,0.001,0,0,0,0,0,0,0,0,0,0,0,0,0,0,0,0,0,0,0,0,0,0,0,0,0,0,0,0,0,0,0,0,0,0,0,0,25.2299,68.4105,11.882,446.97,492.148,0,0.942925,-0.237355,0.233571,0.999937,0.644825,0.123148,0.459854,0.63,711.909,911.865,1454.98,2082.98,250.922,689.303,1465.3,116.916,2100.67,125.155,199.29,0.468771,0.516715,-0.0216046,-0.678633,0,0,0,0,0,0,0,82.1627,0,0.986559,0,0,344.195,1100.35,0,0,1524.14,6327.72,0
1691509916076329321,1623,1093,507,0.673444,24.3162,42.6496,69.8051,82.231,128.983,-9.40431,336.279,654.021,1183.3,1541.03,1576.92,6523.64,14847.5,52608.1,1390.75,4019.77,3953.77,492.383,646.191,693.111,143000,14532,21044.3,5.44893,5.76598,0,0,0.101622,0,23.9119,27.1113,156.632,608.773,8353.36,11874.5,0.0132926,0.00198144,6,6,11,0.647059,1,2.2201,1.36536,0.854739,0.0503165,0.291122,1093,0,0,0,0,0.001,0,0,0,0,0,0,0,0,0,0,0,0,0,0,0,0,0,0,0,0,0,0,0,0,0,0,0,0,0,0,0,0,0,0,0,0,24.3162,69.8051,8.34288,495.012,546.645,0,0.943513,-0.241613,0.22673,0.999967,0.462928,0.0520775,0.41844,0.59,746.978,970.345,1476.68,2037.16,246.888,685.009,1465.16,110.507,2225.45,162.99,185.483,0.972053,0.050662,-0.551986,0.218486,0,0,0,0,0,0,0,82.231,0,0.987191,0,0,336.279,1183.3,0,0,1576.92,6523.64,0
1691509916174930257,1590,1118,454,0.703145,23.8015,41.0515,67.5339,80.5628,188.907,-5.88904,335.853,649.645,1119.05,1417.52,1542.77,6342.41,15525.6,24992.5,1190.24,3594.13,4050.1,500.209,685.8,629.985,140262,12968.4,18636.5,9.57753,6.6815,0,0,0.092458,0,20.3343,34.3506,113.747,583.999,6954.22,10929.9,0.001254,0.000522128,6,6,11,0.647059,1,2.52947,1.68032,0.849153,0.0296406,0.0997353,1118,0,0,0,0,0.001,0,0,0,0,0,0,0,0,0,0,0,0,0,0,0,0,0,0,0,0,0,0,0,0,0,0,0,0,0,0,0,0,0,0,0,0,23.8015,67.5339,9.19402,527.052,552.754,0,0.941918,-0.245008,0.229698,0.999989,0.274073,0.423234,0.492537,0.66,768.398,951.614,1377.86,1940.06,252.309,710.624,1366.29,107.92,2434,111.564,166.349,1.29117,1.03314,0.16668,-0.682207,0,0,0,0,0,0,0,80.5628,0,0.986583,0,0,335.853,1119.05,0,0,1542.77,6342.41,0
1691509916272807198,1503,955,527,0.635396,24.4095,44.7953,67.7801,79.0304,116.487,-8.96024,346.831,702.115,1173.99,1402.51,1688.27,7170.55,16272.3,31499.5,1701.62,3860.08,4675.02,547.706,751.478,666.18,152455,13960.3,20189.5,12.2767,10.2243,0,0,0.0915702,0,19.2398,30.8822,91.6187,491.776,8470.21,11085.8,0.00215922,0.00058281,4,4,8,0.666667,1,2.16249,1.43138,0.731102,0.0252567,0.126604,955,0,0,0,0,0.001,0,0,0,0,0,0,0,0,0,0,0,0,0,0,0,0,0,0,0,0,0,0,0,0,0,0,0,0,0,0,0,0,0,0.00104712,48.4029,48.4029,24.3822,67.7954,9.61315,557.516,593.87,0,0.941417,-0.244508,0.232271,0.999996,0.152931,0.298686,0.503759,0.67,795.521,990.933,1449.75,1986.31,241.822,701.653,1425.29,113.336,2330.34,94.2802,126.473,0.408163,0.274572,0.350321,-0.217018,0,0,0,0,0,0.00199601,48.4029,79.0334,1,0.987421,1167.54,1167.54,346.59,1174.52,1796.1,1796.1,1673.54,7175.39,0.000159784
1691509916370532401,1598,1010,565,0.63204,21.8223,42.6969,64.8722,78.9698,146.272,-5.76786,342.766,667.638,1164.44,1481.6,1540,6482.27,14323.6,22754.9,2025.35,3304.57,4428.74,611.988,692.507,630.088,166024,11905.7,17067.2,7.62355,4.1292,0,0,0.0717107,0,16.1824,29.541,129.678,457.875,6416.87,10017,0.00218226,0.00115348,6,5,9,0.642857,1,2.35208,1.61908,0.733004,0.027587,0.191194,1010,0,0,0,0,0.001,0,0,0,0,0,0,0,0,0,0,0,0,0,0,0,0,0,0,0,0,0,0,0,0,0,0,0,0,0,0,0,0,0,0,0,0,21.8223,64.8722,7.9106,569.938,616.151,0,0.943954,-0.241487,0.225022,0.999966,0.472873,0.271581,0.538462,0.7,825.545,1005.69,1457.98,2063.11,242.316,732.096,1418.53,106.837,2326.08,128.935,111.528,1.38332,0.386729,-0.0935587,-0.343571,0,0,0,0,0,0,0,78.9698,0,0.984158,0,0,342.766,1164.44,0,0,1540,6482.27,0
1691509916467897367,1649,882,733,0.53487,22.8774,40.9317,67.2302,84.3915,130.726,-9.01039,359.569,733.05,1216.21,1482.27,1647.9,7203.09,14275.8,21476.1,2482.97,3577.79,4796.12,659.202,625.587,667.266,165655,11804.3,16643.5,3.42832,2.22433,0,0,0.0712584,0,11.5106,39.8428,122.996,536.944,5504.46,10427.7,0.000280736,0.000131151,4,4,8,0.666667,1,2.17714,1.51602,0.661124,0.0110127,0.198259,882,0,0,0,0,0.001,0,0,0,0,0,0,0,0,0,0,0,0,0,0,0,0,0,0,0,0,0,0,0,0,0,0,0,0,0,0,0,0,0,0,0,0,22.8774,67.2302,8.10196,546.172,584.726,0,0.94404,-0.238732,0.227586,0.999993,0.215721,0.357542,0.449275,0.62,789.77,1003.41,1479.01,2181.61,234.807,717.988,1429.8,113.49,2545.16,117.653,101.147,0.190679,-0.283873,0.00305655,0.212349,0,0,0,0,0,0,0,84.3915,0,0.985261,0,0,359.569,1216.21,0,0,1647.9,7203.09,0
1691509916564908577,1655,934,686,0.56435,21.4154,38.8459,61.5653,78.9364,160.789,-4.73614,367.563,762.975,1256.27,1602.02,1736.04,6536.37,13726,22356.8,3519.3,3038.34,3587.46,645.617,674.526,789.343,167734,10444.9,15403.7,3.12819,2.75861,0,0,0.0622705,0,8.32378,44.1087,193.068,685.28,5848.27,8624.61,0.0038548,0.000658877,6,5,13,0.722222,1,2.0585,1.41387,0.644637,0.0158406,0.399863,934,0,0,0,0,0.001,0,0,0,0,0,0,0,0,0,0,0,0,0,0,0,0,0,0,0,0,0,0,0,0,0,0,0,0,0,0,0,0,0,0,0,0,21.4154,61.5653,7.21975,515.929,554.851,0,0.944293,-0.236275,0.229097,0.999996,0.165895,0.00440283,0.428571,0.6,839.914,1059.29,1536.93,1962.07,238.892,781.44,1530.87,92.9253,2355.32,187.791,155.62,0.460572,-0.0673802,0.690116,-0.180213,0,0,0,0,0,0,0,78.9364,0,0.981799,0,0,367.563,1256.27,0,0,1736.04,6536.37,0
1691509916662137883,1685,907,756,0.538279,20.8072,40.4304,66.9967,85.2336,170.18,-8.11088,448.769,867.964,1357.38,1626.94,2095.4,7444.61,16442.9,19816.6,4464.36,3054.88,4306.91,651.95,773.455,860.432,176035,12861.8,19051.6,4.80795,5.18649,0,0,0.073064,0,12.8103,43.7723,193.642,686.534,8408.76,9706.06,0.122306,0.00411704,8,8,10,0.555556,1,2.29637,1.6012,0.695173,0.0131163,0.303369,907,0,0,0,0,0.001,0,0,0,0,0,0,0,0,0,0,0,0,0,0,0,0,0,0,0,0,0,0,0,0,0,0,0,0,0,0,0,0,0,0,0,0,20.8072,66.9967,10.1151,483.049,557.836,0,0.944662,-0.2365,0.227337,0.999998,0.103855,0.390839,0.449275,0.62,894.833,1091.98,1627.15,2263.27,240.723,832.694,1614.61,87.538,1957.5,183.306,215.745,-0.4163,0.605202,0.538832,-0.797241,0,0,0,0,0,0,0,85.2336,0,0.979052,0,0,448.769,1357.38,0,0,2095.4,7444.61,0
1691509916759716446,1679,956,708,0.569387,24.0453,42.195,62.5696,80.2616,240.212,-8.61869,434.892,875.615,1326.03,1653.02,2082.78,8117.69,15311.7,23917.2,4867.9,3488.58,3953.49,616.239,715.892,963.187,172464,14816.2,21636.6,3.79697,5.34878,0,0,0.0859088,0,15.3558,50.4466,181.215,731.405,8660.41,11997.8,0.000949105,0.00118759,6,5,9,0.642857,1,2.20178,1.45856,0.743227,0.00888424,0.385832,956,0,0,0,0,0.001,0,0,0,0,0,0,0,0,0,0,0,0,0,0,0,0,0,0,0,0,0,0,0,0,0,0,0,0,0,0,0,0,0,0,0,0,24.0453,62.5696,9.58963,466.679,532.732,0,0.944456,-0.237098,0.227569,1,0.0385733,0.0137125,0.492537,0.66,895.954,1129.58,1638,2179.84,238.926,853.062,1630.91,114.969,2079.68,173.432,300.881,-0.157897,0.0825041,0.0629892,-0.263638,0,0,0,0,0,0,0,80.2616,0,0.978033,0,0,434.892,1326.03,0,0,2082.78,8117.69,0
1691509916856974642,1476,897,556,0.607724,26.2971,45.3718,67.8359,83.7562,120.452,-16.2149,474.407,841.451,1338.4,1628.29,2248.13,8178.17,19740,31917.5,5127.39,4005.77,4569.89,597.695,712.133,888.62,176495,17331.1,25169.9,5.57779,5.65861,0,0,0.0981962,0,9.72464,46.4379,231.407,635.777,10397,13849.5,0.00925586,0.00159755,6,5,11,0.6875,1,2.30781,1.56932,0.738492,0.0083382,0.191681,897,0,0,0,0,0.001,0,0,0,0,0,0,0,0,0,0,0,0,0,0,0,0,0,0,0,0,0,0,0,0,0,0,0,0,0,0,0,0,0,0,0,0,26.2971,67.8359,11.9011,465.557,545.542,0,0.9421,-0.238204,0.236021,0.999961,0.50673,0.102077,0.574803,0.73,895.749,1208.48,1751.77,2159.93,233.826,848.568,1746.42,130.374,1958.75,218.24,278.957,-1.473,0.957446,0.764803,-0.781681,0,0,0,0,0,0,0,83.7562,0,0.987737,0,0,474.407,1338.4,0,0,2248.13,8178.17,0
1691509916956168220,1431,834,565,0.582809,28.9896,49.1976,73.2499,89.567,187.209,-15.1239,477.819,867.991,1406.3,1690.41,2379.64,8826.14,16867.7,27714.6,4912.97,4356.43,5116.62,675.625,761.757,912.461,178593,16753.7,24248.2,8.42396,4.56527,0,0,0.0938096,0,18.3478,41.9528,235.66,528.275,9978.48,13445.4,0.000141058,2.21426e-05,2,2,8,0.8,1,2.60819,1.79072,0.817468,0.0130945,0.192478,834,0,0,0,0,0.001,0,0,0,0,0,0,0,0,0,0,0,0,0,0,0,0,0,0,0,0,0,0,0,0,0,0,0,0,0,0,0,0,0,0,0,0,28.9896,73.2499,12.0449,471.239,573.716,0,-0.943249,0.236177,-0.233455,0.999994,0.198576,0.0514398,0.526718,0.69,956.242,1227.34,1732.38,2229.09,239.496,888.333,1710.15,124.958,1926.17,219.494,297.511,0.535359,-0.478492,-1.40451,-0.591189,0,0,0,0,0,0,0,89.567,0,0.972422,0,0,477.819,1406.3,0,0,2379.64,8826.14,0
1691509917057025414,1387,774,576,0.558039,30.0458,50.8142,76.5978,91.9139,131.497,-19.8572,477.414,813.075,1335.7,1735.4,2558.94,8833.45,15767.9,26176.2,4188.84,5238.74,5224.6,730.508,702.288,863.048,176196,15089,21493.3,6.35345,3.769,0,0,0.0856375,0,15.0884,30.0739,156.44,463.233,8120.22,12708.2,0.00570941,0.00123447,3,2,10,0.833333,1,2.4617,1.67741,0.784286,0.013222,0.1186,774,0,0,0,0,0.001,0,0,0,0,0,0,0,0,0,0,0,0,0,0,0,0,0,0,0,0,0,0,0,0,0,0,0,0,0,0,0,0,0,0,0,0,30.0458,76.5978,11.0063,494.811,581.182,0,0.941035,-0.240426,0.238008,0.999978,0.378691,0.0263211,0.515152,0.68,932.893,1199.14,1749.08,2327.06,234.148,820.083,1736.3,102.954,2051.76,150.9,226.956,1.10863,-0.856846,-0.146371,0.429212,0,0,0,0,0,0,0,91.9139,0,0.971576,0,0,477.414,1335.7,0,0,2558.94,8833.45,0
1691509917157708573,1434,932,477,0.64993,28.4617,48.6562,71.4699,85.51,145.185,-13.4325,432.432,824.238,1346.57,1696.08,2183.5,8602.63,17424.7,28442.1,3184.52,5843.92,5174.63,679.928,672.847,901.152,165777,18080.7,25754.7,5.57375,5.52195,0,0,0.109066,0,14.2367,45.2867,145.058,672.129,9525.23,15352.8,0.0129074,0.00544009,7,6,13,0.684211,1,2.46161,1.59627,0.865332,0.010335,0.366653,932,0,0,0,0,0.001,0,0,0,0,0,0,0,0,0,0,0,0,0,0,0,0,0,0,0,0,0,0,0,0,0,0,0,0,0,0,0,0,0,0,0,0,28.4617,71.4699,10.7649,494.348,540.887,0,0.943347,-0.231456,0.237749,0.999957,0.530981,0.0862557,0.428571,0.6,850.601,1151.26,1663.47,2242.65,233.823,786.191,1655.24,119.717,2315.13,136.18,324.495,-0.0435301,-0.746862,0.27515,0.588518,0,0,0,0,0,0,0,85.51,0,0.978541,0,0,432.432,1346.57,0,0,2183.5,8602.63,0
1691509917260174164,1471,948,507,0.64446,24.3788,42.2872,62.9804,76.2087,120.741,-16.418,431.983,831.119,1404.6,1728.72,2395.95,8598.94,18960.9,36924.1,2151.5,5919.86,5450.21,694.141,712.024,882.005,164632,19866.6,28286.8,8.74151,8.46374,0,0,0.120673,0,15.1611,28.7318,167.477,577.924,10897.3,16600.3,0.000173984,0.000104433,4,3,9,0.75,1,2.23186,1.55659,0.67527,0.0162438,0.314674,948,0,0,0,0,0.001,0,0,0,0,0,0,0,0,0,0,0,0,0,0,0,0,0,0,0,0,0,0,0,0,0,0,0,0,0,0,0,0,0,0,0,0,24.3788,62.9804,7.0287,481.796,539.175,0,0.942722,-0.234094,0.237646,0.999996,0.155448,0.0874686,0.449275,0.62,849.171,1106.91,1846.47,2239.61,232.261,811.115,1815.9,106.667,2348.31,158.936,263.537,0.456941,0.257688,-0.188916,0.0168185,0,0,0,0,0,0,0,76.2087,0,0.989451,0,0,431.983,1404.6,0,0,2395.95,8598.94,0
1691509917363578184,1288,918,343,0.712733,28.22,48.5671,66.7286,78.8588,132.226,-14.269,391.487,714.926,1193.07,1546.52,2065.86,8004.69,16406.5,39401.4,1236.4,5650.86,4683.11,570.061,685.427,752.561,153338,15137.6,22024.5,8.56136,8.52393,0,0,0.098721,0,17.5846,19.5774,200.081,392.248,10497.5,10897.5,0.00617147,0.00227223,4,4,10,0.714286,1,2.38563,1.61444,0.771192,0.00492285,0.151437,918,0,0,0,0,0.001,0,0,0,0,0,0,0,0,0,0,0,0,0,0,0,0,0,0,0,0,0,0,0,0,0,0,0,0,0,0,0,0,0,0,0,0,28.22,66.7286,7.52925,425.241,511.23,0,0.943139,-0.229625,0.240337,0.999986,0.299823,0.0118284,0.388889,0.56,810.377,1050.51,1739.93,2251.21,232.382,779.162,1769.09,93.8458,2180.29,208.679,178.901,-0.0774155,1.22115,0.361323,-1.19925,0,0,0,0,0,0,0,78.8588,0,0.993464,0,0,391.487,1193.07,0,0,2065.86,8004.69,0
1691509917466811822,1564,1069,452,0.683504,26.9105,49.3226,71.7865,85.5823,140.846,-15.8892,327.428,626.439,1142.77,1489.47,1575.26,6645.47,16766.6,25892.8,1090.07,3851.08,4608.63,574.991,695.57,584.013,137429,14978.5,21437.9,13.7938,17.3182,0,0,0.108991,0,16.36,23.7099,128.206,441.974,8510.01,12317.6,0.00529319,0.00279633,5,5,8,0.615385,1,2.80407,1.85336,0.950712,0.00996077,0.28658,1069,0,0,0,0,0.001,0,0,0,0,0,0,0,0,0,0,0,0,0,0,0,0,0,0,0,0,0,0,0,0,0,0,0,0,0,0,0,0,0,0,0,0,26.9105,71.7865,7.57602,371.685,430.739,0,0.944056,-0.228109,0.238168,0.999996,0.160474,0.149226,0.30719,0.47,694.482,903.608,1584.76,2260.29,246.808,719.421,1673.1,100.964,2315.82,124.065,160.249,-0.556919,1.55269,-0.157082,-1.43874,0,0,0,0,0,0,0,85.5823,0,0.985033,0,0,327.428,1142.77,0,0,1575.26,6645.47,0
1691509917570419796,1574,1108,447,0.703939,23.9803,43.487,63.8816,79.3191,120.935,-9.32838,326.151,615.161,1092.01,1437.33,1437.14,5981.93,13355.7,21528.5,1010.97,3683.58,3901.95,524.557,621.702,606.148,125574,10777.8,15754.3,12.9293,12.6997,0,0,0.0858281,0,15.4426,22.1497,135.552,494.875,6518.75,8567.55,0.0159705,0.0054276,8,7,13,0.65,1,2.33285,1.50452,0.828332,0.0194221,0.503725,1108,0,0,0,0,0.001,0,0,0,0,0,0,0,0,0,0,0,0,0,0,0,0,0,0,0,0,0,0,0,0,0,0,0,0,0,0,0,0,0,0,0,0,23.9803,63.8816,6.42628,362.727,424.846,0,0.943632,-0.22942,0.23859,0.999999,0.0825486,0.172749,0.369863,0.54,702.654,896.786,1484.02,2026.09,262.296,723.641,1522.67,88.9154,2169.04,140.66,171.948,-0.116945,-0.851592,-0.486983,0.632427,0,0,0,0,0,0,0,79.3191,0,0.984657,0,0,326.151,1092.01,0,0,1437.14,5981.93,0
1691509917673044792,1608,1165,417,0.724502,22.565,41.666,62.9581,77.3406,117.665,-7.9671,323.948,641.844,1074.89,1390.72,1445.72,5899.95,16264.4,67822.4,1324.26,3786.3,3965.86,525.484,642.346,684.601,140409,15872,23059.1,18.0155,19.899,0,0,0.113041,0,27.1886,45.5911,125.779,877.762,8810.9,13171.9,0.000277702,0.000154686,3,3,8,0.727273,1,2.47138,1.67494,0.796437,0.0184535,0.266952,1165,0,0,0,0,0.001,0,0,0,0,0,0,0,0,0,0,0,0,0,0,0,0,0,0,0,0,0,0,0,0,0,0,0,0,0,0,0,0,0,0,0,0,22.565,62.9581,10.8203,383.497,448.683,0,0.941171,-0.227938,0.249482,0.999937,0.645422,0.0556106,0.369863,0.54,667.028,955.127,1437.63,2179.04,264.374,689.469,1484.36,91.1109,2052.33,123.244,219.827,-0.490025,-0.868203,-0.137989,-0.0559497,0,0,0,0,0,0,0,77.3406,0,0.991416,0,0,323.948,1074.89,0,0,1445.72,5899.95,0
1691509917774745761,1724,1066,603,0.618329,23.9693,43.1665,66.9765,80.4574,126.942,-10.7854,337.295,611.872,1083.11,1397.9,1468.21,5886.08,13974,23705.5,1313.81,3660.65,3843.08,519.329,605.529,669.517,131128,10694.1,15625.4,6.12004,7.98518,0,0,0.0815549,0,15.0927,30.8713,128.179,551.83,6215.64,8683.78,0.00920857,0.00225936,8,7,12,0.631579,1,2.56581,1.74948,0.816326,0.0228765,0.27614,1066,0,0,0,0,0.001,0,0,0,0,0,0,0,0,0,0,0,0,0,0,0,0,0,0,0,0,0,0,0,0,0,0,0,0,0,0,0,0,0,0,0,0,23.9693,66.9765,12.2023,392.776,457.021,0,0.940288,-0.224499,0.255848,0.999973,0.417593,0.065963,0.428571,0.6,716.945,928.557,1422.89,2354.23,257.783,724.116,1481.66,94.6103,1709.3,118.986,195.005,0.278276,0.0788911,-1.05419,0.176736,0,0,0,0,0,0,0,80.4574,0,0.987805,0,0,337.295,1083.11,0,0,1468.21,5886.08,0
1691509917876448305,1745,1147,568,0.657307,21.1391,38.4224,59.3122,72.8809,119.327,-6.72326,332.456,612.652,1011.64,1306.72,1380.82,5264.55,13191,18095.9,1551.91,3559.2,3257.51,470.813,516.637,703.391,121165,9686.41,14150.6,13.6973,4.48509,0,0,0.0799441,0,21.9823,34.6562,105.554,690.606,5080.23,8217.54,0.000368121,9.57259e-05,3,3,8,0.727273,1,2.33025,1.6312,0.699047,0.0199212,0.347275,1147,0,0,0,0,0.001,0,0,0,0,0,0,0,0,0,0,0,0,0,0,0,0,0,0,0,0,0,0,0,0,0,0,0,0,0,0,0,0,0,0,0,0,21.1391,59.3122,12.8625,418.506,494.632,0,0.940889,-0.224921,0.253256,0.999996,0.154349,0.0570636,0.398601,0.57,712.19,901.419,1321.67,2090.47,258.956,697.484,1333.69,111.133,1618.43,95.486,204.6,0.100208,0.0922841,0.766811,-0.540648,0,0,0,0,0,0,0,72.8809,0,0.993897,0,0,332.456,1011.64,0,0,1380.82,5264.55,0
1691509917976154315,1532,1070,431,0.698433,22.2452,39.2915,60.6083,76.4562,130.928,-11.382,335.628,616.815,1127.28,1385.78,1578.89,6117.74,12913.2,23163.3,1913.37,3998.29,3297.89,465.001,486.173,819.38,111466,9785.22,14618.1,4.87452,3.56307,0,0,0.0877865,0,14.4845,33.1907,99.8365,754.879,6113.01,7602.67,0.000122163,6.30237e-05,3,3,8,0.727273,1,2.30519,1.5862,0.718996,0.0233231,0.256613,1070,0,0,0,0,0.001,0,0,0,0,0,0,0,0,0,0,0,0,0,0,0,0,0,0,0,0,0,0,0,0,0,0,0,0,0,0,0,0,0,0,0,0,22.2452,60.6083,14.7427,453.996,526.262,0,0.94113,-0.220126,0.256551,0.999983,0.333656,0.0574262,0.515152,0.68,745.036,934.043,1354.72,2111.11,263.451,717.404,1352.01,147.209,1966.99,91.9774,208.203,-0.558423,-0.164509,-0.183832,-0.309328,0,0,0,0,0,0,0,76.4562,0,0.98785,0,0,335.628,1127.28,0,0,1578.89,6117.74,0
1691509918075107547,1467,1003,450,0.683708,23.8573,43.0489,66.2964,76.4641,117.664,-11.7118,362.599,697.515,1075.81,1330.91,1782.59,6077.05,13549.8,23111.9,1732.36,4337.71,3452.72,510.227,561.452,809.058,125340,10637.7,15699.6,4.51351,4.51587,0,0,0.0848709,0,13.2487,27.4471,116.446,639.892,6531.2,8371.42,0.119722,0.00858897,6,6,9,0.6,1,2.18215,1.46288,0.719266,0.0273128,0.175697,1003,0,0,0,0,0.001,0,0,0,0,0,0,0,0,0,0,0,0,0,0,0,0,0,0,0,0,0,0,0,0,0,0,0,0,0,0,0,0,0,0,0,0,23.8573,66.2964,12.814,501.928,548.258,0,0.941452,-0.216459,0.258483,0.999991,0.238161,0.251598,0.574803,0.73,750.055,934.324,1406.16,2107.92,253.034,694.029,1363.81,117.598,2369.65,107.237,157.988,-0.107857,0.636739,0.102421,-0.620928,0,0,0,0,0,0,0,76.4641,0,0.991027,0,0,362.599,1075.81,0,0,1782.59,6077.05,0
1691509918173291655,1509,1070,433,0.709079,21.3083,39.758,65.0221,77.7179,149.38,-9.20305,351.69,685.409,1162.78,1528.22,1563.68,6195.38,15238.1,23067.8,2032.94,4161.47,3596.37,470.367,622.452,736.289,136610,11940.3,17689.8,3.82925,1.90348,0,0,0.0874046,0,24.4798,31.4734,143.003,638.413,8161.91,8690.48,0.00211332,0.000504574,4,3,11,0.785714,1,2.34885,1.59715,0.751703,0.0196146,0.0621851,1070,0,0,0,0,0.001,0,0,0,0,0,0,0,0,0,0,0,0,0,0,0,0,0,0,0,0,0,0,0,0,0,0,0,0,0,0,0,0,0,0,0,0,21.3083,65.0221,13.8977,543.736,581.366,0,0.941688,-0.220257,0.254384,0.999984,0.320449,0.280831,0.492537,0.66,742.459,963.534,1521.19,2070.12,243.132,688.09,1504.29,124.399,2805,141.515,155.729,0.572757,0.126907,0.11551,-0.264834,0,0,0,0,0,0,0,77.7179,0,0.986916,0,0,351.69,1162.78,0,0,1563.68,6195.38,0
1691509918271218525,1695,1195,483,0.705015,19.8842,36.7588,57.7309,70.2663,123.491,-3.78755,339.295,658.732,1065.92,1404.62,1438.26,6114.83,14787.9,32864.8,2159.65,3400.26,3984.8,538.746,593.004,669.067,156022,13555.7,19723.8,3.17472,3.07183,0,0,0.0868835,0,28.5439,37.2971,197.037,594.393,7791.48,11075,0.0001985,0.000120692,5,5,8,0.615385,1,2.29921,1.61918,0.68003,0.0105074,0.223229,1195,0,0,0,0,0.001,0,0,0,0,0,0,0,0,0,0,0,0,0,0,0,0,0,0,0,0,0,0,0,0,0,0,0,0,0,0,0,0,0,0,0,0,19.8842,57.7309,13.7,569.62,610.68,0,0.941295,-0.218059,0.257707,0.999992,0.229385,0.222614,0.470588,0.64,799.218,1055.41,1611.61,2097.71,233.137,719.289,1521.63,99.7791,2658.98,190.206,173.439,0.035287,-0.223053,-0.00759824,0.194282,0,0,0,0,0,0,0,70.2663,0,0.994979,0,0,339.295,1065.92,0,0,1438.26,6114.83,0
1691509918368799099,1748,1116,602,0.638444,20.4507,37.4671,59.8903,72.8909,150.305,-4.27896,356.726,701.129,1098.03,1389.32,1564.73,6247.09,14284,21147.3,2419.98,3363.4,4103.09,543.232,617.917,717.145,158723,12017.2,17454.9,8.41189,8.45097,0,0,0.0757116,0,21.6216,39.3694,134.494,554.035,6844.09,9861.27,0.00955263,0.00336369,6,5,10,0.666667,1,2.2319,1.55398,0.67792,0.0179233,0.271702,1116,0,0,0,0,0.001,0,0,0,0,0,0,0,0,0,0,0,0,0,0,0,0,0,0,0,0,0,0,0,0,0,0,0,0,0,0,0,0,0,0,0,0,20.4507,59.8903,12.0651,560.948,608.987,0,0.940441,-0.218149,0.260731,0.999995,0.180132,0.202248,0.492537,0.66,864.425,1081.43,1590.31,2129.2,248.254,748.605,1501.18,114.316,2324.24,127.033,165.438,-0.526969,-0.446919,0.612554,0.222939,0,0,0,0,0,0,0,72.8909,0,0.993728,0,0,356.726,1098.03,0,0,1564.73,6247.09,0
1691509918466393884,1610,945,641,0.586957,22.9044,42.2994,62.1865,76.6879,164.241,-7.89619,387.329,719.264,1145.42,1436.42,1637.82,7011.58,16943.6,25962.5,2829.03,3441.99,4329.78,608.158,639.603,732.794,158477,13132.6,18840.4,6.5253,4.32285,0,0,0.0828678,0,14.269,40.0125,159.602,593.799,6837.2,11195.5,0.0197844,0.00530716,3,2,10,0.833333,1,2.23404,1.55705,0.67699,0.0261892,0.0782132,945,0,0,0,0,0.001,0,0,0,0,0,0,0,0,0,0,0,0,0,0,0,0,0,0,0,0,0,0,0,0,0,0,0,0,0,0,0,0,0,0,0,0,22.9044,62.1865,8.23997,559.995,594.765,0,0.938845,-0.224716,0.260908,0.999977,0.38732,0.195214,0.5625,0.72,928.789,1172.76,1615.83,2125.57,255.499,833.13,1561.28,110.807,2697.81,153.729,162.316,0.17566,0.00520127,-0.202059,0.411533,0,0,0,0,0,0,0,76.6879,0,0.98836,0,0,387.329,1145.42,0,0,1637.82,7011.58,0
1691509918563929375,1663,1013,623,0.60914,21.6606,38.9663,62.7967,79.2465,206.609,-4.22385,400.443,756.774,1284.12,1616.45,1672.17,6543.9,17700.2,85823.6,3648.3,3402.19,3237.24,594.456,617.673,880.468,152729,21504.9,29148.8,3.37529,3.40404,0,0,0.140804,0,13.187,53.7691,370.871,1083.09,7509.26,20118.6,0.0590949,0.0039664,5,5,8,0.615385,1,2.29377,1.56957,0.724196,0.0137684,0.153875,1013,0,0,0,0,0.001,0,0,0,0,0,0,0,0,0,0,0,0,0,0,0,0,0,0,0,0,0,0,0,0,0,0,0,0,0,0,0,0,0,0,0,0,21.6606,62.7967,10.5861,543.884,576.529,0,0.940279,-0.222616,0.257522,0.999991,0.242593,0.233719,0.470588,0.64,944.771,1188.43,1677.92,2118.1,239.806,819.05,1667.84,101.26,2820.53,706.6,267.78,-0.169797,-0.510699,1.23437,0.785513,0,0,0,0,0,0,0,79.2465,0,0.978282,0,0,400.443,1284.12,0,0,1672.17,6543.9,0
1691509918662011758,1927,1222,674,0.634146,20.1104,37.531,60.5247,80.3313,152.558,-5.10705,429.794,800.17,1244.83,1522.27,1874.86,6451.51,15237.3,61523.7,4023.17,2906.51,3438.89,598.892,663.576,834.643,150970,18406.1,26235.5,11.463,5.99961,0,0,0.121919,0,20.6959,91.088,277.013,1067.08,8481.85,16297.8,0.00417046,0.000867156,3,2,10,0.833333,1,2.31595,1.50024,0.81571,0.0170273,0.128604,1222,0,0,0,0,0.001,0,0,0,0,0,0,0,0,0,0,0,0,0,0,0,0,0,0,0,0,0,0,0,0,0,0,0,0,0,0,0,0,0,0,0,0,20.1104,60.5247,10.7521,508.96,558.288,0,0.940036,-0.221672,0.259218,0.999998,0.112089,0.42999,0.492537,0.66,962.408,1189.13,1713.79,2392.89,238.253,875.798,1680.1,97.1615,2390.77,257.879,426.338,-0.182989,0.827153,-1.07194,0.22762,0,0,0,0,0,0,0,80.3313,0,0.977905,0,0,429.794,1244.83,0,0,1874.86,6451.51,0
1691509918759564594,1855,1179,651,0.63558,22.7941,38.3545,64.1508,78.0077,120.385,-8.897,453.91,803.995,1252.19,1536.31,1966.69,6926.15,13986.3,24710.3,4515.89,3215.7,3744.72,620.398,690.342,814.17,146615,15136.3,21595.6,11.2253,3.94397,0,0,0.103238,0,20.2623,43.5184,236.962,577.853,7701.52,13015.5,0.000217705,8.28086e-05,3,2,9,0.818182,1,2.18012,1.38111,0.799012,0.0185807,0.403466,1179,0,0,0,0,0.001,0,0,0,0,0,0,0,0,0,0,0,0,0,0,0,0,0,0,0,0,0,0,0,0,0,0,0,0,0,0,0,0,0,0,0,0,22.7941,64.1508,13.0902,470.904,539.006,0,0.939779,-0.217555,0.263601,0.999982,0.344833,0.152546,0.470588,0.64,933.528,1157.45,1706.41,2309.6,235.761,838.528,1701.93,93.2634,2255.23,217.67,301.468,0.675777,0.229442,0.435313,0.353257,0,0,0,0,0,0,0,78.0077,0,0.988974,0,0,453.91,1252.19,0,0,1966.69,6926.15,0
1691509918858203323,1632,1133,485,0.69424,23.1578,41.6035,64.0599,77.332,157.804,-10.4389,456.779,836.316,1244.3,1463.29,2058.45,7172.86,15124.7,23754.7,4673.71,3731.15,3678.54,614.524,589.781,859.825,158327,16487.2,22884.1,9.93642,10.009,0,0,0.104134,0,17.0278,54.7898,242.998,654.26,7007.65,14907.4,0.00360574,0.0016869,5,4,14,0.777778,1,2.45528,1.65337,0.80191,0.0318019,0.109707,1133,0,0,0,0,0.001,0,0,0,0,0,0,0,0,0,0,0,0,0,0,0,0,0,0,0,0,0,0,0,0,0,0,0,0,0,0,0,0,0,0,0,0,23.1578,64.0599,13.5907,486.03,566.379,0,0.941135,-0.212159,0.263162,0.999984,0.319782,0.0125963,0.538462,0.7,1013.1,1187.05,1783.53,2292.62,239.429,929.724,1769.58,120.548,2306.46,242.29,307.601,0.766315,0.210625,-0.0305944,0.772424,0,0,0,0,0,0,0,77.332,0,0.987643,0,0,456.779,1244.3,0,0,2058.45,7172.86,0
1691509918957924781,1599,972,609,0.60788,25.5463,46.1371,70.2845,85.483,171.017,-13.8028,498.408,844.668,1300.68,1579.55,2407.7,8096.97,16556.7,23173.7,4322.9,4595.39,4029.66,683.652,677.941,898.273,164015,16372.9,23490.2,2.27489,2.4226,0,0,0.0998253,0,21.3959,58.8672,242.586,862.405,8110.43,14194.6,0.00394902,0.000343432,5,5,10,0.666667,1,2.42804,1.60876,0.819279,0.0210051,0.166791,972,0,0,0,0,0.001,0,0,0,0,0,0,0,0,0,0,0,0,0,0,0,0,0,0,0,0,0,0,0,0,0,0,0,0,0,0,0,0,0,0,0,0,25.5463,70.2845,12.6626,487.928,574.41,0,0.939506,-0.212891,0.26834,0.999985,0.313849,0.103094,0.526718,0.69,1001.71,1186.39,1793.6,2303.93,241.883,910.677,1776.44,119.207,2320.42,222.372,359.982,0.108203,0.0531141,1.11699,0.0592898,0,0,0,0,0,0,0,85.483,0,0.978395,0,0,498.408,1300.68,0,0,2407.7,8096.97,0
1691509919057890465,1533,962,550,0.627528,25.9016,43.6266,63.5869,76.562,113.498,-15.9165,482.56,854.621,1269.69,1537.42,2253.94,8001.89,18094.4,41735.2,4285.88,4861.83,3883.4,691.708,667.361,913.415,159664,19778.3,26926.8,10.7286,9.98138,0,0,0.123874,0,12.5559,52.3716,258.586,724.87,7660.05,18218.4,0.00213746,0.00173292,10,10,9,0.473684,1,2.42343,1.71946,0.703975,0.0227857,0.160089,962,0,0,0,0,0.001,0,0,0,0,0,0,0,0,0,0,0,0,0,0,0,0,0,0,0,0,0,0,0,0,0,0,0,0,0,0,0,0,0,0,0,0,25.9016,63.5869,13.4895,518.022,565.489,0,0.936344,-0.217859,0.275314,0.999958,0.522959,0.0735105,0.5625,0.72,966.158,1143.73,1862.9,2441.53,244.056,885.802,1833.29,96.1388,2063.38,288.224,309.158,-0.316851,-0.0405067,0.364642,0.0387786,0,0,0,0,0,0,0,76.562,0,0.991684,0,0,482.56,1269.69,0,0,2253.94,8001.89,0
1691509919158303425,1463,1073,369,0.733424,26.533,45.8102,66.0272,79.8612,157.505,-10.4485,461.11,837.714,1322.63,1636.42,2203.07,7958.32,16482.6,38246.2,2991.86,5261.41,4441.64,772.706,605.784,816.429,151738,19246,27158.3,7.09474,5.46716,0,0,0.126838,0,18.7584,56.1142,188.233,821.112,9179.18,16894.9,0.000227857,9.08671e-05,3,3,8,0.727273,1,2.56979,1.68823,0.881566,0.0176005,0.196503,1073,0,0,0,0,0.001,0,0,0,0,0,0,0,0,0,0,0,0,0,0,0,0,0,0,0,0,0,0,0,0,0,0,0,0,0,0,0,0,0,0,0,0,26.533,66.0272,9.65211,485.121,523.227,0,0.934042,-0.214519,0.285565,0.999939,0.631664,0.00539671,0.459854,0.63,945.186,1168.34,1770.68,2399.95,262.746,871.94,1764.89,113.051,2116.27,182.896,379.498,-1.68781,-0.812792,0.209365,0.4865,0,0,0,0,0,0,0,79.8612,0,0.984157,0,0,461.11,1322.63,0,0,2203.07,7958.32,0
1691509919259576853,1565,1099,441,0.702236,22.9363,41.5353,62.0722,74.913,128.763,-9.50045,431.079,753.473,1233.5,1528.94,1953.16,7456.38,17962.1,24945.8,2117.03,5413.58,3526.74,765.395,539.588,756.254,144773,17950,24852.5,3.14026,3.6347,0,0,0.123988,0,20.1396,48.615,151.896,842.273,7507.47,16282.1,0.00227788,0.000577641,5,4,9,0.692308,1,2.25407,1.48881,0.765255,0.0207446,0.177491,1099,0,0,0,0,0.001,0,0,0,0,0,0,0,0,0,0,0,0,0,0,0,0,0,0,0,0,0,0,0,0,0,0,0,0,0,0,0,0,0,0,0,0,22.9363,62.0722,11.8536,446.728,512.419,0,0.93609,-0.216661,0.277116,0.99996,0.513014,0.0230305,0.459854,0.63,870.588,1128.69,1820.6,2443.52,253.448,851.106,1824.97,120.775,2268.74,144.719,317.649,0.300897,-1.0211,-0.248424,0.442515,0,0,0,0,0,0,0,74.913,0,0.986351,0,0,431.079,1233.5,0,0,1953.16,7456.38,0
1691509919361434193,1688,1383,275,0.819313,20.6672,39.265,63.9973,76.9091,119.467,-7.74939,360.776,649.564,1094.95,1551.53,1583.7,6704.93,16007.1,40307.5,1420.59,4631.48,3638.86,629.213,565.486,680.75,137790,17527.5,25875.5,10.0717,8.96508,0,0,0.127204,0,25.4899,56.8793,309.919,944.322,10666,13872.8,0.0162795,0.00180308,5,5,10,0.666667,1,2.41255,1.5067,0.905854,0.0245398,0.503799,1383,0,0,0,0,0.001,0,0,0,0,0,0,0,0,0,0,0,0,0,0,0,0,0,0,0,0,0,0,0,0,0,0,0,0,0,0,0,0,0,0,0,0,20.6672,63.9973,10.3598,385.057,471.583,0,0.941091,-0.208399,0.266305,0.999895,0.830597,0.0131396,0.342282,0.51,730.417,987.091,1635.34,2455.59,244.985,741.592,1809.38,110.242,2190.35,308.316,331.155,0.325706,0.157965,2.90849,0.455712,0,0,0,0,0,0,0,76.9091,0,0.992769,0,0,360.776,1094.95,0,0,1583.7,6704.93,0
1691509919464166588,1919,1317,568,0.686295,24.0977,48.7315,69.1367,79.3072,129.198,-10.9094,326.05,608.243,1030.18,1519.26,1516.89,6121.04,15218.7,25157.4,1276,4209.09,3169.94,547.082,502.023,684.1,138478,15515.3,22564.9,7.65866,7.45834,0,0,0.112042,0,24.6541,34.3454,121.931,753.343,9054.96,12575.7,0.00800137,0.00209419,7,6,11,0.647059,1,3.01695,1.94118,1.07576,0.0143571,0.319034,1317,0,0,0,0,0.001,0,0,0,0,0,0,0,0,0,0,0,0,0,0,0,0,0,0,0,0,0,0,0,0,0,0,0,0,0,0,0,0,0,0.00379651,12.4372,27.8857,24.1345,69.1915,7.42283,328.99,397.587,0,0.940926,-0.206123,0.268648,0.999995,0.187397,0.0111678,0.369863,0.54,652.975,944.694,1561.84,2527.61,264.928,755.725,1749.17,106.425,2279.38,118.056,272.503,0.615624,-0.144494,0.440246,0.1607,0,0,0,0,0,0.0125065,32.5943,79.3179,1,0.990854,213.318,1276.93,328.022,1027.97,310.926,2101.22,1520.2,6132.46,0.000460231
1691509919567135997,1912,1414,475,0.73954,20.708,42.2362,66.0981,79.7025,139.391,-10.9078,287.91,555.488,1001.96,1427.98,1118.18,5474.07,14863.3,36404.5,1410.83,3632.46,2907.99,495.553,473.096,658.923,129351,13758.3,20278.7,4.5653,4.5468,0,0,0.106364,0,25.9351,49.714,127.79,983.314,7806.1,11285.8,0.00866354,0.00136484,5,5,11,0.6875,1,2.63144,1.60255,1.02888,0.0106975,0.302978,1414,0,0,0,0,0.001,0,0,0,0,0,0,0,0,0,0,0,0,0,0,0,0,0,0,0,0,0,0,0,0,0,0,0,0,0,0,0,0,0,0.00212164,17.6831,35.0968,20.709,66.1005,7.7616,329.499,418.739,0,0.935876,-0.212955,0.280689,0.999891,0.844302,0.0127965,0.37931,0.55,641.502,880.472,1704.23,2601.71,259.308,681.286,1736.18,97.9748,2088.81,127.757,278.846,-0.307332,-0.867981,-0.433354,1.17665,0,0,0,0,0,0.00209205,37.2735,79.7216,1,0.982991,440.515,565.575,287.666,1003.56,665.724,887.426,1119.13,5475.55,8.52923e-05
1691509919670287512,1896,1368,511,0.721519,20.4392,41.9702,63.0985,74.4669,123.571,-8.09899,306.475,586.531,1032.56,1381.44,1170.08,5764.01,13121.8,28906.9,1462.41,3891.7,3068.17,496.271,518.073,643.407,120115,12828.8,18888.8,7.03496,7.25132,0,0,0.106804,0,29.307,43.5128,122.276,835.124,7446.31,10412.3,0.00693709,0.00287643,5,4,10,0.714286,1,2.45821,1.53449,0.92372,0.0221928,0.27089,1368,0,0,0,0,0.001,0,0,0,0,0,0,0,0,0,0,0,0,0,0,0,0,0,0,0,0,0,0,0,0,0,0,0,0,0,0,0,0,0,0,0,0,20.4392,63.0985,9.04337,349.143,416.814,0,0.935031,-0.2094,0.286128,0.999979,0.375457,0.100963,0.41844,0.59,679.983,925.686,1716.72,2245.7,260.18,692.624,1794.43,112.084,2040.27,120.728,244.664,0.366223,-0.147023,0.143045,-0.0237221,0,0,0,0,0,0.000527426,0,74.4669,0,0.984649,0,0,306.475,1032.56,0,0,1170.08,5764.01,0
1691509919773126030,2156,1429,663,0.662801,21.5909,40.5471,62.851,78.5206,120.13,-6.17023,291.585,582.673,1040.62,1311.27,1105.19,5225.76,14360.9,27888.6,1247.95,3483.01,3142.21,470.231,494.552,624.436,128764,12848.9,18809.8,2.8696,4.35155,0,0,0.0997869,0,23.31,55.9365,113.405,910.319,6919.09,10787.8,0.00023978,9.72512e-05,3,3,8,0.727273,1,2.26376,1.29534,0.968424,0.0308394,0.288153,1429,0,0,0,0,0.001,0,0,0,0,0,0,0,0,0,0,0,0,0,0,0,0,0,0,0,0,0,0,0,0,0,0,0,0,0,0,0,0,0,0,0,0,21.5909,62.851,8.17563,370.791,433.033,0,0.932389,-0.206073,0.296959,0.999932,0.666598,0.018741,0.388889,0.56,655.703,861.045,1564.86,2107.08,249.767,675.242,1725.15,90.2214,1984.02,116.629,272.357,0.602002,-0.663723,-0.121719,0.399139,0,0,0,0,0,0.00185529,0,78.5206,0,0.988803,0,0,291.585,1040.62,0,0,1105.19,5225.76,0
1691509919875011981,1887,1274,588,0.675146,24.0859,45.2822,71.0837,85.6574,141.36,-8.80012,331.196,640.122,1137.3,1476.06,1372.74,5871.39,15356.6,31423.7,1633.38,3825.94,3466.24,491.365,544.186,779.093,140978,13595.4,20284,6.61126,2.38185,0,0,0.0964363,0,22.8587,55.8779,117.459,949.037,8949.09,10189.7,8.54749e-05,1.45411e-05,2,2,8,0.8,1,2.70414,1.61494,1.0892,0.0194971,0.189259,1274,0,0,0,0,0.001,0,0,0,0,0,0,0,0,0,0,0,0,0,0,0,0,0,0,0,0,0,0,0,0,0,0,0,0,0,0,0,0,0,0,0,0,24.0859,71.0837,11.3701,418.749,462.881,0,0.932514,-0.216493,0.289049,0.999914,0.749602,0.142677,0.428571,0.6,673.993,884.431,1619.36,2444.04,252.051,673.907,1635.68,86.3301,2167.53,110.269,277.054,0.313142,1.57401,-0.584587,0.465724,0,0,0,0,0,0.000529942,0,85.6574,0,0.977237,0,0,331.196,1137.3,0,0,1372.74,5871.39,0
1691509919976594625,1936,1277,630,0.659607,22.1601,40.9774,64.7497,77.1202,128.22,-7.80949,330.27,599.899,1118.59,1410.73,1358.54,5699.17,13090.1,24539.9,1449.35,3963.01,3438.69,437.121,564.808,745.799,133192,11765.9,17320.3,1.69155,2.05202,0,0,0.0883384,0,31.0166,46.3187,109.478,776.406,6756.67,9600.36,0.000861745,0.000116277,5,5,8,0.615385,1,2.66016,1.76666,0.893497,0.0273926,0.472035,1277,0,0,0,0,0.001,0,0,0,0,0,0,0,0,0,0,0,0,0,0,0,0,0,0,0,0,0,0,0,0,0,0,0,0,0,0,0,0,0,0,0,0,22.1601,64.7497,15.5062,450.513,490.981,0,0.932741,-0.206857,0.295305,0.999934,0.658377,0.0538369,0.459854,0.63,717.765,882.324,1641.71,2469.61,252.982,697.77,1680.9,110.67,2112.18,103.502,220.623,-0.130646,-0.339336,0.593736,-0.34726,0,0,0,0,0,0.000516529,0,77.1202,0,0.988254,0,0,330.27,1118.59,0,0,1358.54,5699.17,0
1691509920076417757,1776,1257,509,0.70777,22.6659,40.694,63.5857,79.5376,129.018,-9.29316,315.995,635.305,1143.57,1393.32,1371.11,6155.89,14537.6,22915.3,1396.64,4322.12,3516.16,448.319,546.382,863.38,132393,13130.4,19147.4,10.4893,10.3284,0,0,0.0991773,0,26.9226,44.305,94.4421,770.321,7377.24,10834.1,0.00899569,0.00449777,5,5,10,0.666667,1,2.95515,2.07137,0.883785,0.0318391,0.281892,1257,0,0,0,0,0.001,0,0,0,0,0,0,0,0,0,0,0,0,0,0,0,0,0,0,0,0,0,0,0,0,0,0,0,0,0,0,0,0,0,0,0,0,22.6659,63.5857,11.3944,498.783,549.823,0,0.931345,-0.211563,0.296376,0.999987,0.287842,0.0811382,0.470588,0.64,731.835,875.869,1731.85,2449.41,249.222,690.673,1710,131.445,2139.15,89.8802,220.34,0.271163,0.682288,0.0989075,-1.10298,0,0,0,0,0,0,0,79.5376,0,0.987271,0,0,315.995,1143.57,0,0,1371.11,6155.89,0
1691509920174897480,1802,1279,510,0.709767,24.9504,45.0168,65.1551,82.1313,142.691,-10.9923,331.858,623.598,1072.5,1421.65,1472.91,5752.52,15375.6,49863.8,1328.67,3891.85,3582.31,472.123,549.219,746.912,131004,16528.5,25015.3,10.693,9.28838,0,0,0.126168,0,34.3889,68.9836,131.972,1581.47,10709.3,12489.2,0.0068873,0.00213904,6,6,8,0.571429,1,2.54547,1.55871,0.986765,0.0290531,0.248524,1279,0,0,0,0,0.001,0,0,0,0,0,0,0,0,0,0,0,0,0,0,0,0,0,0,0,0,0,0,0,0,0,0,0,0,0,0,0,0,0,0.00312744,10.0481,28.7347,24.972,65.3455,11.5068,521.43,570.063,0,0.932002,-0.209957,0.295449,0.999998,0.112717,0.0115381,0.481481,0.65,743.695,890.188,1664.47,2473.81,261.421,690.247,1629.23,120.048,2229.33,171.177,285.008,-0.0314111,1.02252,-0.170467,-1.1867,0,0,0,0,0,0.00721421,32.1128,82.1353,1,0.989804,400.224,461.129,331.802,1072.82,697.103,799.523,1476.41,5762.47,7.07101e-05
1691509920272266870,1631,1158,457,0.709994,21.2902,41.4635,62.643,71.984,132.693,-9.61438,309.958,611.254,1068.55,1326.34,1332.61,5998.54,14325.7,25529.7,1804.68,3995.05,3639.66,464.233,518.199,788.957,144817,12108.2,17830.9,3.78561,3.76166,0,0,0.0836099,0,23.0907,37.5204,106.48,640.718,7708.22,9314.9,0.000795051,0.000205075,3,3,8,0.727273,1,2.44748,1.68425,0.763231,0.0150643,0.341561,1158,0,0,0,0,0.001,0,0,0,0,0,0,0,0,0,0,0,0,0,0,0,0,0,0,0,0,0,0,0,0,0,0,0,0,0,0,0,0,0,0.00777202,12.4309,19.7543,21.5185,63.1101,10.7684,576.214,606.018,0,0.931417,-0.209077,0.297909,0.999996,0.153389,0.144243,0.626016,0.77,776.121,969.73,1661.7,2474.5,244.311,691.117,1551.87,119.976,2539.68,101.884,159.099,0.154784,0.50445,0.636446,0.245889,0,0,0,0,0,0.00613121,23.4743,72.0642,1,0.988686,453.199,666.705,309.938,1069.76,620.474,992.109,1346.99,6153.78,0.000238675
1691509920370763075,1553,1012,528,0.651642,22.2581,40.3575,63.9383,76.3948,158.707,-8.99364,338.827,620.96,1025.09,1254.58,1403.92,5575.01,13557.2,29975.9,2174.4,3132.57,3537.42,464.428,537.39,673.157,161444,9713.84,14262.8,3.74584,5.28105,0,0,0.0601683,0,18.2202,31.3367,85.8717,466.334,6189.88,7471.14,0.000361006,0.000201838,5,4,9,0.692308,1,2.38136,1.67493,0.706423,0.0270671,0.358828,1012,0,0,0,0,0.001,0,0,0,0,0,0,0,0,0,0,0,0,0,0,0,0,0,0,0,0,0,0,0,0,0,0,0,0,0,0,0,0,0,0,0,0,22.2581,63.9383,12.6668,580.457,617.877,0,0.930919,-0.207647,0.300455,0.999996,0.169736,0.0535465,0.526718,0.69,835.915,1029.88,1725.51,2250.45,258.808,738.597,1593.68,121.952,2602.99,83.7974,137.63,0.750809,-0.00198121,0.0182918,0.0921585,0,0,0,0,0,0,0,76.3948,0,0.986166,0,0,338.827,1025.09,0,0,1403.92,5575.01,0
1691509920468795346,1826,968,834,0.53012,22.8333,39.2671,63.7851,78.7959,128.105,-4.19856,357.121,684.163,1093.8,1378.53,1490.31,5687.43,17529.4,22573,2719.96,3112.73,3376.91,538.75,591.439,793.791,159258,10193.9,15224.6,4.73861,4.02957,0,0,0.0640085,0,16.386,47.4287,177.826,615.114,6805.85,7561.96,0.000149114,0.0001269,4,4,8,0.666667,1,2.43795,1.75389,0.684062,0.0268884,0.298578,968,0,0,0,0,0.001,0,0,0,0,0,0,0,0,0,0,0,0,0,0,0,0,0,0,0,0,0,0,0,0,0,0,0,0,0,0,0,0,0,0.00826446,20.5769,27.8898,22.9247,64.2211,13.2227,569.862,610.915,0,0.932059,-0.205364,0.298481,0.999995,0.184849,0.108673,0.503759,0.67,876.026,1085.04,1713.31,2678.41,261.626,787.974,1686.72,129.914,2623.97,176.016,134.098,0.596764,0.250302,0.0302364,-0.221661,0,0,0,0,0,0.0180723,30.2905,78.9319,1,0.9875,123.061,299.594,365.293,1095.03,213.602,515.809,1501.2,5715.55,5.14913e-05
1691509920566569408,1764,1152,583,0.653061,22.8043,41.654,61.184,80.0433,182.7,-3.86812,355.677,649.348,1053.87,1374.92,1523.44,5847.33,12045.2,24283.2,3275.86,2420.47,3163.68,494.275,548.123,732.427,155042,10229.3,15122.2,3.39131,4.38171,0,0,0.0659777,0,22.3446,36.9658,135.184,570.164,6396.65,7960.93,0.000160546,7.42862e-05,3,3,8,0.727273,1,2.4266,1.60446,0.822136,0.0142017,0.155597,1152,0,0,0,0,0.001,0,0,0,0,0,0,0,0,0,0,0,0,0,0,0,0,0,0,0,0,0,0,0,0,0,0,0,0,0,0,0,0,0,0,0,0,22.8043,61.184,12.8293,531.094,589.077,0,0.932185,-0.203549,0.29933,0.999998,0.11507,0.261874,0.470588,0.64,874.311,1127.35,1594.92,2204.93,252.739,779.46,1579.28,123.746,2258.74,119.461,195.739,0.611023,0.385037,-0.304075,-0.314718,0,0,0,0,0,0,0,80.0433,0,0.984375,0,0,355.677,1053.87,0,0,1523.44,5847.33,0
1691509920664529164,2017,1163,807,0.576599,21.8193,40.0442,59.8746,77.7962,141.002,-4.74934,407.992,753.102,1221.67,1535.22,1755.53,6321.49,15551.2,47166.3,4057.35,2301.78,3763.21,557.609,638.559,839.01,151767,16438.1,24107,3.64555,3.66575,0,0,0.108311,0,27.2968,47.0355,213.885,742.738,10242.4,12833.7,0.00575029,0.00500676,6,6,10,0.625,1,2.30643,1.52302,0.783408,0.0168212,0.248689,1163,0,0,0,0,0.001,0,0,0,0,0,0,0,0,0,0,0,0,0,0,0,0,0,0,0,0,0,0,0,0,0,0,0,0,0,0,0,0,0,0,0,0,21.8193,59.8746,11.4401,483.462,560.098,0,0.933847,-0.202704,0.294687,0.999987,0.286713,0.0669612,0.459854,0.63,926.315,1166.65,1661.59,2315.43,269.808,861.727,1647.55,117.689,2108.64,204.102,312.757,-0.11643,-0.169399,0.034354,0.232649,0,0,0,0,0,0,0,77.7962,0,0.986242,0,0,407.992,1221.67,0,0,1755.53,6321.49,0
1691509920761323194,1806,1143,636,0.63289,22.5167,43.6236,64.5453,82.8075,189.533,-7.88098,454.819,774.055,1221.84,1568.6,2164.33,6931.2,13048.4,39989.2,4268.94,2427.38,4082.49,642.704,641.965,850.4,157644,15113.1,22276.6,9.06731,9.18662,0,0,0.0958685,0,16.4018,57.0128,225.614,862.461,9027.42,12087.7,0.00349605,0.00100824,6,6,11,0.647059,1,2.27145,1.37797,0.893471,0.0223159,0.531321,1143,0,0,0,0,0.001,0,0,0,0,0,0,0,0,0,0,0,0,0,0,0,0,0,0,0,0,0,0,0,0,0,0,0,0,0,0,0,0,0,0,0,0,22.5167,64.5453,11.1678,497.765,536.067,0,0.930607,-0.203107,0.304497,0.999947,0.592411,0.132301,0.526718,0.69,957.764,1200.88,1765.69,2561.64,279.287,898.986,1736.55,105.201,2533.75,212.475,328.678,-0.0237876,-1.78956,0.369379,1.69195,0,0,0,0,0,0,0,82.8075,0,0.979003,0,0,454.819,1221.84,0,0,2164.33,6931.2,0
1691509920858409228,1626,994,616,0.611316,27.1277,47.8393,67.8601,82.0632,170.61,-13.5029,457.933,831.325,1346.65,1601.16,2096.17,8313.1,16037,51970.7,5101.13,3577.77,4753.08,672.636,692.631,903.307,158336,20286.4,28333.3,53.1379,5.91305,0,0,0.128123,0,21.2877,63.2304,244.78,916.732,8865.27,18222,0.000145897,3.47014e-05,2,2,8,0.8,1,2.43851,1.58389,0.854619,0.0123161,0.217651,994,0,0,0,0,0.001,0,0,0,0,0,0,0,0,0,0,0,0,0,0,0,0,0,0,0,0,0,0,0,0,0,0,0,0,0,0,0,0,0,0,0,0,27.1277,67.8601,11.491,521.736,546.773,0,0.930296,-0.20035,0.307262,0.999992,0.224442,0.266857,0.574803,0.73,1019.3,1303.72,1865.99,2562.19,278.336,927.725,1816.5,110.565,2545.96,267.28,335.646,0.0704442,-0.780823,0.446121,-0.176497,0,0,0,0,0,0,0,82.0632,0,0.986922,0,0,457.933,1346.65,0,0,2096.17,8313.1,0
1691509920956965854,1787,1024,725,0.573027,26.1163,48.54,70.2766,86.362,146.631,-15.6071,455.974,843.205,1358.59,1674.08,2119.49,8014.6,15977.9,25485.4,4244.95,3776.75,4847.86,707.047,703.513,879.108,156836,16979.6,24602.3,3.91379,6.7565,0,0,0.108264,0,27.1911,41.1816,194.819,777.982,9533.36,14027.7,0.0281102,0.00444533,4,3,9,0.75,1,2.32573,1.40943,0.916297,0.0129168,0.200068,1024,0,0,0,0,0.001,0,0,0,0,0,0,0,0,0,0,0,0,0,0,0,0,0,0,0,0,0,0,0,0,0,0,0,0,0,0,0,0,0,0,0,0,26.1163,70.2766,11.2878,524.722,568.99,0,0.930868,-0.197991,0.307059,0.999997,0.139557,0.32664,0.587302,0.74,1020.04,1327.9,1913.77,2555.14,292.285,931.859,1862.88,104.547,2174.02,185.668,296.793,-0.396031,-0.0209872,0.465444,-0.515576,0,0,0,0,0,0,0,86.362,0,0.985352,0,0,455.974,1358.59,0,0,2119.49,8014.6,0
1691509921056024812,1652,1189,438,0.719734,22.402,43.1921,66.6582,83.8845,168.466,-12.6254,416.031,800.88,1289.35,1554.43,2019.25,7875.18,16624.6,31985.3,3585.42,4478.89,4387.22,694.147,602.554,849.388,154062,19937.6,28547.8,13.8271,13.8297,0,0,0.129413,0,24.7084,40.2634,181.541,765.844,10785.6,16749.8,0.0362607,0.00625266,5,5,10,0.666667,1,2.51106,1.56502,0.946039,0.0111515,0.21282,1189,0,0,0,0,0.001,0,0,0,0,0,0,0,0,0,0,0,0,0,0,0,0,0,0,0,0,0,0,0,0,0,0,0,0,0,0,0,0,0,0,0,0,22.402,66.6582,9.3387,529.361,574.3,0,0.929453,-0.204373,0.307163,0.999979,0.374587,0.0658633,0.574803,0.73,1001.05,1355.35,1899.63,2487.35,297.274,905.594,1870.76,122.827,2334.66,170.639,327.054,-0.603091,0.396198,0.854969,-0.427768,0,0,0,0,0,0,0,83.8845,0,0.979815,0,0,416.031,1289.35,0,0,2019.25,7875.18,0
1691509921157048122,1699,1150,522,0.676869,21.2005,41.0613,61.788,75.2214,141.764,-12.4726,386.273,718.905,1133.02,1532.85,1771.8,7002.37,18114.7,26037.1,2593.06,4756.06,3940.39,618.689,575.743,741.578,140798,17552.7,24432.3,6.57137,5.80173,0,0,0.124666,0,24.2833,39.7724,151.02,609.903,7992.82,15614.5,0.00618726,0.00196441,6,5,9,0.642857,1,2.30567,1.53236,0.773314,0.00986351,0.294198,1150,0,0,0,0,0.001,0,0,0,0,0,0,0,0,0,0,0,0,0,0,0,0,0,0,0,0,0,0,0,0,0,0,0,0,0,0,0,0,0,0,0,0,21.2005,61.788,11.9195,528.956,570.124,0,0.929536,-0.201467,0.308826,0.999994,0.191881,0.0738043,0.503759,0.67,964.841,1267.66,2040.9,2685.12,286.976,878.302,1957.48,125.76,2380.32,145.225,272.073,0.0734337,-0.569922,0.00189875,0.563526,0,0,0,0,0,0,0,75.2214,0,0.986957,0,0,386.273,1133.02,0,0,1771.8,7002.37,0
1691509921259067682,1477,1057,406,0.71564,24.4988,44.5144,68.2443,82.3984,153.815,-12.3143,403.468,793.961,1204.36,1575.59,1924.04,7532.08,17109.7,203143,1569.49,5064.79,4672.9,658.099,714.515,791.374,140255,40081.5,53332.6,11.1165,20.4189,0,0,0.285775,0,29.9639,50.7075,209.051,1446.36,14108.8,37487.8,0.000140015,0.00014684,2,2,8,0.8,1,2.39419,1.54111,0.853072,0.0143198,0.0538562,1057,0,0,0,0,0.001,0,0,0,0,0,0,0,0,0,0,0,0,0,0,0,0,0,0,0,0,0,0,0,0,0,0,0,0,0,0,0,0,0,0,0,0,24.4988,68.2443,11.6443,525.436,552.92,0,0.92754,-0.200193,0.315581,0.999974,0.410143,0.0119955,0.515152,0.68,937.467,1224.6,2112.2,2699.94,280.821,886.229,2055.52,128.253,2443.32,232.443,266.957,0.669561,0.133121,0.670766,0.321596,0,0,0,0,0,0,0,82.3984,0,0.982025,0,0,403.468,1204.36,0,0,1924.04,7532.08,0
1691509921361864175,1671,1280,377,0.766008,25.8698,43.2863,65.9448,81.9845,154.287,-10.3354,350.957,660.673,1067.17,1388.03,1517.52,5916.01,14226.2,25594.2,1168.5,3921.59,3836.19,569.35,572.07,683.252,131346,13399,19621.2,19.2754,7.47561,0,0,0.102013,0,19.8056,42.9357,139.488,580.742,8487.65,10350.6,0.000187537,5.54528e-05,2,2,8,0.8,1,2.66654,1.65146,1.01508,0.00962565,0.196637,1280,0,0,0,0,0.001,0,0,0,0,0,0,0,0,0,0,0,0,0,0,0,0,0,0,0,0,0,0,0,0,0,0,0,0,0,0,0,0,0,0,0,0,25.8698,65.9448,12.4003,467.18,521.42,0,0.927874,-0.200682,0.314286,0.999999,0.0816085,0.273812,0.37931,0.55,887.051,1107.64,1944.88,2696.85,282.61,855.363,1938.71,119.28,2535.11,135.046,228.563,0.825671,-1.14904,-0.208695,1.03458,0,0,0,0,0,0,0,81.9845,0,0.982031,0,0,350.957,1067.17,0,0,1517.52,5916.01,0
1691509921465397487,1788,1325,449,0.741051,26.2273,45.3576,70.6582,84.4216,122.624,-5.15906,345.34,664.577,1057.85,1370.02,1390.21,5911.22,13451.3,27767.1,1304.82,3961.41,3588.54,558.502,520.182,705.677,125539,12949,19042.7,10.9409,10.1749,0,0,0.103147,0,15.2209,48.1795,151.952,624.828,8208.33,9994.15,0.00115269,0.000321324,10,10,9,0.473684,1,2.65547,1.54035,1.11512,0.0173644,0.285691,1325,0,0,0,0,0.001,0,0,0,0,0,0,0,0,0,0,0,0,0,0,0,0,0,0,0,0,0,0,0,0,0,0,0,0,0,0,0,0,0,0,0,0,26.2273,70.6582,9.21827,422.251,470.53,0,0.927422,-0.198706,0.316866,0.999995,0.187994,0.0820581,0.41844,0.59,834.428,1021.15,1723.26,2520.86,313.982,831.233,1867.69,94.7787,2438.04,138.627,264.315,-0.240524,-1.78749,0.0698327,1.66473,0,0,0,0,0,0,0,84.4216,0,0.982642,0,0,345.34,1057.85,0,0,1390.21,5911.22,0
1691509921569174529,1896,1559,326,0.822257,22.6666,40.3176,63.2286,76.8021,123.032,-3.8118,330.378,621.211,1038.08,1291.07,1186,5076.01,12486.7,29507.5,1199.11,2938.85,3106.55,562.975,481.08,637.061,119766,12204.5,18073.4,5.54015,5.5548,0,0,0.101903,0,19.9896,51.0602,175.113,680.004,7724.88,9422.36,0.00944134,0.00289125,6,6,9,0.6,1,2.52756,1.44565,1.08191,0.0173584,0.569048,1559,0,0,0,0,0.001,0,0,0,0,0,0,0,0,0,0,0,0,0,0,0,0,0,0,0,0,0,0,0,0,0,0,0,0,0,0,0,0,0,0,0,0,22.6666,63.2286,9.19451,421.826,454.979,0,0.928256,-0.19976,0.313747,0.999994,0.194565,0.162974,0.470588,0.64,846.31,1098.85,1980.71,2569.71,305.606,847.09,2066.08,81.2336,2407.67,157.068,281.014,-0.381258,0.277593,0.114678,-0.324811,0,0,0,0,0,0,0,76.8021,0,0.987813,0,0,330.378,1038.08,0,0,1186,5076.01,0
1691509921672325951,2111,1707,371,0.808622,23.3342,42.0804,63.8583,77.0169,132.373,-4.29257,323.115,594.164,969.953,1352.1,1123.88,4892.74,13284.6,25262.9,1197.03,3175.48,2606.13,540.283,444.137,636.144,123145,13526.9,19969.3,10.6693,10.4148,0,0,0.109845,0,23.0047,65.2882,162.841,759.831,8325.88,10632.4,4.70822e-05,1.34198e-05,6,6,9,0.6,1,2.83959,1.62793,1.21166,0.036885,0.0790083,1707,0,0,0,0,0.001,0,0,0,0,0,0,0,0,0,0,0,0,0,0,0,0,0,0,0,0,0,0,0,0,0,0,0,0,0,0,0,0,0,0,0,0,23.3342,63.8583,11.7767,417.794,467.429,0,0.927493,-0.200918,0.315258,0.999998,0.1175,0.214764,0.481481,0.65,845.624,1062.27,1782.41,2561.27,293.785,844.716,1973.13,102.166,2268.27,146.207,319.791,0.773342,-2.34898,0.582515,1.96205,0,0,0,0,0,0,0,77.0169,0,0.987698,0,0,323.115,969.953,0,0,1123.88,4892.74,0
1691509921774717900,2097,1733,334,0.826419,22.2069,41.7717,60.4543,76.2125,137.863,-2.2481,327.723,591.363,971.315,1245.06,1086.3,4813.59,14129,18034.6,1248.17,3100.53,2745,525.931,437.86,661.212,121627,11418.2,17022.8,2.64344,3.94761,0,0,0.0938785,0,16.4304,60.5522,155.641,807.826,6997.2,8985.13,0.000412662,6.61503e-05,4,4,8,0.666667,1,2.66264,1.47061,1.19203,0.0198268,0.358402,1733,0,0,0,0,0.001,0,0,0,0,0,0,0,0,0,0,0,0,0,0,0,0,0,0,0,0,0,0,0,0,0,0,0,0,0,0,0,0,0,0,0,0,22.2069,60.4543,10.0456,430.024,465.931,0,0.925025,-0.201462,0.32209,0.999973,0.41738,0.198582,0.470588,0.64,902.225,1109.61,1771.33,2557.4,301.144,890.477,1827.07,102.226,2346.5,133.371,306.49,0.432571,-1.11261,0.462769,1.21811,0,0,0,0,0,0,0,76.2125,0,0.987882,0,0,327.723,971.315,0,0,1086.3,4813.59,0
1691509921876033172,2064,1714,335,0.830426,22.7218,40.645,65.1867,81.1042,129.626,-2.48564,340.686,626.984,1005.13,1291.42,1199.22,4810.76,13214.8,22710.3,1118.9,3155.54,2934.12,533.435,447.13,658.553,125469,12335.5,18387.2,3.77672,2.29145,0,0,0.098315,0,33.844,50.2553,165.947,803.871,7871.4,9461.92,0.000303889,5.59306e-05,3,3,8,0.727273,1,2.76976,1.54876,1.22099,0.0169835,0.220093,1714,0,0,0,0,0.001,0,0,0,0,0,0,0,0,0,0,0,0,0,0,0,0,0,0,0,0,0,0,0,0,0,0,0,0,0,0,0,0,0,0,0,0,22.7218,65.1867,11.1048,458.597,500.298,0,0.925013,-0.196685,0.325063,0.999984,0.322327,0.0435477,0.538462,0.7,908.32,1120.97,1757.08,2567.66,305.969,889.916,1758.03,109.063,2350.3,152.808,282.118,0.349372,-0.396474,0.539176,0.411797,0,0,0,0,0,0.000484496,0,81.1042,0,0.987165,0,0,340.686,1005.13,0,0,1199.22,4810.76,0
1691509921975538306,1979,1648,328,0.832744,21.5925,39.0244,59.7116,77.1078,137.31,-4.39051,344.805,606.5,985.968,1250.21,1226.55,4781.48,12777,22050.1,988.255,3484.42,2772.59,526.735,447.015,661.997,139963,12072.4,17954.2,9.37323,9.93745,0,0,0.0862544,0,26.7723,52.9191,160.411,738.824,7749.67,9225.57,0.00640062,0.00228022,7,6,13,0.684211,1,2.72713,1.66383,1.0633,0.0150121,0.228103,1648,0,0,0,0,0.001,0,0,0,0,0,0,0,0,0,0,0,0,0,0,0,0,0,0,0,0,0,0,0,0,0,0,0,0,0,0,0,0,0,0.00121359,69.6108,89.5454,21.5831,59.6314,12.1284,500.387,548.484,0,0.924499,-0.19512,0.32746,0.999996,0.166644,0.112846,0.574803,0.73,927.242,1125.93,1839.75,2564.61,285.59,877.595,1805.66,113.296,2571.44,149.465,267.253,0.733324,-1.08718,0.430709,0.778702,0,0,0,0,0,0.00707428,92.0372,76.5939,1,0.989064,297.315,319.009,345.1,986.24,521.545,557.879,1228.99,4788.39,3.05302e-05
1691509922074517018,1995,1642,342,0.823058,23.2528,41.818,62.3295,78.0152,127.834,-4.0016,351.169,603.358,1004.96,1318.1,1195.45,4849.89,12583.7,24439.3,1026.03,3461.1,2862.56,528.011,495.997,675.748,144564,12258.3,18132.7,5.98661,6.04641,0,0,0.0847949,0,33.3761,51.6525,152.045,740.601,7450.11,9704.92,0.0047284,0.00173434,5,5,8,0.615385,1,2.7052,1.5307,1.1745,0.0139462,0.139987,1642,0,0,0,0,0.001,0,0,0,0,0,0,0,0,0,0,0,0,0,0,0,0,0,0,0,0,0,0,0,0,0,0,0,0,0,0,0,0,0,0.00730816,38.0274,54.3725,23.229,62.4068,11.7177,523.104,554.178,0,0.925108,-0.199229,0.323238,0.999982,0.339339,0.402789,0.550388,0.71,933.909,1120.5,1763.97,2566.52,298.17,897.22,1698.07,109.737,2775.67,140.269,234.7,-0.359896,-0.0470777,-0.0565906,0.0825961,0,0,0,0,0,0.0365915,61.6282,78.2419,1,0.986503,319.376,523.001,351.5,1005.67,552.185,921.876,1208.07,4863.24,0.000317816
1691509922173210676,1791,1531,257,0.85483,23.2959,41.8872,63.8162,75.7661,129.874,-5.20998,349.603,628.19,1041.96,1308.51,1259.69,5684.3,13857.9,23449.2,1236.42,3462.3,3160.17,534.412,474.682,696.491,154779,13718.2,20280.9,4.12608,3.93084,0,0,0.0886308,0,27.8177,45.6246,189.691,669.031,9166.81,10181.9,0.00183102,0.000518709,6,6,11,0.647059,1,2.49555,1.43749,1.05806,0.0248207,0.0549056,1531,0,0,0,0,0.001,0,0,0,0,0,0,0,0,0,0,0,0,0,0,0,0,0,0,0,0,0,0,0,0,0,0,0,0,0,0,0,0,0,0,0,0,23.2959,63.8162,9.29154,552.442,572.266,0,0.926386,-0.194484,0.322467,0.999988,0.285027,0.39493,0.6,0.75,944.765,1151.35,1755.51,2580,292.852,893.018,1697.45,106.579,3370.38,180.373,213.921,1.05129,-1.15724,0.323256,0.578351,0,0,0,0,0,0,0,75.7661,0,0.992162,0,0,349.603,1041.96,0,0,1259.69,5684.3,0
1691509922271158435,1888,1603,279,0.849047,20.4815,39.1641,64.1776,79.8561,136.071,-4.22408,344.794,609.441,990.336,1302.73,1141.93,4808.21,14123.5,22073,1425.79,2824.68,2953.53,516.836,467.147,655.098,157389,12453.2,18519.8,5.46622,1.61205,0,0,0.0791237,0,31.9031,57.1716,147.872,707.314,8559.09,9016.5,0.000238066,2.56554e-05,3,3,8,0.727273,1,2.80204,1.73821,1.06383,0.0302846,0.137119,1603,0,0,0,0,0.001,0,0,0,0,0,0,0,0,0,0,0,0,0,0,0,0,0,0,0,0,0,0,0,0,0,0,0,0,0,0,0,0,0,0.0155958,29.7397,81.5573,20.3001,64.0576,11.768,585.677,600.555,0,0.925638,-0.197315,0.322895,0.999996,0.169543,0.102059,0.550388,0.71,959.147,1125.55,1685.52,2595.07,284.07,897.806,1647.86,115.205,3417.91,138.869,190.86,0.606992,0.145649,-0.177764,0.189515,0,0,0,0,0,0.0206568,99.689,79.6449,0.92,0.993029,221.577,809.685,346.364,990.687,369.652,1384.64,1154.79,4903.18,0.000876306
1691509922368729347,1725,1308,409,0.758261,22.543,40.826,61.6165,78.4241,134.764,-5.73639,357.142,671.773,1088.51,1417.27,1192.67,5320.26,15526.6,33036.3,1936.69,3228.64,3562.01,523.984,507.598,736.227,149225,12931,19077.3,3.65489,3.52177,0,0,0.0866543,0,31.1784,44.0727,123.674,671.064,8400.42,9806.92,0.0120899,0.00213169,9,8,13,0.619048,1,2.48044,1.57988,0.90056,0.0341999,0.207353,1308,0,0,0,0,0.001,0,0,0,0,0,0,0,0,0,0,0,0,0,0,0,0,0,0,0,0,0,0,0,0,0,0,0,0,0,0,0,0,0,0.000764526,16.0807,16.0807,22.5442,61.6233,11.0625,595.365,618.573,0,0.925954,-0.193376,0.324369,0.999991,0.241638,0.504095,0.550388,0.71,1005.24,1203.97,1698.64,2577.64,283.844,903.17,1676.43,114.148,2756.48,115.814,188.764,1.07188,-0.266923,-0.206667,0.0327309,0,0,0,0,0,0.00115942,16.0807,78.4251,1,0.990054,40.4941,40.4941,357.474,1088.68,56.0504,56.0504,1195.02,5326.85,1.6468e-07
1691509922466287153,2042,1461,539,0.715475,24.3441,42.7349,66.4054,82.6839,163.074,-2.65418,371.279,662.582,1082.96,1411.87,1216.93,5387.53,14202,23412.6,2340.66,2515.22,2975.08,554.262,536.352,708.693,146654,11874.8,17886.1,3.17011,4.18234,0,0,0.0809712,0,27.0946,88.2651,268.316,801.072,7710.13,8991.2,0.00292032,0.000505174,5,4,9,0.692308,1,2.6588,1.51249,1.14631,0.022799,0.246329,1461,0,0,0,0,0.001,0,0,0,0,0,0,0,0,0,0,0,0,0,0,0,0,0,0,0,0,0,0,0,0,0,0,0,0,0,0,0,0,0,0.0314853,18.5132,82.2359,24.5633,66.0879,13.5739,595.385,621.041,0,-0.927635,0.186225,-0.32375,0.999973,0.422395,0.183096,0.492537,0.66,1008.2,1235.59,1716.01,2682.91,282.28,886.305,1689.02,95.2363,2907.65,249.438,212.922,-0.983571,0.840802,-0.243653,-0.00504132,0,0,0,0,0,0.0235064,90.8805,81.7574,0.978261,0.980919,295.877,690.717,372.957,1105.31,496.214,1138.9,1275.73,5481.78,0.00118096
1691509922564437244,2285,1690,571,0.739606,20.8253,37.8073,60.3567,74.3848,132.766,-3.28002,366.242,669.985,1081.78,1391.67,1139.04,4844.7,12822.1,31405.7,2296.87,2166.88,2783.81,520.055,531.338,749.676,137228,12645.4,19243.5,4.81974,4.27518,0,0,0.0921488,0,33.9731,105.279,293.644,1029.94,8311.04,9469.65,0.0154207,0.00115146,6,5,12,0.705882,1,2.69783,1.64221,1.05562,0.0122296,0.117972,1690,0,0,0,0,0.001,0,0,0,0,0,0,0,0,0,0,0,0,0,0,0,0,0,0,0,0,0,0,0,0,0,0,0,0,0,0,0,0,0,0.0704142,20.9151,68.1373,20.7341,59.9101,13.1559,570.998,612.846,0,0.927356,-0.187065,0.324063,1,0.0538111,0.163299,0.449275,0.62,983.197,1189.84,1889.05,2678.2,296.389,895.876,1879.94,104.581,2681.54,318.882,275.418,0.20507,-1.01946,-0.185126,1.00415,0,0,0,0,0,0.0862144,79.6838,73.7984,0.97479,0.994271,284.041,774.283,371.193,1100.74,488.331,1262.99,1229.08,5115.26,0.00345199
1691509922663067480,2218,1502,689,0.677187,21.2852,38.5483,61.7671,76.916,129.048,-2.02926,395.599,689.856,1188.35,1458.73,1303.84,5504.18,14070.8,24976.2,2642.23,2312.36,3140.61,547.538,570.233,763.276,136706,12982.4,19612,3.54514,3.03877,0,0,0.0949662,0,24.3443,91.822,303.758,914.791,8601.8,9675.48,0.000207337,3.27505e-05,3,2,9,0.818182,1,2.67714,1.69123,0.985902,0.029922,0.175016,1502,0,0,0,0,0.001,0,0,0,0,0,0,0,0,0,0,0,0,0,0,0,0,0,0,0,0,0,0,0,0,0,0,0,0,0,0,0,0,0,0.0525965,18.9011,68.6324,21.3516,61.3467,13.572,541.398,591.03,0,0.926414,-0.182626,0.329249,0.999976,0.394819,0.440979,0.449275,0.62,1022.8,1332.75,1914.05,2464.68,321.463,926.171,1862.48,123.305,2384.79,323.736,319.298,0.392459,-0.259218,0.100163,0.740206,0,0,0,0,0,0.0725879,90.4982,76.2326,0.987342,0.989459,355.837,915.579,396.673,1212.57,610.982,1486.87,1357.45,5631.37,0.00319035
1691509922761896288,2128,1431,666,0.672462,22.9193,41.3774,63.0129,75.2662,155.738,-4.55919,390.085,674.868,1098.84,1413.8,1310.14,5628.61,14702.1,21725.6,2779.86,2399.84,3327.27,542.415,570.475,718.771,137147,12602.4,18805.3,4.97503,5.25704,0,0,0.0918893,0,21.8165,87.3783,223.269,783.246,7926.32,9763.28,0.0137777,0.0017087,5,5,12,0.705882,1,2.64863,1.63759,1.01104,0.0271802,0.198755,1431,0,0,0,0,0.001,0,0,0,0,0,0,0,0,0,0,0,0,0,0,0,0,0,0,0,0,0,0,0,0,0,0,0,0,0,0,0,0,0,0.037037,19.0952,46.7584,23.1763,63.1128,11.7318,534.612,594.656,0,0.925256,-0.187747,0.329623,0.999986,0.301593,0.00739614,0.492537,0.66,1037.62,1276.38,1977.86,2384.77,320.073,943.182,1950.68,113.839,2568.52,208.823,325.866,0.479451,-0.998456,0.184666,1.18913,0,0,0,0,0,0.0526316,70.3758,75.2462,0.981132,0.986212,413.06,786.865,389.464,1114.75,669.436,1253.96,1374.16,5747.72,0.0020172
1691509922861773263,1870,1235,623,0.660428,21.9864,40.4419,64.9736,80.7319,125.417,-5.44342,408.676,715.264,1144.2,1419.64,1561.91,5867.24,15038.9,29244.9,3354.41,2722.48,3776.48,596.081,563.135,755.017,132701,12602,18576.2,6.36257,4.79802,0,0,0.0949657,0,21.0327,49.6362,184.725,655.611,7756.86,9908.38,5.88235e-05,0.000106965,3,3,8,0.727273,1,2.34708,1.48151,0.865568,0.0274047,0.111192,1235,0,0,0,0,0.001,0,0,0,0,0,0,0,0,0,0,0,0,0,0,0,0,0,0,0,0,0,0,0,0,0,0,0,0,0,0,0,0,0,0.0453441,13.422,41.7734,22.5216,65.4519,15.2705,534.023,589.707,0,0.924992,-0.18337,0.332815,0.999985,0.310751,0.00690709,0.550388,0.71,1014.67,1219.96,2011.76,2800.9,312.179,914.783,1974.48,130.932,2387.04,176.26,251.152,0.205035,-0.227033,-0.0545949,0.0262732,0,0,0,0,0,0.0962567,57.9904,81.43,1,0.987277,439.944,736.167,408.024,1163.16,702.272,1218.7,1639.46,6004.82,0.00205637
1691509922961484574,1820,1185,615,0.651099,22.6163,41.7274,64.8892,76.9118,153.678,-9.35687,420.489,752.601,1207.44,1472.45,1553.75,6660.22,15987.8,57046.8,3302.55,3317.93,3671.13,618.37,601.396,801.61,141123,15286.4,22683.2,6.64731,7.55308,0,0,0.10832,0,32.6693,71.3341,204.864,943.947,9469.52,11960.9,0.000342689,0.000110528,4,4,8,0.666667,1,2.41455,1.56789,0.84666,0.0346458,0.273522,1185,0,0,0,0,0.001,0,0,0,0,0,0,0,0,0,0,0,0,0,0,0,0,0,0,0,0,0,0,0,0,0,0,0,0,0,0,0,0,0,0.057384,11.9641,52.8936,23.1182,64.9419,13.0277,564.983,593.989,0,-0.923824,0.178979,-0.338401,0.999974,0.412556,0.476054,0.503759,0.67,1003.4,1247.8,1958.15,2815.66,317.695,921.473,1920.94,132.133,2682.17,183.639,281.043,-0.463971,0.524971,-0.661364,-1.13118,0,0,0,0,0,0.0483516,70.871,77.0862,1,0.990152,501.453,816.785,417.74,1229.58,823.071,1348.2,1674.81,6889.46,0.0025037
1691509923061574897,1785,1151,612,0.644818,20.9938,39.9245,65.9137,83.9698,143.316,-9.60346,402.54,728.044,1161.09,1488.18,1596.21,6904.92,15573.5,26804.6,3030.36,3646.17,4217.73,610.436,543.138,759.846,141753,14187.3,20725.2,9.53868,8.87176,0,0,0.100085,0,24.2011,70.925,194.502,640.193,8332.66,11462.7,0.00121998,0.00135358,5,4,9,0.692308,1,2.36545,1.5205,0.844948,0.0293463,0.12636,1151,0,0,0,0,0.001,0,0,0,0,0,0,0,0,0,0,0,0,0,0,0,0,0,0,0,0,0,0,0,0,0,0,0,0,0,0,0,0,0,0.0660295,11.4987,30.3233,22.122,66.8961,12.5526,573.804,608.644,0,0.921854,-0.181145,0.342595,0.999987,0.293062,0.110903,0.492537,0.66,970.843,1188.71,2020.54,2782.86,315.349,892.031,1967.55,123.711,2612.35,175.436,283.618,-0.0223906,0.333151,0.0564113,-0.513835,0,0,0,0,0,0.0851541,42.1137,84.7464,1,0.978605,348.517,815.23,405.135,1203.69,569.802,1366.27,1748.56,7063.14,0.00247586
1691509923162648880,1822,1220,584,0.669594,21.1793,39.3451,63.6624,79.8264,145.572,-10.4163,373.162,691.977,1088.94,1352.67,1475.41,6239.39,14726.5,25111.1,2371.25,3522.45,3572.03,600.503,555.267,712.79,139528,12954,18959.4,8.60233,8.691,0,0,0.0928422,0,24.1292,48.4487,143.011,633.599,7752.87,10357.4,0.00731539,0.00203118,5,4,11,0.733333,1,2.43767,1.60494,0.832727,0.0401741,0.0894076,1220,0,0,0,0,0.001,0,0,0,0,0,0,0,0,0,0,0,0,0,0,0,0,0,0,0,0,0,0,0,0,0,0,0,0,0,0,0,0,0,0.054918,12.905,26.0532,21.8225,64.489,13.1084,574.375,616.516,0,0.924912,-0.185107,0.332074,0.999932,0.667564,0.0727968,0.503759,0.67,952.807,1193.23,1973.03,2762.32,303.132,869.595,1957.17,109.641,2633.06,135.368,237.773,0.455382,-1.49836,0.602273,0.962189,0,0,0,0,0,0.039517,32.9514,80.4644,1,0.988725,313.837,830.465,375.285,1096.68,518.467,1354.43,1573.75,6545.15,0.00268946
1691509923264294173,2046,1309,709,0.639785,21.2335,38.2275,62.3718,78.8518,145.414,-9.02181,392.037,693.659,1072.09,1386.7,1458.37,6313.87,14528.6,76052.9,2082.88,3520.8,3947.77,587.33,578.423,691.31,138180,16898.4,25634.1,5.0404,9.03862,0,0,0.122293,0,31.6531,71.3102,194.641,2409.07,8559.11,14368.4,0.000760635,0.000206237,3,3,8,0.727273,1,2.34706,1.46062,0.886434,0.0336584,0.167427,1309,0,0,0,0,0.001,0,0,0,0,0,0,0,0,0,0,0,0,0,0,0,0,0,0,0,0,0,0,0,0,0,0,0,0,0,0,0,0,0,0.0534759,22.121,38.0169,21.189,63.5381,11.6901,568.064,601.246,0,-0.923521,0.186285,-0.335272,0.999993,0.210959,0.199134,0.515152,0.68,968.444,1190.44,2030.46,2828.78,297.784,855.488,1971.67,107.81,2868.51,579.125,515.694,-1.66144,1.62881,1.76461,-0.237054,0,0,0,0,0,0.0640274,46.2124,79.4748,1,0.987086,336.657,640.124,394.036,1085.69,558.68,1042.89,1586.34,6427.15,0.00185648
1691509923365608768,1770,1198,559,0.676836,21.1314,43.0685,66.4743,79.733,128.875,-9.06959,378.493,686.983,1156.94,1439.74,1589.08,6790.81,16174.3,31241.3,1784.91,4275.36,3893.93,576.679,564.625,747.932,137339,15108.2,22170.7,5.43117,5.17071,0,0,0.110006,0,32.0037,51.8765,146.261,682.641,9676.06,11581.8,0.013756,0.00217133,8,8,13,0.619048,1,2.2643,1.4046,0.859696,0.0406741,0.084839,1198,0,0,0,0,0.001,0,0,0,0,0,0,0,0,0,0,0,0,0,0,0,0,0,0,0,0,0,0,0,0,0,0,0,0,0,0,0,0,0,0.0642738,15.0749,32.0865,21.7872,68.2111,10.6555,556.992,587.353,0,-0.924311,0.18302,-0.334892,0.999994,0.193734,0.0325286,0.503759,0.67,940.54,1178.45,2060.6,2827.08,294.327,832.452,2001.2,96.223,2719.12,140.171,259.115,-0.460497,0.537008,-0.409593,-0.370915,0,0,0,0,0,0.10452,35.5369,80.7752,1,0.991971,246.816,829.48,383.171,1193.81,407.57,1457.8,1739.93,6937.09,0.00242772
1691509923467204258,1871,1299,545,0.694281,19.2781,36.9523,62.473,77.5028,150.204,-7.25463,361.434,660.624,1113.26,1398.99,1416.36,6169.07,14070,20400.7,1465.54,3725.9,3846.95,542.889,600.263,709.378,127667,13008.6,19176.3,11.6495,8.90714,0,0,0.101895,0,26.993,51.1001,163.417,584.722,8681.43,9668.67,0.00898006,0.00289777,4,4,10,0.714286,1,2.31095,1.46539,0.845563,0.0375861,0.113198,1299,0,0,0,0,0.001,0,0,0,0,0,0,0,0,0,0,0,0,0,0,0,0,0,0,0,0,0,0,0,0,0,0,0,0,0,0,0,0,0,0.0461894,10.0291,26.3028,20.0372,63.6365,9.97418,521.767,568.259,0,0.924182,-0.176311,0.338825,0.99997,0.445602,0.228224,0.470588,0.64,896.636,1093.54,1875.17,2948.29,282.485,827.816,1867.37,97.1482,2594.97,155.685,245.375,0.707931,-1.76805,0.261151,1.30034,0,0,0,0,0,0.0689471,31.5847,78.8461,1,0.983051,400.205,766.53,356.999,1119.69,682.738,1301.64,1481.96,6237.79,0.00234878
1691509923569291278,1768,1299,457,0.734729,20.9885,38.9163,64.038,77.1311,128.046,-8.11798,359.248,637.138,1052.63,1368.61,1389.79,5634.9,14437,21060.1,1243.63,3511.63,3609.86,537.913,593.168,691.962,120037,12001,17640.1,1.56229,10.0546,0,0,0.0999777,0,26.8713,38.0838,151.776,609.53,7340.62,9473.23,0.00316825,0.00122492,3,2,11,0.846154,1,2.3481,1.47083,0.877262,0.040292,0.203043,1299,0,0,0,0,0.001,0,0,0,0,0,0,0,0,0,0,0,0,0,0,0,0,0,0,0,0,0,0,0,0,0,0,0,0,0,0,0,0,0,0.0246343,16.2785,31.4529,21.0849,64.743,8.07298,496.637,532.29,0,-0.921343,0.183305,-0.34282,0.999964,0.489333,0.18324,0.492537,0.66,842.453,1052.64,1890.01,3012.06,294.837,796.102,1881.94,96.6002,2645.9,143.127,230.398,-0.379865,0.536943,0.220046,-1.07812,0,0,0,0,0,0.0367647,34.3154,77.5612,1,0.987372,416.771,683.778,354.332,1063,727.518,1191.1,1436.08,5812.53,0.00125577
1691509923670371443,1825,1196,616,0.655342,20.1515,37.8821,61.258,77.4783,153.028,-5.21246,354.481,628.162,1068.94,1345.8,1351.11,5459.21,15301.1,25215,1233.64,3653.61,3407.11,495.855,558.789,717.622,115651,11844.1,17024.5,2.11977,2.08293,0,0,0.102413,0,23.778,51.1317,108.245,597.257,6124.97,10119.1,0.00564453,0.000511193,7,6,13,0.684211,1,2.06557,1.27732,0.788254,0.0496833,0.248964,1196,0,0,0,0,0.001,0,0,0,0,0,0,0,0,0,0,0,0,0,0,0,0,0,0,0,0,0,0,0,0,0,0,0,0,0,0,0,0,0,0.0041806,29.6334,37.7368,20.1181,61.2655,8.07536,481.582,524.342,0,0.923694,-0.182011,0.337137,0.99998,0.36012,0.161931,0.438849,0.61,857.289,1051.74,1837.27,2987.05,277.38,793.261,1834.07,112.365,2643.32,101.962,251.25,0.0563322,-1.0223,0.627828,0.589222,0,0,0,0,0,0.00547945,39.9436,77.6004,1,0.988245,451.12,873.884,354.474,1069.26,801.58,1565.97,1368.42,5486.47,0.000337543
1691509923771493295,1923,1173,722,0.609984,19.6419,37.7721,58.1873,78.1163,127.49,-5.21149,346.599,661.788,1129.88,1391.56,1368.48,5699.08,14551,23651.9,1174.55,3458.06,3597.89,553.803,600.943,702.357,105303,10876.5,15759.2,6.78191,9.39959,0,0,0.103287,0,23.5565,51.2822,130.395,563.348,5822.05,9168.61,0.000790968,0.000272738,4,4,8,0.666667,1,2.04358,1.30654,0.737038,0.0472651,0.185824,1173,0,0,0,0,0.001,0,0,0,0,0,0,0,0,0,0,0,0,0,0,0,0,0,0,0,0,0,0,0,0,0,0,0,0,0,0,0,0,0,0.0366581,14.4688,31.2972,19.9969,59.0524,8.39651,476.888,514.716,0,-0.924081,0.177639,-0.338406,0.99999,0.261771,0.0756066,0.492537,0.66,834.106,1010.49,1828,2994.84,271.8,793.973,1825.04,111.051,2693.54,122.276,232.017,-1.31182,1.75574,0.176923,-1.47701,0,0,0,0,0,0.0379615,37.4897,78.4245,1,0.984071,407.242,831.99,341.825,1145.73,673.489,1197.32,1416.86,5759.01,0.00183988
1691509923872911473,1874,1204,645,0.642476,19.6982,38.3756,58.7054,77.4612,155.924,-6.34305,323.424,613.767,1102.45,1365.18,1216.92,5326.82,14109.9,24723.7,1278.77,3319.65,3531.21,466.727,534.447,713.874,105920,10434.5,15465.5,7.80192,4.63328,0,0,0.0985125,0,28.6587,53.3574,100.629,667.49,6409.37,8206.03,0.000709865,0.000128813,3,3,8,0.727273,1,2.05233,1.28871,0.763613,0.0370203,0.251326,1204,0,0,0,0,0.001,0,0,0,0,0,0,0,0,0,0,0,0,0,0,0,0,0,0,0,0,0,0,0,0,0,0,0,0,0,0,0,0,0,0.0240864,13.9856,28.8586,19.8461,59.2164,7.08932,472.802,518.109,0,0.923602,-0.18092,0.337974,0.999994,0.19158,0.245945,0.492537,0.66,806.214,1008.56,1882.3,2408.64,267.891,769.664,1877.67,98.2985,2580.67,88.8789,234.229,0.542052,-1.23881,0.321716,1.30181,0,0,0,0,0,0.0341515,31.931,77.9943,1,0.985532,197.566,572.203,326.462,1110.2,315.841,894.357,1258.94,5389.81,0.000737395
1691509923974154678,1894,1187,688,0.626716,21.0066,40.3564,64.219,79.8025,127.058,-5.50608,336.828,639.313,1146.1,1444.84,1296.01,6050.81,14769.7,26697.9,1368.55,3822.79,3822.45,487.302,635.291,777.996,113740,11916.7,17654.1,12.3366,9.31392,0,0,0.104772,0,23.6121,50.79,132.749,656.963,7845.48,8944.54,0.0010921,0.000231828,3,3,8,0.727273,1,2.0112,1.17304,0.838164,0.0320341,0.220692,1187,0,0,0,0,0.001,0,0,0,0,0,0,0,0,0,0,0,0,0,0,0,0,0,0,0,0,0,0,0,0,0,0,0,0,0,0,0,0,0,0.00336984,4.85531,20.9761,21.007,64.2439,9.10806,466.002,523.89,0,0.923205,-0.181486,0.338755,0.999999,0.0597189,0.246088,0.492537,0.66,784.34,991.955,1903.77,2527.81,276.284,754.468,1900.09,90.0314,2319.9,120.527,247.538,-0.140151,-2.92258,-0.639425,2.29497,0,0,0,0,0,0.00844773,24.4211,79.8147,1,0.981403,354.22,483.648,336.828,1146.9,626.493,855.704,1305.61,6056.41,9.41299e-05
1691509924074538661,2013,1366,603,0.678589,19.5952,37.6014,61.3979,75.7946,134.621,-6.75496,328.818,667.483,1127.58,1364.76,1208.49,5483.06,13972.1,26973.2,1437.65,3240.73,3621.63,516.664,627.534,718.439,128336,11721,17577.9,3.46265,3.38567,0,0,0.0913302,0,29.4665,63.3149,139.527,836.109,7820.92,8688.59,0.00135062,0.000292923,5,4,12,0.75,1,2.065,1.19079,0.874213,0.0361203,0.204465,1366,0,0,0,0,0.001,0,0,0,0,0,0,0,0,0,0,0,0,0,0,0,0,0,0,0,0,0,0,0,0,0,0,0,0,0,0,0,0,0,0.011713,8.54579,19.1976,19.6852,61.5766,12.6207,505.079,551.3,0,0.920547,-0.182804,0.345219,0.999975,0.407564,0.0397112,0.515152,0.68,770.826,1073.38,1931.22,2668.81,273.467,728.847,1914.12,96.3197,2406.52,120.971,258.172,0.83351,-1.24751,-0.0420827,0.801332,0,0,0,0,0,0.012916,23.9504,76.3675,1,0.984444,316.358,771.831,328.818,1130.03,559.994,1354.37,1214.08,5513.37,0.000646
1691509924174371386,2013,1433,552,0.711873,23.0535,40.9718,60.0331,75.79,158.341,-5.52069,324.101,661.181,1109.02,1377.29,1276.94,5348.69,14166.1,33353.6,1388.96,3124.21,3509.58,473.528,646.23,724.846,135613,13422.6,20019.1,6.94437,6.80755,0,0,0.0989771,0,35.2411,68.4396,143.105,887.88,8721.23,10163.2,0.00763037,0.00100133,5,4,9,0.692308,1,2.13606,1.17536,0.960699,0.026917,0.213126,1433,0,0,0,0,0.001,0,0,0,0,0,0,0,0,0,0,0,0,0,0,0,0,0,0,0,0,0,0,0,0,0,0,0,0,0,0,0,0,0,0.0244243,7.81889,22.696,23.4117,60.8457,12.2872,527.41,566.303,0,0.921031,-0.181314,0.344713,0.999999,0.0943292,0.03655,0.538462,0.7,759.811,997.751,2041.46,2763.34,270.816,712.381,2032.83,108.019,2367.74,129.288,229.369,0.325178,-2.17844,-0.288633,2.1683,0,0,0,0,0,0.0228515,24.3614,77.0008,1,0.991416,251.505,403.896,325.603,1120.23,438.266,699.965,1305.43,5458.59,0.000416715
1691509924274410457,1756,1310,434,0.746014,23.3422,39.7623,62.2956,79.0888,140.745,-7.48768,323.244,679.732,1085.31,1378.93,1297.31,5796.2,13932.8,27631.9,1646.16,3387.11,3475.4,493.709,621.025,784.91,146342,12428.4,18366.2,6.19333,6.40875,0,0,0.084927,0,27.8509,65.262,131.729,814.417,7309.12,10017.8,0.00470401,0.000952552,5,5,8,0.615385,1,2.20114,1.28528,0.915857,0.0314923,0.245653,1310,0,0,0,0,0.001,0,0,0,0,0,0,0,0,0,0,0,0,0,0,0,0,0,0,0,0,0,0,0,0,0,0,0,0,0,0,0,0,0,0.000763359,22.0683,22.0683,23.3496,62.2968,9.12142,555.253,594.626,0,0.918135,-0.180012,0.35302,0.99996,0.509526,1.02393,0.612903,0.76,794.278,1031.23,2023.24,2772.63,268.363,719.903,1996.05,89.923,3854.71,148.491,189.828,0.176855,-0.179623,-0.198259,0.167326,0,0,0,0,0,0.00170843,22.0683,79.0895,1,0.985485,453.914,453.914,323.154,1085.97,780.748,780.748,1299.2,5799.04,3.31896e-05
1691509924372852199,1791,1341,427,0.748744,21.2998,38.4704,60.623,74.0962,116.644,-4.3293,320.264,633.88,1083.54,1372.04,1240.82,5525.4,14208.6,28598.1,2134.95,3093.35,3371.87,509.829,537.342,768.801,153644,12833.6,19066.7,4.55239,4.44254,0,0,0.0835283,0,28.3221,62.8505,119.102,741.394,8890.85,9224.17,0.00108278,0.000202987,4,4,8,0.666667,1,2.03049,1.19807,0.832424,0.0441966,0.250916,1341,0,0,0,0,0.001,0,0,0,0,0,0,0,0,0,0,0,0,0,0,0,0,0,0,0,0,0,0,0,0,0,0,0,0,0,0,0,0,0,0.0059657,10.8717,24.8235,21.4798,60.7531,12.0874,590.841,623.072,0,0.92159,-0.17947,0.344184,0.999955,0.544449,0.164047,0.574803,0.73,808.547,1028.3,1941.46,2828.45,260.911,722.966,1907.02,104.411,3456.37,108.027,177.021,0.726602,0.343906,0.42258,0.277804,0,0,0,0,0,0.0117253,31.6164,74.1581,1,0.993998,315.31,653.733,321.641,1083.41,471.899,923.854,1245.74,5539.6,0.00021675
1691509924470991585,1824,1251,557,0.685855,23.8691,42.4934,63.9575,78.624,140.071,-8.64569,336.581,645.235,1116.4,1378.55,1362.74,5797.96,13799.5,20411.1,2520.95,2934.19,3244.61,457.339,550.543,818.026,157895,11316.3,16672.2,6.16177,6.42582,0,0,0.0716698,0,20.5184,56.8502,131.09,671.553,6694.07,9098.16,0.0014839,0.000283775,3,3,8,0.727273,1,2.3156,1.41775,0.897844,0.0322022,0.190713,1251,0,0,0,0,0.001,0,0,0,0,0,0,0,0,0,0,0,0,0,0,0,0,0,0,0,0,0,0,0,0,0,0,0,0,0,0,0,0,0,0,0,0,23.8691,63.9575,12.922,622.249,652.829,0,0.92014,-0.177505,0.349048,0.999985,0.311805,0.401426,0.550388,0.71,847.485,1031.41,2018.76,2827.37,251.033,753.746,1959.59,118.411,2758.69,99.463,187.755,-0.0676868,-1.43248,0.187295,0.405452,0,0,0,0,0,0,0,78.624,0,0.989608,0,0,336.581,1116.4,0,0,1362.74,5797.96,0
1691509924569205386,1942,1245,656,0.641092,24.0169,43.4994,67.2275,78.9092,141.051,-8.45713,342.296,678.126,1115.61,1405.09,1342.88,5495.63,13914,28753.8,3058.91,2763.69,3155.91,516.166,570.222,835.298,148519,11503.3,16914.3,5.58895,4.78255,0,0,0.0774536,0,28.2296,70.2265,125.274,714.596,6542.5,9433.44,0.00250457,0.000437712,5,4,12,0.75,1,2.26564,1.32018,0.945459,0.0233466,0.27257,1245,0,0,0,0,0.001,0,0,0,0,0,0,0,0,0,0,0,0,0,0,0,0,0,0,0,0,0,0,0,0,0,0,0,0,0,0,0,0,0,0,0,0,24.0169,67.2275,16.042,604.098,643.86,0,-0.916369,0.177657,-0.358756,0.999946,0.596792,0.0830008,0.639344,0.78,869.827,1106.64,1976.2,2551.12,259.912,743.177,1887.59,117.761,2578.37,114.317,187.808,-0.243162,2.53321,-0.396331,-0.841387,0,0,0,0,0,0,0,78.9092,0,0.986345,0,0,342.296,1115.61,0,0,1342.88,5495.63,0
1691509924667783752,1947,1335,565,0.68567,25.0275,42.1864,65.6135,82.0512,137.268,-6.20686,354.466,691.548,1124.73,1354.19,1391.99,5356.29,13382.2,40190,2998.27,2313.92,3238.31,548.578,566.34,820.76,140864,11683.1,17484.7,9.14838,9.31896,0,0,0.0829389,0,24.9926,67.7582,155.404,752.913,8092.55,8391.05,0.0115484,0.0017807,6,5,11,0.6875,1,2.45523,1.43424,1.02099,0.0399937,0.0208387,1335,0,0,0,0,0.001,0,0,0,0,0,0,0,0,0,0,0,0,0,0,0,0,0,0,0,0,0,0,0,0,0,0,0,0,0,0,0,0,0,0,0,0,25.0275,65.6135,12.7677,564.444,611.789,0,0.918007,-0.175392,0.355671,0.999991,0.238545,0.511903,0.538462,0.7,896.117,1162.27,1958.37,2824.32,261.11,806.881,1858.15,126.042,2119.78,133.355,265.859,0.389985,-2.56645,0.215861,2.5125,0,0,0,0,0,0,0,82.0512,0,0.983521,0,0,354.466,1124.73,0,0,1391.99,5356.29,0
1691509924765289120,2010,1342,631,0.667662,23.8972,41.6081,61.7987,75.231,144.119,-9.19065,357.531,675.399,1084.62,1418.06,1390.69,5384.92,15421.6,28278.2,3313.63,2118.91,3081.79,525.545,562.228,780.186,133546,13020.2,19371.6,4.71931,3.56381,0,0,0.0974961,0,31.9748,75.8541,212.987,858.021,7822,10370.8,0.00181551,0.000174553,5,5,8,0.615385,1,2.28277,1.33168,0.951093,0.0206282,0.413527,1342,0,0,0,0,0.001,0,0,0,0,0,0,0,0,0,0,0,0,0,0,0,0,0,0,0,0,0,0,0,0,0,0,0,0,0,0,0,0,0,0,0,0,23.8972,61.7987,17.3073,563.115,605.578,0,0.917639,-0.170259,0.359098,0.999981,0.354265,0.326335,0.515152,0.68,933.149,1200.61,1937.57,2356.63,247.319,833.772,1917.26,128.291,2305.99,186.451,316.241,-0.335829,-1.95489,0.314677,1.4342,0,0,0,0,0,0,0,75.231,0,0.985842,0,0,357.531,1084.62,0,0,1390.69,5384.92,0
1691509924863518371,2059,1267,772,0.615347,22.1736,41.4958,62.4309,78.367,130.316,-6.0294,408.662,744.869,1175.67,1485.33,1654.04,5681.93,14743.2,92133.6,3503.29,2212.01,3517.23,614.907,619.382,789.18,136183,18513.3,26800.4,2.57594,2.71496,0,0,0.135944,0,34.8561,90.2463,368.949,1520.95,8322.99,16462.4,0.0916237,0.00598611,4,4,10,0.714286,1,2.30874,1.41028,0.898459,0.0324347,0.160688,1267,0,0,0,0,0.001,0,0,0,0,0,0,0,0,0,0,0,0,0,0,0,0,0,0,0,0,0,0,0,0,0,0,0,0,0,0,0,0,0,0,0,0,22.1736,62.4309,15.3183,561.775,597.907,0,-0.916241,0.171357,-0.362131,0.999994,0.20142,0.0352713,0.5625,0.72,945.924,1268.91,1948.31,2519.98,258.362,846.289,1903.14,136.112,2437.32,814.521,378.768,0.0271277,1.18008,-0.2635,-1.18665,0,0,0,0,0,0,0,78.367,0,0.982636,0,0,408.662,1175.67,0,0,1654.04,5681.93,0
1691509924961546058,1951,1180,742,0.604818,20.6898,39.5402,63.0231,80.034,129.119,-7.25821,433.174,803.56,1270.42,1535.43,1746.02,6354.81,12517.3,26182.4,3600.97,2699.28,3801.4,685.275,605.136,801.266,139883,11944.5,17822.4,1.45617,2.99843,0,0,0.0853894,0,35.619,57.0651,185.124,806.27,7395.14,9343.13,0.00122982,0.000160183,4,3,9,0.75,1,2.31504,1.5091,0.805935,0.0429637,0.323226,1180,0,0,0,0,0.001,0,0,0,0,0,0,0,0,0,0,0,0,0,0,0,0,0,0,0,0,0,0,0,0,0,0,0,0,0,0,0,0,0,0,0,0,20.6898,63.0231,13.5832,563.978,592.439,0,0.916699,-0.172463,0.360445,0.999998,0.118478,0.699014,0.5625,0.72,981.77,1266.66,2006.57,2392.87,267.803,864.384,1966.86,117.563,3498.76,168.327,230.788,-0.124094,-0.499003,-0.378628,0.321283,0,0,0,0,0,0,0,80.034,0,0.986441,0,0,433.174,1270.42,0,0,1746.02,6354.81,0
1691509925059091869,2094,1370,711,0.65425,21.887,37.7838,58.2888,75.4036,125.056,-9.90234,397.496,690.94,1167.68,1499.48,1526.14,5845.17,12971.1,23782.4,2874.66,2597.91,3381.03,611.007,588.499,745.723,140896,12206.3,18220.9,10.3756,10.2398,0,0,0.086633,0,26.5798,57.6124,235.046,859.957,7299.36,9742.37,0.0245653,0.00493064,7,6,16,0.727273,1,2.2591,1.39942,0.859681,0.0276827,0.374425,1370,0,0,0,0,0.001,0,0,0,0,0,0,0,0,0,0,0,0,0,0,0,0,0,0,0,0,0,0,0,0,0,0,0,0,0,0,0,0,0,0,0,0,21.887,58.2888,12.2187,570.935,597.846,0,0.91815,-0.165466,0.360029,0.999974,0.410096,0.464682,0.574803,0.73,1032.92,1231.47,2016.47,2818.12,275.733,870.118,1938.53,123.487,2812.62,226.742,262.117,-0.188422,-1.67498,-0.410241,1.63694,0,0,0,0,0,0,0,75.4036,0,0.990511,0,0,397.496,1167.68,0,0,1526.14,5845.17,0
1691509925158253477,1883,1261,597,0.669676,23.5596,38.2859,59.9411,73.6132,126.641,-8.8187,395.864,748.106,1210.31,1523.33,1584.05,6407.16,13211.2,22535.1,2478.28,3483.67,3749.38,668.131,571.109,793.239,142427,12700.1,18866.6,3.24303,3.18037,0,0,0.0891694,0,34.0467,48.1143,176.21,877.702,7580.47,10150.1,0.000189697,6.81632e-05,3,3,8,0.727273,1,2.416,1.60456,0.811433,0.0311955,0.207651,1261,0,0,0,0,0.001,0,0,0,0,0,0,0,0,0,0,0,0,0,0,0,0,0,0,0,0,0,0,0,0,0,0,0,0,0,0,0,0,0,0,0,0,23.5596,59.9411,18.9228,569.092,604.985,0,0.918565,-0.16649,0.358498,0.999998,0.108152,0.504182,0.626016,0.77,1022.29,1255.04,2053.45,2525.69,280.552,879.375,1951.19,138.652,2402.07,163.79,324.137,-0.427262,-0.838401,0.389442,-0.0739287,0,0,0,0,0,0,0,73.6132,0,0.992863,0,0,395.864,1210.31,0,0,1584.05,6407.16,0
1691509925258670656,1862,1197,643,0.642857,25.018,43.0178,64.7033,78.6658,153.35,-12.7855,394.175,725.363,1196.49,1516.69,1533.04,6134.12,14373.8,25413.6,1844.73,4076.2,3485.28,619.107,587.852,801.787,136312,12704,18427.1,4.31753,4.82996,0,0,0.0931984,0,29.334,52.7686,146.8,727.354,6707.74,10763.1,0.0022898,0.0010142,5,5,10,0.666667,1,2.1881,1.29188,0.896223,0.0374709,0.239348,1197,0,0,0,0,0.001,0,0,0,0,0,0,0,0,0,0,0,0,0,0,0,0,0,0,0,0,0,0,0,0,0,0,0,0,0,0,0,0,0,0.00250627,4.34434,50.6682,25.0439,64.7541,16.4142,564.242,587.343,0,-0.919319,0.165613,-0.356967,0.999998,0.109935,0.3182,0.5625,0.72,968.209,1263.12,2049.67,2485.13,279.564,870.315,1979.35,125.056,2595.29,140.963,265.601,-0.441332,-0.190267,-0.11298,-0.00942335,0,0,0,0,0,0.00429646,56.4587,78.6693,1,0.989112,410.375,529.947,394.157,1197.43,602.559,740.538,1534.9,6149.48,5.29614e-05
1691509925360860338,1765,1213,530,0.687252,23.2974,40.3005,65.796,79.8157,151.501,-8.96621,405.772,740.011,1247.31,1615.97,1494.58,5820.04,14688.9,19981.1,1578.02,3897.08,3806.8,637.51,642.582,845.751,125726,12278.9,18153.3,7.37475,7.56993,0,0,0.0976641,0,37.0539,52.3786,167.701,777.091,7217.33,9901.78,0.0339269,0.00602728,3,2,8,0.8,1,2.38445,1.52311,0.861336,0.0405974,0.294625,1213,0,0,0,0,0.001,0,0,0,0,0,0,0,0,0,0,0,0,0,0,0,0,0,0,0,0,0,0,0,0,0,0,0,0,0,0,0,0,0,0.0131904,15.8866,30.3523,23.429,66.2466,17.0027,552.282,579.715,0,0.91745,-0.166946,0.361131,0.999989,0.27245,0.0934835,0.587302,0.74,948.202,1240.06,2049.64,2630.55,269.005,869.212,2008.77,113.598,2639.35,156.952,280.462,0.948253,0.0700353,-0.866923,-0.549224,0,0,0,0,0,0.0152975,33.4782,80.0678,1,0.993317,377.886,793.778,405.772,1253.89,570.032,1152.41,1529.14,5833.25,0.000422012
1691509925464690420,1868,1387,464,0.742505,22.9358,42.3995,63.3832,81.0195,134.099,-5.47031,369.752,665.696,1147.61,1435.47,1277.35,5144.61,13513.8,23061.2,1556.38,3187.83,3112.58,563.033,574.93,817.735,114697,11406.2,16959.8,1.6676,2.0926,0,0,0.0994465,0,35.7674,66.3966,154.814,852.084,6560.95,9289.81,0.0275759,0.00114582,9,9,11,0.55,1,2.35609,1.34981,1.00628,0.0532259,0.313514,1387,0,0,0,0,0.001,0,0,0,0,0,0,0,0,0,0,0,0,0,0,0,0,0,0,0,0,0,0,0,0,0,0,0,0,0,0,0,0,0,0,0,0,22.9358,63.3832,18.7652,526.54,564.695,0,0.915475,-0.16866,0.365321,0.999988,0.28296,0.212165,0.538462,0.7,937.621,1223.37,1981.13,2598.39,268.694,846.949,1966.12,114.571,2651.96,140.485,301.83,-0.113231,-0.863776,0.686839,1.00785,0,0,0,0,0,0.00267666,0,81.0195,0,0.983417,0,0,369.752,1147.61,0,0,1277.35,5144.61,0
1691509925568545381,1869,1327,512,0.710005,22.4457,40.0747,61.593,76.3568,133.61,-6.55372,363.74,689.429,1112.63,1401.86,1255.84,5716.46,14473.5,38776.6,1430.67,3644.63,3351.51,558.409,581.684,772.89,116212,13580,19885.5,6.62687,6.38305,0,0,0.116856,0,30.4156,64.9857,154.217,727.358,7858.57,11050,0.000586661,0.000147203,5,5,8,0.615385,1,2.24256,1.35149,0.891071,0.0434545,0.159236,1327,0,0,0,0,0.001,0,0,0,0,0,0,0,0,0,0,0,0,0,0,0,0,0,0,0,0,0,0,0,0,0,0,0,0,0,0,0,0,0,0,0,0,22.4457,61.593,12.7562,502.099,558.145,0,0.913362,-0.168328,0.370724,0.999983,0.332988,0.266562,0.574803,0.73,959.511,1275.2,1953.76,2598,287.506,879.971,1942.38,98.6269,2574.85,141.489,293.647,-0.0676776,-0.914705,-0.659792,1.13484,0,0,0,0,0,0,0,76.3568,0,0.987189,0,0,363.74,1112.63,0,0,1255.84,5716.46,0
1691509925672052374,2010,1423,566,0.70796,22.9126,39.6579,57.238,74.2439,132.667,-6.7668,344.178,682.871,1150.53,1459.37,1264.27,4939.39,13205.3,24754.6,1613.56,2949.93,3026.64,547.763,663.53,761.581,117262,11129.9,16714.3,3.45669,4.21642,0,0,0.0949152,0,37.2385,80.2321,166.215,815.94,7012.16,8602.51,0.00410286,0.000846121,4,4,10,0.714286,1,2.45664,1.54114,0.9155,0.046383,0.259215,1423,0,0,0,0,0.001,0,0,0,0,0,0,0,0,0,0,0,0,0,0,0,0,0,0,0,0,0,0,0,0,0,0,0,0,0,0,0,0,0,0,0,0,22.9126,57.238,14.5046,519.165,542.331,0,0.916094,-0.168649,0.363772,0.999972,0.428395,0.400476,0.574803,0.73,981.419,1266.79,1949.65,2587.25,277.173,870.858,1892.53,99.4324,2668.62,150.248,261.946,-0.130711,-0.417208,-0.0155785,0.737571,0,0,0,0,0,0,0,74.2439,0,0.991567,0,0,344.178,1150.53,0,0,1264.27,4939.39,0
1691509925774022355,2066,1640,409,0.793804,22.5508,37.9669,56.28,71.3569,131.313,-3.9671,361.622,684.537,1113.85,1349.94,1264.06,4749.07,12611.4,29016.3,1493.6,2808.81,3170.08,532.678,641.748,710.579,117723,12460.9,18746.7,5.47071,4.61791,0,0,0.10585,0,43.4881,87.3175,171.614,876.623,8505.29,9062.36,0.00306479,0.000387008,4,4,8,0.666667,1,2.5491,1.53718,1.01192,0.0345749,0.0964061,1640,0,0,0,0,0.001,0,0,0,0,0,0,0,0,0,0,0,0,0,0,0,0,0,0,0,0,0,0,0,0,0,0,0,0,0,0,0,0,0,0,0,0,22.5508,56.28,18.2177,539.813,563.969,0,0.917881,-0.163901,0.36143,0.999984,0.320131,0.475819,0.652893,0.79,999.04,1260.8,1966.97,2522.43,273.346,884.355,1955.65,115.149,3218.82,150.809,249.265,0.175689,-0.293479,1.15983,0.632303,0,0,0,0,0,0,0,71.3569,0,0.989634,0,0,361.622,1113.85,0,0,1264.06,4749.07,0
1691509925876684480,2102,1602,489,0.762131,22.3178,38.1465,55.6517,71.1386,116.439,-5.20598,347.576,649.05,1063.95,1313.52,1260.14,4564.2,12226.4,27475.4,1345.16,2567.12,3070.3,506.853,615.602,671.144,118825,11266.1,16902.8,3.20887,4.4031,0,0,0.0948127,0,36.387,82.6593,252.059,838.569,6619.05,9074.08,0.0161305,0.00116875,5,5,10,0.666667,1,2.5539,1.60265,0.951243,0.0365041,0.545766,1602,0,0,0,0,0.001,0,0,0,0,0,0,0,0,0,0,0,0,0,0,0,0,0,0,0,0,0,0,0,0,0,0,0,0,0,0,0,0,0,0,0,0,22.3178,55.6517,18.624,542.745,568.631,0,0.91902,-0.159367,0.360561,0.999989,0.272455,0.290303,0.6,0.75,945.827,1189.27,1958.6,2522.59,284.988,850.916,1887.78,159.561,3666.67,254.442,226.124,0.946209,-0.337047,-1.74345,0.670159,0,0,0,0,0,0,0,71.1386,0,0.991261,0,0,347.576,1063.95,0,0,1260.14,4564.2,0
1691509925978888431,1940,1547,383,0.797423,23.5248,41.9827,61.899,73.5388,119.303,-7.36657,353.199,688.959,1173.34,1440.76,1340.12,5489.92,12073.1,42199.5,1471.12,3006.36,3451.6,589.14,592.704,707.667,124283,12856.2,19245.1,11.2226,4.69055,0,0,0.103443,0,45.9698,75.9244,192.197,870.168,8198.55,9862.27,0.000121396,3.68307e-05,3,3,8,0.727273,1,2.93259,1.88178,1.05081,0.0298738,0.528459,1547,0,0,0,0,0.001,0,0,0,0,0,0,0,0,0,0,0,0,0,0,0,0,0,0,0,0,0,0,0,0,0,0,0,0,0,0,0,0,0,0,0,0,23.5248,61.899,15.5593,572.591,603.85,0,0.918528,-0.159334,0.361827,0.999999,0.077887,0.320769,0.709402,0.83,937.497,1200.87,1908.75,2432,274.649,822.977,1864.06,127.927,4242.88,176.679,266.494,-0.161992,1.18766,0.433527,0.0798307,0,0,0,0,0,0,0,73.5388,0,0.992889,0,0,353.199,1173.34,0,0,1340.12,5489.92,0
1691509926078321024,1862,1490,352,0.800215,24.7467,42.5197,65.7693,77.5105,162.87,-7.6193,340.234,664.713,1108.78,1400.48,1275.19,5580.79,12072,19076.2,1628.06,2774.35,3540.01,533.431,578.729,718.413,127971,11112.8,16686.9,8.0719,8.19783,0,0,0.0868391,0,38.9164,70.3832,141.591,758.722,7791.96,7885.34,0.00199829,0.000401038,6,5,9,0.642857,1,3.47109,2.37578,1.09531,0.0309149,0.541046,1490,0,0,0,0,0.001,0,0,0,0,0,0,0,0,0,0,0,0,0,0,0,0,0,0,0,0,0,0,0,0,0,0,0,0,0,0,0,0,0,0,0,0,24.7467,65.7693,14.0516,565.769,630.179,0,-0.918917,0.157646,-0.361579,0.999998,0.100274,0.259432,0.6,0.75,946.393,1195.29,1878.06,2425.58,265.957,842.361,1822.29,118.634,4459.63,120.77,221.239,-0.0419117,0.563851,0.465558,-0.878042,0,0,0,0,0,0,0,77.5105,0,0.990604,0,0,340.234,1108.78,0,0,1275.19,5580.79,0
1691509926177300064,1879,1269,584,0.675359,23.0351,43.1041,65.9759,81.0084,123.838,-8.118,359.032,696.183,1201.67,1418.72,1316.23,5970.38,14775.3,24925.7,2223.67,2741.51,3743.73,576.244,628.48,757.976,137226,11999.8,17863.1,5.28452,1.95011,0,0,0.0874456,0,30.4685,72.3936,118.082,762.356,7757.55,9122.24,0.00160159,0.000225603,7,7,13,0.65,1,2.9214,1.97937,0.942035,0.0314241,0.0504755,1269,0,0,0,0,0.001,0,0,0,0,0,0,0,0,0,0,0,0,0,0,0,0,0,0,0,0,0,0,0,0,0,0,0,0,0,0,0,0,0,0,0,0,23.0351,65.9759,14.9104,614.931,655.159,0,0.91724,-0.157365,0.365933,0.999989,0.267799,1.17118,0.612903,0.76,1048.41,1254.81,2008.44,2452.38,267.821,852.17,1976.46,121.901,2406.52,109.918,217.337,-0.26579,-2.90676,0.175223,0.576031,0,0,0,0,0,0,0,81.0084,0,0.990544,0,0,359.032,1201.67,0,0,1316.23,5970.38,0
1691509926275583253,1893,1141,734,0.602747,23.502,41.1498,65.6767,81.3437,146.268,-10.125,358.295,708.867,1162.17,1412.09,1244.18,5853.25,13549.9,20551.8,2697.12,2232.22,3407.11,566.673,577.685,803.633,141374,10184.1,15286.8,5.95579,4.8337,0,0,0.0720366,0,23.3258,70.8837,122.029,752.74,6598.41,7719.42,0.00286844,0.000454184,7,6,12,0.666667,1,2.72583,1.88948,0.836351,0.0489027,0.222929,1141,0,0,0,0,0.001,0,0,0,0,0,0,0,0,0,0,0,0,0,0,0,0,0,0,0,0,0,0,0,0,0,0,0,0,0,0,0,0,0,0.0035057,10.083,21.7946,23.5706,65.808,17.1549,603.594,639.252,0,0.920477,-0.159952,0.356563,0.999948,0.586996,0.126659,0.587302,0.74,1026.04,1275.52,2128.38,2471.23,262.74,872.852,2061.21,141.612,2269.21,99.0188,244.686,0.376208,-1.34825,0.608804,1.16914,0,0,0,0,0,0.00369783,23.1677,81.3668,1,0.988566,68.6056,214.822,358.531,1162.87,96.9492,297.363,1263.02,5872.98,1.03481e-05
1691509926371008526,2054,1362,657,0.663096,24.8698,43.7389,64.7542,79.9237,131.849,-5.66921,388.842,757.51,1238.64,1469.46,1313.35,5444.36,12904.5,41094.5,2942.71,2137.29,3554.19,582.874,634.281,866.521,142659,11456.9,17727.4,8.86603,8.50181,0,0,0.0803095,0,30.1755,87.644,390.974,1163.05,7373.82,8681.72,0.00766948,0.000747628,6,6,13,0.684211,1,2.86507,1.81426,1.05082,0.0403496,0.776387,1362,0,0,0,0,0.001,0,0,0,0,0,0,0,0,0,0,0,0,0,0,0,0,0,0,0,0,0,0,0,0,0,0,0,0,0,0,0,0,0,0,0,0,24.8698,64.7542,13.9884,568.247,597.764,0,0.918647,-0.159406,0.361493,0.999986,0.302934,0.970453,0.481481,0.65,963.558,1264.98,2031,2743.93,267.676,854.155,1999.18,139.014,4037.35,433.308,218.067,-0.82319,-2.19036,-0.0860425,2.50497,0,0,0,0,0,0,0,79.9237,0,0.983847,0,0,388.842,1238.64,0,0,1313.35,5444.36,0
1691509926466892713,1935,1309,587,0.676486,22.7476,41.3596,62.4232,78.9615,190.154,-6.14666,380.036,724.283,1225.85,1473.4,1351.48,5573.44,13926.4,34292.1,2923.66,2318.02,3360.71,560.894,651.066,764.539,148883,12551.1,18883,10.0743,2.0239,0,0,0.0843022,0,35.1896,81.9222,189.98,1000.05,7780.17,9795.7,0.000261006,2.8276e-05,3,3,8,0.727273,1,2.53591,1.58155,0.954359,0.0301144,0.254296,1309,0,0,0,0,0.001,0,0,0,0,0,0,0,0,0,0,0,0,0,0,0,0,0,0,0,0,0,0,0,0,0,0,0,0,0,0,0,0,0,0.00840336,6.3735,15.9355,23.3141,62.5582,14.4392,595.431,642.13,0,0.917614,-0.15318,0.36677,0.999966,0.47134,0.917839,0.492537,0.66,980.984,1248.36,2022.42,2548.52,272.41,849.861,1943.08,116.35,2466.73,169.404,293.973,-0.0441071,-0.981569,-0.429713,0.828939,0,0,0,0,0,0.00568475,20.4443,79.0564,1,0.978428,146.532,269.958,386.264,1231.17,255.625,473.222,1374.22,5581.89,6.56269e-05
1691509926563516264,2065,1446,596,0.700242,21.5361,39.5862,62.2466,77.2971,149.131,-8.30767,373.995,758.689,1231.51,1587.63,1377.54,5861.01,14348.8,46511,3119.27,2391.55,3568.72,656.292,647.861,847.667,147147,14911,22803.5,6.87618,6.82243,0,0,0.101334,0,61.662,112.93,318.312,1722.47,8381.06,12207,0.00535769,0.00100133,5,5,11,0.6875,1,2.42452,1.4246,0.999915,0.0317398,0.211064,1446,0,0,0,0,0.001,0,0,0,0,0,0,0,0,0,0,0,0,0,0,0,0,0,0,0,0,0,0,0,0,0,0,0,0,0,0,0,0,0,0,0,0,21.5361,62.2466,13.2045,598.141,632.655,0,0.917374,-0.152158,0.367795,0.999999,0.0840957,0.339843,0.574803,0.73,967.002,1372.56,2063.4,2668.81,271.605,846.616,2016.35,111.744,2886.31,356.427,471.873,-0.346458,-1.05858,1.37157,0.726256,0,0,0,0,0,0,0,77.2971,0,0.979945,0,0,373.995,1231.51,0,0,1377.54,5861.01,0
1691509926660792755,2183,1415,748,0.648191,22.3108,39.6857,60.1985,73.7763,146.359,-8.49007,369.249,714.359,1176.77,1469.51,1293.22,5558.05,13858.1,30023.8,2697.65,2945.47,3225.96,572.059,610.865,795.823,147203,12280.6,18523,7.61754,4.52983,0,0,0.0834265,0,45.1571,73.7294,165.546,979.876,7963.43,9295.27,0.000493302,7.78381e-05,3,3,8,0.727273,1,2.53176,1.60316,0.928599,0.0379902,0.283634,1415,0,0,0,0,0.001,0,0,0,0,0,0,0,0,0,0,0,0,0,0,0,0,0,0,0,0,0,0,0,0,0,0,0,0,0,0,0,0,0,0.0339223,10.3191,26.0896,23.1573,61.1165,14.7922,593.564,621.644,0,0.916992,-0.155813,0.367217,0.999993,0.213148,0.0501304,0.5625,0.72,991.326,1286.13,2048.99,2576.05,279.093,854.429,1998.9,106.738,2886.67,148.521,290.446,0.851077,-2.0379,0.234232,1.49827,0,0,0,0,0,0.0219881,31.6403,74.2152,1,0.986832,221.735,520.902,379.74,1197.18,386.206,918.374,1353.43,5673.45,0.000883557
1691509926758438771,2078,1391,678,0.669394,21.333,37.6831,58.6418,68.9685,111.496,-10.6886,383.757,727.862,1248.92,1488.7,1427.15,5998.48,13559,40158.1,2648.77,3383.56,3136.65,568.294,600.258,852.97,146139,13481.9,19940,3.89258,2.68519,0,0,0.0922535,0,43.0693,113.873,203.035,1258.13,6683.36,11638.5,0.00620198,0.000785996,4,3,10,0.769231,1,2.61198,1.78971,0.822271,0.0300698,0.326425,1391,0,0,0,0,0.001,0,0,0,0,0,0,0,0,0,0,0,0,0,0,0,0,0,0,0,0,0,0,0,0,0,0,0,0,0,0,0,0,0,0,0,0,21.333,58.6418,12.443,595.302,627.255,0,0.916637,-0.152183,0.369618,0.99999,0.250176,0.182148,0.612903,0.76,951.345,1270.39,2034.18,2910.43,277.531,859.886,1955.78,84.6923,2852.37,253.223,328.769,0.213323,-0.889066,0.0723429,0.575785,0,0,0,0,0,0,0,68.9685,0,0.99353,0,0,383.757,1248.92,0,0,1427.15,5998.48,0
1691509926858408579,2257,1384,856,0.613203,23.6233,40.7195,61.3593,77.6181,125.996,-10.4418,378.027,707.015,1181.88,1483.44,1396.81,5888.67,12867.5,32380.9,1999.16,3512.71,3632.49,572.325,607.225,811.803,143979,13244,19373.3,2.37181,2.74672,0,0,0.0919857,0,43.5203,87.9666,162.498,861.299,7026.09,11191.9,0.0135593,0.00157236,4,3,10,0.769231,1,2.60295,1.64129,0.961656,0.0343323,0.130092,1384,0,0,0,0,0.001,0,0,0,0,0,0,0,0,0,0,0,0,0,0,0,0,0,0,0,0,0,0,0,0,0,0,0,0,0,0,0,0,0,0.00216763,5.58273,9.54499,23.8654,61.3959,11.6307,595.155,630.214,0,0.916135,-0.151821,0.371008,0.999999,0.0871438,0.208283,0.587302,0.74,954.717,1232.59,2061.73,2944.93,277.657,826.478,1992.71,107.625,2499.68,134.399,313.959,-0.586911,-0.0689981,0.497874,0.122989,0,0,0,0,0,0.00177226,10.0403,77.7563,1,0.985518,216.92,333.998,378.787,1181.96,324.814,573.442,1402.78,5890.12,2.68499e-05
1691509926959706239,2177,1517,631,0.696831,22.332,39.5449,63.0198,77.4964,134.733,-8.51489,359.167,704.604,1186.99,1467.66,1280.6,5817.82,13417.5,30386,1805.4,3544.85,3254.94,547.004,667.235,798.12,136089,13877.2,20399.3,6.93402,6.8295,0,0,0.101971,0,51.37,70.8638,137.224,870.623,7882.34,11386.9,0.00573643,0.00102993,6,5,9,0.642857,1,2.31306,1.26901,1.04406,0.0404098,0.0902579,1517,0,0,0,0,0.001,0,0,0,0,0,0,0,0,0,0,0,0,0,0,0,0,0,0,0,0,0,0,0,0,0,0,0,0,0,0,0,0,0,0.00527357,18.6571,31.4759,22.3547,63.0243,14.0963,590.532,619.371,0,0.913433,-0.153562,0.376908,0.999977,0.384962,0.229704,0.574803,0.73,927.027,1215.92,2117.94,2968.71,281.299,787.469,2062.58,109.479,2362,124.907,327.957,-0.277323,-1.84877,0.159715,1.75853,0,0,0,0,0,0.0133211,34.2761,77.5975,1,0.985421,373.702,653.344,359.167,1187.94,624.475,1018.86,1287.08,5822.7,0.00019171
1691509927061772643,2016,1363,632,0.676091,20.5409,37.6623,60.1934,79.4678,137.043,-6.69345,355.688,678.074,1234.86,1524.16,1304.99,6233.56,13677.5,23830,1502.64,3911.32,3503.79,510.853,676.811,781.348,124328,13138.1,19447.5,5.08272,4.49172,0,0,0.105673,0,44.2501,56.653,122.534,782.213,8239.37,10202.5,0.0143583,0.00478193,3,2,8,0.8,1,2.52298,1.63304,0.889931,0.0339799,0.249787,1363,0,0,0,0,0.001,0,0,0,0,0,0,0,0,0,0,0,0,0,0,0,0,0,0,0,0,0,0,0,0,0,0,0,0,0,0,0,0,0,0.00513573,27.8304,31.8605,20.4997,60.2873,13.5019,567.74,615.758,0,0.917372,-0.151062,0.368251,0.999952,0.563428,0.159895,0.574803,0.73,942.928,1226.41,2115.95,2957.13,286.423,821.227,2031.53,119.437,2308.71,112.34,306.576,0.129869,-0.024325,-0.172293,-0.174989,0,0,0,0,0,0.0114087,32.0569,79.6212,1,0.985251,144.404,408.252,356.549,1237.29,239.41,673.155,1317.78,6237.77,7.67719e-05
1691509927166077675,2133,1428,682,0.66948,20.4269,37.3374,59.6113,73.3903,140.013,-5.38461,332.714,662.734,1157.53,1437.27,1247.25,5427.33,13552.3,24041.3,1490.19,3472.33,3212.12,503.957,672.844,751.213,120175,12681.2,18807.8,6.38782,6.62075,0,0,0.105523,0,49.7739,68.9889,212.69,830.217,7343.54,10302.5,0.0035414,0.00120524,4,4,8,0.666667,1,2.26156,1.33804,0.923523,0.0383511,0.27853,1428,0,0,0,0,0.001,0,0,0,0,0,0,0,0,0,0,0,0,0,0,0,0,0,0,0,0,0,0,0,0,0,0,0,0,0,0,0,0,0,0.0189076,9.87704,30.6342,20.6921,59.7285,13.4204,545.853,598.727,0,0.913301,-0.149464,0.378869,0.999934,0.65792,0.0848471,0.574803,0.73,938.325,1198.62,2130.25,2964.48,288.727,845.161,2097.79,97.3819,2200.52,202.723,290.603,0.523748,0.487776,-0.612722,-0.415882,0,0,0,0,0,0.0201594,43.9028,73.4774,0.962963,0.983583,227.168,943.063,335.234,1159.9,316.189,1376.93,1281.7,5460.44,0.000895747
1691509927271121349,2251,1598,636,0.709907,23.1697,40.7312,62.8977,77.2085,124.986,-3.7989,333.387,649.236,1128.27,1419.03,1200.95,4766.09,13512.3,74410,1438.66,2927.74,2872.14,525.467,585.257,714.242,111084,15573.7,23035.1,2.90838,2.7205,0,0,0.140198,0,65.6511,79.202,176.661,905.308,9511.67,12296.6,0.00657346,0.000652152,7,6,14,0.7,1,2.49487,1.3771,1.11777,0.0538946,0.302396,1598,0,0,0,0,0.001,0,0,0,0,0,0,0,0,0,0,0,0,0,0,0,0,0,0,0,0,0,0,0,0,0,0,0,0,0,0,0,0,0,0.00250313,7.34234,11.0219,23.3078,62.9267,17.4274,522.576,564.996,0,0.913862,-0.146204,0.378788,0.999995,0.189639,0.00954253,0.574803,0.73,917.155,1213.25,2084.52,2952.34,299.093,832.452,2076.35,109.12,2432.04,161.489,333.04,0.378014,-0.146005,-1.00148,-0.0728026,0,0,0,0,0,0.00222124,11.6772,77.2104,1,0.986198,290.3,959.152,334.035,1127.78,451.991,1378.17,1201.85,4785.73,0.000153547
1691509927376062468,2196,1815,374,0.826503,21.9077,38.4324,59.1819,74.366,137.797,-1.72584,356.371,706.38,1113.94,1375.05,1200.23,4563.41,11855.4,32285,1471.91,2684.45,2815.52,539.942,586.579,772.055,117221,12767.7,19545.3,9.36393,7.68618,0,0,0.10892,0,57.5363,104.123,240.734,1255.09,8113.3,9774.53,0.00318466,0.000756386,4,3,11,0.785714,1,3.12378,1.96886,1.15492,0.038419,0.579244,1815,0,0,0,0,0.001,0,0,0,0,0,0,0,0,0,0,0,0,0,0,0,0,0,0,0,0,0,0,0,0,0,0,0,0,0,0,0,0,0,0,0,0,21.9077,59.1819,17.2153,535.147,561.638,0,0.913738,-0.148288,0.378278,0.999998,0.123133,0.688694,0.626016,0.77,961.07,1293.46,2200.1,2995,298.559,837.592,2186.47,97.1142,2939.95,226.061,300.147,-0.455111,-1.14316,-0.391634,0.950186,0,0,0,0,0,0,0,74.366,0,0.985675,0,0,356.371,1113.94,0,0,1200.23,4563.41,0
1691509927480140114,2050,1747,302,0.852195,19.5553,36.7064,58.6983,75.0026,135.727,-3.13352,361.834,686.499,1116.73,1339.53,1217.61,4864.1,14017.6,21814.7,1444.07,3172.84,2943.42,574.336,576.119,740.661,117939,12941.3,19420.4,25.0741,10.6498,0,0,0.109729,0,40.9205,90.4321,184.412,971.266,8046.53,10086.8,0.000300066,8.72478e-05,2,2,8,0.8,1,2.52516,1.44025,1.08491,0.0283129,0.329686,1747,0,0,0,0,0.001,0,0,0,0,0,0,0,0,0,0,0,0,0,0,0,0,0,0,0,0,0,0,0,0,0,0,0,0,0,0,0,0,0,0,0,0,19.5553,58.6983,15.4078,564.846,596.746,0,0.91333,-0.149705,0.378705,0.999999,0.0879493,0.266875,0.652893,0.79,990.48,1347.89,2194.02,2949.83,297.576,877.754,2167.9,118.667,2886.44,169.001,288.53,-0.0397118,-3.32541,0.979854,1.49724,0,0,0,0,0,0,0,75.0026,0,0.984545,0,0,361.834,1116.73,0,0,1217.61,4864.1,0
1691509927581726019,2246,1896,343,0.844167,20.2573,37.3522,59.5273,74.5769,137.207,-1.79136,350.376,664.774,1099.1,1349.15,1236.37,4638.22,11841.9,22799.8,1646.72,2803.48,2787.7,540.929,528.952,740.652,125874,12120.8,17919.8,10.6954,11.1262,0,0,0.0962931,0,42.7326,108.048,200.14,975.623,6266.67,10326.5,0.0032143,0.000728145,4,3,9,0.75,1,2.57873,1.40262,1.17611,0.0318249,0.205234,1896,0,0,0,0,0.001,0,0,0,0,0,0,0,0,0,0,0,0,0,0,0,0,0,0,0,0,0,0,0,0,0,0,0,0,0,0,0,0,0,0,0,0,20.2573,59.5273,15.5339,600.791,620.675,0,0.911841,-0.150079,0.382129,0.999993,0.215021,0.546391,0.652893,0.79,983.437,1290.04,2133.74,2574.4,292.71,837.087,2058.22,90.4211,3382.49,171.681,244.433,-0.196763,-2.02609,0.335082,2.02522,0,0,0,0,0,0,0,74.5769,0,0.990506,0,0,350.376,1099.1,0,0,1236.37,4638.22,0
1691509927681188290,2232,1962,266,0.879032,18.9204,36.6652,58.6894,75.1965,135.617,-0.172682,362.618,646.642,1035.37,1320.61,1196.2,4489.19,10787.3,28351.7,1847.07,2336.32,2714.47,549.763,515.867,708.771,124745,12247,18407,47.6483,10.2406,0,0,0.0981766,0,45.8793,119.502,191.114,1035.47,7074.19,9940.83,0.000296096,8.46555e-05,2,2,8,0.8,1,2.8077,1.62375,1.18396,0.0243839,0.168791,1962,0,0,0,0,0.001,0,0,0,0,0,0,0,0,0,0,0,0,0,0,0,0,0,0,0,0,0,0,0,0,0,0,0,0,0,0,0,0,0,0.00101937,21.4094,29.2061,18.9204,58.7078,14.2603,600.833,635.907,0,0.912578,-0.151477,0.37981,0.999996,0.160803,0.238648,0.666667,0.8,1016.88,1289.75,2152.03,2551.14,291.769,886.167,2039.18,96.2092,3817.3,171.718,238.177,-0.469271,-3.13238,0.668927,1.36663,0,0,0,0,0,0.000896057,30.1807,75.2538,1,0.988776,869.004,1164.67,362.334,1034.42,1516.74,2045.25,1196.2,4498.08,0.000297381
1691509927778185911,2254,1777,458,0.788376,19.5218,36.4923,63.1163,79.8558,139.678,-3.44799,363.972,676.102,1076.27,1362.51,1303.62,4922.78,11560.7,21604.2,2180.7,2636.03,2907.68,569.951,515.03,761.422,130235,11967.1,17893.1,13.3804,11.3438,0,0,0.0918889,0,40.2257,106.263,174.812,992.756,6748.3,9830.76,0.00623443,0.00227216,8,7,13,0.65,1,2.62805,1.47511,1.15294,0.0302592,0.350516,1777,0,0,0,0,0.001,0,0,0,0,0,0,0,0,0,0,0,0,0,0,0,0,0,0,0,0,0,0,0,0,0,0,0,0,0,0,0,0,0,0.0360158,13.4819,55.9962,19.6722,63.196,16.467,622.019,646.514,0,0.912394,-0.146651,0.38214,0.999986,0.307214,0.509149,0.626016,0.77,1052.77,1367.58,2181.91,2630.96,282.487,915.393,2144.1,104.024,3020.86,150.735,276.985,-0.347428,-1.40375,-0.105062,1.42712,0,0,0,0,0,0.028394,72.4004,79.9601,0.96875,0.985406,282.487,1063.52,367.419,1075.1,464.627,1799.32,1343.71,5032.58,0.00329638
1691509927874382745,2294,1792,477,0.781168,20.55,38.1898,66.3517,84.8146,140.445,-5.2487,369.059,694.782,1111.84,1331.83,1289.08,4727.11,11745.5,22835.8,2257.23,2474,2710.95,543.487,550.111,799.019,135597,12230.4,18457.9,8.67155,9.79325,0,0,0.0901972,0,35.3044,132.747,199.044,1066.99,7192.57,9831.25,0.000899177,0.000376401,4,3,9,0.75,1,3.03899,1.73096,1.30803,0.0338151,0.214791,1792,0,0,0,0,0.001,0,0,0,0,0,0,0,0,0,0,0,0,0,0,0,0,0,0,0,0,0,0,0,0,0,0,0,0,0,0,0,0,0,0.0273438,20.8202,110.94,20.5189,64.4176,18.9728,624.894,654.133,0,0.911661,-0.152086,0.381765,0.999985,0.314938,0.268009,0.6,0.75,1086.01,1370.09,2186.52,2532.92,277.562,918.792,2148.65,99.0322,2725.78,171.437,285.033,0.141862,-1.03478,0.122308,1.02178,0,0,0,0,0,0.0235397,119.375,81.5902,0.836735,0.980493,242.741,1336.57,369.57,1093.91,391.6,2250.67,1310.56,4790.65,0.00372898
1691509927971459599,2310,1802,474,0.780087,21.1544,41.641,65.2736,80.8463,164.956,-5.99681,357.733,699.612,1168.42,1425.28,1203.88,4777.64,12824.9,27934,2520.99,2318.42,2774.75,549.677,537.898,821.596,142463,13877.7,20643.7,3.86154,4.23865,0,0,0.0974122,0,33.3326,153.798,226.11,1222.6,7226.94,11780.9,0.00688219,0.00084964,7,6,12,0.666667,1,3.22855,1.87447,1.35409,0.0185558,0.108312,1802,0,0,0,0,0.001,0,0,0,0,0,0,0,0,0,0,0,0,0,0,0,0,0,0,0,0,0,0,0,0,0,0,0,0,0,0,0,0,0,0.0577137,30.5891,91.689,21.0672,63.4622,14.848,598.988,663.164,0,0.911239,-0.149497,0.383788,0.999995,0.189804,0.370218,0.666667,0.8,1065.54,1431.75,2240.94,3287.12,283.376,921.97,2166.88,115.592,2325.41,205.352,417.476,0.289656,0.476229,-1.13811,-0.408711,0,0,0,0,0,0.0450216,113.943,78.7846,0.913462,0.982332,301.206,997.802,359.341,1175.82,497.636,1596.69,1254.9,4960.83,0.00475788
1691509928068497075,2158,1720,386,0.797034,24.1203,42.4762,66.6039,85.0202,185.481,-5.43277,395.784,730.442,1170.41,1412.47,1328.53,4863.21,11739,19284.8,2715.63,2513.55,2587.97,567.671,531.893,860.819,143412,11361.9,17117.2,5.94072,5.737,0,0,0.0792255,0,28.3448,149.979,229.437,1197.02,5850.24,9662.21,0.0863497,0.00395778,7,7,8,0.533333,1,3.15796,1.80307,1.35489,0.0443145,0.356103,1720,0,0,0,0,0.001,0,0,0,0,0,0,0,0,0,0,0,0,0,0,0,0,0,0,0,0,0,0,0,0,0,0,0,0,0,0,0,0,0,0.0517442,29.1991,89.3221,24.1073,65.9107,18.3492,597.601,633.05,0,0.911641,-0.148839,0.383089,0.999999,0.059654,0.41623,0.612903,0.76,1074.62,1399.28,2125.27,2529.61,282.498,945.285,2059.69,107.838,2694.45,210.633,364.387,0.450732,-0.929166,-0.477005,1.12409,0,0,0,0,0,0.0454124,107.274,82.8189,0.910112,0.980993,371.686,1075.29,395.966,1173.72,600.32,1770.33,1371.58,5042.22,0.00550938
1691509928164916055,2152,1679,451,0.780204,21.7131,41.0404,65.4812,83.9297,165.128,-6.06431,372.382,768.823,1180.35,1450.35,1276.24,4803.9,12444.8,26123.3,2510.96,2544.86,2645.44,585.246,568.715,842.996,135313,12192.3,18367.5,10.3054,8.20697,0,0,0.090105,0,43.1745,179.121,226.787,1321.6,6166,10430.8,0.00302521,0.00089907,7,6,12,0.666667,1,2.96888,1.70453,1.26435,0.0213626,0.402834,1679,0,0,0,0,0.001,0,0,0,0,0,0,0,0,0,0,0,0,0,0,0,0,0,0,0,0,0,0,0,0,0,0,0,0,0,0,0,0,0,0.0577725,29.7084,97.7407,21.4073,63.1963,15.8218,619.497,656.681,0,0.912235,-0.148857,0.381667,0.999999,0.0883092,0.233654,0.612903,0.76,1049.7,1458.21,2206.13,2605.94,286.304,917.335,2077.55,104.444,2450.12,225.566,380.963,0.0169051,-3.48644,0.33311,0.215277,0,0,0,0,0,0.045539,110.261,81.8955,0.896907,0.983565,402.553,1101.25,371.265,1189.81,657.434,1779.24,1305.16,5003.91,0.00652998
1691509928262798044,2362,1788,559,0.756986,21.7595,40.3676,66.5427,82.7899,143.706,-5.43248,389.025,755.975,1195.7,1450.41,1270.75,4508.75,11706,20837.8,2219.66,2522.43,2351.45,607.168,557.561,813.581,136805,11441.3,17410.1,13.3559,10.733,0,0,0.0836319,0,48.7964,191.323,252.802,1382.12,5740.21,9794.85,0.000715399,0.000244526,3,3,8,0.727273,1,3.38735,2.07416,1.31319,0.0241507,0.208409,1788,0,0,0,0,0.001,0,0,0,0,0,0,0,0,0,0,0,0,0,0,0,0,0,0,0,0,0,0,0,0,0,0,0,0,0,0,0,0,0,0.060962,24.0445,97.8897,21.6081,64.3899,12.922,622.253,651.825,0,0.912495,-0.144468,0.382729,0.99999,0.259151,0.428378,0.639344,0.78,1077.4,1431.02,2181.63,2992.99,299.411,921.055,2173.51,120.533,2949.36,243.711,357.401,0.455694,-1.86111,0.824918,0.865116,0,0,0,0,0,0.0461473,113.786,80.296,0.899083,0.986897,502.101,1120.41,382.786,1198.65,849.607,1896.46,1298.58,4744.64,0.00893383
1691509928361290642,2249,1740,498,0.773677,19.7309,36.8048,60.7366,77.9156,140.717,-5.36089,370.606,724.466,1138.98,1398.19,1172.78,4317.39,11680,23643.9,2045.22,2676.73,2128.77,595.089,497.73,793.965,138617,10293.2,15846.5,13.6365,11.7185,0,0,0.0742565,0,45.9944,155.832,206.368,1175.76,5950.45,8312.06,0.00349763,0.000780853,5,5,11,0.6875,1,2.91201,1.79876,1.11325,0.0283696,0.356611,1740,0,0,0,0,0.001,0,0,0,0,0,0,0,0,0,0,0,0,0,0,0,0,0,0,0,0,0,0,0,0,0,0,0,0,0,0,0,0,0,0.0574713,29.1269,88.3813,19.452,58.6421,14.6448,626.081,663.274,0,0.912244,-0.146968,0.382376,0.999997,0.145405,0.014541,0.652893,0.79,1075.11,1443.62,2178.2,2667.44,304.923,920.752,2060.49,103.572,2765.93,202.603,317.231,0.753261,-2.8111,-0.292405,2.73675,0,0,0,0,0,0.0457981,98.2431,74.4136,0.95,0.987805,456.089,1148.08,366.886,1137.18,749.932,1875.78,1204.29,4403.6,0.00920453
1691509928460896176,2244,1490,730,0.663993,20.7457,39.6896,66.9504,81.2274,151.298,-6.28009,389.687,776.324,1245.73,1462.01,1293.05,5242.57,14200.8,24875.4,2131.58,3322.71,2583.98,630.167,535.938,870.671,136644,12632.3,18427.1,5.57757,5.59634,0,0,0.0924466,0,43.8737,155.486,185.079,1134.36,5689.93,11218.4,0.0100875,0.0012624,9,9,13,0.590909,1,2.90048,1.82494,1.07554,0.03289,0.301942,1490,0,0,0,0,0.001,0,0,0,0,0,0,0,0,0,0,0,0,0,0,0,0,0,0,0,0,0,0,0,0,0,0,0,0,0,0,0,0,0,0.061745,27.9038,104.955,20.47,63.5455,15.1531,613.871,644.976,0,0.913373,-0.144784,0.380508,0.999995,0.176956,0.273965,0.587302,0.74,1071.35,1410.76,2205.62,2562,307.86,921.561,2122.96,121.812,3217.62,178.976,276.608,0.0337545,0.195638,-0.676395,-0.219446,0,0,0,0,0,0.0409982,119.628,78.5169,0.880435,0.989986,563.171,1340.65,383.129,1224.47,911.49,2145.01,1318.98,5430.97,0.00808616
1691509928561992355,2451,1824,614,0.744186,19.0371,36.9805,64.519,82.5295,132.318,-3.50873,354.079,696.407,1118.04,1369.46,1138.24,4476.42,11138.6,25777.2,1522.58,2832.21,2236.51,605.657,499.749,741.172,124073,11018,16580.9,2.75257,2.5184,0,0,0.0888028,0,55.2629,148.269,210.627,1075.24,5771.76,9319.74,0.00824242,0.000593879,4,4,10,0.714286,1,2.92539,1.70133,1.22406,0.02894,0.16755,1824,0,0,0,0,0.001,0,0,0,0,0,0,0,0,0,0,0,0,0,0,0,0,0,0,0,0,0,0,0,0,0,0,0,0,0,0,0,0,0,0.0992325,17.4249,74.9158,19.0829,62.6722,12.8601,578.665,607.475,0,-0.911295,0.148656,-0.383982,0.999984,0.320998,0.567808,0.538462,0.7,1008.88,1353.24,2121.78,2787.42,314.334,900.707,2049.88,113.105,2800.32,210.22,357.849,-0.767963,1.03455,0.674997,-0.74672,0,0,0,0,0,0.0775194,93.3159,82.0096,0.950276,0.986001,364.869,1167.62,353.049,1107.41,636.177,1912.67,1219.55,4669.46,0.013173
1691509928663997036,2479,1715,752,0.691811,18.204,37.4594,61.5655,80.3494,164.64,-4.00454,356.453,702.482,1169.99,1450.88,1107.4,4591.17,11876.5,18286.1,1380.98,3060.35,2375.19,626.819,478.66,791.683,114998,10581.1,16019.4,12.5546,12.3196,0,0,0.0920113,0,42.5764,157.759,214.599,967.812,5933.72,8702.93,0.0586995,0.0079989,7,6,12,0.666667,1,2.61397,1.50128,1.11269,0.0211142,0.227103,1715,0,0,0,0,0.001,0,0,0,0,0,0,0,0,0,0,0,0,0,0,0,0,0,0,0,0,0,0,0,0,0,0,0,0,0,0,0,0,0,0.0600583,23.4594,98.5265,18.1222,59.8731,11.5035,546.798,583.698,0,-0.914392,0.145515,-0.377773,0.999971,0.436392,0.119469,0.612903,0.76,1017.27,1330.25,2047.31,2707.28,317.043,922.853,2029.1,103.128,2537.09,204.014,368.079,0.449607,2.74123,-0.338644,-2.80245,0,0,0,0,0,0.0423558,107.865,75.5175,0.912621,0.989454,472.732,1450.2,350.885,1138.95,811.589,2484.33,1131.41,4855.54,0.0129714
1691509928767319639,2335,1668,648,0.714347,17.3233,35.6926,60.3952,74.2305,145.481,-3.83594,344.33,690.225,1192.69,1428.5,1029.39,4633.24,12552.6,26360,1421.02,3348.17,2240.82,627.994,422.085,850.475,111959,12152.5,18196.5,4.83221,3.91647,0,0,0.108544,0,33.2441,164.496,199.278,1098.14,6487.55,10213.8,0.00171901,0.000611884,6,5,12,0.705882,1,2.57712,1.59574,0.981385,0.0256104,0.195968,1668,0,0,0,0,0.001,0,0,0,0,0,0,0,0,0,0,0,0,0,0,0,0,0,0,0,0,0,0,0,0,0,0,0,0,0,0,0,0,0,0.057554,25.9467,87.3558,16.8374,58.7118,10.4302,542.541,575.029,0,0.913291,-0.145432,0.380458,0.999996,0.1663,0.280696,0.5625,0.72,964.042,1347,2099.06,2682.32,318.301,903.257,2043.71,123.451,2900.38,198.46,338.523,-0.655343,-0.346361,0.169557,0.352717,0,0,0,0,0,0.0411135,100.862,71.6305,0.947917,0.994275,464.237,1325.7,340.58,1184.59,787.816,2303.23,1063.73,4793.49,0.00808821
1691509928870341404,2209,1581,615,0.715708,18.6203,35.2085,61.8529,75.9119,134.909,-4.8222,351.306,738.13,1110.37,1360.84,1100.63,4979.15,12805,19404,1514.11,3630.35,2342.49,533.165,502.465,856.401,110674,11826.4,17071.8,6.74313,6.72819,0,0,0.106858,0,36.4075,133.052,142.296,966.335,5235.08,10558.6,0.00490596,0.00145149,5,4,11,0.733333,1,2.47086,1.50068,0.970176,0.0293514,0.245977,1581,0,0,0,0,0.001,0,0,0,0,0,0,0,0,0,0,0,0,0,0,0,0,0,0,0,0,0,0,0,0,0,0,0,0,0,0,0,0,0,0.0417457,31.89,97.063,18.4273,60.5573,10.4825,544.005,580.512,0,0.912328,-0.146493,0.382358,0.999997,0.136384,0.153783,0.652893,0.79,960.445,1344.68,2024.35,2907.22,324.3,875.863,2018.82,113.779,3031.51,146.352,309.202,-0.723836,-0.500811,0.524794,0.660957,0,0,0,0,0,0.0298778,111.712,73.2857,0.924242,0.989439,416.034,1050.56,349.996,1114.34,724.372,1846.7,1122.28,5259,0.00524958
1691509928973803880,2280,1630,633,0.714912,18.0562,36.1425,64.7713,79.9474,130.268,-5.47887,333.015,681.487,1093.84,1349.91,993.248,4487.85,12369.6,22380.8,1524.91,3005.18,2195.07,530.939,483.855,761.356,111478,10682.6,15952.4,2.97749,2.72806,0,0,0.0958264,0,36.0315,143.426,161.169,983.323,5566.89,9061.6,0.00656289,0.00128648,4,4,8,0.666667,1,2.50966,1.45892,1.05074,0.0193571,0.28738,1630,0,0,0,0,0.001,0,0,0,0,0,0,0,0,0,0,0,0,0,0,0,0,0,0,0,0,0,0,0,0,0,0,0,0,0,0,0,0,0,0.0453988,13.3103,52.8231,18.3142,65.2016,10.3346,550.636,594.029,0,0.909629,-0.149619,0.387542,0.999978,0.379717,0.274569,0.639344,0.78,1002.21,1335.22,2050.58,2943.46,325.44,910.184,2015.86,101.922,2765.3,158.352,324.236,-0.747852,-0.915003,0.183874,0.473889,0,0,0,0,0,0.0434211,73.0142,80.1419,1,0.985219,300.791,1196.89,333.98,1090.64,532.226,2105.97,1016.39,4582.25,0.00657358
1691509929076400088,2409,1801,598,0.747613,17.783,36.4801,60.7781,78.5213,132.144,-4.46333,333.633,699.558,1130.4,1402.97,979.059,4561.89,11697.9,21511.6,1657.42,3066.63,2262.65,542.69,575.786,786.855,115989,11972.5,17597.3,9.70027,9.75922,0,0,0.103221,0,53.3544,148.899,209.987,1061.2,5596.5,10527.3,0.00625818,0.00201603,5,5,10,0.666667,1,2.94577,1.81315,1.13261,0.0232681,0.17996,1801,0,0,0,0,0.001,0,0,0,0,0,0,0,0,0,0,0,0,0,0,0,0,0,0,0,0,0,0,0,0,0,0,0,0,0,0,0,0,0,0.0694059,11.2963,40.0049,18.6038,62.5403,11.5609,552.629,603.81,0,-0.911553,0.149366,-0.383093,0.999988,0.278101,0.15242,0.652893,0.79,981.494,1332.47,2118.06,2882.84,314.428,852.07,2031.67,109.459,2690.77,167.604,363.145,0.162002,1.55082,-0.281597,-1.09661,0,0,0,0,0,0.0593607,53.438,80.3796,1,0.977924,286.728,998.681,337.159,1137.86,471.764,1717.63,1013.47,4798.6,0.00835467
1691509929177019210,2254,1662,572,0.737356,18.4254,38.0634,63.8434,81.6093,144.096,-3.99914,356.605,746.013,1167.64,1450.87,1100.14,4639.43,12434.1,24767,1781.23,3052.73,2368.58,500.117,620.481,821.082,119459,11749.2,18073.9,3.69205,5.45408,0,0,0.098354,0,48.3577,145.149,232.809,1243.66,7233.34,9170.54,0.00142662,0.00035483,5,5,8,0.615385,1,2.84383,1.72033,1.1235,0.0267391,0.150361,1662,0,0,0,0,0.001,0,0,0,0,0,0,0,0,0,0,0,0,0,0,0,0,0,0,0,0,0,0,0,0,0,0,0,0,0,0,0,0,0,0.0703971,10.927,43.0833,19.0191,66.9948,12.8374,596.289,630.873,0,0.910547,-0.146871,0.386435,0.999991,0.245797,0.203928,0.639344,0.78,976.877,1385,2124.4,2879.11,304.01,807.666,2026.12,116.223,2933.11,189.233,313.372,0.0549752,-1.10562,-0.175287,1.07892,0,0,0,0,0,0.0519077,53.4763,82.5023,0.991453,0.984466,239.847,1060.76,374.175,1170.79,403.24,1804.34,1154.81,4824.61,0.00618264
1691509929278051169,2124,1632,490,0.768362,19.1662,36.2274,59.9358,77.615,132.704,-3.4879,322.616,658.629,1100.27,1412.83,1009.4,4764.59,11966.5,20564.5,1617.93,3146.42,2489.05,471.198,575.055,791.517,125899,10172,15417.2,9.46786,8.45924,0,0,0.0807948,0,43.2245,116.517,170.539,1088.37,5539.63,8458.89,0.000528014,0.000114344,4,4,8,0.666667,1,2.83354,1.83385,0.999691,0.0247039,0.405133,1632,0,0,0,0,0.001,0,0,0,0,0,0,0,0,0,0,0,0,0,0,0,0,0,0,0,0,0,0,0,0,0,0,0,0,0,0,0,0,0,0.0759804,9.94203,36.4389,19.9789,62.101,12.3882,604.163,636.449,0,0.908935,-0.146236,0.390451,0.99999,0.250616,0.0569323,0.73913,0.85,954.16,1415.24,2177.57,2825.85,299.705,802.318,2121.83,109.919,3142.12,123.388,297.533,0.104841,-2.25865,0.566689,1.95265,0,0,0,0,0,0.0583804,47.4386,78.6954,1,0.986737,202.142,846.917,337.594,1137.58,351.409,1435.93,1079.9,4904.3,0.00494837
1691509929378612094,2078,1628,447,0.783446,20.808,37.1691,61.6122,77.7735,135.986,-3.97434,327.008,669.417,1140.85,1390.17,1000.54,4693.4,12855.5,25320.4,1522.14,2866.51,2675.2,532.337,568.611,750.817,132194,11787.4,17121.4,8.58054,8.54731,0,0,0.0891673,0,52.5146,110.586,158.144,884.404,5563.71,10352.1,0.200894,0.00734154,7,7,11,0.611111,1,2.88398,1.81597,1.06801,0.0306797,0.251878,1628,0,0,0,0,0.001,0,0,0,0,0,0,0,0,0,0,0,0,0,0,0,0,0,0,0,0,0,0,0,0,0,0,0,0,0,0,0,0,0,0.0638821,9.04948,27.8771,21.866,62.5441,12.0906,635.124,657.786,0,0.910166,-0.146125,0.387615,0.999995,0.177279,0.557105,0.709402,0.83,949.921,1415.28,2128.24,2809.84,292.957,806.833,2044.08,97.7289,3864.97,145.008,241.227,-0.323442,-1.19045,0.155144,1.16303,0,0,0,0,0,0.0500481,43.1815,79.0924,1,0.981627,250.968,844.152,335.733,1175.99,410.412,1382.81,1084.62,4863.27,0.00348534
1691509929477929763,1961,1402,544,0.714941,21.9791,40.0781,66.2775,80.9201,149.746,-7.45721,321.899,635.796,1142.08,1364.05,1055.02,4715.69,12315.4,20142.4,1993.4,2984.67,2506.79,504.792,525.996,828.07,134956,10281.3,15074.5,8.95554,9.12936,0,0,0.0761823,0,39.2104,90.9159,136.936,794.488,5154,8858.95,0.00465881,0.00148844,4,4,8,0.666667,1,3.01979,1.99063,1.02916,0.0382567,0.267744,1402,0,0,0,0,0.001,0,0,0,0,0,0,0,0,0,0,0,0,0,0,0,0,0,0,0,0,0,0,0,0,0,0,0,0,0,0,0,0,0,0.0306705,12.3815,33.4455,22.5951,66.7854,14.6829,642.862,688.455,0,0.911279,-0.139655,0.387385,0.999978,0.376381,0.356281,0.6,0.75,977.464,1307.19,2154.09,2812.81,294.109,787.625,2041.37,97.2798,4287.82,108.246,170.021,0.192017,-0.878231,-0.184682,0.866255,0,0,0,0,0,0.0219276,49.51,81.3905,1,0.980132,271.517,754.305,323.924,1149.8,437.98,1218.72,1079.22,4908.2,0.00170949
1691509929576793468,2024,1319,694,0.65168,22.5937,41.064,65.5024,81.825,131.536,-7.71449,338.992,708.164,1119.47,1342.25,1050.56,4973.93,13262.6,27581,2170.53,2943.13,2605.71,520.987,504.711,838.813,133093,11243,16291.3,5.02541,2.83571,0,0,0.0844754,0,37.4147,81.2081,129.365,810.414,5413.75,9819.16,0.00753952,0.000783447,8,7,12,0.631579,1,3.75354,2.79506,0.958478,0.0379888,0.245679,1319,0,0,0,0,0.001,0,0,0,0,0,0,0,0,0,0,0,0,0,0,0,0,0,0,0,0,0,0,0,0,0,0,0,0,0,0,0,0,0,0.0235027,13.9017,24.2274,22.8193,65.6403,13.8125,651.141,700.047,0,0.909779,-0.142029,0.390038,0.999993,0.221288,0.00832935,0.6,0.75,1006.38,1428.66,2037.07,2792.24,299.508,771.848,1925.12,81.2458,4492.24,88.9891,175.649,0.187306,-0.482569,0.512778,0.32229,0,0,0,0,0,0.0153162,28.5633,82.6366,1,0.985248,201.535,535.195,347.053,1124.4,345.118,931.622,1078.46,5014.98,0.000729779
1691509929675523633,2115,1264,831,0.597636,23.4678,41.5101,67.073,80.4193,133.295,-10.0651,351.939,762.471,1182.84,1370.75,1174.41,5151.05,12088.3,24323.4,2691.07,2519.46,2697.88,547.858,562.462,916.617,135795,9363.84,14060.7,11.8392,10.9688,0,0,0.0689559,0,29.7654,82.881,169.341,923.674,4984.25,7870.78,0.00803658,0.0016746,5,4,9,0.692308,1,3.06536,2.12328,0.942083,0.0215262,0.163038,1264,0,0,0,0,0.001,0,0,0,0,0,0,0,0,0,0,0,0,0,0,0,0,0,0,0,0,0,0,0,0,0,0,0,0,0,0,0,0,0,0.00474684,13.8755,24.3891,23.5612,67.1706,14.9836,664.526,708.49,0,0.909563,-0.14318,0.39012,0.999999,0.0673007,0.304953,0.626016,0.77,1059.76,1558.52,2216.18,2786.56,293.671,809.91,2035.74,106.312,4020.89,97.785,188.969,-0.0883838,-1.21006,0.633533,1.37262,0,0,0,0,0,0.00283688,26.7729,80.5706,1,0.989666,313.062,515.421,351.939,1184.82,520.276,892.368,1183.64,5168.15,0.000167239
1691509929771714851,2087,1224,849,0.586488,21.4589,40.6252,68.6894,83.1773,138.181,-5.65074,337.559,712.421,1179.74,1424.59,1097.52,4732.49,13220,29858.2,2393.69,2250.05,2576.32,545.564,570.073,859.141,126450,8792.52,13527.5,10.191,10.6106,0,0,0.0695337,0,37.6588,102.512,154.922,921.339,5588.46,6722.56,0.0533366,0.00551451,4,4,10,0.714286,1,2.81646,1.86604,0.950415,0.033178,0.621232,1224,0,0,0,0,0.001,0,0,0,0,0,0,0,0,0,0,0,0,0,0,0,0,0,0,0,0,0,0,0,0,0,0,0,0,0,0,0,0,0,0.00408497,13.211,26.7124,21.5377,68.7572,12.0748,600.124,635.801,0,0.909558,-0.14749,0.388525,0.999989,0.263279,0.0375938,0.652893,0.79,1008.25,1479.91,2110.88,2777.13,293.142,834.012,2055.64,94.8594,4235.64,108.197,167.619,0.0174065,-2.22328,0.335928,1.81933,0,0,0,0,0,0.00239578,27.0443,83.262,1,0.97703,81.6466,187.619,338.788,1181.06,142.024,314.998,1100.91,4752.29,1.67631e-05
1691509929868251145,2152,1334,792,0.619888,21.7257,39.3601,62.0331,78.863,145.788,-5.6931,370.759,736.054,1246.74,1439.43,1234.73,5007.2,15046.2,25558.3,2955.77,2508.85,2765.23,590.409,597.202,873.724,132784,12256,18187.2,6.78087,6.31216,0,0,0.0922998,0,50.251,91.9495,197.287,1218.01,6034.29,10595.4,0.000990627,0.000171641,4,3,9,0.75,1,3.13528,2.2099,0.925385,0.0302347,0.166397,1334,0,0,0,0,0.001,0,0,0,0,0,0,0,0,0,0,0,0,0,0,0,0,0,0,0,0,0,0,0,0,0,0,0,0,0,0,0,0,0,0,0,0,21.7257,62.0331,15.6981,620.161,671.141,0,0.909945,-0.146284,0.388075,0.999999,0.0770116,0.661574,0.587302,0.74,972.37,1496.07,2137.72,3042.7,285.041,837.861,2051.64,100.515,2699.31,161.448,352.508,-0.47905,-1.64527,0.631753,1.62062,0,0,0,0,0,0,0,78.863,0,0.986507,0,0,370.759,1246.74,0,0,1234.73,5007.2,0
1691509929964787978,2149,1413,713,0.657515,21.9294,40.3511,62.9247,77.518,150.287,-8.50543,354.316,679.139,1103.41,1387.42,1146.49,4752.93,12327.3,36913.7,2317.16,2389.75,2704.04,557.225,578.656,702.744,134379,10689.8,15793,2.95533,2.99869,0,0,0.0795494,0,47.9158,84.7722,160.649,873.533,5508.72,9117.44,0.0357414,0.00164566,7,7,11,0.611111,1,3.56487,2.60384,0.961027,0.0227254,0.340894,1413,0,0,0,0,0.001,0,0,0,0,0,0,0,0,0,0,0,0,0,0,0,0,0,0,0,0,0,0,0,0,0,0,0,0,0,0,0,0,0,0,0,0,21.9294,62.9247,16.84,624.546,665.614,0,0.909666,-0.145995,0.388836,1,0.0492925,0.583665,0.574803,0.73,951.599,1321.22,2162.37,2772.48,273.495,806.649,2094.63,96.59,4000.11,131.369,214.805,-0.0529708,-1.51769,0.616403,1.38202,0,0,0,0,0,0,0,77.518,0,0.987969,0,0,354.316,1103.41,0,0,1146.49,4752.93,0
1691509930063050560,2208,1458,727,0.660326,22.2679,40.2706,58.2905,75.8251,141.45,-9.90351,354.43,714.64,1202.93,1461.62,1101.38,4897.05,11952.9,22400.3,2323.89,2456.38,2407.09,561.18,593.263,863.874,135726,9483.83,14647.2,10.3397,10.1774,0,0,0.069875,0,48.8049,90.992,199.057,1301.52,5160.07,7846.81,0.0197433,0.00204672,6,6,12,0.666667,1,3.12646,2.18167,0.944792,0.0347036,0.205861,1458,0,0,0,0,0.001,0,0,0,0,0,0,0,0,0,0,0,0,0,0,0,0,0,0,0,0,0,0,0,0,0,0,0,0,0,0,0,0,0,0,0,0,22.2679,58.2905,17.0347,638.118,678.847,0,0.910331,-0.148305,0.386398,0.999994,0.196161,0.412894,0.612903,0.76,1001.69,1400.84,2204.93,2812.91,277.052,836.362,2096.23,99.7323,3063.81,145.999,335.737,-0.21274,-4.15718,1.3524,3.85097,0,0,0,0,0,0,0,75.8251,0,0.991084,0,0,354.43,1202.93,0,0,1101.38,4897.05,0
1691509930161562150,2108,1317,778,0.624763,22.5708,39.961,59.6065,74.6941,133.803,-10.9273,383.49,750.105,1196.77,1448.29,1185.96,4854.62,12614.7,30787.6,2291.69,2906.82,2397.29,602.287,591.406,873.077,138365,10490.1,15559.3,9.08629,4.74631,0,0,0.0758144,0,48.7021,90.5032,157.644,1169.73,4885.76,9206.93,0.000183515,7.45856e-05,4,4,11,0.733333,1,3.48361,2.6372,0.846418,0.0278374,0.206543,1317,0,0,0,0,0.001,0,0,0,0,0,0,0,0,0,0,0,0,0,0,0,0,0,0,0,0,0,0,0,0,0,0,0,0,0,0,0,0,0,0,0,0,22.5708,59.6065,17.5181,625.048,667.433,0,0.91111,-0.145866,0.385489,0.999996,0.155671,0.447476,0.6,0.75,981.506,1361.83,2144.1,2945.68,282.033,815.068,2073.87,102.705,4016.26,134.336,272.382,-1.18698,-6.49757,0.433868,0.245916,0,0,0,0,0,0,0,74.6941,0,0.993926,0,0,383.49,1196.77,0,0,1185.96,4854.62,0
1691509930262837547,2355,1303,1031,0.553291,21.1843,38.2007,60.8902,73.1643,106.983,-9.3357,359.189,701.825,1212.03,1450.87,1086.15,4906.55,13090,23972.6,2115.5,3152.66,2463.54,554.68,603.971,852.912,133177,9363.85,14255.8,1.8538,3.92526,0,0,0.0703115,0,49.8444,80.6854,126.227,1066.41,5263.7,7668.96,0.000430294,0.000217138,4,4,8,0.666667,1,3.65371,2.86971,0.784002,0.0300842,0.31554,1303,0,0,0,0,0.001,0,0,0,0,0,0,0,0,0,0,0,0,0,0,0,0,0,0,0,0,0,0,0,0,0,0,0,0,0,0,0,0,0,0,0,0,21.1843,60.8902,13.9792,609.374,658.647,0,0.910421,-0.14754,0.386478,0.999998,0.118171,0.380675,0.574803,0.73,981.584,1494.45,2197.53,3020.37,285.052,787.01,2034.04,103.523,4680.75,109.885,245.106,-0.971425,-0.0695208,0.120198,0.373865,0,0,0,0,0,0,0,73.1643,0,0.996163,0,0,359.189,1212.03,0,0,1086.15,4906.55,0
1691509930364808063,2270,1461,794,0.643612,21.501,37.4961,55.9877,71.2405,119.983,-7.84481,366.967,712.2,1190.6,1461.05,1108.04,4728.53,12536.4,31847.9,1949.18,2922.15,2495.47,554.349,614.69,837.246,132655,10672.3,16030.2,7.89317,4.49147,0,0,0.0804517,0,65.5311,104.8,207.01,1077.74,5490.29,9084.87,0.0047209,0.000877723,3,2,11,0.846154,1,3.16973,2.32818,0.84155,0.0269687,0.133462,1461,0,0,0,0,0.001,0,0,0,0,0,0,0,0,0,0,0,0,0,0,0,0,0,0,0,0,0,0,0,0,0,0,0,0,0,0,0,0,0,0,0,0,21.501,55.9877,12.1749,613.02,645.805,0,0.911555,-0.143561,0.385303,0.999991,0.246394,0.760909,0.639344,0.78,904.221,1393.43,2033.24,2569.99,282.985,768.028,1977.36,104.436,3037.16,185.588,324.692,-0.613285,-0.863025,0.0203318,0.706763,0,0,0,0,0,0,0,71.2405,0,0.995893,0,0,366.967,1190.6,0,0,1108.04,4728.53,0
1691509930465752913,2364,1437,913,0.607868,20.4476,36.4139,58.6476,70.3778,121.021,-4.46664,324.893,634.538,1135.87,1415.85,1022.06,4445.8,12397.6,21571.6,1515.86,2773.29,2273.32,501.302,596.401,730.51,129131,9091.98,13686.2,6.46589,3.77892,0,0,0.0704092,0,53.9687,72.7604,129.339,1038.69,4648.69,7742.74,0.00115866,0.000226829,3,3,8,0.727273,1,2.91558,2.10404,0.811539,0.0201002,0.289817,1437,0,0,0,0,0.001,0,0,0,0,0,0,0,0,0,0,0,0,0,0,0,0,0,0,0,0,0,0,0,0,0,0,0,0,0,0,0,0,0,0.00904662,17.9365,30.8852,20.5162,58.9174,11.0221,558.106,599.872,0,0.911711,-0.140431,0.386086,0.999995,0.185084,0.037307,0.6,0.75,913.546,1350.65,2032.59,2471.21,295.562,818.654,1982.32,117.53,3040.51,112.302,279.255,-0.259486,0.137154,0.549492,-0.642943,0,0,0,0,0,0.00549915,34.5355,70.7279,1,0.997191,199.71,740.956,326.025,1145.45,281.051,1070.93,1029.53,4463.33,0.000328601
1691509930567388153,2377,1464,902,0.615902,19.4348,36.7587,55.8093,69.101,122.16,-5.40462,344.438,656.812,1130.49,1404.87,1019.87,4623.35,11574.1,30376.6,1444.88,3043.75,2368.47,525.202,558.881,751.054,126032,9109.62,13851.5,3.66604,2.90416,0,0,0.0722803,0,57.1851,73.2306,133.879,1132.13,4793.7,7661.42,0.00162692,0.000487559,4,4,8,0.666667,1,2.69184,1.8963,0.795541,0.0238923,0.186409,1464,0,0,0,0,0.001,0,0,0,0,0,0,0,0,0,0,0,0,0,0,0,0,0,0,0,0,0,0,0,0,0,0,0,0,0,0,0,0,0,0,0,0,19.4348,55.8093,10.1299,525.749,566.121,0,0.912262,-0.140739,0.384671,0.999999,0.0888127,0.231321,0.5625,0.72,898.826,1210.76,1964.58,2478.69,295.918,808.393,1957.22,121.221,3573.16,102.32,282.869,-0.811167,-0.476401,0.374683,0.196304,0,0,0,0,0,0,0,69.101,0,0.997951,0,0,344.438,1130.49,0,0,1019.87,4623.35,0
1691509930670173004,2505,1510,974,0.602794,18.903,35.0168,54.9734,67.5392,133.161,-2.42912,329.397,615.382,1087.22,1367.49,971.684,4365.26,10668.9,19319.5,1348.95,2491.15,2301.57,474.895,613.698,735.359,121084,7752.9,12017.4,6.39058,6.58778,0,0,0.064029,0,50.6432,72.8656,131.542,951.244,4798.27,6012.82,0.0050271,0.00107918,9,8,14,0.636364,1,2.73303,1.93646,0.796571,0.0292829,0.251107,1510,0,0,0,0,0.001,0,0,0,0,0,0,0,0,0,0,0,0,0,0,0,0,0,0,0,0,0,0,0,0,0,0,0,0,0,0,0,0,0,0.00397351,9.70974,19.8895,18.9597,54.9925,13.079,532.293,574.628,0,0.911247,-0.138864,0.387744,0.999993,0.214302,0.201596,0.574803,0.73,844.916,1179.88,2031.6,2456.27,285.746,779.786,2007.05,92.8381,3059.56,105.466,283.118,-0.649414,-1.13217,1.0181,1.11847,0,0,0,0,0,0.00359281,22.5694,67.561,1,0.994681,128.835,534.606,329.793,1087.39,204.851,790.678,978.753,4369.65,0.000141138
1691509930773842040,2406,1525,866,0.633832,20.0346,33.6982,54.6569,68.5968,130.18,-4.32532,328.263,628.779,1081.03,1409.26,995.86,4453.47,10668.9,18860.7,1496.15,2611.62,2235.34,491.113,594.224,735.957,119578,8080.66,12393.7,6.99367,5.30644,0,0,0.0675765,0,53.901,86.4974,135.011,929.475,4643.08,6545.71,0.000220774,0.000172245,5,5,8,0.615385,1,2.78495,1.98933,0.79562,0.0174695,0.43397,1525,0,0,0,0,0.001,0,0,0,0,0,0,0,0,0,0,0,0,0,0,0,0,0,0,0,0,0,0,0,0,0,0,0,0,0,0,0,0,0,0,0,0,20.0346,54.6569,13.2727,540.513,595.214,0,0.910866,-0.138035,0.388933,0.999999,0.0858695,0.575584,0.666667,0.8,895.775,1188.08,2096.67,2497.26,285.649,775.512,2024.72,123.313,4315.03,110.564,239.068,-1.05098,0.202212,0.341111,0.181147,0,0,0,0,0,0,0,68.5968,0,0.998033,0,0,328.263,1081.03,0,0,995.86,4453.47,0
1691509930875400805,2484,1655,816,0.666264,17.2958,32.347,54.9943,70.6211,120.809,-3.29496,317.28,635.948,1060.67,1424.94,927.182,4126.9,12092.2,26403.4,1537.66,2583.26,2228.81,462.41,592.587,746.465,120691,9716.31,14799,7.64014,7.15634,0,0,0.0805058,0,53.3364,81.4263,160.634,1034.04,5597.26,7872.28,0.00502135,0.00118498,5,4,9,0.692308,1,2.89273,2.05737,0.835367,0.0364095,0.18431,1655,0,0,0,0,0.001,0,0,0,0,0,0,0,0,0,0,0,0,0,0,0,0,0,0,0,0,0,0,0,0,0,0,0,0,0,0,0,0,0,0,0,0,17.2958,54.9943,13.0443,548.947,585.009,0,0.912888,-0.141603,0.382862,0.999973,0.419767,0.700748,0.538462,0.7,867.1,1266.58,2107.46,2746.89,287.642,788.242,1995.66,125.762,2897.33,105.842,319.952,-0.338233,-1.3979,0.329329,1.40493,0,0,0,0,0,0,0,70.6211,0,0.996375,0,0,317.28,1060.67,0,0,927.182,4126.9,0
1691509930977974312,2404,1530,860,0.636439,19.8516,35.4886,57.2221,71.6514,135.138,-3.90849,343.839,687.204,1142.92,1462.37,1099.68,4437.69,12368,22174.2,1805.49,2763.46,2277.21,485.678,615.119,794.094,124673,9429.99,14807.9,20.6392,6.01539,0,0,0.0756376,0,46.3464,140.322,175.707,1294.94,5972.81,7177.79,0.000636783,0.00014913,3,3,10,0.769231,1,2.95894,2.09623,0.862701,0.0267118,0.568673,1530,0,0,0,0,0.001,0,0,0,0,0,0,0,0,0,0,0,0,0,0,0,0,0,0,0,0,0,0,0,0,0,0,0,0,0,0,0,0,0,0,0,0,19.8516,57.2221,13.6928,567.914,594.393,0,0.910988,-0.141529,0.38739,0.999988,0.281366,0.0660784,0.587302,0.74,879.223,1261.97,2233,2485.95,282.057,790,2149.25,97.6587,3136.91,149.782,311.734,-0.718422,-4.57219,-0.28821,1.01243,0,0,0,0,0,0,0,71.6514,0,0.99281,0,0,343.839,1142.92,0,0,1099.68,4437.69,0
1691509931078934130,2423,1547,859,0.638465,20.659,36.8931,57.9219,72.9137,125.95,-3.5481,355.041,729.141,1143.67,1392.51,1087.56,4492.3,11587,19599.4,1888.53,2868.1,2362.83,450.713,651.134,827.701,130612,9410.1,14585.2,5.69729,3.91426,0,0,0.072046,0,52.1022,96.3921,174.651,1234.57,5482.97,7544.56,0.00586543,0.00049607,6,6,11,0.647059,1,3.68224,2.76177,0.920472,0.031003,0.233749,1547,0,0,0,0,0.001,0,0,0,0,0,0,0,0,0,0,0,0,0,0,0,0,0,0,0,0,0,0,0,0,0,0,0,0,0,0,0,0,0,0,0,0,20.659,57.9219,13.4141,580.877,613.709,0,0.910466,-0.14116,0.388749,0.999999,0.0860781,0.0129628,0.587302,0.74,911.58,1187.12,2234.24,2556.1,286.012,789.505,2051.19,100.775,2902.58,105.185,302.255,0.557347,-2.71155,0.840261,1.84474,0,0,0,0,0,0,0,72.9137,0,0.994182,0,0,355.041,1143.67,0,0,1087.56,4492.3,0
1691509931177041543,2377,1565,796,0.658393,21.294,37.5033,58.577,72.4189,122.417,-1.02378,335.5,674.598,1137.7,1374.48,1017.92,4077.71,11390.4,20924.1,1858.44,2580.77,2203.81,464.335,555.915,818.096,125160,8553.31,13071.7,9.07432,9.6465,0,0,0.0683392,0,47.2668,88.1563,192.179,1092.95,4403.87,7247.31,0.0249806,0.00556573,5,5,12,0.705882,1,3.19696,2.26084,0.936125,0.032519,0.34469,1565,0,0,0,0,0.001,0,0,0,0,0,0,0,0,0,0,0,0,0,0,0,0,0,0,0,0,0,0,0,0,0,0,0,0,0,0,0,0,0,0,0,0,21.294,58.577,18.9102,595.059,643.031,0,0.90983,-0.142399,0.389785,0.999998,0.0994176,0.630794,0.666667,0.8,914.152,1227.61,2234.6,2660.47,278.073,767.354,2044.8,102.393,3894.15,96.1807,210.439,-0.173979,-1.67649,0.505521,1.55266,0,0,0,0,0,0,0,72.4189,0,0.99361,0,0,335.5,1137.7,0,0,1017.92,4077.71,0
1691509931274417387,2389,1636,745,0.684805,20.8737,38.1857,60.7722,74.2172,123.701,-2.4823,331.639,642.424,1089.8,1326.7,979.84,4218.15,12403.7,25103.3,1773.43,2423.84,2180.9,470.92,584.64,760.319,128877,9928.1,15350.8,8.08604,9.44426,0,0,0.0770355,0,49.0882,83.8044,178.961,1160.04,6280.41,7598.46,0.0177515,0.0026974,5,5,8,0.615385,1,3.35472,2.30864,1.04609,0.0317171,0.147259,1636,0,0,0,0,0.001,0,0,0,0,0,0,0,0,0,0,0,0,0,0,0,0,0,0,0,0,0,0,0,0,0,0,0,0,0,0,0,0,0,0,0,0,20.8737,60.7722,19.6699,615.364,648.966,0,0.909532,-0.138666,0.39182,0.999991,0.244162,0.170564,0.666667,0.8,937.231,1247.25,2252.94,2715.7,274,785.658,2044.09,110.347,3700.53,96.9863,244.419,0.454411,-2.36555,0.0513157,2.26554,0,0,0,0,0,0,0,74.2172,0,0.988386,0,0,331.639,1089.8,0,0,979.84,4218.15,0
1691509931372496426,2356,1553,790,0.659168,22.4127,38.945,63.5917,75.8851,141.024,-4.01149,353.539,703.031,1095.81,1343.07,1108.16,4442.54,12664.1,21001.1,1854.73,2601.08,2188.97,517.248,557.723,792.825,131427,9779.43,15091.6,7.62136,8.6578,0,0,0.0744098,0,47.8816,87.352,161.383,1213.32,5816.48,7765.16,0.0154722,0.00312069,5,4,13,0.764706,1,3.97485,2.94164,1.03321,0.0192284,0.137614,1553,0,0,0,0,0.001,0,0,0,0,0,0,0,0,0,0,0,0,0,0,0,0,0,0,0,0,0,0,0,0,0,0,0,0,0,0,0,0,0,0.00128783,9.10731,12.5065,22.4464,63.6284,18.7239,629.507,657.769,0,0.910387,-0.13521,0.391043,0.999993,0.208812,0.090894,0.666667,0.8,922.522,1245.51,2232.35,2736.2,268.555,778.689,2025.88,108.718,3536.48,103.502,248.462,0.725299,-1.83063,-0.166111,1.97659,0,0,0,0,0,0.000848896,12.9314,75.8879,1,0.991618,191.468,326.948,353.539,1095.88,259.113,442.559,1112.39,4451.63,1.5866e-05
1691509931469971231,2232,1498,716,0.671147,21.3043,40.4776,62.6,76.5857,130.905,-2.36069,346.543,693.327,1114.87,1364.55,1112.58,4560.58,11831.8,17109.4,2113.54,2665.21,2393.22,500.67,589.864,804.136,133111,8340.45,13177.1,43.3556,6.35403,0,0,0.0626578,0,46.0975,78.0453,166.076,1320.22,5115.82,6450.8,0.000273024,4.07998e-05,2,2,8,0.8,1,3.86187,2.84022,1.02165,0.0311685,0.210518,1498,0,0,0,0,0.001,0,0,0,0,0,0,0,0,0,0,0,0,0,0,0,0,0,0,0,0,0,0,0,0,0,0,0,0,0,0,0,0,0,0,0,0,21.3043,62.6,18.0884,615.295,657.617,0,0.908395,-0.138563,0.394486,0.999986,0.298123,0.274197,0.612903,0.76,924.567,1238.81,2057.03,2714.21,275.557,763.179,1981.75,102.685,3873.49,91.8928,226.83,-0.820551,-6.04856,0.0241827,-0.100119,0,0,0,0,0,0,0,76.5857,0,0.983979,0,0,346.543,1114.87,0,0,1112.58,4560.58,0
1691509931567305201,2270,1414,839,0.622907,24.6851,42.1627,62.5007,77.0907,125.806,-1.88496,363.72,716.054,1147.5,1405.38,1205.27,4617.31,11592.3,19460.2,2244.28,2537.27,2353.52,497.34,609.809,782.951,133790,8874.54,13717.7,6.02299,6.32205,0,0,0.0663316,0,55.8348,79.5656,151.148,1286.14,4783.91,7361.06,0.00480299,0.000935838,5,4,9,0.692308,1,4.26399,3.25097,1.01302,0.0298171,0.34009,1414,0,0,0,0,0.001,0,0,0,0,0,0,0,0,0,0,0,0,0,0,0,0,0,0,0,0,0,0,0,0,0,0,0,0,0,0,0,0,0,0,0,0,24.6851,62.5007,16.1536,615.049,671.798,0,-0.90832,0.135864,-0.395596,0.999996,0.167256,0.213287,0.680672,0.81,995.151,1366.8,2121.53,2693.84,279.973,794.731,2071.34,111.307,3966.6,92.2367,243.282,0.54604,0.823963,-0.535536,-0.811075,0,0,0,0,0,0,0,77.0907,0,0.990099,0,0,363.72,1147.5,0,0,1205.27,4617.31,0
1691509931666686050,2353,1318,1019,0.560136,21.864,40.7822,63.0005,76.0964,121.691,-2.18576,361.689,792.488,1224.86,1418.29,1222.29,5006.89,14079,19579.6,2643.6,2820.07,2605.6,531.632,622.715,910.371,128678,10323.3,15903.6,7.89078,8.13822,0,0,0.0802264,0,38.8717,75.9252,161.131,1254.95,6271.01,8101.7,0.0147444,0.00230056,3,3,9,0.75,1,3.88661,2.99581,0.890803,0.0347376,0.335216,1318,0,0,0,0,0.001,0,0,0,0,0,0,0,0,0,0,0,0,0,0,0,0,0,0,0,0,0,0,0,0,0,0,0,0,0,0,0,0,0,0,0,0,21.864,63.0005,22.4433,608.729,668.828,0,-0.90858,0.137999,-0.394257,0.999997,0.145121,0.0670341,0.724138,0.84,1005.87,1429.49,2257.81,2829.24,275.583,826.014,2233.96,105.184,3840.67,89.8364,228.287,0.377539,3.85606,-0.00455265,-1.46275,0,0,0,0,0,0,0,76.0964,0,0.992413,0,0,361.689,1224.86,0,0,1222.29,5006.89,0
1691509931765533350,2287,1271,1001,0.55575,23.8114,44.4745,68.6935,81.7568,159.54,-2.39834,342.969,703.977,1135.94,1376.15,1125.58,4676.9,13892.3,23124.2,2421.33,2539.02,2341.8,474.951,585.069,856.866,130384,8920.54,13732.5,9.55545,9.48499,0,0,0.0684176,0,38.4404,71.6659,136.756,1042.53,5497.49,6945.61,0.0062138,0.00197866,6,6,10,0.625,1,3.92822,2.92226,1.00596,0.0175202,0.338919,1271,0,0,0,0,0.001,0,0,0,0,0,0,0,0,0,0,0,0,0,0,0,0,0,0,0,0,0,0,0,0,0,0,0,0,0,0,0,0,0,0,0,0,23.8114,68.6935,19.293,619.778,660.929,0,0.911531,-0.130347,0.390028,0.999957,0.528696,0.145269,0.769912,0.87,1052.36,1481.24,2249.92,2862.91,270.069,845.836,2167.23,98.424,3680.94,83.6206,203.246,0.52751,-0.0829791,0.237128,0.265026,0,0,0,0,0,0,0,81.7568,0,0.985838,0,0,342.969,1135.94,0,0,1125.58,4676.9,0
1691509931864056137,2117,1312,778,0.619745,20.6191,38.7635,61.2641,78.1014,137.454,-0.391748,356.737,725.356,1126.51,1371.77,1163.04,4721.85,12922.4,23718.1,2307.75,2521.02,2405.48,507.633,609.658,849.414,132426,8978.61,13597.2,11.9201,5.37027,0,0,0.067801,0,45.3196,73.4048,149.491,963.378,4917.14,7448.45,0.00317227,0.000513073,5,5,10,0.666667,1,3.5456,2.64703,0.89857,0.0362627,0.274644,1312,0,0,0,0,0.001,0,0,0,0,0,0,0,0,0,0,0,0,0,0,0,0,0,0,0,0,0,0,0,0,0,0,0,0,0,0,0,0,0,0,0,0,20.6191,61.2641,18.1341,618.877,661.989,0,0.909892,-0.130113,0.393913,0.999991,0.241981,0.226545,0.769912,0.87,1038.49,1477.75,2246.58,2718.24,273.065,856.155,2069.21,105.595,3288.04,104.096,228.373,0.909339,-3.33639,0.241812,0.75302,0,0,0,0,0,0,0,78.1014,0,0.98247,0,0,356.737,1126.51,0,0,1163.04,4721.85,0
1691509931964078122,2393,1355,1012,0.566235,20.0523,38.0236,59.3881,72.8017,134.076,-2.47243,378.616,719.669,1200.37,1424.16,1164.09,4502.43,12607.6,18988.7,2390.48,2425.87,2313.68,532.211,646.516,764.701,131881,8146.88,12921.1,7.51513,2.2418,0,0,0.0617743,0,54.5044,98.9027,193.415,1226.3,5210.79,6137.21,0.0041992,0.000211762,5,4,12,0.75,1,3.57237,2.74157,0.830803,0.0261641,0.0943326,1355,0,0,0,0,0.001,0,0,0,0,0,0,0,0,0,0,0,0,0,0,0,0,0,0,0,0,0,0,0,0,0,0,0,0,0,0,0,0,0,0,0,0,20.0523,59.3881,22.3904,621.383,674.227,0,0.910486,-0.132529,0.391729,0.999995,0.189657,0.27328,0.724138,0.84,1116.45,1590.33,2303.95,3002.43,268.137,905.585,2223.7,104.636,3524.65,173.269,241.305,-0.742378,-2.26915,0.697306,0.29421,0,0,0,0,0,0,0,72.8017,0,0.991882,0,0,378.616,1200.37,0,0,1164.09,4502.43,0
1691509932064578478,2308,1318,972,0.571057,21.2278,38.6733,65.0665,77.3821,130.505,-3.63811,417.367,801.391,1203.87,1389.58,1371.86,4850.91,10668.2,22131.3,2411.92,2695.88,2644,553.678,739.594,831.829,125343,8253.85,13273.9,29.0476,5.85957,0,0,0.0658501,0,43.6909,100.547,184.739,1510.25,5257.46,6177.24,0.000147606,4.09695e-05,2,2,8,0.8,1,3.60115,2.71298,0.888174,0.0268112,0.0342473,1318,0,0,0,0,0.001,0,0,0,0,0,0,0,0,0,0,0,0,0,0,0,0,0,0,0,0,0,0,0,0,0,0,0,0,0,0,0,0,0,0,0,0,21.2278,65.0665,21.8112,604.133,642.056,0,0.910274,-0.13405,0.391703,0.999999,0.087993,0.236163,0.709402,0.83,1155.97,1535.02,2382.15,2821.65,275.135,901.812,2283.87,99.666,3331.47,123.764,277.354,-1.01833,-5.91942,0.642431,0.807484,0,0,0,0,0,0,0,77.3821,0,0.986343,0,0,417.367,1203.87,0,0,1371.86,4850.91,0
1691509932166418694,2171,1196,950,0.550898,22.3648,39.2951,68.9174,81.0365,128.894,-6.00683,413.003,810.605,1250.57,1428.14,1389.3,4976.96,10357.7,27665.4,2525.63,2955.49,2529.37,544.534,751.331,823.603,123093,8248.94,13411.6,9.82399,5.28374,0,0,0.067014,0,41.4144,108.744,199.726,1726.65,5047.53,6287.51,0.000505898,0.00010069,4,4,8,0.666667,1,3.62955,2.77063,0.858924,0.021723,0.20198,1196,0,0,0,0,0.001,0,0,0,0,0,0,0,0,0,0,0,0,0,0,0,0,0,0,0,0,0,0,0,0,0,0,0,0,0,0,0,0,0,0,0,0,22.3648,68.9174,26.3085,614.294,662.397,0,0.908373,-0.129514,0.397599,0.999971,0.439925,0.0248391,0.694915,0.82,1133.91,1563.94,2276.43,2742.99,262.609,931.518,2171.07,101.472,3374.1,134.757,272.26,-0.646337,0.110897,-0.891065,0.143757,0,0,0,0,0,0,0,81.0365,0,0.989967,0,0,413.003,1250.57,0,0,1389.3,4976.96,0
1691509932267268097,2215,1212,976,0.547178,22.1555,41.2257,64.6357,80.1527,152.968,-3.60633,408.605,817.195,1239.2,1410.29,1344.71,4861.26,9840.03,24101.1,2440.71,2797.81,2643.36,531.631,762.158,776.533,118283,7245.14,11662.1,2.86721,5.0492,0,0,0.0612529,0,41.3311,97.7544,168.171,1307.99,4654.91,5391.98,0.000336035,5.99355e-05,3,3,8,0.727273,1,3.50371,2.60564,0.898072,0.0342302,0.247868,1212,0,0,0,0,0.001,0,0,0,0,0,0,0,0,0,0,0,0,0,0,0,0,0,0,0,0,0,0,0,0,0,0,0,0,0,0,0,0,0,0,0,0,22.1555,64.6357,20.5787,603.943,666.478,0,-0.911879,0.129664,-0.389441,0.999961,0.508842,0.291414,0.73913,0.85,1149.22,1510.72,2279.09,2738.94,274.717,929.262,2207.05,102.38,3633.03,138.104,253.413,-0.0513433,0.481964,-0.0057877,0.14895,0,0,0,0,0,0,0,80.1527,0,0.982673,0,0,408.605,1239.2,0,0,1344.71,4861.26,0
1691509932368184268,2309,1290,992,0.558683,21.7066,37.02,60.8355,79.2033,186.267,-5.61304,399.228,783.264,1183,1413.77,1290.94,4691.41,11042.9,28008.2,2319.92,2755.31,2477.07,503.727,737.192,818.506,113708,7973.6,12634.5,3.19617,3.30858,0,0,0.0701235,0,49.3241,88.0668,168.499,1277.03,4877.67,6173.91,0.011739,0.00083158,7,6,12,0.666667,1,3.31493,2.48267,0.832261,0.0265054,0.170889,1290,0,0,0,0,0.001,0,0,0,0,0,0,0,0,0,0,0,0,0,0,0,0,0,0,0,0,0,0,0,0,0,0,0,0,0,0,0,0,0,0,0,0,21.7066,60.8355,21.5461,599.077,641.377,0,0.9125,-0.132332,0.387083,0.999993,0.207122,0.117793,0.754386,0.86,1118.72,1504.2,2266.71,2732.99,275.739,939.826,2134.88,94.4427,3468.36,130.365,279.112,-0.335757,-1.28462,0.53224,1.1482,0,0,0,0,0,0,0,79.2033,0,0.989922,0,0,399.228,1183,0,0,1290.94,4691.41,0
1691509932469811158,2371,1331,1024,0.561367,19.6823,36.4698,58.8685,76.6441,143.473,-6.02768,392.477,758.757,1150.31,1346.95,1207.79,4718.09,10821.8,16874.1,2264.14,2536.75,2453.44,482.248,690.292,771.415,118391,7382.12,11693,3.56234,3.06198,0,0,0.0623539,0,44.2658,81.9761,166.843,1128.78,4668.22,5602.93,0.000881814,0.000189296,4,3,9,0.75,1,3.17476,2.34089,0.833872,0.0293534,0.177285,1331,0,0,0,0,0.001,0,0,0,0,0,0,0,0,0,0,0,0,0,0,0,0,0,0,0,0,0,0,0,0,0,0,0,0,0,0,0,0,0,0,0,0,19.6823,58.8685,21.3139,591.591,636.096,0,0.913006,-0.130572,0.386485,0.999998,0.110361,0.154397,0.724138,0.84,1082.92,1471.85,2096.31,2733.97,271.572,929.715,2025.01,91.9654,3406.28,119.684,249.544,0.418907,-0.771739,0.489664,0.522396,0,0,0,0,0,0,0,76.6441,0,0.985725,0,0,392.477,1150.31,0,0,1207.79,4718.09,0
1691509932571236177,2355,1333,1007,0.56603,19.9575,35.5848,58.0899,73.9126,140.442,-7.03234,359.903,754.217,1110.77,1339.67,1201.08,4768.46,9168.58,16794,2261.88,2755.9,2247.04,435.672,653.928,812.29,118946,6603.6,10557,3.0377,3.84734,0,0,0.0555179,0,46.8961,82.144,173.49,1123.18,4010.09,5121.15,0.00256432,0.000653432,5,4,9,0.692308,1,3.43217,2.64637,0.785797,0.0408701,0.107861,1333,0,0,0,0,0.001,0,0,0,0,0,0,0,0,0,0,0,0,0,0,0,0,0,0,0,0,0,0,0,0,0,0,0,0,0,0,0,0,0,0,0,0,19.9575,58.0899,23.8929,591.194,639.913,0,0.913024,-0.131899,0.385992,0.999999,0.0811306,0.10928,0.73913,0.85,1081.77,1416.24,2102.1,2730.87,276.674,912.341,2025.81,91.1068,3627.01,123.172,237.779,1.14534,-0.0485123,-0.344186,-0.242682,0,0,0,0,0,0,0,73.9126,0,0.990998,0,0,359.903,1110.77,0,0,1201.08,4768.46,0
1691509932672209420,2218,1345,866,0.606402,19.6998,36.0647,59.8295,72.6017,125.686,-6.08058,365.327,720.119,1134.73,1339.5,1179.86,4463.93,9417.4,18164.4,2246.55,2780.44,2170.84,435.339,635.144,826.26,116018,6699.79,10820.1,8.00006,7.9006,0,0,0.0577479,0,38.7586,95.7723,189.945,1211.28,4272.42,5011.96,0.0137441,0.00311327,5,5,12,0.705882,1,3.38735,2.55699,0.830358,0.0264818,0.116162,1345,0,0,0,0,0.001,0,0,0,0,0,0,0,0,0,0,0,0,0,0,0,0,0,0,0,0,0,0,0,0,0,0,0,0,0,0,0,0,0,0,0,0,19.6998,59.8295,21.4557,609.06,668.484,0,-0.911763,0.132502,-0.388756,0.999995,0.177419,0.0946397,0.754386,0.86,1082.19,1461.08,2104.35,2731.05,273.499,903.908,2014.67,107.327,3601.64,122.069,209.963,0.00954342,-0.371354,-0.569551,0.590005,0,0,0,0,0,0,0,72.6017,0,0.987361,0,0,365.327,1134.73,0,0,1179.86,4463.93,0
1691509932772737328,2150,1357,782,0.631163,20.4615,36.0199,59.311,71.9372,130.509,-6.96363,378.624,767.942,1133.88,1343.81,1209.19,4844.75,9275.34,21711.7,2313.07,2868.24,2335.24,445.17,673.747,839.541,113454,7695.44,12388.5,6.57703,8.47159,0,0,0.0678287,0,47.1404,102.793,196.506,1395.52,4800.33,5846.18,0.00462006,0.00217484,6,6,8,0.571429,1,3.40431,2.58976,0.814554,0.0268536,0.220525,1357,0,0,0,0,0.001,0,0,0,0,0,0,0,0,0,0,0,0,0,0,0,0,0,0,0,0,0,0,0,0,0,0,0,0,0,0,0,0,0,0,0,0,20.4615,59.311,22.7828,610.107,676.11,0,-0.909885,0.126019,-0.395258,0.999956,0.537026,0.0211405,0.73913,0.85,1086.26,1371.98,2115.86,2733.64,273.416,919.21,2013.98,97.4546,3592.96,126.996,238.692,-0.888434,-0.313018,0.318843,-0.0618376,0,0,0,0,0,0,0,71.9372,0,0.986735,0,0,378.624,1133.88,0,0,1209.19,4844.75,0
1691509932873276647,2179,1379,792,0.632859,20.171,36.1932,61.9823,77.0166,176.371,-5.36487,361.742,750.083,1087.75,1250.25,1186.28,4694.1,11258.2,16185.2,2230.96,2874.31,2333.59,449.61,642.296,822.259,114253,7637.02,12260.7,5.08451,8.0124,0,0,0.0668433,0,40.6025,85.7448,161.586,1414.8,4753.63,5804.34,0.0131496,0.00351455,3,2,11,0.846154,1,3.76379,2.86612,0.89767,0.023686,0.172427,1379,0,0,0,0,0.001,0,0,0,0,0,0,0,0,0,0,0,0,0,0,0,0,0,0,0,0,0,0,0,0,0,0,0,0,0,0,0,0,0,0,0,0,20.171,61.9823,23.3248,598.07,663.605,0,-0.911526,0.128562,-0.390631,0.999985,0.316818,0.102884,0.801802,0.89,1102.1,1413.07,2108.78,2729.82,273.057,913.124,2016.37,111.597,3728.71,102.953,211.021,-0.952175,0.639265,0.22723,-0.83968,0,0,0,0,0,0,0,77.0166,0,0.985497,0,0,361.742,1087.75,0,0,1186.28,4694.1,0
1691509932972473069,2133,1359,760,0.637131,19.8145,36.1733,58.8302,74.5486,135.339,-4.62624,361.361,695.802,1083.81,1277.51,1135.45,4370.47,9234.17,21780.9,2118.74,2590.18,1927.15,443.962,637.7,779.071,110864,6250.09,10149.6,53.2076,4.17726,0,0,0.0563763,0,42.6372,79.1528,171.472,1194.49,4124.24,4537.61,0.000125781,3.55258e-05,2,2,8,0.8,1,3.51292,2.69531,0.81761,0.0266403,0.169357,1359,0,0,0,0,0.001,0,0,0,0,0,0,0,0,0,0,0,0,0,0,0,0,0,0,0,0,0,0,0,0,0,0,0,0,0,0,0,0,0,0,0,0,19.8145,58.8302,20.8047,590.57,674.626,0,-0.911193,0.134241,-0.389495,0.999983,0.332333,0.148962,0.754386,0.86,1084.86,1354.81,2152.32,2725.64,273.028,914.777,2032.46,90.7543,3883.76,95.2319,233.776,0.370695,6.19866,0.0854439,0.129543,0,0,0,0,0,0,0,74.5486,0,0.987491,0,0,361.361,1083.81,0,0,1135.45,4370.47,0
1691509933071210230,2156,1427,719,0.661874,19.5832,34.5909,54.6766,72.5168,125.391,-4.81069,351.874,718.332,1072.63,1279.56,1122.28,4268.17,9798.55,18850.5,2231.33,2309.02,2125.73,417.961,654.025,790.785,112341,6768.9,11153.4,5.41795,6.24752,0,0,0.0602534,0,42.1388,94.3349,178.549,1541.56,4345.3,4951.5,0.00616488,0.00252571,5,5,8,0.615385,1,3.5899,2.78855,0.801347,0.0283083,0.100815,1427,0,0,0,0,0.001,0,0,0,0,0,0,0,0,0,0,0,0,0,0,0,0,0,0,0,0,0,0,0,0,0,0,0,0,0,0,0,0,0,0,0,0,19.5832,54.6766,19.7832,597.32,689.897,0,-0.909109,0.129485,-0.395922,0.999966,0.473398,0.0349813,0.769912,0.87,1072.26,1363.48,2125.02,2729.27,276.003,899.875,2002.94,104.015,3963.69,106.414,230.863,0.0365535,0.225191,-0.399252,-0.314844,0,0,0,0,0,0,0,72.5168,0,0.988788,0,0,351.874,1072.63,0,0,1122.28,4268.17,0
1691509933170352383,2166,1432,722,0.661127,20.1826,35.9366,53.5629,71.0373,124.524,-4.51032,361.786,721.28,1087.77,1293.52,1194.45,4325.98,10220.4,18817.6,2308.74,2503.73,2178.24,422.363,656.829,839.111,112117,7251.26,11909.7,4.8816,5.26805,0,0,0.0646759,0,39.3123,112.188,193.246,1584.49,4663.63,5316.88,0.00364135,0.00114542,4,4,10,0.714286,1,3.77155,2.96061,0.810934,0.0275262,0.11043,1432,0,0,0,0,0.001,0,0,0,0,0,0,0,0,0,0,0,0,0,0,0,0,0,0,0,0,0,0,0,0,0,0,0,0,0,0,0,0,0,0,0,0,20.1826,53.5629,23.9431,606.845,688.212,0,-0.910061,0.130358,-0.393441,0.999996,0.160223,0.0411496,0.785714,0.88,1063.43,1417.92,2107.56,2731.46,269.722,866.705,2003.58,96.7901,3999.79,129.631,223.985,0.132249,0.385277,0.472699,-0.34693,0,0,0,0,0,0,0,71.0373,0,0.98743,0,0,361.786,1087.77,0,0,1194.45,4325.98,0
1691509933269395925,2049,1349,690,0.65837,18.8333,34.0494,51.6135,63.865,145.941,-4.26887,342.711,722.492,1064.16,1261.22,1152.6,4394.81,10048.4,17042.4,2164.33,2606.68,2212.59,397.637,628.641,810.351,109161,6421.37,10574.9,3.96303,3.73287,0,0,0.0588248,0,37.7477,76.0125,179.288,1448.1,4216.79,4616.95,0.00286613,0.00104382,15,15,14,0.482759,1,3.27765,2.59638,0.681278,0.0727944,0.114696,1349,0,0,0,0,0.001,0,0,0,0,0,0,0,0,0,0,0,0,0,0,0,0,0,0,0,0,0,0,0,0,0,0,0,0,0,0,0,0,0,0,0,0,18.8333,51.6135,16.9239,596.849,686.227,0,-0.910149,0.129438,-0.393541,1,0.0532283,0.0530018,0.785714,0.88,1024.78,1401.67,2157.01,2832.31,271.136,875.155,2003.09,72.885,3999.08,84.1936,197.71,-1.33529,0.404158,-0.0343453,-0.356174,0,0,0,0,0,0,0,63.865,0,0.993328,0,0,342.711,1064.16,0,0,1152.6,4394.81,0
1691509933369320247,2110,1399,703,0.663033,18.9837,34.6755,56.6297,73.7233,122.083,-4.1224,340.577,707.498,1086.85,1275.23,1112.05,4419.65,10143.4,17561,2244.22,2574.42,2095.92,396.653,621.891,785.069,112260,6867.3,11220.7,36.7682,5.52903,0,0,0.0611734,0,35.3499,87.759,183.07,1477.13,4269.74,5167.67,5.54206e-05,4.8206e-05,2,2,8,0.8,1,4.36777,3.55395,0.81382,0.0224344,0.144649,1399,0,0,0,0,0.001,0,0,0,0,0,0,0,0,0,0,0,0,0,0,0,0,0,0,0,0,0,0,0,0,0,0,0,0,0,0,0,0,0,0,0,0,18.9837,56.6297,23.748,604.345,685.907,0,-0.91046,0.123075,-0.39486,0.999979,0.372778,0.0144901,0.851852,0.92,1036.79,1417.4,2240.13,2872.06,272.175,877.033,2090.46,100.155,4044.84,100.124,197.676,-0.263568,2.67394,0.115998,0.210531,0,0,0,0,0,0,0,73.7233,0,0.986419,0,0,340.577,1086.85,0,0,1112.05,4419.65,0
1691509933469076638,2020,1345,665,0.665842,19.3585,34.5663,53.9498,70.8805,170.19,-3.1787,347.433,726.686,1082.12,1268.79,1106.84,4347.32,9757.48,22449.6,2286.09,2703.2,2019.88,398.369,655.978,759.175,111507,7008.09,11312.9,50.0783,4.20419,0,0,0.062849,0,33.9771,81.1098,179.609,1344.4,4349.75,5324.05,6.02725e-05,3.5601e-05,2,1,9,0.9,1,3.78276,3.02997,0.752789,0.0286245,0.0813428,1345,0,0,0,0,0.001,0,0,0,0,0,0,0,0,0,0,0,0,0,0,0,0,0,0,0,0,0,0,0,0,0,0,0,0,0,0,0,0,0,0,0,0,19.3585,53.9498,18.3061,590.332,650.361,0,-0.909478,0.127657,-0.395669,0.999989,0.272504,0.144436,0.818182,0.9,1027.14,1439.13,2151.32,2939.84,278.344,899.527,2088.37,85.2453,3898.45,94.8455,209.117,0.331697,5.91191,-0.0897092,0.297581,0,0,0,0,0,0,0,70.8805,0,0.989591,0,0,347.433,1082.12,0,0,1106.84,4347.32,0
1691509933569826932,1912,1308,592,0.6841,18.1243,32.0222,53.6278,68.6443,205.457,-1.25343,364.36,730.003,1100.17,1298.83,1178.81,4396.41,10824.2,21600,2318.19,2632.81,2058.41,394.597,690.095,818.194,108889,6825.67,11298.5,9.25739,9.19499,0,0,0.0626845,0,40.2242,85.9694,176.679,1735.35,4054.87,5205.4,0.00556017,0.00178399,11,10,15,0.6,1,4.29486,3.62984,0.665025,0.0413783,0.0888077,1308,0,0,0,0,0.001,0,0,0,0,0,0,0,0,0,0,0,0,0,0,0,0,0,0,0,0,0,0,0,0,0,0,0,0,0,0,0,0,0,0,0,0,18.1243,53.6278,22.243,595.837,673.92,0,-0.910591,0.122199,-0.394832,0.999984,0.322766,0.0402119,0.801802,0.89,1037.61,1512.86,2238.67,2940.79,275.622,894.828,2149.41,80.2865,3873.68,98.7314,224.953,-1.72447,-0.216073,-0.506638,0.431589,0,0,0,0,0,0,0,68.6443,0,0.992355,0,0,364.36,1100.17,0,0,1178.81,4396.41,0
1691509933669961236,1953,1434,511,0.734255,17.6984,30.6657,51.4681,67.744,154.578,-1.61991,348.346,703.299,1084.63,1298.16,1122.09,4305.4,9220.9,68733.7,2254.2,2562.7,2006.76,385.91,660.59,784.134,120216,9696.5,15146.9,4.24055,3.81161,0,0,0.0806591,0,41.8619,133.102,489.753,1693.87,4258.28,8529.99,0.37224,0.00686467,6,5,12,0.705882,1,4.05667,3.32076,0.735918,0.0331452,0.157942,1434,0,0,0,0,0.001,0,0,0,0,0,0,0,0,0,0,0,0,0,0,0,0,0,0,0,0,0,0,0,0,0,0,0,0,0,0,0,0,0,0,0,0,17.6984,51.4681,24.5577,613.178,677.264,0,-0.910298,0.121821,-0.395622,1,0.0528803,0.00870099,0.73913,0.85,1043.58,1524.67,2291.14,2964.13,275.509,881.929,2162.85,106.783,3878.44,690.684,224.678,-1.50976,0.643385,1.49564,-0.751085,0,0,0,0,0,0,0,67.744,0,0.986053,0,0,348.346,1084.63,0,0,1122.09,4305.4,0
1691509933769978819,1860,1419,436,0.762903,18.0778,32.2805,52.9926,68.8146,218.88,-2.47629,335.487,733.619,1126.51,1309.87,1108.92,4645.84,9637.05,15918.4,2249.79,2742.52,2241.92,393.21,664.818,830.22,115540,7200.6,12000.5,22.6419,3.04371,0,0,0.0623215,0,47.3171,81.2335,224.685,1833.15,4539.48,5274.65,3.98731e-05,1.57586e-05,3,3,8,0.727273,1,4.59407,3.85039,0.743685,0.0379052,0.10048,1419,0,0,0,0,0.001,0,0,0,0,0,0,0,0,0,0,0,0,0,0,0,0,0,0,0,0,0,0,0,0,0,0,0,0,0,0,0,0,0,0,0,0,18.0778,52.9926,22.2998,616.463,665.237,0,-0.911454,0.117851,-0.394161,0.99999,0.251244,0.133047,0.785714,0.88,1058.46,1459.47,2248.51,3156.04,274.059,878.405,2208.8,123.554,3797.3,87.2733,226.106,-4.10095,1.54846,-0.235807,-0.356983,0,0,0,0,0,0,0,68.8146,0,0.992953,0,0,335.487,1126.51,0,0,1108.92,4645.84,0
1691509933869803321,1877,1441,435,0.767714,19.5334,34.8875,56.2705,72.2413,217.346,-2.57245,344.232,719.484,1093.67,1304.96,1127.25,4262.24,9563.16,47801.3,2194.86,2491.49,2105.52,442.24,667.324,758.793,121483,8515.39,13521.4,67.6368,8.15033,0,0,0.0700951,0,43.882,109.617,211.611,1876.64,4009.46,7270.18,0.000243642,6.41031e-05,2,2,8,0.8,1,4.81405,3.95779,0.856267,0.0222946,0.133715,1441,0,0,0,0,0.001,0,0,0,0,0,0,0,0,0,0,0,0,0,0,0,0,0,0,0,0,0,0,0,0,0,0,0,0,0,0,0,0,0,0,0,0,19.5334,56.2705,21.8444,606.529,696.626,0,-0.911577,0.120732,-0.393002,0.999995,0.17809,0.272241,0.904762,0.95,1057.76,1437.05,2293.34,3069.43,275.916,867.124,2196.9,140.964,4079.13,124.605,233.695,-2.14954,8.39553,-0.310547,-1.30763,0,0,0,0,0,0,0,72.2413,0,0.986121,0,0,344.232,1093.67,0,0,1127.25,4262.24,0
1691509933969395974,1846,1424,413,0.771398,17.8318,32.354,52.986,67.4232,171.825,-1.26286,339.291,704.046,1071.19,1278.24,1130.54,4145.7,8738.36,13607.5,2207.99,2608.23,2099.22,358.861,620.601,773.971,124161,5657.02,9710.04,7.21956,5.35179,0,0,0.0455619,0,44.2332,93.6615,226.216,2022.58,2942.85,4380.5,0.00316151,0.000386378,6,6,10,0.625,1,4.47537,3.7146,0.760771,0.0873377,0.122842,1424,0,0,0,0,0.001,0,0,0,0,0,0,0,0,0,0,0,0,0,0,0,0,0,0,0,0,0,0,0,0,0,0,0,0,0,0,0,0,0,0,0,0,17.8318,52.986,23.073,604.84,691.087,0,-0.910593,0.124904,-0.393978,0.99999,0.251882,0.0727907,0.801802,0.89,1016.05,1382.76,2187.82,3193.68,277.454,835.579,2126.45,166.783,4125.08,106.387,217.082,-4.35325,1.82644,0.678346,-1.82735,0,0,0,0,0,0,0,67.4232,0,0.988062,0,0,339.291,1071.19,0,0,1130.54,4145.7,0
1691509934069145255,1777,1371,397,0.771525,16.953,33.0036,54.4205,72.9294,170.562,-2.64498,347.375,739.559,1103.48,1305.66,1224.89,4500.73,9542.29,16064.2,2323.49,2702.89,2251.37,328.094,668.244,834.846,120480,6570.67,11123.9,5.6816,3.40999,0,0,0.0545376,0,43.695,66.742,225.925,2188.64,3476.2,5122.71,0.0026672,0.000327819,10,9,16,0.64,1,4.90284,4.15479,0.748055,0.0591194,0.0395702,1371,0,0,0,0,0.001,0,0,0,0,0,0,0,0,0,0,0,0,0,0,0,0,0,0,0,0,0,0,0,0,0,0,0,0,0,0,0,0,0,0,0,0,16.953,54.4205,27.0957,609.551,691.353,0,-0.908536,0.125585,-0.398486,0.999987,0.286592,0.0871873,0.834862,0.91,1020.14,1388.44,2299.26,3211.19,281.551,828.907,2181.97,144.811,3909.27,72.1012,226.203,-4.33458,0.166808,-0.0457256,0.0495308,0,0,0,0,0,0,0,72.9294,0,0.98833,0,0,347.375,1103.48,0,0,1224.89,4500.73,0
1691509934169576621,1719,1405,312,0.817336,16.903,32.863,60.0651,75.0847,151.938,-1.48884,319.157,724.57,1153.24,1363.09,1078.97,4407.31,8803.42,13791.2,2331.63,2621.76,2174.04,345.286,686.398,839.938,131298,5992.52,10443.3,7.13829,3.77135,0,0,0.0456404,0,45.4897,96.5228,247.014,2346.22,3294.46,4413.57,0.000162752,2.36465e-05,8,8,12,0.6,1,4.55043,3.74643,0.804003,0.137561,0.0990755,1405,0,0,0,0,0.001,0,0,0,0,0,0,0,0,0,0,0,0,0,0,0,0,0,0,0,0,0,0,0,0,0,0,0,0,0,0,0,0,0,0,0,0,16.903,60.0651,26.2289,619.688,676.083,0,-0.908296,0.127257,-0.398502,0.999999,0.0967859,0.209453,0.801802,0.89,1048.07,1489.84,2464.31,2906.12,281.404,849.555,2246.38,179.722,3728.93,106.663,241.826,-3.57739,2.27181,-0.396173,-1.29535,0,0,0,0,0,0,0,75.0847,0,0.988612,0,0,319.157,1153.24,0,0,1078.97,4407.31,0
1691509934269252945,1784,1437,342,0.805493,16.0604,33.5384,61.0131,76.67,178.406,-1.02851,330.243,777.554,1150.8,1380.2,1190.19,4718.14,10171.4,16933.6,2314.59,2822.95,2380.65,366.877,719.265,826.668,128358,7373.71,12572.4,8.28704,2.03082,0,0,0.0574465,0,46.9336,97.5532,259.194,2558.92,3918.82,5691,0.00183473,0.000152342,4,3,12,0.8,1,5.16652,4.31514,0.851382,0.0318938,0.0349408,1437,0,0,0,0,0.001,0,0,0,0,0,0,0,0,0,0,0,0,0,0,0,0,0,0,0,0,0,0,0,0,0,0,0,0,0,0,0,0,0,0,0,0,16.0604,61.0131,31.7297,626.704,671.566,0,0.908723,-0.12229,0.399084,0.999987,0.287591,0.0880952,0.886792,0.94,1028.07,1441.11,2509.19,3007.93,276.65,804.822,2343.15,157.325,3571.52,107.52,254.942,4.48054,-1.24944,-0.148424,1.13918,0,0,0,0,0,0,0,76.67,0,0.983299,0,0,330.243,1150.8,0,0,1190.19,4718.14,0
1691509934369802643,1704,1433,268,0.840962,15.5079,31.8019,54.9058,70.5054,165.234,-1.39633,322.121,759.89,1115.77,1332.45,1144.2,4486.01,8882.62,15652.9,2370.47,2732.75,2364.17,350.819,659.614,831.39,135964,6257.87,10887.4,8.20293,4.62014,0,0,0.0460261,0,47.9099,90.3644,253.831,2449.81,3422.81,4622.64,3.30308e-06,1.37949e-06,7,7,9,0.5625,1,4.62398,3.86548,0.7585,0.0998303,0.0521913,1433,0,0,0,0,0.001,0,0,0,0,0,0,0,0,0,0,0,0,0,0,0,0,0,0,0,0,0,0,0,0,0,0,0,0,0,0,0,0,0,0,0,0,15.5079,54.9058,27.9754,629.608,691.417,0,-0.913048,0.117287,-0.390625,0.999942,0.615233,0.195271,0.904762,0.95,1032.22,1431.39,2453.29,2977.22,278.493,824.303,2264.18,174.299,3898.24,95.4055,237.934,-2.74123,0.479884,-0.0575453,0.275822,0,0,0,0,0,0,0,70.5054,0,0.990928,0,0,322.121,1115.77,0,0,1144.2,4486.01,0
1691509934469995587,1742,1456,284,0.835821,15.7901,33.2312,55.7712,72.0097,196.573,-1.65001,321.04,715.157,1127.47,1340.36,1114.74,4679.98,9644.65,15767.5,2302.86,2711.81,2363.17,342.368,653.532,822.795,135749,6748.68,11583.9,18.8688,2.40854,0,0,0.0497143,0,48.1228,92.9091,253.326,2368.18,3720.5,5100.89,0.00095302,0.000103706,3,3,8,0.727273,1,4.80049,4.0044,0.796084,0.0343578,0.031092,1456,0,0,0,0,0.001,0,0,0,0,0,0,0,0,0,0,0,0,0,0,0,0,0,0,0,0,0,0,0,0,0,0,0,0,0,0,0,0,0,0,0,0,15.7901,55.7712,35.0406,629.345,680.614,0,0.909755,-0.115644,0.398714,0.999961,0.509204,0.234949,0.851852,0.92,1067.85,1493.46,2530.09,2941,279.115,827.582,2230,201.098,3581.12,101.531,241.153,1.9527,-0.823795,0.419617,0.253716,0,0,0,0,0,0,0,72.0097,0,0.989011,0,0,321.04,1127.47,0,0,1114.74,4679.98,0
1691509934570957874,1710,1413,294,0.826316,16.4642,33.7824,56.8203,75.628,191.648,-2.41446,347.531,772.021,1136.23,1314.91,1283.52,4554.09,8840.13,12639.5,2319.07,2619.24,2357.99,367.764,662.048,819.875,142443,6060.44,10633.5,6.75581,4.29022,0,0,0.0425465,0,46.2204,98.8805,264.383,2461.4,3401.81,4360.77,0.00164812,0.000247427,4,4,8,0.666667,1,4.89067,3.99604,0.894635,0.0185054,0.282232,1413,0,0,0,0,0.001,0,0,0,0,0,0,0,0,0,0,0,0,0,0,0,0,0,0,0,0,0,0,0,0,0,0,0,0,0,0,0,0,0,0,0,0,16.4642,56.8203,36.7576,637.006,698.236,0,-0.911613,0.116043,-0.39433,0.999989,0.273785,0.151249,0.886792,0.94,1073.29,1618.7,2584.43,2950.21,283.613,850.433,2362.09,219.123,3758.66,108.569,240.921,0.311721,-0.917971,-1.00673,1.06893,0,0,0,0,0,0,0,75.628,0,0.976645,0,0,347.531,1136.23,0,0,1283.52,4554.09,0
1691509934670862117,1601,1391,205,0.868832,17.3058,32.9139,60.2459,74.7773,171.763,-2.2083,323.779,732.284,1127.84,1332.8,1164.16,4671.99,8760.39,11728.6,2276.22,2816.08,2376.51,345.678,677.438,816.734,144131,6040.27,10519.6,8.30447,8.20228,0,0,0.0419083,0,44.4766,78.2928,248.782,2373.25,3358.92,4415.91,0.465338,0.00686523,8,7,8,0.533333,1,5.06886,4.24623,0.82263,0.0306515,0.244338,1391,0,0,0,0,0.001,0,0,0,0,0,0,0,0,0,0,0,0,0,0,0,0,0,0,0,0,0,0,0,0,0,0,0,0,0,0,0,0,0,0,0,0,17.3058,60.2459,32.1659,626.515,666.319,0,0.910054,-0.116592,0.397755,0.999993,0.217873,0.144482,0.834862,0.91,1061.95,1550.68,2627.4,3007.8,286.121,860.309,2397.1,243.188,3702.68,83.2091,233.069,-0.211933,-0.346603,0.206202,0.3211,0,0,0,0,0,0,0,74.7773,0,0.985622,0,0,323.779,1127.84,0,0,1164.16,4671.99,0
1691509934770646879,1671,1514,156,0.906044,18.2957,34.9426,58.9529,75.3209,201.905,-2.75012,328.409,746.392,1128.43,1293.68,1206.12,4886.48,9519.41,13799.7,2348.28,2791.34,2350.61,372.061,658.114,844.024,141935,7024.2,12200.1,24.115,2.90109,0,0,0.0494887,0,52.6527,78.6065,291.201,2617.72,4110.11,5049.77,9.31908e-05,1.79357e-05,2,2,8,0.8,1,5.12519,4.19366,0.931534,0.0156385,0.0849846,1514,0,0,0,0,0.001,0,0,0,0,0,0,0,0,0,0,0,0,0,0,0,0,0,0,0,0,0,0,0,0,0,0,0,0,0,0,0,0,0,0,0,0,18.2957,58.9529,35.6331,628.726,666.641,0,0.913153,-0.117229,0.390395,0.999968,0.45899,0.36587,0.769912,0.87,1020.07,1496.2,2491.73,3098.87,281.093,843.031,2386.54,282.385,3196.16,84.5797,270.019,-2.23532,-4.06323,0.62779,-0.320407,0,0,0,0,0,0,0,75.3209,0,0.984808,0,0,328.409,1128.43,0,0,1206.12,4886.48,0
1691509934870403148,1636,1471,162,0.899144,18.4207,35.0266,58.676,71.3929,169.372,-3.17129,321.528,760.399,1142.47,1297.65,1171.46,4706.02,8384.01,16096.3,2234.37,2833.76,2427.18,349.688,665.427,836.802,145886,6447.5,11194.7,14.9054,7.68036,0,0,0.0441953,0,48.7225,102.897,279.959,2354.8,3664.01,4744.34,0.00317759,0.000683054,5,5,8,0.615385,1,4.94699,4.06469,0.882297,0.0748745,0.157185,1471,0,0,0,0,0.001,0,0,0,0,0,0,0,0,0,0,0,0,0,0,0,0,0,0,0,0,0,0,0,0,0,0,0,0,0,0,0,0,0,0,0,0,18.4207,58.676,37.5132,630.946,672.541,0,0.911459,-0.118314,0.394011,0.999991,0.23705,0.120669,0.801802,0.89,1022.11,1503.84,2605.4,2991.88,282.921,844.396,2400.57,261.416,3343.86,106.937,246.274,-2.27068,-1.00912,-0.746419,0.975963,0,0,0,0,0,0,0,71.3929,0,0.985724,0,0,321.528,1142.47,0,0,1171.46,4706.02,0
1691509934969943026,1638,1452,181,0.886447,18.7241,37.0123,58.8538,73.3685,224.458,-1.91567,348.024,733.629,1108.83,1308.6,1186.55,4475.11,8762.33,16517.9,2210.07,2669.96,2282.76,388.319,674.577,805.472,139248,5937.66,10432.9,4.44748,4.82248,0,0,0.0426409,0,48.2494,84.2464,267.718,2432.77,3365.56,4234.31,0.0168539,0.00245895,10,10,8,0.444444,1,5.44728,4.51693,0.930347,0.124268,0.177472,1452,0,0,0,0,0.001,0,0,0,0,0,0,0,0,0,0,0,0,0,0,0,0,0,0,0,0,0,0,0,0,0,0,0,0,0,0,0,0,0,0,0,0,18.7241,58.8538,35.7478,621.599,665.653,0,0.912123,-0.114778,0.393519,0.999993,0.208059,0.108006,0.73913,0.85,1067.76,1622.13,2542.25,2980.28,290.702,852.561,2336.94,264.014,3361.1,90.8864,247.284,-0.412738,-0.156375,-0.606127,0.423488,0,0,0,0,0,0,0,73.3685,0,0.986915,0,0,348.024,1108.83,0,0,1186.55,4475.11,0
1691509935069691552,1600,1363,236,0.851875,20.7154,40.2435,61.4733,79.7959,237.733,-4.50471,350.767,766.346,1125.48,1332.32,1251.02,4438.6,8386.96,12796.8,2289.55,2539.86,2418.11,380.777,714.76,790.708,143764,5716.54,10121.7,6.57912,7.74837,0,0,0.0397632,0,46.5358,90.8596,257.624,2432.94,3442.57,3851.18,0.00119129,0.000543114,5,5,8,0.615385,1,5.33097,4.35363,0.977338,0.0878646,0.218115,1363,0,0,0,0,0.001,0,0,0,0,0,0,0,0,0,0,0,0,0,0,0,0,0,0,0,0,0,0,0,0,0,0,0,0,0,0,0,0,0,0,0,0,20.7154,61.4733,40.6718,622.242,694.086,0,-0.912255,0.120176,-0.391598,0.999984,0.328342,0.33134,0.801802,0.89,1114.53,1631.84,2549.94,2986.56,290.804,879.724,2377.15,283.735,3840.36,99.1525,250.089,2.51366,0.0790896,-0.407995,0.268656,0,0,0,0,0,0,0,79.7959,0,0.981658,0,0,350.767,1125.48,0,0,1251.02,4438.6,0
1691509935170026994,1582,1346,232,0.850822,20.3127,38.6912,64.4021,81.1097,144.395,-5.19216,339.104,725.224,1117.23,1332.03,1177.2,4362.14,8515.65,12516.9,2247.34,2569.05,2562.35,364.751,689.215,766.625,145386,5582.09,9784.94,13.0501,6.77579,0,0,0.0383948,0,42.0827,83.8023,228.436,2194.58,3391.67,3844.37,0.000975246,0.000198094,8,7,12,0.631579,1,5.30385,4.36393,0.93992,0.138051,0.0961084,1346,0,0,0,0,0.001,0,0,0,0,0,0,0,0,0,0,0,0,0,0,0,0,0,0,0,0,0,0,0,0,0,0,0,0,0,0,0,0,0,0,0,0,20.3127,64.4021,39.5513,621.178,704.27,0,-0.910439,0.120543,-0.395691,0.99999,0.257376,0.0496187,0.869159,0.93,1111.85,1658.17,2611.33,3014.53,294.935,870.948,2422.38,304.321,3943.82,87.1714,225.79,1.51267,-0.74295,0.98229,-0.0726306,0,0,0,0,0,0,0,81.1097,0,0.982169,0,0,339.104,1117.23,0,0,1177.2,4362.14,0
1691509935270160861,1677,1499,174,0.893858,19.8274,38.579,64.2835,82.3051,166.034,-3.22883,327.362,756.914,1146.74,1350.27,1194.96,4866.1,8968.71,14718.7,2303.09,2634.7,2405.83,371.419,691.986,808.01,144876,6828.25,11960.5,5.33436,4.27844,0,0,0.0471316,0,52.8157,101.334,276.329,2652.23,4223.02,4654.82,0.0027273,0.000376025,10,10,12,0.545455,1,5.68525,4.58263,1.10262,0.133768,0.048081,1499,0,0,0,0,0.001,0,0,0,0,0,0,0,0,0,0,0,0,0,0,0,0,0,0,0,0,0,0,0,0,0,0,0,0,0,0,0,0,0,0,0,0,19.8274,64.2835,39.2359,607.318,687.446,0,-0.912491,0.115758,-0.392377,0.999981,0.353582,0.0190219,0.834862,0.91,1067.21,1583.46,2618.96,2980.05,297.823,863.287,2361.24,294.109,4026.9,113.136,270.671,1.76844,-0.354196,0.949671,0.276481,0,0,0,0,0,0,0,82.3051,0,0.977985,0,0,327.362,1146.74,0,0,1194.96,4866.1,0
1691509935370058679,1634,1439,193,0.880661,20.1985,36.1113,59.8041,78.6636,196.181,-1.98089,336.82,712.754,1134.97,1355.13,1174.19,4589.59,8736.65,29790.3,2185.57,2788.23,2159.19,427.191,688.356,807.65,145924,6531.83,11331.9,7.83267,7.04307,0,0,0.0447618,0,53.5662,136.84,263.337,2416.2,3547.73,4914.2,0.000297478,7.61847e-05,9,8,10,0.555556,1,5.35573,4.38854,0.967198,0.138031,0.0745418,1439,0,0,0,0,0.001,0,0,0,0,0,0,0,0,0,0,0,0,0,0,0,0,0,0,0,0,0,0,0,0,0,0,0,0,0,0,0,0,0,0,0,0,20.1985,59.8041,40.7403,625.388,708.872,0,-0.911025,0.118415,-0.394983,0.999992,0.229165,0.00351534,0.724138,0.84,1107.25,1653.01,2614.07,2968.66,294.331,877.119,2534.61,321.345,4041.53,169.403,274.065,0.540208,0.0764232,-0.529626,-0.0491937,0,0,0,0,0,0,0,78.6636,0,0.975678,0,0,336.82,1134.97,0,0,1174.19,4589.59,0
1691509935470327278,1624,1429,193,0.879926,22.2921,40.1608,62.4723,83.8069,173.039,-2.83252,333.188,751.451,1177.32,1356.97,1219.92,4580.22,8867.05,18555.1,2333.15,2676.21,2438.64,388.834,717.849,803.247,147027,6296.02,11045.5,5.23422,3.61146,0,0,0.0428223,0,46.6496,119.463,255.322,2431.46,3887.51,4305.05,0.000848084,0.000150797,9,9,14,0.608696,1,5.73619,4.64111,1.09508,0.122804,0.0724973,1429,0,0,0,0,0.001,0,0,0,0,0,0,0,0,0,0,0,0,0,0,0,0,0,0,0,0,0,0,0,0,0,0,0,0,0,0,0,0,0,0,0,0,22.2921,62.4723,41.6635,626.813,712.523,0,-0.91251,0.116703,-0.392053,0.999993,0.21223,0.00938572,0.801802,0.89,1140.11,1642.35,2619.84,3155.09,303.873,886.92,2465.87,348.944,3924.94,129.672,264.36,4.08617,0.326006,0.960483,-0.352941,0,0,0,0,0,0,0,83.8069,0,0.972708,0,0,333.188,1177.32,0,0,1219.92,4580.22,0
1691509935570230634,1709,1482,222,0.867174,20.7436,37.7936,63.0319,79.4432,180.027,-5.34753,326.58,749.984,1114.16,1314.34,1155.91,4660.15,9593.36,16712.2,2304.34,2691.48,2529.65,393.194,704.609,763.757,151948,6923.81,11877.3,11.0091,5.59588,0,0,0.045567,0,49.1239,86.4479,260.152,2327.07,4055.68,5098.8,0.00163769,0.000737136,8,7,12,0.631579,1,5.42975,4.39397,1.03578,0.187452,0.171456,1482,0,0,0,0,0.001,0,0,0,0,0,0,0,0,0,0,0,0,0,0,0,0,0,0,0,0,0,0,0,0,0,0,0,0,0,0,0,0,0,0,0,0,20.7436,63.0319,37.9603,621.486,703.554,0,-0.912174,0.11388,-0.393662,0.999995,0.187152,0.0278306,0.886792,0.94,1140.27,1662.6,2558.2,3159.24,311.768,877.108,2466.97,340.723,3959.73,91.9548,273.467,2.72703,1.0807,-0.0612221,-0.0643452,0,0,0,0,0,0,0,79.4432,0,0.981107,0,0,326.58,1114.16,0,0,1155.91,4660.15,0
1691509935670543100,1544,1382,160,0.895078,21.5196,37.6724,62.5963,80.7,160.544,-5.28289,341.007,714.664,1072.25,1286.21,1152.88,4219.91,8051.96,14424.5,2235.94,2430.86,2217.64,368.688,661.005,775.669,139976,5134.46,9029.28,9.18063,3.3833,0,0,0.0366809,0,41.7412,81.0462,249.128,1953.8,3296.57,3406.99,0.00240066,0.000516232,8,8,8,0.5,1,5.92503,4.9516,0.973431,0.162969,0.143671,1382,0,0,0,0,0.001,0,0,0,0,0,0,0,0,0,0,0,0,0,0,0,0,0,0,0,0,0,0,0,0,0,0,0,0,0,0,0,0,0,0,0,0,21.5196,62.5963,39.7723,620.698,670.53,0,0.912503,-0.109948,0.394018,0.999992,0.226986,0.361995,0.886792,0.94,1132.19,1658.39,2597.4,3259.27,308.443,902.709,2452.2,324.483,3700.21,87.5991,210.48,-1.12778,1.06973,-0.470179,-0.504833,0,0,0,0,0,0,0,80.7,0,0.983357,0,0,341.007,1072.25,0,0,1152.88,4219.91,0
1691509935770112986,1580,1449,128,0.917089,20.4465,37.6864,59.2784,79.0328,144.74,-4.38394,333.678,719.448,1102.27,1280.35,1214.56,4299.6,8608.2,12191.4,2209.48,2698.97,2294.46,404.711,667.576,776.275,149030,5839.39,10177.7,10.6848,6.34359,0,0,0.0391826,0,47.4878,80.0674,270.106,2143.66,3454.47,4181.88,0.00023801,0.000278871,7,6,12,0.666667,1,6.09054,5.15127,0.939271,0.16355,0.146158,1449,0,0,0,0,0.001,0,0,0,0,0,0,0,0,0,0,0,0,0,0,0,0,0,0,0,0,0,0,0,0,0,0,0,0,0,0,0,0,0,0,0,0,20.4465,59.2784,36.1069,617.552,683.342,0,-0.913207,0.113067,-0.391496,0.999992,0.233352,0.239841,0.754386,0.86,1123.41,1618.24,2524.38,3410.76,307.37,889.968,2327.31,352.871,4051.6,87.6012,220.763,3.64276,-0.0478845,0.240012,0.102335,0,0,0,0,0,0,0,79.0328,0,0.986197,0,0,333.678,1102.27,0,0,1214.56,4299.6,0
1691509935869711326,1601,1455,141,0.908807,21.6487,39.4462,63.3221,80.1598,172.336,-6.04793,325.302,737.954,1133.06,1343.95,1145.48,4518.51,8746.31,12637.5,2330,2666.69,2403.62,382.247,673.198,780.08,145722,5997.41,10468.5,6.80263,6.04209,0,0,0.0411566,0,52.1931,98.7617,263.06,2173.92,3706.44,4174.17,0.000770004,0.000400311,18,18,15,0.454545,1,6.13967,5.08211,1.05755,0.185734,0.117417,1455,0,0,0,0,0.001,0,0,0,0,0,0,0,0,0,0,0,0,0,0,0,0,0,0,0,0,0,0,0,0,0,0,0,0,0,0,0,0,0,0,0,0,21.6487,63.3221,39.4337,615.528,672.038,0,-0.914204,0.107599,-0.39071,0.999984,0.321681,0.133306,0.724138,0.84,1124.32,1601.69,2542.69,2999.59,307.402,891.385,2300.23,339.734,3939.3,107.255,239.127,2.75627,-0.279577,0.0506832,0.137894,0,0,0,0,0,0,0,80.1598,0,0.97732,0,0,325.302,1133.06,0,0,1145.48,4518.51,0
1691509935970184653,1601,1446,153,0.903186,21.5804,39.4062,58.488,77.6697,147.485,-5.79536,323.73,731.55,1108.89,1304.35,1187.77,4551.02,9002.8,14897.9,2244.53,2614.84,2470.07,384.12,696.227,754.397,144224,6153.88,10629.8,10.98,7.33585,0,0,0.042669,0,46.9217,92.453,243.745,2084.25,3813.16,4349.22,0.00274959,0.000984475,8,7,9,0.5625,1,5.94255,4.94068,1.00187,0.177107,0.16873,1446,0,0,0,0,0.001,0,0,0,0,0,0,0,0,0,0,0,0,0,0,0,0,0,0,0,0,0,0,0,0,0,0,0,0,0,0,0,0,0,0,0,0,21.5804,58.488,39.3934,618.487,676.12,0,-0.913144,0.110434,-0.392393,0.999994,0.198458,0.0391476,0.785714,0.88,1154.34,1629.69,2627.92,3414.87,317.301,890.581,2406.18,385.047,3909.79,100.449,223.392,3.1439,0.151372,-0.19669,-0.591142,0,0,0,0,0,0,0,77.6697,0,0.975104,0,0,323.73,1108.89,0,0,1187.77,4551.02,0
1691509936069770639,1562,1420,136,0.909091,20.4696,37.7554,59.3074,75.4132,180.045,-6.34748,331.628,722.492,1102.21,1287.89,1202.8,4420.31,8764.54,16214.8,2288.96,2527.76,2281.28,375.794,670.748,775.896,147395,6017.34,10486.9,7.87107,4.63839,0,0,0.0408246,0,48.1401,92.5171,249.663,2264.79,3505.03,4326.74,0.00140327,0.000458983,6,5,9,0.642857,1,6.16926,5.22653,0.942724,0.164545,0.0651086,1420,0,0,0,0,0.001,0,0,0,0,0,0,0,0,0,0,0,0,0,0,0,0,0,0,0,0,0,0,0,0,0,0,0,0,0,0,0,0,0,0,0,0,20.4696,59.3074,41.4418,617.013,686.545,0,-0.912555,0.10917,-0.394113,0.999998,0.126914,0.152571,0.818182,0.9,1103.58,1549.97,2676.15,3334.24,312.347,880.891,2455.69,401.329,4221.38,98.9633,241.956,2.84762,-0.552697,0.557903,-0.36982,0,0,0,0,0,0,0,75.4132,0,0.978169,0,0,331.628,1102.21,0,0,1202.8,4420.31,0
1691509936170195742,1621,1507,112,0.929673,20.0937,35.8537,54.9877,73.055,199.578,-3.95024,302.924,663.953,1063.54,1246.64,1049.5,4188.83,8512.46,19425.6,2254.99,2585.69,2133.82,352.27,644.727,727.582,148110,5548.48,9671.12,9.25427,3.4788,0,0,0.0374618,0,46.4508,79.6884,248.214,2008.48,3397.17,3891.12,0.00131202,0.000560666,8,8,10,0.555556,1,6.41979,5.51958,0.900216,0.164218,0.0938186,1507,0,0,0,0,0.001,0,0,0,0,0,0,0,0,0,0,0,0,0,0,0,0,0,0,0,0,0,0,0,0,0,0,0,0,0,0,0,0,0,0,0,0,20.0937,54.9877,41.6086,616.973,675.419,0,-0.913609,0.110653,-0.391248,0.999994,0.194437,0.148983,0.785714,0.88,1061.65,1504.5,2431.15,2880.61,313.992,863.574,2223.99,412.759,4111.05,82.7531,224.369,2.14989,-0.109594,-0.0293702,-0.351852,0,0,0,0,0,0,0,73.055,0,0.990046,0,0,302.924,1063.54,0,0,1049.5,4188.83,0
1691509936270472236,1639,1542,93,0.940818,20.9015,37.8742,57.7596,72.1269,178.871,-6.1761,296.292,657.13,1053.52,1232.84,1020.81,4313.79,8595.58,15514.7,2123.63,2468.31,2116.73,358.718,635.502,746.25,145391,5760.23,10070.6,5.4431,3.49788,0,0,0.0396188,0,44.9452,75.1023,252.392,2152.54,3713.08,3832.55,0.000264371,5.26659e-05,7,7,11,0.611111,1,6.3609,5.36384,0.99706,0.172788,0.113136,1542,0,0,0,0,0.001,0,0,0,0,0,0,0,0,0,0,0,0,0,0,0,0,0,0,0,0,0,0,0,0,0,0,0,0,0,0,0,0,0,0,0,0,20.9015,57.7596,38.6021,612.941,674.457,0,-0.915508,0.107476,-0.387679,0.999987,0.294625,0.0159494,0.73913,0.85,1121.23,1534.4,2406.52,2870.03,317.153,887.748,2261.52,395.276,4042.78,78.6542,208.804,3.62028,0.555293,0.491662,-0.311377,0,0,0,0,0,0,0,72.1269,0,0.979248,0,0,296.292,1053.52,0,0,1020.81,4313.79,0
1691509936370962988,1730,1590,136,0.919075,20.589,35.0409,53.5652,69.4587,155.931,-6.62015,313.127,686.06,1053.36,1274.25,1052.43,4321.02,9124.78,16221,2163.6,2734.08,2276.12,374.195,629.198,782.581,148049,6428.15,11146.6,12.3813,6.79841,0,0,0.0434192,0,57.3482,85.65,282.148,2209.95,4006.88,4504.65,0.00158256,0.000446686,7,6,12,0.666667,1,6.29428,5.35216,0.942111,0.185056,0.0859901,1590,0,0,0,0,0.001,0,0,0,0,0,0,0,0,0,0,0,0,0,0,0,0,0,0,0,0,0,0,0,0,0,0,0,0,0,0,0,0,0,0,0,0,20.589,53.5652,45.3106,613.382,704.308,0,-0.915911,0.10849,-0.386441,0.999999,0.0945289,0.16454,0.724138,0.84,1101.4,1556.88,2538.93,3336.92,311.617,859.512,2416.26,404.185,4264.53,92.7233,209.313,3.11314,0.1646,0.659453,0.283765,0,0,0,0,0,0,0,69.4587,0,0.984277,0,0,313.127,1053.36,0,0,1052.43,4321.02,0
1691509936470653174,1534,1387,145,0.904172,20.3102,35.1106,56.0065,72.6702,159.346,-5.52246,314.606,714.25,1089.54,1272.38,1110.29,4373.01,8465.14,13871.3,2173.42,2715.47,2349.28,364.059,651.951,806.303,145988,5418.32,9492.68,9.963,5.09813,0,0,0.0371148,0,45.3652,93.087,247.913,2012.65,3352.91,3740.76,7.02138e-06,1.918e-06,6,6,9,0.6,1,6.55334,5.69197,0.861372,0.152757,0.224653,1387,0,0,0,0,0.001,0,0,0,0,0,0,0,0,0,0,0,0,0,0,0,0,0,0,0,0,0,0,0,0,0,0,0,0,0,0,0,0,0,0,0,0,20.3102,56.0065,44.0463,620.346,686.607,0,-0.91491,0.105605,-0.389598,0.99999,0.25164,0.200188,0.680672,0.81,1190.7,1633.62,2572.5,3396.21,326.738,904.1,2448.2,415.964,4103.8,98.767,192.033,3.54964,-0.269947,0.660679,0.525458,0,0,0,0,0,0,0,72.6702,0,0.983417,0,0,314.606,1089.54,0,0,1110.29,4373.01,0
1691509936570270831,1814,1694,116,0.933848,20.2944,35.6684,56.9634,69.562,182.007,-5.76199,294.013,619.657,1045.34,1261.49,933.844,4304.68,10348.4,13500.5,2105.21,2641.72,2005.49,375.127,543.982,790.838,148323,6849.51,11819.2,12.9378,3.94897,0,0,0.0461796,0,51.2397,85.5387,290.44,2299.35,4232.49,4860.09,0.000735656,0.000215446,6,5,9,0.642857,1,7.39344,6.39406,0.999376,0.166788,0.114993,1694,0,0,0,0,0.001,0,0,0,0,0,0,0,0,0,0,0,0,0,0,0,0,0,0,0,0,0,0,0,0,0,0,0,0,0,0,0,0,0,0,0,0,20.2944,56.9634,41.0826,613.354,676.563,0,-0.916168,0.10615,-0.386483,0.999994,0.194979,0.0838567,0.652893,0.79,1039.15,1492.66,2272.5,2884.73,312.944,850.621,2157.42,447.248,4242.71,92.9428,205.344,3.40871,1.42601,0.693043,-0.0921544,0,0,0,0,0,0,0,69.562,0,0.987603,0,0,294.013,1045.34,0,0,933.844,4304.68,0
1691509936669971207,1691,1586,101,0.937907,20.1274,35.0079,55.6671,71.8719,163.373,-4.61439,298.101,666.202,1081.15,1316.8,994.567,4488.48,9167.54,15854.6,2227.54,2815.83,2194.46,374.024,617.272,785.959,148689,6472.81,11240.5,11.0723,6.32594,0,0,0.0435324,0,53.3011,88.1783,271.976,2364.64,3775.52,4686.86,0.000748229,0.000265765,7,7,12,0.631579,1,7.082,6.13429,0.947716,0.167127,0.188554,1586,0,0,0,0,0.001,0,0,0,0,0,0,0,0,0,0,0,0,0,0,0,0,0,0,0,0,0,0,0,0,0,0,0,0,0,0,0,0,0,0,0,0,20.1274,55.6671,42.6342,606.941,683.425,0,-0.914562,0.107036,-0.390026,0.999992,0.228581,0.0675226,0.785714,0.88,1082.24,1526.36,2494.23,2962.1,321.803,869.226,2253.86,453.831,4354.41,91.7732,213.235,1.76046,0.757269,0.68448,0.134612,0,0,0,0,0,0,0,71.8719,0,0.984237,0,0,298.101,1081.15,0,0,994.567,4488.48,0
1691509936769540620,1842,1735,105,0.941911,18.7011,34.6968,54.6059,66.8267,186.986,-3.46458,302.891,674.564,1067.38,1271.17,961.307,4394.12,9362.69,16544.6,2221.47,2616.38,2122.54,370.699,609.283,800.952,147160,6964.29,12052,8.36278,8.05139,0,0,0.0473245,0,51.3384,85.3645,301.234,2372.86,4433.34,4807.88,0.00515244,0.00148316,7,6,9,0.6,1,7.76524,6.8507,0.91454,0.169861,0.190374,1735,0,0,0,0,0.001,0,0,0,0,0,0,0,0,0,0,0,0,0,0,0,0,0,0,0,0,0,0,0,0,0,0,0,0,0,0,0,0,0,0,0,0,18.7011,54.6059,45.8023,617.861,693.336,0,-0.916047,0.103196,-0.387568,0.999989,0.27474,0.0130824,0.724138,0.84,1080.5,1585.29,2453.23,3420.36,332.377,882.924,2305.13,503.553,4328.8,89.0792,212.934,0.782072,0.220601,0.255297,0.0518687,0,0,0,0,0,0,0,66.8267,0,0.990778,0,0,302.891,1067.38,0,0,961.307,4394.12,0
1691509936869247346,1740,1603,136,0.921264,19.153,34.2355,54.9793,69.0791,128.286,-3.89197,319.774,695.655,1090.65,1310.42,1040.79,4495.62,9702.71,16726.1,2292.48,2717.4,2273.53,400.427,600.027,818.467,149561,7127.63,12203.7,6.89097,5.92591,0,0,0.0476569,0,52.3214,89.9993,281.718,2246.27,4432.02,5101.41,0.000939314,0.000151155,6,6,11,0.647059,1,7.53423,6.63755,0.896688,0.14404,0.143915,1603,0,0,0,0,0.001,0,0,0,0,0,0,0,0,0,0,0,0,0,0,0,0,0,0,0,0,0,0,0,0,0,0,0,0,0,0,0,0,0,0,0,0,19.153,54.9793,44.8738,618.075,704.051,0,-0.914311,0.105382,-0.391063,0.99999,0.256341,0.0522064,0.724138,0.84,1110.35,1581.05,2648,3415.74,333.234,874.04,2463.81,463.274,4443.88,97.5365,211.622,3.442,-0.036,1.85257,0.00445082,0,0,0,0,0,0,0,69.0791,0,0.985028,0,0,319.774,1090.65,0,0,1040.79,4495.62,0
1691509936969466626,1758,1613,145,0.91752,18.1681,33.6877,54.7663,70.6286,148.06,-3.19036,312.393,658.352,1044.83,1256.99,994.157,4384.9,9749.67,17058,2244.95,2494.74,2189.91,390.062,612.872,769.186,144536,6922.17,11858.9,5.80764,3.08451,0,0,0.0478925,0,47.6818,96.0561,245.141,2216.99,4380.97,4872.05,0.00209666,0.000326175,7,7,11,0.611111,1,8.12972,7.24228,0.887443,0.169634,0.145982,1613,0,0,0,0,0.001,0,0,0,0,0,0,0,0,0,0,0,0,0,0,0,0,0,0,0,0,0,0,0,0,0,0,0,0,0,0,0,0,0,0,0,0,18.1681,54.7663,45.8786,614.21,708.911,0,-0.915259,0.108564,-0.387963,0.99999,0.260287,0.0423705,0.694915,0.82,1111.3,1600.45,2427.8,3136.9,329.886,891.292,2237.55,485.873,4333.51,100.723,188.04,2.00966,0.549044,0.543637,-0.394811,0,0,0,0,0,0,0,70.6286,0,0.988841,0,0,312.393,1044.83,0,0,994.157,4384.9,0
1691509937069769315,1699,1572,125,0.92525,19.2412,35.0871,56.8246,73.4857,228.943,-3.57055,314.725,649.881,1049.4,1235.04,1015.29,4319.31,8113.92,17098.1,2174.8,2715.16,2138.34,400.478,558.45,777.426,149361,6023.34,10374.9,16.1296,6.44756,0,0,0.0403274,0,41.9171,82.495,233.831,2095.03,3485.2,4436.4,0.000654398,0.000197189,5,5,8,0.615385,1,7.89974,6.94757,0.95217,0.142238,0.086679,1572,0,0,0,0,0.001,0,0,0,0,0,0,0,0,0,0,0,0,0,0,0,0,0,0,0,0,0,0,0,0,0,0,0,0,0,0,0,0,0,0,0,0,19.2412,56.8246,46.2806,609.449,717.271,0,-0.915481,0.104691,-0.388503,0.999992,0.224409,0.0620441,0.709402,0.83,1103.19,1592.31,2536.91,2879.5,336.993,881.617,2263.99,515.99,4348.08,87.7177,167.648,3.47225,0.318394,0.92247,0.666685,0,0,0,0,0,0,0,73.4857,0,0.983461,0,0,314.725,1049.4,0,0,1015.29,4319.31,0
1691509937169755830,2082,1909,173,0.916907,18.6973,35.6916,55.5348,68.6012,140.528,-2.21133,297.027,648.499,1047.2,1280.57,894.941,4295.24,8960.45,16291.3,2140.05,2511.21,1885.3,407.155,568.997,772.714,141262,7113.09,12394,16.1141,6.01361,0,0,0.0503537,0,56.93,116.366,294.343,2563.38,4470.39,4892.58,0.00284395,0.000292448,5,5,8,0.615385,1,7.69536,6.63434,1.06102,0.136107,0.109137,1909,0,0,0,0,0.001,0,0,0,0,0,0,0,0,0,0,0,0,0,0,0,0,0,0,0,0,0,0,0,0,0,0,0,0,0,0,0,0,0,0.0319539,11.5597,33.2625,19.0712,55.8566,45.0403,605.56,703.4,0,-0.915716,0.106112,-0.387563,0.999999,0.0985122,0.0653715,0.666667,0.8,1035.89,1411.89,2230.81,2867.25,330.446,865.947,2122.12,482.33,4432.05,120.535,210.967,2.91354,2.24383,2.40343,-0.7318,0,0,0,0,0,0.0292988,40.1359,68.9975,1,0.991342,99.6806,289.174,305.674,1062.22,168.213,493.976,938.737,4355.67,0.000476842
1691509937270509393,1744,1599,144,0.916858,20.2487,35.0456,60.901,74.292,144.678,-0.153491,309.873,672.331,1088.96,1281.69,1014,4552.88,10200.7,19521.3,2291.76,2559.83,2370.3,400.991,617.755,765.696,148564,7899.77,13196,16.668,2.67917,0,0,0.0531741,0,46.5947,87.6959,257.572,2049.25,4991.85,5763,0.00075096,3.04801e-05,4,3,9,0.75,1,8.13644,7.11158,1.02487,0.12561,0.114285,1599,0,0,0,0,0.001,0,0,0,0,0,0,0,0,0,0,0,0,0,0,0,0,0,0,0,0,0,0,0,0,0,0,0,0,0,0,0,0,0,0,0,0,20.2487,60.901,45.9608,604.809,714.23,0,-0.915341,0.10511,-0.388719,0.999999,0.0902075,0.0289574,0.612903,0.76,1160.69,1609.96,2532.64,3452.35,335.929,922.844,2378.36,496.784,4430.54,89.2855,200.632,9.05685,0.00305162,2.12716,-0.280648,0,0,0,0,0,0,0,74.292,0,0.981864,0,0,309.873,1088.96,0,0,1014,4552.88,0
1691509937370481957,2038,1834,201,0.899902,18.9884,35.1246,56.0423,73.0644,213.676,-0.732657,301.726,635.458,1052.03,1235.56,925.924,4430.95,9033.45,15227.6,2161.16,2683.78,1938.52,409.44,555.986,757.098,146384,7334.88,12515.7,4.35947,4.27117,0,0,0.0501072,0,54.1449,110.481,254.282,2273.67,4521.34,5301.76,0.000243919,0.000120521,6,6,8,0.571429,1,8.12376,7.08594,1.03782,0.154399,0.221886,1834,0,0,0,0,0.001,0,0,0,0,0,0,0,0,0,0,0,0,0,0,0,0,0,0,0,0,0,0,0,0,0,0,0,0,0,0,0,0,0,0.0370774,10.6127,25.0285,19.5952,56.7941,49.2481,599.734,683.018,0,-0.914254,0.101822,-0.392139,0.999988,0.278894,0.0364105,0.666667,0.8,1111.89,1506.17,2416.11,3457.55,333.938,888.294,2233.95,515.912,4467.55,115.141,191.146,2.45967,0.811616,0.443604,0.0311445,0,0,0,0,0,0.033366,35.1555,73.9382,1,0.99094,116.033,386.054,306.29,1062.5,177.227,644.917,991.579,4484.36,0.000781176
1691509937470535825,2074,1832,237,0.883317,19.4365,36.0543,65.1857,85.7886,149.058,1.01155,294.97,628.108,999.372,1226.39,919.867,4169.57,8446.9,33798.7,2095.64,2418.59,1921.14,441.567,540.332,708.843,142260,7166.84,12198.1,7.49378,6.36783,0,0,0.0503785,0,55.6113,114.442,248.34,2198.92,4263.49,5317.25,0.00295343,0.000884768,8,7,14,0.666667,1,8.40387,7.13143,1.27245,0.135136,0.11133,1832,0,0,0,0,0.001,0,0,0,0,0,0,0,0,0,0,0,0,0,0,0,0,0,0,0,0,0,0,0,0,0,0,0,0,0,0,0,0,0,0.0398472,7.4673,22.6768,20.4361,66.1133,43.2699,610.325,677.405,0,-0.913027,0.10076,-0.395258,0.999994,0.201418,0.21773,0.754386,0.86,1126.11,1561.85,2226.91,2847.77,330.914,895.45,2111.43,479.148,4200.24,116.619,191.046,0.489688,-0.356212,-0.0365827,0.338912,0,0,0,0,0,0.0351977,33.1633,86.1869,1,0.976691,120.417,420.802,299.183,1013.7,201.167,711.138,998.965,4248.5,0.000976606
1691509937570795277,2199,1960,236,0.891314,20.3045,37.5083,65.8504,86.3479,129.614,3.79874,307.799,626.784,1004.38,1211.5,982.312,4228.05,9783.98,22773.1,2022.56,2696.66,2008.7,420.601,535.586,722.364,142240,8607.07,14458.6,16.9194,9.22675,0,0,0.0605108,0,63.8149,129.03,300.533,2303,5255.53,6406.74,0.000233388,6.89257e-05,5,5,8,0.615385,1,9.20637,7.80957,1.3968,0.118401,0.216798,1960,0,0,0,0,0.001,0,0,0,0,0,0,0,0,0,0,0,0,0,0,0,0,0,0,0,0,0,0,0,0,0,0,0,0,0,0,0,0,0,0.0306122,8.68424,18.2381,20.9051,66.7115,48.4977,603.411,664.092,0,-0.915115,0.103827,-0.389595,0.999977,0.387881,0.0621255,0.785714,0.88,1120.88,1507.15,2242,3452,332.073,882.888,2159.21,470.185,4272.34,133.606,213.692,2.40991,0.442118,1.23042,0.497892,0,0,0,0,0,0.0272851,24.0778,87.2934,1,0.974211,122.024,402.337,316.792,1022.8,183.21,668.878,1043.81,4273.05,0.000585575
1691509937670034756,2014,1810,201,0.898709,21.2458,38.4544,64.0988,83.2637,143.013,2.66652,306.59,645.305,1021.83,1260.67,971.186,4171.4,8495.5,16332.4,2017.09,2454.61,1877.38,426.177,560.339,741.77,141847,6793.87,11559.8,8.59526,7.66451,0,0,0.0478958,0,64.6025,120.573,270.526,2187.21,3585.15,5331.76,0.000316818,6.11365e-05,5,5,8,0.615385,1,8.81112,7.4876,1.32352,0.116247,0.194284,1810,0,0,0,0,0.001,0,0,0,0,0,0,0,0,0,0,0,0,0,0,0,0,0,0,0,0,0,0,0,0,0,0,0,0,0,0,0,0,0,0,0,0,21.2458,64.0988,52.5096,601.051,671.44,0,-0.916628,0.101264,-0.386703,0.999991,0.237774,0.155493,0.785714,0.88,1169.54,1544.14,2239.75,2936.82,333.491,903.651,2148.14,547.155,4475.24,124.422,194.099,2.09749,-0.21743,2.05643,0.666961,0,0,0,0,0,0,0,83.2637,0,0.972928,0,0,306.59,1021.83,0,0,971.186,4171.4,0
1691509937770085957,1932,1721,208,0.890787,22.2333,40.1368,67.4771,88.8332,156.978,2.84417,328.45,700.116,1073.58,1270.52,1134.49,4652.19,8801.4,17544.2,2185.27,2876.49,2051.06,465.394,582.203,779.394,140610,7710.73,12975.5,18.6335,8.9251,0,0,0.0548375,0,63.1055,132.399,290.163,2134.32,4410.77,5944.69,0.00145991,0.000171769,3,3,8,0.727273,1,8.67314,7.30082,1.37233,0.0827913,0.198472,1721,0,0,0,0,0.001,0,0,0,0,0,0,0,0,0,0,0,0,0,0,0,0,0,0,0,0,0,0,0,0,0,0,0,0,0,0,0,0,0,0,0,0,22.2333,67.4771,52.7813,586.984,684.234,0,-0.916372,0.102415,-0.387005,0.999999,0.0697824,0.0384975,0.73913,0.85,1194.23,1612.41,2217.31,2827.11,335.051,922.147,2155.32,564.753,4495.81,136.701,204.492,10.2194,1.77583,3.70774,-0.0382295,0,0,0,0,0,0,0,88.8332,0,0.968623,0,0,328.45,1073.58,0,0,1134.49,4652.19,0
1691509937869988404,1945,1752,192,0.900771,21.6825,39.2995,63.95,81.3385,145.765,3.29076,312.567,684.568,1076.43,1301.14,1056.1,4734.94,9241.55,19631.1,2174.3,2789.74,2027.04,452.355,566.488,768.051,143499,7901.22,13350.7,5.134,3.81377,0,0,0.0550611,0,74.2011,142.572,286.85,2181.96,4745.92,5919.15,0.00143671,0.000215493,11,11,14,0.56,1,9.06555,7.78493,1.28062,0.136622,0.128139,1752,0,0,0,0,0.001,0,0,0,0,0,0,0,0,0,0,0,0,0,0,0,0,0,0,0,0,0,0,0,0,0,0,0,0,0,0,0,0,0,0.0097032,12.9386,25.2941,21.8203,64.196,51.469,600.998,700.533,0,-0.915716,0.105763,-0.387658,0.999994,0.198994,0.00845431,0.818182,0.9,1189.96,1603.99,2273.85,2823.56,332.606,937.448,2188.83,511.991,4484.81,147.241,202.823,3.89926,-0.211143,0.899655,0.319391,0,0,0,0,0,0.00874036,25.9217,81.828,1,0.973487,129.319,394.062,314.509,1079.29,217.074,650.022,1070.92,4750.21,0.000193323
1691509937969926658,1918,1715,202,0.894161,21.4105,39.5285,63.1039,81.165,212.135,2.2534,317.396,675.081,1032.72,1270.98,1058.1,4408.92,9407.76,18650,2262.6,2599.09,2101.98,456.626,555.994,746.631,142820,7412.86,12539.1,16.9755,7.1933,0,0,0.0519034,0,74.4704,128.093,261.518,2130.61,4310.81,5633.61,0.000846704,0.000117837,4,4,8,0.666667,1,8.66749,7.40049,1.26699,0.0962477,0.0549742,1715,0,0,0,0,0.001,0,0,0,0,0,0,0,0,0,0,0,0,0,0,0,0,0,0,0,0,0,0,0,0,0,0,0,0,0,0,0,0,0,0.00524781,18.2722,30.1528,21.4494,63.3146,52.5023,592.357,689.14,0,-0.914217,0.102526,-0.392041,0.999984,0.323768,0.0425002,0.818182,0.9,1195.69,1614.56,2394.61,2936.48,335.635,941.617,2202.05,478.441,4501.34,134.592,189.769,7.26851,3.3333,2.59268,-0.52829,0,0,0,0,0,0.00469239,34.0237,81.1798,1,0.976553,163.056,419.129,318.502,1035.52,282.627,695.008,1081.69,4416.14,0.000117215
1691509938069962628,1926,1759,166,0.913292,21.178,39.2227,61.9002,81.5229,144.94,1.85953,330.407,676.645,1043.74,1238.01,1117.23,4474.29,9859.8,16427.4,2077.52,2566.73,2039.19,462.227,545.212,753.848,138870,8120.16,13506.3,4.25093,3.81129,0,0,0.0584729,0,65.9886,155.508,274.599,1992.64,4744.12,6273.42,0.00537852,0.000268477,6,5,13,0.722222,1,8.63474,7.38746,1.24728,0.115229,0.115061,1759,0,0,0,0,0.001,0,0,0,0,0,0,0,0,0,0,0,0,0,0,0,0,0,0,0,0,0,0,0,0,0,0,0,0,0,0,0,0,0,0.000568505,17.6196,17.6196,21.2101,61.9096,55.6274,583.47,693.903,0,-0.916092,0.103797,-0.387301,0.999986,0.300954,0.0580397,0.801802,0.89,1188.06,1562.91,2188.41,2819.33,339.812,945.127,2123.54,488.856,4552.17,165.704,180.391,1.63891,0.684041,2.39875,0.630482,0,0,0,0,0,0.000519211,17.6196,81.5253,1,0.981229,156.353,156.353,330.464,1043.82,232.066,232.066,1117.53,4474.36,3.98739e-06
1691509938170253820,1857,1726,130,0.929456,21.8807,40.0074,63.5651,82.6495,192.647,0.0247136,328.194,663.364,1021.83,1243.13,1120.21,4534.07,10150.9,26921.8,2163.94,2610.76,2082.16,436.572,526.045,743.96,145234,8834.92,14588.7,17.7565,7.85998,0,0,0.0608322,0,59.7489,144.766,249.343,1970.92,5854.39,6309.57,0.000636201,0.000122819,4,4,8,0.666667,1,8.60763,7.31921,1.28841,0.0917414,0.10004,1726,0,0,0,0,0.001,0,0,0,0,0,0,0,0,0,0,0,0,0,0,0,0,0,0,0,0,0,0,0,0,0,0,0,0,0,0,0,0,0,0,0,0,21.8807,63.5651,53.0761,586.774,738.15,0,0.915215,-0.101533,0.389965,0.999994,0.206496,0.0483969,0.694915,0.82,1226.16,1617.01,2451.35,3450.64,345.123,967.433,2213.61,436.958,4359.04,156.243,187.096,-4.91156,-2.99147,-1.96328,0.445199,0,0,0,0,0,0,0,82.6495,0,0.980301,0,0,328.194,1021.83,0,0,1120.21,4534.07,0
1691509938270334348,1896,1777,116,0.937236,23.9402,42.6383,67.9362,83.6684,195.607,-0.513097,314.555,653.135,1026.71,1238.04,1081.55,4645.54,9997.83,16168.6,2171.88,2608.69,2134.41,444.313,514.618,749.328,142458,8314.1,13703.6,21.1965,5.7762,0,0,0.0583618,0,59.2737,129.111,256.51,1854.79,5166.53,6237.38,0.00098737,0.000116843,4,4,8,0.666667,1,8.46922,7.01614,1.45309,0.0925743,0.239392,1777,0,0,0,0,0.001,0,0,0,0,0,0,0,0,0,0,0,0,0,0,0,0,0,0,0,0,0,0,0,0,0,0,0,0,0,0,0,0,0,0,0,0,23.9402,67.9362,57.4904,579.04,719.469,0,-0.914905,0.101376,-0.390731,1,0.0482039,0.0322855,0.769912,0.87,1221.34,1614.79,2245.51,2814.54,339.618,965.887,2180.34,456.928,4290.36,137.008,179.25,4.35866,1.97161,2.02028,1.19027,0,0,0,0,0,0,0,83.6684,0,0.976927,0,0,314.555,1026.71,0,0,1081.55,4645.54,0
1691509938370525676,1826,1689,135,0.924973,22.9361,40.7807,66.7305,84.9913,147.709,2.38459,322.679,650.984,1045.6,1268.98,1142.79,4837.97,11949.6,28400.4,2373.86,2517.19,2239.89,437.924,557.55,710.777,145869,10394,16788.6,10.4257,3.8888,0,0,0.0712553,0,60.3168,125.614,249.069,1948.1,6756.54,7648.97,0.000212354,2.19664e-05,5,5,8,0.615385,1,8.68681,7.35483,1.33198,0.102813,0.0399234,1689,0,0,0,0,0.001,0,0,0,0,0,0,0,0,0,0,0,0,0,0,0,0,0,0,0,0,0,0,0,0,0,0,0,0,0,0,0,0,0,0,0,0,22.9361,66.7305,55.8247,579.196,709.979,0,-0.915825,0.105561,-0.387456,0.999985,0.309032,0.00793668,0.754386,0.86,1207.11,1580.46,2217.66,2964.86,344.464,977.303,2139.41,476.034,4340.1,131,247.439,2.09023,0.688526,0.764411,1.6064,0,0,0,0,0,0,0,84.9913,0,0.974541,0,0,322.679,1045.6,0,0,1142.79,4837.97,0
1691509938470560082,1743,1587,154,0.910499,22.098,41.7053,65.0254,84.1785,151.726,0.365925,338.273,634.605,1034.32,1259.45,1114.04,4587.03,11437.5,22595.8,2188.45,2530.06,2137.7,465.343,525.932,734.502,145068,8599.97,14023.6,9.29034,4.28086,0,0,0.0592823,0,50.1476,120.753,212.303,1815.24,5327.6,6497.6,0.00782682,0.000571367,7,6,12,0.666667,1,9.17405,7.95166,1.22239,0.0992662,0.188717,1587,0,0,0,0,0.001,0,0,0,0,0,0,0,0,0,0,0,0,0,0,0,0,0,0,0,0,0,0,0,0,0,0,0,0,0,0,0,0,0,0,0,0,22.098,65.0254,53.4812,591.241,702.278,0,-0.915841,0.103811,-0.387891,0.999998,0.103336,0.0105054,0.769912,0.87,1207.02,1601.77,2344.41,2904.18,342.146,992.334,2153.5,497.411,4496.48,129.753,162.452,0.383127,-0.116869,1.78121,0.951734,0,0,0,0,0,0,0,84.1785,0,0.974165,0,0,338.273,1034.32,0,0,1114.04,4587.03,0
1691509938570270802,1787,1575,207,0.881365,22.0531,42.6672,71.1426,89.0189,145.05,-0.709573,333.08,678.704,1090.14,1272.09,1188.99,4816.56,11086.5,19993.8,2342.23,2610.19,2216.86,468.705,556.6,769.839,146252,9016.13,14535.4,12.8473,3.77781,0,0,0.0616479,0,57.1351,124.676,211.596,1856.66,5066.87,7218.5,0.00015509,2.51514e-05,4,4,8,0.666667,1,8.59039,7.27606,1.31433,0.075895,0.121912,1575,0,0,0,0,0.001,0,0,0,0,0,0,0,0,0,0,0,0,0,0,0,0,0,0,0,0,0,0,0,0,0,0,0,0,0,0,0,0,0,0.00126984,13.398,20.8854,22.0531,71.1436,58.0268,591.893,729.08,0,-0.91885,0.0998678,-0.381759,0.999969,0.451871,0.0265711,0.785714,0.88,1225.73,1589.55,2198.47,2802.47,329.853,976.648,2103.66,511.492,4257.04,132.193,172.099,3.04865,0.737009,0.99779,0.679587,0,0,0,0,0,0.00111919,21.8213,89.1612,1,0.969485,121.637,127.465,334.134,1090.35,161.014,171.702,1193.6,4820.55,3.59178e-06
1691509938670022859,1503,1213,284,0.807053,24.8973,49.4675,75.448,93.2611,165.603,-3.76847,325.53,674.674,1086.6,1296.82,1271.07,5431.8,11294.7,19829.4,2591.98,2261.41,3219,436.84,735.767,631.525,151752,8125.29,12912,10.1406,2.73248,0,0,0.0535433,0,22.3534,81.9958,134.679,1846.01,4003.5,6823.43,9.73915e-05,5.81366e-05,5,4,12,0.75,1,8.68513,7.51501,1.17013,0.0888717,0.267597,1213,0,0,0,0,0.001,0,0,0,0,0,0,0,0,0,0,0,0,0,0,0,0,0,0,0,0,0,0,0,0,0,0,0,0,0,0,0,0,0,0.00247321,33.3136,40.3831,24.8473,75.5389,57.6888,563.165,762.146,1,0.776726,0.60912,0.160217,0.714028,44.4364,0.0372232,0.428571,0.6,1126.62,1446.69,2295.28,3197.53,318.759,932.179,2053.18,522.301,4145.23,97.4975,207.569,-2.86052,-1.77806,-0.164761,0.182313,0,0,0,0,0,0.00199601,41.2668,93.2798,1,0.970248,594.77,757.407,325.308,1087.04,781.413,1101.58,1271.96,5436.89,0.000159408
1691509938770076722,1637,1360,270,0.830788,26.1405,50.6546,79.2185,95.4329,156.132,-3.69664,339.515,681.78,1027.14,1266.72,1178.71,4930.5,11830.3,30983.1,2490.01,2286.28,3000.63,400.234,682.75,663.741,151480,8626.72,13877.1,7.18558,5.0197,0,0,0.0569496,0,30.7621,80.9475,162.993,1909.4,4756.33,6936.69,0.00208946,0.000310495,5,5,11,0.6875,1,8.80141,7.4223,1.37911,0.0709622,0.115813,1360,0,0,0,0,0.001,0,0,0,0,0,0,0,0,0,0,0,0,0,0,0,0,0,0,0,0,0,0,0,0,0,0,0,0,0,0,0,0,0,0.00661765,34.5511,49.6404,26.0282,79.3881,60.2537,586.984,735.762,1,0.784458,0.606134,0.131251,0.999546,1.72628,0.0491277,0.709402,0.83,1033.92,1355.74,2024.16,3115.17,307.033,900.858,1888.71,524.688,4128.77,91.876,212.745,-3.43548,1.03942,0.01002,-1.46128,0,0,0,0,0,0.00549786,51.459,95.7207,1,0.96225,168.956,593.259,339.691,1029.86,249.446,865.343,1195.43,4959.72,0.000197207
1691509938870572784,1640,1366,270,0.832927,22.8104,43.9866,67.5188,87.4035,155.286,0.319026,301.831,619.76,1011.42,1255.3,1158.95,4902.64,12125.8,21901.5,2297.12,2859.11,2346.12,441.416,502.378,754.922,148259,8688.9,13937.2,7.94636,5.71668,0,0,0.0586062,0,35.8647,92.9841,162.854,1672.07,5285.42,6687.98,0.00110477,0.000435175,6,6,8,0.571429,1,8.52802,7.39247,1.13554,0.0855909,0.163867,1366,0,0,0,0,0.001,0,0,0,0,0,0,0,0,0,0,0,0,0,0,0,0,0,0,0,0,0,0,0,0,0,0,0,0,0,0,0,0,0,0.00658858,18.3516,31.5089,22.8734,67.6281,55.1702,570.939,736.891,0,0.916204,-0.106386,0.386332,0.704946,45.1748,0.0244309,0.438849,0.61,1256.89,1623.09,2264.82,2932.21,327.207,1011.64,2212.78,542.171,4209.63,110.599,137.919,-1.54613,-0.118016,0.272683,-0.293574,0,0,0,0,0,0.0054878,45.8432,87.5061,1,0.97126,545.639,1193.39,301.759,1011.21,711.985,1701.12,1161.38,4914.37,0.00098204
1691509938970440281,1540,1204,329,0.781818,22.4444,44.8935,67.2952,83.2177,166.127,0.00232245,337.332,651.428,1008.64,1236.47,1278.99,4730.39,10497.7,20435.4,2479.4,2404.49,2874.81,404.968,643.076,673.002,160577,6863.2,11221.3,32.0119,3.29099,0,0,0.0427408,0,18.855,75.7193,120.656,1763.21,3828.17,5414.7,0.000318372,6.04954e-05,3,2,9,0.818182,1,8.13022,7.11573,1.01449,0.0373355,0.193366,1204,0,0,0,0,0.001,0,0,0,0,0,0,0,0,0,0,0,0,0,0,0,0,0,0,0,0,0,0,0,0,0,0,0,0,0,0,0,0,0,0,0,0,22.4444,67.2952,61.5058,586.272,758.223,1,0.769712,0.618938,0.156396,0.699788,45.59,0.0416299,0.470588,0.64,1101.55,1417.54,2086.43,3121.78,303.852,912.412,1933.77,549.25,4163.16,85.2522,157.765,-5.32391,-1.13734,0.237905,-0.70457,0,0,0,0,0,0,0,83.2177,0,0.972591,0,0,337.332,1008.64,0,0,1278.99,4730.39,0
1691509939070847026,1596,1327,263,0.831454,22.4606,44.0284,67.7823,93.3022,145.284,-0.376852,359.213,673.293,1056.05,1311.91,1411.51,5416.28,12168.4,24297.2,2494.15,2915.82,2892.09,478.677,550.999,715.201,157586,9912.43,15585.2,10.1723,8.72036,0,0,0.0629018,0,29.3323,106.524,154.717,1573.89,5962.09,7758.63,0.000578742,0.000192521,6,5,9,0.642857,1,8.53017,7.36022,1.16995,0.0889513,0.219524,1327,0,0,0,0,0.001,0,0,0,0,0,0,0,0,0,0,0,0,0,0,0,0,0,0,0,0,0,0,0,0,0,0,0,0,0,0,0,0,0,0,0,0,22.4606,67.7823,56.978,570.473,767.549,0,0.915742,-0.107208,0.3872,0.699059,45.6485,0.013687,0.503759,0.67,1276.06,1646.73,2272.89,2902.87,325.929,1043.28,2206.74,593.688,4176.14,119.123,164.451,-2.33507,-0.434777,-0.461499,-0.221218,0,0,0,0,0,0,0,93.3022,0,0.956292,0,0,359.213,1056.05,0,0,1411.51,5416.28,0
1691509939170858797,1457,1102,348,0.756349,26.7097,46.2741,66.2913,86.0078,147.731,-2.53348,350.547,673.7,1035.28,1240.25,1281.15,4817.77,10440.9,21837.5,2439.59,2370.38,3273.89,456.744,652.233,647.139,165050,6391.97,10064.4,30.5199,7.92649,0,0,0.0387273,0,15.1295,87.1267,107.842,1320.78,3108.5,5424.99,0.00027214,7.07505e-05,3,3,8,0.727273,1,8.062,7.09669,0.965313,0.0383636,0.228182,1102,0,0,0,0,0.001,0,0,0,0,0,0,0,0,0,0,0,0,0,0,0,0,0,0,0,0,0,0,0,0,0,0,0,0,0,0,0,0,0,0,0,0,26.7097,66.2913,58.093,575.115,783.792,1,0.776582,0.613094,0.145039,0.701579,45.4462,0.0191803,0.492537,0.66,1144.18,1480.08,2233.67,3253.68,304.847,933.309,2048.96,581.909,3949.63,106.044,163.206,-7.87868,-2.02726,-0.999634,-1.27241,0,0,0,0,0,0,0,86.0078,0,0.970962,0,0,350.547,1035.28,0,0,1281.15,4817.77,0
1691509939270598313,1439,1068,360,0.742182,26.3699,44.9706,67.6398,82.1121,139.82,0.555972,377.629,682.768,1052.34,1235.83,1308.78,5237.97,11924.1,18214.1,2832.65,2208.59,3378.93,474.795,661.05,652.275,161006,7479.24,11573.8,6.25013,5.93864,0,0,0.0464532,0,11.869,84.9643,101.439,1482.47,3399.4,6493.68,0.00660243,0.00106533,10,10,10,0.5,1,7.59598,6.68867,0.90731,0.082362,0.030236,1068,0,0,0,0,0.001,0,0,0,0,0,0,0,0,0,0,0,0,0,0,0,0,0,0,0,0,0,0,0,0,0,0,0,0,0,0,0,0,0,0.0234082,15.0988,48.544,26.6442,68.6403,60.2065,578.337,811.456,1,0.767895,0.620577,0.158813,0.999839,1.02684,0.027812,0.754386,0.86,1155.83,1477.44,2085.53,3248.91,308.146,949.111,1999.7,583.322,3948.22,101.063,163.028,-0.795206,0.304785,-0.359536,-0.626689,0,0,0,0,0,0.0173732,53.2659,82.2062,1,0.972196,275.334,577.517,384.199,1056.48,400.197,975.578,1363.85,5299.07,0.000685145
1691509939370530419,1505,1102,394,0.732226,21.9558,40.7613,61.6725,77.5346,141.273,0.893778,361.476,668.167,1067.42,1349.84,1287.87,4983.09,13516.2,19893.9,2634.38,2203.77,3230.85,491.917,662.823,621.621,160222,8756.38,13328.4,10.6356,10.5068,0,0,0.0546514,0,26.1764,111.543,119.369,1401.68,4019.31,7650.31,0.00176322,0.000376427,6,5,12,0.705882,1,7.23731,6.4551,0.78221,0.0504076,0.123993,1102,0,0,0,0,0.001,0,0,0,0,0,0,0,0,0,0,0,0,0,0,0,0,0,0,0,0,0,0,0,0,0,0,0,0,0,0,0,0,0,0.0235935,10.9754,34.3324,22.2664,62.1477,62.6391,588.673,801.688,1,0.766819,0.624939,0.146427,0.999913,0.754912,0.0155059,0.754386,0.86,1165.54,1467.59,2126.96,3146.82,305.982,927.597,2030.51,587.482,3877.36,124.923,182.853,-0.914831,1.21819,-1.56541,-1.01381,0,0,0,0,0,0.0179402,34.8514,78.4054,1,0.979554,356.72,1001.74,361.476,1067.96,540.966,1351.4,1325.47,5087.7,0.00161576
1691509939470402816,1428,1055,368,0.738796,23.4521,41.3574,63.8396,79.0508,153.867,0.255526,341.542,698.252,1054.55,1291.42,1266.63,5517.94,13059,50383.4,2787.04,2223.25,3618,509.183,684.609,608.697,170109,10114.5,15090.2,8.40951,3.22569,0,0,0.0594593,0,19.0733,93.2375,115.538,1292.27,4718.86,8851.21,0.00148956,0.000196987,5,4,11,0.733333,1,7.97482,7.18278,0.792043,0.0604665,0.0590311,1055,0,0,0,0,0.001,0,0,0,0,0,0,0,0,0,0,0,0,0,0,0,0,0,0,0,0,0,0,0,0,0,0,0,0,0,0,0,0,0,0.0369668,9.28842,39.0476,24.0657,64.2912,68.2278,586.062,818.71,1,0.754137,0.638542,0.153432,0.999803,1.13866,0.0237912,0.801802,0.89,1215.74,1484.04,2282.74,3284.88,301.144,963.493,2029.56,607.474,3932.82,117.497,200.575,-5.61129,-0.086961,0.626669,-0.728589,0,0,0,0,0,0.0280112,46.9719,79.4823,1,0.979331,220.019,735.095,343.431,1060.69,317.549,1165.57,1330.54,5568.85,0.00233729
1691509939570354390,1377,1012,361,0.734931,26.1919,45.2674,67.1549,87.8933,142.296,-4.48233,335.735,691.333,1032.99,1263.77,1249.09,5138.98,10961.4,23444.7,2566.88,2339.66,3370.83,440.612,683.879,690.41,170581,7247.53,11193.7,7.57827,7.96845,0,0,0.0424875,0,9.04328,84.7635,108.715,1369.13,3337.69,6284.35,0.00017162,7.80544e-05,5,5,8,0.615385,1,8.16725,7.26619,0.901055,0.0680185,0.220732,1012,0,0,0,0,0.001,0,0,0,0,0,0,0,0,0,0,0,0,0,0,0,0,0,0,0,0,0,0,0,0,0,0,0,0,0,0,0,0,0,0,0,0,26.1919,67.1549,66.9429,585.481,814.577,1,0.751515,0.644644,0.140213,0.999891,0.847631,0.0246051,0.785714,0.88,1171.3,1453.23,2032.25,3175.36,297.349,943.439,1976.27,590.246,4028.49,96.6796,159.792,-2.14165,-0.407135,0.293746,-0.333347,0,0,0,0,0,0,0,87.8933,0,0.963439,0,0,335.735,1032.99,0,0,1249.09,5138.98,0
1691509939670523569,1544,1096,447,0.709845,23.3356,43.0889,67.7619,89.1524,149.667,-1.54906,357.661,687.606,1071.44,1297.1,1340.97,5541.17,11796.6,21179.1,2472.62,2393.16,3545.49,526.449,681.048,606.114,165046,7855.57,12213,7.2318,7.12948,0,0,0.0475961,0,11.9106,94.9405,119.987,1428.71,3879.68,6677.81,0.0174664,0.00287339,9,9,12,0.571429,1,7.45954,6.5178,0.941745,0.0528226,0.104055,1096,0,0,0,0,0.001,0,0,0,0,0,0,0,0,0,0,0,0,0,0,0,0,0,0,0,0,0,0,0,0,0,0,0,0,0,0,0,0,0,0,0,0,23.3356,67.7619,72.7051,601.121,818.174,1,0.743066,0.653627,0.143613,0.999918,0.732947,0.025457,0.769912,0.87,1144.97,1411.72,2060.27,3021.66,289.19,923.09,1917.5,636.544,3956.84,108.911,181.933,-1.61655,0.930874,0.806699,-1.02231,0,0,0,0,0,0,0,89.1524,0,0.962591,0,0,357.661,1071.44,0,0,1340.97,5541.17,0
1691509939770700673,1468,1043,418,0.71049,25.9657,45.0881,71.909,90.8667,167.658,-8.89009,394.291,758.665,1194.64,1384.02,1378.31,5837.76,14647.7,28119.6,3023.63,2461.64,3774.56,570.937,767.306,695.369,171557,11239,16324.9,14.8628,6.06598,0,0,0.0655117,0,28.6167,109.041,136.409,1418.69,4381.61,10250.5,0.000303491,4.0826e-05,4,4,12,0.75,1,7.74719,6.78288,0.964309,0.0259189,0.0614538,1043,0,0,0,0,0.001,0,0,0,0,0,0,0,0,0,0,0,0,0,0,0,0,0,0,0,0,0,0,0,0,0,0,0,0,0,0,0,0,0,0.000958773,1.12466,1.12466,25.9933,71.9419,74.9352,601.347,833.718,1,0.733759,0.662493,0.150668,0.999893,0.840122,0.0216491,0.694915,0.82,1181.28,1476.69,2189.73,3086.99,290.192,948.942,2009.57,662.447,3991.54,135.049,214.006,-11.4745,-0.713313,-2.29351,-0.478931,0,0,0,0,0,0.0013624,1.12466,90.8771,1,0.964491,753.806,753.806,393.186,1194.92,803.222,803.222,1381.43,5839.22,3.95204e-05
1691509939870681895,1590,1146,439,0.720755,24.5927,43.8094,68.9298,86.6922,143.392,-7.94494,349.458,684.581,1096.95,1342.14,1226.68,5204.88,11225.3,24096.4,2544.92,2215.86,3406.86,499.841,663.522,658.554,173784,7855.56,12266.4,10.351,5.00194,0,0,0.0452029,0,43.523,115.815,124.887,1604.25,3568.07,6809.86,0.000320023,4.46889e-05,5,5,11,0.6875,1,7.0628,6.09761,0.965198,0.0689094,0.14139,1146,0,0,0,0,0.001,0,0,0,0,0,0,0,0,0,0,0,0,0,0,0,0,0,0,0,0,0,0,0,0,0,0,0,0,0,0,0,0,0,0.0113438,12.2338,26.4628,24.9413,69.1232,72.7941,607.424,841.782,1,0.728975,0.666461,0.156285,0.999965,0.479996,0.0158545,0.724138,0.84,1175.18,1443.49,2152.17,3348.75,284.717,916.803,1946.21,657.188,4016.82,131.748,185.764,-4.15845,0.56611,-0.899748,-1.54926,0,0,0,0,0,0.0081761,29.3306,87.3451,1,0.977052,425.414,744.682,349.358,1103.13,619.344,1133.86,1235.95,5226.28,0.000531715
1691509939970458476,1583,1160,411,0.732786,26.1868,45.7004,72.6463,94.8589,152.977,-8.35912,361.202,695.953,1102.67,1356.35,1213.89,5154.7,12583.2,55045.9,2470.58,2124.09,3297.87,549.178,677.807,630.669,170650,10590.1,15582.3,16.0342,12.3883,0,0,0.0620577,0,47.2886,123.901,147.475,1874.05,3615.85,9773.7,3.75479e-05,9.94048e-06,5,5,9,0.642857,1,7.12429,6.02673,1.09756,0.0542187,0.124908,1160,0,0,0,0,0.001,0,0,0,0,0,0,0,0,0,0,0,0,0,0,0,0,0,0,0,0,0,0,0,0,0,0,0,0,0,0,0,0,0,0.0198276,19.5859,35.1636,26.3954,73.0981,77.8573,612.183,838.959,1,0.730103,0.668033,0.143811,0.99992,0.723241,0.0176518,0.785714,0.88,1179.25,1482.95,2214.87,3215.52,278.289,935.418,1973.24,659.165,4059.6,154.568,234.166,-1.03186,1.77538,-0.606207,-2.53517,0,0,0,0,0,0.0145294,42.4083,95.3571,1,0.962181,352.072,663.77,362.977,1114.61,458.169,886.937,1237.23,5194.35,0.00166017
1691509940070642557,1604,1134,462,0.706983,25.56,46.3759,69.8993,91.841,184.535,-10.9843,365.716,688.592,1135.34,1418.01,1206.73,5251.92,12144.9,22485.8,2557.6,2246.77,3393.79,561.089,716.322,667.923,172335,8193.31,12533.8,9.42401,6.94668,0,0,0.0475428,0,48.1041,119.611,137.147,1458.73,3518.49,7251.7,0.000468127,9.51608e-05,8,8,9,0.529412,1,7.07948,6.03878,1.0407,0.0612673,0.0722783,1134,0,0,0,0,0.001,0,0,0,0,0,0,0,0,0,0,0,0,0,0,0,0,0,0,0,0,0,0,0,0,0,0,0,0,0,0,0,0,0,0.0335097,23.17,46.861,25.7472,70.305,78.0794,616.996,851.924,1,0.722733,0.673817,0.153713,0.999907,0.781002,0.0195114,0.785714,0.88,1181.75,1476.79,2179.42,3025.55,279.407,927.167,1967.94,665.783,4099.33,136.944,200.102,-0.390625,1.02461,-0.391231,-1.41149,0,0,0,0,0,0.0236908,50.4029,93.0829,1,0.961679,365.455,542.906,365.716,1148.99,420.413,838.208,1264.67,5354,0.0024558
1691509940170620725,1727,1296,428,0.750434,25.2644,43.7504,71.2712,88.4096,183.348,-4.51348,367.643,736.551,1157.61,1361.67,1160.57,5249.18,10446.3,20915.7,2638.39,2226.82,3333.57,537.8,681.461,696.196,175938,8610.58,13529.5,11.5156,11.6266,0,0,0.0489409,0,62.7341,140.707,148.479,1845.75,3865.22,7466.57,0.00220114,0.000544403,8,7,13,0.65,1,7.63762,6.49888,1.13874,0.051823,0.140352,1296,0,0,0,0,0.001,0,0,0,0,0,0,0,0,0,0,0,0,0,0,0,0,0,0,0,0,0,0,0,0,0,0,0,0,0,0,0,0,0,0.066358,24.1759,39.6464,25.4861,72.5645,78.1717,612.924,838.904,1,0.720301,0.676465,0.153501,0.999994,0.206338,0.00443257,0.769912,0.87,1157.9,1430.37,2110.92,2979.43,272.852,925.99,1954.12,684.313,4191.46,164.516,223.027,0.993713,1.33134,-1.18048,-1.31527,0,0,0,0,0,0.0503764,45.8938,89.7466,1,0.97438,285.731,717.686,381.085,1170.22,394.349,1031,1276.48,5442.06,0.0035046
1691509940270294274,1642,1263,371,0.769184,26.5815,48.524,67.8071,81.3914,179.716,-7.71063,346.354,729.065,1138.78,1348.9,1166.1,4889.61,11964,27180.3,2754.47,2180.02,2938.02,539,662.763,730.299,178513,7986.83,12701.1,4.31103,4.88638,0,0,0.0447409,0,51.2836,125.782,144.229,1820.65,3748.69,6810.49,0.00084603,0.000141967,6,6,11,0.647059,1,7.42989,6.33896,1.09094,0.0545083,0.0658158,1263,0,0,0,0,0.001,0,0,0,0,0,0,0,0,0,0,0,0,0,0,0,0,0,0,0,0,0,0,0,0,0,0,0,0,0,0,0,0,0,0,0,0,26.5815,67.8071,79.5625,612.834,849.603,1,0.711361,0.682639,0.16724,0.999847,1.00359,0.0432651,0.769912,0.87,1185,1467.21,2393.88,3212.47,277.186,928.107,1981.38,717.53,4082.41,154.564,198.213,-1.43391,0.781432,-0.440711,-1.42646,0,0,0,0,0,0,0,81.3914,0,0.983373,0,0,346.354,1138.78,0,0,1166.1,4889.61,0
1691509940370322498,1650,1197,449,0.725455,27.4856,47.6033,71.9272,87.2475,187.473,-8.51079,369.838,732.23,1161.95,1361.48,1194.87,4735,11187.6,26146.6,2635.31,2109.46,2916.06,559.171,683.004,665.913,181841,8226.58,12813.2,14.0982,9.35768,0,0,0.0452404,0,55.0277,113.483,135.023,1575.58,3826.47,7107.61,0.001695,0.000209079,6,6,12,0.666667,1,7.56671,6.44925,1.11746,0.0296546,0.147036,1197,0,0,0,0,0.001,0,0,0,0,0,0,0,0,0,0,0,0,0,0,0,0,0,0,0,0,0,0,0,0,0,0,0,0,0,0,0,0,0,0,0,0,27.4856,71.9272,81.495,613.891,847.614,1,0.707897,0.685958,0.168355,0.999988,0.282197,0.00388993,0.769912,0.87,1172.14,1434.76,2003.26,3098.26,273.154,917.49,1910.35,731.482,4131.48,134.737,196.986,-6.0727,2.43387,-1.85805,-2.81445,0,0,0,0,0,0,0,87.2475,0,0.974102,0,0,369.838,1161.95,0,0,1194.87,4735,0
1691509940470568244,1619,1175,440,0.725757,25.3448,47.9738,73.2774,88.8547,192.737,-9.5255,354.44,725.883,1166.04,1402.09,1194.08,4888.6,11157.6,25110.1,2749.88,2213.71,2899.57,549.673,696.809,661.496,174740,7529.24,11965.1,13.7238,10.6236,0,0,0.0430882,0,39.8624,114.13,137.133,1789.19,3425.85,6458.98,0.00256248,0.000414265,5,4,11,0.733333,1,7.67226,6.56349,1.10877,0.0575451,0.0567202,1175,0,0,0,0,0.001,0,0,0,0,0,0,0,0,0,0,0,0,0,0,0,0,0,0,0,0,0,0,0,0,0,0,0,0,0,0,0,0,0,0,0,0,25.3448,73.2774,77.3677,609.891,852.741,1,0.697995,0.694549,0.17437,0.999896,0.826413,0.0209367,0.801802,0.89,1157.88,1445.3,2157.01,3108.59,271.681,920.302,1972.18,723.115,4226.54,139.201,210.249,-7.96908,0.116896,-1.40168,-2.30029,0,0,0,0,0,0,0,88.8547,0,0.970213,0,0,354.44,1166.04,0,0,1194.08,4888.6,0
1691509940569885685,1592,1141,447,0.716709,28.3403,47.9253,71.5732,87.6169,157.094,-11.4828,372.42,750.716,1155.23,1336.76,1278.98,4869.25,11307.2,20618.8,3036.04,2256.52,2938.19,519.954,687.416,769.342,183591,7433.13,11671.9,7.88717,8.12723,0,0,0.0404875,0,60.5042,113.701,134.702,1698.86,3153.91,6510.25,0.00294709,0.000577624,4,3,9,0.75,1,7.66197,6.59608,1.0659,0.0641178,0.180853,1141,0,0,0,0,0.001,0,0,0,0,0,0,0,0,0,0,0,0,0,0,0,0,0,0,0,0,0,0,0,0,0,0,0,0,0,0,0,0,0,0.00613497,6.55078,21.8741,28.496,71.7443,78.5554,618.957,861.488,1,0.698207,0.696206,0.166745,0.99997,0.447211,0.00990907,0.801802,0.89,1135.12,1431.04,2049.88,3012.13,262.001,893.699,1861.19,741.962,4378.94,134.201,193.21,-3.63742,0.841706,-0.341643,-1.84639,0,0,0,0,0,0.00439698,24.7709,87.7463,1,0.971781,374.064,526.219,372.123,1156.01,616.314,709.759,1289.2,4898.88,0.000221037
1691509940669639141,1661,1248,410,0.751355,25.9058,46.9492,70.6808,80.4119,171.529,-11.8596,359.081,725.497,1101.97,1385.46,1234.06,5071.87,11600.4,21784.8,2748.98,2328.12,3132.35,504.315,669.517,692.22,186752,7927.72,12498.1,10.5678,10.1128,0,0,0.0424504,0,59.3087,116.142,134.702,1709.93,3658.67,6819.38,0.0622419,0.00924128,7,7,12,0.631579,1,7.39047,6.28576,1.10471,0.0640743,0.0707144,1248,0,0,0,0,0.001,0,0,0,0,0,0,0,0,0,0,0,0,0,0,0,0,0,0,0,0,0,0,0,0,0,0,0,0,0,0,0,0,0,0.00320513,4.63228,11.0383,26.1766,70.718,85.0997,625.924,886.976,1,0.694397,0.700065,0.166498,0.999985,0.311043,0.00320295,0.851852,0.92,1119.77,1426.01,2124.49,2913.08,258.94,887.06,1899.71,734.588,4306.76,152.899,198.985,-0.609831,2.00378,-0.0885611,-2.29112,0,0,0,0,0,0.00240819,12.2002,80.4384,1,0.982315,282.754,388.612,359.081,1102.49,403.605,579.778,1246.5,5076.15,5.76053e-05
1691509940769914214,1591,1154,433,0.72533,25.8138,44.6924,69.4709,80.4442,172.487,-10.4668,381.417,720.269,1087.98,1325.92,1266.71,4894.03,12604.6,52013.7,2755,2117.69,2962.72,537.248,625.566,690.694,187958,9760.99,15435.6,12.5156,8.46409,0,0,0.0519317,0,88.6262,122.764,629.738,1541.49,4617.15,8435.83,0.00995567,0.000915653,5,5,8,0.615385,1,7.54871,6.56926,0.979442,0.0526681,0.183392,1154,0,0,0,0,0.001,0,0,0,0,0,0,0,0,0,0,0,0,0,0,0,0,0,0,0,0,0,0,0,0,0,0,0,0,0,0,0,0,0,0.00953206,11.7593,30.1987,25.9826,69.5978,80.9015,624.248,883.851,1,0.694332,0.69998,0.167127,1,0.0365429,0.00352701,0.834862,0.91,1091.04,1426.74,2041.84,2759.53,264.755,872.391,1921.11,744.978,4412.88,157.813,217.964,-1.87518,0.770757,-0.893042,-2.77287,0,0,0,0,0,0.00691389,34.4494,80.453,1,0.980752,269.245,389.955,381.844,1095.07,344.466,576.726,1294.13,4896.01,0.000229979
1691509940869985132,1733,1268,461,0.731679,23.3197,44.0879,66.5805,81.3041,167.626,-9.70325,363.338,699.932,1075.57,1297.58,1245.19,4851.4,11962.5,25410.7,2725.17,1942.44,2957.86,539.7,627.596,647.875,185570,8360.24,12858.2,20.2454,10.9825,0,0,0.0450516,0,53.92,119.226,138.048,1635.69,3499.39,7411.9,0.000212066,5.10851e-05,4,4,8,0.666667,1,7.59418,6.57082,1.02336,0.0462759,0.0961484,1268,0,0,0,0,0.001,0,0,0,0,0,0,0,0,0,0,0,0,0,0,0,0,0,0,0,0,0,0,0,0,0,0,0,0,0,0,0,0,0,0.00709779,10.5435,22.6386,23.4459,66.6094,82.9626,624.592,883.445,1,0.688494,0.704479,0.172294,0.999959,0.515737,0.0187063,0.73913,0.85,1088.88,1350.21,1940.95,2751.73,274.009,868.247,1820.98,778.217,4348.93,150.12,208.379,-2.61841,-0.0873601,-0.74777,-1.59608,0,0,0,0,0,0.00519331,23.237,81.3119,1,0.980143,526.844,653.048,362.915,1079.52,807.112,985.304,1257.69,4861.34,0.00038532
1691509940970313784,1651,1224,420,0.741369,23.1356,45.7508,69.7198,84.7091,159.598,-7.88225,360.376,704.243,1063.83,1313.95,1163.8,4973.86,11940,20619.5,2697.86,1954.83,3217,516.464,628.55,661.899,183044,7819.18,12310.7,16.9684,4.61405,0,0,0.0427176,0,53.6251,111.716,139.013,1627.36,3673.78,6705.22,0.000106489,2.62437e-05,3,3,8,0.727273,1,7.30665,6.2528,1.05385,0.0456742,0.129272,1224,0,0,0,0,0.001,0,0,0,0,0,0,0,0,0,0,0,0,0,0,0,0,0,0,0,0,0,0,0,0,0,0,0,0,0,0,0,0,0,0.0187908,11.0841,21.9777,23.6296,69.8431,82.8869,630.634,903.48,1,0.683156,0.710375,0.169308,0.999964,0.486744,0.000371508,0.851852,0.92,1108.16,1394.15,1976.2,2845.62,276.003,867.333,1825.14,724.164,4317.74,131.642,205.208,-3.07908,-0.146049,-0.652766,-0.506988,0,0,0,0,0,0.013931,24.0579,84.9472,1,0.970858,288.792,544.539,365.345,1080.29,487.464,860.502,1231.6,5053.24,0.000599742
1691509941071066925,1671,1232,432,0.737283,23.3616,45.3674,71.53,84.3817,166.626,-6.32057,357.142,678.665,1077.34,1362.76,1240.98,5045.02,11074.3,23441.5,2936.13,2065.25,2916.82,511.054,628.55,677.167,186071,7266.58,11720.5,8.74664,7.1688,0,0,0.0390526,0,50.8989,107.508,133.489,1741.2,3656.95,6030.43,0.00377567,0.00112998,7,6,9,0.6,1,7.7672,6.70062,1.06659,0.0624474,0.106302,1232,0,0,0,0,0.001,0,0,0,0,0,0,0,0,0,0,0,0,0,0,0,0,0,0,0,0,0,0,0,0,0,0,0,0,0,0,0,0,0,0.00243506,22.4776,28.5976,23.3668,71.6057,87.2729,644.131,914.596,1,0.687265,0.708792,0.159002,0.999937,0.642111,0.0168979,0.851852,0.92,1107.94,1391.47,2003.34,2892.16,272.675,838.825,1770.54,724.677,4276.56,141.586,193.073,0.0841529,0.502585,-0.439265,-0.848023,0,0,0,0,0,0.00179533,29.3626,84.3864,1,0.970708,237.978,548.32,357.923,1077.69,423.873,908.9,1245.35,5049.18,0.000117828
1691509941171252935,1719,1282,430,0.745782,22.9475,46.9938,67.9047,83.0364,165.639,-8.20261,351.031,656.997,1093.87,1326.01,1188.16,5011.29,10813,18429.9,2728.68,2046.72,2900.37,533.884,603.712,638.033,185356,7429.64,11899.7,10.5669,9.66167,0,0,0.040083,0,60.7892,118.654,131.467,1686.1,3668.78,6233.9,0.0134656,0.0026422,4,4,8,0.666667,1,7.74028,6.64146,1.09882,0.0380751,0.0839954,1282,0,0,0,0,0.001,0,0,0,0,0,0,0,0,0,0,0,0,0,0,0,0,0,0,0,0,0,0,0,0,0,0,0,0,0,0,0,0,0,0.00858034,12.4378,26.0673,23.071,68.0878,84.9808,647.332,929.687,1,0.682037,0.712453,0.165035,0.999961,0.503165,0.0151883,0.851852,0.92,1106.58,1371.45,2004.06,2953.72,271.195,830.845,1775.63,760.116,4287.44,153.594,181.453,-0.808681,0.935453,-1.3671,-1.28374,0,0,0,0,0,0.00639907,27.973,83.0942,1,0.974823,267.398,743.729,353.474,1097.28,467.509,1122.11,1199.77,5026.3,0.000398618
1691509941271230211,1725,1280,444,0.742029,22.53,46.2855,71.2641,84.374,166.249,-5.18255,345.427,683.111,1083.48,1321.99,1233.18,5198.31,11850.4,19526.1,2929.54,2041.43,2886.34,511.388,616.799,662.981,185488,8302.68,13015.2,9.89189,9.60659,0,0,0.0447614,0,32.0297,110.281,130.534,1825.89,3728.22,7188.24,0.00333224,0.00126596,8,7,14,0.666667,1,8.36648,7.26267,1.10381,0.0448505,0.145423,1280,0,0,0,0,0.001,0,0,0,0,0,0,0,0,0,0,0,0,0,0,0,0,0,0,0,0,0,0,0,0,0,0,0,0,0,0,0,0,0,0,0,0,22.53,71.2641,88.6552,646.523,912.822,1,0.678195,0.715296,0.168534,0.999982,0.339434,0.00703329,0.834862,0.91,1072.57,1366.89,1987.71,3040.45,278.557,834.784,1739.78,767.786,4412.67,154.759,192.781,-1.22264,0.176989,-0.589303,-0.955708,0,0,0,0,0,0,0,84.374,0,0.976562,0,0,345.427,1083.48,0,0,1233.18,5198.31,0
1691509941370829557,1632,1190,441,0.729167,21.9232,44.1124,70.5033,92.2041,223.917,-6.61426,328.76,685.975,1095.96,1334.89,1215.72,4939.47,12390.4,17807.5,2815.21,1991.61,3050.28,533.358,668.806,625.863,184856,7456.45,11568.5,20.9375,7.86156,0,0,0.0403366,0,32.5439,101.862,122.66,1449.4,3375.14,6486.9,0.00262614,0.000567723,4,3,9,0.75,1,7.76363,6.69008,1.07355,0.0572871,0.0743023,1190,0,0,0,0,0.001,0,0,0,0,0,0,0,0,0,0,0,0,0,0,0,0,0,0,0,0,0,0,0,0,0,0,0,0,0,0,0,0,0,0,0,0,21.9232,70.5033,85.6857,651.386,920.928,1,0.674549,0.717877,0.172151,0.999983,0.329311,0.00748673,0.851852,0.92,1101.82,1397.63,2004.48,2939.67,285.08,828.096,1886.75,717.898,4240.76,139.817,196.66,-3.76015,-0.926236,-1.56197,-0.478478,0,0,0,0,0,0,0,92.2041,0,0.963866,0,0,328.76,1095.96,0,0,1215.72,4939.47,0
1691509941470815059,1723,1264,456,0.733604,22.6333,45.5079,68.7708,85.7831,200.505,-7.12234,340.489,666.581,1053.91,1313.74,1207.72,5144.25,12509.5,22742.6,2827.91,2025.21,2970.25,502.949,609.436,637.523,186949,8389.09,12986,5.86275,7.97295,0,0,0.0448736,0,33.6689,112.707,125.27,1674.65,3702.57,7337.15,0.000171451,5.12386e-05,4,3,9,0.75,1,7.99465,6.92896,1.06569,0.0544039,0.0634364,1264,0,0,0,0,0.001,0,0,0,0,0,0,0,0,0,0,0,0,0,0,0,0,0,0,0,0,0,0,0,0,0,0,0,0,0,0,0,0,0,0,0,0,22.6333,68.7708,87.5878,651.237,914.176,1,0.678565,0.716932,0.15987,0.999916,0.742284,0.0188527,0.869159,0.93,1092.16,1373.52,2045.36,3437.91,283.148,825.664,1821.43,742.968,4237.6,148.651,193.068,-0.299124,-0.0849423,-1.15445,-0.322814,0,0,0,0,0,0,0,85.7831,0,0.973101,0,0,340.489,1053.91,0,0,1207.72,5144.25,0
1691509941570425215,1824,1404,416,0.769737,20.8563,38.9382,60.5408,76.9581,167.37,-5.64826,327.535,638.475,1064.51,1302.54,1115.79,4655.47,11569.6,26547.7,2485.97,1924.06,2769.66,496.37,599.526,667.686,187056,8494.38,13471.7,7.57415,6.46019,0,0,0.0454108,0,59.838,114.63,147.062,1884.29,4035.28,7230.64,0.000164942,4.46864e-05,4,4,8,0.666667,1,8.49538,7.52769,0.967696,0.0526781,0.146255,1404,0,0,0,0,0.001,0,0,0,0,0,0,0,0,0,0,0,0,0,0,0,0,0,0,0,0,0,0,0,0,0,0,0,0,0,0,0,0,0,0,0,0,20.8563,60.5408,87.9806,656.925,935.095,1,0.673904,0.721744,0.157921,0.999976,0.39977,0.00567862,0.851852,0.92,1115.79,1351.79,1949.41,3672.2,277.194,822.109,1708.42,743.877,4287.14,142.044,208.376,-2.09207,-0.0546732,-0.954459,-0.914712,0,0,0,0,0,0,0,76.9581,0,0.978632,0,0,327.535,1064.51,0,0,1115.79,4655.47,0
1691509941670194779,1755,1344,410,0.765812,22.0742,42.3373,68.1972,87.1076,178.275,-6.3025,310.602,661.993,1061.48,1320.52,1137.27,5051.23,11584.6,20470.1,2709.06,1894.62,2911.1,538.234,622.248,636.508,189030,8135.18,13150.9,7.41723,7.40218,0,0,0.0430365,0,47.3169,90.4227,160.258,2095.86,3982.97,6774.1,0.00375194,0.000962574,7,6,9,0.6,1,8.14656,7.02697,1.11959,0.0701971,0.065951,1344,0,0,0,0,0.001,0,0,0,0,0,0,0,0,0,0,0,0,0,0,0,0,0,0,0,0,0,0,0,0,0,0,0,0,0,0,0,0,0,0,0,0,22.0742,68.1972,89.4947,653.561,958.944,1,-0.672744,-0.722677,-0.158598,0.999999,0.0937012,0.00670052,0.818182,0.9,1122.36,1363.25,2138.1,3659.06,281.598,839.581,1788.95,711.246,4115.29,136.697,201.109,0.426375,0.506774,0.0744125,-0.478593,0,0,0,0,0,0,0,87.1076,0,0.965774,0,0,310.602,1061.48,0,0,1137.27,5051.23,0
1691509941770199928,1853,1397,456,0.753913,21.409,39.8279,61.4892,82.491,163.847,-5.18484,313.597,646.382,1042.65,1362.64,1113.22,4497.32,11355.3,23177,2498.63,1857.56,2735.22,539.884,601.379,617.277,189649,7130.08,11744.8,9.07026,5.75485,0,0,0.0375962,0,52.4881,128.144,160.367,1817.28,3915.88,5670.67,0.00341901,0.000888684,4,4,8,0.666667,1,8.09755,7.0491,1.04846,0.0462311,0.117374,1397,0,0,0,0,0.001,0,0,0,0,0,0,0,0,0,0,0,0,0,0,0,0,0,0,0,0,0,0,0,0,0,0,0,0,0,0,0,0,0,0,0,0,21.409,61.4892,90.0357,664.462,930.502,1,0.675291,0.720456,0.157876,0.999994,0.19799,0.0039089,0.818182,0.9,1105.31,1337.76,2009.37,4273.41,283.103,828.895,1715.87,770.062,4296.34,177.319,203.959,-2.62264,-0.729411,-0.694356,0.0330578,0,0,0,0,0,0,0,82.491,0,0.977094,0,0,313.597,1042.65,0,0,1113.22,4497.32,0
1691509941870282313,1766,1306,454,0.739524,21.7666,41.0934,61.8993,79.4938,171.454,-4.51143,341.908,679.547,1108.53,1391.84,1208.76,4839.34,11341,21497.1,2753.69,2034.48,2940.25,582.288,606.912,656.493,183359,7943.16,12907.2,19.9679,9.8979,0,0,0.0433201,0,59.5288,113.642,167.856,1814.68,4385.97,6365.48,0.000236916,0.000114029,4,3,9,0.75,1,7.89729,6.8992,0.998091,0.0726771,0.0429431,1306,0,0,0,0,0.001,0,0,0,0,0,0,0,0,0,0,0,0,0,0,0,0,0,0,0,0,0,0,0,0,0,0,0,0,0,0,0,0,0,0,0,0,21.7666,61.8993,89.1524,652.043,942.805,1,-0.670713,-0.725072,-0.156254,0.999978,0.383913,0.00617117,0.834862,0.91,1106.26,1336.92,2009.94,4203.6,281.358,823.014,1720.4,739.703,4245.96,167.195,216.863,3.71249,0.657908,0.40311,0.79745,0,0,0,0,0,0,0,79.4938,0,0.971669,0,0,341.908,1108.53,0,0,1208.76,4839.34,0
1691509941970713692,1766,1280,484,0.724802,20.0194,41.2867,63.3446,85.9783,173.713,-3.10426,324.302,649.413,1077.23,1444.66,1131.74,4726.85,10197.1,22681,2592.04,1937.17,2730.19,554.84,610.316,629.139,190073,6886.22,11444.7,8.85455,5.40568,0,0,0.0362293,0,49.2741,121.386,165.547,1782.77,4065.95,5259.77,0.000796668,0.000264227,6,5,12,0.705882,1,8.03837,7.04198,0.996391,0.0716495,0.130233,1280,0,0,0,0,0.001,0,0,0,0,0,0,0,0,0,0,0,0,0,0,0,0,0,0,0,0,0,0,0,0,0,0,0,0,0,0,0,0,0,0,0,0,20.0194,63.3446,90.3657,666.867,947.767,1,-0.673897,-0.723621,-0.149115,0.999968,0.455574,0.0165284,0.886792,0.94,1113.2,1340.74,1987.32,4042.74,277.485,824.692,1721.59,768.83,4356.3,159.471,202.942,1.82612,0.202325,-0.510848,0.103165,0,0,0,0,0,0,0,85.9783,0,0.964844,0,0,324.302,1077.23,0,0,1131.74,4726.85,0
1691509942071003930,1798,1351,444,0.75139,20.0178,40.0366,66.188,83.8606,185.13,-1.92499,354.658,661.434,1087.29,1423.86,1193.07,4894.51,11736.4,23226.5,2728.56,2071.22,2945.86,577.335,625.797,595.321,187402,7786.67,12592.9,6.82238,6.36306,0,0,0.0415506,0,53.7264,129.539,153.341,1767.07,4136.88,6352.39,2.84365e-05,1.2769e-05,7,7,9,0.5625,1,7.99867,6.89229,1.10638,0.0819376,0.104811,1351,0,0,0,0,0.001,0,0,0,0,0,0,0,0,0,0,0,0,0,0,0,0,0,0,0,0,0,0,0,0,0,0,0,0,0,0,0,0,0,0,0,0,20.0178,66.188,89.1095,661.776,953.115,1,-0.669049,-0.726822,-0.155251,0.999964,0.484169,0.0180853,0.851852,0.92,1103.51,1327.44,1972.73,3866.2,275.678,812.5,1846.72,724.128,4366.21,185.744,214.363,-0.450685,0.887763,0.476381,-0.321191,0,0,0,0,0,0,0,83.8606,0,0.967432,0,0,354.658,1087.29,0,0,1193.07,4894.51,0
1691509942170908134,1732,1265,465,0.73037,21.9645,42.0944,67.1109,89.7555,207.074,-1.26008,343.554,681.968,1110.8,1379.93,1188.66,4813,11316.5,33472.8,2915.36,2032.66,2759.5,545.59,641.582,634.675,187022,8945.86,13817,6.58351,6.0695,0,0,0.0478333,0,52.4664,110.836,151.671,1805.76,3807.47,7888.78,0.000647153,0.000244438,6,6,8,0.571429,1,8.25721,7.17095,1.08626,0.0785671,0.105325,1265,0,0,0,0,0.001,0,0,0,0,0,0,0,0,0,0,0,0,0,0,0,0,0,0,0,0,0,0,0,0,0,0,0,0,0,0,0,0,0,0,0,0,21.9645,67.1109,91.8927,676.538,959.57,1,-0.670693,-0.725615,-0.153801,0.999997,0.143405,0.0090073,0.851852,0.92,1104.63,1319.27,1942.98,3584.2,276.943,828.296,1777.73,769.947,4310.28,148.685,203.576,1.52422,0.366542,0.6587,0.568158,0,0,0,0,0,0,0,89.7555,0,0.963636,0,0,343.554,1110.8,0,0,1188.66,4813,0
1691509942270793325,1719,1275,442,0.74171,22.9994,41.6198,69.7145,95.1095,210.74,-0.643852,330.4,642.135,1024.34,1370.43,1214.88,4905.19,12273.2,23598.8,2711.74,1898.43,2610.4,519.602,610.445,574.88,183001,7616.97,12063.4,16.1723,2.79031,0,0,0.0416227,0,43.3976,110.314,136.498,1571.31,3782.36,6419.52,0.000618644,5.02951e-05,4,4,8,0.666667,1,8.68441,7.53877,1.14564,0.0674712,0.172123,1275,0,0,0,0,0.001,0,0,0,0,0,0,0,0,0,0,0,0,0,0,0,0,0,0,0,0,0,0,0,0,0,0,0,0,0,0,0,0,0,0,0,0,22.9994,69.7145,88.7443,664.226,944.03,1,-0.665707,-0.728971,-0.159483,0.999966,0.473903,0.0166055,0.834862,0.91,1110.38,1324.55,2003.72,3529.7,284.545,851.285,1774.92,778.288,4331.68,154.613,202.975,4.41018,-0.135784,1.13775,1.02995,0,0,0,0,0,0,0,95.1095,0,0.957647,0,0,330.4,1024.34,0,0,1214.88,4905.19,0
1691509942370194049,1693,1230,459,0.726521,23.0842,45.1669,71.1063,94.2877,174.622,-3.12972,336.558,685.549,1091.78,1361.83,1202.75,4701.74,11359.3,20123.1,2791.93,2076.33,2693.97,540.568,639.974,622.987,185500,7121.73,11279.6,4.0945,3.58238,0,0,0.038392,0,46.939,112.154,144.034,1545.55,3332.82,6098.12,0.00717725,0.000662836,11,10,13,0.565217,1,8.36763,7.23379,1.13384,0.102875,0.170345,1230,0,0,0,0,0.001,0,0,0,0,0,0,0,0,0,0,0,0,0,0,0,0,0,0,0,0,0,0,0,0,0,0,0,0,0,0,0,0,0,0,0,0,23.0842,71.1063,95.6049,657.986,940.409,1,-0.663835,-0.732646,-0.150177,0.999948,0.583219,0.0108716,0.818182,0.9,1107.1,1348.09,2026.36,3731.64,278.977,842.78,1725.31,733.734,4385.75,152.155,180.943,1.16271,0.328393,-1.13327,-0.287243,0,0,0,0,0,0,0,94.2877,0,0.958537,0,0,336.558,1091.78,0,0,1202.75,4701.74,0
1691509942470480581,1708,1201,505,0.703162,21.5035,43.7053,74.2083,101.897,215.398,-2.86925,338.228,672.683,1105.87,1355.23,1269.95,4804.39,12020.5,22479.7,2855.84,2146.34,2900.68,530.577,648.14,621.445,184867,7900.99,12221.3,6.13762,4.51752,0,0,0.0427389,0,56.9782,95.3952,140.608,1535.54,3459.83,6932.91,0.00228577,0.000358349,5,5,8,0.615385,1,8.40809,7.23758,1.17051,0.08296,0.215106,1201,0,0,0,0,0.001,0,0,0,0,0,0,0,0,0,0,0,0,0,0,0,0,0,0,0,0,0,0,0,0,0,0,0,0,0,0,0,0,0,0,0,0,21.5035,74.2083,92.5573,657.012,944.431,1,-0.665517,-0.729764,-0.156626,0.999974,0.416061,0.0072866,0.801802,0.89,1117.73,1334.24,2014.28,3914.34,280.268,838.918,1747.29,750.781,4410.8,123.139,190.143,2.47204,0.507789,-0.418907,0.31307,0,0,0,0,0,0,0,101.897,0,0.947544,0,0,338.228,1105.87,0,0,1269.95,4804.39,0
1691509942570226947,1731,1174,554,0.678221,22.3478,44.9573,75.6604,95.643,219.058,-1.33068,334.066,679.409,1121.56,1391.88,1259.64,5118.31,12989,24056.5,2927.07,2457.95,2809.05,561.417,628.955,636.628,191202,8698.25,13504.4,8.54728,8.37086,0,0,0.0454925,0,63.4842,102.845,136.925,1596.67,4107.41,7497.07,0.00424861,0.00116355,5,5,8,0.615385,1,8.2734,7.1637,1.1097,0.0947422,0.0770573,1174,0,0,0,0,0.001,0,0,0,0,0,0,0,0,0,0,0,0,0,0,0,0,0,0,0,0,0,0,0,0,0,0,0,0,0,0,0,0,0,0,0,0,22.3478,75.6604,95.7966,660.614,967.589,1,-0.667592,-0.728802,-0.152213,0.999988,0.28484,0.0069829,0.834862,0.91,1127.48,1335.4,2044.4,3870.41,282.903,856.725,1709.37,785.263,4409.83,141.376,198.332,2.86138,0.273645,0.492083,-0.043288,0,0,0,0,0,0,0,95.643,0,0.957411,0,0,334.066,1121.56,0,0,1259.64,5118.31,0
1691509942671072866,1789,1234,550,0.689771,21.9573,43.5314,76.2355,101.315,217.253,-3.69114,330.766,664.845,1115.15,1393.59,1242.05,4987.23,13085,36199.5,2915.18,2370.66,2936.46,541.051,642.626,636.163,191158,9240.88,14037.4,5.7918,5.83291,0,0,0.0483416,0,53.2319,105.354,138.153,1634.44,3884.05,8222.14,1.1608,0.0228464,11,11,7,0.388889,1,8.98961,7.74934,1.24027,0.103505,0.13812,1234,0,0,0,0,0.001,0,0,0,0,0,0,0,0,0,0,0,0,0,0,0,0,0,0,0,0,0,0,0,0,0,0,0,0,0,0,0,0,0,0,0,0,21.9573,76.2355,96.9336,661.632,946.434,1,-0.671649,-0.725599,-0.149648,0.999983,0.330641,0.009137,0.886792,0.94,1110.45,1347.03,2064.23,3828.56,284.511,867.885,1732.57,773.044,4498.22,147.749,190.425,-0.686619,-1.06985,0.686058,1.07459,0,0,0,0,0,0,0,101.315,0,0.946515,0,0,330.766,1115.15,0,0,1242.05,4987.23,0
1691509942770841390,1727,1179,544,0.682687,23.2659,47.4644,76.4375,95.8377,190.965,-2.49171,331.72,697.606,1086.31,1312.22,1310.02,4832.16,11289.2,20152.3,2805.81,2230.15,2620.75,554.998,616.139,642.496,192115,7362.72,11677.9,9.5618,8.83467,0,0,0.0383245,0,51.5485,102.309,135.784,1393.41,3927.78,6067.04,0.00197873,0.000301457,4,4,8,0.666667,1,8.6399,7.44866,1.19124,0.08674,0.0557132,1179,0,0,0,0,0.001,0,0,0,0,0,0,0,0,0,0,0,0,0,0,0,0,0,0,0,0,0,0,0,0,0,0,0,0,0,0,0,0,0,0,0,0,23.2659,76.4375,92.1872,673.194,961.619,1,-0.664618,-0.73119,-0.153767,0.999951,0.56626,0.0169869,0.851852,0.92,1097.99,1332.12,2040.22,3887.04,280.445,870.584,1720.1,779.872,4415.57,133.972,178.379,5.55656,1.2927,2.11883,0.104053,0,0,0,0,0,0,0,95.8377,0,0.952502,0,0,331.72,1086.31,0,0,1310.02,4832.16,0
1691509942871347276,1775,1196,576,0.673803,22.3954,47.7769,75.9046,101.867,230.668,-4.40304,345.751,712.685,1089.44,1333.68,1340.01,4975.66,13665.8,20998.8,2885.26,2306.59,2896.29,553.952,647.114,620.351,183821,8751.35,13521.1,11.3189,9.08792,0,0,0.047608,0,52.2153,104.318,133.529,1363.65,4471.15,7396.21,0.000353891,0.000102826,5,4,9,0.692308,1,9.03247,7.77242,1.26005,0.107049,0.0203473,1196,0,0,0,0,0.001,0,0,0,0,0,0,0,0,0,0,0,0,0,0,0,0,0,0,0,0,0,0,0,0,0,0,0,0,0,0,0,0,0,0,0,0,22.3954,75.9046,93.672,658.093,969.235,1,-0.669479,-0.727687,-0.14923,0.999972,0.430612,0.0105512,0.886792,0.94,1095.51,1333.3,2007.28,3643.41,280.948,868.153,1680.9,767.155,4292.88,143.606,175.996,2.9226,1.49338,1.71369,-0.11897,0,0,0,0,0,0,0,101.867,0,0.945652,0,0,345.751,1089.44,0,0,1340.01,4975.66,0
1691509942971323567,1862,1285,573,0.690118,22.4064,43.4366,67.6587,87.8434,212.095,-3.67988,339.472,670.913,1054.91,1342.69,1244.33,4786.59,11965.2,25154.8,2605.76,2289.9,2932.46,574.101,656.705,592.072,191698,8397.32,12945.4,5.71698,5.5532,0,0,0.0438049,0,55.6541,117.471,139.999,1470.71,3845.18,7316.42,0.00305152,0.000439681,9,8,11,0.578947,1,8.7163,7.58639,1.12991,0.117311,0.115212,1285,0,0,0,0,0.001,0,0,0,0,0,0,0,0,0,0,0,0,0,0,0,0,0,0,0,0,0,0,0,0,0,0,0,0,0,0,0,0,0,0,0,0,22.4064,67.6587,94.2721,674.921,968.807,1,-0.672023,-0.726685,-0.142529,0.999974,0.414684,0.0166249,0.869159,0.93,1102.24,1314.28,1959.34,3677.57,282.303,859.204,1708.71,767.174,4357.17,160.443,179.136,2.4165,1.90037,1.53654,-1.0555,0,0,0,0,0,0,0,87.8434,0,0.964202,0,0,339.472,1054.91,0,0,1244.33,4786.59,0
1691509943070937653,1810,1251,557,0.69116,21.7783,45.039,69.2254,98.2942,180.97,-2.03903,361.944,707.89,1100.58,1343.32,1339.42,5250.03,13711,24941.3,2968.82,2346.58,3070.03,572.99,636.492,636.886,193596,9504.19,14485.7,9.05367,8.29563,0,0,0.049093,0,73.2158,116.99,130.952,1436,4463.85,8264.71,0.00468176,0.000851553,11,10,12,0.545455,1,8.36707,7.2063,1.16077,0.10443,0.10137,1251,0,0,0,0,0.001,0,0,0,0,0,0,0,0,0,0,0,0,0,0,0,0,0,0,0,0,0,0,0,0,0,0,0,0,0,0,0,0,0,0,0,0,21.7783,69.2254,95.3322,680.802,970.866,1,-0.673061,-0.724741,-0.147447,0.999985,0.308779,0.00616774,0.851852,0.92,1078.03,1333.18,1905.11,3474.45,287.262,852.9,1740.44,782.459,4350.12,159.922,209.053,3.77133,0.301973,0.571721,0.441504,0,0,0,0,0,0,0,98.2942,0,0.954436,0,0,361.944,1100.58,0,0,1339.42,5250.03,0
1691509943170531190,1922,1357,560,0.706035,20.7426,41.0343,70.2211,94.2602,188.856,-2.00272,333.374,643.962,994.896,1275.15,1175.22,4731.6,10981,28417.7,2533.63,2291.5,2689.05,552.163,595.299,584.297,193908,8425.77,12816,11.2139,8.04606,0,0,0.0434525,0,57.6882,99.3848,148.424,1292.38,3825.18,7392.98,0.00108339,0.000187657,5,5,8,0.615385,1,8.21416,7.017,1.19716,0.115148,0.169982,1357,0,0,0,0,0.001,0,0,0,0,0,0,0,0,0,0,0,0,0,0,0,0,0,0,0,0,0,0,0,0,0,0,0,0,0,0,0,0,0,0,0,0,20.7426,70.2211,96.0134,673.276,966.711,1,-0.677018,-0.721785,-0.14378,0.999981,0.352437,0.0085092,0.834862,0.91,1077.64,1356.59,1906.6,3590.96,288.141,835.543,1714.79,790.784,4273.46,162.314,184.278,2.52884,2.52742,2.24725,0.537991,0,0,0,0,0,0,0,94.2602,0,0.957259,0,0,333.374,994.896,0,0,1175.22,4731.6,0
1691509943270099212,1910,1356,550,0.709948,20.766,40.4205,68.7045,85.0976,166.001,-0.576829,333.785,660.776,1019.44,1304.08,1170.79,4663.63,11148.8,26603,2558.99,2336.86,2649.1,552.104,593.47,610.306,188280,8727.42,13211,9.88114,6.19325,0,0,0.0463535,0,61.0711,119.018,157.817,1292.04,3867.65,7713.42,0.00536687,0.000609068,6,5,9,0.642857,1,8.12267,7.01974,1.10293,0.137174,0.0408888,1356,0,0,0,0,0.001,0,0,0,0,0,0,0,0,0,0,0,0,0,0,0,0,0,0,0,0,0,0,0,0,0,0,0,0,0,0,0,0,0,0,0,0,20.766,68.7045,92.4787,666.928,978.593,1,-0.669441,-0.726955,-0.152923,0.999916,0.742033,0.0183576,0.923077,0.96,1064.92,1359.61,1905,3640.21,293.539,823.62,1684.26,757.057,4243.01,182.854,168.506,2.50929,1.45056,1.34528,-0.229825,0,0,0,0,0,0,0,85.0976,0,0.965339,0,0,333.785,1019.44,0,0,1170.79,4663.63,0
1691509943369438922,1872,1337,534,0.714209,21.3683,44.471,71.6589,92.0318,212.841,-0.321483,343.433,696.186,1095.38,1332.43,1287.35,5144.05,13377.7,21185.1,2574.8,2568.22,2972.77,554.618,615.545,619.982,189433,9720.91,14678.1,8.52333,8.5146,0,0,0.051316,0,79.8468,121.902,160.436,1412.94,4305.64,8597.34,1.8365e-05,7.52969e-06,6,6,9,0.6,1,8.64908,7.42871,1.22037,0.140004,0.162839,1337,0,0,0,0,0.001,0,0,0,0,0,0,0,0,0,0,0,0,0,0,0,0,0,0,0,0,0,0,0,0,0,0,0,0,0,0,0,0,0,0,0,0,21.3683,71.6589,96.3803,667.24,986.38,1,-0.673721,-0.724826,-0.14397,0.999948,0.58152,0.0143415,0.869159,0.93,1068.98,1342.86,1902.52,3508.5,291.052,838.723,1706.43,749.824,4278.43,172.09,211.382,3.05013,1.24355,1.099,-0.390009,0,0,0,0,0,0,0,92.0318,0,0.961855,0,0,343.433,1095.38,0,0,1287.35,5144.05,0
1691509943469447399,1829,1280,547,0.699836,20.7279,41.1397,68.5164,88.4238,155.623,-1.05474,321.676,626.375,973.724,1211.97,1146.73,4489.01,10758.6,36918.4,2234.73,2195.12,2667.8,540.936,556.258,576.856,189038,7888.68,12249.7,10.5296,7.94185,0,0,0.0417307,0,62.1814,95.4417,127.127,1155.46,4299.11,6510.35,0.00340294,0.000797095,6,5,9,0.642857,1,7.68391,6.63776,1.04615,0.14125,0.088421,1280,0,0,0,0,0.001,0,0,0,0,0,0,0,0,0,0,0,0,0,0,0,0,0,0,0,0,0,0,0,0,0,0,0,0,0,0,0,0,0,0,0,0,20.7279,68.5164,96.4749,664.049,1012.48,1,-0.676779,-0.721487,-0.146378,0.999987,0.293815,0.00611928,0.818182,0.9,1108.81,1347.61,1898.92,3456.51,288.392,839.983,1668.16,756.496,4241.31,148.781,192.013,2.28638,0.796578,0.493771,-0.48974,0,0,0,0,0,0,0,88.4238,0,0.965625,0,0,321.676,973.724,0,0,1146.73,4489.01,0
1691509943570247104,1797,1235,559,0.687257,20.8728,42.7093,69.7588,89.611,232.218,0.716984,338.822,651.691,964.89,1226.02,1236.55,4733.49,11529.7,21413.6,2649.09,2454.21,2629.03,558.544,563.249,574.229,187275,8070.84,12098,9.28096,5.32037,0,0,0.0430961,0,43.4993,88.545,126.948,1095.45,3611.05,7132.53,0.00995744,0.00155069,6,6,8,0.571429,1,7.9541,6.86273,1.09137,0.140834,0.235103,1235,0,0,0,0,0.001,0,0,0,0,0,0,0,0,0,0,0,0,0,0,0,0,0,0,0,0,0,0,0,0,0,0,0,0,0,0,0,0,0,0,0,0,20.8728,69.7588,96.5766,646.883,1024.54,1,-0.672224,-0.726525,-0.142396,0.999969,0.451072,0.00218159,0.818182,0.9,1089,1358.22,1936.35,3265.45,287.541,833.711,1659.1,707.823,4232.18,153.874,149.438,1.75967,2.20695,1.02711,0.26861,0,0,0,0,0,0,0,89.611,0,0.961134,0,0,338.822,964.89,0,0,1236.55,4733.49,0
1691509943670530176,1802,1254,544,0.695893,21.4811,43.2912,69.9906,96.5971,173.628,-0.646371,349.128,662.179,1019.06,1273.94,1251.37,4821.28,11976.3,23342.8,2487.44,2389.8,2863.86,545.701,597.605,585.453,188945,8288.96,12961.5,6.27385,8.84691,0,0,0.0438697,0,50.9739,96.054,210.161,1200.47,4656.43,6747.4,0.0118017,0.00160017,6,6,11,0.647059,1,8.51461,7.36535,1.14926,0.14359,0.235093,1254,0,0,0,0,0.001,0,0,0,0,0,0,0,0,0,0,0,0,0,0,0,0,0,0,0,0,0,0,0,0,0,0,0,0,0,0,0,0,0,0,0,0,21.4811,69.9906,96.6431,671.422,985.935,1,-0.674486,-0.723388,-0.147575,0.999979,0.370352,0.0123681,0.869159,0.93,1119.66,1367.48,1926.89,3143.38,289.496,839.927,1721.64,751.025,4309.55,175.342,241.585,2.46784,2.59447,2.21017,-0.0279388,0,0,0,0,0,0,0,96.5971,0,0.953748,0,0,349.128,1019.06,0,0,1251.37,4821.28,0
1691509943770616571,1727,1132,588,0.655472,21.7894,43.7043,70.1947,88.2929,229.028,-1.80086,338.983,644.564,1012.3,1280.31,1244.51,4639.99,10613.3,21880.6,2279.16,2274.12,2925.05,601.426,627.041,523.544,180081,6654.96,10341.3,8.28646,6.09875,0,0,0.0369554,0,37.3343,83.7815,129.496,1079.7,3387.88,5623.15,0.00144264,0.000790438,7,7,8,0.533333,1,7.35225,6.33841,1.01384,0.1686,0.0563552,1132,0,0,0,0,0.001,0,0,0,0,0,0,0,0,0,0,0,0,0,0,0,0,0,0,0,0,0,0,0,0,0,0,0,0,0,0,0,0,0,0,0,0,21.7894,70.1947,94.7491,654.634,1005.62,1,-0.66834,-0.730442,-0.140627,0.999932,0.667675,0.00921282,0.834862,0.91,1141.24,1390.48,1892.76,3009.41,282.218,853.468,1742.41,703.205,4178.24,149.375,172.066,0.962489,0.61888,0.0633544,0.15275,0,0,0,0,0,0,0,88.2929,0,0.962014,0,0,338.983,1012.3,0,0,1244.51,4639.99,0
1691509943870598524,1718,1190,522,0.692666,23.3098,42.5445,70.2809,92.9242,218.945,0.707847,342.421,648.655,1015.15,1288.9,1164.29,4707.49,11945.6,31150.4,2313.71,2266.42,3005.1,583.673,607.502,516.514,178235,8643.73,12804,5.39552,5.59549,0,0,0.0484962,0,44.8839,96.5321,128.272,1002.19,3870.41,7661.72,0.0407516,0.00638729,12,11,12,0.521739,1,8.12963,7.06919,1.06044,0.185112,0.156329,1190,0,0,0,0,0.001,0,0,0,0,0,0,0,0,0,0,0,0,0,0,0,0,0,0,0,0,0,0,0,0,0,0,0,0,0,0,0,0,0,0,0,0,23.3098,70.2809,97.296,654.353,997.351,1,-0.669817,-0.729177,-0.140163,0.999998,0.114521,0.00383008,0.869159,0.93,1132.24,1400.81,1991.62,2888.72,285.888,868.396,1756.71,702.17,4183.79,154.031,164.246,-0.242091,1.69877,0.212312,-1.53345,0,0,0,0,0,0,0,92.9242,0,0.960504,0,0,342.421,1015.15,0,0,1164.29,4707.49,0
1691509943971035167,1764,1186,572,0.672336,22.1644,42.9778,68.2934,79.1257,159.182,0,334.265,631.816,999.894,1279.03,1262.41,4730.89,12052.6,21044.3,2301.84,2179.98,2879.16,588.586,620.863,514.279,181254,7427.13,11392.3,4.19631,4.30325,0,0,0.0409764,0,44.6693,90.4157,122.164,1049.47,3782.56,6303.01,0.000838776,0.000105831,7,7,11,0.611111,1,7.65119,6.7364,0.914786,0.164931,0.146336,1186,0,0,0,0,0.001,0,0,0,0,0,0,0,0,0,0,0,0,0,0,0,0,0,0,0,0,0,0,0,0,0,0,0,0,0,0,0,0,0,0,0,0,22.1644,68.2934,94.3006,648.892,989.808,1,0.678711,0.7214,0.137596,0.999927,0.692733,0.0209006,0.869159,0.93,1133.34,1420.78,2028.94,3010.94,284.761,874.103,1776.54,678.768,4235.07,134.574,178.35,-2.34293,-0.816231,-1.61703,-0.599683,0,0,0,0,0,0,0,79.1257,0,0.980607,0,0,334.265,999.894,0,0,1262.41,4730.89,0
1691509944071217888,1721,1196,521,0.694945,23.4498,46.5929,71.2343,85.2519,178.816,0.554028,352.673,620.952,970.774,1220.26,1295.85,4835.2,11536.9,18495.7,2419.75,2306.48,2896.52,549.043,604.105,537.907,175241,7827.44,11886.5,7.99564,7.31969,0,0,0.0446667,0,41.7719,101.483,132.042,980.577,3941.89,6688.74,0.00511878,0.000790466,7,7,11,0.611111,1,7.76488,6.7167,1.04818,0.181478,0.144636,1196,0,0,0,0,0.001,0,0,0,0,0,0,0,0,0,0,0,0,0,0,0,0,0,0,0,0,0,0,0,0,0,0,0,0,0,0,0,0,0,0,0,0,23.4498,71.2343,96.4852,644.106,1008.41,1,-0.66975,-0.729102,-0.140875,0.999925,0.702608,0.025865,0.886792,0.94,1172.37,1433.91,2065.19,3014.34,289.323,884.096,1848.73,695.234,4156.44,148.232,160.125,0.537303,1.27625,1.67191,-0.784863,0,0,0,0,0,0,0,85.2519,0,0.974916,0,0,352.673,970.774,0,0,1295.85,4835.2,0
1691509944171373034,1742,1193,541,0.684845,23.399,41.6181,67.5881,90.1607,236.911,1.80417,353.983,645.843,990.528,1241.56,1245.82,4709.39,11502,19604.2,2219.98,2271.62,2697.1,571.203,582.707,568.137,174560,7297.67,11256.7,0.719377,2.66251,0,0,0.0418062,0,40.3587,87.8053,135.047,1044.8,3823.51,6125.16,0.00643057,0.000517141,9,9,8,0.470588,1,8.02817,6.9321,1.09607,0.194418,0.120494,1193,0,0,0,0,0.001,0,0,0,0,0,0,0,0,0,0,0,0,0,0,0,0,0,0,0,0,0,0,0,0,0,0,0,0,0,0,0,0,0,0,0,0,23.399,67.5881,99.1639,646.805,1016.03,1,-0.669057,-0.728808,-0.145611,0.999989,0.274767,0.0160468,0.851852,0.92,1174.22,1468.7,2054.97,2992.65,286.881,878.141,1909.35,655.945,4082.36,146.15,169.099,-0.494944,0.0681342,1.09418,0.619636,0,0,0,0,0,0,0,90.1607,0,0.960604,0,0,353.983,990.528,0,0,1245.82,4709.39,0
1691509944271192324,1757,1185,559,0.674445,25.327,49.9533,79.4132,101.801,228.612,-1.8307,351.339,711.08,1073.24,1341.24,1348.59,5099.82,10719.1,21863.2,2641.29,2779.31,2926.76,611.084,605.709,603.016,180271,7866.59,12081.3,8.73757,8.23095,0,0,0.0436376,0,51.5289,125.81,148.011,1121.32,3896.49,6738.17,0.00372339,0.000747058,11,10,13,0.565217,1,8.31913,6.94251,1.37662,0.189684,0.107057,1185,0,0,0,0,0.001,0,0,0,0,0,0,0,0,0,0,0,0,0,0,0,0,0,0,0,0,0,0,0,0,0,0,0,0,0,0,0,0,0,0,0,0,25.327,79.4132,100.483,658.801,1028.72,1,-0.672879,-0.726397,-0.13993,0.999974,0.41592,0.00996398,0.818182,0.9,1177.15,1456.74,2071.48,3066.15,285.066,868.374,1884.31,722.898,4172.02,155.536,182.906,3.77513,2.03295,1.71931,-0.126341,0,0,0,0,0,0,0,101.801,0,0.946835,0,0,351.339,1073.24,0,0,1348.59,5099.82,0
1691509944371310352,1702,1164,527,0.683901,26.9836,48.1902,72.3886,90.6067,228.486,2.99943,376.504,674.74,1078.23,1387.02,1391.05,4880.27,11943.9,29578.7,2339.49,2485.33,2966.3,611.567,639.853,570.557,177606,8519.87,12858.8,12.0587,12.8653,0,0,0.0479706,0,58.4945,113.143,146.367,1168.59,3880.38,7491.83,0.0114363,0.00529757,8,8,8,0.5,1,7.83536,6.66664,1.16872,0.209376,0.216485,1164,0,0,0,0,0.001,0,0,0,0,0,0,0,0,0,0,0,0,0,0,0,0,0,0,0,0,0,0,0,0,0,0,0,0,0,0,0,0,0,0,0,0,26.9836,72.3886,101.849,653.887,1020.26,1,-0.671626,-0.728991,-0.132255,0.999966,0.469679,0.0308453,0.869159,0.93,1165.63,1482,2056.61,3097.68,280.531,872.407,1883.7,728.686,4134.79,164.101,196.721,0.173144,0.915167,0.441216,-0.820783,0,0,0,0,0,0,0,90.6067,0,0.960481,0,0,376.504,1078.23,0,0,1391.05,4880.27,0
1691509944472421234,1730,1229,490,0.710405,26.446,47.8156,76.0732,91.9618,226.534,3.25241,358.344,693.891,1105.38,1388.8,1273.26,4953.79,12328.1,22022,2340.3,2379.55,2910.28,645.736,627.391,585.782,168720,8020.21,12488.4,7.43595,6.82372,0,0,0.0475357,0,56.101,123.933,165.05,1160.56,4346.66,6636.09,0.00261402,0.000418177,11,11,13,0.541667,1,7.96421,6.75226,1.21195,0.202801,0.276245,1229,0,0,0,0,0.001,0,0,0,0,0,0,0,0,0,0,0,0,0,0,0,0,0,0,0,0,0,0,0,0,0,0,0,0,0,0,0,0,0,0,0,0,26.446,76.0732,100.377,630.674,1034.95,1,-0.663414,-0.736761,-0.130632,0.999935,0.654393,0.015531,0.851852,0.92,1192.6,1482.07,2079.61,2888.77,285.541,871.826,1857.52,717.476,4205.35,178.515,194.055,3.12513,2.00902,1.81686,-0.421671,0,0,0,0,0,0,0,91.9618,0,0.96664,0,0,358.344,1105.38,0,0,1273.26,4953.79,0
1691509944573393575,1784,1258,507,0.705157,25.766,47.2632,73.1777,92.3948,214.28,5.84882,350.616,629.362,994.133,1213.18,1201.26,4225.06,12001.4,23189.6,2173.82,1978.9,2659.68,582.036,572.213,525.097,171966,6973.99,11000.5,7.59657,5.97032,0,0,0.0405544,0,51.159,104.097,159.924,1091.16,3965.66,5628.53,0.00455166,0.000603126,9,8,14,0.636364,1,8.53312,7.24818,1.28494,0.2031,0.130045,1258,0,0,0,0,0.001,0,0,0,0,0,0,0,0,0,0,0,0,0,0,0,0,0,0,0,0,0,0,0,0,0,0,0,0,0,0,0,0,0,0,0,0,25.766,73.1777,100.518,641.217,1026.27,1,-0.673072,-0.725255,-0.144842,0.999786,1.18475,0.0187848,0.904762,0.95,1210.64,1516.31,2069.69,2934.41,291.5,874.534,1851.04,709.536,4099.16,177.204,171.59,1.51543,2.15813,1.9458,-0.435866,0,0,0,0,0,0,0,92.3948,0,0.958665,0,0,350.616,994.133,0,0,1201.26,4225.06,0
1691509944672877272,1773,1273,493,0.717992,26.3807,45.5762,74.9823,97.8706,181.251,3.97039,357.924,668.081,994.984,1236,1230.89,4240.42,8680.3,16692.8,2263.11,1924.89,2620.78,614.163,581.58,490.432,168106,5793.36,9290.61,17.295,4.41939,0,0,0.0344625,0,64.6279,103.845,144.765,997.828,3400.34,4579.21,0.00058288,5.48345e-05,6,6,8,0.571429,1,8.44229,7.17647,1.26581,0.206833,0.207721,1273,0,0,0,0,0.001,0,0,0,0,0,0,0,0,0,0,0,0,0,0,0,0,0,0,0,0,0,0,0,0,0,0,0,0,0,0,0,0,0,0,0,0,26.3807,74.9823,101.564,643.861,1000.58,1,-0.673827,-0.724661,-0.144303,0.999999,0.0631351,0.00787357,0.923077,0.96,1199.34,1503.91,2068.04,2971.67,298.313,891.115,1832.59,734.398,4046.55,170.003,180.202,7.1209,3.00746,2.1038,-0.337966,0,0,0,0,0,0,0,97.8706,0,0.956795,0,0,357.924,994.984,0,0,1230.89,4240.42,0
1691509944772556844,1814,1336,463,0.736494,23.9161,44.6649,72.1109,88.1924,233.499,2.73263,359.69,632.631,983.086,1251.45,1208.3,4061.68,10510.9,20037.6,2125.94,1761.36,2487.63,643.733,580.426,469.208,158069,6626.07,10459.2,4.9459,1.83091,0,0,0.0419188,0,60.0254,100.306,157.248,1139.67,3488.47,5513.45,0.00115667,0.000102013,7,7,8,0.533333,1,8.36126,7.12578,1.23547,0.231609,0.0834639,1336,0,0,0,0,0.001,0,0,0,0,0,0,0,0,0,0,0,0,0,0,0,0,0,0,0,0,0,0,0,0,0,0,0,0,0,0,0,0,0,0,0,0,23.9161,72.1109,101.425,622.683,1015.89,1,-0.665168,-0.734161,-0.136229,0.999885,0.869711,0.00525488,0.834862,0.91,1194.63,1444.16,2053.02,3105.73,288.823,882.05,1897.86,711.503,3903.56,185.45,208.671,3.13035,1.59598,0.267935,-0.383654,0,0,0,0,0,0,0,88.1924,0,0.962575,0,0,359.69,983.086,0,0,1208.3,4061.68,0
1691509944872266405,1878,1395,473,0.742812,24.9619,46.3256,73.6502,93.1373,227.218,4.72942,346.536,638.911,986.268,1280.44,1157.55,4017.22,9004.93,26230.2,2187.03,1740.89,2414.76,585.719,556.83,492.008,155545,6537.94,10494.4,10.1558,11.7314,0,0,0.0420324,0,65.5318,113.616,173.142,1233.64,3589.74,5318.77,0.00173288,0.000633142,8,7,9,0.5625,1,8.47092,7.10902,1.36191,0.231853,0.123303,1395,0,0,0,0,0.001,0,0,0,0,0,0,0,0,0,0,0,0,0,0,0,0,0,0,0,0,0,0,0,0,0,0,0,0,0,0,0,0,0,0,0,0,24.9619,73.6502,102.532,620.648,981.82,1,-0.669649,-0.730808,-0.132252,0.999976,0.393378,0.00976154,0.834862,0.91,1173.38,1437.25,2101.63,3085.66,290.849,867.838,1883.66,667.222,3910.79,197.632,229.762,1.66317,2.0158,1.56638,-0.551554,0,0,0,0,0,0,0,93.1373,0,0.95914,0,0,346.536,986.268,0,0,1157.55,4017.22,0
1691509944972020666,1910,1461,438,0.764921,21.6681,42.2044,71,92.3139,242.472,3.10885,331.689,595.126,971.638,1241.12,1108.22,4172.13,9529.32,17197.4,2205.41,1485.2,2628.94,585.023,554.921,464.033,159062,6357.52,10368.2,5.71622,4.51739,0,0,0.0399687,0,59.9797,100.18,157.708,1276.25,4027.8,4746.32,0.000146516,5.06357e-05,11,10,10,0.5,1,8.25048,6.96544,1.28505,0.242586,0.112708,1461,0,0,0,0,0.001,0,0,0,0,0,0,0,0,0,0,0,0,0,0,0,0,0,0,0,0,0,0,0,0,0,0,0,0,0,0,0,0,0,0,0,0,21.6681,71,96.257,615.39,984.353,1,-0.674804,-0.725273,-0.136452,0.999963,0.495721,0.00698202,0.834862,0.91,1128.14,1445.68,2028.28,2485.85,288.234,851.813,1860.13,680.339,3973.73,175.285,203.53,-0.0443831,-0.288469,0.469409,0.512337,0,0,0,0,0,0,0,92.3139,0,0.966461,0,0,331.689,971.638,0,0,1108.22,4172.13,0
1691509945071288786,1776,1315,453,0.740428,21.7423,43.6561,70.6528,94.4854,229.705,4.43966,334.864,584.745,912.819,1156.18,1203.57,4133.32,8461.25,16789.8,2285.94,1418.53,2473.07,536.655,548.765,452.302,152715,5385.29,8769.97,3.43136,3.53583,0,0,0.0352637,0,44.5082,112.563,159.01,1000.25,3424.78,4028.87,0.00383842,0.000566531,8,7,12,0.631579,1,7.85062,6.62002,1.2306,0.241817,0.103195,1315,0,0,0,0,0.001,0,0,0,0,0,0,0,0,0,0,0,0,0,0,0,0,0,0,0,0,0,0,0,0,0,0,0,0,0,0,0,0,0,0.00532319,14.2529,24.0718,21.8882,70.6916,99.0795,611.522,958.398,1,-0.669714,-0.727654,-0.148335,0.999914,0.753151,0.0292719,0.869159,0.93,1145.5,1455.67,2060.4,2424.12,300.192,864.156,1940.16,655.224,3817.75,155.323,151.037,2.15084,0.529959,-0.628275,-0.149942,0,0,0,0,0,0.00394144,26.0652,94.633,1,0.95948,96.2271,149.092,336.28,914.387,165.671,226.642,1206.65,4136.25,2.10813e-05
1691509945170276282,1802,1334,460,0.740289,22.5802,43.0732,76.547,98.2165,201.014,5.27484,328.886,618.759,974.301,1234.9,1170.68,4165.71,9577.66,19478.1,2260.77,1531.5,2360.14,585.515,553.927,472.098,154609,5867.82,9635.39,9.7407,5.70996,0,0,0.0379526,0,50.5942,100.466,153.623,1239.26,3797.23,4294.22,0.00183692,0.000508191,7,7,11,0.611111,1,7.92198,6.60598,1.31599,0.25984,0.16827,1334,0,0,0,0,0.001,0,0,0,0,0,0,0,0,0,0,0,0,0,0,0,0,0,0,0,0,0,0,0,0,0,0,0,0,0,0,0,0,0,0.0089955,12.2159,18.2515,22.8181,76.7933,94.7786,597.374,944.848,1,-0.672179,-0.726992,-0.140204,0.999964,0.488286,0.0157559,0.886792,0.94,1119,1441.27,2050.89,2841.16,302.062,858.649,1963.14,640.192,3898.21,170.77,200.332,2.58882,0.381912,0.228932,0.598956,0,0,0,0,0,0.00665927,21.9406,98.2363,1,0.952345,94.5251,231.03,332.465,977.983,155.373,299.257,1186.73,4166.92,4.45731e-05
1691509945269269577,1861,1405,446,0.75497,21.9866,41.8856,71.9293,90.6216,243.466,4.04415,302.574,566.317,893.805,1135.2,1095.77,4014.52,8744.53,16928.5,2187.19,1469.14,2433.36,533.111,549.544,412.632,150067,5433.93,8870.11,4.61882,6.73195,0,0,0.03621,0,52.1618,76.9466,142.349,1069.66,3688.35,3840.64,0.00119972,0.000138741,7,7,8,0.533333,1,7.27493,6.03647,1.23846,0.261602,0.232348,1405,0,0,0,0,0.001,0,0,0,0,0,0,0,0,0,0,0,0,0,0,0,0,0,0,0,0,0,0,0,0,0,0,0,0,0,0,0,0,0,0.0206406,10.5379,31.1043,22.2469,72.7624,93.5401,587.149,936.311,1,-0.67587,-0.723245,-0.141829,0.999985,0.315407,0.00833655,0.834862,0.91,1107.37,1386.99,2057.74,2904.02,291.712,853.344,1989.87,577.254,3751.49,170.783,161.034,1.28053,1.14061,2.4665,1.41303,0,0,0,0,0,0.015583,32.0679,91.306,1,0.96439,140.799,290.999,308.662,898.649,188.504,424.73,1109.7,4038.31,0.000255672
1691509945368933726,1844,1409,422,0.7641,22.5019,44.9787,69.5002,84.7754,162.796,1.61851,316.351,578.168,936.596,1188.33,1137.8,4082.18,8628.74,19797.1,2380.86,1433.63,2461.05,564.991,538.721,437.882,150435,6088.41,9729.23,9.72578,7.23832,0,0,0.040472,0,55.7215,70.1393,161.779,1170.81,3280.73,4990.05,0.000842003,0.000239315,10,10,12,0.545455,1,8.07113,6.88357,1.18756,0.280823,0.221401,1409,0,0,0,0,0.001,0,0,0,0,0,0,0,0,0,0,0,0,0,0,0,0,0,0,0,0,0,0,0,0,0,0,0,0,0,0,0,0,0,0.0092264,10.3597,20.3716,22.716,69.6081,91.5318,584.056,920.412,1,-0.671035,-0.727991,-0.140503,0.999976,0.395507,0.00660063,0.818182,0.9,1109.5,1376.21,2114.04,3309.63,290.352,853.845,2006.22,624.217,3845.24,194.407,166.96,1.8199,0.30751,-1.04325,0.0645337,0,0,0,0,0,0.00704989,25.9953,84.9235,1,0.969198,234.379,340.432,320.186,941.037,285.143,489.176,1154.03,4097.86,0.0001692
1691509945470178423,1780,1392,386,0.782022,21.0435,39.8673,67.8483,90.809,182.361,1.70406,311.239,583.55,925.017,1148.24,1093.14,3972.05,8457,19952.9,2234.73,1387.98,2481.14,557.649,539.872,422.148,146752,5267.2,8619.59,10.7619,8.15225,0,0,0.0358918,0,53.3731,69.0942,138.966,1082.6,3440.73,3834.82,0.000538331,0.000241628,9,9,12,0.571429,1,7.59006,6.41478,1.17528,0.266733,0.276489,1392,0,0,0,0,0.001,0,0,0,0,0,0,0,0,0,0,0,0,0,0,0,0,0,0,0,0,0,0,0,0,0,0,0,0,0,0,0,0,0,0.012931,16.976,36.5126,21.1789,68.3382,91.2175,567.028,940.755,1,-0.666084,-0.731696,-0.144753,0.999972,0.429939,0.00872118,0.869159,0.93,1077.42,1358.86,2117.56,3670.56,294.902,863.908,1951.13,598.047,3933.52,169.972,162.548,6.85053,0.997959,-0.841735,0.154005,0,0,0,0,0,0.0101124,50.2131,91.0041,1,0.965793,209.544,416.748,316.443,928.465,293.258,537.57,1117.74,4027.06,0.000291318
1691509945571359689,1757,1356,395,0.77177,20.9156,42.1486,71.5988,91.3603,197.599,1.18538,305.143,568.626,926.107,1145.8,1096.38,3859.19,11624.9,23535,2247.62,1269.22,2509.69,572.309,528.299,383.476,153538,6943.59,10813.6,2.98428,2.78263,0,0,0.0452239,0,43.8894,63.265,144.904,1072.91,3739.66,5748.94,2.4776e-05,2.6021e-06,9,9,9,0.5,1,7.49636,6.30096,1.1954,0.301217,0.0980439,1356,0,0,0,0,0.001,0,0,0,0,0,0,0,0,0,0,0,0,0,0,0,0,0,0,0,0,0,0,0,0,0,0,0,0,0,0,0,0,0,0.0154867,14.9915,47.6069,20.9957,72.9347,89.99,575.494,931.516,1,-0.677795,-0.721032,-0.143899,0.999874,0.908803,0.00854709,0.801802,0.89,1104.98,1388.15,2083.22,3467.44,301.553,858.967,1829.1,627.612,3840.91,173.553,184.054,1.50976,-0.970736,-0.365976,0.964904,0,0,0,0,0,0.0119522,48.4152,92.0584,1,0.961049,230.82,450.726,305.834,929.119,306.754,551.812,1114.02,3933.91,0.000469441
1691509945671529708,1688,1306,365,0.773697,19.8988,40.7976,65.18,87.8279,230.735,3.10165,312.327,586.718,954.045,1190.3,1127.37,4064.39,10020.7,18239.2,2452.34,1414.17,2550.75,608.891,557.815,407.968,147915,5850.58,9372.07,9.10423,9.885,0,0,0.0395536,0,45.5894,53.6714,144.259,1064.49,3504.87,4559.19,0.011934,0.00218432,8,8,8,0.5,1,7.4364,6.40249,1.03391,0.269767,0.139348,1306,0,0,0,0,0.001,0,0,0,0,0,0,0,0,0,0,0,0,0,0,0,0,0,0,0,0,0,0,0,0,0,0,0,0,0,0,0,0,0,0.0145482,17.7617,57.8693,19.9747,65.315,94.3319,571.742,956.926,1,-0.676538,-0.723761,-0.13589,0.999963,0.490113,0.0144773,0.801802,0.89,1129.82,1433.34,2074.98,3220.03,291.683,867.138,1911.98,640.059,3731.92,182.554,196.725,1.98252,-0.826435,-1.76746,1.24495,0,0,0,0,0,0.0112559,62.5321,88.0083,1,0.973582,231.629,1084.12,313.73,953.059,328.484,1426.39,1145.32,4097.04,0.00156033
1691509945771360825,1747,1346,378,0.770464,21.0725,42.4603,67.3406,85.7149,227.459,1.8655,316.018,608.348,982.235,1256.63,1127.4,3974.85,9896.16,17026.3,2338.38,1375.4,2378.31,607.489,568.869,403.682,150469,5964.62,9533.57,9.65833,4.6781,0,0,0.0396401,0,58.4189,67.7375,152.572,1044.34,3493.46,4717.04,0.00132498,0.00017317,7,6,9,0.6,1,7.90931,6.7819,1.12741,0.267097,0.209456,1346,0,0,0,0,0.001,0,0,0,0,0,0,0,0,0,0,0,0,0,0,0,0,0,0,0,0,0,0,0,0,0,0,0,0,0,0,0,0,0,0.0178306,20.9913,52.6356,21.0725,68.2695,93.818,565.283,943.899,1,-0.678797,-0.721878,-0.134637,0.999995,0.183162,0.00622469,0.834862,0.91,1128.81,1437.65,2072.57,3124.24,296.957,855.533,1905.96,663.203,3838.35,190.924,194.2,3.61183,-0.629956,-1.08419,0.68432,0,0,0,0,0,0.0137378,54.5752,86.7524,1,0.970499,259.825,1482.66,316.632,972.451,327.593,2392.65,1141.31,4006.91,0.00408373
1691509945872157548,1760,1383,371,0.785795,22,41.1844,68.6264,86.7934,227.075,4.65697,345.956,648.883,1009.99,1288.66,1228.12,4119.63,9912.18,20072.5,2399.22,1443.68,2571.26,643.168,593.888,427.27,148491,6737.34,10784.8,17.5377,6.23338,0,0,0.045372,0,56.6203,118.319,186.317,1185.93,3823.05,5414.58,0.00442696,0.000600295,7,7,8,0.533333,1,9.16315,8.01091,1.15224,0.246361,0.400498,1383,0,0,0,0,0.001,0,0,0,0,0,0,0,0,0,0,0,0,0,0,0,0,0,0,0,0,0,0,0,0,0,0,0,0,0,0,0,0,0,0.021692,18.566,38.5028,22.2827,69.1724,93.5448,570.73,944.725,1,-0.667494,-0.733428,-0.128587,0.999851,0.988714,0.00642195,0.801802,0.89,1115.88,1371.75,2062.69,2982.72,297.023,865.039,1856.68,706.217,3945.13,232.201,213.242,4.54679,1.34282,-1.78928,-0.888673,0,0,0,0,0,0.0181818,42.0062,87.6469,1,0.974132,263.64,785.817,348.317,1013.26,370.334,1270.83,1246.76,4147.55,0.00148321
1691509945972440971,1787,1419,362,0.794068,22.2767,43.9448,72.8179,99.5176,218.595,5.01077,327.771,607.54,956.41,1202.82,1179.11,3890.78,11330.1,47188.2,2210.37,1592.14,2424.98,614.265,567.683,400.965,149857,8856.7,12810.7,9.19765,6.0887,0,0,0.059101,0,49.783,74.7461,154.937,1129.35,3237.93,8163.91,0.00117145,0.000223971,11,10,16,0.615385,1,8.36343,6.96633,1.39709,0.248664,0.0971379,1419,0,0,0,0,0.001,0,0,0,0,0,0,0,0,0,0,0,0,0,0,0,0,0,0,0,0,0,0,0,0,0,0,0,0,0,0,0,0,0,0.0211416,19.7003,46.8325,22.2799,72.9232,95.613,583.937,951.45,1,-0.677406,-0.723101,-0.135077,0.999876,0.900501,0.00730671,0.785714,0.88,1127.77,1437.26,2047.73,3213.77,296.755,879.008,1859.67,653.842,3811.1,180.679,203.61,6.68967,-0.673116,-1.14317,1.13661,0,0,0,0,0,0.0167879,67.5562,100.248,0.966667,0.949604,285.099,849.009,328.471,956.41,466.324,1370.7,1201.52,3921.93,0.00139289
1691509946072157008,1766,1427,335,0.808041,21.9144,41.4445,68.085,89.4366,223.097,3.68377,334.356,644.347,998.715,1221.16,1224.2,3951.45,8706.56,16644.3,2089.74,1665.71,2436.59,645.42,609.692,394.508,151067,5730.75,9273.52,10.627,7.59491,0,0,0.0379352,0,58.1312,88.9671,171.814,1098.96,3320.63,4535.01,0.00218119,0.000298682,8,8,12,0.6,1,7.06582,5.78581,1.28001,0.22054,0.0504577,1427,0,0,0,0,0.001,0,0,0,0,0,0,0,0,0,0,0,0,0,0,0,0,0,0,0,0,0,0,0,0,0,0,0,0,0,0,0,0,0,0.0252278,40.4012,115.708,21.8054,67.6828,92.4136,577.354,944.233,1,-0.677514,-0.723889,-0.130228,0.999988,0.281518,0.0070862,0.834862,0.91,1121.77,1363.99,2046.3,3029.27,300.309,873.932,1818.8,665.437,3843.16,213.575,229.524,6.11738,-2.37622,-2.16434,1.76092,0,0,0,0,0,0.0215176,140.862,86.8906,0.888889,0.961898,294.155,1714.48,335.758,973.24,414.2,2370.62,1249.47,3955.71,0.00720422
1691509946171560761,1811,1516,292,0.837107,21.6446,38.8803,63.2031,88.97,232.637,2.12322,327.55,633.338,961.598,1174.89,1182.58,3758.49,9335.2,19024.8,1916.87,1702.41,2372.01,633.842,579.283,413.904,150698,6215.86,10103.5,5.53957,5.41524,0,0,0.0412472,0,54.8138,102.184,165.99,1243.16,3717.65,4819.71,0.0013552,0.000224956,8,8,8,0.5,1,7.05804,5.7991,1.25894,0.19457,0.0795662,1516,0,0,0,0,0.001,0,0,0,0,0,0,0,0,0,0,0,0,0,0,0,0,0,0,0,0,0,0,0,0,0,0,0,0,0,0,0,0,0,0.0257256,32.6251,136.273,21.4627,62.2968,95.2884,602.269,921.442,1,-0.670855,-0.729573,-0.132953,0.999958,0.525377,0.0256096,0.769912,0.87,1106.91,1340.11,2026.18,3008.11,299.877,875.964,1836.45,653.984,3902.28,199.632,226.11,1.28436,-1.25485,-0.338892,1.31637,0,0,0,0,0,0.0220872,162.141,86.3394,0.871795,0.966148,301.032,1319.85,327.966,953.84,465.821,2226.45,1214.82,3788.33,0.00787868
1691509946270732629,1808,1442,362,0.797566,23.1577,40.1634,64.7412,83.4142,245.252,6.32496,333.723,594.862,903.845,1104.53,1219.69,3644.06,9085.14,18544.2,1848.24,1759.79,2307.42,579.613,556.583,402.268,150942,5540.58,9023.27,12.8772,8.02942,0,0,0.0367067,0,50.8902,105.62,139.095,1063.41,3546.02,4118.23,0.00342661,0.000604557,5,5,8,0.615385,1,6.77728,5.6111,1.16618,0.152997,0.30737,1442,0,0,0,0,0.001,0,0,0,0,0,0,0,0,0,0,0,0,0,0,0,0,0,0,0,0,0,0,0,0,0,0,0,0,0,0,0,0,0,0.0145631,65.0737,213.471,22.8856,62.0274,89.3088,597.422,905.269,1,-0.672569,-0.729489,-0.124486,0.999963,0.494985,0.0202333,0.754386,0.86,1092.49,1307.15,1984.39,2366.37,300.997,882.109,1767.69,683.589,4187.68,166.641,199.369,4.10744,-1.06955,0.879757,2.09053,0,0,0,0,0,0.011615,240.774,80.2782,0.714286,0.978184,1114.88,3095.45,331.4,889.658,1750.9,5016.64,1218.3,3607.29,0.0168273
1691509946370876088,1773,1397,373,0.78793,20.1712,39.1823,64.3794,91.9685,211.302,5.91158,349.861,614.13,938.706,1172.76,1251.22,3940.58,9842.8,21592.3,1863.94,2089.52,2440.44,561.278,570.554,457.612,151753,6367.25,10174.4,7.11269,6.96236,0,0,0.041958,0,52.7961,112.073,155.995,1104.47,3664.05,5084.99,0.0029234,0.000559575,6,5,9,0.642857,1,6.33005,5.15905,1.171,0.128418,0.304803,1397,0,0,0,0,0.001,0,0,0,0,0,0,0,0,0,0,0,0,0,0,0,0,0,0,0,0,0,0,0,0,0,0,0,0,0,0,0,0,0,0.0193271,74.6776,180.017,19.7612,61.8705,92.3047,621.935,888.76,1,-0.668206,-0.733049,-0.127043,0.999981,0.354353,0.00766292,0.785714,0.88,1108.74,1338.78,1994.43,2376.91,300.13,870.306,1825.61,653.341,3988.53,144.688,197.574,1.27339,-0.922609,0.622774,1.42799,0,0,0,0,0,0.0174845,188.176,87.6868,0.592593,0.967153,929.345,2374.6,343.949,891.884,1463.56,3318.93,1235.74,3957.07,0.014647
1691509946471183708,1732,1339,383,0.773095,23.908,44.0648,73.7489,104.701,207.909,0.577359,346.838,606.07,940.967,1254.07,1255.93,3913.72,10530.7,25674.7,1652.49,2301.24,2393.6,589.596,571.49,467.013,143015,6852.43,10799.6,4.88637,4.62583,0,0,0.047914,0,57.5566,124.984,156.757,1170.26,3551.75,5738.28,0.0100992,0.00122718,8,7,12,0.631579,1,6.0072,4.61797,1.38923,0.0926154,0.164394,1339,0,0,0,0,0.001,0,0,0,0,0,0,0,0,0,0,0,0,0,0,0,0,0,0,0,0,0,0,0,0,0,0,0,0,0,0,0,0,0,0.0201643,72.7999,149.011,23.5493,68.2765,88.3308,614.728,890.941,1,-0.670629,-0.732183,-0.11902,0.999965,0.482773,0.0163173,0.801802,0.89,1120.79,1353.04,2026.88,2363.7,296.912,868.668,1806.54,638.042,3914.71,158.042,211.68,1.44773,-0.9665,0.0688181,1.32664,0,0,0,0,0,0.0161663,165.107,99.0242,0.592593,0.950457,1090.41,2731.65,342.808,894.881,1712.61,3750.94,1252.36,3910.43,0.0121903
1691509946571670249,1753,1382,366,0.788363,28.1804,51.029,77.6177,109.972,200.422,2.04366,380.68,650.464,1000.66,1309.67,1373.21,3974.33,10556.6,21953.6,1631.61,2358.32,2435.16,545.204,626.188,492.893,136115,6541.07,10757,6.94894,3.3423,0,0,0.0480554,0,64.0858,157.268,197.726,1357.58,3965.07,5015.27,0.000840899,0.000213394,6,5,9,0.642857,1,6.55321,4.92506,1.62815,0.0762543,0.163311,1382,0,0,0,0,0.001,0,0,0,0,0,0,0,0,0,0,0,0,0,0,0,0,0,0,0,0,0,0,0,0,0,0,0,0,0,0,0,0,0,0.0231548,90.5752,172.345,27.5127,73.3916,88.6821,614.164,886.154,1,-0.66831,-0.736381,-0.105381,0.999895,0.828342,0.0192558,0.769912,0.87,1124.28,1408.83,2072.07,2948.1,302.947,900.924,1921.97,683.94,3691.51,181.963,250.307,0.0316221,0.089567,0.514895,-0.3659,0,0,0,0,0,0.0188249,179.518,100.016,0.53125,0.94963,1037.12,2014.86,370.256,978.425,1551.14,3178.65,1369.15,3995.45,0.0111604
1691509946670652822,1708,1400,308,0.819672,26.2341,49.8154,79.6576,110.625,213.586,1.93064,375.154,643.27,954.882,1208.93,1382.66,3841.28,9207.5,21030.7,1589.9,2224.09,2315.9,585.684,598.728,467.891,137469,6019.61,9852.13,6.10601,5.72676,0,0,0.0437888,0,56.041,142.8,151.676,1367.87,3279.72,4854.02,0.00683015,0.000771485,7,7,11,0.611111,1,5.46513,3.76373,1.7014,0.0664881,0.542062,1400,0,0,0,0,0.001,0,0,0,0,0,0,0,0,0,0,0,0,0,0,0,0,0,0,0,0,0,0,0,0,0,0,0,0,0,0,0,0,0,0.0192857,89.4336,181.014,25.9012,76.1666,87.8783,596.227,901.894,1,-0.664329,-0.739574,-0.10815,0.999983,0.332642,0.00648693,0.904762,0.95,1139.22,1401.76,2080.52,2945.53,297.71,903.624,1910.1,668.092,3827.58,173.375,206.211,-3.2138,1.05357,1.5466,-1.68376,0,0,0,0,0,0.015808,187.257,101.756,0.555556,0.945375,831.087,2264.91,367.232,928.921,1283.53,3093.45,1383.76,3841.63,0.0132427
1691509946769270669,1735,1442,291,0.831124,27.0549,46.1638,75.3761,103.218,207.651,2.02285,381.539,639.614,934.987,1109.53,1322.79,3593.18,9546.47,22557.2,1582.29,2100.18,2207.08,550.03,632.721,455.397,141501,5595.35,9287.2,4.39949,4.57178,0,0,0.039543,0,54.3708,107.092,142.833,1326.59,3508.96,4147.35,0.107323,0.00276534,6,6,8,0.571429,1,5.14282,3.61117,1.53165,0.0269495,0.169169,1442,0,0,0,0,0.001,0,0,0,0,0,0,0,0,0,0,0,0,0,0,0,0,0,0,0,0,0,0,0,0,0,0,0,0,0,0,0,0,0,0.0221914,64.2278,147.848,26.5404,73.2878,85.5343,637.955,874.511,1,-0.669157,-0.735492,-0.106211,0.999978,0.378904,0.0177751,0.851852,0.92,1148.42,1413.63,2063.13,2949.71,306.186,908.389,1873.83,692,3828.52,150.671,228.582,-1.61843,0.512982,1.67481,-0.507859,0,0,0,0,0,0.0184438,168.877,97.3952,0.65625,0.952482,623.699,1650.84,376.922,913.552,919.139,1985.73,1342.83,3602.31,0.00640474
1691509946869484547,1763,1406,347,0.797504,27.5267,48.9553,77.78,100.126,229.346,2.1165,385.591,657.766,969.979,1209.09,1309.11,3681.15,10030.8,17211.3,1628.26,2038.64,2269.78,588.244,650.968,441.359,143308,6257.46,10141.3,4.19645,6.7736,0,0,0.0436645,0,51.8876,123.567,166.928,1361.5,3307.22,5130.16,0.00290538,0.00048811,4,3,11,0.785714,1,5.59105,4.03256,1.55849,0.0138109,0.307165,1406,0,0,0,0,0.001,0,0,0,0,0,0,0,0,0,0,0,0,0,0,0,0,0,0,0,0,0,0,0,0,0,0,0,0,0,0,0,0,0,0.0163585,81.4918,192.188,26.7199,75.19,88.2982,647.952,900.75,1,-0.664827,-0.739271,-0.107158,0.999983,0.333759,0.0232364,0.801802,0.89,1119.85,1350.38,2060.56,2950.67,298.08,893.938,1841.88,711.917,3808.04,197.076,247.572,-1.05272,-0.272608,1.33088,-0.792723,0,0,0,0,0,0.0136132,206.808,96.6081,0.652174,0.954447,812.775,1898.8,383.308,963.806,1126.96,2739.38,1314.2,3699.56,0.00466721
1691509946968866650,1686,1353,315,0.802491,26.6271,49.3178,81.228,106.993,224.381,5.02586,379.924,657.392,1025.96,1265.69,1309.67,4104.86,11059.4,22238.4,1611.09,2454.46,2462.67,597.8,592.834,520.672,144710,6950.69,10985.3,2.20347,2.52442,0,0,0.0480319,0,63.3082,131.312,162.107,1264.18,3494.73,5869.69,0.0044025,0.000346156,5,4,9,0.692308,1,5.08998,3.51178,1.5782,0.016818,0.256129,1353,0,0,0,0,0.001,0,0,0,0,0,0,0,0,0,0,0,0,0,0,0,0,0,0,0,0,0,0,0,0,0,0,0,0,0,0,0,0,0,0.0214339,75.9692,178.569,26.1876,79.6184,86.4876,653.256,890.256,1,-0.670584,-0.733842,-0.108597,0.999968,0.46085,0.0168943,0.769912,0.87,1154.4,1363.77,2054.74,2996.79,305.099,914.301,1820.26,713.345,3766.56,180.993,200.091,-1.38179,0.448679,0.931762,-0.744039,0,0,0,0,0,0.0172005,188.153,101.765,0.62069,0.944864,835.585,1761.05,373.166,1011.28,1081.29,2426.85,1322.74,4121.9,0.00637303
1691509947068320869,1649,1312,329,0.795634,24.8256,46.5508,78.7759,101.361,162.689,4.69819,369.805,621.443,934.363,1129.93,1279.79,3769.33,10465.5,20296.5,1490.88,2265.2,2371.24,494.493,556.528,505.669,151510,6220.26,9667.3,9.60145,3.82273,0,0,0.0410552,0,57.5861,109.315,129.767,979.02,3079.68,5311.93,0.00727472,0.000671407,3,3,10,0.769231,1,5.29907,3.93016,1.36891,0.00849795,0.139021,1312,0,0,0,0,0.001,0,0,0,0,0,0,0,0,0,0,0,0,0,0,0,0,0,0,0,0,0,0,0,0,0,0,0,0,0,0,0,0,0,0.0205793,75.9734,124.57,24.5795,76.6067,91.0628,676.002,916.935,1,-0.669867,-0.732908,-0.118843,0.999947,0.590913,0.0274055,0.851852,0.92,1140.39,1388.33,2061.36,3031.43,301.183,914.221,1909.12,752.172,3660.9,142.36,157.073,0.838744,2.33277,1.27191,-1.04875,0,0,0,0,0,0.0163736,140.546,98.8194,0.703704,0.950973,1145.88,1473.23,366.199,877.967,1313.03,2120.17,1277.92,3806.6,0.00550308
1691509947167495589,1590,1237,344,0.777987,27.1282,49.3312,80.4438,109.514,212.902,3.6943,351.663,629.898,998.614,1243.68,1303.56,3839.81,9808.53,17961.5,1665.23,2044.18,2454.27,555.422,619.616,531.431,151082,5059.9,8261.67,9.71406,10.2906,0,0,0.033491,0,55.4555,150.3,156.989,1067.54,2681.3,4150.09,0.0472681,0.00403942,6,5,11,0.6875,1,4.66893,3.22313,1.44579,0.00797389,0.191353,1237,0,0,0,0,0.001,0,0,0,0,0,0,0,0,0,0,0,0,0,0,0,0,0,0,0,0,0,0,0,0,0,0,0,0,0,0,0,0,0,0.0250606,66.3528,122.249,26.8753,79.899,85.9088,678.034,893.057,1,-0.679015,-0.726589,-0.104914,0.999841,1.02118,0.0449459,0.801802,0.89,1179.93,1397.33,2060.21,3071.69,302.395,929.683,1937.72,683.132,3711.67,170.373,163.037,-0.602981,0.993585,0.39087,-1.02929,0,0,0,0,0,0.0194969,143.797,104.505,0.83871,0.941957,959.458,1655.41,347.513,964.625,1282.75,2041.81,1303.67,3861.25,0.00856286
1691509947267507815,1568,1250,307,0.797194,24.6306,45.4845,76.2579,98.9874,188.817,4.24792,368.595,636.436,998.435,1217.15,1298.62,3825.1,9380.06,17046.2,1752.65,2192.4,2425.32,567.973,605.173,561.293,154849,5293.23,8637.95,14.416,5.1693,0,0,0.0341832,0,64.1448,128.3,167.91,1087.75,2909.61,4280.24,0.000135106,2.8884e-05,2,2,11,0.846154,1,4.95188,3.6876,1.26428,0.00552382,0.0266174,1250,0,0,0,0,0.001,0,0,0,0,0,0,0,0,0,0,0,0,0,0,0,0,0,0,0,0,0,0,0,0,0,0,0,0,0,0,0,0,0,0.0208,43.7596,85.4493,24.4231,76.0481,86.9178,682.927,909.155,1,-0.673527,-0.730628,-0.112001,0.999952,0.563273,0.0269246,0.851852,0.92,1173.19,1394.52,2059.06,3384.4,303.231,933.135,1856.36,658.678,3676.58,151.07,168.55,-3.43699,1.7646,-0.0211465,-1.28873,0,0,0,0,0,0.0165816,118.317,98.8938,0.923077,0.953431,743.788,1473.51,362.266,981.567,912.92,1854.12,1309.69,3861.98,0.00419121
1691509947368017561,1681,1332,346,0.792385,21.1748,40.8953,68.979,93.4175,155.213,4.1716,351.737,600.634,942.539,1128.71,1348.79,4012.98,10738.3,18822.8,1605.58,2477.04,2363.69,521.535,590.141,493.981,155885,6198.64,10022.4,5.02622,5.77828,0,0,0.0397641,0,59.0838,127.677,146.81,1193.54,3587.37,4907.95,0.0106673,0.00134744,6,5,9,0.642857,1,4.84376,3.7134,1.13035,0.0138611,0.0690635,1332,0,0,0,0,0.001,0,0,0,0,0,0,0,0,0,0,0,0,0,0,0,0,0,0,0,0,0,0,0,0,0,0,0,0,0,0,0,0,0,0,0,0,21.1748,68.979,87.8559,697.429,908.716,1,-0.675476,-0.729457,-0.107813,0.999989,0.273003,0.0112621,0.818182,0.9,1158.05,1378.18,2043.67,2977.34,301.704,930.953,1763.86,719.618,3742.26,145.929,165.391,-0.852535,0.845766,0.654956,-0.887504,0,0,0,0,0,0,0,93.4175,0,0.958709,0,0,351.737,942.539,0,0,1348.79,4012.98,0
1691509947468473688,1684,1339,336,0.795131,22.3891,40.8644,67.2845,90.0685,170.62,4.30595,344.208,595.863,905.453,1133.03,1334.23,3913.03,10313.9,20824.8,1477.61,2423.05,2368.7,495.396,568.714,477.261,154859,6474.55,10369,5.3499,5.35507,0,0,0.0418093,0,62.7884,107.852,137.88,1111.69,3922.46,5026.29,0.143772,0.00394983,6,6,10,0.625,1,4.61975,3.53111,1.08865,0.0054808,0.160873,1339,0,0,0,0,0.001,0,0,0,0,0,0,0,0,0,0,0,0,0,0,0,0,0,0,0,0,0,0,0,0,0,0,0,0,0,0,0,0,0,0,0,0,22.3891,67.2845,92.2991,685.059,906.642,1,-0.673755,-0.729796,-0.115988,0.999965,0.479021,0.0195757,0.869159,0.93,1134.85,1402.3,2009.43,2747.6,305.901,940.271,1747.13,721.928,3809.75,153.142,169.429,-1.38599,0.457592,1.44151,-0.568255,0,0,0,0,0,0,0,90.0685,0,0.968633,0,0,344.208,905.453,0,0,1334.23,3913.03,0
1691509947569729516,1595,1270,303,0.796238,22.2008,43.5038,73.9907,98.7445,205.668,3.34834,341.961,615.19,980.591,1245.97,1347.91,4283.47,10412.8,25210.7,1763.14,2333.47,2724.79,521.131,641.55,474.129,153721,6962.94,10975.9,2.11287,2.11565,0,0,0.045296,0,54.4844,107.794,150.656,1124.11,3851.2,5687.7,0.686256,0.00152193,4,3,9,0.75,1,4.40888,3.21655,1.19233,0.00907804,0.162161,1270,0,0,0,0,0.001,0,0,0,0,0,0,0,0,0,0,0,0,0,0,0,0,0,0,0,0,0,0,0,0,0,0,0,0,0,0,0,0,0,0,0,0,22.2008,73.9907,89.7806,692.095,910.124,1,-0.671648,-0.73166,-0.116457,0.999996,0.163425,0.00652166,0.801802,0.89,1111.21,1404.93,2010.42,3025.7,300.295,944.472,1856.6,720.068,3746.95,148.961,192.484,-0.887699,1.05485,0.904192,-1.06636,0,0,0,0,0,0,0,98.7445,0,0.951181,0,0,341.961,980.591,0,0,1347.91,4283.47,0
1691509947670904593,1643,1264,373,0.769324,22.7751,44.0769,73.9868,103.557,185.194,2.10521,351.434,643.561,1002.92,1200.52,1369.86,4263.88,11730.7,24888.6,1807.59,2490.04,2836.32,487.167,669.003,483.701,154569,7657.05,11798.2,15.1155,5.63362,0,0,0.0495381,0,40.9626,108.981,136.077,1189.61,3763.94,6558.65,0.00127655,0.00018487,3,3,10,0.769231,1,4.67892,3.43984,1.23908,0.000453835,0.0222149,1264,0,0,0,0,0.001,0,0,0,0,0,0,0,0,0,0,0,0,0,0,0,0,0,0,0,0,0,0,0,0,0,0,0,0,0,0,0,0,0,0,0,0,22.7751,73.9868,89.7484,686.812,906.44,1,-0.67523,-0.729317,-0.110278,0.999972,0.430689,0.014555,0.801802,0.89,1104.4,1378.44,2004.87,3025.65,300.905,927.338,1867.2,706.095,3737.13,137.249,206.462,-2.58361,9.41745,1.17389,-1.24776,0,0,0,0,0,0,0,103.557,0,0.943038,0,0,351.434,1002.92,0,0,1369.86,4263.88,0
1691509947771569969,1587,1304,282,0.821676,21.746,42.7469,77.7861,106.023,173.76,2.76533,330.631,620.13,984.488,1218.45,1310.07,4341.01,11855.9,25882.2,1805.52,2489.16,2936.05,515.358,625.469,484.784,153790,7935.45,12404.4,9.00613,10.0389,0,0,0.0515991,0,44.1437,144.563,152.802,1231.24,4243.86,6587.78,0.0325587,0.00370468,3,3,10,0.769231,1,4.14626,2.82908,1.31718,0.00531505,0.0666892,1304,0,0,0,0,0.001,0,0,0,0,0,0,0,0,0,0,0,0,0,0,0,0,0,0,0,0,0,0,0,0,0,0,0,0,0,0,0,0,0,0,0,0,21.746,77.7861,86.2298,684.899,899.871,1,-0.679637,-0.727121,-0.0968987,0.999898,0.81686,0.0249535,0.818182,0.9,1118.81,1385.73,1987.53,2746.21,299.423,932.16,1793.56,667.541,3681.31,152.155,196.364,-1.76109,0.845362,1.18245,-1.41126,0,0,0,0,0,0,0,106.023,0,0.944018,0,0,330.631,984.488,0,0,1310.07,4341.01,0
1691509947872125582,1657,1328,324,0.801448,21.9094,44.1978,78.5702,104.79,198.002,2.37696,331.818,590.889,912.888,1148.74,1183.18,4155.93,11936,23839.7,1694.32,2434.23,2581.56,505.34,587.245,481.231,156487,7257.27,11187.3,7.47829,6.09998,0,0,0.0463762,0,44.8477,86.0557,165.357,1065.89,3642.1,6183.06,0.00317263,0.000514079,5,5,11,0.6875,1,4.42609,3.056,1.37009,0.00944282,0.0411245,1328,0,0,0,0,0.001,0,0,0,0,0,0,0,0,0,0,0,0,0,0,0,0,0,0,0,0,0,0,0,0,0,0,0,0,0,0,0,0,0,0,0,0,21.9094,78.5702,91.1682,697.708,914.123,1,-0.678497,-0.72724,-0.103745,0.999976,0.397738,0.0110951,0.886792,0.94,1100.46,1385.09,1996.07,2445.14,299.764,926.775,1785.04,675.001,3665.36,156.667,157.202,0.27971,4.59701,0.0224084,-1.84498,0,0,0,0,0,0,0,104.79,0,0.942018,0,0,331.818,912.888,0,0,1183.18,4155.93,0
1691509947972249880,1576,1296,278,0.822335,22.5834,44.3588,75.8296,98.4638,186.745,2.59009,346.468,643.654,1018.75,1202.23,1318.42,4387.27,10947.2,19103.6,1831.24,2615.8,2932.63,526.354,705.062,488.509,154468,7693.27,12001,4.82841,4.62157,0,0,0.0498048,0,49.2365,117.447,155.35,1142.33,4188.77,6347.86,0.041529,0.00154091,6,5,9,0.642857,1,4.22979,2.94777,1.28203,0.00391685,0.0505316,1296,0,0,0,0,0.001,0,0,0,0,0,0,0,0,0,0,0,0,0,0,0,0,0,0,0,0,0,0,0,0,0,0,0,0,0,0,0,0,0,0,0,0,22.5834,75.8296,91.7809,708.706,920.513,1,-0.675441,-0.729633,-0.106838,0.999988,0.284355,0.0152664,0.869159,0.93,1105.46,1407.9,1989.9,2602.99,297.42,926.524,1791.8,623.921,3637.13,154.96,198.766,-1.05383,1.806,0.887263,-1.77085,0,0,0,0,0,0,0,98.4638,0,0.95216,0,0,346.468,1018.75,0,0,1318.42,4387.27,0
1691509948072286757,1580,1331,240,0.842405,21.9946,41.2223,75.6141,94.4321,197.924,3.76664,329.436,595.139,923.359,1123.18,1211.77,3969.4,10156.2,16066.3,1586.24,2153.98,2619.4,511.151,631.629,428.768,156150,5993.83,9499.75,4.66515,5.86644,0,0,0.038385,0,45.8916,77.5028,136.636,1003.64,3419.72,4816.36,0.00215388,0.000350337,4,3,9,0.75,1,4.15506,2.90266,1.2524,0.00557659,0.0197203,1331,0,0,0,0,0.001,0,0,0,0,0,0,0,0,0,0,0,0,0,0,0,0,0,0,0,0,0,0,0,0,0,0,0,0,0,0,0,0,0,0,0,0,21.9946,75.6141,90.8822,691.367,913.751,1,-0.672972,-0.73154,-0.109354,0.999992,0.229657,0.00545081,0.869159,0.93,1129.6,1385.77,1960.08,2971.31,298.91,922.22,1762.27,636.109,3686.27,154.514,191.917,-0.00135906,1.82208,0.0862672,-1.73807,0,0,0,0,0,0,0,94.4321,0,0.955672,0,0,329.436,923.359,0,0,1211.77,3969.4,0
1691509948172130659,1668,1366,290,0.818945,20.8209,40.9146,69.3035,89.3077,194.998,3.9236,335.162,628.039,968.087,1237.05,1254.55,3999.2,11452,21921.2,1737.58,2253.13,2584.72,568.508,614.072,440.287,158873,7499.86,11814.3,6.06377,2.24901,0,0,0.0472066,0,44.5038,94.9702,157.283,1206.55,4261.67,6049.35,0.000426978,3.75094e-05,2,2,8,0.8,1,4.96852,3.82482,1.1437,0.00252569,0.0277418,1366,0,0,0,0,0.001,0,0,0,0,0,0,0,0,0,0,0,0,0,0,0,0,0,0,0,0,0,0,0,0,0,0,0,0,0,0,0,0,0,0,0,0,20.8209,69.3035,88.2582,693.143,915.599,1,-0.674528,-0.73031,-0.107978,0.999997,0.13833,0.00772649,0.851852,0.92,1138.32,1391.31,1975.95,2326.3,299.555,914.725,1760.07,663.783,3697.72,172.035,205.066,-1.33136,0.627701,0.83867,-0.863127,0,0,0,0,0,0,0,89.3077,0,0.963397,0,0,335.162,968.087,0,0,1254.55,3999.2,0
1691509948271867002,1637,1450,186,0.885767,21.9937,40.2233,70.557,96.3268,200.487,1.82714,350.15,614.718,959.925,1162.17,1289.19,3951.14,9786.73,27869.3,1645.51,2261.22,2576.31,546.89,616.453,425.268,158440,7305.36,11641.2,4.04681,4.04761,0,0,0.046108,0,50.9478,83.1474,155.504,1244.05,4459.58,5647.94,1.84851,0.0104714,5,5,0,0,1,4.67264,3.41002,1.26262,0.00195903,0.0304333,1450,0,0,0,0,0.001,0,0,0,0,0,0,0,0,0,0,0,0,0,0,0,0,0,0,0,0,0,0,0,0,0,0,0,0,0,0,0,0,0,0,0,0,21.9937,70.557,89.6183,709.355,907.027,1,-0.674608,-0.728342,-0.120089,0.999925,0.703014,0.026181,0.869159,0.93,1123.7,1373.06,1958.6,2334.32,301.624,912.295,1740.62,706.477,3758.68,170.128,204.742,-1.26312,1.04498,1.26313,-1.04496,0,0,0,0,0,0,0,96.3268,0,0.954483,0,0,350.15,959.925,0,0,1289.19,3951.14,0
1691509948371550666,1589,1391,194,0.875393,20.8574,40.3811,71.3555,95.7479,179.017,1.06134,318.502,573.949,933.489,1171.17,1159.74,3779.14,9816.33,27474.3,1661.12,1964.46,2438.68,487.999,609.493,379.517,164238,6098.76,9587.33,3.25878,2.18054,0,0,0.0371337,0,61.8584,77.291,144.484,1058.31,3110.03,5135.36,0.00327807,0.000366001,3,3,9,0.75,1,4.80808,3.5871,1.22098,0.00565058,0.0492813,1391,0,0,0,0,0.001,0,0,0,0,0,0,0,0,0,0,0,0,0,0,0,0,0,0,0,0,0,0,0,0,0,0,0,0,0,0,0,0,0,0,0,0,20.8574,71.3555,90.3299,708.952,905.718,1,-0.674889,-0.729253,-0.112761,0.999973,0.423424,0.0124111,0.851852,0.92,1138.71,1385.01,1991.78,2325.84,302.825,907.658,1827.66,684.311,3846.67,150.122,189.181,0.50407,1.2121,0.726821,0.0278875,0,0,0,0,0,0,0,95.7479,0,0.958303,0,0,318.502,933.489,0,0,1159.74,3779.14,0
1691509948471258601,1628,1433,194,0.880221,21.1519,39.3658,70.3227,93.7303,210.864,0.233512,317.346,575.34,971.198,1174.19,1138.08,4016.37,10185.9,22760.9,1769.72,2104.92,2662.07,459.588,656.904,423.07,160855,6721.99,10665.3,4.90188,2.65096,0,0,0.0417891,0,51.0165,75.8192,140.94,1231.03,3680.82,5485.71,0.00439064,0.00026848,3,3,8,0.727273,1,4.35206,3.11242,1.23964,0.00463839,0.0385582,1433,0,0,0,0,0.001,0,0,0,0,0,0,0,0,0,0,0,0,0,0,0,0,0,0,0,0,0,0,0,0,0,0,0,0,0,0,0,0,0,0,0,0,21.1519,70.3227,90.1604,707.413,904.426,1,-0.678828,-0.726008,-0.110022,0.999983,0.331785,0.00722357,0.851852,0.92,1124.52,1347.88,1912.66,3656.32,298.706,903.403,1727.17,652.161,3765.21,149.938,210.314,-0.948153,0.382843,1.42887,-0.588658,0,0,0,0,0,0,0,93.7303,0,0.962317,0,0,317.346,971.198,0,0,1138.08,4016.37,0
1691509948570915139,1686,1479,200,0.877224,18.885,39.6117,68.1084,83.8342,182.871,1.73177,320.76,584.466,919.859,1189.22,1167.98,3900.32,10244.6,23320.6,1701.6,2160.63,2486.66,523.778,599.969,418.305,158506,7100.7,11274.6,1.83068,3.48927,0,0,0.0447976,0,50.5619,80.7138,147.068,1185.98,4248.55,5561.7,0.0458745,0.00345237,3,2,8,0.8,1,4.15166,3.01739,1.13427,0.00277557,0.0363152,1479,0,0,0,0,0.001,0,0,0,0,0,0,0,0,0,0,0,0,0,0,0,0,0,0,0,0,0,0,0,0,0,0,0,0,0,0,0,0,0,0,0,0,18.885,68.1084,90.7573,699.062,902.181,1,-0.675383,-0.728414,-0.115199,0.999978,0.381972,0.0125041,0.851852,0.92,1100.83,1325.51,1911.63,3401.22,299.048,892.151,1737.99,657.601,3842.02,155.842,203.086,-0.909676,-0.531355,0.881794,0.636543,0,0,0,0,0,0,0,83.8342,0,0.969574,0,0,320.76,919.859,0,0,1167.98,3900.32,0
1691509948670986080,1633,1434,198,0.878138,18.7935,37.8211,63.5652,83.7606,189.956,1.09626,319.035,579.22,962.24,1162.66,1118.36,4066.49,10911.2,21325,1723.88,2200.15,2491.95,477.083,614.131,417.229,162430,7886.96,12231.9,6.41883,6.29536,0,0,0.0485561,0,44.878,77.4531,147.345,1210.62,4169.5,6582.1,0.00324609,0.000680935,5,4,9,0.692308,1,4.04657,3.00987,1.0367,0.00296755,0.0502945,1434,0,0,0,0,0.001,0,0,0,0,0,0,0,0,0,0,0,0,0,0,0,0,0,0,0,0,0,0,0,0,0,0,0,0,0,0,0,0,0,0,0,0,18.7935,63.5652,90.4522,717.241,909.307,1,-0.678997,-0.724563,-0.118198,0.999982,0.347947,0.00197031,0.834862,0.91,1107.26,1335.49,1885.34,2318.99,297.412,888.069,1735.11,644.018,3792.5,148.138,186.883,-1.03633,-0.398473,1.06428,0.36,0,0,0,0,0,0,0,83.7606,0,0.972803,0,0,319.035,962.24,0,0,1118.36,4066.49,0
1691509948770825938,1734,1513,212,0.872549,19.4257,38.1946,67.0628,88.4208,169.869,1.64882,322.023,578.324,924.413,1148.99,1158.17,3866.53,9694.56,19728.1,1654.59,2171.24,2427.57,493.607,616.733,379.254,159855,6716.3,10798.8,5.00952,8.81976,0,0,0.042015,0,50.1849,80.2726,148.225,1281.2,4004.16,5234.78,0.00030368,0.000140466,2,2,8,0.8,1,4.05087,2.92341,1.12746,0.00427688,0.0495894,1513,0,0,0,0,0.001,0,0,0,0,0,0,0,0,0,0,0,0,0,0,0,0,0,0,0,0,0,0,0,0,0,0,0,0,0,0,0,0,0,0,0,0,19.4257,67.0628,91.9319,704.594,912.474,1,-0.679923,-0.726149,-0.102039,0.999868,0.931779,0.0326551,0.869159,0.93,1100.81,1338.5,1886.56,2302.36,298.207,886.589,1733.13,684.261,3811.53,165.028,210.7,0.543183,-0.820194,0.0655011,-0.241685,0,0,0,0,0,0,0,88.4208,0,0.974884,0,0,322.023,924.413,0,0,1158.17,3866.53,0
1691509948870954452,1754,1582,171,0.901938,18.0592,37.1486,62.8012,82.5478,193.533,2.67143,320.022,613.269,931.461,1156.13,1130.89,3930.04,10845.7,22958.5,1687.63,2299.84,2524.18,503.776,622.812,399.534,155924,8664.5,13376.2,4.22,4.1859,0,0,0.0555688,0,54.7194,80.275,148.747,1263.78,4593.99,7234.64,0.063688,0.00212069,6,5,12,0.705882,1,4.13282,3.05012,1.0827,0.00437366,0.0272276,1582,0,0,0,0,0.001,0,0,0,0,0,0,0,0,0,0,0,0,0,0,0,0,0,0,0,0,0,0,0,0,0,0,0,0,0,0,0,0,0,0,0,0,18.0592,62.8012,87.7861,701.883,915.331,1,-0.678454,-0.726946,-0.106067,0.99999,0.249843,0.00774377,0.904762,0.95,1084.83,1340.51,1912.46,2310.68,294.996,880.204,1740.51,648.246,3710.78,165.411,220.335,0.45273,0.506015,-0.395153,-0.485626,0,0,0,0,0,0,0,82.5478,0,0.979772,0,0,320.022,931.461,0,0,1130.89,3930.04,0
1691509948971149547,1727,1551,171,0.898089,19.0433,37.7541,63.9022,84.013,168.73,3.35168,321.734,581.297,912.527,1175.91,1159.51,3922.51,8715.97,21173,1575.27,2099.55,2498.43,506.667,608.203,372.057,157654,6818.29,10794.3,3.79409,3.78722,0,0,0.0432483,0,59.8814,78.678,148.895,1125.59,3920.43,5460.81,0.00947446,0.00159264,5,5,11,0.6875,1,4.24224,3.15108,1.09116,0.00187616,0.062834,1551,0,0,0,0,0.001,0,0,0,0,0,0,0,0,0,0,0,0,0,0,0,0,0,0,0,0,0,0,0,0,0,0,0,0,0,0,0,0,0,0,0,0,19.0433,63.9022,90.9558,697.585,911.46,1,-0.67484,-0.728731,-0.116372,0.999939,0.633996,0.0198582,0.886792,0.94,1100.8,1389.84,1992.41,2542.14,297.341,878.171,1809.35,670.828,3843.3,163.292,224.435,-0.489115,-1.09308,0.39842,0.529913,0,0,0,0,0,0,0,84.013,0,0.980658,0,0,321.734,912.527,0,0,1159.51,3922.51,0
1691509949071200866,1606,1471,133,0.91594,16.9773,34.7852,65.0405,85.1264,161.7,2.30131,299.273,567.163,885.997,1118.42,1056.88,3734.74,8286.21,21705.3,1545.5,1754.14,2443.52,489.261,624.652,345.686,156512,5610.17,8793.07,5.78011,6.34588,0,0,0.0358449,0,42.5745,69.5485,121.075,972.828,2864.91,4722.13,0.00929416,0.00169196,4,4,8,0.666667,1,3.99935,2.97263,1.02672,0.00661189,0.0491922,1471,0,0,0,0,0.001,0,0,0,0,0,0,0,0,0,0,0,0,0,0,0,0,0,0,0,0,0,0,0,0,0,0,0,0,0,0,0,0,0,0,0,0,16.9773,65.0405,90.5112,696.659,909.829,1,-0.673189,-0.730511,-0.114764,0.999996,0.166828,0.010966,0.904762,0.95,1109.25,1408.56,1987.16,2576.43,293.926,879.866,1808.99,654.655,3830.14,145.899,212.096,-0.559527,-0.50545,0.598281,0.526593,0,0,0,0,0,0,0,85.1264,0,0.974847,0,0,299.273,885.997,0,0,1056.88,3734.74,0
1691509949171376098,1658,1554,104,0.937274,16.5832,35.4646,63.2558,85.7927,192.231,2.48647,291.748,558.978,869.301,1080.32,1050.81,3691.5,8350.42,23916.3,1498.27,1909.79,2355.41,492.674,595.934,350.392,154886,5819.19,9186.03,10.6518,10.7183,0,0,0.0375707,0,51.1978,76.6222,127.863,1043.05,3036.6,4850.7,2.49176,0.00625482,5,4,1,0.2,1,3.57815,2.48419,1.09397,0.00710725,0.0446511,1554,0,0,0,0,0.001,0,0,0,0,0,0,0,0,0,0,0,0,0,0,0,0,0,0,0,0,0,0,0,0,0,0,0,0,0,0,0,0,0,0,0,0,16.5832,63.2558,90.8612,693.606,919.532,1,-0.670674,-0.733366,-0.111227,0.999987,0.297634,0.00842,0.851852,0.92,1086,1331.52,1942.29,2330.28,294.495,870.476,1782.43,643.196,3703.77,153.748,191.504,-1.52905,-1.69866,1.53533,1.69846,0,0,0,0,0,0,0,85.7927,0,0.969112,0,0,291.748,869.301,0,0,1050.81,3691.5,0
1691509949271461466,1683,1550,132,0.920974,18.2049,35.9503,69.326,91.3283,201.619,0.819098,308.899,570.835,884.344,1150.53,1085.05,3787.87,10583.7,24875.6,1605.17,1993.42,2375.32,497.228,561.533,348.85,151302,7160.6,11095.6,10.6496,7.48426,0,0,0.0473266,0,54.3618,73.6139,140.539,1046.32,3813.58,5967.23,0.000244285,5.11779e-05,2,1,9,0.9,1,4.1371,2.91169,1.22541,0.00401381,0.0392485,1550,0,0,0,0,0.001,0,0,0,0,0,0,0,0,0,0,0,0,0,0,0,0,0,0,0,0,0,0,0,0,0,0,0,0,0,0,0,0,0,0,0,0,18.2049,69.326,91.8267,696.164,918.009,1,-0.672,-0.731551,-0.115103,0.99999,0.256744,0.0082059,0.886792,0.94,1085.98,1349.22,1940.25,2329.2,296.535,871.192,1783.69,656.7,3738.13,154.876,212.019,-0.756503,-1.64271,1.45947,0.852788,0,0,0,0,0,0,0,91.3283,0,0.967742,0,0,308.899,884.344,0,0,1085.05,3787.87,0
1691509949371929620,1634,1503,129,0.919829,17.8491,35.2354,67.0881,90.3765,192.806,1.12602,298.474,542.206,874.584,1160.61,1079.34,3684.33,8177.94,18698.5,1593.27,1829.37,2292.92,467.836,595.76,316.5,151637,4947.07,7911.92,22.8896,8.78876,0,0,0.0326244,0,47.4329,72.0517,109.855,907.474,2804.71,3970.4,0.000702481,0.000148916,2,1,9,0.9,1,3.93654,2.7893,1.14725,0.00195452,0.0534965,1503,0,0,0,0,0.001,0,0,0,0,0,0,0,0,0,0,0,0,0,0,0,0,0,0,0,0,0,0,0,0,0,0,0,0,0,0,0,0,0,0,0,0,17.8491,67.0881,89.6253,694.747,909.628,1,-0.675051,-0.728725,-0.115177,0.999991,0.238284,0.00178717,0.869159,0.93,1084.99,1340.84,1939.75,2321.55,295.296,870.217,1786.18,653.515,3785.37,139.476,204.605,-1.6643,-0.602332,1.85643,1.18073,0,0,0,0,0,0,0,90.3765,0,0.969395,0,0,298.474,874.584,0,0,1079.34,3684.33,0
1691509949472375443,1626,1506,120,0.926199,17.8776,37.0502,68.2845,89.5508,173.242,2.6589,290.714,549.722,889.43,1132.09,1026.32,3716.37,8901.58,19070.4,1585.3,1768.21,2307.4,463.289,601.204,343.407,152703,5883.35,9127,5.9432,8.33842,0,0,0.0385279,0,42.619,72.7745,106.238,1001.48,2866.42,5037.47,0.00172852,0.000272066,2,2,8,0.8,1,4.14376,2.97651,1.16724,0.00142963,0.0319349,1506,0,0,0,0,0.001,0,0,0,0,0,0,0,0,0,0,0,0,0,0,0,0,0,0,0,0,0,0,0,0,0,0,0,0,0,0,0,0,0,0,0,0,17.8776,68.2845,94.128,704.263,915.609,1,-0.678429,-0.725372,-0.11649,0.999988,0.282875,0.0121598,0.923077,0.96,1077.95,1333.06,1935.46,2314.06,297.227,870.44,1774.85,664.65,3757.36,134.106,200.089,-1.70535,-3.07169,1.73611,1.90864,0,0,0,0,0,0,0,89.5508,0,0.966135,0,0,290.714,889.43,0,0,1026.32,3716.37,0
1691509949572001419,1630,1471,150,0.902454,17.8592,36.8659,65.7743,91.2954,191.251,2.78126,299.258,571.196,910.773,1189.01,1057.22,3695.4,9937.27,30896.5,1669.43,1959.08,2485.87,511.764,615.118,353.556,153583,6763.04,10732.4,8.72694,4.35198,0,0,0.044035,0,44.3044,84.5159,134.812,1287.42,3614.58,5566.76,0.00068715,6.36719e-05,2,2,8,0.8,1,4.02441,2.85319,1.17122,0.00226702,0.0277,1471,0,0,0,0,0.001,0,0,0,0,0,0,0,0,0,0,0,0,0,0,0,0,0,0,0,0,0,0,0,0,0,0,0,0,0,0,0,0,0,0,0,0,17.8592,65.7743,88.8261,698.68,909.494,1,-0.677358,-0.725931,-0.119206,0.999996,0.17036,0.0120672,0.834862,0.91,1081.21,1413.55,1936.18,2317.65,297.157,875.302,1789.36,670.416,3695.6,150.069,225.337,-1.43779,-2.11314,1.99802,0.975153,0,0,0,0,0,0,0,91.2954,0,0.961931,0,0,299.258,910.773,0,0,1057.22,3695.4,0
1691509949671978581,1591,1457,131,0.915776,18.4445,36.9299,65.7943,90.3972,206.111,1.25321,309.675,584.11,912.392,1152.51,1114.14,3904.18,10378,25290.3,1583.29,1987.68,2428.87,504.416,608.805,376.005,161301,6743.11,10705.3,12.6163,10.3857,0,0,0.0418046,0,41.7913,82.2277,128.734,1314.71,3577.58,5560.3,0.00108657,0.000240686,5,4,13,0.764706,1,4.51891,3.34512,1.17379,0.000805489,0.0192955,1457,0,0,0,0,0.001,0,0,0,0,0,0,0,0,0,0,0,0,0,0,0,0,0,0,0,0,0,0,0,0,0,0,0,0,0,0,0,0,0,0,0,0,18.4445,65.7943,87.7357,692.086,911.178,1,-0.678927,-0.725862,-0.110375,0.99996,0.513968,0.0200748,0.869159,0.93,1091.29,1357.32,1913.86,2305.63,297.122,867.007,1822.8,674.917,3960.91,153.185,206.708,-2.13935,-6.76652,2.31726,0.845352,0,0,0,0,0,0,0,90.3972,0,0.961565,0,0,309.675,912.392,0,0,1114.14,3904.18,0
1691509949771987933,1622,1522,100,0.938348,19.6327,38.437,66.6597,93.3768,201.439,1.86175,288.468,531.521,853.133,1133.29,991.267,3774.16,9424,18888.3,1629.27,1845.68,2332.18,403.964,593.503,355.19,152767,5677.35,9143.83,11.0514,3.74815,0,0,0.0371635,0,43.0461,70.7101,111.048,1143.22,3307.12,4468.69,0.000593037,5.46761e-05,2,2,8,0.8,1,4.19749,2.93788,1.25961,0.0049867,0.051039,1522,0,0,0,0,0.001,0,0,0,0,0,0,0,0,0,0,0,0,0,0,0,0,0,0,0,0,0,0,0,0,0,0,0,0,0,0,0,0,0,0,0,0,19.6327,66.6597,89.2295,705.757,898.014,1,-0.677983,-0.725762,-0.116657,0.99998,0.364063,0.013933,0.869159,0.93,1086.14,1342.27,1917.28,2312.19,296.105,866.063,1806.49,642.588,3847.22,124.123,197.497,-0.0460775,-1.86292,1.6318,0.988249,0,0,0,0,0,0,0,93.3768,0,0.957293,0,0,288.468,853.133,0,0,991.267,3774.16,0
1691509949871789172,1587,1490,97,0.938878,19.0522,36.9967,62.3699,87.2803,193.342,2.28476,308.132,565.101,892.781,1130.7,1120.86,3665.5,9405.43,22526.8,1633.77,1902.75,2268.29,490.466,610.218,392.367,154997,6193.79,9861.59,4.99528,4.95334,0,0,0.0399608,0,45.6975,69.915,132.575,1168.29,3412.12,5032.99,0.0507678,0.00347655,5,5,8,0.615385,1,3.76443,2.63502,1.12942,0.00433905,0.0568597,1490,0,0,0,0,0.001,0,0,0,0,0,0,0,0,0,0,0,0,0,0,0,0,0,0,0,0,0,0,0,0,0,0,0,0,0,0,0,0,0,0,0,0,19.0522,62.3699,89.1073,694.143,907.75,1,-0.677962,-0.725593,-0.117823,0.999999,0.067523,0.00553085,0.851852,0.92,1071.35,1323.74,1917.78,2313.1,291.05,855.328,1786.24,640.87,3860.06,157.822,197.064,-0.12195,-1.94947,0.210831,1.79191,0,0,0,0,0,0,0,87.2803,0,0.967114,0,0,308.132,892.781,0,0,1120.86,3665.5,0
1691509949971469135,1640,1542,98,0.940244,19.2606,38.3402,63.6085,85.8901,191.524,2.77495,299.799,539.528,851.56,1099.01,1045.99,3729.19,10049.3,20225.5,1628.8,1940.76,2351.53,445.37,585.674,385.695,150799,6341.99,9943.93,9.69624,9.54863,0,0,0.0420558,0,42.4132,72.0105,116.307,1203.4,3127.12,5382.68,0.19685,0.0065031,4,3,8,0.727273,1,3.79262,2.62678,1.16584,0.00231139,0.0645883,1542,0,0,0,0,0.001,0,0,0,0,0,0,0,0,0,0,0,0,0,0,0,0,0,0,0,0,0,0,0,0,0,0,0,0,0,0,0,0,0,0,0,0,19.2606,63.6085,87.2677,690.331,903.402,1,-0.674468,-0.72856,-0.119552,0.999988,0.280697,0.00602412,0.904762,0.95,1055.02,1329.82,1909.94,2321.78,290.135,851.708,1780.23,624.075,3771.07,127.184,186.469,-1.06361,-1.10136,1.0954,1.11803,0,0,0,0,0,0,0,85.8901,0,0.966926,0,0,299.799,851.56,0,0,1045.99,3729.19,0
1691509950071455772,1635,1538,97,0.940673,18.2822,35.4328,62.4312,84.3258,200.05,1.70802,294.159,537.601,885.201,1151.63,1063.36,3739.67,8822.57,15902.7,1543.22,1918.32,2187.7,458.339,594.537,350.612,151215,5499.43,8893.96,9.43703,9.44981,0,0,0.0363683,0,41.5814,70.4745,128.755,1130.84,3191.46,4330.86,0.0219585,0.00258161,5,4,9,0.692308,1,3.63387,2.54163,1.09224,0.00501083,0.0360552,1538,0,0,0,0,0.001,0,0,0,0,0,0,0,0,0,0,0,0,0,0,0,0,0,0,0,0,0,0,0,0,0,0,0,0,0,0,0,0,0,0,0,0,18.2822,62.4312,89.433,694.674,904.893,1,-0.673874,-0.729476,-0.117296,0.999997,0.14364,0.00324301,0.886792,0.94,1061.15,1318.07,1903.35,2319.69,290.544,853.832,1776.3,656.371,3766.11,142.445,186.169,-1.30489,-2.27819,1.33837,2.28373,0,0,0,0,0,0,0,84.3258,0,0.968791,0,0,294.159,885.201,0,0,1063.36,3739.67,0
1691509950171395456,1672,1558,113,0.931818,18.9636,36.8091,61.4729,86.2775,183.82,0.873391,292.024,535.674,871.186,1116.32,1104.67,3869.91,9009.26,21808.2,1600.69,1955.62,2320.09,464.211,581.157,377.922,148939,6389.14,10223.3,8.29231,8.38874,0,0,0.0428977,0,43.7056,78.4733,128.275,1206.74,3705.71,5060.44,0.00254311,0.000399371,3,3,8,0.727273,1,3.70949,2.59301,1.11648,0.00118115,0.0367559,1558,0,0,0,0,0.001,0,0,0,0,0,0,0,0,0,0,0,0,0,0,0,0,0,0,0,0,0,0,0,0,0,0,0,0,0,0,0,0,0,0,0,0,18.9636,61.4729,87.3843,684.876,906.74,1,-0.669387,-0.733402,-0.118501,0.999982,0.348493,0.00689378,0.851852,0.92,1046.42,1289.29,1890.9,2336.01,289.139,838.129,1760.9,680.869,3746.29,138.077,191.275,-1.36229,-2.18865,1.45091,2.17417,0,0,0,0,0,0,0,86.2775,0,0.972401,0,0,292.024,871.186,0,0,1104.67,3869.91,0
1691509950271351631,1622,1517,104,0.935265,18.3504,36.0746,61.2262,84.284,177.877,1.15296,310.936,577.604,895.265,1165.75,1106.96,4005.28,10593.1,21734.9,1756.42,2105.09,2484.82,470.783,641.292,418.697,155604,7687.64,12034.1,15.3468,8.85317,0,0,0.0494051,0,49.6449,80.3317,127.602,1348.99,4011.99,6415.51,0.000409589,7.38883e-05,2,2,8,0.8,1,4.16119,3.06619,1.095,0.00141685,0.0282181,1517,0,0,0,0,0.001,0,0,0,0,0,0,0,0,0,0,0,0,0,0,0,0,0,0,0,0,0,0,0,0,0,0,0,0,0,0,0,0,0,0,0,0,18.3504,61.2262,86.0278,696.299,903.673,1,-0.676751,-0.727199,-0.114847,0.999947,0.590056,0.019224,0.886792,0.94,1057.82,1318.11,1892.9,2349.93,289.96,856.908,1769.76,686.209,3823.51,137.807,219.825,-1.98687,-1.55312,1.8241,1.82082,0,0,0,0,0,0,0,84.284,0,0.971655,0,0,310.936,895.265,0,0,1106.96,4005.28,0
1691509950371078399,1634,1543,91,0.944308,19.0049,36.4242,62.2655,90.9483,188.783,2.37672,307.228,560.073,905.412,1133.04,1125.37,3773.22,9843.09,22458.5,1745.82,2086.28,2416.05,461.545,617.342,392.82,155452,7296.52,11323.2,13.4429,14.3338,0,0,0.0469375,0,50.021,76.4658,127.573,1198.79,3697.21,6173.18,0.00298642,0.000682283,3,3,8,0.727273,1,4.15799,2.92957,1.22843,0.00256495,0.039187,1543,0,0,0,0,0.001,0,0,0,0,0,0,0,0,0,0,0,0,0,0,0,0,0,0,0,0,0,0,0,0,0,0,0,0,0,0,0,0,0,0,0,0,19.0049,62.2655,86.2625,691.599,899.139,1,-0.676718,-0.727144,-0.115385,1,0.0310461,0.00363548,0.904762,0.95,1061.41,1340.79,1893.23,2360.59,290.076,852.52,1781.82,652.589,3828.01,137.188,218.816,-1.83133,-2.4869,1.98325,2.42823,0,0,0,0,0,0,0,90.9483,0,0.959819,0,0,307.228,905.412,0,0,1125.37,3773.22,0
1691509950471443283,1605,1534,70,0.955763,18.3121,37.2505,64.6971,88.5068,186.393,2.2658,297.184,553.915,889.589,1140.45,1157.46,3862.37,11928.7,23792.1,1580.47,2060.87,2345.83,468.447,590.646,378.911,154431,7504.7,11668.9,9.96276,10.0144,0,0,0.0485959,0,48.9986,77.5968,134.121,1253.11,3820.28,6334.77,0.0528147,0.00491071,5,5,8,0.615385,1,4.57047,3.3515,1.21897,0.00199356,0.0281004,1534,0,0,0,0,0.001,0,0,0,0,0,0,0,0,0,0,0,0,0,0,0,0,0,0,0,0,0,0,0,0,0,0,0,0,0,0,0,0,0,0,0,0,18.3121,64.6971,86.3018,692.407,896.291,1,-0.6744,-0.728252,-0.12179,0.999976,0.395365,0.0143079,0.904762,0.95,1091.93,1359.78,1911.17,2366.51,292.393,860.554,1825.85,660.563,3768.49,139.902,202.534,-1.34898,-1.87648,1.36376,1.86621,0,0,0,0,0,0,0,88.5068,0,0.96219,0,0,297.184,889.589,0,0,1157.46,3862.37,0
1691509950571080905,1702,1624,78,0.954172,17.7451,35.4958,60.7327,88.1564,200.25,1.48032,299.909,557.735,932.02,1152.48,1147.02,3931.36,11180.4,17665.6,1606.72,2096.2,2369.83,466.386,600.952,385.624,148731,7193.93,11421.1,9.47282,8.40337,0,0,0.0483687,0,50.8645,93.0869,146.916,1334.99,3906.46,5888.73,0.0108014,0.00127748,3,3,10,0.769231,1,4.14886,2.89916,1.24969,0.000408471,0.0232146,1624,0,0,0,0,0.001,0,0,0,0,0,0,0,0,0,0,0,0,0,0,0,0,0,0,0,0,0,0,0,0,0,0,0,0,0,0,0,0,0,0,0,0,17.7451,60.7327,84.9838,700.736,895.28,1,-0.6741,-0.728914,-0.119476,0.999997,0.138977,0.00304008,0.869159,0.93,1071.48,1295.38,1909.06,2366.14,289.673,852.992,1765.25,670.782,3757.84,151.178,209.836,0.713004,-0.100973,1.69694,2.2642,0,0,0,0,0,0,0,88.1564,0,0.95936,0,0,299.909,932.02,0,0,1147.02,3931.36,0
1691509950671085201,1678,1612,66,0.960667,17.8633,35.8087,62.4611,87.8952,212.601,2.00722,304.571,566.812,912.506,1151.78,1171.45,3846.98,9018.48,21798.1,1609.56,2014.12,2402.85,491.328,580.926,358.98,147142,6644.2,10698.8,9.76672,9.89403,0,0,0.0451551,0,46.0575,88.2431,142.693,1284.75,3967.94,5169.13,0.337276,0.0133409,3,3,7,0.7,1,4.1893,2.9432,1.2461,0.00636425,0.0333078,1612,0,0,0,0,0.001,0,0,0,0,0,0,0,0,0,0,0,0,0,0,0,0,0,0,0,0,0,0,0,0,0,0,0,0,0,0,0,0,0,0,0,0,17.8633,62.4611,85.732,691.23,894.038,1,-0.676553,-0.727706,-0.112785,0.999974,0.414119,0.0190658,0.886792,0.94,1079.84,1320.2,1935.95,2340.36,292.882,849.209,1793.41,651.344,3664.07,153.727,211.959,0.463507,-1.98853,-0.474032,2.03275,0,0,0,0,0,0,0,87.8952,0,0.959057,0,0,304.571,912.506,0,0,1171.45,3846.98,0
1691509950771083020,1670,1604,66,0.960479,18.2241,33.3544,60.0332,90.0357,174.149,3.33941,306.402,571.056,915.515,1174.09,1113.54,3951.59,8771.11,26396.8,1701.2,1906.06,2555.51,460.606,640.837,361.498,152901,6958.95,11109.8,10.0794,10.0726,0,0,0.0455129,0,51.5561,96.3943,135.198,1263.41,4049.1,5514.1,0.427979,0.00972947,7,6,9,0.6,1,3.95494,2.76246,1.19248,0.00745678,0.0422855,1604,0,0,0,0,0.001,0,0,0,0,0,0,0,0,0,0,0,0,0,0,0,0,0,0,0,0,0,0,0,0,0,0,0,0,0,0,0,0,0,0,0,0,18.2241,60.0332,90.8826,701.363,899.755,1,-0.680647,-0.724842,-0.106414,0.999967,0.463908,0.0113694,0.923077,0.96,1080.22,1321.18,1942.81,2334.48,290.79,853.727,1817.06,719.456,3762.02,143.128,235.324,-0.266806,-1.37438,0.277858,1.37006,0,0,0,0,0,0,0,90.0357,0,0.961347,0,0,306.402,915.515,0,0,1113.54,3951.59,0
1691509950871187227,1680,1617,63,0.9625,18.7049,34.5056,61.6625,90.8003,193.483,2.63407,315.212,568.116,948.796,1179.7,1187.48,3861.55,10603.1,25364.1,1704.85,2042.4,2616.4,470.388,628.781,386.103,154168,7601.27,11949,5.90776,7.50963,0,0,0.0493051,0,48.5478,91.1239,149.607,1420.19,3834.23,6405.31,0.00637204,0.00112357,3,2,10,0.833333,1,4.13616,2.91388,1.22228,0.00323479,0.0603414,1617,0,0,0,0,0.001,0,0,0,0,0,0,0,0,0,0,0,0,0,0,0,0,0,0,0,0,0,0,0,0,0,0,0,0,0,0,0,0,0,0,0,0,18.7049,61.6625,88.0361,709.642,900.322,1,-0.678938,-0.726407,-0.106659,0.999997,0.133494,0.00145921,0.923077,0.96,1073.39,1298.24,1943.66,2320.75,294.078,844.281,1762.88,673.536,3801.03,161.912,228.941,-0.290108,-1.03665,0.0247116,1.60191,0,0,0,0,0,0,0,90.8003,0,0.961657,0,0,315.212,948.796,0,0,1187.48,3861.55,0
1691509950971264214,1647,1569,78,0.952641,18.6531,36.3791,66.2576,88.1304,206.293,2.51058,312.767,566.954,889.779,1192.1,1133.42,3967.42,8997.14,19826.8,1636.11,2096.84,2434.26,452.52,610.874,379.063,154268,6633.11,10686.6,7.79892,7.69055,0,0,0.0429973,0,45.5127,91.1321,142.285,1288.92,3954.82,5163.88,0.000704963,0.000516554,2,2,10,0.833333,1,4.55691,3.31451,1.2424,7.54534e-05,0.00503176,1569,0,0,0,0,0.001,0,0,0,0,0,0,0,0,0,0,0,0,0,0,0,0,0,0,0,0,0,0,0,0,0,0,0,0,0,0,0,0,0,0,0,0,18.6531,66.2576,88.9988,707.205,904.797,1,-0.676761,-0.726776,-0.117432,0.99994,0.630064,0.0211015,0.869159,0.93,1093.16,1317.33,1942,2337.01,297.59,843.956,1821.87,685.92,3763.84,150.719,209.239,0.637183,-3.15363,-0.0118485,0.497958,0,0,0,0,0,0,0,88.1304,0,0.963671,0,0,312.767,889.779,0,0,1133.42,3967.42,0
