INFO  Loading config from '/home/lc/algorithm_versa/src/BIEVR-LIO/results/round12_shield_rerun/flatsurfaces/C1_B/config_used.yaml'.
INFO  Loading config from '/home/lc/algorithm_versa/src/BIEVR-LIO/config/sensor_configs/gamma.yaml'.
INFO  ================ BIEVR-LIO config ================
topics:
  pointcloud:           /livox/lidar
  imu:                  /livox/imu
max_num_threads:        automatic
lidar:
  min_range_m:          0.5
  max_range_m:          200
map:
  pixel_size_m:   0.05
  voxel_size_m:   0.5
  normal_tolerance_deg: 3
  max_size:             1500000
  smooth:               true
  weighted:             true
  frame:                odom
preprocess:
  downsample_res_m:     0.1
  informed_sampling:    true
optimization:
  huber_delta:          0.1
  img_residual:         true
  img_jacobian:         true
intensity (COIN-BIEVR):
  enabled:              true
  preprocessing:
    enabled:            true
    projection:         spherical
    image (w x h):      1024 x 64
    vertical_fov_deg:   77.2
    brightness_window:  41 x 7
    normalization_scale:140
    remove_lines:       false
    gaussian_blur:      false
    raw_intensity_scale:1
    use_ouster_lut:     false
  sampling:
    enabled:            true
    num_voxels:         100
    downsample_res_m:   0.1
    weak_eigen_ratio:   10
    normalize_eta:      true
    score_mode:         abs_components
  optimization:
    enabled:            true
    photometric_scale:  0.001
    shadow_diagnostics: false
    warmup_s:           10 (TBD safeguard)
imu:
  window_s:             10
  t_init:               0.2
  normalized:           -1
  frame:                imu
debug:
  publish_all_clouds:        false
  print_timing:         true
  print_debug:          false
  dashboard:            false
  log_path:             /home/lc/algorithm_versa/src/BIEVR-LIO/results/round12_shield_rerun/flatsurfaces/C1_B/trajectory.tum
  intensity_diag_csv:   /home/lc/algorithm_versa/src/BIEVR-LIO/results/round12_shield_rerun/flatsurfaces/C1_B/intensity.csv
  photo_diag_csv:       /home/lc/algorithm_versa/src/BIEVR-LIO/results/round12_shield_rerun/flatsurfaces/C1_B/photo.csv
calibration (LiDAR -> IMU):
  T_I_L t:  [0.04165, 0.02326, -0.0284]
  T_I_L R:  [1, 0, 0, 0, 1, 0, 0, 0, 1]
==================================================
INFO  Logging to /home/lc/algorithm_versa/src/BIEVR-LIO/results/round12_shield_rerun/flatsurfaces/C1_B/trajectory.tum
INFO  BiasInitializer: autodetected IMU as raw (mean |acc| = 9.74089).
INFO  Bias initialized:  -0.00168627 -0.000299897   -0.0657378   0.00216163  -0.00157831 -0.000646488
INFO  Initial Pitch: -178.531
INFO  Initial Roll: -179.739
INFO  Timings:
SM Timing
-----------
00_conversion_livox     	      5	00.044625	(00.008925 +- 00.000256)	[00.008464,00.009225]
01_filter               	      4	00.003271	(00.000818 +- 00.000932)	[00.000264,00.002432]
02_preint               	      2	00.000083	(00.000042 +- 00.000013)	[00.000028,00.000055]
02a_intensity_preprocess	      4	00.016479	(00.004120 +- 00.000559)	[00.003523,00.004934]
03_undistortion         	      2	00.003565	(00.001783 +- 00.000599)	[00.001184,00.002382]
04_sampling             	      1	00.001400	(00.001400 +- 00.000000)	[00.001400,00.001400]
04b_intensity_sampling  	      1	00.001278	(00.001278 +- 00.000000)	[00.001278,00.001278]
05_registration         	      1	00.003107	(00.003107 +- 00.000000)	[00.003107,00.003107]
06_map                  	      1	00.001255	(00.001255 +- 00.000000)	[00.001255,00.001255]
07_imu_opt              	      1	00.000006	(00.000006 +- 00.000000)	[00.000006,00.000006]
08_publish              	      1	00.011934	(00.011934 +- 00.000000)	[00.011934,00.011934]
step                    	      4	00.057178	(00.014295 +- 00.008389)	[00.005205,00.024090]

INFO  Timings:
SM Timing
-----------
00_conversion_livox     	      6	00.054855	(00.009142 +- 00.000539)	[00.008464,00.010230]
01_filter               	      5	00.003621	(00.000724 +- 00.000854)	[00.000264,00.002432]
02_preint               	      3	00.000116	(00.000039 +- 00.000011)	[00.000028,00.000055]
02a_intensity_preprocess	      5	00.019818	(00.003964 +- 00.000589)	[00.003340,00.004934]
03_undistortion         	      3	00.005237	(00.001746 +- 00.000492)	[00.001184,00.002382]
04_sampling             	      2	00.002173	(00.001086 +- 00.000313)	[00.000773,00.001400]
04b_intensity_sampling  	      2	00.002131	(00.001066 +- 00.000212)	[00.000854,00.001278]
05_registration         	      2	00.007834	(00.003917 +- 00.000810)	[00.003107,00.004727]
06_map                  	      2	00.002302	(00.001151 +- 00.000104)	[00.001047,00.001255]
07_imu_opt              	      2	00.000008	(00.000004 +- 00.000002)	[00.000002,00.000006]
08_publish              	      2	00.024333	(00.012166 +- 00.000233)	[00.011934,00.012399]
step                    	      5	00.082429	(00.016486 +- 00.008689)	[00.005205,00.025250]

INFO  Timings:
SM Timing
-----------
00_conversion_livox     	      7	00.065018	(00.009288 +- 00.000614)	[00.008464,00.010230]
01_filter               	      6	00.004005	(00.000667 +- 00.000790)	[00.000264,00.002432]
02_preint               	      4	00.000153	(00.000038 +- 00.000010)	[00.000028,00.000055]
02a_intensity_preprocess	      6	00.023049	(00.003842 +- 00.000603)	[00.003231,00.004934]
03_undistortion         	      4	00.006195	(00.001549 +- 00.000546)	[00.000958,00.002382]
04_sampling             	      3	00.002836	(00.000945 +- 00.000324)	[00.000664,00.001400]
04b_intensity_sampling  	      3	00.002959	(00.000986 +- 00.000206)	[00.000828,00.001278]
05_registration         	      3	00.012149	(00.004050 +- 00.000687)	[00.003107,00.004727]
06_map                  	      3	00.003199	(00.001066 +- 00.000147)	[00.000896,00.001255]
07_imu_opt              	      3	00.000009	(00.000003 +- 00.000002)	[00.000001,00.000006]
08_publish              	      3	00.036665	(00.012222 +- 00.000206)	[00.011934,00.012399]
step                    	      6	00.106140	(00.017690 +- 00.008377)	[00.005205,00.025250]

INFO  Timings:
SM Timing
-----------
00_conversion_livox     	      8	00.075257	(00.009407 +- 00.000655)	[00.008464,00.010239]
01_filter               	      7	00.004297	(00.000614 +- 00.000743)	[00.000264,00.002432]
02_preint               	      5	00.000191	(00.000038 +- 00.000009)	[00.000028,00.000055]
02a_intensity_preprocess	      7	00.026349	(00.003764 +- 00.000590)	[00.003231,00.004934]
03_undistortion         	      5	00.006931	(00.001386 +- 00.000586)	[00.000736,00.002382]
04_sampling             	      4	00.003679	(00.000920 +- 00.000284)	[00.000664,00.001400]
04b_intensity_sampling  	      4	00.003747	(00.000937 +- 00.000198)	[00.000788,00.001278]
05_registration         	      4	00.018961	(00.004740 +- 00.001336)	[00.003107,00.006813]
06_map                  	      4	00.004196	(00.001049 +- 00.000131)	[00.000896,00.001255]
07_imu_opt              	      4	00.000012	(00.000003 +- 00.000002)	[00.000001,00.000006]
08_publish              	      4	00.049242	(00.012311 +- 00.000235)	[00.011934,00.012577]
step                    	      7	00.132598	(00.018943 +- 00.008340)	[00.005205,00.026458]

INFO  Timings:
SM Timing
-----------
00_conversion_livox     	      9	00.085607	(00.009512 +- 00.000685)	[00.008464,00.010350]
01_filter               	      8	00.004665	(00.000583 +- 00.000700)	[00.000264,00.002432]
02_preint               	      6	00.000223	(00.000037 +- 00.000008)	[00.000028,00.000055]
02a_intensity_preprocess	      8	00.029718	(00.003715 +- 00.000567)	[00.003231,00.004934]
03_undistortion         	      6	00.007928	(00.001321 +- 00.000555)	[00.000736,00.002382]
04_sampling             	      5	00.004374	(00.000875 +- 00.000270)	[00.000664,00.001400]
04b_intensity_sampling  	      5	00.004638	(00.000928 +- 00.000178)	[00.000788,00.001278]
05_registration         	      5	00.026257	(00.005251 +- 00.001573)	[00.003107,00.007296]
06_map                  	      5	00.005509	(00.001102 +- 00.000158)	[00.000896,00.001313]
07_imu_opt              	      5	00.000682	(00.000136 +- 00.000267)	[00.000001,00.000670]
08_publish              	      5	00.062433	(00.012487 +- 00.000410)	[00.011934,00.013191]
step                    	      8	00.161504	(00.020188 +- 00.008469)	[00.005205,00.028906]

INFO  Timings:
SM Timing
-----------
00_conversion_livox     	     10	00.096953	(00.009695 +- 00.000851)	[00.008464,00.011346]
01_filter               	      9	00.005020	(00.000558 +- 00.000664)	[00.000264,00.002432]
02_preint               	      7	00.000260	(00.000037 +- 00.000008)	[00.000028,00.000055]
02a_intensity_preprocess	      9	00.033169	(00.003685 +- 00.000541)	[00.003231,00.004934]
03_undistortion         	      7	00.008747	(00.001250 +- 00.000543)	[00.000736,00.002382]
04_sampling             	      6	00.005194	(00.000866 +- 00.000247)	[00.000664,00.001400]
04b_intensity_sampling  	      6	00.005544	(00.000924 +- 00.000163)	[00.000788,00.001278]
05_registration         	      6	00.031817	(00.005303 +- 00.001440)	[00.003107,00.007296]
06_map                  	      6	00.006588	(00.001098 +- 00.000144)	[00.000896,00.001313]
07_imu_opt              	      6	00.000996	(00.000166 +- 00.000252)	[00.000001,00.000670]
08_publish              	      6	00.075382	(00.012564 +- 00.000412)	[00.011934,00.013191]
step                    	      9	00.187864	(00.020874 +- 00.008217)	[00.005205,00.028906]

INFO  Timings:
SM Timing
-----------
00_conversion_livox     	     11	00.107640	(00.009785 +- 00.000860)	[00.008464,00.011346]
01_filter               	     10	00.005313	(00.000531 +- 00.000635)	[00.000264,00.002432]
02_preint               	      8	00.000296	(00.000037 +- 00.000007)	[00.000028,00.000055]
02a_intensity_preprocess	     10	00.036608	(00.003661 +- 00.000519)	[00.003231,00.004934]
03_undistortion         	      8	00.009535	(00.001192 +- 00.000530)	[00.000736,00.002382]
04_sampling             	      7	00.005986	(00.000855 +- 00.000230)	[00.000664,00.001400]
04b_intensity_sampling  	      7	00.006385	(00.000912 +- 00.000153)	[00.000788,00.001278]
05_registration         	      7	00.037046	(00.005292 +- 00.001334)	[00.003107,00.007296]
06_map                  	      7	00.007563	(00.001080 +- 00.000140)	[00.000896,00.001313]
07_imu_opt              	      7	00.001325	(00.000189 +- 00.000240)	[00.000001,00.000670]
08_publish              	      7	00.088693	(00.012670 +- 00.000463)	[00.011934,00.013311]
step                    	     10	00.213969	(00.021397 +- 00.007951)	[00.005205,00.028906]

INFO  Timings:
SM Timing
-----------
00_conversion_livox     	     12	00.118544	(00.009879 +- 00.000880)	[00.008464,00.011346]
01_filter               	     11	00.005623	(00.000511 +- 00.000609)	[00.000264,00.002432]
02_preint               	      9	00.000329	(00.000037 +- 00.000007)	[00.000028,00.000055]
02a_intensity_preprocess	     11	00.040134	(00.003649 +- 00.000496)	[00.003231,00.004934]
03_undistortion         	      9	00.010358	(00.001151 +- 00.000513)	[00.000736,00.002382]
04_sampling             	      8	00.006751	(00.000844 +- 00.000217)	[00.000664,00.001400]
04b_intensity_sampling  	      8	00.007247	(00.000906 +- 00.000145)	[00.000788,00.001278]
05_registration         	      8	00.042389	(00.005299 +- 00.001248)	[00.003107,00.007296]
06_map                  	      8	00.008620	(00.001077 +- 00.000131)	[00.000896,00.001313]
07_imu_opt              	      8	00.001934	(00.000242 +- 00.000264)	[00.000001,00.000670]
08_publish              	      8	00.102372	(00.012796 +- 00.000546)	[00.011934,00.013679]
step                    	     11	00.241049	(00.021914 +- 00.007755)	[00.005205,00.028906]

INFO  Timings:
SM Timing
-----------
00_conversion_livox     	     13	00.129671	(00.009975 +- 00.000908)	[00.008464,00.011346]
01_filter               	     12	00.005953	(00.000496 +- 00.000585)	[00.000264,00.002432]
02_preint               	     10	00.000369	(00.000037 +- 00.000007)	[00.000028,00.000055]
02a_intensity_preprocess	     12	00.043797	(00.003650 +- 00.000475)	[00.003231,00.004934]
03_undistortion         	     10	00.011307	(00.001131 +- 00.000491)	[00.000736,00.002382]
04_sampling             	      9	00.007530	(00.000837 +- 00.000206)	[00.000664,00.001400]
04b_intensity_sampling  	      9	00.008238	(00.000915 +- 00.000139)	[00.000788,00.001278]
05_registration         	      9	00.048379	(00.005375 +- 00.001196)	[00.003107,00.007296]
06_map                  	      9	00.009584	(00.001065 +- 00.000129)	[00.000896,00.001313]
07_imu_opt              	      9	00.002313	(00.000257 +- 00.000253)	[00.000001,00.000670]
08_publish              	      9	00.116082	(00.012898 +- 00.000590)	[00.011934,00.013710]
step                    	     12	00.268929	(00.022411 +- 00.007606)	[00.005205,00.028906]

INFO  Timings:
SM Timing
-----------
00_conversion_livox     	     14	00.141003	(00.010072 +- 00.000943)	[00.008464,00.011346]
01_filter               	     13	00.006255	(00.000481 +- 00.000564)	[00.000264,00.002432]
02_preint               	     11	00.000401	(00.000036 +- 00.000007)	[00.000028,00.000055]
02a_intensity_preprocess	     13	00.047335	(00.003641 +- 00.000457)	[00.003231,00.004934]
03_undistortion         	     11	00.012056	(00.001096 +- 00.000480)	[00.000736,00.002382]
04_sampling             	     10	00.008262	(00.000826 +- 00.000198)	[00.000664,00.001400]
04b_intensity_sampling  	     10	00.009040	(00.000904 +- 00.000136)	[00.000788,00.001278]
05_registration         	     10	00.056621	(00.005662 +- 00.001424)	[00.003107,00.008242]
06_map                  	     10	00.010743	(00.001074 +- 00.000126)	[00.000896,00.001313]
07_imu_opt              	     10	00.002986	(00.000299 +- 00.000270)	[00.000001,00.000673]
08_publish              	     10	00.130404	(00.013040 +- 00.000704)	[00.011934,00.014322]
step                    	     13	00.299552	(00.023042 +- 00.007628)	[00.005205,00.030623]

INFO  Timings:
SM Timing
-----------
00_conversion_livox     	     15	00.153272	(00.010218 +- 00.001063)	[00.008464,00.012268]
01_filter               	     14	00.006617	(00.000473 +- 00.000545)	[00.000264,00.002432]
02_preint               	     12	00.000437	(00.000036 +- 00.000006)	[00.000028,00.000055]
02a_intensity_preprocess	     14	00.050896	(00.003635 +- 00.000441)	[00.003231,00.004934]
03_undistortion         	     12	00.012997	(00.001083 +- 00.000462)	[00.000736,00.002382]
04_sampling             	     11	00.009072	(00.000825 +- 00.000189)	[00.000664,00.001400]
04b_intensity_sampling  	     11	00.009814	(00.000892 +- 00.000135)	[00.000774,00.001278]
05_registration         	     11	00.063856	(00.005805 +- 00.001431)	[00.003107,00.008242]
06_map                  	     11	00.011854	(00.001078 +- 00.000120)	[00.000896,00.001313]
07_imu_opt              	     11	00.003253	(00.000296 +- 00.000258)	[00.000001,00.000673]
08_publish              	     11	00.144545	(00.013140 +- 00.000742)	[00.011934,00.014322]
step                    	     14	00.328870	(00.023491 +- 00.007527)	[00.005205,00.030623]

INFO  Timings:
SM Timing
-----------
00_conversion_livox     	     16	00.164987	(00.010312 +- 00.001091)	[00.008464,00.012268]
01_filter               	     15	00.006965	(00.000464 +- 00.000527)	[00.000264,00.002432]
02_preint               	     13	00.000475	(00.000037 +- 00.000006)	[00.000028,00.000055]
02a_intensity_preprocess	     15	00.054488	(00.003633 +- 00.000426)	[00.003231,00.004934]
03_undistortion         	     13	00.014051	(00.001081 +- 00.000444)	[00.000736,00.002382]
04_sampling             	     12	00.009919	(00.000827 +- 00.000181)	[00.000664,00.001400]
04b_intensity_sampling  	     12	00.010718	(00.000893 +- 00.000129)	[00.000774,00.001278]
05_registration         	     12	00.071573	(00.005964 +- 00.001468)	[00.003107,00.008242]
06_map                  	     12	00.012926	(00.001077 +- 00.000115)	[00.000896,00.001313]
07_imu_opt              	     12	00.003632	(00.000303 +- 00.000248)	[00.000001,00.000673]
08_publish              	     12	00.159495	(00.013291 +- 00.000869)	[00.011934,00.014951]
step                    	     15	00.359830	(00.023989 +- 00.007506)	[00.005205,00.030960]

INFO  Timings:
SM Timing
-----------
00_conversion_livox     	     17	00.177140	(00.010420 +- 00.001144)	[00.008464,00.012268]
01_filter               	     16	00.007357	(00.000460 +- 00.000511)	[00.000264,00.002432]
02_preint               	     14	00.000507	(00.000036 +- 00.000006)	[00.000028,00.000055]
02a_intensity_preprocess	     16	00.058210	(00.003638 +- 00.000413)	[00.003231,00.004934]
03_undistortion         	     14	00.014929	(00.001066 +- 00.000431)	[00.000736,00.002382]
04_sampling             	     13	00.010685	(00.000822 +- 00.000175)	[00.000664,00.001400]
04b_intensity_sampling  	     13	00.011733	(00.000903 +- 00.000128)	[00.000774,00.001278]
05_registration         	     13	00.078113	(00.006009 +- 00.001419)	[00.003107,00.008242]
06_map                  	     13	00.014207	(00.001093 +- 00.000123)	[00.000896,00.001313]
07_imu_opt              	     13	00.003999	(00.000308 +- 00.000239)	[00.000001,00.000673]
08_publish              	     13	00.174143	(00.013396 +- 00.000910)	[00.011934,00.014951]
step                    	     16	00.389536	(00.024346 +- 00.007398)	[00.005205,00.030960]

INFO  Timings:
SM Timing
-----------
00_conversion_livox     	     18	00.189153	(00.010509 +- 00.001170)	[00.008464,00.012268]
01_filter               	     17	00.007717	(00.000454 +- 00.000496)	[00.000264,00.002432]
02_preint               	     15	00.000553	(00.000037 +- 00.000006)	[00.000028,00.000055]
02a_intensity_preprocess	     17	00.061983	(00.003646 +- 00.000402)	[00.003231,00.004934]
03_undistortion         	     15	00.015910	(00.001061 +- 00.000417)	[00.000736,00.002382]
04_sampling             	     14	00.011474	(00.000820 +- 00.000168)	[00.000664,00.001400]
04b_intensity_sampling  	     14	00.012627	(00.000902 +- 00.000124)	[00.000774,00.001278]
05_registration         	     14	00.087180	(00.006227 +- 00.001578)	[00.003107,00.009067]
06_map                  	     14	00.015372	(00.001098 +- 00.000120)	[00.000896,00.001313]
07_imu_opt              	     14	00.004484	(00.000320 +- 00.000235)	[00.000001,00.000673]
08_publish              	     14	00.189332	(00.013524 +- 00.000991)	[00.011934,00.015189]
step                    	     17	00.422374	(00.024846 +- 00.007450)	[00.005205,00.032838]

INFO  Timings:
SM Timing
-----------
00_conversion_livox     	     19	00.201299	(00.010595 +- 00.001196)	[00.008464,00.012268]
01_filter               	     18	00.008059	(00.000448 +- 00.000483)	[00.000264,00.002432]
02_preint               	     16	00.000587	(00.000037 +- 00.000006)	[00.000028,00.000055]
02a_intensity_preprocess	     18	00.065627	(00.003646 +- 00.000391)	[00.003231,00.004934]
03_undistortion         	     16	00.016815	(00.001051 +- 00.000405)	[00.000736,00.002382]
04_sampling             	     15	00.012315	(00.000821 +- 00.000163)	[00.000664,00.001400]
04b_intensity_sampling  	     15	00.013426	(00.000895 +- 00.000122)	[00.000774,00.001278]
05_registration         	     15	00.091944	(00.006130 +- 00.001568)	[00.003107,00.009067]
06_map                  	     15	00.016521	(00.001101 +- 00.000117)	[00.000896,00.001313]
07_imu_opt              	     15	00.004809	(00.000321 +- 00.000227)	[00.000001,00.000673]
08_publish              	     15	00.203467	(00.013564 +- 00.000969)	[00.011934,00.015189]
step                    	     18	00.449381	(00.024966 +- 00.007257)	[00.005205,00.032838]

INFO  Timings:
SM Timing
-----------
00_conversion_livox     	     20	00.212681	(00.010634 +- 00.001178)	[00.008464,00.012268]
01_filter               	     19	00.008382	(00.000441 +- 00.000471)	[00.000264,00.002432]
02_preint               	     17	00.000620	(00.000036 +- 00.000006)	[00.000028,00.000055]
02a_intensity_preprocess	     19	00.069283	(00.003646 +- 00.000380)	[00.003231,00.004934]
03_undistortion         	     17	00.017675	(00.001040 +- 00.000396)	[00.000736,00.002382]
04_sampling             	     16	00.013070	(00.000817 +- 00.000158)	[00.000664,00.001400]
04b_intensity_sampling  	     16	00.014314	(00.000895 +- 00.000118)	[00.000774,00.001278]
05_registration         	     16	00.098298	(00.006144 +- 00.001519)	[00.003107,00.009067]
06_map                  	     16	00.017572	(00.001098 +- 00.000114)	[00.000896,00.001313]
07_imu_opt              	     16	00.005136	(00.000321 +- 00.000220)	[00.000001,00.000673]
08_publish              	     16	00.217566	(00.013598 +- 00.000947)	[00.011934,00.015189]
step                    	     19	00.477818	(00.025148 +- 00.007106)	[00.005205,00.032838]

INFO  Timings:
SM Timing
-----------
00_conversion_livox     	     21	00.224061	(00.010670 +- 00.001161)	[00.008464,00.012268]
01_filter               	     20	00.008697	(00.000435 +- 00.000459)	[00.000264,00.002432]
02_preint               	     18	00.000657	(00.000036 +- 00.000006)	[00.000028,00.000055]
02a_intensity_preprocess	     20	00.072839	(00.003642 +- 00.000371)	[00.003231,00.004934]
03_undistortion         	     18	00.018541	(00.001030 +- 00.000387)	[00.000736,00.002382]
04_sampling             	     17	00.013802	(00.000812 +- 00.000155)	[00.000664,00.001400]
04b_intensity_sampling  	     17	00.015091	(00.000888 +- 00.000118)	[00.000774,00.001278]
05_registration         	     17	00.104007	(00.006118 +- 00.001477)	[00.003107,00.009067]
06_map                  	     17	00.018632	(00.001096 +- 00.000111)	[00.000896,00.001313]
07_imu_opt              	     17	00.005635	(00.000331 +- 00.000217)	[00.000001,00.000673]
08_publish              	     17	00.231613	(00.013624 +- 00.000925)	[00.011934,00.015189]
step                    	     20	00.505508	(00.025275 +- 00.006948)	[00.005205,00.032838]

INFO  Timings:
SM Timing
-----------
00_conversion_livox     	     22	00.235542	(00.010706 +- 00.001147)	[00.008464,00.012268]
01_filter               	     21	00.009022	(00.000430 +- 00.000449)	[00.000264,00.002432]
02_preint               	     19	00.000693	(00.000036 +- 00.000006)	[00.000028,00.000055]
02a_intensity_preprocess	     21	00.076455	(00.003641 +- 00.000362)	[00.003231,00.004934]
03_undistortion         	     19	00.019395	(00.001021 +- 00.000378)	[00.000736,00.002382]
04_sampling             	     18	00.014521	(00.000807 +- 00.000152)	[00.000664,00.001400]
04b_intensity_sampling  	     18	00.015893	(00.000883 +- 00.000116)	[00.000774,00.001278]
05_registration         	     18	00.108840	(00.006047 +- 00.001465)	[00.003107,00.009067]
06_map                  	     18	00.019684	(00.001094 +- 00.000108)	[00.000896,00.001313]
07_imu_opt              	     18	00.005977	(00.000332 +- 00.000211)	[00.000001,00.000673]
08_publish              	     18	00.245330	(00.013629 +- 00.000899)	[00.011934,00.015189]
step                    	     21	00.531877	(00.025327 +- 00.006785)	[00.005205,00.032838]

INFO  Timings:
SM Timing
-----------
00_conversion_livox     	     23	00.247009	(00.010740 +- 00.001132)	[00.008464,00.012268]
01_filter               	     22	00.009339	(00.000425 +- 00.000439)	[00.000264,00.002432]
02_preint               	     20	00.000725	(00.000036 +- 00.000006)	[00.000028,00.000055]
02a_intensity_preprocess	     22	00.079973	(00.003635 +- 00.000355)	[00.003231,00.004934]
03_undistortion         	     20	00.020255	(00.001013 +- 00.000370)	[00.000736,00.002382]
04_sampling             	     19	00.015430	(00.000812 +- 00.000150)	[00.000664,00.001400]
04b_intensity_sampling  	     19	00.016755	(00.000882 +- 00.000113)	[00.000774,00.001278]
05_registration         	     19	00.117524	(00.006185 +- 00.001543)	[00.003107,00.009067]
06_map                  	     19	00.020837	(00.001097 +- 00.000106)	[00.000896,00.001313]
07_imu_opt              	     19	00.006490	(00.000342 +- 00.000209)	[00.000001,00.000673]
08_publish              	     19	00.259184	(00.013641 +- 00.000877)	[00.011934,00.015189]
step                    	     22	00.562640	(00.025575 +- 00.006725)	[00.005205,00.032838]

INFO  Timings:
SM Timing
-----------
00_conversion_livox     	     24	00.258278	(00.010762 +- 00.001113)	[00.008464,00.012268]
01_filter               	     23	00.009680	(00.000421 +- 00.000430)	[00.000264,00.002432]
02_preint               	     21	00.000758	(00.000036 +- 00.000006)	[00.000028,00.000055]
02a_intensity_preprocess	     23	00.083633	(00.003636 +- 00.000347)	[00.003231,00.004934]
03_undistortion         	     21	00.021102	(00.001005 +- 00.000363)	[00.000736,00.002382]
04_sampling             	     20	00.016222	(00.000811 +- 00.000146)	[00.000664,00.001400]
04b_intensity_sampling  	     20	00.017688	(00.000884 +- 00.000111)	[00.000774,00.001278]
05_registration         	     20	00.121717	(00.006086 +- 00.001565)	[00.003107,00.009067]
06_map                  	     20	00.021968	(00.001098 +- 00.000104)	[00.000896,00.001313]
07_imu_opt              	     20	00.007005	(00.000350 +- 00.000208)	[00.000001,00.000673]
08_publish              	     20	00.272928	(00.013646 +- 00.000855)	[00.011934,00.015189]
step                    	     23	00.588890	(00.025604 +- 00.006579)	[00.005205,00.032838]

INFO  Timings:
SM Timing
-----------
00_conversion_livox     	     25	00.269699	(00.010788 +- 00.001098)	[00.008464,00.012268]
01_filter               	     24	00.010010	(00.000417 +- 00.000421)	[00.000264,00.002432]
02_preint               	     22	00.000792	(00.000036 +- 00.000005)	[00.000028,00.000055]
02a_intensity_preprocess	     24	00.087276	(00.003637 +- 00.000340)	[00.003231,00.004934]
03_undistortion         	     22	00.022237	(00.001011 +- 00.000356)	[00.000736,00.002382]
04_sampling             	     21	00.017089	(00.000814 +- 00.000143)	[00.000664,00.001400]
04b_intensity_sampling  	     21	00.018613	(00.000886 +- 00.000109)	[00.000774,00.001278]
05_registration         	     21	00.127095	(00.006052 +- 00.001535)	[00.003107,00.009067]
06_map                  	     21	00.023035	(00.001097 +- 00.000101)	[00.000896,00.001313]
07_imu_opt              	     21	00.007446	(00.000355 +- 00.000203)	[00.000001,00.000673]
08_publish              	     21	00.287257	(00.013679 +- 00.000847)	[00.011934,00.015189]
step                    	     24	00.617115	(00.025713 +- 00.006461)	[00.005205,00.032838]

INFO  Timings:
SM Timing
-----------
00_conversion_livox     	     26	00.281815	(00.010839 +- 00.001107)	[00.008464,00.012268]
01_filter               	     25	00.010294	(00.000412 +- 00.000414)	[00.000264,00.002432]
02_preint               	     23	00.000829	(00.000036 +- 00.000005)	[00.000028,00.000055]
02a_intensity_preprocess	     25	00.090957	(00.003638 +- 00.000333)	[00.003231,00.004934]
03_undistortion         	     23	00.023061	(00.001003 +- 00.000350)	[00.000736,00.002382]
04_sampling             	     22	00.017774	(00.000808 +- 00.000142)	[00.000664,00.001400]
04b_intensity_sampling  	     22	00.019473	(00.000885 +- 00.000106)	[00.000774,00.001278]
05_registration         	     22	00.134383	(00.006108 +- 00.001522)	[00.003107,00.009067]
06_map                  	     22	00.024233	(00.001101 +- 00.000101)	[00.000896,00.001313]
07_imu_opt              	     22	00.007938	(00.000361 +- 00.000201)	[00.000001,00.000673]
08_publish              	     22	00.301719	(00.013715 +- 00.000843)	[00.011934,00.015189]
step                    	     25	00.646999	(00.025880 +- 00.006383)	[00.005205,00.032838]

INFO  Timings:
SM Timing
-----------
00_conversion_livox     	     26	00.281815	(00.010839 +- 00.001107)	[00.008464,00.012268]
01_filter               	     26	00.010662	(00.000410 +- 00.000406)	[00.000264,00.002432]
02_preint               	     24	00.000863	(00.000036 +- 00.000005)	[00.000028,00.000055]
02a_intensity_preprocess	     26	00.094805	(00.003646 +- 00.000329)	[00.003231,00.004934]
03_undistortion         	     24	00.026465	(00.001103 +- 00.000590)	[00.000736,00.003404]
04_sampling             	     23	00.018523	(00.000805 +- 00.000140)	[00.000664,00.001400]
04b_intensity_sampling  	     23	00.020315	(00.000883 +- 00.000104)	[00.000774,00.001278]
05_registration         	     23	00.139623	(00.006071 +- 00.001499)	[00.003107,00.009067]
06_map                  	     23	00.025209	(00.001096 +- 00.000102)	[00.000896,00.001313]
07_imu_opt              	     23	00.008500	(00.000370 +- 00.000201)	[00.000001,00.000673]
08_publish              	     23	00.315651	(00.013724 +- 00.000826)	[00.011934,00.015189]
step                    	     26	00.677031	(00.026040 +- 00.006310)	[00.005205,00.032838]

INFO  Timings:
SM Timing
-----------
00_conversion_livox     	     28	00.304673	(00.010881 +- 00.001077)	[00.008464,00.012268]
01_filter               	     27	00.010929	(00.000405 +- 00.000399)	[00.000264,00.002432]
02_preint               	     25	00.000899	(00.000036 +- 00.000005)	[00.000028,00.000055]
02a_intensity_preprocess	     27	00.098583	(00.003651 +- 00.000324)	[00.003231,00.004934]
03_undistortion         	     25	00.027223	(00.001089 +- 00.000582)	[00.000736,00.003404]
04_sampling             	     24	00.019289	(00.000804 +- 00.000137)	[00.000664,00.001400]
04b_intensity_sampling  	     24	00.021328	(00.000889 +- 00.000105)	[00.000774,00.001278]
05_registration         	     24	00.147627	(00.006151 +- 00.001517)	[00.003107,00.009067]
06_map                  	     24	00.026537	(00.001106 +- 00.000110)	[00.000896,00.001329]
07_imu_opt              	     24	00.009014	(00.000376 +- 00.000199)	[00.000001,00.000673]
08_publish              	     24	00.330718	(00.013780 +- 00.000852)	[00.011934,00.015189]
step                    	     27	00.708632	(00.026246 +- 00.006281)	[00.005205,00.032838]

INFO  Timings:
SM Timing
-----------
00_conversion_livox     	     29	00.316826	(00.010925 +- 00.001084)	[00.008464,00.012268]
01_filter               	     28	00.011358	(00.000406 +- 00.000392)	[00.000264,00.002432]
02_preint               	     26	00.000936	(00.000036 +- 00.000005)	[00.000028,00.000055]
02a_intensity_preprocess	     28	00.102635	(00.003666 +- 00.000327)	[00.003231,00.004934]
03_undistortion         	     26	00.028485	(00.001096 +- 00.000571)	[00.000736,00.003404]
04_sampling             	     25	00.020051	(00.000802 +- 00.000134)	[00.000664,00.001400]
04b_intensity_sampling  	     25	00.022257	(00.000890 +- 00.000104)	[00.000774,00.001278]
05_registration         	     25	00.154172	(00.006167 +- 00.001489)	[00.003107,00.009067]
06_map                  	     25	00.027611	(00.001104 +- 00.000108)	[00.000896,00.001329]
07_imu_opt              	     25	00.009530	(00.000381 +- 00.000196)	[00.000001,00.000673]
08_publish              	     25	00.345588	(00.013824 +- 00.000862)	[00.011934,00.015189]
step                    	     28	00.739178	(00.026399 +- 00.006219)	[00.005205,00.032838]

INFO  Timings:
SM Timing
-----------
00_conversion_livox     	     30	00.328907	(00.010964 +- 00.001086)	[00.008464,00.012268]
01_filter               	     29	00.011674	(00.000403 +- 00.000385)	[00.000264,00.002432]
02_preint               	     27	00.000970	(00.000036 +- 00.000005)	[00.000028,00.000055]
02a_intensity_preprocess	     29	00.106593	(00.003676 +- 00.000325)	[00.003231,00.004934]
03_undistortion         	     27	00.029379	(00.001088 +- 00.000562)	[00.000736,00.003404]
04_sampling             	     26	00.020846	(00.000802 +- 00.000132)	[00.000664,00.001400]
04b_intensity_sampling  	     26	00.023201	(00.000892 +- 00.000102)	[00.000774,00.001278]
05_registration         	     26	00.160768	(00.006183 +- 00.001462)	[00.003107,00.009067]
06_map                  	     26	00.028964	(00.001114 +- 00.000116)	[00.000896,00.001354]
07_imu_opt              	     26	00.010212	(00.000393 +- 00.000201)	[00.000001,00.000682]
08_publish              	     26	00.360922	(00.013882 +- 00.000893)	[00.011934,00.015334]
step                    	     29	00.770150	(00.026557 +- 00.006167)	[00.005205,00.032838]

INFO  Timings:
SM Timing
-----------
00_conversion_livox     	     31	00.340828	(00.010994 +- 00.001081)	[00.008464,00.012268]
01_filter               	     30	00.011963	(00.000399 +- 00.000379)	[00.000264,00.002432]
02_preint               	     28	00.001003	(00.000036 +- 00.000005)	[00.000028,00.000055]
02a_intensity_preprocess	     30	00.110346	(00.003678 +- 00.000320)	[00.003231,00.004934]
03_undistortion         	     28	00.030311	(00.001083 +- 00.000553)	[00.000736,00.003404]
04_sampling             	     27	00.021514	(00.000797 +- 00.000132)	[00.000664,00.001400]
04b_intensity_sampling  	     27	00.024011	(00.000889 +- 00.000101)	[00.000774,00.001278]
05_registration         	     27	00.165927	(00.006145 +- 00.001448)	[00.003107,00.009067]
06_map                  	     27	00.030128	(00.001116 +- 00.000115)	[00.000896,00.001354]
07_imu_opt              	     27	00.010854	(00.000402 +- 00.000203)	[00.000001,00.000682]
08_publish              	     27	00.374579	(00.013873 +- 00.000878)	[00.011934,00.015334]
step                    	     30	00.797324	(00.026577 +- 00.006065)	[00.005205,00.032838]

INFO  Timings:
SM Timing
-----------
00_conversion_livox     	     32	00.352512	(00.011016 +- 00.001071)	[00.008464,00.012268]
01_filter               	     31	00.012314	(00.000397 +- 00.000373)	[00.000264,00.002432]
02_preint               	     29	00.001037	(00.000036 +- 00.000005)	[00.000028,00.000055]
02a_intensity_preprocess	     31	00.114258	(00.003686 +- 00.000318)	[00.003231,00.004934]
03_undistortion         	     29	00.031399	(00.001083 +- 00.000543)	[00.000736,00.003404]
04_sampling             	     28	00.022332	(00.000798 +- 00.000130)	[00.000664,00.001400]
04b_intensity_sampling  	     28	00.024870	(00.000888 +- 00.000100)	[00.000774,00.001278]
05_registration         	     28	00.170685	(00.006096 +- 00.001445)	[00.003107,00.009067]
06_map                  	     28	00.031240	(00.001116 +- 00.000113)	[00.000896,00.001354]
07_imu_opt              	     28	00.011290	(00.000403 +- 00.000199)	[00.000001,00.000682]
08_publish              	     28	00.387394	(00.013835 +- 00.000884)	[00.011934,00.015334]
step                    	     31	00.823575	(00.026567 +- 00.005966)	[00.005205,00.032838]

INFO  Timings:
SM Timing
-----------
00_conversion_livox     	     33	00.363182	(00.011006 +- 00.001056)	[00.008464,00.012268]
01_filter               	     32	00.012690	(00.000397 +- 00.000367)	[00.000264,00.002432]
02_preint               	     30	00.001073	(00.000036 +- 00.000005)	[00.000028,00.000055]
02a_intensity_preprocess	     32	00.117826	(00.003682 +- 00.000313)	[00.003231,00.004934]
03_undistortion         	     30	00.032491	(00.001083 +- 00.000534)	[00.000736,00.003404]
04_sampling             	     29	00.023119	(00.000797 +- 00.000127)	[00.000664,00.001400]
04b_intensity_sampling  	     29	00.025730	(00.000887 +- 00.000098)	[00.000774,00.001278]
05_registration         	     29	00.176545	(00.006088 +- 00.001420)	[00.003107,00.009067]
06_map                  	     29	00.032424	(00.001118 +- 00.000111)	[00.000896,00.001354]
07_imu_opt              	     29	00.011931	(00.000411 +- 00.000201)	[00.000001,00.000682]
08_publish              	     29	00.400612	(00.013814 +- 00.000876)	[00.011934,00.015334]
step                    	     32	00.851268	(00.026602 +- 00.005876)	[00.005205,00.032838]

INFO  Timings:
SM Timing
-----------
00_conversion_livox     	     34	00.374396	(00.011012 +- 00.001041)	[00.008464,00.012268]
01_filter               	     33	00.013060	(00.000396 +- 00.000362)	[00.000264,00.002432]
02_preint               	     31	00.001113	(00.000036 +- 00.000005)	[00.000028,00.000055]
02a_intensity_preprocess	     33	00.121505	(00.003682 +- 00.000309)	[00.003231,00.004934]
03_undistortion         	     31	00.033527	(00.001082 +- 00.000525)	[00.000736,00.003404]
04_sampling             	     30	00.023924	(00.000797 +- 00.000125)	[00.000664,00.001400]
04b_intensity_sampling  	     30	00.026682	(00.000889 +- 00.000097)	[00.000774,00.001278]
05_registration         	     30	00.182019	(00.006067 +- 00.001401)	[00.003107,00.009067]
06_map                  	     30	00.033666	(00.001122 +- 00.000112)	[00.000896,00.001354]
07_imu_opt              	     30	00.012519	(00.000417 +- 00.000200)	[00.000001,00.000682]
08_publish              	     30	00.414276	(00.013809 +- 00.000862)	[00.011934,00.015334]
step                    	     33	00.879191	(00.026642 +- 00.005790)	[00.005205,00.032838]

INFO  Timings:
SM Timing
-----------
00_conversion_livox     	     35	00.385548	(00.011016 +- 00.001027)	[00.008464,00.012268]
01_filter               	     34	00.013462	(00.000396 +- 00.000357)	[00.000264,00.002432]
02_preint               	     32	00.001148	(00.000036 +- 00.000005)	[00.000028,00.000055]
02a_intensity_preprocess	     34	00.125208	(00.003683 +- 00.000304)	[00.003231,00.004934]
03_undistortion         	     32	00.034884	(00.001090 +- 00.000519)	[00.000736,00.003404]
04_sampling             	     31	00.024760	(00.000799 +- 00.000123)	[00.000664,00.001400]
04b_intensity_sampling  	     31	00.027699	(00.000894 +- 00.000098)	[00.000774,00.001278]
05_registration         	     31	00.189069	(00.006099 +- 00.001389)	[00.003107,00.009067]
06_map                  	     31	00.034853	(00.001124 +- 00.000110)	[00.000896,00.001354]
07_imu_opt              	     31	00.013084	(00.000422 +- 00.000198)	[00.000001,00.000682]
08_publish              	     31	00.427666	(00.013796 +- 00.000851)	[00.011934,00.015334]
step                    	     34	00.908801	(00.026729 +- 00.005727)	[00.005205,00.032838]

INFO  Timings:
SM Timing
-----------
00_conversion_livox     	     36	00.396611	(00.011017 +- 00.001012)	[00.008464,00.012268]
01_filter               	     35	00.013791	(00.000394 +- 00.000352)	[00.000264,00.002432]
02_preint               	     33	00.001180	(00.000036 +- 00.000005)	[00.000028,00.000055]
02a_intensity_preprocess	     35	00.128677	(00.003676 +- 00.000302)	[00.003231,00.004934]
03_undistortion         	     33	00.035738	(00.001083 +- 00.000513)	[00.000736,00.003404]
04_sampling             	     32	00.025617	(00.000801 +- 00.000122)	[00.000664,00.001400]
04b_intensity_sampling  	     32	00.028666	(00.000896 +- 00.000098)	[00.000774,00.001278]
05_registration         	     32	00.196696	(00.006147 +- 00.001393)	[00.003107,00.009067]
06_map                  	     32	00.036064	(00.001127 +- 00.000110)	[00.000896,00.001354]
07_imu_opt              	     32	00.013817	(00.000432 +- 00.000203)	[00.000001,00.000733]
08_publish              	     32	00.441460	(00.013796 +- 00.000837)	[00.011934,00.015334]
step                    	     35	00.938753	(00.026822 +- 00.005670)	[00.005205,00.032838]

INFO  Timings:
SM Timing
-----------
00_conversion_livox     	     37	00.407897	(00.011024 +- 00.000999)	[00.008464,00.012268]
01_filter               	     36	00.014141	(00.000393 +- 00.000347)	[00.000264,00.002432]
02_preint               	     34	00.001217	(00.000036 +- 00.000005)	[00.000028,00.000055]
02a_intensity_preprocess	     36	00.132458	(00.003679 +- 00.000298)	[00.003231,00.004934]
03_undistortion         	     34	00.036767	(00.001081 +- 00.000505)	[00.000736,00.003404]
04_sampling             	     33	00.026410	(00.000800 +- 00.000120)	[00.000664,00.001400]
04b_intensity_sampling  	     33	00.029468	(00.000893 +- 00.000097)	[00.000774,00.001278]
05_registration         	     33	00.205014	(00.006213 +- 00.001421)	[00.003107,00.009067]
06_map                  	     33	00.037322	(00.001131 +- 00.000110)	[00.000896,00.001354]
07_imu_opt              	     33	00.014483	(00.000439 +- 00.000203)	[00.000001,00.000733]
08_publish              	     33	00.455773	(00.013811 +- 00.000829)	[00.011934,00.015334]
step                    	     36	00.970175	(00.026949 +- 00.005641)	[00.005205,00.032838]

INFO  Timings:
SM Timing
-----------
00_conversion_livox     	     38	00.420085	(00.011055 +- 00.001004)	[00.008464,00.012268]
01_filter               	     37	00.014535	(00.000393 +- 00.000342)	[00.000264,00.002432]
02_preint               	     35	00.001255	(00.000036 +- 00.000004)	[00.000028,00.000055]
02a_intensity_preprocess	     37	00.136275	(00.003683 +- 00.000295)	[00.003231,00.004934]
03_undistortion         	     35	00.037822	(00.001081 +- 00.000498)	[00.000736,00.003404]
04_sampling             	     34	00.027062	(00.000796 +- 00.000121)	[00.000652,00.001400]
04b_intensity_sampling  	     34	00.030295	(00.000891 +- 00.000097)	[00.000774,00.001278]
05_registration         	     34	00.210342	(00.006187 +- 00.001408)	[00.003107,00.009067]
06_map                  	     34	00.038577	(00.001135 +- 00.000111)	[00.000896,00.001354]
07_imu_opt              	     34	00.015239	(00.000448 +- 00.000207)	[00.000001,00.000756]
08_publish              	     34	00.470069	(00.013826 +- 00.000821)	[00.011934,00.015334]
step                    	     37	00.998662	(00.026991 +- 00.005570)	[00.005205,00.032838]

INFO  Timings:
SM Timing
-----------
00_conversion_livox     	     39	00.431879	(00.011074 +- 00.000998)	[00.008464,00.012268]
01_filter               	     38	00.014863	(00.000391 +- 00.000338)	[00.000264,00.002432]
02_preint               	     36	00.001293	(00.000036 +- 00.000004)	[00.000028,00.000055]
02a_intensity_preprocess	     38	00.139984	(00.003684 +- 00.000291)	[00.003231,00.004934]
03_undistortion         	     36	00.038845	(00.001079 +- 00.000491)	[00.000736,00.003404]
04_sampling             	     35	00.027820	(00.000795 +- 00.000119)	[00.000652,00.001400]
04b_intensity_sampling  	     35	00.031166	(00.000890 +- 00.000095)	[00.000774,00.001278]
05_registration         	     35	00.215321	(00.006152 +- 00.001402)	[00.003107,00.009067]
06_map                  	     35	00.039654	(00.001133 +- 00.000110)	[00.000896,00.001354]
07_imu_opt              	     35	00.015752	(00.000450 +- 00.000205)	[00.000001,00.000756]
08_publish              	     35	00.483999	(00.013829 +- 00.000810)	[00.011934,00.015334]
step                    	     38	01.025957	(00.026999 +- 00.005497)	[00.005205,00.032838]

INFO  Timings:
SM Timing
-----------
00_conversion_livox     	     40	00.443401	(00.011085 +- 00.000987)	[00.008464,00.012268]
01_filter               	     39	00.015203	(00.000390 +- 00.000333)	[00.000264,00.002432]
02_preint               	     37	00.001329	(00.000036 +- 00.000004)	[00.000028,00.000055]
02a_intensity_preprocess	     39	00.143626	(00.003683 +- 00.000287)	[00.003231,00.004934]
03_undistortion         	     37	00.039848	(00.001077 +- 00.000485)	[00.000736,00.003404]
04_sampling             	     36	00.028625	(00.000795 +- 00.000118)	[00.000652,00.001400]
04b_intensity_sampling  	     36	00.032044	(00.000890 +- 00.000094)	[00.000774,00.001278]
05_registration         	     36	00.223115	(00.006198 +- 00.001409)	[00.003107,00.009067]
06_map                  	     36	00.041026	(00.001140 +- 00.000115)	[00.000896,00.001373]
07_imu_opt              	     36	00.016856	(00.000468 +- 00.000229)	[00.000001,00.001104]
08_publish              	     36	00.501180	(00.013922 +- 00.000970)	[00.011934,00.017181]
step                    	     39	01.060298	(00.027187 +- 00.005548)	[00.005205,00.034340]

INFO  Timings:
SM Timing
-----------
00_conversion_livox     	     41	00.457864	(00.011167 +- 00.001106)	[00.008464,00.014463]
01_filter               	     40	00.015550	(00.000389 +- 00.000329)	[00.000264,00.002432]
02_preint               	     38	00.001381	(00.000036 +- 00.000005)	[00.000028,00.000055]
02a_intensity_preprocess	     40	00.147523	(00.003688 +- 00.000286)	[00.003231,00.004934]
03_undistortion         	     38	00.041058	(00.001080 +- 00.000479)	[00.000736,00.003404]
04_sampling             	     37	00.029639	(00.000801 +- 00.000121)	[00.000652,00.001400]
04b_intensity_sampling  	     37	00.032920	(00.000890 +- 00.000093)	[00.000774,00.001278]
05_registration         	     37	00.230516	(00.006230 +- 00.001403)	[00.003107,00.009067]
06_map                  	     37	00.042301	(00.001143 +- 00.000116)	[00.000896,00.001373]
07_imu_opt              	     37	00.017544	(00.000474 +- 00.000228)	[00.000001,00.001104]
08_publish              	     37	00.517564	(00.013988 +- 00.001037)	[00.011934,00.017181]
step                    	     40	01.093515	(00.027338 +- 00.005559)	[00.005205,00.034340]

INFO  Timings:
SM Timing
-----------
00_conversion_livox     	     42	00.471879	(00.011235 +- 00.001176)	[00.008464,00.014463]
01_filter               	     41	00.015839	(00.000386 +- 00.000326)	[00.000264,00.002432]
02_preint               	     39	00.001427	(00.000037 +- 00.000005)	[00.000028,00.000055]
02a_intensity_preprocess	     41	00.151147	(00.003687 +- 00.000282)	[00.003231,00.004934]
03_undistortion         	     39	00.041988	(00.001077 +- 00.000473)	[00.000736,00.003404]
04_sampling             	     38	00.030356	(00.000799 +- 00.000120)	[00.000652,00.001400]
04b_intensity_sampling  	     38	00.033743	(00.000888 +- 00.000092)	[00.000774,00.001278]
05_registration         	     38	00.237658	(00.006254 +- 00.001392)	[00.003107,00.009067]
06_map                  	     38	00.043626	(00.001148 +- 00.000118)	[00.000896,00.001373]
07_imu_opt              	     38	00.018474	(00.000486 +- 00.000237)	[00.000001,00.001104]
08_publish              	     38	00.532403	(00.014011 +- 00.001032)	[00.011934,00.017181]
step                    	     41	01.124273	(00.027421 +- 00.005516)	[00.005205,00.034340]

INFO  Timings:
SM Timing
-----------
00_conversion_livox     	     43	00.483460	(00.011243 +- 00.001163)	[00.008464,00.014463]
01_filter               	     42	00.016196	(00.000386 +- 00.000322)	[00.000264,00.002432]
02_preint               	     40	00.001466	(00.000037 +- 00.000005)	[00.000028,00.000055]
02a_intensity_preprocess	     42	00.154844	(00.003687 +- 00.000279)	[00.003231,00.004934]
03_undistortion         	     40	00.042922	(00.001073 +- 00.000468)	[00.000736,00.003404]
04_sampling             	     39	00.031065	(00.000797 +- 00.000120)	[00.000652,00.001400]
04b_intensity_sampling  	     39	00.034653	(00.000889 +- 00.000091)	[00.000774,00.001278]
05_registration         	     39	00.242381	(00.006215 +- 00.001395)	[00.003107,00.009067]
06_map                  	     39	00.044932	(00.001152 +- 00.000119)	[00.000896,00.001373]
07_imu_opt              	     39	00.019145	(00.000491 +- 00.000236)	[00.000001,00.001104]
08_publish              	     39	00.549241	(00.014083 +- 00.001112)	[00.011934,00.017181]
step                    	     42	01.154530	(00.027489 +- 00.005467)	[00.005205,00.034340]

INFO  Timings:
SM Timing
-----------
00_conversion_livox     	     44	00.495572	(00.011263 +- 00.001157)	[00.008464,00.014463]
01_filter               	     43	00.016500	(00.000384 +- 00.000318)	[00.000264,00.002432]
02_preint               	     41	00.001506	(00.000037 +- 00.000005)	[00.000028,00.000055]
02a_intensity_preprocess	     43	00.158700	(00.003691 +- 00.000277)	[00.003231,00.004934]
03_undistortion         	     41	00.043854	(00.001070 +- 00.000463)	[00.000736,00.003404]
04_sampling             	     40	00.032393	(00.000810 +- 00.000144)	[00.000652,00.001400]
04b_intensity_sampling  	     40	00.035418	(00.000885 +- 00.000092)	[00.000766,00.001278]
05_registration         	     40	00.248099	(00.006202 +- 00.001380)	[00.003107,00.009067]
06_map                  	     40	00.046289	(00.001157 +- 00.000122)	[00.000896,00.001373]
07_imu_opt              	     40	00.020020	(00.000501 +- 00.000240)	[00.000001,00.001104]
08_publish              	     40	00.564587	(00.014115 +- 00.001116)	[00.011934,00.017181]
step                    	     43	01.185127	(00.027561 +- 00.005423)	[00.005205,00.034340]

INFO  Timings:
SM Timing
-----------
00_conversion_livox     	     45	00.507981	(00.011288 +- 00.001157)	[00.008464,00.014463]
01_filter               	     44	00.016882	(00.000384 +- 00.000315)	[00.000264,00.002432]
02_preint               	     42	00.001543	(00.000037 +- 00.000005)	[00.000028,00.000055]
02a_intensity_preprocess	     44	00.162429	(00.003692 +- 00.000274)	[00.003231,00.004934]
03_undistortion         	     42	00.044992	(00.001071 +- 00.000457)	[00.000736,00.003404]
04_sampling             	     41	00.033660	(00.000821 +- 00.000159)	[00.000652,00.001400]
04b_intensity_sampling  	     41	00.037583	(00.000917 +- 00.000217)	[00.000766,00.002164]
05_registration         	     41	00.254944	(00.006218 +- 00.001367)	[00.003107,00.009067]
06_map                  	     41	00.047479	(00.001158 +- 00.000120)	[00.000896,00.001373]
07_imu_opt              	     41	00.020924	(00.000510 +- 00.000245)	[00.000001,00.001104]
08_publish              	     41	00.579624	(00.014137 +- 00.001111)	[00.011934,00.017181]
step                    	     44	01.217908	(00.027680 +- 00.005417)	[00.005205,00.034340]

INFO  Timings:
SM Timing
-----------
00_conversion_livox     	     46	00.521070	(00.011328 +- 00.001174)	[00.008464,00.014463]
01_filter               	     45	00.017233	(00.000383 +- 00.000311)	[00.000264,00.002432]
02_preint               	     43	00.001579	(00.000037 +- 00.000005)	[00.000028,00.000055]
02a_intensity_preprocess	     45	00.166400	(00.003698 +- 00.000274)	[00.003231,00.004934]
03_undistortion         	     43	00.045959	(00.001069 +- 00.000452)	[00.000736,00.003404]
04_sampling             	     42	00.034471	(00.000821 +- 00.000157)	[00.000652,00.001400]
04b_intensity_sampling  	     42	00.038674	(00.000921 +- 00.000216)	[00.000766,00.002164]
05_registration         	     42	00.261633	(00.006229 +- 00.001352)	[00.003107,00.009067]
06_map                  	     42	00.048701	(00.001160 +- 00.000119)	[00.000896,00.001373]
07_imu_opt              	     42	00.021730	(00.000517 +- 00.000247)	[00.000001,00.001104]
08_publish              	     42	00.594719	(00.014160 +- 00.001108)	[00.011934,00.017181]
step                    	     45	01.249022	(00.027756 +- 00.005381)	[00.005205,00.034340]

INFO  Timings:
SM Timing
-----------
00_conversion_livox     	     47	00.533257	(00.011346 +- 00.001168)	[00.008464,00.014463]
01_filter               	     46	00.017572	(00.000382 +- 00.000308)	[00.000264,00.002432]
02_preint               	     44	00.001615	(00.000037 +- 00.000005)	[00.000028,00.000055]
02a_intensity_preprocess	     46	00.170307	(00.003702 +- 00.000273)	[00.003231,00.004934]
03_undistortion         	     44	00.046876	(00.001065 +- 00.000448)	[00.000736,00.003404]
04_sampling             	     43	00.035233	(00.000819 +- 00.000156)	[00.000652,00.001400]
04b_intensity_sampling  	     43	00.039572	(00.000920 +- 00.000214)	[00.000766,00.002164]
05_registration         	     43	00.267613	(00.006224 +- 00.001337)	[00.003107,00.009067]
06_map                  	     43	00.050121	(00.001166 +- 00.000124)	[00.000896,00.001420]
07_imu_opt              	     43	00.022535	(00.000524 +- 00.000248)	[00.000001,00.001104]
08_publish              	     43	00.610529	(00.014198 +- 00.001123)	[00.011934,00.017181]
step                    	     46	01.279966	(00.027825 +- 00.005342)	[00.005205,00.034340]

INFO  Timings:
SM Timing
-----------
00_conversion_livox     	     48	00.546383	(00.011383 +- 00.001183)	[00.008464,00.014463]
01_filter               	     47	00.017897	(00.000381 +- 00.000305)	[00.000264,00.002432]
02_preint               	     45	00.001656	(00.000037 +- 00.000005)	[00.000028,00.000055]
02a_intensity_preprocess	     47	00.174552	(00.003714 +- 00.000281)	[00.003231,00.004934]
03_undistortion         	     45	00.047943	(00.001065 +- 00.000443)	[00.000736,00.003404]
04_sampling             	     44	00.036086	(00.000820 +- 00.000154)	[00.000652,00.001400]
04b_intensity_sampling  	     44	00.040624	(00.000923 +- 00.000212)	[00.000766,00.002164]
05_registration         	     44	00.274188	(00.006232 +- 00.001323)	[00.003107,00.009067]
06_map                  	     44	00.051449	(00.001169 +- 00.000125)	[00.000896,00.001420]
07_imu_opt              	     44	00.023174	(00.000527 +- 00.000245)	[00.000001,00.001104]
08_publish              	     44	00.626524	(00.014239 +- 00.001142)	[00.011934,00.017181]
step                    	     47	01.312159	(00.027918 +- 00.005323)	[00.005205,00.034340]

INFO  Timings:
SM Timing
-----------
00_conversion_livox     	     49	00.559636	(00.011421 +- 00.001200)	[00.008464,00.014463]
01_filter               	     48	00.018256	(00.000380 +- 00.000301)	[00.000264,00.002432]
02_preint               	     46	00.001699	(00.000037 +- 00.000005)	[00.000028,00.000055]
02a_intensity_preprocess	     48	00.178951	(00.003728 +- 00.000295)	[00.003231,00.004934]
03_undistortion         	     46	00.048856	(00.001062 +- 00.000438)	[00.000736,00.003404]
04_sampling             	     45	00.036971	(00.000822 +- 00.000153)	[00.000652,00.001400]
04b_intensity_sampling  	     45	00.041509	(00.000922 +- 00.000210)	[00.000766,00.002164]
05_registration         	     45	00.283192	(00.006293 +- 00.001370)	[00.003107,00.009067]
06_map                  	     45	00.052797	(00.001173 +- 00.000126)	[00.000896,00.001420]
07_imu_opt              	     45	00.024225	(00.000538 +- 00.000255)	[00.000001,00.001104]
08_publish              	     45	00.643190	(00.014293 +- 00.001184)	[00.011934,00.017181]
step                    	     48	01.347787	(00.028079 +- 00.005381)	[00.005205,00.035627]

INFO  Timings:
SM Timing
-----------
00_conversion_livox     	     50	00.572959	(00.011459 +- 00.001218)	[00.008464,00.014463]
01_filter               	     49	00.018632	(00.000380 +- 00.000298)	[00.000264,00.002432]
02_preint               	     47	00.001741	(00.000037 +- 00.000005)	[00.000028,00.000055]
02a_intensity_preprocess	     49	00.183200	(00.003739 +- 00.000301)	[00.003231,00.004934]
03_undistortion         	     47	00.049934	(00.001062 +- 00.000434)	[00.000736,00.003404]
04_sampling             	     46	00.037868	(00.000823 +- 00.000151)	[00.000652,00.001400]
04b_intensity_sampling  	     46	00.043715	(00.000950 +- 00.000280)	[00.000766,00.002206]
05_registration         	     46	00.288920	(00.006281 +- 00.001358)	[00.003107,00.009067]
06_map                  	     46	00.053849	(00.001171 +- 00.000126)	[00.000896,00.001420]
07_imu_opt              	     46	00.025043	(00.000544 +- 00.000255)	[00.000001,00.001104]
08_publish              	     46	00.658974	(00.014326 +- 00.001191)	[00.011934,00.017181]
step                    	     49	01.380097	(00.028165 +- 00.005359)	[00.005205,00.035627]

INFO  Timings:
SM Timing
-----------
00_conversion_livox     	     51	00.586214	(00.011494 +- 00.001187)	[00.008464,00.014463]
01_filter               	     50	00.018981	(00.000380 +- 00.000295)	[00.000264,00.002432]
02_preint               	     48	00.001777	(00.000037 +- 00.000005)	[00.000028,00.000055]
02a_intensity_preprocess	     50	00.187391	(00.003748 +- 00.000304)	[00.003231,00.004934]
03_undistortion         	     48	00.050788	(00.001058 +- 00.000430)	[00.000736,00.003404]
04_sampling             	     47	00.038687	(00.000823 +- 00.000150)	[00.000652,00.001400]
04b_intensity_sampling  	     47	00.044583	(00.000949 +- 00.000277)	[00.000766,00.002206]
05_registration         	     47	00.294510	(00.006266 +- 00.001347)	[00.003107,00.009067]
06_map                  	     47	00.055182	(00.001174 +- 00.000127)	[00.000896,00.001420]
07_imu_opt              	     47	00.025699	(00.000547 +- 00.000253)	[00.000001,00.001104]
08_publish              	     47	00.674726	(00.014356 +- 00.001196)	[00.011934,00.017181]
step                    	     50	01.410621	(00.028212 +- 00.005315)	[00.005205,00.035627]

INFO  Timings:
SM Timing
-----------
00_conversion_livox     	     52	00.599207	(00.011523 +- 00.001145)	[00.008464,00.014463]
01_filter               	     51	00.019387	(00.000380 +- 00.000037)	[00.000264,00.002432]
02_preint               	     49	00.001817	(00.000037 +- 00.000005)	[00.000028,00.000055]
02a_intensity_preprocess	     51	00.191265	(00.003750 +- 00.000293)	[00.003231,00.004934]
03_undistortion         	     49	00.051751	(00.001056 +- 00.000426)	[00.000736,00.003404]
04_sampling             	     48	00.039587	(00.000825 +- 00.000149)	[00.000652,00.001400]
04b_intensity_sampling  	     48	00.045471	(00.000947 +- 00.000274)	[00.000766,00.002206]
05_registration         	     48	00.302091	(00.006294 +- 00.001346)	[00.003107,00.009067]
06_map                  	     48	00.056627	(00.001180 +- 00.000132)	[00.000896,00.001445]
07_imu_opt              	     48	00.026534	(00.000553 +- 00.000254)	[00.000001,00.001104]
08_publish              	     48	00.689867	(00.014372 +- 00.001189)	[00.011934,00.017181]
step                    	     51	01.442768	(00.028290 +- 00.004372)	[00.005205,00.035627]

INFO  Timings:
SM Timing
-----------
00_conversion_livox     	     53	00.611809	(00.011544 +- 00.001060)	[00.008464,00.014463]
01_filter               	     52	00.019775	(00.000380 +- 00.000036)	[00.000264,00.002432]
02_preint               	     50	00.001855	(00.000037 +- 00.000005)	[00.000028,00.000055]
02a_intensity_preprocess	     52	00.195219	(00.003754 +- 00.000241)	[00.003231,00.004934]
03_undistortion         	     50	00.052630	(00.001053 +- 00.000422)	[00.000736,00.003404]
04_sampling             	     49	00.040267	(00.000822 +- 00.000148)	[00.000652,00.001400]
04b_intensity_sampling  	     49	00.046250	(00.000944 +- 00.000272)	[00.000766,00.002206]
05_registration         	     49	00.308039	(00.006287 +- 00.001333)	[00.003107,00.009067]
06_map                  	     49	00.057917	(00.001182 +- 00.000131)	[00.000896,00.001445]
07_imu_opt              	     49	00.027589	(00.000563 +- 00.000261)	[00.000001,00.001104]
08_publish              	     49	00.705017	(00.014388 +- 00.001182)	[00.011934,00.017181]
step                    	     52	01.473005	(00.028327 +- 00.002802)	[00.005205,00.035627]

INFO  Timings:
SM Timing
-----------
00_conversion_livox     	     54	00.624129	(00.011558 +- 00.000994)	[00.008464,00.014463]
01_filter               	     53	00.020153	(00.000380 +- 00.000035)	[00.000264,00.002432]
02_preint               	     51	00.001890	(00.000037 +- 00.000004)	[00.000028,00.000055]
02a_intensity_preprocess	     53	00.199123	(00.003757 +- 00.000242)	[00.003231,00.004934]
03_undistortion         	     51	00.053518	(00.001049 +- 00.000378)	[00.000736,00.003404]
04_sampling             	     50	00.041010	(00.000820 +- 00.000147)	[00.000652,00.001400]
04b_intensity_sampling  	     50	00.047032	(00.000941 +- 00.000270)	[00.000766,00.002206]
05_registration         	     50	00.317640	(00.006353 +- 00.001399)	[00.003107,00.009601]
06_map                  	     50	00.059059	(00.001181 +- 00.000130)	[00.000896,00.001445]
07_imu_opt              	     50	00.028492	(00.000570 +- 00.000263)	[00.000001,00.001104]
08_publish              	     50	00.720263	(00.014405 +- 00.001176)	[00.011934,00.017181]
step                    	     53	01.506687	(00.028428 +- 00.002621)	[00.005205,00.035627]

INFO  Timings:
SM Timing
-----------
00_conversion_livox     	     55	00.636665	(00.011576 +- 00.000930)	[00.008464,00.014463]
01_filter               	     54	00.020524	(00.000380 +- 00.000035)	[00.000264,00.002432]
02_preint               	     52	00.001925	(00.000037 +- 00.000004)	[00.000028,00.000055]
02a_intensity_preprocess	     54	00.203075	(00.003761 +- 00.000243)	[00.003231,00.004934]
03_undistortion         	     52	00.054335	(00.001045 +- 00.000378)	[00.000736,00.003404]
04_sampling             	     51	00.041816	(00.000820 +- 00.000122)	[00.000652,00.001400]
04b_intensity_sampling  	     51	00.047796	(00.000937 +- 00.000267)	[00.000765,00.002206]
05_registration         	     51	00.330643	(00.006483 +- 00.001610)	[00.003107,00.013003]
06_map                  	     51	00.060404	(00.001184 +- 00.000132)	[00.000896,00.001445]
07_imu_opt              	     51	00.029589	(00.000580 +- 00.000260)	[00.000001,00.001104]
08_publish              	     51	00.736066	(00.014433 +- 00.001138)	[00.011934,00.017181]
step                    	     54	01.544750	(00.028606 +- 00.002773)	[00.005205,00.038063]

INFO  Timings:
SM Timing
-----------
00_conversion_livox     	     56	00.649681	(00.011601 +- 00.000915)	[00.008464,00.014463]
01_filter               	     55	00.020895	(00.000380 +- 00.000035)	[00.000264,00.002432]
02_preint               	     53	00.001959	(00.000037 +- 00.000004)	[00.000028,00.000055]
02a_intensity_preprocess	     55	00.207201	(00.003767 +- 00.000242)	[00.003231,00.004934]
03_undistortion         	     53	00.055955	(00.001056 +- 00.000376)	[00.000736,00.003404]
04_sampling             	     52	00.042657	(00.000820 +- 00.000122)	[00.000652,00.001400]
04b_intensity_sampling  	     52	00.048766	(00.000938 +- 00.000267)	[00.000765,00.002206]
05_registration         	     52	00.340077	(00.006540 +- 00.001638)	[00.003107,00.013003]
06_map                  	     52	00.061613	(00.001185 +- 00.000130)	[00.000896,00.001445]
07_imu_opt              	     52	00.030685	(00.000590 +- 00.000256)	[00.000001,00.001104]
08_publish              	     52	00.751945	(00.014460 +- 00.001115)	[00.011934,00.017181]
step                    	     55	01.580402	(00.028735 +- 00.002817)	[00.005205,00.038063]

INFO  Timings:
SM Timing
-----------
00_conversion_livox     	     57	00.663042	(00.011632 +- 00.000903)	[00.008464,00.014463]
01_filter               	     56	00.021236	(00.000379 +- 00.000035)	[00.000264,00.002432]
02_preint               	     54	00.001996	(00.000037 +- 00.000004)	[00.000028,00.000055]
02a_intensity_preprocess	     56	00.211751	(00.003781 +- 00.000256)	[00.003231,00.004934]
03_undistortion         	     54	00.056834	(00.001052 +- 00.000377)	[00.000736,00.003404]
04_sampling             	     53	00.043983	(00.000830 +- 00.000140)	[00.000652,00.001400]
04b_intensity_sampling  	     53	00.050110	(00.000945 +- 00.000273)	[00.000765,00.002206]
05_registration         	     53	00.346093	(00.006530 +- 00.001606)	[00.003107,00.013003]
06_map                  	     53	00.062703	(00.001183 +- 00.000124)	[00.000896,00.001445]
07_imu_opt              	     53	00.031800	(00.000600 +- 00.000250)	[00.000001,00.001115]
08_publish              	     53	00.767783	(00.014486 +- 00.001083)	[00.011934,00.017181]
step                    	     56	01.613012	(00.028804 +- 00.002696)	[00.005205,00.038063]

INFO  Timings:
SM Timing
-----------
00_conversion_livox     	     58	00.676396	(00.011662 +- 00.000890)	[00.008464,00.014463]
01_filter               	     57	00.021651	(00.000380 +- 00.000035)	[00.000264,00.002432]
02_preint               	     55	00.002031	(00.000037 +- 00.000004)	[00.000028,00.000055]
02a_intensity_preprocess	     57	00.216043	(00.003790 +- 00.000257)	[00.003231,00.004934]
03_undistortion         	     55	00.057982	(00.001054 +- 00.000375)	[00.000736,00.003404]
04_sampling             	     54	00.044827	(00.000830 +- 00.000140)	[00.000652,00.001400]
04b_intensity_sampling  	     54	00.051116	(00.000947 +- 00.000272)	[00.000765,00.002206]
05_registration         	     54	00.352269	(00.006523 +- 00.001608)	[00.003107,00.013003]
06_map                  	     54	00.063882	(00.001183 +- 00.000121)	[00.000896,00.001445]
07_imu_opt              	     54	00.032720	(00.000606 +- 00.000236)	[00.000001,00.001115]
08_publish              	     54	00.783535	(00.014510 +- 00.001053)	[00.011934,00.017181]
step                    	     57	01.644854	(00.028857 +- 00.002654)	[00.005205,00.038063]

INFO  Timings:
SM Timing
-----------
00_conversion_livox     	     59	00.689863	(00.011693 +- 00.000879)	[00.008464,00.014463]
01_filter               	     58	00.022061	(00.000380 +- 00.000036)	[00.000264,00.002432]
02_preint               	     56	00.002067	(00.000037 +- 00.000004)	[00.000028,00.000055]
02a_intensity_preprocess	     58	00.220469	(00.003801 +- 00.000264)	[00.003231,00.004934]
03_undistortion         	     56	00.058895	(00.001052 +- 00.000375)	[00.000736,00.003404]
04_sampling             	     55	00.045774	(00.000832 +- 00.000140)	[00.000652,00.001400]
04b_intensity_sampling  	     55	00.052009	(00.000946 +- 00.000272)	[00.000765,00.002206]
05_registration         	     55	00.360305	(00.006551 +- 00.001617)	[00.003107,00.013003]
06_map                  	     55	00.065150	(00.001185 +- 00.000121)	[00.000896,00.001445]
07_imu_opt              	     55	00.033648	(00.000612 +- 00.000239)	[00.000001,00.001115]
08_publish              	     55	00.799370	(00.014534 +- 00.001043)	[00.011934,00.017181]
step                    	     58	01.678623	(00.028942 +- 00.002692)	[00.005205,00.038063]

INFO  Timings:
SM Timing
-----------
00_conversion_livox     	     60	00.703990	(00.011733 +- 00.000918)	[00.008464,00.014463]
01_filter               	     59	00.022471	(00.000381 +- 00.000037)	[00.000264,00.002432]
02_preint               	     57	00.002107	(00.000037 +- 00.000004)	[00.000028,00.000055]
02a_intensity_preprocess	     59	00.224733	(00.003809 +- 00.000266)	[00.003231,00.004934]
03_undistortion         	     57	00.059935	(00.001051 +- 00.000374)	[00.000736,00.003404]
04_sampling             	     56	00.046766	(00.000835 +- 00.000142)	[00.000652,00.001400]
04b_intensity_sampling  	     56	00.053021	(00.000947 +- 00.000272)	[00.000765,00.002206]
05_registration         	     56	00.366541	(00.006545 +- 00.001610)	[00.003107,00.013003]
06_map                  	     56	00.066261	(00.001183 +- 00.000120)	[00.000896,00.001445]
07_imu_opt              	     56	00.034617	(00.000618 +- 00.000238)	[00.000001,00.001115]
08_publish              	     56	00.815228	(00.014558 +- 00.001023)	[00.011934,00.017181]
step                    	     59	01.710626	(00.028994 +- 00.002640)	[00.005205,00.038063]

INFO  Timings:
SM Timing
-----------
00_conversion_livox     	     61	00.717421	(00.011761 +- 00.000911)	[00.008464,00.014463]
01_filter               	     60	00.022825	(00.000380 +- 00.000036)	[00.000264,00.002432]
02_preint               	     58	00.002148	(00.000037 +- 00.000004)	[00.000028,00.000055]
02a_intensity_preprocess	     60	00.228972	(00.003816 +- 00.000266)	[00.003231,00.004934]
03_undistortion         	     58	00.061502	(00.001060 +- 00.000380)	[00.000736,00.003404]
04_sampling             	     57	00.047867	(00.000840 +- 00.000146)	[00.000652,00.001400]
04b_intensity_sampling  	     57	00.054075	(00.000949 +- 00.000272)	[00.000765,00.002206]
05_registration         	     57	00.373059	(00.006545 +- 00.001597)	[00.003107,00.013003]
06_map                  	     57	00.067530	(00.001185 +- 00.000116)	[00.000896,00.001445]
07_imu_opt              	     57	00.035580	(00.000624 +- 00.000236)	[00.000001,00.001115]
08_publish              	     57	00.831052	(00.014580 +- 00.001010)	[00.011934,00.017181]
step                    	     60	01.743630	(00.029060 +- 00.002589)	[00.005205,00.038063]

INFO  Timings:
SM Timing
-----------
00_conversion_livox     	     62	00.730670	(00.011785 +- 00.000904)	[00.008464,00.014463]
01_filter               	     61	00.023110	(00.000379 +- 00.000037)	[00.000264,00.002432]
02_preint               	     59	00.002192	(00.000037 +- 00.000004)	[00.000028,00.000055]
02a_intensity_preprocess	     61	00.233088	(00.003821 +- 00.000265)	[00.003231,00.004934]
03_undistortion         	     59	00.062341	(00.001057 +- 00.000380)	[00.000736,00.003404]
04_sampling             	     58	00.048809	(00.000842 +- 00.000147)	[00.000652,00.001400]
04b_intensity_sampling  	     58	00.054954	(00.000947 +- 00.000272)	[00.000765,00.002206]
05_registration         	     58	00.379834	(00.006549 +- 00.001585)	[00.003107,00.013003]
06_map                  	     58	00.068762	(00.001186 +- 00.000115)	[00.000896,00.001445]
07_imu_opt              	     58	00.036575	(00.000631 +- 00.000240)	[00.000001,00.001115]
08_publish              	     58	00.847490	(00.014612 +- 00.001020)	[00.011934,00.017181]
step                    	     61	01.776238	(00.029119 +- 00.002554)	[00.005205,00.038063]

INFO  Timings:
SM Timing
-----------
00_conversion_livox     	     63	00.743430	(00.011800 +- 00.000893)	[00.008464,00.014463]
01_filter               	     62	00.023410	(00.000378 +- 00.000038)	[00.000264,00.002432]
02_preint               	     60	00.002227	(00.000037 +- 00.000004)	[00.000028,00.000055]
02a_intensity_preprocess	     62	00.237006	(00.003823 +- 00.000264)	[00.003231,00.004934]
03_undistortion         	     60	00.063167	(00.001053 +- 00.000381)	[00.000736,00.003404]
04_sampling             	     59	00.049607	(00.000841 +- 00.000147)	[00.000652,00.001400]
04b_intensity_sampling  	     59	00.055790	(00.000946 +- 00.000272)	[00.000765,00.002206]
05_registration         	     59	00.386604	(00.006553 +- 00.001581)	[00.003107,00.013003]
06_map                  	     59	00.069944	(00.001185 +- 00.000109)	[00.000896,00.001445]
07_imu_opt              	     59	00.037598	(00.000637 +- 00.000240)	[00.000001,00.001115]
08_publish              	     59	00.862584	(00.014620 +- 00.001006)	[00.011934,00.017181]
step                    	     62	01.807093	(00.029147 +- 00.002522)	[00.005205,00.038063]

INFO  Timings:
SM Timing
-----------
00_conversion_livox     	     64	00.756490	(00.011820 +- 00.000889)	[00.008464,00.014463]
01_filter               	     63	00.023738	(00.000377 +- 00.000037)	[00.000264,00.002432]
02_preint               	     61	00.002268	(00.000037 +- 00.000004)	[00.000028,00.000055]
02a_intensity_preprocess	     63	00.240973	(00.003825 +- 00.000260)	[00.003231,00.004934]
03_undistortion         	     61	00.064152	(00.001052 +- 00.000379)	[00.000736,00.003404]
04_sampling             	     60	00.050425	(00.000840 +- 00.000146)	[00.000652,00.001400]
04b_intensity_sampling  	     60	00.056649	(00.000944 +- 00.000272)	[00.000765,00.002206]
05_registration         	     60	00.394748	(00.006579 +- 00.001579)	[00.003107,00.013003]
06_map                  	     60	00.071160	(00.001186 +- 00.000109)	[00.000896,00.001445]
07_imu_opt              	     60	00.038608	(00.000643 +- 00.000243)	[00.000001,00.001115]
08_publish              	     60	00.877554	(00.014626 +- 00.001002)	[00.011934,00.017181]
step                    	     63	01.839533	(00.029199 +- 00.002533)	[00.005205,00.038063]

INFO  Timings:
SM Timing
-----------
00_conversion_livox     	     65	00.770163	(00.011849 +- 00.000909)	[00.008464,00.014463]
01_filter               	     64	00.024083	(00.000376 +- 00.000037)	[00.000264,00.002432]
02_preint               	     62	00.002321	(00.000037 +- 00.000005)	[00.000028,00.000055]
02a_intensity_preprocess	     64	00.245126	(00.003830 +- 00.000259)	[00.003231,00.004934]
03_undistortion         	     62	00.065045	(00.001049 +- 00.000379)	[00.000736,00.003404]
04_sampling             	     61	00.051236	(00.000840 +- 00.000146)	[00.000652,00.001400]
04b_intensity_sampling  	     61	00.057382	(00.000941 +- 00.000272)	[00.000734,00.002206]
05_registration         	     61	00.403633	(00.006617 +- 00.001606)	[00.003107,00.013003]
06_map                  	     61	00.072238	(00.001184 +- 00.000110)	[00.000896,00.001445]
07_imu_opt              	     61	00.039874	(00.000654 +- 00.000247)	[00.000001,00.001267]
08_publish              	     61	00.892186	(00.014626 +- 00.000997)	[00.011934,00.017181]
step                    	     64	01.872464	(00.029257 +- 00.002541)	[00.005205,00.038063]

INFO  Timings:
SM Timing
-----------
00_conversion_livox     	     66	00.784021	(00.011879 +- 00.000929)	[00.008464,00.014463]
01_filter               	     65	00.024391	(00.000375 +- 00.000038)	[00.000264,00.002432]
02_preint               	     63	00.002359	(00.000037 +- 00.000005)	[00.000028,00.000055]
02a_intensity_preprocess	     65	00.249233	(00.003834 +- 00.000257)	[00.003231,00.004934]
03_undistortion         	     63	00.065856	(00.001045 +- 00.000381)	[00.000736,00.003404]
04_sampling             	     62	00.051962	(00.000838 +- 00.000147)	[00.000652,00.001400]
04b_intensity_sampling  	     62	00.058312	(00.000941 +- 00.000272)	[00.000734,00.002206]
05_registration         	     62	00.411261	(00.006633 +- 00.001605)	[00.003107,00.013003]
06_map                  	     62	00.073353	(00.001183 +- 00.000109)	[00.000896,00.001445]
07_imu_opt              	     62	00.040953	(00.000661 +- 00.000246)	[00.000001,00.001267]
08_publish              	     62	00.907038	(00.014630 +- 00.000997)	[00.011934,00.017181]
step                    	     65	01.904131	(00.029294 +- 00.002544)	[00.005205,00.038063]

INFO  Timings:
SM Timing
-----------
00_conversion_livox     	     67	00.798169	(00.011913 +- 00.000961)	[00.008464,00.014463]
01_filter               	     66	00.024741	(00.000375 +- 00.000037)	[00.000264,00.002432]
02_preint               	     64	00.002402	(00.000038 +- 00.000005)	[00.000028,00.000055]
02a_intensity_preprocess	     66	00.253293	(00.003838 +- 00.000257)	[00.003231,00.004934]
03_undistortion         	     64	00.066674	(00.001042 +- 00.000381)	[00.000736,00.003404]
04_sampling             	     63	00.052661	(00.000836 +- 00.000148)	[00.000652,00.001400]
04b_intensity_sampling  	     63	00.059256	(00.000941 +- 00.000272)	[00.000734,00.002206]
05_registration         	     63	00.417429	(00.006626 +- 00.001607)	[00.003107,00.013003]
06_map                  	     63	00.074543	(00.001183 +- 00.000109)	[00.000896,00.001445]
07_imu_opt              	     63	00.042394	(00.000673 +- 00.000259)	[00.000001,00.001441]
08_publish              	     63	00.922406	(00.014641 +- 00.000998)	[00.011934,00.017181]
step                    	     66	01.935283	(00.029322 +- 00.002538)	[00.005205,00.038063]

INFO  Timings:
SM Timing
-----------
00_conversion_livox     	     68	00.813237	(00.011959 +- 00.001028)	[00.008464,00.015068]
01_filter               	     67	00.025084	(00.000374 +- 00.000037)	[00.000264,00.002432]
02_preint               	     65	00.002452	(00.000038 +- 00.000005)	[00.000028,00.000055]
02a_intensity_preprocess	     67	00.257509	(00.003843 +- 00.000260)	[00.003231,00.004934]
03_undistortion         	     65	00.067490	(00.001038 +- 00.000382)	[00.000736,00.003404]
04_sampling             	     64	00.053606	(00.000838 +- 00.000148)	[00.000652,00.001400]
04b_intensity_sampling  	     64	00.060196	(00.000941 +- 00.000272)	[00.000734,00.002206]
05_registration         	     64	00.422710	(00.006605 +- 00.001587)	[00.003107,00.013003]
06_map                  	     64	00.075914	(00.001186 +- 00.000111)	[00.000896,00.001445]
07_imu_opt              	     64	00.044277	(00.000692 +- 00.000299)	[00.000001,00.001883]
08_publish              	     64	00.937451	(00.014648 +- 00.000997)	[00.011934,00.017181]
step                    	     67	01.966259	(00.029347 +- 00.002523)	[00.005205,00.038063]

INFO  Timings:
SM Timing
-----------
00_conversion_livox     	     69	00.827765	(00.011997 +- 00.001065)	[00.008464,00.015068]
01_filter               	     68	00.025439	(00.000374 +- 00.000037)	[00.000264,00.002432]
02_preint               	     66	00.002498	(00.000038 +- 00.000005)	[00.000028,00.000055]
02a_intensity_preprocess	     68	00.261658	(00.003848 +- 00.000259)	[00.003231,00.004934]
03_undistortion         	     66	00.068370	(00.001036 +- 00.000383)	[00.000736,00.003404]
04_sampling             	     65	00.054274	(00.000835 +- 00.000150)	[00.000652,00.001400]
04b_intensity_sampling  	     65	00.061147	(00.000941 +- 00.000271)	[00.000734,00.002206]
05_registration         	     65	00.429778	(00.006612 +- 00.001563)	[00.003107,00.013003]
06_map                  	     65	00.077163	(00.001187 +- 00.000111)	[00.000896,00.001445]
07_imu_opt              	     65	00.045769	(00.000704 +- 00.000307)	[00.000001,00.001883]
08_publish              	     65	00.952039	(00.014647 +- 00.000992)	[00.011934,00.017181]
step                    	     68	01.997794	(00.029379 +- 00.002463)	[00.005205,00.038063]

INFO  Timings:
SM Timing
-----------
00_conversion_livox     	     70	00.842535	(00.012036 +- 00.001098)	[00.008464,00.015068]
01_filter               	     69	00.025844	(00.000375 +- 00.000038)	[00.000264,00.002432]
02_preint               	     67	00.002543	(00.000038 +- 00.000005)	[00.000028,00.000055]
02a_intensity_preprocess	     69	00.266237	(00.003859 +- 00.000272)	[00.003231,00.004934]
03_undistortion         	     67	00.069345	(00.001035 +- 00.000382)	[00.000736,00.003404]
04_sampling             	     66	00.054965	(00.000833 +- 00.000151)	[00.000652,00.001400]
04b_intensity_sampling  	     66	00.062186	(00.000942 +- 00.000271)	[00.000734,00.002206]
05_registration         	     66	00.436908	(00.006620 +- 00.001563)	[00.003107,00.013003]
06_map                  	     66	00.078506	(00.001189 +- 00.000110)	[00.000896,00.001445]
07_imu_opt              	     66	00.047305	(00.000717 +- 00.000315)	[00.000001,00.001883]
08_publish              	     66	00.967154	(00.014654 +- 00.000984)	[00.011934,00.017181]
step                    	     69	02.030727	(00.029431 +- 00.002451)	[00.005205,00.038063]

INFO  Timings:
SM Timing
-----------
00_conversion_livox     	     71	00.857369	(00.012076 +- 00.001127)	[00.008464,00.015068]
01_filter               	     70	00.026199	(00.000374 +- 00.000037)	[00.000264,00.002432]
02_preint               	     68	00.002586	(00.000038 +- 00.000005)	[00.000028,00.000055]
02a_intensity_preprocess	     70	00.270190	(00.003860 +- 00.000267)	[00.003231,00.004934]
03_undistortion         	     68	00.070157	(00.001032 +- 00.000383)	[00.000736,00.003404]
04_sampling             	     67	00.055603	(00.000830 +- 00.000153)	[00.000638,00.001400]
04b_intensity_sampling  	     67	00.063203	(00.000943 +- 00.000270)	[00.000734,00.002206]
05_registration         	     67	00.442037	(00.006598 +- 00.001573)	[00.003107,00.013003]
06_map                  	     67	00.079743	(00.001190 +- 00.000107)	[00.000896,00.001445]
07_imu_opt              	     67	00.048750	(00.000728 +- 00.000322)	[00.000001,00.001883]
08_publish              	     67	00.981397	(00.014648 +- 00.000981)	[00.011934,00.017181]
step                    	     70	02.059675	(00.029424 +- 00.002423)	[00.005205,00.038063]

INFO  Timings:
SM Timing
-----------
00_conversion_livox     	     71	00.857369	(00.012076 +- 00.001127)	[00.008464,00.015068]
01_filter               	     71	00.026584	(00.000374 +- 00.000038)	[00.000264,00.002432]
02_preint               	     69	00.002625	(00.000038 +- 00.000005)	[00.000028,00.000055]
02a_intensity_preprocess	     71	00.274158	(00.003861 +- 00.000262)	[00.003231,00.004934]
03_undistortion         	     69	00.071275	(00.001033 +- 00.000382)	[00.000736,00.003404]
04_sampling             	     68	00.056307	(00.000828 +- 00.000153)	[00.000638,00.001400]
04b_intensity_sampling  	     68	00.064142	(00.000943 +- 00.000269)	[00.000734,00.002206]
05_registration         	     68	00.448041	(00.006589 +- 00.001552)	[00.003107,00.013003]
06_map                  	     68	00.080861	(00.001189 +- 00.000105)	[00.000896,00.001445]
07_imu_opt              	     68	00.049873	(00.000733 +- 00.000315)	[00.000001,00.001883]
08_publish              	     68	00.995553	(00.014640 +- 00.000971)	[00.011934,00.017181]
step                    	     71	02.089291	(00.029427 +- 00.002338)	[00.005205,00.038063]

INFO  Timings:
SM Timing
-----------
00_conversion_livox     	     73	00.883680	(00.012105 +- 00.001104)	[00.008464,00.015068]
01_filter               	     72	00.026916	(00.000374 +- 00.000037)	[00.000264,00.002432]
02_preint               	     70	00.002664	(00.000038 +- 00.000005)	[00.000028,00.000055]
02a_intensity_preprocess	     72	00.278064	(00.003862 +- 00.000255)	[00.003231,00.004934]
03_undistortion         	     70	00.072659	(00.001038 +- 00.000384)	[00.000736,00.003404]
04_sampling             	     69	00.056924	(00.000825 +- 00.000156)	[00.000617,00.001400]
04b_intensity_sampling  	     69	00.065139	(00.000944 +- 00.000269)	[00.000734,00.002206]
05_registration         	     69	00.452419	(00.006557 +- 00.001564)	[00.003107,00.013003]
06_map                  	     69	00.081817	(00.001186 +- 00.000112)	[00.000896,00.001445]
07_imu_opt              	     69	00.051254	(00.000743 +- 00.000318)	[00.000001,00.001883]
08_publish              	     69	01.009650	(00.014633 +- 00.000966)	[00.011934,00.017181]
step                    	     72	02.117446	(00.029409 +- 00.002375)	[00.005205,00.038063]

INFO  Timings:
SM Timing
-----------
00_conversion_livox     	     74	00.897001	(00.012122 +- 00.001087)	[00.008464,00.015068]
01_filter               	     73	00.027291	(00.000374 +- 00.000037)	[00.000264,00.002432]
02_preint               	     71	00.002702	(00.000038 +- 00.000005)	[00.000028,00.000055]
02a_intensity_preprocess	     73	00.282023	(00.003863 +- 00.000251)	[00.003231,00.004934]
03_undistortion         	     71	00.073495	(00.001035 +- 00.000384)	[00.000736,00.003404]
04_sampling             	     70	00.057553	(00.000822 +- 00.000158)	[00.000617,00.001400]
04b_intensity_sampling  	     70	00.066091	(00.000944 +- 00.000269)	[00.000734,00.002206]
05_registration         	     70	00.459618	(00.006566 +- 00.001524)	[00.003107,00.013003]
06_map                  	     70	00.082880	(00.001184 +- 00.000113)	[00.000896,00.001445]
07_imu_opt              	     70	00.052440	(00.000749 +- 00.000316)	[00.000001,00.001883]
08_publish              	     70	01.024131	(00.014630 +- 00.000952)	[00.011934,00.017181]
step                    	     73	02.148236	(00.029428 +- 00.002272)	[00.005205,00.038063]

INFO  Timings:
SM Timing
-----------
00_conversion_livox     	     75	00.910226	(00.012136 +- 00.001071)	[00.008464,00.015068]
01_filter               	     74	00.027673	(00.000374 +- 00.000037)	[00.000264,00.002432]
02_preint               	     72	00.002764	(00.000038 +- 00.000006)	[00.000028,00.000062]
02a_intensity_preprocess	     74	00.286460	(00.003871 +- 00.000255)	[00.003231,00.004934]
03_undistortion         	     72	00.074273	(00.001032 +- 00.000386)	[00.000736,00.003404]
04_sampling             	     71	00.058191	(00.000820 +- 00.000160)	[00.000617,00.001400]
04b_intensity_sampling  	     71	00.067257	(00.000947 +- 00.000270)	[00.000734,00.002206]
05_registration         	     71	00.464465	(00.006542 +- 00.001535)	[00.003107,00.013003]
06_map                  	     71	00.084308	(00.001187 +- 00.000115)	[00.000896,00.001445]
07_imu_opt              	     71	00.053842	(00.000758 +- 00.000316)	[00.000001,00.001883]
08_publish              	     71	01.038882	(00.014632 +- 00.000948)	[00.011934,00.017181]
step                    	     74	02.178208	(00.029435 +- 00.002240)	[00.005205,00.038063]

INFO  Timings:
SM Timing
-----------
00_conversion_livox     	     76	00.923854	(00.012156 +- 00.001072)	[00.008464,00.015068]
01_filter               	     75	00.028117	(00.000375 +- 00.000038)	[00.000264,00.002432]
02_preint               	     73	00.002808	(00.000038 +- 00.000006)	[00.000028,00.000062]
02a_intensity_preprocess	     75	00.290567	(00.003874 +- 00.000252)	[00.003231,00.004934]
03_undistortion         	     73	00.075338	(00.001032 +- 00.000385)	[00.000736,00.003404]
04_sampling             	     72	00.059078	(00.000821 +- 00.000160)	[00.000617,00.001400]
04b_intensity_sampling  	     72	00.068268	(00.000948 +- 00.000270)	[00.000734,00.002206]
05_registration         	     72	00.470549	(00.006535 +- 00.001536)	[00.003107,00.013003]
06_map                  	     72	00.085659	(00.001190 +- 00.000116)	[00.000896,00.001445]
07_imu_opt              	     72	00.055867	(00.000776 +- 00.000346)	[00.000001,00.002026]
08_publish              	     72	01.053614	(00.014634 +- 00.000945)	[00.011934,00.017181]
step                    	     75	02.210041	(00.029467 +- 00.002233)	[00.005205,00.038063]

INFO  Timings:
SM Timing
-----------
00_conversion_livox     	     77	00.937229	(00.012172 +- 00.001057)	[00.008464,00.015068]
01_filter               	     76	00.028590	(00.000376 +- 00.000042)	[00.000264,00.002432]
02_preint               	     74	00.002851	(00.000039 +- 00.000006)	[00.000028,00.000062]
02a_intensity_preprocess	     76	00.294545	(00.003876 +- 00.000251)	[00.003231,00.004934]
03_undistortion         	     74	00.076405	(00.001033 +- 00.000186)	[00.000736,00.003404]
04_sampling             	     73	00.060105	(00.000823 +- 00.000162)	[00.000617,00.001400]
04b_intensity_sampling  	     73	00.069304	(00.000949 +- 00.000269)	[00.000734,00.002206]
05_registration         	     73	00.476898	(00.006533 +- 00.001522)	[00.003107,00.013003]
06_map                  	     73	00.086825	(00.001189 +- 00.000111)	[00.000896,00.001445]
07_imu_opt              	     73	00.058768	(00.000805 +- 00.000435)	[00.000001,00.002901]
08_publish              	     73	01.068027	(00.014631 +- 00.000936)	[00.011934,00.017181]
step                    	     76	02.242572	(00.029508 +- 00.002233)	[00.005205,00.038063]

INFO  Timings:
SM Timing
-----------
00_conversion_livox     	     78	00.950276	(00.012183 +- 00.001035)	[00.008464,00.015068]
01_filter               	     77	00.028986	(00.000376 +- 00.000040)	[00.000264,00.002432]
02_preint               	     75	00.002889	(00.000039 +- 00.000006)	[00.000028,00.000062]
02a_intensity_preprocess	     77	00.298507	(00.003877 +- 00.000250)	[00.003231,00.004934]
03_undistortion         	     75	00.077476	(00.001033 +- 00.000183)	[00.000736,00.003404]
04_sampling             	     74	00.060729	(00.000821 +- 00.000164)	[00.000617,00.001400]
04b_intensity_sampling  	     74	00.070360	(00.000951 +- 00.000269)	[00.000734,00.002206]
05_registration         	     74	00.482458	(00.006520 +- 00.001520)	[00.003107,00.013003]
06_map                  	     74	00.087900	(00.001188 +- 00.000112)	[00.000896,00.001445]
07_imu_opt              	     74	00.060481	(00.000817 +- 00.000441)	[00.000001,00.002901]
08_publish              	     74	01.081876	(00.014620 +- 00.000951)	[00.011934,00.017181]
step                    	     77	02.271986	(00.029506 +- 00.002248)	[00.005205,00.038063]

INFO  Timings:
SM Timing
-----------
00_conversion_livox     	     79	00.963733	(00.012199 +- 00.001032)	[00.008464,00.015068]
01_filter               	     78	00.029368	(00.000377 +- 00.000039)	[00.000264,00.002432]
02_preint               	     76	00.002927	(00.000039 +- 00.000006)	[00.000028,00.000062]
02a_intensity_preprocess	     78	00.302323	(00.003876 +- 00.000251)	[00.003231,00.004934]
03_undistortion         	     76	00.078601	(00.001034 +- 00.000180)	[00.000736,00.003404]
04_sampling             	     75	00.061463	(00.000820 +- 00.000164)	[00.000617,00.001400]
04b_intensity_sampling  	     75	00.071733	(00.000956 +- 00.000275)	[00.000734,00.002206]
05_registration         	     75	00.487742	(00.006503 +- 00.001533)	[00.003107,00.013003]
06_map                  	     75	00.088907	(00.001185 +- 00.000114)	[00.000896,00.001445]
07_imu_opt              	     75	00.061751	(00.000823 +- 00.000436)	[00.000001,00.002901]
08_publish              	     75	01.095375	(00.014605 +- 00.000975)	[00.011934,00.017181]
step                    	     78	02.300587	(00.029495 +- 00.002277)	[00.005205,00.038063]

INFO  Timings:
SM Timing
-----------
00_conversion_livox     	     80	00.977653	(00.012221 +- 00.001034)	[00.008464,00.015068]
01_filter               	     79	00.029786	(00.000377 +- 00.000039)	[00.000264,00.002432]
02_preint               	     77	00.002968	(00.000039 +- 00.000006)	[00.000028,00.000062]
02a_intensity_preprocess	     79	00.306065	(00.003874 +- 00.000253)	[00.003231,00.004934]
03_undistortion         	     77	00.079526	(00.001033 +- 00.000179)	[00.000736,00.003404]
04_sampling             	     76	00.062026	(00.000816 +- 00.000168)	[00.000563,00.001400]
04b_intensity_sampling  	     76	00.072732	(00.000957 +- 00.000275)	[00.000734,00.002206]
05_registration         	     76	00.492006	(00.006474 +- 00.001570)	[00.003107,00.013003]
06_map                  	     76	00.089827	(00.001182 +- 00.000120)	[00.000896,00.001445]
07_imu_opt              	     76	00.063885	(00.000841 +- 00.000458)	[00.000001,00.002901]
08_publish              	     76	01.108164	(00.014581 +- 00.001021)	[00.011934,00.017181]
step                    	     79	02.327450	(00.029461 +- 00.002357)	[00.005205,00.038063]

INFO  Timings:
SM Timing
-----------
00_conversion_livox     	     81	00.991290	(00.012238 +- 00.001027)	[00.008464,00.015068]
01_filter               	     80	00.030180	(00.000377 +- 00.000038)	[00.000264,00.002432]
02_preint               	     78	00.003010	(00.000039 +- 00.000005)	[00.000028,00.000062]
02a_intensity_preprocess	     80	00.309630	(00.003870 +- 00.000258)	[00.003231,00.004934]
03_undistortion         	     78	00.080413	(00.001031 +- 00.000180)	[00.000736,00.003404]
04_sampling             	     77	00.062595	(00.000813 +- 00.000171)	[00.000563,00.001400]
04b_intensity_sampling  	     77	00.073627	(00.000956 +- 00.000274)	[00.000734,00.002206]
05_registration         	     77	00.496808	(00.006452 +- 00.001577)	[00.003107,00.013003]
06_map                  	     77	00.090773	(00.001179 +- 00.000126)	[00.000896,00.001445]
07_imu_opt              	     77	00.067093	(00.000871 +- 00.000543)	[00.000001,00.003208]
08_publish              	     77	01.120760	(00.014555 +- 00.001058)	[00.011934,00.017181]
step                    	     80	02.355425	(00.029443 +- 00.002333)	[00.005205,00.038063]

INFO  Timings:
SM Timing
-----------
00_conversion_livox     	     82	01.005155	(00.012258 +- 00.001016)	[00.008464,00.015068]
01_filter               	     81	00.030480	(00.000376 +- 00.000039)	[00.000264,00.002432]
02_preint               	     79	00.003050	(00.000039 +- 00.000005)	[00.000028,00.000062]
02a_intensity_preprocess	     81	00.313238	(00.003867 +- 00.000263)	[00.003231,00.004934]
03_undistortion         	     79	00.081286	(00.001029 +- 00.000180)	[00.000736,00.003404]
04_sampling             	     78	00.063131	(00.000809 +- 00.000175)	[00.000537,00.001400]
04b_intensity_sampling  	     78	00.074534	(00.000956 +- 00.000273)	[00.000734,00.002206]
05_registration         	     78	00.501185	(00.006425 +- 00.001587)	[00.003107,00.013003]
06_map                  	     78	00.091696	(00.001176 +- 00.000132)	[00.000896,00.001445]
07_imu_opt              	     78	00.069538	(00.000892 +- 00.000564)	[00.000001,00.003208]
08_publish              	     78	01.133184	(00.014528 +- 00.001075)	[00.011934,00.017181]
step                    	     81	02.381933	(00.029407 +- 00.002322)	[00.005205,00.038063]

INFO  Timings:
SM Timing
-----------
00_conversion_livox     	     83	01.019088	(00.012278 +- 00.000964)	[00.008464,00.015068]
01_filter               	     82	00.030872	(00.000376 +- 00.000039)	[00.000264,00.002432]
02_preint               	     80	00.003092	(00.000039 +- 00.000005)	[00.000028,00.000062]
02a_intensity_preprocess	     82	00.316715	(00.003862 +- 00.000266)	[00.003231,00.004934]
03_undistortion         	     80	00.082177	(00.001027 +- 00.000180)	[00.000736,00.003404]
04_sampling             	     79	00.063617	(00.000805 +- 00.000181)	[00.000486,00.001400]
04b_intensity_sampling  	     79	00.075323	(00.000953 +- 00.000274)	[00.000734,00.002206]
05_registration         	     79	00.504658	(00.006388 +- 00.001644)	[00.003107,00.013003]
06_map                  	     79	00.092682	(00.001173 +- 00.000135)	[00.000896,00.001445]
07_imu_opt              	     79	00.071111	(00.000900 +- 00.000562)	[00.000001,00.003208]
08_publish              	     79	01.145032	(00.014494 +- 00.001134)	[00.011848,00.017181]
step                    	     82	02.405958	(00.029341 +- 00.002483)	[00.005205,00.038063]

INFO  Timings:
SM Timing
-----------
00_conversion_livox     	     84	01.032733	(00.012294 +- 00.000927)	[00.008464,00.015068]
01_filter               	     83	00.031193	(00.000376 +- 00.000039)	[00.000264,00.002432]
02_preint               	     81	00.003134	(00.000039 +- 00.000005)	[00.000028,00.000062]
02a_intensity_preprocess	     83	00.320140	(00.003857 +- 00.000274)	[00.003231,00.004934]
03_undistortion         	     81	00.083027	(00.001025 +- 00.000181)	[00.000736,00.003404]
04_sampling             	     80	00.064168	(00.000802 +- 00.000185)	[00.000486,00.001400]
04b_intensity_sampling  	     80	00.076185	(00.000952 +- 00.000275)	[00.000734,00.002206]
05_registration         	     80	00.509822	(00.006373 +- 00.001648)	[00.003107,00.013003]
06_map                  	     80	00.093665	(00.001171 +- 00.000139)	[00.000896,00.001445]
07_imu_opt              	     80	00.074158	(00.000927 +- 00.000613)	[00.000001,00.003208]
08_publish              	     80	01.156424	(00.014455 +- 00.001224)	[00.011392,00.017181]
step                    	     83	02.432666	(00.029309 +- 00.002520)	[00.005205,00.038063]

INFO  Timings:
SM Timing
-----------
00_conversion_livox     	     85	01.046449	(00.012311 +- 00.000884)	[00.008464,00.015068]
01_filter               	     84	00.031522	(00.000375 +- 00.000039)	[00.000264,00.002432]
02_preint               	     82	00.003180	(00.000039 +- 00.000005)	[00.000028,00.000062]
02a_intensity_preprocess	     84	00.323501	(00.003851 +- 00.000285)	[00.003231,00.004934]
03_undistortion         	     82	00.083861	(00.001023 +- 00.000175)	[00.000736,00.003404]
04_sampling             	     81	00.064705	(00.000799 +- 00.000189)	[00.000486,00.001400]
04b_intensity_sampling  	     81	00.076994	(00.000951 +- 00.000276)	[00.000734,00.002206]
05_registration         	     81	00.513525	(00.006340 +- 00.001694)	[00.003107,00.013003]
06_map                  	     81	00.094475	(00.001166 +- 00.000149)	[00.000810,00.001445]
07_imu_opt              	     81	00.075806	(00.000936 +- 00.000608)	[00.000001,00.003208]
08_publish              	     81	01.167679	(00.014416 +- 00.001308)	[00.011254,00.017181]
step                    	     84	02.456065	(00.029239 +- 00.002733)	[00.005205,00.038063]

INFO  Timings:
SM Timing
-----------
00_conversion_livox     	     86	01.060401	(00.012330 +- 00.000835)	[00.008464,00.015068]
01_filter               	     85	00.031906	(00.000375 +- 00.000039)	[00.000264,00.002432]
02_preint               	     83	00.003220	(00.000039 +- 00.000005)	[00.000028,00.000062]
02a_intensity_preprocess	     85	00.326791	(00.003845 +- 00.000292)	[00.003231,00.004934]
03_undistortion         	     83	00.084745	(00.001021 +- 00.000175)	[00.000736,00.003404]
04_sampling             	     82	00.065326	(00.000797 +- 00.000190)	[00.000486,00.001400]
04b_intensity_sampling  	     82	00.077869	(00.000950 +- 00.000276)	[00.000734,00.002206]
05_registration         	     82	00.518576	(00.006324 +- 00.001698)	[00.003107,00.013003]
06_map                  	     82	00.095330	(00.001163 +- 00.000156)	[00.000810,00.001445]
07_imu_opt              	     82	00.077421	(00.000944 +- 00.000606)	[00.000001,00.003208]
08_publish              	     82	01.178608	(00.014373 +- 00.001410)	[00.010929,00.017181]
step                    	     85	02.480677	(00.029184 +- 00.002870)	[00.005205,00.038063]

INFO  Timings:
SM Timing
-----------
00_conversion_livox     	     87	01.074097	(00.012346 +- 00.000787)	[00.008464,00.015068]
01_filter               	     86	00.032264	(00.000375 +- 00.000039)	[00.000264,00.002432]
02_preint               	     84	00.003269	(00.000039 +- 00.000005)	[00.000028,00.000062]
02a_intensity_preprocess	     86	00.330086	(00.003838 +- 00.000306)	[00.003231,00.004934]
03_undistortion         	     84	00.085541	(00.001018 +- 00.000176)	[00.000736,00.003404]
04_sampling             	     83	00.065787	(00.000793 +- 00.000196)	[00.000462,00.001400]
04b_intensity_sampling  	     83	00.078685	(00.000948 +- 00.000276)	[00.000734,00.002206]
05_registration         	     83	00.522938	(00.006300 +- 00.001701)	[00.003107,00.013003]
06_map                  	     83	00.096255	(00.001160 +- 00.000160)	[00.000810,00.001445]
07_imu_opt              	     83	00.079133	(00.000953 +- 00.000602)	[00.000001,00.003208]
08_publish              	     83	01.189617	(00.014333 +- 00.001503)	[00.010929,00.017181]
step                    	     86	02.504527	(00.029122 +- 00.003031)	[00.005205,00.038063]

INFO  Timings:
SM Timing
-----------
00_conversion_livox     	     88	01.087618	(00.012359 +- 00.000770)	[00.008464,00.015068]
01_filter               	     87	00.032635	(00.000375 +- 00.000039)	[00.000264,00.002432]
02_preint               	     85	00.003309	(00.000039 +- 00.000005)	[00.000028,00.000062]
02a_intensity_preprocess	     87	00.333254	(00.003831 +- 00.000325)	[00.003168,00.004934]
03_undistortion         	     85	00.086464	(00.001017 +- 00.000176)	[00.000736,00.003404]
04_sampling             	     84	00.066395	(00.000790 +- 00.000196)	[00.000462,00.001400]
04b_intensity_sampling  	     84	00.079517	(00.000947 +- 00.000276)	[00.000734,00.002206]
05_registration         	     84	00.526786	(00.006271 +- 00.001731)	[00.003107,00.013003]
06_map                  	     84	00.097183	(00.001157 +- 00.000164)	[00.000810,00.001445]
07_imu_opt              	     84	00.080478	(00.000958 +- 00.000598)	[00.000001,00.003208]
08_publish              	     84	01.200150	(00.014288 +- 00.001610)	[00.010534,00.017181]
step                    	     87	02.527194	(00.029048 +- 00.003219)	[00.005205,00.038063]

INFO  Timings:
SM Timing
-----------
00_conversion_livox     	     89	01.100425	(00.012364 +- 00.000741)	[00.008464,00.015068]
01_filter               	     88	00.032990	(00.000375 +- 00.000039)	[00.000264,00.002432]
02_preint               	     86	00.003347	(00.000039 +- 00.000005)	[00.000028,00.000062]
02a_intensity_preprocess	     88	00.336228	(00.003821 +- 00.000350)	[00.002974,00.004934]
03_undistortion         	     86	00.087303	(00.001015 +- 00.000177)	[00.000736,00.003404]
04_sampling             	     85	00.066811	(00.000786 +- 00.000203)	[00.000416,00.001400]
04b_intensity_sampling  	     85	00.080334	(00.000945 +- 00.000277)	[00.000734,00.002206]
05_registration         	     85	00.531891	(00.006258 +- 00.001729)	[00.003107,00.013003]
06_map                  	     85	00.098016	(00.001153 +- 00.000170)	[00.000810,00.001445]
07_imu_opt              	     85	00.082107	(00.000966 +- 00.000588)	[00.000001,00.003208]
08_publish              	     85	01.210865	(00.014245 +- 00.001698)	[00.010534,00.017181]
step                    	     88	02.550971	(00.028988 +- 00.003327)	[00.005205,00.038063]

INFO  Timings:
SM Timing
-----------
00_conversion_livox     	     90	01.113408	(00.012371 +- 00.000695)	[00.008464,00.015068]
01_filter               	     89	00.033321	(00.000374 +- 00.000039)	[00.000264,00.002432]
02_preint               	     87	00.003381	(00.000039 +- 00.000005)	[00.000028,00.000062]
02a_intensity_preprocess	     89	00.339309	(00.003812 +- 00.000368)	[00.002974,00.004934]
03_undistortion         	     87	00.088078	(00.001012 +- 00.000179)	[00.000736,00.003404]
04_sampling             	     86	00.067223	(00.000782 +- 00.000209)	[00.000412,00.001400]
04b_intensity_sampling  	     86	00.081341	(00.000946 +- 00.000276)	[00.000734,00.002206]
05_registration         	     86	00.536388	(00.006237 +- 00.001735)	[00.003107,00.013003]
06_map                  	     86	00.098869	(00.001150 +- 00.000173)	[00.000810,00.001445]
07_imu_opt              	     86	00.085861	(00.000998 +- 00.000678)	[00.000001,00.003754]
08_publish              	     86	01.221453	(00.014203 +- 00.001743)	[00.010534,00.017181]
step                    	     89	02.576371	(00.028948 +- 00.003355)	[00.005205,00.038063]

INFO  Timings:
SM Timing
-----------
00_conversion_livox     	     91	01.127136	(00.012386 +- 00.000680)	[00.008464,00.015068]
01_filter               	     90	00.033611	(00.000373 +- 00.000040)	[00.000264,00.002432]
02_preint               	     88	00.003415	(00.000039 +- 00.000005)	[00.000028,00.000062]
02a_intensity_preprocess	     90	00.342266	(00.003803 +- 00.000391)	[00.002956,00.004934]
03_undistortion         	     88	00.088865	(00.001010 +- 00.000177)	[00.000736,00.003404]
04_sampling             	     87	00.067711	(00.000778 +- 00.000210)	[00.000412,00.001400]
04b_intensity_sampling  	     87	00.082091	(00.000944 +- 00.000278)	[00.000734,00.002206]
05_registration         	     87	00.540084	(00.006208 +- 00.001764)	[00.003107,00.013003]
06_map                  	     87	00.099640	(00.001145 +- 00.000180)	[00.000771,00.001445]
07_imu_opt              	     87	00.087669	(00.001008 +- 00.000674)	[00.000001,00.003754]
08_publish              	     87	01.232265	(00.014164 +- 00.001790)	[00.010534,00.017181]
step                    	     90	02.598822	(00.028876 +- 00.003505)	[00.005205,00.038063]

INFO  Timings:
SM Timing
-----------
00_conversion_livox     	     92	01.139952	(00.012391 +- 00.000679)	[00.008464,00.015068]
01_filter               	     91	00.033925	(00.000373 +- 00.000039)	[00.000264,00.002432]
02_preint               	     89	00.003449	(00.000039 +- 00.000005)	[00.000028,00.000062]
02a_intensity_preprocess	     91	00.345281	(00.003794 +- 00.000409)	[00.002956,00.004934]
03_undistortion         	     89	00.089649	(00.001007 +- 00.000179)	[00.000736,00.003404]
04_sampling             	     88	00.068164	(00.000775 +- 00.000215)	[00.000412,00.001400]
04b_intensity_sampling  	     88	00.082858	(00.000942 +- 00.000279)	[00.000734,00.002206]
05_registration         	     88	00.545083	(00.006194 +- 00.001766)	[00.003107,00.013003]
06_map                  	     88	00.100437	(00.001141 +- 00.000185)	[00.000771,00.001445]
07_imu_opt              	     88	00.091634	(00.001041 +- 00.000760)	[00.000001,00.003964]
08_publish              	     88	01.242592	(00.014120 +- 00.001872)	[00.010327,00.017181]
step                    	     91	02.624337	(00.028839 +- 00.003562)	[00.005205,00.038063]

INFO  Timings:
SM Timing
-----------
00_conversion_livox     	     93	01.152389	(00.012391 +- 00.000644)	[00.008464,00.015068]
01_filter               	     92	00.034238	(00.000372 +- 00.000040)	[00.000264,00.002432]
02_preint               	     90	00.003481	(00.000039 +- 00.000005)	[00.000028,00.000062]
02a_intensity_preprocess	     92	00.348171	(00.003784 +- 00.000431)	[00.002890,00.004934]
03_undistortion         	     90	00.090376	(00.001004 +- 00.000181)	[00.000728,00.003404]
04_sampling             	     89	00.068669	(00.000772 +- 00.000217)	[00.000412,00.001400]
04b_intensity_sampling  	     89	00.083694	(00.000940 +- 00.000279)	[00.000734,00.002206]
05_registration         	     89	00.550952	(00.006190 +- 00.001755)	[00.003107,00.013003]
06_map                  	     89	00.101329	(00.001139 +- 00.000186)	[00.000771,00.001445]
07_imu_opt              	     89	00.093322	(00.001049 +- 00.000752)	[00.000001,00.003964]
08_publish              	     89	01.253482	(00.014084 +- 00.001890)	[00.010327,00.017181]
step                    	     92	02.649048	(00.028794 +- 00.003638)	[00.005205,00.038063]

INFO  Timings:
SM Timing
-----------
00_conversion_livox     	     94	01.165218	(00.012396 +- 00.000623)	[00.008464,00.015068]
01_filter               	     93	00.034608	(00.000372 +- 00.000039)	[00.000264,00.002432]
02_preint               	     91	00.003518	(00.000039 +- 00.000005)	[00.000028,00.000062]
02a_intensity_preprocess	     93	00.351239	(00.003777 +- 00.000445)	[00.002890,00.004934]
03_undistortion         	     91	00.091167	(00.001002 +- 00.000183)	[00.000728,00.003404]
04_sampling             	     90	00.069229	(00.000769 +- 00.000203)	[00.000412,00.001400]
04b_intensity_sampling  	     90	00.084474	(00.000939 +- 00.000279)	[00.000734,00.002206]
05_registration         	     90	00.555951	(00.006177 +- 00.001761)	[00.003107,00.013003]
06_map                  	     90	00.102133	(00.001135 +- 00.000189)	[00.000771,00.001445]
07_imu_opt              	     90	00.097291	(00.001081 +- 00.000823)	[00.000001,00.003969]
08_publish              	     90	01.264377	(00.014049 +- 00.001933)	[00.010327,00.017181]
step                    	     93	02.675380	(00.028768 +- 00.003670)	[00.005205,00.038063]

INFO  Timings:
SM Timing
-----------
00_conversion_livox     	     95	01.177860	(00.012399 +- 00.000616)	[00.008464,00.015068]
01_filter               	     94	00.035003	(00.000372 +- 00.000039)	[00.000264,00.002432]
02_preint               	     92	00.003555	(00.000039 +- 00.000005)	[00.000028,00.000062]
02a_intensity_preprocess	     94	00.354305	(00.003769 +- 00.000458)	[00.002890,00.004934]
03_undistortion         	     92	00.092001	(00.001000 +- 00.000181)	[00.000728,00.003404]
04_sampling             	     91	00.069828	(00.000767 +- 00.000189)	[00.000412,00.001400]
04b_intensity_sampling  	     91	00.085339	(00.000938 +- 00.000222)	[00.000734,00.002206]
05_registration         	     91	00.559327	(00.006146 +- 00.001801)	[00.003107,00.013003]
06_map                  	     91	00.102963	(00.001131 +- 00.000193)	[00.000771,00.001445]
07_imu_opt              	     91	00.098576	(00.001083 +- 00.000819)	[00.000001,00.003969]
08_publish              	     91	01.276314	(00.014025 +- 00.001948)	[00.010327,00.017181]
step                    	     94	02.698666	(00.028709 +- 00.003756)	[00.005205,00.038063]

INFO  Timings:
SM Timing
-----------
00_conversion_livox     	     96	01.190774	(00.012404 +- 00.000619)	[00.008464,00.015068]
01_filter               	     95	00.035326	(00.000372 +- 00.000040)	[00.000264,00.002432]
02_preint               	     93	00.003590	(00.000039 +- 00.000005)	[00.000028,00.000062]
02a_intensity_preprocess	     95	00.357450	(00.003763 +- 00.000468)	[00.002890,00.004934]
03_undistortion         	     93	00.092786	(00.000998 +- 00.000183)	[00.000728,00.003404]
04_sampling             	     92	00.070328	(00.000764 +- 00.000191)	[00.000412,00.001400]
04b_intensity_sampling  	     92	00.086099	(00.000936 +- 00.000223)	[00.000734,00.002206]
05_registration         	     92	00.564328	(00.006134 +- 00.001805)	[00.003107,00.013003]
06_map                  	     92	00.103805	(00.001128 +- 00.000196)	[00.000771,00.001445]
07_imu_opt              	     92	00.100249	(00.001090 +- 00.000812)	[00.000001,00.003969]
08_publish              	     92	01.288202	(00.014002 +- 00.001961)	[00.010327,00.017181]
step                    	     95	02.723684	(00.028670 +- 00.003804)	[00.005205,00.038063]

INFO  Timings:
SM Timing
-----------
00_conversion_livox     	     97	01.202533	(00.012397 +- 00.000638)	[00.008464,00.015068]
01_filter               	     96	00.035667	(00.000372 +- 00.000040)	[00.000264,00.002432]
02_preint               	     94	00.003641	(00.000039 +- 00.000005)	[00.000028,00.000062]
02a_intensity_preprocess	     96	00.361289	(00.003763 +- 00.000468)	[00.002890,00.004934]
03_undistortion         	     94	00.093683	(00.000997 +- 00.000183)	[00.000728,00.003404]
04_sampling             	     93	00.070849	(00.000762 +- 00.000193)	[00.000412,00.001400]
04b_intensity_sampling  	     93	00.086940	(00.000935 +- 00.000223)	[00.000734,00.002206]
05_registration         	     93	00.568830	(00.006116 +- 00.001818)	[00.003107,00.013003]
06_map                  	     93	00.104828	(00.001127 +- 00.000191)	[00.000771,00.001445]
07_imu_opt              	     93	00.101579	(00.001092 +- 00.000805)	[00.000001,00.003969]
08_publish              	     93	01.300866	(00.013988 +- 00.001949)	[00.010327,00.017181]
step                    	     96	02.749753	(00.028643 +- 00.003828)	[00.005205,00.038063]

INFO  Timings:
SM Timing
-----------
00_conversion_livox     	     98	01.214588	(00.012394 +- 00.000664)	[00.008464,00.015068]
01_filter               	     97	00.035961	(00.000371 +- 00.000040)	[00.000264,00.002432]
02_preint               	     95	00.003677	(00.000039 +- 00.000006)	[00.000028,00.000062]
02a_intensity_preprocess	     97	00.364551	(00.003758 +- 00.000470)	[00.002890,00.004934]
03_undistortion         	     95	00.094543	(00.000995 +- 00.000182)	[00.000728,00.003404]
04_sampling             	     94	00.071400	(00.000760 +- 00.000193)	[00.000412,00.001400]
04b_intensity_sampling  	     94	00.087827	(00.000934 +- 00.000223)	[00.000734,00.002206]
05_registration         	     94	00.574586	(00.006113 +- 00.001817)	[00.003107,00.013003]
06_map                  	     94	00.105716	(00.001125 +- 00.000190)	[00.000771,00.001445]
07_imu_opt              	     94	00.102976	(00.001095 +- 00.000795)	[00.000001,00.003969]
08_publish              	     94	01.312879	(00.013967 +- 00.001939)	[00.010327,00.017181]
step                    	     97	02.775918	(00.028618 +- 00.003833)	[00.005205,00.038063]

INFO  Timings:
SM Timing
-----------
00_conversion_livox     	     99	01.226492	(00.012389 +- 00.000694)	[00.008464,00.015068]
01_filter               	     98	00.036294	(00.000370 +- 00.000041)	[00.000264,00.002432]
02_preint               	     96	00.003714	(00.000039 +- 00.000006)	[00.000028,00.000062]
02a_intensity_preprocess	     98	00.367758	(00.003753 +- 00.000470)	[00.002890,00.004934]
03_undistortion         	     96	00.095444	(00.000994 +- 00.000182)	[00.000728,00.003404]
04_sampling             	     95	00.071983	(00.000758 +- 00.000192)	[00.000412,00.001400]
04b_intensity_sampling  	     95	00.088658	(00.000933 +- 00.000224)	[00.000734,00.002206]
05_registration         	     95	00.577582	(00.006080 +- 00.001813)	[00.002997,00.013003]
06_map                  	     95	00.106626	(00.001122 +- 00.000187)	[00.000771,00.001445]
07_imu_opt              	     95	00.104359	(00.001099 +- 00.000791)	[00.000001,00.003969]
08_publish              	     95	01.324573	(00.013943 +- 00.001913)	[00.010327,00.017181]
step                    	     98	02.798864	(00.028560 +- 00.003823)	[00.005205,00.038063]

INFO  Timings:
SM Timing
-----------
00_conversion_livox     	    100	01.238429	(00.012384 +- 00.000722)	[00.008464,00.015068]
01_filter               	     99	00.036630	(00.000370 +- 00.000041)	[00.000264,00.002432]
02_preint               	     97	00.003751	(00.000039 +- 00.000006)	[00.000028,00.000062]
02a_intensity_preprocess	     99	00.370985	(00.003747 +- 00.000471)	[00.002890,00.004934]
03_undistortion         	     97	00.096429	(00.000994 +- 00.000181)	[00.000728,00.003404]
04_sampling             	     96	00.072547	(00.000756 +- 00.000191)	[00.000412,00.001400]
04b_intensity_sampling  	     96	00.089406	(00.000931 +- 00.000134)	[00.000734,00.002206]
05_registration         	     96	00.581150	(00.006054 +- 00.001842)	[00.002997,00.013003]
06_map                  	     96	00.107582	(00.001121 +- 00.000188)	[00.000771,00.001445]
07_imu_opt              	     96	00.105750	(00.001102 +- 00.000784)	[00.000001,00.003969]
08_publish              	     96	01.336062	(00.013917 +- 00.001911)	[00.010327,00.017181]
step                    	     99	02.822235	(00.028507 +- 00.003874)	[00.005205,00.038063]

INFO  Timings:
SM Timing
-----------
00_conversion_livox     	    101	01.250273	(00.012379 +- 00.000750)	[00.008464,00.015068]
01_filter               	    100	00.036975	(00.000370 +- 00.000041)	[00.000264,00.002432]
02_preint               	     98	00.003788	(00.000039 +- 00.000006)	[00.000028,00.000062]
02a_intensity_preprocess	    100	00.374102	(00.003741 +- 00.000475)	[00.002890,00.004934]
03_undistortion         	     98	00.097281	(00.000993 +- 00.000181)	[00.000728,00.003404]
04_sampling             	     97	00.073055	(00.000753 +- 00.000192)	[00.000412,00.001400]
04b_intensity_sampling  	     97	00.090274	(00.000931 +- 00.000134)	[00.000734,00.002206]
05_registration         	     97	00.586647	(00.006048 +- 00.001842)	[00.002997,00.013003]
06_map                  	     97	00.108439	(00.001118 +- 00.000187)	[00.000771,00.001445]
07_imu_opt              	     97	00.107120	(00.001104 +- 00.000773)	[00.000001,00.003969]
08_publish              	     97	01.347207	(00.013889 +- 00.001913)	[00.010327,00.017181]
step                    	    100	02.846899	(00.028469 +- 00.003910)	[00.005205,00.038063]

INFO  Timings:
SM Timing
-----------
00_conversion_livox     	    102	01.262371	(00.012376 +- 00.000767)	[00.008464,00.015068]
01_filter               	    101	00.037312	(00.000369 +- 00.000040)	[00.000264,00.002432]
02_preint               	     99	00.003827	(00.000039 +- 00.000006)	[00.000028,00.000062]
02a_intensity_preprocess	    101	00.377328	(00.003736 +- 00.000480)	[00.002890,00.004934]
03_undistortion         	     99	00.098039	(00.000990 +- 00.000183)	[00.000728,00.003404]
04_sampling             	     98	00.073545	(00.000750 +- 00.000191)	[00.000412,00.001400]
04b_intensity_sampling  	     98	00.091111	(00.000930 +- 00.000134)	[00.000734,00.002206]
05_registration         	     98	00.591937	(00.006040 +- 00.001827)	[00.002997,00.013003]
06_map                  	     98	00.109461	(00.001117 +- 00.000179)	[00.000771,00.001445]
07_imu_opt              	     98	00.108959	(00.001112 +- 00.000765)	[00.000001,00.003969]
08_publish              	     98	01.359505	(00.013872 +- 00.001904)	[00.010327,00.017181]
step                    	    101	02.873106	(00.028447 +- 00.003894)	[00.005205,00.038063]

INFO  Timings:
SM Timing
-----------
00_conversion_livox     	    103	01.274828	(00.012377 +- 00.000770)	[00.008464,00.015068]
01_filter               	    102	00.037674	(00.000369 +- 00.000040)	[00.000264,00.002432]
02_preint               	    100	00.003865	(00.000039 +- 00.000006)	[00.000028,00.000062]
02a_intensity_preprocess	    102	00.380820	(00.003734 +- 00.000480)	[00.002890,00.004934]
03_undistortion         	    100	00.098867	(00.000989 +- 00.000183)	[00.000728,00.003404]
04_sampling             	     99	00.074097	(00.000748 +- 00.000192)	[00.000412,00.001400]
04b_intensity_sampling  	     99	00.091921	(00.000928 +- 00.000134)	[00.000734,00.002206]
05_registration         	     99	00.597021	(00.006031 +- 00.001830)	[00.002997,00.013003]
06_map                  	     99	00.110568	(00.001117 +- 00.000176)	[00.000771,00.001445]
07_imu_opt              	     99	00.110480	(00.001116 +- 00.000760)	[00.000001,00.003969]
08_publish              	     99	01.372187	(00.013860 +- 00.001890)	[00.010327,00.017181]
step                    	    102	02.899654	(00.028428 +- 00.003898)	[00.005205,00.038063]

INFO  Timings:
SM Timing
-----------
00_conversion_livox     	    104	01.287170	(00.012377 +- 00.000770)	[00.008464,00.015068]
01_filter               	    103	00.038033	(00.000369 +- 00.000040)	[00.000264,00.002432]
02_preint               	    101	00.003905	(00.000039 +- 00.000006)	[00.000028,00.000062]
02a_intensity_preprocess	    103	00.384397	(00.003732 +- 00.000479)	[00.002890,00.004934]
03_undistortion         	    101	00.099921	(00.000989 +- 00.000184)	[00.000728,00.003404]
04_sampling             	    100	00.074743	(00.000747 +- 00.000192)	[00.000412,00.001400]
04b_intensity_sampling  	    100	00.093069	(00.000931 +- 00.000137)	[00.000734,00.002206]
05_registration         	    100	00.600805	(00.006008 +- 00.001767)	[00.002997,00.013003]
06_map                  	    100	00.111692	(00.001117 +- 00.000176)	[00.000771,00.001445]
07_imu_opt              	    100	00.111993	(00.001120 +- 00.000753)	[00.000001,00.003969]
08_publish              	    100	01.385347	(00.013853 +- 00.001870)	[00.010327,00.017181]
step                    	    103	02.926157	(00.028409 +- 00.003837)	[00.005205,00.038063]

INFO  Timings:
SM Timing
-----------
00_conversion_livox     	    105	01.299515	(00.012376 +- 00.000774)	[00.008464,00.015068]
01_filter               	    104	00.038405	(00.000369 +- 00.000040)	[00.000264,00.002432]
02_preint               	    102	00.003951	(00.000039 +- 00.000006)	[00.000028,00.000062]
02a_intensity_preprocess	    104	00.387982	(00.003731 +- 00.000478)	[00.002890,00.004934]
03_undistortion         	    102	00.100809	(00.000988 +- 00.000183)	[00.000728,00.003404]
04_sampling             	    101	00.075382	(00.000746 +- 00.000191)	[00.000412,00.001400]
04b_intensity_sampling  	    101	00.093928	(00.000930 +- 00.000135)	[00.000734,00.002206]
05_registration         	    101	00.604968	(00.005990 +- 00.001434)	[00.002997,00.013003]
06_map                  	    101	00.112819	(00.001117 +- 00.000171)	[00.000771,00.001445]
07_imu_opt              	    101	00.113459	(00.001123 +- 00.000749)	[00.000001,00.003969]
08_publish              	    101	01.398364	(00.013845 +- 00.001836)	[00.010327,00.017181]
step                    	    104	02.952411	(00.028389 +- 00.003590)	[00.005205,00.038063]

INFO  Timings:
SM Timing
-----------
00_conversion_livox     	    106	01.311730	(00.012375 +- 00.000787)	[00.008464,00.015068]
01_filter               	    105	00.038747	(00.000369 +- 00.000040)	[00.000264,00.002432]
02_preint               	    103	00.003999	(00.000039 +- 00.000006)	[00.000028,00.000062]
02a_intensity_preprocess	    105	00.391705	(00.003731 +- 00.000474)	[00.002890,00.004934]
03_undistortion         	    103	00.101719	(00.000988 +- 00.000154)	[00.000728,00.003404]
04_sampling             	    102	00.076040	(00.000745 +- 00.000189)	[00.000412,00.001400]
04b_intensity_sampling  	    102	00.094863	(00.000930 +- 00.000135)	[00.000734,00.002206]
05_registration         	    102	00.610830	(00.005989 +- 00.001320)	[00.002997,00.013003]
06_map                  	    102	00.114139	(00.001119 +- 00.000174)	[00.000771,00.001445]
07_imu_opt              	    102	00.115042	(00.001128 +- 00.000745)	[00.000001,00.003969]
08_publish              	    102	01.412092	(00.013844 +- 00.001799)	[00.010327,00.017181]
step                    	    105	02.981596	(00.028396 +- 00.003430)	[00.005205,00.038063]

INFO  Timings:
SM Timing
-----------
00_conversion_livox     	    107	01.324487	(00.012378 +- 00.000789)	[00.008464,00.015068]
01_filter               	    106	00.039111	(00.000369 +- 00.000040)	[00.000264,00.002432]
02_preint               	    104	00.004039	(00.000039 +- 00.000005)	[00.000028,00.000062]
02a_intensity_preprocess	    106	00.395465	(00.003731 +- 00.000458)	[00.002890,00.004934]
03_undistortion         	    104	00.102629	(00.000987 +- 00.000154)	[00.000728,00.003404]
04_sampling             	    103	00.076728	(00.000745 +- 00.000165)	[00.000412,00.001400]
04b_intensity_sampling  	    103	00.095868	(00.000931 +- 00.000121)	[00.000734,00.002206]
05_registration         	    103	00.615102	(00.005972 +- 00.001327)	[00.002997,00.013003]
06_map                  	    103	00.115237	(00.001119 +- 00.000174)	[00.000771,00.001445]
07_imu_opt              	    103	00.116568	(00.001132 +- 00.000741)	[00.000001,00.003969]
08_publish              	    103	01.425705	(00.013842 +- 00.001760)	[00.010327,00.017181]
step                    	    106	03.008969	(00.028387 +- 00.003368)	[00.005205,00.038063]

INFO  Timings:
SM Timing
-----------
00_conversion_livox     	    108	01.336857	(00.012378 +- 00.000798)	[00.008464,00.015068]
01_filter               	    107	00.039477	(00.000369 +- 00.000039)	[00.000264,00.002432]
02_preint               	    105	00.004081	(00.000039 +- 00.000005)	[00.000028,00.000062]
02a_intensity_preprocess	    107	00.399114	(00.003730 +- 00.000450)	[00.002890,00.004934]
03_undistortion         	    105	00.103665	(00.000987 +- 00.000152)	[00.000728,00.003404]
04_sampling             	    104	00.077411	(00.000744 +- 00.000162)	[00.000412,00.001400]
04b_intensity_sampling  	    104	00.096935	(00.000932 +- 00.000123)	[00.000734,00.002206]
05_registration         	    104	00.621075	(00.005972 +- 00.001325)	[00.002997,00.013003]
06_map                  	    104	00.116269	(00.001118 +- 00.000173)	[00.000771,00.001445]
07_imu_opt              	    104	00.118374	(00.001138 +- 00.000732)	[00.000001,00.003969]
08_publish              	    104	01.441044	(00.013856 +- 00.001749)	[00.010327,00.017181]
step                    	    107	03.040054	(00.028412 +- 00.003352)	[00.005205,00.038063]

INFO  Timings:
SM Timing
-----------
00_conversion_livox     	    109	01.352646	(00.012410 +- 00.000876)	[00.008464,00.015789]
01_filter               	    108	00.039885	(00.000369 +- 00.000039)	[00.000264,00.002432]
02_preint               	    106	00.004146	(00.000039 +- 00.000006)	[00.000028,00.000065]
02a_intensity_preprocess	    108	00.403890	(00.003740 +- 00.000464)	[00.002890,00.004934]
03_undistortion         	    106	00.104701	(00.000988 +- 00.000153)	[00.000728,00.003404]
04_sampling             	    105	00.078144	(00.000744 +- 00.000157)	[00.000412,00.001400]
04b_intensity_sampling  	    105	00.098283	(00.000936 +- 00.000137)	[00.000734,00.002206]
05_registration         	    105	00.629065	(00.005991 +- 00.001323)	[00.002997,00.013003]
06_map                  	    105	00.117755	(00.001121 +- 00.000181)	[00.000771,00.001485]
07_imu_opt              	    105	00.121008	(00.001152 +- 00.000735)	[00.000001,00.003969]
08_publish              	    105	01.461600	(00.013920 +- 00.002000)	[00.010327,00.020556]
step                    	    108	03.081187	(00.028530 +- 00.003745)	[00.005205,00.041133]

INFO  Timings:
SM Timing
-----------
00_conversion_livox     	    110	01.374136	(00.012492 +- 00.001444)	[00.008464,00.021490]
01_filter               	    109	00.040372	(00.000370 +- 00.000042)	[00.000264,00.002432]
02_preint               	    107	00.004221	(00.000039 +- 00.000008)	[00.000028,00.000075]
02a_intensity_preprocess	    109	00.410619	(00.003767 +- 00.000627)	[00.002890,00.006728]
03_undistortion         	    107	00.105922	(00.000990 +- 00.000157)	[00.000728,00.003404]
04_sampling             	    106	00.079194	(00.000747 +- 00.000160)	[00.000412,00.001400]
04b_intensity_sampling  	    106	00.099770	(00.000941 +- 00.000157)	[00.000734,00.002206]
05_registration         	    106	00.639211	(00.006030 +- 00.001478)	[00.002997,00.013003]
06_map                  	    106	00.119411	(00.001127 +- 00.000200)	[00.000771,00.001656]
07_imu_opt              	    106	00.123387	(00.001164 +- 00.000731)	[00.000001,00.003969]
08_publish              	    106	01.485665	(00.014016 +- 00.002486)	[00.010327,00.024065]
step                    	    109	03.130592	(00.028721 +- 00.004766)	[00.005205,00.049405]

INFO  Timings:
SM Timing
-----------
00_conversion_livox     	    111	01.394474	(00.012563 +- 00.001740)	[00.008464,00.021490]
01_filter               	    110	00.040829	(00.000371 +- 00.000045)	[00.000264,00.002432]
02_preint               	    108	00.004271	(00.000040 +- 00.000008)	[00.000028,00.000075]
02a_intensity_preprocess	    110	00.416250	(00.003784 +- 00.000678)	[00.002890,00.006728]
03_undistortion         	    108	00.107144	(00.000992 +- 00.000135)	[00.000728,00.003404]
04_sampling             	    107	00.079972	(00.000747 +- 00.000148)	[00.000412,00.001400]
04b_intensity_sampling  	    107	00.101236	(00.000946 +- 00.000173)	[00.000734,00.002206]
05_registration         	    107	00.647598	(00.006052 +- 00.001527)	[00.002997,00.013003]
06_map                  	    107	00.120868	(00.001130 +- 00.000205)	[00.000771,00.001656]
07_imu_opt              	    107	00.125599	(00.001174 +- 00.000725)	[00.000001,00.003969]
08_publish              	    107	01.507439	(00.014088 +- 00.002729)	[00.010327,00.024065]
step                    	    110	03.174158	(00.028856 +- 00.005181)	[00.005205,00.049405]

INFO  Timings:
SM Timing
-----------
00_conversion_livox     	    112	01.413377	(00.012619 +- 00.001895)	[00.008464,00.021490]
01_filter               	    111	00.041380	(00.000373 +- 00.000051)	[00.000264,00.002432]
02_preint               	    109	00.004335	(00.000040 +- 00.000009)	[00.000028,00.000075]
02a_intensity_preprocess	    111	00.422335	(00.003805 +- 00.000752)	[00.002890,00.006728]
03_undistortion         	    109	00.108691	(00.000997 +- 00.000161)	[00.000728,00.003404]
04_sampling             	    108	00.080696	(00.000747 +- 00.000142)	[00.000412,00.001400]
04b_intensity_sampling  	    108	00.102993	(00.000954 +- 00.000207)	[00.000734,00.002206]
05_registration         	    108	00.654960	(00.006064 +- 00.001539)	[00.002997,00.013003]
06_map                  	    108	00.122314	(00.001133 +- 00.000211)	[00.000771,00.001656]
07_imu_opt              	    108	00.127933	(00.001185 +- 00.000719)	[00.000001,00.003969]
08_publish              	    108	01.528447	(00.014152 +- 00.002897)	[00.010327,00.024065]
step                    	    111	03.217160	(00.028983 +- 00.005534)	[00.005205,00.049405]

INFO  Timings:
SM Timing
-----------
00_conversion_livox     	    113	01.431381	(00.012667 +- 00.001985)	[00.008464,00.021490]
01_filter               	    112	00.041850	(00.000374 +- 00.000052)	[00.000264,00.002432]
02_preint               	    110	00.004381	(00.000040 +- 00.000008)	[00.000028,00.000075]
02a_intensity_preprocess	    112	00.427645	(00.003818 +- 00.000781)	[00.002890,00.006728]
03_undistortion         	    110	00.109759	(00.000998 +- 00.000162)	[00.000728,00.003404]
04_sampling             	    109	00.081499	(00.000748 +- 00.000142)	[00.000412,00.001400]
04b_intensity_sampling  	    109	00.104264	(00.000957 +- 00.000211)	[00.000734,00.002206]
05_registration         	    109	00.664123	(00.006093 +- 00.001614)	[00.002997,00.013003]
06_map                  	    109	00.123682	(00.001135 +- 00.000214)	[00.000771,00.001656]
07_imu_opt              	    109	00.130290	(00.001195 +- 00.000713)	[00.000001,00.003969]
08_publish              	    109	01.549770	(00.014218 +- 00.003085)	[00.010327,00.024065]
step                    	    112	03.260469	(00.029111 +- 00.005889)	[00.005205,00.049405]

INFO  Timings:
SM Timing
-----------
00_conversion_livox     	    114	01.449525	(00.012715 +- 00.002075)	[00.008464,00.021490]
01_filter               	    113	00.042373	(00.000375 +- 00.000056)	[00.000264,00.002432]
02_preint               	    111	00.004427	(00.000040 +- 00.000008)	[00.000028,00.000075]
02a_intensity_preprocess	    113	00.432612	(00.003828 +- 00.000798)	[00.002890,00.006728]
03_undistortion         	    111	00.111046	(00.001000 +- 00.000169)	[00.000728,00.003404]
04_sampling             	    110	00.082296	(00.000748 +- 00.000142)	[00.000412,00.001400]
04b_intensity_sampling  	    110	00.105544	(00.000959 +- 00.000214)	[00.000734,00.002206]
05_registration         	    110	00.670177	(00.006093 +- 00.001572)	[00.002997,00.013003]
06_map                  	    110	00.124811	(00.001135 +- 00.000214)	[00.000771,00.001656]
07_imu_opt              	    110	00.132076	(00.001201 +- 00.000703)	[00.000001,00.003969]
08_publish              	    110	01.566556	(00.014241 +- 00.003110)	[00.010327,00.024065]
step                    	    113	03.295220	(00.029161 +- 00.005924)	[00.005205,00.049405]

INFO  Timings:
SM Timing
-----------
00_conversion_livox     	    115	01.463700	(00.012728 +- 00.002075)	[00.008464,00.021490]
01_filter               	    114	00.042812	(00.000376 +- 00.000057)	[00.000264,00.002432]
02_preint               	    112	00.004465	(00.000040 +- 00.000008)	[00.000028,00.000075]
02a_intensity_preprocess	    114	00.436523	(00.003829 +- 00.000797)	[00.002890,00.006728]
03_undistortion         	    112	00.112083	(00.001001 +- 00.000169)	[00.000728,00.003404]
04_sampling             	    111	00.082971	(00.000747 +- 00.000139)	[00.000412,00.001400]
04b_intensity_sampling  	    111	00.106537	(00.000960 +- 00.000212)	[00.000734,00.002206]
05_registration         	    111	00.675370	(00.006084 +- 00.001497)	[00.002997,00.013003]
06_map                  	    111	00.125832	(00.001134 +- 00.000214)	[00.000771,00.001656]
07_imu_opt              	    111	00.133530	(00.001203 +- 00.000701)	[00.000001,00.003969]
08_publish              	    111	01.580812	(00.014242 +- 00.003108)	[00.010327,00.024065]
step                    	    114	03.324318	(00.029161 +- 00.005899)	[00.005205,00.049405]

INFO  Timings:
SM Timing
-----------
00_conversion_livox     	    116	01.476932	(00.012732 +- 00.002077)	[00.008464,00.021490]
01_filter               	    115	00.043148	(00.000375 +- 00.000056)	[00.000264,00.002432]
02_preint               	    113	00.004505	(00.000040 +- 00.000008)	[00.000028,00.000075]
02a_intensity_preprocess	    115	00.440071	(00.003827 +- 00.000796)	[00.002890,00.006728]
03_undistortion         	    113	00.113211	(00.001002 +- 00.000170)	[00.000728,00.003404]
04_sampling             	    112	00.083496	(00.000746 +- 00.000140)	[00.000412,00.001400]
04b_intensity_sampling  	    112	00.107483	(00.000960 +- 00.000212)	[00.000734,00.002206]
05_registration         	    112	00.680173	(00.006073 +- 00.001466)	[00.002997,00.013003]
06_map                  	    112	00.126877	(00.001133 +- 00.000214)	[00.000771,00.001656]
07_imu_opt              	    112	00.134855	(00.001204 +- 00.000696)	[00.000001,00.003969]
08_publish              	    112	01.593457	(00.014227 +- 00.003108)	[00.010327,00.024065]
step                    	    115	03.350717	(00.029137 +- 00.005898)	[00.005205,00.049405]

INFO  Timings:
SM Timing
-----------
00_conversion_livox     	    117	01.488521	(00.012722 +- 00.002101)	[00.008464,00.021490]
01_filter               	    116	00.043478	(00.000375 +- 00.000056)	[00.000264,00.002432]
02_preint               	    114	00.004532	(00.000040 +- 00.000009)	[00.000027,00.000075]
02a_intensity_preprocess	    116	00.443343	(00.003822 +- 00.000799)	[00.002890,00.006728]
03_undistortion         	    114	00.114137	(00.001001 +- 00.000169)	[00.000728,00.003404]
04_sampling             	    113	00.084058	(00.000744 +- 00.000140)	[00.000412,00.001400]
04b_intensity_sampling  	    113	00.108429	(00.000960 +- 00.000212)	[00.000734,00.002206]
05_registration         	    113	00.686322	(00.006074 +- 00.001466)	[00.002997,00.013003]
06_map                  	    113	00.127837	(00.001131 +- 00.000213)	[00.000771,00.001656]
07_imu_opt              	    113	00.136090	(00.001204 +- 00.000699)	[00.000001,00.003969]
08_publish              	    113	01.605597	(00.014209 +- 00.003107)	[00.010327,00.024065]
step                    	    116	03.377349	(00.029115 +- 00.005898)	[00.005205,00.049405]

INFO  Timings:
SM Timing
-----------
00_conversion_livox     	    118	01.500020	(00.012712 +- 00.002117)	[00.008464,00.021490]
01_filter               	    117	00.043790	(00.000374 +- 00.000057)	[00.000264,00.002432]
02_preint               	    115	00.004560	(00.000040 +- 00.000009)	[00.000027,00.000075]
02a_intensity_preprocess	    117	00.446504	(00.003816 +- 00.000802)	[00.002890,00.006728]
03_undistortion         	    115	00.115045	(00.001000 +- 00.000168)	[00.000728,00.003404]
04_sampling             	    114	00.084584	(00.000742 +- 00.000133)	[00.000412,00.001400]
04b_intensity_sampling  	    114	00.109192	(00.000958 +- 00.000214)	[00.000734,00.002206]
05_registration         	    114	00.691424	(00.006065 +- 00.001466)	[00.002997,00.013003]
06_map                  	    114	00.128678	(00.001129 +- 00.000211)	[00.000771,00.001656]
07_imu_opt              	    114	00.137255	(00.001204 +- 00.000706)	[00.000001,00.003969]
08_publish              	    114	01.617165	(00.014186 +- 00.003114)	[00.010327,00.024065]
step                    	    117	03.401804	(00.029075 +- 00.005922)	[00.005205,00.049405]

INFO  Timings:
SM Timing
-----------
00_conversion_livox     	    119	01.511005	(00.012698 +- 00.002149)	[00.008464,00.021490]
01_filter               	    118	00.044092	(00.000374 +- 00.000058)	[00.000264,00.002432]
02_preint               	    116	00.004596	(00.000040 +- 00.000009)	[00.000027,00.000075]
02a_intensity_preprocess	    118	00.449535	(00.003810 +- 00.000807)	[00.002890,00.006728]
03_undistortion         	    116	00.115839	(00.000999 +- 00.000169)	[00.000728,00.003404]
04_sampling             	    115	00.085063	(00.000740 +- 00.000134)	[00.000412,00.001400]
04b_intensity_sampling  	    115	00.109886	(00.000956 +- 00.000217)	[00.000695,00.002206]
05_registration         	    115	00.695376	(00.006047 +- 00.001459)	[00.002997,00.013003]
06_map                  	    115	00.129702	(00.001128 +- 00.000209)	[00.000771,00.001656]
07_imu_opt              	    115	00.138427	(00.001204 +- 00.000711)	[00.000001,00.003969]
08_publish              	    115	01.628373	(00.014160 +- 00.003129)	[00.010327,00.024065]
step                    	    118	03.424564	(00.029022 +- 00.005965)	[00.005205,00.049405]

INFO  Timings:
SM Timing
-----------
00_conversion_livox     	    120	01.521948	(00.012683 +- 00.002176)	[00.008464,00.021490]
01_filter               	    119	00.044417	(00.000373 +- 00.000058)	[00.000264,00.002432]
02_preint               	    117	00.004625	(00.000040 +- 00.000009)	[00.000027,00.000075]
02a_intensity_preprocess	    119	00.452503	(00.003803 +- 00.000806)	[00.002890,00.006728]
03_undistortion         	    117	00.116655	(00.000997 +- 00.000170)	[00.000728,00.003404]
04_sampling             	    116	00.085588	(00.000738 +- 00.000134)	[00.000412,00.001400]
04b_intensity_sampling  	    116	00.110672	(00.000954 +- 00.000219)	[00.000695,00.002206]
05_registration         	    116	00.699465	(00.006030 +- 00.001445)	[00.002997,00.013003]
06_map                  	    116	00.130566	(00.001126 +- 00.000207)	[00.000771,00.001656]
07_imu_opt              	    116	00.139581	(00.001203 +- 00.000716)	[00.000001,00.003969]
08_publish              	    116	01.638980	(00.014129 +- 00.003147)	[00.010327,00.024065]
step                    	    119	03.446785	(00.028965 +- 00.005996)	[00.005205,00.049405]

INFO  Timings:
SM Timing
-----------
00_conversion_livox     	    121	01.532836	(00.012668 +- 00.002201)	[00.008464,00.021490]
01_filter               	    120	00.044746	(00.000373 +- 00.000058)	[00.000264,00.002432]
02_preint               	    118	00.004649	(00.000039 +- 00.000009)	[00.000025,00.000075]
02a_intensity_preprocess	    120	00.455343	(00.003795 +- 00.000814)	[00.002840,00.006728]
03_undistortion         	    118	00.117904	(00.000999 +- 00.000175)	[00.000728,00.003404]
04_sampling             	    117	00.086125	(00.000736 +- 00.000135)	[00.000412,00.001400]
04b_intensity_sampling  	    117	00.111404	(00.000952 +- 00.000221)	[00.000695,00.002206]
05_registration         	    117	00.704954	(00.006025 +- 00.001446)	[00.002997,00.013003]
06_map                  	    117	00.131341	(00.001123 +- 00.000208)	[00.000771,00.001656]
07_imu_opt              	    117	00.140803	(00.001203 +- 00.000719)	[00.000001,00.003969]
08_publish              	    117	01.649720	(00.014100 +- 00.003167)	[00.010327,00.024065]
step                    	    120	03.470838	(00.028924 +- 00.006024)	[00.005205,00.049405]

INFO  Timings:
SM Timing
-----------
00_conversion_livox     	    122	01.543605	(00.012652 +- 00.002233)	[00.008464,00.021490]
01_filter               	    121	00.045075	(00.000373 +- 00.000058)	[00.000264,00.002432]
02_preint               	    119	00.004685	(00.000039 +- 00.000009)	[00.000025,00.000075]
02a_intensity_preprocess	    121	00.458305	(00.003788 +- 00.000820)	[00.002840,00.006728]
03_undistortion         	    119	00.118679	(00.000997 +- 00.000175)	[00.000728,00.003404]
04_sampling             	    118	00.086692	(00.000735 +- 00.000134)	[00.000412,00.001400]
04b_intensity_sampling  	    118	00.112159	(00.000950 +- 00.000223)	[00.000695,00.002206]
05_registration         	    118	00.709551	(00.006013 +- 00.001445)	[00.002997,00.013003]
06_map                  	    118	00.132141	(00.001120 +- 00.000210)	[00.000771,00.001656]
07_imu_opt              	    118	00.141984	(00.001203 +- 00.000718)	[00.000001,00.003969]
08_publish              	    118	01.660326	(00.014071 +- 00.003188)	[00.010327,00.024065]
step                    	    121	03.493524	(00.028872 +- 00.006070)	[00.005205,00.049405]

INFO  Timings:
SM Timing
-----------
00_conversion_livox     	    123	01.554171	(00.012636 +- 00.002270)	[00.008464,00.021490]
01_filter               	    122	00.045401	(00.000372 +- 00.000058)	[00.000264,00.002432]
02_preint               	    120	00.004722	(00.000039 +- 00.000009)	[00.000025,00.000075]
02a_intensity_preprocess	    122	00.461318	(00.003781 +- 00.000825)	[00.002840,00.006728]
03_undistortion         	    120	00.119394	(00.000995 +- 00.000166)	[00.000715,00.003404]
04_sampling             	    119	00.087149	(00.000732 +- 00.000136)	[00.000412,00.001400]
04b_intensity_sampling  	    119	00.112818	(00.000948 +- 00.000227)	[00.000659,00.002206]
05_registration         	    119	00.712222	(00.005985 +- 00.001484)	[00.002670,00.013003]
06_map                  	    119	00.132964	(00.001117 +- 00.000212)	[00.000771,00.001656]
07_imu_opt              	    119	00.143123	(00.001203 +- 00.000722)	[00.000001,00.003969]
08_publish              	    119	01.671064	(00.014043 +- 00.003206)	[00.010327,00.024065]
step                    	    122	03.514173	(00.028805 +- 00.006159)	[00.005205,00.049405]

INFO  Timings:
SM Timing
-----------
00_conversion_livox     	    124	01.564416	(00.012616 +- 00.002313)	[00.008464,00.021490]
01_filter               	    123	00.045702	(00.000372 +- 00.000059)	[00.000264,00.002432]
02_preint               	    121	00.004749	(00.000039 +- 00.000010)	[00.000025,00.000075]
02a_intensity_preprocess	    123	00.464214	(00.003774 +- 00.000831)	[00.002840,00.006728]
03_undistortion         	    121	00.120191	(00.000993 +- 00.000167)	[00.000715,00.003404]
04_sampling             	    120	00.087698	(00.000731 +- 00.000136)	[00.000412,00.001400]
04b_intensity_sampling  	    120	00.113578	(00.000946 +- 00.000229)	[00.000659,00.002206]
05_registration         	    120	00.715030	(00.005959 +- 00.001493)	[00.002670,00.013003]
06_map                  	    120	00.133883	(00.001116 +- 00.000212)	[00.000771,00.001656]
07_imu_opt              	    120	00.144252	(00.001202 +- 00.000723)	[00.000001,00.003969]
08_publish              	    120	01.681251	(00.014010 +- 00.003228)	[00.010187,00.024065]
step                    	    123	03.534606	(00.028737 +- 00.006233)	[00.005205,00.049405]

INFO  Timings:
SM Timing
-----------
00_conversion_livox     	    125	01.574597	(00.012597 +- 00.002355)	[00.008464,00.021490]
01_filter               	    124	00.046016	(00.000371 +- 00.000060)	[00.000264,00.002432]
02_preint               	    122	00.004775	(00.000039 +- 00.000009)	[00.000025,00.000075]
02a_intensity_preprocess	    124	00.467051	(00.003767 +- 00.000830)	[00.002838,00.006728]
03_undistortion         	    122	00.120920	(00.000991 +- 00.000168)	[00.000715,00.003404]
04_sampling             	    121	00.088179	(00.000729 +- 00.000137)	[00.000412,00.001400]
04b_intensity_sampling  	    121	00.114354	(00.000945 +- 00.000228)	[00.000659,00.002206]
05_registration         	    121	00.718648	(00.005939 +- 00.001507)	[00.002670,00.013003]
06_map                  	    121	00.134781	(00.001114 +- 00.000205)	[00.000771,00.001656]
07_imu_opt              	    121	00.145334	(00.001201 +- 00.000728)	[00.000001,00.003969]
08_publish              	    121	01.691655	(00.013981 +- 00.003242)	[00.010187,00.024065]
step                    	    124	03.555840	(00.028676 +- 00.006290)	[00.005205,00.049405]

INFO  Timings:
SM Timing
-----------
00_conversion_livox     	    126	01.584773	(00.012578 +- 00.002394)	[00.008464,00.021490]
01_filter               	    125	00.046331	(00.000371 +- 00.000059)	[00.000264,00.002432]
02_preint               	    123	00.004811	(00.000039 +- 00.000009)	[00.000025,00.000075]
02a_intensity_preprocess	    125	00.469921	(00.003759 +- 00.000833)	[00.002838,00.006728]
03_undistortion         	    123	00.121679	(00.000989 +- 00.000168)	[00.000715,00.003404]
04_sampling             	    122	00.088712	(00.000727 +- 00.000131)	[00.000412,00.001400]
04b_intensity_sampling  	    122	00.115090	(00.000943 +- 00.000229)	[00.000659,00.002206]
05_registration         	    122	00.722932	(00.005926 +- 00.001504)	[00.002670,00.013003]
06_map                  	    122	00.135711	(00.001112 +- 00.000199)	[00.000771,00.001656]
07_imu_opt              	    122	00.146592	(00.001202 +- 00.000732)	[00.000001,00.003969]
08_publish              	    122	01.702679	(00.013956 +- 00.003246)	[00.010187,00.024065]
step                    	    125	03.578673	(00.028629 +- 00.006294)	[00.005205,00.049405]

INFO  Timings:
SM Timing
-----------
00_conversion_livox     	    127	01.595213	(00.012561 +- 00.002425)	[00.008464,00.021490]
01_filter               	    126	00.046648	(00.000370 +- 00.000057)	[00.000264,00.002432]
02_preint               	    124	00.004847	(00.000039 +- 00.000009)	[00.000025,00.000075]
02a_intensity_preprocess	    126	00.472995	(00.003754 +- 00.000835)	[00.002838,00.006728]
03_undistortion         	    124	00.122533	(00.000988 +- 00.000168)	[00.000715,00.003404]
04_sampling             	    123	00.089249	(00.000726 +- 00.000115)	[00.000412,00.001400]
04b_intensity_sampling  	    123	00.116164	(00.000944 +- 00.000230)	[00.000659,00.002206]
05_registration         	    123	00.727278	(00.005913 +- 00.001496)	[00.002670,00.013003]
06_map                  	    123	00.136483	(00.001110 +- 00.000200)	[00.000771,00.001656]
07_imu_opt              	    123	00.147918	(00.001203 +- 00.000719)	[00.000001,00.003969]
08_publish              	    123	01.714343	(00.013938 +- 00.003244)	[00.010187,00.024065]
step                    	    126	03.602737	(00.028593 +- 00.006266)	[00.005205,00.049405]

INFO  Timings:
SM Timing
-----------
00_conversion_livox     	    128	01.605510	(00.012543 +- 00.002458)	[00.008464,00.021490]
01_filter               	    127	00.047065	(00.000371 +- 00.000058)	[00.000264,00.002432]
02_preint               	    125	00.004874	(00.000039 +- 00.000009)	[00.000025,00.000075]
02a_intensity_preprocess	    127	00.476029	(00.003748 +- 00.000836)	[00.002838,00.006728]
03_undistortion         	    125	00.123374	(00.000987 +- 00.000167)	[00.000715,00.003404]
04_sampling             	    124	00.089750	(00.000724 +- 00.000116)	[00.000412,00.001400]
04b_intensity_sampling  	    124	00.117026	(00.000944 +- 00.000229)	[00.000659,00.002206]
05_registration         	    124	00.731494	(00.005899 +- 00.001498)	[00.002670,00.013003]
06_map                  	    124	00.137302	(00.001107 +- 00.000201)	[00.000771,00.001656]
07_imu_opt              	    124	00.149169	(00.001203 +- 00.000722)	[00.000001,00.003969]
08_publish              	    124	01.726377	(00.013922 +- 00.003244)	[00.010187,00.024065]
step                    	    127	03.626823	(00.028558 +- 00.006273)	[00.005205,00.049405]

INFO  Timings:
SM Timing
-----------
00_conversion_livox     	    129	01.615901	(00.012526 +- 00.002487)	[00.008464,00.021490]
01_filter               	    128	00.047391	(00.000370 +- 00.000058)	[00.000264,00.002432]
02_preint               	    126	00.004904	(00.000039 +- 00.000010)	[00.000025,00.000075]
02a_intensity_preprocess	    128	00.479202	(00.003744 +- 00.000837)	[00.002838,00.006728]
03_undistortion         	    126	00.124187	(00.000986 +- 00.000165)	[00.000715,00.003404]
04_sampling             	    125	00.090343	(00.000723 +- 00.000114)	[00.000412,00.001400]
04b_intensity_sampling  	    125	00.117914	(00.000943 +- 00.000221)	[00.000659,00.002206]
05_registration         	    125	00.735762	(00.005886 +- 00.001500)	[00.002670,00.013003]
06_map                  	    125	00.138141	(00.001105 +- 00.000202)	[00.000771,00.001656]
07_imu_opt              	    125	00.150471	(00.001204 +- 00.000722)	[00.000001,00.003969]
08_publish              	    125	01.739042	(00.013912 +- 00.003243)	[00.010187,00.024065]
step                    	    128	03.651793	(00.028530 +- 00.006276)	[00.005205,00.049405]

INFO  Timings:
SM Timing
-----------
00_conversion_livox     	    130	01.626792	(00.012514 +- 00.002501)	[00.008464,00.021490]
01_filter               	    129	00.047733	(00.000370 +- 00.000057)	[00.000264,00.002432]
02_preint               	    127	00.004940	(00.000039 +- 00.000010)	[00.000025,00.000075]
02a_intensity_preprocess	    129	00.482594	(00.003741 +- 00.000836)	[00.002838,00.006728]
03_undistortion         	    127	00.124953	(00.000984 +- 00.000166)	[00.000715,00.003404]
04_sampling             	    126	00.091088	(00.000723 +- 00.000116)	[00.000412,00.001400]
04b_intensity_sampling  	    126	00.118666	(00.000942 +- 00.000222)	[00.000659,00.002206]
05_registration         	    126	00.739693	(00.005871 +- 00.001504)	[00.002670,00.013003]
06_map                  	    126	00.139036	(00.001103 +- 00.000203)	[00.000771,00.001656]
07_imu_opt              	    126	00.151802	(00.001205 +- 00.000723)	[00.000001,00.003969]
08_publish              	    126	01.752071	(00.013905 +- 00.003243)	[00.010187,00.024065]
step                    	    129	03.677089	(00.028505 +- 00.006281)	[00.005205,00.049405]

INFO  Timings:
SM Timing
-----------
00_conversion_livox     	    131	01.637820	(00.012502 +- 00.002514)	[00.008464,00.021490]
01_filter               	    130	00.048114	(00.000370 +- 00.000057)	[00.000264,00.002432]
02_preint               	    128	00.004971	(00.000039 +- 00.000010)	[00.000025,00.000075]
02a_intensity_preprocess	    130	00.485946	(00.003738 +- 00.000837)	[00.002838,00.006728]
03_undistortion         	    128	00.125831	(00.000983 +- 00.000166)	[00.000715,00.003404]
04_sampling             	    127	00.091804	(00.000723 +- 00.000117)	[00.000412,00.001400]
04b_intensity_sampling  	    127	00.119547	(00.000941 +- 00.000222)	[00.000659,00.002206]
05_registration         	    127	00.744237	(00.005860 +- 00.001505)	[00.002670,00.013003]
06_map                  	    127	00.139868	(00.001101 +- 00.000204)	[00.000771,00.001656]
07_imu_opt              	    127	00.153061	(00.001205 +- 00.000695)	[00.000001,00.003969]
08_publish              	    127	01.764750	(00.013896 +- 00.003243)	[00.010187,00.024065]
step                    	    130	03.702724	(00.028482 +- 00.006282)	[00.005205,00.049405]

INFO  Timings:
SM Timing
-----------
00_conversion_livox     	    132	01.648368	(00.012488 +- 00.002533)	[00.008464,00.021490]
01_filter               	    131	00.048405	(00.000370 +- 00.000057)	[00.000264,00.002432]
02_preint               	    129	00.005008	(00.000039 +- 00.000010)	[00.000025,00.000075]
02a_intensity_preprocess	    131	00.489216	(00.003734 +- 00.000837)	[00.002838,00.006728]
03_undistortion         	    129	00.126649	(00.000982 +- 00.000166)	[00.000715,00.003404]
04_sampling             	    128	00.092421	(00.000722 +- 00.000117)	[00.000412,00.001400]
04b_intensity_sampling  	    128	00.120303	(00.000940 +- 00.000223)	[00.000659,00.002206]
05_registration         	    128	00.749043	(00.005852 +- 00.001503)	[00.002670,00.013003]
06_map                  	    128	00.140805	(00.001100 +- 00.000204)	[00.000771,00.001656]
07_imu_opt              	    128	00.154337	(00.001206 +- 00.000690)	[00.000001,00.003969]
08_publish              	    128	01.777590	(00.013887 +- 00.003242)	[00.010187,00.024065]
step                    	    131	03.728450	(00.028461 +- 00.006284)	[00.005205,00.049405]

INFO  Timings:
SM Timing
-----------
00_conversion_livox     	    133	01.659058	(00.012474 +- 00.002546)	[00.008464,00.021490]
01_filter               	    132	00.048770	(00.000369 +- 00.000057)	[00.000264,00.002432]
02_preint               	    130	00.005044	(00.000039 +- 00.000010)	[00.000025,00.000075]
02a_intensity_preprocess	    132	00.492601	(00.003732 +- 00.000838)	[00.002838,00.006728]
03_undistortion         	    130	00.127428	(00.000980 +- 00.000167)	[00.000715,00.003404]
04_sampling             	    129	00.093088	(00.000722 +- 00.000117)	[00.000412,00.001400]
04b_intensity_sampling  	    129	00.121159	(00.000939 +- 00.000222)	[00.000659,00.002206]
05_registration         	    129	00.753377	(00.005840 +- 00.001491)	[00.002670,00.013003]
06_map                  	    129	00.141619	(00.001098 +- 00.000205)	[00.000771,00.001656]
07_imu_opt              	    129	00.155633	(00.001206 +- 00.000692)	[00.000001,00.003969]
08_publish              	    129	01.790632	(00.013881 +- 00.003239)	[00.010187,00.024065]
step                    	    132	03.754108	(00.028440 +- 00.006273)	[00.005205,00.049405]

INFO  Timings:
SM Timing
-----------
00_conversion_livox     	    134	01.669917	(00.012462 +- 00.002557)	[00.008464,00.021490]
01_filter               	    133	00.049114	(00.000369 +- 00.000057)	[00.000264,00.002432]
02_preint               	    131	00.005073	(00.000039 +- 00.000010)	[00.000025,00.000075]
02a_intensity_preprocess	    133	00.495993	(00.003729 +- 00.000838)	[00.002838,00.006728]
03_undistortion         	    131	00.128257	(00.000979 +- 00.000167)	[00.000715,00.003404]
04_sampling             	    130	00.093674	(00.000721 +- 00.000117)	[00.000412,00.001400]
04b_intensity_sampling  	    130	00.122051	(00.000939 +- 00.000222)	[00.000659,00.002206]
05_registration         	    130	00.758516	(00.005835 +- 00.001491)	[00.002670,00.013003]
06_map                  	    130	00.142720	(00.001098 +- 00.000206)	[00.000771,00.001656]
07_imu_opt              	    130	00.156883	(00.001207 +- 00.000667)	[00.000001,00.003969]
08_publish              	    130	01.803692	(00.013875 +- 00.003232)	[00.010187,00.024065]
step                    	    133	03.780811	(00.028427 +- 00.006273)	[00.005205,00.049405]

INFO  Timings:
SM Timing
-----------
00_conversion_livox     	    135	01.680779	(00.012450 +- 00.002567)	[00.008464,00.021490]
01_filter               	    134	00.049481	(00.000369 +- 00.000057)	[00.000264,00.002432]
02_preint               	    132	00.005111	(00.000039 +- 00.000010)	[00.000025,00.000075]
02a_intensity_preprocess	    134	00.499515	(00.003728 +- 00.000837)	[00.002838,00.006728]
03_undistortion         	    132	00.129292	(00.000979 +- 00.000168)	[00.000715,00.003404]
04_sampling             	    131	00.094274	(00.000720 +- 00.000117)	[00.000412,00.001400]
04b_intensity_sampling  	    131	00.123005	(00.000939 +- 00.000222)	[00.000659,00.002206]
05_registration         	    131	00.763378	(00.005827 +- 00.001480)	[00.002670,00.013003]
06_map                  	    131	00.143709	(00.001097 +- 00.000204)	[00.000771,00.001656]
07_imu_opt              	    131	00.158273	(00.001208 +- 00.000668)	[00.000001,00.003969]
08_publish              	    131	01.817092	(00.013871 +- 00.003223)	[00.010187,00.024065]
step                    	    134	03.808053	(00.028418 +- 00.006253)	[00.005205,00.049405]

INFO  Timings:
SM Timing
-----------
00_conversion_livox     	    136	01.691849	(00.012440 +- 00.002570)	[00.008464,00.021490]
01_filter               	    135	00.049829	(00.000369 +- 00.000057)	[00.000264,00.002432]
02_preint               	    133	00.005147	(00.000039 +- 00.000010)	[00.000025,00.000075]
02a_intensity_preprocess	    135	00.503018	(00.003726 +- 00.000837)	[00.002838,00.006728]
03_undistortion         	    133	00.130151	(00.000979 +- 00.000168)	[00.000715,00.003404]
04_sampling             	    132	00.094912	(00.000719 +- 00.000117)	[00.000412,00.001400]
04b_intensity_sampling  	    132	00.123957	(00.000939 +- 00.000222)	[00.000659,00.002206]
05_registration         	    132	00.768844	(00.005825 +- 00.001481)	[00.002670,00.013003]
06_map                  	    132	00.144684	(00.001096 +- 00.000203)	[00.000771,00.001656]
07_imu_opt              	    132	00.161085	(00.001220 +- 00.000688)	[00.000001,00.003969]
08_publish              	    132	01.829993	(00.013864 +- 00.003210)	[00.010187,00.024065]
step                    	    135	03.836629	(00.028419 +- 00.006247)	[00.005205,00.049405]

INFO  Timings:
SM Timing
-----------
00_conversion_livox     	    137	01.702643	(00.012428 +- 00.002578)	[00.008464,00.021490]
01_filter               	    136	00.050165	(00.000369 +- 00.000057)	[00.000264,00.002432]
02_preint               	    134	00.005180	(00.000039 +- 00.000010)	[00.000025,00.000075]
02a_intensity_preprocess	    136	00.506485	(00.003724 +- 00.000836)	[00.002838,00.006728]
03_undistortion         	    134	00.130908	(00.000977 +- 00.000169)	[00.000715,00.003404]
04_sampling             	    133	00.095654	(00.000719 +- 00.000117)	[00.000412,00.001400]
04b_intensity_sampling  	    133	00.124907	(00.000939 +- 00.000221)	[00.000659,00.002206]
05_registration         	    133	00.773235	(00.005814 +- 00.001481)	[00.002670,00.013003]
06_map                  	    133	00.145654	(00.001095 +- 00.000203)	[00.000771,00.001656]
07_imu_opt              	    133	00.162414	(00.001221 +- 00.000689)	[00.000001,00.003969]
08_publish              	    133	01.843155	(00.013858 +- 00.003197)	[00.010187,00.024065]
step                    	    136	03.862839	(00.028403 +- 00.006231)	[00.005205,00.049405]

INFO  Timings:
SM Timing
-----------
00_conversion_livox     	    138	01.713455	(00.012416 +- 00.002586)	[00.008464,00.021490]
01_filter               	    137	00.050519	(00.000369 +- 00.000057)	[00.000264,00.002432]
02_preint               	    135	00.005216	(00.000039 +- 00.000010)	[00.000025,00.000075]
02a_intensity_preprocess	    137	00.509900	(00.003722 +- 00.000835)	[00.002838,00.006728]
03_undistortion         	    135	00.131722	(00.000976 +- 00.000169)	[00.000715,00.003404]
04_sampling             	    134	00.096260	(00.000718 +- 00.000117)	[00.000412,00.001400]
04b_intensity_sampling  	    134	00.125846	(00.000939 +- 00.000221)	[00.000659,00.002206]
05_registration         	    134	00.779602	(00.005818 +- 00.001483)	[00.002670,00.013003]
06_map                  	    134	00.146585	(00.001094 +- 00.000203)	[00.000771,00.001656]
07_imu_opt              	    134	00.163799	(00.001222 +- 00.000689)	[00.000001,00.003969]
08_publish              	    134	01.856106	(00.013852 +- 00.003176)	[00.010187,00.024065]
step                    	    137	03.890719	(00.028399 +- 00.006198)	[00.005205,00.049405]

INFO  Timings:
SM Timing
-----------
00_conversion_livox     	    139	01.723968	(00.012403 +- 00.002601)	[00.008464,00.021490]
01_filter               	    138	00.050865	(00.000369 +- 00.000057)	[00.000264,00.002432]
02_preint               	    136	00.005253	(00.000039 +- 00.000010)	[00.000025,00.000075]
02a_intensity_preprocess	    138	00.513333	(00.003720 +- 00.000831)	[00.002838,00.006728]
03_undistortion         	    136	00.132580	(00.000975 +- 00.000169)	[00.000715,00.003404]
04_sampling             	    135	00.096799	(00.000717 +- 00.000115)	[00.000412,00.001400]
04b_intensity_sampling  	    135	00.126840	(00.000940 +- 00.000220)	[00.000659,00.002206]
05_registration         	    135	00.784432	(00.005811 +- 00.001484)	[00.002670,00.013003]
06_map                  	    135	00.147578	(00.001093 +- 00.000202)	[00.000771,00.001656]
07_imu_opt              	    135	00.165241	(00.001224 +- 00.000690)	[00.000001,00.003969]
08_publish              	    135	01.868941	(00.013844 +- 00.003158)	[00.010187,00.024065]
step                    	    138	03.917104	(00.028385 +- 00.006179)	[00.005205,00.049405]

INFO  Timings:
SM Timing
-----------
00_conversion_livox     	    140	01.734839	(00.012392 +- 00.002609)	[00.008464,00.021490]
01_filter               	    139	00.051226	(00.000369 +- 00.000057)	[00.000264,00.002432]
02_preint               	    137	00.005293	(00.000039 +- 00.000010)	[00.000025,00.000075]
02a_intensity_preprocess	    139	00.516724	(00.003717 +- 00.000829)	[00.002838,00.006728]
03_undistortion         	    137	00.133451	(00.000974 +- 00.000168)	[00.000715,00.003404]
04_sampling             	    136	00.097427	(00.000716 +- 00.000111)	[00.000412,00.001400]
04b_intensity_sampling  	    136	00.128108	(00.000942 +- 00.000225)	[00.000659,00.002206]
05_registration         	    136	00.789508	(00.005805 +- 00.001482)	[00.002670,00.013003]
06_map                  	    136	00.148557	(00.001092 +- 00.000201)	[00.000771,00.001656]
07_imu_opt              	    136	00.166730	(00.001226 +- 00.000622)	[00.000001,00.003969]
08_publish              	    136	01.881484	(00.013834 +- 00.003138)	[00.010187,00.024065]
step                    	    139	03.943826	(00.028373 +- 00.006174)	[00.005205,00.049405]

INFO  Timings:
SM Timing
-----------
00_conversion_livox     	    141	01.745550	(00.012380 +- 00.002613)	[00.008464,00.021490]
01_filter               	    140	00.051636	(00.000369 +- 00.000056)	[00.000264,00.002432]
02_preint               	    138	00.005327	(00.000039 +- 00.000010)	[00.000025,00.000075]
02a_intensity_preprocess	    140	00.520029	(00.003714 +- 00.000825)	[00.002838,00.006728]
03_undistortion         	    138	00.134382	(00.000974 +- 00.000167)	[00.000715,00.003404]
04_sampling             	    137	00.098045	(00.000716 +- 00.000110)	[00.000412,00.001400]
04b_intensity_sampling  	    137	00.129108	(00.000942 +- 00.000224)	[00.000659,00.002206]
05_registration         	    137	00.793867	(00.005795 +- 00.001472)	[00.002670,00.013003]
06_map                  	    137	00.149469	(00.001091 +- 00.000199)	[00.000771,00.001656]
07_imu_opt              	    137	00.168090	(00.001227 +- 00.000622)	[00.000001,00.003969]
08_publish              	    137	01.893567	(00.013822 +- 00.003123)	[00.010187,00.024065]
step                    	    140	03.968914	(00.028349 +- 00.006143)	[00.005205,00.049405]

INFO  Timings:
SM Timing
-----------
00_conversion_livox     	    142	01.756243	(00.012368 +- 00.002623)	[00.008464,00.021490]
01_filter               	    141	00.052009	(00.000369 +- 00.000056)	[00.000264,00.002432]
02_preint               	    139	00.005368	(00.000039 +- 00.000010)	[00.000025,00.000075]
02a_intensity_preprocess	    141	00.523353	(00.003712 +- 00.000822)	[00.002838,00.006728]
03_undistortion         	    139	00.135268	(00.000973 +- 00.000166)	[00.000715,00.003404]
04_sampling             	    138	00.098628	(00.000715 +- 00.000108)	[00.000412,00.001400]
04b_intensity_sampling  	    138	00.130110	(00.000943 +- 00.000223)	[00.000659,00.002206]
05_registration         	    138	00.798764	(00.005788 +- 00.001472)	[00.002670,00.013003]
06_map                  	    138	00.150419	(00.001090 +- 00.000197)	[00.000771,00.001656]
07_imu_opt              	    138	00.169487	(00.001228 +- 00.000524)	[00.000001,00.003969]
08_publish              	    138	01.906151	(00.013813 +- 00.003097)	[00.010187,00.024065]
step                    	    141	03.995037	(00.028334 +- 00.006140)	[00.005205,00.049405]

INFO  Timings:
SM Timing
-----------
00_conversion_livox     	    143	01.767158	(00.012358 +- 00.002630)	[00.008464,00.021490]
01_filter               	    142	00.052353	(00.000369 +- 00.000055)	[00.000264,00.002432]
02_preint               	    140	00.005409	(00.000039 +- 00.000010)	[00.000025,00.000075]
02a_intensity_preprocess	    142	00.526786	(00.003710 +- 00.000817)	[00.002838,00.006728]
03_undistortion         	    140	00.136134	(00.000972 +- 00.000164)	[00.000715,00.003404]
04_sampling             	    139	00.099373	(00.000715 +- 00.000109)	[00.000412,00.001400]
04b_intensity_sampling  	    139	00.131111	(00.000943 +- 00.000222)	[00.000659,00.002206]
05_registration         	    139	00.802948	(00.005777 +- 00.001473)	[00.002670,00.013003]
06_map                  	    139	00.151410	(00.001089 +- 00.000196)	[00.000771,00.001656]
07_imu_opt              	    139	00.170984	(00.001230 +- 00.000524)	[00.000001,00.003969]
08_publish              	    139	01.918832	(00.013805 +- 00.003080)	[00.010187,00.024065]
step                    	    142	04.020923	(00.028316 +- 00.006132)	[00.005205,00.049405]

INFO  Timings:
SM Timing
-----------
00_conversion_livox     	    144	01.777847	(00.012346 +- 00.002639)	[00.008464,00.021490]
01_filter               	    143	00.052676	(00.000368 +- 00.000056)	[00.000264,00.002432]
02_preint               	    141	00.005444	(00.000039 +- 00.000010)	[00.000025,00.000075]
02a_intensity_preprocess	    143	00.530113	(00.003707 +- 00.000815)	[00.002838,00.006728]
03_undistortion         	    141	00.136992	(00.000972 +- 00.000164)	[00.000715,00.003404]
04_sampling             	    140	00.099933	(00.000714 +- 00.000109)	[00.000412,00.001400]
04b_intensity_sampling  	    140	00.132014	(00.000943 +- 00.000221)	[00.000659,00.002206]
05_registration         	    140	00.807443	(00.005767 +- 00.001475)	[00.002670,00.013003]
06_map                  	    140	00.152337	(00.001088 +- 00.000195)	[00.000771,00.001656]
07_imu_opt              	    140	00.172379	(00.001231 +- 00.000394)	[00.000001,00.003969]
08_publish              	    140	01.931252	(00.013795 +- 00.003063)	[00.010187,00.024065]
step                    	    143	04.046245	(00.028295 +- 00.006137)	[00.005205,00.049405]

INFO  Timings:
SM Timing
-----------
00_conversion_livox     	    145	01.788463	(00.012334 +- 00.002648)	[00.008464,00.021490]
01_filter               	    144	00.053071	(00.000369 +- 00.000056)	[00.000264,00.002432]
02_preint               	    142	00.005484	(00.000039 +- 00.000010)	[00.000025,00.000075]
02a_intensity_preprocess	    144	00.533355	(00.003704 +- 00.000813)	[00.002838,00.006728]
03_undistortion         	    142	00.137917	(00.000971 +- 00.000163)	[00.000715,00.003404]
04_sampling             	    141	00.100479	(00.000713 +- 00.000109)	[00.000412,00.001400]
04b_intensity_sampling  	    141	00.132855	(00.000942 +- 00.000221)	[00.000659,00.002206]
05_registration         	    141	00.811415	(00.005755 +- 00.001464)	[00.002670,00.013003]
06_map                  	    141	00.153171	(00.001086 +- 00.000195)	[00.000771,00.001656]
07_imu_opt              	    141	00.173775	(00.001232 +- 00.000393)	[00.000001,00.003969]
08_publish              	    141	01.943298	(00.013782 +- 00.003062)	[00.010187,00.024065]
step                    	    144	04.070565	(00.028268 +- 00.006125)	[00.005205,00.049405]

INFO  Timings:
SM Timing
-----------
00_conversion_livox     	    146	01.799029	(00.012322 +- 00.002656)	[00.008464,00.021490]
01_filter               	    145	00.053393	(00.000368 +- 00.000056)	[00.000264,00.002432]
02_preint               	    143	00.005521	(00.000039 +- 00.000010)	[00.000025,00.000075]
02a_intensity_preprocess	    145	00.536759	(00.003702 +- 00.000811)	[00.002838,00.006728]
03_undistortion         	    143	00.138758	(00.000970 +- 00.000162)	[00.000715,00.003404]
04_sampling             	    142	00.101105	(00.000712 +- 00.000108)	[00.000412,00.001400]
04b_intensity_sampling  	    142	00.133803	(00.000942 +- 00.000219)	[00.000659,00.002206]
05_registration         	    142	00.816087	(00.005747 +- 00.001465)	[00.002670,00.013003]
06_map                  	    142	00.154239	(00.001086 +- 00.000193)	[00.000771,00.001656]
07_imu_opt              	    142	00.175166	(00.001234 +- 00.000393)	[00.000001,00.003969]
08_publish              	    142	01.955634	(00.013772 +- 00.003059)	[00.010187,00.024065]
step                    	    145	04.096281	(00.028250 +- 00.006120)	[00.005205,00.049405]

INFO  Timings:
SM Timing
-----------
00_conversion_livox     	    147	01.809869	(00.012312 +- 00.002662)	[00.008464,00.021490]
01_filter               	    146	00.053737	(00.000368 +- 00.000056)	[00.000264,00.002432]
02_preint               	    144	00.005558	(00.000039 +- 00.000009)	[00.000025,00.000075]
02a_intensity_preprocess	    146	00.540155	(00.003700 +- 00.000810)	[00.002838,00.006728]
03_undistortion         	    144	00.139605	(00.000969 +- 00.000163)	[00.000715,00.003404]
04_sampling             	    143	00.101578	(00.000710 +- 00.000109)	[00.000412,00.001400]
04b_intensity_sampling  	    143	00.134644	(00.000942 +- 00.000219)	[00.000659,00.002206]
05_registration         	    143	00.820296	(00.005736 +- 00.001468)	[00.002670,00.013003]
06_map                  	    143	00.155145	(00.001085 +- 00.000194)	[00.000771,00.001656]
07_imu_opt              	    143	00.176716	(00.001236 +- 00.000392)	[00.000001,00.003969]
08_publish              	    143	01.967599	(00.013759 +- 00.003064)	[00.010187,00.024065]
step                    	    146	04.120931	(00.028226 +- 00.006130)	[00.005205,00.049405]

INFO  Timings:
SM Timing
-----------
00_conversion_livox     	    148	01.820591	(00.012301 +- 00.002669)	[00.008464,00.021490]
01_filter               	    147	00.054054	(00.000368 +- 00.000055)	[00.000264,00.002432]
02_preint               	    145	00.005598	(00.000039 +- 00.000009)	[00.000025,00.000075]
02a_intensity_preprocess	    147	00.543508	(00.003697 +- 00.000810)	[00.002838,00.006728]
03_undistortion         	    145	00.141172	(00.000974 +- 00.000186)	[00.000715,00.003404]
04_sampling             	    144	00.102144	(00.000709 +- 00.000109)	[00.000412,00.001400]
04b_intensity_sampling  	    144	00.135482	(00.000941 +- 00.000220)	[00.000659,00.002206]
05_registration         	    144	00.825449	(00.005732 +- 00.001464)	[00.002670,00.013003]
06_map                  	    144	00.156169	(00.001085 +- 00.000193)	[00.000771,00.001656]
07_imu_opt              	    144	00.178185	(00.001237 +- 00.000392)	[00.000001,00.003969]
08_publish              	    144	01.979573	(00.013747 +- 00.003064)	[00.010187,00.024065]
step                    	    147	04.147325	(00.028213 +- 00.006129)	[00.005205,00.049405]

INFO  Timings:
SM Timing
-----------
00_conversion_livox     	    149	01.831317	(00.012291 +- 00.002676)	[00.008464,00.021490]
01_filter               	    148	00.054356	(00.000367 +- 00.000056)	[00.000264,00.002432]
02_preint               	    146	00.005642	(00.000039 +- 00.000009)	[00.000025,00.000075]
02a_intensity_preprocess	    148	00.546828	(00.003695 +- 00.000809)	[00.002838,00.006728]
03_undistortion         	    146	00.141989	(00.000973 +- 00.000187)	[00.000715,00.003404]
04_sampling             	    145	00.102721	(00.000708 +- 00.000109)	[00.000412,00.001400]
04b_intensity_sampling  	    145	00.136262	(00.000940 +- 00.000221)	[00.000659,00.002206]
05_registration         	    145	00.829217	(00.005719 +- 00.001447)	[00.002670,00.013003]
06_map                  	    145	00.157064	(00.001083 +- 00.000193)	[00.000771,00.001656]
07_imu_opt              	    145	00.179624	(00.001239 +- 00.000392)	[00.000001,00.003969]
08_publish              	    145	01.991701	(00.013736 +- 00.003060)	[00.010187,00.024065]
step                    	    148	04.171474	(00.028186 +- 00.006113)	[00.005205,00.049405]

INFO  Timings:
SM Timing
-----------
00_conversion_livox     	    150	01.842294	(00.012282 +- 00.002681)	[00.008464,00.021490]
01_filter               	    149	00.054678	(00.000367 +- 00.000056)	[00.000264,00.002432]
02_preint               	    147	00.005681	(00.000039 +- 00.000009)	[00.000025,00.000075]
02a_intensity_preprocess	    149	00.550039	(00.003692 +- 00.000809)	[00.002838,00.006728]
03_undistortion         	    147	00.142873	(00.000972 +- 00.000187)	[00.000715,00.003404]
04_sampling             	    146	00.103373	(00.000708 +- 00.000109)	[00.000412,00.001400]
04b_intensity_sampling  	    146	00.137099	(00.000939 +- 00.000219)	[00.000659,00.002206]
05_registration         	    146	00.833383	(00.005708 +- 00.001437)	[00.002670,00.013003]
06_map                  	    146	00.158036	(00.001082 +- 00.000193)	[00.000771,00.001656]
07_imu_opt              	    146	00.181158	(00.001241 +- 00.000391)	[00.000001,00.003969]
08_publish              	    146	02.003696	(00.013724 +- 00.003055)	[00.010187,00.024065]
step                    	    149	04.196173	(00.028162 +- 00.006099)	[00.005205,00.049405]

INFO  Timings:
SM Timing
-----------
00_conversion_livox     	    151	01.853220	(00.012273 +- 00.002685)	[00.008464,00.021490]
01_filter               	    150	00.055002	(00.000367 +- 00.000056)	[00.000264,00.002432]
02_preint               	    148	00.005719	(00.000039 +- 00.000009)	[00.000025,00.000075]
02a_intensity_preprocess	    150	00.553339	(00.003689 +- 00.000807)	[00.002838,00.006728]
03_undistortion         	    148	00.143660	(00.000971 +- 00.000187)	[00.000715,00.003404]
04_sampling             	    147	00.103947	(00.000707 +- 00.000108)	[00.000412,00.001400]
04b_intensity_sampling  	    147	00.137983	(00.000939 +- 00.000219)	[00.000659,00.002206]
05_registration         	    147	00.837133	(00.005695 +- 00.001447)	[00.002670,00.013003]
06_map                  	    147	00.159013	(00.001082 +- 00.000192)	[00.000771,00.001656]
07_imu_opt              	    147	00.182613	(00.001242 +- 00.000391)	[00.000001,00.003969]
08_publish              	    147	02.015335	(00.013710 +- 00.003048)	[00.010187,00.024065]
step                    	    150	04.219966	(00.028133 +- 00.006108)	[00.005205,00.049405]

INFO  Timings:
SM Timing
-----------
00_conversion_livox     	    151	01.853220	(00.012273 +- 00.002685)	[00.008464,00.021490]
01_filter               	    151	00.055395	(00.000367 +- 00.000056)	[00.000264,00.002432]
02_preint               	    149	00.005755	(00.000039 +- 00.000009)	[00.000025,00.000075]
02a_intensity_preprocess	    151	00.556562	(00.003686 +- 00.000807)	[00.002838,00.006728]
03_undistortion         	    149	00.144609	(00.000971 +- 00.000186)	[00.000715,00.003404]
04_sampling             	    148	00.104503	(00.000706 +- 00.000107)	[00.000412,00.001400]
04b_intensity_sampling  	    148	00.138976	(00.000939 +- 00.000219)	[00.000659,00.002206]
05_registration         	    148	00.840407	(00.005678 +- 00.001466)	[00.002670,00.013003]
06_map                  	    148	00.160006	(00.001081 +- 00.000192)	[00.000771,00.001656]
07_imu_opt              	    148	00.184006	(00.001243 +- 00.000388)	[00.000001,00.003969]
08_publish              	    148	02.027007	(00.013696 +- 00.003054)	[00.010187,00.024065]
step                    	    151	04.243525	(00.028103 +- 00.006130)	[00.005205,00.049405]

INFO  Timings:
SM Timing
-----------
00_conversion_livox     	    153	01.873540	(00.012245 +- 00.002711)	[00.008464,00.021490]
01_filter               	    152	00.055666	(00.000366 +- 00.000058)	[00.000264,00.002432]
02_preint               	    150	00.005790	(00.000039 +- 00.000009)	[00.000025,00.000075]
02a_intensity_preprocess	    152	00.559750	(00.003683 +- 00.000809)	[00.002838,00.006728]
03_undistortion         	    150	00.145395	(00.000969 +- 00.000186)	[00.000715,00.003404]
04_sampling             	    149	00.104997	(00.000705 +- 00.000108)	[00.000412,00.001400]
04b_intensity_sampling  	    149	00.139789	(00.000938 +- 00.000218)	[00.000659,00.002206]
05_registration         	    149	00.845248	(00.005673 +- 00.001466)	[00.002670,00.013003]
06_map                  	    149	00.160920	(00.001080 +- 00.000192)	[00.000771,00.001656]
07_imu_opt              	    149	00.185530	(00.001245 +- 00.000388)	[00.000001,00.003969]
08_publish              	    149	02.038597	(00.013682 +- 00.003062)	[00.010187,00.024065]
step                    	    152	04.268074	(00.028079 +- 00.006142)	[00.005205,00.049405]

INFO  Timings:
SM Timing
-----------
00_conversion_livox     	    154	01.884634	(00.012238 +- 00.002713)	[00.008464,00.021490]
01_filter               	    153	00.055972	(00.000366 +- 00.000058)	[00.000264,00.002432]
02_preint               	    151	00.005824	(00.000039 +- 00.000009)	[00.000025,00.000075]
02a_intensity_preprocess	    153	00.562996	(00.003680 +- 00.000811)	[00.002838,00.006728]
03_undistortion         	    151	00.146104	(00.000968 +- 00.000188)	[00.000709,00.003404]
04_sampling             	    150	00.105541	(00.000704 +- 00.000108)	[00.000412,00.001400]
04b_intensity_sampling  	    150	00.140620	(00.000937 +- 00.000217)	[00.000659,00.002206]
05_registration         	    150	00.848670	(00.005658 +- 00.001473)	[00.002670,00.013003]
06_map                  	    150	00.161888	(00.001079 +- 00.000191)	[00.000771,00.001656]
07_imu_opt              	    150	00.186925	(00.001246 +- 00.000389)	[00.000001,00.003969]
08_publish              	    150	02.050118	(00.013667 +- 00.003073)	[00.010187,00.024065]
step                    	    153	04.291116	(00.028047 +- 00.006171)	[00.005205,00.049405]

INFO  Timings:
SM Timing
-----------
00_conversion_livox     	    155	01.895661	(00.012230 +- 00.002715)	[00.008464,00.021490]
01_filter               	    154	00.056293	(00.000366 +- 00.000058)	[00.000264,00.002432]
02_preint               	    152	00.005859	(00.000039 +- 00.000009)	[00.000025,00.000075]
02a_intensity_preprocess	    154	00.566085	(00.003676 +- 00.000813)	[00.002838,00.006728]
03_undistortion         	    152	00.146987	(00.000967 +- 00.000188)	[00.000709,00.003404]
04_sampling             	    151	00.106133	(00.000703 +- 00.000108)	[00.000412,00.001400]
04b_intensity_sampling  	    151	00.141453	(00.000937 +- 00.000218)	[00.000659,00.002206]
05_registration         	    151	00.852336	(00.005645 +- 00.001480)	[00.002670,00.013003]
06_map                  	    151	00.162845	(00.001078 +- 00.000191)	[00.000771,00.001656]
07_imu_opt              	    151	00.188224	(00.001247 +- 00.000390)	[00.000001,00.003969]
08_publish              	    151	02.061378	(00.013652 +- 00.003086)	[00.010187,00.024065]
step                    	    154	04.314113	(00.028014 +- 00.006198)	[00.005205,00.049405]

INFO  Timings:
SM Timing
-----------
00_conversion_livox     	    156	01.906514	(00.012221 +- 00.002719)	[00.008464,00.021490]
01_filter               	    155	00.056576	(00.000365 +- 00.000059)	[00.000264,00.002432]
02_preint               	    153	00.005896	(00.000039 +- 00.000009)	[00.000025,00.000075]
02a_intensity_preprocess	    155	00.569153	(00.003672 +- 00.000816)	[00.002838,00.006728]
03_undistortion         	    153	00.147742	(00.000966 +- 00.000190)	[00.000709,00.003404]
04_sampling             	    152	00.106675	(00.000702 +- 00.000108)	[00.000412,00.001400]
04b_intensity_sampling  	    152	00.142170	(00.000935 +- 00.000220)	[00.000659,00.002206]
05_registration         	    152	00.856451	(00.005635 +- 00.001479)	[00.002670,00.013003]
06_map                  	    152	00.163720	(00.001077 +- 00.000186)	[00.000771,00.001656]
07_imu_opt              	    152	00.189589	(00.001247 +- 00.000390)	[00.000001,00.003969]
08_publish              	    152	02.072484	(00.013635 +- 00.003100)	[00.010187,00.024065]
step                    	    155	04.337050	(00.027981 +- 00.006221)	[00.005205,00.049405]

INFO  Timings:
SM Timing
-----------
00_conversion_livox     	    156	01.906514	(00.012221 +- 00.002719)	[00.008464,00.021490]
01_filter               	    156	00.056894	(00.000365 +- 00.000059)	[00.000264,00.002432]
02_preint               	    154	00.005932	(00.000039 +- 00.000009)	[00.000025,00.000075]
02a_intensity_preprocess	    156	00.572298	(00.003669 +- 00.000817)	[00.002838,00.006728]
03_undistortion         	    154	00.148664	(00.000965 +- 00.000190)	[00.000709,00.003404]
04_sampling             	    153	00.107258	(00.000701 +- 00.000108)	[00.000412,00.001400]
04b_intensity_sampling  	    153	00.143175	(00.000936 +- 00.000220)	[00.000659,00.002206]
05_registration         	    153	00.859544	(00.005618 +- 00.001498)	[00.002670,00.013003]
06_map                  	    153	00.164704	(00.001076 +- 00.000185)	[00.000771,00.001656]
07_imu_opt              	    153	00.190988	(00.001248 +- 00.000390)	[00.000001,00.003969]
08_publish              	    153	02.083643	(00.013619 +- 00.003112)	[00.010187,00.024065]
step                    	    156	04.359769	(00.027947 +- 00.006251)	[00.005205,00.049405]

INFO  Timings:
SM Timing
-----------
00_conversion_livox     	    158	01.927698	(00.012201 +- 00.002728)	[00.008464,00.021490]
01_filter               	    157	00.057189	(00.000364 +- 00.000060)	[00.000264,00.002432]
02_preint               	    155	00.005969	(00.000039 +- 00.000009)	[00.000025,00.000075]
02a_intensity_preprocess	    157	00.575273	(00.003664 +- 00.000821)	[00.002838,00.006728]
03_undistortion         	    155	00.149424	(00.000964 +- 00.000190)	[00.000709,00.003404]
04_sampling             	    154	00.107723	(00.000700 +- 00.000109)	[00.000412,00.001400]
04b_intensity_sampling  	    154	00.143967	(00.000935 +- 00.000220)	[00.000659,00.002206]
05_registration         	    154	00.863728	(00.005609 +- 00.001493)	[00.002670,00.013003]
06_map                  	    154	00.165599	(00.001075 +- 00.000186)	[00.000771,00.001656]
07_imu_opt              	    154	00.193297	(00.001255 +- 00.000404)	[00.000001,00.003969]
08_publish              	    154	02.094419	(00.013600 +- 00.003114)	[00.010187,00.024065]
step                    	    157	04.383334	(00.027919 +- 00.006242)	[00.005205,00.049405]

INFO  Timings:
SM Timing
-----------
00_conversion_livox     	    159	01.938340	(00.012191 +- 00.002672)	[00.008464,00.021490]
01_filter               	    158	00.057473	(00.000364 +- 00.000060)	[00.000264,00.002432]
02_preint               	    156	00.006004	(00.000038 +- 00.000008)	[00.000025,00.000075]
02a_intensity_preprocess	    158	00.578294	(00.003660 +- 00.000804)	[00.002838,00.006728]
03_undistortion         	    156	00.150162	(00.000963 +- 00.000191)	[00.000709,00.003404]
04_sampling             	    155	00.108177	(00.000698 +- 00.000110)	[00.000412,00.001400]
04b_intensity_sampling  	    155	00.144781	(00.000934 +- 00.000213)	[00.000659,00.002206]
05_registration         	    155	00.866692	(00.005592 +- 00.001447)	[00.002670,00.013003]
06_map                  	    155	00.166623	(00.001075 +- 00.000171)	[00.000771,00.001656]
07_imu_opt              	    155	00.194647	(00.001256 +- 00.000371)	[00.000001,00.003969]
08_publish              	    155	02.105212	(00.013582 +- 00.002939)	[00.010187,00.024065]
step                    	    158	04.404884	(00.027879 +- 00.005941)	[00.005205,00.049405]

INFO  Timings:
SM Timing
-----------
00_conversion_livox     	    160	01.949142	(00.012182 +- 00.002281)	[00.008464,00.021490]
01_filter               	    159	00.057806	(00.000364 +- 00.000057)	[00.000264,00.002432]
02_preint               	    157	00.006041	(00.000038 +- 00.000006)	[00.000025,00.000075]
02a_intensity_preprocess	    159	00.581313	(00.003656 +- 00.000660)	[00.002838,00.006728]
03_undistortion         	    157	00.150936	(00.000961 +- 00.000187)	[00.000709,00.003404]
04_sampling             	    156	00.108662	(00.000697 +- 00.000090)	[00.000412,00.001400]
04b_intensity_sampling  	    156	00.145420	(00.000932 +- 00.000202)	[00.000639,00.002206]
05_registration         	    156	00.869080	(00.005571 +- 00.001265)	[00.002388,00.013003]
06_map                  	    156	00.167428	(00.001073 +- 00.000143)	[00.000771,00.001656]
07_imu_opt              	    156	00.195924	(00.001256 +- 00.000348)	[00.000001,00.003969]
08_publish              	    156	02.115312	(00.013560 +- 00.002492)	[00.010100,00.024065]
step                    	    159	04.424807	(00.027829 +- 00.005029)	[00.005205,00.049405]

INFO  Timings:
SM Timing
-----------
00_conversion_livox     	    161	01.959052	(00.012168 +- 00.001910)	[00.008464,00.021490]
01_filter               	    160	00.058113	(00.000363 +- 00.000055)	[00.000264,00.002432]
02_preint               	    158	00.006067	(00.000038 +- 00.000006)	[00.000025,00.000075]
02a_intensity_preprocess	    160	00.584116	(00.003651 +- 00.000584)	[00.002803,00.006728]
03_undistortion         	    158	00.151687	(00.000960 +- 00.000182)	[00.000709,00.003404]
04_sampling             	    157	00.109245	(00.000696 +- 00.000086)	[00.000412,00.001400]
04b_intensity_sampling  	    157	00.146126	(00.000931 +- 00.000188)	[00.000639,00.002206]
05_registration         	    157	00.871690	(00.005552 +- 00.001174)	[00.002388,00.013003]
06_map                  	    157	00.168337	(00.001072 +- 00.000124)	[00.000771,00.001656]
07_imu_opt              	    157	00.197318	(00.001257 +- 00.000331)	[00.000001,00.003969]
08_publish              	    157	02.125351	(00.013537 +- 00.002145)	[00.010039,00.024065]
step                    	    160	04.445006	(00.027781 +- 00.004412)	[00.005205,00.049405]

INFO  Timings:
SM Timing
-----------
00_conversion_livox     	    162	01.968930	(00.012154 +- 00.001580)	[00.008464,00.021490]
01_filter               	    161	00.058404	(00.000363 +- 00.000047)	[00.000264,00.002432]
02_preint               	    159	00.006093	(00.000038 +- 00.000005)	[00.000025,00.000075]
02a_intensity_preprocess	    161	00.586919	(00.003645 +- 00.000440)	[00.002803,00.006728]
03_undistortion         	    159	00.152419	(00.000959 +- 00.000157)	[00.000709,00.003404]
04_sampling             	    158	00.109749	(00.000695 +- 00.000084)	[00.000412,00.001400]
04b_intensity_sampling  	    158	00.146966	(00.000930 +- 00.000142)	[00.000639,00.002206]
05_registration         	    158	00.875715	(00.005542 +- 00.001101)	[00.002388,00.013003]
06_map                  	    158	00.169122	(00.001070 +- 00.000105)	[00.000771,00.001656]
07_imu_opt              	    158	00.198589	(00.001257 +- 00.000306)	[00.000001,00.003969]
08_publish              	    158	02.135721	(00.013517 +- 00.001771)	[00.010039,00.024065]
step                    	    161	04.466918	(00.027745 +- 00.003654)	[00.005205,00.049405]

INFO  Timings:
SM Timing
-----------
00_conversion_livox     	    163	01.979587	(00.012145 +- 00.001236)	[00.008464,00.021490]
01_filter               	    162	00.058707	(00.000362 +- 00.000044)	[00.000264,00.002432]
02_preint               	    160	00.006123	(00.000038 +- 00.000005)	[00.000025,00.000075]
02a_intensity_preprocess	    162	00.589826	(00.003641 +- 00.000336)	[00.002803,00.006728]
03_undistortion         	    160	00.153211	(00.000958 +- 00.000155)	[00.000709,00.003404]
04_sampling             	    159	00.110225	(00.000693 +- 00.000080)	[00.000412,00.001400]
04b_intensity_sampling  	    159	00.147880	(00.000930 +- 00.000131)	[00.000639,00.002206]
05_registration         	    159	00.878589	(00.005526 +- 00.000890)	[00.002388,00.013003]
06_map                  	    159	00.170000	(00.001069 +- 00.000085)	[00.000771,00.001656]
07_imu_opt              	    159	00.200044	(00.001258 +- 00.000274)	[00.000001,00.003969]
08_publish              	    159	02.145826	(00.013496 +- 00.001219)	[00.010039,00.024065]
step                    	    162	04.487712	(00.027702 +- 00.002606)	[00.005205,00.049405]

INFO  Timings:
SM Timing
-----------
00_conversion_livox     	    164	01.989900	(00.012134 +- 00.000693)	[00.008464,00.021490]
01_filter               	    163	00.058998	(00.000362 +- 00.000036)	[00.000264,00.002432]
02_preint               	    161	00.006151	(00.000038 +- 00.000005)	[00.000025,00.000075]
02a_intensity_preprocess	    163	00.592706	(00.003636 +- 00.000234)	[00.002803,00.006728]
03_undistortion         	    161	00.153961	(00.000956 +- 00.000144)	[00.000709,00.003404]
04_sampling             	    160	00.110740	(00.000692 +- 00.000073)	[00.000412,00.001400]
04b_intensity_sampling  	    160	00.148573	(00.000929 +- 00.000119)	[00.000639,00.002206]
05_registration         	    160	00.881159	(00.005507 +- 00.000886)	[00.002388,00.013003]
06_map                  	    160	00.170835	(00.001068 +- 00.000080)	[00.000771,00.001656]
07_imu_opt              	    160	00.201562	(00.001260 +- 00.000269)	[00.000001,00.003969]
08_publish              	    160	02.156374	(00.013477 +- 00.001017)	[00.010039,00.024065]
step                    	    163	04.508415	(00.027659 +- 00.002220)	[00.005205,00.049405]

INFO  Timings:
SM Timing
-----------
00_conversion_livox     	    165	02.000664	(00.012125 +- 00.000499)	[00.008464,00.021490]
01_filter               	    164	00.059274	(00.000361 +- 00.000033)	[00.000264,00.002432]
02_preint               	    162	00.006187	(00.000038 +- 00.000005)	[00.000025,00.000075]
02a_intensity_preprocess	    164	00.595708	(00.003632 +- 00.000212)	[00.002803,00.006728]
03_undistortion         	    162	00.154715	(00.000955 +- 00.000143)	[00.000709,00.003404]
04_sampling             	    161	00.111230	(00.000691 +- 00.000073)	[00.000412,00.001400]
04b_intensity_sampling  	    161	00.149331	(00.000928 +- 00.000119)	[00.000639,00.002206]
05_registration         	    161	00.884262	(00.005492 +- 00.000888)	[00.002388,00.013003]
06_map                  	    161	00.171746	(00.001067 +- 00.000079)	[00.000771,00.001656]
07_imu_opt              	    161	00.202970	(00.001261 +- 00.000269)	[00.000001,00.003969]
08_publish              	    161	02.166903	(00.013459 +- 00.000969)	[00.010039,00.024065]
step                    	    164	04.529762	(00.027620 +- 00.002146)	[00.005205,00.049405]

INFO  Timings:
SM Timing
-----------
00_conversion_livox     	    166	02.010984	(00.012114 +- 00.000353)	[00.008464,00.021490]
01_filter               	    165	00.059566	(00.000361 +- 00.000033)	[00.000264,00.002432]
02_preint               	    163	00.006214	(00.000038 +- 00.000005)	[00.000025,00.000075]
02a_intensity_preprocess	    165	00.598564	(00.003628 +- 00.000211)	[00.002803,00.006728]
03_undistortion         	    163	00.155500	(00.000954 +- 00.000137)	[00.000709,00.003404]
04_sampling             	    162	00.111700	(00.000690 +- 00.000074)	[00.000412,00.001400]
04b_intensity_sampling  	    162	00.149999	(00.000926 +- 00.000121)	[00.000639,00.002206]
05_registration         	    162	00.887138	(00.005476 +- 00.000902)	[00.002388,00.013003]
06_map                  	    162	00.172515	(00.001065 +- 00.000080)	[00.000769,00.001656]
07_imu_opt              	    162	00.204272	(00.001261 +- 00.000269)	[00.000001,00.003969]
08_publish              	    162	02.176681	(00.013436 +- 00.000997)	[00.009777,00.024065]
step                    	    165	04.549657	(00.027574 +- 00.002200)	[00.005205,00.049405]

INFO  Timings:
SM Timing
-----------
00_conversion_livox     	    167	02.020809	(00.012101 +- 00.000349)	[00.008464,00.021490]
01_filter               	    166	00.059837	(00.000360 +- 00.000034)	[00.000264,00.002432]
02_preint               	    164	00.006252	(00.000038 +- 00.000005)	[00.000025,00.000075]
02a_intensity_preprocess	    166	00.601418	(00.003623 +- 00.000215)	[00.002803,00.006728]
03_undistortion         	    164	00.156226	(00.000953 +- 00.000138)	[00.000709,00.003404]
04_sampling             	    163	00.112236	(00.000689 +- 00.000074)	[00.000412,00.001400]
04b_intensity_sampling  	    163	00.150715	(00.000925 +- 00.000121)	[00.000639,00.002206]
05_registration         	    163	00.890474	(00.005463 +- 00.000862)	[00.002388,00.013003]
06_map                  	    163	00.173493	(00.001064 +- 00.000080)	[00.000769,00.001656]
07_imu_opt              	    163	00.205577	(00.001261 +- 00.000269)	[00.000001,00.003969]
08_publish              	    163	02.186965	(00.013417 +- 00.001013)	[00.009777,00.024065]
step                    	    166	04.570772	(00.027535 +- 00.002202)	[00.005205,00.049405]

INFO  Timings:
SM Timing
-----------
00_conversion_livox     	    168	02.031169	(00.012090 +- 00.000329)	[00.008464,00.021490]
01_filter               	    167	00.060132	(00.000360 +- 00.000035)	[00.000264,00.002432]
02_preint               	    165	00.006290	(00.000038 +- 00.000005)	[00.000025,00.000075]
02a_intensity_preprocess	    167	00.604269	(00.003618 +- 00.000219)	[00.002803,00.006728]
03_undistortion         	    165	00.157238	(00.000953 +- 00.000140)	[00.000709,00.003404]
04_sampling             	    164	00.112777	(00.000688 +- 00.000074)	[00.000412,00.001400]
04b_intensity_sampling  	    164	00.151482	(00.000924 +- 00.000121)	[00.000639,00.002206]
05_registration         	    164	00.893445	(00.005448 +- 00.000863)	[00.002388,00.013003]
06_map                  	    164	00.174273	(00.001063 +- 00.000082)	[00.000769,00.001656]
07_imu_opt              	    164	00.206952	(00.001262 +- 00.000267)	[00.000001,00.003969]
08_publish              	    164	02.197189	(00.013397 +- 00.001032)	[00.009777,00.024065]
step                    	    167	04.591682	(00.027495 +- 00.002239)	[00.005205,00.049405]

INFO  Timings:
SM Timing
-----------
00_conversion_livox     	    169	02.041453	(00.012080 +- 00.000328)	[00.008464,00.021490]
01_filter               	    168	00.060429	(00.000360 +- 00.000035)	[00.000264,00.002432]
02_preint               	    166	00.006331	(00.000038 +- 00.000005)	[00.000025,00.000075]
02a_intensity_preprocess	    168	00.607455	(00.003616 +- 00.000218)	[00.002803,00.006728]
03_undistortion         	    166	00.157931	(00.000951 +- 00.000141)	[00.000692,00.003404]
04_sampling             	    165	00.113217	(00.000686 +- 00.000075)	[00.000412,00.001400]
04b_intensity_sampling  	    165	00.152147	(00.000922 +- 00.000122)	[00.000639,00.002206]
05_registration         	    165	00.895775	(00.005429 +- 00.000895)	[00.002331,00.013003]
06_map                  	    165	00.175180	(00.001062 +- 00.000080)	[00.000769,00.001656]
07_imu_opt              	    165	00.208208	(00.001262 +- 00.000266)	[00.000001,00.003969]
08_publish              	    165	02.206853	(00.013375 +- 00.001066)	[00.009663,00.024065]
step                    	    168	04.611231	(00.027448 +- 00.002313)	[00.005205,00.049405]

INFO  Timings:
SM Timing
-----------
00_conversion_livox     	    170	02.051754	(00.012069 +- 00.000327)	[00.008464,00.021490]
01_filter               	    169	00.060708	(00.000359 +- 00.000035)	[00.000264,00.002432]
02_preint               	    167	00.006360	(00.000038 +- 00.000005)	[00.000025,00.000075]
02a_intensity_preprocess	    169	00.610043	(00.003610 +- 00.000231)	[00.002588,00.006728]
03_undistortion         	    167	00.158758	(00.000951 +- 00.000141)	[00.000692,00.003404]
04_sampling             	    166	00.113663	(00.000685 +- 00.000076)	[00.000412,00.001400]
04b_intensity_sampling  	    166	00.152877	(00.000921 +- 00.000123)	[00.000639,00.002206]
05_registration         	    166	00.898759	(00.005414 +- 00.000907)	[00.002331,00.013003]
06_map                  	    166	00.176001	(00.001060 +- 00.000081)	[00.000769,00.001656]
07_imu_opt              	    166	00.209416	(00.001262 +- 00.000265)	[00.000001,00.003969]
08_publish              	    166	02.216293	(00.013351 +- 00.001099)	[00.009440,00.024065]
step                    	    169	04.630664	(00.027400 +- 00.002381)	[00.005205,00.049405]

INFO  Timings:
SM Timing
-----------
00_conversion_livox     	    171	02.061754	(00.012057 +- 00.000335)	[00.008464,00.021490]
01_filter               	    170	00.061025	(00.000359 +- 00.000035)	[00.000264,00.002432]
02_preint               	    168	00.006397	(00.000038 +- 00.000004)	[00.000025,00.000075]
02a_intensity_preprocess	    170	00.612584	(00.003603 +- 00.000243)	[00.002541,00.006728]
03_undistortion         	    168	00.159472	(00.000949 +- 00.000130)	[00.000692,00.003404]
04_sampling             	    167	00.114107	(00.000683 +- 00.000078)	[00.000412,00.001400]
04b_intensity_sampling  	    167	00.153611	(00.000920 +- 00.000123)	[00.000639,00.002206]
05_registration         	    167	00.901153	(00.005396 +- 00.000908)	[00.002331,00.013003]
06_map                  	    167	00.176773	(00.001059 +- 00.000081)	[00.000769,00.001656]
07_imu_opt              	    167	00.210653	(00.001261 +- 00.000265)	[00.000001,00.003969]
08_publish              	    167	02.225408	(00.013326 +- 00.001146)	[00.009115,00.024065]
step                    	    170	04.649030	(00.027347 +- 00.002494)	[00.005205,00.049405]

INFO  Timings:
SM Timing
-----------
00_conversion_livox     	    172	02.071558	(00.012044 +- 00.000351)	[00.008464,00.021490]
01_filter               	    171	00.061336	(00.000359 +- 00.000035)	[00.000264,00.002432]
02_preint               	    169	00.006426	(00.000038 +- 00.000004)	[00.000025,00.000075]
02a_intensity_preprocess	    171	00.615196	(00.003598 +- 00.000253)	[00.002541,00.006728]
03_undistortion         	    169	00.160222	(00.000948 +- 00.000130)	[00.000692,00.003404]
04_sampling             	    168	00.114562	(00.000682 +- 00.000079)	[00.000412,00.001400]
04b_intensity_sampling  	    168	00.154468	(00.000919 +- 00.000122)	[00.000639,00.002206]
05_registration         	    168	00.903895	(00.005380 +- 00.000917)	[00.002331,00.013003]
06_map                  	    168	00.177651	(00.001057 +- 00.000079)	[00.000769,00.001656]
07_imu_opt              	    168	00.211901	(00.001261 +- 00.000264)	[00.000001,00.003969]
08_publish              	    168	02.235195	(00.013305 +- 00.001164)	[00.009115,00.024065]
step                    	    171	04.668770	(00.027303 +- 00.002548)	[00.005205,00.049405]

INFO  Timings:
SM Timing
-----------
00_conversion_livox     	    173	02.082216	(00.012036 +- 00.000351)	[00.008464,00.021490]
01_filter               	    172	00.061645	(00.000358 +- 00.000035)	[00.000264,00.002432]
02_preint               	    170	00.006467	(00.000038 +- 00.000005)	[00.000025,00.000075]
02a_intensity_preprocess	    172	00.618041	(00.003593 +- 00.000255)	[00.002541,00.006728]
03_undistortion         	    170	00.161010	(00.000947 +- 00.000129)	[00.000692,00.003404]
04_sampling             	    169	00.115071	(00.000681 +- 00.000078)	[00.000412,00.001400]
04b_intensity_sampling  	    169	00.155373	(00.000919 +- 00.000120)	[00.000639,00.002206]
05_registration         	    169	00.906461	(00.005364 +- 00.000920)	[00.002331,00.013003]
06_map                  	    169	00.178442	(00.001056 +- 00.000080)	[00.000769,00.001656]
07_imu_opt              	    169	00.213305	(00.001262 +- 00.000261)	[00.000001,00.003969]
08_publish              	    169	02.245269	(00.013286 +- 00.001177)	[00.009115,00.024065]
step                    	    172	04.689067	(00.027262 +- 00.002556)	[00.005205,00.049405]

INFO  Timings:
SM Timing
-----------
00_conversion_livox     	    174	02.093231	(00.012030 +- 00.000354)	[00.008464,00.021490]
01_filter               	    173	00.061971	(00.000358 +- 00.000035)	[00.000264,00.002432]
02_preint               	    171	00.006498	(00.000038 +- 00.000004)	[00.000025,00.000075]
02a_intensity_preprocess	    173	00.620899	(00.003589 +- 00.000256)	[00.002541,00.006728]
03_undistortion         	    171	00.161806	(00.000946 +- 00.000129)	[00.000692,00.003404]
04_sampling             	    170	00.115571	(00.000680 +- 00.000079)	[00.000412,00.001400]
04b_intensity_sampling  	    170	00.156101	(00.000918 +- 00.000120)	[00.000639,00.002206]
05_registration         	    170	00.909167	(00.005348 +- 00.000923)	[00.002331,00.013003]
06_map                  	    170	00.179420	(00.001055 +- 00.000081)	[00.000769,00.001656]
07_imu_opt              	    170	00.214696	(00.001263 +- 00.000258)	[00.000001,00.003969]
08_publish              	    170	02.255261	(00.013266 +- 00.001181)	[00.009115,00.024065]
step                    	    173	04.709447	(00.027222 +- 00.002557)	[00.005205,00.049405]

INFO  Timings:
SM Timing
-----------
00_conversion_livox     	    175	02.104084	(00.012023 +- 00.000351)	[00.008464,00.021490]
01_filter               	    174	00.062294	(00.000358 +- 00.000035)	[00.000264,00.002432]
02_preint               	    172	00.006534	(00.000038 +- 00.000004)	[00.000025,00.000075]
02a_intensity_preprocess	    174	00.623808	(00.003585 +- 00.000255)	[00.002541,00.006728]
03_undistortion         	    172	00.162594	(00.000945 +- 00.000128)	[00.000692,00.003404]
04_sampling             	    171	00.116186	(00.000679 +- 00.000078)	[00.000412,00.001400]
04b_intensity_sampling  	    171	00.157833	(00.000923 +- 00.000172)	[00.000639,00.002206]
05_registration         	    171	00.912278	(00.005335 +- 00.000928)	[00.002331,00.013003]
06_map                  	    171	00.180375	(00.001055 +- 00.000081)	[00.000769,00.001656]
07_imu_opt              	    171	00.216105	(00.001264 +- 00.000254)	[00.000001,00.003969]
08_publish              	    171	02.265562	(00.013249 +- 00.001183)	[00.009115,00.024065]
step                    	    174	04.731722	(00.027194 +- 00.002543)	[00.005205,00.049405]

INFO  Timings:
SM Timing
-----------
00_conversion_livox     	    176	02.115481	(00.012020 +- 00.000364)	[00.008464,00.021490]
01_filter               	    175	00.062604	(00.000358 +- 00.000035)	[00.000264,00.002432]
02_preint               	    173	00.006579	(00.000038 +- 00.000004)	[00.000025,00.000075]
02a_intensity_preprocess	    175	00.626814	(00.003582 +- 00.000253)	[00.002541,00.006728]
03_undistortion         	    173	00.163339	(00.000944 +- 00.000128)	[00.000692,00.003404]
04_sampling             	    172	00.116821	(00.000679 +- 00.000079)	[00.000412,00.001400]
04b_intensity_sampling  	    172	00.158728	(00.000923 +- 00.000171)	[00.000639,00.002206]
05_registration         	    172	00.915548	(00.005323 +- 00.000930)	[00.002331,00.013003]
06_map                  	    172	00.181355	(00.001054 +- 00.000081)	[00.000769,00.001656]
07_imu_opt              	    172	00.217573	(00.001265 +- 00.000253)	[00.000001,00.003969]
08_publish              	    172	02.275894	(00.013232 +- 00.001192)	[00.009115,00.024065]
step                    	    175	04.753494	(00.027163 +- 00.002553)	[00.005205,00.049405]

INFO  Timings:
SM Timing
-----------
00_conversion_livox     	    177	02.131268	(00.012041 +- 00.000810)	[00.008464,00.021490]
01_filter               	    176	00.062905	(00.000357 +- 00.000035)	[00.000264,00.002432]
02_preint               	    174	00.006622	(00.000038 +- 00.000005)	[00.000025,00.000075]
02a_intensity_preprocess	    176	00.629628	(00.003577 +- 00.000256)	[00.002541,00.006728]
03_undistortion         	    174	00.164012	(00.000943 +- 00.000130)	[00.000673,00.003404]
04_sampling             	    173	00.117382	(00.000679 +- 00.000079)	[00.000412,00.001400]
04b_intensity_sampling  	    173	00.159555	(00.000922 +- 00.000168)	[00.000639,00.002206]
05_registration         	    173	00.917999	(00.005306 +- 00.000948)	[00.002331,00.013003]
06_map                  	    173	00.182296	(00.001054 +- 00.000079)	[00.000769,00.001656]
07_imu_opt              	    173	00.218941	(00.001266 +- 00.000253)	[00.000001,00.003969]
08_publish              	    173	02.286098	(00.013214 +- 00.001205)	[00.009115,00.024065]
step                    	    176	04.773760	(00.027124 +- 00.002591)	[00.005205,00.049405]

INFO  Timings:
SM Timing
-----------
00_conversion_livox     	    178	02.142413	(00.012036 +- 00.000809)	[00.008464,00.021490]
01_filter               	    177	00.063245	(00.000357 +- 00.000033)	[00.000264,00.002432]
02_preint               	    175	00.006664	(00.000038 +- 00.000005)	[00.000025,00.000075]
02a_intensity_preprocess	    177	00.632501	(00.003573 +- 00.000259)	[00.002541,00.006728]
03_undistortion         	    175	00.164747	(00.000941 +- 00.000131)	[00.000673,00.003404]
04_sampling             	    174	00.117888	(00.000678 +- 00.000079)	[00.000412,00.001400]
04b_intensity_sampling  	    174	00.160347	(00.000922 +- 00.000169)	[00.000639,00.002206]
05_registration         	    174	00.920422	(00.005290 +- 00.000966)	[00.002331,00.013003]
06_map                  	    174	00.183244	(00.001053 +- 00.000078)	[00.000769,00.001656]
07_imu_opt              	    174	00.220379	(00.001267 +- 00.000252)	[00.000001,00.003969]
08_publish              	    174	02.296840	(00.013200 +- 00.001206)	[00.009115,00.024065]
step                    	    177	04.794665	(00.027089 +- 00.002613)	[00.005205,00.049405]

INFO  Timings:
SM Timing
-----------
00_conversion_livox     	    179	02.154083	(00.012034 +- 00.000818)	[00.008464,00.021490]
01_filter               	    178	00.063560	(00.000357 +- 00.000033)	[00.000264,00.002432]
02_preint               	    176	00.006701	(00.000038 +- 00.000004)	[00.000025,00.000075]
02a_intensity_preprocess	    178	00.635424	(00.003570 +- 00.000260)	[00.002541,00.006728]
03_undistortion         	    176	00.165478	(00.000940 +- 00.000132)	[00.000673,00.003404]
04_sampling             	    175	00.118335	(00.000676 +- 00.000080)	[00.000412,00.001400]
04b_intensity_sampling  	    175	00.161090	(00.000921 +- 00.000170)	[00.000639,00.002206]
05_registration         	    175	00.923061	(00.005275 +- 00.000976)	[00.002331,00.013003]
06_map                  	    175	00.183972	(00.001051 +- 00.000082)	[00.000728,00.001656]
07_imu_opt              	    175	00.221713	(00.001267 +- 00.000251)	[00.000001,00.003969]
08_publish              	    175	02.307629	(00.013186 +- 00.001195)	[00.009115,00.024065]
step                    	    178	04.815424	(00.027053 +- 00.002628)	[00.005205,00.049405]

INFO  Timings:
SM Timing
-----------
00_conversion_livox     	    180	02.165291	(00.012029 +- 00.000820)	[00.008464,00.021490]
01_filter               	    179	00.063834	(00.000357 +- 00.000034)	[00.000264,00.002432]
02_preint               	    177	00.006744	(00.000038 +- 00.000005)	[00.000025,00.000075]
02a_intensity_preprocess	    179	00.638418	(00.003567 +- 00.000258)	[00.002541,00.006728]
03_undistortion         	    177	00.166201	(00.000939 +- 00.000132)	[00.000673,00.003404]
04_sampling             	    176	00.118866	(00.000675 +- 00.000076)	[00.000412,00.001400]
04b_intensity_sampling  	    176	00.161880	(00.000920 +- 00.000169)	[00.000639,00.002206]
05_registration         	    176	00.925546	(00.005259 +- 00.000991)	[00.002331,00.013003]
06_map                  	    176	00.184841	(00.001050 +- 00.000082)	[00.000728,00.001656]
07_imu_opt              	    176	00.223046	(00.001267 +- 00.000251)	[00.000001,00.003969]
08_publish              	    176	02.318510	(00.013173 +- 00.001173)	[00.009115,00.024065]
step                    	    179	04.836438	(00.027019 +- 00.002630)	[00.005205,00.049405]

INFO  Timings:
SM Timing
-----------
00_conversion_livox     	    181	02.176597	(00.012025 +- 00.000823)	[00.008464,00.021490]
01_filter               	    180	00.064135	(00.000356 +- 00.000033)	[00.000264,00.002432]
02_preint               	    178	00.006785	(00.000038 +- 00.000005)	[00.000025,00.000075]
02a_intensity_preprocess	    180	00.641370	(00.003563 +- 00.000257)	[00.002541,00.006728]
03_undistortion         	    178	00.166905	(00.000938 +- 00.000133)	[00.000673,00.003404]
04_sampling             	    177	00.119400	(00.000675 +- 00.000072)	[00.000412,00.001400]
04b_intensity_sampling  	    177	00.162670	(00.000919 +- 00.000170)	[00.000639,00.002206]
05_registration         	    177	00.929833	(00.005253 +- 00.000988)	[00.002331,00.013003]
06_map                  	    177	00.185883	(00.001050 +- 00.000083)	[00.000728,00.001656]
07_imu_opt              	    177	00.224975	(00.001271 +- 00.000260)	[00.000001,00.003969]
08_publish              	    177	02.330884	(00.013169 +- 00.001167)	[00.009115,00.024065]
step                    	    180	04.861474	(00.027008 +- 00.002620)	[00.005205,00.049405]

INFO  Timings:
SM Timing
-----------
00_conversion_livox     	    182	02.189091	(00.012028 +- 00.000857)	[00.008464,00.021490]
01_filter               	    181	00.064454	(00.000356 +- 00.000032)	[00.000264,00.002432]
02_preint               	    179	00.006840	(00.000038 +- 00.000005)	[00.000025,00.000075]
02a_intensity_preprocess	    181	00.645476	(00.003566 +- 00.000292)	[00.002541,00.006728]
03_undistortion         	    179	00.167721	(00.000937 +- 00.000133)	[00.000673,00.003404]
04_sampling             	    178	00.119937	(00.000674 +- 00.000072)	[00.000412,00.001400]
04b_intensity_sampling  	    178	00.163481	(00.000918 +- 00.000169)	[00.000639,00.002206]
05_registration         	    178	00.932413	(00.005238 +- 00.000988)	[00.002331,00.013003]
06_map                  	    178	00.186768	(00.001049 +- 00.000083)	[00.000728,00.001656]
07_imu_opt              	    178	00.226299	(00.001271 +- 00.000259)	[00.000001,00.003969]
08_publish              	    178	02.343052	(00.013163 +- 00.001153)	[00.009115,00.024065]
step                    	    181	04.885156	(00.026990 +- 00.002596)	[00.005205,00.049405]

INFO  Timings:
SM Timing
-----------
00_conversion_livox     	    183	02.199865	(00.012021 +- 00.000857)	[00.008464,00.021490]
01_filter               	    182	00.064756	(00.000356 +- 00.000032)	[00.000264,00.002432]
02_preint               	    180	00.006873	(00.000038 +- 00.000005)	[00.000025,00.000075]
02a_intensity_preprocess	    182	00.648390	(00.003563 +- 00.000291)	[00.002541,00.006728]
03_undistortion         	    180	00.168724	(00.000937 +- 00.000135)	[00.000673,00.003404]
04_sampling             	    179	00.120554	(00.000673 +- 00.000071)	[00.000412,00.001400]
04b_intensity_sampling  	    179	00.164394	(00.000918 +- 00.000169)	[00.000639,00.002206]
05_registration         	    179	00.935809	(00.005228 +- 00.000984)	[00.002331,00.013003]
06_map                  	    179	00.187717	(00.001049 +- 00.000082)	[00.000728,00.001656]
07_imu_opt              	    179	00.227586	(00.001271 +- 00.000259)	[00.000001,00.003969]
08_publish              	    179	02.353784	(00.013150 +- 00.001129)	[00.009115,00.024065]
step                    	    182	04.907361	(00.026964 +- 00.002574)	[00.005205,00.049405]

INFO  Timings:
SM Timing
-----------
00_conversion_livox     	    184	02.210526	(00.012014 +- 00.000857)	[00.008464,00.021490]
01_filter               	    183	00.065041	(00.000355 +- 00.000032)	[00.000264,00.002432]
02_preint               	    181	00.006912	(00.000038 +- 00.000005)	[00.000025,00.000075]
02a_intensity_preprocess	    183	00.651484	(00.003560 +- 00.000288)	[00.002541,00.006728]
03_undistortion         	    181	00.169428	(00.000936 +- 00.000136)	[00.000673,00.003404]
04_sampling             	    180	00.121078	(00.000673 +- 00.000070)	[00.000412,00.001400]
04b_intensity_sampling  	    180	00.165191	(00.000918 +- 00.000169)	[00.000639,00.002206]
05_registration         	    180	00.938539	(00.005214 +- 00.000968)	[00.002331,00.013003]
06_map                  	    180	00.188651	(00.001048 +- 00.000078)	[00.000728,00.001656]
07_imu_opt              	    180	00.228962	(00.001272 +- 00.000258)	[00.000001,00.003969]
08_publish              	    180	02.365142	(00.013140 +- 00.001099)	[00.009115,00.024065]
step                    	    183	04.929277	(00.026936 +- 00.002525)	[00.005205,00.049405]

INFO  Timings:
SM Timing
-----------
00_conversion_livox     	    185	02.221683	(00.012009 +- 00.000858)	[00.008464,00.021490]
01_filter               	    184	00.065346	(00.000355 +- 00.000031)	[00.000264,00.002432]
02_preint               	    182	00.006954	(00.000038 +- 00.000005)	[00.000025,00.000075]
02a_intensity_preprocess	    184	00.654724	(00.003558 +- 00.000283)	[00.002541,00.006728]
03_undistortion         	    182	00.170233	(00.000935 +- 00.000133)	[00.000673,00.003404]
04_sampling             	    181	00.121597	(00.000672 +- 00.000070)	[00.000412,00.001400]
04b_intensity_sampling  	    181	00.166115	(00.000918 +- 00.000169)	[00.000639,00.002206]
05_registration         	    181	00.942133	(00.005205 +- 00.000951)	[00.002331,00.013003]
06_map                  	    181	00.189585	(00.001047 +- 00.000077)	[00.000728,00.001656]
07_imu_opt              	    181	00.230373	(00.001273 +- 00.000258)	[00.000001,00.003969]
08_publish              	    181	02.376553	(00.013130 +- 00.001055)	[00.009115,00.024065]
step                    	    184	04.952553	(00.026916 +- 00.002451)	[00.005205,00.049405]

INFO  Timings:
SM Timing
-----------
00_conversion_livox     	    186	02.232444	(00.012002 +- 00.000857)	[00.008464,00.021490]
01_filter               	    185	00.065656	(00.000355 +- 00.000031)	[00.000264,00.002432]
02_preint               	    183	00.006987	(00.000038 +- 00.000005)	[00.000025,00.000075]
02a_intensity_preprocess	    185	00.657787	(00.003556 +- 00.000277)	[00.002541,00.006728]
03_undistortion         	    183	00.171065	(00.000935 +- 00.000133)	[00.000673,00.003404]
04_sampling             	    182	00.122183	(00.000671 +- 00.000069)	[00.000412,00.001400]
04b_intensity_sampling  	    182	00.166841	(00.000917 +- 00.000170)	[00.000639,00.002206]
05_registration         	    182	00.944998	(00.005192 +- 00.000917)	[00.002331,00.013003]
06_map                  	    182	00.190585	(00.001047 +- 00.000077)	[00.000728,00.001656]
07_imu_opt              	    182	00.231730	(00.001273 +- 00.000168)	[00.000001,00.003969]
08_publish              	    182	02.387545	(00.013118 +- 00.001027)	[00.009115,00.024065]
step                    	    185	04.974397	(00.026889 +- 00.002316)	[00.005205,00.049405]

INFO  Timings:
SM Timing
-----------
00_conversion_livox     	    187	02.243409	(00.011997 +- 00.000858)	[00.008464,00.021490]
01_filter               	    186	00.065996	(00.000355 +- 00.000031)	[00.000264,00.002432]
02_preint               	    184	00.007025	(00.000038 +- 00.000005)	[00.000025,00.000075]
02a_intensity_preprocess	    186	00.660957	(00.003554 +- 00.000272)	[00.002541,00.006728]
03_undistortion         	    184	00.171861	(00.000934 +- 00.000133)	[00.000673,00.003404]
04_sampling             	    183	00.122672	(00.000670 +- 00.000064)	[00.000412,00.001400]
04b_intensity_sampling  	    183	00.167720	(00.000917 +- 00.000169)	[00.000639,00.002206]
05_registration         	    183	00.948549	(00.005183 +- 00.000909)	[00.002331,00.013003]
06_map                  	    183	00.191404	(00.001046 +- 00.000078)	[00.000728,00.001656]
07_imu_opt              	    183	00.233085	(00.001274 +- 00.000168)	[00.000001,00.003969]
08_publish              	    183	02.398408	(00.013106 +- 00.000986)	[00.009115,00.024065]
step                    	    186	04.996775	(00.026864 +- 00.002263)	[00.005205,00.049405]

INFO  Timings:
SM Timing
-----------
00_conversion_livox     	    188	02.254517	(00.011992 +- 00.000859)	[00.008464,00.021490]
01_filter               	    187	00.066300	(00.000355 +- 00.000031)	[00.000264,00.002432]
02_preint               	    185	00.007064	(00.000038 +- 00.000005)	[00.000025,00.000075]
02a_intensity_preprocess	    187	00.664082	(00.003551 +- 00.000268)	[00.002541,00.006728]
03_undistortion         	    185	00.172754	(00.000934 +- 00.000133)	[00.000673,00.003404]
04_sampling             	    184	00.123234	(00.000670 +- 00.000063)	[00.000412,00.001400]
04b_intensity_sampling  	    184	00.168645	(00.000917 +- 00.000169)	[00.000639,00.002206]
05_registration         	    184	00.952290	(00.005175 +- 00.000813)	[00.002331,00.013003]
06_map                  	    184	00.192379	(00.001046 +- 00.000079)	[00.000728,00.001656]
07_imu_opt              	    184	00.234490	(00.001274 +- 00.000168)	[00.000001,00.003969]
08_publish              	    184	02.409501	(00.013095 +- 00.000950)	[00.009115,00.024065]
step                    	    187	05.019945	(00.026845 +- 00.002139)	[00.005205,00.049405]

INFO  Timings:
SM Timing
-----------
00_conversion_livox     	    189	02.265617	(00.011987 +- 00.000858)	[00.008464,00.021490]
01_filter               	    188	00.066610	(00.000354 +- 00.000030)	[00.000264,00.002432]
02_preint               	    186	00.007102	(00.000038 +- 00.000005)	[00.000025,00.000075]
02a_intensity_preprocess	    188	00.667258	(00.003549 +- 00.000264)	[00.002541,00.006728]
03_undistortion         	    186	00.173560	(00.000933 +- 00.000133)	[00.000673,00.003404]
04_sampling             	    185	00.123730	(00.000669 +- 00.000063)	[00.000412,00.001400]
04b_intensity_sampling  	    185	00.169440	(00.000916 +- 00.000168)	[00.000639,00.002206]
05_registration         	    185	00.956342	(00.005169 +- 00.000793)	[00.002331,00.013003]
06_map                  	    185	00.193268	(00.001045 +- 00.000078)	[00.000728,00.001656]
07_imu_opt              	    185	00.235921	(00.001275 +- 00.000168)	[00.000001,00.003969]
08_publish              	    185	02.421694	(00.013090 +- 00.000931)	[00.009115,00.024065]
step                    	    188	05.044212	(00.026831 +- 00.002084)	[00.005205,00.049405]

INFO  Timings:
SM Timing
-----------
00_conversion_livox     	    190	02.280831	(00.012004 +- 00.001055)	[00.008464,00.021490]
01_filter               	    189	00.066964	(00.000354 +- 00.000030)	[00.000264,00.002432]
02_preint               	    187	00.007143	(00.000038 +- 00.000005)	[00.000025,00.000075]
02a_intensity_preprocess	    189	00.670692	(00.003549 +- 00.000265)	[00.002541,00.006728]
03_undistortion         	    187	00.174376	(00.000932 +- 00.000133)	[00.000673,00.003404]
04_sampling             	    186	00.124255	(00.000668 +- 00.000062)	[00.000412,00.001400]
04b_intensity_sampling  	    186	00.170267	(00.000915 +- 00.000157)	[00.000639,00.002206]
05_registration         	    186	00.960888	(00.005166 +- 00.000775)	[00.002331,00.013003]
06_map                  	    186	00.194247	(00.001044 +- 00.000078)	[00.000728,00.001656]
07_imu_opt              	    186	00.237670	(00.001278 +- 00.000174)	[00.000001,00.003969]
08_publish              	    186	02.434307	(00.013088 +- 00.000933)	[00.009115,00.024065]
step                    	    189	05.070189	(00.026826 +- 00.002057)	[00.005205,00.049405]

INFO  Timings:
SM Timing
-----------
00_conversion_livox     	    191	02.293739	(00.012009 +- 00.001091)	[00.008464,00.021490]
01_filter               	    190	00.067270	(00.000354 +- 00.000027)	[00.000264,00.002432]
02_preint               	    188	00.007192	(00.000038 +- 00.000005)	[00.000025,00.000075]
02a_intensity_preprocess	    190	00.674062	(00.003548 +- 00.000266)	[00.002541,00.006728]
03_undistortion         	    188	00.175095	(00.000931 +- 00.000132)	[00.000673,00.003404]
04_sampling             	    187	00.124908	(00.000668 +- 00.000063)	[00.000412,00.001400]
04b_intensity_sampling  	    187	00.171854	(00.000919 +- 00.000188)	[00.000639,00.002206]
05_registration         	    187	00.964251	(00.005156 +- 00.000763)	[00.002331,00.013003]
06_map                  	    187	00.195223	(00.001044 +- 00.000078)	[00.000728,00.001656]
07_imu_opt              	    187	00.239412	(00.001280 +- 00.000180)	[00.000001,00.003969]
08_publish              	    187	02.445961	(00.013080 +- 00.000925)	[00.009115,00.024065]
step                    	    190	05.094681	(00.026814 +- 00.002043)	[00.005205,00.049405]

INFO  Timings:
SM Timing
-----------
00_conversion_livox     	    192	02.305279	(00.012007 +- 00.001093)	[00.008464,00.021490]
01_filter               	    191	00.067558	(00.000354 +- 00.000026)	[00.000264,00.002432]
02_preint               	    189	00.007231	(00.000038 +- 00.000005)	[00.000025,00.000075]
02a_intensity_preprocess	    191	00.677031	(00.003545 +- 00.000264)	[00.002541,00.006728]
03_undistortion         	    189	00.175936	(00.000931 +- 00.000132)	[00.000673,00.003404]
04_sampling             	    188	00.125457	(00.000667 +- 00.000063)	[00.000412,00.001400]
04b_intensity_sampling  	    188	00.172681	(00.000919 +- 00.000186)	[00.000639,00.002206]
05_registration         	    188	00.967097	(00.005144 +- 00.000737)	[00.002331,00.013003]
06_map                  	    188	00.196246	(00.001044 +- 00.000080)	[00.000728,00.001656]
07_imu_opt              	    188	00.240727	(00.001280 +- 00.000180)	[00.000001,00.003969]
08_publish              	    188	02.456406	(00.013066 +- 00.000902)	[00.009115,00.024065]
step                    	    191	05.115897	(00.026785 +- 00.001985)	[00.005205,00.049405]

INFO  Timings:
SM Timing
-----------
00_conversion_livox     	    193	02.316139	(00.012001 +- 00.001093)	[00.008464,00.021490]
01_filter               	    192	00.067825	(00.000353 +- 00.000026)	[00.000264,00.002432]
02_preint               	    190	00.007268	(00.000038 +- 00.000005)	[00.000025,00.000075]
02a_intensity_preprocess	    192	00.679935	(00.003541 +- 00.000260)	[00.002541,00.006728]
03_undistortion         	    190	00.176647	(00.000930 +- 00.000133)	[00.000673,00.003404]
04_sampling             	    189	00.125992	(00.000667 +- 00.000055)	[00.000412,00.001400]
04b_intensity_sampling  	    189	00.173451	(00.000918 +- 00.000185)	[00.000639,00.002206]
05_registration         	    189	00.969688	(00.005131 +- 00.000735)	[00.002331,00.013003]
06_map                  	    189	00.197097	(00.001043 +- 00.000080)	[00.000728,00.001656]
07_imu_opt              	    189	00.242092	(00.001281 +- 00.000180)	[00.000001,00.003969]
08_publish              	    189	02.466379	(00.013050 +- 00.000881)	[00.009115,00.024065]
step                    	    192	05.135961	(00.026750 +- 00.001948)	[00.005205,00.049405]

INFO  Timings:
SM Timing
-----------
00_conversion_livox     	    194	02.326866	(00.011994 +- 00.001093)	[00.008464,00.021490]
01_filter               	    193	00.068084	(00.000353 +- 00.000027)	[00.000259,00.002432]
02_preint               	    191	00.007304	(00.000038 +- 00.000005)	[00.000025,00.000075]
02a_intensity_preprocess	    193	00.682806	(00.003538 +- 00.000259)	[00.002541,00.006728]
03_undistortion         	    191	00.177448	(00.000929 +- 00.000132)	[00.000673,00.003404]
04_sampling             	    190	00.126561	(00.000666 +- 00.000055)	[00.000412,00.001400]
04b_intensity_sampling  	    190	00.174224	(00.000917 +- 00.000186)	[00.000639,00.002206]
05_registration         	    190	00.972897	(00.005121 +- 00.000716)	[00.002331,00.013003]
06_map                  	    190	00.198063	(00.001042 +- 00.000080)	[00.000728,00.001656]
07_imu_opt              	    190	00.243404	(00.001281 +- 00.000181)	[00.000001,00.003969]
08_publish              	    190	02.476568	(00.013035 +- 00.000862)	[00.009115,00.024065]
step                    	    193	05.157019	(00.026720 +- 00.001907)	[00.005205,00.049405]

INFO  Timings:
SM Timing
-----------
00_conversion_livox     	    195	02.337689	(00.011988 +- 00.001092)	[00.008464,00.021490]
01_filter               	    194	00.068335	(00.000352 +- 00.000025)	[00.000252,00.002432]
02_preint               	    192	00.007340	(00.000038 +- 00.000005)	[00.000025,00.000075]
02a_intensity_preprocess	    194	00.685620	(00.003534 +- 00.000259)	[00.002541,00.006728]
03_undistortion         	    192	00.178160	(00.000928 +- 00.000132)	[00.000673,00.003404]
04_sampling             	    191	00.127644	(00.000668 +- 00.000095)	[00.000412,00.001400]
04b_intensity_sampling  	    191	00.175218	(00.000917 +- 00.000187)	[00.000639,00.002206]
05_registration         	    191	00.975432	(00.005107 +- 00.000718)	[00.002331,00.013003]
06_map                  	    191	00.198935	(00.001042 +- 00.000079)	[00.000728,00.001656]
07_imu_opt              	    191	00.244765	(00.001281 +- 00.000181)	[00.000001,00.003969]
08_publish              	    191	02.486986	(00.013021 +- 00.000849)	[00.009115,00.024065]
step                    	    194	05.178182	(00.026692 +- 00.001889)	[00.005205,00.049405]

INFO  Timings:
SM Timing
-----------
00_conversion_livox     	    196	02.348750	(00.011983 +- 00.001090)	[00.008464,00.021490]
01_filter               	    195	00.068661	(00.000352 +- 00.000025)	[00.000252,00.002432]
02_preint               	    193	00.007384	(00.000038 +- 00.000005)	[00.000025,00.000075]
02a_intensity_preprocess	    195	00.688761	(00.003532 +- 00.000255)	[00.002541,00.006728]
03_undistortion         	    193	00.178979	(00.000927 +- 00.000132)	[00.000673,00.003404]
04_sampling             	    192	00.128227	(00.000668 +- 00.000094)	[00.000412,00.001400]
04b_intensity_sampling  	    192	00.176075	(00.000917 +- 00.000186)	[00.000639,00.002206]
05_registration         	    192	00.978387	(00.005096 +- 00.000691)	[00.002331,00.013003]
06_map                  	    192	00.199850	(00.001041 +- 00.000076)	[00.000728,00.001656]
07_imu_opt              	    192	00.246337	(00.001283 +- 00.000182)	[00.000001,00.003969]
08_publish              	    192	02.497691	(00.013009 +- 00.000823)	[00.009115,00.024065]
step                    	    195	05.200185	(00.026668 +- 00.001819)	[00.005205,00.049405]

INFO  Timings:
SM Timing
-----------
00_conversion_livox     	    197	02.359439	(00.011977 +- 00.001091)	[00.008464,00.021490]
01_filter               	    196	00.068885	(00.000351 +- 00.000027)	[00.000224,00.002432]
02_preint               	    194	00.007422	(00.000038 +- 00.000005)	[00.000025,00.000075]
02a_intensity_preprocess	    196	00.691875	(00.003530 +- 00.000250)	[00.002541,00.006728]
03_undistortion         	    194	00.180001	(00.000928 +- 00.000135)	[00.000673,00.003404]
04_sampling             	    193	00.128698	(00.000667 +- 00.000094)	[00.000412,00.001400]
04b_intensity_sampling  	    193	00.176903	(00.000917 +- 00.000186)	[00.000639,00.002206]
05_registration         	    193	00.981437	(00.005085 +- 00.000678)	[00.002331,00.013003]
06_map                  	    193	00.201551	(00.001044 +- 00.000134)	[00.000728,00.001701]
07_imu_opt              	    193	00.247928	(00.001285 +- 00.000183)	[00.000001,00.003969]
08_publish              	    193	02.509887	(00.013005 +- 00.000830)	[00.009115,00.024065]
step                    	    196	05.224491	(00.026656 +- 00.001810)	[00.005205,00.049405]

INFO  Timings:
SM Timing
-----------
00_conversion_livox     	    198	02.370175	(00.011971 +- 00.001091)	[00.008464,00.021490]
01_filter               	    197	00.069156	(00.000351 +- 00.000027)	[00.000224,00.002432]
02_preint               	    195	00.007461	(00.000038 +- 00.000005)	[00.000025,00.000075]
02a_intensity_preprocess	    197	00.694887	(00.003527 +- 00.000246)	[00.002541,00.006728]
03_undistortion         	    195	00.180761	(00.000927 +- 00.000081)	[00.000673,00.003404]
04_sampling             	    194	00.129216	(00.000666 +- 00.000094)	[00.000412,00.001400]
04b_intensity_sampling  	    194	00.177699	(00.000916 +- 00.000186)	[00.000639,00.002206]
05_registration         	    194	00.984782	(00.005076 +- 00.000620)	[00.002331,00.013003]
06_map                  	    194	00.202427	(00.001043 +- 00.000134)	[00.000728,00.001701]
07_imu_opt              	    194	00.249302	(00.001285 +- 00.000183)	[00.000001,00.003969]
08_publish              	    194	02.520522	(00.012992 +- 00.000815)	[00.009115,00.024065]
step                    	    197	05.246179	(00.026630 +- 00.001701)	[00.005205,00.049405]

INFO  Timings:
SM Timing
-----------
00_conversion_livox     	    199	02.380893	(00.011964 +- 00.001091)	[00.008464,00.021490]
01_filter               	    198	00.069478	(00.000351 +- 00.000027)	[00.000224,00.002432]
02_preint               	    196	00.007500	(00.000038 +- 00.000005)	[00.000025,00.000075]
02a_intensity_preprocess	    198	00.697738	(00.003524 +- 00.000243)	[00.002541,00.006728]
03_undistortion         	    196	00.181563	(00.000926 +- 00.000081)	[00.000673,00.003404]
04_sampling             	    195	00.129644	(00.000665 +- 00.000096)	[00.000412,00.001400]
04b_intensity_sampling  	    195	00.178359	(00.000915 +- 00.000188)	[00.000639,00.002206]
05_registration         	    195	00.988595	(00.005070 +- 00.000620)	[00.002331,00.013003]
06_map                  	    195	00.203220	(00.001042 +- 00.000135)	[00.000728,00.001701]
07_imu_opt              	    195	00.250600	(00.001285 +- 00.000184)	[00.000001,00.003969]
08_publish              	    195	02.530207	(00.012975 +- 00.000808)	[00.009115,00.024065]
step                    	    198	05.266948	(00.026601 +- 00.001681)	[00.005205,00.049405]

INFO  Timings:
SM Timing
-----------
00_conversion_livox     	    200	02.391010	(00.011955 +- 00.001098)	[00.008464,00.021490]
01_filter               	    199	00.069759	(00.000351 +- 00.000027)	[00.000224,00.002432]
02_preint               	    197	00.007542	(00.000038 +- 00.000005)	[00.000025,00.000075]
02a_intensity_preprocess	    199	00.700454	(00.003520 +- 00.000245)	[00.002541,00.006728]
03_undistortion         	    197	00.182394	(00.000926 +- 00.000080)	[00.000673,00.003404]
04_sampling             	    196	00.130116	(00.000664 +- 00.000095)	[00.000412,00.001400]
04b_intensity_sampling  	    196	00.179314	(00.000915 +- 00.000189)	[00.000639,00.002206]
05_registration         	    196	00.993245	(00.005068 +- 00.000639)	[00.002331,00.013003]
06_map                  	    196	00.203999	(00.001041 +- 00.000136)	[00.000728,00.001701]
07_imu_opt              	    196	00.251873	(00.001285 +- 00.000184)	[00.000001,00.003969]
08_publish              	    196	02.539986	(00.012959 +- 00.000800)	[00.009115,00.024065]
step                    	    199	05.288819	(00.026577 +- 00.001633)	[00.005205,00.049405]

INFO  Timings:
SM Timing
-----------
00_conversion_livox     	    201	02.401158	(00.011946 +- 00.001104)	[00.008464,00.021490]
01_filter               	    200	00.069994	(00.000350 +- 00.000029)	[00.000224,00.002432]
02_preint               	    198	00.007583	(00.000038 +- 00.000005)	[00.000025,00.000075]
02a_intensity_preprocess	    200	00.703199	(00.003516 +- 00.000244)	[00.002541,00.006728]
03_undistortion         	    198	00.183105	(00.000925 +- 00.000081)	[00.000673,00.003404]
04_sampling             	    197	00.130583	(00.000663 +- 00.000095)	[00.000412,00.001400]
04b_intensity_sampling  	    197	00.180272	(00.000915 +- 00.000189)	[00.000639,00.002206]
05_registration         	    197	00.996877	(00.005060 +- 00.000637)	[00.002331,00.013003]
06_map                  	    197	00.204765	(00.001039 +- 00.000138)	[00.000728,00.001701]
07_imu_opt              	    197	00.253198	(00.001285 +- 00.000184)	[00.000001,00.003969]
08_publish              	    197	02.549801	(00.012943 +- 00.000799)	[00.009115,00.024065]
step                    	    200	05.309660	(00.026548 +- 00.001615)	[00.005205,00.049405]

INFO  Timings:
SM Timing
-----------
00_conversion_livox     	    202	02.411511	(00.011938 +- 00.001105)	[00.008464,00.021490]
01_filter               	    201	00.070224	(00.000349 +- 00.000027)	[00.000224,00.002432]
02_preint               	    199	00.007628	(00.000038 +- 00.000006)	[00.000025,00.000075]
02a_intensity_preprocess	    201	00.705974	(00.003512 +- 00.000244)	[00.002541,00.006728]
03_undistortion         	    199	00.183854	(00.000924 +- 00.000078)	[00.000673,00.003404]
04_sampling             	    198	00.131080	(00.000662 +- 00.000095)	[00.000412,00.001400]
04b_intensity_sampling  	    198	00.181025	(00.000914 +- 00.000188)	[00.000639,00.002206]
05_registration         	    198	00.999909	(00.005050 +- 00.000638)	[00.002331,00.013003]
06_map                  	    198	00.205575	(00.001038 +- 00.000138)	[00.000728,00.001701]
07_imu_opt              	    198	00.254614	(00.001286 +- 00.000184)	[00.000001,00.003969]
08_publish              	    198	02.560151	(00.012930 +- 00.000788)	[00.009115,00.024065]
step                    	    201	05.330391	(00.026519 +- 00.001602)	[00.005205,00.049405]

INFO  Timings:
SM Timing
-----------
00_conversion_livox     	    203	02.422168	(00.011932 +- 00.001094)	[00.008464,00.021490]
01_filter               	    202	00.070469	(00.000349 +- 00.000028)	[00.000224,00.002432]
02_preint               	    200	00.007666	(00.000038 +- 00.000006)	[00.000025,00.000075]
02a_intensity_preprocess	    202	00.708872	(00.003509 +- 00.000243)	[00.002541,00.006728]
03_undistortion         	    200	00.184662	(00.000923 +- 00.000078)	[00.000673,00.003404]
04_sampling             	    199	00.131804	(00.000662 +- 00.000099)	[00.000412,00.001400]
04b_intensity_sampling  	    199	00.181947	(00.000914 +- 00.000189)	[00.000639,00.002206]
05_registration         	    199	01.002324	(00.005037 +- 00.000601)	[00.002331,00.013003]
06_map                  	    199	00.206437	(00.001037 +- 00.000138)	[00.000728,00.001701]
07_imu_opt              	    199	00.255978	(00.001286 +- 00.000184)	[00.000001,00.003969]
08_publish              	    199	02.570417	(00.012917 +- 00.000779)	[00.009115,00.024065]
step                    	    202	05.350993	(00.026490 +- 00.001558)	[00.005205,00.049405]

INFO  Timings:
SM Timing
-----------
00_conversion_livox     	    204	02.432717	(00.011925 +- 00.001096)	[00.008464,00.021490]
01_filter               	    203	00.070716	(00.000348 +- 00.000029)	[00.000224,00.002432]
02_preint               	    201	00.007695	(00.000038 +- 00.000006)	[00.000025,00.000075]
02a_intensity_preprocess	    203	00.711667	(00.003506 +- 00.000241)	[00.002541,00.006728]
03_undistortion         	    201	00.185620	(00.000923 +- 00.000081)	[00.000673,00.003404]
04_sampling             	    200	00.132273	(00.000661 +- 00.000099)	[00.000412,00.001400]
04b_intensity_sampling  	    200	00.182959	(00.000915 +- 00.000190)	[00.000639,00.002206]
05_registration         	    200	01.005435	(00.005027 +- 00.000600)	[00.002331,00.013003]
06_map                  	    200	00.207338	(00.001037 +- 00.000138)	[00.000728,00.001701]
07_imu_opt              	    200	00.257278	(00.001286 +- 00.000184)	[00.000001,00.003969]
08_publish              	    200	02.580432	(00.012902 +- 00.000773)	[00.009115,00.024065]
step                    	    203	05.371895	(00.026463 +- 00.001549)	[00.005205,00.049405]

INFO  Timings:
SM Timing
-----------
00_conversion_livox     	    205	02.443144	(00.011918 +- 00.001098)	[00.008464,00.021490]
01_filter               	    204	00.070956	(00.000348 +- 00.000030)	[00.000224,00.002432]
02_preint               	    202	00.007728	(00.000038 +- 00.000006)	[00.000025,00.000075]
02a_intensity_preprocess	    204	00.714487	(00.003502 +- 00.000241)	[00.002541,00.006728]
03_undistortion         	    202	00.186354	(00.000923 +- 00.000080)	[00.000673,00.003404]
04_sampling             	    201	00.132726	(00.000660 +- 00.000099)	[00.000412,00.001400]
04b_intensity_sampling  	    201	00.183629	(00.000914 +- 00.000192)	[00.000639,00.002206]
05_registration         	    201	01.008387	(00.005017 +- 00.000596)	[00.002331,00.013003]
06_map                  	    201	00.208131	(00.001035 +- 00.000139)	[00.000728,00.001701]
07_imu_opt              	    201	00.258560	(00.001286 +- 00.000185)	[00.000001,00.003969]
08_publish              	    201	02.590646	(00.012889 +- 00.000769)	[00.009115,00.024065]
step                    	    204	05.392182	(00.026432 +- 00.001547)	[00.005205,00.049405]

INFO  Timings:
SM Timing
-----------
00_conversion_livox     	    206	02.453819	(00.011912 +- 00.001099)	[00.008464,00.021490]
01_filter               	    205	00.071267	(00.000348 +- 00.000030)	[00.000224,00.002432]
02_preint               	    203	00.007759	(00.000038 +- 00.000006)	[00.000025,00.000075]
02a_intensity_preprocess	    205	00.717301	(00.003499 +- 00.000242)	[00.002541,00.006728]
03_undistortion         	    203	00.187093	(00.000922 +- 00.000080)	[00.000673,00.003404]
04_sampling             	    202	00.133252	(00.000660 +- 00.000099)	[00.000412,00.001400]
04b_intensity_sampling  	    202	00.184364	(00.000913 +- 00.000192)	[00.000639,00.002206]
05_registration         	    202	01.011246	(00.005006 +- 00.000580)	[00.002331,00.013003]
06_map                  	    202	00.208991	(00.001035 +- 00.000139)	[00.000728,00.001701]
07_imu_opt              	    202	00.259761	(00.001286 +- 00.000187)	[00.000001,00.003969]
08_publish              	    202	02.600994	(00.012876 +- 00.000766)	[00.009115,00.024065]
step                    	    205	05.412678	(00.026403 +- 00.001541)	[00.005205,00.049405]

INFO  Timings:
SM Timing
-----------
00_conversion_livox     	    207	02.464078	(00.011904 +- 00.001103)	[00.008464,00.021490]
01_filter               	    206	00.071555	(00.000347 +- 00.000029)	[00.000224,00.002432]
02_preint               	    204	00.007789	(00.000038 +- 00.000006)	[00.000025,00.000075]
02a_intensity_preprocess	    206	00.720078	(00.003496 +- 00.000242)	[00.002541,00.006728]
03_undistortion         	    204	00.187834	(00.000921 +- 00.000078)	[00.000673,00.003404]
04_sampling             	    203	00.133739	(00.000659 +- 00.000099)	[00.000412,00.001400]
04b_intensity_sampling  	    203	00.185026	(00.000911 +- 00.000192)	[00.000639,00.002206]
05_registration         	    203	01.018316	(00.005016 +- 00.000803)	[00.002331,00.013003]
06_map                  	    203	00.209751	(00.001033 +- 00.000140)	[00.000728,00.001701]
07_imu_opt              	    203	00.260958	(00.001286 +- 00.000189)	[00.000001,00.003969]
08_publish              	    203	02.611388	(00.012864 +- 00.000762)	[00.009115,00.024065]
step                    	    206	05.437156	(00.026394 +- 00.001587)	[00.005205,00.049405]

INFO  Timings:
SM Timing
-----------
00_conversion_livox     	    208	02.474590	(00.011897 +- 00.001101)	[00.008464,00.021490]
01_filter               	    207	00.071856	(00.000347 +- 00.000029)	[00.000224,00.002432]
02_preint               	    205	00.007817	(00.000038 +- 00.000006)	[00.000025,00.000075]
02a_intensity_preprocess	    207	00.722892	(00.003492 +- 00.000243)	[00.002541,00.006728]
03_undistortion         	    205	00.188594	(00.000920 +- 00.000078)	[00.000673,00.003404]
04_sampling             	    204	00.134152	(00.000658 +- 00.000100)	[00.000412,00.001400]
04b_intensity_sampling  	    204	00.185771	(00.000911 +- 00.000192)	[00.000639,00.002206]
05_registration         	    204	01.020701	(00.005003 +- 00.000798)	[00.002331,00.013003]
06_map                  	    204	00.210740	(00.001033 +- 00.000140)	[00.000728,00.001701]
07_imu_opt              	    204	00.262119	(00.001285 +- 00.000141)	[00.000001,00.003969]
08_publish              	    204	02.621345	(00.012850 +- 00.000766)	[00.009115,00.024065]
step                    	    207	05.456764	(00.026361 +- 00.001584)	[00.005205,00.049405]

INFO  Timings:
SM Timing
-----------
00_conversion_livox     	    209	02.484738	(00.011889 +- 00.001106)	[00.008464,00.021490]
01_filter               	    208	00.072093	(00.000347 +- 00.000030)	[00.000224,00.002432]
02_preint               	    206	00.007842	(00.000038 +- 00.000006)	[00.000025,00.000075]
02a_intensity_preprocess	    208	00.725620	(00.003489 +- 00.000245)	[00.002541,00.006728]
03_undistortion         	    206	00.189403	(00.000919 +- 00.000078)	[00.000673,00.003404]
04_sampling             	    205	00.134615	(00.000657 +- 00.000100)	[00.000412,00.001400]
04b_intensity_sampling  	    205	00.186459	(00.000910 +- 00.000193)	[00.000639,00.002206]
05_registration         	    205	01.023431	(00.004992 +- 00.000799)	[00.002331,00.013003]
06_map                  	    205	00.211551	(00.001032 +- 00.000140)	[00.000728,00.001701]
07_imu_opt              	    205	00.263251	(00.001284 +- 00.000145)	[00.000001,00.003969]
08_publish              	    205	02.630995	(00.012834 +- 00.000775)	[00.009115,00.024065]
step                    	    208	05.476104	(00.026327 +- 00.001611)	[00.005205,00.049405]

INFO  Timings:
SM Timing
-----------
00_conversion_livox     	    210	02.494558	(00.011879 +- 00.001116)	[00.008464,00.021490]
01_filter               	    209	00.072302	(00.000346 +- 00.000032)	[00.000209,00.002432]
02_preint               	    207	00.007879	(00.000038 +- 00.000006)	[00.000025,00.000075]
02a_intensity_preprocess	    209	00.728318	(00.003485 +- 00.000247)	[00.002541,00.006728]
03_undistortion         	    207	00.190224	(00.000919 +- 00.000078)	[00.000673,00.003404]
04_sampling             	    206	00.135065	(00.000656 +- 00.000100)	[00.000412,00.001400]
04b_intensity_sampling  	    206	00.187150	(00.000908 +- 00.000192)	[00.000639,00.002206]
05_registration         	    206	01.026017	(00.004981 +- 00.000796)	[00.002331,00.013003]
06_map                  	    206	00.212307	(00.001031 +- 00.000141)	[00.000728,00.001701]
07_imu_opt              	    206	00.264374	(00.001283 +- 00.000148)	[00.000001,00.003969]
08_publish              	    206	02.640626	(00.012819 +- 00.000783)	[00.009115,00.024065]
step                    	    209	05.495187	(00.026293 +- 00.001631)	[00.005205,00.049405]

INFO  Timings:
SM Timing
-----------
00_conversion_livox     	    211	02.504524	(00.011870 +- 00.001115)	[00.008464,00.021490]
01_filter               	    210	00.072516	(00.000345 +- 00.000034)	[00.000209,00.002432]
02_preint               	    208	00.007905	(00.000038 +- 00.000006)	[00.000025,00.000075]
02a_intensity_preprocess	    210	00.731067	(00.003481 +- 00.000247)	[00.002541,00.006728]
03_undistortion         	    208	00.191012	(00.000918 +- 00.000078)	[00.000673,00.003404]
04_sampling             	    207	00.135562	(00.000655 +- 00.000100)	[00.000412,00.001400]
04b_intensity_sampling  	    207	00.187835	(00.000907 +- 00.000193)	[00.000639,00.002206]
05_registration         	    207	01.028490	(00.004969 +- 00.000798)	[00.002331,00.013003]
06_map                  	    207	00.213124	(00.001030 +- 00.000141)	[00.000728,00.001701]
07_imu_opt              	    207	00.265521	(00.001283 +- 00.000151)	[00.000001,00.003969]
08_publish              	    207	02.650478	(00.012804 +- 00.000785)	[00.009115,00.024065]
step                    	    210	05.514504	(00.026260 +- 00.001649)	[00.005205,00.049405]

INFO  Timings:
SM Timing
-----------
00_conversion_livox     	    212	02.514799	(00.011862 +- 00.001109)	[00.008464,00.021490]
01_filter               	    211	00.072739	(00.000345 +- 00.000035)	[00.000209,00.002432]
02_preint               	    209	00.007932	(00.000038 +- 00.000006)	[00.000025,00.000075]
02a_intensity_preprocess	    211	00.733773	(00.003478 +- 00.000249)	[00.002541,00.006728]
03_undistortion         	    209	00.191812	(00.000918 +- 00.000077)	[00.000673,00.003404]
04_sampling             	    208	00.136222	(00.000655 +- 00.000102)	[00.000412,00.001400]
04b_intensity_sampling  	    208	00.188645	(00.000907 +- 00.000193)	[00.000639,00.002206]
05_registration         	    208	01.032014	(00.004962 +- 00.000790)	[00.002331,00.013003]
06_map                  	    208	00.213961	(00.001029 +- 00.000140)	[00.000728,00.001701]
07_imu_opt              	    208	00.266634	(00.001282 +- 00.000155)	[00.000001,00.003969]
08_publish              	    208	02.660174	(00.012789 +- 00.000793)	[00.009115,00.024065]
step                    	    211	05.534963	(00.026232 +- 00.001652)	[00.005205,00.049405]

INFO  Timings:
SM Timing
-----------
00_conversion_livox     	    213	02.524764	(00.011853 +- 00.001117)	[00.008464,00.021490]
01_filter               	    212	00.072967	(00.000344 +- 00.000036)	[00.000209,00.002432]
02_preint               	    210	00.007961	(00.000038 +- 00.000006)	[00.000025,00.000075]
02a_intensity_preprocess	    212	00.736547	(00.003474 +- 00.000250)	[00.002541,00.006728]
03_undistortion         	    210	00.192561	(00.000917 +- 00.000078)	[00.000673,00.003404]
04_sampling             	    209	00.136639	(00.000654 +- 00.000103)	[00.000412,00.001400]
04b_intensity_sampling  	    209	00.189384	(00.000906 +- 00.000193)	[00.000639,00.002206]
05_registration         	    209	01.034549	(00.004950 +- 00.000794)	[00.002331,00.013003]
06_map                  	    209	00.214827	(00.001028 +- 00.000140)	[00.000728,00.001701]
07_imu_opt              	    209	00.267769	(00.001281 +- 00.000158)	[00.000001,00.003969]
08_publish              	    209	02.670105	(00.012776 +- 00.000795)	[00.009115,00.024065]
step                    	    212	05.554421	(00.026200 +- 00.001672)	[00.005205,00.049405]

INFO  Timings:
SM Timing
-----------
00_conversion_livox     	    214	02.535245	(00.011847 +- 00.001115)	[00.008464,00.021490]
01_filter               	    213	00.073201	(00.000344 +- 00.000036)	[00.000209,00.002432]
02_preint               	    211	00.007998	(00.000038 +- 00.000006)	[00.000025,00.000075]
02a_intensity_preprocess	    213	00.739316	(00.003471 +- 00.000251)	[00.002541,00.006728]
03_undistortion         	    211	00.193270	(00.000916 +- 00.000078)	[00.000673,00.003404]
04_sampling             	    210	00.137076	(00.000653 +- 00.000104)	[00.000412,00.001400]
04b_intensity_sampling  	    210	00.190256	(00.000906 +- 00.000192)	[00.000639,00.002206]
05_registration         	    210	01.037599	(00.004941 +- 00.000790)	[00.002331,00.013003]
06_map                  	    210	00.215659	(00.001027 +- 00.000140)	[00.000728,00.001701]
07_imu_opt              	    210	00.268990	(00.001281 +- 00.000157)	[00.000001,00.003969]
08_publish              	    210	02.679791	(00.012761 +- 00.000803)	[00.009115,00.024065]
step                    	    213	05.574337	(00.026171 +- 00.001681)	[00.005205,00.049405]

INFO  Timings:
SM Timing
-----------
00_conversion_livox     	    215	02.545580	(00.011840 +- 00.001118)	[00.008464,00.021490]
01_filter               	    214	00.073489	(00.000343 +- 00.000036)	[00.000209,00.002432]
02_preint               	    212	00.008035	(00.000038 +- 00.000006)	[00.000025,00.000075]
02a_intensity_preprocess	    214	00.741907	(00.003467 +- 00.000255)	[00.002541,00.006728]
03_undistortion         	    212	00.194028	(00.000915 +- 00.000078)	[00.000673,00.003404]
04_sampling             	    211	00.137467	(00.000652 +- 00.000105)	[00.000392,00.001400]
04b_intensity_sampling  	    211	00.190958	(00.000905 +- 00.000192)	[00.000639,00.002206]
05_registration         	    211	01.040648	(00.004932 +- 00.000790)	[00.002331,00.013003]
06_map                  	    211	00.216503	(00.001026 +- 00.000141)	[00.000728,00.001701]
07_imu_opt              	    211	00.270163	(00.001280 +- 00.000159)	[00.000001,00.003969]
08_publish              	    211	02.689168	(00.012745 +- 00.000818)	[00.009115,00.024065]
step                    	    214	05.593633	(00.026138 +- 00.001705)	[00.005205,00.049405]

INFO  Timings:
SM Timing
-----------
00_conversion_livox     	    216	02.555632	(00.011832 +- 00.001122)	[00.008464,00.021490]
01_filter               	    215	00.073723	(00.000343 +- 00.000037)	[00.000209,00.002432]
02_preint               	    213	00.008065	(00.000038 +- 00.000006)	[00.000025,00.000075]
02a_intensity_preprocess	    215	00.744456	(00.003463 +- 00.000260)	[00.002541,00.006728]
03_undistortion         	    213	00.194769	(00.000914 +- 00.000079)	[00.000673,00.003404]
04_sampling             	    212	00.137847	(00.000650 +- 00.000107)	[00.000380,00.001400]
04b_intensity_sampling  	    212	00.191669	(00.000904 +- 00.000192)	[00.000639,00.002206]
05_registration         	    212	01.042659	(00.004918 +- 00.000805)	[00.002011,00.013003]
06_map                  	    212	00.217381	(00.001025 +- 00.000139)	[00.000728,00.001701]
07_imu_opt              	    212	00.271333	(00.001280 +- 00.000160)	[00.000001,00.003969]
08_publish              	    212	02.698185	(00.012727 +- 00.000837)	[00.009016,00.024065]
step                    	    215	05.611429	(00.026100 +- 00.001763)	[00.005205,00.049405]

INFO  Timings:
SM Timing
-----------
00_conversion_livox     	    217	02.565845	(00.011824 +- 00.001115)	[00.008464,00.021490]
01_filter               	    216	00.073970	(00.000342 +- 00.000037)	[00.000209,00.002432]
02_preint               	    214	00.008102	(00.000038 +- 00.000006)	[00.000025,00.000075]
02a_intensity_preprocess	    216	00.747005	(00.003458 +- 00.000265)	[00.002541,00.006728]
03_undistortion         	    214	00.195459	(00.000913 +- 00.000079)	[00.000673,00.003404]
04_sampling             	    213	00.138223	(00.000649 +- 00.000109)	[00.000375,00.001400]
04b_intensity_sampling  	    213	00.192576	(00.000904 +- 00.000191)	[00.000639,00.002206]
05_registration         	    213	01.044623	(00.004904 +- 00.000820)	[00.001964,00.013003]
06_map                  	    213	00.218121	(00.001024 +- 00.000141)	[00.000728,00.001701]
07_imu_opt              	    213	00.272513	(00.001279 +- 00.000162)	[00.000001,00.003969]
08_publish              	    213	02.706933	(00.012709 +- 00.000869)	[00.008748,00.024065]
step                    	    216	05.628934	(00.026060 +- 00.001839)	[00.005205,00.049405]

INFO  Timings:
SM Timing
-----------
00_conversion_livox     	    218	02.576064	(00.011817 +- 00.001117)	[00.008464,00.021490]
01_filter               	    217	00.074190	(00.000342 +- 00.000038)	[00.000209,00.002432]
02_preint               	    215	00.008129	(00.000038 +- 00.000006)	[00.000025,00.000075]
02a_intensity_preprocess	    217	00.749419	(00.003454 +- 00.000274)	[00.002414,00.006728]
03_undistortion         	    215	00.196390	(00.000913 +- 00.000075)	[00.000673,00.003404]
04_sampling             	    214	00.138904	(00.000649 +- 00.000111)	[00.000375,00.001400]
04b_intensity_sampling  	    214	00.193461	(00.000904 +- 00.000191)	[00.000639,00.002206]
05_registration         	    214	01.047529	(00.004895 +- 00.000820)	[00.001964,00.013003]
06_map                  	    214	00.218969	(00.001023 +- 00.000140)	[00.000728,00.001701]
07_imu_opt              	    214	00.273666	(00.001279 +- 00.000164)	[00.000001,00.003969]
08_publish              	    214	02.715131	(00.012688 +- 00.000922)	[00.008198,00.024065]
step                    	    217	05.647258	(00.026024 +- 00.001881)	[00.005205,00.049405]

INFO  Timings:
SM Timing
-----------
00_conversion_livox     	    219	02.586310	(00.011810 +- 00.001117)	[00.008464,00.021490]
01_filter               	    218	00.074413	(00.000341 +- 00.000039)	[00.000209,00.002432]
02_preint               	    216	00.008157	(00.000038 +- 00.000006)	[00.000025,00.000075]
02a_intensity_preprocess	    218	00.751783	(00.003449 +- 00.000281)	[00.002364,00.006728]
03_undistortion         	    216	00.197057	(00.000912 +- 00.000076)	[00.000667,00.003404]
04_sampling             	    215	00.139323	(00.000648 +- 00.000111)	[00.000375,00.001400]
04b_intensity_sampling  	    215	00.194062	(00.000903 +- 00.000193)	[00.000601,00.002206]
05_registration         	    215	01.050269	(00.004885 +- 00.000814)	[00.001964,00.013003]
06_map                  	    215	00.219908	(00.001023 +- 00.000140)	[00.000728,00.001701]
07_imu_opt              	    215	00.275139	(00.001280 +- 00.000165)	[00.000001,00.003969]
08_publish              	    215	02.723036	(00.012665 +- 00.000979)	[00.007905,00.024065]
step                    	    218	05.664685	(00.025985 +- 00.001939)	[00.005205,00.049405]

INFO  Timings:
SM Timing
-----------
00_conversion_livox     	    220	02.596770	(00.011803 +- 00.001116)	[00.008464,00.021490]
01_filter               	    219	00.074696	(00.000341 +- 00.000039)	[00.000209,00.002432]
02_preint               	    217	00.008194	(00.000038 +- 00.000006)	[00.000025,00.000075]
02a_intensity_preprocess	    219	00.754202	(00.003444 +- 00.000286)	[00.002364,00.006728]
03_undistortion         	    217	00.197608	(00.000911 +- 00.000082)	[00.000551,00.003404]
04_sampling             	    216	00.139716	(00.000647 +- 00.000112)	[00.000375,00.001400]
04b_intensity_sampling  	    216	00.194713	(00.000901 +- 00.000194)	[00.000601,00.002206]
05_registration         	    216	01.052765	(00.004874 +- 00.000819)	[00.001964,00.013003]
06_map                  	    216	00.220535	(00.001021 +- 00.000145)	[00.000627,00.001701]
07_imu_opt              	    216	00.276390	(00.001280 +- 00.000164)	[00.000001,00.003969]
08_publish              	    216	02.730861	(00.012643 +- 00.001033)	[00.007824,00.024065]
step                    	    219	05.681293	(00.025942 +- 00.002025)	[00.005205,00.049405]

INFO  Timings:
SM Timing
-----------
00_conversion_livox     	    221	02.606990	(00.011796 +- 00.001113)	[00.008464,00.021490]
01_filter               	    220	00.074999	(00.000341 +- 00.000039)	[00.000209,00.002432]
02_preint               	    218	00.008230	(00.000038 +- 00.000006)	[00.000025,00.000075]
02a_intensity_preprocess	    220	00.756503	(00.003439 +- 00.000293)	[00.002301,00.006728]
03_undistortion         	    218	00.198189	(00.000909 +- 00.000086)	[00.000551,00.003404]
04_sampling             	    217	00.140129	(00.000646 +- 00.000113)	[00.000375,00.001400]
04b_intensity_sampling  	    217	00.195330	(00.000900 +- 00.000196)	[00.000601,00.002206]
05_registration         	    217	01.055163	(00.004863 +- 00.000818)	[00.001964,00.013003]
06_map                  	    217	00.221308	(00.001020 +- 00.000145)	[00.000627,00.001701]
07_imu_opt              	    217	00.277523	(00.001279 +- 00.000166)	[00.000001,00.003969]
08_publish              	    217	02.738650	(00.012621 +- 00.001079)	[00.007790,00.024065]
step                    	    220	05.697696	(00.025899 +- 00.002094)	[00.005205,00.049405]

INFO  Timings:
SM Timing
-----------
00_conversion_livox     	    222	02.618036	(00.011793 +- 00.001102)	[00.008464,00.021490]
01_filter               	    221	00.075273	(00.000341 +- 00.000039)	[00.000209,00.002432]
02_preint               	    219	00.008267	(00.000038 +- 00.000006)	[00.000025,00.000075]
02a_intensity_preprocess	    221	00.758910	(00.003434 +- 00.000299)	[00.002301,00.006728]
03_undistortion         	    219	00.198772	(00.000908 +- 00.000090)	[00.000551,00.003404]
04_sampling             	    218	00.140582	(00.000645 +- 00.000113)	[00.000375,00.001400]
04b_intensity_sampling  	    218	00.195965	(00.000899 +- 00.000198)	[00.000601,00.002206]
05_registration         	    218	01.057910	(00.004853 +- 00.000818)	[00.001964,00.013003]
06_map                  	    218	00.222103	(00.001019 +- 00.000145)	[00.000627,00.001701]
07_imu_opt              	    218	00.278695	(00.001278 +- 00.000167)	[00.000001,00.003969]
08_publish              	    218	02.746671	(00.012599 +- 00.001122)	[00.007790,00.024065]
step                    	    221	05.714883	(00.025859 +- 00.002154)	[00.005205,00.049405]

INFO  Timings:
SM Timing
-----------
00_conversion_livox     	    223	02.628958	(00.011789 +- 00.001101)	[00.008464,00.021490]
01_filter               	    222	00.075502	(00.000340 +- 00.000039)	[00.000209,00.002432]
02_preint               	    220	00.008298	(00.000038 +- 00.000006)	[00.000025,00.000075]
02a_intensity_preprocess	    222	00.761396	(00.003430 +- 00.000303)	[00.002301,00.006728]
03_undistortion         	    220	00.199427	(00.000906 +- 00.000092)	[00.000551,00.003404]
04_sampling             	    219	00.140981	(00.000644 +- 00.000114)	[00.000375,00.001400]
04b_intensity_sampling  	    219	00.196638	(00.000898 +- 00.000199)	[00.000601,00.002206]
05_registration         	    219	01.060993	(00.004845 +- 00.000815)	[00.001964,00.013003]
06_map                  	    219	00.223033	(00.001018 +- 00.000145)	[00.000627,00.001701]
07_imu_opt              	    219	00.280344	(00.001280 +- 00.000172)	[00.000001,00.003969]
08_publish              	    219	02.755093	(00.012580 +- 00.001150)	[00.007790,00.024065]
step                    	    222	05.733500	(00.025827 +- 00.002176)	[00.005205,00.049405]

INFO  Timings:
SM Timing
-----------
00_conversion_livox     	    224	02.639811	(00.011785 +- 00.001101)	[00.008464,00.021490]
01_filter               	    223	00.075745	(00.000340 +- 00.000039)	[00.000209,00.002432]
02_preint               	    221	00.008325	(00.000038 +- 00.000006)	[00.000025,00.000075]
02a_intensity_preprocess	    223	00.763837	(00.003425 +- 00.000309)	[00.002301,00.006728]
03_undistortion         	    221	00.200075	(00.000905 +- 00.000093)	[00.000551,00.003404]
04_sampling             	    220	00.141406	(00.000643 +- 00.000115)	[00.000375,00.001400]
04b_intensity_sampling  	    220	00.197248	(00.000897 +- 00.000200)	[00.000601,00.002206]
05_registration         	    220	01.063124	(00.004832 +- 00.000824)	[00.001964,00.013003]
06_map                  	    220	00.223729	(00.001017 +- 00.000147)	[00.000627,00.001701]
07_imu_opt              	    220	00.281560	(00.001280 +- 00.000173)	[00.000001,00.003969]
08_publish              	    220	02.763091	(00.012560 +- 00.001191)	[00.007790,00.024065]
step                    	    223	05.750000	(00.025785 +- 00.002261)	[00.005205,00.049405]

INFO  Timings:
SM Timing
-----------
00_conversion_livox     	    225	02.650842	(00.011782 +- 00.001101)	[00.008464,00.021490]
01_filter               	    224	00.075991	(00.000339 +- 00.000038)	[00.000209,00.002432]
02_preint               	    222	00.008362	(00.000038 +- 00.000006)	[00.000025,00.000075]
02a_intensity_preprocess	    224	00.766320	(00.003421 +- 00.000314)	[00.002301,00.006728]
03_undistortion         	    222	00.200672	(00.000904 +- 00.000096)	[00.000551,00.003404]
04_sampling             	    221	00.141834	(00.000642 +- 00.000115)	[00.000375,00.001400]
04b_intensity_sampling  	    221	00.197951	(00.000896 +- 00.000153)	[00.000601,00.002206]
05_registration         	    221	01.065775	(00.004823 +- 00.000827)	[00.001964,00.013003]
06_map                  	    221	00.224394	(00.001015 +- 00.000150)	[00.000627,00.001701]
07_imu_opt              	    221	00.283880	(00.001285 +- 00.000221)	[00.000001,00.003969]
08_publish              	    221	02.771601	(00.012541 +- 00.001212)	[00.007790,00.024065]
step                    	    224	05.768721	(00.025753 +- 00.002269)	[00.005205,00.049405]

INFO  Timings:
SM Timing
-----------
00_conversion_livox     	    226	02.661922	(00.011778 +- 00.001099)	[00.008464,00.021490]
01_filter               	    225	00.076273	(00.000339 +- 00.000038)	[00.000209,00.002432]
02_preint               	    223	00.008392	(00.000038 +- 00.000006)	[00.000025,00.000075]
02a_intensity_preprocess	    225	00.768813	(00.003417 +- 00.000317)	[00.002301,00.006728]
03_undistortion         	    223	00.201403	(00.000903 +- 00.000096)	[00.000551,00.003404]
04_sampling             	    222	00.142307	(00.000641 +- 00.000114)	[00.000375,00.001400]
04b_intensity_sampling  	    222	00.198566	(00.000894 +- 00.000155)	[00.000601,00.002206]
05_registration         	    222	01.068704	(00.004814 +- 00.000826)	[00.001964,00.013003]
06_map                  	    222	00.225152	(00.001014 +- 00.000150)	[00.000627,00.001701]
07_imu_opt              	    222	00.285268	(00.001285 +- 00.000221)	[00.000001,00.003969]
08_publish              	    222	02.780119	(00.012523 +- 00.001232)	[00.007790,00.024065]
step                    	    225	05.787012	(00.025720 +- 00.002290)	[00.005205,00.049405]

INFO  Timings:
SM Timing
-----------
00_conversion_livox     	    227	02.673326	(00.011777 +- 00.000856)	[00.008464,00.021490]
01_filter               	    226	00.076557	(00.000339 +- 00.000038)	[00.000209,00.002432]
02_preint               	    224	00.008432	(00.000038 +- 00.000006)	[00.000025,00.000075]
02a_intensity_preprocess	    226	00.771344	(00.003413 +- 00.000320)	[00.002301,00.006728]
03_undistortion         	    224	00.202050	(00.000902 +- 00.000097)	[00.000551,00.003404]
04_sampling             	    223	00.142726	(00.000640 +- 00.000114)	[00.000375,00.001400]
04b_intensity_sampling  	    223	00.199212	(00.000893 +- 00.000156)	[00.000601,00.002206]
05_registration         	    223	01.071959	(00.004807 +- 00.000822)	[00.001964,00.013003]
06_map                  	    223	00.225853	(00.001013 +- 00.000152)	[00.000627,00.001701]
07_imu_opt              	    223	00.286681	(00.001286 +- 00.000221)	[00.000001,00.003969]
08_publish              	    223	02.788410	(00.012504 +- 00.001258)	[00.007790,00.024065]
step                    	    226	05.805312	(00.025687 +- 00.002313)	[00.005205,00.049405]

INFO  Timings:
SM Timing
-----------
00_conversion_livox     	    228	02.684264	(00.011773 +- 00.000855)	[00.008464,00.021490]
01_filter               	    227	00.076810	(00.000338 +- 00.000037)	[00.000209,00.002432]
02_preint               	    225	00.008468	(00.000038 +- 00.000006)	[00.000025,00.000075]
02a_intensity_preprocess	    227	00.773846	(00.003409 +- 00.000323)	[00.002301,00.006728]
03_undistortion         	    225	00.202761	(00.000901 +- 00.000097)	[00.000551,00.003404]
04_sampling             	    224	00.143067	(00.000639 +- 00.000116)	[00.000341,00.001400]
04b_intensity_sampling  	    224	00.199793	(00.000892 +- 00.000159)	[00.000581,00.002206]
05_registration         	    224	01.075250	(00.004800 +- 00.000817)	[00.001964,00.013003]
06_map                  	    224	00.226674	(00.001012 +- 00.000151)	[00.000627,00.001701]
07_imu_opt              	    224	00.288247	(00.001287 +- 00.000222)	[00.000001,00.003969]
08_publish              	    224	02.797123	(00.012487 +- 00.001267)	[00.007790,00.024065]
step                    	    227	05.824192	(00.025657 +- 00.002326)	[00.005205,00.049405]

INFO  Timings:
SM Timing
-----------
00_conversion_livox     	    229	02.696493	(00.011775 +- 00.000870)	[00.008464,00.021490]
01_filter               	    228	00.077126	(00.000338 +- 00.000037)	[00.000209,00.002432]
02_preint               	    226	00.008503	(00.000038 +- 00.000006)	[00.000025,00.000075]
02a_intensity_preprocess	    228	00.776570	(00.003406 +- 00.000323)	[00.002301,00.006728]
03_undistortion         	    226	00.203366	(00.000900 +- 00.000099)	[00.000551,00.003404]
04_sampling             	    225	00.143588	(00.000638 +- 00.000116)	[00.000341,00.001400]
04b_intensity_sampling  	    225	00.200444	(00.000891 +- 00.000160)	[00.000581,00.002206]
05_registration         	    225	01.077559	(00.004789 +- 00.000822)	[00.001964,00.013003]
06_map                  	    225	00.227346	(00.001010 +- 00.000153)	[00.000627,00.001701]
07_imu_opt              	    225	00.289986	(00.001289 +- 00.000229)	[00.000001,00.003969]
08_publish              	    225	02.805742	(00.012470 +- 00.001277)	[00.007790,00.024065]
step                    	    228	05.842473	(00.025625 +- 00.002348)	[00.005205,00.049405]

INFO  Timings:
SM Timing
-----------
00_conversion_livox     	    230	02.707890	(00.011773 +- 00.000872)	[00.008464,00.021490]
01_filter               	    229	00.077373	(00.000338 +- 00.000037)	[00.000209,00.002432]
02_preint               	    227	00.008543	(00.000038 +- 00.000006)	[00.000025,00.000075]
02a_intensity_preprocess	    229	00.779071	(00.003402 +- 00.000325)	[00.002301,00.006728]
03_undistortion         	    227	00.204117	(00.000899 +- 00.000099)	[00.000551,00.003404]
04_sampling             	    226	00.143962	(00.000637 +- 00.000117)	[00.000341,00.001400]
04b_intensity_sampling  	    226	00.201102	(00.000890 +- 00.000161)	[00.000581,00.002206]
05_registration         	    226	01.079504	(00.004777 +- 00.000834)	[00.001945,00.013003]
06_map                  	    226	00.228085	(00.001009 +- 00.000154)	[00.000627,00.001701]
07_imu_opt              	    226	00.291330	(00.001289 +- 00.000229)	[00.000001,00.003969]
08_publish              	    226	02.813508	(00.012449 +- 00.001306)	[00.007766,00.024065]
step                    	    229	05.858914	(00.025585 +- 00.002416)	[00.005205,00.049405]

INFO  Timings:
SM Timing
-----------
00_conversion_livox     	    231	02.718674	(00.011769 +- 00.000869)	[00.008464,00.021490]
01_filter               	    230	00.077619	(00.000337 +- 00.000037)	[00.000209,00.002432]
02_preint               	    228	00.008579	(00.000038 +- 00.000006)	[00.000025,00.000075]
02a_intensity_preprocess	    230	00.781283	(00.003397 +- 00.000335)	[00.002212,00.006728]
03_undistortion         	    228	00.204925	(00.000899 +- 00.000099)	[00.000551,00.003404]
04_sampling             	    227	00.144465	(00.000636 +- 00.000117)	[00.000341,00.001400]
04b_intensity_sampling  	    227	00.201787	(00.000889 +- 00.000162)	[00.000581,00.002206]
05_registration         	    227	01.083493	(00.004773 +- 00.000826)	[00.001945,00.013003]
06_map                  	    227	00.228770	(00.001008 +- 00.000154)	[00.000627,00.001701]
07_imu_opt              	    227	00.292639	(00.001289 +- 00.000214)	[00.000001,00.003969]
08_publish              	    227	02.820806	(00.012426 +- 00.001307)	[00.007298,00.024065]
step                    	    230	05.876769	(00.025551 +- 00.002351)	[00.005205,00.049405]

INFO  Timings:
SM Timing
-----------
00_conversion_livox     	    232	02.729226	(00.011764 +- 00.000837)	[00.008464,00.021490]
01_filter               	    231	00.077833	(00.000337 +- 00.000037)	[00.000209,00.002432]
02_preint               	    229	00.008616	(00.000038 +- 00.000005)	[00.000025,00.000075]
02a_intensity_preprocess	    231	00.783462	(00.003392 +- 00.000290)	[00.002180,00.006728]
03_undistortion         	    229	00.205540	(00.000898 +- 00.000101)	[00.000551,00.003404]
04_sampling             	    228	00.144925	(00.000636 +- 00.000117)	[00.000341,00.001400]
04b_intensity_sampling  	    228	00.202344	(00.000887 +- 00.000165)	[00.000557,00.002206]
05_registration         	    228	01.085553	(00.004761 +- 00.000835)	[00.001945,00.013003]
06_map                  	    228	00.229411	(00.001006 +- 00.000156)	[00.000627,00.001701]
07_imu_opt              	    228	00.294294	(00.001291 +- 00.000218)	[00.000001,00.003969]
08_publish              	    228	02.827475	(00.012401 +- 00.001334)	[00.006669,00.024065]
step                    	    231	05.891923	(00.025506 +- 00.002409)	[00.005205,00.049405]

INFO  Timings:
SM Timing
-----------
00_conversion_livox     	    233	02.739518	(00.011758 +- 00.000841)	[00.008464,00.021490]
01_filter               	    232	00.078038	(00.000336 +- 00.000037)	[00.000205,00.002432]
02_preint               	    230	00.008653	(00.000038 +- 00.000005)	[00.000025,00.000075]
02a_intensity_preprocess	    232	00.785451	(00.003386 +- 00.000309)	[00.001989,00.006728]
03_undistortion         	    230	00.206212	(00.000897 +- 00.000095)	[00.000551,00.003404]
04_sampling             	    229	00.145270	(00.000634 +- 00.000118)	[00.000341,00.001400]
04b_intensity_sampling  	    229	00.202954	(00.000886 +- 00.000165)	[00.000557,00.002206]
05_registration         	    229	01.087498	(00.004749 +- 00.000848)	[00.001945,00.013003]
06_map                  	    229	00.229956	(00.001004 +- 00.000162)	[00.000545,00.001701]
07_imu_opt              	    229	00.295858	(00.001292 +- 00.000220)	[00.000001,00.003969]
08_publish              	    229	02.833539	(00.012374 +- 00.001419)	[00.006064,00.024065]
step                    	    232	05.905975	(00.025457 +- 00.002536)	[00.005205,00.049405]

INFO  Timings:
SM Timing
-----------
00_conversion_livox     	    234	02.749269	(00.011749 +- 00.000853)	[00.008464,00.021490]
01_filter               	    233	00.078246	(00.000336 +- 00.000038)	[00.000205,00.002432]
02_preint               	    231	00.008689	(00.000038 +- 00.000005)	[00.000025,00.000075]
02a_intensity_preprocess	    233	00.787417	(00.003379 +- 00.000323)	[00.001966,00.006728]
03_undistortion         	    231	00.206857	(00.000895 +- 00.000096)	[00.000551,00.003404]
04_sampling             	    230	00.145643	(00.000633 +- 00.000119)	[00.000341,00.001400]
04b_intensity_sampling  	    230	00.203579	(00.000885 +- 00.000166)	[00.000557,00.002206]
05_registration         	    230	01.089831	(00.004738 +- 00.000853)	[00.001945,00.013003]
06_map                  	    230	00.230455	(00.001002 +- 00.000168)	[00.000499,00.001701]
07_imu_opt              	    230	00.297357	(00.001293 +- 00.000221)	[00.000001,00.003969]
08_publish              	    230	02.839225	(00.012344 +- 00.001498)	[00.005686,00.024065]
step                    	    233	05.919913	(00.025407 +- 00.002657)	[00.005205,00.049405]

INFO  Timings:
SM Timing
-----------
00_conversion_livox     	    235	02.758946	(00.011740 +- 00.000865)	[00.008464,00.021490]
01_filter               	    234	00.078473	(00.000335 +- 00.000038)	[00.000205,00.002432]
02_preint               	    232	00.008720	(00.000038 +- 00.000005)	[00.000025,00.000075]
02a_intensity_preprocess	    234	00.789361	(00.003373 +- 00.000332)	[00.001944,00.006728]
03_undistortion         	    232	00.207482	(00.000894 +- 00.000097)	[00.000551,00.003404]
04_sampling             	    231	00.146063	(00.000632 +- 00.000120)	[00.000341,00.001400]
04b_intensity_sampling  	    231	00.204129	(00.000884 +- 00.000168)	[00.000550,00.002206]
05_registration         	    231	01.091661	(00.004726 +- 00.000865)	[00.001830,00.013003]
06_map                  	    231	00.231122	(00.001001 +- 00.000169)	[00.000499,00.001701]
07_imu_opt              	    231	00.298588	(00.001293 +- 00.000221)	[00.000001,00.003969]
08_publish              	    231	02.844654	(00.012315 +- 00.001576)	[00.005430,00.024065]
step                    	    234	05.932935	(00.025354 +- 00.002775)	[00.005205,00.049405]

INFO  Timings:
SM Timing
-----------
00_conversion_livox     	    236	02.768617	(00.011731 +- 00.000878)	[00.008464,00.021490]
01_filter               	    235	00.078664	(00.000335 +- 00.000039)	[00.000191,00.002432]
02_preint               	    233	00.008750	(00.000038 +- 00.000005)	[00.000025,00.000075]
02a_intensity_preprocess	    235	00.791264	(00.003367 +- 00.000346)	[00.001903,00.006728]
03_undistortion         	    233	00.208031	(00.000893 +- 00.000100)	[00.000550,00.003404]
04_sampling             	    232	00.146436	(00.000631 +- 00.000120)	[00.000341,00.001400]
04b_intensity_sampling  	    232	00.204686	(00.000882 +- 00.000170)	[00.000550,00.002206]
05_registration         	    232	01.094534	(00.004718 +- 00.000865)	[00.001830,00.013003]
06_map                  	    232	00.231620	(00.000998 +- 00.000174)	[00.000497,00.001701]
07_imu_opt              	    232	00.299942	(00.001293 +- 00.000221)	[00.000001,00.003969]
08_publish              	    232	02.850076	(00.012285 +- 00.001652)	[00.005421,00.024065]
step                    	    235	05.946753	(00.025305 +- 00.002871)	[00.005205,00.049405]

INFO  Timings:
SM Timing
-----------
00_conversion_livox     	    236	02.768617	(00.011731 +- 00.000878)	[00.008464,00.021490]
01_filter               	    236	00.078855	(00.000334 +- 00.000038)	[00.000191,00.002432]
02_preint               	    234	00.008786	(00.000038 +- 00.000005)	[00.000025,00.000075]
02a_intensity_preprocess	    236	00.793251	(00.003361 +- 00.000351)	[00.001903,00.006728]
03_undistortion         	    234	00.208562	(00.000891 +- 00.000104)	[00.000531,00.003404]
04_sampling             	    233	00.146722	(00.000630 +- 00.000123)	[00.000286,00.001400]
04b_intensity_sampling  	    233	00.205172	(00.000881 +- 00.000173)	[00.000487,00.002206]
05_registration         	    233	01.095910	(00.004703 +- 00.000890)	[00.001376,00.013003]
06_map                  	    233	00.232098	(00.000996 +- 00.000180)	[00.000478,00.001701]
07_imu_opt              	    233	00.301108	(00.001292 +- 00.000223)	[00.000001,00.003969]
08_publish              	    233	02.855593	(00.012256 +- 00.001715)	[00.005421,00.024065]
step                    	    236	05.958867	(00.025249 +- 00.003017)	[00.005205,00.049405]

INFO  Timings:
SM Timing
-----------
00_conversion_livox     	    238	02.788324	(00.011716 +- 00.000892)	[00.008464,00.021490]
01_filter               	    237	00.079079	(00.000334 +- 00.000038)	[00.000191,00.002432]
02_preint               	    235	00.008823	(00.000038 +- 00.000005)	[00.000025,00.000075]
02a_intensity_preprocess	    237	00.795134	(00.003355 +- 00.000360)	[00.001883,00.006728]
03_undistortion         	    235	00.209060	(00.000890 +- 00.000106)	[00.000497,00.003404]
04_sampling             	    234	00.147022	(00.000628 +- 00.000125)	[00.000286,00.001400]
04b_intensity_sampling  	    234	00.205646	(00.000879 +- 00.000175)	[00.000474,00.002206]
05_registration         	    234	01.097271	(00.004689 +- 00.000910)	[00.001361,00.013003]
06_map                  	    234	00.232477	(00.000993 +- 00.000189)	[00.000379,00.001701]
07_imu_opt              	    234	00.302612	(00.001293 +- 00.000224)	[00.000001,00.003969]
08_publish              	    234	02.860487	(00.012224 +- 00.001792)	[00.004894,00.024065]
step                    	    237	05.970491	(00.025192 +- 00.003147)	[00.005205,00.049405]

INFO  Timings:
SM Timing
-----------
00_conversion_livox     	    239	02.797942	(00.011707 +- 00.000902)	[00.008464,00.021490]
01_filter               	    238	00.079267	(00.000333 +- 00.000038)	[00.000188,00.002432]
02_preint               	    236	00.008851	(00.000038 +- 00.000005)	[00.000025,00.000075]
02a_intensity_preprocess	    238	00.796747	(00.003348 +- 00.000378)	[00.001614,00.006728]
03_undistortion         	    236	00.209492	(00.000888 +- 00.000113)	[00.000432,00.003404]
04_sampling             	    235	00.147409	(00.000627 +- 00.000126)	[00.000286,00.001400]
04b_intensity_sampling  	    235	00.206231	(00.000878 +- 00.000177)	[00.000474,00.002206]
05_registration         	    235	01.100467	(00.004683 +- 00.000896)	[00.001361,00.013003]
06_map                  	    235	00.233082	(00.000992 +- 00.000190)	[00.000379,00.001701]
07_imu_opt              	    235	00.303903	(00.001293 +- 00.000224)	[00.000001,00.003969]
08_publish              	    235	02.864729	(00.012190 +- 00.001855)	[00.004242,00.024065]
step                    	    238	05.983131	(00.025139 +- 00.003179)	[00.005205,00.049405]

INFO  Timings:
SM Timing
-----------
00_conversion_livox     	    240	02.808212	(00.011701 +- 00.000624)	[00.008464,00.021490]
01_filter               	    239	00.079457	(00.000332 +- 00.000036)	[00.000188,00.002432]
02_preint               	    237	00.008888	(00.000038 +- 00.000005)	[00.000025,00.000075]
02a_intensity_preprocess	    239	00.798347	(00.003340 +- 00.000383)	[00.001599,00.006728]
03_undistortion         	    237	00.209802	(00.000885 +- 00.000126)	[00.000310,00.003404]
04_sampling             	    236	00.147678	(00.000626 +- 00.000129)	[00.000270,00.001400]
04b_intensity_sampling  	    236	00.206760	(00.000876 +- 00.000178)	[00.000474,00.002206]
05_registration         	    236	01.102072	(00.004670 +- 00.000881)	[00.001361,00.013003]
06_map                  	    236	00.233600	(00.000990 +- 00.000192)	[00.000379,00.001701]
07_imu_opt              	    236	00.305037	(00.001293 +- 00.000219)	[00.000001,00.003969]
08_publish              	    236	02.868554	(00.012155 +- 00.001907)	[00.003824,00.024065]
step                    	    239	05.993218	(00.025076 +- 00.003238)	[00.005205,00.049405]

INFO  Timings:
SM Timing
-----------
00_conversion_livox     	    241	02.817741	(00.011692 +- 00.000542)	[00.008464,00.021490]
01_filter               	    240	00.079624	(00.000332 +- 00.000037)	[00.000167,00.002432]
02_preint               	    238	00.008915	(00.000037 +- 00.000005)	[00.000025,00.000075]
02a_intensity_preprocess	    240	00.799845	(00.003333 +- 00.000393)	[00.001498,00.006728]
03_undistortion         	    238	00.210081	(00.000883 +- 00.000140)	[00.000279,00.003404]
04_sampling             	    237	00.147945	(00.000624 +- 00.000129)	[00.000267,00.001400]
04b_intensity_sampling  	    237	00.207160	(00.000874 +- 00.000137)	[00.000400,00.002206]
05_registration         	    237	01.104068	(00.004659 +- 00.000885)	[00.001361,00.013003]
06_map                  	    237	00.234094	(00.000988 +- 00.000195)	[00.000379,00.001701]
07_imu_opt              	    237	00.306102	(00.001292 +- 00.000215)	[00.000001,00.003969]
08_publish              	    237	02.872341	(00.012120 +- 00.001979)	[00.003788,00.024065]
step                    	    240	06.003255	(00.025014 +- 00.003330)	[00.005205,00.049405]

INFO  Timings:
SM Timing
-----------
00_conversion_livox     	    241	02.817741	(00.011692 +- 00.000542)	[00.008464,00.021490]
01_filter               	    241	00.079833	(00.000331 +- 00.000037)	[00.000167,00.002432]
02_preint               	    239	00.008942	(00.000037 +- 00.000005)	[00.000025,00.000075]
02a_intensity_preprocess	    241	00.801371	(00.003325 +- 00.000411)	[00.001498,00.006728]
03_undistortion         	    239	00.210382	(00.000880 +- 00.000149)	[00.000279,00.003404]
04_sampling             	    238	00.148228	(00.000623 +- 00.000131)	[00.000267,00.001400]
04b_intensity_sampling  	    238	00.207621	(00.000872 +- 00.000140)	[00.000400,00.002206]
05_registration         	    238	01.105417	(00.004645 +- 00.000908)	[00.001349,00.013003]
06_map                  	    238	00.234563	(00.000986 +- 00.000196)	[00.000379,00.001701]
07_imu_opt              	    238	00.307201	(00.001291 +- 00.000218)	[00.000001,00.003969]
08_publish              	    238	02.876131	(00.012085 +- 00.002067)	[00.003788,00.024065]
step                    	    241	06.012822	(00.024949 +- 00.003512)	[00.005205,00.049405]

INFO  Timings:
SM Timing
-----------
00_conversion_livox     	    243	02.837372	(00.011676 +- 00.000538)	[00.008464,00.021490]
01_filter               	    242	00.080058	(00.000331 +- 00.000037)	[00.000167,00.002432]
02_preint               	    240	00.008969	(00.000037 +- 00.000005)	[00.000025,00.000075]
02a_intensity_preprocess	    242	00.802844	(00.003318 +- 00.000430)	[00.001473,00.006728]
03_undistortion         	    240	00.210678	(00.000878 +- 00.000159)	[00.000279,00.003404]
04_sampling             	    239	00.148494	(00.000621 +- 00.000133)	[00.000266,00.001400]
04b_intensity_sampling  	    239	00.207960	(00.000870 +- 00.000148)	[00.000340,00.002206]
05_registration         	    239	01.107181	(00.004633 +- 00.000919)	[00.001349,00.013003]
06_map                  	    239	00.235014	(00.000983 +- 00.000201)	[00.000379,00.001701]
07_imu_opt              	    239	00.308223	(00.001290 +- 00.000222)	[00.000001,00.003969]
08_publish              	    239	02.879674	(00.012049 +- 00.002163)	[00.003543,00.024065]
step                    	    242	06.022281	(00.024885 +- 00.003692)	[00.005205,00.049405]

INFO  Timings:
SM Timing
-----------
00_conversion_livox     	    244	02.847284	(00.011669 +- 00.000541)	[00.008464,00.021490]
01_filter               	    243	00.080248	(00.000330 +- 00.000038)	[00.000167,00.002432]
02_preint               	    241	00.009005	(00.000037 +- 00.000005)	[00.000025,00.000075]
02a_intensity_preprocess	    243	00.804202	(00.003309 +- 00.000453)	[00.001358,00.006728]
03_undistortion         	    241	00.210990	(00.000875 +- 00.000166)	[00.000279,00.003404]
04_sampling             	    240	00.148743	(00.000620 +- 00.000135)	[00.000249,00.001400]
04b_intensity_sampling  	    240	00.208316	(00.000868 +- 00.000155)	[00.000340,00.002206]
05_registration         	    240	01.108275	(00.004618 +- 00.000945)	[00.001094,00.013003]
06_map                  	    240	00.235506	(00.000981 +- 00.000202)	[00.000379,00.001701]
07_imu_opt              	    240	00.309373	(00.001289 +- 00.000223)	[00.000001,00.003969]
08_publish              	    240	02.883070	(00.012013 +- 00.002249)	[00.003396,00.024065]
step                    	    243	06.030978	(00.024819 +- 00.003871)	[00.005205,00.049405]

INFO  Timings:
SM Timing
-----------
00_conversion_livox     	    245	02.856921	(00.011661 +- 00.000548)	[00.008464,00.021490]
01_filter               	    244	00.080451	(00.000330 +- 00.000038)	[00.000167,00.002432]
02_preint               	    242	00.009029	(00.000037 +- 00.000005)	[00.000025,00.000075]
02a_intensity_preprocess	    244	00.805588	(00.003302 +- 00.000472)	[00.001358,00.006728]
03_undistortion         	    242	00.211290	(00.000873 +- 00.000174)	[00.000279,00.003404]
04_sampling             	    241	00.149046	(00.000618 +- 00.000100)	[00.000249,00.001400]
04b_intensity_sampling  	    241	00.208833	(00.000867 +- 00.000150)	[00.000340,00.002206]
05_registration         	    241	01.109454	(00.004604 +- 00.000969)	[00.001094,00.013003]
06_map                  	    241	00.235976	(00.000979 +- 00.000205)	[00.000379,00.001701]
07_imu_opt              	    241	00.310602	(00.001289 +- 00.000223)	[00.000001,00.003969]
08_publish              	    241	02.886329	(00.011976 +- 00.002326)	[00.003259,00.024065]
step                    	    244	06.039899	(00.024754 +- 00.004014)	[00.005205,00.049405]

INFO  Timings:
SM Timing
-----------
00_conversion_livox     	    246	02.866483	(00.011652 +- 00.000551)	[00.008464,00.021490]
01_filter               	    245	00.080623	(00.000329 +- 00.000038)	[00.000167,00.002432]
02_preint               	    243	00.009056	(00.000037 +- 00.000005)	[00.000025,00.000075]
02a_intensity_preprocess	    245	00.806917	(00.003294 +- 00.000483)	[00.001329,00.006728]
03_undistortion         	    243	00.211603	(00.000871 +- 00.000179)	[00.000279,00.003404]
04_sampling             	    242	00.149311	(00.000617 +- 00.000101)	[00.000249,00.001400]
04b_intensity_sampling  	    242	00.209214	(00.000865 +- 00.000153)	[00.000340,00.002206]
05_registration         	    242	01.111071	(00.004591 +- 00.000979)	[00.001094,00.013003]
06_map                  	    242	00.236439	(00.000977 +- 00.000207)	[00.000379,00.001701]
07_imu_opt              	    242	00.311580	(00.001288 +- 00.000225)	[00.000001,00.003969]
08_publish              	    242	02.889633	(00.011941 +- 00.002383)	[00.003259,00.024065]
step                    	    245	06.048799	(00.024689 +- 00.004121)	[00.005205,00.049405]

INFO  Timings:
SM Timing
-----------
00_conversion_livox     	    247	02.875783	(00.011643 +- 00.000568)	[00.008464,00.021490]
01_filter               	    246	00.080807	(00.000328 +- 00.000038)	[00.000167,00.002432]
02_preint               	    244	00.009083	(00.000037 +- 00.000005)	[00.000025,00.000075]
02a_intensity_preprocess	    246	00.808236	(00.003286 +- 00.000493)	[00.001319,00.006728]
03_undistortion         	    244	00.212043	(00.000869 +- 00.000173)	[00.000279,00.003404]
04_sampling             	    243	00.149581	(00.000616 +- 00.000102)	[00.000249,00.001400]
04b_intensity_sampling  	    243	00.209572	(00.000862 +- 00.000157)	[00.000340,00.002206]
05_registration         	    243	01.112435	(00.004578 +- 00.000994)	[00.001094,00.013003]
06_map                  	    243	00.236812	(00.000975 +- 00.000161)	[00.000373,00.001701]
07_imu_opt              	    243	00.312908	(00.001288 +- 00.000221)	[00.000001,00.003969]
08_publish              	    243	02.892640	(00.011904 +- 00.002394)	[00.003007,00.024065]
step                    	    246	06.057527	(00.024624 +- 00.004143)	[00.005205,00.049405]

INFO  Timings:
SM Timing
-----------
00_conversion_livox     	    248	02.885140	(00.011634 +- 00.000581)	[00.008464,00.021490]
01_filter               	    247	00.080996	(00.000328 +- 00.000039)	[00.000167,00.002432]
02_preint               	    245	00.009108	(00.000037 +- 00.000005)	[00.000025,00.000075]
02a_intensity_preprocess	    247	00.809473	(00.003277 +- 00.000506)	[00.001237,00.006728]
03_undistortion         	    245	00.212296	(00.000867 +- 00.000181)	[00.000253,00.003404]
04_sampling             	    244	00.149793	(00.000614 +- 00.000105)	[00.000211,00.001400]
04b_intensity_sampling  	    244	00.209893	(00.000860 +- 00.000162)	[00.000321,00.002206]
05_registration         	    244	01.114230	(00.004567 +- 00.000995)	[00.001094,00.013003]
06_map                  	    244	00.237205	(00.000972 +- 00.000165)	[00.000373,00.001701]
07_imu_opt              	    244	00.314431	(00.001289 +- 00.000223)	[00.000001,00.003969]
08_publish              	    244	02.895394	(00.011866 +- 00.002451)	[00.002753,00.024065]
step                    	    247	06.066278	(00.024560 +- 00.004224)	[00.005205,00.049405]

INFO  Timings:
SM Timing
-----------
00_conversion_livox     	    249	02.894631	(00.011625 +- 00.000589)	[00.008464,00.021490]
01_filter               	    248	00.081148	(00.000327 +- 00.000039)	[00.000152,00.002432]
02_preint               	    246	00.009133	(00.000037 +- 00.000005)	[00.000025,00.000075]
02a_intensity_preprocess	    248	00.810757	(00.003269 +- 00.000519)	[00.001237,00.006728]
03_undistortion         	    246	00.212763	(00.000865 +- 00.000181)	[00.000253,00.003404]
04_sampling             	    245	00.150037	(00.000612 +- 00.000108)	[00.000211,00.001400]
04b_intensity_sampling  	    245	00.210262	(00.000858 +- 00.000167)	[00.000321,00.002206]
05_registration         	    245	01.115800	(00.004554 +- 00.000989)	[00.001094,00.013003]
06_map                  	    245	00.237557	(00.000970 +- 00.000171)	[00.000353,00.001701]
07_imu_opt              	    245	00.316107	(00.001290 +- 00.000229)	[00.000001,00.003969]
08_publish              	    245	02.898373	(00.011830 +- 00.002511)	[00.002753,00.024065]
step                    	    248	06.075455	(00.024498 +- 00.004296)	[00.005205,00.049405]

INFO  Timings:
SM Timing
-----------
00_conversion_livox     	    250	02.904312	(00.011617 +- 00.000594)	[00.008464,00.021490]
01_filter               	    249	00.081329	(00.000327 +- 00.000039)	[00.000152,00.002432]
02_preint               	    247	00.009159	(00.000037 +- 00.000005)	[00.000025,00.000075]
02a_intensity_preprocess	    249	00.812116	(00.003262 +- 00.000530)	[00.001237,00.006728]
03_undistortion         	    247	00.213050	(00.000863 +- 00.000184)	[00.000253,00.003404]
04_sampling             	    246	00.150281	(00.000611 +- 00.000110)	[00.000211,00.001400]
04b_intensity_sampling  	    246	00.210611	(00.000856 +- 00.000165)	[00.000321,00.002206]
05_registration         	    246	01.118226	(00.004546 +- 00.000942)	[00.001094,00.013003]
06_map                  	    246	00.237919	(00.000967 +- 00.000176)	[00.000353,00.001701]
07_imu_opt              	    246	00.317375	(00.001290 +- 00.000229)	[00.000001,00.003969]
08_publish              	    246	02.901747	(00.011796 +- 00.002547)	[00.002753,00.024065]
step                    	    249	06.085394	(00.024439 +- 00.004304)	[00.005205,00.049405]

INFO  Timings:
SM Timing
-----------
00_conversion_livox     	    251	02.913966	(00.011609 +- 00.000600)	[00.008464,00.021490]
01_filter               	    250	00.081486	(00.000326 +- 00.000040)	[00.000152,00.002432]
02_preint               	    248	00.009186	(00.000037 +- 00.000005)	[00.000025,00.000075]
02a_intensity_preprocess	    250	00.813570	(00.003254 +- 00.000535)	[00.001237,00.006728]
03_undistortion         	    248	00.213425	(00.000861 +- 00.000187)	[00.000253,00.003404]
04_sampling             	    247	00.150516	(00.000609 +- 00.000112)	[00.000211,00.001400]
04b_intensity_sampling  	    247	00.211025	(00.000854 +- 00.000161)	[00.000321,00.002206]
05_registration         	    247	01.119727	(00.004533 +- 00.000938)	[00.001094,00.013003]
06_map                  	    247	00.238295	(00.000965 +- 00.000181)	[00.000353,00.001701]
07_imu_opt              	    247	00.318731	(00.001290 +- 00.000230)	[00.000001,00.003969]
08_publish              	    247	02.905554	(00.011763 +- 00.002565)	[00.002753,00.024065]
step                    	    250	06.095150	(00.024381 +- 00.004331)	[00.005205,00.049405]

INFO  Timings:
SM Timing
-----------
00_conversion_livox     	    252	02.923653	(00.011602 +- 00.000605)	[00.008464,00.021490]
01_filter               	    251	00.081707	(00.000326 +- 00.000040)	[00.000152,00.002432]
02_preint               	    249	00.009215	(00.000037 +- 00.000005)	[00.000025,00.000075]
02a_intensity_preprocess	    251	00.815070	(00.003247 +- 00.000538)	[00.001237,00.006728]
03_undistortion         	    249	00.213772	(00.000859 +- 00.000189)	[00.000253,00.003404]
04_sampling             	    248	00.150841	(00.000608 +- 00.000112)	[00.000211,00.001400]
04b_intensity_sampling  	    248	00.211521	(00.000853 +- 00.000161)	[00.000321,00.002206]
05_registration         	    248	01.121844	(00.004524 +- 00.000936)	[00.001094,00.013003]
06_map                  	    248	00.238804	(00.000963 +- 00.000181)	[00.000353,00.001701]
07_imu_opt              	    248	00.319916	(00.001290 +- 00.000230)	[00.000001,00.003969]
08_publish              	    248	02.909709	(00.011733 +- 00.002555)	[00.002753,00.024065]
step                    	    251	06.106102	(00.024327 +- 00.004320)	[00.005205,00.049405]

INFO  Timings:
SM Timing
-----------
00_conversion_livox     	    253	02.933402	(00.011594 +- 00.000606)	[00.008464,00.021490]
01_filter               	    252	00.081928	(00.000325 +- 00.000040)	[00.000152,00.002432]
02_preint               	    250	00.009240	(00.000037 +- 00.000005)	[00.000025,00.000075]
02a_intensity_preprocess	    252	00.816677	(00.003241 +- 00.000534)	[00.001237,00.006728]
03_undistortion         	    250	00.214176	(00.000857 +- 00.000188)	[00.000253,00.003404]
04_sampling             	    249	00.151208	(00.000607 +- 00.000101)	[00.000211,00.001400]
04b_intensity_sampling  	    249	00.212048	(00.000852 +- 00.000155)	[00.000321,00.002206]
05_registration         	    249	01.124112	(00.004515 +- 00.000936)	[00.001094,00.013003]
06_map                  	    249	00.239352	(00.000961 +- 00.000180)	[00.000353,00.001701]
07_imu_opt              	    249	00.320931	(00.001289 +- 00.000233)	[00.000001,00.003969]
08_publish              	    249	02.914417	(00.011704 +- 00.002531)	[00.002753,00.024065]
step                    	    252	06.117844	(00.024277 +- 00.004290)	[00.005205,00.049405]

INFO  Timings:
SM Timing
-----------
00_conversion_livox     	    254	02.942373	(00.011584 +- 00.000629)	[00.008464,00.021490]
01_filter               	    253	00.082122	(00.000325 +- 00.000040)	[00.000152,00.002432]
02_preint               	    251	00.009266	(00.000037 +- 00.000005)	[00.000025,00.000075]
02a_intensity_preprocess	    253	00.818382	(00.003235 +- 00.000530)	[00.001237,00.006728]
03_undistortion         	    251	00.214692	(00.000855 +- 00.000181)	[00.000253,00.003404]
04_sampling             	    250	00.151555	(00.000606 +- 00.000101)	[00.000211,00.001400]
04b_intensity_sampling  	    250	00.212522	(00.000850 +- 00.000144)	[00.000321,00.002206]
05_registration         	    250	01.126121	(00.004504 +- 00.000933)	[00.001094,00.013003]
06_map                  	    250	00.239854	(00.000959 +- 00.000177)	[00.000353,00.001701]
07_imu_opt              	    250	00.322349	(00.001289 +- 00.000234)	[00.000001,00.003969]
08_publish              	    250	02.919395	(00.011678 +- 00.002504)	[00.002753,00.024065]
step                    	    253	06.130079	(00.024230 +- 00.004236)	[00.005205,00.049405]

INFO  Timings:
SM Timing
-----------
00_conversion_livox     	    255	02.951575	(00.011575 +- 00.000643)	[00.008464,00.021490]
01_filter               	    254	00.082314	(00.000324 +- 00.000041)	[00.000152,00.002432]
02_preint               	    252	00.009293	(00.000037 +- 00.000005)	[00.000025,00.000075]
02a_intensity_preprocess	    254	00.820198	(00.003229 +- 00.000522)	[00.001237,00.006728]
03_undistortion         	    252	00.215285	(00.000854 +- 00.000180)	[00.000253,00.003404]
04_sampling             	    251	00.151852	(00.000605 +- 00.000101)	[00.000211,00.001400]
04b_intensity_sampling  	    251	00.212950	(00.000848 +- 00.000146)	[00.000321,00.002206]
05_registration         	    251	01.128155	(00.004495 +- 00.000931)	[00.001094,00.013003]
06_map                  	    251	00.240366	(00.000958 +- 00.000177)	[00.000353,00.001701]
07_imu_opt              	    251	00.323470	(00.001289 +- 00.000235)	[00.000001,00.003969]
08_publish              	    251	02.924492	(00.011651 +- 00.002466)	[00.002753,00.024065]
step                    	    254	06.142268	(00.024182 +- 00.004192)	[00.005205,00.049405]

INFO  Timings:
SM Timing
-----------
00_conversion_livox     	    256	02.961005	(00.011566 +- 00.000647)	[00.008464,00.021490]
01_filter               	    255	00.082565	(00.000324 +- 00.000039)	[00.000152,00.002432]
02_preint               	    253	00.009319	(00.000037 +- 00.000005)	[00.000025,00.000075]
02a_intensity_preprocess	    255	00.822061	(00.003224 +- 00.000514)	[00.001237,00.006728]
03_undistortion         	    253	00.215863	(00.000853 +- 00.000178)	[00.000253,00.003404]
04_sampling             	    252	00.152209	(00.000604 +- 00.000099)	[00.000211,00.001400]
04b_intensity_sampling  	    252	00.213478	(00.000847 +- 00.000144)	[00.000321,00.002206]
05_registration         	    252	01.130825	(00.004487 +- 00.000930)	[00.001094,00.013003]
06_map                  	    252	00.241800	(00.000960 +- 00.000207)	[00.000353,00.001701]
07_imu_opt              	    252	00.324783	(00.001289 +- 00.000235)	[00.000001,00.003969]
08_publish              	    252	02.930218	(00.011628 +- 00.002413)	[00.002753,00.024065]
step                    	    255	06.157082	(00.024145 +- 00.004118)	[00.005205,00.049405]

INFO  Timings:
SM Timing
-----------
00_conversion_livox     	    257	02.970959	(00.011560 +- 00.000648)	[00.008464,00.021490]
01_filter               	    256	00.082767	(00.000323 +- 00.000038)	[00.000152,00.002432]
02_preint               	    254	00.009345	(00.000037 +- 00.000005)	[00.000025,00.000075]
02a_intensity_preprocess	    256	00.824079	(00.003219 +- 00.000505)	[00.001237,00.006728]
03_undistortion         	    254	00.216285	(00.000852 +- 00.000178)	[00.000253,00.003404]
04_sampling             	    253	00.152532	(00.000603 +- 00.000098)	[00.000211,00.001400]
04b_intensity_sampling  	    253	00.214115	(00.000846 +- 00.000144)	[00.000321,00.002206]
05_registration         	    253	01.132413	(00.004476 +- 00.000654)	[00.001094,00.013003]
06_map                  	    253	00.242303	(00.000958 +- 00.000207)	[00.000353,00.001701]
07_imu_opt              	    253	00.325970	(00.001288 +- 00.000235)	[00.000001,00.003969]
08_publish              	    253	02.936082	(00.011605 +- 00.002352)	[00.002753,00.024065]
step                    	    256	06.169921	(00.024101 +- 00.003892)	[00.005205,00.049405]

INFO  Timings:
SM Timing
-----------
00_conversion_livox     	    258	02.980793	(00.011553 +- 00.000647)	[00.008464,00.021490]
01_filter               	    257	00.083008	(00.000323 +- 00.000037)	[00.000152,00.002432]
02_preint               	    255	00.009371	(00.000037 +- 00.000005)	[00.000025,00.000075]
02a_intensity_preprocess	    257	00.826051	(00.003214 +- 00.000494)	[00.001237,00.006728]
03_undistortion         	    255	00.216756	(00.000850 +- 00.000176)	[00.000253,00.003404]
04_sampling             	    254	00.152895	(00.000602 +- 00.000098)	[00.000211,00.001400]
04b_intensity_sampling  	    254	00.214733	(00.000845 +- 00.000142)	[00.000321,00.002206]
05_registration         	    254	01.134526	(00.004467 +- 00.000654)	[00.001094,00.013003]
06_map                  	    254	00.242945	(00.000956 +- 00.000202)	[00.000353,00.001701]
07_imu_opt              	    254	00.327045	(00.001288 +- 00.000236)	[00.000001,00.003969]
08_publish              	    254	02.942366	(00.011584 +- 00.002300)	[00.002753,00.024065]
step                    	    257	06.183781	(00.024061 +- 00.003828)	[00.005205,00.049405]

INFO  Timings:
SM Timing
-----------
00_conversion_livox     	    259	02.990280	(00.011545 +- 00.000653)	[00.008464,00.021490]
01_filter               	    258	00.083253	(00.000323 +- 00.000037)	[00.000152,00.002432]
02_preint               	    256	00.009396	(00.000037 +- 00.000005)	[00.000025,00.000075]
02a_intensity_preprocess	    258	00.828150	(00.003210 +- 00.000485)	[00.001237,00.006728]
03_undistortion         	    256	00.217343	(00.000849 +- 00.000173)	[00.000253,00.003404]
04_sampling             	    255	00.153415	(00.000602 +- 00.000099)	[00.000211,00.001400]
04b_intensity_sampling  	    255	00.215412	(00.000845 +- 00.000142)	[00.000321,00.002206]
05_registration         	    255	01.136482	(00.004457 +- 00.000652)	[00.001094,00.013003]
06_map                  	    255	00.243717	(00.000956 +- 00.000201)	[00.000353,00.001701]
07_imu_opt              	    255	00.328080	(00.001287 +- 00.000238)	[00.000001,00.003969]
08_publish              	    255	02.948986	(00.011565 +- 00.002253)	[00.002753,00.024065]
step                    	    258	06.198381	(00.024025 +- 00.003766)	[00.005205,00.049405]

INFO  Timings:
SM Timing
-----------
00_conversion_livox     	    260	02.999972	(00.011538 +- 00.000654)	[00.008464,00.021490]
01_filter               	    259	00.083542	(00.000323 +- 00.000038)	[00.000152,00.002432]
02_preint               	    257	00.009424	(00.000037 +- 00.000005)	[00.000025,00.000075]
02a_intensity_preprocess	    259	00.830289	(00.003206 +- 00.000476)	[00.001237,00.006728]
03_undistortion         	    257	00.217755	(00.000847 +- 00.000170)	[00.000253,00.003404]
04_sampling             	    256	00.153838	(00.000601 +- 00.000099)	[00.000211,00.001400]
04b_intensity_sampling  	    256	00.216153	(00.000844 +- 00.000143)	[00.000321,00.002206]
05_registration         	    256	01.138314	(00.004447 +- 00.000653)	[00.001094,00.013003]
06_map                  	    256	00.244516	(00.000955 +- 00.000202)	[00.000353,00.001701]
07_imu_opt              	    256	00.329232	(00.001286 +- 00.000237)	[00.000001,00.003969]
08_publish              	    256	02.956055	(00.011547 +- 00.002207)	[00.002753,00.024065]
step                    	    259	06.213327	(00.023990 +- 00.003708)	[00.005205,00.049405]

INFO  Timings:
SM Timing
-----------
00_conversion_livox     	    261	03.009627	(00.011531 +- 00.000657)	[00.008464,00.021490]
01_filter               	    260	00.083753	(00.000322 +- 00.000038)	[00.000152,00.002432]
02_preint               	    258	00.009452	(00.000037 +- 00.000005)	[00.000025,00.000075]
02a_intensity_preprocess	    260	00.832588	(00.003202 +- 00.000467)	[00.001237,00.006728]
03_undistortion         	    258	00.218220	(00.000846 +- 00.000167)	[00.000253,00.003404]
04_sampling             	    257	00.154419	(00.000601 +- 00.000102)	[00.000211,00.001400]
04b_intensity_sampling  	    257	00.216804	(00.000844 +- 00.000143)	[00.000321,00.002206]
05_registration         	    257	01.140583	(00.004438 +- 00.000653)	[00.001094,00.013003]
06_map                  	    257	00.245167	(00.000954 +- 00.000200)	[00.000353,00.001701]
07_imu_opt              	    257	00.330317	(00.001285 +- 00.000238)	[00.000001,00.003969]
08_publish              	    257	02.963783	(00.011532 +- 00.002158)	[00.002753,00.024065]
step                    	    260	06.229351	(00.023959 +- 00.003649)	[00.005205,00.049405]

INFO  Timings:
SM Timing
-----------
00_conversion_livox     	    262	03.019339	(00.011524 +- 00.000659)	[00.008464,00.021490]
01_filter               	    261	00.084034	(00.000322 +- 00.000039)	[00.000152,00.002432]
02_preint               	    259	00.009478	(00.000037 +- 00.000005)	[00.000025,00.000075]
02a_intensity_preprocess	    261	00.834830	(00.003199 +- 00.000458)	[00.001237,00.006728]
03_undistortion         	    259	00.218997	(00.000846 +- 00.000166)	[00.000253,00.003404]
04_sampling             	    258	00.154839	(00.000600 +- 00.000094)	[00.000211,00.001400]
04b_intensity_sampling  	    258	00.217457	(00.000843 +- 00.000139)	[00.000321,00.002206]
05_registration         	    258	01.143440	(00.004432 +- 00.000633)	[00.001094,00.013003]
06_map                  	    258	00.245909	(00.000953 +- 00.000199)	[00.000353,00.001701]
07_imu_opt              	    258	00.331351	(00.001284 +- 00.000240)	[00.000001,00.003969]
08_publish              	    258	02.971901	(00.011519 +- 00.002119)	[00.002753,00.024065]
step                    	    261	06.246582	(00.023933 +- 00.003567)	[00.005205,00.049405]

INFO  Timings:
SM Timing
-----------
00_conversion_livox     	    263	03.029035	(00.011517 +- 00.000661)	[00.008464,00.021490]
01_filter               	    262	00.084328	(00.000322 +- 00.000040)	[00.000152,00.002432]
02_preint               	    260	00.009506	(00.000037 +- 00.000005)	[00.000025,00.000075]
02a_intensity_preprocess	    262	00.837278	(00.003196 +- 00.000449)	[00.001237,00.006728]
03_undistortion         	    260	00.219846	(00.000846 +- 00.000169)	[00.000253,00.003404]
04_sampling             	    259	00.155260	(00.000599 +- 00.000094)	[00.000211,00.001400]
04b_intensity_sampling  	    259	00.218148	(00.000842 +- 00.000138)	[00.000321,00.002206]
05_registration         	    259	01.145675	(00.004423 +- 00.000631)	[00.001094,00.013003]
06_map                  	    259	00.246743	(00.000953 +- 00.000198)	[00.000353,00.001701]
07_imu_opt              	    259	00.332421	(00.001283 +- 00.000241)	[00.000001,00.003969]
08_publish              	    259	02.980112	(00.011506 +- 00.002072)	[00.002753,00.024065]
step                    	    262	06.263726	(00.023907 +- 00.003513)	[00.005205,00.049405]

INFO  Timings:
SM Timing
-----------
00_conversion_livox     	    264	03.039176	(00.011512 +- 00.000658)	[00.008464,00.021490]
01_filter               	    263	00.084610	(00.000322 +- 00.000040)	[00.000152,00.002432]
02_preint               	    261	00.009532	(00.000037 +- 00.000005)	[00.000025,00.000075]
02a_intensity_preprocess	    263	00.839608	(00.003192 +- 00.000438)	[00.001237,00.006728]
03_undistortion         	    261	00.220513	(00.000845 +- 00.000169)	[00.000253,00.003404]
04_sampling             	    260	00.155626	(00.000599 +- 00.000093)	[00.000211,00.001400]
04b_intensity_sampling  	    260	00.218874	(00.000842 +- 00.000133)	[00.000321,00.002206]
05_registration         	    260	01.148851	(00.004419 +- 00.000635)	[00.001094,00.013003]
06_map                  	    260	00.247459	(00.000952 +- 00.000196)	[00.000353,00.001701]
07_imu_opt              	    260	00.333479	(00.001283 +- 00.000243)	[00.000001,00.003969]
08_publish              	    260	02.988008	(00.011492 +- 00.002027)	[00.002753,00.024065]
step                    	    263	06.281037	(00.023882 +- 00.003446)	[00.005205,00.049405]

INFO  Timings:
SM Timing
-----------
00_conversion_livox     	    265	03.048656	(00.011504 +- 00.000663)	[00.008464,00.021490]
01_filter               	    264	00.084886	(00.000322 +- 00.000040)	[00.000152,00.002432]
02_preint               	    262	00.009557	(00.000036 +- 00.000005)	[00.000025,00.000075]
02a_intensity_preprocess	    264	00.841846	(00.003189 +- 00.000432)	[00.001237,00.006728]
03_undistortion         	    262	00.221149	(00.000844 +- 00.000166)	[00.000253,00.003404]
04_sampling             	    261	00.156050	(00.000598 +- 00.000093)	[00.000211,00.001400]
04b_intensity_sampling  	    261	00.219447	(00.000841 +- 00.000132)	[00.000321,00.002206]
05_registration         	    261	01.150564	(00.004408 +- 00.000628)	[00.001094,00.013003]
06_map                  	    261	00.248269	(00.000951 +- 00.000196)	[00.000353,00.001701]
07_imu_opt              	    261	00.334530	(00.001282 +- 00.000245)	[00.000001,00.003969]
08_publish              	    261	02.995144	(00.011476 +- 00.001979)	[00.002753,00.024065]
step                    	    264	06.295966	(00.023848 +- 00.003369)	[00.005205,00.049405]

INFO  Timings:
SM Timing
-----------
00_conversion_livox     	    266	03.058603	(00.011499 +- 00.000663)	[00.008464,00.021490]
01_filter               	    265	00.085161	(00.000321 +- 00.000041)	[00.000152,00.002432]
02_preint               	    263	00.009583	(00.000036 +- 00.000005)	[00.000025,00.000075]
02a_intensity_preprocess	    265	00.843926	(00.003185 +- 00.000425)	[00.001237,00.006728]
03_undistortion         	    263	00.221678	(00.000843 +- 00.000164)	[00.000253,00.003404]
04_sampling             	    262	00.156468	(00.000597 +- 00.000094)	[00.000211,00.001400]
04b_intensity_sampling  	    262	00.220069	(00.000840 +- 00.000131)	[00.000321,00.002206]
05_registration         	    262	01.152285	(00.004398 +- 00.000631)	[00.001094,00.013003]
06_map                  	    262	00.249662	(00.000953 +- 00.000220)	[00.000353,00.001701]
07_imu_opt              	    262	00.335582	(00.001281 +- 00.000246)	[00.000001,00.003969]
08_publish              	    262	03.001902	(00.011458 +- 00.001938)	[00.002753,00.024065]
step                    	    265	06.310898	(00.023815 +- 00.003329)	[00.005205,00.049405]

INFO  Timings:
SM Timing
-----------
00_conversion_livox     	    267	03.068441	(00.011492 +- 00.000663)	[00.008464,00.021490]
01_filter               	    266	00.085427	(00.000321 +- 00.000041)	[00.000152,00.002432]
02_preint               	    264	00.009610	(00.000036 +- 00.000005)	[00.000025,00.000075]
02a_intensity_preprocess	    266	00.846048	(00.003181 +- 00.000418)	[00.001237,00.006728]
03_undistortion         	    264	00.222120	(00.000841 +- 00.000163)	[00.000253,00.003404]
04_sampling             	    263	00.156896	(00.000597 +- 00.000094)	[00.000211,00.001400]
04b_intensity_sampling  	    263	00.220658	(00.000839 +- 00.000122)	[00.000321,00.002206]
05_registration         	    263	01.154351	(00.004389 +- 00.000630)	[00.001094,00.013003]
06_map                  	    263	00.250478	(00.000952 +- 00.000221)	[00.000353,00.001701]
07_imu_opt              	    263	00.336725	(00.001280 +- 00.000247)	[00.000001,00.003969]
08_publish              	    263	03.008662	(00.011440 +- 00.001903)	[00.002753,00.024065]
step                    	    266	06.325623	(00.023781 +- 00.003293)	[00.005205,00.049405]

INFO  Timings:
SM Timing
-----------
00_conversion_livox     	    268	03.078283	(00.011486 +- 00.000663)	[00.008464,00.021490]
01_filter               	    267	00.085778	(00.000321 +- 00.000044)	[00.000152,00.002432]
02_preint               	    265	00.009637	(00.000036 +- 00.000005)	[00.000025,00.000075]
02a_intensity_preprocess	    267	00.848197	(00.003177 +- 00.000414)	[00.001237,00.006728]
03_undistortion         	    265	00.222647	(00.000840 +- 00.000153)	[00.000253,00.003404]
04_sampling             	    264	00.157355	(00.000596 +- 00.000084)	[00.000211,00.001400]
04b_intensity_sampling  	    264	00.221260	(00.000838 +- 00.000113)	[00.000321,00.002206]
05_registration         	    264	01.156187	(00.004379 +- 00.000624)	[00.001094,00.013003]
06_map                  	    264	00.251122	(00.000951 +- 00.000219)	[00.000353,00.001701]
07_imu_opt              	    264	00.338083	(00.001281 +- 00.000246)	[00.000001,00.003969]
08_publish              	    264	03.015628	(00.011423 +- 00.001882)	[00.002753,00.024065]
step                    	    267	06.340596	(00.023748 +- 00.003236)	[00.005205,00.049405]

INFO  Timings:
SM Timing
-----------
00_conversion_livox     	    269	03.088058	(00.011480 +- 00.000664)	[00.008464,00.021490]
01_filter               	    268	00.086059	(00.000321 +- 00.000045)	[00.000152,00.002432]
02_preint               	    266	00.009665	(00.000036 +- 00.000005)	[00.000025,00.000075]
02a_intensity_preprocess	    268	00.850398	(00.003173 +- 00.000411)	[00.001237,00.006728]
03_undistortion         	    266	00.223472	(00.000840 +- 00.000157)	[00.000253,00.003404]
04_sampling             	    265	00.157850	(00.000596 +- 00.000086)	[00.000211,00.001400]
04b_intensity_sampling  	    265	00.221937	(00.000837 +- 00.000114)	[00.000321,00.002206]
05_registration         	    265	01.159053	(00.004374 +- 00.000626)	[00.001094,00.013003]
06_map                  	    265	00.251854	(00.000950 +- 00.000216)	[00.000353,00.001701]
07_imu_opt              	    265	00.339897	(00.001283 +- 00.000256)	[00.000001,00.003969]
08_publish              	    265	03.022937	(00.011407 +- 00.001872)	[00.002753,00.024065]
step                    	    268	06.357884	(00.023723 +- 00.003233)	[00.005205,00.049405]

INFO  Timings:
SM Timing
-----------
00_conversion_livox     	    270	03.097629	(00.011473 +- 00.000664)	[00.008464,00.021490]
01_filter               	    269	00.086363	(00.000321 +- 00.000045)	[00.000152,00.002432]
02_preint               	    267	00.009701	(00.000036 +- 00.000005)	[00.000025,00.000075]
02a_intensity_preprocess	    269	00.852724	(00.003170 +- 00.000409)	[00.001237,00.006728]
03_undistortion         	    267	00.223995	(00.000839 +- 00.000157)	[00.000253,00.003404]
04_sampling             	    266	00.158248	(00.000595 +- 00.000086)	[00.000211,00.001400]
04b_intensity_sampling  	    266	00.222587	(00.000837 +- 00.000114)	[00.000321,00.002206]
05_registration         	    266	01.161078	(00.004365 +- 00.000625)	[00.001094,00.013003]
06_map                  	    266	00.252617	(00.000950 +- 00.000216)	[00.000353,00.001701]
07_imu_opt              	    266	00.340954	(00.001282 +- 00.000258)	[00.000001,00.003969]
08_publish              	    266	03.030875	(00.011394 +- 00.001875)	[00.002753,00.024065]
step                    	    269	06.373969	(00.023695 +- 00.003225)	[00.005205,00.049405]

INFO  Timings:
SM Timing
-----------
00_conversion_livox     	    271	03.107025	(00.011465 +- 00.000669)	[00.008464,00.021490]
01_filter               	    270	00.086660	(00.000321 +- 00.000045)	[00.000152,00.002432]
02_preint               	    268	00.009729	(00.000036 +- 00.000005)	[00.000025,00.000075]
02a_intensity_preprocess	    270	00.855048	(00.003167 +- 00.000410)	[00.001237,00.006728]
03_undistortion         	    268	00.224649	(00.000838 +- 00.000158)	[00.000253,00.003404]
04_sampling             	    267	00.158664	(00.000594 +- 00.000086)	[00.000211,00.001400]
04b_intensity_sampling  	    267	00.223288	(00.000836 +- 00.000115)	[00.000321,00.002206]
05_registration         	    267	01.164107	(00.004360 +- 00.000636)	[00.001094,00.013003]
06_map                  	    267	00.253451	(00.000949 +- 00.000217)	[00.000353,00.001701]
07_imu_opt              	    267	00.342034	(00.001281 +- 00.000259)	[00.000001,00.003969]
08_publish              	    267	03.038949	(00.011382 +- 00.001880)	[00.002753,00.024065]
step                    	    270	06.391473	(00.023672 +- 00.003246)	[00.005205,00.049405]

INFO  Timings:
SM Timing
-----------
00_conversion_livox     	    272	03.116431	(00.011457 +- 00.000657)	[00.008464,00.021490]
01_filter               	    271	00.086946	(00.000321 +- 00.000045)	[00.000152,00.002432]
02_preint               	    269	00.009764	(00.000036 +- 00.000005)	[00.000025,00.000075]
02a_intensity_preprocess	    271	00.857398	(00.003164 +- 00.000409)	[00.001237,00.006728]
03_undistortion         	    269	00.225266	(00.000837 +- 00.000158)	[00.000253,00.003404]
04_sampling             	    268	00.159082	(00.000594 +- 00.000085)	[00.000211,00.001400]
04b_intensity_sampling  	    268	00.223939	(00.000836 +- 00.000115)	[00.000321,00.002206]
05_registration         	    268	01.166643	(00.004353 +- 00.000633)	[00.001094,00.013003]
06_map                  	    268	00.254345	(00.000949 +- 00.000219)	[00.000353,00.001701]
07_imu_opt              	    268	00.343127	(00.001280 +- 00.000260)	[00.000001,00.003969]
08_publish              	    268	03.046845	(00.011369 +- 00.001878)	[00.002753,00.024065]
step                    	    271	06.408308	(00.023647 +- 00.003239)	[00.005205,00.049405]

INFO  Timings:
SM Timing
-----------
00_conversion_livox     	    273	03.126365	(00.011452 +- 00.000643)	[00.008464,00.021490]
01_filter               	    272	00.087243	(00.000321 +- 00.000046)	[00.000152,00.002432]
02_preint               	    270	00.009800	(00.000036 +- 00.000005)	[00.000025,00.000075]
02a_intensity_preprocess	    272	00.859728	(00.003161 +- 00.000405)	[00.001237,00.006728]
03_undistortion         	    270	00.225871	(00.000837 +- 00.000158)	[00.000253,00.003404]
04_sampling             	    269	00.159488	(00.000593 +- 00.000085)	[00.000211,00.001400]
04b_intensity_sampling  	    269	00.224648	(00.000835 +- 00.000116)	[00.000321,00.002206]
05_registration         	    269	01.169280	(00.004347 +- 00.000623)	[00.001094,00.013003]
06_map                  	    269	00.254998	(00.000948 +- 00.000215)	[00.000353,00.001701]
07_imu_opt              	    269	00.344258	(00.001280 +- 00.000255)	[00.000001,00.003969]
08_publish              	    269	03.054673	(00.011356 +- 00.001864)	[00.002753,00.024065]
step                    	    272	06.425016	(00.023621 +- 00.003194)	[00.005205,00.049405]

INFO  Timings:
SM Timing
-----------
00_conversion_livox     	    274	03.135870	(00.011445 +- 00.000633)	[00.008464,00.021490]
01_filter               	    273	00.087550	(00.000321 +- 00.000047)	[00.000152,00.002432]
02_preint               	    271	00.009837	(00.000036 +- 00.000005)	[00.000025,00.000075]
02a_intensity_preprocess	    273	00.861984	(00.003157 +- 00.000402)	[00.001237,00.006728]
03_undistortion         	    271	00.226604	(00.000836 +- 00.000159)	[00.000253,00.003404]
04_sampling             	    270	00.159841	(00.000592 +- 00.000085)	[00.000211,00.001400]
04b_intensity_sampling  	    270	00.225336	(00.000835 +- 00.000117)	[00.000321,00.002206]
05_registration         	    270	01.171595	(00.004339 +- 00.000623)	[00.001094,00.013003]
06_map                  	    270	00.256012	(00.000948 +- 00.000221)	[00.000353,00.001701]
07_imu_opt              	    270	00.345382	(00.001279 +- 00.000256)	[00.000001,00.003969]
08_publish              	    270	03.062493	(00.011343 +- 00.001861)	[00.002753,00.024065]
step                    	    273	06.441726	(00.023596 +- 00.003198)	[00.005205,00.049405]

INFO  Timings:
SM Timing
-----------
00_conversion_livox     	    275	03.145289	(00.011437 +- 00.000616)	[00.008464,00.021490]
01_filter               	    274	00.087850	(00.000321 +- 00.000048)	[00.000152,00.002432]
02_preint               	    272	00.009874	(00.000036 +- 00.000005)	[00.000025,00.000075]
02a_intensity_preprocess	    274	00.864301	(00.003154 +- 00.000398)	[00.001237,00.006728]
03_undistortion         	    272	00.227167	(00.000835 +- 00.000159)	[00.000253,00.003404]
04_sampling             	    271	00.160251	(00.000591 +- 00.000085)	[00.000211,00.001400]
04b_intensity_sampling  	    271	00.226099	(00.000834 +- 00.000119)	[00.000321,00.002206]
05_registration         	    271	01.173555	(00.004330 +- 00.000620)	[00.001094,00.013003]
06_map                  	    271	00.256745	(00.000947 +- 00.000222)	[00.000353,00.001701]
07_imu_opt              	    271	00.346521	(00.001279 +- 00.000209)	[00.000001,00.003969]
08_publish              	    271	03.070364	(00.011330 +- 00.001845)	[00.002753,00.024065]
step                    	    274	06.457886	(00.023569 +- 00.003139)	[00.005205,00.049405]

INFO  Timings:
SM Timing
-----------
00_conversion_livox     	    276	03.154953	(00.011431 +- 00.000593)	[00.008464,00.021490]
01_filter               	    275	00.088134	(00.000320 +- 00.000048)	[00.000152,00.002432]
02_preint               	    273	00.009910	(00.000036 +- 00.000005)	[00.000025,00.000075]
02a_intensity_preprocess	    275	00.866633	(00.003151 +- 00.000394)	[00.001237,00.006728]
03_undistortion         	    273	00.227857	(00.000835 +- 00.000158)	[00.000253,00.003404]
04_sampling             	    272	00.161018	(00.000592 +- 00.000100)	[00.000211,00.001400]
04b_intensity_sampling  	    272	00.226792	(00.000834 +- 00.000120)	[00.000321,00.002206]
05_registration         	    272	01.175960	(00.004323 +- 00.000611)	[00.001094,00.013003]
06_map                  	    272	00.257550	(00.000947 +- 00.000222)	[00.000353,00.001701]
07_imu_opt              	    272	00.347698	(00.001278 +- 00.000208)	[00.000001,00.003969]
08_publish              	    272	03.078574	(00.011318 +- 00.001837)	[00.002753,00.024065]
step                    	    275	06.475346	(00.023547 +- 00.003117)	[00.005205,00.049405]

INFO  Timings:
SM Timing
-----------
00_conversion_livox     	    277	03.164725	(00.011425 +- 00.000550)	[00.008464,00.021490]
01_filter               	    276	00.088507	(00.000321 +- 00.000051)	[00.000152,00.002432]
02_preint               	    274	00.009950	(00.000036 +- 00.000005)	[00.000025,00.000075]
02a_intensity_preprocess	    276	00.869131	(00.003149 +- 00.000394)	[00.001237,00.006728]
03_undistortion         	    274	00.228530	(00.000834 +- 00.000159)	[00.000253,00.003404]
04_sampling             	    273	00.161472	(00.000591 +- 00.000101)	[00.000211,00.001400]
04b_intensity_sampling  	    273	00.227549	(00.000834 +- 00.000123)	[00.000321,00.002206]
05_registration         	    273	01.179761	(00.004321 +- 00.000635)	[00.001094,00.013003]
06_map                  	    273	00.258389	(00.000946 +- 00.000224)	[00.000353,00.001701]
07_imu_opt              	    273	00.349177	(00.001279 +- 00.000209)	[00.000001,00.003969]
08_publish              	    273	03.087690	(00.011310 +- 00.001862)	[00.002753,00.024065]
step                    	    276	06.495449	(00.023534 +- 00.003179)	[00.005205,00.049405]

INFO  Timings:
SM Timing
-----------
00_conversion_livox     	    278	03.174893	(00.011420 +- 00.000529)	[00.008464,00.021490]
01_filter               	    277	00.088826	(00.000321 +- 00.000053)	[00.000152,00.002432]
02_preint               	    275	00.009983	(00.000036 +- 00.000005)	[00.000025,00.000075]
02a_intensity_preprocess	    277	00.871844	(00.003147 +- 00.000400)	[00.001237,00.006728]
03_undistortion         	    275	00.229465	(00.000834 +- 00.000167)	[00.000253,00.003404]
04_sampling             	    274	00.161910	(00.000591 +- 00.000101)	[00.000211,00.001400]
04b_intensity_sampling  	    274	00.228354	(00.000833 +- 00.000127)	[00.000321,00.002206]
05_registration         	    274	01.184028	(00.004321 +- 00.000683)	[00.001094,00.013003]
06_map                  	    274	00.259239	(00.000946 +- 00.000224)	[00.000353,00.001701]
07_imu_opt              	    274	00.350491	(00.001279 +- 00.000205)	[00.000001,00.003969]
08_publish              	    274	03.097600	(00.011305 +- 00.001904)	[00.002753,00.024065]
step                    	    277	06.517110	(00.023527 +- 00.003290)	[00.005205,00.049405]

INFO  Timings:
SM Timing
-----------
00_conversion_livox     	    279	03.185432	(00.011417 +- 00.000416)	[00.008464,00.021490]
01_filter               	    278	00.089126	(00.000321 +- 00.000052)	[00.000152,00.002432]
02_preint               	    276	00.010017	(00.000036 +- 00.000005)	[00.000025,00.000075]
02a_intensity_preprocess	    278	00.874758	(00.003147 +- 00.000408)	[00.001237,00.006728]
03_undistortion         	    276	00.230132	(00.000834 +- 00.000168)	[00.000253,00.003404]
04_sampling             	    275	00.162457	(00.000591 +- 00.000102)	[00.000211,00.001400]
04b_intensity_sampling  	    275	00.229253	(00.000834 +- 00.000135)	[00.000321,00.002206]
05_registration         	    275	01.187076	(00.004317 +- 00.000694)	[00.001094,00.013003]
06_map                  	    275	00.260039	(00.000946 +- 00.000225)	[00.000353,00.001701]
07_imu_opt              	    275	00.351819	(00.001279 +- 00.000193)	[00.000001,00.003969]
08_publish              	    275	03.107831	(00.011301 +- 00.001961)	[00.002753,00.024065]
step                    	    278	06.537955	(00.023518 +- 00.003377)	[00.005205,00.049405]

INFO  Timings:
SM Timing
-----------
00_conversion_livox     	    280	03.196162	(00.011415 +- 00.000372)	[00.008464,00.021490]
01_filter               	    279	00.089402	(00.000320 +- 00.000052)	[00.000152,00.002432]
02_preint               	    277	00.010058	(00.000036 +- 00.000005)	[00.000025,00.000075]
02a_intensity_preprocess	    279	00.877902	(00.003147 +- 00.000435)	[00.001237,00.006728]
03_undistortion         	    277	00.231121	(00.000834 +- 00.000177)	[00.000253,00.003404]
04_sampling             	    276	00.163108	(00.000591 +- 00.000109)	[00.000211,00.001400]
04b_intensity_sampling  	    276	00.230337	(00.000835 +- 00.000152)	[00.000321,00.002206]
05_registration         	    276	01.190047	(00.004312 +- 00.000701)	[00.001094,00.013003]
06_map                  	    276	00.261045	(00.000946 +- 00.000230)	[00.000353,00.001701]
07_imu_opt              	    276	00.353364	(00.001280 +- 00.000197)	[00.000001,00.003969]
08_publish              	    276	03.118451	(00.011299 +- 00.002049)	[00.002753,00.024065]
step                    	    279	06.560452	(00.023514 +- 00.003569)	[00.005205,00.049405]

INFO  Timings:
SM Timing
-----------
00_conversion_livox     	    281	03.207044	(00.011413 +- 00.000378)	[00.008464,00.021490]
01_filter               	    280	00.089740	(00.000321 +- 00.000054)	[00.000152,00.002432]
02_preint               	    278	00.010096	(00.000036 +- 00.000005)	[00.000025,00.000075]
02a_intensity_preprocess	    280	00.880984	(00.003146 +- 00.000460)	[00.001237,00.006728]
03_undistortion         	    278	00.231940	(00.000834 +- 00.000177)	[00.000253,00.003404]
04_sampling             	    277	00.163658	(00.000591 +- 00.000110)	[00.000211,00.001400]
04b_intensity_sampling  	    277	00.231325	(00.000835 +- 00.000162)	[00.000321,00.002206]
05_registration         	    277	01.193774	(00.004310 +- 00.000689)	[00.001094,00.013003]
06_map                  	    277	00.262062	(00.000946 +- 00.000236)	[00.000353,00.001701]
07_imu_opt              	    277	00.354693	(00.001280 +- 00.000197)	[00.000001,00.003969]
08_publish              	    277	03.128733	(00.011295 +- 00.002125)	[00.002753,00.024065]
step                    	    280	06.582697	(00.023510 +- 00.003713)	[00.005205,00.049405]

INFO  Timings:
SM Timing
-----------
00_conversion_livox     	    282	03.217685	(00.011410 +- 00.000381)	[00.008464,00.021490]
01_filter               	    281	00.090082	(00.000321 +- 00.000056)	[00.000152,00.002432]
02_preint               	    279	00.010135	(00.000036 +- 00.000005)	[00.000025,00.000075]
02a_intensity_preprocess	    281	00.883863	(00.003145 +- 00.000476)	[00.001237,00.006728]
03_undistortion         	    279	00.232731	(00.000834 +- 00.000180)	[00.000253,00.003404]
04_sampling             	    278	00.164352	(00.000591 +- 00.000118)	[00.000211,00.001400]
04b_intensity_sampling  	    278	00.232147	(00.000835 +- 00.000165)	[00.000321,00.002206]
05_registration         	    278	01.196356	(00.004303 +- 00.000691)	[00.001094,00.013003]
06_map                  	    278	00.262948	(00.000946 +- 00.000238)	[00.000353,00.001701]
07_imu_opt              	    278	00.355933	(00.001280 +- 00.000188)	[00.000001,00.003969]
08_publish              	    278	03.138777	(00.011291 +- 00.002193)	[00.002753,00.024065]
step                    	    281	06.603166	(00.023499 +- 00.003816)	[00.005205,00.049405]

INFO  Timings:
SM Timing
-----------
00_conversion_livox     	    283	03.228080	(00.011407 +- 00.000384)	[00.008464,00.021490]
01_filter               	    282	00.090399	(00.000321 +- 00.000056)	[00.000152,00.002432]
02_preint               	    280	00.010175	(00.000036 +- 00.000005)	[00.000025,00.000075]
02a_intensity_preprocess	    282	00.886746	(00.003144 +- 00.000492)	[00.001237,00.006728]
03_undistortion         	    280	00.233443	(00.000834 +- 00.000181)	[00.000253,00.003404]
04_sampling             	    279	00.164914	(00.000591 +- 00.000120)	[00.000211,00.001400]
04b_intensity_sampling  	    279	00.233032	(00.000835 +- 00.000170)	[00.000321,00.002206]
05_registration         	    279	01.199590	(00.004300 +- 00.000704)	[00.001094,00.013003]
06_map                  	    279	00.263849	(00.000946 +- 00.000239)	[00.000353,00.001701]
07_imu_opt              	    279	00.357183	(00.001280 +- 00.000182)	[00.000001,00.003969]
08_publish              	    279	03.148931	(00.011286 +- 00.002261)	[00.002753,00.024065]
step                    	    282	06.624180	(00.023490 +- 00.003932)	[00.005205,00.049405]

INFO  Timings:
SM Timing
-----------
00_conversion_livox     	    284	03.238949	(00.011405 +- 00.000414)	[00.008464,00.021490]
01_filter               	    283	00.090654	(00.000320 +- 00.000056)	[00.000152,00.002432]
02_preint               	    281	00.010216	(00.000036 +- 00.000005)	[00.000025,00.000075]
02a_intensity_preprocess	    283	00.889564	(00.003143 +- 00.000504)	[00.001237,00.006728]
03_undistortion         	    281	00.234196	(00.000833 +- 00.000183)	[00.000253,00.003404]
04_sampling             	    280	00.165399	(00.000591 +- 00.000121)	[00.000211,00.001400]
04b_intensity_sampling  	    280	00.233851	(00.000835 +- 00.000172)	[00.000321,00.002206]
05_registration         	    280	01.202003	(00.004293 +- 00.000704)	[00.001094,00.013003]
06_map                  	    280	00.264804	(00.000946 +- 00.000241)	[00.000353,00.001701]
07_imu_opt              	    280	00.358462	(00.001280 +- 00.000178)	[00.000001,00.003969]
08_publish              	    280	03.158829	(00.011282 +- 00.002314)	[00.002753,00.024065]
step                    	    283	06.643966	(00.023477 +- 00.004004)	[00.005205,00.049405]

INFO  Timings:
SM Timing
-----------
00_conversion_livox     	    285	03.249659	(00.011402 +- 00.000433)	[00.008464,00.021490]
01_filter               	    284	00.090959	(00.000320 +- 00.000057)	[00.000152,00.002432]
02_preint               	    282	00.010255	(00.000036 +- 00.000005)	[00.000025,00.000075]
02a_intensity_preprocess	    284	00.893240	(00.003145 +- 00.000553)	[00.001237,00.006728]
03_undistortion         	    282	00.235079	(00.000834 +- 00.000188)	[00.000253,00.003404]
04_sampling             	    281	00.165845	(00.000590 +- 00.000121)	[00.000211,00.001400]
04b_intensity_sampling  	    281	00.234640	(00.000835 +- 00.000174)	[00.000321,00.002206]
05_registration         	    281	01.205047	(00.004288 +- 00.000710)	[00.001094,00.013003]
06_map                  	    281	00.265575	(00.000945 +- 00.000241)	[00.000353,00.001701]
07_imu_opt              	    281	00.359897	(00.001281 +- 00.000180)	[00.000001,00.003969]
08_publish              	    281	03.168642	(00.011276 +- 00.002358)	[00.002753,00.024065]
step                    	    284	06.665228	(00.023469 +- 00.004109)	[00.005205,00.049405]

INFO  Timings:
SM Timing
-----------
00_conversion_livox     	    286	03.260133	(00.011399 +- 00.000442)	[00.008464,00.021490]
01_filter               	    285	00.091235	(00.000320 +- 00.000056)	[00.000152,00.002432]
02_preint               	    283	00.010286	(00.000036 +- 00.000005)	[00.000025,00.000075]
02a_intensity_preprocess	    285	00.896010	(00.003144 +- 00.000561)	[00.001237,00.006728]
03_undistortion         	    283	00.235849	(00.000833 +- 00.000191)	[00.000253,00.003404]
04_sampling             	    282	00.166438	(00.000590 +- 00.000124)	[00.000211,00.001400]
04b_intensity_sampling  	    282	00.235726	(00.000836 +- 00.000186)	[00.000321,00.002206]
05_registration         	    282	01.207772	(00.004283 +- 00.000708)	[00.001094,00.013003]
06_map                  	    282	00.266384	(00.000945 +- 00.000240)	[00.000353,00.001701]
07_imu_opt              	    282	00.361291	(00.001281 +- 00.000181)	[00.000001,00.003969]
08_publish              	    282	03.178291	(00.011271 +- 00.002394)	[00.002753,00.024065]
step                    	    285	06.685409	(00.023458 +- 00.004179)	[00.005205,00.049405]

INFO  Timings:
SM Timing
-----------
00_conversion_livox     	    287	03.270542	(00.011396 +- 00.000449)	[00.008464,00.021490]
01_filter               	    286	00.091528	(00.000320 +- 00.000056)	[00.000152,00.002432]
02_preint               	    284	00.010324	(00.000036 +- 00.000005)	[00.000025,00.000075]
02a_intensity_preprocess	    286	00.898698	(00.003142 +- 00.000567)	[00.001237,00.006728]
03_undistortion         	    284	00.236594	(00.000833 +- 00.000193)	[00.000253,00.003404]
04_sampling             	    283	00.166894	(00.000590 +- 00.000123)	[00.000211,00.001400]
04b_intensity_sampling  	    283	00.236479	(00.000836 +- 00.000186)	[00.000321,00.002206]
05_registration         	    283	01.210099	(00.004276 +- 00.000697)	[00.001094,00.013003]
06_map                  	    283	00.267148	(00.000944 +- 00.000238)	[00.000353,00.001701]
07_imu_opt              	    283	00.362496	(00.001281 +- 00.000181)	[00.000001,00.003969]
08_publish              	    283	03.187255	(00.011262 +- 00.002413)	[00.002753,00.024065]
step                    	    286	06.703730	(00.023440 +- 00.004191)	[00.005205,00.049405]

INFO  Timings:
SM Timing
-----------
00_conversion_livox     	    288	03.280634	(00.011391 +- 00.000450)	[00.008464,00.021490]
01_filter               	    287	00.091823	(00.000320 +- 00.000056)	[00.000152,00.002432]
02_preint               	    285	00.010359	(00.000036 +- 00.000005)	[00.000025,00.000075]
02a_intensity_preprocess	    287	00.901297	(00.003140 +- 00.000570)	[00.001237,00.006728]
03_undistortion         	    285	00.237290	(00.000833 +- 00.000193)	[00.000253,00.003404]
04_sampling             	    284	00.167399	(00.000589 +- 00.000123)	[00.000211,00.001400]
04b_intensity_sampling  	    284	00.237291	(00.000836 +- 00.000187)	[00.000321,00.002206]
05_registration         	    284	01.213253	(00.004272 +- 00.000694)	[00.001094,00.013003]
06_map                  	    284	00.268295	(00.000945 +- 00.000242)	[00.000353,00.001701]
07_imu_opt              	    284	00.363642	(00.001280 +- 00.000177)	[00.000001,00.003969]
08_publish              	    284	03.196224	(00.011254 +- 00.002422)	[00.002753,00.024065]
step                    	    287	06.723161	(00.023426 +- 00.004211)	[00.005205,00.049405]

INFO  Timings:
SM Timing
-----------
00_conversion_livox     	    289	03.290436	(00.011386 +- 00.000449)	[00.008464,00.021490]
01_filter               	    288	00.092134	(00.000320 +- 00.000056)	[00.000152,00.002432]
02_preint               	    286	00.010396	(00.000036 +- 00.000005)	[00.000025,00.000075]
02a_intensity_preprocess	    288	00.903877	(00.003138 +- 00.000568)	[00.001237,00.006728]
03_undistortion         	    286	00.238284	(00.000833 +- 00.000201)	[00.000253,00.003404]
04_sampling             	    285	00.167938	(00.000589 +- 00.000124)	[00.000211,00.001400]
04b_intensity_sampling  	    285	00.238178	(00.000836 +- 00.000190)	[00.000321,00.002206]
05_registration         	    285	01.216475	(00.004268 +- 00.000695)	[00.001094,00.013003]
06_map                  	    285	00.269129	(00.000944 +- 00.000242)	[00.000353,00.001701]
07_imu_opt              	    285	00.364823	(00.001280 +- 00.000177)	[00.000001,00.003969]
08_publish              	    285	03.205410	(00.011247 +- 00.002420)	[00.002753,00.024065]
step                    	    288	06.743004	(00.023413 +- 00.004249)	[00.005205,00.049405]

INFO  Timings:
SM Timing
-----------
00_conversion_livox     	    290	03.300516	(00.011381 +- 00.000446)	[00.008464,00.021490]
01_filter               	    289	00.092444	(00.000320 +- 00.000055)	[00.000152,00.002432]
02_preint               	    287	00.010432	(00.000036 +- 00.000005)	[00.000025,00.000075]
02a_intensity_preprocess	    289	00.906603	(00.003137 +- 00.000569)	[00.001237,00.006728]
03_undistortion         	    287	00.239373	(00.000834 +- 00.000210)	[00.000253,00.003404]
04_sampling             	    286	00.168445	(00.000589 +- 00.000123)	[00.000211,00.001400]
04b_intensity_sampling  	    286	00.238882	(00.000835 +- 00.000189)	[00.000321,00.002206]
05_registration         	    286	01.219708	(00.004265 +- 00.000699)	[00.001094,00.013003]
06_map                  	    286	00.269848	(00.000944 +- 00.000240)	[00.000353,00.001701]
07_imu_opt              	    286	00.366305	(00.001281 +- 00.000180)	[00.000001,00.003969]
08_publish              	    286	03.215068	(00.011241 +- 00.002413)	[00.002753,00.024065]
step                    	    289	06.763530	(00.023403 +- 00.004250)	[00.005205,00.049405]

INFO  Timings:
SM Timing
-----------
00_conversion_livox     	    291	03.310489	(00.011376 +- 00.000444)	[00.008464,00.021490]
01_filter               	    290	00.092749	(00.000320 +- 00.000054)	[00.000152,00.002432]
02_preint               	    288	00.010468	(00.000036 +- 00.000005)	[00.000025,00.000075]
02a_intensity_preprocess	    290	00.909316	(00.003136 +- 00.000566)	[00.001237,00.006728]
03_undistortion         	    288	00.240192	(00.000834 +- 00.000208)	[00.000253,00.003404]
04_sampling             	    287	00.169076	(00.000589 +- 00.000125)	[00.000211,00.001400]
04b_intensity_sampling  	    287	00.239749	(00.000835 +- 00.000189)	[00.000321,00.002206]
05_registration         	    287	01.222171	(00.004258 +- 00.000697)	[00.001094,00.013003]
06_map                  	    287	00.270846	(00.000944 +- 00.000241)	[00.000353,00.001701]
07_imu_opt              	    287	00.367516	(00.001281 +- 00.000179)	[00.000001,00.003969]
08_publish              	    287	03.224780	(00.011236 +- 00.002401)	[00.002753,00.024065]
step                    	    290	06.783361	(00.023391 +- 00.004223)	[00.005205,00.049405]

INFO  Timings:
SM Timing
-----------
00_conversion_livox     	    292	03.320333	(00.011371 +- 00.000441)	[00.008464,00.021490]
01_filter               	    291	00.093113	(00.000320 +- 00.000055)	[00.000152,00.002432]
02_preint               	    289	00.010505	(00.000036 +- 00.000005)	[00.000025,00.000075]
02a_intensity_preprocess	    291	00.912025	(00.003134 +- 00.000562)	[00.001237,00.006728]
03_undistortion         	    289	00.240981	(00.000834 +- 00.000205)	[00.000253,00.003404]
04_sampling             	    288	00.169569	(00.000589 +- 00.000124)	[00.000211,00.001400]
04b_intensity_sampling  	    288	00.240509	(00.000835 +- 00.000187)	[00.000321,00.002206]
05_registration         	    288	01.224882	(00.004253 +- 00.000684)	[00.001094,00.013003]
06_map                  	    288	00.271596	(00.000943 +- 00.000238)	[00.000353,00.001701]
07_imu_opt              	    288	00.368688	(00.001280 +- 00.000178)	[00.000001,00.003969]
08_publish              	    288	03.234329	(00.011230 +- 00.002380)	[00.002753,00.024065]
step                    	    291	06.802786	(00.023377 +- 00.004167)	[00.005205,00.049405]

INFO  Timings:
SM Timing
-----------
00_conversion_livox     	    293	03.330283	(00.011366 +- 00.000437)	[00.008464,00.021490]
01_filter               	    292	00.093611	(00.000321 +- 00.000064)	[00.000152,00.002432]
02_preint               	    290	00.010542	(00.000036 +- 00.000006)	[00.000025,00.000075]
02a_intensity_preprocess	    292	00.914767	(00.003133 +- 00.000557)	[00.001237,00.006728]
03_undistortion         	    290	00.241737	(00.000834 +- 00.000201)	[00.000253,00.003404]
04_sampling             	    289	00.170252	(00.000589 +- 00.000127)	[00.000211,00.001400]
04b_intensity_sampling  	    289	00.241245	(00.000835 +- 00.000182)	[00.000321,00.002206]
05_registration         	    289	01.227509	(00.004247 +- 00.000678)	[00.001094,00.013003]
06_map                  	    289	00.272446	(00.000943 +- 00.000234)	[00.000353,00.001701]
07_imu_opt              	    289	00.370160	(00.001281 +- 00.000178)	[00.000001,00.003969]
08_publish              	    289	03.243931	(00.011225 +- 00.002347)	[00.002753,00.024065]
step                    	    292	06.822855	(00.023366 +- 00.004108)	[00.005205,00.049405]

INFO  Timings:
SM Timing
-----------
00_conversion_livox     	    294	03.340862	(00.011363 +- 00.000449)	[00.008464,00.021490]
01_filter               	    293	00.093913	(00.000321 +- 00.000063)	[00.000152,00.002432]
02_preint               	    291	00.010579	(00.000036 +- 00.000006)	[00.000025,00.000075]
02a_intensity_preprocess	    293	00.917538	(00.003132 +- 00.000547)	[00.001237,00.006728]
03_undistortion         	    291	00.242726	(00.000834 +- 00.000202)	[00.000253,00.003404]
04_sampling             	    290	00.170735	(00.000589 +- 00.000124)	[00.000211,00.001400]
04b_intensity_sampling  	    290	00.242269	(00.000835 +- 00.000183)	[00.000321,00.002206]
05_registration         	    290	01.229817	(00.004241 +- 00.000652)	[00.001094,00.013003]
06_map                  	    290	00.273306	(00.000942 +- 00.000232)	[00.000353,00.001701]
07_imu_opt              	    290	00.371521	(00.001281 +- 00.000179)	[00.000001,00.003969]
08_publish              	    290	03.253240	(00.011218 +- 00.002296)	[00.002753,00.024065]
step                    	    293	06.842398	(00.023353 +- 00.004001)	[00.005205,00.049405]

INFO  Timings:
SM Timing
-----------
00_conversion_livox     	    295	03.350987	(00.011359 +- 00.000449)	[00.008464,00.021490]
01_filter               	    294	00.094198	(00.000320 +- 00.000062)	[00.000152,00.002432]
02_preint               	    292	00.010606	(00.000036 +- 00.000005)	[00.000025,00.000075]
02a_intensity_preprocess	    294	00.920119	(00.003130 +- 00.000534)	[00.001237,00.006728]
03_undistortion         	    292	00.243389	(00.000834 +- 00.000197)	[00.000253,00.003404]
04_sampling             	    291	00.171205	(00.000588 +- 00.000123)	[00.000211,00.001400]
04b_intensity_sampling  	    291	00.243396	(00.000836 +- 00.000192)	[00.000321,00.002206]
05_registration         	    291	01.232529	(00.004235 +- 00.000628)	[00.001094,00.013003]
06_map                  	    291	00.274095	(00.000942 +- 00.000228)	[00.000353,00.001701]
07_imu_opt              	    291	00.372673	(00.001281 +- 00.000179)	[00.000001,00.003969]
08_publish              	    291	03.262317	(00.011211 +- 00.002230)	[00.002753,00.024065]
step                    	    294	06.861339	(00.023338 +- 00.003879)	[00.005205,00.049405]

INFO  Timings:
SM Timing
-----------
00_conversion_livox     	    296	03.361111	(00.011355 +- 00.000448)	[00.008464,00.021490]
01_filter               	    295	00.094520	(00.000320 +- 00.000061)	[00.000152,00.002432]
02_preint               	    293	00.010632	(00.000036 +- 00.000005)	[00.000025,00.000075]
02a_intensity_preprocess	    295	00.922654	(00.003128 +- 00.000517)	[00.001237,00.006728]
03_undistortion         	    293	00.244070	(00.000833 +- 00.000191)	[00.000253,00.003404]
04_sampling             	    292	00.171719	(00.000588 +- 00.000120)	[00.000211,00.001400]
04b_intensity_sampling  	    292	00.244169	(00.000836 +- 00.000187)	[00.000321,00.002206]
05_registration         	    292	01.235309	(00.004231 +- 00.000618)	[00.001094,00.013003]
06_map                  	    292	00.274881	(00.000941 +- 00.000224)	[00.000353,00.001701]
07_imu_opt              	    292	00.373804	(00.001280 +- 00.000176)	[00.000001,00.003969]
08_publish              	    292	03.271218	(00.011203 +- 00.002155)	[00.002753,00.024065]
step                    	    295	06.879864	(00.023322 +- 00.003737)	[00.005205,00.049405]

INFO  Timings:
SM Timing
-----------
00_conversion_livox     	    297	03.371563	(00.011352 +- 00.000446)	[00.008464,00.021490]
01_filter               	    296	00.094837	(00.000320 +- 00.000059)	[00.000152,00.002432]
02_preint               	    294	00.010662	(00.000036 +- 00.000005)	[00.000025,00.000075]
02a_intensity_preprocess	    296	00.925119	(00.003125 +- 00.000498)	[00.001237,00.006728]
03_undistortion         	    294	00.244746	(00.000832 +- 00.000189)	[00.000253,00.003404]
04_sampling             	    293	00.172159	(00.000588 +- 00.000118)	[00.000211,00.001400]
04b_intensity_sampling  	    293	00.244942	(00.000836 +- 00.000181)	[00.000321,00.002206]
05_registration         	    293	01.238916	(00.004228 +- 00.000616)	[00.001094,00.013003]
06_map                  	    293	00.275656	(00.000941 +- 00.000217)	[00.000353,00.001701]
07_imu_opt              	    293	00.374954	(00.001280 +- 00.000176)	[00.000001,00.003969]
08_publish              	    293	03.280132	(00.011195 +- 00.002058)	[00.002753,00.024065]
step                    	    296	06.899115	(00.023308 +- 00.003579)	[00.005205,00.049405]

INFO  Timings:
SM Timing
-----------
00_conversion_livox     	    298	03.382235	(00.011350 +- 00.000451)	[00.008464,00.021490]
01_filter               	    297	00.095084	(00.000320 +- 00.000058)	[00.000152,00.002432]
02_preint               	    295	00.010695	(00.000036 +- 00.000005)	[00.000025,00.000075]
02a_intensity_preprocess	    297	00.927713	(00.003124 +- 00.000473)	[00.001237,00.006728]
03_undistortion         	    295	00.245498	(00.000832 +- 00.000180)	[00.000253,00.003404]
04_sampling             	    294	00.172629	(00.000587 +- 00.000113)	[00.000211,00.001400]
04b_intensity_sampling  	    294	00.245890	(00.000836 +- 00.000176)	[00.000321,00.002206]
05_registration         	    294	01.241660	(00.004223 +- 00.000608)	[00.001094,00.013003]
06_map                  	    294	00.276588	(00.000941 +- 00.000211)	[00.000353,00.001701]
07_imu_opt              	    294	00.376148	(00.001279 +- 00.000172)	[00.000001,00.003969]
08_publish              	    294	03.289253	(00.011188 +- 00.001938)	[00.002753,00.024065]
step                    	    297	06.918216	(00.023294 +- 00.003401)	[00.005205,00.049405]

INFO  Timings:
SM Timing
-----------
00_conversion_livox     	    299	03.392583	(00.011346 +- 00.000450)	[00.008464,00.021490]
01_filter               	    298	00.095411	(00.000320 +- 00.000055)	[00.000152,00.002432]
02_preint               	    296	00.010733	(00.000036 +- 00.000005)	[00.000025,00.000075]
02a_intensity_preprocess	    298	00.930373	(00.003122 +- 00.000449)	[00.001237,00.006728]
03_undistortion         	    296	00.246157	(00.000832 +- 00.000178)	[00.000253,00.003404]
04_sampling             	    295	00.173062	(00.000587 +- 00.000109)	[00.000211,00.001400]
04b_intensity_sampling  	    295	00.246656	(00.000836 +- 00.000168)	[00.000321,00.002206]
05_registration         	    295	01.244190	(00.004218 +- 00.000592)	[00.001094,00.013003]
06_map                  	    295	00.277564	(00.000941 +- 00.000203)	[00.000353,00.001701]
07_imu_opt              	    295	00.377557	(00.001280 +- 00.000162)	[00.000001,00.003969]
08_publish              	    295	03.298364	(00.011181 +- 00.001814)	[00.002753,00.024065]
step                    	    298	06.937195	(00.023279 +- 00.003220)	[00.005205,00.049405]

INFO  Timings:
SM Timing
-----------
00_conversion_livox     	    300	03.402941	(00.011343 +- 00.000452)	[00.008464,00.021490]
01_filter               	    299	00.095696	(00.000320 +- 00.000053)	[00.000152,00.002432]
02_preint               	    297	00.010770	(00.000036 +- 00.000005)	[00.000025,00.000075]
02a_intensity_preprocess	    299	00.932922	(00.003120 +- 00.000424)	[00.001237,00.006728]
03_undistortion         	    297	00.246886	(00.000831 +- 00.000169)	[00.000253,00.003404]
04_sampling             	    296	00.173461	(00.000586 +- 00.000104)	[00.000211,00.001400]
04b_intensity_sampling  	    296	00.247273	(00.000835 +- 00.000160)	[00.000321,00.002206]
05_registration         	    296	01.246875	(00.004212 +- 00.000592)	[00.001094,00.013003]
06_map                  	    296	00.278272	(00.000940 +- 00.000194)	[00.000353,00.001701]
07_imu_opt              	    296	00.379248	(00.001281 +- 00.000174)	[00.000001,00.003969]
08_publish              	    296	03.307054	(00.011172 +- 00.001692)	[00.002753,00.024065]
step                    	    299	06.955648	(00.023263 +- 00.003050)	[00.005205,00.049405]

INFO  Timings:
SM Timing
-----------
00_conversion_livox     	    301	03.412948	(00.011339 +- 00.000449)	[00.008464,00.021490]
01_filter               	    300	00.096021	(00.000320 +- 00.000050)	[00.000152,00.002432]
02_preint               	    298	00.010799	(00.000036 +- 00.000005)	[00.000025,00.000075]
02a_intensity_preprocess	    300	00.935455	(00.003118 +- 00.000402)	[00.001237,00.006728]
03_undistortion         	    298	00.247672	(00.000831 +- 00.000165)	[00.000253,00.003404]
04_sampling             	    297	00.173873	(00.000585 +- 00.000100)	[00.000211,00.001400]
04b_intensity_sampling  	    297	00.247926	(00.000835 +- 00.000154)	[00.000321,00.002206]
05_registration         	    297	01.248906	(00.004205 +- 00.000577)	[00.001094,00.013003]
06_map                  	    297	00.279023	(00.000939 +- 00.000184)	[00.000353,00.001701]
07_imu_opt              	    297	00.380486	(00.001281 +- 00.000173)	[00.000001,00.003969]
08_publish              	    297	03.315274	(00.011163 +- 00.001576)	[00.002753,00.024065]
step                    	    300	06.972699	(00.023242 +- 00.002849)	[00.005205,00.049405]

INFO  Timings:
SM Timing
-----------
00_conversion_livox     	    302	03.423333	(00.011336 +- 00.000451)	[00.008464,00.021490]
01_filter               	    301	00.096356	(00.000320 +- 00.000050)	[00.000152,00.002432]
02_preint               	    299	00.010838	(00.000036 +- 00.000005)	[00.000025,00.000075]
02a_intensity_preprocess	    301	00.937910	(00.003116 +- 00.000379)	[00.001237,00.006728]
03_undistortion         	    299	00.248442	(00.000831 +- 00.000158)	[00.000253,00.003404]
04_sampling             	    298	00.174273	(00.000585 +- 00.000098)	[00.000211,00.001400]
04b_intensity_sampling  	    298	00.248763	(00.000835 +- 00.000151)	[00.000321,00.002206]
05_registration         	    298	01.251112	(00.004198 +- 00.000576)	[00.001094,00.013003]
06_map                  	    298	00.279859	(00.000939 +- 00.000179)	[00.000353,00.001701]
07_imu_opt              	    298	00.381719	(00.001281 +- 00.000173)	[00.000001,00.003969]
08_publish              	    298	03.323344	(00.011152 +- 00.001467)	[00.002753,00.024065]
step                    	    301	06.989954	(00.023222 +- 00.002689)	[00.005205,00.049405]

INFO  Timings:
SM Timing
-----------
00_conversion_livox     	    303	03.433113	(00.011330 +- 00.000451)	[00.008464,00.021490]
01_filter               	    302	00.096621	(00.000320 +- 00.000049)	[00.000152,00.002432]
02_preint               	    300	00.010867	(00.000036 +- 00.000005)	[00.000025,00.000075]
02a_intensity_preprocess	    302	00.940261	(00.003113 +- 00.000359)	[00.001237,00.006728]
03_undistortion         	    300	00.249149	(00.000830 +- 00.000152)	[00.000253,00.003404]
04_sampling             	    299	00.174714	(00.000584 +- 00.000097)	[00.000211,00.001400]
04b_intensity_sampling  	    299	00.249461	(00.000834 +- 00.000148)	[00.000321,00.002206]
05_registration         	    299	01.253289	(00.004192 +- 00.000577)	[00.001094,00.013003]
06_map                  	    299	00.280501	(00.000938 +- 00.000176)	[00.000353,00.001701]
07_imu_opt              	    299	00.382895	(00.001281 +- 00.000170)	[00.000001,00.003969]
08_publish              	    299	03.331026	(00.011141 +- 00.001379)	[00.002753,00.024065]
step                    	    302	07.006183	(00.023199 +- 00.002561)	[00.005205,00.049405]

INFO  Timings:
SM Timing
-----------
00_conversion_livox     	    304	03.442983	(00.011326 +- 00.000427)	[00.008464,00.021490]
01_filter               	    303	00.096951	(00.000320 +- 00.000047)	[00.000152,00.002432]
02_preint               	    301	00.010895	(00.000036 +- 00.000005)	[00.000025,00.000075]
02a_intensity_preprocess	    303	00.942475	(00.003110 +- 00.000344)	[00.001237,00.006728]
03_undistortion         	    301	00.249868	(00.000830 +- 00.000150)	[00.000253,00.003404]
04_sampling             	    300	00.175082	(00.000584 +- 00.000096)	[00.000211,00.001400]
04b_intensity_sampling  	    300	00.250161	(00.000834 +- 00.000143)	[00.000321,00.002206]
05_registration         	    300	01.255947	(00.004186 +- 00.000571)	[00.001094,00.013003]
06_map                  	    300	00.281175	(00.000937 +- 00.000172)	[00.000353,00.001701]
07_imu_opt              	    300	00.384101	(00.001280 +- 00.000168)	[00.000001,00.003969]
08_publish              	    300	03.338373	(00.011128 +- 00.001301)	[00.002753,00.024065]
step                    	    303	07.022512	(00.023177 +- 00.002446)	[00.005205,00.049405]

INFO  Timings:
SM Timing
-----------
00_conversion_livox     	    305	03.452676	(00.011320 +- 00.000413)	[00.008464,00.021490]
01_filter               	    304	00.097220	(00.000320 +- 00.000044)	[00.000152,00.002432]
02_preint               	    302	00.010928	(00.000036 +- 00.000005)	[00.000025,00.000075]
02a_intensity_preprocess	    304	00.944733	(00.003108 +- 00.000333)	[00.001237,00.006728]
03_undistortion         	    302	00.250498	(00.000829 +- 00.000149)	[00.000253,00.003404]
04_sampling             	    301	00.175521	(00.000583 +- 00.000093)	[00.000211,00.001400]
04b_intensity_sampling  	    301	00.250892	(00.000834 +- 00.000135)	[00.000321,00.002206]
05_registration         	    301	01.257634	(00.004178 +- 00.000580)	[00.001094,00.013003]
06_map                  	    301	00.281809	(00.000936 +- 00.000168)	[00.000353,00.001701]
07_imu_opt              	    301	00.385281	(00.001280 +- 00.000168)	[00.000001,00.003969]
08_publish              	    301	03.345547	(00.011115 +- 00.001227)	[00.002753,00.024065]
step                    	    304	07.037593	(00.023150 +- 00.002343)	[00.005205,00.049405]

INFO  Timings:
SM Timing
-----------
00_conversion_livox     	    306	03.462335	(00.011315 +- 00.000408)	[00.008464,00.021490]
01_filter               	    305	00.097474	(00.000320 +- 00.000044)	[00.000152,00.002432]
02_preint               	    303	00.010955	(00.000036 +- 00.000005)	[00.000025,00.000075]
02a_intensity_preprocess	    305	00.946940	(00.003105 +- 00.000323)	[00.001237,00.006728]
03_undistortion         	    303	00.251002	(00.000828 +- 00.000151)	[00.000253,00.003404]
04_sampling             	    302	00.175947	(00.000583 +- 00.000092)	[00.000211,00.001400]
04b_intensity_sampling  	    302	00.251590	(00.000833 +- 00.000131)	[00.000321,00.002206]
05_registration         	    302	01.259895	(00.004172 +- 00.000582)	[00.001094,00.013003]
06_map                  	    302	00.282593	(00.000936 +- 00.000144)	[00.000353,00.001701]
07_imu_opt              	    302	00.386436	(00.001280 +- 00.000168)	[00.000001,00.003969]
08_publish              	    302	03.352726	(00.011102 +- 00.001179)	[00.002753,00.024065]
step                    	    305	07.053168	(00.023125 +- 00.002325)	[00.005205,00.049405]

INFO  Timings:
SM Timing
-----------
00_conversion_livox     	    307	03.472231	(00.011310 +- 00.000408)	[00.008464,00.021490]
01_filter               	    306	00.097783	(00.000320 +- 00.000042)	[00.000152,00.002432]
02_preint               	    304	00.010991	(00.000036 +- 00.000005)	[00.000025,00.000075]
02a_intensity_preprocess	    306	00.949060	(00.003102 +- 00.000320)	[00.001237,00.006728]
03_undistortion         	    304	00.251518	(00.000827 +- 00.000148)	[00.000253,00.003404]
04_sampling             	    303	00.176275	(00.000582 +- 00.000092)	[00.000211,00.001400]
04b_intensity_sampling  	    303	00.252193	(00.000832 +- 00.000132)	[00.000321,00.002206]
05_registration         	    303	01.262336	(00.004166 +- 00.000564)	[00.001094,00.013003]
06_map                  	    303	00.283333	(00.000935 +- 00.000138)	[00.000353,00.001701]
07_imu_opt              	    303	00.387537	(00.001279 +- 00.000169)	[00.000001,00.003969]
08_publish              	    303	03.359489	(00.011087 +- 00.001146)	[00.002753,00.024065]
step                    	    306	07.068189	(00.023099 +- 00.002249)	[00.005205,00.049405]

INFO  Timings:
SM Timing
-----------
00_conversion_livox     	    308	03.482310	(00.011306 +- 00.000407)	[00.008464,00.021490]
01_filter               	    307	00.098028	(00.000319 +- 00.000042)	[00.000152,00.002432]
02_preint               	    305	00.011028	(00.000036 +- 00.000005)	[00.000025,00.000075]
02a_intensity_preprocess	    307	00.951139	(00.003098 +- 00.000317)	[00.001237,00.006728]
03_undistortion         	    305	00.252034	(00.000826 +- 00.000147)	[00.000253,00.003404]
04_sampling             	    304	00.176691	(00.000581 +- 00.000091)	[00.000211,00.001400]
04b_intensity_sampling  	    304	00.252827	(00.000832 +- 00.000131)	[00.000321,00.002206]
05_registration         	    304	01.265754	(00.004164 +- 00.000571)	[00.001094,00.013003]
06_map                  	    304	00.284020	(00.000934 +- 00.000137)	[00.000353,00.001701]
07_imu_opt              	    304	00.388695	(00.001279 +- 00.000168)	[00.000001,00.003969]
08_publish              	    304	03.366209	(00.011073 +- 00.001131)	[00.002753,00.024065]
step                    	    307	07.084171	(00.023075 +- 00.002190)	[00.005205,00.049405]

INFO  Timings:
SM Timing
-----------
00_conversion_livox     	    309	03.491969	(00.011301 +- 00.000403)	[00.008464,00.021490]
01_filter               	    308	00.098273	(00.000319 +- 00.000042)	[00.000152,00.002432]
02_preint               	    306	00.011056	(00.000036 +- 00.000005)	[00.000025,00.000075]
02a_intensity_preprocess	    308	00.953115	(00.003095 +- 00.000321)	[00.001237,00.006728]
03_undistortion         	    306	00.252567	(00.000825 +- 00.000148)	[00.000253,00.003404]
04_sampling             	    305	00.177070	(00.000581 +- 00.000092)	[00.000211,00.001400]
04b_intensity_sampling  	    305	00.253432	(00.000831 +- 00.000133)	[00.000321,00.002206]
05_registration         	    305	01.267688	(00.004156 +- 00.000572)	[00.001094,00.013003]
06_map                  	    305	00.284534	(00.000933 +- 00.000143)	[00.000353,00.001701]
07_imu_opt              	    305	00.389779	(00.001278 +- 00.000167)	[00.000001,00.003969]
08_publish              	    305	03.372259	(00.011057 +- 00.001152)	[00.002753,00.024065]
step                    	    308	07.097608	(00.023044 +- 00.002232)	[00.005205,00.049405]

INFO  Timings:
SM Timing
-----------
00_conversion_livox     	    310	03.501516	(00.011295 +- 00.000406)	[00.008464,00.021490]
01_filter               	    309	00.098481	(00.000319 +- 00.000044)	[00.000152,00.002432]
02_preint               	    307	00.011093	(00.000036 +- 00.000005)	[00.000025,00.000075]
02a_intensity_preprocess	    309	00.955045	(00.003091 +- 00.000327)	[00.001237,00.006728]
03_undistortion         	    307	00.252950	(00.000824 +- 00.000149)	[00.000253,00.003404]
04_sampling             	    306	00.177443	(00.000580 +- 00.000093)	[00.000211,00.001400]
04b_intensity_sampling  	    306	00.254011	(00.000830 +- 00.000135)	[00.000321,00.002206]
05_registration         	    306	01.269360	(00.004148 +- 00.000577)	[00.001094,00.013003]
06_map                  	    306	00.285027	(00.000931 +- 00.000150)	[00.000353,00.001701]
07_imu_opt              	    306	00.390887	(00.001277 +- 00.000167)	[00.000001,00.003969]
08_publish              	    306	03.377894	(00.011039 +- 00.001203)	[00.002753,00.024065]
step                    	    309	07.110083	(00.023010 +- 00.002324)	[00.005205,00.049405]

INFO  Timings:
SM Timing
-----------
00_conversion_livox     	    311	03.511231	(00.011290 +- 00.000405)	[00.008464,00.021490]
01_filter               	    310	00.098717	(00.000318 +- 00.000043)	[00.000152,00.002432]
02_preint               	    308	00.011120	(00.000036 +- 00.000005)	[00.000025,00.000075]
02a_intensity_preprocess	    310	00.956842	(00.003087 +- 00.000340)	[00.001237,00.006728]
03_undistortion         	    308	00.253460	(00.000823 +- 00.000148)	[00.000253,00.003404]
04_sampling             	    307	00.177846	(00.000579 +- 00.000092)	[00.000211,00.001400]
04b_intensity_sampling  	    307	00.254649	(00.000829 +- 00.000135)	[00.000321,00.002206]
05_registration         	    307	01.270932	(00.004140 +- 00.000593)	[00.001094,00.013003]
06_map                  	    307	00.285624	(00.000930 +- 00.000151)	[00.000353,00.001701]
07_imu_opt              	    307	00.392169	(00.001277 +- 00.000166)	[00.000001,00.003969]
08_publish              	    307	03.383164	(00.011020 +- 00.001279)	[00.002753,00.024065]
step                    	    310	07.122476	(00.022976 +- 00.002437)	[00.005205,00.049405]

INFO  Timings:
SM Timing
-----------
00_conversion_livox     	    312	03.520651	(00.011284 +- 00.000412)	[00.008464,00.021490]
01_filter               	    311	00.098926	(00.000318 +- 00.000045)	[00.000152,00.002432]
02_preint               	    309	00.011157	(00.000036 +- 00.000005)	[00.000025,00.000075]
02a_intensity_preprocess	    311	00.958704	(00.003083 +- 00.000349)	[00.001237,00.006728]
03_undistortion         	    309	00.253857	(00.000822 +- 00.000154)	[00.000253,00.003404]
04_sampling             	    308	00.178206	(00.000579 +- 00.000093)	[00.000211,00.001400]
04b_intensity_sampling  	    308	00.255205	(00.000829 +- 00.000138)	[00.000321,00.002206]
05_registration         	    308	01.272206	(00.004131 +- 00.000621)	[00.001094,00.013003]
06_map                  	    308	00.286218	(00.000929 +- 00.000154)	[00.000353,00.001701]
07_imu_opt              	    308	00.393484	(00.001278 +- 00.000164)	[00.000001,00.003969]
08_publish              	    308	03.388242	(00.011001 +- 00.001360)	[00.002753,00.024065]
step                    	    311	07.134233	(00.022940 +- 00.002581)	[00.005205,00.049405]

INFO  Timings:
SM Timing
-----------
00_conversion_livox     	    313	03.530960	(00.011281 +- 00.000411)	[00.008464,00.021490]
01_filter               	    312	00.099127	(00.000318 +- 00.000047)	[00.000152,00.002432]
02_preint               	    310	00.011194	(00.000036 +- 00.000005)	[00.000025,00.000075]
02a_intensity_preprocess	    312	00.960537	(00.003079 +- 00.000361)	[00.001237,00.006728]
03_undistortion         	    310	00.254360	(00.000821 +- 00.000154)	[00.000253,00.003404]
04_sampling             	    309	00.178623	(00.000578 +- 00.000093)	[00.000211,00.001400]
04b_intensity_sampling  	    309	00.255844	(00.000828 +- 00.000138)	[00.000321,00.002206]
05_registration         	    309	01.274450	(00.004124 +- 00.000621)	[00.001094,00.013003]
06_map                  	    309	00.286745	(00.000928 +- 00.000159)	[00.000353,00.001701]
07_imu_opt              	    309	00.394758	(00.001278 +- 00.000162)	[00.000001,00.003969]
08_publish              	    309	03.393139	(00.010981 +- 00.001442)	[00.002753,00.024065]
step                    	    312	07.146868	(00.022907 +- 00.002678)	[00.005205,00.049405]

INFO  Timings:
SM Timing
-----------
00_conversion_livox     	    314	03.540560	(00.011276 +- 00.000415)	[00.008464,00.021490]
01_filter               	    313	00.099316	(00.000317 +- 00.000049)	[00.000152,00.002432]
02_preint               	    311	00.011221	(00.000036 +- 00.000005)	[00.000025,00.000075]
02a_intensity_preprocess	    313	00.962290	(00.003074 +- 00.000374)	[00.001237,00.006728]
03_undistortion         	    311	00.254773	(00.000819 +- 00.000159)	[00.000253,00.003404]
04_sampling             	    310	00.178998	(00.000577 +- 00.000093)	[00.000211,00.001400]
04b_intensity_sampling  	    310	00.256377	(00.000827 +- 00.000142)	[00.000321,00.002206]
05_registration         	    310	01.277478	(00.004121 +- 00.000618)	[00.001094,00.013003]
06_map                  	    310	00.287251	(00.000927 +- 00.000164)	[00.000353,00.001701]
07_imu_opt              	    310	00.395906	(00.001277 +- 00.000160)	[00.000001,00.003969]
08_publish              	    310	03.397880	(00.010961 +- 00.001524)	[00.002753,00.024065]
step                    	    313	07.159658	(00.022874 +- 00.002763)	[00.005205,00.049405]

INFO  Timings:
SM Timing
-----------
00_conversion_livox     	    315	03.550566	(00.011272 +- 00.000408)	[00.008464,00.021490]
01_filter               	    314	00.099525	(00.000317 +- 00.000051)	[00.000152,00.002432]
02_preint               	    312	00.011251	(00.000036 +- 00.000005)	[00.000025,00.000075]
02a_intensity_preprocess	    314	00.964009	(00.003070 +- 00.000387)	[00.001237,00.006728]
03_undistortion         	    312	00.255140	(00.000818 +- 00.000165)	[00.000253,00.003404]
04_sampling             	    311	00.179275	(00.000576 +- 00.000096)	[00.000211,00.001400]
04b_intensity_sampling  	    311	00.256942	(00.000826 +- 00.000142)	[00.000321,00.002206]
05_registration         	    311	01.278770	(00.004112 +- 00.000633)	[00.001094,00.013003]
06_map                  	    311	00.287741	(00.000925 +- 00.000169)	[00.000353,00.001701]
07_imu_opt              	    311	00.396991	(00.001276 +- 00.000159)	[00.000001,00.003969]
08_publish              	    311	03.402535	(00.010941 +- 00.001596)	[00.002753,00.024065]
step                    	    314	07.170391	(00.022836 +- 00.002903)	[00.005205,00.049405]

INFO  Timings:
SM Timing
-----------
00_conversion_livox     	    316	03.559936	(00.011266 +- 00.000418)	[00.008464,00.021490]
01_filter               	    315	00.099715	(00.000317 +- 00.000053)	[00.000152,00.002432]
02_preint               	    313	00.011279	(00.000036 +- 00.000005)	[00.000025,00.000075]
02a_intensity_preprocess	    315	00.965719	(00.003066 +- 00.000397)	[00.001237,00.006728]
03_undistortion         	    313	00.255475	(00.000816 +- 00.000171)	[00.000253,00.003404]
04_sampling             	    312	00.179561	(00.000576 +- 00.000099)	[00.000211,00.001400]
04b_intensity_sampling  	    312	00.257360	(00.000825 +- 00.000148)	[00.000321,00.002206]
05_registration         	    312	01.280319	(00.004104 +- 00.000638)	[00.001094,00.013003]
06_map                  	    312	00.288197	(00.000924 +- 00.000153)	[00.000353,00.001701]
07_imu_opt              	    312	00.398291	(00.001277 +- 00.000157)	[00.000001,00.003969]
08_publish              	    312	03.407008	(00.010920 +- 00.001666)	[00.002753,00.024065]
step                    	    315	07.181191	(00.022797 +- 00.003030)	[00.005205,00.049405]

INFO  Timings:
SM Timing
-----------
00_conversion_livox     	    317	03.569372	(00.011260 +- 00.000426)	[00.008464,00.021490]
01_filter               	    316	00.099911	(00.000316 +- 00.000054)	[00.000152,00.002432]
02_preint               	    314	00.011307	(00.000036 +- 00.000005)	[00.000025,00.000075]
02a_intensity_preprocess	    316	00.967338	(00.003061 +- 00.000411)	[00.001237,00.006728]
03_undistortion         	    314	00.255892	(00.000815 +- 00.000172)	[00.000253,00.003404]
04_sampling             	    313	00.179845	(00.000575 +- 00.000102)	[00.000211,00.001400]
04b_intensity_sampling  	    313	00.257823	(00.000824 +- 00.000152)	[00.000321,00.002206]
05_registration         	    313	01.281784	(00.004095 +- 00.000652)	[00.001094,00.013003]
06_map                  	    313	00.288697	(00.000922 +- 00.000157)	[00.000353,00.001701]
07_imu_opt              	    313	00.399346	(00.001276 +- 00.000159)	[00.000001,00.003969]
08_publish              	    313	03.411116	(00.010898 +- 00.001749)	[00.002753,00.024065]
step                    	    316	07.191382	(00.022758 +- 00.003174)	[00.005205,00.049405]

INFO  Timings:
SM Timing
-----------
00_conversion_livox     	    318	03.578982	(00.011255 +- 00.000429)	[00.008464,00.021490]
01_filter               	    317	00.100108	(00.000316 +- 00.000055)	[00.000152,00.002432]
02_preint               	    315	00.011336	(00.000036 +- 00.000004)	[00.000025,00.000075]
02a_intensity_preprocess	    317	00.968873	(00.003056 +- 00.000428)	[00.001237,00.006728]
03_undistortion         	    315	00.256269	(00.000814 +- 00.000175)	[00.000253,00.003404]
04_sampling             	    314	00.180136	(00.000574 +- 00.000105)	[00.000211,00.001400]
04b_intensity_sampling  	    314	00.258457	(00.000823 +- 00.000151)	[00.000321,00.002206]
05_registration         	    314	01.283273	(00.004087 +- 00.000662)	[00.001094,00.013003]
06_map                  	    314	00.289173	(00.000921 +- 00.000161)	[00.000353,00.001701]
07_imu_opt              	    314	00.400362	(00.001275 +- 00.000161)	[00.000001,00.003969]
08_publish              	    314	03.414938	(00.010876 +- 00.001840)	[00.002753,00.024065]
step                    	    317	07.201303	(00.022717 +- 00.003323)	[00.005205,00.049405]

INFO  Timings:
SM Timing
-----------
00_conversion_livox     	    319	03.588352	(00.011249 +- 00.000437)	[00.008464,00.021490]
01_filter               	    318	00.100286	(00.000315 +- 00.000057)	[00.000152,00.002432]
02_preint               	    316	00.011367	(00.000036 +- 00.000004)	[00.000025,00.000075]
02a_intensity_preprocess	    318	00.970359	(00.003051 +- 00.000446)	[00.001237,00.006728]
03_undistortion         	    316	00.256566	(00.000812 +- 00.000182)	[00.000253,00.003404]
04_sampling             	    315	00.180467	(00.000573 +- 00.000106)	[00.000211,00.001400]
04b_intensity_sampling  	    315	00.258874	(00.000822 +- 00.000158)	[00.000321,00.002206]
05_registration         	    315	01.284973	(00.004079 +- 00.000670)	[00.001094,00.013003]
06_map                  	    315	00.289692	(00.000920 +- 00.000165)	[00.000353,00.001701]
07_imu_opt              	    315	00.401382	(00.001274 +- 00.000143)	[00.000001,00.003969]
08_publish              	    315	03.418685	(00.010853 +- 00.001932)	[00.002753,00.024065]
step                    	    318	07.211098	(00.022676 +- 00.003482)	[00.005205,00.049405]

INFO  Timings:
SM Timing
-----------
00_conversion_livox     	    320	03.597981	(00.011244 +- 00.000436)	[00.008464,00.021490]
01_filter               	    319	00.100499	(00.000315 +- 00.000058)	[00.000152,00.002432]
02_preint               	    317	00.011397	(00.000036 +- 00.000004)	[00.000025,00.000075]
02a_intensity_preprocess	    319	00.971811	(00.003046 +- 00.000466)	[00.001237,00.006728]
03_undistortion         	    317	00.256868	(00.000810 +- 00.000188)	[00.000253,00.003404]
04_sampling             	    316	00.180744	(00.000572 +- 00.000109)	[00.000211,00.001400]
04b_intensity_sampling  	    316	00.259267	(00.000820 +- 00.000165)	[00.000321,00.002206]
05_registration         	    316	01.286416	(00.004071 +- 00.000684)	[00.001094,00.013003]
06_map                  	    316	00.290137	(00.000918 +- 00.000170)	[00.000353,00.001701]
07_imu_opt              	    316	00.402467	(00.001274 +- 00.000142)	[00.000001,00.003969]
08_publish              	    316	03.422216	(00.010830 +- 00.002027)	[00.002753,00.024065]
step                    	    319	07.220310	(00.022634 +- 00.003649)	[00.005205,00.049405]

INFO  Timings:
SM Timing
-----------
00_conversion_livox     	    320	03.597981	(00.011244 +- 00.000436)	[00.008464,00.021490]
01_filter               	    320	00.100762	(00.000315 +- 00.000058)	[00.000152,00.002432]
02_preint               	    318	00.011422	(00.000036 +- 00.000004)	[00.000025,00.000075]
02a_intensity_preprocess	    320	00.973323	(00.003042 +- 00.000481)	[00.001237,00.006728]
03_undistortion         	    318	00.257189	(00.000809 +- 00.000193)	[00.000253,00.003404]
04_sampling             	    317	00.180964	(00.000571 +- 00.000113)	[00.000211,00.001400]
04b_intensity_sampling  	    317	00.259597	(00.000819 +- 00.000174)	[00.000321,00.002206]
05_registration         	    317	01.287505	(00.004062 +- 00.000708)	[00.001089,00.013003]
06_map                  	    317	00.290506	(00.000916 +- 00.000178)	[00.000353,00.001701]
07_imu_opt              	    317	00.403498	(00.001273 +- 00.000143)	[00.000001,00.003969]
08_publish              	    317	03.425703	(00.010807 +- 00.002116)	[00.002753,00.024065]
step                    	    320	07.229016	(00.022591 +- 00.003825)	[00.005205,00.049405]

INFO  Timings:
SM Timing
-----------
00_conversion_livox     	    322	03.615660	(00.011229 +- 00.000480)	[00.008464,00.021490]
01_filter               	    321	00.100983	(00.000315 +- 00.000058)	[00.000152,00.002432]
02_preint               	    319	00.011458	(00.000036 +- 00.000004)	[00.000025,00.000075]
02a_intensity_preprocess	    321	00.974764	(00.003037 +- 00.000498)	[00.001237,00.006728]
03_undistortion         	    319	00.257535	(00.000807 +- 00.000198)	[00.000253,00.003404]
04_sampling             	    318	00.181186	(00.000570 +- 00.000118)	[00.000211,00.001400]
04b_intensity_sampling  	    318	00.260018	(00.000818 +- 00.000179)	[00.000321,00.002206]
05_registration         	    318	01.289085	(00.004054 +- 00.000718)	[00.001089,00.013003]
06_map                  	    318	00.290890	(00.000915 +- 00.000184)	[00.000353,00.001701]
07_imu_opt              	    318	00.405002	(00.001274 +- 00.000147)	[00.000001,00.003969]
08_publish              	    318	03.429519	(00.010785 +- 00.002185)	[00.002753,00.024065]
step                    	    321	07.239053	(00.022552 +- 00.003939)	[00.005205,00.049405]

INFO  Timings:
SM Timing
-----------
00_conversion_livox     	    323	03.624972	(00.011223 +- 00.000489)	[00.008464,00.021490]
01_filter               	    322	00.101205	(00.000314 +- 00.000059)	[00.000152,00.002432]
02_preint               	    320	00.011492	(00.000036 +- 00.000004)	[00.000025,00.000075]
02a_intensity_preprocess	    322	00.976351	(00.003032 +- 00.000510)	[00.001237,00.006728]
03_undistortion         	    320	00.257941	(00.000806 +- 00.000201)	[00.000253,00.003404]
04_sampling             	    319	00.181439	(00.000569 +- 00.000120)	[00.000211,00.001400]
04b_intensity_sampling  	    319	00.260413	(00.000816 +- 00.000185)	[00.000321,00.002206]
05_registration         	    319	01.290384	(00.004045 +- 00.000735)	[00.001089,00.013003]
06_map                  	    319	00.291308	(00.000913 +- 00.000189)	[00.000353,00.001701]
07_imu_opt              	    319	00.406604	(00.001275 +- 00.000155)	[00.000001,00.003969]
08_publish              	    319	03.433524	(00.010763 +- 00.002244)	[00.002753,00.024065]
step                    	    322	07.249329	(00.022513 +- 00.004038)	[00.005205,00.049405]

INFO  Timings:
SM Timing
-----------
00_conversion_livox     	    324	03.634876	(00.011219 +- 00.000485)	[00.008464,00.021490]
01_filter               	    323	00.101380	(00.000314 +- 00.000061)	[00.000152,00.002432]
02_preint               	    321	00.011520	(00.000036 +- 00.000005)	[00.000025,00.000075]
02a_intensity_preprocess	    323	00.977921	(00.003028 +- 00.000521)	[00.001237,00.006728]
03_undistortion         	    321	00.258413	(00.000805 +- 00.000202)	[00.000253,00.003404]
04_sampling             	    320	00.181763	(00.000568 +- 00.000121)	[00.000211,00.001400]
04b_intensity_sampling  	    320	00.260932	(00.000815 +- 00.000187)	[00.000321,00.002206]
05_registration         	    320	01.291596	(00.004036 +- 00.000755)	[00.001089,00.013003]
06_map                  	    320	00.291791	(00.000912 +- 00.000187)	[00.000353,00.001701]
07_imu_opt              	    320	00.407959	(00.001275 +- 00.000154)	[00.000001,00.003969]
08_publish              	    320	03.437558	(00.010742 +- 00.002298)	[00.002753,00.024065]
step                    	    323	07.259564	(00.022475 +- 00.004131)	[00.005205,00.049405]

INFO  Timings:
SM Timing
-----------
00_conversion_livox     	    325	03.644635	(00.011214 +- 00.000479)	[00.008464,00.021490]
01_filter               	    324	00.101568	(00.000313 +- 00.000062)	[00.000152,00.002432]
02_preint               	    322	00.011557	(00.000036 +- 00.000005)	[00.000025,00.000075]
02a_intensity_preprocess	    324	00.979575	(00.003023 +- 00.000529)	[00.001237,00.006728]
03_undistortion         	    322	00.258776	(00.000804 +- 00.000205)	[00.000253,00.003404]
04_sampling             	    321	00.182128	(00.000567 +- 00.000121)	[00.000211,00.001400]
04b_intensity_sampling  	    321	00.261434	(00.000814 +- 00.000189)	[00.000321,00.002206]
05_registration         	    321	01.293045	(00.004028 +- 00.000764)	[00.001089,00.013003]
06_map                  	    321	00.292290	(00.000911 +- 00.000189)	[00.000353,00.001701]
07_imu_opt              	    321	00.409067	(00.001274 +- 00.000155)	[00.000001,00.003969]
08_publish              	    321	03.441663	(00.010722 +- 00.002346)	[00.002753,00.024065]
step                    	    324	07.269873	(00.022438 +- 00.004217)	[00.005205,00.049405]

INFO  Timings:
SM Timing
-----------
00_conversion_livox     	    326	03.654446	(00.011210 +- 00.000478)	[00.008464,00.021490]
01_filter               	    325	00.101933	(00.000314 +- 00.000063)	[00.000152,00.002432]
02_preint               	    323	00.011585	(00.000036 +- 00.000005)	[00.000025,00.000075]
02a_intensity_preprocess	    325	00.981149	(00.003019 +- 00.000539)	[00.001237,00.006728]
03_undistortion         	    323	00.259229	(00.000803 +- 00.000206)	[00.000253,00.003404]
04_sampling             	    322	00.182589	(00.000567 +- 00.000112)	[00.000211,00.001400]
04b_intensity_sampling  	    322	00.261942	(00.000813 +- 00.000191)	[00.000321,00.002206]
05_registration         	    322	01.296120	(00.004025 +- 00.000770)	[00.001089,00.013003]
06_map                  	    322	00.292869	(00.000910 +- 00.000190)	[00.000353,00.001701]
07_imu_opt              	    322	00.410522	(00.001275 +- 00.000157)	[00.000001,00.003969]
08_publish              	    322	03.445897	(00.010702 +- 00.002385)	[00.002753,00.024065]
step                    	    325	07.282670	(00.022408 +- 00.004240)	[00.005205,00.049405]

INFO  Timings:
SM Timing
-----------
00_conversion_livox     	    327	03.663909	(00.011205 +- 00.000482)	[00.008464,00.021490]
01_filter               	    326	00.102126	(00.000313 +- 00.000062)	[00.000152,00.002432]
02_preint               	    324	00.011621	(00.000036 +- 00.000005)	[00.000025,00.000075]
02a_intensity_preprocess	    326	00.982816	(00.003015 +- 00.000545)	[00.001237,00.006728]
03_undistortion         	    324	00.259573	(00.000801 +- 00.000210)	[00.000253,00.003404]
04_sampling             	    323	00.182942	(00.000566 +- 00.000112)	[00.000211,00.001400]
04b_intensity_sampling  	    323	00.262539	(00.000813 +- 00.000191)	[00.000321,00.002206]
05_registration         	    323	01.297582	(00.004017 +- 00.000754)	[00.001089,00.013003]
06_map                  	    323	00.293318	(00.000908 +- 00.000192)	[00.000353,00.001701]
07_imu_opt              	    323	00.411657	(00.001274 +- 00.000155)	[00.000001,00.003969]
08_publish              	    323	03.450356	(00.010682 +- 00.002405)	[00.002753,00.024065]
step                    	    326	07.293448	(00.022373 +- 00.004267)	[00.005205,00.049405]

INFO  Timings:
SM Timing
-----------
00_conversion_livox     	    328	03.673132	(00.011199 +- 00.000493)	[00.008464,00.021490]
01_filter               	    327	00.102326	(00.000313 +- 00.000063)	[00.000152,00.002432]
02_preint               	    325	00.011662	(00.000036 +- 00.000005)	[00.000025,00.000075]
02a_intensity_preprocess	    327	00.984478	(00.003011 +- 00.000548)	[00.001237,00.006728]
03_undistortion         	    325	00.259885	(00.000800 +- 00.000210)	[00.000253,00.003404]
04_sampling             	    324	00.183255	(00.000566 +- 00.000113)	[00.000211,00.001400]
04b_intensity_sampling  	    324	00.262930	(00.000812 +- 00.000196)	[00.000321,00.002206]
05_registration         	    324	01.299171	(00.004010 +- 00.000711)	[00.001089,00.013003]
06_map                  	    324	00.293780	(00.000907 +- 00.000194)	[00.000353,00.001701]
07_imu_opt              	    324	00.413150	(00.001275 +- 00.000158)	[00.000001,00.003969]
08_publish              	    324	03.454599	(00.010662 +- 00.002410)	[00.002753,00.024065]
step                    	    327	07.304211	(00.022337 +- 00.004249)	[00.005205,00.049405]

INFO  Timings:
SM Timing
-----------
00_conversion_livox     	    329	03.682926	(00.011194 +- 00.000487)	[00.008464,00.021490]
01_filter               	    328	00.102530	(00.000313 +- 00.000063)	[00.000152,00.002432]
02_preint               	    326	00.011689	(00.000036 +- 00.000005)	[00.000025,00.000075]
02a_intensity_preprocess	    328	00.986022	(00.003006 +- 00.000548)	[00.001237,00.006728]
03_undistortion         	    326	00.260248	(00.000798 +- 00.000212)	[00.000253,00.003404]
04_sampling             	    325	00.183676	(00.000565 +- 00.000112)	[00.000211,00.001400]
04b_intensity_sampling  	    325	00.263416	(00.000811 +- 00.000195)	[00.000321,00.002206]
05_registration         	    325	01.300583	(00.004002 +- 00.000713)	[00.001089,00.013003]
06_map                  	    325	00.294352	(00.000906 +- 00.000194)	[00.000353,00.001701]
07_imu_opt              	    325	00.414335	(00.001275 +- 00.000158)	[00.000001,00.003969]
08_publish              	    325	03.458627	(00.010642 +- 00.002408)	[00.002753,00.024065]
step                    	    328	07.314528	(00.022300 +- 00.004252)	[00.005205,00.049405]

INFO  Timings:
SM Timing
-----------
00_conversion_livox     	    330	03.692927	(00.011191 +- 00.000474)	[00.008464,00.021490]
01_filter               	    329	00.102726	(00.000312 +- 00.000064)	[00.000152,00.002432]
02_preint               	    327	00.011725	(00.000036 +- 00.000005)	[00.000025,00.000075]
02a_intensity_preprocess	    329	00.987696	(00.003002 +- 00.000537)	[00.001237,00.006728]
03_undistortion         	    327	00.260603	(00.000797 +- 00.000208)	[00.000253,00.003404]
04_sampling             	    326	00.183935	(00.000564 +- 00.000110)	[00.000211,00.001400]
04b_intensity_sampling  	    326	00.263883	(00.000809 +- 00.000189)	[00.000321,00.002206]
05_registration         	    326	01.302484	(00.003995 +- 00.000708)	[00.001089,00.013003]
06_map                  	    326	00.294798	(00.000904 +- 00.000191)	[00.000353,00.001701]
07_imu_opt              	    326	00.415860	(00.001276 +- 00.000158)	[00.000001,00.003969]
08_publish              	    326	03.463045	(00.010623 +- 00.002378)	[00.002753,00.024065]
step                    	    329	07.325852	(00.022267 +- 00.004172)	[00.005205,00.049405]

INFO  Timings:
SM Timing
-----------
00_conversion_livox     	    331	03.703739	(00.011190 +- 00.000471)	[00.008464,00.021490]
01_filter               	    330	00.102952	(00.000312 +- 00.000064)	[00.000152,00.002432]
02_preint               	    328	00.011761	(00.000036 +- 00.000005)	[00.000025,00.000075]
02a_intensity_preprocess	    330	00.989569	(00.002999 +- 00.000524)	[00.001237,00.006728]
03_undistortion         	    328	00.260978	(00.000796 +- 00.000207)	[00.000253,00.003404]
04_sampling             	    327	00.184252	(00.000563 +- 00.000109)	[00.000211,00.001400]
04b_intensity_sampling  	    327	00.264352	(00.000808 +- 00.000186)	[00.000321,00.002206]
05_registration         	    327	01.304744	(00.003990 +- 00.000676)	[00.001089,00.013003]
06_map                  	    327	00.295251	(00.000903 +- 00.000187)	[00.000353,00.001701]
07_imu_opt              	    327	00.417439	(00.001277 +- 00.000164)	[00.000001,00.003969]
08_publish              	    327	03.467963	(00.010605 +- 00.002344)	[00.002753,00.024065]
step                    	    330	07.338432	(00.022238 +- 00.004069)	[00.005205,00.049405]

INFO  Timings:
SM Timing
-----------
00_conversion_livox     	    332	03.715781	(00.011192 +- 00.000548)	[00.008464,00.021490]
01_filter               	    331	00.103185	(00.000312 +- 00.000063)	[00.000152,00.002432]
02_preint               	    329	00.011804	(00.000036 +- 00.000005)	[00.000025,00.000075]
02a_intensity_preprocess	    331	00.991502	(00.002995 +- 00.000515)	[00.001237,00.006728]
03_undistortion         	    329	00.261327	(00.000794 +- 00.000207)	[00.000253,00.003404]
04_sampling             	    328	00.184574	(00.000563 +- 00.000102)	[00.000211,00.001400]
04b_intensity_sampling  	    328	00.264864	(00.000808 +- 00.000185)	[00.000321,00.002206]
05_registration         	    328	01.306294	(00.003983 +- 00.000680)	[00.001089,00.013003]
06_map                  	    328	00.295760	(00.000902 +- 00.000186)	[00.000353,00.001701]
07_imu_opt              	    328	00.419265	(00.001278 +- 00.000182)	[00.000001,00.003969]
08_publish              	    328	03.472704	(00.010588 +- 00.002314)	[00.002753,00.024065]
step                    	    331	07.350552	(00.022207 +- 00.004017)	[00.005205,00.049405]

INFO  Timings:
SM Timing
-----------
00_conversion_livox     	    333	03.727642	(00.011194 +- 00.000606)	[00.008464,00.021490]
01_filter               	    332	00.103444	(00.000312 +- 00.000062)	[00.000152,00.002432]
02_preint               	    330	00.011851	(00.000036 +- 00.000005)	[00.000025,00.000075]
02a_intensity_preprocess	    332	00.993331	(00.002992 +- 00.000506)	[00.001237,00.006728]
03_undistortion         	    330	00.261649	(00.000793 +- 00.000209)	[00.000253,00.003404]
04_sampling             	    329	00.184850	(00.000562 +- 00.000101)	[00.000211,00.001400]
04b_intensity_sampling  	    329	00.265366	(00.000807 +- 00.000183)	[00.000321,00.002206]
05_registration         	    329	01.308489	(00.003977 +- 00.000664)	[00.001089,00.013003]
06_map                  	    329	00.296266	(00.000901 +- 00.000184)	[00.000353,00.001701]
07_imu_opt              	    329	00.420865	(00.001279 +- 00.000188)	[00.000001,00.003969]
08_publish              	    329	03.476948	(00.010568 +- 00.002284)	[00.002753,00.024065]
step                    	    332	07.362390	(00.022176 +- 00.003945)	[00.005205,00.049405]

INFO  Timings:
SM Timing
-----------
00_conversion_livox     	    334	03.739477	(00.011196 +- 00.000648)	[00.008464,00.021490]
01_filter               	    333	00.103695	(00.000311 +- 00.000062)	[00.000152,00.002432]
02_preint               	    331	00.011887	(00.000036 +- 00.000005)	[00.000025,00.000075]
02a_intensity_preprocess	    333	00.994989	(00.002988 +- 00.000501)	[00.001237,00.006728]
03_undistortion         	    331	00.262016	(00.000792 +- 00.000209)	[00.000253,00.003404]
04_sampling             	    330	00.185116	(00.000561 +- 00.000102)	[00.000211,00.001400]
04b_intensity_sampling  	    330	00.265761	(00.000805 +- 00.000185)	[00.000321,00.002206]
05_registration         	    330	01.310523	(00.003971 +- 00.000663)	[00.001089,00.013003]
06_map                  	    330	00.296748	(00.000899 +- 00.000180)	[00.000353,00.001701]
07_imu_opt              	    330	00.422407	(00.001280 +- 00.000192)	[00.000001,00.003969]
08_publish              	    330	03.480882	(00.010548 +- 00.002262)	[00.002753,00.024065]
step                    	    333	07.373417	(00.022142 +- 00.003912)	[00.005205,00.049405]

INFO  Timings:
SM Timing
-----------
00_conversion_livox     	    335	03.750576	(00.011196 +- 00.000659)	[00.008464,00.021490]
01_filter               	    334	00.103901	(00.000311 +- 00.000062)	[00.000152,00.002432]
02_preint               	    332	00.011919	(00.000036 +- 00.000005)	[00.000025,00.000075]
02a_intensity_preprocess	    334	00.996589	(00.002984 +- 00.000453)	[00.001237,00.006728]
03_undistortion         	    332	00.262334	(00.000790 +- 00.000207)	[00.000253,00.003404]
04_sampling             	    331	00.185380	(00.000560 +- 00.000103)	[00.000211,00.001400]
04b_intensity_sampling  	    331	00.266354	(00.000805 +- 00.000184)	[00.000321,00.002206]
05_registration         	    331	01.311736	(00.003963 +- 00.000665)	[00.001089,00.013003]
06_map                  	    331	00.297178	(00.000898 +- 00.000181)	[00.000353,00.001701]
07_imu_opt              	    331	00.423738	(00.001280 +- 00.000191)	[00.000001,00.003969]
08_publish              	    331	03.484601	(00.010527 +- 00.002241)	[00.002753,00.024065]
step                    	    334	07.383178	(00.022105 +- 00.003851)	[00.005205,00.049405]

INFO  Timings:
SM Timing
-----------
00_conversion_livox     	    336	03.761471	(00.011195 +- 00.000667)	[00.008464,00.021490]
01_filter               	    335	00.104096	(00.000311 +- 00.000063)	[00.000152,00.002432]
02_preint               	    333	00.011955	(00.000036 +- 00.000005)	[00.000025,00.000075]
02a_intensity_preprocess	    335	00.998086	(00.002979 +- 00.000448)	[00.001237,00.006728]
03_undistortion         	    333	00.262690	(00.000789 +- 00.000206)	[00.000253,00.003404]
04_sampling             	    332	00.185671	(00.000559 +- 00.000100)	[00.000211,00.001400]
04b_intensity_sampling  	    332	00.266841	(00.000804 +- 00.000173)	[00.000321,00.002206]
05_registration         	    332	01.313039	(00.003955 +- 00.000669)	[00.001089,00.013003]
06_map                  	    332	00.297697	(00.000897 +- 00.000180)	[00.000353,00.001701]
07_imu_opt              	    332	00.424958	(00.001280 +- 00.000190)	[00.000001,00.003969]
08_publish              	    332	03.487951	(00.010506 +- 00.002228)	[00.002753,00.024065]
step                    	    335	07.392489	(00.022067 +- 00.003823)	[00.005205,00.049405]

INFO  Timings:
SM Timing
-----------
00_conversion_livox     	    337	03.771541	(00.011192 +- 00.000665)	[00.008464,00.021490]
01_filter               	    336	00.104320	(00.000310 +- 00.000063)	[00.000152,00.002432]
02_preint               	    334	00.011992	(00.000036 +- 00.000005)	[00.000025,00.000075]
02a_intensity_preprocess	    336	00.999456	(00.002975 +- 00.000448)	[00.001237,00.006728]
03_undistortion         	    334	00.263004	(00.000787 +- 00.000206)	[00.000253,00.003404]
04_sampling             	    333	00.185971	(00.000558 +- 00.000100)	[00.000211,00.001400]
04b_intensity_sampling  	    333	00.267280	(00.000803 +- 00.000174)	[00.000321,00.002206]
05_registration         	    333	01.314559	(00.003948 +- 00.000673)	[00.001089,00.013003]
06_map                  	    333	00.298227	(00.000896 +- 00.000179)	[00.000353,00.001701]
07_imu_opt              	    333	00.426035	(00.001279 +- 00.000192)	[00.000001,00.003969]
08_publish              	    333	03.490995	(00.010483 +- 00.002234)	[00.002753,00.024065]
step                    	    336	07.401429	(00.022028 +- 00.003843)	[00.005205,00.049405]

INFO  Timings:
SM Timing
-----------
00_conversion_livox     	    338	03.781013	(00.011186 +- 00.000669)	[00.008464,00.021490]
01_filter               	    337	00.104517	(00.000310 +- 00.000063)	[00.000152,00.002432]
02_preint               	    335	00.012020	(00.000036 +- 00.000005)	[00.000025,00.000075]
02a_intensity_preprocess	    337	01.000785	(00.002970 +- 00.000451)	[00.001237,00.006728]
03_undistortion         	    335	00.263239	(00.000786 +- 00.000208)	[00.000235,00.003404]
04_sampling             	    334	00.186194	(00.000557 +- 00.000101)	[00.000211,00.001400]
04b_intensity_sampling  	    334	00.267625	(00.000801 +- 00.000176)	[00.000321,00.002206]
05_registration         	    334	01.315827	(00.003940 +- 00.000665)	[00.001089,00.013003]
06_map                  	    334	00.298568	(00.000894 +- 00.000167)	[00.000341,00.001701]
07_imu_opt              	    334	00.427091	(00.001279 +- 00.000193)	[00.000001,00.003969]
08_publish              	    334	03.493859	(00.010461 +- 00.002240)	[00.002753,00.024065]
step                    	    337	07.409356	(00.021986 +- 00.003853)	[00.005205,00.049405]

INFO  Timings:
SM Timing
-----------
00_conversion_livox     	    339	03.790270	(00.011181 +- 00.000677)	[00.008464,00.021490]
01_filter               	    338	00.104673	(00.000310 +- 00.000064)	[00.000152,00.002432]
02_preint               	    336	00.012046	(00.000036 +- 00.000005)	[00.000025,00.000075]
02a_intensity_preprocess	    338	01.002041	(00.002965 +- 00.000454)	[00.001237,00.006728]
03_undistortion         	    336	00.263463	(00.000784 +- 00.000201)	[00.000224,00.003404]
04_sampling             	    335	00.186401	(00.000556 +- 00.000101)	[00.000207,00.001400]
04b_intensity_sampling  	    335	00.267930	(00.000800 +- 00.000176)	[00.000305,00.002206]
05_registration         	    335	01.317098	(00.003932 +- 00.000653)	[00.001089,00.013003]
06_map                  	    335	00.298920	(00.000892 +- 00.000168)	[00.000341,00.001701]
07_imu_opt              	    335	00.428338	(00.001279 +- 00.000193)	[00.000001,00.003969]
08_publish              	    335	03.496621	(00.010438 +- 00.002235)	[00.002753,00.024065]
step                    	    338	07.417217	(00.021944 +- 00.003837)	[00.005205,00.049405]

INFO  Timings:
SM Timing
-----------
00_conversion_livox     	    340	03.799681	(00.011176 +- 00.000682)	[00.008464,00.021490]
01_filter               	    339	00.104840	(00.000309 +- 00.000065)	[00.000152,00.002432]
02_preint               	    337	00.012070	(00.000036 +- 00.000005)	[00.000024,00.000075]
02a_intensity_preprocess	    339	01.003327	(00.002960 +- 00.000450)	[00.001237,00.006728]
03_undistortion         	    337	00.263739	(00.000783 +- 00.000185)	[00.000224,00.003404]
04_sampling             	    336	00.186653	(00.000556 +- 00.000100)	[00.000207,00.001400]
04b_intensity_sampling  	    336	00.268282	(00.000798 +- 00.000179)	[00.000305,00.002206]
05_registration         	    336	01.319393	(00.003927 +- 00.000630)	[00.001089,00.013003]
06_map                  	    336	00.299338	(00.000891 +- 00.000168)	[00.000341,00.001701]
07_imu_opt              	    336	00.429596	(00.001279 +- 00.000191)	[00.000001,00.003969]
08_publish              	    336	03.499359	(00.010415 +- 00.002207)	[00.002738,00.024065]
step                    	    339	07.426334	(00.021907 +- 00.003750)	[00.005205,00.049405]

INFO  Timings:
SM Timing
-----------
00_conversion_livox     	    341	03.809226	(00.011171 +- 00.000684)	[00.008464,00.021490]
01_filter               	    340	00.105024	(00.000309 +- 00.000065)	[00.000152,00.002432]
02_preint               	    338	00.012094	(00.000036 +- 00.000005)	[00.000024,00.000075]
02a_intensity_preprocess	    340	01.004561	(00.002955 +- 00.000447)	[00.001235,00.006728]
03_undistortion         	    338	00.264037	(00.000781 +- 00.000181)	[00.000224,00.003404]
04_sampling             	    337	00.186880	(00.000555 +- 00.000094)	[00.000207,00.001400]
04b_intensity_sampling  	    337	00.268669	(00.000797 +- 00.000176)	[00.000305,00.002206]
05_registration         	    337	01.320690	(00.003919 +- 00.000634)	[00.001089,00.013003]
06_map                  	    337	00.299815	(00.000890 +- 00.000159)	[00.000341,00.001701]
07_imu_opt              	    337	00.430631	(00.001278 +- 00.000193)	[00.000001,00.003969]
08_publish              	    337	03.501874	(00.010391 +- 00.002174)	[00.002515,00.024065]
step                    	    340	07.434084	(00.021865 +- 00.003707)	[00.005205,00.049405]

INFO  Timings:
SM Timing
-----------
00_conversion_livox     	    342	03.818189	(00.011164 +- 00.000699)	[00.008464,00.021490]
01_filter               	    341	00.105187	(00.000308 +- 00.000063)	[00.000152,00.002432]
02_preint               	    339	00.012119	(00.000036 +- 00.000005)	[00.000024,00.000075]
02a_intensity_preprocess	    341	01.005773	(00.002949 +- 00.000442)	[00.001211,00.006728]
03_undistortion         	    339	00.264274	(00.000780 +- 00.000178)	[00.000224,00.003404]
04_sampling             	    338	00.187121	(00.000554 +- 00.000094)	[00.000207,00.001400]
04b_intensity_sampling  	    338	00.268972	(00.000796 +- 00.000179)	[00.000303,00.002206]
05_registration         	    338	01.322544	(00.003913 +- 00.000625)	[00.001089,00.013003]
06_map                  	    338	00.300150	(00.000888 +- 00.000160)	[00.000335,00.001701]
07_imu_opt              	    338	00.432996	(00.001281 +- 00.000247)	[00.000001,00.003969]
08_publish              	    338	03.504632	(00.010369 +- 00.002132)	[00.002515,00.024065]
step                    	    341	07.443639	(00.021829 +- 00.003623)	[00.005205,00.049405]

INFO  Timings:
SM Timing
-----------
00_conversion_livox     	    343	03.827314	(00.011158 +- 00.000708)	[00.008464,00.021490]
01_filter               	    342	00.105381	(00.000308 +- 00.000052)	[00.000152,00.002432]
02_preint               	    340	00.012143	(00.000036 +- 00.000005)	[00.000024,00.000075]
02a_intensity_preprocess	    342	01.007020	(00.002945 +- 00.000433)	[00.001211,00.006728]
03_undistortion         	    340	00.264589	(00.000778 +- 00.000175)	[00.000224,00.003404]
04_sampling             	    339	00.187340	(00.000553 +- 00.000083)	[00.000207,00.001400]
04b_intensity_sampling  	    339	00.269309	(00.000794 +- 00.000180)	[00.000303,00.002206]
05_registration         	    339	01.324218	(00.003906 +- 00.000619)	[00.001089,00.013003]
06_map                  	    339	00.300526	(00.000887 +- 00.000158)	[00.000335,00.001701]
07_imu_opt              	    339	00.434204	(00.001281 +- 00.000246)	[00.000001,00.003969]
08_publish              	    339	03.507447	(00.010346 +- 00.002075)	[00.002515,00.024065]
step                    	    342	07.452096	(00.021790 +- 00.003521)	[00.005205,00.049405]

INFO  Timings:
SM Timing
-----------
00_conversion_livox     	    344	03.836281	(00.011152 +- 00.000715)	[00.008464,00.021490]
01_filter               	    343	00.105580	(00.000308 +- 00.000052)	[00.000152,00.002432]
02_preint               	    341	00.012169	(00.000036 +- 00.000005)	[00.000024,00.000075]
02a_intensity_preprocess	    343	01.008285	(00.002940 +- 00.000420)	[00.001211,00.006728]
03_undistortion         	    341	00.264856	(00.000777 +- 00.000159)	[00.000224,00.003404]
04_sampling             	    340	00.187568	(00.000552 +- 00.000082)	[00.000207,00.001400]
04b_intensity_sampling  	    340	00.269687	(00.000793 +- 00.000169)	[00.000303,00.002206]
05_registration         	    340	01.325580	(00.003899 +- 00.000622)	[00.001089,00.013003]
06_map                  	    340	00.300944	(00.000885 +- 00.000153)	[00.000335,00.001701]
07_imu_opt              	    340	00.435791	(00.001282 +- 00.000249)	[00.000001,00.003969]
08_publish              	    340	03.510527	(00.010325 +- 00.002015)	[00.002515,00.024065]
step                    	    343	07.460954	(00.021752 +- 00.003415)	[00.005205,00.049405]

INFO  Timings:
SM Timing
-----------
00_conversion_livox     	    345	03.845319	(00.011146 +- 00.000725)	[00.008464,00.021490]
01_filter               	    344	00.105753	(00.000307 +- 00.000052)	[00.000152,00.002432]
02_preint               	    342	00.012192	(00.000036 +- 00.000005)	[00.000024,00.000075]
02a_intensity_preprocess	    344	01.009599	(00.002935 +- 00.000411)	[00.001211,00.006728]
03_undistortion         	    342	00.265159	(00.000775 +- 00.000157)	[00.000224,00.003404]
04_sampling             	    341	00.187788	(00.000551 +- 00.000081)	[00.000207,00.001400]
04b_intensity_sampling  	    341	00.270073	(00.000792 +- 00.000149)	[00.000303,00.002206]
05_registration         	    341	01.328000	(00.003894 +- 00.000616)	[00.001089,00.013003]
06_map                  	    341	00.301342	(00.000884 +- 00.000151)	[00.000335,00.001701]
07_imu_opt              	    341	00.436761	(00.001281 +- 00.000252)	[00.000001,00.003969]
08_publish              	    341	03.513895	(00.010305 +- 00.001950)	[00.002515,00.024065]
step                    	    344	07.470577	(00.021717 +- 00.003304)	[00.005205,00.049405]

INFO  Timings:
SM Timing
-----------
00_conversion_livox     	    346	03.854375	(00.011140 +- 00.000733)	[00.008464,00.021490]
01_filter               	    345	00.105944	(00.000307 +- 00.000050)	[00.000152,00.002432]
02_preint               	    343	00.012216	(00.000036 +- 00.000006)	[00.000024,00.000075]
02a_intensity_preprocess	    345	01.011112	(00.002931 +- 00.000398)	[00.001211,00.006728]
03_undistortion         	    343	00.265496	(00.000774 +- 00.000154)	[00.000224,00.003404]
04_sampling             	    342	00.188040	(00.000550 +- 00.000077)	[00.000207,00.001400]
04b_intensity_sampling  	    342	00.270442	(00.000791 +- 00.000147)	[00.000303,00.002206]
05_registration         	    342	01.330013	(00.003889 +- 00.000603)	[00.001089,00.013003]
06_map                  	    342	00.302098	(00.000883 +- 00.000150)	[00.000335,00.001701]
07_imu_opt              	    342	00.438018	(00.001281 +- 00.000251)	[00.000001,00.003969]
08_publish              	    342	03.517925	(00.010286 +- 00.001875)	[00.002515,00.024065]
step                    	    345	07.481368	(00.021685 +- 00.003182)	[00.005205,00.049405]

INFO  Timings:
SM Timing
-----------
00_conversion_livox     	    347	03.862955	(00.011132 +- 00.000750)	[00.008464,00.021490]
01_filter               	    346	00.106144	(00.000307 +- 00.000049)	[00.000152,00.002432]
02_preint               	    344	00.012241	(00.000036 +- 00.000006)	[00.000024,00.000075]
02a_intensity_preprocess	    346	01.012807	(00.002927 +- 00.000386)	[00.001211,00.006728]
03_undistortion         	    344	00.265845	(00.000773 +- 00.000150)	[00.000224,00.003404]
04_sampling             	    343	00.188304	(00.000549 +- 00.000076)	[00.000207,00.001400]
04b_intensity_sampling  	    343	00.270896	(00.000790 +- 00.000143)	[00.000303,00.002206]
05_registration         	    343	01.331944	(00.003883 +- 00.000551)	[00.001089,00.013003]
06_map                  	    343	00.302661	(00.000882 +- 00.000146)	[00.000335,00.001701]
07_imu_opt              	    343	00.439093	(00.001280 +- 00.000252)	[00.000001,00.003969]
08_publish              	    343	03.522768	(00.010270 +- 00.001786)	[00.002515,00.024065]
step                    	    346	07.492830	(00.021656 +- 00.003011)	[00.005205,00.049405]

INFO  Timings:
SM Timing
-----------
00_conversion_livox     	    348	03.872043	(00.011127 +- 00.000747)	[00.008464,00.021490]
01_filter               	    347	00.106371	(00.000307 +- 00.000049)	[00.000152,00.002432]
02_preint               	    345	00.012266	(00.000036 +- 00.000006)	[00.000024,00.000075]
02a_intensity_preprocess	    347	01.014569	(00.002924 +- 00.000367)	[00.001211,00.006728]
03_undistortion         	    345	00.266446	(00.000772 +- 00.000145)	[00.000224,00.003404]
04_sampling             	    344	00.188644	(00.000548 +- 00.000073)	[00.000207,00.001400]
04b_intensity_sampling  	    344	00.271492	(00.000789 +- 00.000129)	[00.000303,00.002206]
05_registration         	    344	01.333959	(00.003878 +- 00.000537)	[00.001089,00.013003]
06_map                  	    344	00.303203	(00.000881 +- 00.000135)	[00.000335,00.001701]
07_imu_opt              	    344	00.440898	(00.001282 +- 00.000262)	[00.000001,00.003969]
08_publish              	    344	03.528244	(00.010257 +- 00.001682)	[00.002515,00.024065]
step                    	    347	07.506277	(00.021632 +- 00.002838)	[00.005205,00.049405]

INFO  Timings:
SM Timing
-----------
00_conversion_livox     	    349	03.880883	(00.011120 +- 00.000754)	[00.008464,00.021490]
01_filter               	    348	00.106730	(00.000307 +- 00.000050)	[00.000152,00.002432]
02_preint               	    346	00.012292	(00.000036 +- 00.000006)	[00.000024,00.000075]
02a_intensity_preprocess	    348	01.016436	(00.002921 +- 00.000343)	[00.001211,00.006728]
03_undistortion         	    346	00.267048	(00.000772 +- 00.000143)	[00.000224,00.003404]
04_sampling             	    345	00.188995	(00.000548 +- 00.000072)	[00.000207,00.001400]
04b_intensity_sampling  	    345	00.272094	(00.000789 +- 00.000125)	[00.000303,00.002206]
05_registration         	    345	01.336140	(00.003873 +- 00.000531)	[00.001089,00.013003]
06_map                  	    345	00.303796	(00.000881 +- 00.000120)	[00.000335,00.001701]
07_imu_opt              	    345	00.441894	(00.001281 +- 00.000265)	[00.000001,00.003969]
08_publish              	    345	03.534180	(00.010244 +- 00.001574)	[00.002515,00.024065]
step                    	    348	07.519853	(00.021609 +- 00.002659)	[00.005205,00.049405]

INFO  Timings:
SM Timing
-----------
00_conversion_livox     	    350	03.889393	(00.011113 +- 00.000770)	[00.008464,00.021490]
01_filter               	    349	00.106945	(00.000306 +- 00.000050)	[00.000152,00.002432]
02_preint               	    347	00.012316	(00.000035 +- 00.000006)	[00.000024,00.000075]
02a_intensity_preprocess	    349	01.018303	(00.002918 +- 00.000323)	[00.001211,00.006728]
03_undistortion         	    347	00.267603	(00.000771 +- 00.000138)	[00.000224,00.003404]
04_sampling             	    346	00.189496	(00.000548 +- 00.000075)	[00.000207,00.001400]
04b_intensity_sampling  	    346	00.272667	(00.000788 +- 00.000124)	[00.000303,00.002206]
05_registration         	    346	01.338512	(00.003869 +- 00.000522)	[00.001089,00.013003]
06_map                  	    346	00.304599	(00.000880 +- 00.000123)	[00.000335,00.001701]
07_imu_opt              	    346	00.442895	(00.001280 +- 00.000262)	[00.000001,00.003969]
08_publish              	    346	03.540259	(00.010232 +- 00.001481)	[00.002515,00.024065]
step                    	    349	07.533905	(00.021587 +- 00.002500)	[00.005205,00.049405]

INFO  Timings:
SM Timing
-----------
00_conversion_livox     	    351	03.898229	(00.011106 +- 00.000779)	[00.008464,00.021490]
01_filter               	    350	00.107179	(00.000306 +- 00.000048)	[00.000152,00.002432]
02_preint               	    348	00.012341	(00.000035 +- 00.000006)	[00.000024,00.000075]
02a_intensity_preprocess	    350	01.020283	(00.002915 +- 00.000303)	[00.001211,00.006728]
03_undistortion         	    348	00.268224	(00.000771 +- 00.000130)	[00.000224,00.003404]
04_sampling             	    347	00.189868	(00.000547 +- 00.000075)	[00.000207,00.001400]
04b_intensity_sampling  	    347	00.273252	(00.000787 +- 00.000123)	[00.000303,00.002206]
05_registration         	    347	01.340185	(00.003862 +- 00.000522)	[00.001089,00.013003]
06_map                  	    347	00.305326	(00.000880 +- 00.000122)	[00.000335,00.001701]
07_imu_opt              	    347	00.443916	(00.001279 +- 00.000264)	[00.000001,00.003969]
08_publish              	    347	03.546076	(00.010219 +- 00.001402)	[00.002515,00.024065]
step                    	    350	07.547029	(00.021563 +- 00.002386)	[00.005205,00.049405]

INFO  Timings:
SM Timing
-----------
00_conversion_livox     	    352	03.907161	(00.011100 +- 00.000780)	[00.008464,00.021490]
01_filter               	    351	00.107380	(00.000306 +- 00.000045)	[00.000152,00.002432]
02_preint               	    349	00.012366	(00.000035 +- 00.000006)	[00.000024,00.000075]
02a_intensity_preprocess	    351	01.022102	(00.002912 +- 00.000284)	[00.001211,00.006728]
03_undistortion         	    349	00.268724	(00.000770 +- 00.000121)	[00.000224,00.003404]
04_sampling             	    348	00.190205	(00.000547 +- 00.000074)	[00.000207,00.001400]
04b_intensity_sampling  	    348	00.273737	(00.000787 +- 00.000114)	[00.000303,00.002206]
05_registration         	    348	01.343275	(00.003860 +- 00.000549)	[00.001089,00.013003]
06_map                  	    348	00.305842	(00.000879 +- 00.000114)	[00.000335,00.001701]
07_imu_opt              	    348	00.444931	(00.001279 +- 00.000266)	[00.000001,00.003969]
08_publish              	    348	03.551282	(00.010205 +- 00.001316)	[00.002515,00.024065]
step                    	    351	07.560297	(00.021539 +- 00.002255)	[00.005205,00.049405]

INFO  Timings:
SM Timing
-----------
00_conversion_livox     	    353	03.916131	(00.011094 +- 00.000786)	[00.008464,00.021490]
01_filter               	    352	00.107594	(00.000306 +- 00.000044)	[00.000152,00.002432]
02_preint               	    350	00.012391	(00.000035 +- 00.000006)	[00.000024,00.000075]
02a_intensity_preprocess	    352	01.023707	(00.002908 +- 00.000267)	[00.001211,00.006728]
03_undistortion         	    350	00.269239	(00.000769 +- 00.000114)	[00.000224,00.003404]
04_sampling             	    349	00.190560	(00.000546 +- 00.000072)	[00.000207,00.001400]
04b_intensity_sampling  	    349	00.274209	(00.000786 +- 00.000110)	[00.000303,00.002206]
05_registration         	    349	01.345765	(00.003856 +- 00.000554)	[00.001089,00.013003]
06_map                  	    349	00.306408	(00.000878 +- 00.000113)	[00.000335,00.001701]
07_imu_opt              	    349	00.445937	(00.001278 +- 00.000269)	[00.000001,00.003969]
08_publish              	    349	03.555626	(00.010188 +- 00.001238)	[00.002515,00.024065]
step                    	    352	07.571945	(00.021511 +- 00.002147)	[00.005205,00.049405]

INFO  Timings:
SM Timing
-----------
00_conversion_livox     	    354	03.925419	(00.011089 +- 00.000787)	[00.008464,00.021490]
01_filter               	    353	00.107769	(00.000305 +- 00.000042)	[00.000152,00.002432]
02_preint               	    351	00.012416	(00.000035 +- 00.000006)	[00.000024,00.000075]
02a_intensity_preprocess	    353	01.025064	(00.002904 +- 00.000259)	[00.001211,00.006728]
03_undistortion         	    351	00.269543	(00.000768 +- 00.000105)	[00.000224,00.003404]
04_sampling             	    350	00.190806	(00.000545 +- 00.000072)	[00.000207,00.001400]
04b_intensity_sampling  	    350	00.274612	(00.000785 +- 00.000107)	[00.000303,00.002206]
05_registration         	    350	01.348437	(00.003853 +- 00.000555)	[00.001089,00.013003]
06_map                  	    350	00.306890	(00.000877 +- 00.000111)	[00.000335,00.001701]
07_imu_opt              	    350	00.446968	(00.001277 +- 00.000270)	[00.000001,00.003969]
08_publish              	    350	03.558926	(00.010168 +- 00.001180)	[00.002515,00.024065]
step                    	    353	07.582002	(00.021479 +- 00.002031)	[00.005205,00.049405]

INFO  Timings:
SM Timing
-----------
00_conversion_livox     	    355	03.934666	(00.011084 +- 00.000789)	[00.008464,00.021490]
01_filter               	    354	00.107959	(00.000305 +- 00.000041)	[00.000152,00.002432]
02_preint               	    352	00.012452	(00.000035 +- 00.000006)	[00.000024,00.000075]
02a_intensity_preprocess	    354	01.026415	(00.002899 +- 00.000248)	[00.001211,00.006728]
03_undistortion         	    352	00.269806	(00.000766 +- 00.000101)	[00.000224,00.003404]
04_sampling             	    351	00.191073	(00.000544 +- 00.000070)	[00.000207,00.001400]
04b_intensity_sampling  	    351	00.274970	(00.000783 +- 00.000103)	[00.000303,00.002206]
05_registration         	    351	01.350121	(00.003846 +- 00.000555)	[00.001089,00.013003]
06_map                  	    351	00.307257	(00.000875 +- 00.000111)	[00.000335,00.001701]
07_imu_opt              	    351	00.448336	(00.001277 +- 00.000271)	[00.000001,00.003969]
08_publish              	    351	03.561743	(00.010147 +- 00.001132)	[00.002515,00.024065]
step                    	    354	07.590743	(00.021443 +- 00.001981)	[00.005205,00.049405]

INFO  Timings:
SM Timing
-----------
00_conversion_livox     	    356	03.944158	(00.011079 +- 00.000789)	[00.008464,00.021490]
01_filter               	    355	00.108120	(00.000305 +- 00.000042)	[00.000152,00.002432]
02_preint               	    353	00.012479	(00.000035 +- 00.000006)	[00.000024,00.000075]
02a_intensity_preprocess	    355	01.027708	(00.002895 +- 00.000238)	[00.001211,00.006728]
03_undistortion         	    353	00.270068	(00.000765 +- 00.000101)	[00.000224,00.003404]
04_sampling             	    352	00.191296	(00.000543 +- 00.000069)	[00.000207,00.001400]
04b_intensity_sampling  	    352	00.275341	(00.000782 +- 00.000099)	[00.000303,00.002206]
05_registration         	    352	01.351892	(00.003841 +- 00.000552)	[00.001089,00.013003]
06_map                  	    352	00.307695	(00.000874 +- 00.000105)	[00.000335,00.001701]
07_imu_opt              	    352	00.449456	(00.001277 +- 00.000271)	[00.000001,00.003969]
08_publish              	    352	03.564098	(00.010125 +- 00.001090)	[00.002354,00.024065]
step                    	    355	07.598816	(00.021405 +- 00.001917)	[00.005205,00.049405]

INFO  Timings:
SM Timing
-----------
00_conversion_livox     	    357	03.953869	(00.011075 +- 00.000788)	[00.008464,00.021490]
01_filter               	    356	00.108278	(00.000304 +- 00.000040)	[00.000152,00.002432]
02_preint               	    354	00.012514	(00.000035 +- 00.000006)	[00.000024,00.000075]
02a_intensity_preprocess	    356	01.028901	(00.002890 +- 00.000234)	[00.001193,00.006728]
03_undistortion         	    354	00.270313	(00.000764 +- 00.000101)	[00.000224,00.003404]
04_sampling             	    353	00.191525	(00.000543 +- 00.000070)	[00.000207,00.001400]
04b_intensity_sampling  	    353	00.275635	(00.000781 +- 00.000100)	[00.000294,00.002206]
05_registration         	    353	01.353991	(00.003836 +- 00.000546)	[00.001089,00.013003]
06_map                  	    353	00.307963	(00.000872 +- 00.000104)	[00.000268,00.001701]
07_imu_opt              	    353	00.450546	(00.001276 +- 00.000271)	[00.000001,00.003969]
08_publish              	    353	03.566158	(00.010102 +- 00.001069)	[00.002060,00.024065]
step                    	    356	07.606553	(00.021367 +- 00.001876)	[00.005205,00.049405]

INFO  Timings:
SM Timing
-----------
00_conversion_livox     	    358	03.963926	(00.011072 +- 00.000788)	[00.008464,00.021490]
01_filter               	    357	00.108441	(00.000304 +- 00.000040)	[00.000152,00.002432]
02_preint               	    355	00.012543	(00.000035 +- 00.000006)	[00.000024,00.000075]
02a_intensity_preprocess	    357	01.030015	(00.002885 +- 00.000233)	[00.001114,00.006728]
03_undistortion         	    355	00.270538	(00.000762 +- 00.000101)	[00.000224,00.003404]
04_sampling             	    354	00.191695	(00.000542 +- 00.000071)	[00.000170,00.001400]
04b_intensity_sampling  	    354	00.275927	(00.000779 +- 00.000100)	[00.000292,00.002206]
05_registration         	    354	01.355584	(00.003829 +- 00.000498)	[00.001089,00.013003]
06_map                  	    354	00.308272	(00.000871 +- 00.000103)	[00.000268,00.001701]
07_imu_opt              	    354	00.451668	(00.001276 +- 00.000271)	[00.000001,00.003969]
08_publish              	    354	03.567936	(00.010079 +- 00.001054)	[00.001779,00.024065]
step                    	    357	07.613400	(00.021326 +- 00.001802)	[00.005205,00.049405]

INFO  Timings:
SM Timing
-----------
00_conversion_livox     	    359	03.973922	(00.011069 +- 00.000790)	[00.008464,00.021490]
01_filter               	    358	00.108599	(00.000303 +- 00.000040)	[00.000152,00.002432]
02_preint               	    356	00.012570	(00.000035 +- 00.000006)	[00.000024,00.000075]
02a_intensity_preprocess	    358	01.031050	(00.002880 +- 00.000238)	[00.001035,00.006728]
03_undistortion         	    356	00.270746	(00.000761 +- 00.000101)	[00.000208,00.003404]
04_sampling             	    355	00.191818	(00.000540 +- 00.000074)	[00.000122,00.001400]
04b_intensity_sampling  	    355	00.276170	(00.000778 +- 00.000103)	[00.000242,00.002206]
05_registration         	    355	01.356860	(00.003822 +- 00.000503)	[00.001089,00.013003]
06_map                  	    355	00.308506	(00.000869 +- 00.000109)	[00.000234,00.001701]
07_imu_opt              	    355	00.452774	(00.001275 +- 00.000271)	[00.000001,00.003969]
08_publish              	    355	03.569419	(00.010055 +- 00.001073)	[00.001483,00.024065]
step                    	    358	07.619338	(00.021283 +- 00.001869)	[00.005205,00.049405]

INFO  Timings:
SM Timing
-----------
00_conversion_livox     	    360	03.983830	(00.011066 +- 00.000791)	[00.008464,00.021490]
01_filter               	    359	00.108741	(00.000303 +- 00.000041)	[00.000141,00.002432]
02_preint               	    357	00.012607	(00.000035 +- 00.000006)	[00.000024,00.000075]
02a_intensity_preprocess	    359	01.032074	(00.002875 +- 00.000244)	[00.001023,00.006728]
03_undistortion         	    357	00.270974	(00.000759 +- 00.000103)	[00.000208,00.003404]
04_sampling             	    356	00.191942	(00.000539 +- 00.000077)	[00.000122,00.001400]
04b_intensity_sampling  	    356	00.276452	(00.000777 +- 00.000104)	[00.000242,00.002206]
05_registration         	    356	01.358267	(00.003815 +- 00.000506)	[00.001089,00.013003]
06_map                  	    356	00.308811	(00.000867 +- 00.000112)	[00.000234,00.001701]
07_imu_opt              	    356	00.453845	(00.001275 +- 00.000272)	[00.000001,00.003969]
08_publish              	    356	03.570679	(00.010030 +- 00.001109)	[00.001260,00.024065]
step                    	    359	07.625270	(00.021240 +- 00.001949)	[00.005205,00.049405]

INFO  Timings:
SM Timing
-----------
00_conversion_livox     	    361	03.993447	(00.011062 +- 00.000791)	[00.008464,00.021490]
01_filter               	    360	00.108885	(00.000302 +- 00.000042)	[00.000141,00.002432]
02_preint               	    358	00.012634	(00.000035 +- 00.000006)	[00.000024,00.000075]
02a_intensity_preprocess	    360	01.033069	(00.002870 +- 00.000253)	[00.000995,00.006728]
03_undistortion         	    358	00.271154	(00.000757 +- 00.000104)	[00.000180,00.003404]
04_sampling             	    357	00.192030	(00.000538 +- 00.000080)	[00.000088,00.001400]
04b_intensity_sampling  	    357	00.276654	(00.000775 +- 00.000106)	[00.000202,00.002206]
05_registration         	    357	01.359391	(00.003808 +- 00.000513)	[00.001089,00.013003]
06_map                  	    357	00.309012	(00.000866 +- 00.000117)	[00.000201,00.001701]
07_imu_opt              	    357	00.456223	(00.001278 +- 00.000314)	[00.000001,00.003969]
08_publish              	    357	03.571928	(00.010005 +- 00.001149)	[00.001249,00.024065]
step                    	    360	07.631914	(00.021200 +- 00.001992)	[00.005205,00.049405]

INFO  Timings:
SM Timing
-----------
00_conversion_livox     	    362	04.003045	(00.011058 +- 00.000790)	[00.008464,00.021490]
01_filter               	    361	00.109029	(00.000302 +- 00.000043)	[00.000141,00.002432]
02_preint               	    359	00.012671	(00.000035 +- 00.000006)	[00.000024,00.000075]
02a_intensity_preprocess	    361	01.034005	(00.002864 +- 00.000261)	[00.000937,00.006728]
03_undistortion         	    359	00.271341	(00.000756 +- 00.000106)	[00.000180,00.003404]
04_sampling             	    358	00.192116	(00.000537 +- 00.000084)	[00.000085,00.001400]
04b_intensity_sampling  	    358	00.276827	(00.000773 +- 00.000111)	[00.000173,00.002206]
05_registration         	    358	01.360444	(00.003800 +- 00.000518)	[00.001053,00.013003]
06_map                  	    358	00.309183	(00.000864 +- 00.000123)	[00.000171,00.001701]
07_imu_opt              	    358	00.457292	(00.001277 +- 00.000315)	[00.000001,00.003969]
08_publish              	    358	03.572992	(00.009980 +- 00.001194)	[00.001064,00.024065]
step                    	    361	07.636882	(00.021155 +- 00.002108)	[00.004968,00.049405]

INFO  Timings:
SM Timing
-----------
00_conversion_livox     	    363	04.012586	(00.011054 +- 00.000784)	[00.008464,00.021490]
01_filter               	    362	00.109167	(00.000302 +- 00.000044)	[00.000138,00.002432]
02_preint               	    360	00.012697	(00.000035 +- 00.000006)	[00.000024,00.000075]
02a_intensity_preprocess	    362	01.034920	(00.002859 +- 00.000270)	[00.000914,00.006728]
03_undistortion         	    360	00.271537	(00.000754 +- 00.000106)	[00.000180,00.003404]
04_sampling             	    359	00.192221	(00.000535 +- 00.000085)	[00.000085,00.001400]
04b_intensity_sampling  	    359	00.277044	(00.000772 +- 00.000111)	[00.000173,00.002206]
05_registration         	    359	01.361521	(00.003793 +- 00.000522)	[00.001053,00.013003]
06_map                  	    359	00.309405	(00.000862 +- 00.000127)	[00.000171,00.001701]
07_imu_opt              	    359	00.458622	(00.001277 +- 00.000315)	[00.000001,00.003969]
08_publish              	    359	03.574004	(00.009955 +- 00.001239)	[00.001012,00.024065]
step                    	    362	07.642166	(00.021111 +- 00.002178)	[00.004968,00.049405]

INFO  Timings:
SM Timing
-----------
00_conversion_livox     	    364	04.021952	(00.011049 +- 00.000785)	[00.008464,00.021490]
01_filter               	    363	00.109320	(00.000301 +- 00.000044)	[00.000138,00.002432]
02_preint               	    361	00.012724	(00.000035 +- 00.000006)	[00.000024,00.000075]
02a_intensity_preprocess	    363	01.035834	(00.002854 +- 00.000278)	[00.000914,00.006728]
03_undistortion         	    361	00.271716	(00.000753 +- 00.000108)	[00.000179,00.003404]
04_sampling             	    360	00.192339	(00.000534 +- 00.000086)	[00.000085,00.001400]
04b_intensity_sampling  	    360	00.277214	(00.000770 +- 00.000116)	[00.000171,00.002206]
05_registration         	    360	01.363776	(00.003788 +- 00.000495)	[00.001053,00.013003]
06_map                  	    360	00.309614	(00.000860 +- 00.000131)	[00.000171,00.001701]
07_imu_opt              	    360	00.459941	(00.001278 +- 00.000315)	[00.000001,00.003969]
08_publish              	    360	03.574881	(00.009930 +- 00.001286)	[00.000877,00.024065]
step                    	    363	07.648438	(00.021070 +- 00.002197)	[00.004968,00.049405]

INFO  Timings:
SM Timing
-----------
00_conversion_livox     	    365	04.031123	(00.011044 +- 00.000786)	[00.008464,00.021490]
01_filter               	    364	00.109471	(00.000301 +- 00.000045)	[00.000138,00.002432]
02_preint               	    362	00.012754	(00.000035 +- 00.000006)	[00.000024,00.000075]
02a_intensity_preprocess	    364	01.036726	(00.002848 +- 00.000288)	[00.000892,00.006728]
03_undistortion         	    362	00.271867	(00.000751 +- 00.000111)	[00.000151,00.003404]
04_sampling             	    361	00.192415	(00.000533 +- 00.000090)	[00.000076,00.001400]
04b_intensity_sampling  	    361	00.277401	(00.000768 +- 00.000118)	[00.000171,00.002206]
05_registration         	    361	01.364926	(00.003781 +- 00.000498)	[00.001053,00.013003]
06_map                  	    361	00.309797	(00.000858 +- 00.000136)	[00.000171,00.001701]
07_imu_opt              	    361	00.461007	(00.001277 +- 00.000315)	[00.000001,00.003969]
08_publish              	    361	03.575676	(00.009905 +- 00.001332)	[00.000795,00.024065]
step                    	    364	07.653165	(00.021025 +- 00.002303)	[00.004728,00.049405]

INFO  Timings:
SM Timing
-----------
00_conversion_livox     	    366	04.040448	(00.011039 +- 00.000786)	[00.008464,00.021490]
01_filter               	    365	00.109597	(00.000300 +- 00.000046)	[00.000126,00.002432]
02_preint               	    363	00.012780	(00.000035 +- 00.000006)	[00.000024,00.000075]
02a_intensity_preprocess	    365	01.037571	(00.002843 +- 00.000298)	[00.000845,00.006728]
03_undistortion         	    363	00.272008	(00.000749 +- 00.000114)	[00.000141,00.003404]
04_sampling             	    362	00.192514	(00.000532 +- 00.000093)	[00.000076,00.001400]
04b_intensity_sampling  	    362	00.277562	(00.000767 +- 00.000123)	[00.000161,00.002206]
05_registration         	    362	01.366560	(00.003775 +- 00.000497)	[00.001053,00.013003]
06_map                  	    362	00.310006	(00.000856 +- 00.000140)	[00.000171,00.001701]
07_imu_opt              	    362	00.462343	(00.001277 +- 00.000315)	[00.000001,00.003969]
08_publish              	    362	03.576457	(00.009880 +- 00.001376)	[00.000780,00.024065]
step                    	    365	07.658570	(00.020982 +- 00.002372)	[00.004728,00.049405]

INFO  Timings:
SM Timing
-----------
00_conversion_livox     	    367	04.049601	(00.011034 +- 00.000788)	[00.008464,00.021490]
01_filter               	    366	00.109728	(00.000300 +- 00.000047)	[00.000126,00.002432]
02_preint               	    364	00.012807	(00.000035 +- 00.000006)	[00.000024,00.000075]
02a_intensity_preprocess	    366	01.038446	(00.002837 +- 00.000307)	[00.000845,00.006728]
03_undistortion         	    364	00.272154	(00.000748 +- 00.000116)	[00.000141,00.003404]
04_sampling             	    363	00.192748	(00.000531 +- 00.000093)	[00.000076,00.001400]
04b_intensity_sampling  	    363	00.277718	(00.000765 +- 00.000128)	[00.000156,00.002206]
05_registration         	    363	01.368455	(00.003770 +- 00.000496)	[00.001053,00.013003]
06_map                  	    363	00.310160	(00.000854 +- 00.000145)	[00.000154,00.001701]
07_imu_opt              	    363	00.463620	(00.001277 +- 00.000313)	[00.000001,00.003969]
08_publish              	    363	03.577339	(00.009855 +- 00.001416)	[00.000780,00.024065]
step                    	    366	07.664404	(00.020941 +- 00.002426)	[00.004728,00.049405]

INFO  Timings:
SM Timing
-----------
00_conversion_livox     	    368	04.058821	(00.011029 +- 00.000790)	[00.008464,00.021490]
01_filter               	    367	00.109873	(00.000299 +- 00.000047)	[00.000126,00.002432]
02_preint               	    365	00.012834	(00.000035 +- 00.000006)	[00.000024,00.000075]
02a_intensity_preprocess	    367	01.039341	(00.002832 +- 00.000315)	[00.000845,00.006728]
03_undistortion         	    365	00.272319	(00.000746 +- 00.000118)	[00.000141,00.003404]
04_sampling             	    364	00.192834	(00.000530 +- 00.000096)	[00.000076,00.001400]
04b_intensity_sampling  	    364	00.277906	(00.000763 +- 00.000126)	[00.000156,00.002206]
05_registration         	    364	01.369518	(00.003762 +- 00.000504)	[00.001053,00.013003]
06_map                  	    364	00.310337	(00.000853 +- 00.000149)	[00.000154,00.001701]
07_imu_opt              	    364	00.464658	(00.001277 +- 00.000313)	[00.000001,00.003969]
08_publish              	    364	03.578281	(00.009830 +- 00.001452)	[00.000780,00.024065]
step                    	    367	07.669191	(00.020897 +- 00.002512)	[00.004728,00.049405]

INFO  Timings:
SM Timing
-----------
00_conversion_livox     	    369	04.067958	(00.011024 +- 00.000792)	[00.008464,00.021490]
01_filter               	    368	00.110006	(00.000299 +- 00.000048)	[00.000126,00.002432]
02_preint               	    366	00.012861	(00.000035 +- 00.000006)	[00.000024,00.000075]
02a_intensity_preprocess	    368	01.040231	(00.002827 +- 00.000323)	[00.000845,00.006728]
03_undistortion         	    366	00.272522	(00.000745 +- 00.000119)	[00.000141,00.003404]
04_sampling             	    365	00.192986	(00.000529 +- 00.000097)	[00.000076,00.001400]
04b_intensity_sampling  	    365	00.278149	(00.000762 +- 00.000128)	[00.000156,00.002206]
05_registration         	    365	01.371192	(00.003757 +- 00.000504)	[00.001053,00.013003]
06_map                  	    365	00.310605	(00.000851 +- 00.000150)	[00.000154,00.001701]
07_imu_opt              	    365	00.465692	(00.001276 +- 00.000313)	[00.000001,00.003969]
08_publish              	    365	03.579243	(00.009806 +- 00.001486)	[00.000780,00.024065]
step                    	    368	07.674822	(00.020855 +- 00.002564)	[00.004728,00.049405]

INFO  Timings:
SM Timing
-----------
00_conversion_livox     	    370	04.077164	(00.011019 +- 00.000794)	[00.008464,00.021490]
01_filter               	    369	00.110143	(00.000298 +- 00.000049)	[00.000126,00.002432]
02_preint               	    367	00.012887	(00.000035 +- 00.000006)	[00.000024,00.000075]
02a_intensity_preprocess	    369	01.041157	(00.002822 +- 00.000329)	[00.000845,00.006728]
03_undistortion         	    367	00.272694	(00.000743 +- 00.000121)	[00.000141,00.003404]
04_sampling             	    366	00.193102	(00.000528 +- 00.000098)	[00.000076,00.001400]
04b_intensity_sampling  	    366	00.278341	(00.000760 +- 00.000131)	[00.000156,00.002206]
05_registration         	    366	01.373013	(00.003751 +- 00.000503)	[00.001053,00.013003]
06_map                  	    366	00.310795	(00.000849 +- 00.000153)	[00.000154,00.001701]
07_imu_opt              	    366	00.466745	(00.001275 +- 00.000313)	[00.000001,00.003969]
08_publish              	    366	03.580227	(00.009782 +- 00.001517)	[00.000780,00.024065]
step                    	    369	07.680476	(00.020814 +- 00.002614)	[00.004728,00.049405]

INFO  Timings:
SM Timing
-----------
00_conversion_livox     	    371	04.086610	(00.011015 +- 00.000790)	[00.008464,00.021490]
01_filter               	    370	00.110272	(00.000298 +- 00.000049)	[00.000126,00.002432]
02_preint               	    368	00.012924	(00.000035 +- 00.000006)	[00.000024,00.000075]
02a_intensity_preprocess	    370	01.042090	(00.002816 +- 00.000335)	[00.000845,00.006728]
03_undistortion         	    368	00.272870	(00.000741 +- 00.000123)	[00.000141,00.003404]
04_sampling             	    367	00.193217	(00.000526 +- 00.000100)	[00.000076,00.001400]
04b_intensity_sampling  	    367	00.278545	(00.000759 +- 00.000133)	[00.000156,00.002206]
05_registration         	    367	01.375021	(00.003747 +- 00.000496)	[00.001053,00.013003]
06_map                  	    367	00.311035	(00.000848 +- 00.000155)	[00.000154,00.001701]
07_imu_opt              	    367	00.467874	(00.001275 +- 00.000312)	[00.000001,00.003969]
08_publish              	    367	03.581063	(00.009758 +- 00.001551)	[00.000780,00.024065]
step                    	    370	07.686334	(00.020774 +- 00.002655)	[00.004728,00.049405]

INFO  Timings:
SM Timing
-----------
00_conversion_livox     	    372	04.096214	(00.011011 +- 00.000779)	[00.008464,00.021490]
01_filter               	    371	00.110398	(00.000298 +- 00.000049)	[00.000126,00.002432]
02_preint               	    369	00.012951	(00.000035 +- 00.000006)	[00.000024,00.000075]
02a_intensity_preprocess	    371	01.042948	(00.002811 +- 00.000343)	[00.000845,00.006728]
03_undistortion         	    369	00.273017	(00.000740 +- 00.000125)	[00.000141,00.003404]
04_sampling             	    368	00.193336	(00.000525 +- 00.000101)	[00.000076,00.001400]
04b_intensity_sampling  	    368	00.278732	(00.000757 +- 00.000135)	[00.000156,00.002206]
05_registration         	    368	01.377056	(00.003742 +- 00.000497)	[00.001053,00.013003]
06_map                  	    368	00.311220	(00.000846 +- 00.000158)	[00.000154,00.001701]
07_imu_opt              	    368	00.469131	(00.001275 +- 00.000310)	[00.000001,00.003969]
08_publish              	    368	03.581804	(00.009733 +- 00.001582)	[00.000741,00.024065]
step                    	    371	07.692077	(00.020733 +- 00.002694)	[00.004728,00.049405]

INFO  Timings:
SM Timing
-----------
00_conversion_livox     	    373	04.105677	(00.011007 +- 00.000778)	[00.008464,00.021490]
01_filter               	    372	00.110520	(00.000297 +- 00.000050)	[00.000122,00.002432]
02_preint               	    370	00.012988	(00.000035 +- 00.000006)	[00.000024,00.000075]
02a_intensity_preprocess	    372	01.043833	(00.002806 +- 00.000347)	[00.000845,00.006728]
03_undistortion         	    370	00.273176	(00.000738 +- 00.000126)	[00.000141,00.003404]
04_sampling             	    369	00.193411	(00.000524 +- 00.000104)	[00.000075,00.001400]
04b_intensity_sampling  	    369	00.278918	(00.000756 +- 00.000138)	[00.000156,00.002206]
05_registration         	    369	01.378769	(00.003737 +- 00.000492)	[00.001053,00.013003]
06_map                  	    369	00.311388	(00.000844 +- 00.000161)	[00.000154,00.001701]
07_imu_opt              	    369	00.470218	(00.001274 +- 00.000308)	[00.000001,00.003969]
08_publish              	    369	03.582626	(00.009709 +- 00.001606)	[00.000741,00.024065]
step                    	    372	07.697377	(00.020692 +- 00.002738)	[00.004728,00.049405]

INFO  Timings:
SM Timing
-----------
00_conversion_livox     	    374	04.115136	(00.011003 +- 00.000777)	[00.008464,00.021490]
01_filter               	    373	00.110643	(00.000297 +- 00.000051)	[00.000122,00.002432]
02_preint               	    371	00.013025	(00.000035 +- 00.000006)	[00.000024,00.000075]
02a_intensity_preprocess	    373	01.044730	(00.002801 +- 00.000352)	[00.000845,00.006728]
03_undistortion         	    371	00.273330	(00.000737 +- 00.000125)	[00.000141,00.003404]
04_sampling             	    370	00.193502	(00.000523 +- 00.000105)	[00.000075,00.001400]
04b_intensity_sampling  	    370	00.279102	(00.000754 +- 00.000139)	[00.000156,00.002206]
05_registration         	    370	01.380119	(00.003730 +- 00.000490)	[00.001053,00.013003]
06_map                  	    370	00.311567	(00.000842 +- 00.000164)	[00.000154,00.001701]
07_imu_opt              	    370	00.471293	(00.001274 +- 00.000309)	[00.000001,00.003969]
08_publish              	    370	03.583458	(00.009685 +- 00.001627)	[00.000741,00.024065]
step                    	    373	07.702346	(00.020650 +- 00.002788)	[00.004728,00.049405]

INFO  Timings:
SM Timing
-----------
00_conversion_livox     	    375	04.124298	(00.010998 +- 00.000780)	[00.008464,00.021490]
01_filter               	    374	00.110784	(00.000296 +- 00.000051)	[00.000122,00.002432]
02_preint               	    372	00.013050	(00.000035 +- 00.000006)	[00.000024,00.000075]
02a_intensity_preprocess	    374	01.045619	(00.002796 +- 00.000354)	[00.000845,00.006728]
03_undistortion         	    372	00.273565	(00.000735 +- 00.000125)	[00.000141,00.003404]
04_sampling             	    371	00.193613	(00.000522 +- 00.000105)	[00.000075,00.001400]
04b_intensity_sampling  	    371	00.279309	(00.000753 +- 00.000139)	[00.000156,00.002206]
05_registration         	    371	01.381523	(00.003724 +- 00.000490)	[00.001053,00.013003]
06_map                  	    371	00.311770	(00.000840 +- 00.000165)	[00.000154,00.001701]
07_imu_opt              	    371	00.472360	(00.001273 +- 00.000309)	[00.000001,00.003969]
08_publish              	    371	03.584312	(00.009661 +- 00.001643)	[00.000741,00.024065]
step                    	    374	07.707518	(00.020608 +- 00.002827)	[00.004728,00.049405]

INFO  Timings:
SM Timing
-----------
00_conversion_livox     	    376	04.133639	(00.010994 +- 00.000780)	[00.008464,00.021490]
01_filter               	    375	00.110909	(00.000296 +- 00.000045)	[00.000122,00.002432]
02_preint               	    373	00.013076	(00.000035 +- 00.000006)	[00.000024,00.000075]
02a_intensity_preprocess	    375	01.046490	(00.002791 +- 00.000358)	[00.000845,00.006728]
03_undistortion         	    373	00.273708	(00.000734 +- 00.000125)	[00.000141,00.003404]
04_sampling             	    372	00.193686	(00.000521 +- 00.000102)	[00.000074,00.001400]
04b_intensity_sampling  	    372	00.279487	(00.000751 +- 00.000139)	[00.000156,00.002206]
05_registration         	    372	01.382706	(00.003717 +- 00.000460)	[00.001053,00.013003]
06_map                  	    372	00.311905	(00.000838 +- 00.000167)	[00.000135,00.001701]
07_imu_opt              	    372	00.473418	(00.001273 +- 00.000310)	[00.000001,00.003969]
08_publish              	    372	03.585068	(00.009637 +- 00.001656)	[00.000741,00.024065]
step                    	    375	07.712118	(00.020566 +- 00.002826)	[00.004600,00.049405]

INFO  Timings:
SM Timing
-----------
00_conversion_livox     	    377	04.142832	(00.010989 +- 00.000782)	[00.008464,00.021490]
01_filter               	    376	00.111038	(00.000295 +- 00.000045)	[00.000122,00.002432]
02_preint               	    374	00.013102	(00.000035 +- 00.000006)	[00.000024,00.000075]
02a_intensity_preprocess	    376	01.047309	(00.002785 +- 00.000360)	[00.000819,00.006728]
03_undistortion         	    374	00.273894	(00.000732 +- 00.000125)	[00.000141,00.003404]
04_sampling             	    373	00.193764	(00.000519 +- 00.000102)	[00.000074,00.001400]
04b_intensity_sampling  	    373	00.279631	(00.000750 +- 00.000138)	[00.000144,00.002206]
05_registration         	    373	01.383553	(00.003709 +- 00.000475)	[00.000847,00.013003]
06_map                  	    373	00.312063	(00.000837 +- 00.000170)	[00.000135,00.001701]
07_imu_opt              	    373	00.474445	(00.001272 +- 00.000311)	[00.000001,00.003969]
08_publish              	    373	03.585704	(00.009613 +- 00.001666)	[00.000636,00.024065]
step                    	    376	07.716226	(00.020522 +- 00.002876)	[00.004108,00.049405]

INFO  Timings:
SM Timing
-----------
00_conversion_livox     	    378	04.151899	(00.010984 +- 00.000783)	[00.008464,00.021490]
01_filter               	    377	00.111205	(00.000295 +- 00.000045)	[00.000122,00.002432]
02_preint               	    375	00.013127	(00.000035 +- 00.000006)	[00.000024,00.000075]
02a_intensity_preprocess	    377	01.048110	(00.002780 +- 00.000363)	[00.000800,00.006728]
03_undistortion         	    375	00.274054	(00.000731 +- 00.000127)	[00.000141,00.003404]
04_sampling             	    374	00.193875	(00.000518 +- 00.000102)	[00.000074,00.001400]
04b_intensity_sampling  	    374	00.279770	(00.000748 +- 00.000141)	[00.000139,00.002206]
05_registration         	    374	01.384801	(00.003703 +- 00.000479)	[00.000847,00.013003]
06_map                  	    374	00.312200	(00.000835 +- 00.000172)	[00.000135,00.001701]
07_imu_opt              	    374	00.475655	(00.001272 +- 00.000309)	[00.000001,00.003969]
08_publish              	    374	03.586246	(00.009589 +- 00.001678)	[00.000541,00.024065]
step                    	    377	07.720810	(00.020480 +- 00.002907)	[00.004108,00.049405]

INFO  Timings:
SM Timing
-----------
00_conversion_livox     	    379	04.160868	(00.010979 +- 00.000787)	[00.008464,00.021490]
01_filter               	    378	00.111346	(00.000295 +- 00.000045)	[00.000122,00.002432]
02_preint               	    376	00.013151	(00.000035 +- 00.000006)	[00.000024,00.000075]
02a_intensity_preprocess	    378	01.048900	(00.002775 +- 00.000367)	[00.000791,00.006728]
03_undistortion         	    376	00.274206	(00.000729 +- 00.000127)	[00.000141,00.003404]
04_sampling             	    375	00.193943	(00.000517 +- 00.000100)	[00.000068,00.001400]
04b_intensity_sampling  	    375	00.279897	(00.000746 +- 00.000142)	[00.000127,00.002206]
05_registration         	    375	01.385656	(00.003695 +- 00.000492)	[00.000847,00.013003]
06_map                  	    375	00.312331	(00.000833 +- 00.000173)	[00.000132,00.001701]
07_imu_opt              	    375	00.476712	(00.001271 +- 00.000310)	[00.000001,00.003969]
08_publish              	    375	03.586794	(00.009565 +- 00.001691)	[00.000541,00.024065]
step                    	    378	07.724736	(00.020436 +- 00.002957)	[00.003926,00.049405]

INFO  Timings:
SM Timing
-----------
00_conversion_livox     	    380	04.170105	(00.010974 +- 00.000786)	[00.008464,00.021490]
01_filter               	    379	00.111471	(00.000294 +- 00.000046)	[00.000122,00.002432]
02_preint               	    377	00.013176	(00.000035 +- 00.000006)	[00.000024,00.000075]
02a_intensity_preprocess	    379	01.049697	(00.002770 +- 00.000367)	[00.000791,00.006728]
03_undistortion         	    377	00.274361	(00.000728 +- 00.000128)	[00.000141,00.003404]
04_sampling             	    376	00.194008	(00.000516 +- 00.000102)	[00.000065,00.001400]
04b_intensity_sampling  	    376	00.280078	(00.000745 +- 00.000142)	[00.000127,00.002206]
05_registration         	    376	01.386835	(00.003688 +- 00.000497)	[00.000847,00.013003]
06_map                  	    376	00.312476	(00.000831 +- 00.000175)	[00.000132,00.001701]
07_imu_opt              	    376	00.478102	(00.001272 +- 00.000308)	[00.000001,00.003969]
08_publish              	    376	03.587352	(00.009541 +- 00.001692)	[00.000541,00.024065]
step                    	    379	07.729401	(00.020394 +- 00.002963)	[00.003926,00.049405]

INFO  Timings:
SM Timing
-----------
00_conversion_livox     	    381	04.179592	(00.010970 +- 00.000765)	[00.008464,00.021490]
01_filter               	    380	00.111602	(00.000294 +- 00.000045)	[00.000122,00.002432]
02_preint               	    378	00.013210	(00.000035 +- 00.000006)	[00.000024,00.000075]
02a_intensity_preprocess	    380	01.050637	(00.002765 +- 00.000358)	[00.000791,00.006728]
03_undistortion         	    378	00.274517	(00.000726 +- 00.000128)	[00.000141,00.003404]
04_sampling             	    377	00.194079	(00.000515 +- 00.000102)	[00.000065,00.001400]
04b_intensity_sampling  	    377	00.280228	(00.000743 +- 00.000143)	[00.000127,00.002206]
05_registration         	    377	01.387551	(00.003681 +- 00.000508)	[00.000716,00.013003]
06_map                  	    377	00.312610	(00.000829 +- 00.000177)	[00.000132,00.001701]
07_imu_opt              	    377	00.479318	(00.001271 +- 00.000305)	[00.000001,00.003969]
08_publish              	    377	03.587971	(00.009517 +- 00.001676)	[00.000541,00.024065]
step                    	    380	07.733620	(00.020352 +- 00.002940)	[00.003926,00.049405]

INFO  Timings:
SM Timing
-----------
00_conversion_livox     	    382	04.189277	(00.010967 +- 00.000675)	[00.008464,00.021490]
01_filter               	    381	00.111743	(00.000293 +- 00.000045)	[00.000122,00.002432]
02_preint               	    379	00.013241	(00.000035 +- 00.000005)	[00.000024,00.000075]
02a_intensity_preprocess	    381	01.051505	(00.002760 +- 00.000347)	[00.000791,00.006728]
03_undistortion         	    379	00.274864	(00.000725 +- 00.000128)	[00.000141,00.003404]
04_sampling             	    378	00.194157	(00.000514 +- 00.000101)	[00.000065,00.001400]
04b_intensity_sampling  	    378	00.280368	(00.000742 +- 00.000142)	[00.000127,00.002206]
05_registration         	    378	01.388408	(00.003673 +- 00.000520)	[00.000716,00.013003]
06_map                  	    378	00.312736	(00.000827 +- 00.000178)	[00.000126,00.001701]
07_imu_opt              	    378	00.480467	(00.001271 +- 00.000293)	[00.000001,00.003969]
08_publish              	    378	03.588565	(00.009494 +- 00.001660)	[00.000541,00.024065]
step                    	    381	07.738012	(00.020310 +- 00.002917)	[00.003926,00.049405]

INFO  Timings:
SM Timing
-----------
00_conversion_livox     	    383	04.198798	(00.010963 +- 00.000582)	[00.008464,00.021490]
01_filter               	    382	00.111870	(00.000293 +- 00.000043)	[00.000122,00.002432]
02_preint               	    380	00.013269	(00.000035 +- 00.000005)	[00.000024,00.000075]
02a_intensity_preprocess	    382	01.052352	(00.002755 +- 00.000338)	[00.000791,00.006728]
03_undistortion         	    380	00.275026	(00.000724 +- 00.000129)	[00.000141,00.003404]
04_sampling             	    379	00.194265	(00.000513 +- 00.000101)	[00.000065,00.001400]
04b_intensity_sampling  	    379	00.280545	(00.000740 +- 00.000140)	[00.000127,00.002206]
05_registration         	    379	01.389687	(00.003667 +- 00.000517)	[00.000716,00.013003]
06_map                  	    379	00.312862	(00.000825 +- 00.000179)	[00.000126,00.001701]
07_imu_opt              	    379	00.481596	(00.001271 +- 00.000288)	[00.000001,00.003969]
08_publish              	    379	03.589118	(00.009470 +- 00.001655)	[00.000541,00.024065]
step                    	    382	07.742597	(00.020269 +- 00.002891)	[00.003926,00.049405]

INFO  Timings:
SM Timing
-----------
00_conversion_livox     	    384	04.208479	(00.010960 +- 00.000471)	[00.008464,00.021490]
01_filter               	    383	00.112186	(00.000293 +- 00.000047)	[00.000122,00.002432]
02_preint               	    381	00.013297	(00.000035 +- 00.000004)	[00.000024,00.000075]
02a_intensity_preprocess	    383	01.053192	(00.002750 +- 00.000335)	[00.000791,00.006728]
03_undistortion         	    381	00.275175	(00.000722 +- 00.000129)	[00.000141,00.003404]
04_sampling             	    380	00.194330	(00.000511 +- 00.000102)	[00.000065,00.001400]
04b_intensity_sampling  	    380	00.280689	(00.000739 +- 00.000142)	[00.000127,00.002206]
05_registration         	    380	01.391357	(00.003661 +- 00.000513)	[00.000716,00.013003]
06_map                  	    380	00.313019	(00.000824 +- 00.000179)	[00.000126,00.001701]
07_imu_opt              	    380	00.482965	(00.001271 +- 00.000285)	[00.000001,00.003969]
08_publish              	    380	03.589669	(00.009446 +- 00.001654)	[00.000541,00.024065]
step                    	    383	07.747930	(00.020230 +- 00.002865)	[00.003926,00.049405]

INFO  Timings:
SM Timing
-----------
00_conversion_livox     	    385	04.217982	(00.010956 +- 00.000403)	[00.008464,00.021490]
01_filter               	    384	00.112344	(00.000293 +- 00.000046)	[00.000122,00.002432]
02_preint               	    382	00.013333	(00.000035 +- 00.000005)	[00.000024,00.000075]
02a_intensity_preprocess	    384	01.054066	(00.002745 +- 00.000331)	[00.000791,00.006728]
03_undistortion         	    382	00.275309	(00.000721 +- 00.000130)	[00.000134,00.003404]
04_sampling             	    381	00.194396	(00.000510 +- 00.000103)	[00.000065,00.001400]
04b_intensity_sampling  	    381	00.280839	(00.000737 +- 00.000137)	[00.000127,00.002206]
05_registration         	    381	01.392206	(00.003654 +- 00.000521)	[00.000716,00.013003]
06_map                  	    381	00.313214	(00.000822 +- 00.000180)	[00.000126,00.001701]
07_imu_opt              	    381	00.484582	(00.001272 +- 00.000290)	[00.000001,00.003969]
08_publish              	    381	03.590214	(00.009423 +- 00.001654)	[00.000541,00.024065]
step                    	    384	07.752605	(00.020189 +- 00.002873)	[00.003926,00.049405]

INFO  Timings:
SM Timing
-----------
00_conversion_livox     	    386	04.227790	(00.010953 +- 00.000344)	[00.008464,00.021490]
01_filter               	    385	00.112490	(00.000292 +- 00.000046)	[00.000122,00.002432]
02_preint               	    383	00.013370	(00.000035 +- 00.000005)	[00.000024,00.000075]
02a_intensity_preprocess	    385	01.054910	(00.002740 +- 00.000330)	[00.000791,00.006728]
03_undistortion         	    383	00.275468	(00.000719 +- 00.000130)	[00.000134,00.003404]
04_sampling             	    382	00.194542	(00.000509 +- 00.000102)	[00.000065,00.001400]
04b_intensity_sampling  	    382	00.281021	(00.000736 +- 00.000134)	[00.000127,00.002206]
05_registration         	    382	01.393495	(00.003648 +- 00.000522)	[00.000716,00.013003]
06_map                  	    382	00.313400	(00.000820 +- 00.000178)	[00.000126,00.001701]
07_imu_opt              	    382	00.485792	(00.001272 +- 00.000290)	[00.000001,00.003969]
08_publish              	    382	03.590787	(00.009400 +- 00.001658)	[00.000541,00.024065]
step                    	    385	07.757426	(00.020149 +- 00.002882)	[00.003926,00.049405]

INFO  Timings:
SM Timing
-----------
00_conversion_livox     	    387	04.237240	(00.010949 +- 00.000328)	[00.008464,00.021490]
01_filter               	    386	00.112639	(00.000292 +- 00.000046)	[00.000122,00.002432]
02_preint               	    384	00.013401	(00.000035 +- 00.000004)	[00.000024,00.000075]
02a_intensity_preprocess	    386	01.055746	(00.002735 +- 00.000331)	[00.000791,00.006728]
03_undistortion         	    384	00.275625	(00.000718 +- 00.000131)	[00.000134,00.003404]
04_sampling             	    383	00.194605	(00.000508 +- 00.000101)	[00.000063,00.001400]
04b_intensity_sampling  	    383	00.281196	(00.000734 +- 00.000133)	[00.000127,00.002206]
05_registration         	    383	01.394410	(00.003641 +- 00.000531)	[00.000716,00.013003]
06_map                  	    383	00.313513	(00.000819 +- 00.000178)	[00.000113,00.001701]
07_imu_opt              	    383	00.486863	(00.001271 +- 00.000290)	[00.000001,00.003969]
08_publish              	    383	03.591333	(00.009377 +- 00.001665)	[00.000541,00.024065]
step                    	    386	07.761555	(00.020108 +- 00.002906)	[00.003926,00.049405]

INFO  Timings:
SM Timing
-----------
00_conversion_livox     	    388	04.246888	(00.010946 +- 00.000330)	[00.008464,00.021490]
01_filter               	    387	00.112794	(00.000291 +- 00.000046)	[00.000122,00.002432]
02_preint               	    385	00.013431	(00.000035 +- 00.000004)	[00.000024,00.000075]
02a_intensity_preprocess	    387	01.056579	(00.002730 +- 00.000332)	[00.000791,00.006728]
03_undistortion         	    385	00.275766	(00.000716 +- 00.000131)	[00.000134,00.003404]
04_sampling             	    384	00.194675	(00.000507 +- 00.000102)	[00.000063,00.001400]
04b_intensity_sampling  	    384	00.281382	(00.000733 +- 00.000134)	[00.000127,00.002206]
05_registration         	    384	01.395786	(00.003635 +- 00.000529)	[00.000716,00.013003]
06_map                  	    384	00.313737	(00.000817 +- 00.000178)	[00.000113,00.001701]
07_imu_opt              	    384	00.489181	(00.001274 +- 00.000328)	[00.000001,00.003969]
08_publish              	    384	03.591848	(00.009354 +- 00.001674)	[00.000514,00.024065]
step                    	    387	07.767453	(00.020071 +- 00.002910)	[00.003926,00.049405]

INFO  Timings:
SM Timing
-----------
00_conversion_livox     	    389	04.256589	(00.010942 +- 00.000335)	[00.008464,00.021490]
01_filter               	    388	00.112956	(00.000291 +- 00.000046)	[00.000122,00.002432]
02_preint               	    386	00.013460	(00.000035 +- 00.000004)	[00.000024,00.000075]
02a_intensity_preprocess	    388	01.057413	(00.002725 +- 00.000334)	[00.000791,00.006728]
03_undistortion         	    386	00.275912	(00.000715 +- 00.000132)	[00.000134,00.003404]
04_sampling             	    385	00.194773	(00.000506 +- 00.000103)	[00.000063,00.001400]
04b_intensity_sampling  	    385	00.281546	(00.000731 +- 00.000134)	[00.000127,00.002206]
05_registration         	    385	01.397303	(00.003629 +- 00.000527)	[00.000716,00.013003]
06_map                  	    385	00.313855	(00.000815 +- 00.000180)	[00.000113,00.001701]
07_imu_opt              	    385	00.491038	(00.001275 +- 00.000339)	[00.000001,00.003969]
08_publish              	    385	03.592384	(00.009331 +- 00.001681)	[00.000514,00.024065]
step                    	    388	07.772965	(00.020033 +- 00.002917)	[00.003926,00.049405]

INFO  Timings:
SM Timing
-----------
00_conversion_livox     	    390	04.266329	(00.010939 +- 00.000339)	[00.008464,00.021490]
01_filter               	    389	00.113093	(00.000291 +- 00.000046)	[00.000122,00.002432]
02_preint               	    387	00.013496	(00.000035 +- 00.000005)	[00.000024,00.000075]
02a_intensity_preprocess	    389	01.058276	(00.002721 +- 00.000335)	[00.000791,00.006728]
03_undistortion         	    387	00.276057	(00.000713 +- 00.000133)	[00.000134,00.003404]
04_sampling             	    386	00.194837	(00.000505 +- 00.000103)	[00.000063,00.001400]
04b_intensity_sampling  	    386	00.281818	(00.000730 +- 00.000134)	[00.000127,00.002206]
05_registration         	    386	01.398276	(00.003622 +- 00.000525)	[00.000716,00.013003]
06_map                  	    386	00.313975	(00.000813 +- 00.000181)	[00.000113,00.001701]
07_imu_opt              	    386	00.492445	(00.001276 +- 00.000340)	[00.000001,00.003969]
08_publish              	    386	03.592958	(00.009308 +- 00.001688)	[00.000514,00.024065]
step                    	    389	07.777605	(00.019994 +- 00.002923)	[00.003926,00.049405]

INFO  Timings:
SM Timing
-----------
00_conversion_livox     	    391	04.276210	(00.010937 +- 00.000347)	[00.008464,00.021490]
01_filter               	    390	00.113217	(00.000290 +- 00.000046)	[00.000122,00.002432]
02_preint               	    388	00.013523	(00.000035 +- 00.000004)	[00.000024,00.000075]
02a_intensity_preprocess	    390	01.059147	(00.002716 +- 00.000336)	[00.000791,00.006728]
03_undistortion         	    388	00.276212	(00.000712 +- 00.000133)	[00.000134,00.003404]
04_sampling             	    387	00.194909	(00.000504 +- 00.000103)	[00.000063,00.001400]
04b_intensity_sampling  	    387	00.281993	(00.000729 +- 00.000134)	[00.000127,00.002206]
05_registration         	    387	01.400269	(00.003618 +- 00.000527)	[00.000716,00.013003]
06_map                  	    387	00.314140	(00.000812 +- 00.000180)	[00.000113,00.001701]
07_imu_opt              	    387	00.493815	(00.001276 +- 00.000338)	[00.000001,00.003969]
08_publish              	    387	03.593637	(00.009286 +- 00.001693)	[00.000514,00.024065]
step                    	    390	07.783284	(00.019957 +- 00.002927)	[00.003926,00.049405]

INFO  Timings:
SM Timing
-----------
00_conversion_livox     	    392	04.285747	(00.010933 +- 00.000344)	[00.008464,00.021490]
01_filter               	    391	00.113366	(00.000290 +- 00.000046)	[00.000122,00.002432]
02_preint               	    389	00.013550	(00.000035 +- 00.000004)	[00.000024,00.000075]
02a_intensity_preprocess	    391	01.060067	(00.002711 +- 00.000336)	[00.000791,00.006728]
03_undistortion         	    389	00.276376	(00.000710 +- 00.000134)	[00.000134,00.003404]
04_sampling             	    388	00.194978	(00.000503 +- 00.000103)	[00.000063,00.001400]
04b_intensity_sampling  	    388	00.282149	(00.000727 +- 00.000134)	[00.000127,00.002206]
05_registration         	    388	01.400997	(00.003611 +- 00.000539)	[00.000716,00.013003]
06_map                  	    388	00.314308	(00.000810 +- 00.000180)	[00.000113,00.001701]
07_imu_opt              	    388	00.494913	(00.001276 +- 00.000300)	[00.000001,00.003969]
08_publish              	    388	03.594520	(00.009264 +- 00.001693)	[00.000514,00.024065]
step                    	    391	07.787691	(00.019917 +- 00.002925)	[00.003926,00.049405]

INFO  Timings:
SM Timing
-----------
00_conversion_livox     	    393	04.295146	(00.010929 +- 00.000342)	[00.008464,00.021490]
01_filter               	    392	00.113508	(00.000290 +- 00.000046)	[00.000122,00.002432]
02_preint               	    390	00.013577	(00.000035 +- 00.000004)	[00.000024,00.000075]
02a_intensity_preprocess	    392	01.061024	(00.002707 +- 00.000336)	[00.000791,00.006728]
03_undistortion         	    390	00.276584	(00.000709 +- 00.000134)	[00.000134,00.003404]
04_sampling             	    389	00.195109	(00.000502 +- 00.000103)	[00.000063,00.001400]
04b_intensity_sampling  	    389	00.282422	(00.000726 +- 00.000134)	[00.000127,00.002206]
05_registration         	    389	01.402705	(00.003606 +- 00.000539)	[00.000716,00.013003]
06_map                  	    389	00.314573	(00.000809 +- 00.000180)	[00.000113,00.001701]
07_imu_opt              	    389	00.495979	(00.001275 +- 00.000301)	[00.000001,00.003969]
08_publish              	    389	03.595673	(00.009243 +- 00.001689)	[00.000514,00.024065]
step                    	    392	07.793674	(00.019882 +- 00.002919)	[00.003926,00.049405]

INFO  Timings:
SM Timing
-----------
00_conversion_livox     	    394	04.304467	(00.010925 +- 00.000338)	[00.008464,00.021490]
01_filter               	    393	00.113685	(00.000289 +- 00.000046)	[00.000122,00.002432]
02_preint               	    391	00.013612	(00.000035 +- 00.000005)	[00.000024,00.000075]
02a_intensity_preprocess	    393	01.062066	(00.002702 +- 00.000335)	[00.000791,00.006728]
03_undistortion         	    391	00.276785	(00.000708 +- 00.000134)	[00.000134,00.003404]
04_sampling             	    390	00.195213	(00.000501 +- 00.000103)	[00.000063,00.001400]
04b_intensity_sampling  	    390	00.282614	(00.000725 +- 00.000133)	[00.000127,00.002206]
05_registration         	    390	01.404288	(00.003601 +- 00.000538)	[00.000716,00.013003]
06_map                  	    390	00.314788	(00.000807 +- 00.000179)	[00.000113,00.001701]
07_imu_opt              	    390	00.497038	(00.001274 +- 00.000298)	[00.000001,00.003969]
08_publish              	    390	03.597126	(00.009223 +- 00.001679)	[00.000514,00.024065]
step                    	    393	07.799786	(00.019847 +- 00.002906)	[00.003926,00.049405]

INFO  Timings:
SM Timing
-----------
00_conversion_livox     	    395	04.313879	(00.010921 +- 00.000334)	[00.008464,00.021490]
01_filter               	    394	00.113822	(00.000289 +- 00.000046)	[00.000122,00.002432]
02_preint               	    392	00.013639	(00.000035 +- 00.000004)	[00.000024,00.000075]
02a_intensity_preprocess	    394	01.063131	(00.002698 +- 00.000333)	[00.000791,00.006728]
03_undistortion         	    392	00.276985	(00.000707 +- 00.000133)	[00.000134,00.003404]
04_sampling             	    391	00.195319	(00.000500 +- 00.000102)	[00.000063,00.001400]
04b_intensity_sampling  	    391	00.282809	(00.000723 +- 00.000132)	[00.000127,00.002206]
05_registration         	    391	01.405872	(00.003596 +- 00.000525)	[00.000716,00.013003]
06_map                  	    391	00.315015	(00.000806 +- 00.000178)	[00.000113,00.001701]
07_imu_opt              	    391	00.498108	(00.001274 +- 00.000297)	[00.000001,00.003969]
08_publish              	    391	03.598785	(00.009204 +- 00.001663)	[00.000514,00.024065]
step                    	    394	07.806111	(00.019812 +- 00.002878)	[00.003926,00.049405]

INFO  Timings:
SM Timing
-----------
00_conversion_livox     	    396	04.323293	(00.010917 +- 00.000331)	[00.008464,00.021490]
01_filter               	    395	00.113984	(00.000289 +- 00.000046)	[00.000122,00.002432]
02_preint               	    393	00.013666	(00.000035 +- 00.000004)	[00.000024,00.000075]
02a_intensity_preprocess	    395	01.064243	(00.002694 +- 00.000327)	[00.000791,00.006728]
03_undistortion         	    393	00.277200	(00.000705 +- 00.000133)	[00.000134,00.003404]
04_sampling             	    392	00.195453	(00.000499 +- 00.000101)	[00.000063,00.001400]
04b_intensity_sampling  	    392	00.283067	(00.000722 +- 00.000131)	[00.000127,00.002206]
05_registration         	    392	01.407548	(00.003591 +- 00.000521)	[00.000716,00.013003]
06_map                  	    392	00.315277	(00.000804 +- 00.000164)	[00.000113,00.001701]
07_imu_opt              	    392	00.499164	(00.001273 +- 00.000298)	[00.000001,00.003969]
08_publish              	    392	03.600736	(00.009186 +- 00.001629)	[00.000514,00.024065]
step                    	    395	07.813011	(00.019780 +- 00.002819)	[00.003926,00.049405]

INFO  Timings:
SM Timing
-----------
00_conversion_livox     	    397	04.332777	(00.010914 +- 00.000311)	[00.008464,00.021490]
01_filter               	    396	00.114137	(00.000288 +- 00.000045)	[00.000122,00.002432]
02_preint               	    394	00.013693	(00.000035 +- 00.000004)	[00.000024,00.000075]
02a_intensity_preprocess	    396	01.065409	(00.002690 +- 00.000315)	[00.000791,00.006728]
03_undistortion         	    394	00.277426	(00.000704 +- 00.000132)	[00.000134,00.003404]
04_sampling             	    393	00.195558	(00.000498 +- 00.000100)	[00.000063,00.001400]
04b_intensity_sampling  	    393	00.283291	(00.000721 +- 00.000128)	[00.000127,00.002206]
05_registration         	    393	01.408687	(00.003584 +- 00.000521)	[00.000716,00.013003]
06_map                  	    393	00.315523	(00.000803 +- 00.000159)	[00.000113,00.001701]
07_imu_opt              	    393	00.500499	(00.001274 +- 00.000297)	[00.000001,00.003969]
08_publish              	    393	03.602829	(00.009168 +- 00.001566)	[00.000514,00.024065]
step                    	    396	07.819781	(00.019747 +- 00.002733)	[00.003926,00.049405]

INFO  Timings:
SM Timing
-----------
00_conversion_livox     	    398	04.342031	(00.010910 +- 00.000309)	[00.008464,00.021490]
01_filter               	    397	00.114295	(00.000288 +- 00.000044)	[00.000122,00.002432]
02_preint               	    395	00.013729	(00.000035 +- 00.000004)	[00.000024,00.000075]
02a_intensity_preprocess	    397	01.066621	(00.002687 +- 00.000299)	[00.000791,00.006728]
03_undistortion         	    395	00.277694	(00.000703 +- 00.000121)	[00.000134,00.003404]
04_sampling             	    394	00.195778	(00.000497 +- 00.000097)	[00.000063,00.001400]
04b_intensity_sampling  	    394	00.283594	(00.000720 +- 00.000118)	[00.000127,00.002206]
05_registration         	    394	01.410363	(00.003580 +- 00.000517)	[00.000716,00.013003]
06_map                  	    394	00.315839	(00.000802 +- 00.000154)	[00.000113,00.001701]
07_imu_opt              	    394	00.501541	(00.001273 +- 00.000287)	[00.000001,00.003969]
08_publish              	    394	03.605226	(00.009150 +- 00.001470)	[00.000514,00.024065]
step                    	    397	07.827461	(00.019717 +- 00.002555)	[00.003926,00.049405]

INFO  Timings:
SM Timing
-----------
00_conversion_livox     	    399	04.351188	(00.010905 +- 00.000301)	[00.008464,00.021490]
01_filter               	    398	00.114461	(00.000288 +- 00.000034)	[00.000122,00.002432]
02_preint               	    396	00.013754	(00.000035 +- 00.000004)	[00.000024,00.000075]
02a_intensity_preprocess	    398	01.067831	(00.002683 +- 00.000276)	[00.000791,00.006728]
03_undistortion         	    396	00.277933	(00.000702 +- 00.000108)	[00.000134,00.003404]
04_sampling             	    395	00.195949	(00.000496 +- 00.000092)	[00.000063,00.001400]
04b_intensity_sampling  	    395	00.283850	(00.000719 +- 00.000107)	[00.000127,00.002206]
05_registration         	    395	01.412479	(00.003576 +- 00.000516)	[00.000716,00.013003]
06_map                  	    395	00.316126	(00.000800 +- 00.000146)	[00.000113,00.001701]
07_imu_opt              	    395	00.502552	(00.001272 +- 00.000286)	[00.000001,00.003969]
08_publish              	    395	03.607760	(00.009134 +- 00.001338)	[00.000514,00.024065]
step                    	    398	07.835533	(00.019687 +- 00.002355)	[00.003926,00.049405]

INFO  Timings:
SM Timing
-----------
00_conversion_livox     	    400	04.360510	(00.010901 +- 00.000272)	[00.008464,00.021490]
01_filter               	    399	00.114617	(00.000287 +- 00.000033)	[00.000122,00.002432]
02_preint               	    397	00.013789	(00.000035 +- 00.000004)	[00.000024,00.000075]
02a_intensity_preprocess	    399	01.069045	(00.002679 +- 00.000250)	[00.000791,00.006728]
03_undistortion         	    397	00.278201	(00.000701 +- 00.000097)	[00.000134,00.003404]
04_sampling             	    396	00.196124	(00.000495 +- 00.000077)	[00.000063,00.001400]
04b_intensity_sampling  	    396	00.284283	(00.000718 +- 00.000099)	[00.000127,00.002206]
05_registration         	    396	01.413456	(00.003569 +- 00.000507)	[00.000716,00.013003]
06_map                  	    396	00.316415	(00.000799 +- 00.000122)	[00.000113,00.001701]
07_imu_opt              	    396	00.503618	(00.001272 +- 00.000286)	[00.000001,00.003969]
08_publish              	    396	03.610137	(00.009117 +- 00.001173)	[00.000514,00.024065]
step                    	    399	07.842578	(00.019656 +- 00.002084)	[00.003926,00.049405]

INFO  Timings:
SM Timing
-----------
00_conversion_livox     	    401	04.370122	(00.010898 +- 00.000260)	[00.008464,00.021490]
01_filter               	    400	00.114791	(00.000287 +- 00.000031)	[00.000122,00.002432]
02_preint               	    398	00.013817	(00.000035 +- 00.000004)	[00.000024,00.000075]
02a_intensity_preprocess	    400	01.070249	(00.002676 +- 00.000211)	[00.000791,00.006728]
03_undistortion         	    398	00.278567	(00.000700 +- 00.000081)	[00.000134,00.003404]
04_sampling             	    397	00.196338	(00.000495 +- 00.000070)	[00.000063,00.001400]
04b_intensity_sampling  	    397	00.284604	(00.000717 +- 00.000087)	[00.000127,00.002206]
05_registration         	    397	01.416194	(00.003567 +- 00.000535)	[00.000716,00.013003]
06_map                  	    397	00.316751	(00.000798 +- 00.000102)	[00.000113,00.001701]
07_imu_opt              	    397	00.504972	(00.001272 +- 00.000285)	[00.000001,00.003969]
08_publish              	    397	03.612344	(00.009099 +- 00.000997)	[00.000514,00.024065]
step                    	    400	07.851564	(00.019629 +- 00.001878)	[00.003926,00.049405]

INFO  Timings:
SM Timing
-----------
00_conversion_livox     	    402	04.379741	(00.010895 +- 00.000251)	[00.008464,00.021490]
01_filter               	    401	00.114991	(00.000287 +- 00.000031)	[00.000122,00.002432]
02_preint               	    399	00.013843	(00.000035 +- 00.000004)	[00.000024,00.000075]
02a_intensity_preprocess	    401	01.071446	(00.002672 +- 00.000178)	[00.000791,00.006728]
03_undistortion         	    399	00.279132	(00.000700 +- 00.000086)	[00.000134,00.003404]
04_sampling             	    398	00.196574	(00.000494 +- 00.000065)	[00.000063,00.001400]
04b_intensity_sampling  	    398	00.284937	(00.000716 +- 00.000080)	[00.000127,00.002206]
05_registration         	    398	01.417401	(00.003561 +- 00.000488)	[00.000716,00.013003]
06_map                  	    398	00.317125	(00.000797 +- 00.000095)	[00.000113,00.001701]
07_imu_opt              	    398	00.507096	(00.001274 +- 00.000310)	[00.000001,00.003969]
08_publish              	    398	03.614532	(00.009082 +- 00.000839)	[00.000514,00.024065]
step                    	    401	07.860092	(00.019601 +- 00.001614)	[00.003926,00.049405]

INFO  Timings:
SM Timing
-----------
00_conversion_livox     	    403	04.389290	(00.010892 +- 00.000242)	[00.008464,00.021490]
01_filter               	    402	00.115185	(00.000287 +- 00.000030)	[00.000122,00.002432]
02_preint               	    400	00.013870	(00.000035 +- 00.000004)	[00.000024,00.000075]
02a_intensity_preprocess	    402	01.072710	(00.002668 +- 00.000159)	[00.000791,00.006728]
03_undistortion         	    400	00.279602	(00.000699 +- 00.000083)	[00.000134,00.003404]
04_sampling             	    399	00.196773	(00.000493 +- 00.000057)	[00.000063,00.001400]
04b_intensity_sampling  	    399	00.285240	(00.000715 +- 00.000073)	[00.000127,00.002206]
05_registration         	    399	01.418746	(00.003556 +- 00.000466)	[00.000716,00.013003]
06_map                  	    399	00.317426	(00.000796 +- 00.000083)	[00.000113,00.001701]
07_imu_opt              	    399	00.509171	(00.001276 +- 00.000329)	[00.000001,00.003969]
08_publish              	    399	03.616867	(00.009065 +- 00.000732)	[00.000514,00.024065]
step                    	    402	07.868666	(00.019574 +- 00.001448)	[00.003926,00.049405]

INFO  Timings:
SM Timing
-----------
00_conversion_livox     	    404	04.399337	(00.010889 +- 00.000254)	[00.008464,00.021490]
01_filter               	    403	00.115353	(00.000286 +- 00.000030)	[00.000122,00.002432]
02_preint               	    401	00.013901	(00.000035 +- 00.000004)	[00.000024,00.000075]
02a_intensity_preprocess	    403	01.074087	(00.002665 +- 00.000160)	[00.000791,00.006728]
03_undistortion         	    401	00.279846	(00.000698 +- 00.000082)	[00.000134,00.003404]
04_sampling             	    400	00.196986	(00.000492 +- 00.000056)	[00.000063,00.001400]
04b_intensity_sampling  	    400	00.285689	(00.000714 +- 00.000075)	[00.000127,00.002206]
05_registration         	    400	01.420490	(00.003551 +- 00.000435)	[00.000716,00.013003]
06_map                  	    400	00.317738	(00.000794 +- 00.000075)	[00.000113,00.001701]
07_imu_opt              	    400	00.510456	(00.001276 +- 00.000328)	[00.000001,00.003969]
08_publish              	    400	03.619314	(00.009048 +- 00.000692)	[00.000514,00.024065]
step                    	    403	07.876985	(00.019546 +- 00.001367)	[00.003926,00.049405]

INFO  Timings:
SM Timing
-----------
00_conversion_livox     	    405	04.409796	(00.010888 +- 00.000286)	[00.008464,00.021490]
01_filter               	    404	00.115537	(00.000286 +- 00.000030)	[00.000122,00.002432]
02_preint               	    402	00.013929	(00.000035 +- 00.000004)	[00.000024,00.000075]
02a_intensity_preprocess	    404	01.075447	(00.002662 +- 00.000161)	[00.000791,00.006728]
03_undistortion         	    402	00.280150	(00.000697 +- 00.000083)	[00.000134,00.003404]
04_sampling             	    401	00.197223	(00.000492 +- 00.000055)	[00.000063,00.001400]
04b_intensity_sampling  	    401	00.286027	(00.000713 +- 00.000075)	[00.000127,00.002206]
05_registration         	    401	01.421924	(00.003546 +- 00.000434)	[00.000716,00.013003]
06_map                  	    401	00.318120	(00.000793 +- 00.000076)	[00.000113,00.001701]
07_imu_opt              	    401	00.511757	(00.001276 +- 00.000327)	[00.000001,00.003969]
08_publish              	    401	03.622025	(00.009032 +- 00.000687)	[00.000514,00.024065]
step                    	    404	07.885320	(00.019518 +- 00.001351)	[00.003926,00.049405]

INFO  Timings:
SM Timing
-----------
00_conversion_livox     	    406	04.420201	(00.010887 +- 00.000313)	[00.008464,00.021490]
01_filter               	    405	00.115729	(00.000286 +- 00.000030)	[00.000122,00.002432]
02_preint               	    403	00.013965	(00.000035 +- 00.000004)	[00.000024,00.000075]
02a_intensity_preprocess	    405	01.076839	(00.002659 +- 00.000165)	[00.000791,00.006728]
03_undistortion         	    403	00.280526	(00.000696 +- 00.000086)	[00.000134,00.003404]
04_sampling             	    402	00.197468	(00.000491 +- 00.000056)	[00.000063,00.001400]
04b_intensity_sampling  	    402	00.286505	(00.000713 +- 00.000080)	[00.000127,00.002206]
05_registration         	    402	01.423563	(00.003541 +- 00.000432)	[00.000716,00.013003]
06_map                  	    402	00.318469	(00.000792 +- 00.000071)	[00.000113,00.001701]
07_imu_opt              	    402	00.512933	(00.001276 +- 00.000327)	[00.000001,00.003969]
08_publish              	    402	03.624825	(00.009017 +- 00.000705)	[00.000514,00.024065]
step                    	    405	07.894055	(00.019491 +- 00.001376)	[00.003926,00.049405]

INFO  Timings:
SM Timing
-----------
00_conversion_livox     	    407	04.430474	(00.010886 +- 00.000329)	[00.008464,00.021490]
01_filter               	    406	00.115906	(00.000285 +- 00.000030)	[00.000122,00.002432]
02_preint               	    404	00.013992	(00.000035 +- 00.000004)	[00.000024,00.000075]
02a_intensity_preprocess	    406	01.078231	(00.002656 +- 00.000172)	[00.000791,00.006728]
03_undistortion         	    404	00.280789	(00.000695 +- 00.000086)	[00.000134,00.003404]
04_sampling             	    403	00.197768	(00.000491 +- 00.000059)	[00.000063,00.001400]
04b_intensity_sampling  	    403	00.286883	(00.000712 +- 00.000082)	[00.000127,00.002206]
05_registration         	    403	01.424798	(00.003535 +- 00.000422)	[00.000716,00.013003]
06_map                  	    403	00.318807	(00.000791 +- 00.000073)	[00.000113,00.001701]
07_imu_opt              	    403	00.514346	(00.001276 +- 00.000326)	[00.000001,00.003969]
08_publish              	    403	03.627608	(00.009002 +- 00.000729)	[00.000514,00.024065]
step                    	    406	07.902424	(00.019464 +- 00.001395)	[00.003926,00.049405]

INFO  Timings:
SM Timing
-----------
00_conversion_livox     	    408	04.440375	(00.010883 +- 00.000325)	[00.008464,00.021490]
01_filter               	    407	00.116075	(00.000285 +- 00.000030)	[00.000122,00.002432]
02_preint               	    405	00.014028	(00.000035 +- 00.000004)	[00.000024,00.000075]
02a_intensity_preprocess	    407	01.079596	(00.002653 +- 00.000180)	[00.000791,00.006728]
03_undistortion         	    405	00.281051	(00.000694 +- 00.000086)	[00.000134,00.003404]
04_sampling             	    404	00.197987	(00.000490 +- 00.000060)	[00.000063,00.001400]
04b_intensity_sampling  	    404	00.287210	(00.000711 +- 00.000083)	[00.000127,00.002206]
05_registration         	    404	01.426107	(00.003530 +- 00.000422)	[00.000716,00.013003]
06_map                  	    404	00.319185	(00.000790 +- 00.000075)	[00.000113,00.001701]
07_imu_opt              	    404	00.516453	(00.001278 +- 00.000346)	[00.000001,00.003969]
08_publish              	    404	03.630245	(00.008986 +- 00.000751)	[00.000514,00.024065]
step                    	    407	07.911300	(00.019438 +- 00.001450)	[00.003926,00.049405]

INFO  Timings:
SM Timing
-----------
00_conversion_livox     	    409	04.450117	(00.010880 +- 00.000320)	[00.008464,00.021490]
01_filter               	    408	00.116243	(00.000285 +- 00.000031)	[00.000122,00.002432]
02_preint               	    406	00.014055	(00.000035 +- 00.000004)	[00.000024,00.000075]
02a_intensity_preprocess	    408	01.080967	(00.002649 +- 00.000187)	[00.000791,00.006728]
03_undistortion         	    406	00.281319	(00.000693 +- 00.000086)	[00.000134,00.003404]
04_sampling             	    405	00.198231	(00.000489 +- 00.000063)	[00.000063,00.001400]
04b_intensity_sampling  	    405	00.287558	(00.000710 +- 00.000085)	[00.000127,00.002206]
05_registration         	    405	01.427382	(00.003524 +- 00.000422)	[00.000716,00.013003]
06_map                  	    405	00.319569	(00.000789 +- 00.000079)	[00.000113,00.001701]
07_imu_opt              	    405	00.518567	(00.001280 +- 00.000363)	[00.000001,00.003969]
08_publish              	    405	03.633050	(00.008970 +- 00.000782)	[00.000514,00.024065]
step                    	    408	07.920347	(00.019413 +- 00.001513)	[00.003926,00.049405]

INFO  Timings:
SM Timing
-----------
00_conversion_livox     	    410	04.459902	(00.010878 +- 00.000317)	[00.008464,00.021490]
01_filter               	    409	00.116426	(00.000285 +- 00.000031)	[00.000122,00.002432]
02_preint               	    407	00.014081	(00.000035 +- 00.000004)	[00.000024,00.000075]
02a_intensity_preprocess	    409	01.082372	(00.002646 +- 00.000196)	[00.000791,00.006728]
03_undistortion         	    407	00.281806	(00.000692 +- 00.000095)	[00.000134,00.003404]
04_sampling             	    406	00.198496	(00.000489 +- 00.000065)	[00.000063,00.001400]
04b_intensity_sampling  	    406	00.287948	(00.000709 +- 00.000088)	[00.000127,00.002206]
05_registration         	    406	01.429143	(00.003520 +- 00.000424)	[00.000716,00.013003]
06_map                  	    406	00.319939	(00.000788 +- 00.000081)	[00.000113,00.001701]
07_imu_opt              	    406	00.519794	(00.001280 +- 00.000362)	[00.000001,00.003969]
08_publish              	    406	03.636053	(00.008956 +- 00.000819)	[00.000514,00.024065]
step                    	    409	07.929518	(00.019388 +- 00.001576)	[00.003926,00.049405]

INFO  Timings:
SM Timing
-----------
00_conversion_livox     	    411	04.469732	(00.010875 +- 00.000320)	[00.008464,00.021490]
01_filter               	    410	00.116612	(00.000284 +- 00.000031)	[00.000122,00.002432]
02_preint               	    408	00.014118	(00.000035 +- 00.000004)	[00.000024,00.000075]
02a_intensity_preprocess	    410	01.083863	(00.002644 +- 00.000207)	[00.000791,00.006728]
03_undistortion         	    408	00.282168	(00.000692 +- 00.000097)	[00.000134,00.003404]
04_sampling             	    407	00.198750	(00.000488 +- 00.000067)	[00.000063,00.001400]
04b_intensity_sampling  	    407	00.288368	(00.000709 +- 00.000091)	[00.000127,00.002206]
05_registration         	    407	01.430894	(00.003516 +- 00.000425)	[00.000716,00.013003]
06_map                  	    407	00.320440	(00.000787 +- 00.000090)	[00.000113,00.001701]
07_imu_opt              	    407	00.520914	(00.001280 +- 00.000329)	[00.000001,00.003969]
08_publish              	    407	03.639507	(00.008942 +- 00.000872)	[00.000514,00.024065]
step                    	    410	07.939150	(00.019364 +- 00.001651)	[00.003926,00.049405]

INFO  Timings:
SM Timing
-----------
00_conversion_livox     	    412	04.479210	(00.010872 +- 00.000320)	[00.008464,00.021490]
01_filter               	    411	00.116818	(00.000284 +- 00.000032)	[00.000122,00.002432]
02_preint               	    409	00.014147	(00.000035 +- 00.000004)	[00.000024,00.000075]
02a_intensity_preprocess	    411	01.085467	(00.002641 +- 00.000222)	[00.000791,00.006728]
03_undistortion         	    409	00.282475	(00.000691 +- 00.000097)	[00.000134,00.003404]
04_sampling             	    408	00.199089	(00.000488 +- 00.000073)	[00.000063,00.001400]
04b_intensity_sampling  	    408	00.288736	(00.000708 +- 00.000093)	[00.000127,00.002206]
05_registration         	    408	01.432935	(00.003512 +- 00.000430)	[00.000716,00.013003]
06_map                  	    408	00.320849	(00.000786 +- 00.000093)	[00.000113,00.001701]
07_imu_opt              	    408	00.522022	(00.001279 +- 00.000329)	[00.000001,00.003969]
08_publish              	    408	03.643674	(00.008931 +- 00.000956)	[00.000514,00.024065]
step                    	    411	07.949788	(00.019343 +- 00.001757)	[00.003926,00.049405]

INFO  Timings:
SM Timing
-----------
00_conversion_livox     	    413	04.488956	(00.010869 +- 00.000321)	[00.008464,00.021490]
01_filter               	    412	00.117058	(00.000284 +- 00.000034)	[00.000122,00.002432]
02_preint               	    410	00.014175	(00.000035 +- 00.000004)	[00.000024,00.000075]
02a_intensity_preprocess	    412	01.087178	(00.002639 +- 00.000241)	[00.000791,00.006728]
03_undistortion         	    410	00.282830	(00.000690 +- 00.000099)	[00.000134,00.003404]
04_sampling             	    409	00.199365	(00.000487 +- 00.000075)	[00.000063,00.001400]
04b_intensity_sampling  	    409	00.289153	(00.000707 +- 00.000096)	[00.000127,00.002206]
05_registration         	    409	01.434957	(00.003508 +- 00.000434)	[00.000716,00.013003]
06_map                  	    409	00.321340	(00.000786 +- 00.000099)	[00.000113,00.001701]
07_imu_opt              	    409	00.523406	(00.001280 +- 00.000329)	[00.000001,00.003969]
08_publish              	    409	03.648261	(00.008920 +- 00.001052)	[00.000514,00.024065]
step                    	    412	07.961364	(00.019324 +- 00.001902)	[00.003926,00.049405]

INFO  Timings:
SM Timing
-----------
00_conversion_livox     	    414	04.498526	(00.010866 +- 00.000320)	[00.008464,00.021490]
01_filter               	    413	00.117273	(00.000284 +- 00.000035)	[00.000122,00.002432]
02_preint               	    411	00.014203	(00.000035 +- 00.000004)	[00.000024,00.000075]
02a_intensity_preprocess	    413	01.088927	(00.002637 +- 00.000260)	[00.000791,00.006728]
03_undistortion         	    411	00.283302	(00.000689 +- 00.000104)	[00.000134,00.003404]
04_sampling             	    410	00.199623	(00.000487 +- 00.000077)	[00.000063,00.001400]
04b_intensity_sampling  	    410	00.289593	(00.000706 +- 00.000099)	[00.000127,00.002206]
05_registration         	    410	01.436545	(00.003504 +- 00.000419)	[00.000716,00.013003]
06_map                  	    410	00.321845	(00.000785 +- 00.000106)	[00.000113,00.001701]
07_imu_opt              	    410	00.525352	(00.001281 +- 00.000341)	[00.000001,00.003969]
08_publish              	    410	03.653078	(00.008910 +- 00.001147)	[00.000514,00.024065]
step                    	    413	07.973435	(00.019306 +- 00.002062)	[00.003926,00.049405]

INFO  Timings:
SM Timing
-----------
00_conversion_livox     	    415	04.507931	(00.010862 +- 00.000317)	[00.008464,00.021490]
01_filter               	    414	00.117463	(00.000284 +- 00.000035)	[00.000122,00.002432]
02_preint               	    412	00.014227	(00.000035 +- 00.000004)	[00.000024,00.000075]
02a_intensity_preprocess	    414	01.090600	(00.002634 +- 00.000272)	[00.000791,00.006728]
03_undistortion         	    412	00.284020	(00.000689 +- 00.000124)	[00.000134,00.003404]
04_sampling             	    411	00.200556	(00.000488 +- 00.000134)	[00.000063,00.001400]
04b_intensity_sampling  	    411	00.290417	(00.000707 +- 00.000128)	[00.000127,00.002206]
05_registration         	    411	01.438236	(00.003499 +- 00.000418)	[00.000716,00.013003]
06_map                  	    411	00.322406	(00.000784 +- 00.000115)	[00.000113,00.001701]
07_imu_opt              	    411	00.527214	(00.001283 +- 00.000348)	[00.000001,00.003969]
08_publish              	    411	03.657843	(00.008900 +- 00.001225)	[00.000514,00.024065]
step                    	    414	07.986740	(00.019292 +- 00.002255)	[00.003926,00.049405]

INFO  Timings:
SM Timing
-----------
00_conversion_livox     	    416	04.517275	(00.010859 +- 00.000317)	[00.008464,00.021490]
01_filter               	    415	00.117677	(00.000284 +- 00.000036)	[00.000122,00.002432]
02_preint               	    413	00.014254	(00.000035 +- 00.000004)	[00.000024,00.000075]
02a_intensity_preprocess	    415	01.092394	(00.002632 +- 00.000288)	[00.000791,00.006728]
03_undistortion         	    413	00.284594	(00.000689 +- 00.000132)	[00.000134,00.003404]
04_sampling             	    412	00.200856	(00.000488 +- 00.000135)	[00.000063,00.001400]
04b_intensity_sampling  	    412	00.290937	(00.000706 +- 00.000132)	[00.000127,00.002206]
05_registration         	    412	01.441002	(00.003498 +- 00.000456)	[00.000716,00.013003]
06_map                  	    412	00.322948	(00.000784 +- 00.000121)	[00.000113,00.001701]
07_imu_opt              	    412	00.528450	(00.001283 +- 00.000348)	[00.000001,00.003969]
08_publish              	    412	03.662938	(00.008891 +- 00.001310)	[00.000514,00.024065]
step                    	    415	07.999876	(00.019277 +- 00.002422)	[00.003926,00.049405]

INFO  Timings:
SM Timing
-----------
00_conversion_livox     	    417	04.526828	(00.010856 +- 00.000312)	[00.008464,00.021490]
01_filter               	    416	00.117876	(00.000283 +- 00.000036)	[00.000122,00.002432]
02_preint               	    414	00.014293	(00.000035 +- 00.000004)	[00.000024,00.000075]
02a_intensity_preprocess	    416	01.094266	(00.002630 +- 00.000306)	[00.000791,00.006728]
03_undistortion         	    414	00.285134	(00.000689 +- 00.000137)	[00.000134,00.003404]
04_sampling             	    413	00.201255	(00.000487 +- 00.000138)	[00.000063,00.001400]
04b_intensity_sampling  	    413	00.291326	(00.000705 +- 00.000132)	[00.000127,00.002206]
05_registration         	    413	01.442452	(00.003493 +- 00.000452)	[00.000716,00.013003]
06_map                  	    413	00.323480	(00.000783 +- 00.000126)	[00.000113,00.001701]
07_imu_opt              	    413	00.529568	(00.001282 +- 00.000350)	[00.000001,00.003969]
08_publish              	    413	03.667726	(00.008881 +- 00.001373)	[00.000514,00.024065]
step                    	    416	08.011262	(00.019258 +- 00.002500)	[00.003926,00.049405]

INFO  Timings:
SM Timing
-----------
00_conversion_livox     	    418	04.536161	(00.010852 +- 00.000310)	[00.008464,00.021490]
01_filter               	    417	00.118066	(00.000283 +- 00.000036)	[00.000122,00.002432]
02_preint               	    415	00.014318	(00.000035 +- 00.000004)	[00.000024,00.000075]
02a_intensity_preprocess	    417	01.095870	(00.002628 +- 00.000312)	[00.000791,00.006728]
03_undistortion         	    415	00.285621	(00.000688 +- 00.000140)	[00.000134,00.003404]
04_sampling             	    414	00.201542	(00.000487 +- 00.000139)	[00.000063,00.001400]
04b_intensity_sampling  	    414	00.291790	(00.000705 +- 00.000134)	[00.000127,00.002206]
05_registration         	    414	01.444493	(00.003489 +- 00.000455)	[00.000716,00.013003]
06_map                  	    414	00.323944	(00.000782 +- 00.000129)	[00.000113,00.001701]
07_imu_opt              	    414	00.530677	(00.001282 +- 00.000349)	[00.000001,00.003969]
08_publish              	    414	03.672481	(00.008871 +- 00.001427)	[00.000514,00.024065]
step                    	    417	08.022753	(00.019239 +- 00.002560)	[00.003926,00.049405]

INFO  Timings:
SM Timing
-----------
00_conversion_livox     	    419	04.545355	(00.010848 +- 00.000308)	[00.008464,00.021490]
01_filter               	    418	00.118264	(00.000283 +- 00.000036)	[00.000122,00.002432]
02_preint               	    416	00.014344	(00.000034 +- 00.000004)	[00.000024,00.000075]
02a_intensity_preprocess	    418	01.097519	(00.002626 +- 00.000318)	[00.000791,00.006728]
03_undistortion         	    416	00.286117	(00.000688 +- 00.000143)	[00.000134,00.003404]
04_sampling             	    415	00.201835	(00.000486 +- 00.000140)	[00.000063,00.001400]
04b_intensity_sampling  	    415	00.292165	(00.000704 +- 00.000135)	[00.000127,00.002206]
05_registration         	    415	01.446687	(00.003486 +- 00.000464)	[00.000716,00.013003]
06_map                  	    415	00.324352	(00.000782 +- 00.000130)	[00.000113,00.001701]
07_imu_opt              	    415	00.532021	(00.001282 +- 00.000346)	[00.000001,00.003969]
08_publish              	    415	03.676804	(00.008860 +- 00.001461)	[00.000514,00.024065]
step                    	    418	08.034108	(00.019220 +- 00.002620)	[00.003926,00.049405]

INFO  Timings:
SM Timing
-----------
00_conversion_livox     	    420	04.554908	(00.010845 +- 00.000305)	[00.008464,00.021490]
01_filter               	    419	00.118467	(00.000283 +- 00.000036)	[00.000122,00.002432]
02_preint               	    417	00.014369	(00.000034 +- 00.000004)	[00.000024,00.000075]
02a_intensity_preprocess	    419	01.099019	(00.002623 +- 00.000320)	[00.000791,00.006728]
03_undistortion         	    417	00.286426	(00.000687 +- 00.000142)	[00.000134,00.003404]
04_sampling             	    416	00.202103	(00.000486 +- 00.000140)	[00.000063,00.001400]
04b_intensity_sampling  	    416	00.292544	(00.000703 +- 00.000135)	[00.000127,00.002206]
05_registration         	    416	01.451308	(00.003489 +- 00.000636)	[00.000716,00.013003]
06_map                  	    416	00.324803	(00.000781 +- 00.000132)	[00.000113,00.001701]
07_imu_opt              	    416	00.533949	(00.001284 +- 00.000354)	[00.000001,00.003969]
08_publish              	    416	03.680817	(00.008848 +- 00.001482)	[00.000514,00.024065]
step                    	    419	08.047863	(00.019207 +- 00.002767)	[00.003926,00.049405]

INFO  Timings:
SM Timing
-----------
00_conversion_livox     	    421	04.564477	(00.010842 +- 00.000304)	[00.008464,00.021490]
01_filter               	    420	00.118633	(00.000282 +- 00.000036)	[00.000122,00.002432]
02_preint               	    418	00.014395	(00.000034 +- 00.000004)	[00.000024,00.000075]
02a_intensity_preprocess	    420	01.100514	(00.002620 +- 00.000322)	[00.000791,00.006728]
03_undistortion         	    418	00.286737	(00.000686 +- 00.000142)	[00.000134,00.003404]
04_sampling             	    417	00.202363	(00.000485 +- 00.000140)	[00.000063,00.001400]
04b_intensity_sampling  	    417	00.293069	(00.000703 +- 00.000138)	[00.000127,00.002206]
05_registration         	    417	01.453408	(00.003485 +- 00.000637)	[00.000716,00.013003]
06_map                  	    417	00.325273	(00.000780 +- 00.000134)	[00.000113,00.001701]
07_imu_opt              	    417	00.535753	(00.001285 +- 00.000358)	[00.000001,00.003969]
08_publish              	    417	03.684448	(00.008836 +- 00.001490)	[00.000514,00.024065]
step                    	    420	08.058698	(00.019187 +- 00.002801)	[00.003926,00.049405]

INFO  Timings:
SM Timing
-----------
00_conversion_livox     	    422	04.573850	(00.010839 +- 00.000305)	[00.008464,00.021490]
01_filter               	    421	00.118826	(00.000282 +- 00.000035)	[00.000122,00.002432]
02_preint               	    419	00.014421	(00.000034 +- 00.000004)	[00.000024,00.000075]
02a_intensity_preprocess	    421	01.102017	(00.002618 +- 00.000322)	[00.000791,00.006728]
03_undistortion         	    419	00.287000	(00.000685 +- 00.000140)	[00.000134,00.003404]
04_sampling             	    418	00.202624	(00.000485 +- 00.000140)	[00.000063,00.001400]
04b_intensity_sampling  	    418	00.293432	(00.000702 +- 00.000138)	[00.000127,00.002206]
05_registration         	    418	01.456539	(00.003485 +- 00.000671)	[00.000716,00.013003]
06_map                  	    418	00.325710	(00.000779 +- 00.000135)	[00.000113,00.001701]
07_imu_opt              	    418	00.537049	(00.001285 +- 00.000358)	[00.000001,00.003969]
08_publish              	    418	03.687854	(00.008823 +- 00.001489)	[00.000514,00.024065]
step                    	    421	08.069622	(00.019168 +- 00.002832)	[00.003926,00.049405]

INFO  Timings:
SM Timing
-----------
00_conversion_livox     	    423	04.583126	(00.010835 +- 00.000307)	[00.008464,00.021490]
01_filter               	    422	00.119016	(00.000282 +- 00.000035)	[00.000122,00.002432]
02_preint               	    420	00.014446	(00.000034 +- 00.000004)	[00.000024,00.000075]
02a_intensity_preprocess	    422	01.103381	(00.002615 +- 00.000321)	[00.000791,00.006728]
03_undistortion         	    420	00.287269	(00.000684 +- 00.000139)	[00.000134,00.003404]
04_sampling             	    419	00.202861	(00.000484 +- 00.000140)	[00.000063,00.001400]
04b_intensity_sampling  	    419	00.293761	(00.000701 +- 00.000137)	[00.000127,00.002206]
05_registration         	    419	01.458131	(00.003480 +- 00.000671)	[00.000716,00.013003]
06_map                  	    419	00.326094	(00.000778 +- 00.000135)	[00.000113,00.001701]
07_imu_opt              	    419	00.538112	(00.001284 +- 00.000358)	[00.000001,00.003969]
08_publish              	    419	03.690900	(00.008809 +- 00.001483)	[00.000514,00.024065]
step                    	    422	08.078179	(00.019143 +- 00.002817)	[00.003926,00.049405]

INFO  Timings:
SM Timing
-----------
00_conversion_livox     	    424	04.592601	(00.010832 +- 00.000307)	[00.008464,00.021490]
01_filter               	    423	00.119184	(00.000282 +- 00.000034)	[00.000122,00.002432]
02_preint               	    421	00.014471	(00.000034 +- 00.000004)	[00.000024,00.000075]
02a_intensity_preprocess	    423	01.104740	(00.002612 +- 00.000319)	[00.000791,00.006728]
03_undistortion         	    421	00.287531	(00.000683 +- 00.000138)	[00.000134,00.003404]
04_sampling             	    420	00.203096	(00.000484 +- 00.000139)	[00.000063,00.001400]
04b_intensity_sampling  	    420	00.294181	(00.000700 +- 00.000137)	[00.000127,00.002206]
05_registration         	    420	01.460666	(00.003478 +- 00.000683)	[00.000716,00.013003]
06_map                  	    420	00.326445	(00.000777 +- 00.000134)	[00.000113,00.001701]
07_imu_opt              	    420	00.539266	(00.001284 +- 00.000357)	[00.000001,00.003969]
08_publish              	    420	03.693702	(00.008795 +- 00.001473)	[00.000514,00.024065]
step                    	    423	08.087543	(00.019119 +- 00.002801)	[00.003926,00.049405]

INFO  Timings:
SM Timing
-----------
00_conversion_livox     	    425	04.602282	(00.010829 +- 00.000303)	[00.008464,00.021490]
01_filter               	    424	00.119349	(00.000281 +- 00.000034)	[00.000122,00.002432]
02_preint               	    422	00.014498	(00.000034 +- 00.000004)	[00.000024,00.000075]
02a_intensity_preprocess	    424	01.106032	(00.002609 +- 00.000316)	[00.000791,00.006728]
03_undistortion         	    422	00.287793	(00.000682 +- 00.000138)	[00.000134,00.003404]
04_sampling             	    421	00.203337	(00.000483 +- 00.000139)	[00.000063,00.001400]
04b_intensity_sampling  	    421	00.294538	(00.000700 +- 00.000137)	[00.000127,00.002206]
05_registration         	    421	01.462883	(00.003475 +- 00.000687)	[00.000716,00.013003]
06_map                  	    421	00.326804	(00.000776 +- 00.000133)	[00.000113,00.001701]
07_imu_opt              	    421	00.540349	(00.001283 +- 00.000357)	[00.000001,00.003969]
08_publish              	    421	03.696271	(00.008780 +- 00.001461)	[00.000514,00.024065]
step                    	    424	08.096166	(00.019095 +- 00.002780)	[00.003926,00.049405]

INFO  Timings:
SM Timing
-----------
00_conversion_livox     	    426	04.611820	(00.010826 +- 00.000301)	[00.008464,00.021490]
01_filter               	    425	00.119552	(00.000281 +- 00.000033)	[00.000122,00.002432]
02_preint               	    423	00.014533	(00.000034 +- 00.000004)	[00.000024,00.000075]
02a_intensity_preprocess	    425	01.107382	(00.002606 +- 00.000313)	[00.000791,00.006728]
03_undistortion         	    423	00.288051	(00.000681 +- 00.000137)	[00.000134,00.003404]
04_sampling             	    422	00.203613	(00.000482 +- 00.000138)	[00.000063,00.001400]
04b_intensity_sampling  	    422	00.294874	(00.000699 +- 00.000136)	[00.000127,00.002206]
05_registration         	    422	01.464119	(00.003469 +- 00.000687)	[00.000716,00.013003]
06_map                  	    422	00.327178	(00.000775 +- 00.000132)	[00.000113,00.001701]
07_imu_opt              	    422	00.541447	(00.001283 +- 00.000357)	[00.000001,00.003969]
08_publish              	    422	03.698886	(00.008765 +- 00.001446)	[00.000514,00.024065]
step                    	    425	08.104002	(00.019068 +- 00.002743)	[00.003926,00.049405]

INFO  Timings:
SM Timing
-----------
00_conversion_livox     	    427	04.621357	(00.010823 +- 00.000297)	[00.008464,00.021490]
01_filter               	    426	00.119733	(00.000281 +- 00.000033)	[00.000122,00.002432]
02_preint               	    424	00.014560	(00.000034 +- 00.000004)	[00.000024,00.000075]
02a_intensity_preprocess	    426	01.108762	(00.002603 +- 00.000308)	[00.000791,00.006728]
03_undistortion         	    424	00.288369	(00.000680 +- 00.000136)	[00.000134,00.003404]
04_sampling             	    423	00.203851	(00.000482 +- 00.000137)	[00.000063,00.001400]
04b_intensity_sampling  	    423	00.295244	(00.000698 +- 00.000134)	[00.000127,00.002206]
05_registration         	    423	01.466417	(00.003467 +- 00.000684)	[00.000716,00.013003]
06_map                  	    423	00.327587	(00.000774 +- 00.000131)	[00.000113,00.001701]
07_imu_opt              	    423	00.542602	(00.001283 +- 00.000355)	[00.000001,00.003969]
08_publish              	    423	03.701836	(00.008751 +- 00.001430)	[00.000514,00.024065]
step                    	    426	08.113376	(00.019045 +- 00.002699)	[00.003926,00.049405]

INFO  Timings:
SM Timing
-----------
00_conversion_livox     	    428	04.631066	(00.010820 +- 00.000288)	[00.008464,00.021490]
01_filter               	    427	00.119910	(00.000281 +- 00.000033)	[00.000122,00.002432]
02_preint               	    425	00.014607	(00.000034 +- 00.000005)	[00.000024,00.000075]
02a_intensity_preprocess	    427	01.110165	(00.002600 +- 00.000303)	[00.000791,00.006728]
03_undistortion         	    425	00.288652	(00.000679 +- 00.000135)	[00.000134,00.003404]
04_sampling             	    424	00.204106	(00.000481 +- 00.000137)	[00.000063,00.001400]
04b_intensity_sampling  	    424	00.295612	(00.000697 +- 00.000132)	[00.000127,00.002206]
05_registration         	    424	01.467630	(00.003461 +- 00.000684)	[00.000716,00.013003]
06_map                  	    424	00.328070	(00.000774 +- 00.000130)	[00.000113,00.001701]
07_imu_opt              	    424	00.544075	(00.001283 +- 00.000354)	[00.000001,00.003969]
08_publish              	    424	03.705202	(00.008739 +- 00.001414)	[00.000514,00.024065]
step                    	    427	08.122496	(00.019022 +- 00.002660)	[00.003926,00.049405]

INFO  Timings:
SM Timing
-----------
00_conversion_livox     	    429	04.640802	(00.010818 +- 00.000275)	[00.008464,00.021490]
01_filter               	    428	00.120132	(00.000281 +- 00.000033)	[00.000122,00.002432]
02_preint               	    426	00.014644	(00.000034 +- 00.000005)	[00.000024,00.000075]
02a_intensity_preprocess	    428	01.111778	(00.002598 +- 00.000300)	[00.000791,00.006728]
03_undistortion         	    426	00.289002	(00.000678 +- 00.000133)	[00.000134,00.003404]
04_sampling             	    425	00.204510	(00.000481 +- 00.000138)	[00.000063,00.001400]
04b_intensity_sampling  	    425	00.296125	(00.000697 +- 00.000132)	[00.000127,00.002206]
05_registration         	    425	01.469673	(00.003458 +- 00.000676)	[00.000716,00.013003]
06_map                  	    425	00.328535	(00.000773 +- 00.000129)	[00.000113,00.001701]
07_imu_opt              	    425	00.545165	(00.001283 +- 00.000354)	[00.000001,00.003969]
08_publish              	    425	03.709298	(00.008728 +- 00.001409)	[00.000514,00.024065]
step                    	    428	08.133397	(00.019003 +- 00.002624)	[00.003926,00.049405]

INFO  Timings:
SM Timing
-----------
00_conversion_livox     	    430	04.650514	(00.010815 +- 00.000271)	[00.008464,00.021490]
01_filter               	    429	00.120380	(00.000281 +- 00.000034)	[00.000122,00.002432]
02_preint               	    427	00.014670	(00.000034 +- 00.000005)	[00.000024,00.000075]
02a_intensity_preprocess	    429	01.113418	(00.002595 +- 00.000298)	[00.000791,00.006728]
03_undistortion         	    427	00.289452	(00.000678 +- 00.000134)	[00.000134,00.003404]
04_sampling             	    426	00.204879	(00.000481 +- 00.000138)	[00.000063,00.001400]
04b_intensity_sampling  	    426	00.296597	(00.000696 +- 00.000132)	[00.000127,00.002206]
05_registration         	    426	01.471101	(00.003453 +- 00.000674)	[00.000716,00.013003]
06_map                  	    426	00.329033	(00.000772 +- 00.000129)	[00.000113,00.001701]
07_imu_opt              	    426	00.546232	(00.001282 +- 00.000356)	[00.000001,00.003969]
08_publish              	    426	03.713518	(00.008717 +- 00.001404)	[00.000514,00.024065]
step                    	    429	08.143878	(00.018983 +- 00.002594)	[00.003926,00.049405]

INFO  Timings:
SM Timing
-----------
00_conversion_livox     	    431	04.660054	(00.010812 +- 00.000270)	[00.008464,00.021490]
01_filter               	    430	00.120563	(00.000280 +- 00.000033)	[00.000122,00.002432]
02_preint               	    428	00.014698	(00.000034 +- 00.000005)	[00.000024,00.000075]
02a_intensity_preprocess	    430	01.115131	(00.002593 +- 00.000300)	[00.000791,00.006728]
03_undistortion         	    428	00.289817	(00.000677 +- 00.000132)	[00.000134,00.003404]
04_sampling             	    427	00.205227	(00.000481 +- 00.000138)	[00.000063,00.001400]
04b_intensity_sampling  	    427	00.297091	(00.000696 +- 00.000131)	[00.000127,00.002206]
05_registration         	    427	01.473142	(00.003450 +- 00.000661)	[00.000716,00.013003]
06_map                  	    427	00.329487	(00.000772 +- 00.000127)	[00.000113,00.001701]
07_imu_opt              	    427	00.548216	(00.001284 +- 00.000366)	[00.000001,00.003969]
08_publish              	    427	03.718089	(00.008707 +- 00.001406)	[00.000514,00.024065]
step                    	    430	08.156115	(00.018968 +- 00.002586)	[00.003926,00.049405]

INFO  Timings:
SM Timing
-----------
00_conversion_livox     	    432	04.669724	(00.010810 +- 00.000270)	[00.008464,00.021490]
01_filter               	    431	00.120785	(00.000280 +- 00.000033)	[00.000122,00.002432]
02_preint               	    429	00.014734	(00.000034 +- 00.000005)	[00.000024,00.000075]
02a_intensity_preprocess	    431	01.116796	(00.002591 +- 00.000298)	[00.000791,00.006728]
03_undistortion         	    429	00.290187	(00.000676 +- 00.000132)	[00.000134,00.003404]
04_sampling             	    428	00.205584	(00.000480 +- 00.000137)	[00.000063,00.001400]
04b_intensity_sampling  	    428	00.297568	(00.000695 +- 00.000129)	[00.000127,00.002206]
05_registration         	    428	01.474675	(00.003446 +- 00.000650)	[00.000716,00.013003]
06_map                  	    428	00.329997	(00.000771 +- 00.000126)	[00.000113,00.001701]
07_imu_opt              	    428	00.549312	(00.001283 +- 00.000367)	[00.000001,00.003969]
08_publish              	    428	03.722425	(00.008697 +- 00.001397)	[00.000514,00.024065]
step                    	    431	08.166779	(00.018948 +- 00.002537)	[00.003926,00.049405]

INFO  Timings:
SM Timing
-----------
00_conversion_livox     	    433	04.679298	(00.010807 +- 00.000270)	[00.008464,00.021490]
01_filter               	    432	00.120994	(00.000280 +- 00.000033)	[00.000122,00.002432]
02_preint               	    430	00.014770	(00.000034 +- 00.000005)	[00.000024,00.000075]
02a_intensity_preprocess	    432	01.118484	(00.002589 +- 00.000296)	[00.000791,00.006728]
03_undistortion         	    430	00.290504	(00.000676 +- 00.000131)	[00.000134,00.003404]
04_sampling             	    429	00.205851	(00.000480 +- 00.000136)	[00.000063,00.001400]
04b_intensity_sampling  	    429	00.297979	(00.000695 +- 00.000128)	[00.000127,00.002206]
05_registration         	    429	01.477372	(00.003444 +- 00.000661)	[00.000716,00.013003]
06_map                  	    429	00.330444	(00.000770 +- 00.000122)	[00.000113,00.001701]
07_imu_opt              	    429	00.550397	(00.001283 +- 00.000367)	[00.000001,00.003969]
08_publish              	    429	03.726672	(00.008687 +- 00.001380)	[00.000514,00.024065]
step                    	    432	08.178236	(00.018931 +- 00.002503)	[00.003926,00.049405]

INFO  Timings:
SM Timing
-----------
00_conversion_livox     	    434	04.689154	(00.010805 +- 00.000272)	[00.008464,00.021490]
01_filter               	    433	00.121194	(00.000280 +- 00.000027)	[00.000122,00.002432]
02_preint               	    431	00.014806	(00.000034 +- 00.000005)	[00.000024,00.000075]
02a_intensity_preprocess	    433	01.120147	(00.002587 +- 00.000291)	[00.000791,00.006728]
03_undistortion         	    431	00.290826	(00.000675 +- 00.000129)	[00.000134,00.003404]
04_sampling             	    430	00.206157	(00.000479 +- 00.000135)	[00.000063,00.001400]
04b_intensity_sampling  	    430	00.298396	(00.000694 +- 00.000124)	[00.000127,00.002206]
05_registration         	    430	01.478774	(00.003439 +- 00.000663)	[00.000716,00.013003]
06_map                  	    430	00.330915	(00.000770 +- 00.000120)	[00.000113,00.001701]
07_imu_opt              	    430	00.551501	(00.001283 +- 00.000369)	[00.000001,00.003969]
08_publish              	    430	03.730828	(00.008676 +- 00.001357)	[00.000514,00.024065]
step                    	    433	08.188374	(00.018911 +- 00.002464)	[00.003926,00.049405]

INFO  Timings:
SM Timing
-----------
00_conversion_livox     	    435	04.699010	(00.010802 +- 00.000274)	[00.008464,00.021490]
01_filter               	    434	00.121391	(00.000280 +- 00.000026)	[00.000122,00.002432]
02_preint               	    432	00.014843	(00.000034 +- 00.000005)	[00.000024,00.000075]
02a_intensity_preprocess	    434	01.121819	(00.002585 +- 00.000287)	[00.000791,00.006728]
03_undistortion         	    432	00.291183	(00.000674 +- 00.000126)	[00.000134,00.003404]
04_sampling             	    431	00.206482	(00.000479 +- 00.000133)	[00.000063,00.001400]
04b_intensity_sampling  	    431	00.298856	(00.000693 +- 00.000122)	[00.000127,00.002206]
05_registration         	    431	01.480476	(00.003435 +- 00.000650)	[00.000716,00.013003]
06_map                  	    431	00.331414	(00.000769 +- 00.000119)	[00.000113,00.001701]
07_imu_opt              	    431	00.552649	(00.001282 +- 00.000369)	[00.000001,00.003969]
08_publish              	    431	03.735002	(00.008666 +- 00.001330)	[00.000514,00.024065]
step                    	    434	08.199017	(00.018892 +- 00.002404)	[00.003926,00.049405]

INFO  Timings:
SM Timing
-----------
00_conversion_livox     	    436	04.709008	(00.010800 +- 00.000278)	[00.008464,00.021490]
01_filter               	    435	00.121623	(00.000280 +- 00.000027)	[00.000122,00.002432]
02_preint               	    433	00.014879	(00.000034 +- 00.000005)	[00.000024,00.000075]
02a_intensity_preprocess	    435	01.123546	(00.002583 +- 00.000282)	[00.000791,00.006728]
03_undistortion         	    433	00.291544	(00.000673 +- 00.000124)	[00.000134,00.003404]
04_sampling             	    432	00.206789	(00.000479 +- 00.000133)	[00.000063,00.001400]
04b_intensity_sampling  	    432	00.299257	(00.000693 +- 00.000119)	[00.000127,00.002206]
05_registration         	    432	01.482275	(00.003431 +- 00.000646)	[00.000716,00.013003]
06_map                  	    432	00.331859	(00.000768 +- 00.000117)	[00.000113,00.001701]
07_imu_opt              	    432	00.553849	(00.001282 +- 00.000369)	[00.000001,00.003969]
08_publish              	    432	03.739108	(00.008655 +- 00.001298)	[00.000514,00.024065]
step                    	    435	08.209719	(00.018873 +- 00.002344)	[00.003926,00.049405]

INFO  Timings:
SM Timing
-----------
00_conversion_livox     	    437	04.718832	(00.010798 +- 00.000278)	[00.008464,00.021490]
01_filter               	    436	00.121839	(00.000279 +- 00.000027)	[00.000122,00.002432]
02_preint               	    434	00.014911	(00.000034 +- 00.000005)	[00.000024,00.000075]
02a_intensity_preprocess	    436	01.125260	(00.002581 +- 00.000275)	[00.000791,00.006728]
03_undistortion         	    434	00.291837	(00.000672 +- 00.000122)	[00.000134,00.003404]
04_sampling             	    433	00.207045	(00.000478 +- 00.000130)	[00.000063,00.001400]
04b_intensity_sampling  	    433	00.299656	(00.000692 +- 00.000116)	[00.000127,00.002206]
05_registration         	    433	01.484323	(00.003428 +- 00.000636)	[00.000716,00.013003]
06_map                  	    433	00.332317	(00.000767 +- 00.000112)	[00.000113,00.001701]
07_imu_opt              	    433	00.555049	(00.001282 +- 00.000367)	[00.000001,00.003969]
08_publish              	    433	03.743413	(00.008645 +- 00.001264)	[00.000514,00.024065]
step                    	    436	08.220709	(00.018855 +- 00.002251)	[00.003926,00.049405]

INFO  Timings:
SM Timing
-----------
00_conversion_livox     	    438	04.728883	(00.010797 +- 00.000284)	[00.008464,00.021490]
01_filter               	    437	00.122056	(00.000279 +- 00.000027)	[00.000122,00.002432]
02_preint               	    435	00.014948	(00.000034 +- 00.000005)	[00.000024,00.000075]
02a_intensity_preprocess	    437	01.126937	(00.002579 +- 00.000266)	[00.000791,00.006728]
03_undistortion         	    435	00.292176	(00.000672 +- 00.000120)	[00.000134,00.003404]
04_sampling             	    434	00.207304	(00.000478 +- 00.000127)	[00.000063,00.001400]
04b_intensity_sampling  	    434	00.300134	(00.000692 +- 00.000114)	[00.000127,00.002206]
05_registration         	    434	01.485911	(00.003424 +- 00.000634)	[00.000716,00.013003]
06_map                  	    434	00.332714	(00.000767 +- 00.000110)	[00.000113,00.001701]
07_imu_opt              	    434	00.556226	(00.001282 +- 00.000342)	[00.000001,00.003969]
08_publish              	    434	03.747493	(00.008635 +- 00.001220)	[00.000514,00.024065]
step                    	    437	08.231028	(00.018835 +- 00.002206)	[00.003926,00.049405]

INFO  Timings:
SM Timing
-----------
00_conversion_livox     	    439	04.738974	(00.010795 +- 00.000291)	[00.008464,00.021490]
01_filter               	    438	00.122284	(00.000279 +- 00.000027)	[00.000122,00.002432]
02_preint               	    436	00.014981	(00.000034 +- 00.000005)	[00.000024,00.000075]
02a_intensity_preprocess	    438	01.128584	(00.002577 +- 00.000256)	[00.000791,00.006728]
03_undistortion         	    436	00.292697	(00.000671 +- 00.000120)	[00.000134,00.003404]
04_sampling             	    435	00.207661	(00.000477 +- 00.000126)	[00.000063,00.001400]
04b_intensity_sampling  	    435	00.300655	(00.000691 +- 00.000112)	[00.000127,00.002206]
05_registration         	    435	01.490142	(00.003426 +- 00.000717)	[00.000716,00.013003]
06_map                  	    435	00.333209	(00.000766 +- 00.000104)	[00.000113,00.001701]
07_imu_opt              	    435	00.557395	(00.001281 +- 00.000335)	[00.000001,00.003969]
08_publish              	    435	03.751369	(00.008624 +- 00.001167)	[00.000514,00.024065]
step                    	    438	08.244178	(00.018822 +- 00.002205)	[00.003926,00.049405]

INFO  Timings:
SM Timing
-----------
00_conversion_livox     	    440	04.748970	(00.010793 +- 00.000295)	[00.008464,00.021490]
01_filter               	    439	00.122504	(00.000279 +- 00.000027)	[00.000122,00.002432]
02_preint               	    437	00.015019	(00.000034 +- 00.000005)	[00.000024,00.000075]
02a_intensity_preprocess	    439	01.130218	(00.002575 +- 00.000244)	[00.000791,00.006728]
03_undistortion         	    437	00.293067	(00.000671 +- 00.000117)	[00.000134,00.003404]
04_sampling             	    436	00.207983	(00.000477 +- 00.000123)	[00.000063,00.001400]
04b_intensity_sampling  	    436	00.301113	(00.000691 +- 00.000111)	[00.000127,00.002206]
05_registration         	    436	01.492378	(00.003423 +- 00.000708)	[00.000716,00.013003]
06_map                  	    436	00.333671	(00.000765 +- 00.000098)	[00.000113,00.001701]
07_imu_opt              	    436	00.558604	(00.001281 +- 00.000335)	[00.000001,00.003969]
08_publish              	    436	03.755197	(00.008613 +- 00.001109)	[00.000514,00.024065]
step                    	    439	08.255025	(00.018804 +- 00.002105)	[00.003926,00.049405]

INFO  Timings:
SM Timing
-----------
00_conversion_livox     	    441	04.758718	(00.010791 +- 00.000293)	[00.008464,00.021490]
01_filter               	    440	00.122704	(00.000279 +- 00.000025)	[00.000122,00.002432]
02_preint               	    438	00.015051	(00.000034 +- 00.000005)	[00.000024,00.000075]
02a_intensity_preprocess	    440	01.131842	(00.002572 +- 00.000232)	[00.000791,00.006728]
03_undistortion         	    438	00.293401	(00.000670 +- 00.000114)	[00.000134,00.003404]
04_sampling             	    437	00.208272	(00.000477 +- 00.000120)	[00.000063,00.001400]
04b_intensity_sampling  	    437	00.301597	(00.000690 +- 00.000108)	[00.000127,00.002206]
05_registration         	    437	01.494532	(00.003420 +- 00.000709)	[00.000716,00.013003]
06_map                  	    437	00.334136	(00.000765 +- 00.000093)	[00.000113,00.001701]
07_imu_opt              	    437	00.559735	(00.001281 +- 00.000336)	[00.000001,00.003969]
08_publish              	    437	03.758898	(00.008602 +- 00.001048)	[00.000514,00.024065]
step                    	    440	08.265511	(00.018785 +- 00.002035)	[00.003926,00.049405]

INFO  Timings:
SM Timing
-----------
00_conversion_livox     	    442	04.768314	(00.010788 +- 00.000293)	[00.008464,00.021490]
01_filter               	    441	00.122915	(00.000279 +- 00.000025)	[00.000122,00.002432]
02_preint               	    439	00.015081	(00.000034 +- 00.000005)	[00.000024,00.000075]
02a_intensity_preprocess	    441	01.133331	(00.002570 +- 00.000219)	[00.000791,00.006728]
03_undistortion         	    439	00.293717	(00.000669 +- 00.000111)	[00.000134,00.003404]
04_sampling             	    438	00.208519	(00.000476 +- 00.000117)	[00.000063,00.001400]
04b_intensity_sampling  	    438	00.302003	(00.000690 +- 00.000103)	[00.000127,00.002206]
05_registration         	    438	01.496361	(00.003416 +- 00.000689)	[00.000716,00.013003]
06_map                  	    438	00.334592	(00.000764 +- 00.000087)	[00.000113,00.001701]
07_imu_opt              	    438	00.560833	(00.001280 +- 00.000336)	[00.000001,00.003969]
08_publish              	    438	03.762258	(00.008590 +- 00.000990)	[00.000514,00.024065]
step                    	    441	08.275008	(00.018764 +- 00.001892)	[00.003926,00.049405]

INFO  Timings:
SM Timing
-----------
00_conversion_livox     	    443	04.777561	(00.010785 +- 00.000296)	[00.008464,00.021490]
01_filter               	    442	00.123121	(00.000279 +- 00.000024)	[00.000122,00.002432]
02_preint               	    440	00.015110	(00.000034 +- 00.000005)	[00.000024,00.000075]
02a_intensity_preprocess	    442	01.134796	(00.002567 +- 00.000206)	[00.000791,00.006728]
03_undistortion         	    440	00.294016	(00.000668 +- 00.000109)	[00.000134,00.003404]
04_sampling             	    439	00.208796	(00.000476 +- 00.000115)	[00.000063,00.001400]
04b_intensity_sampling  	    439	00.302353	(00.000689 +- 00.000101)	[00.000127,00.002206]
05_registration         	    439	01.497439	(00.003411 +- 00.000699)	[00.000716,00.013003]
06_map                  	    439	00.334977	(00.000763 +- 00.000084)	[00.000113,00.001701]
07_imu_opt              	    439	00.561939	(00.001280 +- 00.000335)	[00.000001,00.003969]
08_publish              	    439	03.765456	(00.008577 +- 00.000939)	[00.000514,00.024065]
step                    	    442	08.283456	(00.018741 +- 00.001825)	[00.003926,00.049405]

INFO  Timings:
SM Timing
-----------
00_conversion_livox     	    444	04.786797	(00.010781 +- 00.000298)	[00.008464,00.021490]
01_filter               	    443	00.123305	(00.000278 +- 00.000024)	[00.000122,00.002432]
02_preint               	    441	00.015148	(00.000034 +- 00.000005)	[00.000024,00.000075]
02a_intensity_preprocess	    443	01.136151	(00.002565 +- 00.000198)	[00.000791,00.006728]
03_undistortion         	    441	00.294287	(00.000667 +- 00.000108)	[00.000134,00.003404]
04_sampling             	    440	00.209045	(00.000475 +- 00.000113)	[00.000063,00.001400]
04b_intensity_sampling  	    440	00.302711	(00.000688 +- 00.000097)	[00.000127,00.002206]
05_registration         	    440	01.498903	(00.003407 +- 00.000700)	[00.000716,00.013003]
06_map                  	    440	00.335319	(00.000762 +- 00.000080)	[00.000113,00.001701]
07_imu_opt              	    440	00.563035	(00.001280 +- 00.000335)	[00.000001,00.003969]
08_publish              	    440	03.768270	(00.008564 +- 00.000901)	[00.000514,00.024065]
step                    	    443	08.291676	(00.018717 +- 00.001762)	[00.003926,00.049405]

INFO  Timings:
SM Timing
-----------
00_conversion_livox     	    445	04.796058	(00.010778 +- 00.000301)	[00.008464,00.021490]
01_filter               	    444	00.123456	(00.000278 +- 00.000023)	[00.000122,00.002432]
02_preint               	    442	00.015176	(00.000034 +- 00.000005)	[00.000024,00.000075]
02a_intensity_preprocess	    444	01.137407	(00.002562 +- 00.000191)	[00.000791,00.006728]
03_undistortion         	    442	00.294723	(00.000667 +- 00.000106)	[00.000134,00.003404]
04_sampling             	    441	00.209269	(00.000475 +- 00.000111)	[00.000063,00.001400]
04b_intensity_sampling  	    441	00.303075	(00.000687 +- 00.000093)	[00.000127,00.002206]
05_registration         	    441	01.500566	(00.003403 +- 00.000699)	[00.000716,00.013003]
06_map                  	    441	00.335692	(00.000761 +- 00.000076)	[00.000113,00.001701]
07_imu_opt              	    441	00.564114	(00.001279 +- 00.000335)	[00.000001,00.003969]
08_publish              	    441	03.770658	(00.008550 +- 00.000878)	[00.000514,00.024065]
step                    	    444	08.299692	(00.018693 +- 00.001710)	[00.003926,00.049405]

INFO  Timings:
SM Timing
-----------
00_conversion_livox     	    446	04.805256	(00.010774 +- 00.000306)	[00.008464,00.021490]
01_filter               	    445	00.123614	(00.000278 +- 00.000023)	[00.000122,00.002432]
02_preint               	    443	00.015213	(00.000034 +- 00.000005)	[00.000024,00.000075]
02a_intensity_preprocess	    445	01.138613	(00.002559 +- 00.000188)	[00.000791,00.006728]
03_undistortion         	    443	00.294968	(00.000666 +- 00.000105)	[00.000134,00.003404]
04_sampling             	    442	00.209474	(00.000474 +- 00.000109)	[00.000063,00.001400]
04b_intensity_sampling  	    442	00.303440	(00.000687 +- 00.000090)	[00.000127,00.002206]
05_registration         	    442	01.502377	(00.003399 +- 00.000699)	[00.000716,00.013003]
06_map                  	    442	00.336048	(00.000760 +- 00.000074)	[00.000113,00.001701]
07_imu_opt              	    442	00.565203	(00.001279 +- 00.000334)	[00.000001,00.003969]
08_publish              	    442	03.772828	(00.008536 +- 00.000871)	[00.000514,00.024065]
step                    	    445	08.307404	(00.018668 +- 00.001685)	[00.003926,00.049405]

INFO  Timings:
SM Timing
-----------
00_conversion_livox     	    447	04.814605	(00.010771 +- 00.000308)	[00.008464,00.021490]
01_filter               	    446	00.123794	(00.000278 +- 00.000023)	[00.000122,00.002432]
02_preint               	    444	00.015251	(00.000034 +- 00.000005)	[00.000024,00.000075]
02a_intensity_preprocess	    446	01.139818	(00.002556 +- 00.000187)	[00.000791,00.006728]
03_undistortion         	    444	00.295196	(00.000665 +- 00.000105)	[00.000134,00.003404]
04_sampling             	    443	00.209640	(00.000473 +- 00.000107)	[00.000063,00.001400]
04b_intensity_sampling  	    443	00.303676	(00.000685 +- 00.000090)	[00.000127,00.002206]
05_registration         	    443	01.503579	(00.003394 +- 00.000697)	[00.000716,00.013003]
06_map                  	    443	00.336466	(00.000760 +- 00.000070)	[00.000113,00.001701]
07_imu_opt              	    443	00.566273	(00.001278 +- 00.000336)	[00.000001,00.003969]
08_publish              	    443	03.774803	(00.008521 +- 00.000875)	[00.000514,00.024065]
step                    	    446	08.314162	(00.018642 +- 00.001686)	[00.003926,00.049405]

INFO  Timings:
SM Timing
-----------
00_conversion_livox     	    448	04.823763	(00.010767 +- 00.000311)	[00.008464,00.021490]
01_filter               	    447	00.123931	(00.000277 +- 00.000023)	[00.000122,00.002432]
02_preint               	    445	00.015288	(00.000034 +- 00.000005)	[00.000024,00.000075]
02a_intensity_preprocess	    447	01.140969	(00.002553 +- 00.000189)	[00.000791,00.006728]
03_undistortion         	    445	00.295411	(00.000664 +- 00.000106)	[00.000134,00.003404]
04_sampling             	    444	00.209798	(00.000473 +- 00.000109)	[00.000063,00.001400]
04b_intensity_sampling  	    444	00.303962	(00.000685 +- 00.000090)	[00.000127,00.002206]
05_registration         	    444	01.506003	(00.003392 +- 00.000701)	[00.000716,00.013003]
06_map                  	    444	00.336784	(00.000759 +- 00.000069)	[00.000113,00.001701]
07_imu_opt              	    444	00.567328	(00.001278 +- 00.000336)	[00.000001,00.003969]
08_publish              	    444	03.776608	(00.008506 +- 00.000893)	[00.000514,00.024065]
step                    	    447	08.321795	(00.018617 +- 00.001687)	[00.003926,00.049405]

INFO  Timings:
SM Timing
-----------
00_conversion_livox     	    449	04.832968	(00.010764 +- 00.000309)	[00.008464,00.021490]
01_filter               	    448	00.124087	(00.000277 +- 00.000024)	[00.000122,00.002432]
02_preint               	    446	00.015325	(00.000034 +- 00.000005)	[00.000024,00.000075]
02a_intensity_preprocess	    448	01.142063	(00.002549 +- 00.000193)	[00.000791,00.006728]
03_undistortion         	    446	00.295630	(00.000663 +- 00.000107)	[00.000134,00.003404]
04_sampling             	    445	00.209920	(00.000472 +- 00.000110)	[00.000063,00.001400]
04b_intensity_sampling  	    445	00.304236	(00.000684 +- 00.000090)	[00.000127,00.002206]
05_registration         	    445	01.508334	(00.003390 +- 00.000702)	[00.000716,00.013003]
06_map                  	    445	00.337095	(00.000758 +- 00.000069)	[00.000113,00.001701]
07_imu_opt              	    445	00.568365	(00.001277 +- 00.000335)	[00.000001,00.003969]
08_publish              	    445	03.778439	(00.008491 +- 00.000912)	[00.000514,00.024065]
step                    	    448	08.329265	(00.018592 +- 00.001702)	[00.003926,00.049405]

INFO  Timings:
SM Timing
-----------
00_conversion_livox     	    450	04.842004	(00.010760 +- 00.000318)	[00.008464,00.021490]
01_filter               	    449	00.124233	(00.000277 +- 00.000024)	[00.000122,00.002432]
02_preint               	    447	00.015352	(00.000034 +- 00.000005)	[00.000024,00.000075]
02a_intensity_preprocess	    449	01.143126	(00.002546 +- 00.000198)	[00.000791,00.006728]
03_undistortion         	    447	00.295858	(00.000662 +- 00.000108)	[00.000134,00.003404]
04_sampling             	    446	00.210075	(00.000471 +- 00.000110)	[00.000063,00.001400]
04b_intensity_sampling  	    446	00.304505	(00.000683 +- 00.000092)	[00.000127,00.002206]
05_registration         	    446	01.509329	(00.003384 +- 00.000702)	[00.000716,00.013003]
06_map                  	    446	00.337452	(00.000757 +- 00.000067)	[00.000113,00.001701]
07_imu_opt              	    446	00.569424	(00.001277 +- 00.000335)	[00.000001,00.003969]
08_publish              	    446	03.780095	(00.008476 +- 00.000934)	[00.000514,00.024065]
step                    	    449	08.335273	(00.018564 +- 00.001742)	[00.003926,00.049405]

INFO  Timings:
SM Timing
-----------
00_conversion_livox     	    451	04.851733	(00.010758 +- 00.000318)	[00.008464,00.021490]
01_filter               	    450	00.124374	(00.000276 +- 00.000025)	[00.000122,00.002432]
02_preint               	    448	00.015389	(00.000034 +- 00.000005)	[00.000024,00.000075]
02a_intensity_preprocess	    450	01.144161	(00.002543 +- 00.000204)	[00.000791,00.006728]
03_undistortion         	    448	00.296052	(00.000661 +- 00.000110)	[00.000134,00.003404]
04_sampling             	    447	00.210188	(00.000470 +- 00.000112)	[00.000063,00.001400]
04b_intensity_sampling  	    447	00.304773	(00.000682 +- 00.000093)	[00.000127,00.002206]
05_registration         	    447	01.510342	(00.003379 +- 00.000703)	[00.000716,00.013003]
06_map                  	    447	00.337699	(00.000755 +- 00.000070)	[00.000113,00.001701]
07_imu_opt              	    447	00.570467	(00.001276 +- 00.000338)	[00.000001,00.003969]
08_publish              	    447	03.781425	(00.008460 +- 00.000964)	[00.000514,00.024065]
step                    	    450	08.340763	(00.018535 +- 00.001843)	[00.003926,00.049405]

INFO  Timings:
SM Timing
-----------
00_conversion_livox     	    452	04.860857	(00.010754 +- 00.000326)	[00.008464,00.021490]
01_filter               	    451	00.124521	(00.000276 +- 00.000026)	[00.000122,00.002432]
02_preint               	    449	00.015418	(00.000034 +- 00.000005)	[00.000024,00.000075]
02a_intensity_preprocess	    451	01.145147	(00.002539 +- 00.000212)	[00.000791,00.006728]
03_undistortion         	    449	00.296280	(00.000660 +- 00.000107)	[00.000134,00.003404]
04_sampling             	    448	00.210312	(00.000469 +- 00.000114)	[00.000063,00.001400]
04b_intensity_sampling  	    448	00.305014	(00.000681 +- 00.000095)	[00.000127,00.002206]
05_registration         	    448	01.511413	(00.003374 +- 00.000706)	[00.000716,00.013003]
06_map                  	    448	00.338028	(00.000755 +- 00.000071)	[00.000113,00.001701]
07_imu_opt              	    448	00.571555	(00.001276 +- 00.000318)	[00.000001,00.003969]
08_publish              	    448	03.782637	(00.008443 +- 00.000997)	[00.000514,00.024065]
step                    	    451	08.346272	(00.018506 +- 00.001930)	[00.003926,00.049405]

INFO  Timings:
SM Timing
-----------
00_conversion_livox     	    453	04.870543	(00.010752 +- 00.000326)	[00.008464,00.021490]
01_filter               	    452	00.124664	(00.000276 +- 00.000027)	[00.000122,00.002432]
02_preint               	    450	00.015454	(00.000034 +- 00.000005)	[00.000024,00.000075]
02a_intensity_preprocess	    452	01.146147	(00.002536 +- 00.000220)	[00.000791,00.006728]
03_undistortion         	    450	00.296484	(00.000659 +- 00.000107)	[00.000134,00.003404]
04_sampling             	    449	00.210438	(00.000469 +- 00.000116)	[00.000063,00.001400]
04b_intensity_sampling  	    449	00.305305	(00.000680 +- 00.000096)	[00.000127,00.002206]
05_registration         	    449	01.512475	(00.003369 +- 00.000711)	[00.000716,00.013003]
06_map                  	    449	00.338267	(00.000753 +- 00.000073)	[00.000113,00.001701]
07_imu_opt              	    449	00.572632	(00.001275 +- 00.000299)	[00.000001,00.003969]
08_publish              	    449	03.783820	(00.008427 +- 00.001033)	[00.000514,00.024065]
step                    	    452	08.351689	(00.018477 +- 00.002017)	[00.003926,00.049405]

INFO  Timings:
SM Timing
-----------
00_conversion_livox     	    454	04.879842	(00.010749 +- 00.000323)	[00.008464,00.021490]
01_filter               	    453	00.124854	(00.000276 +- 00.000026)	[00.000122,00.002432]
02_preint               	    451	00.015484	(00.000034 +- 00.000005)	[00.000024,00.000075]
02a_intensity_preprocess	    453	01.147142	(00.002532 +- 00.000230)	[00.000791,00.006728]
03_undistortion         	    451	00.296691	(00.000658 +- 00.000108)	[00.000134,00.003404]
04_sampling             	    450	00.210548	(00.000468 +- 00.000117)	[00.000063,00.001400]
04b_intensity_sampling  	    450	00.305518	(00.000679 +- 00.000099)	[00.000127,00.002206]
05_registration         	    450	01.514508	(00.003366 +- 00.000712)	[00.000716,00.013003]
06_map                  	    450	00.338515	(00.000752 +- 00.000076)	[00.000113,00.001701]
07_imu_opt              	    450	00.573952	(00.001275 +- 00.000299)	[00.000001,00.003969]
08_publish              	    450	03.785071	(00.008411 +- 00.001067)	[00.000514,00.024065]
step                    	    453	08.358358	(00.018451 +- 00.002052)	[00.003926,00.049405]

INFO  Timings:
SM Timing
-----------
00_conversion_livox     	    455	04.889572	(00.010746 +- 00.000300)	[00.008464,00.021490]
01_filter               	    454	00.125002	(00.000275 +- 00.000027)	[00.000122,00.002432]
02_preint               	    452	00.015519	(00.000034 +- 00.000005)	[00.000024,00.000075]
02a_intensity_preprocess	    454	01.148184	(00.002529 +- 00.000237)	[00.000791,00.006728]
03_undistortion         	    452	00.296872	(00.000657 +- 00.000110)	[00.000134,00.003404]
04_sampling             	    451	00.210646	(00.000467 +- 00.000120)	[00.000063,00.001400]
04b_intensity_sampling  	    451	00.305782	(00.000678 +- 00.000100)	[00.000127,00.002206]
05_registration         	    451	01.516920	(00.003363 +- 00.000712)	[00.000716,00.013003]
06_map                  	    451	00.338773	(00.000751 +- 00.000079)	[00.000113,00.001701]
07_imu_opt              	    451	00.575314	(00.001276 +- 00.000299)	[00.000001,00.003969]
08_publish              	    451	03.786416	(00.008396 +- 00.001099)	[00.000514,00.024065]
step                    	    454	08.365563	(00.018426 +- 00.002072)	[00.003926,00.049405]

INFO  Timings:
SM Timing
-----------
00_conversion_livox     	    456	04.899113	(00.010744 +- 00.000277)	[00.008464,00.021490]
01_filter               	    455	00.125153	(00.000275 +- 00.000028)	[00.000122,00.002432]
02_preint               	    453	00.015556	(00.000034 +- 00.000005)	[00.000024,00.000075]
02a_intensity_preprocess	    455	01.149257	(00.002526 +- 00.000243)	[00.000791,00.006728]
03_undistortion         	    453	00.297077	(00.000656 +- 00.000111)	[00.000134,00.003404]
04_sampling             	    452	00.210757	(00.000466 +- 00.000122)	[00.000063,00.001400]
04b_intensity_sampling  	    452	00.306041	(00.000677 +- 00.000101)	[00.000127,00.002206]
05_registration         	    452	01.517919	(00.003358 +- 00.000723)	[00.000716,00.013003]
06_map                  	    452	00.339041	(00.000750 +- 00.000081)	[00.000113,00.001701]
07_imu_opt              	    452	00.576420	(00.001275 +- 00.000300)	[00.000001,00.003969]
08_publish              	    452	03.787830	(00.008380 +- 00.001128)	[00.000514,00.024065]
step                    	    455	08.371245	(00.018398 +- 00.002140)	[00.003926,00.049405]

INFO  Timings:
SM Timing
-----------
00_conversion_livox     	    457	04.909248	(00.010742 +- 00.000271)	[00.008464,00.021490]
01_filter               	    456	00.125312	(00.000275 +- 00.000028)	[00.000122,00.002432]
02_preint               	    454	00.015588	(00.000034 +- 00.000005)	[00.000024,00.000075]
02a_intensity_preprocess	    456	01.150335	(00.002523 +- 00.000248)	[00.000791,00.006728]
03_undistortion         	    454	00.297278	(00.000655 +- 00.000112)	[00.000134,00.003404]
04_sampling             	    453	00.210882	(00.000466 +- 00.000123)	[00.000063,00.001400]
04b_intensity_sampling  	    453	00.306327	(00.000676 +- 00.000102)	[00.000127,00.002206]
05_registration         	    453	01.519543	(00.003354 +- 00.000718)	[00.000716,00.013003]
06_map                  	    453	00.339288	(00.000749 +- 00.000083)	[00.000113,00.001701]
07_imu_opt              	    453	00.577525	(00.001275 +- 00.000300)	[00.000001,00.003969]
08_publish              	    453	03.789455	(00.008365 +- 00.001149)	[00.000514,00.024065]
step                    	    456	08.377767	(00.018372 +- 00.002176)	[00.003926,00.049405]

INFO  Timings:
SM Timing
-----------
00_conversion_livox     	    458	04.918611	(00.010739 +- 00.000268)	[00.008464,00.021490]
01_filter               	    457	00.125464	(00.000275 +- 00.000028)	[00.000122,00.002432]
02_preint               	    455	00.015618	(00.000034 +- 00.000005)	[00.000024,00.000075]
02a_intensity_preprocess	    457	01.151453	(00.002520 +- 00.000252)	[00.000791,00.006728]
03_undistortion         	    455	00.297481	(00.000654 +- 00.000113)	[00.000134,00.003404]
04_sampling             	    454	00.211006	(00.000465 +- 00.000125)	[00.000063,00.001400]
04b_intensity_sampling  	    454	00.306607	(00.000675 +- 00.000103)	[00.000127,00.002206]
05_registration         	    454	01.521177	(00.003351 +- 00.000714)	[00.000716,00.013003]
06_map                  	    454	00.339611	(00.000748 +- 00.000084)	[00.000113,00.001701]
07_imu_opt              	    454	00.578581	(00.001274 +- 00.000276)	[00.000001,00.003969]
08_publish              	    454	03.791256	(00.008351 +- 00.001164)	[00.000514,00.024065]
step                    	    457	08.384540	(00.018347 +- 00.002208)	[00.003926,00.049405]

INFO  Timings:
SM Timing
-----------
00_conversion_livox     	    459	04.928708	(00.010738 +- 00.000277)	[00.008464,00.021490]
01_filter               	    458	00.125636	(00.000274 +- 00.000028)	[00.000122,00.002432]
02_preint               	    456	00.015648	(00.000034 +- 00.000005)	[00.000024,00.000075]
02a_intensity_preprocess	    458	01.152597	(00.002517 +- 00.000255)	[00.000791,00.006728]
03_undistortion         	    456	00.297728	(00.000653 +- 00.000114)	[00.000134,00.003404]
04_sampling             	    455	00.211216	(00.000464 +- 00.000125)	[00.000063,00.001400]
04b_intensity_sampling  	    455	00.306886	(00.000674 +- 00.000104)	[00.000127,00.002206]
05_registration         	    455	01.522241	(00.003346 +- 00.000718)	[00.000716,00.013003]
06_map                  	    455	00.339957	(00.000747 +- 00.000085)	[00.000113,00.001701]
07_imu_opt              	    455	00.579650	(00.001274 +- 00.000247)	[00.000001,00.003969]
08_publish              	    455	03.793196	(00.008337 +- 00.001176)	[00.000514,00.024065]
step                    	    458	08.391104	(00.018321 +- 00.002244)	[00.003926,00.049405]

INFO  Timings:
SM Timing
-----------
00_conversion_livox     	    460	04.937942	(00.010735 +- 00.000280)	[00.008464,00.021490]
01_filter               	    459	00.125793	(00.000274 +- 00.000028)	[00.000122,00.002432]
02_preint               	    457	00.015683	(00.000034 +- 00.000005)	[00.000024,00.000075]
02a_intensity_preprocess	    459	01.153681	(00.002513 +- 00.000260)	[00.000791,00.006728]
03_undistortion         	    457	00.298138	(00.000652 +- 00.000112)	[00.000134,00.003404]
04_sampling             	    456	00.211364	(00.000464 +- 00.000126)	[00.000063,00.001400]
04b_intensity_sampling  	    456	00.307206	(00.000674 +- 00.000105)	[00.000127,00.002206]
05_registration         	    456	01.523593	(00.003341 +- 00.000722)	[00.000716,00.013003]
06_map                  	    456	00.340276	(00.000746 +- 00.000085)	[00.000113,00.001701]
07_imu_opt              	    456	00.580677	(00.001273 +- 00.000249)	[00.000001,00.003969]
08_publish              	    456	03.795088	(00.008323 +- 00.001190)	[00.000514,00.024065]
step                    	    459	08.397946	(00.018296 +- 00.002273)	[00.003926,00.049405]

INFO  Timings:
SM Timing
-----------
00_conversion_livox     	    461	04.947764	(00.010733 +- 00.000279)	[00.008464,00.021490]
01_filter               	    460	00.125943	(00.000274 +- 00.000029)	[00.000122,00.002432]
02_preint               	    458	00.015719	(00.000034 +- 00.000005)	[00.000024,00.000075]
02a_intensity_preprocess	    460	01.154796	(00.002510 +- 00.000263)	[00.000791,00.006728]
03_undistortion         	    458	00.298372	(00.000651 +- 00.000113)	[00.000134,00.003404]
04_sampling             	    457	00.211520	(00.000463 +- 00.000127)	[00.000063,00.001400]
04b_intensity_sampling  	    457	00.307681	(00.000673 +- 00.000105)	[00.000127,00.002206]
05_registration         	    457	01.525381	(00.003338 +- 00.000722)	[00.000716,00.013003]
06_map                  	    457	00.340577	(00.000745 +- 00.000086)	[00.000113,00.001701]
07_imu_opt              	    457	00.581747	(00.001273 +- 00.000249)	[00.000001,00.003969]
08_publish              	    457	03.796950	(00.008308 +- 00.001204)	[00.000514,00.024065]
step                    	    460	08.405191	(00.018272 +- 00.002292)	[00.003926,00.049405]

INFO  Timings:
SM Timing
-----------
00_conversion_livox     	    462	04.957212	(00.010730 +- 00.000280)	[00.008464,00.021490]
01_filter               	    461	00.126103	(00.000274 +- 00.000029)	[00.000122,00.002432]
02_preint               	    459	00.015750	(00.000034 +- 00.000005)	[00.000024,00.000075]
02a_intensity_preprocess	    461	01.155926	(00.002507 +- 00.000265)	[00.000791,00.006728]
03_undistortion         	    459	00.298568	(00.000650 +- 00.000114)	[00.000134,00.003404]
04_sampling             	    458	00.211654	(00.000462 +- 00.000127)	[00.000063,00.001400]
04b_intensity_sampling  	    458	00.307944	(00.000672 +- 00.000107)	[00.000127,00.002206]
05_registration         	    458	01.526925	(00.003334 +- 00.000723)	[00.000716,00.013003]
06_map                  	    458	00.340798	(00.000744 +- 00.000089)	[00.000113,00.001701]
07_imu_opt              	    458	00.582882	(00.001273 +- 00.000249)	[00.000001,00.003969]
08_publish              	    458	03.798690	(00.008294 +- 00.001211)	[00.000514,00.024065]
step                    	    461	08.411783	(00.018247 +- 00.002315)	[00.003926,00.049405]

INFO  Timings:
SM Timing
-----------
00_conversion_livox     	    463	04.967353	(00.010729 +- 00.000290)	[00.008464,00.021490]
01_filter               	    462	00.126258	(00.000273 +- 00.000028)	[00.000122,00.002432]
02_preint               	    460	00.015777	(00.000034 +- 00.000005)	[00.000024,00.000075]
02a_intensity_preprocess	    462	01.157029	(00.002504 +- 00.000265)	[00.000791,00.006728]
03_undistortion         	    460	00.298777	(00.000650 +- 00.000115)	[00.000134,00.003404]
04_sampling             	    459	00.211782	(00.000461 +- 00.000128)	[00.000063,00.001400]
04b_intensity_sampling  	    459	00.308234	(00.000672 +- 00.000107)	[00.000127,00.002206]
05_registration         	    459	01.528685	(00.003330 +- 00.000723)	[00.000716,00.013003]
06_map                  	    459	00.341125	(00.000743 +- 00.000089)	[00.000113,00.001701]
07_imu_opt              	    459	00.583950	(00.001272 +- 00.000249)	[00.000001,00.003969]
08_publish              	    459	03.800643	(00.008280 +- 00.001202)	[00.000514,00.024065]
step                    	    462	08.418860	(00.018223 +- 00.002310)	[00.003926,00.049405]

INFO  Timings:
SM Timing
-----------
00_conversion_livox     	    464	04.976550	(00.010725 +- 00.000295)	[00.008464,00.021490]
01_filter               	    463	00.126422	(00.000273 +- 00.000028)	[00.000122,00.002432]
02_preint               	    461	00.015814	(00.000034 +- 00.000005)	[00.000024,00.000075]
02a_intensity_preprocess	    463	01.158173	(00.002501 +- 00.000262)	[00.000791,00.006728]
03_undistortion         	    461	00.299002	(00.000649 +- 00.000114)	[00.000134,00.003404]
04_sampling             	    460	00.211973	(00.000461 +- 00.000129)	[00.000063,00.001400]
04b_intensity_sampling  	    460	00.308517	(00.000671 +- 00.000108)	[00.000127,00.002206]
05_registration         	    460	01.529803	(00.003326 +- 00.000730)	[00.000716,00.013003]
06_map                  	    460	00.341420	(00.000742 +- 00.000089)	[00.000113,00.001701]
07_imu_opt              	    460	00.585150	(00.001272 +- 00.000226)	[00.000001,00.003969]
08_publish              	    460	03.802773	(00.008267 +- 00.001182)	[00.000514,00.024065]
step                    	    463	08.425708	(00.018198 +- 00.002294)	[00.003926,00.049405]

INFO  Timings:
SM Timing
-----------
00_conversion_livox     	    465	04.986002	(00.010723 +- 00.000294)	[00.008464,00.021490]
01_filter               	    464	00.126586	(00.000273 +- 00.000028)	[00.000122,00.002432]
02_preint               	    462	00.015840	(00.000034 +- 00.000005)	[00.000024,00.000075]
02a_intensity_preprocess	    464	01.159522	(00.002499 +- 00.000259)	[00.000791,00.006728]
03_undistortion         	    462	00.299332	(00.000648 +- 00.000098)	[00.000134,00.003404]
04_sampling             	    461	00.212214	(00.000460 +- 00.000083)	[00.000063,00.001400]
04b_intensity_sampling  	    461	00.308905	(00.000670 +- 00.000087)	[00.000127,00.002206]
05_registration         	    461	01.532827	(00.003325 +- 00.000747)	[00.000716,00.013003]
06_map                  	    461	00.341872	(00.000742 +- 00.000086)	[00.000113,00.001701]
07_imu_opt              	    461	00.587196	(00.001274 +- 00.000238)	[00.000001,00.003969]
08_publish              	    461	03.805798	(00.008256 +- 00.001154)	[00.000514,00.024065]
step                    	    464	08.436824	(00.018183 +- 00.002232)	[00.003926,00.049405]

INFO  Timings:
SM Timing
-----------
00_conversion_livox     	    466	04.995704	(00.010720 +- 00.000293)	[00.008464,00.021490]
01_filter               	    465	00.126832	(00.000273 +- 00.000029)	[00.000122,00.002432]
02_preint               	    463	00.015866	(00.000034 +- 00.000005)	[00.000024,00.000075]
02a_intensity_preprocess	    465	01.161139	(00.002497 +- 00.000254)	[00.000791,00.006728]
03_undistortion         	    463	00.299733	(00.000647 +- 00.000091)	[00.000134,00.003404]
04_sampling             	    462	00.212617	(00.000460 +- 00.000086)	[00.000063,00.001400]
04b_intensity_sampling  	    462	00.309405	(00.000670 +- 00.000086)	[00.000127,00.002206]
05_registration         	    462	01.534362	(00.003321 +- 00.000738)	[00.000716,00.013003]
06_map                  	    462	00.342382	(00.000741 +- 00.000085)	[00.000113,00.001701]
07_imu_opt              	    462	00.588650	(00.001274 +- 00.000240)	[00.000001,00.003969]
08_publish              	    462	03.810168	(00.008247 +- 00.001132)	[00.000514,00.024065]
step                    	    465	08.447953	(00.018168 +- 00.002175)	[00.003926,00.049405]

INFO  Timings:
SM Timing
-----------
00_conversion_livox     	    467	05.005047	(00.010717 +- 00.000295)	[00.008464,00.021490]
01_filter               	    466	00.127044	(00.000273 +- 00.000029)	[00.000122,00.002432]
02_preint               	    464	00.015893	(00.000034 +- 00.000005)	[00.000024,00.000075]
02a_intensity_preprocess	    466	01.162975	(00.002496 +- 00.000253)	[00.000791,00.006728]
03_undistortion         	    464	00.300130	(00.000647 +- 00.000086)	[00.000134,00.003404]
04_sampling             	    463	00.212961	(00.000460 +- 00.000084)	[00.000063,00.001400]
04b_intensity_sampling  	    463	00.310072	(00.000670 +- 00.000096)	[00.000127,00.002206]
05_registration         	    463	01.535998	(00.003317 +- 00.000736)	[00.000716,00.013003]
06_map                  	    463	00.342864	(00.000741 +- 00.000083)	[00.000113,00.001701]
07_imu_opt              	    463	00.589755	(00.001274 +- 00.000240)	[00.000001,00.003969]
08_publish              	    463	03.815789	(00.008241 +- 00.001164)	[00.000514,00.024065]
step                    	    466	08.460326	(00.018155 +- 00.002201)	[00.003926,00.049405]

INFO  Timings:
SM Timing
-----------
00_conversion_livox     	    468	05.014360	(00.010714 +- 00.000295)	[00.008464,00.021490]
01_filter               	    467	00.127283	(00.000273 +- 00.000030)	[00.000122,00.002432]
02_preint               	    465	00.015919	(00.000034 +- 00.000005)	[00.000024,00.000075]
02a_intensity_preprocess	    467	01.165019	(00.002495 +- 00.000268)	[00.000791,00.006728]
03_undistortion         	    465	00.300641	(00.000647 +- 00.000087)	[00.000134,00.003404]
04_sampling             	    464	00.213340	(00.000460 +- 00.000086)	[00.000063,00.001400]
04b_intensity_sampling  	    464	00.310682	(00.000670 +- 00.000101)	[00.000127,00.002206]
05_registration         	    464	01.537750	(00.003314 +- 00.000736)	[00.000716,00.013003]
06_map                  	    464	00.343485	(00.000740 +- 00.000089)	[00.000113,00.001701]
07_imu_opt              	    464	00.591132	(00.001274 +- 00.000241)	[00.000001,00.003969]
08_publish              	    464	03.822013	(00.008237 +- 00.001226)	[00.000514,00.024065]
step                    	    467	08.474181	(00.018146 +- 00.002278)	[00.003926,00.049405]

INFO  Timings:
SM Timing
-----------
00_conversion_livox     	    469	05.023960	(00.010712 +- 00.000291)	[00.008464,00.021490]
01_filter               	    468	00.127519	(00.000272 +- 00.000031)	[00.000122,00.002432]
02_preint               	    466	00.015955	(00.000034 +- 00.000005)	[00.000024,00.000075]
02a_intensity_preprocess	    468	01.167123	(00.002494 +- 00.000284)	[00.000791,00.006728]
03_undistortion         	    466	00.301028	(00.000646 +- 00.000083)	[00.000134,00.003404]
04_sampling             	    465	00.213622	(00.000459 +- 00.000086)	[00.000063,00.001400]
04b_intensity_sampling  	    465	00.311190	(00.000669 +- 00.000102)	[00.000127,00.002206]
05_registration         	    465	01.540267	(00.003312 +- 00.000740)	[00.000716,00.013003]
06_map                  	    465	00.344117	(00.000740 +- 00.000095)	[00.000113,00.001701]
07_imu_opt              	    465	00.592479	(00.001274 +- 00.000241)	[00.000001,00.003969]
08_publish              	    465	03.828428	(00.008233 +- 00.001304)	[00.000514,00.024065]
step                    	    468	08.488735	(00.018138 +- 00.002385)	[00.003926,00.049405]

INFO  Timings:
SM Timing
-----------
00_conversion_livox     	    470	05.033648	(00.010710 +- 00.000291)	[00.008464,00.021490]
01_filter               	    469	00.127781	(00.000272 +- 00.000033)	[00.000122,00.002432]
02_preint               	    467	00.015992	(00.000034 +- 00.000005)	[00.000024,00.000075]
02a_intensity_preprocess	    469	01.169122	(00.002493 +- 00.000296)	[00.000791,00.006728]
03_undistortion         	    467	00.301449	(00.000646 +- 00.000085)	[00.000134,00.003404]
04_sampling             	    466	00.214030	(00.000459 +- 00.000089)	[00.000063,00.001400]
04b_intensity_sampling  	    466	00.311732	(00.000669 +- 00.000105)	[00.000127,00.002206]
05_registration         	    466	01.542320	(00.003310 +- 00.000628)	[00.000716,00.013003]
06_map                  	    466	00.344669	(00.000740 +- 00.000097)	[00.000113,00.001701]
07_imu_opt              	    466	00.593962	(00.001275 +- 00.000222)	[00.000001,00.003969]
08_publish              	    466	03.834588	(00.008229 +- 00.001369)	[00.000514,00.024065]
step                    	    469	08.502714	(00.018129 +- 00.002394)	[00.003926,00.049405]

INFO  Timings:
SM Timing
-----------
00_conversion_livox     	    471	05.043292	(00.010708 +- 00.000291)	[00.008464,00.021490]
01_filter               	    470	00.127992	(00.000272 +- 00.000033)	[00.000122,00.002432]
02_preint               	    468	00.016017	(00.000034 +- 00.000005)	[00.000024,00.000075]
02a_intensity_preprocess	    470	01.170991	(00.002491 +- 00.000303)	[00.000791,00.006728]
03_undistortion         	    468	00.301913	(00.000645 +- 00.000088)	[00.000134,00.003404]
04_sampling             	    467	00.214383	(00.000459 +- 00.000091)	[00.000063,00.001400]
04b_intensity_sampling  	    467	00.312286	(00.000669 +- 00.000106)	[00.000127,00.002206]
05_registration         	    467	01.544420	(00.003307 +- 00.000628)	[00.000716,00.013003]
06_map                  	    467	00.345231	(00.000739 +- 00.000099)	[00.000113,00.001701]
07_imu_opt              	    467	00.595560	(00.001275 +- 00.000212)	[00.000001,00.003969]
08_publish              	    467	03.840794	(00.008224 +- 00.001436)	[00.000514,00.024065]
step                    	    470	08.516728	(00.018121 +- 00.002480)	[00.003926,00.049405]

INFO  Timings:
SM Timing
-----------
00_conversion_livox     	    472	05.052937	(00.010705 +- 00.000290)	[00.008464,00.021490]
01_filter               	    471	00.128246	(00.000272 +- 00.000034)	[00.000122,00.002432]
02_preint               	    469	00.016054	(00.000034 +- 00.000005)	[00.000024,00.000075]
02a_intensity_preprocess	    471	01.172533	(00.002489 +- 00.000304)	[00.000791,00.006728]
03_undistortion         	    469	00.302254	(00.000644 +- 00.000088)	[00.000134,00.003404]
04_sampling             	    468	00.214674	(00.000459 +- 00.000091)	[00.000063,00.001400]
04b_intensity_sampling  	    468	00.312720	(00.000668 +- 00.000106)	[00.000127,00.002206]
05_registration         	    468	01.547550	(00.003307 +- 00.000628)	[00.000716,00.013003]
06_map                  	    468	00.345742	(00.000739 +- 00.000100)	[00.000113,00.001701]
07_imu_opt              	    468	00.597589	(00.001277 +- 00.000242)	[00.000001,00.003969]
08_publish              	    468	03.844844	(00.008215 +- 00.001441)	[00.000514,00.024065]
step                    	    471	08.529390	(00.018109 +- 00.002516)	[00.003926,00.049405]

INFO  Timings:
SM Timing
-----------
00_conversion_livox     	    473	05.062542	(00.010703 +- 00.000287)	[00.008464,00.021490]
01_filter               	    472	00.128430	(00.000272 +- 00.000034)	[00.000122,00.002432]
02_preint               	    470	00.016090	(00.000034 +- 00.000005)	[00.000024,00.000075]
02a_intensity_preprocess	    472	01.173864	(00.002487 +- 00.000304)	[00.000791,00.006728]
03_undistortion         	    470	00.302555	(00.000644 +- 00.000088)	[00.000134,00.003404]
04_sampling             	    469	00.214942	(00.000458 +- 00.000091)	[00.000063,00.001400]
04b_intensity_sampling  	    469	00.313126	(00.000668 +- 00.000106)	[00.000127,00.002206]
05_registration         	    469	01.549378	(00.003304 +- 00.000628)	[00.000716,00.013003]
06_map                  	    469	00.346140	(00.000738 +- 00.000100)	[00.000113,00.001701]
07_imu_opt              	    469	00.599227	(00.001278 +- 00.000248)	[00.000001,00.003969]
08_publish              	    469	03.847706	(00.008204 +- 00.001442)	[00.000514,00.024065]
step                    	    472	08.538719	(00.018091 +- 00.002515)	[00.003926,00.049405]

INFO  Timings:
SM Timing
-----------
00_conversion_livox     	    474	05.073347	(00.010703 +- 00.000333)	[00.008464,00.021490]
01_filter               	    473	00.128608	(00.000272 +- 00.000034)	[00.000122,00.002432]
02_preint               	    471	00.016121	(00.000034 +- 00.000005)	[00.000024,00.000075]
02a_intensity_preprocess	    473	01.175039	(00.002484 +- 00.000305)	[00.000791,00.006728]
03_undistortion         	    471	00.302828	(00.000643 +- 00.000088)	[00.000134,00.003404]
04_sampling             	    470	00.215159	(00.000458 +- 00.000091)	[00.000063,00.001400]
04b_intensity_sampling  	    470	00.313482	(00.000667 +- 00.000106)	[00.000127,00.002206]
05_registration         	    470	01.550824	(00.003300 +- 00.000621)	[00.000716,00.013003]
06_map                  	    470	00.346505	(00.000737 +- 00.000100)	[00.000113,00.001701]
07_imu_opt              	    470	00.600417	(00.001277 +- 00.000248)	[00.000001,00.003969]
08_publish              	    470	03.849819	(00.008191 +- 00.001448)	[00.000514,00.024065]
step                    	    473	08.546128	(00.018068 +- 00.002527)	[00.003926,00.049405]

INFO  Timings:
SM Timing
-----------
00_conversion_livox     	    475	05.083218	(00.010702 +- 00.000335)	[00.008464,00.021490]
01_filter               	    474	00.128762	(00.000272 +- 00.000034)	[00.000122,00.002432]
02_preint               	    472	00.016147	(00.000034 +- 00.000005)	[00.000024,00.000075]
02a_intensity_preprocess	    474	01.176168	(00.002481 +- 00.000307)	[00.000791,00.006728]
03_undistortion         	    472	00.303227	(00.000642 +- 00.000088)	[00.000134,00.003404]
04_sampling             	    471	00.215310	(00.000457 +- 00.000092)	[00.000063,00.001400]
04b_intensity_sampling  	    471	00.313780	(00.000666 +- 00.000106)	[00.000127,00.002206]
05_registration         	    471	01.553036	(00.003297 +- 00.000621)	[00.000716,00.013003]
06_map                  	    471	00.346822	(00.000736 +- 00.000101)	[00.000113,00.001701]
07_imu_opt              	    471	00.601818	(00.001278 +- 00.000249)	[00.000001,00.003969]
08_publish              	    471	03.851697	(00.008178 +- 00.001457)	[00.000514,00.024065]
step                    	    474	08.554177	(00.018047 +- 00.002531)	[00.003926,00.049405]

INFO  Timings:
SM Timing
-----------
00_conversion_livox     	    476	05.092546	(00.010699 +- 00.000337)	[00.008464,00.021490]
01_filter               	    475	00.128912	(00.000271 +- 00.000035)	[00.000122,00.002432]
02_preint               	    473	00.016184	(00.000034 +- 00.000005)	[00.000024,00.000075]
02a_intensity_preprocess	    475	01.177279	(00.002478 +- 00.000310)	[00.000791,00.006728]
03_undistortion         	    473	00.303439	(00.000642 +- 00.000089)	[00.000134,00.003404]
04_sampling             	    472	00.215452	(00.000456 +- 00.000093)	[00.000063,00.001400]
04b_intensity_sampling  	    472	00.314040	(00.000665 +- 00.000107)	[00.000127,00.002206]
05_registration         	    472	01.553889	(00.003292 +- 00.000631)	[00.000716,00.013003]
06_map                  	    472	00.347156	(00.000736 +- 00.000101)	[00.000113,00.001701]
07_imu_opt              	    472	00.603174	(00.001278 +- 00.000249)	[00.000001,00.003969]
08_publish              	    472	03.853488	(00.008164 +- 00.001467)	[00.000514,00.024065]
step                    	    475	08.560472	(00.018022 +- 00.002556)	[00.003926,00.049405]

INFO  Timings:
SM Timing
-----------
00_conversion_livox     	    477	05.102295	(00.010697 +- 00.000337)	[00.008464,00.021490]
01_filter               	    476	00.129070	(00.000271 +- 00.000035)	[00.000122,00.002432]
02_preint               	    474	00.016215	(00.000034 +- 00.000005)	[00.000024,00.000075]
02a_intensity_preprocess	    476	01.178424	(00.002476 +- 00.000312)	[00.000791,00.006728]
03_undistortion         	    474	00.303658	(00.000641 +- 00.000090)	[00.000134,00.003404]
04_sampling             	    473	00.215648	(00.000456 +- 00.000093)	[00.000063,00.001400]
04b_intensity_sampling  	    473	00.314323	(00.000665 +- 00.000108)	[00.000127,00.002206]
05_registration         	    473	01.555645	(00.003289 +- 00.000626)	[00.000716,00.013003]
06_map                  	    473	00.347489	(00.000735 +- 00.000102)	[00.000113,00.001701]
07_imu_opt              	    473	00.604269	(00.001278 +- 00.000249)	[00.000001,00.003969]
08_publish              	    473	03.855417	(00.008151 +- 00.001476)	[00.000514,00.024065]
step                    	    476	08.567656	(00.017999 +- 00.002570)	[00.003926,00.049405]

INFO  Timings:
SM Timing
-----------
00_conversion_livox     	    478	05.111661	(00.010694 +- 00.000339)	[00.008464,00.021490]
01_filter               	    477	00.129254	(00.000271 +- 00.000035)	[00.000122,00.002432]
02_preint               	    475	00.016247	(00.000034 +- 00.000004)	[00.000024,00.000075]
02a_intensity_preprocess	    477	01.179600	(00.002473 +- 00.000314)	[00.000791,00.006728]
03_undistortion         	    475	00.303856	(00.000640 +- 00.000091)	[00.000134,00.003404]
04_sampling             	    474	00.215902	(00.000455 +- 00.000093)	[00.000063,00.001400]
04b_intensity_sampling  	    474	00.314596	(00.000664 +- 00.000109)	[00.000127,00.002206]
05_registration         	    474	01.557164	(00.003285 +- 00.000622)	[00.000716,00.013003]
06_map                  	    474	00.347839	(00.000734 +- 00.000101)	[00.000113,00.001701]
07_imu_opt              	    474	00.605907	(00.001278 +- 00.000253)	[00.000001,00.003969]
08_publish              	    474	03.857423	(00.008138 +- 00.001483)	[00.000514,00.024065]
step                    	    477	08.575351	(00.017978 +- 00.002578)	[00.003926,00.049405]

INFO  Timings:
SM Timing
-----------
00_conversion_livox     	    479	05.121495	(00.010692 +- 00.000340)	[00.008464,00.021490]
01_filter               	    478	00.129412	(00.000271 +- 00.000035)	[00.000122,00.002432]
02_preint               	    476	00.016283	(00.000034 +- 00.000004)	[00.000024,00.000075]
02a_intensity_preprocess	    478	01.180805	(00.002470 +- 00.000313)	[00.000791,00.006728]
03_undistortion         	    476	00.304093	(00.000639 +- 00.000092)	[00.000134,00.003404]
04_sampling             	    475	00.216107	(00.000455 +- 00.000090)	[00.000063,00.001400]
04b_intensity_sampling  	    475	00.314923	(00.000663 +- 00.000108)	[00.000127,00.002206]
05_registration         	    475	01.558395	(00.003281 +- 00.000626)	[00.000716,00.013003]
06_map                  	    475	00.348212	(00.000733 +- 00.000101)	[00.000113,00.001701]
07_imu_opt              	    475	00.607255	(00.001278 +- 00.000253)	[00.000001,00.003969]
08_publish              	    475	03.859715	(00.008126 +- 00.001479)	[00.000514,00.024065]
step                    	    478	08.582836	(00.017956 +- 00.002573)	[00.003926,00.049405]

INFO  Timings:
SM Timing
-----------
00_conversion_livox     	    480	05.131760	(00.010691 +- 00.000352)	[00.008464,00.021490]
01_filter               	    479	00.129578	(00.000271 +- 00.000034)	[00.000122,00.002432]
02_preint               	    477	00.016320	(00.000034 +- 00.000004)	[00.000024,00.000075]
02a_intensity_preprocess	    479	01.182089	(00.002468 +- 00.000311)	[00.000791,00.006728]
03_undistortion         	    477	00.304475	(00.000638 +- 00.000090)	[00.000134,00.003404]
04_sampling             	    476	00.216314	(00.000454 +- 00.000088)	[00.000063,00.001400]
04b_intensity_sampling  	    476	00.315363	(00.000663 +- 00.000107)	[00.000127,00.002206]
05_registration         	    476	01.560530	(00.003278 +- 00.000626)	[00.000716,00.013003]
06_map                  	    476	00.348857	(00.000733 +- 00.000106)	[00.000113,00.001701]
07_imu_opt              	    476	00.609115	(00.001280 +- 00.000266)	[00.000001,00.003969]
08_publish              	    476	03.862132	(00.008114 +- 00.001471)	[00.000514,00.024065]
step                    	    479	08.592466	(00.017938 +- 00.002566)	[00.003926,00.049405]

INFO  Timings:
SM Timing
-----------
00_conversion_livox     	    481	05.141848	(00.010690 +- 00.000357)	[00.008464,00.021490]
01_filter               	    480	00.129775	(00.000270 +- 00.000034)	[00.000122,00.002432]
02_preint               	    478	00.016356	(00.000034 +- 00.000004)	[00.000024,00.000075]
02a_intensity_preprocess	    480	01.183332	(00.002465 +- 00.000308)	[00.000791,00.006728]
03_undistortion         	    478	00.304740	(00.000638 +- 00.000089)	[00.000134,00.003404]
04_sampling             	    477	00.216523	(00.000454 +- 00.000086)	[00.000063,00.001400]
04b_intensity_sampling  	    477	00.315669	(00.000662 +- 00.000106)	[00.000127,00.002206]
05_registration         	    477	01.561903	(00.003274 +- 00.000628)	[00.000716,00.013003]
06_map                  	    477	00.349284	(00.000732 +- 00.000105)	[00.000113,00.001701]
07_imu_opt              	    477	00.610658	(00.001280 +- 00.000248)	[00.000001,00.003969]
08_publish              	    477	03.864352	(00.008101 +- 00.001456)	[00.000514,00.024065]
step                    	    480	08.600342	(00.017917 +- 00.002528)	[00.003926,00.049405]

INFO  Timings:
SM Timing
-----------
00_conversion_livox     	    482	05.151994	(00.010689 +- 00.000364)	[00.008464,00.021490]
01_filter               	    481	00.129919	(00.000270 +- 00.000034)	[00.000122,00.002432]
02_preint               	    479	00.016384	(00.000034 +- 00.000004)	[00.000024,00.000075]
02a_intensity_preprocess	    481	01.184526	(00.002463 +- 00.000305)	[00.000791,00.006728]
03_undistortion         	    479	00.304977	(00.000637 +- 00.000089)	[00.000134,00.003404]
04_sampling             	    478	00.216746	(00.000453 +- 00.000084)	[00.000063,00.001400]
04b_intensity_sampling  	    478	00.315931	(00.000661 +- 00.000106)	[00.000127,00.002206]
05_registration         	    478	01.562868	(00.003270 +- 00.000637)	[00.000716,00.013003]
06_map                  	    478	00.349568	(00.000731 +- 00.000105)	[00.000113,00.001701]
07_imu_opt              	    478	00.611771	(00.001280 +- 00.000248)	[00.000001,00.003969]
08_publish              	    478	03.866450	(00.008089 +- 00.001447)	[00.000514,00.024065]
step                    	    481	08.606937	(00.017894 +- 00.002534)	[00.003926,00.049405]

INFO  Timings:
SM Timing
-----------
00_conversion_livox     	    483	05.161449	(00.010686 +- 00.000365)	[00.008464,00.021490]
01_filter               	    482	00.130075	(00.000270 +- 00.000034)	[00.000122,00.002432]
02_preint               	    480	00.016411	(00.000034 +- 00.000004)	[00.000024,00.000075]
02a_intensity_preprocess	    482	01.185703	(00.002460 +- 00.000303)	[00.000791,00.006728]
03_undistortion         	    480	00.305246	(00.000636 +- 00.000089)	[00.000134,00.003404]
04_sampling             	    479	00.216905	(00.000453 +- 00.000084)	[00.000063,00.001400]
04b_intensity_sampling  	    479	00.316215	(00.000660 +- 00.000107)	[00.000127,00.002206]
05_registration         	    479	01.564192	(00.003266 +- 00.000626)	[00.000716,00.013003]
06_map                  	    479	00.349904	(00.000730 +- 00.000105)	[00.000113,00.001701]
07_imu_opt              	    479	00.612855	(00.001279 +- 00.000248)	[00.000001,00.003969]
08_publish              	    479	03.868450	(00.008076 +- 00.001438)	[00.000514,00.024065]
step                    	    482	08.613807	(00.017871 +- 00.002520)	[00.003926,00.049405]

INFO  Timings:
SM Timing
-----------
00_conversion_livox     	    484	05.171410	(00.010685 +- 00.000367)	[00.008464,00.021490]
01_filter               	    483	00.130240	(00.000270 +- 00.000034)	[00.000122,00.002432]
02_preint               	    481	00.016439	(00.000034 +- 00.000004)	[00.000024,00.000075]
02a_intensity_preprocess	    483	01.186795	(00.002457 +- 00.000301)	[00.000791,00.006728]
03_undistortion         	    481	00.305489	(00.000635 +- 00.000089)	[00.000134,00.003404]
04_sampling             	    480	00.217079	(00.000452 +- 00.000084)	[00.000063,00.001400]
04b_intensity_sampling  	    480	00.316516	(00.000659 +- 00.000107)	[00.000127,00.002206]
05_registration         	    480	01.565707	(00.003262 +- 00.000625)	[00.000716,00.013003]
06_map                  	    480	00.350241	(00.000730 +- 00.000105)	[00.000113,00.001701]
07_imu_opt              	    480	00.614046	(00.001279 +- 00.000248)	[00.000001,00.003969]
08_publish              	    480	03.870214	(00.008063 +- 00.001433)	[00.000514,00.024065]
step                    	    483	08.620691	(00.017848 +- 00.002524)	[00.003926,00.049405]

INFO  Timings:
SM Timing
-----------
00_conversion_livox     	    485	05.180873	(00.010682 +- 00.000366)	[00.008464,00.021490]
01_filter               	    484	00.130391	(00.000269 +- 00.000034)	[00.000122,00.002432]
02_preint               	    482	00.016476	(00.000034 +- 00.000004)	[00.000024,00.000075]
02a_intensity_preprocess	    484	01.187841	(00.002454 +- 00.000300)	[00.000791,00.006728]
03_undistortion         	    482	00.305678	(00.000634 +- 00.000090)	[00.000134,00.003404]
04_sampling             	    481	00.217194	(00.000452 +- 00.000084)	[00.000063,00.001400]
04b_intensity_sampling  	    481	00.316781	(00.000659 +- 00.000107)	[00.000127,00.002206]
05_registration         	    481	01.567168	(00.003258 +- 00.000626)	[00.000716,00.013003]
06_map                  	    481	00.350534	(00.000729 +- 00.000104)	[00.000113,00.001701]
07_imu_opt              	    481	00.615457	(00.001280 +- 00.000248)	[00.000001,00.003969]
08_publish              	    481	03.871657	(00.008049 +- 00.001431)	[00.000514,00.024065]
step                    	    484	08.627157	(00.017825 +- 00.002526)	[00.003926,00.049405]

INFO  Timings:
SM Timing
-----------
00_conversion_livox     	    486	05.190505	(00.010680 +- 00.000363)	[00.008464,00.021490]
01_filter               	    485	00.130547	(00.000269 +- 00.000033)	[00.000122,00.002432]
02_preint               	    483	00.016512	(00.000034 +- 00.000004)	[00.000024,00.000075]
02a_intensity_preprocess	    485	01.188833	(00.002451 +- 00.000298)	[00.000791,00.006728]
03_undistortion         	    483	00.305878	(00.000633 +- 00.000090)	[00.000134,00.003404]
04_sampling             	    482	00.217294	(00.000451 +- 00.000084)	[00.000063,00.001400]
04b_intensity_sampling  	    482	00.317011	(00.000658 +- 00.000108)	[00.000127,00.002206]
05_registration         	    482	01.567857	(00.003253 +- 00.000643)	[00.000690,00.013003]
06_map                  	    482	00.350760	(00.000728 +- 00.000106)	[00.000113,00.001701]
07_imu_opt              	    482	00.616777	(00.001280 +- 00.000248)	[00.000001,00.003969]
08_publish              	    482	03.872976	(00.008035 +- 00.001431)	[00.000514,00.024065]
step                    	    485	08.632504	(00.017799 +- 00.002546)	[00.003926,00.049405]

INFO  Timings:
SM Timing
-----------
00_conversion_livox     	    487	05.200271	(00.010678 +- 00.000362)	[00.008464,00.021490]
01_filter               	    486	00.130757	(00.000269 +- 00.000033)	[00.000122,00.002432]
02_preint               	    484	00.016549	(00.000034 +- 00.000004)	[00.000024,00.000075]
02a_intensity_preprocess	    486	01.189924	(00.002448 +- 00.000293)	[00.000791,00.006728]
03_undistortion         	    484	00.306114	(00.000632 +- 00.000091)	[00.000134,00.003404]
04_sampling             	    483	00.217396	(00.000450 +- 00.000085)	[00.000063,00.001400]
04b_intensity_sampling  	    483	00.317231	(00.000657 +- 00.000110)	[00.000127,00.002206]
05_registration         	    483	01.568791	(00.003248 +- 00.000650)	[00.000690,00.013003]
06_map                  	    483	00.350957	(00.000727 +- 00.000109)	[00.000113,00.001701]
07_imu_opt              	    483	00.618002	(00.001280 +- 00.000248)	[00.000001,00.003969]
08_publish              	    483	03.874525	(00.008022 +- 00.001420)	[00.000514,00.024065]
step                    	    486	08.638356	(00.017774 +- 00.002545)	[00.003926,00.049405]

INFO  Timings:
SM Timing
-----------
00_conversion_livox     	    488	05.211424	(00.010679 +- 00.000417)	[00.008464,00.021490]
01_filter               	    487	00.130931	(00.000269 +- 00.000033)	[00.000122,00.002432]
02_preint               	    485	00.016584	(00.000034 +- 00.000004)	[00.000024,00.000075]
02a_intensity_preprocess	    487	01.191122	(00.002446 +- 00.000288)	[00.000791,00.006728]
03_undistortion         	    485	00.306341	(00.000632 +- 00.000091)	[00.000134,00.003404]
04_sampling             	    484	00.217537	(00.000449 +- 00.000085)	[00.000063,00.001400]
04b_intensity_sampling  	    484	00.317641	(00.000656 +- 00.000108)	[00.000127,00.002206]
05_registration         	    484	01.570217	(00.003244 +- 00.000651)	[00.000690,00.013003]
06_map                  	    484	00.351200	(00.000726 +- 00.000110)	[00.000113,00.001701]
07_imu_opt              	    484	00.619794	(00.001281 +- 00.000259)	[00.000001,00.003969]
08_publish              	    484	03.876079	(00.008008 +- 00.001413)	[00.000514,00.024065]
step                    	    487	08.645622	(00.017753 +- 00.002534)	[00.003926,00.049405]

INFO  Timings:
SM Timing
-----------
00_conversion_livox     	    489	05.223219	(00.010681 +- 00.000510)	[00.008464,00.021490]
01_filter               	    488	00.131095	(00.000269 +- 00.000032)	[00.000122,00.002432]
02_preint               	    486	00.016623	(00.000034 +- 00.000004)	[00.000024,00.000075]
02a_intensity_preprocess	    488	01.192325	(00.002443 +- 00.000284)	[00.000791,00.006728]
03_undistortion         	    486	00.306578	(00.000631 +- 00.000084)	[00.000134,00.003404]
04_sampling             	    485	00.217637	(00.000449 +- 00.000084)	[00.000063,00.001400]
04b_intensity_sampling  	    485	00.317870	(00.000655 +- 00.000107)	[00.000127,00.002206]
05_registration         	    485	01.571412	(00.003240 +- 00.000543)	[00.000690,00.013003]
06_map                  	    485	00.351431	(00.000725 +- 00.000110)	[00.000113,00.001701]
07_imu_opt              	    485	00.621114	(00.001281 +- 00.000258)	[00.000001,00.003969]
08_publish              	    485	03.877454	(00.007995 +- 00.001410)	[00.000514,00.024065]
step                    	    488	08.651772	(00.017729 +- 00.002454)	[00.003926,00.049405]

INFO  Timings:
SM Timing
-----------
00_conversion_livox     	    490	05.235212	(00.010684 +- 00.000603)	[00.008464,00.021490]
01_filter               	    489	00.131250	(00.000268 +- 00.000031)	[00.000122,00.002432]
02_preint               	    487	00.016661	(00.000034 +- 00.000004)	[00.000024,00.000075]
02a_intensity_preprocess	    489	01.193432	(00.002441 +- 00.000280)	[00.000791,00.006728]
03_undistortion         	    487	00.306768	(00.000630 +- 00.000084)	[00.000134,00.003404]
04_sampling             	    486	00.217760	(00.000448 +- 00.000082)	[00.000063,00.001400]
04b_intensity_sampling  	    486	00.318105	(00.000655 +- 00.000107)	[00.000127,00.002206]
05_registration         	    486	01.572709	(00.003236 +- 00.000538)	[00.000690,00.013003]
06_map                  	    486	00.351641	(00.000724 +- 00.000111)	[00.000113,00.001701]
07_imu_opt              	    486	00.622639	(00.001281 +- 00.000260)	[00.000001,00.003969]
08_publish              	    486	03.878672	(00.007981 +- 00.001409)	[00.000514,00.024065]
step                    	    489	08.657931	(00.017705 +- 00.002439)	[00.003926,00.049405]

INFO  Timings:
SM Timing
-----------
00_conversion_livox     	    491	05.246180	(00.010685 +- 00.000628)	[00.008464,00.021490]
01_filter               	    490	00.131417	(00.000268 +- 00.000031)	[00.000122,00.002432]
02_preint               	    488	00.016698	(00.000034 +- 00.000004)	[00.000024,00.000075]
02a_intensity_preprocess	    490	01.194497	(00.002438 +- 00.000277)	[00.000791,00.006728]
03_undistortion         	    488	00.307040	(00.000629 +- 00.000084)	[00.000134,00.003404]
04_sampling             	    487	00.217905	(00.000447 +- 00.000082)	[00.000063,00.001400]
04b_intensity_sampling  	    487	00.318367	(00.000654 +- 00.000105)	[00.000127,00.002206]
05_registration         	    487	01.574011	(00.003232 +- 00.000534)	[00.000690,00.013003]
06_map                  	    487	00.351928	(00.000723 +- 00.000111)	[00.000113,00.001701]
07_imu_opt              	    487	00.624519	(00.001282 +- 00.000273)	[00.000001,00.003969]
08_publish              	    487	03.879796	(00.007967 +- 00.001410)	[00.000514,00.024065]
step                    	    490	08.664555	(00.017683 +- 00.002422)	[00.003926,00.049405]

INFO  Timings:
SM Timing
-----------
00_conversion_livox     	    492	05.257113	(00.010685 +- 00.000649)	[00.008464,00.021490]
01_filter               	    491	00.131577	(00.000268 +- 00.000031)	[00.000122,00.002432]
02_preint               	    489	00.016735	(00.000034 +- 00.000004)	[00.000024,00.000075]
02a_intensity_preprocess	    491	01.195539	(00.002435 +- 00.000276)	[00.000791,00.006728]
03_undistortion         	    489	00.307275	(00.000628 +- 00.000084)	[00.000134,00.003404]
04_sampling             	    488	00.218038	(00.000447 +- 00.000082)	[00.000063,00.001400]
04b_intensity_sampling  	    488	00.318663	(00.000653 +- 00.000105)	[00.000127,00.002206]
05_registration         	    488	01.576125	(00.003230 +- 00.000538)	[00.000690,00.013003]
06_map                  	    488	00.352417	(00.000722 +- 00.000111)	[00.000113,00.001701]
07_imu_opt              	    488	00.625684	(00.001282 +- 00.000272)	[00.000001,00.003969]
08_publish              	    488	03.881021	(00.007953 +- 00.001413)	[00.000514,00.024065]
step                    	    491	08.671492	(00.017661 +- 00.002416)	[00.003926,00.049405]

INFO  Timings:
SM Timing
-----------
00_conversion_livox     	    493	05.267193	(00.010684 +- 00.000645)	[00.008464,00.021490]
01_filter               	    492	00.131748	(00.000268 +- 00.000031)	[00.000122,00.002432]
02_preint               	    490	00.016765	(00.000034 +- 00.000004)	[00.000024,00.000075]
02a_intensity_preprocess	    492	01.196572	(00.002432 +- 00.000276)	[00.000791,00.006728]
03_undistortion         	    490	00.307511	(00.000628 +- 00.000084)	[00.000134,00.003404]
04_sampling             	    489	00.218179	(00.000446 +- 00.000081)	[00.000063,00.001400]
04b_intensity_sampling  	    489	00.319101	(00.000653 +- 00.000106)	[00.000127,00.002206]
05_registration         	    489	01.577482	(00.003226 +- 00.000534)	[00.000690,00.013003]
06_map                  	    489	00.352658	(00.000721 +- 00.000113)	[00.000113,00.001701]
07_imu_opt              	    489	00.626775	(00.001282 +- 00.000272)	[00.000001,00.003969]
08_publish              	    489	03.882398	(00.007939 +- 00.001415)	[00.000514,00.024065]
step                    	    492	08.677663	(00.017638 +- 00.002427)	[00.003926,00.049405]

INFO  Timings:
SM Timing
-----------
00_conversion_livox     	    494	05.277062	(00.010682 +- 00.000641)	[00.008464,00.021490]
01_filter               	    493	00.131904	(00.000268 +- 00.000031)	[00.000122,00.002432]
02_preint               	    491	00.016802	(00.000034 +- 00.000004)	[00.000024,00.000075]
02a_intensity_preprocess	    493	01.197628	(00.002429 +- 00.000276)	[00.000791,00.006728]
03_undistortion         	    491	00.307713	(00.000627 +- 00.000084)	[00.000134,00.003404]
04_sampling             	    490	00.218297	(00.000446 +- 00.000081)	[00.000063,00.001400]
04b_intensity_sampling  	    490	00.319301	(00.000652 +- 00.000108)	[00.000127,00.002206]
05_registration         	    490	01.578512	(00.003221 +- 00.000540)	[00.000690,00.013003]
06_map                  	    490	00.352915	(00.000720 +- 00.000113)	[00.000113,00.001701]
07_imu_opt              	    490	00.627853	(00.001281 +- 00.000272)	[00.000001,00.003969]
08_publish              	    490	03.883895	(00.007926 +- 00.001418)	[00.000514,00.024065]
step                    	    493	08.683344	(00.017613 +- 00.002446)	[00.003926,00.049405]

INFO  Timings:
SM Timing
-----------
00_conversion_livox     	    495	05.286660	(00.010680 +- 00.000637)	[00.008464,00.021490]
01_filter               	    494	00.132065	(00.000267 +- 00.000030)	[00.000122,00.002432]
02_preint               	    492	00.016828	(00.000034 +- 00.000004)	[00.000024,00.000075]
02a_intensity_preprocess	    494	01.198646	(00.002426 +- 00.000278)	[00.000791,00.006728]
03_undistortion         	    492	00.307979	(00.000626 +- 00.000081)	[00.000134,00.003404]
04_sampling             	    491	00.218431	(00.000445 +- 00.000081)	[00.000063,00.001400]
04b_intensity_sampling  	    491	00.319599	(00.000651 +- 00.000108)	[00.000127,00.002206]
05_registration         	    491	01.579803	(00.003218 +- 00.000541)	[00.000690,00.013003]
06_map                  	    491	00.353261	(00.000719 +- 00.000113)	[00.000113,00.001701]
07_imu_opt              	    491	00.629400	(00.001282 +- 00.000273)	[00.000001,00.003969]
08_publish              	    491	03.885307	(00.007913 +- 00.001424)	[00.000514,00.024065]
step                    	    494	08.689903	(00.017591 +- 00.002453)	[00.003926,00.049405]

INFO  Timings:
SM Timing
-----------
00_conversion_livox     	    496	05.296381	(00.010678 +- 00.000631)	[00.008464,00.021490]
01_filter               	    495	00.132211	(00.000267 +- 00.000031)	[00.000122,00.002432]
02_preint               	    493	00.016853	(00.000034 +- 00.000004)	[00.000024,00.000075]
02a_intensity_preprocess	    495	01.199654	(00.002424 +- 00.000280)	[00.000791,00.006728]
03_undistortion         	    493	00.308202	(00.000625 +- 00.000081)	[00.000134,00.003404]
04_sampling             	    492	00.218550	(00.000444 +- 00.000082)	[00.000063,00.001400]
04b_intensity_sampling  	    492	00.319863	(00.000650 +- 00.000108)	[00.000127,00.002206]
05_registration         	    492	01.580522	(00.003212 +- 00.000553)	[00.000690,00.013003]
06_map                  	    492	00.353495	(00.000718 +- 00.000115)	[00.000113,00.001701]
07_imu_opt              	    492	00.630431	(00.001281 +- 00.000274)	[00.000001,00.003969]
08_publish              	    492	03.886762	(00.007900 +- 00.001428)	[00.000514,00.024065]
step                    	    495	08.695184	(00.017566 +- 00.002478)	[00.003926,00.049405]

INFO  Timings:
SM Timing
-----------
00_conversion_livox     	    497	05.305600	(00.010675 +- 00.000633)	[00.008464,00.021490]
01_filter               	    496	00.132353	(00.000267 +- 00.000031)	[00.000122,00.002432]
02_preint               	    494	00.016879	(00.000034 +- 00.000004)	[00.000024,00.000075]
02a_intensity_preprocess	    496	01.200708	(00.002421 +- 00.000281)	[00.000791,00.006728]
03_undistortion         	    494	00.308432	(00.000624 +- 00.000081)	[00.000134,00.003404]
04_sampling             	    493	00.218676	(00.000444 +- 00.000082)	[00.000063,00.001400]
04b_intensity_sampling  	    493	00.320140	(00.000649 +- 00.000107)	[00.000127,00.002206]
05_registration         	    493	01.582744	(00.003210 +- 00.000559)	[00.000690,00.013003]
06_map                  	    493	00.353789	(00.000718 +- 00.000114)	[00.000113,00.001701]
07_imu_opt              	    493	00.631479	(00.001281 +- 00.000274)	[00.000001,00.003969]
08_publish              	    493	03.888494	(00.007887 +- 00.001430)	[00.000514,00.024065]
step                    	    496	08.702374	(00.017545 +- 00.002475)	[00.003926,00.049405]

INFO  Timings:
SM Timing
-----------
00_conversion_livox     	    498	05.315149	(00.010673 +- 00.000627)	[00.008464,00.021490]
01_filter               	    497	00.132526	(00.000267 +- 00.000031)	[00.000122,00.002432]
02_preint               	    495	00.016905	(00.000034 +- 00.000005)	[00.000024,00.000075]
02a_intensity_preprocess	    497	01.201849	(00.002418 +- 00.000281)	[00.000791,00.006728]
03_undistortion         	    495	00.308648	(00.000624 +- 00.000081)	[00.000134,00.003404]
04_sampling             	    494	00.218872	(00.000443 +- 00.000082)	[00.000063,00.001400]
04b_intensity_sampling  	    494	00.320386	(00.000649 +- 00.000108)	[00.000127,00.002206]
05_registration         	    494	01.584089	(00.003207 +- 00.000546)	[00.000690,00.013003]
06_map                  	    494	00.354084	(00.000717 +- 00.000115)	[00.000113,00.001701]
07_imu_opt              	    494	00.632515	(00.001280 +- 00.000275)	[00.000001,00.003969]
08_publish              	    494	03.890655	(00.007876 +- 00.001428)	[00.000514,00.024065]
step                    	    497	08.709301	(00.017524 +- 00.002478)	[00.003926,00.049405]

INFO  Timings:
SM Timing
-----------
00_conversion_livox     	    499	05.324538	(00.010670 +- 00.000624)	[00.008464,00.021490]
01_filter               	    498	00.132716	(00.000266 +- 00.000031)	[00.000122,00.002432]
02_preint               	    496	00.016936	(00.000034 +- 00.000004)	[00.000024,00.000075]
02a_intensity_preprocess	    498	01.203120	(00.002416 +- 00.000280)	[00.000791,00.006728]
03_undistortion         	    496	00.309057	(00.000623 +- 00.000083)	[00.000134,00.003404]
04_sampling             	    495	00.219092	(00.000443 +- 00.000082)	[00.000063,00.001400]
04b_intensity_sampling  	    495	00.320765	(00.000648 +- 00.000108)	[00.000127,00.002206]
05_registration         	    495	01.585446	(00.003203 +- 00.000536)	[00.000690,00.013003]
06_map                  	    495	00.354534	(00.000716 +- 00.000115)	[00.000113,00.001701]
07_imu_opt              	    495	00.633592	(00.001280 +- 00.000274)	[00.000001,00.003969]
08_publish              	    495	03.892987	(00.007865 +- 00.001427)	[00.000514,00.024065]
step                    	    498	08.717078	(00.017504 +- 00.002478)	[00.003926,00.049405]

INFO  Timings:
SM Timing
-----------
00_conversion_livox     	    500	05.334459	(00.010669 +- 00.000614)	[00.008464,00.021490]
01_filter               	    499	00.132882	(00.000266 +- 00.000030)	[00.000122,00.002432]
02_preint               	    497	00.016971	(00.000034 +- 00.000004)	[00.000024,00.000075]
02a_intensity_preprocess	    499	01.204382	(00.002414 +- 00.000279)	[00.000791,00.006728]
03_undistortion         	    497	00.309449	(00.000623 +- 00.000085)	[00.000134,00.003404]
04_sampling             	    496	00.219350	(00.000442 +- 00.000082)	[00.000063,00.001400]
04b_intensity_sampling  	    496	00.321134	(00.000647 +- 00.000108)	[00.000127,00.002206]
05_registration         	    496	01.587795	(00.003201 +- 00.000542)	[00.000690,00.013003]
06_map                  	    496	00.354975	(00.000716 +- 00.000116)	[00.000113,00.001701]
07_imu_opt              	    496	00.634646	(00.001280 +- 00.000274)	[00.000001,00.003969]
08_publish              	    496	03.895424	(00.007854 +- 00.001424)	[00.000514,00.024065]
step                    	    499	08.725900	(00.017487 +- 00.002469)	[00.003926,00.049405]

INFO  Timings:
SM Timing
-----------
00_conversion_livox     	    501	05.343974	(00.010667 +- 00.000615)	[00.008464,00.021490]
01_filter               	    500	00.133055	(00.000266 +- 00.000030)	[00.000122,00.002432]
02_preint               	    498	00.016999	(00.000034 +- 00.000004)	[00.000024,00.000075]
02a_intensity_preprocess	    500	01.205625	(00.002411 +- 00.000278)	[00.000791,00.006728]
03_undistortion         	    498	00.309769	(00.000622 +- 00.000084)	[00.000134,00.003404]
04_sampling             	    497	00.219586	(00.000442 +- 00.000082)	[00.000063,00.001400]
04b_intensity_sampling  	    497	00.321476	(00.000647 +- 00.000107)	[00.000127,00.002206]
05_registration         	    497	01.589844	(00.003199 +- 00.000540)	[00.000690,00.013003]
06_map                  	    497	00.355344	(00.000715 +- 00.000115)	[00.000113,00.001701]
07_imu_opt              	    497	00.635680	(00.001279 +- 00.000274)	[00.000001,00.003969]
08_publish              	    497	03.897889	(00.007843 +- 00.001417)	[00.000514,00.024065]
step                    	    500	08.734227	(00.017468 +- 00.002448)	[00.003926,00.049405]

INFO  Timings:
SM Timing
-----------
00_conversion_livox     	    502	05.353830	(00.010665 +- 00.000606)	[00.008464,00.021490]
01_filter               	    501	00.133234	(00.000266 +- 00.000030)	[00.000122,00.002432]
02_preint               	    499	00.017027	(00.000034 +- 00.000004)	[00.000024,00.000075]
02a_intensity_preprocess	    501	01.206839	(00.002409 +- 00.000276)	[00.000791,00.006728]
03_undistortion         	    499	00.310021	(00.000621 +- 00.000084)	[00.000134,00.003404]
04_sampling             	    498	00.219801	(00.000441 +- 00.000081)	[00.000063,00.001400]
04b_intensity_sampling  	    498	00.321771	(00.000646 +- 00.000106)	[00.000127,00.002206]
05_registration         	    498	01.591258	(00.003195 +- 00.000535)	[00.000690,00.013003]
06_map                  	    498	00.355612	(00.000714 +- 00.000116)	[00.000113,00.001701]
07_imu_opt              	    498	00.636767	(00.001279 +- 00.000274)	[00.000001,00.003969]
08_publish              	    498	03.899949	(00.007831 +- 00.001409)	[00.000514,00.024065]
step                    	    501	08.741281	(00.017448 +- 00.002427)	[00.003926,00.049405]

INFO  Timings:
SM Timing
-----------
00_conversion_livox     	    503	05.364004	(00.010664 +- 00.000608)	[00.008464,00.021490]
01_filter               	    502	00.133386	(00.000266 +- 00.000030)	[00.000122,00.002432]
02_preint               	    500	00.017056	(00.000034 +- 00.000004)	[00.000024,00.000075]
02a_intensity_preprocess	    502	01.207940	(00.002406 +- 00.000274)	[00.000791,00.006728]
03_undistortion         	    500	00.310268	(00.000621 +- 00.000083)	[00.000134,00.003404]
04_sampling             	    499	00.219952	(00.000441 +- 00.000081)	[00.000063,00.001400]
04b_intensity_sampling  	    499	00.322042	(00.000645 +- 00.000107)	[00.000127,00.002206]
05_registration         	    499	01.593650	(00.003194 +- 00.000541)	[00.000690,00.013003]
06_map                  	    499	00.355996	(00.000713 +- 00.000115)	[00.000113,00.001701]
07_imu_opt              	    499	00.637858	(00.001278 +- 00.000274)	[00.000001,00.003969]
08_publish              	    499	03.901630	(00.007819 +- 00.001402)	[00.000514,00.024065]
step                    	    502	08.748829	(00.017428 +- 00.002402)	[00.003926,00.049405]

INFO  Timings:
SM Timing
-----------
00_conversion_livox     	    504	05.373760	(00.010662 +- 00.000602)	[00.008464,00.021490]
01_filter               	    503	00.133542	(00.000265 +- 00.000030)	[00.000122,00.002432]
02_preint               	    501	00.017083	(00.000034 +- 00.000005)	[00.000024,00.000075]
02a_intensity_preprocess	    503	01.208953	(00.002403 +- 00.000274)	[00.000791,00.006728]
03_undistortion         	    501	00.310470	(00.000620 +- 00.000084)	[00.000134,00.003404]
04_sampling             	    500	00.220079	(00.000440 +- 00.000081)	[00.000063,00.001400]
04b_intensity_sampling  	    500	00.322311	(00.000645 +- 00.000106)	[00.000127,00.002206]
05_registration         	    500	01.594818	(00.003190 +- 00.000542)	[00.000690,00.013003]
06_map                  	    500	00.356240	(00.000712 +- 00.000115)	[00.000113,00.001701]
07_imu_opt              	    500	00.639347	(00.001279 +- 00.000275)	[00.000001,00.003969]
08_publish              	    500	03.903062	(00.007806 +- 00.001400)	[00.000514,00.024065]
step                    	    503	08.755010	(00.017406 +- 00.002408)	[00.003926,00.049405]

INFO  Timings:
SM Timing
-----------
00_conversion_livox     	    505	05.383513	(00.010660 +- 00.000602)	[00.008464,00.021490]
01_filter               	    504	00.133656	(00.000265 +- 00.000031)	[00.000114,00.002432]
02_preint               	    502	00.017108	(00.000034 +- 00.000005)	[00.000024,00.000075]
02a_intensity_preprocess	    504	01.209928	(00.002401 +- 00.000275)	[00.000791,00.006728]
03_undistortion         	    502	00.310662	(00.000619 +- 00.000083)	[00.000134,00.003404]
04_sampling             	    501	00.220213	(00.000440 +- 00.000080)	[00.000063,00.001400]
04b_intensity_sampling  	    501	00.322591	(00.000644 +- 00.000105)	[00.000127,00.002206]
05_registration         	    501	01.596112	(00.003186 +- 00.000531)	[00.000690,00.013003]
06_map                  	    501	00.356522	(00.000712 +- 00.000114)	[00.000113,00.001701]
07_imu_opt              	    501	00.640377	(00.001278 +- 00.000278)	[00.000001,00.003969]
08_publish              	    501	03.904236	(00.007793 +- 00.001403)	[00.000514,00.024065]
step                    	    504	08.760567	(00.017382 +- 00.002429)	[00.003926,00.049405]

INFO  Timings:
SM Timing
-----------
00_conversion_livox     	    506	05.392721	(00.010658 +- 00.000608)	[00.008464,00.021490]
01_filter               	    505	00.133794	(00.000265 +- 00.000031)	[00.000114,00.002432]
02_preint               	    503	00.017134	(00.000034 +- 00.000005)	[00.000024,00.000075]
02a_intensity_preprocess	    505	01.210836	(00.002398 +- 00.000278)	[00.000791,00.006728]
03_undistortion         	    503	00.310868	(00.000618 +- 00.000083)	[00.000134,00.003404]
04_sampling             	    502	00.220303	(00.000439 +- 00.000081)	[00.000063,00.001400]
04b_intensity_sampling  	    502	00.322788	(00.000643 +- 00.000107)	[00.000127,00.002206]
05_registration         	    502	01.597170	(00.003182 +- 00.000530)	[00.000690,00.013003]
06_map                  	    502	00.356726	(00.000711 +- 00.000116)	[00.000113,00.001701]
07_imu_opt              	    502	00.641404	(00.001278 +- 00.000279)	[00.000001,00.003969]
08_publish              	    502	03.905326	(00.007780 +- 00.001408)	[00.000514,00.024065]
step                    	    505	08.765575	(00.017358 +- 00.002443)	[00.003926,00.049405]

INFO  Timings:
SM Timing
-----------
00_conversion_livox     	    507	05.402093	(00.010655 +- 00.000610)	[00.008464,00.021490]
01_filter               	    506	00.133910	(00.000265 +- 00.000032)	[00.000114,00.002432]
02_preint               	    504	00.017161	(00.000034 +- 00.000005)	[00.000024,00.000075]
02a_intensity_preprocess	    506	01.211748	(00.002395 +- 00.000281)	[00.000791,00.006728]
03_undistortion         	    504	00.311057	(00.000617 +- 00.000084)	[00.000134,00.003404]
04_sampling             	    503	00.220413	(00.000438 +- 00.000081)	[00.000063,00.001400]
04b_intensity_sampling  	    503	00.322976	(00.000642 +- 00.000108)	[00.000127,00.002206]
05_registration         	    503	01.598059	(00.003177 +- 00.000538)	[00.000690,00.013003]
06_map                  	    503	00.356973	(00.000710 +- 00.000116)	[00.000113,00.001701]
07_imu_opt              	    503	00.642423	(00.001277 +- 00.000281)	[00.000001,00.003969]
08_publish              	    503	03.906300	(00.007766 +- 00.001417)	[00.000514,00.024065]
step                    	    506	08.770285	(00.017333 +- 00.002476)	[00.003926,00.049405]

INFO  Timings:
SM Timing
-----------
00_conversion_livox     	    508	05.411335	(00.010652 +- 00.000613)	[00.008464,00.021490]
01_filter               	    507	00.134061	(00.000264 +- 00.000032)	[00.000114,00.002432]
02_preint               	    505	00.017186	(00.000034 +- 00.000005)	[00.000024,00.000075]
02a_intensity_preprocess	    507	01.212638	(00.002392 +- 00.000284)	[00.000791,00.006728]
03_undistortion         	    505	00.311244	(00.000616 +- 00.000084)	[00.000134,00.003404]
04_sampling             	    504	00.220496	(00.000437 +- 00.000082)	[00.000063,00.001400]
04b_intensity_sampling  	    504	00.323176	(00.000641 +- 00.000110)	[00.000127,00.002206]
05_registration         	    504	01.600924	(00.003176 +- 00.000568)	[00.000690,00.013003]
06_map                  	    504	00.357175	(00.000709 +- 00.000118)	[00.000113,00.001701]
07_imu_opt              	    504	00.643732	(00.001277 +- 00.000278)	[00.000001,00.003969]
08_publish              	    504	03.907076	(00.007752 +- 00.001432)	[00.000514,00.024065]
step                    	    507	08.777029	(00.017312 +- 00.002477)	[00.003926,00.049405]

INFO  Timings:
SM Timing
-----------
00_conversion_livox     	    509	05.421166	(00.010651 +- 00.000612)	[00.008464,00.021490]
01_filter               	    508	00.134194	(00.000264 +- 00.000032)	[00.000114,00.002432]
02_preint               	    506	00.017217	(00.000034 +- 00.000005)	[00.000024,00.000075]
02a_intensity_preprocess	    508	01.213530	(00.002389 +- 00.000288)	[00.000791,00.006728]
03_undistortion         	    506	00.311518	(00.000616 +- 00.000084)	[00.000134,00.003404]
04_sampling             	    505	00.220580	(00.000437 +- 00.000083)	[00.000063,00.001400]
04b_intensity_sampling  	    505	00.323332	(00.000640 +- 00.000112)	[00.000127,00.002206]
05_registration         	    505	01.602085	(00.003172 +- 00.000566)	[00.000690,00.013003]
06_map                  	    505	00.357330	(00.000708 +- 00.000121)	[00.000113,00.001701]
07_imu_opt              	    505	00.644894	(00.001277 +- 00.000277)	[00.000001,00.003969]
08_publish              	    505	03.907727	(00.007738 +- 00.001450)	[00.000514,00.024065]
step                    	    508	08.781897	(00.017287 +- 00.002505)	[00.003926,00.049405]

INFO  Timings:
SM Timing
-----------
00_conversion_livox     	    510	05.430600	(00.010648 +- 00.000608)	[00.008464,00.021490]
01_filter               	    509	00.134321	(00.000264 +- 00.000033)	[00.000114,00.002432]
02_preint               	    507	00.017247	(00.000034 +- 00.000005)	[00.000024,00.000075]
02a_intensity_preprocess	    509	01.214405	(00.002386 +- 00.000291)	[00.000791,00.006728]
03_undistortion         	    507	00.311687	(00.000615 +- 00.000083)	[00.000134,00.003404]
04_sampling             	    506	00.220694	(00.000436 +- 00.000084)	[00.000063,00.001400]
04b_intensity_sampling  	    506	00.323530	(00.000639 +- 00.000114)	[00.000127,00.002206]
05_registration         	    506	01.603192	(00.003168 +- 00.000570)	[00.000690,00.013003]
06_map                  	    506	00.357508	(00.000707 +- 00.000123)	[00.000113,00.001701]
07_imu_opt              	    506	00.645934	(00.001277 +- 00.000277)	[00.000001,00.003969]
08_publish              	    506	03.908382	(00.007724 +- 00.001467)	[00.000514,00.024065]
step                    	    509	08.786439	(00.017262 +- 00.002544)	[00.003926,00.049405]

INFO  Timings:
SM Timing
-----------
00_conversion_livox     	    511	05.440142	(00.010646 +- 00.000610)	[00.008464,00.021490]
01_filter               	    510	00.134484	(00.000264 +- 00.000033)	[00.000114,00.002432]
02_preint               	    508	00.017284	(00.000034 +- 00.000005)	[00.000024,00.000075]
02a_intensity_preprocess	    510	01.215298	(00.002383 +- 00.000295)	[00.000791,00.006728]
03_undistortion         	    508	00.311885	(00.000614 +- 00.000083)	[00.000134,00.003404]
04_sampling             	    507	00.221026	(00.000436 +- 00.000086)	[00.000063,00.001400]
04b_intensity_sampling  	    507	00.323765	(00.000639 +- 00.000113)	[00.000127,00.002206]
05_registration         	    507	01.604109	(00.003164 +- 00.000577)	[00.000690,00.013003]
06_map                  	    507	00.357706	(00.000706 +- 00.000125)	[00.000113,00.001701]
07_imu_opt              	    507	00.647258	(00.001277 +- 00.000275)	[00.000001,00.003969]
08_publish              	    507	03.909229	(00.007711 +- 00.001480)	[00.000514,00.024065]
step                    	    510	08.791647	(00.017239 +- 00.002568)	[00.003926,00.049405]

INFO  Timings:
SM Timing
-----------
00_conversion_livox     	    512	05.449447	(00.010643 +- 00.000612)	[00.008464,00.021490]
01_filter               	    511	00.134639	(00.000263 +- 00.000033)	[00.000114,00.002432]
02_preint               	    509	00.017331	(00.000034 +- 00.000005)	[00.000024,00.000075]
02a_intensity_preprocess	    511	01.216211	(00.002380 +- 00.000297)	[00.000791,00.006728]
03_undistortion         	    509	00.312071	(00.000613 +- 00.000083)	[00.000134,00.003404]
04_sampling             	    508	00.221156	(00.000435 +- 00.000086)	[00.000063,00.001400]
04b_intensity_sampling  	    508	00.323986	(00.000638 +- 00.000113)	[00.000127,00.002206]
05_registration         	    508	01.605462	(00.003160 +- 00.000577)	[00.000690,00.013003]
06_map                  	    508	00.357931	(00.000705 +- 00.000124)	[00.000113,00.001701]
07_imu_opt              	    508	00.648277	(00.001276 +- 00.000277)	[00.000001,00.003969]
08_publish              	    508	03.910288	(00.007697 +- 00.001487)	[00.000514,00.024065]
step                    	    511	08.797011	(00.017215 +- 00.002585)	[00.003926,00.049405]

INFO  Timings:
SM Timing
-----------
00_conversion_livox     	    513	05.458769	(00.010641 +- 00.000615)	[00.008464,00.021490]
01_filter               	    512	00.134756	(00.000263 +- 00.000033)	[00.000114,00.002432]
02_preint               	    510	00.017357	(00.000034 +- 00.000005)	[00.000024,00.000075]
02a_intensity_preprocess	    512	01.217241	(00.002377 +- 00.000298)	[00.000791,00.006728]
03_undistortion         	    510	00.312293	(00.000612 +- 00.000083)	[00.000134,00.003404]
04_sampling             	    509	00.221260	(00.000435 +- 00.000086)	[00.000063,00.001400]
04b_intensity_sampling  	    509	00.324259	(00.000637 +- 00.000113)	[00.000127,00.002206]
05_registration         	    509	01.607004	(00.003157 +- 00.000577)	[00.000690,00.013003]
06_map                  	    509	00.358194	(00.000704 +- 00.000125)	[00.000113,00.001701]
07_imu_opt              	    509	00.649312	(00.001276 +- 00.000277)	[00.000001,00.003969]
08_publish              	    509	03.911894	(00.007685 +- 00.001489)	[00.000514,00.024065]
step                    	    512	08.803280	(00.017194 +- 00.002591)	[00.003926,00.049405]

INFO  Timings:
SM Timing
-----------
00_conversion_livox     	    514	05.467859	(00.010638 +- 00.000617)	[00.008464,00.021490]
01_filter               	    513	00.134940	(00.000263 +- 00.000034)	[00.000114,00.002432]
02_preint               	    511	00.017385	(00.000034 +- 00.000005)	[00.000024,00.000075]
02a_intensity_preprocess	    513	01.218467	(00.002375 +- 00.000298)	[00.000791,00.006728]
03_undistortion         	    511	00.312511	(00.000612 +- 00.000083)	[00.000134,00.003404]
04_sampling             	    510	00.221437	(00.000434 +- 00.000086)	[00.000063,00.001400]
04b_intensity_sampling  	    510	00.324574	(00.000636 +- 00.000113)	[00.000127,00.002206]
05_registration         	    510	01.610004	(00.003157 +- 00.000607)	[00.000690,00.013003]
06_map                  	    510	00.358465	(00.000703 +- 00.000125)	[00.000113,00.001701]
07_imu_opt              	    510	00.650418	(00.001275 +- 00.000278)	[00.000001,00.003969]
08_publish              	    510	03.914469	(00.007675 +- 00.001490)	[00.000514,00.024065]
step                    	    513	08.812427	(00.017178 +- 00.002596)	[00.003926,00.049405]

INFO  Timings:
SM Timing
-----------
00_conversion_livox     	    515	05.477779	(00.010636 +- 00.000615)	[00.008464,00.021490]
01_filter               	    514	00.135118	(00.000263 +- 00.000034)	[00.000114,00.002432]
02_preint               	    512	00.017421	(00.000034 +- 00.000005)	[00.000024,00.000075]
02a_intensity_preprocess	    514	01.220017	(00.002374 +- 00.000301)	[00.000791,00.006728]
03_undistortion         	    512	00.312818	(00.000611 +- 00.000083)	[00.000134,00.003404]
04_sampling             	    511	00.221685	(00.000434 +- 00.000086)	[00.000063,00.001400]
04b_intensity_sampling  	    511	00.324999	(00.000636 +- 00.000114)	[00.000127,00.002206]
05_registration         	    511	01.612969	(00.003156 +- 00.000604)	[00.000690,00.013003]
06_map                  	    511	00.358915	(00.000702 +- 00.000125)	[00.000113,00.001701]
07_imu_opt              	    511	00.651501	(00.001275 +- 00.000259)	[00.000001,00.003969]
08_publish              	    511	03.918478	(00.007668 +- 00.001507)	[00.000514,00.024065]
step                    	    514	08.823735	(00.017167 +- 00.002601)	[00.003926,00.049405]

INFO  Timings:
SM Timing
-----------
00_conversion_livox     	    516	05.487740	(00.010635 +- 00.000615)	[00.008464,00.021490]
01_filter               	    515	00.135368	(00.000263 +- 00.000034)	[00.000114,00.002432]
02_preint               	    513	00.017458	(00.000034 +- 00.000005)	[00.000024,00.000075]
02a_intensity_preprocess	    515	01.221699	(00.002372 +- 00.000303)	[00.000791,00.006728]
03_undistortion         	    513	00.313186	(00.000610 +- 00.000082)	[00.000134,00.003404]
04_sampling             	    512	00.222067	(00.000434 +- 00.000085)	[00.000063,00.001400]
04b_intensity_sampling  	    512	00.325511	(00.000636 +- 00.000114)	[00.000127,00.002206]
05_registration         	    512	01.614855	(00.003154 +- 00.000605)	[00.000690,00.013003]
06_map                  	    512	00.359472	(00.000702 +- 00.000127)	[00.000113,00.001701]
07_imu_opt              	    512	00.652565	(00.001275 +- 00.000260)	[00.000001,00.003969]
08_publish              	    512	03.923385	(00.007663 +- 00.001524)	[00.000514,00.024065]
step                    	    515	08.835455	(00.017156 +- 00.002618)	[00.003926,00.049405]

INFO  Timings:
SM Timing
-----------
00_conversion_livox     	    517	05.497406	(00.010633 +- 00.000611)	[00.008464,00.021490]
01_filter               	    516	00.135605	(00.000263 +- 00.000034)	[00.000114,00.002432]
02_preint               	    514	00.017487	(00.000034 +- 00.000005)	[00.000024,00.000075]
02a_intensity_preprocess	    516	01.223603	(00.002371 +- 00.000306)	[00.000791,00.006728]
03_undistortion         	    514	00.313670	(00.000610 +- 00.000086)	[00.000134,00.003404]
04_sampling             	    513	00.222476	(00.000434 +- 00.000088)	[00.000063,00.001400]
04b_intensity_sampling  	    513	00.326173	(00.000636 +- 00.000114)	[00.000127,00.002206]
05_registration         	    513	01.616810	(00.003152 +- 00.000607)	[00.000690,00.013003]
06_map                  	    513	00.360077	(00.000702 +- 00.000130)	[00.000113,00.001701]
07_imu_opt              	    513	00.653618	(00.001274 +- 00.000261)	[00.000001,00.003969]
08_publish              	    513	03.928725	(00.007658 +- 00.001512)	[00.000514,00.024065]
step                    	    516	08.848174	(00.017148 +- 00.002630)	[00.003926,00.049405]

INFO  Timings:
SM Timing
-----------
00_conversion_livox     	    518	05.506627	(00.010631 +- 00.000613)	[00.008464,00.021490]
01_filter               	    517	00.135818	(00.000263 +- 00.000034)	[00.000114,00.002432]
02_preint               	    515	00.017516	(00.000034 +- 00.000005)	[00.000024,00.000075]
02a_intensity_preprocess	    517	01.225769	(00.002371 +- 00.000313)	[00.000791,00.006728]
03_undistortion         	    515	00.314381	(00.000610 +- 00.000100)	[00.000134,00.003404]
04_sampling             	    514	00.223024	(00.000434 +- 00.000098)	[00.000063,00.001400]
04b_intensity_sampling  	    514	00.326694	(00.000636 +- 00.000110)	[00.000127,00.002206]
05_registration         	    514	01.619506	(00.003151 +- 00.000626)	[00.000690,00.013003]
06_map                  	    514	00.360789	(00.000702 +- 00.000135)	[00.000113,00.001701]
07_imu_opt              	    514	00.655699	(00.001276 +- 00.000284)	[00.000001,00.003969]
08_publish              	    514	03.935154	(00.007656 +- 00.001523)	[00.000514,00.024065]
step                    	    517	08.864361	(00.017146 +- 00.002756)	[00.003926,00.049405]

INFO  Timings:
SM Timing
-----------
00_conversion_livox     	    519	05.516496	(00.010629 +- 00.000612)	[00.008464,00.021490]
01_filter               	    518	00.136050	(00.000263 +- 00.000034)	[00.000114,00.002432]
02_preint               	    516	00.017542	(00.000034 +- 00.000005)	[00.000024,00.000075]
02a_intensity_preprocess	    518	01.228002	(00.002371 +- 00.000321)	[00.000791,00.006728]
03_undistortion         	    516	00.314926	(00.000610 +- 00.000106)	[00.000134,00.003404]
04_sampling             	    515	00.223380	(00.000434 +- 00.000100)	[00.000063,00.001400]
04b_intensity_sampling  	    515	00.327307	(00.000636 +- 00.000114)	[00.000127,00.002206]
05_registration         	    515	01.622951	(00.003151 +- 00.000664)	[00.000690,00.013003]
06_map                  	    515	00.361609	(00.000702 +- 00.000145)	[00.000113,00.001701]
07_imu_opt              	    515	00.657514	(00.001277 +- 00.000293)	[00.000001,00.003969]
08_publish              	    515	03.942665	(00.007656 +- 00.001589)	[00.000514,00.024065]
step                    	    518	08.882030	(00.017147 +- 00.002937)	[00.003926,00.049405]

INFO  Timings:
SM Timing
-----------
00_conversion_livox     	    520	05.526361	(00.010628 +- 00.000612)	[00.008464,00.021490]
01_filter               	    519	00.136278	(00.000263 +- 00.000032)	[00.000114,00.002432]
02_preint               	    517	00.017571	(00.000034 +- 00.000005)	[00.000024,00.000075]
02a_intensity_preprocess	    519	01.230354	(00.002371 +- 00.000341)	[00.000791,00.006728]
03_undistortion         	    517	00.315513	(00.000610 +- 00.000113)	[00.000134,00.003404]
04_sampling             	    516	00.223795	(00.000434 +- 00.000100)	[00.000063,00.001400]
04b_intensity_sampling  	    516	00.327961	(00.000636 +- 00.000120)	[00.000127,00.002206]
05_registration         	    516	01.625204	(00.003150 +- 00.000667)	[00.000690,00.013003]
06_map                  	    516	00.362558	(00.000703 +- 00.000165)	[00.000113,00.001701]
07_imu_opt              	    516	00.658937	(00.001277 +- 00.000292)	[00.000001,00.003969]
08_publish              	    516	03.951050	(00.007657 +- 00.001722)	[00.000514,00.024065]
step                    	    519	08.899375	(00.017147 +- 00.003110)	[00.003926,00.049405]

INFO  Timings:
SM Timing
-----------
00_conversion_livox     	    521	05.536307	(00.010626 +- 00.000611)	[00.008464,00.021490]
01_filter               	    520	00.136553	(00.000263 +- 00.000035)	[00.000114,00.002432]
02_preint               	    518	00.017608	(00.000034 +- 00.000005)	[00.000024,00.000075]
02a_intensity_preprocess	    520	01.232889	(00.002371 +- 00.000377)	[00.000791,00.006728]
03_undistortion         	    518	00.316366	(00.000611 +- 00.000136)	[00.000134,00.003404]
04_sampling             	    517	00.224289	(00.000434 +- 00.000106)	[00.000063,00.001400]
04b_intensity_sampling  	    517	00.328638	(00.000636 +- 00.000125)	[00.000127,00.002206]
05_registration         	    517	01.630544	(00.003154 +- 00.000841)	[00.000690,00.013003]
06_map                  	    517	00.363235	(00.000703 +- 00.000169)	[00.000113,00.001701]
07_imu_opt              	    517	00.660313	(00.001277 +- 00.000289)	[00.000001,00.003969]
08_publish              	    517	03.960370	(00.007660 +- 00.001908)	[00.000514,00.024065]
step                    	    520	08.921196	(00.017156 +- 00.003573)	[00.003926,00.049405]

INFO  Timings:
SM Timing
-----------
00_conversion_livox     	    522	05.546822	(00.010626 +- 00.000617)	[00.008464,00.021490]
01_filter               	    521	00.136857	(00.000263 +- 00.000038)	[00.000114,00.002432]
02_preint               	    519	00.017647	(00.000034 +- 00.000005)	[00.000024,00.000075]
02a_intensity_preprocess	    521	01.235570	(00.002372 +- 00.000426)	[00.000791,00.006728]
03_undistortion         	    519	00.317063	(00.000611 +- 00.000148)	[00.000134,00.003404]
04_sampling             	    518	00.224844	(00.000434 +- 00.000117)	[00.000063,00.001400]
04b_intensity_sampling  	    518	00.329388	(00.000636 +- 00.000138)	[00.000127,00.002206]
05_registration         	    518	01.633614	(00.003154 +- 00.000840)	[00.000690,00.013003]
06_map                  	    518	00.364056	(00.000703 +- 00.000180)	[00.000113,00.001701]
07_imu_opt              	    518	00.661630	(00.001277 +- 00.000270)	[00.000001,00.003969]
08_publish              	    518	03.970190	(00.007664 +- 00.002162)	[00.000514,00.024065]
step                    	    521	08.941323	(00.017162 +- 00.003902)	[00.003926,00.049405]

INFO  Timings:
SM Timing
-----------
00_conversion_livox     	    523	05.557479	(00.010626 +- 00.000625)	[00.008464,00.021490]
01_filter               	    522	00.137166	(00.000263 +- 00.000042)	[00.000114,00.002432]
02_preint               	    520	00.017686	(00.000034 +- 00.000005)	[00.000024,00.000075]
02a_intensity_preprocess	    522	01.238819	(00.002373 +- 00.000509)	[00.000791,00.006728]
03_undistortion         	    520	00.317715	(00.000611 +- 00.000156)	[00.000134,00.003404]
04_sampling             	    519	00.225332	(00.000434 +- 00.000123)	[00.000063,00.001400]
04b_intensity_sampling  	    519	00.330644	(00.000637 +- 00.000189)	[00.000127,00.002206]
05_registration         	    519	01.638889	(00.003158 +- 00.000976)	[00.000690,00.013003]
06_map                  	    519	00.364869	(00.000703 +- 00.000190)	[00.000113,00.001701]
07_imu_opt              	    519	00.663005	(00.001277 +- 00.000265)	[00.000001,00.003969]
08_publish              	    519	03.980751	(00.007670 +- 00.002438)	[00.000514,00.024065]
step                    	    522	08.965422	(00.017175 +- 00.004488)	[00.003926,00.049405]

INFO  Timings:
SM Timing
-----------
00_conversion_livox     	    524	05.568596	(00.010627 +- 00.000636)	[00.008464,00.021490]
01_filter               	    523	00.137450	(00.000263 +- 00.000045)	[00.000114,00.002432]
02_preint               	    521	00.017728	(00.000034 +- 00.000005)	[00.000024,00.000075]
02a_intensity_preprocess	    523	01.241752	(00.002374 +- 00.000558)	[00.000791,00.006728]
03_undistortion         	    521	00.318403	(00.000611 +- 00.000165)	[00.000134,00.003404]
04_sampling             	    520	00.225759	(00.000434 +- 00.000127)	[00.000063,00.001400]
04b_intensity_sampling  	    520	00.331502	(00.000638 +- 00.000202)	[00.000127,00.002206]
05_registration         	    520	01.641273	(00.003156 +- 00.000978)	[00.000690,00.013003]
06_map                  	    520	00.365741	(00.000703 +- 00.000203)	[00.000113,00.001701]
07_imu_opt              	    520	00.664307	(00.001278 +- 00.000265)	[00.000001,00.003969]
08_publish              	    520	03.990805	(00.007675 +- 00.002647)	[00.000514,00.024065]
step                    	    523	08.985332	(00.017180 +- 00.004758)	[00.003926,00.049405]

INFO  Timings:
SM Timing
-----------
00_conversion_livox     	    525	05.579241	(00.010627 +- 00.000644)	[00.008464,00.021490]
01_filter               	    524	00.137711	(00.000263 +- 00.000046)	[00.000114,00.002432]
02_preint               	    522	00.017763	(00.000034 +- 00.000005)	[00.000024,00.000075]
02a_intensity_preprocess	    524	01.244614	(00.002375 +- 00.000596)	[00.000791,00.006728]
03_undistortion         	    522	00.319403	(00.000612 +- 00.000191)	[00.000134,00.003404]
04_sampling             	    521	00.226286	(00.000434 +- 00.000134)	[00.000063,00.001400]
04b_intensity_sampling  	    521	00.332132	(00.000637 +- 00.000205)	[00.000127,00.002206]
05_registration         	    521	01.644417	(00.003156 +- 00.000994)	[00.000690,00.013003]
06_map                  	    521	00.366598	(00.000704 +- 00.000213)	[00.000113,00.001701]
07_imu_opt              	    521	00.665573	(00.001277 +- 00.000264)	[00.000001,00.003969]
08_publish              	    521	04.000995	(00.007679 +- 00.002837)	[00.000514,00.024065]
step                    	    524	09.006178	(00.017187 +- 00.005047)	[00.003926,00.049405]

INFO  Timings:
SM Timing
-----------
00_conversion_livox     	    526	05.589434	(00.010626 +- 00.000640)	[00.008464,00.021490]
01_filter               	    525	00.138008	(00.000263 +- 00.000049)	[00.000114,00.002432]
02_preint               	    523	00.017816	(00.000034 +- 00.000006)	[00.000024,00.000075]
02a_intensity_preprocess	    525	01.247394	(00.002376 +- 00.000627)	[00.000791,00.006728]
03_undistortion         	    523	00.320082	(00.000612 +- 00.000196)	[00.000134,00.003404]
04_sampling             	    522	00.226754	(00.000434 +- 00.000138)	[00.000063,00.001400]
04b_intensity_sampling  	    522	00.332918	(00.000638 +- 00.000213)	[00.000127,00.002206]
05_registration         	    522	01.647384	(00.003156 +- 00.000997)	[00.000690,00.013003]
06_map                  	    522	00.367426	(00.000704 +- 00.000221)	[00.000113,00.001701]
07_imu_opt              	    522	00.666913	(00.001278 +- 00.000264)	[00.000001,00.003969]
08_publish              	    522	04.010984	(00.007684 +- 00.002996)	[00.000514,00.024065]
step                    	    525	09.026459	(00.017193 +- 00.005270)	[00.003926,00.049405]

INFO  Timings:
SM Timing
-----------
00_conversion_livox     	    527	05.599396	(00.010625 +- 00.000639)	[00.008464,00.021490]
01_filter               	    526	00.138322	(00.000263 +- 00.000052)	[00.000114,00.002432]
02_preint               	    524	00.017851	(00.000034 +- 00.000006)	[00.000024,00.000075]
02a_intensity_preprocess	    526	01.250097	(00.002377 +- 00.000651)	[00.000791,00.006728]
03_undistortion         	    524	00.320764	(00.000612 +- 00.000201)	[00.000134,00.003404]
04_sampling             	    523	00.227225	(00.000434 +- 00.000142)	[00.000063,00.001400]
04b_intensity_sampling  	    523	00.333597	(00.000638 +- 00.000216)	[00.000127,00.002206]
05_registration         	    523	01.650090	(00.003155 +- 00.001004)	[00.000690,00.013003]
06_map                  	    523	00.368129	(00.000704 +- 00.000225)	[00.000113,00.001701]
07_imu_opt              	    523	00.668328	(00.001278 +- 00.000264)	[00.000001,00.003969]
08_publish              	    523	04.020664	(00.007688 +- 00.003126)	[00.000514,00.024065]
step                    	    526	09.045907	(00.017198 +- 00.005447)	[00.003926,00.049405]

INFO  Timings:
SM Timing
-----------
00_conversion_livox     	    528	05.609135	(00.010623 +- 00.000634)	[00.008464,00.021490]
01_filter               	    527	00.138605	(00.000263 +- 00.000054)	[00.000114,00.002432]
02_preint               	    525	00.017893	(00.000034 +- 00.000006)	[00.000024,00.000075]
02a_intensity_preprocess	    527	01.252669	(00.002377 +- 00.000670)	[00.000791,00.006728]
03_undistortion         	    525	00.321512	(00.000612 +- 00.000208)	[00.000134,00.003404]
04_sampling             	    524	00.227639	(00.000434 +- 00.000144)	[00.000063,00.001400]
04b_intensity_sampling  	    524	00.334288	(00.000638 +- 00.000220)	[00.000127,00.002206]
05_registration         	    524	01.654076	(00.003157 +- 00.001044)	[00.000690,00.013003]
06_map                  	    524	00.368965	(00.000704 +- 00.000232)	[00.000113,00.001701]
07_imu_opt              	    524	00.669820	(00.001278 +- 00.000261)	[00.000001,00.003969]
08_publish              	    524	04.029965	(00.007691 +- 00.003231)	[00.000514,00.024065]
step                    	    527	09.066348	(00.017204 +- 00.005648)	[00.003926,00.049405]

INFO  Timings:
SM Timing
-----------
00_conversion_livox     	    529	05.619124	(00.010622 +- 00.000634)	[00.008464,00.021490]
01_filter               	    528	00.138931	(00.000263 +- 00.000057)	[00.000114,00.002432]
02_preint               	    526	00.017933	(00.000034 +- 00.000006)	[00.000024,00.000075]
02a_intensity_preprocess	    528	01.255242	(00.002377 +- 00.000686)	[00.000791,00.006728]
03_undistortion         	    526	00.322209	(00.000613 +- 00.000213)	[00.000134,00.003404]
04_sampling             	    525	00.228124	(00.000435 +- 00.000149)	[00.000063,00.001400]
04b_intensity_sampling  	    525	00.335112	(00.000638 +- 00.000228)	[00.000127,00.002206]
05_registration         	    525	01.656502	(00.003155 +- 00.001041)	[00.000690,00.013003]
06_map                  	    525	00.372064	(00.000709 +- 00.000441)	[00.000113,00.003099]
07_imu_opt              	    525	00.671086	(00.001278 +- 00.000260)	[00.000001,00.003969]
08_publish              	    525	04.038920	(00.007693 +- 00.003316)	[00.000514,00.024065]
step                    	    528	09.087120	(00.017210 +- 00.005842)	[00.003926,00.049405]

INFO  Timings:
SM Timing
-----------
00_conversion_livox     	    530	05.628876	(00.010621 +- 00.000633)	[00.008464,00.021490]
01_filter               	    529	00.139239	(00.000263 +- 00.000059)	[00.000114,00.002432]
02_preint               	    527	00.017973	(00.000034 +- 00.000006)	[00.000024,00.000075]
02a_intensity_preprocess	    529	01.257822	(00.002378 +- 00.000702)	[00.000791,00.006728]
03_undistortion         	    527	00.322901	(00.000613 +- 00.000218)	[00.000134,00.003404]
04_sampling             	    526	00.228584	(00.000435 +- 00.000152)	[00.000063,00.001400]
04b_intensity_sampling  	    526	00.335801	(00.000638 +- 00.000231)	[00.000127,00.002206]
05_registration         	    526	01.659918	(00.003156 +- 00.001061)	[00.000690,00.013003]
06_map                  	    526	00.372825	(00.000709 +- 00.000442)	[00.000113,00.003099]
07_imu_opt              	    526	00.672342	(00.001278 +- 00.000247)	[00.000001,00.003969]
08_publish              	    526	04.047730	(00.007695 +- 00.003391)	[00.000514,00.024065]
step                    	    529	09.106207	(00.017214 +- 00.005975)	[00.003926,00.049405]

INFO  Timings:
SM Timing
-----------
00_conversion_livox     	    531	05.638498	(00.010619 +- 00.000635)	[00.008464,00.021490]
01_filter               	    530	00.139542	(00.000263 +- 00.000061)	[00.000114,00.002432]
02_preint               	    528	00.018013	(00.000034 +- 00.000006)	[00.000024,00.000075]
02a_intensity_preprocess	    530	01.260399	(00.002378 +- 00.000717)	[00.000791,00.006728]
03_undistortion         	    528	00.323572	(00.000613 +- 00.000221)	[00.000134,00.003404]
04_sampling             	    527	00.229023	(00.000435 +- 00.000154)	[00.000063,00.001400]
04b_intensity_sampling  	    527	00.336582	(00.000639 +- 00.000236)	[00.000127,00.002206]
05_registration         	    527	01.662800	(00.003155 +- 00.001064)	[00.000690,00.013003]
06_map                  	    527	00.373521	(00.000709 +- 00.000443)	[00.000113,00.003099]
07_imu_opt              	    527	00.673581	(00.001278 +- 00.000243)	[00.000001,00.003969]
08_publish              	    527	04.056400	(00.007697 +- 00.003454)	[00.000514,00.024065]
step                    	    530	09.124607	(00.017216 +- 00.006072)	[00.003926,00.049405]

INFO  Timings:
SM Timing
-----------
00_conversion_livox     	    532	05.648446	(00.010617 +- 00.000634)	[00.008464,00.021490]
01_filter               	    531	00.139842	(00.000263 +- 00.000063)	[00.000114,00.002432]
02_preint               	    529	00.018047	(00.000034 +- 00.000006)	[00.000024,00.000075]
02a_intensity_preprocess	    531	01.262919	(00.002378 +- 00.000728)	[00.000791,00.006728]
03_undistortion         	    529	00.324355	(00.000613 +- 00.000228)	[00.000134,00.003404]
04_sampling             	    528	00.229504	(00.000435 +- 00.000157)	[00.000063,00.001400]
04b_intensity_sampling  	    528	00.337214	(00.000639 +- 00.000237)	[00.000127,00.002206]
05_registration         	    528	01.665126	(00.003154 +- 00.001054)	[00.000690,00.013003]
06_map                  	    528	00.374377	(00.000709 +- 00.000445)	[00.000113,00.003099]
07_imu_opt              	    528	00.674798	(00.001278 +- 00.000243)	[00.000001,00.003969]
08_publish              	    528	04.064709	(00.007698 +- 00.003501)	[00.000514,00.024065]
step                    	    531	09.142124	(00.017217 +- 00.006124)	[00.003926,00.049405]

INFO  Timings:
SM Timing
-----------
00_conversion_livox     	    533	05.658384	(00.010616 +- 00.000630)	[00.008464,00.021490]
01_filter               	    532	00.140153	(00.000263 +- 00.000064)	[00.000114,00.002432]
02_preint               	    530	00.018087	(00.000034 +- 00.000006)	[00.000024,00.000075]
02a_intensity_preprocess	    532	01.265236	(00.002378 +- 00.000733)	[00.000791,00.006728]
03_undistortion         	    530	00.325171	(00.000614 +- 00.000235)	[00.000134,00.003404]
04_sampling             	    529	00.230019	(00.000435 +- 00.000161)	[00.000063,00.001400]
04b_intensity_sampling  	    529	00.337965	(00.000639 +- 00.000241)	[00.000127,00.002206]
05_registration         	    529	01.667613	(00.003152 +- 00.001051)	[00.000690,00.013003]
06_map                  	    529	00.375021	(00.000709 +- 00.000445)	[00.000113,00.003099]
07_imu_opt              	    529	00.676007	(00.001278 +- 00.000242)	[00.000001,00.003969]
08_publish              	    529	04.072854	(00.007699 +- 00.003537)	[00.000514,00.024065]
step                    	    532	09.159445	(00.017217 +- 00.006168)	[00.003926,00.049405]

INFO  Timings:
SM Timing
-----------
00_conversion_livox     	    534	05.668317	(00.010615 +- 00.000630)	[00.008464,00.021490]
01_filter               	    533	00.140451	(00.000264 +- 00.000065)	[00.000114,00.002432]
02_preint               	    531	00.018130	(00.000034 +- 00.000006)	[00.000024,00.000075]
02a_intensity_preprocess	    533	01.267646	(00.002378 +- 00.000738)	[00.000791,00.006728]
03_undistortion         	    531	00.325830	(00.000614 +- 00.000236)	[00.000134,00.003404]
04_sampling             	    530	00.230498	(00.000435 +- 00.000163)	[00.000063,00.001400]
04b_intensity_sampling  	    530	00.338692	(00.000639 +- 00.000243)	[00.000127,00.002206]
05_registration         	    530	01.670329	(00.003152 +- 00.001052)	[00.000690,00.013003]
06_map                  	    530	00.375812	(00.000709 +- 00.000446)	[00.000113,00.003099]
07_imu_opt              	    530	00.677230	(00.001278 +- 00.000241)	[00.000001,00.003969]
08_publish              	    530	04.081228	(00.007700 +- 00.003571)	[00.000514,00.024065]
step                    	    533	09.177233	(00.017218 +- 00.006214)	[00.003926,00.049405]

INFO  Timings:
SM Timing
-----------
00_conversion_livox     	    535	05.678150	(00.010613 +- 00.000627)	[00.008464,00.021490]
01_filter               	    534	00.140786	(00.000264 +- 00.000067)	[00.000114,00.002432]
02_preint               	    532	00.018169	(00.000034 +- 00.000006)	[00.000024,00.000075]
02a_intensity_preprocess	    534	01.269978	(00.002378 +- 00.000740)	[00.000791,00.006728]
03_undistortion         	    532	00.326507	(00.000614 +- 00.000237)	[00.000134,00.003404]
04_sampling             	    531	00.230873	(00.000435 +- 00.000162)	[00.000063,00.001400]
04b_intensity_sampling  	    531	00.339336	(00.000639 +- 00.000243)	[00.000127,00.002206]
05_registration         	    531	01.672288	(00.003149 +- 00.001048)	[00.000690,00.013003]
06_map                  	    531	00.376628	(00.000709 +- 00.000447)	[00.000113,00.003099]
07_imu_opt              	    531	00.678451	(00.001278 +- 00.000241)	[00.000001,00.003969]
08_publish              	    531	04.089051	(00.007701 +- 00.003584)	[00.000514,00.024065]
step                    	    534	09.193528	(00.017216 +- 00.006219)	[00.003926,00.049405]

INFO  Timings:
SM Timing
-----------
00_conversion_livox     	    536	05.688331	(00.010613 +- 00.000626)	[00.008464,00.021490]
01_filter               	    535	00.141002	(00.000264 +- 00.000067)	[00.000114,00.002432]
02_preint               	    533	00.018212	(00.000034 +- 00.000007)	[00.000024,00.000075]
02a_intensity_preprocess	    535	01.272463	(00.002378 +- 00.000744)	[00.000791,00.006728]
03_undistortion         	    533	00.327170	(00.000614 +- 00.000238)	[00.000134,00.003404]
04_sampling             	    532	00.231320	(00.000435 +- 00.000162)	[00.000063,00.001400]
04b_intensity_sampling  	    532	00.340080	(00.000639 +- 00.000245)	[00.000127,00.002206]
05_registration         	    532	01.674444	(00.003147 +- 00.001029)	[00.000690,00.013003]
06_map                  	    532	00.377287	(00.000709 +- 00.000445)	[00.000113,00.003099]
07_imu_opt              	    532	00.679742	(00.001278 +- 00.000240)	[00.000001,00.003969]
08_publish              	    532	04.096841	(00.007701 +- 00.003589)	[00.000514,00.024065]
step                    	    535	09.210129	(00.017215 +- 00.006202)	[00.003926,00.049405]

INFO  Timings:
SM Timing
-----------
00_conversion_livox     	    537	05.698395	(00.010612 +- 00.000625)	[00.008464,00.021490]
01_filter               	    536	00.141249	(00.000264 +- 00.000067)	[00.000114,00.002432]
02_preint               	    534	00.018247	(00.000034 +- 00.000007)	[00.000024,00.000075]
02a_intensity_preprocess	    536	01.274764	(00.002378 +- 00.000744)	[00.000791,00.006728]
03_undistortion         	    534	00.327885	(00.000614 +- 00.000240)	[00.000134,00.003404]
04_sampling             	    533	00.231743	(00.000435 +- 00.000161)	[00.000063,00.001400]
04b_intensity_sampling  	    533	00.340866	(00.000640 +- 00.000246)	[00.000127,00.002206]
05_registration         	    533	01.676622	(00.003146 +- 00.001014)	[00.000690,00.013003]
06_map                  	    533	00.378223	(00.000710 +- 00.000446)	[00.000113,00.003099]
07_imu_opt              	    533	00.680959	(00.001278 +- 00.000240)	[00.000001,00.003969]
08_publish              	    533	04.104114	(00.007700 +- 00.003585)	[00.000514,00.024065]
step                    	    536	09.226294	(00.017213 +- 00.006181)	[00.003926,00.049405]

INFO  Timings:
SM Timing
-----------
00_conversion_livox     	    538	05.708679	(00.010611 +- 00.000604)	[00.008464,00.021490]
01_filter               	    537	00.141487	(00.000263 +- 00.000067)	[00.000114,00.002432]
02_preint               	    535	00.018277	(00.000034 +- 00.000007)	[00.000024,00.000075]
02a_intensity_preprocess	    537	01.276907	(00.002378 +- 00.000743)	[00.000791,00.006728]
03_undistortion         	    535	00.328446	(00.000614 +- 00.000238)	[00.000134,00.003404]
04_sampling             	    534	00.232111	(00.000435 +- 00.000160)	[00.000063,00.001400]
04b_intensity_sampling  	    534	00.341317	(00.000639 +- 00.000246)	[00.000127,00.002206]
05_registration         	    534	01.678847	(00.003144 +- 00.001009)	[00.000690,00.013003]
06_map                  	    534	00.378885	(00.000710 +- 00.000444)	[00.000113,00.003099]
07_imu_opt              	    534	00.682163	(00.001277 +- 00.000228)	[00.000001,00.003969]
08_publish              	    534	04.110917	(00.007698 +- 00.003571)	[00.000514,00.024065]
step                    	    537	09.241060	(00.017209 +- 00.006161)	[00.003926,00.049405]

INFO  Timings:
SM Timing
-----------
00_conversion_livox     	    539	05.718820	(00.010610 +- 00.000544)	[00.008464,00.021490]
01_filter               	    538	00.141710	(00.000263 +- 00.000067)	[00.000114,00.002432]
02_preint               	    536	00.018314	(00.000034 +- 00.000006)	[00.000024,00.000075]
02a_intensity_preprocess	    538	01.279100	(00.002378 +- 00.000742)	[00.000791,00.006728]
03_undistortion         	    536	00.328960	(00.000614 +- 00.000237)	[00.000134,00.003404]
04_sampling             	    535	00.232463	(00.000435 +- 00.000158)	[00.000063,00.001400]
04b_intensity_sampling  	    535	00.341942	(00.000639 +- 00.000245)	[00.000127,00.002206]
05_registration         	    535	01.680644	(00.003141 +- 00.001001)	[00.000690,00.013003]
06_map                  	    535	00.379491	(00.000709 +- 00.000442)	[00.000113,00.003099]
07_imu_opt              	    535	00.683377	(00.001277 +- 00.000228)	[00.000001,00.003969]
08_publish              	    535	04.117498	(00.007696 +- 00.003549)	[00.000514,00.024065]
step                    	    538	09.255279	(00.017203 +- 00.006113)	[00.003926,00.049405]

INFO  Timings:
SM Timing
-----------
00_conversion_livox     	    540	05.728935	(00.010609 +- 00.000457)	[00.008464,00.021490]
01_filter               	    539	00.141926	(00.000263 +- 00.000066)	[00.000114,00.002432]
02_preint               	    537	00.018351	(00.000034 +- 00.000006)	[00.000024,00.000075]
02a_intensity_preprocess	    539	01.281067	(00.002377 +- 00.000737)	[00.000791,00.006728]
03_undistortion         	    537	00.329475	(00.000614 +- 00.000234)	[00.000134,00.003404]
04_sampling             	    536	00.232846	(00.000434 +- 00.000157)	[00.000063,00.001400]
04b_intensity_sampling  	    536	00.342534	(00.000639 +- 00.000243)	[00.000127,00.002206]
05_registration         	    536	01.683309	(00.003141 +- 00.000995)	[00.000690,00.013003]
06_map                  	    536	00.380228	(00.000709 +- 00.000440)	[00.000113,00.003099]
07_imu_opt              	    536	00.684516	(00.001277 +- 00.000225)	[00.000001,00.003969]
08_publish              	    536	04.123642	(00.007693 +- 00.003516)	[00.000514,00.024065]
step                    	    539	09.269784	(00.017198 +- 00.006063)	[00.003926,00.049405]

INFO  Timings:
SM Timing
-----------
00_conversion_livox     	    541	05.738604	(00.010607 +- 00.000430)	[00.008464,00.021490]
01_filter               	    540	00.142163	(00.000263 +- 00.000066)	[00.000114,00.002432]
02_preint               	    538	00.018388	(00.000034 +- 00.000006)	[00.000024,00.000075]
02a_intensity_preprocess	    540	01.283089	(00.002376 +- 00.000732)	[00.000791,00.006728]
03_undistortion         	    538	00.329850	(00.000613 +- 00.000233)	[00.000134,00.003404]
04_sampling             	    537	00.233179	(00.000434 +- 00.000155)	[00.000063,00.001400]
04b_intensity_sampling  	    537	00.343070	(00.000639 +- 00.000240)	[00.000127,00.002206]
05_registration         	    537	01.685979	(00.003140 +- 00.000988)	[00.000690,00.013003]
06_map                  	    537	00.380770	(00.000709 +- 00.000438)	[00.000113,00.003099]
07_imu_opt              	    537	00.685685	(00.001277 +- 00.000205)	[00.000001,00.003969]
08_publish              	    537	04.129711	(00.007690 +- 00.003478)	[00.000514,00.024065]
step                    	    540	09.283854	(00.017192 +- 00.006015)	[00.003926,00.049405]

INFO  Timings:
SM Timing
-----------
00_conversion_livox     	    542	05.748788	(00.010607 +- 00.000404)	[00.008464,00.021490]
01_filter               	    541	00.142395	(00.000263 +- 00.000066)	[00.000114,00.002432]
02_preint               	    539	00.018426	(00.000034 +- 00.000006)	[00.000024,00.000075]
02a_intensity_preprocess	    541	01.285067	(00.002375 +- 00.000725)	[00.000791,00.006728]
03_undistortion         	    539	00.330424	(00.000613 +- 00.000231)	[00.000134,00.003404]
04_sampling             	    538	00.233560	(00.000434 +- 00.000153)	[00.000063,00.001400]
04b_intensity_sampling  	    538	00.343599	(00.000639 +- 00.000239)	[00.000127,00.002206]
05_registration         	    538	01.688612	(00.003139 +- 00.000989)	[00.000690,00.013003]
06_map                  	    538	00.381447	(00.000709 +- 00.000438)	[00.000113,00.003099]
07_imu_opt              	    538	00.686904	(00.001277 +- 00.000205)	[00.000001,00.003969]
08_publish              	    538	04.135926	(00.007688 +- 00.003439)	[00.000514,00.024065]
step                    	    541	09.298383	(00.017187 +- 00.005971)	[00.003926,00.049405]

INFO  Timings:
SM Timing
-----------
00_conversion_livox     	    543	05.758854	(00.010606 +- 00.000404)	[00.008464,00.021490]
01_filter               	    542	00.142622	(00.000263 +- 00.000065)	[00.000114,00.002432]
02_preint               	    540	00.018463	(00.000034 +- 00.000006)	[00.000024,00.000075]
02a_intensity_preprocess	    542	01.287131	(00.002375 +- 00.000718)	[00.000791,00.006728]
03_undistortion         	    540	00.330869	(00.000613 +- 00.000229)	[00.000134,00.003404]
04_sampling             	    539	00.233937	(00.000434 +- 00.000152)	[00.000063,00.001400]
04b_intensity_sampling  	    539	00.344316	(00.000639 +- 00.000241)	[00.000127,00.002206]
05_registration         	    539	01.691227	(00.003138 +- 00.000982)	[00.000690,00.013003]
06_map                  	    539	00.382042	(00.000709 +- 00.000435)	[00.000113,00.003099]
07_imu_opt              	    539	00.688069	(00.001277 +- 00.000205)	[00.000001,00.003969]
08_publish              	    539	04.142551	(00.007686 +- 00.003404)	[00.000514,00.024065]
step                    	    542	09.313326	(00.017183 +- 00.005910)	[00.003926,00.049405]

INFO  Timings:
SM Timing
-----------
00_conversion_livox     	    544	05.768630	(00.010604 +- 00.000404)	[00.008464,00.021490]
01_filter               	    543	00.142851	(00.000263 +- 00.000065)	[00.000114,00.002432]
02_preint               	    541	00.018498	(00.000034 +- 00.000006)	[00.000024,00.000075]
02a_intensity_preprocess	    543	01.289356	(00.002375 +- 00.000712)	[00.000791,00.006728]
03_undistortion         	    541	00.331388	(00.000613 +- 00.000226)	[00.000134,00.003404]
04_sampling             	    540	00.234321	(00.000434 +- 00.000149)	[00.000063,00.001400]
04b_intensity_sampling  	    540	00.344993	(00.000639 +- 00.000238)	[00.000127,00.002206]
05_registration         	    540	01.693045	(00.003135 +- 00.000969)	[00.000690,00.013003]
06_map                  	    540	00.382966	(00.000709 +- 00.000435)	[00.000113,00.003099]
07_imu_opt              	    540	00.689267	(00.001276 +- 00.000203)	[00.000001,00.003969]
08_publish              	    540	04.149631	(00.007685 +- 00.003372)	[00.000514,00.024065]
step                    	    543	09.328485	(00.017180 +- 00.005833)	[00.003926,00.049405]

INFO  Timings:
SM Timing
-----------
00_conversion_livox     	    545	05.778951	(00.010604 +- 00.000408)	[00.008464,00.021490]
01_filter               	    544	00.143091	(00.000263 +- 00.000064)	[00.000114,00.002432]
02_preint               	    542	00.018534	(00.000034 +- 00.000006)	[00.000024,00.000075]
02a_intensity_preprocess	    544	01.291525	(00.002374 +- 00.000703)	[00.000791,00.006728]
03_undistortion         	    542	00.332180	(00.000613 +- 00.000228)	[00.000134,00.003404]
04_sampling             	    541	00.234849	(00.000434 +- 00.000150)	[00.000063,00.001400]
04b_intensity_sampling  	    541	00.345821	(00.000639 +- 00.000240)	[00.000127,00.002206]
05_registration         	    541	01.695790	(00.003135 +- 00.000960)	[00.000690,00.013003]
06_map                  	    541	00.383679	(00.000709 +- 00.000434)	[00.000113,00.003099]
07_imu_opt              	    541	00.690388	(00.001276 +- 00.000199)	[00.000001,00.003969]
08_publish              	    541	04.156925	(00.007684 +- 00.003336)	[00.000514,00.024065]
step                    	    544	09.345019	(00.017178 +- 00.005783)	[00.003926,00.049405]

INFO  Timings:
SM Timing
-----------
00_conversion_livox     	    546	05.789421	(00.010603 +- 00.000417)	[00.008464,00.021490]
01_filter               	    545	00.143367	(00.000263 +- 00.000064)	[00.000114,00.002432]
02_preint               	    543	00.018571	(00.000034 +- 00.000006)	[00.000024,00.000075]
02a_intensity_preprocess	    545	01.293800	(00.002374 +- 00.000695)	[00.000791,00.006728]
03_undistortion         	    543	00.332745	(00.000613 +- 00.000225)	[00.000134,00.003404]
04_sampling             	    542	00.235272	(00.000434 +- 00.000147)	[00.000063,00.001400]
04b_intensity_sampling  	    542	00.346433	(00.000639 +- 00.000237)	[00.000127,00.002206]
05_registration         	    542	01.700636	(00.003138 +- 00.000996)	[00.000690,00.013003]
06_map                  	    542	00.384333	(00.000709 +- 00.000430)	[00.000113,00.003099]
07_imu_opt              	    542	00.691605	(00.001276 +- 00.000197)	[00.000001,00.003969]
08_publish              	    542	04.164618	(00.007684 +- 00.003302)	[00.000514,00.024065]
step                    	    545	09.363714	(00.017181 +- 00.005725)	[00.003926,00.049405]

INFO  Timings:
SM Timing
-----------
00_conversion_livox     	    547	05.799665	(00.010603 +- 00.000410)	[00.008464,00.021490]
01_filter               	    546	00.143592	(00.000263 +- 00.000063)	[00.000114,00.002432]
02_preint               	    544	00.018607	(00.000034 +- 00.000006)	[00.000024,00.000075]
02a_intensity_preprocess	    546	01.296022	(00.002374 +- 00.000686)	[00.000791,00.006728]
03_undistortion         	    544	00.333333	(00.000613 +- 00.000223)	[00.000134,00.003404]
04_sampling             	    543	00.235617	(00.000434 +- 00.000144)	[00.000063,00.001400]
04b_intensity_sampling  	    543	00.347067	(00.000639 +- 00.000235)	[00.000127,00.002206]
05_registration         	    543	01.702715	(00.003136 +- 00.000996)	[00.000690,00.013003]
06_map                  	    543	00.385848	(00.000711 +- 00.000446)	[00.000113,00.003099]
07_imu_opt              	    543	00.692837	(00.001276 +- 00.000195)	[00.000001,00.003969]
08_publish              	    543	04.171899	(00.007683 +- 00.003264)	[00.000514,00.024065]
step                    	    546	09.379948	(00.017179 +- 00.005669)	[00.003926,00.049405]

INFO  Timings:
SM Timing
-----------
00_conversion_livox     	    548	05.809944	(00.010602 +- 00.000411)	[00.008464,00.021490]
01_filter               	    547	00.143830	(00.000263 +- 00.000062)	[00.000114,00.002432]
02_preint               	    545	00.018640	(00.000034 +- 00.000006)	[00.000024,00.000075]
02a_intensity_preprocess	    547	01.298249	(00.002373 +- 00.000679)	[00.000791,00.006728]
03_undistortion         	    545	00.334204	(00.000613 +- 00.000225)	[00.000134,00.003404]
04_sampling             	    544	00.235985	(00.000434 +- 00.000143)	[00.000063,00.001400]
04b_intensity_sampling  	    544	00.347736	(00.000639 +- 00.000232)	[00.000127,00.002206]
05_registration         	    544	01.704521	(00.003133 +- 00.000989)	[00.000690,00.013003]
06_map                  	    544	00.386562	(00.000711 +- 00.000443)	[00.000113,00.003099]
07_imu_opt              	    544	00.694024	(00.001276 +- 00.000194)	[00.000001,00.003969]
08_publish              	    544	04.178941	(00.007682 +- 00.003231)	[00.000514,00.024065]
step                    	    547	09.395176	(00.017176 +- 00.005594)	[00.003926,00.049405]

INFO  Timings:
SM Timing
-----------
00_conversion_livox     	    549	05.820416	(00.010602 +- 00.000412)	[00.008464,00.021490]
01_filter               	    548	00.144056	(00.000263 +- 00.000062)	[00.000114,00.002432]
02_preint               	    546	00.018676	(00.000034 +- 00.000006)	[00.000024,00.000075]
02a_intensity_preprocess	    548	01.300380	(00.002373 +- 00.000673)	[00.000791,00.006728]
03_undistortion         	    546	00.334804	(00.000613 +- 00.000225)	[00.000134,00.003404]
04_sampling             	    545	00.236463	(00.000434 +- 00.000143)	[00.000063,00.001400]
04b_intensity_sampling  	    545	00.348331	(00.000639 +- 00.000230)	[00.000127,00.002206]
05_registration         	    545	01.706455	(00.003131 +- 00.000980)	[00.000690,00.013003]
06_map                  	    545	00.387253	(00.000711 +- 00.000442)	[00.000113,00.003099]
07_imu_opt              	    545	00.695148	(00.001276 +- 00.000193)	[00.000001,00.003969]
08_publish              	    545	04.185594	(00.007680 +- 00.003196)	[00.000514,00.024065]
step                    	    548	09.409697	(00.017171 +- 00.005530)	[00.003926,00.049405]

INFO  Timings:
SM Timing
-----------
00_conversion_livox     	    550	05.830298	(00.010601 +- 00.000413)	[00.008464,00.021490]
01_filter               	    549	00.144289	(00.000263 +- 00.000062)	[00.000114,00.002432]
02_preint               	    547	00.018713	(00.000034 +- 00.000006)	[00.000024,00.000075]
02a_intensity_preprocess	    549	01.302452	(00.002372 +- 00.000666)	[00.000791,00.006728]
03_undistortion         	    547	00.335213	(00.000613 +- 00.000225)	[00.000134,00.003404]
04_sampling             	    546	00.236936	(00.000434 +- 00.000143)	[00.000063,00.001400]
04b_intensity_sampling  	    546	00.348885	(00.000639 +- 00.000229)	[00.000127,00.002206]
05_registration         	    546	01.709564	(00.003131 +- 00.000984)	[00.000690,00.013003]
06_map                  	    546	00.387861	(00.000710 +- 00.000441)	[00.000113,00.003099]
07_imu_opt              	    546	00.696292	(00.001275 +- 00.000192)	[00.000001,00.003969]
08_publish              	    546	04.192139	(00.007678 +- 00.003159)	[00.000514,00.024065]
step                    	    549	09.424965	(00.017168 +- 00.005486)	[00.003926,00.049405]

INFO  Timings:
SM Timing
-----------
00_conversion_livox     	    551	05.839905	(00.010599 +- 00.000411)	[00.008464,00.021490]
01_filter               	    550	00.144534	(00.000263 +- 00.000061)	[00.000114,00.002432]
02_preint               	    548	00.018750	(00.000034 +- 00.000006)	[00.000024,00.000075]
02a_intensity_preprocess	    550	01.304577	(00.002372 +- 00.000658)	[00.000791,00.006728]
03_undistortion         	    548	00.335667	(00.000613 +- 00.000223)	[00.000134,00.003404]
04_sampling             	    547	00.237332	(00.000434 +- 00.000142)	[00.000063,00.001400]
04b_intensity_sampling  	    547	00.349446	(00.000639 +- 00.000227)	[00.000127,00.002206]
05_registration         	    547	01.712382	(00.003130 +- 00.000984)	[00.000690,00.013003]
06_map                  	    547	00.388502	(00.000710 +- 00.000439)	[00.000113,00.003099]
07_imu_opt              	    547	00.697452	(00.001275 +- 00.000190)	[00.000001,00.003969]
08_publish              	    547	04.198755	(00.007676 +- 00.003121)	[00.000514,00.024065]
step                    	    550	09.440103	(00.017164 +- 00.005428)	[00.003926,00.049405]

INFO  Timings:
SM Timing
-----------
00_conversion_livox     	    552	05.849942	(00.010598 +- 00.000411)	[00.008464,00.021490]
01_filter               	    551	00.144955	(00.000263 +- 00.000066)	[00.000114,00.002432]
02_preint               	    549	00.018787	(00.000034 +- 00.000006)	[00.000024,00.000075]
02a_intensity_preprocess	    551	01.306641	(00.002371 +- 00.000649)	[00.000791,00.006728]
03_undistortion         	    549	00.336200	(00.000612 +- 00.000220)	[00.000134,00.003404]
04_sampling             	    548	00.237800	(00.000434 +- 00.000142)	[00.000063,00.001400]
04b_intensity_sampling  	    548	00.350068	(00.000639 +- 00.000224)	[00.000127,00.002206]
05_registration         	    548	01.714972	(00.003130 +- 00.000973)	[00.000690,00.013003]
06_map                  	    548	00.389035	(00.000710 +- 00.000436)	[00.000113,00.003099]
07_imu_opt              	    548	00.698596	(00.001275 +- 00.000189)	[00.000001,00.003969]
08_publish              	    548	04.205390	(00.007674 +- 00.003071)	[00.000514,00.024065]
step                    	    551	09.455220	(00.017160 +- 00.005335)	[00.003926,00.049405]

INFO  Timings:
SM Timing
-----------
00_conversion_livox     	    553	05.859818	(00.010596 +- 00.000410)	[00.008464,00.021490]
01_filter               	    552	00.145197	(00.000263 +- 00.000065)	[00.000114,00.002432]
02_preint               	    550	00.018820	(00.000034 +- 00.000006)	[00.000024,00.000075]
02a_intensity_preprocess	    552	01.308776	(00.002371 +- 00.000637)	[00.000791,00.006728]
03_undistortion         	    550	00.336639	(00.000612 +- 00.000217)	[00.000134,00.003404]
04_sampling             	    549	00.238165	(00.000434 +- 00.000139)	[00.000063,00.001400]
04b_intensity_sampling  	    549	00.350575	(00.000639 +- 00.000220)	[00.000127,00.002206]
05_registration         	    549	01.717732	(00.003129 +- 00.000974)	[00.000690,00.013003]
06_map                  	    549	00.389695	(00.000710 +- 00.000434)	[00.000113,00.003099]
07_imu_opt              	    549	00.699767	(00.001275 +- 00.000188)	[00.000001,00.003969]
08_publish              	    549	04.212182	(00.007672 +- 00.003006)	[00.000514,00.024065]
step                    	    552	09.470405	(00.017157 +- 00.005249)	[00.003926,00.049405]

INFO  Timings:
SM Timing
-----------
00_conversion_livox     	    554	05.870374	(00.010596 +- 00.000419)	[00.008464,00.021490]
01_filter               	    553	00.145409	(00.000263 +- 00.000064)	[00.000114,00.002432]
02_preint               	    551	00.018857	(00.000034 +- 00.000006)	[00.000024,00.000075]
02a_intensity_preprocess	    553	01.310847	(00.002370 +- 00.000621)	[00.000791,00.006728]
03_undistortion         	    551	00.337089	(00.000612 +- 00.000212)	[00.000134,00.003404]
04_sampling             	    550	00.238548	(00.000434 +- 00.000135)	[00.000063,00.001400]
04b_intensity_sampling  	    550	00.351111	(00.000638 +- 00.000216)	[00.000127,00.002206]
05_registration         	    550	01.720029	(00.003127 +- 00.000956)	[00.000690,00.013003]
06_map                  	    550	00.390222	(00.000709 +- 00.000430)	[00.000113,00.003099]
07_imu_opt              	    550	00.700975	(00.001274 +- 00.000185)	[00.000001,00.003969]
08_publish              	    550	04.218685	(00.007670 +- 00.002927)	[00.000514,00.024065]
step                    	    553	09.484686	(00.017151 +- 00.005115)	[00.003926,00.049405]

INFO  Timings:
SM Timing
-----------
00_conversion_livox     	    555	05.880337	(00.010595 +- 00.000418)	[00.008464,00.021490]
01_filter               	    554	00.145631	(00.000263 +- 00.000062)	[00.000114,00.002432]
02_preint               	    552	00.018888	(00.000034 +- 00.000006)	[00.000024,00.000075]
02a_intensity_preprocess	    554	01.312923	(00.002370 +- 00.000602)	[00.000791,00.006728]
03_undistortion         	    552	00.337569	(00.000612 +- 00.000206)	[00.000134,00.003404]
04_sampling             	    551	00.238949	(00.000434 +- 00.000130)	[00.000063,00.001400]
04b_intensity_sampling  	    551	00.351684	(00.000638 +- 00.000212)	[00.000127,00.002206]
05_registration         	    551	01.722333	(00.003126 +- 00.000941)	[00.000690,00.013003]
06_map                  	    551	00.390789	(00.000709 +- 00.000427)	[00.000113,00.003099]
07_imu_opt              	    551	00.702176	(00.001274 +- 00.000183)	[00.000001,00.003969]
08_publish              	    551	04.224932	(00.007668 +- 00.002834)	[00.000514,00.024065]
step                    	    554	09.498847	(00.017146 +- 00.004950)	[00.003926,00.049405]

INFO  Timings:
SM Timing
-----------
00_conversion_livox     	    556	05.890498	(00.010594 +- 00.000406)	[00.008464,00.021490]
01_filter               	    555	00.145845	(00.000263 +- 00.000060)	[00.000114,00.002432]
02_preint               	    553	00.018920	(00.000034 +- 00.000005)	[00.000024,00.000075]
02a_intensity_preprocess	    555	01.314914	(00.002369 +- 00.000579)	[00.000791,00.006728]
03_undistortion         	    553	00.338027	(00.000611 +- 00.000201)	[00.000134,00.003404]
04_sampling             	    552	00.239243	(00.000433 +- 00.000124)	[00.000063,00.001400]
04b_intensity_sampling  	    552	00.352214	(00.000638 +- 00.000205)	[00.000127,00.002206]
05_registration         	    552	01.725401	(00.003126 +- 00.000920)	[00.000690,00.013003]
06_map                  	    552	00.391313	(00.000709 +- 00.000422)	[00.000113,00.003099]
07_imu_opt              	    552	00.703377	(00.001274 +- 00.000180)	[00.000001,00.003969]
08_publish              	    552	04.230738	(00.007664 +- 00.002732)	[00.000514,00.024065]
step                    	    555	09.513053	(00.017141 +- 00.004751)	[00.003926,00.049405]

INFO  Timings:
SM Timing
-----------
00_conversion_livox     	    557	05.900884	(00.010594 +- 00.000401)	[00.008464,00.021490]
01_filter               	    556	00.146073	(00.000263 +- 00.000058)	[00.000114,00.002432]
02_preint               	    554	00.018953	(00.000034 +- 00.000005)	[00.000024,00.000075]
02a_intensity_preprocess	    556	01.316932	(00.002369 +- 00.000554)	[00.000791,00.006728]
03_undistortion         	    554	00.338504	(00.000611 +- 00.000195)	[00.000134,00.003404]
04_sampling             	    553	00.239667	(00.000433 +- 00.000118)	[00.000063,00.001400]
04b_intensity_sampling  	    553	00.352981	(00.000638 +- 00.000198)	[00.000127,00.002206]
05_registration         	    553	01.727953	(00.003125 +- 00.000888)	[00.000690,00.013003]
06_map                  	    553	00.391892	(00.000709 +- 00.000418)	[00.000113,00.003099]
07_imu_opt              	    553	00.704583	(00.001274 +- 00.000178)	[00.000001,00.003969]
08_publish              	    553	04.236292	(00.007661 +- 00.002619)	[00.000514,00.024065]
step                    	    556	09.526971	(00.017135 +- 00.004523)	[00.003926,00.049405]

INFO  Timings:
SM Timing
-----------
00_conversion_livox     	    558	05.911221	(00.010594 +- 00.000390)	[00.008464,00.021490]
01_filter               	    557	00.146307	(00.000263 +- 00.000056)	[00.000114,00.002432]
02_preint               	    555	00.018985	(00.000034 +- 00.000005)	[00.000024,00.000075]
02a_intensity_preprocess	    557	01.318908	(00.002368 +- 00.000527)	[00.000791,00.006728]
03_undistortion         	    555	00.339011	(00.000611 +- 00.000188)	[00.000134,00.003404]
04_sampling             	    554	00.240101	(00.000433 +- 00.000110)	[00.000063,00.001400]
04b_intensity_sampling  	    554	00.353548	(00.000638 +- 00.000190)	[00.000127,00.002206]
05_registration         	    554	01.729833	(00.003122 +- 00.000893)	[00.000690,00.013003]
06_map                  	    554	00.392401	(00.000708 +- 00.000412)	[00.000113,00.003099]
07_imu_opt              	    554	00.705775	(00.001274 +- 00.000177)	[00.000001,00.003969]
08_publish              	    554	04.241553	(00.007656 +- 00.002492)	[00.000514,00.024065]
step                    	    557	09.539634	(00.017127 +- 00.004377)	[00.003926,00.049405]

INFO  Timings:
SM Timing
-----------
00_conversion_livox     	    559	05.921066	(00.010592 +- 00.000390)	[00.008464,00.021490]
01_filter               	    558	00.146511	(00.000263 +- 00.000054)	[00.000114,00.002432]
02_preint               	    556	00.019021	(00.000034 +- 00.000005)	[00.000024,00.000075]
02a_intensity_preprocess	    558	01.320808	(00.002367 +- 00.000498)	[00.000791,00.006728]
03_undistortion         	    556	00.339593	(00.000611 +- 00.000184)	[00.000134,00.003404]
04_sampling             	    555	00.240440	(00.000433 +- 00.000102)	[00.000063,00.001400]
04b_intensity_sampling  	    555	00.354019	(00.000638 +- 00.000179)	[00.000127,00.002206]
05_registration         	    555	01.732257	(00.003121 +- 00.000870)	[00.000690,00.013003]
06_map                  	    555	00.392967	(00.000708 +- 00.000406)	[00.000113,00.003099]
07_imu_opt              	    555	00.706976	(00.001274 +- 00.000177)	[00.000001,00.003969]
08_publish              	    555	04.246518	(00.007651 +- 00.002352)	[00.000514,00.024065]
step                    	    558	09.552376	(00.017119 +- 00.004136)	[00.003926,00.049405]

INFO  Timings:
SM Timing
-----------
00_conversion_livox     	    560	05.931569	(00.010592 +- 00.000388)	[00.008464,00.021490]
01_filter               	    559	00.146711	(00.000262 +- 00.000052)	[00.000114,00.002432]
02_preint               	    557	00.019056	(00.000034 +- 00.000005)	[00.000024,00.000075]
02a_intensity_preprocess	    559	01.322586	(00.002366 +- 00.000467)	[00.000791,00.006728]
03_undistortion         	    557	00.339936	(00.000610 +- 00.000178)	[00.000134,00.003404]
04_sampling             	    556	00.240846	(00.000433 +- 00.000093)	[00.000063,00.001400]
04b_intensity_sampling  	    556	00.354477	(00.000638 +- 00.000171)	[00.000127,00.002206]
05_registration         	    556	01.734344	(00.003119 +- 00.000847)	[00.000690,00.013003]
06_map                  	    556	00.393448	(00.000708 +- 00.000400)	[00.000113,00.003099]
07_imu_opt              	    556	00.708093	(00.001274 +- 00.000176)	[00.000001,00.003969]
08_publish              	    556	04.250941	(00.007646 +- 00.002211)	[00.000514,00.024065]
step                    	    559	09.563773	(00.017109 +- 00.003879)	[00.003926,00.049405]

INFO  Timings:
SM Timing
-----------
00_conversion_livox     	    561	05.942287	(00.010592 +- 00.000394)	[00.008464,00.021490]
01_filter               	    560	00.146929	(00.000262 +- 00.000051)	[00.000114,00.002432]
02_preint               	    558	00.019093	(00.000034 +- 00.000005)	[00.000024,00.000075]
02a_intensity_preprocess	    560	01.324236	(00.002365 +- 00.000437)	[00.000791,00.006728]
03_undistortion         	    558	00.340278	(00.000610 +- 00.000173)	[00.000134,00.003404]
04_sampling             	    557	00.241139	(00.000433 +- 00.000094)	[00.000063,00.001400]
04b_intensity_sampling  	    557	00.354952	(00.000637 +- 00.000163)	[00.000127,00.002206]
05_registration         	    557	01.736375	(00.003117 +- 00.000816)	[00.000690,00.013003]
06_map                  	    557	00.393998	(00.000707 +- 00.000393)	[00.000113,00.003099]
07_imu_opt              	    557	00.709231	(00.001273 +- 00.000176)	[00.000001,00.003969]
08_publish              	    557	04.254965	(00.007639 +- 00.002079)	[00.000514,00.024065]
step                    	    560	09.574612	(00.017098 +- 00.003652)	[00.003926,00.049405]

INFO  Timings:
SM Timing
-----------
00_conversion_livox     	    562	05.952464	(00.010592 +- 00.000380)	[00.008464,00.021490]
01_filter               	    561	00.147158	(00.000262 +- 00.000049)	[00.000114,00.002432]
02_preint               	    559	00.019131	(00.000034 +- 00.000005)	[00.000024,00.000075]
02a_intensity_preprocess	    561	01.325942	(00.002364 +- 00.000404)	[00.000791,00.006728]
03_undistortion         	    559	00.340632	(00.000609 +- 00.000167)	[00.000134,00.003404]
04_sampling             	    558	00.241503	(00.000433 +- 00.000086)	[00.000063,00.001400]
04b_intensity_sampling  	    558	00.355362	(00.000637 +- 00.000156)	[00.000127,00.002206]
05_registration         	    558	01.738168	(00.003115 +- 00.000804)	[00.000690,00.013003]
06_map                  	    558	00.394503	(00.000707 +- 00.000388)	[00.000113,00.003099]
07_imu_opt              	    558	00.710390	(00.001273 +- 00.000174)	[00.000001,00.003969]
08_publish              	    558	04.259329	(00.007633 +- 00.001940)	[00.000514,00.024065]
step                    	    561	09.585599	(00.017087 +- 00.003412)	[00.003926,00.049405]

INFO  Timings:
SM Timing
-----------
00_conversion_livox     	    563	05.962710	(00.010591 +- 00.000366)	[00.008464,00.021490]
01_filter               	    562	00.147377	(00.000262 +- 00.000045)	[00.000114,00.002432]
02_preint               	    560	00.019161	(00.000034 +- 00.000005)	[00.000024,00.000075]
02a_intensity_preprocess	    562	01.327749	(00.002363 +- 00.000372)	[00.000791,00.006728]
03_undistortion         	    560	00.341057	(00.000609 +- 00.000161)	[00.000134,00.003404]
04_sampling             	    559	00.242000	(00.000433 +- 00.000075)	[00.000063,00.001400]
04b_intensity_sampling  	    559	00.355773	(00.000636 +- 00.000151)	[00.000127,00.002206]
05_registration         	    559	01.739959	(00.003113 +- 00.000798)	[00.000690,00.013003]
06_map                  	    559	00.394989	(00.000707 +- 00.000384)	[00.000113,00.003099]
07_imu_opt              	    559	00.711510	(00.001273 +- 00.000172)	[00.000001,00.003969]
08_publish              	    559	04.264245	(00.007628 +- 00.001807)	[00.000514,00.024065]
step                    	    562	09.597363	(00.017077 +- 00.003185)	[00.003926,00.049405]

INFO  Timings:
SM Timing
-----------
00_conversion_livox     	    564	05.971966	(00.010589 +- 00.000358)	[00.008464,00.021490]
01_filter               	    563	00.147764	(00.000262 +- 00.000048)	[00.000114,00.002432]
02_preint               	    561	00.019198	(00.000034 +- 00.000004)	[00.000024,00.000075]
02a_intensity_preprocess	    563	01.329747	(00.002362 +- 00.000346)	[00.000791,00.006728]
03_undistortion         	    561	00.341571	(00.000609 +- 00.000153)	[00.000134,00.003404]
04_sampling             	    560	00.242303	(00.000433 +- 00.000069)	[00.000063,00.001400]
04b_intensity_sampling  	    560	00.356343	(00.000636 +- 00.000144)	[00.000127,00.002206]
05_registration         	    560	01.742362	(00.003111 +- 00.000797)	[00.000690,00.013003]
06_map                  	    560	00.395598	(00.000706 +- 00.000379)	[00.000113,00.003099]
07_imu_opt              	    560	00.712665	(00.001273 +- 00.000171)	[00.000001,00.003969]
08_publish              	    560	04.270485	(00.007626 +- 00.001695)	[00.000514,00.024065]
step                    	    563	09.611626	(00.017072 +- 00.003046)	[00.003926,00.049405]

INFO  Timings:
SM Timing
-----------
00_conversion_livox     	    565	05.981243	(00.010586 +- 00.000374)	[00.008464,00.021490]
01_filter               	    564	00.147989	(00.000262 +- 00.000047)	[00.000114,00.002432]
02_preint               	    562	00.019225	(00.000034 +- 00.000005)	[00.000024,00.000075]
02a_intensity_preprocess	    564	01.331990	(00.002362 +- 00.000333)	[00.000791,00.006728]
03_undistortion         	    562	00.342115	(00.000609 +- 00.000148)	[00.000134,00.003404]
04_sampling             	    561	00.242669	(00.000433 +- 00.000065)	[00.000063,00.001400]
04b_intensity_sampling  	    561	00.356975	(00.000636 +- 00.000141)	[00.000127,00.002206]
05_registration         	    561	01.744484	(00.003110 +- 00.000799)	[00.000690,00.013003]
06_map                  	    561	00.396260	(00.000706 +- 00.000377)	[00.000113,00.003099]
07_imu_opt              	    561	00.713759	(00.001272 +- 00.000171)	[00.000001,00.003969]
08_publish              	    561	04.277857	(00.007625 +- 00.001636)	[00.000514,00.024065]
step                    	    564	09.626978	(00.017069 +- 00.002974)	[00.003926,00.049405]

INFO  Timings:
SM Timing
-----------
00_conversion_livox     	    566	05.991173	(00.010585 +- 00.000375)	[00.008464,00.021490]
01_filter               	    565	00.148315	(00.000263 +- 00.000048)	[00.000114,00.002432]
02_preint               	    563	00.019262	(00.000034 +- 00.000005)	[00.000024,00.000075]
02a_intensity_preprocess	    565	01.334334	(00.002362 +- 00.000323)	[00.000791,00.006728]
03_undistortion         	    563	00.342788	(00.000609 +- 00.000145)	[00.000134,00.003404]
04_sampling             	    562	00.243099	(00.000433 +- 00.000065)	[00.000063,00.001400]
04b_intensity_sampling  	    562	00.357808	(00.000637 +- 00.000142)	[00.000127,00.002206]
05_registration         	    562	01.747497	(00.003109 +- 00.000794)	[00.000690,00.013003]
06_map                  	    562	00.397033	(00.000706 +- 00.000376)	[00.000113,00.003099]
07_imu_opt              	    562	00.714917	(00.001272 +- 00.000170)	[00.000001,00.003969]
08_publish              	    562	04.285973	(00.007626 +- 00.001608)	[00.000514,00.024065]
step                    	    565	09.644773	(00.017070 +- 00.002918)	[00.003926,00.049405]

INFO  Timings:
SM Timing
-----------
00_conversion_livox     	    567	06.000922	(00.010584 +- 00.000373)	[00.008464,00.021490]
01_filter               	    566	00.148598	(00.000263 +- 00.000048)	[00.000114,00.002432]
02_preint               	    564	00.019294	(00.000034 +- 00.000004)	[00.000024,00.000075]
02a_intensity_preprocess	    566	01.336718	(00.002362 +- 00.000320)	[00.000791,00.006728]
03_undistortion         	    564	00.343357	(00.000609 +- 00.000144)	[00.000134,00.003404]
04_sampling             	    563	00.243524	(00.000433 +- 00.000065)	[00.000063,00.001400]
04b_intensity_sampling  	    563	00.358487	(00.000637 +- 00.000142)	[00.000127,00.002206]
05_registration         	    563	01.749669	(00.003108 +- 00.000791)	[00.000690,00.013003]
06_map                  	    563	00.397797	(00.000707 +- 00.000375)	[00.000113,00.003099]
07_imu_opt              	    563	00.716024	(00.001272 +- 00.000169)	[00.000001,00.003969]
08_publish              	    563	04.294370	(00.007628 +- 00.001592)	[00.000514,00.024065]
step                    	    566	09.661658	(00.017070 +- 00.002877)	[00.003926,00.049405]

INFO  Timings:
SM Timing
-----------
00_conversion_livox     	    568	06.010761	(00.010582 +- 00.000354)	[00.008464,00.021490]
01_filter               	    567	00.148888	(00.000263 +- 00.000048)	[00.000114,00.002432]
02_preint               	    565	00.019331	(00.000034 +- 00.000004)	[00.000024,00.000075]
02a_intensity_preprocess	    567	01.339228	(00.002362 +- 00.000321)	[00.000791,00.006728]
03_undistortion         	    565	00.343955	(00.000609 +- 00.000143)	[00.000134,00.003404]
04_sampling             	    564	00.244015	(00.000433 +- 00.000063)	[00.000063,00.001400]
04b_intensity_sampling  	    564	00.359535	(00.000637 +- 00.000152)	[00.000127,00.002206]
05_registration         	    564	01.754336	(00.003111 +- 00.000839)	[00.000690,00.013003]
06_map                  	    564	00.398526	(00.000707 +- 00.000375)	[00.000113,00.003099]
07_imu_opt              	    564	00.717133	(00.001272 +- 00.000121)	[00.000001,00.003969]
08_publish              	    564	04.303375	(00.007630 +- 00.001605)	[00.000514,00.024065]
step                    	    567	09.682216	(00.017076 +- 00.002938)	[00.003926,00.049405]

INFO  Timings:
SM Timing
-----------
00_conversion_livox     	    569	06.021141	(00.010582 +- 00.000355)	[00.008464,00.021490]
01_filter               	    568	00.149186	(00.000263 +- 00.000048)	[00.000114,00.002432]
02_preint               	    566	00.019367	(00.000034 +- 00.000004)	[00.000024,00.000075]
02a_intensity_preprocess	    568	01.341834	(00.002362 +- 00.000325)	[00.000791,00.006728]
03_undistortion         	    566	00.344654	(00.000609 +- 00.000144)	[00.000134,00.003404]
04_sampling             	    565	00.244558	(00.000433 +- 00.000065)	[00.000063,00.001400]
04b_intensity_sampling  	    565	00.360371	(00.000638 +- 00.000154)	[00.000127,00.002206]
05_registration         	    565	01.757815	(00.003111 +- 00.000840)	[00.000690,00.013003]
06_map                  	    565	00.399287	(00.000707 +- 00.000375)	[00.000113,00.003099]
07_imu_opt              	    565	00.718316	(00.001271 +- 00.000087)	[00.000001,00.003969]
08_publish              	    565	04.312693	(00.007633 +- 00.001628)	[00.000514,00.024065]
step                    	    568	09.702024	(00.017081 +- 00.002973)	[00.003926,00.049405]

INFO  Timings:
SM Timing
-----------
00_conversion_livox     	    570	06.031788	(00.010582 +- 00.000362)	[00.008464,00.021490]
01_filter               	    569	00.149502	(00.000263 +- 00.000048)	[00.000114,00.002432]
02_preint               	    567	00.019404	(00.000034 +- 00.000004)	[00.000024,00.000075]
02a_intensity_preprocess	    569	01.344484	(00.002363 +- 00.000329)	[00.000791,00.006728]
03_undistortion         	    567	00.345341	(00.000609 +- 00.000145)	[00.000134,00.003404]
04_sampling             	    566	00.244995	(00.000433 +- 00.000065)	[00.000063,00.001400]
04b_intensity_sampling  	    566	00.361175	(00.000638 +- 00.000155)	[00.000127,00.002206]
05_registration         	    566	01.760763	(00.003111 +- 00.000838)	[00.000690,00.013003]
06_map                  	    566	00.400103	(00.000707 +- 00.000374)	[00.000113,00.003099]
07_imu_opt              	    566	00.719573	(00.001271 +- 00.000082)	[00.000001,00.003969]
08_publish              	    566	04.322349	(00.007637 +- 00.001653)	[00.000514,00.024065]
step                    	    569	09.721711	(00.017086 +- 00.003005)	[00.003926,00.049405]

INFO  Timings:
SM Timing
-----------
00_conversion_livox     	    571	06.042117	(00.010582 +- 00.000363)	[00.008464,00.021490]
01_filter               	    570	00.149793	(00.000263 +- 00.000048)	[00.000114,00.002432]
02_preint               	    568	00.019454	(00.000034 +- 00.000004)	[00.000024,00.000075]
02a_intensity_preprocess	    570	01.347298	(00.002364 +- 00.000335)	[00.000791,00.006728]
03_undistortion         	    568	00.346033	(00.000609 +- 00.000141)	[00.000134,00.003404]
04_sampling             	    567	00.245454	(00.000433 +- 00.000064)	[00.000063,00.001400]
04b_intensity_sampling  	    567	00.362013	(00.000638 +- 00.000157)	[00.000127,00.002206]
05_registration         	    567	01.764008	(00.003111 +- 00.000754)	[00.000690,00.013003]
06_map                  	    567	00.401469	(00.000708 +- 00.000384)	[00.000113,00.003099]
07_imu_opt              	    567	00.721010	(00.001272 +- 00.000085)	[00.000001,00.003969]
08_publish              	    567	04.332765	(00.007642 +- 00.001685)	[00.000514,00.024065]
step                    	    570	09.743423	(00.017094 +- 00.003002)	[00.003926,00.049405]

INFO  Timings:
SM Timing
-----------
00_conversion_livox     	    572	06.052428	(00.010581 +- 00.000359)	[00.008464,00.021490]
01_filter               	    571	00.150106	(00.000263 +- 00.000048)	[00.000114,00.002432]
02_preint               	    569	00.019491	(00.000034 +- 00.000004)	[00.000024,00.000075]
02a_intensity_preprocess	    571	01.350210	(00.002365 +- 00.000342)	[00.000791,00.006728]
03_undistortion         	    569	00.346823	(00.000610 +- 00.000142)	[00.000134,00.003404]
04_sampling             	    568	00.246284	(00.000434 +- 00.000084)	[00.000063,00.001400]
04b_intensity_sampling  	    568	00.362940	(00.000639 +- 00.000161)	[00.000127,00.002206]
05_registration         	    568	01.767787	(00.003112 +- 00.000768)	[00.000690,00.013003]
06_map                  	    568	00.402334	(00.000708 +- 00.000384)	[00.000113,00.003099]
07_imu_opt              	    568	00.722399	(00.001272 +- 00.000087)	[00.000001,00.003969]
08_publish              	    568	04.343583	(00.007647 +- 00.001718)	[00.000514,00.024065]
step                    	    571	09.766164	(00.017104 +- 00.003087)	[00.003926,00.049405]

INFO  Timings:
SM Timing
-----------
00_conversion_livox     	    573	06.062971	(00.010581 +- 00.000356)	[00.008464,00.021490]
01_filter               	    572	00.150451	(00.000263 +- 00.000049)	[00.000114,00.002432]
02_preint               	    570	00.019526	(00.000034 +- 00.000004)	[00.000024,00.000075]
02a_intensity_preprocess	    572	01.353106	(00.002366 +- 00.000326)	[00.000791,00.006728]
03_undistortion         	    570	00.347581	(00.000610 +- 00.000144)	[00.000134,00.003404]
04_sampling             	    569	00.246763	(00.000434 +- 00.000084)	[00.000063,00.001400]
04b_intensity_sampling  	    569	00.363798	(00.000639 +- 00.000140)	[00.000127,00.002206]
05_registration         	    569	01.771313	(00.003113 +- 00.000684)	[00.000690,00.013003]
06_map                  	    569	00.403265	(00.000709 +- 00.000385)	[00.000113,00.003099]
07_imu_opt              	    569	00.723616	(00.001272 +- 00.000084)	[00.000001,00.003969]
08_publish              	    569	04.354359	(00.007653 +- 00.001726)	[00.000514,00.024065]
step                    	    572	09.788061	(00.017112 +- 00.002992)	[00.003926,00.049405]

INFO  Timings:
SM Timing
-----------
00_conversion_livox     	    574	06.073338	(00.010581 +- 00.000328)	[00.008464,00.021490]
01_filter               	    573	00.150780	(00.000263 +- 00.000050)	[00.000114,00.002432]
02_preint               	    571	00.019557	(00.000034 +- 00.000004)	[00.000024,00.000075]
02a_intensity_preprocess	    573	01.356064	(00.002367 +- 00.000327)	[00.000791,00.006728]
03_undistortion         	    571	00.348364	(00.000610 +- 00.000146)	[00.000134,00.003404]
04_sampling             	    570	00.247285	(00.000434 +- 00.000085)	[00.000063,00.001400]
04b_intensity_sampling  	    570	00.364762	(00.000640 +- 00.000144)	[00.000127,00.002206]
05_registration         	    570	01.774771	(00.003114 +- 00.000692)	[00.000690,00.013003]
06_map                  	    570	00.404325	(00.000709 +- 00.000386)	[00.000113,00.003099]
07_imu_opt              	    570	00.724792	(00.001272 +- 00.000083)	[00.000001,00.003969]
08_publish              	    570	04.365331	(00.007658 +- 00.001758)	[00.000514,00.024065]
step                    	    573	09.810375	(00.017121 +- 00.003066)	[00.003926,00.049405]

INFO  Timings:
SM Timing
-----------
00_conversion_livox     	    575	06.083430	(00.010580 +- 00.000319)	[00.008464,00.021490]
01_filter               	    574	00.151106	(00.000263 +- 00.000051)	[00.000114,00.002432]
02_preint               	    572	00.019583	(00.000034 +- 00.000005)	[00.000024,00.000075]
02a_intensity_preprocess	    574	01.358958	(00.002368 +- 00.000328)	[00.000791,00.006728]
03_undistortion         	    572	00.349225	(00.000611 +- 00.000139)	[00.000134,00.003404]
04_sampling             	    571	00.247768	(00.000434 +- 00.000084)	[00.000063,00.001400]
04b_intensity_sampling  	    571	00.365668	(00.000640 +- 00.000148)	[00.000127,00.002206]
05_registration         	    571	01.777944	(00.003114 +- 00.000693)	[00.000690,00.013003]
06_map                  	    571	00.405220	(00.000710 +- 00.000387)	[00.000113,00.003099]
07_imu_opt              	    571	00.725932	(00.001271 +- 00.000083)	[00.000001,00.003969]
08_publish              	    571	04.376295	(00.007664 +- 00.001785)	[00.000514,00.024065]
step                    	    574	09.832124	(00.017129 +- 00.003094)	[00.003926,00.049405]

INFO  Timings:
SM Timing
-----------
00_conversion_livox     	    576	06.093512	(00.010579 +- 00.000318)	[00.008464,00.021490]
01_filter               	    575	00.151441	(00.000263 +- 00.000051)	[00.000114,00.002432]
02_preint               	    573	00.019611	(00.000034 +- 00.000004)	[00.000024,00.000075]
02a_intensity_preprocess	    575	01.361853	(00.002368 +- 00.000332)	[00.000791,00.006728]
03_undistortion         	    573	00.349994	(00.000611 +- 00.000141)	[00.000134,00.003404]
04_sampling             	    572	00.248270	(00.000434 +- 00.000084)	[00.000063,00.001400]
04b_intensity_sampling  	    572	00.366502	(00.000641 +- 00.000149)	[00.000127,00.002206]
05_registration         	    572	01.781161	(00.003114 +- 00.000696)	[00.000690,00.013003]
06_map                  	    572	00.406118	(00.000710 +- 00.000387)	[00.000113,00.003099]
07_imu_opt              	    572	00.727078	(00.001271 +- 00.000082)	[00.000001,00.003969]
08_publish              	    572	04.387125	(00.007670 +- 00.001812)	[00.000514,00.024065]
step                    	    575	09.853668	(00.017137 +- 00.003129)	[00.003926,00.049405]

INFO  Timings:
SM Timing
-----------
00_conversion_livox     	    577	06.103154	(00.010577 +- 00.000324)	[00.008464,00.021490]
01_filter               	    576	00.151783	(00.000264 +- 00.000052)	[00.000114,00.002432]
02_preint               	    574	00.019642	(00.000034 +- 00.000004)	[00.000024,00.000075]
02a_intensity_preprocess	    576	01.364762	(00.002369 +- 00.000338)	[00.000791,00.006728]
03_undistortion         	    574	00.350708	(00.000611 +- 00.000141)	[00.000134,00.003404]
04_sampling             	    573	00.248747	(00.000434 +- 00.000085)	[00.000063,00.001400]
04b_intensity_sampling  	    573	00.367282	(00.000641 +- 00.000149)	[00.000127,00.002206]
05_registration         	    573	01.784353	(00.003114 +- 00.000700)	[00.000690,00.013003]
06_map                  	    573	00.407063	(00.000710 +- 00.000388)	[00.000113,00.003099]
07_imu_opt              	    573	00.728283	(00.001271 +- 00.000076)	[00.000001,00.003969]
08_publish              	    573	04.398016	(00.007675 +- 00.001848)	[00.000514,00.024065]
step                    	    576	09.875224	(00.017144 +- 00.003182)	[00.003926,00.049405]

INFO  Timings:
SM Timing
-----------
00_conversion_livox     	    578	06.112757	(00.010576 +- 00.000327)	[00.008464,00.021490]
01_filter               	    577	00.152094	(00.000264 +- 00.000052)	[00.000114,00.002432]
02_preint               	    575	00.019669	(00.000034 +- 00.000004)	[00.000024,00.000075]
02a_intensity_preprocess	    577	01.367614	(00.002370 +- 00.000345)	[00.000791,00.006728]
03_undistortion         	    575	00.351414	(00.000611 +- 00.000141)	[00.000134,00.003404]
04_sampling             	    574	00.249251	(00.000434 +- 00.000085)	[00.000063,00.001400]
04b_intensity_sampling  	    574	00.368080	(00.000641 +- 00.000150)	[00.000127,00.002206]
05_registration         	    574	01.788014	(00.003115 +- 00.000689)	[00.000690,00.013003]
06_map                  	    574	00.407830	(00.000711 +- 00.000387)	[00.000113,00.003099]
07_imu_opt              	    574	00.729328	(00.001271 +- 00.000066)	[00.000001,00.003969]
08_publish              	    574	04.408544	(00.007680 +- 00.001879)	[00.000514,00.024065]
step                    	    577	09.896501	(00.017152 +- 00.003204)	[00.003926,00.049405]

INFO  Timings:
SM Timing
-----------
00_conversion_livox     	    579	06.122204	(00.010574 +- 00.000338)	[00.008464,00.021490]
01_filter               	    578	00.152423	(00.000264 +- 00.000052)	[00.000114,00.002432]
02_preint               	    576	00.019697	(00.000034 +- 00.000004)	[00.000024,00.000075]
02a_intensity_preprocess	    578	01.370419	(00.002371 +- 00.000350)	[00.000791,00.006728]
03_undistortion         	    576	00.352097	(00.000611 +- 00.000141)	[00.000134,00.003404]
04_sampling             	    575	00.249675	(00.000434 +- 00.000085)	[00.000063,00.001400]
04b_intensity_sampling  	    575	00.368837	(00.000641 +- 00.000149)	[00.000127,00.002206]
05_registration         	    575	01.790810	(00.003114 +- 00.000688)	[00.000690,00.013003]
06_map                  	    575	00.408611	(00.000711 +- 00.000200)	[00.000113,00.003099]
07_imu_opt              	    575	00.730363	(00.001270 +- 00.000069)	[00.000001,00.003969]
08_publish              	    575	04.418598	(00.007685 +- 00.001902)	[00.000514,00.024065]
step                    	    578	09.916238	(00.017156 +- 00.003181)	[00.003926,00.049405]

INFO  Timings:
SM Timing
-----------
00_conversion_livox     	    580	06.130934	(00.010571 +- 00.000384)	[00.008464,00.021490]
01_filter               	    579	00.152727	(00.000264 +- 00.000052)	[00.000114,00.002432]
02_preint               	    577	00.019722	(00.000034 +- 00.000005)	[00.000024,00.000075]
02a_intensity_preprocess	    579	01.373153	(00.002372 +- 00.000353)	[00.000791,00.006728]
03_undistortion         	    577	00.352819	(00.000611 +- 00.000141)	[00.000134,00.003404]
04_sampling             	    576	00.250171	(00.000434 +- 00.000085)	[00.000063,00.001400]
04b_intensity_sampling  	    576	00.369636	(00.000642 +- 00.000150)	[00.000127,00.002206]
05_registration         	    576	01.794473	(00.003115 +- 00.000694)	[00.000690,00.013003]
06_map                  	    576	00.409364	(00.000711 +- 00.000200)	[00.000113,00.003099]
07_imu_opt              	    576	00.731422	(00.001270 +- 00.000070)	[00.000001,00.003969]
08_publish              	    576	04.428678	(00.007689 +- 00.001926)	[00.000514,00.024065]
step                    	    579	09.936934	(00.017162 +- 00.003214)	[00.003926,00.049405]

INFO  Timings:
SM Timing
-----------
00_conversion_livox     	    581	06.140647	(00.010569 +- 00.000382)	[00.008464,00.021490]
01_filter               	    580	00.153034	(00.000264 +- 00.000052)	[00.000114,00.002432]
02_preint               	    578	00.019753	(00.000034 +- 00.000005)	[00.000024,00.000075]
02a_intensity_preprocess	    580	01.375948	(00.002372 +- 00.000358)	[00.000791,00.006728]
03_undistortion         	    578	00.353485	(00.000612 +- 00.000141)	[00.000134,00.003404]
04_sampling             	    577	00.250580	(00.000434 +- 00.000085)	[00.000063,00.001400]
04b_intensity_sampling  	    577	00.370436	(00.000642 +- 00.000151)	[00.000127,00.002206]
05_registration         	    577	01.797782	(00.003116 +- 00.000699)	[00.000690,00.013003]
06_map                  	    577	00.410043	(00.000711 +- 00.000201)	[00.000113,00.003099]
07_imu_opt              	    577	00.732564	(00.001270 +- 00.000070)	[00.000001,00.003969]
08_publish              	    577	04.438920	(00.007693 +- 00.001956)	[00.000514,00.024065]
step                    	    580	09.957396	(00.017168 +- 00.003249)	[00.003926,00.049405]

INFO  Timings:
SM Timing
-----------
00_conversion_livox     	    582	06.150616	(00.010568 +- 00.000382)	[00.008464,00.021490]
01_filter               	    581	00.153343	(00.000264 +- 00.000052)	[00.000114,00.002432]
02_preint               	    579	00.019790	(00.000034 +- 00.000005)	[00.000024,00.000075]
02a_intensity_preprocess	    581	01.378737	(00.002373 +- 00.000363)	[00.000791,00.006728]
03_undistortion         	    579	00.354246	(00.000612 +- 00.000140)	[00.000134,00.003404]
04_sampling             	    578	00.251074	(00.000434 +- 00.000085)	[00.000063,00.001400]
04b_intensity_sampling  	    578	00.371305	(00.000642 +- 00.000153)	[00.000127,00.002206]
05_registration         	    578	01.800643	(00.003115 +- 00.000697)	[00.000690,00.013003]
06_map                  	    578	00.410918	(00.000711 +- 00.000201)	[00.000113,00.003099]
07_imu_opt              	    578	00.733686	(00.001269 +- 00.000070)	[00.000001,00.003969]
08_publish              	    578	04.449026	(00.007697 +- 00.001984)	[00.000514,00.024065]
step                    	    581	09.977692	(00.017173 +- 00.003287)	[00.003926,00.049405]

INFO  Timings:
SM Timing
-----------
00_conversion_livox     	    583	06.160722	(00.010567 +- 00.000382)	[00.008464,00.021490]
01_filter               	    582	00.153615	(00.000264 +- 00.000052)	[00.000114,00.002432]
02_preint               	    580	00.019827	(00.000034 +- 00.000004)	[00.000024,00.000075]
02a_intensity_preprocess	    582	01.381467	(00.002374 +- 00.000367)	[00.000791,00.006728]
03_undistortion         	    580	00.354958	(00.000612 +- 00.000138)	[00.000134,00.003404]
04_sampling             	    579	00.251654	(00.000435 +- 00.000087)	[00.000063,00.001400]
04b_intensity_sampling  	    579	00.372074	(00.000643 +- 00.000153)	[00.000127,00.002206]
05_registration         	    579	01.803473	(00.003115 +- 00.000697)	[00.000690,00.013003]
06_map                  	    579	00.411659	(00.000711 +- 00.000200)	[00.000113,00.003099]
07_imu_opt              	    579	00.734813	(00.001269 +- 00.000071)	[00.000001,00.003969]
08_publish              	    579	04.459071	(00.007701 +- 00.002010)	[00.000514,00.024065]
step                    	    582	09.997604	(00.017178 +- 00.003317)	[00.003926,00.049405]

INFO  Timings:
SM Timing
-----------
00_conversion_livox     	    584	06.171234	(00.010567 +- 00.000387)	[00.008464,00.021490]
01_filter               	    583	00.153846	(00.000264 +- 00.000052)	[00.000114,00.002432]
02_preint               	    581	00.019857	(00.000034 +- 00.000004)	[00.000024,00.000075]
02a_intensity_preprocess	    583	01.384235	(00.002374 +- 00.000372)	[00.000791,00.006728]
03_undistortion         	    581	00.355694	(00.000612 +- 00.000139)	[00.000134,00.003404]
04_sampling             	    580	00.252140	(00.000435 +- 00.000087)	[00.000063,00.001400]
04b_intensity_sampling  	    580	00.372862	(00.000643 +- 00.000154)	[00.000127,00.002206]
05_registration         	    580	01.806250	(00.003114 +- 00.000697)	[00.000690,00.013003]
06_map                  	    580	00.412614	(00.000711 +- 00.000203)	[00.000113,00.003099]
07_imu_opt              	    580	00.735965	(00.001269 +- 00.000070)	[00.000001,00.003969]
08_publish              	    580	04.468926	(00.007705 +- 00.002030)	[00.000514,00.024065]
step                    	    583	10.017437	(00.017183 +- 00.003342)	[00.003926,00.049405]

INFO  Timings:
SM Timing
-----------
00_conversion_livox     	    585	06.181280	(00.010566 +- 00.000386)	[00.008464,00.021490]
01_filter               	    584	00.154068	(00.000264 +- 00.000052)	[00.000114,00.002432]
02_preint               	    582	00.019893	(00.000034 +- 00.000004)	[00.000024,00.000075]
02a_intensity_preprocess	    584	01.386943	(00.002375 +- 00.000376)	[00.000791,00.006728]
03_undistortion         	    582	00.356626	(00.000613 +- 00.000146)	[00.000134,00.003404]
04_sampling             	    581	00.252577	(00.000435 +- 00.000087)	[00.000063,00.001400]
04b_intensity_sampling  	    581	00.373522	(00.000643 +- 00.000153)	[00.000127,00.002206]
05_registration         	    581	01.809699	(00.003115 +- 00.000696)	[00.000690,00.013003]
06_map                  	    581	00.413435	(00.000712 +- 00.000203)	[00.000113,00.003099]
07_imu_opt              	    581	00.737080	(00.001269 +- 00.000071)	[00.000001,00.003969]
08_publish              	    581	04.478709	(00.007709 +- 00.002050)	[00.000514,00.024065]
step                    	    584	10.037664	(00.017188 +- 00.003375)	[00.003926,00.049405]

INFO  Timings:
SM Timing
-----------
00_conversion_livox     	    586	06.191267	(00.010565 +- 00.000386)	[00.008464,00.021490]
01_filter               	    585	00.154332	(00.000264 +- 00.000051)	[00.000114,00.002432]
02_preint               	    583	00.019924	(00.000034 +- 00.000004)	[00.000024,00.000075]
02a_intensity_preprocess	    585	01.389591	(00.002375 +- 00.000378)	[00.000791,00.006728]
03_undistortion         	    583	00.357239	(00.000613 +- 00.000146)	[00.000134,00.003404]
04_sampling             	    582	00.253030	(00.000435 +- 00.000087)	[00.000063,00.001400]
04b_intensity_sampling  	    582	00.374367	(00.000643 +- 00.000155)	[00.000127,00.002206]
05_registration         	    582	01.812539	(00.003114 +- 00.000690)	[00.000690,00.013003]
06_map                  	    582	00.414135	(00.000712 +- 00.000202)	[00.000113,00.003099]
07_imu_opt              	    582	00.738208	(00.001268 +- 00.000069)	[00.000001,00.003969]
08_publish              	    582	04.487950	(00.007711 +- 00.002060)	[00.000514,00.024065]
step                    	    585	10.056526	(00.017191 +- 00.003386)	[00.003926,00.049405]

INFO  Timings:
SM Timing
-----------
00_conversion_livox     	    587	06.200996	(00.010564 +- 00.000388)	[00.008464,00.021490]
01_filter               	    586	00.154647	(00.000264 +- 00.000051)	[00.000114,00.002432]
02_preint               	    584	00.019960	(00.000034 +- 00.000004)	[00.000024,00.000075]
02a_intensity_preprocess	    586	01.392164	(00.002376 +- 00.000379)	[00.000791,00.006728]
03_undistortion         	    584	00.357964	(00.000613 +- 00.000146)	[00.000134,00.003404]
04_sampling             	    583	00.253492	(00.000435 +- 00.000087)	[00.000063,00.001400]
04b_intensity_sampling  	    583	00.375045	(00.000643 +- 00.000154)	[00.000127,00.002206]
05_registration         	    583	01.815825	(00.003115 +- 00.000689)	[00.000690,00.013003]
06_map                  	    583	00.415056	(00.000712 +- 00.000202)	[00.000113,00.003099]
07_imu_opt              	    583	00.739328	(00.001268 +- 00.000069)	[00.000001,00.003969]
08_publish              	    583	04.497132	(00.007714 +- 00.002067)	[00.000514,00.024065]
step                    	    586	10.075900	(00.017194 +- 00.003401)	[00.003926,00.049405]

INFO  Timings:
SM Timing
-----------
00_conversion_livox     	    588	06.210510	(00.010562 +- 00.000394)	[00.008464,00.021490]
01_filter               	    587	00.154935	(00.000264 +- 00.000051)	[00.000114,00.002432]
02_preint               	    585	00.019987	(00.000034 +- 00.000004)	[00.000024,00.000075]
02a_intensity_preprocess	    587	01.394758	(00.002376 +- 00.000380)	[00.000791,00.006728]
03_undistortion         	    585	00.358650	(00.000613 +- 00.000147)	[00.000134,00.003404]
04_sampling             	    584	00.253923	(00.000435 +- 00.000086)	[00.000063,00.001400]
04b_intensity_sampling  	    584	00.376064	(00.000644 +- 00.000158)	[00.000127,00.002206]
05_registration         	    584	01.819122	(00.003115 +- 00.000688)	[00.000690,00.013003]
06_map                  	    584	00.415941	(00.000712 +- 00.000203)	[00.000113,00.003099]
07_imu_opt              	    584	00.740389	(00.001268 +- 00.000070)	[00.000001,00.003969]
08_publish              	    584	04.506529	(00.007717 +- 00.002073)	[00.000514,00.024065]
step                    	    587	10.095660	(00.017199 +- 00.003408)	[00.003926,00.049405]

INFO  Timings:
SM Timing
-----------
00_conversion_livox     	    589	06.220130	(00.010560 +- 00.000398)	[00.008464,00.021490]
01_filter               	    588	00.155224	(00.000264 +- 00.000051)	[00.000114,00.002432]
02_preint               	    586	00.020017	(00.000034 +- 00.000004)	[00.000024,00.000075]
02a_intensity_preprocess	    588	01.397316	(00.002376 +- 00.000380)	[00.000791,00.006728]
03_undistortion         	    586	00.359336	(00.000613 +- 00.000146)	[00.000134,00.003404]
04_sampling             	    585	00.254362	(00.000435 +- 00.000086)	[00.000063,00.001400]
04b_intensity_sampling  	    585	00.376737	(00.000644 +- 00.000157)	[00.000127,00.002206]
05_registration         	    585	01.822259	(00.003115 +- 00.000674)	[00.000690,00.013003]
06_map                  	    585	00.416765	(00.000712 +- 00.000202)	[00.000113,00.003099]
07_imu_opt              	    585	00.741494	(00.001268 +- 00.000070)	[00.000001,00.003969]
08_publish              	    585	04.516169	(00.007720 +- 00.002078)	[00.000514,00.024065]
step                    	    588	10.115105	(00.017203 +- 00.003398)	[00.003926,00.049405]

INFO  Timings:
SM Timing
-----------
00_conversion_livox     	    590	06.230070	(00.010559 +- 00.000398)	[00.008464,00.021490]
01_filter               	    589	00.155550	(00.000264 +- 00.000051)	[00.000114,00.002432]
02_preint               	    587	00.020052	(00.000034 +- 00.000004)	[00.000024,00.000075]
02a_intensity_preprocess	    589	01.400036	(00.002377 +- 00.000379)	[00.000791,00.006728]
03_undistortion         	    587	00.360148	(00.000614 +- 00.000149)	[00.000134,00.003404]
04_sampling             	    586	00.254771	(00.000435 +- 00.000085)	[00.000063,00.001400]
04b_intensity_sampling  	    586	00.377462	(00.000644 +- 00.000157)	[00.000127,00.002206]
05_registration         	    586	01.824731	(00.003114 +- 00.000676)	[00.000690,00.013003]
06_map                  	    586	00.417599	(00.000713 +- 00.000203)	[00.000113,00.003099]
07_imu_opt              	    586	00.742603	(00.001267 +- 00.000071)	[00.000001,00.003969]
08_publish              	    586	04.525763	(00.007723 +- 00.002073)	[00.000514,00.024065]
step                    	    589	10.134217	(00.017206 +- 00.003386)	[00.003926,00.049405]

INFO  Timings:
SM Timing
-----------
00_conversion_livox     	    591	06.239954	(00.010558 +- 00.000395)	[00.008464,00.021490]
01_filter               	    590	00.155835	(00.000264 +- 00.000051)	[00.000114,00.002432]
02_preint               	    588	00.020088	(00.000034 +- 00.000004)	[00.000024,00.000075]
02a_intensity_preprocess	    590	01.402637	(00.002377 +- 00.000377)	[00.000791,00.006728]
03_undistortion         	    588	00.360877	(00.000614 +- 00.000146)	[00.000134,00.003404]
04_sampling             	    587	00.255222	(00.000435 +- 00.000084)	[00.000063,00.001400]
04b_intensity_sampling  	    587	00.378297	(00.000644 +- 00.000156)	[00.000127,00.002206]
05_registration         	    587	01.827554	(00.003113 +- 00.000675)	[00.000690,00.013003]
06_map                  	    587	00.418366	(00.000713 +- 00.000201)	[00.000113,00.003099]
07_imu_opt              	    587	00.743685	(00.001267 +- 00.000071)	[00.000001,00.003969]
08_publish              	    587	04.535351	(00.007726 +- 00.002064)	[00.000514,00.024065]
step                    	    590	10.153483	(00.017209 +- 00.003366)	[00.003926,00.049405]

INFO  Timings:
SM Timing
-----------
00_conversion_livox     	    592	06.249659	(00.010557 +- 00.000397)	[00.008464,00.021490]
01_filter               	    591	00.156054	(00.000264 +- 00.000051)	[00.000114,00.002432]
02_preint               	    589	00.020114	(00.000034 +- 00.000004)	[00.000024,00.000075]
02a_intensity_preprocess	    591	01.405217	(00.002378 +- 00.000373)	[00.000791,00.006728]
03_undistortion         	    589	00.361566	(00.000614 +- 00.000146)	[00.000134,00.003404]
04_sampling             	    588	00.255582	(00.000435 +- 00.000084)	[00.000063,00.001400]
04b_intensity_sampling  	    588	00.378868	(00.000644 +- 00.000155)	[00.000127,00.002206]
05_registration         	    588	01.830363	(00.003113 +- 00.000675)	[00.000690,00.013003]
06_map                  	    588	00.419152	(00.000713 +- 00.000200)	[00.000113,00.003099]
07_imu_opt              	    588	00.744705	(00.001267 +- 00.000074)	[00.000001,00.003969]
08_publish              	    588	04.545017	(00.007730 +- 00.002058)	[00.000514,00.024065]
step                    	    591	10.172276	(00.017212 +- 00.003346)	[00.003926,00.049405]

INFO  Timings:
SM Timing
-----------
00_conversion_livox     	    593	06.259630	(00.010556 +- 00.000397)	[00.008464,00.021490]
01_filter               	    592	00.156298	(00.000264 +- 00.000051)	[00.000114,00.002432]
02_preint               	    590	00.020140	(00.000034 +- 00.000004)	[00.000024,00.000075]
02a_intensity_preprocess	    592	01.407795	(00.002378 +- 00.000370)	[00.000791,00.006728]
03_undistortion         	    590	00.362167	(00.000614 +- 00.000143)	[00.000134,00.003404]
04_sampling             	    589	00.256119	(00.000435 +- 00.000085)	[00.000063,00.001400]
04b_intensity_sampling  	    589	00.379608	(00.000644 +- 00.000155)	[00.000127,00.002206]
05_registration         	    589	01.833130	(00.003112 +- 00.000674)	[00.000690,00.013003]
06_map                  	    589	00.420001	(00.000713 +- 00.000199)	[00.000113,00.003099]
07_imu_opt              	    589	00.745753	(00.001266 +- 00.000075)	[00.000001,00.003969]
08_publish              	    589	04.554954	(00.007733 +- 00.002060)	[00.000514,00.024065]
step                    	    592	10.191665	(00.017216 +- 00.003336)	[00.003926,00.049405]

INFO  Timings:
SM Timing
-----------
00_conversion_livox     	    594	06.269247	(00.010554 +- 00.000400)	[00.008464,00.021490]
01_filter               	    593	00.156577	(00.000264 +- 00.000050)	[00.000114,00.002432]
02_preint               	    591	00.020176	(00.000034 +- 00.000004)	[00.000024,00.000075]
02a_intensity_preprocess	    593	01.410536	(00.002379 +- 00.000372)	[00.000791,00.006728]
03_undistortion         	    591	00.363037	(00.000614 +- 00.000147)	[00.000134,00.003404]
04_sampling             	    590	00.256616	(00.000435 +- 00.000085)	[00.000063,00.001400]
04b_intensity_sampling  	    590	00.380406	(00.000645 +- 00.000156)	[00.000127,00.002206]
05_registration         	    590	01.836300	(00.003112 +- 00.000660)	[00.000690,00.013003]
06_map                  	    590	00.420896	(00.000713 +- 00.000199)	[00.000113,00.003099]
07_imu_opt              	    590	00.746862	(00.001266 +- 00.000075)	[00.000001,00.003969]
08_publish              	    590	04.565016	(00.007737 +- 00.002068)	[00.000514,00.024065]
step                    	    593	10.212196	(00.017221 +- 00.003344)	[00.003926,00.049405]

INFO  Timings:
SM Timing
-----------
00_conversion_livox     	    595	06.278678	(00.010552 +- 00.000406)	[00.008464,00.021490]
01_filter               	    594	00.156844	(00.000264 +- 00.000050)	[00.000114,00.002432]
02_preint               	    592	00.020208	(00.000034 +- 00.000004)	[00.000024,00.000075]
02a_intensity_preprocess	    594	01.413404	(00.002379 +- 00.000376)	[00.000791,00.006728]
03_undistortion         	    592	00.363756	(00.000614 +- 00.000145)	[00.000134,00.003404]
04_sampling             	    591	00.257048	(00.000435 +- 00.000084)	[00.000063,00.001400]
04b_intensity_sampling  	    591	00.381161	(00.000645 +- 00.000155)	[00.000127,00.002206]
05_registration         	    591	01.840760	(00.003115 +- 00.000696)	[00.000690,00.013003]
06_map                  	    591	00.421680	(00.000714 +- 00.000199)	[00.000113,00.003099]
07_imu_opt              	    591	00.748159	(00.001266 +- 00.000078)	[00.000001,00.003969]
08_publish              	    591	04.575276	(00.007742 +- 00.002081)	[00.000514,00.024065]
step                    	    594	10.234147	(00.017229 +- 00.003392)	[00.003926,00.049405]

INFO  Timings:
SM Timing
-----------
00_conversion_livox     	    596	06.288979	(00.010552 +- 00.000402)	[00.008464,00.021490]
01_filter               	    595	00.157171	(00.000264 +- 00.000051)	[00.000114,00.002432]
02_preint               	    593	00.020246	(00.000034 +- 00.000005)	[00.000024,00.000075]
02a_intensity_preprocess	    595	01.416215	(00.002380 +- 00.000378)	[00.000791,00.006728]
03_undistortion         	    593	00.364544	(00.000615 +- 00.000147)	[00.000134,00.003404]
04_sampling             	    592	00.257644	(00.000435 +- 00.000087)	[00.000063,00.001400]
04b_intensity_sampling  	    592	00.382028	(00.000645 +- 00.000156)	[00.000127,00.002206]
05_registration         	    592	01.843600	(00.003114 +- 00.000638)	[00.000690,00.013003]
06_map                  	    592	00.422679	(00.000714 +- 00.000201)	[00.000113,00.003099]
07_imu_opt              	    592	00.749367	(00.001266 +- 00.000077)	[00.000001,00.003969]
08_publish              	    592	04.585220	(00.007745 +- 00.002090)	[00.000514,00.024065]
step                    	    595	10.254647	(00.017235 +- 00.003411)	[00.003926,00.049405]

INFO  Timings:
SM Timing
-----------
00_conversion_livox     	    597	06.299305	(00.010552 +- 00.000403)	[00.008464,00.021490]
01_filter               	    596	00.157499	(00.000264 +- 00.000051)	[00.000114,00.002432]
02_preint               	    594	00.020280	(00.000034 +- 00.000004)	[00.000024,00.000075]
02a_intensity_preprocess	    596	01.418979	(00.002381 +- 00.000380)	[00.000791,00.006728]
03_undistortion         	    594	00.365246	(00.000615 +- 00.000147)	[00.000134,00.003404]
04_sampling             	    593	00.258162	(00.000435 +- 00.000086)	[00.000063,00.001400]
04b_intensity_sampling  	    593	00.382811	(00.000646 +- 00.000156)	[00.000127,00.002206]
05_registration         	    593	01.847691	(00.003116 +- 00.000651)	[00.000690,00.013003]
06_map                  	    593	00.423513	(00.000714 +- 00.000171)	[00.000113,00.003099]
07_imu_opt              	    593	00.750597	(00.001266 +- 00.000077)	[00.000001,00.003969]
08_publish              	    593	04.594995	(00.007749 +- 00.002092)	[00.000514,00.024065]
step                    	    596	10.275781	(00.017241 +- 00.003435)	[00.003926,00.049405]

INFO  Timings:
SM Timing
-----------
00_conversion_livox     	    598	06.309270	(00.010551 +- 00.000401)	[00.008464,00.021490]
01_filter               	    597	00.157806	(00.000264 +- 00.000050)	[00.000114,00.002432]
02_preint               	    595	00.020317	(00.000034 +- 00.000005)	[00.000024,00.000075]
02a_intensity_preprocess	    597	01.421657	(00.002381 +- 00.000379)	[00.000791,00.006728]
03_undistortion         	    595	00.365949	(00.000615 +- 00.000143)	[00.000134,00.003404]
04_sampling             	    594	00.258675	(00.000435 +- 00.000085)	[00.000063,00.001400]
04b_intensity_sampling  	    594	00.383609	(00.000646 +- 00.000156)	[00.000127,00.002206]
05_registration         	    594	01.850117	(00.003115 +- 00.000636)	[00.000690,00.013003]
06_map                  	    594	00.424418	(00.000715 +- 00.000172)	[00.000113,00.003099]
07_imu_opt              	    594	00.751733	(00.001266 +- 00.000077)	[00.000001,00.003969]
08_publish              	    594	04.604897	(00.007752 +- 00.002092)	[00.000514,00.024065]
step                    	    597	10.295260	(00.017245 +- 00.003420)	[00.003926,00.049405]

INFO  Timings:
SM Timing
-----------
00_conversion_livox     	    599	06.319302	(00.010550 +- 00.000395)	[00.008464,00.021490]
01_filter               	    598	00.158081	(00.000264 +- 00.000050)	[00.000114,00.002432]
02_preint               	    596	00.020348	(00.000034 +- 00.000005)	[00.000024,00.000075]
02a_intensity_preprocess	    598	01.424267	(00.002382 +- 00.000377)	[00.000791,00.006728]
03_undistortion         	    596	00.366576	(00.000615 +- 00.000143)	[00.000134,00.003404]
04_sampling             	    595	00.259103	(00.000435 +- 00.000085)	[00.000063,00.001400]
04b_intensity_sampling  	    595	00.384529	(00.000646 +- 00.000158)	[00.000127,00.002206]
05_registration         	    595	01.853154	(00.003115 +- 00.000620)	[00.000690,00.013003]
06_map                  	    595	00.425253	(00.000715 +- 00.000172)	[00.000113,00.003099]
07_imu_opt              	    595	00.752873	(00.001265 +- 00.000077)	[00.000001,00.003969]
08_publish              	    595	04.614111	(00.007755 +- 00.002077)	[00.000514,00.024065]
step                    	    598	10.314451	(00.017248 +- 00.003387)	[00.003926,00.049405]

INFO  Timings:
SM Timing
-----------
00_conversion_livox     	    600	06.329128	(00.010549 +- 00.000396)	[00.008464,00.021490]
01_filter               	    599	00.158371	(00.000264 +- 00.000049)	[00.000114,00.002432]
02_preint               	    597	00.020385	(00.000034 +- 00.000005)	[00.000024,00.000075]
02a_intensity_preprocess	    599	01.426942	(00.002382 +- 00.000373)	[00.000791,00.006728]
03_undistortion         	    597	00.367261	(00.000615 +- 00.000140)	[00.000134,00.003404]
04_sampling             	    596	00.259580	(00.000436 +- 00.000085)	[00.000063,00.001400]
04b_intensity_sampling  	    596	00.385309	(00.000646 +- 00.000156)	[00.000127,00.002206]
05_registration         	    596	01.856371	(00.003115 +- 00.000621)	[00.000690,00.013003]
06_map                  	    596	00.425999	(00.000715 +- 00.000171)	[00.000113,00.003099]
07_imu_opt              	    596	00.754023	(00.001265 +- 00.000077)	[00.000001,00.003969]
08_publish              	    596	04.623318	(00.007757 +- 00.002058)	[00.000514,00.024065]
step                    	    599	10.333794	(00.017252 +- 00.003367)	[00.003926,00.049405]

INFO  Timings:
SM Timing
-----------
00_conversion_livox     	    601	06.339037	(00.010547 +- 00.000392)	[00.008464,00.021490]
01_filter               	    600	00.158647	(00.000264 +- 00.000049)	[00.000114,00.002432]
02_preint               	    598	00.020412	(00.000034 +- 00.000005)	[00.000024,00.000075]
02a_intensity_preprocess	    600	01.429480	(00.002382 +- 00.000370)	[00.000791,00.006728]
03_undistortion         	    598	00.367951	(00.000615 +- 00.000137)	[00.000134,00.003404]
04_sampling             	    597	00.260349	(00.000436 +- 00.000096)	[00.000063,00.001400]
04b_intensity_sampling  	    597	00.386009	(00.000647 +- 00.000154)	[00.000127,00.002206]
05_registration         	    597	01.858895	(00.003114 +- 00.000624)	[00.000690,00.013003]
06_map                  	    597	00.426956	(00.000715 +- 00.000172)	[00.000113,00.003099]
07_imu_opt              	    597	00.755105	(00.001265 +- 00.000078)	[00.000001,00.003969]
08_publish              	    597	04.632216	(00.007759 +- 00.002038)	[00.000514,00.024065]
step                    	    600	10.352325	(00.017254 +- 00.003339)	[00.003926,00.049405]

INFO  Timings:
SM Timing
-----------
00_conversion_livox     	    602	06.348570	(00.010546 +- 00.000397)	[00.008464,00.021490]
01_filter               	    601	00.158911	(00.000264 +- 00.000045)	[00.000114,00.002432]
02_preint               	    599	00.020439	(00.000034 +- 00.000005)	[00.000024,00.000075]
02a_intensity_preprocess	    601	01.431882	(00.002382 +- 00.000365)	[00.000791,00.006728]
03_undistortion         	    599	00.368685	(00.000616 +- 00.000137)	[00.000134,00.003404]
04_sampling             	    598	00.260788	(00.000436 +- 00.000096)	[00.000063,00.001400]
04b_intensity_sampling  	    598	00.386674	(00.000647 +- 00.000154)	[00.000127,00.002206]
05_registration         	    598	01.861354	(00.003113 +- 00.000625)	[00.000690,00.013003]
06_map                  	    598	00.427624	(00.000715 +- 00.000169)	[00.000113,00.003099]
07_imu_opt              	    598	00.756208	(00.001265 +- 00.000078)	[00.000001,00.003969]
08_publish              	    598	04.640617	(00.007760 +- 00.002018)	[00.000514,00.024065]
step                    	    601	10.369562	(00.017254 +- 00.003313)	[00.003926,00.049405]

INFO  Timings:
SM Timing
-----------
00_conversion_livox     	    603	06.358310	(00.010544 +- 00.000398)	[00.008464,00.021490]
01_filter               	    602	00.159205	(00.000264 +- 00.000045)	[00.000114,00.002432]
02_preint               	    600	00.020477	(00.000034 +- 00.000005)	[00.000024,00.000075]
02a_intensity_preprocess	    602	01.434227	(00.002382 +- 00.000361)	[00.000791,00.006728]
03_undistortion         	    600	00.369587	(00.000616 +- 00.000138)	[00.000134,00.003404]
04_sampling             	    599	00.261415	(00.000436 +- 00.000098)	[00.000063,00.001400]
04b_intensity_sampling  	    599	00.387442	(00.000647 +- 00.000150)	[00.000127,00.002206]
05_registration         	    599	01.863888	(00.003112 +- 00.000627)	[00.000690,00.013003]
06_map                  	    599	00.428425	(00.000715 +- 00.000169)	[00.000113,00.003099]
07_imu_opt              	    599	00.757581	(00.001265 +- 00.000084)	[00.000001,00.003969]
08_publish              	    599	04.648916	(00.007761 +- 00.002000)	[00.000514,00.024065]
step                    	    602	10.387612	(00.017255 +- 00.003283)	[00.003926,00.049405]

INFO  Timings:
SM Timing
-----------
00_conversion_livox     	    604	06.368343	(00.010544 +- 00.000390)	[00.008464,00.021490]
01_filter               	    603	00.159448	(00.000264 +- 00.000044)	[00.000114,00.002432]
02_preint               	    601	00.020513	(00.000034 +- 00.000005)	[00.000024,00.000075]
02a_intensity_preprocess	    603	01.436650	(00.002383 +- 00.000356)	[00.000791,00.006728]
03_undistortion         	    601	00.370282	(00.000616 +- 00.000135)	[00.000134,00.003404]
04_sampling             	    600	00.261851	(00.000436 +- 00.000097)	[00.000063,00.001400]
04b_intensity_sampling  	    600	00.388260	(00.000647 +- 00.000148)	[00.000127,00.002206]
05_registration         	    600	01.868830	(00.003115 +- 00.000682)	[00.000690,00.013003]
06_map                  	    600	00.429109	(00.000715 +- 00.000165)	[00.000113,00.003099]
07_imu_opt              	    600	00.759082	(00.001265 +- 00.000097)	[00.000001,00.003969]
08_publish              	    600	04.656980	(00.007762 +- 00.001977)	[00.000514,00.024065]
step                    	    603	10.407532	(00.017260 +- 00.003238)	[00.003926,00.049405]

INFO  Timings:
SM Timing
-----------
00_conversion_livox     	    605	06.378717	(00.010543 +- 00.000394)	[00.008464,00.021490]
01_filter               	    604	00.159662	(00.000264 +- 00.000044)	[00.000114,00.002432]
02_preint               	    602	00.020545	(00.000034 +- 00.000005)	[00.000024,00.000075]
02a_intensity_preprocess	    604	01.439064	(00.002383 +- 00.000351)	[00.000791,00.006728]
03_undistortion         	    602	00.371014	(00.000616 +- 00.000132)	[00.000134,00.003404]
04_sampling             	    601	00.262262	(00.000436 +- 00.000097)	[00.000063,00.001400]
04b_intensity_sampling  	    601	00.388951	(00.000647 +- 00.000146)	[00.000127,00.002206]
05_registration         	    601	01.871376	(00.003114 +- 00.000678)	[00.000690,00.013003]
06_map                  	    601	00.429836	(00.000715 +- 00.000163)	[00.000113,00.003099]
07_imu_opt              	    601	00.760891	(00.001266 +- 00.000132)	[00.000001,00.003969]
08_publish              	    601	04.664771	(00.007762 +- 00.001950)	[00.000514,00.024065]
step                    	    604	10.424972	(00.017260 +- 00.003183)	[00.003926,00.049405]

INFO  Timings:
SM Timing
-----------
00_conversion_livox     	    606	06.388843	(00.010543 +- 00.000394)	[00.008464,00.021490]
01_filter               	    605	00.159874	(00.000264 +- 00.000044)	[00.000114,00.002432]
02_preint               	    603	00.020575	(00.000034 +- 00.000005)	[00.000024,00.000075]
02a_intensity_preprocess	    605	01.441379	(00.002382 +- 00.000344)	[00.000791,00.006728]
03_undistortion         	    603	00.371583	(00.000616 +- 00.000130)	[00.000134,00.003404]
04_sampling             	    602	00.262696	(00.000436 +- 00.000094)	[00.000063,00.001400]
04b_intensity_sampling  	    602	00.389560	(00.000647 +- 00.000144)	[00.000127,00.002206]
05_registration         	    602	01.873996	(00.003113 +- 00.000679)	[00.000690,00.013003]
06_map                  	    602	00.430636	(00.000715 +- 00.000159)	[00.000113,00.003099]
07_imu_opt              	    602	00.762291	(00.001266 +- 00.000136)	[00.000001,00.003969]
08_publish              	    602	04.672395	(00.007761 +- 00.001910)	[00.000514,00.024065]
step                    	    605	10.441664	(00.017259 +- 00.003134)	[00.003926,00.049405]

INFO  Timings:
SM Timing
-----------
00_conversion_livox     	    607	06.399110	(00.010542 +- 00.000391)	[00.008464,00.021490]
01_filter               	    606	00.160157	(00.000264 +- 00.000044)	[00.000114,00.002432]
02_preint               	    604	00.020614	(00.000034 +- 00.000005)	[00.000024,00.000075]
02a_intensity_preprocess	    606	01.443794	(00.002382 +- 00.000337)	[00.000791,00.006728]
03_undistortion         	    604	00.372209	(00.000616 +- 00.000127)	[00.000134,00.003404]
04_sampling             	    603	00.263137	(00.000436 +- 00.000094)	[00.000063,00.001400]
04b_intensity_sampling  	    603	00.390287	(00.000647 +- 00.000144)	[00.000127,00.002206]
05_registration         	    603	01.876759	(00.003112 +- 00.000677)	[00.000690,00.013003]
06_map                  	    603	00.431360	(00.000715 +- 00.000156)	[00.000113,00.003099]
07_imu_opt              	    603	00.763732	(00.001267 +- 00.000141)	[00.000001,00.003969]
08_publish              	    603	04.680051	(00.007761 +- 00.001860)	[00.000514,00.024065]
step                    	    606	10.458853	(00.017259 +- 00.003070)	[00.003926,00.049405]

INFO  Timings:
SM Timing
-----------
00_conversion_livox     	    608	06.408815	(00.010541 +- 00.000389)	[00.008464,00.021490]
01_filter               	    607	00.160390	(00.000264 +- 00.000044)	[00.000114,00.002432]
02_preint               	    605	00.020650	(00.000034 +- 00.000005)	[00.000024,00.000075]
02a_intensity_preprocess	    607	01.446145	(00.002382 +- 00.000328)	[00.000791,00.006728]
03_undistortion         	    605	00.372762	(00.000616 +- 00.000126)	[00.000134,00.003404]
04_sampling             	    604	00.263495	(00.000436 +- 00.000095)	[00.000063,00.001400]
04b_intensity_sampling  	    604	00.390948	(00.000647 +- 00.000142)	[00.000127,00.002206]
05_registration         	    604	01.878744	(00.003111 +- 00.000674)	[00.000690,00.013003]
06_map                  	    604	00.432010	(00.000715 +- 00.000152)	[00.000113,00.003099]
07_imu_opt              	    604	00.765079	(00.001267 +- 00.000143)	[00.000001,00.003969]
08_publish              	    604	04.687727	(00.007761 +- 00.001796)	[00.000514,00.024065]
step                    	    607	10.474776	(00.017257 +- 00.002976)	[00.003926,00.049405]

INFO  Timings:
SM Timing
-----------
00_conversion_livox     	    609	06.418434	(00.010539 +- 00.000392)	[00.008464,00.021490]
01_filter               	    608	00.160669	(00.000264 +- 00.000042)	[00.000114,00.002432]
02_preint               	    606	00.020685	(00.000034 +- 00.000005)	[00.000024,00.000075]
02a_intensity_preprocess	    608	01.448449	(00.002382 +- 00.000317)	[00.000791,00.006728]
03_undistortion         	    606	00.373446	(00.000616 +- 00.000125)	[00.000134,00.003404]
04_sampling             	    605	00.263951	(00.000436 +- 00.000093)	[00.000063,00.001400]
04b_intensity_sampling  	    605	00.391698	(00.000647 +- 00.000137)	[00.000127,00.002206]
05_registration         	    605	01.881362	(00.003110 +- 00.000671)	[00.000690,00.013003]
06_map                  	    605	00.433129	(00.000716 +- 00.000155)	[00.000113,00.003099]
07_imu_opt              	    605	00.766472	(00.001267 +- 00.000146)	[00.000001,00.003969]
08_publish              	    605	04.695543	(00.007761 +- 00.001712)	[00.000514,00.024065]
step                    	    608	10.492299	(00.017257 +- 00.002857)	[00.003926,00.049405]

INFO  Timings:
SM Timing
-----------
00_conversion_livox     	    610	06.428404	(00.010538 +- 00.000384)	[00.008464,00.021490]
01_filter               	    609	00.161009	(00.000264 +- 00.000041)	[00.000114,00.002432]
02_preint               	    607	00.020714	(00.000034 +- 00.000005)	[00.000024,00.000075]
02a_intensity_preprocess	    609	01.450729	(00.002382 +- 00.000300)	[00.000791,00.006728]
03_undistortion         	    607	00.374330	(00.000617 +- 00.000119)	[00.000134,00.003404]
04_sampling             	    606	00.264355	(00.000436 +- 00.000093)	[00.000063,00.001400]
04b_intensity_sampling  	    606	00.392357	(00.000647 +- 00.000131)	[00.000127,00.002206]
05_registration         	    606	01.883606	(00.003108 +- 00.000668)	[00.000690,00.013003]
06_map                  	    606	00.433996	(00.000716 +- 00.000149)	[00.000113,00.003099]
07_imu_opt              	    606	00.767632	(00.001267 +- 00.000145)	[00.000001,00.003969]
08_publish              	    606	04.703656	(00.007762 +- 00.001589)	[00.000514,00.024065]
step                    	    609	10.509349	(00.017257 +- 00.002667)	[00.003926,00.049405]

INFO  Timings:
SM Timing
-----------
00_conversion_livox     	    611	06.437715	(00.010536 +- 00.000377)	[00.008464,00.021490]
01_filter               	    610	00.161323	(00.000264 +- 00.000040)	[00.000114,00.002432]
02_preint               	    608	00.020741	(00.000034 +- 00.000005)	[00.000024,00.000075]
02a_intensity_preprocess	    610	01.453003	(00.002382 +- 00.000273)	[00.000791,00.006728]
03_undistortion         	    608	00.375112	(00.000617 +- 00.000109)	[00.000134,00.003404]
04_sampling             	    607	00.264788	(00.000436 +- 00.000090)	[00.000063,00.001400]
04b_intensity_sampling  	    607	00.393010	(00.000647 +- 00.000126)	[00.000127,00.002206]
05_registration         	    607	01.885980	(00.003107 +- 00.000660)	[00.000690,00.013003]
06_map                  	    607	00.434674	(00.000716 +- 00.000145)	[00.000113,00.003099]
07_imu_opt              	    607	00.768807	(00.001267 +- 00.000145)	[00.000001,00.003969]
08_publish              	    607	04.711460	(00.007762 +- 00.001430)	[00.000514,00.024065]
step                    	    610	10.525932	(00.017256 +- 00.002430)	[00.003926,00.049405]

INFO  Timings:
SM Timing
-----------
00_conversion_livox     	    612	06.447585	(00.010535 +- 00.000375)	[00.008464,00.021490]
01_filter               	    611	00.161635	(00.000265 +- 00.000040)	[00.000114,00.002432]
02_preint               	    609	00.020768	(00.000034 +- 00.000005)	[00.000024,00.000075]
02a_intensity_preprocess	    611	01.455173	(00.002382 +- 00.000251)	[00.000791,00.006728]
03_undistortion         	    609	00.375807	(00.000617 +- 00.000097)	[00.000134,00.003404]
04_sampling             	    608	00.265230	(00.000436 +- 00.000089)	[00.000063,00.001400]
04b_intensity_sampling  	    608	00.393698	(00.000648 +- 00.000116)	[00.000127,00.002206]
05_registration         	    608	01.888617	(00.003106 +- 00.000639)	[00.000690,00.013003]
06_map                  	    608	00.435513	(00.000716 +- 00.000138)	[00.000113,00.003099]
07_imu_opt              	    608	00.769928	(00.001266 +- 00.000146)	[00.000001,00.003969]
08_publish              	    608	04.719285	(00.007762 +- 00.001273)	[00.000514,00.024065]
step                    	    611	10.542743	(00.017255 +- 00.002168)	[00.003926,00.049405]

INFO  Timings:
SM Timing
-----------
00_conversion_livox     	    613	06.457538	(00.010534 +- 00.000372)	[00.008464,00.021490]
01_filter               	    612	00.161917	(00.000265 +- 00.000038)	[00.000114,00.002432]
02_preint               	    610	00.020793	(00.000034 +- 00.000005)	[00.000024,00.000075]
02a_intensity_preprocess	    612	01.457417	(00.002381 +- 00.000230)	[00.000791,00.006728]
03_undistortion         	    610	00.376510	(00.000617 +- 00.000089)	[00.000134,00.003404]
04_sampling             	    609	00.265565	(00.000436 +- 00.000091)	[00.000063,00.001400]
04b_intensity_sampling  	    609	00.394332	(00.000648 +- 00.000106)	[00.000127,00.002206]
05_registration         	    609	01.891232	(00.003105 +- 00.000618)	[00.000690,00.013003]
06_map                  	    609	00.436253	(00.000716 +- 00.000130)	[00.000113,00.003099]
07_imu_opt              	    609	00.771160	(00.001266 +- 00.000145)	[00.000001,00.003969]
08_publish              	    609	04.727063	(00.007762 +- 00.001136)	[00.000514,00.024065]
step                    	    612	10.559401	(00.017254 +- 00.001930)	[00.003926,00.049405]

INFO  Timings:
SM Timing
-----------
00_conversion_livox     	    614	06.467484	(00.010533 +- 00.000361)	[00.008464,00.021490]
01_filter               	    613	00.162131	(00.000264 +- 00.000037)	[00.000114,00.002432]
02_preint               	    611	00.020829	(00.000034 +- 00.000005)	[00.000024,00.000075]
02a_intensity_preprocess	    613	01.459583	(00.002381 +- 00.000222)	[00.000791,00.006728]
03_undistortion         	    611	00.377168	(00.000617 +- 00.000085)	[00.000134,00.003404]
04_sampling             	    610	00.265939	(00.000436 +- 00.000089)	[00.000063,00.001400]
04b_intensity_sampling  	    610	00.394991	(00.000648 +- 00.000103)	[00.000127,00.002206]
05_registration         	    610	01.893449	(00.003104 +- 00.000622)	[00.000690,00.013003]
06_map                  	    610	00.436837	(00.000716 +- 00.000131)	[00.000113,00.003099]
07_imu_opt              	    610	00.772272	(00.001266 +- 00.000146)	[00.000001,00.003969]
08_publish              	    610	04.734338	(00.007761 +- 00.001089)	[00.000514,00.024065]
step                    	    613	10.574760	(00.017251 +- 00.001879)	[00.003926,00.049405]

INFO  Timings:
SM Timing
-----------
00_conversion_livox     	    615	06.477025	(00.010532 +- 00.000353)	[00.008464,00.021490]
01_filter               	    614	00.162359	(00.000264 +- 00.000037)	[00.000114,00.002432]
02_preint               	    612	00.020855	(00.000034 +- 00.000005)	[00.000024,00.000075]
02a_intensity_preprocess	    614	01.461670	(00.002381 +- 00.000228)	[00.000791,00.006728]
03_undistortion         	    612	00.377806	(00.000617 +- 00.000082)	[00.000134,00.003404]
04_sampling             	    611	00.266346	(00.000436 +- 00.000088)	[00.000063,00.001400]
04b_intensity_sampling  	    611	00.395591	(00.000647 +- 00.000104)	[00.000127,00.002206]
05_registration         	    611	01.895628	(00.003103 +- 00.000620)	[00.000690,00.013003]
06_map                  	    611	00.437448	(00.000716 +- 00.000133)	[00.000113,00.003099]
07_imu_opt              	    611	00.773492	(00.001266 +- 00.000145)	[00.000001,00.003969]
08_publish              	    611	04.741674	(00.007761 +- 00.001091)	[00.000514,00.024065]
step                    	    614	10.590181	(00.017248 +- 00.001876)	[00.003926,00.049405]

INFO  Timings:
SM Timing
-----------
00_conversion_livox     	    616	06.486709	(00.010530 +- 00.000355)	[00.008464,00.021490]
01_filter               	    615	00.162568	(00.000264 +- 00.000038)	[00.000114,00.002432]
02_preint               	    613	00.020881	(00.000034 +- 00.000005)	[00.000024,00.000075]
02a_intensity_preprocess	    615	01.463818	(00.002380 +- 00.000234)	[00.000791,00.006728]
03_undistortion         	    613	00.378487	(00.000617 +- 00.000082)	[00.000134,00.003404]
04_sampling             	    612	00.266954	(00.000436 +- 00.000090)	[00.000063,00.001400]
04b_intensity_sampling  	    612	00.396274	(00.000648 +- 00.000104)	[00.000127,00.002206]
05_registration         	    612	01.897492	(00.003100 +- 00.000641)	[00.000690,00.013003]
06_map                  	    612	00.438064	(00.000716 +- 00.000136)	[00.000113,00.003099]
07_imu_opt              	    612	00.774772	(00.001266 +- 00.000145)	[00.000001,00.003969]
08_publish              	    612	04.749098	(00.007760 +- 00.001110)	[00.000514,00.024065]
step                    	    615	10.605798	(00.017245 +- 00.001934)	[00.003926,00.049405]

INFO  Timings:
SM Timing
-----------
00_conversion_livox     	    617	06.496576	(00.010529 +- 00.000354)	[00.008464,00.021490]
01_filter               	    616	00.162831	(00.000264 +- 00.000038)	[00.000114,00.002432]
02_preint               	    614	00.020908	(00.000034 +- 00.000005)	[00.000024,00.000075]
02a_intensity_preprocess	    616	01.465991	(00.002380 +- 00.000240)	[00.000791,00.006728]
03_undistortion         	    614	00.379199	(00.000618 +- 00.000079)	[00.000134,00.003404]
04_sampling             	    613	00.267477	(00.000436 +- 00.000089)	[00.000063,00.001400]
04b_intensity_sampling  	    613	00.396921	(00.000648 +- 00.000105)	[00.000127,00.002206]
05_registration         	    613	01.900077	(00.003100 +- 00.000633)	[00.000690,00.013003]
06_map                  	    613	00.438828	(00.000716 +- 00.000136)	[00.000113,00.003099]
07_imu_opt              	    613	00.775855	(00.001266 +- 00.000146)	[00.000001,00.003969]
08_publish              	    613	04.756963	(00.007760 +- 00.001120)	[00.000514,00.024065]
step                    	    616	10.622511	(00.017244 +- 00.001938)	[00.003926,00.049405]

INFO  Timings:
SM Timing
-----------
00_conversion_livox     	    618	06.506380	(00.010528 +- 00.000354)	[00.008464,00.021490]
01_filter               	    617	00.163105	(00.000264 +- 00.000039)	[00.000114,00.002432]
02_preint               	    615	00.020936	(00.000034 +- 00.000005)	[00.000024,00.000075]
02a_intensity_preprocess	    617	01.468289	(00.002380 +- 00.000243)	[00.000791,00.006728]
03_undistortion         	    615	00.379956	(00.000618 +- 00.000078)	[00.000134,00.003404]
04_sampling             	    614	00.268034	(00.000437 +- 00.000090)	[00.000063,00.001400]
04b_intensity_sampling  	    614	00.397662	(00.000648 +- 00.000097)	[00.000127,00.002206]
05_registration         	    614	01.902798	(00.003099 +- 00.000588)	[00.000690,00.013003]
06_map                  	    614	00.439633	(00.000716 +- 00.000135)	[00.000113,00.003099]
07_imu_opt              	    614	00.776966	(00.001265 +- 00.000146)	[00.000001,00.003969]
08_publish              	    614	04.765146	(00.007761 +- 00.001130)	[00.000514,00.024065]
step                    	    617	10.640052	(00.017245 +- 00.001942)	[00.003926,00.049405]

INFO  Timings:
SM Timing
-----------
00_conversion_livox     	    619	06.516225	(00.010527 +- 00.000348)	[00.008464,00.021490]
01_filter               	    618	00.163367	(00.000264 +- 00.000039)	[00.000114,00.002432]
02_preint               	    616	00.020970	(00.000034 +- 00.000005)	[00.000024,00.000075]
02a_intensity_preprocess	    618	01.470772	(00.002380 +- 00.000243)	[00.000791,00.006728]
03_undistortion         	    616	00.380649	(00.000618 +- 00.000078)	[00.000134,00.003404]
04_sampling             	    615	00.268624	(00.000437 +- 00.000091)	[00.000063,00.001400]
04b_intensity_sampling  	    615	00.398347	(00.000648 +- 00.000097)	[00.000127,00.002206]
05_registration         	    615	01.905018	(00.003098 +- 00.000593)	[00.000690,00.013003]
06_map                  	    615	00.440454	(00.000716 +- 00.000135)	[00.000113,00.003099]
07_imu_opt              	    615	00.778158	(00.001265 +- 00.000146)	[00.000001,00.003969]
08_publish              	    615	04.773611	(00.007762 +- 00.001135)	[00.000514,00.024065]
step                    	    618	10.657552	(00.017245 +- 00.001954)	[00.003926,00.049405]

INFO  Timings:
SM Timing
-----------
00_conversion_livox     	    620	06.525670	(00.010525 +- 00.000337)	[00.008464,00.021490]
01_filter               	    619	00.163677	(00.000264 +- 00.000038)	[00.000114,00.002432]
02_preint               	    617	00.021007	(00.000034 +- 00.000005)	[00.000024,00.000075]
02a_intensity_preprocess	    619	01.473300	(00.002380 +- 00.000243)	[00.000791,00.006728]
03_undistortion         	    617	00.381407	(00.000618 +- 00.000078)	[00.000134,00.003404]
04_sampling             	    616	00.269140	(00.000437 +- 00.000091)	[00.000063,00.001400]
04b_intensity_sampling  	    616	00.399111	(00.000648 +- 00.000097)	[00.000127,00.002206]
05_registration         	    616	01.907519	(00.003097 +- 00.000596)	[00.000690,00.013003]
06_map                  	    616	00.441269	(00.000716 +- 00.000135)	[00.000113,00.003099]
07_imu_opt              	    616	00.779361	(00.001265 +- 00.000145)	[00.000001,00.003969]
08_publish              	    616	04.782364	(00.007764 +- 00.001135)	[00.000514,00.024065]
step                    	    619	10.675839	(00.017247 +- 00.001955)	[00.003926,00.049405]

INFO  Timings:
SM Timing
-----------
00_conversion_livox     	    621	06.535627	(00.010524 +- 00.000331)	[00.008464,00.021490]
01_filter               	    620	00.164036	(00.000265 +- 00.000040)	[00.000114,00.002432]
02_preint               	    618	00.021051	(00.000034 +- 00.000005)	[00.000024,00.000075]
02a_intensity_preprocess	    620	01.475878	(00.002380 +- 00.000241)	[00.000791,00.006728]
03_undistortion         	    618	00.382087	(00.000618 +- 00.000078)	[00.000134,00.003404]
04_sampling             	    617	00.269615	(00.000437 +- 00.000091)	[00.000063,00.001400]
04b_intensity_sampling  	    617	00.399827	(00.000648 +- 00.000096)	[00.000127,00.002206]
05_registration         	    617	01.909765	(00.003095 +- 00.000602)	[00.000690,00.013003]
06_map                  	    617	00.442052	(00.000716 +- 00.000111)	[00.000113,00.003099]
07_imu_opt              	    617	00.780533	(00.001265 +- 00.000141)	[00.000001,00.003969]
08_publish              	    617	04.791096	(00.007765 +- 00.001123)	[00.000514,00.024065]
step                    	    620	10.693717	(00.017248 +- 00.001926)	[00.003926,00.049405]

INFO  Timings:
SM Timing
-----------
00_conversion_livox     	    622	06.544989	(00.010522 +- 00.000332)	[00.008464,00.021490]
01_filter               	    621	00.164441	(00.000265 +- 00.000043)	[00.000114,00.002432]
02_preint               	    619	00.021088	(00.000034 +- 00.000005)	[00.000024,00.000075]
02a_intensity_preprocess	    621	01.478344	(00.002381 +- 00.000236)	[00.000791,00.006728]
03_undistortion         	    619	00.382853	(00.000619 +- 00.000078)	[00.000134,00.003404]
04_sampling             	    618	00.270168	(00.000437 +- 00.000077)	[00.000063,00.001400]
04b_intensity_sampling  	    618	00.400659	(00.000648 +- 00.000094)	[00.000127,00.002206]
05_registration         	    618	01.914245	(00.003097 +- 00.000629)	[00.000690,00.013003]
06_map                  	    618	00.442935	(00.000717 +- 00.000111)	[00.000113,00.003099]
07_imu_opt              	    618	00.781699	(00.001265 +- 00.000138)	[00.000001,00.003969]
08_publish              	    618	04.800114	(00.007767 +- 00.001098)	[00.000514,00.024065]
step                    	    621	10.714390	(00.017253 +- 00.001866)	[00.003926,00.049405]

INFO  Timings:
SM Timing
-----------
00_conversion_livox     	    623	06.554536	(00.010521 +- 00.000320)	[00.008464,00.021490]
01_filter               	    622	00.164752	(00.000265 +- 00.000042)	[00.000114,00.002432]
02_preint               	    620	00.021126	(00.000034 +- 00.000005)	[00.000024,00.000075]
02a_intensity_preprocess	    622	01.480812	(00.002381 +- 00.000232)	[00.000791,00.006728]
03_undistortion         	    620	00.383666	(00.000619 +- 00.000078)	[00.000134,00.003404]
04_sampling             	    619	00.270663	(00.000437 +- 00.000077)	[00.000063,00.001400]
04b_intensity_sampling  	    619	00.401422	(00.000649 +- 00.000093)	[00.000127,00.002206]
05_registration         	    619	01.917750	(00.003098 +- 00.000629)	[00.000690,00.013003]
06_map                  	    619	00.443700	(00.000717 +- 00.000110)	[00.000113,00.003099]
07_imu_opt              	    619	00.782934	(00.001265 +- 00.000139)	[00.000001,00.003969]
08_publish              	    619	04.809187	(00.007769 +- 00.001073)	[00.000514,00.024065]
step                    	    622	10.733912	(00.017257 +- 00.001821)	[00.003926,00.049405]

INFO  Timings:
SM Timing
-----------
00_conversion_livox     	    624	06.563791	(00.010519 +- 00.000320)	[00.008464,00.021490]
01_filter               	    623	00.165069	(00.000265 +- 00.000042)	[00.000114,00.002432]
02_preint               	    621	00.021167	(00.000034 +- 00.000005)	[00.000024,00.000075]
02a_intensity_preprocess	    623	01.483442	(00.002381 +- 00.000225)	[00.000791,00.006728]
03_undistortion         	    621	00.384500	(00.000619 +- 00.000080)	[00.000134,00.003404]
04_sampling             	    620	00.271096	(00.000437 +- 00.000077)	[00.000063,00.001400]
04b_intensity_sampling  	    620	00.402093	(00.000649 +- 00.000088)	[00.000127,00.002206]
05_registration         	    620	01.920213	(00.003097 +- 00.000628)	[00.000690,00.013003]
06_map                  	    620	00.444455	(00.000717 +- 00.000104)	[00.000113,00.003099]
07_imu_opt              	    620	00.784165	(00.001265 +- 00.000139)	[00.000001,00.003969]
08_publish              	    620	04.818431	(00.007772 +- 00.001039)	[00.000514,00.024065]
step                    	    623	10.752613	(00.017259 +- 00.001755)	[00.003926,00.049405]

INFO  Timings:
SM Timing
-----------
00_conversion_livox     	    625	06.573286	(00.010517 +- 00.000321)	[00.008464,00.021490]
01_filter               	    624	00.165379	(00.000265 +- 00.000042)	[00.000114,00.002432]
02_preint               	    622	00.021209	(00.000034 +- 00.000005)	[00.000024,00.000075]
02a_intensity_preprocess	    624	01.486172	(00.002382 +- 00.000221)	[00.000791,00.006728]
03_undistortion         	    622	00.385306	(00.000619 +- 00.000078)	[00.000134,00.003404]
04_sampling             	    621	00.271562	(00.000437 +- 00.000077)	[00.000063,00.001400]
04b_intensity_sampling  	    621	00.402788	(00.000649 +- 00.000086)	[00.000127,00.002206]
05_registration         	    621	01.923730	(00.003098 +- 00.000632)	[00.000690,00.013003]
06_map                  	    621	00.445240	(00.000717 +- 00.000103)	[00.000113,00.003099]
07_imu_opt              	    621	00.785737	(00.001265 +- 00.000149)	[00.000001,00.003969]
08_publish              	    621	04.828138	(00.007775 +- 00.001008)	[00.000514,00.024065]
step                    	    624	10.773322	(00.017265 +- 00.001726)	[00.003926,00.049405]

INFO  Timings:
SM Timing
-----------
00_conversion_livox     	    626	06.582688	(00.010515 +- 00.000323)	[00.008464,00.021490]
01_filter               	    625	00.165684	(00.000265 +- 00.000042)	[00.000114,00.002432]
02_preint               	    623	00.021248	(00.000034 +- 00.000005)	[00.000024,00.000075]
02a_intensity_preprocess	    625	01.488838	(00.002382 +- 00.000216)	[00.000791,00.006728]
03_undistortion         	    623	00.386199	(00.000620 +- 00.000081)	[00.000134,00.003404]
04_sampling             	    622	00.272047	(00.000437 +- 00.000077)	[00.000063,00.001400]
04b_intensity_sampling  	    622	00.403550	(00.000649 +- 00.000085)	[00.000127,00.002206]
05_registration         	    622	01.927266	(00.003098 +- 00.000637)	[00.000690,00.013003]
06_map                  	    622	00.446028	(00.000717 +- 00.000102)	[00.000113,00.003099]
07_imu_opt              	    622	00.786962	(00.001265 +- 00.000148)	[00.000001,00.003969]
08_publish              	    622	04.837408	(00.007777 +- 00.000975)	[00.000514,00.024065]
step                    	    625	10.793364	(00.017269 +- 00.001691)	[00.003926,00.049405]

INFO  Timings:
SM Timing
-----------
00_conversion_livox     	    627	06.592119	(00.010514 +- 00.000326)	[00.008464,00.021490]
01_filter               	    626	00.165994	(00.000265 +- 00.000041)	[00.000114,00.002432]
02_preint               	    624	00.021291	(00.000034 +- 00.000005)	[00.000024,00.000075]
02a_intensity_preprocess	    626	01.491445	(00.002383 +- 00.000210)	[00.000791,00.006728]
03_undistortion         	    624	00.387217	(00.000621 +- 00.000091)	[00.000134,00.003404]
04_sampling             	    623	00.272540	(00.000437 +- 00.000077)	[00.000063,00.001400]
04b_intensity_sampling  	    623	00.404311	(00.000649 +- 00.000085)	[00.000127,00.002206]
05_registration         	    623	01.929948	(00.003098 +- 00.000637)	[00.000690,00.013003]
06_map                  	    623	00.446799	(00.000717 +- 00.000100)	[00.000113,00.003099]
07_imu_opt              	    623	00.788527	(00.001266 +- 00.000157)	[00.000001,00.003969]
08_publish              	    623	04.846184	(00.007779 +- 00.000938)	[00.000514,00.024065]
step                    	    626	10.812475	(00.017272 +- 00.001646)	[00.003926,00.049405]

INFO  Timings:
SM Timing
-----------
00_conversion_livox     	    628	06.602198	(00.010513 +- 00.000328)	[00.008464,00.021490]
01_filter               	    627	00.166289	(00.000265 +- 00.000041)	[00.000114,00.002432]
02_preint               	    625	00.021329	(00.000034 +- 00.000005)	[00.000024,00.000075]
02a_intensity_preprocess	    627	01.493851	(00.002383 +- 00.000205)	[00.000791,00.006728]
03_undistortion         	    625	00.387927	(00.000621 +- 00.000091)	[00.000134,00.003404]
04_sampling             	    624	00.273020	(00.000438 +- 00.000077)	[00.000063,00.001400]
04b_intensity_sampling  	    624	00.405039	(00.000649 +- 00.000084)	[00.000127,00.002206]
05_registration         	    624	01.932838	(00.003097 +- 00.000628)	[00.000690,00.013003]
06_map                  	    624	00.447573	(00.000717 +- 00.000100)	[00.000113,00.003099]
07_imu_opt              	    624	00.789737	(00.001266 +- 00.000155)	[00.000001,00.003969]
08_publish              	    624	04.854320	(00.007779 +- 00.000918)	[00.000514,00.024065]
step                    	    627	10.830220	(00.017273 +- 00.001611)	[00.003926,00.049405]

INFO  Timings:
SM Timing
-----------
00_conversion_livox     	    629	06.611885	(00.010512 +- 00.000324)	[00.008464,00.021490]
01_filter               	    628	00.166574	(00.000265 +- 00.000040)	[00.000114,00.002432]
02_preint               	    626	00.021367	(00.000034 +- 00.000005)	[00.000024,00.000075]
02a_intensity_preprocess	    628	01.496147	(00.002382 +- 00.000204)	[00.000791,00.006728]
03_undistortion         	    626	00.388593	(00.000621 +- 00.000091)	[00.000134,00.003404]
04_sampling             	    625	00.273452	(00.000438 +- 00.000077)	[00.000063,00.001400]
04b_intensity_sampling  	    625	00.405703	(00.000649 +- 00.000085)	[00.000127,00.002206]
05_registration         	    625	01.935963	(00.003098 +- 00.000628)	[00.000690,00.013003]
06_map                  	    625	00.448292	(00.000717 +- 00.000100)	[00.000113,00.003099]
07_imu_opt              	    625	00.790969	(00.001266 +- 00.000154)	[00.000001,00.003969]
08_publish              	    625	04.861880	(00.007779 +- 00.000922)	[00.000514,00.024065]
step                    	    628	10.847309	(00.017273 +- 00.001619)	[00.003926,00.049405]

INFO  Timings:
SM Timing
-----------
00_conversion_livox     	    630	06.621944	(00.010511 +- 00.000289)	[00.008464,00.021490]
01_filter               	    629	00.166821	(00.000265 +- 00.000040)	[00.000114,00.002432]
02_preint               	    627	00.021404	(00.000034 +- 00.000005)	[00.000024,00.000075]
02a_intensity_preprocess	    629	01.498327	(00.002382 +- 00.000207)	[00.000791,00.006728]
03_undistortion         	    627	00.389273	(00.000621 +- 00.000092)	[00.000134,00.003404]
04_sampling             	    626	00.274021	(00.000438 +- 00.000078)	[00.000063,00.001400]
04b_intensity_sampling  	    626	00.407383	(00.000651 +- 00.000157)	[00.000127,00.002206]
05_registration         	    626	01.938154	(00.003096 +- 00.000627)	[00.000690,00.013003]
06_map                  	    626	00.448995	(00.000717 +- 00.000101)	[00.000113,00.003099]
07_imu_opt              	    626	00.792212	(00.001266 +- 00.000152)	[00.000001,00.003969]
08_publish              	    626	04.869264	(00.007778 +- 00.000928)	[00.000514,00.024065]
step                    	    629	10.864301	(00.017272 +- 00.001607)	[00.003926,00.049405]

INFO  Timings:
SM Timing
-----------
00_conversion_livox     	    631	06.632042	(00.010510 +- 00.000291)	[00.008464,00.021490]
01_filter               	    630	00.167049	(00.000265 +- 00.000041)	[00.000114,00.002432]
02_preint               	    628	00.021439	(00.000034 +- 00.000005)	[00.000024,00.000075]
02a_intensity_preprocess	    630	01.500516	(00.002382 +- 00.000207)	[00.000791,00.006728]
03_undistortion         	    628	00.389941	(00.000621 +- 00.000092)	[00.000134,00.003404]
04_sampling             	    627	00.274401	(00.000438 +- 00.000078)	[00.000063,00.001400]
04b_intensity_sampling  	    627	00.408000	(00.000651 +- 00.000158)	[00.000127,00.002206]
05_registration         	    627	01.940738	(00.003095 +- 00.000625)	[00.000690,00.013003]
06_map                  	    627	00.449913	(00.000718 +- 00.000101)	[00.000113,00.003099]
07_imu_opt              	    627	00.793656	(00.001266 +- 00.000155)	[00.000001,00.003969]
08_publish              	    627	04.876400	(00.007777 +- 00.000934)	[00.000514,00.024065]
step                    	    630	10.880593	(00.017271 +- 00.001613)	[00.003926,00.049405]

INFO  Timings:
SM Timing
-----------
00_conversion_livox     	    632	06.642006	(00.010510 +- 00.000291)	[00.008464,00.021490]
01_filter               	    631	00.167270	(00.000265 +- 00.000042)	[00.000114,00.002432]
02_preint               	    629	00.021469	(00.000034 +- 00.000005)	[00.000024,00.000075]
02a_intensity_preprocess	    631	01.502657	(00.002381 +- 00.000208)	[00.000791,00.006728]
03_undistortion         	    629	00.390594	(00.000621 +- 00.000092)	[00.000134,00.003404]
04_sampling             	    628	00.274753	(00.000438 +- 00.000080)	[00.000063,00.001400]
04b_intensity_sampling  	    628	00.408541	(00.000651 +- 00.000160)	[00.000127,00.002206]
05_registration         	    628	01.942997	(00.003094 +- 00.000630)	[00.000690,00.013003]
06_map                  	    628	00.450529	(00.000717 +- 00.000104)	[00.000113,00.003099]
07_imu_opt              	    628	00.794757	(00.001266 +- 00.000155)	[00.000001,00.003969]
08_publish              	    628	04.883186	(00.007776 +- 00.000953)	[00.000514,00.024065]
step                    	    631	10.895373	(00.017267 +- 00.001672)	[00.003926,00.049405]

INFO  Timings:
SM Timing
-----------
00_conversion_livox     	    633	06.651907	(00.010509 +- 00.000288)	[00.008464,00.021490]
01_filter               	    632	00.167511	(00.000265 +- 00.000042)	[00.000114,00.002432]
02_preint               	    630	00.021509	(00.000034 +- 00.000005)	[00.000024,00.000075]
02a_intensity_preprocess	    632	01.504755	(00.002381 +- 00.000212)	[00.000791,00.006728]
03_undistortion         	    630	00.391216	(00.000621 +- 00.000093)	[00.000134,00.003404]
04_sampling             	    629	00.275209	(00.000438 +- 00.000079)	[00.000063,00.001400]
04b_intensity_sampling  	    629	00.409159	(00.000650 +- 00.000161)	[00.000127,00.002206]
05_registration         	    629	01.944862	(00.003092 +- 00.000645)	[00.000690,00.013003]
06_map                  	    629	00.451137	(00.000717 +- 00.000107)	[00.000113,00.003099]
07_imu_opt              	    629	00.795929	(00.001265 +- 00.000155)	[00.000001,00.003969]
08_publish              	    629	04.889769	(00.007774 +- 00.000977)	[00.000514,00.024065]
step                    	    632	10.909731	(00.017262 +- 00.001747)	[00.003926,00.049405]

INFO  Timings:
SM Timing
-----------
00_conversion_livox     	    634	06.661539	(00.010507 +- 00.000272)	[00.008464,00.021490]
01_filter               	    633	00.167734	(00.000265 +- 00.000042)	[00.000114,00.002432]
02_preint               	    631	00.021546	(00.000034 +- 00.000005)	[00.000024,00.000075]
02a_intensity_preprocess	    633	01.506915	(00.002381 +- 00.000211)	[00.000791,00.006728]
03_undistortion         	    631	00.391893	(00.000621 +- 00.000094)	[00.000134,00.003404]
04_sampling             	    630	00.275586	(00.000437 +- 00.000080)	[00.000063,00.001400]
04b_intensity_sampling  	    630	00.409860	(00.000651 +- 00.000160)	[00.000127,00.002206]
05_registration         	    630	01.947255	(00.003091 +- 00.000648)	[00.000690,00.013003]
06_map                  	    630	00.451945	(00.000717 +- 00.000104)	[00.000113,00.003099]
07_imu_opt              	    630	00.797103	(00.001265 +- 00.000155)	[00.000001,00.003969]
08_publish              	    630	04.896434	(00.007772 +- 00.000998)	[00.000514,00.024065]
step                    	    633	10.925012	(00.017259 +- 00.001780)	[00.003926,00.049405]

INFO  Timings:
SM Timing
-----------
00_conversion_livox     	    635	06.671360	(00.010506 +- 00.000270)	[00.008464,00.021490]
01_filter               	    634	00.167974	(00.000265 +- 00.000042)	[00.000114,00.002432]
02_preint               	    632	00.021582	(00.000034 +- 00.000005)	[00.000024,00.000075]
02a_intensity_preprocess	    634	01.509002	(00.002380 +- 00.000214)	[00.000791,00.006728]
03_undistortion         	    632	00.392433	(00.000621 +- 00.000092)	[00.000134,00.003404]
04_sampling             	    631	00.275962	(00.000437 +- 00.000081)	[00.000063,00.001400]
04b_intensity_sampling  	    631	00.410420	(00.000650 +- 00.000162)	[00.000127,00.002206]
05_registration         	    631	01.951304	(00.003092 +- 00.000665)	[00.000690,00.013003]
06_map                  	    631	00.452733	(00.000717 +- 00.000104)	[00.000113,00.003099]
07_imu_opt              	    631	00.798276	(00.001265 +- 00.000154)	[00.000001,00.003969]
08_publish              	    631	04.903116	(00.007770 +- 00.001016)	[00.000514,00.024065]
step                    	    634	10.941637	(00.017258 +- 00.001768)	[00.003926,00.049405]

INFO  Timings:
SM Timing
-----------
00_conversion_livox     	    636	06.681376	(00.010505 +- 00.000270)	[00.008464,00.021490]
01_filter               	    635	00.168202	(00.000265 +- 00.000042)	[00.000114,00.002432]
02_preint               	    633	00.021613	(00.000034 +- 00.000005)	[00.000024,00.000075]
02a_intensity_preprocess	    635	01.511149	(00.002380 +- 00.000216)	[00.000791,00.006728]
03_undistortion         	    633	00.392965	(00.000621 +- 00.000095)	[00.000134,00.003404]
04_sampling             	    632	00.276348	(00.000437 +- 00.000082)	[00.000063,00.001400]
04b_intensity_sampling  	    632	00.411091	(00.000650 +- 00.000162)	[00.000127,00.002206]
05_registration         	    632	01.954291	(00.003092 +- 00.000665)	[00.000690,00.013003]
06_map                  	    632	00.453469	(00.000718 +- 00.000103)	[00.000113,00.003099]
07_imu_opt              	    632	00.799716	(00.001265 +- 00.000156)	[00.000001,00.003969]
08_publish              	    632	04.909881	(00.007769 +- 00.001038)	[00.000514,00.024065]
step                    	    635	10.957614	(00.017256 +- 00.001788)	[00.003926,00.049405]

INFO  Timings:
SM Timing
-----------
00_conversion_livox     	    637	06.691335	(00.010504 +- 00.000271)	[00.008464,00.021490]
01_filter               	    636	00.168434	(00.000265 +- 00.000042)	[00.000114,00.002432]
02_preint               	    634	00.021641	(00.000034 +- 00.000005)	[00.000024,00.000075]
02a_intensity_preprocess	    636	01.513239	(00.002379 +- 00.000220)	[00.000791,00.006728]
03_undistortion         	    634	00.393554	(00.000621 +- 00.000096)	[00.000134,00.003404]
04_sampling             	    633	00.276727	(00.000437 +- 00.000082)	[00.000063,00.001400]
04b_intensity_sampling  	    633	00.411635	(00.000650 +- 00.000164)	[00.000127,00.002206]
05_registration         	    633	01.956974	(00.003092 +- 00.000662)	[00.000690,00.013003]
06_map                  	    633	00.454051	(00.000717 +- 00.000106)	[00.000113,00.003099]
07_imu_opt              	    633	00.800871	(00.001265 +- 00.000156)	[00.000001,00.003969]
08_publish              	    633	04.916478	(00.007767 +- 00.001064)	[00.000514,00.024065]
step                    	    636	10.972564	(00.017252 +- 00.001828)	[00.003926,00.049405]

INFO  Timings:
SM Timing
-----------
00_conversion_livox     	    638	06.701103	(00.010503 +- 00.000268)	[00.008464,00.021490]
01_filter               	    637	00.168654	(00.000265 +- 00.000043)	[00.000114,00.002432]
02_preint               	    635	00.021678	(00.000034 +- 00.000005)	[00.000024,00.000075]
02a_intensity_preprocess	    637	01.515292	(00.002379 +- 00.000225)	[00.000791,00.006728]
03_undistortion         	    635	00.393946	(00.000620 +- 00.000106)	[00.000134,00.003404]
04_sampling             	    634	00.277054	(00.000437 +- 00.000085)	[00.000063,00.001400]
04b_intensity_sampling  	    634	00.412207	(00.000650 +- 00.000160)	[00.000127,00.002206]
05_registration         	    634	01.961285	(00.003094 +- 00.000691)	[00.000690,00.013003]
06_map                  	    634	00.454629	(00.000717 +- 00.000108)	[00.000113,00.003099]
07_imu_opt              	    634	00.802080	(00.001265 +- 00.000154)	[00.000001,00.003969]
08_publish              	    634	04.922914	(00.007765 +- 00.001088)	[00.000514,00.024065]
step                    	    637	10.988795	(00.017251 +- 00.001824)	[00.003926,00.049405]

INFO  Timings:
SM Timing
-----------
00_conversion_livox     	    639	06.711039	(00.010502 +- 00.000267)	[00.008464,00.021490]
01_filter               	    638	00.168873	(00.000265 +- 00.000044)	[00.000114,00.002432]
02_preint               	    636	00.021711	(00.000034 +- 00.000005)	[00.000024,00.000075]
02a_intensity_preprocess	    638	01.517287	(00.002378 +- 00.000231)	[00.000791,00.006728]
03_undistortion         	    636	00.394716	(00.000621 +- 00.000106)	[00.000134,00.003404]
04_sampling             	    635	00.277451	(00.000437 +- 00.000085)	[00.000063,00.001400]
04b_intensity_sampling  	    635	00.412784	(00.000650 +- 00.000161)	[00.000127,00.002206]
05_registration         	    635	01.963809	(00.003093 +- 00.000692)	[00.000690,00.013003]
06_map                  	    635	00.455218	(00.000717 +- 00.000111)	[00.000113,00.003099]
07_imu_opt              	    635	00.803252	(00.001265 +- 00.000153)	[00.000001,00.003969]
08_publish              	    635	04.928744	(00.007762 +- 00.001126)	[00.000514,00.024065]
step                    	    638	11.002975	(00.017246 +- 00.001881)	[00.003926,00.049405]

INFO  Timings:
SM Timing
-----------
00_conversion_livox     	    640	06.720567	(00.010501 +- 00.000269)	[00.008464,00.021490]
01_filter               	    639	00.169076	(00.000265 +- 00.000044)	[00.000114,00.002432]
02_preint               	    637	00.021748	(00.000034 +- 00.000005)	[00.000024,00.000075]
02a_intensity_preprocess	    639	01.519121	(00.002377 +- 00.000240)	[00.000791,00.006728]
03_undistortion         	    637	00.395159	(00.000620 +- 00.000112)	[00.000134,00.003404]
04_sampling             	    636	00.277798	(00.000437 +- 00.000086)	[00.000063,00.001400]
04b_intensity_sampling  	    636	00.413426	(00.000650 +- 00.000161)	[00.000127,00.002206]
05_registration         	    636	01.966231	(00.003092 +- 00.000692)	[00.000690,00.013003]
06_map                  	    636	00.455880	(00.000717 +- 00.000111)	[00.000113,00.003099]
07_imu_opt              	    636	00.804336	(00.001265 +- 00.000154)	[00.000001,00.003969]
08_publish              	    636	04.933698	(00.007757 +- 00.001200)	[00.000514,00.024065]
step                    	    639	11.015680	(00.017239 +- 00.001999)	[00.003926,00.049405]

INFO  Timings:
SM Timing
-----------
00_conversion_livox     	    641	06.730071	(00.010499 +- 00.000273)	[00.008464,00.021490]
01_filter               	    640	00.169281	(00.000265 +- 00.000045)	[00.000114,00.002432]
02_preint               	    638	00.021782	(00.000034 +- 00.000005)	[00.000024,00.000075]
02a_intensity_preprocess	    640	01.520849	(00.002376 +- 00.000254)	[00.000791,00.006728]
03_undistortion         	    638	00.395689	(00.000620 +- 00.000114)	[00.000134,00.003404]
04_sampling             	    637	00.278148	(00.000437 +- 00.000088)	[00.000063,00.001400]
04b_intensity_sampling  	    637	00.413951	(00.000650 +- 00.000163)	[00.000127,00.002206]
05_registration         	    637	01.968919	(00.003091 +- 00.000692)	[00.000690,00.013003]
06_map                  	    637	00.456348	(00.000716 +- 00.000119)	[00.000113,00.003099]
07_imu_opt              	    637	00.805541	(00.001265 +- 00.000152)	[00.000001,00.003969]
08_publish              	    637	04.937879	(00.007752 +- 00.001306)	[00.000514,00.024065]
step                    	    640	11.027642	(00.017231 +- 00.002136)	[00.003926,00.049405]

INFO  Timings:
SM Timing
-----------
00_conversion_livox     	    642	06.740024	(00.010498 +- 00.000273)	[00.008464,00.021490]
01_filter               	    641	00.169511	(00.000264 +- 00.000045)	[00.000114,00.002432]
02_preint               	    639	00.021818	(00.000034 +- 00.000005)	[00.000024,00.000075]
02a_intensity_preprocess	    641	01.522394	(00.002375 +- 00.000277)	[00.000791,00.006728]
03_undistortion         	    639	00.396082	(00.000620 +- 00.000122)	[00.000134,00.003404]
04_sampling             	    638	00.278512	(00.000437 +- 00.000087)	[00.000063,00.001400]
04b_intensity_sampling  	    638	00.414452	(00.000650 +- 00.000164)	[00.000127,00.002206]
05_registration         	    638	01.970517	(00.003089 +- 00.000713)	[00.000690,00.013003]
06_map                  	    638	00.456841	(00.000716 +- 00.000125)	[00.000113,00.003099]
07_imu_opt              	    638	00.806626	(00.001264 +- 00.000151)	[00.000001,00.003969]
08_publish              	    638	04.941706	(00.007746 +- 00.001413)	[00.000514,00.024065]
step                    	    641	11.037775	(00.017220 +- 00.002362)	[00.003926,00.049405]

INFO  Timings:
SM Timing
-----------
00_conversion_livox     	    643	06.749965	(00.010498 +- 00.000273)	[00.008464,00.021490]
01_filter               	    642	00.169691	(00.000264 +- 00.000046)	[00.000114,00.002432]
02_preint               	    640	00.021855	(00.000034 +- 00.000005)	[00.000024,00.000075]
02a_intensity_preprocess	    642	01.523948	(00.002374 +- 00.000296)	[00.000791,00.006728]
03_undistortion         	    640	00.396394	(00.000619 +- 00.000132)	[00.000134,00.003404]
04_sampling             	    639	00.278803	(00.000436 +- 00.000090)	[00.000063,00.001400]
04b_intensity_sampling  	    639	00.414918	(00.000649 +- 00.000168)	[00.000127,00.002206]
05_registration         	    639	01.972355	(00.003087 +- 00.000726)	[00.000690,00.013003]
06_map                  	    639	00.457327	(00.000716 +- 00.000129)	[00.000113,00.003099]
07_imu_opt              	    639	00.807730	(00.001264 +- 00.000149)	[00.000001,00.003969]
08_publish              	    639	04.945551	(00.007740 +- 00.001495)	[00.000514,00.024065]
step                    	    642	11.047965	(00.017209 +- 00.002544)	[00.003926,00.049405]

INFO  Timings:
SM Timing
-----------
00_conversion_livox     	    644	06.760000	(00.010497 +- 00.000273)	[00.008464,00.021490]
01_filter               	    643	00.169914	(00.000264 +- 00.000047)	[00.000114,00.002432]
02_preint               	    641	00.021884	(00.000034 +- 00.000005)	[00.000024,00.000075]
02a_intensity_preprocess	    643	01.525523	(00.002373 +- 00.000308)	[00.000791,00.006728]
03_undistortion         	    641	00.396947	(00.000619 +- 00.000131)	[00.000134,00.003404]
04_sampling             	    640	00.279123	(00.000436 +- 00.000092)	[00.000063,00.001400]
04b_intensity_sampling  	    640	00.415665	(00.000649 +- 00.000167)	[00.000127,00.002206]
05_registration         	    640	01.975505	(00.003087 +- 00.000726)	[00.000690,00.013003]
06_map                  	    640	00.457807	(00.000715 +- 00.000133)	[00.000113,00.003099]
07_imu_opt              	    640	00.809187	(00.001264 +- 00.000151)	[00.000001,00.003969]
08_publish              	    640	04.949642	(00.007734 +- 00.001548)	[00.000514,00.024065]
step                    	    643	11.060743	(00.017202 +- 00.002568)	[00.003926,00.049405]

INFO  Timings:
SM Timing
-----------
00_conversion_livox     	    645	06.770434	(00.010497 +- 00.000281)	[00.008464,00.021490]
01_filter               	    644	00.170110	(00.000264 +- 00.000048)	[00.000114,00.002432]
02_preint               	    642	00.021921	(00.000034 +- 00.000005)	[00.000024,00.000075]
02a_intensity_preprocess	    644	01.527132	(00.002371 +- 00.000312)	[00.000791,00.006728]
03_undistortion         	    642	00.397254	(00.000619 +- 00.000141)	[00.000134,00.003404]
04_sampling             	    641	00.279403	(00.000436 +- 00.000095)	[00.000063,00.001400]
04b_intensity_sampling  	    641	00.416127	(00.000649 +- 00.000171)	[00.000127,00.002206]
05_registration         	    641	01.977228	(00.003085 +- 00.000700)	[00.000690,00.013003]
06_map                  	    641	00.458224	(00.000715 +- 00.000140)	[00.000113,00.003099]
07_imu_opt              	    641	00.810302	(00.001264 +- 00.000152)	[00.000001,00.003969]
08_publish              	    641	04.953643	(00.007728 +- 00.001588)	[00.000514,00.024065]
step                    	    644	11.070946	(00.017191 +- 00.002638)	[00.003926,00.049405]

INFO  Timings:
SM Timing
-----------
00_conversion_livox     	    646	06.780537	(00.010496 +- 00.000276)	[00.008464,00.021490]
01_filter               	    645	00.170324	(00.000264 +- 00.000047)	[00.000114,00.002432]
02_preint               	    643	00.021958	(00.000034 +- 00.000005)	[00.000024,00.000075]
02a_intensity_preprocess	    645	01.528718	(00.002370 +- 00.000317)	[00.000791,00.006728]
03_undistortion         	    643	00.397649	(00.000618 +- 00.000145)	[00.000134,00.003404]
04_sampling             	    642	00.279764	(00.000436 +- 00.000093)	[00.000063,00.001400]
04b_intensity_sampling  	    642	00.416699	(00.000649 +- 00.000170)	[00.000127,00.002206]
05_registration         	    642	01.979188	(00.003083 +- 00.000708)	[00.000690,00.013003]
06_map                  	    642	00.458753	(00.000715 +- 00.000138)	[00.000113,00.003099]
07_imu_opt              	    642	00.811412	(00.001264 +- 00.000153)	[00.000001,00.003969]
08_publish              	    642	04.957465	(00.007722 +- 00.001635)	[00.000514,00.024065]
step                    	    645	11.081577	(00.017181 +- 00.002717)	[00.003926,00.049405]

INFO  Timings:
SM Timing
-----------
00_conversion_livox     	    647	06.790206	(00.010495 +- 00.000267)	[00.008464,00.021490]
01_filter               	    646	00.170548	(00.000264 +- 00.000047)	[00.000114,00.002432]
02_preint               	    644	00.021987	(00.000034 +- 00.000005)	[00.000024,00.000075]
02a_intensity_preprocess	    646	01.530220	(00.002369 +- 00.000325)	[00.000791,00.006728]
03_undistortion         	    644	00.398243	(00.000618 +- 00.000145)	[00.000134,00.003404]
04_sampling             	    643	00.280105	(00.000436 +- 00.000093)	[00.000063,00.001400]
04b_intensity_sampling  	    643	00.417284	(00.000649 +- 00.000170)	[00.000127,00.002206]
05_registration         	    643	01.982942	(00.003084 +- 00.000697)	[00.000690,00.013003]
06_map                  	    643	00.459251	(00.000714 +- 00.000140)	[00.000113,00.003099]
07_imu_opt              	    643	00.812512	(00.001264 +- 00.000154)	[00.000001,00.003969]
08_publish              	    643	04.961302	(00.007716 +- 00.001677)	[00.000514,00.024065]
step                    	    646	11.094103	(00.017174 +- 00.002693)	[00.003926,00.049405]

INFO  Timings:
SM Timing
-----------
00_conversion_livox     	    648	06.800300	(00.010494 +- 00.000269)	[00.008464,00.021490]
01_filter               	    647	00.170751	(00.000264 +- 00.000047)	[00.000114,00.002432]
02_preint               	    645	00.022015	(00.000034 +- 00.000005)	[00.000024,00.000075]
02a_intensity_preprocess	    647	01.531820	(00.002368 +- 00.000330)	[00.000791,00.006728]
03_undistortion         	    645	00.398610	(00.000618 +- 00.000150)	[00.000134,00.003404]
04_sampling             	    644	00.280451	(00.000435 +- 00.000094)	[00.000063,00.001400]
04b_intensity_sampling  	    644	00.417844	(00.000649 +- 00.000170)	[00.000127,00.002206]
05_registration         	    644	01.985129	(00.003082 +- 00.000699)	[00.000690,00.013003]
06_map                  	    644	00.459842	(00.000714 +- 00.000138)	[00.000113,00.003099]
07_imu_opt              	    644	00.814208	(00.001264 +- 00.000167)	[00.000001,00.003969]
08_publish              	    644	04.965369	(00.007710 +- 00.001696)	[00.000514,00.024065]
step                    	    647	11.105829	(00.017165 +- 00.002732)	[00.003926,00.049405]

INFO  Timings:
SM Timing
-----------
00_conversion_livox     	    649	06.810495	(00.010494 +- 00.000273)	[00.008464,00.021490]
01_filter               	    648	00.170978	(00.000264 +- 00.000047)	[00.000114,00.002432]
02_preint               	    646	00.022052	(00.000034 +- 00.000005)	[00.000024,00.000075]
02a_intensity_preprocess	    648	01.533412	(00.002366 +- 00.000336)	[00.000791,00.006728]
03_undistortion         	    646	00.399005	(00.000618 +- 00.000155)	[00.000134,00.003404]
04_sampling             	    645	00.280756	(00.000435 +- 00.000095)	[00.000063,00.001400]
04b_intensity_sampling  	    645	00.418478	(00.000649 +- 00.000167)	[00.000127,00.002206]
05_registration         	    645	01.986736	(00.003080 +- 00.000714)	[00.000690,00.013003]
06_map                  	    645	00.460344	(00.000714 +- 00.000140)	[00.000113,00.003099]
07_imu_opt              	    645	00.815367	(00.001264 +- 00.000166)	[00.000001,00.003969]
08_publish              	    645	04.969589	(00.007705 +- 00.001722)	[00.000514,00.024065]
step                    	    648	11.116577	(00.017155 +- 00.002803)	[00.003926,00.049405]

INFO  Timings:
SM Timing
-----------
00_conversion_livox     	    650	06.820491	(00.010493 +- 00.000274)	[00.008464,00.021490]
01_filter               	    649	00.171166	(00.000264 +- 00.000048)	[00.000114,00.002432]
02_preint               	    647	00.022089	(00.000034 +- 00.000005)	[00.000024,00.000075]
02a_intensity_preprocess	    649	01.535031	(00.002365 +- 00.000337)	[00.000791,00.006728]
03_undistortion         	    647	00.399359	(00.000617 +- 00.000160)	[00.000134,00.003404]
04_sampling             	    646	00.281070	(00.000435 +- 00.000097)	[00.000063,00.001400]
04b_intensity_sampling  	    646	00.418911	(00.000648 +- 00.000170)	[00.000127,00.002206]
05_registration         	    646	01.988837	(00.003079 +- 00.000714)	[00.000690,00.013003]
06_map                  	    646	00.460813	(00.000713 +- 00.000144)	[00.000113,00.003099]
07_imu_opt              	    646	00.816779	(00.001264 +- 00.000167)	[00.000001,00.003969]
08_publish              	    646	04.973914	(00.007700 +- 00.001739)	[00.000514,00.024065]
step                    	    649	11.127884	(00.017146 +- 00.002839)	[00.003926,00.049405]

INFO  Timings:
SM Timing
-----------
00_conversion_livox     	    651	06.830656	(00.010493 +- 00.000278)	[00.008464,00.021490]
01_filter               	    650	00.171582	(00.000264 +- 00.000053)	[00.000114,00.002432]
02_preint               	    648	00.022125	(00.000034 +- 00.000005)	[00.000024,00.000075]
02a_intensity_preprocess	    650	01.536619	(00.002364 +- 00.000342)	[00.000791,00.006728]
03_undistortion         	    648	00.399760	(00.000617 +- 00.000163)	[00.000134,00.003404]
04_sampling             	    647	00.281393	(00.000435 +- 00.000085)	[00.000063,00.001400]
04b_intensity_sampling  	    647	00.419390	(00.000648 +- 00.000172)	[00.000127,00.002206]
05_registration         	    647	01.991809	(00.003079 +- 00.000715)	[00.000690,00.013003]
06_map                  	    647	00.461291	(00.000713 +- 00.000142)	[00.000113,00.003099]
07_imu_opt              	    647	00.817991	(00.001264 +- 00.000165)	[00.000001,00.003969]
08_publish              	    647	04.978113	(00.007694 +- 00.001761)	[00.000514,00.024065]
step                    	    650	11.140037	(00.017139 +- 00.002861)	[00.003926,00.049405]

INFO  Timings:
SM Timing
-----------
00_conversion_livox     	    652	06.840437	(00.010491 +- 00.000275)	[00.008464,00.021490]
01_filter               	    651	00.171782	(00.000264 +- 00.000054)	[00.000114,00.002432]
02_preint               	    649	00.022162	(00.000034 +- 00.000005)	[00.000024,00.000075]
02a_intensity_preprocess	    651	01.538245	(00.002363 +- 00.000348)	[00.000791,00.006728]
03_undistortion         	    649	00.400084	(00.000616 +- 00.000168)	[00.000134,00.003404]
04_sampling             	    648	00.281730	(00.000435 +- 00.000085)	[00.000063,00.001400]
04b_intensity_sampling  	    648	00.420124	(00.000648 +- 00.000172)	[00.000127,00.002206]
05_registration         	    648	01.993672	(00.003077 +- 00.000723)	[00.000690,00.013003]
06_map                  	    648	00.461741	(00.000713 +- 00.000146)	[00.000113,00.003099]
07_imu_opt              	    648	00.819414	(00.001265 +- 00.000166)	[00.000001,00.003969]
08_publish              	    648	04.982103	(00.007688 +- 00.001795)	[00.000514,00.024065]
step                    	    651	11.151078	(00.017129 +- 00.002927)	[00.003926,00.049405]

INFO  Timings:
SM Timing
-----------
00_conversion_livox     	    653	06.850387	(00.010491 +- 00.000275)	[00.008464,00.021490]
01_filter               	    652	00.171979	(00.000264 +- 00.000054)	[00.000114,00.002432]
02_preint               	    650	00.022198	(00.000034 +- 00.000005)	[00.000024,00.000075]
02a_intensity_preprocess	    652	01.539743	(00.002362 +- 00.000357)	[00.000791,00.006728]
03_undistortion         	    650	00.400452	(00.000616 +- 00.000168)	[00.000134,00.003404]
04_sampling             	    649	00.282231	(00.000435 +- 00.000081)	[00.000063,00.001400]
04b_intensity_sampling  	    649	00.420608	(00.000648 +- 00.000174)	[00.000127,00.002206]
05_registration         	    649	01.995471	(00.003075 +- 00.000733)	[00.000690,00.013003]
06_map                  	    649	00.462224	(00.000712 +- 00.000147)	[00.000113,00.003099]
07_imu_opt              	    649	00.820603	(00.001264 +- 00.000165)	[00.000001,00.003969]
08_publish              	    649	04.985676	(00.007682 +- 00.001839)	[00.000514,00.024065]
step                    	    652	11.161269	(00.017119 +- 00.003003)	[00.003926,00.049405]

INFO  Timings:
SM Timing
-----------
00_conversion_livox     	    654	06.860016	(00.010489 +- 00.000275)	[00.008464,00.021490]
01_filter               	    653	00.172143	(00.000264 +- 00.000055)	[00.000114,00.002432]
02_preint               	    651	00.022225	(00.000034 +- 00.000005)	[00.000024,00.000075]
02a_intensity_preprocess	    653	01.541151	(00.002360 +- 00.000368)	[00.000791,00.006728]
03_undistortion         	    651	00.400766	(00.000616 +- 00.000173)	[00.000134,00.003404]
04_sampling             	    650	00.282618	(00.000435 +- 00.000081)	[00.000063,00.001400]
04b_intensity_sampling  	    650	00.421096	(00.000648 +- 00.000174)	[00.000127,00.002206]
05_registration         	    650	01.998012	(00.003074 +- 00.000654)	[00.000690,00.013003]
06_map                  	    650	00.462653	(00.000712 +- 00.000151)	[00.000113,00.003099]
07_imu_opt              	    650	00.821707	(00.001264 +- 00.000163)	[00.000001,00.003969]
08_publish              	    650	04.988926	(00.007675 +- 00.001892)	[00.000514,00.024065]
step                    	    653	11.171437	(00.017108 +- 00.003025)	[00.003926,00.049405]

INFO  Timings:
SM Timing
-----------
00_conversion_livox     	    655	06.869936	(00.010488 +- 00.000264)	[00.008464,00.021490]
01_filter               	    654	00.172334	(00.000264 +- 00.000056)	[00.000114,00.002432]
02_preint               	    652	00.022261	(00.000034 +- 00.000005)	[00.000024,00.000075]
02a_intensity_preprocess	    654	01.542516	(00.002359 +- 00.000378)	[00.000791,00.006728]
03_undistortion         	    652	00.401104	(00.000615 +- 00.000176)	[00.000134,00.003404]
04_sampling             	    651	00.282961	(00.000435 +- 00.000082)	[00.000063,00.001400]
04b_intensity_sampling  	    651	00.421585	(00.000648 +- 00.000175)	[00.000127,00.002206]
05_registration         	    651	01.999691	(00.003072 +- 00.000667)	[00.000690,00.013003]
06_map                  	    651	00.463116	(00.000711 +- 00.000154)	[00.000113,00.003099]
07_imu_opt              	    651	00.822968	(00.001264 +- 00.000142)	[00.000001,00.003969]
08_publish              	    651	04.991982	(00.007668 +- 00.001950)	[00.000514,00.024065]
step                    	    654	11.180747	(00.017096 +- 00.003121)	[00.003926,00.049405]

INFO  Timings:
SM Timing
-----------
00_conversion_livox     	    656	06.879100	(00.010486 +- 00.000276)	[00.008464,00.021490]
01_filter               	    655	00.172503	(00.000263 +- 00.000057)	[00.000114,00.002432]
02_preint               	    653	00.022290	(00.000034 +- 00.000005)	[00.000024,00.000075]
02a_intensity_preprocess	    655	01.543898	(00.002357 +- 00.000389)	[00.000791,00.006728]
03_undistortion         	    653	00.401377	(00.000615 +- 00.000182)	[00.000134,00.003404]
04_sampling             	    652	00.283272	(00.000434 +- 00.000083)	[00.000063,00.001400]
04b_intensity_sampling  	    652	00.421941	(00.000647 +- 00.000180)	[00.000127,00.002206]
05_registration         	    652	02.001514	(00.003070 +- 00.000675)	[00.000690,00.013003]
06_map                  	    652	00.463413	(00.000711 +- 00.000161)	[00.000113,00.003099]
07_imu_opt              	    652	00.824162	(00.001264 +- 00.000141)	[00.000001,00.003969]
08_publish              	    652	04.994961	(00.007661 +- 00.002006)	[00.000514,00.024065]
step                    	    655	11.189605	(00.017083 +- 00.003232)	[00.003926,00.049405]

INFO  Timings:
SM Timing
-----------
00_conversion_livox     	    657	06.888495	(00.010485 +- 00.000274)	[00.008464,00.021490]
01_filter               	    656	00.172677	(00.000263 +- 00.000058)	[00.000114,00.002432]
02_preint               	    654	00.022315	(00.000034 +- 00.000005)	[00.000024,00.000075]
02a_intensity_preprocess	    656	01.545172	(00.002355 +- 00.000400)	[00.000791,00.006728]
03_undistortion         	    654	00.401618	(00.000614 +- 00.000188)	[00.000134,00.003404]
04_sampling             	    653	00.283509	(00.000434 +- 00.000086)	[00.000063,00.001400]
04b_intensity_sampling  	    653	00.422308	(00.000647 +- 00.000184)	[00.000127,00.002206]
05_registration         	    653	02.003098	(00.003068 +- 00.000687)	[00.000690,00.013003]
06_map                  	    653	00.463736	(00.000710 +- 00.000167)	[00.000113,00.003099]
07_imu_opt              	    653	00.825158	(00.001264 +- 00.000141)	[00.000001,00.003969]
08_publish              	    653	04.997675	(00.007653 +- 00.002065)	[00.000514,00.024065]
step                    	    656	11.197592	(00.017070 +- 00.003360)	[00.003926,00.049405]

INFO  Timings:
SM Timing
-----------
00_conversion_livox     	    658	06.897484	(00.010482 +- 00.000296)	[00.008464,00.021490]
01_filter               	    657	00.172842	(00.000263 +- 00.000059)	[00.000114,00.002432]
02_preint               	    655	00.022344	(00.000034 +- 00.000005)	[00.000024,00.000075]
02a_intensity_preprocess	    657	01.546396	(00.002354 +- 00.000412)	[00.000791,00.006728]
03_undistortion         	    655	00.402081	(00.000614 +- 00.000189)	[00.000134,00.003404]
04_sampling             	    654	00.283755	(00.000434 +- 00.000089)	[00.000063,00.001400]
04b_intensity_sampling  	    654	00.422664	(00.000646 +- 00.000188)	[00.000127,00.002206]
05_registration         	    654	02.004714	(00.003065 +- 00.000695)	[00.000690,00.013003]
06_map                  	    654	00.464117	(00.000710 +- 00.000171)	[00.000113,00.003099]
07_imu_opt              	    654	00.826285	(00.001263 +- 00.000141)	[00.000001,00.003969]
08_publish              	    654	05.000237	(00.007646 +- 00.002123)	[00.000514,00.024065]
step                    	    657	11.205826	(00.017056 +- 00.003478)	[00.003926,00.049405]

INFO  Timings:
SM Timing
-----------
00_conversion_livox     	    659	06.906897	(00.010481 +- 00.000299)	[00.008464,00.021490]
01_filter               	    658	00.172986	(00.000263 +- 00.000061)	[00.000114,00.002432]
02_preint               	    656	00.022399	(00.000034 +- 00.000006)	[00.000024,00.000075]
02a_intensity_preprocess	    658	01.547631	(00.002352 +- 00.000424)	[00.000791,00.006728]
03_undistortion         	    656	00.402334	(00.000613 +- 00.000194)	[00.000134,00.003404]
04_sampling             	    655	00.284024	(00.000434 +- 00.000091)	[00.000063,00.001400]
04b_intensity_sampling  	    655	00.422979	(00.000646 +- 00.000193)	[00.000127,00.002206]
05_registration         	    655	02.006903	(00.003064 +- 00.000696)	[00.000690,00.013003]
06_map                  	    655	00.464466	(00.000709 +- 00.000162)	[00.000113,00.003099]
07_imu_opt              	    655	00.827358	(00.001263 +- 00.000141)	[00.000001,00.003969]
08_publish              	    655	05.002708	(00.007638 +- 00.002175)	[00.000514,00.024065]
step                    	    658	11.214229	(00.017043 +- 00.003559)	[00.003926,00.049405]

INFO  Timings:
SM Timing
-----------
00_conversion_livox     	    660	06.916550	(00.010480 +- 00.000298)	[00.008464,00.021490]
01_filter               	    659	00.173144	(00.000263 +- 00.000060)	[00.000114,00.002432]
02_preint               	    657	00.022434	(00.000034 +- 00.000006)	[00.000024,00.000075]
02a_intensity_preprocess	    659	01.548863	(00.002350 +- 00.000435)	[00.000791,00.006728]
03_undistortion         	    657	00.402589	(00.000613 +- 00.000194)	[00.000134,00.003404]
04_sampling             	    656	00.284230	(00.000433 +- 00.000095)	[00.000063,00.001400]
04b_intensity_sampling  	    656	00.423303	(00.000645 +- 00.000197)	[00.000127,00.002206]
05_registration         	    656	02.008236	(00.003061 +- 00.000715)	[00.000690,00.013003]
06_map                  	    656	00.464790	(00.000709 +- 00.000164)	[00.000113,00.003099]
07_imu_opt              	    656	00.828374	(00.001263 +- 00.000143)	[00.000001,00.003969]
08_publish              	    656	05.004937	(00.007629 +- 00.002224)	[00.000514,00.024065]
step                    	    659	11.221393	(00.017028 +- 00.003681)	[00.003926,00.049405]

INFO  Timings:
SM Timing
-----------
00_conversion_livox     	    661	06.925253	(00.010477 +- 00.000327)	[00.008464,00.021490]
01_filter               	    660	00.173305	(00.000263 +- 00.000060)	[00.000114,00.002432]
02_preint               	    658	00.022461	(00.000034 +- 00.000006)	[00.000024,00.000075]
02a_intensity_preprocess	    660	01.550002	(00.002348 +- 00.000447)	[00.000791,00.006728]
03_undistortion         	    658	00.402868	(00.000612 +- 00.000196)	[00.000134,00.003404]
04_sampling             	    657	00.284511	(00.000433 +- 00.000096)	[00.000063,00.001400]
04b_intensity_sampling  	    657	00.423645	(00.000645 +- 00.000201)	[00.000127,00.002206]
05_registration         	    657	02.011046	(00.003061 +- 00.000716)	[00.000690,00.013003]
06_map                  	    657	00.465193	(00.000708 +- 00.000166)	[00.000113,00.003099]
07_imu_opt              	    657	00.829502	(00.001263 +- 00.000144)	[00.000001,00.003969]
08_publish              	    657	05.007165	(00.007621 +- 00.002271)	[00.000514,00.024065]
step                    	    660	11.230236	(00.017016 +- 00.003741)	[00.003926,00.049405]

INFO  Timings:
SM Timing
-----------
00_conversion_livox     	    662	06.934869	(00.010476 +- 00.000328)	[00.008464,00.021490]
01_filter               	    661	00.173461	(00.000262 +- 00.000061)	[00.000114,00.002432]
02_preint               	    659	00.022489	(00.000034 +- 00.000006)	[00.000024,00.000075]
02a_intensity_preprocess	    661	01.551200	(00.002347 +- 00.000458)	[00.000791,00.006728]
03_undistortion         	    659	00.403176	(00.000612 +- 00.000198)	[00.000134,00.003404]
04_sampling             	    658	00.284773	(00.000433 +- 00.000097)	[00.000063,00.001400]
04b_intensity_sampling  	    658	00.423959	(00.000644 +- 00.000205)	[00.000127,00.002206]
05_registration         	    658	02.014228	(00.003061 +- 00.000722)	[00.000690,00.013003]
06_map                  	    658	00.465737	(00.000708 +- 00.000163)	[00.000113,00.003099]
07_imu_opt              	    658	00.830556	(00.001262 +- 00.000145)	[00.000001,00.003969]
08_publish              	    658	05.009326	(00.007613 +- 00.002314)	[00.000514,00.024065]
step                    	    661	11.239501	(00.017004 +- 00.003780)	[00.003926,00.049405]

INFO  Timings:
SM Timing
-----------
00_conversion_livox     	    663	06.944082	(00.010474 +- 00.000335)	[00.008464,00.021490]
01_filter               	    662	00.173632	(00.000262 +- 00.000061)	[00.000114,00.002432]
02_preint               	    660	00.022526	(00.000034 +- 00.000006)	[00.000024,00.000075]
02a_intensity_preprocess	    662	01.552381	(00.002345 +- 00.000467)	[00.000791,00.006728]
03_undistortion         	    660	00.403413	(00.000611 +- 00.000201)	[00.000134,00.003404]
04_sampling             	    659	00.284990	(00.000432 +- 00.000100)	[00.000063,00.001400]
04b_intensity_sampling  	    659	00.424381	(00.000644 +- 00.000206)	[00.000127,00.002206]
05_registration         	    659	02.016392	(00.003060 +- 00.000724)	[00.000690,00.013003]
06_map                  	    659	00.466068	(00.000707 +- 00.000167)	[00.000113,00.003099]
07_imu_opt              	    659	00.832037	(00.001263 +- 00.000149)	[00.000001,00.003969]
08_publish              	    659	05.011289	(00.007604 +- 00.002358)	[00.000514,00.024065]
step                    	    662	11.247765	(00.016991 +- 00.003841)	[00.003926,00.049405]

INFO  Timings:
SM Timing
-----------
00_conversion_livox     	    664	06.953774	(00.010473 +- 00.000333)	[00.008464,00.021490]
01_filter               	    663	00.173804	(00.000262 +- 00.000062)	[00.000114,00.002432]
02_preint               	    661	00.022554	(00.000034 +- 00.000006)	[00.000024,00.000075]
02a_intensity_preprocess	    663	01.553515	(00.002343 +- 00.000477)	[00.000791,00.006728]
03_undistortion         	    661	00.403638	(00.000611 +- 00.000205)	[00.000134,00.003404]
04_sampling             	    660	00.285200	(00.000432 +- 00.000103)	[00.000063,00.001400]
04b_intensity_sampling  	    660	00.424669	(00.000643 +- 00.000211)	[00.000127,00.002206]
05_registration         	    660	02.017974	(00.003058 +- 00.000734)	[00.000690,00.013003]
06_map                  	    660	00.466358	(00.000707 +- 00.000172)	[00.000113,00.003099]
07_imu_opt              	    660	00.833106	(00.001262 +- 00.000150)	[00.000001,00.003969]
08_publish              	    660	05.013184	(00.007596 +- 00.002405)	[00.000514,00.024065]
step                    	    663	11.254718	(00.016975 +- 00.003951)	[00.003926,00.049405]

INFO  Timings:
SM Timing
-----------
00_conversion_livox     	    665	06.962976	(00.010471 +- 00.000340)	[00.008464,00.021490]
01_filter               	    664	00.173982	(00.000262 +- 00.000062)	[00.000114,00.002432]
02_preint               	    662	00.022584	(00.000034 +- 00.000006)	[00.000024,00.000075]
02a_intensity_preprocess	    664	01.554646	(00.002341 +- 00.000488)	[00.000791,00.006728]
03_undistortion         	    662	00.403847	(00.000610 +- 00.000209)	[00.000134,00.003404]
04_sampling             	    661	00.285351	(00.000432 +- 00.000108)	[00.000063,00.001400]
04b_intensity_sampling  	    661	00.424897	(00.000643 +- 00.000217)	[00.000127,00.002206]
05_registration         	    661	02.019830	(00.003056 +- 00.000738)	[00.000690,00.013003]
06_map                  	    661	00.466614	(00.000706 +- 00.000178)	[00.000113,00.003099]
07_imu_opt              	    661	00.834234	(00.001262 +- 00.000151)	[00.000001,00.003969]
08_publish              	    661	05.015149	(00.007587 +- 00.002443)	[00.000514,00.024065]
step                    	    664	11.261905	(00.016961 +- 00.004042)	[00.003926,00.049405]

INFO  Timings:
SM Timing
-----------
00_conversion_livox     	    666	06.972525	(00.010469 +- 00.000341)	[00.008464,00.021490]
01_filter               	    665	00.174136	(00.000262 +- 00.000063)	[00.000114,00.002432]
02_preint               	    663	00.022621	(00.000034 +- 00.000005)	[00.000024,00.000075]
02a_intensity_preprocess	    665	01.555756	(00.002339 +- 00.000497)	[00.000791,00.006728]
03_undistortion         	    663	00.404063	(00.000609 +- 00.000212)	[00.000134,00.003404]
04_sampling             	    662	00.285540	(00.000431 +- 00.000106)	[00.000063,00.001400]
04b_intensity_sampling  	    662	00.425177	(00.000642 +- 00.000221)	[00.000127,00.002206]
05_registration         	    662	02.021638	(00.003054 +- 00.000739)	[00.000690,00.013003]
06_map                  	    662	00.466916	(00.000705 +- 00.000182)	[00.000113,00.003099]
07_imu_opt              	    662	00.835364	(00.001262 +- 00.000151)	[00.000001,00.003969]
08_publish              	    662	05.016907	(00.007578 +- 00.002481)	[00.000514,00.024065]
step                    	    665	11.268929	(00.016946 +- 00.004127)	[00.003926,00.049405]

INFO  Timings:
SM Timing
-----------
00_conversion_livox     	    667	06.981418	(00.010467 +- 00.000359)	[00.008464,00.021490]
01_filter               	    666	00.174287	(00.000262 +- 00.000064)	[00.000114,00.002432]
02_preint               	    664	00.022647	(00.000034 +- 00.000005)	[00.000024,00.000075]
02a_intensity_preprocess	    666	01.556809	(00.002338 +- 00.000506)	[00.000791,00.006728]
03_undistortion         	    664	00.404249	(00.000609 +- 00.000215)	[00.000134,00.003404]
04_sampling             	    663	00.285694	(00.000431 +- 00.000108)	[00.000063,00.001400]
04b_intensity_sampling  	    663	00.425390	(00.000642 +- 00.000226)	[00.000127,00.002206]
05_registration         	    663	02.022413	(00.003050 +- 00.000777)	[00.000690,00.013003]
06_map                  	    663	00.467128	(00.000705 +- 00.000187)	[00.000113,00.003099]
07_imu_opt              	    663	00.836704	(00.001262 +- 00.000151)	[00.000001,00.003969]
08_publish              	    663	05.018550	(00.007569 +- 00.002508)	[00.000514,00.024065]
step                    	    666	11.274742	(00.016929 +- 00.004226)	[00.003926,00.049405]

INFO  Timings:
SM Timing
-----------
00_conversion_livox     	    668	06.990927	(00.010465 +- 00.000360)	[00.008464,00.021490]
01_filter               	    667	00.174450	(00.000262 +- 00.000064)	[00.000114,00.002432]
02_preint               	    665	00.022674	(00.000034 +- 00.000005)	[00.000024,00.000075]
02a_intensity_preprocess	    667	01.557842	(00.002336 +- 00.000513)	[00.000791,00.006728]
03_undistortion         	    665	00.404495	(00.000608 +- 00.000215)	[00.000134,00.003404]
04_sampling             	    664	00.285840	(00.000430 +- 00.000109)	[00.000063,00.001400]
04b_intensity_sampling  	    664	00.425864	(00.000641 +- 00.000225)	[00.000127,00.002206]
05_registration         	    664	02.023535	(00.003047 +- 00.000797)	[00.000690,00.013003]
06_map                  	    664	00.467460	(00.000704 +- 00.000187)	[00.000113,00.003099]
07_imu_opt              	    664	00.838757	(00.001263 +- 00.000190)	[00.000001,00.003969]
08_publish              	    664	05.020105	(00.007560 +- 00.002524)	[00.000514,00.024065]
step                    	    667	11.281953	(00.016914 +- 00.004253)	[00.003926,00.049405]

INFO  Timings:
SM Timing
-----------
00_conversion_livox     	    669	07.000076	(00.010463 +- 00.000367)	[00.008464,00.021490]
01_filter               	    668	00.174590	(00.000261 +- 00.000065)	[00.000114,00.002432]
02_preint               	    666	00.022701	(00.000034 +- 00.000006)	[00.000024,00.000075]
02a_intensity_preprocess	    668	01.558954	(00.002334 +- 00.000512)	[00.000791,00.006728]
03_undistortion         	    666	00.404718	(00.000608 +- 00.000216)	[00.000134,00.003404]
04_sampling             	    665	00.286070	(00.000430 +- 00.000105)	[00.000063,00.001400]
04b_intensity_sampling  	    665	00.426176	(00.000641 +- 00.000227)	[00.000127,00.002206]
05_registration         	    665	02.024626	(00.003045 +- 00.000818)	[00.000690,00.013003]
06_map                  	    665	00.467731	(00.000703 +- 00.000187)	[00.000113,00.003099]
07_imu_opt              	    665	00.839836	(00.001263 +- 00.000191)	[00.000001,00.003969]
08_publish              	    665	05.021785	(00.007552 +- 00.002522)	[00.000514,00.024065]
step                    	    668	11.288170	(00.016898 +- 00.004299)	[00.003926,00.049405]

INFO  Timings:
SM Timing
-----------
00_conversion_livox     	    670	07.009857	(00.010462 +- 00.000366)	[00.008464,00.021490]
01_filter               	    669	00.174745	(00.000261 +- 00.000065)	[00.000114,00.002432]
02_preint               	    667	00.022732	(00.000034 +- 00.000006)	[00.000024,00.000075]
02a_intensity_preprocess	    669	01.560116	(00.002332 +- 00.000507)	[00.000791,00.006728]
03_undistortion         	    667	00.404944	(00.000607 +- 00.000215)	[00.000134,00.003404]
04_sampling             	    666	00.286280	(00.000430 +- 00.000104)	[00.000063,00.001400]
04b_intensity_sampling  	    666	00.426624	(00.000641 +- 00.000226)	[00.000127,00.002206]
05_registration         	    666	02.026282	(00.003042 +- 00.000824)	[00.000690,00.013003]
06_map                  	    666	00.467995	(00.000703 +- 00.000187)	[00.000113,00.003099]
07_imu_opt              	    666	00.841186	(00.001263 +- 00.000192)	[00.000001,00.003969]
08_publish              	    666	05.023693	(00.007543 +- 00.002498)	[00.000514,00.024065]
step                    	    669	11.295637	(00.016884 +- 00.004280)	[00.003926,00.049405]

INFO  Timings:
SM Timing
-----------
00_conversion_livox     	    671	07.019181	(00.010461 +- 00.000367)	[00.008464,00.021490]
01_filter               	    670	00.174902	(00.000261 +- 00.000062)	[00.000114,00.002432]
02_preint               	    668	00.022759	(00.000034 +- 00.000006)	[00.000024,00.000075]
02a_intensity_preprocess	    670	01.561304	(00.002330 +- 00.000498)	[00.000791,00.006728]
03_undistortion         	    668	00.405194	(00.000607 +- 00.000215)	[00.000134,00.003404]
04_sampling             	    667	00.286468	(00.000429 +- 00.000105)	[00.000063,00.001400]
04b_intensity_sampling  	    667	00.426970	(00.000640 +- 00.000226)	[00.000127,00.002206]
05_registration         	    667	02.028109	(00.003041 +- 00.000828)	[00.000690,00.013003]
06_map                  	    667	00.468331	(00.000702 +- 00.000186)	[00.000113,00.003099]
07_imu_opt              	    667	00.842257	(00.001263 +- 00.000193)	[00.000001,00.003969]
08_publish              	    667	05.025890	(00.007535 +- 00.002461)	[00.000514,00.024065]
step                    	    670	11.303265	(00.016871 +- 00.004258)	[00.003926,00.049405]

INFO  Timings:
SM Timing
-----------
00_conversion_livox     	    672	07.028829	(00.010460 +- 00.000364)	[00.008464,00.021490]
01_filter               	    671	00.175091	(00.000261 +- 00.000056)	[00.000114,00.002432]
02_preint               	    669	00.022787	(00.000034 +- 00.000006)	[00.000024,00.000075]
02a_intensity_preprocess	    671	01.562493	(00.002329 +- 00.000491)	[00.000791,00.006728]
03_undistortion         	    669	00.405475	(00.000606 +- 00.000212)	[00.000134,00.003404]
04_sampling             	    668	00.286688	(00.000429 +- 00.000101)	[00.000063,00.001400]
04b_intensity_sampling  	    668	00.427287	(00.000640 +- 00.000225)	[00.000127,00.002206]
05_registration         	    668	02.029631	(00.003038 +- 00.000779)	[00.000690,00.013003]
06_map                  	    668	00.468693	(00.000702 +- 00.000180)	[00.000113,00.003099]
07_imu_opt              	    668	00.843769	(00.001263 +- 00.000197)	[00.000001,00.003969]
08_publish              	    668	05.028051	(00.007527 +- 00.002407)	[00.000514,00.024065]
step                    	    671	11.311102	(00.016857 +- 00.004124)	[00.003926,00.049405]

INFO  Timings:
SM Timing
-----------
00_conversion_livox     	    673	07.037880	(00.010457 +- 00.000374)	[00.008464,00.021490]
01_filter               	    672	00.175239	(00.000261 +- 00.000055)	[00.000114,00.002432]
02_preint               	    670	00.022824	(00.000034 +- 00.000006)	[00.000024,00.000075]
02a_intensity_preprocess	    672	01.563751	(00.002327 +- 00.000482)	[00.000791,00.006728]
03_undistortion         	    670	00.405694	(00.000606 +- 00.000208)	[00.000134,00.003404]
04_sampling             	    669	00.286911	(00.000429 +- 00.000100)	[00.000063,00.001400]
04b_intensity_sampling  	    669	00.427588	(00.000639 +- 00.000224)	[00.000127,00.002206]
05_registration         	    669	02.031445	(00.003037 +- 00.000763)	[00.000690,00.013003]
06_map                  	    669	00.469083	(00.000701 +- 00.000177)	[00.000113,00.003099]
07_imu_opt              	    669	00.844979	(00.001263 +- 00.000197)	[00.000001,00.003969]
08_publish              	    669	05.030458	(00.007519 +- 00.002336)	[00.000514,00.024065]
step                    	    672	11.319193	(00.016844 +- 00.004012)	[00.003926,00.049405]

INFO  Timings:
SM Timing
-----------
00_conversion_livox     	    674	07.047472	(00.010456 +- 00.000370)	[00.008464,00.021490]
01_filter               	    673	00.175446	(00.000261 +- 00.000053)	[00.000114,00.002432]
02_preint               	    671	00.022860	(00.000034 +- 00.000005)	[00.000024,00.000075]
02a_intensity_preprocess	    673	01.565052	(00.002325 +- 00.000464)	[00.000791,00.006728]
03_undistortion         	    671	00.405960	(00.000605 +- 00.000202)	[00.000134,00.003404]
04_sampling             	    670	00.287137	(00.000429 +- 00.000099)	[00.000063,00.001400]
04b_intensity_sampling  	    670	00.427927	(00.000639 +- 00.000225)	[00.000127,00.002206]
05_registration         	    670	02.033015	(00.003034 +- 00.000769)	[00.000690,00.013003]
06_map                  	    670	00.469402	(00.000701 +- 00.000176)	[00.000113,00.003099]
07_imu_opt              	    670	00.846057	(00.001263 +- 00.000198)	[00.000001,00.003969]
08_publish              	    670	05.033178	(00.007512 +- 00.002244)	[00.000514,00.024065]
step                    	    673	11.327306	(00.016831 +- 00.003916)	[00.003926,00.049405]

INFO  Timings:
SM Timing
-----------
00_conversion_livox     	    675	07.057167	(00.010455 +- 00.000369)	[00.008464,00.021490]
01_filter               	    674	00.175626	(00.000261 +- 00.000051)	[00.000114,00.002432]
02_preint               	    672	00.022890	(00.000034 +- 00.000005)	[00.000024,00.000075]
02a_intensity_preprocess	    674	01.566404	(00.002324 +- 00.000438)	[00.000791,00.006728]
03_undistortion         	    672	00.406503	(00.000605 +- 00.000195)	[00.000134,00.003404]
04_sampling             	    671	00.287427	(00.000428 +- 00.000097)	[00.000063,00.001400]
04b_intensity_sampling  	    671	00.428299	(00.000638 +- 00.000224)	[00.000127,00.002206]
05_registration         	    671	02.034809	(00.003033 +- 00.000750)	[00.000690,00.013003]
06_map                  	    671	00.469879	(00.000700 +- 00.000171)	[00.000113,00.003099]
07_imu_opt              	    671	00.847204	(00.001263 +- 00.000193)	[00.000001,00.003969]
08_publish              	    671	05.036273	(00.007506 +- 00.002112)	[00.000514,00.024065]
step                    	    674	11.336653	(00.016820 +- 00.003698)	[00.003926,00.049405]

INFO  Timings:
SM Timing
-----------
00_conversion_livox     	    676	07.066935	(00.010454 +- 00.000367)	[00.008464,00.021490]
01_filter               	    675	00.175851	(00.000261 +- 00.000049)	[00.000114,00.002432]
02_preint               	    673	00.022927	(00.000034 +- 00.000005)	[00.000024,00.000075]
02a_intensity_preprocess	    675	01.567755	(00.002323 +- 00.000412)	[00.000791,00.006728]
03_undistortion         	    673	00.406790	(00.000604 +- 00.000184)	[00.000134,00.003404]
04_sampling             	    672	00.287703	(00.000428 +- 00.000094)	[00.000063,00.001400]
04b_intensity_sampling  	    672	00.428685	(00.000638 +- 00.000222)	[00.000127,00.002206]
05_registration         	    672	02.036488	(00.003030 +- 00.000729)	[00.000690,00.013003]
06_map                  	    672	00.470303	(00.000700 +- 00.000166)	[00.000113,00.003099]
07_imu_opt              	    672	00.848582	(00.001263 +- 00.000194)	[00.000001,00.003969]
08_publish              	    672	05.039159	(00.007499 +- 00.001989)	[00.000514,00.024065]
step                    	    675	11.345641	(00.016808 +- 00.003491)	[00.003926,00.049405]

INFO  Timings:
SM Timing
-----------
00_conversion_livox     	    677	07.076676	(00.010453 +- 00.000365)	[00.008464,00.021490]
01_filter               	    676	00.176031	(00.000260 +- 00.000047)	[00.000114,00.002432]
02_preint               	    674	00.022954	(00.000034 +- 00.000005)	[00.000024,00.000075]
02a_intensity_preprocess	    676	01.569057	(00.002321 +- 00.000387)	[00.000791,00.006728]
03_undistortion         	    674	00.407070	(00.000604 +- 00.000164)	[00.000134,00.003404]
04_sampling             	    673	00.288038	(00.000428 +- 00.000091)	[00.000063,00.001400]
04b_intensity_sampling  	    673	00.429263	(00.000638 +- 00.000219)	[00.000127,00.002206]
05_registration         	    673	02.039147	(00.003030 +- 00.000729)	[00.000690,00.013003]
06_map                  	    673	00.470670	(00.000699 +- 00.000162)	[00.000113,00.003099]
07_imu_opt              	    673	00.850041	(00.001263 +- 00.000191)	[00.000001,00.003969]
08_publish              	    673	05.041894	(00.007492 +- 00.001878)	[00.000514,00.024065]
step                    	    676	11.355624	(00.016798 +- 00.003298)	[00.003926,00.049405]

INFO  Timings:
SM Timing
-----------
00_conversion_livox     	    678	07.086531	(00.010452 +- 00.000362)	[00.008464,00.021490]
01_filter               	    677	00.176207	(00.000260 +- 00.000045)	[00.000114,00.002432]
02_preint               	    675	00.022985	(00.000034 +- 00.000005)	[00.000024,00.000075]
02a_intensity_preprocess	    677	01.570406	(00.002320 +- 00.000368)	[00.000791,00.006728]
03_undistortion         	    675	00.407393	(00.000604 +- 00.000158)	[00.000134,00.003404]
04_sampling             	    674	00.288369	(00.000428 +- 00.000088)	[00.000063,00.001400]
04b_intensity_sampling  	    674	00.429735	(00.000638 +- 00.000217)	[00.000127,00.002206]
05_registration         	    674	02.041287	(00.003029 +- 00.000722)	[00.000690,00.013003]
06_map                  	    674	00.471130	(00.000699 +- 00.000156)	[00.000113,00.003099]
07_imu_opt              	    674	00.851282	(00.001263 +- 00.000191)	[00.000001,00.003969]
08_publish              	    674	05.044871	(00.007485 +- 00.001782)	[00.000514,00.024065]
step                    	    677	11.365203	(00.016788 +- 00.003152)	[00.003926,00.049405]

INFO  Timings:
SM Timing
-----------
00_conversion_livox     	    679	07.096282	(00.010451 +- 00.000362)	[00.008464,00.021490]
01_filter               	    678	00.176424	(00.000260 +- 00.000043)	[00.000114,00.002432]
02_preint               	    676	00.023022	(00.000034 +- 00.000005)	[00.000024,00.000075]
02a_intensity_preprocess	    678	01.571973	(00.002319 +- 00.000352)	[00.000791,00.006728]
03_undistortion         	    676	00.407809	(00.000603 +- 00.000153)	[00.000134,00.003404]
04_sampling             	    675	00.288673	(00.000428 +- 00.000086)	[00.000063,00.001400]
04b_intensity_sampling  	    675	00.430153	(00.000637 +- 00.000216)	[00.000127,00.002206]
05_registration         	    675	02.043676	(00.003028 +- 00.000710)	[00.000690,00.013003]
06_map                  	    675	00.471638	(00.000699 +- 00.000152)	[00.000113,00.003099]
07_imu_opt              	    675	00.852586	(00.001263 +- 00.000191)	[00.000001,00.003969]
08_publish              	    675	05.048783	(00.007480 +- 00.001700)	[00.000514,00.024065]
step                    	    678	11.376333	(00.016779 +- 00.003018)	[00.003926,00.049405]

INFO  Timings:
SM Timing
-----------
00_conversion_livox     	    680	07.105653	(00.010449 +- 00.000361)	[00.008464,00.021490]
01_filter               	    679	00.176685	(00.000260 +- 00.000043)	[00.000114,00.002432]
02_preint               	    677	00.023059	(00.000034 +- 00.000005)	[00.000024,00.000075]
02a_intensity_preprocess	    679	01.573703	(00.002318 +- 00.000340)	[00.000791,00.006728]
03_undistortion         	    677	00.408315	(00.000603 +- 00.000148)	[00.000134,00.003404]
04_sampling             	    676	00.289072	(00.000428 +- 00.000078)	[00.000063,00.001400]
04b_intensity_sampling  	    676	00.430768	(00.000637 +- 00.000134)	[00.000127,00.002206]
05_registration         	    676	02.048196	(00.003030 +- 00.000783)	[00.000690,00.013003]
06_map                  	    676	00.472265	(00.000699 +- 00.000150)	[00.000113,00.003099]
07_imu_opt              	    676	00.854333	(00.001264 +- 00.000204)	[00.000001,00.003969]
08_publish              	    676	05.054019	(00.007476 +- 00.001633)	[00.000514,00.024065]
step                    	    679	11.392085	(00.016778 +- 00.002970)	[00.003926,00.049405]

INFO  Timings:
SM Timing
-----------
00_conversion_livox     	    681	07.114875	(00.010448 +- 00.000361)	[00.008464,00.021490]
01_filter               	    680	00.176864	(00.000260 +- 00.000043)	[00.000114,00.002432]
02_preint               	    678	00.023086	(00.000034 +- 00.000005)	[00.000024,00.000075]
02a_intensity_preprocess	    680	01.575825	(00.002317 +- 00.000337)	[00.000791,00.006728]
03_undistortion         	    678	00.408854	(00.000603 +- 00.000144)	[00.000134,00.003404]
04_sampling             	    677	00.289514	(00.000428 +- 00.000080)	[00.000063,00.001400]
04b_intensity_sampling  	    677	00.431439	(00.000637 +- 00.000135)	[00.000127,00.002206]
05_registration         	    677	02.051401	(00.003030 +- 00.000794)	[00.000690,00.013003]
06_map                  	    677	00.472915	(00.000699 +- 00.000138)	[00.000113,00.003099]
07_imu_opt              	    677	00.855396	(00.001264 +- 00.000203)	[00.000001,00.003969]
08_publish              	    677	05.060851	(00.007475 +- 00.001621)	[00.000514,00.024065]
step                    	    680	11.407874	(00.016776 +- 00.002952)	[00.003926,00.049405]

INFO  Timings:
SM Timing
-----------
00_conversion_livox     	    682	07.124811	(00.010447 +- 00.000361)	[00.008464,00.021490]
01_filter               	    681	00.177057	(00.000260 +- 00.000043)	[00.000114,00.002432]
02_preint               	    679	00.023112	(00.000034 +- 00.000005)	[00.000024,00.000075]
02a_intensity_preprocess	    681	01.578055	(00.002317 +- 00.000341)	[00.000791,00.006728]
03_undistortion         	    679	00.409348	(00.000603 +- 00.000139)	[00.000134,00.003404]
04_sampling             	    678	00.289929	(00.000428 +- 00.000081)	[00.000063,00.001400]
04b_intensity_sampling  	    678	00.432236	(00.000638 +- 00.000143)	[00.000127,00.002206]
05_registration         	    678	02.055095	(00.003031 +- 00.000821)	[00.000690,00.013003]
06_map                  	    678	00.473596	(00.000699 +- 00.000140)	[00.000113,00.003099]
07_imu_opt              	    678	00.856506	(00.001263 +- 00.000203)	[00.000001,00.003969]
08_publish              	    678	05.068601	(00.007476 +- 00.001663)	[00.000514,00.024065]
step                    	    681	11.425337	(00.016777 +- 00.003051)	[00.003926,00.049405]

INFO  Timings:
SM Timing
-----------
00_conversion_livox     	    683	07.134702	(00.010446 +- 00.000360)	[00.008464,00.021490]
01_filter               	    682	00.177405	(00.000260 +- 00.000048)	[00.000114,00.002432]
02_preint               	    680	00.023138	(00.000034 +- 00.000005)	[00.000024,00.000075]
02a_intensity_preprocess	    682	01.580416	(00.002317 +- 00.000352)	[00.000791,00.006728]
03_undistortion         	    680	00.409934	(00.000603 +- 00.000138)	[00.000134,00.003404]
04_sampling             	    679	00.290340	(00.000428 +- 00.000080)	[00.000063,00.001400]
04b_intensity_sampling  	    679	00.432872	(00.000638 +- 00.000143)	[00.000127,00.002206]
05_registration         	    679	02.059012	(00.003032 +- 00.000852)	[00.000690,00.013003]
06_map                  	    679	00.474331	(00.000699 +- 00.000144)	[00.000113,00.003099]
07_imu_opt              	    679	00.858225	(00.001264 +- 00.000214)	[00.000001,00.003969]
08_publish              	    679	05.076664	(00.007477 +- 00.001726)	[00.000514,00.024065]
step                    	    682	11.444219	(00.016780 +- 00.003223)	[00.003926,00.049405]

INFO  Timings:
SM Timing
-----------
00_conversion_livox     	    684	07.144852	(00.010446 +- 00.000367)	[00.008464,00.021490]
01_filter               	    683	00.177720	(00.000260 +- 00.000050)	[00.000114,00.002432]
02_preint               	    681	00.023174	(00.000034 +- 00.000005)	[00.000024,00.000075]
02a_intensity_preprocess	    683	01.582760	(00.002317 +- 00.000360)	[00.000791,00.006728]
03_undistortion         	    681	00.410466	(00.000603 +- 00.000133)	[00.000134,00.003404]
04_sampling             	    680	00.290815	(00.000428 +- 00.000083)	[00.000063,00.001400]
04b_intensity_sampling  	    680	00.433667	(00.000638 +- 00.000147)	[00.000127,00.002206]
05_registration         	    680	02.062018	(00.003032 +- 00.000857)	[00.000690,00.013003]
06_map                  	    680	00.475057	(00.000699 +- 00.000140)	[00.000113,00.003099]
07_imu_opt              	    680	00.859331	(00.001264 +- 00.000215)	[00.000001,00.003969]
08_publish              	    680	05.085087	(00.007478 +- 00.001801)	[00.000514,00.024065]
step                    	    683	11.462035	(00.016782 +- 00.003314)	[00.003926,00.049405]

INFO  Timings:
SM Timing
-----------
00_conversion_livox     	    685	07.155097	(00.010445 +- 00.000375)	[00.008464,00.021490]
01_filter               	    684	00.177993	(00.000260 +- 00.000051)	[00.000114,00.002432]
02_preint               	    682	00.023201	(00.000034 +- 00.000005)	[00.000024,00.000075]
02a_intensity_preprocess	    684	01.585155	(00.002317 +- 00.000372)	[00.000791,00.006728]
03_undistortion         	    682	00.411148	(00.000603 +- 00.000138)	[00.000134,00.003404]
04_sampling             	    681	00.291268	(00.000428 +- 00.000085)	[00.000063,00.001400]
04b_intensity_sampling  	    681	00.434482	(00.000638 +- 00.000154)	[00.000127,00.002206]
05_registration         	    681	02.065534	(00.003033 +- 00.000839)	[00.000690,00.013003]
06_map                  	    681	00.475936	(00.000699 +- 00.000145)	[00.000113,00.003099]
07_imu_opt              	    681	00.860485	(00.001264 +- 00.000215)	[00.000001,00.003969]
08_publish              	    681	05.093787	(00.007480 +- 00.001886)	[00.000514,00.024065]
step                    	    684	11.480993	(00.016785 +- 00.003411)	[00.003926,00.049405]

INFO  Timings:
SM Timing
-----------
00_conversion_livox     	    686	07.165331	(00.010445 +- 00.000380)	[00.008464,00.021490]
01_filter               	    685	00.178342	(00.000260 +- 00.000055)	[00.000114,00.002432]
02_preint               	    683	00.023238	(00.000034 +- 00.000005)	[00.000024,00.000075]
02a_intensity_preprocess	    685	01.587572	(00.002318 +- 00.000383)	[00.000791,00.006728]
03_undistortion         	    683	00.411759	(00.000603 +- 00.000141)	[00.000134,00.003404]
04_sampling             	    682	00.291734	(00.000428 +- 00.000087)	[00.000063,00.001400]
04b_intensity_sampling  	    682	00.435187	(00.000638 +- 00.000155)	[00.000127,00.002206]
05_registration         	    682	02.069591	(00.003035 +- 00.000869)	[00.000690,00.013003]
06_map                  	    682	00.476745	(00.000699 +- 00.000148)	[00.000113,00.003099]
07_imu_opt              	    682	00.861677	(00.001263 +- 00.000213)	[00.000001,00.003969]
08_publish              	    682	05.102854	(00.007482 +- 00.001983)	[00.000514,00.024065]
step                    	    685	11.500762	(00.016789 +- 00.003564)	[00.003926,00.049405]

INFO  Timings:
SM Timing
-----------
00_conversion_livox     	    687	07.174755	(00.010444 +- 00.000380)	[00.008464,00.021490]
01_filter               	    686	00.178643	(00.000260 +- 00.000057)	[00.000114,00.002432]
02_preint               	    684	00.023274	(00.000034 +- 00.000005)	[00.000024,00.000075]
02a_intensity_preprocess	    686	01.590131	(00.002318 +- 00.000401)	[00.000791,00.006728]
03_undistortion         	    684	00.412493	(00.000603 +- 00.000146)	[00.000134,00.003404]
04_sampling             	    683	00.292239	(00.000428 +- 00.000091)	[00.000063,00.001400]
04b_intensity_sampling  	    683	00.435955	(00.000638 +- 00.000160)	[00.000127,00.002206]
05_registration         	    683	02.073131	(00.003035 +- 00.000885)	[00.000690,00.013003]
06_map                  	    683	00.477487	(00.000699 +- 00.000152)	[00.000113,00.003099]
07_imu_opt              	    683	00.863092	(00.001264 +- 00.000214)	[00.000001,00.003969]
08_publish              	    683	05.112247	(00.007485 +- 00.002096)	[00.000514,00.024065]
step                    	    686	11.520831	(00.016794 +- 00.003749)	[00.003926,00.049405]

INFO  Timings:
SM Timing
-----------
00_conversion_livox     	    688	07.184650	(00.010443 +- 00.000381)	[00.008464,00.021490]
01_filter               	    687	00.178946	(00.000260 +- 00.000058)	[00.000114,00.002432]
02_preint               	    685	00.023312	(00.000034 +- 00.000005)	[00.000024,00.000075]
02a_intensity_preprocess	    687	01.592689	(00.002318 +- 00.000420)	[00.000791,00.006728]
03_undistortion         	    685	00.413216	(00.000603 +- 00.000154)	[00.000134,00.003404]
04_sampling             	    684	00.292761	(00.000428 +- 00.000096)	[00.000063,00.001400]
04b_intensity_sampling  	    684	00.436700	(00.000638 +- 00.000163)	[00.000127,00.002206]
05_registration         	    684	02.077896	(00.003038 +- 00.000907)	[00.000690,00.013003]
06_map                  	    684	00.478417	(00.000699 +- 00.000165)	[00.000113,00.003099]
07_imu_opt              	    684	00.864516	(00.001264 +- 00.000216)	[00.000001,00.003969]
08_publish              	    684	05.121884	(00.007488 +- 00.002217)	[00.000514,00.024065]
step                    	    687	11.542573	(00.016801 +- 00.003976)	[00.003926,00.049405]

INFO  Timings:
SM Timing
-----------
00_conversion_livox     	    689	07.194523	(00.010442 +- 00.000380)	[00.008464,00.021490]
01_filter               	    688	00.179268	(00.000261 +- 00.000061)	[00.000114,00.002432]
02_preint               	    686	00.023348	(00.000034 +- 00.000005)	[00.000024,00.000075]
02a_intensity_preprocess	    688	01.595426	(00.002319 +- 00.000448)	[00.000791,00.006728]
03_undistortion         	    686	00.413948	(00.000603 +- 00.000152)	[00.000134,00.003404]
04_sampling             	    685	00.293330	(00.000428 +- 00.000101)	[00.000063,00.001400]
04b_intensity_sampling  	    685	00.437648	(00.000639 +- 00.000175)	[00.000127,00.002206]
05_registration         	    685	02.082720	(00.003040 +- 00.000972)	[00.000690,00.013003]
06_map                  	    685	00.479306	(00.000700 +- 00.000174)	[00.000113,00.003099]
07_imu_opt              	    685	00.865678	(00.001264 +- 00.000216)	[00.000001,00.003969]
08_publish              	    685	05.131999	(00.007492 +- 00.002365)	[00.000514,00.024065]
step                    	    688	11.564977	(00.016810 +- 00.004261)	[00.003926,00.049405]

INFO  Timings:
SM Timing
-----------
00_conversion_livox     	    690	07.204657	(00.010442 +- 00.000385)	[00.008464,00.021490]
01_filter               	    689	00.179556	(00.000261 +- 00.000062)	[00.000114,00.002432]
02_preint               	    687	00.023389	(00.000034 +- 00.000005)	[00.000024,00.000075]
02a_intensity_preprocess	    689	01.598216	(00.002320 +- 00.000478)	[00.000791,00.006728]
03_undistortion         	    687	00.414656	(00.000604 +- 00.000159)	[00.000134,00.003404]
04_sampling             	    686	00.293849	(00.000428 +- 00.000105)	[00.000063,00.001400]
04b_intensity_sampling  	    686	00.438376	(00.000639 +- 00.000177)	[00.000127,00.002206]
05_registration         	    686	02.087789	(00.003043 +- 00.001042)	[00.000690,00.013003]
06_map                  	    686	00.480166	(00.000700 +- 00.000180)	[00.000113,00.003099]
07_imu_opt              	    686	00.867165	(00.001264 +- 00.000217)	[00.000001,00.003969]
08_publish              	    686	05.142777	(00.007497 +- 00.002543)	[00.000514,00.024065]
step                    	    689	11.588321	(00.016819 +- 00.004583)	[00.003926,00.049405]

INFO  Timings:
SM Timing
-----------
00_conversion_livox     	    691	07.215058	(00.010441 +- 00.000397)	[00.008464,00.021490]
01_filter               	    690	00.179882	(00.000261 +- 00.000064)	[00.000114,00.002432]
02_preint               	    688	00.023427	(00.000034 +- 00.000005)	[00.000024,00.000075]
02a_intensity_preprocess	    690	01.601160	(00.002321 +- 00.000515)	[00.000791,00.006728]
03_undistortion         	    688	00.415474	(00.000604 +- 00.000169)	[00.000134,00.003404]
04_sampling             	    687	00.294418	(00.000429 +- 00.000111)	[00.000063,00.001400]
04b_intensity_sampling  	    687	00.439155	(00.000639 +- 00.000181)	[00.000127,00.002206]
05_registration         	    687	02.092013	(00.003045 +- 00.001072)	[00.000690,00.013003]
06_map                  	    687	00.480967	(00.000700 +- 00.000185)	[00.000113,00.003099]
07_imu_opt              	    687	00.868422	(00.001264 +- 00.000217)	[00.000001,00.003969]
08_publish              	    687	05.153313	(00.007501 +- 00.002694)	[00.000514,00.024065]
step                    	    690	11.610667	(00.016827 +- 00.004830)	[00.003926,00.049405]

INFO  Timings:
SM Timing
-----------
00_conversion_livox     	    692	07.225051	(00.010441 +- 00.000398)	[00.008464,00.021490]
01_filter               	    691	00.180167	(00.000261 +- 00.000064)	[00.000114,00.002432]
02_preint               	    689	00.023465	(00.000034 +- 00.000006)	[00.000024,00.000075]
02a_intensity_preprocess	    691	01.603932	(00.002321 +- 00.000540)	[00.000791,00.006728]
03_undistortion         	    689	00.416099	(00.000604 +- 00.000172)	[00.000134,00.003404]
04_sampling             	    688	00.294908	(00.000429 +- 00.000113)	[00.000063,00.001400]
04b_intensity_sampling  	    688	00.439861	(00.000639 +- 00.000183)	[00.000127,00.002206]
05_registration         	    688	02.096289	(00.003047 +- 00.001094)	[00.000690,00.013003]
06_map                  	    688	00.481785	(00.000700 +- 00.000191)	[00.000113,00.003099]
07_imu_opt              	    688	00.869657	(00.001264 +- 00.000215)	[00.000001,00.003969]
08_publish              	    688	05.163198	(00.007505 +- 00.002804)	[00.000514,00.024065]
step                    	    691	11.631876	(00.016833 +- 00.005005)	[00.003926,00.049405]

INFO  Timings:
SM Timing
-----------
00_conversion_livox     	    693	07.235370	(00.010441 +- 00.000406)	[00.008464,00.021490]
01_filter               	    692	00.180454	(00.000261 +- 00.000065)	[00.000114,00.002432]
02_preint               	    690	00.023503	(00.000034 +- 00.000006)	[00.000024,00.000075]
02a_intensity_preprocess	    692	01.606658	(00.002322 +- 00.000561)	[00.000791,00.006728]
03_undistortion         	    690	00.416768	(00.000604 +- 00.000175)	[00.000134,00.003404]
04_sampling             	    689	00.295474	(00.000429 +- 00.000118)	[00.000063,00.001400]
04b_intensity_sampling  	    689	00.440633	(00.000640 +- 00.000187)	[00.000127,00.002206]
05_registration         	    689	02.101754	(00.003050 +- 00.001165)	[00.000690,00.013003]
06_map                  	    689	00.482727	(00.000701 +- 00.000201)	[00.000113,00.003099]
07_imu_opt              	    689	00.870932	(00.001264 +- 00.000214)	[00.000001,00.003969]
08_publish              	    689	05.173055	(00.007508 +- 00.002903)	[00.000514,00.024065]
step                    	    692	11.654569	(00.016842 +- 00.005222)	[00.003926,00.049405]

INFO  Timings:
SM Timing
-----------
00_conversion_livox     	    694	07.245442	(00.010440 +- 00.000406)	[00.008464,00.021490]
01_filter               	    693	00.180744	(00.000261 +- 00.000066)	[00.000114,00.002432]
02_preint               	    691	00.023543	(00.000034 +- 00.000006)	[00.000024,00.000075]
02a_intensity_preprocess	    693	01.609314	(00.002322 +- 00.000578)	[00.000791,00.006728]
03_undistortion         	    691	00.417479	(00.000604 +- 00.000179)	[00.000134,00.003404]
04_sampling             	    690	00.296025	(00.000429 +- 00.000121)	[00.000063,00.001400]
04b_intensity_sampling  	    690	00.441483	(00.000640 +- 00.000190)	[00.000127,00.002206]
05_registration         	    690	02.105641	(00.003052 +- 00.001176)	[00.000690,00.013003]
06_map                  	    690	00.483554	(00.000701 +- 00.000205)	[00.000113,00.003099]
07_imu_opt              	    690	00.872480	(00.001264 +- 00.000216)	[00.000001,00.003969]
08_publish              	    690	05.182613	(00.007511 +- 00.002986)	[00.000514,00.024065]
step                    	    693	11.675575	(00.016848 +- 00.005368)	[00.003926,00.049405]

INFO  Timings:
SM Timing
-----------
00_conversion_livox     	    695	07.255711	(00.010440 +- 00.000401)	[00.008464,00.021490]
01_filter               	    694	00.181055	(00.000261 +- 00.000067)	[00.000114,00.002432]
02_preint               	    692	00.023585	(00.000034 +- 00.000006)	[00.000024,00.000075]
02a_intensity_preprocess	    694	01.611927	(00.002323 +- 00.000593)	[00.000791,00.006728]
03_undistortion         	    692	00.418127	(00.000604 +- 00.000181)	[00.000134,00.003404]
04_sampling             	    691	00.296496	(00.000429 +- 00.000123)	[00.000063,00.001400]
04b_intensity_sampling  	    691	00.442145	(00.000640 +- 00.000191)	[00.000127,00.002206]
05_registration         	    691	02.110483	(00.003054 +- 00.001210)	[00.000690,00.013003]
06_map                  	    691	00.484299	(00.000701 +- 00.000207)	[00.000113,00.003099]
07_imu_opt              	    691	00.873867	(00.001265 +- 00.000216)	[00.000001,00.003969]
08_publish              	    691	05.192205	(00.007514 +- 00.003062)	[00.000514,00.024065]
step                    	    694	11.696958	(00.016854 +- 00.005507)	[00.003926,00.049405]

INFO  Timings:
SM Timing
-----------
00_conversion_livox     	    696	07.266214	(00.010440 +- 00.000413)	[00.008464,00.021490]
01_filter               	    695	00.181387	(00.000261 +- 00.000069)	[00.000114,00.002432]
02_preint               	    693	00.023623	(00.000034 +- 00.000006)	[00.000024,00.000075]
02a_intensity_preprocess	    695	01.614561	(00.002323 +- 00.000607)	[00.000791,00.006728]
03_undistortion         	    693	00.418778	(00.000604 +- 00.000184)	[00.000134,00.003404]
04_sampling             	    692	00.297017	(00.000429 +- 00.000125)	[00.000063,00.001400]
04b_intensity_sampling  	    692	00.442813	(00.000640 +- 00.000192)	[00.000127,00.002206]
05_registration         	    692	02.116970	(00.003059 +- 00.001319)	[00.000690,00.013003]
06_map                  	    692	00.485151	(00.000701 +- 00.000213)	[00.000113,00.003099]
07_imu_opt              	    692	00.875146	(00.001265 +- 00.000215)	[00.000001,00.003969]
08_publish              	    692	05.201982	(00.007517 +- 00.003138)	[00.000514,00.024065]
step                    	    695	11.720252	(00.016864 +- 00.005702)	[00.003926,00.049405]

INFO  Timings:
SM Timing
-----------
00_conversion_livox     	    697	07.276556	(00.010440 +- 00.000422)	[00.008464,00.021490]
01_filter               	    696	00.181677	(00.000261 +- 00.000070)	[00.000114,00.002432]
02_preint               	    694	00.023659	(00.000034 +- 00.000006)	[00.000024,00.000075]
02a_intensity_preprocess	    696	01.617162	(00.002324 +- 00.000619)	[00.000791,00.006728]
03_undistortion         	    694	00.419440	(00.000604 +- 00.000186)	[00.000134,00.003404]
04_sampling             	    693	00.297571	(00.000429 +- 00.000128)	[00.000063,00.001400]
04b_intensity_sampling  	    693	00.443429	(00.000640 +- 00.000192)	[00.000127,00.002206]
05_registration         	    693	02.121330	(00.003061 +- 00.001330)	[00.000690,00.013003]
06_map                  	    693	00.486058	(00.000701 +- 00.000219)	[00.000113,00.003099]
07_imu_opt              	    693	00.876407	(00.001265 +- 00.000213)	[00.000001,00.003969]
08_publish              	    693	05.211762	(00.007521 +- 00.003208)	[00.000514,00.024065]
step                    	    696	11.741395	(00.016870 +- 00.005821)	[00.003926,00.049405]

INFO  Timings:
SM Timing
-----------
00_conversion_livox     	    698	07.286535	(00.010439 +- 00.000420)	[00.008464,00.021490]
01_filter               	    697	00.181982	(00.000261 +- 00.000071)	[00.000114,00.002432]
02_preint               	    695	00.023696	(00.000034 +- 00.000006)	[00.000024,00.000075]
02a_intensity_preprocess	    697	01.619766	(00.002324 +- 00.000630)	[00.000791,00.006728]
03_undistortion         	    695	00.420138	(00.000605 +- 00.000190)	[00.000134,00.003404]
04_sampling             	    694	00.298091	(00.000430 +- 00.000131)	[00.000063,00.001400]
04b_intensity_sampling  	    694	00.443977	(00.000640 +- 00.000192)	[00.000127,00.002206]
05_registration         	    694	02.125333	(00.003062 +- 00.001339)	[00.000690,00.013003]
06_map                  	    694	00.486731	(00.000701 +- 00.000220)	[00.000113,00.003099]
07_imu_opt              	    694	00.877661	(00.001265 +- 00.000205)	[00.000001,00.003969]
08_publish              	    694	05.221579	(00.007524 +- 00.003274)	[00.000514,00.024065]
step                    	    697	11.761945	(00.016875 +- 00.005914)	[00.003926,00.049405]

INFO  Timings:
SM Timing
-----------
00_conversion_livox     	    699	07.296481	(00.010438 +- 00.000416)	[00.008464,00.021490]
01_filter               	    698	00.182266	(00.000261 +- 00.000071)	[00.000114,00.002432]
02_preint               	    696	00.023728	(00.000034 +- 00.000006)	[00.000024,00.000075]
02a_intensity_preprocess	    698	01.622416	(00.002324 +- 00.000642)	[00.000791,00.006728]
03_undistortion         	    696	00.420788	(00.000605 +- 00.000192)	[00.000134,00.003404]
04_sampling             	    695	00.298629	(00.000430 +- 00.000133)	[00.000063,00.001400]
04b_intensity_sampling  	    695	00.444493	(00.000640 +- 00.000191)	[00.000127,00.002206]
05_registration         	    695	02.130005	(00.003065 +- 00.001353)	[00.000690,00.013003]
06_map                  	    695	00.487525	(00.000701 +- 00.000223)	[00.000113,00.003099]
07_imu_opt              	    695	00.879274	(00.001265 +- 00.000210)	[00.000001,00.003969]
08_publish              	    695	05.231276	(00.007527 +- 00.003333)	[00.000514,00.024065]
step                    	    698	11.783462	(00.016882 +- 00.006019)	[00.003926,00.049405]

INFO  Timings:
SM Timing
-----------
00_conversion_livox     	    700	07.306154	(00.010437 +- 00.000414)	[00.008464,00.021490]
01_filter               	    699	00.182586	(00.000261 +- 00.000072)	[00.000114,00.002432]
02_preint               	    697	00.023763	(00.000034 +- 00.000006)	[00.000024,00.000075]
02a_intensity_preprocess	    699	01.625121	(00.002325 +- 00.000654)	[00.000791,00.006728]
03_undistortion         	    697	00.421418	(00.000605 +- 00.000193)	[00.000134,00.003404]
04_sampling             	    696	00.299187	(00.000430 +- 00.000136)	[00.000063,00.001400]
04b_intensity_sampling  	    696	00.445063	(00.000639 +- 00.000191)	[00.000127,00.002206]
05_registration         	    696	02.134151	(00.003066 +- 00.001360)	[00.000690,00.013003]
06_map                  	    696	00.488546	(00.000702 +- 00.000232)	[00.000113,00.003099]
07_imu_opt              	    696	00.880482	(00.001265 +- 00.000209)	[00.000001,00.003969]
08_publish              	    696	05.241065	(00.007530 +- 00.003391)	[00.000514,00.024065]
step                    	    699	11.804517	(00.016888 +- 00.006107)	[00.003926,00.049405]

INFO  Timings:
SM Timing
-----------
00_conversion_livox     	    701	07.316284	(00.010437 +- 00.000414)	[00.008464,00.021490]
01_filter               	    700	00.182886	(00.000261 +- 00.000068)	[00.000114,00.002432]
02_preint               	    698	00.023800	(00.000034 +- 00.000006)	[00.000024,00.000075]
02a_intensity_preprocess	    700	01.627913	(00.002326 +- 00.000668)	[00.000791,00.006728]
03_undistortion         	    698	00.422288	(00.000605 +- 00.000202)	[00.000134,00.003404]
04_sampling             	    697	00.299751	(00.000430 +- 00.000139)	[00.000063,00.001400]
04b_intensity_sampling  	    697	00.445598	(00.000639 +- 00.000191)	[00.000127,00.002206]
05_registration         	    697	02.137399	(00.003067 +- 00.001361)	[00.000690,00.013003]
06_map                  	    697	00.489433	(00.000702 +- 00.000236)	[00.000113,00.003099]
07_imu_opt              	    697	00.881739	(00.001265 +- 00.000209)	[00.000001,00.003969]
08_publish              	    697	05.250727	(00.007533 +- 00.003440)	[00.000514,00.024065]
step                    	    700	11.824748	(00.016892 +- 00.006175)	[00.003926,00.049405]

INFO  Timings:
SM Timing
-----------
00_conversion_livox     	    702	07.326423	(00.010436 +- 00.000418)	[00.008464,00.021490]
01_filter               	    701	00.183176	(00.000261 +- 00.000068)	[00.000114,00.002432]
02_preint               	    699	00.023839	(00.000034 +- 00.000006)	[00.000024,00.000075]
02a_intensity_preprocess	    701	01.630587	(00.002326 +- 00.000677)	[00.000791,00.006728]
03_undistortion         	    699	00.422920	(00.000605 +- 00.000203)	[00.000134,00.003404]
04_sampling             	    698	00.300378	(00.000430 +- 00.000143)	[00.000063,00.001400]
04b_intensity_sampling  	    698	00.446085	(00.000639 +- 00.000189)	[00.000127,00.002206]
05_registration         	    698	02.141251	(00.003068 +- 00.001358)	[00.000690,00.013003]
06_map                  	    698	00.490178	(00.000702 +- 00.000237)	[00.000113,00.003099]
07_imu_opt              	    698	00.883272	(00.001265 +- 00.000211)	[00.000001,00.003969]
08_publish              	    698	05.259978	(00.007536 +- 00.003474)	[00.000514,00.024065]
step                    	    701	11.844952	(00.016897 +- 00.006229)	[00.003926,00.049405]

INFO  Timings:
SM Timing
-----------
00_conversion_livox     	    703	07.336072	(00.010435 +- 00.000417)	[00.008464,00.021490]
01_filter               	    702	00.183458	(00.000261 +- 00.000068)	[00.000114,00.002432]
02_preint               	    700	00.023876	(00.000034 +- 00.000006)	[00.000024,00.000075]
02a_intensity_preprocess	    702	01.633098	(00.002326 +- 00.000682)	[00.000791,00.006728]
03_undistortion         	    700	00.423609	(00.000605 +- 00.000205)	[00.000134,00.003404]
04_sampling             	    699	00.300988	(00.000431 +- 00.000146)	[00.000063,00.001400]
04b_intensity_sampling  	    699	00.446693	(00.000639 +- 00.000189)	[00.000127,00.002206]
05_registration         	    699	02.145830	(00.003070 +- 00.001367)	[00.000690,00.013003]
06_map                  	    699	00.491190	(00.000703 +- 00.000245)	[00.000113,00.003099]
07_imu_opt              	    699	00.885316	(00.001267 +- 00.000236)	[00.000001,00.003969]
08_publish              	    699	05.268996	(00.007538 +- 00.003495)	[00.000514,00.024065]
step                    	    702	11.866430	(00.016904 +- 00.006296)	[00.003926,00.049405]

INFO  Timings:
SM Timing
-----------
00_conversion_livox     	    704	07.345848	(00.010434 +- 00.000416)	[00.008464,00.021490]
01_filter               	    703	00.183734	(00.000261 +- 00.000068)	[00.000114,00.002432]
02_preint               	    701	00.023911	(00.000034 +- 00.000006)	[00.000024,00.000075]
02a_intensity_preprocess	    703	01.635744	(00.002327 +- 00.000687)	[00.000791,00.006728]
03_undistortion         	    701	00.424314	(00.000605 +- 00.000207)	[00.000134,00.003404]
04_sampling             	    700	00.301619	(00.000431 +- 00.000150)	[00.000063,00.001400]
04b_intensity_sampling  	    700	00.447324	(00.000639 +- 00.000190)	[00.000127,00.002206]
05_registration         	    700	02.150842	(00.003073 +- 00.001394)	[00.000690,00.013003]
06_map                  	    700	00.492066	(00.000703 +- 00.000247)	[00.000113,00.003099]
07_imu_opt              	    700	00.887157	(00.001267 +- 00.000247)	[00.000001,00.003969]
08_publish              	    700	05.278626	(00.007541 +- 00.003521)	[00.000514,00.024065]
step                    	    703	11.888783	(00.016911 +- 00.006374)	[00.003926,00.049405]

INFO  Timings:
SM Timing
-----------
00_conversion_livox     	    705	07.356101	(00.010434 +- 00.000422)	[00.008464,00.021490]
01_filter               	    704	00.184075	(00.000261 +- 00.000069)	[00.000114,00.002432]
02_preint               	    702	00.023947	(00.000034 +- 00.000006)	[00.000024,00.000075]
02a_intensity_preprocess	    704	01.638534	(00.002327 +- 00.000694)	[00.000791,00.006728]
03_undistortion         	    702	00.425045	(00.000605 +- 00.000209)	[00.000134,00.003404]
04_sampling             	    701	00.302262	(00.000431 +- 00.000155)	[00.000063,00.001400]
04b_intensity_sampling  	    701	00.447945	(00.000639 +- 00.000190)	[00.000127,00.002206]
05_registration         	    701	02.154487	(00.003073 +- 00.001382)	[00.000690,00.013003]
06_map                  	    701	00.492938	(00.000703 +- 00.000250)	[00.000113,00.003099]
07_imu_opt              	    701	00.888621	(00.001268 +- 00.000247)	[00.000001,00.003969]
08_publish              	    701	05.288715	(00.007545 +- 00.003549)	[00.000514,00.024065]
step                    	    704	11.910089	(00.016918 +- 00.006406)	[00.003926,00.049405]

INFO  Timings:
SM Timing
-----------
00_conversion_livox     	    706	07.365730	(00.010433 +- 00.000415)	[00.008464,00.021490]
01_filter               	    705	00.184352	(00.000261 +- 00.000069)	[00.000114,00.002432]
02_preint               	    703	00.023982	(00.000034 +- 00.000006)	[00.000024,00.000075]
02a_intensity_preprocess	    705	01.641324	(00.002328 +- 00.000700)	[00.000791,00.006728]
03_undistortion         	    703	00.425799	(00.000606 +- 00.000211)	[00.000134,00.003404]
04_sampling             	    702	00.302941	(00.000432 +- 00.000159)	[00.000063,00.001400]
04b_intensity_sampling  	    702	00.448715	(00.000639 +- 00.000191)	[00.000127,00.002206]
05_registration         	    702	02.157804	(00.003074 +- 00.001370)	[00.000690,00.013003]
06_map                  	    702	00.493836	(00.000703 +- 00.000250)	[00.000113,00.003099]
07_imu_opt              	    702	00.889987	(00.001268 +- 00.000247)	[00.000001,00.003969]
08_publish              	    702	05.298880	(00.007548 +- 00.003572)	[00.000514,00.024065]
step                    	    705	11.931193	(00.016924 +- 00.006416)	[00.003926,00.049405]

INFO  Timings:
SM Timing
-----------
00_conversion_livox     	    707	07.375564	(00.010432 +- 00.000412)	[00.008464,00.021490]
01_filter               	    706	00.184671	(00.000262 +- 00.000069)	[00.000114,00.002432]
02_preint               	    704	00.024019	(00.000034 +- 00.000005)	[00.000024,00.000075]
02a_intensity_preprocess	    706	01.644205	(00.002329 +- 00.000706)	[00.000791,00.006728]
03_undistortion         	    704	00.426569	(00.000606 +- 00.000211)	[00.000134,00.003404]
04_sampling             	    703	00.303538	(00.000432 +- 00.000160)	[00.000063,00.001400]
04b_intensity_sampling  	    703	00.449378	(00.000639 +- 00.000191)	[00.000127,00.002206]
05_registration         	    703	02.161312	(00.003074 +- 00.001353)	[00.000690,00.013003]
06_map                  	    703	00.494783	(00.000704 +- 00.000251)	[00.000113,00.003099]
07_imu_opt              	    703	00.891197	(00.001268 +- 00.000243)	[00.000001,00.003969]
08_publish              	    703	05.309501	(00.007553 +- 00.003594)	[00.000514,00.024065]
step                    	    706	11.952816	(00.016930 +- 00.006409)	[00.003926,00.049405]

INFO  Timings:
SM Timing
-----------
00_conversion_livox     	    708	07.385462	(00.010431 +- 00.000399)	[00.008464,00.021490]
01_filter               	    707	00.184956	(00.000262 +- 00.000069)	[00.000114,00.002432]
02_preint               	    705	00.024056	(00.000034 +- 00.000005)	[00.000024,00.000075]
02a_intensity_preprocess	    707	01.647089	(00.002330 +- 00.000708)	[00.000791,00.006728]
03_undistortion         	    705	00.427342	(00.000606 +- 00.000215)	[00.000134,00.003404]
04_sampling             	    704	00.304261	(00.000432 +- 00.000165)	[00.000063,00.001400]
04b_intensity_sampling  	    704	00.450160	(00.000639 +- 00.000192)	[00.000127,00.002206]
05_registration         	    704	02.165738	(00.003076 +- 00.001346)	[00.000690,00.013003]
06_map                  	    704	00.495544	(00.000704 +- 00.000249)	[00.000113,00.003099]
07_imu_opt              	    704	00.892779	(00.001268 +- 00.000244)	[00.000001,00.003969]
08_publish              	    704	05.320165	(00.007557 +- 00.003608)	[00.000514,00.024065]
step                    	    707	11.975831	(00.016939 +- 00.006426)	[00.003926,00.049405]

INFO  Timings:
SM Timing
-----------
00_conversion_livox     	    709	07.395211	(00.010430 +- 00.000395)	[00.008464,00.021490]
01_filter               	    708	00.185276	(00.000262 +- 00.000068)	[00.000114,00.002432]
02_preint               	    706	00.024092	(00.000034 +- 00.000005)	[00.000024,00.000075]
02a_intensity_preprocess	    708	01.649970	(00.002330 +- 00.000710)	[00.000791,00.006728]
03_undistortion         	    706	00.428089	(00.000606 +- 00.000214)	[00.000134,00.003404]
04_sampling             	    705	00.304961	(00.000433 +- 00.000169)	[00.000063,00.001400]
04b_intensity_sampling  	    705	00.450805	(00.000639 +- 00.000189)	[00.000127,00.002206]
05_registration         	    705	02.170037	(00.003078 +- 00.001346)	[00.000690,00.013003]
06_map                  	    705	00.496407	(00.000704 +- 00.000248)	[00.000113,00.003099]
07_imu_opt              	    705	00.893972	(00.001268 +- 00.000242)	[00.000001,00.003969]
08_publish              	    705	05.331083	(00.007562 +- 00.003618)	[00.000514,00.024065]
step                    	    708	11.998498	(00.016947 +- 00.006426)	[00.003926,00.049405]

INFO  Timings:
SM Timing
-----------
00_conversion_livox     	    710	07.405500	(00.010430 +- 00.000402)	[00.008464,00.021490]
01_filter               	    709	00.185582	(00.000262 +- 00.000068)	[00.000114,00.002432]
02_preint               	    707	00.024127	(00.000034 +- 00.000005)	[00.000024,00.000075]
02a_intensity_preprocess	    709	01.653069	(00.002332 +- 00.000715)	[00.000791,00.006728]
03_undistortion         	    707	00.428881	(00.000607 +- 00.000214)	[00.000134,00.003404]
04_sampling             	    706	00.305684	(00.000433 +- 00.000171)	[00.000063,00.001400]
04b_intensity_sampling  	    706	00.451482	(00.000639 +- 00.000187)	[00.000127,00.002206]
05_registration         	    706	02.175584	(00.003082 +- 00.001355)	[00.000690,00.013003]
06_map                  	    706	00.497365	(00.000704 +- 00.000248)	[00.000113,00.003099]
07_imu_opt              	    706	00.895673	(00.001269 +- 00.000243)	[00.000001,00.003969]
08_publish              	    706	05.343612	(00.007569 +- 00.003658)	[00.000514,00.024065]
step                    	    709	12.025060	(00.016961 +- 00.006485)	[00.003926,00.049405]

INFO  Timings:
SM Timing
-----------
00_conversion_livox     	    711	07.417755	(00.010433 +- 00.000506)	[00.008464,00.021490]
01_filter               	    710	00.186197	(00.000262 +- 00.000084)	[00.000114,00.002432]
02_preint               	    708	00.024182	(00.000034 +- 00.000005)	[00.000024,00.000075]
02a_intensity_preprocess	    710	01.656732	(00.002333 +- 00.000735)	[00.000791,00.006728]
03_undistortion         	    708	00.429696	(00.000607 +- 00.000215)	[00.000134,00.003404]
04_sampling             	    707	00.306517	(00.000434 +- 00.000179)	[00.000063,00.001400]
04b_intensity_sampling  	    707	00.452345	(00.000640 +- 00.000189)	[00.000127,00.002206]
05_registration         	    707	02.181186	(00.003085 +- 00.001388)	[00.000690,00.013003]
06_map                  	    707	00.498415	(00.000705 +- 00.000251)	[00.000113,00.003099]
07_imu_opt              	    707	00.897318	(00.001269 +- 00.000245)	[00.000001,00.003969]
08_publish              	    707	05.357509	(00.007578 +- 00.003732)	[00.000514,00.024065]
step                    	    710	12.054173	(00.016978 +- 00.006652)	[00.003926,00.049405]

INFO  Timings:
SM Timing
-----------
00_conversion_livox     	    712	07.429481	(00.010435 +- 00.000569)	[00.008464,00.021490]
01_filter               	    711	00.186537	(00.000262 +- 00.000083)	[00.000114,00.002432]
02_preint               	    709	00.024223	(00.000034 +- 00.000005)	[00.000024,00.000075]
02a_intensity_preprocess	    711	01.660189	(00.002335 +- 00.000745)	[00.000791,00.006728]
03_undistortion         	    709	00.430484	(00.000607 +- 00.000215)	[00.000134,00.003404]
04_sampling             	    708	00.307231	(00.000434 +- 00.000181)	[00.000063,00.001400]
04b_intensity_sampling  	    708	00.453023	(00.000640 +- 00.000186)	[00.000127,00.002206]
05_registration         	    708	02.185194	(00.003086 +- 00.001391)	[00.000690,00.013003]
06_map                  	    708	00.499360	(00.000705 +- 00.000253)	[00.000113,00.003099]
07_imu_opt              	    708	00.899630	(00.001271 +- 00.000275)	[00.000001,00.003969]
08_publish              	    708	05.369730	(00.007584 +- 00.003736)	[00.000514,00.024065]
step                    	    711	12.079751	(00.016990 +- 00.006690)	[00.003926,00.049405]

INFO  Timings:
SM Timing
-----------
00_conversion_livox     	    713	07.440733	(00.010436 +- 00.000591)	[00.008464,00.021490]
01_filter               	    712	00.186864	(00.000262 +- 00.000083)	[00.000114,00.002432]
02_preint               	    710	00.024258	(00.000034 +- 00.000005)	[00.000024,00.000075]
02a_intensity_preprocess	    712	01.663357	(00.002336 +- 00.000744)	[00.000791,00.006728]
03_undistortion         	    710	00.431220	(00.000607 +- 00.000212)	[00.000134,00.003404]
04_sampling             	    709	00.307954	(00.000434 +- 00.000182)	[00.000063,00.001400]
04b_intensity_sampling  	    709	00.453623	(00.000640 +- 00.000184)	[00.000127,00.002206]
05_registration         	    709	02.190012	(00.003089 +- 00.001392)	[00.000690,00.013003]
06_map                  	    709	00.500426	(00.000706 +- 00.000255)	[00.000113,00.003099]
07_imu_opt              	    709	00.901784	(00.001272 +- 00.000296)	[00.000001,00.003969]
08_publish              	    709	05.381424	(00.007590 +- 00.003711)	[00.000514,00.024065]
step                    	    712	12.105153	(00.017002 +- 00.006682)	[00.003926,00.049405]

INFO  Timings:
SM Timing
-----------
00_conversion_livox     	    714	07.451769	(00.010437 +- 00.000610)	[00.008464,00.021490]
01_filter               	    713	00.187176	(00.000263 +- 00.000082)	[00.000114,00.002432]
02_preint               	    711	00.024290	(00.000034 +- 00.000005)	[00.000024,00.000075]
02a_intensity_preprocess	    713	01.666614	(00.002337 +- 00.000742)	[00.000791,00.006728]
03_undistortion         	    711	00.432195	(00.000608 +- 00.000215)	[00.000134,00.003404]
04_sampling             	    710	00.308657	(00.000435 +- 00.000181)	[00.000063,00.001400]
04b_intensity_sampling  	    710	00.454335	(00.000640 +- 00.000180)	[00.000127,00.002206]
05_registration         	    710	02.194388	(00.003091 +- 00.001371)	[00.000690,00.013003]
06_map                  	    710	00.501291	(00.000706 +- 00.000249)	[00.000113,00.003099]
07_imu_opt              	    710	00.903285	(00.001272 +- 00.000292)	[00.000001,00.003969]
08_publish              	    710	05.393138	(00.007596 +- 00.003674)	[00.000514,00.024065]
step                    	    713	12.129684	(00.017012 +- 00.006599)	[00.003926,00.049405]

INFO  Timings:
SM Timing
-----------
00_conversion_livox     	    715	07.462508	(00.010437 +- 00.000610)	[00.008464,00.021490]
01_filter               	    714	00.187493	(00.000263 +- 00.000081)	[00.000114,00.002432]
02_preint               	    712	00.024321	(00.000034 +- 00.000005)	[00.000024,00.000075]
02a_intensity_preprocess	    714	01.669767	(00.002339 +- 00.000734)	[00.000791,00.006728]
03_undistortion         	    712	00.432936	(00.000608 +- 00.000210)	[00.000134,00.003404]
04_sampling             	    711	00.309312	(00.000435 +- 00.000177)	[00.000063,00.001400]
04b_intensity_sampling  	    711	00.455169	(00.000640 +- 00.000176)	[00.000127,00.002206]
05_registration         	    711	02.198312	(00.003092 +- 00.001351)	[00.000690,00.013003]
06_map                  	    711	00.502237	(00.000706 +- 00.000243)	[00.000113,00.003099]
07_imu_opt              	    711	00.904618	(00.001272 +- 00.000290)	[00.000001,00.003969]
08_publish              	    711	05.404443	(00.007601 +- 00.003620)	[00.000514,00.024065]
step                    	    714	12.152997	(00.017021 +- 00.006480)	[00.003926,00.049405]

INFO  Timings:
SM Timing
-----------
00_conversion_livox     	    716	07.472919	(00.010437 +- 00.000609)	[00.008464,00.021490]
01_filter               	    715	00.187808	(00.000263 +- 00.000080)	[00.000114,00.002432]
02_preint               	    713	00.024350	(00.000034 +- 00.000005)	[00.000024,00.000075]
02a_intensity_preprocess	    715	01.672850	(00.002340 +- 00.000722)	[00.000791,00.006728]
03_undistortion         	    713	00.433835	(00.000608 +- 00.000208)	[00.000134,00.003404]
04_sampling             	    712	00.310065	(00.000435 +- 00.000177)	[00.000063,00.001400]
04b_intensity_sampling  	    712	00.455926	(00.000640 +- 00.000170)	[00.000127,00.002206]
05_registration         	    712	02.202605	(00.003094 +- 00.001331)	[00.000690,00.013003]
06_map                  	    712	00.503266	(00.000707 +- 00.000240)	[00.000113,00.003099]
07_imu_opt              	    712	00.905967	(00.001272 +- 00.000287)	[00.000001,00.003969]
08_publish              	    712	05.416035	(00.007607 +- 00.003554)	[00.000514,00.024065]
step                    	    715	12.177159	(00.017031 +- 00.006352)	[00.003926,00.049405]

INFO  Timings:
SM Timing
-----------
00_conversion_livox     	    717	07.483750	(00.010438 +- 00.000598)	[00.008464,00.021490]
01_filter               	    716	00.188130	(00.000263 +- 00.000078)	[00.000114,00.002432]
02_preint               	    714	00.024386	(00.000034 +- 00.000005)	[00.000024,00.000075]
02a_intensity_preprocess	    716	01.676072	(00.002341 +- 00.000708)	[00.000791,00.006728]
03_undistortion         	    714	00.434711	(00.000609 +- 00.000203)	[00.000134,00.003404]
04_sampling             	    713	00.310770	(00.000436 +- 00.000172)	[00.000063,00.001400]
04b_intensity_sampling  	    713	00.456637	(00.000640 +- 00.000161)	[00.000127,00.002206]
05_registration         	    713	02.207599	(00.003096 +- 00.001281)	[00.000690,00.013003]
06_map                  	    713	00.504226	(00.000707 +- 00.000231)	[00.000113,00.003099]
07_imu_opt              	    713	00.907329	(00.001273 +- 00.000287)	[00.000001,00.003969]
08_publish              	    713	05.427899	(00.007613 +- 00.003476)	[00.000514,00.024065]
step                    	    716	12.202292	(00.017042 +- 00.006174)	[00.003926,00.049405]

INFO  Timings:
SM Timing
-----------
00_conversion_livox     	    718	07.494149	(00.010438 +- 00.000595)	[00.008464,00.021490]
01_filter               	    717	00.188474	(00.000263 +- 00.000077)	[00.000114,00.002432]
02_preint               	    715	00.024429	(00.000034 +- 00.000005)	[00.000024,00.000075]
02a_intensity_preprocess	    717	01.679166	(00.002342 +- 00.000688)	[00.000791,00.006728]
03_undistortion         	    715	00.435535	(00.000609 +- 00.000198)	[00.000134,00.003404]
04_sampling             	    714	00.311423	(00.000436 +- 00.000166)	[00.000063,00.001400]
04b_intensity_sampling  	    714	00.457320	(00.000641 +- 00.000160)	[00.000127,00.002206]
05_registration         	    714	02.212369	(00.003099 +- 00.001235)	[00.000690,00.013003]
06_map                  	    714	00.505077	(00.000707 +- 00.000224)	[00.000113,00.003099]
07_imu_opt              	    714	00.909102	(00.001273 +- 00.000277)	[00.000001,00.003969]
08_publish              	    714	05.439442	(00.007618 +- 00.003375)	[00.000514,00.024065]
step                    	    717	12.226945	(00.017053 +- 00.006014)	[00.003926,00.049405]

INFO  Timings:
SM Timing
-----------
00_conversion_livox     	    719	07.504659	(00.010438 +- 00.000584)	[00.008464,00.021490]
01_filter               	    718	00.188957	(00.000263 +- 00.000079)	[00.000114,00.002432]
02_preint               	    716	00.024472	(00.000034 +- 00.000005)	[00.000024,00.000075]
02a_intensity_preprocess	    718	01.682336	(00.002343 +- 00.000669)	[00.000791,00.006728]
03_undistortion         	    716	00.436529	(00.000610 +- 00.000197)	[00.000134,00.003404]
04_sampling             	    715	00.312049	(00.000436 +- 00.000162)	[00.000063,00.001400]
04b_intensity_sampling  	    715	00.457968	(00.000641 +- 00.000153)	[00.000127,00.002206]
05_registration         	    715	02.215871	(00.003099 +- 00.001175)	[00.000690,00.013003]
06_map                  	    715	00.506042	(00.000708 +- 00.000215)	[00.000113,00.003099]
07_imu_opt              	    715	00.910444	(00.001273 +- 00.000273)	[00.000001,00.003969]
08_publish              	    715	05.450845	(00.007624 +- 00.003261)	[00.000514,00.024065]
step                    	    718	12.250199	(00.017062 +- 00.005763)	[00.003926,00.049405]

INFO  Timings:
SM Timing
-----------
00_conversion_livox     	    720	07.515327	(00.010438 +- 00.000588)	[00.008464,00.021490]
01_filter               	    719	00.189309	(00.000263 +- 00.000077)	[00.000114,00.002432]
02_preint               	    717	00.024513	(00.000034 +- 00.000005)	[00.000024,00.000075]
02a_intensity_preprocess	    719	01.685387	(00.002344 +- 00.000647)	[00.000791,00.006728]
03_undistortion         	    717	00.437468	(00.000610 +- 00.000192)	[00.000134,00.003404]
04_sampling             	    716	00.312945	(00.000437 +- 00.000164)	[00.000063,00.001400]
04b_intensity_sampling  	    716	00.458704	(00.000641 +- 00.000151)	[00.000127,00.002206]
05_registration         	    716	02.222240	(00.003104 +- 00.001186)	[00.000690,00.013003]
06_map                  	    716	00.506950	(00.000708 +- 00.000203)	[00.000113,00.003099]
07_imu_opt              	    716	00.911716	(00.001273 +- 00.000274)	[00.000001,00.003969]
08_publish              	    716	05.462179	(00.007629 +- 00.003140)	[00.000514,00.024065]
step                    	    719	12.276206	(00.017074 +- 00.005587)	[00.003926,00.049405]

INFO  Timings:
SM Timing
-----------
00_conversion_livox     	    721	07.524981	(00.010437 +- 00.000581)	[00.008464,00.021490]
01_filter               	    720	00.189647	(00.000263 +- 00.000075)	[00.000114,00.002432]
02_preint               	    718	00.024550	(00.000034 +- 00.000005)	[00.000024,00.000075]
02a_intensity_preprocess	    720	01.688534	(00.002345 +- 00.000625)	[00.000791,00.006728]
03_undistortion         	    718	00.438396	(00.000611 +- 00.000187)	[00.000134,00.003404]
04_sampling             	    717	00.313616	(00.000437 +- 00.000157)	[00.000063,00.001400]
04b_intensity_sampling  	    717	00.459419	(00.000641 +- 00.000146)	[00.000127,00.002206]
05_registration         	    717	02.226776	(00.003106 +- 00.001150)	[00.000690,00.013003]
06_map                  	    717	00.507836	(00.000708 +- 00.000194)	[00.000113,00.003099]
07_imu_opt              	    717	00.913109	(00.001274 +- 00.000270)	[00.000001,00.003969]
08_publish              	    717	05.473523	(00.007634 +- 00.003016)	[00.000514,00.024065]
step                    	    720	12.300256	(00.017084 +- 00.005351)	[00.003926,00.049405]

INFO  Timings:
SM Timing
-----------
00_conversion_livox     	    722	07.534718	(00.010436 +- 00.000579)	[00.008464,00.021490]
01_filter               	    721	00.189990	(00.000264 +- 00.000074)	[00.000114,00.002432]
02_preint               	    719	00.024590	(00.000034 +- 00.000005)	[00.000024,00.000075]
02a_intensity_preprocess	    721	01.691695	(00.002346 +- 00.000600)	[00.000791,00.006728]
03_undistortion         	    719	00.439232	(00.000611 +- 00.000181)	[00.000134,00.003404]
04_sampling             	    718	00.314422	(00.000438 +- 00.000155)	[00.000063,00.001400]
04b_intensity_sampling  	    718	00.460100	(00.000641 +- 00.000138)	[00.000127,00.002206]
05_registration         	    718	02.230460	(00.003106 +- 00.001097)	[00.000690,00.013003]
06_map                  	    718	00.508705	(00.000709 +- 00.000184)	[00.000113,00.003099]
07_imu_opt              	    718	00.914414	(00.001274 +- 00.000270)	[00.000001,00.003969]
08_publish              	    718	05.484773	(00.007639 +- 00.002872)	[00.000514,00.024065]
step                    	    721	12.323322	(00.017092 +- 00.005080)	[00.003926,00.049405]

INFO  Timings:
SM Timing
-----------
00_conversion_livox     	    723	07.545025	(00.010436 +- 00.000559)	[00.008464,00.021490]
01_filter               	    722	00.190334	(00.000264 +- 00.000071)	[00.000114,00.002432]
02_preint               	    720	00.024634	(00.000034 +- 00.000005)	[00.000024,00.000075]
02a_intensity_preprocess	    722	01.694788	(00.002347 +- 00.000574)	[00.000791,00.006728]
03_undistortion         	    720	00.440206	(00.000611 +- 00.000173)	[00.000134,00.003404]
04_sampling             	    719	00.315359	(00.000439 +- 00.000156)	[00.000063,00.001400]
04b_intensity_sampling  	    719	00.460962	(00.000641 +- 00.000131)	[00.000127,00.002206]
05_registration         	    719	02.236047	(00.003110 +- 00.001072)	[00.000690,00.013003]
06_map                  	    719	00.510281	(00.000710 +- 00.000205)	[00.000113,00.003099]
07_imu_opt              	    719	00.915810	(00.001274 +- 00.000268)	[00.000001,00.003969]
08_publish              	    719	05.496879	(00.007645 +- 00.002735)	[00.000514,00.024065]
step                    	    722	12.350315	(00.017106 +- 00.004860)	[00.003926,00.049405]

INFO  Timings:
SM Timing
-----------
00_conversion_livox     	    724	07.556113	(00.010437 +- 00.000569)	[00.008464,00.021490]
01_filter               	    723	00.190603	(00.000264 +- 00.000070)	[00.000114,00.002432]
02_preint               	    721	00.024681	(00.000034 +- 00.000005)	[00.000024,00.000075]
02a_intensity_preprocess	    723	01.698036	(00.002349 +- 00.000548)	[00.000791,00.006728]
03_undistortion         	    721	00.441116	(00.000612 +- 00.000165)	[00.000134,00.003404]
04_sampling             	    720	00.316094	(00.000439 +- 00.000150)	[00.000063,00.001400]
04b_intensity_sampling  	    720	00.461728	(00.000641 +- 00.000123)	[00.000127,00.002206]
05_registration         	    720	02.241009	(00.003113 +- 00.001016)	[00.000690,00.013003]
06_map                  	    720	00.511547	(00.000710 +- 00.000201)	[00.000113,00.003099]
07_imu_opt              	    720	00.917549	(00.001274 +- 00.000267)	[00.000001,00.003969]
08_publish              	    720	05.508859	(00.007651 +- 00.002591)	[00.000514,00.024065]
step                    	    723	12.376325	(00.017118 +- 00.004576)	[00.003926,00.049405]

INFO  Timings:
SM Timing
-----------
00_conversion_livox     	    725	07.566143	(00.010436 +- 00.000565)	[00.008464,00.021490]
01_filter               	    724	00.190957	(00.000264 +- 00.000068)	[00.000114,00.002432]
02_preint               	    722	00.024713	(00.000034 +- 00.000005)	[00.000024,00.000075]
02a_intensity_preprocess	    724	01.701400	(00.002350 +- 00.000524)	[00.000791,00.006728]
03_undistortion         	    722	00.441799	(00.000612 +- 00.000164)	[00.000134,00.003404]
04_sampling             	    721	00.316777	(00.000439 +- 00.000145)	[00.000063,00.001400]
04b_intensity_sampling  	    721	00.462399	(00.000641 +- 00.000115)	[00.000127,00.002206]
05_registration         	    721	02.244626	(00.003113 +- 00.000962)	[00.000690,00.013003]
06_map                  	    721	00.512561	(00.000711 +- 00.000195)	[00.000113,00.003099]
07_imu_opt              	    721	00.919142	(00.001275 +- 00.000265)	[00.000001,00.003969]
08_publish              	    721	05.520306	(00.007656 +- 00.002436)	[00.000514,00.024065]
step                    	    724	12.399884	(00.017127 +- 00.004276)	[00.003926,00.049405]

INFO  Timings:
SM Timing
-----------
00_conversion_livox     	    726	07.576111	(00.010435 +- 00.000563)	[00.008464,00.021490]
01_filter               	    725	00.191271	(00.000264 +- 00.000067)	[00.000114,00.002432]
02_preint               	    723	00.024743	(00.000034 +- 00.000005)	[00.000024,00.000075]
02a_intensity_preprocess	    725	01.704452	(00.002351 +- 00.000489)	[00.000791,00.006728]
03_undistortion         	    723	00.442589	(00.000612 +- 00.000153)	[00.000134,00.003404]
04_sampling             	    722	00.317466	(00.000440 +- 00.000139)	[00.000063,00.001400]
04b_intensity_sampling  	    722	00.463115	(00.000641 +- 00.000107)	[00.000127,00.002206]
05_registration         	    722	02.249422	(00.003116 +- 00.000896)	[00.000690,00.013003]
06_map                  	    722	00.513497	(00.000711 +- 00.000186)	[00.000113,00.003099]
07_imu_opt              	    722	00.920380	(00.001275 +- 00.000267)	[00.000001,00.003969]
08_publish              	    722	05.531562	(00.007661 +- 00.002244)	[00.000514,00.024065]
step                    	    725	12.423767	(00.017136 +- 00.003914)	[00.003926,00.049405]

INFO  Timings:
SM Timing
-----------
00_conversion_livox     	    727	07.586257	(00.010435 +- 00.000560)	[00.008464,00.021490]
01_filter               	    726	00.191774	(00.000264 +- 00.000070)	[00.000114,00.002432]
02_preint               	    724	00.024780	(00.000034 +- 00.000005)	[00.000024,00.000075]
02a_intensity_preprocess	    726	01.707536	(00.002352 +- 00.000447)	[00.000791,00.006728]
03_undistortion         	    724	00.443474	(00.000613 +- 00.000141)	[00.000134,00.003404]
04_sampling             	    723	00.318159	(00.000440 +- 00.000134)	[00.000063,00.001400]
04b_intensity_sampling  	    723	00.463850	(00.000642 +- 00.000106)	[00.000127,00.002206]
05_registration         	    723	02.253336	(00.003117 +- 00.000868)	[00.000690,00.013003]
06_map                  	    723	00.514441	(00.000712 +- 00.000172)	[00.000113,00.003099]
07_imu_opt              	    723	00.921553	(00.001275 +- 00.000269)	[00.000001,00.003969]
08_publish              	    723	05.542867	(00.007666 +- 00.002009)	[00.000514,00.024065]
step                    	    726	12.447116	(00.017145 +- 00.003554)	[00.003926,00.049405]

INFO  Timings:
SM Timing
-----------
00_conversion_livox     	    728	07.596241	(00.010434 +- 00.000558)	[00.008464,00.021490]
01_filter               	    727	00.192103	(00.000264 +- 00.000067)	[00.000114,00.002432]
02_preint               	    725	00.024818	(00.000034 +- 00.000005)	[00.000024,00.000075]
02a_intensity_preprocess	    727	01.710616	(00.002353 +- 00.000400)	[00.000791,00.006728]
03_undistortion         	    725	00.444252	(00.000613 +- 00.000129)	[00.000134,00.003404]
04_sampling             	    724	00.318831	(00.000440 +- 00.000129)	[00.000063,00.001400]
04b_intensity_sampling  	    724	00.464545	(00.000642 +- 00.000101)	[00.000127,00.002206]
05_registration         	    724	02.257790	(00.003118 +- 00.000812)	[00.000690,00.013003]
06_map                  	    724	00.515469	(00.000712 +- 00.000163)	[00.000113,00.003099]
07_imu_opt              	    724	00.922864	(00.001275 +- 00.000268)	[00.000001,00.003969]
08_publish              	    724	05.554606	(00.007672 +- 00.001753)	[00.000514,00.024065]
step                    	    727	12.471316	(00.017154 +- 00.003107)	[00.003926,00.049405]

INFO  Timings:
SM Timing
-----------
00_conversion_livox     	    729	07.606240	(00.010434 +- 00.000556)	[00.008464,00.021490]
01_filter               	    728	00.192429	(00.000264 +- 00.000065)	[00.000114,00.002432]
02_preint               	    726	00.024855	(00.000034 +- 00.000005)	[00.000024,00.000075]
02a_intensity_preprocess	    728	01.713824	(00.002354 +- 00.000363)	[00.000791,00.006728]
03_undistortion         	    726	00.445181	(00.000613 +- 00.000123)	[00.000134,00.003404]
04_sampling             	    725	00.319436	(00.000441 +- 00.000121)	[00.000063,00.001400]
04b_intensity_sampling  	    725	00.465315	(00.000642 +- 00.000094)	[00.000127,00.002206]
05_registration         	    725	02.262176	(00.003120 +- 00.000763)	[00.000690,00.013003]
06_map                  	    725	00.516491	(00.000712 +- 00.000154)	[00.000113,00.003099]
07_imu_opt              	    725	00.924165	(00.001275 +- 00.000268)	[00.000001,00.003969]
08_publish              	    725	05.566539	(00.007678 +- 00.001522)	[00.000514,00.024065]
step                    	    728	12.495937	(00.017165 +- 00.002700)	[00.003926,00.049405]

INFO  Timings:
SM Timing
-----------
00_conversion_livox     	    730	07.616578	(00.010434 +- 00.000543)	[00.008464,00.021490]
01_filter               	    729	00.192769	(00.000264 +- 00.000065)	[00.000114,00.002432]
02_preint               	    727	00.024895	(00.000034 +- 00.000005)	[00.000024,00.000075]
02a_intensity_preprocess	    729	01.717099	(00.002355 +- 00.000332)	[00.000791,00.006728]
03_undistortion         	    727	00.446178	(00.000614 +- 00.000123)	[00.000134,00.003404]
04_sampling             	    726	00.320108	(00.000441 +- 00.000118)	[00.000063,00.001400]
04b_intensity_sampling  	    726	00.466038	(00.000642 +- 00.000093)	[00.000127,00.002206]
05_registration         	    726	02.267122	(00.003123 +- 00.000767)	[00.000690,00.013003]
06_map                  	    726	00.517520	(00.000713 +- 00.000151)	[00.000113,00.003099]
07_imu_opt              	    726	00.925498	(00.001275 +- 00.000265)	[00.000001,00.003969]
08_publish              	    726	05.578506	(00.007684 +- 00.001352)	[00.000514,00.024065]
step                    	    729	12.521361	(00.017176 +- 00.002560)	[00.003926,00.049405]

INFO  Timings:
SM Timing
-----------
00_conversion_livox     	    731	07.627015	(00.010434 +- 00.000525)	[00.008464,00.021490]
01_filter               	    730	00.193113	(00.000265 +- 00.000062)	[00.000114,00.002432]
02_preint               	    728	00.024937	(00.000034 +- 00.000005)	[00.000024,00.000075]
02a_intensity_preprocess	    730	01.720388	(00.002357 +- 00.000319)	[00.000791,00.006728]
03_undistortion         	    728	00.447075	(00.000614 +- 00.000121)	[00.000134,00.003404]
04_sampling             	    727	00.320788	(00.000441 +- 00.000115)	[00.000063,00.001400]
04b_intensity_sampling  	    727	00.466831	(00.000642 +- 00.000094)	[00.000127,00.002206]
05_registration         	    727	02.272590	(00.003126 +- 00.000763)	[00.000690,00.013003]
06_map                  	    727	00.518593	(00.000713 +- 00.000148)	[00.000113,00.003099]
07_imu_opt              	    727	00.926809	(00.001275 +- 00.000260)	[00.000001,00.003969]
08_publish              	    727	05.590755	(00.007690 +- 00.001269)	[00.000514,00.024065]
step                    	    730	12.547561	(00.017188 +- 00.002419)	[00.003926,00.049405]

INFO  Timings:
SM Timing
-----------
00_conversion_livox     	    732	07.637538	(00.010434 +- 00.000524)	[00.008464,00.021490]
01_filter               	    731	00.193483	(00.000265 +- 00.000059)	[00.000114,00.002432]
02_preint               	    729	00.024986	(00.000034 +- 00.000005)	[00.000024,00.000075]
02a_intensity_preprocess	    731	01.723761	(00.002358 +- 00.000312)	[00.000791,00.006728]
03_undistortion         	    729	00.447941	(00.000614 +- 00.000115)	[00.000134,00.003404]
04_sampling             	    728	00.321625	(00.000442 +- 00.000115)	[00.000063,00.001400]
04b_intensity_sampling  	    728	00.467649	(00.000642 +- 00.000094)	[00.000127,00.002206]
05_registration         	    728	02.276830	(00.003128 +- 00.000757)	[00.000690,00.013003]
06_map                  	    728	00.519660	(00.000714 +- 00.000146)	[00.000113,00.003099]
07_imu_opt              	    728	00.928151	(00.001275 +- 00.000257)	[00.000001,00.003969]
08_publish              	    728	05.603490	(00.007697 +- 00.001236)	[00.000514,00.024065]
step                    	    731	12.573340	(00.017200 +- 00.002331)	[00.003926,00.049405]

INFO  Timings:
SM Timing
-----------
00_conversion_livox     	    733	07.648304	(00.010434 +- 00.000527)	[00.008464,00.021490]
01_filter               	    732	00.193848	(00.000265 +- 00.000059)	[00.000114,00.002432]
02_preint               	    730	00.025018	(00.000034 +- 00.000005)	[00.000024,00.000075]
02a_intensity_preprocess	    732	01.727154	(00.002360 +- 00.000309)	[00.000791,00.006728]
03_undistortion         	    730	00.448898	(00.000615 +- 00.000115)	[00.000134,00.003404]
04_sampling             	    729	00.322476	(00.000442 +- 00.000114)	[00.000063,00.001400]
04b_intensity_sampling  	    729	00.468302	(00.000642 +- 00.000094)	[00.000127,00.002206]
05_registration         	    729	02.282607	(00.003131 +- 00.000776)	[00.000690,00.013003]
06_map                  	    729	00.520572	(00.000714 +- 00.000143)	[00.000113,00.003099]
07_imu_opt              	    729	00.929973	(00.001276 +- 00.000259)	[00.000001,00.003969]
08_publish              	    729	05.616161	(00.007704 +- 00.001208)	[00.000514,00.024065]
step                    	    732	12.600843	(00.017214 +- 00.002341)	[00.003926,00.049405]

INFO  Timings:
SM Timing
-----------
00_conversion_livox     	    734	07.659081	(00.010435 +- 00.000531)	[00.008464,00.021490]
01_filter               	    733	00.194170	(00.000265 +- 00.000059)	[00.000114,00.002432]
02_preint               	    731	00.025056	(00.000034 +- 00.000005)	[00.000024,00.000075]
02a_intensity_preprocess	    733	01.730457	(00.002361 +- 00.000301)	[00.000791,00.006728]
03_undistortion         	    731	00.449660	(00.000615 +- 00.000109)	[00.000134,00.003404]
04_sampling             	    730	00.323099	(00.000443 +- 00.000112)	[00.000063,00.001400]
04b_intensity_sampling  	    730	00.468992	(00.000642 +- 00.000093)	[00.000127,00.002206]
05_registration         	    730	02.287050	(00.003133 +- 00.000747)	[00.000690,00.013003]
06_map                  	    730	00.521502	(00.000714 +- 00.000140)	[00.000113,00.003099]
07_imu_opt              	    730	00.931259	(00.001276 +- 00.000256)	[00.000001,00.003969]
08_publish              	    730	05.628498	(00.007710 +- 00.001179)	[00.000514,00.024065]
step                    	    733	12.625660	(00.017225 +- 00.002226)	[00.003926,00.049405]

INFO  Timings:
SM Timing
-----------
00_conversion_livox     	    735	07.669362	(00.010435 +- 00.000531)	[00.008464,00.021490]
01_filter               	    734	00.194540	(00.000265 +- 00.000059)	[00.000114,00.002432]
02_preint               	    732	00.025093	(00.000034 +- 00.000004)	[00.000024,00.000075]
02a_intensity_preprocess	    734	01.733669	(00.002362 +- 00.000292)	[00.000791,00.006728]
03_undistortion         	    732	00.450519	(00.000615 +- 00.000109)	[00.000134,00.003404]
04_sampling             	    731	00.323793	(00.000443 +- 00.000108)	[00.000063,00.001400]
04b_intensity_sampling  	    731	00.469689	(00.000643 +- 00.000092)	[00.000127,00.002206]
05_registration         	    731	02.291499	(00.003135 +- 00.000734)	[00.000690,00.013003]
06_map                  	    731	00.522589	(00.000715 +- 00.000142)	[00.000113,00.003099]
07_imu_opt              	    731	00.932427	(00.001276 +- 00.000256)	[00.000001,00.003969]
08_publish              	    731	05.640569	(00.007716 +- 00.001149)	[00.000514,00.024065]
step                    	    734	12.650394	(00.017235 +- 00.002147)	[00.003926,00.049405]

INFO  Timings:
SM Timing
-----------
00_conversion_livox     	    736	07.679612	(00.010434 +- 00.000531)	[00.008464,00.021490]
01_filter               	    735	00.194880	(00.000265 +- 00.000059)	[00.000114,00.002432]
02_preint               	    733	00.025131	(00.000034 +- 00.000004)	[00.000024,00.000075]
02a_intensity_preprocess	    735	01.736894	(00.002363 +- 00.000283)	[00.000791,00.006728]
03_undistortion         	    733	00.451313	(00.000616 +- 00.000106)	[00.000134,00.003404]
04_sampling             	    732	00.324408	(00.000443 +- 00.000105)	[00.000063,00.001400]
04b_intensity_sampling  	    732	00.470359	(00.000643 +- 00.000092)	[00.000127,00.002206]
05_registration         	    732	02.296228	(00.003137 +- 00.000731)	[00.000690,00.013003]
06_map                  	    732	00.523530	(00.000715 +- 00.000141)	[00.000113,00.003099]
07_imu_opt              	    732	00.933698	(00.001276 +- 00.000254)	[00.000001,00.003969]
08_publish              	    732	05.653148	(00.007723 +- 00.001140)	[00.000514,00.024065]
step                    	    735	12.675668	(00.017246 +- 00.002100)	[00.003926,00.049405]

INFO  Timings:
SM Timing
-----------
00_conversion_livox     	    737	07.689852	(00.010434 +- 00.000517)	[00.008464,00.021490]
01_filter               	    736	00.195230	(00.000265 +- 00.000059)	[00.000114,00.002432]
02_preint               	    734	00.025169	(00.000034 +- 00.000004)	[00.000024,00.000075]
02a_intensity_preprocess	    736	01.740123	(00.002364 +- 00.000279)	[00.000791,00.006728]
03_undistortion         	    734	00.452315	(00.000616 +- 00.000110)	[00.000134,00.003404]
04_sampling             	    733	00.325084	(00.000443 +- 00.000103)	[00.000063,00.001400]
04b_intensity_sampling  	    733	00.471004	(00.000643 +- 00.000092)	[00.000127,00.002206]
05_registration         	    733	02.300502	(00.003138 +- 00.000718)	[00.000690,00.013003]
06_map                  	    733	00.524626	(00.000716 +- 00.000140)	[00.000113,00.003099]
07_imu_opt              	    733	00.934984	(00.001276 +- 00.000255)	[00.000001,00.003969]
08_publish              	    733	05.665157	(00.007729 +- 00.001124)	[00.000514,00.024065]
step                    	    736	12.700349	(00.017256 +- 00.002048)	[00.003926,00.049405]

INFO  Timings:
SM Timing
-----------
00_conversion_livox     	    738	07.700079	(00.010434 +- 00.000513)	[00.008464,00.021490]
01_filter               	    737	00.195611	(00.000265 +- 00.000059)	[00.000114,00.002432]
02_preint               	    735	00.025204	(00.000034 +- 00.000004)	[00.000024,00.000075]
02a_intensity_preprocess	    737	01.743263	(00.002365 +- 00.000272)	[00.000791,00.006728]
03_undistortion         	    735	00.453317	(00.000617 +- 00.000113)	[00.000134,00.003404]
04_sampling             	    734	00.325709	(00.000444 +- 00.000102)	[00.000063,00.001400]
04b_intensity_sampling  	    734	00.471692	(00.000643 +- 00.000092)	[00.000127,00.002206]
05_registration         	    734	02.304918	(00.003140 +- 00.000718)	[00.000690,00.013003]
06_map                  	    734	00.525471	(00.000716 +- 00.000140)	[00.000113,00.003099]
07_imu_opt              	    734	00.936137	(00.001275 +- 00.000258)	[00.000001,00.003969]
08_publish              	    734	05.677363	(00.007735 +- 00.001117)	[00.000514,00.024065]
step                    	    737	12.724889	(00.017266 +- 00.002034)	[00.003926,00.049405]

INFO  Timings:
SM Timing
-----------
00_conversion_livox     	    739	07.710926	(00.010434 +- 00.000515)	[00.008464,00.021490]
01_filter               	    738	00.195917	(00.000265 +- 00.000059)	[00.000114,00.002432]
02_preint               	    736	00.025241	(00.000034 +- 00.000004)	[00.000024,00.000075]
02a_intensity_preprocess	    738	01.746456	(00.002366 +- 00.000270)	[00.000791,00.006728]
03_undistortion         	    736	00.454199	(00.000617 +- 00.000113)	[00.000134,00.003404]
04_sampling             	    735	00.326411	(00.000444 +- 00.000101)	[00.000063,00.001400]
04b_intensity_sampling  	    735	00.472441	(00.000643 +- 00.000085)	[00.000127,00.002206]
05_registration         	    735	02.308855	(00.003141 +- 00.000722)	[00.000690,00.013003]
06_map                  	    735	00.526626	(00.000716 +- 00.000143)	[00.000113,00.003099]
07_imu_opt              	    735	00.937304	(00.001275 +- 00.000258)	[00.000001,00.003969]
08_publish              	    735	05.689167	(00.007740 +- 00.001112)	[00.000514,00.024065]
step                    	    738	12.748896	(00.017275 +- 00.002027)	[00.003926,00.049405]

INFO  Timings:
SM Timing
-----------
00_conversion_livox     	    740	07.720958	(00.010434 +- 00.000516)	[00.008464,00.021490]
01_filter               	    739	00.196415	(00.000266 +- 00.000063)	[00.000114,00.002432]
02_preint               	    737	00.025269	(00.000034 +- 00.000005)	[00.000024,00.000075]
02a_intensity_preprocess	    739	01.750192	(00.002368 +- 00.000286)	[00.000791,00.006728]
03_undistortion         	    737	00.455414	(00.000618 +- 00.000126)	[00.000134,00.003404]
04_sampling             	    736	00.327057	(00.000444 +- 00.000099)	[00.000063,00.001400]
04b_intensity_sampling  	    736	00.473158	(00.000643 +- 00.000085)	[00.000127,00.002206]
05_registration         	    736	02.312587	(00.003142 +- 00.000726)	[00.000690,00.013003]
06_map                  	    736	00.527857	(00.000717 +- 00.000148)	[00.000113,00.003099]
07_imu_opt              	    736	00.939761	(00.001277 +- 00.000295)	[00.000001,00.003969]
08_publish              	    736	05.701441	(00.007747 +- 00.001122)	[00.000514,00.024065]
step                    	    739	12.775514	(00.017288 +- 00.002068)	[00.003926,00.049405]

INFO  Timings:
SM Timing
-----------
00_conversion_livox     	    741	07.731710	(00.010434 +- 00.000519)	[00.008464,00.021490]
01_filter               	    740	00.196754	(00.000266 +- 00.000063)	[00.000114,00.002432]
02_preint               	    738	00.025318	(00.000034 +- 00.000005)	[00.000024,00.000075]
02a_intensity_preprocess	    740	01.753529	(00.002370 +- 00.000289)	[00.000791,00.006728]
03_undistortion         	    738	00.457098	(00.000619 +- 00.000175)	[00.000134,00.003404]
04_sampling             	    737	00.327775	(00.000445 +- 00.000098)	[00.000063,00.001400]
04b_intensity_sampling  	    737	00.474195	(00.000643 +- 00.000097)	[00.000127,00.002206]
05_registration         	    737	02.317444	(00.003144 +- 00.000726)	[00.000690,00.013003]
06_map                  	    737	00.528841	(00.000718 +- 00.000147)	[00.000113,00.003099]
07_imu_opt              	    737	00.941015	(00.001277 +- 00.000295)	[00.000001,00.003969]
08_publish              	    737	05.714385	(00.007754 +- 00.001145)	[00.000514,00.024065]
step                    	    740	12.802913	(00.017301 +- 00.002120)	[00.003926,00.049405]

INFO  Timings:
SM Timing
-----------
00_conversion_livox     	    742	07.743024	(00.010435 +- 00.000535)	[00.008464,00.021490]
01_filter               	    741	00.197140	(00.000266 +- 00.000063)	[00.000114,00.002432]
02_preint               	    739	00.025356	(00.000034 +- 00.000005)	[00.000024,00.000075]
02a_intensity_preprocess	    741	01.756930	(00.002371 +- 00.000290)	[00.000791,00.006728]
03_undistortion         	    739	00.457876	(00.000620 +- 00.000172)	[00.000134,00.003404]
04_sampling             	    738	00.328409	(00.000445 +- 00.000095)	[00.000063,00.001400]
04b_intensity_sampling  	    738	00.475152	(00.000644 +- 00.000103)	[00.000127,00.002206]
05_registration         	    738	02.322045	(00.003146 +- 00.000726)	[00.000690,00.013003]
06_map                  	    738	00.529984	(00.000718 +- 00.000147)	[00.000113,00.003099]
07_imu_opt              	    738	00.942305	(00.001277 +- 00.000295)	[00.000001,00.003969]
08_publish              	    738	05.726889	(00.007760 +- 00.001142)	[00.000514,00.024065]
step                    	    741	12.828719	(00.017313 +- 00.002103)	[00.003926,00.049405]

INFO  Timings:
SM Timing
-----------
00_conversion_livox     	    743	07.753548	(00.010435 +- 00.000535)	[00.008464,00.021490]
01_filter               	    742	00.197461	(00.000266 +- 00.000063)	[00.000114,00.002432]
02_preint               	    740	00.025395	(00.000034 +- 00.000005)	[00.000024,00.000075]
02a_intensity_preprocess	    742	01.760236	(00.002372 +- 00.000288)	[00.000791,00.006728]
03_undistortion         	    740	00.458734	(00.000620 +- 00.000171)	[00.000134,00.003404]
04_sampling             	    739	00.329089	(00.000445 +- 00.000094)	[00.000063,00.001400]
04b_intensity_sampling  	    739	00.475967	(00.000644 +- 00.000104)	[00.000127,00.002206]
05_registration         	    739	02.325368	(00.003147 +- 00.000732)	[00.000690,00.013003]
06_map                  	    739	00.531184	(00.000719 +- 00.000151)	[00.000113,00.003099]
07_imu_opt              	    739	00.943595	(00.001277 +- 00.000295)	[00.000001,00.003969]
08_publish              	    739	05.738795	(00.007766 +- 00.001127)	[00.000514,00.024065]
step                    	    742	12.852520	(00.017321 +- 00.002096)	[00.003926,00.049405]

INFO  Timings:
SM Timing
-----------
00_conversion_livox     	    744	07.763846	(00.010435 +- 00.000534)	[00.008464,00.021490]
01_filter               	    743	00.197796	(00.000266 +- 00.000062)	[00.000114,00.002432]
02_preint               	    741	00.025432	(00.000034 +- 00.000005)	[00.000024,00.000075]
02a_intensity_preprocess	    743	01.763570	(00.002374 +- 00.000284)	[00.000791,00.006728]
03_undistortion         	    741	00.459615	(00.000620 +- 00.000170)	[00.000134,00.003404]
04_sampling             	    740	00.329748	(00.000446 +- 00.000092)	[00.000063,00.001400]
04b_intensity_sampling  	    740	00.476783	(00.000644 +- 00.000103)	[00.000127,00.002206]
05_registration         	    740	02.330242	(00.003149 +- 00.000729)	[00.000690,00.013003]
06_map                  	    740	00.532169	(00.000719 +- 00.000150)	[00.000113,00.003099]
07_imu_opt              	    740	00.945096	(00.001277 +- 00.000294)	[00.000001,00.003969]
08_publish              	    740	05.751250	(00.007772 +- 00.001110)	[00.000514,00.024065]
step                    	    743	12.878476	(00.017333 +- 00.002071)	[00.003926,00.049405]

INFO  Timings:
SM Timing
-----------
00_conversion_livox     	    745	07.774443	(00.010435 +- 00.000534)	[00.008464,00.021490]
01_filter               	    744	00.198147	(00.000266 +- 00.000062)	[00.000114,00.002432]
02_preint               	    742	00.025471	(00.000034 +- 00.000005)	[00.000024,00.000075]
02a_intensity_preprocess	    744	01.766914	(00.002375 +- 00.000278)	[00.000791,00.006728]
03_undistortion         	    742	00.460478	(00.000621 +- 00.000168)	[00.000134,00.003404]
04_sampling             	    741	00.330448	(00.000446 +- 00.000088)	[00.000063,00.001400]
04b_intensity_sampling  	    741	00.477504	(00.000644 +- 00.000103)	[00.000127,00.002206]
05_registration         	    741	02.334824	(00.003151 +- 00.000727)	[00.000690,00.013003]
06_map                  	    741	00.533140	(00.000719 +- 00.000146)	[00.000113,00.003099]
07_imu_opt              	    741	00.946844	(00.001278 +- 00.000297)	[00.000001,00.003969]
08_publish              	    741	05.763494	(00.007778 +- 00.001087)	[00.000514,00.024065]
step                    	    744	12.904146	(00.017344 +- 00.002047)	[00.003926,00.049405]

INFO  Timings:
SM Timing
-----------
00_conversion_livox     	    746	07.784225	(00.010435 +- 00.000540)	[00.008464,00.021490]
01_filter               	    745	00.198429	(00.000266 +- 00.000063)	[00.000114,00.002432]
02_preint               	    743	00.025506	(00.000034 +- 00.000005)	[00.000024,00.000075]
02a_intensity_preprocess	    745	01.770105	(00.002376 +- 00.000271)	[00.000791,00.006728]
03_undistortion         	    743	00.461342	(00.000621 +- 00.000165)	[00.000134,00.003404]
04_sampling             	    742	00.331109	(00.000446 +- 00.000085)	[00.000063,00.001400]
04b_intensity_sampling  	    742	00.478325	(00.000645 +- 00.000104)	[00.000127,00.002206]
05_registration         	    742	02.338744	(00.003152 +- 00.000673)	[00.000690,00.013003]
06_map                  	    742	00.534179	(00.000720 +- 00.000145)	[00.000113,00.003099]
07_imu_opt              	    742	00.948118	(00.001278 +- 00.000297)	[00.000001,00.003969]
08_publish              	    742	05.775400	(00.007784 +- 00.001063)	[00.000514,00.024065]
step                    	    745	12.928232	(00.017353 +- 00.002043)	[00.003926,00.049405]

INFO  Timings:
SM Timing
-----------
00_conversion_livox     	    747	07.793785	(00.010433 +- 00.000552)	[00.008464,00.021490]
01_filter               	    746	00.198795	(00.000266 +- 00.000062)	[00.000114,00.002432]
02_preint               	    744	00.025543	(00.000034 +- 00.000005)	[00.000024,00.000075]
02a_intensity_preprocess	    746	01.773331	(00.002377 +- 00.000261)	[00.000791,00.006728]
03_undistortion         	    744	00.462341	(00.000621 +- 00.000164)	[00.000134,00.003404]
04_sampling             	    743	00.331840	(00.000447 +- 00.000083)	[00.000063,00.001400]
04b_intensity_sampling  	    743	00.479097	(00.000645 +- 00.000103)	[00.000127,00.002206]
05_registration         	    743	02.345264	(00.003156 +- 00.000733)	[00.000690,00.013003]
06_map                  	    743	00.535081	(00.000720 +- 00.000145)	[00.000113,00.003099]
07_imu_opt              	    743	00.949431	(00.001278 +- 00.000297)	[00.000001,00.003969]
08_publish              	    743	05.787747	(00.007790 +- 00.001042)	[00.000514,00.024065]
step                    	    746	12.955524	(00.017367 +- 00.002043)	[00.003926,00.049405]

INFO  Timings:
SM Timing
-----------
00_conversion_livox     	    748	07.803839	(00.010433 +- 00.000551)	[00.008464,00.021490]
01_filter               	    747	00.199148	(00.000267 +- 00.000062)	[00.000114,00.002432]
02_preint               	    745	00.025577	(00.000034 +- 00.000005)	[00.000024,00.000075]
02a_intensity_preprocess	    747	01.776601	(00.002378 +- 00.000251)	[00.000791,00.006728]
03_undistortion         	    745	00.463250	(00.000622 +- 00.000163)	[00.000134,00.003404]
04_sampling             	    744	00.332528	(00.000447 +- 00.000079)	[00.000063,00.001400]
04b_intensity_sampling  	    744	00.479861	(00.000645 +- 00.000101)	[00.000127,00.002206]
05_registration         	    744	02.350731	(00.003160 +- 00.000743)	[00.000690,00.013003]
06_map                  	    744	00.536101	(00.000721 +- 00.000139)	[00.000113,00.003099]
07_imu_opt              	    744	00.950741	(00.001278 +- 00.000296)	[00.000001,00.003969]
08_publish              	    744	05.800041	(00.007796 +- 00.001018)	[00.000514,00.024065]
step                    	    747	12.981698	(00.017378 +- 00.001989)	[00.003926,00.049405]

INFO  Timings:
SM Timing
-----------
00_conversion_livox     	    749	07.813458	(00.010432 +- 00.000558)	[00.008464,00.021490]
01_filter               	    748	00.199490	(00.000267 +- 00.000061)	[00.000114,00.002432]
02_preint               	    746	00.025614	(00.000034 +- 00.000005)	[00.000024,00.000075]
02a_intensity_preprocess	    748	01.779757	(00.002379 +- 00.000241)	[00.000791,00.006728]
03_undistortion         	    746	00.464109	(00.000622 +- 00.000160)	[00.000134,00.003404]
04_sampling             	    745	00.333123	(00.000447 +- 00.000078)	[00.000063,00.001400]
04b_intensity_sampling  	    745	00.480413	(00.000645 +- 00.000099)	[00.000127,00.002206]
05_registration         	    745	02.354448	(00.003160 +- 00.000750)	[00.000690,00.013003]
06_map                  	    745	00.537104	(00.000721 +- 00.000136)	[00.000113,00.003099]
07_imu_opt              	    745	00.951914	(00.001278 +- 00.000298)	[00.000001,00.003969]
08_publish              	    745	05.811437	(00.007801 +- 00.000983)	[00.000514,00.024065]
step                    	    748	13.004595	(00.017386 +- 00.001958)	[00.003926,00.049405]

INFO  Timings:
SM Timing
-----------
00_conversion_livox     	    750	07.822758	(00.010430 +- 00.000569)	[00.008464,00.021490]
01_filter               	    749	00.199837	(00.000267 +- 00.000061)	[00.000114,00.002432]
02_preint               	    747	00.025647	(00.000034 +- 00.000005)	[00.000024,00.000075]
02a_intensity_preprocess	    749	01.782754	(00.002380 +- 00.000234)	[00.000791,00.006728]
03_undistortion         	    747	00.464908	(00.000622 +- 00.000157)	[00.000134,00.003404]
04_sampling             	    746	00.333916	(00.000448 +- 00.000077)	[00.000063,00.001400]
04b_intensity_sampling  	    746	00.481143	(00.000645 +- 00.000097)	[00.000127,00.002206]
05_registration         	    746	02.357609	(00.003160 +- 00.000772)	[00.000690,00.013003]
06_map                  	    746	00.538162	(00.000721 +- 00.000136)	[00.000113,00.003099]
07_imu_opt              	    746	00.953456	(00.001278 +- 00.000296)	[00.000001,00.003969]
08_publish              	    746	05.822701	(00.007805 +- 00.000949)	[00.000514,00.024065]
step                    	    749	13.027434	(00.017393 +- 00.001912)	[00.003926,00.049405]

INFO  Timings:
SM Timing
-----------
00_conversion_livox     	    751	07.832246	(00.010429 +- 00.000580)	[00.008464,00.021490]
01_filter               	    750	00.200182	(00.000267 +- 00.000061)	[00.000114,00.002432]
02_preint               	    748	00.025681	(00.000034 +- 00.000005)	[00.000024,00.000075]
02a_intensity_preprocess	    750	01.785819	(00.002381 +- 00.000228)	[00.000791,00.006728]
03_undistortion         	    748	00.465770	(00.000623 +- 00.000157)	[00.000134,00.003404]
04_sampling             	    747	00.334596	(00.000448 +- 00.000074)	[00.000063,00.001400]
04b_intensity_sampling  	    747	00.481855	(00.000645 +- 00.000093)	[00.000127,00.002206]
05_registration         	    747	02.361679	(00.003162 +- 00.000754)	[00.000690,00.013003]
06_map                  	    747	00.539106	(00.000722 +- 00.000135)	[00.000113,00.003099]
07_imu_opt              	    747	00.954735	(00.001278 +- 00.000296)	[00.000001,00.003969]
08_publish              	    747	05.834238	(00.007810 +- 00.000907)	[00.000514,00.024065]
step                    	    750	13.051044	(00.017401 +- 00.001819)	[00.003926,00.049405]

INFO  Timings:
SM Timing
-----------
00_conversion_livox     	    752	07.841524	(00.010428 +- 00.000598)	[00.008464,00.021490]
01_filter               	    751	00.200500	(00.000267 +- 00.000061)	[00.000114,00.002432]
02_preint               	    749	00.025719	(00.000034 +- 00.000005)	[00.000024,00.000075]
02a_intensity_preprocess	    751	01.788966	(00.002382 +- 00.000218)	[00.000791,00.006728]
03_undistortion         	    749	00.466613	(00.000623 +- 00.000153)	[00.000134,00.003404]
04_sampling             	    748	00.335503	(00.000449 +- 00.000079)	[00.000063,00.001400]
04b_intensity_sampling  	    748	00.482585	(00.000645 +- 00.000087)	[00.000127,00.002206]
05_registration         	    748	02.366159	(00.003163 +- 00.000749)	[00.000690,00.013003]
06_map                  	    748	00.539974	(00.000722 +- 00.000132)	[00.000113,00.003099]
07_imu_opt              	    748	00.956049	(00.001278 +- 00.000296)	[00.000001,00.003969]
08_publish              	    748	05.846441	(00.007816 +- 00.000841)	[00.000514,00.024065]
step                    	    751	13.075950	(00.017411 +- 00.001711)	[00.003926,00.049405]

INFO  Timings:
SM Timing
-----------
00_conversion_livox     	    753	07.851076	(00.010426 +- 00.000600)	[00.008464,00.021490]
01_filter               	    752	00.200869	(00.000267 +- 00.000060)	[00.000114,00.002432]
02_preint               	    750	00.025754	(00.000034 +- 00.000005)	[00.000024,00.000075]
02a_intensity_preprocess	    752	01.792222	(00.002383 +- 00.000197)	[00.000791,00.006728]
03_undistortion         	    750	00.467522	(00.000623 +- 00.000151)	[00.000134,00.003404]
04_sampling             	    749	00.336187	(00.000449 +- 00.000078)	[00.000063,00.001400]
04b_intensity_sampling  	    749	00.483482	(00.000646 +- 00.000088)	[00.000127,00.002206]
05_registration         	    749	02.371242	(00.003166 +- 00.000753)	[00.000690,00.013003]
06_map                  	    749	00.540995	(00.000722 +- 00.000132)	[00.000113,00.003099]
07_imu_opt              	    749	00.957496	(00.001278 +- 00.000284)	[00.000001,00.003969]
08_publish              	    749	05.858641	(00.007822 +- 00.000749)	[00.000514,00.024065]
step                    	    752	13.101927	(00.017423 +- 00.001661)	[00.003926,00.049405]

INFO  Timings:
SM Timing
-----------
00_conversion_livox     	    754	07.861319	(00.010426 +- 00.000596)	[00.008464,00.021490]
01_filter               	    753	00.201290	(00.000267 +- 00.000060)	[00.000114,00.002432]
02_preint               	    751	00.025797	(00.000034 +- 00.000005)	[00.000024,00.000075]
02a_intensity_preprocess	    753	01.795487	(00.002384 +- 00.000182)	[00.000791,00.006728]
03_undistortion         	    751	00.468472	(00.000624 +- 00.000149)	[00.000134,00.003404]
04_sampling             	    750	00.336871	(00.000449 +- 00.000078)	[00.000063,00.001400]
04b_intensity_sampling  	    750	00.484245	(00.000646 +- 00.000087)	[00.000127,00.002206]
05_registration         	    750	02.376715	(00.003169 +- 00.000762)	[00.000690,00.013003]
06_map                  	    750	00.541929	(00.000723 +- 00.000131)	[00.000113,00.003099]
07_imu_opt              	    750	00.958845	(00.001278 +- 00.000278)	[00.000001,00.003969]
08_publish              	    750	05.871047	(00.007828 +- 00.000687)	[00.000514,00.024065]
step                    	    753	13.128318	(00.017435 +- 00.001643)	[00.003926,00.049405]

INFO  Timings:
SM Timing
-----------
00_conversion_livox     	    755	07.871643	(00.010426 +- 00.000596)	[00.008464,00.021490]
01_filter               	    754	00.201646	(00.000267 +- 00.000060)	[00.000114,00.002432]
02_preint               	    752	00.025836	(00.000034 +- 00.000005)	[00.000024,00.000075]
02a_intensity_preprocess	    754	01.798826	(00.002386 +- 00.000173)	[00.000791,00.006728]
03_undistortion         	    752	00.469406	(00.000624 +- 00.000148)	[00.000134,00.003404]
04_sampling             	    751	00.337519	(00.000449 +- 00.000078)	[00.000063,00.001400]
04b_intensity_sampling  	    751	00.485041	(00.000646 +- 00.000086)	[00.000127,00.002206]
05_registration         	    751	02.381588	(00.003171 +- 00.000753)	[00.000690,00.013003]
06_map                  	    751	00.542956	(00.000723 +- 00.000130)	[00.000113,00.003099]
07_imu_opt              	    751	00.960286	(00.001279 +- 00.000278)	[00.000001,00.003969]
08_publish              	    751	05.883660	(00.007834 +- 00.000647)	[00.000514,00.024065]
step                    	    754	13.154491	(00.017446 +- 00.001576)	[00.003926,00.049405]

INFO  Timings:
SM Timing
-----------
00_conversion_livox     	    756	07.882255	(00.010426 +- 00.000589)	[00.008464,00.021490]
01_filter               	    755	00.202032	(00.000268 +- 00.000059)	[00.000114,00.002432]
02_preint               	    753	00.025874	(00.000034 +- 00.000005)	[00.000024,00.000075]
02a_intensity_preprocess	    755	01.802222	(00.002387 +- 00.000165)	[00.000791,00.006728]
03_undistortion         	    753	00.470350	(00.000625 +- 00.000147)	[00.000134,00.003404]
04_sampling             	    752	00.338247	(00.000450 +- 00.000078)	[00.000063,00.001400]
04b_intensity_sampling  	    752	00.485868	(00.000646 +- 00.000087)	[00.000127,00.002206]
05_registration         	    752	02.387046	(00.003174 +- 00.000743)	[00.000690,00.013003]
06_map                  	    752	00.544137	(00.000724 +- 00.000132)	[00.000113,00.003099]
07_imu_opt              	    752	00.961965	(00.001279 +- 00.000280)	[00.000001,00.003969]
08_publish              	    752	05.896480	(00.007841 +- 00.000611)	[00.000514,00.024065]
step                    	    755	13.182043	(00.017460 +- 00.001524)	[00.003926,00.049405]

INFO  Timings:
SM Timing
-----------
00_conversion_livox     	    757	07.891168	(00.010424 +- 00.000618)	[00.008464,00.021490]
01_filter               	    756	00.202397	(00.000268 +- 00.000059)	[00.000114,00.002432]
02_preint               	    754	00.025909	(00.000034 +- 00.000005)	[00.000024,00.000075]
02a_intensity_preprocess	    756	01.805245	(00.002388 +- 00.000160)	[00.000791,00.006728]
03_undistortion         	    754	00.471280	(00.000625 +- 00.000146)	[00.000134,00.003404]
04_sampling             	    753	00.338990	(00.000450 +- 00.000076)	[00.000063,00.001400]
04b_intensity_sampling  	    753	00.486664	(00.000646 +- 00.000086)	[00.000127,00.002206]
05_registration         	    753	02.390996	(00.003175 +- 00.000733)	[00.000690,00.013003]
06_map                  	    753	00.545111	(00.000724 +- 00.000131)	[00.000113,00.003099]
07_imu_opt              	    753	00.963261	(00.001279 +- 00.000279)	[00.000001,00.003969]
08_publish              	    753	05.908075	(00.007846 +- 00.000583)	[00.000514,00.024065]
step                    	    756	13.205832	(00.017468 +- 00.001456)	[00.003926,00.049405]

INFO  Timings:
SM Timing
-----------
00_conversion_livox     	    758	07.900550	(00.010423 +- 00.000629)	[00.008464,00.021490]
01_filter               	    757	00.202753	(00.000268 +- 00.000058)	[00.000114,00.002432]
02_preint               	    755	00.025947	(00.000034 +- 00.000005)	[00.000024,00.000075]
02a_intensity_preprocess	    757	01.808405	(00.002389 +- 00.000153)	[00.000791,00.006728]
03_undistortion         	    755	00.472154	(00.000625 +- 00.000145)	[00.000134,00.003404]
04_sampling             	    754	00.339616	(00.000450 +- 00.000077)	[00.000063,00.001400]
04b_intensity_sampling  	    754	00.487483	(00.000647 +- 00.000087)	[00.000127,00.002206]
05_registration         	    754	02.395420	(00.003177 +- 00.000733)	[00.000690,00.013003]
06_map                  	    754	00.546042	(00.000724 +- 00.000127)	[00.000113,00.003099]
07_imu_opt              	    754	00.964632	(00.001279 +- 00.000279)	[00.000001,00.003969]
08_publish              	    754	05.920227	(00.007852 +- 00.000553)	[00.000514,00.024065]
step                    	    757	13.230646	(00.017478 +- 00.001427)	[00.003926,00.049405]

INFO  Timings:
SM Timing
-----------
00_conversion_livox     	    759	07.910332	(00.010422 +- 00.000628)	[00.008464,00.021490]
01_filter               	    758	00.203135	(00.000268 +- 00.000058)	[00.000114,00.002432]
02_preint               	    756	00.025987	(00.000034 +- 00.000005)	[00.000024,00.000075]
02a_intensity_preprocess	    758	01.811705	(00.002390 +- 00.000145)	[00.000791,00.006728]
03_undistortion         	    756	00.473118	(00.000626 +- 00.000143)	[00.000134,00.003404]
04_sampling             	    755	00.340406	(00.000451 +- 00.000078)	[00.000063,00.001400]
04b_intensity_sampling  	    755	00.488484	(00.000647 +- 00.000092)	[00.000127,00.002206]
05_registration         	    755	02.401366	(00.003181 +- 00.000756)	[00.000690,00.013003]
06_map                  	    755	00.547049	(00.000725 +- 00.000125)	[00.000113,00.003099]
07_imu_opt              	    755	00.966102	(00.001280 +- 00.000277)	[00.000001,00.003969]
08_publish              	    755	05.932988	(00.007858 +- 00.000541)	[00.000514,00.024065]
step                    	    758	13.258392	(00.017491 +- 00.001431)	[00.003926,00.049405]

INFO  Timings:
SM Timing
-----------
00_conversion_livox     	    760	07.920496	(00.010422 +- 00.000629)	[00.008464,00.021490]
01_filter               	    759	00.203507	(00.000268 +- 00.000058)	[00.000114,00.002432]
02_preint               	    757	00.026025	(00.000034 +- 00.000005)	[00.000024,00.000075]
02a_intensity_preprocess	    759	01.815098	(00.002391 +- 00.000145)	[00.000791,00.006728]
03_undistortion         	    757	00.474042	(00.000626 +- 00.000143)	[00.000134,00.003404]
04_sampling             	    756	00.341119	(00.000451 +- 00.000078)	[00.000063,00.001400]
04b_intensity_sampling  	    756	00.489208	(00.000647 +- 00.000092)	[00.000127,00.002206]
05_registration         	    756	02.405224	(00.003182 +- 00.000751)	[00.000690,00.013003]
06_map                  	    756	00.547983	(00.000725 +- 00.000126)	[00.000113,00.003099]
07_imu_opt              	    756	00.967951	(00.001280 +- 00.000280)	[00.000001,00.003969]
08_publish              	    756	05.945688	(00.007865 +- 00.000544)	[00.000514,00.024065]
step                    	    759	13.283999	(00.017502 +- 00.001419)	[00.003926,00.049405]

INFO  Timings:
SM Timing
-----------
00_conversion_livox     	    761	07.933079	(00.010425 +- 00.000650)	[00.008464,00.021490]
01_filter               	    760	00.203914	(00.000268 +- 00.000045)	[00.000114,00.002432]
02_preint               	    758	00.026066	(00.000034 +- 00.000004)	[00.000024,00.000075]
02a_intensity_preprocess	    760	01.818502	(00.002393 +- 00.000134)	[00.000791,00.006728]
03_undistortion         	    758	00.475003	(00.000627 +- 00.000142)	[00.000134,00.003404]
04_sampling             	    757	00.341904	(00.000452 +- 00.000077)	[00.000063,00.001400]
04b_intensity_sampling  	    757	00.489965	(00.000647 +- 00.000090)	[00.000127,00.002206]
05_registration         	    757	02.410561	(00.003184 +- 00.000745)	[00.000690,00.013003]
06_map                  	    757	00.549070	(00.000725 +- 00.000126)	[00.000113,00.003099]
07_imu_opt              	    757	00.969792	(00.001281 +- 00.000284)	[00.000001,00.003969]
08_publish              	    757	05.958253	(00.007871 +- 00.000482)	[00.000514,00.024065]
step                    	    760	13.311269	(00.017515 +- 00.001338)	[00.003926,00.049405]

INFO  Timings:
SM Timing
-----------
00_conversion_livox     	    762	07.943946	(00.010425 +- 00.000623)	[00.008464,00.021490]
01_filter               	    761	00.204281	(00.000268 +- 00.000045)	[00.000114,00.002432]
02_preint               	    759	00.026106	(00.000034 +- 00.000004)	[00.000024,00.000075]
02a_intensity_preprocess	    761	01.821824	(00.002394 +- 00.000131)	[00.000791,00.006728]
03_undistortion         	    759	00.476170	(00.000627 +- 00.000146)	[00.000134,00.003404]
04_sampling             	    758	00.342620	(00.000452 +- 00.000077)	[00.000063,00.001400]
04b_intensity_sampling  	    758	00.490802	(00.000647 +- 00.000091)	[00.000127,00.002206]
05_registration         	    758	02.415166	(00.003186 +- 00.000741)	[00.000690,00.013003]
06_map                  	    758	00.550099	(00.000726 +- 00.000126)	[00.000113,00.003099]
07_imu_opt              	    758	00.971210	(00.001281 +- 00.000256)	[00.000001,00.003969]
08_publish              	    758	05.970532	(00.007877 +- 00.000482)	[00.000514,00.024065]
step                    	    761	13.337133	(00.017526 +- 00.001341)	[00.003926,00.049405]

INFO  Timings:
SM Timing
-----------
00_conversion_livox     	    763	07.954012	(00.010425 +- 00.000609)	[00.008464,00.021490]
01_filter               	    762	00.204581	(00.000268 +- 00.000045)	[00.000114,00.002432]
02_preint               	    760	00.026147	(00.000034 +- 00.000004)	[00.000024,00.000075]
02a_intensity_preprocess	    762	01.824954	(00.002395 +- 00.000132)	[00.000791,00.006728]
03_undistortion         	    760	00.476974	(00.000628 +- 00.000145)	[00.000134,00.003404]
04_sampling             	    759	00.343285	(00.000452 +- 00.000077)	[00.000063,00.001400]
04b_intensity_sampling  	    759	00.491456	(00.000648 +- 00.000089)	[00.000127,00.002206]
05_registration         	    759	02.419424	(00.003188 +- 00.000741)	[00.000690,00.013003]
06_map                  	    759	00.551326	(00.000726 +- 00.000129)	[00.000113,00.003099]
07_imu_opt              	    759	00.972632	(00.001281 +- 00.000234)	[00.000001,00.003969]
08_publish              	    759	05.982355	(00.007882 +- 00.000481)	[00.000514,00.024065]
step                    	    762	13.361517	(00.017535 +- 00.001345)	[00.003926,00.049405]

INFO  Timings:
SM Timing
-----------
00_conversion_livox     	    764	07.964000	(00.010424 +- 00.000600)	[00.008464,00.021490]
01_filter               	    763	00.204922	(00.000269 +- 00.000045)	[00.000114,00.002432]
02_preint               	    761	00.026184	(00.000034 +- 00.000004)	[00.000024,00.000075]
02a_intensity_preprocess	    763	01.827951	(00.002396 +- 00.000136)	[00.000791,00.006728]
03_undistortion         	    761	00.477878	(00.000628 +- 00.000144)	[00.000134,00.003404]
04_sampling             	    760	00.344239	(00.000453 +- 00.000084)	[00.000063,00.001400]
04b_intensity_sampling  	    760	00.492281	(00.000648 +- 00.000089)	[00.000127,00.002206]
05_registration         	    760	02.425609	(00.003192 +- 00.000774)	[00.000690,00.013003]
06_map                  	    760	00.552361	(00.000727 +- 00.000127)	[00.000113,00.003099]
07_imu_opt              	    760	00.974047	(00.001282 +- 00.000234)	[00.000001,00.003969]
08_publish              	    760	05.994424	(00.007887 +- 00.000479)	[00.000514,00.024065]
step                    	    763	13.388356	(00.017547 +- 00.001363)	[00.003926,00.049405]

INFO  Timings:
SM Timing
-----------
00_conversion_livox     	    765	07.974404	(00.010424 +- 00.000596)	[00.008464,00.021490]
01_filter               	    764	00.205267	(00.000269 +- 00.000045)	[00.000114,00.002432]
02_preint               	    762	00.026219	(00.000034 +- 00.000004)	[00.000024,00.000075]
02a_intensity_preprocess	    764	01.831047	(00.002397 +- 00.000136)	[00.000791,00.006728]
03_undistortion         	    762	00.478847	(00.000628 +- 00.000142)	[00.000134,00.003404]
04_sampling             	    761	00.344822	(00.000453 +- 00.000086)	[00.000063,00.001400]
04b_intensity_sampling  	    761	00.493226	(00.000648 +- 00.000092)	[00.000127,00.002206]
05_registration         	    761	02.431326	(00.003195 +- 00.000782)	[00.000690,00.013003]
06_map                  	    761	00.553331	(00.000727 +- 00.000127)	[00.000113,00.003099]
07_imu_opt              	    761	00.975469	(00.001282 +- 00.000234)	[00.000001,00.003969]
08_publish              	    761	06.006635	(00.007893 +- 00.000468)	[00.000514,00.024065]
step                    	    764	13.414751	(00.017559 +- 00.001347)	[00.003926,00.049405]

INFO  Timings:
SM Timing
-----------
00_conversion_livox     	    766	07.984141	(00.010423 +- 00.000600)	[00.008464,00.021490]
01_filter               	    765	00.205639	(00.000269 +- 00.000044)	[00.000114,00.002432]
02_preint               	    763	00.026253	(00.000034 +- 00.000004)	[00.000024,00.000075]
02a_intensity_preprocess	    765	01.834104	(00.002398 +- 00.000137)	[00.000791,00.006728]
03_undistortion         	    763	00.479700	(00.000629 +- 00.000143)	[00.000134,00.003404]
04_sampling             	    762	00.345576	(00.000454 +- 00.000086)	[00.000063,00.001400]
04b_intensity_sampling  	    762	00.493991	(00.000648 +- 00.000092)	[00.000127,00.002206]
05_registration         	    762	02.435771	(00.003197 +- 00.000781)	[00.000690,00.013003]
06_map                  	    762	00.554349	(00.000727 +- 00.000127)	[00.000113,00.003099]
07_imu_opt              	    762	00.977075	(00.001282 +- 00.000235)	[00.000001,00.003969]
08_publish              	    762	06.018695	(00.007899 +- 00.000464)	[00.000514,00.024065]
step                    	    765	13.439795	(00.017568 +- 00.001338)	[00.003926,00.049405]

INFO  Timings:
SM Timing
-----------
00_conversion_livox     	    767	07.994617	(00.010423 +- 00.000594)	[00.008464,00.021490]
01_filter               	    766	00.206006	(00.000269 +- 00.000044)	[00.000114,00.002432]
02_preint               	    764	00.026293	(00.000034 +- 00.000004)	[00.000024,00.000075]
02a_intensity_preprocess	    766	01.837276	(00.002399 +- 00.000137)	[00.000791,00.006728]
03_undistortion         	    764	00.480648	(00.000629 +- 00.000143)	[00.000134,00.003404]
04_sampling             	    763	00.346531	(00.000454 +- 00.000092)	[00.000063,00.001400]
04b_intensity_sampling  	    763	00.494824	(00.000649 +- 00.000093)	[00.000127,00.002206]
05_registration         	    763	02.439564	(00.003197 +- 00.000789)	[00.000690,00.013003]
06_map                  	    763	00.555499	(00.000728 +- 00.000128)	[00.000113,00.003099]
07_imu_opt              	    763	00.978531	(00.001282 +- 00.000235)	[00.000001,00.003969]
08_publish              	    763	06.030465	(00.007904 +- 00.000465)	[00.000514,00.024065]
step                    	    766	13.464353	(00.017577 +- 00.001342)	[00.003926,00.049405]

INFO  Timings:
SM Timing
-----------
00_conversion_livox     	    768	08.004182	(00.010422 +- 00.000601)	[00.008464,00.021490]
01_filter               	    767	00.206342	(00.000269 +- 00.000044)	[00.000114,00.002432]
02_preint               	    765	00.026333	(00.000034 +- 00.000004)	[00.000024,00.000075]
02a_intensity_preprocess	    767	01.840433	(00.002400 +- 00.000136)	[00.000791,00.006728]
03_undistortion         	    765	00.481563	(00.000629 +- 00.000142)	[00.000134,00.003404]
04_sampling             	    764	00.347202	(00.000454 +- 00.000092)	[00.000063,00.001400]
04b_intensity_sampling  	    764	00.495513	(00.000649 +- 00.000093)	[00.000127,00.002206]
05_registration         	    764	02.444695	(00.003200 +- 00.000791)	[00.000690,00.013003]
06_map                  	    764	00.556515	(00.000728 +- 00.000125)	[00.000113,00.003099]
07_imu_opt              	    764	00.979882	(00.001283 +- 00.000230)	[00.000001,00.003969]
08_publish              	    764	06.042382	(00.007909 +- 00.000460)	[00.000514,00.024065]
step                    	    767	13.489638	(00.017588 +- 00.001339)	[00.003926,00.049405]

INFO  Timings:
SM Timing
-----------
00_conversion_livox     	    769	08.013733	(00.010421 +- 00.000606)	[00.008464,00.021490]
01_filter               	    768	00.206717	(00.000269 +- 00.000041)	[00.000114,00.002432]
02_preint               	    766	00.026376	(00.000034 +- 00.000004)	[00.000024,00.000075]
02a_intensity_preprocess	    768	01.843641	(00.002401 +- 00.000136)	[00.000791,00.006728]
03_undistortion         	    766	00.482563	(00.000630 +- 00.000142)	[00.000134,00.003404]
04_sampling             	    765	00.347823	(00.000455 +- 00.000092)	[00.000063,00.001400]
04b_intensity_sampling  	    765	00.496248	(00.000649 +- 00.000091)	[00.000127,00.002206]
05_registration         	    765	02.448102	(00.003200 +- 00.000794)	[00.000690,00.013003]
06_map                  	    765	00.557572	(00.000729 +- 00.000125)	[00.000113,00.003099]
07_imu_opt              	    765	00.981454	(00.001283 +- 00.000230)	[00.000001,00.003969]
08_publish              	    765	06.054252	(00.007914 +- 00.000451)	[00.000514,00.024065]
step                    	    768	13.513615	(00.017596 +- 00.001321)	[00.003926,00.049405]

INFO  Timings:
SM Timing
-----------
00_conversion_livox     	    770	08.023383	(00.010420 +- 00.000606)	[00.008464,00.021490]
01_filter               	    769	00.207078	(00.000269 +- 00.000041)	[00.000114,00.002432]
02_preint               	    767	00.026419	(00.000034 +- 00.000004)	[00.000024,00.000075]
02a_intensity_preprocess	    769	01.846875	(00.002402 +- 00.000134)	[00.000791,00.006728]
03_undistortion         	    767	00.483469	(00.000630 +- 00.000142)	[00.000134,00.003404]
04_sampling             	    766	00.348454	(00.000455 +- 00.000089)	[00.000063,00.001400]
04b_intensity_sampling  	    766	00.497010	(00.000649 +- 00.000091)	[00.000127,00.002206]
05_registration         	    766	02.452384	(00.003202 +- 00.000756)	[00.000690,00.013003]
06_map                  	    766	00.558522	(00.000729 +- 00.000124)	[00.000113,00.003099]
07_imu_opt              	    766	00.982913	(00.001283 +- 00.000230)	[00.000001,00.003969]
08_publish              	    766	06.065888	(00.007919 +- 00.000443)	[00.000514,00.024065]
step                    	    769	13.537981	(00.017605 +- 00.001323)	[00.003926,00.049405]

INFO  Timings:
SM Timing
-----------
00_conversion_livox     	    771	08.033040	(00.010419 +- 00.000606)	[00.008464,00.021490]
01_filter               	    770	00.207450	(00.000269 +- 00.000041)	[00.000114,00.002432]
02_preint               	    768	00.026459	(00.000034 +- 00.000004)	[00.000024,00.000075]
02a_intensity_preprocess	    770	01.849979	(00.002403 +- 00.000135)	[00.000791,00.006728]
03_undistortion         	    768	00.484243	(00.000631 +- 00.000143)	[00.000134,00.003404]
04_sampling             	    767	00.349021	(00.000455 +- 00.000091)	[00.000063,00.001400]
04b_intensity_sampling  	    767	00.497623	(00.000649 +- 00.000093)	[00.000127,00.002206]
05_registration         	    767	02.456442	(00.003203 +- 00.000760)	[00.000690,00.013003]
06_map                  	    767	00.559436	(00.000729 +- 00.000124)	[00.000113,00.003099]
07_imu_opt              	    767	00.984329	(00.001283 +- 00.000230)	[00.000001,00.003969]
08_publish              	    767	06.077661	(00.007924 +- 00.000433)	[00.000514,00.024065]
step                    	    770	13.561671	(00.017613 +- 00.001330)	[00.003926,00.049405]

INFO  Timings:
SM Timing
-----------
00_conversion_livox     	    772	08.043248	(00.010419 +- 00.000603)	[00.008464,00.021490]
01_filter               	    771	00.207738	(00.000269 +- 00.000042)	[00.000114,00.002432]
02_preint               	    769	00.026494	(00.000034 +- 00.000004)	[00.000024,00.000075]
02a_intensity_preprocess	    771	01.853013	(00.002403 +- 00.000137)	[00.000791,00.006728]
03_undistortion         	    769	00.485076	(00.000631 +- 00.000143)	[00.000134,00.003404]
04_sampling             	    768	00.349581	(00.000455 +- 00.000093)	[00.000063,00.001400]
04b_intensity_sampling  	    768	00.498239	(00.000649 +- 00.000095)	[00.000127,00.002206]
05_registration         	    768	02.460536	(00.003204 +- 00.000753)	[00.000690,00.013003]
06_map                  	    768	00.560451	(00.000730 +- 00.000122)	[00.000113,00.003099]
07_imu_opt              	    768	00.985932	(00.001284 +- 00.000230)	[00.000001,00.003969]
08_publish              	    768	06.089084	(00.007928 +- 00.000427)	[00.000514,00.024065]
step                    	    771	13.585238	(00.017620 +- 00.001316)	[00.003926,00.049405]

INFO  Timings:
SM Timing
-----------
00_conversion_livox     	    773	08.052870	(00.010418 +- 00.000608)	[00.008464,00.021490]
01_filter               	    772	00.208030	(00.000269 +- 00.000043)	[00.000114,00.002432]
02_preint               	    770	00.026527	(00.000034 +- 00.000004)	[00.000024,00.000075]
02a_intensity_preprocess	    772	01.856024	(00.002404 +- 00.000139)	[00.000791,00.006728]
03_undistortion         	    770	00.485871	(00.000631 +- 00.000144)	[00.000134,00.003404]
04_sampling             	    769	00.350177	(00.000455 +- 00.000087)	[00.000063,00.001400]
04b_intensity_sampling  	    769	00.498901	(00.000649 +- 00.000095)	[00.000127,00.002206]
05_registration         	    769	02.465531	(00.003206 +- 00.000742)	[00.000690,00.013003]
06_map                  	    769	00.561487	(00.000730 +- 00.000094)	[00.000113,00.003099]
07_imu_opt              	    769	00.988188	(00.001285 +- 00.000257)	[00.000001,00.003969]
08_publish              	    769	06.101210	(00.007934 +- 00.000427)	[00.000514,00.024065]
step                    	    772	13.611101	(00.017631 +- 00.001295)	[00.003926,00.049405]

INFO  Timings:
SM Timing
-----------
00_conversion_livox     	    774	08.063409	(00.010418 +- 00.000596)	[00.008464,00.021490]
01_filter               	    773	00.208371	(00.000270 +- 00.000041)	[00.000114,00.002432]
02_preint               	    771	00.026562	(00.000034 +- 00.000004)	[00.000024,00.000075]
02a_intensity_preprocess	    773	01.859253	(00.002405 +- 00.000139)	[00.000791,00.006728]
03_undistortion         	    771	00.486800	(00.000631 +- 00.000144)	[00.000134,00.003404]
04_sampling             	    770	00.350809	(00.000456 +- 00.000088)	[00.000063,00.001400]
04b_intensity_sampling  	    770	00.499664	(00.000649 +- 00.000095)	[00.000127,00.002206]
05_registration         	    770	02.469460	(00.003207 +- 00.000745)	[00.000690,00.013003]
06_map                  	    770	00.562522	(00.000731 +- 00.000087)	[00.000113,00.003099]
07_imu_opt              	    770	00.989640	(00.001285 +- 00.000254)	[00.000001,00.003969]
08_publish              	    770	06.113437	(00.007940 +- 00.000427)	[00.000514,00.024065]
step                    	    773	13.635755	(00.017640 +- 00.001292)	[00.003926,00.049405]

INFO  Timings:
SM Timing
-----------
00_conversion_livox     	    775	08.073325	(00.010417 +- 00.000596)	[00.008464,00.021490]
01_filter               	    774	00.208777	(00.000270 +- 00.000041)	[00.000114,00.002432]
02_preint               	    772	00.026605	(00.000034 +- 00.000004)	[00.000024,00.000075]
02a_intensity_preprocess	    774	01.862410	(00.002406 +- 00.000138)	[00.000791,00.006728]
03_undistortion         	    772	00.487641	(00.000632 +- 00.000141)	[00.000134,00.003404]
04_sampling             	    771	00.351500	(00.000456 +- 00.000088)	[00.000063,00.001400]
04b_intensity_sampling  	    771	00.500418	(00.000649 +- 00.000094)	[00.000127,00.002206]
05_registration         	    771	02.473175	(00.003208 +- 00.000743)	[00.000690,00.013003]
06_map                  	    771	00.563624	(00.000731 +- 00.000088)	[00.000113,00.003099]
07_imu_opt              	    771	00.991155	(00.001286 +- 00.000253)	[00.000001,00.003969]
08_publish              	    771	06.125600	(00.007945 +- 00.000417)	[00.000514,00.024065]
step                    	    774	13.660244	(00.017649 +- 00.001275)	[00.003926,00.049405]

INFO  Timings:
SM Timing
-----------
00_conversion_livox     	    776	08.083618	(00.010417 +- 00.000596)	[00.008464,00.021490]
01_filter               	    775	00.209112	(00.000270 +- 00.000041)	[00.000114,00.002432]
02_preint               	    773	00.026642	(00.000034 +- 00.000004)	[00.000024,00.000075]
02a_intensity_preprocess	    775	01.865406	(00.002407 +- 00.000139)	[00.000791,00.006728]
03_undistortion         	    773	00.488451	(00.000632 +- 00.000140)	[00.000134,00.003404]
04_sampling             	    772	00.352173	(00.000456 +- 00.000088)	[00.000063,00.001400]
04b_intensity_sampling  	    772	00.501173	(00.000649 +- 00.000094)	[00.000127,00.002206]
05_registration         	    772	02.476996	(00.003209 +- 00.000750)	[00.000690,00.013003]
06_map                  	    772	00.564626	(00.000731 +- 00.000087)	[00.000113,00.003099]
07_imu_opt              	    772	00.992344	(00.001285 +- 00.000254)	[00.000001,00.003969]
08_publish              	    772	06.137079	(00.007950 +- 00.000409)	[00.000514,00.024065]
step                    	    775	13.683419	(00.017656 +- 00.001294)	[00.003926,00.049405]

INFO  Timings:
SM Timing
-----------
00_conversion_livox     	    777	08.093736	(00.010417 +- 00.000596)	[00.008464,00.021490]
01_filter               	    776	00.209453	(00.000270 +- 00.000036)	[00.000114,00.002432]
02_preint               	    774	00.026680	(00.000034 +- 00.000004)	[00.000024,00.000075]
02a_intensity_preprocess	    776	01.868404	(00.002408 +- 00.000142)	[00.000791,00.006728]
03_undistortion         	    774	00.489295	(00.000632 +- 00.000141)	[00.000134,00.003404]
04_sampling             	    773	00.352921	(00.000457 +- 00.000088)	[00.000063,00.001400]
04b_intensity_sampling  	    773	00.501922	(00.000649 +- 00.000094)	[00.000127,00.002206]
05_registration         	    773	02.481473	(00.003210 +- 00.000744)	[00.000690,00.013003]
06_map                  	    773	00.565537	(00.000732 +- 00.000088)	[00.000113,00.003099]
07_imu_opt              	    773	00.993555	(00.001285 +- 00.000254)	[00.000001,00.003969]
08_publish              	    773	06.148909	(00.007955 +- 00.000395)	[00.000514,00.024065]
step                    	    776	13.707639	(00.017664 +- 00.001275)	[00.003926,00.049405]

INFO  Timings:
SM Timing
-----------
00_conversion_livox     	    778	08.103832	(00.010416 +- 00.000596)	[00.008464,00.021490]
01_filter               	    777	00.209788	(00.000270 +- 00.000035)	[00.000114,00.002432]
02_preint               	    775	00.026713	(00.000034 +- 00.000004)	[00.000024,00.000075]
02a_intensity_preprocess	    777	01.871409	(00.002409 +- 00.000143)	[00.000791,00.006728]
03_undistortion         	    775	00.490071	(00.000632 +- 00.000141)	[00.000134,00.003404]
04_sampling             	    774	00.353572	(00.000457 +- 00.000088)	[00.000063,00.001400]
04b_intensity_sampling  	    774	00.502581	(00.000649 +- 00.000094)	[00.000127,00.002206]
05_registration         	    774	02.485873	(00.003212 +- 00.000744)	[00.000690,00.013003]
06_map                  	    774	00.566432	(00.000732 +- 00.000090)	[00.000113,00.003099]
07_imu_opt              	    774	00.994883	(00.001285 +- 00.000253)	[00.000001,00.003969]
08_publish              	    774	06.160545	(00.007959 +- 00.000397)	[00.000514,00.024065]
step                    	    777	13.731417	(00.017672 +- 00.001283)	[00.003926,00.049405]

INFO  Timings:
SM Timing
-----------
00_conversion_livox     	    779	08.113972	(00.010416 +- 00.000595)	[00.008464,00.021490]
01_filter               	    778	00.210144	(00.000270 +- 00.000035)	[00.000114,00.002432]
02_preint               	    776	00.026750	(00.000034 +- 00.000004)	[00.000024,00.000075]
02a_intensity_preprocess	    778	01.874358	(00.002409 +- 00.000148)	[00.000791,00.006728]
03_undistortion         	    776	00.490880	(00.000633 +- 00.000142)	[00.000134,00.003404]
04_sampling             	    775	00.354162	(00.000457 +- 00.000089)	[00.000063,00.001400]
04b_intensity_sampling  	    775	00.503281	(00.000649 +- 00.000095)	[00.000127,00.002206]
05_registration         	    775	02.490448	(00.003213 +- 00.000744)	[00.000690,00.013003]
06_map                  	    775	00.567429	(00.000732 +- 00.000090)	[00.000113,00.003099]
07_imu_opt              	    775	00.996043	(00.001285 +- 00.000256)	[00.000001,00.003969]
08_publish              	    775	06.171941	(00.007964 +- 00.000409)	[00.000514,00.024065]
step                    	    778	13.755061	(00.017680 +- 00.001299)	[00.003926,00.049405]

INFO  Timings:
SM Timing
-----------
00_conversion_livox     	    780	08.123866	(00.010415 +- 00.000596)	[00.008464,00.021490]
01_filter               	    779	00.210471	(00.000270 +- 00.000035)	[00.000114,00.002432]
02_preint               	    777	00.026784	(00.000034 +- 00.000004)	[00.000024,00.000075]
02a_intensity_preprocess	    779	01.877320	(00.002410 +- 00.000152)	[00.000791,00.006728]
03_undistortion         	    777	00.491691	(00.000633 +- 00.000142)	[00.000134,00.003404]
04_sampling             	    776	00.354777	(00.000457 +- 00.000089)	[00.000063,00.001400]
04b_intensity_sampling  	    776	00.504012	(00.000649 +- 00.000095)	[00.000127,00.002206]
05_registration         	    776	02.494187	(00.003214 +- 00.000751)	[00.000690,00.013003]
06_map                  	    776	00.568524	(00.000733 +- 00.000090)	[00.000113,00.003099]
07_imu_opt              	    776	00.997213	(00.001285 +- 00.000258)	[00.000001,00.003969]
08_publish              	    776	06.183173	(00.007968 +- 00.000426)	[00.000514,00.024065]
step                    	    779	13.777879	(00.017687 +- 00.001340)	[00.003926,00.049405]

INFO  Timings:
SM Timing
-----------
00_conversion_livox     	    781	08.133830	(00.010415 +- 00.000595)	[00.008464,00.021490]
01_filter               	    780	00.210813	(00.000270 +- 00.000035)	[00.000114,00.002432]
02_preint               	    778	00.026822	(00.000034 +- 00.000004)	[00.000024,00.000075]
02a_intensity_preprocess	    780	01.880298	(00.002411 +- 00.000155)	[00.000791,00.006728]
03_undistortion         	    778	00.492536	(00.000633 +- 00.000142)	[00.000134,00.003404]
04_sampling             	    777	00.355430	(00.000457 +- 00.000089)	[00.000063,00.001400]
04b_intensity_sampling  	    777	00.504710	(00.000650 +- 00.000095)	[00.000127,00.002206]
05_registration         	    777	02.498411	(00.003215 +- 00.000740)	[00.000690,00.013003]
06_map                  	    777	00.569462	(00.000733 +- 00.000091)	[00.000113,00.003099]
07_imu_opt              	    777	00.998538	(00.001285 +- 00.000258)	[00.000001,00.003969]
08_publish              	    777	06.194500	(00.007972 +- 00.000439)	[00.000514,00.024065]
step                    	    780	13.801324	(00.017694 +- 00.001351)	[00.003926,00.049405]

INFO  Timings:
SM Timing
-----------
00_conversion_livox     	    782	08.143755	(00.010414 +- 00.000593)	[00.008464,00.021490]
01_filter               	    781	00.211116	(00.000270 +- 00.000036)	[00.000114,00.002432]
02_preint               	    779	00.026856	(00.000034 +- 00.000003)	[00.000024,00.000075]
02a_intensity_preprocess	    781	01.883293	(00.002411 +- 00.000155)	[00.000791,00.006728]
03_undistortion         	    779	00.493310	(00.000633 +- 00.000143)	[00.000134,00.003404]
04_sampling             	    778	00.356039	(00.000458 +- 00.000088)	[00.000063,00.001400]
04b_intensity_sampling  	    778	00.505409	(00.000650 +- 00.000095)	[00.000127,00.002206]
05_registration         	    778	02.501741	(00.003216 +- 00.000758)	[00.000690,00.013003]
06_map                  	    778	00.570473	(00.000733 +- 00.000091)	[00.000113,00.003099]
07_imu_opt              	    778	00.999691	(00.001285 +- 00.000261)	[00.000001,00.003969]
08_publish              	    778	06.205792	(00.007977 +- 00.000442)	[00.000514,00.024065]
step                    	    781	13.823601	(00.017700 +- 00.001403)	[00.003926,00.049405]

INFO  Timings:
SM Timing
-----------
00_conversion_livox     	    783	08.153104	(00.010413 +- 00.000596)	[00.008464,00.021490]
01_filter               	    782	00.211457	(00.000270 +- 00.000036)	[00.000114,00.002432]
02_preint               	    780	00.026888	(00.000034 +- 00.000003)	[00.000024,00.000075]
02a_intensity_preprocess	    782	01.886229	(00.002412 +- 00.000156)	[00.000791,00.006728]
03_undistortion         	    780	00.494301	(00.000634 +- 00.000144)	[00.000134,00.003404]
04_sampling             	    779	00.356774	(00.000458 +- 00.000085)	[00.000063,00.001400]
04b_intensity_sampling  	    779	00.506104	(00.000650 +- 00.000094)	[00.000127,00.002206]
05_registration         	    779	02.506512	(00.003218 +- 00.000736)	[00.000690,00.013003]
06_map                  	    779	00.571584	(00.000734 +- 00.000090)	[00.000113,00.003099]
07_imu_opt              	    779	01.000898	(00.001285 +- 00.000256)	[00.000001,00.003969]
08_publish              	    779	06.217510	(00.007981 +- 00.000435)	[00.000514,00.024065]
step                    	    782	13.848192	(00.017709 +- 00.001357)	[00.003926,00.049405]

INFO  Timings:
SM Timing
-----------
00_conversion_livox     	    784	08.163458	(00.010413 +- 00.000589)	[00.008464,00.021490]
01_filter               	    783	00.211768	(00.000270 +- 00.000036)	[00.000114,00.002432]
02_preint               	    781	00.026925	(00.000034 +- 00.000003)	[00.000024,00.000075]
02a_intensity_preprocess	    783	01.889278	(00.002413 +- 00.000157)	[00.000791,00.006728]
03_undistortion         	    781	00.495183	(00.000634 +- 00.000142)	[00.000134,00.003404]
04_sampling             	    780	00.357408	(00.000458 +- 00.000085)	[00.000063,00.001400]
04b_intensity_sampling  	    780	00.506795	(00.000650 +- 00.000094)	[00.000127,00.002206]
05_registration         	    780	02.510091	(00.003218 +- 00.000747)	[00.000690,00.013003]
06_map                  	    780	00.572556	(00.000734 +- 00.000090)	[00.000113,00.003099]
07_imu_opt              	    780	01.002382	(00.001285 +- 00.000256)	[00.000001,00.003969]
08_publish              	    780	06.229220	(00.007986 +- 00.000435)	[00.000514,00.024065]
step                    	    783	13.871620	(00.017716 +- 00.001374)	[00.003926,00.049405]

INFO  Timings:
SM Timing
-----------
00_conversion_livox     	    785	08.175228	(00.010414 +- 00.000634)	[00.008464,00.021490]
01_filter               	    784	00.212150	(00.000271 +- 00.000036)	[00.000114,00.002432]
02_preint               	    782	00.026964	(00.000034 +- 00.000003)	[00.000024,00.000075]
02a_intensity_preprocess	    784	01.892335	(00.002414 +- 00.000157)	[00.000791,00.006728]
03_undistortion         	    782	00.496048	(00.000634 +- 00.000142)	[00.000134,00.003404]
04_sampling             	    781	00.358088	(00.000458 +- 00.000085)	[00.000063,00.001400]
04b_intensity_sampling  	    781	00.507562	(00.000650 +- 00.000094)	[00.000127,00.002206]
05_registration         	    781	02.514441	(00.003220 +- 00.000747)	[00.000690,00.013003]
06_map                  	    781	00.573449	(00.000734 +- 00.000091)	[00.000113,00.003099]
07_imu_opt              	    781	01.003584	(00.001285 +- 00.000255)	[00.000001,00.003969]
08_publish              	    781	06.240765	(00.007991 +- 00.000440)	[00.000514,00.024065]
step                    	    784	13.895504	(00.017724 +- 00.001381)	[00.003926,00.049405]

INFO  Timings:
SM Timing
-----------
00_conversion_livox     	    786	08.184863	(00.010413 +- 00.000637)	[00.008464,00.021490]
01_filter               	    785	00.212491	(00.000271 +- 00.000036)	[00.000114,00.002432]
02_preint               	    783	00.026998	(00.000034 +- 00.000003)	[00.000024,00.000075]
02a_intensity_preprocess	    785	01.895511	(00.002415 +- 00.000157)	[00.000791,00.006728]
03_undistortion         	    783	00.496877	(00.000635 +- 00.000142)	[00.000134,00.003404]
04_sampling             	    782	00.358717	(00.000459 +- 00.000085)	[00.000063,00.001400]
04b_intensity_sampling  	    782	00.508310	(00.000650 +- 00.000093)	[00.000127,00.002206]
05_registration         	    782	02.517809	(00.003220 +- 00.000762)	[00.000690,00.013003]
06_map                  	    782	00.574681	(00.000735 +- 00.000095)	[00.000113,00.003099]
07_imu_opt              	    782	01.005068	(00.001285 +- 00.000254)	[00.000001,00.003969]
08_publish              	    782	06.252921	(00.007996 +- 00.000433)	[00.000514,00.024065]
step                    	    785	13.919584	(00.017732 +- 00.001385)	[00.003926,00.049405]

INFO  Timings:
SM Timing
-----------
00_conversion_livox     	    787	08.194778	(00.010413 +- 00.000637)	[00.008464,00.021490]
01_filter               	    786	00.212860	(00.000271 +- 00.000036)	[00.000114,00.002432]
02_preint               	    784	00.027035	(00.000034 +- 00.000003)	[00.000024,00.000075]
02a_intensity_preprocess	    786	01.898667	(00.002416 +- 00.000157)	[00.000791,00.006728]
03_undistortion         	    784	00.497699	(00.000635 +- 00.000141)	[00.000134,00.003404]
04_sampling             	    783	00.359345	(00.000459 +- 00.000085)	[00.000063,00.001400]
04b_intensity_sampling  	    783	00.509070	(00.000650 +- 00.000092)	[00.000127,00.002206]
05_registration         	    783	02.522550	(00.003222 +- 00.000762)	[00.000690,00.013003]
06_map                  	    783	00.575705	(00.000735 +- 00.000094)	[00.000113,00.003099]
07_imu_opt              	    783	01.006365	(00.001285 +- 00.000254)	[00.000001,00.003969]
08_publish              	    783	06.265579	(00.008002 +- 00.000443)	[00.000514,00.024065]
step                    	    786	13.945154	(00.017742 +- 00.001388)	[00.003926,00.049405]

INFO  Timings:
SM Timing
-----------
00_conversion_livox     	    788	08.206079	(00.010414 +- 00.000659)	[00.008464,00.021490]
01_filter               	    787	00.213225	(00.000271 +- 00.000036)	[00.000114,00.002432]
02_preint               	    785	00.027075	(00.000034 +- 00.000003)	[00.000024,00.000075]
02a_intensity_preprocess	    787	01.901917	(00.002417 +- 00.000157)	[00.000791,00.006728]
03_undistortion         	    785	00.498698	(00.000635 +- 00.000141)	[00.000134,00.003404]
04_sampling             	    784	00.360098	(00.000459 +- 00.000085)	[00.000063,00.001400]
04b_intensity_sampling  	    784	00.509901	(00.000650 +- 00.000092)	[00.000127,00.002206]
05_registration         	    784	02.527417	(00.003224 +- 00.000765)	[00.000690,00.013003]
06_map                  	    784	00.576675	(00.000736 +- 00.000091)	[00.000113,00.003099]
07_imu_opt              	    784	01.007659	(00.001285 +- 00.000252)	[00.000001,00.003969]
08_publish              	    784	06.277979	(00.008008 +- 00.000445)	[00.000514,00.024065]
step                    	    787	13.970991	(00.017752 +- 00.001393)	[00.003926,00.049405]

INFO  Timings:
SM Timing
-----------
00_conversion_livox     	    789	08.217087	(00.010415 +- 00.000663)	[00.008464,00.021490]
01_filter               	    788	00.213511	(00.000271 +- 00.000037)	[00.000114,00.002432]
02_preint               	    786	00.027110	(00.000034 +- 00.000003)	[00.000024,00.000075]
02a_intensity_preprocess	    788	01.905059	(00.002418 +- 00.000157)	[00.000791,00.006728]
03_undistortion         	    786	00.499518	(00.000636 +- 00.000142)	[00.000134,00.003404]
04_sampling             	    785	00.360748	(00.000460 +- 00.000085)	[00.000063,00.001400]
04b_intensity_sampling  	    785	00.510690	(00.000651 +- 00.000092)	[00.000127,00.002206]
05_registration         	    785	02.531537	(00.003225 +- 00.000763)	[00.000690,00.013003]
06_map                  	    785	00.577610	(00.000736 +- 00.000090)	[00.000113,00.003099]
07_imu_opt              	    785	01.009055	(00.001285 +- 00.000249)	[00.000001,00.003969]
08_publish              	    785	06.289940	(00.008013 +- 00.000444)	[00.000514,00.024065]
step                    	    788	13.995201	(00.017760 +- 00.001391)	[00.003926,00.049405]

INFO  Timings:
SM Timing
-----------
00_conversion_livox     	    790	08.227407	(00.010414 +- 00.000663)	[00.008464,00.021490]
01_filter               	    789	00.213830	(00.000271 +- 00.000031)	[00.000114,00.002432]
02_preint               	    787	00.027141	(00.000034 +- 00.000003)	[00.000024,00.000075]
02a_intensity_preprocess	    789	01.908118	(00.002418 +- 00.000136)	[00.000791,00.006728]
03_undistortion         	    787	00.500406	(00.000636 +- 00.000135)	[00.000134,00.003404]
04_sampling             	    786	00.361357	(00.000460 +- 00.000086)	[00.000063,00.001400]
04b_intensity_sampling  	    786	00.511420	(00.000651 +- 00.000091)	[00.000127,00.002206]
05_registration         	    786	02.537413	(00.003228 +- 00.000781)	[00.000690,00.013003]
06_map                  	    786	00.578643	(00.000736 +- 00.000085)	[00.000113,00.003099]
07_imu_opt              	    786	01.010288	(00.001285 +- 00.000203)	[00.000001,00.003969]
08_publish              	    786	06.301937	(00.008018 +- 00.000443)	[00.000514,00.024065]
step                    	    789	14.021073	(00.017771 +- 00.001377)	[00.003926,00.049405]

INFO  Timings:
SM Timing
-----------
00_conversion_livox     	    791	08.237200	(00.010414 +- 00.000659)	[00.008464,00.021490]
01_filter               	    790	00.214189	(00.000271 +- 00.000031)	[00.000114,00.002432]
02_preint               	    788	00.027176	(00.000034 +- 00.000003)	[00.000024,00.000075]
02a_intensity_preprocess	    790	01.911301	(00.002419 +- 00.000134)	[00.000791,00.006728]
03_undistortion         	    788	00.501305	(00.000636 +- 00.000075)	[00.000134,00.003404]
04_sampling             	    787	00.361994	(00.000460 +- 00.000086)	[00.000063,00.001400]
04b_intensity_sampling  	    787	00.512158	(00.000651 +- 00.000083)	[00.000127,00.002206]
05_registration         	    787	02.541513	(00.003229 +- 00.000781)	[00.000690,00.013003]
06_map                  	    787	00.579562	(00.000736 +- 00.000086)	[00.000113,00.003099]
07_imu_opt              	    787	01.011526	(00.001285 +- 00.000204)	[00.000001,00.003969]
08_publish              	    787	06.313777	(00.008023 +- 00.000423)	[00.000514,00.024065]
step                    	    790	14.045103	(00.017779 +- 00.001335)	[00.003926,00.049405]

INFO  Timings:
SM Timing
-----------
00_conversion_livox     	    792	08.246952	(00.010413 +- 00.000638)	[00.008464,00.021490]
01_filter               	    791	00.214557	(00.000271 +- 00.000030)	[00.000114,00.002432]
02_preint               	    789	00.027211	(00.000034 +- 00.000003)	[00.000024,00.000075]
02a_intensity_preprocess	    791	01.914351	(00.002420 +- 00.000130)	[00.000791,00.006728]
03_undistortion         	    789	00.502096	(00.000636 +- 00.000075)	[00.000134,00.003404]
04_sampling             	    788	00.362584	(00.000460 +- 00.000087)	[00.000063,00.001400]
04b_intensity_sampling  	    788	00.512903	(00.000651 +- 00.000078)	[00.000127,00.002206]
05_registration         	    788	02.546047	(00.003231 +- 00.000781)	[00.000690,00.013003]
06_map                  	    788	00.580479	(00.000737 +- 00.000085)	[00.000113,00.003099]
07_imu_opt              	    788	01.012756	(00.001285 +- 00.000205)	[00.000001,00.003969]
08_publish              	    788	06.325459	(00.008027 +- 00.000418)	[00.000514,00.024065]
step                    	    791	14.069125	(00.017787 +- 00.001333)	[00.003926,00.049405]

INFO  Timings:
SM Timing
-----------
00_conversion_livox     	    793	08.257353	(00.010413 +- 00.000636)	[00.008464,00.021490]
01_filter               	    792	00.214945	(00.000271 +- 00.000031)	[00.000114,00.002432]
02_preint               	    790	00.027251	(00.000034 +- 00.000003)	[00.000024,00.000075]
02a_intensity_preprocess	    792	01.917391	(00.002421 +- 00.000129)	[00.000791,00.006728]
03_undistortion         	    790	00.502994	(00.000637 +- 00.000075)	[00.000134,00.003404]
04_sampling             	    789	00.363310	(00.000460 +- 00.000087)	[00.000063,00.001400]
04b_intensity_sampling  	    789	00.513787	(00.000651 +- 00.000080)	[00.000127,00.002206]
05_registration         	    789	02.551054	(00.003233 +- 00.000767)	[00.000690,00.013003]
06_map                  	    789	00.581526	(00.000737 +- 00.000081)	[00.000113,00.003099]
07_imu_opt              	    789	01.014099	(00.001285 +- 00.000204)	[00.000001,00.003969]
08_publish              	    789	06.337784	(00.008033 +- 00.000421)	[00.000514,00.024065]
step                    	    792	14.094890	(00.017797 +- 00.001331)	[00.003926,00.049405]

INFO  Timings:
SM Timing
-----------
00_conversion_livox     	    794	08.268122	(00.010413 +- 00.000643)	[00.008464,00.021490]
01_filter               	    793	00.215231	(00.000271 +- 00.000032)	[00.000114,00.002432]
02_preint               	    791	00.027289	(00.000034 +- 00.000003)	[00.000024,00.000075]
02a_intensity_preprocess	    793	01.920631	(00.002422 +- 00.000126)	[00.000791,00.006728]
03_undistortion         	    791	00.503766	(00.000637 +- 00.000077)	[00.000134,00.003404]
04_sampling             	    790	00.363958	(00.000461 +- 00.000087)	[00.000063,00.001400]
04b_intensity_sampling  	    790	00.514444	(00.000651 +- 00.000080)	[00.000127,00.002206]
05_registration         	    790	02.555262	(00.003235 +- 00.000766)	[00.000690,00.013003]
06_map                  	    790	00.582484	(00.000737 +- 00.000081)	[00.000113,00.003099]
07_imu_opt              	    790	01.015455	(00.001285 +- 00.000204)	[00.000001,00.003969]
08_publish              	    790	06.350672	(00.008039 +- 00.000435)	[00.000514,00.024065]
step                    	    793	14.120022	(00.017806 +- 00.001322)	[00.003926,00.049405]

INFO  Timings:
SM Timing
-----------
00_conversion_livox     	    795	08.278811	(00.010414 +- 00.000645)	[00.008464,00.021490]
01_filter               	    794	00.215546	(00.000271 +- 00.000032)	[00.000114,00.002432]
02_preint               	    792	00.027331	(00.000035 +- 00.000003)	[00.000024,00.000075]
02a_intensity_preprocess	    794	01.923860	(00.002423 +- 00.000124)	[00.000791,00.006728]
03_undistortion         	    792	00.504633	(00.000637 +- 00.000077)	[00.000134,00.003404]
04_sampling             	    791	00.364688	(00.000461 +- 00.000087)	[00.000063,00.001400]
04b_intensity_sampling  	    791	00.515159	(00.000651 +- 00.000080)	[00.000127,00.002206]
05_registration         	    791	02.561151	(00.003238 +- 00.000790)	[00.000690,00.013003]
06_map                  	    791	00.583574	(00.000738 +- 00.000082)	[00.000113,00.003099]
07_imu_opt              	    791	01.017059	(00.001286 +- 00.000200)	[00.000001,00.003969]
08_publish              	    791	06.363649	(00.008045 +- 00.000455)	[00.000514,00.024065]
step                    	    794	14.147579	(00.017818 +- 00.001372)	[00.003926,00.049405]

INFO  Timings:
SM Timing
-----------
00_conversion_livox     	    796	08.289923	(00.010414 +- 00.000659)	[00.008464,00.021490]
01_filter               	    795	00.215830	(00.000271 +- 00.000032)	[00.000114,00.002432]
02_preint               	    793	00.027370	(00.000035 +- 00.000003)	[00.000024,00.000075]
02a_intensity_preprocess	    795	01.927096	(00.002424 +- 00.000124)	[00.000791,00.006728]
03_undistortion         	    793	00.505709	(00.000638 +- 00.000081)	[00.000134,00.003404]
04_sampling             	    792	00.365605	(00.000462 +- 00.000093)	[00.000063,00.001400]
04b_intensity_sampling  	    792	00.515925	(00.000651 +- 00.000080)	[00.000127,00.002206]
05_registration         	    792	02.565980	(00.003240 +- 00.000787)	[00.000690,00.013003]
06_map                  	    792	00.584645	(00.000738 +- 00.000082)	[00.000113,00.003099]
07_imu_opt              	    792	01.018358	(00.001286 +- 00.000200)	[00.000001,00.003969]
08_publish              	    792	06.376427	(00.008051 +- 00.000468)	[00.000514,00.024065]
step                    	    795	14.173969	(00.017829 +- 00.001383)	[00.003926,00.049405]

INFO  Timings:
SM Timing
-----------
00_conversion_livox     	    797	08.300081	(00.010414 +- 00.000654)	[00.008464,00.021490]
01_filter               	    796	00.216197	(00.000272 +- 00.000032)	[00.000114,00.002432]
02_preint               	    794	00.027409	(00.000035 +- 00.000003)	[00.000024,00.000075]
02a_intensity_preprocess	    796	01.930430	(00.002425 +- 00.000127)	[00.000791,00.006728]
03_undistortion         	    794	00.506518	(00.000638 +- 00.000080)	[00.000134,00.003404]
04_sampling             	    793	00.366229	(00.000462 +- 00.000093)	[00.000063,00.001400]
04b_intensity_sampling  	    793	00.516675	(00.000652 +- 00.000080)	[00.000127,00.002206]
05_registration         	    793	02.571442	(00.003243 +- 00.000746)	[00.000690,00.013003]
06_map                  	    793	00.585647	(00.000739 +- 00.000081)	[00.000113,00.003099]
07_imu_opt              	    793	01.019723	(00.001286 +- 00.000199)	[00.000001,00.003969]
08_publish              	    793	06.389132	(00.008057 +- 00.000475)	[00.000514,00.024065]
step                    	    796	14.200520	(00.017840 +- 00.001362)	[00.003926,00.049405]

INFO  Timings:
SM Timing
-----------
00_conversion_livox     	    798	08.310903	(00.010415 +- 00.000661)	[00.008464,00.021490]
01_filter               	    797	00.216554	(00.000272 +- 00.000032)	[00.000114,00.002432]
02_preint               	    795	00.027446	(00.000035 +- 00.000003)	[00.000024,00.000075]
02a_intensity_preprocess	    797	01.933696	(00.002426 +- 00.000127)	[00.000791,00.006728]
03_undistortion         	    795	00.507416	(00.000638 +- 00.000080)	[00.000134,00.003404]
04_sampling             	    794	00.366879	(00.000462 +- 00.000093)	[00.000063,00.001400]
04b_intensity_sampling  	    794	00.517396	(00.000652 +- 00.000080)	[00.000127,00.002206]
05_registration         	    794	02.576553	(00.003245 +- 00.000739)	[00.000690,00.013003]
06_map                  	    794	00.586668	(00.000739 +- 00.000081)	[00.000113,00.003099]
07_imu_opt              	    794	01.021066	(00.001286 +- 00.000199)	[00.000001,00.003969]
08_publish              	    794	06.401748	(00.008063 +- 00.000481)	[00.000514,00.024065]
step                    	    797	14.226594	(00.017850 +- 00.001360)	[00.003926,00.049405]

INFO  Timings:
SM Timing
-----------
00_conversion_livox     	    799	08.321547	(00.010415 +- 00.000660)	[00.008464,00.021490]
01_filter               	    798	00.216923	(00.000272 +- 00.000032)	[00.000114,00.002432]
02_preint               	    796	00.027484	(00.000035 +- 00.000003)	[00.000024,00.000075]
02a_intensity_preprocess	    798	01.936876	(00.002427 +- 00.000127)	[00.000791,00.006728]
03_undistortion         	    796	00.508285	(00.000639 +- 00.000080)	[00.000134,00.003404]
04_sampling             	    795	00.367602	(00.000462 +- 00.000092)	[00.000063,00.001400]
04b_intensity_sampling  	    795	00.518174	(00.000652 +- 00.000075)	[00.000127,00.002206]
05_registration         	    795	02.585497	(00.003252 +- 00.000956)	[00.000690,00.013003]
06_map                  	    795	00.587722	(00.000739 +- 00.000081)	[00.000113,00.003099]
07_imu_opt              	    795	01.022434	(00.001286 +- 00.000196)	[00.000001,00.003969]
08_publish              	    795	06.414746	(00.008069 +- 00.000491)	[00.000514,00.024065]
step                    	    798	14.256996	(00.017866 +- 00.001534)	[00.003926,00.049405]

INFO  Timings:
SM Timing
-----------
00_conversion_livox     	    800	08.332819	(00.010416 +- 00.000667)	[00.008464,00.021490]
01_filter               	    799	00.217287	(00.000272 +- 00.000032)	[00.000114,00.002432]
02_preint               	    797	00.027522	(00.000035 +- 00.000003)	[00.000024,00.000075]
02a_intensity_preprocess	    799	01.940229	(00.002428 +- 00.000128)	[00.000791,00.006728]
03_undistortion         	    797	00.509175	(00.000639 +- 00.000079)	[00.000134,00.003404]
04_sampling             	    796	00.368318	(00.000463 +- 00.000091)	[00.000063,00.001400]
04b_intensity_sampling  	    796	00.519018	(00.000652 +- 00.000076)	[00.000127,00.002206]
05_registration         	    796	02.589835	(00.003254 +- 00.000934)	[00.000690,00.013003]
06_map                  	    796	00.588707	(00.000740 +- 00.000081)	[00.000113,00.003099]
07_imu_opt              	    796	01.023728	(00.001286 +- 00.000196)	[00.000001,00.003969]
08_publish              	    796	06.427615	(00.008075 +- 00.000490)	[00.000514,00.024065]
step                    	    799	14.282774	(00.017876 +- 00.001504)	[00.003926,00.049405]

INFO  Timings:
SM Timing
-----------
00_conversion_livox     	    801	08.343980	(00.010417 +- 00.000672)	[00.008464,00.021490]
01_filter               	    800	00.217601	(00.000272 +- 00.000033)	[00.000114,00.002432]
02_preint               	    798	00.027562	(00.000035 +- 00.000003)	[00.000024,00.000075]
02a_intensity_preprocess	    800	01.943629	(00.002430 +- 00.000132)	[00.000791,00.006728]
03_undistortion         	    798	00.509997	(00.000639 +- 00.000080)	[00.000134,00.003404]
04_sampling             	    797	00.369176	(00.000463 +- 00.000094)	[00.000063,00.001400]
04b_intensity_sampling  	    797	00.519757	(00.000652 +- 00.000075)	[00.000127,00.002206]
05_registration         	    797	02.593837	(00.003255 +- 00.000935)	[00.000690,00.013003]
06_map                  	    797	00.589860	(00.000740 +- 00.000082)	[00.000113,00.003099]
07_imu_opt              	    797	01.025097	(00.001286 +- 00.000195)	[00.000001,00.003969]
08_publish              	    797	06.440557	(00.008081 +- 00.000497)	[00.000514,00.024065]
step                    	    800	14.308502	(00.017886 +- 00.001491)	[00.003926,00.049405]

INFO  Timings:
SM Timing
-----------
00_conversion_livox     	    802	08.355009	(00.010418 +- 00.000667)	[00.008464,00.021490]
01_filter               	    801	00.217978	(00.000272 +- 00.000033)	[00.000114,00.002432]
02_preint               	    799	00.027608	(00.000035 +- 00.000003)	[00.000024,00.000075]
02a_intensity_preprocess	    801	01.946861	(00.002431 +- 00.000133)	[00.000791,00.006728]
03_undistortion         	    799	00.510859	(00.000639 +- 00.000080)	[00.000134,00.003404]
04_sampling             	    798	00.370301	(00.000464 +- 00.000108)	[00.000063,00.001400]
04b_intensity_sampling  	    798	00.520766	(00.000653 +- 00.000083)	[00.000127,00.002206]
05_registration         	    798	02.598222	(00.003256 +- 00.000936)	[00.000690,00.013003]
06_map                  	    798	00.590869	(00.000740 +- 00.000080)	[00.000113,00.003099]
07_imu_opt              	    798	01.026741	(00.001287 +- 00.000198)	[00.000001,00.003969]
08_publish              	    798	06.453123	(00.008087 +- 00.000501)	[00.000514,00.024065]
step                    	    801	14.334838	(00.017896 +- 00.001500)	[00.003926,00.049405]

INFO  Timings:
SM Timing
-----------
00_conversion_livox     	    803	08.365776	(00.010418 +- 00.000662)	[00.008464,00.021490]
01_filter               	    802	00.218321	(00.000272 +- 00.000033)	[00.000114,00.002432]
02_preint               	    800	00.027649	(00.000035 +- 00.000003)	[00.000024,00.000075]
02a_intensity_preprocess	    802	01.950095	(00.002432 +- 00.000133)	[00.000791,00.006728]
03_undistortion         	    800	00.511676	(00.000640 +- 00.000080)	[00.000134,00.003404]
04_sampling             	    799	00.370979	(00.000464 +- 00.000108)	[00.000063,00.001400]
04b_intensity_sampling  	    799	00.521738	(00.000653 +- 00.000086)	[00.000127,00.002206]
05_registration         	    799	02.603153	(00.003258 +- 00.000934)	[00.000690,00.013003]
06_map                  	    799	00.591855	(00.000741 +- 00.000080)	[00.000113,00.003099]
07_imu_opt              	    799	01.028095	(00.001287 +- 00.000198)	[00.000001,00.003969]
08_publish              	    799	06.465176	(00.008092 +- 00.000501)	[00.000514,00.024065]
step                    	    802	14.360304	(00.017906 +- 00.001496)	[00.003926,00.049405]

INFO  Timings:
SM Timing
-----------
00_conversion_livox     	    804	08.376471	(00.010418 +- 00.000665)	[00.008464,00.021490]
01_filter               	    803	00.218658	(00.000272 +- 00.000031)	[00.000114,00.002432]
02_preint               	    801	00.027689	(00.000035 +- 00.000003)	[00.000024,00.000075]
02a_intensity_preprocess	    803	01.953324	(00.002433 +- 00.000132)	[00.000791,00.006728]
03_undistortion         	    801	00.512495	(00.000640 +- 00.000080)	[00.000134,00.003404]
04_sampling             	    800	00.371600	(00.000464 +- 00.000109)	[00.000063,00.001400]
04b_intensity_sampling  	    800	00.522451	(00.000653 +- 00.000086)	[00.000127,00.002206]
05_registration         	    800	02.606955	(00.003259 +- 00.000934)	[00.000690,00.013003]
06_map                  	    800	00.592812	(00.000741 +- 00.000079)	[00.000113,00.003099]
07_imu_opt              	    800	01.029431	(00.001287 +- 00.000198)	[00.000001,00.003969]
08_publish              	    800	06.477058	(00.008096 +- 00.000500)	[00.000514,00.024065]
step                    	    803	14.384118	(00.017913 +- 00.001497)	[00.003926,00.049405]

INFO  Timings:
SM Timing
-----------
00_conversion_livox     	    805	08.386749	(00.010418 +- 00.000665)	[00.008464,00.021490]
01_filter               	    804	00.218984	(00.000272 +- 00.000031)	[00.000114,00.002432]
02_preint               	    802	00.027726	(00.000035 +- 00.000003)	[00.000024,00.000075]
02a_intensity_preprocess	    804	01.956426	(00.002433 +- 00.000130)	[00.000791,00.006728]
03_undistortion         	    802	00.513384	(00.000640 +- 00.000080)	[00.000134,00.003404]
04_sampling             	    801	00.372231	(00.000465 +- 00.000109)	[00.000063,00.001400]
04b_intensity_sampling  	    801	00.523190	(00.000653 +- 00.000086)	[00.000127,00.002206]
05_registration         	    801	02.611167	(00.003260 +- 00.000935)	[00.000690,00.013003]
06_map                  	    801	00.593831	(00.000741 +- 00.000079)	[00.000113,00.003099]
07_imu_opt              	    801	01.030745	(00.001287 +- 00.000198)	[00.000001,00.003969]
08_publish              	    801	06.488797	(00.008101 +- 00.000498)	[00.000514,00.024065]
step                    	    804	14.408221	(00.017921 +- 00.001496)	[00.003926,00.049405]

INFO  Timings:
SM Timing
-----------
00_conversion_livox     	    806	08.396346	(00.010417 +- 00.000670)	[00.008464,00.021490]
01_filter               	    805	00.219406	(00.000273 +- 00.000032)	[00.000114,00.002432]
02_preint               	    803	00.027765	(00.000035 +- 00.000003)	[00.000024,00.000075]
02a_intensity_preprocess	    805	01.959572	(00.002434 +- 00.000125)	[00.000791,00.006728]
03_undistortion         	    803	00.514300	(00.000640 +- 00.000079)	[00.000134,00.003404]
04_sampling             	    802	00.372960	(00.000465 +- 00.000109)	[00.000063,00.001400]
04b_intensity_sampling  	    802	00.523962	(00.000653 +- 00.000086)	[00.000127,00.002206]
05_registration         	    802	02.616445	(00.003262 +- 00.000932)	[00.000690,00.013003]
06_map                  	    802	00.594980	(00.000742 +- 00.000078)	[00.000113,00.003099]
07_imu_opt              	    802	01.032098	(00.001287 +- 00.000195)	[00.000001,00.003969]
08_publish              	    802	06.501231	(00.008106 +- 00.000490)	[00.000514,00.024065]
step                    	    805	14.434544	(00.017931 +- 00.001465)	[00.003926,00.049405]

INFO  Timings:
SM Timing
-----------
00_conversion_livox     	    807	08.406771	(00.010417 +- 00.000641)	[00.008464,00.021490]
01_filter               	    806	00.219753	(00.000273 +- 00.000032)	[00.000114,00.002432]
02_preint               	    804	00.027808	(00.000035 +- 00.000003)	[00.000024,00.000075]
02a_intensity_preprocess	    806	01.962678	(00.002435 +- 00.000124)	[00.000791,00.006728]
03_undistortion         	    804	00.515360	(00.000641 +- 00.000083)	[00.000134,00.003404]
04_sampling             	    803	00.373711	(00.000465 +- 00.000109)	[00.000063,00.001400]
04b_intensity_sampling  	    803	00.524798	(00.000654 +- 00.000086)	[00.000127,00.002206]
05_registration         	    803	02.620415	(00.003263 +- 00.000931)	[00.000690,00.013003]
06_map                  	    803	00.595928	(00.000742 +- 00.000079)	[00.000113,00.003099]
07_imu_opt              	    803	01.033459	(00.001287 +- 00.000194)	[00.000001,00.003969]
08_publish              	    803	06.513333	(00.008111 +- 00.000485)	[00.000514,00.024065]
step                    	    806	14.459162	(00.017939 +- 00.001455)	[00.003926,00.049405]

INFO  Timings:
SM Timing
-----------
00_conversion_livox     	    808	08.416405	(00.010416 +- 00.000635)	[00.008464,00.021490]
01_filter               	    807	00.220144	(00.000273 +- 00.000033)	[00.000114,00.002432]
02_preint               	    805	00.027849	(00.000035 +- 00.000003)	[00.000024,00.000075]
02a_intensity_preprocess	    807	01.965863	(00.002436 +- 00.000124)	[00.000791,00.006728]
03_undistortion         	    805	00.516312	(00.000641 +- 00.000084)	[00.000134,00.003404]
04_sampling             	    804	00.374416	(00.000466 +- 00.000108)	[00.000063,00.001400]
04b_intensity_sampling  	    804	00.525571	(00.000654 +- 00.000086)	[00.000127,00.002206]
05_registration         	    804	02.624503	(00.003264 +- 00.000934)	[00.000690,00.013003]
06_map                  	    804	00.597037	(00.000743 +- 00.000079)	[00.000113,00.003099]
07_imu_opt              	    804	01.034803	(00.001287 +- 00.000194)	[00.000001,00.003969]
08_publish              	    804	06.525234	(00.008116 +- 00.000485)	[00.000514,00.024065]
step                    	    807	14.483706	(00.017948 +- 00.001457)	[00.003926,00.049405]

INFO  Timings:
SM Timing
-----------
00_conversion_livox     	    809	08.426136	(00.010415 +- 00.000636)	[00.008464,00.021490]
01_filter               	    808	00.220532	(00.000273 +- 00.000033)	[00.000114,00.002432]
02_preint               	    806	00.027892	(00.000035 +- 00.000003)	[00.000024,00.000075]
02a_intensity_preprocess	    808	01.968930	(00.002437 +- 00.000122)	[00.000791,00.006728]
03_undistortion         	    806	00.517225	(00.000642 +- 00.000083)	[00.000134,00.003404]
04_sampling             	    805	00.375214	(00.000466 +- 00.000109)	[00.000063,00.001400]
04b_intensity_sampling  	    805	00.526278	(00.000654 +- 00.000079)	[00.000127,00.002206]
05_registration         	    805	02.628578	(00.003265 +- 00.000916)	[00.000690,00.013003]
06_map                  	    805	00.597981	(00.000743 +- 00.000079)	[00.000113,00.003099]
07_imu_opt              	    805	01.036135	(00.001287 +- 00.000194)	[00.000001,00.003969]
08_publish              	    805	06.537043	(00.008121 +- 00.000478)	[00.000514,00.024065]
step                    	    808	14.507858	(00.017955 +- 00.001411)	[00.003926,00.049405]

INFO  Timings:
SM Timing
-----------
00_conversion_livox     	    810	08.436266	(00.010415 +- 00.000636)	[00.008464,00.021490]
01_filter               	    809	00.220888	(00.000273 +- 00.000033)	[00.000114,00.002432]
02_preint               	    807	00.027936	(00.000035 +- 00.000003)	[00.000024,00.000075]
02a_intensity_preprocess	    809	01.972087	(00.002438 +- 00.000117)	[00.000791,00.006728]
03_undistortion         	    807	00.518145	(00.000642 +- 00.000083)	[00.000134,00.003404]
04_sampling             	    806	00.375923	(00.000466 +- 00.000109)	[00.000063,00.001400]
04b_intensity_sampling  	    806	00.527098	(00.000654 +- 00.000080)	[00.000127,00.002206]
05_registration         	    806	02.633592	(00.003267 +- 00.000913)	[00.000690,00.013003]
06_map                  	    806	00.599021	(00.000743 +- 00.000078)	[00.000113,00.003099]
07_imu_opt              	    806	01.037511	(00.001287 +- 00.000183)	[00.000001,00.003969]
08_publish              	    806	06.549013	(00.008125 +- 00.000470)	[00.000514,00.024065]
step                    	    809	14.533351	(00.017965 +- 00.001410)	[00.003926,00.049405]

INFO  Timings:
SM Timing
-----------
00_conversion_livox     	    811	08.446532	(00.010415 +- 00.000547)	[00.008464,00.021490]
01_filter               	    810	00.221231	(00.000273 +- 00.000032)	[00.000114,00.002432]
02_preint               	    808	00.027979	(00.000035 +- 00.000003)	[00.000024,00.000075]
02a_intensity_preprocess	    810	01.975214	(00.002439 +- 00.000111)	[00.000791,00.006728]
03_undistortion         	    808	00.519068	(00.000642 +- 00.000082)	[00.000134,00.003404]
04_sampling             	    807	00.376780	(00.000467 +- 00.000110)	[00.000063,00.001400]
04b_intensity_sampling  	    807	00.527904	(00.000654 +- 00.000080)	[00.000127,00.002206]
05_registration         	    807	02.637567	(00.003268 +- 00.000910)	[00.000690,00.013003]
06_map                  	    807	00.600077	(00.000744 +- 00.000078)	[00.000113,00.003099]
07_imu_opt              	    807	01.038886	(00.001287 +- 00.000172)	[00.000001,00.003969]
08_publish              	    807	06.561067	(00.008130 +- 00.000464)	[00.000514,00.024065]
step                    	    810	14.557989	(00.017973 +- 00.001372)	[00.003926,00.049405]

INFO  Timings:
SM Timing
-----------
00_conversion_livox     	    812	08.456925	(00.010415 +- 00.000541)	[00.008464,00.021490]
01_filter               	    811	00.221585	(00.000273 +- 00.000031)	[00.000114,00.002432]
02_preint               	    809	00.028023	(00.000035 +- 00.000004)	[00.000024,00.000075]
02a_intensity_preprocess	    811	01.978519	(00.002440 +- 00.000110)	[00.000791,00.006728]
03_undistortion         	    809	00.519954	(00.000643 +- 00.000071)	[00.000134,00.003404]
04_sampling             	    808	00.377442	(00.000467 +- 00.000110)	[00.000063,00.001400]
04b_intensity_sampling  	    808	00.528623	(00.000654 +- 00.000079)	[00.000127,00.002206]
05_registration         	    808	02.643193	(00.003271 +- 00.000922)	[00.000690,00.013003]
06_map                  	    808	00.601079	(00.000744 +- 00.000078)	[00.000113,00.003099]
07_imu_opt              	    808	01.040275	(00.001287 +- 00.000172)	[00.000001,00.003969]
08_publish              	    808	06.573614	(00.008136 +- 00.000468)	[00.000514,00.024065]
step                    	    811	14.584629	(00.017984 +- 00.001387)	[00.003926,00.049405]

INFO  Timings:
SM Timing
-----------
00_conversion_livox     	    813	08.467831	(00.010416 +- 00.000548)	[00.008464,00.021490]
01_filter               	    812	00.221929	(00.000273 +- 00.000031)	[00.000114,00.002432]
02_preint               	    810	00.028073	(00.000035 +- 00.000004)	[00.000024,00.000075]
02a_intensity_preprocess	    812	01.981847	(00.002441 +- 00.000114)	[00.000791,00.006728]
03_undistortion         	    810	00.520727	(00.000643 +- 00.000072)	[00.000134,00.003404]
04_sampling             	    809	00.378239	(00.000468 +- 00.000111)	[00.000063,00.001400]
04b_intensity_sampling  	    809	00.529395	(00.000654 +- 00.000078)	[00.000127,00.002206]
05_registration         	    809	02.648252	(00.003273 +- 00.000924)	[00.000690,00.013003]
06_map                  	    809	00.602538	(00.000745 +- 00.000095)	[00.000113,00.003099]
07_imu_opt              	    809	01.041718	(00.001288 +- 00.000172)	[00.000001,00.003969]
08_publish              	    809	06.586815	(00.008142 +- 00.000493)	[00.000514,00.024065]
step                    	    812	14.611916	(00.017995 +- 00.001422)	[00.003926,00.049405]

INFO  Timings:
SM Timing
-----------
00_conversion_livox     	    814	08.478718	(00.010416 +- 00.000553)	[00.008464,00.021490]
01_filter               	    813	00.222238	(00.000273 +- 00.000031)	[00.000114,00.002432]
02_preint               	    811	00.028115	(00.000035 +- 00.000004)	[00.000024,00.000075]
02a_intensity_preprocess	    813	01.985235	(00.002442 +- 00.000117)	[00.000791,00.006728]
03_undistortion         	    811	00.521545	(00.000643 +- 00.000072)	[00.000134,00.003404]
04_sampling             	    810	00.378941	(00.000468 +- 00.000105)	[00.000063,00.001400]
04b_intensity_sampling  	    810	00.530258	(00.000655 +- 00.000079)	[00.000127,00.002206]
05_registration         	    810	02.652556	(00.003275 +- 00.000895)	[00.000690,00.013003]
06_map                  	    810	00.603647	(00.000745 +- 00.000096)	[00.000113,00.003099]
07_imu_opt              	    810	01.043156	(00.001288 +- 00.000172)	[00.000001,00.003969]
08_publish              	    810	06.599948	(00.008148 +- 00.000514)	[00.000514,00.024065]
step                    	    813	14.638117	(00.018005 +- 00.001408)	[00.003926,00.049405]

INFO  Timings:
SM Timing
-----------
00_conversion_livox     	    815	08.489854	(00.010417 +- 00.000565)	[00.008464,00.021490]
01_filter               	    814	00.222523	(00.000273 +- 00.000032)	[00.000114,00.002432]
02_preint               	    812	00.028163	(00.000035 +- 00.000004)	[00.000024,00.000075]
02a_intensity_preprocess	    814	01.988760	(00.002443 +- 00.000128)	[00.000791,00.006728]
03_undistortion         	    812	00.522332	(00.000643 +- 00.000072)	[00.000134,00.003404]
04_sampling             	    811	00.379625	(00.000468 +- 00.000104)	[00.000063,00.001400]
04b_intensity_sampling  	    811	00.531006	(00.000655 +- 00.000074)	[00.000127,00.002206]
05_registration         	    811	02.661018	(00.003281 +- 00.001039)	[00.000690,00.013003]
06_map                  	    811	00.604753	(00.000746 +- 00.000096)	[00.000113,00.003099]
07_imu_opt              	    811	01.044691	(00.001288 +- 00.000173)	[00.000001,00.003969]
08_publish              	    811	06.613888	(00.008155 +- 00.000575)	[00.000514,00.024065]
step                    	    814	14.669328	(00.018021 +- 00.001646)	[00.003926,00.049405]

INFO  Timings:
SM Timing
-----------
00_conversion_livox     	    816	08.501449	(00.010418 +- 00.000587)	[00.008464,00.021490]
01_filter               	    815	00.222859	(00.000273 +- 00.000032)	[00.000114,00.002432]
02_preint               	    813	00.028209	(00.000035 +- 00.000004)	[00.000024,00.000075]
02a_intensity_preprocess	    815	01.992311	(00.002445 +- 00.000139)	[00.000791,00.006728]
03_undistortion         	    813	00.523085	(00.000643 +- 00.000074)	[00.000134,00.003404]
04_sampling             	    812	00.380344	(00.000468 +- 00.000103)	[00.000063,00.001400]
04b_intensity_sampling  	    812	00.531782	(00.000655 +- 00.000074)	[00.000127,00.002206]
05_registration         	    812	02.665412	(00.003283 +- 00.001039)	[00.000690,00.013003]
06_map                  	    812	00.605813	(00.000746 +- 00.000096)	[00.000113,00.003099]
07_imu_opt              	    812	01.046226	(00.001288 +- 00.000172)	[00.000001,00.003969]
08_publish              	    812	06.627131	(00.008161 +- 00.000595)	[00.000514,00.024065]
step                    	    815	14.695832	(00.018032 +- 00.001657)	[00.003926,00.049405]

INFO  Timings:
SM Timing
-----------
00_conversion_livox     	    817	08.512760	(00.010420 +- 00.000602)	[00.008464,00.021490]
01_filter               	    816	00.223189	(00.000274 +- 00.000032)	[00.000114,00.002432]
02_preint               	    814	00.028253	(00.000035 +- 00.000004)	[00.000024,00.000075]
02a_intensity_preprocess	    816	01.995797	(00.002446 +- 00.000146)	[00.000791,00.006728]
03_undistortion         	    814	00.523868	(00.000644 +- 00.000074)	[00.000134,00.003404]
04_sampling             	    813	00.381000	(00.000469 +- 00.000097)	[00.000063,00.001400]
04b_intensity_sampling  	    813	00.532563	(00.000655 +- 00.000074)	[00.000127,00.002206]
05_registration         	    813	02.670998	(00.003285 +- 00.001041)	[00.000690,00.013003]
06_map                  	    813	00.606992	(00.000747 +- 00.000097)	[00.000113,00.003099]
07_imu_opt              	    813	01.047688	(00.001289 +- 00.000172)	[00.000001,00.003969]
08_publish              	    813	06.640948	(00.008168 +- 00.000635)	[00.000514,00.024065]
step                    	    816	14.724041	(00.018044 +- 00.001711)	[00.003926,00.049405]

INFO  Timings:
SM Timing
-----------
00_conversion_livox     	    818	08.524376	(00.010421 +- 00.000616)	[00.008464,00.021490]
01_filter               	    817	00.223510	(00.000274 +- 00.000032)	[00.000114,00.002432]
02_preint               	    815	00.028304	(00.000035 +- 00.000004)	[00.000024,00.000075]
02a_intensity_preprocess	    817	01.999450	(00.002447 +- 00.000161)	[00.000791,00.006728]
03_undistortion         	    815	00.524711	(00.000644 +- 00.000074)	[00.000134,00.003404]
04_sampling             	    814	00.381716	(00.000469 +- 00.000097)	[00.000063,00.001400]
04b_intensity_sampling  	    814	00.533373	(00.000655 +- 00.000073)	[00.000127,00.002206]
05_registration         	    814	02.676665	(00.003288 +- 00.001049)	[00.000690,00.013003]
06_map                  	    814	00.608143	(00.000747 +- 00.000099)	[00.000113,00.003099]
07_imu_opt              	    814	01.049209	(00.001289 +- 00.000173)	[00.000001,00.003969]
08_publish              	    814	06.654973	(00.008176 +- 00.000682)	[00.000514,00.024065]
step                    	    817	14.752893	(00.018057 +- 00.001786)	[00.003926,00.049405]

INFO  Timings:
SM Timing
-----------
00_conversion_livox     	    819	08.536248	(00.010423 +- 00.000637)	[00.008464,00.021490]
01_filter               	    818	00.223865	(00.000274 +- 00.000032)	[00.000114,00.002432]
02_preint               	    816	00.028351	(00.000035 +- 00.000005)	[00.000024,00.000075]
02a_intensity_preprocess	    818	02.003031	(00.002449 +- 00.000171)	[00.000791,00.006728]
03_undistortion         	    816	00.525555	(00.000644 +- 00.000071)	[00.000134,00.003404]
04_sampling             	    815	00.382510	(00.000469 +- 00.000097)	[00.000063,00.001400]
04b_intensity_sampling  	    815	00.534141	(00.000655 +- 00.000073)	[00.000127,00.002206]
05_registration         	    815	02.682115	(00.003291 +- 00.001040)	[00.000690,00.013003]
06_map                  	    815	00.609278	(00.000748 +- 00.000100)	[00.000113,00.003099]
07_imu_opt              	    815	01.050701	(00.001289 +- 00.000171)	[00.000001,00.003969]
08_publish              	    815	06.668570	(00.008182 +- 00.000705)	[00.000514,00.024065]
step                    	    818	14.781039	(00.018070 +- 00.001821)	[00.003926,00.049405]

INFO  Timings:
SM Timing
-----------
00_conversion_livox     	    820	08.547917	(00.010424 +- 00.000649)	[00.008464,00.021490]
01_filter               	    819	00.224237	(00.000274 +- 00.000032)	[00.000114,00.002432]
02_preint               	    817	00.028397	(00.000035 +- 00.000005)	[00.000024,00.000075]
02a_intensity_preprocess	    819	02.006622	(00.002450 +- 00.000180)	[00.000791,00.006728]
03_undistortion         	    817	00.526414	(00.000644 +- 00.000071)	[00.000134,00.003404]
04_sampling             	    816	00.383146	(00.000470 +- 00.000097)	[00.000063,00.001400]
04b_intensity_sampling  	    816	00.534841	(00.000655 +- 00.000074)	[00.000127,00.002206]
05_registration         	    816	02.687569	(00.003294 +- 00.001044)	[00.000690,00.013003]
06_map                  	    816	00.610342	(00.000748 +- 00.000099)	[00.000113,00.003099]
07_imu_opt              	    816	01.052266	(00.001290 +- 00.000173)	[00.000001,00.003969]
08_publish              	    816	06.682396	(00.008189 +- 00.000731)	[00.000514,00.024065]
step                    	    819	14.809235	(00.018082 +- 00.001858)	[00.003926,00.049405]

INFO  Timings:
SM Timing
-----------
00_conversion_livox     	    821	08.559435	(00.010426 +- 00.000653)	[00.008464,00.021490]
01_filter               	    820	00.224546	(00.000274 +- 00.000032)	[00.000114,00.002432]
02_preint               	    818	00.028443	(00.000035 +- 00.000005)	[00.000024,00.000075]
02a_intensity_preprocess	    820	02.010274	(00.002452 +- 00.000190)	[00.000791,00.006728]
03_undistortion         	    818	00.527176	(00.000644 +- 00.000071)	[00.000134,00.003404]
04_sampling             	    817	00.383952	(00.000470 +- 00.000097)	[00.000063,00.001400]
04b_intensity_sampling  	    817	00.535645	(00.000656 +- 00.000071)	[00.000127,00.002206]
05_registration         	    817	02.692816	(00.003296 +- 00.001043)	[00.000690,00.013003]
06_map                  	    817	00.611455	(00.000748 +- 00.000098)	[00.000113,00.003099]
07_imu_opt              	    817	01.053782	(00.001290 +- 00.000174)	[00.000001,00.003969]
08_publish              	    817	06.696009	(00.008196 +- 00.000748)	[00.000514,00.024065]
step                    	    820	14.837200	(00.018094 +- 00.001874)	[00.003926,00.049405]

INFO  Done with for loop.
INFO  Bag closed
