stamp,input_points,valid_points,unique_pixels,collisions,invalid,horizontal_boundary_adjusted,vertical_top_clamped,vertical_bottom_clamped,vertical_clamped_ratio,filtered_min,filtered_max,filtered_mean,filtered_std,filtered_p01,filtered_p05,filtered_p50,filtered_p95,filtered_p99,filtered_sat0,filtered_sat255,raw_min,raw_max,raw_p50,raw_p95,raw_p99,elev_min_deg,elev_max_deg,elev_p01_deg,elev_p99_deg,intensity_preprocess_ms,intensity_map_voxels,observed_voxels,selected_intensity_voxels,selected_intensity_points
1706673228620220729,23649,23649,9007,14642,0,0,0,18,0.000761132,0,255,133.221,38.3917,22.5,68.5,132.5,198.5,255.5,41,241,0,255,28.5,45.5,57.5,-38.5044,38.1438,-34.125,34.375,3.04635,3560,1121,100,1937
1706673228720064482,23677,23677,8944,14733,0,0,0,11,0.000464586,0,255,133.991,37.9854,24.5,72.5,133.5,198.5,255.5,6,246,0,255,28.5,46.5,59.5,-38.206,38.4927,-34.125,34.625,3.18406,3927,1595,100,2053
1706673228819920462,23683,23683,8908,14775,0,0,0,17,0.000717814,0,255,133.741,37.4793,26.5,71.5,133.5,196.5,245.5,41,194,0,180,28.5,45.5,58.5,-38.482,38.2571,-34.625,34.625,3.29329,4200,1844,100,2110
1706673228919778784,23689,23689,8989,14700,0,0,0,13,0.000548778,0,255,133.546,38.4457,25.5,73.5,132.5,200.5,255.5,41,240,0,255,28.5,46.5,59.5,-38.3099,38.4613,-34.625,34.625,3.28379,4413,2017,100,2117
1706673229019613246,23705,23705,8989,14716,0,0,0,16,0.000674963,0,255,133.191,37.9368,25.5,71.5,133.5,197.5,255.5,21,251,0,255,28.5,46.5,60.5,-38.4284,38.3595,-34.625,34.625,3.4678,4551,2182,100,2125
1706673229119840599,23701,23701,8905,14796,0,0,0,16,0.000675077,0,255,133.911,39.0564,22.5,71.5,133.5,198.5,255.5,35,263,0,255,28.5,46.5,58.5,-38.3895,38.3981,-34.625,34.625,3.12589,4662,2276,100,2102
1706673229219665721,23700,23700,9009,14691,0,0,0,15,0.000632911,0,255,133.465,37.6906,25.5,71.5,133.5,195.5,255.5,22,253,0,255,28.5,45.5,59.5,-38.3595,38.4272,-34.375,34.625,3.1247,4791,2343,100,2077
1706673229319519067,23697,23697,9013,14684,0,0,0,16,0.000675191,0,255,132.661,38.8955,23.5,67.5,132.5,195.5,255.5,66,275,0,255,28.5,45.5,59.5,-38.4468,38.3171,-34.875,34.375,3.2363,4893,2405,100,2087
1706673229420162148,23690,23690,9031,14659,0,0,0,13,0.000548755,0,255,133.866,37.9273,25.5,72.5,133.5,197.5,254.5,9,200,0,255,28.5,46.5,58.5,-38.2761,38.4817,-34.375,34.125,3.21137,4979,2464,100,2043
1706673229520003900,23647,23647,9012,14635,0,0,0,17,0.000718907,0,255,132.963,37.7572,25.5,69.5,132.5,192.5,255.5,51,253,0,255,28.5,46.5,58.5,-38.4961,37.8674,-34.125,33.875,3.24936,5062,2532,100,2034
1706673229619830604,23683,23683,9127,14556,0,0,0,0,0,0,255,133.549,38.6647,21.5,69.5,133.5,197.5,255.5,19,259,0,255,28.5,46.5,58.5,-37.9496,38.2239,-33.875,34.125,3.32771,5139,2504,100,1974
1706673229719669829,23679,23679,9115,14564,0,0,0,9,0.000380084,0,255,132.429,39.0089,23.5,64.5,132.5,198.5,255.5,36,273,0,255,28.5,46.5,60.5,-38.1693,38.5098,-34.125,34.125,3.53785,5201,2561,100,1971
1706673229819522076,23693,23693,9065,14628,0,0,0,17,0.000717512,0,255,132.842,37.4315,23.5,72.5,132.5,194.5,250.5,17,204,0,255,28.5,45.5,57.5,-38.5222,38.0913,-34.125,34.375,4.6182,5259,2543,100,1843
1706673229920151639,23661,23661,8955,14706,0,0,0,12,0.000507164,0,255,134.391,39.0342,22.5,71.5,133.5,201.5,251.5,61,229,0,255,28.5,46.5,57.5,-38.0957,38.5115,-34.375,34.625,4.49829,5307,2592,100,1791
1706673230019994931,23683,23683,8881,14802,0,0,0,18,0.000760039,0,255,133.376,37.9541,25.5,70.5,133.5,197.5,248.5,53,199,0,176,28.5,45.5,57.5,-38.4974,38.1569,-34.625,34.375,3.43337,5361,2604,100,1773
1706673230119829301,23681,23681,8869,14812,0,0,0,12,0.000506735,0,255,133.331,37.0735,28.5,72.5,132.5,196.5,255.5,14,268,0,255,28.5,46.5,59.5,-38.2133,38.4973,-34.625,34.625,3.26361,5394,2594,100,1721
1706673230219666880,23698,23698,8974,14724,0,0,0,17,0.00071736,0,255,133.459,38.059,25.5,71.5,133.5,197.5,255.5,19,280,0,177,28.5,45.5,59.5,-38.4778,38.2698,-34.625,34.625,3.39182,5435,2618,100,1747
1706673230319517617,23695,23695,9032,14663,0,0,0,13,0.000548639,0,255,133.352,37.8553,24.5,69.5,132.5,196.5,242.5,16,200,0,255,28.5,46.5,59.5,-38.3176,38.4517,-34.625,34.625,3.50698,5470,2681,100,1688
1706673230420161211,23717,23717,8985,14732,0,0,0,16,0.000674622,0,255,133.836,39.0393,21.5,69.5,133.5,197.5,255.5,65,281,0,255,28.5,46.5,58.5,-38.4259,38.3692,-34.125,34.625,3.35502,5513,2661,100,1607
1706673230519998348,23694,23694,9018,14676,0,0,0,16,0.000675276,0,255,133.289,38.3736,23.5,71.5,133.5,197.5,255.5,48,254,0,255,28.5,46.5,58.5,-38.4167,38.3798,-34.625,34.375,3.38233,5546,2679,100,1613
1706673230619838798,23685,23685,9025,14660,0,0,0,14,0.000591091,0,255,133.421,38.2494,23.5,69.5,133.5,197.5,255.5,22,247,0,255,28.5,46.5,59.5,-38.3367,38.4352,-34.375,34.125,3.33721,5587,2675,100,1571
1706673230719682457,23662,23662,9030,14632,0,0,0,17,0.000718452,0,255,132.659,38.6692,22.5,68.5,132.5,195.5,255.5,71,263,0,255,28.5,46.5,60.5,-38.4672,37.7312,-34.125,33.875,3.15557,5615,2690,100,1585
1706673230819524511,23642,23642,9041,14601,0,0,0,0,0,0,255,134.212,38.7204,23.5,70.5,133.5,199.5,255.5,35,269,0,162,28.5,46.5,59.5,-37.8143,38.3064,-33.875,34.125,3.25292,5649,2740,100,1527
1706673230920163019,23666,23666,9133,14533,0,0,0,13,0.000549311,0,255,133.236,38.3893,24.5,68.5,132.5,196.5,255.5,29,263,0,255,28.5,45.5,58.5,-38.2363,38.4871,-33.875,34.125,3.22561,5673,2672,100,1507
1706673231019997580,23687,23687,9043,14644,0,0,0,17,0.000717693,0,255,133.221,37.331,24.5,72.5,133.5,196.5,238.5,38,183,0,255,28.5,45.5,57.5,-38.4992,38.2008,-34.125,34.625,3.17813,5709,2689,100,1445
1706673231119841510,23691,23691,8956,14735,0,0,0,9,0.000379891,0,255,133.788,38.5474,23.5,69.5,133.5,198.5,255.5,22,296,0,255,28.5,46.5,60.5,-38.1327,38.5053,-34.375,34.625,3.34434,5738,2729,100,1418
1706673231219679858,23662,23662,8941,14721,0,0,0,17,0.000718452,0,255,133.016,37.8864,24.5,70.5,132.5,197.5,246.5,50,179,0,216,28.5,45.5,58.5,-38.5091,38.0734,-34.625,34.625,3.27904,5776,2723,100,1439
1706673231319520218,23694,23694,8875,14819,0,0,0,9,0.000379843,0,255,133.148,38.1586,24.5,71.5,132.5,197.5,255.5,28,245,0,255,28.5,46.5,58.5,-38.1471,38.5065,-34.375,34.625,3.23155,5794,2692,100,1407
1706673231420168255,23703,23703,8916,14787,0,0,0,18,0.000759398,0,255,133.393,37.6343,24.5,73.5,132.5,196.5,250.5,17,222,0,162,28.5,46.5,57.5,-38.4997,38.2008,-34.625,34.375,3.30634,5811,2717,100,1287
1706673231520004961,23690,23690,9020,14670,0,0,0,13,0.000548755,0,255,133.593,38.0956,25.5,72.5,132.5,197.5,247.5,16,182,0,255,28.5,46.5,58.5,-38.2715,38.4824,-34.625,34.625,3.24342,5834,2728,100,1325
1706673231619856872,23704,23704,9008,14696,0,0,0,16,0.000674992,0,255,134.019,38.4262,23.5,68.5,133.5,197.5,255.5,32,292,0,181,28.5,46.5,58.5,-38.4576,38.317,-34.125,34.625,3.28379,5856,2721,100,1288
1706673231719691794,23682,23682,9017,14665,0,0,0,14,0.000591166,0,255,133.666,38.493,24.5,70.5,133.5,198.5,251.5,28,218,0,255,28.5,46.5,57.5,-38.3654,38.4244,-34.125,34.125,3.29447,5878,2757,100,1284
1706673231819526096,23633,23633,9050,14583,0,0,0,8,0.00033851,0,255,133.807,38.2267,25.5,69.5,132.5,200.5,255.5,16,291,0,255,28.5,46.5,59.5,-38.3932,38.3996,-34.625,34.125,3.3384,5889,2732,100,1292
1706673231920168783,23668,23668,9036,14632,0,0,0,16,0.000676018,0,255,132.439,39.7342,22.5,65.5,132.5,197.5,255.5,60,257,0,255,28.5,45.5,59.5,-38.4401,37.6164,-34.125,33.625,3.28735,5907,2731,100,1314
1706673232020011885,23649,23649,9050,14599,0,0,0,0,0,0,255,133.825,38.839,22.5,70.5,133.5,198.5,255.5,27,312,0,255,28.5,46.5,60.5,-37.7204,38.3603,-33.875,34.125,3.28972,5921,2784,100,1295
1706673232119847123,23592,23592,9072,14520,0,0,0,13,0.000551034,0,255,132.389,38.5235,22.5,67.5,132.5,194.5,255.5,61,241,0,255,28.5,45.5,58.5,-38.3167,38.4584,-34.125,34.125,3.37164,5937,2782,100,1278
1706673232219686023,23536,23536,9057,14479,0,0,0,17,0.000722298,0,255,133.14,38.5123,22.5,66.5,133.5,198.5,245.5,70,197,0,255,28.5,45.5,57.5,-38.493,38.2652,-34.125,34.625,3.23036,5954,2738,100,1222
1706673232319522671,23553,23553,8926,14627,0,0,0,11,0.000467032,0,255,133.193,38.1728,22.5,71.5,132.5,196.5,255.5,26,256,0,255,28.5,45.5,59.5,-38.2084,38.4968,-34.625,34.625,3.28141,5967,2762,100,1210
1706673232420165294,23459,23459,8816,14643,0,0,0,18,0.000767296,0,255,133.366,38.5926,23.5,68.5,133.5,197.5,252.5,73,232,0,255,28.5,45.5,57.5,-38.4999,38.1361,-34.625,34.625,3.30278,5981,2817,100,1217
1706673232520012987,23560,23560,8884,14676,0,0,0,12,0.000509338,0,255,133.183,38.8512,18.5,69.5,132.5,197.5,252.5,85,228,0,255,28.5,46.5,59.5,-38.0684,38.5127,-34.625,34.625,3.38351,5996,2742,100,1274
1706673232619848339,23523,23523,8838,14685,0,0,0,17,0.000722697,0,255,132.783,38.0066,23.5,68.5,132.5,194.5,255.5,79,246,0,185,28.5,45.5,57.5,-38.504,38.1213,-34.625,34.375,3.53072,6016,2742,100,1222
1706673232719691131,23565,23565,8953,14612,0,0,0,11,0.000466794,0,255,133.399,38.4036,23.5,67.5,133.5,197.5,247.5,52,168,0,255,28.5,46.5,58.5,-38.1821,38.5046,-34.625,34.625,3.37283,6024,2771,100,1162
1706673232819541016,23518,23518,9049,14469,0,0,0,17,0.000722851,0,255,133.724,38.7789,23.5,68.5,133.5,201.5,255.5,54,282,0,184,28.5,46.5,59.5,-38.4997,38.2366,-34.125,34.625,3.30753,6035,2780,100,1206
1706673232920178180,23527,23527,9009,14518,0,0,0,13,0.000552557,0,255,133.851,38.8114,23.5,68.5,133.5,197.5,255.5,73,252,0,218,28.5,46.5,57.5,-38.3043,38.4712,-34.125,34.125,3.45237,6053,2783,100,1183
1706673233020008159,23609,23609,9053,14556,0,0,0,0,0,0,255,133.782,39.019,22.5,68.5,133.5,197.5,255.5,53,283,0,255,28.5,45.5,59.5,-37.7474,38.3421,-33.875,34.125,3.71474,6071,2789,100,1174
1706673233119849246,23555,23555,9039,14516,0,0,0,32,0.00135852,0,255,133.021,39.2406,18.5,68.5,133.5,199.5,249.5,79,204,0,255,28.5,46.5,58.5,-38.4525,37.6525,-35.125,33.625,3.66013,6082,2793,100,1089
1706673233219685892,23521,23521,9003,14518,0,0,0,0,0,0,255,133.67,39.5775,21.5,66.5,133.5,197.5,255.5,96,291,0,255,28.5,46.5,60.5,-37.5649,38.4163,-33.875,34.125,3.68862,6091,2784,100,1167
1706673233319520392,23514,23514,8993,14521,0,0,0,15,0.000637918,0,255,132.489,40.1271,19.5,66.5,132.5,199.5,255.5,100,303,0,255,28.5,46.5,63.5,-38.3664,38.417,-34.125,34.125,3.68862,6105,2757,100,1144
1706673233420161543,23421,23421,9086,14335,0,0,0,16,0.000683148,0,255,133.713,38.8935,21.5,70.5,132.5,197.5,255.5,39,294,0,255,28.5,45.5,58.5,-38.4481,38.3309,-34.125,34.625,3.53904,6115,2776,100,1107
1706673233519990680,23468,23468,8963,14505,0,0,0,13,0.000553946,0,255,132.812,38.5392,17.5,68.5,133.5,193.5,254.5,117,234,0,160,28.5,45.5,59.5,-38.2823,38.4712,-34.625,34.625,3.68269,6127,2757,100,1065
1706673233619841359,23471,23471,8812,14659,0,0,0,17,0.000724298,0,255,133.065,38.295,22.5,69.5,133.5,195.5,255.5,61,266,0,255,28.5,45.5,58.5,-38.4956,38.231,-34.625,34.625,3.78478,6138,2720,100,1126
1706673233719694678,23462,23462,8802,14660,0,0,0,10,0.000426221,0,255,132.898,39.6801,19.5,66.5,132.5,198.5,255.5,91,267,0,255,28.5,46.5,59.5,-38.1819,38.4999,-34.625,34.625,3.99136,6149,2816,100,1107
1706673233819527338,23493,23493,8853,14640,0,0,0,18,0.000766186,0,255,132.697,37.9872,23.5,68.5,133.5,194.5,242.5,56,199,0,255,28.5,46.5,57.5,-38.5223,38.1144,-34.625,34.625,4.08277,6161,2785,100,1117
1706673233920162832,23548,23548,8993,14555,0,0,0,11,0.000467131,0,255,132.989,40.1282,15.5,64.5,132.5,198.5,255.5,126,287,0,255,28.5,46.5,57.5,-38.0878,38.5091,-34.375,34.625,3.87858,6172,2799,100,1033
1706673234020002599,23497,23497,9065,14432,0,0,0,18,0.000766055,0,255,133.852,38.8319,23.5,68.5,133.5,198.5,255.5,66,283,0,248,28.5,46.5,57.5,-38.5203,38.1445,-34.125,34.375,3.7373,6180,2800,100,1033
1706673234119843244,23519,23519,9027,14492,0,0,0,11,0.000467707,0,255,133.249,38.8353,20.5,68.5,133.5,196.5,250.5,108,223,0,249,28.5,46.5,58.5,-38.2004,38.4971,-34.125,34.125,3.67556,6189,2759,100,1017
1706673234219680667,23580,23580,9006,14574,0,0,0,0,0,0,255,133.314,38.6291,22.5,68.5,133.5,196.5,255.5,39,340,0,255,28.5,46.5,60.5,-37.8998,38.2548,-33.875,34.125,3.59721,6202,2798,100,1058
1706673234319515568,23522,23522,9011,14511,0,0,0,17,0.000722728,0,255,133.181,39.1196,16.5,67.5,133.5,197.5,255.5,91,262,0,255,28.5,46.5,58.5,-38.4893,37.8127,-34.125,33.875,3.60789,6211,2794,100,1026
1706673234420153056,23547,23547,9065,14482,0,0,0,9,0.000382214,0,255,133.175,38.9334,22.5,65.5,132.5,196.5,255.5,30,311,0,255,28.5,46.5,61.5,-38.3103,38.4605,-34.625,34.125,3.54497,6224,2755,100,1035
1706673234519995563,23516,23516,8971,14545,0,0,0,16,0.000680388,0,255,132.363,39.1707,23.5,66.5,132.5,197.5,254.5,33,232,0,255,28.5,46.5,60.5,-38.4381,38.3557,-34.125,34.375,4.15282,6241,2696,100,1071
1706673234619834789,23579,23579,8928,14651,0,0,0,15,0.000636159,0,255,133.735,39.1232,18.5,66.5,133.5,196.5,255.5,87,240,0,223,28.5,46.5,58.5,-38.3975,38.4007,-34.375,34.625,3.79191,6249,2531,100,1027
1706673234719681562,23721,23721,9014,14707,0,0,0,14,0.000590194,0,255,133.92,38.0805,22.5,70.5,134.5,194.5,255.5,46,303,0,198,28.5,48.5,63.5,-38.3603,38.4255,-34.625,34.625,3.8204,6258,2322,100,1035
1706673234819532957,23707,23707,8910,14797,0,0,0,1,4.21816e-05,0,255,133.614,38.1643,21.5,68.5,133.5,195.5,254.5,63,237,0,255,28.5,49.5,65.5,-38.0684,38.3157,-34.375,34.625,3.87264,6262,2054,100,1149
1706673234920169945,23732,23732,8778,14954,0,0,0,0,0,0,255,134.572,38.0655,25.5,71.5,133.5,194.5,255.5,14,323,0,189,28.5,49.5,64.5,-37.6518,38.4797,-34.125,34.625,3.68625,6282,1971,100,1244
1706673235020009082,23768,23768,8820,14948,0,0,0,12,0.000504881,0,255,133.444,40.6156,21.5,59.5,133.5,194.5,255.5,43,312,0,255,28.5,49.5,64.5,-38.4905,38.2045,-34.625,34.625,3.57228,6291,1981,100,1229
1706673235119852385,23765,23765,8904,14861,0,0,0,9,0.000378708,0,255,133.396,39.7035,26.5,58.5,133.5,196.5,255.5,45,270,0,168,28.5,49.5,64.5,-38.1382,38.5071,-34.375,34.625,3.73492,6304,2129,100,1126
1706673235219687285,23825,23825,9069,14756,0,0,0,17,0.000713536,0,255,133.948,37.3524,26.5,71.5,134.5,194.5,248.5,45,229,0,167,28.5,48.5,60.5,-38.518,38.0867,-34.125,34.375,3.55803,6314,2220,100,1126
1706673235319530427,23822,23822,9153,14669,0,0,0,7,0.000293846,0,255,134.143,37.743,28.5,73.5,134.5,197.5,255.5,17,255,0,255,28.5,48.5,61.5,-38.0923,38.5078,-34.125,34.125,3.73017,6343,2270,100,1060
1706673235420156012,23758,23758,9012,14746,0,0,0,4,0.000168364,0,255,133.429,39.3865,25.5,64.5,134.5,196.5,255.5,93,254,0,170,28.5,48.5,59.5,-38.0307,38.1762,-34.125,34.125,3.55328,6358,2348,100,1200
1706673235519997058,23721,23721,8990,14731,0,0,0,17,0.000716665,0,255,134.026,37.3098,29.5,68.5,134.5,194.5,243.5,5,208,0,255,28.5,47.5,58.5,-38.5031,37.9281,-34.125,33.875,3.73136,6375,2403,100,1186
1706673235619843924,23772,23772,9010,14762,0,0,0,12,0.000504796,0,255,132.237,39.0578,27.5,59.5,133.5,195.5,252.5,63,225,0,169,28.5,48.5,58.5,-38.2472,38.4885,-34.375,34.125,4.10533,6393,2198,100,1231
1706673235719680761,23814,23814,9043,14771,0,0,0,17,0.000713866,0,255,133.484,38.2528,27.5,68.5,133.5,197.5,254.5,53,236,0,217,28.5,49.5,59.5,-38.4636,38.2919,-34.625,34.375,4.02698,6406,2061,100,1342
1706673235819511048,23820,23820,8999,14821,0,0,0,14,0.000587741,0,255,133.207,41.8941,27.5,58.5,133.5,202.5,255.5,27,330,0,255,28.5,50.5,62.5,-38.3448,38.4426,-34.375,34.625,3.72187,6426,1754,100,1373
1706673235920157186,23881,23881,8962,14919,0,0,0,15,0.000628114,0,255,133.586,40.4814,27.5,61.5,133.5,198.5,255.5,5,351,0,255,29.5,50.5,63.5,-38.4015,38.3999,-34.375,34.625,4.03172,6432,1818,100,1205
1706673236019990256,23862,23862,8957,14905,0,0,0,16,0.000670522,0,255,134.472,38.699,30.5,72.5,133.5,200.5,255.5,9,321,0,255,29.5,51.5,66.5,-38.4363,38.3514,-34.625,34.625,3.85483,6451,1523,100,1166
1706673236119827607,23851,23851,8919,14932,0,0,0,13,0.000545051,0,255,133.923,37.5217,33.5,73.5,133.5,195.5,255.5,5,259,0,255,29.5,50.5,61.5,-38.3245,38.4578,-34.625,34.625,3.45237,6459,1668,100,1027
1706673236219665891,23833,23833,8900,14933,0,0,0,17,0.000713297,0,255,133.041,41.9012,27.5,56.5,132.5,204.5,255.5,13,315,0,223,28.5,49.5,62.5,-38.48,38.2953,-34.625,34.625,3.53191,6472,2052,100,1083
1706673236319496131,23794,23794,8949,14845,0,0,0,12,0.000504329,0,255,132.467,40.2825,33.5,62.5,132.5,197.5,246.5,16,208,0,255,28.5,46.5,56.5,-38.254,38.4883,-34.125,34.625,3.87383,6482,2161,100,1121
1706673236420132743,23806,23806,9044,14762,0,0,0,17,0.000714106,0,255,134.25,39.6561,33.5,62.5,134.5,198.5,253.5,25,234,0,253,28.5,45.5,55.5,-38.4986,38.1758,-34.125,34.375,3.95574,6495,2312,100,1008
1706673236519980996,23775,23775,9116,14659,0,0,0,2,8.4122e-05,0,255,132.632,39.0653,33.5,60.5,133.5,197.5,248.5,21,218,0,255,28.5,46.5,56.5,-37.999,38.507,-33.875,34.125,4.02104,6525,2271,100,1025
1706673236619820365,23744,23744,9136,14608,0,0,0,8,0.000336927,0,255,133.884,37.716,32.5,67.5,134.5,198.5,246.5,56,182,0,161,28.5,46.5,56.5,-38.1123,38.1077,-34.125,34.125,3.93556,6539,2379,100,1026
1706673236719661589,23635,23635,9036,14599,0,0,0,18,0.000761582,0,255,132.407,38.5211,30.5,66.5,133.5,193.5,255.5,76,243,0,255,28.5,46.5,56.5,-38.515,38.0047,-34.125,34.125,3.97474,6563,2559,100,1025
1706673236819905188,23532,23532,8997,14535,0,0,0,11,0.000467449,0,255,133.053,37.257,32.5,65.5,133.5,194.5,253.5,12,222,0,237,27.5,45.5,56.5,-38.1946,38.4991,-34.125,34.125,3.93675,6608,2618,100,856
1706673236919748948,23588,23588,8969,14619,0,0,0,17,0.000720705,0,255,132.5,38.8812,19.5,67.5,132.5,197.5,255.5,61,250,0,171,27.5,45.5,56.5,-38.4845,38.2508,-34.625,34.375,3.83227,6638,2640,100,959
1706673237019595636,23607,23607,8969,14638,0,0,0,13,0.000550684,0,255,132.938,37.7383,30.5,63.5,133.5,192.5,250.5,4,214,0,244,27.5,46.5,56.5,-38.2842,38.472,-34.625,34.625,3.56872,6660,2626,100,872
1706673237119836133,23679,23679,8980,14699,0,0,0,17,0.000717936,0,255,131.66,37.8505,33.5,65.5,132.5,192.5,250.5,45,223,0,163,28.5,46.5,57.5,-38.4684,38.3159,-34.625,34.625,3.44169,6671,2584,100,1039
1706673237219694108,23763,23763,8945,14818,0,0,0,15,0.000631233,0,255,133.329,37.7401,30.5,67.5,133.5,194.5,246.5,15,198,0,151,28.5,47.5,56.5,-38.3595,38.4334,-34.625,34.625,3.4037,6688,2517,100,862
1706673237319527842,23791,23791,8926,14865,0,0,0,15,0.000630491,0,255,134.657,36.1903,37.5,72.5,134.5,193.5,245.5,16,179,0,255,28.5,47.5,56.5,-38.4041,38.3867,-34.625,34.625,3.42981,6707,2378,100,805
1706673237420173269,23754,23754,8896,14858,0,0,0,16,0.000673571,0,255,135.873,34.3148,36.5,83.5,135.5,191.5,238.5,37,166,0,177,28.5,47.5,55.5,-38.4243,38.3705,-34.625,34.625,3.49749,6738,2355,100,704
1706673237520009286,23846,23846,9005,14841,0,0,0,14,0.000587101,0,255,134.575,35.633,38.5,76.5,134.5,191.5,248.5,3,210,0,255,29.5,49.5,59.5,-38.321,38.4594,-34.375,34.625,4.16469,6752,2078,100,743
1706673237619858340,23859,23859,8984,14875,0,0,0,17,0.000712519,0,255,134.341,35.1419,39.5,80.5,134.5,189.5,255.5,5,240,0,192,31.5,50.5,59.5,-38.4848,38.243,-34.125,34.125,3.35858,6772,1872,100,731
1706673237719688107,23892,23892,9106,14786,0,0,0,0,0,0,255,135.156,34.6372,41.5,82.5,135.5,192.5,245.5,7,201,0,255,30.5,49.5,60.5,-37.9706,38.5056,-33.875,34.125,3.35502,6801,1616,100,583
1706673237819535876,23894,23894,9122,14772,0,0,0,9,0.000376664,0,255,134.477,36.0018,36.5,79.5,134.5,191.5,255.5,13,248,0,158,30.5,50.5,60.5,-38.145,38.0073,-33.875,33.875,3.60196,6884,1800,100,711
1706673237920163857,23890,23890,9057,14833,0,0,0,17,0.000711595,0,255,135.044,35.0816,40.5,81.5,135.5,192.5,254.5,3,232,0,151,31.5,49.5,59.5,-38.5116,38.1135,-34.125,34.125,3.27192,6889,1855,100,649
1706673238019990129,23854,23854,9005,14849,0,0,0,12,0.00050306,0,255,134.368,35.7861,32.5,81.5,134.5,192.5,243.5,2,167,0,255,31.5,50.5,62.5,-38.0658,38.51,-34.375,34.125,3.42981,6900,1617,100,659
1706673238119857385,23931,23931,8934,14997,0,0,0,17,0.000710376,0,255,134.591,34.8205,39.5,81.5,134.5,190.5,234.5,10,129,0,164,30.5,50.5,60.5,-38.5159,38.1122,-34.625,34.375,3.41676,6904,1750,100,693
1706673238219700474,23909,23909,8862,15047,0,0,0,10,0.000418253,5.03678,255,134.877,36.888,32.5,80.5,133.5,195.5,255.5,0,274,0,150,31.5,50.5,62.5,-38.1689,38.5033,-34.375,34.625,3.36927,6912,1702,100,588
1706673238319531396,23874,23874,8893,14981,0,0,0,17,0.000712072,0,255,134.315,35.568,39.5,80.5,133.5,194.5,244.5,9,206,0,234,30.5,50.5,60.5,-38.5045,38.2099,-34.625,34.375,3.35146,6919,1658,100,644
1706673238420168782,23893,23893,8913,14980,0,0,0,13,0.000544092,0,255,133.593,36.0692,35.5,78.5,133.5,192.5,255.5,2,267,0,248,30.5,49.5,59.5,-38.2954,38.4693,-34.625,34.625,3.40844,6928,1774,100,619
1706673238520029001,23857,23857,8991,14866,0,0,0,16,0.000670663,0,255,133.681,36.0656,35.5,76.5,134.5,190.5,252.5,11,230,0,255,30.5,49.5,58.5,-38.4338,38.3437,-34.625,34.375,3.63639,6940,1742,100,715
1706673238619865710,23913,23913,8953,14960,0,0,0,15,0.000627274,0,255,133.797,37.6471,34.5,75.5,132.5,197.5,254.5,5,238,0,168,30.5,50.5,60.5,-38.3951,38.3906,-34.625,34.625,3.67556,6941,1593,100,732
1706673238719692695,23910,23910,8937,14973,0,0,0,15,0.000627353,0,255,134.842,36.2423,40.5,82.5,133.5,195.5,249.5,6,222,0,150,30.5,51.5,63.5,-38.3801,38.4215,-34.125,34.625,4.66331,6947,1547,100,627
1706673238819537283,23882,23882,9004,14878,0,0,0,17,0.000711833,0,255,133.904,37.029,33.5,78.5,132.5,197.5,246.5,5,200,0,150,30.5,51.5,65.5,-38.4513,38.3334,-34.125,34.125,6.6768,6951,1690,100,599
1706673238920171641,23886,23886,9105,14781,0,0,0,0,0,0,255,134.469,37.938,36.5,74.5,134.5,196.5,255.5,3,294,0,198,29.5,49.5,60.5,-37.7588,38.4727,-33.875,34.125,5.96448,6957,1886,100,629
1706673239020000677,23841,23841,9144,14697,0,0,0,13,0.000545279,0,255,134.201,36.5588,38.5,77.5,134.5,196.5,255.5,10,267,0,191,29.5,49.5,61.5,-38.2835,37.8518,-34.125,33.875,5.46467,6969,1918,100,665
1706673239119847200,23871,23871,9083,14788,0,0,0,17,0.000712161,0,255,135.221,35.5597,38.5,78.5,135.5,195.5,247.5,3,206,0,184,29.5,48.5,59.5,-38.4857,38.2349,-34.125,33.875,4.63719,6986,2121,100,683
1706673239219676242,23784,23784,8983,14801,0,0,0,11,0.000462496,0,255,135.137,35.5586,38.5,82.5,134.5,195.5,255.5,10,273,0,162,29.5,47.5,58.5,-38.2036,38.4965,-34.625,34.125,5.16787,7023,2350,100,649
1706673239319516499,23788,23788,8897,14891,0,0,0,17,0.000714646,0,255,134.18,35.3811,43.5,80.5,133.5,194.5,246.5,16,200,0,255,28.5,47.5,59.5,-38.5023,38.1132,-34.625,34.375,4.5992,7058,2285,100,565
1706673239420171959,23852,23852,8933,14919,0,0,0,13,0.000545028,0,255,134.227,35.4958,43.5,79.5,133.5,195.5,255.5,8,281,0,168,28.5,46.5,60.5,-38.0637,38.5148,-34.625,34.625,3.6447,7063,2348,100,563
1706673239520017758,23814,23814,8934,14880,0,0,0,18,0.000755858,0,255,134.471,36.0834,43.5,77.5,133.5,196.5,255.5,18,271,0,252,28.5,47.5,63.5,-38.5031,38.1298,-34.625,34.375,3.45118,7072,2373,100,510
1706673239619868366,23787,23787,8954,14833,0,0,0,11,0.000462437,0,255,134.681,36.2547,45.5,78.5,133.5,198.5,255.5,11,255,0,156,28.5,47.5,61.5,-38.2153,38.4973,-34.625,34.625,3.17219,7085,2449,100,584
1706673239719717278,23715,23715,8924,14791,0,0,0,17,0.000716846,0,255,134.869,36.585,47.5,78.5,132.5,198.5,255.5,28,287,0,153,28.5,46.5,59.5,-38.4748,38.262,-34.625,34.625,3.10452,7104,2711,100,568
1706673239819560025,23486,23486,9044,14442,0,0,0,14,0.0005961,4.0791,255,133.406,35.6676,43.5,77.5,131.5,194.5,255.5,0,259,0,255,27.5,44.5,56.5,-38.3156,38.4587,-34.625,34.125,2.89083,7131,2993,100,587
1706673239920195009,22972,22972,9031,13941,0,0,0,17,0.000740031,0,255,131.858,35.4069,41.5,78.5,130.5,193.5,253.5,25,228,0,157,27.5,43.5,55.5,-38.434,38.3471,-34.375,34.875,3.02735,7181,3004,100,618
1706673240020026551,23538,23538,9005,14533,0,0,0,15,0.000637267,0,255,132.519,35.4446,41.5,80.5,130.5,195.5,250.5,35,216,0,210,27.5,44.5,57.5,-38.3929,38.3988,-34.125,34.375,3.07247,7228,2849,100,554
1706673240119868188,23634,23634,9027,14607,0,0,0,0,0,0,255,132.759,34.2323,44.5,79.5,131.5,193.5,251.5,13,219,0,255,27.5,45.5,58.5,-37.5908,38.4299,-33.625,34.125,3.11639,7247,2775,100,620
1706673240219719179,23731,23731,9094,14637,0,0,0,15,0.000632085,0,255,132.417,35.6579,43.5,77.5,130.5,196.5,255.5,6,279,0,255,27.5,44.5,56.5,-38.3736,37.679,-34.125,33.625,3.06772,7269,2891,100,635
1706673240319559652,23625,23625,9146,14479,0,0,0,16,0.000677249,0,255,133.631,35.3255,43.5,80.5,131.5,198.5,249.5,6,206,0,255,27.5,43.5,56.5,-38.4504,38.3303,-34.125,34.125,2.95256,7286,2820,100,572
1706673240420198109,23572,23572,8992,14580,0,0,0,13,0.000551502,0,255,132.581,34.5169,41.5,81.5,130.5,192.5,232.5,25,145,0,198,27.5,43.5,55.5,-38.2761,38.4759,-34.625,34.125,3.25411,7312,2767,100,582
1706673240520035581,23502,23502,8910,14592,0,0,0,17,0.000723343,0,255,132.911,34.7507,45.5,83.5,131.5,193.5,252.5,2,208,0,240,27.5,43.5,56.5,-38.4869,38.2307,-34.625,34.625,3.02617,7330,2938,100,580
1706673240619879649,23423,23423,8883,14540,0,0,0,10,0.000426931,0,255,132.844,35.3532,40.5,79.5,131.5,194.5,255.5,14,291,0,173,27.5,43.5,56.5,-38.1673,38.506,-34.625,34.625,3.12945,7350,3048,100,508
1706673240719721050,23302,23302,8918,14384,0,0,0,18,0.000772466,0,255,132.25,35.3874,36.5,79.5,130.5,194.5,254.5,6,232,0,255,27.5,43.5,55.5,-38.5138,38.0803,-34.625,34.625,3.10215,7386,3062,100,545
1706673240819562295,23342,23342,8972,14370,0,0,0,10,0.000428412,0,255,133.034,37.1694,30.5,78.5,130.5,200.5,255.5,20,312,0,164,27.5,44.5,56.5,-38.1231,38.5127,-34.375,34.625,3.03804,7420,3042,100,579
1706673240920196400,23636,23636,8955,14681,0,0,0,18,0.00076155,0,255,133.492,35.9499,41.5,75.5,131.5,196.5,255.5,22,238,0,151,27.5,45.5,56.5,-38.4996,38.1775,-34.625,34.375,3.09146,7443,3016,100,592
1706673241020023219,23695,23695,8952,14743,0,0,0,12,0.000506436,0,255,133.531,34.3598,42.5,78.5,133.5,190.5,246.5,18,199,0,247,27.5,45.5,56.5,-38.2549,38.4861,-34.625,34.125,3.01311,7466,2768,100,619
1706673241119864765,23628,23628,9050,14578,0,0,0,16,0.000677163,0,255,133.547,37.2215,33.5,75.5,132.5,199.5,252.5,31,224,0,255,27.5,46.5,57.5,-38.4634,38.3035,-34.125,34.125,3.00242,7482,2860,100,654
1706673241219701480,23495,23495,9082,14413,0,0,0,14,0.000595871,0,255,132.225,39.7962,12.5,62.5,131.5,203.5,255.5,41,263,0,255,27.5,45.5,56.5,-38.3446,38.4447,-34.125,35.125,2.96799,7504,2976,100,646
1706673241319542354,23308,23308,9048,14260,0,0,0,0,0,0,255,132.397,38.4557,12.5,71.5,132.5,198.5,246.5,64,186,0,162,27.5,44.5,55.5,-37.6586,38.3808,-33.875,34.125,2.99293,7538,2894,100,536
1706673241420166974,23342,23342,9021,14321,0,0,0,15,0.000642618,0,255,132.358,38.0347,21.5,63.5,132.5,195.5,246.5,62,177,0,173,27.5,44.5,54.5,-38.4118,37.5597,-34.125,33.875,3.08909,7558,2876,100,716
1706673241520011048,23363,23363,9103,14260,0,0,0,16,0.000684844,0,255,132.47,35.7147,34.5,73.5,132.5,193.5,248.5,12,202,0,255,27.5,44.5,56.5,-38.4108,38.3819,-34.375,34.125,3.06891,7596,2744,100,706
1706673241619856729,23261,23261,9075,14186,0,0,0,15,0.000644856,0,255,132.355,37.1663,26.5,69.5,131.5,196.5,246.5,63,210,0,255,27.5,44.5,56.5,-38.3412,38.4415,-34.625,34.375,2.97037,7623,2891,100,684
1706673241719708550,23234,23234,8969,14265,0,0,0,17,0.000731686,0,255,132.261,36.0934,34.5,72.5,130.5,195.5,250.5,5,223,0,255,27.5,44.5,56.5,-38.4822,38.2793,-34.625,34.625,2.96443,7675,3004,100,638
1706673241819569205,23432,23432,8858,14574,0,0,0,12,0.00051212,0,255,132.956,34.301,42.5,82.5,131.5,193.5,246.5,13,201,0,169,27.5,44.5,55.5,-38.2398,38.4885,-34.625,34.625,3.25055,7694,3097,100,615
1706673241920210066,23704,23704,8840,14864,0,0,0,17,0.000717179,0,255,133.099,33.4715,50.5,86.5,130.5,193.5,252.5,4,214,0,255,27.5,44.5,57.5,-38.5064,38.1784,-34.625,34.375,3.11046,7704,2812,100,657
1706673242020065121,23743,23743,8927,14816,0,0,0,11,0.000463294,0,255,133.166,34.1157,45.5,87.5,130.5,197.5,252.5,29,229,0,194,27.5,44.5,56.5,-38.1197,38.5071,-34.375,34.625,3.09503,7721,2537,100,604
1706673242119904150,23695,23695,9084,14611,0,0,0,17,0.000717451,0,255,133.112,33.3485,44.5,87.5,131.5,193.5,255.5,2,245,0,154,27.5,43.5,56.5,-38.5136,38.0637,-34.625,34.375,3.29329,7738,2670,100,649
1706673242219748659,23688,23688,9062,14626,0,0,0,9,0.000379939,0,255,132.472,32.0705,44.5,86.5,130.5,187.5,239.5,9,163,0,255,26.5,43.5,55.5,-38.1465,38.5027,-34.375,34.125,3.28972,7768,2895,100,568
1706673242319578135,23687,23687,9011,14676,0,0,0,17,0.000717693,0,255,131.953,33.3047,49.5,83.5,130.5,189.5,255.5,27,242,0,255,27.5,43.5,54.5,-38.5081,38.1861,-34.125,33.875,3.31584,7802,2667,100,560
1706673242420227535,23786,23786,9045,14741,0,0,0,12,0.000504498,0,255,134.416,33.3057,49.5,85.5,132.5,192.5,255.5,18,253,0,150,28.5,45.5,58.5,-38.2459,38.4838,-33.875,34.875,3.15438,7813,2255,100,539
1706673242520055404,23859,23859,9071,14788,0,0,0,0,0,4.347,255,134.87,32.7693,51.5,87.5,134.5,187.5,241.5,0,205,0,150,29.5,48.5,61.5,-37.8177,38.3252,-33.875,34.375,2.96206,7820,2035,100,417
1706673242619879795,23877,23877,9039,14838,0,0,0,16,0.000670101,0,255,134.933,31.7942,57.5,87.5,134.5,188.5,236.5,17,163,0,150,29.5,49.5,64.5,-38.4472,37.6714,-34.125,33.625,3.11758,7826,1803,100,433
1706673242719717353,23867,23867,8986,14881,0,0,0,15,0.000628483,0,255,134.708,32.9525,52.5,84.5,133.5,189.5,251.5,1,227,0,150,28.5,47.5,61.5,-38.3897,38.4083,-34.125,34.125,2.99174,7831,1822,100,476
1706673242819550320,23850,23850,9068,14782,0,0,0,15,0.000628931,0,255,133.671,33.4323,50.5,85.5,131.5,193.5,255.5,2,274,0,255,28.5,43.5,58.5,-38.3891,38.4063,-34.625,34.125,3.13064,7840,2297,100,567
1706673242920189485,23650,23650,8962,14688,0,0,0,16,0.000676533,0,255,132.601,33.4674,47.5,85.5,130.5,190.5,255.5,34,290,0,255,27.5,42.5,55.5,-38.4401,38.335,-34.625,34.625,3.25886,7860,2655,100,573
1706673243020014761,23757,23757,8907,14850,0,0,0,13,0.000547207,0,255,132.571,33.908,47.5,84.5,130.5,193.5,255.5,19,252,0,167,27.5,43.5,57.5,-38.2857,38.4743,-34.625,34.625,3.30041,7873,2638,100,681
1706673243119850564,23796,23796,8812,14984,0,0,0,17,0.000714406,0,255,133.034,34.2446,49.5,78.5,130.5,197.5,247.5,12,202,0,174,28.5,44.5,57.5,-38.4897,38.2536,-34.625,34.625,3.32534,7907,2325,100,562
1706673243219685176,23802,23802,8853,14949,0,0,0,11,0.000462146,0,255,133.128,33.3288,49.5,84.5,131.5,194.5,246.5,23,189,0,196,28.5,44.5,57.5,-38.2321,38.4893,-34.375,34.625,3.03448,7914,2230,100,534
1706673243319532774,23803,23803,8939,14864,0,0,0,17,0.000714196,0,255,133.11,33.9094,48.5,82.5,131.5,195.5,255.5,1,241,0,169,28.5,44.5,58.5,-38.4987,38.1905,-34.625,34.125,3.21374,7919,2355,100,527
1706673243420163358,23780,23780,9105,14675,0,0,0,12,0.000504626,0,255,132.486,34.2736,46.5,80.5,130.5,193.5,249.5,1,193,0,254,28.5,43.5,56.5,-38.0963,38.5067,-34.375,34.125,3.07722,7937,2552,100,625
1706673243519999807,23577,23577,9050,14527,0,0,0,17,0.000721042,0,255,132.591,32.9989,46.5,86.5,130.5,190.5,251.5,23,228,0,255,27.5,43.5,57.5,-38.5049,38.0988,-34.125,34.125,3.34671,7954,2845,100,587
1706673243619847439,23712,23712,9070,14642,0,0,0,10,0.000421727,0,255,133.569,33.077,49.5,87.5,130.5,194.5,245.5,20,169,0,160,28.5,43.5,55.5,-38.1663,38.0201,-34.125,34.125,3.24817,7979,2763,100,482
1706673243719693634,23762,23762,9034,14728,0,0,0,0,0,0,255,132.662,32.1427,50.5,86.5,130.5,189.5,241.5,9,197,0,151,28.5,42.5,55.5,-37.9386,38.4977,-33.875,34.625,3.34671,7986,2555,100,474
1706673243819526833,23878,23878,9070,14808,0,0,0,17,0.000711952,0,255,133.372,33.8666,50.5,85.5,131.5,194.5,248.5,9,213,0,159,28.5,43.5,57.5,-38.4742,38.2532,-34.125,34.625,3.15676,7992,2353,100,528
1706673243920164109,23769,23769,9012,14757,0,0,0,13,0.000546931,0,255,134.685,31.4025,59.5,88.5,132.5,187.5,250.5,6,219,0,150,29.5,44.5,57.5,-38.3151,38.4586,-34.375,34.125,3.19712,8002,2169,100,484
1706673244019998544,23834,23834,9008,14826,0,0,0,16,0.00067131,0,255,134.737,32.5024,50.5,85.5,133.5,188.5,246.5,12,162,0,150,29.5,46.5,61.5,-38.4442,38.3438,-34.625,34.125,3.22443,8005,2222,100,394
1706673244119831916,23846,23846,8972,14874,0,0,0,15,0.000629036,0,255,135.259,32.9229,55.5,86.5,132.5,190.5,255.5,8,243,0,150,30.5,47.5,63.5,-38.4001,38.4018,-34.625,34.625,3.25292,8011,2091,100,457
1706673244219668723,23848,23848,8863,14985,0,0,0,14,0.000587051,0,255,135.153,32.654,50.5,87.5,133.5,190.5,247.5,15,216,0,158,30.5,47.5,61.5,-38.3552,38.4297,-34.625,34.625,3.20662,8015,2028,100,460
1706673244319507361,23851,23851,8869,14982,0,0,0,17,0.000712758,4.6849,255,135.658,31.9996,61.5,87.5,133.5,188.5,255.5,0,246,1,150,30.5,47.5,63.5,-38.452,38.327,-34.625,34.625,3.13064,8043,2006,100,385
1706673244420151815,23863,23863,8905,14958,0,0,0,13,0.000544776,4.2269,255,134.609,32.3229,54.5,88.5,132.5,192.5,255.5,0,251,0,150,29.5,44.5,56.5,-38.2901,38.4762,-34.625,34.625,3.41319,8053,2123,100,486
1706673244519989351,23714,23714,8966,14748,0,0,0,16,0.000674707,3.75074,255,131.885,33.4569,50.5,87.5,129.5,190.5,255.5,0,276,0,255,28.5,43.5,57.5,-38.4913,38.2415,-34.625,34.125,3.46899,8074,2400,100,577
1706673244619831491,23850,23850,9077,14773,0,0,0,10,0.000419287,0,255,133.438,33.7336,51.5,82.5,131.5,194.5,244.5,3,185,0,150,30.5,48.5,63.5,-38.1565,38.5077,-34.375,34.125,3.66488,8078,2020,100,371
1706673244719671523,23922,23922,9125,14797,0,0,0,17,0.000710643,5.35907,255,134.934,35.7403,59.5,85.5,131.5,198.5,255.5,0,320,0,178,31.5,54.5,69.5,-38.5069,38.0307,-34.125,33.875,3.61858,8079,1664,100,349
1706673244819515127,23913,23913,9078,14835,0,0,0,7,0.000292728,5.72587,255,135.247,37.6901,53.5,83.5,131.5,201.5,255.5,0,367,0,150,33.5,62.5,80.5,-38.0899,38.0994,-34.125,34.125,3.55447,8087,1064,100,372
1706673244920167578,23902,23902,9054,14848,0,0,0,4,0.00016735,0,255,135.761,38.64,50.5,81.5,132.5,202.5,255.5,5,419,0,255,34.5,62.5,86.5,-38.0248,38.5088,-33.875,34.125,3.50817,8090,894,100,437
1706673245020010224,23802,23802,8999,14803,0,0,0,17,0.000714226,6.26468,255,136.757,39.3098,47.5,82.5,133.5,206.5,255.5,0,357,0,239,32.5,61.5,78.5,-38.5087,38.1649,-34.125,35.125,3.33603,8096,1176,100,376
1706673245119846854,23889,23889,9006,14883,0,0,0,11,0.000460463,0,255,133.715,36.6065,53.5,82.5,130.5,198.5,254.5,4,236,0,150,31.5,55.5,70.5,-38.2029,38.4944,-34.125,34.125,3.26954,8100,1579,100,415
1706673245219691743,23907,23907,8962,14945,0,0,0,17,0.000711089,0,255,133.965,35.0073,53.5,80.5,132.5,197.5,255.5,6,248,0,150,30.5,48.5,62.5,-38.4822,38.2565,-34.625,34.125,3.32534,8114,1951,100,453
1706673245319547593,23898,23898,9030,14868,0,0,0,13,0.000543979,25.6857,255,134.15,33.2127,54.5,88.5,131.5,197.5,243.5,0,195,0,255,29.5,44.5,58.5,-38.3147,38.457,-34.625,34.625,3.04872,8140,2294,100,556
1706673245420195463,23926,23926,8907,15019,0,0,0,16,0.000668729,0,255,134.801,31.7528,59.5,87.5,132.5,190.5,237.5,2,140,0,150,30.5,49.5,61.5,-38.4355,38.3616,-34.625,34.625,3.19238,8147,1779,100,340
1706673245520026188,23900,23900,8843,15057,0,0,0,15,0.000627615,0,255,134.138,33.6161,54.5,85.5,132.5,191.5,236.5,3,159,0,150,30.5,53.5,64.5,-38.403,38.3962,-34.625,34.375,3.14607,8189,1547,100,317
1706673245619871688,23900,23900,8880,15020,0,0,0,15,0.000627615,0,255,134.18,32.3254,66.5,86.5,132.5,189.5,243.5,8,204,0,150,30.5,54.5,64.5,-38.3541,38.4331,-34.625,34.625,3.0974,8232,1334,100,306
1706673245719710031,23893,23893,8989,14904,0,0,0,16,0.000669652,0,255,133.94,32.4747,53.5,85.5,133.5,188.5,238.5,3,177,0,166,30.5,51.5,63.5,-38.4637,38.3142,-34.625,34.125,2.98699,8238,1751,100,400
1706673245819557732,23614,23614,9101,14513,0,0,0,12,0.000508173,7.19141,255,133.154,33.7729,51.5,86.5,130.5,196.5,255.5,0,246,0,163,28.5,45.5,57.5,-38.2553,38.4824,-34.375,34.125,3.11758,8269,2616,100,527
1706673245920193347,23674,23674,9137,14537,0,0,0,17,0.000718087,0,255,132.645,33.8471,49.5,85.5,130.5,195.5,250.5,14,196,0,255,28.5,46.5,58.5,-38.4993,37.9058,-34.125,33.875,3.09146,8290,2490,100,522
1706673246020037210,23880,23880,9087,14793,0,0,0,2,8.37521e-05,0,255,135.037,34.0261,46.5,81.5,134.5,193.5,245.5,12,192,0,255,31.5,52.5,65.5,-38.007,38.1891,-33.875,33.875,3.09621,8308,1900,100,416
1706673246119871007,23910,23910,9039,14871,0,0,0,9,0.000376412,0,255,133.351,33.4283,46.5,82.5,132.5,191.5,229.5,4,157,0,255,31.5,55.5,69.5,-38.1234,38.5141,-34.125,34.125,3.22206,8312,1500,100,456
1706673246219717347,23906,23906,9017,14889,0,0,0,18,0.000752949,4.18439,255,134.629,34.0048,51.5,83.5,133.5,192.5,242.5,0,181,0,151,31.5,55.5,69.5,-38.513,38.0671,-34.125,34.375,3.06653,8322,1627,100,431
1706673246319554387,23895,23895,9019,14876,0,0,0,11,0.000460347,0,255,135.215,33.5868,52.5,85.5,133.5,196.5,240.5,7,172,0,249,30.5,50.5,64.5,-38.1002,38.5065,-34.375,34.875,3.20425,8327,2011,100,521
1706673246420182869,23604,23604,8933,14671,0,0,0,17,0.000720217,0,255,132.639,33.9982,48.5,84.5,130.5,197.5,252.5,10,216,0,255,27.5,44.5,56.5,-38.4979,38.1644,-34.625,34.375,2.99886,8373,2536,100,541
1706673246520013547,23374,23374,8936,14438,0,0,0,12,0.000513391,0,255,132.204,33.4026,45.5,85.5,130.5,191.5,255.5,2,246,0,212,27.5,43.5,55.5,-38.2418,38.4875,-34.625,34.625,3.17338,8423,2772,100,483
1706673246619843208,23824,23824,9009,14815,0,0,0,16,0.000671592,0,255,133.102,33.4093,48.5,83.5,132.5,190.5,243.5,1,181,0,152,28.5,44.5,56.5,-38.4697,38.2971,-34.625,34.625,3.25292,8466,2321,100,353
1706673246719686862,23818,23818,8939,14879,0,0,0,14,0.000587791,0,255,133.968,33.5074,53.5,85.5,132.5,193.5,253.5,8,237,0,179,28.5,44.5,57.5,-38.3337,38.4468,-34.625,34.625,3.36927,8477,2084,100,378
1706673246819522699,23647,23647,8905,14742,0,0,0,16,0.000676619,0,255,132.209,33.3882,47.5,82.5,131.5,189.5,247.5,17,211,0,255,27.5,43.5,56.5,-38.4153,38.3814,-34.625,34.625,3.24224,8505,2661,100,568
1706673246920161613,23080,23080,8968,14112,0,0,0,16,0.000693241,0,255,131.437,33.6062,40.5,81.5,129.5,188.5,251.5,27,223,0,183,27.5,44.5,55.5,-38.4283,38.3667,-34.625,34.375,3.22443,8543,2971,100,548
1706673247020000666,23675,23675,9092,14583,0,0,0,14,0.000591341,0,255,132.636,34.1406,41.5,85.5,130.5,192.5,240.5,36,160,0,160,28.5,45.5,57.5,-38.309,38.4601,-34.375,34.125,3.35621,8568,2759,100,573
1706673247119833952,23750,23750,9139,14611,0,0,0,17,0.000715789,0,255,133.752,34.926,41.5,81.5,132.5,194.5,248.5,10,181,0,255,28.5,46.5,58.5,-38.482,37.8085,-34.125,33.875,3.28735,8585,2369,100,562
1706673247219661184,23742,23742,9150,14592,0,0,0,0,0,0,255,132.885,34.7077,37.5,80.5,132.5,192.5,236.5,12,157,0,150,28.5,46.5,58.5,-37.8283,38.2639,-33.875,33.875,3.20069,8601,2539,100,529
1706673247319899814,23644,23644,9038,14606,0,0,0,12,0.000507528,0,255,133.405,36.8694,24.5,73.5,132.5,196.5,245.5,100,191,0,151,28.5,45.5,57.5,-38.2482,38.4791,-33.875,34.125,3.2268,8625,2809,100,537
1706673247419734640,23580,23580,8990,14590,0,0,0,17,0.00072095,0,255,132.039,38.4232,4.5,67.5,132.5,196.5,247.5,166,206,0,163,28.5,45.5,56.5,-38.4946,38.2061,-34.375,34.625,3.17694,8650,2841,100,556
1706673247519574282,23611,23611,8965,14646,0,0,0,9,0.000381178,0,255,132.445,35.4985,34.5,74.5,132.5,191.5,241.5,18,179,0,150,28.5,45.5,57.5,-38.1433,38.5092,-34.375,34.625,3.05347,8672,2747,100,591
1706673247620212292,23560,23560,9019,14541,0,0,0,17,0.000721562,0,255,131.811,37.2657,29.5,61.5,132.5,192.5,251.5,34,213,0,249,28.5,45.5,57.5,-38.5149,38.0602,-34.625,34.375,3.08078,8703,2730,100,622
1706673247720052617,23508,23508,8966,14542,0,0,0,9,0.000382848,0,255,132.119,37.8295,17.5,67.5,132.5,195.5,240.5,101,186,0,255,27.5,45.5,56.5,-38.1382,38.5046,-34.625,34.625,2.98462,8735,2978,100,626
1706673247819908408,23493,23493,8896,14597,0,0,0,17,0.00072362,0,255,131.576,38.8195,12.5,68.5,130.5,198.5,254.5,40,234,0,150,27.5,45.5,56.5,-38.4934,38.2122,-34.625,34.625,3.14014,8770,3023,100,470
1706673247919749041,23217,23217,8985,14232,0,0,0,13,0.000559935,0,255,131.357,40.3013,4.5,60.5,131.5,198.5,255.5,80,256,0,157,27.5,44.5,57.5,-38.2802,38.4701,-34.625,34.625,3.14251,8832,2913,100,490
1706673248019605542,23088,23088,9003,14085,0,0,0,17,0.000736313,0,255,131.927,38.4869,24.5,65.5,131.5,197.5,255.5,77,234,0,151,27.5,44.5,56.5,-38.4527,38.3278,-34.625,34.625,3.08553,8878,2998,100,457
1706673248119845495,23228,23228,8972,14256,0,0,0,15,0.000645772,0,255,131.737,36.7244,26.5,69.5,131.5,191.5,250.5,69,213,0,162,27.5,43.5,56.5,-38.3659,38.4212,-34.625,34.375,3.02498,8955,3041,100,493
1706673248219695488,23228,23228,8999,14229,0,0,0,15,0.000645772,0,255,132.208,35.6786,33.5,78.5,130.5,194.5,240.5,23,185,0,255,27.5,43.5,55.5,-38.389,38.407,-34.375,34.125,3.22562,9011,3114,100,458
1706673248319528549,23526,23526,9081,14445,0,0,0,16,0.000680099,0,255,132.307,35.2558,39.5,76.5,131.5,193.5,240.5,5,196,0,255,27.5,43.5,55.5,-38.4384,37.6229,-34.125,33.625,3.30991,9035,3042,100,431
1706673248420172538,23534,23534,9117,14417,0,0,0,0,0,0,255,132.39,34.2918,38.5,82.5,131.5,189.5,244.5,4,209,0,153,28.5,43.5,55.5,-37.7441,38.3553,-33.875,34.125,3.46068,9068,2933,100,494
1706673248520007137,23542,23542,9056,14486,0,0,0,13,0.000552205,0,255,133.294,32.9884,46.5,86.5,131.5,191.5,240.5,4,168,0,150,28.5,43.5,56.5,-38.2768,38.4689,-34.125,34.125,3.4037,9092,2855,100,588
1706673248619845850,23730,23730,8922,14808,0,0,0,17,0.000716393,0,255,133.022,33.4221,41.5,87.5,131.5,191.5,243.5,27,187,0,171,28.5,43.5,57.5,-38.4989,38.2054,-34.125,34.375,3.29091,9109,2663,100,573
1706673248719675551,23823,23823,8921,14902,0,0,0,10,0.000419762,0,255,133.254,32.2985,54.5,90.5,130.5,191.5,249.5,4,197,0,255,29.5,44.5,58.5,-38.191,38.5036,-34.375,34.625,3.19713,9117,2498,100,637
1706673248819500063,23838,23838,8872,14966,0,0,0,17,0.000713147,0,255,133.019,33.3381,57.5,87.5,130.5,193.5,255.5,8,276,0,255,29.5,45.5,60.5,-38.5044,38.1345,-34.625,34.375,3.25648,9122,2315,100,494
1706673248920131569,23831,23831,9027,14804,0,0,0,12,0.000503546,0,255,133.61,34.2728,50.5,84.5,131.5,195.5,255.5,9,257,0,156,29.5,46.5,60.5,-38.0676,38.5121,-34.625,34.625,3.35383,9125,2186,100,352
1706673249019973261,23841,23841,8950,14891,0,0,0,18,0.000755002,0,255,133.936,33.4984,50.5,86.5,131.5,193.5,255.5,4,306,0,255,29.5,47.5,61.5,-38.5047,38.1266,-34.625,34.375,3.32059,9132,2316,100,431
1706673249119817622,23795,23795,8938,14857,0,0,0,10,0.000420256,0,255,132.72,33.6132,49.5,83.5,130.5,193.5,241.5,14,171,0,255,29.5,46.5,59.5,-38.1825,38.5033,-34.375,34.625,3.11521,9143,2458,100,444
1706673249219652256,23737,23737,8964,14773,0,0,0,17,0.000716181,0,255,132.262,34.6799,44.5,79.5,130.5,195.5,251.5,24,227,0,255,28.5,45.5,58.5,-38.4889,38.2291,-34.375,34.625,3.06772,9156,2672,100,483
1706673249319900286,23477,23477,9018,14459,0,0,0,13,0.000553733,0,255,132.173,36.8548,31.5,73.5,131.5,196.5,247.5,8,205,0,234,27.5,45.5,56.5,-38.2871,38.4742,-34.625,34.125,3.12233,9188,3040,100,469
1706673249419741632,23158,23158,9059,14099,0,0,0,16,0.000690906,0,255,132.17,37.8969,27.5,64.5,131.5,197.5,253.5,14,223,0,158,27.5,45.5,55.5,-38.431,38.3464,-34.375,34.125,3.06653,9221,2945,100,430
1706673249519582188,23143,23143,9022,14121,0,0,0,15,0.000648144,0,255,132.748,37.1109,30.5,70.5,132.5,196.5,244.5,24,178,0,255,28.5,44.5,55.5,-38.3929,37.6346,-34.125,33.875,3.0974,9263,2916,100,420
1706673249620224103,23151,23151,9175,13976,0,0,0,0,0,0,255,132.132,37.4616,25.5,68.5,130.5,196.5,251.5,57,220,0,255,27.5,44.5,56.5,-37.6066,38.4018,-33.875,34.125,3.07009,9288,2988,100,434
1706673249720053985,23442,23442,9093,14349,0,0,0,15,0.000639877,0,255,131.283,39.0671,12.5,58.5,130.5,196.5,251.5,80,226,0,255,27.5,44.5,55.5,-38.3611,38.4279,-34.125,34.125,3.11758,9307,3124,100,452
1706673249819889269,23514,23514,9029,14485,0,0,0,17,0.000722974,0,255,133.214,37.5898,21.5,70.5,132.5,197.5,249.5,115,205,0,150,27.5,45.5,56.5,-38.4593,38.3156,-34.125,34.625,3.22562,9332,2910,100,452
1706673249919723231,23268,23268,8910,14358,0,0,0,13,0.000558707,0,255,131.915,37.0218,32.5,75.5,130.5,193.5,255.5,19,270,0,255,27.5,45.5,54.5,-38.2731,38.48,-34.625,34.625,3.27073,9355,3100,100,443
1706673250019574992,22973,22973,8847,14126,0,0,0,17,0.000739999,0,255,131.99,38.3201,21.5,66.5,130.5,198.5,255.5,37,248,0,255,27.5,44.5,56.5,-38.4861,38.2171,-34.625,34.625,3.13658,9402,3060,100,401
1706673250120208708,23241,23241,8922,14319,0,0,0,10,0.000430274,0,255,132.947,37.0313,31.5,75.5,131.5,195.5,248.5,35,191,0,255,27.5,45.5,55.5,-38.1634,38.5053,-34.625,34.625,3.34077,9440,2926,100,360
1706673250220042475,23721,23721,9069,14652,0,0,0,18,0.000758821,0,255,134.331,36.0115,38.5,77.5,133.5,194.5,246.5,14,178,0,255,28.5,46.5,56.5,-38.51,38.0969,-34.625,34.375,3.33128,9449,2699,100,322
1706673250319884709,23742,23742,8962,14780,0,0,0,11,0.000463314,0,255,135.209,34.7125,41.5,82.5,133.5,192.5,238.5,22,191,0,150,28.5,46.5,56.5,-38.1169,38.5035,-34.375,34.625,3.31822,9460,2589,100,365
1706673250419738818,23668,23668,8990,14678,0,0,0,17,0.000718269,0,255,134.312,35.2872,41.5,81.5,132.5,197.5,240.5,22,183,0,255,28.5,45.5,55.5,-38.4989,38.1749,-34.125,34.375,3.22918,9494,2562,100,351
1706673250519589369,23199,23199,9054,14145,0,0,0,12,0.000517264,0,255,132.213,34.7335,39.5,82.5,130.5,193.5,234.5,13,160,0,255,27.5,44.5,55.5,-38.2191,38.4953,-34.625,34.125,3.17219,9533,2798,100,414
1706673250619832976,23713,23713,9055,14658,0,0,0,17,0.000716906,0,255,132.462,35.098,42.5,81.5,130.5,196.5,250.5,14,220,0,155,28.5,45.5,55.5,-38.4683,38.2871,-34.375,34.125,3.31822,9546,2600,100,534
1706673250719675733,23839,23839,9050,14789,0,0,0,14,0.000587273,0,255,132.754,35.3902,42.5,79.5,130.5,194.5,255.5,4,290,0,255,29.5,48.5,60.5,-38.3371,37.7562,-34.125,33.875,3.7278,9557,2069,100,341
1706673250819529932,23871,23871,9035,14836,0,0,0,0,0,0,255,134.139,33.792,52.5,84.5,132.5,194.5,254.5,8,224,0,255,30.5,48.5,62.5,-37.6567,38.447,-33.625,34.125,3.19238,9562,2056,100,331
1706673250920164533,23850,23850,9107,14743,0,0,0,16,0.00067086,0,255,133.743,34.0057,46.5,82.5,131.5,194.5,249.5,8,210,0,255,29.5,47.5,59.5,-38.4177,38.3801,-34.125,34.125,3.14845,9574,2237,100,371
1706673251020011069,23570,23570,9014,14556,0,0,0,15,0.000636402,0,255,132.91,34.2175,48.5,86.5,129.5,195.5,255.5,22,273,0,163,27.5,43.5,55.5,-38.4207,38.3753,-34.375,34.625,3.06535,9617,2385,100,453
1706673251119837483,23559,23559,8920,14639,0,0,0,14,0.000594253,0,255,134.017,33.9039,45.5,86.5,132.5,192.5,243.5,14,192,0,255,28.5,45.5,55.5,-38.3573,38.4262,-34.625,34.625,3.18169,9647,2673,100,407
1706673251219671026,23825,23825,8887,14938,0,0,0,16,0.000671563,0,255,135.315,35.7044,42.5,80.5,134.5,194.5,255.5,8,297,0,255,29.5,48.5,60.5,-38.4556,38.3264,-34.625,34.625,3.24699,9663,2002,100,412
1706673251319517173,23845,23845,8875,14970,0,0,0,12,0.00050325,0,255,135.311,34.7175,40.5,81.5,134.5,192.5,243.5,8,178,0,255,29.5,49.5,60.5,-38.2725,38.4736,-34.625,34.625,3.30041,9678,1907,100,311
1706673251420163417,23851,23851,8947,14904,0,0,0,17,0.000712758,0,255,136.244,33.986,45.5,85.5,134.5,192.5,255.5,11,239,0,150,29.5,47.5,60.5,-38.4951,38.2049,-34.625,34.625,3.36452,9687,1947,100,363
1706673251520007515,23468,23468,9075,14393,0,0,0,9,0.000383501,0,255,133.294,35.3695,38.5,76.5,132.5,191.5,245.5,13,202,0,255,27.5,46.5,56.5,-38.1251,38.5115,-34.375,34.625,3.31109,9723,2564,100,590
1706673251619850950,23526,23526,9041,14485,0,0,0,18,0.000765111,0,255,133.342,36.5599,36.5,80.5,130.5,200.5,246.5,61,177,0,255,27.5,45.5,55.5,-38.5054,38.0698,-34.125,34.375,3.37877,9759,2669,100,489
1706673251719691538,23738,23738,9066,14672,0,0,0,8,0.000337012,0,255,133.846,35.8968,40.5,80.5,131.5,197.5,255.5,27,239,0,255,28.5,46.5,57.5,-38.1188,38.5074,-34.125,34.125,3.31822,9765,2287,100,531
1706673251819538699,23834,23834,9050,14784,0,0,0,15,0.000629353,0,255,134.194,34.8849,48.5,83.5,132.5,198.5,245.5,10,179,0,255,29.5,47.5,61.5,-38.5004,38.1928,-34.625,33.875,3.20069,9778,2033,100,385
1706673251920177546,23846,23846,9019,14827,0,0,0,12,0.000503229,0,255,134.227,34.9866,45.5,82.5,132.5,197.5,244.5,8,205,0,255,29.5,47.5,60.5,-38.2377,37.9122,-34.125,33.875,3.22324,9794,1935,100,414
1706673252020010624,23687,23687,9051,14636,0,0,0,0,0,0,255,133.117,34.7785,44.5,80.5,130.5,193.5,255.5,8,263,0,255,28.5,45.5,56.5,-37.8443,38.4882,-33.875,34.125,3.22799,9811,2536,100,579
1706673252119849494,23103,23103,9113,13990,0,0,0,17,0.000735835,0,255,131.704,36.9493,35.5,71.5,130.5,195.5,255.5,41,244,0,157,27.5,44.5,55.5,-38.4706,38.2968,-34.125,34.375,3.17694,9843,2916,100,529
1706673252219700521,23656,23656,9086,14570,0,0,0,14,0.000591816,0,255,133.894,36.9511,37.5,72.5,132.5,194.5,255.5,26,258,0,167,27.5,46.5,56.5,-38.3499,38.4405,-34.375,34.625,3.19712,9864,2692,100,513
1706673252319527119,23782,23782,8899,14883,0,0,0,16,0.000672778,0,255,134.924,34.4967,44.5,82.5,133.5,193.5,239.5,5,160,0,150,28.5,46.5,57.5,-38.3948,38.3963,-34.625,34.625,4.19556,9889,2349,100,400
1706673252420180660,23745,23745,8845,14900,0,0,0,15,0.000631712,0,255,133.887,34.5429,43.5,82.5,131.5,190.5,255.5,5,253,0,151,28.5,45.5,56.5,-38.4071,38.3861,-34.625,34.625,3.97355,9902,2360,100,513
1706673252520040414,23279,23279,8877,14402,0,0,0,14,0.0006014,0,255,133.019,34.2578,44.5,84.5,130.5,193.5,249.5,13,197,0,208,27.5,44.5,55.5,-38.344,38.4425,-34.625,34.625,3.57703,9939,2931,100,569
1706673252619869479,23630,23630,8965,14665,0,0,0,16,0.000677105,0,255,131.896,35.2382,41.5,81.5,129.5,195.5,245.5,23,187,0,151,27.5,44.5,55.5,-38.4692,38.2949,-34.625,34.625,3.42507,9972,2763,100,556
1706673252719721776,23748,23748,9038,14710,0,0,0,12,0.000505306,0,255,133.604,35.835,43.5,78.5,131.5,199.5,251.5,1,195,0,255,28.5,47.5,58.5,-38.2314,38.4866,-34.125,34.625,3.28498,9993,2426,100,510
1706673252819554687,23757,23757,9059,14698,0,0,0,17,0.000715579,0,255,133.689,34.7411,46.5,82.5,130.5,198.5,242.5,28,171,0,195,28.5,46.5,57.5,-38.4984,38.176,-34.125,34.375,3.30753,10004,2482,100,597
1706673252920192935,23556,23556,9053,14503,0,0,0,0,0,0,255,132.602,35.7044,41.5,75.5,130.5,197.5,253.5,9,227,0,151,27.5,45.5,57.5,-37.995,38.5072,-34.125,34.125,3.10096,10021,2491,100,544
1706673253020032358,23059,23059,9107,13952,0,0,0,9,0.000390303,0,255,132.416,34.0523,38.5,79.5,131.5,190.5,243.5,4,177,0,152,26.5,43.5,54.5,-38.1301,38.0517,-34.125,34.125,3.15201,10069,2925,100,503
1706673253119875707,23516,23516,9095,14421,0,0,0,27,0.00114815,0,255,133.405,35.5125,32.5,80.5,131.5,194.5,255.5,3,265,0,195,26.5,45.5,55.5,-38.5175,38.082,-35.125,34.125,3.19,10108,2848,100,454
1706673253219720690,23554,23554,9044,14510,0,0,0,0,0,0,255,133.665,36.7893,37.5,78.5,131.5,201.5,248.5,34,186,0,221,26.5,44.5,55.5,-37.9852,38.5139,-33.875,34.125,3.33721,10132,2940,100,360
1706673253319568424,23020,23020,8992,14028,0,0,0,17,0.000738488,0,255,131.991,35.3508,37.5,73.5,130.5,191.5,250.5,9,219,0,255,26.5,43.5,56.5,-38.4946,38.2174,-34.125,34.375,3.17219,10178,3002,100,485
1706673253420220843,23316,23316,9094,14222,0,0,0,13,0.000557557,0,255,132.924,35.0593,37.5,80.5,130.5,195.5,241.5,4,190,0,151,26.5,44.5,56.5,-38.274,38.4734,-34.375,34.625,3.11165,10205,3054,100,522
1706673253520073871,23668,23668,8974,14694,0,0,0,16,0.000676018,0,255,133.577,35.663,38.5,77.5,131.5,195.5,251.5,22,196,0,151,27.5,45.5,55.5,-38.4461,38.3334,-34.625,34.625,3.16863,10231,2711,100,428
1706673253619923508,23454,23454,8868,14586,0,0,0,15,0.00063955,0,255,131.898,39.7855,12.5,65.5,130.5,200.5,255.5,80,307,0,235,27.5,45.5,55.5,-38.3756,38.4268,-34.625,34.625,3.15082,10257,2904,100,470
1706673253719761932,23183,23183,8838,14345,0,0,0,15,0.000647026,0,255,131.128,37.7712,17.5,65.5,130.5,193.5,255.5,91,249,0,255,27.5,45.5,56.5,-38.4036,38.3926,-34.625,34.625,3.16626,10336,2960,100,519
1706673253819603148,23476,23476,8861,14615,0,0,0,15,0.00063895,0,255,132.504,37.3662,28.5,68.5,132.5,196.5,255.5,35,258,0,159,27.5,45.5,56.5,-38.4102,38.3837,-34.625,34.625,3.32297,10371,2763,100,492
1706673253919826515,23676,23676,9006,14670,0,0,0,14,0.000591316,0,255,133.532,36.4139,29.5,77.5,132.5,194.5,249.5,35,218,0,166,28.5,46.5,56.5,-38.3324,38.4429,-34.125,34.625,3.25767,10381,2715,100,531
1706673254019661584,23751,23751,9125,14626,0,0,0,17,0.000715759,0,255,133.599,36.5904,32.5,70.5,134.5,193.5,243.5,42,216,0,150,28.5,47.5,58.5,-38.479,38.2705,-34.125,34.125,3.43219,10388,2507,100,537
1706673254119894335,23763,23763,9050,14713,0,0,0,0,0,0,255,134.623,36.5892,35.5,74.5,134.5,193.5,253.5,33,233,0,150,28.5,48.5,58.5,-37.9058,38.4986,-33.875,34.125,3.30991,10397,2453,100,446
1706673254219725430,23841,23841,9038,14803,0,0,0,10,0.000419445,0,255,135.027,35.6972,39.5,81.5,134.5,193.5,255.5,23,280,0,196,29.5,47.5,60.5,-38.1834,37.9829,-33.875,33.875,3.37995,10401,2211,100,409
1706673254319566811,23849,23849,9028,14821,0,0,0,17,0.000712818,0,255,135.536,34.2822,47.5,83.5,134.5,192.5,251.5,21,226,0,155,29.5,48.5,58.5,-38.5064,38.1459,-34.125,34.125,3.74798,10403,1963,100,407
1706673254420193688,23895,23895,9073,14822,0,0,0,7,0.000292948,7.37391,255,134.103,34.9615,47.5,85.5,131.5,194.5,255.5,0,343,0,150,29.5,48.5,61.5,-38.0795,38.5129,-34.375,34.125,3.0143,10405,1700,100,512
1706673254520032973,23959,23959,9007,14952,0,0,0,17,0.000709545,0,255,136.033,37.7014,44.5,82.5,133.5,200.5,255.5,3,346,0,151,31.5,53.5,70.5,-38.5044,38.1147,-34.125,34.375,3.19356,10405,1360,100,485
1706673254619866363,23950,23950,8979,14971,0,0,0,11,0.00045929,13.9124,255,138.171,38.4409,63.5,84.5,135.5,205.5,255.5,0,539,0,151,34.5,65.5,87.5,-38.1747,38.5031,-34.375,34.625,2.93594,10407,903,100,375
1706673254719703334,24000,24000,9034,14966,0,0,0,17,0.000708333,35.3096,255,138.51,34.049,75.5,90.5,137.5,193.5,255.5,0,449,7,150,38.5,72.5,86.5,-38.5024,38.2249,-34.625,34.375,2.99293,10407,259,100,2322
1706673254819547118,23998,23998,8949,15049,0,0,0,13,0.000541712,37.9539,255,138.164,34.1338,73.5,90.5,136.5,195.5,255.5,0,457,9,150,40.5,74.5,87.5,-38.2886,38.4763,-34.625,34.625,3.23868,10407,169,100,2488
1706673254920202698,24000,24000,8895,15105,0,0,0,16,0.000666667,30.4582,255,138.04,34.3073,78.5,89.5,135.5,195.5,255.5,0,480,8,150,41.5,74.5,86.5,-38.4491,38.3302,-34.625,34.375,3.20306,10408,159,100,2457
1706673255020046136,23999,23999,8925,15074,0,0,0,15,0.000625026,26.3874,255,138.328,35.6377,76.5,89.5,135.5,202.5,255.5,0,625,5,150,39.5,71.5,88.5,-38.375,38.4218,-34.375,34.625,2.94781,10408,190,100,2307
1706673255119893410,23999,23999,8998,15001,0,0,0,15,0.000625026,35.2739,255,138.043,35.4242,73.5,88.5,136.5,197.5,255.5,0,481,4,150,36.5,63.5,89.5,-38.3736,38.4167,-34.125,34.625,3.03092,10408,433,100,445
1706673255219734435,23927,23927,9085,14842,0,0,0,17,0.000710494,0,255,136.633,39.5718,56.5,81.5,133.5,211.5,255.5,6,601,0,150,32.5,57.5,79.5,-38.4565,38.3284,-34.125,34.125,2.96562,10410,1159,100,371
1706673255319572751,23888,23888,9190,14698,0,0,0,0,0,4.9001,255,134.516,37.9361,47.5,82.5,130.5,199.5,255.5,0,495,0,150,30.5,50.5,67.5,-37.7731,38.4767,-33.875,34.125,2.81247,10414,1624,100,428
1706673255420219920,23813,23813,9030,14783,0,0,0,13,0.00054592,0,255,134.848,34.7338,46.5,81.5,132.5,194.5,255.5,3,247,0,255,29.5,48.5,59.5,-38.273,37.8515,-34.125,33.875,2.89795,10418,2040,100,434
1706673255520062022,23592,23592,9035,14557,0,0,0,17,0.000720583,3.65252,255,132.915,34.8155,40.5,80.5,131.5,190.5,255.5,0,244,0,213,27.5,45.5,55.5,-38.4963,38.2315,-34.125,33.875,2.93594,10457,2562,100,527
1706673255619894186,23282,23282,9046,14236,0,0,0,10,0.000429516,0,255,131.834,35.1169,42.5,78.5,129.5,193.5,255.5,26,251,0,203,27.5,43.5,56.5,-38.1697,38.504,-34.625,34.375,3.12827,10500,2785,100,738
1706673255719721528,23799,23799,9003,14796,0,0,0,17,0.000714316,4.31864,255,133.878,33.4608,49.5,84.5,131.5,192.5,247.5,0,190,0,151,29.5,47.5,59.5,-38.5056,38.1114,-34.625,34.375,3.34909,10514,2317,100,672
1706673255819548495,23861,23861,9041,14820,0,0,0,13,0.000544822,0,255,134.481,33.5484,51.5,84.5,132.5,194.5,246.5,6,203,0,230,30.5,50.5,64.5,-38.0882,38.506,-34.375,34.625,3.34552,10523,1970,100,440
1706673255920179700,23903,23903,8987,14916,0,0,0,18,0.000753044,4.62347,255,133.334,33.4423,47.5,83.5,132.5,191.5,228.5,0,146,0,150,31.5,53.5,69.5,-38.5038,38.1627,-34.625,34.375,3.23393,10528,1825,100,372
1706673256020033403,23927,23927,8917,15010,0,0,0,11,0.000459732,0,255,134.055,37.7021,49.5,82.5,130.5,199.5,255.5,1,417,0,203,31.5,59.5,74.5,-38.2091,38.4939,-34.375,34.625,3.14845,10532,1614,100,342
1706673256119874427,23915,23915,8897,15018,0,0,0,17,0.000710851,0,255,135.011,37.6634,48.5,81.5,132.5,198.5,255.5,5,320,0,177,33.5,64.5,81.5,-38.4718,38.2835,-34.625,34.375,2.97868,10533,1090,100,335
1706673256219720077,23996,23996,8989,15007,0,0,0,14,0.000583431,14.074,255,137.004,37.0431,57.5,86.5,133.5,199.5,255.5,0,353,5,243,36.5,68.5,90.5,-38.3226,38.4604,-34.625,34.625,3.14251,10533,740,100,276
1706673256319563884,23996,23996,8977,15019,0,0,0,16,0.000666778,13.7764,255,137.644,38.7288,58.5,82.5,133.5,209.5,255.5,0,461,3,255,37.5,69.5,91.5,-38.426,38.3667,-34.125,34.625,2.98105,10533,751,100,293
1706673256420198404,23940,23940,9070,14870,0,0,0,15,0.000626566,0,255,136.302,36.5146,62.5,84.5,132.5,199.5,255.5,2,285,0,150,35.5,66.5,84.5,-38.3958,38.3878,-34.125,34.125,2.90507,10535,835,100,290
1706673256520027137,23843,23843,9104,14739,0,0,0,0,0,0,255,134.593,37.3756,51.5,81.5,130.5,197.5,255.5,1,327,0,150,33.5,64.5,83.5,-37.6364,38.44,-33.625,34.125,2.96918,10535,1156,100,300
1706673256619874223,23914,23914,9092,14822,0,0,0,15,0.000627248,0,255,134.515,35.9179,53.5,84.5,130.5,196.5,255.5,10,257,0,151,31.5,61.5,79.5,-38.3419,37.7283,-34.125,33.875,2.95019,10539,1611,100,278
1706673256719729077,23884,23884,9038,14846,0,0,0,17,0.000711774,0,255,134.702,34.1058,51.5,84.5,131.5,195.5,240.5,3,182,0,255,31.5,53.5,70.5,-38.462,38.3061,-34.125,34.125,2.97987,10550,1772,100,334
1706673256819573394,23864,23864,8994,14870,0,0,0,13,0.000544754,0,255,134.665,33.4974,57.5,86.5,131.5,197.5,251.5,5,234,0,224,29.5,47.5,61.5,-38.2757,38.4738,-34.625,34.125,3.02498,10566,2196,100,572
1706673256920207441,23722,23722,8960,14762,0,0,0,17,0.000716634,0,255,132.073,34.6108,46.5,81.5,129.5,193.5,255.5,5,263,0,158,27.5,44.5,57.5,-38.498,38.2205,-34.625,34.625,3.10571,10587,2535,100,613
1706673257020049666,23300,23300,9018,14282,0,0,0,10,0.000429185,0,255,132.257,34.2294,42.5,78.5,130.5,191.5,237.5,20,141,0,241,26.5,43.5,54.5,-38.1559,38.5076,-34.625,34.625,3.16626,10667,2953,100,459
1706673257119892753,23146,23146,8991,14155,0,0,0,18,0.000777672,0,255,131.164,36.3292,32.5,65.5,129.5,191.5,242.5,5,190,0,173,27.5,43.5,54.5,-38.5192,38.0646,-34.625,34.625,3.10334,10732,2829,100,409
1706673257219724340,23092,23092,8999,14093,0,0,0,11,0.000476355,0,255,132.39,35.0745,37.5,76.5,130.5,192.5,244.5,17,178,0,150,27.5,43.5,54.5,-38.1099,38.5109,-34.625,34.625,3.56041,10796,2672,100,471
1706673257319546081,23741,23741,8975,14766,0,0,0,17,0.000716061,0,255,133.273,34.7744,43.5,82.5,130.5,195.5,255.5,12,242,0,255,27.5,45.5,55.5,-38.5053,38.1654,-34.625,34.375,3.20425,10812,2672,100,520
1706673257420183507,23824,23824,8919,14905,0,0,0,12,0.000503694,0,255,134.869,34.3319,48.5,83.5,132.5,196.5,246.5,8,191,0,180,29.5,48.5,59.5,-38.2378,38.4864,-34.375,34.625,3.21137,10822,2231,100,471
1706673257520037179,23851,23851,8966,14885,0,0,0,17,0.000712758,3.99253,255,134.56,34.1302,49.5,84.5,132.5,194.5,245.5,0,203,0,150,30.5,50.5,63.5,-38.4655,38.2989,-34.125,34.625,3.26836,10829,2001,100,403
1706673257619880560,23848,23848,9039,14809,0,0,0,14,0.000587051,0,255,135.145,35.4997,46.5,83.5,132.5,197.5,253.5,6,230,0,198,30.5,50.5,62.5,-38.3645,38.4355,-34.125,34.125,3.06178,10840,1984,100,426
1706673257719721705,23833,23833,9124,14709,0,0,0,0,0,4.15125,255,134.518,35.3151,46.5,82.5,132.5,200.5,252.5,0,224,0,202,30.5,48.5,60.5,-37.6315,38.3854,-33.625,34.125,3.13064,10852,2150,100,481
1706673257819558933,23765,23765,9104,14661,0,0,0,16,0.000673259,0,255,133.329,34.2148,46.5,85.5,130.5,197.5,255.5,16,259,0,255,28.5,45.5,56.5,-38.4121,37.5607,-34.125,33.625,3.09384,10865,2508,100,607
1706673257920194099,23131,23131,9025,14106,0,0,0,15,0.00064848,0,255,130.563,34.8785,38.5,77.5,128.5,189.5,255.5,12,242,0,151,26.5,43.5,56.5,-38.4107,38.3947,-34.375,34.125,3.11521,10915,2971,100,455
1706673258020022028,23722,23722,9002,14720,0,0,0,14,0.000590169,0,255,134.061,33.3998,44.5,87.5,131.5,193.5,255.5,3,239,0,255,28.5,45.5,56.5,-38.34,38.4456,-34.625,34.125,3.15676,10929,2616,100,398
1706673258119868635,23870,23870,8921,14949,0,0,0,17,0.000712191,0,255,133.799,32.3235,46.5,84.5,132.5,189.5,239.5,10,173,0,255,29.5,47.5,57.5,-38.4749,38.2798,-34.625,34.375,3.1342,10934,2017,100,358
1706673258219709175,23935,23935,8891,15044,0,0,0,13,0.000543138,4.87692,255,133.524,34.1637,53.5,85.5,130.5,193.5,255.5,0,240,1,255,29.5,54.5,68.5,-38.2419,38.4838,-34.375,34.625,3.16507,10936,1476,100,315
1706673258319542416,23888,23888,8942,14946,0,0,0,18,0.000753516,0,255,134.352,37.6735,55.5,78.5,133.5,198.5,255.5,4,448,0,150,31.5,61.5,74.5,-38.5015,38.1843,-34.625,34.375,3.21375,10941,1171,100,367
1706673258420177222,24000,24000,8983,15017,0,0,0,11,0.000458333,19.645,255,138.793,35.4314,64.5,89.5,136.5,201.5,255.5,0,441,4,150,41.5,70.5,88.5,-38.1197,38.5072,-34.375,34.625,3.10571,10941,322,100,1628
1706673258520014262,23998,23998,9042,14956,0,0,0,17,0.000708392,20.8848,255,138.396,33.8176,64.5,88.5,136.5,193.5,255.5,0,434,5,150,46.5,71.5,90.5,-38.5054,38.0767,-34.625,34.375,3.09503,10942,118,100,2227
1706673258619863912,23989,23989,9019,14970,0,0,0,9,0.000375172,18.6667,255,138.688,30.0769,68.5,95.5,136.5,185.5,248.5,0,159,5,150,48.5,71.5,90.5,-38.1469,38.5081,-34.375,34.625,3.04991,10942,86,86,1495
1706673258719697426,23980,23980,8986,14994,0,0,0,17,0.000708924,21.3588,255,139.751,31.5873,72.5,95.5,137.5,189.5,255.5,0,426,0,150,47.5,69.5,85.5,-38.5055,38.1979,-34.125,34.375,2.99055,10942,77,77,1411
1706673258819538896,23995,23995,9026,14969,0,0,0,12,0.000500104,24.8867,255,139.559,32.198,68.5,91.5,137.5,190.5,255.5,0,339,5,150,45.5,70.5,87.5,-38.247,38.4898,-33.875,34.125,3.00124,10942,97,97,1875
1706673258920174989,23999,23999,9148,14851,0,0,0,0,0,16.7862,255,138.609,32.3742,76.5,89.5,136.5,191.5,255.5,0,314,6,150,40.5,66.5,84.5,-37.8276,38.3053,-33.875,34.125,2.84097,10942,192,100,1971
1706673259020012773,23993,23993,9155,14838,0,0,0,17,0.00070854,4.7268,255,137.637,34.1412,67.5,87.5,134.5,193.5,255.5,0,322,0,150,34.5,63.5,80.5,-38.4669,37.7093,-34.125,33.875,2.94188,11011,581,100,1419
1706673259119843696,23946,23946,9075,14871,0,0,0,15,0.000626409,0,255,135.474,37.4618,48.5,82.5,132.5,199.5,255.5,2,369,0,255,30.5,53.5,75.5,-38.3601,38.4315,-34.125,34.125,3.02973,11315,1492,100,565
1706673259219687841,23906,23906,8980,14926,0,0,0,15,0.000627458,0,255,133.903,35.3686,46.5,78.5,132.5,196.5,255.5,2,260,0,255,28.5,47.5,89.5,-38.4054,38.3909,-34.375,34.125,3.21849,11703,1890,100,945
1706673259319529324,23899,23899,8929,14970,0,0,0,16,0.000669484,0,255,134.226,33.9959,48.5,83.5,133.5,191.5,249.5,15,208,0,163,28.5,47.5,78.5,-38.4331,38.3664,-34.625,34.625,3.29804,12096,1878,100,740
1706673259420166107,23965,23965,8948,15017,0,0,0,14,0.000584185,0,255,134.373,39.5423,41.5,76.5,132.5,205.5,255.5,6,294,0,151,31.5,55.5,73.5,-38.306,38.4576,-34.625,34.625,3.32772,12177,1203,100,880
1706673259519997320,23999,23999,8939,15060,0,0,0,17,0.000708363,11.2361,255,136.759,35.7372,41.5,84.5,136.5,193.5,237.5,0,174,1,150,36.5,71.5,86.5,-38.4846,38.2507,-34.625,34.625,3.33009,12178,537,100,1282
1706673259619825458,24000,24000,9012,14988,0,0,0,12,0.0005,9.80926,255,138.033,35.8502,42.5,84.5,137.5,197.5,253.5,0,210,4,150,44.5,77.5,92.5,-38.215,38.4994,-34.375,34.625,3.38826,12178,152,100,2344
1706673259719666219,23999,23999,8945,15054,0,0,0,17,0.000708363,9.29655,255,138.702,36.7275,29.5,82.5,138.5,193.5,255.5,0,531,4,150,49.5,81.5,104.5,-38.509,38.1539,-34.625,34.375,3.29804,12178,100,100,1876
1706673259819521968,23999,23999,9082,14917,0,0,0,11,0.000458352,9.28302,255,138.055,34.6787,31.5,89.5,137.5,190.5,255.5,0,380,4,150,51.5,77.5,97.5,-38.082,38.5081,-34.375,34.125,3.09978,12178,81,81,1530
1706673259920161312,23994,23994,9060,14934,0,0,0,17,0.00070851,9.66795,255,139.044,37.0643,14.5,89.5,138.5,194.5,255.5,0,568,4,150,50.5,76.5,98.5,-38.5187,38.1013,-34.125,34.625,2.99293,12179,87,87,1602
1706673260019994146,23996,23996,9049,14947,0,0,0,10,0.000416736,7.22489,255,138.379,36.0186,13.5,86.5,137.5,193.5,255.5,0,366,3,151,48.5,77.5,102.5,-38.1745,38.5034,-33.875,34.125,2.97393,12179,95,95,1941
1706673260119831220,23999,23999,9045,14954,0,0,0,0,0,9.49014,255,138.142,37.0705,29.5,84.5,136.5,201.5,255.5,0,397,4,151,43.5,75.5,98.5,-37.9337,38.2265,-33.875,33.875,2.86946,12179,155,100,2377
1706673260219681044,24000,24000,9105,14895,0,0,0,17,0.000708333,10.6031,255,137.173,34.1534,60.5,86.5,134.5,192.5,255.5,0,254,4,150,37.5,69.5,86.5,-38.4958,37.8514,-34.125,33.875,2.7733,12179,271,100,1771
1706673260319524867,23996,23996,9152,14844,0,0,0,13,0.000541757,0,255,135.292,38.6769,40.5,80.5,132.5,200.5,255.5,2,378,0,255,34.5,66.5,84.5,-38.2896,38.4697,-34.125,34.125,2.81722,12180,666,100,516
1706673260420157671,23828,23828,8976,14852,0,0,0,17,0.000713446,0,255,135.511,39.1057,46.5,82.5,131.5,205.5,255.5,15,341,0,151,30.5,56.5,76.5,-38.4435,38.3342,-34.625,34.125,2.95256,12184,1349,100,347
1706673260519995933,23873,23873,8857,15016,0,0,0,15,0.000628325,0,255,133.978,37.6543,40.5,77.5,131.5,197.5,255.5,3,286,0,255,30.5,49.5,62.5,-38.3816,38.4155,-34.625,34.625,3.01905,12193,1791,100,425
1706673260619846172,23814,23814,8863,14951,0,0,0,15,0.000629882,0,255,134.571,36.8166,39.5,75.5,134.5,199.5,255.5,7,245,0,150,29.5,49.5,62.5,-38.3734,38.4109,-34.625,34.625,3.02261,12211,2129,100,674
1706673260719690626,23726,23726,8934,14792,0,0,0,17,0.000716514,0,255,133.115,36.5198,34.5,72.5,132.5,193.5,251.5,18,224,0,229,28.5,45.5,56.5,-38.4532,38.3222,-34.625,34.625,2.97749,12244,2592,100,621
1706673260819536722,23495,23495,8990,14505,0,0,0,13,0.000553309,0,255,131.727,40.4706,13.5,58.5,131.5,196.5,254.5,142,226,0,150,27.5,45.5,56.5,-38.2825,38.4757,-34.625,34.625,3.00836,12288,2728,100,568
1706673260920181907,23419,23419,8972,14447,0,0,0,17,0.000725906,0,255,132.355,39.0264,15.5,61.5,132.5,196.5,245.5,74,206,0,181,27.5,44.5,55.5,-38.4964,38.2373,-34.625,34.375,2.98462,12344,2795,100,628
1706673261020017749,23534,23534,8999,14535,0,0,0,10,0.000424917,0,255,132.591,39.1845,11.5,60.5,133.5,196.5,254.5,14,227,0,255,28.5,44.5,55.5,-38.1753,38.5012,-34.375,34.125,3.04279,12375,2721,100,569
1706673261119875669,23698,23698,9033,14665,0,0,0,18,0.000759558,0,255,131.829,39.521,19.5,59.5,132.5,195.5,250.5,63,217,0,226,28.5,46.5,57.5,-38.5073,38.0004,-34.125,34.375,2.94781,12395,2499,100,614
1706673261219713593,23776,23776,9096,14680,0,0,0,6,0.000252355,0,255,133.203,37.7259,28.5,64.5,134.5,192.5,255.5,68,271,0,197,29.5,47.5,57.5,-38.0562,38.5069,-34.125,34.875,3.0974,12406,2371,100,700
1706673261319554355,23786,23786,9089,14697,0,0,0,6,0.000252249,0,255,134.724,35.4511,36.5,74.5,135.5,191.5,248.5,2,218,0,150,29.5,47.5,56.5,-38.0541,38.1327,-34.125,34.125,3.02023,12422,2380,100,725
1706673261420202986,23786,23786,9048,14738,0,0,0,17,0.000714706,0,255,134.081,35.5666,32.5,77.5,134.5,191.5,251.5,18,229,0,255,29.5,47.5,57.5,-38.5123,37.9951,-34.125,33.875,3.03923,12440,2400,100,655
1706673261520043093,23823,23823,9097,14726,0,0,0,11,0.000461739,0,255,135.073,34.1108,39.5,80.5,135.5,191.5,237.5,7,152,0,255,29.5,46.5,56.5,-38.1808,38.4977,-34.125,34.125,3.09146,12455,2323,100,592
1706673261619874035,23815,23815,8996,14819,0,0,0,17,0.000713836,0,255,134.686,34.3096,38.5,79.5,134.5,190.5,244.5,7,173,0,255,29.5,47.5,56.5,-38.498,38.2464,-34.625,34.125,3.11996,12463,2319,100,533
1706673261719711444,23787,23787,8953,14834,0,0,0,13,0.000546517,0,255,134.88,35.1109,35.5,75.5,135.5,192.5,242.5,29,196,0,151,29.5,46.5,56.5,-38.3047,38.4633,-34.625,34.625,2.91695,12484,2438,100,549
1706673261819567364,23732,23732,8838,14894,0,0,0,16,0.000674195,0,255,134.451,36.2076,33.5,71.5,134.5,193.5,243.5,3,174,0,173,29.5,45.5,55.5,-38.4312,38.3564,-34.625,34.625,3.03329,12504,2600,100,589
1706673261920221950,23565,23565,8866,14699,0,0,0,15,0.000636537,0,255,133.647,37.1369,28.5,69.5,134.5,194.5,244.5,13,180,0,155,28.5,45.5,55.5,-38.379,38.407,-34.625,34.625,3.04991,12539,2652,100,654
1706673262020059382,23371,23371,8959,14412,0,0,0,15,0.000641821,0,255,131.205,37.7189,26.5,64.5,131.5,192.5,246.5,36,177,0,255,27.5,44.5,54.5,-38.3731,38.4257,-34.625,34.625,2.94425,12605,2882,100,607
1706673262119904066,23243,23243,9115,14128,0,0,0,17,0.000731403,0,255,132.343,37.0548,29.5,70.5,131.5,195.5,255.5,42,242,0,255,27.5,43.5,54.5,-38.4535,38.3265,-34.625,34.375,3.05703,12679,2809,100,535
1706673262219753604,23629,23629,9045,14584,0,0,0,13,0.000550171,0,255,133.599,34.6582,42.5,78.5,132.5,191.5,250.5,14,214,0,255,27.5,44.5,54.5,-38.2872,38.4727,-34.375,34.125,3.07247,12701,2922,100,569
1706673262319598706,23726,23726,9009,14717,0,0,0,17,0.000716514,0,255,132.991,33.5914,45.5,82.5,131.5,190.5,247.5,5,153,0,150,28.5,43.5,52.5,-38.4993,37.8721,-34.125,33.875,3.05585,12721,2731,100,541
1706673262419851108,23736,23736,9057,14679,0,0,0,0,0,0,255,133.281,33.689,40.5,79.5,132.5,190.5,235.5,4,166,0,151,28.5,43.5,53.5,-37.962,38.5011,-33.875,34.625,3.11521,12733,2507,100,546
1706673262519693024,23779,23779,9089,14690,0,0,0,10,0.000420539,0,255,133.081,34.3149,43.5,81.5,132.5,193.5,243.5,16,194,0,151,28.5,44.5,55.5,-38.1509,38.4863,-34.125,34.625,3.18525,12742,2470,100,505
1706673262619517562,23790,23790,9040,14750,0,0,0,18,0.00075662,0,255,133.525,33.9855,42.5,78.5,133.5,190.5,239.5,12,153,0,154,28.5,44.5,55.5,-38.514,38.0901,-34.125,34.125,3.24936,12759,2428,100,467
1706673262720144811,23737,23737,9087,14650,0,0,0,11,0.000463412,0,255,133.651,34.8682,42.5,79.5,132.5,193.5,246.5,27,213,0,152,28.5,43.5,54.5,-38.1027,38.5119,-34.375,34.125,3.08553,12776,2573,100,531
1706673262819988868,23266,23266,9052,14214,0,0,0,17,0.00073068,0,255,132.002,35.5235,38.5,76.5,131.5,192.5,249.5,28,210,0,213,27.5,42.5,54.5,-38.5044,38.145,-34.625,34.375,3.06772,12834,2888,100,533
1706673262919838705,23634,23634,8924,14710,0,0,0,11,0.000465431,0,255,132.538,35.1412,42.5,75.5,131.5,192.5,250.5,3,227,0,255,27.5,44.5,54.5,-38.2275,38.4945,-34.625,34.625,3.20425,12868,2727,100,578
1706673263019673346,23750,23750,8851,14899,0,0,0,16,0.000673684,0,255,133.267,35.9635,42.5,76.5,132.5,196.5,249.5,17,204,0,212,28.5,45.5,58.5,-38.4662,38.2784,-34.625,34.625,3.05347,12882,2358,100,562
1706673263119506451,23689,23689,8865,14824,0,0,0,14,0.000590992,0,255,132.477,35.7725,42.5,74.5,132.5,192.5,243.5,8,196,0,151,27.5,44.5,56.5,-38.3289,38.4486,-34.625,34.625,3.20306,12897,2558,100,663
1706673263220144164,23670,23670,8922,14748,0,0,0,16,0.000675961,0,255,133.312,34.0083,45.5,77.5,132.5,191.5,236.5,8,140,0,153,28.5,43.5,53.5,-38.4303,38.365,-34.625,34.625,2.97987,12917,2616,100,711
1706673263319982351,23705,23705,9043,14662,0,0,0,16,0.000674963,0,255,132.578,34.379,49.5,79.5,130.5,191.5,251.5,16,207,0,170,27.5,42.5,53.5,-38.4075,38.3956,-34.625,34.125,3.10096,12940,2830,100,632
1706673263419830326,23538,23538,9112,14426,0,0,0,15,0.000637267,0,255,131.886,34.2826,38.5,80.5,131.5,189.5,237.5,8,170,0,226,27.5,42.5,53.5,-38.3565,38.4321,-34.125,34.125,2.968,12974,2780,100,603
1706673263519676108,23695,23695,9057,14638,0,0,0,16,0.000675248,0,255,132.274,33.9782,41.5,80.5,131.5,190.5,239.5,3,182,0,189,27.5,42.5,52.5,-38.4692,37.7251,-34.125,33.875,3.06653,13002,2805,100,514
1706673263619505548,23699,23699,9052,14647,0,0,0,0,0,0,255,133.346,33.9122,44.5,83.5,131.5,192.5,243.5,6,199,0,151,27.5,42.5,52.5,-37.856,38.3039,-33.875,34.125,3.12233,13018,2788,100,556
1706673263720147070,23639,23639,9030,14609,0,0,0,11,0.000465333,0,255,132.425,34.5906,45.5,81.5,130.5,192.5,245.5,24,197,0,218,27.5,42.5,54.5,-38.233,38.4917,-33.875,35.125,3.15201,13032,2633,100,595
1706673263819990535,23590,23590,9041,14549,0,0,0,17,0.000720644,0,255,132.187,34.2103,46.5,80.5,130.5,190.5,237.5,9,173,0,219,27.5,41.5,53.5,-38.4985,38.1807,-34.125,34.125,3.39657,13050,2803,100,570
1706673263919845696,23587,23587,8989,14598,0,0,0,11,0.000466359,0,255,132.55,34.2224,43.5,79.5,131.5,191.5,241.5,18,188,0,243,27.5,42.5,53.5,-38.097,38.5141,-34.375,34.125,3.4132,13068,2783,100,520
1706673264019670188,23673,23673,9047,14626,0,0,0,17,0.000718118,0,255,132.032,35.8906,40.5,74.5,130.5,192.5,255.5,16,257,0,150,27.5,42.5,52.5,-38.5153,38.087,-34.625,34.375,3.14251,13103,2851,100,558
1706673264119524622,23614,23614,9000,14614,0,0,0,9,0.00038113,0,255,133.015,33.1755,47.5,84.5,132.5,190.5,235.5,16,174,0,152,27.5,42.5,52.5,-38.1384,38.5015,-34.375,34.625,3.33603,13112,2715,100,660
1706673264220172408,23756,23756,8819,14937,0,0,0,18,0.000757703,0,255,133.681,32.789,48.5,85.5,132.5,190.5,236.5,19,163,0,182,27.5,42.5,52.5,-38.4968,38.2006,-34.625,34.375,3.10334,13121,2463,100,685
1706673264320009471,23780,23780,8839,14941,0,0,0,12,0.000504626,0,255,134.211,33.3131,49.5,86.5,132.5,193.5,240.5,3,167,0,156,28.5,43.5,54.5,-38.2516,38.4826,-34.625,34.625,3.0416,13139,2472,100,603
1706673264419843271,23818,23818,8921,14897,0,0,0,17,0.000713746,0,255,134.177,33.3597,50.5,85.5,132.5,193.5,241.5,7,144,0,153,28.5,43.5,54.5,-38.4614,38.2932,-34.625,34.625,2.94544,13143,2347,100,597
1706673264519688741,23806,23806,9056,14750,0,0,0,14,0.000588087,0,255,133.82,32.8907,53.5,85.5,132.5,191.5,241.5,2,142,0,151,27.5,42.5,53.5,-38.3341,38.4517,-34.625,34.125,2.98936,13157,2527,100,580
1706673264619521799,23754,23754,9069,14685,0,0,0,15,0.000631473,0,255,133.156,34.4753,47.5,83.5,131.5,195.5,251.5,1,233,0,151,27.5,42.5,53.5,-38.4003,38.3838,-34.125,34.125,2.96443,13188,2678,100,523
1706673264720156558,23633,23633,9057,14576,0,0,0,16,0.000677019,0,255,132.658,35.0539,43.5,81.5,130.5,194.5,255.5,16,240,0,162,27.5,41.5,52.5,-38.3981,37.5416,-34.125,33.625,3.0321,13226,2740,100,529
1706673264819995615,23485,23485,9060,14425,0,0,0,0,0,0,255,131.652,33.8915,44.5,81.5,131.5,189.5,246.5,16,193,0,234,27.5,42.5,53.5,-37.6383,38.3972,-33.875,34.125,2.92882,13272,2877,100,563
1706673264919844479,23722,23722,9021,14701,0,0,0,15,0.000632324,0,255,131.941,35.7515,40.5,77.5,130.5,195.5,249.5,30,207,0,207,27.5,43.5,53.5,-38.3476,38.4426,-34.125,34.125,2.97274,13285,2471,100,477
1706673265019681116,23814,23814,9042,14772,0,0,0,16,0.000671874,0,255,132.979,35.4791,42.5,81.5,130.5,197.5,245.5,8,192,0,151,27.5,43.5,55.5,-38.4593,38.3036,-34.125,34.875,2.97393,13291,2375,100,559
1706673265119537058,23786,23786,8988,14798,0,0,0,12,0.000504498,0,255,132.226,35.0475,44.5,79.5,130.5,193.5,255.5,22,243,0,212,28.5,44.5,56.5,-38.2485,38.4898,-34.625,34.375,2.82909,13304,2279,100,697
1706673265220180270,23740,23740,8925,14815,0,0,0,17,0.000716091,0,255,133.97,35.4741,44.5,80.5,131.5,197.5,250.5,11,210,0,236,27.5,42.5,54.5,-38.5076,38.1677,-34.625,34.375,2.93713,13321,2406,100,717
1706673265320028037,23647,23647,9025,14622,0,0,0,9,0.000380598,0,255,132.803,33.396,43.5,86.5,131.5,192.5,240.5,9,172,0,187,27.5,41.5,53.5,-38.127,38.5071,-34.375,34.625,3.05585,13334,2708,100,595
1706673265419862624,23430,23430,8978,14452,0,0,0,17,0.000725566,0,255,132.513,34.9924,43.5,81.5,130.5,194.5,255.5,12,243,0,223,26.5,41.5,53.5,-38.5136,38.0683,-34.625,34.625,3.00361,13363,2832,100,537
1706673265519702128,23395,23395,8891,14504,0,0,0,9,0.000384698,0,255,132.497,35.7257,39.5,81.5,130.5,196.5,255.5,48,235,0,243,26.5,42.5,55.5,-38.151,38.504,-34.625,34.625,3.19356,13408,2825,100,548
1706673265619547612,23730,23730,8889,14841,0,0,0,17,0.000716393,0,255,132.531,34.1897,43.5,83.5,130.5,193.5,255.5,5,250,0,151,27.5,42.5,54.5,-38.4955,38.2241,-34.625,34.375,3.07841,13459,2550,100,580
1706673265720189504,23839,23839,8994,14845,0,0,0,13,0.000545325,0,255,132.178,34.1203,53.5,83.5,130.5,194.5,246.5,18,186,0,152,28.5,43.5,56.5,-38.2649,38.4762,-34.375,34.125,3.28498,13478,2189,100,519
1706673265820012698,23869,23869,9107,14762,0,0,0,17,0.000712221,0,255,133.167,33.1898,51.5,84.5,131.5,194.5,239.5,6,165,0,255,28.5,45.5,57.5,-38.4451,38.3446,-34.125,34.125,3.5794,13483,1910,100,396
1706673265919852833,23854,23854,9120,14734,0,0,0,15,0.000628825,0,255,133.8,34.4301,60.5,84.5,131.5,197.5,255.5,12,287,0,156,28.5,44.5,57.5,-38.3761,37.6552,-34.125,33.625,4.05547,13491,2059,100,447
1706673266019708519,23768,23768,9069,14699,0,0,0,0,0,0,255,133.458,35.4406,46.5,81.5,131.5,196.5,255.5,10,238,0,204,27.5,43.5,57.5,-37.5861,38.4154,-33.625,34.125,3.51767,13513,2454,100,659
1706673266119542676,23774,23774,9007,14767,0,0,0,15,0.000630941,0,255,133.375,35.1714,45.5,82.5,130.5,198.5,250.5,5,216,0,187,27.5,42.5,54.5,-38.3884,38.402,-34.125,34.125,3.49155,13533,2658,100,670
1706673266220179975,23473,23473,9048,14425,0,0,0,17,0.000724236,0,255,131.579,33.9546,41.5,82.5,130.5,188.5,243.5,9,193,0,255,26.5,41.5,52.5,-38.4447,38.335,-34.125,34.625,3.24461,13587,2689,100,435
1706673266320029051,23325,23325,9053,14272,0,0,0,14,0.000600214,0,255,132.969,36.2733,35.5,76.5,132.5,193.5,255.5,42,246,0,150,27.5,43.5,55.5,-38.3047,38.4657,-34.625,34.625,3.34196,13671,2910,100,401
1706673266419874184,23762,23762,8956,14806,0,0,0,17,0.000715428,0,255,134.563,34.7024,36.5,84.5,134.5,191.5,251.5,23,207,0,151,28.5,44.5,55.5,-38.4928,38.2598,-34.625,34.625,3.27073,13686,2497,100,348
1706673266519715089,23788,23788,8903,14885,0,0,0,11,0.000462418,0,255,135.177,35.2501,37.5,83.5,134.5,192.5,244.5,20,195,0,252,28.5,45.5,55.5,-38.2011,38.5011,-34.625,34.625,3.38589,13699,2369,100,375
1706673266619554256,23760,23760,8968,14792,0,0,0,17,0.000715488,0,255,134.584,35.0084,40.5,83.5,133.5,193.5,241.5,26,160,0,150,27.5,44.5,55.5,-38.5153,38.1219,-34.625,34.375,3.53192,13711,2491,100,352
1706673266720200683,23521,23521,8985,14536,0,0,0,12,0.000510182,0,255,133.298,36.4049,28.5,74.5,133.5,193.5,242.5,52,197,0,154,27.5,43.5,53.5,-38.0661,38.5117,-34.625,34.625,3.47374,13745,2784,100,472
1706673266820035715,23435,23435,8935,14500,0,0,0,18,0.000768082,0,255,131.344,37.9434,29.5,63.5,131.5,195.5,250.5,24,221,0,153,26.5,43.5,55.5,-38.4969,38.1529,-34.625,34.375,3.26717,13845,2825,100,465
1706673266919888215,23649,23649,8982,14667,0,0,0,11,0.000465136,0,255,133.925,38.1789,21.5,72.5,134.5,197.5,241.5,47,173,0,235,27.5,45.5,56.5,-38.1963,38.5031,-34.625,34.125,3.18407,13869,2598,100,509
1706673267019722160,23839,23839,9052,14787,0,0,0,17,0.000713117,0,255,131.921,38.6796,23.5,64.5,133.5,192.5,243.5,43,199,0,155,28.5,45.5,56.5,-38.4885,38.2294,-34.125,33.875,3.04754,13889,2437,100,455
1706673267119554750,23659,23659,9118,14541,0,0,0,14,0.000591741,0,255,131.724,38.9921,25.5,63.5,133.5,194.5,247.5,79,195,0,150,27.5,45.5,54.5,-38.3007,37.861,-34.125,33.875,3.22918,13904,2548,100,530
1706673267220194394,23722,23722,9146,14576,0,0,0,0,0,0,255,131.664,39.604,30.5,60.5,132.5,196.5,247.5,48,212,0,152,27.5,45.5,55.5,-37.748,38.466,-33.875,34.125,2.98343,13916,2315,100,667
1706673267320030537,23807,23807,8971,14836,0,0,0,17,0.000714076,0,255,134.096,37.3972,33.5,69.5,135.5,194.5,237.5,12,169,0,178,28.5,47.5,56.5,-38.4479,38.3289,-34.125,34.125,3.26717,13924,2218,100,616
1706673267419870998,23793,23793,8947,14846,0,0,0,15,0.000630438,0,255,134.467,37.2705,34.5,71.5,135.5,195.5,255.5,6,248,0,173,28.5,47.5,57.5,-38.3816,38.4118,-34.125,34.625,3.41438,13935,2263,100,496
1706673267519701859,23803,23803,8910,14893,0,0,0,14,0.000588161,0,255,134.185,36.2297,32.5,77.5,134.5,193.5,248.5,58,213,0,237,28.5,47.5,57.5,-38.3662,38.4178,-34.375,34.625,3.08434,13944,2132,100,574
1706673267619544923,23759,23759,8959,14800,0,0,0,16,0.000673429,0,255,133.776,38.1735,22.5,69.5,134.5,194.5,248.5,106,203,0,151,28.5,47.5,56.5,-38.452,38.3309,-34.625,34.625,3.02498,13955,2358,100,610
1706673267720193081,23701,23701,8946,14755,0,0,0,13,0.0005485,4.12944,255,133.99,37.3989,32.5,70.5,134.5,194.5,247.5,0,198,0,151,27.5,45.5,56.5,-38.2881,38.4703,-34.625,34.625,3.24817,13977,2544,100,573
1706673267820025207,23687,23687,8915,14772,0,0,0,17,0.000717693,0,255,133.831,38.478,26.5,71.5,133.5,200.5,254.5,54,235,0,232,27.5,45.5,55.5,-38.4945,38.2403,-34.625,34.625,3.11758,13996,2427,100,549
1706673267919869350,23739,23739,8958,14781,0,0,0,11,0.000463373,0,255,133.015,38.2184,28.5,68.5,133.5,196.5,243.5,100,179,0,186,27.5,44.5,54.5,-38.1916,38.4985,-34.375,34.625,3.21019,14013,2615,100,565
1706673268019701607,23415,23415,9006,14409,0,0,0,17,0.00072603,0,255,132.379,37.4826,30.5,69.5,132.5,194.5,255.5,58,242,0,187,26.5,43.5,54.5,-38.504,38.1193,-34.625,34.375,3.19119,14051,2822,100,493
1706673268119546060,23145,23145,9045,14100,0,0,0,12,0.000518471,0,255,131.529,36.4962,30.5,71.5,132.5,191.5,253.5,18,226,0,151,26.5,42.5,54.5,-38.0751,38.5138,-34.375,34.125,3.22799,14125,2880,100,392
1706673268220184716,22956,22956,9052,13904,0,0,0,18,0.000784109,0,255,131.377,36.3435,30.5,76.5,130.5,194.5,247.5,29,169,0,205,26.5,42.5,53.5,-38.4975,38.1402,-34.125,34.125,3.19119,14169,3129,100,353
1706673268320027910,23325,23325,9152,14173,0,0,0,12,0.000514469,0,255,131.185,35.1822,33.5,77.5,130.5,192.5,244.5,13,174,0,227,25.5,42.5,53.5,-38.2102,37.9632,-34.125,34.125,3.5236,14208,3086,100,390
1706673268419871331,23670,23670,9134,14536,0,0,0,0,0,0,255,132.3,33.6739,40.5,85.5,130.5,190.5,241.5,26,180,0,255,25.5,41.5,52.5,-37.8674,38.4909,-33.875,34.125,3.14251,14226,2800,100,469
1706673268519707531,23779,23779,9089,14690,0,0,0,17,0.000714917,0,255,132.331,34.2112,47.5,83.5,129.5,196.5,254.5,16,233,0,255,26.5,42.5,55.5,-38.4747,38.2835,-34.125,34.375,3.36452,14234,2524,100,557
1706673268619549628,23801,23801,8982,14819,0,0,0,14,0.000588211,0,255,133.466,34.3045,49.5,83.5,131.5,194.5,255.5,1,245,0,150,26.5,43.5,53.5,-38.3286,38.4487,-34.125,34.625,3.54497,14245,2385,100,470
1706673268720177604,23889,23889,8866,15023,0,0,0,16,0.000669764,0,255,132.951,34.8752,45.5,81.5,131.5,196.5,244.5,5,194,0,246,27.5,44.5,55.5,-38.42,38.3827,-34.625,34.625,3.09621,14251,2118,100,435
1706673268820009833,23873,23873,8865,15008,0,0,0,15,0.000628325,0,255,133.319,34.9189,47.5,80.5,131.5,195.5,250.5,9,220,0,255,26.5,44.5,54.5,-38.4156,38.3787,-34.625,34.625,3.12471,14261,2204,100,398
1706673268919854689,23815,23815,8955,14860,0,0,0,15,0.000629855,0,255,132.624,35.6695,44.5,79.5,130.5,197.5,253.5,14,237,0,255,26.5,43.5,54.5,-38.3631,38.4261,-34.625,34.625,3.05585,14268,2409,100,475
1706673269019690742,23764,23764,8976,14788,0,0,0,17,0.000715368,0,255,132.186,34.9742,44.5,78.5,130.5,195.5,244.5,5,180,0,247,26.5,43.5,53.5,-38.4371,38.3366,-34.625,34.625,3.02736,14277,2432,100,524
1706673269119534871,23804,23804,8974,14830,0,0,0,14,0.000588136,0,255,132.114,36.168,38.5,75.5,130.5,195.5,247.5,11,206,0,255,26.5,43.5,54.5,-38.2904,38.4657,-34.125,34.625,3.17576,14284,2387,100,540
1706673269220163282,23827,23827,8991,14836,0,0,0,17,0.000713476,0,255,132.395,35.6331,41.5,77.5,130.5,196.5,244.5,18,197,0,184,26.5,44.5,55.5,-38.491,38.23,-34.875,34.125,3.18288,14291,2323,100,450
1706673269319999623,23837,23837,8995,14842,0,0,0,10,0.000419516,0,255,133.83,35.1096,50.5,82.5,131.5,198.5,249.5,8,206,0,255,26.5,45.5,56.5,-38.1745,38.5037,-34.375,34.125,3.25055,14298,2215,100,395
1706673269419837476,23763,23763,9034,14729,0,0,0,18,0.00075748,0,255,132.277,35.4624,40.5,78.5,130.5,194.5,255.5,24,257,0,255,26.5,44.5,54.5,-38.5166,38.0281,-34.125,34.125,3.0974,14316,2512,100,428
1706673269519687769,23779,23779,9089,14690,0,0,0,7,0.000294377,0,255,132.262,35.3973,42.5,79.5,130.5,194.5,255.5,10,250,0,255,25.5,43.5,53.5,-38.0735,38.0903,-34.125,34.125,3.24105,14335,2518,100,458
1706673269619534452,23801,23801,9172,14629,0,0,0,5,0.000210075,0,255,132.454,34.7938,42.5,79.5,131.5,192.5,246.5,2,210,0,177,26.5,44.5,55.5,-38.0415,38.5149,-34.125,34.125,3.06535,14339,2477,100,458
1706673269720172182,23763,23763,9068,14695,0,0,0,18,0.00075748,0,255,132.599,34.7375,44.5,80.5,130.5,193.5,255.5,10,249,0,231,26.5,44.5,54.5,-38.5085,38.1537,-34.125,34.375,3.22443,14351,2429,100,431
1706673269820014836,23612,23612,8970,14642,0,0,0,11,0.000465865,0,255,132.966,35.8145,35.5,76.5,131.5,194.5,247.5,32,220,0,250,25.5,43.5,53.5,-38.2139,38.4948,-34.125,34.625,3.17101,14372,3069,100,406
1706673269919836999,23009,23009,8917,14092,0,0,0,17,0.000738841,0,255,131.972,36.1331,34.5,75.5,129.5,196.5,247.5,13,175,0,255,24.5,42.5,53.5,-38.4722,38.2738,-34.625,34.625,3.50817,14418,3081,100,450
1706673270019681736,23201,23201,8917,14284,0,0,0,14,0.000603422,0,255,132.076,35.6348,36.5,78.5,130.5,192.5,249.5,7,207,0,255,25.5,42.5,52.5,-38.3218,38.453,-34.625,34.625,3.4868,14457,3081,100,456
1706673270119509214,23605,23605,8881,14724,0,0,0,16,0.000677822,0,255,132.74,34.8374,40.5,81.5,130.5,193.5,251.5,11,206,0,152,25.5,42.5,51.5,-38.4362,38.3655,-34.625,34.625,3.19831,14476,2854,100,511
1706673270220147968,23807,23807,9021,14786,0,0,0,16,0.000672071,0,255,134.143,33.9084,45.5,85.5,131.5,192.5,251.5,13,216,0,255,27.5,44.5,55.5,-38.4059,38.3946,-34.625,34.625,3.10096,14484,2487,100,518
1706673270319993969,23828,23828,8948,14880,0,0,0,14,0.000587544,0,255,133.593,34.2265,42.5,83.5,132.5,191.5,245.5,11,178,0,255,28.5,46.5,58.5,-38.3563,38.4362,-34.375,34.625,3.37877,14492,2265,100,466
1706673270419833447,23846,23846,9027,14819,0,0,0,17,0.000712908,0,255,133.916,33.1708,49.5,86.5,132.5,192.5,239.5,9,188,0,247,27.5,45.5,56.5,-38.4528,38.3221,-34.125,34.125,3.13183,14506,2069,100,435
1706673270519677347,23724,23724,9090,14634,0,0,0,13,0.000547968,0,255,132.649,35.1,46.5,84.5,129.5,196.5,255.5,12,270,0,255,26.5,43.5,52.5,-38.2671,38.4796,-34.875,34.125,3.13658,14523,2499,100,573
1706673270619515781,23123,23123,9063,14060,0,0,0,17,0.000735199,0,255,131.672,34.4091,39.5,79.5,129.5,192.5,244.5,8,171,0,255,24.5,41.5,52.5,-38.4951,37.8935,-34.625,33.875,3.11165,14578,2909,100,505
1706673270720171074,22893,22893,9044,13849,0,0,0,0,0,0,255,131.36,35.6418,34.5,75.5,130.5,194.5,251.5,12,196,0,255,25.5,42.5,53.5,-37.9728,38.2127,-34.125,34.125,3.23868,14628,2917,100,458
1706673270819986760,23288,23288,9091,14197,0,0,0,10,0.000429406,0,255,130.874,37.1143,8.5,67.5,130.5,190.5,245.5,115,164,0,255,25.5,43.5,52.5,-38.1397,38.511,-34.125,34.125,3.29922,14663,3116,100,574
1706673270919837481,23407,23407,9116,14291,0,0,0,18,0.000769001,0,255,131.124,36.7946,16.5,67.5,130.5,193.5,245.5,26,206,0,255,25.5,43.5,53.5,-38.5134,38.0889,-34.125,34.375,4.73811,14704,3017,100,575
1706673271019678349,23379,23379,9015,14364,0,0,0,12,0.000513281,0,255,130.692,36.8484,27.5,64.5,130.5,192.5,255.5,34,239,0,163,25.5,42.5,52.5,-38.108,38.5105,-34.375,34.625,3.89638,14740,3184,100,530
1706673271119514563,23420,23420,8855,14565,0,0,0,17,0.000725875,0,255,130.545,35.3515,34.5,71.5,129.5,189.5,248.5,17,205,0,255,25.5,42.5,53.5,-38.5006,38.1835,-34.625,34.625,3.34196,14758,3155,100,518
1706673271220146676,23325,23325,8854,14471,0,0,0,12,0.000514469,0,255,131.662,37.2069,32.5,67.5,130.5,197.5,255.5,12,235,0,198,25.5,43.5,53.5,-38.2483,38.4933,-34.625,34.625,2.99174,14791,3183,100,544
1706673271319977232,23149,23149,8893,14256,0,0,0,17,0.000734373,0,255,130.933,37.2052,18.5,69.5,130.5,193.5,251.5,65,213,0,255,25.5,43.5,54.5,-38.4679,38.2832,-34.625,34.625,2.91695,14820,3114,100,497
1706673271419807709,23258,23258,8997,14261,0,0,0,15,0.000644939,0,255,130.647,38.4286,17.5,66.5,129.5,195.5,255.5,15,297,0,163,25.5,43.5,53.5,-38.3576,38.4415,-34.625,34.625,2.79823,14871,3148,100,482
1706673271519645010,23340,23340,9044,14296,0,0,0,15,0.000642674,4.53455,255,131.582,37.9485,21.5,67.5,130.5,199.5,252.5,0,207,0,255,25.5,43.5,54.5,-38.4014,38.3888,-34.375,34.625,2.99649,14909,3064,100,599
1706673271619883484,23559,23559,8986,14573,0,0,0,16,0.000679146,0,255,132.529,38.4108,34.5,65.5,132.5,199.5,255.5,28,251,0,255,26.5,44.5,55.5,-38.4322,38.3536,-34.125,34.375,2.95494,14923,2707,100,583
1706673271719720221,23760,23760,9080,14680,0,0,0,0,0,0,255,131.247,41.5898,19.5,56.5,132.5,199.5,255.5,149,271,0,238,26.5,44.5,54.5,-37.6876,38.4514,-33.875,34.125,3.21256,14942,2527,100,621
1706673271819561944,23737,23737,9079,14658,0,0,0,30,0.00126385,0,255,130.543,41.6271,31.5,57.5,131.5,199.5,253.5,12,230,0,156,26.5,45.5,55.5,-38.4796,37.7597,-34.875,33.875,3.09978,14949,2421,100,704
1706673271920184556,23844,23844,9057,14787,0,0,0,0,0,0,255,134.225,37.3031,31.5,70.5,134.5,196.5,248.5,24,214,0,151,27.5,46.5,56.5,-37.7902,38.2897,-33.875,34.125,3.27429,14983,2041,100,502
1706673272020026775,23779,23779,8983,14796,0,0,0,13,0.000546701,0,255,133.213,39.5687,29.5,59.5,133.5,195.5,255.5,7,278,0,217,27.5,47.5,58.5,-38.2833,38.4711,-34.125,34.125,3.06891,14989,1963,100,452
1706673272119868826,23765,23765,9047,14718,0,0,0,17,0.000715338,0,255,130.731,41.7762,31.5,52.5,131.5,198.5,255.5,4,297,0,156,26.5,47.5,58.5,-38.5031,38.1973,-34.125,34.625,3.19475,14998,2195,100,631
1706673272219709213,23897,23897,9035,14862,0,0,0,9,0.000376616,0,255,132.34,41.2913,31.5,57.5,132.5,202.5,255.5,27,327,0,189,26.5,44.5,56.5,-38.1051,38.5066,-34.375,34.625,3.45712,15002,1979,100,545
1706673272319541200,23831,23831,8934,14897,0,0,0,18,0.000755319,0,255,132.227,41.3191,23.5,57.5,132.5,200.5,255.5,23,346,0,235,26.5,43.5,55.5,-38.5062,38.0954,-34.625,34.375,3.3752,15009,1812,100,600
1706673272420175099,23862,23862,8839,15023,0,0,0,10,0.000419076,0,255,132.929,39.1448,28.5,60.5,133.5,194.5,251.5,28,230,0,155,26.5,43.5,54.5,-38.1702,38.5026,-34.375,34.625,3.13302,15011,1981,100,661
1706673272520011436,23781,23781,8839,14942,0,0,0,17,0.000714856,0,255,132.082,40.2526,30.5,56.5,132.5,197.5,252.5,44,223,0,152,26.5,44.5,54.5,-38.4889,38.2309,-34.625,34.625,3.22799,15015,2068,100,566
1706673272619839154,23783,23783,8947,14836,0,0,0,13,0.000546609,0,255,131.773,40.5561,30.5,56.5,132.5,200.5,254.5,20,235,0,156,26.5,46.5,56.5,-38.2703,38.4761,-34.625,34.625,3.35859,15025,2208,100,585
1706673272719669952,23749,23749,9103,14646,0,0,0,17,0.00071582,0,255,132.405,39.8212,32.5,60.5,132.5,200.5,255.5,5,320,0,151,26.5,46.5,56.5,-38.4657,38.308,-34.125,34.375,3.23274,15033,2226,100,675
1706673272819499463,23737,23737,9108,14629,0,0,0,14,0.000589797,0,255,133.487,38.3416,33.5,62.5,132.5,198.5,252.5,47,231,0,170,26.5,45.5,56.5,-38.3526,38.4327,-34.125,34.125,3.11996,15050,2479,100,681
1706673272920125541,23399,23399,9046,14353,0,0,0,0,0,0,255,132.81,37.3081,31.5,69.5,131.5,198.5,255.5,20,240,0,151,26.5,43.5,53.5,-37.616,38.4013,-33.875,34.125,3.4405,15093,2749,100,527
1706673273019965305,23580,23580,9045,14535,0,0,0,15,0.000636132,0,255,133.317,39.3453,26.5,62.5,132.5,199.5,254.5,57,235,0,150,26.5,45.5,53.5,-38.3953,37.6086,-34.375,33.625,3.32178,15117,2749,100,555
1706673273119800736,23801,23801,9060,14741,0,0,0,16,0.000672241,0,255,134.776,35.5673,38.5,81.5,134.5,193.5,243.5,9,182,0,150,27.5,45.5,54.5,-38.4311,38.3567,-34.875,34.125,3.52954,15127,2392,100,369
1706673273219637687,23824,23824,9076,14748,0,0,0,14,0.000587643,0,255,134.76,36.4805,38.5,70.5,135.5,196.5,247.5,3,182,0,245,27.5,46.5,54.5,-38.3246,38.4569,-34.125,34.125,3.50224,15134,2462,100,416
1706673273319865871,23418,23418,8962,14456,0,0,0,17,0.000725937,0,255,132.411,39.1786,23.5,60.5,132.5,196.5,253.5,107,226,0,152,26.5,45.5,54.5,-38.4849,38.2657,-34.125,34.625,3.25174,15172,2601,100,421
1706673273419708504,23672,23672,9054,14618,0,0,0,11,0.000464684,0,255,131.366,39.6675,18.5,56.5,131.5,197.5,246.5,104,183,0,152,26.5,44.5,53.5,-38.2018,38.4951,-34.625,34.625,3.25174,15181,2857,100,567
1706673273519542711,23745,23745,8952,14793,0,0,0,17,0.00071594,0,255,133.354,38.4415,30.5,59.5,133.5,199.5,255.5,24,238,0,151,26.5,46.5,55.5,-38.5096,38.1071,-34.625,34.375,3.42032,15189,2274,100,666
1706673273620178145,23823,23823,8886,14937,0,0,0,13,0.000545691,0,255,132.15,39.1966,28.5,55.5,132.5,197.5,252.5,3,217,0,150,26.5,47.5,56.5,-38.1017,38.5138,-34.375,34.625,3.25411,15196,2200,100,670
1706673273720022427,23764,23764,8858,14906,0,0,0,17,0.000715368,0,255,129.978,43.2288,25.5,52.5,131.5,197.5,255.5,55,286,0,150,26.5,45.5,56.5,-38.5176,38.1398,-34.625,34.375,3.23274,15204,2238,100,732
1706673273819853659,23783,23783,8947,14836,0,0,0,11,0.000462515,0,255,132.47,41.7381,31.5,53.5,132.5,201.5,255.5,38,270,0,150,26.5,45.5,55.5,-38.2087,38.4976,-34.375,34.625,3.14014,15218,2223,100,701
1706673273919694883,23851,23851,9009,14842,0,0,0,17,0.000712758,0,255,130.37,41.2684,30.5,54.5,130.5,197.5,250.5,27,207,0,151,27.5,48.5,58.5,-38.478,38.2437,-34.125,34.375,3.29566,15224,2051,100,563
1706673274019545518,23863,23863,9116,14747,0,0,0,14,0.000586682,0,255,134.35,39.9996,33.5,61.5,133.5,200.5,255.5,7,292,0,151,27.5,50.5,60.5,-38.2951,38.4643,-34.125,34.125,3.20306,15238,1886,100,499
1706673274120187698,23848,23848,9058,14790,0,0,0,0,0,4.45807,255,133.648,38.5978,31.5,64.5,132.5,196.5,255.5,0,243,0,151,27.5,50.5,60.5,-37.7502,38.3452,-33.875,34.125,3.22799,15243,1852,100,437
1706673274220024052,23875,23875,9039,14836,0,0,0,17,0.000712042,0,255,132.443,39.7734,25.5,58.5,132.5,197.5,251.5,22,224,0,152,26.5,47.5,57.5,-38.4501,37.6431,-34.125,33.625,3.07603,15248,2259,100,613
1706673274319871313,23547,23547,9030,14517,0,0,0,15,0.000637024,0,255,131.428,38.8196,32.5,59.5,131.5,196.5,244.5,16,205,0,229,26.5,45.5,55.5,-38.377,38.4175,-34.375,34.125,3.10927,15269,2446,100,617
1706673274419712691,23784,23784,9045,14739,0,0,0,15,0.000630676,0,255,133.248,38.7244,31.5,67.5,132.5,196.5,254.5,48,235,0,255,26.5,46.5,55.5,-38.3709,38.4238,-34.625,34.125,3.26717,15283,2261,100,651
1706673274519542986,23802,23802,9010,14792,0,0,0,16,0.000672212,0,255,132.731,38.7014,31.5,63.5,131.5,198.5,250.5,38,210,0,156,26.5,47.5,56.5,-38.4666,38.3143,-34.125,34.625,3.24105,15291,2105,100,552
1706673274620161697,23728,23728,9004,14724,0,0,0,13,0.000547876,0,255,130.692,40.2642,33.5,56.5,130.5,199.5,244.5,29,185,0,169,26.5,46.5,56.5,-38.2727,38.4788,-34.625,34.625,3.11284,15303,2494,100,564
1706673274720011894,23733,23733,8963,14770,0,0,0,17,0.000716302,0,255,131.401,38.7419,34.5,62.5,130.5,195.5,255.5,3,265,0,151,26.5,46.5,56.5,-38.5032,38.2168,-34.625,34.625,3.18644,15319,2432,100,681
1706673274819851273,23871,23871,8867,15004,0,0,0,11,0.00046081,4.26233,255,135.086,36.8172,39.5,80.5,133.5,198.5,255.5,0,245,0,255,28.5,49.5,60.5,-38.1768,38.5032,-34.625,34.625,3.20425,15324,1842,100,385
1706673274919685424,23857,23857,8862,14995,0,0,0,18,0.000754496,0,255,134.293,36.9681,45.5,84.5,131.5,196.5,255.5,13,290,0,155,30.5,55.5,68.5,-38.5046,38.1304,-34.625,34.375,3.66607,15348,1248,100,424
1706673275019526129,23824,23824,8954,14870,0,0,0,13,0.000545668,4.97541,255,136.412,36.8941,51.5,84.5,133.5,199.5,255.5,0,333,0,151,32.5,59.5,75.5,-38.0809,38.5071,-34.375,34.625,3.62333,15351,1019,100,400
1706673275120165003,23840,23840,9040,14800,0,0,0,17,0.000713087,0,255,136.539,37.8333,46.5,82.5,134.5,200.5,255.5,1,428,0,150,33.5,59.5,76.5,-38.5035,38.119,-34.125,34.375,3.28735,15362,1053,100,446
1706673275220008869,23884,23884,9105,14779,0,0,0,11,0.000460559,0,255,135.178,37.3012,36.5,83.5,132.5,198.5,255.5,6,285,0,150,30.5,56.5,71.5,-38.2044,38.4984,-34.125,34.125,3.01548,15380,1308,100,381
1706673275319836591,23849,23849,9141,14708,0,0,0,0,0,0,255,134.396,39.0387,36.5,77.5,132.5,203.5,255.5,5,386,0,151,28.5,49.5,60.5,-37.8825,38.2679,-33.875,34.125,3.23274,15392,1685,100,497
1706673275419669874,23870,23870,9033,14837,0,0,0,17,0.000712191,0,255,130.677,40.1625,30.5,56.5,131.5,193.5,251.5,12,220,0,151,27.5,48.5,58.5,-38.4857,37.788,-34.125,33.875,3.2648,15415,1781,100,576
1706673275519518792,23771,23771,9039,14732,0,0,0,14,0.000588953,0,255,132.057,40.7887,25.5,55.5,132.5,198.5,250.5,15,227,0,151,26.5,45.5,56.5,-38.3206,38.4587,-34.375,34.125,3.57703,15430,2020,100,681
1706673275620150455,23751,23751,9019,14732,0,0,0,16,0.000673656,0,255,133.65,37.1906,27.5,69.5,134.5,193.5,250.5,26,213,0,255,26.5,43.5,54.5,-38.4375,38.3586,-34.625,34.125,3.20425,15440,2162,100,768
1706673275719991373,23805,23805,8967,14838,0,0,0,15,0.00063012,0,255,130.77,41.0903,31.5,56.5,131.5,197.5,253.5,10,236,0,151,26.5,44.5,55.5,-38.3979,38.4019,-34.375,34.625,3.32416,15451,2180,100,779
1706673275819833426,23757,23757,8903,14854,0,0,0,15,0.000631393,0,255,131.685,39.0313,30.5,55.5,132.5,192.5,244.5,26,191,0,150,26.5,45.5,56.5,-38.3644,38.4298,-34.625,34.625,3.3942,15467,1954,100,715
1706673275919658119,23827,23827,9011,14816,0,0,0,16,0.000671507,0,255,132.626,39.8518,30.5,60.5,132.5,199.5,251.5,27,220,0,150,26.5,44.5,54.5,-38.4612,38.3132,-34.625,34.375,3.30516,15475,2255,100,746
1706673276019875124,23870,23870,8973,14897,0,0,0,13,0.000544617,0,255,132.818,37.3034,30.5,65.5,133.5,195.5,241.5,26,184,0,150,26.5,44.5,54.5,-38.2632,38.4768,-34.375,34.625,3.38233,15482,2381,100,690
1706673276119725787,23703,23703,8900,14803,0,0,0,17,0.000717209,0,255,131.263,38.8022,32.5,57.5,131.5,195.5,240.5,8,196,0,151,26.5,45.5,55.5,-38.4904,38.2372,-34.625,34.625,3.28379,15497,2199,100,654
1706673276219566743,23874,23874,8967,14907,0,0,0,9,0.000376979,0,255,133.613,37.7455,33.5,69.5,132.5,196.5,255.5,2,240,0,176,27.5,48.5,58.5,-38.1262,38.5076,-34.375,34.625,3.28617,15515,2015,100,411
1706673276320212065,23912,23912,9038,14874,0,0,0,17,0.00071094,0,255,135.25,35.5845,42.5,81.5,134.5,198.5,248.5,6,189,0,150,28.5,48.5,59.5,-38.5112,38.0772,-34.125,34.375,3.21256,15528,1643,100,441
1706673276420042016,23900,23900,9123,14777,0,0,0,10,0.00041841,0,255,134.758,36.1408,37.5,80.5,134.5,194.5,253.5,9,234,0,219,28.5,48.5,57.5,-38.1596,38.5039,-34.125,34.125,3.1532,15533,1711,100,420
1706673276519869239,23811,23811,9113,14698,0,0,0,0,0,0,255,134.614,37.7843,38.5,70.5,134.5,200.5,255.5,4,287,0,151,26.5,46.5,57.5,-37.9556,38.1985,-33.875,33.875,3.03804,15548,2345,100,641
1706673276619705190,23661,23661,9030,14631,0,0,0,18,0.000760746,0,255,133.089,37.122,29.5,71.5,132.5,195.5,250.5,47,217,0,235,26.5,45.5,54.5,-38.5046,37.9274,-34.125,33.875,3.22087,15585,2250,100,708
1706673276719527418,23805,23805,9006,14799,0,0,0,11,0.000462088,0,255,133.062,37.7769,29.5,64.5,133.5,195.5,250.5,19,216,0,151,26.5,44.5,54.5,-38.2034,38.4963,-34.125,34.125,3.38233,15606,2295,100,766
1706673276820165040,23803,23803,9002,14801,0,0,0,17,0.000714196,0,255,134.42,37.8971,27.5,72.5,133.5,198.5,250.5,15,214,0,255,26.5,43.5,54.5,-38.4691,38.2868,-34.625,34.375,3.44525,15617,2169,100,713
1706673276920013423,23807,23807,8958,14849,0,0,0,15,0.000630067,0,255,132.903,38.6209,29.5,60.5,133.5,197.5,253.5,2,228,0,158,26.5,43.5,53.5,-38.3522,38.4354,-34.625,34.625,3.29685,15630,2084,100,703
1706673277019843912,23888,23888,8973,14915,0,0,0,16,0.000669792,0,255,133.069,38.2076,31.5,68.5,132.5,197.5,255.5,11,256,0,255,26.5,43.5,55.5,-38.4045,38.3887,-34.625,34.625,3.41676,15639,2245,100,648
1706673277119682756,23836,23836,8916,14920,0,0,0,16,0.000671254,0,255,132.944,37.6965,33.5,63.5,133.5,195.5,250.5,4,193,0,236,26.5,43.5,54.5,-38.418,38.3775,-34.625,34.625,3.28261,15646,2234,100,628
1706673277219508186,23706,23706,8993,14713,0,0,0,14,0.000590568,0,255,132.016,38.8031,30.5,60.5,132.5,195.5,245.5,21,211,0,255,26.5,43.5,54.5,-38.331,38.452,-34.625,34.625,3.07484,15660,2350,100,684
1706673277320149205,23755,23755,8961,14794,0,0,0,17,0.000715639,0,255,132.098,38.1714,34.5,65.5,132.5,193.5,252.5,21,216,0,255,26.5,45.5,55.5,-38.4717,38.2876,-34.625,34.625,3.0974,15676,2336,100,826
1706673277419985081,23778,23778,8954,14824,0,0,0,12,0.000504668,0,255,132.992,38.5919,33.5,63.5,133.5,195.5,244.5,30,197,0,215,27.5,46.5,55.5,-38.2423,38.4887,-34.125,34.625,3.02736,15700,2307,100,746
1706673277519816755,23821,23821,8987,14834,0,0,0,17,0.000713656,0,255,134.269,37.9053,36.5,70.5,133.5,196.5,255.5,35,258,0,150,27.5,47.5,55.5,-38.4978,38.1887,-34.125,34.375,3.17101,15710,2220,100,569
1706673277619653059,23821,23821,9063,14758,0,0,0,1,4.19798e-05,0,255,134.565,38.3248,34.5,68.5,134.5,201.5,249.5,22,206,0,255,27.5,47.5,57.5,-38.0023,38.5087,-33.875,34.125,3.18169,15717,2093,100,659
1706673277719884605,23862,23862,9159,14703,0,0,0,9,0.000377169,0,255,132.678,40.0472,31.5,58.5,132.5,199.5,255.5,107,278,0,150,26.5,48.5,57.5,-38.1265,38.0816,-34.125,34.125,3.11402,15722,2159,100,606
1706673277819718356,23784,23784,9132,14652,0,0,0,17,0.000714766,0,255,130.215,41.1023,27.5,54.5,130.5,196.5,252.5,20,221,0,209,26.5,46.5,57.5,-38.5126,38.0356,-34.125,34.125,3.12352,15733,2225,100,691
1706673277919569459,23761,23761,9006,14755,0,0,0,10,0.000420858,0,255,132.368,39.8454,29.5,58.5,133.5,199.5,253.5,28,229,0,192,26.5,45.5,56.5,-38.1516,38.507,-34.375,34.125,3.19119,15748,2245,100,741
1706673278020214015,23701,23701,8930,14771,0,0,0,18,0.000759462,0,255,132.271,39.9057,32.5,62.5,132.5,199.5,249.5,25,214,0,255,26.5,44.5,55.5,-38.4971,38.1919,-34.625,34.125,3.11165,15770,2323,100,768
1706673278120050302,23812,23812,8917,14895,0,0,0,12,0.000503948,0,255,131.136,38.6562,30.5,61.5,131.5,193.5,251.5,49,222,0,244,26.5,44.5,54.5,-38.2588,38.4795,-34.625,34.625,3.19119,15789,2425,100,748
1706673278219883994,23686,23686,8952,14734,0,0,0,17,0.000717724,0,255,131.364,38.3332,23.5,62.5,131.5,195.5,244.5,82,181,0,150,26.5,44.5,54.5,-38.4571,38.3106,-34.625,34.625,3.20662,15809,2422,100,712
1706673278319714860,23669,23669,9001,14668,0,0,0,14,0.000591491,0,255,130.973,39.1233,17.5,55.5,131.5,196.5,243.5,117,170,0,255,25.5,44.5,55.5,-38.357,38.4318,-34.625,34.625,3.17101,15828,2709,100,648
1706673278419564489,23476,23476,8913,14563,0,0,0,15,0.00063895,0,255,131.042,37.7179,24.5,63.5,132.5,192.5,242.5,49,180,0,150,25.5,43.5,53.5,-38.3856,38.4071,-34.625,34.625,3.17576,15881,2892,100,684
1706673278520202632,23544,23544,8983,14561,0,0,0,15,0.000637105,0,255,133.211,36.2073,33.5,74.5,132.5,193.5,249.5,6,201,0,175,25.5,43.5,53.5,-38.4292,38.3731,-34.625,34.375,3.23037,15916,2712,100,590
1706673278620053477,23744,23744,9015,14729,0,0,0,14,0.000589623,0,255,132.914,36.7595,30.5,73.5,132.5,195.5,253.5,46,217,0,255,25.5,44.5,55.5,-38.3211,38.4524,-34.125,34.625,3.31703,15937,2527,100,689
1706673278719883989,23639,23639,9021,14618,0,0,0,17,0.000719151,0,255,133.301,37.9983,29.5,63.5,133.5,196.5,251.5,32,229,0,155,25.5,43.5,54.5,-38.487,38.2633,-34.125,34.125,3.44169,15949,2420,100,681
1706673278819727598,23717,23717,9039,14678,0,0,0,0,0,0,255,130.63,40.5082,24.5,59.5,130.5,197.5,244.5,101,195,0,151,25.5,44.5,54.5,-37.8929,38.4952,-33.875,34.125,3.39776,15966,2546,100,715
1706673278919581715,23911,23911,9054,14857,0,0,0,12,0.000501861,0,255,131.345,39.948,28.5,58.5,131.5,195.5,250.5,20,220,0,255,26.5,46.5,57.5,-38.2075,37.9738,-33.875,33.875,3.40726,15973,2113,100,658
1706673279020221615,23831,23831,9111,14720,0,0,0,17,0.000713357,0,255,133.591,38.4858,32.5,68.5,132.5,197.5,255.5,9,245,0,156,27.5,48.5,59.5,-38.5106,38.1398,-34.125,34.125,3.38233,15984,1984,100,504
1706673279120060376,23857,23857,9080,14777,0,0,0,12,0.000502997,0,255,134.327,36.0311,37.5,78.5,133.5,196.5,239.5,8,174,0,189,28.5,48.5,58.5,-38.0789,38.5126,-34.375,34.125,3.35146,15992,1930,100,436
1706673279219890048,23895,23895,8926,14969,0,0,0,17,0.000711446,0,255,133.822,34.5197,42.5,81.5,132.5,192.5,241.5,9,189,0,163,28.5,47.5,57.5,-38.5196,38.1071,-34.625,34.375,3.50461,15999,1835,100,341
1706673279319719526,23837,23837,8836,15001,0,0,0,10,0.000419516,0,255,134.348,36.6063,41.5,76.5,132.5,199.5,255.5,11,265,0,255,27.5,47.5,58.5,-38.1908,38.503,-34.375,34.625,3.23393,16036,1825,100,456
1706673279419558591,23775,23775,8841,14934,0,0,0,17,0.000715037,0,255,133.631,35.2785,38.5,78.5,131.5,196.5,243.5,27,199,0,170,26.5,45.5,55.5,-38.4981,38.2228,-34.625,34.625,3.28379,16057,2518,100,439
1706673279520186053,23458,23458,8997,14461,0,0,0,12,0.000511553,0,255,132.581,36.6629,34.5,73.5,130.5,198.5,241.5,5,173,0,255,24.5,43.5,52.5,-38.2758,38.4773,-34.625,34.625,4.24424,16133,2843,100,529
1706673279620028430,23480,23480,9035,14445,0,0,0,16,0.000681431,0,255,132.44,36.7552,31.5,74.5,130.5,199.5,241.5,43,189,0,255,25.5,43.5,53.5,-38.4586,38.3169,-34.625,34.625,3.17576,16180,2676,100,539
1706673279719863620,23713,23713,8958,14755,0,0,0,15,0.000632564,0,255,134.689,36.4051,37.5,74.5,132.5,198.5,247.5,37,186,0,152,25.5,45.5,55.5,-38.374,38.4308,-34.625,34.125,3.17932,16203,2769,100,626
1706673279819704251,23794,23794,8999,14795,0,0,0,15,0.000630411,0,255,133.35,36.5244,34.5,72.5,132.5,196.5,248.5,17,227,0,255,26.5,46.5,55.5,-38.3954,38.4053,-34.125,34.125,3.18407,16215,2439,100,583
1706673279919532900,23834,23834,9038,14796,0,0,0,16,0.00067131,0,255,133.578,36.7952,34.5,72.5,132.5,197.5,250.5,12,215,0,255,26.5,46.5,56.5,-38.4321,38.3549,-34.125,34.875,4.82715,16235,2183,100,553
1706673280020179870,23853,23853,9059,14794,0,0,0,0,0,0,255,134.01,36.7252,35.5,76.5,133.5,197.5,255.5,16,244,0,255,26.5,46.5,56.5,-37.7285,38.4604,-33.875,34.125,4.04122,16241,2244,100,636
1706673280120023808,23855,23855,9034,14821,0,0,0,14,0.000586879,0,255,134.479,36.6767,37.5,74.5,133.5,197.5,255.5,18,278,0,255,27.5,47.5,58.5,-38.3023,37.8096,-34.125,33.875,3.5426,16249,2070,100,492
1706673280219865271,23852,23852,9097,14755,0,0,0,17,0.000712728,0,255,133.327,37.8503,32.5,68.5,132.5,196.5,255.5,13,254,0,158,26.5,47.5,57.5,-38.4862,38.2483,-34.125,33.875,3.37758,16257,2039,100,510
1706673280319713308,23832,23832,9043,14789,0,0,0,12,0.000503525,0,255,131.326,42.1626,31.5,55.5,131.5,201.5,255.5,17,302,0,241,26.5,46.5,57.5,-38.2037,38.4925,-34.375,34.125,3.27548,16281,2127,100,571
1706673280419538315,23781,23781,8955,14826,0,0,0,17,0.000714856,0,255,132.268,39.6133,28.5,58.5,131.5,198.5,249.5,34,188,0,152,25.5,44.5,55.5,-38.5116,38.1532,-34.625,34.375,3.38114,16293,2023,100,700
1706673280520188899,23832,23832,8912,14920,0,0,0,11,0.000461564,0,255,131.072,42.2524,31.5,55.5,131.5,199.5,255.5,35,330,0,179,25.5,44.5,55.5,-38.0787,38.5122,-34.375,34.625,3.53073,16309,1903,100,857
1706673280620034529,23812,23812,8831,14981,0,0,0,17,0.000713926,0,255,130.721,42.9994,21.5,48.5,131.5,200.5,255.5,104,352,0,200,26.5,47.5,59.5,-38.5147,38.1365,-34.625,34.375,3.52835,16334,2001,100,673
1706673280719866159,23892,23892,8870,15022,0,0,0,11,0.000460405,0,255,134.125,38.3548,31.5,68.5,133.5,196.5,255.5,3,289,0,160,27.5,47.5,57.5,-38.2023,38.5018,-34.375,34.625,3.39064,16348,1882,100,481
1706673280819715435,23878,23878,9018,14860,0,0,0,17,0.000711952,0,255,133.75,35.9435,34.5,77.5,133.5,194.5,253.5,2,217,0,203,27.5,48.5,58.5,-38.4884,38.2645,-34.625,34.625,3.55447,16362,1728,100,472
1706673280919553009,23885,23885,9075,14810,0,0,0,14,0.000586142,0,255,134.837,34.104,44.5,82.5,133.5,192.5,241.5,19,185,0,177,27.5,47.5,57.5,-38.3125,38.4622,-34.625,34.125,3.40132,16371,1988,100,511
1706673281020187506,23868,23868,9020,14848,0,0,0,16,0.000670354,0,255,133.954,33.9873,41.5,81.5,133.5,192.5,243.5,7,189,0,255,27.5,46.5,56.5,-38.4322,38.3554,-34.125,34.125,3.25411,16378,2079,100,554
1706673281120022700,23829,23829,9063,14766,0,0,0,16,0.000671451,0,255,134.175,36.0768,35.5,77.5,133.5,194.5,253.5,7,229,0,167,27.5,45.5,55.5,-38.4115,38.3922,-34.125,34.625,3.2363,16398,2051,100,547
1706673281219857816,23578,23578,9102,14476,0,0,0,0,0,0,255,132.796,35.6483,35.5,73.5,131.5,192.5,249.5,28,206,0,150,25.5,43.5,53.5,-37.6109,38.4315,-33.625,34.375,3.17338,16439,2605,100,568
1706673281319712333,23486,23486,9054,14432,0,0,0,15,0.000638678,0,255,133.885,38.3225,31.5,70.5,132.5,201.5,255.5,32,277,0,150,26.5,44.5,54.5,-38.3716,37.6684,-34.125,33.875,3.03804,16643,2688,100,702
1706673281419541358,23245,23245,9026,14219,0,0,0,16,0.00068832,0,255,131.445,36.0017,31.5,69.5,131.5,188.5,242.5,43,163,0,150,26.5,43.5,52.5,-38.4526,38.3333,-34.375,34.125,3.19475,16689,2263,100,647
1706673281520195687,23717,23717,9135,14582,0,0,0,13,0.00054813,0,255,132.214,37.858,26.5,63.5,132.5,195.5,242.5,18,170,0,150,26.5,44.5,53.5,-38.2896,38.4714,-34.625,34.125,3.21137,16706,2489,100,879
1706673281620033483,23800,23800,8951,14849,0,0,0,17,0.000714286,0,255,133.835,38.3065,26.5,66.5,133.5,197.5,255.5,36,263,0,151,27.5,46.5,57.5,-38.4879,38.2399,-34.625,34.625,3.3479,16725,2149,100,760
1706673281719866390,23846,23846,8882,14964,0,0,0,10,0.000419358,0,255,134.655,38.7644,30.5,67.5,134.5,199.5,255.5,11,239,0,151,27.5,47.5,58.5,-38.1811,38.4955,-34.375,34.625,3.18407,16741,1949,100,639
1706673281819708475,23855,23855,8866,14989,0,0,0,17,0.000712639,0,255,133.846,38.3169,31.5,68.5,133.5,199.5,255.5,17,296,0,154,27.5,47.5,59.5,-38.5068,38.0868,-34.625,34.625,3.23868,16753,1918,100,633
1706673281919530550,23843,23843,8899,14944,0,0,0,9,0.000377469,0,255,132.595,39.6652,24.5,61.5,133.5,197.5,250.5,37,216,0,150,26.5,46.5,57.5,-38.118,38.5111,-34.375,34.625,3.05585,16766,2061,100,668
1706673282020160587,23891,23891,9025,14866,0,0,0,17,0.000711565,0,255,130.671,42.4435,30.5,56.5,131.5,199.5,255.5,45,383,0,255,26.5,43.5,55.5,-38.5046,38.1513,-34.625,34.375,3.2363,16768,2063,100,854
1706673282120000817,23849,23849,9086,14763,0,0,0,11,0.000461235,0,255,130.362,42.6513,26.5,49.5,131.5,199.5,255.5,41,312,0,191,26.5,45.5,56.5,-38.2109,38.4937,-34.375,34.125,3.09384,16797,1929,100,929
1706673282219827183,23816,23816,9000,14816,0,0,0,17,0.000713806,0,255,132.714,39.5194,29.5,61.5,133.5,198.5,255.5,56,340,0,157,26.5,45.5,58.5,-38.4694,38.2727,-34.125,34.125,3.35859,16806,1876,100,814
1706673282319655341,23817,23817,9060,14757,0,0,0,14,0.000587815,0,255,130.479,42.0577,27.5,50.5,131.5,199.5,255.5,11,258,0,150,26.5,46.5,59.5,-38.3138,37.7782,-34.125,33.875,3.27192,16816,2107,100,882
1706673282419907609,23806,23806,9123,14683,0,0,0,0,0,4.55255,255,130.518,43.1673,27.5,49.5,131.5,200.5,255.5,0,392,0,150,26.5,43.5,58.5,-37.738,38.4621,-33.875,34.875,3.26124,16835,1951,100,805
1706673282519749194,23906,23906,9027,14879,0,0,0,16,0.000669288,0,255,132.791,41.9513,29.5,53.5,133.5,201.5,255.5,6,291,0,153,26.5,43.5,57.5,-38.4228,37.8827,-34.125,34.375,3.10453,16842,1978,100,937
1706673282619588102,23750,23750,8977,14773,0,0,0,16,0.000673684,0,255,133.178,40.8608,28.5,60.5,133.5,205.5,255.5,31,357,0,255,26.5,44.5,57.5,-38.4064,38.3923,-34.125,34.125,3.07722,16861,1883,100,911
1706673282719838430,23820,23820,9035,14785,0,0,0,14,0.000587741,0,255,132.414,40.238,25.5,56.5,132.5,201.5,255.5,35,284,0,161,26.5,44.5,56.5,-38.3464,38.446,-34.625,34.125,3.01905,16881,2146,100,1045
1706673282819673026,23800,23800,9065,14735,0,0,0,16,0.000672269,0,255,132.615,39.265,26.5,56.5,133.5,195.5,255.5,29,268,0,255,26.5,43.5,54.5,-38.4634,38.3205,-34.625,34.625,3.3111,16898,2248,100,946
1706673282919521147,23864,23864,8904,14960,0,0,0,13,0.000544754,0,255,132.864,38.4897,28.5,62.5,133.5,196.5,255.5,8,261,0,150,26.5,43.5,54.5,-38.2773,38.4723,-34.625,34.625,3.54735,16903,2237,100,925
1706673283020164918,23698,23698,8806,14892,0,0,0,17,0.00071736,0,255,130.652,41.3457,23.5,53.5,132.5,200.5,247.5,49,181,0,255,26.5,45.5,54.5,-38.4994,38.212,-34.625,34.625,3.42507,16925,2049,100,985
1706673283120008434,23740,23740,8882,14858,0,0,0,8,0.000336984,0,255,133.299,38.3982,28.5,62.5,133.5,198.5,242.5,42,183,0,211,26.5,46.5,55.5,-38.1119,38.5108,-34.375,34.625,3.1995,16953,2274,100,940
1706673283219847831,23859,23859,8983,14876,0,0,0,17,0.000712519,0,255,134.007,36.3061,35.5,72.5,132.5,193.5,239.5,24,196,0,255,26.5,45.5,54.5,-38.5125,38.0923,-34.625,34.375,3.1164,16976,2447,100,804
1706673283319678518,23816,23816,9069,14747,0,0,0,10,0.000419886,0,255,133.187,35.0403,38.5,78.5,131.5,195.5,244.5,20,208,0,158,26.5,45.5,55.5,-38.1416,38.5083,-34.375,34.125,3.20187,16995,2429,100,665
1706673283419517746,23785,23785,9121,14664,0,0,0,18,0.000756779,0,255,134.128,35.5432,37.5,76.5,133.5,197.5,246.5,20,192,0,204,26.5,45.5,55.5,-38.4922,38.1904,-34.125,33.875,3.09621,17019,2433,100,689
1706673283520156355,23745,23745,9019,14726,0,0,0,12,0.00050537,0,255,132.985,38.36,31.5,66.5,132.5,198.5,255.5,89,261,0,150,26.5,45.5,54.5,-38.239,37.9182,-33.875,33.875,3.18882,17039,2482,100,776
1706673283620004424,23473,23473,9067,14406,0,0,0,0,0,0,255,132.567,37.651,25.5,64.5,132.5,196.5,249.5,31,179,0,150,25.5,43.5,53.5,-37.8471,38.4864,-33.875,34.125,3.00836,17090,2871,100,621
1706673283719841639,23267,23267,9080,14187,0,0,0,17,0.000730649,0,255,132.01,37.9204,13.5,64.5,131.5,196.5,249.5,79,210,0,151,25.5,42.5,52.5,-38.4757,38.2773,-34.125,35.125,3.15201,17151,2904,100,636
1706673283819676204,23490,23490,9035,14455,0,0,0,15,0.00063857,0,255,131.562,38.5537,17.5,60.5,131.5,195.5,255.5,78,271,0,150,25.5,43.5,54.5,-38.3396,38.4467,-34.375,34.375,3.09503,17226,2832,100,712
1706673283919526525,23476,23476,8948,14528,0,0,0,16,0.000681547,0,255,131.262,36.5759,28.5,63.5,131.5,191.5,239.5,17,168,0,150,25.5,43.5,53.5,-38.4274,38.3664,-34.625,34.375,3.08434,17262,2781,100,734
1706673284020178175,23642,23642,9042,14600,0,0,0,15,0.000634464,0,255,132.287,39.4392,27.5,61.5,132.5,198.5,255.5,24,335,0,150,25.5,43.5,54.5,-38.4187,38.368,-34.625,34.625,3.11521,17295,2710,100,838
1706673284120052420,23802,23802,9020,14782,0,0,0,13,0.000546173,0,255,131.516,38.2349,28.5,63.5,131.5,197.5,251.5,49,216,0,211,25.5,43.5,53.5,-38.2983,38.463,-34.375,34.625,3.09859,17323,2762,100,813
1706673284219894280,23553,23553,8829,14724,0,0,0,17,0.000721776,0,255,130.665,39.6235,22.5,57.5,130.5,197.5,246.5,89,196,0,150,26.5,44.5,53.5,-38.485,38.2619,-34.625,34.625,3.08078,17345,2420,100,843
1706673284319732398,23775,23775,8857,14918,0,0,0,11,0.000462671,0,255,134.31,37.6592,27.5,71.5,133.5,198.5,255.5,27,239,0,166,26.5,45.5,54.5,-38.1936,38.4978,-34.375,34.625,2.99649,17362,2404,100,759
1706673284419578288,23757,23757,8932,14825,0,0,0,17,0.000715579,0,255,134.66,36.2356,37.5,76.5,133.5,198.5,244.5,4,184,0,150,26.5,45.5,54.5,-38.5043,38.1423,-34.625,34.375,3.05704,17385,2465,100,694
1706673284520212886,23645,23645,9107,14538,0,0,0,11,0.000465215,0,255,132.379,37.9626,23.5,65.5,131.5,197.5,248.5,74,201,0,179,25.5,45.5,54.5,-38.0936,38.5106,-34.375,34.125,3.03211,17408,2728,100,736
1706673284620052151,23358,23358,9142,14216,0,0,0,17,0.000727802,0,255,131.259,37.7305,25.5,63.5,130.5,197.5,249.5,57,216,0,255,25.5,43.5,53.5,-38.5108,38.1134,-34.125,34.125,3.06297,17468,2986,100,583
1706673284719893520,23386,23386,9102,14284,0,0,0,9,0.000384846,0,255,131.591,35.9421,29.5,70.5,131.5,189.5,245.5,38,200,0,255,25.5,42.5,52.5,-38.1523,38.0085,-34.125,34.125,3.20425,17521,2727,100,468
1706673284819738415,23682,23682,9032,14650,0,0,0,0,0,0,255,133.547,36.7502,32.5,73.5,133.5,194.5,251.5,37,217,0,181,26.5,46.5,55.5,-37.9857,38.5036,-33.875,34.125,3.28735,17576,2566,100,642
1706673284919567647,23779,23779,9002,14777,0,0,0,17,0.000714917,0,255,133.882,36.1431,34.5,77.5,133.5,195.5,255.5,27,239,0,255,26.5,45.5,56.5,-38.4894,38.186,-34.125,34.375,3.33128,17598,2433,100,563
1706673285020215025,23722,23722,9076,14646,0,0,0,13,0.000548015,0,255,133.547,35.5901,34.5,77.5,133.5,190.5,255.5,18,239,0,255,26.5,44.5,54.5,-38.2608,38.4848,-34.125,34.625,3.21019,17615,2618,100,484
1706673285120054955,23381,23381,9000,14381,0,0,0,16,0.000684316,0,255,131.947,34.4388,40.5,79.5,130.5,192.5,249.5,8,227,0,255,25.5,41.5,51.5,-38.442,38.3451,-34.625,34.375,3.08434,17664,2748,100,513
1706673285219890959,23298,23298,8941,14357,0,0,0,15,0.000643832,0,255,131.396,34.995,39.5,74.5,130.5,194.5,249.5,6,202,0,255,24.5,42.5,51.5,-38.376,38.4164,-34.625,34.625,3.16507,17781,2927,100,458
1706673285319718878,23648,23648,8980,14668,0,0,0,15,0.000634303,3.98104,255,132.428,32.0603,43.5,88.5,130.5,188.5,240.5,0,169,0,255,25.5,42.5,51.5,-38.3804,38.4196,-34.625,34.625,3.25055,17821,2746,100,547
1706673285419567715,23620,23620,8934,14686,0,0,0,16,0.000677392,0,255,132.439,33.1908,46.5,85.5,130.5,189.5,255.5,3,281,0,255,25.5,40.5,50.5,-38.4428,38.3419,-34.625,34.625,3.42388,17861,2549,100,576
1706673285520213851,23808,23808,8955,14853,0,0,0,13,0.000546035,0,255,131.566,30.6021,48.5,90.5,129.5,182.5,244.5,21,200,0,195,25.5,40.5,50.5,-38.305,38.4594,-34.625,34.625,3.35384,17890,2768,100,534
1706673285620059266,23548,23548,8943,14605,0,0,0,17,0.00072193,0,255,132.032,30.8262,44.5,90.5,129.5,183.5,239.5,13,196,0,255,25.5,40.5,50.5,-38.4824,38.2599,-34.625,34.125,3.31941,17924,2605,100,610
1706673285719913353,23797,23797,9029,14768,0,0,0,11,0.000462243,0,255,132.349,31.7327,45.5,88.5,129.5,190.5,236.5,13,155,0,255,25.5,39.5,50.5,-38.2308,38.4893,-34.125,34.125,3.31229,17950,2477,100,642
1706673285819747985,23777,23777,9088,14689,0,0,0,17,0.000714977,0,255,132.251,31.623,49.5,88.5,129.5,188.5,240.5,11,201,0,190,25.5,40.5,50.5,-38.4992,37.9438,-34.125,33.875,3.38352,17959,2305,100,593
1706673285919592762,23793,23793,9148,14645,0,0,0,4,0.000168117,0,255,133.127,32.0913,54.5,88.5,130.5,192.5,247.5,3,188,0,177,26.5,40.5,50.5,-38.0323,38.1572,-34.125,34.125,3.41557,17966,2391,100,640
1706673286019841269,23839,23839,9073,14766,0,0,0,8,0.000335585,0,255,132.795,30.8124,50.5,90.5,130.5,187.5,227.5,9,137,0,250,26.5,39.5,51.5,-38.0893,38.508,-34.125,34.125,3.31941,17977,2257,100,783
1706673286119683149,23857,23857,8994,14863,0,0,0,17,0.000712579,0,255,133.341,31.6274,55.5,91.5,130.5,192.5,242.5,1,176,0,255,26.5,40.5,51.5,-38.5084,38.0942,-34.125,34.375,3.30754,17981,2121,100,595
1706673286219520668,23864,23864,8928,14936,0,0,0,11,0.000460945,0,255,132.627,33.553,56.5,88.5,129.5,195.5,255.5,21,262,0,255,27.5,40.5,55.5,-38.1856,38.4947,-34.125,34.625,3.22324,17987,2072,100,558
1706673286320166966,23788,23788,8950,14838,0,0,0,17,0.000714646,0,255,132.588,34.1607,48.5,86.5,130.5,194.5,252.5,9,229,0,243,27.5,40.5,53.5,-38.4778,38.2622,-34.625,34.375,3.16863,17996,1931,100,626
1706673286419995047,23995,23995,9000,14995,0,0,0,14,0.000583455,0,255,132.627,30.6061,57.5,91.5,130.5,186.5,233.5,11,161,0,255,26.5,40.5,51.5,-38.3153,38.4669,-34.375,34.625,3.05585,17996,2029,100,772
1706673286519843507,23702,23702,8899,14803,0,0,0,16,0.000675049,0,255,133.392,32.9642,50.5,87.5,131.5,191.5,252.5,6,220,0,234,26.5,40.5,53.5,-38.4364,38.3536,-34.625,34.625,2.92051,18022,2104,100,609
1706673286619676744,23933,23933,8972,14961,0,0,0,15,0.00062675,0,255,134.454,33.969,60.5,86.5,131.5,194.5,254.5,2,232,0,255,27.5,42.5,53.5,-38.3751,38.423,-34.625,34.625,3.0606,18029,1727,100,445
1706673286719514788,23884,23884,8897,14987,0,0,0,16,0.000669905,0,255,133.272,35.3019,51.5,84.5,130.5,195.5,255.5,11,253,0,150,27.5,44.5,55.5,-38.3843,38.4139,-34.625,34.625,3.01786,18037,1431,100,358
1706673286820156253,23878,23878,8937,14941,0,0,0,16,0.000670073,0,255,133.617,35.2611,57.5,85.5,131.5,193.5,255.5,27,277,0,152,27.5,45.5,58.5,-38.445,38.339,-34.625,34.375,3.01667,18040,1391,100,343
1706673286920017493,23858,23858,9010,14848,0,0,0,13,0.000544891,0,255,133.574,33.7003,59.5,85.5,131.5,189.5,240.5,5,195,0,150,27.5,45.5,55.5,-38.278,38.4725,-34.375,34.125,2.97037,18045,1266,100,405
1706673287019862578,23927,23927,9086,14841,0,0,0,18,0.000752288,0,255,133.879,32.2022,58.5,86.5,132.5,188.5,235.5,4,156,0,255,27.5,42.5,53.5,-38.5004,37.8774,-34.125,33.875,3.05941,18050,1708,100,476
1706673287119692848,23774,23774,9089,14685,0,0,0,0,0,4.46787,255,133.666,31.9319,54.5,89.5,131.5,189.5,243.5,0,179,0,255,26.5,40.5,51.5,-37.9743,38.2065,-33.875,33.875,3.01074,18066,2107,100,652
1706673287219535422,23823,23823,9124,14699,0,0,0,10,0.000419762,4.45981,255,133.514,32.234,50.5,91.5,130.5,195.5,250.5,0,213,0,255,25.5,39.5,50.5,-38.1451,38.5042,-34.125,34.125,3.04516,18083,2421,100,722
1706673287320162023,23769,23769,9002,14767,0,0,0,18,0.000757289,0,255,132.869,32.8718,42.5,89.5,130.5,192.5,246.5,3,201,0,255,25.5,40.5,51.5,-38.5095,38.0994,-34.125,34.375,3.07959,18107,2512,100,713
1706673287420005083,23555,23555,8975,14580,0,0,0,11,0.000466992,0,255,133.007,32.4204,46.5,91.5,130.5,191.5,239.5,5,190,0,222,25.5,39.5,49.5,-38.0922,38.5121,-34.375,34.625,2.98462,18128,2454,100,692
1706673287519840004,23740,23740,8921,14819,0,0,0,18,0.000758214,0,255,133.337,31.0889,52.5,91.5,131.5,187.5,245.5,3,206,0,255,25.5,39.5,49.5,-38.5051,38.1582,-34.625,34.375,3.00124,18147,2558,100,617
1706673287619671109,23818,23818,8922,14896,0,0,0,11,0.000461836,0,255,134.028,33.4798,50.5,87.5,131.5,194.5,255.5,24,267,0,160,26.5,41.5,50.5,-38.1954,38.4983,-34.375,34.625,3.10571,18166,2336,100,542
1706673287719516406,23883,23883,8979,14904,0,0,0,16,0.000669933,0,255,134.354,32.5549,53.5,87.5,132.5,189.5,254.5,12,233,0,255,26.5,42.5,53.5,-38.4715,38.2795,-34.625,34.625,3.28498,18172,2059,100,445
1706673287820142727,23862,23862,8990,14872,0,0,0,14,0.000586707,0,255,133.724,32.5926,47.5,85.5,132.5,187.5,241.5,2,189,0,155,27.5,43.5,55.5,-38.3424,38.4522,-34.625,34.625,3.0606,18181,1932,100,422
1706673287919975011,23877,23877,8971,14906,0,0,0,16,0.000670101,0,255,134.694,32.992,53.5,88.5,132.5,192.5,255.5,12,240,0,255,27.5,43.5,56.5,-38.4081,38.3871,-34.625,34.375,3.28617,18188,1891,100,453
1706673288019812228,23880,23880,8995,14885,0,0,0,16,0.000670017,0,255,134.2,32.7619,51.5,89.5,131.5,192.5,253.5,4,236,0,152,26.5,42.5,53.5,-38.4149,38.3824,-34.625,34.125,3.04279,18197,2034,100,462
1706673288119639511,23855,23855,9017,14838,0,0,0,14,0.000586879,0,255,133.592,32.8258,49.5,87.5,131.5,189.5,255.5,1,244,0,151,26.5,41.5,51.5,-38.332,38.4496,-34.125,34.125,3.04398,18203,2215,100,491
1706673288219870987,23805,23805,9063,14742,0,0,0,17,0.000714136,0,255,132.819,33.1993,45.5,85.5,131.5,189.5,248.5,3,218,0,255,25.5,41.5,51.5,-38.4705,37.7692,-34.125,33.875,3.17101,18216,2453,100,587
1706673288319712467,23769,23769,9132,14637,0,0,0,0,0,0,255,133.165,33.853,45.5,85.5,130.5,192.5,249.5,6,186,0,255,25.5,41.5,53.5,-37.8568,38.2871,-33.875,34.125,3.02973,18226,2337,100,503
1706673288419546026,23788,23788,9091,14697,0,0,0,12,0.000504456,0,255,132.928,32.7421,51.5,86.5,130.5,190.5,250.5,11,212,0,255,26.5,41.5,51.5,-38.2334,38.4896,-33.875,34.125,3.09265,18251,2318,100,450
1706673288520175220,23814,23814,8979,14835,0,0,0,18,0.000755858,0,255,134.666,33.6809,49.5,87.5,132.5,193.5,251.5,2,222,0,183,26.5,43.5,55.5,-38.4978,38.1839,-34.125,34.625,3.05704,18258,2193,100,428
1706673288620012303,23865,23865,8940,14925,0,0,0,9,0.000377121,0,255,134.751,33.6563,46.5,84.5,133.5,190.5,246.5,6,184,0,158,26.5,43.5,54.5,-38.1237,38.5084,-34.375,34.625,3.25411,18285,2031,100,420
1706673288719844567,23817,23817,8935,14882,0,0,0,18,0.000755763,0,255,133.78,32.9891,49.5,86.5,131.5,191.5,243.5,7,196,0,255,26.5,42.5,53.5,-38.5024,38.0687,-34.625,34.375,3.20069,18311,2323,100,488
1706673288819689916,23880,23880,8882,14998,0,0,0,9,0.000376884,0,255,133.506,33.936,42.5,84.5,131.5,191.5,240.5,8,194,0,255,26.5,43.5,53.5,-38.1447,38.5117,-34.375,34.625,3.23868,18321,2045,100,455
1706673288919533747,23817,23817,8935,14882,0,0,0,17,0.000713776,0,255,133.925,32.149,50.5,88.5,131.5,190.5,232.5,6,163,0,255,25.5,41.5,52.5,-38.4988,38.2042,-34.625,34.625,2.9953,18336,1977,100,491
1706673289020177616,23806,23806,8943,14863,0,0,0,12,0.000504075,0,255,133.067,32.7538,47.5,87.5,130.5,191.5,245.5,10,193,0,255,26.5,40.5,52.5,-38.2607,38.4829,-34.625,34.625,3.06891,18349,2295,100,443
1706673289120014499,23757,23757,9026,14731,0,0,0,17,0.000715579,0,255,133.102,33.3827,48.5,86.5,130.5,193.5,247.5,11,209,0,255,25.5,40.5,51.5,-38.4554,38.327,-34.125,34.625,2.92882,18362,2421,100,576
1706673289219859285,23814,23814,9024,14790,0,0,0,15,0.000629882,0,255,132.709,33.1925,47.5,87.5,129.5,191.5,247.5,20,205,0,151,25.5,40.5,51.5,-38.3645,38.437,-34.625,34.125,3.07128,18375,2334,100,547
1706673289319694727,23862,23862,9036,14826,0,0,0,16,0.000670522,0,255,133.208,33.1728,49.5,88.5,130.5,191.5,250.5,7,211,0,255,26.5,40.5,53.5,-38.3955,38.3972,-34.375,34.125,3.21256,18387,2170,100,481
1706673289419539918,23874,23874,9038,14836,0,0,0,16,0.000670185,0,255,135.275,32.6828,55.5,87.5,133.5,191.5,237.5,6,172,0,155,26.5,43.5,53.5,-38.429,37.6042,-34.125,33.625,3.17101,18400,1986,100,429
1706673289520177987,23867,23867,9094,14773,0,0,0,0,0,4.53568,255,133.983,33.5142,50.5,86.5,131.5,191.5,241.5,0,199,0,158,27.5,45.5,55.5,-37.6632,38.365,-33.625,34.125,3.21137,18404,1690,100,341
1706673289620023365,23941,23941,9155,14786,0,0,0,15,0.00062654,0,255,134.487,36.2105,54.5,84.5,130.5,194.5,255.5,5,256,0,158,28.5,48.5,62.5,-38.3325,38.4417,-34.125,34.125,3.29566,18406,1388,100,496
1706673289719862830,23915,23915,9015,14900,0,0,0,17,0.000710851,0,255,133.946,36.461,44.5,82.5,131.5,198.5,248.5,3,208,0,255,28.5,50.5,65.5,-38.4708,38.2603,-34.125,34.375,3.19475,18407,1448,100,434
1706673289819712563,23875,23875,8887,14988,0,0,0,11,0.000460733,0,255,134.21,35.1346,50.5,84.5,131.5,195.5,251.5,8,223,0,160,28.5,49.5,62.5,-38.1989,38.4948,-34.375,34.625,3.21375,18411,1450,100,413
1706673289919552796,23866,23866,8842,15024,0,0,0,17,0.00071231,0,255,133.85,33.2631,51.5,86.5,131.5,192.5,245.5,3,164,0,229,27.5,45.5,54.5,-38.5022,38.1645,-34.625,34.375,3.06297,18425,1680,100,514
1706673290020193364,23783,23783,8922,14861,0,0,0,11,0.000462515,0,255,132.866,33.9378,42.5,84.5,130.5,192.5,255.5,4,270,0,163,26.5,43.5,55.5,-38.1004,38.5073,-34.375,34.625,3.06535,18448,2354,100,504
1706673290120041276,23259,23259,8976,14283,0,0,0,17,0.0007309,0,255,131.077,31.4317,41.5,83.5,129.5,183.5,231.5,12,151,0,150,24.5,41.5,51.5,-38.5053,38.1167,-34.625,34.625,3.23037,18523,2741,100,687
1706673290219875296,23820,23820,9038,14782,0,0,0,10,0.000419815,0,255,133.823,35.3211,41.5,84.5,131.5,199.5,255.5,20,340,0,239,25.5,44.5,54.5,-38.1724,38.502,-34.375,34.625,2.95494,18539,2274,100,682
1706673290319718295,23826,23826,8939,14887,0,0,0,17,0.000713506,0,255,134.009,33.8941,42.5,84.5,132.5,194.5,246.5,5,181,0,151,26.5,45.5,55.5,-38.4908,38.2168,-34.125,34.375,3.24224,18551,1969,100,513
1706673290419553485,23843,23843,8995,14848,0,0,0,12,0.000503292,0,255,134.276,33.9881,43.5,85.5,132.5,195.5,255.5,9,279,0,205,26.5,44.5,54.5,-38.2542,38.4864,-33.875,34.125,2.93119,18564,1988,100,405
1706673290520199354,23663,23663,9097,14566,0,0,0,17,0.000718421,0,255,131.234,33.6499,37.5,82.5,130.5,189.5,249.5,17,222,0,163,25.5,43.5,52.5,-38.4486,38.3114,-34.875,34.125,3.09265,18599,2584,100,728
1706673290620041035,23275,23275,9069,14206,0,0,0,15,0.000644468,0,255,131.376,34.262,31.5,78.5,130.5,190.5,241.5,86,184,0,255,25.5,42.5,52.5,-38.3806,37.702,-34.125,33.875,3.24224,18655,2905,100,666
1706673290719876751,23791,23791,9012,14779,0,0,0,0,0,0,255,133.555,34.8758,40.5,80.5,132.5,192.5,248.5,18,193,0,150,26.5,43.5,54.5,-37.5661,38.4204,-33.625,34.125,3.13658,18681,2412,100,604
1706673290819717584,23847,23847,9019,14828,0,0,0,15,0.00062901,0,255,134.487,32.6896,46.5,88.5,132.5,190.5,251.5,4,233,0,151,26.5,43.5,55.5,-38.3759,38.4043,-34.125,34.125,3.17576,18694,2085,100,505
1706673290919565368,23851,23851,9079,14772,0,0,0,17,0.000712758,0,255,134.02,32.9139,40.5,86.5,132.5,188.5,241.5,7,176,0,150,26.5,43.5,54.5,-38.4346,38.3557,-34.125,34.625,3.14964,18705,2147,100,527
1706673291020214741,23882,23882,8970,14912,0,0,0,13,0.000544343,0,255,133.73,33.5277,45.5,83.5,132.5,191.5,243.5,15,173,0,154,26.5,43.5,53.5,-38.291,38.4695,-34.625,34.625,3.27192,18710,2301,100,564
1706673291120038234,23854,23854,8832,15022,0,0,0,17,0.000712669,0,255,134.225,33.9177,37.5,81.5,133.5,192.5,247.5,15,183,0,150,26.5,44.5,54.5,-38.4761,38.2383,-34.625,34.625,3.3111,18719,2194,100,564
1706673291219866856,23813,23813,8832,14981,0,0,0,10,0.000419939,0,255,134.242,34.6221,39.5,81.5,132.5,192.5,255.5,13,269,0,255,27.5,45.5,57.5,-38.1902,38.5003,-34.375,34.625,2.98699,18736,2192,100,617
1706673291319703118,23883,23883,8870,15013,0,0,0,17,0.000711803,0,255,134.943,33.8161,44.5,82.5,133.5,191.5,243.5,11,171,0,155,27.5,46.5,54.5,-38.5119,38.1471,-34.625,34.375,3.12352,18744,2021,100,591
1706673291419549321,23871,23871,9048,14823,0,0,0,11,0.00046081,0,255,134.746,33.6839,37.5,83.5,133.5,189.5,242.5,9,185,0,154,27.5,46.5,55.5,-38.0905,38.5102,-34.375,34.625,3.23749,18749,1915,100,498
1706673291520185108,23878,23878,8980,14898,0,0,0,17,0.000711952,0,255,135.214,32.825,50.5,84.5,134.5,189.5,237.5,5,140,0,150,27.5,46.5,55.5,-38.505,38.1347,-34.125,34.375,3.02854,18754,1891,100,538
1706673291620023276,23874,23874,8988,14886,0,0,0,12,0.000502639,0,255,134.926,33.6273,44.5,84.5,134.5,191.5,240.5,2,176,0,152,27.5,45.5,55.5,-38.2252,38.4919,-33.875,34.125,3.00955,18757,1968,100,527
1706673291719861928,23872,23872,9048,14824,0,0,0,0,0,0,255,134.816,33.0127,57.5,86.5,132.5,191.5,254.5,3,238,0,166,26.5,43.5,55.5,-37.8735,38.2675,-33.875,33.875,3.02854,18766,2057,100,502
1706673291819713903,23828,23828,9049,14779,0,0,0,31,0.00130099,0,255,132.083,33.1213,43.5,84.5,129.5,190.5,246.5,12,199,0,181,26.5,42.5,52.5,-38.4851,37.8158,-35.125,33.875,3.17576,18775,2251,100,456
1706673291919535375,23776,23776,9067,14709,0,0,0,0,0,4.34264,255,132.44,32.6323,48.5,86.5,129.5,189.5,255.5,0,245,0,184,25.5,41.5,52.5,-37.7225,38.4647,-33.875,34.125,3.01905,18782,2447,100,512
1706673292020172260,23689,23689,9010,14679,0,0,0,16,0.000675419,0,255,132.542,32.6944,44.5,85.5,130.5,190.5,242.5,4,180,0,151,25.5,41.5,51.5,-38.432,38.3589,-34.125,34.375,2.97749,18819,2745,100,604
1706673292120027477,23498,23498,9077,14421,0,0,0,15,0.000638352,0,255,132.775,33.7718,40.5,83.5,130.5,193.5,242.5,13,203,0,210,25.5,41.5,51.5,-38.3991,38.3902,-34.375,34.625,2.95731,18916,2883,100,585
1706673292219858066,23608,23608,8957,14651,0,0,0,15,0.000635378,0,255,133.871,32.2771,43.5,89.5,131.5,190.5,239.5,6,168,0,222,25.5,40.5,50.5,-38.365,38.4271,-34.625,34.625,3.04398,18960,2672,100,548
1706673292319683849,23648,23648,8903,14745,0,0,0,17,0.000718877,0,255,132.955,32.8003,40.5,87.5,130.5,190.5,248.5,32,198,0,150,25.5,42.5,52.5,-38.4484,38.3175,-34.625,34.625,2.98343,19008,2638,100,499
1706673292419534876,23659,23659,8846,14813,0,0,0,13,0.000549474,0,255,133.598,34.446,39.5,84.5,131.5,197.5,246.5,14,212,0,255,25.5,41.5,53.5,-38.2838,38.4733,-34.625,34.625,3.22799,19046,2867,100,588
1706673292520191832,23436,23436,8898,14538,0,0,0,17,0.00072538,0,255,133.747,34.8028,32.5,86.5,131.5,196.5,249.5,23,215,0,255,25.5,42.5,52.5,-38.4998,38.2103,-34.625,34.625,2.98581,19088,2796,100,568
1706673292620022720,22918,22918,9020,13898,0,0,0,9,0.000392704,0,255,132.219,33.6593,35.5,82.5,130.5,190.5,242.5,35,180,0,255,24.5,41.5,51.5,-38.1284,38.505,-34.375,34.625,2.98343,19157,2965,100,577
1706673292719852199,23261,23261,9155,14106,0,0,0,17,0.000730837,0,255,131.908,33.0617,39.5,87.5,129.5,191.5,255.5,18,234,0,160,24.5,41.5,52.5,-38.5118,38.0793,-34.125,34.375,2.98818,19208,2897,100,587
1706673292819701491,23681,23681,9073,14608,0,0,0,9,0.000380052,0,255,132.934,33.4928,37.5,87.5,130.5,193.5,245.5,23,207,0,255,25.5,42.5,52.5,-38.1123,38.5063,-34.125,34.125,2.97275,19227,2787,100,641
1706673292919541712,23718,23718,9034,14684,0,0,0,0,0,0,255,133.51,33.7207,42.5,86.5,130.5,194.5,251.5,5,157,0,185,26.5,43.5,53.5,-37.9928,38.1937,-34.125,33.875,4.93044,19242,2645,100,694
1706673293020177431,23713,23713,9041,14672,0,0,0,22,0.000927761,0,255,132.613,34.0651,38.5,86.5,129.5,193.5,250.5,31,209,0,168,25.5,42.5,52.5,-38.504,37.9155,-34.625,33.875,3.37165,19263,2569,100,626
1706673293120017305,23670,23670,9078,14592,0,0,0,7,0.000295733,0,255,132.447,32.7776,40.5,88.5,129.5,190.5,246.5,7,207,0,255,25.5,41.5,51.5,-38.248,38.4878,-34.625,34.125,3.08434,19291,2938,100,593
1706673293219856988,23164,23164,9048,14116,0,0,0,16,0.000690727,0,255,131.653,33.5585,36.5,80.5,129.5,190.5,248.5,5,201,0,255,25.5,41.5,52.5,-38.4654,38.2993,-34.125,34.375,3.04754,19332,2897,100,644
1706673293319692083,22870,22870,9022,13848,0,0,0,13,0.00056843,0,255,132.154,33.768,31.5,79.5,130.5,190.5,243.5,13,151,0,154,25.5,41.5,52.5,-38.33,38.4574,-34.375,34.625,2.96206,19390,3034,100,602
1706673293419533612,22884,22884,9025,13859,0,0,0,16,0.000699178,0,255,131.431,34.0306,23.5,78.5,129.5,188.5,239.5,32,128,0,192,25.5,41.5,51.5,-38.4149,38.3728,-34.625,34.625,3.60552,19435,3012,100,634
1706673293520163436,22886,22886,8893,13993,0,0,0,15,0.000655423,0,255,130.862,34.462,31.5,76.5,129.5,189.5,246.5,14,198,0,150,25.5,41.5,52.5,-38.4193,38.3704,-34.625,34.625,3.31822,19471,2991,100,628
1706673293620006062,23027,23027,8890,14137,0,0,0,14,0.000607982,0,255,131.304,33.5081,35.5,79.5,129.5,189.5,245.5,6,178,0,160,25.5,41.5,51.5,-38.3205,38.4554,-34.625,34.625,3.3206,19532,3026,100,689
1706673293719848322,22934,22934,8944,13990,0,0,0,17,0.000741258,0,255,131.151,33.9476,34.5,75.5,130.5,188.5,245.5,10,175,0,190,25.5,41.5,52.5,-38.4596,38.299,-34.625,34.625,2.98462,19570,2791,100,724
1706673293819693198,23615,23615,8978,14637,0,0,0,12,0.000508152,0,255,133.52,34.4961,31.5,79.5,131.5,193.5,241.5,29,179,0,163,25.5,43.5,52.5,-38.2287,38.4947,-34.125,34.625,3.21137,19598,2985,100,703
1706673293919534571,23692,23692,9043,14649,0,0,0,17,0.000717542,0,255,132.603,36.4911,27.5,73.5,131.5,195.5,250.5,84,228,0,150,26.5,44.5,53.5,-38.4997,38.1551,-34.125,34.375,3.11402,19614,2572,100,800
1706673294020180768,23558,23558,9151,14407,0,0,0,0,0,0,255,131.301,37.9471,23.5,63.5,131.5,195.5,246.5,111,187,0,150,25.5,43.5,53.5,-37.9965,38.5102,-34.125,34.125,3.22918,19643,2705,100,786
1706673294120024408,23428,23428,9081,14347,0,0,0,9,0.000384156,0,255,131.579,37.0771,28.5,67.5,131.5,195.5,243.5,28,181,0,178,25.5,42.5,53.5,-38.1201,38.0637,-34.125,34.125,3.03092,19680,2788,100,760
1706673294219865802,23703,23703,9065,14638,0,0,0,17,0.000717209,0,255,131.642,38.4936,33.5,59.5,132.5,196.5,255.5,4,254,0,255,26.5,44.5,53.5,-38.517,38.0569,-34.125,34.125,3.03448,19698,2710,100,808
1706673294319698038,23812,23812,9033,14779,0,0,0,9,0.000377961,0,255,133.303,36.9197,34.5,70.5,132.5,194.5,249.5,16,216,0,255,26.5,45.5,54.5,-38.1175,38.5062,-34.375,34.125,3.08197,19707,2349,100,699
1706673294419538679,23822,23822,9008,14814,0,0,0,17,0.000713626,0,255,133.492,34.4525,38.5,78.5,133.5,191.5,233.5,7,139,0,255,27.5,44.5,54.5,-38.4952,38.2084,-34.625,34.125,2.96088,19711,2210,100,599
1706673294520185939,23837,23837,8932,14905,0,0,0,12,0.000503419,0,255,134.544,33.9503,40.5,82.5,133.5,193.5,239.5,8,156,0,160,27.5,45.5,55.5,-38.2735,38.4794,-34.125,34.625,3.04873,19721,2224,100,539
1706673294620032611,23823,23823,9004,14819,0,0,0,16,0.00067162,0,255,133.947,34.2983,40.5,80.5,132.5,193.5,237.5,6,164,0,255,27.5,44.5,54.5,-38.4693,38.3033,-34.625,34.625,2.91457,19737,2233,100,547
1706673294719863814,23533,23533,8949,14584,0,0,0,15,0.000637403,0,255,131.866,38.0234,29.5,63.5,132.5,195.5,246.5,7,186,0,153,26.5,44.5,53.5,-38.3477,38.4359,-34.625,34.625,2.83385,19754,2558,100,739
1706673294819702389,23751,23751,8876,14875,0,0,0,15,0.000631552,0,255,132.298,37.0869,26.5,68.5,132.5,194.5,249.5,29,205,0,255,26.5,43.5,53.5,-38.3877,38.4122,-34.625,34.625,2.87302,19767,2595,100,734
1706673294919540900,23541,23541,8875,14666,0,0,0,16,0.000679665,0,255,132.79,35.5203,31.5,69.5,132.5,192.5,237.5,7,141,0,150,26.5,43.5,52.5,-38.444,38.344,-34.625,34.625,2.95969,19791,2628,100,724
1706673295020172379,23587,23587,8995,14592,0,0,0,14,0.000593547,0,255,132.743,36.3182,30.5,72.5,132.5,192.5,250.5,65,208,0,255,26.5,43.5,53.5,-38.319,38.4548,-34.375,34.625,2.87896,19832,2897,100,587
1706673295120017680,23677,23677,9072,14605,0,0,0,17,0.000717996,0,255,133.614,35.1354,33.5,76.5,132.5,194.5,243.5,44,181,0,255,26.5,44.5,54.5,-38.4765,38.2725,-34.125,34.125,2.98818,19857,2765,100,621
1706673295219858388,23794,23794,9126,14668,0,0,0,0,0,0,255,134.564,36.1079,34.5,78.5,133.5,198.5,244.5,36,180,0,255,26.5,44.5,53.5,-37.8836,38.496,-33.875,34.125,3.05348,19863,2419,100,606
1706673295319697526,23837,23837,9099,14738,0,0,0,11,0.000461467,0,255,134.186,34.293,39.5,81.5,133.5,193.5,240.5,11,174,0,164,27.5,45.5,55.5,-38.2107,37.9755,-33.875,33.875,3.13777,19870,2246,100,516
1706673295419549515,23804,23804,9025,14779,0,0,0,18,0.000756175,0,255,133.723,34.9051,35.5,75.5,134.5,189.5,240.5,25,192,0,242,26.5,45.5,54.5,-38.5149,38.1296,-34.125,34.125,3.1995,19880,2467,100,598
1706673295520192972,23439,23439,9021,14418,0,0,0,11,0.000469303,0,255,131.27,37.1842,32.5,63.5,131.5,194.5,245.5,4,198,0,255,26.5,44.5,53.5,-38.0701,38.5101,-34.375,34.125,3.41438,19900,2281,100,668
1706673295620018481,23779,23779,9002,14777,0,0,0,17,0.000714917,0,255,131.337,40.2249,25.5,55.5,132.5,197.5,255.5,12,242,0,255,25.5,44.5,54.5,-38.5065,38.1138,-34.625,34.375,3.5794,19914,2257,100,907
1706673295719863018,23787,23787,8959,14828,0,0,0,11,0.000462437,0,255,133.813,37.4517,29.5,71.5,133.5,198.5,246.5,71,196,0,255,26.5,46.5,56.5,-38.2004,38.5012,-34.125,34.625,3.22799,19927,2018,100,749
1706673295819707257,23810,23810,8914,14896,0,0,0,17,0.000713986,0,255,133.731,36.5425,32.5,72.5,133.5,197.5,248.5,42,189,0,228,26.5,46.5,56.5,-38.4765,38.2572,-34.625,34.625,3.25174,19942,2139,100,617
1706673295919543916,23796,23796,8957,14839,0,0,0,13,0.00054631,0,255,133.62,34.5387,38.5,76.5,133.5,190.5,236.5,39,144,0,157,26.5,45.5,56.5,-38.2686,38.4745,-34.375,34.625,3.00243,19951,2439,100,693
1706673296020177540,23773,23773,8981,14792,0,0,0,16,0.000673032,0,255,132.953,36.6515,29.5,70.5,131.5,196.5,247.5,29,171,0,255,26.5,45.5,55.5,-38.4606,38.3048,-34.625,34.625,2.87777,19972,2407,100,698
1706673296120023185,23736,23736,8917,14819,0,0,0,15,0.000631951,0,255,130.789,39.8585,20.5,60.5,130.5,198.5,255.5,42,274,0,184,25.5,44.5,54.5,-38.3673,38.4307,-34.625,34.625,2.92882,19988,2608,100,819
1706673296219880830,23713,23713,8945,14768,0,0,0,15,0.000632564,0,255,131.977,37.7159,28.5,64.5,131.5,197.5,246.5,40,183,0,255,26.5,43.5,53.5,-38.389,38.4143,-34.375,34.625,2.85284,20010,2614,100,748
1706673296319727314,23697,23697,9019,14678,0,0,0,16,0.000675191,0,255,131.642,38.6338,33.5,61.5,132.5,192.5,248.5,43,207,0,151,26.5,44.5,55.5,-38.4579,38.3245,-34.125,34.375,2.88846,20021,2444,100,797
1706673296419568038,23829,23829,9178,14651,0,0,0,0,0,0,255,134.466,35.4626,38.5,78.5,133.5,195.5,253.5,4,222,0,160,27.5,45.5,56.5,-37.72,38.4661,-33.875,34.125,2.97037,20032,2170,100,499
1706673296520214540,23886,23886,9143,14743,0,0,0,13,0.000544252,0,255,134.465,34.2908,43.5,80.5,133.5,193.5,240.5,5,205,0,255,27.5,46.5,55.5,-38.3031,37.8281,-34.125,33.875,2.97631,20037,2007,100,486
1706673296620049720,23884,23884,9049,14835,0,0,0,17,0.000711774,0,255,134.797,34.8551,41.5,79.5,134.5,193.5,247.5,10,198,0,150,28.5,46.5,56.5,-38.4948,38.2458,-34.125,33.875,2.98699,20043,1943,100,543
1706673296719880439,23932,23932,8990,14942,0,0,0,11,0.000459636,0,255,133.635,35.0465,42.5,79.5,132.5,191.5,245.5,4,193,0,151,28.5,47.5,59.5,-38.1893,38.501,-34.625,34.125,2.93238,20047,1644,100,515
1706673296819710025,23937,23937,8932,15005,0,0,0,18,0.000751974,0,255,134.706,36.1073,42.5,81.5,132.5,194.5,242.5,7,176,0,151,29.5,50.5,61.5,-38.5149,38.1362,-34.625,34.375,3.02024,20049,1648,100,397
1706673296919552340,23894,23894,8977,14917,0,0,0,11,0.000460367,0,255,135.145,37.5542,39.5,83.5,132.5,201.5,255.5,2,354,0,227,29.5,52.5,65.5,-38.0565,38.5076,-34.375,34.625,3.09028,20052,1535,100,452
1706673297020174134,23852,23852,8969,14883,0,0,0,18,0.000754654,0,255,134.697,36.9644,45.5,82.5,132.5,196.5,255.5,4,253,0,151,29.5,52.5,67.5,-38.5089,38.1406,-34.625,34.375,3.51055,20055,1434,100,419
1706673297120008461,23933,23933,8879,15054,0,0,0,11,0.000459616,0,255,135.233,37.388,39.5,81.5,132.5,200.5,250.5,5,200,0,154,29.5,53.5,73.5,-38.2147,38.5021,-34.375,34.625,2.96681,20058,1434,100,416
1706673297219853353,23946,23946,8970,14976,0,0,0,17,0.000709931,0,255,134.088,35.7804,44.5,81.5,131.5,196.5,238.5,2,174,0,156,28.5,49.5,61.5,-38.4813,38.2669,-34.625,34.625,3.00836,20059,1405,100,464
1706673297319687727,23890,23890,9014,14876,0,0,0,14,0.000586019,0,255,134.737,33.4853,42.5,84.5,133.5,191.5,236.5,6,150,0,153,28.5,45.5,54.5,-38.3034,38.4649,-34.625,34.625,2.94544,20065,1863,100,431
1706673297419521270,23722,23722,9026,14696,0,0,0,16,0.000674479,0,255,132.306,32.665,44.5,85.5,130.5,190.5,247.5,11,206,0,255,26.5,42.5,54.5,-38.456,38.3299,-34.125,34.625,3.04635,20086,2580,100,525
1706673297520148740,23454,23454,9032,14422,0,0,0,15,0.00063955,0,255,131.631,32.1354,45.5,89.5,128.5,189.5,253.5,4,226,0,255,25.5,42.5,53.5,-38.3809,38.4103,-34.125,34.375,3.09503,20118,2839,100,568
1706673297619979176,23876,23876,9100,14776,0,0,0,0,0,0,255,133.426,33.6521,52.5,83.5,131.5,193.5,241.5,5,193,0,255,27.5,44.5,57.5,-37.5954,38.4329,-33.625,34.125,3.14845,20127,1920,100,389
1706673297719817013,23980,23980,9174,14806,0,0,0,14,0.00058382,0,255,132.975,35.5163,57.5,83.5,128.5,195.5,255.5,5,274,0,255,27.5,50.5,62.5,-38.356,37.6859,-34.125,33.625,3.21612,20132,1319,100,404
1706673297819638354,23897,23897,9109,14788,0,0,0,16,0.00066954,0,255,133.678,38.2093,54.5,82.5,128.5,200.5,255.5,13,472,0,224,28.5,53.5,67.5,-38.4555,38.3219,-34.125,34.125,3.14133,20135,1246,100,404
1706673297919880798,23856,23856,8964,14892,0,0,0,13,0.000544936,0,255,134.766,35.964,55.5,86.5,130.5,197.5,254.5,6,237,0,217,28.5,52.5,67.5,-38.2847,38.4678,-34.625,34.125,3.10453,20138,1184,100,428
1706673298019712021,23873,23873,8870,15003,0,0,0,17,0.000712102,0,255,133.696,37.2853,49.5,83.5,129.5,199.5,255.5,5,334,0,255,28.5,52.5,68.5,-38.4913,38.2172,-34.625,34.375,2.89558,20140,1377,100,357
1706673298119551172,23848,23848,8854,14994,0,0,0,9,0.00037739,0,255,133.103,36.5344,50.5,84.5,128.5,197.5,255.5,11,277,0,255,28.5,52.5,67.5,-38.1492,38.5,-34.375,34.625,2.97512,20145,1396,100,302
1706673298220178870,23906,23906,8971,14935,0,0,0,17,0.000711119,0,255,133.54,37.2427,52.5,84.5,128.5,202.5,255.5,2,295,0,255,28.5,51.5,67.5,-38.5179,38.0744,-34.625,34.375,2.88252,20148,1558,100,329
1706673298320026925,23923,23923,9004,14919,0,0,0,13,0.00054341,0,255,132.533,33.4699,56.5,85.5,128.5,192.5,239.5,1,145,0,255,27.5,47.5,60.5,-38.1,38.5128,-34.375,34.625,2.93832,20151,1493,100,373
1706673298419883654,23922,23922,8930,14992,0,0,0,17,0.000710643,0,255,131.966,34.2898,53.5,84.5,128.5,193.5,255.5,5,291,0,255,27.5,46.5,60.5,-38.5013,38.1529,-34.625,34.375,3.05466,20157,1586,100,428
1706673298519723014,23806,23806,8983,14823,0,0,0,12,0.000504075,0,255,134.782,31.613,57.5,89.5,133.5,191.5,235.5,14,137,0,255,27.5,44.5,56.5,-38.2277,38.4896,-34.625,34.125,3.17932,20170,1996,100,572
1706673298619570661,23921,23921,9029,14892,0,0,0,16,0.000668868,0,255,131.331,32.8342,44.5,85.5,128.5,190.5,255.5,32,250,0,255,26.5,41.5,53.5,-38.4812,38.2707,-34.125,34.875,3.12708,20186,2432,100,706
1706673298720201792,23835,23835,9060,14775,0,0,0,14,0.000587372,0,255,131.611,29.8628,51.5,94.5,129.5,182.5,248.5,1,219,0,235,25.5,41.5,54.5,-38.3265,38.4496,-34.125,34.125,3.05823,20222,2563,100,556
1706673298820044532,23771,23771,9041,14730,0,0,0,0,0,0,255,134.92,30.7041,61.5,89.5,133.5,188.5,242.5,3,183,0,166,27.5,43.5,56.5,-37.6957,38.3643,-33.625,34.125,2.94663,20242,1892,100,474
1706673298919892778,23958,23958,9127,14831,0,0,0,16,0.000667835,0,255,134.289,34.5736,53.5,86.5,130.5,197.5,255.5,2,293,0,176,28.5,46.5,58.5,-38.4285,37.5883,-34.125,33.625,3.02142,20246,1505,100,500
1706673299019735032,23913,23913,9076,14837,0,0,0,16,0.000669092,0,255,134.503,37.5231,48.5,80.5,133.5,199.5,255.5,6,333,0,182,29.5,52.5,65.5,-38.4055,38.3844,-34.125,34.125,2.87421,20253,1290,100,414
1706673299119571579,23940,23940,9021,14919,0,0,0,15,0.000626566,0,255,135.09,37.5919,55.5,79.5,133.5,199.5,255.5,3,409,0,183,30.5,55.5,69.5,-38.3502,38.4328,-34.625,34.125,2.82316,20255,938,100,554
1706673299220219289,23967,23967,8981,14986,0,0,0,16,0.000667585,0,255,135.32,36.4428,51.5,85.5,132.5,199.5,255.5,6,264,0,162,30.5,55.5,69.5,-38.4676,38.3025,-34.625,34.625,2.70563,20257,889,100,554
1706673299320058350,23878,23878,8856,15022,0,0,0,13,0.000544434,0,255,135.33,37.3902,54.5,83.5,131.5,202.5,255.5,3,312,0,156,29.5,51.5,66.5,-38.2555,38.4783,-34.625,34.625,2.65339,20260,1346,100,475
1706673299419904128,23929,23929,8813,15116,0,0,0,18,0.000752225,4.78837,255,133.87,36.0932,40.5,81.5,132.5,197.5,255.5,0,305,0,166,28.5,47.5,60.5,-38.4991,38.1831,-34.625,34.375,2.71513,20264,1568,100,520
1706673299519735113,23864,23864,9013,14851,0,0,0,9,0.000377137,0,255,134.457,34.5944,41.5,79.5,134.5,192.5,246.5,8,207,0,150,28.5,47.5,57.5,-38.1202,38.5131,-34.375,34.625,2.77448,20275,1870,100,594
1706673299619569576,23842,23842,9049,14793,0,0,0,18,0.00075497,0,255,135.066,33.2214,49.5,84.5,133.5,192.5,239.5,8,184,0,236,28.5,46.5,57.5,-38.5066,38.0782,-34.625,34.375,2.79942,20283,2019,100,568
1706673299720221560,23844,23844,9003,14841,0,0,0,12,0.000503271,0,255,133.587,33.9889,42.5,82.5,132.5,191.5,255.5,10,240,0,228,28.5,44.5,56.5,-38.0992,38.5035,-34.375,34.125,2.7448,20301,2247,100,600
1706673299820058660,23639,23639,9064,14575,0,0,0,17,0.000719151,0,255,133.591,33.5277,41.5,84.5,131.5,188.5,246.5,12,216,0,254,27.5,44.5,54.5,-38.5004,38.1769,-34.125,34.625,2.78517,20349,2777,100,644
1706673299919893043,23401,23401,9053,14348,0,0,0,13,0.000555532,0,255,132.758,34.9498,33.5,80.5,131.5,193.5,250.5,41,213,0,184,26.5,43.5,53.5,-38.2595,38.4815,-34.125,34.625,2.79942,20440,2745,100,594
1706673300019736164,23517,23517,9066,14451,0,0,0,0,0,0,255,133.266,37.0165,31.5,71.5,131.5,197.5,255.5,30,280,0,151,26.5,44.5,54.5,-37.7991,38.324,-33.875,34.125,2.92645,20472,2975,100,746
1706673300119575117,23669,23669,9053,14616,0,0,0,16,0.00067599,0,255,133.519,35.418,34.5,79.5,131.5,193.5,255.5,10,240,0,152,27.5,44.5,54.5,-38.4513,37.6915,-34.125,33.875,2.95613,20502,2808,100,748
1706673300220215070,23678,23678,9105,14573,0,0,0,14,0.000591266,0,255,132.79,35.5486,32.5,79.5,131.5,194.5,248.5,27,189,0,154,26.5,44.5,54.5,-38.3481,38.4334,-34.375,34.125,2.97037,20528,2818,100,668
1706673300320052505,23621,23621,8987,14634,0,0,0,16,0.000677363,0,255,134.088,35.2084,36.5,80.5,132.5,195.5,247.5,41,209,0,150,26.5,45.5,54.5,-38.4107,38.3787,-34.625,34.375,2.84572,20559,2776,100,747
1706673300419903966,23753,23753,8904,14849,0,0,0,16,0.000673599,0,255,134.042,35.2349,38.5,76.5,133.5,193.5,245.5,25,198,0,150,27.5,45.5,55.5,-38.4139,38.3759,-34.625,34.625,2.90033,20573,2508,100,812
1706673300519748721,23834,23834,8840,14994,0,0,0,14,0.000587396,0,255,134.019,35.2332,39.5,78.5,133.5,195.5,245.5,5,193,0,155,28.5,46.5,56.5,-38.3553,38.4301,-34.625,34.625,2.97512,20588,2274,100,743
1706673300619586930,23823,23823,8922,14901,0,0,0,17,0.000713596,0,255,135.067,33.3907,45.5,83.5,134.5,193.5,236.5,15,151,0,150,28.5,46.5,56.5,-38.4712,38.3035,-34.625,34.625,2.89202,20597,2081,100,610
1706673300719815826,23832,23832,8936,14896,0,0,0,12,0.000503525,0,255,134.375,35.2646,38.5,81.5,133.5,195.5,249.5,4,213,0,150,28.5,47.5,57.5,-38.2554,38.4827,-34.375,34.625,2.87658,20604,2044,100,632
1706673300819653092,23817,23817,9022,14795,0,0,0,18,0.000755763,0,255,134.283,35.6835,37.5,78.5,134.5,194.5,247.5,4,200,0,150,28.5,46.5,57.5,-38.4947,38.1952,-34.625,34.125,2.94782,20613,1985,100,709
1706673300919907725,23796,23796,9024,14772,0,0,0,10,0.000420239,0,255,134.578,36.2417,36.5,74.5,134.5,197.5,249.5,7,224,0,150,28.5,47.5,57.5,-38.0959,38.513,-34.375,34.125,3.06654,20636,2271,100,785
1706673301019753486,23700,23700,9034,14666,0,0,0,17,0.0007173,0,255,134.668,34.5527,43.5,82.5,132.5,194.5,241.5,3,177,0,164,27.5,45.5,54.5,-38.506,38.0916,-34.125,34.125,2.89795,20662,2691,100,708
1706673301119592035,23450,23450,9099,14351,0,0,0,9,0.000383795,0,255,132.64,35.9436,35.5,79.5,130.5,195.5,255.5,88,274,0,150,26.5,44.5,56.5,-38.1435,38.052,-34.125,34.375,2.86471,20722,3000,100,623
1706673301219836228,23038,23038,9070,13968,0,0,0,0,0,0,255,131.484,35.6321,29.5,73.5,130.5,195.5,247.5,50,196,0,211,26.5,43.5,55.5,-37.969,38.2159,-34.125,34.375,3.08434,20802,2951,100,575
1706673301319682936,23515,23515,9037,14478,0,0,0,17,0.000722943,0,255,132.016,34.4221,45.5,81.5,130.5,194.5,253.5,13,233,0,255,26.5,43.5,54.5,-38.5031,37.8712,-34.125,33.875,3.03567,20834,2854,100,616
1706673301419531779,23533,23533,8997,14536,0,0,0,13,0.000552416,0,255,132.165,33.1935,46.5,86.5,130.5,192.5,248.5,9,201,0,156,27.5,43.5,55.5,-38.2855,38.4735,-34.375,34.125,2.98699,20882,2454,100,576
1706673301520170895,23883,23883,9106,14777,0,0,0,16,0.000669933,0,255,134.178,32.2388,56.5,89.5,131.5,193.5,252.5,1,231,0,255,28.5,42.5,56.5,-38.4511,38.3219,-34.625,34.375,2.99056,20891,2326,100,658
1706673301620003151,23837,23837,8920,14917,0,0,0,14,0.000587322,10.0076,255,134.02,31.926,52.5,88.5,131.5,193.5,236.5,0,162,0,252,29.5,43.5,58.5,-38.3624,38.4302,-34.625,34.625,2.96681,20899,1996,100,653
1706673301719837661,23841,23841,8820,15021,0,0,0,16,0.000671113,0,255,134.057,32.0314,55.5,88.5,131.5,194.5,242.5,4,195,0,255,29.5,44.5,60.5,-38.407,38.3888,-34.625,34.625,2.968,20905,1958,100,513
1706673301819675466,23856,23856,8814,15042,0,0,0,15,0.000628773,0,255,134.785,33.0716,55.5,89.5,131.5,198.5,253.5,4,237,0,202,29.5,44.5,59.5,-38.4202,38.3777,-34.625,34.625,2.94782,20913,1960,100,491
1706673301919524325,23818,23818,8928,14890,0,0,0,14,0.000587791,0,255,134.084,33.5242,56.5,88.5,130.5,197.5,254.5,12,228,0,255,29.5,43.5,59.5,-38.3132,38.464,-34.375,34.625,3.04517,20924,1986,100,619
1706673302020160167,23888,23888,9047,14841,0,0,0,17,0.000711654,0,255,134.448,32.6556,63.5,89.5,131.5,195.5,255.5,4,247,0,255,29.5,44.5,59.5,-38.4813,38.2661,-34.625,34.125,2.94425,20941,1849,100,497
1706673302120001841,23825,23825,9082,14743,0,0,0,10,0.000419727,0,255,134.063,32.8566,64.5,87.5,131.5,195.5,249.5,3,214,0,255,29.5,44.5,60.5,-38.202,38.4957,-34.125,34.125,2.90033,20951,1900,100,468
1706673302219848254,23837,23837,8986,14851,0,0,0,17,0.000713177,0,255,133.842,32.9445,57.5,87.5,130.5,196.5,247.5,8,187,0,255,29.5,43.5,57.5,-38.5062,38,-34.125,34.125,2.82078,20958,2094,100,538
1706673302319681560,23921,23921,9073,14848,0,0,0,6,0.000250826,0,255,134.094,32.8381,56.5,86.5,131.5,198.5,238.5,3,138,0,255,29.5,43.5,59.5,-38.0795,38.1201,-34.125,34.125,2.88727,20964,2073,100,543
1706673302419526070,23764,23764,9091,14673,0,0,0,5,0.000210402,0,255,133.426,33.9001,50.5,86.5,130.5,198.5,255.5,14,243,0,255,28.5,42.5,57.5,-38.0453,38.5092,-34.125,34.625,2.94069,20985,2066,100,635
1706673302520171550,23794,23794,9006,14788,0,0,0,17,0.000714466,0,255,133.479,32.6278,54.5,86.5,130.5,194.5,247.5,2,162,0,216,28.5,42.5,56.5,-38.5042,37.9655,-34.125,33.875,3.08316,21001,2163,100,661
1706673302620009865,23901,23901,9001,14900,0,0,0,11,0.000460232,0,255,133.993,32.1847,56.5,90.5,131.5,193.5,250.5,7,222,0,223,28.5,43.5,57.5,-38.191,38.4976,-34.125,34.125,2.99649,21023,2375,100,654
1706673302719858905,23575,23575,9002,14573,0,0,0,17,0.000721103,0,255,133.193,33.8357,42.5,87.5,130.5,194.5,255.5,30,244,0,215,27.5,41.5,55.5,-38.4859,38.2387,-34.625,34.375,2.9585,21067,2490,100,619
1706673302819688133,23577,23577,9061,14516,0,0,0,13,0.000551385,0,255,131.913,32.5428,42.5,90.5,129.5,189.5,254.5,9,235,0,255,26.5,41.5,54.5,-38.3036,38.4619,-34.625,34.625,2.83859,21118,2674,100,602
1706673302919523807,23784,23784,8897,14887,0,0,0,17,0.000714766,0,255,132.701,33.6462,45.5,84.5,129.5,194.5,255.5,3,254,0,153,27.5,43.5,56.5,-38.4498,38.3424,-34.625,34.625,3.02024,21133,2498,100,503
1706673303020169631,23839,23839,8843,14996,0,0,0,16,0.000671169,0,255,134.249,34.2805,44.5,84.5,131.5,196.5,255.5,2,270,0,255,28.5,46.5,59.5,-38.3963,38.4015,-34.625,34.625,3.00599,21156,2267,100,470
1706673303120012279,23817,23817,8891,14926,0,0,0,15,0.000629802,0,255,134.794,34.3441,46.5,82.5,133.5,195.5,242.5,6,181,0,255,29.5,48.5,61.5,-38.3706,38.4261,-34.625,34.625,2.88489,21172,2087,100,427
1706673303219843169,23909,23909,9007,14902,0,0,0,17,0.000711029,0,255,133.627,34.7263,42.5,82.5,131.5,192.5,246.5,13,201,0,151,29.5,50.5,64.5,-38.4528,38.3209,-34.625,34.125,2.91339,21178,1905,100,384
1706673303319688468,23923,23923,9072,14851,0,0,0,13,0.00054341,0,255,133.128,35.7402,41.5,82.5,130.5,194.5,254.5,3,238,0,255,30.5,53.5,67.5,-38.2653,38.4785,-34.125,34.125,3.06416,21183,1729,100,471
1706673303419522038,23897,23897,9086,14811,0,0,0,17,0.000711386,0,255,133.549,37.3324,46.5,81.5,130.5,198.5,255.5,3,290,0,255,30.5,54.5,68.5,-38.486,37.8317,-34.125,33.875,3.05823,21190,1495,100,442
1706673303520164807,23876,23876,9017,14859,0,0,0,0,0,5.85019,255,133.63,36.907,51.5,83.5,129.5,198.5,255.5,0,358,0,150,30.5,55.5,73.5,-37.9375,38.2433,-33.875,33.875,3.08316,21196,1397,100,377
1706673303620002692,23888,23888,9023,14865,0,0,0,11,0.000460482,5.10746,255,134.794,37.1807,57.5,82.5,130.5,200.5,255.5,0,316,0,206,30.5,55.5,71.5,-38.1739,38.5054,-34.125,34.125,3.04635,21199,1365,100,502
1706673303719840404,23920,23920,9049,14871,0,0,0,17,0.000710702,0,255,134.245,38.1221,52.5,82.5,130.5,202.5,255.5,1,339,0,255,30.5,56.5,74.5,-38.5019,38.0825,-34.125,34.875,3.08909,21202,1323,100,435
1706673303819704111,23900,23900,9019,14881,0,0,0,13,0.000543933,4.69799,255,133.304,38.0384,46.5,80.5,129.5,200.5,255.5,0,325,0,173,30.5,55.5,71.5,-38.0813,38.5065,-34.375,34.125,2.9312,21205,1405,100,523
1706673303919538840,23863,23863,8951,14912,0,0,0,18,0.000754306,7.58569,255,134.153,38.1316,51.5,81.5,129.5,202.5,255.5,0,312,0,150,30.5,56.5,78.5,-38.5118,38.1119,-34.625,34.375,2.91457,21212,1432,100,449
1706673304020172209,23888,23888,9007,14881,0,0,0,12,0.000502344,0,255,134.702,37.7965,46.5,79.5,131.5,201.5,255.5,3,341,0,152,30.5,55.5,74.5,-38.2287,38.4849,-34.375,34.625,2.89914,21215,1598,100,575
1706673304119996006,23929,23929,8905,15024,0,0,0,17,0.000710435,0,255,133.689,35.8745,41.5,79.5,132.5,197.5,255.5,5,241,0,254,29.5,48.5,63.5,-38.474,38.2796,-34.625,34.625,2.9312,21225,1805,100,634
1706673304219817315,23514,23514,8938,14576,0,0,0,13,0.000552862,0,255,133.179,34.2692,44.5,82.5,131.5,194.5,255.5,8,259,0,255,27.5,44.5,55.5,-38.2997,38.4581,-34.625,34.625,2.99887,21278,2500,100,609
1706673304319655502,23381,23381,8920,14461,0,0,0,16,0.000684316,0,255,132.259,34.6869,42.5,82.5,130.5,193.5,255.5,9,257,0,166,26.5,43.5,55.5,-38.4314,38.3575,-34.625,34.625,2.98224,21348,2677,100,689
1706673304419902067,23764,23764,8958,14806,0,0,0,15,0.000631207,0,255,134.857,33.9166,39.5,85.5,133.5,195.5,250.5,10,216,0,210,28.5,46.5,57.5,-38.3901,38.3968,-34.625,34.125,3.15914,21366,2156,100,776
1706673304519750607,23845,23845,9084,14761,0,0,0,15,0.000629063,0,255,135.195,34.9812,38.5,84.5,133.5,193.5,255.5,9,273,0,191,29.5,48.5,61.5,-38.3469,38.4368,-34.125,34.125,3.13302,21381,2039,100,670
1706673304619579124,23891,23891,9137,14754,0,0,0,17,0.000711565,0,255,134.666,34.434,38.5,82.5,134.5,191.5,241.5,15,187,0,255,29.5,49.5,59.5,-38.462,37.7462,-34.125,33.875,3.00124,21393,1829,100,663
1706673304720217905,23870,23870,9055,14815,0,0,0,0,0,0,255,134.798,34.7112,38.5,84.5,133.5,192.5,255.5,15,254,0,255,29.5,49.5,62.5,-37.8062,38.2976,-33.875,34.125,3.08672,21402,1748,100,695
1706673304820059139,23833,23833,9009,14824,0,0,0,13,0.000545462,0,255,135.324,35.1993,41.5,83.5,133.5,194.5,255.5,18,268,0,229,28.5,47.5,59.5,-38.2504,38.4784,-33.875,34.125,2.87777,21412,2292,100,656
1706673304919896188,23769,23769,9000,14769,0,0,0,17,0.000715217,0,255,133.676,34.447,41.5,83.5,132.5,193.5,255.5,13,265,0,255,27.5,45.5,56.5,-38.493,38.198,-34.125,34.375,2.88608,21438,2554,100,720
1706673305019727230,23271,23271,9017,14254,0,0,0,8,0.000343776,0,255,132.214,34.1627,40.5,79.5,130.5,191.5,249.5,8,189,0,255,26.5,42.5,55.5,-38.1228,38.5018,-34.375,34.625,2.8754,21504,2834,100,638
1706673305119558976,23305,23305,9049,14256,0,0,0,17,0.000729457,0,255,133.108,35.2141,41.5,84.5,129.5,199.5,255.5,3,336,0,255,27.5,44.5,57.5,-38.5149,38.0802,-34.625,34.375,2.89439,21550,2841,100,680
1706673305220203474,23685,23685,8949,14736,0,0,0,9,0.000379987,0,255,132.207,34.3556,48.5,82.5,129.5,196.5,255.5,22,323,0,229,27.5,45.5,59.5,-38.1338,38.5017,-34.625,34.625,2.88015,21567,2569,100,596
1706673305320043916,23765,23765,8925,14840,0,0,0,17,0.000715338,4.15216,255,132.204,34.6828,43.5,79.5,130.5,195.5,255.5,0,292,0,150,27.5,45.5,60.5,-38.5044,38.1541,-34.625,34.625,3.25055,21581,2488,100,677
1706673305419882385,23813,23813,8889,14924,0,0,0,11,0.000461933,0,255,133.123,35.7355,41.5,77.5,131.5,196.5,255.5,11,264,0,255,28.5,46.5,61.5,-38.2225,38.492,-34.375,34.625,3.07366,21598,2299,100,614
1706673305519727618,23842,23842,8952,14890,0,0,0,17,0.000713027,0,255,133.205,35.2096,43.5,78.5,131.5,194.5,255.5,8,294,0,255,29.5,49.5,64.5,-38.4669,38.2988,-34.625,34.625,3.01905,21610,2215,100,517
1706673305619562166,23830,23830,9016,14814,0,0,0,14,0.000587495,0,255,133.794,34.1016,45.5,81.5,132.5,195.5,255.5,5,242,0,255,29.5,49.5,66.5,-38.3136,38.456,-34.625,34.125,3.06891,21619,2257,100,595
1706673305720196010,23851,23851,9074,14777,0,0,0,16,0.000670831,0,255,134.145,34.9619,45.5,80.5,132.5,195.5,255.5,12,240,0,151,29.5,50.5,66.5,-38.4147,38.3655,-34.125,34.125,3.5984,21629,2168,100,705
1706673305820028986,23842,23842,9087,14755,0,0,0,16,0.000671085,0,255,134.923,34.8745,39.5,81.5,133.5,196.5,247.5,8,200,0,151,29.5,49.5,63.5,-38.4047,37.5799,-34.125,33.625,3.54379,21639,2201,100,625
1706673305919882006,23772,23772,9144,14628,0,0,0,0,0,0,255,133.609,36.3486,34.5,73.5,133.5,194.5,255.5,41,273,0,163,28.5,46.5,59.5,-37.6559,38.3895,-33.625,34.125,3.1722,21655,2416,100,615
1706673306019721263,23533,23533,9059,14474,0,0,0,14,0.000594909,0,255,131.998,38.3613,8.5,67.5,131.5,197.5,255.5,123,245,0,197,27.5,45.5,56.5,-38.348,38.4454,-34.125,34.125,3.25055,21717,2831,100,691
1706673306119544469,23340,23340,8997,14343,0,0,0,16,0.000685518,0,255,131.686,37.3976,28.5,64.5,131.5,193.5,245.5,38,193,0,158,26.5,44.5,55.5,-38.465,38.3003,-34.125,34.625,3.04635,21769,2811,100,764
1706673306220185569,23694,23694,8959,14735,0,0,0,13,0.000548662,0,255,133.432,37.5492,25.5,69.5,132.5,196.5,254.5,127,230,0,255,27.5,45.5,55.5,-38.2419,38.4878,-34.625,34.625,3.08672,21784,2641,100,874
1706673306320026007,23785,23785,8929,14856,0,0,0,17,0.000714736,0,255,134.414,35.6489,29.5,79.5,133.5,193.5,245.5,51,189,0,255,28.5,46.5,56.5,-38.4959,38.192,-34.625,34.375,3.11759,21792,2267,100,878
1706673306419861382,23807,23807,8995,14812,0,0,0,11,0.000462049,0,255,134.403,36.5165,34.5,77.5,134.5,194.5,249.5,38,221,0,255,28.5,47.5,57.5,-38.0923,38.5111,-34.375,34.625,3.01786,21798,2280,100,854
1706673306519692062,23800,23800,8937,14863,0,0,0,18,0.000756303,0,255,135.228,36.9953,31.5,78.5,134.5,197.5,255.5,33,252,0,150,28.5,47.5,56.5,-38.5118,38.1046,-34.625,34.625,2.83266,21813,2116,100,879
1706673306619537686,23771,23771,8971,14800,0,0,0,10,0.000420681,0,255,134.194,38.1992,29.5,68.5,133.5,197.5,255.5,58,260,0,152,27.5,47.5,58.5,-38.1525,38.5075,-34.375,34.625,3.10453,21832,2087,100,977
1706673306720178598,23908,23908,8943,14965,0,0,0,17,0.000711059,0,255,132.289,39.2747,31.5,57.5,133.5,195.5,255.5,10,288,0,153,27.5,46.5,58.5,-38.5025,38.2053,-34.625,34.375,2.74837,21838,2027,100,1142
1706673306820027525,23829,23829,8951,14878,0,0,0,13,0.000545554,0,255,132.274,40.2528,28.5,58.5,132.5,198.5,255.5,44,281,0,154,27.5,46.5,57.5,-38.278,38.4843,-34.375,34.125,2.82197,21852,2060,100,1071
1706673306919868612,23816,23816,9047,14769,0,0,0,16,0.000671817,0,255,133.927,40.0439,30.5,58.5,133.5,199.5,247.5,30,205,0,195,28.5,49.5,61.5,-38.4646,38.3024,-34.125,34.125,2.98224,21859,1967,100,937
1706673307019705773,23829,23829,9100,14729,0,0,0,14,0.000587519,4.18031,255,134.869,37.7252,31.5,73.5,133.5,198.5,249.5,0,211,0,156,28.5,49.5,60.5,-38.3407,37.7347,-34.125,33.875,2.98699,21869,1861,100,794
1706673307119538100,23890,23890,9119,14771,0,0,0,0,0,0,255,134.541,41.0301,27.5,58.5,133.5,202.5,251.5,1,223,0,155,27.5,48.5,59.5,-37.6484,38.442,-33.625,34.125,2.95138,21877,1853,100,845
1706673307220182130,23921,23921,9021,14900,0,0,0,16,0.000668868,0,255,134.756,39.123,29.5,74.5,133.5,198.5,255.5,7,307,0,153,28.5,48.5,58.5,-38.4016,38.3903,-34.125,34.125,2.9312,21879,1830,100,793
1706673307320008998,23842,23842,8972,14870,0,0,0,16,0.000671085,0,255,135.459,39.4901,27.5,71.5,134.5,201.5,255.5,3,361,0,157,28.5,48.5,58.5,-38.4442,38.3569,-34.125,34.625,2.87184,21881,1800,100,842
1706673307419854094,23852,23852,8962,14890,0,0,0,13,0.000545028,3.77254,255,136.013,37.5611,33.5,78.5,134.5,197.5,255.5,0,258,0,162,28.5,48.5,58.5,-38.3236,38.4621,-34.625,34.625,2.94425,21884,1810,100,853
1706673307519687366,23871,23871,8873,14998,0,0,0,17,0.000712161,0,255,134.78,38.2503,31.5,75.5,133.5,196.5,255.5,8,265,0,163,28.5,49.5,59.5,-38.4807,38.2592,-34.625,34.625,3.01786,21896,1791,100,792
1706673307619517058,23894,23894,8920,14974,0,0,0,10,0.000418515,0,255,135.708,39.5154,30.5,68.5,134.5,203.5,255.5,8,297,0,155,27.5,49.5,60.5,-38.1986,38.4957,-34.375,34.625,2.94307,21902,1923,100,857
1706673307720141045,23823,23823,8906,14917,0,0,0,18,0.000755572,0,255,133.926,40.2848,26.5,64.5,132.5,201.5,255.5,7,385,0,241,27.5,49.5,62.5,-38.5129,38.1494,-34.625,34.375,2.87421,21908,1926,100,938
1706673307819979930,23835,23835,9016,14819,0,0,0,12,0.000503461,0,255,134.127,39.5868,30.5,62.5,133.5,201.5,255.5,4,255,0,169,27.5,48.5,61.5,-38.1016,38.5097,-34.375,34.625,3.46781,21921,1990,100,888
1706673307919816492,23853,23853,8993,14860,0,0,0,18,0.000754622,0,255,134.847,37.2632,33.5,72.5,134.5,198.5,254.5,48,236,0,186,27.5,46.5,57.5,-38.5137,38.0882,-34.625,34.375,2.85996,21934,2036,100,839
1706673308019662590,23866,23866,9030,14836,0,0,0,10,0.000419006,0,255,134.859,38.1135,31.5,66.5,134.5,196.5,248.5,11,207,0,239,27.5,47.5,58.5,-38.1604,38.501,-34.625,34.125,3.01786,21936,1992,100,796
1706673308119905794,23875,23875,8986,14889,0,0,0,17,0.000712042,0,255,134.952,36.2909,34.5,73.5,134.5,194.5,234.5,23,151,0,234,27.5,47.5,58.5,-38.4948,38.2286,-34.125,33.875,2.78517,21942,1963,100,744
1706673308219735934,23898,23898,9019,14879,0,0,0,13,0.000543979,0,255,134.03,38.0406,31.5,67.5,134.5,198.5,254.5,55,237,0,151,28.5,47.5,57.5,-38.2815,37.8645,-34.125,33.875,2.97987,21951,2088,100,827
1706673308319570500,23809,23809,9178,14631,0,0,0,0,0,0,255,133.884,37.4257,34.5,68.5,133.5,195.5,250.5,34,225,0,150,28.5,46.5,56.5,-37.7446,38.4641,-33.875,34.125,2.77567,21967,2142,100,714
1706673308420200643,23804,23804,9058,14746,0,0,0,17,0.000714166,0,255,133.253,36.9825,31.5,70.5,133.5,192.5,255.5,87,256,0,150,27.5,45.5,54.5,-38.4523,38.3368,-34.125,34.125,2.8196,21994,2422,100,705
1706673308520045849,23370,23370,8956,14414,0,0,0,15,0.000641849,0,255,131.493,37.0608,37.5,63.5,132.5,192.5,255.5,31,266,0,224,27.5,44.5,55.5,-38.3641,38.4221,-34.375,34.625,2.80298,22031,2659,100,793
1706673308619883684,23481,23481,8902,14579,0,0,0,15,0.000638814,0,255,131.915,39.5047,30.5,61.5,131.5,202.5,255.5,60,283,0,151,27.5,45.5,55.5,-38.3784,38.4246,-34.625,34.625,2.90864,22089,2722,100,715
1706673308719727775,23715,23715,8869,14846,0,0,0,16,0.000674678,4.21687,255,133.077,36.2649,38.5,75.5,131.5,198.5,247.5,0,204,0,150,27.5,44.5,55.5,-38.4403,38.3305,-34.625,34.625,2.8469,22110,2631,100,692
1706673308819552697,23852,23852,8946,14906,0,0,0,13,0.000545028,0,255,132.275,35.9771,43.5,77.5,130.5,196.5,249.5,5,226,0,152,28.5,44.5,57.5,-38.3068,38.4626,-34.625,34.625,2.96919,22130,2332,100,655
1706673308920220218,23840,23840,9003,14837,0,0,0,17,0.000713087,0,255,134.35,34.9026,49.5,81.5,132.5,199.5,245.5,9,195,0,152,28.5,45.5,59.5,-38.4854,38.2696,-34.625,34.375,2.78161,22146,2147,100,587
1706673309020061077,23851,23851,8940,14911,0,0,0,10,0.00041927,0,255,134.46,34.7766,47.5,81.5,132.5,196.5,255.5,12,261,0,207,28.5,46.5,58.5,-38.1807,38.4989,-34.125,34.625,2.84572,22170,2151,100,514
1706673309119907457,23799,23799,9001,14798,0,0,0,17,0.000714316,0,255,133.14,35.5903,42.5,76.5,131.5,195.5,255.5,7,240,0,207,28.5,45.5,58.5,-38.5144,38.1099,-34.125,34.375,2.85403,22181,2218,100,574
1706673309219740837,23811,23811,9057,14754,0,0,0,12,0.000503969,0,255,133.881,33.4417,51.5,82.5,132.5,193.5,238.5,8,171,0,150,28.5,46.5,58.5,-38.1016,38.5096,-34.875,34.125,2.88133,22193,2160,100,572
1706673309319589885,23857,23857,9050,14807,0,0,0,18,0.000754496,0,255,133.311,35.2949,44.5,80.5,131.5,197.5,251.5,10,217,0,252,29.5,46.5,59.5,-38.513,38.1385,-34.375,33.875,2.95613,22205,2176,100,483
1706673309419815160,23877,23877,9010,14867,0,0,0,11,0.000460694,0,255,134.011,33.9527,46.5,81.5,132.5,192.5,237.5,15,169,0,255,29.5,47.5,60.5,-38.208,37.9892,-33.875,33.875,2.91339,22215,2038,100,618
1706673309519664120,23881,23881,9039,14842,0,0,0,0,0,0,255,135.265,34.2665,47.5,83.5,132.5,196.5,240.5,25,159,0,255,29.5,49.5,61.5,-37.8919,38.4964,-33.875,34.125,2.89083,22225,1951,100,556
1706673309619494330,23877,23877,9107,14770,0,0,0,17,0.000711982,0,255,133.453,34.4096,48.5,81.5,130.5,195.5,239.5,4,192,0,150,29.5,51.5,64.5,-38.4885,38.2626,-34.125,34.125,2.95019,22232,1817,100,521
1706673309720124986,23874,23874,9004,14870,0,0,0,14,0.000586412,0,255,133.37,33.5927,52.5,84.5,130.5,194.5,235.5,1,154,0,152,29.5,52.5,66.5,-38.3189,38.4613,-34.125,34.625,2.95256,22240,1787,100,486
1706673309819956225,23891,23891,8865,15026,0,0,0,16,0.000669708,0,255,133.236,34.9888,55.5,85.5,129.5,196.5,255.5,3,277,0,150,29.5,55.5,71.5,-38.4287,38.3628,-34.625,34.625,2.87658,22254,1589,100,520
1706673309919799067,23885,23885,8829,15056,0,0,0,15,0.000628009,0,255,133.814,34.531,49.5,83.5,130.5,194.5,241.5,4,205,0,156,29.5,53.5,69.5,-38.4033,38.4002,-34.625,34.625,2.87896,22260,1708,100,518
1706673310019646313,23879,23879,8834,15045,0,0,0,15,0.000628167,0,255,134.743,35.1036,41.5,82.5,133.5,193.5,242.5,10,205,0,150,29.5,52.5,68.5,-38.373,38.4269,-34.625,34.625,2.88608,22267,1658,100,527
1706673310119888555,23902,23902,9025,14877,0,0,0,17,0.000711238,5.03029,255,135.196,35.628,48.5,83.5,132.5,198.5,255.5,0,274,1,255,29.5,52.5,67.5,-38.4616,38.3067,-34.625,34.625,2.78398,22275,1733,100,630
1706673310219722263,23925,23925,9028,14897,0,0,0,13,0.000543365,0,255,134.358,34.5594,44.5,83.5,132.5,194.5,236.5,4,153,0,151,29.5,51.5,65.5,-38.2678,38.4839,-34.125,34.625,2.80654,22281,1784,100,553
1706673310319554070,23881,23881,8968,14913,0,0,0,17,0.000711863,0,255,135.575,34.1154,48.5,84.5,134.5,193.5,240.5,4,166,0,150,29.5,48.5,60.5,-38.4977,38.2168,-34.125,34.125,2.87896,22287,1778,100,582
1706673310420196850,23849,23849,9055,14794,0,0,0,0,0,0,255,133.256,34.7525,42.5,78.5,132.5,192.5,250.5,10,224,0,240,28.5,46.5,59.5,-37.9692,38.5086,-34.125,34.125,2.73056,22294,2150,100,630
1706673310520044752,23800,23800,9080,14720,0,0,0,27,0.00113445,0,255,132.208,35.9047,38.5,77.5,130.5,194.5,253.5,2,225,0,150,27.5,45.5,58.5,-38.507,38.0487,-34.875,34.125,2.80773,22312,2409,100,743
1706673310619883488,23629,23629,9103,14526,0,0,0,8,0.000338567,0,255,132.465,36.0624,37.5,79.5,130.5,194.5,255.5,34,337,0,152,26.5,43.5,55.5,-38.1072,38.0763,-34.125,34.125,2.8291,22360,2766,100,656
1706673310719707701,23063,23063,9060,14003,0,0,0,4,0.000173438,0,255,131.209,35.2696,39.5,78.5,129.5,192.5,255.5,6,239,0,255,25.5,42.5,54.5,-38.0227,38.5111,-34.125,34.125,2.77686,22461,2929,100,800
1706673310819550796,23775,23775,9049,14726,0,0,0,18,0.000757098,0,255,134.626,35.3555,48.5,83.5,132.5,197.5,255.5,8,281,0,150,27.5,44.5,55.5,-38.5021,38.1522,-34.125,34.375,2.8564,22487,2278,100,701
1706673310920190072,23879,23879,8994,14885,0,0,0,11,0.000460656,0,255,134.388,35.3907,44.5,81.5,132.5,194.5,253.5,2,228,0,150,29.5,49.5,61.5,-38.1963,38.5017,-34.125,34.625,3.01193,22505,1756,100,483
1706673311020023381,23883,23883,8890,14993,0,0,0,17,0.000711803,0,255,134.848,34.1346,53.5,84.5,133.5,193.5,247.5,2,211,0,163,29.5,50.5,63.5,-38.4891,38.2593,-34.625,34.625,2.92051,22518,1460,100,530
1706673311119852719,23924,23924,8889,15035,0,0,0,13,0.000543387,0,255,134.465,35.0966,46.5,82.5,133.5,193.5,255.5,2,282,0,150,28.5,49.5,61.5,-38.3241,38.4661,-34.625,34.625,2.80298,22524,1706,100,498
1706673311219691087,23843,23843,8893,14950,0,0,0,16,0.000671056,0,255,135.193,33.8484,48.5,85.5,134.5,194.5,255.5,3,244,0,176,28.5,45.5,58.5,-38.4358,38.3503,-34.625,34.625,2.87183,22539,2040,100,565
1706673311319523640,23489,23489,8926,14563,0,0,0,15,0.000638597,0,255,133.251,35.263,40.5,81.5,131.5,195.5,255.5,7,307,0,202,26.5,43.5,56.5,-38.4222,38.3712,-34.625,34.625,2.79467,22595,2582,100,730
1706673311420176171,23521,23521,9106,14415,0,0,0,14,0.000595213,0,255,131.956,35.7541,37.5,77.5,130.5,192.5,255.5,20,252,0,150,26.5,43.5,54.5,-38.3226,38.4519,-34.375,34.625,2.949,22655,2651,100,651
1706673311520012788,23796,23796,9057,14739,0,0,0,17,0.000714406,0,255,132.657,35.3727,40.5,79.5,131.5,195.5,251.5,31,226,0,169,27.5,45.5,59.5,-38.4755,38.2803,-34.125,34.375,2.87421,22666,2103,100,641
1706673311619837495,23852,23852,8996,14856,0,0,0,0,0,0,255,133.039,35.5238,42.5,81.5,131.5,196.5,251.5,17,226,0,182,28.5,45.5,58.5,-37.859,38.4916,-33.875,34.125,2.89321,22676,1929,100,514
1706673311719668263,23861,23861,9021,14840,0,0,0,12,0.000502913,0,255,133.135,35.537,43.5,79.5,132.5,196.5,252.5,15,235,0,150,28.5,44.5,59.5,-38.2279,37.8872,-33.875,33.875,2.82672,22684,1886,100,615
1706673311819502368,23758,23758,9041,14717,0,0,0,17,0.000715548,0,255,133.456,36.7775,39.5,80.5,131.5,199.5,255.5,34,412,0,229,27.5,44.5,56.5,-38.499,38.2104,-35.125,33.875,2.83859,22708,2507,100,668
1706673311920142255,23638,23638,9045,14593,0,0,0,9,0.000380743,0,255,133.461,36.7349,34.5,80.5,131.5,198.5,255.5,10,237,0,247,26.5,44.5,56.5,-38.131,38.51,-34.125,34.125,2.97393,22779,2328,100,569
1706673312019985996,23710,23710,9025,14685,0,0,0,18,0.000759173,0,255,133.442,35.2684,39.5,81.5,131.5,196.5,252.5,9,234,0,161,27.5,44.5,57.5,-38.5163,38.0649,-34.125,34.375,2.97275,22808,2665,100,712
1706673312119812535,23840,23840,9127,14713,0,0,0,12,0.000503356,0,255,133.739,36.4839,38.5,78.5,132.5,200.5,255.5,10,293,0,191,27.5,45.5,59.5,-38.1059,38.5121,-34.375,34.625,2.97512,22817,2304,100,664
1706673312219673729,23882,23882,8921,14961,0,0,0,18,0.000753706,0,255,134.311,36.1786,39.5,80.5,133.5,198.5,255.5,6,277,0,155,28.5,46.5,59.5,-38.5027,38.1824,-34.625,34.375,2.96444,22827,2007,100,600
1706673312319512331,23863,23863,8846,15017,0,0,0,13,0.000544776,0,255,134.458,35.598,46.5,82.5,132.5,196.5,255.5,4,239,0,156,28.5,47.5,58.5,-38.2564,38.4814,-34.625,34.625,2.95138,22847,1866,100,563
1706673312420130132,23895,23895,8904,14991,0,0,0,17,0.000711446,4.6705,255,133.107,36.0613,41.5,79.5,131.5,195.5,255.5,0,287,0,255,28.5,47.5,60.5,-38.4619,38.3111,-34.625,34.625,3.04873,22856,1811,100,634
1706673312519958482,23904,23904,8907,14997,0,0,0,15,0.00062751,0,255,132.995,36.1219,44.5,80.5,132.5,195.5,249.5,9,202,0,255,28.5,47.5,59.5,-38.3444,38.4335,-34.375,34.625,2.93238,22867,1869,100,481
1706673312619795603,23869,23869,8998,14871,0,0,0,16,0.000670326,0,255,134.384,36.5075,46.5,81.5,132.5,199.5,255.5,14,280,0,255,28.5,47.5,62.5,-38.4317,38.3681,-34.125,34.625,2.90983,22876,2059,100,569
1706673312719636422,23796,23796,9106,14690,0,0,0,16,0.000672382,0,255,134.987,35.5245,41.5,82.5,133.5,198.5,251.5,5,208,0,152,27.5,46.5,58.5,-38.4108,38.3759,-34.125,34.125,2.91576,22906,2433,100,566
1706673312819872492,23746,23746,9059,14687,0,0,0,0,0,0,255,133.46,35.2011,41.5,82.5,132.5,196.5,248.5,10,208,0,255,27.5,45.5,56.5,-37.6824,38.4533,-33.625,34.125,2.9122,22922,2454,100,642
1706673312919713529,23768,23768,9051,14717,0,0,0,14,0.000589027,0,255,133.774,35.404,37.5,81.5,132.5,196.5,253.5,20,232,0,151,27.5,45.5,55.5,-38.3113,37.8053,-34.125,33.875,2.94426,22946,2526,100,607
1706673313019554118,23833,23833,9003,14830,0,0,0,17,0.000713297,0,255,134.588,34.6165,45.5,84.5,131.5,197.5,255.5,23,241,0,232,27.5,46.5,59.5,-38.4816,38.2559,-34.125,33.875,2.96681,22961,2342,100,602
1706673313120189808,23837,23837,9030,14807,0,0,0,11,0.000461467,0,255,132.943,36.3153,39.5,78.5,131.5,197.5,255.5,2,285,0,205,27.5,47.5,60.5,-38.2066,38.4984,-34.125,34.125,2.86234,22970,2204,100,605
1706673313220019103,23827,23827,8965,14862,0,0,0,17,0.000713476,0,255,133.806,33.1529,45.5,83.5,132.5,192.5,240.5,21,167,0,255,27.5,46.5,58.5,-38.5081,38.132,-34.125,34.375,2.8659,22979,2331,100,584
1706673313319862846,23812,23812,8990,14822,0,0,0,13,0.000545943,0,255,134.264,35.8996,43.5,83.5,130.5,202.5,255.5,14,264,0,255,27.5,46.5,57.5,-38.0898,38.512,-34.375,34.625,2.85521,22992,2417,100,694
1706673313419700623,23804,23804,9047,14757,0,0,0,17,0.000714166,0,255,133.272,33.4631,41.5,84.5,131.5,191.5,241.5,12,179,0,150,26.5,45.5,56.5,-38.5053,38.0904,-34.625,34.375,3.06416,23024,2546,100,654
1706673313519546620,23803,23803,8869,14934,0,0,0,11,0.000462127,0,255,134.015,34.2584,43.5,83.5,131.5,196.5,243.5,10,166,0,255,26.5,45.5,55.5,-38.1697,38.5018,-34.375,34.625,3.02736,23040,2453,100,682
1706673313620185912,23774,23774,8832,14942,0,0,0,17,0.000715067,0,255,133.858,34.2429,44.5,84.5,131.5,195.5,251.5,11,210,0,255,26.5,45.5,55.5,-38.4936,38.2175,-34.625,34.375,3.21137,23063,2486,100,631
1706673313720038434,23850,23850,8929,14921,0,0,0,13,0.000545073,0,255,133.571,35.0781,44.5,83.5,130.5,201.5,255.5,3,240,0,255,27.5,47.5,59.5,-38.2789,38.4751,-34.625,34.625,3.09622,23074,2013,100,526
1706673313819867110,23874,23874,9076,14798,0,0,0,16,0.000670185,0,255,132.702,35.5795,48.5,81.5,129.5,196.5,252.5,1,229,0,170,29.5,53.5,69.5,-38.4473,38.3274,-34.125,34.625,2.84097,23079,1756,100,444
1706673313919712152,23834,23834,9057,14777,0,0,0,15,0.000629353,0,255,133.821,35.9749,46.5,84.5,130.5,194.5,255.5,7,250,0,182,30.5,62.5,79.5,-38.3753,38.4202,-34.125,34.125,2.97156,23089,1312,100,512
1706673314019548651,23940,23940,9148,14792,0,0,0,0,0,5.21296,255,136.216,38.2366,51.5,83.5,132.5,203.5,255.5,0,273,1,255,33.5,68.5,84.5,-37.5921,38.4147,-33.625,34.125,2.99887,23093,948,100,506
1706673314120199942,23997,23997,9060,14937,0,0,0,16,0.00066675,10.1266,255,137.136,39.1554,45.5,83.5,132.5,206.5,255.5,0,548,0,162,36.5,71.5,93.5,-38.3813,37.6798,-34.125,33.625,2.94307,23093,774,100,487
1706673314220041736,23992,23992,9066,14926,0,0,0,17,0.00070857,12.6792,255,137.664,36.6869,56.5,87.5,133.5,202.5,255.5,0,374,0,255,35.5,69.5,86.5,-38.4481,38.3319,-34.125,34.125,2.83622,23093,739,100,495
1706673314319868069,23871,23871,9030,14841,0,0,0,13,0.000544594,0,255,134.947,37.2409,41.5,82.5,131.5,197.5,246.5,9,200,0,155,31.5,64.5,81.5,-38.2816,38.4689,-34.875,34.125,3.10928,23097,1099,100,537
1706673314419700233,23887,23887,8965,14922,0,0,0,17,0.000711684,0,255,133.915,35.2804,57.5,85.5,129.5,198.5,239.5,5,180,0,251,28.5,56.5,72.5,-38.4876,38.2419,-34.375,34.375,3.32772,23103,1639,100,456
1706673314519545419,23928,23928,8932,14996,0,0,0,11,0.000459712,0,255,134.233,32.5882,56.5,88.5,131.5,194.5,241.5,2,175,0,162,28.5,48.5,62.5,-38.2148,38.4946,-34.375,34.625,2.80298,23110,1798,100,619
1706673314620181271,23573,23573,8981,14592,0,0,0,17,0.000721164,4.0469,255,133.195,31.6621,48.5,91.5,129.5,193.5,235.5,0,138,0,255,26.5,41.5,52.5,-38.5098,38.1497,-34.625,34.375,2.83028,23153,2097,100,781
1706673314720021828,23879,23879,9013,14866,0,0,0,13,0.000544411,0,255,132.901,30.0171,50.5,93.5,130.5,186.5,225.5,10,123,0,255,26.5,41.5,51.5,-38.0627,38.5062,-34.375,34.625,3.02024,23167,2168,100,652
1706673314819857969,23788,23788,8871,14917,0,0,0,17,0.000714646,0,255,133.61,31.9933,51.5,91.5,130.5,193.5,248.5,12,210,0,255,26.5,41.5,53.5,-38.5087,38.1363,-34.625,34.375,3.06891,23210,2171,100,724
1706673314919683198,23837,23837,8943,14894,0,0,0,11,0.000461467,0,255,132.205,31.0434,42.5,91.5,129.5,188.5,236.5,6,154,0,255,26.5,41.5,53.5,-38.193,38.499,-34.375,34.625,3.0143,23242,2256,100,704
1706673315019510985,23782,23782,8921,14861,0,0,0,17,0.000714826,0,255,132.219,31.2329,46.5,91.5,129.5,188.5,244.5,17,190,0,255,26.5,41.5,53.5,-38.4761,38.264,-34.125,34.625,2.97512,23262,2271,100,713
1706673315120148214,23790,23790,9079,14711,0,0,0,14,0.000588483,0,255,132.273,31.5296,46.5,91.5,129.5,190.5,239.5,28,163,0,255,26.5,42.5,54.5,-38.3181,38.4552,-34.125,34.125,2.85996,23287,2144,100,815
1706673315219983780,23914,23914,9136,14778,0,0,0,0,0,0,255,132.937,31.5862,49.5,90.5,130.5,190.5,248.5,34,210,0,255,26.5,42.5,53.5,-37.7018,38.368,-33.875,34.125,2.84334,23309,2037,100,634
1706673315319838075,23783,23783,9067,14716,0,0,0,16,0.000672749,0,255,132.307,30.2023,48.5,95.5,129.5,185.5,241.5,26,175,0,255,26.5,41.5,52.5,-38.4273,37.5952,-34.125,33.625,2.85403,23354,2363,100,589
1706673315419679373,23732,23732,8996,14736,0,0,0,15,0.000632058,0,255,132.191,30.242,50.5,92.5,129.5,185.5,239.5,5,131,0,255,26.5,41.5,51.5,-38.3913,38.406,-34.375,34.125,2.85165,23387,2480,100,662
1706673315519519349,23762,23762,8969,14793,0,0,0,15,0.00063126,0,255,132.127,31.0025,45.5,94.5,129.5,189.5,245.5,15,195,0,255,26.5,42.5,52.5,-38.372,38.4211,-34.625,34.375,2.99768,23415,2665,100,643
1706673315620148049,23769,23769,8990,14779,0,0,0,17,0.000715217,0,255,131.67,30.7949,43.5,90.5,129.5,184.5,236.5,1,167,0,255,25.5,41.5,52.5,-38.4503,38.3184,-34.625,34.625,3.04635,23434,2512,100,686
1706673315720006704,23803,23803,8998,14805,0,0,0,12,0.000504138,0,255,132.646,32.1536,46.5,88.5,130.5,188.5,252.5,16,222,0,255,26.5,42.5,53.5,-38.2714,38.4743,-34.625,34.625,3.23631,23456,2427,100,641
1706673315819834907,23826,23826,8866,14960,0,0,0,18,0.000755477,0,255,133.172,33.2926,47.5,90.5,128.5,194.5,252.5,3,209,0,255,26.5,42.5,54.5,-38.4939,38.2198,-34.625,34.375,3.0974,23472,2313,100,716
1706673315919668587,23863,23863,8959,14904,0,0,0,10,0.000419059,0,255,133.795,32.7144,53.5,88.5,130.5,194.5,247.5,3,208,0,156,27.5,42.5,55.5,-38.1563,38.5053,-34.375,34.625,3.18882,23488,2125,100,541
1706673316019507834,23859,23859,8982,14877,0,0,0,18,0.000754432,0,255,133.811,33.3165,53.5,86.5,131.5,195.5,245.5,5,177,0,255,27.5,42.5,55.5,-38.5121,38.0801,-34.625,34.375,3.07247,23497,1986,100,485
1706673316120146228,23840,23840,8952,14888,0,0,0,12,0.000503356,0,255,132.854,33.8193,47.5,86.5,130.5,194.5,254.5,8,238,0,255,27.5,42.5,56.5,-38.1028,38.5098,-34.375,34.625,3.00955,23510,2067,100,561
1706673316219995839,23811,23811,8955,14856,0,0,0,17,0.000713956,0,255,132.831,33.1461,50.5,85.5,130.5,192.5,246.5,16,200,0,255,27.5,42.5,55.5,-38.5099,38.1663,-34.125,34.375,3.14845,23538,2085,100,580
1706673316319819356,23877,23877,9045,14832,0,0,0,12,0.000502576,0,255,132.551,33.0344,46.5,84.5,131.5,190.5,238.5,6,188,0,255,27.5,42.5,53.5,-38.226,38.4852,-33.875,34.125,3.21256,23550,2290,100,757
1706673316419663494,23637,23637,9135,14502,0,0,0,0,0,0,255,132.624,32.7871,42.5,90.5,129.5,191.5,249.5,31,212,0,255,26.5,41.5,53.5,-37.8456,38.2876,-33.875,34.125,3.29448,23587,2497,100,631
1706673316519503308,23814,23814,9140,14674,0,0,0,17,0.000713866,0,255,132.509,32.302,43.5,90.5,129.5,189.5,242.5,9,210,0,255,26.5,41.5,54.5,-38.4732,37.766,-34.125,33.875,3.34553,23640,2587,100,733
1706673316620148098,23745,23745,9011,14734,0,0,0,13,0.000547484,0,255,132.408,32.1032,41.5,90.5,130.5,188.5,233.5,5,148,0,255,27.5,41.5,52.5,-38.316,38.4531,-34.375,34.125,3.3016,23663,2342,100,818
1706673316719986507,23705,23705,8936,14769,0,0,0,16,0.000674963,0,255,132.86,31.7267,50.5,91.5,130.5,188.5,241.5,11,189,0,255,27.5,41.5,52.5,-38.4207,38.3765,-34.625,34.125,3.22443,23696,2499,100,837
1706673316819826338,23747,23747,8876,14871,0,0,0,15,0.000631659,0,255,132.258,31.3419,47.5,90.5,130.5,186.5,251.5,6,224,0,255,27.5,40.5,52.5,-38.4055,38.3931,-34.625,34.625,3.13065,23739,2479,100,711
1706673316919665064,23767,23767,8944,14823,0,0,0,14,0.000589052,0,255,132.116,30.6287,49.5,91.5,130.5,182.5,242.5,16,183,0,255,26.5,40.5,52.5,-38.3397,38.4481,-34.625,34.625,3.14133,23754,2256,100,776
1706673317019495267,23754,23754,8982,14772,0,0,0,17,0.000715669,0,255,131.288,30.3914,45.5,91.5,129.5,182.5,237.5,10,164,0,255,26.5,40.5,52.5,-38.4734,38.2861,-34.625,34.625,3.11165,23779,2638,100,688
1706673317120132540,23627,23627,8906,14721,0,0,0,12,0.000507894,0,255,131.689,30.166,46.5,93.5,129.5,182.5,242.5,8,184,0,255,26.5,40.5,53.5,-38.2337,38.4898,-34.625,34.625,3.07366,23808,2553,100,674
1706673317219979242,23758,23758,8950,14808,0,0,0,17,0.000715548,0,255,133.513,32.235,46.5,90.5,129.5,190.5,255.5,6,247,0,156,26.5,41.5,52.5,-38.5076,38.1584,-34.625,34.375,3.13064,23839,2465,100,784
1706673317319834165,23876,23876,9016,14860,0,0,0,9,0.000376948,0,255,134.537,33.1576,54.5,88.5,131.5,193.5,255.5,6,291,0,150,27.5,42.5,54.5,-38.1336,38.5146,-34.375,34.625,3.2743,23853,2468,100,804
1706673317419688035,23778,23778,9021,14757,0,0,0,18,0.000757002,5.20738,255,133.45,32.9874,45.5,86.5,130.5,192.5,251.5,0,219,0,255,27.5,42.5,57.5,-38.5158,38.0593,-34.125,34.375,3.23631,23868,2352,100,811
1706673317519515526,23765,23765,9024,14741,0,0,0,10,0.000420787,0,255,134.097,33.771,48.5,86.5,131.5,193.5,255.5,5,272,0,150,27.5,43.5,57.5,-38.145,38.503,-34.125,34.125,3.07485,23879,2423,100,815
1706673317620157093,23811,23811,9088,14723,0,0,0,0,0,0,255,134.35,32.8468,46.5,85.5,132.5,189.5,239.5,6,186,0,150,28.5,44.5,56.5,-37.9785,38.2186,-33.875,34.125,3.02736,23901,2307,100,757
1706673317719984164,23815,23815,9110,14705,0,0,0,17,0.000713836,4.46897,255,133.882,33.1946,48.5,84.5,132.5,194.5,251.5,0,210,0,255,27.5,43.5,56.5,-38.4917,37.879,-34.125,33.875,2.98462,23922,2088,100,668
1706673317819820895,23746,23746,9077,14669,0,0,0,12,0.000505348,0,255,133.046,33.2097,44.5,82.5,131.5,190.5,243.5,14,174,0,150,27.5,43.5,54.5,-38.2396,38.4829,-34.125,34.125,2.94663,23939,2612,100,657
1706673317919650363,23269,23269,9022,14247,0,0,0,16,0.00068761,0,255,131.839,35.4783,34.5,76.5,130.5,190.5,255.5,74,242,0,156,27.5,44.5,55.5,-38.4723,38.3072,-34.625,34.375,3.22681,24010,2776,100,718
1706673318019884345,23485,23485,8904,14581,0,0,0,15,0.000638706,0,255,132.83,34.4233,37.5,80.5,131.5,193.5,243.5,17,194,0,151,27.5,44.5,55.5,-38.3575,38.4294,-34.625,34.625,3.01905,24063,2763,100,623
1706673318119733213,23830,23830,8846,14984,0,0,0,15,0.000629459,0,255,133.419,34.6063,41.5,78.5,131.5,196.5,235.5,6,159,0,255,28.5,46.5,58.5,-38.4006,38.4039,-34.625,34.625,3.72662,24093,2280,100,642
1706673318219562778,23833,23833,8920,14913,0,0,0,16,0.000671338,0,255,133.88,35.2559,41.5,77.5,132.5,194.5,240.5,19,195,0,255,28.5,47.5,59.5,-38.4307,38.3593,-34.625,34.625,3.61621,24104,2222,100,629
1706673318320219100,23843,23843,8977,14866,0,0,0,14,0.000587174,0,255,134.079,36.521,37.5,76.5,133.5,197.5,249.5,7,215,0,150,29.5,49.5,61.5,-38.3232,38.4548,-34.625,34.625,3.22087,24110,2067,100,613
1706673318420063142,23895,23895,8948,14947,0,0,0,17,0.000711446,0,255,133.854,35.034,42.5,81.5,131.5,195.5,240.5,2,170,0,150,29.5,49.5,60.5,-38.4744,38.266,-34.625,34.125,3.2458,24121,1953,100,483
1706673318519916476,23905,23905,8981,14924,0,0,0,11,0.000460155,0,255,133.51,36.6149,50.5,82.5,129.5,199.5,255.5,8,301,0,150,29.5,50.5,64.5,-38.2026,38.4991,-34.125,34.375,3.17813,24126,1715,100,392
1706673318619782717,23855,23855,9019,14836,0,0,0,18,0.000754559,0,255,134.919,36.9448,48.5,82.5,133.5,195.5,255.5,5,252,0,150,30.5,55.5,76.5,-38.5044,38.1571,-34.125,34.875,3.14252,24138,1154,100,481
1706673318719624550,23918,23918,9081,14837,0,0,0,3,0.000125429,5.71793,255,135.033,37.8778,54.5,82.5,131.5,201.5,255.5,0,281,0,255,31.5,57.5,79.5,-38.0115,38.5023,-33.875,34.125,2.98581,24141,929,100,547
1706673318819867982,23910,23910,9064,14846,0,0,0,7,0.000292765,0,255,135.836,39.0768,47.5,81.5,132.5,205.5,255.5,1,336,0,150,32.5,59.5,80.5,-38.0975,38.1219,-34.125,34.125,2.78755,24145,982,100,497
1706673318919716673,23821,23821,9082,14739,0,0,0,17,0.000713656,7.59494,255,135.525,38.9998,48.5,81.5,131.5,204.5,255.5,0,341,0,190,31.5,56.5,73.5,-38.5117,37.9976,-34.125,33.875,2.7175,24157,1280,100,423
1706673319019560014,23907,23907,9086,14821,0,0,0,10,0.000418288,5.43547,255,133.55,36.4894,47.5,80.5,130.5,195.5,255.5,0,258,0,249,30.5,53.5,68.5,-38.1885,38.5034,-34.125,34.125,3.2743,24162,1792,100,469
1706673319120199557,23910,23910,8962,14948,0,0,0,17,0.000711,0,255,134.221,34.5422,48.5,81.5,132.5,198.5,237.5,4,176,0,255,29.5,48.5,61.5,-38.4933,38.2262,-34.625,34.125,2.72462,24177,1931,100,448
1706673319220055700,23780,23780,8890,14890,0,0,0,13,0.000546678,0,255,133.09,33.766,45.5,83.5,130.5,192.5,239.5,24,167,0,255,27.5,45.5,55.5,-38.2694,38.4837,-34.625,34.625,2.84928,24208,2551,100,615
1706673319319900882,23516,23516,8907,14609,0,0,0,16,0.000680388,0,255,133.773,33.1214,49.5,89.5,130.5,194.5,255.5,11,300,0,152,27.5,42.5,53.5,-38.4641,38.3166,-34.625,34.625,3.06416,24247,2772,100,644
1706673319419749892,23809,23809,8877,14932,0,0,0,15,0.000630014,0,255,133.457,34.6377,44.5,82.5,130.5,193.5,254.5,11,235,0,150,28.5,44.5,56.5,-38.3635,38.4258,-34.625,34.625,3.20781,24278,2112,100,824
1706673319519589242,23838,23838,9016,14822,0,0,0,15,0.000629247,0,255,133.832,33.2735,46.5,85.5,131.5,188.5,246.5,14,195,0,238,28.5,44.5,55.5,-38.386,38.4129,-34.375,34.625,3.16151,24292,2055,100,833
1706673319619827874,23820,23820,9015,14805,0,0,0,16,0.000671704,0,255,133.708,32.1021,49.5,87.5,131.5,190.5,238.5,7,176,0,187,28.5,42.5,53.5,-38.4418,38.3453,-34.625,34.125,2.97156,24308,2390,100,804
1706673319719661227,23705,23705,9002,14703,0,0,0,13,0.000548408,0,255,133.077,31.9352,42.5,87.5,131.5,188.5,235.5,17,167,0,255,28.5,41.5,53.5,-38.288,38.4747,-34.375,34.125,2.99293,24336,2547,100,628
1706673319819903063,23721,23721,9016,14705,0,0,0,18,0.000758821,0,255,133.187,32.1399,44.5,88.5,131.5,189.5,241.5,14,185,0,150,27.5,42.5,54.5,-38.4874,38.2257,-34.125,34.625,3.16389,24352,2503,100,609
1706673319919740296,23769,23769,9055,14714,0,0,0,0,0,0,255,132.836,31.7743,43.5,88.5,130.5,186.5,237.5,5,133,0,255,27.5,42.5,53.5,-37.9093,38.4973,-33.875,34.625,3.09622,24374,2397,100,553
1706673320019582578,23862,23862,9021,14841,0,0,0,10,0.000419076,0,255,133.805,32.638,45.5,87.5,131.5,193.5,243.5,2,178,0,150,28.5,43.5,55.5,-38.2002,37.9972,-33.875,34.125,3.09503,24391,2318,100,482
1706673320120220779,23842,23842,9038,14804,0,0,0,17,0.000713027,0,255,134.128,31.621,52.5,89.5,131.5,189.5,241.5,1,140,0,254,28.5,43.5,52.5,-38.5017,38.1262,-34.125,34.125,3.04161,24406,2310,100,506
1706673320220057347,23838,23838,9143,14695,0,0,0,12,0.000503398,0,255,133.462,33.2364,43.5,84.5,131.5,192.5,247.5,13,168,0,255,28.5,43.5,55.5,-38.0815,38.5119,-34.375,34.125,2.91101,24423,2291,100,560
1706673320319897275,23796,23796,8987,14809,0,0,0,17,0.000714406,0,255,133.153,31.8678,48.5,87.5,131.5,191.5,235.5,1,138,0,152,28.5,42.5,52.5,-38.5089,38.1324,-34.625,34.375,3.14845,24433,2365,100,506
1706673320419743656,23779,23779,8864,14915,0,0,0,11,0.000462593,0,255,133.484,32.676,48.5,87.5,131.5,193.5,243.5,19,198,0,255,28.5,42.5,54.5,-38.1867,38.4979,-34.375,34.625,3.17339,24442,2296,100,561
1706673320519589891,23848,23848,8818,15030,0,0,0,17,0.000712848,4.05507,255,133.885,33.3176,48.5,86.5,131.5,195.5,245.5,0,191,0,255,29.5,43.5,54.5,-38.4814,38.2469,-34.625,34.625,3.14608,24455,2105,100,547
1706673320619825608,23872,23872,8887,14985,0,0,0,14,0.000586461,0,255,134.123,32.9486,42.5,85.5,133.5,190.5,234.5,13,145,0,255,29.5,44.5,56.5,-38.2939,38.4612,-34.625,34.625,2.96206,24464,2036,100,591
1706673320719656006,23830,23830,8942,14888,0,0,0,16,0.000671423,0,255,134.002,33.6704,49.5,86.5,131.5,194.5,246.5,1,190,0,255,29.5,44.5,56.5,-38.4262,38.3583,-34.625,34.375,2.88964,24471,1984,100,543
1706673320819898626,23768,23768,9065,14703,0,0,0,15,0.000631101,0,255,133.901,31.8889,48.5,87.5,132.5,191.5,232.5,5,141,0,163,28.5,42.5,53.5,-38.3955,38.393,-34.625,34.375,2.90033,24488,2244,100,552
1706673320919722766,23864,23864,9004,14860,0,0,0,15,0.000628562,0,255,132.414,34.6921,40.5,85.5,130.5,193.5,255.5,1,250,0,255,27.5,41.5,51.5,-38.3699,38.4251,-34.125,34.125,3.50343,24505,2747,100,637
1706673321019556264,23784,23784,9051,14733,0,0,0,16,0.000672721,0,255,133.219,32.067,48.5,86.5,131.5,190.5,234.5,7,172,0,255,28.5,41.5,52.5,-38.4587,37.6898,-34.125,33.625,3.12946,24525,2421,100,721
1706673321120197429,23906,23906,9140,14766,0,0,0,0,0,0,255,133.885,33.7421,51.5,85.5,131.5,190.5,252.5,21,229,0,255,29.5,44.5,55.5,-37.7672,38.4728,-33.875,35.125,3.00361,24534,2157,100,862
1706673321220046991,23844,23844,9041,14803,0,0,0,13,0.000545211,0,255,135.258,32.6994,59.5,88.5,132.5,191.5,244.5,2,184,0,255,29.5,48.5,60.5,-38.2887,37.8626,-34.125,33.875,3.12827,24539,1871,100,550
1706673321319900095,23862,23862,8961,14901,0,0,0,18,0.000754337,0,255,134.293,32.4013,56.5,86.5,133.5,187.5,238.5,10,166,0,194,29.5,51.5,63.5,-38.4978,38.2083,-34.125,33.875,3.20544,24549,1626,100,415
1706673321419738178,23890,23890,9042,14848,0,0,0,9,0.000376727,0,255,135.046,32.3435,64.5,88.5,133.5,188.5,254.5,6,238,0,188,29.5,50.5,63.5,-38.1468,38.5068,-34.375,34.125,3.07247,24564,1555,100,418
1706673321519575140,23867,23867,9036,14831,0,0,0,17,0.000712281,0,255,135.929,33.9985,54.5,85.5,134.5,196.5,241.5,2,163,0,255,29.5,45.5,57.5,-38.5067,38.1049,-34.625,34.375,3.04873,24578,1944,100,575
1706673321620206447,23890,23890,8959,14931,0,0,0,12,0.000502302,0,255,133.652,32.9594,48.5,85.5,131.5,193.5,240.5,18,167,0,255,29.5,41.5,52.5,-38.1111,38.5088,-34.375,34.625,3.19119,24594,2184,100,643
1706673321720045171,23779,23779,8826,14953,0,0,0,17,0.000714917,0,255,133.74,31.9789,49.5,86.5,132.5,190.5,237.5,6,149,0,255,29.5,43.5,54.5,-38.5061,38.1726,-34.625,34.375,3.19475,24601,2132,100,704
1706673321819905154,23843,23843,8827,15016,0,0,0,12,0.000503292,4.66972,255,133.823,32.8715,52.5,86.5,130.5,194.5,243.5,0,182,0,255,29.5,44.5,55.5,-38.2302,38.4907,-34.625,34.625,2.97512,24615,2057,100,629
1706673321919756539,23886,23886,8971,14915,0,0,0,17,0.000711714,0,255,134.047,33.4082,50.5,84.5,131.5,194.5,244.5,4,178,0,255,29.5,44.5,55.5,-38.4739,38.282,-34.625,34.625,3.09384,24636,2050,100,587
1706673322019611150,23913,23913,9076,14837,0,0,0,14,0.000585456,0,255,134.198,33.0478,54.5,87.5,132.5,191.5,249.5,1,217,0,255,28.5,42.5,53.5,-38.3299,38.4455,-34.625,34.125,2.96088,24679,1946,100,710
1706673322119856674,23910,23910,9098,14812,0,0,0,16,0.000669176,0,255,133.888,33.1121,62.5,86.5,131.5,192.5,247.5,8,203,0,150,29.5,43.5,55.5,-38.4341,38.3564,-34.125,34.125,3.0238,24689,2015,100,634
1706673322219700055,23881,23881,9023,14858,0,0,0,15,0.000628114,0,255,135.825,32.3197,63.5,89.5,134.5,189.5,241.5,11,182,0,154,29.5,47.5,58.5,-38.3912,37.598,-34.125,33.625,2.90745,24699,1720,100,558
1706673322319554199,23901,23901,9036,14865,0,0,0,0,0,0,255,134.979,32.2462,60.5,88.5,133.5,187.5,255.5,1,249,0,151,29.5,48.5,60.5,-37.6148,38.4044,-33.625,34.125,2.89914,24710,1554,100,530
1706673322420201790,23923,23923,9072,14851,0,0,0,15,0.000627012,0,255,134.955,33.1175,57.5,86.5,133.5,190.5,243.5,1,200,0,255,29.5,47.5,60.5,-38.3523,38.4425,-34.125,34.875,2.83741,24721,1622,100,519
1706673322520043856,23741,23741,9034,14707,0,0,0,16,0.00067394,0,255,134.276,34.1624,46.5,85.5,132.5,192.5,245.5,14,170,0,177,28.5,42.5,55.5,-38.4565,38.3196,-34.125,34.125,2.93832,24742,1926,100,675
1706673322619886606,23915,23915,8964,14951,0,0,0,12,0.000501777,0,255,133.658,33.0605,48.5,85.5,132.5,192.5,243.5,16,183,0,255,29.5,43.5,54.5,-38.2511,38.4837,-34.375,34.125,2.90389,24756,2058,100,651
1706673322719720514,23893,23893,8997,14896,0,0,0,17,0.000711505,0,255,134.59,32.9841,57.5,85.5,132.5,192.5,244.5,3,184,0,255,29.5,45.5,57.5,-38.5023,38.1962,-34.625,34.375,3.07604,24768,1801,100,476
1706673322819549843,23886,23886,8983,14903,0,0,0,9,0.00037679,0,255,134.529,34.1439,43.5,83.5,133.5,194.5,235.5,15,156,0,199,29.5,46.5,57.5,-38.1197,38.5005,-34.375,34.625,3.3384,24785,1640,100,447
1706673322920186468,23862,23862,8880,14982,0,0,0,17,0.00071243,0,255,134.761,32.9106,52.5,86.5,132.5,192.5,237.5,4,163,0,255,29.5,45.5,57.5,-38.5096,38.0798,-34.625,34.625,3.05585,24797,1803,100,503
1706673323020016927,23987,23987,8902,15085,0,0,0,10,0.000416892,0,255,134.144,32.2298,54.5,86.5,132.5,192.5,236.5,2,156,0,255,29.5,43.5,55.5,-38.134,38.5143,-34.375,34.625,2.86709,24805,1628,100,761
1706673323119859609,23787,23787,8893,14894,0,0,0,17,0.000714676,0,255,134.436,32.4603,62.5,86.5,132.5,190.5,240.5,2,163,0,255,29.5,43.5,55.5,-38.5058,38.1819,-34.625,34.375,2.92763,24832,1843,100,501
1706673323219694879,23935,23935,9000,14935,0,0,0,12,0.000501358,0,255,134.87,33.7218,69.5,87.5,132.5,193.5,252.5,8,228,0,255,29.5,48.5,63.5,-38.2422,38.4886,-34.375,34.125,2.94188,24835,1425,100,429
1706673323319531754,23920,23920,9082,14838,0,0,0,17,0.000710702,0,255,134.977,34.2015,68.5,87.5,131.5,196.5,250.5,2,211,0,255,30.5,52.5,70.5,-38.4651,38.3035,-34.125,34.125,2.93595,24843,1499,100,309
1706673323420165374,23927,23927,9093,14834,0,0,0,14,0.000585113,0,255,134.82,33.6406,69.5,86.5,132.5,192.5,255.5,1,252,0,229,29.5,50.5,73.5,-38.3284,37.7436,-34.125,33.875,2.89083,24849,1314,100,423
1706673323520007355,23884,23884,9028,14856,0,0,0,0,0,0,255,134.491,33.3206,69.5,86.5,131.5,195.5,248.5,2,207,0,255,29.5,48.5,62.5,-37.6613,38.4452,-33.625,34.125,2.94188,24853,1690,100,425
1706673323619851648,23861,23861,8998,14863,0,0,0,15,0.000628641,4.81854,255,134.399,32.7499,61.5,85.5,132.5,191.5,243.5,0,193,0,255,29.5,44.5,58.5,-38.4051,38.3905,-34.125,34.375,2.87777,24874,1795,100,437
1706673323719677035,23863,23863,9033,14830,0,0,0,16,0.000670494,0,255,134.102,32.1197,56.5,87.5,132.5,190.5,241.5,2,177,0,219,29.5,43.5,58.5,-38.4198,38.3711,-34.125,34.875,2.86946,24886,1872,100,422
1706673323819521271,23909,23909,9051,14858,0,0,0,14,0.000585554,0,255,134.249,32.562,54.5,86.5,132.5,193.5,240.5,12,192,0,255,29.5,43.5,57.5,-38.3247,38.4561,-34.625,34.125,2.83978,24894,1983,100,485
1706673323920173379,23868,23868,8947,14921,0,0,0,17,0.000712251,0,255,134.937,32.2394,55.5,88.5,133.5,192.5,247.5,3,207,0,154,29.5,43.5,56.5,-38.4812,38.275,-34.625,34.375,2.90389,24915,1948,100,448
1706673324020027189,23856,23856,8998,14858,0,0,0,12,0.000503018,0,255,134.147,32.2893,53.5,87.5,132.5,191.5,245.5,6,192,0,255,28.5,42.5,55.5,-38.2133,38.4929,-34.375,34.625,2.97393,24928,1909,100,583
1706673324119862800,23845,23845,8840,15005,0,0,0,17,0.000712938,0,255,134.84,33.1503,51.5,88.5,132.5,194.5,249.5,1,197,0,151,28.5,44.5,59.5,-38.5017,38.1734,-34.625,34.375,3.18526,24957,1865,100,490
1706673324219722837,23840,23840,8894,14946,0,0,0,10,0.000419463,0,255,135.053,33.5174,50.5,87.5,133.5,194.5,248.5,25,203,0,255,29.5,44.5,57.5,-38.1402,38.5087,-34.375,34.625,3.05941,24967,1863,100,628
1706673324319547105,23841,23841,8957,14884,0,0,0,17,0.000713057,0,255,134.516,32.4184,52.5,87.5,132.5,191.5,237.5,3,147,0,150,28.5,43.5,55.5,-38.5166,38.0643,-34.625,34.375,2.98106,24979,2063,100,495
1706673324420198850,23833,23833,9060,14773,0,0,0,9,0.000377628,4.54592,255,133.474,32.2609,51.5,85.5,132.5,189.5,246.5,0,199,0,151,28.5,42.5,55.5,-38.1294,38.5007,-34.375,34.125,2.92882,24989,2115,100,538
1706673324520030603,23814,23814,9067,14747,0,0,0,17,0.000713866,0,255,133.706,32.7514,45.5,86.5,131.5,192.5,246.5,1,192,0,244,27.5,42.5,55.5,-38.4885,38.2208,-34.125,33.875,2.90626,25014,2233,100,611
1706673324619870239,23750,23750,9114,14636,0,0,0,13,0.000547368,0,255,132.383,31.8053,42.5,88.5,130.5,187.5,241.5,11,175,0,255,27.5,41.5,53.5,-38.2768,37.8757,-34.125,33.875,2.88727,25048,2384,100,646
1706673324719730448,23717,23717,9100,14617,0,0,0,0,0,0,255,132.44,31.2482,46.5,88.5,130.5,185.5,235.5,24,127,0,204,26.5,41.5,53.5,-37.7892,38.4798,-33.875,34.125,2.92526,25075,2497,100,726
1706673324819561080,23755,23755,9041,14714,0,0,0,16,0.000673542,4.46786,255,133.143,31.4481,45.5,89.5,131.5,187.5,235.5,0,141,0,160,27.5,42.5,54.5,-38.4578,38.3202,-34.125,34.375,3.05823,25113,2388,100,667
1706673324920200492,23770,23770,8997,14773,0,0,0,14,0.000588978,0,255,132.953,32.0246,45.5,88.5,131.5,188.5,240.5,4,156,0,168,27.5,42.5,55.5,-38.3584,38.4239,-34.375,34.625,3.15677,25140,2293,100,576
1706673325020043590,23942,23942,8963,14979,0,0,0,15,0.000626514,0,255,132.634,31.6153,50.5,85.5,131.5,186.5,234.5,12,167,0,240,27.5,41.5,53.5,-38.3909,38.4033,-34.375,34.375,3.17695,25151,2395,100,616
1706673325119888732,23697,23697,8939,14758,0,0,0,16,0.000675191,0,255,133.046,31.8058,50.5,85.5,131.5,188.5,234.5,2,147,0,255,27.5,42.5,53.5,-38.4363,38.3577,-34.625,34.625,3.11877,25186,2297,100,620
1706673325219733065,23781,23781,8968,14813,0,0,0,14,0.000588705,0,255,133.158,32.251,48.5,87.5,131.5,190.5,230.5,10,104,0,255,27.5,42.5,54.5,-38.3063,38.4622,-34.625,34.625,3.09622,25210,2337,100,680
1706673325319567807,23767,23767,8954,14813,0,0,0,17,0.000715277,4.59939,255,132.847,32.8533,46.5,85.5,131.5,192.5,244.5,0,183,0,255,27.5,41.5,54.5,-38.4884,38.2492,-34.625,34.625,3.11284,25254,2364,100,642
1706673325420211625,23691,23691,8898,14793,0,0,0,11,0.000464311,0,255,132.497,32.4523,43.5,87.5,130.5,189.5,243.5,7,183,0,241,26.5,42.5,53.5,-38.1973,38.4928,-34.625,34.625,3.08553,25297,2496,100,528
1706673325520047316,23740,23740,8928,14812,0,0,0,17,0.000716091,0,255,132.499,31.1725,49.5,86.5,131.5,186.5,231.5,8,138,0,255,27.5,42.5,52.5,-38.5086,38.1278,-34.625,34.375,3.17813,25318,2488,100,631
1706673325619886209,23786,23786,9035,14751,0,0,0,12,0.000504498,0,255,132.183,32.3334,42.5,82.5,131.5,187.5,231.5,10,122,0,255,26.5,42.5,52.5,-38.0676,38.5134,-34.375,34.125,2.97275,25349,2595,100,667
1706673325719729921,23756,23756,9078,14678,0,0,0,18,0.000757703,0,255,132.872,30.337,53.5,89.5,130.5,186.5,228.5,8,103,0,229,27.5,42.5,51.5,-38.508,38.1235,-34.125,34.125,3.18407,25363,2606,100,659
1706673325819572946,23717,23717,9120,14597,0,0,0,10,0.000421638,0,255,132.894,31.4529,48.5,87.5,130.5,188.5,232.5,14,127,0,247,26.5,41.5,52.5,-38.184,38.0022,-34.125,34.125,3.0511,25393,2541,100,716
1706673325920203816,23433,23433,9090,14343,0,0,0,0,0,0,255,132.426,32.3198,45.5,88.5,129.5,189.5,249.5,16,176,0,255,26.5,41.5,52.5,-37.9102,38.4986,-33.875,34.125,3.0238,25441,2544,100,598
1706673326020038148,23589,23589,9017,14572,0,0,0,17,0.000720675,0,255,132.973,32.5544,44.5,86.5,130.5,190.5,238.5,12,141,0,150,26.5,41.5,52.5,-38.4877,38.2515,-34.125,34.375,3.09622,25478,2783,100,577
1706673326119879581,23686,23686,8995,14691,0,0,0,13,0.000548847,0,255,132.957,33.1731,42.5,86.5,131.5,190.5,247.5,11,203,0,158,27.5,41.5,52.5,-38.2928,38.4646,-34.375,34.625,3.00005,25534,2431,100,557
1706673326219726983,23486,23486,8950,14536,0,0,0,16,0.000681257,0,255,132.051,33.0665,41.5,82.5,130.5,186.5,248.5,10,201,0,255,26.5,41.5,52.5,-38.4415,38.3393,-34.625,34.625,2.97987,25590,2691,100,573
1706673326319569419,23275,23275,8929,14346,0,0,0,15,0.000644468,0,255,131.258,30.918,44.5,87.5,129.5,182.5,232.5,4,127,0,151,25.5,42.5,51.5,-38.3771,38.4178,-34.625,34.625,2.86115,25653,2874,100,606
1706673326420214129,23817,23817,8934,14883,0,0,0,15,0.000629802,0,255,134.356,33.4644,46.5,84.5,132.5,193.5,247.5,17,212,0,151,27.5,44.5,54.5,-38.369,38.4192,-34.625,34.625,2.8291,25676,2419,100,616
1706673326520055175,23868,23868,9001,14867,0,0,0,17,0.000712251,0,255,133.931,33.6383,46.5,81.5,132.5,194.5,241.5,12,159,0,204,29.5,46.5,60.5,-38.4604,38.319,-34.625,34.625,2.76024,25689,2075,100,508
1706673326619893388,23856,23856,8958,14898,0,0,0,12,0.000503018,0,255,134.258,34.2799,47.5,82.5,132.5,196.5,247.5,6,202,0,166,29.5,46.5,58.5,-38.2635,38.4837,-34.375,34.625,2.80179,25706,1919,100,523
1706673326719737695,23754,23754,8969,14785,0,0,0,17,0.000715669,0,255,133.584,33.2368,48.5,84.5,131.5,194.5,241.5,16,201,0,163,28.5,43.5,55.5,-38.4979,38.2427,-34.625,34.125,2.89796,25739,2142,100,534
1706673326819581694,23640,23640,9034,14606,0,0,0,11,0.000465313,0,255,131.618,32.8604,43.5,86.5,129.5,190.5,243.5,9,192,0,150,27.5,42.5,53.5,-38.1991,38.5032,-34.125,34.125,2.91932,25774,2827,100,694
1706673326920209267,23747,23747,9074,14673,0,0,0,18,0.00075799,0,255,133.035,32.487,48.5,87.5,130.5,188.5,254.5,15,235,0,255,27.5,42.5,53.5,-38.501,37.9806,-34.125,34.125,3.02736,25800,2542,100,748
1706673327020057579,23841,23841,9160,14681,0,0,0,5,0.000209723,0,255,135.712,33.8459,54.5,87.5,133.5,195.5,252.5,3,212,0,191,28.5,44.5,59.5,-38.0561,38.1305,-34.125,34.125,3.10215,25809,2016,100,707
1706673327119906421,23880,23880,9123,14757,0,0,0,6,0.000251256,0,255,134.407,32.745,52.5,87.5,132.5,191.5,239.5,3,195,0,150,29.5,44.5,59.5,-38.064,38.5155,-34.125,34.125,3.08553,25817,1672,100,470
1706673327219755220,23929,23929,9049,14880,0,0,0,17,0.000710435,0,255,134.804,33.7799,58.5,85.5,133.5,193.5,254.5,3,239,0,255,28.5,44.5,59.5,-38.5056,38.14,-34.125,34.375,3.06654,25824,1763,100,561
1706673327319584257,23739,23739,8901,14838,0,0,0,11,0.000463373,4.71479,255,132.913,33.6923,51.5,86.5,130.5,193.5,251.5,0,216,0,224,28.5,42.5,54.5,-38.1932,38.4979,-34.125,34.625,2.90508,25836,1948,100,698
1706673327419821585,23909,23909,8910,14999,0,0,0,17,0.000711029,0,255,134.356,33.7829,57.5,83.5,132.5,196.5,244.5,3,167,0,150,30.5,46.5,59.5,-38.478,38.2637,-34.625,34.375,2.89914,25851,1800,100,471
1706673327519671685,23875,23875,8890,14985,0,0,0,14,0.000586387,6.37157,255,134.844,36.8574,60.5,83.5,130.5,202.5,254.5,0,232,0,151,30.5,53.5,71.5,-38.3259,38.4501,-34.625,34.625,2.96206,25870,1400,100,355
1706673327619520093,23890,23890,8932,14958,0,0,0,16,0.000669736,0,255,134.734,37.9118,59.5,83.5,130.5,204.5,255.5,3,302,0,219,31.5,58.5,78.5,-38.4157,38.384,-34.625,34.625,2.92763,25878,1201,100,347
1706673327720145357,23946,23946,8894,15052,0,0,0,16,0.00066817,0,255,134.924,37.4131,59.5,83.5,132.5,201.5,255.5,14,259,0,255,31.5,56.5,73.5,-38.4123,38.3888,-34.625,34.375,2.85996,25886,1237,100,437
1706673327819981628,23923,23923,8973,14950,0,0,0,15,0.000627012,0,255,133.234,34.4649,53.5,85.5,130.5,195.5,253.5,2,231,0,151,30.5,52.5,68.5,-38.3625,38.4332,-34.375,34.625,2.99887,25902,1581,100,411
1706673327919822856,23741,23741,9055,14686,0,0,0,17,0.000716061,4.2063,255,135.183,34.0521,47.5,85.5,133.5,198.5,240.5,0,131,0,255,28.5,45.5,60.5,-38.4493,38.3307,-34.625,34.125,2.92882,25929,2058,100,547
1706673328019665635,23308,23308,9054,14254,0,0,0,13,0.000557748,4.16881,255,131.835,30.7613,50.5,90.5,129.5,185.5,234.5,0,186,0,157,26.5,41.5,52.5,-38.2753,38.4785,-34.375,34.125,3.04279,26007,2451,100,677
1706673328119504419,23716,23716,9044,14672,0,0,0,17,0.000716816,0,255,133.847,34.4161,42.5,84.5,132.5,193.5,255.5,9,249,0,202,27.5,44.5,55.5,-38.4881,37.854,-34.125,33.875,3.22087,26042,2391,100,736
1706673328220164757,23819,23819,9054,14765,0,0,0,0,0,0,255,132.901,33.3714,46.5,84.5,131.5,191.5,246.5,6,178,0,150,28.5,45.5,56.5,-37.924,38.2335,-33.875,33.875,3.0238,26120,2017,100,742
1706673328320005658,23437,23437,9157,14280,0,0,0,10,0.000426676,0,255,131.801,33.2262,47.5,84.5,129.5,188.5,248.5,20,207,0,255,26.5,42.5,52.5,-38.1813,38.4944,-34.125,34.375,2.93476,26179,2271,100,639
1706673328419848456,23876,23876,9066,14810,0,0,0,17,0.000712012,0,255,134.952,34.245,48.5,83.5,133.5,198.5,255.5,9,247,0,152,29.5,47.5,63.5,-38.5176,38.0876,-34.125,34.375,3.13896,26195,2078,100,530
1706673328519686711,23869,23869,8966,14903,0,0,0,9,0.000377058,0,255,134.049,33.3944,53.5,86.5,132.5,192.5,242.5,3,207,0,150,30.5,56.5,75.5,-38.139,38.5125,-34.375,34.625,3.0796,26216,1582,100,445
1706673328619536138,23862,23862,8808,15054,0,0,0,17,0.00071243,0,255,133.963,36.1167,53.5,84.5,131.5,196.5,248.5,7,218,0,150,31.5,63.5,81.5,-38.4972,38.2004,-34.625,34.375,2.99056,26222,1397,100,394
1706673328720177800,23808,23808,8839,14969,0,0,0,12,0.000504032,0,255,134.551,36.8652,47.5,84.5,132.5,200.5,255.5,19,239,0,150,32.5,67.5,86.5,-38.2442,38.4879,-34.375,34.625,2.95138,26226,1139,100,383
1706673328820024008,23995,23995,9002,14993,0,0,0,16,0.000666806,0,255,135.546,36.6564,55.5,85.5,132.5,201.5,255.5,7,402,0,150,35.5,68.5,87.5,-38.47,38.2935,-34.625,34.625,2.92407,26226,750,100,341
1706673328919865219,24000,24000,9052,14948,0,0,0,15,0.000625,9.51292,255,135.607,36.2879,62.5,85.5,132.5,202.5,255.5,0,303,4,150,36.5,71.5,91.5,-38.3465,38.4357,-34.375,34.625,2.83266,26226,695,100,416
1706673329019706777,24000,24000,8964,15036,0,0,0,15,0.000625,9.67141,255,139.023,37.7925,60.5,87.5,135.5,206.5,255.5,0,493,4,150,40.5,75.5,97.5,-38.404,38.397,-34.125,34.375,2.8754,26227,339,100,1849
1706673329119545227,24000,24000,9042,14958,0,0,0,16,0.000666667,10.9865,255,138.714,37.2581,57.5,86.5,135.5,205.5,255.5,0,438,4,151,44.5,83.5,113.5,-38.4301,38.3639,-34.125,34.125,2.98699,26227,176,100,2590
1706673329220187901,23999,23999,9076,14923,0,0,0,14,0.000583358,9.57644,255,138.322,36.0924,54.5,88.5,135.5,198.5,255.5,0,339,4,150,46.5,80.5,101.5,-38.326,38.4546,-34.875,34.125,2.85047,26227,120,100,2388
1706673329320041425,23998,23998,9104,14894,0,0,0,16,0.000666722,10.6381,255,138.553,40.1076,40.5,82.5,134.5,212.5,255.5,0,778,4,152,47.5,84.5,112.5,-38.4739,37.7549,-34.125,33.875,3.01905,26227,104,100,2086
1706673329419886782,24000,24000,9055,14945,0,0,0,0,0,9.93835,255,138.928,41.3812,19.5,82.5,136.5,220.5,255.5,0,621,3,151,47.5,82.5,107.5,-37.8737,38.2913,-33.875,33.875,2.84216,26227,95,95,2033
1706673329519724671,24000,24000,9065,14935,0,0,0,12,0.0005,8.3396,255,138.891,37.8478,42.5,85.5,136.5,203.5,255.5,0,500,4,151,47.5,88.5,120.5,-38.2137,38.5027,-33.875,34.125,2.88964,26227,103,100,2225
1706673329619570633,24000,24000,9134,14866,0,0,0,18,0.00075,8.16199,255,139.303,37.177,60.5,87.5,136.5,203.5,255.5,0,564,4,151,45.5,81.5,105.5,-38.5066,38.1523,-34.125,34.375,2.7638,26227,145,100,2526
1706673329720197110,23998,23998,9011,14987,0,0,0,12,0.000500042,9.05637,255,137.368,34.5853,51.5,87.5,134.5,194.5,249.5,0,212,1,150,38.5,73.5,99.5,-38.0806,38.5071,-34.375,34.625,4.38077,26227,382,100,1306
1706673329820018685,23907,23907,8932,14975,0,0,0,17,0.000711089,0,255,135.441,37.707,52.5,82.5,132.5,202.5,255.5,2,307,0,200,31.5,60.5,89.5,-38.5139,38.0886,-34.625,34.625,3.06772,26236,1489,100,358
1706673329919864289,23836,23836,8850,14986,0,0,0,9,0.00037758,8.40093,255,133.841,37.3777,37.5,76.5,132.5,198.5,255.5,0,282,0,153,29.5,50.5,60.5,-38.1522,38.5024,-34.375,34.625,2.93832,26255,1753,100,610
1706673330019695518,23743,23743,8878,14865,0,0,0,17,0.000716001,0,255,134.131,35.0646,44.5,82.5,131.5,197.5,249.5,23,219,0,255,27.5,45.5,55.5,-38.493,38.2223,-34.625,34.625,2.87658,26278,2430,100,642
1706673330119537861,23288,23288,9058,14230,0,0,0,13,0.000558227,3.90944,255,132.053,35.012,41.5,79.5,130.5,193.5,248.5,0,200,0,255,26.5,42.5,52.5,-38.2901,38.4651,-34.625,34.625,2.77567,26371,2726,100,721
1706673330220173573,23823,23823,9052,14771,0,0,0,17,0.000713596,0,255,132.985,34.1118,45.5,86.5,130.5,193.5,250.5,2,224,0,255,28.5,44.5,55.5,-38.4508,38.3374,-34.125,34.625,2.93001,26391,2256,100,778
1706673330320017380,23862,23862,8984,14878,0,0,0,15,0.000628615,0,255,135.384,33.8126,53.5,87.5,133.5,194.5,242.5,6,169,0,169,29.5,48.5,57.5,-38.3834,38.4116,-34.125,34.125,3.04161,26402,1915,100,689
1706673330419868817,23822,23822,9022,14800,0,0,0,0,0,0,255,136.037,39.3118,43.5,81.5,132.5,210.5,255.5,9,378,0,151,30.5,54.5,69.5,-37.5827,38.4228,-33.875,34.125,3.0701,26418,1334,100,663
1706673330519709950,23989,23989,9087,14902,0,0,0,30,0.00125057,10.7777,255,136.766,34.611,64.5,85.5,134.5,197.5,246.5,0,228,1,150,35.5,63.5,80.5,-38.4469,37.6334,-35.125,33.625,2.93951,26419,654,100,754
1706673330619564482,23999,23999,9105,14894,0,0,0,0,0,32.6561,255,137.541,33.6601,74.5,89.5,135.5,194.5,255.5,0,344,7,150,39.5,68.5,81.5,-37.7252,38.3507,-33.875,34.125,2.97394,26419,241,100,1879
1706673330720194203,24000,24000,9049,14951,0,0,0,14,0.000583333,26.6195,255,138.641,34.9196,73.5,90.5,136.5,196.5,255.5,0,493,8,150,42.5,69.5,83.5,-38.2983,38.4585,-34.125,34.125,2.92882,26419,153,100,2345
1706673330820026602,24000,24000,9094,14906,0,0,0,17,0.000708333,28.1134,255,138.67,34.9943,71.5,90.5,137.5,196.5,255.5,0,516,8,150,43.5,69.5,82.5,-38.4932,38.2415,-34.125,34.375,2.9312,26419,133,100,2401
1706673330919847786,24000,24000,8984,15016,0,0,0,11,0.000458333,19.7158,255,139.205,35.6899,72.5,91.5,137.5,197.5,255.5,0,579,6,150,43.5,71.5,85.5,-38.1977,38.4985,-34.625,34.625,2.90864,26419,120,100,2334
1706673331019690634,24000,24000,8900,15100,0,0,0,18,0.00075,25.0922,255,138.105,33.2154,73.5,92.5,135.5,193.5,255.5,0,319,6,150,42.5,70.5,82.5,-38.5062,38.1493,-34.625,34.375,2.75905,26419,137,100,2381
1706673331119522996,24000,24000,8922,15078,0,0,0,11,0.000458333,21.4823,255,137.5,34.3297,68.5,89.5,135.5,193.5,255.5,0,378,6,150,39.5,66.5,81.5,-38.0879,38.5068,-34.375,34.625,2.71275,26419,241,100,1770
1706673331220153791,23997,23997,8914,15083,0,0,0,18,0.000750094,22.8359,255,137.728,35.5274,73.5,86.5,135.5,201.5,255.5,0,358,5,150,36.5,64.5,84.5,-38.5134,38.1218,-34.625,34.375,2.74955,26419,723,100,462
1706673331319986828,23923,23923,8989,14934,0,0,0,11,0.000459809,0,255,135.604,38.1854,51.5,80.5,133.5,199.5,255.5,4,408,0,150,30.5,53.5,70.5,-38.1972,38.4962,-34.375,34.625,2.7365,26433,1413,100,676
1706673331419827281,23885,23885,9075,14810,0,0,0,17,0.000711744,0,255,134.893,33.0301,47.5,84.5,133.5,192.5,241.5,3,190,0,255,29.5,46.5,57.5,-38.4865,38.255,-34.125,34.625,2.74599,26453,1826,100,542
1706673331519648524,23565,23565,9105,14460,0,0,0,13,0.000551666,0,255,132.934,34.1757,39.5,84.5,130.5,192.5,255.5,14,250,0,255,26.5,42.5,53.5,-38.3162,38.4577,-34.125,34.125,2.68426,26506,2486,100,816
1706673331619892284,23152,23152,9078,14074,0,0,0,0,0,0,255,130.716,34.6237,40.5,74.5,129.5,189.5,245.5,20,206,0,172,25.5,42.5,53.5,-37.7136,38.3553,-33.875,34.125,2.6902,26604,2767,100,686
1706673331719733584,23704,23704,9042,14662,0,0,0,16,0.000674992,0,255,132.06,35.1953,40.5,80.5,130.5,194.5,240.5,20,185,0,255,26.5,43.5,54.5,-38.4376,37.6249,-34.375,33.625,2.82198,26642,2618,100,694
1706673331819580574,23828,23828,9054,14774,0,0,0,15,0.000629511,0,255,134.011,35.3979,45.5,79.5,132.5,198.5,245.5,2,218,0,255,28.5,45.5,57.5,-38.3961,38.404,-34.875,34.125,2.74718,26660,2204,100,619
1706673331920220301,23925,23925,8989,14936,0,0,0,15,0.000626959,0,255,134.133,34.9249,46.5,81.5,132.5,196.5,239.5,10,174,0,150,29.5,48.5,61.5,-38.3703,38.4215,-34.125,34.125,2.66883,26663,1838,100,628
1706673332020067134,23906,23906,9009,14897,0,0,0,17,0.000711119,0,255,135.952,39.8383,43.5,79.5,132.5,205.5,255.5,3,391,0,255,31.5,57.5,71.5,-38.4437,38.3471,-34.125,34.625,2.74956,26666,1371,100,665
1706673332119897519,23991,23991,9102,14889,0,0,0,14,0.000583552,0,255,137.199,37.3301,57.5,83.5,135.5,197.5,255.5,5,441,0,150,35.5,64.5,80.5,-38.2897,38.4658,-34.625,34.625,2.93357,26666,878,100,586
1706673332219739610,24000,24000,8909,15091,0,0,0,17,0.000708333,9.84786,255,137.457,35.3664,52.5,86.5,136.5,191.5,255.5,0,375,4,150,40.5,67.5,81.5,-38.4853,38.2635,-34.625,34.375,2.9217,26666,225,100,2350
1706673332319593619,24000,24000,8884,15116,0,0,0,10,0.000416667,9.94901,255,139.773,37.548,42.5,86.5,137.5,200.5,255.5,0,531,4,150,42.5,68.5,83.5,-38.1709,38.4978,-34.375,34.625,2.94544,26666,152,100,2611
1706673332419839240,24000,24000,8937,15063,0,0,0,17,0.000708333,9.69997,255,138.589,38.5916,26.5,86.5,135.5,204.5,255.5,0,603,4,150,42.5,67.5,81.5,-38.5218,38.0828,-34.625,34.375,2.78992,26666,164,100,2462
1706673332519671380,24000,24000,8988,15012,0,0,0,12,0.0005,9.14083,255,138.037,37.3549,41.5,87.5,135.5,202.5,255.5,0,517,4,150,41.5,68.5,82.5,-38.1058,38.5123,-34.375,34.625,2.61896,26666,182,100,2384
1706673332619520561,24000,24000,9072,14928,0,0,0,17,0.000708333,9.28369,255,137.967,36.6406,55.5,85.5,134.5,198.5,255.5,0,466,4,151,39.5,67.5,83.5,-38.5086,38.1481,-34.125,34.375,2.67595,26666,305,100,1338
1706673332720154307,23899,23899,9095,14804,0,0,0,11,0.00046027,5.39202,255,137.716,38.1392,51.5,83.5,135.5,203.5,255.5,0,404,0,150,34.5,62.5,83.5,-38.2046,38.4963,-33.875,34.125,2.58572,26673,693,100,650
1706673332819992440,23884,23884,9035,14849,0,0,0,0,0,0,255,135.33,37.7805,52.5,82.5,131.5,201.5,255.5,3,354,0,255,30.5,53.5,65.5,-37.8953,38.2693,-33.875,33.875,2.74599,26678,1362,100,729
1706673332919834669,23849,23849,9086,14763,0,0,0,17,0.000712818,0,255,134.473,35.8062,44.5,79.5,133.5,197.5,249.5,5,217,0,158,28.5,47.5,60.5,-38.4797,37.7918,-34.125,33.875,2.81129,26698,2149,100,750
1706673333019671642,23380,23380,9071,14309,0,0,0,14,0.000598802,10.4954,255,132.382,34.5423,44.5,79.5,131.5,194.5,251.5,0,205,0,204,26.5,43.5,53.5,-38.3129,38.4554,-34.375,34.125,2.77686,26815,2583,100,845
1706673333119508102,23749,23749,9028,14721,0,0,0,16,0.000673713,0,255,133.483,35.2729,39.5,80.5,131.5,196.5,255.5,13,259,0,255,27.5,44.5,55.5,-38.4368,38.353,-34.625,34.375,2.93595,26863,2178,100,702
1706673333220146734,23829,23829,8957,14872,0,0,0,15,0.000629485,0,255,134.791,33.6277,49.5,85.5,131.5,196.5,253.5,4,228,0,255,28.5,46.5,59.5,-38.3795,38.4099,-34.125,34.625,3.04754,26886,2335,100,825
1706673333319995118,23888,23888,8979,14909,0,0,0,14,0.000586068,0,255,134.805,32.9728,48.5,84.5,133.5,191.5,236.5,3,152,0,161,29.5,47.5,59.5,-38.3556,38.4342,-34.625,34.625,2.93713,26898,1964,100,848
1706673333419825829,23936,23936,9009,14927,0,0,0,16,0.000668449,0,255,134.603,34.5141,59.5,84.5,131.5,194.5,255.5,1,243,0,150,30.5,52.5,66.5,-38.4624,38.3015,-34.625,34.375,2.70919,26900,1609,100,659
1706673333519654048,23875,23875,8853,15022,0,0,0,12,0.000502618,0,255,136.604,36.9332,64.5,85.5,133.5,205.5,255.5,11,378,0,158,32.5,62.5,84.5,-38.2591,38.4825,-34.375,34.625,2.80773,26919,1325,100,622
1706673333619886347,23992,23992,8887,15105,0,0,0,17,0.00070857,0,255,137.489,35.3306,68.5,87.5,134.5,199.5,255.5,7,332,0,150,36.5,66.5,86.5,-38.4942,38.1943,-34.625,34.375,3.04992,26919,724,100,891
1706673333719725053,24000,24000,8955,15045,0,0,0,9,0.000375,27.8731,255,136.931,35.0436,69.5,86.5,134.5,198.5,255.5,0,288,7,150,38.5,69.5,90.5,-38.1446,38.514,-34.375,34.625,2.92645,26919,485,100,1080
1706673333819558414,24000,24000,9077,14923,0,0,0,17,0.000708333,33.664,255,136.578,35.8268,69.5,85.5,133.5,198.5,255.5,0,484,6,151,38.5,68.5,87.5,-38.5035,38.0642,-34.125,34.375,2.8659,26919,511,100,1156
1706673333920190785,23887,23887,9160,14727,0,0,0,8,0.00033491,0,255,137.149,36.5434,61.5,84.5,134.5,201.5,255.5,4,265,0,150,37.5,68.5,90.5,-38.1167,38.5158,-34.125,34.125,2.92407,26927,866,100,724
1706673334020035710,23925,23925,9118,14807,0,0,0,1,4.17973e-05,5.17739,255,136.959,37.8093,62.5,84.5,132.5,207.5,255.5,0,375,0,151,32.5,62.5,83.5,-38.0067,38.1871,-33.875,34.125,2.82316,26937,1298,100,652
1706673334119874589,23914,23914,9013,14901,0,0,0,17,0.000710881,0,255,134.617,34.2508,61.5,87.5,131.5,195.5,250.5,5,227,0,255,29.5,55.5,70.5,-38.4991,37.9088,-34.125,33.875,2.87065,26946,1534,100,657
1706673334219724628,23936,23936,9056,14880,0,0,0,13,0.000543115,0,255,135.339,33.246,52.5,86.5,133.5,191.5,245.5,19,179,0,226,29.5,51.5,65.5,-38.2536,38.4865,-34.125,34.125,2.92764,26966,1787,100,841
1706673334319553638,23864,23864,9002,14862,0,0,0,17,0.00071237,5.0693,255,134.395,32.8981,52.5,85.5,132.5,191.5,239.5,0,167,1,255,28.5,48.5,60.5,-38.4587,38.3177,-34.625,34.125,3.01549,26977,1993,100,849
1706673334420194683,23827,23827,8995,14832,0,0,0,14,0.000587569,0,255,134.339,34.1494,49.5,84.5,131.5,193.5,247.5,5,155,0,255,28.5,48.5,62.5,-38.3637,38.4224,-34.125,34.625,3.02261,27001,2152,100,821
1706673334520052405,23828,23828,8883,14945,0,0,0,16,0.000671479,4.38095,255,134.048,33.2763,56.5,86.5,130.5,194.5,247.5,0,200,0,255,28.5,47.5,61.5,-38.3953,38.3957,-34.625,34.625,2.83622,27024,2199,100,862
1706673334619901615,23773,23773,8958,14815,0,0,0,16,0.000673032,4.51292,255,133.873,33.2437,50.5,86.5,130.5,192.5,241.5,0,167,0,255,27.5,46.5,57.5,-38.4226,38.3735,-34.625,34.625,2.83978,27049,2314,100,933
1706673334719750624,23851,23851,8968,14883,0,0,0,14,0.000586977,0,255,133.758,32.7583,49.5,86.5,131.5,190.5,245.5,9,197,0,255,28.5,46.5,58.5,-38.3414,38.4449,-34.625,34.625,2.93832,27068,2179,100,899
1706673334819595467,23902,23902,8899,15003,0,0,0,16,0.0006694,0,255,134.924,32.5096,59.5,86.5,132.5,191.5,233.5,12,170,0,255,28.5,48.5,61.5,-38.4698,38.2917,-34.625,34.625,2.77449,27085,2063,100,764
1706673334919830575,23842,23842,8946,14896,0,0,0,11,0.000461371,0,255,134.721,32.1313,51.5,88.5,132.5,191.5,241.5,9,203,0,197,28.5,46.5,57.5,-38.2285,38.4934,-34.125,34.625,2.75549,27111,2119,100,906
1706673335019657285,23661,23661,9006,14655,0,0,0,17,0.000718482,0,255,132.691,32.7964,49.5,86.5,130.5,191.5,244.5,9,178,0,255,26.5,42.5,52.5,-38.4995,38.1831,-34.125,34.375,2.82079,27157,2507,100,872
1706673335119880005,23508,23508,9159,14349,0,0,0,4,0.000170155,0,255,132.098,33.5222,40.5,85.5,129.5,191.5,248.5,17,209,0,255,26.5,41.5,52.5,-38.0307,38.5062,-34.125,34.125,2.69495,27234,2807,100,797
1706673335219722187,23658,23658,9151,14507,0,0,0,8,0.000338152,0,255,132.355,33.3731,47.5,87.5,129.5,193.5,249.5,2,210,0,255,25.5,41.5,53.5,-38.094,38.0912,-34.125,34.125,2.83503,27271,2607,100,798
1706673335319563195,23794,23794,9095,14699,0,0,0,18,0.000756493,0,255,132.209,34.1934,47.5,82.5,130.5,193.5,252.5,15,220,0,255,26.5,42.5,53.5,-38.5113,38.0357,-34.125,34.125,3.06654,27293,2447,100,818
1706673335420211846,23759,23759,9015,14744,0,0,0,10,0.000420893,0,255,130.772,33.6054,45.5,80.5,129.5,189.5,255.5,13,244,0,255,25.5,42.5,51.5,-38.1535,38.5059,-34.375,34.125,3.0796,27334,2617,100,856
1706673335520043394,23536,23536,8956,14580,0,0,0,17,0.000722298,0,255,131.327,34.5735,39.5,79.5,128.5,193.5,255.5,4,242,0,255,25.5,41.5,51.5,-38.4887,38.2289,-34.625,34.125,3.13302,27398,2833,100,793
1706673335619862714,23219,23219,8969,14250,0,0,0,13,0.000559886,7.17423,255,132.012,32.3239,43.5,83.5,130.5,189.5,232.5,0,148,0,255,25.5,41.5,50.5,-38.2729,38.4773,-34.625,34.625,3.05467,27491,2969,100,719
1706673335719699080,23575,23575,9019,14556,0,0,0,16,0.000678685,0,255,133.518,36.2961,38.5,79.5,131.5,202.5,248.5,11,181,0,150,25.5,42.5,52.5,-38.4609,38.3184,-34.625,34.625,3.14489,27560,2756,100,674
1706673335819544544,23519,23519,8940,14579,0,0,0,14,0.000595263,0,255,133.775,36.3466,39.5,78.5,131.5,201.5,252.5,11,228,0,203,26.5,43.5,52.5,-38.3635,38.4288,-34.625,34.625,2.85878,27622,2951,100,782
1706673335920179020,23286,23286,8976,14310,0,0,0,16,0.000687108,0,255,132.372,36.5496,38.5,73.5,130.5,198.5,255.5,17,287,0,255,25.5,42.5,52.5,-38.3916,38.4001,-34.625,34.625,2.83385,27726,2872,100,674
1706673336020031693,23433,23433,8994,14439,0,0,0,17,0.000725473,0,255,131.426,33.4479,40.5,80.5,130.5,191.5,242.5,11,188,0,157,25.5,41.5,51.5,-38.4351,38.3529,-34.625,34.625,2.93357,27776,2855,100,798
1706673336119880291,23786,23786,9008,14778,0,0,0,13,0.00054654,0,255,133.028,34.9746,43.5,80.5,130.5,196.5,255.5,14,333,0,255,26.5,42.5,52.5,-38.2924,38.466,-34.125,34.625,2.82791,27791,2412,100,745
1706673336219711299,23835,23835,8987,14848,0,0,0,17,0.000713237,0,255,133.081,34.3024,44.5,82.5,131.5,196.5,243.5,9,191,0,150,27.5,43.5,54.5,-38.4856,38.2551,-34.125,34.125,2.82672,27800,2097,100,854
1706673336319559784,23802,23802,9060,14742,0,0,0,0,0,4.31192,255,133.423,34.4399,48.5,82.5,130.5,196.5,255.5,0,239,0,150,27.5,43.5,54.5,-37.9251,38.4945,-33.875,34.125,2.89321,27814,2053,100,769
1706673336420195811,23805,23805,9135,14670,0,0,0,11,0.000462088,0,255,131.89,33.5009,42.5,81.5,130.5,191.5,236.5,31,141,0,255,26.5,41.5,52.5,-38.1872,37.9908,-33.875,33.875,2.84216,27830,2463,100,777
1706673336520027000,23684,23684,9129,14555,0,0,0,18,0.000760007,4.23963,255,131.147,33.193,44.5,82.5,128.5,190.5,242.5,0,201,0,151,25.5,40.5,51.5,-38.5041,38.1392,-34.125,34.125,2.74243,27863,2872,100,728
1706673336619857305,23142,23142,9047,14095,0,0,0,12,0.000518538,0,255,131.45,34.03,39.5,78.5,129.5,190.5,240.5,13,149,0,151,25.5,41.5,52.5,-38.0714,38.5148,-34.375,34.125,2.77805,27943,2778,100,670
1706673336719702372,23387,23387,8952,14435,0,0,0,17,0.0007269,0,255,131.917,35.1688,40.5,75.5,130.5,196.5,243.5,11,187,0,150,25.5,41.5,51.5,-38.512,38.1187,-34.625,34.375,2.82554,27990,3003,100,697
1706673336819535663,23606,23606,8883,14723,0,0,0,11,0.000465983,0,255,133.245,33.4393,46.5,87.5,130.5,194.5,244.5,3,212,0,150,26.5,41.5,52.5,-38.2085,38.4966,-34.625,34.625,2.89558,28034,2927,100,735
1706673336920178038,23805,23805,8947,14858,0,0,0,17,0.000714136,0,255,132.52,34.4578,44.5,81.5,130.5,197.5,251.5,8,222,0,150,26.5,42.5,53.5,-38.4848,38.2441,-34.625,34.625,2.87421,28041,2194,100,762
1706673337020027157,23881,23881,9017,14864,0,0,0,14,0.00058624,4.08557,255,133.484,34.3064,48.5,82.5,131.5,196.5,244.5,0,184,1,150,28.5,45.5,56.5,-38.3083,38.457,-34.625,34.625,2.93357,28057,2004,100,652
1706673337119862761,23907,23907,8906,15001,0,0,0,16,0.00066926,0,255,134.387,35.2273,45.5,81.5,132.5,197.5,246.5,4,204,0,150,28.5,46.5,58.5,-38.435,38.3544,-34.625,34.625,2.93951,28062,1833,100,544
1706673337219709734,23904,23904,8957,14947,0,0,0,15,0.00062751,0,255,134.411,34.6112,47.5,83.5,132.5,196.5,248.5,6,215,0,215,28.5,46.5,58.5,-38.3838,38.4128,-34.625,34.125,2.83741,28072,1817,100,474
1706673337319547334,23874,23874,9007,14867,0,0,0,15,0.000628299,0,255,134.707,34.5091,46.5,85.5,132.5,196.5,255.5,11,274,0,255,28.5,46.5,57.5,-38.3686,38.4205,-34.125,34.875,2.81248,28077,2039,100,557
1706673337420179621,23832,23832,9016,14816,0,0,0,16,0.000671366,0,255,133.476,35.5731,40.5,77.5,132.5,196.5,247.5,14,173,0,255,27.5,45.5,57.5,-38.4485,38.3346,-34.125,34.125,2.8754,28091,2369,100,567
1706673337520026906,23723,23723,9090,14633,0,0,0,0,0,0,255,132.414,37.016,28.5,71.5,132.5,196.5,248.5,62,198,0,215,27.5,45.5,55.5,-37.7466,38.4695,-33.875,34.125,2.85878,28146,2545,100,635
1706673337619881161,23830,23830,9097,14733,0,0,0,14,0.000587495,0,255,132.822,37.7892,30.5,71.5,132.5,197.5,246.5,61,205,0,151,27.5,45.5,55.5,-38.3047,37.8375,-34.125,33.875,2.97631,28156,2230,100,620
1706673337719728663,23784,23784,9072,14712,0,0,0,17,0.000714766,0,255,133.671,37.0916,35.5,72.5,133.5,198.5,252.5,33,229,0,150,27.5,46.5,56.5,-38.4915,38.2354,-34.125,33.875,2.95969,28177,2214,100,654
1706673337819569495,23848,23848,9016,14832,0,0,0,10,0.000419322,0,255,134.468,36.3057,40.5,75.5,133.5,197.5,245.5,9,178,0,192,28.5,47.5,59.5,-38.1941,38.5009,-34.375,34.125,2.987,28212,2111,100,510
1706673337920197871,23834,23834,8923,14911,0,0,0,18,0.000755224,0,255,134.418,35.8091,41.5,78.5,133.5,197.5,244.5,16,186,0,150,27.5,46.5,58.5,-38.5086,38.1079,-34.625,34.375,3.1259,28226,2314,100,628
1706673338020037888,23811,23811,8932,14879,0,0,0,12,0.000503969,0,255,134.552,36.0751,42.5,79.5,132.5,200.5,255.5,3,258,0,151,28.5,46.5,57.5,-38.089,38.513,-34.625,34.625,2.9027,28232,2273,100,611
1706673338119876312,23803,23803,8864,14939,0,0,0,18,0.000756207,0,255,133.62,35.0715,43.5,75.5,132.5,194.5,240.5,9,159,0,150,27.5,46.5,56.5,-38.5069,38.1303,-34.625,34.375,2.89439,28240,2330,100,642
1706673338219710706,23794,23794,8943,14851,0,0,0,11,0.000462301,0,255,133.404,35.4946,40.5,78.5,131.5,196.5,251.5,19,224,0,255,26.5,45.5,55.5,-38.2064,38.4975,-34.625,34.625,2.7828,28264,2592,100,643
1706673338319547851,23708,23708,9018,14690,0,0,0,18,0.000759237,0,255,133.679,35.9582,41.5,79.5,131.5,199.5,255.5,34,274,0,150,26.5,44.5,53.5,-38.483,38.2395,-34.625,34.625,2.85166,28295,2694,100,657
1706673338420181993,23638,23638,9014,14624,0,0,0,14,0.000592267,0,255,133.209,36.2466,36.5,78.5,131.5,198.5,253.5,20,224,0,213,26.5,43.5,54.5,-38.3106,38.4585,-34.625,34.125,2.78992,28346,2818,100,631
1706673338520011786,23738,23738,9055,14683,0,0,0,16,0.000674025,0,255,134.296,36.6512,38.5,80.5,131.5,204.5,255.5,21,290,0,255,26.5,44.5,53.5,-38.4477,38.348,-34.125,34.625,2.95375,28357,2714,100,595
1706673338619854381,23786,23786,9032,14754,0,0,0,16,0.000672665,0,255,133.788,34.4079,43.5,81.5,132.5,196.5,242.5,19,170,0,193,27.5,45.5,56.5,-38.3984,38.4047,-34.125,34.625,3.08316,28374,2495,100,640
1706673338719691008,23816,23816,9041,14775,0,0,0,0,0,0,255,133.961,35.2481,40.5,79.5,132.5,195.5,251.5,4,208,0,196,27.5,46.5,58.5,-37.574,38.4216,-33.625,34.125,2.95375,28383,2344,100,591
1706673338819526477,23839,23839,9003,14836,0,0,0,15,0.000629221,0,255,133.547,35.4194,40.5,76.5,132.5,194.5,250.5,6,216,0,192,28.5,47.5,60.5,-38.3772,37.6826,-34.125,33.625,2.88371,28390,2212,100,570
1706673338920179891,23831,23831,9149,14682,0,0,0,16,0.000671394,0,255,134.157,34.8977,42.5,79.5,133.5,196.5,240.5,7,174,0,245,28.5,47.5,60.5,-38.4509,38.3211,-34.125,34.125,2.72937,28399,2131,100,661
1706673339020013282,23752,23752,9033,14719,0,0,0,12,0.000505221,0,255,133.012,34.9145,42.5,79.5,131.5,192.5,246.5,21,199,0,255,26.5,44.5,55.5,-38.2633,38.4738,-34.625,34.125,2.84809,28414,2478,100,688
1706673339119845419,23385,23385,8943,14442,0,0,0,17,0.000726962,0,255,133.487,35.4495,44.5,83.5,130.5,200.5,255.5,17,298,0,153,25.5,41.5,52.5,-38.4931,38.2099,-34.625,34.625,2.8386,28480,2962,100,682
1706673339219674331,23195,23195,8867,14328,0,0,0,10,0.000431127,0,255,132.952,33.5529,44.5,83.5,130.5,194.5,242.5,24,142,0,255,25.5,41.5,52.5,-38.1687,38.5009,-34.625,34.625,3.03448,28555,3002,100,625
1706673339319516570,23704,23704,8864,14840,0,0,0,17,0.000717179,0,255,133.981,35.1719,45.5,84.5,130.5,200.5,251.5,19,206,0,174,26.5,42.5,53.5,-38.5088,38.1022,-34.625,34.375,2.91339,28581,2676,100,555
1706673339420157300,23794,23794,8971,14823,0,0,0,11,0.000462301,0,255,133.553,34.1528,46.5,83.5,131.5,194.5,255.5,13,252,0,200,26.5,43.5,54.5,-38.1001,38.5115,-34.625,34.625,2.81248,28597,2582,100,602
1706673339520019655,23750,23750,9022,14728,0,0,0,17,0.000715789,0,255,132.38,34.8969,45.5,82.5,129.5,195.5,255.5,14,243,0,255,26.5,43.5,55.5,-38.499,38.1936,-34.625,34.375,2.77805,28620,2566,100,675
1706673339619861910,23697,23697,8982,14715,0,0,0,12,0.000506393,0,255,133.015,35.0796,43.5,83.5,130.5,200.5,251.5,10,231,0,150,26.5,42.5,53.5,-38.2272,38.4905,-34.625,34.125,2.81604,28647,2781,100,721
1706673339719688224,23491,23491,9033,14458,0,0,0,17,0.000723681,0,255,132.381,34.3629,43.5,84.5,129.5,193.5,255.5,21,245,0,255,25.5,40.5,51.5,-38.4662,38.2815,-34.125,34.125,2.75905,28681,3050,100,719
1706673339819509695,23219,23219,9090,14129,0,0,0,14,0.000602954,0,255,131.28,33.7687,40.5,82.5,129.5,189.5,254.5,9,230,0,207,25.5,39.5,52.5,-38.353,37.7621,-34.125,34.375,2.74718,28736,2798,100,594
1706673339920138268,23645,23645,9070,14575,0,0,0,0,0,0,255,132.962,34.1591,46.5,84.5,130.5,193.5,255.5,12,288,0,255,25.5,41.5,52.5,-37.6354,38.3856,-33.625,34.125,2.9775,28757,2972,100,627
1706673340019976341,23699,23699,9020,14679,0,0,0,16,0.000675134,4.44017,255,133.367,34.452,47.5,86.5,130.5,195.5,255.5,0,284,1,202,26.5,41.5,53.5,-38.419,37.5842,-34.125,33.625,3.08672,28773,2635,100,709
1706673340119825440,23779,23779,9010,14769,0,0,0,16,0.000672863,0,255,133.39,33.3256,51.5,87.5,131.5,192.5,250.5,5,220,0,255,27.5,43.5,55.5,-38.4181,38.3783,-34.125,34.125,3.2743,28785,2517,100,681
1706673340219660522,23832,23832,9048,14784,0,0,0,15,0.000629406,0,255,133.284,34.7962,47.5,85.5,130.5,195.5,255.5,9,301,0,150,27.5,44.5,55.5,-38.3665,38.4205,-34.625,34.125,3.15677,28795,2343,100,711
1706673340319899152,23855,23855,8984,14871,0,0,0,17,0.000712639,0,255,132.875,32.6772,51.5,87.5,131.5,189.5,243.5,10,193,0,255,27.5,44.5,56.5,-38.4646,38.2872,-34.625,34.625,2.98581,28802,2227,100,543
1706673340419743398,23816,23816,8846,14970,0,0,0,11,0.000461874,0,255,132.573,33.9684,48.5,84.5,131.5,191.5,255.5,5,259,0,202,27.5,44.5,56.5,-38.2114,38.4931,-34.375,34.625,2.89202,28810,2314,100,537
1706673340519582320,23802,23802,8793,15009,0,0,0,17,0.000714226,4.09613,255,133.882,34.4297,57.5,87.5,131.5,197.5,255.5,0,266,0,175,27.5,43.5,58.5,-38.4959,38.1592,-34.625,34.375,2.92526,28816,2320,100,637
1706673340620219323,23831,23831,8941,14890,0,0,0,12,0.000503546,0,255,133.127,34.1808,48.5,86.5,130.5,196.5,254.5,8,234,0,255,27.5,43.5,56.5,-38.1082,38.5097,-34.375,34.625,2.85878,28828,2372,100,666
1706673340720055696,23724,23724,9048,14676,0,0,0,17,0.000716574,0,255,132.932,34.4811,46.5,84.5,130.5,196.5,255.5,16,287,0,150,26.5,41.5,53.5,-38.5072,38.0814,-34.625,34.375,2.96088,28850,2710,100,695
1706673340819886709,23779,23779,9131,14648,0,0,0,9,0.000378485,0,255,133.335,33.9604,45.5,85.5,131.5,194.5,255.5,2,255,0,161,26.5,41.5,52.5,-38.1424,38.512,-34.375,34.125,3.03923,28872,2641,100,651
1706673340919728844,23779,23779,8996,14783,0,0,0,17,0.000714917,0,255,133.098,34.4262,44.5,82.5,130.5,194.5,254.5,6,237,0,150,26.5,42.5,55.5,-38.4974,38.1982,-34.125,33.875,3.01905,28892,2486,100,630
1706673341019575815,23780,23780,9025,14755,0,0,0,12,0.000504626,0,255,133.701,34.5974,42.5,85.5,131.5,194.5,255.5,5,265,0,255,27.5,43.5,57.5,-38.2591,37.91,-34.125,33.875,3.00243,28903,2328,100,497
1706673341120215300,23843,23843,9089,14754,0,0,0,0,0,0,255,135.134,32.7956,53.5,86.5,133.5,192.5,248.5,4,225,0,150,27.5,44.5,56.5,-37.8198,38.4811,-33.875,35.125,2.91101,28911,2157,100,429
1706673341220048014,23865,23865,9046,14819,0,0,0,16,0.000670438,0,255,134.427,33.789,47.5,84.5,133.5,192.5,244.5,5,203,0,150,27.5,45.5,57.5,-38.4618,37.7153,-34.125,33.875,2.94307,28915,2082,100,419
1706673341319890876,23851,23851,9001,14850,0,0,0,15,0.000628904,0,255,134.636,34.1636,48.5,83.5,133.5,191.5,254.5,7,236,0,150,27.5,44.5,58.5,-38.3613,38.4255,-34.375,34.125,2.8659,28931,2115,100,482
1706673341419726308,23857,23857,9003,14854,0,0,0,15,0.000628746,0,255,134.082,36.2552,43.5,80.5,132.5,193.5,255.5,11,341,0,255,27.5,44.5,56.5,-38.3906,38.4091,-34.625,34.125,2.88727,28942,2366,100,598
1706673341519567916,23689,23689,9018,14671,0,0,0,16,0.000675419,0,255,133.874,36.998,39.5,73.5,133.5,198.5,255.5,12,267,0,255,26.5,44.5,54.5,-38.4355,38.3569,-34.625,34.625,2.88608,28966,2527,100,575
1706673341620206413,23635,23635,8928,14707,0,0,0,14,0.000592342,0,255,132.721,37.2757,30.5,69.5,132.5,196.5,253.5,10,236,0,154,26.5,44.5,54.5,-38.3159,38.456,-34.625,34.625,2.8564,28996,2558,100,589
1706673341720065980,23756,23756,8828,14928,0,0,0,17,0.000715609,0,255,132.721,38.8893,27.5,64.5,132.5,195.5,250.5,27,214,0,174,26.5,45.5,55.5,-38.4805,38.2784,-34.625,34.625,3.4322,29023,2440,100,613
1706673341819926894,23796,23796,8864,14932,0,0,0,11,0.000462263,0,255,133.518,37.9729,32.5,66.5,133.5,194.5,254.5,60,234,0,255,26.5,45.5,55.5,-38.222,38.4877,-34.625,34.625,3.33841,29044,2405,100,650
1706673341919766260,23835,23835,8939,14896,0,0,0,17,0.000713237,0,255,134.853,36.3761,35.5,78.5,134.5,198.5,248.5,8,203,0,175,27.5,46.5,56.5,-38.4972,38.1688,-34.625,34.375,2.96919,29052,2148,100,536
1706673342019602927,23851,23851,9084,14767,0,0,0,11,0.000461197,0,255,135.189,35.707,41.5,81.5,134.5,194.5,255.5,11,251,0,173,28.5,46.5,57.5,-38.1186,38.5105,-34.375,34.125,2.98225,29062,1920,100,550
1706673342119838501,23834,23834,9089,14745,0,0,0,18,0.000755224,0,255,134.057,35.9999,36.5,80.5,133.5,196.5,255.5,9,239,0,175,27.5,45.5,58.5,-38.5092,38.101,-34.125,34.125,2.85759,29075,1869,100,522
1706673342219673575,23779,23779,9055,14724,0,0,0,11,0.000462593,0,255,134.456,37.3107,34.5,76.5,134.5,197.5,255.5,33,301,0,191,27.5,45.5,56.5,-38.1978,37.9881,-33.875,33.875,2.93001,29087,2423,100,644
1706673342319513456,23609,23609,9042,14567,0,0,0,0,0,0,255,131.539,38.0499,27.5,62.5,131.5,196.5,255.5,37,268,0,150,26.5,44.5,54.5,-37.9114,38.4984,-33.875,34.125,2.81723,29134,2760,100,600
1706673342420150661,23477,23477,9049,14428,0,0,0,18,0.000766708,0,255,131.787,37.254,27.5,65.5,131.5,193.5,255.5,59,248,0,255,25.5,42.5,54.5,-38.4963,38.2231,-34.125,34.875,2.75668,29199,2876,100,531
1706673342519981558,23471,23471,9043,14428,0,0,0,13,0.000553875,0,255,131.6,35.7817,28.5,75.5,130.5,195.5,243.5,13,167,0,175,25.5,42.5,55.5,-38.2919,38.4684,-34.375,34.125,2.73175,29248,2887,100,604
1706673342619812623,23290,23290,8972,14318,0,0,0,16,0.00068699,0,255,131.239,37.5327,31.5,65.5,130.5,196.5,253.5,20,211,0,255,25.5,43.5,54.5,-38.4358,38.3522,-34.625,34.375,2.79942,29404,2646,100,565
1706673342719640571,23749,23749,9004,14745,0,0,0,15,0.000631606,0,255,134.356,36.2721,37.5,77.5,133.5,195.5,255.5,13,273,0,152,26.5,45.5,56.5,-38.3609,38.4266,-34.625,34.625,2.97512,29427,2583,100,639
1706673342819874222,23792,23792,8911,14881,0,0,0,15,0.000630464,0,255,134.838,36.6879,36.5,75.5,135.5,198.5,255.5,9,303,0,226,26.5,45.5,56.5,-38.3873,38.4099,-34.625,34.625,3.0048,29436,2267,100,655
1706673342919699829,23819,23819,8865,14954,0,0,0,16,0.000671733,0,255,134.109,35.3352,36.5,78.5,133.5,193.5,248.5,11,209,0,152,26.5,45.5,58.5,-38.4474,38.3471,-34.625,34.625,2.86828,29461,2056,100,651
1706673343019544048,23713,23713,8951,14762,0,0,0,14,0.000590393,0,255,132.628,36.8195,36.5,72.5,131.5,195.5,255.5,22,270,0,255,25.5,44.5,55.5,-38.3069,38.4667,-34.375,34.625,2.84216,29490,2308,100,692
1706673343120169872,23860,23860,9006,14854,0,0,0,17,0.00071249,0,255,132.794,36.6256,41.5,75.5,131.5,199.5,255.5,19,291,0,167,26.5,45.5,56.5,-38.4959,38.2489,-34.625,34.125,2.93832,29534,2236,100,587
1706673343220004237,23894,23894,9062,14832,0,0,0,10,0.000418515,0,255,133.198,33.9477,43.5,86.5,130.5,193.5,245.5,20,188,0,255,27.5,45.5,57.5,-38.1751,38.5019,-34.125,34.125,2.80417,29550,1544,100,539
1706673343319843721,23841,23841,9149,14692,0,0,0,17,0.000713057,0,255,133.333,33.2008,55.5,86.5,130.5,194.5,255.5,7,252,0,255,26.5,44.5,58.5,-38.5157,38.0521,-34.125,34.125,2.81485,29567,2114,100,742
1706673343419683315,23829,23829,9109,14720,0,0,0,8,0.000335725,0,255,133.028,35.0126,44.5,80.5,130.5,196.5,255.5,14,243,0,255,26.5,44.5,58.5,-38.1082,38.0721,-34.125,34.125,2.92764,29579,2395,100,738
1706673343519522497,23690,23690,9063,14627,0,0,0,3,0.000126636,0,255,132.738,33.9847,45.5,85.5,129.5,193.5,255.5,7,244,0,173,25.5,42.5,54.5,-38.0088,38.5087,-34.125,34.125,2.74125,29604,2548,100,658
1706673343620151956,23179,23179,9027,14152,0,0,0,17,0.000733422,0,255,132.305,36.6594,25.5,76.5,130.5,196.5,255.5,110,263,0,255,24.5,42.5,54.5,-38.5036,38.1464,-34.125,34.625,2.90508,29885,2576,100,601
1706673343719988399,23697,23697,9044,14653,0,0,0,11,0.000464194,0,255,133.05,35.253,41.5,78.5,131.5,197.5,253.5,29,227,0,255,25.5,44.5,56.5,-38.19,38.5013,-34.125,34.625,2.82791,29922,1723,100,692
1706673343819830267,23930,23930,8973,14957,0,0,0,17,0.000710405,0,255,133.887,34.8593,48.5,84.5,130.5,197.5,255.5,2,293,0,255,28.5,48.5,61.5,-38.4869,38.2551,-34.625,34.125,2.97038,29930,1647,100,592
1706673343919669360,23914,23914,8957,14957,0,0,0,13,0.000543615,0,255,132.507,34.9906,45.5,81.5,129.5,194.5,241.5,17,201,0,255,28.5,51.5,64.5,-38.3247,38.4498,-34.625,34.625,2.78636,29944,1426,100,562
1706673344019515672,23880,23880,8971,14909,0,0,0,15,0.000628141,0,255,133.133,35.3237,42.5,81.5,131.5,195.5,255.5,1,302,0,255,28.5,48.5,62.5,-38.415,38.3812,-34.625,34.625,2.78042,29948,1766,100,523
1706673344120160128,23860,23860,8846,15014,0,0,0,15,0.000628667,4.91917,255,134.429,34.5126,49.5,84.5,131.5,195.5,251.5,0,222,0,152,26.5,45.5,57.5,-38.4189,38.3847,-34.625,34.625,2.78992,29958,2138,100,663
1706673344219996679,23278,23278,8921,14357,0,0,0,15,0.000644385,0,255,132.139,34.6587,42.5,83.5,129.5,195.5,255.5,11,251,0,151,24.5,43.5,55.5,-38.3684,38.433,-34.625,34.625,2.73768,30026,2826,100,699
1706673344319832416,23725,23725,8982,14743,0,0,0,17,0.000716544,0,255,133.95,33.3177,47.5,86.5,131.5,191.5,251.5,9,220,0,216,26.5,44.5,54.5,-38.45,38.3321,-34.625,34.375,3.03923,30070,2383,100,642
1706673344419671332,23748,23748,9060,14688,0,0,0,13,0.000547415,4.33934,255,134.016,34.4212,44.5,85.5,131.5,194.5,251.5,0,225,0,255,26.5,44.5,55.5,-38.2902,38.4733,-34.125,34.125,2.82554,30108,1785,100,677
1706673344519515741,23403,23403,9134,14269,0,0,0,17,0.000726403,0,255,130.547,36.5889,28.5,71.5,129.5,192.5,255.5,30,251,0,150,25.5,43.5,54.5,-38.493,37.8836,-34.125,33.875,2.88608,30156,2789,100,663
1706673344620151637,23721,23721,9127,14594,0,0,0,1,4.21567e-05,0,255,131.861,35.0844,34.5,74.5,130.5,189.5,240.5,88,163,0,190,25.5,44.5,54.5,-37.997,38.2023,-33.875,33.875,2.89321,30187,2666,100,764
1706673344719999381,23751,23751,9037,14714,0,0,0,9,0.000378931,0,255,132.607,37.0082,27.5,72.5,132.5,192.5,255.5,27,301,0,151,25.5,45.5,56.5,-38.1181,38.5076,-34.125,34.125,2.88608,30214,2371,100,836
1706673344819834477,23579,23579,9031,14548,0,0,0,17,0.000720981,0,255,130.52,36.9025,20.5,63.5,130.5,193.5,244.5,107,190,0,255,25.5,43.5,55.5,-38.5059,38.0707,-34.125,34.375,2.84216,30258,2622,100,721
1706673344919679750,23300,23300,8961,14339,0,0,0,12,0.000515021,0,255,130.215,38.6155,21.5,63.5,129.5,197.5,255.5,40,282,0,232,25.5,43.5,55.5,-38.1462,38.5069,-34.375,34.625,2.87777,30312,2933,100,744
1706673345019518559,23715,23715,8928,14787,0,0,0,18,0.000759013,0,255,133.207,34.9532,40.5,78.5,131.5,194.5,255.5,9,256,0,255,25.5,44.5,55.5,-38.5011,38.1768,-34.625,34.375,3.03567,30338,2590,100,704
1706673345120148262,23809,23809,8905,14904,0,0,0,11,0.00046201,0,255,134.651,35.248,40.5,83.5,132.5,198.5,255.5,21,269,0,150,26.5,45.5,56.5,-38.2179,38.4974,-34.375,34.625,3.02142,30351,2240,100,715
1706673345219977884,23493,23493,8952,14541,0,0,0,17,0.00072362,0,255,132.703,37.4187,35.5,68.5,132.5,197.5,255.5,16,284,0,151,26.5,45.5,56.5,-38.4832,38.2699,-34.625,34.625,2.88727,30394,1807,100,711
1706673345319811116,23480,23480,9017,14463,0,0,0,15,0.000638842,0,255,130.556,38.8369,31.5,59.5,130.5,199.5,255.5,67,273,0,150,25.5,44.5,55.5,-38.3221,38.4516,-34.625,34.625,2.81129,30442,2375,100,832
1706673345419649463,23731,23731,8927,14804,0,0,0,15,0.000632085,0,255,132.235,38.8473,27.5,64.5,131.5,196.5,255.5,54,259,0,255,26.5,45.5,55.5,-38.4067,38.3864,-34.625,34.625,3.01311,30465,2126,100,734
1706673345519885614,23618,23618,8961,14657,0,0,0,16,0.000677449,0,255,130.288,39.5419,27.5,58.5,131.5,194.5,255.5,5,336,0,255,25.5,43.5,55.5,-38.4208,38.3691,-34.625,34.375,2.93951,30492,2677,100,785
1706673345619733024,23667,23667,9006,14661,0,0,0,14,0.000591541,0,255,133.697,37.3978,36.5,71.5,132.5,200.5,255.5,23,318,0,213,26.5,45.5,55.5,-38.3476,38.4475,-34.375,34.125,2.95494,30522,2606,100,851
1706673345719569048,23851,23851,9125,14726,0,0,0,16,0.000670831,4.59667,255,134.45,35.8875,38.5,78.5,133.5,194.5,255.5,0,263,0,150,28.5,46.5,60.5,-38.4579,37.7005,-34.125,33.875,3.03092,30528,1916,100,654
1706673345820220934,23903,23903,9148,14755,0,0,0,0,0,0,255,134.648,34.6141,48.5,83.5,133.5,194.5,251.5,2,227,0,150,28.5,47.5,60.5,-37.7659,38.3205,-33.875,34.125,2.99649,30543,1641,100,631
1706673345920058013,23896,23896,9076,14820,0,0,0,14,0.000585872,0,255,133.994,36.6853,36.5,78.5,133.5,195.5,255.5,9,298,0,150,27.5,47.5,59.5,-38.2872,38.469,-34.125,34.125,2.95969,30554,1560,100,663
1706673346019906581,23371,23371,8956,14415,0,0,0,18,0.000770185,0,255,133.518,35.9008,31.5,70.5,133.5,193.5,255.5,13,240,0,151,26.5,44.5,54.5,-38.4999,38.2194,-34.375,34.625,3.05823,30603,2362,100,893
1706673346119749098,23660,23660,8935,14725,0,0,0,8,0.000338123,0,255,132.45,36.6078,30.5,65.5,132.5,193.5,244.5,31,191,0,255,26.5,44.5,55.5,-38.1169,38.5067,-34.375,34.625,3.03686,30678,1967,100,893
1706673346219574925,23600,23600,8954,14646,0,0,0,18,0.000762712,0,255,130.081,37.253,29.5,62.5,130.5,191.5,247.5,26,199,0,253,26.5,44.5,55.5,-38.5003,38.0911,-34.625,34.375,3.07366,30718,2159,100,824
1706673346320191590,23609,23609,8985,14624,0,0,0,10,0.000423567,0,255,132.058,33.1616,38.5,83.5,130.5,186.5,254.5,8,231,0,151,26.5,43.5,55.5,-38.1566,38.5013,-34.375,34.625,3.08197,30757,2729,100,764
1706673346420022183,23850,23850,8904,14946,0,0,0,17,0.000712788,3.78745,255,134.001,33.2409,51.5,85.5,131.5,190.5,251.5,0,222,0,150,28.5,46.5,60.5,-38.4937,38.1953,-34.625,34.625,3.16982,30767,1915,100,699
1706673346519866510,23867,23867,8909,14958,0,0,0,11,0.000460887,0,255,134.31,34.4914,55.5,86.5,130.5,195.5,255.5,5,258,0,255,28.5,51.5,68.5,-38.2308,38.491,-34.375,34.625,2.97038,30784,1513,100,497
1706673346619696412,23928,23928,8956,14972,0,0,0,17,0.000710465,0,255,134.023,34.0449,53.5,85.5,131.5,192.5,255.5,10,270,0,150,28.5,49.5,64.5,-38.4824,38.2722,-34.375,34.375,2.94188,30788,1296,100,508
1706673346719523793,23860,23860,9034,14826,0,0,0,14,0.000586756,9.3662,255,133.798,33.684,47.5,83.5,132.5,190.5,248.5,0,225,0,150,27.5,45.5,59.5,-38.3393,38.4399,-34.625,34.125,3.06891,30797,1966,100,557
1706673346820162007,23551,23551,9021,14530,0,0,0,15,0.000636916,0,255,132.623,34.1516,41.5,83.5,130.5,193.5,255.5,19,253,0,152,26.5,43.5,55.5,-38.3908,38.4095,-34.125,34.125,2.94307,30864,2396,100,710
1706673346919991559,23418,23418,9055,14363,0,0,0,16,0.000683235,0,255,132.902,36.1332,30.5,79.5,131.5,195.5,254.5,74,234,0,163,26.5,43.5,56.5,-38.446,37.6322,-34.125,33.625,2.89914,30943,2409,100,686
1706673347019829877,23720,23720,9173,14547,0,0,0,0,0,0,255,133.364,37.0992,36.5,76.5,131.5,196.5,255.5,17,371,0,255,27.5,45.5,57.5,-37.7029,38.3475,-33.875,34.125,2.88608,30964,2400,100,813
1706673347119670486,23894,23894,9136,14758,0,0,0,14,0.000585921,0,255,134.585,34.8872,48.5,83.5,132.5,193.5,250.5,1,224,0,222,28.5,46.5,56.5,-38.3068,38.4622,-34.125,34.125,2.91933,30982,1870,100,722
1706673347219519170,23906,23906,9068,14838,0,0,0,16,0.000669288,0,255,135.261,37.3084,44.5,82.5,132.5,198.5,255.5,8,372,0,150,29.5,49.5,63.5,-38.4651,38.3018,-34.125,34.625,2.95019,31005,1565,100,668
1706673347320176145,23848,23848,8873,14975,0,0,0,13,0.000545119,0,255,134.328,37.5703,39.5,82.5,131.5,197.5,255.5,10,284,0,150,30.5,52.5,75.5,-38.251,38.4807,-34.375,34.625,2.85997,31016,1227,100,559
1706673347420017005,23926,23926,8884,15042,0,0,0,18,0.00075232,0,255,134.077,36.5028,45.5,85.5,131.5,200.5,255.5,5,319,0,150,29.5,49.5,65.5,-38.4989,38.1922,-34.625,34.375,2.93357,31026,1435,100,661
1706673347519864800,23703,23703,8919,14784,0,0,0,13,0.000548454,8.52534,255,134.941,37.4923,36.5,74.5,133.5,198.5,255.5,0,279,0,250,27.5,47.5,58.5,-38.1179,38.5113,-34.375,34.625,2.93239,31106,1998,100,975
1706673347619696008,23720,23720,9061,14659,0,0,0,17,0.000716695,0,255,131.767,37.1144,30.5,67.5,130.5,193.5,251.5,30,234,0,150,26.5,44.5,54.5,-38.5193,38.0934,-34.625,34.625,2.97987,31178,1877,100,1034
1706673347719534881,23620,23620,8967,14653,0,0,0,10,0.00042337,0,255,132.692,37.5806,31.5,68.5,131.5,196.5,255.5,45,294,0,255,26.5,44.5,55.5,-38.1917,38.4994,-34.375,34.625,2.98344,31212,2658,100,961
1706673347820168407,23777,23777,9004,14773,0,0,0,17,0.000714977,0,255,133.301,35.124,38.5,76.5,133.5,191.5,255.5,12,265,0,170,27.5,45.5,55.5,-38.4884,38.2333,-34.125,34.625,3.09028,31266,2398,100,823
1706673347919990978,23853,23853,8984,14869,0,0,0,12,0.000503081,0,255,134.658,34.7977,43.5,80.5,133.5,193.5,255.5,2,254,0,255,28.5,47.5,59.5,-38.2667,38.4823,-34.875,34.125,3.08791,31275,1932,100,743
1706673348019832012,23866,23866,9051,14815,0,0,0,16,0.00067041,0,255,135.093,34.7267,42.5,81.5,134.5,193.5,253.5,9,236,0,255,29.5,48.5,60.5,-38.4576,38.326,-34.125,34.125,3.08791,31277,1780,100,886
1706673348119663612,23914,23914,9038,14876,0,0,0,15,0.000627248,0,255,134.47,34.2924,39.5,82.5,134.5,189.5,254.5,5,236,0,255,29.5,48.5,59.5,-38.379,37.6754,-34.125,33.625,2.97394,31294,1765,100,912
1706673348219505255,23936,23936,9054,14882,0,0,0,0,0,0,255,135.326,35.5675,40.5,81.5,135.5,192.5,248.5,3,206,0,255,28.5,48.5,59.5,-37.5994,38.4228,-33.625,34.125,2.79704,31299,1743,100,949
1706673348320136038,23819,23819,9074,14745,0,0,0,15,0.000629749,0,255,134.211,38.8833,32.5,63.5,134.5,195.5,255.5,8,285,0,255,28.5,47.5,60.5,-38.3935,38.4128,-34.125,34.125,2.9312,31311,2015,100,960
1706673348419982268,23829,23829,9030,14799,0,0,0,16,0.000671451,0,255,131.642,40.4813,26.5,53.5,132.5,197.5,248.5,144,211,0,150,27.5,46.5,57.5,-38.4473,38.3491,-34.125,34.625,2.90271,31317,1853,100,1168
1706673348519816297,23852,23852,8949,14903,0,0,0,13,0.000545028,0,255,135.712,37.8832,33.5,71.5,135.5,200.5,253.5,1,236,0,233,28.5,48.5,58.5,-38.3024,38.4655,-34.625,34.625,2.90864,31328,1913,100,1084
1706673348619645843,23899,23899,8826,15073,0,0,0,17,0.000711327,0,255,135.561,36.8843,33.5,75.5,135.5,196.5,249.5,18,221,0,179,28.5,48.5,58.5,-38.4774,38.2702,-34.625,34.625,2.69138,31347,1852,100,1027
1706673348719878732,23912,23912,8819,15093,0,0,0,11,0.00046002,0,255,135.46,36.9013,35.5,75.5,134.5,196.5,244.5,14,179,0,150,28.5,47.5,57.5,-38.2027,38.4963,-34.375,34.625,2.76262,31351,1753,100,1049
1706673348819698039,23912,23912,8928,14984,0,0,0,17,0.00071094,0,255,134.42,37.0618,34.5,72.5,133.5,194.5,255.5,7,284,0,150,28.5,47.5,57.5,-38.5031,38.1466,-34.625,34.375,2.75312,31361,1694,100,1006
1706673348919552579,23858,23858,9112,14746,0,0,0,13,0.000544891,0,255,135.445,35.2952,39.5,82.5,133.5,197.5,233.5,6,138,0,150,28.5,47.5,56.5,-38.0725,38.5095,-34.375,34.625,2.77211,31363,1830,100,951
1706673349020198072,23863,23863,8962,14901,0,0,0,17,0.0007124,0,255,134.514,36.2443,38.5,78.5,134.5,196.5,255.5,3,259,0,186,29.5,47.5,58.5,-38.5114,38.1213,-34.125,34.375,2.89083,31377,1820,100,915
1706673349120052384,23863,23863,9009,14854,0,0,0,11,0.000460965,0,255,135.088,35.8714,40.5,81.5,134.5,196.5,246.5,8,177,0,255,28.5,47.5,59.5,-38.1948,38.4962,-34.125,34.125,3.06179,31391,1936,100,859
1706673349219890418,23858,23858,9018,14840,0,0,0,17,0.000712549,0,255,134.374,35.3109,39.5,81.5,133.5,194.5,248.5,7,208,0,255,28.5,47.5,59.5,-38.4904,38.2656,-35.125,33.875,3.08909,31402,1961,100,920
1706673349319730174,23877,23877,9038,14839,0,0,0,13,0.000544457,0,255,135.159,35.2335,44.5,80.5,133.5,195.5,243.5,14,179,0,255,28.5,47.5,57.5,-38.2996,37.8096,-34.125,33.875,3.06654,31411,1946,100,792
1706673349419563083,23901,23901,9048,14853,0,0,0,0,0,0,255,135.704,33.9992,53.5,84.5,133.5,193.5,247.5,6,183,0,164,29.5,47.5,57.5,-37.7501,38.4604,-33.875,34.125,2.987,31420,1864,100,813
1706673349520211700,23935,23935,9144,14791,0,0,0,16,0.000668477,0,255,134.352,34.9999,43.5,81.5,132.5,194.5,235.5,7,138,0,151,29.5,47.5,57.5,-38.4528,38.3294,-34.125,34.125,2.96681,31437,1799,100,687
1706673349620051196,23906,23906,9034,14872,0,0,0,14,0.000585627,0,255,134.807,34.2549,54.5,83.5,132.5,193.5,239.5,6,168,0,195,29.5,48.5,58.5,-38.354,38.4309,-34.125,34.625,2.81841,31450,1708,100,679
1706673349719895228,23880,23880,8884,14996,0,0,0,15,0.000628141,0,255,134.377,34.0979,46.5,83.5,133.5,193.5,239.5,8,162,0,150,29.5,48.5,61.5,-38.3947,38.4027,-34.625,34.375,2.80892,31459,1675,100,674
1706673349819736479,23907,23907,8878,15029,0,0,0,16,0.00066926,0,255,134.911,33.208,57.5,86.5,133.5,193.5,234.5,3,160,0,150,29.5,48.5,60.5,-38.4497,38.322,-34.625,34.375,2.85522,31466,1755,100,595
1706673349919575965,23890,23890,8824,15066,0,0,0,13,0.000544161,0,255,134.551,33.9794,49.5,84.5,132.5,192.5,250.5,6,214,0,150,29.5,48.5,60.5,-38.2786,38.4771,-34.625,34.625,2.9312,31481,1894,100,683
1706673350020199208,23877,23877,8921,14956,0,0,0,17,0.000711982,0,255,133.85,33.1734,51.5,85.5,131.5,192.5,246.5,1,193,0,255,28.5,47.5,59.5,-38.4906,38.2453,-34.625,34.375,2.68782,31496,2034,100,762
1706673350120036198,23785,23785,9056,14729,0,0,0,10,0.000420433,0,255,134.112,32.2997,49.5,89.5,131.5,191.5,241.5,1,170,0,247,27.5,44.5,54.5,-38.1757,38.4999,-34.375,34.625,2.77093,31523,2385,100,834
1706673350219886349,23708,23708,9034,14674,0,0,0,17,0.000717058,0,255,133.817,33.3804,51.5,86.5,130.5,193.5,246.5,6,204,0,155,26.5,42.5,53.5,-38.5055,38.1249,-34.125,34.375,2.83266,31572,2623,100,850
1706673350319735773,23648,23648,9074,14574,0,0,0,7,0.000296008,0,255,133.365,34.0806,46.5,88.5,130.5,197.5,255.5,12,266,0,158,26.5,41.5,53.5,-38.0454,38.5106,-34.125,34.125,2.84691,31623,2740,100,775
1706673350419581246,23755,23755,9065,14690,0,0,0,6,0.000252578,0,255,132.765,33.0118,52.5,87.5,130.5,195.5,243.5,10,184,0,255,27.5,41.5,52.5,-38.0681,38.133,-34.125,34.125,2.9775,31662,2767,100,810
1706673350520223241,23691,23691,9071,14620,0,0,0,15,0.000633152,0,255,133.112,32.3919,45.5,87.5,131.5,192.5,236.5,23,128,0,255,27.5,40.5,51.5,-38.3557,37.9923,-34.375,33.875,3.02736,31714,2441,100,822
1706673350620046845,23708,23708,9035,14673,0,0,0,0,0,4.90709,255,133.31,33.4211,49.5,87.5,130.5,196.5,247.5,0,193,1,254,27.5,41.5,51.5,-37.9272,38.5036,-33.875,34.125,2.99531,31737,2649,100,897
1706673350719884233,23701,23701,9003,14698,0,0,0,17,0.000717269,4.45639,255,132.699,33.0269,55.5,86.5,129.5,195.5,246.5,0,197,0,255,27.5,41.5,52.5,-38.483,38.2516,-34.125,34.125,2.99887,31758,2606,100,886
1706673350819724733,23754,23754,9084,14670,0,0,0,14,0.000589374,0,255,133.21,32.8599,52.5,88.5,130.5,195.5,245.5,1,193,0,255,27.5,41.5,53.5,-38.3073,38.4622,-34.125,34.625,3.08672,31790,2584,100,790
1706673350919557271,23810,23810,8966,14844,0,0,0,16,0.000671987,0,255,133.32,32.8831,54.5,87.5,130.5,194.5,243.5,2,192,0,255,27.5,42.5,54.5,-38.4382,38.3521,-34.625,34.625,3.12471,31806,2428,100,776
1706673351020198027,23826,23826,8853,14973,0,0,0,15,0.000629564,0,255,133.955,34.2493,50.5,86.5,130.5,199.5,253.5,13,232,0,167,28.5,43.5,56.5,-38.3869,38.4033,-34.625,34.625,3.04042,31828,2378,100,781
1706673351120037468,23829,23829,8844,14985,0,0,0,15,0.000629485,0,255,133.769,33.9589,48.5,86.5,131.5,198.5,255.5,28,255,0,255,28.5,45.5,57.5,-38.3603,38.4292,-34.625,34.625,3.00124,31846,2224,100,704
1706673351219882960,23807,23807,8959,14848,0,0,0,17,0.000714076,0,255,134.043,32.6783,54.5,85.5,131.5,195.5,240.5,1,154,0,255,28.5,44.5,56.5,-38.4666,38.3045,-34.625,34.625,3.02499,31876,2181,100,600
1706673351319714829,23791,23791,8991,14800,0,0,0,13,0.000546425,0,255,133.666,31.7701,50.5,87.5,131.5,193.5,237.5,3,132,0,255,27.5,42.5,54.5,-38.257,38.4812,-34.125,34.625,2.94426,31899,2255,100,743
1706673351419563829,23826,23826,9104,14722,0,0,0,17,0.000713506,0,255,133.107,33.8138,51.5,84.5,130.5,197.5,255.5,9,253,0,159,27.5,42.5,55.5,-38.4945,38.2272,-34.125,34.125,3.11047,31924,2312,100,731
1706673351520200756,23769,23769,9020,14749,0,0,0,0,0,3.87935,255,132.318,31.0454,52.5,90.5,129.5,188.5,249.5,0,205,0,255,26.5,40.5,53.5,-37.9366,38.5022,-33.875,34.125,2.968,31951,2669,100,737
1706673351620039684,23699,23699,9073,14626,0,0,0,10,0.000421959,0,255,132.047,31.3295,48.5,92.5,129.5,190.5,245.5,3,209,0,227,26.5,40.5,53.5,-38.1677,38.0306,-34.125,34.125,3.24106,31984,2611,100,718
1706673351719871947,23796,23796,9072,14724,0,0,0,17,0.000714406,0,255,132.369,30.6719,50.5,88.5,130.5,186.5,243.5,5,159,0,255,27.5,40.5,53.5,-38.5138,38.0789,-34.375,34.125,3.11996,32012,2317,100,856
1706673351819706274,23862,23862,9063,14799,0,0,0,9,0.000377169,0,255,133.903,32.0546,51.5,89.5,130.5,190.5,255.5,3,255,0,255,27.5,41.5,56.5,-38.1227,38.511,-34.625,34.125,3.16033,32024,2114,100,643
1706673351919536479,23882,23882,8976,14906,0,0,0,17,0.000711833,4.38349,255,134.978,32.5055,57.5,88.5,132.5,195.5,250.5,0,232,1,255,28.5,43.5,58.5,-38.4968,38.1744,-34.125,34.375,3.13302,32038,1954,100,571
1706673352020169152,23854,23854,8967,14887,0,0,0,12,0.00050306,0,255,134.669,33.4555,57.5,83.5,132.5,196.5,253.5,3,232,0,255,28.5,45.5,60.5,-38.2269,38.49,-34.125,34.625,2.91576,32043,1792,100,446
1706673352120010480,23853,23853,9022,14831,0,0,0,17,0.000712699,6.00845,255,135.051,34.7445,61.5,85.5,131.5,199.5,255.5,0,373,0,255,29.5,48.5,66.5,-38.4717,38.2825,-34.625,34.625,3.04398,32048,1661,100,485
1706673352219852938,23932,23932,8851,15081,0,0,0,15,0.000626776,0,255,134.889,34.5639,59.5,82.5,131.5,198.5,255.5,8,245,0,255,29.5,48.5,66.5,-38.3375,38.4421,-34.375,34.625,3.0606,32055,1681,100,422
1706673352319686162,23964,23964,8862,15102,0,0,0,16,0.000667668,0,255,135.06,34.9468,59.5,84.5,132.5,202.5,255.5,5,241,0,255,29.5,47.5,64.5,-38.4072,38.3807,-34.625,34.375,2.97394,32056,1598,100,480
1706673352419533640,23871,23871,8861,15010,0,0,0,15,0.000628378,0,255,134.776,34.9062,70.5,83.5,131.5,201.5,255.5,2,240,0,255,29.5,48.5,66.5,-38.4132,38.3824,-34.625,34.625,3.00362,32062,1531,100,414
1706673352520177279,23854,23854,8967,14887,0,0,0,14,0.000586904,0,255,134.31,35.5564,62.5,79.5,132.5,199.5,255.5,8,245,0,255,29.5,48.5,68.5,-38.3345,38.455,-34.125,34.625,3.02142,32071,1548,100,421
1706673352620017905,23858,23858,9072,14786,0,0,0,17,0.000712549,0,255,134.105,34.9977,64.5,79.5,132.5,199.5,242.5,5,137,0,182,29.5,47.5,63.5,-38.4733,38.2747,-34.125,34.125,2.90745,32079,1549,100,408
1706673352719868923,23865,23865,9095,14770,0,0,0,0,0,0,255,133.399,35.5916,64.5,81.5,130.5,200.5,255.5,2,261,0,238,29.5,48.5,68.5,-37.8915,38.5027,-33.875,34.125,3.48443,32087,1563,100,398
1706673352819716642,23931,23931,9023,14908,0,0,0,11,0.000459655,0,255,134.367,36.2262,64.5,82.5,131.5,199.5,255.5,8,293,0,176,29.5,50.5,71.5,-38.201,37.959,-33.875,33.875,2.9775,32089,1626,100,435
1706673352919547454,23943,23943,9000,14943,0,0,0,15,0.000626488,0,255,134.221,35.8906,63.5,82.5,130.5,200.5,255.5,10,300,0,150,29.5,50.5,68.5,-38.5038,38.1567,-34.125,33.875,2.99174,32091,1626,100,390
1706673353020190442,23845,23845,9046,14799,0,0,0,11,0.000461313,0,255,134.459,35.2538,63.5,82.5,131.5,199.5,255.5,2,266,0,157,29.5,50.5,71.5,-38.0867,38.5097,-34.875,34.125,2.81366,32094,1523,100,398
1706673353120038801,23928,23928,9017,14911,0,0,0,18,0.000752257,5.41166,255,134.333,34.1184,64.5,84.5,131.5,196.5,254.5,0,236,0,150,29.5,48.5,63.5,-38.5089,38.1065,-34.125,34.375,2.91814,32094,1678,100,511
1706673353219875232,23922,23922,8939,14983,0,0,0,9,0.000376223,0,255,134.784,34.125,58.5,81.5,133.5,196.5,253.5,2,237,0,150,29.5,46.5,60.5,-38.1494,38.501,-34.375,34.625,2.89439,32104,1775,100,588
1706673353319732598,23871,23871,8910,14961,0,0,0,17,0.000712161,0,255,134.574,33.0269,57.5,83.5,133.5,193.5,241.5,1,181,0,150,29.5,47.5,59.5,-38.492,38.2135,-34.625,34.375,3.02499,32115,1790,100,580
1706673353419592350,23871,23871,8959,14912,0,0,0,13,0.000544594,0,255,134.536,33.3371,50.5,85.5,133.5,195.5,244.5,8,213,0,227,29.5,46.5,59.5,-38.2866,38.4713,-34.625,34.625,2.99056,32128,1892,100,716
1706673353519831360,23838,23838,8905,14933,0,0,0,16,0.000671197,0,255,134.202,33.4287,47.5,84.5,132.5,196.5,251.5,12,216,0,150,28.5,43.5,57.5,-38.4534,38.3317,-34.625,34.625,3.77648,32148,2151,100,811
1706673353619663943,23834,23834,8911,14923,0,0,0,14,0.000587396,0,255,134.112,32.9293,49.5,85.5,132.5,195.5,243.5,7,159,0,249,28.5,43.5,57.5,-38.3632,38.424,-34.625,34.625,3.38352,32170,2269,100,666
1706673353719510810,23831,23831,8963,14868,0,0,0,15,0.000629432,0,255,133.603,33.1799,50.5,84.5,131.5,193.5,245.5,2,192,0,150,28.5,43.5,56.5,-38.3779,38.4147,-34.125,34.625,3.2743,32190,2299,100,784
1706673353820154432,23829,23829,9062,14767,0,0,0,16,0.000671451,0,255,133.246,33.9416,44.5,81.5,131.5,195.5,247.5,17,181,0,255,28.5,43.5,55.5,-38.4446,38.3475,-34.125,34.125,3.13184,32201,2229,100,703
1706673353920003654,23852,23852,9137,14715,0,0,0,0,0,0,255,133.766,33.0066,50.5,84.5,131.5,192.5,250.5,21,228,0,232,28.5,44.5,57.5,-37.7097,38.4616,-33.875,34.125,3.1722,32220,2154,100,709
1706673354019838980,23853,23853,9071,14782,0,0,0,13,0.000545005,0,255,134.243,33.2025,52.5,83.5,132.5,195.5,244.5,4,184,0,253,29.5,45.5,57.5,-38.3102,37.8086,-34.125,33.875,3.2185,32229,2027,100,717
1706673354119664592,23885,23885,8998,14887,0,0,0,17,0.000711744,0,255,133.864,33.7536,48.5,81.5,132.5,192.5,247.5,6,195,0,150,29.5,45.5,57.5,-38.4869,38.2524,-34.125,34.125,3.22206,32244,1974,100,675
1706673354219500591,23882,23882,8973,14909,0,0,0,11,0.000460598,0,255,134.136,32.7728,49.5,84.5,132.5,193.5,247.5,6,175,0,255,28.5,44.5,55.5,-38.1909,38.4955,-34.375,34.125,3.29329,32255,2145,100,706
1706673354320136198,23850,23850,8983,14867,0,0,0,17,0.000712788,0,255,134.091,33.5706,50.5,82.5,132.5,194.5,245.5,5,191,0,157,28.5,44.5,57.5,-38.5075,38.1122,-34.625,34.375,3.21731,32275,2087,100,653
1706673354419980549,23851,23851,9059,14792,0,0,0,11,0.000461197,0,255,132.698,33.2046,49.5,82.5,131.5,191.5,242.5,2,164,0,157,27.5,42.5,53.5,-38.0624,38.5121,-34.375,34.625,3.18288,32305,2398,100,789
1706673354519816033,23690,23690,8932,14758,0,0,0,17,0.000717602,0,255,132.67,33.3618,45.5,82.5,130.5,193.5,238.5,3,123,0,192,26.5,42.5,52.5,-38.501,38.1109,-34.625,34.375,3.20069,32361,2574,100,702
1706673354619670903,23727,23727,8954,14773,0,0,0,10,0.000421461,0,255,132.471,33.4829,44.5,85.5,130.5,195.5,251.5,23,231,0,255,27.5,42.5,52.5,-38.1672,38.502,-34.375,34.625,2.94663,32423,2633,100,801
1706673354719520850,23797,23797,8937,14860,0,0,0,17,0.000714376,0,255,132.891,33.4711,48.5,82.5,131.5,194.5,248.5,13,186,0,255,27.5,43.5,55.5,-38.4992,38.2396,-34.625,34.625,3.07366,32448,2186,100,750
1706673354820150709,23861,23861,8922,14939,0,0,0,13,0.000544822,0,255,133.794,33.4382,49.5,83.5,132.5,193.5,243.5,3,186,0,150,29.5,46.5,59.5,-38.2739,38.4732,-34.625,34.625,2.86828,32463,2045,100,645
1706673354919987570,23891,23891,8982,14909,0,0,0,16,0.000669708,0,255,133.623,33.8963,47.5,83.5,132.5,193.5,232.5,1,142,0,172,29.5,49.5,62.5,-38.4456,38.3436,-34.125,34.625,3.05229,32467,1795,100,579
1706673355019824158,23917,23917,8997,14920,0,0,0,15,0.000627169,0,255,132.944,34.1999,45.5,81.5,131.5,192.5,233.5,5,135,0,188,29.5,53.5,66.5,-38.381,38.4091,-34.125,34.125,2.9585,32475,1570,100,547
1706673355119665942,23873,23873,9113,14760,0,0,0,0,0,0,255,133.826,34.2884,53.5,85.5,130.5,194.5,247.5,3,219,0,153,29.5,54.5,67.5,-37.5834,38.4294,-33.625,34.125,3.1164,32480,1412,100,520
1706673355219499739,23910,23910,9106,14804,0,0,0,15,0.000627353,0,255,133.862,33.9527,51.5,83.5,131.5,192.5,242.5,2,198,0,150,29.5,53.5,67.5,-38.3747,37.6581,-34.125,33.625,2.9312,32488,1593,100,475
1706673355320144485,23865,23865,9041,14824,0,0,0,17,0.00071234,0,255,134.429,32.8665,53.5,84.5,132.5,193.5,230.5,3,122,0,150,29.5,49.5,62.5,-38.4466,38.3375,-34.125,34.125,2.95376,32490,1682,100,520
1706673355419988673,23859,23859,8969,14890,0,0,0,13,0.000544868,0,255,134.801,32.9229,59.5,85.5,133.5,194.5,238.5,8,156,0,156,29.5,46.5,60.5,-38.2953,38.4661,-34.625,34.125,2.80417,32501,1946,100,574
1706673355519827110,23879,23879,8891,14988,0,0,0,17,0.000711923,0,255,134.869,33.4178,50.5,84.5,133.5,194.5,246.5,6,166,0,255,29.5,46.5,60.5,-38.4932,38.217,-34.625,34.375,3.00006,32519,2051,100,603
1706673355619680331,23917,23917,8914,15003,0,0,0,10,0.000418113,0,255,134.955,32.4824,57.5,85.5,133.5,192.5,231.5,4,141,0,255,29.5,47.5,60.5,-38.1506,38.504,-34.375,34.625,2.9217,32526,1888,100,574
1706673355719530549,23913,23913,8940,14973,0,0,0,17,0.00071091,0,255,134.409,31.9502,55.5,86.5,132.5,191.5,230.5,1,140,0,179,29.5,50.5,64.5,-38.5062,38.1158,-34.625,34.375,3.09503,32529,1836,100,499
1706673355820175241,23925,23925,8981,14944,0,0,0,12,0.000501567,0,255,134.819,34.7149,57.5,86.5,130.5,198.5,255.5,2,266,0,150,29.5,54.5,70.5,-38.0821,38.5138,-34.375,34.625,2.82791,32536,1701,100,426
1706673355920015053,23917,23917,8928,14989,0,0,0,17,0.000710791,0,255,134.321,36.1015,57.5,84.5,130.5,199.5,255.5,2,306,0,150,30.5,58.5,75.5,-38.5042,38.168,-34.625,34.375,2.92645,32540,1348,100,409
1706673356019860496,23920,23920,8961,14959,0,0,0,12,0.000501672,0,255,135.227,36.8473,55.5,84.5,130.5,201.5,255.5,14,270,0,150,30.5,58.5,74.5,-38.2381,38.4836,-34.375,34.625,2.84809,32551,1194,100,469
1706673356119696122,23871,23871,8980,14891,0,0,0,16,0.000670269,14.0302,255,134.092,34.804,53.5,85.5,130.5,197.5,251.5,0,232,0,176,29.5,52.5,66.5,-38.4743,38.2861,-34.125,34.625,2.95732,32564,1536,100,484
1706673356219534027,23897,23897,9058,14839,0,0,0,14,0.000585848,0,255,134.59,32.6593,60.5,86.5,132.5,194.5,244.5,5,212,0,255,29.5,46.5,59.5,-38.3229,38.4513,-34.125,34.125,3.01311,32573,1683,100,537
1706673356320182819,23882,23882,9110,14772,0,0,0,0,0,0,255,133.551,31.6925,58.5,89.5,130.5,193.5,247.5,1,218,0,255,27.5,42.5,55.5,-37.6861,38.363,-33.625,34.125,2.89796,32590,2152,100,773
1706673356420031581,23768,23768,9103,14665,0,0,0,16,0.000673174,0,255,133.477,31.2896,52.5,90.5,131.5,189.5,244.5,11,192,0,255,27.5,40.5,54.5,-38.4269,37.5969,-34.125,33.625,3.05348,32610,2148,100,903
1706673356519865093,23853,23853,9054,14799,0,0,0,16,0.000670775,0,255,133.1,30.8198,55.5,91.5,131.5,188.5,237.5,3,147,0,255,27.5,40.5,53.5,-38.401,38.3909,-34.125,34.125,3.08553,32671,2161,100,798
1706673356619699065,23818,23818,8992,14826,0,0,0,14,0.000587791,4.29472,255,132.316,31.7731,45.5,90.5,130.5,190.5,244.5,0,194,0,255,26.5,39.5,52.5,-38.3604,38.4392,-34.625,34.125,3.09741,32719,2099,100,856
1706673356719531722,23803,23803,8970,14833,0,0,0,17,0.000714196,0,255,133.291,32.8963,55.5,89.5,130.5,193.5,255.5,22,291,0,255,26.5,41.5,53.5,-38.4507,38.3248,-34.625,34.625,3.19594,32740,2260,100,913
1706673356820186319,23881,23881,8889,14992,0,0,0,13,0.000544366,0,255,134.233,33.5692,51.5,84.5,132.5,194.5,240.5,8,174,0,255,28.5,44.5,56.5,-38.2599,38.4835,-34.625,34.625,2.98225,32765,1955,100,676
1706673356920030077,23891,23891,8914,14977,0,0,0,17,0.000711565,0,255,134.871,33.4459,53.5,83.5,134.5,194.5,241.5,1,192,0,255,29.5,45.5,56.5,-38.4956,38.2054,-34.625,34.375,3.26361,32779,1740,100,609
1706673357019867335,23892,23892,8981,14911,0,0,0,9,0.000376695,0,255,133.753,33.8788,48.5,82.5,132.5,192.5,241.5,1,171,0,163,29.5,47.5,59.5,-38.1547,38.5051,-34.375,34.625,2.61659,32788,1793,100,600
1706673357119710004,23931,23931,8955,14976,0,0,0,18,0.000752162,0,255,134.287,33.9189,47.5,83.5,132.5,195.5,253.5,3,217,0,203,29.5,46.5,59.5,-38.5055,38.0967,-34.625,34.375,2.8291,32797,1810,100,636
1706673357219537106,23851,23851,9046,14805,0,0,0,12,0.000503124,0,255,134.127,32.1274,49.5,86.5,133.5,192.5,235.5,7,146,0,151,27.5,44.5,56.5,-38.1005,38.5051,-34.375,34.125,2.77449,32807,2044,100,768
1706673357320169226,23743,23743,9014,14729,0,0,0,18,0.000758118,0,255,132.753,34.4761,44.5,83.5,130.5,196.5,255.5,2,278,0,255,26.5,42.5,54.5,-38.5051,38.1625,-34.125,34.625,2.78873,32845,2337,100,888
1706673357420006314,23699,23699,9010,14689,0,0,0,12,0.00050635,0,255,132.285,33.6378,41.5,84.5,130.5,191.5,249.5,10,174,0,255,26.5,41.5,53.5,-38.2264,38.4917,-34.125,34.125,2.92408,32880,2487,100,906
1706673357519847481,23821,23821,9017,14804,0,0,0,0,0,0,255,132.22,32.5014,50.5,87.5,130.5,190.5,245.5,5,193,0,255,26.5,41.5,55.5,-37.8522,38.2676,-33.875,33.875,2.96088,32915,2346,100,1017
1706673357619682575,23904,23904,9107,14797,0,0,0,16,0.000669344,0,255,132.872,32.9344,51.5,86.5,130.5,193.5,245.5,7,179,0,255,27.5,42.5,55.5,-38.479,37.7951,-34.125,33.875,3.15202,32931,2080,100,952
1706673357719522814,23897,23897,9090,14807,0,0,0,14,0.000585848,0,255,133.637,33.8139,61.5,87.5,131.5,197.5,255.5,6,272,0,255,27.5,42.5,56.5,-38.3379,38.4413,-34.375,34.125,3.11284,32957,1909,100,922
1706673357820165168,23703,23703,8960,14743,0,0,0,16,0.00067502,0,255,133.061,33.0962,55.5,88.5,130.5,196.5,248.5,2,200,0,255,27.5,42.5,57.5,-38.4019,38.393,-34.625,34.125,2.92645,32985,2036,100,934
1706673357920008310,23925,23925,8873,15052,0,0,0,15,0.000626959,0,255,133.76,32.5179,64.5,87.5,132.5,192.5,255.5,3,251,0,192,28.5,41.5,56.5,-38.4177,38.3696,-34.625,34.625,3.14015,32996,1942,100,870
1706673358019836363,23909,23909,8917,14992,0,0,0,14,0.000585554,0,255,134.054,32.6062,66.5,86.5,132.5,193.5,245.5,5,214,0,255,28.5,44.5,60.5,-38.3266,38.4476,-34.375,34.625,3.02974,33003,1865,100,792
1706673358119671507,23874,23874,8860,15014,0,0,0,16,0.000670185,0,255,134.443,32.1543,64.5,88.5,133.5,192.5,239.5,3,161,0,164,28.5,45.5,57.5,-38.4716,38.2842,-34.625,34.625,3.06773,33033,1771,100,582
1706673358219532666,23863,23863,8963,14900,0,0,0,12,0.000502871,0,255,135.178,30.8045,69.5,89.5,134.5,186.5,239.5,12,155,0,150,28.5,46.5,59.5,-38.2562,38.4858,-34.375,34.625,3.01074,33040,1682,100,486
1706673358320166391,23862,23862,8917,14945,0,0,0,17,0.00071243,0,255,135.107,32.6297,67.5,87.5,133.5,193.5,244.5,4,172,0,255,28.5,45.5,58.5,-38.4959,38.1964,-34.625,34.125,3.06535,33050,1840,100,556
1706673358419994252,23913,23913,9013,14900,0,0,0,9,0.000376364,0,255,134.182,33.1053,61.5,88.5,131.5,196.5,254.5,5,226,0,255,28.5,43.5,56.5,-38.1142,38.507,-34.375,34.125,3.06535,33067,1860,100,727
1706673358519818155,23805,23805,9049,14756,0,0,0,17,0.000714136,0,255,133.576,32.1131,58.5,86.5,131.5,191.5,238.5,5,175,0,255,28.5,41.5,55.5,-38.5125,38.085,-34.125,34.375,3.1259,33085,2086,100,798
1706673358619646451,23890,23890,9080,14810,0,0,0,9,0.000376727,0,255,134.305,33.9681,56.5,85.5,131.5,196.5,255.5,3,255,0,255,28.5,44.5,58.5,-38.1688,38.5049,-34.125,34.625,3.08197,33102,1988,100,713
1706673358719890455,23892,23892,9023,14869,0,0,0,0,0,0,255,133.9,32.8423,55.5,86.5,131.5,194.5,237.5,4,155,0,255,28.5,46.5,57.5,-37.9321,38.2109,-33.875,33.875,3.1164,33111,1872,100,653
1706673358819715775,23917,23917,8992,14925,0,0,0,17,0.000710791,0,255,133.91,32.2989,59.5,87.5,131.5,194.5,238.5,3,170,0,255,28.5,48.5,60.5,-38.488,37.875,-34.125,33.875,3.09266,33122,1842,100,623
1706673358919556239,23906,23906,9108,14798,0,0,0,12,0.000501966,4.19518,255,133.801,33.3977,49.5,83.5,132.5,192.5,235.5,0,162,0,163,29.5,48.5,62.5,-38.2397,38.4909,-34.125,34.125,2.98581,33129,1816,100,609
1706673359020197599,23870,23870,9001,14869,0,0,0,17,0.000712191,0,255,134.428,33.966,49.5,85.5,132.5,195.5,242.5,8,172,0,207,29.5,50.5,63.5,-38.4736,38.2788,-34.625,34.125,2.89083,33142,1765,100,587
1706673359120049215,23903,23903,8952,14951,0,0,0,14,0.000585701,0,255,133.996,34.5801,49.5,83.5,131.5,198.5,243.5,3,182,0,219,28.5,48.5,60.5,-38.3277,38.4518,-34.625,34.625,2.95494,33151,1841,100,615
1706673359219881004,23849,23849,8825,15024,0,0,0,16,0.000670888,0,255,135.113,35.4658,49.5,83.5,132.5,200.5,255.5,11,266,0,150,27.5,45.5,57.5,-38.4099,38.3836,-34.625,34.625,2.9122,33170,2221,100,853
1706673359319735877,23838,23838,8855,14983,0,0,0,16,0.000671197,0,255,132.635,35.3251,45.5,80.5,129.5,198.5,249.5,5,188,0,255,27.5,45.5,57.5,-38.4176,38.3749,-34.625,34.625,2.9407,33195,2198,100,911
1706673359419563628,23862,23862,8976,14886,0,0,0,14,0.000586707,0,255,132.737,33.1911,48.5,83.5,130.5,192.5,239.5,2,163,0,255,27.5,46.5,57.5,-38.3151,38.4592,-34.625,34.625,3.0606,33214,2199,100,873
1706673359520195540,23861,23861,9035,14826,0,0,0,17,0.00071246,0,255,133.729,34.0967,46.5,83.5,131.5,195.5,234.5,2,175,0,173,27.5,46.5,57.5,-38.4778,38.2762,-34.625,34.125,2.70682,33235,2132,100,774
1706673359620037523,23876,23876,8986,14890,0,0,0,12,0.000502597,0,255,134.418,35.0773,45.5,80.5,132.5,195.5,250.5,3,227,0,255,28.5,48.5,59.5,-38.2091,38.4969,-34.125,34.125,2.80654,33246,2062,100,751
1706673359719876580,23862,23862,9022,14840,0,0,0,18,0.000754337,0,255,134.534,33.9174,48.5,84.5,131.5,195.5,247.5,12,211,0,255,27.5,46.5,58.5,-38.5025,37.971,-34.125,33.875,2.86946,33265,1957,100,635
1706673359819711549,23778,23778,9120,14658,0,0,0,5,0.000210278,0,255,132.795,34.8464,44.5,79.5,130.5,193.5,247.5,5,204,0,255,26.5,44.5,56.5,-38.0392,38.5146,-34.125,34.625,2.87065,33295,2350,100,749
1706673359919542454,23709,23709,9124,14585,0,0,0,7,0.000295247,0,255,132.092,33.451,46.5,85.5,129.5,192.5,253.5,11,232,0,255,25.5,42.5,53.5,-38.0772,38.4839,-34.125,34.625,2.97869,33354,2582,100,765
1706673360020193564,23480,23480,9039,14441,0,0,0,17,0.00072402,0,255,131.451,33.2071,44.5,86.5,129.5,188.5,255.5,11,260,0,240,25.5,42.5,54.5,-38.5019,37.9835,-34.125,34.125,2.96681,33416,2566,100,687
1706673360120033839,23820,23820,9042,14778,0,0,0,10,0.000419815,0,255,134.895,32.6694,48.5,87.5,133.5,190.5,243.5,14,174,0,157,27.5,43.5,55.5,-38.1805,38.503,-34.125,34.125,3.20188,33442,2187,100,591
1706673360219878280,23914,23914,9055,14859,0,0,0,17,0.000710881,0,255,134.944,33.9861,45.5,84.5,133.5,192.5,251.5,9,218,0,157,28.5,45.5,56.5,-38.4904,38.2372,-34.625,34.125,3.2648,33454,1869,100,564
1706673360319717934,23909,23909,8924,14985,0,0,0,13,0.000543728,4.43557,255,134.313,33.2429,49.5,84.5,132.5,189.5,248.5,0,222,0,150,28.5,46.5,60.5,-38.2889,38.4684,-34.625,34.625,3.16033,33466,1738,100,566
1706673360419544486,23840,23840,8900,14940,0,0,0,16,0.000671141,0,255,135.639,33.1045,49.5,86.5,134.5,190.5,233.5,7,146,0,156,28.5,45.5,56.5,-38.4535,38.3264,-34.625,34.625,3.01787,33486,1982,100,655
1706673360520182968,23853,23853,8829,15024,0,0,0,16,0.000670775,0,255,134.095,33.706,46.5,86.5,132.5,192.5,245.5,2,178,0,161,27.5,43.5,54.5,-38.3937,38.3955,-34.625,34.625,3.11047,33515,2049,100,703
1706673360620018804,23840,23840,8888,14952,0,0,0,15,0.000629195,0,255,133.732,32.8875,58.5,87.5,131.5,190.5,249.5,1,204,0,158,27.5,42.5,54.5,-38.3522,38.4274,-34.625,34.625,3.09978,33530,2060,100,683
1706673360719862885,23857,23857,9035,14822,0,0,0,16,0.000670663,0,255,134.101,33.136,50.5,85.5,132.5,190.5,240.5,2,193,0,150,27.5,42.5,54.5,-38.455,38.3275,-34.625,34.375,3.13659,33548,2058,100,679
1706673360819704647,23909,23909,9102,14807,0,0,0,12,0.000501903,4.67344,255,134.901,32.7978,58.5,87.5,132.5,190.5,241.5,0,204,0,183,28.5,43.5,55.5,-38.2689,38.4819,-34.125,34.125,3.16152,33562,1886,100,598
1706673360919548937,23901,23901,8991,14910,0,0,0,17,0.000711267,0,255,133.649,32.18,62.5,87.5,130.5,188.5,237.5,4,167,0,169,28.5,44.5,55.5,-38.4902,37.8581,-34.125,33.875,3.48918,33573,1651,100,551
1706673361020181525,23863,23863,9019,14844,0,0,0,0,0,0,255,132.501,34.7256,57.5,84.5,129.5,191.5,255.5,3,263,0,171,27.5,48.5,61.5,-37.9111,38.2373,-33.875,34.125,2.93357,33584,1395,100,488
1706673361120022101,23883,23883,9027,14856,0,0,0,11,0.000460579,5.83758,255,134.934,35.5076,62.5,85.5,131.5,195.5,255.5,0,288,0,164,29.5,51.5,68.5,-38.2058,38.5029,-33.875,35.125,2.98344,33595,1302,100,563
1706673361219872978,23855,23855,9018,14837,0,0,0,17,0.000712639,0,255,133.793,35.2656,60.5,84.5,131.5,194.5,246.5,3,214,0,255,29.5,51.5,70.5,-38.5037,38.132,-34.125,34.125,3.50462,33600,1226,100,525
1706673361319712751,23904,23904,9012,14892,0,0,0,13,0.000543842,0,255,133.797,34.9928,69.5,85.5,129.5,193.5,255.5,3,314,0,186,28.5,50.5,65.5,-38.062,38.511,-34.375,34.125,2.76499,33609,1334,100,474
1706673361419543980,23935,23935,8957,14978,0,0,0,18,0.000752037,0,255,132.623,33.0188,64.5,86.5,129.5,188.5,255.5,2,263,0,210,28.5,49.5,62.5,-38.5045,38.1492,-34.625,34.375,2.83622,33621,1540,100,466
1706673361520179668,23920,23920,8896,15024,0,0,0,11,0.000459866,0,255,132.944,31.9625,58.5,86.5,130.5,187.5,244.5,15,208,0,150,28.5,47.5,63.5,-38.1931,38.5064,-34.375,34.625,2.96207,33629,1635,100,587
1706673361620016014,23889,23889,8836,15053,0,0,0,17,0.000711625,0,255,133.493,31.6875,62.5,86.5,131.5,185.5,255.5,1,243,0,151,28.5,47.5,62.5,-38.49,38.2317,-34.625,34.375,2.88371,33642,1745,100,498
1706673361719860676,23877,23877,8889,14988,0,0,0,13,0.000544457,6.31483,255,135.271,31.4856,62.5,88.5,134.5,186.5,245.5,0,175,0,196,28.5,45.5,57.5,-38.3022,38.4646,-34.625,34.625,2.7828,33654,1802,100,651
1706673361819707751,23901,23901,8903,14998,0,0,0,16,0.000669428,0,255,134.416,31.4275,63.5,88.5,132.5,189.5,255.5,11,242,0,150,28.5,43.5,56.5,-38.4247,38.3628,-34.625,34.375,2.83029,33670,1864,100,558
1706673361919530433,23907,23907,8986,14921,0,0,0,15,0.000627431,0,255,133.575,32.032,61.5,89.5,130.5,189.5,252.5,7,210,0,255,27.5,41.5,53.5,-38.3851,38.4105,-34.375,34.125,2.78873,33691,1908,100,756
1706673362020180583,23848,23848,9119,14729,0,0,0,15,0.000628984,4.69016,255,133.508,31.6677,61.5,89.5,130.5,193.5,244.5,0,197,0,255,27.5,40.5,54.5,-38.3645,38.4289,-34.125,34.125,2.70207,33703,1901,100,735
1706673362120016760,23859,23859,9076,14783,0,0,0,17,0.000712519,0,255,133.643,31.4178,65.5,87.5,132.5,189.5,238.5,5,172,0,243,28.5,40.5,54.5,-38.4545,37.7033,-34.125,33.875,2.84335,33713,1919,100,699
1706673362219865709,23936,23936,9064,14872,0,0,0,0,0,0,255,133.922,32.1415,62.5,87.5,132.5,193.5,241.5,3,164,0,255,28.5,42.5,56.5,-37.7807,38.3186,-33.875,34.125,2.96444,33720,1774,100,632
1706673362319711717,23859,23859,8998,14861,0,0,0,13,0.000544868,0,255,134.628,35.1666,64.5,85.5,131.5,200.5,255.5,6,294,0,230,28.5,49.5,67.5,-38.2676,38.4788,-33.875,34.125,2.91339,33735,1431,100,501
1706673362419540346,23854,23854,8996,14858,0,0,0,17,0.000712669,5.39059,255,133.684,34.448,61.5,84.5,130.5,197.5,246.5,0,209,0,150,29.5,53.5,72.5,-38.4974,38.217,-34.125,34.875,2.93832,33747,1343,100,494
1706673362520181672,23899,23899,8970,14929,0,0,0,10,0.000418428,0,255,134.834,36.2316,63.5,84.5,129.5,204.5,255.5,4,340,0,150,28.5,50.5,73.5,-38.1484,38.5085,-34.375,34.125,2.88252,33757,1564,100,453
1706673362620015925,23943,23943,8929,15014,0,0,0,17,0.00071002,4.80696,255,134.542,33.0672,63.5,85.5,132.5,194.5,237.5,0,174,1,255,28.5,45.5,58.5,-38.5065,38.0993,-34.625,34.375,2.98344,33766,1642,100,557
1706673362719854697,23835,23835,9072,14763,0,0,0,14,0.000587372,4.40912,255,134.074,33.7945,54.5,84.5,131.5,197.5,254.5,0,222,0,255,27.5,42.5,55.5,-38.0899,38.5127,-34.625,34.625,2.94544,33779,1878,100,841
1706673362819696814,23983,23983,8924,15059,0,0,0,17,0.000708835,0,255,132.982,30.7072,56.5,92.5,130.5,186.5,232.5,3,170,0,255,26.5,40.5,53.5,-38.5064,38.1421,-34.625,34.375,3.00243,33785,2292,100,852
1706673362919542722,23758,23758,8838,14920,0,0,0,11,0.000463002,0,255,133.352,32.7041,50.5,88.5,130.5,191.5,250.5,9,217,0,198,26.5,41.5,52.5,-38.2099,38.4933,-34.625,34.625,2.91458,33815,2190,100,777
1706673363020189052,23856,23856,8898,14958,0,0,0,16,0.000670691,0,255,135.457,34.1214,58.5,86.5,132.5,194.5,252.5,4,225,0,164,27.5,43.5,54.5,-38.4781,38.283,-34.625,34.625,2.97869,33828,1939,100,685
1706673363120018348,23927,23927,9026,14901,0,0,0,14,0.000585113,0,255,134.763,33.3916,65.5,87.5,132.5,191.5,248.5,8,210,0,190,28.5,44.5,58.5,-38.3271,38.4553,-34.625,34.125,2.91576,33834,1792,100,670
1706673363219839826,23864,23864,9058,14806,0,0,0,16,0.000670466,5.59316,255,134.551,32.6144,57.5,86.5,133.5,190.5,228.5,0,140,0,255,28.5,44.5,56.5,-38.425,38.3649,-34.125,34.125,2.73412,33848,1711,100,694
1706673363319673897,23925,23925,9123,14802,0,0,0,15,0.000626959,0,255,134.599,32.7127,66.5,87.5,132.5,191.5,239.5,1,165,0,150,28.5,45.5,56.5,-38.3928,37.5939,-34.125,33.625,3.07129,33862,1733,100,618
1706673363419500301,23885,23885,9057,14828,0,0,0,0,0,0,255,133.833,33.5233,63.5,86.5,130.5,192.5,241.5,12,185,0,150,28.5,46.5,59.5,-37.6021,38.398,-33.625,34.125,3.09028,33868,1617,100,577
1706673363520145534,23938,23938,9048,14890,0,0,0,14,0.000584844,0,255,133.891,33.5736,66.5,85.5,130.5,193.5,237.5,12,120,0,150,28.5,48.5,60.5,-38.3648,38.4272,-34.125,34.125,3.10216,33879,1586,100,574
1706673363619987040,23870,23870,8996,14874,0,0,0,17,0.000712191,0,255,133.713,34.7134,69.5,85.5,130.5,196.5,249.5,2,230,0,150,28.5,48.5,62.5,-38.4613,38.2984,-34.125,34.625,3.04992,33884,1383,100,450
1706673363719833507,23923,23923,8965,14958,0,0,0,13,0.00054341,0,255,133.658,34.2804,67.5,85.5,130.5,196.5,239.5,15,111,0,155,28.5,48.5,61.5,-38.2636,38.4755,-34.625,34.625,2.92882,33889,1449,100,375
1706673363819680810,23940,23940,8936,15004,0,0,0,17,0.000710109,5.73441,255,134.149,33.7826,67.5,85.5,130.5,196.5,235.5,0,131,0,154,28.5,48.5,62.5,-38.4955,38.2182,-34.625,34.375,2.98937,33900,1562,100,501
1706673363919531227,23874,23874,8923,14951,0,0,0,9,0.000376979,4.78784,255,135.374,34.103,67.5,87.5,131.5,198.5,255.5,0,288,0,255,28.5,46.5,59.5,-38.1403,38.5084,-34.375,34.625,3.04279,33912,1591,100,541
1706673364020163892,23868,23868,8983,14885,0,0,0,17,0.000712251,0,255,135.118,33.4559,60.5,85.5,133.5,196.5,247.5,7,188,0,255,28.5,46.5,58.5,-38.5121,38.0716,-34.625,34.375,2.99768,33924,1770,100,710
1706673364120000077,23897,23897,8932,14965,0,0,0,9,0.000376616,0,255,135.075,32.735,64.5,86.5,132.5,195.5,242.5,4,175,0,255,28.5,45.5,56.5,-38.1392,38.5081,-34.375,34.625,3.08197,33934,1710,100,700
1706673364219843086,23886,23886,8902,14984,0,0,0,17,0.000711714,0,255,134.783,31.7233,65.5,87.5,132.5,192.5,236.5,10,150,0,255,28.5,44.5,56.5,-38.4925,38.2007,-34.625,34.375,3.04754,33953,1604,100,747
1706673364319688752,23871,23871,8956,14915,0,0,0,12,0.000502702,0,255,134.438,32.08,61.5,86.5,132.5,192.5,235.5,11,127,0,124,28.5,45.5,57.5,-38.2508,38.4889,-34.625,34.125,2.94544,33966,1668,100,712
1706673364419538051,23942,23942,9048,14894,0,0,0,16,0.000668282,0,255,134.103,30.869,66.5,88.5,132.5,189.5,230.5,3,129,0,255,28.5,44.5,55.5,-38.4624,38.2914,-34.125,34.125,2.92289,33974,1812,100,793
1706673364520178764,23856,23856,9115,14741,0,0,0,14,0.000586854,0,255,134.584,32.0993,64.5,88.5,132.5,193.5,246.5,3,177,0,255,28.5,44.5,55.5,-38.3385,37.7366,-34.125,33.875,2.90033,33986,1842,100,701
1706673364620029619,23872,23872,9126,14746,0,0,0,0,0,5.18983,255,134.924,31.4673,64.5,89.5,132.5,191.5,236.5,0,139,1,154,27.5,42.5,52.5,-37.6527,38.4471,-33.625,34.125,3.11284,34005,1946,100,657
1706673364719867745,23884,23884,8994,14890,0,0,0,16,0.000669905,0,255,134.187,31.4695,65.5,88.5,132.5,190.5,239.5,4,151,0,255,27.5,42.5,52.5,-38.4209,38.3793,-34.125,34.125,3.55448,34048,1893,100,794
1706673364819709233,23833,23833,8951,14882,0,0,0,16,0.000671338,0,255,134.429,31.7396,62.5,86.5,132.5,189.5,236.5,15,137,0,255,27.5,41.5,53.5,-38.4149,38.3719,-34.125,34.375,3.56991,34058,1784,100,846
1706673364919540400,23860,23860,8943,14917,0,0,0,14,0.000586756,0,255,133.979,31.9991,66.5,86.5,132.5,190.5,239.5,6,145,0,191,27.5,42.5,52.5,-38.3296,38.4454,-34.625,34.625,3.45832,34072,1792,100,754
1706673365020189262,23896,23896,8989,14907,0,0,0,16,0.000669568,0,255,134.013,33.5488,60.5,82.5,131.5,194.5,241.5,16,158,0,255,27.5,42.5,52.5,-38.4695,38.2781,-34.625,34.625,3.23037,34088,1836,100,668
1706673365120014701,23919,23919,8921,14998,0,0,0,12,0.000501693,0,255,134.707,32.1272,66.5,87.5,132.5,191.5,234.5,12,119,0,255,27.5,42.5,52.5,-38.2295,38.4933,-34.375,34.625,3.06535,34115,1761,100,713
1706673365219863893,23833,23833,8889,14944,0,0,0,18,0.000755255,4.83363,255,134.203,31.5284,66.5,87.5,131.5,192.5,232.5,0,102,0,255,27.5,41.5,51.5,-38.504,38.1746,-34.625,34.375,2.96681,34126,1864,100,714
1706673365319702514,23907,23907,9003,14904,0,0,0,10,0.000418288,0,255,133.686,32.1573,63.5,86.5,130.5,193.5,233.5,8,141,0,255,27.5,41.5,51.5,-38.1041,38.5124,-34.375,34.625,3.03686,34139,1990,100,747
1706673365419542544,23825,23825,8972,14853,0,0,0,18,0.000755509,0,255,134.47,32.0589,66.5,86.5,131.5,192.5,250.5,3,214,0,255,27.5,41.5,52.5,-38.508,38.0998,-34.625,34.375,3.09147,34163,1942,100,720
1706673365520190280,23844,23844,8987,14857,0,0,0,10,0.000419393,0,255,134.569,32.9508,61.5,86.5,131.5,193.5,243.5,4,177,0,150,27.5,42.5,54.5,-38.1581,38.5028,-34.375,34.125,3.19001,34191,2034,100,662
1706673365620021078,23834,23834,8998,14836,0,0,0,17,0.000713267,0,255,134.783,32.5942,58.5,88.5,131.5,192.5,241.5,22,178,0,255,27.5,42.5,52.5,-38.4946,38.2113,-34.125,33.875,3.37996,34211,1912,100,712
1706673365719857709,23882,23882,9113,14769,0,0,0,13,0.000544343,0,255,133.613,32.9217,52.5,86.5,131.5,191.5,245.5,18,179,0,255,27.5,42.5,51.5,-38.2748,37.8833,-34.125,33.875,3.05467,34239,1989,100,751
1706673365819692297,23869,23869,9161,14708,0,0,0,0,0,4.66506,255,133.957,32.3742,56.5,88.5,131.5,193.5,235.5,0,153,0,188,27.5,40.5,51.5,-37.7716,38.4774,-33.875,34.125,3.01193,34260,2055,100,816
1706673365919534211,23851,23851,9083,14768,0,0,0,16,0.000670831,0,255,132.929,31.9365,52.5,89.5,129.5,192.5,240.5,29,170,0,255,27.5,40.5,52.5,-38.4543,38.3169,-34.125,34.125,3.01786,34275,2094,100,991
1706673366020149045,23891,23891,8935,14956,0,0,0,15,0.000627851,0,255,133.637,31.8368,55.5,89.5,130.5,189.5,242.5,11,165,0,255,27.5,42.5,53.5,-38.3697,38.4232,-34.125,34.625,3.03567,34305,2093,100,1040
1706673366119990153,23855,23855,8885,14970,0,0,0,15,0.000628799,0,255,133.425,32.8389,55.5,89.5,129.5,194.5,243.5,8,183,0,255,27.5,41.5,53.5,-38.3887,38.4055,-34.625,34.625,3.14964,34343,1947,100,914
1706673366219835570,23744,23744,8876,14868,0,0,0,16,0.000673854,0,255,133.068,32.0926,50.5,90.5,129.5,192.5,242.5,14,176,0,255,26.5,41.5,51.5,-38.4405,38.35,-34.625,34.625,2.9407,34381,2054,100,984
1706673366319669519,23947,23947,9051,14896,0,0,0,13,0.000542865,0,255,133.118,31.5112,54.5,91.5,130.5,189.5,239.5,13,176,0,195,27.5,40.5,52.5,-38.3035,38.4691,-34.375,34.625,3.10928,34407,2242,100,873
1706673366419512946,23694,23694,8940,14754,0,0,0,17,0.000717481,0,255,133.206,32.747,50.5,90.5,129.5,194.5,241.5,16,159,0,255,26.5,41.5,52.5,-38.4808,38.256,-34.625,34.625,3.08079,34448,2089,100,896
1706673366520146715,23834,23834,8946,14888,0,0,0,11,0.000461526,0,255,133.526,32.6757,53.5,88.5,130.5,192.5,248.5,22,200,0,187,27.5,42.5,54.5,-38.2102,38.5001,-34.125,34.625,3.09384,34470,2066,100,761
1706673366619982851,23852,23852,8964,14888,0,0,0,18,0.000754654,0,255,133.95,32.7206,58.5,89.5,131.5,192.5,248.5,14,208,0,255,27.5,43.5,54.5,-38.5094,38.1359,-34.875,34.375,3.2743,34493,1915,100,661
1706673366719818600,23875,23875,9048,14827,0,0,0,12,0.000502618,0,255,133.48,32.5112,51.5,87.5,131.5,191.5,241.5,3,168,0,255,27.5,42.5,52.5,-38.0909,38.5145,-34.375,34.125,3.16033,34507,2017,100,757
1706673366819662859,23885,23885,9046,14839,0,0,0,17,0.000711744,0,255,133.531,32.3803,57.5,88.5,130.5,194.5,242.5,2,178,0,255,27.5,41.5,53.5,-38.51,38.1232,-34.125,34.125,3.21257,34524,2087,100,859
1706673366919506849,23845,23845,9029,14816,0,0,0,11,0.000461313,0,255,134.163,32.182,62.5,88.5,131.5,193.5,236.5,2,159,0,177,28.5,42.5,53.5,-38.1911,37.9881,-33.875,33.875,3.08554,34572,1872,100,722
1706673367020141078,23926,23926,9124,14802,0,0,0,0,0,0,255,134.344,32.1259,62.5,85.5,131.5,191.5,238.5,3,124,0,255,28.5,43.5,56.5,-37.9019,38.5004,-33.875,34.125,3.09028,34579,1854,100,660
1706673367119975666,23844,23844,9046,14798,0,0,0,17,0.000712968,0,255,133.992,32.1691,61.5,85.5,132.5,191.5,239.5,1,171,0,255,28.5,43.5,55.5,-38.4897,38.2553,-34.125,34.375,3.01786,34591,1917,100,620
1706673367219822529,23780,23780,9020,14760,0,0,0,14,0.00058873,4.8024,255,133.434,32.0711,60.5,86.5,130.5,191.5,245.5,0,195,0,255,27.5,41.5,53.5,-38.3065,38.4591,-34.375,34.625,2.9407,34620,1902,100,820
1706673367319666949,23913,23913,8871,15042,0,0,0,16,0.000669092,0,255,133.022,31.1641,67.5,89.5,130.5,188.5,242.5,9,155,0,191,27.5,41.5,53.5,-38.4401,38.345,-34.625,34.625,3.05467,34628,1805,100,794
1706673367419510526,23901,23901,8828,15073,0,0,0,15,0.000627589,4.98661,255,133.997,31.6658,61.5,88.5,132.5,189.5,237.5,0,182,0,255,27.5,41.5,52.5,-38.3786,38.4159,-34.375,34.625,3.06773,34649,1773,100,640
1706673367520151380,23833,23833,8907,14926,0,0,0,15,0.000629379,0,255,133.895,30.9904,68.5,88.5,131.5,187.5,237.5,10,140,0,255,27.5,41.5,52.5,-38.3722,38.4254,-34.625,34.625,2.98225,34657,1754,100,679
1706673367619984021,23839,23839,9013,14826,0,0,0,16,0.000671169,0,255,134.504,31.2039,67.5,88.5,132.5,189.5,229.5,5,117,0,150,27.5,41.5,53.5,-38.4519,38.3393,-34.625,34.625,3.15795,34673,1770,100,621
1706673367719820094,23900,23900,8976,14924,0,0,0,13,0.000543933,0,255,133.614,31.9367,58.5,87.5,132.5,189.5,242.5,7,205,0,156,27.5,41.5,53.5,-38.2789,38.4738,-34.125,34.625,3.1259,34692,1906,100,752
1706673367819658985,23875,23875,9013,14862,0,0,0,17,0.000712042,0,255,132.885,31.4295,56.5,87.5,130.5,190.5,234.5,6,154,0,255,27.5,40.5,51.5,-38.4906,38.2225,-34.125,34.125,3.09503,34723,2046,100,740
1706673367919903211,23820,23820,9041,14779,0,0,0,10,0.000419815,4.98434,255,133.068,31.3394,53.5,87.5,131.5,187.5,234.5,0,128,0,248,26.5,39.5,50.5,-38.1889,38.5007,-35.125,34.125,3.01074,34760,2091,100,901
1706673368019740059,23856,23856,9036,14820,0,0,0,17,0.000712609,0,255,132.876,30.9794,55.5,89.5,131.5,188.5,227.5,9,121,0,150,26.5,39.5,50.5,-38.508,38.0105,-34.125,33.875,3.14252,34782,2109,100,901
1706673368119588365,23780,23780,9044,14736,0,0,0,7,0.000294365,0,255,132.931,31.9724,56.5,88.5,130.5,189.5,238.5,9,169,0,255,26.5,39.5,51.5,-38.0843,38.0995,-34.125,34.125,2.95613,34825,2260,100,1004
1706673368219831872,23829,23829,9086,14743,0,0,0,5,0.000209828,0,255,133.402,31.0007,66.5,91.5,130.5,188.5,239.5,9,167,0,151,26.5,39.5,50.5,-38.0401,38.5056,-34.125,34.125,3.02143,34840,2172,100,897
1706673368319667443,23850,23850,9090,14760,0,0,0,17,0.000712788,0,255,133.361,31.1345,53.5,90.5,130.5,188.5,231.5,19,135,0,166,26.5,39.5,51.5,-38.5075,38.1418,-34.125,34.375,3.21019,34860,2182,100,1061
1706673368419523419,23837,23837,8973,14864,0,0,0,11,0.000461467,0,255,133.272,31.4406,53.5,90.5,130.5,188.5,242.5,4,214,0,229,26.5,39.5,52.5,-38.2063,38.493,-34.125,34.625,3.21494,34899,2152,100,914
1706673368520162488,23842,23842,8884,14958,0,0,0,17,0.000713027,0,255,133.712,31.9448,54.5,92.5,130.5,191.5,249.5,23,191,0,255,26.5,39.5,52.5,-38.4886,38.2376,-34.625,34.625,3.28142,34931,2150,100,932
1706673368620002523,23808,23808,8918,14890,0,0,0,13,0.000546035,4.50085,255,132.716,30.6104,53.5,90.5,130.5,187.5,234.5,0,147,0,164,26.5,39.5,51.5,-38.3052,38.4636,-34.375,34.625,2.97987,34958,2190,100,949
1706673368719837769,23912,23912,8903,15009,0,0,0,16,0.00066912,10.285,255,133.154,30.3663,54.5,91.5,130.5,188.5,235.5,0,176,0,219,26.5,39.5,50.5,-38.4297,38.3584,-34.625,34.625,3.14489,34975,2137,100,918
1706673368819686786,23772,23772,8973,14799,0,0,0,16,0.000673061,0,255,133.709,32.6149,50.5,90.5,131.5,193.5,244.5,5,147,0,163,26.5,39.5,51.5,-38.3995,38.3946,-34.375,34.625,3.00006,35011,2092,100,980
1706673368919512570,23744,23744,9034,14710,0,0,0,14,0.000589623,0,255,133.754,32.8195,52.5,91.5,130.5,195.5,246.5,13,216,0,150,26.5,40.5,52.5,-38.3508,38.436,-34.375,34.625,3.00837,35043,2202,100,888
1706673369020133373,23909,23909,9048,14861,0,0,0,16,0.000669204,0,255,134.318,31.9381,60.5,89.5,131.5,191.5,238.5,3,140,0,161,27.5,41.5,52.5,-38.4537,38.3192,-34.125,34.125,3.01787,35055,2048,100,862
1706673369119977899,23888,23888,9091,14797,0,0,0,0,0,0,255,135.559,31.7461,67.5,89.5,133.5,190.5,238.5,9,139,0,155,27.5,42.5,53.5,-37.7878,38.4817,-33.875,34.125,3.01312,35078,1880,100,693
1706673369219827132,23907,23907,9054,14853,0,0,0,31,0.00129669,0,255,134.671,32.5501,54.5,88.5,132.5,191.5,237.5,5,158,0,159,27.5,42.5,53.5,-38.4916,37.8731,-35.125,33.875,3.01668,35100,1839,100,701
1706673369319678713,23904,23904,9037,14867,0,0,0,0,0,0,255,134.379,33.3116,51.5,86.5,132.5,191.5,241.5,5,192,0,159,27.5,41.5,52.5,-37.9591,38.2129,-33.875,33.875,2.93001,35126,1957,100,861
1706673369419518167,23720,23720,9049,14671,0,0,0,10,0.000421585,0,255,134.703,34.155,53.5,88.5,131.5,194.5,255.5,13,296,0,150,26.5,41.5,53.5,-38.1568,38.5058,-34.125,34.125,2.83741,35163,2312,100,992
1706673369520148580,23702,23702,9143,14559,0,0,0,17,0.000717239,0,255,131.76,32.9171,47.5,87.5,128.5,191.5,255.5,2,247,0,189,26.5,40.5,51.5,-38.505,38.0809,-34.125,34.375,2.95138,35222,2589,100,949
1706673369619971356,23665,23665,9025,14640,0,0,0,10,0.000422565,0,255,131.924,32.0843,49.5,90.5,129.5,188.5,246.5,8,200,0,233,25.5,40.5,51.5,-38.1072,38.5112,-34.375,34.625,3.02024,35287,2398,100,884
1706673369719808598,23620,23620,8883,14737,0,0,0,17,0.000719729,0,255,131.817,33.7167,48.5,86.5,129.5,191.5,255.5,30,270,0,150,25.5,41.5,52.5,-38.4961,38.1944,-34.625,34.625,3.09028,35370,2504,100,899
1706673369819657776,23536,23536,8827,14709,0,0,0,12,0.000509857,0,255,132.505,33.2122,49.5,84.5,130.5,189.5,253.5,14,232,0,150,26.5,41.5,52.5,-38.2592,38.4777,-34.625,34.625,3.14727,35431,2586,100,941
1706673369919894418,23725,23725,8856,14869,0,0,0,17,0.000716544,0,255,132.86,33.9434,47.5,83.5,130.5,194.5,252.5,11,226,0,150,26.5,41.5,53.5,-38.4705,38.288,-34.625,34.625,2.96444,35467,2509,100,1043
1706673370019735998,23792,23792,8998,14794,0,0,0,14,0.000588433,4.39663,255,132.324,33.1053,51.5,86.5,129.5,190.5,247.5,0,181,0,183,26.5,41.5,51.5,-38.3174,38.4599,-34.625,34.625,3.17695,35501,2413,100,971
1706673370119567580,23755,23755,9073,14682,0,0,0,16,0.000673542,0,255,133.04,33.7202,42.5,88.5,130.5,193.5,244.5,5,207,0,225,26.5,41.5,52.5,-38.4105,38.3773,-34.125,34.625,3.09978,35562,2519,100,1081
1706673370220205440,23775,23775,8970,14805,0,0,0,16,0.000672976,0,255,132.82,32.5936,52.5,86.5,130.5,191.5,244.5,5,156,0,253,27.5,42.5,53.5,-38.4307,38.3635,-34.125,34.375,3.15914,35581,2313,100,1096
1706673370320041941,23781,23781,9059,14722,0,0,0,0,0,0,255,133.684,32.7055,56.5,87.5,131.5,192.5,248.5,1,196,0,150,27.5,42.5,54.5,-37.6871,38.4482,-33.625,34.125,3.228,35602,2170,100,1123
1706673370419880433,23882,23882,9082,14800,0,0,0,14,0.000586216,0,255,134.236,33.0331,52.5,87.5,132.5,193.5,245.5,3,175,0,255,27.5,42.5,55.5,-38.3301,37.7487,-34.375,33.875,3.03449,35621,2232,100,1025
1706673370519720856,23674,23674,9043,14631,0,0,0,16,0.000675847,0,255,132.888,31.9377,52.5,87.5,130.5,190.5,235.5,15,147,0,235,27.5,41.5,52.5,-38.4644,38.2898,-34.875,34.125,2.78161,35645,2118,100,1097
1706673370619568014,23832,23832,9019,14813,0,0,0,12,0.000503525,0,255,134.144,32.785,53.5,87.5,131.5,197.5,240.5,9,154,0,150,27.5,41.5,53.5,-38.2372,38.4907,-33.875,34.125,3.11759,35660,2285,100,980
1706673370720209429,23918,23918,8998,14920,0,0,0,18,0.000752571,0,255,135.201,33.6569,54.5,90.5,131.5,198.5,255.5,1,335,0,151,27.5,43.5,55.5,-38.5024,38.1911,-34.125,34.375,3.54973,35671,2071,100,831
1706673370820054886,23862,23862,9048,14814,0,0,0,11,0.000460984,0,255,135.284,32.211,63.5,89.5,132.5,195.5,236.5,1,138,0,150,28.5,44.5,56.5,-38.1034,38.5127,-34.375,34.625,3.02855,35680,1921,100,747
1706673370919904147,23841,23841,8939,14902,0,0,0,18,0.000755002,0,255,135.344,31.8556,67.5,90.5,132.5,196.5,243.5,1,149,0,150,28.5,43.5,56.5,-38.5093,38.1044,-34.625,34.375,2.98818,35684,1847,100,689
1706673371019753154,23832,23832,8823,15009,0,0,0,10,0.000419604,0,255,134.808,31.1531,63.5,90.5,132.5,192.5,229.5,9,151,0,229,27.5,42.5,55.5,-38.1723,38.5047,-34.375,34.625,2.90389,35689,1882,100,632
1706673371119594358,23911,23911,8831,15080,0,0,0,17,0.00071097,0,255,134.53,30.9203,64.5,90.5,132.5,191.5,231.5,5,109,0,150,27.5,42.5,54.5,-38.487,38.2239,-34.625,34.375,2.84691,35695,1801,100,637
1706673371219833191,23833,23833,8924,14909,0,0,0,13,0.000545462,0,255,134.609,31.4459,63.5,89.5,132.5,192.5,234.5,10,127,0,151,27.5,42.5,54.5,-38.2678,38.479,-34.625,34.625,2.93951,35701,1867,100,686
1706673371319665260,23845,23845,9058,14787,0,0,0,17,0.000712938,0,255,134.803,32.5351,61.5,89.5,131.5,196.5,235.5,6,122,0,150,27.5,42.5,55.5,-38.4637,38.3031,-34.125,34.625,2.93832,35712,1994,100,656
1706673371419502626,23847,23847,9132,14715,0,0,0,15,0.00062901,0,255,133.283,31.6134,58.5,88.5,130.5,191.5,236.5,15,117,0,150,27.5,42.5,53.5,-38.349,38.4333,-34.125,34.125,2.90627,35734,2026,100,654
1706673371520137469,23840,23840,9013,14827,0,0,0,0,0,0,255,134.203,31.1711,69.5,90.5,130.5,190.5,232.5,6,126,0,205,27.5,42.5,52.5,-37.6365,38.3903,-33.625,34.125,2.70682,35743,1981,100,651
1706673371619984112,23926,23926,9010,14916,0,0,0,16,0.000668729,0,255,135.092,32.5448,63.5,88.5,131.5,195.5,231.5,4,99,0,202,27.5,43.5,52.5,-38.4049,37.6011,-34.125,33.625,3.15795,35756,1995,100,649
1706673371719825032,23880,23880,9060,14820,0,0,0,16,0.000670017,4.7263,255,133.901,33.2607,55.5,88.5,130.5,195.5,244.5,0,149,0,243,27.5,42.5,53.5,-38.4236,38.368,-34.625,34.125,3.07248,35773,1953,100,648
1706673371819657652,23889,23889,9076,14813,0,0,0,14,0.000586044,0,255,133.541,32.6176,60.5,87.5,130.5,192.5,237.5,8,149,0,150,27.5,41.5,54.5,-38.3203,38.4588,-34.625,34.125,3.12709,35791,1969,100,681
1706673371919900890,23860,23860,8952,14908,0,0,0,17,0.00071249,0,255,134.118,32.9189,62.5,86.5,131.5,195.5,240.5,1,168,0,167,27.5,42.5,53.5,-38.4833,38.2458,-34.125,34.625,3.12709,35797,1955,100,716
1706673372019739815,23838,23838,8950,14888,0,0,0,10,0.000419498,0,255,134.592,32.5476,65.5,87.5,131.5,194.5,234.5,2,126,0,255,27.5,43.5,54.5,-38.1947,38.5011,-34.375,34.625,3.02143,35819,1872,100,797
1706673372119584725,23802,23802,8983,14819,0,0,0,18,0.000756239,0,255,133.113,32.1609,54.5,85.5,130.5,190.5,234.5,2,142,0,255,27.5,42.5,53.5,-38.5077,38.1363,-34.625,34.375,2.89083,35833,2004,100,858
1706673372219803811,23893,23893,8952,14941,0,0,0,12,0.000502239,0,255,132.854,31.8539,57.5,86.5,130.5,191.5,237.5,4,162,0,179,27.5,42.5,52.5,-38.0793,38.5109,-34.625,34.625,2.81604,35844,2113,100,804
1706673372319644434,23795,23795,8878,14917,0,0,0,18,0.000756461,4.51291,255,133.371,33.2481,56.5,86.5,130.5,193.5,255.5,0,255,0,156,27.5,41.5,53.5,-38.509,38.1259,-34.625,34.375,2.94544,35877,1918,100,727
1706673372419882638,23831,23831,8901,14930,0,0,0,11,0.000461584,0,255,133.414,32.8217,52.5,88.5,131.5,189.5,240.5,7,176,0,150,27.5,42.5,54.5,-38.176,38.5039,-34.375,34.625,2.87896,35898,2034,100,710
1706673372519732174,23911,23911,8995,14916,0,0,0,17,0.00071097,0,255,134.276,33.0852,54.5,86.5,132.5,190.5,241.5,20,191,0,204,27.5,43.5,55.5,-38.4922,38.2306,-34.125,34.625,3.07247,35915,1952,100,591
1706673372619575214,23845,23845,9078,14767,0,0,0,13,0.000545188,0,255,134.031,31.5822,61.5,89.5,131.5,189.5,240.5,3,148,0,220,27.5,43.5,55.5,-38.29,38.4689,-34.125,34.125,2.94307,35923,1938,100,647
1706673372720225018,23837,23837,9098,14739,0,0,0,0,0,0,255,133.612,30.8057,55.5,90.5,132.5,188.5,235.5,20,141,0,150,28.5,42.5,54.5,-37.7558,38.3402,-33.875,34.125,2.968,35934,2054,100,757
1706673372820058658,23778,23778,9024,14754,0,0,0,17,0.000714947,0,255,132.877,32.1902,50.5,88.5,130.5,190.5,243.5,26,171,0,150,27.5,42.5,53.5,-38.4494,37.6473,-34.125,33.625,2.92764,35964,2123,100,907
1706673372919908270,23815,23815,8981,14834,0,0,0,15,0.000629855,0,255,133.229,31.819,48.5,90.5,129.5,190.5,243.5,5,196,0,155,27.5,41.5,53.5,-38.3826,38.4168,-34.375,34.125,2.87421,35992,2225,100,973
1706673373019741661,23839,23839,8992,14847,0,0,0,16,0.000671169,0,255,133.438,31.7056,51.5,93.5,130.5,191.5,251.5,27,224,0,153,27.5,41.5,53.5,-38.3854,38.4044,-34.625,34.125,3.0891,36011,2161,100,896
1706673373119571596,23848,23848,8993,14855,0,0,0,17,0.000712848,0,255,133.491,31.1666,54.5,91.5,130.5,190.5,240.5,4,156,0,166,27.5,41.5,53.5,-38.4454,38.3409,-34.375,34.625,3.09503,36024,2134,100,865
1706673373220210086,23802,23802,8928,14874,0,0,0,13,0.000546173,4.62566,255,134.14,31.4806,54.5,90.5,131.5,190.5,240.5,0,157,0,150,27.5,42.5,55.5,-38.2909,38.4647,-34.625,34.625,3.06179,36041,2050,100,680
1706673373320045815,23838,23838,8976,14862,0,0,0,17,0.000713147,0,255,134.261,33.0697,45.5,88.5,131.5,190.5,255.5,12,240,0,150,28.5,42.5,57.5,-38.4834,38.2498,-34.625,34.625,2.90508,36052,1953,100,715
1706673373419881572,23901,23901,8896,15005,0,0,0,10,0.000418393,4.69589,255,134.532,32.5089,58.5,87.5,132.5,190.5,249.5,0,196,0,150,28.5,43.5,59.5,-38.1777,38.5002,-34.375,34.625,3.02024,36066,1880,100,684
1706673373519720083,23894,23894,8912,14982,0,0,0,18,0.000753327,0,255,134.428,31.471,60.5,91.5,131.5,189.5,238.5,8,168,0,246,28.5,41.5,55.5,-38.5077,38.1255,-34.625,34.375,2.88371,36077,1901,100,599
1706673373619559018,23839,23839,8999,14840,0,0,0,12,0.000503377,0,255,133.343,30.8331,69.5,91.5,130.5,190.5,242.5,5,161,0,150,27.5,41.5,54.5,-38.0557,38.5169,-34.375,34.625,2.92289,36090,1920,100,665
1706673373720208713,23885,23885,8995,14890,0,0,0,17,0.000711744,0,255,132.374,30.8538,60.5,90.5,129.5,188.5,241.5,4,196,0,150,27.5,41.5,53.5,-38.503,38.1492,-34.125,34.375,2.91695,36104,1930,100,767
1706673373820057624,23852,23852,9093,14759,0,0,0,12,0.000503102,0,255,133.374,31.5346,63.5,90.5,130.5,191.5,240.5,2,178,0,150,27.5,41.5,53.5,-38.2209,38.4903,-33.875,34.125,3.06298,36122,1911,100,631
1706673373919899796,23836,23836,9148,14688,0,0,0,0,0,5.17919,255,133.314,32.4728,59.5,89.5,130.5,193.5,242.5,0,187,0,155,28.5,42.5,54.5,-37.8608,38.2796,-33.875,33.875,3.05704,36149,1931,100,644
1706673374019750235,23912,23912,9082,14830,0,0,0,17,0.00071094,0,255,133.576,32.8276,61.5,88.5,130.5,194.5,243.5,7,193,0,150,28.5,41.5,55.5,-38.4754,37.769,-34.125,33.875,2.9217,36158,1943,100,555
1706673374119583714,23839,23839,9016,14823,0,0,0,14,0.000587273,0,255,134.847,33.7397,63.5,86.5,132.5,196.5,252.5,11,225,0,164,28.5,42.5,57.5,-38.3266,38.4478,-34.375,34.125,2.97513,36170,1818,100,540
1706673374220217316,23938,23938,8959,14979,0,0,0,16,0.000668393,0,255,134.951,33.9362,61.5,85.5,132.5,196.5,247.5,8,185,0,150,28.5,43.5,56.5,-38.4378,38.3568,-34.625,34.375,2.95019,36189,1776,100,551
1706673374320061127,23861,23861,8921,14940,0,0,0,15,0.000628641,0,255,134.631,33.1969,60.5,85.5,132.5,194.5,237.5,1,151,0,150,28.5,43.5,58.5,-38.387,38.4127,-34.625,34.625,3.00243,36201,1758,100,582
1706673374419903111,23868,23868,8933,14935,0,0,0,15,0.000628457,0,255,134.275,33.6521,52.5,86.5,132.5,194.5,244.5,3,166,0,150,29.5,44.5,58.5,-38.377,38.4261,-34.625,34.625,3.07129,36208,1909,100,685
1706673374519737578,23846,23846,8969,14877,0,0,0,17,0.000712908,0,255,133.786,33.6123,50.5,85.5,131.5,194.5,246.5,12,160,0,150,29.5,43.5,55.5,-38.454,38.316,-34.625,34.625,3.08554,36230,2172,100,846
1706673374619575383,23738,23738,8957,14781,0,0,0,13,0.000547645,0,255,133.514,34.2051,53.5,85.5,129.5,199.5,248.5,9,212,0,225,28.5,43.5,55.5,-38.2569,38.4825,-34.625,34.625,2.94544,36263,2282,100,1016
1706673374720213731,23781,23781,8905,14876,0,0,0,17,0.000714856,0,255,134.077,33.3877,48.5,86.5,130.5,195.5,241.5,13,147,0,255,28.5,43.5,53.5,-38.4959,38.2139,-34.625,34.375,2.9965,36296,2332,100,912
1706673374820067934,23846,23846,8938,14908,0,0,0,10,0.000419358,0,255,133.77,32.5022,53.5,87.5,131.5,193.5,247.5,9,212,0,151,28.5,42.5,54.5,-38.1574,38.5025,-34.375,34.625,3.11047,36318,2275,100,980
1706673374919898428,23773,23773,8999,14774,0,0,0,17,0.000715097,4.77009,255,133.567,31.6205,50.5,89.5,130.5,192.5,239.5,0,165,0,255,28.5,43.5,52.5,-38.5131,38.0639,-34.125,34.375,3.10216,36344,2281,100,1031
1706673375019723536,23705,23705,9058,14647,0,0,0,8,0.000337482,0,255,133.158,32.9552,50.5,85.5,130.5,191.5,247.5,7,205,0,243,28.5,44.5,55.5,-38.1182,38.5085,-34.125,34.125,2.90627,36377,2074,100,906
1706673375119569376,23887,23887,9143,14744,0,0,0,1,4.18638e-05,0,255,134.31,32.0605,56.5,87.5,131.5,193.5,238.5,4,161,0,151,29.5,45.5,56.5,-38,38.1721,-33.875,34.125,3.32179,36403,2135,100,842
1706673375220193686,23861,23861,9077,14784,0,0,0,17,0.00071246,0,255,134.754,32.3829,54.5,87.5,132.5,194.5,240.5,13,157,0,255,29.5,46.5,57.5,-38.5027,37.9408,-34.125,33.875,3.228,36434,2033,100,800
1706673375320034442,23822,23822,9000,14822,0,0,0,12,0.000503736,0,255,133.743,32.5762,54.5,86.5,131.5,193.5,239.5,29,160,0,255,29.5,45.5,58.5,-38.2397,38.4872,-34.125,34.125,3.78005,36453,2015,100,770
1706673375419865677,23818,23818,8968,14850,0,0,0,17,0.000713746,0,255,135.508,32.3883,61.5,89.5,132.5,195.5,253.5,9,180,0,150,29.5,43.5,56.5,-38.4711,38.2812,-34.625,34.125,3.3206,36477,1975,100,759
1706673375519713503,23833,23833,8909,14924,0,0,0,14,0.000587421,4.37029,255,134.283,31.8835,55.5,88.5,132.5,191.5,236.5,0,164,0,153,28.5,42.5,54.5,-38.343,38.4404,-34.625,34.625,3.33841,36487,2238,100,902
1706673375619556918,23787,23787,8863,14924,0,0,0,16,0.000672636,0,255,133.798,32.7917,50.5,86.5,131.5,191.5,249.5,7,212,0,177,28.5,41.5,54.5,-38.4107,38.3821,-34.625,34.625,3.24462,36515,2255,100,752
1706673375720189973,23781,23781,8916,14865,0,0,0,15,0.000630756,4.94892,255,133.971,32.046,48.5,87.5,132.5,189.5,233.5,0,164,0,150,28.5,43.5,55.5,-38.4065,38.3989,-34.625,34.625,3.21613,36545,2278,100,784
1706673375820029729,23847,23847,8928,14919,0,0,0,14,0.000587076,0,255,134.14,31.8097,53.5,87.5,131.5,191.5,235.5,8,161,0,255,29.5,44.5,56.5,-38.3569,38.4362,-34.625,34.625,3.08435,36573,2123,100,584
1706673375919874113,23921,23921,9030,14891,0,0,0,17,0.000710673,0,255,135.238,31.4824,59.5,87.5,133.5,190.5,235.5,5,136,0,151,29.5,45.5,56.5,-38.4605,38.3131,-34.625,34.125,3.1069,36586,2026,100,548
1706673376019716185,23016,23016,8888,14128,0,0,0,12,0.000521376,0,255,134.131,32.6214,49.5,85.5,132.5,189.5,241.5,18,179,0,151,29.5,46.5,58.5,-38.269,38.4754,-34.375,34.125,2.88609,36603,1988,100,599
1706673376120759568,23766,23766,8977,14789,0,0,0,17,0.000715308,4.62571,255,134.052,32.0026,50.5,86.5,132.5,188.5,237.5,0,149,0,154,29.5,45.5,57.5,-38.5028,38.2069,-34.125,34.125,3.12234,36618,2111,100,666
1706673376220600042,23778,23778,9065,14713,0,0,0,0,0,0,255,134.182,33.4406,45.5,86.5,131.5,193.5,240.5,6,199,0,152,28.5,45.5,56.5,-37.9624,38.508,-33.875,34.125,2.96563,36653,2368,100,746
1706673376320441267,23755,23755,9164,14591,0,0,0,10,0.000420964,0,255,133.204,32.5186,46.5,85.5,131.5,190.5,232.5,15,121,0,255,28.5,43.5,53.5,-38.1532,38.0396,-34.125,34.125,2.97275,36678,2440,100,807
1706673376420294948,23630,23630,9120,14510,0,0,0,17,0.000719424,0,255,132.548,32.8271,42.5,85.5,130.5,189.5,236.5,7,153,0,255,27.5,42.5,53.5,-38.5137,38.0829,-34.125,34.125,2.81367,36734,2674,100,720
1706673376520134799,23534,23534,9044,14490,0,0,0,12,0.000509901,0,255,132.156,33.3311,41.5,83.5,130.5,192.5,234.5,9,130,0,156,27.5,42.5,52.5,-38.1241,38.5088,-34.375,34.125,3.10216,36793,2759,100,772
1706673376619968251,23715,23715,8925,14790,0,0,0,18,0.000759013,0,255,132.661,32.54,45.5,85.5,130.5,189.5,234.5,38,115,0,247,27.5,42.5,53.5,-38.5025,38.1651,-34.625,34.375,2.9312,36822,2725,100,798
1706673376719808394,23698,23698,8898,14800,0,0,0,12,0.000506372,0,255,133.6,32.6071,51.5,87.5,131.5,194.5,242.5,5,147,0,150,27.5,42.5,54.5,-38.2358,38.4847,-34.625,34.625,3.17339,36879,2440,100,785
1706673376819644495,23778,23778,8877,14901,0,0,0,17,0.000714947,0,255,134.141,31.9654,50.5,87.5,132.5,189.5,244.5,9,170,0,255,28.5,44.5,54.5,-38.4698,38.2931,-34.625,34.625,3.33603,36906,2342,100,786
1706673376919876821,23841,23841,8996,14845,0,0,0,14,0.000587224,0,255,134.044,30.8748,51.5,86.5,132.5,186.5,226.5,8,108,0,246,29.5,45.5,56.5,-38.3293,38.448,-34.625,34.625,3.28617,36921,2151,100,650
1706673377019727815,23860,23860,8955,14905,0,0,0,16,0.000670578,0,255,133.86,31.727,52.5,87.5,131.5,190.5,234.5,4,153,0,255,29.5,45.5,57.5,-38.4133,38.37,-34.625,34.625,3.15321,36941,2208,100,587
1706673377119555272,23836,23836,8949,14887,0,0,0,15,0.0006293,0,255,134.365,31.3554,52.5,88.5,132.5,190.5,229.5,7,136,0,255,28.5,43.5,54.5,-38.4262,38.372,-34.625,34.375,3.09859,36959,2167,100,671
1706673377220195560,23845,23845,9027,14818,0,0,0,14,0.000587125,4.57135,255,133.245,31.1433,54.5,88.5,131.5,190.5,228.5,0,121,0,161,28.5,42.5,54.5,-38.3241,38.4479,-34.125,34.625,3.22206,36972,2176,100,876
1706673377320028439,23833,23833,9059,14774,0,0,0,17,0.000713297,0,255,133.351,31.473,56.5,87.5,130.5,190.5,237.5,10,172,0,152,28.5,42.5,55.5,-38.4753,38.2799,-34.125,34.375,3.07129,36989,2101,100,740
1706673377419871540,23827,23827,9050,14777,0,0,0,0,0,0,255,135.119,31.5044,58.5,88.5,133.5,191.5,234.5,11,128,0,161,28.5,42.5,56.5,-37.8582,38.4893,-33.875,34.125,3.15202,36995,2036,100,676
1706673377519695657,23831,23831,9000,14831,0,0,0,12,0.000503546,0,255,134.282,31.2241,56.5,87.5,132.5,190.5,238.5,6,163,0,150,29.5,42.5,56.5,-38.2319,37.9359,-33.875,33.875,3.13302,37003,1857,100,642
1706673377619531981,23920,23920,9067,14853,0,0,0,17,0.000710702,0,255,134.946,31.7268,65.5,87.5,132.5,190.5,237.5,6,170,0,136,29.5,44.5,56.5,-38.503,38.1743,-34.125,34.125,3.01312,37006,1924,100,527
1706673377720166439,23878,23878,9037,14841,0,0,0,11,0.000460675,0,255,135.405,33.711,60.5,86.5,132.5,196.5,255.5,11,293,0,215,29.5,45.5,56.5,-38.1009,38.511,-34.375,34.125,2.98819,37012,1782,100,459
1706673377820006870,23856,23856,8966,14890,0,0,0,17,0.000712609,0,255,134.857,32.3424,67.5,86.5,132.5,191.5,240.5,3,170,0,255,30.5,47.5,59.5,-38.5083,38.0911,-34.625,34.375,2.92051,37018,1668,100,479
1706673377919852414,23854,23854,8847,15007,0,0,0,9,0.000377295,0,255,134.824,32.2593,65.5,86.5,132.5,191.5,237.5,12,150,0,155,29.5,48.5,58.5,-38.155,38.5022,-34.375,34.625,3.00481,37025,1516,100,445
1706673378019690976,23905,23905,8810,15095,0,0,0,17,0.000711148,0,255,134.613,33.2586,64.5,86.5,132.5,190.5,246.5,10,205,0,255,29.5,48.5,60.5,-38.491,38.2288,-34.625,34.375,3.07841,37031,1591,100,394
1706673378119537213,23973,23973,8914,15059,0,0,0,12,0.000500563,0,255,134.54,32.6511,63.5,85.5,132.5,192.5,230.5,5,141,0,207,29.5,48.5,61.5,-38.2816,38.4687,-34.375,34.625,3.25056,37032,1671,100,447
1706673378220185701,23924,23924,9052,14872,0,0,0,16,0.000668784,0,255,134.557,31.9818,64.5,86.5,132.5,191.5,238.5,5,149,0,150,29.5,46.5,60.5,-38.4445,38.3408,-34.625,34.625,3.15795,37040,1628,100,413
1706673378320018364,23870,23870,8927,14943,0,0,0,15,0.000628404,0,255,134.5,31.3867,64.5,86.5,132.5,190.5,230.5,1,138,0,168,30.5,45.5,58.5,-38.3669,38.4176,-34.625,34.125,3.11996,37051,1685,100,477
1706673378419871108,23837,23837,8946,14891,0,0,0,15,0.000629274,0,255,135.248,32.5501,64.5,86.5,133.5,192.5,253.5,2,234,0,151,29.5,47.5,63.5,-38.3982,38.4039,-34.125,34.125,3.1069,37057,1653,100,414
1706673378519712757,23924,23924,9032,14892,0,0,0,16,0.000668784,0,255,134.308,32.8955,59.5,85.5,132.5,192.5,234.5,7,135,0,150,29.5,47.5,62.5,-38.4295,38.2855,-34.125,34.375,3.12827,37067,1641,100,427
1706673378619555666,23933,23933,9088,14845,0,0,0,0,0,0,255,134.756,32.0527,64.5,86.5,133.5,191.5,236.5,12,126,0,150,30.5,47.5,61.5,-37.7126,38.458,-33.875,34.625,3.01312,37071,1699,100,411
1706673378720197353,23877,23877,9030,14847,0,0,0,14,0.000586338,0,255,134.191,33.1802,64.5,86.5,132.5,193.5,249.5,3,206,0,148,30.5,46.5,57.5,-38.3118,37.8245,-34.125,33.875,2.97513,37084,1652,100,407
1706673378820027202,23834,23834,9005,14829,0,0,0,17,0.000713267,0,255,134.474,32.2914,63.5,86.5,133.5,190.5,245.5,6,169,0,147,30.5,46.5,58.5,-38.4786,38.2556,-34.125,33.875,2.95376,37092,1710,100,484
1706673378919867352,23869,23869,9078,14791,0,0,0,11,0.000460849,0,255,134.199,32.3161,60.5,85.5,133.5,188.5,247.5,11,192,0,150,30.5,45.5,55.5,-38.1756,38.5014,-34.375,34.125,3.16389,37111,1844,100,480
1706673379019706150,23899,23899,8954,14945,0,0,0,17,0.000711327,5.04024,255,134.552,32.4479,57.5,86.5,132.5,190.5,247.5,0,205,0,150,30.5,44.5,58.5,-38.5029,38.1299,-34.625,34.375,3.00243,37130,1876,100,573
1706673379119525676,23844,23844,8964,14880,0,0,0,12,0.000503271,0,255,134.588,32.9635,58.5,86.5,133.5,192.5,255.5,9,255,0,150,29.5,43.5,58.5,-38.0656,38.5095,-34.375,34.625,3.15439,37146,1986,100,659
1706673379220156140,23834,23834,8853,14981,0,0,0,17,0.000713267,0,255,133.98,33.0785,52.5,85.5,131.5,192.5,249.5,7,210,0,150,29.5,43.5,56.5,-38.5124,38.1491,-34.625,34.375,3.07604,37171,2124,100,731
1706673379320007272,23861,23861,8890,14971,0,0,0,11,0.000461003,0,255,133.177,32.1719,54.5,85.5,132.5,190.5,241.5,11,185,0,150,28.5,42.5,57.5,-38.1961,38.5039,-34.375,34.625,3.32179,37194,2238,100,871
1706673379419852945,23845,23845,8957,14888,0,0,0,17,0.000712938,0,255,132.725,32.0917,53.5,84.5,131.5,189.5,239.5,2,186,0,150,28.5,42.5,56.5,-38.4843,38.2588,-34.625,34.625,3.12709,37213,2296,100,912
1706673379519714706,23738,23738,9119,14619,0,0,0,13,0.000547645,4.66592,255,133.139,33.5137,50.5,85.5,130.5,195.5,246.5,0,194,0,150,28.5,42.5,57.5,-38.3036,38.4662,-34.625,34.125,2.98344,37245,2256,100,937
1706673379619552975,23756,23756,9038,14718,0,0,0,16,0.000673514,0,255,132.862,32.6801,47.5,85.5,131.5,188.5,240.5,8,166,0,158,28.5,42.5,55.5,-38.4394,38.3509,-34.125,34.125,2.96088,37291,2309,100,979
1706673379720197658,23801,23801,9042,14759,0,0,0,15,0.000630226,0,255,132.571,32.979,50.5,86.5,130.5,191.5,241.5,28,194,0,150,28.5,42.5,55.5,-38.3914,37.6433,-34.125,33.625,2.9775,37315,2397,100,914
1706673379820055240,23826,23826,9080,14746,0,0,0,0,0,0,255,133.183,33.5825,50.5,86.5,130.5,194.5,246.5,5,151,0,150,28.5,42.5,54.5,-37.5632,38.4129,-33.625,35.125,2.98819,37333,2404,100,915
1706673379919887566,23792,23792,9033,14759,0,0,0,15,0.000630464,0,255,133.346,33.3359,50.5,84.5,131.5,195.5,231.5,2,147,0,150,28.5,42.5,54.5,-38.3732,37.6601,-34.125,33.875,3.10334,37353,2395,100,910
1706673380019725050,23762,23762,9021,14741,0,0,0,16,0.000673344,0,255,133.422,33.9144,49.5,85.5,130.5,195.5,243.5,4,139,0,150,28.5,42.5,53.5,-38.4427,38.3376,-34.125,34.125,3.18645,37388,2567,100,894
1706673380119560368,23703,23703,9004,14699,0,0,0,13,0.000548454,0,255,133.368,33.8408,51.5,86.5,131.5,197.5,240.5,5,150,0,158,28.5,42.5,54.5,-38.2718,38.4717,-34.625,34.125,3.15558,37430,2620,100,899
1706673380220199040,23554,23554,8954,14600,0,0,0,17,0.000721746,0,255,133.162,35.2635,44.5,85.5,130.5,197.5,253.5,25,229,0,161,28.5,42.5,54.5,-38.4908,38.2267,-34.625,34.625,2.987,37476,2643,100,811
1706673380320049579,23632,23632,8903,14729,0,0,0,10,0.000423155,0,255,132.204,34.7979,41.5,81.5,130.5,191.5,241.5,24,177,0,151,27.5,42.5,53.5,-38.176,38.4999,-34.375,34.625,2.99412,37529,2771,100,772
1706673380419887260,23464,23464,8859,14605,0,0,0,17,0.000724514,0,255,133.451,34.4185,46.5,84.5,130.5,197.5,245.5,19,209,0,150,28.5,43.5,56.5,-38.513,38.1155,-34.625,34.625,3.16152,37575,2548,100,814
1706673380519742068,23782,23782,8946,14836,0,0,0,12,0.000504583,0,255,133.542,34.6403,41.5,84.5,132.5,193.5,248.5,18,218,0,151,28.5,44.5,56.5,-38.0657,38.5075,-34.625,34.625,3.24581,37597,2414,100,722
1706673380619582736,23816,23816,8957,14859,0,0,0,18,0.000755794,0,255,134.05,33.2843,47.5,85.5,133.5,191.5,225.5,2,125,0,150,29.5,45.5,55.5,-38.5151,38.1344,-34.625,34.375,3.1912,37620,2365,100,710
1706673380720223353,23749,23749,9073,14676,0,0,0,11,0.000463177,0,255,134.187,34.85,48.5,84.5,131.5,197.5,240.5,9,191,0,150,28.5,44.5,54.5,-38.2171,38.5004,-34.625,34.125,3.06298,37656,2532,100,699
1706673380820062729,23553,23553,9061,14492,0,0,0,17,0.000721776,0,255,132.771,33.4581,42.5,85.5,131.5,191.5,241.5,8,163,0,155,28.5,43.5,52.5,-38.4841,38.2626,-34.125,34.125,2.84928,37723,2850,100,749
1706673380919918277,23129,23129,9070,14059,0,0,0,13,0.000562065,0,255,131.636,35.8204,40.5,78.5,129.5,195.5,250.5,27,216,0,150,26.5,43.5,54.5,-38.3058,37.8061,-34.125,33.875,2.94307,37815,2802,100,678
1706673381019766820,23590,23590,9080,14510,0,0,0,0,0,0,255,133.418,35.0709,45.5,83.5,131.5,196.5,247.5,6,196,0,150,27.5,43.5,54.5,-37.7134,38.4623,-33.875,34.125,2.95613,37851,2680,100,577
1706673381119604905,23736,23736,9054,14682,0,0,0,16,0.000674082,0,255,133.196,34.57,46.5,85.5,130.5,195.5,249.5,14,217,0,154,27.5,43.5,54.5,-38.4311,38.3604,-34.125,34.875,3.04517,37903,2561,100,599
1706673381219841461,23265,23265,9018,14247,0,0,0,15,0.000644745,0,255,133.02,34.1947,49.5,85.5,130.5,193.5,255.5,5,240,0,151,26.5,41.5,52.5,-38.3979,38.3979,-34.375,34.125,2.98106,37993,2557,100,619
1706673381319672479,23674,23674,8957,14717,0,0,0,14,0.000591366,0,255,133.746,33.8953,50.5,85.5,131.5,195.5,246.5,4,171,0,151,28.5,46.5,56.5,-38.3583,38.4245,-34.625,34.125,3.00718,38026,2359,100,605
1706673381419514859,23905,23905,9032,14873,0,0,0,16,0.000669316,0,255,135.798,34.2409,45.5,83.5,135.5,191.5,253.5,4,235,0,151,30.5,51.5,61.5,-38.4485,38.3177,-34.625,34.625,3.12827,38033,1915,100,496
1706673381520166641,23897,23897,8893,15004,0,0,0,13,0.000544001,0,255,136.2,32.7775,56.5,87.5,135.5,189.5,238.5,4,162,0,150,31.5,54.5,64.5,-38.271,38.476,-34.625,34.625,3.02499,38044,1722,100,439
1706673381620006096,23871,23871,8834,15037,0,0,0,17,0.000712161,0,255,135.499,32.4987,58.5,88.5,134.5,189.5,246.5,7,206,0,150,31.5,52.5,63.5,-38.4947,38.2296,-34.625,34.625,2.97038,38055,1842,100,447
1706673381719853428,23851,23851,8888,14963,0,0,0,9,0.000377343,0,255,135.532,32.8907,58.5,87.5,133.5,192.5,233.5,6,159,0,150,29.5,48.5,61.5,-38.147,38.5059,-34.375,34.625,3.00956,38065,2044,100,520
1706673381819686864,23872,23872,8971,14901,0,0,0,17,0.000712131,0,255,133.846,33.9564,52.5,87.5,130.5,196.5,247.5,6,193,0,150,28.5,44.5,54.5,-38.5043,38.0736,-34.625,34.375,2.93714,38084,2136,100,634
1706673381919532644,23842,23842,9046,14796,0,0,0,8,0.000335542,0,255,133.681,32.9773,59.5,87.5,130.5,194.5,241.5,17,155,0,150,28.5,44.5,55.5,-38.1223,38.5141,-34.375,34.125,2.95851,38097,2016,100,626
1706673382020164324,23825,23825,9115,14710,0,0,0,17,0.000713536,0,255,133.641,32.8643,55.5,86.5,131.5,191.5,237.5,13,171,0,150,29.5,44.5,54.5,-38.5039,38.1916,-34.125,33.875,3.31467,38115,2095,100,587
1706673382120022597,23773,23773,9029,14744,0,0,0,12,0.000504774,0,255,133.403,32.5473,54.5,86.5,131.5,191.5,239.5,5,179,0,163,29.5,45.5,56.5,-38.2425,37.9096,-33.875,33.875,3.34791,38133,2114,100,517
1706673382219846781,23838,23838,9026,14812,0,0,0,0,0,0,255,134.556,32.754,63.5,88.5,132.5,192.5,235.5,1,144,0,150,29.5,45.5,56.5,-37.8275,38.4954,-33.875,34.125,3.36928,38144,1990,100,531
1706673382319685405,23918,23918,9015,14903,0,0,0,17,0.000710762,0,255,135.265,33.602,66.5,88.5,132.5,193.5,243.5,11,172,0,150,29.5,47.5,58.5,-38.4741,38.2774,-34.125,34.125,3.26243,38149,1864,100,521
1706673382419526208,23910,23910,9026,14884,0,0,0,14,0.000585529,0,255,135.005,33.6262,60.5,85.5,133.5,191.5,243.5,2,142,0,150,29.5,48.5,59.5,-38.3264,38.4454,-34.125,34.625,3.24937,38161,1860,100,405
1706673382520166491,23855,23855,8945,14910,0,0,0,16,0.000670719,0,255,135.18,34.3208,57.5,85.5,132.5,194.5,244.5,14,166,0,150,29.5,47.5,57.5,-38.4182,38.3734,-34.625,34.125,3.37759,38166,1877,100,474
1706673382620005123,23755,23755,8906,14849,0,0,0,16,0.000673542,0,255,134.722,34.3817,56.5,86.5,132.5,196.5,247.5,9,150,0,151,28.5,44.5,55.5,-38.4148,38.3833,-34.625,34.625,3.31229,38178,2047,100,627
1706673382719839593,23855,23855,9027,14828,0,0,0,15,0.000628799,0,255,134.308,34.3527,57.5,86.5,131.5,196.5,247.5,10,209,0,150,28.5,43.5,52.5,-38.334,38.4486,-34.375,34.625,3.48325,38196,2161,100,629
1706673382819689675,23846,23846,8958,14888,0,0,0,17,0.000712908,0,255,134.068,32.4989,60.5,86.5,131.5,192.5,233.5,12,121,0,150,28.5,43.5,54.5,-38.4742,38.2855,-34.625,34.625,3.38708,38204,2112,100,671
1706673382919533190,23874,23874,8902,14972,0,0,0,12,0.000502639,0,255,133.427,32.1272,57.5,84.5,131.5,189.5,234.5,2,129,0,152,28.5,43.5,53.5,-38.2273,38.4888,-34.625,34.625,3.27668,38211,2194,100,696
1706673383020175289,23725,23725,8872,14853,0,0,0,17,0.000716544,0,255,133.035,33.7388,53.5,84.5,130.5,193.5,242.5,14,144,0,150,28.5,43.5,53.5,-38.5001,38.165,-34.625,34.375,3.08554,38233,2042,100,583
1706673383120024761,23923,23923,9039,14884,0,0,0,12,0.000501609,0,255,134.871,33.4467,57.5,86.5,132.5,192.5,236.5,10,152,0,150,29.5,45.5,57.5,-38.1119,38.5149,-34.375,34.125,3.34909,38242,1891,100,460
1706673383219867879,23883,23883,9112,14771,0,0,0,17,0.000711803,0,255,135.007,33.6684,55.5,85.5,133.5,191.5,236.5,1,156,0,167,30.5,48.5,58.5,-38.5088,38.0716,-34.125,34.125,3.19951,38252,1796,100,427
1706673383319714805,23916,23916,9145,14771,0,0,0,10,0.00041813,0,255,135.853,32.7328,67.5,88.5,134.5,191.5,239.5,2,157,0,150,30.5,49.5,59.5,-38.1498,38.0435,-33.875,33.875,3.28973,38259,1720,100,353
1706673383419557209,23881,23881,9024,14857,0,0,0,0,0,0,255,134.763,33.1739,61.5,85.5,133.5,190.5,237.5,7,172,0,150,30.5,49.5,59.5,-37.9691,38.4991,-33.875,34.125,3.09385,38267,1680,100,403
1706673383520193279,23887,23887,8993,14894,0,0,0,17,0.000711684,0,255,136.106,33.95,61.5,86.5,134.5,194.5,255.5,6,240,0,150,29.5,47.5,57.5,-38.4901,38.1992,-34.125,34.125,3.0143,38275,1779,100,495
1706673383620036562,23812,23812,8982,14830,0,0,0,13,0.000545943,0,255,134.611,33.0661,62.5,87.5,131.5,196.5,246.5,9,203,0,150,29.5,45.5,56.5,-38.2722,38.4712,-34.125,34.625,3.00718,38293,1965,100,578
1706673383719863666,23858,23858,9012,14846,0,0,0,17,0.000712549,0,255,134.455,32.967,58.5,86.5,131.5,195.5,232.5,7,133,0,150,29.5,45.5,56.5,-38.4578,38.3168,-34.625,34.375,3.14371,38316,1977,100,587
1706673383819704211,23869,23869,8972,14897,0,0,0,15,0.00062843,0,255,134.849,33.329,57.5,86.5,132.5,196.5,239.5,12,122,0,150,29.5,44.5,56.5,-38.3683,38.4241,-34.625,34.625,3.31229,38333,1995,100,610
1706673383919554120,23876,23876,8898,14978,0,0,0,15,0.000628246,0,255,134.927,33.5196,63.5,86.5,132.5,195.5,246.5,4,194,0,212,29.5,44.5,56.5,-38.382,38.415,-34.625,34.625,3.18526,38340,1919,100,655
1706673384020177915,23895,23895,8936,14959,0,0,0,16,0.000669596,0,255,134.472,32.6307,58.5,85.5,132.5,193.5,239.5,4,141,0,129,29.5,44.5,56.5,-38.4259,38.3489,-34.625,34.625,3.3764,38347,2004,100,594
1706673384120023528,23868,23868,8955,14913,0,0,0,14,0.000586559,0,255,134.976,33.0018,61.5,87.5,132.5,194.5,245.5,5,195,0,154,29.5,45.5,56.5,-38.3174,38.4559,-34.625,34.625,3.41558,38359,1986,100,541
1706673384219864328,23832,23832,8960,14872,0,0,0,17,0.000713327,0,255,134.217,33.0264,58.5,86.5,131.5,194.5,237.5,5,121,0,159,29.5,45.5,56.5,-38.4834,38.2498,-34.625,34.125,3.31941,38367,1976,100,616
1706673384319699368,23852,23852,8989,14863,0,0,0,11,0.000461177,0,255,134.897,33.7312,60.5,84.5,132.5,197.5,244.5,5,146,0,150,29.5,45.5,56.5,-38.2076,38.5042,-34.125,34.125,3.35147,38377,2018,100,613
1706673384419555247,23853,23853,9078,14775,0,0,0,18,0.000754622,0,255,133.495,33.8121,57.5,83.5,131.5,195.5,245.5,8,158,0,163,29.5,44.5,58.5,-38.507,37.974,-34.125,33.875,3.19595,38401,2156,100,580
1706673384520183802,23804,23804,9138,14666,0,0,0,6,0.000252058,0,255,134.561,34.6718,57.5,81.5,132.5,197.5,241.5,9,188,0,150,29.5,45.5,57.5,-38.0499,38.1549,-34.125,34.125,5.4077,38422,2075,100,625
1706673384620021586,23936,23936,9108,14828,0,0,0,7,0.000292447,0,255,135.315,34.6715,56.5,85.5,132.5,198.5,255.5,8,242,0,150,29.5,47.5,58.5,-38.0764,38.5157,-34.125,34.125,3.66845,38433,1871,100,667
1706673384719872567,23895,23895,8984,14911,0,0,0,17,0.000711446,10.0409,255,134.934,32.6563,62.5,86.5,132.5,193.5,233.5,0,138,0,151,30.5,51.5,62.5,-38.5113,38.1119,-34.125,34.375,3.4132,38442,1767,100,451
1706673384819690911,23898,23898,8937,14961,0,0,0,10,0.000418445,5.73921,255,134.857,33.9383,61.5,86.5,133.5,193.5,242.5,0,188,0,154,30.5,56.5,67.5,-38.1736,38.5017,-34.375,34.625,3.13184,38455,1624,100,428
1706673384919547885,23875,23875,8883,14992,0,0,0,17,0.000712042,5.02133,255,134.616,33.9598,60.5,86.5,132.5,193.5,236.5,0,154,0,150,31.5,58.5,70.5,-38.4968,38.2158,-34.625,34.375,3.25412,38472,1478,100,451
1706673385020182161,23912,23912,8976,14936,0,0,0,13,0.00054366,0,255,134.962,34.4003,63.5,86.5,131.5,198.5,245.5,1,206,0,150,30.5,56.5,67.5,-38.2691,38.483,-34.625,34.625,3.18051,38479,1519,100,479
1706673385120010793,23928,23928,8970,14958,0,0,0,16,0.000668673,0,255,135.287,33.6552,65.5,86.5,133.5,195.5,236.5,15,144,0,150,30.5,52.5,65.5,-38.4541,38.3238,-34.625,34.625,3.16033,38494,1719,100,457
1706673385219848497,23838,23838,8928,14910,0,0,0,14,0.000587298,0,255,135.434,34.7996,61.5,84.5,132.5,200.5,246.5,7,190,0,152,29.5,47.5,61.5,-38.3767,38.4212,-34.625,34.625,3.10928,38518,1919,100,653
1706673385319684417,23886,23886,8967,14919,0,0,0,15,0.000627983,6.6314,255,134.81,33.5413,61.5,84.5,132.5,196.5,242.5,0,169,0,151,29.5,49.5,62.5,-38.3873,38.405,-34.375,34.625,3.14608,38524,1856,100,606
1706673385419528841,23920,23920,8975,14945,0,0,0,16,0.000668896,0,255,134.716,35.0913,59.5,84.5,132.5,199.5,255.5,18,257,0,154,29.5,53.5,67.5,-38.4292,38.3599,-34.625,34.125,3.11284,38524,1721,100,480
1706673385520156132,23906,23906,9024,14882,0,0,0,14,0.000585627,0,255,135.656,38.2693,61.5,79.5,131.5,204.5,249.5,4,169,0,150,31.5,62.5,78.5,-38.3128,38.4603,-34.125,34.125,3.01312,38532,1349,100,389
1706673385619991269,23907,23907,9051,14856,0,0,0,17,0.000711089,0,255,137.593,36.4766,58.5,83.5,134.5,198.5,249.5,10,219,0,181,37.5,74.5,96.5,-38.491,37.8217,-34.125,33.875,3.12471,38540,925,100,465
1706673385719839063,24000,24000,9160,14840,0,0,0,0,0,11.224,255,139.507,36.2975,61.5,85.5,137.5,202.5,255.5,0,340,5,150,46.5,79.5,102.5,-37.9199,38.2533,-33.875,33.875,3.22444,38540,283,100,1793
1706673385819671692,23999,23999,9109,14890,0,0,0,10,0.000416684,8.67518,255,138.862,36.4085,56.5,85.5,136.5,199.5,255.5,0,410,4,150,50.5,78.5,97.5,-38.1833,38.4958,-33.875,34.125,3.11759,38540,130,100,2226
1706673385919513796,24000,24000,9050,14950,0,0,0,18,0.00075,10.9532,255,140.28,37.0266,40.5,87.5,138.5,200.5,255.5,0,493,4,150,52.5,83.5,109.5,-38.5028,38.1272,-34.125,34.375,3.01312,38540,86,86,1650
1706673386020145829,23998,23998,9020,14978,0,0,0,12,0.000500042,11.6225,255,140.128,35.6867,34.5,87.5,140.5,196.5,255.5,0,389,4,150,51.5,77.5,94.5,-38.0695,38.5191,-34.375,34.625,3.09978,38540,89,89,1615
1706673386119991171,24000,24000,8903,15097,0,0,0,18,0.00075,10.948,255,138.794,36.329,42.5,86.5,137.5,199.5,255.5,0,416,5,150,47.5,76.5,91.5,-38.5074,38.1366,-34.625,34.375,3.41202,38540,103,100,2075
1706673386219822362,24000,24000,8904,15096,0,0,0,10,0.000416667,10.8627,255,138.836,36.366,48.5,86.5,137.5,198.5,255.5,0,396,4,150,44.5,73.5,93.5,-38.1962,38.504,-34.375,34.625,3.21494,38541,173,100,2561
1706673386319670306,24000,24000,9019,14981,0,0,0,17,0.000708333,11.2717,255,137.785,36.6872,53.5,85.5,136.5,199.5,255.5,0,385,4,150,40.5,69.5,84.5,-38.4823,38.2482,-34.625,34.375,3.14727,38541,387,100,2075
1706673386419517801,23967,23967,9023,14944,0,0,0,14,0.000584137,0,255,137.653,37.8334,56.5,83.5,135.5,202.5,255.5,18,467,0,150,36.5,66.5,87.5,-38.3048,38.4565,-34.375,34.625,3.02143,38541,1037,100,775
1706673386520148688,23839,23839,8964,14875,0,0,0,16,0.000671169,0,255,135.306,37.2383,48.5,82.5,133.5,196.5,255.5,25,245,0,150,33.5,60.5,75.5,-38.4281,38.3602,-34.125,34.625,2.93714,38542,1392,100,510
1706673386619985030,23897,23897,8994,14903,0,0,0,15,0.000627694,0,255,134.054,34.9348,52.5,84.5,132.5,192.5,245.5,3,195,0,150,31.5,56.5,66.5,-38.3981,38.3963,-34.875,34.125,2.99412,38542,1513,100,718
1706673386719827080,23929,23929,9016,14913,0,0,0,15,0.000626854,9.47059,255,134.868,31.2248,54.5,87.5,134.5,187.5,226.5,0,95,1,151,30.5,51.5,60.5,-38.362,38.4294,-34.375,34.125,2.87659,38543,1814,100,693
1706673386819676438,23855,23855,9045,14810,0,0,0,17,0.000712639,0,255,133.967,32.123,47.5,85.5,133.5,188.5,232.5,8,114,0,150,29.5,46.5,57.5,-38.4626,37.701,-34.125,33.875,2.8291,38544,2249,100,608
1706673386919508622,23743,23743,9084,14659,0,0,0,0,0,4.3871,255,134.438,34.2876,46.5,84.5,131.5,194.5,255.5,0,264,0,151,28.5,43.5,53.5,-37.7704,38.3204,-33.875,34.125,2.86353,38545,2487,100,638
1706673387020144959,23783,23783,9093,14690,0,0,0,13,0.000546609,4.31685,255,133.538,32.7202,51.5,86.5,131.5,192.5,240.5,0,172,0,150,28.5,41.5,52.5,-38.2826,38.475,-34.125,34.125,2.88609,38545,2661,100,550
1706673387120005165,23827,23827,9016,14811,0,0,0,17,0.000713476,0,255,133.879,33.1021,51.5,86.5,131.5,195.5,238.5,5,176,0,150,28.5,44.5,56.5,-38.4915,38.2177,-34.125,34.375,3.77292,38545,2403,100,560
1706673387219842208,23839,23839,8930,14909,0,0,0,10,0.000419481,0,255,135.543,33.5811,50.5,84.5,134.5,194.5,235.5,39,128,0,150,29.5,49.5,62.5,-38.1625,38.5051,-34.375,34.625,3.37759,38546,2091,100,554
1706673387319674256,23881,23881,8883,14998,0,0,0,17,0.000711863,0,255,134.198,33.0787,54.5,86.5,131.5,194.5,234.5,9,132,0,150,30.5,55.5,69.5,-38.5087,38.1101,-34.625,34.375,3.00956,38546,1720,100,434
1706673387419509353,23882,23882,8919,14963,0,0,0,13,0.000544343,6.02432,255,134.322,34.774,62.5,85.5,130.5,195.5,245.5,0,218,0,150,31.5,61.5,74.5,-38.0737,38.5118,-34.625,34.625,3.02618,38546,1556,100,543
1706673387520148903,23868,23868,8955,14913,0,0,0,17,0.000712251,0,255,135.021,35.8125,62.5,84.5,132.5,196.5,241.5,16,169,0,150,33.5,65.5,79.5,-38.5077,38.1433,-34.625,34.375,3.16627,38546,1383,100,473
1706673387619984713,23860,23860,9015,14845,0,0,0,11,0.000461023,0,255,135.617,36.7526,62.5,83.5,132.5,197.5,255.5,4,242,0,150,35.5,68.5,82.5,-38.1919,38.4912,-34.375,34.625,3.25649,38546,1140,100,401
1706673387719829724,23995,23995,8969,15026,0,0,0,17,0.000708481,27.6732,255,138.344,36.9195,72.5,86.5,133.5,205.5,255.5,0,359,0,150,38.5,70.5,88.5,-38.4849,38.2728,-34.125,34.375,3.11759,38546,841,100,505
1706673387819662159,24000,24000,9065,14935,0,0,0,14,0.000583333,34.057,255,138.531,34.7924,71.5,89.5,134.5,201.5,247.5,0,187,7,150,42.5,74.5,94.5,-38.322,38.4515,-34.125,34.125,3.18764,38546,459,100,1316
1706673387919907306,23998,23998,9073,14925,0,0,0,15,0.000625052,27.4306,255,137.836,33.5981,71.5,89.5,134.5,196.5,255.5,0,310,10,150,44.5,75.5,100.5,-38.4265,38.3696,-34.875,34.125,3.16983,38546,274,100,2002
1706673388019747374,23999,23999,9059,14940,0,0,0,15,0.000625026,27.933,255,137.889,33.8814,68.5,87.5,135.5,195.5,255.5,0,284,9,150,47.5,74.5,93.5,-38.3904,37.5917,-34.125,33.625,3.06654,38546,178,100,2360
1706673388119580661,23999,23999,9050,14949,0,0,0,0,0,26.276,255,140.349,35.1887,72.5,90.5,136.5,204.5,255.5,0,440,7,150,49.5,76.5,97.5,-37.6072,38.4014,-33.625,34.125,3.04636,38546,119,100,2256
1706673388220208597,23997,23997,9156,14841,0,0,0,15,0.000625078,22.1457,255,139.866,34.044,69.5,92.5,137.5,196.5,255.5,0,540,6,150,49.5,75.5,100.5,-38.3518,38.4368,-34.125,34.125,3.05111,38546,91,91,1728
1706673388320051044,23994,23994,9107,14887,0,0,0,16,0.000666833,19.1473,255,139.931,33.6384,74.5,92.5,137.5,196.5,255.5,0,455,0,150,50.5,73.5,88.5,-38.4666,38.3072,-34.125,34.375,3.18526,38547,84,84,1503
1706673388419880662,23999,23999,8963,15036,0,0,0,13,0.000541689,20.8205,255,138.63,32.1801,72.5,92.5,136.5,190.5,255.5,0,432,5,150,48.5,72.5,88.5,-38.2642,38.4864,-34.625,34.625,3.04992,38547,80,80,1634
1706673388519711349,23999,23999,8847,15152,0,0,0,18,0.000750031,28.7589,255,138.306,33.416,65.5,88.5,137.5,192.5,255.5,0,411,5,150,47.5,71.5,93.5,-38.488,38.2333,-34.625,34.375,3.02024,38547,106,100,2078
1706673388619564894,24000,24000,8839,15161,0,0,0,10,0.000416667,9.97719,255,138.632,32.1237,74.5,91.5,136.5,191.5,255.5,0,324,2,150,45.5,70.5,95.5,-38.1707,38.5047,-34.375,34.625,2.98106,38547,193,100,2482
1706673388720197550,23998,23998,8934,15064,0,0,0,17,0.000708392,12.6562,255,137.331,34.8316,69.5,86.5,135.5,197.5,255.5,0,284,3,150,38.5,66.5,82.5,-38.5159,38.1173,-34.625,34.375,3.1627,38547,812,100,301
1706673388820041657,23846,23846,9071,14775,0,0,0,10,0.000419358,0,255,137.041,39.5215,53.5,84.5,133.5,210.5,255.5,8,505,0,150,31.5,60.5,73.5,-38.0852,38.519,-34.375,34.625,3.03449,38558,1447,100,419
1706673388919889497,23819,23819,9014,14805,0,0,0,17,0.000713716,0,255,135.326,34.5823,63.5,86.5,132.5,198.5,255.5,2,279,0,164,29.5,49.5,60.5,-38.5063,38.1757,-34.125,34.375,3.17932,38569,1899,100,567
1706673389019709589,23788,23788,9012,14776,0,0,0,12,0.000504456,0,255,133.371,35.3069,50.5,84.5,130.5,199.5,255.5,2,254,0,153,27.5,42.5,55.5,-38.2428,38.4885,-33.875,34.125,3.29448,38593,2502,100,773
1706673389119554209,23866,23866,9055,14811,0,0,0,0,0,0,255,134.298,33.8152,53.5,85.5,131.5,196.5,244.5,6,208,0,150,28.5,50.5,65.5,-37.8281,38.2981,-33.875,34.125,3.29567,38600,1886,100,457
1706673389220191629,23926,23926,9090,14836,0,0,0,19,0.000794115,0,255,135.994,37.7182,57.5,83.5,131.5,200.5,255.5,7,300,0,151,33.5,64.5,79.5,-38.3576,37.7501,-34.375,33.875,3.09741,38603,1165,100,434
1706673389320026500,23998,23998,9070,14928,0,0,0,0,0,13.3233,255,138.267,35.995,56.5,85.5,135.5,198.5,251.5,0,226,5,152,41.5,71.5,87.5,-37.6713,38.4459,-33.625,34.125,3.12115,38603,613,100,648
1706673389419865777,24000,24000,8997,15003,0,0,0,16,0.000666667,11.8108,255,139.546,36.9643,40.5,88.5,136.5,200.5,255.5,0,369,5,166,46.5,76.5,98.5,-38.4219,38.3785,-34.125,34.125,3.13184,38603,177,100,2312
1706673389519715364,23998,23998,9069,14929,0,0,0,16,0.000666722,11.0778,255,139.062,36.8074,44.5,87.5,137.5,201.5,255.5,0,563,4,150,48.5,74.5,95.5,-38.418,38.3717,-34.125,34.625,3.22919,38603,104,100,1877
1706673389619548056,23998,23998,9031,14967,0,0,0,15,0.000625052,12.4942,255,140.444,40.5974,22.5,84.5,138.5,217.5,255.5,0,812,4,152,51.5,78.5,111.5,-38.3475,38.4433,-34.625,34.625,3.1449,38603,93,93,1633
1706673389720186484,24000,24000,8931,15069,0,0,0,17,0.000708333,10.6307,255,139.073,39.0007,23.5,83.5,138.5,205.5,255.5,0,509,4,151,51.5,78.5,101.5,-38.4718,38.2977,-34.625,34.625,2.77686,38603,93,93,1764
1706673389820026074,24000,24000,8855,15145,0,0,0,12,0.0005,7.65949,255,138.637,38.3664,23.5,86.5,137.5,201.5,255.5,0,551,3,151,50.5,78.5,108.5,-38.2383,38.4883,-34.375,34.625,2.88015,38603,110,100,2258
1706673389919861268,23999,23999,8889,15110,0,0,0,17,0.000708363,9.45021,255,139.147,36.7382,47.5,86.5,137.5,199.5,255.5,0,475,4,151,46.5,79.5,106.5,-38.5045,38.1721,-34.625,34.375,3.09741,38603,187,100,2341
1706673390019692182,24000,24000,9012,14988,0,0,0,10,0.000416667,9.39127,255,137.206,37.614,36.5,82.5,136.5,198.5,255.5,0,402,4,150,39.5,70.5,87.5,-38.119,38.5101,-34.375,34.625,3.10097,38603,589,100,984
1706673390119525442,23874,23874,9131,14743,0,0,0,18,0.000753958,0,255,136.343,38.6916,44.5,81.5,134.5,204.5,255.5,3,415,0,150,34.5,67.5,81.5,-38.5053,38.0818,-34.125,34.375,3.16389,38603,1251,100,374
1706673390220168189,23943,23943,9056,14887,0,0,0,9,0.000375893,4.98316,255,134.458,36.0216,48.5,80.5,132.5,196.5,235.5,0,181,1,150,30.5,57.5,69.5,-38.1534,38.5077,-34.125,34.125,3.28261,38603,1465,100,590
1706673390319998999,23866,23866,9021,14845,0,0,0,0,0,0,255,134.781,34.8467,44.5,83.5,133.5,194.5,244.5,7,186,0,150,30.5,50.5,60.5,-37.959,38.2047,-33.875,33.875,3.27905,38603,1991,100,561
1706673390419835859,23773,23773,9061,14712,0,0,0,17,0.000715097,0,255,134.012,35.4607,40.5,78.5,133.5,190.5,248.5,12,212,0,151,28.5,46.5,56.5,-38.4989,37.9016,-34.375,33.875,3.30636,38603,2279,100,547
1706673390519685668,23326,23326,9081,14245,0,0,0,12,0.000514447,0,255,131.687,36.9152,32.5,66.5,131.5,191.5,251.5,50,222,0,150,26.5,43.5,53.5,-38.2519,38.4822,-34.875,34.125,3.06417,38604,2841,100,531
1706673390619528551,23601,23601,9060,14541,0,0,0,17,0.000720308,0,255,131.625,37.4671,25.5,69.5,131.5,193.5,241.5,36,184,0,162,26.5,44.5,53.5,-38.4596,38.2989,-34.125,34.375,2.97631,38604,2861,100,607
1706673390720154237,23724,23724,9023,14701,0,0,0,14,0.00059012,0,255,134.342,35.2718,33.5,83.5,132.5,194.5,237.5,37,161,0,151,27.5,44.5,53.5,-38.3537,38.4353,-34.375,34.625,3.11759,38605,2756,100,608
1706673390819990003,23764,23764,8987,14777,0,0,0,15,0.000631207,0,255,133.716,33.9855,39.5,82.5,132.5,193.5,237.5,12,160,0,151,27.5,44.5,54.5,-38.4038,38.3953,-34.625,34.625,3.11403,38605,2612,100,670
1706673390919834585,23819,23819,8877,14942,0,0,0,16,0.000671733,0,255,133.741,33.811,41.5,82.5,131.5,194.5,241.5,13,170,0,150,27.5,44.5,54.5,-38.4368,38.3585,-34.625,34.625,3.209,38606,2555,100,662
1706673391019665231,23786,23786,8921,14865,0,0,0,14,0.000588582,0,255,133.596,34.2509,38.5,80.5,132.5,191.5,236.5,8,154,0,158,27.5,43.5,52.5,-38.3085,38.4601,-34.625,34.625,3.17339,38607,2614,100,561
1706673391119511587,23328,23328,8903,14425,0,0,0,17,0.000728738,0,255,132.429,34.4922,34.5,80.5,131.5,191.5,240.5,20,181,0,150,26.5,43.5,52.5,-38.4848,38.2647,-34.625,34.625,3.02261,38610,3161,100,643
1706673391220146649,23433,23433,8998,14435,0,0,0,11,0.000469423,3.73582,255,132.122,32.6626,42.5,82.5,131.5,185.5,239.5,0,193,0,150,26.5,42.5,52.5,-38.2086,38.4959,-34.125,34.625,3.3111,38614,2970,100,575
1706673391319983138,23813,23813,9098,14715,0,0,0,17,0.000713896,0,255,132.463,33.2047,42.5,83.5,131.5,187.5,241.5,7,192,0,151,27.5,44.5,54.5,-38.5096,38.1435,-34.125,34.375,3.68507,38614,2433,100,674
1706673391419812845,23883,23883,9175,14708,0,0,0,6,0.000251225,0,255,135.112,33.25,46.5,85.5,133.5,190.5,242.5,4,212,0,157,29.5,46.5,56.5,-38.0441,38.5078,-34.125,34.125,3.58297,38614,2075,100,564
1706673391519650530,23885,23885,9073,14812,0,0,0,7,0.000293071,0,255,133.427,33.4941,46.5,84.5,130.5,189.5,235.5,3,136,0,161,29.5,51.5,60.5,-38.0812,38.1205,-34.125,34.125,3.28142,38616,1663,100,543
1706673391619897078,23855,23855,9012,14843,0,0,0,17,0.000712639,0,255,135.716,37.3847,47.5,82.5,133.5,197.5,255.5,3,253,0,174,31.5,58.5,71.5,-38.5144,37.9853,-34.125,33.875,3.27074,38616,1160,100,553
1706673391719735165,24000,24000,9056,14944,0,0,0,11,0.000458333,7.65674,255,137.645,36.847,54.5,82.5,136.5,198.5,255.5,0,343,3,160,36.5,68.5,84.5,-38.1958,38.5016,-34.625,34.125,3.53192,38616,573,100,832
1706673391819583123,24000,24000,9032,14968,0,0,0,17,0.000708333,8.22302,255,138.237,35.2978,51.5,86.5,137.5,194.5,255.5,0,342,4,150,45.5,80.5,96.5,-38.491,38.2538,-34.625,34.125,3.34316,38616,176,100,2374
1706673391919821608,23994,23994,9030,14964,0,0,0,14,0.000583479,8.58106,255,140.119,37.3101,45.5,84.5,139.5,202.5,255.5,0,567,3,150,52.5,86.5,107.5,-38.2964,38.4572,-34.125,34.625,3.16152,38616,96,96,1805
1706673392019667682,23989,23989,8986,15003,0,0,0,16,0.000666972,9.05966,255,140.883,36.25,33.5,90.5,139.5,198.5,255.5,0,492,4,150,55.5,91.5,122.5,-38.4276,38.3608,-34.625,34.625,3.22206,38616,78,78,1512
1706673392119492445,23998,23998,8991,15007,0,0,0,16,0.000666722,9.35634,255,139.521,37.5714,34.5,80.5,139.5,197.5,255.5,0,452,4,150,51.5,84.5,104.5,-38.4039,38.398,-34.625,34.375,3.11165,38616,96,96,1912
1706673392220126543,24000,24000,8882,15118,0,0,0,14,0.000583333,10.0148,255,138.829,35.02,51.5,87.5,136.5,199.5,249.5,0,228,5,150,44.5,82.5,103.5,-38.3656,38.4332,-34.625,34.625,2.88965,38616,202,100,2154
1706673392319973030,23912,23912,8976,14936,0,0,0,17,0.00071094,5.20325,255,136.718,36.7986,61.5,85.5,133.5,200.5,241.5,0,216,1,150,36.5,66.5,79.5,-38.4584,38.3252,-34.625,34.375,2.89202,38619,947,100,301
1706673392419802751,23944,23944,8968,14976,0,0,0,13,0.000542934,0,255,136.405,37.6075,54.5,84.5,132.5,204.5,255.5,1,284,0,150,31.5,57.5,72.5,-38.2709,38.4731,-34.125,34.625,2.90627,38624,1424,100,264
1706673392519644603,23802,23802,9037,14765,0,0,0,17,0.000714226,0,255,136.457,35.9834,56.5,84.5,133.5,202.5,249.5,1,210,0,150,28.5,46.5,59.5,-38.5051,38.202,-34.125,34.125,2.987,38636,1843,100,411
1706673392619893354,23624,23624,9074,14550,0,0,0,0,0,0,255,132.87,34.9201,52.5,83.5,128.5,196.5,255.5,3,260,0,150,28.5,43.5,54.5,-37.9741,38.5016,-34.125,34.125,3.15202,38659,2147,100,502
1706673392719750530,23830,23830,9119,14711,0,0,0,9,0.000377675,0,255,135.573,35.2359,59.5,86.5,132.5,198.5,249.5,3,194,0,150,30.5,51.5,63.5,-38.1387,38.0522,-34.125,34.125,3.06535,38675,1675,100,334
1706673392819580000,23999,23999,9082,14917,0,0,0,18,0.000750031,4.73205,255,137.642,35.6617,72.5,85.5,135.5,198.5,249.5,0,214,1,150,36.5,65.5,81.5,-38.51,38.0642,-34.125,34.125,3.0701,38676,675,100,358
1706673392920220500,23999,23999,9046,14953,0,0,0,9,0.000375016,24.7915,255,139.131,35.3964,71.5,87.5,137.5,199.5,255.5,0,326,9,150,45.5,79.5,95.5,-38.1331,38.5159,-34.375,34.125,3.00837,38676,218,100,2153
1706673393020051559,24000,24000,9002,14998,0,0,0,17,0.000708333,17.5336,255,139.448,34.79,71.5,90.5,137.5,198.5,255.5,0,475,6,150,51.5,84.5,99.5,-38.509,38.2064,-34.875,34.125,3.14252,38676,124,100,2186
1706673393119887339,23999,23999,9008,14991,0,0,0,13,0.000541689,20.6537,255,139.237,34.7898,65.5,87.5,138.5,194.5,255.5,0,508,5,150,55.5,89.5,110.5,-38.2589,38.4868,-34.125,34.625,3.10691,38676,91,91,1681
1706673393219727006,23998,23998,9000,14998,0,0,0,16,0.000666722,19.657,255,141.028,35.047,65.5,90.5,139.5,201.5,255.5,0,528,6,150,55.5,89.5,112.5,-38.4645,38.3061,-34.625,34.625,2.92645,38676,86,86,1586
1706673393319549183,23999,23999,8975,15024,0,0,0,14,0.000583358,23.1216,255,139.802,32.7299,70.5,91.5,138.5,190.5,255.5,0,367,6,151,52.5,85.5,107.5,-38.3547,38.4468,-34.625,34.625,3.63165,38676,96,96,1950
1706673393420165322,24000,24000,8914,15086,0,0,0,16,0.000666667,36.9074,255,139.97,33.5281,71.5,92.5,136.5,196.5,255.5,0,367,10,154,46.5,80.5,100.5,-38.4109,38.3962,-34.625,34.375,3.0701,38676,147,100,2569
1706673393519999160,24000,24000,8921,15079,0,0,0,15,0.000625,35.2962,255,137.746,33.2317,74.5,90.5,135.5,193.5,244.5,0,209,10,150,40.5,72.5,91.5,-38.4318,38.3635,-34.625,34.375,2.92645,38676,312,100,1461
1706673393619828134,23883,23883,9026,14857,0,0,0,13,0.00054432,4.74684,255,136.455,35.0971,68.5,87.5,132.5,196.5,254.5,0,232,0,155,34.5,64.5,82.5,-38.3229,38.4591,-34.375,34.625,2.81367,38676,977,100,352
1706673393719673668,23925,23925,9047,14878,0,0,0,17,0.000710554,0,255,134.517,37.0079,52.5,84.5,131.5,198.5,255.5,4,365,0,160,30.5,54.5,67.5,-38.4775,38.279,-34.125,34.125,2.88134,38676,1389,100,549
1706673393819506459,23861,23861,9143,14718,0,0,0,0,0,0,255,135.573,33.1093,55.5,86.5,134.5,195.5,233.5,3,128,0,151,29.5,48.5,59.5,-37.854,38.4912,-33.875,34.125,2.96325,38676,1963,100,498
1706673393920145756,23884,23884,9123,14761,0,0,0,12,0.000502428,0,255,132.454,32.5605,49.5,85.5,130.5,188.5,238.5,2,150,0,150,27.5,43.5,53.5,-38.2306,37.9418,-33.875,33.875,3.03211,38676,2261,100,584
1706673394019983742,23435,23435,9021,14414,0,0,0,17,0.000725411,0,255,132.344,32.3455,44.5,88.5,129.5,187.5,238.5,5,141,0,221,27.5,40.5,49.5,-38.5015,38.1664,-34.125,34.125,2.95376,38678,2518,100,463
1706673394119832574,23833,23833,9028,14805,0,0,0,12,0.000503504,4.27593,255,136.048,32.0435,60.5,89.5,133.5,192.5,246.5,0,141,0,162,28.5,43.5,54.5,-38.0946,38.5077,-34.375,34.125,3.14727,38682,2008,100,517
1706673394219660815,23897,23897,8937,14960,0,0,0,17,0.000711386,0,255,134.477,34.097,55.5,85.5,132.5,191.5,236.5,7,132,0,160,29.5,48.5,58.5,-38.5149,38.121,-34.625,34.375,3.1259,38682,1524,100,342
1706673394319900252,23947,23947,8918,15029,0,0,0,10,0.000417589,6.62409,255,137.277,36.4075,66.5,85.5,135.5,202.5,255.5,0,293,1,150,31.5,54.5,68.5,-38.1575,38.4997,-34.375,34.625,3.1722,38682,1015,100,284
1706673394419735795,24000,24000,8968,15032,0,0,0,17,0.000708333,11.8001,255,136.069,34.3796,65.5,85.5,134.5,191.5,255.5,0,252,4,198,35.5,63.5,79.5,-38.4971,38.2109,-34.625,34.375,3.08316,38682,558,100,983
1706673394519571234,23999,23999,8966,15033,0,0,0,13,0.000541689,10.3341,255,137.992,36.0358,59.5,86.5,136.5,197.5,255.5,0,485,3,155,38.5,66.5,81.5,-38.2728,38.4785,-34.375,34.625,3.05111,38682,285,100,2133
1706673394620220684,23999,23999,9030,14969,0,0,0,17,0.000708363,12.7159,255,137.828,35.9735,67.5,87.5,135.5,200.5,255.5,0,430,4,166,37.5,66.5,80.5,-38.4574,38.3108,-34.625,34.625,3.03805,38682,278,100,2067
1706673394720064864,23999,23999,8970,15029,0,0,0,15,0.000625026,17.76,255,137.845,36.0241,66.5,86.5,135.5,196.5,255.5,0,406,5,150,35.5,60.5,77.5,-38.3641,38.424,-34.625,34.625,2.97513,38682,459,100,1138
1706673394819905286,23929,23929,8947,14982,0,0,0,15,0.000626854,8.24841,255,137.158,36.0523,65.5,84.5,135.5,199.5,255.5,0,280,1,150,32.5,57.5,71.5,-38.388,38.4017,-34.125,34.625,3.0143,38683,911,100,362
1706673394919745240,23928,23928,8969,14959,0,0,0,16,0.000668673,0,255,135.631,36.7835,59.5,83.5,133.5,198.5,255.5,6,342,0,175,30.5,52.5,64.5,-38.4402,38.3511,-34.125,34.125,2.93357,38684,1387,100,271
1706673395019588751,23933,23933,9120,14813,0,0,0,0,0,10.387,255,135.052,35.2103,66.5,86.5,131.5,193.5,255.5,0,263,1,170,29.5,48.5,62.5,-37.7175,38.4632,-33.875,34.125,3.00125,38684,1636,100,247
1706673395119829422,23857,23857,9137,14720,0,0,0,14,0.00058683,0,255,134.709,31.968,61.5,87.5,132.5,190.5,229.5,1,130,0,150,28.5,45.5,55.5,-38.3174,37.8151,-34.125,33.875,3.35028,38684,1801,100,405
1706673395219668897,23904,23904,9103,14801,0,0,0,17,0.000711178,0,255,134.367,32.5495,57.5,88.5,131.5,194.5,231.5,2,102,0,150,28.5,41.5,51.5,-38.4865,38.2629,-34.125,33.875,3.14134,38684,2206,100,439
1706673395319523343,23765,23765,8977,14788,0,0,0,11,0.000462866,0,255,132.806,31.6766,55.5,87.5,131.5,187.5,231.5,3,155,0,158,27.5,40.5,49.5,-38.2004,38.488,-34.375,34.125,3.12709,38690,2340,100,477
1706673395420152616,23711,23711,8941,14770,0,0,0,17,0.000716967,4.01719,255,133.323,31.2649,51.5,91.5,131.5,187.5,228.5,0,121,1,150,27.5,40.5,50.5,-38.5051,38.1396,-34.625,34.375,2.97157,38690,2730,100,501
1706673395519987507,23570,23570,8979,14591,0,0,0,12,0.000509122,0,255,132.393,33.5602,41.5,86.5,130.5,190.5,245.5,23,125,0,150,26.5,40.5,49.5,-38.0578,38.5124,-34.625,34.625,2.82791,38690,3049,100,494
1706673395619818329,23337,23337,8941,14396,0,0,0,17,0.000728457,0,255,132.48,34.5906,38.5,81.5,130.5,192.5,239.5,16,161,0,150,26.5,41.5,49.5,-38.5113,38.1456,-34.625,34.625,2.99531,38691,3187,100,452
1706673395719650810,23254,23254,8979,14275,0,0,0,11,0.000473037,0,255,132.664,35.1142,38.5,80.5,130.5,192.5,245.5,9,197,0,150,26.5,40.5,50.5,-38.2123,38.4944,-34.625,34.625,3.28736,38697,3214,100,485
1706673395819890562,23731,23731,8929,14802,0,0,0,17,0.000716363,0,255,133.251,33.9395,49.5,86.5,130.5,193.5,245.5,30,215,0,150,27.5,41.5,52.5,-38.4934,38.2333,-34.625,34.625,3.14608,38698,2587,100,554
1706673395919743741,23838,23838,9032,14806,0,0,0,13,0.000545348,0,255,133.537,33.3807,52.5,85.5,130.5,191.5,245.5,9,176,0,202,28.5,43.5,54.5,-38.2831,38.4684,-34.375,34.125,3.12115,38698,2294,100,481
1706673396019583305,23886,23886,9015,14871,0,0,0,17,0.000711714,0,255,133.1,34.184,51.5,81.5,131.5,193.5,232.5,3,141,0,157,29.5,45.5,56.5,-38.4448,38.3412,-34.125,34.875,2.93476,38698,2041,100,544
1706673396120221171,23906,23906,8999,14907,0,0,0,15,0.000627458,0,255,134.13,34.5531,47.5,82.5,132.5,192.5,234.5,6,152,0,151,29.5,48.5,59.5,-38.3815,38.4093,-34.125,34.125,3.17102,38699,1837,100,551
1706673396220065971,23891,23891,9027,14864,0,0,0,0,0,0,255,134.944,34.3858,54.5,84.5,133.5,192.5,236.5,14,153,0,191,30.5,50.5,61.5,-37.5803,38.4226,-33.625,34.125,2.9965,38700,1715,100,509
1706673396319900814,23898,23898,9108,14790,0,0,0,15,0.000627668,0,255,134.645,33.6464,62.5,84.5,132.5,193.5,240.5,2,186,0,158,30.5,51.5,63.5,-38.3668,37.7119,-34.125,33.875,2.92527,38702,1684,100,468
1706673396419739664,23888,23888,9107,14781,0,0,0,17,0.000711654,6.53905,255,135.173,34.6182,54.5,83.5,133.5,194.5,253.5,0,235,0,216,29.5,50.5,61.5,-38.4594,38.3149,-34.125,34.125,2.88609,38703,1722,100,547
1706673396519569307,23891,23891,9035,14856,0,0,0,12,0.000502281,0,255,134.869,33.696,55.5,85.5,132.5,195.5,242.5,4,173,0,150,28.5,43.5,55.5,-38.2693,38.4808,-34.625,34.125,2.99175,38704,2248,100,574
1706673396620220388,23353,23353,8890,14463,0,0,0,17,0.000727958,0,255,131.941,33.3186,45.5,85.5,130.5,188.5,245.5,4,203,0,150,26.5,40.5,50.5,-38.4862,38.2253,-34.625,34.625,2.84572,38704,3049,100,594
1706673396720057720,23784,23784,8871,14913,0,0,0,10,0.000420451,0,255,134.17,34.5446,41.5,84.5,133.5,191.5,249.5,9,221,0,150,28.5,44.5,53.5,-38.1654,38.5051,-34.375,34.625,3.07723,38706,2458,100,485
1706673396819900208,23852,23852,8866,14986,0,0,0,17,0.000712728,0,255,134.778,33.8184,47.5,83.5,133.5,190.5,243.5,3,198,0,150,28.5,45.5,57.5,-38.5132,38.1163,-34.625,34.375,3.07485,38706,2071,100,471
1706673396919753653,23858,23858,9058,14800,0,0,0,11,0.000461061,0,255,134.329,33.1997,44.5,86.5,132.5,191.5,234.5,8,137,0,150,28.5,45.5,55.5,-38.0767,38.5118,-34.375,34.625,2.97513,38706,2210,100,506
1706673397019595132,23825,23825,8981,14844,0,0,0,17,0.000713536,0,255,134.222,32.9687,47.5,86.5,132.5,188.5,236.5,9,150,0,150,28.5,44.5,52.5,-38.5097,38.1569,-34.625,34.375,2.95138,38706,2353,100,471
1706673397119841776,23760,23760,8943,14817,0,0,0,12,0.000505051,5.1086,255,133.46,33.3939,45.5,83.5,131.5,192.5,234.5,0,128,0,150,27.5,41.5,50.5,-38.2113,38.4928,-34.625,34.125,2.97157,38706,2574,100,520
1706673397219678936,23716,23716,9022,14694,0,0,0,17,0.000716816,0,255,133.031,33.2345,48.5,83.5,130.5,192.5,234.5,2,136,0,150,26.5,40.5,49.5,-38.4755,38.2732,-34.125,34.375,2.95257,38707,2805,100,468
1706673397319515323,23706,23706,9071,14635,0,0,0,14,0.000590568,0,255,133.242,32.5242,46.5,88.5,131.5,189.5,233.5,5,137,0,150,27.5,39.5,49.5,-38.3289,38.4461,-34.125,34.875,2.88609,38707,2719,100,458
1706673397420147722,23748,23748,9056,14692,0,0,0,0,0,0,255,132.819,32.145,47.5,89.5,130.5,188.5,232.5,7,129,0,150,27.5,39.5,49.5,-37.6732,38.3637,-33.625,34.125,2.72225,38708,2614,100,482
1706673397519985906,23809,23809,9079,14730,0,0,0,16,0.000672015,0,255,133.667,33.1942,46.5,84.5,131.5,191.5,230.5,6,153,0,150,27.5,41.5,50.5,-38.4211,37.6046,-34.125,33.625,2.75668,38708,2569,100,523
1706673397619817617,23827,23827,9106,14721,0,0,0,15,0.000629538,0,255,134.154,33.0604,48.5,86.5,132.5,192.5,236.5,3,159,0,150,27.5,42.5,51.5,-38.391,38.4052,-34.125,34.125,2.91933,38708,2411,100,415
1706673397719662459,23829,23829,9021,14808,0,0,0,14,0.000587519,0,255,134.124,33.4151,50.5,85.5,132.5,191.5,249.5,9,216,0,150,27.5,42.5,51.5,-38.3584,38.425,-34.625,34.125,2.85641,38710,2345,100,516
1706673397819911393,23750,23750,8970,14780,0,0,0,16,0.000673684,0,255,133.854,33.5593,50.5,83.5,131.5,192.5,237.5,2,146,0,150,27.5,41.5,50.5,-38.4592,38.3156,-34.625,34.625,2.90389,38711,2368,100,497
1706673397919749022,23758,23758,8868,14890,0,0,0,12,0.000505093,4.16677,255,133.116,33.7602,48.5,84.5,130.5,192.5,244.5,0,179,0,150,27.5,40.5,51.5,-38.2706,38.4796,-34.625,34.625,3.08198,38711,2531,100,449
1706673398019591658,23875,23875,8821,15054,0,0,0,17,0.000712042,10.9943,255,134.342,32.9779,55.5,86.5,131.5,194.5,237.5,0,134,0,150,27.5,43.5,55.5,-38.4901,38.2094,-34.625,34.375,3.24581,38711,2257,100,445
1706673398119824290,23863,23863,8918,14945,0,0,0,9,0.000377153,0,255,134.097,33.9156,51.5,84.5,132.5,196.5,244.5,5,164,0,150,28.5,46.5,59.5,-38.1516,38.502,-34.375,34.625,3.09741,38711,2044,100,430
1706673398219675657,23870,23870,9077,14793,0,0,0,17,0.000712191,0,255,134.73,34.636,50.5,84.5,132.5,198.5,240.5,7,188,0,150,28.5,48.5,59.5,-38.5122,38.0882,-34.625,34.375,3.01787,38712,1961,100,522
1706673398319519305,23861,23861,9023,14838,0,0,0,12,0.000502913,4.44773,255,134.305,33.7575,52.5,85.5,132.5,193.5,247.5,0,188,0,150,28.5,47.5,59.5,-38.105,38.5082,-34.375,34.125,2.93239,38712,2068,100,432
1706673398420156360,23826,23826,9019,14807,0,0,0,18,0.000755477,0,255,134.654,33.2738,60.5,86.5,131.5,197.5,238.5,2,146,0,150,28.5,45.5,57.5,-38.4995,38.1743,-34.125,34.125,3.10453,38712,1999,100,436
1706673398520003240,23942,23942,9065,14877,0,0,0,12,0.000501211,0,255,133.749,35.0689,54.5,83.5,130.5,197.5,255.5,4,243,0,150,27.5,42.5,53.5,-38.2216,38.4975,-33.875,34.875,3.16627,38712,2345,100,496
1706673398619832861,23986,23986,9076,14910,0,0,0,0,0,0,255,133.038,33.7662,51.5,84.5,130.5,192.5,236.5,2,148,0,150,27.5,42.5,52.5,-37.8806,38.2693,-33.875,34.125,3.06654,38712,2251,100,603
1706673398719675855,23834,23834,9069,14765,0,0,0,17,0.000713267,6.30035,255,136.376,32.883,57.5,88.5,134.5,192.5,241.5,0,181,0,150,29.5,48.5,59.5,-38.4766,37.7887,-34.125,33.875,3.0891,38712,1955,100,504
1706673398819520259,23862,23862,9021,14841,0,0,0,13,0.000544799,0,255,134.212,34.2402,53.5,84.5,131.5,192.5,252.5,2,188,0,150,29.5,53.5,65.5,-38.3222,38.4528,-34.125,34.125,3.01668,38712,1543,100,473
1706673398920157975,23906,23906,9038,14868,0,0,0,16,0.000669288,0,255,133.127,32.9089,53.5,87.5,131.5,187.5,228.5,6,136,0,150,29.5,55.5,67.5,-38.4329,38.3626,-34.625,34.125,3.17933,38713,1449,100,433
1706673399019995030,23888,23888,8916,14972,0,0,0,16,0.000669792,0,255,134.554,33.2181,51.5,87.5,132.5,192.5,236.5,6,166,0,150,29.5,54.5,65.5,-38.3932,38.3928,-34.625,34.625,3.09978,38713,1669,100,431
1706673399119824833,23862,23862,8874,14988,0,0,0,15,0.000628615,0,255,135.661,33.1219,52.5,86.5,134.5,191.5,232.5,3,129,0,150,29.5,50.5,61.5,-38.3425,38.4377,-34.375,34.625,2.97394,38713,1921,100,439
1706673399219672264,23840,23840,8877,14963,0,0,0,16,0.000671141,0,255,135.564,32.5047,51.5,87.5,133.5,191.5,244.5,4,176,0,150,28.5,46.5,56.5,-38.4679,38.3122,-34.625,34.625,2.96682,38713,2057,100,574
1706673399319518249,23846,23846,8896,14950,0,0,0,13,0.000545165,0,255,133.81,31.746,51.5,88.5,131.5,191.5,229.5,6,101,0,150,27.5,44.5,54.5,-38.2562,38.4873,-34.375,34.625,3.09147,38714,2250,100,550
1706673399420159097,23825,23825,9030,14795,0,0,0,17,0.000713536,0,255,134.098,31.4824,49.5,91.5,132.5,189.5,231.5,8,102,0,150,27.5,41.5,51.5,-38.4952,38.1984,-34.625,34.125,3.32416,38714,2340,100,469
1706673399520018378,23744,23744,9091,14653,0,0,0,9,0.000379043,0,255,133.573,31.6793,46.5,88.5,132.5,187.5,238.5,15,129,0,150,26.5,41.5,50.5,-38.1371,38.5094,-34.375,34.125,3.2185,38718,2386,100,461
1706673399619862443,23870,23870,9042,14828,0,0,0,17,0.000712191,0,255,133.817,31.1977,57.5,90.5,131.5,190.5,235.5,3,149,0,150,27.5,42.5,52.5,-38.5131,38.0468,-34.125,34.125,3.21019,38719,2299,100,577
1706673399719696602,23890,23890,9071,14819,0,0,0,8,0.000334868,0,255,133.737,31.7498,54.5,88.5,131.5,188.5,240.5,12,145,0,150,27.5,43.5,54.5,-38.1131,38.0783,-34.125,34.125,2.96088,38719,2192,100,536
1706673399819540664,23839,23839,9057,14782,0,0,0,3,0.000125844,0,255,134.513,32.7677,51.5,85.5,132.5,192.5,245.5,1,187,0,150,27.5,44.5,55.5,-38.0077,38.5074,-33.875,34.875,3.05823,38719,2200,100,557
1706673399920178789,23842,23842,9017,14825,0,0,0,17,0.000713027,0,255,134.469,32.3891,52.5,87.5,131.5,191.5,246.5,8,220,0,150,27.5,43.5,54.5,-38.5021,37.9315,-34.125,33.875,3.04399,38719,2169,100,480
1706673400020013494,23833,23833,8980,14853,0,0,0,12,0.000503504,0,255,134.074,31.4587,55.5,90.5,131.5,189.5,242.5,4,184,0,150,26.5,41.5,50.5,-38.2334,38.4884,-34.125,34.125,2.85641,38719,2312,100,490
1706673400119858718,23698,23698,9052,14646,0,0,0,17,0.00071736,0,255,132.582,28.0755,58.5,94.5,130.5,180.5,220.5,3,114,0,150,26.5,39.5,47.5,-38.4753,38.2839,-34.625,34.125,2.84454,38719,2494,100,506
1706673400219695866,23879,23879,9006,14873,0,0,0,14,0.000586289,0,255,133.483,30.6194,54.5,92.5,131.5,187.5,237.5,11,137,0,150,26.5,40.5,48.5,-38.3437,38.442,-34.625,34.625,2.98344,38719,2285,100,456
1706673400319534012,23888,23888,8865,15023,0,0,0,16,0.000669792,0,255,135.164,32.1358,59.5,87.5,133.5,194.5,238.5,2,80,0,150,27.5,42.5,53.5,-38.4145,38.3776,-34.625,34.625,3.17932,38719,1997,100,462
1706673400420163393,23897,23897,8832,15065,0,0,0,16,0.00066954,0,255,134.642,35.2701,55.5,84.5,130.5,201.5,247.5,5,206,0,150,28.5,51.5,69.5,-38.4103,38.3865,-34.625,34.625,3.11878,38719,1747,100,477
1706673400520007137,23797,23797,8879,14918,0,0,0,14,0.000588309,6.06262,255,134.901,35.6913,62.5,85.5,131.5,197.5,249.5,0,196,0,150,28.5,61.5,79.5,-38.3397,38.4421,-34.625,34.625,3.07248,38719,1264,100,391
1706673400619854896,24000,24000,9073,14927,0,0,0,17,0.000708333,0,255,135.745,35.7791,64.5,84.5,132.5,200.5,255.5,6,264,0,150,30.5,67.5,83.5,-38.4678,38.301,-34.625,34.125,3.02024,38719,887,100,500
1706673400719688166,23999,23999,9123,14876,0,0,0,13,0.000541689,13.9029,255,136.576,34.9247,67.5,85.5,133.5,195.5,255.5,0,310,6,150,32.5,70.5,86.5,-38.2547,38.4881,-34.125,34.125,3.14846,38719,457,100,1490
1706673400819537716,24000,24000,9122,14878,0,0,0,18,0.00075,16.2636,255,137.23,35.2851,65.5,85.5,133.5,199.5,253.5,0,208,6,150,36.5,72.5,89.5,-38.4974,37.9165,-34.125,33.875,3.10453,38719,227,100,2665
1706673400920174238,23999,23999,9076,14923,0,0,0,4,0.000166674,14.111,255,138.179,35.3292,66.5,86.5,135.5,197.5,255.5,0,333,5,150,41.5,73.5,88.5,-38.0207,38.1864,-34.125,34.125,3.17814,38719,150,100,2526
1706673401020012606,23998,23998,9088,14910,0,0,0,7,0.000291691,16.3671,255,138.983,36.8862,61.5,83.5,136.5,197.5,255.5,0,538,5,150,46.5,81.5,110.5,-38.0855,38.5076,-34.125,34.125,2.9965,38719,105,100,2018
1706673401119845736,23998,23998,9078,14920,0,0,0,17,0.000708392,17.161,255,140.135,35.7171,66.5,89.5,137.5,198.5,255.5,0,671,5,150,49.5,83.5,113.5,-38.5106,38.1164,-34.125,34.875,3.00243,38719,88,88,1680
1706673401219684590,23991,23991,9015,14976,0,0,0,10,0.000416823,19.0751,255,139.573,35.6087,65.5,88.5,137.5,197.5,255.5,0,510,5,150,50.5,82.5,112.5,-38.1563,38.5087,-34.375,34.125,3.0986,38719,81,81,1538
1706673401319524282,23996,23996,8946,15050,0,0,0,17,0.000708451,18.8037,255,140.807,35.3073,69.5,91.5,138.5,199.5,255.5,0,623,5,150,50.5,83.5,111.5,-38.4867,38.2125,-34.625,34.125,2.95376,38719,83,83,1535
1706673401420169679,23998,23998,9044,14954,0,0,0,12,0.000500042,18.9763,255,140.241,33.2491,67.5,91.5,138.5,196.5,255.5,0,380,0,150,47.5,79.5,104.5,-38.267,38.4819,-34.625,34.625,2.97394,38719,86,86,1650
1706673401520013574,24000,24000,8945,15055,0,0,0,16,0.000666667,25.4348,255,138.325,35.56,66.5,82.5,136.5,194.5,255.5,0,494,8,150,40.5,74.5,89.5,-38.4546,38.3321,-34.625,34.625,2.84097,38720,99,99,2066
1706673401619851548,23999,23999,8865,15134,0,0,0,15,0.000625026,26.4878,255,138.452,35.9606,68.5,85.5,136.5,199.5,255.5,0,434,7,150,35.5,71.5,88.5,-38.3641,38.4307,-34.625,34.625,2.90508,38720,168,100,2479
1706673401719679147,23983,23983,8882,15101,0,0,0,15,0.000625443,0,255,136.823,37.0749,67.5,85.5,133.5,199.5,255.5,20,388,0,150,30.5,54.5,74.5,-38.397,38.4012,-34.375,34.625,2.93714,38721,757,100,323
1706673401819524160,23923,23923,8977,14946,0,0,0,16,0.000668812,0,255,134.668,38.6396,57.5,82.5,130.5,205.5,255.5,4,414,0,150,28.5,47.5,62.5,-38.4347,38.3527,-34.625,34.125,2.92289,38721,1346,100,612
1706673401920168039,23852,23852,9119,14733,0,0,0,14,0.000586953,0,255,134.845,34.4757,51.5,85.5,133.5,195.5,255.5,2,293,0,150,27.5,43.5,53.5,-38.3167,38.4672,-34.125,34.125,3.22563,38721,2102,100,447
1706673402020020067,23490,23490,9153,14337,0,0,0,17,0.000723712,0,255,131.692,33.4242,49.5,84.5,129.5,188.5,245.5,30,202,0,150,25.5,40.5,52.5,-38.4861,37.828,-34.125,33.875,3.52243,38722,2955,100,612
1706673402119857747,23763,23763,9081,14682,0,0,0,0,0,3.84021,255,133.267,31.9797,50.5,88.5,131.5,188.5,241.5,0,189,0,150,27.5,41.5,51.5,-37.8976,38.2568,-33.875,33.875,2.98344,38723,2417,100,652
1706673402219699254,23861,23861,9017,14844,0,0,0,11,0.000461003,0,255,134.206,32.2815,52.5,88.5,131.5,189.5,234.5,4,159,0,152,28.5,45.5,55.5,-38.2048,38.5007,-33.875,34.125,3.87265,38723,1934,100,452
1706673402319543287,23941,23941,9003,14938,0,0,0,17,0.000710079,0,255,134.369,34.36,46.5,85.5,132.5,191.5,245.5,4,205,0,150,29.5,49.5,61.5,-38.5024,38.135,-34.125,34.375,3.4227,38723,1562,100,455
1706673402420193265,23947,23947,9022,14925,0,0,0,13,0.000542865,0,255,133.694,36.9877,51.5,82.5,131.5,196.5,252.5,4,217,0,150,30.5,52.5,63.5,-38.0882,38.5129,-34.375,34.375,3.22919,38723,1465,100,460
1706673402520042979,23859,23859,8975,14884,0,0,0,18,0.000754432,0,255,134.683,37.0417,56.5,82.5,132.5,197.5,239.5,3,184,0,150,30.5,55.5,65.5,-38.5099,38.1017,-34.625,34.375,3.18407,38723,1164,100,314
1706673402619883380,23996,23996,8960,15036,0,0,0,11,0.00045841,0,255,136.22,38.1676,60.5,82.5,132.5,204.5,255.5,4,337,0,150,32.5,58.5,74.5,-38.1789,38.4935,-34.375,34.625,3.08554,38723,939,100,413
1706673402719730644,24000,24000,8990,15010,0,0,0,17,0.000708333,18.4499,255,137.344,37.2738,67.5,85.5,134.5,203.5,255.5,0,317,5,150,35.5,62.5,80.5,-38.4813,38.2596,-34.625,34.375,2.9502,38723,460,100,1704
1706673402819563776,24000,24000,8981,15019,0,0,0,14,0.000583333,19.6291,255,137.927,38.177,64.5,85.5,134.5,208.5,255.5,0,443,5,150,37.5,65.5,88.5,-38.3085,38.4652,-34.375,34.625,2.98819,38723,247,100,2509
1706673402920208630,23998,23998,8956,15042,0,0,0,17,0.000708392,13.9585,255,137.845,37.4502,61.5,84.5,135.5,200.5,255.5,0,432,4,150,39.5,64.5,91.5,-38.4441,38.3385,-34.625,34.625,3.1817,38723,165,100,2514
1706673403020045995,23998,23998,8972,15026,0,0,0,15,0.000625052,13.4015,255,136.984,36.6209,62.5,84.5,134.5,197.5,255.5,0,402,4,151,39.5,62.5,79.5,-38.3797,38.4157,-34.625,34.125,3.10335,38723,132,100,2488
1706673403119888280,23999,23999,9062,14937,0,0,0,16,0.000666694,16.468,255,138.351,38.9871,57.5,83.5,135.5,204.5,255.5,0,639,4,151,40.5,63.5,83.5,-38.3903,38.4071,-34.125,34.125,3.13421,38723,131,100,2435
1706673403219735030,23999,23999,9117,14882,0,0,0,16,0.000666694,16.5306,255,138.168,38.5772,61.5,83.5,135.5,208.5,255.5,0,550,4,151,40.5,65.5,89.5,-38.4433,37.6304,-34.125,33.625,3.07841,38723,160,100,2440
1706673403319581823,23998,23998,9184,14814,0,0,0,0,0,12.9206,255,138.728,37.3185,62.5,85.5,136.5,204.5,255.5,0,380,4,150,38.5,64.5,86.5,-37.7651,38.3466,-33.875,34.125,3.01074,38723,262,100,2230
1706673403420224527,24000,24000,9031,14969,0,0,0,13,0.000541667,16.4726,255,137.554,36.0332,64.5,86.5,134.5,199.5,255.5,0,299,5,150,33.5,59.5,73.5,-38.2852,38.4742,-34.125,34.125,2.987,38723,573,100,747
1706673403520055571,23867,23867,8979,14888,0,0,0,17,0.000712281,0,255,136.679,38.3052,62.5,83.5,132.5,208.5,255.5,5,356,0,153,30.5,56.5,72.5,-38.4937,38.2376,-34.125,34.375,3.21257,38724,1011,100,525
1706673403619881772,23902,23902,8972,14930,0,0,0,10,0.000418375,0,255,135.476,37.447,61.5,84.5,130.5,203.5,255.5,2,378,0,150,28.5,51.5,64.5,-38.1643,38.4989,-34.375,34.625,2.98106,38724,1586,100,387
1706673403719712892,23889,23889,8953,14936,0,0,0,17,0.000711625,0,255,134.491,33.6452,56.5,84.5,132.5,194.5,245.5,6,187,0,150,27.5,45.5,56.5,-38.5161,38.0923,-34.625,34.375,3.11997,38724,1815,100,393
1706673403819555235,23849,23849,9001,14848,0,0,0,11,0.000461235,0,255,135.168,33.3475,58.5,87.5,132.5,196.5,241.5,1,140,0,162,27.5,43.5,52.5,-38.0889,38.5101,-34.625,34.625,3.02143,38724,2031,100,423
1706673403920183795,23855,23855,8953,14902,0,0,0,17,0.000712639,0,255,132.98,33.3786,49.5,86.5,131.5,192.5,239.5,5,178,0,150,26.5,41.5,51.5,-38.4985,38.1613,-34.625,34.375,2.98106,38724,2213,100,469
1706673404020036179,23856,23856,8928,14928,0,0,0,12,0.000503018,0,255,133.018,33.4109,51.5,84.5,130.5,190.5,247.5,3,189,0,152,27.5,42.5,51.5,-38.2467,38.48,-34.375,34.625,3.01787,38724,2342,100,503
1706673404119873497,23817,23817,8964,14853,0,0,0,17,0.000713776,0,255,133.95,33.9367,49.5,83.5,131.5,193.5,246.5,2,191,0,150,26.5,41.5,51.5,-38.4705,38.2901,-34.625,34.625,3.0891,38725,2474,100,468
1706673404219731966,23742,23742,9005,14737,0,0,0,14,0.000589672,0,255,133.538,34.3211,48.5,83.5,131.5,195.5,244.5,11,182,0,150,26.5,41.5,50.5,-38.3309,38.4515,-34.625,34.125,3.15321,38725,2798,100,472
1706673404319570905,23551,23551,9024,14527,0,0,0,16,0.000679377,0,255,133.113,34.0781,39.5,83.5,130.5,191.5,248.5,18,193,0,154,25.5,40.5,51.5,-38.4188,38.3679,-34.125,34.125,3.17577,38728,3081,100,478
1706673404420220896,23143,23143,9128,14015,0,0,0,15,0.000648144,0,255,132.39,34.6432,37.5,79.5,130.5,194.5,242.5,9,183,0,151,25.5,40.5,50.5,-38.4045,37.5851,-34.125,33.875,3.09622,38729,3173,100,468
1706673404520063831,23266,23266,9119,14147,0,0,0,0,0,0,255,132.861,35.5341,36.5,79.5,131.5,197.5,245.5,48,202,0,150,25.5,40.5,50.5,-37.6209,38.3961,-33.875,34.125,3.07248,38733,3197,100,498
1706673404619908159,23698,23698,9118,14580,0,0,0,14,0.000590767,0,255,132.93,33.145,47.5,85.5,131.5,191.5,244.5,3,166,0,150,26.5,41.5,50.5,-38.3502,38.4372,-34.125,34.125,3.08435,38737,2912,100,492
1706673404719750872,23790,23790,8979,14811,0,0,0,17,0.000714586,0,255,132.657,32.2351,51.5,88.5,130.5,190.5,234.5,19,143,0,150,26.5,41.5,51.5,-38.4693,38.2962,-34.125,34.625,3.07723,38737,2565,100,506
1706673404819592696,23820,23820,8896,14924,0,0,0,12,0.000503778,0,255,132.702,31.9925,48.5,87.5,130.5,190.5,232.5,8,142,0,154,26.5,42.5,51.5,-38.232,38.4891,-34.375,34.625,2.83148,38737,2348,100,499
1706673404919824986,23784,23784,8887,14897,0,0,0,17,0.000714766,0,255,132.577,33.4572,43.5,85.5,131.5,192.5,242.5,18,189,0,158,26.5,42.5,52.5,-38.5034,38.1809,-34.625,34.375,2.94189,38737,2509,100,456
1706673405019671001,23694,23694,8967,14727,0,0,0,9,0.000379843,0,255,133.099,32.8777,45.5,87.5,130.5,191.5,241.5,7,169,0,155,26.5,41.5,50.5,-38.1178,38.5122,-34.375,34.625,2.99412,38737,2490,100,460
1706673405119507576,23939,23939,9013,14926,0,0,0,18,0.000751911,7.77566,255,132.296,31.5108,48.5,90.5,130.5,188.5,235.5,0,122,0,157,26.5,40.5,49.5,-38.5152,38.0832,-34.625,34.375,3.03567,38737,2739,100,611
1706673405220152341,23709,23709,8981,14728,0,0,0,9,0.000379603,0,255,133.3,32.3929,49.5,89.5,130.5,192.5,252.5,7,210,0,150,26.5,39.5,49.5,-38.146,38.5039,-34.375,34.625,3.11997,38738,2391,100,430
1706673405319981560,23915,23915,8956,14959,0,0,0,17,0.000710851,0,255,134.288,31.668,63.5,90.5,131.5,191.5,247.5,7,211,0,150,27.5,42.5,53.5,-38.4998,38.2082,-34.625,34.375,3.03567,38738,2099,100,411
1706673405419811656,23851,23851,8977,14874,0,0,0,13,0.000545051,6.32079,255,134.401,32.8068,64.5,87.5,131.5,192.5,234.5,0,124,0,164,28.5,48.5,62.5,-38.2837,38.4709,-34.625,34.125,3.26718,38738,1773,100,398
1706673405519645028,23862,23862,9069,14793,0,0,0,16,0.000670522,0,255,135.04,40.8489,50.5,76.5,132.5,211.5,255.5,1,479,0,150,29.5,57.5,72.5,-38.4524,38.3239,-34.125,34.125,3.35859,38738,1215,100,359
1706673405619893088,24000,24000,9097,14903,0,0,0,15,0.000625,13.8195,255,138.589,38.0897,52.5,82.5,135.5,203.5,255.5,0,323,4,175,35.5,66.5,88.5,-38.3604,37.7136,-34.125,33.875,3.34435,38738,349,100,1470
1706673405719738230,23999,23999,9178,14821,0,0,0,0,0,10.7087,255,137.549,38.5151,55.5,81.5,134.5,203.5,255.5,0,392,3,150,38.5,68.5,91.5,-37.6274,38.4416,-33.625,34.125,3.10453,38738,157,100,2373
1706673405819575664,23998,23998,9101,14897,0,0,0,16,0.000666722,11.688,255,138.672,40.2063,44.5,80.5,137.5,207.5,255.5,0,622,4,150,41.5,70.5,86.5,-38.3956,38.4022,-34.125,34.125,2.98225,38738,101,100,1965
1706673405920212230,23997,23997,8980,15017,0,0,0,16,0.00066675,11.3535,255,136.899,40.5971,36.5,75.5,136.5,208.5,255.5,0,602,4,150,41.5,68.5,82.5,-38.4341,38.3666,-34.125,34.625,2.86353,38738,84,84,1619
1706673406020034691,23997,23997,8957,15040,0,0,0,14,0.000583406,11.1074,255,137.595,38.4342,37.5,81.5,135.5,205.5,255.5,0,474,3,150,41.5,65.5,75.5,-38.3331,38.4512,-34.625,34.625,2.96919,38738,76,76,1511
1706673406119885492,23999,23999,8895,15104,0,0,0,17,0.000708363,11.9037,255,138.742,40.1268,45.5,78.5,136.5,212.5,255.5,0,628,4,150,42.5,71.5,96.5,-38.4757,38.2814,-34.625,34.375,4.2205,38738,84,84,1655
1706673406219731025,24000,24000,8918,15082,0,0,0,12,0.0005,13.2457,255,139.208,37.8743,48.5,84.5,136.5,206.5,255.5,0,554,4,150,43.5,70.5,95.5,-38.2397,38.4877,-34.375,34.625,3.0701,38738,108,100,2185
1706673406319568075,23999,23999,9006,14993,0,0,0,18,0.000750031,14.9924,255,138.269,37.4979,58.5,84.5,135.5,205.5,255.5,0,519,3,150,39.5,68.5,90.5,-38.4955,38.1787,-34.625,34.375,2.90627,38738,201,100,2248
1706673406420208054,23899,23899,8993,14906,0,0,0,13,0.000543956,0,255,137.301,38.0235,60.5,84.5,133.5,205.5,255.5,2,396,0,152,33.5,63.5,78.5,-38.1073,38.5128,-34.375,34.625,2.80773,38739,774,100,469
1706673406520033038,23916,23916,9022,14894,0,0,0,17,0.000710821,0,255,134.583,37.0428,56.5,82.5,130.5,202.5,255.5,1,282,0,169,29.5,50.5,67.5,-38.5086,38.0977,-34.125,34.375,2.86828,38739,1476,100,500
1706673406619875537,23990,23990,9068,14922,0,0,0,9,0.000375156,0,255,134.115,32.1858,57.5,88.5,131.5,192.5,255.5,3,240,0,207,28.5,43.5,55.5,-38.1499,38.5067,-34.875,34.125,3.08079,38741,1875,100,476
1706673406719711452,23923,23923,9019,14904,0,0,0,18,0.000752414,0,255,134.139,32.4579,62.5,91.5,131.5,190.5,255.5,1,277,0,168,28.5,42.5,55.5,-38.496,38.2019,-34.125,33.875,3.09266,38743,1906,100,519
1706673406819534484,23807,23807,9020,14787,0,0,0,12,0.000504053,0,255,135.918,39.1589,65.5,81.5,132.5,209.5,255.5,6,430,0,150,29.5,50.5,67.5,-38.2646,37.9006,-33.875,33.875,3.15321,38749,1321,100,340
1706673406920163331,24000,24000,9173,14827,0,0,0,0,0,28.0676,255,136.992,36.0169,67.5,85.5,133.5,199.5,255.5,0,404,7,150,34.5,59.5,83.5,-37.7992,38.4842,-33.875,34.125,3.16152,38749,371,100,1537
1706673407020013219,24000,24000,9133,14867,0,0,0,17,0.000708333,29.6513,255,139.061,35.2848,67.5,90.5,136.5,200.5,255.5,0,398,6,150,38.5,58.5,72.5,-38.4625,38.3155,-34.125,34.125,3.16271,38749,120,100,2064
1706673407119839792,23991,23991,9012,14979,0,0,0,15,0.000625234,24.214,255,139.15,34.9175,65.5,90.5,137.5,196.5,255.5,0,523,6,150,40.5,67.5,80.5,-38.3561,38.4459,-34.125,34.625,3.01193,38749,89,89,1552
1706673407219676346,23998,23998,8886,15112,0,0,0,16,0.000666722,24.2568,255,138.091,35.4532,66.5,83.5,136.5,199.5,255.5,0,419,6,150,42.5,72.5,97.5,-38.4168,38.3877,-34.625,34.625,3.02855,38749,86,86,1732
1706673407319509117,23998,23998,8863,15135,0,0,0,16,0.000666722,22.2496,255,138.815,34.6341,69.5,87.5,136.5,196.5,255.5,0,407,6,150,42.5,74.5,98.5,-38.4235,38.371,-34.625,34.625,2.95257,38749,121,100,2316
1706673407420128908,23999,23999,8966,15033,0,0,0,14,0.000583358,23.4098,255,138.948,35.628,73.5,89.5,135.5,204.5,255.5,0,530,8,150,37.5,69.5,86.5,-38.321,38.4561,-34.625,34.625,3.03567,38749,258,100,2068
1706673407519967580,23818,23818,8982,14836,0,0,0,17,0.000713746,0,255,137.315,37.4473,68.5,85.5,133.5,203.5,255.5,4,399,0,164,30.5,62.5,80.5,-38.4766,38.2655,-34.625,34.625,3.06179,38749,1055,100,245
1706673407619815154,23959,23959,9045,14914,0,0,0,12,0.000500856,4.65087,255,134.776,36.6007,54.5,84.5,130.5,200.5,255.5,0,268,0,150,27.5,47.5,59.5,-38.2179,38.4921,-34.125,34.625,3.07129,38749,1461,100,556
1706673407719654415,23841,23841,8971,14870,0,0,0,17,0.000713057,0,255,135.726,33.0733,55.5,87.5,132.5,196.5,242.5,2,205,0,161,27.5,43.5,53.5,-38.5081,38.1513,-34.125,34.375,3.0238,38749,2177,100,383
1706673407819890294,23805,23805,9112,14693,0,0,0,5,0.00021004,0,255,131.78,31.6208,49.5,85.5,129.5,187.5,232.5,22,145,0,150,26.5,40.5,50.5,-38.0417,38.5076,-34.125,34.125,3.28617,38750,2880,100,646
1706673407919725185,23826,23826,9083,14743,0,0,0,23,0.000965332,3.94808,255,131.818,31.1236,47.5,89.5,129.5,185.5,237.5,0,166,0,227,25.5,40.5,49.5,-38.5145,38.1069,-35.125,34.125,3.15202,38750,2894,100,447
1706673408019560404,23794,23794,9058,14736,0,0,0,10,0.000420274,0,255,133.357,31.166,46.5,87.5,131.5,186.5,229.5,4,122,0,188,26.5,40.5,49.5,-38.1684,38.0074,-34.125,33.875,3.19476,38762,2403,100,489
1706673408120202446,23811,23811,9012,14799,0,0,0,0,0,0,255,132.725,31.4149,49.5,89.5,130.5,186.5,243.5,10,180,0,150,26.5,39.5,49.5,-37.9337,38.5048,-33.875,34.125,3.03924,38762,2442,100,468
1706673408220042368,23803,23803,9100,14703,0,0,0,17,0.000714196,0,255,133.233,30.9466,51.5,89.5,131.5,188.5,221.5,15,119,0,150,26.5,39.5,49.5,-38.4942,38.2302,-34.125,34.125,3.14608,38762,2508,100,504
1706673408319896734,23755,23755,9058,14697,0,0,0,13,0.000547253,0,255,133.303,31.9637,43.5,89.5,131.5,189.5,232.5,12,132,0,150,26.5,40.5,49.5,-38.2925,38.4688,-34.375,34.625,3.00956,38764,2567,100,467
1706673408419727160,23729,23729,8930,14799,0,0,0,16,0.00067428,0,255,132.685,31.6409,43.5,86.5,130.5,187.5,232.5,11,134,0,150,26.5,40.5,49.5,-38.4471,38.3363,-34.625,34.625,2.90746,38764,2801,100,460
1706673408519546306,23644,23644,8852,14792,0,0,0,15,0.00063441,0,255,131.841,30.9822,45.5,89.5,129.5,186.5,227.5,8,103,0,150,25.5,39.5,48.5,-38.3794,38.421,-34.625,34.625,2.93595,38769,2907,100,409
1706673408620196860,23680,23680,8836,14844,0,0,0,15,0.000633446,0,255,132.989,30.4936,50.5,92.5,130.5,187.5,227.5,2,106,0,150,26.5,39.5,48.5,-38.3822,38.4158,-34.625,34.625,2.94664,38769,2758,100,508
1706673408720050117,23749,23749,8965,14784,0,0,0,16,0.000673713,0,255,132.49,31.2196,46.5,91.5,129.5,189.5,231.5,8,102,0,150,25.5,39.5,48.5,-38.452,38.3267,-34.625,34.625,3.11878,38771,2839,100,508
1706673408819891789,23615,23615,9080,14535,0,0,0,13,0.000550498,0,255,132.404,31.3451,39.5,90.5,130.5,187.5,232.5,2,117,0,150,25.5,39.5,49.5,-38.3004,38.4708,-34.375,34.625,2.86116,38771,2887,100,407
1706673408919727089,23422,23422,9012,14410,0,0,0,17,0.000725813,4.43945,255,132.456,32.1901,40.5,88.5,130.5,190.5,234.5,0,133,0,150,25.5,39.5,48.5,-38.4916,38.2382,-34.125,34.375,3.06773,38772,3063,100,382
1706673409019569413,23237,23237,9032,14205,0,0,0,0,0,0,255,131.868,34.017,37.5,77.5,130.5,189.5,235.5,5,122,0,150,25.5,40.5,50.5,-37.9188,38.498,-33.875,34.125,3.06417,38772,3196,100,427
1706673409120217455,23387,23387,9068,14319,0,0,0,22,0.000940694,0,255,131.66,33.6942,38.5,79.5,130.5,189.5,243.5,4,169,0,150,25.5,40.5,50.5,-38.5033,38.0069,-34.875,34.125,3.20782,38772,3134,100,369
1706673409220056879,23411,23411,9110,14301,0,0,0,12,0.00051258,0,255,131.208,33.8478,38.5,78.5,129.5,188.5,235.5,22,161,0,150,25.5,39.5,49.5,-38.4111,38.1165,-34.625,34.125,3.13065,38772,3101,100,436
1706673409319886975,23292,23292,9074,14218,0,0,0,5,0.000214666,0,255,131.437,33.7816,34.5,76.5,130.5,190.5,232.5,18,140,0,151,25.5,40.5,49.5,-38.044,38.5154,-34.125,34.125,2.92764,38772,3183,100,503
1706673409419729373,22970,22970,8985,13985,0,0,0,17,0.000740096,0,255,132.008,33.9152,33.5,79.5,130.5,189.5,243.5,22,165,0,150,25.5,40.5,50.5,-38.5039,38.1528,-34.125,34.375,2.93358,38772,3257,100,305
1706673409519567455,22991,22991,9071,13920,0,0,0,12,0.000521943,0,255,132.139,34.7775,30.5,76.5,131.5,190.5,234.5,40,139,0,151,25.5,40.5,50.5,-38.2348,38.492,-34.375,34.625,2.87184,38774,3158,100,356
1706673409620196647,23006,23006,8944,14062,0,0,0,17,0.000738938,0,255,131.468,34.2006,36.5,74.5,130.5,188.5,240.5,4,149,0,150,25.5,41.5,51.5,-38.4885,38.2702,-34.625,34.625,2.89321,38778,3118,100,289
1706673409720030839,23096,23096,8918,14178,0,0,0,14,0.000606166,0,255,132.526,32.8452,34.5,83.5,131.5,189.5,232.5,23,137,0,150,25.5,40.5,50.5,-38.3138,38.4564,-34.625,34.625,2.88609,38778,3155,100,344
1706673409819852419,23367,23367,8840,14527,0,0,0,16,0.000684726,0,255,132.396,34.4052,39.5,78.5,130.5,193.5,236.5,4,124,0,150,25.5,40.5,51.5,-38.421,38.3736,-34.625,34.625,2.93476,38816,3294,100,388
1706673409919693131,23133,23133,8898,14235,0,0,0,15,0.000648424,0,255,131.734,34.9556,34.5,78.5,130.5,191.5,242.5,11,194,0,150,25.5,40.5,52.5,-38.3974,38.3986,-34.625,34.625,2.89084,38818,3011,100,416
1706673410019540700,23476,23476,9030,14446,0,0,0,15,0.00063895,0,255,132.434,33.9412,42.5,79.5,131.5,190.5,234.5,20,134,0,151,25.5,40.5,50.5,-38.3586,38.4333,-34.375,34.625,3.03449,38818,3218,100,334
1706673410120173668,23695,23695,9124,14571,0,0,0,17,0.000717451,0,255,133.104,33.2394,42.5,85.5,130.5,192.5,241.5,27,142,0,150,26.5,40.5,50.5,-38.4475,38.3237,-34.125,34.375,3.03449,38818,2982,100,368
1706673410220013389,23749,23749,9068,14681,0,0,0,0,0,0,255,133.715,32.3111,51.5,88.5,131.5,192.5,239.5,9,188,0,150,26.5,40.5,50.5,-37.789,38.4752,-33.875,34.125,3.16745,38818,2722,100,371
1706673410319876464,23747,23747,9030,14717,0,0,0,13,0.000547438,0,255,133.242,31.9125,49.5,91.5,130.5,191.5,245.5,2,180,0,150,26.5,39.5,49.5,-38.2702,37.8555,-34.125,33.875,2.88965,38819,2652,100,315
1706673410419714043,23742,23742,9024,14718,0,0,0,17,0.000716031,0,255,132.97,32.529,50.5,89.5,130.5,191.5,246.5,16,165,0,150,26.5,40.5,50.5,-38.4912,38.2303,-34.375,34.125,2.92645,38819,2701,100,403
1706673410519562632,23709,23709,9085,14624,0,0,0,10,0.000421781,0,255,131.943,31.2591,46.5,89.5,130.5,185.5,229.5,18,122,0,150,26.5,39.5,48.5,-38.1515,38.5027,-34.875,34.125,2.84929,38819,2736,100,450
1706673410620197454,23747,23747,8998,14749,0,0,0,17,0.00071588,0,255,132.468,31.6305,50.5,89.5,130.5,189.5,237.5,3,158,0,150,26.5,40.5,50.5,-38.5054,38.0761,-34.125,34.375,2.92645,38819,2796,100,434
1706673410720029997,23753,23753,9032,14721,0,0,0,10,0.000420999,0,255,132.768,30.1412,48.5,93.5,130.5,185.5,234.5,4,129,0,150,26.5,39.5,49.5,-38.1165,38.5042,-34.375,34.625,2.93595,38820,2651,100,369
1706673410819870527,23869,23869,8999,14870,0,0,0,17,0.000712221,0,255,132.491,31.9774,47.5,90.5,130.5,186.5,244.5,2,197,0,150,26.5,40.5,49.5,-38.5049,38.1826,-34.625,34.375,3.06061,38822,2577,100,493
1706673410919701873,23612,23612,8846,14766,0,0,0,12,0.000508216,0,255,132.802,31.0502,51.5,89.5,131.5,185.5,232.5,8,141,0,150,26.5,39.5,48.5,-38.2382,38.4881,-34.625,34.625,3.06417,38823,2539,100,470
1706673411019534839,23773,23773,8860,14913,0,0,0,17,0.000715097,0,255,133.01,32.0586,46.5,88.5,130.5,186.5,237.5,10,161,0,150,26.5,40.5,50.5,-38.4831,38.2763,-34.625,34.625,4.10653,38823,2571,100,394
1706673411120179276,23791,23791,8938,14853,0,0,0,14,0.000588458,0,255,132.788,33.3202,44.5,83.5,131.5,190.5,237.5,3,173,0,150,26.5,40.5,50.5,-38.3235,38.4524,-34.625,34.625,3.5711,38824,2657,100,441
1706673411220022092,23794,23794,8999,14795,0,0,0,16,0.000672438,0,255,133.168,32.3534,51.5,87.5,130.5,188.5,241.5,1,183,0,151,26.5,40.5,50.5,-38.4252,38.3655,-34.125,34.625,3.28736,38828,2546,100,393
1706673411319865424,23721,23721,9098,14623,0,0,0,16,0.000674508,0,255,132.164,31.6961,51.5,86.5,130.5,187.5,231.5,11,177,0,150,25.5,39.5,50.5,-38.3929,38.399,-34.125,34.125,3.10216,38828,2756,100,417
1706673411419704271,23625,23625,9154,14471,0,0,0,0,0,3.995,255,131.514,31.7778,43.5,87.5,129.5,184.5,232.5,0,150,0,150,25.5,39.5,50.5,-37.6315,38.4432,-33.625,34.125,2.89915,38828,2991,100,562
1706673411519551096,23504,23504,9050,14454,0,0,0,14,0.000595643,0,255,132.015,32.1562,41.5,86.5,130.5,187.5,234.5,3,140,0,150,26.5,39.5,50.5,-38.3486,37.7221,-34.125,33.875,3.03805,38829,2945,100,417
1706673411620188028,23613,23613,9053,14560,0,0,0,17,0.000719942,0,255,132.117,32.5923,37.5,85.5,130.5,188.5,237.5,22,179,0,150,25.5,40.5,49.5,-38.4564,38.3083,-34.125,34.125,2.8291,38830,2944,100,378
1706673411720046954,23629,23629,9016,14613,0,0,0,12,0.000507851,0,255,132.253,33.8606,37.5,84.5,129.5,192.5,241.5,15,192,0,150,26.5,40.5,50.5,-38.2621,38.4837,-34.875,34.125,3.03449,38830,2963,100,476
1706673411819889581,23457,23457,8989,14468,0,0,0,17,0.00072473,0,255,132.331,32.3508,44.5,86.5,129.5,187.5,233.5,7,158,0,150,25.5,40.5,50.5,-38.4907,38.1866,-34.375,34.625,2.96023,38838,2915,100,508
1706673411919733845,23447,23447,8953,14494,0,0,0,9,0.000383844,3.97107,255,132.559,32.449,41.5,82.5,131.5,186.5,234.5,0,159,0,150,26.5,40.5,49.5,-38.1319,38.5107,-34.375,34.625,3.19771,38840,2959,100,512
1706673412019568802,23756,23756,9013,14743,0,0,0,18,0.000757703,0,255,133.273,33.485,41.5,84.5,132.5,189.5,247.5,10,194,0,151,27.5,41.5,52.5,-38.5072,38.0734,-34.625,34.625,3.29271,38840,2689,100,428
1706673412120211311,23804,23804,8908,14896,0,0,0,9,0.000378088,0,255,133.619,32.9629,45.5,83.5,132.5,187.5,242.5,16,185,0,150,27.5,42.5,51.5,-38.1145,38.5102,-34.375,34.625,3.3117,38840,2493,100,523
1706673412220039847,23801,23801,8854,14947,0,0,0,17,0.000714256,0,255,133.409,32.1395,49.5,87.5,131.5,190.5,238.5,2,157,0,151,27.5,41.5,50.5,-38.5005,38.1876,-34.625,34.375,3.1514,38840,2489,100,524
1706673412319889782,23755,23755,8928,14827,0,0,0,12,0.000505157,0,255,133.199,32.6003,47.5,86.5,131.5,191.5,234.5,4,161,0,150,27.5,40.5,50.5,-38.2349,38.4923,-34.625,34.625,3.24877,38840,2595,100,563
1706673412419725311,23691,23691,8995,14696,0,0,0,16,0.000675362,0,255,132.074,31.6397,47.5,86.5,130.5,187.5,239.5,1,148,0,150,26.5,39.5,50.5,-38.4654,38.3042,-34.125,34.625,3.21434,38840,2951,100,511
1706673412519567724,23594,23594,9110,14484,0,0,0,14,0.000593371,0,255,130.624,31.3932,41.5,86.5,128.5,182.5,239.5,7,158,0,150,25.5,39.5,50.5,-38.3494,38.4378,-34.125,34.125,3.33901,38841,2974,100,507
1706673412620206148,23654,23654,9146,14508,0,0,0,0,0,0,255,131.48,30.0546,46.5,91.5,130.5,180.5,229.5,22,161,0,150,26.5,39.5,51.5,-37.6242,38.3871,-33.625,34.125,3.567,38842,2919,100,527
1706673412720049117,23704,23704,9051,14653,0,0,0,15,0.000632805,0,255,132.249,29.5554,49.5,94.5,130.5,183.5,228.5,7,141,0,150,26.5,39.5,49.5,-38.4051,37.5969,-34.125,33.625,3.42213,38842,2693,100,447
1706673412819900720,23636,23636,9004,14632,0,0,0,16,0.000676933,4.09312,255,132.078,29.7089,44.5,94.5,130.5,181.5,236.5,0,175,0,150,26.5,39.5,50.5,-38.4295,38.3586,-34.375,34.125,4.0764,38852,2592,100,447
1706673412919724069,23870,23870,9027,14843,0,0,0,14,0.00058651,0,255,131.553,30.3817,45.5,91.5,129.5,183.5,232.5,14,181,0,150,26.5,39.5,49.5,-38.3203,38.4613,-34.625,34.125,4.2747,38852,2754,100,517
1706673413019553207,23775,23775,8953,14822,0,0,0,17,0.000715037,0,255,132.41,29.7678,54.5,89.5,130.5,184.5,239.5,4,212,0,150,26.5,38.5,50.5,-38.4684,38.2931,-34.625,34.625,3.51036,38852,2557,100,425
1706673413120194126,23770,23770,8968,14802,0,0,0,12,0.000504838,0,255,133.219,31.1397,47.5,88.5,131.5,185.5,236.5,7,165,0,150,26.5,39.5,50.5,-38.2384,38.491,-34.375,34.625,3.36172,38853,2574,100,479
1706673413220035497,23803,23803,8884,14919,0,0,0,17,0.000714196,0,255,132.498,30.5258,49.5,89.5,130.5,185.5,229.5,2,160,0,150,26.5,38.5,48.5,-38.5082,38.1824,-34.625,34.375,3.03827,38853,2585,100,339
1706673413319871695,23738,23738,9006,14732,0,0,0,10,0.000421265,0,255,132.921,30.8021,44.5,87.5,130.5,185.5,232.5,2,146,0,150,26.5,38.5,47.5,-38.1103,38.5029,-34.375,34.625,3.06443,38855,2720,100,386
1706673413419723562,23638,23638,8953,14685,0,0,0,18,0.000761486,0,255,132.103,30.7854,48.5,90.5,130.5,187.5,230.5,8,141,0,150,25.5,38.5,49.5,-38.5064,38.084,-34.625,34.375,3.0133,38855,2844,100,449
1706673413519565053,23624,23624,8942,14682,0,0,0,10,0.000423298,8.32272,255,132.093,30.7932,44.5,89.5,130.5,186.5,227.5,0,103,0,150,25.5,38.5,48.5,-38.1651,38.5085,-34.375,34.625,3.04778,38857,2956,100,438
1706673413620218010,23698,23698,8945,14753,0,0,0,17,0.00071736,0,255,132.332,30.8146,48.5,90.5,131.5,188.5,227.5,2,120,0,150,26.5,38.5,48.5,-38.4856,38.2193,-34.125,34.625,3.06324,38857,2880,100,429
1706673413720054259,23718,23718,9042,14676,0,0,0,13,0.000548107,0,255,133.107,31.2504,47.5,92.5,130.5,190.5,233.5,3,135,0,150,26.5,39.5,48.5,-38.2841,38.4767,-34.125,34.125,3.06681,38857,2789,100,376
1706673413819895034,23464,23464,9156,14308,0,0,0,0,0,0,255,132.737,30.8062,51.5,91.5,130.5,189.5,231.5,3,146,0,150,26.5,38.5,47.5,-37.7661,38.3225,-33.875,34.125,3.02638,38857,2629,100,366
1706673413919745030,23695,23695,9159,14536,0,0,0,17,0.000717451,0,255,131.585,32.3827,42.5,83.5,130.5,187.5,234.5,8,152,0,150,25.5,38.5,48.5,-38.4463,37.6952,-34.125,33.875,3.19761,38857,3069,100,411
1706673414019584251,23695,23695,8997,14698,0,0,0,15,0.000633045,0,255,132.614,33.0629,41.5,82.5,130.5,192.5,233.5,13,130,0,151,26.5,39.5,48.5,-38.3696,38.4196,-34.375,34.125,3.17026,38857,2823,100,404
1706673414119815294,23718,23718,8943,14775,0,0,0,15,0.000632431,0,255,132.712,30.8134,51.5,85.5,131.5,185.5,224.5,5,127,0,151,26.5,40.5,49.5,-38.374,38.4209,-34.625,34.125,3.08821,38858,2649,100,382
1706673414219660547,23752,23752,8903,14849,0,0,0,17,0.000715729,0,255,133.002,30.5559,48.5,88.5,131.5,186.5,225.5,11,91,0,150,26.5,39.5,48.5,-38.4486,38.3422,-34.625,34.625,3.1334,38858,2707,100,347
1706673414319897409,23680,23680,8980,14700,0,0,0,13,0.000548986,0,255,132.715,31.2748,46.5,87.5,130.5,188.5,230.5,6,125,0,150,25.5,39.5,48.5,-38.2961,38.4657,-34.625,34.625,3.12983,38858,2721,100,368
1706673414419738512,23551,23551,8960,14591,0,0,0,17,0.000721838,4.16023,255,132.522,30.9733,47.5,87.5,131.5,186.5,237.5,0,152,0,150,25.5,38.5,48.5,-38.4855,38.246,-34.625,34.625,3.03708,38861,3000,100,376
1706673414519579735,23391,23391,8905,14486,0,0,0,11,0.000470266,0,255,132.773,31.624,42.5,86.5,131.5,186.5,227.5,34,126,0,156,25.5,39.5,48.5,-38.195,38.5021,-34.625,34.625,3.0347,38861,2979,100,334
1706673414620218366,23578,23578,8964,14614,0,0,0,17,0.000721011,0,255,131.936,32.5839,40.5,78.5,131.5,185.5,230.5,27,139,0,150,25.5,38.5,47.5,-38.5089,38.1326,-34.625,34.375,3.06681,38863,2971,100,400
1706673414720053783,23318,23318,9010,14308,0,0,0,13,0.000557509,0,255,130.993,31.1068,40.5,80.5,130.5,180.5,230.5,16,128,0,150,24.5,38.5,48.5,-38.0699,38.5128,-34.375,34.625,2.9431,38874,3159,100,459
1706673414819895037,23214,23214,8991,14223,0,0,0,17,0.000732317,4.96427,255,131.305,31.5418,42.5,84.5,129.5,183.5,239.5,0,159,0,150,25.5,38.5,48.5,-38.5148,38.123,-34.125,34.625,2.83965,38874,2984,100,331
1706673414919732810,23237,23237,9017,14220,0,0,0,10,0.000430348,0,255,131.025,32.7923,35.5,76.5,130.5,184.5,238.5,40,165,0,150,25.5,38.5,47.5,-38.1822,38.5022,-34.125,34.375,3.03823,38876,3138,100,356
1706673415019573151,23351,23351,9063,14288,0,0,0,0,0,0,255,131.569,31.519,39.5,86.5,129.5,185.5,239.5,4,173,0,150,25.5,38.5,48.5,-37.9237,38.2459,-33.875,34.125,2.85987,38876,3105,100,367
1706673415120204612,23507,23507,9092,14415,0,0,0,17,0.000723189,0,255,131.727,30.3249,42.5,91.5,129.5,183.5,235.5,9,150,0,150,25.5,38.5,48.5,-38.4848,37.8244,-34.125,33.875,2.8016,38876,2947,100,376
1706673415220028849,23642,23642,9095,14547,0,0,0,13,0.000549869,4.36909,255,131.668,30.2728,44.5,87.5,130.5,180.5,235.5,0,164,0,150,25.5,38.5,47.5,-38.2877,38.4711,-34.375,34.125,2.87176,38876,2936,100,425
1706673415319870758,23698,23698,8958,14740,0,0,0,16,0.000675162,4.09488,255,131.251,29.5994,45.5,87.5,130.5,179.5,225.5,0,98,0,150,25.5,38.5,48.5,-38.4441,38.329,-34.625,34.375,2.93835,38876,2957,100,481
1706673415419696997,23717,23717,8886,14831,0,0,0,15,0.000632458,0,255,132.955,31.323,45.5,88.5,130.5,188.5,241.5,11,161,0,158,25.5,39.5,48.5,-38.3975,38.4056,-34.625,34.625,3.03942,38876,2906,100,472
1706673415519543769,23740,23740,8853,14887,0,0,0,15,0.000631845,0,255,133.225,30.6767,44.5,90.5,131.5,184.5,235.5,2,131,0,150,25.5,39.5,48.5,-38.3671,38.4243,-34.625,34.625,4.39504,38876,2739,100,472
1706673415620178026,23650,23650,8997,14653,0,0,0,17,0.000718816,0,255,132.254,30.2428,44.5,87.5,130.5,182.5,227.5,12,134,0,150,25.5,39.5,48.5,-38.4547,38.3214,-34.625,34.625,2.85749,38876,2753,100,483
1706673415720022827,23668,23668,8997,14671,0,0,0,13,0.000549265,0,255,132.304,30.5493,47.5,85.5,131.5,183.5,225.5,13,125,0,150,25.5,39.5,48.5,-38.2703,38.4748,-34.625,34.625,2.96927,38888,3066,100,454
1706673415819860796,23743,23743,8924,14819,0,0,0,17,0.000716001,0,255,132.555,30.7708,45.5,87.5,131.5,183.5,245.5,12,185,0,150,25.5,39.5,49.5,-38.4959,38.2259,-34.625,34.125,2.94191,38889,2855,100,388
1706673415919704044,23821,23821,9009,14812,0,0,0,11,0.000461777,0,255,133.635,30.3269,48.5,86.5,132.5,183.5,228.5,7,158,0,150,26.5,40.5,49.5,-38.1776,38.5005,-34.375,34.375,2.79922,38889,2390,100,489
1706673416019536564,23822,23822,9028,14794,0,0,0,18,0.000755604,0,255,132.407,31.982,41.5,81.5,132.5,186.5,229.5,2,127,0,150,27.5,41.5,50.5,-38.5068,38.0967,-34.125,34.875,2.71003,38889,2283,100,554
1706673416120177280,23841,23841,9053,14788,0,0,0,7,0.000293612,0,255,133.433,30.9626,48.5,87.5,132.5,186.5,231.5,7,157,0,160,27.5,41.5,51.5,-38.0913,38.509,-34.125,34.125,2.64225,38889,2325,100,439
1706673416220021268,23807,23807,9065,14742,0,0,0,5,0.000210022,0,255,132.739,32.2242,44.5,83.5,132.5,186.5,231.5,17,123,0,150,26.5,40.5,50.5,-38.037,38.1441,-34.125,34.125,2.58636,38889,2486,100,377
1706673416319855332,23736,23736,9101,14635,0,0,0,17,0.000716212,0,255,132.586,33.0263,42.5,80.5,131.5,187.5,238.5,15,178,0,150,26.5,40.5,50.5,-38.4989,37.9654,-34.125,33.875,2.71003,38889,2683,100,487
1706673416419688816,23650,23650,9105,14545,0,0,0,12,0.0005074,0,255,132.373,33.9088,40.5,77.5,132.5,189.5,243.5,47,172,0,150,25.5,40.5,49.5,-38.2159,38.4936,-34.125,34.125,2.823,38889,2958,100,419
1706673416519526741,23631,23631,9042,14589,0,0,0,17,0.000719394,0,255,132.601,31.8147,46.5,85.5,131.5,185.5,236.5,3,162,0,165,26.5,39.5,49.5,-38.4809,38.2852,-34.625,34.375,2.75522,38891,2930,100,382
1706673416620164460,23698,23698,8903,14795,0,0,0,14,0.000590767,4.2866,255,132.616,32.7575,46.5,83.5,130.5,190.5,241.5,0,182,0,161,26.5,39.5,49.5,-38.3377,38.4513,-34.625,34.625,2.82416,38891,2806,100,406
1706673416720012795,23808,23808,8840,14968,0,0,0,16,0.000672043,0,255,133.102,32.9253,48.5,84.5,131.5,192.5,233.5,11,134,0,150,26.5,40.5,49.5,-38.4232,38.3686,-34.625,34.625,2.77065,38892,2460,100,441
1706673416819853490,23892,23892,8881,15011,0,0,0,15,0.000627825,0,255,134.104,32.5567,44.5,85.5,133.5,191.5,234.5,6,135,0,150,27.5,42.5,52.5,-38.3975,38.3927,-34.375,34.625,2.96091,38892,2178,100,406
1706673416919701065,23903,23903,9003,14900,0,0,0,14,0.000585701,0,255,134.543,31.1436,57.5,86.5,133.5,187.5,229.5,4,152,0,150,28.5,42.5,51.5,-38.3521,38.4331,-34.375,34.625,2.81346,38892,2034,100,436
1706673417019540342,23886,23886,9012,14874,0,0,0,17,0.000711714,0,255,134.376,31.3949,54.5,87.5,133.5,188.5,226.5,4,115,0,150,28.5,43.5,52.5,-38.465,38.2991,-34.625,34.375,2.87529,38892,2043,100,410
1706673417120186648,23874,23874,8997,14877,0,0,0,12,0.000502639,0,255,134.334,31.7005,47.5,86.5,133.5,189.5,226.5,18,128,0,164,27.5,43.5,51.5,-38.2583,38.4867,-34.375,34.125,2.86578,38892,2154,100,365
1706673417220039310,23818,23818,9023,14795,0,0,0,18,0.000755731,0,255,133.806,31.3939,46.5,88.5,132.5,190.5,231.5,2,130,0,150,27.5,40.5,49.5,-38.5005,38.1867,-34.125,34.875,2.83843,38892,2377,100,344
1706673417319869313,23694,23694,9045,14649,0,0,0,0,0,0,255,132.909,32.8246,43.5,85.5,130.5,190.5,240.5,10,177,0,150,26.5,39.5,48.5,-37.9963,38.5103,-34.125,34.375,2.96923,38893,2790,100,363
1706673417419695019,23469,23469,9058,14411,0,0,0,9,0.000383485,0,255,131.79,31.952,46.5,83.5,130.5,187.5,243.5,5,173,0,157,25.5,39.5,48.5,-38.124,38.0635,-34.125,34.125,2.97756,38894,2990,100,350
1706673417519532098,23418,23418,9044,14374,0,0,0,17,0.000725937,0,255,131.597,33.048,34.5,78.5,131.5,187.5,243.5,22,153,0,150,25.5,39.5,49.5,-38.5086,38.0641,-34.125,34.125,2.87529,38894,3116,100,377
1706673417620169782,23532,23532,9119,14413,0,0,0,9,0.000382458,0,255,131.879,32.506,39.5,79.5,130.5,186.5,238.5,5,179,0,150,25.5,39.5,48.5,-38.1327,38.5075,-34.375,34.125,2.95496,38895,3140,100,358
1706673417720010480,23625,23625,8942,14683,0,0,0,17,0.000719577,4.00636,255,132.727,31.1928,48.5,88.5,130.5,186.5,236.5,0,147,1,163,25.5,39.5,49.5,-38.499,38.1884,-34.625,34.375,2.94188,38895,2780,100,382
1706673417819845743,23771,23771,8890,14881,0,0,0,12,0.000504817,0,255,133.02,32.8769,43.5,84.5,132.5,187.5,241.5,5,186,0,171,26.5,39.5,49.5,-38.2461,38.4872,-34.625,34.625,2.99896,38895,2694,100,395
1706673417919679739,23797,23797,8881,14916,0,0,0,17,0.000714376,0,255,133.319,32.6134,51.5,84.5,131.5,190.5,244.5,8,162,0,220,26.5,40.5,51.5,-38.4686,38.3022,-34.625,34.625,2.90977,38895,2484,100,345
1706673418019518466,23833,23833,8862,14971,0,0,0,14,0.000587421,0,255,132.666,31.4902,49.5,84.5,131.5,186.5,227.5,5,112,0,155,26.5,39.5,48.5,-38.3564,38.4317,-34.625,34.625,2.78492,38895,2414,100,367
1706673418120139363,23820,23820,8953,14867,0,0,0,15,0.000629723,0,255,133.56,31.981,49.5,88.5,130.5,190.5,231.5,4,106,0,150,26.5,39.5,48.5,-38.399,38.3858,-34.625,34.625,2.95853,38895,2475,100,451
1706673418219985208,23824,23824,9081,14743,0,0,0,16,0.000671592,0,255,132.489,30.0604,60.5,89.5,131.5,185.5,229.5,13,146,0,150,26.5,38.5,48.5,-38.4281,38.3602,-34.625,34.125,2.94545,38896,2616,100,377
1706673418319827109,23802,23802,9032,14770,0,0,0,14,0.000588186,0,255,132.278,30.6388,52.5,89.5,130.5,185.5,229.5,10,113,0,150,26.5,39.5,48.5,-38.3054,38.4655,-34.125,34.125,3.0715,38896,2654,100,363
1706673418419678716,23841,23841,9033,14808,0,0,0,17,0.000713057,0,255,132.894,30.441,53.5,89.5,131.5,185.5,231.5,13,113,0,150,27.5,39.5,48.5,-38.4861,37.8195,-34.125,33.875,3.1583,38896,2454,100,356
1706673418519525867,23779,23779,9055,14724,0,0,0,0,0,0,255,133.296,31.3835,54.5,87.5,131.5,190.5,230.5,19,115,0,150,27.5,39.5,49.5,-37.8987,38.4937,-33.875,34.625,2.99298,38896,2424,100,361
1706673418620164174,23696,23696,9024,14672,0,0,0,11,0.000464213,0,255,133.184,32.6511,54.5,86.5,130.5,192.5,236.5,18,153,0,150,27.5,40.5,50.5,-38.2027,37.9684,-33.875,34.125,3.08335,38898,2295,100,345
1706673418719996461,23945,23945,9026,14919,0,0,0,17,0.00070996,8.77317,255,133.138,31.561,55.5,86.5,131.5,188.5,236.5,0,176,0,150,27.5,40.5,49.5,-38.5095,38.153,-34.125,34.125,3.30215,38898,2357,100,508
1706673418819835019,23781,23781,9048,14733,0,0,0,13,0.000546655,0,255,133.951,31.646,56.5,88.5,131.5,193.5,232.5,20,137,0,150,27.5,40.5,49.5,-38.0884,38.5089,-34.375,34.125,3.05362,38898,2404,100,381
1706673418919676887,23852,23852,9041,14811,0,0,0,18,0.000754654,0,255,133.593,30.9581,58.5,88.5,131.5,191.5,231.5,23,97,0,150,27.5,41.5,50.5,-38.5136,38.1003,-34.625,34.375,3.27361,38898,2250,100,492
1706673419019510685,23836,23836,8901,14935,0,0,0,10,0.000419533,5.76318,255,133.441,31.0206,53.5,89.5,131.5,187.5,230.5,0,151,0,150,27.5,40.5,50.5,-38.1713,38.4989,-34.375,34.625,3.27599,38898,2228,100,531
1706673419120144837,23774,23774,8808,14966,0,0,0,17,0.000715067,0,255,133.202,30.6566,56.5,88.5,131.5,188.5,235.5,7,146,0,150,27.5,40.5,50.5,-38.4836,38.2316,-34.625,34.375,3.05362,38898,2380,100,491
1706673419219979948,23779,23779,8908,14871,0,0,0,13,0.000546701,0,255,132.527,30.3538,58.5,89.5,130.5,185.5,229.5,3,114,0,150,26.5,39.5,49.5,-38.3019,38.4672,-34.625,34.625,2.97158,38898,2465,100,398
1706673419319809124,23791,23791,8947,14844,0,0,0,17,0.000714556,0,255,132.615,30.4482,53.5,89.5,130.5,184.5,231.5,2,138,0,150,27.5,39.5,50.5,-38.4521,38.3409,-34.625,34.625,3.22129,38898,2469,100,385
1706673419419646401,23831,23831,8997,14834,0,0,0,15,0.000629432,0,255,133.44,30.433,53.5,90.5,131.5,188.5,230.5,17,104,0,150,27.5,40.5,49.5,-38.3805,38.4186,-34.625,34.125,3.15827,38898,2347,100,347
1706673419519897073,23855,23855,9045,14810,0,0,0,15,0.000628799,0,255,133.536,31.4407,52.5,89.5,131.5,189.5,231.5,1,151,0,150,27.5,40.5,49.5,-38.3775,38.4182,-34.125,34.125,3.09524,38900,2449,100,437
1706673419619734737,23702,23702,9015,14687,0,0,0,16,0.000675049,0,255,132.56,31.4839,53.5,87.5,130.5,188.5,238.5,10,150,0,150,27.5,39.5,49.5,-38.4454,37.6572,-34.125,33.625,2.98585,38900,2324,100,427
1706673419719570185,23933,23933,9091,14842,0,0,0,0,0,0,255,133.706,30.9866,56.5,90.5,131.5,191.5,233.5,14,101,0,150,27.5,39.5,48.5,-37.7482,38.3361,-33.875,34.125,3.09049,38900,2318,100,456
1706673419820208220,23853,23853,9076,14777,0,0,0,14,0.000586928,0,255,133.509,31.1923,54.5,89.5,131.5,189.5,231.5,12,134,0,150,27.5,40.5,49.5,-38.2955,38.4649,-34.125,34.875,3.05481,38900,2200,100,468
1706673419920043332,23852,23852,9001,14851,0,0,0,17,0.000712728,0,255,133.329,30.7569,59.5,87.5,132.5,188.5,230.5,4,124,0,150,27.5,40.5,50.5,-38.4816,38.2465,-34.125,33.875,3.0893,38900,2185,100,406
1706673420019882594,23767,23767,8942,14825,0,0,0,11,0.000462827,0,255,133.987,31.207,54.5,89.5,132.5,188.5,242.5,9,149,0,150,27.5,40.5,50.5,-38.1997,38.4944,-34.375,34.125,3.16778,38900,2221,100,385
1706673420119710621,23870,23870,9032,14838,0,0,0,18,0.000754085,0,255,133.92,30.9794,58.5,89.5,131.5,190.5,233.5,2,110,0,150,27.5,40.5,51.5,-38.5123,38.12,-34.625,34.375,3.01082,38900,2346,100,320
1706673420219541660,23866,23866,9024,14842,0,0,0,13,0.000544708,0,255,134.524,31.2571,58.5,89.5,132.5,191.5,234.5,5,139,0,150,28.5,42.5,53.5,-38.0882,38.5177,-34.375,34.625,3.23675,38900,2147,100,373
1706673420320172137,23861,23861,8822,15039,0,0,0,17,0.00071246,0,255,134.499,30.2154,59.5,89.5,132.5,189.5,227.5,3,75,0,115,28.5,43.5,54.5,-38.5103,38.1481,-34.625,34.375,2.95846,38900,2071,100,339
1706673420420024309,23877,23877,8835,15042,0,0,0,11,0.000460694,0,255,134.287,30.977,54.5,88.5,132.5,191.5,226.5,7,97,0,97,28.5,43.5,54.5,-38.1988,38.4991,-34.375,34.625,2.89068,38900,2064,100,358
1706673420519863539,23894,23894,8920,14974,0,0,0,17,0.000711476,0,255,134.203,30.0992,58.5,91.5,132.5,188.5,225.5,13,79,0,150,27.5,40.5,50.5,-38.4864,38.2476,-34.625,34.625,2.8788,38900,2020,100,403
1706673420619711988,23752,23752,9030,14722,0,0,0,13,0.000547322,0,255,133.269,31.0957,54.5,89.5,131.5,189.5,237.5,4,135,0,150,26.5,39.5,49.5,-38.2882,38.4669,-34.625,34.125,2.86334,38900,2364,100,401
1706673420719561032,23837,23837,9112,14725,0,0,0,17,0.000713177,0,255,133.804,30.403,56.5,90.5,131.5,188.5,230.5,3,87,0,150,27.5,40.5,50.5,-38.4429,38.3344,-34.125,34.125,2.97511,38900,2182,100,355
1706673420820189865,23903,23903,9015,14888,0,0,0,15,0.000627536,0,255,134.23,30.2017,58.5,91.5,132.5,188.5,230.5,5,117,0,150,27.5,40.5,51.5,-38.3828,37.6537,-34.125,33.625,3.03575,38901,2053,100,463
1706673420920033254,23865,23865,8994,14871,0,0,0,0,0,0,255,134.136,30.6816,54.5,90.5,132.5,190.5,226.5,1,122,0,150,27.5,39.5,49.5,-37.5565,38.4162,-33.625,34.125,2.97392,38901,2158,100,419
1706673421019873922,23802,23802,8997,14805,0,0,0,15,0.000630199,0,255,133.067,30.1067,49.5,91.5,131.5,186.5,225.5,2,101,0,150,26.5,39.5,48.5,-38.373,38.4186,-34.125,34.125,2.987,38901,2266,100,447
1706673421119712234,23798,23798,9060,14738,0,0,0,16,0.000672325,0,255,132.602,29.917,50.5,94.5,130.5,184.5,237.5,10,146,0,150,25.5,38.5,48.5,-38.4528,38.3312,-34.125,34.875,3.33541,38901,2481,100,405
1706673421219559838,23821,23821,9014,14807,0,0,0,13,0.000545737,4.29957,255,132.527,29.4308,54.5,93.5,131.5,183.5,224.5,0,101,0,150,25.5,38.5,47.5,-38.2846,38.4709,-34.625,34.125,2.96679,38901,2609,100,379
1706673421320202616,23728,23728,8960,14768,0,0,0,17,0.000716453,0,255,132.788,30.1621,50.5,92.5,131.5,185.5,233.5,23,108,0,150,25.5,39.5,48.5,-38.4917,38.2194,-34.625,34.625,2.99889,38904,2907,100,346
1706673421420047938,23613,23613,8992,14621,0,0,0,10,0.000423496,0,255,132.918,30.4789,52.5,89.5,131.5,185.5,231.5,1,124,0,150,25.5,39.5,47.5,-38.1532,38.5029,-34.375,34.625,2.87879,38904,2844,100,362
1706673421519880781,23783,23783,8924,14859,0,0,0,18,0.000756843,0,255,133.209,31.8939,47.5,87.5,132.5,188.5,229.5,17,124,0,150,25.5,40.5,49.5,-38.5081,38.1006,-34.625,34.625,3.04646,38904,2806,100,413
1706673421619700611,23773,23773,8951,14822,0,0,0,12,0.000504774,0,255,133.367,33.7781,43.5,81.5,132.5,190.5,240.5,8,138,0,150,26.5,40.5,50.5,-38.0523,38.5075,-34.625,34.625,3.64933,38908,2521,100,480
1706673421719536009,23677,23677,8927,14750,0,0,0,17,0.000717996,0,255,133.047,33.3535,40.5,83.5,132.5,191.5,230.5,33,120,0,150,26.5,41.5,50.5,-38.5057,38.156,-34.625,34.375,3.42578,38908,2877,100,403
1706673421820177729,23629,23629,9012,14617,0,0,0,11,0.00046553,0,255,132.326,31.626,47.5,84.5,131.5,186.5,230.5,19,115,0,150,26.5,39.5,49.5,-38.216,38.4948,-34.625,34.125,3.29617,38909,2931,100,424
1706673421920021337,23402,23402,9087,14315,0,0,0,17,0.000726434,0,255,132.432,32.4595,45.5,84.5,130.5,188.5,238.5,4,180,0,150,25.5,39.5,49.5,-38.476,38.2814,-34.125,34.125,3.13683,38909,3149,100,395
1706673422019853735,23273,23273,9144,14129,0,0,0,14,0.000601555,0,255,131.781,33.2093,47.5,81.5,130.5,193.5,237.5,21,152,0,150,25.5,40.5,50.5,-38.3381,37.7762,-34.125,33.875,3.07972,38911,3202,100,452
1706673422119691514,23398,23398,9054,14344,0,0,0,0,0,0,255,132.701,33.977,44.5,82.5,131.5,191.5,245.5,30,129,0,150,25.5,40.5,49.5,-37.6426,38.4424,-33.875,34.125,3.1035,38911,3173,100,396
1706673422219524550,23576,23576,8988,14588,0,0,0,16,0.000678656,0,255,133.042,32.7709,51.5,86.5,131.5,191.5,241.5,8,159,0,150,26.5,40.5,49.5,-38.4164,38.3864,-34.125,34.375,3.02383,38911,3067,100,345
1706673422320159925,23550,23550,8988,14562,0,0,0,16,0.000679406,0,255,132.785,31.7212,50.5,88.5,130.5,187.5,240.5,20,184,0,150,26.5,39.5,48.5,-38.4191,38.377,-34.375,34.625,2.97151,38911,2867,100,384
1706673422419990674,23752,23752,9013,14739,0,0,0,14,0.000589424,0,255,132.584,32.9648,45.5,88.5,130.5,187.5,243.5,10,169,0,150,26.5,39.5,49.5,-38.3397,38.452,-34.625,34.375,2.99648,38912,2906,100,634
1706673422519816459,23557,23557,8972,14585,0,0,0,17,0.000721654,0,255,132.596,31.0657,49.5,87.5,131.5,186.5,230.5,10,119,0,150,26.5,39.5,48.5,-38.4603,38.304,-34.625,34.625,3.00243,38912,2718,100,467
1706673422619654179,23772,23772,8914,14858,0,0,0,12,0.000504796,0,255,132.746,32.6639,49.5,84.5,131.5,188.5,235.5,11,126,0,150,26.5,40.5,48.5,-38.2476,38.4841,-34.625,34.625,3.03572,38912,2665,100,486
1706673422719890179,23792,23792,8918,14874,0,0,0,17,0.000714526,0,255,132.76,32.3163,50.5,86.5,131.5,189.5,241.5,12,161,0,150,26.5,39.5,49.5,-38.5051,38.1786,-34.625,34.625,3.10112,38912,2453,100,548
1706673422819728838,23745,23745,8954,14791,0,0,0,9,0.000379027,0,255,132.674,32.0827,50.5,87.5,130.5,189.5,230.5,1,131,0,150,26.5,39.5,49.5,-38.114,38.5092,-34.375,34.625,3.10112,38913,2656,100,484
1706673422919566052,23778,23778,8938,14840,0,0,0,17,0.000714947,0,255,132.453,31.7668,49.5,89.5,129.5,190.5,238.5,5,120,0,150,26.5,40.5,49.5,-38.5081,38.0858,-34.625,34.375,3.13798,38914,2533,100,431
1706673423020209061,23846,23846,8993,14853,0,0,0,9,0.000377422,0,255,133.369,31.9122,52.5,87.5,131.5,190.5,229.5,27,127,0,150,27.5,43.5,53.5,-38.1491,38.5045,-34.375,34.125,3.08566,38918,2128,100,384
1706673423120044790,23835,23835,9072,14763,0,0,0,18,0.000755192,0,255,133.822,30.7666,65.5,90.5,131.5,189.5,234.5,9,113,0,150,28.5,43.5,53.5,-38.5011,38.2083,-34.125,33.875,2.9941,38919,2144,100,426
1706673423219897546,23895,23895,9116,14779,0,0,0,12,0.000502197,5.0194,255,133.289,32.2971,52.5,87.5,130.5,190.5,236.5,0,137,0,149,27.5,42.5,52.5,-38.2544,37.9002,-33.875,33.875,2.90254,38920,2302,100,460
1706673423319740986,23667,23667,9119,14548,0,0,0,0,0,0,255,133.212,31.3106,55.5,90.5,130.5,190.5,233.5,6,104,0,150,27.5,40.5,49.5,-37.8148,38.4833,-33.875,34.125,2.71229,38920,2320,100,411
1706673423419567708,23954,23954,9031,14923,0,0,0,16,0.000667947,0,255,133.323,31.3125,51.5,91.5,130.5,188.5,237.5,5,129,0,150,27.5,40.5,49.5,-38.464,38.2959,-34.125,34.125,2.88471,38920,2334,100,442
1706673423520200893,23803,23803,8931,14872,0,0,0,15,0.000630173,0,255,134.354,31.4714,56.5,90.5,131.5,190.5,235.5,5,174,0,150,27.5,41.5,51.5,-38.3489,38.4359,-34.125,34.625,3.05713,38920,2155,100,559
1706673423620054325,23865,23865,8921,14944,0,0,0,16,0.000670438,0,255,133.773,31.0376,51.5,89.5,131.5,189.5,225.5,14,81,0,160,27.5,43.5,53.5,-38.4105,38.3898,-34.625,34.625,3.00124,38921,2151,100,393
1706673423719886567,23853,23853,8942,14911,0,0,0,16,0.000670775,0,255,134.013,32.343,55.5,89.5,130.5,192.5,236.5,7,151,0,150,27.5,42.5,52.5,-38.4166,38.3769,-34.625,34.625,3.05115,38921,2207,100,487
1706673423819715144,23822,23822,8976,14846,0,0,0,14,0.000587692,0,255,133.243,31.2971,57.5,90.5,130.5,189.5,236.5,10,121,0,150,27.5,40.5,50.5,-38.3249,38.4429,-34.625,34.625,3.00121,38921,2370,100,448
1706673423919552704,23726,23726,8956,14770,0,0,0,17,0.000716514,0,255,132.749,31.4258,46.5,91.5,130.5,188.5,228.5,12,92,0,150,26.5,39.5,48.5,-38.4704,38.284,-34.625,34.625,3.05115,38923,2623,100,347
1706673424020207586,23742,23742,8957,14785,0,0,0,11,0.000463314,0,255,132.486,30.9132,51.5,92.5,129.5,189.5,233.5,12,118,0,150,26.5,39.5,48.5,-38.2188,38.4901,-34.375,34.625,3.10703,38923,2559,100,349
1706673424120057189,23776,23776,8933,14843,0,0,0,17,0.000715007,0,255,133.336,30.6348,59.5,89.5,130.5,189.5,222.5,3,95,0,150,26.5,40.5,49.5,-38.508,38.145,-34.625,34.375,3.0452,38924,2378,100,345
1706673424219893390,23835,23835,9026,14809,0,0,0,12,0.000503461,0,255,133.316,30.765,58.5,88.5,131.5,186.5,227.5,6,120,0,150,27.5,41.5,50.5,-38.0875,38.5099,-34.375,34.125,3.03331,38926,2270,100,333
1706673424319738739,23761,23761,9053,14708,0,0,0,18,0.000757544,0,255,132.25,31.4702,54.5,85.5,130.5,187.5,232.5,17,123,0,150,26.5,40.5,49.5,-38.5108,38.1038,-34.125,34.125,3.0892,38926,2397,100,299
1706673424419589743,23833,23833,9129,14704,0,0,0,10,0.000419586,0,255,132.702,31.3873,57.5,87.5,130.5,188.5,230.5,11,144,0,150,27.5,39.5,49.5,-38.1594,38.0242,-34.125,34.125,3.29253,38926,2239,100,319
1706673424519839093,23894,23894,9083,14811,0,0,0,0,0,4.93146,255,133.518,31.2141,62.5,87.5,130.5,190.5,228.5,0,88,0,150,27.5,40.5,49.5,-37.9571,38.5039,-33.875,34.125,2.96316,38926,2210,100,314
1706673424619666246,23843,23843,9006,14837,0,0,0,17,0.000712998,0,255,133.045,32.4807,49.5,87.5,129.5,191.5,230.5,21,123,0,150,27.5,40.5,48.5,-38.4936,38.2256,-34.125,34.125,2.89181,38926,2230,100,381
1706673424719516060,23753,23753,8934,14819,0,0,0,13,0.000547299,0,255,133.022,31.7254,52.5,85.5,130.5,189.5,227.5,2,121,0,150,26.5,39.5,48.5,-38.2718,38.4767,-34.375,34.625,2.89419,38926,2311,100,314
1706673424820154493,23784,23784,8933,14851,0,0,0,16,0.000672721,0,255,132.992,32.1031,53.5,87.5,130.5,191.5,236.5,8,134,0,150,26.5,40.5,49.5,-38.4506,38.3232,-34.625,34.625,2.88824,38927,2468,100,327
1706673424919979869,23767,23767,8888,14879,0,0,0,15,0.000631127,0,255,133.776,32.4224,53.5,89.5,131.5,192.5,232.5,10,152,0,159,26.5,40.5,49.5,-38.3651,38.4227,-34.625,34.625,2.98456,38928,2409,100,340
1706673425019822876,23821,23821,8946,14875,0,0,0,15,0.000629696,0,255,133.516,32.7331,51.5,87.5,130.5,192.5,232.5,14,145,0,150,27.5,41.5,50.5,-38.3902,38.413,-34.625,34.625,3.02737,38928,2345,100,321
1706673425119654975,23895,23895,8943,14952,0,0,0,17,0.000711446,0,255,133.113,32.5248,55.5,85.5,131.5,189.5,232.5,10,100,0,148,28.5,43.5,52.5,-38.4381,38.3361,-34.625,34.625,3.07017,38928,2124,100,410
1706673425219883464,23878,23878,9032,14846,0,0,0,14,0.000586314,0,255,134.065,31.3568,63.5,87.5,131.5,189.5,226.5,3,92,0,164,28.5,43.5,51.5,-38.2951,38.4616,-34.125,34.625,3.07255,38929,1937,100,336
1706673425319711583,23896,23896,9011,14885,0,0,0,17,0.000711416,4.84872,255,134.37,30.9065,63.5,87.5,132.5,190.5,224.5,0,84,0,151,28.5,41.5,50.5,-38.4791,38.2604,-34.625,34.125,3.07731,38929,2019,100,411
1706673425419540504,23816,23816,9020,14796,0,0,0,11,0.000461874,0,255,134.672,31.4654,58.5,88.5,132.5,191.5,234.5,7,111,0,150,28.5,41.5,49.5,-38.2006,38.4944,-34.375,34.125,3.16411,38929,2082,100,367
1706673425520179090,23844,23844,9007,14837,0,0,0,17,0.000712968,0,255,134.535,31.6472,63.5,88.5,132.5,191.5,238.5,1,125,0,156,28.5,42.5,50.5,-38.5108,37.9838,-34.125,33.875,3.18548,38931,2004,100,310
1706673425620028772,23871,23871,9115,14756,0,0,0,6,0.000251351,0,255,133.931,30.2021,68.5,89.5,131.5,189.5,228.5,2,117,0,165,28.5,42.5,51.5,-38.0512,38.1364,-33.875,34.125,3.60283,38931,1943,100,345
1706673425719887369,23846,23846,9149,14697,0,0,0,7,0.00029355,0,255,133.942,30.8895,66.5,88.5,131.5,189.5,234.5,2,126,0,151,28.5,42.5,52.5,-38.069,38.511,-34.125,34.125,3.06895,38932,1881,100,377
1706673425819719474,23828,23828,9042,14786,0,0,0,18,0.000755414,0,255,134.453,30.9948,64.5,90.5,131.5,191.5,237.5,2,116,0,150,28.5,42.5,51.5,-38.5105,38.1294,-34.125,34.375,2.94886,38932,1941,100,334
1706673425919553567,23940,23940,8954,14986,0,0,0,10,0.000417711,0,255,134.436,31.317,65.5,90.5,131.5,193.5,239.5,6,160,0,118,28.5,41.5,50.5,-38.1904,38.4997,-34.125,34.625,3.03209,38932,1936,100,404
1706673426020205100,23920,23920,8881,15039,0,0,0,17,0.000710702,0,255,134.597,30.4701,67.5,91.5,131.5,189.5,232.5,1,105,0,155,28.5,42.5,52.5,-38.4895,38.2402,-34.625,34.375,3.14386,38933,1927,100,335
1706673426120053802,23850,23850,8883,14967,0,0,0,13,0.000545073,0,255,133.867,31.4715,66.5,89.5,130.5,193.5,237.5,6,142,0,150,28.5,43.5,51.5,-38.2948,38.4651,-34.375,34.625,3.1177,38935,1724,100,361
1706673426219892669,23901,23901,8953,14948,0,0,0,16,0.000669428,5.22388,255,133.784,31.802,60.5,88.5,131.5,192.5,242.5,0,181,1,155,28.5,42.5,52.5,-38.4434,38.3505,-34.625,34.375,3.17477,38938,1682,100,412
1706673426319744798,23861,23861,8992,14869,0,0,0,15,0.000628641,0,255,134.845,32.0156,65.5,87.5,132.5,193.5,236.5,5,110,0,121,28.5,42.5,52.5,-38.3805,38.4159,-34.625,34.625,2.97977,38938,1901,100,331
1706673426419574832,23864,23864,8924,14940,0,0,0,15,0.000628562,0,255,135.221,32.4415,67.5,88.5,132.5,196.5,244.5,3,204,0,156,28.5,43.5,54.5,-38.3817,38.4177,-34.125,34.625,2.94529,38944,1773,100,280
1706673426520213741,23866,23866,8968,14898,0,0,0,17,0.00071231,0,255,134.513,32.3746,61.5,86.5,132.5,193.5,232.5,6,118,0,151,28.5,43.5,54.5,-38.4452,38.3348,-34.375,34.125,2.97977,38945,1747,100,369
1706673426620040223,23845,23845,9055,14790,0,0,0,13,0.000545188,0,255,134.197,32.8429,65.5,85.5,132.5,193.5,243.5,13,197,0,156,28.5,42.5,53.5,-38.3051,38.4632,-34.875,34.125,2.8894,38946,1771,100,370
1706673426719883202,23832,23832,9028,14804,0,0,0,17,0.000713327,0,255,133.819,32.4299,70.5,82.5,132.5,191.5,242.5,1,156,0,152,28.5,41.5,53.5,-38.4869,37.8475,-34.125,33.875,2.89178,38949,1831,100,373
1706673426819724804,23924,23924,9048,14876,0,0,0,0,0,0,255,134.434,32.846,68.5,83.5,132.5,195.5,238.5,2,174,0,213,28.5,42.5,55.5,-37.9304,38.2279,-33.875,33.875,2.91437,38949,1989,100,346
1706673426919557941,23837,23837,9048,14789,0,0,0,10,0.000419516,0,255,134.319,32.3129,62.5,85.5,132.5,194.5,237.5,7,157,0,151,28.5,42.5,52.5,-38.1843,38.5063,-33.875,34.125,2.98453,38953,2038,100,384
1706673427020192265,23832,23832,9053,14779,0,0,0,17,0.000713327,0,255,133.619,31.8332,62.5,85.5,131.5,190.5,234.5,10,127,0,151,27.5,41.5,51.5,-38.5061,38.1243,-34.125,34.375,2.9762,38957,2242,100,344
1706673427120025405,23776,23776,9034,14742,0,0,0,13,0.00054677,0,255,133.213,32.1003,59.5,87.5,130.5,193.5,238.5,3,138,0,151,27.5,40.5,51.5,-38.078,38.5058,-34.375,34.625,3.03566,38959,2199,100,534
1706673427219863380,23980,23980,8875,15105,0,0,0,17,0.000708924,0,255,133.692,31.5162,57.5,89.5,131.5,191.5,228.5,10,148,0,150,27.5,40.5,48.5,-38.5055,38.1507,-34.625,34.375,3.05706,38959,2471,100,518
1706673427319706617,23682,23682,8799,14883,0,0,0,11,0.000464488,4.67402,255,133.505,33.274,48.5,86.5,131.5,192.5,255.5,0,263,0,158,26.5,40.5,50.5,-38.2131,38.4933,-34.375,34.625,3.01541,38961,2505,100,379
1706673427419529639,23779,23779,8881,14898,0,0,0,17,0.000714917,0,255,133.33,32.7484,53.5,84.5,131.5,190.5,242.5,11,170,0,153,26.5,41.5,51.5,-38.4791,38.2665,-34.625,34.625,3.06416,38964,2601,100,397
1706673427520195963,23805,23805,9073,14732,0,0,0,14,0.000588112,0,255,132.48,32.7983,49.5,85.5,130.5,191.5,238.5,4,153,0,151,26.5,41.5,51.5,-38.3282,38.4569,-34.375,34.625,3.02849,38970,2567,100,447
1706673427620044119,23761,23761,8993,14768,0,0,0,16,0.000673372,0,255,132.813,32.2944,46.5,87.5,131.5,188.5,237.5,9,168,0,151,26.5,39.5,48.5,-38.4309,38.3632,-34.125,34.625,2.95477,38972,2746,100,459
1706673427719876232,23668,23668,8992,14676,0,0,0,16,0.000676018,0,255,133.581,33.3273,49.5,89.5,130.5,197.5,244.5,14,184,0,150,26.5,40.5,50.5,-38.3953,38.3929,-34.125,34.375,2.92385,38974,2815,100,488
1706673427819714692,23793,23793,9057,14736,0,0,0,0,0,0,255,133.546,32.0777,54.5,88.5,130.5,192.5,234.5,6,118,0,150,26.5,41.5,51.5,-37.6209,38.4338,-33.875,34.125,2.99757,38976,2600,100,534
1706673427919553987,23777,23777,9085,14692,0,0,0,32,0.00134584,0,255,134.042,32.0541,55.5,89.5,131.5,194.5,234.5,13,107,0,151,26.5,41.5,50.5,-38.4575,37.712,-35.125,33.875,3.04157,38977,2448,100,430
1706673428020199441,23790,23790,9058,14732,0,0,0,0,0,0,255,133.816,32.3796,56.5,89.5,130.5,197.5,243.5,10,158,0,150,27.5,42.5,51.5,-37.8178,38.3124,-33.875,34.125,3.07962,38977,2391,100,436
1706673428120035438,23806,23806,9001,14805,0,0,0,12,0.000504075,0,255,133.824,31.8704,52.5,88.5,131.5,191.5,236.5,20,126,0,152,27.5,41.5,51.5,-38.252,38.4863,-33.875,34.125,2.88937,38982,2196,100,358
1706673428219871269,23934,23934,9077,14857,0,0,0,17,0.000710287,0,255,133.375,31.6164,64.5,88.5,131.5,191.5,235.5,14,147,0,152,27.5,41.5,51.5,-38.5023,38.2084,-34.125,34.375,2.9512,38982,2028,100,456
1706673428319723060,23885,23885,9005,14880,0,0,0,10,0.000418673,0,255,133.791,31.5076,60.5,89.5,131.5,192.5,235.5,4,111,0,151,27.5,42.5,51.5,-38.1571,38.507,-34.375,34.625,2.99282,38982,1968,100,502
1706673428419557088,23887,23887,8908,14979,0,0,0,17,0.000711684,0,255,134.185,30.9705,63.5,89.5,132.5,189.5,231.5,8,148,0,151,27.5,43.5,54.5,-38.5127,38.0896,-34.625,34.625,2.95952,38982,1970,100,481
1706673428520182664,23912,23912,8868,15044,0,0,0,11,0.00046002,0,255,134.195,31.6383,55.5,88.5,132.5,191.5,232.5,4,117,0,150,27.5,43.5,53.5,-38.1115,38.508,-34.375,34.625,2.85489,38982,1951,100,492
1706673428620029826,23871,23871,8854,15017,0,0,0,17,0.000712161,5.21794,255,134.464,30.6127,59.5,90.5,132.5,189.5,231.5,0,101,0,150,27.5,42.5,52.5,-38.5019,38.1682,-34.625,34.375,2.89413,38982,1987,100,483
1706673428719878250,23921,23921,8940,14981,0,0,0,12,0.000501651,0,255,133.665,31.1094,64.5,90.5,131.5,191.5,230.5,17,129,0,150,27.5,42.5,51.5,-38.2402,38.489,-34.375,34.625,2.93693,38982,2056,100,509
1706673428819729371,23847,23847,9104,14743,0,0,0,17,0.000712878,0,255,134.263,32.0404,61.5,90.5,131.5,197.5,236.5,2,124,0,150,27.5,41.5,50.5,-38.4662,38.2906,-34.125,34.625,3.01779,38984,2062,100,410
1706673428919570767,23887,23887,9071,14816,0,0,0,14,0.000586093,0,255,133.917,31.2994,55.5,88.5,131.5,192.5,236.5,18,83,0,150,27.5,40.5,50.5,-38.3294,38.4474,-34.125,34.125,2.8216,38984,2124,100,512
1706673429020201074,23856,23856,9044,14812,0,0,0,0,0,0,255,134.019,29.239,66.5,91.5,132.5,188.5,220.5,5,86,0,152,27.5,41.5,51.5,-37.6577,38.3887,-33.625,34.125,3.18901,38985,1995,100,418
1706673429120042732,23930,23930,9060,14870,0,0,0,25,0.00104471,0,255,134.005,30.1033,61.5,90.5,131.5,190.5,227.5,5,83,0,150,27.5,40.5,49.5,-38.4125,37.5491,-34.625,33.625,3.10693,38985,1967,100,533
1706673429219892985,23842,23842,9044,14798,0,0,0,7,0.0002936,0,255,133.915,31.7038,53.5,88.5,131.5,192.5,235.5,19,127,0,151,27.5,40.5,52.5,-38.4082,38.3877,-34.625,34.125,3.02251,38986,1900,100,494
1706673429319740327,23873,23873,9029,14844,0,0,0,14,0.000586437,0,255,134.937,30.8229,69.5,90.5,132.5,191.5,232.5,2,161,0,144,27.5,40.5,51.5,-38.3496,38.4353,-34.125,34.125,2.98209,38987,1858,100,439
1706673429419589599,23940,23940,8996,14944,0,0,0,16,0.000668338,0,255,134.673,32.5317,58.5,87.5,132.5,194.5,234.5,5,162,0,150,27.5,40.5,50.5,-38.4627,38.3047,-34.125,34.375,2.88102,38987,1839,100,463
1706673429519826619,23896,23896,9013,14883,0,0,0,13,0.000544024,0,255,134.629,31.7945,64.5,88.5,131.5,190.5,244.5,7,158,0,150,27.5,38.5,48.5,-38.2537,38.4828,-34.375,34.625,2.88815,38988,1895,100,494
1706673429619679068,23889,23889,8894,14995,0,0,0,17,0.000711625,0,255,134.056,31.746,60.5,88.5,132.5,194.5,235.5,1,164,0,150,26.5,38.5,49.5,-38.5036,38.1818,-34.625,34.375,2.99635,38990,2042,100,484
1706673429719521053,23885,23885,8870,15015,0,0,0,9,0.000376806,0,255,133.445,30.8636,61.5,89.5,131.5,190.5,236.5,4,158,0,150,26.5,38.5,49.5,-38.1263,38.5046,-34.375,34.625,3.43867,38991,2073,100,497
1706673429820170206,23835,23835,8916,14919,0,0,0,17,0.000713237,0,255,133.041,30.3989,58.5,91.5,131.5,187.5,232.5,11,113,0,152,26.5,38.5,49.5,-38.5131,38.0774,-34.625,34.375,3.53142,38991,2082,100,476
1706673429920009410,23829,23829,8984,14845,0,0,0,10,0.000419657,0,255,133.205,30.385,61.5,90.5,131.5,189.5,229.5,7,107,0,152,26.5,39.5,50.5,-38.1434,38.4983,-34.375,34.625,3.28172,38994,2140,100,603
1706673430019857289,23847,23847,9028,14819,0,0,0,17,0.000712878,0,255,133.249,31.5117,52.5,89.5,131.5,189.5,236.5,6,117,0,150,26.5,39.5,49.5,-38.5012,38.2063,-34.125,34.375,3.01657,39003,2185,100,513
1706673430119702221,23811,23811,9109,14702,0,0,0,13,0.000545966,0,255,133.78,32.057,57.5,88.5,131.5,191.5,234.5,16,125,0,150,26.5,38.5,49.5,-38.2573,38.4848,-33.875,34.125,3.08672,39005,2277,100,514
1706673430219542128,23905,23905,9061,14844,0,0,0,0,0,0,255,133.759,32.3407,64.5,87.5,131.5,190.5,240.5,4,184,0,151,27.5,39.5,51.5,-37.8237,38.3056,-33.875,34.125,2.99397,39005,2266,100,550
1706673430320201271,23861,23861,9048,14813,0,0,0,17,0.00071246,0,255,133.265,31.7683,53.5,87.5,131.5,189.5,235.5,9,155,0,150,27.5,39.5,49.5,-38.4559,37.7275,-34.125,33.875,2.9583,39007,2152,100,573
1706673430420048266,23844,23844,9041,14803,0,0,0,14,0.00058715,0,255,133.078,32.3176,52.5,87.5,130.5,189.5,245.5,7,175,0,153,27.5,40.5,52.5,-38.3513,38.437,-34.875,34.125,2.97257,39010,2184,100,538
1706673430519880458,23857,23857,9008,14849,0,0,0,15,0.000628746,0,255,133.948,31.7779,60.5,88.5,131.5,191.5,240.5,5,153,0,153,27.5,39.5,51.5,-38.4123,38.3775,-34.375,34.125,2.9048,39020,2226,100,527
1706673430619700108,23767,23767,8943,14824,0,0,0,16,0.000673202,0,255,133.447,32.7614,49.5,87.5,131.5,191.5,235.5,6,146,0,151,26.5,40.5,50.5,-38.4242,38.368,-34.125,34.625,2.96068,39023,2350,100,436
1706673430719531594,23825,23825,8978,14847,0,0,0,14,0.000587618,4.5037,255,133.604,31.016,52.5,91.5,131.5,188.5,232.5,0,134,0,151,26.5,40.5,49.5,-38.3272,38.4479,-34.625,34.625,2.92501,39028,2094,100,462
1706673430820167293,23896,23896,8983,14913,0,0,0,17,0.000711416,5.1493,255,134.165,31.7784,57.5,89.5,131.5,191.5,239.5,0,157,0,150,27.5,40.5,50.5,-38.4798,38.283,-34.625,34.625,3.15803,39028,2273,100,455
1706673430920004405,23914,23914,8853,15061,0,0,0,12,0.000501798,4.35127,255,134.142,32.0804,60.5,90.5,131.5,192.5,244.5,0,161,0,151,26.5,40.5,52.5,-38.2139,38.4985,-34.375,34.625,3.04388,39031,2117,100,595
1706673431019838132,23780,23780,8822,14958,0,0,0,17,0.000714886,0,255,133.924,31.7972,57.5,88.5,131.5,191.5,235.5,16,142,0,152,27.5,40.5,52.5,-38.5021,38.1682,-34.625,34.375,2.91428,39032,2157,100,454
1706673431119673372,23834,23834,8949,14885,0,0,0,9,0.000377612,0,255,133.711,32.4284,53.5,88.5,131.5,190.5,255.5,7,240,0,151,27.5,41.5,51.5,-38.1178,38.5091,-34.375,34.625,2.85483,39035,2156,100,374
1706673431219513013,23931,23931,9041,14890,0,0,0,18,0.000752162,0,255,134.14,31.8128,57.5,89.5,131.5,189.5,246.5,16,168,0,150,27.5,43.5,53.5,-38.5121,38.0692,-34.125,34.375,2.78468,39035,2094,100,445
1706673431320154539,23874,23874,9134,14740,0,0,0,9,0.000376979,0,255,133.992,31.8908,57.5,88.5,131.5,190.5,244.5,2,195,0,150,27.5,43.5,54.5,-38.1323,38.5051,-34.125,34.125,2.81321,39037,1999,100,536
1706673431419994432,23859,23859,9085,14774,0,0,0,0,0,0,255,133.387,31.4234,52.5,88.5,131.5,189.5,233.5,5,122,0,152,27.5,42.5,53.5,-37.9844,38.2073,-33.875,33.875,2.74544,39037,2035,100,533
1706673431519836373,23834,23834,9030,14804,0,0,0,17,0.000713267,0,255,133.333,32.0923,54.5,87.5,130.5,189.5,255.5,7,242,0,151,27.5,41.5,53.5,-38.492,37.8956,-34.125,33.875,2.70026,39037,2156,100,571
1706673431619696482,23850,23850,9034,14816,0,0,0,13,0.000545073,4.86415,255,133.373,30.5441,53.5,91.5,131.5,188.5,233.5,0,112,0,151,26.5,39.5,52.5,-38.2697,38.481,-34.125,34.125,2.78587,39039,2192,100,608
1706673431719535396,23862,23862,8990,14872,0,0,0,17,0.00071243,0,255,133.414,31.0262,48.5,89.5,132.5,188.5,237.5,24,155,0,150,26.5,39.5,51.5,-38.4474,38.3265,-34.625,34.125,2.84175,39041,2229,100,519
1706673431820182224,23846,23846,8969,14877,0,0,0,15,0.000629036,0,255,133.452,30.2836,57.5,89.5,131.5,186.5,232.5,2,136,0,152,26.5,40.5,51.5,-38.3883,38.4069,-34.125,34.625,2.76684,39049,2262,100,493
1706673431920022883,23969,23969,8939,15030,0,0,0,14,0.000584088,4.88174,255,133.666,29.7845,68.5,92.5,131.5,188.5,236.5,0,151,1,150,26.5,40.5,51.5,-38.3695,38.4301,-34.375,34.625,2.87861,39049,1913,100,618
1706673432019864873,23819,23819,8991,14828,0,0,0,16,0.000671733,0,255,133.788,31.7572,48.5,88.5,132.5,188.5,246.5,13,157,0,151,27.5,42.5,53.5,-38.4429,38.3405,-34.625,34.625,2.84651,39050,2054,100,620
1706673432119697700,23873,23873,8974,14899,0,0,0,13,0.000544548,4.67466,255,134.007,31.4991,47.5,86.5,132.5,186.5,239.5,0,149,0,156,27.5,44.5,54.5,-38.3032,38.4677,-34.625,34.625,2.9119,39050,1992,100,511
1706673432219530772,23883,23883,8904,14979,0,0,0,17,0.000711803,0,255,134.709,31.1764,59.5,90.5,132.5,189.5,237.5,5,158,0,150,27.5,44.5,55.5,-38.493,38.2489,-34.625,34.625,2.91785,39050,1910,100,499
1706673432320165384,23870,23870,8923,14947,0,0,0,11,0.000460829,0,255,134.806,31.085,56.5,90.5,132.5,191.5,233.5,5,119,0,156,27.5,43.5,54.5,-38.1873,38.5047,-34.125,34.625,2.79776,39051,2010,100,521
1706673432420012321,23893,23893,9004,14889,0,0,0,17,0.000711505,0,255,134.401,30.4753,57.5,92.5,132.5,190.5,237.5,15,159,0,150,26.5,39.5,50.5,-38.5049,38.107,-34.125,34.375,2.80489,39052,2113,100,567
1706673432519844695,23856,23856,9141,14715,0,0,0,7,0.000293427,0,255,132.724,30.3371,52.5,93.5,130.5,188.5,236.5,10,125,0,152,25.5,39.5,49.5,-38.0695,38.5082,-34.125,34.125,2.76803,39054,2265,100,598
1706673432619683111,23858,23858,9144,14714,0,0,0,6,0.000251488,0,255,132.237,30.3638,49.5,93.5,130.5,185.5,232.5,12,114,0,151,26.5,40.5,51.5,-38.0579,38.1368,-34.125,34.125,2.86315,39055,2362,100,558
1706673432719523191,23861,23861,9088,14773,0,0,0,18,0.000754369,0,255,134.067,31.6379,52.5,91.5,131.5,192.5,236.5,4,127,0,151,26.5,40.5,51.5,-38.506,37.9748,-34.125,33.875,2.87263,39055,2303,100,467
1706673432820170928,23843,23843,8990,14853,0,0,0,12,0.000503292,0,255,132.589,31.5316,45.5,87.5,130.5,190.5,232.5,2,131,0,150,26.5,40.5,51.5,-38.2168,38.4949,-34.125,34.125,2.91663,39056,2185,100,629
1706673432919993228,23871,23871,8950,14921,0,0,0,17,0.000712161,0,255,133.555,31.6173,58.5,89.5,131.5,192.5,240.5,9,165,0,151,26.5,40.5,50.5,-38.4882,38.261,-34.625,34.125,2.81675,39058,2105,100,542
1706673433019831645,23862,23862,8968,14894,0,0,0,14,0.000586707,0,255,133.609,31.7889,52.5,88.5,132.5,190.5,231.5,11,114,0,150,26.5,40.5,52.5,-38.3076,38.4616,-34.625,34.625,2.73233,39058,2021,100,731
1706673433119666221,23880,23880,8981,14899,0,0,0,16,0.000670017,0,255,133.712,31.4498,55.5,87.5,132.5,191.5,229.5,9,115,0,152,27.5,40.5,52.5,-38.433,38.3524,-34.625,34.625,2.70498,39059,1985,100,581
1706673433219516100,23876,23876,8909,14967,0,0,0,15,0.000628246,0,255,133.83,31.9341,58.5,88.5,132.5,192.5,238.5,11,175,0,150,27.5,41.5,52.5,-38.3934,38.4134,-34.625,34.625,2.91425,39061,2148,100,601
1706673433320156205,23862,23862,8974,14888,0,0,0,14,0.000586707,4.43449,255,133.657,32.325,56.5,89.5,131.5,194.5,242.5,0,181,0,150,27.5,40.5,50.5,-38.3564,38.4275,-34.625,34.625,2.82745,39063,2235,100,591
1706673433419997758,23846,23846,8985,14861,0,0,0,16,0.000670972,4.73363,255,133.348,31.6871,50.5,88.5,131.5,192.5,226.5,0,98,0,150,26.5,40.5,50.5,-38.448,38.3273,-34.625,34.625,2.90355,39066,2410,100,583
1706673433519819313,23726,23726,8979,14747,0,0,0,13,0.000547922,0,255,131.978,31.9596,49.5,88.5,129.5,188.5,236.5,5,140,0,163,26.5,40.5,51.5,-38.2859,38.4782,-34.375,34.625,2.79892,39071,2122,100,593
1706673433619661024,23818,23818,8976,14842,0,0,0,18,0.000755731,0,255,133.829,30.7359,58.5,92.5,130.5,191.5,235.5,1,120,0,152,27.5,40.5,50.5,-38.4982,38.2044,-34.125,34.125,2.88334,39073,2360,100,540
1706673433719910348,23798,23798,9059,14739,0,0,0,0,0,0,255,132.685,30.3611,51.5,90.5,130.5,187.5,235.5,11,87,0,151,26.5,40.5,50.5,-37.9611,38.506,-33.875,34.125,2.92019,39078,2367,100,464
1706673433819750789,23899,23899,9160,14739,0,0,0,10,0.000418428,0,255,133.2,29.9186,54.5,92.5,131.5,188.5,230.5,2,152,0,160,27.5,41.5,52.5,-38.1507,38.0258,-34.125,33.875,2.89285,39079,2265,100,564
1706673433919598287,23877,23877,9128,14749,0,0,0,17,0.000711982,0,255,134.026,30.4363,61.5,91.5,131.5,192.5,230.5,1,170,0,156,27.5,42.5,52.5,-38.5095,38.0956,-34.125,34.125,3.08547,39081,2167,100,510
1706673434019846165,23885,23885,9033,14852,0,0,0,12,0.000502407,0,255,134.083,30.1404,55.5,90.5,132.5,188.5,234.5,4,113,0,150,27.5,42.5,52.5,-38.0813,38.5092,-34.375,34.125,3.03672,39084,2125,100,467
1706673434119689425,23874,23874,8910,14964,0,0,0,17,0.000712072,0,255,133.848,32.0055,53.5,87.5,132.5,192.5,239.5,2,177,0,150,27.5,41.5,53.5,-38.5073,38.165,-34.625,34.375,2.93565,39084,2075,100,524
1706673434219530205,23839,23839,8865,14974,0,0,0,11,0.000461429,4.22851,255,133.516,30.9817,53.5,92.5,130.5,190.5,242.5,0,181,0,151,26.5,40.5,52.5,-38.2206,38.4907,-34.375,34.625,2.95705,39087,2273,100,570
1706673434320157182,23785,23785,8977,14808,0,0,0,17,0.000714736,0,255,131.447,29.1881,49.5,94.5,129.5,182.5,233.5,5,136,0,150,25.5,39.5,50.5,-38.4741,38.2904,-34.625,34.625,2.89047,39090,2540,100,515
1706673434420004129,23727,23727,8997,14730,0,0,0,14,0.000590045,0,255,132.605,28.422,53.5,96.5,130.5,182.5,221.5,8,113,0,157,26.5,40.5,50.5,-38.3294,38.448,-34.625,34.625,3.01056,39094,2576,100,480
1706673434519840847,23892,23892,8933,14959,0,0,0,15,0.000627825,0,255,132.645,29.3253,53.5,95.5,130.5,182.5,235.5,17,135,0,154,26.5,40.5,50.5,-38.4243,38.3721,-34.625,34.625,3.06522,39094,2632,100,534
1706673434619664658,23755,23755,8976,14779,0,0,0,16,0.000673542,0,255,132.291,30.1939,50.5,94.5,129.5,186.5,231.5,14,127,0,157,26.5,39.5,50.5,-38.4121,38.3854,-34.625,34.375,3.0997,39096,2476,100,439
1706673434719516062,23691,23691,9009,14682,0,0,0,14,0.000590942,0,255,131.072,32.2602,47.5,87.5,128.5,187.5,247.5,7,199,0,156,26.5,40.5,52.5,-38.3412,38.4345,-34.125,34.625,2.99269,39107,2337,100,433
1706673434820177262,23930,23930,9042,14888,0,0,0,17,0.000710405,0,255,132.818,32.437,56.5,89.5,130.5,191.5,250.5,2,226,0,150,27.5,40.5,52.5,-38.4674,38.2992,-34.125,34.125,3.16747,39108,2279,100,429
1706673434920018117,23869,23869,9071,14798,0,0,0,0,0,0,255,133.558,33.556,50.5,88.5,131.5,194.5,244.5,12,184,0,154,27.5,40.5,55.5,-37.8116,38.4871,-33.875,34.125,2.85953,39120,2134,100,502
1706673435019858560,23870,23870,9115,14755,0,0,0,12,0.000502723,4.60012,255,132.638,32.3272,55.5,86.5,131.5,191.5,236.5,0,143,0,151,27.5,40.5,52.5,-38.2591,37.8877,-33.875,33.875,2.93562,39128,1945,100,496
1706673435119697659,23834,23834,9045,14789,0,0,0,17,0.000713267,0,255,132.508,32.405,52.5,86.5,130.5,190.5,240.5,3,140,0,152,27.5,41.5,54.5,-38.5009,38.2106,-34.125,33.875,2.96059,39132,2189,100,403
1706673435219526055,23832,23832,9061,14771,0,0,0,9,0.000377644,4.48792,255,132.848,31.2387,56.5,86.5,131.5,188.5,233.5,0,135,0,160,27.5,41.5,52.5,-38.1483,38.5008,-34.375,34.125,2.87617,39134,2243,100,425
1706673435320167689,23865,23865,8966,14899,0,0,0,17,0.00071234,0,255,133.171,31.6435,58.5,86.5,131.5,190.5,233.5,2,174,0,179,28.5,41.5,53.5,-38.5115,38.062,-34.625,34.375,2.90352,39136,2294,100,431
1706673435420003749,23856,23856,8920,14936,0,0,0,9,0.000377264,4.51529,255,132.776,30.3467,57.5,87.5,131.5,186.5,229.5,0,142,0,154,27.5,41.5,53.5,-38.1275,38.5093,-34.375,34.625,3.05809,39138,2174,100,410
1706673435519844055,23864,23864,8859,15005,0,0,0,17,0.00071237,0,255,133.376,31.2446,55.5,87.5,131.5,187.5,233.5,3,145,0,163,27.5,41.5,53.5,-38.4948,38.2063,-34.625,34.375,2.94038,39139,2199,100,496
1706673435619694534,23774,23774,8956,14818,0,0,0,13,0.000546816,0,255,133.517,31.7252,53.5,87.5,131.5,190.5,236.5,7,151,0,152,27.5,41.5,53.5,-38.274,38.4821,-34.625,34.625,2.97486,39140,2203,100,492
1706673435719539352,23822,23822,9051,14771,0,0,0,16,0.000671648,0,255,133.614,32.1729,53.5,86.5,131.5,190.5,248.5,4,167,0,154,28.5,42.5,54.5,-38.4569,38.3128,-34.625,34.625,3.01053,39144,2255,100,457
1706673435820176125,23888,23888,8977,14911,0,0,0,14,0.000586068,0,255,133.323,31.8714,53.5,88.5,131.5,187.5,240.5,5,210,0,151,28.5,42.5,54.5,-38.3538,38.4431,-34.625,34.125,2.88093,39146,2088,100,500
1706673435920011972,23904,23904,9012,14892,0,0,0,16,0.000669344,0,255,133.848,31.1481,57.5,89.5,132.5,186.5,232.5,11,132,0,200,28.5,43.5,56.5,-38.4069,38.3845,-34.125,34.625,2.93205,39147,2054,100,398
1706673436019844146,23882,23882,9004,14878,0,0,0,16,0.000669961,0,255,134.373,31.8118,59.5,88.5,132.5,192.5,232.5,10,158,0,207,28.5,42.5,55.5,-38.4148,38.3861,-34.125,34.375,2.83931,39149,2082,100,457
1706673436119670941,23864,23864,9038,14826,0,0,0,0,0,0,255,133.7,32.9437,49.5,86.5,131.5,190.5,249.5,19,225,0,182,28.5,42.5,55.5,-37.6645,38.4457,-33.625,34.125,2.82386,39151,2147,100,386
1706673436219514184,23818,23818,9067,14751,0,0,0,14,0.000587791,0,255,133.143,32.7745,48.5,86.5,130.5,191.5,244.5,4,192,0,209,27.5,41.5,53.5,-38.3338,37.7831,-34.125,33.875,2.94513,39155,2357,100,398
1706673436320156338,23849,23849,9119,14730,0,0,0,17,0.000712818,4.45389,255,133.409,31.9442,55.5,88.5,130.5,194.5,239.5,0,160,0,209,27.5,41.5,52.5,-38.4826,38.2695,-34.125,34.125,2.78221,39158,2375,100,497
1706673436420001517,23823,23823,9034,14789,0,0,0,11,0.000461739,4.23187,255,133.352,31.6454,52.5,88.5,130.5,190.5,239.5,0,182,0,212,27.5,41.5,53.5,-38.212,38.499,-34.375,34.125,2.92489,39160,2414,100,410
1706673436519829463,23784,23784,8964,14820,0,0,0,17,0.000714766,0,255,133.786,32.2122,49.5,88.5,131.5,191.5,241.5,10,154,0,152,27.5,42.5,54.5,-38.5088,38.1473,-34.625,34.375,2.85236,39166,2436,100,482
1706673436619660274,23802,23802,8916,14886,0,0,0,12,0.000504159,0,255,133.499,32.6777,49.5,85.5,131.5,190.5,248.5,25,174,0,154,27.5,43.5,55.5,-38.0896,38.5097,-34.375,34.625,2.84404,39169,2457,100,470
1706673436719893611,23884,23884,8884,15000,0,0,0,18,0.000753643,0,255,133.552,32.9283,44.5,84.5,132.5,190.5,236.5,2,165,0,153,28.5,44.5,56.5,-38.5061,38.0964,-34.625,34.375,2.83928,39172,2308,100,350
1706673436819747363,23884,23884,8899,14985,0,0,0,10,0.00041869,0,255,134.553,31.936,45.5,86.5,133.5,188.5,234.5,2,140,0,152,28.5,44.5,54.5,-38.172,38.5033,-34.375,34.625,2.8595,39174,2210,100,420
1706673436919583584,23819,23819,9000,14819,0,0,0,17,0.000713716,0,255,133.195,32.5912,46.5,85.5,131.5,188.5,244.5,22,198,0,154,28.5,43.5,56.5,-38.4976,38.2087,-34.625,34.625,2.98196,39185,2263,100,456
1706673437020223730,23815,23815,8996,14819,0,0,0,13,0.000545874,0,255,133.645,32.5481,46.5,88.5,130.5,192.5,248.5,4,191,0,150,27.5,41.5,53.5,-38.284,38.4718,-34.375,34.125,3.06638,39189,2525,100,508
1706673437120053154,23828,23828,9080,14748,0,0,0,16,0.000671479,0,255,133.597,31.3321,51.5,91.5,130.5,190.5,232.5,5,132,0,156,27.5,41.5,51.5,-38.4426,38.3351,-34.125,34.125,2.99504,39196,2712,100,454
1706673437219888354,23829,23829,9063,14766,0,0,0,15,0.000629485,0,255,134.086,32.0971,51.5,90.5,131.5,191.5,239.5,10,158,0,153,27.5,41.5,52.5,-38.3794,38.4093,-34.125,34.875,3.01644,39202,2403,100,466
1706673437319720913,23798,23798,9059,14739,0,0,0,0,0,0,255,134.254,31.666,52.5,91.5,131.5,192.5,237.5,8,135,0,154,27.5,41.5,51.5,-37.5779,38.4217,-33.625,34.375,2.99147,39205,2308,100,423
1706673437419569769,23787,23787,9028,14759,0,0,0,15,0.000630597,0,255,133.609,32.1657,52.5,88.5,131.5,191.5,246.5,35,198,0,151,28.5,42.5,53.5,-38.3694,37.6802,-34.125,33.625,2.92489,39206,2390,100,394
1706673437520210049,23858,23858,9083,14775,0,0,0,17,0.000712549,0,255,132.788,32.1931,50.5,87.5,130.5,192.5,235.5,15,134,0,154,28.5,41.5,52.5,-38.4534,38.3236,-34.125,34.125,2.83096,39209,2347,100,460
1706673437620049445,23887,23887,9093,14794,0,0,0,13,0.000544229,0,255,134.386,31.3989,59.5,89.5,132.5,192.5,239.5,2,144,0,151,28.5,42.5,53.5,-38.2873,38.4744,-34.625,34.125,2.84998,39210,2142,100,419
1706673437719888116,23856,23856,8905,14951,0,0,0,17,0.000712609,0,255,134.64,31.8129,49.5,88.5,133.5,190.5,229.5,16,96,0,151,28.5,44.5,54.5,-38.4946,38.2409,-34.625,34.625,2.94391,39210,2043,100,548
1706673437819737526,23897,23897,8848,15049,0,0,0,10,0.000418463,0,255,135.392,33.0123,49.5,88.5,133.5,193.5,240.5,19,179,0,150,29.5,46.5,57.5,-38.192,38.4959,-34.375,34.625,2.8595,39210,1936,100,571
1706673437919561675,23884,23884,8826,15058,0,0,0,18,0.000753643,0,255,134.877,32.3098,53.5,86.5,133.5,188.5,237.5,26,173,0,151,29.5,48.5,58.5,-38.5042,38.1289,-34.625,34.375,2.82502,39213,1917,100,466
1706673438020199124,23921,23921,8961,14960,0,0,0,12,0.000501651,0,255,135.432,31.8028,62.5,87.5,133.5,190.5,224.5,3,123,0,150,29.5,50.5,60.5,-38.0717,38.5094,-34.375,34.625,2.95577,39214,1853,100,514
1706673438120025660,23893,23893,9016,14877,0,0,0,17,0.000711505,0,255,134.504,32.3994,55.5,85.5,134.5,191.5,228.5,21,87,0,151,29.5,49.5,59.5,-38.5087,38.1378,-34.625,34.375,3.79875,39215,1805,100,481
1706673438219856454,23945,23945,9048,14897,0,0,0,11,0.000459386,0,255,135.206,32.0451,65.5,87.5,133.5,189.5,234.5,2,161,0,151,29.5,50.5,60.5,-38.1972,38.4995,-34.375,34.125,3.2114,39215,1804,100,510
1706673438319711780,23869,23869,8980,14889,0,0,0,17,0.000712221,0,255,134.415,32.4928,56.5,85.5,132.5,188.5,237.5,4,198,0,152,30.5,51.5,62.5,-38.4785,38.2656,-34.125,33.875,2.99025,39220,1694,100,447
1706673438419548951,23943,23943,9064,14879,0,0,0,14,0.000584722,0,255,134.693,32.1447,63.5,87.5,133.5,188.5,237.5,5,185,0,150,30.5,52.5,63.5,-38.3108,37.7983,-34.125,33.875,2.92486,39220,1751,100,440
1706673438520185842,23948,23948,9122,14826,0,0,0,0,0,0,255,133.378,33.188,54.5,86.5,131.5,189.5,255.5,2,248,0,150,29.5,54.5,65.5,-37.7099,38.4636,-33.875,35.125,2.84758,39221,1680,100,446
1706673438620025175,23880,23880,9034,14846,0,0,0,17,0.000711893,5.74514,255,133.403,33.1536,59.5,86.5,130.5,190.5,242.5,0,154,0,153,29.5,56.5,69.5,-38.4344,37.6166,-34.125,33.625,3.09607,39225,1483,100,451
1706673438719853736,23938,23938,8987,14951,0,0,0,15,0.000626619,0,255,133.652,32.9891,64.5,87.5,130.5,192.5,236.5,1,150,0,150,29.5,57.5,69.5,-38.3898,38.3919,-34.125,34.125,2.99739,39225,1597,100,380
1706673438819695480,23941,23941,9010,14931,0,0,0,15,0.00062654,0,255,133.98,32.6652,64.5,87.5,132.5,192.5,236.5,12,153,0,150,30.5,56.5,70.5,-38.3587,38.4341,-34.625,34.125,2.80359,39225,1693,100,379
1706673438919520998,23917,23917,9070,14847,0,0,0,16,0.00066898,0,255,135.83,32.2858,64.5,88.5,134.5,192.5,241.5,3,193,0,150,29.5,53.5,65.5,-38.458,38.3112,-34.625,34.375,2.9415,39225,1810,100,304
1706673439020164740,23863,23863,8857,15006,0,0,0,12,0.000502871,0,255,134.86,32.2918,61.5,87.5,133.5,191.5,236.5,3,145,0,154,29.5,46.5,57.5,-38.2623,38.4848,-34.625,34.625,2.89632,39226,1776,100,458
1706673439119992424,23940,23940,8831,15109,0,0,0,17,0.000710109,9.87805,255,133.791,32.3376,53.5,86.5,132.5,191.5,238.5,0,182,0,150,29.5,43.5,57.5,-38.4938,38.1995,-34.625,34.375,2.97361,39226,2002,100,467
1706673439219828154,23896,23896,8901,14995,0,0,0,9,0.000376632,0,255,133.936,31.5954,54.5,88.5,131.5,192.5,231.5,1,133,0,151,29.5,42.5,53.5,-38.1202,38.5074,-34.375,34.625,2.83807,39226,1998,100,551
1706673439319670043,23847,23847,8994,14853,0,0,0,17,0.000712878,0,255,133.473,31.7515,61.5,89.5,131.5,191.5,238.5,9,162,0,155,28.5,42.5,54.5,-38.5116,38.0576,-34.625,34.375,2.9201,39226,2022,100,503
1706673439419512740,23846,23846,9063,14783,0,0,0,9,0.000377422,4.77149,255,133.379,32.2075,55.5,85.5,131.5,194.5,231.5,0,124,0,150,28.5,43.5,54.5,-38.1377,38.5051,-34.375,34.125,2.95339,39226,2111,100,400
1706673439520156612,23861,23861,9014,14847,0,0,0,17,0.00071246,0,255,134.596,31.8412,56.5,87.5,133.5,192.5,237.5,6,133,0,151,29.5,43.5,54.5,-38.5042,38.1897,-34.125,33.875,2.99263,39228,1955,100,425
1706673439619990943,23929,23929,9011,14918,0,0,0,12,0.000501484,0,255,134.549,32.5685,54.5,86.5,133.5,189.5,244.5,16,207,0,151,29.5,44.5,57.5,-38.2487,37.916,-33.875,33.875,3.12817,39229,1853,100,473
1706673439719845782,23901,23901,9070,14831,0,0,0,0,0,0,255,134.323,30.924,64.5,87.5,132.5,187.5,227.5,1,155,0,152,29.5,45.5,56.5,-37.813,38.4873,-33.875,34.125,3.08534,39230,1800,100,448
1706673439819693374,23933,23933,9092,14841,0,0,0,16,0.000668533,0,255,134.999,32.1908,60.5,86.5,133.5,192.5,235.5,2,125,0,150,29.5,45.5,57.5,-38.4585,38.3131,-34.125,35.125,3.03897,39230,1864,100,395
1706673439919540452,23864,23864,8987,14877,0,0,0,14,0.000586658,0,255,134.709,33.1305,54.5,84.5,133.5,192.5,240.5,3,181,0,152,29.5,43.5,55.5,-38.3547,38.4367,-34.125,34.125,3.1115,39230,1844,100,397
1706673440020175947,23839,23839,8953,14886,0,0,0,16,0.000671169,0,255,134.018,32.6615,53.5,85.5,132.5,191.5,238.5,1,182,0,151,28.5,41.5,54.5,-38.4023,38.4029,-34.625,34.125,2.97001,39234,2142,100,457
1706673440120014615,23843,23843,8992,14851,0,0,0,15,0.000629115,0,255,133.545,32.4184,52.5,87.5,131.5,189.5,248.5,12,199,0,150,28.5,41.5,55.5,-38.4276,38.3697,-34.625,34.625,2.9391,39235,2231,100,427
1706673440219849211,23871,23871,8943,14928,0,0,0,14,0.000586486,0,255,133.711,31.7907,58.5,87.5,132.5,188.5,242.5,9,179,0,155,28.5,41.5,56.5,-38.3192,38.4484,-34.625,34.625,2.9284,39236,2128,100,497
1706673440319697629,23863,23863,8848,15015,0,0,0,17,0.0007124,0,255,133.336,31.9691,52.5,86.5,132.5,191.5,236.5,19,144,0,154,28.5,42.5,55.5,-38.4752,38.283,-34.625,34.625,3.12695,39236,2092,100,479
1706673440419546576,23852,23852,8868,14984,0,0,0,12,0.000503102,0,255,134.706,32.3585,56.5,87.5,132.5,192.5,245.5,9,195,0,151,29.5,43.5,56.5,-38.2369,38.4908,-34.625,34.625,2.92245,39237,2057,100,468
1706673440520201846,23884,23884,8920,14964,0,0,0,17,0.000711774,0,255,134.46,32.598,57.5,85.5,133.5,190.5,237.5,27,200,0,153,29.5,44.5,56.5,-38.5015,38.1576,-34.625,34.375,2.74768,39237,1976,100,415
1706673440620047607,23884,23884,9063,14821,0,0,0,12,0.000502428,0,255,133.92,31.729,65.5,85.5,133.5,187.5,237.5,9,184,0,153,29.5,46.5,58.5,-38.0989,38.5051,-34.375,34.125,2.8095,39237,1771,100,385
1706673440719861893,23926,23926,9123,14803,0,0,0,17,0.000710524,0,255,134.997,31.7793,60.5,85.5,134.5,189.5,230.5,7,124,0,150,30.5,46.5,58.5,-38.5083,38.0986,-34.125,33.875,2.89154,39237,1755,100,391
1706673440819705745,23931,23931,9066,14865,0,0,0,10,0.000417868,0,255,134.316,31.6217,60.5,85.5,133.5,188.5,225.5,8,124,0,150,30.5,46.5,58.5,-38.154,38.0331,-34.125,34.125,2.85706,39237,1771,100,453
1706673440919546185,23884,23884,8997,14887,0,0,0,0,0,0,255,134.873,31.892,63.5,84.5,133.5,190.5,234.5,5,154,0,154,30.5,47.5,58.5,-37.9534,38.4998,-33.875,34.125,3.04135,39238,1753,100,373
1706673441020171374,23921,23921,9029,14892,0,0,0,17,0.000710673,0,255,134.279,32.1452,65.5,86.5,132.5,192.5,238.5,11,145,0,138,29.5,47.5,58.5,-38.4939,38.2169,-34.125,34.625,2.79167,39238,1775,100,313
1706673441120008089,23903,23903,9034,14869,0,0,0,12,0.000502029,0,255,134.403,31.7715,63.5,86.5,132.5,190.5,230.5,3,142,0,152,30.5,47.5,62.5,-38.274,38.4752,-34.375,34.625,2.81188,39239,1687,100,338
1706673441219857051,23921,23921,8988,14933,0,0,0,16,0.000668868,5.76144,255,134.41,32.8594,61.5,85.5,132.5,193.5,236.5,0,147,0,152,30.5,47.5,58.5,-38.4516,38.3301,-34.625,34.375,2.95218,39240,1701,100,368
1706673441319708638,23915,23915,8928,14987,0,0,0,14,0.000585407,5.01742,255,135.153,31.3741,61.5,88.5,133.5,190.5,229.5,0,108,0,150,30.5,47.5,59.5,-38.3718,38.4312,-34.625,34.625,2.74292,39242,1689,100,428
1706673441419538063,14131,14131,6390,7741,0,0,0,15,0.0010615,0,255,134.09,32.6502,46.5,84.5,133.5,189.5,238.5,18,103,0,150,30.5,47.5,60.5,-38.3957,37.4877,-34.625,33.375,2.02122,39243,1497,100,338
1706673441520159966,23924,23924,8864,15060,0,0,0,16,0.000668784,0,255,135.08,31.5344,59.5,87.5,133.5,189.5,231.5,4,124,0,150,30.5,51.5,62.5,-38.44,38.3539,-34.625,34.375,2.85346,39244,1644,100,392
1706673441619999577,23864,23864,8931,14933,0,0,0,14,0.000586658,0,255,134.529,31.9538,60.5,86.5,132.5,189.5,227.5,1,138,0,152,30.5,51.5,63.5,-38.3102,38.4653,-34.625,34.625,2.79521,39244,1759,100,387
1706673441719837926,23877,23877,8942,14935,0,0,0,16,0.000670101,0,255,134.156,31.2057,65.5,85.5,132.5,188.5,223.5,6,96,0,153,30.5,51.5,62.5,-38.4798,38.264,-34.625,34.125,2.82969,39245,1661,100,377
1706673441819666442,23877,23877,9013,14864,0,0,0,12,0.000502576,0,255,134.966,31.7693,61.5,87.5,133.5,190.5,232.5,16,144,0,151,30.5,48.5,59.5,-38.2087,38.5011,-34.125,34.125,2.87011,39245,1766,100,433
1706673441919504270,23860,23860,9106,14754,0,0,0,17,0.00071249,0,255,134.758,31.6375,62.5,87.5,132.5,191.5,236.5,4,140,0,154,29.5,47.5,57.5,-38.505,37.9713,-34.125,33.875,2.75716,39248,1866,100,413
1706673442020148263,23931,23931,9111,14820,0,0,0,6,0.000250721,0,255,135.11,31.8809,57.5,87.5,133.5,191.5,229.5,2,88,0,150,29.5,46.5,55.5,-38.0533,38.1453,-33.875,34.125,2.79639,39248,1955,100,432
1706673442119988332,23892,23892,9054,14838,0,0,0,7,0.000292985,0,255,135.297,31.4661,60.5,88.5,133.5,189.5,225.5,9,93,0,152,29.5,47.5,57.5,-38.0734,38.5076,-34.125,34.125,2.90935,39249,1881,100,515
1706673442219836321,23923,23923,9017,14906,0,0,0,17,0.000710613,0,255,136.415,32.1082,58.5,89.5,134.5,192.5,234.5,5,117,0,150,29.5,47.5,57.5,-38.5117,38.1232,-34.125,34.375,2.96047,39250,1875,100,416
1706673442319696511,23887,23887,8956,14931,0,0,0,10,0.000418638,0,255,135.423,31.6954,52.5,87.5,133.5,189.5,230.5,1,116,0,151,29.5,48.5,59.5,-38.187,38.5047,-34.125,34.625,3.00565,39250,1804,100,612
1706673442419522209,23904,23904,8954,14950,0,0,0,17,0.000711178,0,255,134.499,32.0722,49.5,86.5,132.5,188.5,229.5,8,129,0,150,29.5,52.5,64.5,-38.4922,38.2269,-34.625,34.375,2.94858,39251,1798,100,460
1706673442520155802,23877,23877,8936,14941,0,0,0,13,0.000544457,0,255,134.081,30.6943,58.5,88.5,132.5,186.5,221.5,2,103,0,150,29.5,53.5,66.5,-38.2876,38.4727,-34.625,34.625,2.87368,39252,1645,100,480
1706673442619980064,23886,23886,8992,14894,0,0,0,17,0.000711714,0,255,134.83,31.7116,55.5,87.5,132.5,188.5,227.5,3,103,0,152,30.5,50.5,64.5,-38.454,38.3298,-34.625,34.375,2.84039,39252,1771,100,469
1706673442719799846,23865,23865,8923,14942,0,0,0,15,0.000628536,0,255,135.369,31.4669,53.5,87.5,133.5,189.5,226.5,5,80,0,154,29.5,48.5,59.5,-38.3701,38.413,-34.625,34.625,2.82255,39253,1863,100,473
1706673442819638179,23853,23853,8915,14938,0,0,0,15,0.000628852,0,255,135.007,32.805,52.5,86.5,132.5,191.5,235.5,5,136,0,154,29.5,46.5,57.5,-38.3815,38.4128,-34.625,34.625,2.91886,39254,2020,100,518
1706673442919867066,23831,23831,8931,14900,0,0,0,16,0.000671394,0,255,133.47,31.8155,51.5,88.5,131.5,189.5,226.5,16,108,0,150,29.5,44.5,53.5,-38.4437,38.3408,-34.625,34.375,2.9141,39255,2204,100,500
1706673443019713578,23849,23849,9035,14814,0,0,0,14,0.000587027,0,255,133.152,30.5364,52.5,88.5,131.5,186.5,220.5,21,84,0,154,29.5,43.5,53.5,-38.2969,38.4712,-34.125,34.125,2.9141,39257,2183,100,408
1706673443119554064,23858,23858,9086,14772,0,0,0,17,0.000712549,0,255,133.387,30.6901,54.5,89.5,131.5,188.5,225.5,5,103,0,153,29.5,43.5,53.5,-38.4896,37.8268,-34.125,33.875,3.01516,39258,2103,100,473
1706673443220190826,23931,23931,9118,14813,0,0,0,0,0,0,255,133.821,31.6217,56.5,89.5,131.5,189.5,240.5,3,145,0,150,29.5,44.5,55.5,-37.9019,38.2501,-33.875,33.875,2.88316,39259,2023,100,485
1706673443320025023,23901,23901,9062,14839,0,0,0,11,0.000460232,5.02125,255,134.257,30.2317,58.5,89.5,132.5,187.5,221.5,0,121,1,153,29.5,44.5,56.5,-38.1962,38.4948,-33.875,34.125,2.9759,39259,1976,100,500
1706673443419866523,23869,23869,8962,14907,0,0,0,18,0.000754116,0,255,134.94,31.3026,57.5,88.5,133.5,191.5,222.5,1,117,0,151,29.5,45.5,56.5,-38.5091,38.1286,-34.125,34.375,2.94617,39259,1936,100,447
1706673443519704136,23885,23885,8976,14909,0,0,0,11,0.00046054,0,255,134.76,30.4144,63.5,89.5,133.5,187.5,225.5,5,118,0,152,29.5,45.5,55.5,-38.0731,38.5085,-34.375,34.625,3.14948,39259,1884,100,596
1706673443619548546,23930,23930,8908,15022,0,0,0,17,0.000710405,0,255,134.825,31.9077,56.5,87.5,133.5,189.5,235.5,1,123,0,172,29.5,44.5,54.5,-38.5093,38.1209,-34.625,34.375,2.98422,39260,1897,100,510
1706673443720192853,23873,23873,8949,14924,0,0,0,11,0.000460772,0,255,134.041,31.0547,62.5,87.5,132.5,188.5,231.5,1,113,0,160,29.5,43.5,52.5,-38.1913,38.4978,-34.625,34.625,2.87365,39260,1913,100,453
1706673443820037948,23874,23874,8912,14962,0,0,0,17,0.000712072,4.81091,255,134.384,31.1085,62.5,88.5,132.5,188.5,238.5,0,165,0,151,30.5,43.5,54.5,-38.4889,38.2473,-34.625,34.625,2.96401,39262,1929,100,453
1706673443919883487,23876,23876,9032,14844,0,0,0,13,0.00054448,0,255,134.066,31.6966,55.5,86.5,132.5,188.5,226.5,9,112,0,158,29.5,44.5,54.5,-38.3005,38.4665,-34.625,34.625,3.03653,39262,2115,100,418
1706673444019713886,23877,23877,8978,14899,0,0,0,17,0.000711982,0,255,134.266,30.8366,62.5,88.5,132.5,189.5,233.5,4,148,0,150,30.5,44.5,54.5,-38.43,38.3602,-34.625,34.625,2.99967,39264,1907,100,596
1706673444119549039,23849,23849,8983,14866,0,0,0,15,0.000628957,0,255,134.369,31.8392,60.5,87.5,132.5,190.5,238.5,18,171,0,166,30.5,43.5,53.5,-38.3931,38.4074,-34.625,34.125,3.03178,39265,1907,100,468
1706673444220181287,23856,23856,8978,14878,0,0,0,15,0.000628773,0,255,134.467,31.8545,63.5,87.5,132.5,190.5,242.5,10,207,0,155,30.5,43.5,55.5,-38.3735,38.4205,-34.125,34.125,3.19347,39265,1929,100,456
1706673444320023506,23930,23930,9051,14879,0,0,0,17,0.000710405,0,255,134.643,31.1742,63.5,87.5,133.5,190.5,227.5,2,106,0,151,30.5,44.5,55.5,-38.4468,37.6686,-34.125,33.625,3.06744,39265,1888,100,559
1706673444419858217,23890,23890,9140,14750,0,0,0,0,0,0,255,133.922,31.9621,53.5,86.5,132.5,189.5,233.5,4,132,0,150,30.5,45.5,56.5,-37.7485,38.3307,-33.875,34.125,2.89148,39266,1906,100,532
1706673444519712695,23844,23844,9074,14770,0,0,0,13,0.000545211,0,255,133.762,31.7596,61.5,87.5,131.5,192.5,235.5,6,142,0,152,30.5,44.5,55.5,-38.2917,38.4728,-34.125,34.125,2.81301,39268,1868,100,546
1706673444619559446,23849,23849,8956,14893,0,0,0,17,0.000712818,0,255,134.596,32.4873,59.5,85.5,132.5,192.5,234.5,13,141,0,152,30.5,44.5,55.5,-38.4864,38.2404,-34.125,34.375,2.88792,39269,2026,100,534
1706673444720198268,23837,23837,8915,14922,0,0,0,10,0.000419516,4.97616,255,134.003,30.7402,67.5,87.5,133.5,188.5,226.5,0,107,0,156,30.5,45.5,57.5,-38.1694,38.5069,-34.375,34.625,2.75594,39269,1994,100,524
1706673444820039818,23912,23912,8905,15007,0,0,0,18,0.00075276,4.82863,255,134.24,32.6946,62.5,85.5,132.5,193.5,242.5,0,165,0,161,30.5,45.5,56.5,-38.5057,38.1049,-34.625,34.375,2.85344,39270,1990,100,647
1706673444919880467,23845,23845,8946,14899,0,0,0,13,0.000545188,0,255,134.436,32.9486,60.5,84.5,133.5,192.5,240.5,1,170,0,177,30.5,45.5,56.5,-38.0952,38.5131,-34.375,34.625,2.92239,39271,1976,100,594
1706673445019715126,23860,23860,8969,14891,0,0,0,17,0.00071249,5.57892,255,134.712,33.0364,54.5,84.5,133.5,193.5,228.5,0,105,0,219,30.5,46.5,55.5,-38.5013,38.1681,-34.625,34.375,2.91167,39271,2039,100,501
1706673445119568812,23863,23863,8895,14968,0,0,0,12,0.000502871,4.57867,255,134.807,33.4134,51.5,83.5,133.5,193.5,237.5,0,124,0,155,30.5,47.5,58.5,-38.2113,38.4974,-34.625,34.625,2.89621,39272,1980,100,462
1706673445220201526,23932,23932,8968,14964,0,0,0,17,0.000710346,5.1236,255,135.576,33.092,60.5,84.5,133.5,193.5,231.5,0,144,1,150,31.5,48.5,59.5,-38.4822,38.2743,-34.125,34.375,3.01153,39274,1902,100,640
1706673445320048472,23847,23847,9040,14807,0,0,0,14,0.000587076,9.31624,255,133.964,32.8027,52.5,83.5,132.5,192.5,224.5,0,118,0,164,30.5,49.5,60.5,-38.3122,38.4591,-34.875,34.125,2.9937,39276,1822,100,482
1706673445419876970,23906,23906,9025,14881,0,0,0,16,0.000669288,0,255,134.864,32.6608,60.5,86.5,133.5,192.5,236.5,4,149,0,150,31.5,49.5,61.5,-38.4337,38.3511,-34.125,34.125,3.44787,39276,1955,100,489
1706673445519716095,23899,23899,9019,14880,0,0,0,16,0.000669484,0,255,134.28,32.6787,54.5,85.5,132.5,191.5,232.5,11,102,0,150,31.5,49.5,59.5,-38.4087,37.6167,-34.125,33.625,2.92118,39276,1883,100,450
1706673445619564470,23897,23897,9054,14843,0,0,0,0,0,0,255,134.862,32.4416,57.5,84.5,133.5,189.5,231.5,4,113,0,255,30.5,49.5,59.5,-37.6274,38.3899,-33.625,34.125,2.89264,39276,1944,100,431
1706673445720202372,23954,23954,9116,14838,0,0,0,14,0.000584454,0,255,135.272,32.0359,59.5,85.5,134.5,191.5,228.5,3,77,0,150,31.5,48.5,58.5,-38.3554,38.4376,-34.125,34.125,2.79753,39277,1964,100,424
1706673445820042408,23950,23950,9055,14895,0,0,0,16,0.000668058,0,255,135.43,31.9697,66.5,87.5,133.5,192.5,233.5,10,119,0,150,31.5,50.5,61.5,-38.4646,38.2958,-34.125,34.375,2.87956,39277,1875,100,371
1706673445919895656,23859,23859,8893,14966,0,0,0,13,0.000544868,0,255,135.162,31.8483,64.5,87.5,134.5,190.5,231.5,7,107,0,154,31.5,51.5,62.5,-38.2511,38.4833,-34.375,34.625,2.92474,39278,1601,100,428
1706673446019741136,23910,23910,8836,15074,0,0,0,17,0.000711,0,255,134.71,31.2093,62.5,87.5,133.5,189.5,225.5,5,107,0,154,31.5,51.5,64.5,-38.4998,38.2072,-34.625,34.375,2.93069,39278,1675,100,533
1706673446119582516,23880,23880,8836,15044,0,0,0,9,0.000376884,0,255,135.227,31.5247,63.5,87.5,133.5,189.5,224.5,15,118,0,158,31.5,53.5,66.5,-38.1455,38.5053,-34.375,34.625,2.9723,39280,1714,100,451
1706673446220238014,23936,23936,9006,14930,0,0,0,18,0.000752005,0,255,134.9,31.5534,63.5,86.5,133.5,189.5,225.5,1,111,0,151,31.5,53.5,65.5,-38.5083,38.1065,-34.625,34.625,3.02104,39281,1755,100,436
1706673446320073656,23906,23906,8989,14917,0,0,0,11,0.000460136,0,255,134.928,31.7316,58.5,87.5,133.5,189.5,225.5,10,103,0,151,31.5,53.5,64.5,-38.0994,38.514,-34.375,34.625,3.75223,39281,1773,100,369
1706673446419922504,23959,23959,8968,14991,0,0,0,17,0.000709545,0,255,135.842,31.4356,63.5,89.5,134.5,190.5,227.5,14,103,0,150,31.5,52.5,62.5,-38.5033,38.1863,-34.125,34.375,3.52396,39281,1882,100,438
1706673446519756293,23884,23884,8999,14885,0,0,0,12,0.000502428,0,255,135.43,30.8668,63.5,89.5,133.5,190.5,227.5,5,110,0,150,31.5,50.5,60.5,-38.2412,38.483,-34.125,34.125,2.91404,39281,1959,100,436
1706673446619601538,23845,23845,9050,14795,0,0,0,17,0.000712938,0,255,135.084,30.372,64.5,89.5,133.5,188.5,225.5,9,123,0,154,30.5,48.5,59.5,-38.4728,38.2869,-35.125,34.125,2.88786,39282,1986,100,449
1706673446719846945,23871,23871,9062,14809,0,0,0,15,0.000628378,0,255,134.458,31.186,52.5,89.5,132.5,189.5,229.5,5,109,0,153,30.5,46.5,56.5,-38.3336,37.7398,-34.125,33.875,3.02458,39287,2128,100,543
1706673446819678503,23896,23896,9025,14871,0,0,0,0,0,0,255,134.147,30.5885,61.5,89.5,132.5,188.5,226.5,6,117,0,155,30.5,44.5,55.5,-37.6704,38.4478,-33.625,34.125,2.96633,39288,2148,100,503
1706673446919511887,23900,23900,9043,14857,0,0,0,15,0.000627615,0,255,134.485,31.7063,55.5,89.5,132.5,193.5,233.5,2,133,0,150,29.5,44.5,56.5,-38.418,38.3703,-34.125,34.125,3.03885,39288,2140,100,528
1706673447020137620,23841,23841,8991,14850,0,0,0,16,0.000671113,0,255,134.556,31.7794,57.5,88.5,132.5,190.5,229.5,2,131,0,152,29.5,45.5,57.5,-38.4115,38.383,-34.125,34.625,2.93541,39289,2260,100,563
1706673447119975072,23835,23835,8963,14872,0,0,0,14,0.000587372,4.60698,255,134.094,31.7421,54.5,86.5,132.5,188.5,234.5,0,147,1,154,29.5,44.5,54.5,-38.3429,38.4409,-34.625,34.625,2.92353,39291,2300,100,459
1706673447219826372,23812,23812,8895,14917,0,0,0,17,0.000713926,0,255,134.395,32.6313,47.5,87.5,132.5,191.5,240.5,3,169,0,154,28.5,43.5,54.5,-38.462,38.2942,-34.625,34.375,2.94968,39293,2398,100,498
1706673447319681944,23790,23790,8839,14951,0,0,0,12,0.000504414,0,255,133.583,32.1528,46.5,88.5,131.5,189.5,237.5,3,162,0,154,28.5,42.5,53.5,-38.2341,38.4853,-34.625,34.625,3.02102,39293,2577,100,573
1706673447419532345,23717,23717,8889,14828,0,0,0,17,0.000716785,0,255,132.421,33.0015,41.5,86.5,130.5,191.5,245.5,7,197,0,151,27.5,41.5,51.5,-38.5001,38.178,-34.625,34.375,2.98773,39293,2865,100,592
1706673447520173137,23664,23664,9102,14562,0,0,0,11,0.000464841,0,255,132.887,32.06,37.5,88.5,131.5,189.5,227.5,12,139,0,159,27.5,41.5,51.5,-38.1082,38.5091,-34.375,34.625,3.11137,39306,2865,100,504
1706673447620017812,23669,23669,9043,14626,0,0,0,17,0.000718239,0,255,132.249,32.1523,44.5,88.5,130.5,190.5,246.5,1,201,0,156,27.5,42.5,53.5,-38.5075,38.0746,-34.125,34.375,3.02934,39307,2714,100,497
1706673447719866643,23814,23814,9037,14777,0,0,0,9,0.000377929,0,255,133.551,32.0856,51.5,89.5,131.5,189.5,251.5,22,156,0,154,28.5,42.5,52.5,-38.1309,38.5066,-34.125,34.125,2.94374,39307,2626,100,523
1706673447819699838,23847,23847,9056,14791,0,0,0,0,0,0,255,133.51,32.4586,47.5,86.5,132.5,192.5,236.5,3,156,0,155,28.5,43.5,54.5,-37.9785,38.2029,-34.125,33.875,2.78323,39307,2388,100,626
1706673447919546922,23863,23863,9046,14817,0,0,0,31,0.00129908,0,255,134.334,33.8558,49.5,85.5,132.5,195.5,237.5,4,179,0,153,29.5,45.5,56.5,-38.4892,37.8886,-35.125,33.875,2.78205,39307,2274,100,571
1706673448020195026,23866,23866,9064,14802,0,0,0,0,0,0,255,135.902,34.0422,44.5,86.5,133.5,195.5,252.5,4,182,0,159,30.5,48.5,60.5,-37.7928,38.4785,-33.875,34.125,2.9259,39307,2073,100,576
1706673448120028711,23870,23870,9050,14820,0,0,0,17,0.000712191,0,255,135.139,32.5724,51.5,86.5,133.5,190.5,233.5,2,145,0,151,30.5,49.5,58.5,-38.4572,38.3134,-34.125,34.375,2.85695,39307,1856,100,581
1706673448219861753,23872,23872,9079,14793,0,0,0,15,0.000628351,0,255,133.786,33.3748,47.5,85.5,132.5,191.5,229.5,1,133,0,153,30.5,50.5,61.5,-38.3625,38.424,-34.125,34.625,2.84981,39308,1672,100,558
1706673448319702905,23945,23945,8909,15036,0,0,0,15,0.000626436,0,255,134.681,36.0254,52.5,83.5,132.5,198.5,255.5,3,266,0,150,31.5,54.5,65.5,-38.3922,38.4103,-34.625,34.625,3.13631,39308,1516,100,458
1706673448419539486,23856,23856,8854,15002,0,0,0,16,0.000670691,0,255,134.689,37.6663,49.5,81.5,131.5,200.5,252.5,2,226,0,152,31.5,58.5,72.5,-38.4281,38.3618,-34.625,34.625,3.00672,39311,1415,100,478
1706673448520189179,23888,23888,8863,15025,0,0,0,14,0.000586068,0,255,135.472,37.219,54.5,82.5,131.5,200.5,255.5,3,249,0,154,31.5,59.5,72.5,-38.3163,38.4552,-34.625,34.625,3.01742,39312,1431,100,389
1706673448620030666,23873,23873,8878,14995,0,0,0,17,0.000712102,0,255,133.98,34.9715,56.5,84.5,132.5,193.5,230.5,4,132,0,153,31.5,57.5,68.5,-38.4825,38.2618,-34.625,34.375,3.02218,39314,1488,100,344
1706673448719874762,23879,23879,8974,14905,0,0,0,11,0.000460656,0,255,134.267,35.6354,57.5,83.5,130.5,198.5,236.5,1,140,0,155,31.5,57.5,69.5,-38.2051,38.5003,-34.125,34.625,2.83909,39317,1476,100,362
1706673448819722020,23939,23939,9094,14845,0,0,0,17,0.000710138,0,255,134.374,36.8125,52.5,83.5,130.5,201.5,251.5,13,228,0,151,31.5,58.5,69.5,-38.5098,38.138,-34.125,34.375,2.8914,39317,1635,100,356
1706673448919565100,23861,23861,9088,14773,0,0,0,6,0.000251456,0,255,134.285,36.1051,54.5,84.5,131.5,197.5,242.5,6,162,0,151,31.5,56.5,68.5,-38.0591,38.5138,-34.125,34.125,2.97343,39317,1488,100,434
1706673449020196115,23891,23891,9081,14810,0,0,0,7,0.000292997,0,255,135.29,36.3507,56.5,83.5,132.5,198.5,255.5,19,271,0,153,31.5,56.5,70.5,-38.0614,38.1114,-34.125,34.125,2.93895,39318,1450,100,370
1706673449120039023,23954,23954,9065,14889,0,0,0,28,0.00116891,0,255,134.35,34.4812,54.5,84.5,131.5,194.5,231.5,2,91,0,154,30.5,54.5,64.5,-38.5079,38.0206,-34.875,33.875,3.02931,39318,1589,100,391
1706673449219883627,23965,23965,9064,14901,0,0,0,0,0,0,255,133.598,32.8525,58.5,85.5,131.5,190.5,224.5,9,109,0,150,30.5,51.5,63.5,-37.9832,38.5004,-34.375,34.125,2.82839,39318,1653,100,408
1706673449319724184,23912,23912,8958,14954,0,0,0,17,0.00071094,0,255,134.787,32.6109,64.5,85.5,133.5,191.5,238.5,1,182,0,150,30.5,50.5,63.5,-38.4839,38.2546,-34.125,34.125,2.86881,39318,1655,100,465
1706673449419573325,23866,23866,8994,14872,0,0,0,14,0.000586609,0,255,134.687,34.4087,56.5,85.5,132.5,193.5,255.5,10,260,0,153,30.5,50.5,65.5,-38.3064,38.4639,-34.125,34.625,3.08043,39319,1666,100,472
1706673449520226992,23943,23943,8995,14948,0,0,0,16,0.000668254,0,255,135.002,33.1598,62.5,86.5,133.5,191.5,231.5,9,135,0,150,30.5,51.5,64.5,-38.4346,38.3628,-34.625,34.625,2.91518,39319,1710,100,406
1706673449620057139,23904,23904,8875,15029,0,0,0,16,0.000669344,0,255,134.237,34.2372,63.5,85.5,131.5,193.5,239.5,2,126,0,150,31.5,53.5,66.5,-38.4044,38.3961,-34.625,34.625,2.98651,39319,1451,100,340
1706673449719890907,23940,23940,8833,15107,0,0,0,14,0.000584795,0,255,135.125,35.2037,67.5,84.5,132.5,196.5,245.5,3,192,0,150,31.5,57.5,72.5,-38.3763,38.4263,-34.625,34.625,2.95797,39319,1454,100,260
1706673449819742837,23843,23843,8888,14955,0,0,0,16,0.000671056,0,255,136.777,36.8338,64.5,84.5,134.5,199.5,255.5,12,268,0,153,33.5,62.5,83.5,-38.4524,38.3298,-34.625,34.625,2.92944,39319,1232,100,252
1706673449919577197,23994,23994,9015,14979,0,0,0,13,0.000541802,21.4034,255,136.489,34.5351,70.5,85.5,134.5,194.5,244.5,0,175,3,150,35.5,65.5,85.5,-38.2801,38.4723,-34.125,34.625,2.84028,39319,863,100,390
1706673450020229563,24000,24000,9124,14876,0,0,0,17,0.000708333,21.2214,255,137.935,35.2418,68.5,86.5,136.5,198.5,255.5,0,246,4,150,38.5,69.5,92.5,-38.4917,38.2346,-34.125,34.125,3.09823,39319,383,100,1558
1706673450120066562,24000,24000,9115,14885,0,0,0,0,0,11.8237,255,137.896,34.7077,62.5,85.5,137.5,194.5,240.5,0,148,4,150,41.5,69.5,87.5,-37.939,38.4998,-33.875,34.125,3.05781,39319,204,100,2384
1706673450219909342,23999,23999,9058,14941,0,0,0,11,0.000458352,13.1246,255,137.719,35.4566,58.5,85.5,136.5,196.5,255.5,0,328,4,150,44.5,70.5,89.5,-38.1816,38.0143,-34.125,33.875,3.03522,39319,142,100,2412
1706673450319754795,24000,24000,9048,14952,0,0,0,17,0.000708333,11.606,255,138.023,35.9249,53.5,84.5,137.5,197.5,255.5,0,311,4,150,46.5,70.5,83.5,-38.5038,38.1208,-34.125,34.125,2.9627,39319,104,100,2085
1706673450419590964,23998,23998,9089,14909,0,0,0,13,0.000541712,13.8801,255,140.02,36.8221,56.5,89.5,138.5,202.5,255.5,0,587,5,150,48.5,74.5,95.5,-38.0855,38.5049,-34.625,34.125,2.99361,39319,96,96,1738
1706673450519853920,23999,23999,9041,14958,0,0,0,17,0.000708363,13.728,255,140.064,36.177,54.5,88.5,139.5,200.5,255.5,0,407,5,150,49.5,77.5,97.5,-38.5079,38.1209,-34.125,34.375,2.845,39320,97,97,1745
1706673450619692968,23998,23998,8959,15039,0,0,0,11,0.000458372,12.446,255,139.701,36.7991,52.5,87.5,138.5,198.5,255.5,0,460,4,150,49.5,77.5,97.5,-38.2104,38.5025,-34.125,34.625,2.90326,39320,104,100,2084
1706673450719543503,23998,23998,8982,15016,0,0,0,17,0.000708392,18.9802,255,137.872,36.6598,53.5,82.5,136.5,198.5,255.5,0,278,6,150,48.5,83.5,106.5,-38.486,38.2574,-34.625,34.375,2.85095,39320,150,100,2330
1706673450820201951,23999,23999,8960,15039,0,0,0,13,0.000541689,17.7168,255,138.801,35.741,64.5,85.5,136.5,197.5,255.5,0,289,6,151,45.5,80.5,100.5,-38.3031,38.4691,-34.375,34.625,2.87948,39320,267,100,2044
1706673450920032635,23979,23979,8909,15070,0,0,0,16,0.000667251,0,255,136.894,35.7306,63.5,84.5,133.5,196.5,232.5,2,154,0,167,38.5,76.5,94.5,-38.4356,38.3596,-34.625,34.625,2.96627,39320,1011,100,526
1706673451019861674,23936,23936,8848,15088,0,0,0,15,0.000626671,0,255,136.361,36.1874,67.5,84.5,132.5,199.5,253.5,3,215,0,255,32.5,66.5,80.5,-38.3925,38.4054,-34.375,34.625,2.98767,39320,1321,100,462
1706673451119699681,23898,23898,8963,14935,0,0,0,14,0.000585823,5.29484,255,135.18,35.2685,55.5,84.5,131.5,200.5,255.5,0,269,1,150,31.5,54.5,67.5,-38.3637,38.4234,-34.375,34.625,3.07802,39320,1729,100,565
1706673451219534924,23882,23882,9068,14814,0,0,0,16,0.000669961,0,255,135.946,34.6694,62.5,86.5,131.5,203.5,249.5,3,197,0,210,29.5,48.5,59.5,-38.4588,38.3111,-34.125,34.125,3.01858,39320,1834,100,379
1706673451320152411,23915,23915,9146,14769,0,0,0,0,0,0,255,135.898,33.4853,66.5,87.5,132.5,197.5,241.5,1,173,0,255,29.5,51.5,64.5,-37.8106,38.4821,-33.875,34.125,3.08278,39320,1787,100,385
1706673451419998207,23854,23854,9058,14796,0,0,0,13,0.000544982,0,255,136.271,37.8239,58.5,83.5,131.5,209.5,253.5,1,199,0,155,30.5,59.5,76.5,-38.2609,37.8847,-33.875,33.875,3.2409,39320,1713,100,430
1706673451519834807,23996,23996,9036,14960,0,0,0,17,0.000708451,0,255,137.213,35.4002,70.5,84.5,134.5,201.5,251.5,3,227,0,150,35.5,67.5,84.5,-38.4966,38.2078,-34.125,33.875,3.19929,39320,916,100,1107
1706673451619692518,24000,24000,9014,14986,0,0,0,10,0.000416667,24.1625,255,137.925,35.5085,71.5,86.5,135.5,199.5,255.5,0,374,7,150,42.5,74.5,100.5,-38.1648,38.5037,-34.375,34.125,3.11369,39320,317,100,1976
1706673451719517950,23999,23999,8989,15010,0,0,0,18,0.000750031,23.8409,255,138.525,35.3476,68.5,87.5,135.5,198.5,255.5,0,395,8,150,45.5,74.5,96.5,-38.5115,38.0983,-34.625,34.375,3.06016,39320,158,100,2146
1706673451820155128,23996,23996,9047,14949,0,0,0,12,0.000500083,25.0338,255,139.512,34.6773,65.5,89.5,137.5,195.5,255.5,0,388,6,150,47.5,70.5,92.5,-38.1031,38.5082,-34.375,34.625,2.99477,39320,100,100,1851
1706673451919988963,23995,23995,8903,15092,0,0,0,17,0.000708481,17.2927,255,140.069,35.8992,69.5,89.5,137.5,202.5,255.5,0,568,6,150,48.5,75.5,96.5,-38.5039,38.1586,-34.625,34.375,2.92344,39320,82,82,1539
1706673452019830450,23997,23997,8976,15021,0,0,0,11,0.000458391,20.9907,255,138.515,34.5581,67.5,89.5,136.5,192.5,255.5,0,487,0,150,47.5,70.5,86.5,-38.2034,38.5,-34.375,34.625,2.91155,39320,80,80,1603
1706673452119677238,23997,23997,8969,15028,0,0,0,17,0.000708422,24.153,255,139.283,35.0029,64.5,86.5,137.5,197.5,255.5,0,381,6,150,47.5,74.5,94.5,-38.4768,38.279,-34.625,34.375,3.0138,39320,113,100,2093
1706673452219520508,24000,24000,8967,15033,0,0,0,14,0.000583333,28.5059,255,138.728,33.6783,73.5,91.5,135.5,194.5,255.5,0,398,6,150,44.5,71.5,88.5,-38.3307,38.4496,-34.625,34.625,2.87826,39320,186,100,2164
1706673452320159915,23998,23998,8984,15014,0,0,0,16,0.000666722,18.1083,255,137.474,33.7105,73.5,88.5,134.5,193.5,255.5,0,301,4,150,39.5,67.5,81.5,-38.4247,38.3751,-34.125,34.625,2.99596,39320,589,100,730
1706673452419995414,23951,23951,9021,14930,0,0,0,16,0.000668031,0,255,138.217,35.9299,71.5,87.5,134.5,201.5,255.5,2,332,0,150,33.5,63.5,79.5,-38.402,38.392,-34.125,34.125,2.84022,39321,1140,100,442
1706673452519829787,23909,23909,9123,14786,0,0,0,0,0,0,255,134.903,35.4002,56.5,85.5,131.5,198.5,251.5,6,210,0,151,30.5,54.5,68.5,-37.6164,38.4374,-33.625,34.125,2.84973,39324,1667,100,383
1706673452619680989,23930,23930,9146,14784,0,0,0,15,0.000626828,0,255,134.995,32.0894,70.5,87.5,131.5,192.5,222.5,4,96,0,151,30.5,49.5,61.5,-38.3548,37.7306,-34.125,33.875,2.96743,39325,1732,100,427
1706673452719511922,23849,23849,9044,14805,0,0,0,16,0.000670888,0,255,135.064,32.1746,61.5,86.5,133.5,192.5,229.5,5,115,0,151,30.5,46.5,58.5,-38.4669,38.3042,-34.125,34.125,3.03519,39325,1977,100,437
1706673452820161107,23850,23850,8981,14869,0,0,0,12,0.000503145,0,255,135.463,31.8368,59.5,87.5,133.5,192.5,232.5,5,123,0,152,30.5,46.5,58.5,-38.2518,38.4897,-34.625,34.125,2.91274,39325,2111,100,364
1706673452919996847,23903,23903,8933,14970,0,0,0,18,0.000753044,0,255,134.851,31.7004,61.5,87.5,132.5,192.5,231.5,3,153,0,124,30.5,44.5,54.5,-38.4991,38.1991,-34.625,34.375,2.86756,39326,1952,100,513
1706673453019844616,23875,23875,8981,14894,0,0,0,9,0.000376963,0,255,134.663,31.9825,55.5,87.5,132.5,191.5,230.5,12,114,0,150,29.5,44.5,55.5,-38.122,38.5056,-34.375,34.625,2.971,39326,1972,100,397
1706673453119681593,23856,23856,9044,14812,0,0,0,17,0.000712609,4.61699,255,133.186,32.2285,48.5,87.5,131.5,188.5,229.5,0,134,0,150,29.5,45.5,55.5,-38.5048,38.0707,-34.625,34.375,3.04708,39326,2036,100,520
1706673453219517542,23895,23895,8929,14966,0,0,0,9,0.000376648,0,255,134.76,32.4194,51.5,86.5,132.5,191.5,227.5,22,114,0,150,30.5,45.5,54.5,-38.1378,38.5111,-34.375,34.625,3.07799,39326,2007,100,406
1706673453320155028,23868,23868,8913,14955,0,0,0,17,0.000712251,0,255,135.413,33.1995,52.5,86.5,133.5,192.5,235.5,13,141,0,155,30.5,46.5,57.5,-38.4863,38.2321,-34.625,34.625,3.05184,39328,1958,100,366
1706673453419995201,23921,23921,8938,14983,0,0,0,13,0.000543456,5.14654,255,135.417,32.2741,70.5,87.5,132.5,189.5,233.5,0,118,0,150,30.5,47.5,57.5,-38.2765,38.4721,-34.625,34.625,3.00901,39328,1818,100,401
1706673453519842549,23866,23866,8989,14877,0,0,0,17,0.00071231,0,255,134.235,33.7136,56.5,85.5,131.5,191.5,232.5,8,151,0,150,30.5,49.5,60.5,-38.4608,38.3249,-34.125,34.625,2.97453,39330,1699,100,323
1706673453619674084,23915,23915,9026,14889,0,0,0,14,0.000585407,0,255,134.357,33.3967,60.5,85.5,131.5,193.5,234.5,10,123,0,151,30.5,50.5,61.5,-38.367,38.4266,-34.125,34.125,2.95551,39330,1714,100,336
1706673453719509948,23929,23929,9058,14871,0,0,0,0,0,0,255,133.564,34.2829,55.5,84.5,129.5,192.5,249.5,10,213,0,150,30.5,51.5,63.5,-37.6038,38.4127,-33.625,34.125,3.08034,39330,1693,100,293
1706673453820148866,23880,23880,9084,14796,0,0,0,15,0.000628141,0,255,133.196,33.5432,57.5,84.5,129.5,192.5,230.5,15,117,0,152,30.5,52.5,64.5,-38.3829,37.621,-34.125,33.625,3.00426,39330,1557,100,414
1706673453919985312,23881,23881,9095,14786,0,0,0,16,0.000669989,0,255,133.612,32.6543,65.5,86.5,130.5,189.5,227.5,17,98,0,160,30.5,52.5,63.5,-38.4316,38.36,-34.125,34.125,2.79977,39331,1529,100,275
1706673454019829537,23949,23949,9006,14943,0,0,0,14,0.000584576,0,255,134.962,33.1521,63.5,86.5,131.5,191.5,235.5,4,169,0,150,30.5,51.5,62.5,-38.3128,38.4554,-34.625,34.125,2.89964,39331,1668,100,296
1706673454119664731,23887,23887,8888,14999,0,0,0,17,0.000711684,0,255,135.621,32.7028,62.5,88.5,133.5,193.5,234.5,5,152,0,152,30.5,49.5,60.5,-38.4857,38.2639,-34.625,34.375,2.86754,39332,1739,100,425
1706673454219510213,23895,23895,8845,15050,0,0,0,11,0.000460347,0,255,135.231,33.967,47.5,84.5,134.5,191.5,237.5,5,140,0,150,30.5,50.5,61.5,-38.2101,38.4931,-34.375,34.625,4.28823,39334,1805,100,381
1706673454320153920,23939,23939,8938,15001,0,0,0,17,0.000710138,0,255,135.218,34.2475,57.5,86.5,133.5,194.5,239.5,3,138,0,150,30.5,52.5,65.5,-38.5056,38.1433,-34.625,34.375,3.27175,39334,1659,100,390
1706673454419998809,23926,23926,9057,14869,0,0,0,12,0.000501546,0,255,132.629,34.5836,56.5,85.5,129.5,194.5,242.5,4,173,0,162,30.5,54.5,70.5,-38.0709,38.5086,-34.625,34.625,2.96146,39334,1647,100,508
1706673454519836840,23863,23863,8928,14935,0,0,0,18,0.000754306,0,255,135.452,38.8454,56.5,81.5,132.5,207.5,255.5,5,342,0,163,31.5,60.5,78.5,-38.5112,38.1235,-34.625,34.375,2.86991,39335,1536,100,335
1706673454619658723,23945,23945,9029,14916,0,0,0,10,0.000417624,0,255,136.139,38.6804,40.5,80.5,134.5,201.5,255.5,3,326,0,150,34.5,68.5,94.5,-38.1792,38.5003,-34.375,34.375,3.0102,39335,1048,100,495
1706673454719891268,23990,23990,9039,14951,0,0,0,17,0.000708629,0,255,136.886,38.2904,40.5,82.5,135.5,201.5,255.5,11,331,0,150,37.5,72.5,99.5,-38.4942,38.2167,-34.125,34.625,2.85208,39335,681,100,659
1706673454819725089,23999,23999,9044,14955,0,0,0,13,0.000541689,0,255,136.819,37.0125,46.5,83.5,135.5,197.5,255.5,11,311,0,150,37.5,72.5,96.5,-38.2856,38.4764,-33.875,34.125,2.79977,39335,624,100,721
1706673454919550457,23998,23998,9103,14895,0,0,0,0,0,11.017,255,137.403,37.5869,42.5,82.5,136.5,201.5,255.5,0,344,4,167,38.5,75.5,100.5,-37.7701,38.3383,-33.875,34.125,2.86278,39335,562,100,587
1706673455020194820,24000,24000,9145,14855,0,0,0,16,0.000666667,7.83624,255,138.353,38.2838,47.5,85.5,136.5,205.5,255.5,0,524,3,150,40.5,79.5,110.5,-38.4446,37.6458,-34.125,33.625,2.8711,39335,417,100,1098
1706673455120030591,24000,24000,9088,14912,0,0,0,15,0.000625,9.92239,255,139.491,39.4917,34.5,85.5,137.5,210.5,255.5,0,683,4,151,42.5,82.5,120.5,-38.3707,38.4276,-34.125,34.125,2.75457,39335,246,100,2228
1706673455219858179,24000,24000,9002,14998,0,0,0,15,0.000625,9.01329,255,138.384,38.1657,33.5,85.5,136.5,203.5,255.5,0,485,3,151,42.5,81.5,114.5,-38.3939,38.4007,-34.375,34.125,2.79023,39335,272,100,2095
1706673455319695489,23998,23998,8950,15048,0,0,0,16,0.000666722,9.13043,255,139.497,39.2603,29.5,85.5,137.5,205.5,255.5,0,615,3,150,44.5,84.5,121.5,-38.4419,38.3292,-34.625,34.625,2.93171,39335,194,100,2353
1706673455419531850,24000,24000,8923,15077,0,0,0,13,0.000541667,10.3718,255,137.924,38.2681,26.5,84.5,137.5,204.5,255.5,0,447,3,151,44.5,84.5,117.5,-38.2954,38.469,-34.375,34.625,2.73555,39335,187,100,2378
1706673455520152828,23999,23999,8909,15090,0,0,0,17,0.000708363,10.3471,255,138.196,39.549,18.5,84.5,137.5,206.5,255.5,0,526,4,150,44.5,82.5,109.5,-38.4781,38.2384,-34.625,34.375,2.69513,39335,198,100,2234
1706673455619997631,24000,24000,9021,14979,0,0,0,10,0.000416667,10.6296,255,138.802,39.5058,31.5,86.5,136.5,210.5,255.5,0,606,4,150,44.5,81.5,112.5,-38.1826,38.4995,-34.375,34.625,2.71296,39335,199,100,2260
1706673455719831721,23999,23999,9023,14976,0,0,0,17,0.000708363,10.2405,255,139.29,39.6999,32.5,85.5,137.5,210.5,255.5,0,695,4,151,44.5,84.5,115.5,-38.5126,38.0966,-34.625,34.375,2.80926,39335,192,100,2364
1706673455819678567,24000,24000,9028,14972,0,0,0,13,0.000541667,9.28195,255,138.823,40.8358,19.5,83.5,136.5,212.5,255.5,0,610,4,152,44.5,84.5,111.5,-38.0941,38.5162,-34.375,34.125,2.75219,39335,191,100,2317
1706673455919531381,24000,24000,9066,14934,0,0,0,18,0.00075,8.57353,255,138.81,39.2132,30.5,84.5,136.5,205.5,255.5,0,411,4,151,43.5,84.5,113.5,-38.5062,38.1416,-34.125,34.375,2.89366,39335,182,100,2394
1706673456020172505,23999,23999,9053,14946,0,0,0,9,0.000375016,8.26078,255,139.226,40.8661,21.5,84.5,136.5,218.5,255.5,0,691,4,150,45.5,86.5,118.5,-38.1482,38.5068,-33.875,34.125,2.79737,39335,167,100,2302
1706673456120011957,23998,23998,9053,14945,0,0,0,0,0,8.28034,255,139.103,39.7653,51.5,85.5,135.5,212.5,255.5,0,703,4,161,45.5,86.5,115.5,-37.9735,38.2478,-33.875,33.875,2.73079,39335,164,100,2527
1706673456219840947,23999,23999,9078,14921,0,0,0,17,0.000708363,7.76662,255,138.429,40.6515,42.5,84.5,135.5,216.5,255.5,0,871,4,152,44.5,84.5,113.5,-38.4817,37.8046,-34.125,33.875,2.7189,39335,166,100,2561
1706673456319690804,23999,23999,9135,14864,0,0,0,14,0.000583358,7.64103,255,138.277,40.8998,24.5,83.5,135.5,211.5,255.5,0,604,4,162,42.5,81.5,105.5,-38.3257,38.4519,-34.125,34.125,2.76764,39335,173,100,2607
1706673456419524339,24000,24000,9039,14961,0,0,0,16,0.000666667,7.11051,255,137.579,39.1631,34.5,83.5,135.5,209.5,255.5,0,490,4,173,43.5,80.5,103.5,-38.4031,38.3961,-34.375,34.125,2.82233,39335,161,100,2492
1706673456520153482,23997,23997,8884,15113,0,0,0,16,0.00066675,6.76561,255,137.645,39.0119,27.5,85.5,135.5,207.5,255.5,0,565,4,164,43.5,80.5,104.5,-38.4173,38.3851,-34.625,34.625,2.78072,39335,147,100,2346
1706673456619987686,23999,23999,8847,15152,0,0,0,14,0.000583358,9.11697,255,137.641,39.261,24.5,83.5,136.5,205.5,255.5,0,475,4,201,43.5,82.5,108.5,-38.3695,38.4233,-34.625,34.625,2.90552,39335,144,100,2370
1706673456719825367,23999,23999,8907,15092,0,0,0,16,0.000666694,8.20406,255,138.672,39.953,26.5,84.5,136.5,209.5,255.5,0,642,4,195,43.5,81.5,105.5,-38.4542,38.3238,-34.625,34.375,2.90434,39335,131,100,2407
1706673456819670213,23999,23999,8958,15041,0,0,0,13,0.000541689,8.87179,255,138.243,38.1879,41.5,86.5,136.5,202.5,255.5,0,552,4,242,42.5,77.5,102.5,-38.2721,38.4775,-34.375,34.625,2.88888,39335,143,100,2331
1706673456919501983,23999,23999,9075,14924,0,0,0,17,0.000708363,7.66133,255,138.039,38.5563,41.5,85.5,135.5,205.5,255.5,0,656,4,167,41.5,76.5,102.5,-38.4865,38.2238,-34.625,34.125,2.86154,39335,151,100,2359
1706673457020136740,23999,23999,8991,15008,0,0,0,10,0.000416684,8.90909,255,139.07,38.1335,49.5,86.5,137.5,204.5,255.5,0,608,4,169,39.5,70.5,94.5,-38.1478,38.5033,-34.375,34.125,2.75098,39335,202,100,1972
1706673457119985089,24000,24000,9082,14918,0,0,0,17,0.000708333,10.6308,255,138.061,37.5571,57.5,85.5,135.5,201.5,255.5,0,406,4,151,38.5,64.5,89.5,-38.5091,38.0418,-34.125,34.125,2.80566,39335,259,100,1722
1706673457219814923,23999,23999,9111,14888,0,0,0,8,0.000333347,11.9016,255,137.002,37.1159,47.5,84.5,134.5,198.5,255.5,0,443,3,255,36.5,60.5,77.5,-38.1057,38.507,-33.875,34.875,3.03986,39335,348,100,1257
1706673457319643963,23998,23998,9092,14906,0,0,0,2,8.33403e-05,12.8547,255,137.427,37.585,53.5,82.5,137.5,201.5,255.5,0,354,3,255,37.5,61.5,80.5,-38.0085,38.1738,-33.875,34.125,2.9614,39335,389,100,1055
1706673457419880205,24000,24000,9013,14987,0,0,0,17,0.000708333,14.0323,255,138.407,39.2974,49.5,83.5,137.5,208.5,255.5,0,495,4,173,38.5,62.5,84.5,-38.5083,37.93,-34.125,33.875,2.8544,39335,314,100,1357
1706673457519725188,24000,24000,9033,14967,0,0,0,12,0.0005,8.95643,255,137.832,37.1468,49.5,87.5,136.5,198.5,255.5,0,485,3,255,39.5,63.5,84.5,-38.2312,38.4948,-34.125,34.125,2.91741,39335,208,100,1926
1706673457619566844,24000,24000,9088,14912,0,0,0,17,0.000708333,11.9448,255,138.638,38.4502,38.5,85.5,136.5,205.5,255.5,0,585,4,192,41.5,64.5,88.5,-38.4699,38.285,-34.625,34.125,2.88413,39335,136,100,2381
1706673457720191242,23998,23998,9001,14997,0,0,0,14,0.000583382,10.6672,255,138.017,38.1695,26.5,84.5,136.5,199.5,255.5,0,553,4,255,42.5,69.5,95.5,-38.3272,38.4535,-34.375,34.625,2.94476,39335,110,100,2121
1706673457820003341,23999,23999,8870,15129,0,0,0,16,0.000666694,10.5958,255,138.58,39.78,21.5,84.5,137.5,208.5,255.5,0,699,3,255,43.5,71.5,97.5,-38.4174,38.3837,-34.625,34.375,3.07196,39335,86,86,1805
1706673457919839517,23998,23998,8880,15118,0,0,0,16,0.000666722,9.93208,255,137.517,40.3798,15.5,81.5,135.5,205.5,255.5,0,615,3,255,44.5,70.5,94.5,-38.442,38.3623,-34.625,34.375,2.9721,39335,83,83,1587
1706673458019676678,23998,23998,8955,15043,0,0,0,14,0.000583382,8.47679,255,138.579,39.6558,17.5,86.5,136.5,206.5,255.5,0,772,3,159,45.5,71.5,98.5,-38.335,38.4584,-34.375,34.625,2.91741,39335,82,82,1553
1706673458119521226,23993,23993,9090,14903,0,0,0,16,0.000666861,9.94042,255,137.58,40.7529,17.5,78.5,135.5,204.5,255.5,0,828,3,255,45.5,69.5,97.5,-38.4677,38.3149,-34.625,34.375,2.83538,39335,82,82,1545
1706673458220153319,23994,23994,9068,14926,0,0,0,13,0.000541802,8.39938,255,138.813,40.3632,24.5,85.5,136.5,216.5,255.5,0,869,3,255,45.5,69.5,98.5,-38.2647,38.4817,-34.125,34.125,2.91976,39335,82,82,1554
1706673458319994853,23996,23996,9017,14979,0,0,0,17,0.000708451,11.0941,255,138.887,41.2385,19.5,81.5,136.5,217.5,255.5,0,833,4,255,45.5,69.5,98.5,-38.4963,37.8894,-34.125,33.875,2.92928,39335,81,81,1576
1706673458419830087,23998,23998,9077,14921,0,0,0,0,0,9.10922,255,139.423,40.7244,20.5,82.5,137.5,214.5,255.5,0,758,3,150,45.5,69.5,98.5,-37.9932,38.2146,-33.875,33.875,2.93284,39335,86,86,1605
1706673458519674498,23998,23998,9115,14883,0,0,0,9,0.000375031,9.58175,255,139.344,40.3149,26.5,83.5,136.5,213.5,255.5,0,840,3,255,45.5,72.5,103.5,-38.1311,38.5075,-33.875,35.125,2.83417,39335,87,87,1627
1706673458619521322,23998,23998,9076,14922,0,0,0,17,0.000708392,9.37982,255,139.218,40.9266,21.5,81.5,137.5,211.5,255.5,0,777,3,255,44.5,72.5,101.5,-38.5142,38.0675,-34.125,34.125,2.91263,39335,84,84,1605
1706673458720171566,23997,23997,9020,14977,0,0,0,9,0.000375047,8.68256,255,140.304,41.6212,23.5,83.5,138.5,220.5,255.5,0,865,3,255,44.5,73.5,105.5,-38.1383,38.5048,-34.375,34.125,2.86983,39335,85,85,1574
1706673458820003752,23999,23999,9068,14931,0,0,0,17,0.000708363,9.53856,255,139.061,41.0681,20.5,82.5,136.5,212.5,255.5,0,771,3,255,44.5,73.5,99.5,-38.4997,38.2188,-34.625,34.125,2.89242,39335,84,84,1616
1706673458919835489,23991,23991,8990,15001,0,0,0,13,0.00054187,9.62558,255,138.98,40.8865,21.5,79.5,138.5,207.5,255.5,0,793,3,255,44.5,75.5,101.5,-38.2746,38.4848,-34.375,34.625,2.91501,39335,86,86,1635
1706673459019673688,23999,23999,8906,15093,0,0,0,17,0.000708363,9.92537,255,138.985,41.2162,16.5,79.5,138.5,206.5,255.5,0,712,4,255,44.5,75.5,103.5,-38.4503,38.3286,-34.625,34.625,2.94116,39335,84,84,1624
1706673459119521790,23997,23997,8872,15125,0,0,0,15,0.000625078,10.9781,255,138.098,42.4279,21.5,75.5,136.5,214.5,255.5,0,825,4,255,43.5,74.5,102.5,-38.3681,38.4244,-34.625,34.625,2.87102,39335,83,83,1641
1706673459220158766,23998,23998,8912,15086,0,0,0,15,0.000625052,10.3187,255,138.193,41.3778,20.5,80.5,136.5,209.5,255.5,0,750,4,255,43.5,72.5,99.5,-38.4152,38.3924,-34.625,34.375,2.91025,39335,80,80,1642
1706673459320003495,23998,23998,9040,14958,0,0,0,16,0.000666722,10.9872,255,137.586,40.6608,18.5,80.5,135.5,212.5,255.5,0,649,3,189,43.5,70.5,92.5,-38.4268,38.3653,-34.625,34.125,2.73669,39335,81,81,1634
1706673459419837413,23999,23999,9168,14831,0,0,0,14,0.000583358,8.72042,255,138.89,40.9989,18.5,80.5,137.5,208.5,255.5,0,712,3,154,43.5,70.5,91.5,-38.3106,38.4566,-34.125,34.125,2.74738,39335,81,81,1695
1706673459519688694,23998,23998,9113,14885,0,0,0,16,0.000666722,9.88577,255,136.953,43.6576,15.5,70.5,135.5,214.5,255.5,0,830,3,255,42.5,67.5,90.5,-38.4775,37.781,-34.125,33.875,2.72836,39335,81,81,1701
1706673459619524135,23999,23999,9051,14948,0,0,0,0,0,9.97324,255,137.302,43.6948,14.5,66.5,136.5,217.5,255.5,0,799,2,151,42.5,66.5,87.5,-37.8502,38.2806,-33.875,33.875,2.69032,39336,82,82,1773
1706673459720153505,23997,23997,9062,14935,0,0,0,12,0.000500063,8.72703,255,137.959,40.044,15.5,80.5,137.5,205.5,255.5,0,531,3,151,41.5,66.5,97.5,-38.2322,38.4954,-33.875,34.375,2.67487,39336,93,93,1990
1706673459820008971,24000,24000,9058,14942,0,0,0,18,0.00075,9.00358,255,137.762,38.7929,23.5,79.5,137.5,201.5,255.5,0,344,3,150,41.5,65.5,86.5,-38.4986,38.161,-34.125,34.875,2.72596,39336,119,100,2362
1706673459919835794,23999,23999,9072,14927,0,0,0,12,0.000500021,8.47771,255,138.207,41.597,23.5,74.5,136.5,209.5,255.5,0,526,3,150,40.5,66.5,89.5,-38.0956,38.5149,-34.375,34.125,2.77708,39336,174,100,2354
1706673460019675551,23998,23998,8985,15013,0,0,0,17,0.000708392,7.42747,255,138.249,40.9565,26.5,80.5,135.5,213.5,255.5,0,477,3,150,38.5,68.5,87.5,-38.5177,38.1171,-34.625,34.375,2.76281,39336,427,100,1494
1706673460119507872,23899,23899,8992,14907,0,0,0,10,0.000418428,10.1727,255,135.019,43.6072,25.5,54.5,134.5,206.5,255.5,0,410,0,151,34.5,65.5,89.5,-38.1817,38.4999,-34.375,34.625,2.82701,39338,1019,100,758
1706673460220138945,23944,23944,8852,15092,0,0,0,17,0.00070999,0,255,135.493,41.6528,24.5,68.5,134.5,205.5,255.5,6,273,0,150,32.5,59.5,75.5,-38.4969,38.2118,-34.625,34.375,2.85079,39339,1225,100,682
1706673460319993281,23865,23865,8862,15003,0,0,0,13,0.000544731,0,255,134.488,40.4331,29.5,71.5,132.5,204.5,255.5,6,303,0,151,30.5,55.5,69.5,-38.2712,38.4741,-34.375,34.625,2.83652,39339,1473,100,779
1706673460419831998,23866,23866,8957,14909,0,0,0,17,0.00071231,0,255,133.819,38.9826,30.5,68.5,133.5,199.5,255.5,8,254,0,155,30.5,50.5,63.5,-38.4655,38.3181,-34.625,34.625,2.99463,39339,1733,100,576
1706673460519672770,23905,23905,9025,14880,0,0,0,14,0.000585652,0,255,132.716,40.7527,30.5,57.5,134.5,196.5,255.5,34,255,0,157,28.5,49.5,60.5,-38.3578,38.4295,-34.625,34.125,3.09925,39341,1783,100,607
1706673460619512715,23896,23896,9070,14826,0,0,0,16,0.000669568,0,255,129.275,41.852,28.5,50.5,132.5,197.5,248.5,41,204,0,161,27.5,46.5,55.5,-38.4006,38.4005,-34.125,34.125,2.98988,39342,2164,100,1023
1706673460720159519,23665,23665,9110,14555,0,0,0,16,0.000676104,0,255,132.316,40.654,29.5,59.5,133.5,199.5,247.5,14,206,0,157,27.5,43.5,54.5,-38.44,37.6327,-34.125,33.625,2.90428,39353,2281,100,692
1706673460820001711,23875,23875,9092,14783,0,0,0,0,0,0,255,130.408,39.9057,28.5,56.5,131.5,196.5,248.5,46,191,0,157,27.5,46.5,55.5,-37.7184,38.3438,-33.875,34.125,2.91498,39353,2375,100,718
1706673460919818965,23820,23820,9061,14759,0,0,0,13,0.00054576,0,255,132.254,38.1211,31.5,65.5,133.5,196.5,249.5,48,202,0,154,28.5,46.5,56.5,-38.3122,38.4592,-34.125,34.125,3.10044,39354,2383,100,577
1706673461019669394,23840,23840,8969,14871,0,0,0,17,0.000713087,0,255,133.627,36.4031,33.5,72.5,134.5,196.5,244.5,17,183,0,151,28.5,45.5,56.5,-38.4753,38.2595,-34.125,34.375,3.04932,39356,2220,100,557
1706673461119510315,23832,23832,9010,14822,0,0,0,10,0.000419604,0,255,131.478,40.2015,20.5,58.5,132.5,198.5,255.5,57,254,0,156,27.5,46.5,56.5,-38.1785,38.5031,-34.375,34.625,3.12897,39359,2384,100,582
1706673461220161442,23775,23775,8943,14832,0,0,0,17,0.000715037,0,255,131.404,40.3834,10.5,61.5,132.5,198.5,252.5,119,225,0,154,27.5,45.5,55.5,-38.5068,38.1326,-34.625,34.375,3.15394,39361,2535,100,742
1706673461320008620,23778,23778,9038,14740,0,0,0,13,0.000546724,0,255,131.119,40.898,26.5,57.5,131.5,199.5,255.5,51,302,0,156,27.5,44.5,56.5,-38.069,38.5094,-34.625,34.625,3.02673,39363,2538,100,661
1706673461419865674,23834,23834,8974,14860,0,0,0,17,0.000713267,4.13007,255,132.782,37.809,33.5,65.5,132.5,199.5,248.5,0,225,0,152,27.5,43.5,54.5,-38.5209,38.1236,-34.625,34.375,3.09449,39364,2336,100,747
1706673461519712497,23806,23806,8914,14892,0,0,0,11,0.000462068,0,255,133.002,38.6769,32.5,62.5,133.5,197.5,253.5,10,222,0,156,27.5,43.5,53.5,-38.1732,38.5009,-34.375,34.625,3.15034,39371,2223,100,566
1706673461619539917,23821,23821,8930,14891,0,0,0,17,0.000713656,0,255,131.704,38.9809,32.5,58.5,133.5,194.5,254.5,17,236,0,154,27.5,43.5,53.5,-38.4793,38.2539,-34.625,34.625,3.02195,39373,2414,100,580
1706673461720175019,23798,23798,9020,14778,0,0,0,13,0.000546264,4.12997,255,132.3,37.9797,33.5,62.5,132.5,196.5,243.5,0,201,0,153,27.5,44.5,55.5,-38.3147,38.4561,-34.625,34.125,3.01006,39375,2515,100,616
1706673461820016030,23712,23712,9088,14624,0,0,0,16,0.000674764,0,255,131.352,37.8743,30.5,64.5,131.5,192.5,255.5,120,243,0,159,27.5,44.5,54.5,-38.4334,38.3497,-34.125,34.125,3.81013,39377,2537,100,527
1706673461919863226,23796,23796,9126,14670,0,0,0,15,0.000630358,0,255,133.385,36.3566,32.5,77.5,133.5,194.5,249.5,37,220,0,153,27.5,44.5,53.5,-38.3799,37.6452,-34.125,33.625,3.98726,39380,2758,100,463
1706673462019683845,23726,23726,9128,14598,0,0,0,0,0,0,255,133.292,35.174,33.5,76.5,133.5,190.5,236.5,32,159,0,156,27.5,43.5,53.5,-37.5802,38.4041,-33.625,34.125,3.61873,39382,2813,100,482
1706673462119519212,23717,23717,9022,14695,0,0,0,15,0.000632458,0,255,133.287,36.7987,29.5,73.5,133.5,189.5,253.5,57,228,0,151,27.5,43.5,53.5,-38.3774,38.4239,-34.125,34.125,3.50104,39387,2921,100,463
1706673462220153567,23699,23699,9026,14673,0,0,0,16,0.000675134,0,255,133.794,34.4848,40.5,81.5,133.5,191.5,236.5,21,158,0,159,27.5,42.5,52.5,-38.4586,38.3242,-34.125,34.625,3.5046,39389,2693,100,463
1706673462319997636,23803,23803,8963,14840,0,0,0,13,0.00054615,0,255,133.764,33.5818,39.5,82.5,133.5,188.5,240.5,9,181,0,151,27.5,42.5,51.5,-38.2838,38.4751,-34.625,34.625,3.50341,39400,2734,100,414
1706673462419840411,23787,23787,8945,14842,0,0,0,18,0.000756716,0,255,133.43,34.6346,41.5,80.5,132.5,193.5,241.5,17,186,0,153,27.5,42.5,52.5,-38.4901,38.2274,-34.625,34.375,3.39048,39401,2728,100,439
1706673462519681601,23813,23813,8955,14858,0,0,0,10,0.000419939,0,255,134.194,34.6967,41.5,81.5,133.5,195.5,236.5,8,157,0,157,27.5,43.5,52.5,-38.144,38.5043,-34.375,34.625,3.2609,39403,2750,100,440
1706673462619524678,23749,23749,9020,14729,0,0,0,17,0.00071582,0,255,133.666,34.8441,38.5,78.5,134.5,189.5,242.5,10,207,0,155,27.5,43.5,52.5,-38.5149,38.0743,-34.625,34.375,3.37384,39407,2694,100,493
1706673462720174965,23794,23794,8951,14843,0,0,0,9,0.000378247,0,255,133.809,35.2846,37.5,78.5,134.5,191.5,245.5,10,203,0,151,27.5,43.5,52.5,-38.1278,38.508,-34.375,34.625,3.37621,39408,2608,100,460
1706673462820021405,23800,23800,8950,14850,0,0,0,18,0.000756303,0,255,133.938,35.1975,37.5,80.5,133.5,192.5,245.5,2,193,0,156,27.5,43.5,54.5,-38.4987,38.1606,-34.625,34.375,2.99223,39409,2594,100,458
1706673462919847092,23736,23736,8992,14744,0,0,0,11,0.000463431,0,255,133.698,34.8508,34.5,81.5,133.5,192.5,239.5,16,181,0,151,27.5,43.5,52.5,-38.241,38.491,-34.625,34.125,2.93871,39410,2745,100,464
1706673463019703089,23751,23751,9033,14718,0,0,0,17,0.000715759,0,255,134.062,36.7867,37.5,76.5,133.5,197.5,255.5,14,252,0,153,27.5,43.5,53.5,-38.4668,38.2829,-34.125,34.125,2.97793,39411,2792,100,475
1706673463119550452,23794,23794,9147,14647,0,0,0,13,0.000546356,0,255,134.436,35.507,38.5,81.5,134.5,197.5,241.5,30,185,0,156,27.5,43.5,53.5,-38.316,37.773,-34.125,33.875,3.08374,39413,2748,100,472
1706673463220196068,23750,23750,9169,14581,0,0,0,0,0,0,255,133.856,36.6026,35.5,77.5,133.5,195.5,245.5,15,193,0,160,27.5,43.5,53.5,-37.6934,38.4525,-33.625,34.125,2.99577,39417,2641,100,391
1706673463320048911,23813,23813,9012,14801,0,0,0,16,0.000671902,0,255,135.274,34.9123,43.5,83.5,134.5,195.5,246.5,15,185,0,151,27.5,44.5,54.5,-38.4269,38.3719,-34.125,34.125,2.91255,39422,2560,100,429
1706673463419893247,23827,23827,8964,14863,0,0,0,15,0.000629538,0,255,134.054,34.5408,46.5,82.5,133.5,192.5,255.5,6,258,0,155,27.5,44.5,53.5,-38.3966,38.4038,-34.125,34.625,2.93395,39424,2555,100,432
1706673463519728986,23864,23864,8930,14934,0,0,0,15,0.000628562,0,255,134.833,34.5157,42.5,82.5,134.5,192.5,242.5,12,177,0,152,28.5,45.5,55.5,-38.3466,38.4396,-34.375,34.625,3.26444,39426,2325,100,487
1706673463619573625,23876,23876,8946,14930,0,0,0,16,0.000670129,0,255,134.83,34.6777,40.5,81.5,134.5,192.5,243.5,14,197,0,150,28.5,46.5,57.5,-38.4684,38.2914,-34.625,34.625,3.24779,39427,2177,100,501
1706673463720213046,23855,23855,8966,14889,0,0,0,12,0.000503039,0,255,135.005,35.7551,40.5,76.5,135.5,194.5,237.5,12,164,0,156,28.5,48.5,57.5,-38.2393,38.4861,-34.625,34.625,3.20262,39427,2051,100,505
1706673463820054739,23875,23875,8892,14983,0,0,0,18,0.000753927,0,255,134.71,36.7723,33.5,75.5,135.5,195.5,247.5,3,212,0,157,28.5,48.5,57.5,-38.4946,38.2162,-34.625,34.375,3.49744,39432,1969,100,516
1706673463919888132,23791,23791,9011,14780,0,0,0,9,0.000378294,0,255,133.398,38.0807,33.5,69.5,134.5,196.5,255.5,20,284,0,156,27.5,46.5,56.5,-38.1288,38.5129,-34.375,34.625,2.95535,39435,2296,100,441
1706673464019732139,23787,23787,9045,14742,0,0,0,18,0.000756716,0,255,133.149,37.5699,32.5,70.5,133.5,196.5,246.5,14,184,0,151,27.5,45.5,54.5,-38.5117,38.0743,-34.625,34.375,2.95297,39436,2394,100,538
1706673464119574079,23895,23895,9039,14856,0,0,0,8,0.000334798,0,255,131.744,39.475,30.5,58.5,131.5,196.5,246.5,59,181,0,152,26.5,45.5,54.5,-38.1304,38.5079,-34.375,34.125,2.89353,39436,2641,100,592
1706673464220235604,23738,23738,9009,14729,0,0,0,17,0.000716151,0,255,132.497,38.8614,30.5,66.5,132.5,199.5,255.5,5,254,0,151,26.5,44.5,55.5,-38.4974,38.1979,-34.125,33.875,2.95297,39441,2630,100,609
1706673464320065185,23775,23775,9078,14697,0,0,0,12,0.000504732,0,255,133.642,37.0033,33.5,71.5,133.5,195.5,246.5,32,181,0,152,26.5,44.5,52.5,-38.243,37.8916,-33.875,33.875,2.92919,39450,2813,100,487
1706673464419908798,23782,23782,9171,14611,0,0,0,0,0,0,255,133.587,37.3325,32.5,71.5,133.5,196.5,255.5,33,256,0,162,26.5,44.5,53.5,-37.8356,38.4884,-33.875,34.125,3.87785,39456,2667,100,475
1706673464519758723,23839,23839,9108,14731,0,0,0,16,0.000671169,0,255,135.211,34.7669,39.5,81.5,134.5,193.5,235.5,21,154,0,152,27.5,45.5,54.5,-38.4612,38.2994,-34.125,34.125,2.94343,39457,2454,100,535
1706673464619602368,23839,23839,8976,14863,0,0,0,14,0.000587273,0,255,135.294,34.7275,38.5,82.5,134.5,193.5,246.5,19,199,0,158,27.5,45.5,53.5,-38.3421,38.4408,-34.125,34.625,3.06231,39459,2378,100,546
1706673464719862700,23810,23810,8874,14936,0,0,0,16,0.000671987,0,255,134.573,35.7143,34.5,77.5,135.5,194.5,244.5,29,192,0,152,27.5,45.5,54.5,-38.4087,38.3929,-34.625,34.375,3.10273,39460,2456,100,457
1706673464819689403,23824,23824,8867,14957,0,0,0,16,0.000671592,0,255,134.89,35.2703,38.5,76.5,134.5,194.5,239.5,18,156,0,150,27.5,44.5,53.5,-38.4173,38.382,-34.625,34.625,3.41895,39463,2395,100,470
1706673464919535615,23609,23609,8958,14651,0,0,0,14,0.000592994,0,255,132.09,37.2083,25.5,66.5,132.5,193.5,246.5,66,167,0,159,26.5,43.5,53.5,-38.3251,38.451,-34.625,34.625,2.96721,39466,2793,100,483
1706673465020179035,23547,23547,8997,14550,0,0,0,16,0.000679492,0,255,130.277,39.9532,22.5,57.5,131.5,194.5,255.5,82,265,0,153,25.5,42.5,52.5,-38.479,38.2829,-34.625,34.625,2.88637,39468,3129,100,504
1706673465120023496,22468,22468,8719,13749,0,0,0,11,0.000489585,0,255,131.393,39.2302,13.5,58.5,132.5,197.5,244.5,140,162,0,156,25.5,43.5,54.5,-38.2293,38.4908,-34.375,34.375,2.80197,39471,2869,100,407
1706673465219865733,23678,23678,9025,14653,0,0,0,17,0.000717966,0,255,131.588,36.5573,24.5,69.5,131.5,194.5,238.5,83,173,0,152,25.5,43.5,53.5,-38.5032,38.1603,-34.125,34.375,2.99812,39471,3042,100,488
1706673465319713281,23643,23643,9074,14569,0,0,0,12,0.00050755,0,255,131.252,35.2266,29.5,72.5,130.5,192.5,244.5,23,183,0,173,25.5,42.5,52.5,-38.0981,38.5091,-35.125,34.125,3.08371,39483,3057,100,467
1706673465419573236,23690,23690,9060,14630,0,0,0,18,0.000759814,0,255,131.051,33.7682,36.5,80.5,130.5,187.5,235.5,15,159,0,153,25.5,42.5,52.5,-38.5126,38.0877,-34.125,34.125,3.07777,39484,2901,100,495
1706673465520207270,23600,23600,9080,14520,0,0,0,10,0.000423729,0,255,131.648,33.4464,35.5,77.5,131.5,189.5,230.5,1,136,0,154,25.5,41.5,52.5,-38.161,38.0279,-34.125,34.125,2.91966,39487,3278,100,462
1706673465620042532,23449,23449,9099,14350,0,0,0,0,0,0,255,129.195,37.3448,14.5,59.5,129.5,188.5,255.5,61,261,0,157,25.5,41.5,52.5,-37.9562,38.5094,-33.875,34.125,3.02546,39489,3279,100,469
1706673465719868339,23277,23277,9069,14208,0,0,0,17,0.000730335,0,255,130.39,36.6653,19.5,66.5,130.5,191.5,241.5,33,188,0,155,25.5,42.5,53.5,-38.4999,38.2201,-34.125,34.375,2.82931,39494,3264,100,483
1706673465819717332,23460,23460,9015,14445,0,0,0,13,0.000554135,0,255,132.39,37.2701,28.5,69.5,131.5,197.5,251.5,62,224,0,156,25.5,42.5,53.5,-38.2656,38.4791,-34.375,34.625,2.90064,39533,2840,100,504
1706673465919565125,23842,23842,8962,14880,0,0,0,17,0.000713027,0,255,134.209,33.9117,41.5,81.5,133.5,193.5,233.5,15,165,0,151,27.5,45.5,56.5,-38.4688,38.3084,-34.625,34.625,3.0314,39534,2349,100,488
1706673466020197572,23937,23937,8870,15067,0,0,0,15,0.000626645,0,255,133.719,36.784,41.5,81.5,130.5,200.5,255.5,2,320,0,151,28.5,49.5,63.5,-38.3544,38.4308,-34.625,34.625,3.02903,39535,1638,100,478
1706673466120042269,23904,23904,8868,15036,0,0,0,16,0.000669344,0,255,133.908,37.8058,42.5,82.5,130.5,200.5,255.5,6,307,0,150,29.5,56.5,70.5,-38.3876,38.4122,-34.375,34.625,2.93511,39536,1486,100,430
1706673466219897603,23871,23871,9020,14851,0,0,0,16,0.000670269,0,255,135.387,39.6288,47.5,83.5,130.5,206.5,255.5,1,508,0,151,30.5,60.5,75.5,-38.4426,38.357,-34.625,34.625,2.97194,39538,1143,100,496
1706673466319733333,23998,23998,9094,14904,0,0,0,14,0.000583382,0,255,136.805,38.9847,57.5,83.5,132.5,208.5,255.5,5,483,0,150,31.5,62.5,79.5,-38.3147,38.4666,-34.125,34.625,3.05991,39538,985,100,661
1706673466419567084,23995,23995,9020,14975,0,0,0,17,0.000708481,15.1793,255,137.724,37.392,70.5,87.5,133.5,207.5,255.5,0,375,0,150,32.5,67.5,85.5,-38.4799,38.2876,-34.125,34.125,2.88991,39538,597,100,829
1706673466520199723,24000,24000,9089,14911,0,0,0,6,0.00025,18.2814,255,136.945,35.1929,72.5,86.5,133.5,198.5,255.5,0,301,6,150,33.5,67.5,85.5,-38.2238,38.4954,-34.375,34.125,2.98145,39538,362,100,1677
1706673466620035620,23998,23998,9073,14925,0,0,0,23,0.000958413,19.5238,255,136.197,33.8976,73.5,87.5,133.5,194.5,255.5,0,285,6,150,34.5,67.5,85.5,-38.5017,37.9651,-34.625,33.875,2.96481,39538,264,100,2194
1706673466719870524,24000,24000,9106,14894,0,0,0,6,0.00025,20.6168,255,137.799,35.9254,73.5,87.5,134.5,198.5,255.5,0,395,8,150,36.5,70.5,87.5,-38.0594,38.1411,-34.125,33.875,2.91131,39538,209,100,2415
1706673466819701600,22845,22845,8711,14134,0,0,0,6,0.00026264,26.3174,255,137.985,36.0496,72.5,86.5,134.5,200.5,255.5,0,420,8,150,37.5,71.5,88.5,-38.0666,38.515,-33.875,34.125,2.84117,39538,165,100,2430
1706673466919546334,24000,24000,9110,14890,0,0,0,17,0.000708333,23.816,255,138.694,37.5184,71.5,86.5,135.5,207.5,255.5,0,576,8,150,38.5,72.5,88.5,-38.4987,38.1113,-34.125,34.375,2.98383,39538,134,100,2448
1706673467020184710,24000,24000,9011,14989,0,0,0,11,0.000458333,16.0364,255,137.146,36.6532,67.5,86.5,134.5,198.5,255.5,0,495,8,150,38.5,72.5,88.5,-38.1737,38.5014,-34.125,34.625,2.95886,39538,118,100,2232
1706673467120024895,24000,24000,8910,15090,0,0,0,17,0.000708333,11.7971,255,137.604,37.2494,64.5,84.5,135.5,200.5,255.5,0,560,4,150,40.5,74.5,90.5,-38.4873,38.2463,-34.625,34.375,2.95767,39538,102,100,2006
1706673467219876642,23997,23997,8859,15138,0,0,0,13,0.000541734,21.0313,255,137.786,36.9619,63.5,85.5,135.5,199.5,255.5,0,569,6,150,41.5,74.5,88.5,-38.2843,38.4708,-34.375,34.625,2.99928,39538,94,94,1832
1706673467319736109,23998,23998,8904,15094,0,0,0,17,0.000708392,12.7024,255,138.991,35.855,68.5,87.5,136.5,199.5,255.5,0,527,5,150,42.5,74.5,87.5,-38.4482,38.3242,-34.625,34.625,2.91012,39538,87,87,1739
1706673467419567323,24000,24000,8959,15041,0,0,0,15,0.000625,22.0996,255,138.243,37.6176,62.5,85.5,134.5,204.5,255.5,0,560,6,150,40.5,73.5,87.5,-38.3763,38.4261,-34.625,34.625,2.6795,39538,93,93,1842
1706673467520195514,23999,23999,9094,14905,0,0,0,15,0.000625026,26.4515,255,138.022,37.5467,66.5,83.5,134.5,203.5,255.5,0,450,8,150,38.5,71.5,88.5,-38.3725,38.4281,-34.125,34.625,2.84712,39538,94,94,1980
1706673467620041385,23997,23997,9011,14986,0,0,0,16,0.00066675,33.7577,255,138.637,38.0391,66.5,82.5,134.5,204.5,255.5,0,543,5,150,38.5,68.5,86.5,-38.447,38.3343,-34.125,34.125,2.96243,39538,99,99,1957
1706673467719865793,23999,23999,9090,14909,0,0,0,0,0,26.0523,255,138.168,37.112,64.5,82.5,134.5,200.5,255.5,0,510,7,150,38.5,67.5,85.5,-37.7392,38.4737,-33.875,34.125,2.9446,39538,93,93,1994
1706673467819698400,23999,23999,9093,14906,0,0,0,14,0.000583358,30.1546,255,137.958,36.2404,67.5,86.5,134.5,203.5,255.5,0,519,4,150,38.5,67.5,84.5,-38.3133,37.7948,-34.375,33.875,2.91366,39538,90,90,1941
1706673467919558516,23999,23999,9085,14914,0,0,0,17,0.000708363,23.9943,255,137.829,35.3947,65.5,86.5,134.5,198.5,255.5,0,394,7,150,39.5,67.5,82.5,-38.4744,38.2728,-34.875,33.875,2.99569,39538,85,85,1757
1706673468020187588,23999,23999,9036,14963,0,0,0,11,0.000458352,21.9216,255,138.212,36.2838,64.5,87.5,135.5,201.5,255.5,0,565,5,150,40.5,67.5,84.5,-38.1787,38.5008,-34.125,34.125,2.91247,39538,84,84,1680
1706673468120022888,23998,23998,9040,14958,0,0,0,17,0.000708392,26.7284,255,140.45,38.4254,68.5,86.5,136.5,213.5,255.5,0,645,4,150,40.5,73.5,98.5,-38.4998,38.1058,-34.125,34.375,2.9517,39538,79,79,1657
1706673468219863215,23996,23996,9134,14862,0,0,0,12,0.000500083,33.2594,255,139.761,36.7235,68.5,87.5,136.5,207.5,255.5,0,475,5,150,40.5,69.5,88.5,-38.074,38.5092,-34.375,34.625,2.97429,39538,85,85,1670
1706673468319698259,23999,23999,8959,15040,0,0,0,17,0.000708363,33.9079,255,139.588,34.9766,69.5,89.5,136.5,196.5,255.5,0,441,5,150,40.5,69.5,88.5,-38.5097,38.1074,-34.625,34.375,2.83877,39538,78,78,1663
1706673468419550738,23999,23999,8882,15117,0,0,0,10,0.000416684,18.9578,255,139.223,36.8364,69.5,85.5,136.5,204.5,255.5,0,517,5,150,41.5,70.5,94.5,-38.1839,38.4982,-34.375,34.625,2.83877,39538,87,87,1822
1706673468520176063,23999,23999,8885,15114,0,0,0,17,0.000708363,25.4325,255,138.458,37.0313,69.5,86.5,134.5,204.5,255.5,0,490,7,150,41.5,72.5,96.5,-38.4881,38.2601,-34.625,34.375,2.76982,39538,98,98,1995
1706673468620020315,23998,23998,9034,14964,0,0,0,14,0.000583382,30.6796,255,139.064,38.3146,67.5,83.5,134.5,214.5,255.5,0,585,7,150,41.5,73.5,96.5,-38.3005,38.4672,-34.625,34.625,2.85422,39538,96,96,1966
1706673468719849122,23997,23997,9069,14928,0,0,0,17,0.000708422,32.0756,255,139.387,36.9452,63.5,85.5,136.5,203.5,255.5,0,514,6,150,42.5,75.5,98.5,-38.4437,38.3545,-34.125,34.625,2.941,39538,93,93,1831
1706673468819680612,23997,23997,9141,14856,0,0,0,15,0.000625078,29.9373,255,140.451,36.3288,68.5,88.5,136.5,204.5,255.5,0,537,7,151,43.5,75.5,99.5,-38.3723,38.4177,-34.125,34.125,2.90296,39538,78,78,1708
1706673468919516716,23993,23993,9061,14932,0,0,0,0,0,24.3072,255,140.371,36.0357,67.5,88.5,136.5,206.5,255.5,0,534,7,150,43.5,76.5,100.5,-37.6072,38.4374,-33.625,34.125,2.93625,39538,80,80,1549
1706673469020151553,23997,23997,9095,14902,0,0,0,15,0.000625078,34.0223,255,139.292,36.1427,66.5,87.5,136.5,202.5,255.5,0,609,7,150,43.5,76.5,98.5,-38.3407,37.7084,-34.125,33.875,2.88751,39538,73,73,1489
1706673469119985998,23997,23997,9100,14897,0,0,0,16,0.00066675,28.1532,255,140.247,35.9667,69.5,89.5,138.5,203.5,255.5,0,518,7,150,43.5,77.5,98.5,-38.4629,38.3069,-34.875,34.125,2.86017,39538,76,76,1467
1706673469219822636,23995,23995,9043,14952,0,0,0,13,0.00054178,31.3129,255,140.028,35.8758,68.5,88.5,137.5,205.5,255.5,0,410,7,150,43.5,78.5,102.5,-38.2624,38.4871,-34.375,34.125,2.89345,39538,74,74,1535
1706673469319656364,23998,23998,8961,15037,0,0,0,17,0.000708392,23.8606,255,139.213,36.0273,61.5,87.5,137.5,201.5,255.5,0,468,7,150,42.5,78.5,98.5,-38.4852,38.2461,-34.125,34.375,2.95408,39538,75,75,1571
1706673469419913787,23996,23996,9029,14967,0,0,0,10,0.000416736,29.9144,255,139.514,37.3394,62.5,85.5,136.5,207.5,255.5,0,523,7,150,42.5,79.5,104.5,-38.1662,38.5046,-34.375,34.625,2.98499,39538,78,78,1556
1706673469519754706,23999,23999,9038,14961,0,0,0,18,0.000750031,26.0824,255,140.762,38.8878,64.5,85.5,137.5,219.5,255.5,0,675,5,150,41.5,81.5,110.5,-38.5061,38.095,-34.625,34.625,3.45333,39538,82,82,1573
1706673469619590809,24000,24000,8912,15088,0,0,0,11,0.000458333,17.8905,255,137.719,37.1827,63.5,84.5,134.5,200.5,255.5,0,516,5,150,40.5,70.5,90.5,-38.1088,38.5153,-34.375,34.625,3.51396,39538,83,83,1581
1706673469719831683,23997,23997,8871,15126,0,0,0,18,0.000750094,21.4609,255,137.193,35.7596,61.5,84.5,135.5,195.5,255.5,0,419,5,150,40.5,65.5,77.5,-38.5093,38.1666,-34.625,34.375,3.12523,39538,82,82,1565
1706673469819672367,24000,24000,8923,15077,0,0,0,11,0.000458333,31.0258,255,138.607,35.6099,71.5,89.5,135.5,201.5,255.5,0,445,7,150,40.5,64.5,75.5,-38.2411,38.4888,-34.375,34.625,2.8863,39539,85,85,1528
1706673469919522565,23996,23996,9051,14945,0,0,0,17,0.000708451,27.3653,255,138.382,34.1982,69.5,91.5,135.5,195.5,255.5,0,416,5,150,40.5,65.5,76.5,-38.4552,38.3108,-34.125,34.375,3.00398,39539,83,83,1494
1706673470020165707,23996,23996,9153,14843,0,0,0,15,0.000625104,22.2383,255,139.637,35.3961,72.5,91.5,136.5,205.5,255.5,0,533,4,150,40.5,65.5,78.5,-38.3545,38.4403,-34.125,34.125,2.97545,39539,84,84,1514
1706673470120002783,23995,23995,9114,14881,0,0,0,0,0,30.3921,255,139.181,33.6687,74.5,91.5,136.5,198.5,255.5,0,395,6,150,41.5,64.5,78.5,-37.6118,38.3857,-33.625,34.125,2.93741,39539,84,84,1480
1706673470219846135,23995,23995,9024,14971,0,0,0,16,0.000666806,23.7193,255,139.934,34.7389,69.5,92.5,136.5,203.5,255.5,0,530,5,150,42.5,67.5,83.5,-38.4117,37.5377,-34.125,33.625,2.89937,39540,80,80,1509
1706673470319692516,23996,23996,9028,14968,0,0,0,16,0.000666778,22.8538,255,140.307,34.7296,74.5,91.5,137.5,205.5,255.5,0,483,4,150,44.5,71.5,93.5,-38.4127,38.3906,-34.125,34.125,3.0765,39540,86,86,1539
1706673470419550028,23995,23995,9051,14944,0,0,0,15,0.00062513,22.9364,255,139.849,33.8937,77.5,93.5,136.5,197.5,255.5,0,525,6,150,45.5,71.5,91.5,-38.3524,38.4347,-34.625,34.125,2.96713,39540,88,88,1618
1706673470520181463,23999,23999,9042,14957,0,0,0,17,0.000708363,27.3635,255,138.61,33.7634,64.5,89.5,136.5,194.5,255.5,0,430,6,150,46.5,71.5,89.5,-38.4774,38.293,-34.125,34.375,2.95881,39540,91,91,1689
1706673470620013101,23995,23995,8940,15055,0,0,0,11,0.000458429,26.9838,255,139.428,34.8989,69.5,90.5,137.5,200.5,255.5,0,553,7,150,47.5,74.5,98.5,-38.2233,38.4953,-34.375,34.625,2.94455,39540,84,84,1682
1706673470719851356,23998,23998,8988,15010,0,0,0,18,0.000750063,27.8603,255,139.211,34.8307,66.5,90.5,137.5,195.5,255.5,0,545,4,150,48.5,74.5,96.5,-38.5098,38.1792,-34.625,34.375,2.90294,39541,86,86,1630
1706673470819700436,23996,23996,8987,15009,0,0,0,11,0.00045841,15.7757,255,139.458,34.4354,69.5,90.5,137.5,195.5,255.5,0,525,5,150,48.5,75.5,98.5,-38.1262,38.5102,-34.375,34.625,2.98021,39541,81,81,1572
1706673470919539682,23995,23995,8954,15041,0,0,0,18,0.000750156,20.3904,255,139.08,34.601,63.5,90.5,136.5,195.5,255.5,0,462,5,150,49.5,76.5,99.5,-38.5198,38.0912,-34.625,34.375,3.06342,39541,84,84,1553
1706673471020181008,23997,23997,8951,15046,0,0,0,10,0.000416719,19.0331,255,139.466,32.5987,70.5,92.5,137.5,194.5,255.5,0,323,6,150,50.5,77.5,96.5,-38.1554,38.5099,-34.375,34.625,2.95522,39541,83,83,1583
1706673471120026783,23994,23994,8992,15002,0,0,0,17,0.00070851,18.3624,255,139.837,34.2942,65.5,92.5,137.5,196.5,255.5,0,590,5,150,50.5,80.5,107.5,-38.494,38.2142,-34.125,34.375,2.92193,39541,86,86,1622
1706673471219871966,23998,23998,9106,14892,0,0,0,12,0.000500042,19.0561,255,140.173,35.2378,62.5,90.5,136.5,203.5,255.5,0,583,5,150,51.5,83.5,109.5,-38.2477,38.4869,-33.875,34.125,2.98375,39541,90,90,1725
1706673471319722120,23998,23998,9152,14846,0,0,0,0,0,17.7866,255,139.526,33.3179,62.5,89.5,138.5,190.5,255.5,0,353,5,150,50.5,80.5,107.5,-37.8597,38.2879,-33.875,33.875,2.76383,39541,106,100,2055
1706673471419556078,24000,24000,9125,14875,0,0,0,17,0.000708333,15.8214,255,137.967,35.5458,31.5,84.5,136.5,193.5,255.5,0,247,5,150,46.5,78.5,97.5,-38.474,37.7696,-34.125,33.875,2.82564,39541,130,100,2419
1706673471520202050,23997,23997,9015,14982,0,0,0,14,0.000583406,11.5124,255,139.906,33.7263,70.5,89.5,137.5,195.5,255.5,0,282,4,150,44.5,76.5,96.5,-38.3495,38.4419,-34.125,34.125,2.84942,39541,175,100,2375
1706673471620057544,24000,24000,8991,15009,0,0,0,15,0.000625,14.4886,255,138.911,34.7651,61.5,88.5,136.5,195.5,255.5,0,351,5,150,39.5,73.5,93.5,-38.4008,38.4016,-34.625,34.125,2.84585,39541,281,100,2216
1706673471719894802,23992,23992,8975,15017,0,0,0,17,0.00070857,12.6356,255,136.937,35.0627,60.5,86.5,133.5,199.5,255.5,0,273,0,150,35.5,65.5,83.5,-38.431,38.3504,-34.625,34.625,2.85893,39541,552,100,1450
1706673471819748307,23994,23994,9052,14942,0,0,0,14,0.000583479,0,255,135.824,38.7652,41.5,80.5,133.5,204.5,255.5,11,404,0,150,33.5,64.5,82.5,-38.3335,38.4515,-34.375,34.625,3.03486,39542,910,100,878
1706673471919581706,23921,23921,8931,14990,0,0,0,17,0.000710673,6.66667,255,136.346,37.9885,51.5,82.5,132.5,202.5,255.5,0,472,0,154,33.5,64.5,78.5,-38.4694,38.2728,-34.625,34.625,3.09192,39542,1069,100,687
1706673472020203428,23846,23846,8945,14901,0,0,0,11,0.000461293,0,255,136.124,38.0469,45.5,83.5,132.5,205.5,255.5,3,361,0,150,32.5,64.5,80.5,-38.2028,38.5005,-34.375,34.625,2.96948,39545,1165,100,529
1706673472120031693,23872,23872,8896,14976,0,0,0,18,0.000754021,0,255,135.693,39.3617,47.5,81.5,132.5,206.5,255.5,6,456,0,150,31.5,62.5,80.5,-38.5043,38.1528,-34.625,34.375,2.93739,39545,1381,100,489
1706673472219879193,23935,23935,8966,14969,0,0,0,12,0.000501358,0,255,134.976,37.7449,57.5,82.5,131.5,201.5,255.5,6,418,0,151,30.5,56.5,71.5,-38.0913,38.5126,-34.375,34.625,2.94333,39545,1332,100,524
1706673472319722233,23891,23891,8974,14917,0,0,0,17,0.000711565,0,255,134.289,36.392,49.5,82.5,131.5,198.5,255.5,23,250,0,150,30.5,52.5,70.5,-38.5093,38.0864,-34.125,34.375,2.86963,39554,1492,100,468
1706673472419562713,23932,23932,9069,14863,0,0,0,10,0.000417851,0,255,135.329,36.5579,51.5,82.5,132.5,199.5,253.5,2,215,0,155,30.5,51.5,66.5,-38.1523,38.5085,-34.125,34.125,2.99207,39554,1610,100,433
1706673472520205864,23904,23904,9120,14784,0,0,0,0,0,0,255,133.775,34.7822,51.5,83.5,131.5,194.5,248.5,13,224,0,151,30.5,50.5,61.5,-37.9583,38.2221,-33.875,33.875,2.98018,39556,1540,100,460
1706673472620048920,23972,23972,9132,14840,0,0,0,17,0.000709161,0,255,134.686,36.7757,56.5,83.5,130.5,200.5,255.5,6,301,0,150,30.5,52.5,65.5,-38.4994,37.8477,-34.125,33.875,2.94214,39556,1539,100,389
1706673472719895662,23921,23921,9043,14878,0,0,0,13,0.000543456,0,255,135.024,37.769,50.5,82.5,130.5,202.5,255.5,2,348,0,152,31.5,55.5,69.5,-38.2716,38.4742,-34.125,34.125,3.10259,39556,1369,100,458
1706673472819730244,23981,23981,9002,14979,0,0,0,17,0.000708895,18.3968,255,137.861,37.207,67.5,85.5,134.5,208.5,255.5,0,276,0,150,33.5,65.5,89.5,-38.4518,38.3269,-34.625,34.125,3.01938,39556,898,100,648
1706673472919560501,23999,23999,8924,15075,0,0,0,15,0.000625026,17.6278,255,138.048,35.5691,69.5,88.5,134.5,198.5,255.5,0,253,6,150,37.5,71.5,90.5,-38.3691,38.4327,-34.625,34.625,2.89575,39556,282,100,1995
1706673473020190319,24000,24000,8953,15047,0,0,0,15,0.000625,18.0783,255,138.514,34.3691,70.5,91.5,135.5,196.5,255.5,0,399,5,150,40.5,73.5,92.5,-38.3994,38.4049,-34.625,34.375,2.94449,39556,144,100,2333
1706673473120041060,24000,24000,8970,15030,0,0,0,16,0.000666667,20.9772,255,137.421,33.9779,62.5,89.5,135.5,191.5,255.5,0,413,6,150,44.5,75.5,90.5,-38.4399,38.3412,-34.625,34.375,2.95757,39556,104,100,1968
1706673473219876451,23999,23999,8980,15019,0,0,0,14,0.000583358,13.8347,255,140.094,35.1015,65.5,90.5,137.5,199.5,255.5,0,368,5,150,46.5,77.5,95.5,-38.2886,38.4685,-34.625,34.625,3.15847,39556,83,83,1671
1706673473319720690,23998,23998,9003,14995,0,0,0,18,0.000750063,16.1343,255,140.54,36.9684,61.5,90.5,137.5,213.5,255.5,0,720,5,151,47.5,83.5,115.5,-38.4932,38.2353,-34.625,34.125,3.21671,39556,81,81,1607
1706673473419557991,23998,23998,9009,14989,0,0,0,11,0.000458372,12.474,255,141.141,36.8843,59.5,90.5,137.5,204.5,255.5,0,695,4,150,48.5,86.5,115.5,-38.1823,38.4986,-34.125,34.875,3.30706,39556,80,80,1595
1706673473520202393,23997,23997,9014,14983,0,0,0,17,0.000708422,16.1388,255,140.98,35.509,69.5,92.5,138.5,198.5,255.5,0,663,4,150,48.5,85.5,117.5,-38.5106,38.1007,-34.125,34.375,2.91834,39556,80,80,1631
1706673473620039879,23999,23999,9062,14937,0,0,0,7,0.000291679,13.8786,255,140.823,35.0184,65.5,91.5,137.5,201.5,255.5,0,494,5,150,49.5,82.5,108.5,-38.0777,38.5127,-34.125,34.125,2.91121,39556,90,90,1782
1706673473719891239,23998,23998,9143,14855,0,0,0,6,0.000250021,20.6412,255,140.174,34.7909,62.5,89.5,138.5,195.5,255.5,0,451,5,150,49.5,80.5,109.5,-38.0568,38.1402,-34.125,34.125,2.86128,39556,94,94,2007
1706673473819735526,24000,24000,9117,14883,0,0,0,17,0.000708333,21.214,255,139.49,35.656,65.5,87.5,138.5,197.5,255.5,0,438,6,150,48.5,79.5,104.5,-38.503,37.9654,-34.125,33.875,2.87317,39556,106,100,2162
1706673473919587425,24000,24000,9078,14922,0,0,0,11,0.000458333,19.3796,255,138.986,36.0603,57.5,86.5,137.5,199.5,255.5,0,434,5,151,47.5,79.5,105.5,-38.1997,38.4949,-34.125,34.125,2.9647,39557,112,100,2222
1706673474019823770,24000,24000,8966,15034,0,0,0,17,0.000708333,23.6844,255,139.278,36.6151,67.5,86.5,136.5,202.5,255.5,0,491,6,150,47.5,78.5,104.5,-38.4691,38.2617,-34.625,34.125,2.99323,39557,121,100,2237
1706673474119652187,23999,23999,8972,15027,0,0,0,14,0.000583358,13.8282,255,139.068,36.5626,69.5,89.5,137.5,202.5,255.5,0,570,5,150,46.5,77.5,103.5,-38.3137,38.4598,-34.375,34.625,3.09187,39557,122,100,2228
1706673474219893545,24000,24000,8889,15111,0,0,0,16,0.000666667,13.2635,255,138.013,36.5645,61.5,86.5,135.5,198.5,255.5,0,544,5,150,45.5,79.5,106.5,-38.4317,38.3712,-34.625,34.375,3.16795,39557,116,100,2174
1706673474319726035,23999,23999,8968,15031,0,0,0,15,0.000625026,10.8246,255,139.051,34.7983,63.5,90.5,136.5,197.5,255.5,0,423,4,150,45.5,69.5,92.5,-38.3959,38.4111,-34.375,34.625,3.13704,39557,100,100,1886
1706673474419554708,23999,23999,8985,15014,0,0,0,15,0.000625026,13.2237,255,139.757,35.4054,50.5,91.5,138.5,197.5,255.5,0,449,4,150,46.5,71.5,96.5,-38.3712,38.4159,-34.625,34.625,2.95636,39557,91,91,1594
1706673474520194533,24000,24000,9014,14986,0,0,0,16,0.000666667,13.3453,255,138.958,37.849,32.5,88.5,137.5,201.5,255.5,0,531,4,150,46.5,73.5,99.5,-38.4443,38.3302,-34.625,34.125,2.82916,39557,91,91,1671
1706673474620044774,23998,23998,9088,14910,0,0,0,13,0.000541712,10.9415,255,140.01,37.8483,66.5,89.5,136.5,217.5,255.5,0,821,3,151,46.5,82.5,129.5,-38.2728,38.4797,-34.125,34.625,2.92307,39557,94,94,1862
1706673474719875127,23999,23999,9047,14952,0,0,0,17,0.000708363,10.3888,255,139.061,36.453,62.5,87.5,137.5,199.5,255.5,0,470,2,150,46.5,74.5,104.5,-38.5026,38.2212,-34.125,34.375,2.92426,39557,104,100,2033
1706673474819720821,24000,24000,9027,14973,0,0,0,0,0,12.2589,255,139.031,35.463,68.5,89.5,136.5,196.5,255.5,0,436,3,150,46.5,74.5,101.5,-37.9451,38.505,-33.875,34.125,2.77923,39557,114,100,2201
1706673474919559818,24000,24000,9088,14912,0,0,0,10,0.000416667,14.0299,255,139.08,34.5852,70.5,89.5,136.5,193.5,255.5,0,452,3,151,46.5,74.5,100.5,-38.1656,38.0386,-33.875,34.125,2.88266,39557,132,100,2282
1706673475020200411,24000,24000,9176,14824,0,0,0,18,0.00075,17.8591,255,139.094,34.3154,74.5,89.5,137.5,193.5,255.5,0,436,5,150,45.5,76.5,108.5,-38.5114,38.092,-34.125,34.125,2.78518,39557,146,100,2448
1706673475120036489,24000,24000,9094,14906,0,0,0,11,0.000458333,16.4418,255,140.14,35.6311,60.5,90.5,137.5,200.5,255.5,0,375,5,150,44.5,76.5,100.5,-38.1127,38.5066,-34.375,34.125,2.81252,39558,179,100,2320
1706673475219886800,23997,23997,8963,15034,0,0,0,17,0.000708422,13.8551,255,138.693,32.5062,70.5,91.5,136.5,192.5,236.5,0,147,5,152,41.5,69.5,84.5,-38.5009,38.193,-34.625,34.375,2.88622,39558,264,100,2077
1706673475319714559,23993,23993,8880,15113,0,0,0,11,0.000458467,0,255,136.741,34.0379,69.5,88.5,133.5,194.5,242.5,1,212,0,156,37.5,66.5,83.5,-38.2203,38.4972,-34.375,34.625,2.91594,39558,605,100,949
1706673475419551207,23910,23910,8873,15037,0,0,0,16,0.000669176,0,255,135.873,37.5302,57.5,84.5,132.5,202.5,255.5,6,441,0,156,33.5,64.5,81.5,-38.4749,38.2717,-34.625,34.375,2.88979,39558,1042,100,457
1706673475520203189,23819,23819,8959,14860,0,0,0,14,0.000587766,0,255,134.945,38.7778,43.5,82.5,131.5,203.5,255.5,1,474,0,159,32.5,60.5,75.5,-38.332,38.449,-34.625,34.625,2.93734,39558,1315,100,364
1706673475620039893,23867,23867,8999,14868,0,0,0,15,0.000628483,0,255,133.65,36.7376,45.5,81.5,131.5,195.5,255.5,2,289,0,156,31.5,57.5,72.5,-38.4169,38.3779,-34.625,34.625,3.03003,39559,1450,100,469
1706673475719884445,23942,23942,8939,15003,0,0,0,15,0.000626514,0,255,134.383,36.3703,51.5,84.5,130.5,199.5,255.5,2,269,0,155,31.5,57.5,71.5,-38.407,38.3901,-34.625,34.125,3.02646,39560,1560,100,405
1706673475819723540,23937,23937,8962,14975,0,0,0,14,0.000584869,0,255,133.808,35.9352,56.5,83.5,130.5,197.5,255.5,4,308,0,161,31.5,56.5,70.5,-38.347,38.4384,-34.125,34.125,3.03241,39560,1390,100,379
1706673475919560004,23903,23903,9091,14812,0,0,0,17,0.000711208,5.04249,255,133.91,35.1219,52.5,84.5,130.5,196.5,245.5,0,179,0,157,30.5,55.5,67.5,-38.4646,38.2747,-34.125,34.375,3.03716,39560,1515,100,454
1706673476020198414,23908,23908,9054,14854,0,0,0,0,0,0,255,133.852,34.3747,58.5,84.5,130.5,194.5,237.5,1,185,0,151,30.5,53.5,65.5,-37.8163,38.4814,-33.875,34.125,2.96703,39562,1506,100,530
1706673476120054803,23917,23917,9009,14908,0,0,0,13,0.000543546,0,255,133.447,33.1283,61.5,86.5,130.5,193.5,231.5,7,102,0,152,30.5,53.5,66.5,-38.2618,37.9124,-33.875,33.875,2.90284,39562,1524,100,439
1706673476219894943,23955,23955,9027,14928,0,0,0,17,0.000709664,0,255,134.117,34.7763,60.5,85.5,130.5,195.5,255.5,12,242,0,159,30.5,53.5,67.5,-38.4985,38.1929,-34.125,33.875,3.08947,39562,1611,100,390
1706673476319724584,23906,23906,9092,14814,0,0,0,10,0.000418305,0,255,133.795,34.8001,48.5,83.5,130.5,193.5,242.5,25,148,0,154,30.5,52.5,66.5,-38.1227,38.5083,-34.375,34.125,3.12275,39563,1637,100,446
1706673476419572919,23907,23907,9023,14884,0,0,0,18,0.000752918,0,255,133.943,34.1171,50.5,82.5,132.5,193.5,241.5,4,194,0,164,30.5,50.5,63.5,-38.5063,38.0679,-34.625,34.375,3.0645,39564,1765,100,539
1706673476520218420,23908,23908,8900,15008,0,0,0,9,0.000376443,4.86554,255,134.833,33.4047,47.5,83.5,133.5,193.5,233.5,0,159,0,157,30.5,49.5,61.5,-38.114,38.5109,-34.375,34.625,2.97892,39564,1774,100,529
1706673476620052995,23896,23896,8818,15078,0,0,0,17,0.000711416,0,255,134.271,35.5841,39.5,78.5,133.5,193.5,245.5,6,193,0,157,30.5,49.5,61.5,-38.5031,38.1644,-34.625,34.375,3.08233,39565,1960,100,551
1706673476719885014,23890,23890,8879,15011,0,0,0,12,0.000502302,0,255,135.83,34.619,42.5,80.5,135.5,193.5,234.5,17,130,0,154,30.5,49.5,59.5,-38.2403,38.4919,-34.375,34.625,3.07164,39566,2046,100,587
1706673476819719421,23901,23901,9029,14872,0,0,0,16,0.000669428,0,255,134.717,34.9761,41.5,79.5,133.5,192.5,236.5,1,153,0,150,29.5,49.5,58.5,-38.4688,38.2982,-34.625,34.625,3.24638,39566,2038,100,619
1706673476919555471,23894,23894,9109,14785,0,0,0,15,0.000627773,0,255,135.67,34.1893,42.5,81.5,134.5,193.5,236.5,10,166,0,154,29.5,49.5,59.5,-38.354,38.4365,-34.625,34.125,4.12721,39569,2057,100,661
1706673477020196959,23903,23903,8981,14922,0,0,0,15,0.000627536,0,255,134.317,35.5987,36.5,73.5,134.5,191.5,242.5,3,176,0,158,29.5,49.5,59.5,-38.4016,38.392,-34.125,34.125,3.38189,39570,2035,100,675
1706673477120037494,23901,23901,9028,14873,0,0,0,16,0.000669428,0,255,134.773,36.0753,33.5,76.5,134.5,193.5,247.5,12,208,0,155,29.5,49.5,59.5,-38.4371,37.6047,-34.125,33.875,3.21425,39572,1996,100,694
1706673477219892933,23903,23903,9104,14799,0,0,0,0,0,0,255,134.359,38.7272,30.5,65.5,134.5,198.5,255.5,18,295,0,160,29.5,48.5,59.5,-37.6867,38.4515,-33.625,35.125,3.0407,39574,2036,100,793
1706673477319728343,23852,23852,9092,14760,0,0,0,14,0.000586953,0,255,133.436,37.2278,30.5,64.5,134.5,194.5,244.5,26,194,0,152,28.5,46.5,55.5,-38.3311,37.7431,-34.125,33.875,3.15244,39580,2346,100,805
1706673477419571863,23845,23845,9020,14825,0,0,0,17,0.000712938,0,255,133.772,37.2,29.5,71.5,133.5,194.5,247.5,42,208,0,152,28.5,46.5,55.5,-38.4722,38.2864,-34.125,34.125,3.26061,39581,2250,100,820
1706673477520202609,23848,23848,9092,14756,0,0,0,12,0.000503187,0,255,134.279,38.0544,27.5,71.5,133.5,200.5,255.5,50,281,0,153,28.5,46.5,58.5,-38.2382,38.4831,-34.625,34.125,3.01455,39583,2235,100,790
1706673477620055394,23821,23821,9005,14816,0,0,0,18,0.000755636,0,255,134.429,36.3217,30.5,75.5,133.5,195.5,247.5,20,208,0,157,28.5,46.5,56.5,-38.5029,38.1529,-34.625,34.375,3.08468,39584,2312,100,741
1706673477719882298,23808,23808,8941,14867,0,0,0,11,0.00046203,0,255,133.663,37.1964,28.5,72.5,134.5,198.5,241.5,23,175,0,151,28.5,45.5,55.5,-38.0918,38.5126,-34.375,34.625,3.21069,39588,2436,100,752
1706673477819731864,23813,23813,8850,14963,0,0,0,17,0.000713896,0,255,134.256,35.9586,32.5,73.5,133.5,191.5,242.5,31,186,0,157,28.5,45.5,54.5,-38.5048,38.1089,-34.625,34.375,3.17859,39590,2500,100,724
1706673477919559390,23803,23803,8856,14947,0,0,0,10,0.000420115,0,255,133.761,35.4189,31.5,79.5,133.5,192.5,254.5,10,226,0,159,28.5,45.5,55.5,-38.1667,38.496,-34.375,34.625,3.13461,39597,2680,100,691
1706673478020187747,23810,23810,8934,14876,0,0,0,18,0.000755985,8.32448,255,132.81,36.3933,29.5,70.5,132.5,194.5,242.5,0,185,0,151,27.5,45.5,54.5,-38.5031,38.2094,-34.625,34.375,3.0835,39601,2564,100,874
1706673478120024637,23803,23803,9107,14696,0,0,0,12,0.000504138,0,255,130.844,39.9684,26.5,57.5,132.5,194.5,252.5,65,217,0,154,27.5,45.5,56.5,-38.2601,38.4793,-34.625,34.125,3.0514,39606,2465,100,1001
1706673478219872647,23810,23810,9091,14719,0,0,0,17,0.000713986,0,255,132.659,39.5707,22.5,62.5,133.5,197.5,250.5,49,217,0,152,27.5,43.5,53.5,-38.4715,38.2964,-34.125,34.125,3.00504,39609,2605,100,848
1706673478319703759,23760,23760,9063,14697,0,0,0,15,0.000631313,0,255,133.11,37.9613,27.5,63.5,133.5,193.5,246.5,7,190,0,160,27.5,43.5,53.5,-38.3526,37.7561,-34.125,33.875,2.93966,39624,2375,100,985
1706673478419540158,23792,23792,9065,14727,0,0,0,0,0,0,255,133.876,36.4609,28.5,72.5,134.5,193.5,238.5,24,180,0,151,27.5,43.5,53.5,-37.6217,38.4333,-33.625,34.125,3.18929,39626,2368,100,833
1706673478520192370,23828,23828,9076,14752,0,0,0,15,0.000629511,0,255,134.753,38.5651,25.5,66.5,134.5,198.5,255.5,24,269,0,151,27.5,43.5,54.5,-38.3826,38.4012,-34.125,34.625,3.08587,39629,2230,100,879
1706673478620033342,23824,23824,9062,14762,0,0,0,16,0.000671592,0,255,132.846,38.6024,24.5,62.5,133.5,195.5,255.5,41,261,0,151,27.5,43.5,54.5,-38.4536,38.3404,-34.125,34.125,3.112,39633,2330,100,909
1706673478719879445,23837,23837,9015,14822,0,0,0,13,0.000545371,0,255,131.735,40.7154,25.5,55.5,133.5,197.5,255.5,16,245,0,151,27.5,44.5,57.5,-38.3097,38.4572,-34.375,34.125,4.2793,39635,2380,100,820
1706673478819723353,23837,23837,9015,14822,0,0,0,16,0.000671225,0,255,131.339,40.0852,25.5,56.5,133.5,195.5,255.5,37,278,0,152,27.5,44.5,57.5,-38.4824,38.2594,-34.625,34.625,3.37589,39635,2317,100,1026
1706673478919550050,23833,23833,8935,14898,0,0,0,11,0.000461545,0,255,132.099,38.7099,28.5,63.5,132.5,196.5,255.5,11,240,0,157,27.5,45.5,57.5,-38.2256,38.4932,-34.375,34.625,3.30694,39636,2020,100,981
1706673479020178810,23931,23931,8869,15062,0,0,0,18,0.000752162,0,255,132.703,41.3358,24.5,55.5,133.5,202.5,255.5,1,265,0,151,26.5,44.5,57.5,-38.5058,38.1413,-34.625,34.375,3.08228,39636,1821,100,1099
1706673479120015979,23884,23884,8961,14923,0,0,0,12,0.000502428,0,255,132.762,40.0706,24.5,61.5,131.5,201.5,255.5,5,318,0,150,26.5,43.5,55.5,-38.0644,38.5079,-34.375,34.625,2.98838,39637,1771,100,991
1706673479219857182,23885,23885,8929,14956,0,0,0,18,0.000753611,0,255,133.65,42.5815,23.5,55.5,133.5,208.5,255.5,2,348,0,159,26.5,43.5,57.5,-38.5047,38.1164,-34.625,34.375,3.12032,39637,1820,100,972
1706673479319703157,23888,23888,9040,14848,0,0,0,10,0.00041862,0,255,133.625,41.7749,24.5,55.5,132.5,205.5,255.5,2,300,0,156,26.5,44.5,59.5,-38.189,38.4994,-34.375,34.125,3.10962,39637,1873,100,909
1706673479419535026,23876,23876,9102,14774,0,0,0,17,0.000712012,0,255,133.578,42.5542,25.5,55.5,133.5,208.5,255.5,8,355,0,154,26.5,44.5,58.5,-38.4774,38.2336,-34.125,33.875,3.15955,39638,1806,100,984
1706673479520175048,23919,23919,9031,14888,0,0,0,12,0.000501693,0,255,128.066,43.7891,23.5,51.5,130.5,198.5,255.5,3,345,0,158,26.5,47.5,68.5,-38.293,37.8613,-34.125,33.875,3.0383,39638,1857,100,850
1706673479620005906,23867,23867,9080,14787,0,0,0,0,0,0,255,133.346,41.9075,23.5,58.5,134.5,203.5,255.5,4,401,0,152,28.5,48.5,61.5,-37.7416,38.4713,-33.875,34.125,3.16192,39644,1790,100,742
1706673479719847888,23915,23915,9031,14884,0,0,0,16,0.000669036,4.35233,255,135.198,37.2079,30.5,76.5,134.5,198.5,243.5,0,178,0,153,29.5,48.5,59.5,-38.4334,38.3507,-34.125,34.375,3.02641,39646,1709,100,702
1706673479819703666,23889,23889,9016,14873,0,0,0,15,0.000627904,0,255,134.565,36.6274,34.5,75.5,134.5,196.5,252.5,5,231,0,151,29.5,48.5,59.5,-38.398,38.4077,-34.125,34.875,3.15836,39649,2038,100,665
1706673479919532386,23861,23861,8977,14884,0,0,0,15,0.000628641,0,255,134.556,34.8688,39.5,78.5,134.5,192.5,235.5,5,155,0,158,29.5,48.5,59.5,-38.3618,38.4235,-34.625,34.125,2.94439,39649,2054,100,651
1706673480020180636,23890,23890,9035,14855,0,0,0,16,0.000669736,0,255,134.472,34.4287,39.5,80.5,133.5,195.5,237.5,11,154,0,150,28.5,46.5,56.5,-38.4514,38.3235,-34.625,34.625,2.99075,39651,2161,100,613
1706673480120020226,23922,23922,8994,14928,0,0,0,13,0.000543433,0,255,133.945,34.0235,41.5,82.5,133.5,195.5,235.5,6,157,0,151,28.5,46.5,56.5,-38.2642,38.4791,-34.375,34.625,3.09058,39653,2120,100,487
1706673480219864730,23856,23856,8855,15001,0,0,0,17,0.000712609,0,255,133.799,33.4209,45.5,84.5,132.5,190.5,236.5,4,142,0,153,29.5,46.5,56.5,-38.4914,38.2153,-34.625,34.375,3.46501,39654,2056,100,570
1706673480319696963,23847,23847,8877,14970,0,0,0,10,0.00041934,0,255,133.841,33.1532,48.5,84.5,131.5,192.5,244.5,8,186,0,159,28.5,45.5,56.5,-38.1597,38.499,-34.375,34.625,3.0252,39656,2170,100,531
1706673480419530346,23902,23902,8975,14927,0,0,0,17,0.000711238,0,255,133.94,31.7289,55.5,88.5,131.5,193.5,234.5,15,100,0,150,28.5,43.5,53.5,-38.5105,38.1028,-34.625,34.375,3.05016,39658,2135,100,457
1706673480520174338,23862,23862,9087,14775,0,0,0,12,0.000502892,0,255,133.927,31.5912,54.5,89.5,131.5,192.5,229.5,6,118,0,152,28.5,42.5,51.5,-38.0825,38.5136,-34.375,34.125,3.00618,39661,2102,100,468
1706673480620015003,23927,23927,9110,14817,0,0,0,18,0.000752288,0,255,133.171,31.0676,53.5,87.5,131.5,190.5,229.5,3,67,0,151,29.5,43.5,52.5,-38.5041,38.1495,-34.125,34.125,2.96933,39661,2118,100,471
1706673480719860627,23907,23907,9098,14809,0,0,0,11,0.000460116,0,255,133.873,30.9929,59.5,88.5,132.5,191.5,224.5,8,82,0,151,29.5,43.5,53.5,-38.2188,37.9661,-33.875,33.875,2.9206,39661,2003,100,345
1706673480819707216,23906,23906,9036,14870,0,0,0,0,0,0,255,135.223,32.0849,66.5,87.5,133.5,196.5,228.5,9,78,0,150,30.5,45.5,54.5,-37.8761,38.4946,-33.875,34.125,2.95982,39662,1927,100,393
1706673480919540578,23900,23900,9005,14895,0,0,0,17,0.000711297,0,255,134.69,31.6469,62.5,86.5,132.5,190.5,229.5,11,103,0,156,29.5,46.5,56.5,-38.4745,38.268,-34.125,34.125,2.91346,39663,1855,100,445
1706673481020179704,23886,23886,9039,14847,0,0,0,14,0.000586117,0,255,135.021,33.4827,59.5,86.5,132.5,196.5,235.5,19,148,0,151,30.5,46.5,56.5,-38.3201,38.459,-34.125,34.625,3.06799,39668,1846,100,448
1706673481120012369,23925,23925,8995,14930,0,0,0,16,0.000668757,0,255,135.09,32.5784,62.5,86.5,133.5,193.5,230.5,14,110,0,151,30.5,47.5,58.5,-38.4339,38.3478,-34.625,34.375,3.10365,39669,1873,100,442
1706673481219849407,23901,23901,8914,14987,0,0,0,15,0.000627589,0,255,135.728,33.715,60.5,84.5,132.5,197.5,244.5,7,194,0,154,30.5,48.5,59.5,-38.3875,38.4022,-34.375,34.375,3.19994,39669,1767,100,437
1706673481319700126,23943,23943,8969,14974,0,0,0,15,0.000626488,0,255,135.501,32.0212,64.5,86.5,133.5,192.5,228.5,10,88,0,155,30.5,47.5,57.5,-38.359,38.4308,-34.625,34.625,3.02401,39669,1698,100,424
1706673481419522265,23908,23908,9000,14908,0,0,0,17,0.000711059,0,255,135.239,33.1925,65.5,85.5,133.5,197.5,231.5,3,81,0,156,30.5,47.5,58.5,-38.4511,38.3197,-34.625,34.625,3.21895,39670,1705,100,355
1706673481520158698,23889,23889,8911,14978,0,0,0,13,0.000544184,0,255,135.535,32.5991,63.5,86.5,133.5,195.5,232.5,1,90,0,150,30.5,47.5,58.5,-38.2708,38.4821,-34.375,34.625,3.08582,39674,1688,100,334
1706673481619996007,23912,23912,8912,15000,0,0,0,17,0.00071094,0,255,135.317,33.5484,60.5,84.5,133.5,197.5,230.5,14,96,0,153,30.5,48.5,60.5,-38.4964,38.2099,-34.625,34.125,3.15474,39677,1701,100,318
1706673481719841733,23932,23932,8981,14951,0,0,0,10,0.000417851,0,255,135.639,34.0948,64.5,85.5,133.5,197.5,236.5,5,155,0,150,31.5,50.5,62.5,-38.1604,38.5075,-34.375,34.125,3.09412,39677,1721,100,294
1706673481819692199,23916,23916,9101,14815,0,0,0,17,0.000710821,0,255,135.115,34.6182,65.5,84.5,132.5,198.5,238.5,2,146,0,151,31.5,53.5,67.5,-38.5104,38.0287,-34.125,34.125,3.07391,39678,1717,100,267
1706673481919525876,23878,23878,9131,14747,0,0,0,8,0.000335036,0,255,135.138,33.8678,67.5,85.5,132.5,196.5,234.5,2,134,0,150,31.5,54.5,67.5,-38.099,38.0864,-33.875,34.125,3.02161,39680,1588,100,220
1706673482020164034,23946,23946,9067,14879,0,0,0,5,0.000208803,0,255,135.63,35.8186,68.5,85.5,131.5,200.5,255.5,9,284,0,150,31.5,54.5,66.5,-38.0277,38.5107,-33.875,34.125,2.89204,39681,1652,100,247
1706673482120001995,23924,23924,8964,14960,0,0,0,17,0.000710584,0,255,135.973,35.7659,66.5,85.5,132.5,199.5,255.5,2,268,0,154,31.5,56.5,69.5,-38.5031,38.1529,-34.125,34.375,3.4424,39681,1613,100,234
1706673482219838474,23925,23925,8931,14994,0,0,0,11,0.00045977,0,255,135.695,35.6593,62.5,85.5,131.5,199.5,255.5,8,243,0,152,31.5,56.5,68.5,-38.2301,38.4821,-34.125,34.625,2.9598,39682,1459,100,237
1706673482319676365,23849,23849,8925,14924,0,0,0,17,0.000712818,0,255,136.126,36.6046,65.5,85.5,131.5,200.5,255.5,9,325,0,156,31.5,57.5,69.5,-38.4694,38.3016,-34.625,34.625,2.96812,39684,1428,100,245
1706673482419517380,23893,23893,8957,14936,0,0,0,14,0.000585946,0,255,136.531,36.1017,66.5,84.5,133.5,199.5,255.5,18,259,0,156,31.5,57.5,68.5,-38.3407,38.4446,-34.375,34.625,3.12621,39685,1479,100,230
1706673482520143426,23921,23921,8876,15045,0,0,0,15,0.000627064,0,255,136.242,35.211,66.5,85.5,133.5,202.5,245.5,11,136,0,155,31.5,55.5,69.5,-38.4214,38.3694,-34.625,34.625,2.96812,39685,1608,100,261
1706673482619983536,23906,23906,8928,14978,0,0,0,15,0.000627458,0,255,136.047,35.7045,68.5,85.5,131.5,201.5,237.5,5,123,0,150,31.5,55.5,66.5,-38.4087,38.3877,-34.375,34.625,3.15355,39688,1653,100,236
1706673482719811774,23878,23878,8978,14900,0,0,0,13,0.000544434,0,255,135.495,36.7526,67.5,83.5,131.5,200.5,250.5,8,215,0,154,31.5,56.5,69.5,-38.3376,38.4415,-34.375,34.625,3.01804,39689,1574,100,194
1706673482819663392,23875,23875,8972,14903,0,0,0,14,0.000586387,0,255,135.927,36.9144,66.5,81.5,132.5,202.5,242.5,9,146,0,152,32.5,59.5,73.5,-38.4723,38.2819,-34.375,34.375,2.98951,39691,1428,100,292
1706673482919495970,23902,23902,8971,14931,0,0,0,12,0.00050205,0,255,136.912,37.5587,67.5,83.5,133.5,204.5,246.5,2,169,0,150,33.5,60.5,73.5,-38.2354,38.4905,-33.875,34.125,3.09531,39693,1295,100,366
1706673483020143761,23921,23921,9014,14907,0,0,0,17,0.000710673,7.82333,255,137.013,36.741,69.5,83.5,133.5,202.5,255.5,0,242,1,153,34.5,62.5,74.5,-38.5049,37.9364,-33.625,33.875,2.99665,39694,1189,100,429
1706673483119983565,23938,23938,9137,14801,0,0,0,3,0.000125324,7.70044,255,136.782,36.2929,69.5,83.5,133.5,199.5,248.5,0,195,1,152,34.5,62.5,77.5,-38.0091,38.1699,-33.375,33.875,3.06913,39695,1100,100,513
1706673483219819220,23960,23960,9109,14851,0,0,0,8,0.00033389,7.93944,255,136.869,35.7292,69.5,85.5,133.5,200.5,241.5,0,203,1,152,35.5,63.5,80.5,-38.1151,38.5113,-33.625,34.125,3.11668,39695,1056,100,614
1706673483319665450,23954,23954,9034,14920,0,0,0,18,0.00075144,8.49524,255,137.606,36.8983,72.5,85.5,133.5,203.5,255.5,0,255,1,150,34.5,63.5,78.5,-38.51,38.0744,-34.125,34.375,2.96809,39695,1083,100,477
1706673483419487433,23926,23926,8914,15012,0,0,0,10,0.000417955,0,255,137.226,35.7152,70.5,85.5,134.5,199.5,248.5,4,226,0,154,33.5,61.5,78.5,-38.1524,38.5051,-34.125,34.625,2.98592,39695,1193,100,327
1706673483520123115,23896,23896,8820,15076,0,0,0,17,0.000711416,0,255,135.92,36.5697,68.5,85.5,131.5,202.5,248.5,7,201,0,150,32.5,60.5,74.5,-38.4988,38.2069,-34.375,34.375,2.90153,39695,1312,100,244
1706673483619977087,23866,23866,8892,14974,0,0,0,12,0.000502807,0,255,135.351,35.6205,66.5,86.5,131.5,199.5,242.5,6,200,0,156,31.5,59.5,72.5,-38.2615,38.4829,-34.375,34.625,2.93838,39697,1428,100,217
1706673483719826217,23870,23870,8988,14882,0,0,0,16,0.000670297,0,255,134.846,34.4563,65.5,85.5,131.5,197.5,228.5,2,97,0,155,31.5,58.5,72.5,-38.4493,38.3258,-34.625,34.625,2.91223,39697,1455,100,200
1706673483819671205,23863,23863,8916,14947,0,0,0,14,0.000586682,0,255,134.727,36.1051,64.5,83.5,131.5,199.5,239.5,4,181,0,151,32.5,61.5,75.5,-38.3657,38.4355,-34.375,34.625,3.01564,39698,1359,100,238
1706673483919526873,23887,23887,8927,14960,0,0,0,16,0.00066982,0,255,135.601,35.799,68.5,85.5,132.5,198.5,249.5,5,230,0,151,32.5,61.5,75.5,-38.399,38.3914,-33.875,34.375,3.15353,39698,1362,100,231
1706673484020151263,23893,23893,8984,14909,0,0,0,16,0.000669652,0,255,135.137,34.6076,67.5,83.5,132.5,195.5,227.5,7,95,0,152,32.5,61.5,76.5,-38.4237,38.3726,-34.625,34.375,3.10122,39699,1358,100,207
1706673484119994099,23877,23877,8990,14887,0,0,0,14,0.000586338,0,255,135.267,34.9227,66.5,84.5,131.5,196.5,243.5,3,208,0,152,32.5,62.5,79.5,-38.3324,38.4554,-34.125,34.125,3.73835,39702,1263,100,204
1706673484219828321,23890,23890,9008,14882,0,0,0,17,0.000711595,0,255,135.7,34.8318,68.5,86.5,131.5,197.5,235.5,3,181,0,155,32.5,61.5,75.5,-38.4757,37.7761,-33.875,33.875,3.21415,39703,1333,100,225
1706673484319661288,23913,23913,9036,14877,0,0,0,0,0,0,255,135.651,34.0523,72.5,86.5,132.5,195.5,228.5,5,130,0,151,31.5,60.5,75.5,-37.8665,38.2888,-33.625,33.875,3.0727,39703,1314,100,268
1706673484419894706,23900,23900,9088,14812,0,0,0,12,0.000502092,0,255,135.913,35.0376,67.5,85.5,132.5,198.5,247.5,2,195,0,151,31.5,59.5,75.5,-38.2262,38.496,-33.875,34.125,3.02872,39706,1388,100,233
1706673484519732274,23907,23907,9018,14889,0,0,0,17,0.000711089,0,255,135.952,35.5142,66.5,85.5,131.5,201.5,251.5,4,170,0,151,30.5,56.5,71.5,-38.5024,38.1627,-34.125,34.375,3.11308,39707,1513,100,282
1706673484619573296,23910,23910,8956,14954,0,0,0,12,0.000501882,0,255,134.887,34.199,64.5,85.5,131.5,196.5,240.5,13,179,0,151,30.5,55.5,69.5,-38.0922,38.5188,-34.375,34.625,2.90983,39708,1556,100,202
1706673484720210194,23920,23920,8902,15018,0,0,0,18,0.000752508,0,255,135.301,34.3881,67.5,85.5,131.5,198.5,236.5,7,148,0,150,30.5,55.5,70.5,-38.5095,38.1054,-34.625,34.375,3.01086,39710,1587,100,214
1706673484820055536,23897,23897,8834,15063,0,0,0,10,0.000418463,0,255,135.185,33.3864,62.5,85.5,132.5,194.5,226.5,16,117,0,155,30.5,55.5,67.5,-38.1731,38.5032,-34.375,34.625,3.06554,39711,1553,100,173
1706673484919894786,23905,23905,8949,14956,0,0,0,15,0.000627484,0,255,134.843,34.6776,66.5,84.5,131.5,198.5,243.5,12,201,0,150,30.5,56.5,69.5,-38.4852,38.2257,-34.625,34.375,3.07505,39713,1522,100,192
1706673485019741581,23901,23901,9048,14853,0,0,0,12,0.000502071,0,255,135.086,34.6338,65.5,83.5,132.5,196.5,242.5,7,121,0,152,30.5,57.5,69.5,-38.2833,38.4745,-34.375,34.625,3.21293,39716,1464,100,194
1706673485119590838,23865,23865,8982,14883,0,0,0,17,0.00071234,0,255,135.521,36.0059,68.5,83.5,131.5,198.5,255.5,6,268,0,154,30.5,58.5,71.5,-38.4473,38.3329,-34.125,34.625,3.25216,39719,1362,100,216
1706673485219832953,23888,23888,8966,14922,0,0,0,15,0.00062793,0,255,135.8,35.1847,67.5,85.5,132.5,198.5,255.5,9,262,0,153,30.5,57.5,71.5,-38.3795,38.4143,-34.125,34.125,3.17727,39720,1375,100,225
1706673485319670256,23873,23873,9021,14852,0,0,0,15,0.000628325,0,255,135.868,35.2209,66.5,85.5,132.5,200.5,255.5,11,278,0,151,30.5,55.5,68.5,-38.3795,38.4217,-35.125,34.125,3.20342,39722,1545,100,211
1706673485419516144,23885,23885,9026,14859,0,0,0,16,0.000669876,0,255,134.458,33.5449,67.5,86.5,130.5,195.5,235.5,7,136,0,155,29.5,52.5,66.5,-38.4407,37.6415,-34.125,33.625,3.27474,39725,1504,100,219
1706673485520166580,23950,23950,9049,14901,0,0,0,0,0,0,255,134.173,32.2728,69.5,86.5,130.5,191.5,234.5,5,139,0,150,29.5,50.5,63.5,-37.7432,38.3426,-33.875,34.125,3.04771,39727,1613,100,223
1706673485620003755,23908,23908,9104,14804,0,0,0,13,0.000543751,0,255,134.522,31.906,67.5,87.5,131.5,192.5,227.5,12,104,0,151,29.5,48.5,62.5,-38.2939,38.4645,-34.125,34.125,2.8813,39727,1580,100,234
1706673485719828646,23880,23880,9018,14862,0,0,0,17,0.000711893,0,255,134.502,32.9971,67.5,86.5,131.5,195.5,235.5,10,169,0,156,28.5,49.5,64.5,-38.4917,38.2321,-34.125,34.375,3.04652,39728,1521,100,224
1706673485819672065,23892,23892,8949,14943,0,0,0,10,0.00041855,5.26958,255,135.207,34.0806,69.5,87.5,130.5,196.5,248.5,0,209,0,156,28.5,51.5,67.5,-38.1777,38.4956,-34.375,34.625,3.0382,39730,1516,100,229
1706673485919500790,23942,23942,8877,15065,0,0,0,17,0.000710049,0,255,134.594,33.281,64.5,86.5,131.5,195.5,242.5,1,202,0,155,28.5,49.5,64.5,-38.5056,38.1244,-34.625,34.375,2.9443,39733,1690,100,251
1706673486020147386,23883,23883,8876,15007,0,0,0,12,0.000502449,0,255,135.381,33.2239,66.5,85.5,132.5,198.5,239.5,11,112,0,151,28.5,48.5,62.5,-38.062,38.5066,-34.375,34.625,2.96329,39734,1545,100,308
1706673486119982224,23889,23889,8894,14995,0,0,0,17,0.000711625,0,255,134.803,32.7118,68.5,86.5,132.5,195.5,231.5,5,125,0,152,28.5,48.5,63.5,-38.5018,38.1429,-34.625,34.375,2.93714,39734,1476,100,341
1706673486219821328,23976,23976,9037,14939,0,0,0,11,0.000458792,0,255,134.868,34.8027,62.5,84.5,131.5,200.5,244.5,12,190,0,150,28.5,47.5,60.5,-38.1952,38.4987,-34.375,34.625,2.89435,39734,1600,100,353
1706673486319653757,23915,23915,9004,14911,0,0,0,17,0.000710851,0,255,134.438,32.3804,63.5,86.5,131.5,192.5,229.5,3,108,0,152,28.5,43.5,55.5,-38.4799,38.2634,-34.125,34.625,2.84205,39734,1673,100,354
1706673486419893383,23908,23908,9042,14866,0,0,0,13,0.000543751,0,255,135.115,32.4608,63.5,87.5,132.5,196.5,235.5,6,159,0,150,27.5,42.5,51.5,-38.3185,38.453,-34.125,34.125,2.91218,39735,1889,100,375
1706673486519737550,23851,23851,9079,14772,0,0,0,0,0,0,255,134.349,30.6463,67.5,88.5,133.5,189.5,233.5,4,121,0,155,27.5,41.5,51.5,-37.7063,38.3512,-34.125,34.125,2.90505,39736,1977,100,360
1706673486619580758,23938,23938,9057,14881,0,0,0,32,0.00133679,4.84565,255,133.892,31.3119,62.5,88.5,132.5,191.5,231.5,0,125,0,162,27.5,41.5,51.5,-38.4359,37.6178,-35.125,33.625,3.23074,39737,2070,100,473
1706673486720230992,23897,23897,9039,14858,0,0,0,0,0,0,255,134.164,32.2774,57.5,86.5,132.5,191.5,240.5,21,153,0,164,27.5,41.5,53.5,-37.5922,38.4006,-33.625,34.125,3.21291,39739,1997,100,478
1706673486820082854,23906,23906,9039,14867,0,0,0,14,0.000585627,4.62433,255,134.002,31.9764,53.5,86.5,132.5,187.5,235.5,0,143,0,165,27.5,43.5,54.5,-38.3655,38.4276,-34.125,34.125,3.07383,39743,2008,100,507
1706673486919930328,23922,23922,9141,14781,0,0,0,16,0.00066884,0,255,134.59,33.3888,51.5,84.5,133.5,192.5,243.5,2,180,0,159,28.5,44.5,55.5,-38.4588,38.3276,-34.125,34.625,3.11781,39744,1929,100,530
1706673487019781239,23926,23926,8996,14930,0,0,0,12,0.000501546,0,255,133.343,34.145,44.5,82.5,132.5,191.5,242.5,6,199,0,155,28.5,46.5,58.5,-38.2836,38.4779,-34.375,34.625,3.02748,39744,1822,100,551
1706673487119620492,23912,23912,8870,15042,0,0,0,17,0.00071094,0,255,133.606,34.4905,49.5,82.5,132.5,192.5,241.5,6,208,0,163,28.5,48.5,62.5,-38.4985,38.1963,-34.625,34.375,3.14159,39746,1785,100,506
1706673487219867629,23940,23940,8858,15082,0,0,0,8,0.000334169,0,255,134.022,33.7362,53.5,84.5,131.5,192.5,240.5,3,196,0,187,28.5,48.5,61.5,-38.1216,38.5091,-34.375,34.625,3.30562,39747,1695,100,557
1706673487319721790,23948,23948,8930,15018,0,0,0,17,0.000709871,4.85896,255,132.883,33.3479,49.5,83.5,132.5,190.5,232.5,0,140,0,188,28.5,48.5,62.5,-38.5201,38.0676,-34.625,34.625,2.99301,39748,1715,100,496
1706673487419572840,23899,23899,8994,14905,0,0,0,12,0.000502113,0,255,133.887,34.1532,50.5,83.5,132.5,193.5,245.5,10,180,0,174,28.5,47.5,60.5,-38.1081,38.5113,-34.375,34.625,3.056,39749,1729,100,457
1706673487520218945,23896,23896,9069,14827,0,0,0,17,0.000711416,0,255,135.11,34.229,52.5,84.5,133.5,196.5,244.5,7,199,0,184,28.5,45.5,58.5,-38.5018,38.1648,-34.125,34.375,3.0643,39755,1933,100,563
1706673487620053795,23935,23935,8988,14947,0,0,0,12,0.000501358,5.3989,255,133.756,33.1573,55.5,84.5,132.5,192.5,240.5,0,191,0,196,28.5,46.5,59.5,-38.2279,38.4974,-33.875,34.125,3.05123,39757,1618,100,619
1706673487719882551,23967,23967,9067,14900,0,0,0,0,0,0,255,133.326,35.8108,57.5,82.5,129.5,198.5,255.5,2,253,0,151,28.5,50.5,65.5,-37.8474,38.2829,-33.875,34.125,2.97872,39757,1536,100,593
1706673487819718786,23887,23887,9100,14787,0,0,0,17,0.000711684,0,255,133.523,38.1073,56.5,80.5,129.5,199.5,255.5,6,429,0,154,29.5,55.5,72.5,-38.4717,37.7604,-34.375,33.875,2.94425,39760,1275,100,505
1706673487919562722,23908,23908,9112,14796,0,0,0,14,0.000585578,5.12555,255,136.119,38.432,58.5,82.5,132.5,206.5,255.5,0,462,0,200,31.5,58.5,83.5,-38.3303,38.4534,-34.625,34.125,2.97634,39760,1015,100,463
1706673488020203288,23995,23995,8995,15000,0,0,0,16,0.000666806,0,255,137.224,36.8935,69.5,86.5,133.5,201.5,255.5,4,494,0,181,32.5,61.5,78.5,-38.419,38.3814,-34.125,34.125,3.01913,39760,805,100,662
1706673488120053833,23998,23998,9026,14972,0,0,0,16,0.000666722,39.6772,255,137.66,37.1856,70.5,87.5,133.5,203.5,255.5,0,476,7,231,33.5,61.5,79.5,-38.4128,38.3864,-34.125,34.375,2.94544,39760,523,100,933
1706673488219899634,23998,23998,9060,14938,0,0,0,14,0.000583382,33.1108,255,137.468,35.25,71.5,88.5,133.5,198.5,255.5,0,371,9,204,33.5,63.5,79.5,-38.3375,38.447,-34.625,34.625,2.9074,39760,400,100,1432
1706673488319728643,24000,24000,8959,15041,0,0,0,17,0.000708333,41.5576,255,138.201,35.8458,72.5,89.5,133.5,200.5,255.5,0,457,8,222,34.5,63.5,79.5,-38.4666,38.293,-34.625,34.375,2.81706,39760,416,100,1352
1706673488419588249,23999,23999,8872,15127,0,0,0,12,0.000500021,35.1902,255,137.965,35.9873,70.5,87.5,133.5,201.5,255.5,0,407,7,155,34.5,64.5,82.5,-38.2484,38.4834,-34.375,34.625,2.75288,39760,414,100,1273
1706673488519818841,23999,23999,8879,15120,0,0,0,17,0.000708363,39.4536,255,137.446,36.7497,71.5,87.5,132.5,204.5,255.5,0,580,8,250,34.5,62.5,82.5,-38.5014,38.1853,-34.625,34.375,2.66017,39760,439,100,1275
1706673488619660242,24000,24000,9016,14984,0,0,0,8,0.000333333,42.4178,255,138.287,36.7289,74.5,87.5,133.5,204.5,255.5,0,480,8,255,34.5,60.5,78.5,-38.1275,38.5011,-34.375,34.625,2.77427,39760,456,100,1279
1706673488719884406,24000,24000,9107,14893,0,0,0,17,0.000708333,35.5421,255,136.462,33.7458,73.5,87.5,133.5,193.5,255.5,0,301,7,151,34.5,60.5,76.5,-38.5099,38.0786,-34.125,34.375,2.89908,39760,393,100,1519
1706673488819729004,24000,24000,9168,14832,0,0,0,9,0.000375,32.2382,255,136.877,34.2479,74.5,88.5,133.5,195.5,255.5,0,354,6,150,35.5,59.5,75.5,-38.139,38.5041,-33.875,34.125,2.88363,39760,326,100,1792
1706673488919569495,24000,24000,9041,14959,0,0,0,1,4.16667e-05,50.4713,255,137.7,34.8151,74.5,89.5,133.5,197.5,255.5,0,502,9,150,35.5,59.5,76.5,-37.9973,38.2039,-33.875,33.875,2.80161,39760,304,100,1968
1706673489020204114,23999,23999,9029,14970,0,0,0,18,0.000750031,37.1773,255,137.852,34.8114,75.5,88.5,133.5,199.5,255.5,0,355,8,150,35.5,59.5,74.5,-38.5031,37.9013,-34.125,33.875,3.031,39760,280,100,2004
1706673489120044295,23999,23999,9099,14900,0,0,0,12,0.000500021,33.1295,255,138.009,34.4453,78.5,89.5,134.5,198.5,255.5,0,431,9,150,36.5,59.5,75.5,-38.2696,38.4718,-35.125,34.125,3.01198,39760,225,100,2386
1706673489219871962,24000,24000,9064,14936,0,0,0,16,0.000666667,36.2474,255,137.46,32.4267,77.5,90.5,134.5,192.5,255.5,0,320,5,150,36.5,60.5,74.5,-38.4692,38.3213,-34.125,34.125,2.70769,39760,215,100,2398
1706673489319731657,23999,23999,8972,15027,0,0,0,14,0.000583358,30.2211,255,138.364,35.4322,73.5,87.5,134.5,203.5,255.5,0,378,9,151,36.5,61.5,78.5,-38.3662,38.4356,-34.125,34.625,2.81704,39760,289,100,2028
1706673489419553856,23990,23990,8957,15033,0,0,0,16,0.000666945,0,255,136.918,35.1736,67.5,87.5,133.5,197.5,255.5,4,308,0,150,34.5,61.5,81.5,-38.4166,38.3896,-34.375,34.625,2.94185,39760,614,100,753
1706673489520189221,23850,23850,8917,14933,0,0,0,16,0.00067086,0,255,135.367,36.703,57.5,85.5,132.5,199.5,255.5,9,318,0,155,30.5,56.5,76.5,-38.4228,38.365,-34.625,34.625,2.93472,39761,1317,100,411
1706673489620033566,23928,23928,8927,15001,0,0,0,13,0.000543297,0,255,133.946,35.4037,52.5,84.5,130.5,196.5,248.5,5,209,0,151,29.5,51.5,63.5,-38.3087,38.4535,-34.625,34.625,2.8218,39762,1484,100,582
1706673489719877985,23946,23946,8888,15058,0,0,0,16,0.00066817,0,255,133.332,34.1058,53.5,83.5,131.5,192.5,237.5,9,163,0,156,29.5,49.5,60.5,-38.4801,38.2701,-34.625,34.625,2.88123,39762,1630,100,515
1706673489819722894,23914,23914,8928,14986,0,0,0,12,0.000501798,0,255,134.448,34.3688,52.5,83.5,131.5,196.5,248.5,6,214,0,155,28.5,47.5,57.5,-38.2203,38.4894,-34.125,34.625,2.9466,39764,1864,100,569
1706673489919571478,23876,23876,9050,14826,0,0,0,18,0.000753895,0,255,133.492,33.8477,46.5,82.5,131.5,193.5,240.5,2,186,0,154,28.5,44.5,55.5,-38.5067,38.1639,-34.125,34.375,3.03218,39765,2114,100,725
1706673490020189483,23954,23954,9181,14773,0,0,0,5,0.000208733,0,255,133.778,33.5573,46.5,83.5,131.5,193.5,245.5,6,189,0,153,26.5,41.5,51.5,-38.0379,38.5095,-33.875,34.125,2.81348,39765,2392,100,664
1706673490120002263,23680,23680,9107,14573,0,0,0,7,0.000295608,0,255,132.114,33.0225,40.5,86.5,130.5,189.5,247.5,6,200,0,158,26.5,40.5,51.5,-38.0904,38.1127,-34.125,34.125,2.87647,39777,2589,100,564
1706673490219846867,23893,23893,9058,14835,0,0,0,17,0.000711505,0,255,134.373,31.9386,53.5,88.5,132.5,189.5,236.5,10,147,0,156,26.5,41.5,50.5,-38.5186,38.013,-34.125,33.875,3.02624,39781,2368,100,632
1706673490319678246,23877,23877,9016,14861,0,0,0,10,0.000418813,0,255,134.475,33.617,50.5,86.5,133.5,192.5,231.5,7,139,0,156,26.5,43.5,53.5,-38.1644,38.4992,-34.375,34.125,3.15818,39784,2075,100,642
1706673490419516607,23928,23928,8965,14963,0,0,0,17,0.000710465,0,255,133.673,33.4859,48.5,85.5,132.5,189.5,231.5,3,129,0,152,27.5,46.5,55.5,-38.4948,38.2111,-34.625,34.125,2.95492,39785,1629,100,471
1706673490520151053,23943,23943,8976,14967,0,0,0,12,0.00050119,0,255,133.832,32.7619,53.5,87.5,132.5,188.5,227.5,4,135,0,155,27.5,48.5,57.5,-38.2469,38.4908,-34.125,34.625,2.97629,39786,1590,100,550
1706673490620001654,23926,23926,8922,15004,0,0,0,16,0.000668729,0,255,133.092,33.602,49.5,84.5,131.5,188.5,234.5,2,170,0,150,27.5,48.5,57.5,-38.4756,38.2943,-34.625,34.375,2.95728,39786,1589,100,625
1706673490719828722,23918,23918,8995,14923,0,0,0,14,0.000585333,0,255,132.575,33.0537,53.5,84.5,131.5,186.5,222.5,21,92,0,156,27.5,50.5,59.5,-38.3502,38.4337,-34.625,34.625,2.95847,39787,1600,100,517
1706673490819655479,23940,23940,8935,15005,0,0,0,15,0.000626566,0,255,132.381,34.3191,47.5,82.5,130.5,190.5,233.5,3,157,0,150,27.5,50.5,60.5,-38.3884,38.4076,-34.375,34.625,3.02503,39787,1616,100,489
1706673490919903052,23929,23929,8915,15014,0,0,0,16,0.000668645,0,255,133.153,33.0991,46.5,83.5,131.5,187.5,234.5,2,163,0,151,27.5,50.5,60.5,-38.4426,38.3382,-34.625,34.375,2.9026,39788,1586,100,533
1706673491019749041,23931,23931,9008,14923,0,0,0,13,0.000543228,0,255,132.705,32.4445,52.5,85.5,130.5,188.5,232.5,5,123,0,155,27.5,50.5,61.5,-38.2981,38.4636,-34.125,34.625,2.99412,39791,1597,100,466
1706673491119577709,23944,23944,9005,14939,0,0,0,17,0.00070999,0,255,132.52,34.2916,50.5,83.5,129.5,190.5,250.5,6,184,0,151,27.5,52.5,63.5,-38.4827,38.2481,-34.125,34.125,2.93707,39791,1527,100,467
1706673491220220748,23923,23923,9107,14816,0,0,0,0,0,0,255,133.211,34.9093,52.5,82.5,130.5,192.5,232.5,9,178,0,150,28.5,54.5,65.5,-37.8888,38.4971,-33.875,34.125,3.58011,39792,1465,100,488
1706673491320066243,23890,23890,9111,14779,0,0,0,11,0.000460444,0,255,133.321,36.0584,50.5,80.5,131.5,195.5,242.5,18,207,0,153,28.5,55.5,67.5,-38.2105,37.9671,-33.875,33.875,3.64311,39792,1328,100,440
1706673491419906893,23912,23912,9067,14845,0,0,0,18,0.00075276,0,255,133.608,37.3679,54.5,81.5,130.5,198.5,255.5,6,388,0,155,29.5,56.5,67.5,-38.5012,38.143,-34.125,34.125,2.86219,39797,1223,100,452
1706673491519746914,23941,23941,9054,14887,0,0,0,13,0.000543002,4.62245,255,133.876,34.9085,54.5,84.5,131.5,192.5,248.5,0,210,0,150,28.5,57.5,67.5,-38.0646,38.5159,-34.375,34.125,2.93232,39802,1151,100,512
1706673491619590356,23932,23932,8953,14979,0,0,0,17,0.000710346,5.22254,255,133.835,33.4158,53.5,85.5,131.5,190.5,255.5,0,243,0,151,27.5,52.5,63.5,-38.5045,38.1175,-34.625,34.375,2.87289,39810,1546,100,491
1706673491719826822,23911,23911,8953,14958,0,0,0,11,0.000460039,4.71251,255,134.144,32.8108,53.5,85.5,133.5,189.5,233.5,0,122,0,155,27.5,50.5,62.5,-38.1803,38.5001,-34.375,34.625,3.13438,39810,1662,100,595
1706673491819676894,23902,23902,8968,14934,0,0,0,17,0.000711238,0,255,133.541,32.3353,49.5,86.5,132.5,185.5,235.5,8,153,0,162,26.5,48.5,59.5,-38.4812,38.2513,-34.625,34.375,3.01552,39815,1723,100,592
1706673491919532015,23922,23922,8964,14958,0,0,0,13,0.000543433,0,255,133.748,32.6197,44.5,84.5,132.5,187.5,227.5,17,148,0,150,26.5,46.5,58.5,-38.3148,38.4601,-34.625,34.625,3.04999,39815,1800,100,636
1706673492020152859,23930,23930,8945,14985,0,0,0,16,0.000668617,0,255,134.199,32.9673,45.5,85.5,132.5,189.5,230.5,7,156,0,150,26.5,45.5,56.5,-38.4307,38.3604,-34.625,34.625,3.27818,39817,1781,100,570
1706673492119995231,23920,23920,8927,14993,0,0,0,15,0.00062709,0,255,133.353,33.6533,46.5,84.5,131.5,189.5,255.5,2,261,0,152,26.5,45.5,56.5,-38.3954,38.4037,-34.375,34.625,2.99648,39819,1763,100,626
1706673492219832938,23933,23933,8963,14970,0,0,0,14,0.000584966,4.67591,255,133.895,34.5343,48.5,83.5,131.5,192.5,252.5,0,235,1,155,26.5,46.5,58.5,-38.3668,38.4276,-34.125,34.625,2.92397,39819,1708,100,531
1706673492319665183,23914,23914,9016,14898,0,0,0,17,0.000710881,0,255,134.219,35.9942,51.5,82.5,131.5,196.5,251.5,16,202,0,150,26.5,49.5,63.5,-38.4572,38.3368,-34.125,34.125,3.01787,39822,1463,100,552
1706673492419493050,23929,23929,9098,14831,0,0,0,0,0,10.829,255,135.034,37.9577,45.5,81.5,132.5,201.5,255.5,0,346,0,155,27.5,51.5,66.5,-37.7598,38.4766,-33.875,34.125,2.84434,39825,1337,100,586
1706673492520120160,23919,23919,9143,14776,0,0,0,13,0.000543501,0,255,134.539,37.5555,45.5,80.5,131.5,202.5,255.5,4,311,0,151,27.5,49.5,64.5,-38.271,37.8593,-34.125,33.875,2.93942,39827,1410,100,500
1706673492619965666,23928,23928,9069,14859,0,0,0,17,0.000710465,0,255,134.915,37.3197,50.5,83.5,130.5,203.5,255.5,7,265,0,151,26.5,47.5,60.5,-38.5002,38.231,-34.125,33.875,2.78728,39830,1411,100,611
1706673492719801939,23934,23934,8984,14950,0,0,0,11,0.000459597,0,255,133.327,35.5692,44.5,83.5,130.5,195.5,252.5,3,232,0,154,26.5,45.5,56.5,-38.1695,38.5028,-34.375,34.125,2.88,39830,1636,100,529
1706673492819650844,23929,23929,8958,14971,0,0,0,18,0.000752225,0,255,134.076,34.9049,44.5,83.5,131.5,193.5,245.5,2,202,0,155,27.5,44.5,52.5,-38.5051,38.1094,-34.625,34.375,2.83483,39834,1825,100,557
1706673492919893948,23914,23914,8989,14925,0,0,0,13,0.000543615,0,255,134.836,35.4443,39.5,81.5,133.5,193.5,255.5,16,246,0,255,27.5,45.5,54.5,-38.0911,38.5143,-34.375,34.625,3.03214,39838,1974,100,550
1706673493019743322,23893,23893,8959,14934,0,0,0,17,0.000711505,0,255,134.387,34.2927,37.5,81.5,133.5,190.5,244.5,17,190,0,158,27.5,44.5,54.5,-38.5076,38.1347,-34.625,34.375,3.00004,39841,2129,100,465
1706673493119591846,23921,23921,8982,14939,0,0,0,11,0.000459847,0,255,133.537,34.6031,37.5,80.5,132.5,190.5,247.5,18,220,0,154,27.5,44.5,54.5,-38.204,38.5006,-34.375,34.625,2.89545,39845,2310,100,432
1706673493219835190,23806,23806,8960,14846,0,0,0,17,0.000714106,0,255,132.8,35.5249,34.5,77.5,131.5,192.5,244.5,18,181,0,153,26.5,43.5,54.5,-38.4894,38.2534,-34.625,34.625,2.84196,39849,2820,100,494
1706673493319684784,23524,23524,9063,14461,0,0,0,14,0.000595137,0,255,131.56,36.3049,27.5,71.5,130.5,192.5,249.5,46,204,0,210,25.5,42.5,55.5,-38.3141,38.4597,-34.625,34.375,2.73617,39876,3160,100,440
1706673493419529141,23686,23686,9046,14640,0,0,0,16,0.000675505,0,255,130.978,32.787,39.5,78.5,129.5,184.5,239.5,19,168,0,163,25.5,41.5,52.5,-38.4293,38.3635,-34.125,34.875,2.91565,39886,3009,100,449
1706673493520171406,23871,23871,9016,14855,0,0,0,16,0.000670269,0,255,132.799,33.3816,47.5,81.5,130.5,190.5,242.5,9,138,0,159,27.5,43.5,54.5,-38.4096,38.3942,-34.125,34.125,2.86452,39888,2385,100,537
1706673493620033566,23915,23915,9051,14864,0,0,0,0,0,0,255,134.332,33.428,53.5,84.5,132.5,191.5,239.5,4,184,0,151,28.5,46.5,57.5,-37.6031,38.4281,-33.625,34.125,2.98219,39889,1922,100,525
1706673493719888447,23932,23932,9156,14776,0,0,0,15,0.000626776,0,255,132.523,34.922,51.5,82.5,129.5,194.5,255.5,19,265,0,150,28.5,49.5,61.5,-38.3666,37.716,-34.125,33.875,2.92276,39890,1499,100,560
1706673493819724408,23947,23947,9128,14819,0,0,0,17,0.000709901,0,255,132.628,35.7339,60.5,82.5,128.5,195.5,255.5,17,279,0,150,28.5,51.5,61.5,-38.4691,38.3077,-34.125,34.125,3.03449,39891,1409,100,419
1706673493919557694,23900,23900,9018,14882,0,0,0,12,0.000502092,0,255,132.49,36.2905,56.5,82.5,128.5,195.5,247.5,19,221,0,151,29.5,52.5,64.5,-38.2622,38.4794,-34.625,34.125,3.07134,39892,1354,100,395
1706673494020191867,23971,23971,8896,15075,0,0,0,17,0.00070919,0,255,134.157,35.9716,66.5,83.5,130.5,197.5,255.5,1,255,0,150,30.5,55.5,66.5,-38.4875,38.2147,-34.625,34.375,2.90374,39892,1081,100,313
1706673494120039265,24000,24000,8903,15097,0,0,0,10,0.000416667,35.6309,255,136.181,36.5481,66.5,84.5,131.5,199.5,255.5,0,412,4,150,31.5,57.5,71.5,-38.1656,38.5115,-34.375,34.625,2.96199,39892,711,100,822
1706673494219878890,24000,24000,8925,15075,0,0,0,18,0.00075,28.1398,255,135.484,35.3121,67.5,84.5,132.5,195.5,255.5,0,361,6,150,30.5,56.5,68.5,-38.5134,38.099,-34.625,34.375,2.91682,39892,739,100,769
1706673494319723271,24000,24000,9059,14941,0,0,0,12,0.0005,31.5061,255,135.174,34.286,71.5,84.5,131.5,194.5,255.5,0,258,6,150,30.5,57.5,67.5,-38.0947,38.5058,-34.375,34.625,3.04162,39892,601,100,1013
1706673494419554850,24000,24000,9021,14979,0,0,0,17,0.000708333,25.5152,255,135.57,35.0623,69.5,84.5,132.5,196.5,255.5,0,283,5,150,31.5,59.5,69.5,-38.498,38.1729,-34.625,34.375,3.20089,39892,460,100,1267
1706673494520196572,24000,24000,9022,14978,0,0,0,12,0.0005,21.5926,255,135.542,35.5596,68.5,83.5,132.5,195.5,255.5,0,431,5,150,31.5,59.5,71.5,-38.2352,38.4978,-34.375,34.125,3.04519,39892,429,100,1276
1706673494620036500,23999,23999,9055,14944,0,0,0,17,0.000708363,29.2614,255,135.661,35.3935,68.5,84.5,132.5,196.5,255.5,0,345,6,151,30.5,60.5,74.5,-38.4711,38.2807,-34.125,34.875,3.02142,39892,519,100,1099
1706673494719880386,24000,24000,9084,14916,0,0,0,14,0.000583333,26.7182,255,135.307,36.3237,69.5,82.5,131.5,201.5,255.5,0,315,5,150,28.5,59.5,75.5,-38.3396,38.4487,-34.125,34.375,2.74328,39892,807,100,640
1706673494819705008,23873,23873,9051,14822,0,0,0,0,0,0,255,135.373,38.2229,67.5,82.5,130.5,206.5,255.5,15,404,0,156,27.5,56.5,71.5,-37.6524,38.3842,-33.625,34.125,2.90256,39893,1150,100,280
1706673494919547565,23888,23888,8994,14894,0,0,0,16,0.000669792,0,255,133.861,37.3792,64.5,82.5,130.5,202.5,255.5,11,276,0,152,27.5,51.5,72.5,-38.4165,37.5666,-34.125,33.625,2.72427,39895,1588,100,231
1706673495020179538,23952,23952,9094,14858,0,0,0,16,0.000668003,0,255,133.889,35.7894,67.5,83.5,129.5,203.5,255.5,5,290,0,151,26.5,42.5,59.5,-38.4155,38.3745,-34.125,34.125,2.96079,39895,1542,100,248
1706673495120012006,23894,23894,9065,14829,0,0,0,15,0.000627773,0,255,133.255,33.2375,65.5,83.5,130.5,196.5,242.5,4,166,0,156,27.5,40.5,50.5,-38.3353,38.448,-34.375,34.125,2.99643,39899,1789,100,321
1706673495219851246,23925,23925,8951,14974,0,0,0,16,0.000668757,0,255,133.306,33.2631,64.5,86.5,131.5,194.5,245.5,7,169,0,156,27.5,41.5,51.5,-38.4695,38.2963,-34.625,34.375,2.80031,39903,1696,100,348
1706673495319683375,23957,23957,8864,15093,0,0,0,12,0.000500897,0,255,133.913,31.5986,70.5,87.5,132.5,191.5,241.5,7,165,0,155,26.5,40.5,51.5,-38.2494,38.479,-34.375,34.625,2.78843,39905,1705,100,352
1706673495419539831,23901,23901,8842,15059,0,0,0,17,0.000711267,5.30549,255,133.859,32.2603,69.5,85.5,131.5,191.5,236.5,0,172,0,212,26.5,40.5,50.5,-38.5044,38.1826,-34.625,34.375,2.83003,39908,1654,100,484
1706673495520179098,23919,23919,8984,14935,0,0,0,9,0.00037627,0,255,134.254,32.6786,65.5,85.5,131.5,192.5,243.5,1,168,0,150,26.5,40.5,52.5,-38.1306,38.518,-34.375,34.625,2.83597,39911,1711,100,397
1706673495620031911,23940,23940,9100,14840,0,0,0,17,0.000710109,0,255,134.378,33.4771,66.5,85.5,132.5,194.5,242.5,5,174,0,154,27.5,41.5,53.5,-38.504,38.0649,-34.625,34.375,2.81933,39915,1693,100,507
1706673495719860758,23947,23947,8994,14953,0,0,0,9,0.00037583,0,255,135.3,32.3271,59.5,86.5,133.5,192.5,226.5,5,108,0,154,27.5,42.5,50.5,-38.1293,38.5108,-34.375,34.125,2.85024,39916,1773,100,438
1706673495819698782,23883,23883,9025,14858,0,0,0,17,0.000711803,0,255,133.76,34.4109,44.5,80.5,133.5,191.5,236.5,3,172,0,156,27.5,43.5,53.5,-38.505,38.1643,-34.125,33.875,2.9477,39921,2177,100,629
1706673495919531279,23839,23839,9068,14771,0,0,0,12,0.000503377,0,255,133.624,36.4689,34.5,72.5,133.5,192.5,255.5,24,245,0,156,27.5,45.5,55.5,-38.2227,38.4874,-33.875,34.625,3.00237,39931,2401,100,401
1706673496020174138,23923,23923,9070,14853,0,0,0,0,0,0,255,132.436,38.3558,28.5,62.5,132.5,195.5,251.5,45,216,0,169,27.5,45.5,55.5,-37.8485,38.2911,-33.875,34.125,2.90253,39936,2451,100,642
1706673496120028507,23746,23746,9078,14668,0,0,0,17,0.00071591,0,255,130.442,40.3566,25.5,56.5,131.5,191.5,255.5,16,243,0,156,26.5,44.5,56.5,-38.4643,37.7466,-34.125,33.875,2.96077,39950,2434,100,695
1706673496219861897,23928,23928,9052,14876,0,0,0,14,0.000585089,4.18066,255,131.863,39.5219,29.5,59.5,132.5,196.5,242.5,0,192,0,151,27.5,45.5,56.5,-38.35,38.4401,-34.125,34.125,3.03803,39950,2409,100,854
1706673496319710463,23774,23774,9064,14710,0,0,0,15,0.000630941,0,255,132.949,37.5847,28.5,65.5,133.5,194.5,250.5,26,212,0,156,27.5,46.5,56.5,-38.4032,38.3944,-34.625,34.125,3.1355,39957,2324,100,545
1706673496419540897,23925,23925,8957,14968,0,0,0,16,0.000668757,0,255,134.96,33.9999,42.5,82.5,134.5,192.5,241.5,6,173,0,158,29.5,47.5,57.5,-38.4335,38.3645,-34.625,34.375,3.03447,39959,2008,100,580
1706673496520157470,23933,23933,8882,15051,0,0,0,13,0.000543183,0,255,133.904,34.6439,41.5,80.5,133.5,191.5,241.5,4,175,0,160,29.5,48.5,61.5,-38.3233,38.4599,-34.625,34.625,3.04752,39961,1774,100,543
1706673496620008958,23941,23941,8866,15075,0,0,0,17,0.000710079,0,255,133.079,33.3746,46.5,83.5,131.5,189.5,231.5,14,164,0,158,29.5,49.5,61.5,-38.4777,38.2804,-34.625,34.625,3.00473,39962,1846,100,409
1706673496719854768,23911,23911,8904,15007,0,0,0,12,0.000501861,0,255,133.817,33.9017,52.5,83.5,131.5,193.5,234.5,1,177,0,175,29.5,51.5,65.5,-38.2339,38.4973,-34.625,34.625,2.90964,39965,1737,100,478
1706673496819688196,23946,23946,9007,14939,0,0,0,17,0.000709931,0,255,133.005,34.7771,38.5,82.5,131.5,193.5,248.5,4,216,0,173,28.5,51.5,63.5,-38.5051,38.1895,-34.625,34.125,2.90846,39966,1527,100,487
1706673496919524643,23915,23915,9118,14797,0,0,0,9,0.000376333,0,255,134.138,32.2623,52.5,84.5,133.5,190.5,231.5,15,143,0,188,28.5,48.5,58.5,-38.1308,38.5079,-34.375,34.125,2.86923,39968,1851,100,435
1706673497020166824,23900,23900,9075,14825,0,0,0,18,0.000753138,4.1084,255,134.519,31.6861,55.5,86.5,133.5,191.5,229.5,0,116,0,156,28.5,44.5,55.5,-38.5102,38.072,-34.125,34.125,2.81337,39971,1929,100,427
1706673497120014959,23939,23939,9083,14856,0,0,0,9,0.000375956,0,255,134.942,33.6927,51.5,85.5,132.5,193.5,247.5,5,208,0,150,27.5,41.5,51.5,-38.1398,38.065,-34.125,34.125,2.93579,39971,2118,100,436
1706673497219839959,23816,23816,9061,14755,0,0,0,0,0,0,255,132.622,33.155,48.5,85.5,130.5,191.5,250.5,2,181,0,155,26.5,40.5,49.5,-37.9761,38.5037,-33.875,35.125,2.92391,39978,2361,100,368
1706673497319680920,23917,23917,9023,14894,0,0,0,17,0.000710791,0,255,134.012,32.2646,52.5,87.5,132.5,192.5,231.5,8,103,0,153,27.5,40.5,49.5,-38.4962,37.8734,-34.125,33.875,2.89062,39981,2125,100,440
1706673497419523118,23933,23933,8997,14936,0,0,0,13,0.000543183,0,255,133.814,31.0306,63.5,87.5,132.5,188.5,225.5,4,110,0,151,27.5,40.5,50.5,-38.2821,38.4738,-34.125,34.125,2.92747,39983,2045,100,396
1706673497520151913,23922,23922,9091,14831,0,0,0,16,0.00066884,0,255,134.28,31.4628,51.5,87.5,133.5,189.5,225.5,7,75,0,150,27.5,41.5,50.5,-38.4423,38.3392,-34.625,34.375,3.06059,39988,2037,100,424
1706673497619997854,23903,23903,8948,14955,0,0,0,15,0.000627536,0,255,135.557,31.8716,53.5,86.5,135.5,188.5,232.5,5,128,0,151,28.5,42.5,50.5,-38.3853,38.4113,-34.625,34.625,3.11883,39991,1937,100,558
1706673497719836502,23941,23941,8858,15083,0,0,0,15,0.00062654,4.24872,255,135.419,31.6546,62.5,87.5,134.5,189.5,222.5,0,91,0,156,28.5,43.5,50.5,-38.3813,38.4158,-34.625,34.625,3.00235,39993,1827,100,450
1706673497819673654,23896,23896,8851,15045,0,0,0,16,0.000669568,0,255,134.162,34.2948,41.5,82.5,133.5,190.5,240.5,11,177,0,155,27.5,43.5,52.5,-38.4363,38.3588,-34.625,34.625,2.88825,40002,2114,100,463
1706673497919501722,23928,23928,8940,14988,0,0,0,14,0.000585089,0,255,134.339,32.6358,46.5,86.5,133.5,188.5,233.5,6,118,0,154,28.5,44.5,52.5,-38.3232,38.4539,-34.625,34.625,6.72023,40003,2023,100,541
1706673498020143401,23915,23915,9028,14887,0,0,0,17,0.000710851,0,255,134.408,32.9888,47.5,84.5,133.5,189.5,238.5,8,164,0,155,27.5,45.5,53.5,-38.4816,38.2795,-34.625,34.125,2.91913,40011,2179,100,519
1706673498119989551,23895,23895,9144,14751,0,0,0,11,0.000460347,0,255,133.055,33.9889,38.5,80.5,132.5,189.5,243.5,10,188,0,154,27.5,44.5,55.5,-38.2141,38.4886,-34.125,34.125,2.89179,40013,2434,100,478
1706673498219817261,23839,23839,9062,14777,0,0,0,17,0.000713117,0,255,133.171,34.8589,40.5,78.5,131.5,192.5,243.5,6,198,0,155,26.5,43.5,53.5,-38.5102,37.9856,-34.125,34.125,2.78244,40018,2695,100,443
1706673498319645364,23645,23645,9112,14533,0,0,0,7,0.000296046,0,255,131.979,34.2556,36.5,78.5,131.5,189.5,241.5,48,158,0,156,25.5,42.5,53.5,-38.0693,38.1168,-34.125,34.125,3.07959,40047,3237,100,478
1706673498419882221,23549,23549,9095,14454,0,0,0,6,0.000254788,0,255,131.942,35.5387,35.5,73.5,130.5,193.5,239.5,41,146,0,173,25.5,42.5,54.5,-38.0521,38.5105,-34.125,34.375,2.7765,40056,3294,100,461
1706673498519717661,23815,23815,9062,14753,0,0,0,18,0.000755826,0,255,132.692,35.4642,39.5,79.5,131.5,194.5,250.5,15,193,0,155,26.5,42.5,52.5,-38.5089,38.1181,-34.125,35.125,2.96905,40061,2874,100,462
1706673498619560931,23899,23899,9020,14879,0,0,0,10,0.000418428,0,255,133.626,33.8456,46.5,82.5,132.5,196.5,234.5,7,151,0,154,27.5,43.5,52.5,-38.179,38.5046,-34.375,34.125,3.80105,40065,2291,100,429
1706673498720209452,23938,23938,8964,14974,0,0,0,17,0.000710168,0,255,134.442,34.0485,41.5,82.5,133.5,194.5,238.5,4,173,0,151,28.5,44.5,54.5,-38.4975,38.2208,-34.625,34.125,3.09385,40069,2004,100,461
1706673498820053986,23931,23931,9026,14905,0,0,0,13,0.000543228,0,255,133.676,33.5254,47.5,80.5,132.5,193.5,231.5,11,128,0,255,27.5,44.5,53.5,-38.2781,38.4733,-34.375,34.625,2.91081,40072,2069,100,522
1706673498919902601,23914,23914,8932,14982,0,0,0,17,0.000710881,0,255,133.102,33.4903,44.5,83.5,131.5,191.5,234.5,2,155,0,156,27.5,43.5,53.5,-38.4464,38.3402,-34.625,34.375,3.06532,40076,2197,100,412
1706673499019748704,23882,23882,8865,15017,0,0,0,15,0.000628088,0,255,133.321,33.9901,46.5,81.5,131.5,194.5,238.5,6,162,0,155,26.5,43.5,52.5,-38.3746,38.411,-34.625,34.625,3.14615,40079,2386,100,397
1706673499119596401,23838,23838,8905,14933,0,0,0,15,0.000629247,0,255,132.499,34.4727,42.5,81.5,130.5,191.5,250.5,26,204,0,155,26.5,41.5,51.5,-38.3809,38.412,-34.625,34.625,3.08315,40082,2634,100,396
1706673499219835964,23839,23839,9027,14812,0,0,0,17,0.000713117,0,255,131.85,33.7691,43.5,82.5,130.5,190.5,247.5,7,194,0,156,26.5,41.5,51.5,-38.4483,38.3263,-34.625,34.125,3.00708,40088,2688,100,392
1706673499319681174,23851,23851,9124,14727,0,0,0,13,0.000545051,0,255,132.364,32.7887,48.5,83.5,130.5,188.5,243.5,3,189,0,155,25.5,41.5,51.5,-38.2916,38.4704,-34.125,34.125,2.86327,40096,2700,100,439
1706673499419528767,23855,23855,9151,14704,0,0,0,17,0.000712639,0,255,132.057,33.5657,44.5,80.5,131.5,188.5,248.5,5,212,0,156,26.5,41.5,52.5,-38.4945,37.8341,-34.125,33.875,2.98688,40099,2668,100,422
1706673499520166304,23854,23854,9010,14844,0,0,0,0,0,0,255,132.772,33.8643,42.5,82.5,131.5,191.5,249.5,11,219,0,155,26.5,41.5,52.5,-37.9233,38.237,-33.875,33.875,2.90247,40104,2556,100,327
1706673499619998955,23936,23936,9037,14899,0,0,0,10,0.000417781,0,255,133.704,32.2698,50.5,85.5,132.5,190.5,251.5,1,236,0,156,26.5,41.5,52.5,-38.189,38.4965,-33.875,34.125,2.9821,40106,2331,100,430
1706673499719838973,23905,23905,9034,14871,0,0,0,18,0.000752981,0,255,133.021,32.5512,52.5,86.5,130.5,191.5,248.5,13,220,0,156,26.5,40.5,51.5,-38.5035,38.1182,-34.125,34.375,2.91792,40108,2357,100,435
1706673499819680998,23824,23824,9076,14748,0,0,0,12,0.000503694,0,255,132.309,31.9159,46.5,87.5,130.5,188.5,233.5,5,145,0,157,26.5,40.5,50.5,-38.0743,38.5022,-34.375,34.625,2.93456,40116,2432,100,298
1706673499919524804,23992,23992,9004,14988,0,0,0,18,0.00075025,0,255,133.016,29.45,59.5,94.5,130.5,183.5,238.5,10,146,0,150,26.5,39.5,49.5,-38.5109,38.1221,-34.625,34.375,3.03678,40116,2174,100,457
1706673500020162454,23867,23867,8958,14909,0,0,0,10,0.000418989,0,255,133.562,30.6662,53.5,90.5,130.5,186.5,234.5,4,133,0,155,27.5,39.5,49.5,-38.1837,38.5028,-34.375,34.625,2.93575,40118,2200,100,447
1706673500119992848,23904,23904,8944,14960,0,0,0,17,0.000711178,0,255,134.386,31.0851,52.5,87.5,133.5,188.5,225.5,2,95,0,154,27.5,41.5,50.5,-38.4896,38.2614,-34.625,34.375,3.12116,40124,1777,100,461
1706673500219833534,23956,23956,8924,15032,0,0,0,14,0.000584405,0,255,135.724,31.883,58.5,87.5,134.5,190.5,224.5,1,112,0,151,28.5,43.5,54.5,-38.3135,38.4533,-34.625,34.625,3.1378,40126,1814,100,521
1706673500319664735,23906,23906,8911,14995,0,0,0,16,0.000669288,0,255,134.576,33.0532,52.5,85.5,133.5,190.5,229.5,2,129,0,156,27.5,44.5,54.5,-38.4259,38.3583,-34.625,34.625,3.09858,40130,1881,100,376
1706673500419495993,23947,23947,8943,15004,0,0,0,15,0.000626383,0,255,135.289,32.1789,53.5,87.5,134.5,190.5,231.5,5,136,0,154,28.5,42.5,51.5,-38.3857,38.4071,-34.625,34.125,3.08788,40130,1796,100,440
1706673500520116938,23923,23923,9069,14854,0,0,0,15,0.000627012,0,255,134.204,33.0635,51.5,86.5,132.5,190.5,242.5,6,192,0,155,27.5,41.5,51.5,-38.3705,38.4248,-34.125,34.125,3.0237,40131,1893,100,368
1706673500619961282,23905,23905,9116,14789,0,0,0,16,0.000669316,0,255,134.072,32.7952,52.5,85.5,132.5,189.5,233.5,7,127,0,155,27.5,40.5,51.5,-38.448,37.6754,-34.125,33.625,2.95476,40139,2056,100,379
1706673500719811699,23912,23912,9170,14742,0,0,0,0,0,0,255,134.832,33.0274,57.5,88.5,131.5,197.5,243.5,4,200,0,151,27.5,40.5,50.5,-37.7879,38.3174,-33.875,34.125,2.92624,40141,2256,100,496
1706673500819641979,23929,23929,9030,14899,0,0,0,13,0.000543274,0,255,133.99,32.9426,54.5,87.5,132.5,193.5,239.5,1,176,0,156,26.5,40.5,49.5,-38.2721,38.4778,-33.875,34.125,2.76341,40141,2170,100,506
1706673500919875648,23923,23923,8978,14945,0,0,0,17,0.000710613,0,255,133.977,32.9786,53.5,86.5,131.5,194.5,239.5,21,140,0,150,27.5,40.5,49.5,-38.5011,38.2033,-34.125,34.375,2.97616,40145,2105,100,495
1706673501019716946,23921,23921,8996,14925,0,0,0,10,0.000418043,0,255,134.224,33.4047,53.5,84.5,132.5,195.5,242.5,3,183,0,153,27.5,41.5,52.5,-38.161,38.5088,-34.375,34.625,2.96782,40148,2050,100,447
1706673501119559305,23925,23925,9000,14925,0,0,0,17,0.000710554,0,255,134.109,33.6191,53.5,84.5,132.5,195.5,242.5,12,133,0,154,27.5,41.5,51.5,-38.5067,38.0886,-34.625,34.375,3.12471,40150,2034,100,527
1706673501220186113,23924,23924,8981,14943,0,0,0,13,0.000543387,0,255,135.119,33.7056,60.5,84.5,132.5,195.5,237.5,4,138,0,154,28.5,42.5,52.5,-38.0935,38.5066,-34.625,34.625,3.07835,40153,2012,100,525
1706673501320027354,23925,23925,8962,14963,0,0,0,17,0.000710554,0,255,134.073,33.5783,50.5,83.5,132.5,194.5,235.5,7,140,0,154,28.5,44.5,54.5,-38.514,38.1558,-34.625,34.375,3.12114,40154,1956,100,423
1706673501419860729,23906,23906,8963,14943,0,0,0,11,0.000460136,4.06724,255,134.277,34.1013,52.5,84.5,132.5,194.5,247.5,0,205,0,153,27.5,44.5,54.5,-38.2169,38.5022,-34.375,34.625,2.94286,40158,1920,100,515
1706673501519682974,23919,23919,8930,14989,0,0,0,17,0.000710732,0,255,133.882,34.2064,45.5,82.5,132.5,195.5,232.5,1,143,0,156,27.5,44.5,54.5,-38.4813,38.2779,-34.625,34.375,2.79785,40159,2013,100,594
1706673501619521063,23919,23919,9024,14895,0,0,0,14,0.000585309,0,255,133.906,33.6624,50.5,83.5,132.5,194.5,243.5,6,189,0,156,27.5,43.5,58.5,-38.3245,38.4547,-34.625,34.125,2.83945,40161,2060,100,458
1706673501720166847,23895,23895,9052,14843,0,0,0,16,0.000669596,0,255,133.148,33.5551,48.5,82.5,131.5,192.5,241.5,11,190,0,163,26.5,42.5,51.5,-38.4299,38.3596,-34.125,34.125,2.92622,40171,2507,100,570
1706673501820008864,23829,23829,9130,14699,0,0,0,16,0.000671451,0,255,132.302,33.4865,36.5,82.5,130.5,189.5,236.5,7,146,0,156,25.5,41.5,51.5,-38.4122,37.5948,-34.125,33.625,2.92622,40183,3015,100,515
1706673501919832214,23590,23590,9134,14456,0,0,0,0,0,0,255,132.193,35.533,35.5,77.5,130.5,195.5,242.5,29,204,0,154,25.5,41.5,52.5,-37.6186,38.3905,-33.875,34.125,2.9072,40216,3160,100,512
1706673502019676095,23767,23767,9113,14654,0,0,0,15,0.000631127,0,255,133.525,35.1205,36.5,79.5,131.5,193.5,252.5,9,207,0,154,25.5,43.5,53.5,-38.3642,38.4334,-34.125,34.125,2.97019,40312,2938,100,636
1706673502119516126,23790,23790,9013,14777,0,0,0,17,0.000714586,0,255,133.295,37.7852,31.5,69.5,131.5,198.5,255.5,22,240,0,154,25.5,44.5,55.5,-38.4564,38.3056,-34.125,34.625,2.99515,40323,2967,100,589
1706673502220156705,23686,23686,8928,14758,0,0,0,12,0.000506628,0,255,132.703,37.9155,28.5,66.5,131.5,197.5,255.5,35,237,0,156,25.5,44.5,55.5,-38.2523,38.4832,-34.625,34.625,2.88462,40338,3044,100,648
1706673502320003309,23762,23762,8926,14836,0,0,0,17,0.000715428,0,255,130.658,38.7078,23.5,60.5,131.5,192.5,255.5,81,275,0,154,25.5,44.5,55.5,-38.4974,38.1993,-34.625,34.375,2.92978,40348,2768,100,689
1706673502419856773,23768,23768,9017,14751,0,0,0,10,0.000420734,0,255,131.37,38.6362,24.5,60.5,132.5,192.5,255.5,43,251,0,156,26.5,44.5,55.5,-38.1147,38.5051,-34.375,34.625,3.00823,40374,2788,100,632
1706673502519701114,23558,23558,8983,14575,0,0,0,18,0.000764072,0,255,131.986,37.9271,25.5,63.5,131.5,193.5,247.5,40,201,0,182,25.5,43.5,55.5,-38.503,38.0884,-34.625,34.625,3.08784,40418,3140,100,594
1706673502619539125,23433,23433,8986,14447,0,0,0,9,0.000384074,0,255,131.618,37.9732,15.5,64.5,132.5,192.5,248.5,38,205,0,156,25.5,43.5,59.5,-38.151,38.506,-34.375,34.625,3.00464,40456,3251,100,556
1706673502720168213,23368,23368,8989,14379,0,0,0,17,0.000727491,0,255,130.754,38.7396,14.5,58.5,130.5,194.5,255.5,29,251,0,165,25.5,42.5,58.5,-38.4975,38.2136,-34.625,34.625,2.78832,40475,3327,100,619
1706673502820027331,23605,23605,9012,14593,0,0,0,12,0.000508367,0,255,130.37,36.907,21.5,62.5,130.5,192.5,240.5,49,195,0,154,25.5,43.5,56.5,-38.2428,38.4853,-34.625,34.125,2.9357,40498,3318,100,543
1706673502919870392,23727,23727,9049,14678,0,0,0,16,0.000674337,0,255,131.939,35.5142,32.5,76.5,130.5,194.5,239.5,22,182,0,156,25.5,42.5,52.5,-38.4708,38.3041,-34.125,34.125,2.92501,40517,3277,100,486
1706673503019724741,23809,23809,9114,14695,0,0,0,15,0.000630014,0,255,132.011,33.4985,37.5,82.5,130.5,186.5,248.5,2,176,0,155,25.5,41.5,52.5,-38.3525,37.7204,-34.125,33.875,2.95829,40524,2976,100,480
1706673503119564450,23842,23842,9170,14672,0,0,0,0,0,0,255,132.356,30.0897,46.5,91.5,130.5,184.5,235.5,5,157,0,155,25.5,41.5,50.5,-37.6352,38.4342,-33.625,34.125,2.94165,40526,2796,100,566
1706673503220199713,23883,23883,9071,14812,0,0,0,16,0.000669933,0,255,132.795,30.0309,48.5,94.5,130.5,185.5,229.5,9,181,0,151,25.5,41.5,50.5,-38.4121,38.382,-34.125,34.375,2.83943,40530,2564,100,469
1706673503320046286,23910,23910,8974,14936,0,0,0,16,0.000669176,0,255,133.391,30.8507,54.5,91.5,129.5,190.5,237.5,14,130,0,155,26.5,42.5,51.5,-38.4253,38.3651,-34.125,34.625,3.06169,40532,2389,100,508
1706673503419902286,23921,23921,8964,14957,0,0,0,13,0.000543456,0,255,133.299,31.2862,59.5,92.5,129.5,191.5,239.5,9,160,0,155,27.5,42.5,52.5,-38.3209,38.4613,-34.375,34.625,3.01058,40534,2208,100,460
1706673503519734709,23908,23908,8870,15038,0,0,0,17,0.000711059,0,255,132.894,31.5216,51.5,91.5,129.5,188.5,235.5,37,152,0,154,27.5,43.5,52.5,-38.4816,38.252,-34.625,34.375,2.988,40536,2074,100,457
1706673503619571759,23936,23936,8908,15028,0,0,0,11,0.000459559,0,255,133.224,29.7193,67.5,91.5,130.5,185.5,226.5,2,122,0,151,27.5,44.5,52.5,-38.2028,38.5031,-34.375,34.625,3.0914,40540,1948,100,539
1706673503720197314,23937,23937,8976,14961,0,0,0,17,0.000710198,0,255,133.99,30.6772,65.5,90.5,131.5,187.5,229.5,2,137,0,151,27.5,44.5,52.5,-38.5028,38.1536,-34.625,34.375,3.4753,40542,1803,100,498
1706673503820036343,23957,23957,9009,14948,0,0,0,13,0.000542639,0,255,133.924,30.838,68.5,90.5,131.5,190.5,229.5,5,116,0,159,27.5,44.5,53.5,-38.0947,38.5113,-34.375,34.625,3.08071,40542,1896,100,377
1706673503919883187,23896,23896,9020,14876,0,0,0,18,0.000753264,0,255,133.668,31.6231,63.5,87.5,131.5,189.5,230.5,7,137,0,155,27.5,44.5,53.5,-38.506,38.0918,-34.125,34.375,3.09734,40546,2018,100,282
1706673504019728595,23933,23933,9030,14903,0,0,0,10,0.000417833,0,255,134.063,32.2246,66.5,85.5,131.5,192.5,234.5,4,138,0,154,27.5,43.5,51.5,-38.1665,38.4999,-34.875,34.125,3.03314,40548,1759,100,308
1706673504119564318,23954,23954,9023,14931,0,0,0,17,0.000709694,0,255,133.957,33.1691,66.5,84.5,130.5,197.5,248.5,5,201,0,152,28.5,44.5,53.5,-38.4904,38.2315,-34.125,33.875,3.10089,40548,1807,100,243
1706673504220204204,23959,23959,9054,14905,0,0,0,13,0.000542594,0,255,133.485,31.1049,68.5,85.5,131.5,190.5,231.5,7,119,0,153,28.5,43.5,53.5,-38.2875,37.8538,-34.125,33.875,3.02839,40548,1801,100,244
1706673504320029976,23896,23896,9148,14748,0,0,0,0,0,0,255,133.727,31.8413,64.5,83.5,131.5,190.5,235.5,13,121,0,164,28.5,44.5,53.5,-37.7561,38.4744,-33.875,34.125,2.95232,40551,1723,100,242
1706673504419864958,23964,23964,9090,14874,0,0,0,17,0.000709397,0,255,133.569,32.3957,64.5,83.5,131.5,193.5,234.5,4,111,0,157,28.5,44.5,53.5,-38.4528,38.3343,-34.125,34.125,2.97609,40553,1855,100,204
1706673504519700712,23899,23899,9016,14883,0,0,0,15,0.000627641,0,255,134.913,31.804,65.5,85.5,132.5,192.5,233.5,3,120,0,159,28.5,44.5,53.5,-38.3687,38.4326,-34.125,34.625,2.98917,40554,1708,100,217
1706673504619525850,23972,23972,8882,15090,0,0,0,14,0.000584015,0,255,134.197,32.5741,64.5,85.5,131.5,192.5,238.5,11,125,0,184,28.5,44.5,54.5,-38.3867,38.403,-34.375,34.625,3.08425,40554,1659,100,244
1706673504720166011,23910,23910,8878,15032,0,0,0,16,0.000669176,0,255,133.461,34.669,61.5,84.5,129.5,197.5,251.5,7,211,0,163,28.5,44.5,57.5,-38.4356,38.3507,-34.625,34.625,3.02839,40559,1637,100,217
1706673504820000789,23947,23947,8915,15032,0,0,0,13,0.000542865,0,255,133.393,34.166,58.5,84.5,129.5,194.5,248.5,3,211,0,152,28.5,44.5,56.5,-38.2955,38.4638,-34.375,34.625,3.11396,40560,1696,100,219
1706673504919845746,23898,23898,8970,14928,0,0,0,17,0.000711357,0,255,133.796,33.4978,65.5,83.5,130.5,194.5,239.5,7,151,0,153,28.5,45.5,58.5,-38.4859,38.2412,-34.625,34.625,3.08068,40561,1613,100,237
1706673505019693053,23913,23913,9017,14896,0,0,0,10,0.000418183,0,255,134.108,34.7641,64.5,84.5,130.5,199.5,246.5,7,202,0,152,28.5,46.5,59.5,-38.1901,38.5001,-34.125,34.625,2.97847,40561,1580,100,242
1706673505119519352,23923,23923,8957,14966,0,0,0,16,0.000668812,0,255,134.115,35.4732,61.5,83.5,128.5,201.5,255.5,4,260,0,153,27.5,46.5,63.5,-38.5067,38.1367,-33.875,34.375,2.92142,40562,1494,100,351
1706673505220162675,23918,23918,9082,14836,0,0,0,7,0.000292667,0,255,133.75,33.8928,67.5,84.5,129.5,195.5,242.5,2,179,0,151,27.5,47.5,65.5,-38.0592,38.5076,-34.375,34.125,2.98322,40564,1642,100,432
1706673505319996068,23900,23900,9077,14823,0,0,0,22,0.000920502,0,255,134.567,36.3685,62.5,84.5,129.5,199.5,255.5,7,428,0,154,27.5,47.5,65.5,-38.5095,38.1341,-34.625,34.125,3.04384,40565,1486,100,372
1706673505419829856,23933,23933,9027,14906,0,0,0,11,0.000459616,0,255,133.623,33.7232,68.5,84.5,129.5,194.5,234.5,8,142,0,150,28.5,47.5,60.5,-38.1959,37.9896,-33.875,33.875,3.07115,40567,1462,100,390
1706673505519665773,23934,23934,9021,14913,0,0,0,0,0,0,255,133.748,33.7317,67.5,85.5,129.5,195.5,248.5,1,217,0,153,28.5,47.5,60.5,-37.9028,38.4971,-33.875,34.125,2.9523,40567,1448,100,403
1706673505619501836,23927,23927,9065,14862,0,0,0,16,0.000668701,0,255,134.101,34.5565,67.5,84.5,129.5,196.5,243.5,8,221,0,153,28.5,47.5,64.5,-38.4811,38.2681,-34.125,34.125,2.93804,40569,1486,100,351
1706673505720146052,23921,23921,9047,14874,0,0,0,13,0.000543456,0,255,134.375,34.1786,67.5,84.5,130.5,197.5,237.5,3,192,0,155,28.5,47.5,63.5,-38.3035,38.463,-34.125,34.625,2.86078,40570,1533,100,206
1706673505819980880,23899,23899,8918,14981,0,0,0,16,0.000669484,0,255,134.358,35.2699,67.5,85.5,129.5,198.5,254.5,14,237,0,154,28.5,46.5,63.5,-38.4303,38.361,-34.625,34.625,3.02123,40573,1594,100,221
1706673505919811401,23921,23921,8815,15106,0,0,0,15,0.000627064,0,255,135.081,36.1885,67.5,84.5,130.5,204.5,255.5,7,240,0,153,28.5,47.5,65.5,-38.3867,38.4127,-34.375,34.625,2.83107,40575,1556,100,194
1706673506019658226,23904,23904,8854,15050,0,0,0,13,0.000543842,0,255,135.188,36.5272,67.5,85.5,130.5,202.5,255.5,6,241,0,153,28.5,49.5,71.5,-38.366,38.4346,-34.375,34.625,2.74193,40578,1539,100,212
1706673506119891622,23921,23921,8978,14943,0,0,0,16,0.000668868,0,255,135.849,37.9171,68.5,84.5,130.5,208.5,255.5,5,432,0,153,28.5,49.5,70.5,-38.4521,38.3292,-34.625,34.625,2.75382,40579,1563,100,283
1706673506219726864,23905,23905,9070,14835,0,0,0,13,0.000543819,0,255,136.139,37.8349,67.5,82.5,131.5,205.5,255.5,6,307,0,154,29.5,50.5,73.5,-38.2745,38.4738,-34.125,34.625,2.88693,40584,1561,100,209
1706673506319565506,23936,23936,9028,14908,0,0,0,18,0.000752005,0,255,135.845,36.9651,68.5,84.5,131.5,204.5,255.5,11,257,0,154,29.5,50.5,73.5,-38.4955,38.2121,-34.125,34.125,3.00578,40584,1577,100,217
1706673506420200474,23935,23935,9046,14889,0,0,0,0,0,0,255,135.722,36.1308,68.5,84.5,132.5,202.5,251.5,6,225,0,153,29.5,48.5,68.5,-37.9803,38.5125,-33.875,34.125,3.05689,40584,1645,100,252
1706673506520031367,23905,23905,9100,14805,0,0,0,20,0.000836645,0,255,133.632,34.9928,66.5,81.5,131.5,197.5,236.5,10,115,0,153,29.5,49.5,67.5,-38.5081,38.0638,-34.625,34.125,4.38923,40585,1683,100,164
1706673506619882393,23900,23900,9098,14802,0,0,0,16,0.000669456,0,255,133.917,35.7078,65.5,81.5,130.5,198.5,252.5,17,233,0,153,29.5,49.5,66.5,-38.4616,38.0642,-34.375,33.875,3.38136,40586,1681,100,157
1706673506719723266,23942,23942,9047,14895,0,0,0,2,8.35352e-05,0,255,134.368,35.6488,67.5,83.5,130.5,199.5,254.5,6,238,0,151,29.5,49.5,65.5,-38.0043,38.5107,-33.875,34.125,3.09968,40586,1612,100,232
1706673506819562305,23927,23927,8967,14960,0,0,0,18,0.000752288,0,255,134.571,37.3496,64.5,80.5,131.5,201.5,255.5,13,346,0,153,29.5,52.5,69.5,-38.5041,38.1706,-34.125,34.375,3.1365,40587,1588,100,220
1706673506920189583,23917,23917,9036,14881,0,0,0,11,0.000459924,0,255,134.332,36.5532,64.5,80.5,130.5,199.5,255.5,5,250,0,154,29.5,52.5,69.5,-38.2201,38.4983,-34.125,34.625,2.89998,40588,1469,100,291
1706673507020035600,23919,23919,8924,14995,0,0,0,17,0.000710732,0,255,133.922,35.8382,61.5,79.5,130.5,198.5,232.5,9,152,0,154,30.5,52.5,67.5,-38.4807,38.2581,-34.625,34.625,2.87027,40588,1629,100,226
1706673507119888926,23947,23947,8912,15035,0,0,0,14,0.000584624,0,255,133.742,34.8498,61.5,81.5,131.5,196.5,239.5,11,155,0,153,29.5,52.5,67.5,-38.3227,38.4513,-34.375,34.625,2.97367,40589,1691,100,170
1706673507219735557,23954,23954,8845,15109,0,0,0,16,0.000667947,0,255,134.404,34.4333,62.5,82.5,131.5,198.5,236.5,10,152,0,153,30.5,52.5,68.5,-38.4166,38.3732,-34.625,34.625,2.89285,40592,1706,100,173
1706673507319576268,23913,23913,8897,15016,0,0,0,15,0.000627274,0,255,134.712,34.4684,61.5,83.5,132.5,198.5,234.5,9,165,0,154,30.5,53.5,68.5,-38.4095,38.3854,-34.625,34.625,3.07707,40596,1585,100,191
1706673507420220305,23953,23953,9062,14891,0,0,0,14,0.000584478,0,255,134.283,32.5765,65.5,85.5,131.5,193.5,229.5,6,108,0,159,30.5,55.5,69.5,-38.3375,38.4438,-34.125,34.625,3.14601,40597,1669,100,190
1706673507520058534,23937,23937,9134,14803,0,0,0,17,0.000710198,0,255,135.214,33.0515,68.5,86.5,132.5,196.5,236.5,6,141,0,150,30.5,56.5,70.5,-38.4654,38.2861,-34.125,34.125,3.0842,40600,1642,100,225
1706673507619898346,23923,23923,9026,14897,0,0,0,0,0,0,255,135.285,33.4387,68.5,85.5,132.5,195.5,235.5,12,135,0,154,30.5,55.5,69.5,-37.8431,38.4914,-33.875,34.125,3.14125,40600,1684,100,202
1706673507719740915,23948,23948,9011,14937,0,0,0,12,0.000501086,0,255,135.391,32.9465,67.5,86.5,132.5,196.5,236.5,14,87,0,154,30.5,56.5,70.5,-38.2435,37.9326,-33.875,33.875,3.05211,40602,1631,100,222
1706673507819583572,23937,23937,9050,14887,0,0,0,16,0.000668421,0,255,135.002,32.6461,66.5,85.5,132.5,193.5,229.5,9,100,0,153,30.5,56.5,68.5,-38.5017,38.175,-34.375,33.875,3.12699,40606,1658,100,192
1706673507920215148,23862,23862,9064,14798,0,0,0,8,0.000335261,0,255,135.099,34.008,64.5,85.5,131.5,195.5,253.5,18,195,0,152,30.5,56.5,67.5,-38.1169,38.5092,-34.125,34.125,2.81085,40607,1671,100,193
1706673508020049207,23923,23923,9015,14908,0,0,0,17,0.000710613,0,255,135.325,32.8862,65.5,86.5,132.5,195.5,233.5,20,127,0,151,30.5,54.5,64.5,-38.5076,38.0689,-34.125,34.375,2.94752,40608,1673,100,214
1706673508119893182,23933,23933,9015,14918,0,0,0,9,0.00037605,0,255,135.32,31.9809,67.5,87.5,132.5,192.5,232.5,12,128,0,152,30.5,52.5,63.5,-38.1274,38.5087,-34.375,34.625,3.06994,40612,1725,100,202
1706673508219717096,23963,23963,8984,14979,0,0,0,17,0.000709427,0,255,134.907,31.3017,68.5,88.5,132.5,191.5,227.5,4,88,0,150,30.5,49.5,61.5,-38.4977,38.2011,-34.625,34.375,2.84175,40612,1724,100,242
1706673508319544067,23932,23932,8881,15051,0,0,0,12,0.000501421,0,255,134.942,30.7479,70.5,88.5,132.5,191.5,226.5,6,70,0,156,30.5,47.5,58.5,-38.2492,38.4876,-34.375,34.625,2.87619,40614,1714,100,308
1706673508420179268,23921,23921,8922,14999,0,0,0,17,0.000710673,0,255,134.016,31.0833,64.5,87.5,131.5,187.5,232.5,15,111,0,154,30.5,47.5,58.5,-38.4644,38.3009,-34.625,34.375,2.91541,40614,1676,100,285
1706673508520010929,23946,23946,8905,15041,0,0,0,15,0.000626409,0,255,134.796,30.9204,68.5,88.5,133.5,189.5,225.5,9,83,0,227,29.5,45.5,56.5,-38.3568,38.4301,-34.375,34.625,2.94394,40614,1711,100,306
1706673508619838851,23952,23952,9009,14943,0,0,0,16,0.000668003,0,255,135.593,31.9236,68.5,85.5,133.5,193.5,232.5,1,139,0,150,29.5,45.5,54.5,-38.4016,38.392,-34.125,34.625,2.85123,40615,1765,100,301
1706673508719679814,23914,23914,9083,14831,0,0,0,16,0.000669064,0,255,134.645,31.8486,61.5,84.5,133.5,191.5,227.5,15,101,0,153,29.5,45.5,54.5,-38.4302,38.3596,-34.125,34.125,3.03426,40621,1811,100,325
1706673508819523833,23947,23947,9147,14800,0,0,0,0,0,0,255,134.404,32.1236,67.5,85.5,131.5,192.5,229.5,6,116,0,155,29.5,45.5,55.5,-37.6798,38.4529,-33.625,34.125,2.99148,40623,1761,100,205
1706673508920154493,23924,23924,9054,14870,0,0,0,14,0.000585186,0,255,134.945,32.8762,70.5,85.5,131.5,195.5,237.5,9,127,0,153,29.5,46.5,57.5,-38.3288,37.764,-34.125,33.875,3.12697,40623,1639,100,203
1706673509020008832,23933,23933,9026,14907,0,0,0,17,0.000710316,0,255,134.574,33.3635,62.5,85.5,132.5,194.5,237.5,8,115,0,154,29.5,47.5,59.5,-38.4708,38.2806,-34.125,33.875,3.1757,40625,1615,100,245
1706673509119851720,23922,23922,9018,14904,0,0,0,12,0.00050163,0,255,135.449,33.3119,67.5,86.5,132.5,196.5,234.5,11,114,0,154,29.5,49.5,62.5,-38.2152,38.4918,-34.875,34.125,3.01525,40626,1674,100,199
1706673509219675812,23922,23922,9015,14907,0,0,0,17,0.000710643,0,255,135.335,33.476,66.5,85.5,132.5,197.5,240.5,6,154,0,153,29.5,48.5,60.5,-38.5076,38.1488,-34.375,34.375,2.98672,40630,1737,100,205
1706673509319513203,23942,23942,9005,14937,0,0,0,12,0.000501211,0,255,135.129,33.2622,68.5,86.5,132.5,196.5,240.5,12,168,0,154,29.5,48.5,61.5,-38.0649,38.517,-34.375,34.625,3.04615,40631,1623,100,207
1706673509420152984,23898,23898,9043,14855,0,0,0,18,0.000753201,0,255,134.161,32.5036,63.5,85.5,131.5,192.5,228.5,15,148,0,152,29.5,48.5,59.5,-38.5067,38.1095,-34.625,34.375,3.06517,40632,1650,100,180
1706673509519986855,23908,23908,8893,15015,0,0,0,10,0.00041827,0,255,134.763,32.7745,66.5,87.5,132.5,194.5,234.5,9,107,0,153,29.5,47.5,59.5,-38.1667,38.5008,-34.375,34.625,2.87738,40632,1607,100,204
1706673509619836015,23974,23974,8866,15108,0,0,0,17,0.000709102,0,255,134.541,31.3476,66.5,87.5,132.5,191.5,230.5,11,106,0,153,29.5,47.5,57.5,-38.4938,38.23,-34.625,34.375,2.92968,40632,1636,100,243
1706673509719665134,23945,23945,8933,15012,0,0,0,12,0.000501148,0,255,134.556,31.2839,61.5,88.5,133.5,191.5,222.5,6,113,0,152,29.5,45.5,55.5,-38.2731,38.4715,-34.375,34.625,2.96412,40639,1733,100,260
1706673509819506794,23953,23953,9010,14943,0,0,0,16,0.000667975,0,255,134.209,31.4237,66.5,86.5,132.5,187.5,230.5,9,142,0,151,29.5,44.5,54.5,-38.456,38.3187,-34.125,34.625,2.83695,40642,1758,100,260
1706673509920150350,23942,23942,9100,14842,0,0,0,15,0.000626514,0,255,134.382,31.9219,68.5,87.5,132.5,190.5,240.5,5,144,0,152,29.5,45.5,54.5,-38.3604,38.4343,-34.125,34.125,2.90826,40646,1776,100,269
1706673510019993501,23939,23939,9149,14790,0,0,0,0,0,0,255,134.476,31.3353,64.5,88.5,132.5,190.5,240.5,5,134,0,154,29.5,44.5,53.5,-37.5982,38.4105,-33.625,34.125,2.89638,40647,1830,100,282
1706673510119824504,23908,23908,9062,14846,0,0,0,16,0.000669232,0,255,133.742,30.6669,65.5,86.5,132.5,187.5,225.5,5,99,0,155,29.5,45.5,53.5,-38.3837,37.6453,-34.125,33.625,2.82388,40653,1740,100,285
1706673510219653773,23956,23956,9057,14899,0,0,0,17,0.000709634,0,255,134.837,32.0239,63.5,87.5,132.5,191.5,247.5,10,199,0,152,29.5,44.5,54.5,-38.4488,38.3478,-34.125,34.125,3.02474,40656,1756,100,292
1706673510319888392,23947,23947,9015,14932,0,0,0,13,0.000542865,0,255,134.986,32.0409,66.5,87.5,133.5,192.5,239.5,7,147,0,153,29.5,44.5,53.5,-38.2954,38.4682,-34.375,34.125,3.01641,40662,1702,100,283
1706673510419719276,23926,23926,8962,14964,0,0,0,17,0.000710524,0,255,134.851,33.2671,66.5,84.5,133.5,192.5,244.5,13,179,0,152,29.5,44.5,55.5,-38.4885,38.2431,-34.625,34.625,3.03662,40665,1779,100,305
1706673510519545638,23925,23925,8954,14971,0,0,0,11,0.00045977,0,255,133.956,33.8572,62.5,83.5,132.5,194.5,240.5,17,162,0,153,29.5,44.5,58.5,-38.1956,38.5008,-34.375,34.625,3.00097,40668,1769,100,330
1706673510620178629,23915,23915,8937,14978,0,0,0,18,0.000752666,0,255,134.661,34.744,61.5,83.5,132.5,196.5,235.5,11,151,0,153,29.5,45.5,60.5,-38.5077,38.142,-34.625,34.375,2.93203,40673,1626,100,266
1706673510720010543,23959,23959,9030,14929,0,0,0,13,0.000542594,0,255,134.385,34.4256,65.5,83.5,131.5,193.5,246.5,12,231,0,153,29.5,45.5,61.5,-38.0873,38.5107,-34.375,34.625,2.90826,40675,1614,100,204
1706673510819839363,23961,23961,8932,15029,0,0,0,18,0.000751221,0,255,135.446,34.5783,65.5,85.5,133.5,197.5,240.5,13,171,0,153,29.5,46.5,61.5,-38.5101,38.1035,-34.625,34.375,2.96412,40675,1702,100,183
1706673510919682995,23952,23952,8944,15008,0,0,0,10,0.000417502,0,255,135.219,34.2811,66.5,84.5,133.5,194.5,236.5,22,142,0,156,29.5,46.5,60.5,-38.1752,38.5035,-34.375,34.625,2.93916,40675,1675,100,207
1706673511019507168,23953,23953,8967,14986,0,0,0,17,0.000709723,0,255,134.512,34.9218,66.5,83.5,131.5,197.5,250.5,12,221,0,155,29.5,46.5,59.5,-38.4873,38.2374,-34.125,34.375,2.90707,40679,1670,100,202
1706673511120155784,23941,23941,9092,14849,0,0,0,13,0.000543002,0,255,134.117,33.6055,65.5,84.5,131.5,194.5,232.5,7,92,0,153,30.5,47.5,59.5,-38.299,38.4743,-34.125,34.125,2.91181,40681,1655,100,182
1706673511219996551,23931,23931,9135,14796,0,0,0,0,0,0,255,134.242,34.6187,66.5,82.5,132.5,195.5,236.5,12,131,0,154,29.5,48.5,60.5,-37.7442,38.3527,-33.875,34.125,3.05918,40684,1660,100,184
1706673511319823415,23958,23958,9123,14835,0,0,0,16,0.000667835,0,255,134.83,34.9144,68.5,83.5,132.5,197.5,237.5,3,162,0,153,29.5,49.5,63.5,-38.4403,37.6373,-34.125,33.625,3.04611,40685,1662,100,185
1706673511419668240,23903,23903,9018,14885,0,0,0,15,0.000627536,0,255,135.152,36.2823,66.5,82.5,132.5,203.5,255.5,3,270,0,154,30.5,50.5,67.5,-38.3868,38.4139,-34.125,34.125,3.00213,40686,1623,100,213
1706673511519496098,23946,23946,8962,14984,0,0,0,15,0.000626409,0,255,134.908,36.7978,57.5,80.5,132.5,200.5,246.5,11,202,0,153,30.5,51.5,65.5,-38.3685,38.4231,-34.375,34.125,3.02709,40686,1750,100,227
1706673511620136981,23926,23926,8973,14953,0,0,0,16,0.000668729,0,255,134.454,35.3029,61.5,83.5,132.5,198.5,233.5,18,155,0,150,30.5,51.5,64.5,-38.4468,38.3415,-34.625,34.625,2.97004,40690,1629,100,218
1706673511719984637,23960,23960,8974,14986,0,0,0,13,0.000542571,0,255,135.458,35.4961,65.5,83.5,132.5,199.5,241.5,5,201,0,153,30.5,51.5,66.5,-38.285,38.4733,-34.375,34.625,2.97242,40691,1712,100,219
1706673511819818709,23955,23955,8952,15003,0,0,0,17,0.000709664,0,255,135.373,34.3789,62.5,84.5,134.5,195.5,249.5,12,217,0,153,30.5,50.5,64.5,-38.4854,38.2281,-34.625,34.375,2.82029,40691,1716,100,248
1706673511919643837,23940,23940,8929,15011,0,0,0,10,0.000417711,0,255,135.224,33.7781,63.5,86.5,133.5,196.5,249.5,12,207,0,154,30.5,50.5,62.5,-38.167,38.498,-34.375,34.625,2.99738,40691,1722,100,281
1706673512019886974,23935,23935,9027,14908,0,0,0,17,0.000710257,0,255,134.814,33.4665,62.5,84.5,134.5,194.5,242.5,8,199,0,155,30.5,49.5,61.5,-38.5102,38.0886,-34.625,34.375,3.06988,40698,1628,100,344
1706673512119738234,23954,23954,9008,14946,0,0,0,12,0.00050096,0,255,135.462,32.685,58.5,84.5,134.5,193.5,226.5,9,94,0,152,30.5,49.5,60.5,-38.101,38.5048,-34.375,34.625,3.03303,40700,1712,100,369
1706673512219562924,23906,23906,9006,14900,0,0,0,17,0.000711119,0,255,135.424,33.1957,59.5,85.5,134.5,192.5,235.5,9,155,0,153,30.5,50.5,61.5,-38.5065,38.164,-34.125,34.375,3.02353,40707,1737,100,353
1706673512320212350,23930,23930,9017,14913,0,0,0,11,0.000459674,0,255,135.535,32.9209,60.5,87.5,134.5,194.5,234.5,1,159,0,153,30.5,50.5,62.5,-38.2114,38.4911,-33.875,34.125,3.0568,40707,1806,100,290
1706673512420041903,23958,23958,9134,14824,0,0,0,0,0,0,255,135.625,33.5512,58.5,85.5,134.5,193.5,232.5,7,128,0,161,30.5,49.5,59.5,-37.8892,38.2622,-33.875,33.875,3.14713,40709,1772,100,352
1706673512519882934,23958,23958,9136,14822,0,0,0,17,0.000709575,0,255,135.72,34.1517,57.5,86.5,133.5,196.5,237.5,11,104,0,151,30.5,50.5,62.5,-38.4815,37.7925,-34.125,33.875,2.92964,40709,1703,100,321
1706673512619725561,23925,23925,9105,14820,0,0,0,14,0.000585162,0,255,135.033,34.9542,55.5,85.5,132.5,197.5,252.5,19,200,0,159,31.5,51.5,65.5,-38.3113,38.4567,-34.125,34.125,2.82027,40713,1658,100,304
1706673512719560248,23948,23948,8959,14989,0,0,0,17,0.000709871,0,255,135.722,34.14,59.5,83.5,133.5,196.5,235.5,24,101,0,150,31.5,51.5,63.5,-38.4387,38.3473,-34.625,34.125,2.86662,40713,1768,100,294
1706673512820190373,23966,23966,8918,15048,0,0,0,16,0.000667612,0,255,135.996,35.5542,58.5,83.5,133.5,201.5,245.5,10,206,0,150,30.5,49.5,63.5,-38.4012,38.3978,-34.375,34.625,2.82265,40715,1764,100,245
1706673512920043432,23968,23968,8916,15052,0,0,0,15,0.000625834,0,255,135.344,33.3758,57.5,85.5,133.5,195.5,233.5,10,121,0,160,30.5,49.5,60.5,-38.3544,38.435,-34.375,34.625,3.09719,40716,1748,100,266
1706673513019885246,23926,23926,9024,14902,0,0,0,16,0.000668729,0,255,135.795,34.6055,59.5,83.5,133.5,197.5,240.5,13,133,0,156,30.5,50.5,63.5,-38.4593,38.3,-34.625,34.375,2.95814,40722,1753,100,244
1706673513119716966,23952,23952,8962,14990,0,0,0,13,0.000542752,0,255,135.235,36.6571,51.5,82.5,131.5,200.5,242.5,12,141,0,153,30.5,51.5,64.5,-38.2532,38.4839,-34.375,34.625,2.88207,40725,1748,100,181
1706673513219566080,23929,23929,8928,15001,0,0,0,17,0.000710435,0,255,135.363,36.3055,54.5,82.5,132.5,202.5,239.5,13,143,0,161,31.5,54.5,69.5,-38.4965,38.2083,-34.625,34.125,3.02588,40729,1633,100,250
1706673513320208066,23945,23945,9020,14925,0,0,0,9,0.000375861,0,255,135.146,36.183,54.5,82.5,132.5,199.5,240.5,10,151,0,154,31.5,54.5,70.5,-38.1423,38.505,-34.375,34.625,3.12453,40737,1627,100,234
1706673513420051473,23950,23950,9027,14923,0,0,0,17,0.000709812,0,255,135.953,37.014,59.5,83.5,132.5,201.5,255.5,1,265,0,152,31.5,57.5,74.5,-38.5107,38.0688,-33.875,34.375,3.08649,40743,1413,100,384
1706673513519889971,23972,23972,9060,14912,0,0,0,8,0.000333723,6.70988,255,136.581,37.2975,56.5,83.5,133.5,201.5,255.5,0,257,1,150,33.5,61.5,77.5,-38.1063,38.5081,-33.875,34.125,2.95338,40744,1160,100,397
1706673513619715991,23959,23959,9072,14887,0,0,0,3,0.000125214,7.26823,255,137.273,39.0333,51.5,81.5,133.5,207.5,255.5,0,293,1,150,34.5,63.5,82.5,-38.0193,38.1629,-33.625,33.875,3.27784,40747,1050,100,546
1706673513719548740,23982,23982,9117,14865,0,0,0,18,0.000750563,7.24319,255,137.069,38.3512,58.5,83.5,132.5,204.5,255.5,0,288,1,150,34.5,65.5,85.5,-38.5037,37.9538,-33.875,33.875,2.9724,40747,1074,100,509
1706673513820193385,23972,23972,9071,14901,0,0,0,12,0.000500584,8.02524,255,136.581,36.9131,62.5,83.5,133.5,199.5,255.5,0,289,1,150,35.5,64.5,82.5,-38.229,38.4856,-34.125,34.125,3.15305,40749,1092,100,441
1706673513920029336,23978,23978,9001,14977,0,0,0,6,0.000250229,6.9859,255,136.987,37.1834,62.5,84.5,133.5,203.5,249.5,0,220,1,150,34.5,66.5,83.5,-38.4553,38.2908,-34.375,34.125,3.05084,40749,1075,100,460
1706673514019868181,23972,23972,8908,15064,0,0,0,13,0.000542299,7.70847,255,137.087,36.8913,62.5,83.5,133.5,199.5,235.5,0,171,1,151,34.5,66.5,83.5,-38.3354,38.4469,-34.125,34.625,2.97476,40750,1057,100,492
1706673514119712236,23980,23980,8853,15127,0,0,0,9,0.000375313,6.95526,255,137.42,36.9649,63.5,84.5,134.5,201.5,255.5,0,281,1,150,34.5,65.5,80.5,-38.4117,38.3866,-34.375,34.625,3.01635,40751,1051,100,547
1706673514219553167,23954,23954,8861,15093,0,0,0,16,0.000667947,6.85969,255,136.87,36.6527,58.5,84.5,133.5,201.5,242.5,0,166,1,188,33.5,64.5,79.5,-38.4079,38.3908,-34.375,34.625,2.92009,40753,1178,100,478
1706673514320207918,23948,23948,9042,14906,0,0,0,14,0.0005846,6.9688,255,136.201,36.8436,50.5,84.5,132.5,200.5,255.5,0,303,1,177,32.5,62.5,82.5,-38.3329,38.4461,-34.375,34.625,2.98307,40758,1195,100,489
1706673514420056273,23946,23946,8985,14961,0,0,0,16,0.00066817,0,255,136.228,36.3068,53.5,84.5,132.5,201.5,254.5,1,232,0,151,31.5,61.5,74.5,-38.4648,38.3067,-34.625,34.125,3.0425,40764,1171,100,448
1706673514519894789,23955,23955,8998,14957,0,0,0,13,0.000542684,0,255,134.636,36.0876,48.5,83.5,131.5,198.5,246.5,4,214,0,154,30.5,59.5,71.5,-38.2649,38.4824,-34.125,34.125,2.88324,40772,1328,100,466
1706673514619738582,23958,23958,9048,14910,0,0,0,17,0.000709575,0,255,133.735,33.7655,54.5,86.5,130.5,193.5,226.5,5,100,0,184,30.5,58.5,69.5,-38.4979,38.2248,-34.125,34.625,2.95099,40776,1429,100,340
1706673514719582895,23950,23950,9062,14888,0,0,0,0,0,0,255,134.837,33.0755,60.5,87.5,131.5,194.5,233.5,3,99,0,153,30.5,57.5,67.5,-37.9652,38.5113,-33.875,34.625,2.87849,40777,1528,100,263
1706673514820222922,23935,23935,9061,14874,0,0,0,10,0.000417798,0,255,134.648,33.0543,64.5,86.5,131.5,192.5,233.5,11,84,0,153,30.5,55.5,67.5,-38.1447,38.0722,-34.125,34.125,2.77984,40778,1575,100,228
1706673514920060837,23933,23933,9098,14835,0,0,0,18,0.0007521,0,255,135.034,34.548,61.5,87.5,130.5,198.5,255.5,4,246,0,156,31.5,54.5,67.5,-38.5114,38.0536,-34.125,34.125,2.97238,40783,1543,100,164
1706673515019891571,23940,23940,9122,14818,0,0,0,9,0.00037594,0,255,135.534,35.7542,66.5,87.5,130.5,202.5,255.5,6,347,0,153,30.5,56.5,69.5,-38.1364,38.4973,-34.125,34.125,2.95574,40788,1508,100,269
1706673515119730460,23938,23938,8982,14956,0,0,0,18,0.000751943,6.48915,255,135.41,35.5209,66.5,86.5,131.5,202.5,244.5,0,200,1,153,30.5,56.5,69.5,-38.4969,38.1922,-34.375,34.125,2.91296,40791,1353,100,309
1706673515219567772,23944,23944,8897,15047,0,0,0,12,0.000501169,0,255,135.245,35.6782,63.5,87.5,130.5,200.5,255.5,1,244,0,150,30.5,57.5,68.5,-38.2553,38.4875,-34.375,34.625,2.93435,40792,1267,100,342
1706673515320193000,23955,23955,8895,15060,0,0,0,17,0.000709664,6.32206,255,134.64,35.8879,65.5,87.5,130.5,200.5,247.5,0,220,1,152,30.5,57.5,68.5,-38.4588,38.3191,-34.375,34.625,2.87136,40793,1241,100,346
1706673515420041419,23955,23955,8867,15088,0,0,0,15,0.000626174,7.13339,255,135.218,36.157,65.5,86.5,131.5,203.5,246.5,0,193,1,151,31.5,56.5,68.5,-38.3605,38.4312,-34.375,34.625,2.97473,40794,1119,100,426
1706673515519879887,23965,23965,8946,15019,0,0,0,15,0.000625913,6.42596,255,135.916,37.8612,65.5,86.5,131.5,205.5,255.5,0,399,1,150,30.5,57.5,71.5,-38.4096,38.386,-34.375,34.625,2.83331,40797,1091,100,435
1706673515619714997,23959,23959,9058,14901,0,0,0,16,0.000667808,0,255,135.996,37.2135,67.5,84.5,132.5,204.5,255.5,2,298,0,153,31.5,56.5,76.5,-38.4219,38.3728,-34.375,34.125,2.84044,40798,1212,100,466
1706673515719537615,23957,23957,9012,14945,0,0,0,14,0.00058438,0,255,136.907,38.4658,65.5,84.5,133.5,206.5,255.5,3,341,0,151,30.5,53.5,73.5,-38.3273,38.4559,-34.125,34.125,2.91412,40802,1368,100,288
1706673515820175763,23946,23946,9080,14866,0,0,0,16,0.00066817,0,255,134.32,36.418,65.5,83.5,130.5,201.5,249.5,3,204,0,166,30.5,50.5,65.5,-38.476,37.7792,-34.125,33.875,2.90937,40803,1561,100,286
1706673515920013989,23930,23930,9083,14847,0,0,0,0,0,0,255,134.782,35.0559,65.5,82.5,132.5,196.5,237.5,6,153,0,158,30.5,49.5,64.5,-37.8659,38.4874,-33.875,35.125,2.93076,40813,1656,100,192
1706673516019853504,23946,23946,9042,14904,0,0,0,11,0.000459367,0,255,134.365,35.5911,64.5,79.5,131.5,199.5,236.5,9,125,0,152,29.5,49.5,64.5,-38.2251,37.97,-33.875,33.875,3.02703,40815,1603,100,198
1706673516119693896,23953,23953,9032,14921,0,0,0,17,0.000709723,0,255,134.302,35.861,63.5,79.5,131.5,199.5,235.5,4,128,0,152,30.5,49.5,63.5,-38.5069,38.1382,-34.125,33.875,3.06981,40818,1688,100,216
1706673516219545554,23926,23926,9054,14872,0,0,0,12,0.000501546,0,255,134.511,35.2706,61.5,80.5,132.5,196.5,239.5,10,137,0,153,30.5,48.5,61.5,-38.0933,38.5169,-34.375,34.125,3.16133,40823,1706,100,219
1706673516320193226,23964,23964,9024,14940,0,0,0,18,0.000751127,0,255,134.206,33.7144,62.5,82.5,132.5,194.5,234.5,7,95,0,161,30.5,48.5,60.5,-38.5119,38.0919,-34.625,34.375,2.97473,40827,1799,100,236
1706673516420030796,23923,23923,8896,15027,0,0,0,10,0.000418008,0,255,134.741,33.9176,62.5,81.5,132.5,196.5,229.5,7,108,0,159,30.5,49.5,60.5,-38.1712,38.5026,-34.375,34.625,2.86302,40831,1680,100,237
1706673516519870161,23952,23952,8824,15128,0,0,0,18,0.000751503,0,255,134.7,33.7799,57.5,82.5,132.5,193.5,231.5,15,112,0,150,31.5,49.5,61.5,-38.4948,38.2204,-34.625,34.375,2.95691,40842,1741,100,241
1706673516619724462,23952,23952,8867,15085,0,0,0,12,0.000501002,0,255,134.523,32.4996,66.5,84.5,132.5,194.5,228.5,3,107,0,153,31.5,49.5,60.5,-38.2721,38.4793,-34.625,34.625,3.05793,40845,1747,100,229
1706673516719570131,23965,23965,8973,14992,0,0,0,16,0.00066764,0,255,134.482,32.586,56.5,82.5,133.5,191.5,227.5,9,99,0,153,31.5,49.5,59.5,-38.4473,38.3333,-34.625,34.625,2.80954,40849,1751,100,316
1706673516820204455,23944,23944,9086,14858,0,0,0,15,0.000626462,0,255,134.625,31.4748,58.5,84.5,133.5,189.5,223.5,11,73,0,156,32.5,48.5,59.5,-38.3771,38.4167,-34.625,34.125,3.01277,40852,1825,100,348
1706673516920059823,23941,23941,9025,14916,0,0,0,15,0.00062654,0,255,136.043,31.5959,59.5,87.5,134.5,193.5,229.5,12,85,0,240,32.5,49.5,60.5,-38.3857,38.4083,-34.125,34.125,3.14466,40854,1842,100,285
1706673517019906079,23951,23951,9046,14905,0,0,0,16,0.000668031,0,255,135.204,31.5864,58.5,86.5,133.5,192.5,223.5,12,52,0,151,32.5,49.5,59.5,-38.4426,37.6558,-34.125,33.625,2.86894,40856,1851,100,268
1706673517119739762,23947,23947,9102,14845,0,0,0,0,0,0,255,135.104,31.9464,63.5,86.5,134.5,193.5,229.5,6,103,0,171,32.5,50.5,60.5,-37.7416,38.3429,-33.875,34.125,3.08762,40860,1817,100,271
1706673517219579858,23964,23964,9092,14872,0,0,0,13,0.00054248,0,255,135.012,32.3655,59.5,85.5,133.5,192.5,231.5,16,125,0,150,32.5,50.5,61.5,-38.2986,38.4764,-34.125,35.125,2.99135,40863,1775,100,276
1706673517320208075,23956,23956,9001,14955,0,0,0,17,0.000709634,0,255,135.058,31.5252,66.5,87.5,133.5,192.5,227.5,12,75,0,153,32.5,51.5,62.5,-38.4793,38.256,-34.125,33.875,3.15893,40864,1725,100,265
1706673517420042072,23936,23936,8987,14949,0,0,0,11,0.000459559,0,255,135.301,32.5748,62.5,86.5,133.5,194.5,230.5,12,95,0,153,32.5,51.5,62.5,-38.2049,38.502,-34.375,34.125,3.03414,40869,1676,100,278
1706673517519879254,23959,23959,9051,14908,0,0,0,18,0.000751283,0,255,135.177,31.5813,64.5,88.5,133.5,191.5,225.5,6,69,0,154,32.5,51.5,61.5,-38.5069,38.1327,-34.625,34.375,2.92361,40873,1814,100,261
1706673517619715279,23955,23955,9044,14911,0,0,0,12,0.000500939,0,255,135.306,31.8511,61.5,86.5,133.5,191.5,232.5,5,145,0,164,32.5,50.5,61.5,-38.067,38.5053,-34.375,34.625,2.84993,40876,1773,100,323
1706673517719552455,23961,23961,8869,15092,0,0,0,18,0.000751221,0,255,135.106,31.3454,59.5,88.5,133.5,192.5,231.5,1,98,0,162,31.5,49.5,60.5,-38.5085,38.1399,-34.625,34.375,2.9759,40881,1808,100,403
1706673517820184208,23909,23909,8871,15038,0,0,0,11,0.000460078,0,255,135.011,31.0972,54.5,88.5,134.5,190.5,234.5,4,122,0,170,32.5,48.5,57.5,-38.1977,38.4971,-34.375,34.625,2.97353,40892,1740,100,373
1706673517920035592,23965,23965,8929,15036,0,0,0,17,0.000709368,0,255,134.803,31.3841,60.5,89.5,133.5,190.5,240.5,4,170,0,158,31.5,48.5,57.5,-38.4844,38.2584,-34.625,34.375,2.98185,40896,1860,100,395
1706673518019871009,23950,23950,9066,14884,0,0,0,13,0.000542797,0,255,134.747,32.2271,54.5,86.5,133.5,191.5,239.5,7,132,0,157,31.5,48.5,59.5,-38.2983,38.4602,-34.375,34.125,3.11139,40898,1880,100,408
1706673518119718876,23930,23930,9165,14765,0,0,0,17,0.000710405,4.56087,255,135.017,32.3963,57.5,85.5,133.5,193.5,237.5,0,127,0,152,31.5,48.5,59.5,-38.4437,38.3439,-34.125,34.125,2.90222,40906,1931,100,418
1706673518219568076,23924,23924,9052,14872,0,0,0,15,0.000626985,0,255,135.345,32.8096,57.5,86.5,133.5,194.5,239.5,4,137,0,152,31.5,47.5,57.5,-38.3803,37.6618,-34.125,33.625,3.13751,40916,1902,100,394
1706673518320210472,23967,23967,9054,14913,0,0,0,0,0,0,255,135.448,34.4052,50.5,84.5,132.5,197.5,248.5,5,192,0,151,31.5,48.5,58.5,-37.5724,38.411,-33.625,34.125,3.1387,40925,1789,100,464
1706673518420049839,23958,23958,9062,14896,0,0,0,15,0.000626096,0,255,134.921,34.0905,51.5,83.5,133.5,196.5,237.5,10,135,0,151,31.5,48.5,60.5,-38.371,38.4213,-34.125,34.375,3.08284,40928,1785,100,425
1706673518519908488,23903,23903,9071,14832,0,0,0,17,0.000711208,4.48146,255,134.099,32.7698,55.5,82.5,134.5,191.5,230.5,0,104,1,152,31.5,47.5,57.5,-38.4514,38.3212,-34.125,34.875,3.02818,40936,1744,100,424
1706673518619744177,23951,23951,9021,14930,0,0,0,13,0.000542775,0,255,134.18,33.5638,55.5,82.5,133.5,194.5,236.5,4,141,0,152,31.5,47.5,58.5,-38.2667,38.4845,-34.375,34.125,3.03531,40954,1834,100,390
1706673518719587683,23945,23945,8919,15026,0,0,0,17,0.00070996,0,255,134.743,32.8511,54.5,82.5,134.5,195.5,231.5,3,105,0,152,31.5,48.5,59.5,-38.4926,38.2117,-34.625,34.375,3.16009,40968,1807,100,394
1706673518819832033,23907,23907,9018,14889,0,0,0,10,0.000418288,0,255,135.048,33.7084,53.5,82.5,134.5,196.5,236.5,6,126,0,152,31.5,48.5,60.5,-38.1561,38.5027,-34.375,34.625,3.12087,40973,1777,100,365
1706673518919664051,23924,23924,8931,14993,0,0,0,17,0.000710584,0,255,135.054,33.7731,60.5,82.5,133.5,195.5,233.5,8,142,0,174,32.5,49.5,60.5,-38.5084,38.1013,-34.625,34.375,2.9224,40979,1681,100,414
1706673519019512865,23983,23983,8919,15064,0,0,0,10,0.000416962,0,255,134.654,33.7405,55.5,82.5,133.5,196.5,233.5,12,125,0,150,31.5,50.5,62.5,-38.1107,38.5099,-34.375,34.625,3.0151,40981,1731,100,350
1706673519120157718,23950,23950,8929,15021,0,0,0,17,0.000709812,0,255,134.301,34.2902,54.5,83.5,131.5,196.5,235.5,1,148,0,192,32.5,51.5,63.5,-38.498,38.1853,-34.625,34.375,2.85585,40985,1658,100,318
1706673519219991958,23933,23933,9008,14925,0,0,0,12,0.0005014,0,255,134.569,32.992,58.5,84.5,132.5,192.5,228.5,9,120,0,172,32.5,53.5,66.5,-38.2373,38.4892,-34.375,34.125,2.89863,40987,1665,100,297
1706673519319800160,23953,23953,9087,14866,0,0,0,17,0.000709723,0,255,134.112,34.1426,56.5,80.5,132.5,193.5,228.5,8,121,0,151,32.5,54.5,68.5,-38.4678,38.2828,-34.125,33.875,2.96519,40993,1611,100,286
1706673519419650702,23974,23974,9176,14798,0,0,0,14,0.000583966,0,255,134.213,33.9201,60.5,82.5,131.5,194.5,231.5,9,105,0,150,32.5,55.5,67.5,-38.3341,37.7547,-34.125,33.875,2.98658,40995,1716,100,269
1706673519519906942,23966,23966,9041,14925,0,0,0,0,0,0,255,134.274,34.316,55.5,82.5,132.5,193.5,243.5,15,203,0,152,32.5,54.5,66.5,-37.6662,38.4498,-33.625,34.125,2.89269,40997,1721,100,293
1706673519619740983,23962,23962,8999,14963,0,0,0,16,0.000667724,0,255,135.038,32.5433,59.5,84.5,134.5,191.5,231.5,6,130,0,154,33.5,53.5,65.5,-38.4162,38.3756,-34.125,34.125,2.95685,40999,1733,100,328
1706673519719577657,23960,23960,8976,14984,0,0,0,16,0.00066778,0,255,135.377,32.7944,55.5,86.5,134.5,192.5,234.5,8,126,0,161,33.5,52.5,63.5,-38.4248,38.3684,-34.125,34.625,2.88792,41008,1577,100,366
1706673519820211075,23964,23964,9032,14932,0,0,0,14,0.00058421,0,255,135.508,34.2392,54.5,85.5,133.5,195.5,251.5,14,213,0,154,33.5,53.5,65.5,-38.3401,38.4428,-34.625,34.125,2.91644,41012,1682,100,408
1706673519920041299,23979,23979,9002,14977,0,0,0,16,0.000667251,0,255,135.711,33.4531,56.5,85.5,134.5,193.5,236.5,25,142,0,150,33.5,54.5,66.5,-38.4722,38.2854,-34.625,34.375,2.88435,41012,1665,100,382
1706673520019877560,23953,23953,8936,15017,0,0,0,12,0.000500981,0,255,135.216,32.341,59.5,86.5,133.5,192.5,231.5,1,119,0,152,33.5,55.5,69.5,-38.236,38.4876,-34.375,34.625,3.01984,41018,1675,100,337
1706673520119710159,23902,23902,8913,14989,0,0,0,17,0.000711238,5.43572,255,135.441,32.7178,58.5,86.5,133.5,192.5,232.5,0,115,0,152,33.5,56.5,68.5,-38.5072,38.1682,-34.625,34.375,3.03291,41024,1652,100,408
1706673520219545688,23961,23961,8951,15010,0,0,0,11,0.000459079,0,255,135.578,33.5945,59.5,86.5,132.5,195.5,236.5,1,138,0,151,33.5,57.5,70.5,-38.119,38.5075,-34.625,34.625,2.9414,41029,1733,100,315
1706673520320204487,23945,23945,8984,14961,0,0,0,17,0.00070996,0,255,135.762,34.6679,58.5,85.5,133.5,195.5,245.5,11,196,0,156,33.5,58.5,73.5,-38.5089,38.065,-34.625,34.375,2.85227,41037,1621,100,251
1706673520420068942,23949,23949,9019,14930,0,0,0,9,0.000375799,0,255,135.783,34.5579,62.5,84.5,133.5,193.5,234.5,9,166,0,152,33.5,57.5,71.5,-38.1303,38.5088,-34.375,34.125,2.9307,41038,1637,100,224
1706673520519907640,23958,23958,9099,14859,0,0,0,17,0.000709575,0,255,135.039,34.0231,62.5,84.5,132.5,196.5,237.5,2,179,0,152,33.5,56.5,69.5,-38.4927,38.2108,-34.125,33.875,2.94853,41043,1661,100,246
1706673520619736551,23956,23956,9123,14833,0,0,0,13,0.000542662,0,255,135.53,33.6674,60.5,84.5,134.5,195.5,233.5,6,144,0,151,33.5,56.5,70.5,-38.2625,37.8783,-33.875,33.875,2.97586,41056,1633,100,238
1706673520719567271,23969,23969,9138,14831,0,0,0,0,0,0,255,135.418,33.1063,64.5,84.5,133.5,195.5,225.5,7,98,0,160,33.5,56.5,67.5,-37.8021,38.4827,-33.875,34.125,3.33358,41064,1630,100,234
1706673520820204019,23921,23921,9039,14882,0,0,0,17,0.000710673,0,255,135.5,33.8732,60.5,84.5,133.5,196.5,235.5,11,155,0,152,33.5,55.5,65.5,-38.4648,38.3126,-34.125,34.125,3.45718,41074,1595,100,275
1706673520920051125,23955,23955,8966,14989,0,0,0,13,0.000542684,0,255,135.299,34.1855,56.5,83.5,133.5,197.5,235.5,5,115,0,151,33.5,52.5,63.5,-38.3489,38.4385,-34.125,34.625,3.04836,41083,1678,100,250
1706673521019880315,23938,23938,8918,15020,0,0,0,15,0.000626619,0,255,134.798,33.671,54.5,82.5,133.5,193.5,234.5,13,141,0,157,32.5,50.5,61.5,-38.405,38.395,-34.375,34.375,2.88909,41108,1586,100,360
1706673521119723237,23970,23970,8961,15009,0,0,0,17,0.00070922,0,255,135.477,32.3814,60.5,86.5,134.5,193.5,231.5,5,115,0,150,32.5,48.5,60.5,-38.4382,38.3479,-34.625,34.375,2.8879,41116,1627,100,642
1706673521219549373,23963,23963,8993,14970,0,0,0,14,0.000584234,0,255,135.315,32.5141,47.5,86.5,134.5,191.5,230.5,6,119,0,151,32.5,49.5,62.5,-38.306,38.461,-34.625,34.625,2.80827,41134,1779,100,592
1706673521320193707,23954,23954,8971,14983,0,0,0,17,0.000709694,4.13213,255,134.91,33.0849,49.5,86.5,133.5,195.5,235.5,0,134,0,162,31.5,47.5,60.5,-38.4764,38.2762,-34.625,34.375,2.87958,41150,1800,100,617
1706673521420034871,23955,23955,8951,15004,0,0,0,11,0.000459194,0,255,132.806,33.8184,40.5,86.5,131.5,192.5,238.5,12,162,0,155,30.5,43.5,58.5,-38.2026,38.5009,-34.375,34.625,2.87958,41175,2333,100,454
1706673521519879771,23903,23903,8963,14940,0,0,0,17,0.000711208,0,255,132.521,33.2478,43.5,87.5,130.5,192.5,236.5,4,173,0,202,29.5,43.5,57.5,-38.5012,38.1346,-34.625,34.375,2.89028,41202,2440,100,544
1706673521619706697,23900,23900,9052,14848,0,0,0,13,0.000543933,8.1537,255,132.856,33.3879,42.5,86.5,131.5,190.5,243.5,0,208,0,255,29.5,44.5,59.5,-38.079,38.5106,-34.375,34.125,2.92831,41220,2500,100,661
1706673521719540953,23927,23927,9067,14860,0,0,0,18,0.000752288,0,255,132.504,33.1827,42.5,86.5,130.5,188.5,247.5,13,212,0,207,30.5,44.5,59.5,-38.5128,38.0984,-34.125,34.125,2.89147,41231,2397,100,530
1706673521820181953,23948,23948,9168,14780,0,0,0,10,0.000417571,0,255,133.195,32.6677,44.5,86.5,132.5,190.5,231.5,33,169,0,218,30.5,45.5,59.5,-38.1728,38.016,-33.875,33.875,2.92236,41251,2319,100,535
1706673521920008024,23937,23937,9136,14801,0,0,0,0,0,0,255,133.326,32.9089,48.5,84.5,132.5,189.5,240.5,17,210,0,152,30.5,45.5,58.5,-37.9142,38.4971,-33.875,34.125,2.91761,41273,2258,100,547
1706673522019861842,23974,23974,9035,14939,0,0,0,17,0.000709102,0,255,133.75,32.9948,45.5,83.5,133.5,190.5,239.5,11,185,0,157,31.5,46.5,60.5,-38.4897,38.2312,-34.125,34.125,2.93187,41284,2113,100,457
1706673522119687308,23963,23963,8977,14986,0,0,0,13,0.000542503,0,255,134.45,32.0738,54.5,87.5,132.5,191.5,241.5,9,187,0,156,31.5,47.5,64.5,-38.2829,38.4771,-34.125,34.625,2.939,41287,2005,100,505
1706673522219528663,23959,23959,8932,15027,0,0,0,16,0.000667808,0,255,134.459,31.7329,53.5,87.5,132.5,190.5,235.5,11,137,0,159,31.5,46.5,59.5,-38.4441,38.341,-34.625,34.375,3.13153,41299,1986,100,516
1706673522320173733,23962,23962,8951,15011,0,0,0,15,0.000625991,3.7606,255,133.843,32.1149,51.5,87.5,132.5,191.5,233.5,0,142,0,155,30.5,45.5,58.5,-38.3703,38.4156,-34.625,34.625,2.93306,41314,2151,100,689
1706673522420001938,23906,23906,8980,14926,0,0,0,16,0.000669288,0,255,133.198,34.392,41.5,85.5,131.5,194.5,242.5,12,203,0,161,29.5,44.5,62.5,-38.3802,38.4108,-34.375,34.625,3.04119,41339,2573,100,532
1706673522519852561,23798,23798,8945,14853,0,0,0,16,0.000672325,0,255,131.177,35.9339,36.5,75.5,130.5,192.5,255.5,20,313,0,156,28.5,45.5,87.5,-38.438,38.3501,-34.625,34.625,3.05426,41408,2895,100,569
1706673522619689462,23760,23760,9058,14702,0,0,0,13,0.000547138,0,255,131.357,38.2536,31.5,66.5,130.5,195.5,255.5,38,471,0,236,28.5,47.5,114.5,-38.2988,38.4652,-34.375,34.625,2.80469,41474,2978,100,586
1706673522719524904,23560,23560,9032,14528,0,0,0,17,0.000721562,0,255,131.327,38.3397,26.5,63.5,131.5,194.5,255.5,42,410,0,231,28.5,46.5,111.5,-38.4849,38.2467,-34.625,34.125,2.93423,41560,2997,100,543
1706673522820148474,23733,23733,9036,14697,0,0,0,11,0.00046349,0,255,131.886,37.9653,26.5,61.5,132.5,194.5,255.5,26,266,0,231,28.5,47.5,93.5,-38.198,38.4976,-34.125,34.125,2.9782,41608,2824,100,791
1706673522919976250,23860,23860,9035,14825,0,0,0,17,0.00071249,0,255,132.065,39.5368,24.5,59.5,133.5,196.5,255.5,64,288,0,217,29.5,47.5,67.5,-38.4956,37.946,-34.125,33.875,2.97464,41627,2593,100,798
1706673523019810622,23890,23890,9109,14781,0,0,0,4,0.000167434,0,255,130.369,40.9517,21.5,56.5,132.5,196.5,255.5,83,298,0,222,29.5,47.5,64.5,-38.0329,38.1677,-34.125,34.125,2.92353,41650,2481,100,889
1706673523119633279,23905,23905,9188,14717,0,0,0,7,0.000292826,3.56743,255,132.104,37.6002,26.5,60.5,132.5,191.5,255.5,0,271,0,181,29.5,48.5,65.5,-38.082,38.5107,-34.125,34.125,2.88431,41671,2461,100,938
1706673523219871528,23836,23836,9070,14766,0,0,0,18,0.00075516,0,255,130.792,41.2817,7.5,53.5,132.5,197.5,255.5,105,313,0,230,28.5,47.5,82.5,-38.5101,38.116,-34.125,34.375,2.84153,41701,2627,100,753
1706673523319720550,23903,23903,8953,14950,0,0,0,10,0.000418358,0,255,130.357,42.0972,7.5,51.5,132.5,198.5,255.5,64,347,0,245,28.5,47.5,107.5,-38.1746,38.5037,-34.375,34.625,3.03168,41723,2895,100,880
1706673523419565435,23861,23861,8901,14960,0,0,0,17,0.00071246,0,255,132.727,38.2876,20.5,68.5,132.5,195.5,255.5,5,322,0,218,29.5,47.5,73.5,-38.4829,38.2567,-34.625,34.375,2.99722,41765,2360,100,835
1706673523520202362,23831,23831,8966,14865,0,0,0,14,0.00058747,0,255,132.223,39.5013,17.5,61.5,132.5,196.5,255.5,86,368,0,208,28.5,48.5,103.5,-38.317,38.4594,-34.625,34.625,2.88669,41798,2719,100,629
1706673523620044276,23704,23704,8987,14717,0,0,0,16,0.000674992,0,255,130.649,40.6343,3.5,55.5,131.5,195.5,255.5,79,386,0,255,28.5,47.5,115.5,-38.4343,38.3629,-34.625,34.625,2.90927,41854,2984,100,564
1706673523719881219,23778,23778,9019,14759,0,0,0,15,0.000630835,0,255,131.857,36.2264,29.5,69.5,132.5,191.5,251.5,76,215,0,255,28.5,47.5,83.5,-38.3991,38.4067,-34.625,34.625,2.8451,41917,2758,100,454
1706673523819722755,23904,23904,8967,14937,0,0,0,15,0.00062751,0,255,132.902,35.0196,35.5,74.5,133.5,190.5,246.5,13,210,0,255,29.5,47.5,64.5,-38.3775,38.4165,-34.125,34.625,3.3145,41966,2428,100,655
1706673523919563275,23913,23913,9023,14890,0,0,0,16,0.000669092,0,255,132.666,36.0419,34.5,74.5,133.5,191.5,255.5,8,254,0,186,29.5,48.5,65.5,-38.4315,38.3469,-34.125,34.125,3.13624,41980,2475,100,759
1706673524020200238,23890,23890,9102,14788,0,0,0,13,0.000544161,0,255,132.796,36.952,29.5,75.5,133.5,194.5,255.5,17,269,0,219,29.5,47.5,65.5,-38.2843,38.467,-34.625,34.125,3.04236,41993,2449,100,427
1706673524120041870,23886,23886,9057,14829,0,0,0,17,0.000711714,0,255,129.847,39.3132,12.5,54.5,131.5,192.5,255.5,38,309,0,255,28.5,48.5,79.5,-38.4856,37.8368,-34.125,33.875,3.05781,42013,2821,100,747
1706673524219881091,23777,23777,9045,14732,0,0,0,0,0,0,255,132.883,38.8131,25.5,62.5,133.5,195.5,255.5,36,263,0,170,28.5,46.5,74.5,-37.9304,38.2373,-33.875,33.875,3.33827,42070,2685,100,678
1706673524319723935,23923,23923,9120,14803,0,0,0,10,0.000418008,0,255,131.882,38.7757,28.5,64.5,131.5,196.5,255.5,49,253,0,212,28.5,47.5,61.5,-38.1727,38.5035,-33.875,34.125,3.03879,42098,2448,100,1123
1706673524419547308,23880,23880,9118,14762,0,0,0,17,0.000711893,0,255,132.304,38.9198,26.5,60.5,132.5,194.5,255.5,39,287,0,225,28.5,48.5,65.5,-38.5093,38.1143,-34.125,34.375,2.9758,42109,2186,100,893
1706673524520175699,23900,23900,9026,14874,0,0,0,13,0.000543933,0,255,131.738,39.6782,24.5,58.5,132.5,194.5,255.5,10,272,0,182,29.5,48.5,65.5,-38.0956,38.507,-34.375,34.625,2.99244,42122,2146,100,997
1706673524620033736,23895,23895,8887,15008,0,0,0,17,0.000711446,0,255,131.285,40.1584,23.5,57.5,131.5,197.5,255.5,9,344,0,255,28.5,48.5,81.5,-38.5039,38.1481,-34.625,34.375,2.92708,42132,2476,100,702
1706673524719858320,23849,23849,8855,14994,0,0,0,11,0.000461235,0,255,131.67,37.3909,23.5,66.5,132.5,194.5,255.5,19,272,0,240,28.5,47.5,76.5,-38.2077,38.4942,-34.375,34.625,2.93302,42161,2801,100,486
1706673524819695529,23873,23873,8907,14966,0,0,0,17,0.000712102,0,255,130.84,36.2709,36.5,66.5,131.5,188.5,253.5,12,231,0,210,27.5,46.5,72.5,-38.4789,38.2524,-34.625,34.625,2.97105,42185,2856,100,390
1706673524919536692,23877,23877,9087,14790,0,0,0,14,0.000586338,0,255,131.769,35.1499,36.5,75.5,131.5,192.5,252.5,5,232,0,233,27.5,46.5,71.5,-38.3217,38.454,-34.625,34.625,2.96867,42205,2783,100,353
1706673525020173667,23866,23866,8989,14877,0,0,0,16,0.00067041,0,255,130.775,35.6365,36.5,72.5,129.5,190.5,255.5,21,288,0,250,27.5,44.5,73.5,-38.414,38.3746,-34.125,34.625,2.94728,42219,2863,100,394
1706673525120014486,23880,23880,8987,14893,0,0,0,16,0.000670017,0,255,132.519,33.651,43.5,84.5,130.5,190.5,245.5,6,216,0,243,27.5,44.5,67.5,-38.4049,38.3955,-34.125,34.125,2.95917,42245,2884,100,368
1706673525219845058,23823,23823,9081,14742,0,0,0,0,0,0,255,131.09,35.201,37.5,77.5,129.5,190.5,255.5,8,260,0,210,27.5,45.5,85.5,-37.7454,38.445,-34.375,34.125,2.85219,42288,2832,100,530
1706673525319683339,23833,23833,9111,14722,0,0,0,30,0.00125876,0,255,131.393,36.2657,36.5,71.5,130.5,193.5,255.5,28,258,0,194,27.5,46.5,101.5,-38.4684,37.743,-34.875,33.875,2.87715,42314,2745,100,471
1706673525419529214,23812,23812,9090,14722,0,0,0,0,0,0,255,130.777,38.1315,19.5,67.5,130.5,195.5,255.5,7,419,0,255,27.5,45.5,110.5,-37.8273,38.2917,-33.875,34.125,2.90567,42336,2850,100,504
1706673525520175276,23852,23852,9034,14818,0,0,0,12,0.000503102,0,255,131.569,34.8619,34.5,82.5,129.5,191.5,255.5,4,272,0,228,28.5,44.5,77.5,-38.245,38.4894,-33.875,34.125,2.91755,42353,2834,100,418
1706673525620022381,23941,23941,9088,14853,0,0,0,17,0.000710079,0,255,132.297,33.4526,40.5,87.5,129.5,193.5,255.5,2,278,0,198,28.5,44.5,62.5,-38.5011,38.1962,-34.125,34.375,2.89616,42362,2623,100,610
1706673525719863318,23922,23922,8992,14930,0,0,0,11,0.000459828,0,255,132.717,32.3059,45.5,88.5,130.5,188.5,234.5,15,173,0,255,28.5,44.5,58.5,-38.1722,38.5005,-34.375,34.625,3.08393,42369,2457,100,321
1706673525819704594,23912,23912,8928,14984,0,0,0,17,0.00071094,0,255,132.28,33.0664,42.5,87.5,130.5,190.5,254.5,5,239,0,255,28.5,44.5,62.5,-38.5094,38.097,-34.625,34.375,2.90091,42380,2420,100,379
1706673525919538733,23898,23898,8882,15016,0,0,0,9,0.000376601,3.58093,255,132.658,33.1346,42.5,87.5,130.5,191.5,255.5,0,257,0,255,28.5,44.5,62.5,-38.1145,38.5081,-34.375,34.625,2.9021,42385,2676,100,384
1706673526020182273,23888,23888,8875,15013,0,0,0,17,0.000711654,0,255,131.513,31.8884,35.5,88.5,130.5,183.5,255.5,14,260,0,180,27.5,43.5,68.5,-38.4982,38.1784,-34.625,34.375,2.91042,42398,2747,100,355
1706673526120003537,23852,23852,8947,14905,0,0,0,11,0.000461177,0,255,131.567,32.3781,35.5,83.5,130.5,185.5,249.5,38,224,0,255,27.5,44.5,79.5,-38.2239,38.4886,-34.625,34.625,2.9021,42424,2802,100,410
1706673526219860466,23864,23864,9124,14740,0,0,0,17,0.00071237,0,255,131.577,34.9704,35.5,82.5,129.5,193.5,255.5,21,382,0,181,27.5,44.5,87.5,-38.4691,38.2907,-34.125,34.625,3.01144,42464,2891,100,455
1706673526319704664,23836,23836,9072,14764,0,0,0,14,0.000587347,0,255,131.393,35.2263,34.5,80.5,129.5,189.5,255.5,6,438,0,255,27.5,44.5,95.5,-38.3324,38.4509,-34.125,34.125,3.06729,42487,2673,100,443
1706673526419554650,23824,23824,9075,14749,0,0,0,0,0,0,255,130.639,32.6644,34.5,87.5,129.5,184.5,255.5,11,247,0,200,27.5,44.5,72.5,-37.6772,38.3812,-33.625,34.125,2.89378,42515,2690,100,415
1706673526520198075,23927,23927,9058,14869,0,0,0,31,0.00129561,0,255,131.771,32.2944,37.5,89.5,129.5,187.5,253.5,17,237,0,161,28.5,44.5,61.5,-38.409,37.5562,-35.125,33.625,2.8795,42523,2486,100,350
1706673526620036648,23930,23930,9072,14858,0,0,0,0,0,0,255,131.903,31.3034,46.5,91.5,129.5,185.5,247.5,22,200,0,160,28.5,44.5,59.5,-37.6313,38.3848,-34.125,34.125,2.88782,42528,2331,100,454
1706673526719879964,23949,23949,9061,14888,0,0,0,14,0.000584576,0,255,132.485,32.0633,52.5,90.5,130.5,189.5,250.5,10,208,0,255,29.5,44.5,61.5,-38.3456,38.4383,-34.125,34.125,2.86643,42541,2430,100,469
1706673526819721603,23936,23936,9026,14910,0,0,0,16,0.000668449,0,255,133.255,33.2557,47.5,89.5,131.5,190.5,255.5,6,276,0,157,29.5,44.5,62.5,-38.47,38.298,-34.125,34.375,2.83672,42553,2310,100,380
1706673526919566120,23911,23911,9036,14875,0,0,0,12,0.000501861,0,255,131.946,34.7081,42.5,83.5,129.5,193.5,255.5,10,268,0,171,29.5,45.5,66.5,-38.2289,38.4947,-34.375,34.625,2.94368,42563,2564,100,394
1706673527020199779,23885,23885,8890,14995,0,0,0,17,0.000711744,0,255,132.265,36.4154,42.5,81.5,130.5,199.5,255.5,6,300,0,178,29.5,45.5,64.5,-38.5016,38.1611,-34.625,34.375,2.91278,42587,2462,100,350
1706673527120043700,23913,23913,8898,15015,0,0,0,11,0.000460001,0,255,131.976,35.2473,38.5,81.5,130.5,190.5,255.5,13,278,0,191,29.5,45.5,71.5,-38.0957,38.5107,-34.375,34.625,2.78919,42603,2596,100,508
1706673527219882014,23842,23842,8915,14927,0,0,0,18,0.00075497,0,255,130.807,36.3854,20.5,77.5,130.5,191.5,255.5,5,290,0,241,28.5,44.5,77.5,-38.5191,38.1094,-34.625,34.375,3.07321,42645,2747,100,458
1706673527319721854,23831,23831,8966,14865,0,0,0,10,0.000419622,0,255,131.991,35.1824,29.5,85.5,130.5,192.5,255.5,4,269,0,199,28.5,44.5,68.5,-38.1669,38.5038,-34.375,34.625,4.00136,42663,2713,100,440
1706673527419562021,23884,23884,9050,14834,0,0,0,17,0.000711774,0,255,132.016,35.7636,30.5,83.5,130.5,193.5,255.5,23,303,0,226,29.5,44.5,72.5,-38.494,38.2328,-34.125,34.375,3.6282,42673,2726,100,471
1706673527520193089,23902,23902,9087,14815,0,0,0,13,0.000543888,3.56738,255,131.168,35.2337,41.5,80.5,129.5,193.5,255.5,0,312,1,243,28.5,44.5,68.5,-38.2745,38.4734,-34.125,34.125,3.01142,42689,2729,100,512
1706673527620030002,23912,23912,9092,14820,0,0,0,0,0,0,255,131.163,35.474,32.5,80.5,129.5,191.5,255.5,2,284,0,249,28.5,45.5,73.5,-37.7894,38.3133,-33.875,34.125,3.10411,42700,2824,100,374
1706673527719870485,23902,23902,9076,14826,0,0,0,16,0.0006694,0,255,131.664,35.7759,38.5,77.5,129.5,193.5,255.5,14,266,0,186,28.5,45.5,65.5,-38.4647,37.7189,-34.125,33.875,2.99716,42714,2651,100,402
1706673527819717971,23920,23920,9020,14900,0,0,0,14,0.000585284,3.71644,255,133.507,34.2184,45.5,84.5,131.5,191.5,255.5,0,242,0,173,29.5,46.5,63.5,-38.3727,38.4245,-34.875,34.125,3.06844,42726,2438,100,354
1706673527919563462,23940,23940,9024,14916,0,0,0,15,0.000626566,0,255,132.65,34.8963,42.5,83.5,131.5,192.5,255.5,7,288,0,165,30.5,47.5,64.5,-38.3809,38.4206,-34.375,34.125,2.9603,42736,2328,100,386
1706673528020218218,23935,23935,9009,14926,0,0,0,16,0.000668477,0,255,133.498,33.8393,48.5,83.5,132.5,189.5,255.5,5,252,0,255,30.5,47.5,64.5,-38.4441,38.3335,-34.125,34.625,2.91989,42765,2340,100,294
1706673528120061395,23889,23889,9065,14824,0,0,0,13,0.000544184,0,255,131.865,35.1849,42.5,80.5,129.5,192.5,255.5,12,347,0,179,29.5,45.5,71.5,-38.2832,38.4777,-34.625,34.625,3.02685,42793,2704,100,428
1706673528219891672,23829,23829,8966,14863,0,0,0,17,0.000713416,0,255,131.344,36.1099,28.5,79.5,130.5,192.5,255.5,11,326,0,187,28.5,45.5,106.5,-38.4829,38.2343,-34.625,34.625,3.00427,42821,2733,100,538
1706673528319743286,23812,23812,8870,14942,0,0,0,11,0.000461952,0,255,131.14,37.0524,23.5,74.5,130.5,193.5,255.5,16,310,0,230,28.5,45.5,102.5,-38.1855,38.4968,-34.375,34.625,3.08983,42854,2796,100,482
1706673528419591179,23900,23900,8908,14992,0,0,0,18,0.000753138,0,255,131.222,36.2553,35.5,80.5,129.5,192.5,255.5,7,309,0,255,28.5,45.5,77.5,-38.5157,38.1236,-34.625,34.375,2.97218,42873,2504,100,536
1706673528519816522,23938,23938,9000,14938,0,0,0,13,0.00054307,0,255,132.645,34.5596,45.5,82.5,131.5,191.5,255.5,3,257,0,183,29.5,46.5,64.5,-38.0757,38.5067,-34.375,34.625,3.1136,42879,2450,100,414
1706673528619654350,23936,23936,9060,14876,0,0,0,18,0.000752005,0,255,134.568,34.3039,49.5,85.5,132.5,195.5,244.5,4,208,0,187,30.5,47.5,64.5,-38.5059,38.1145,-34.125,34.375,2.94128,42886,2228,100,433
1706673528719890787,23948,23948,9122,14826,0,0,0,11,0.000459329,0,255,134.366,33.5218,52.5,87.5,132.5,191.5,253.5,9,225,0,180,30.5,49.5,64.5,-38.2065,38.4952,-33.875,34.125,3.02328,42895,2137,100,537
1706673528819734231,23939,23939,9099,14840,0,0,0,0,0,0,255,134.175,33.8558,51.5,85.5,132.5,192.5,251.5,4,222,0,160,30.5,48.5,64.5,-37.8972,38.2626,-33.875,33.875,3.06131,42902,2186,100,551
1706673528919580754,23931,23931,9081,14850,0,0,0,17,0.000710376,0,255,132.839,33.5491,45.5,84.5,131.5,190.5,255.5,2,245,0,162,30.5,47.5,62.5,-38.4872,37.8004,-34.125,33.875,3.32751,42907,2273,100,473
1706673529020205799,23902,23902,9056,14846,0,0,0,13,0.000543888,0,255,131.914,35.0558,46.5,81.5,129.5,193.5,255.5,5,263,0,170,29.5,46.5,66.5,-38.3103,38.4576,-34.375,34.125,3.08745,42917,2316,100,469
1706673529120053717,23912,23912,9030,14882,0,0,0,16,0.00066912,0,255,131.244,35.8657,23.5,82.5,129.5,192.5,255.5,15,270,0,168,28.5,45.5,76.5,-38.4305,38.3623,-34.625,34.125,3.06723,42946,2486,100,370
1706673529219897487,23911,23911,8999,14912,0,0,0,16,0.000669148,0,255,131.7,34.8846,40.5,82.5,129.5,193.5,255.5,9,304,0,194,28.5,45.5,62.5,-38.3889,38.4024,-34.125,34.625,3.03752,42955,2433,100,441
1706673529319740893,23938,23938,8927,15011,0,0,0,15,0.000626619,0,255,133.402,32.4503,53.5,88.5,132.5,192.5,244.5,1,205,0,171,29.5,46.5,62.5,-38.3674,38.4299,-34.375,34.625,3.13378,42964,2254,100,417
1706673529419579768,23932,23932,9043,14889,0,0,0,17,0.000710346,0,255,133.909,33.2883,50.5,87.5,131.5,193.5,255.5,10,269,0,234,30.5,47.5,65.5,-38.4543,38.32,-34.625,34.625,2.96265,42971,2113,100,455
1706673529520226574,23928,23928,8910,15018,0,0,0,14,0.000585089,0,255,133.6,33.1374,45.5,85.5,132.5,192.5,237.5,6,185,0,255,30.5,48.5,62.5,-38.2909,38.4646,-34.625,34.625,3.0197,42983,2139,100,425
1706673529620060921,23944,23944,8893,15051,0,0,0,17,0.00070999,0,255,134.16,32.2168,52.5,86.5,132.5,189.5,238.5,10,179,0,240,30.5,48.5,64.5,-38.4886,38.229,-34.625,34.375,3.17181,42989,2126,100,293
1706673529719888861,23966,23966,8939,15027,0,0,0,10,0.000417258,0,255,133.492,33.3653,44.5,84.5,131.5,192.5,246.5,20,223,0,158,30.5,47.5,63.5,-38.1694,38.506,-34.375,34.625,2.9888,42995,2165,100,581
1706673529819734125,23922,23922,9041,14881,0,0,0,18,0.000752445,0,255,133.241,34.3333,39.5,83.5,131.5,193.5,255.5,16,285,0,228,29.5,47.5,65.5,-38.5063,38.0846,-34.125,34.375,3.10883,43010,2440,100,372
1706673529919568754,23926,23926,9154,14772,0,0,0,7,0.000292569,0,255,132.889,33.9832,45.5,81.5,130.5,192.5,255.5,4,256,0,255,29.5,46.5,65.5,-38.0943,38.5123,-33.875,34.125,3.15874,43064,2428,100,422
1706673530020220583,23890,23890,9194,14696,0,0,0,5,0.000209293,0,255,130.217,35.0222,39.5,78.5,128.5,187.5,255.5,9,331,0,162,27.5,45.5,83.5,-38.0424,38.1456,-33.875,34.125,3.02445,43097,2667,100,494
1706673530120053437,23905,23905,9042,14863,0,0,0,17,0.000711148,0,255,130.843,35.1543,37.5,77.5,130.5,189.5,255.5,10,365,0,196,27.5,44.5,78.5,-38.5023,37.9699,-34.125,33.875,3.03277,43110,2540,100,528
1706673530219894875,23917,23917,9029,14888,0,0,0,11,0.000459924,0,255,130.83,35.1169,28.5,78.5,130.5,187.5,255.5,3,352,0,255,28.5,45.5,77.5,-38.205,38.4989,-34.125,34.125,3.06604,43122,2625,100,449
1706673530319731860,23879,23879,8980,14899,0,0,0,17,0.000711923,0,255,130.6,35.0667,35.5,80.5,129.5,190.5,255.5,15,359,0,255,27.5,44.5,71.5,-38.4813,38.2669,-34.625,34.125,3.03515,43139,2530,100,383
1706673530419579473,23917,23917,8989,14928,0,0,0,14,0.000585358,0,255,131.45,35.365,37.5,80.5,129.5,191.5,255.5,4,302,0,210,28.5,45.5,68.5,-38.3223,38.455,-34.625,34.625,3.38213,43153,2375,100,377
1706673530520205251,23940,23940,8954,14986,0,0,0,17,0.000710109,0,255,131.733,34.0916,39.5,81.5,130.5,190.5,255.5,11,243,0,167,29.5,45.5,64.5,-38.44,38.3467,-34.625,34.625,3.11118,43168,2330,100,279
1706673530620065485,23943,23943,8946,14997,0,0,0,15,0.000626488,0,255,132.698,34.8681,42.5,82.5,131.5,191.5,255.5,2,320,0,214,29.5,45.5,65.5,-38.4023,38.3953,-34.625,34.375,2.99353,43181,2290,100,328
1706673530719902591,23937,23937,8987,14950,0,0,0,15,0.000626645,0,255,130.673,35.8156,37.5,75.5,130.5,190.5,255.5,8,365,0,255,28.5,45.5,67.5,-38.3441,38.4404,-34.375,34.625,3.10524,43191,2395,100,320
1706673530819739855,23936,23936,8997,14939,0,0,0,16,0.000668449,0,255,131.48,34.7894,41.5,79.5,130.5,190.5,255.5,12,270,0,222,28.5,45.5,63.5,-38.4678,38.2993,-34.625,34.375,3.14327,43204,2300,100,369
1706673530919573059,23935,23935,8968,14967,0,0,0,12,0.000501358,0,255,130.938,35.9324,36.5,78.5,129.5,194.5,255.5,5,277,0,157,28.5,45.5,68.5,-38.2512,38.4843,-34.125,34.625,3.08742,43218,2377,100,386
1706673531020202795,23869,23869,9007,14862,0,0,0,18,0.000754116,0,255,129.732,37.3466,27.5,74.5,129.5,192.5,255.5,53,445,0,199,28.5,45.5,84.5,-38.5073,38.1922,-34.125,34.125,3.01492,43241,2644,100,402
1706673531120045717,23920,23920,9097,14823,0,0,0,0,0,0,255,130.646,35.3653,37.5,78.5,129.5,190.5,255.5,12,325,0,192,28.5,45.5,72.5,-37.9806,38.5079,-33.875,34.125,2.9864,43255,2434,100,430
1706673531219892700,23925,23925,9136,14789,0,0,0,9,0.000376176,0,255,132.379,34.4638,46.5,82.5,129.5,190.5,255.5,12,314,0,255,29.5,45.5,68.5,-38.1293,38.0871,-34.125,34.125,3.07078,43263,2336,100,445
1706673531319739744,23938,23938,9155,14783,0,0,0,17,0.000710168,0,255,132.454,34.3921,41.5,81.5,131.5,191.5,255.5,7,248,0,245,29.5,46.5,66.5,-38.5137,38.0369,-34.125,33.875,2.90559,43271,2204,100,358
1706673531419580558,23935,23935,9028,14907,0,0,0,10,0.000417798,0,255,133.321,34.8454,41.5,82.5,131.5,193.5,255.5,7,302,0,224,29.5,46.5,67.5,-38.1194,38.5132,-34.375,34.125,3.10524,43279,2252,100,426
1706673531520222703,23936,23936,8966,14970,0,0,0,17,0.000710227,0,255,134.167,35.8052,44.5,80.5,133.5,196.5,255.5,4,296,0,255,30.5,47.5,66.5,-38.5048,38.1813,-34.625,34.125,3.07553,43292,2158,100,418
1706673531620065181,23945,23945,8954,14991,0,0,0,12,0.000501148,0,255,134.241,33.9207,47.5,83.5,133.5,190.5,250.5,10,204,0,255,30.5,47.5,67.5,-38.2579,38.4807,-34.375,34.625,3.02562,43301,2071,100,446
1706673531719888031,23943,23943,9013,14930,0,0,0,16,0.000668254,0,255,134.284,36.0222,44.5,80.5,133.5,194.5,253.5,11,239,0,204,30.5,47.5,65.5,-38.4544,38.3211,-34.625,34.625,3.0767,43316,2008,100,457
1706673531819719119,23947,23947,8979,14968,0,0,0,14,0.000584624,0,255,135.143,33.8863,49.5,85.5,134.5,192.5,247.5,5,226,0,187,31.5,48.5,67.5,-38.3609,38.4353,-34.625,34.625,3.04818,43334,1896,100,362
1706673531919566622,23935,23935,8927,15008,0,0,0,15,0.000626697,0,255,133.348,34.5148,44.5,82.5,132.5,194.5,255.5,15,246,0,255,30.5,47.5,65.5,-38.396,38.3999,-34.375,34.625,2.97569,43349,2134,100,403
1706673532020210214,23960,23960,8988,14972,0,0,0,16,0.00066778,0,255,132.029,34.3052,39.5,82.5,130.5,193.5,246.5,12,216,0,194,29.5,48.5,67.5,-38.4375,38.3578,-34.625,34.375,3.15751,43364,2167,100,360
1706673532120051765,23946,23946,9038,14908,0,0,0,13,0.000542888,0,255,131.208,35.1159,39.5,80.5,129.5,194.5,255.5,5,298,0,180,29.5,49.5,69.5,-38.3091,38.4631,-34.125,34.625,3.19792,43376,2242,100,401
1706673532219920522,23947,23947,9032,14915,0,0,0,17,0.000709901,0,255,132.689,35.5441,38.5,80.5,131.5,195.5,255.5,8,276,0,198,30.5,49.5,68.5,-38.4827,38.2512,-34.125,34.125,3.2716,43382,2108,100,444
1706673532319765556,23935,23935,9038,14897,0,0,0,0,0,0,255,134.992,35.0426,38.5,82.5,134.5,196.5,248.5,9,219,0,255,31.5,51.5,69.5,-37.8729,38.4932,-33.875,34.125,3.01015,43396,2001,100,282
1706673532419609929,23943,23943,9102,14841,0,0,0,11,0.000459424,0,255,134.413,35.0324,36.5,80.5,134.5,192.5,249.5,4,224,0,198,32.5,54.5,73.5,-38.2267,37.9354,-33.875,33.875,3.02322,43403,1952,100,312
1706673532519851435,23960,23960,9109,14851,0,0,0,17,0.000709516,0,255,134.611,34.3601,34.5,82.5,134.5,190.5,244.5,16,190,0,187,32.5,55.5,72.5,-38.5035,38.1784,-34.125,34.125,3.00896,43414,1768,100,335
1706673532619687490,23957,23957,9072,14885,0,0,0,12,0.000500897,0,255,134.482,35.3375,32.5,81.5,134.5,192.5,251.5,12,207,0,194,31.5,53.5,70.5,-38.0957,38.5099,-34.375,34.125,2.93172,43422,1943,100,275
1706673532719518818,23952,23952,8950,15002,0,0,0,17,0.000709753,0,255,135.385,32.6795,54.5,86.5,133.5,188.5,247.5,6,226,0,156,32.5,55.5,70.5,-38.515,38.1023,-34.625,34.375,3.21693,43429,1769,100,387
1706673532820170049,23958,23958,8886,15072,0,0,0,11,0.000459137,0,255,135.338,33.1194,49.5,85.5,134.5,191.5,238.5,9,158,0,231,32.5,57.5,73.5,-38.1793,38.5007,-34.375,34.625,3.58889,43435,1690,100,259
1706673532920016231,23945,23945,8878,15067,0,0,0,17,0.00070996,0,255,134.64,34.4488,41.5,83.5,134.5,191.5,252.5,5,220,0,205,31.5,50.5,68.5,-38.4883,38.2252,-34.625,34.375,2.98282,43447,2017,100,246
1706673533019860971,23950,23950,9017,14933,0,0,0,13,0.000542797,0,255,134.026,33.2329,50.5,84.5,132.5,191.5,242.5,9,198,0,172,30.5,48.5,68.5,-38.2899,38.4718,-34.625,34.625,3.167,43457,2027,100,297
1706673533119704037,23959,23959,8986,14973,0,0,0,17,0.000709545,0,255,134.431,33.5909,45.5,85.5,132.5,192.5,255.5,10,248,0,255,30.5,48.5,65.5,-38.4473,38.3446,-34.625,34.625,3.6875,43470,2040,100,285
1706673533219550292,23956,23956,8945,15011,0,0,0,15,0.000626148,0,255,135.589,34.1296,48.5,85.5,135.5,194.5,245.5,7,213,0,255,31.5,50.5,65.5,-38.3869,38.4084,-34.375,34.125,3.16106,43474,1885,100,309
1706673533320170323,23953,23953,9011,14942,0,0,0,16,0.000667975,0,255,135.264,34.1025,50.5,84.5,134.5,193.5,248.5,4,229,0,169,31.5,52.5,69.5,-38.4081,38.3944,-34.125,34.875,3.14085,43481,1833,100,264
1706673533420016603,23959,23959,8978,14981,0,0,0,16,0.000667808,3.38191,255,134.577,34.1257,44.5,83.5,134.5,189.5,251.5,0,233,0,255,31.5,50.5,64.5,-38.426,38.3712,-34.125,34.375,3.15511,43492,1856,100,291
1706673533519854026,23943,23943,9090,14853,0,0,0,0,0,0,255,134.462,34.3223,42.5,84.5,134.5,191.5,255.5,8,270,0,162,31.5,47.5,65.5,-37.718,38.4625,-33.875,34.125,3.02202,43505,1972,100,289
1706673533619691645,23937,23937,9074,14863,0,0,0,14,0.000584869,0,255,134.377,34.6841,43.5,84.5,132.5,193.5,255.5,10,241,0,255,30.5,48.5,66.5,-38.317,37.8332,-34.125,33.875,3.16462,43518,1966,100,259
1706673533719543274,23950,23950,9119,14831,0,0,0,17,0.000709812,0,255,134.425,34.3644,50.5,84.5,133.5,191.5,255.5,2,242,0,233,30.5,48.5,66.5,-38.4899,38.2296,-34.125,33.875,2.90912,43531,1965,100,343
1706673533820174963,23948,23948,9049,14899,0,0,0,10,0.000417571,0,255,133.018,35.0761,39.5,84.5,131.5,191.5,255.5,11,296,0,190,29.5,47.5,70.5,-38.1777,38.5058,-34.375,34.125,3.4023,43541,2158,100,288
1706673533920035761,23928,23928,8946,14982,0,0,0,17,0.000710465,0,255,133.395,36.2476,40.5,81.5,132.5,196.5,255.5,14,342,0,255,29.5,48.5,74.5,-38.5156,38.1013,-34.625,34.375,2.9828,43551,2208,100,370
1706673534019873025,23950,23950,8951,14999,0,0,0,11,0.00045929,0,255,133.148,35.6766,39.5,79.5,132.5,191.5,255.5,7,260,0,255,30.5,48.5,70.5,-38.0794,38.5151,-34.375,34.625,2.92219,43559,2134,100,402
1706673534119710608,23944,23944,8868,15076,0,0,0,17,0.00070999,0,255,134.955,36.7678,35.5,79.5,134.5,196.5,255.5,4,293,0,166,30.5,49.5,70.5,-38.5044,38.1245,-34.625,34.625,2.92457,43567,1987,100,353
1706673534219544921,23926,23926,8894,15032,0,0,0,10,0.000417955,0,255,133.554,37.1308,31.5,73.5,134.5,192.5,255.5,4,338,0,255,30.5,50.5,74.5,-38.1664,38.5049,-34.375,34.625,2.80928,43580,1933,100,321
1706673534320189867,23938,23938,9018,14920,0,0,0,17,0.000710168,0,255,133.481,38.3047,28.5,70.5,133.5,195.5,255.5,15,323,0,158,30.5,51.5,73.5,-38.4836,38.2424,-34.625,34.625,2.98754,43593,1893,100,320
1706673534420024074,23929,23929,9034,14895,0,0,0,14,0.000585064,0,255,134.229,37.3241,32.5,78.5,134.5,195.5,255.5,12,352,0,255,30.5,50.5,74.5,-38.3087,38.458,-34.375,34.125,2.88534,43615,1976,100,323
1706673534519878493,23921,23921,9045,14876,0,0,0,16,0.000668868,0,255,134.157,37.9318,35.5,74.5,134.5,198.5,255.5,27,384,0,255,29.5,49.5,78.5,-38.4341,38.3546,-34.125,34.125,2.82711,43707,2109,100,343
1706673534619730803,23943,23943,9078,14865,0,0,0,15,0.000626488,0,255,134.514,35.9157,36.5,80.5,134.5,193.5,255.5,15,295,0,203,30.5,50.5,73.5,-38.4047,38.387,-34.125,34.875,2.96139,43748,2024,100,416
1706673534719575545,23929,23929,9058,14871,0,0,0,0,0,0,255,133.741,36.28,33.5,79.5,133.5,192.5,255.5,11,320,0,226,30.5,49.5,74.5,-37.5962,38.4261,-33.625,34.375,2.96377,43763,2013,100,370
1706673534820214271,23928,23928,9053,14875,0,0,0,15,0.000626881,0,255,134.071,35.3609,37.5,82.5,133.5,192.5,255.5,8,289,0,255,29.5,49.5,74.5,-38.3646,37.6729,-34.125,33.625,3.03626,43777,2136,100,428
1706673534920056872,23941,23941,9117,14824,0,0,0,16,0.00066831,0,255,133.473,36.1804,32.5,79.5,132.5,193.5,255.5,26,307,0,237,29.5,49.5,77.5,-38.4488,38.3255,-34.125,34.125,2.92693,43790,2171,100,374
1706673535019891419,23932,23932,9098,14834,0,0,0,13,0.000543206,0,255,132.025,36.2097,34.5,77.5,131.5,192.5,255.5,5,306,0,255,29.5,49.5,75.5,-38.2875,38.4698,-34.625,34.125,2.95188,43811,2210,100,344
1706673535119729201,23936,23936,8942,14994,0,0,0,18,0.000752005,0,255,132.472,35.785,39.5,81.5,131.5,193.5,255.5,5,387,0,252,29.5,49.5,72.5,-38.4981,38.2209,-34.625,34.375,2.89366,43832,2173,100,341
1706673535219577483,23904,23904,8883,15021,0,0,0,10,0.00041834,0,255,132.213,36.523,27.5,80.5,130.5,193.5,255.5,10,429,0,255,29.5,49.5,83.5,-38.1634,38.5083,-34.375,34.625,3.00298,43854,2314,100,379
1706673535320216729,23934,23934,8860,15074,0,0,0,17,0.000710287,0,255,131.671,35.6558,33.5,80.5,130.5,192.5,255.5,33,326,0,178,29.5,48.5,78.5,-38.5062,38.1156,-34.625,34.375,3.69342,43868,2273,100,380
1706673535420056453,23891,23891,8973,14918,0,0,0,11,0.000460424,0,255,132.388,38.3006,29.5,73.5,132.5,198.5,255.5,34,427,0,255,28.5,49.5,109.5,-38.0934,38.5077,-34.375,34.625,3.12182,43899,2370,100,487
1706673535519904121,23857,23857,9027,14830,0,0,0,17,0.000712579,0,255,131.705,42.4854,3.5,62.5,131.5,208.5,255.5,141,640,0,255,28.5,51.5,123.5,-38.4999,38.1845,-34.625,34.375,3.1218,44002,2514,100,606
1706673535619741737,23855,23855,9080,14775,0,0,0,12,0.000503039,0,255,132.004,41.7565,3.5,63.5,131.5,200.5,255.5,109,600,0,255,28.5,52.5,126.5,-38.2365,38.4912,-34.625,34.125,3.11586,44053,2675,100,587
1706673535719580719,23810,23810,9022,14788,0,0,0,17,0.000713986,0,255,131.297,43.2086,7.5,54.5,130.5,207.5,255.5,84,787,0,255,27.5,54.5,149.5,-38.4786,38.272,-34.125,33.875,2.98395,44095,2744,100,715
1706673535820218061,23844,23844,9102,14742,0,0,0,14,0.00058715,0,255,131.514,44.1626,3.5,52.5,130.5,215.5,255.5,100,791,0,255,27.5,53.5,137.5,-38.3156,37.7908,-34.125,34.125,2.84848,44134,2714,100,741
1706673535920062092,23879,23879,9104,14775,0,0,0,0,0,0,255,130.192,38.5943,28.5,69.5,129.5,196.5,255.5,37,512,0,255,27.5,52.5,150.5,-37.7036,38.4554,-33.875,34.875,2.89126,44156,2579,100,641
1706673536019907992,23895,23895,9044,14851,0,0,0,16,0.000669596,0,255,129.969,38.2637,9.5,71.5,129.5,191.5,255.5,100,435,0,255,28.5,47.5,108.5,-38.4258,37.5923,-34.125,33.625,2.93879,44183,2441,100,612
1706673536119736312,23893,23893,9007,14886,0,0,0,15,0.000627799,0,255,130.875,37.5146,15.5,75.5,129.5,194.5,255.5,39,453,0,255,28.5,47.5,106.5,-38.4094,38.3866,-34.125,34.125,2.89364,44193,2489,100,481
1706673536219573195,23909,23909,9040,14869,0,0,0,15,0.000627379,0,255,131.578,36.9932,29.5,80.5,129.5,196.5,255.5,12,439,0,255,28.5,47.5,101.5,-38.3552,38.4411,-34.625,34.125,2.95068,44216,2455,100,565
1706673536320225106,23912,23912,9013,14899,0,0,0,16,0.00066912,0,255,130.914,37.2594,18.5,80.5,128.5,196.5,255.5,34,395,0,246,28.5,46.5,94.5,-38.4618,38.3091,-34.625,34.625,2.96732,44237,2342,100,539
1706673536420058603,23897,23897,8900,14997,0,0,0,12,0.000502155,0,255,130.684,36.7699,32.5,78.5,128.5,192.5,255.5,3,439,0,255,28.5,47.5,109.5,-38.2453,38.4864,-34.375,34.625,2.94355,44279,2439,100,506
1706673536519900806,23898,23898,8826,15072,0,0,0,17,0.000711357,0,255,130.362,37.8716,21.5,76.5,128.5,194.5,255.5,38,502,0,255,28.5,48.5,111.5,-38.5014,38.194,-34.625,34.375,2.97088,44298,2289,100,648
1706673536619731903,23903,23903,8906,14997,0,0,0,9,0.000376522,0,255,130.838,37.5048,22.5,80.5,127.5,197.5,255.5,40,463,0,255,28.5,46.5,102.5,-38.1225,38.5041,-34.375,34.625,2.95187,44310,2320,100,513
1706673536719563521,23900,23900,9015,14885,0,0,0,18,0.000753138,0,255,130.673,38.151,19.5,78.5,127.5,201.5,255.5,23,473,0,255,28.5,47.5,119.5,-38.5081,38.081,-34.625,34.375,2.95662,44331,2238,100,515
1706673536820196409,23954,23954,9116,14838,0,0,0,9,0.00037572,0,255,131.998,35.972,32.5,83.5,129.5,193.5,255.5,20,402,0,255,29.5,46.5,89.5,-38.1428,38.5079,-34.375,34.125,2.82828,44337,2243,100,454
1706673536920037129,23950,23950,9039,14911,0,0,0,18,0.000751566,0,255,132.477,34.3094,42.5,85.5,130.5,192.5,255.5,10,348,0,243,29.5,47.5,83.5,-38.4968,38.2019,-34.125,33.875,3.02077,44347,2137,100,453
1706673537019878430,23951,23951,9030,14921,0,0,0,12,0.000501023,0,255,132.603,34.8569,37.5,85.5,130.5,191.5,255.5,18,342,0,255,29.5,46.5,79.5,-38.2608,37.8968,-33.875,33.875,2.93997,44360,2068,100,480
1706673537119722647,23946,23946,9070,14876,0,0,0,0,0,0,255,133.493,34.8499,39.5,86.5,131.5,195.5,255.5,28,333,0,255,29.5,47.5,87.5,-37.8113,38.479,-33.875,34.125,2.99225,44378,2078,100,463
1706673537219556449,23922,23922,9096,14826,0,0,0,17,0.000710643,0,255,132.881,35.5442,32.5,84.5,130.5,192.5,255.5,18,405,0,240,29.5,48.5,88.5,-38.4652,38.2898,-34.125,35.125,2.85559,44390,2106,100,368
1706673537320198021,23936,23936,9010,14926,0,0,0,14,0.000584893,0,255,132.762,36.164,38.5,78.5,131.5,193.5,255.5,29,350,0,229,29.5,47.5,88.5,-38.3467,38.4441,-34.125,34.125,2.86867,44412,2002,100,444
1706673537420048834,23904,23904,8972,14932,0,0,0,16,0.000669344,0,255,130.759,37.6745,21.5,75.5,128.5,196.5,255.5,36,504,0,255,27.5,48.5,101.5,-38.4113,38.3818,-34.625,34.125,2.92452,44439,2179,100,518
1706673537519906588,23904,23904,9055,14849,0,0,0,15,0.00062751,0,255,130.833,36.3987,31.5,78.5,128.5,193.5,255.5,13,397,0,255,27.5,47.5,101.5,-38.4122,38.379,-34.625,34.625,2.75577,44465,2339,100,541
1706673537619741462,23880,23880,8954,14926,0,0,0,14,0.000586265,0,255,129.412,38.6181,11.5,71.5,128.5,190.5,255.5,20,589,0,255,27.5,50.5,150.5,-38.3308,38.4479,-34.625,34.625,2.70705,44507,2465,100,604
1706673537719573664,23908,23908,8878,15030,0,0,0,17,0.000711059,0,255,129.663,37.1798,15.5,73.5,128.5,188.5,255.5,28,444,0,255,27.5,48.5,101.5,-38.4858,38.2747,-34.625,34.625,2.72131,44524,2301,100,481
1706673537820210133,23944,23944,8893,15051,0,0,0,12,0.000501169,0,255,131.516,37.4507,34.5,75.5,129.5,195.5,255.5,35,445,0,255,28.5,47.5,92.5,-38.2202,38.4916,-34.375,34.625,3.1301,44544,2215,100,487
1706673537920051196,23951,23951,8960,14991,0,0,0,17,0.000709782,0,255,133.926,35.7561,41.5,82.5,131.5,193.5,255.5,13,348,0,255,29.5,46.5,80.5,-38.5053,38.1591,-34.625,34.375,2.8449,44559,2019,100,325
1706673538019884934,23950,23950,9076,14874,0,0,0,12,0.000501044,0,255,133.28,36.6743,38.5,81.5,130.5,195.5,255.5,10,394,0,255,29.5,47.5,84.5,-38.1072,38.5044,-34.375,34.125,2.81162,44577,2024,100,450
1706673538119728359,23943,23943,9182,14761,0,0,0,17,0.00071002,0,255,132.62,36.8943,29.5,77.5,131.5,193.5,255.5,30,355,0,255,30.5,48.5,82.5,-38.5114,38.0729,-34.125,33.875,2.85797,44597,1920,100,321
1706673538219580829,23942,23942,9112,14830,0,0,0,10,0.000417676,0,255,133.323,35.3172,38.5,83.5,131.5,192.5,255.5,27,350,0,255,30.5,47.5,79.5,-38.1441,38.0504,-34.125,33.875,2.69041,44609,1871,100,425
1706673538320208035,23945,23945,9034,14911,0,0,0,0,0,0,255,133.848,36.3924,37.5,82.5,131.5,194.5,255.5,15,396,0,255,29.5,47.5,88.5,-37.955,38.506,-33.875,34.125,3.83358,44636,2032,100,309
1706673538420052097,23936,23936,9048,14888,0,0,0,18,0.000752005,0,255,133.488,37.7766,30.5,80.5,131.5,198.5,255.5,28,417,0,255,30.5,47.5,83.5,-38.4957,38.219,-34.125,34.625,2.81636,44656,1986,100,445
1706673538519899972,23943,23943,9058,14885,0,0,0,13,0.000542956,0,255,131.859,37.2694,30.5,76.5,129.5,193.5,255.5,33,448,0,242,29.5,47.5,88.5,-38.2787,38.4774,-34.125,34.625,2.72367,44678,2112,100,462
1706673538619731212,23949,23949,9003,14946,0,0,0,16,0.000668086,0,255,134.2,37.7518,35.5,79.5,131.5,199.5,255.5,18,426,0,220,30.5,48.5,87.5,-38.4547,38.3212,-34.625,34.125,2.8021,44691,1891,100,547
1706673538719558610,23940,23940,8935,15005,0,0,0,15,0.000626566,0,255,134.809,37.4297,46.5,81.5,132.5,201.5,255.5,13,399,0,201,30.5,49.5,80.5,-38.351,38.4349,-34.625,34.625,2.90667,44705,1905,100,473
1706673538820197548,23957,23957,8961,14996,0,0,0,15,0.000626122,0,255,133.793,36.5133,39.5,81.5,130.5,195.5,255.5,25,358,0,218,30.5,50.5,80.5,-38.3923,38.4,-34.375,34.375,2.93757,44715,1884,100,478
1706673538920027601,23943,23943,8889,15054,0,0,0,16,0.000668254,0,255,133.269,36.629,44.5,82.5,130.5,198.5,255.5,15,354,0,255,31.5,51.5,78.5,-38.4219,38.3609,-34.625,34.625,2.78665,44726,1777,100,450
1706673539019859012,23948,23948,8940,15008,0,0,0,14,0.0005846,0,255,132.728,36.4214,41.5,82.5,130.5,194.5,255.5,19,288,0,235,31.5,53.5,75.5,-38.3409,38.4468,-34.625,34.625,2.66782,44735,1737,100,346
1706673539119708159,23944,23944,8961,14983,0,0,0,16,0.000668226,0,255,131.997,36.2202,47.5,82.5,128.5,193.5,255.5,20,298,0,248,31.5,55.5,76.5,-38.4741,38.2782,-34.625,34.125,2.75694,44753,1462,100,325
1706673539219543842,23953,23953,9059,14894,0,0,0,12,0.000500981,0,255,132.385,34.0836,53.5,84.5,130.5,188.5,247.5,15,217,0,255,31.5,55.5,75.5,-38.2282,38.4851,-34.125,34.125,2.77596,44774,1424,100,345
1706673539320167318,23956,23956,9088,14868,0,0,0,17,0.000709634,0,255,134.068,34.456,48.5,84.5,132.5,189.5,253.5,10,237,0,255,32.5,56.5,71.5,-38.5085,37.9485,-34.125,33.875,2.82587,44790,1619,100,411
1706673539419999747,23956,23956,9131,14825,0,0,0,4,0.000166973,0,255,133.823,35.0987,47.5,84.5,132.5,192.5,255.5,17,292,0,255,31.5,54.5,76.5,-38.033,38.1533,-34.125,34.125,2.71416,44808,1698,100,429
1706673539519843699,23942,23942,9070,14872,0,0,0,7,0.000292373,0,255,134.304,37.0233,35.5,83.5,131.5,195.5,255.5,22,365,0,255,31.5,53.5,85.5,-38.094,38.5139,-34.125,34.125,2.75219,44829,1862,100,511
1706673539619675359,23937,23937,9023,14914,0,0,0,18,0.000751974,0,255,134.67,36.7855,35.5,82.5,131.5,194.5,255.5,27,334,0,233,31.5,54.5,82.5,-38.5035,38.0768,-34.125,34.375,2.81872,44848,1752,100,424
1706673539719519899,23962,23962,8969,14993,0,0,0,10,0.000417327,0,255,135.158,37.2368,34.5,83.5,132.5,196.5,255.5,22,360,0,235,31.5,55.5,81.5,-38.1592,38.5105,-34.125,34.625,2.83179,44870,1781,100,393
1706673539820154669,23959,23959,8996,14963,0,0,0,17,0.000709545,0,255,134.71,35.4618,42.5,83.5,131.5,193.5,255.5,17,252,0,243,31.5,57.5,78.5,-38.4904,38.2497,-34.625,34.125,2.82229,44886,1734,100,379
1706673539919991189,23962,23962,8972,14990,0,0,0,13,0.000542526,0,255,133.577,34.2732,49.5,84.5,131.5,190.5,255.5,21,243,0,219,31.5,59.5,75.5,-38.2931,38.4662,-34.375,34.625,2.72247,44900,1629,100,387
1706673540019829799,23948,23948,9015,14933,0,0,0,16,0.000668114,0,255,132.467,35.7063,45.5,82.5,129.5,192.5,255.5,15,310,0,234,31.5,62.5,80.5,-38.4464,38.3261,-34.625,34.625,3.45923,44914,1561,100,333
1706673540119663934,23964,23964,8951,15013,0,0,0,15,0.000625939,0,255,133.816,38.2638,33.5,79.5,130.5,198.5,255.5,37,413,0,227,32.5,65.5,80.5,-38.3795,38.4201,-34.625,34.625,3.0243,44924,1459,100,412
1706673540219513691,23930,23930,8922,15008,0,0,0,15,0.000626828,0,255,132.882,37.1342,34.5,81.5,130.5,194.5,255.5,54,255,0,255,32.5,66.5,80.5,-38.3873,38.4066,-34.625,34.625,2.74861,44947,1315,100,391
1706673540320140696,23972,23972,8977,14995,0,0,0,16,0.000667445,0,255,133.577,36.0082,45.5,81.5,130.5,193.5,255.5,17,254,0,255,31.5,65.5,78.5,-38.448,38.3322,-34.625,34.125,2.69276,44958,1399,100,320
1706673540419983659,23940,23940,9082,14858,0,0,0,13,0.000543024,0,255,133.013,38.2919,29.5,77.5,131.5,193.5,255.5,31,379,0,255,31.5,58.5,81.5,-38.2969,38.4705,-34.125,34.125,2.63928,45002,1658,100,336
1706673540519827329,23933,23933,9127,14806,0,0,0,17,0.000710316,0,255,134.182,37.4194,29.5,79.5,132.5,193.5,255.5,42,348,0,255,31.5,55.5,80.5,-38.4864,37.8278,-34.125,33.875,2.72128,45021,1562,100,556
1706673540619663271,23948,23948,9125,14823,0,0,0,0,0,0,255,135,37.4437,30.5,81.5,133.5,196.5,255.5,37,310,0,240,32.5,56.5,77.5,-37.8846,38.2484,-33.875,33.875,2.82347,45048,1617,100,382
1706673540719498039,23942,23942,9078,14864,0,0,0,11,0.000459444,0,255,134.426,38.0353,28.5,78.5,134.5,196.5,255.5,25,326,0,255,31.5,53.5,76.5,-38.2169,38.4921,-33.875,34.125,2.70702,45069,1694,100,401
1706673540820139974,23955,23955,8994,14961,0,0,0,17,0.000709664,0,255,134.497,37.798,31.5,79.5,133.5,198.5,255.5,27,340,0,255,31.5,52.5,75.5,-38.5134,38.1313,-34.125,34.375,2.76168,45092,1692,100,451
1706673540919977447,23944,23944,9004,14940,0,0,0,13,0.000542934,0,255,134.566,38.7074,29.5,80.5,132.5,200.5,255.5,17,439,0,199,32.5,56.5,80.5,-38.0699,38.514,-34.375,34.625,2.76049,45112,1580,100,344
1706673541019813086,23937,23937,8943,14994,0,0,0,18,0.000751974,0,255,133.446,38.4257,24.5,79.5,132.5,198.5,255.5,35,316,0,255,31.5,59.5,78.5,-38.5178,38.1147,-34.625,34.375,2.64996,45133,1516,100,430
1706673541119647700,23948,23948,8941,15007,0,0,0,11,0.000459329,0,255,134.23,38.4373,32.5,79.5,131.5,198.5,255.5,33,343,0,244,32.5,56.5,78.5,-38.1895,38.4981,-34.375,34.625,2.70938,45149,1565,100,361
1706673541219874001,23957,23957,8916,15041,0,0,0,17,0.000709605,0,255,133.399,37.7583,31.5,81.5,131.5,197.5,255.5,20,377,0,232,32.5,55.5,73.5,-38.4783,38.2615,-34.625,34.625,2.67373,45161,1546,100,401
1706673541319703128,23936,23936,9055,14881,0,0,0,13,0.000543115,0,255,134.54,38.1637,38.5,83.5,132.5,198.5,255.5,31,403,0,239,32.5,55.5,74.5,-38.3021,38.4721,-34.625,34.625,2.60362,45177,1419,100,410
1706673541419539309,22813,22813,8659,14154,0,0,0,16,0.000701354,0,255,133.926,35.947,43.5,82.5,132.5,194.5,252.5,30,221,0,161,32.5,56.5,74.5,-38.4583,38.3259,-34.625,34.625,2.45508,45186,1225,100,407
1706673541520195443,23969,23969,8975,14994,0,0,0,15,0.000625808,0,255,133.769,36.7901,43.5,83.5,132.5,195.5,255.5,22,328,0,233,32.5,55.5,74.5,-38.3914,38.4028,-34.625,34.125,2.71413,45196,1522,100,425
1706673541620046193,23946,23946,9001,14945,0,0,0,14,0.000584649,0,255,133.631,36.7541,33.5,81.5,132.5,196.5,255.5,44,332,0,235,32.5,55.5,77.5,-38.357,38.4366,-34.125,34.125,2.79256,45209,1464,100,436
1706673541719878215,23956,23956,9088,14868,0,0,0,17,0.000709634,0,255,132.905,37.7999,28.5,80.5,131.5,197.5,255.5,26,333,0,224,32.5,55.5,76.5,-38.4602,37.7109,-34.125,33.875,2.83772,45227,1522,100,427
1706673541819719602,23932,23932,9192,14740,0,0,0,0,0,0,255,133.435,37.7148,33.5,78.5,131.5,196.5,255.5,20,355,0,232,32.5,55.5,76.5,-37.7663,38.3186,-33.875,34.125,2.66898,45245,1489,100,412
1706673541919557140,23957,23957,9084,14873,0,0,0,13,0.000542639,0,255,134.358,36.7409,32.5,81.5,132.5,197.5,255.5,18,321,0,245,32.5,55.5,73.5,-38.2847,38.4774,-34.125,34.125,2.65828,45261,1566,100,458
1706673542020200802,23955,23955,8984,14971,0,0,0,17,0.000709664,0,255,133.925,37.9328,28.5,79.5,132.5,198.5,255.5,43,328,0,231,31.5,55.5,76.5,-38.4821,38.2437,-34.125,34.375,2.71294,45281,1514,100,289
1706673542120031053,23940,23940,8954,14986,0,0,0,10,0.000417711,0,255,133.585,38.3976,27.5,77.5,132.5,200.5,255.5,35,408,0,231,31.5,55.5,82.5,-38.1806,38.5007,-34.375,34.625,2.67611,45310,1631,100,420
1706673542219872078,23934,23934,8912,15022,0,0,0,18,0.000752068,0,255,133.824,38.073,25.5,79.5,132.5,200.5,255.5,24,408,0,255,30.5,52.5,85.5,-38.5124,38.1024,-34.625,34.375,2.67848,45328,1762,100,359
1706673542319709080,23912,23912,8975,14937,0,0,0,13,0.00054366,0,255,133.545,39.8953,24.5,74.5,132.5,203.5,255.5,58,475,0,232,30.5,53.5,100.5,-38.0983,38.5081,-34.375,34.625,2.6868,45355,1860,100,452
1706673542419537940,23932,23932,9003,14929,0,0,0,18,0.000752131,0,255,131.572,41.0007,13.5,69.5,130.5,202.5,255.5,77,511,0,246,29.5,55.5,112.5,-38.5065,38.1674,-34.625,34.375,2.76046,45382,2048,100,529
1706673542520178247,23910,23910,8933,14977,0,0,0,11,0.000460059,0,255,131.855,43.2473,8.5,64.5,130.5,213.5,255.5,130,687,0,255,29.5,61.5,114.5,-38.2364,38.4917,-34.625,34.625,2.77472,45414,2153,100,544
1706673542620019879,23886,23886,9019,14867,0,0,0,17,0.000711714,0,255,130.347,44.5423,6.5,60.5,129.5,218.5,255.5,99,706,0,255,29.5,66.5,134.5,-38.4785,38.268,-34.125,34.625,2.71412,45460,2186,100,642
1706673542719868397,23887,23887,9064,14823,0,0,0,14,0.000586093,0,255,131.642,47.233,0.5,53.5,131.5,222.5,255.5,322,849,0,245,29.5,69.5,130.5,-38.324,38.4554,-34.875,34.125,2.75333,45505,2218,100,588
1706673542819713082,23885,23885,9040,14845,0,0,0,16,0.000669876,0,255,131.528,44.7932,9.5,61.5,130.5,217.5,255.5,104,729,0,252,29.5,69.5,136.5,-38.4304,38.3706,-34.125,34.125,2.71055,45548,2191,100,559
1706673542919548343,23912,23912,9036,14876,0,0,0,16,0.00066912,0,255,132.459,44.7928,6.5,61.5,131.5,219.5,255.5,68,706,0,247,30.5,66.5,125.5,-38.4111,37.5898,-34.125,33.625,2.74145,45586,2162,100,610
1706673543020172886,23893,23893,9140,14753,0,0,0,0,0,0,255,130.981,44.7769,5.5,60.5,130.5,211.5,255.5,162,774,0,253,29.5,64.5,122.5,-37.6487,38.3818,-33.625,34.125,2.72362,45611,2181,100,601
1706673543120010332,23892,23892,9134,14758,0,0,0,14,0.00058597,0,255,131.833,45.1308,6.5,61.5,130.5,220.5,255.5,125,825,0,255,30.5,64.5,132.5,-38.344,38.4447,-34.125,34.125,2.81988,45655,2153,100,605
1706673543219857615,23892,23892,9049,14843,0,0,0,17,0.000711535,0,255,132.193,45.3335,5.5,60.5,130.5,220.5,255.5,123,792,0,255,29.5,70.5,137.5,-38.4638,38.2933,-34.125,34.375,2.72956,45700,2118,100,683
1706673543319709060,23883,23883,8936,14947,0,0,0,12,0.000502449,0,255,132.218,47.3302,2.5,54.5,130.5,228.5,255.5,157,871,0,255,28.5,74.5,150.5,-38.2413,38.4898,-34.375,34.625,2.87335,45744,2290,100,789
1706673543419553060,23798,23798,8856,14942,0,0,0,17,0.000714346,0,255,130.46,49.5306,3.5,40.5,128.5,241.5,255.5,180,1107,0,255,28.5,86.5,150.5,-38.504,38.1851,-34.625,34.375,2.79017,45859,2482,100,615
1706673543520185774,23833,23833,8926,14907,0,0,0,9,0.000377628,0,255,130.916,50.0765,0.5,46.5,128.5,255.5,255.5,360,1244,0,255,28.5,87.5,150.5,-38.1081,38.5059,-34.375,34.625,2.68678,45918,2319,100,744
1706673543620034027,23880,23880,9062,14818,0,0,0,17,0.000711893,0,255,130.159,48.1986,0.5,50.5,127.5,236.5,255.5,322,1056,0,255,29.5,77.5,150.5,-38.5151,38.0905,-34.625,34.375,2.97198,45955,2333,100,669
1706673543719878040,23908,23908,9024,14884,0,0,0,9,0.000376443,0,255,130.335,42.3891,12.5,73.5,127.5,209.5,255.5,113,660,0,255,30.5,65.5,150.5,-38.1341,38.509,-34.375,34.625,2.80681,45973,2043,100,569
1706673543819710399,23939,23939,8962,14977,0,0,0,18,0.000751911,0,255,130.814,41.0496,19.5,73.5,129.5,202.5,255.5,48,546,0,255,30.5,55.5,115.5,-38.4963,38.1994,-34.125,34.375,2.84719,46038,1877,100,473
1706673543919553997,23912,23912,9040,14872,0,0,0,12,0.00050184,0,255,130.356,42.9162,12.5,71.5,127.5,210.5,255.5,56,678,0,255,29.5,69.5,146.5,-38.2559,38.4789,-33.875,34.125,2.79728,46072,2080,100,610
1706673544020192444,23879,23879,9080,14799,0,0,0,17,0.000711923,0,255,131.447,47.2763,3.5,58.5,128.5,239.5,255.5,173,1085,0,244,29.5,80.5,150.5,-38.462,38.3083,-34.375,34.125,2.65825,46113,2168,100,758
1706673544120046882,23875,23875,9077,14798,0,0,0,14,0.000586387,0,255,130.969,48.1495,2.5,49.5,128.5,247.5,255.5,212,1103,0,255,29.5,80.5,150.5,-38.3492,37.7147,-34.125,33.875,2.72717,46161,2336,100,576
1706673544219891836,23806,23806,9055,14751,0,0,0,0,0,0,255,131.454,51.2159,2.5,46.5,128.5,255.5,255.5,196,1349,0,255,28.5,92.5,150.5,-37.6183,38.4326,-33.625,34.125,2.71172,46213,2445,100,786
1706673544319721651,23802,23802,9099,14703,0,0,0,15,0.000630199,0,255,129.778,50.5865,3.5,42.5,127.5,255.5,255.5,121,1257,0,255,28.5,86.5,150.5,-38.3948,38.3927,-34.125,34.125,3.05752,46286,2565,100,650
1706673544419551727,23805,23805,9053,14752,0,0,0,16,0.000672128,0,255,130.455,50.134,3.5,40.5,128.5,244.5,255.5,173,1068,0,255,28.5,84.5,150.5,-38.436,38.3611,-34.125,34.625,2.86264,46349,2725,100,584
1706673544520187399,23803,23803,9001,14802,0,0,0,14,0.000588161,0,255,132.066,47.1429,6.5,49.5,130.5,226.5,255.5,168,887,0,255,28.5,73.5,123.5,-38.3165,38.4555,-34.625,34.625,2.9482,46391,2481,100,585
1706673544620006222,23870,23870,8858,15012,0,0,0,17,0.000712191,0,255,132.186,47.4474,6.5,46.5,132.5,224.5,255.5,136,814,0,245,29.5,73.5,126.5,-38.4796,38.2728,-34.625,34.625,2.88165,46417,2144,100,784
1706673544719853140,23867,23867,8843,15024,0,0,0,11,0.000460887,0,255,133.58,47.3246,6.5,50.5,132.5,226.5,255.5,154,783,0,255,29.5,73.5,115.5,-38.2134,38.4979,-34.375,34.625,2.8971,46456,1893,100,726
1706673544819704207,23871,23871,8917,14954,0,0,0,18,0.000754053,0,255,133.04,47.5723,5.5,48.5,132.5,223.5,255.5,134,791,0,255,28.5,71.5,107.5,-38.507,38.1615,-34.625,34.375,2.81748,46477,1879,100,802
1706673544919542917,23902,23902,9128,14774,0,0,0,12,0.00050205,0,255,130.901,46.4428,6.5,46.5,130.5,216.5,255.5,148,597,0,255,28.5,61.5,101.5,-38.0928,38.512,-34.375,34.625,2.81986,46497,1955,100,875
1706673545020189303,23888,23888,8994,14894,0,0,0,18,0.000753516,0,255,129.198,48.7527,8.5,40.5,129.5,218.5,255.5,112,674,0,255,28.5,62.5,110.5,-38.5132,38.1122,-34.125,34.375,2.79134,46535,1783,100,913
1706673545120027286,23897,23897,9059,14838,0,0,0,10,0.000418463,0,255,131.027,47.9988,8.5,46.5,130.5,222.5,255.5,137,716,0,255,28.5,61.5,109.5,-38.1774,38.5019,-33.875,34.125,2.81153,46555,1852,100,766
1706673545219865397,23849,23849,9060,14789,0,0,0,5,0.000209652,0,255,130.676,47.9101,6.5,43.5,129.5,225.5,255.5,126,724,0,255,28.5,63.5,108.5,-38.3652,38.23,-34.375,33.875,2.86381,46587,1932,100,811
1706673545319694944,23819,23819,9097,14722,0,0,0,25,0.00104958,0,255,130.381,47.0599,5.5,47.5,129.5,221.5,255.5,132,687,0,255,28.5,71.5,127.5,-38.4925,37.8463,-34.875,33.875,2.77112,46614,2199,100,785
1706673545419534018,23849,23849,9093,14756,0,0,0,0,0,0,255,130.122,49.5598,0.5,36.5,129.5,222.5,255.5,345,748,0,255,28.5,73.5,124.5,-37.7638,38.474,-33.875,34.125,2.73429,46650,2298,100,751
1706673545520177099,23833,23833,9082,14751,0,0,0,16,0.000671338,0,255,131.776,49.7338,0.5,42.5,130.5,234.5,255.5,314,807,0,255,28.5,77.5,127.5,-38.4498,38.3248,-34.125,34.125,2.68081,46676,2141,100,763
1706673545620020387,23867,23867,9090,14777,0,0,0,15,0.000628483,0,255,131.663,50.6042,0.5,39.5,130.5,234.5,255.5,369,749,0,255,28.5,77.5,135.5,-38.3704,38.4267,-34.125,34.625,2.69032,46716,2148,100,698
1706673545719870809,23853,23853,8940,14913,0,0,0,15,0.000628852,0,255,131.344,50.0646,3.5,44.5,130.5,231.5,255.5,211,913,0,255,28.5,80.5,150.5,-38.3798,38.4156,-34.625,34.625,2.78182,46740,2367,100,659
1706673545819702165,23758,23758,8894,14864,0,0,0,16,0.000673457,0,255,131.988,51.7773,2.5,44.5,129.5,255.5,255.5,200,1227,0,255,28.5,82.5,150.5,-38.4422,38.3438,-34.625,34.625,2.71052,46786,2590,100,623
1706673545919540174,23722,23722,8886,14836,0,0,0,13,0.000548015,0,255,130.555,52.6094,0.5,35.5,128.5,244.5,255.5,254,1069,0,255,28.5,84.5,150.5,-38.2948,38.4721,-34.625,34.625,2.7426,46842,2580,100,658
1706673546020183028,23678,23678,8908,14770,0,0,0,17,0.000717966,0,255,130.84,51.2511,0.5,38.5,128.5,236.5,255.5,275,997,0,255,28.5,80.5,150.5,-38.492,38.2325,-34.625,34.625,2.682,46896,2505,100,694
1706673546120030287,23689,23689,9037,14652,0,0,0,10,0.000422137,0,255,131.676,51.9462,3.5,44.5,129.5,251.5,255.5,175,1154,0,255,28.5,85.5,150.5,-38.1743,38.5006,-34.375,34.625,2.7426,46950,2678,100,620
1706673546219865958,23756,23756,9160,14596,0,0,0,18,0.000757703,0,255,131.827,52.7743,2.5,39.5,128.5,255.5,255.5,213,1320,0,255,28.5,86.5,150.5,-38.5147,38.1039,-34.125,34.375,2.89589,46996,2686,100,609
1706673546319705320,23808,23808,9085,14723,0,0,0,6,0.000252016,0,255,129.267,52.0635,0.5,36.5,127.5,245.5,255.5,349,1039,0,255,28.5,84.5,150.5,-38.0802,38.515,-34.125,34.125,3.37003,47028,2357,100,785
1706673546419549889,23870,23870,9089,14781,0,0,0,5,0.000209468,0,255,131.834,46.4093,5.5,57.5,129.5,220.5,255.5,161,779,0,255,30.5,77.5,150.5,-38.0566,38.1169,-34.125,34.125,2.86619,47053,2088,100,790
1706673546520199671,23909,23909,9079,14830,0,0,0,27,0.00112928,0,255,132.269,45.8974,3.5,56.5,130.5,215.5,255.5,178,695,0,255,30.5,68.5,124.5,-38.5126,38.0027,-35.125,33.875,2.95886,47067,1859,100,532
1706673546620041173,23900,23900,9066,14834,0,0,0,0,0,0,255,131.8,44.7456,5.5,60.5,129.5,214.5,255.5,164,645,0,255,30.5,66.5,136.5,-37.9301,38.5018,-34.125,34.125,2.86736,47084,1897,100,593
1706673546719870810,23881,23881,8991,14890,0,0,0,17,0.000711863,0,255,130.917,47.2274,7.5,50.5,128.5,220.5,255.5,130,712,0,255,30.5,76.5,150.5,-38.4938,38.248,-34.125,34.125,2.9244,47101,1842,100,749
1706673546819714048,23815,23815,9053,14762,0,0,0,14,0.000587865,0,255,128.474,49.739,2.5,43.5,125.5,231.5,255.5,225,907,0,255,28.5,83.5,150.5,-38.3017,38.4648,-34.125,34.625,2.93747,47130,2379,100,657
1706673546919557869,23790,23790,9019,14771,0,0,0,16,0.000672551,0,255,132.165,48.5346,5.5,49.5,129.5,230.5,255.5,144,756,0,255,28.5,81.5,150.5,-38.4338,38.3512,-34.625,34.625,2.93034,47185,2570,100,554
1706673547020207508,23768,23768,8882,14886,0,0,0,15,0.000631101,0,255,128.17,52.1433,2.5,32.5,126.5,232.5,255.5,194,957,0,255,28.5,79.5,150.5,-38.3939,38.3979,-34.625,34.625,3.07056,47244,2088,100,857
1706673547120035444,23765,23765,8854,14911,0,0,0,15,0.00063118,0,255,129.109,51.4406,2.5,39.5,125.5,240.5,255.5,191,1004,0,255,28.5,81.5,150.5,-38.3631,38.4206,-34.625,34.625,2.75447,47305,2367,100,724
1706673547219875586,23648,23648,8953,14695,0,0,0,17,0.000718877,0,255,131.174,51.573,2.5,37.5,128.5,236.5,255.5,214,898,0,255,28.5,82.5,150.5,-38.4558,38.3246,-34.625,34.625,3.00164,47397,2664,100,515
1706673547319733253,23648,23648,9015,14633,0,0,0,13,0.000549729,0,255,130.385,52.6562,0.5,32.5,127.5,237.5,255.5,319,898,0,255,28.5,82.5,150.5,-38.2642,38.4708,-34.375,34.625,2.98738,47456,2604,100,702
1706673547419577817,23585,23585,9068,14517,0,0,0,17,0.000720797,0,255,130.209,51.5517,2.5,37.5,126.5,241.5,255.5,217,988,0,255,28.5,81.5,150.5,-38.491,38.2147,-34.125,34.125,2.80438,47505,2711,100,840
1706673547520225822,23718,23718,9072,14646,0,0,0,0,0,0,255,128.076,51.9205,2.5,33.5,125.5,241.5,255.5,216,977,0,255,28.5,84.5,149.5,-37.974,38.5051,-33.875,34.125,2.80081,47561,2675,100,598
1706673547620069104,23833,23833,9083,14750,0,0,0,9,0.000377628,0,255,130.773,53.5453,0.5,40.5,125.5,255.5,255.5,261,1285,0,255,29.5,90.5,146.5,-38.1503,38.0321,-34.125,33.875,2.74497,47598,2560,100,683
1706673547719909466,23864,23864,9060,14804,0,0,0,17,0.00071237,0,255,133.043,54.6587,2.5,47.5,125.5,255.5,255.5,198,1645,0,255,29.5,91.5,128.5,-38.5067,38.0937,-34.125,34.125,2.7925,47622,2420,100,636
1706673547819750470,23901,23901,9078,14823,0,0,0,11,0.000460232,0,255,135.266,53.7345,3.5,58.5,126.5,255.5,255.5,190,1429,0,255,30.5,91.5,126.5,-38.1019,38.5118,-34.875,34.125,2.92913,47639,2215,100,607
1706673547919590570,23895,23895,9017,14878,0,0,0,18,0.000753296,0,255,135.239,52.5897,3.5,61.5,126.5,255.5,255.5,179,1547,0,255,30.5,90.5,124.5,-38.4949,38.179,-34.375,34.125,2.77703,47667,2146,100,574
1706673548019833613,23864,23864,8951,14913,0,0,0,13,0.000544754,0,255,131.448,53.6496,0.5,41.5,125.5,255.5,255.5,358,1381,0,255,29.5,87.5,119.5,-38.2576,38.4892,-34.125,34.625,2.84714,47694,2321,100,529
1706673548119676601,23842,23842,9029,14813,0,0,0,17,0.000713027,0,255,129.578,51.6209,0.5,43.5,124.5,248.5,255.5,282,1060,0,255,28.5,86.5,132.5,-38.4658,38.3005,-34.625,34.625,3.0135,47710,2315,100,509
1706673548219509831,23840,23840,9000,14840,0,0,0,15,0.000629195,0,255,128.989,51.9987,2.5,43.5,124.5,247.5,255.5,175,1067,0,255,28.5,86.5,140.5,-38.3384,38.4528,-34.625,34.625,2.90299,47734,2625,100,567
1706673548320141743,23803,23803,8885,14918,0,0,0,16,0.000672184,0,255,130.464,53.28,3.5,40.5,125.5,255.5,255.5,159,1203,0,255,28.5,89.5,142.5,-38.4165,38.3756,-34.625,34.625,2.82932,47765,2651,100,588
1706673548419960016,23804,23804,8902,14902,0,0,0,16,0.000672156,0,255,129.52,54.194,2.5,38.5,124.5,255.5,255.5,209,1476,0,255,29.5,97.5,143.5,-38.4166,38.3769,-34.625,34.625,2.89349,47804,2598,100,556
1706673548519780986,23823,23823,8992,14831,0,0,0,13,0.000545691,0,255,130.923,53.6373,2.5,42.5,124.5,255.5,255.5,224,1315,0,255,29.5,96.5,150.5,-38.3232,38.4495,-34.125,34.625,2.92557,47840,2503,100,616
1706673548619629818,23836,23836,9103,14733,0,0,0,17,0.000713207,0,255,131.948,54.8445,2.5,40.5,124.5,255.5,255.5,224,1423,0,255,28.5,99.5,147.5,-38.4803,38.2785,-34.125,34.125,2.93983,47883,2544,100,700
1706673548719880444,23844,23844,9163,14681,0,0,0,0,0,0,255,129.31,53.7428,2.5,38.5,123.5,255.5,255.5,168,1328,0,255,28.5,88.5,138.5,-37.8686,38.4903,-33.875,34.125,2.78179,47910,2497,100,534
1706673548819716140,23756,23756,9080,14676,0,0,0,11,0.000463041,0,255,127.651,53.1282,3.5,37.5,122.5,252.5,255.5,194,1163,0,255,28.5,91.5,138.5,-38.2155,37.9588,-33.875,33.875,2.94933,47970,2761,100,581
1706673548919559714,23761,23761,9054,14707,0,0,0,17,0.000715458,0,255,127.95,54.0869,2.5,35.5,123.5,255.5,255.5,192,1233,0,255,28.5,92.5,147.5,-38.5067,38.1519,-34.125,34.125,2.90774,48024,2871,100,560
1706673549020192188,23615,23615,9066,14549,0,0,0,12,0.000508152,0,255,127.09,54.1295,2.5,37.5,122.5,245.5,255.5,189,1002,0,255,27.5,91.5,150.5,-38.0993,38.5106,-34.375,34.125,2.79484,48076,2748,100,506
1706673549120023387,23735,23735,9040,14695,0,0,0,17,0.000716242,0,255,126.388,56.6088,0.5,19.5,123.5,253.5,255.5,287,1153,0,255,27.5,87.5,148.5,-38.5132,38.0889,-34.625,34.375,3.01349,48118,2876,100,510
1706673549219852631,23712,23712,9014,14698,0,0,0,9,0.000379555,0,255,127.937,56.6125,0.5,21.5,123.5,255.5,255.5,297,1371,0,255,27.5,89.5,150.5,-38.1355,38.5083,-34.375,34.625,2.77345,48162,2774,100,549
1706673549319689670,23729,23729,8913,14816,0,0,0,17,0.000716423,0,255,126.951,57.1475,0.5,18.5,123.5,255.5,255.5,304,1272,0,255,27.5,91.5,150.5,-38.4919,38.2119,-34.625,34.375,2.78177,48201,2979,100,544
1706673549419516050,23718,23718,9002,14716,0,0,0,13,0.000548107,0,255,127.842,55.9773,0.5,25.5,124.5,255.5,255.5,287,1218,0,255,27.5,89.5,150.5,-38.2774,38.4761,-34.625,34.625,2.77464,48241,2982,100,571
1706673549520145922,23595,23595,8927,14668,0,0,0,16,0.00067811,0,255,128.026,54.3148,1.5,33.5,124.5,243.5,255.5,235,995,0,255,27.5,90.5,150.5,-38.4583,38.3314,-34.625,34.625,2.81623,48300,2606,100,585
1706673549619982849,23782,23782,8897,14885,0,0,0,15,0.000630729,0,255,130.128,58.4524,0.5,30.5,124.5,255.5,255.5,270,1643,0,255,29.5,99.5,146.5,-38.3579,38.4334,-34.625,34.625,2.82574,48362,2676,100,571
1706673549719836683,23751,23751,8971,14780,0,0,0,15,0.000631552,0,255,129.812,57.1288,3.5,32.5,122.5,255.5,255.5,164,1452,0,255,29.5,96.5,138.5,-38.397,38.3987,-34.125,34.625,2.7485,48396,2323,100,764
1706673549819649257,23681,23681,9028,14653,0,0,0,17,0.000717875,0,255,126.835,56.731,0.5,29.5,121.5,253.5,255.5,263,1126,0,255,28.5,92.5,148.5,-38.4336,38.3618,-34.125,34.375,2.74612,48461,3015,100,558
1706673549919877348,23566,23566,9145,14421,0,0,0,0,0,0,255,127.01,57.163,0.5,28.5,122.5,255.5,255.5,340,1185,0,255,28.5,93.5,150.5,-37.7261,38.4675,-33.875,34.125,2.75682,48543,3037,100,534
1706673550019723447,23669,23669,9139,14530,0,0,0,13,0.000549242,0,255,128.545,59.9205,0.5,29.5,121.5,255.5,255.5,273,1454,0,255,29.5,99.5,150.5,-38.2988,37.8458,-34.125,33.875,2.84594,48602,2830,100,561
1706673550119552621,23734,23734,9037,14697,0,0,0,17,0.000716272,0,255,129.469,61.9906,0.5,28.5,121.5,255.5,255.5,284,1709,0,255,30.5,98.5,150.5,-38.493,38.231,-34.125,33.875,2.81742,48645,2794,100,659
1706673550220195601,23839,23839,8986,14853,0,0,0,11,0.000461429,0,255,128.325,59.9389,0.5,25.5,124.5,255.5,255.5,335,1280,0,255,30.5,91.5,150.5,-38.2107,38.5037,-34.625,34.125,2.77702,48671,2308,100,747
1706673550320046553,23859,23859,8969,14890,0,0,0,17,0.000712519,0,255,128.291,59.7079,0.5,20.5,125.5,255.5,255.5,452,1201,0,255,30.5,78.5,143.5,-38.5097,38.1485,-34.625,34.375,2.78413,48682,2097,100,839
1706673550419885764,23877,23877,8999,14878,0,0,0,11,0.000460694,0,255,127.934,58.6136,0.5,27.5,123.5,255.5,255.5,399,1248,0,255,31.5,76.5,138.5,-38.0938,38.5112,-34.625,34.625,2.98614,48695,1929,100,733
1706673550519722942,23899,23899,9008,14891,0,0,0,17,0.000711327,0,255,128.865,60.9347,0.5,22.5,125.5,255.5,255.5,426,1505,0,255,31.5,82.5,136.5,-38.5113,38.1005,-34.625,34.375,2.78413,48708,1884,100,743
1706673550619575659,23884,23884,8911,14973,0,0,0,11,0.000460559,0,255,127.891,59.7013,0.5,24.5,124.5,255.5,255.5,288,1370,0,255,31.5,88.5,145.5,-38.1916,38.5073,-34.375,34.625,2.73066,48719,1774,100,571
1706673550720199947,23878,23878,8967,14911,0,0,0,17,0.000711952,0,255,128.103,58.4016,0.5,24.5,128.5,255.5,255.5,341,1214,0,255,32.5,76.5,136.5,-38.478,38.2555,-34.625,34.625,2.76274,48729,1755,100,666
1706673550820041401,23935,23935,9002,14933,0,0,0,14,0.000584917,0,255,128.098,58.8361,0.5,25.5,128.5,253.5,255.5,279,1167,0,255,32.5,75.5,138.5,-38.3126,38.4571,-34.625,34.625,2.88038,48737,1664,100,718
1706673550919886322,23912,23912,8989,14923,0,0,0,17,0.00071094,0,255,128.685,59.1291,0.5,26.5,126.5,255.5,255.5,267,1279,0,255,32.5,77.5,149.5,-38.4321,38.3531,-34.125,34.625,2.96,48752,1783,100,755
1706673551019737391,23922,23922,9003,14919,0,0,0,15,0.000627038,0,255,126.298,58.1672,3.5,25.5,126.5,254.5,255.5,231,1184,0,255,33.5,77.5,133.5,-38.3722,38.4224,-34.125,34.125,2.85543,48765,1749,100,631
1706673551119571963,23910,23910,9096,14814,0,0,0,0,0,0,255,127.281,60.0939,2.5,23.5,126.5,255.5,255.5,232,1305,0,255,33.5,76.5,148.5,-37.558,38.4106,-33.625,34.125,2.81265,48774,1684,100,696
1706673551220213626,23859,23859,9110,14749,0,0,0,15,0.000628694,0,255,130.306,62.4544,3.5,22.5,128.5,255.5,255.5,204,1812,0,255,33.5,74.5,150.5,-38.3845,37.6376,-34.125,33.625,2.78651,48788,1614,100,525
1706673551320065009,23856,23856,9094,14762,0,0,0,16,0.000670691,0,255,124.21,59.4608,4.5,18.5,127.5,242.5,255.5,166,1042,0,255,34.5,72.5,150.5,-38.4384,38.3518,-34.125,34.125,2.81978,48805,1257,100,629
1706673551419919644,23762,23762,9004,14758,0,0,0,13,0.000547092,0,255,124.85,58.3703,5.5,19.5,126.5,245.5,255.5,146,1092,0,255,34.5,71.5,150.5,-38.2987,38.4717,-34.375,34.125,2.86493,48810,1030,100,647
1706673551519761772,23650,23650,8913,14737,0,0,0,17,0.000718816,0,255,125.91,56.598,6.5,26.5,128.5,234.5,255.5,118,897,0,255,35.5,73.5,150.5,-38.4907,38.2406,-34.625,34.625,2.71165,48819,1087,100,668
1706673551619581129,23565,23565,8858,14707,0,0,0,11,0.000466794,0,255,123.699,59.4121,5.5,20.5,126.5,245.5,255.5,140,1053,0,255,34.5,75.5,150.5,-38.2014,38.5024,-34.625,34.625,2.84591,48831,1140,100,669
1706673551720232746,23598,23598,8981,14617,0,0,0,17,0.0007204,0,255,125.483,60.1234,5.5,16.5,129.5,245.5,255.5,131,1078,0,255,35.5,79.5,150.5,-38.506,38.1397,-34.625,34.375,2.87086,48848,1056,100,641
1706673551820072304,23679,23679,9038,14641,0,0,0,12,0.000506778,0,255,125.648,59.6786,5.5,16.5,131.5,236.5,255.5,117,936,0,154,37.5,77.5,150.5,-38.0724,38.5134,-34.625,34.625,2.89819,48860,868,100,683
1706673551919910940,23793,23793,8952,14841,0,0,0,18,0.000756525,0,255,128.683,59.164,5.5,16.5,134.5,234.5,255.5,128,928,0,154,38.5,79.5,150.5,-38.5081,38.1144,-34.625,34.375,2.97899,48866,671,100,984
1706673552019753133,23859,23859,9003,14856,0,0,0,10,0.000419129,0,255,132.635,58.4033,6.5,20.5,136.5,250.5,255.5,97,1096,0,155,42.5,82.5,150.5,-38.182,38.4988,-34.375,34.375,2.84828,48871,498,100,1297
1706673552119581655,23909,23909,9001,14908,0,0,0,17,0.000711029,0,255,134.997,54.2354,6.5,26.5,137.5,235.5,255.5,59,884,0,154,45.5,83.5,149.5,-38.4768,38.2511,-34.125,34.875,2.81382,48871,372,100,1762
1706673552220207839,23925,23925,9055,14870,0,0,0,14,0.000585162,0,255,133.895,50.1662,9.5,34.5,138.5,214.5,255.5,28,652,0,154,48.5,87.5,150.5,-38.3119,38.4593,-34.125,34.125,3.08475,48874,272,100,1936
1706673552320054254,23912,23912,9075,14837,0,0,0,0,0,0,255,136.111,48.6724,9.5,41.5,137.5,231.5,255.5,12,964,0,154,49.5,83.5,150.5,-37.7197,38.3462,-33.875,34.125,2.92908,48876,192,100,1936
1706673552419889593,23936,23936,9133,14803,0,0,0,16,0.000668449,0,255,136.166,47.3495,7.5,46.5,136.5,219.5,255.5,25,802,0,154,49.5,82.5,138.5,-38.4426,37.6442,-34.125,33.625,2.79481,48881,134,100,2149
1706673552519726476,23880,23880,9070,14810,0,0,0,15,0.000628141,0,255,134.927,51.8272,5.5,21.5,136.5,232.5,255.5,14,1039,0,154,49.5,86.5,150.5,-38.3809,38.4075,-34.125,34.125,2.68549,48892,128,100,2101
1706673552619575480,23926,23926,9002,14924,0,0,0,15,0.000626933,0,255,135.348,50.9697,5.5,26.5,137.5,234.5,255.5,43,1103,0,153,51.5,87.5,150.5,-38.3569,38.4314,-34.625,34.125,2.66766,48896,139,100,2034
1706673552720213896,23904,23904,8962,14942,0,0,0,17,0.000711178,0,255,135.15,50.437,5.5,24.5,137.5,231.5,255.5,21,922,0,153,51.5,88.5,150.5,-38.4544,38.3161,-34.625,34.625,2.69381,48899,130,100,1964
1706673552820048831,23945,23945,8912,15033,0,0,0,12,0.000501148,0,255,135.636,49.289,4.5,27.5,138.5,221.5,255.5,35,660,0,153,51.5,89.5,150.5,-38.2725,38.4756,-34.375,34.625,2.75203,48901,120,100,2002
1706673552919888258,23977,23977,8882,15095,0,0,0,18,0.000750719,0,255,135.861,50.6061,4.5,24.5,137.5,231.5,255.5,92,1065,0,152,51.5,95.5,150.5,-38.4971,38.2175,-34.625,34.375,2.75083,48901,110,100,2011
1706673553019724677,23996,23996,9021,14975,0,0,0,9,0.000375063,3.00992,255,136.768,44.5242,9.5,59.5,137.5,217.5,255.5,0,888,1,152,50.5,87.5,150.5,-38.1459,38.5031,-34.375,34.625,2.78885,48901,93,93,1767
1706673553119562508,23996,23996,9038,14958,0,0,0,17,0.000708451,7.15972,255,137.715,41.2267,18.5,73.5,137.5,208.5,255.5,0,778,3,151,49.5,80.5,110.5,-38.5063,38.0695,-34.625,34.375,2.76271,48901,78,78,1656
1706673553220197994,23997,23997,9026,14971,0,0,0,8,0.000333375,10.1079,255,138.246,40.3439,26.5,80.5,136.5,211.5,255.5,0,755,4,151,48.5,80.5,100.5,-38.127,38.5049,-34.375,34.125,2.71875,48901,85,85,1821
1706673553320047940,23997,23997,9043,14954,0,0,0,17,0.000708422,9.50119,255,138.508,38.9032,29.5,80.5,136.5,202.5,255.5,0,544,4,151,45.5,79.5,103.5,-38.5046,38.1782,-34.125,34.875,2.68547,48901,105,100,2100
1706673553419892221,23999,23999,9030,14969,0,0,0,12,0.000500021,11.1464,255,138.458,38.1508,38.5,83.5,135.5,206.5,255.5,0,396,4,151,42.5,76.5,96.5,-38.2321,38.4907,-33.875,34.125,2.733,48901,122,100,2343
1706673553519741995,23999,23999,9043,14956,0,0,0,0,0,10.8817,255,138.042,37.8992,35.5,83.5,135.5,200.5,255.5,0,433,4,151,40.5,71.5,91.5,-37.8687,38.2784,-33.875,33.875,2.73182,48902,152,100,2441
1706673553619590110,23999,23999,9085,14914,0,0,0,16,0.000666694,10.7367,255,137.087,36.7609,43.5,83.5,134.5,198.5,255.5,0,414,5,158,39.5,68.5,91.5,-38.4691,37.7868,-34.125,33.875,2.61893,48902,202,100,2398
1706673553719837836,23999,23999,9133,14866,0,0,0,14,0.000583358,9.59478,255,136.885,35.1283,57.5,85.5,134.5,195.5,255.5,0,372,4,156,37.5,64.5,85.5,-38.324,38.4496,-34.125,34.125,2.61774,48902,274,100,2090
1706673553819689963,23996,23996,9040,14956,0,0,0,15,0.000625104,0,255,136.031,36.7101,38.5,83.5,133.5,196.5,255.5,8,264,0,159,36.5,65.5,84.5,-38.4306,38.3734,-34.625,34.125,2.62844,48902,455,100,1623
1706673553919526727,23935,23935,8912,15023,0,0,0,16,0.000668477,0,255,136.531,37.2265,47.5,84.5,133.5,202.5,255.5,1,282,0,255,33.5,61.5,81.5,-38.3998,38.392,-34.625,34.625,2.6831,48902,1015,100,758
1706673554020173926,23842,23842,8858,14984,0,0,0,14,0.000587199,0,255,135.2,40.0109,35.5,79.5,133.5,203.5,255.5,3,488,0,164,30.5,56.5,76.5,-38.3387,38.4388,-34.625,34.625,2.62012,48902,1496,100,540
1706673554120016047,23884,23884,8904,14980,0,0,0,16,0.000669905,0,255,133.9,39.0719,30.5,75.5,131.5,201.5,255.5,11,325,0,194,30.5,53.5,68.5,-38.4632,38.3115,-34.625,34.625,2.70922,48902,1637,100,596
1706673554219857979,23865,23865,8948,14917,0,0,0,13,0.000544731,0,255,133.334,38.6897,30.5,71.5,132.5,197.5,255.5,2,293,0,224,30.5,51.5,63.5,-38.2638,38.4777,-34.625,34.625,2.78409,48902,1832,100,607
1706673554319691570,23841,23841,9050,14791,0,0,0,17,0.000713057,0,255,133.683,37.5023,31.5,70.5,134.5,192.5,242.5,7,182,0,255,29.5,50.5,62.5,-38.5024,38.2056,-34.625,34.125,2.61892,48902,2016,100,697
1706673554419535080,23775,23775,9004,14771,0,0,0,10,0.00042061,0,255,132.496,43.1389,15.5,55.5,132.5,201.5,255.5,99,344,0,255,29.5,50.5,64.5,-38.1586,38.502,-34.375,34.125,2.72705,48903,2144,100,885
1706673554520183063,23757,23757,9072,14685,0,0,0,17,0.000715579,0,255,132.38,40.8615,16.5,58.5,133.5,195.5,248.5,125,229,0,209,28.5,47.5,60.5,-38.5025,38.0406,-34.125,34.125,3.15244,48903,2354,100,825
1706673554620027310,23713,23713,9085,14628,0,0,0,9,0.000379539,0,255,133.235,39.2243,24.5,63.5,134.5,195.5,255.5,51,277,0,222,28.5,47.5,60.5,-38.1335,38.5065,-34.125,35.125,2.88746,48903,2587,100,759
1706673554719855129,23663,23663,9046,14617,0,0,0,2,8.45201e-05,0,255,133.427,40.3082,13.5,67.5,133.5,199.5,255.5,133,304,0,255,28.5,46.5,58.5,-38.0065,38.1859,-34.125,33.875,2.97183,48904,2784,100,633
1706673554819701909,23596,23596,9008,14588,0,0,0,17,0.000720461,0,255,133.037,40.2598,10.5,63.5,133.5,200.5,251.5,189,219,0,255,28.5,47.5,60.5,-38.4969,37.9185,-34.125,33.875,2.88271,48905,2794,100,676
1706673554919532569,23678,23678,9014,14664,0,0,0,11,0.000464566,0,255,133.114,39.3646,21.5,64.5,133.5,196.5,255.5,32,315,0,161,28.5,46.5,60.5,-38.2468,38.485,-34.125,34.125,2.9041,48905,2717,100,709
1706673555020175539,23745,23745,9029,14716,0,0,0,16,0.000673826,0,255,132.771,39.1486,20.5,59.5,133.5,194.5,249.5,26,220,0,255,28.5,46.5,60.5,-38.4716,38.2964,-34.625,34.125,3.02649,48906,2554,100,778
1706673555120005703,23716,23716,8931,14785,0,0,0,14,0.000590319,0,255,133.168,39.3036,21.5,64.5,133.5,196.5,252.5,16,221,0,152,28.5,47.5,62.5,-38.3442,38.4422,-34.625,34.625,3.02055,48906,2292,100,781
1706673555219866070,23534,23534,8657,14877,0,0,0,0,0,0,255,132.898,39.4179,22.5,65.5,132.5,198.5,255.5,7,267,0,255,28.5,47.5,62.5,-37.2392,38.3815,-33.625,34.625,2.93024,48906,2054,100,745
1706673555319710400,22841,22841,8279,14562,0,0,0,0,0,0,255,132.939,40.5738,24.5,61.5,132.5,200.5,255.5,26,328,0,255,28.5,47.5,64.5,-33.7409,38.3783,-30.375,34.625,2.69853,48932,1920,100,847
1706673555419551042,22982,22982,8434,14548,0,0,0,0,0,0,255,132.702,41.2187,19.5,58.5,132.5,199.5,255.5,28,315,0,255,28.5,47.5,64.5,-34.4375,38.4404,-30.625,34.625,2.60228,48933,1913,100,793
1706673555520196394,23176,23176,8691,14485,0,0,0,0,0,0,255,133.006,40.4001,22.5,58.5,133.5,197.5,255.5,3,309,0,239,28.5,46.5,61.5,-35.9272,38.2799,-31.625,34.375,2.75793,48933,2094,100,703
1706673555620024134,23252,23252,8707,14545,0,0,0,0,0,3.96994,255,132.986,38.1176,22.5,66.5,133.5,194.5,255.5,0,293,0,209,28.5,46.5,60.5,-36.1441,38.495,-32.375,34.125,2.81378,48933,2146,100,845
1706673555719843631,23454,23454,8779,14675,0,0,0,0,0,0,255,132.338,39.5379,20.5,61.5,132.5,197.5,255.5,71,306,0,201,28.5,47.5,62.5,-36.1481,37.9621,-32.625,33.875,2.58682,48933,2154,100,812
1706673555819690973,23550,23550,8927,14623,0,0,0,0,0,0,255,133.396,38.58,22.5,67.5,133.5,196.5,255.5,10,296,0,244,28.5,46.5,62.5,-37.1809,38.1463,-33.125,34.125,2.6593,48934,2255,100,874
1706673555919534300,23686,23686,9047,14639,0,0,0,0,0,0,255,132.198,38.9962,24.5,61.5,132.5,194.5,255.5,19,256,0,255,28.5,46.5,60.5,-37.2802,38.5126,-33.625,35.125,2.7603,48934,2445,100,789
1706673556020158951,23669,23669,9015,14654,0,0,0,0,0,0,255,132.275,39.4348,20.5,64.5,133.5,194.5,255.5,89,316,0,166,28.5,46.5,60.5,-37.7052,38.0079,-33.875,34.125,2.74129,48934,2602,100,699
1706673556120006725,23656,23656,8989,14667,0,0,0,9,0.000380453,0,255,131.593,42.5581,7.5,56.5,132.5,203.5,255.5,158,336,0,255,28.5,46.5,61.5,-38.1685,38.5022,-34.125,34.125,2.77694,48934,2597,100,717
1706673556219848285,23630,23630,9015,14615,0,0,0,1,4.23191e-05,0,255,131.883,40.8436,15.5,56.5,133.5,195.5,255.5,61,265,0,248,28.5,47.5,63.5,-38.0241,38.2358,-34.375,34.125,2.88626,48935,2406,100,750
1706673556319681355,23653,23653,8969,14684,0,0,0,12,0.000507335,0,255,132.535,38.9951,19.5,65.5,132.5,195.5,255.5,42,251,0,255,28.5,47.5,60.5,-38.2738,38.4716,-34.625,34.625,2.99558,48936,2466,100,767
1706673556419512868,23606,23606,8787,14819,0,0,0,13,0.000550707,0,255,132.89,39.7261,23.5,63.5,132.5,198.5,255.5,67,309,0,255,28.5,47.5,60.5,-38.4364,38.35,-34.625,34.625,2.89576,48941,2579,100,688
1706673556520155965,23611,23611,8832,14779,0,0,0,12,0.000508238,0,255,132.555,40.1229,15.5,62.5,133.5,194.5,255.5,97,286,0,231,28.5,47.5,60.5,-38.3663,38.4191,-34.375,34.625,2.84111,48944,2577,100,830
1706673556619995660,23680,23680,8895,14785,0,0,0,15,0.000633446,0,255,133.104,39.1212,19.5,64.5,133.5,196.5,255.5,60,304,0,255,29.5,47.5,61.5,-38.3836,38.4082,-34.625,34.375,2.97419,48944,2626,100,692
1706673556719828533,23678,23678,8952,14726,0,0,0,14,0.000591266,0,255,132.963,39.9838,19.5,61.5,133.5,196.5,255.5,31,298,0,174,29.5,48.5,61.5,-38.4385,38.343,-34.625,34.375,2.88982,48951,2576,100,751
1706673556819662565,23696,23696,9116,14580,0,0,0,12,0.000506415,0,255,132.863,38.6751,20.5,68.5,133.5,194.5,255.5,35,290,0,255,29.5,48.5,63.5,-38.2926,38.4595,-34.125,34.125,2.92189,48951,2604,100,692
1706673556919902046,23688,23688,9019,14669,0,0,0,16,0.000675447,0,255,133.07,38.9037,23.5,64.5,133.5,195.5,255.5,44,238,0,255,28.5,47.5,60.5,-38.4883,37.8098,-34.125,33.875,2.81851,48951,2569,100,705
1706673557019741450,23676,23676,8998,14678,0,0,0,0,0,0,255,132.811,38.6807,22.5,65.5,133.5,193.5,255.5,35,303,0,255,29.5,48.5,62.5,-37.9186,38.2564,-33.875,34.125,2.7187,48951,2574,100,690
1706673557119578636,23677,23677,9002,14675,0,0,0,9,0.000380116,0,255,131.946,39.5189,17.5,61.5,133.5,195.5,247.5,108,222,0,246,28.5,47.5,60.5,-38.1838,38.5016,-33.875,34.125,3.21776,48951,2611,100,699
1706673557220219003,23634,23634,9027,14607,0,0,0,18,0.000761615,0,255,132.902,39.0589,22.5,66.5,133.5,195.5,255.5,60,318,0,165,29.5,47.5,60.5,-38.5146,38.1389,-34.125,34.375,2.92902,48953,2655,100,667
1706673557320047961,23640,23640,8986,14654,0,0,0,12,0.000507614,0,255,133.22,39.2844,21.5,65.5,133.5,195.5,255.5,56,244,0,255,28.5,47.5,60.5,-38.0773,38.5111,-34.375,34.125,2.95635,48954,2684,100,678
1706673557419884936,23587,23587,8975,14612,0,0,0,17,0.000720736,0,255,130.714,43.6004,4.5,43.5,132.5,196.5,255.5,210,288,0,255,28.5,46.5,60.5,-38.5096,38.1538,-34.625,34.375,2.92664,48956,2781,100,631
1706673557519715904,23488,23488,9008,14480,0,0,0,10,0.000425749,0,255,132.451,40.2116,18.5,57.5,133.5,195.5,255.5,23,250,0,175,28.5,45.5,58.5,-38.1558,38.5021,-34.375,34.625,2.73652,48971,2753,100,606
1706673557619555100,23427,23427,8897,14530,0,0,0,17,0.000725658,0,255,132.069,40.5756,19.5,60.5,132.5,200.5,255.5,31,273,0,157,28.5,46.5,59.5,-38.4988,38.2376,-34.625,34.625,2.75316,48981,2894,100,569
1706673557720198389,23268,23268,8897,14371,0,0,0,13,0.000558707,0,255,131.902,38.3299,20.5,64.5,132.5,191.5,255.5,14,255,0,255,28.5,45.5,58.5,-38.2982,38.4658,-34.625,34.625,2.74247,48981,2922,100,552
1706673557820047874,23015,23015,8931,14084,0,0,0,16,0.000695199,0,255,133.012,39.0912,18.5,63.5,133.5,194.5,255.5,47,266,0,255,28.5,45.5,58.5,-38.4404,38.335,-34.625,34.625,2.6985,49000,3148,100,477
1706673557919892339,22977,22977,8992,13985,0,0,0,15,0.000652827,0,255,132.625,39.097,26.5,63.5,132.5,198.5,255.5,17,274,0,255,28.5,45.5,58.5,-38.3938,38.4131,-34.625,34.375,2.79237,49022,3063,100,604
1706673558019728832,23223,23223,9045,14178,0,0,0,15,0.000645911,0,255,132.195,41.1862,4.5,58.5,132.5,195.5,255.5,225,317,0,166,28.5,45.5,58.5,-38.3744,38.418,-34.375,34.125,2.66998,49076,3062,100,493
1706673558119568828,22991,22991,9148,13843,0,0,0,17,0.00073942,0,255,131.963,38.5088,22.5,68.5,132.5,194.5,255.5,25,248,0,255,28.5,45.5,57.5,-38.4695,37.7085,-34.375,33.875,2.78998,49099,3099,100,514
1706673558220199988,23065,23065,9063,14002,0,0,0,0,0,0,255,131.732,40.2188,13.5,60.5,132.5,197.5,255.5,94,307,0,255,28.5,45.5,59.5,-37.7638,38.2856,-33.875,34.125,3.16546,49107,3147,100,492
1706673558320035456,23348,23348,9021,14327,0,0,0,13,0.000556793,0,255,132.074,38.3238,16.5,67.5,132.5,194.5,251.5,25,209,0,255,28.5,45.5,58.5,-38.2963,38.4745,-34.125,34.125,3.00862,49115,3187,100,568
1706673558419853602,23356,23356,8981,14375,0,0,0,17,0.000727864,0,255,131.694,38.7798,20.5,61.5,132.5,195.5,251.5,23,224,0,246,28.5,45.5,59.5,-38.5022,38.222,-34.375,34.875,2.83632,49116,3241,100,527
1706673558519696450,23347,23347,9009,14338,0,0,0,9,0.000385488,0,255,130.9,39.4597,15.5,62.5,131.5,194.5,255.5,51,267,0,255,28.5,45.5,59.5,-38.1442,38.5032,-34.625,34.625,2.80899,49116,3216,100,529
1706673558619539116,23354,23354,9007,14347,0,0,0,17,0.000727927,0,255,131.691,39.5389,15.5,59.5,132.5,195.5,255.5,43,266,0,255,28.5,45.5,59.5,-38.5181,38.0813,-34.625,34.375,2.77929,49116,3216,100,520
1706673558720182747,23296,23296,9048,14248,0,0,0,12,0.00051511,0,255,131.74,40.5563,15.5,63.5,132.5,197.5,255.5,101,341,0,255,28.5,45.5,60.5,-38.1083,38.5057,-34.625,34.625,2.72463,49120,3202,100,528
1706673558820026475,23235,23235,8936,14299,0,0,0,18,0.000774693,0,255,131.808,39.9187,17.5,63.5,132.5,197.5,255.5,41,258,0,255,28.5,45.5,59.5,-38.5043,38.1742,-34.625,34.625,3.03713,49122,3185,100,491
1706673558919877480,23223,23223,8885,14338,0,0,0,12,0.000516729,0,255,131.448,39.9746,19.5,58.5,132.5,195.5,255.5,78,238,0,255,28.5,45.5,58.5,-38.2355,38.4922,-34.625,34.625,2.72344,49123,3188,100,538
1706673559019716850,23133,23133,8930,14203,0,0,0,17,0.000734881,0,255,131.856,39.2212,20.5,61.5,132.5,195.5,255.5,36,244,0,255,28.5,45.5,59.5,-38.4818,38.2772,-34.625,34.625,2.81256,49128,3132,100,531
1706673559119552559,23046,23046,9010,14036,0,0,0,14,0.000607481,0,255,131.769,38.8565,23.5,64.5,132.5,195.5,255.5,36,241,0,255,28.5,45.5,59.5,-38.3304,38.4531,-34.625,34.375,2.84702,49128,3196,100,469
1706673559220197152,23139,23139,9090,14049,0,0,0,16,0.000691473,0,255,131.949,39.234,18.5,64.5,131.5,196.5,255.5,33,242,0,255,28.5,45.5,58.5,-38.4167,38.3684,-34.375,34.125,2.74958,49131,3137,100,515
1706673559320049998,23181,23181,9112,14069,0,0,0,16,0.00069022,0,255,132.266,38.3785,18.5,68.5,132.5,191.5,248.5,33,208,0,255,28.5,45.5,57.5,-38.4004,37.5937,-34.125,33.875,2.84939,49131,3151,100,509
1706673559419880822,23166,23166,9101,14065,0,0,0,0,0,0,255,131.606,39.3512,14.5,61.5,132.5,194.5,255.5,75,250,0,210,28.5,45.5,61.5,-37.6214,38.3937,-33.875,34.125,2.91948,49132,3166,100,469
1706673559519702808,23149,23149,9044,14105,0,0,0,14,0.000604778,0,255,131.594,40.0986,9.5,60.5,132.5,195.5,250.5,155,219,0,255,28.5,45.5,58.5,-38.3531,38.432,-34.125,34.375,2.95513,49132,3213,100,472
1706673559619542118,23204,23204,9010,14194,0,0,0,17,0.000732632,0,255,131.607,39.6591,18.5,60.5,132.5,196.5,255.5,72,276,0,165,28.5,45.5,59.5,-38.4598,38.3163,-34.375,34.625,2.90641,49132,3185,100,518
1706673559720186822,23183,23183,8963,14220,0,0,0,13,0.000560756,0,255,131.412,39.894,15.5,60.5,131.5,195.5,255.5,80,261,0,181,28.5,45.5,58.5,-38.2769,38.4726,-34.625,34.625,2.82086,49135,3152,100,534
1706673559820030170,23198,23198,8934,14264,0,0,0,17,0.000732822,0,255,131.665,39.6572,18.5,59.5,132.5,195.5,255.5,37,234,0,255,28.5,45.5,59.5,-38.4875,38.2169,-34.625,34.625,2.90404,49135,3142,100,482
1706673559919885227,23131,23131,8923,14208,0,0,0,9,0.000389088,0,255,131.494,39.7023,14.5,59.5,132.5,196.5,248.5,122,221,0,255,28.5,45.5,60.5,-38.1399,38.5074,-34.625,34.625,2.85294,49135,3196,100,468
1706673560019727316,23208,23208,9000,14208,0,0,0,18,0.000775595,0,255,131.516,39.3706,16.5,60.5,132.5,195.5,255.5,60,249,0,255,28.5,45.5,58.5,-38.5262,38.0813,-34.625,34.625,2.88265,49135,3119,100,487
1706673560119572112,23205,23205,8970,14235,0,0,0,12,0.00051713,0,255,131.953,39.4344,15.5,57.5,132.5,194.5,250.5,23,218,0,255,28.5,45.5,57.5,-38.1125,38.5114,-34.625,34.625,2.96345,49135,3132,100,507
1706673560220216749,23202,23202,8923,14279,0,0,0,18,0.000775795,0,255,132.095,40.5035,15.5,61.5,132.5,195.5,255.5,63,313,0,255,28.5,45.5,60.5,-38.509,38.1771,-34.625,34.625,2.88027,49136,3119,100,446
1706673560320065113,23145,23145,8967,14178,0,0,0,12,0.000518471,0,255,131.724,40.2822,15.5,58.5,132.5,195.5,255.5,42,266,0,255,28.5,45.5,58.5,-38.2299,38.4876,-34.625,34.125,2.72461,49136,3160,100,481
1706673560419913469,23182,23182,9018,14164,0,0,0,17,0.000733328,0,255,131.371,40.1439,15.5,61.5,131.5,195.5,255.5,49,308,0,255,28.5,45.5,59.5,-38.4734,38.285,-34.125,34.125,2.84225,49136,3144,100,482
1706673560519755696,23196,23196,9138,14058,0,0,0,14,0.000603552,0,255,131.794,38.6675,17.5,61.5,132.5,192.5,252.5,59,231,0,171,28.5,45.5,58.5,-38.3227,37.7655,-34.125,33.875,2.80541,49137,3131,100,450
1706673560619593709,23178,23178,9103,14075,0,0,0,0,0,0,255,131.846,40.1889,17.5,58.5,132.5,197.5,255.5,91,248,0,255,28.5,45.5,59.5,-37.6764,38.4538,-33.875,34.125,2.7258,49138,3147,100,502
1706673560719824175,23174,23174,9035,14139,0,0,0,16,0.000690429,0,255,132.382,39.7099,17.5,64.5,132.5,195.5,255.5,72,286,0,255,28.5,45.5,57.5,-38.4227,38.3652,-34.125,34.375,2.85055,49138,3137,100,459
1706673560819662278,23137,23137,8956,14181,0,0,0,16,0.000691533,0,255,132.151,39.2583,17.5,61.5,132.5,196.5,255.5,24,242,0,255,28.5,45.5,59.5,-38.4105,38.3877,-34.375,34.625,2.84342,49138,3239,100,499
1706673560919886086,23145,23145,8928,14217,0,0,0,15,0.000648088,0,255,130.983,39.7069,18.5,62.5,131.5,196.5,255.5,72,287,0,255,28.5,45.5,59.5,-38.3576,38.4393,-34.625,34.625,2.81134,49138,3153,100,494
1706673561019722833,23205,23205,8974,14231,0,0,0,16,0.000689507,0,255,131.63,40.19,14.5,58.5,132.5,196.5,255.5,90,244,0,255,28.5,45.5,58.5,-38.4704,38.3048,-34.625,34.625,2.75312,49139,3096,100,499
1706673561119562742,23177,23177,8975,14202,0,0,0,12,0.000517755,0,255,131.855,39.1631,17.5,60.5,132.5,195.5,247.5,56,193,0,163,28.5,45.5,58.5,-38.2701,38.4795,-34.625,34.625,2.85055,49139,3119,100,488
1706673561220203127,23119,23119,8899,14220,0,0,0,17,0.000735326,0,255,132.113,40.4844,16.5,61.5,132.5,198.5,255.5,69,236,0,255,28.5,45.5,58.5,-38.491,38.2015,-34.625,34.625,2.80777,49140,3137,100,451
1706673561320042942,23177,23177,8980,14197,0,0,0,10,0.000431462,0,255,131.976,39.1184,20.5,63.5,132.5,198.5,250.5,51,212,0,206,28.5,45.5,58.5,-38.1417,38.5106,-34.375,34.625,2.93848,49140,3157,100,511
1706673561419885686,23203,23203,9021,14182,0,0,0,18,0.000775762,0,255,132.04,39.9159,16.5,62.5,131.5,197.5,255.5,19,287,0,255,28.5,45.5,60.5,-38.4956,38.087,-34.875,34.375,3.26286,49140,3128,100,433
1706673561519725939,23208,23208,9010,14198,0,0,0,13,0.000560152,0,255,131.442,40.5975,14.5,54.5,132.5,195.5,255.5,63,246,0,255,28.5,45.5,60.5,-38.096,38.5094,-34.375,34.125,2.8054,49140,3175,100,494
1706673561619569239,23169,23169,9019,14150,0,0,0,17,0.000733739,0,255,131.627,40.0261,14.5,60.5,132.5,194.5,255.5,74,251,0,255,28.5,45.5,59.5,-38.4982,38.1703,-34.375,34.125,2.82679,49140,3164,100,471
1706673561720209573,23192,23192,9077,14115,0,0,0,11,0.000474301,0,255,132.153,39.9926,17.5,64.5,132.5,199.5,255.5,35,265,0,255,28.5,45.5,58.5,-38.2366,37.9348,-34.125,33.875,2.8054,49142,3157,100,450
1706673561820045776,23189,23189,9122,14067,0,0,0,0,0,0,255,131.869,40.1156,14.5,59.5,132.5,196.5,255.5,32,272,0,255,28.5,45.5,58.5,-37.8587,38.4935,-33.875,34.125,2.9064,49142,3130,100,470
1706673561919898100,23174,23174,9078,14096,0,0,0,17,0.000733581,0,255,132.292,39.4082,16.5,62.5,132.5,195.5,252.5,29,221,0,238,28.5,45.5,58.5,-38.4801,38.2816,-34.125,34.375,2.77569,49142,3126,100,524
1706673562019744656,23165,23165,8941,14224,0,0,0,14,0.00060436,0,255,132.032,39.4044,12.5,59.5,133.5,196.5,255.5,31,235,0,255,28.5,45.5,58.5,-38.3309,38.451,-34.375,34.625,2.88263,49142,3162,100,485
1706673562119566774,23143,23143,8868,14275,0,0,0,16,0.000691354,0,255,132.282,40.9327,14.5,62.5,131.5,200.5,255.5,91,296,0,232,28.5,45.5,59.5,-38.4359,38.3718,-34.625,34.625,2.77924,49142,3201,100,495
1706673562220221336,23195,23195,8875,14320,0,0,0,15,0.000646691,0,255,131.405,40.1688,17.5,56.5,132.5,193.5,255.5,73,332,0,255,28.5,45.5,59.5,-38.4244,38.3801,-34.625,34.625,2.73171,49142,3120,100,484
1706673562320059999,23147,23147,8969,14178,0,0,0,14,0.00060483,0,255,131.999,40.1133,17.5,61.5,132.5,198.5,255.5,56,285,0,160,28.5,45.5,59.5,-38.3365,38.4454,-34.625,34.625,2.75786,49142,3125,100,450
1706673562419892219,23205,23205,9020,14185,0,0,0,16,0.000689507,0,255,132.056,39.715,15.5,60.5,132.5,194.5,255.5,103,278,0,255,28.5,45.5,58.5,-38.4765,38.2878,-34.625,34.625,2.77449,49142,3156,100,525
1706673562519740253,23075,23075,8942,14133,0,0,0,12,0.000520043,0,255,131.061,39.696,16.5,58.5,132.5,193.5,254.5,31,230,0,193,28.5,45.5,58.5,-38.2472,38.4881,-34.375,34.625,2.74241,49142,3163,100,444
1706673562619575024,23150,23150,8988,14162,0,0,0,17,0.000734341,0,255,131.901,39.7258,16.5,65.5,132.5,196.5,255.5,34,249,0,255,28.5,45.5,59.5,-38.5015,38.1778,-34.125,34.375,2.77211,49143,3135,100,558
1706673562720219720,23178,23178,9041,14137,0,0,0,8,0.000345155,0,255,131.324,39.9878,14.5,58.5,132.5,195.5,254.5,72,231,0,255,28.5,45.5,58.5,-38.1165,38.5082,-34.625,34.125,2.70438,49143,3162,100,482
1706673562820064334,23142,23142,9038,14104,0,0,0,18,0.000777807,0,255,131.15,39.7678,16.5,58.5,132.5,195.5,249.5,50,218,0,255,28.5,45.5,59.5,-38.5083,38.0758,-34.125,34.125,2.78756,49143,3164,100,457
1706673562919910924,23077,23077,9058,14019,0,0,0,9,0.000389999,0,255,131.913,39.8339,14.5,60.5,132.5,195.5,255.5,96,246,0,255,28.5,45.5,58.5,-38.1573,38.0484,-34.125,34.125,2.86836,49144,3187,100,480
1706673563019746885,23093,23093,9090,14003,0,0,0,0,0,0,255,131.877,40.1149,15.5,59.5,132.5,197.5,255.5,91,289,0,255,28.5,45.5,58.5,-37.9818,38.509,-34.125,34.125,2.85172,49144,3156,100,446
1706673563119591015,23072,23072,9069,14003,0,0,0,17,0.000736824,0,255,131.7,39.6356,21.5,58.5,132.5,196.5,255.5,40,270,0,255,28.5,45.5,60.5,-38.5024,38.2057,-34.125,34.375,2.87192,49144,3163,100,466
1706673563219840633,23049,23049,8982,14067,0,0,0,12,0.00052063,0,255,131.147,40.0457,17.5,57.5,131.5,196.5,255.5,51,250,0,255,28.5,45.5,60.5,-38.2638,38.4826,-34.375,34.625,2.91945,49144,3129,100,454
1706673563319676946,23042,23042,8907,14135,0,0,0,16,0.000694384,0,255,132.064,40.3706,15.5,61.5,132.5,197.5,254.5,95,226,0,255,28.5,45.5,59.5,-38.4439,38.3181,-34.625,34.625,2.78281,49144,3128,100,459
1706673563419510715,23032,23032,8822,14210,0,0,0,15,0.000651268,0,255,131.317,40.3707,16.5,58.5,132.5,196.5,255.5,40,282,0,244,28.5,45.5,58.5,-38.3708,38.4277,-34.625,34.625,2.93251,49144,3146,100,472
1706673563520145926,23087,23087,8878,14209,0,0,0,16,0.000693031,0,255,131.599,39.0319,16.5,61.5,132.5,192.5,255.5,6,277,0,176,28.5,45.5,59.5,-38.4023,38.404,-34.625,34.625,2.99192,49144,3095,100,502
1706673563619990732,23073,23073,8986,14087,0,0,0,16,0.000693451,0,255,131.933,39.7909,17.5,60.5,131.5,195.5,255.5,83,246,0,255,28.5,45.5,59.5,-38.4383,38.3591,-34.625,34.625,2.89686,49144,3116,100,496
1706673563719831370,23043,23043,9041,14002,0,0,0,13,0.000564163,0,255,131.667,40.1368,14.5,62.5,131.5,199.5,255.5,29,279,0,159,28.5,45.5,59.5,-38.3244,38.4602,-34.375,34.625,2.94914,49145,3195,100,450
1706673563819676655,23054,23054,8961,14093,0,0,0,17,0.000737399,0,255,131.12,40.9395,8.5,57.5,131.5,196.5,255.5,76,269,0,255,28.5,45.5,60.5,-38.4735,38.2655,-34.125,34.375,2.93013,49145,3173,100,510
1706673563919519838,23078,23078,9014,14064,0,0,0,0,0,0,255,131.372,40.0363,14.5,58.5,132.5,196.5,255.5,63,236,0,255,28.5,45.5,58.5,-37.8748,38.4911,-34.125,34.125,2.94201,49145,3181,100,483
1706673564020162978,23085,23085,9012,14073,0,0,0,18,0.000779727,0,255,131.514,39.7646,18.5,59.5,131.5,197.5,255.5,56,268,0,223,28.5,45.5,59.5,-38.503,37.953,-34.375,34.125,2.96578,49145,3132,100,453
1706673564120004606,22982,22982,9015,13967,0,0,0,5,0.000217562,0,255,130.994,39.799,17.5,56.5,131.5,194.5,255.5,15,237,0,255,28.5,45.5,60.5,-38.0255,38.1572,-34.125,34.125,2.89448,49145,3210,100,486
1706673564219826215,22947,22947,9000,13947,0,0,0,7,0.000305051,0,255,131.166,40.4178,14.5,57.5,132.5,197.5,255.5,33,257,0,255,28.5,45.5,59.5,-38.0961,38.5139,-34.125,34.125,2.87072,49145,3199,100,471
1706673564319673730,22982,22982,9069,13913,0,0,0,18,0.000783222,0,255,131.828,40.4206,14.5,55.5,132.5,196.5,255.5,44,283,0,163,28.5,45.5,58.5,-38.5082,38.1041,-34.125,34.375,2.8125,49145,3135,100,466
1706673564419498162,22949,22949,8958,13991,0,0,0,10,0.000435749,0,255,131.38,40.2757,15.5,57.5,131.5,198.5,255.5,35,277,0,255,28.5,45.5,58.5,-38.1747,38.5031,-34.375,34.625,2.85527,49145,3131,100,480
1706673564520130287,23048,23048,8866,14182,0,0,0,17,0.000737591,0,255,131.993,39.8442,16.5,59.5,132.5,197.5,255.5,29,237,0,255,28.5,45.5,59.5,-38.4835,38.2266,-34.625,34.625,3.96625,49145,3134,100,487
1706673564619962320,22957,22957,8826,14131,0,0,0,13,0.000566276,0,255,131.068,40.2239,17.5,59.5,132.5,196.5,255.5,58,243,0,255,28.5,45.5,60.5,-38.278,38.4702,-34.625,34.625,3.04182,49146,3196,100,487
1706673564719813456,23064,23064,8874,14190,0,0,0,16,0.000693722,0,255,132.253,39.9068,14.5,62.5,132.5,199.5,255.5,75,267,0,223,28.5,45.5,59.5,-38.4552,38.3246,-34.625,34.625,2.69604,49146,3068,100,493
1706673564819642229,23092,23092,8942,14150,0,0,0,14,0.000606271,0,255,132.403,39.9126,17.5,59.5,132.5,197.5,255.5,47,255,0,255,28.5,45.5,57.5,-38.3698,38.4242,-34.625,34.625,2.81486,49146,3147,100,500
1706673564919882093,23135,23135,9075,14060,0,0,0,16,0.000691593,0,255,131.242,40.3688,12.5,58.5,131.5,196.5,255.5,88,330,0,255,28.5,45.5,58.5,-38.3905,38.4073,-34.375,34.625,2.85288,49146,3166,100,454
1706673565019703581,23105,23105,9007,14098,0,0,0,16,0.000692491,0,255,132.184,39.3115,16.5,64.5,132.5,195.5,244.5,47,198,0,255,28.5,45.5,59.5,-38.4401,38.344,-34.375,34.375,2.78634,49146,3190,100,506
1706673565119532449,23187,23187,9039,14148,0,0,0,0,0,0,255,131.504,41.7558,10.5,53.5,132.5,200.5,255.5,70,323,0,175,28.5,45.5,61.5,-37.7454,38.4663,-33.875,34.125,2.91111,49146,3169,100,519
1706673565220172330,23163,23163,9060,14103,0,0,0,30,0.00129517,0,255,130.756,39.6824,17.5,60.5,131.5,194.5,255.5,92,234,0,162,28.5,45.5,58.5,-38.4843,37.8278,-35.125,33.875,2.80773,49146,3147,100,468
1706673565320015106,23168,23168,9041,14127,0,0,0,0,0,0,255,131.603,39.7296,17.5,61.5,132.5,194.5,253.5,39,229,0,255,28.5,45.5,58.5,-37.9107,38.2489,-34.125,34.125,2.79822,49146,3193,100,489
1706673565419848890,23127,23127,9007,14120,0,0,0,10,0.000432395,0,255,131.592,39.5866,16.5,61.5,132.5,195.5,255.5,96,252,0,255,28.5,45.5,58.5,-38.2026,38.4944,-34.125,34.375,2.76377,49146,3134,100,459
1706673565519672103,23156,23156,8989,14167,0,0,0,17,0.000734151,0,255,131.223,40.4745,14.5,59.5,132.5,196.5,255.5,129,247,0,255,28.5,45.5,59.5,-38.5082,38.1373,-34.375,34.625,2.74119,49146,3215,100,484
1706673565619508439,23161,23161,9128,14033,0,0,0,13,0.000561288,0,255,131.524,39.6841,15.5,60.5,131.5,196.5,247.5,81,209,0,255,28.5,45.5,60.5,-38.0644,38.5109,-34.375,34.625,2.67584,49146,3198,100,513
1706673565720153288,23159,23159,8894,14265,0,0,0,17,0.000734056,0,255,131.321,39.6415,16.5,60.5,131.5,196.5,255.5,29,271,0,255,28.5,45.5,59.5,-38.5067,38.1257,-34.625,34.625,2.83981,49146,3119,100,460
1706673565819990339,23153,23153,8834,14319,0,0,0,10,0.000431909,0,255,131.761,40.3656,17.5,59.5,132.5,198.5,255.5,54,296,0,255,28.5,45.5,60.5,-38.1924,38.5007,-34.625,34.625,2.6592,49146,3138,100,503
1706673565919826120,23085,23085,8832,14253,0,0,0,17,0.000736409,0,255,131.815,40.2665,17.5,59.5,132.5,197.5,255.5,59,262,0,255,28.5,45.5,58.5,-38.4826,38.2477,-34.625,34.625,2.69366,49146,3166,100,451
1706673566019674501,23155,23155,8969,14186,0,0,0,14,0.000604621,0,255,132.069,40.3271,15.5,56.5,132.5,194.5,255.5,87,313,0,255,28.5,45.5,58.5,-38.305,38.4648,-34.625,34.625,2.8089,49146,3163,100,467
1706673566119508222,23142,23142,9037,14105,0,0,0,16,0.000691384,0,255,132.469,39.7497,15.5,63.5,132.5,197.5,255.5,20,241,0,255,28.5,45.5,58.5,-38.4438,38.3391,-34.375,34.625,2.79227,49146,3116,100,475
1706673566220140046,23182,23182,9065,14117,0,0,0,15,0.000647054,0,255,132.553,40.0155,14.5,63.5,132.5,198.5,255.5,77,246,0,255,28.5,45.5,57.5,-38.3907,38.4114,-34.125,34.375,2.72573,49146,3148,100,460
1706673566319976124,23088,23088,9010,14078,0,0,0,0,0,0,255,131.063,41.0843,13.5,54.5,131.5,197.5,255.5,64,281,0,255,28.5,45.5,60.5,-37.5585,38.4173,-33.875,34.125,2.79227,49146,3231,100,505
1706673566419811455,23132,23132,9033,14099,0,0,0,15,0.000648452,0,255,131.767,40.5654,14.5,58.5,131.5,197.5,255.5,98,285,0,255,28.5,45.5,59.5,-38.3863,37.667,-34.125,33.875,2.85525,49146,3134,100,530
1706673566519641490,23103,23103,9062,14041,0,0,0,16,0.000692551,0,255,132.014,40.757,14.5,57.5,132.5,198.5,255.5,127,249,0,162,28.5,45.5,58.5,-38.4633,38.335,-34.625,34.125,2.86594,49147,3150,100,542
1706673566619872970,23080,23080,9021,14059,0,0,0,13,0.000563258,0,255,131.662,39.2831,18.5,60.5,131.5,196.5,254.5,10,225,0,161,28.5,45.5,58.5,-38.2778,38.4767,-34.125,34.375,2.8196,49147,3133,100,498
1706673566719727126,23048,23048,8908,14140,0,0,0,17,0.000737591,0,255,132.007,39.93,17.5,57.5,132.5,197.5,248.5,32,221,0,255,28.5,45.5,59.5,-38.487,38.2231,-34.375,34.625,2.75543,49147,3155,100,466
1706673566819568920,23063,23063,8968,14095,0,0,0,9,0.000390235,0,255,132.041,39.9866,19.5,61.5,132.5,198.5,255.5,61,253,0,196,28.5,45.5,60.5,-38.1631,38.5033,-34.625,34.625,2.76494,49147,3213,100,455
1706673566920210667,23094,23094,8942,14152,0,0,0,17,0.000736122,0,255,131.271,40.6048,14.5,55.5,132.5,197.5,255.5,46,270,0,247,28.5,45.5,59.5,-38.5081,38.0942,-34.625,34.625,2.69246,49147,3161,100,482
1706673567020052044,22927,22927,8821,14106,0,0,0,10,0.000436167,0,255,131.707,40.0101,16.5,60.5,132.5,197.5,255.5,36,276,0,255,28.5,45.5,60.5,-38.1009,38.5077,-34.625,34.625,2.73642,49147,3119,100,486
1706673567119886875,22892,22892,8788,14104,0,0,0,17,0.000742618,0,255,131.418,40.1589,15.5,61.5,131.5,196.5,255.5,34,261,0,255,28.5,45.5,60.5,-38.4973,38.1759,-34.625,34.625,2.75187,49147,3111,100,435
1706673567219731339,22832,22832,8812,14020,0,0,0,11,0.00048178,0,255,132.022,40.058,15.5,58.5,132.5,194.5,255.5,38,238,0,255,28.5,45.5,57.5,-38.2353,38.4939,-34.625,34.625,2.78632,49147,3188,100,496
1706673567319575887,22964,22964,8956,14008,0,0,0,17,0.000740289,0,255,132.447,39.2609,17.5,69.5,132.5,195.5,255.5,67,256,0,255,28.5,45.5,59.5,-38.4708,38.2748,-34.375,34.625,2.91939,49147,3126,100,481
1706673567420209994,22932,22932,9118,13814,0,0,0,14,0.000610501,0,255,131.314,40.4133,14.5,60.5,131.5,196.5,254.5,51,226,0,255,28.5,45.5,59.5,-38.3227,38.4544,-34.125,34.375,2.77324,49147,3138,100,473
1706673567520046664,22958,22958,8984,13974,0,0,0,0,0,0,255,131.824,40.4299,17.5,59.5,132.5,199.5,255.5,15,363,0,180,28.5,45.5,60.5,-37.6757,38.3726,-33.875,34.125,2.71978,49147,3193,100,491
1706673567619887652,22870,22870,8950,13920,0,0,0,16,0.000699606,0,255,132.058,40.7655,16.5,59.5,131.5,199.5,255.5,50,307,0,255,28.5,45.5,59.5,-38.4177,37.5819,-34.375,33.875,2.72334,49147,3141,100,511
1706673567719721891,22766,22766,8918,13848,0,0,0,16,0.000702802,0,255,131.377,40.6421,14.5,55.5,132.5,198.5,255.5,110,311,0,190,28.5,45.5,60.5,-38.4037,38.3939,-34.375,34.375,2.80414,49147,3164,100,493
1706673567819562650,22850,22850,8979,13871,0,0,0,15,0.000656455,0,255,132.032,40.2439,14.5,60.5,131.5,197.5,255.5,110,261,0,255,28.5,45.5,61.5,-38.3504,38.43,-34.875,34.375,2.7673,49149,3127,100,479
1706673567920201124,22765,22765,8941,13824,0,0,0,16,0.000702833,0,255,131.852,40.3931,16.5,61.5,132.5,198.5,255.5,81,305,0,182,28.5,45.5,61.5,-38.4707,38.3115,-34.375,34.625,2.68413,49149,3141,100,513
1706673568020057527,22826,22826,8852,13974,0,0,0,13,0.000569526,0,255,131.315,40.2135,18.5,59.5,131.5,194.5,255.5,30,340,0,171,28.5,45.5,61.5,-38.2628,38.4854,-34.625,34.625,2.72096,49149,3197,100,491
1706673568119889874,22768,22768,8874,13894,0,0,0,18,0.000790583,0,255,131.458,40.2833,14.5,58.5,131.5,196.5,255.5,86,273,0,255,28.5,45.5,60.5,-38.4991,38.2027,-34.625,34.625,2.78275,49149,3147,100,480
1706673568219741552,22813,22813,8830,13983,0,0,0,8,0.000350677,0,255,131.493,40.0906,15.5,61.5,132.5,196.5,255.5,95,262,0,255,28.5,45.5,62.5,-38.1332,38.5095,-34.625,34.625,2.69126,49149,3126,100,501
1706673568319582325,22790,22790,8852,13938,0,0,0,17,0.000745941,0,255,132.093,40.1329,16.5,60.5,131.5,197.5,255.5,59,238,0,255,28.5,45.5,59.5,-38.5079,38.0621,-34.875,34.625,2.88018,49149,3109,100,455
1706673568420217816,22756,22756,8821,13935,0,0,0,9,0.0003955,0,255,131.407,40.3168,14.5,57.5,132.5,196.5,255.5,54,253,0,255,28.5,45.5,58.5,-38.1365,38.5075,-34.625,34.625,2.72453,49149,3209,100,439
1706673568520075833,22968,22968,8935,14033,0,0,0,17,0.00074016,0,255,131.857,39.5675,15.5,60.5,132.5,195.5,255.5,83,269,0,255,28.5,45.5,59.5,-38.5073,38.1929,-34.375,34.625,2.77204,49149,3135,100,476
1706673568619925434,22805,22805,8992,13813,0,0,0,12,0.0005262,0,255,131.163,40.3774,14.5,59.5,132.5,197.5,255.5,46,299,0,255,28.5,45.5,61.5,-38.2444,38.4828,-34.125,34.125,2.70075,49150,3139,100,465
